sample_id,relative_path,v39_partition,v40_partition,moved_relative_to_v39,gt_box_count,v40_component_id,original_component_id
frame_00000,data/images/frame_00000.npy,TRAIN,TRAIN,no,1,v40c_00001,orig_singleton_frame_00000
frame_00001,data/images/frame_00001.npy,TRAIN,TRAIN,no,1,v40c_00002,orig_singleton_frame_00001
frame_00002,data/images/frame_00002.npy,TRAIN,TRAIN,no,1,v40c_00003,orig_rule_00003
frame_00003,data/images/frame_00003.npy,TRAIN,TRAIN,no,1,v40c_00003,orig_rule_00003
frame_00004,data/images/frame_00004.npy,TRAIN,TRAIN,no,1,v40c_00004,orig_singleton_frame_00004
frame_00005,data/images/frame_00005.npy,TRAIN,TRAIN,no,1,v40c_00005,orig_singleton_frame_00005
frame_00006,data/images/frame_00006.npy,TRAIN,TRAIN,no,1,v40c_00006,orig_singleton_frame_00006
frame_00007,data/images/frame_00007.npy,TRAIN,TRAIN,no,1,v40c_00007,orig_singleton_frame_00007
frame_00008,data/images/frame_00008.npy,TRAIN,TRAIN,no,1,v40c_00008,orig_singleton_frame_00008
frame_00009,data/images/frame_00009.npy,TRAIN,TRAIN,no,1,v40c_00009,orig_rule_00009
frame_00010,data/images/frame_00010.npy,TRAIN,TRAIN,no,1,v40c_00009,orig_rule_00009
frame_00011,data/images/frame_00011.npy,TRAIN,TRAIN,no,1,v40c_00009,orig_rule_00009
frame_00012,data/images/frame_00012.npy,TRAIN,TRAIN,no,1,v40c_00010,orig_singleton_frame_00012
frame_00013,data/images/frame_00013.npy,TRAIN,TRAIN,no,1,v40c_00011,orig_singleton_frame_00013
frame_00014,data/images/frame_00014.npy,TRAIN,TRAIN,no,1,v40c_00012,orig_rule_00012
frame_00015,data/images/frame_00015.npy,TRAIN,TRAIN,no,0,v40c_00012,orig_rule_00012
frame_00016,data/images/frame_00016.npy,TRAIN,TRAIN,no,0,v40c_00013,orig_rule_00013
frame_00017,data/images/frame_00017.npy,TRAIN,TRAIN,no,0,v40c_00013,orig_rule_00013
frame_00018,data/images/frame_00018.npy,TRAIN,TRAIN,no,0,v40c_00013,orig_rule_00013
frame_00019,data/images/frame_00019.npy,TRAIN,TRAIN,no,0,v40c_00013,orig_rule_00013
frame_00020,data/images/frame_00020.npy,TRAIN,TRAIN,no,0,v40c_00013,orig_rule_00013
frame_00021,data/images/frame_00021.npy,TRAIN,TRAIN,no,0,v40c_00014,orig_singleton_frame_00021
frame_00022,data/images/frame_00022.npy,TRAIN,TRAIN,no,0,v40c_00015,orig_singleton_frame_00022
frame_00023,data/images/frame_00023.npy,TRAIN,TRAIN,no,0,v40c_00016,orig_rule_00016
frame_00024,data/images/frame_00024.npy,TRAIN,TRAIN,no,0,v40c_00016,orig_rule_00016
frame_00025,data/images/frame_00025.npy,TRAIN,TRAIN,no,0,v40c_00017,orig_singleton_frame_00025
frame_00026,data/images/frame_00026.npy,TRAIN,TRAIN,no,0,v40c_00018,orig_singleton_frame_00026
frame_00027,data/images/frame_00027.npy,TRAIN,TRAIN,no,0,v40c_00019,orig_rule_00019
frame_00028,data/images/frame_00028.npy,TRAIN,TRAIN,no,0,v40c_00019,orig_rule_00019
frame_00029,data/images/frame_00029.npy,TRAIN,TRAIN,no,0,v40c_00020,orig_singleton_frame_00029
frame_00030,data/images/frame_00030.npy,TRAIN,TRAIN,no,0,v40c_00021,orig_singleton_frame_00030
frame_00031,data/images/frame_00031.npy,TRAIN,TRAIN,no,0,v40c_00022,orig_rule_00022
frame_00032,data/images/frame_00032.npy,TRAIN,TRAIN,no,0,v40c_00022,orig_rule_00022
frame_00033,data/images/frame_00033.npy,TRAIN,TRAIN,no,0,v40c_00023,orig_singleton_frame_00033
frame_00034,data/images/frame_00034.npy,TRAIN,TRAIN,no,0,v40c_00024,orig_singleton_frame_00034
frame_00035,data/images/frame_00035.npy,TRAIN,TRAIN,no,0,v40c_00025,orig_singleton_frame_00035
frame_00036,data/images/frame_00036.npy,TRAIN,TRAIN,no,0,v40c_00026,orig_singleton_frame_00036
frame_00037,data/images/frame_00037.npy,TRAIN,TRAIN,no,0,v40c_00027,orig_singleton_frame_00037
frame_00038,data/images/frame_00038.npy,TRAIN,TRAIN,no,0,v40c_00028,orig_singleton_frame_00038
frame_00039,data/images/frame_00039.npy,TRAIN,TRAIN,no,0,v40c_00029,orig_singleton_frame_00039
frame_00040,data/images/frame_00040.npy,TRAIN,TRAIN,no,0,v40c_00030,orig_singleton_frame_00040
frame_00041,data/images/frame_00041.npy,TRAIN,TRAIN,no,0,v40c_00031,orig_singleton_frame_00041
frame_00042,data/images/frame_00042.npy,TRAIN,TRAIN,no,0,v40c_00032,orig_singleton_frame_00042
frame_00043,data/images/frame_00043.npy,TRAIN,TRAIN,no,0,v40c_00033,orig_rule_00033
frame_00044,data/images/frame_00044.npy,TRAIN,TRAIN,no,0,v40c_00033,orig_rule_00033
frame_00045,data/images/frame_00045.npy,TRAIN,TRAIN,no,0,v40c_00034,orig_singleton_frame_00045
frame_00046,data/images/frame_00046.npy,TRAIN,TRAIN,no,0,v40c_00035,orig_singleton_frame_00046
frame_00047,data/images/frame_00047.npy,TRAIN,TRAIN,no,0,v40c_00036,orig_singleton_frame_00047
frame_00048,data/images/frame_00048.npy,TRAIN,TRAIN,no,0,v40c_00037,orig_singleton_frame_00048
frame_00049,data/images/frame_00049.npy,TRAIN,TRAIN,no,0,v40c_00038,orig_singleton_frame_00049
frame_00050,data/images/frame_00050.npy,TRAIN,TRAIN,no,0,v40c_00039,orig_singleton_frame_00050
frame_00051,data/images/frame_00051.npy,TRAIN,TRAIN,no,0,v40c_00040,orig_rule_00040
frame_00052,data/images/frame_00052.npy,TRAIN,TRAIN,no,0,v40c_00040,orig_rule_00040
frame_00053,data/images/frame_00053.npy,TRAIN,TRAIN,no,0,v40c_00040,orig_rule_00040
frame_00054,data/images/frame_00054.npy,TRAIN,TRAIN,no,0,v40c_00041,orig_singleton_frame_00054
frame_00055,data/images/frame_00055.npy,TRAIN,TRAIN,no,0,v40c_00042,orig_singleton_frame_00055
frame_00056,data/images/frame_00056.npy,TRAIN,TRAIN,no,0,v40c_00043,orig_rule_00043
frame_00057,data/images/frame_00057.npy,TRAIN,TRAIN,no,0,v40c_00043,orig_rule_00043
frame_00058,data/images/frame_00058.npy,TRAIN,TRAIN,no,0,v40c_00044,orig_rule_00044
frame_00059,data/images/frame_00059.npy,TRAIN,TRAIN,no,0,v40c_00044,orig_rule_00044
frame_00060,data/images/frame_00060.npy,TRAIN,TRAIN,no,1,v40c_00045,orig_singleton_frame_00060
frame_00061,data/images/frame_00061.npy,TRAIN,TRAIN,no,1,v40c_00046,orig_singleton_frame_00061
frame_00062,data/images/frame_00062.npy,TRAIN,TRAIN,no,1,v40c_00047,orig_singleton_frame_00062
frame_00063,data/images/frame_00063.npy,TRAIN,TRAIN,no,1,v40c_00048,orig_singleton_frame_00063
frame_00064,data/images/frame_00064.npy,TRAIN,TRAIN,no,1,v40c_00049,orig_singleton_frame_00064
frame_00065,data/images/frame_00065.npy,TRAIN,TRAIN,no,1,v40c_00050,orig_singleton_frame_00065
frame_00066,data/images/frame_00066.npy,TRAIN,TRAIN,no,1,v40c_00051,orig_rule_00051
frame_00067,data/images/frame_00067.npy,TRAIN,TRAIN,no,2,v40c_00051,orig_rule_00051
frame_00068,data/images/frame_00068.npy,TRAIN,TRAIN,no,2,v40c_00052,orig_singleton_frame_00068
frame_00069,data/images/frame_00069.npy,TRAIN,TRAIN,no,2,v40c_00053,orig_singleton_frame_00069
frame_00070,data/images/frame_00070.npy,TRAIN,TRAIN,no,2,v40c_00054,orig_singleton_frame_00070
frame_00071,data/images/frame_00071.npy,TRAIN,TRAIN,no,2,v40c_00055,orig_singleton_frame_00071
frame_00072,data/images/frame_00072.npy,TRAIN,TRAIN,no,2,v40c_00056,orig_singleton_frame_00072
frame_00073,data/images/frame_00073.npy,TRAIN,TRAIN,no,2,v40c_00057,orig_singleton_frame_00073
frame_00074,data/images/frame_00074.npy,TRAIN,TRAIN,no,3,v40c_00058,orig_singleton_frame_00074
frame_00075,data/images/frame_00075.npy,TRAIN,TRAIN,no,3,v40c_00059,orig_singleton_frame_00075
frame_00076,data/images/frame_00076.npy,TRAIN,TRAIN,no,2,v40c_00060,orig_singleton_frame_00076
frame_00077,data/images/frame_00077.npy,TRAIN,TRAIN,no,2,v40c_00061,orig_rule_00061
frame_00078,data/images/frame_00078.npy,TRAIN,TRAIN,no,2,v40c_00061,orig_rule_00061
frame_00079,data/images/frame_00079.npy,TRAIN,TRAIN,no,2,v40c_00062,orig_rule_00062
frame_00080,data/images/frame_00080.npy,TRAIN,TRAIN,no,2,v40c_00062,orig_rule_00062
frame_00081,data/images/frame_00081.npy,TRAIN,TRAIN,no,2,v40c_00062,orig_rule_00062
frame_00082,data/images/frame_00082.npy,TRAIN,TRAIN,no,2,v40c_00063,orig_singleton_frame_00082
frame_00083,data/images/frame_00083.npy,TRAIN,TRAIN,no,2,v40c_00064,orig_singleton_frame_00083
frame_00084,data/images/frame_00084.npy,TRAIN,TRAIN,no,2,v40c_00065,orig_singleton_frame_00084
frame_00085,data/images/frame_00085.npy,TRAIN,TRAIN,no,1,v40c_00066,orig_singleton_frame_00085
frame_00086,data/images/frame_00086.npy,TRAIN,TRAIN,no,1,v40c_00067,orig_singleton_frame_00086
frame_00087,data/images/frame_00087.npy,TRAIN,TRAIN,no,2,v40c_00068,orig_rule_00068
frame_00088,data/images/frame_00088.npy,TRAIN,TRAIN,no,2,v40c_00068,orig_rule_00068
frame_00089,data/images/frame_00089.npy,TRAIN,TRAIN,no,2,v40c_00069,orig_rule_00069
frame_00090,data/images/frame_00090.npy,TRAIN,TRAIN,no,2,v40c_00069,orig_rule_00069
frame_00091,data/images/frame_00091.npy,TRAIN,TRAIN,no,3,v40c_00070,orig_rule_00070
frame_00092,data/images/frame_00092.npy,TRAIN,TRAIN,no,3,v40c_00070,orig_rule_00070
frame_00093,data/images/frame_00093.npy,TRAIN,TRAIN,no,3,v40c_00071,orig_singleton_frame_00093
frame_00094,data/images/frame_00094.npy,TRAIN,TRAIN,no,3,v40c_00072,orig_singleton_frame_00094
frame_00095,data/images/frame_00095.npy,TRAIN,TRAIN,no,3,v40c_00073,orig_rule_00073
frame_00096,data/images/frame_00096.npy,TRAIN,TRAIN,no,3,v40c_00073,orig_rule_00073
frame_00097,data/images/frame_00097.npy,TRAIN,TRAIN,no,3,v40c_00073,orig_rule_00073
frame_00098,data/images/frame_00098.npy,TRAIN,TRAIN,no,3,v40c_00073,orig_rule_00073
frame_00099,data/images/frame_00099.npy,TRAIN,TRAIN,no,3,v40c_00073,orig_rule_00073
frame_00100,data/images/frame_00100.npy,TRAIN,TRAIN,no,3,v40c_00073,orig_rule_00073
frame_00101,data/images/frame_00101.npy,TRAIN,TRAIN,no,2,v40c_00074,orig_singleton_frame_00101
frame_00102,data/images/frame_00102.npy,TRAIN,TRAIN,no,2,v40c_00075,orig_singleton_frame_00102
frame_00103,data/images/frame_00103.npy,TRAIN,TRAIN,no,2,v40c_00076,orig_rule_00076
frame_00104,data/images/frame_00104.npy,TRAIN,TRAIN,no,2,v40c_00076,orig_rule_00076
frame_00105,data/images/frame_00105.npy,TRAIN,TRAIN,no,2,v40c_00076,orig_rule_00076
frame_00106,data/images/frame_00106.npy,TRAIN,TRAIN,no,2,v40c_00076,orig_rule_00076
frame_00107,data/images/frame_00107.npy,TRAIN,TRAIN,no,2,v40c_00077,orig_rule_00077
frame_00108,data/images/frame_00108.npy,TRAIN,TRAIN,no,2,v40c_00077,orig_rule_00077
frame_00109,data/images/frame_00109.npy,TRAIN,TRAIN,no,2,v40c_00077,orig_rule_00077
frame_00110,data/images/frame_00110.npy,TRAIN,TRAIN,no,2,v40c_00078,orig_singleton_frame_00110
frame_00111,data/images/frame_00111.npy,TRAIN,TRAIN,no,2,v40c_00079,orig_singleton_frame_00111
frame_00112,data/images/frame_00112.npy,TRAIN,TRAIN,no,2,v40c_00080,orig_singleton_frame_00112
frame_00113,data/images/frame_00113.npy,TRAIN,TRAIN,no,2,v40c_00081,orig_singleton_frame_00113
frame_00114,data/images/frame_00114.npy,TRAIN,TRAIN,no,2,v40c_00082,orig_rule_00082
frame_00115,data/images/frame_00115.npy,TRAIN,TRAIN,no,2,v40c_00082,orig_rule_00082
frame_00116,data/images/frame_00116.npy,TRAIN,TRAIN,no,2,v40c_00082,orig_rule_00082
frame_00117,data/images/frame_00117.npy,TRAIN,TRAIN,no,2,v40c_00082,orig_rule_00082
frame_00118,data/images/frame_00118.npy,TRAIN,TRAIN,no,2,v40c_00082,orig_rule_00082
frame_00119,data/images/frame_00119.npy,TRAIN,TRAIN,no,2,v40c_00082,orig_rule_00082
frame_00120,data/images/frame_00120.npy,TRAIN,TRAIN,no,2,v40c_00082,orig_rule_00082
frame_00121,data/images/frame_00121.npy,TRAIN,TRAIN,no,2,v40c_00083,orig_singleton_frame_00121
frame_00122,data/images/frame_00122.npy,TRAIN,TRAIN,no,2,v40c_00084,orig_singleton_frame_00122
frame_00123,data/images/frame_00123.npy,TRAIN,TRAIN,no,2,v40c_00085,orig_singleton_frame_00123
frame_00124,data/images/frame_00124.npy,TRAIN,TRAIN,no,2,v40c_00086,orig_singleton_frame_00124
frame_00125,data/images/frame_00125.npy,TRAIN,TRAIN,no,2,v40c_00087,orig_rule_00087
frame_00126,data/images/frame_00126.npy,TRAIN,TRAIN,no,3,v40c_00087,orig_rule_00087
frame_00127,data/images/frame_00127.npy,TRAIN,TRAIN,no,2,v40c_00088,orig_rule_00088
frame_00128,data/images/frame_00128.npy,TRAIN,TRAIN,no,2,v40c_00088,orig_rule_00088
frame_00129,data/images/frame_00129.npy,TRAIN,TRAIN,no,2,v40c_00089,orig_singleton_frame_00129
frame_00130,data/images/frame_00130.npy,TRAIN,TRAIN,no,3,v40c_00090,orig_rule_00090
frame_00131,data/images/frame_00131.npy,TRAIN,TRAIN,no,2,v40c_00090,orig_rule_00090
frame_00132,data/images/frame_00132.npy,TRAIN,TRAIN,no,4,v40c_00091,orig_rule_00091
frame_00133,data/images/frame_00133.npy,TRAIN,TRAIN,no,4,v40c_00091,orig_rule_00091
frame_00134,data/images/frame_00134.npy,TRAIN,TRAIN,no,4,v40c_00092,orig_singleton_frame_00134
frame_00135,data/images/frame_00135.npy,TRAIN,TRAIN,no,4,v40c_00093,orig_singleton_frame_00135
frame_00136,data/images/frame_00136.npy,TRAIN,TRAIN,no,4,v40c_00094,orig_singleton_frame_00136
frame_00137,data/images/frame_00137.npy,TRAIN,TRAIN,no,4,v40c_00095,orig_singleton_frame_00137
frame_00138,data/images/frame_00138.npy,TRAIN,TRAIN,no,4,v40c_00096,orig_singleton_frame_00138
frame_00139,data/images/frame_00139.npy,TRAIN,TRAIN,no,4,v40c_00097,orig_singleton_frame_00139
frame_00140,data/images/frame_00140.npy,TRAIN,TRAIN,no,4,v40c_00098,orig_rule_00098
frame_00141,data/images/frame_00141.npy,TRAIN,TRAIN,no,4,v40c_00098,orig_rule_00098
frame_00142,data/images/frame_00142.npy,TRAIN,TRAIN,no,4,v40c_00099,orig_singleton_frame_00142
frame_00143,data/images/frame_00143.npy,TRAIN,TRAIN,no,4,v40c_00100,orig_rule_00100
frame_00144,data/images/frame_00144.npy,TRAIN,TRAIN,no,3,v40c_00100,orig_rule_00100
frame_00145,data/images/frame_00145.npy,TRAIN,TRAIN,no,3,v40c_00101,orig_singleton_frame_00145
frame_00146,data/images/frame_00146.npy,TRAIN,TRAIN,no,3,v40c_00102,orig_rule_00102
frame_00147,data/images/frame_00147.npy,TRAIN,TRAIN,no,3,v40c_00102,orig_rule_00102
frame_00148,data/images/frame_00148.npy,TRAIN,TRAIN,no,3,v40c_00102,orig_rule_00102
frame_00149,data/images/frame_00149.npy,TRAIN,TRAIN,no,3,v40c_00103,orig_singleton_frame_00149
frame_00150,data/images/frame_00150.npy,TRAIN,TRAIN,no,3,v40c_00104,orig_singleton_frame_00150
frame_00151,data/images/frame_00151.npy,TRAIN,TRAIN,no,3,v40c_00105,orig_singleton_frame_00151
frame_00152,data/images/frame_00152.npy,TRAIN,TRAIN,no,3,v40c_00106,orig_singleton_frame_00152
frame_00153,data/images/frame_00153.npy,TRAIN,TRAIN,no,4,v40c_00107,orig_singleton_frame_00153
frame_00154,data/images/frame_00154.npy,TRAIN,TRAIN,no,4,v40c_00108,orig_singleton_frame_00154
frame_00155,data/images/frame_00155.npy,TRAIN,TRAIN,no,4,v40c_00109,orig_singleton_frame_00155
frame_00156,data/images/frame_00156.npy,TRAIN,TRAIN,no,4,v40c_00110,orig_singleton_frame_00156
frame_00157,data/images/frame_00157.npy,TRAIN,TRAIN,no,4,v40c_00111,orig_singleton_frame_00157
frame_00158,data/images/frame_00158.npy,TRAIN,TRAIN,no,4,v40c_00112,orig_rule_00112
frame_00159,data/images/frame_00159.npy,TRAIN,TRAIN,no,4,v40c_00112,orig_rule_00112
frame_00160,data/images/frame_00160.npy,TRAIN,TRAIN,no,4,v40c_00113,orig_rule_00113
frame_00161,data/images/frame_00161.npy,TRAIN,TRAIN,no,4,v40c_00113,orig_rule_00113
frame_00162,data/images/frame_00162.npy,TRAIN,TRAIN,no,4,v40c_00114,orig_singleton_frame_00162
frame_00163,data/images/frame_00163.npy,TRAIN,TRAIN,no,4,v40c_00113,orig_rule_00113
frame_00164,data/images/frame_00164.npy,TRAIN,TRAIN,no,4,v40c_00115,orig_singleton_frame_00164
frame_00165,data/images/frame_00165.npy,TRAIN,TRAIN,no,4,v40c_00116,orig_singleton_frame_00165
frame_00166,data/images/frame_00166.npy,TRAIN,TRAIN,no,4,v40c_00117,orig_singleton_frame_00166
frame_00167,data/images/frame_00167.npy,TRAIN,TRAIN,no,3,v40c_00118,orig_singleton_frame_00167
frame_00168,data/images/frame_00168.npy,TRAIN,TRAIN,no,3,v40c_00119,orig_singleton_frame_00168
frame_00169,data/images/frame_00169.npy,TRAIN,TRAIN,no,3,v40c_00120,orig_singleton_frame_00169
frame_00170,data/images/frame_00170.npy,TRAIN,TRAIN,no,3,v40c_00121,orig_rule_00121
frame_00171,data/images/frame_00171.npy,TRAIN,TRAIN,no,3,v40c_00121,orig_rule_00121
frame_00172,data/images/frame_00172.npy,TRAIN,TRAIN,no,3,v40c_00122,orig_rule_00122
frame_00173,data/images/frame_00173.npy,TRAIN,TRAIN,no,3,v40c_00123,orig_rule_00123
frame_00174,data/images/frame_00174.npy,TRAIN,TRAIN,no,3,v40c_00122,orig_rule_00122
frame_00175,data/images/frame_00175.npy,TRAIN,TRAIN,no,3,v40c_00123,orig_rule_00123
frame_00192,data/images/frame_00192.npy,VALIDATION,VALIDATION,no,3,v40c_00124,orig_singleton_frame_00192
frame_00193,data/images/frame_00193.npy,VALIDATION,VALIDATION,no,2,v40c_00125,orig_singleton_frame_00193
frame_00194,data/images/frame_00194.npy,VALIDATION,VALIDATION,no,2,v40c_00126,orig_singleton_frame_00194
frame_00195,data/images/frame_00195.npy,VALIDATION,VALIDATION,no,3,v40c_00127,orig_singleton_frame_00195
frame_00196,data/images/frame_00196.npy,VALIDATION,VALIDATION,no,3,v40c_00128,orig_rule_00128
frame_00197,data/images/frame_00197.npy,VALIDATION,VALIDATION,no,3,v40c_00128,orig_rule_00128
frame_00198,data/images/frame_00198.npy,VALIDATION,VALIDATION,no,3,v40c_00129,orig_singleton_frame_00198
frame_00199,data/images/frame_00199.npy,VALIDATION,VALIDATION,no,3,v40c_00130,orig_singleton_frame_00199
frame_00200,data/images/frame_00200.npy,VALIDATION,VALIDATION,no,2,v40c_00131,orig_singleton_frame_00200
frame_00201,data/images/frame_00201.npy,VALIDATION,VALIDATION,no,2,v40c_00132,orig_singleton_frame_00201
frame_00202,data/images/frame_00202.npy,VALIDATION,VALIDATION,no,2,v40c_00133,orig_singleton_frame_00202
frame_00203,data/images/frame_00203.npy,VALIDATION,VALIDATION,no,2,v40c_00134,orig_singleton_frame_00203
frame_00204,data/images/frame_00204.npy,VALIDATION,VALIDATION,no,2,v40c_00135,orig_singleton_frame_00204
frame_00205,data/images/frame_00205.npy,VALIDATION,VALIDATION,no,2,v40c_00136,orig_singleton_frame_00205
frame_00206,data/images/frame_00206.npy,VALIDATION,VALIDATION,no,2,v40c_00137,orig_singleton_frame_00206
frame_00207,data/images/frame_00207.npy,VALIDATION,VALIDATION,no,2,v40c_00138,orig_singleton_frame_00207
frame_00208,data/images/frame_00208.npy,VALIDATION,VALIDATION,no,2,v40c_00139,orig_singleton_frame_00208
frame_00209,data/images/frame_00209.npy,VALIDATION,VALIDATION,no,2,v40c_00140,orig_rule_00140
frame_00210,data/images/frame_00210.npy,VALIDATION,VALIDATION,no,2,v40c_00140,orig_rule_00140
frame_00211,data/images/frame_00211.npy,VALIDATION,VALIDATION,no,1,v40c_00141,orig_singleton_frame_00211
frame_00212,data/images/frame_00212.npy,VALIDATION,VALIDATION,no,0,v40c_00142,orig_singleton_frame_00212
frame_00213,data/images/frame_00213.npy,VALIDATION,VALIDATION,no,0,v40c_00143,orig_singleton_frame_00213
frame_00214,data/images/frame_00214.npy,VALIDATION,VALIDATION,no,0,v40c_00144,orig_singleton_frame_00214
frame_00215,data/images/frame_00215.npy,VALIDATION,VALIDATION,no,1,v40c_00145,orig_rule_00145
frame_00216,data/images/frame_00216.npy,VALIDATION,VALIDATION,no,1,v40c_00146,orig_singleton_frame_00216
frame_00217,data/images/frame_00217.npy,VALIDATION,VALIDATION,no,0,v40c_00145,orig_rule_00145
frame_00218,data/images/frame_00218.npy,VALIDATION,VALIDATION,no,0,v40c_00147,orig_singleton_frame_00218
frame_00219,data/images/frame_00219.npy,VALIDATION,VALIDATION,no,1,v40c_00148,orig_singleton_frame_00219
frame_00220,data/images/frame_00220.npy,VALIDATION,VALIDATION,no,1,v40c_00149,orig_singleton_frame_00220
frame_00221,data/images/frame_00221.npy,VALIDATION,VALIDATION,no,1,v40c_00150,orig_singleton_frame_00221
frame_00222,data/images/frame_00222.npy,VALIDATION,VALIDATION,no,1,v40c_00151,orig_singleton_frame_00222
frame_00223,data/images/frame_00223.npy,VALIDATION,VALIDATION,no,1,v40c_00152,orig_singleton_frame_00223
frame_00224,data/images/frame_00224.npy,VALIDATION,VALIDATION,no,1,v40c_00153,orig_singleton_frame_00224
frame_00225,data/images/frame_00225.npy,VALIDATION,VALIDATION,no,1,v40c_00154,orig_singleton_frame_00225
frame_00226,data/images/frame_00226.npy,VALIDATION,VALIDATION,no,1,v40c_00155,orig_singleton_frame_00226
frame_00227,data/images/frame_00227.npy,VALIDATION,VALIDATION,no,1,v40c_00156,orig_singleton_frame_00227
frame_00228,data/images/frame_00228.npy,VALIDATION,VALIDATION,no,1,v40c_00157,orig_rule_00157
frame_00229,data/images/frame_00229.npy,VALIDATION,VALIDATION,no,1,v40c_00157,orig_rule_00157
frame_00230,data/images/frame_00230.npy,VALIDATION,VALIDATION,no,1,v40c_00157,orig_rule_00157
frame_00231,data/images/frame_00231.npy,VALIDATION,VALIDATION,no,1,v40c_00157,orig_rule_00157
frame_00232,data/images/frame_00232.npy,VALIDATION,VALIDATION,no,1,v40c_00157,orig_rule_00157
frame_00233,data/images/frame_00233.npy,VALIDATION,VALIDATION,no,1,v40c_00158,orig_singleton_frame_00233
frame_00234,data/images/frame_00234.npy,VALIDATION,VALIDATION,no,1,v40c_00159,orig_singleton_frame_00234
frame_00235,data/images/frame_00235.npy,VALIDATION,VALIDATION,no,1,v40c_00160,orig_singleton_frame_00235
frame_00236,data/images/frame_00236.npy,VALIDATION,VALIDATION,no,1,v40c_00161,orig_singleton_frame_00236
frame_00237,data/images/frame_00237.npy,VALIDATION,VALIDATION,no,2,v40c_00162,orig_singleton_frame_00237
frame_00238,data/images/frame_00238.npy,VALIDATION,VALIDATION,no,1,v40c_00163,orig_singleton_frame_00238
frame_00239,data/images/frame_00239.npy,VALIDATION,VALIDATION,no,1,v40c_00164,orig_rule_00164
frame_00240,data/images/frame_00240.npy,VALIDATION,VALIDATION,no,1,v40c_00164,orig_rule_00164
frame_00241,data/images/frame_00241.npy,VALIDATION,VALIDATION,no,1,v40c_00164,orig_rule_00164
frame_00242,data/images/frame_00242.npy,VALIDATION,VALIDATION,no,1,v40c_00164,orig_rule_00164
frame_00243,data/images/frame_00243.npy,VALIDATION,VALIDATION,no,1,v40c_00165,orig_singleton_frame_00243
frame_00244,data/images/frame_00244.npy,VALIDATION,VALIDATION,no,1,v40c_00164,orig_rule_00164
frame_00245,data/images/frame_00245.npy,VALIDATION,VALIDATION,no,1,v40c_00166,orig_singleton_frame_00245
frame_00246,data/images/frame_00246.npy,VALIDATION,VALIDATION,no,1,v40c_00167,orig_singleton_frame_00246
frame_00247,data/images/frame_00247.npy,VALIDATION,VALIDATION,no,1,v40c_00168,orig_singleton_frame_00247
frame_00248,data/images/frame_00248.npy,VALIDATION,VALIDATION,no,1,v40c_00169,orig_singleton_frame_00248
frame_00249,data/images/frame_00249.npy,VALIDATION,VALIDATION,no,1,v40c_00170,orig_singleton_frame_00249
frame_00250,data/images/frame_00250.npy,VALIDATION,VALIDATION,no,1,v40c_00171,orig_singleton_frame_00250
frame_00251,data/images/frame_00251.npy,VALIDATION,VALIDATION,no,1,v40c_00172,orig_singleton_frame_00251
frame_00252,data/images/frame_00252.npy,VALIDATION,VALIDATION,no,1,v40c_00173,orig_singleton_frame_00252
frame_00253,data/images/frame_00253.npy,VALIDATION,VALIDATION,no,1,v40c_00174,orig_rule_00174
frame_00254,data/images/frame_00254.npy,VALIDATION,VALIDATION,no,0,v40c_00174,orig_rule_00174
frame_00255,data/images/frame_00255.npy,VALIDATION,VALIDATION,no,0,v40c_00175,orig_singleton_frame_00255
frame_00272,data/images/frame_00272.npy,TRAIN,TRAIN,no,0,v40c_00176,orig_singleton_frame_00272
frame_00273,data/images/frame_00273.npy,TRAIN,TRAIN,no,0,v40c_00177,orig_singleton_frame_00273
frame_00274,data/images/frame_00274.npy,TRAIN,TRAIN,no,0,v40c_00178,orig_singleton_frame_00274
frame_00275,data/images/frame_00275.npy,TRAIN,TRAIN,no,1,v40c_00179,orig_singleton_frame_00275
frame_00276,data/images/frame_00276.npy,TRAIN,TRAIN,no,0,v40c_00180,orig_singleton_frame_00276
frame_00277,data/images/frame_00277.npy,TRAIN,TRAIN,no,1,v40c_00181,orig_singleton_frame_00277
frame_00278,data/images/frame_00278.npy,TRAIN,TRAIN,no,2,v40c_00182,orig_singleton_frame_00278
frame_00279,data/images/frame_00279.npy,TRAIN,TRAIN,no,2,v40c_00183,orig_singleton_frame_00279
frame_00280,data/images/frame_00280.npy,TRAIN,TRAIN,no,4,v40c_00184,orig_singleton_frame_00280
frame_00281,data/images/frame_00281.npy,TRAIN,TRAIN,no,7,v40c_00185,orig_singleton_frame_00281
frame_00282,data/images/frame_00282.npy,TRAIN,TRAIN,no,7,v40c_00186,orig_singleton_frame_00282
frame_00283,data/images/frame_00283.npy,TRAIN,TRAIN,no,3,v40c_00187,orig_singleton_frame_00283
frame_00284,data/images/frame_00284.npy,TRAIN,TRAIN,no,2,v40c_00188,orig_singleton_frame_00284
frame_00285,data/images/frame_00285.npy,TRAIN,TRAIN,no,2,v40c_00189,orig_singleton_frame_00285
frame_00286,data/images/frame_00286.npy,TRAIN,TRAIN,no,2,v40c_00190,orig_singleton_frame_00286
frame_00287,data/images/frame_00287.npy,TRAIN,TRAIN,no,0,v40c_00191,orig_singleton_frame_00287
frame_00288,data/images/frame_00288.npy,TRAIN,TRAIN,no,1,v40c_00192,orig_singleton_frame_00288
frame_00289,data/images/frame_00289.npy,TRAIN,TRAIN,no,1,v40c_00193,orig_singleton_frame_00289
frame_00290,data/images/frame_00290.npy,TRAIN,TRAIN,no,1,v40c_00194,orig_singleton_frame_00290
frame_00291,data/images/frame_00291.npy,TRAIN,TRAIN,no,1,v40c_00195,orig_singleton_frame_00291
frame_00292,data/images/frame_00292.npy,TRAIN,TRAIN,no,0,v40c_00196,orig_singleton_frame_00292
frame_00293,data/images/frame_00293.npy,TRAIN,TRAIN,no,0,v40c_00197,orig_singleton_frame_00293
frame_00294,data/images/frame_00294.npy,TRAIN,TRAIN,no,0,v40c_00198,orig_singleton_frame_00294
frame_00295,data/images/frame_00295.npy,TRAIN,TRAIN,no,0,v40c_00199,orig_singleton_frame_00295
frame_00296,data/images/frame_00296.npy,TRAIN,TRAIN,no,0,v40c_00200,orig_rule_00200
frame_00297,data/images/frame_00297.npy,TRAIN,TRAIN,no,0,v40c_00200,orig_rule_00200
frame_00298,data/images/frame_00298.npy,TRAIN,TRAIN,no,1,v40c_00201,orig_singleton_frame_00298
frame_00299,data/images/frame_00299.npy,TRAIN,TRAIN,no,0,v40c_00202,orig_singleton_frame_00299
frame_00300,data/images/frame_00300.npy,TRAIN,TRAIN,no,0,v40c_00203,orig_singleton_frame_00300
frame_00301,data/images/frame_00301.npy,TRAIN,TRAIN,no,1,v40c_00204,orig_singleton_frame_00301
frame_00302,data/images/frame_00302.npy,TRAIN,TRAIN,no,1,v40c_00205,orig_rule_00205
frame_00303,data/images/frame_00303.npy,TRAIN,TRAIN,no,0,v40c_00205,orig_rule_00205
frame_00304,data/images/frame_00304.npy,TRAIN,TRAIN,no,1,v40c_00206,orig_rule_00206
frame_00305,data/images/frame_00305.npy,TRAIN,TRAIN,no,1,v40c_00206,orig_rule_00206
frame_00306,data/images/frame_00306.npy,TRAIN,TRAIN,no,0,v40c_00207,orig_singleton_frame_00306
frame_00307,data/images/frame_00307.npy,TRAIN,TRAIN,no,0,v40c_00208,orig_singleton_frame_00307
frame_00308,data/images/frame_00308.npy,TRAIN,TRAIN,no,0,v40c_00209,orig_rule_00209
frame_00309,data/images/frame_00309.npy,TRAIN,TRAIN,no,0,v40c_00209,orig_rule_00209
frame_00310,data/images/frame_00310.npy,TRAIN,TRAIN,no,0,v40c_00210,orig_rule_00210
frame_00311,data/images/frame_00311.npy,TRAIN,TRAIN,no,0,v40c_00210,orig_rule_00210
frame_00312,data/images/frame_00312.npy,TRAIN,TRAIN,no,0,v40c_00210,orig_rule_00210
frame_00313,data/images/frame_00313.npy,TRAIN,TRAIN,no,0,v40c_00211,orig_singleton_frame_00313
frame_00314,data/images/frame_00314.npy,TRAIN,TRAIN,no,1,v40c_00212,orig_singleton_frame_00314
frame_00315,data/images/frame_00315.npy,TRAIN,TRAIN,no,1,v40c_00213,orig_singleton_frame_00315
frame_00316,data/images/frame_00316.npy,TRAIN,TRAIN,no,1,v40c_00214,orig_singleton_frame_00316
frame_00317,data/images/frame_00317.npy,TRAIN,TRAIN,no,1,v40c_00215,orig_singleton_frame_00317
frame_00318,data/images/frame_00318.npy,TRAIN,TRAIN,no,1,v40c_00216,orig_singleton_frame_00318
frame_00319,data/images/frame_00319.npy,TRAIN,TRAIN,no,1,v40c_00217,orig_singleton_frame_00319
frame_00320,data/images/frame_00320.npy,TRAIN,TRAIN,no,1,v40c_00218,orig_singleton_frame_00320
frame_00321,data/images/frame_00321.npy,TRAIN,TRAIN,no,1,v40c_00219,orig_singleton_frame_00321
frame_00322,data/images/frame_00322.npy,TRAIN,TRAIN,no,1,v40c_00220,orig_singleton_frame_00322
frame_00323,data/images/frame_00323.npy,TRAIN,TRAIN,no,0,v40c_00221,orig_singleton_frame_00323
frame_00324,data/images/frame_00324.npy,TRAIN,TRAIN,no,1,v40c_00222,orig_singleton_frame_00324
frame_00325,data/images/frame_00325.npy,TRAIN,TRAIN,no,1,v40c_00223,orig_singleton_frame_00325
frame_00326,data/images/frame_00326.npy,TRAIN,TRAIN,no,1,v40c_00224,orig_singleton_frame_00326
frame_00327,data/images/frame_00327.npy,TRAIN,TRAIN,no,1,v40c_00225,orig_singleton_frame_00327
frame_00328,data/images/frame_00328.npy,TRAIN,TRAIN,no,1,v40c_00226,orig_singleton_frame_00328
frame_00329,data/images/frame_00329.npy,TRAIN,TRAIN,no,2,v40c_00227,orig_singleton_frame_00329
frame_00330,data/images/frame_00330.npy,TRAIN,TRAIN,no,1,v40c_00228,orig_singleton_frame_00330
frame_00331,data/images/frame_00331.npy,TRAIN,TRAIN,no,1,v40c_00229,orig_singleton_frame_00331
frame_00332,data/images/frame_00332.npy,TRAIN,TRAIN,no,2,v40c_00230,orig_rule_00230
frame_00333,data/images/frame_00333.npy,TRAIN,TRAIN,no,2,v40c_00230,orig_rule_00230
frame_00334,data/images/frame_00334.npy,TRAIN,TRAIN,no,2,v40c_00231,orig_singleton_frame_00334
frame_00335,data/images/frame_00335.npy,TRAIN,TRAIN,no,1,v40c_00232,orig_rule_00232
frame_00336,data/images/frame_00336.npy,TRAIN,TRAIN,no,1,v40c_00232,orig_rule_00232
frame_00337,data/images/frame_00337.npy,TRAIN,TRAIN,no,1,v40c_00233,orig_singleton_frame_00337
frame_00338,data/images/frame_00338.npy,TRAIN,TRAIN,no,1,v40c_00234,orig_singleton_frame_00338
frame_00339,data/images/frame_00339.npy,TRAIN,TRAIN,no,2,v40c_00235,orig_singleton_frame_00339
frame_00340,data/images/frame_00340.npy,TRAIN,TRAIN,no,2,v40c_00236,orig_singleton_frame_00340
frame_00341,data/images/frame_00341.npy,TRAIN,TRAIN,no,2,v40c_00237,orig_singleton_frame_00341
frame_00342,data/images/frame_00342.npy,TRAIN,TRAIN,no,2,v40c_00238,orig_singleton_frame_00342
frame_00343,data/images/frame_00343.npy,TRAIN,TRAIN,no,1,v40c_00239,orig_singleton_frame_00343
frame_00344,data/images/frame_00344.npy,TRAIN,TRAIN,no,1,v40c_00240,orig_singleton_frame_00344
frame_00345,data/images/frame_00345.npy,TRAIN,TRAIN,no,1,v40c_00241,orig_singleton_frame_00345
frame_00346,data/images/frame_00346.npy,TRAIN,TRAIN,no,1,v40c_00242,orig_singleton_frame_00346
frame_00347,data/images/frame_00347.npy,TRAIN,TRAIN,no,1,v40c_00243,orig_rule_00243
frame_00348,data/images/frame_00348.npy,TRAIN,TRAIN,no,1,v40c_00243,orig_rule_00243
frame_00349,data/images/frame_00349.npy,TRAIN,TRAIN,no,1,v40c_00244,orig_singleton_frame_00349
frame_00350,data/images/frame_00350.npy,TRAIN,TRAIN,no,1,v40c_00245,orig_singleton_frame_00350
frame_00351,data/images/frame_00351.npy,TRAIN,TRAIN,no,1,v40c_00246,orig_singleton_frame_00351
frame_00352,data/images/frame_00352.npy,TRAIN,TRAIN,no,1,v40c_00247,orig_singleton_frame_00352
frame_00353,data/images/frame_00353.npy,TRAIN,TRAIN,no,1,v40c_00248,orig_rule_00248
frame_00354,data/images/frame_00354.npy,TRAIN,TRAIN,no,1,v40c_00249,orig_singleton_frame_00354
frame_00355,data/images/frame_00355.npy,TRAIN,TRAIN,no,2,v40c_00250,orig_singleton_frame_00355
frame_00356,data/images/frame_00356.npy,TRAIN,TRAIN,no,2,v40c_00248,orig_rule_00248
frame_00357,data/images/frame_00357.npy,TRAIN,TRAIN,no,2,v40c_00251,orig_singleton_frame_00357
frame_00358,data/images/frame_00358.npy,TRAIN,TRAIN,no,1,v40c_00252,orig_rule_00252
frame_00359,data/images/frame_00359.npy,TRAIN,TRAIN,no,1,v40c_00253,orig_singleton_frame_00359
frame_00360,data/images/frame_00360.npy,TRAIN,TRAIN,no,1,v40c_00252,orig_rule_00252
frame_00361,data/images/frame_00361.npy,TRAIN,TRAIN,no,0,v40c_00252,orig_rule_00252
frame_00362,data/images/frame_00362.npy,TRAIN,TRAIN,no,1,v40c_00254,orig_singleton_frame_00362
frame_00363,data/images/frame_00363.npy,TRAIN,TRAIN,no,1,v40c_00243,orig_rule_00243
frame_00364,data/images/frame_00364.npy,TRAIN,TRAIN,no,1,v40c_00243,orig_rule_00243
frame_00365,data/images/frame_00365.npy,TRAIN,TRAIN,no,1,v40c_00243,orig_rule_00243
frame_00366,data/images/frame_00366.npy,TRAIN,TRAIN,no,1,v40c_00243,orig_rule_00243
frame_00367,data/images/frame_00367.npy,TRAIN,TRAIN,no,1,v40c_00243,orig_rule_00243
frame_00368,data/images/frame_00368.npy,TRAIN,TRAIN,no,1,v40c_00243,orig_rule_00243
frame_00369,data/images/frame_00369.npy,TRAIN,TRAIN,no,1,v40c_00243,orig_rule_00243
frame_00370,data/images/frame_00370.npy,TRAIN,TRAIN,no,1,v40c_00243,orig_rule_00243
frame_00371,data/images/frame_00371.npy,TRAIN,TRAIN,no,1,v40c_00243,orig_rule_00243
frame_00372,data/images/frame_00372.npy,TRAIN,TRAIN,no,1,v40c_00243,orig_rule_00243
frame_00373,data/images/frame_00373.npy,TRAIN,TRAIN,no,2,v40c_00255,orig_singleton_frame_00373
frame_00374,data/images/frame_00374.npy,TRAIN,TRAIN,no,1,v40c_00243,orig_rule_00243
frame_00375,data/images/frame_00375.npy,TRAIN,TRAIN,no,1,v40c_00256,orig_rule_00256
frame_00376,data/images/frame_00376.npy,TRAIN,TRAIN,no,1,v40c_00256,orig_rule_00256
frame_00377,data/images/frame_00377.npy,TRAIN,TRAIN,no,1,v40c_00243,orig_rule_00243
frame_00378,data/images/frame_00378.npy,TRAIN,TRAIN,no,1,v40c_00243,orig_rule_00243
frame_00379,data/images/frame_00379.npy,TRAIN,TRAIN,no,1,v40c_00243,orig_rule_00243
frame_00380,data/images/frame_00380.npy,TRAIN,TRAIN,no,1,v40c_00243,orig_rule_00243
frame_00381,data/images/frame_00381.npy,TRAIN,TRAIN,no,1,v40c_00243,orig_rule_00243
frame_00382,data/images/frame_00382.npy,TRAIN,TRAIN,no,0,v40c_00243,orig_rule_00243
frame_00383,data/images/frame_00383.npy,TRAIN,TRAIN,no,0,v40c_00243,orig_rule_00243
frame_00384,data/images/frame_00384.npy,TRAIN,TRAIN,no,0,v40c_00252,orig_rule_00252
frame_00385,data/images/frame_00385.npy,TRAIN,TRAIN,no,0,v40c_00243,orig_rule_00243
frame_00386,data/images/frame_00386.npy,TRAIN,TRAIN,no,0,v40c_00243,orig_rule_00243
frame_00387,data/images/frame_00387.npy,TRAIN,TRAIN,no,0,v40c_00243,orig_rule_00243
frame_00388,data/images/frame_00388.npy,TRAIN,TRAIN,no,0,v40c_00243,orig_rule_00243
frame_00389,data/images/frame_00389.npy,TRAIN,TRAIN,no,0,v40c_00243,orig_rule_00243
frame_00390,data/images/frame_00390.npy,TRAIN,TRAIN,no,0,v40c_00243,orig_rule_00243
frame_00391,data/images/frame_00391.npy,TRAIN,TRAIN,no,0,v40c_00243,orig_rule_00243
frame_00392,data/images/frame_00392.npy,TRAIN,TRAIN,no,0,v40c_00243,orig_rule_00243
frame_00393,data/images/frame_00393.npy,TRAIN,TRAIN,no,0,v40c_00243,orig_rule_00243
frame_00394,data/images/frame_00394.npy,TRAIN,TRAIN,no,0,v40c_00243,orig_rule_00243
frame_00395,data/images/frame_00395.npy,TRAIN,TRAIN,no,0,v40c_00243,orig_rule_00243
frame_00396,data/images/frame_00396.npy,TRAIN,TRAIN,no,0,v40c_00243,orig_rule_00243
frame_00397,data/images/frame_00397.npy,TRAIN,TRAIN,no,0,v40c_00243,orig_rule_00243
frame_00398,data/images/frame_00398.npy,TRAIN,TRAIN,no,0,v40c_00243,orig_rule_00243
frame_00399,data/images/frame_00399.npy,TRAIN,TRAIN,no,0,v40c_00243,orig_rule_00243
frame_00400,data/images/frame_00400.npy,TRAIN,TRAIN,no,0,v40c_00243,orig_rule_00243
frame_00401,data/images/frame_00401.npy,TRAIN,TRAIN,no,1,v40c_00243,orig_rule_00243
frame_00402,data/images/frame_00402.npy,TRAIN,TRAIN,no,0,v40c_00257,orig_rule_00257
frame_00403,data/images/frame_00403.npy,TRAIN,TRAIN,no,0,v40c_00258,orig_singleton_frame_00403
frame_00404,data/images/frame_00404.npy,TRAIN,TRAIN,no,0,v40c_00257,orig_rule_00257
frame_00405,data/images/frame_00405.npy,TRAIN,TRAIN,no,0,v40c_00259,orig_rule_00259
frame_00406,data/images/frame_00406.npy,TRAIN,TRAIN,no,0,v40c_00259,orig_rule_00259
frame_00407,data/images/frame_00407.npy,TRAIN,TRAIN,no,0,v40c_00259,orig_rule_00259
frame_00408,data/images/frame_00408.npy,TRAIN,TRAIN,no,1,v40c_00260,orig_singleton_frame_00408
frame_00409,data/images/frame_00409.npy,TRAIN,TRAIN,no,1,v40c_00261,orig_rule_00261
frame_00410,data/images/frame_00410.npy,TRAIN,TRAIN,no,0,v40c_00257,orig_rule_00257
frame_00411,data/images/frame_00411.npy,TRAIN,TRAIN,no,0,v40c_00257,orig_rule_00257
frame_00412,data/images/frame_00412.npy,TRAIN,TRAIN,no,1,v40c_00261,orig_rule_00261
frame_00413,data/images/frame_00413.npy,TRAIN,TRAIN,no,0,v40c_00262,orig_singleton_frame_00413
frame_00414,data/images/frame_00414.npy,TRAIN,TRAIN,no,0,v40c_00257,orig_rule_00257
frame_00415,data/images/frame_00415.npy,TRAIN,TRAIN,no,0,v40c_00257,orig_rule_00257
frame_00416,data/images/frame_00416.npy,TRAIN,TRAIN,no,0,v40c_00257,orig_rule_00257
frame_00417,data/images/frame_00417.npy,TRAIN,VALIDATION,yes,0,v40c_00263,orig_singleton_frame_00417
frame_00418,data/images/frame_00418.npy,VALIDATION,VALIDATION,no,0,v40c_00263,orig_rule_00264
frame_00419,data/images/frame_00419.npy,VALIDATION,VALIDATION,no,0,v40c_00263,orig_rule_00264
frame_00420,data/images/frame_00420.npy,VALIDATION,VALIDATION,no,0,v40c_00263,orig_rule_00264
frame_00421,data/images/frame_00421.npy,VALIDATION,VALIDATION,no,0,v40c_00263,orig_rule_00264
frame_00422,data/images/frame_00422.npy,VALIDATION,VALIDATION,no,0,v40c_00263,orig_rule_00264
frame_00423,data/images/frame_00423.npy,VALIDATION,VALIDATION,no,0,v40c_00263,orig_rule_00264
frame_00424,data/images/frame_00424.npy,VALIDATION,VALIDATION,no,0,v40c_00263,orig_rule_00264
frame_00425,data/images/frame_00425.npy,VALIDATION,VALIDATION,no,1,v40c_00263,orig_rule_00265
frame_00426,data/images/frame_00426.npy,VALIDATION,VALIDATION,no,1,v40c_00263,orig_rule_00265
frame_00427,data/images/frame_00427.npy,VALIDATION,VALIDATION,no,1,v40c_00263,orig_rule_00266
frame_00428,data/images/frame_00428.npy,VALIDATION,VALIDATION,no,1,v40c_00263,orig_rule_00266
frame_00429,data/images/frame_00429.npy,VALIDATION,VALIDATION,no,1,v40c_00263,orig_singleton_frame_00429
frame_00430,data/images/frame_00430.npy,TRAIN,VALIDATION,yes,1,v40c_00263,orig_rule_00268
frame_00431,data/images/frame_00431.npy,TRAIN,VALIDATION,yes,1,v40c_00263,orig_rule_00268
frame_00448,data/images/frame_00448.npy,VALIDATION,VALIDATION,no,0,v40c_00264,orig_rule_00269
frame_00449,data/images/frame_00449.npy,VALIDATION,VALIDATION,no,0,v40c_00264,orig_rule_00269
frame_00450,data/images/frame_00450.npy,VALIDATION,VALIDATION,no,0,v40c_00264,orig_rule_00269
frame_00451,data/images/frame_00451.npy,VALIDATION,VALIDATION,no,0,v40c_00264,orig_rule_00269
frame_00452,data/images/frame_00452.npy,VALIDATION,VALIDATION,no,0,v40c_00265,orig_rule_00270
frame_00453,data/images/frame_00453.npy,VALIDATION,VALIDATION,no,1,v40c_00266,orig_rule_00271
frame_00454,data/images/frame_00454.npy,VALIDATION,VALIDATION,no,1,v40c_00266,orig_rule_00271
frame_00455,data/images/frame_00455.npy,VALIDATION,VALIDATION,no,1,v40c_00266,orig_rule_00271
frame_00456,data/images/frame_00456.npy,VALIDATION,VALIDATION,no,1,v40c_00266,orig_rule_00271
frame_00457,data/images/frame_00457.npy,VALIDATION,VALIDATION,no,0,v40c_00266,orig_rule_00271
frame_00458,data/images/frame_00458.npy,VALIDATION,VALIDATION,no,0,v40c_00265,orig_rule_00270
frame_00459,data/images/frame_00459.npy,VALIDATION,VALIDATION,no,0,v40c_00265,orig_rule_00270
frame_00460,data/images/frame_00460.npy,VALIDATION,VALIDATION,no,0,v40c_00265,orig_rule_00270
frame_00461,data/images/frame_00461.npy,VALIDATION,VALIDATION,no,0,v40c_00265,orig_rule_00270
frame_00462,data/images/frame_00462.npy,VALIDATION,VALIDATION,no,1,v40c_00266,orig_rule_00271
frame_00463,data/images/frame_00463.npy,VALIDATION,VALIDATION,no,1,v40c_00267,orig_rule_00272
frame_00464,data/images/frame_00464.npy,VALIDATION,VALIDATION,no,1,v40c_00267,orig_rule_00272
frame_00465,data/images/frame_00465.npy,VALIDATION,VALIDATION,no,0,v40c_00266,orig_rule_00271
frame_00466,data/images/frame_00466.npy,VALIDATION,VALIDATION,no,0,v40c_00266,orig_rule_00271
frame_00467,data/images/frame_00467.npy,VALIDATION,VALIDATION,no,1,v40c_00268,orig_rule_00273
frame_00468,data/images/frame_00468.npy,VALIDATION,VALIDATION,no,1,v40c_00268,orig_rule_00273
frame_00469,data/images/frame_00469.npy,VALIDATION,VALIDATION,no,0,v40c_00266,orig_rule_00271
frame_00470,data/images/frame_00470.npy,VALIDATION,VALIDATION,no,0,v40c_00269,orig_rule_00274
frame_00471,data/images/frame_00471.npy,VALIDATION,VALIDATION,no,0,v40c_00270,orig_singleton_frame_00471
frame_00472,data/images/frame_00472.npy,VALIDATION,VALIDATION,no,0,v40c_00264,orig_rule_00269
frame_00473,data/images/frame_00473.npy,VALIDATION,VALIDATION,no,0,v40c_00269,orig_rule_00274
frame_00474,data/images/frame_00474.npy,VALIDATION,VALIDATION,no,0,v40c_00269,orig_rule_00274
frame_00475,data/images/frame_00475.npy,VALIDATION,VALIDATION,no,0,v40c_00271,orig_singleton_frame_00475
frame_00476,data/images/frame_00476.npy,VALIDATION,VALIDATION,no,0,v40c_00271,orig_rule_00277
frame_00477,data/images/frame_00477.npy,VALIDATION,VALIDATION,no,0,v40c_00271,orig_singleton_frame_00477
frame_00478,data/images/frame_00478.npy,VALIDATION,VALIDATION,no,0,v40c_00271,orig_singleton_frame_00478
frame_00479,data/images/frame_00479.npy,VALIDATION,VALIDATION,no,0,v40c_00271,orig_rule_00277
frame_00480,data/images/frame_00480.npy,VALIDATION,VALIDATION,no,0,v40c_00271,orig_singleton_frame_00480
frame_00481,data/images/frame_00481.npy,VALIDATION,VALIDATION,no,1,v40c_00271,orig_rule_00281
frame_00482,data/images/frame_00482.npy,VALIDATION,VALIDATION,no,1,v40c_00271,orig_rule_00281
frame_00483,data/images/frame_00483.npy,VALIDATION,VALIDATION,no,1,v40c_00271,orig_rule_00277
frame_00484,data/images/frame_00484.npy,VALIDATION,VALIDATION,no,1,v40c_00271,orig_rule_00277
frame_00485,data/images/frame_00485.npy,VALIDATION,VALIDATION,no,1,v40c_00271,orig_rule_00282
frame_00486,data/images/frame_00486.npy,VALIDATION,VALIDATION,no,1,v40c_00271,orig_rule_00282
frame_00487,data/images/frame_00487.npy,VALIDATION,VALIDATION,no,1,v40c_00271,orig_rule_00282
frame_00488,data/images/frame_00488.npy,VALIDATION,VALIDATION,no,1,v40c_00271,orig_rule_00283
frame_00489,data/images/frame_00489.npy,VALIDATION,VALIDATION,no,1,v40c_00271,orig_rule_00283
frame_00490,data/images/frame_00490.npy,VALIDATION,VALIDATION,no,1,v40c_00271,orig_singleton_frame_00490
frame_00491,data/images/frame_00491.npy,TRAIN,VALIDATION,yes,1,v40c_00271,orig_rule_00285
frame_00492,data/images/frame_00492.npy,TRAIN,VALIDATION,yes,1,v40c_00271,orig_rule_00285
frame_00493,data/images/frame_00493.npy,TRAIN,VALIDATION,yes,1,v40c_00271,orig_rule_00285
frame_00494,data/images/frame_00494.npy,VALIDATION,VALIDATION,no,1,v40c_00271,orig_rule_00286
frame_00495,data/images/frame_00495.npy,VALIDATION,VALIDATION,no,1,v40c_00271,orig_rule_00286
frame_00496,data/images/frame_00496.npy,VALIDATION,VALIDATION,no,1,v40c_00271,orig_rule_00287
frame_00497,data/images/frame_00497.npy,VALIDATION,VALIDATION,no,1,v40c_00271,orig_rule_00287
frame_00498,data/images/frame_00498.npy,VALIDATION,VALIDATION,no,1,v40c_00271,orig_rule_00287
frame_00499,data/images/frame_00499.npy,VALIDATION,VALIDATION,no,1,v40c_00271,orig_rule_00287
frame_00500,data/images/frame_00500.npy,VALIDATION,VALIDATION,no,1,v40c_00271,orig_rule_00287
frame_00501,data/images/frame_00501.npy,VALIDATION,VALIDATION,no,1,v40c_00271,orig_rule_00287
frame_00502,data/images/frame_00502.npy,VALIDATION,VALIDATION,no,1,v40c_00271,orig_rule_00287
frame_00503,data/images/frame_00503.npy,TRAIN,VALIDATION,yes,0,v40c_00271,orig_rule_00288
frame_00504,data/images/frame_00504.npy,TRAIN,VALIDATION,yes,0,v40c_00271,orig_rule_00288
frame_00505,data/images/frame_00505.npy,TRAIN,VALIDATION,yes,0,v40c_00271,orig_rule_00288
frame_00506,data/images/frame_00506.npy,TRAIN,VALIDATION,yes,0,v40c_00271,orig_rule_00288
frame_00507,data/images/frame_00507.npy,TRAIN,VALIDATION,yes,0,v40c_00271,orig_rule_00288
frame_00508,data/images/frame_00508.npy,TRAIN,VALIDATION,yes,0,v40c_00271,orig_rule_00288
frame_00509,data/images/frame_00509.npy,TRAIN,VALIDATION,yes,0,v40c_00271,orig_rule_00288
frame_00510,data/images/frame_00510.npy,TRAIN,VALIDATION,yes,0,v40c_00271,orig_rule_00288
frame_00511,data/images/frame_00511.npy,VALIDATION,VALIDATION,no,0,v40c_00271,orig_singleton_frame_00511
frame_00528,data/images/frame_00528.npy,TRAIN,TRAIN,no,0,v40c_00272,orig_rule_00290
frame_00529,data/images/frame_00529.npy,TRAIN,TRAIN,no,0,v40c_00272,orig_rule_00290
frame_00530,data/images/frame_00530.npy,TRAIN,TRAIN,no,0,v40c_00272,orig_rule_00290
frame_00531,data/images/frame_00531.npy,TRAIN,TRAIN,no,0,v40c_00272,orig_rule_00290
frame_00532,data/images/frame_00532.npy,TRAIN,TRAIN,no,0,v40c_00272,orig_rule_00290
frame_00533,data/images/frame_00533.npy,TRAIN,TRAIN,no,0,v40c_00272,orig_rule_00290
frame_00534,data/images/frame_00534.npy,TRAIN,TRAIN,no,0,v40c_00272,orig_rule_00290
frame_00535,data/images/frame_00535.npy,TRAIN,TRAIN,no,0,v40c_00272,orig_rule_00290
frame_00536,data/images/frame_00536.npy,TRAIN,TRAIN,no,0,v40c_00272,orig_rule_00290
frame_00537,data/images/frame_00537.npy,TRAIN,TRAIN,no,0,v40c_00272,orig_rule_00290
frame_00538,data/images/frame_00538.npy,TRAIN,TRAIN,no,0,v40c_00272,orig_rule_00290
frame_00539,data/images/frame_00539.npy,TRAIN,TRAIN,no,0,v40c_00272,orig_rule_00290
frame_00540,data/images/frame_00540.npy,TRAIN,TRAIN,no,0,v40c_00272,orig_rule_00290
frame_00541,data/images/frame_00541.npy,TRAIN,TRAIN,no,0,v40c_00273,orig_singleton_frame_00541
frame_00542,data/images/frame_00542.npy,TRAIN,TRAIN,no,0,v40c_00272,orig_rule_00290
frame_00543,data/images/frame_00543.npy,TRAIN,TRAIN,no,0,v40c_00272,orig_rule_00290
frame_00544,data/images/frame_00544.npy,TRAIN,TRAIN,no,0,v40c_00272,orig_rule_00290
frame_00545,data/images/frame_00545.npy,TRAIN,TRAIN,no,0,v40c_00272,orig_rule_00290
frame_00546,data/images/frame_00546.npy,TRAIN,TRAIN,no,0,v40c_00272,orig_rule_00290
frame_00547,data/images/frame_00547.npy,TRAIN,TRAIN,no,0,v40c_00272,orig_rule_00290
frame_00548,data/images/frame_00548.npy,TRAIN,TRAIN,no,0,v40c_00272,orig_rule_00290
frame_00549,data/images/frame_00549.npy,TRAIN,TRAIN,no,0,v40c_00272,orig_rule_00290
frame_00550,data/images/frame_00550.npy,TRAIN,TRAIN,no,0,v40c_00272,orig_rule_00290
frame_00551,data/images/frame_00551.npy,TRAIN,TRAIN,no,0,v40c_00272,orig_rule_00290
frame_00552,data/images/frame_00552.npy,TRAIN,TRAIN,no,0,v40c_00272,orig_rule_00290
frame_00553,data/images/frame_00553.npy,TRAIN,TRAIN,no,0,v40c_00272,orig_rule_00290
frame_00554,data/images/frame_00554.npy,TRAIN,TRAIN,no,0,v40c_00272,orig_rule_00290
frame_00555,data/images/frame_00555.npy,TRAIN,TRAIN,no,0,v40c_00272,orig_rule_00290
frame_00556,data/images/frame_00556.npy,TRAIN,TRAIN,no,0,v40c_00274,orig_singleton_frame_00556
frame_00557,data/images/frame_00557.npy,TRAIN,TRAIN,no,0,v40c_00272,orig_rule_00290
frame_00558,data/images/frame_00558.npy,TRAIN,TRAIN,no,0,v40c_00275,orig_singleton_frame_00558
frame_00559,data/images/frame_00559.npy,TRAIN,TRAIN,no,0,v40c_00276,orig_rule_00294
frame_00560,data/images/frame_00560.npy,TRAIN,TRAIN,no,0,v40c_00276,orig_rule_00294
frame_00561,data/images/frame_00561.npy,TRAIN,TRAIN,no,0,v40c_00276,orig_rule_00294
frame_00562,data/images/frame_00562.npy,TRAIN,TRAIN,no,0,v40c_00276,orig_rule_00294
frame_00563,data/images/frame_00563.npy,TRAIN,TRAIN,no,0,v40c_00276,orig_rule_00294
frame_00564,data/images/frame_00564.npy,TRAIN,TRAIN,no,0,v40c_00276,orig_rule_00294
frame_00565,data/images/frame_00565.npy,TRAIN,TRAIN,no,0,v40c_00277,orig_singleton_frame_00565
frame_00566,data/images/frame_00566.npy,TRAIN,TRAIN,no,0,v40c_00278,orig_singleton_frame_00566
frame_00567,data/images/frame_00567.npy,TRAIN,TRAIN,no,0,v40c_00279,orig_rule_00297
frame_00568,data/images/frame_00568.npy,TRAIN,TRAIN,no,0,v40c_00279,orig_rule_00297
frame_00569,data/images/frame_00569.npy,TRAIN,TRAIN,no,0,v40c_00279,orig_rule_00297
frame_00570,data/images/frame_00570.npy,TRAIN,TRAIN,no,0,v40c_00279,orig_rule_00297
frame_00571,data/images/frame_00571.npy,TRAIN,TRAIN,no,0,v40c_00279,orig_rule_00297
frame_00572,data/images/frame_00572.npy,TRAIN,TRAIN,no,0,v40c_00279,orig_rule_00297
frame_00573,data/images/frame_00573.npy,TRAIN,TRAIN,no,0,v40c_00279,orig_rule_00297
frame_00574,data/images/frame_00574.npy,TRAIN,TRAIN,no,0,v40c_00279,orig_rule_00297
frame_00575,data/images/frame_00575.npy,TRAIN,TRAIN,no,0,v40c_00280,orig_rule_00298
frame_00576,data/images/frame_00576.npy,TRAIN,TRAIN,no,0,v40c_00280,orig_rule_00298
frame_00577,data/images/frame_00577.npy,TRAIN,TRAIN,no,0,v40c_00280,orig_rule_00298
frame_00578,data/images/frame_00578.npy,TRAIN,TRAIN,no,0,v40c_00280,orig_rule_00298
frame_00579,data/images/frame_00579.npy,TRAIN,TRAIN,no,0,v40c_00281,orig_singleton_frame_00579
frame_00580,data/images/frame_00580.npy,TRAIN,TRAIN,no,0,v40c_00282,orig_rule_00300
frame_00581,data/images/frame_00581.npy,TRAIN,TRAIN,no,0,v40c_00283,orig_rule_00301
frame_00582,data/images/frame_00582.npy,TRAIN,TRAIN,no,0,v40c_00283,orig_rule_00301
frame_00583,data/images/frame_00583.npy,TRAIN,TRAIN,no,0,v40c_00282,orig_rule_00300
frame_00584,data/images/frame_00584.npy,TRAIN,TRAIN,no,0,v40c_00282,orig_rule_00300
frame_00585,data/images/frame_00585.npy,TRAIN,TRAIN,no,0,v40c_00282,orig_rule_00300
frame_00586,data/images/frame_00586.npy,TRAIN,TRAIN,no,0,v40c_00282,orig_rule_00300
frame_00587,data/images/frame_00587.npy,TRAIN,TRAIN,no,0,v40c_00282,orig_rule_00300
frame_00588,data/images/frame_00588.npy,TRAIN,TRAIN,no,0,v40c_00282,orig_rule_00300
frame_00589,data/images/frame_00589.npy,TRAIN,TRAIN,no,0,v40c_00282,orig_rule_00300
frame_00590,data/images/frame_00590.npy,TRAIN,TRAIN,no,0,v40c_00282,orig_rule_00300
frame_00591,data/images/frame_00591.npy,TRAIN,TRAIN,no,0,v40c_00282,orig_rule_00300
frame_00592,data/images/frame_00592.npy,TRAIN,TRAIN,no,0,v40c_00282,orig_rule_00300
frame_00593,data/images/frame_00593.npy,TRAIN,TRAIN,no,0,v40c_00282,orig_rule_00300
frame_00594,data/images/frame_00594.npy,TRAIN,TRAIN,no,0,v40c_00283,orig_rule_00301
frame_00595,data/images/frame_00595.npy,TRAIN,TRAIN,no,0,v40c_00283,orig_rule_00301
frame_00596,data/images/frame_00596.npy,TRAIN,TRAIN,no,0,v40c_00283,orig_rule_00301
frame_00597,data/images/frame_00597.npy,TRAIN,TRAIN,no,0,v40c_00283,orig_rule_00301
frame_00598,data/images/frame_00598.npy,TRAIN,TRAIN,no,0,v40c_00283,orig_rule_00301
frame_00599,data/images/frame_00599.npy,TRAIN,TRAIN,no,0,v40c_00283,orig_rule_00301
frame_00600,data/images/frame_00600.npy,TRAIN,TRAIN,no,0,v40c_00283,orig_rule_00301
frame_00601,data/images/frame_00601.npy,TRAIN,TRAIN,no,0,v40c_00283,orig_rule_00301
frame_00602,data/images/frame_00602.npy,TRAIN,TRAIN,no,0,v40c_00283,orig_rule_00301
frame_00603,data/images/frame_00603.npy,TRAIN,TRAIN,no,0,v40c_00283,orig_rule_00301
frame_00604,data/images/frame_00604.npy,TRAIN,TRAIN,no,0,v40c_00283,orig_rule_00301
frame_00605,data/images/frame_00605.npy,TRAIN,TRAIN,no,0,v40c_00283,orig_rule_00301
frame_00606,data/images/frame_00606.npy,TRAIN,TRAIN,no,0,v40c_00283,orig_rule_00301
frame_00607,data/images/frame_00607.npy,TRAIN,TRAIN,no,0,v40c_00283,orig_rule_00301
frame_00608,data/images/frame_00608.npy,TRAIN,TRAIN,no,0,v40c_00283,orig_rule_00301
frame_00609,data/images/frame_00609.npy,TRAIN,TRAIN,no,0,v40c_00283,orig_rule_00301
frame_00610,data/images/frame_00610.npy,TRAIN,TRAIN,no,0,v40c_00283,orig_rule_00301
frame_00611,data/images/frame_00611.npy,TRAIN,TRAIN,no,0,v40c_00283,orig_rule_00301
frame_00612,data/images/frame_00612.npy,TRAIN,TRAIN,no,0,v40c_00283,orig_rule_00301
frame_00613,data/images/frame_00613.npy,TRAIN,TRAIN,no,0,v40c_00283,orig_rule_00301
frame_00614,data/images/frame_00614.npy,TRAIN,TRAIN,no,0,v40c_00283,orig_rule_00301
frame_00615,data/images/frame_00615.npy,TRAIN,TRAIN,no,0,v40c_00283,orig_rule_00301
frame_00616,data/images/frame_00616.npy,TRAIN,TRAIN,no,0,v40c_00283,orig_rule_00301
frame_00617,data/images/frame_00617.npy,TRAIN,TRAIN,no,0,v40c_00283,orig_rule_00301
frame_00618,data/images/frame_00618.npy,TRAIN,TRAIN,no,0,v40c_00283,orig_rule_00301
frame_00619,data/images/frame_00619.npy,TRAIN,TRAIN,no,0,v40c_00283,orig_rule_00301
frame_00620,data/images/frame_00620.npy,TRAIN,TRAIN,no,0,v40c_00283,orig_rule_00301
frame_00621,data/images/frame_00621.npy,TRAIN,TRAIN,no,0,v40c_00283,orig_rule_00301
frame_00622,data/images/frame_00622.npy,TRAIN,TRAIN,no,0,v40c_00283,orig_rule_00301
frame_00623,data/images/frame_00623.npy,TRAIN,TRAIN,no,0,v40c_00283,orig_rule_00301
frame_00624,data/images/frame_00624.npy,TRAIN,TRAIN,no,0,v40c_00283,orig_rule_00301
frame_00625,data/images/frame_00625.npy,TRAIN,TRAIN,no,0,v40c_00284,orig_rule_00302
frame_00626,data/images/frame_00626.npy,TRAIN,TRAIN,no,0,v40c_00284,orig_rule_00302
frame_00627,data/images/frame_00627.npy,TRAIN,TRAIN,no,0,v40c_00284,orig_rule_00302
frame_00628,data/images/frame_00628.npy,TRAIN,TRAIN,no,0,v40c_00284,orig_rule_00302
frame_00629,data/images/frame_00629.npy,TRAIN,TRAIN,no,0,v40c_00284,orig_rule_00302
frame_00630,data/images/frame_00630.npy,TRAIN,TRAIN,no,0,v40c_00284,orig_rule_00302
frame_00631,data/images/frame_00631.npy,TRAIN,TRAIN,no,0,v40c_00284,orig_rule_00302
frame_00632,data/images/frame_00632.npy,TRAIN,TRAIN,no,0,v40c_00284,orig_rule_00302
frame_00633,data/images/frame_00633.npy,TRAIN,TRAIN,no,0,v40c_00285,orig_rule_00303
frame_00634,data/images/frame_00634.npy,TRAIN,TRAIN,no,0,v40c_00285,orig_rule_00303
frame_00635,data/images/frame_00635.npy,TRAIN,TRAIN,no,0,v40c_00285,orig_rule_00303
frame_00636,data/images/frame_00636.npy,TRAIN,TRAIN,no,0,v40c_00286,orig_singleton_frame_00636
frame_00637,data/images/frame_00637.npy,TRAIN,TRAIN,no,0,v40c_00287,orig_singleton_frame_00637
frame_00638,data/images/frame_00638.npy,TRAIN,TRAIN,no,0,v40c_00288,orig_singleton_frame_00638
frame_00639,data/images/frame_00639.npy,TRAIN,TRAIN,no,0,v40c_00289,orig_singleton_frame_00639
frame_00640,data/images/frame_00640.npy,TRAIN,TRAIN,no,0,v40c_00290,orig_singleton_frame_00640
frame_00641,data/images/frame_00641.npy,TRAIN,TRAIN,no,1,v40c_00291,orig_rule_00309
frame_00642,data/images/frame_00642.npy,TRAIN,TRAIN,no,1,v40c_00291,orig_rule_00309
frame_00643,data/images/frame_00643.npy,TRAIN,TRAIN,no,1,v40c_00291,orig_rule_00309
frame_00644,data/images/frame_00644.npy,TRAIN,TRAIN,no,1,v40c_00292,orig_singleton_frame_00644
frame_00645,data/images/frame_00645.npy,TRAIN,TRAIN,no,1,v40c_00293,orig_singleton_frame_00645
frame_00646,data/images/frame_00646.npy,TRAIN,TRAIN,no,1,v40c_00294,orig_rule_00312
frame_00647,data/images/frame_00647.npy,TRAIN,TRAIN,no,1,v40c_00294,orig_rule_00312
frame_00648,data/images/frame_00648.npy,TRAIN,TRAIN,no,1,v40c_00294,orig_rule_00312
frame_00649,data/images/frame_00649.npy,TRAIN,TRAIN,no,1,v40c_00294,orig_rule_00312
frame_00650,data/images/frame_00650.npy,TRAIN,TRAIN,no,1,v40c_00295,orig_singleton_frame_00650
frame_00651,data/images/frame_00651.npy,TRAIN,TRAIN,no,1,v40c_00296,orig_singleton_frame_00651
frame_00652,data/images/frame_00652.npy,TRAIN,TRAIN,no,2,v40c_00297,orig_rule_00315
frame_00653,data/images/frame_00653.npy,TRAIN,TRAIN,no,2,v40c_00297,orig_rule_00315
frame_00654,data/images/frame_00654.npy,TRAIN,TRAIN,no,2,v40c_00297,orig_rule_00315
frame_00655,data/images/frame_00655.npy,TRAIN,TRAIN,no,2,v40c_00298,orig_singleton_frame_00655
frame_00656,data/images/frame_00656.npy,TRAIN,TRAIN,no,2,v40c_00299,orig_singleton_frame_00656
frame_00657,data/images/frame_00657.npy,TRAIN,TRAIN,no,2,v40c_00300,orig_singleton_frame_00657
frame_00658,data/images/frame_00658.npy,TRAIN,TRAIN,no,2,v40c_00301,orig_singleton_frame_00658
frame_00659,data/images/frame_00659.npy,TRAIN,TRAIN,no,2,v40c_00302,orig_rule_00320
frame_00660,data/images/frame_00660.npy,TRAIN,TRAIN,no,2,v40c_00302,orig_rule_00320
frame_00661,data/images/frame_00661.npy,TRAIN,TRAIN,no,2,v40c_00303,orig_singleton_frame_00661
frame_00662,data/images/frame_00662.npy,TRAIN,TRAIN,no,2,v40c_00304,orig_singleton_frame_00662
frame_00663,data/images/frame_00663.npy,TRAIN,TRAIN,no,2,v40c_00305,orig_singleton_frame_00663
frame_00664,data/images/frame_00664.npy,TRAIN,TRAIN,no,2,v40c_00306,orig_singleton_frame_00664
frame_00665,data/images/frame_00665.npy,TRAIN,TRAIN,no,2,v40c_00307,orig_singleton_frame_00665
frame_00666,data/images/frame_00666.npy,TRAIN,TRAIN,no,2,v40c_00308,orig_singleton_frame_00666
frame_00667,data/images/frame_00667.npy,TRAIN,TRAIN,no,2,v40c_00309,orig_singleton_frame_00667
frame_00668,data/images/frame_00668.npy,TRAIN,TRAIN,no,2,v40c_00310,orig_singleton_frame_00668
frame_00669,data/images/frame_00669.npy,TRAIN,TRAIN,no,2,v40c_00311,orig_singleton_frame_00669
frame_00670,data/images/frame_00670.npy,TRAIN,TRAIN,no,2,v40c_00312,orig_singleton_frame_00670
frame_00671,data/images/frame_00671.npy,TRAIN,TRAIN,no,2,v40c_00313,orig_rule_00331
frame_00672,data/images/frame_00672.npy,TRAIN,TRAIN,no,2,v40c_00313,orig_rule_00331
frame_00673,data/images/frame_00673.npy,TRAIN,TRAIN,no,2,v40c_00314,orig_singleton_frame_00673
frame_00674,data/images/frame_00674.npy,TRAIN,TRAIN,no,2,v40c_00315,orig_singleton_frame_00674
frame_00675,data/images/frame_00675.npy,TRAIN,TRAIN,no,2,v40c_00316,orig_singleton_frame_00675
frame_00676,data/images/frame_00676.npy,TRAIN,TRAIN,no,2,v40c_00317,orig_singleton_frame_00676
frame_00677,data/images/frame_00677.npy,TRAIN,TRAIN,no,2,v40c_00318,orig_singleton_frame_00677
frame_00678,data/images/frame_00678.npy,TRAIN,TRAIN,no,2,v40c_00319,orig_singleton_frame_00678
frame_00679,data/images/frame_00679.npy,TRAIN,TRAIN,no,2,v40c_00320,orig_rule_00338
frame_00680,data/images/frame_00680.npy,TRAIN,TRAIN,no,2,v40c_00320,orig_rule_00338
frame_00681,data/images/frame_00681.npy,TRAIN,TRAIN,no,2,v40c_00320,orig_rule_00338
frame_00682,data/images/frame_00682.npy,TRAIN,TRAIN,no,2,v40c_00321,orig_singleton_frame_00682
frame_00683,data/images/frame_00683.npy,TRAIN,TRAIN,no,2,v40c_00322,orig_singleton_frame_00683
frame_00684,data/images/frame_00684.npy,TRAIN,TRAIN,no,2,v40c_00323,orig_singleton_frame_00684
frame_00685,data/images/frame_00685.npy,TRAIN,TRAIN,no,2,v40c_00324,orig_singleton_frame_00685
frame_00686,data/images/frame_00686.npy,TRAIN,TRAIN,no,2,v40c_00325,orig_singleton_frame_00686
frame_00687,data/images/frame_00687.npy,TRAIN,TRAIN,no,2,v40c_00326,orig_singleton_frame_00687
frame_00704,data/images/frame_00704.npy,VALIDATION,VALIDATION,no,3,v40c_00327,orig_rule_00345
frame_00705,data/images/frame_00705.npy,VALIDATION,VALIDATION,no,3,v40c_00328,orig_rule_00346
frame_00706,data/images/frame_00706.npy,VALIDATION,VALIDATION,no,2,v40c_00328,orig_rule_00346
frame_00707,data/images/frame_00707.npy,VALIDATION,VALIDATION,no,2,v40c_00327,orig_rule_00345
frame_00708,data/images/frame_00708.npy,VALIDATION,VALIDATION,no,3,v40c_00329,orig_singleton_frame_00708
frame_00709,data/images/frame_00709.npy,VALIDATION,VALIDATION,no,3,v40c_00330,orig_rule_00348
frame_00710,data/images/frame_00710.npy,VALIDATION,VALIDATION,no,3,v40c_00330,orig_rule_00348
frame_00711,data/images/frame_00711.npy,VALIDATION,VALIDATION,no,3,v40c_00330,orig_rule_00348
frame_00712,data/images/frame_00712.npy,VALIDATION,VALIDATION,no,3,v40c_00330,orig_rule_00348
frame_00713,data/images/frame_00713.npy,VALIDATION,VALIDATION,no,3,v40c_00331,orig_rule_00349
frame_00714,data/images/frame_00714.npy,VALIDATION,VALIDATION,no,3,v40c_00331,orig_rule_00349
frame_00715,data/images/frame_00715.npy,VALIDATION,VALIDATION,no,3,v40c_00331,orig_rule_00349
frame_00716,data/images/frame_00716.npy,VALIDATION,VALIDATION,no,3,v40c_00332,orig_singleton_frame_00716
frame_00717,data/images/frame_00717.npy,VALIDATION,VALIDATION,no,3,v40c_00333,orig_singleton_frame_00717
frame_00718,data/images/frame_00718.npy,VALIDATION,VALIDATION,no,3,v40c_00334,orig_singleton_frame_00718
frame_00719,data/images/frame_00719.npy,VALIDATION,VALIDATION,no,3,v40c_00335,orig_singleton_frame_00719
frame_00720,data/images/frame_00720.npy,VALIDATION,VALIDATION,no,2,v40c_00336,orig_singleton_frame_00720
frame_00721,data/images/frame_00721.npy,VALIDATION,VALIDATION,no,2,v40c_00337,orig_singleton_frame_00721
frame_00722,data/images/frame_00722.npy,VALIDATION,VALIDATION,no,2,v40c_00338,orig_singleton_frame_00722
frame_00723,data/images/frame_00723.npy,VALIDATION,VALIDATION,no,2,v40c_00339,orig_singleton_frame_00723
frame_00724,data/images/frame_00724.npy,VALIDATION,VALIDATION,no,2,v40c_00340,orig_singleton_frame_00724
frame_00725,data/images/frame_00725.npy,VALIDATION,VALIDATION,no,2,v40c_00341,orig_singleton_frame_00725
frame_00726,data/images/frame_00726.npy,VALIDATION,VALIDATION,no,2,v40c_00342,orig_singleton_frame_00726
frame_00727,data/images/frame_00727.npy,VALIDATION,VALIDATION,no,2,v40c_00343,orig_singleton_frame_00727
frame_00728,data/images/frame_00728.npy,VALIDATION,VALIDATION,no,2,v40c_00344,orig_singleton_frame_00728
frame_00729,data/images/frame_00729.npy,VALIDATION,VALIDATION,no,2,v40c_00345,orig_rule_00363
frame_00730,data/images/frame_00730.npy,VALIDATION,VALIDATION,no,2,v40c_00345,orig_rule_00363
frame_00731,data/images/frame_00731.npy,VALIDATION,VALIDATION,no,3,v40c_00346,orig_singleton_frame_00731
frame_00732,data/images/frame_00732.npy,VALIDATION,VALIDATION,no,3,v40c_00347,orig_singleton_frame_00732
frame_00733,data/images/frame_00733.npy,VALIDATION,VALIDATION,no,2,v40c_00348,orig_singleton_frame_00733
frame_00734,data/images/frame_00734.npy,VALIDATION,VALIDATION,no,2,v40c_00349,orig_singleton_frame_00734
frame_00735,data/images/frame_00735.npy,VALIDATION,VALIDATION,no,2,v40c_00350,orig_singleton_frame_00735
frame_00736,data/images/frame_00736.npy,VALIDATION,VALIDATION,no,2,v40c_00351,orig_singleton_frame_00736
frame_00737,data/images/frame_00737.npy,VALIDATION,VALIDATION,no,2,v40c_00352,orig_singleton_frame_00737
frame_00738,data/images/frame_00738.npy,VALIDATION,VALIDATION,no,2,v40c_00353,orig_singleton_frame_00738
frame_00739,data/images/frame_00739.npy,VALIDATION,VALIDATION,no,2,v40c_00354,orig_singleton_frame_00739
frame_00740,data/images/frame_00740.npy,VALIDATION,VALIDATION,no,2,v40c_00355,orig_singleton_frame_00740
frame_00741,data/images/frame_00741.npy,VALIDATION,VALIDATION,no,2,v40c_00356,orig_singleton_frame_00741
frame_00742,data/images/frame_00742.npy,VALIDATION,VALIDATION,no,2,v40c_00357,orig_singleton_frame_00742
frame_00743,data/images/frame_00743.npy,VALIDATION,VALIDATION,no,2,v40c_00358,orig_singleton_frame_00743
frame_00744,data/images/frame_00744.npy,VALIDATION,VALIDATION,no,2,v40c_00359,orig_singleton_frame_00744
frame_00745,data/images/frame_00745.npy,VALIDATION,VALIDATION,no,2,v40c_00360,orig_singleton_frame_00745
frame_00746,data/images/frame_00746.npy,VALIDATION,VALIDATION,no,2,v40c_00361,orig_singleton_frame_00746
frame_00747,data/images/frame_00747.npy,VALIDATION,VALIDATION,no,2,v40c_00362,orig_singleton_frame_00747
frame_00748,data/images/frame_00748.npy,VALIDATION,VALIDATION,no,2,v40c_00363,orig_singleton_frame_00748
frame_00749,data/images/frame_00749.npy,VALIDATION,VALIDATION,no,1,v40c_00364,orig_singleton_frame_00749
frame_00750,data/images/frame_00750.npy,VALIDATION,VALIDATION,no,1,v40c_00365,orig_singleton_frame_00750
frame_00751,data/images/frame_00751.npy,VALIDATION,VALIDATION,no,1,v40c_00366,orig_singleton_frame_00751
frame_00752,data/images/frame_00752.npy,VALIDATION,VALIDATION,no,1,v40c_00367,orig_singleton_frame_00752
frame_00753,data/images/frame_00753.npy,VALIDATION,VALIDATION,no,1,v40c_00368,orig_singleton_frame_00753
frame_00754,data/images/frame_00754.npy,VALIDATION,VALIDATION,no,1,v40c_00369,orig_singleton_frame_00754
frame_00755,data/images/frame_00755.npy,VALIDATION,VALIDATION,no,1,v40c_00370,orig_singleton_frame_00755
frame_00756,data/images/frame_00756.npy,VALIDATION,VALIDATION,no,1,v40c_00371,orig_singleton_frame_00756
frame_00757,data/images/frame_00757.npy,VALIDATION,VALIDATION,no,1,v40c_00372,orig_singleton_frame_00757
frame_00758,data/images/frame_00758.npy,VALIDATION,VALIDATION,no,2,v40c_00373,orig_rule_00391
frame_00759,data/images/frame_00759.npy,VALIDATION,VALIDATION,no,2,v40c_00373,orig_rule_00391
frame_00760,data/images/frame_00760.npy,VALIDATION,VALIDATION,no,2,v40c_00373,orig_rule_00391
frame_00761,data/images/frame_00761.npy,VALIDATION,VALIDATION,no,2,v40c_00374,orig_rule_00392
frame_00762,data/images/frame_00762.npy,VALIDATION,VALIDATION,no,2,v40c_00374,orig_rule_00392
frame_00763,data/images/frame_00763.npy,VALIDATION,VALIDATION,no,2,v40c_00374,orig_rule_00392
frame_00764,data/images/frame_00764.npy,VALIDATION,VALIDATION,no,2,v40c_00375,orig_singleton_frame_00764
frame_00765,data/images/frame_00765.npy,VALIDATION,VALIDATION,no,2,v40c_00376,orig_rule_00394
frame_00766,data/images/frame_00766.npy,VALIDATION,VALIDATION,no,2,v40c_00376,orig_rule_00394
frame_00767,data/images/frame_00767.npy,VALIDATION,VALIDATION,no,2,v40c_00377,orig_singleton_frame_00767
frame_00784,data/images/frame_00784.npy,TRAIN,TRAIN,no,1,v40c_00378,orig_singleton_frame_00784
frame_00785,data/images/frame_00785.npy,TRAIN,TRAIN,no,1,v40c_00379,orig_singleton_frame_00785
frame_00786,data/images/frame_00786.npy,TRAIN,TRAIN,no,1,v40c_00380,orig_singleton_frame_00786
frame_00787,data/images/frame_00787.npy,TRAIN,TRAIN,no,2,v40c_00381,orig_rule_00399
frame_00788,data/images/frame_00788.npy,TRAIN,TRAIN,no,1,v40c_00381,orig_rule_00399
frame_00789,data/images/frame_00789.npy,TRAIN,TRAIN,no,1,v40c_00381,orig_rule_00399
frame_00790,data/images/frame_00790.npy,TRAIN,TRAIN,no,1,v40c_00381,orig_rule_00399
frame_00791,data/images/frame_00791.npy,TRAIN,TRAIN,no,1,v40c_00381,orig_rule_00399
frame_00792,data/images/frame_00792.npy,TRAIN,TRAIN,no,0,v40c_00381,orig_rule_00399
frame_00793,data/images/frame_00793.npy,TRAIN,TRAIN,no,0,v40c_00381,orig_rule_00399
frame_00794,data/images/frame_00794.npy,TRAIN,TRAIN,no,0,v40c_00382,orig_singleton_frame_00794
frame_00795,data/images/frame_00795.npy,TRAIN,TRAIN,no,0,v40c_00383,orig_singleton_frame_00795
frame_00796,data/images/frame_00796.npy,TRAIN,TRAIN,no,0,v40c_00384,orig_singleton_frame_00796
frame_00797,data/images/frame_00797.npy,TRAIN,TRAIN,no,0,v40c_00385,orig_singleton_frame_00797
frame_00798,data/images/frame_00798.npy,TRAIN,TRAIN,no,0,v40c_00386,orig_singleton_frame_00798
frame_00799,data/images/frame_00799.npy,TRAIN,TRAIN,no,0,v40c_00387,orig_rule_00405
frame_00800,data/images/frame_00800.npy,TRAIN,TRAIN,no,0,v40c_00387,orig_rule_00405
frame_00801,data/images/frame_00801.npy,TRAIN,TRAIN,no,0,v40c_00388,orig_singleton_frame_00801
frame_00802,data/images/frame_00802.npy,TRAIN,TRAIN,no,0,v40c_00389,orig_singleton_frame_00802
frame_00803,data/images/frame_00803.npy,TRAIN,TRAIN,no,0,v40c_00390,orig_singleton_frame_00803
frame_00804,data/images/frame_00804.npy,TRAIN,TRAIN,no,1,v40c_00391,orig_singleton_frame_00804
frame_00805,data/images/frame_00805.npy,TRAIN,TRAIN,no,1,v40c_00392,orig_singleton_frame_00805
frame_00806,data/images/frame_00806.npy,TRAIN,TRAIN,no,1,v40c_00393,orig_rule_00411
frame_00807,data/images/frame_00807.npy,TRAIN,TRAIN,no,1,v40c_00394,orig_singleton_frame_00807
frame_00808,data/images/frame_00808.npy,TRAIN,TRAIN,no,1,v40c_00393,orig_rule_00411
frame_00809,data/images/frame_00809.npy,TRAIN,TRAIN,no,1,v40c_00393,orig_rule_00411
frame_00810,data/images/frame_00810.npy,TRAIN,TRAIN,no,2,v40c_00393,orig_rule_00411
frame_00811,data/images/frame_00811.npy,TRAIN,TRAIN,no,1,v40c_00393,orig_rule_00411
frame_00812,data/images/frame_00812.npy,TRAIN,TRAIN,no,1,v40c_00393,orig_rule_00411
frame_00813,data/images/frame_00813.npy,TRAIN,TRAIN,no,2,v40c_00393,orig_rule_00411
frame_00814,data/images/frame_00814.npy,TRAIN,TRAIN,no,2,v40c_00395,orig_singleton_frame_00814
frame_00815,data/images/frame_00815.npy,TRAIN,TRAIN,no,2,v40c_00396,orig_singleton_frame_00815
frame_00832,data/images/frame_00832.npy,VALIDATION,VALIDATION,no,3,v40c_00397,orig_rule_00415
frame_00833,data/images/frame_00833.npy,VALIDATION,VALIDATION,no,3,v40c_00397,orig_rule_00415
frame_00834,data/images/frame_00834.npy,VALIDATION,VALIDATION,no,3,v40c_00398,orig_singleton_frame_00834
frame_00835,data/images/frame_00835.npy,VALIDATION,VALIDATION,no,3,v40c_00399,orig_singleton_frame_00835
frame_00836,data/images/frame_00836.npy,VALIDATION,VALIDATION,no,3,v40c_00400,orig_singleton_frame_00836
frame_00837,data/images/frame_00837.npy,VALIDATION,VALIDATION,no,3,v40c_00401,orig_singleton_frame_00837
frame_00838,data/images/frame_00838.npy,VALIDATION,VALIDATION,no,3,v40c_00402,orig_singleton_frame_00838
frame_00839,data/images/frame_00839.npy,VALIDATION,VALIDATION,no,3,v40c_00403,orig_singleton_frame_00839
frame_00840,data/images/frame_00840.npy,VALIDATION,VALIDATION,no,3,v40c_00404,orig_singleton_frame_00840
frame_00841,data/images/frame_00841.npy,VALIDATION,VALIDATION,no,3,v40c_00405,orig_singleton_frame_00841
frame_00842,data/images/frame_00842.npy,VALIDATION,VALIDATION,no,4,v40c_00406,orig_singleton_frame_00842
frame_00843,data/images/frame_00843.npy,VALIDATION,VALIDATION,no,4,v40c_00407,orig_singleton_frame_00843
frame_00844,data/images/frame_00844.npy,VALIDATION,VALIDATION,no,4,v40c_00408,orig_singleton_frame_00844
frame_00845,data/images/frame_00845.npy,VALIDATION,VALIDATION,no,3,v40c_00409,orig_singleton_frame_00845
frame_00846,data/images/frame_00846.npy,VALIDATION,VALIDATION,no,4,v40c_00410,orig_singleton_frame_00846
frame_00847,data/images/frame_00847.npy,VALIDATION,VALIDATION,no,4,v40c_00411,orig_singleton_frame_00847
frame_00848,data/images/frame_00848.npy,VALIDATION,VALIDATION,no,3,v40c_00412,orig_singleton_frame_00848
frame_00849,data/images/frame_00849.npy,VALIDATION,VALIDATION,no,3,v40c_00413,orig_singleton_frame_00849
frame_00850,data/images/frame_00850.npy,VALIDATION,VALIDATION,no,3,v40c_00414,orig_singleton_frame_00850
frame_00851,data/images/frame_00851.npy,VALIDATION,VALIDATION,no,3,v40c_00415,orig_singleton_frame_00851
frame_00852,data/images/frame_00852.npy,VALIDATION,VALIDATION,no,4,v40c_00416,orig_singleton_frame_00852
frame_00853,data/images/frame_00853.npy,VALIDATION,VALIDATION,no,4,v40c_00417,orig_singleton_frame_00853
frame_00854,data/images/frame_00854.npy,VALIDATION,VALIDATION,no,4,v40c_00418,orig_singleton_frame_00854
frame_00855,data/images/frame_00855.npy,VALIDATION,VALIDATION,no,4,v40c_00419,orig_rule_00437
frame_00856,data/images/frame_00856.npy,VALIDATION,VALIDATION,no,4,v40c_00419,orig_rule_00437
frame_00857,data/images/frame_00857.npy,VALIDATION,VALIDATION,no,4,v40c_00419,orig_rule_00437
frame_00858,data/images/frame_00858.npy,VALIDATION,VALIDATION,no,5,v40c_00419,orig_rule_00437
frame_00859,data/images/frame_00859.npy,VALIDATION,VALIDATION,no,4,v40c_00420,orig_singleton_frame_00859
frame_00860,data/images/frame_00860.npy,VALIDATION,VALIDATION,no,4,v40c_00421,orig_singleton_frame_00860
frame_00861,data/images/frame_00861.npy,VALIDATION,VALIDATION,no,4,v40c_00422,orig_singleton_frame_00861
frame_00862,data/images/frame_00862.npy,VALIDATION,VALIDATION,no,4,v40c_00423,orig_singleton_frame_00862
frame_00863,data/images/frame_00863.npy,VALIDATION,VALIDATION,no,4,v40c_00424,orig_rule_00442
frame_00864,data/images/frame_00864.npy,VALIDATION,VALIDATION,no,4,v40c_00424,orig_rule_00442
frame_00865,data/images/frame_00865.npy,VALIDATION,VALIDATION,no,4,v40c_00425,orig_singleton_frame_00865
frame_00866,data/images/frame_00866.npy,VALIDATION,VALIDATION,no,4,v40c_00426,orig_singleton_frame_00866
frame_00867,data/images/frame_00867.npy,VALIDATION,VALIDATION,no,4,v40c_00427,orig_singleton_frame_00867
frame_00868,data/images/frame_00868.npy,VALIDATION,VALIDATION,no,5,v40c_00428,orig_singleton_frame_00868
frame_00869,data/images/frame_00869.npy,VALIDATION,VALIDATION,no,5,v40c_00429,orig_rule_00447
frame_00870,data/images/frame_00870.npy,VALIDATION,VALIDATION,no,4,v40c_00429,orig_rule_00447
frame_00871,data/images/frame_00871.npy,VALIDATION,VALIDATION,no,4,v40c_00429,orig_rule_00447
frame_00872,data/images/frame_00872.npy,VALIDATION,VALIDATION,no,4,v40c_00429,orig_rule_00447
frame_00873,data/images/frame_00873.npy,VALIDATION,VALIDATION,no,5,v40c_00430,orig_singleton_frame_00873
frame_00874,data/images/frame_00874.npy,VALIDATION,VALIDATION,no,5,v40c_00431,orig_singleton_frame_00874
frame_00875,data/images/frame_00875.npy,VALIDATION,VALIDATION,no,5,v40c_00432,orig_singleton_frame_00875
frame_00876,data/images/frame_00876.npy,VALIDATION,VALIDATION,no,5,v40c_00433,orig_singleton_frame_00876
frame_00877,data/images/frame_00877.npy,VALIDATION,VALIDATION,no,5,v40c_00434,orig_singleton_frame_00877
frame_00878,data/images/frame_00878.npy,VALIDATION,VALIDATION,no,4,v40c_00435,orig_singleton_frame_00878
frame_00879,data/images/frame_00879.npy,VALIDATION,VALIDATION,no,5,v40c_00436,orig_singleton_frame_00879
frame_00880,data/images/frame_00880.npy,VALIDATION,VALIDATION,no,5,v40c_00437,orig_singleton_frame_00880
frame_00881,data/images/frame_00881.npy,VALIDATION,VALIDATION,no,5,v40c_00438,orig_singleton_frame_00881
frame_00882,data/images/frame_00882.npy,VALIDATION,VALIDATION,no,5,v40c_00439,orig_singleton_frame_00882
frame_00883,data/images/frame_00883.npy,VALIDATION,VALIDATION,no,5,v40c_00440,orig_rule_00458
frame_00884,data/images/frame_00884.npy,VALIDATION,VALIDATION,no,5,v40c_00440,orig_rule_00458
frame_00885,data/images/frame_00885.npy,VALIDATION,VALIDATION,no,5,v40c_00440,orig_rule_00458
frame_00886,data/images/frame_00886.npy,VALIDATION,VALIDATION,no,5,v40c_00440,orig_rule_00458
frame_00887,data/images/frame_00887.npy,VALIDATION,VALIDATION,no,5,v40c_00440,orig_rule_00458
frame_00888,data/images/frame_00888.npy,VALIDATION,VALIDATION,no,5,v40c_00440,orig_rule_00458
frame_00889,data/images/frame_00889.npy,VALIDATION,VALIDATION,no,5,v40c_00440,orig_rule_00458
frame_00890,data/images/frame_00890.npy,VALIDATION,VALIDATION,no,5,v40c_00441,orig_singleton_frame_00890
frame_00891,data/images/frame_00891.npy,VALIDATION,VALIDATION,no,5,v40c_00442,orig_singleton_frame_00891
frame_00892,data/images/frame_00892.npy,VALIDATION,VALIDATION,no,5,v40c_00443,orig_singleton_frame_00892
frame_00893,data/images/frame_00893.npy,VALIDATION,VALIDATION,no,5,v40c_00444,orig_rule_00462
frame_00894,data/images/frame_00894.npy,VALIDATION,VALIDATION,no,5,v40c_00444,orig_rule_00462
frame_00895,data/images/frame_00895.npy,VALIDATION,VALIDATION,no,5,v40c_00444,orig_rule_00462
frame_00912,data/images/frame_00912.npy,TRAIN,TRAIN,no,4,v40c_00445,orig_rule_00463
frame_00913,data/images/frame_00913.npy,TRAIN,TRAIN,no,4,v40c_00445,orig_rule_00463
frame_00914,data/images/frame_00914.npy,TRAIN,TRAIN,no,4,v40c_00446,orig_singleton_frame_00914
frame_00915,data/images/frame_00915.npy,TRAIN,TRAIN,no,4,v40c_00445,orig_rule_00463
frame_00916,data/images/frame_00916.npy,TRAIN,TRAIN,no,4,v40c_00447,orig_rule_00465
frame_00917,data/images/frame_00917.npy,TRAIN,TRAIN,no,4,v40c_00447,orig_rule_00465
frame_00918,data/images/frame_00918.npy,TRAIN,TRAIN,no,4,v40c_00448,orig_singleton_frame_00918
frame_00919,data/images/frame_00919.npy,TRAIN,TRAIN,no,5,v40c_00449,orig_singleton_frame_00919
frame_00920,data/images/frame_00920.npy,TRAIN,TRAIN,no,5,v40c_00450,orig_rule_00468
frame_00921,data/images/frame_00921.npy,TRAIN,TRAIN,no,5,v40c_00450,orig_rule_00468
frame_00922,data/images/frame_00922.npy,TRAIN,TRAIN,no,5,v40c_00450,orig_rule_00468
frame_00923,data/images/frame_00923.npy,TRAIN,TRAIN,no,5,v40c_00450,orig_rule_00468
frame_00924,data/images/frame_00924.npy,TRAIN,TRAIN,no,5,v40c_00450,orig_rule_00468
frame_00925,data/images/frame_00925.npy,TRAIN,TRAIN,no,5,v40c_00450,orig_rule_00468
frame_00926,data/images/frame_00926.npy,TRAIN,TRAIN,no,5,v40c_00451,orig_rule_00469
frame_00927,data/images/frame_00927.npy,TRAIN,TRAIN,no,5,v40c_00451,orig_rule_00469
frame_00928,data/images/frame_00928.npy,TRAIN,TRAIN,no,5,v40c_00451,orig_rule_00469
frame_00929,data/images/frame_00929.npy,TRAIN,TRAIN,no,5,v40c_00451,orig_rule_00469
frame_00930,data/images/frame_00930.npy,TRAIN,TRAIN,no,5,v40c_00452,orig_singleton_frame_00930
frame_00931,data/images/frame_00931.npy,TRAIN,TRAIN,no,6,v40c_00453,orig_singleton_frame_00931
frame_00932,data/images/frame_00932.npy,TRAIN,VALIDATION,yes,5,v40c_00454,orig_singleton_frame_00932
frame_00933,data/images/frame_00933.npy,VALIDATION,VALIDATION,no,5,v40c_00454,orig_rule_00473
frame_00934,data/images/frame_00934.npy,VALIDATION,VALIDATION,no,5,v40c_00454,orig_rule_00473
frame_00935,data/images/frame_00935.npy,VALIDATION,VALIDATION,no,4,v40c_00454,orig_rule_00473
frame_00936,data/images/frame_00936.npy,VALIDATION,VALIDATION,no,5,v40c_00454,orig_rule_00473
frame_00937,data/images/frame_00937.npy,VALIDATION,VALIDATION,no,4,v40c_00454,orig_rule_00473
frame_00938,data/images/frame_00938.npy,VALIDATION,VALIDATION,no,4,v40c_00454,orig_singleton_frame_00938
frame_00939,data/images/frame_00939.npy,VALIDATION,VALIDATION,no,5,v40c_00454,orig_singleton_frame_00939
frame_00940,data/images/frame_00940.npy,VALIDATION,VALIDATION,no,5,v40c_00454,orig_rule_00473
frame_00941,data/images/frame_00941.npy,VALIDATION,VALIDATION,no,4,v40c_00454,orig_rule_00473
frame_00942,data/images/frame_00942.npy,VALIDATION,VALIDATION,no,4,v40c_00454,orig_rule_00473
frame_00943,data/images/frame_00943.npy,VALIDATION,VALIDATION,no,4,v40c_00454,orig_singleton_frame_00943
frame_00960,data/images/frame_00960.npy,VALIDATION,VALIDATION,no,6,v40c_00454,orig_rule_00473
frame_00961,data/images/frame_00961.npy,VALIDATION,VALIDATION,no,6,v40c_00454,orig_rule_00473
frame_00962,data/images/frame_00962.npy,VALIDATION,VALIDATION,no,6,v40c_00455,orig_singleton_frame_00962
frame_00963,data/images/frame_00963.npy,VALIDATION,VALIDATION,no,6,v40c_00456,orig_rule_00478
frame_00964,data/images/frame_00964.npy,VALIDATION,VALIDATION,no,6,v40c_00457,orig_singleton_frame_00964
frame_00965,data/images/frame_00965.npy,VALIDATION,VALIDATION,no,5,v40c_00458,orig_singleton_frame_00965
frame_00966,data/images/frame_00966.npy,VALIDATION,VALIDATION,no,5,v40c_00454,orig_rule_00473
frame_00967,data/images/frame_00967.npy,VALIDATION,VALIDATION,no,5,v40c_00454,orig_rule_00473
frame_00968,data/images/frame_00968.npy,VALIDATION,VALIDATION,no,6,v40c_00454,orig_rule_00473
frame_00969,data/images/frame_00969.npy,VALIDATION,VALIDATION,no,5,v40c_00454,orig_rule_00473
frame_00970,data/images/frame_00970.npy,VALIDATION,VALIDATION,no,5,v40c_00454,orig_rule_00473
frame_00971,data/images/frame_00971.npy,VALIDATION,VALIDATION,no,5,v40c_00459,orig_singleton_frame_00971
frame_00972,data/images/frame_00972.npy,VALIDATION,VALIDATION,no,5,v40c_00460,orig_singleton_frame_00972
frame_00973,data/images/frame_00973.npy,VALIDATION,VALIDATION,no,5,v40c_00461,orig_singleton_frame_00973
frame_00974,data/images/frame_00974.npy,VALIDATION,VALIDATION,no,5,v40c_00456,orig_rule_00478
frame_00975,data/images/frame_00975.npy,VALIDATION,VALIDATION,no,4,v40c_00462,orig_singleton_frame_00975
frame_00976,data/images/frame_00976.npy,VALIDATION,VALIDATION,no,5,v40c_00463,orig_singleton_frame_00976
frame_00977,data/images/frame_00977.npy,VALIDATION,VALIDATION,no,5,v40c_00464,orig_rule_00486
frame_00978,data/images/frame_00978.npy,VALIDATION,VALIDATION,no,5,v40c_00464,orig_rule_00486
frame_00979,data/images/frame_00979.npy,VALIDATION,VALIDATION,no,5,v40c_00465,orig_rule_00487
frame_00980,data/images/frame_00980.npy,VALIDATION,VALIDATION,no,4,v40c_00466,orig_singleton_frame_00980
frame_00981,data/images/frame_00981.npy,VALIDATION,VALIDATION,no,4,v40c_00465,orig_rule_00487
frame_00982,data/images/frame_00982.npy,VALIDATION,VALIDATION,no,4,v40c_00467,orig_singleton_frame_00982
frame_00983,data/images/frame_00983.npy,VALIDATION,VALIDATION,no,5,v40c_00468,orig_singleton_frame_00983
frame_00984,data/images/frame_00984.npy,VALIDATION,VALIDATION,no,5,v40c_00469,orig_singleton_frame_00984
frame_00985,data/images/frame_00985.npy,VALIDATION,VALIDATION,no,5,v40c_00470,orig_rule_00492
frame_00986,data/images/frame_00986.npy,VALIDATION,VALIDATION,no,5,v40c_00470,orig_rule_00492
frame_00987,data/images/frame_00987.npy,VALIDATION,VALIDATION,no,4,v40c_00470,orig_rule_00492
frame_00988,data/images/frame_00988.npy,VALIDATION,VALIDATION,no,4,v40c_00471,orig_singleton_frame_00988
frame_00989,data/images/frame_00989.npy,VALIDATION,VALIDATION,no,5,v40c_00472,orig_singleton_frame_00989
frame_00990,data/images/frame_00990.npy,VALIDATION,VALIDATION,no,5,v40c_00473,orig_singleton_frame_00990
frame_00991,data/images/frame_00991.npy,VALIDATION,VALIDATION,no,5,v40c_00474,orig_rule_00496
frame_00992,data/images/frame_00992.npy,VALIDATION,VALIDATION,no,4,v40c_00474,orig_rule_00496
frame_00993,data/images/frame_00993.npy,VALIDATION,VALIDATION,no,4,v40c_00475,orig_rule_00497
frame_00994,data/images/frame_00994.npy,VALIDATION,VALIDATION,no,4,v40c_00475,orig_rule_00497
frame_00995,data/images/frame_00995.npy,VALIDATION,VALIDATION,no,4,v40c_00476,orig_singleton_frame_00995
frame_00996,data/images/frame_00996.npy,VALIDATION,VALIDATION,no,4,v40c_00477,orig_rule_00499
frame_00997,data/images/frame_00997.npy,VALIDATION,VALIDATION,no,4,v40c_00478,orig_singleton_frame_00997
frame_00998,data/images/frame_00998.npy,VALIDATION,VALIDATION,no,4,v40c_00477,orig_rule_00499
frame_00999,data/images/frame_00999.npy,VALIDATION,VALIDATION,no,4,v40c_00479,orig_singleton_frame_00999
frame_01000,data/images/frame_01000.npy,VALIDATION,VALIDATION,no,4,v40c_00480,orig_rule_00502
frame_01001,data/images/frame_01001.npy,VALIDATION,VALIDATION,no,4,v40c_00481,orig_rule_00503
frame_01002,data/images/frame_01002.npy,VALIDATION,VALIDATION,no,4,v40c_00480,orig_rule_00502
frame_01003,data/images/frame_01003.npy,VALIDATION,VALIDATION,no,4,v40c_00481,orig_rule_00503
frame_01004,data/images/frame_01004.npy,VALIDATION,VALIDATION,no,4,v40c_00481,orig_rule_00503
frame_01005,data/images/frame_01005.npy,VALIDATION,VALIDATION,no,3,v40c_00482,orig_singleton_frame_01005
frame_01006,data/images/frame_01006.npy,VALIDATION,VALIDATION,no,3,v40c_00483,orig_rule_00505
frame_01007,data/images/frame_01007.npy,VALIDATION,VALIDATION,no,3,v40c_00483,orig_rule_00505
frame_01008,data/images/frame_01008.npy,VALIDATION,VALIDATION,no,3,v40c_00484,orig_singleton_frame_01008
frame_01009,data/images/frame_01009.npy,VALIDATION,VALIDATION,no,3,v40c_00483,orig_rule_00505
frame_01010,data/images/frame_01010.npy,VALIDATION,VALIDATION,no,3,v40c_00483,orig_rule_00505
frame_01011,data/images/frame_01011.npy,VALIDATION,VALIDATION,no,3,v40c_00483,orig_rule_00505
frame_01012,data/images/frame_01012.npy,VALIDATION,VALIDATION,no,3,v40c_00483,orig_rule_00505
frame_01013,data/images/frame_01013.npy,VALIDATION,VALIDATION,no,3,v40c_00485,orig_singleton_frame_01013
frame_01014,data/images/frame_01014.npy,VALIDATION,VALIDATION,no,3,v40c_00486,orig_singleton_frame_01014
frame_01015,data/images/frame_01015.npy,VALIDATION,VALIDATION,no,3,v40c_00487,orig_singleton_frame_01015
frame_01016,data/images/frame_01016.npy,VALIDATION,VALIDATION,no,3,v40c_00488,orig_singleton_frame_01016
frame_01017,data/images/frame_01017.npy,VALIDATION,VALIDATION,no,3,v40c_00489,orig_singleton_frame_01017
frame_01018,data/images/frame_01018.npy,VALIDATION,VALIDATION,no,3,v40c_00490,orig_singleton_frame_01018
frame_01019,data/images/frame_01019.npy,VALIDATION,VALIDATION,no,3,v40c_00491,orig_rule_00513
frame_01020,data/images/frame_01020.npy,VALIDATION,VALIDATION,no,3,v40c_00491,orig_rule_00513
frame_01021,data/images/frame_01021.npy,VALIDATION,VALIDATION,no,3,v40c_00492,orig_singleton_frame_01021
frame_01022,data/images/frame_01022.npy,VALIDATION,VALIDATION,no,3,v40c_00493,orig_singleton_frame_01022
frame_01023,data/images/frame_01023.npy,VALIDATION,VALIDATION,no,3,v40c_00494,orig_singleton_frame_01023
frame_01040,data/images/frame_01040.npy,TRAIN,TRAIN,no,2,v40c_00495,orig_singleton_frame_01040
frame_01041,data/images/frame_01041.npy,TRAIN,TRAIN,no,2,v40c_00496,orig_rule_00518
frame_01042,data/images/frame_01042.npy,TRAIN,TRAIN,no,2,v40c_00496,orig_rule_00518
frame_01043,data/images/frame_01043.npy,TRAIN,TRAIN,no,2,v40c_00497,orig_singleton_frame_01043
frame_01044,data/images/frame_01044.npy,TRAIN,TRAIN,no,2,v40c_00496,orig_rule_00518
frame_01045,data/images/frame_01045.npy,TRAIN,TRAIN,no,2,v40c_00498,orig_rule_00520
frame_01046,data/images/frame_01046.npy,TRAIN,TRAIN,no,2,v40c_00499,orig_singleton_frame_01046
frame_01047,data/images/frame_01047.npy,TRAIN,TRAIN,no,2,v40c_00498,orig_rule_00520
frame_01048,data/images/frame_01048.npy,TRAIN,TRAIN,no,2,v40c_00500,orig_singleton_frame_01048
frame_01049,data/images/frame_01049.npy,TRAIN,TRAIN,no,2,v40c_00501,orig_singleton_frame_01049
frame_01050,data/images/frame_01050.npy,TRAIN,TRAIN,no,2,v40c_00502,orig_singleton_frame_01050
frame_01051,data/images/frame_01051.npy,TRAIN,TRAIN,no,2,v40c_00503,orig_singleton_frame_01051
frame_01052,data/images/frame_01052.npy,TRAIN,TRAIN,no,2,v40c_00504,orig_singleton_frame_01052
frame_01053,data/images/frame_01053.npy,TRAIN,TRAIN,no,2,v40c_00505,orig_singleton_frame_01053
frame_01054,data/images/frame_01054.npy,TRAIN,TRAIN,no,3,v40c_00506,orig_singleton_frame_01054
frame_01055,data/images/frame_01055.npy,TRAIN,TRAIN,no,3,v40c_00507,orig_singleton_frame_01055
frame_01056,data/images/frame_01056.npy,TRAIN,TRAIN,no,3,v40c_00508,orig_singleton_frame_01056
frame_01057,data/images/frame_01057.npy,TRAIN,TRAIN,no,3,v40c_00509,orig_singleton_frame_01057
frame_01058,data/images/frame_01058.npy,TRAIN,TRAIN,no,3,v40c_00510,orig_singleton_frame_01058
frame_01059,data/images/frame_01059.npy,TRAIN,TRAIN,no,3,v40c_00511,orig_singleton_frame_01059
frame_01060,data/images/frame_01060.npy,TRAIN,TRAIN,no,3,v40c_00512,orig_singleton_frame_01060
frame_01061,data/images/frame_01061.npy,TRAIN,TRAIN,no,3,v40c_00513,orig_singleton_frame_01061
frame_01062,data/images/frame_01062.npy,TRAIN,TRAIN,no,2,v40c_00514,orig_singleton_frame_01062
frame_01063,data/images/frame_01063.npy,TRAIN,TRAIN,no,2,v40c_00515,orig_singleton_frame_01063
frame_01064,data/images/frame_01064.npy,TRAIN,TRAIN,no,2,v40c_00516,orig_singleton_frame_01064
frame_01065,data/images/frame_01065.npy,TRAIN,TRAIN,no,2,v40c_00517,orig_singleton_frame_01065
frame_01066,data/images/frame_01066.npy,TRAIN,TRAIN,no,1,v40c_00518,orig_singleton_frame_01066
frame_01067,data/images/frame_01067.npy,TRAIN,TRAIN,no,1,v40c_00519,orig_singleton_frame_01067
frame_01068,data/images/frame_01068.npy,TRAIN,TRAIN,no,2,v40c_00520,orig_singleton_frame_01068
frame_01069,data/images/frame_01069.npy,TRAIN,TRAIN,no,2,v40c_00521,orig_singleton_frame_01069
frame_01070,data/images/frame_01070.npy,TRAIN,TRAIN,no,2,v40c_00522,orig_singleton_frame_01070
frame_01071,data/images/frame_01071.npy,TRAIN,TRAIN,no,2,v40c_00523,orig_singleton_frame_01071
frame_01072,data/images/frame_01072.npy,TRAIN,TRAIN,no,1,v40c_00524,orig_singleton_frame_01072
frame_01073,data/images/frame_01073.npy,TRAIN,TRAIN,no,0,v40c_00525,orig_rule_00547
frame_01074,data/images/frame_01074.npy,TRAIN,TRAIN,no,1,v40c_00525,orig_rule_00547
frame_01075,data/images/frame_01075.npy,TRAIN,VALIDATION,yes,0,v40c_00526,orig_singleton_frame_01075
frame_01076,data/images/frame_01076.npy,VALIDATION,VALIDATION,no,0,v40c_00526,orig_rule_00549
frame_01077,data/images/frame_01077.npy,VALIDATION,VALIDATION,no,0,v40c_00526,orig_rule_00549
frame_01078,data/images/frame_01078.npy,VALIDATION,VALIDATION,no,0,v40c_00526,orig_rule_00549
frame_01079,data/images/frame_01079.npy,TRAIN,VALIDATION,yes,0,v40c_00526,orig_singleton_frame_01079
frame_01080,data/images/frame_01080.npy,TRAIN,TRAIN,no,0,v40c_00527,orig_singleton_frame_01080
frame_01081,data/images/frame_01081.npy,TRAIN,TRAIN,no,0,v40c_00528,orig_singleton_frame_01081
frame_01082,data/images/frame_01082.npy,TRAIN,TRAIN,no,0,v40c_00529,orig_singleton_frame_01082
frame_01083,data/images/frame_01083.npy,TRAIN,TRAIN,no,0,v40c_00530,orig_singleton_frame_01083
frame_01084,data/images/frame_01084.npy,TRAIN,TRAIN,no,0,v40c_00531,orig_singleton_frame_01084
frame_01085,data/images/frame_01085.npy,TRAIN,TRAIN,no,0,v40c_00532,orig_singleton_frame_01085
frame_01086,data/images/frame_01086.npy,TRAIN,TRAIN,no,0,v40c_00533,orig_rule_00557
frame_01087,data/images/frame_01087.npy,TRAIN,TRAIN,no,0,v40c_00533,orig_rule_00557
frame_01088,data/images/frame_01088.npy,VALIDATION,TRAIN,yes,0,v40c_00533,orig_singleton_frame_01088
frame_01089,data/images/frame_01089.npy,TRAIN,TRAIN,no,0,v40c_00534,orig_singleton_frame_01089
frame_01090,data/images/frame_01090.npy,TRAIN,TRAIN,no,0,v40c_00535,orig_singleton_frame_01090
frame_01091,data/images/frame_01091.npy,TRAIN,TRAIN,no,0,v40c_00536,orig_rule_00561
frame_01092,data/images/frame_01092.npy,TRAIN,TRAIN,no,0,v40c_00536,orig_rule_00561
frame_01093,data/images/frame_01093.npy,TRAIN,TRAIN,no,0,v40c_00536,orig_rule_00561
frame_01094,data/images/frame_01094.npy,TRAIN,TRAIN,no,0,v40c_00537,orig_rule_00562
frame_01095,data/images/frame_01095.npy,TRAIN,TRAIN,no,0,v40c_00538,orig_singleton_frame_01095
frame_01096,data/images/frame_01096.npy,TRAIN,TRAIN,no,0,v40c_00539,orig_rule_00564
frame_01097,data/images/frame_01097.npy,TRAIN,TRAIN,no,0,v40c_00540,orig_singleton_frame_01097
frame_01098,data/images/frame_01098.npy,TRAIN,TRAIN,no,1,v40c_00539,orig_rule_00564
frame_01099,data/images/frame_01099.npy,TRAIN,TRAIN,no,1,v40c_00541,orig_singleton_frame_01099
frame_01100,data/images/frame_01100.npy,TRAIN,TRAIN,no,1,v40c_00542,orig_singleton_frame_01100
frame_01101,data/images/frame_01101.npy,TRAIN,TRAIN,no,1,v40c_00537,orig_rule_00562
frame_01102,data/images/frame_01102.npy,TRAIN,TRAIN,no,1,v40c_00543,orig_singleton_frame_01102
frame_01103,data/images/frame_01103.npy,TRAIN,TRAIN,no,1,v40c_00544,orig_singleton_frame_01103
frame_01104,data/images/frame_01104.npy,TRAIN,TRAIN,no,1,v40c_00545,orig_rule_00570
frame_01105,data/images/frame_01105.npy,TRAIN,TRAIN,no,1,v40c_00545,orig_rule_00570
frame_01106,data/images/frame_01106.npy,TRAIN,TRAIN,no,1,v40c_00545,orig_rule_00570
frame_01107,data/images/frame_01107.npy,TRAIN,TRAIN,no,1,v40c_00545,orig_rule_00570
frame_01108,data/images/frame_01108.npy,TRAIN,TRAIN,no,1,v40c_00546,orig_singleton_frame_01108
frame_01109,data/images/frame_01109.npy,TRAIN,TRAIN,no,1,v40c_00547,orig_singleton_frame_01109
frame_01110,data/images/frame_01110.npy,TRAIN,TRAIN,no,1,v40c_00548,orig_singleton_frame_01110
frame_01111,data/images/frame_01111.npy,TRAIN,TRAIN,no,1,v40c_00549,orig_singleton_frame_01111
frame_01112,data/images/frame_01112.npy,TRAIN,TRAIN,no,1,v40c_00550,orig_singleton_frame_01112
frame_01113,data/images/frame_01113.npy,VALIDATION,TRAIN,yes,1,v40c_00550,orig_singleton_frame_01113
frame_01114,data/images/frame_01114.npy,TRAIN,TRAIN,no,1,v40c_00551,orig_singleton_frame_01114
frame_01115,data/images/frame_01115.npy,TRAIN,TRAIN,no,1,v40c_00552,orig_singleton_frame_01115
frame_01116,data/images/frame_01116.npy,TRAIN,TRAIN,no,1,v40c_00553,orig_singleton_frame_01116
frame_01117,data/images/frame_01117.npy,TRAIN,TRAIN,no,1,v40c_00554,orig_singleton_frame_01117
frame_01118,data/images/frame_01118.npy,TRAIN,TRAIN,no,1,v40c_00555,orig_singleton_frame_01118
frame_01119,data/images/frame_01119.npy,TRAIN,TRAIN,no,1,v40c_00556,orig_singleton_frame_01119
frame_01120,data/images/frame_01120.npy,TRAIN,TRAIN,no,0,v40c_00557,orig_singleton_frame_01120
frame_01121,data/images/frame_01121.npy,TRAIN,TRAIN,no,0,v40c_00558,orig_rule_00584
frame_01122,data/images/frame_01122.npy,TRAIN,TRAIN,no,0,v40c_00558,orig_rule_00584
frame_01123,data/images/frame_01123.npy,TRAIN,TRAIN,no,0,v40c_00558,orig_rule_00584
frame_01124,data/images/frame_01124.npy,TRAIN,TRAIN,no,0,v40c_00558,orig_rule_00584
frame_01125,data/images/frame_01125.npy,TRAIN,TRAIN,no,0,v40c_00559,orig_singleton_frame_01125
frame_01126,data/images/frame_01126.npy,TRAIN,TRAIN,no,0,v40c_00560,orig_singleton_frame_01126
frame_01127,data/images/frame_01127.npy,TRAIN,TRAIN,no,0,v40c_00561,orig_singleton_frame_01127
frame_01128,data/images/frame_01128.npy,TRAIN,TRAIN,no,0,v40c_00562,orig_singleton_frame_01128
frame_01129,data/images/frame_01129.npy,TRAIN,TRAIN,no,0,v40c_00563,orig_singleton_frame_01129
frame_01130,data/images/frame_01130.npy,TRAIN,TRAIN,no,0,v40c_00564,orig_singleton_frame_01130
frame_01131,data/images/frame_01131.npy,TRAIN,TRAIN,no,0,v40c_00565,orig_singleton_frame_01131
frame_01132,data/images/frame_01132.npy,TRAIN,TRAIN,no,0,v40c_00566,orig_rule_00592
frame_01133,data/images/frame_01133.npy,TRAIN,TRAIN,no,0,v40c_00566,orig_rule_00592
frame_01134,data/images/frame_01134.npy,TRAIN,TRAIN,no,0,v40c_00566,orig_rule_00592
frame_01135,data/images/frame_01135.npy,TRAIN,TRAIN,no,0,v40c_00566,orig_rule_00592
frame_01136,data/images/frame_01136.npy,TRAIN,TRAIN,no,0,v40c_00567,orig_singleton_frame_01136
frame_01137,data/images/frame_01137.npy,TRAIN,TRAIN,no,0,v40c_00568,orig_singleton_frame_01137
frame_01138,data/images/frame_01138.npy,TRAIN,TRAIN,no,1,v40c_00569,orig_singleton_frame_01138
frame_01139,data/images/frame_01139.npy,TRAIN,TRAIN,no,1,v40c_00570,orig_singleton_frame_01139
frame_01140,data/images/frame_01140.npy,TRAIN,TRAIN,no,1,v40c_00571,orig_singleton_frame_01140
frame_01141,data/images/frame_01141.npy,TRAIN,TRAIN,no,1,v40c_00572,orig_singleton_frame_01141
frame_01142,data/images/frame_01142.npy,TRAIN,TRAIN,no,1,v40c_00573,orig_singleton_frame_01142
frame_01143,data/images/frame_01143.npy,TRAIN,TRAIN,no,0,v40c_00574,orig_singleton_frame_01143
frame_01144,data/images/frame_01144.npy,TRAIN,TRAIN,no,0,v40c_00575,orig_singleton_frame_01144
frame_01145,data/images/frame_01145.npy,TRAIN,TRAIN,no,1,v40c_00576,orig_singleton_frame_01145
frame_01146,data/images/frame_01146.npy,TRAIN,TRAIN,no,0,v40c_00577,orig_singleton_frame_01146
frame_01147,data/images/frame_01147.npy,TRAIN,TRAIN,no,0,v40c_00578,orig_singleton_frame_01147
frame_01148,data/images/frame_01148.npy,TRAIN,TRAIN,no,0,v40c_00579,orig_singleton_frame_01148
frame_01149,data/images/frame_01149.npy,TRAIN,TRAIN,no,0,v40c_00580,orig_singleton_frame_01149
frame_01150,data/images/frame_01150.npy,TRAIN,TRAIN,no,0,v40c_00581,orig_singleton_frame_01150
frame_01151,data/images/frame_01151.npy,TRAIN,TRAIN,no,0,v40c_00582,orig_singleton_frame_01151
frame_01152,data/images/frame_01152.npy,TRAIN,TRAIN,no,0,v40c_00583,orig_singleton_frame_01152
frame_01153,data/images/frame_01153.npy,TRAIN,TRAIN,no,0,v40c_00584,orig_singleton_frame_01153
frame_01154,data/images/frame_01154.npy,TRAIN,TRAIN,no,0,v40c_00585,orig_singleton_frame_01154
frame_01155,data/images/frame_01155.npy,TRAIN,TRAIN,no,0,v40c_00586,orig_singleton_frame_01155
frame_01156,data/images/frame_01156.npy,TRAIN,TRAIN,no,0,v40c_00587,orig_singleton_frame_01156
frame_01157,data/images/frame_01157.npy,TRAIN,TRAIN,no,0,v40c_00588,orig_singleton_frame_01157
frame_01158,data/images/frame_01158.npy,TRAIN,TRAIN,no,0,v40c_00589,orig_rule_00615
frame_01159,data/images/frame_01159.npy,TRAIN,TRAIN,no,0,v40c_00589,orig_rule_00615
frame_01160,data/images/frame_01160.npy,TRAIN,TRAIN,no,0,v40c_00590,orig_singleton_frame_01160
frame_01161,data/images/frame_01161.npy,TRAIN,TRAIN,no,0,v40c_00591,orig_singleton_frame_01161
frame_01162,data/images/frame_01162.npy,TRAIN,TRAIN,no,0,v40c_00592,orig_singleton_frame_01162
frame_01163,data/images/frame_01163.npy,TRAIN,TRAIN,no,0,v40c_00593,orig_rule_00619
frame_01164,data/images/frame_01164.npy,TRAIN,TRAIN,no,0,v40c_00593,orig_rule_00619
frame_01165,data/images/frame_01165.npy,TRAIN,TRAIN,no,0,v40c_00594,orig_singleton_frame_01165
frame_01166,data/images/frame_01166.npy,TRAIN,TRAIN,no,0,v40c_00595,orig_singleton_frame_01166
frame_01167,data/images/frame_01167.npy,TRAIN,VALIDATION,yes,0,v40c_00596,orig_singleton_frame_01167
frame_01168,data/images/frame_01168.npy,VALIDATION,VALIDATION,no,0,v40c_00596,orig_rule_00623
frame_01169,data/images/frame_01169.npy,VALIDATION,VALIDATION,no,0,v40c_00596,orig_rule_00623
frame_01170,data/images/frame_01170.npy,VALIDATION,VALIDATION,no,0,v40c_00596,orig_rule_00623
frame_01171,data/images/frame_01171.npy,VALIDATION,VALIDATION,no,0,v40c_00596,orig_rule_00623
frame_01172,data/images/frame_01172.npy,TRAIN,VALIDATION,yes,0,v40c_00596,orig_singleton_frame_01172
frame_01173,data/images/frame_01173.npy,TRAIN,TRAIN,no,0,v40c_00597,orig_singleton_frame_01173
frame_01174,data/images/frame_01174.npy,TRAIN,TRAIN,no,0,v40c_00598,orig_singleton_frame_01174
frame_01175,data/images/frame_01175.npy,TRAIN,TRAIN,no,0,v40c_00599,orig_singleton_frame_01175
frame_01176,data/images/frame_01176.npy,TRAIN,TRAIN,no,0,v40c_00600,orig_singleton_frame_01176
frame_01177,data/images/frame_01177.npy,TRAIN,TRAIN,no,0,v40c_00601,orig_singleton_frame_01177
frame_01178,data/images/frame_01178.npy,VALIDATION,TRAIN,yes,0,v40c_00601,orig_rule_00630
frame_01179,data/images/frame_01179.npy,VALIDATION,TRAIN,yes,0,v40c_00601,orig_rule_00630
frame_01180,data/images/frame_01180.npy,TRAIN,TRAIN,no,0,v40c_00601,orig_singleton_frame_01180
frame_01181,data/images/frame_01181.npy,TRAIN,TRAIN,no,0,v40c_00602,orig_singleton_frame_01181
frame_01182,data/images/frame_01182.npy,TRAIN,TRAIN,no,0,v40c_00603,orig_singleton_frame_01182
frame_01183,data/images/frame_01183.npy,TRAIN,TRAIN,no,0,v40c_00604,orig_singleton_frame_01183
frame_01184,data/images/frame_01184.npy,TRAIN,TRAIN,no,0,v40c_00605,orig_singleton_frame_01184
frame_01185,data/images/frame_01185.npy,TRAIN,TRAIN,no,0,v40c_00606,orig_singleton_frame_01185
frame_01186,data/images/frame_01186.npy,TRAIN,TRAIN,no,0,v40c_00607,orig_rule_00637
frame_01187,data/images/frame_01187.npy,TRAIN,TRAIN,no,0,v40c_00607,orig_rule_00637
frame_01188,data/images/frame_01188.npy,TRAIN,TRAIN,no,0,v40c_00608,orig_rule_00638
frame_01189,data/images/frame_01189.npy,TRAIN,TRAIN,no,0,v40c_00608,orig_rule_00638
frame_01190,data/images/frame_01190.npy,TRAIN,TRAIN,no,0,v40c_00609,orig_singleton_frame_01190
frame_01191,data/images/frame_01191.npy,TRAIN,TRAIN,no,0,v40c_00608,orig_rule_00638
frame_01192,data/images/frame_01192.npy,TRAIN,TRAIN,no,0,v40c_00608,orig_rule_00638
frame_01193,data/images/frame_01193.npy,TRAIN,TRAIN,no,0,v40c_00608,orig_rule_00638
frame_01194,data/images/frame_01194.npy,TRAIN,TRAIN,no,0,v40c_00608,orig_rule_00638
frame_01195,data/images/frame_01195.npy,TRAIN,TRAIN,no,0,v40c_00608,orig_rule_00638
frame_01196,data/images/frame_01196.npy,TRAIN,TRAIN,no,0,v40c_00608,orig_rule_00638
frame_01197,data/images/frame_01197.npy,TRAIN,TRAIN,no,0,v40c_00608,orig_rule_00638
frame_01198,data/images/frame_01198.npy,TRAIN,TRAIN,no,0,v40c_00610,orig_singleton_frame_01198
frame_01199,data/images/frame_01199.npy,TRAIN,TRAIN,no,0,v40c_00611,orig_singleton_frame_01199
frame_01216,data/images/frame_01216.npy,VALIDATION,VALIDATION,no,0,v40c_00612,orig_singleton_frame_01216
frame_01217,data/images/frame_01217.npy,VALIDATION,VALIDATION,no,0,v40c_00612,orig_rule_00643
frame_01218,data/images/frame_01218.npy,VALIDATION,VALIDATION,no,0,v40c_00612,orig_rule_00643
frame_01219,data/images/frame_01219.npy,VALIDATION,VALIDATION,no,0,v40c_00612,orig_rule_00644
frame_01220,data/images/frame_01220.npy,VALIDATION,VALIDATION,no,0,v40c_00612,orig_rule_00644
frame_01221,data/images/frame_01221.npy,TRAIN,VALIDATION,yes,0,v40c_00612,orig_singleton_frame_01221
frame_01222,data/images/frame_01222.npy,VALIDATION,VALIDATION,no,0,v40c_00612,orig_singleton_frame_01222
frame_01223,data/images/frame_01223.npy,VALIDATION,VALIDATION,no,0,v40c_00612,orig_rule_00647
frame_01224,data/images/frame_01224.npy,VALIDATION,VALIDATION,no,0,v40c_00612,orig_rule_00647
frame_01225,data/images/frame_01225.npy,VALIDATION,VALIDATION,no,0,v40c_00612,orig_rule_00647
frame_01226,data/images/frame_01226.npy,VALIDATION,VALIDATION,no,0,v40c_00612,orig_rule_00647
frame_01227,data/images/frame_01227.npy,VALIDATION,VALIDATION,no,0,v40c_00612,orig_rule_00648
frame_01228,data/images/frame_01228.npy,VALIDATION,VALIDATION,no,0,v40c_00612,orig_rule_00648
frame_01229,data/images/frame_01229.npy,VALIDATION,VALIDATION,no,0,v40c_00612,orig_singleton_frame_01229
frame_01230,data/images/frame_01230.npy,VALIDATION,VALIDATION,no,0,v40c_00612,orig_rule_00650
frame_01231,data/images/frame_01231.npy,VALIDATION,VALIDATION,no,0,v40c_00612,orig_rule_00650
frame_01232,data/images/frame_01232.npy,VALIDATION,VALIDATION,no,0,v40c_00612,orig_singleton_frame_01232
frame_01233,data/images/frame_01233.npy,VALIDATION,VALIDATION,no,0,v40c_00612,orig_singleton_frame_01233
frame_01234,data/images/frame_01234.npy,VALIDATION,VALIDATION,no,0,v40c_00612,orig_rule_00650
frame_01235,data/images/frame_01235.npy,VALIDATION,VALIDATION,no,0,v40c_00612,orig_rule_00650
frame_01236,data/images/frame_01236.npy,VALIDATION,VALIDATION,no,0,v40c_00612,orig_rule_00650
frame_01237,data/images/frame_01237.npy,VALIDATION,VALIDATION,no,0,v40c_00612,orig_rule_00650
frame_01238,data/images/frame_01238.npy,VALIDATION,VALIDATION,no,1,v40c_00613,orig_singleton_frame_01238
frame_01239,data/images/frame_01239.npy,VALIDATION,VALIDATION,no,1,v40c_00612,orig_rule_00650
frame_01240,data/images/frame_01240.npy,VALIDATION,VALIDATION,no,1,v40c_00612,orig_rule_00650
frame_01241,data/images/frame_01241.npy,VALIDATION,VALIDATION,no,1,v40c_00614,orig_singleton_frame_01241
frame_01242,data/images/frame_01242.npy,VALIDATION,VALIDATION,no,1,v40c_00615,orig_singleton_frame_01242
frame_01243,data/images/frame_01243.npy,VALIDATION,VALIDATION,no,1,v40c_00616,orig_singleton_frame_01243
frame_01244,data/images/frame_01244.npy,VALIDATION,VALIDATION,no,1,v40c_00617,orig_singleton_frame_01244
frame_01245,data/images/frame_01245.npy,VALIDATION,VALIDATION,no,1,v40c_00618,orig_rule_00658
frame_01246,data/images/frame_01246.npy,VALIDATION,VALIDATION,no,1,v40c_00618,orig_rule_00658
frame_01247,data/images/frame_01247.npy,VALIDATION,VALIDATION,no,1,v40c_00618,orig_rule_00658
frame_01248,data/images/frame_01248.npy,VALIDATION,VALIDATION,no,1,v40c_00618,orig_rule_00658
frame_01249,data/images/frame_01249.npy,VALIDATION,VALIDATION,no,1,v40c_00618,orig_rule_00658
frame_01250,data/images/frame_01250.npy,VALIDATION,VALIDATION,no,1,v40c_00618,orig_rule_00658
frame_01251,data/images/frame_01251.npy,VALIDATION,VALIDATION,no,1,v40c_00618,orig_rule_00658
frame_01252,data/images/frame_01252.npy,VALIDATION,VALIDATION,no,1,v40c_00619,orig_singleton_frame_01252
frame_01253,data/images/frame_01253.npy,VALIDATION,VALIDATION,no,2,v40c_00620,orig_rule_00660
frame_01254,data/images/frame_01254.npy,VALIDATION,VALIDATION,no,2,v40c_00620,orig_rule_00660
frame_01255,data/images/frame_01255.npy,VALIDATION,VALIDATION,no,2,v40c_00621,orig_singleton_frame_01255
frame_01256,data/images/frame_01256.npy,VALIDATION,VALIDATION,no,2,v40c_00622,orig_rule_00662
frame_01257,data/images/frame_01257.npy,VALIDATION,VALIDATION,no,2,v40c_00622,orig_rule_00662
frame_01258,data/images/frame_01258.npy,VALIDATION,VALIDATION,no,2,v40c_00622,orig_rule_00662
frame_01259,data/images/frame_01259.npy,VALIDATION,VALIDATION,no,2,v40c_00623,orig_singleton_frame_01259
frame_01260,data/images/frame_01260.npy,VALIDATION,VALIDATION,no,2,v40c_00624,orig_singleton_frame_01260
frame_01261,data/images/frame_01261.npy,VALIDATION,VALIDATION,no,2,v40c_00625,orig_singleton_frame_01261
frame_01262,data/images/frame_01262.npy,VALIDATION,VALIDATION,no,2,v40c_00626,orig_singleton_frame_01262
frame_01263,data/images/frame_01263.npy,VALIDATION,VALIDATION,no,1,v40c_00627,orig_singleton_frame_01263
frame_01264,data/images/frame_01264.npy,VALIDATION,VALIDATION,no,2,v40c_00628,orig_singleton_frame_01264
frame_01265,data/images/frame_01265.npy,VALIDATION,VALIDATION,no,2,v40c_00629,orig_singleton_frame_01265
frame_01266,data/images/frame_01266.npy,VALIDATION,VALIDATION,no,1,v40c_00630,orig_rule_00670
frame_01267,data/images/frame_01267.npy,VALIDATION,VALIDATION,no,2,v40c_00630,orig_rule_00670
frame_01268,data/images/frame_01268.npy,VALIDATION,VALIDATION,no,1,v40c_00631,orig_singleton_frame_01268
frame_01269,data/images/frame_01269.npy,VALIDATION,VALIDATION,no,0,v40c_00632,orig_singleton_frame_01269
frame_01270,data/images/frame_01270.npy,VALIDATION,VALIDATION,no,1,v40c_00633,orig_singleton_frame_01270
frame_01271,data/images/frame_01271.npy,VALIDATION,VALIDATION,no,1,v40c_00634,orig_singleton_frame_01271
frame_01272,data/images/frame_01272.npy,VALIDATION,VALIDATION,no,0,v40c_00635,orig_rule_00675
frame_01273,data/images/frame_01273.npy,VALIDATION,VALIDATION,no,0,v40c_00635,orig_rule_00675
frame_01274,data/images/frame_01274.npy,VALIDATION,VALIDATION,no,0,v40c_00635,orig_rule_00675
frame_01275,data/images/frame_01275.npy,VALIDATION,VALIDATION,no,1,v40c_00636,orig_singleton_frame_01275
frame_01276,data/images/frame_01276.npy,VALIDATION,VALIDATION,no,1,v40c_00637,orig_singleton_frame_01276
frame_01277,data/images/frame_01277.npy,VALIDATION,VALIDATION,no,1,v40c_00638,orig_singleton_frame_01277
frame_01278,data/images/frame_01278.npy,VALIDATION,VALIDATION,no,1,v40c_00639,orig_singleton_frame_01278
frame_01279,data/images/frame_01279.npy,VALIDATION,VALIDATION,no,1,v40c_00640,orig_singleton_frame_01279
frame_01296,data/images/frame_01296.npy,TRAIN,TRAIN,no,1,v40c_00641,orig_singleton_frame_01296
frame_01297,data/images/frame_01297.npy,TRAIN,TRAIN,no,1,v40c_00642,orig_singleton_frame_01297
frame_01298,data/images/frame_01298.npy,TRAIN,TRAIN,no,1,v40c_00643,orig_singleton_frame_01298
frame_01299,data/images/frame_01299.npy,TRAIN,TRAIN,no,2,v40c_00644,orig_singleton_frame_01299
frame_01300,data/images/frame_01300.npy,TRAIN,TRAIN,no,2,v40c_00645,orig_singleton_frame_01300
frame_01301,data/images/frame_01301.npy,TRAIN,TRAIN,no,2,v40c_00646,orig_singleton_frame_01301
frame_01302,data/images/frame_01302.npy,TRAIN,TRAIN,no,3,v40c_00647,orig_singleton_frame_01302
frame_01303,data/images/frame_01303.npy,TRAIN,TRAIN,no,2,v40c_00648,orig_rule_00688
frame_01304,data/images/frame_01304.npy,TRAIN,TRAIN,no,2,v40c_00648,orig_rule_00688
frame_01305,data/images/frame_01305.npy,TRAIN,TRAIN,no,3,v40c_00648,orig_rule_00688
frame_01306,data/images/frame_01306.npy,TRAIN,TRAIN,no,2,v40c_00649,orig_singleton_frame_01306
frame_01307,data/images/frame_01307.npy,TRAIN,TRAIN,no,3,v40c_00650,orig_singleton_frame_01307
frame_01308,data/images/frame_01308.npy,TRAIN,TRAIN,no,2,v40c_00651,orig_singleton_frame_01308
frame_01309,data/images/frame_01309.npy,TRAIN,TRAIN,no,1,v40c_00652,orig_singleton_frame_01309
frame_01310,data/images/frame_01310.npy,TRAIN,TRAIN,no,2,v40c_00653,orig_singleton_frame_01310
frame_01311,data/images/frame_01311.npy,TRAIN,TRAIN,no,2,v40c_00654,orig_singleton_frame_01311
frame_01312,data/images/frame_01312.npy,TRAIN,TRAIN,no,3,v40c_00655,orig_singleton_frame_01312
frame_01313,data/images/frame_01313.npy,TRAIN,TRAIN,no,2,v40c_00656,orig_singleton_frame_01313
frame_01314,data/images/frame_01314.npy,TRAIN,TRAIN,no,3,v40c_00657,orig_singleton_frame_01314
frame_01315,data/images/frame_01315.npy,TRAIN,TRAIN,no,2,v40c_00658,orig_singleton_frame_01315
frame_01316,data/images/frame_01316.npy,TRAIN,TRAIN,no,1,v40c_00659,orig_singleton_frame_01316
frame_01317,data/images/frame_01317.npy,TRAIN,VALIDATION,yes,2,v40c_00660,orig_singleton_frame_01317
frame_01318,data/images/frame_01318.npy,VALIDATION,VALIDATION,no,2,v40c_00660,orig_singleton_frame_01318
frame_01319,data/images/frame_01319.npy,TRAIN,TRAIN,no,2,v40c_00661,orig_singleton_frame_01319
frame_01320,data/images/frame_01320.npy,TRAIN,TRAIN,no,2,v40c_00662,orig_singleton_frame_01320
frame_01321,data/images/frame_01321.npy,TRAIN,TRAIN,no,2,v40c_00663,orig_singleton_frame_01321
frame_01322,data/images/frame_01322.npy,TRAIN,TRAIN,no,2,v40c_00664,orig_singleton_frame_01322
frame_01323,data/images/frame_01323.npy,TRAIN,TRAIN,no,3,v40c_00665,orig_singleton_frame_01323
frame_01324,data/images/frame_01324.npy,TRAIN,TRAIN,no,2,v40c_00666,orig_singleton_frame_01324
frame_01325,data/images/frame_01325.npy,TRAIN,TRAIN,no,2,v40c_00667,orig_singleton_frame_01325
frame_01326,data/images/frame_01326.npy,TRAIN,TRAIN,no,2,v40c_00668,orig_singleton_frame_01326
frame_01327,data/images/frame_01327.npy,TRAIN,TRAIN,no,2,v40c_00669,orig_singleton_frame_01327
frame_01328,data/images/frame_01328.npy,TRAIN,TRAIN,no,2,v40c_00670,orig_singleton_frame_01328
frame_01329,data/images/frame_01329.npy,TRAIN,TRAIN,no,2,v40c_00671,orig_singleton_frame_01329
frame_01330,data/images/frame_01330.npy,TRAIN,TRAIN,no,2,v40c_00672,orig_singleton_frame_01330
frame_01331,data/images/frame_01331.npy,TRAIN,TRAIN,no,2,v40c_00673,orig_singleton_frame_01331
frame_01332,data/images/frame_01332.npy,TRAIN,TRAIN,no,2,v40c_00674,orig_rule_00715
frame_01333,data/images/frame_01333.npy,TRAIN,TRAIN,no,2,v40c_00674,orig_rule_00715
frame_01334,data/images/frame_01334.npy,TRAIN,TRAIN,no,2,v40c_00675,orig_singleton_frame_01334
frame_01335,data/images/frame_01335.npy,TRAIN,TRAIN,no,2,v40c_00676,orig_singleton_frame_01335
frame_01336,data/images/frame_01336.npy,TRAIN,TRAIN,no,2,v40c_00677,orig_singleton_frame_01336
frame_01337,data/images/frame_01337.npy,TRAIN,TRAIN,no,2,v40c_00678,orig_singleton_frame_01337
frame_01338,data/images/frame_01338.npy,TRAIN,TRAIN,no,3,v40c_00679,orig_singleton_frame_01338
frame_01339,data/images/frame_01339.npy,TRAIN,TRAIN,no,3,v40c_00680,orig_singleton_frame_01339
frame_01340,data/images/frame_01340.npy,TRAIN,TRAIN,no,3,v40c_00681,orig_singleton_frame_01340
frame_01341,data/images/frame_01341.npy,TRAIN,TRAIN,no,3,v40c_00682,orig_singleton_frame_01341
frame_01342,data/images/frame_01342.npy,TRAIN,TRAIN,no,3,v40c_00683,orig_singleton_frame_01342
frame_01343,data/images/frame_01343.npy,TRAIN,TRAIN,no,3,v40c_00684,orig_singleton_frame_01343
frame_01344,data/images/frame_01344.npy,TRAIN,TRAIN,no,3,v40c_00685,orig_singleton_frame_01344
frame_01345,data/images/frame_01345.npy,TRAIN,TRAIN,no,4,v40c_00686,orig_singleton_frame_01345
frame_01346,data/images/frame_01346.npy,TRAIN,TRAIN,no,4,v40c_00687,orig_singleton_frame_01346
frame_01347,data/images/frame_01347.npy,TRAIN,TRAIN,no,4,v40c_00688,orig_singleton_frame_01347
frame_01348,data/images/frame_01348.npy,TRAIN,TRAIN,no,5,v40c_00689,orig_singleton_frame_01348
frame_01349,data/images/frame_01349.npy,TRAIN,TRAIN,no,4,v40c_00690,orig_singleton_frame_01349
frame_01350,data/images/frame_01350.npy,TRAIN,TRAIN,no,6,v40c_00691,orig_singleton_frame_01350
frame_01351,data/images/frame_01351.npy,TRAIN,TRAIN,no,6,v40c_00692,orig_singleton_frame_01351
frame_01352,data/images/frame_01352.npy,TRAIN,TRAIN,no,6,v40c_00693,orig_singleton_frame_01352
frame_01353,data/images/frame_01353.npy,TRAIN,TRAIN,no,7,v40c_00694,orig_singleton_frame_01353
frame_01354,data/images/frame_01354.npy,TRAIN,TRAIN,no,7,v40c_00695,orig_singleton_frame_01354
frame_01355,data/images/frame_01355.npy,TRAIN,TRAIN,no,8,v40c_00696,orig_singleton_frame_01355
frame_01356,data/images/frame_01356.npy,TRAIN,TRAIN,no,7,v40c_00697,orig_singleton_frame_01356
frame_01357,data/images/frame_01357.npy,TRAIN,TRAIN,no,5,v40c_00698,orig_singleton_frame_01357
frame_01358,data/images/frame_01358.npy,TRAIN,TRAIN,no,5,v40c_00699,orig_rule_00740
frame_01359,data/images/frame_01359.npy,TRAIN,TRAIN,no,4,v40c_00699,orig_rule_00740
frame_01360,data/images/frame_01360.npy,TRAIN,TRAIN,no,4,v40c_00700,orig_singleton_frame_01360
frame_01361,data/images/frame_01361.npy,TRAIN,TRAIN,no,4,v40c_00701,orig_singleton_frame_01361
frame_01362,data/images/frame_01362.npy,TRAIN,TRAIN,no,4,v40c_00702,orig_singleton_frame_01362
frame_01363,data/images/frame_01363.npy,TRAIN,TRAIN,no,4,v40c_00703,orig_singleton_frame_01363
frame_01364,data/images/frame_01364.npy,TRAIN,TRAIN,no,5,v40c_00704,orig_singleton_frame_01364
frame_01365,data/images/frame_01365.npy,TRAIN,TRAIN,no,4,v40c_00705,orig_singleton_frame_01365
frame_01366,data/images/frame_01366.npy,TRAIN,TRAIN,no,5,v40c_00706,orig_singleton_frame_01366
frame_01367,data/images/frame_01367.npy,TRAIN,TRAIN,no,5,v40c_00707,orig_singleton_frame_01367
frame_01368,data/images/frame_01368.npy,TRAIN,TRAIN,no,5,v40c_00708,orig_singleton_frame_01368
frame_01369,data/images/frame_01369.npy,TRAIN,TRAIN,no,5,v40c_00709,orig_singleton_frame_01369
frame_01370,data/images/frame_01370.npy,TRAIN,TRAIN,no,4,v40c_00710,orig_singleton_frame_01370
frame_01371,data/images/frame_01371.npy,TRAIN,TRAIN,no,4,v40c_00711,orig_singleton_frame_01371
frame_01372,data/images/frame_01372.npy,TRAIN,TRAIN,no,4,v40c_00712,orig_singleton_frame_01372
frame_01373,data/images/frame_01373.npy,TRAIN,TRAIN,no,4,v40c_00713,orig_singleton_frame_01373
frame_01374,data/images/frame_01374.npy,TRAIN,TRAIN,no,4,v40c_00714,orig_singleton_frame_01374
frame_01375,data/images/frame_01375.npy,TRAIN,TRAIN,no,3,v40c_00715,orig_singleton_frame_01375
frame_01376,data/images/frame_01376.npy,TRAIN,TRAIN,no,3,v40c_00716,orig_singleton_frame_01376
frame_01377,data/images/frame_01377.npy,TRAIN,TRAIN,no,4,v40c_00717,orig_rule_00758
frame_01378,data/images/frame_01378.npy,TRAIN,TRAIN,no,3,v40c_00717,orig_rule_00758
frame_01379,data/images/frame_01379.npy,TRAIN,TRAIN,no,3,v40c_00718,orig_singleton_frame_01379
frame_01380,data/images/frame_01380.npy,TRAIN,TRAIN,no,3,v40c_00719,orig_singleton_frame_01380
frame_01381,data/images/frame_01381.npy,TRAIN,TRAIN,no,3,v40c_00720,orig_singleton_frame_01381
frame_01382,data/images/frame_01382.npy,TRAIN,TRAIN,no,3,v40c_00721,orig_singleton_frame_01382
frame_01383,data/images/frame_01383.npy,TRAIN,TRAIN,no,4,v40c_00722,orig_singleton_frame_01383
frame_01384,data/images/frame_01384.npy,TRAIN,TRAIN,no,4,v40c_00723,orig_singleton_frame_01384
frame_01385,data/images/frame_01385.npy,TRAIN,TRAIN,no,4,v40c_00724,orig_singleton_frame_01385
frame_01386,data/images/frame_01386.npy,TRAIN,TRAIN,no,4,v40c_00725,orig_singleton_frame_01386
frame_01387,data/images/frame_01387.npy,TRAIN,TRAIN,no,4,v40c_00726,orig_rule_00767
frame_01388,data/images/frame_01388.npy,TRAIN,TRAIN,no,3,v40c_00726,orig_rule_00767
frame_01389,data/images/frame_01389.npy,TRAIN,TRAIN,no,3,v40c_00726,orig_rule_00767
frame_01390,data/images/frame_01390.npy,TRAIN,TRAIN,no,3,v40c_00727,orig_rule_00768
frame_01391,data/images/frame_01391.npy,TRAIN,TRAIN,no,3,v40c_00727,orig_rule_00768
frame_01392,data/images/frame_01392.npy,TRAIN,TRAIN,no,3,v40c_00727,orig_rule_00768
frame_01393,data/images/frame_01393.npy,TRAIN,TRAIN,no,3,v40c_00728,orig_singleton_frame_01393
frame_01394,data/images/frame_01394.npy,TRAIN,TRAIN,no,3,v40c_00729,orig_rule_00770
frame_01395,data/images/frame_01395.npy,TRAIN,TRAIN,no,4,v40c_00729,orig_rule_00770
frame_01396,data/images/frame_01396.npy,TRAIN,TRAIN,no,3,v40c_00730,orig_singleton_frame_01396
frame_01397,data/images/frame_01397.npy,TRAIN,TRAIN,no,3,v40c_00731,orig_singleton_frame_01397
frame_01398,data/images/frame_01398.npy,TRAIN,TRAIN,no,3,v40c_00732,orig_singleton_frame_01398
frame_01399,data/images/frame_01399.npy,TRAIN,TRAIN,no,3,v40c_00733,orig_singleton_frame_01399
frame_01400,data/images/frame_01400.npy,TRAIN,TRAIN,no,3,v40c_00734,orig_rule_00775
frame_01401,data/images/frame_01401.npy,TRAIN,TRAIN,no,3,v40c_00734,orig_rule_00775
frame_01402,data/images/frame_01402.npy,TRAIN,TRAIN,no,3,v40c_00735,orig_singleton_frame_01402
frame_01403,data/images/frame_01403.npy,TRAIN,TRAIN,no,3,v40c_00736,orig_rule_00777
frame_01404,data/images/frame_01404.npy,TRAIN,TRAIN,no,2,v40c_00736,orig_rule_00777
frame_01405,data/images/frame_01405.npy,TRAIN,TRAIN,no,2,v40c_00736,orig_rule_00777
frame_01406,data/images/frame_01406.npy,TRAIN,TRAIN,no,2,v40c_00737,orig_rule_00778
frame_01407,data/images/frame_01407.npy,TRAIN,TRAIN,no,2,v40c_00737,orig_rule_00778
frame_01408,data/images/frame_01408.npy,TRAIN,TRAIN,no,2,v40c_00738,orig_singleton_frame_01408
frame_01409,data/images/frame_01409.npy,TRAIN,TRAIN,no,1,v40c_00739,orig_singleton_frame_01409
frame_01410,data/images/frame_01410.npy,TRAIN,TRAIN,no,1,v40c_00740,orig_singleton_frame_01410
frame_01411,data/images/frame_01411.npy,TRAIN,TRAIN,no,1,v40c_00741,orig_singleton_frame_01411
frame_01412,data/images/frame_01412.npy,TRAIN,TRAIN,no,1,v40c_00742,orig_singleton_frame_01412
frame_01413,data/images/frame_01413.npy,TRAIN,TRAIN,no,1,v40c_00743,orig_singleton_frame_01413
frame_01414,data/images/frame_01414.npy,TRAIN,TRAIN,no,1,v40c_00744,orig_singleton_frame_01414
frame_01415,data/images/frame_01415.npy,TRAIN,TRAIN,no,1,v40c_00745,orig_rule_00786
frame_01416,data/images/frame_01416.npy,TRAIN,TRAIN,no,1,v40c_00745,orig_rule_00786
frame_01417,data/images/frame_01417.npy,TRAIN,TRAIN,no,1,v40c_00745,orig_rule_00786
frame_01418,data/images/frame_01418.npy,TRAIN,TRAIN,no,1,v40c_00746,orig_singleton_frame_01418
frame_01419,data/images/frame_01419.npy,TRAIN,TRAIN,no,1,v40c_00747,orig_singleton_frame_01419
frame_01420,data/images/frame_01420.npy,TRAIN,TRAIN,no,0,v40c_00748,orig_singleton_frame_01420
frame_01421,data/images/frame_01421.npy,TRAIN,TRAIN,no,0,v40c_00749,orig_singleton_frame_01421
frame_01422,data/images/frame_01422.npy,TRAIN,TRAIN,no,0,v40c_00750,orig_singleton_frame_01422
frame_01423,data/images/frame_01423.npy,TRAIN,TRAIN,no,0,v40c_00751,orig_singleton_frame_01423
frame_01424,data/images/frame_01424.npy,TRAIN,TRAIN,no,0,v40c_00752,orig_singleton_frame_01424
frame_01425,data/images/frame_01425.npy,TRAIN,TRAIN,no,0,v40c_00753,orig_rule_00794
frame_01426,data/images/frame_01426.npy,TRAIN,TRAIN,no,0,v40c_00753,orig_rule_00794
frame_01427,data/images/frame_01427.npy,TRAIN,TRAIN,no,0,v40c_00753,orig_rule_00794
frame_01428,data/images/frame_01428.npy,TRAIN,TRAIN,no,0,v40c_00753,orig_rule_00794
frame_01429,data/images/frame_01429.npy,TRAIN,TRAIN,no,0,v40c_00754,orig_singleton_frame_01429
frame_01430,data/images/frame_01430.npy,TRAIN,TRAIN,no,0,v40c_00755,orig_singleton_frame_01430
frame_01431,data/images/frame_01431.npy,TRAIN,TRAIN,no,0,v40c_00756,orig_singleton_frame_01431
frame_01432,data/images/frame_01432.npy,TRAIN,TRAIN,no,0,v40c_00757,orig_singleton_frame_01432
frame_01433,data/images/frame_01433.npy,TRAIN,TRAIN,no,1,v40c_00758,orig_singleton_frame_01433
frame_01434,data/images/frame_01434.npy,TRAIN,TRAIN,no,1,v40c_00759,orig_singleton_frame_01434
frame_01435,data/images/frame_01435.npy,TRAIN,TRAIN,no,1,v40c_00760,orig_singleton_frame_01435
frame_01436,data/images/frame_01436.npy,TRAIN,TRAIN,no,1,v40c_00761,orig_singleton_frame_01436
frame_01437,data/images/frame_01437.npy,TRAIN,TRAIN,no,1,v40c_00762,orig_singleton_frame_01437
frame_01438,data/images/frame_01438.npy,TRAIN,TRAIN,no,1,v40c_00763,orig_singleton_frame_01438
frame_01439,data/images/frame_01439.npy,TRAIN,TRAIN,no,1,v40c_00764,orig_singleton_frame_01439
frame_01440,data/images/frame_01440.npy,TRAIN,TRAIN,no,1,v40c_00765,orig_singleton_frame_01440
frame_01441,data/images/frame_01441.npy,TRAIN,TRAIN,no,1,v40c_00766,orig_singleton_frame_01441
frame_01442,data/images/frame_01442.npy,TRAIN,TRAIN,no,1,v40c_00767,orig_singleton_frame_01442
frame_01443,data/images/frame_01443.npy,TRAIN,TRAIN,no,1,v40c_00768,orig_singleton_frame_01443
frame_01444,data/images/frame_01444.npy,TRAIN,TRAIN,no,0,v40c_00769,orig_singleton_frame_01444
frame_01445,data/images/frame_01445.npy,TRAIN,TRAIN,no,1,v40c_00770,orig_rule_00811
frame_01446,data/images/frame_01446.npy,TRAIN,TRAIN,no,1,v40c_00770,orig_rule_00811
frame_01447,data/images/frame_01447.npy,TRAIN,TRAIN,no,1,v40c_00771,orig_singleton_frame_01447
frame_01448,data/images/frame_01448.npy,TRAIN,TRAIN,no,1,v40c_00772,orig_singleton_frame_01448
frame_01449,data/images/frame_01449.npy,TRAIN,TRAIN,no,1,v40c_00773,orig_singleton_frame_01449
frame_01450,data/images/frame_01450.npy,TRAIN,TRAIN,no,1,v40c_00774,orig_singleton_frame_01450
frame_01451,data/images/frame_01451.npy,TRAIN,TRAIN,no,1,v40c_00775,orig_singleton_frame_01451
frame_01452,data/images/frame_01452.npy,TRAIN,TRAIN,no,1,v40c_00776,orig_singleton_frame_01452
frame_01453,data/images/frame_01453.npy,TRAIN,TRAIN,no,1,v40c_00777,orig_singleton_frame_01453
frame_01454,data/images/frame_01454.npy,TRAIN,TRAIN,no,1,v40c_00778,orig_rule_00819
frame_01455,data/images/frame_01455.npy,TRAIN,TRAIN,no,1,v40c_00778,orig_rule_00819
frame_01456,data/images/frame_01456.npy,TRAIN,TRAIN,no,1,v40c_00778,orig_rule_00819
frame_01457,data/images/frame_01457.npy,TRAIN,TRAIN,no,1,v40c_00779,orig_singleton_frame_01457
frame_01458,data/images/frame_01458.npy,TRAIN,TRAIN,no,1,v40c_00780,orig_singleton_frame_01458
frame_01459,data/images/frame_01459.npy,TRAIN,TRAIN,no,1,v40c_00781,orig_singleton_frame_01459
frame_01460,data/images/frame_01460.npy,TRAIN,TRAIN,no,1,v40c_00782,orig_singleton_frame_01460
frame_01461,data/images/frame_01461.npy,TRAIN,TRAIN,no,1,v40c_00783,orig_singleton_frame_01461
frame_01462,data/images/frame_01462.npy,TRAIN,TRAIN,no,1,v40c_00784,orig_rule_00825
frame_01463,data/images/frame_01463.npy,TRAIN,TRAIN,no,1,v40c_00784,orig_rule_00825
frame_01464,data/images/frame_01464.npy,TRAIN,TRAIN,no,1,v40c_00785,orig_singleton_frame_01464
frame_01465,data/images/frame_01465.npy,TRAIN,TRAIN,no,1,v40c_00786,orig_singleton_frame_01465
frame_01466,data/images/frame_01466.npy,TRAIN,TRAIN,no,0,v40c_00787,orig_singleton_frame_01466
frame_01467,data/images/frame_01467.npy,TRAIN,TRAIN,no,0,v40c_00788,orig_singleton_frame_01467
frame_01468,data/images/frame_01468.npy,TRAIN,TRAIN,no,0,v40c_00789,orig_singleton_frame_01468
frame_01469,data/images/frame_01469.npy,TRAIN,TRAIN,no,0,v40c_00790,orig_singleton_frame_01469
frame_01470,data/images/frame_01470.npy,TRAIN,TRAIN,no,0,v40c_00791,orig_singleton_frame_01470
frame_01471,data/images/frame_01471.npy,TRAIN,TRAIN,no,0,v40c_00792,orig_singleton_frame_01471
frame_01472,data/images/frame_01472.npy,TRAIN,TRAIN,no,0,v40c_00793,orig_rule_00834
frame_01473,data/images/frame_01473.npy,TRAIN,TRAIN,no,0,v40c_00793,orig_rule_00834
frame_01474,data/images/frame_01474.npy,TRAIN,TRAIN,no,0,v40c_00794,orig_singleton_frame_01474
frame_01475,data/images/frame_01475.npy,TRAIN,TRAIN,no,0,v40c_00795,orig_singleton_frame_01475
frame_01476,data/images/frame_01476.npy,TRAIN,TRAIN,no,0,v40c_00796,orig_singleton_frame_01476
frame_01477,data/images/frame_01477.npy,TRAIN,TRAIN,no,0,v40c_00797,orig_singleton_frame_01477
frame_01478,data/images/frame_01478.npy,TRAIN,TRAIN,no,0,v40c_00798,orig_singleton_frame_01478
frame_01479,data/images/frame_01479.npy,TRAIN,TRAIN,no,0,v40c_00799,orig_singleton_frame_01479
frame_01480,data/images/frame_01480.npy,TRAIN,TRAIN,no,0,v40c_00800,orig_singleton_frame_01480
frame_01481,data/images/frame_01481.npy,TRAIN,TRAIN,no,0,v40c_00801,orig_singleton_frame_01481
frame_01482,data/images/frame_01482.npy,TRAIN,TRAIN,no,0,v40c_00802,orig_singleton_frame_01482
frame_01483,data/images/frame_01483.npy,TRAIN,TRAIN,no,0,v40c_00803,orig_singleton_frame_01483
frame_01484,data/images/frame_01484.npy,TRAIN,TRAIN,no,0,v40c_00804,orig_singleton_frame_01484
frame_01485,data/images/frame_01485.npy,TRAIN,TRAIN,no,0,v40c_00805,orig_singleton_frame_01485
frame_01486,data/images/frame_01486.npy,TRAIN,TRAIN,no,0,v40c_00806,orig_rule_00847
frame_01487,data/images/frame_01487.npy,TRAIN,TRAIN,no,0,v40c_00806,orig_rule_00847
frame_01488,data/images/frame_01488.npy,TRAIN,TRAIN,no,0,v40c_00807,orig_rule_00848
frame_01489,data/images/frame_01489.npy,TRAIN,TRAIN,no,0,v40c_00807,orig_rule_00848
frame_01490,data/images/frame_01490.npy,TRAIN,TRAIN,no,0,v40c_00808,orig_rule_00849
frame_01491,data/images/frame_01491.npy,TRAIN,TRAIN,no,0,v40c_00808,orig_rule_00849
frame_01492,data/images/frame_01492.npy,TRAIN,TRAIN,no,0,v40c_00809,orig_singleton_frame_01492
frame_01493,data/images/frame_01493.npy,TRAIN,TRAIN,no,1,v40c_00810,orig_singleton_frame_01493
frame_01494,data/images/frame_01494.npy,TRAIN,TRAIN,no,1,v40c_00811,orig_rule_00852
frame_01495,data/images/frame_01495.npy,TRAIN,TRAIN,no,1,v40c_00811,orig_rule_00852
frame_01496,data/images/frame_01496.npy,TRAIN,TRAIN,no,1,v40c_00812,orig_singleton_frame_01496
frame_01497,data/images/frame_01497.npy,TRAIN,TRAIN,no,1,v40c_00813,orig_singleton_frame_01497
frame_01498,data/images/frame_01498.npy,TRAIN,TRAIN,no,2,v40c_00814,orig_rule_00855
frame_01499,data/images/frame_01499.npy,TRAIN,TRAIN,no,2,v40c_00814,orig_rule_00855
frame_01500,data/images/frame_01500.npy,TRAIN,TRAIN,no,2,v40c_00814,orig_rule_00855
frame_01501,data/images/frame_01501.npy,TRAIN,TRAIN,no,2,v40c_00814,orig_rule_00855
frame_01502,data/images/frame_01502.npy,TRAIN,TRAIN,no,2,v40c_00815,orig_singleton_frame_01502
frame_01503,data/images/frame_01503.npy,TRAIN,TRAIN,no,2,v40c_00816,orig_singleton_frame_01503
frame_01504,data/images/frame_01504.npy,TRAIN,TRAIN,no,1,v40c_00817,orig_singleton_frame_01504
frame_01505,data/images/frame_01505.npy,TRAIN,TRAIN,no,3,v40c_00818,orig_singleton_frame_01505
frame_01506,data/images/frame_01506.npy,TRAIN,TRAIN,no,3,v40c_00819,orig_singleton_frame_01506
frame_01507,data/images/frame_01507.npy,TRAIN,TRAIN,no,4,v40c_00820,orig_singleton_frame_01507
frame_01508,data/images/frame_01508.npy,TRAIN,TRAIN,no,4,v40c_00821,orig_singleton_frame_01508
frame_01509,data/images/frame_01509.npy,TRAIN,TRAIN,no,4,v40c_00822,orig_rule_00863
frame_01510,data/images/frame_01510.npy,TRAIN,TRAIN,no,4,v40c_00822,orig_rule_00863
frame_01511,data/images/frame_01511.npy,TRAIN,TRAIN,no,4,v40c_00823,orig_singleton_frame_01511
frame_01512,data/images/frame_01512.npy,TRAIN,TRAIN,no,4,v40c_00824,orig_singleton_frame_01512
frame_01513,data/images/frame_01513.npy,TRAIN,TRAIN,no,4,v40c_00825,orig_singleton_frame_01513
frame_01514,data/images/frame_01514.npy,TRAIN,TRAIN,no,5,v40c_00826,orig_singleton_frame_01514
frame_01515,data/images/frame_01515.npy,TRAIN,TRAIN,no,5,v40c_00827,orig_singleton_frame_01515
frame_01516,data/images/frame_01516.npy,TRAIN,TRAIN,no,5,v40c_00828,orig_singleton_frame_01516
frame_01517,data/images/frame_01517.npy,TRAIN,TRAIN,no,5,v40c_00829,orig_singleton_frame_01517
frame_01518,data/images/frame_01518.npy,TRAIN,TRAIN,no,5,v40c_00830,orig_singleton_frame_01518
frame_01519,data/images/frame_01519.npy,TRAIN,TRAIN,no,5,v40c_00831,orig_singleton_frame_01519
frame_01520,data/images/frame_01520.npy,TRAIN,TRAIN,no,5,v40c_00832,orig_singleton_frame_01520
frame_01521,data/images/frame_01521.npy,TRAIN,TRAIN,no,5,v40c_00833,orig_singleton_frame_01521
frame_01522,data/images/frame_01522.npy,TRAIN,TRAIN,no,5,v40c_00834,orig_singleton_frame_01522
frame_01523,data/images/frame_01523.npy,TRAIN,TRAIN,no,5,v40c_00835,orig_singleton_frame_01523
frame_01524,data/images/frame_01524.npy,TRAIN,TRAIN,no,5,v40c_00836,orig_rule_00877
frame_01525,data/images/frame_01525.npy,TRAIN,TRAIN,no,5,v40c_00836,orig_rule_00877
frame_01526,data/images/frame_01526.npy,TRAIN,TRAIN,no,5,v40c_00837,orig_singleton_frame_01526
frame_01527,data/images/frame_01527.npy,TRAIN,TRAIN,no,5,v40c_00838,orig_singleton_frame_01527
frame_01528,data/images/frame_01528.npy,TRAIN,TRAIN,no,5,v40c_00839,orig_singleton_frame_01528
frame_01529,data/images/frame_01529.npy,TRAIN,TRAIN,no,5,v40c_00840,orig_singleton_frame_01529
frame_01530,data/images/frame_01530.npy,TRAIN,TRAIN,no,5,v40c_00841,orig_singleton_frame_01530
frame_01531,data/images/frame_01531.npy,TRAIN,TRAIN,no,5,v40c_00842,orig_singleton_frame_01531
frame_01532,data/images/frame_01532.npy,TRAIN,TRAIN,no,5,v40c_00843,orig_singleton_frame_01532
frame_01533,data/images/frame_01533.npy,TRAIN,TRAIN,no,6,v40c_00844,orig_singleton_frame_01533
frame_01534,data/images/frame_01534.npy,TRAIN,TRAIN,no,6,v40c_00845,orig_singleton_frame_01534
frame_01535,data/images/frame_01535.npy,TRAIN,TRAIN,no,4,v40c_00846,orig_singleton_frame_01535
frame_01536,data/images/frame_01536.npy,TRAIN,TRAIN,no,5,v40c_00847,orig_rule_00888
frame_01537,data/images/frame_01537.npy,TRAIN,TRAIN,no,5,v40c_00847,orig_rule_00888
frame_01538,data/images/frame_01538.npy,TRAIN,TRAIN,no,5,v40c_00848,orig_singleton_frame_01538
frame_01539,data/images/frame_01539.npy,TRAIN,TRAIN,no,4,v40c_00849,orig_singleton_frame_01539
frame_01540,data/images/frame_01540.npy,TRAIN,TRAIN,no,3,v40c_00850,orig_singleton_frame_01540
frame_01541,data/images/frame_01541.npy,TRAIN,TRAIN,no,3,v40c_00851,orig_rule_00892
frame_01542,data/images/frame_01542.npy,TRAIN,TRAIN,no,3,v40c_00851,orig_rule_00892
frame_01543,data/images/frame_01543.npy,TRAIN,TRAIN,no,3,v40c_00852,orig_singleton_frame_01543
frame_01544,data/images/frame_01544.npy,TRAIN,TRAIN,no,3,v40c_00853,orig_singleton_frame_01544
frame_01545,data/images/frame_01545.npy,TRAIN,TRAIN,no,2,v40c_00854,orig_singleton_frame_01545
frame_01546,data/images/frame_01546.npy,TRAIN,TRAIN,no,2,v40c_00855,orig_singleton_frame_01546
frame_01547,data/images/frame_01547.npy,TRAIN,TRAIN,no,2,v40c_00856,orig_singleton_frame_01547
frame_01548,data/images/frame_01548.npy,TRAIN,TRAIN,no,1,v40c_00857,orig_singleton_frame_01548
frame_01549,data/images/frame_01549.npy,TRAIN,TRAIN,no,1,v40c_00858,orig_singleton_frame_01549
frame_01550,data/images/frame_01550.npy,TRAIN,TRAIN,no,0,v40c_00859,orig_singleton_frame_01550
frame_01551,data/images/frame_01551.npy,TRAIN,TRAIN,no,1,v40c_00860,orig_singleton_frame_01551
frame_01552,data/images/frame_01552.npy,TRAIN,TRAIN,no,1,v40c_00861,orig_singleton_frame_01552
frame_01553,data/images/frame_01553.npy,TRAIN,TRAIN,no,1,v40c_00862,orig_singleton_frame_01553
frame_01554,data/images/frame_01554.npy,TRAIN,TRAIN,no,1,v40c_00863,orig_singleton_frame_01554
frame_01555,data/images/frame_01555.npy,TRAIN,TRAIN,no,1,v40c_00864,orig_singleton_frame_01555
frame_01556,data/images/frame_01556.npy,TRAIN,TRAIN,no,1,v40c_00865,orig_singleton_frame_01556
frame_01557,data/images/frame_01557.npy,TRAIN,TRAIN,no,1,v40c_00866,orig_singleton_frame_01557
frame_01558,data/images/frame_01558.npy,TRAIN,TRAIN,no,1,v40c_00867,orig_singleton_frame_01558
frame_01559,data/images/frame_01559.npy,TRAIN,TRAIN,no,0,v40c_00868,orig_singleton_frame_01559
frame_01560,data/images/frame_01560.npy,TRAIN,TRAIN,no,0,v40c_00869,orig_singleton_frame_01560
frame_01561,data/images/frame_01561.npy,TRAIN,TRAIN,no,1,v40c_00870,orig_singleton_frame_01561
frame_01562,data/images/frame_01562.npy,TRAIN,TRAIN,no,1,v40c_00871,orig_rule_00912
frame_01563,data/images/frame_01563.npy,TRAIN,TRAIN,no,1,v40c_00871,orig_rule_00912
frame_01564,data/images/frame_01564.npy,TRAIN,TRAIN,no,1,v40c_00872,orig_singleton_frame_01564
frame_01565,data/images/frame_01565.npy,TRAIN,TRAIN,no,1,v40c_00873,orig_singleton_frame_01565
frame_01566,data/images/frame_01566.npy,TRAIN,TRAIN,no,1,v40c_00874,orig_singleton_frame_01566
frame_01567,data/images/frame_01567.npy,TRAIN,TRAIN,no,1,v40c_00875,orig_rule_00916
frame_01568,data/images/frame_01568.npy,TRAIN,TRAIN,no,1,v40c_00875,orig_rule_00916
frame_01569,data/images/frame_01569.npy,TRAIN,TRAIN,no,1,v40c_00875,orig_rule_00916
frame_01570,data/images/frame_01570.npy,TRAIN,TRAIN,no,1,v40c_00876,orig_singleton_frame_01570
frame_01571,data/images/frame_01571.npy,TRAIN,TRAIN,no,1,v40c_00877,orig_singleton_frame_01571
frame_01572,data/images/frame_01572.npy,TRAIN,TRAIN,no,1,v40c_00878,orig_singleton_frame_01572
frame_01573,data/images/frame_01573.npy,TRAIN,TRAIN,no,1,v40c_00879,orig_singleton_frame_01573
frame_01574,data/images/frame_01574.npy,TRAIN,TRAIN,no,1,v40c_00880,orig_singleton_frame_01574
frame_01575,data/images/frame_01575.npy,TRAIN,TRAIN,no,1,v40c_00881,orig_singleton_frame_01575
frame_01576,data/images/frame_01576.npy,TRAIN,TRAIN,no,0,v40c_00882,orig_rule_00923
frame_01577,data/images/frame_01577.npy,TRAIN,TRAIN,no,0,v40c_00882,orig_rule_00923
frame_01578,data/images/frame_01578.npy,TRAIN,TRAIN,no,0,v40c_00882,orig_rule_00923
frame_01579,data/images/frame_01579.npy,TRAIN,TRAIN,no,0,v40c_00883,orig_singleton_frame_01579
frame_01580,data/images/frame_01580.npy,TRAIN,TRAIN,no,0,v40c_00884,orig_singleton_frame_01580
frame_01581,data/images/frame_01581.npy,TRAIN,TRAIN,no,0,v40c_00885,orig_singleton_frame_01581
frame_01582,data/images/frame_01582.npy,TRAIN,TRAIN,no,1,v40c_00886,orig_singleton_frame_01582
frame_01583,data/images/frame_01583.npy,TRAIN,TRAIN,no,1,v40c_00887,orig_rule_00928
frame_01584,data/images/frame_01584.npy,TRAIN,TRAIN,no,1,v40c_00887,orig_rule_00928
frame_01585,data/images/frame_01585.npy,TRAIN,TRAIN,no,1,v40c_00887,orig_rule_00928
frame_01586,data/images/frame_01586.npy,TRAIN,TRAIN,no,1,v40c_00887,orig_rule_00928
frame_01587,data/images/frame_01587.npy,TRAIN,TRAIN,no,1,v40c_00887,orig_rule_00928
frame_01588,data/images/frame_01588.npy,TRAIN,TRAIN,no,1,v40c_00887,orig_rule_00928
frame_01589,data/images/frame_01589.npy,TRAIN,TRAIN,no,1,v40c_00888,orig_singleton_frame_01589
frame_01590,data/images/frame_01590.npy,TRAIN,TRAIN,no,1,v40c_00889,orig_singleton_frame_01590
frame_01591,data/images/frame_01591.npy,TRAIN,TRAIN,no,2,v40c_00890,orig_singleton_frame_01591
frame_01592,data/images/frame_01592.npy,TRAIN,TRAIN,no,2,v40c_00891,orig_singleton_frame_01592
frame_01593,data/images/frame_01593.npy,TRAIN,TRAIN,no,2,v40c_00892,orig_singleton_frame_01593
frame_01594,data/images/frame_01594.npy,TRAIN,TRAIN,no,3,v40c_00893,orig_singleton_frame_01594
frame_01595,data/images/frame_01595.npy,TRAIN,TRAIN,no,3,v40c_00894,orig_rule_00935
frame_01596,data/images/frame_01596.npy,TRAIN,TRAIN,no,3,v40c_00894,orig_rule_00935
frame_01597,data/images/frame_01597.npy,TRAIN,TRAIN,no,3,v40c_00894,orig_rule_00935
frame_01598,data/images/frame_01598.npy,TRAIN,TRAIN,no,3,v40c_00894,orig_rule_00935
frame_01599,data/images/frame_01599.npy,TRAIN,TRAIN,no,3,v40c_00894,orig_rule_00935
frame_01600,data/images/frame_01600.npy,TRAIN,TRAIN,no,3,v40c_00895,orig_singleton_frame_01600
frame_01601,data/images/frame_01601.npy,TRAIN,TRAIN,no,3,v40c_00896,orig_singleton_frame_01601
frame_01602,data/images/frame_01602.npy,TRAIN,TRAIN,no,3,v40c_00897,orig_singleton_frame_01602
frame_01603,data/images/frame_01603.npy,TRAIN,TRAIN,no,3,v40c_00898,orig_singleton_frame_01603
frame_01604,data/images/frame_01604.npy,TRAIN,TRAIN,no,2,v40c_00899,orig_rule_00940
frame_01605,data/images/frame_01605.npy,TRAIN,TRAIN,no,3,v40c_00899,orig_rule_00940
frame_01606,data/images/frame_01606.npy,TRAIN,TRAIN,no,2,v40c_00900,orig_rule_00941
frame_01607,data/images/frame_01607.npy,TRAIN,TRAIN,no,4,v40c_00900,orig_rule_00941
frame_01608,data/images/frame_01608.npy,TRAIN,TRAIN,no,3,v40c_00901,orig_singleton_frame_01608
frame_01609,data/images/frame_01609.npy,TRAIN,TRAIN,no,3,v40c_00902,orig_singleton_frame_01609
frame_01610,data/images/frame_01610.npy,TRAIN,TRAIN,no,3,v40c_00903,orig_rule_00944
frame_01611,data/images/frame_01611.npy,TRAIN,TRAIN,no,3,v40c_00903,orig_rule_00944
frame_01612,data/images/frame_01612.npy,TRAIN,TRAIN,no,3,v40c_00904,orig_singleton_frame_01612
frame_01613,data/images/frame_01613.npy,TRAIN,TRAIN,no,3,v40c_00905,orig_rule_00946
frame_01614,data/images/frame_01614.npy,TRAIN,TRAIN,no,3,v40c_00905,orig_rule_00946
frame_01615,data/images/frame_01615.npy,TRAIN,TRAIN,no,3,v40c_00905,orig_rule_00946
frame_01616,data/images/frame_01616.npy,TRAIN,TRAIN,no,3,v40c_00905,orig_rule_00946
frame_01617,data/images/frame_01617.npy,TRAIN,TRAIN,no,3,v40c_00906,orig_rule_00947
frame_01618,data/images/frame_01618.npy,TRAIN,TRAIN,no,3,v40c_00907,orig_singleton_frame_01618
frame_01619,data/images/frame_01619.npy,TRAIN,TRAIN,no,3,v40c_00908,orig_singleton_frame_01619
frame_01620,data/images/frame_01620.npy,TRAIN,TRAIN,no,3,v40c_00906,orig_rule_00947
frame_01621,data/images/frame_01621.npy,TRAIN,TRAIN,no,3,v40c_00909,orig_rule_00950
frame_01622,data/images/frame_01622.npy,TRAIN,TRAIN,no,3,v40c_00909,orig_rule_00950
frame_01623,data/images/frame_01623.npy,TRAIN,TRAIN,no,4,v40c_00910,orig_singleton_frame_01623
frame_01624,data/images/frame_01624.npy,TRAIN,TRAIN,no,4,v40c_00911,orig_singleton_frame_01624
frame_01625,data/images/frame_01625.npy,TRAIN,TRAIN,no,5,v40c_00912,orig_rule_00953
frame_01626,data/images/frame_01626.npy,TRAIN,TRAIN,no,5,v40c_00912,orig_rule_00953
frame_01627,data/images/frame_01627.npy,TRAIN,TRAIN,no,5,v40c_00912,orig_rule_00953
frame_01628,data/images/frame_01628.npy,TRAIN,TRAIN,no,5,v40c_00913,orig_singleton_frame_01628
frame_01629,data/images/frame_01629.npy,TRAIN,TRAIN,no,5,v40c_00912,orig_rule_00953
frame_01630,data/images/frame_01630.npy,TRAIN,TRAIN,no,4,v40c_00912,orig_rule_00953
frame_01631,data/images/frame_01631.npy,TRAIN,TRAIN,no,4,v40c_00912,orig_rule_00953
frame_01632,data/images/frame_01632.npy,TRAIN,TRAIN,no,4,v40c_00912,orig_rule_00953
frame_01633,data/images/frame_01633.npy,TRAIN,TRAIN,no,5,v40c_00914,orig_singleton_frame_01633
frame_01634,data/images/frame_01634.npy,TRAIN,TRAIN,no,5,v40c_00915,orig_singleton_frame_01634
frame_01635,data/images/frame_01635.npy,TRAIN,TRAIN,no,5,v40c_00916,orig_singleton_frame_01635
frame_01636,data/images/frame_01636.npy,TRAIN,TRAIN,no,5,v40c_00917,orig_singleton_frame_01636
frame_01637,data/images/frame_01637.npy,TRAIN,TRAIN,no,5,v40c_00918,orig_singleton_frame_01637
frame_01638,data/images/frame_01638.npy,TRAIN,TRAIN,no,5,v40c_00919,orig_singleton_frame_01638
frame_01639,data/images/frame_01639.npy,TRAIN,TRAIN,no,3,v40c_00920,orig_singleton_frame_01639
frame_01640,data/images/frame_01640.npy,TRAIN,TRAIN,no,5,v40c_00921,orig_rule_00962
frame_01641,data/images/frame_01641.npy,TRAIN,TRAIN,no,4,v40c_00922,orig_rule_00963
frame_01642,data/images/frame_01642.npy,TRAIN,TRAIN,no,4,v40c_00922,orig_rule_00963
frame_01643,data/images/frame_01643.npy,TRAIN,TRAIN,no,4,v40c_00922,orig_rule_00963
frame_01644,data/images/frame_01644.npy,TRAIN,TRAIN,no,4,v40c_00922,orig_rule_00963
frame_01645,data/images/frame_01645.npy,TRAIN,TRAIN,no,4,v40c_00921,orig_rule_00962
frame_01646,data/images/frame_01646.npy,TRAIN,TRAIN,no,3,v40c_00923,orig_singleton_frame_01646
frame_01647,data/images/frame_01647.npy,TRAIN,TRAIN,no,3,v40c_00924,orig_singleton_frame_01647
frame_01648,data/images/frame_01648.npy,TRAIN,TRAIN,no,3,v40c_00925,orig_singleton_frame_01648
frame_01649,data/images/frame_01649.npy,TRAIN,TRAIN,no,3,v40c_00926,orig_singleton_frame_01649
frame_01650,data/images/frame_01650.npy,TRAIN,TRAIN,no,3,v40c_00927,orig_singleton_frame_01650
frame_01651,data/images/frame_01651.npy,TRAIN,TRAIN,no,5,v40c_00928,orig_singleton_frame_01651
frame_01652,data/images/frame_01652.npy,TRAIN,TRAIN,no,4,v40c_00929,orig_singleton_frame_01652
frame_01653,data/images/frame_01653.npy,TRAIN,TRAIN,no,6,v40c_00930,orig_singleton_frame_01653
frame_01654,data/images/frame_01654.npy,TRAIN,TRAIN,no,7,v40c_00931,orig_singleton_frame_01654
frame_01655,data/images/frame_01655.npy,TRAIN,TRAIN,no,7,v40c_00932,orig_rule_00973
frame_01656,data/images/frame_01656.npy,TRAIN,TRAIN,no,7,v40c_00932,orig_rule_00973
frame_01657,data/images/frame_01657.npy,TRAIN,TRAIN,no,7,v40c_00933,orig_rule_00974
frame_01658,data/images/frame_01658.npy,TRAIN,TRAIN,no,7,v40c_00933,orig_rule_00974
frame_01659,data/images/frame_01659.npy,TRAIN,TRAIN,no,5,v40c_00934,orig_rule_00975
frame_01660,data/images/frame_01660.npy,TRAIN,TRAIN,no,5,v40c_00934,orig_rule_00975
frame_01661,data/images/frame_01661.npy,TRAIN,TRAIN,no,5,v40c_00934,orig_rule_00975
frame_01662,data/images/frame_01662.npy,TRAIN,TRAIN,no,5,v40c_00935,orig_rule_00976
frame_01663,data/images/frame_01663.npy,TRAIN,TRAIN,no,6,v40c_00935,orig_rule_00976
frame_01664,data/images/frame_01664.npy,TRAIN,TRAIN,no,6,v40c_00936,orig_rule_00977
frame_01665,data/images/frame_01665.npy,TRAIN,TRAIN,no,6,v40c_00936,orig_rule_00977
frame_01666,data/images/frame_01666.npy,TRAIN,TRAIN,no,6,v40c_00937,orig_singleton_frame_01666
frame_01667,data/images/frame_01667.npy,TRAIN,TRAIN,no,6,v40c_00938,orig_singleton_frame_01667
frame_01668,data/images/frame_01668.npy,TRAIN,TRAIN,no,6,v40c_00939,orig_singleton_frame_01668
frame_01669,data/images/frame_01669.npy,TRAIN,TRAIN,no,6,v40c_00940,orig_singleton_frame_01669
frame_01670,data/images/frame_01670.npy,TRAIN,TRAIN,no,6,v40c_00941,orig_singleton_frame_01670
frame_01671,data/images/frame_01671.npy,TRAIN,TRAIN,no,6,v40c_00942,orig_singleton_frame_01671
frame_01672,data/images/frame_01672.npy,TRAIN,TRAIN,no,5,v40c_00943,orig_rule_00984
frame_01673,data/images/frame_01673.npy,TRAIN,TRAIN,no,4,v40c_00943,orig_rule_00984
frame_01674,data/images/frame_01674.npy,TRAIN,TRAIN,no,4,v40c_00944,orig_singleton_frame_01674
frame_01675,data/images/frame_01675.npy,TRAIN,TRAIN,no,4,v40c_00945,orig_rule_00986
frame_01676,data/images/frame_01676.npy,TRAIN,TRAIN,no,4,v40c_00945,orig_rule_00986
frame_01677,data/images/frame_01677.npy,TRAIN,TRAIN,no,4,v40c_00946,orig_rule_00987
frame_01678,data/images/frame_01678.npy,TRAIN,TRAIN,no,4,v40c_00946,orig_rule_00987
frame_01679,data/images/frame_01679.npy,TRAIN,TRAIN,no,4,v40c_00947,orig_singleton_frame_01679
frame_01680,data/images/frame_01680.npy,TRAIN,TRAIN,no,4,v40c_00948,orig_singleton_frame_01680
frame_01681,data/images/frame_01681.npy,TRAIN,TRAIN,no,3,v40c_00949,orig_singleton_frame_01681
frame_01682,data/images/frame_01682.npy,TRAIN,TRAIN,no,3,v40c_00950,orig_singleton_frame_01682
frame_01683,data/images/frame_01683.npy,TRAIN,TRAIN,no,4,v40c_00951,orig_singleton_frame_01683
frame_01684,data/images/frame_01684.npy,TRAIN,TRAIN,no,3,v40c_00952,orig_rule_00993
frame_01685,data/images/frame_01685.npy,TRAIN,TRAIN,no,5,v40c_00952,orig_rule_00993
frame_01686,data/images/frame_01686.npy,TRAIN,TRAIN,no,3,v40c_00952,orig_rule_00993
frame_01687,data/images/frame_01687.npy,TRAIN,TRAIN,no,4,v40c_00952,orig_rule_00993
frame_01688,data/images/frame_01688.npy,TRAIN,TRAIN,no,4,v40c_00952,orig_rule_00993
frame_01689,data/images/frame_01689.npy,TRAIN,TRAIN,no,5,v40c_00952,orig_rule_00993
frame_01690,data/images/frame_01690.npy,TRAIN,TRAIN,no,5,v40c_00952,orig_rule_00993
frame_01691,data/images/frame_01691.npy,TRAIN,TRAIN,no,4,v40c_00952,orig_rule_00993
frame_01692,data/images/frame_01692.npy,TRAIN,TRAIN,no,5,v40c_00952,orig_rule_00993
frame_01693,data/images/frame_01693.npy,TRAIN,TRAIN,no,5,v40c_00952,orig_rule_00993
frame_01694,data/images/frame_01694.npy,TRAIN,TRAIN,no,5,v40c_00952,orig_rule_00993
frame_01695,data/images/frame_01695.npy,TRAIN,TRAIN,no,4,v40c_00953,orig_singleton_frame_01695
frame_01696,data/images/frame_01696.npy,TRAIN,TRAIN,no,4,v40c_00954,orig_singleton_frame_01696
frame_01697,data/images/frame_01697.npy,TRAIN,TRAIN,no,5,v40c_00955,orig_singleton_frame_01697
frame_01698,data/images/frame_01698.npy,TRAIN,TRAIN,no,4,v40c_00956,orig_singleton_frame_01698
frame_01699,data/images/frame_01699.npy,TRAIN,TRAIN,no,4,v40c_00957,orig_singleton_frame_01699
frame_01700,data/images/frame_01700.npy,TRAIN,TRAIN,no,4,v40c_00958,orig_singleton_frame_01700
frame_01701,data/images/frame_01701.npy,TRAIN,TRAIN,no,4,v40c_00959,orig_singleton_frame_01701
frame_01702,data/images/frame_01702.npy,TRAIN,TRAIN,no,4,v40c_00960,orig_singleton_frame_01702
frame_01703,data/images/frame_01703.npy,TRAIN,TRAIN,no,4,v40c_00961,orig_rule_01002
frame_01704,data/images/frame_01704.npy,TRAIN,TRAIN,no,4,v40c_00961,orig_rule_01002
frame_01705,data/images/frame_01705.npy,TRAIN,TRAIN,no,4,v40c_00962,orig_singleton_frame_01705
frame_01706,data/images/frame_01706.npy,TRAIN,TRAIN,no,4,v40c_00963,orig_rule_01004
frame_01707,data/images/frame_01707.npy,TRAIN,TRAIN,no,4,v40c_00963,orig_rule_01004
frame_01708,data/images/frame_01708.npy,TRAIN,TRAIN,no,3,v40c_00963,orig_rule_01004
frame_01709,data/images/frame_01709.npy,TRAIN,TRAIN,no,3,v40c_00964,orig_singleton_frame_01709
frame_01710,data/images/frame_01710.npy,TRAIN,TRAIN,no,5,v40c_00965,orig_singleton_frame_01710
frame_01711,data/images/frame_01711.npy,TRAIN,TRAIN,no,5,v40c_00966,orig_rule_01007
frame_01712,data/images/frame_01712.npy,TRAIN,TRAIN,no,5,v40c_00966,orig_rule_01007
frame_01713,data/images/frame_01713.npy,TRAIN,TRAIN,no,5,v40c_00966,orig_rule_01007
frame_01714,data/images/frame_01714.npy,TRAIN,TRAIN,no,5,v40c_00966,orig_rule_01007
frame_01715,data/images/frame_01715.npy,TRAIN,TRAIN,no,5,v40c_00967,orig_singleton_frame_01715
frame_01716,data/images/frame_01716.npy,TRAIN,TRAIN,no,5,v40c_00968,orig_rule_01009
frame_01717,data/images/frame_01717.npy,TRAIN,TRAIN,no,5,v40c_00968,orig_rule_01009
frame_01718,data/images/frame_01718.npy,TRAIN,TRAIN,no,5,v40c_00968,orig_rule_01009
frame_01719,data/images/frame_01719.npy,TRAIN,TRAIN,no,5,v40c_00968,orig_rule_01009
frame_01720,data/images/frame_01720.npy,TRAIN,TRAIN,no,5,v40c_00969,orig_singleton_frame_01720
frame_01721,data/images/frame_01721.npy,TRAIN,TRAIN,no,5,v40c_00970,orig_singleton_frame_01721
frame_01722,data/images/frame_01722.npy,TRAIN,TRAIN,no,3,v40c_00971,orig_singleton_frame_01722
frame_01723,data/images/frame_01723.npy,TRAIN,TRAIN,no,3,v40c_00972,orig_singleton_frame_01723
frame_01724,data/images/frame_01724.npy,TRAIN,TRAIN,no,3,v40c_00973,orig_singleton_frame_01724
frame_01725,data/images/frame_01725.npy,TRAIN,TRAIN,no,3,v40c_00974,orig_rule_01015
frame_01726,data/images/frame_01726.npy,TRAIN,TRAIN,no,3,v40c_00974,orig_rule_01015
frame_01727,data/images/frame_01727.npy,TRAIN,TRAIN,no,3,v40c_00975,orig_singleton_frame_01727
frame_01728,data/images/frame_01728.npy,TRAIN,TRAIN,no,3,v40c_00976,orig_singleton_frame_01728
frame_01729,data/images/frame_01729.npy,TRAIN,TRAIN,no,3,v40c_00977,orig_rule_01018
frame_01730,data/images/frame_01730.npy,TRAIN,TRAIN,no,2,v40c_00977,orig_rule_01018
frame_01731,data/images/frame_01731.npy,TRAIN,TRAIN,no,3,v40c_00978,orig_rule_01019
frame_01732,data/images/frame_01732.npy,TRAIN,TRAIN,no,3,v40c_00979,orig_singleton_frame_01732
frame_01733,data/images/frame_01733.npy,TRAIN,TRAIN,no,3,v40c_00978,orig_rule_01019
frame_01734,data/images/frame_01734.npy,TRAIN,TRAIN,no,3,v40c_00980,orig_rule_01021
frame_01735,data/images/frame_01735.npy,TRAIN,TRAIN,no,3,v40c_00980,orig_rule_01021
frame_01736,data/images/frame_01736.npy,TRAIN,TRAIN,no,3,v40c_00980,orig_rule_01021
frame_01737,data/images/frame_01737.npy,TRAIN,TRAIN,no,3,v40c_00980,orig_rule_01021
frame_01738,data/images/frame_01738.npy,TRAIN,TRAIN,no,3,v40c_00981,orig_singleton_frame_01738
frame_01739,data/images/frame_01739.npy,TRAIN,TRAIN,no,3,v40c_00982,orig_singleton_frame_01739
frame_01740,data/images/frame_01740.npy,TRAIN,TRAIN,no,3,v40c_00983,orig_rule_01024
frame_01741,data/images/frame_01741.npy,TRAIN,TRAIN,no,3,v40c_00984,orig_singleton_frame_01741
frame_01742,data/images/frame_01742.npy,TRAIN,TRAIN,no,2,v40c_00983,orig_rule_01024
frame_01743,data/images/frame_01743.npy,TRAIN,TRAIN,no,3,v40c_00983,orig_rule_01024
frame_01744,data/images/frame_01744.npy,TRAIN,TRAIN,no,4,v40c_00985,orig_singleton_frame_01744
frame_01745,data/images/frame_01745.npy,TRAIN,TRAIN,no,3,v40c_00983,orig_rule_01024
frame_01746,data/images/frame_01746.npy,TRAIN,TRAIN,no,3,v40c_00986,orig_singleton_frame_01746
frame_01747,data/images/frame_01747.npy,TRAIN,TRAIN,no,3,v40c_00987,orig_singleton_frame_01747
frame_01748,data/images/frame_01748.npy,TRAIN,TRAIN,no,3,v40c_00988,orig_singleton_frame_01748
frame_01749,data/images/frame_01749.npy,TRAIN,TRAIN,no,3,v40c_00989,orig_singleton_frame_01749
frame_01750,data/images/frame_01750.npy,TRAIN,TRAIN,no,3,v40c_00990,orig_rule_01031
frame_01751,data/images/frame_01751.npy,TRAIN,TRAIN,no,3,v40c_00990,orig_rule_01031
frame_01752,data/images/frame_01752.npy,TRAIN,TRAIN,no,3,v40c_00990,orig_rule_01031
frame_01753,data/images/frame_01753.npy,TRAIN,TRAIN,no,3,v40c_00991,orig_singleton_frame_01753
frame_01754,data/images/frame_01754.npy,TRAIN,TRAIN,no,3,v40c_00992,orig_singleton_frame_01754
frame_01755,data/images/frame_01755.npy,TRAIN,TRAIN,no,2,v40c_00993,orig_singleton_frame_01755
frame_01756,data/images/frame_01756.npy,TRAIN,TRAIN,no,2,v40c_00994,orig_rule_01035
frame_01757,data/images/frame_01757.npy,TRAIN,TRAIN,no,2,v40c_00994,orig_rule_01035
frame_01758,data/images/frame_01758.npy,TRAIN,TRAIN,no,2,v40c_00995,orig_singleton_frame_01758
frame_01759,data/images/frame_01759.npy,TRAIN,TRAIN,no,2,v40c_00996,orig_singleton_frame_01759
frame_01760,data/images/frame_01760.npy,TRAIN,TRAIN,no,1,v40c_00997,orig_singleton_frame_01760
frame_01761,data/images/frame_01761.npy,TRAIN,TRAIN,no,1,v40c_00998,orig_singleton_frame_01761
frame_01762,data/images/frame_01762.npy,TRAIN,TRAIN,no,0,v40c_00999,orig_rule_01040
frame_01763,data/images/frame_01763.npy,TRAIN,TRAIN,no,0,v40c_00999,orig_rule_01040
frame_01764,data/images/frame_01764.npy,TRAIN,TRAIN,no,1,v40c_00999,orig_rule_01040
frame_01765,data/images/frame_01765.npy,TRAIN,TRAIN,no,0,v40c_00999,orig_rule_01040
frame_01766,data/images/frame_01766.npy,TRAIN,TRAIN,no,0,v40c_00999,orig_rule_01040
frame_01767,data/images/frame_01767.npy,TRAIN,TRAIN,no,0,v40c_00999,orig_rule_01040
frame_01768,data/images/frame_01768.npy,TRAIN,TRAIN,no,0,v40c_01000,orig_singleton_frame_01768
frame_01769,data/images/frame_01769.npy,TRAIN,TRAIN,no,0,v40c_01001,orig_singleton_frame_01769
frame_01770,data/images/frame_01770.npy,TRAIN,TRAIN,no,0,v40c_01002,orig_singleton_frame_01770
frame_01771,data/images/frame_01771.npy,TRAIN,TRAIN,no,0,v40c_01003,orig_singleton_frame_01771
frame_01772,data/images/frame_01772.npy,TRAIN,TRAIN,no,0,v40c_01004,orig_singleton_frame_01772
frame_01773,data/images/frame_01773.npy,TRAIN,TRAIN,no,0,v40c_01005,orig_singleton_frame_01773
frame_01774,data/images/frame_01774.npy,TRAIN,TRAIN,no,0,v40c_01006,orig_rule_01047
frame_01775,data/images/frame_01775.npy,TRAIN,TRAIN,no,0,v40c_01006,orig_rule_01047
frame_01776,data/images/frame_01776.npy,TRAIN,TRAIN,no,0,v40c_01006,orig_rule_01047
frame_01777,data/images/frame_01777.npy,TRAIN,TRAIN,no,0,v40c_01006,orig_rule_01047
frame_01778,data/images/frame_01778.npy,TRAIN,TRAIN,no,0,v40c_01007,orig_singleton_frame_01778
frame_01779,data/images/frame_01779.npy,TRAIN,TRAIN,no,0,v40c_01008,orig_singleton_frame_01779
frame_01780,data/images/frame_01780.npy,TRAIN,TRAIN,no,0,v40c_01009,orig_singleton_frame_01780
frame_01781,data/images/frame_01781.npy,TRAIN,TRAIN,no,0,v40c_01010,orig_singleton_frame_01781
frame_01782,data/images/frame_01782.npy,TRAIN,TRAIN,no,0,v40c_01011,orig_singleton_frame_01782
frame_01783,data/images/frame_01783.npy,TRAIN,TRAIN,no,0,v40c_01012,orig_rule_01053
frame_01784,data/images/frame_01784.npy,TRAIN,TRAIN,no,0,v40c_01012,orig_rule_01053
frame_01785,data/images/frame_01785.npy,TRAIN,TRAIN,no,0,v40c_01012,orig_rule_01053
frame_01786,data/images/frame_01786.npy,TRAIN,TRAIN,no,0,v40c_01012,orig_rule_01053
frame_01787,data/images/frame_01787.npy,TRAIN,TRAIN,no,1,v40c_01013,orig_singleton_frame_01787
frame_01788,data/images/frame_01788.npy,TRAIN,TRAIN,no,1,v40c_01014,orig_singleton_frame_01788
frame_01789,data/images/frame_01789.npy,TRAIN,TRAIN,no,1,v40c_01015,orig_rule_01056
frame_01790,data/images/frame_01790.npy,TRAIN,TRAIN,no,1,v40c_01015,orig_rule_01056
frame_01791,data/images/frame_01791.npy,TRAIN,TRAIN,no,1,v40c_01015,orig_rule_01056
frame_01792,data/images/frame_01792.npy,TRAIN,TRAIN,no,1,v40c_01015,orig_rule_01056
frame_01793,data/images/frame_01793.npy,TRAIN,TRAIN,no,1,v40c_01016,orig_singleton_frame_01793
frame_01794,data/images/frame_01794.npy,TRAIN,TRAIN,no,1,v40c_01017,orig_singleton_frame_01794
frame_01795,data/images/frame_01795.npy,TRAIN,TRAIN,no,1,v40c_01018,orig_singleton_frame_01795
frame_01796,data/images/frame_01796.npy,TRAIN,TRAIN,no,1,v40c_01019,orig_singleton_frame_01796
frame_01797,data/images/frame_01797.npy,TRAIN,TRAIN,no,1,v40c_01020,orig_rule_01061
frame_01798,data/images/frame_01798.npy,TRAIN,TRAIN,no,1,v40c_01020,orig_rule_01061
frame_01799,data/images/frame_01799.npy,TRAIN,TRAIN,no,1,v40c_01020,orig_rule_01061
frame_01800,data/images/frame_01800.npy,TRAIN,TRAIN,no,1,v40c_01020,orig_rule_01061
frame_01801,data/images/frame_01801.npy,TRAIN,TRAIN,no,1,v40c_01020,orig_rule_01061
frame_01802,data/images/frame_01802.npy,TRAIN,TRAIN,no,1,v40c_01021,orig_rule_01062
frame_01803,data/images/frame_01803.npy,TRAIN,TRAIN,no,1,v40c_01021,orig_rule_01062
frame_01804,data/images/frame_01804.npy,TRAIN,TRAIN,no,1,v40c_01021,orig_rule_01062
frame_01805,data/images/frame_01805.npy,TRAIN,TRAIN,no,1,v40c_01021,orig_rule_01062
frame_01806,data/images/frame_01806.npy,TRAIN,TRAIN,no,1,v40c_01021,orig_rule_01062
frame_01807,data/images/frame_01807.npy,TRAIN,TRAIN,no,1,v40c_01021,orig_rule_01062
frame_01808,data/images/frame_01808.npy,TRAIN,TRAIN,no,1,v40c_01022,orig_singleton_frame_01808
frame_01809,data/images/frame_01809.npy,TRAIN,TRAIN,no,1,v40c_01023,orig_rule_01064
frame_01810,data/images/frame_01810.npy,TRAIN,TRAIN,no,1,v40c_01023,orig_rule_01064
frame_01811,data/images/frame_01811.npy,TRAIN,TRAIN,no,1,v40c_01024,orig_singleton_frame_01811
frame_01812,data/images/frame_01812.npy,TRAIN,TRAIN,no,1,v40c_01025,orig_singleton_frame_01812
frame_01813,data/images/frame_01813.npy,TRAIN,TRAIN,no,1,v40c_01026,orig_singleton_frame_01813
frame_01814,data/images/frame_01814.npy,TRAIN,TRAIN,no,1,v40c_01027,orig_singleton_frame_01814
frame_01815,data/images/frame_01815.npy,TRAIN,TRAIN,no,1,v40c_01028,orig_singleton_frame_01815
frame_01816,data/images/frame_01816.npy,TRAIN,TRAIN,no,1,v40c_01029,orig_rule_01070
frame_01817,data/images/frame_01817.npy,TRAIN,TRAIN,no,1,v40c_01029,orig_rule_01070
frame_01818,data/images/frame_01818.npy,TRAIN,TRAIN,no,1,v40c_01030,orig_singleton_frame_01818
frame_01819,data/images/frame_01819.npy,TRAIN,TRAIN,no,1,v40c_01031,orig_rule_01072
frame_01820,data/images/frame_01820.npy,TRAIN,TRAIN,no,1,v40c_01031,orig_rule_01072
frame_01821,data/images/frame_01821.npy,TRAIN,TRAIN,no,1,v40c_01031,orig_rule_01072
frame_01822,data/images/frame_01822.npy,TRAIN,TRAIN,no,1,v40c_01032,orig_rule_01073
frame_01823,data/images/frame_01823.npy,TRAIN,TRAIN,no,1,v40c_01032,orig_rule_01073
frame_01824,data/images/frame_01824.npy,TRAIN,TRAIN,no,1,v40c_01033,orig_rule_01074
frame_01825,data/images/frame_01825.npy,TRAIN,TRAIN,no,1,v40c_01033,orig_rule_01074
frame_01826,data/images/frame_01826.npy,TRAIN,TRAIN,no,1,v40c_01033,orig_rule_01074
frame_01827,data/images/frame_01827.npy,TRAIN,TRAIN,no,1,v40c_01033,orig_rule_01074
frame_01828,data/images/frame_01828.npy,TRAIN,TRAIN,no,1,v40c_01034,orig_rule_01075
frame_01829,data/images/frame_01829.npy,TRAIN,TRAIN,no,1,v40c_01034,orig_rule_01075
frame_01830,data/images/frame_01830.npy,TRAIN,TRAIN,no,1,v40c_01034,orig_rule_01075
frame_01831,data/images/frame_01831.npy,TRAIN,TRAIN,no,1,v40c_01034,orig_rule_01075
frame_01832,data/images/frame_01832.npy,TRAIN,TRAIN,no,1,v40c_01034,orig_rule_01075
frame_01833,data/images/frame_01833.npy,TRAIN,TRAIN,no,1,v40c_01034,orig_rule_01075
frame_01834,data/images/frame_01834.npy,TRAIN,TRAIN,no,1,v40c_01034,orig_rule_01075
frame_01835,data/images/frame_01835.npy,TRAIN,TRAIN,no,1,v40c_01034,orig_rule_01075
frame_01836,data/images/frame_01836.npy,TRAIN,TRAIN,no,1,v40c_01034,orig_rule_01075
frame_01837,data/images/frame_01837.npy,TRAIN,TRAIN,no,1,v40c_01034,orig_rule_01075
frame_01838,data/images/frame_01838.npy,TRAIN,TRAIN,no,1,v40c_01034,orig_rule_01075
frame_01839,data/images/frame_01839.npy,TRAIN,TRAIN,no,1,v40c_01034,orig_rule_01075
frame_01840,data/images/frame_01840.npy,TRAIN,TRAIN,no,1,v40c_01034,orig_rule_01075
frame_01841,data/images/frame_01841.npy,TRAIN,TRAIN,no,1,v40c_01034,orig_rule_01075
frame_01842,data/images/frame_01842.npy,TRAIN,TRAIN,no,1,v40c_01034,orig_rule_01075
frame_01843,data/images/frame_01843.npy,TRAIN,TRAIN,no,1,v40c_01034,orig_rule_01075
frame_01844,data/images/frame_01844.npy,TRAIN,TRAIN,no,1,v40c_01034,orig_rule_01075
frame_01845,data/images/frame_01845.npy,TRAIN,TRAIN,no,1,v40c_01034,orig_rule_01075
frame_01846,data/images/frame_01846.npy,TRAIN,TRAIN,no,1,v40c_01034,orig_rule_01075
frame_01847,data/images/frame_01847.npy,TRAIN,TRAIN,no,1,v40c_01034,orig_rule_01075
frame_01848,data/images/frame_01848.npy,TRAIN,TRAIN,no,1,v40c_01034,orig_rule_01075
frame_01849,data/images/frame_01849.npy,TRAIN,TRAIN,no,1,v40c_01034,orig_rule_01075
frame_01850,data/images/frame_01850.npy,TRAIN,TRAIN,no,1,v40c_01034,orig_rule_01075
frame_01851,data/images/frame_01851.npy,TRAIN,TRAIN,no,1,v40c_01034,orig_rule_01075
frame_01852,data/images/frame_01852.npy,TRAIN,TRAIN,no,1,v40c_01034,orig_rule_01075
frame_01853,data/images/frame_01853.npy,TRAIN,TRAIN,no,1,v40c_01035,orig_singleton_frame_01853
frame_01854,data/images/frame_01854.npy,TRAIN,TRAIN,no,1,v40c_01036,orig_rule_01077
frame_01855,data/images/frame_01855.npy,TRAIN,TRAIN,no,1,v40c_01036,orig_rule_01077
frame_01856,data/images/frame_01856.npy,TRAIN,TRAIN,no,1,v40c_01036,orig_rule_01077
frame_01857,data/images/frame_01857.npy,TRAIN,TRAIN,no,1,v40c_01036,orig_rule_01077
frame_01858,data/images/frame_01858.npy,TRAIN,TRAIN,no,1,v40c_01037,orig_singleton_frame_01858
frame_01859,data/images/frame_01859.npy,TRAIN,TRAIN,no,1,v40c_01038,orig_singleton_frame_01859
frame_01860,data/images/frame_01860.npy,TRAIN,TRAIN,no,1,v40c_01039,orig_singleton_frame_01860
frame_01861,data/images/frame_01861.npy,TRAIN,TRAIN,no,1,v40c_01040,orig_rule_01081
frame_01862,data/images/frame_01862.npy,TRAIN,TRAIN,no,1,v40c_01040,orig_rule_01081
frame_01863,data/images/frame_01863.npy,TRAIN,TRAIN,no,1,v40c_01040,orig_rule_01081
frame_01864,data/images/frame_01864.npy,TRAIN,TRAIN,no,1,v40c_01040,orig_rule_01081
frame_01865,data/images/frame_01865.npy,TRAIN,TRAIN,no,1,v40c_01040,orig_rule_01081
frame_01866,data/images/frame_01866.npy,TRAIN,TRAIN,no,1,v40c_01040,orig_rule_01081
frame_01867,data/images/frame_01867.npy,TRAIN,TRAIN,no,1,v40c_01040,orig_rule_01081
frame_01868,data/images/frame_01868.npy,TRAIN,TRAIN,no,1,v40c_01040,orig_rule_01081
frame_01869,data/images/frame_01869.npy,TRAIN,TRAIN,no,1,v40c_01041,orig_singleton_frame_01869
frame_01870,data/images/frame_01870.npy,TRAIN,TRAIN,no,1,v40c_01042,orig_singleton_frame_01870
frame_01871,data/images/frame_01871.npy,TRAIN,TRAIN,no,1,v40c_01043,orig_singleton_frame_01871
frame_01872,data/images/frame_01872.npy,TRAIN,TRAIN,no,1,v40c_01044,orig_rule_01085
frame_01873,data/images/frame_01873.npy,TRAIN,TRAIN,no,1,v40c_01044,orig_rule_01085
frame_01874,data/images/frame_01874.npy,TRAIN,TRAIN,no,1,v40c_01045,orig_singleton_frame_01874
frame_01875,data/images/frame_01875.npy,TRAIN,TRAIN,no,1,v40c_01046,orig_singleton_frame_01875
frame_01876,data/images/frame_01876.npy,TRAIN,TRAIN,no,0,v40c_01047,orig_singleton_frame_01876
frame_01877,data/images/frame_01877.npy,TRAIN,TRAIN,no,1,v40c_01048,orig_singleton_frame_01877
frame_01878,data/images/frame_01878.npy,TRAIN,TRAIN,no,0,v40c_01049,orig_singleton_frame_01878
frame_01879,data/images/frame_01879.npy,TRAIN,TRAIN,no,0,v40c_01050,orig_rule_01091
frame_01880,data/images/frame_01880.npy,TRAIN,TRAIN,no,0,v40c_01051,orig_rule_01092
frame_01881,data/images/frame_01881.npy,TRAIN,TRAIN,no,0,v40c_01051,orig_rule_01092
frame_01882,data/images/frame_01882.npy,TRAIN,TRAIN,no,0,v40c_01050,orig_rule_01091
frame_01883,data/images/frame_01883.npy,TRAIN,TRAIN,no,0,v40c_01052,orig_rule_01093
frame_01884,data/images/frame_01884.npy,TRAIN,TRAIN,no,0,v40c_01053,orig_singleton_frame_01884
frame_01885,data/images/frame_01885.npy,TRAIN,TRAIN,no,0,v40c_01052,orig_rule_01093
frame_01886,data/images/frame_01886.npy,TRAIN,TRAIN,no,0,v40c_01054,orig_singleton_frame_01886
frame_01887,data/images/frame_01887.npy,TRAIN,TRAIN,no,0,v40c_01055,orig_singleton_frame_01887
frame_01888,data/images/frame_01888.npy,TRAIN,TRAIN,no,0,v40c_01056,orig_singleton_frame_01888
frame_01889,data/images/frame_01889.npy,TRAIN,TRAIN,no,0,v40c_01057,orig_rule_01098
frame_01890,data/images/frame_01890.npy,TRAIN,TRAIN,no,0,v40c_01057,orig_rule_01098
frame_01891,data/images/frame_01891.npy,TRAIN,TRAIN,no,0,v40c_01058,orig_singleton_frame_01891
frame_01892,data/images/frame_01892.npy,TRAIN,TRAIN,no,0,v40c_01059,orig_rule_01100
frame_01893,data/images/frame_01893.npy,TRAIN,TRAIN,no,0,v40c_01059,orig_rule_01100
frame_01894,data/images/frame_01894.npy,TRAIN,TRAIN,no,0,v40c_01059,orig_rule_01100
frame_01895,data/images/frame_01895.npy,TRAIN,TRAIN,no,0,v40c_01059,orig_rule_01100
frame_01896,data/images/frame_01896.npy,TRAIN,TRAIN,no,0,v40c_01052,orig_rule_01093
frame_01897,data/images/frame_01897.npy,TRAIN,TRAIN,no,0,v40c_01052,orig_rule_01093
frame_01898,data/images/frame_01898.npy,TRAIN,TRAIN,no,0,v40c_01052,orig_rule_01093
frame_01899,data/images/frame_01899.npy,TRAIN,TRAIN,no,0,v40c_01052,orig_rule_01093
frame_01900,data/images/frame_01900.npy,TRAIN,TRAIN,no,0,v40c_01060,orig_rule_01101
frame_01901,data/images/frame_01901.npy,TRAIN,TRAIN,no,0,v40c_01061,orig_singleton_frame_01901
frame_01902,data/images/frame_01902.npy,TRAIN,TRAIN,no,0,v40c_01060,orig_rule_01101
frame_01903,data/images/frame_01903.npy,TRAIN,TRAIN,no,0,v40c_01062,orig_singleton_frame_01903
frame_01920,data/images/frame_01920.npy,VALIDATION,VALIDATION,no,0,v40c_01063,orig_singleton_frame_01920
frame_01921,data/images/frame_01921.npy,VALIDATION,VALIDATION,no,0,v40c_01064,orig_singleton_frame_01921
frame_01922,data/images/frame_01922.npy,VALIDATION,VALIDATION,no,0,v40c_01065,orig_singleton_frame_01922
frame_01923,data/images/frame_01923.npy,VALIDATION,VALIDATION,no,0,v40c_01066,orig_singleton_frame_01923
frame_01924,data/images/frame_01924.npy,VALIDATION,VALIDATION,no,0,v40c_01067,orig_singleton_frame_01924
frame_01925,data/images/frame_01925.npy,VALIDATION,VALIDATION,no,0,v40c_01068,orig_singleton_frame_01925
frame_01926,data/images/frame_01926.npy,VALIDATION,VALIDATION,no,0,v40c_01069,orig_singleton_frame_01926
frame_01927,data/images/frame_01927.npy,VALIDATION,VALIDATION,no,0,v40c_01070,orig_singleton_frame_01927
frame_01928,data/images/frame_01928.npy,VALIDATION,VALIDATION,no,0,v40c_01071,orig_singleton_frame_01928
frame_01929,data/images/frame_01929.npy,VALIDATION,VALIDATION,no,0,v40c_01072,orig_singleton_frame_01929
frame_01930,data/images/frame_01930.npy,VALIDATION,VALIDATION,no,0,v40c_01073,orig_singleton_frame_01930
frame_01931,data/images/frame_01931.npy,VALIDATION,VALIDATION,no,0,v40c_01074,orig_rule_01115
frame_01932,data/images/frame_01932.npy,VALIDATION,VALIDATION,no,0,v40c_01074,orig_rule_01115
frame_01933,data/images/frame_01933.npy,VALIDATION,VALIDATION,no,0,v40c_01074,orig_rule_01115
frame_01934,data/images/frame_01934.npy,VALIDATION,VALIDATION,no,0,v40c_01075,orig_singleton_frame_01934
frame_01935,data/images/frame_01935.npy,VALIDATION,VALIDATION,no,0,v40c_01076,orig_rule_01117
frame_01936,data/images/frame_01936.npy,VALIDATION,VALIDATION,no,0,v40c_01076,orig_rule_01117
frame_01937,data/images/frame_01937.npy,VALIDATION,VALIDATION,no,0,v40c_01077,orig_singleton_frame_01937
frame_01938,data/images/frame_01938.npy,VALIDATION,VALIDATION,no,0,v40c_01078,orig_singleton_frame_01938
frame_01939,data/images/frame_01939.npy,VALIDATION,VALIDATION,no,0,v40c_01079,orig_singleton_frame_01939
frame_01940,data/images/frame_01940.npy,VALIDATION,VALIDATION,no,0,v40c_01080,orig_rule_01121
frame_01941,data/images/frame_01941.npy,VALIDATION,VALIDATION,no,0,v40c_01080,orig_rule_01121
frame_01942,data/images/frame_01942.npy,VALIDATION,VALIDATION,no,0,v40c_01080,orig_rule_01121
frame_01943,data/images/frame_01943.npy,VALIDATION,VALIDATION,no,0,v40c_01081,orig_singleton_frame_01943
frame_01944,data/images/frame_01944.npy,VALIDATION,VALIDATION,no,0,v40c_01082,orig_singleton_frame_01944
frame_01945,data/images/frame_01945.npy,VALIDATION,VALIDATION,no,0,v40c_01083,orig_singleton_frame_01945
frame_01946,data/images/frame_01946.npy,VALIDATION,VALIDATION,no,0,v40c_01084,orig_rule_01125
frame_01947,data/images/frame_01947.npy,VALIDATION,VALIDATION,no,0,v40c_01084,orig_rule_01125
frame_01948,data/images/frame_01948.npy,VALIDATION,VALIDATION,no,0,v40c_01084,orig_rule_01125
frame_01949,data/images/frame_01949.npy,VALIDATION,VALIDATION,no,1,v40c_01085,orig_singleton_frame_01949
frame_01950,data/images/frame_01950.npy,VALIDATION,VALIDATION,no,0,v40c_01086,orig_singleton_frame_01950
frame_01951,data/images/frame_01951.npy,VALIDATION,VALIDATION,no,0,v40c_01087,orig_singleton_frame_01951
frame_01952,data/images/frame_01952.npy,VALIDATION,VALIDATION,no,1,v40c_01088,orig_singleton_frame_01952
frame_01953,data/images/frame_01953.npy,VALIDATION,VALIDATION,no,1,v40c_01089,orig_singleton_frame_01953
frame_01954,data/images/frame_01954.npy,VALIDATION,VALIDATION,no,1,v40c_01090,orig_singleton_frame_01954
frame_01955,data/images/frame_01955.npy,VALIDATION,VALIDATION,no,1,v40c_01091,orig_singleton_frame_01955
frame_01956,data/images/frame_01956.npy,VALIDATION,VALIDATION,no,1,v40c_01092,orig_singleton_frame_01956
frame_01957,data/images/frame_01957.npy,VALIDATION,VALIDATION,no,1,v40c_01093,orig_singleton_frame_01957
frame_01958,data/images/frame_01958.npy,VALIDATION,VALIDATION,no,1,v40c_01094,orig_singleton_frame_01958
frame_01959,data/images/frame_01959.npy,VALIDATION,VALIDATION,no,1,v40c_01095,orig_singleton_frame_01959
frame_01960,data/images/frame_01960.npy,VALIDATION,VALIDATION,no,1,v40c_01096,orig_rule_01137
frame_01961,data/images/frame_01961.npy,VALIDATION,VALIDATION,no,1,v40c_01096,orig_rule_01137
frame_01962,data/images/frame_01962.npy,VALIDATION,VALIDATION,no,1,v40c_01096,orig_rule_01137
frame_01963,data/images/frame_01963.npy,VALIDATION,VALIDATION,no,1,v40c_01097,orig_singleton_frame_01963
frame_01964,data/images/frame_01964.npy,VALIDATION,VALIDATION,no,1,v40c_01098,orig_singleton_frame_01964
frame_01965,data/images/frame_01965.npy,VALIDATION,VALIDATION,no,1,v40c_01099,orig_rule_01140
frame_01966,data/images/frame_01966.npy,VALIDATION,VALIDATION,no,1,v40c_01099,orig_rule_01140
frame_01967,data/images/frame_01967.npy,VALIDATION,VALIDATION,no,1,v40c_01100,orig_rule_01141
frame_01968,data/images/frame_01968.npy,VALIDATION,VALIDATION,no,1,v40c_01101,orig_singleton_frame_01968
frame_01969,data/images/frame_01969.npy,VALIDATION,VALIDATION,no,1,v40c_01100,orig_rule_01141
frame_01970,data/images/frame_01970.npy,VALIDATION,VALIDATION,no,1,v40c_01102,orig_singleton_frame_01970
frame_01971,data/images/frame_01971.npy,VALIDATION,VALIDATION,no,1,v40c_01103,orig_singleton_frame_01971
frame_01972,data/images/frame_01972.npy,VALIDATION,VALIDATION,no,1,v40c_01104,orig_rule_01145
frame_01973,data/images/frame_01973.npy,VALIDATION,VALIDATION,no,1,v40c_01104,orig_rule_01145
frame_01974,data/images/frame_01974.npy,VALIDATION,VALIDATION,no,2,v40c_01105,orig_singleton_frame_01974
frame_01975,data/images/frame_01975.npy,VALIDATION,VALIDATION,no,2,v40c_01106,orig_singleton_frame_01975
frame_01976,data/images/frame_01976.npy,VALIDATION,VALIDATION,no,2,v40c_01107,orig_singleton_frame_01976
frame_01977,data/images/frame_01977.npy,VALIDATION,VALIDATION,no,2,v40c_01108,orig_singleton_frame_01977
frame_01978,data/images/frame_01978.npy,VALIDATION,VALIDATION,no,2,v40c_01109,orig_rule_01150
frame_01979,data/images/frame_01979.npy,VALIDATION,VALIDATION,no,2,v40c_01109,orig_rule_01150
frame_01980,data/images/frame_01980.npy,VALIDATION,VALIDATION,no,2,v40c_01110,orig_singleton_frame_01980
frame_01981,data/images/frame_01981.npy,VALIDATION,VALIDATION,no,2,v40c_01111,orig_singleton_frame_01981
frame_01982,data/images/frame_01982.npy,VALIDATION,VALIDATION,no,2,v40c_01112,orig_rule_01153
frame_01983,data/images/frame_01983.npy,VALIDATION,VALIDATION,no,2,v40c_01112,orig_rule_01153
frame_02000,data/images/frame_02000.npy,TRAIN,TRAIN,no,3,v40c_01113,orig_rule_01154
frame_02001,data/images/frame_02001.npy,TRAIN,TRAIN,no,3,v40c_01113,orig_rule_01154
frame_02002,data/images/frame_02002.npy,TRAIN,TRAIN,no,3,v40c_01113,orig_rule_01154
frame_02003,data/images/frame_02003.npy,TRAIN,TRAIN,no,3,v40c_01113,orig_rule_01154
frame_02004,data/images/frame_02004.npy,TRAIN,TRAIN,no,3,v40c_01114,orig_singleton_frame_02004
frame_02005,data/images/frame_02005.npy,TRAIN,TRAIN,no,3,v40c_01115,orig_singleton_frame_02005
frame_02006,data/images/frame_02006.npy,TRAIN,TRAIN,no,3,v40c_01116,orig_rule_01157
frame_02007,data/images/frame_02007.npy,TRAIN,TRAIN,no,3,v40c_01116,orig_rule_01157
frame_02008,data/images/frame_02008.npy,TRAIN,TRAIN,no,3,v40c_01117,orig_singleton_frame_02008
frame_02009,data/images/frame_02009.npy,TRAIN,TRAIN,no,3,v40c_01118,orig_singleton_frame_02009
frame_02010,data/images/frame_02010.npy,TRAIN,TRAIN,no,3,v40c_01119,orig_rule_01160
frame_02011,data/images/frame_02011.npy,TRAIN,TRAIN,no,3,v40c_01119,orig_rule_01160
frame_02012,data/images/frame_02012.npy,TRAIN,TRAIN,no,3,v40c_01119,orig_rule_01160
frame_02013,data/images/frame_02013.npy,TRAIN,TRAIN,no,3,v40c_01120,orig_singleton_frame_02013
frame_02014,data/images/frame_02014.npy,TRAIN,TRAIN,no,3,v40c_01121,orig_rule_01162
frame_02015,data/images/frame_02015.npy,TRAIN,TRAIN,no,3,v40c_01121,orig_rule_01162
frame_02016,data/images/frame_02016.npy,TRAIN,TRAIN,no,3,v40c_01122,orig_rule_01163
frame_02017,data/images/frame_02017.npy,TRAIN,TRAIN,no,4,v40c_01122,orig_rule_01163
frame_02018,data/images/frame_02018.npy,TRAIN,TRAIN,no,4,v40c_01122,orig_rule_01163
frame_02019,data/images/frame_02019.npy,TRAIN,TRAIN,no,4,v40c_01122,orig_rule_01163
frame_02020,data/images/frame_02020.npy,TRAIN,TRAIN,no,4,v40c_01123,orig_singleton_frame_02020
frame_02021,data/images/frame_02021.npy,TRAIN,TRAIN,no,4,v40c_01124,orig_singleton_frame_02021
frame_02022,data/images/frame_02022.npy,TRAIN,TRAIN,no,4,v40c_01125,orig_rule_01166
frame_02023,data/images/frame_02023.npy,TRAIN,TRAIN,no,4,v40c_01125,orig_rule_01166
frame_02024,data/images/frame_02024.npy,TRAIN,TRAIN,no,4,v40c_01126,orig_rule_01167
frame_02025,data/images/frame_02025.npy,TRAIN,TRAIN,no,4,v40c_01126,orig_rule_01167
frame_02026,data/images/frame_02026.npy,TRAIN,TRAIN,no,4,v40c_01126,orig_rule_01167
frame_02027,data/images/frame_02027.npy,TRAIN,TRAIN,no,4,v40c_01127,orig_singleton_frame_02027
frame_02028,data/images/frame_02028.npy,TRAIN,TRAIN,no,4,v40c_01128,orig_rule_01169
frame_02029,data/images/frame_02029.npy,TRAIN,TRAIN,no,2,v40c_01129,orig_rule_01170
frame_02030,data/images/frame_02030.npy,TRAIN,TRAIN,no,3,v40c_01129,orig_rule_01170
frame_02031,data/images/frame_02031.npy,TRAIN,TRAIN,no,2,v40c_01129,orig_rule_01170
frame_02032,data/images/frame_02032.npy,TRAIN,TRAIN,no,2,v40c_01128,orig_rule_01169
frame_02033,data/images/frame_02033.npy,TRAIN,TRAIN,no,3,v40c_01128,orig_rule_01169
frame_02034,data/images/frame_02034.npy,TRAIN,TRAIN,no,2,v40c_01128,orig_rule_01169
frame_02035,data/images/frame_02035.npy,TRAIN,TRAIN,no,3,v40c_01130,orig_singleton_frame_02035
frame_02036,data/images/frame_02036.npy,TRAIN,TRAIN,no,2,v40c_01131,orig_rule_01172
frame_02037,data/images/frame_02037.npy,TRAIN,TRAIN,no,3,v40c_01131,orig_rule_01172
frame_02038,data/images/frame_02038.npy,TRAIN,TRAIN,no,3,v40c_01132,orig_rule_01173
frame_02039,data/images/frame_02039.npy,TRAIN,TRAIN,no,3,v40c_01132,orig_rule_01173
frame_02040,data/images/frame_02040.npy,TRAIN,TRAIN,no,1,v40c_01133,orig_singleton_frame_02040
frame_02041,data/images/frame_02041.npy,TRAIN,TRAIN,no,3,v40c_01134,orig_rule_01175
frame_02042,data/images/frame_02042.npy,TRAIN,TRAIN,no,3,v40c_01134,orig_rule_01175
frame_02043,data/images/frame_02043.npy,TRAIN,TRAIN,no,2,v40c_01134,orig_rule_01175
frame_02044,data/images/frame_02044.npy,TRAIN,TRAIN,no,2,v40c_01134,orig_rule_01175
frame_02045,data/images/frame_02045.npy,TRAIN,TRAIN,no,2,v40c_01134,orig_rule_01175
frame_02046,data/images/frame_02046.npy,TRAIN,TRAIN,no,2,v40c_01134,orig_rule_01175
frame_02047,data/images/frame_02047.npy,TRAIN,TRAIN,no,2,v40c_01135,orig_singleton_frame_02047
frame_02048,data/images/frame_02048.npy,TRAIN,TRAIN,no,2,v40c_01136,orig_singleton_frame_02048
frame_02049,data/images/frame_02049.npy,TRAIN,TRAIN,no,2,v40c_01137,orig_singleton_frame_02049
frame_02050,data/images/frame_02050.npy,TRAIN,TRAIN,no,1,v40c_01138,orig_singleton_frame_02050
frame_02051,data/images/frame_02051.npy,TRAIN,TRAIN,no,2,v40c_01139,orig_rule_01180
frame_02052,data/images/frame_02052.npy,TRAIN,TRAIN,no,2,v40c_01139,orig_rule_01180
frame_02053,data/images/frame_02053.npy,TRAIN,TRAIN,no,2,v40c_01140,orig_singleton_frame_02053
frame_02054,data/images/frame_02054.npy,TRAIN,TRAIN,no,2,v40c_01141,orig_singleton_frame_02054
frame_02055,data/images/frame_02055.npy,TRAIN,TRAIN,no,2,v40c_01142,orig_rule_01183
frame_02056,data/images/frame_02056.npy,TRAIN,TRAIN,no,2,v40c_01142,orig_rule_01183
frame_02057,data/images/frame_02057.npy,TRAIN,TRAIN,no,2,v40c_01142,orig_rule_01183
frame_02058,data/images/frame_02058.npy,TRAIN,TRAIN,no,2,v40c_01142,orig_rule_01183
frame_02059,data/images/frame_02059.npy,TRAIN,TRAIN,no,2,v40c_01143,orig_singleton_frame_02059
frame_02060,data/images/frame_02060.npy,TRAIN,TRAIN,no,2,v40c_01144,orig_singleton_frame_02060
frame_02061,data/images/frame_02061.npy,TRAIN,TRAIN,no,2,v40c_01145,orig_rule_01186
frame_02062,data/images/frame_02062.npy,TRAIN,TRAIN,no,2,v40c_01145,orig_rule_01186
frame_02063,data/images/frame_02063.npy,TRAIN,TRAIN,no,1,v40c_01146,orig_rule_01187
frame_02064,data/images/frame_02064.npy,TRAIN,TRAIN,no,1,v40c_01146,orig_rule_01187
frame_02065,data/images/frame_02065.npy,TRAIN,TRAIN,no,2,v40c_01147,orig_singleton_frame_02065
frame_02066,data/images/frame_02066.npy,TRAIN,TRAIN,no,2,v40c_01148,orig_singleton_frame_02066
frame_02067,data/images/frame_02067.npy,TRAIN,TRAIN,no,2,v40c_01149,orig_singleton_frame_02067
frame_02068,data/images/frame_02068.npy,TRAIN,TRAIN,no,1,v40c_01150,orig_rule_01191
frame_02069,data/images/frame_02069.npy,TRAIN,TRAIN,no,1,v40c_01151,orig_singleton_frame_02069
frame_02070,data/images/frame_02070.npy,TRAIN,TRAIN,no,1,v40c_01150,orig_rule_01191
frame_02071,data/images/frame_02071.npy,TRAIN,TRAIN,no,2,v40c_01150,orig_rule_01191
frame_02072,data/images/frame_02072.npy,TRAIN,TRAIN,no,2,v40c_01152,orig_rule_01193
frame_02073,data/images/frame_02073.npy,TRAIN,TRAIN,no,2,v40c_01153,orig_singleton_frame_02073
frame_02074,data/images/frame_02074.npy,TRAIN,TRAIN,no,3,v40c_01154,orig_rule_01195
frame_02075,data/images/frame_02075.npy,TRAIN,TRAIN,no,3,v40c_01154,orig_rule_01195
frame_02076,data/images/frame_02076.npy,TRAIN,TRAIN,no,3,v40c_01154,orig_rule_01195
frame_02077,data/images/frame_02077.npy,TRAIN,TRAIN,no,3,v40c_01152,orig_rule_01193
frame_02078,data/images/frame_02078.npy,TRAIN,TRAIN,no,3,v40c_01152,orig_rule_01193
frame_02079,data/images/frame_02079.npy,TRAIN,TRAIN,no,3,v40c_01152,orig_rule_01193
frame_02080,data/images/frame_02080.npy,TRAIN,TRAIN,no,2,v40c_01155,orig_singleton_frame_02080
frame_02081,data/images/frame_02081.npy,TRAIN,TRAIN,no,2,v40c_01156,orig_singleton_frame_02081
frame_02082,data/images/frame_02082.npy,TRAIN,TRAIN,no,2,v40c_01157,orig_singleton_frame_02082
frame_02083,data/images/frame_02083.npy,TRAIN,TRAIN,no,2,v40c_01158,orig_rule_01199
frame_02084,data/images/frame_02084.npy,TRAIN,TRAIN,no,2,v40c_01158,orig_rule_01199
frame_02085,data/images/frame_02085.npy,TRAIN,TRAIN,no,2,v40c_01159,orig_rule_01200
frame_02086,data/images/frame_02086.npy,TRAIN,TRAIN,no,1,v40c_01159,orig_rule_01200
frame_02087,data/images/frame_02087.npy,TRAIN,TRAIN,no,2,v40c_01160,orig_singleton_frame_02087
frame_02088,data/images/frame_02088.npy,TRAIN,TRAIN,no,2,v40c_01161,orig_singleton_frame_02088
frame_02089,data/images/frame_02089.npy,TRAIN,TRAIN,no,1,v40c_01162,orig_singleton_frame_02089
frame_02090,data/images/frame_02090.npy,TRAIN,TRAIN,no,1,v40c_01163,orig_singleton_frame_02090
frame_02091,data/images/frame_02091.npy,TRAIN,TRAIN,no,1,v40c_01164,orig_singleton_frame_02091
frame_02092,data/images/frame_02092.npy,TRAIN,TRAIN,no,1,v40c_01165,orig_singleton_frame_02092
frame_02093,data/images/frame_02093.npy,TRAIN,TRAIN,no,1,v40c_01166,orig_singleton_frame_02093
frame_02094,data/images/frame_02094.npy,TRAIN,TRAIN,no,1,v40c_01167,orig_rule_01208
frame_02095,data/images/frame_02095.npy,TRAIN,TRAIN,no,1,v40c_01167,orig_rule_01208
frame_02112,data/images/frame_02112.npy,VALIDATION,VALIDATION,no,1,v40c_01168,orig_singleton_frame_02112
frame_02113,data/images/frame_02113.npy,VALIDATION,VALIDATION,no,1,v40c_01169,orig_rule_01210
frame_02114,data/images/frame_02114.npy,VALIDATION,VALIDATION,no,1,v40c_01170,orig_singleton_frame_02114
frame_02115,data/images/frame_02115.npy,VALIDATION,VALIDATION,no,1,v40c_01171,orig_rule_01212
frame_02116,data/images/frame_02116.npy,VALIDATION,VALIDATION,no,1,v40c_01171,orig_rule_01212
frame_02117,data/images/frame_02117.npy,VALIDATION,VALIDATION,no,1,v40c_01169,orig_rule_01210
frame_02118,data/images/frame_02118.npy,VALIDATION,VALIDATION,no,1,v40c_01172,orig_singleton_frame_02118
frame_02119,data/images/frame_02119.npy,VALIDATION,VALIDATION,no,1,v40c_01173,orig_singleton_frame_02119
frame_02120,data/images/frame_02120.npy,VALIDATION,VALIDATION,no,1,v40c_01174,orig_singleton_frame_02120
frame_02121,data/images/frame_02121.npy,VALIDATION,VALIDATION,no,1,v40c_01175,orig_singleton_frame_02121
frame_02122,data/images/frame_02122.npy,VALIDATION,VALIDATION,no,1,v40c_01176,orig_singleton_frame_02122
frame_02123,data/images/frame_02123.npy,VALIDATION,VALIDATION,no,1,v40c_01177,orig_singleton_frame_02123
frame_02124,data/images/frame_02124.npy,VALIDATION,VALIDATION,no,1,v40c_01178,orig_singleton_frame_02124
frame_02125,data/images/frame_02125.npy,VALIDATION,VALIDATION,no,1,v40c_01179,orig_singleton_frame_02125
frame_02126,data/images/frame_02126.npy,VALIDATION,VALIDATION,no,0,v40c_01180,orig_singleton_frame_02126
frame_02127,data/images/frame_02127.npy,VALIDATION,VALIDATION,no,0,v40c_01181,orig_rule_01222
frame_02128,data/images/frame_02128.npy,VALIDATION,VALIDATION,no,0,v40c_01181,orig_rule_01222
frame_02129,data/images/frame_02129.npy,VALIDATION,VALIDATION,no,0,v40c_01182,orig_singleton_frame_02129
frame_02130,data/images/frame_02130.npy,VALIDATION,VALIDATION,no,0,v40c_01183,orig_rule_01224
frame_02131,data/images/frame_02131.npy,VALIDATION,VALIDATION,no,0,v40c_01183,orig_rule_01224
frame_02132,data/images/frame_02132.npy,VALIDATION,VALIDATION,no,0,v40c_01184,orig_rule_01225
frame_02133,data/images/frame_02133.npy,VALIDATION,VALIDATION,no,0,v40c_01185,orig_singleton_frame_02133
frame_02134,data/images/frame_02134.npy,VALIDATION,VALIDATION,no,0,v40c_01186,orig_singleton_frame_02134
frame_02135,data/images/frame_02135.npy,VALIDATION,VALIDATION,no,0,v40c_01184,orig_rule_01225
frame_02136,data/images/frame_02136.npy,VALIDATION,VALIDATION,no,0,v40c_01187,orig_rule_01228
frame_02137,data/images/frame_02137.npy,VALIDATION,VALIDATION,no,0,v40c_01187,orig_rule_01228
frame_02138,data/images/frame_02138.npy,VALIDATION,VALIDATION,no,0,v40c_01187,orig_rule_01228
frame_02139,data/images/frame_02139.npy,VALIDATION,VALIDATION,no,0,v40c_01187,orig_rule_01228
frame_02140,data/images/frame_02140.npy,VALIDATION,VALIDATION,no,0,v40c_01188,orig_singleton_frame_02140
frame_02141,data/images/frame_02141.npy,VALIDATION,VALIDATION,no,0,v40c_01189,orig_singleton_frame_02141
frame_02142,data/images/frame_02142.npy,VALIDATION,VALIDATION,no,0,v40c_01190,orig_singleton_frame_02142
frame_02143,data/images/frame_02143.npy,VALIDATION,VALIDATION,no,0,v40c_01191,orig_singleton_frame_02143
frame_02144,data/images/frame_02144.npy,VALIDATION,VALIDATION,no,0,v40c_01192,orig_singleton_frame_02144
frame_02145,data/images/frame_02145.npy,VALIDATION,VALIDATION,no,0,v40c_01193,orig_singleton_frame_02145
frame_02146,data/images/frame_02146.npy,VALIDATION,VALIDATION,no,0,v40c_01194,orig_singleton_frame_02146
frame_02147,data/images/frame_02147.npy,VALIDATION,VALIDATION,no,0,v40c_01195,orig_singleton_frame_02147
frame_02148,data/images/frame_02148.npy,VALIDATION,VALIDATION,no,0,v40c_01196,orig_rule_01237
frame_02149,data/images/frame_02149.npy,VALIDATION,VALIDATION,no,0,v40c_01196,orig_rule_01237
frame_02150,data/images/frame_02150.npy,VALIDATION,VALIDATION,no,0,v40c_01196,orig_rule_01237
frame_02151,data/images/frame_02151.npy,VALIDATION,VALIDATION,no,0,v40c_01197,orig_rule_01238
frame_02152,data/images/frame_02152.npy,VALIDATION,VALIDATION,no,0,v40c_01198,orig_singleton_frame_02152
frame_02153,data/images/frame_02153.npy,VALIDATION,VALIDATION,no,0,v40c_01197,orig_rule_01238
frame_02154,data/images/frame_02154.npy,VALIDATION,VALIDATION,no,0,v40c_01199,orig_singleton_frame_02154
frame_02155,data/images/frame_02155.npy,VALIDATION,VALIDATION,no,0,v40c_01200,orig_singleton_frame_02155
frame_02156,data/images/frame_02156.npy,VALIDATION,VALIDATION,no,0,v40c_01201,orig_singleton_frame_02156
frame_02157,data/images/frame_02157.npy,VALIDATION,VALIDATION,no,0,v40c_01202,orig_singleton_frame_02157
frame_02158,data/images/frame_02158.npy,VALIDATION,VALIDATION,no,0,v40c_01203,orig_singleton_frame_02158
frame_02159,data/images/frame_02159.npy,VALIDATION,VALIDATION,no,0,v40c_01204,orig_singleton_frame_02159
frame_02160,data/images/frame_02160.npy,VALIDATION,VALIDATION,no,0,v40c_01205,orig_rule_01246
frame_02161,data/images/frame_02161.npy,VALIDATION,VALIDATION,no,0,v40c_01205,orig_rule_01246
frame_02162,data/images/frame_02162.npy,VALIDATION,VALIDATION,no,0,v40c_01205,orig_rule_01246
frame_02163,data/images/frame_02163.npy,VALIDATION,VALIDATION,no,0,v40c_01206,orig_singleton_frame_02163
frame_02164,data/images/frame_02164.npy,VALIDATION,VALIDATION,no,0,v40c_01207,orig_singleton_frame_02164
frame_02165,data/images/frame_02165.npy,VALIDATION,VALIDATION,no,0,v40c_01208,orig_singleton_frame_02165
frame_02166,data/images/frame_02166.npy,VALIDATION,VALIDATION,no,0,v40c_01209,orig_singleton_frame_02166
frame_02167,data/images/frame_02167.npy,VALIDATION,VALIDATION,no,0,v40c_01210,orig_singleton_frame_02167
frame_02168,data/images/frame_02168.npy,VALIDATION,VALIDATION,no,0,v40c_01211,orig_singleton_frame_02168
frame_02169,data/images/frame_02169.npy,VALIDATION,VALIDATION,no,0,v40c_01212,orig_singleton_frame_02169
frame_02170,data/images/frame_02170.npy,VALIDATION,VALIDATION,no,0,v40c_01213,orig_singleton_frame_02170
frame_02171,data/images/frame_02171.npy,VALIDATION,VALIDATION,no,0,v40c_01214,orig_singleton_frame_02171
frame_02172,data/images/frame_02172.npy,VALIDATION,VALIDATION,no,0,v40c_01215,orig_singleton_frame_02172
frame_02173,data/images/frame_02173.npy,VALIDATION,VALIDATION,no,0,v40c_01216,orig_singleton_frame_02173
frame_02174,data/images/frame_02174.npy,VALIDATION,VALIDATION,no,0,v40c_01217,orig_singleton_frame_02174
frame_02175,data/images/frame_02175.npy,VALIDATION,VALIDATION,no,0,v40c_01218,orig_singleton_frame_02175
frame_02176,data/images/frame_02176.npy,VALIDATION,VALIDATION,no,0,v40c_01219,orig_singleton_frame_02176
frame_02177,data/images/frame_02177.npy,VALIDATION,VALIDATION,no,0,v40c_01220,orig_singleton_frame_02177
frame_02178,data/images/frame_02178.npy,VALIDATION,VALIDATION,no,0,v40c_01221,orig_rule_01262
frame_02179,data/images/frame_02179.npy,VALIDATION,VALIDATION,no,1,v40c_01221,orig_rule_01262
frame_02180,data/images/frame_02180.npy,VALIDATION,VALIDATION,no,1,v40c_01222,orig_singleton_frame_02180
frame_02181,data/images/frame_02181.npy,VALIDATION,VALIDATION,no,1,v40c_01223,orig_singleton_frame_02181
frame_02182,data/images/frame_02182.npy,VALIDATION,VALIDATION,no,1,v40c_01224,orig_singleton_frame_02182
frame_02183,data/images/frame_02183.npy,VALIDATION,VALIDATION,no,1,v40c_01225,orig_singleton_frame_02183
frame_02184,data/images/frame_02184.npy,VALIDATION,VALIDATION,no,1,v40c_01226,orig_rule_01267
frame_02185,data/images/frame_02185.npy,VALIDATION,VALIDATION,no,1,v40c_01226,orig_rule_01267
frame_02186,data/images/frame_02186.npy,VALIDATION,VALIDATION,no,1,v40c_01226,orig_rule_01267
frame_02187,data/images/frame_02187.npy,VALIDATION,VALIDATION,no,1,v40c_01226,orig_rule_01267
frame_02188,data/images/frame_02188.npy,VALIDATION,VALIDATION,no,2,v40c_01227,orig_singleton_frame_02188
frame_02189,data/images/frame_02189.npy,VALIDATION,VALIDATION,no,1,v40c_01228,orig_singleton_frame_02189
frame_02190,data/images/frame_02190.npy,VALIDATION,VALIDATION,no,1,v40c_01229,orig_singleton_frame_02190
frame_02191,data/images/frame_02191.npy,VALIDATION,VALIDATION,no,1,v40c_01230,orig_singleton_frame_02191
frame_02192,data/images/frame_02192.npy,VALIDATION,VALIDATION,no,1,v40c_01231,orig_rule_01272
frame_02193,data/images/frame_02193.npy,VALIDATION,VALIDATION,no,1,v40c_01231,orig_rule_01272
frame_02194,data/images/frame_02194.npy,VALIDATION,VALIDATION,no,1,v40c_01231,orig_rule_01272
frame_02195,data/images/frame_02195.npy,VALIDATION,VALIDATION,no,1,v40c_01232,orig_singleton_frame_02195
frame_02196,data/images/frame_02196.npy,VALIDATION,VALIDATION,no,1,v40c_01233,orig_singleton_frame_02196
frame_02197,data/images/frame_02197.npy,VALIDATION,VALIDATION,no,1,v40c_01234,orig_singleton_frame_02197
frame_02198,data/images/frame_02198.npy,VALIDATION,VALIDATION,no,1,v40c_01235,orig_singleton_frame_02198
frame_02199,data/images/frame_02199.npy,VALIDATION,VALIDATION,no,1,v40c_01236,orig_rule_01277
frame_02200,data/images/frame_02200.npy,VALIDATION,VALIDATION,no,1,v40c_01236,orig_rule_01277
frame_02201,data/images/frame_02201.npy,VALIDATION,VALIDATION,no,1,v40c_01237,orig_singleton_frame_02201
frame_02202,data/images/frame_02202.npy,VALIDATION,VALIDATION,no,1,v40c_01238,orig_rule_01279
frame_02203,data/images/frame_02203.npy,VALIDATION,VALIDATION,no,0,v40c_01238,orig_rule_01279
frame_02204,data/images/frame_02204.npy,VALIDATION,VALIDATION,no,0,v40c_01238,orig_rule_01279
frame_02205,data/images/frame_02205.npy,VALIDATION,VALIDATION,no,0,v40c_01238,orig_rule_01279
frame_02206,data/images/frame_02206.npy,VALIDATION,VALIDATION,no,0,v40c_01238,orig_rule_01279
frame_02207,data/images/frame_02207.npy,VALIDATION,VALIDATION,no,0,v40c_01238,orig_rule_01279
frame_02208,data/images/frame_02208.npy,VALIDATION,VALIDATION,no,0,v40c_01239,orig_singleton_frame_02208
frame_02209,data/images/frame_02209.npy,VALIDATION,VALIDATION,no,0,v40c_01240,orig_singleton_frame_02209
frame_02210,data/images/frame_02210.npy,VALIDATION,VALIDATION,no,0,v40c_01241,orig_singleton_frame_02210
frame_02211,data/images/frame_02211.npy,VALIDATION,VALIDATION,no,0,v40c_01242,orig_rule_01283
frame_02212,data/images/frame_02212.npy,VALIDATION,VALIDATION,no,0,v40c_01242,orig_rule_01283
frame_02213,data/images/frame_02213.npy,VALIDATION,VALIDATION,no,0,v40c_01243,orig_rule_01284
frame_02214,data/images/frame_02214.npy,VALIDATION,VALIDATION,no,0,v40c_01243,orig_rule_01284
frame_02215,data/images/frame_02215.npy,VALIDATION,VALIDATION,no,0,v40c_01244,orig_singleton_frame_02215
frame_02216,data/images/frame_02216.npy,VALIDATION,VALIDATION,no,0,v40c_01245,orig_singleton_frame_02216
frame_02217,data/images/frame_02217.npy,VALIDATION,VALIDATION,no,0,v40c_01246,orig_singleton_frame_02217
frame_02218,data/images/frame_02218.npy,VALIDATION,VALIDATION,no,0,v40c_01247,orig_singleton_frame_02218
frame_02219,data/images/frame_02219.npy,VALIDATION,VALIDATION,no,0,v40c_01248,orig_singleton_frame_02219
frame_02220,data/images/frame_02220.npy,VALIDATION,VALIDATION,no,0,v40c_01249,orig_rule_01290
frame_02221,data/images/frame_02221.npy,VALIDATION,VALIDATION,no,0,v40c_01250,orig_singleton_frame_02221
frame_02222,data/images/frame_02222.npy,VALIDATION,VALIDATION,no,0,v40c_01249,orig_rule_01290
frame_02223,data/images/frame_02223.npy,VALIDATION,VALIDATION,no,0,v40c_01251,orig_rule_01292
frame_02224,data/images/frame_02224.npy,VALIDATION,VALIDATION,no,0,v40c_01251,orig_rule_01292
frame_02225,data/images/frame_02225.npy,VALIDATION,VALIDATION,no,0,v40c_01251,orig_rule_01292
frame_02226,data/images/frame_02226.npy,VALIDATION,VALIDATION,no,0,v40c_01252,orig_singleton_frame_02226
frame_02227,data/images/frame_02227.npy,VALIDATION,VALIDATION,no,0,v40c_01253,orig_singleton_frame_02227
frame_02228,data/images/frame_02228.npy,VALIDATION,VALIDATION,no,0,v40c_01254,orig_rule_01295
frame_02229,data/images/frame_02229.npy,VALIDATION,VALIDATION,no,0,v40c_01254,orig_rule_01295
frame_02230,data/images/frame_02230.npy,VALIDATION,VALIDATION,no,0,v40c_01254,orig_rule_01295
frame_02231,data/images/frame_02231.npy,VALIDATION,VALIDATION,no,0,v40c_01255,orig_singleton_frame_02231
frame_02232,data/images/frame_02232.npy,VALIDATION,VALIDATION,no,0,v40c_01256,orig_rule_01297
frame_02233,data/images/frame_02233.npy,VALIDATION,VALIDATION,no,0,v40c_01256,orig_rule_01297
frame_02234,data/images/frame_02234.npy,VALIDATION,VALIDATION,no,0,v40c_01256,orig_rule_01297
frame_02235,data/images/frame_02235.npy,VALIDATION,VALIDATION,no,0,v40c_01256,orig_rule_01297
frame_02236,data/images/frame_02236.npy,VALIDATION,VALIDATION,no,0,v40c_01256,orig_rule_01297
frame_02237,data/images/frame_02237.npy,VALIDATION,VALIDATION,no,0,v40c_01257,orig_singleton_frame_02237
frame_02238,data/images/frame_02238.npy,VALIDATION,VALIDATION,no,0,v40c_01258,orig_singleton_frame_02238
frame_02239,data/images/frame_02239.npy,VALIDATION,VALIDATION,no,0,v40c_01259,orig_rule_01300
frame_02240,data/images/frame_02240.npy,VALIDATION,VALIDATION,no,0,v40c_01259,orig_rule_01300
frame_02241,data/images/frame_02241.npy,VALIDATION,VALIDATION,no,0,v40c_01259,orig_rule_01300
frame_02242,data/images/frame_02242.npy,VALIDATION,VALIDATION,no,0,v40c_01259,orig_rule_01300
frame_02243,data/images/frame_02243.npy,VALIDATION,VALIDATION,no,0,v40c_01259,orig_rule_01300
frame_02244,data/images/frame_02244.npy,VALIDATION,VALIDATION,no,0,v40c_01259,orig_rule_01300
frame_02245,data/images/frame_02245.npy,VALIDATION,VALIDATION,no,0,v40c_01260,orig_rule_01301
frame_02246,data/images/frame_02246.npy,VALIDATION,VALIDATION,no,0,v40c_01260,orig_rule_01301
frame_02247,data/images/frame_02247.npy,VALIDATION,VALIDATION,no,0,v40c_01261,orig_rule_01302
frame_02248,data/images/frame_02248.npy,VALIDATION,VALIDATION,no,0,v40c_01261,orig_rule_01302
frame_02249,data/images/frame_02249.npy,VALIDATION,VALIDATION,no,0,v40c_01261,orig_rule_01302
frame_02250,data/images/frame_02250.npy,VALIDATION,VALIDATION,no,0,v40c_01262,orig_singleton_frame_02250
frame_02251,data/images/frame_02251.npy,VALIDATION,VALIDATION,no,0,v40c_01263,orig_singleton_frame_02251
frame_02252,data/images/frame_02252.npy,VALIDATION,VALIDATION,no,0,v40c_01264,orig_singleton_frame_02252
frame_02253,data/images/frame_02253.npy,VALIDATION,VALIDATION,no,0,v40c_01265,orig_singleton_frame_02253
frame_02254,data/images/frame_02254.npy,VALIDATION,VALIDATION,no,0,v40c_01266,orig_rule_01307
frame_02255,data/images/frame_02255.npy,VALIDATION,VALIDATION,no,0,v40c_01266,orig_rule_01307
frame_02256,data/images/frame_02256.npy,VALIDATION,VALIDATION,no,0,v40c_01267,orig_singleton_frame_02256
frame_02257,data/images/frame_02257.npy,VALIDATION,VALIDATION,no,0,v40c_01268,orig_singleton_frame_02257
frame_02258,data/images/frame_02258.npy,VALIDATION,VALIDATION,no,0,v40c_01269,orig_singleton_frame_02258
frame_02259,data/images/frame_02259.npy,VALIDATION,VALIDATION,no,0,v40c_01270,orig_singleton_frame_02259
frame_02260,data/images/frame_02260.npy,VALIDATION,VALIDATION,no,1,v40c_01271,orig_singleton_frame_02260
frame_02261,data/images/frame_02261.npy,VALIDATION,VALIDATION,no,1,v40c_01272,orig_singleton_frame_02261
frame_02262,data/images/frame_02262.npy,VALIDATION,VALIDATION,no,1,v40c_01273,orig_rule_01314
frame_02263,data/images/frame_02263.npy,VALIDATION,VALIDATION,no,1,v40c_01273,orig_rule_01314
frame_02264,data/images/frame_02264.npy,VALIDATION,VALIDATION,no,1,v40c_01274,orig_rule_01315
frame_02265,data/images/frame_02265.npy,VALIDATION,VALIDATION,no,1,v40c_01274,orig_rule_01315
frame_02266,data/images/frame_02266.npy,VALIDATION,VALIDATION,no,1,v40c_01275,orig_singleton_frame_02266
frame_02267,data/images/frame_02267.npy,VALIDATION,VALIDATION,no,1,v40c_01276,orig_singleton_frame_02267
frame_02268,data/images/frame_02268.npy,VALIDATION,VALIDATION,no,1,v40c_01277,orig_singleton_frame_02268
frame_02269,data/images/frame_02269.npy,VALIDATION,VALIDATION,no,1,v40c_01278,orig_singleton_frame_02269
frame_02270,data/images/frame_02270.npy,VALIDATION,VALIDATION,no,1,v40c_01279,orig_rule_01320
frame_02271,data/images/frame_02271.npy,VALIDATION,VALIDATION,no,1,v40c_01279,orig_rule_01320
frame_02272,data/images/frame_02272.npy,VALIDATION,VALIDATION,no,1,v40c_01279,orig_rule_01320
frame_02273,data/images/frame_02273.npy,VALIDATION,VALIDATION,no,1,v40c_01279,orig_rule_01320
frame_02274,data/images/frame_02274.npy,VALIDATION,VALIDATION,no,1,v40c_01279,orig_rule_01320
frame_02275,data/images/frame_02275.npy,VALIDATION,VALIDATION,no,1,v40c_01279,orig_rule_01320
frame_02276,data/images/frame_02276.npy,VALIDATION,VALIDATION,no,1,v40c_01279,orig_rule_01320
frame_02277,data/images/frame_02277.npy,VALIDATION,VALIDATION,no,1,v40c_01280,orig_singleton_frame_02277
frame_02278,data/images/frame_02278.npy,VALIDATION,VALIDATION,no,1,v40c_01281,orig_singleton_frame_02278
frame_02279,data/images/frame_02279.npy,VALIDATION,VALIDATION,no,1,v40c_01282,orig_rule_01323
frame_02280,data/images/frame_02280.npy,VALIDATION,VALIDATION,no,1,v40c_01282,orig_rule_01323
frame_02281,data/images/frame_02281.npy,VALIDATION,VALIDATION,no,1,v40c_01283,orig_singleton_frame_02281
frame_02282,data/images/frame_02282.npy,VALIDATION,VALIDATION,no,1,v40c_01284,orig_rule_01325
frame_02283,data/images/frame_02283.npy,VALIDATION,VALIDATION,no,2,v40c_01284,orig_rule_01325
frame_02284,data/images/frame_02284.npy,VALIDATION,VALIDATION,no,2,v40c_01284,orig_rule_01325
frame_02285,data/images/frame_02285.npy,VALIDATION,VALIDATION,no,1,v40c_01285,orig_singleton_frame_02285
frame_02286,data/images/frame_02286.npy,VALIDATION,VALIDATION,no,0,v40c_01286,orig_singleton_frame_02286
frame_02287,data/images/frame_02287.npy,VALIDATION,VALIDATION,no,0,v40c_01287,orig_singleton_frame_02287
frame_02288,data/images/frame_02288.npy,VALIDATION,VALIDATION,no,0,v40c_01288,orig_singleton_frame_02288
frame_02289,data/images/frame_02289.npy,VALIDATION,VALIDATION,no,0,v40c_01289,orig_rule_01330
frame_02290,data/images/frame_02290.npy,VALIDATION,VALIDATION,no,0,v40c_01289,orig_rule_01330
frame_02291,data/images/frame_02291.npy,VALIDATION,VALIDATION,no,0,v40c_01290,orig_rule_01331
frame_02292,data/images/frame_02292.npy,VALIDATION,VALIDATION,no,0,v40c_01290,orig_rule_01331
frame_02293,data/images/frame_02293.npy,VALIDATION,VALIDATION,no,0,v40c_01290,orig_rule_01331
frame_02294,data/images/frame_02294.npy,VALIDATION,VALIDATION,no,0,v40c_01290,orig_rule_01331
frame_02295,data/images/frame_02295.npy,VALIDATION,VALIDATION,no,0,v40c_01291,orig_singleton_frame_02295
frame_02296,data/images/frame_02296.npy,VALIDATION,VALIDATION,no,0,v40c_01292,orig_singleton_frame_02296
frame_02297,data/images/frame_02297.npy,VALIDATION,VALIDATION,no,0,v40c_01293,orig_singleton_frame_02297
frame_02298,data/images/frame_02298.npy,VALIDATION,VALIDATION,no,0,v40c_01294,orig_singleton_frame_02298
frame_02299,data/images/frame_02299.npy,VALIDATION,VALIDATION,no,0,v40c_01295,orig_singleton_frame_02299
frame_02300,data/images/frame_02300.npy,VALIDATION,VALIDATION,no,0,v40c_01296,orig_singleton_frame_02300
frame_02301,data/images/frame_02301.npy,VALIDATION,VALIDATION,no,1,v40c_01297,orig_singleton_frame_02301
frame_02302,data/images/frame_02302.npy,VALIDATION,VALIDATION,no,2,v40c_01298,orig_singleton_frame_02302
frame_02303,data/images/frame_02303.npy,VALIDATION,VALIDATION,no,2,v40c_01299,orig_singleton_frame_02303
frame_02320,data/images/frame_02320.npy,TRAIN,TRAIN,no,3,v40c_01300,orig_singleton_frame_02320
frame_02321,data/images/frame_02321.npy,TRAIN,TRAIN,no,3,v40c_01301,orig_rule_01342
frame_02322,data/images/frame_02322.npy,TRAIN,TRAIN,no,3,v40c_01301,orig_rule_01342
frame_02323,data/images/frame_02323.npy,TRAIN,TRAIN,no,3,v40c_01302,orig_rule_01343
frame_02324,data/images/frame_02324.npy,TRAIN,TRAIN,no,3,v40c_01302,orig_rule_01343
frame_02325,data/images/frame_02325.npy,TRAIN,TRAIN,no,3,v40c_01303,orig_singleton_frame_02325
frame_02326,data/images/frame_02326.npy,TRAIN,TRAIN,no,2,v40c_01304,orig_singleton_frame_02326
frame_02327,data/images/frame_02327.npy,TRAIN,TRAIN,no,2,v40c_01305,orig_singleton_frame_02327
frame_02328,data/images/frame_02328.npy,TRAIN,TRAIN,no,3,v40c_01306,orig_singleton_frame_02328
frame_02329,data/images/frame_02329.npy,TRAIN,TRAIN,no,4,v40c_01307,orig_singleton_frame_02329
frame_02330,data/images/frame_02330.npy,TRAIN,TRAIN,no,4,v40c_01308,orig_singleton_frame_02330
frame_02331,data/images/frame_02331.npy,TRAIN,TRAIN,no,4,v40c_01309,orig_singleton_frame_02331
frame_02332,data/images/frame_02332.npy,TRAIN,TRAIN,no,4,v40c_01310,orig_singleton_frame_02332
frame_02333,data/images/frame_02333.npy,TRAIN,TRAIN,no,4,v40c_01311,orig_rule_01352
frame_02334,data/images/frame_02334.npy,TRAIN,TRAIN,no,4,v40c_01311,orig_rule_01352
frame_02335,data/images/frame_02335.npy,TRAIN,TRAIN,no,4,v40c_01311,orig_rule_01352
frame_02336,data/images/frame_02336.npy,TRAIN,TRAIN,no,4,v40c_01311,orig_rule_01352
frame_02337,data/images/frame_02337.npy,TRAIN,TRAIN,no,4,v40c_01311,orig_rule_01352
frame_02338,data/images/frame_02338.npy,TRAIN,TRAIN,no,4,v40c_01312,orig_singleton_frame_02338
frame_02339,data/images/frame_02339.npy,TRAIN,TRAIN,no,4,v40c_01313,orig_singleton_frame_02339
frame_02340,data/images/frame_02340.npy,TRAIN,TRAIN,no,4,v40c_01314,orig_singleton_frame_02340
frame_02341,data/images/frame_02341.npy,TRAIN,TRAIN,no,4,v40c_01315,orig_singleton_frame_02341
frame_02342,data/images/frame_02342.npy,TRAIN,TRAIN,no,4,v40c_01316,orig_singleton_frame_02342
frame_02343,data/images/frame_02343.npy,TRAIN,TRAIN,no,4,v40c_01317,orig_singleton_frame_02343
frame_02344,data/images/frame_02344.npy,TRAIN,TRAIN,no,4,v40c_01318,orig_singleton_frame_02344
frame_02345,data/images/frame_02345.npy,TRAIN,TRAIN,no,4,v40c_01319,orig_singleton_frame_02345
frame_02346,data/images/frame_02346.npy,TRAIN,TRAIN,no,4,v40c_01320,orig_singleton_frame_02346
frame_02347,data/images/frame_02347.npy,TRAIN,TRAIN,no,4,v40c_01321,orig_rule_01362
frame_02348,data/images/frame_02348.npy,TRAIN,TRAIN,no,4,v40c_01321,orig_rule_01362
frame_02349,data/images/frame_02349.npy,TRAIN,TRAIN,no,4,v40c_01321,orig_rule_01362
frame_02350,data/images/frame_02350.npy,TRAIN,TRAIN,no,4,v40c_01322,orig_singleton_frame_02350
frame_02351,data/images/frame_02351.npy,TRAIN,TRAIN,no,4,v40c_01323,orig_singleton_frame_02351
frame_02352,data/images/frame_02352.npy,TRAIN,TRAIN,no,4,v40c_01324,orig_singleton_frame_02352
frame_02353,data/images/frame_02353.npy,TRAIN,TRAIN,no,4,v40c_01325,orig_singleton_frame_02353
frame_02354,data/images/frame_02354.npy,TRAIN,TRAIN,no,5,v40c_01326,orig_singleton_frame_02354
frame_02355,data/images/frame_02355.npy,TRAIN,TRAIN,no,5,v40c_01327,orig_singleton_frame_02355
frame_02356,data/images/frame_02356.npy,TRAIN,TRAIN,no,5,v40c_01328,orig_rule_01369
frame_02357,data/images/frame_02357.npy,TRAIN,TRAIN,no,5,v40c_01328,orig_rule_01369
frame_02358,data/images/frame_02358.npy,TRAIN,TRAIN,no,5,v40c_01329,orig_singleton_frame_02358
frame_02359,data/images/frame_02359.npy,TRAIN,TRAIN,no,5,v40c_01330,orig_singleton_frame_02359
frame_02360,data/images/frame_02360.npy,TRAIN,TRAIN,no,5,v40c_01331,orig_rule_01372
frame_02361,data/images/frame_02361.npy,TRAIN,TRAIN,no,5,v40c_01331,orig_rule_01372
frame_02362,data/images/frame_02362.npy,TRAIN,TRAIN,no,5,v40c_01332,orig_rule_01373
frame_02363,data/images/frame_02363.npy,TRAIN,TRAIN,no,5,v40c_01332,orig_rule_01373
frame_02364,data/images/frame_02364.npy,TRAIN,TRAIN,no,6,v40c_01332,orig_rule_01373
frame_02365,data/images/frame_02365.npy,TRAIN,TRAIN,no,6,v40c_01332,orig_rule_01373
frame_02366,data/images/frame_02366.npy,TRAIN,TRAIN,no,6,v40c_01332,orig_rule_01373
frame_02367,data/images/frame_02367.npy,TRAIN,TRAIN,no,6,v40c_01333,orig_rule_01374
frame_02368,data/images/frame_02368.npy,TRAIN,TRAIN,no,6,v40c_01333,orig_rule_01374
frame_02369,data/images/frame_02369.npy,TRAIN,TRAIN,no,6,v40c_01333,orig_rule_01374
frame_02370,data/images/frame_02370.npy,TRAIN,TRAIN,no,6,v40c_01334,orig_singleton_frame_02370
frame_02371,data/images/frame_02371.npy,TRAIN,TRAIN,no,6,v40c_01335,orig_rule_01376
frame_02372,data/images/frame_02372.npy,TRAIN,TRAIN,no,6,v40c_01335,orig_rule_01376
frame_02373,data/images/frame_02373.npy,TRAIN,TRAIN,no,6,v40c_01335,orig_rule_01376
frame_02374,data/images/frame_02374.npy,TRAIN,TRAIN,no,6,v40c_01335,orig_rule_01376
frame_02375,data/images/frame_02375.npy,TRAIN,TRAIN,no,6,v40c_01336,orig_singleton_frame_02375
frame_02376,data/images/frame_02376.npy,TRAIN,TRAIN,no,6,v40c_01337,orig_singleton_frame_02376
frame_02377,data/images/frame_02377.npy,TRAIN,TRAIN,no,6,v40c_01338,orig_singleton_frame_02377
frame_02378,data/images/frame_02378.npy,TRAIN,TRAIN,no,6,v40c_01339,orig_singleton_frame_02378
frame_02379,data/images/frame_02379.npy,TRAIN,TRAIN,no,6,v40c_01340,orig_singleton_frame_02379
frame_02380,data/images/frame_02380.npy,TRAIN,TRAIN,no,6,v40c_01341,orig_singleton_frame_02380
frame_02381,data/images/frame_02381.npy,TRAIN,TRAIN,no,6,v40c_01342,orig_singleton_frame_02381
frame_02382,data/images/frame_02382.npy,TRAIN,TRAIN,no,7,v40c_01343,orig_singleton_frame_02382
frame_02383,data/images/frame_02383.npy,TRAIN,TRAIN,no,7,v40c_01344,orig_singleton_frame_02383
frame_02384,data/images/frame_02384.npy,TRAIN,TRAIN,no,7,v40c_01345,orig_singleton_frame_02384
frame_02385,data/images/frame_02385.npy,TRAIN,TRAIN,no,7,v40c_01346,orig_singleton_frame_02385
frame_02386,data/images/frame_02386.npy,TRAIN,TRAIN,no,7,v40c_01347,orig_singleton_frame_02386
frame_02387,data/images/frame_02387.npy,TRAIN,TRAIN,no,8,v40c_01348,orig_singleton_frame_02387
frame_02388,data/images/frame_02388.npy,TRAIN,TRAIN,no,8,v40c_01349,orig_singleton_frame_02388
frame_02389,data/images/frame_02389.npy,TRAIN,TRAIN,no,7,v40c_01350,orig_singleton_frame_02389
frame_02390,data/images/frame_02390.npy,TRAIN,TRAIN,no,6,v40c_01351,orig_rule_01392
frame_02391,data/images/frame_02391.npy,TRAIN,TRAIN,no,6,v40c_01351,orig_rule_01392
frame_02392,data/images/frame_02392.npy,TRAIN,TRAIN,no,6,v40c_01352,orig_rule_01393
frame_02393,data/images/frame_02393.npy,TRAIN,TRAIN,no,6,v40c_01352,orig_rule_01393
frame_02394,data/images/frame_02394.npy,TRAIN,TRAIN,no,6,v40c_01352,orig_rule_01393
frame_02395,data/images/frame_02395.npy,TRAIN,TRAIN,no,6,v40c_01353,orig_singleton_frame_02395
frame_02396,data/images/frame_02396.npy,TRAIN,TRAIN,no,6,v40c_01354,orig_singleton_frame_02396
frame_02397,data/images/frame_02397.npy,TRAIN,TRAIN,no,7,v40c_01355,orig_singleton_frame_02397
frame_02398,data/images/frame_02398.npy,TRAIN,TRAIN,no,7,v40c_01356,orig_rule_01397
frame_02399,data/images/frame_02399.npy,TRAIN,TRAIN,no,7,v40c_01357,orig_rule_01398
frame_02400,data/images/frame_02400.npy,TRAIN,TRAIN,no,7,v40c_01358,orig_singleton_frame_02400
frame_02401,data/images/frame_02401.npy,TRAIN,TRAIN,no,7,v40c_01359,orig_rule_01400
frame_02402,data/images/frame_02402.npy,TRAIN,TRAIN,no,7,v40c_01359,orig_rule_01400
frame_02403,data/images/frame_02403.npy,TRAIN,TRAIN,no,7,v40c_01360,orig_singleton_frame_02403
frame_02404,data/images/frame_02404.npy,TRAIN,TRAIN,no,7,v40c_01361,orig_singleton_frame_02404
frame_02405,data/images/frame_02405.npy,TRAIN,TRAIN,no,7,v40c_01357,orig_rule_01398
frame_02406,data/images/frame_02406.npy,TRAIN,TRAIN,no,7,v40c_01362,orig_rule_01403
frame_02407,data/images/frame_02407.npy,TRAIN,TRAIN,no,7,v40c_01362,orig_rule_01403
frame_02408,data/images/frame_02408.npy,TRAIN,TRAIN,no,7,v40c_01356,orig_rule_01397
frame_02409,data/images/frame_02409.npy,TRAIN,TRAIN,no,7,v40c_01357,orig_rule_01398
frame_02410,data/images/frame_02410.npy,TRAIN,TRAIN,no,7,v40c_01357,orig_rule_01398
frame_02411,data/images/frame_02411.npy,TRAIN,TRAIN,no,7,v40c_01363,orig_singleton_frame_02411
frame_02412,data/images/frame_02412.npy,TRAIN,TRAIN,no,7,v40c_01364,orig_singleton_frame_02412
frame_02413,data/images/frame_02413.npy,TRAIN,TRAIN,no,7,v40c_01365,orig_singleton_frame_02413
frame_02414,data/images/frame_02414.npy,TRAIN,TRAIN,no,7,v40c_01366,orig_singleton_frame_02414
frame_02415,data/images/frame_02415.npy,TRAIN,TRAIN,no,8,v40c_01367,orig_rule_01408
frame_02416,data/images/frame_02416.npy,TRAIN,TRAIN,no,8,v40c_01368,orig_rule_01409
frame_02417,data/images/frame_02417.npy,TRAIN,TRAIN,no,8,v40c_01368,orig_rule_01409
frame_02418,data/images/frame_02418.npy,TRAIN,TRAIN,no,8,v40c_01367,orig_rule_01408
frame_02419,data/images/frame_02419.npy,TRAIN,TRAIN,no,9,v40c_01369,orig_singleton_frame_02419
frame_02420,data/images/frame_02420.npy,TRAIN,TRAIN,no,8,v40c_01370,orig_singleton_frame_02420
frame_02421,data/images/frame_02421.npy,TRAIN,TRAIN,no,8,v40c_01371,orig_singleton_frame_02421
frame_02422,data/images/frame_02422.npy,TRAIN,TRAIN,no,7,v40c_01372,orig_singleton_frame_02422
frame_02423,data/images/frame_02423.npy,TRAIN,TRAIN,no,7,v40c_01373,orig_singleton_frame_02423
frame_02424,data/images/frame_02424.npy,TRAIN,TRAIN,no,7,v40c_01374,orig_singleton_frame_02424
frame_02425,data/images/frame_02425.npy,TRAIN,TRAIN,no,6,v40c_01375,orig_singleton_frame_02425
frame_02426,data/images/frame_02426.npy,TRAIN,TRAIN,no,7,v40c_01376,orig_singleton_frame_02426
frame_02427,data/images/frame_02427.npy,TRAIN,TRAIN,no,7,v40c_01377,orig_rule_01418
frame_02428,data/images/frame_02428.npy,TRAIN,TRAIN,no,7,v40c_01377,orig_rule_01418
frame_02429,data/images/frame_02429.npy,TRAIN,TRAIN,no,7,v40c_01377,orig_rule_01418
frame_02430,data/images/frame_02430.npy,TRAIN,TRAIN,no,7,v40c_01377,orig_rule_01418
frame_02431,data/images/frame_02431.npy,TRAIN,TRAIN,no,7,v40c_01378,orig_singleton_frame_02431
frame_02432,data/images/frame_02432.npy,TRAIN,TRAIN,no,7,v40c_01379,orig_rule_01420
frame_02433,data/images/frame_02433.npy,TRAIN,TRAIN,no,7,v40c_01379,orig_rule_01420
frame_02434,data/images/frame_02434.npy,TRAIN,TRAIN,no,7,v40c_01379,orig_rule_01420
frame_02435,data/images/frame_02435.npy,TRAIN,TRAIN,no,7,v40c_01380,orig_singleton_frame_02435
frame_02436,data/images/frame_02436.npy,TRAIN,TRAIN,no,7,v40c_01381,orig_singleton_frame_02436
frame_02437,data/images/frame_02437.npy,TRAIN,TRAIN,no,7,v40c_01382,orig_singleton_frame_02437
frame_02438,data/images/frame_02438.npy,TRAIN,TRAIN,no,8,v40c_01383,orig_singleton_frame_02438
frame_02439,data/images/frame_02439.npy,TRAIN,TRAIN,no,8,v40c_01384,orig_singleton_frame_02439
frame_02440,data/images/frame_02440.npy,TRAIN,TRAIN,no,8,v40c_01385,orig_singleton_frame_02440
frame_02441,data/images/frame_02441.npy,TRAIN,TRAIN,no,8,v40c_01386,orig_rule_01427
frame_02442,data/images/frame_02442.npy,TRAIN,TRAIN,no,8,v40c_01386,orig_rule_01427
frame_02443,data/images/frame_02443.npy,TRAIN,TRAIN,no,8,v40c_01386,orig_rule_01427
frame_02444,data/images/frame_02444.npy,TRAIN,TRAIN,no,8,v40c_01386,orig_rule_01427
frame_02445,data/images/frame_02445.npy,TRAIN,TRAIN,no,8,v40c_01386,orig_rule_01427
frame_02446,data/images/frame_02446.npy,TRAIN,TRAIN,no,8,v40c_01387,orig_singleton_frame_02446
frame_02447,data/images/frame_02447.npy,TRAIN,TRAIN,no,8,v40c_01388,orig_singleton_frame_02447
frame_02448,data/images/frame_02448.npy,TRAIN,TRAIN,no,8,v40c_01389,orig_rule_01430
frame_02449,data/images/frame_02449.npy,TRAIN,TRAIN,no,8,v40c_01389,orig_rule_01430
frame_02450,data/images/frame_02450.npy,TRAIN,TRAIN,no,9,v40c_01389,orig_rule_01430
frame_02451,data/images/frame_02451.npy,TRAIN,TRAIN,no,8,v40c_01390,orig_singleton_frame_02451
frame_02452,data/images/frame_02452.npy,TRAIN,TRAIN,no,8,v40c_01391,orig_rule_01432
frame_02453,data/images/frame_02453.npy,TRAIN,TRAIN,no,8,v40c_01391,orig_rule_01432
frame_02454,data/images/frame_02454.npy,TRAIN,TRAIN,no,8,v40c_01391,orig_rule_01432
frame_02455,data/images/frame_02455.npy,TRAIN,TRAIN,no,8,v40c_01391,orig_rule_01432
frame_02456,data/images/frame_02456.npy,TRAIN,TRAIN,no,8,v40c_01392,orig_rule_01433
frame_02457,data/images/frame_02457.npy,TRAIN,TRAIN,no,8,v40c_01392,orig_rule_01433
frame_02458,data/images/frame_02458.npy,TRAIN,TRAIN,no,8,v40c_01393,orig_rule_01434
frame_02459,data/images/frame_02459.npy,TRAIN,TRAIN,no,8,v40c_01393,orig_rule_01434
frame_02460,data/images/frame_02460.npy,TRAIN,TRAIN,no,8,v40c_01393,orig_rule_01434
frame_02461,data/images/frame_02461.npy,TRAIN,TRAIN,no,7,v40c_01393,orig_rule_01434
frame_02462,data/images/frame_02462.npy,TRAIN,TRAIN,no,7,v40c_01393,orig_rule_01434
frame_02463,data/images/frame_02463.npy,TRAIN,TRAIN,no,8,v40c_01393,orig_rule_01434
frame_02464,data/images/frame_02464.npy,TRAIN,TRAIN,no,8,v40c_01393,orig_rule_01434
frame_02465,data/images/frame_02465.npy,TRAIN,TRAIN,no,8,v40c_01393,orig_rule_01434
frame_02466,data/images/frame_02466.npy,TRAIN,TRAIN,no,8,v40c_01393,orig_rule_01434
frame_02467,data/images/frame_02467.npy,TRAIN,TRAIN,no,8,v40c_01394,orig_rule_01435
frame_02468,data/images/frame_02468.npy,TRAIN,TRAIN,no,8,v40c_01394,orig_rule_01435
frame_02469,data/images/frame_02469.npy,TRAIN,TRAIN,no,8,v40c_01394,orig_rule_01435
frame_02470,data/images/frame_02470.npy,TRAIN,TRAIN,no,8,v40c_01394,orig_rule_01435
frame_02471,data/images/frame_02471.npy,TRAIN,TRAIN,no,8,v40c_01394,orig_rule_01435
frame_02472,data/images/frame_02472.npy,TRAIN,TRAIN,no,8,v40c_01394,orig_rule_01435
frame_02473,data/images/frame_02473.npy,TRAIN,TRAIN,no,8,v40c_01394,orig_rule_01435
frame_02474,data/images/frame_02474.npy,TRAIN,TRAIN,no,8,v40c_01394,orig_rule_01435
frame_02475,data/images/frame_02475.npy,TRAIN,TRAIN,no,8,v40c_01394,orig_rule_01435
frame_02476,data/images/frame_02476.npy,TRAIN,TRAIN,no,8,v40c_01394,orig_rule_01435
frame_02477,data/images/frame_02477.npy,TRAIN,TRAIN,no,8,v40c_01395,orig_singleton_frame_02477
frame_02478,data/images/frame_02478.npy,TRAIN,TRAIN,no,8,v40c_01396,orig_singleton_frame_02478
frame_02479,data/images/frame_02479.npy,TRAIN,TRAIN,no,8,v40c_01397,orig_singleton_frame_02479
frame_02496,data/images/frame_02496.npy,VALIDATION,VALIDATION,no,8,v40c_01398,orig_rule_01439
frame_02497,data/images/frame_02497.npy,VALIDATION,VALIDATION,no,8,v40c_01398,orig_rule_01439
frame_02498,data/images/frame_02498.npy,VALIDATION,VALIDATION,no,8,v40c_01398,orig_rule_01439
frame_02499,data/images/frame_02499.npy,VALIDATION,VALIDATION,no,8,v40c_01398,orig_singleton_frame_02499
frame_02500,data/images/frame_02500.npy,VALIDATION,VALIDATION,no,8,v40c_01398,orig_rule_01441
frame_02501,data/images/frame_02501.npy,VALIDATION,VALIDATION,no,8,v40c_01398,orig_rule_01441
frame_02502,data/images/frame_02502.npy,VALIDATION,VALIDATION,no,8,v40c_01398,orig_rule_01441
frame_02503,data/images/frame_02503.npy,VALIDATION,VALIDATION,no,8,v40c_01398,orig_singleton_frame_02503
frame_02504,data/images/frame_02504.npy,VALIDATION,VALIDATION,no,8,v40c_01398,orig_singleton_frame_02504
frame_02505,data/images/frame_02505.npy,VALIDATION,VALIDATION,no,8,v40c_01398,orig_rule_01444
frame_02506,data/images/frame_02506.npy,VALIDATION,VALIDATION,no,8,v40c_01398,orig_rule_01444
frame_02507,data/images/frame_02507.npy,VALIDATION,VALIDATION,no,8,v40c_01398,orig_rule_01444
frame_02508,data/images/frame_02508.npy,VALIDATION,VALIDATION,no,8,v40c_01398,orig_rule_01444
frame_02509,data/images/frame_02509.npy,VALIDATION,VALIDATION,no,8,v40c_01398,orig_rule_01444
frame_02510,data/images/frame_02510.npy,VALIDATION,VALIDATION,no,8,v40c_01398,orig_singleton_frame_02510
frame_02511,data/images/frame_02511.npy,VALIDATION,VALIDATION,no,8,v40c_01398,orig_rule_01444
frame_02512,data/images/frame_02512.npy,VALIDATION,VALIDATION,no,8,v40c_01398,orig_rule_01444
frame_02513,data/images/frame_02513.npy,VALIDATION,VALIDATION,no,9,v40c_01398,orig_singleton_frame_02513
frame_02514,data/images/frame_02514.npy,TRAIN,VALIDATION,yes,9,v40c_01398,orig_singleton_frame_02514
frame_02515,data/images/frame_02515.npy,VALIDATION,VALIDATION,no,9,v40c_01398,orig_singleton_frame_02515
frame_02516,data/images/frame_02516.npy,VALIDATION,VALIDATION,no,9,v40c_01398,orig_singleton_frame_02516
frame_02517,data/images/frame_02517.npy,VALIDATION,VALIDATION,no,9,v40c_01398,orig_singleton_frame_02517
frame_02518,data/images/frame_02518.npy,VALIDATION,VALIDATION,no,10,v40c_01398,orig_rule_01451
frame_02519,data/images/frame_02519.npy,VALIDATION,VALIDATION,no,10,v40c_01398,orig_rule_01451
frame_02520,data/images/frame_02520.npy,VALIDATION,VALIDATION,no,10,v40c_01398,orig_rule_01451
frame_02521,data/images/frame_02521.npy,VALIDATION,VALIDATION,no,9,v40c_01398,orig_rule_01451
frame_02522,data/images/frame_02522.npy,VALIDATION,VALIDATION,no,10,v40c_01398,orig_singleton_frame_02522
frame_02523,data/images/frame_02523.npy,VALIDATION,VALIDATION,no,9,v40c_01398,orig_rule_01453
frame_02524,data/images/frame_02524.npy,VALIDATION,VALIDATION,no,9,v40c_01398,orig_rule_01453
frame_02525,data/images/frame_02525.npy,VALIDATION,VALIDATION,no,9,v40c_01398,orig_rule_01453
frame_02526,data/images/frame_02526.npy,VALIDATION,VALIDATION,no,8,v40c_01398,orig_rule_01453
frame_02527,data/images/frame_02527.npy,VALIDATION,VALIDATION,no,8,v40c_01398,orig_rule_01453
frame_02528,data/images/frame_02528.npy,VALIDATION,VALIDATION,no,8,v40c_01398,orig_rule_01453
frame_02529,data/images/frame_02529.npy,VALIDATION,VALIDATION,no,8,v40c_01398,orig_rule_01453
frame_02530,data/images/frame_02530.npy,VALIDATION,VALIDATION,no,8,v40c_01398,orig_rule_01453
frame_02531,data/images/frame_02531.npy,VALIDATION,VALIDATION,no,8,v40c_01398,orig_rule_01453
frame_02532,data/images/frame_02532.npy,VALIDATION,VALIDATION,no,7,v40c_01399,orig_singleton_frame_02532
frame_02533,data/images/frame_02533.npy,VALIDATION,VALIDATION,no,8,v40c_01400,orig_singleton_frame_02533
frame_02534,data/images/frame_02534.npy,VALIDATION,VALIDATION,no,7,v40c_01401,orig_singleton_frame_02534
frame_02535,data/images/frame_02535.npy,VALIDATION,VALIDATION,no,7,v40c_01402,orig_singleton_frame_02535
frame_02536,data/images/frame_02536.npy,VALIDATION,VALIDATION,no,7,v40c_01403,orig_singleton_frame_02536
frame_02537,data/images/frame_02537.npy,VALIDATION,VALIDATION,no,7,v40c_01404,orig_rule_01459
frame_02538,data/images/frame_02538.npy,VALIDATION,VALIDATION,no,7,v40c_01404,orig_rule_01459
frame_02539,data/images/frame_02539.npy,VALIDATION,VALIDATION,no,7,v40c_01405,orig_rule_01460
frame_02540,data/images/frame_02540.npy,VALIDATION,VALIDATION,no,7,v40c_01406,orig_singleton_frame_02540
frame_02541,data/images/frame_02541.npy,VALIDATION,VALIDATION,no,7,v40c_01405,orig_rule_01460
frame_02542,data/images/frame_02542.npy,VALIDATION,VALIDATION,no,7,v40c_01405,orig_rule_01460
frame_02543,data/images/frame_02543.npy,VALIDATION,VALIDATION,no,7,v40c_01405,orig_rule_01460
frame_02544,data/images/frame_02544.npy,VALIDATION,VALIDATION,no,7,v40c_01407,orig_singleton_frame_02544
frame_02545,data/images/frame_02545.npy,VALIDATION,VALIDATION,no,6,v40c_01405,orig_rule_01460
frame_02546,data/images/frame_02546.npy,VALIDATION,VALIDATION,no,6,v40c_01405,orig_rule_01460
frame_02547,data/images/frame_02547.npy,VALIDATION,VALIDATION,no,6,v40c_01405,orig_rule_01460
frame_02548,data/images/frame_02548.npy,VALIDATION,VALIDATION,no,6,v40c_01405,orig_rule_01460
frame_02549,data/images/frame_02549.npy,VALIDATION,VALIDATION,no,6,v40c_01408,orig_rule_01463
frame_02550,data/images/frame_02550.npy,VALIDATION,VALIDATION,no,6,v40c_01408,orig_rule_01463
frame_02551,data/images/frame_02551.npy,VALIDATION,VALIDATION,no,7,v40c_01409,orig_singleton_frame_02551
frame_02552,data/images/frame_02552.npy,VALIDATION,VALIDATION,no,7,v40c_01410,orig_rule_01465
frame_02553,data/images/frame_02553.npy,VALIDATION,VALIDATION,no,7,v40c_01410,orig_rule_01465
frame_02554,data/images/frame_02554.npy,VALIDATION,VALIDATION,no,7,v40c_01410,orig_rule_01465
frame_02555,data/images/frame_02555.npy,VALIDATION,VALIDATION,no,7,v40c_01411,orig_rule_01466
frame_02556,data/images/frame_02556.npy,VALIDATION,VALIDATION,no,7,v40c_01411,orig_rule_01466
frame_02557,data/images/frame_02557.npy,VALIDATION,VALIDATION,no,7,v40c_01411,orig_rule_01466
frame_02558,data/images/frame_02558.npy,VALIDATION,VALIDATION,no,6,v40c_01411,orig_rule_01466
frame_02559,data/images/frame_02559.npy,VALIDATION,VALIDATION,no,6,v40c_01412,orig_rule_01467
frame_02560,data/images/frame_02560.npy,VALIDATION,VALIDATION,no,6,v40c_01412,orig_rule_01467
frame_02561,data/images/frame_02561.npy,VALIDATION,VALIDATION,no,6,v40c_01413,orig_singleton_frame_02561
frame_02562,data/images/frame_02562.npy,VALIDATION,VALIDATION,no,6,v40c_01414,orig_singleton_frame_02562
frame_02563,data/images/frame_02563.npy,VALIDATION,VALIDATION,no,6,v40c_01415,orig_rule_01470
frame_02564,data/images/frame_02564.npy,VALIDATION,VALIDATION,no,7,v40c_01415,orig_rule_01470
frame_02565,data/images/frame_02565.npy,VALIDATION,VALIDATION,no,6,v40c_01415,orig_rule_01470
frame_02566,data/images/frame_02566.npy,VALIDATION,VALIDATION,no,6,v40c_01416,orig_singleton_frame_02566
frame_02567,data/images/frame_02567.npy,VALIDATION,VALIDATION,no,5,v40c_01417,orig_singleton_frame_02567
frame_02568,data/images/frame_02568.npy,VALIDATION,VALIDATION,no,5,v40c_01418,orig_singleton_frame_02568
frame_02569,data/images/frame_02569.npy,VALIDATION,VALIDATION,no,5,v40c_01419,orig_singleton_frame_02569
frame_02570,data/images/frame_02570.npy,VALIDATION,VALIDATION,no,5,v40c_01420,orig_singleton_frame_02570
frame_02571,data/images/frame_02571.npy,VALIDATION,VALIDATION,no,5,v40c_01421,orig_rule_01476
frame_02572,data/images/frame_02572.npy,VALIDATION,VALIDATION,no,5,v40c_01421,orig_rule_01476
frame_02573,data/images/frame_02573.npy,VALIDATION,VALIDATION,no,5,v40c_01422,orig_rule_01477
frame_02574,data/images/frame_02574.npy,VALIDATION,VALIDATION,no,5,v40c_01422,orig_rule_01477
frame_02575,data/images/frame_02575.npy,VALIDATION,VALIDATION,no,5,v40c_01423,orig_rule_01478
frame_02576,data/images/frame_02576.npy,VALIDATION,VALIDATION,no,5,v40c_01423,orig_rule_01478
frame_02577,data/images/frame_02577.npy,VALIDATION,VALIDATION,no,5,v40c_01423,orig_rule_01478
frame_02578,data/images/frame_02578.npy,VALIDATION,VALIDATION,no,5,v40c_01423,orig_rule_01478
frame_02579,data/images/frame_02579.npy,VALIDATION,VALIDATION,no,5,v40c_01424,orig_singleton_frame_02579
frame_02580,data/images/frame_02580.npy,VALIDATION,VALIDATION,no,5,v40c_01425,orig_singleton_frame_02580
frame_02581,data/images/frame_02581.npy,VALIDATION,VALIDATION,no,5,v40c_01426,orig_singleton_frame_02581
frame_02582,data/images/frame_02582.npy,VALIDATION,VALIDATION,no,4,v40c_01427,orig_rule_01482
frame_02583,data/images/frame_02583.npy,VALIDATION,VALIDATION,no,4,v40c_01427,orig_rule_01482
frame_02584,data/images/frame_02584.npy,VALIDATION,VALIDATION,no,4,v40c_01427,orig_rule_01482
frame_02585,data/images/frame_02585.npy,VALIDATION,VALIDATION,no,4,v40c_01427,orig_rule_01482
frame_02586,data/images/frame_02586.npy,VALIDATION,VALIDATION,no,4,v40c_01427,orig_rule_01482
frame_02587,data/images/frame_02587.npy,VALIDATION,VALIDATION,no,4,v40c_01427,orig_rule_01482
frame_02588,data/images/frame_02588.npy,VALIDATION,VALIDATION,no,5,v40c_01427,orig_rule_01482
frame_02589,data/images/frame_02589.npy,VALIDATION,VALIDATION,no,6,v40c_01428,orig_singleton_frame_02589
frame_02590,data/images/frame_02590.npy,VALIDATION,VALIDATION,no,5,v40c_01429,orig_singleton_frame_02590
frame_02591,data/images/frame_02591.npy,VALIDATION,VALIDATION,no,5,v40c_01430,orig_singleton_frame_02591
frame_02592,data/images/frame_02592.npy,VALIDATION,VALIDATION,no,5,v40c_01431,orig_rule_01486
frame_02593,data/images/frame_02593.npy,VALIDATION,VALIDATION,no,6,v40c_01431,orig_rule_01486
frame_02594,data/images/frame_02594.npy,VALIDATION,VALIDATION,no,4,v40c_01432,orig_singleton_frame_02594
frame_02595,data/images/frame_02595.npy,VALIDATION,VALIDATION,no,6,v40c_01433,orig_rule_01488
frame_02596,data/images/frame_02596.npy,VALIDATION,VALIDATION,no,3,v40c_01433,orig_rule_01488
frame_02597,data/images/frame_02597.npy,VALIDATION,VALIDATION,no,5,v40c_01434,orig_singleton_frame_02597
frame_02598,data/images/frame_02598.npy,VALIDATION,VALIDATION,no,3,v40c_01435,orig_singleton_frame_02598
frame_02599,data/images/frame_02599.npy,VALIDATION,VALIDATION,no,3,v40c_01436,orig_singleton_frame_02599
frame_02600,data/images/frame_02600.npy,VALIDATION,VALIDATION,no,3,v40c_01437,orig_rule_01492
frame_02601,data/images/frame_02601.npy,VALIDATION,VALIDATION,no,3,v40c_01437,orig_rule_01492
frame_02602,data/images/frame_02602.npy,VALIDATION,VALIDATION,no,3,v40c_01438,orig_rule_01493
frame_02603,data/images/frame_02603.npy,VALIDATION,VALIDATION,no,3,v40c_01438,orig_rule_01493
frame_02604,data/images/frame_02604.npy,VALIDATION,VALIDATION,no,3,v40c_01438,orig_rule_01493
frame_02605,data/images/frame_02605.npy,VALIDATION,VALIDATION,no,4,v40c_01438,orig_rule_01493
frame_02606,data/images/frame_02606.npy,VALIDATION,VALIDATION,no,3,v40c_01438,orig_rule_01493
frame_02607,data/images/frame_02607.npy,VALIDATION,VALIDATION,no,2,v40c_01439,orig_singleton_frame_02607
frame_02608,data/images/frame_02608.npy,VALIDATION,VALIDATION,no,3,v40c_01440,orig_singleton_frame_02608
frame_02609,data/images/frame_02609.npy,VALIDATION,VALIDATION,no,2,v40c_01441,orig_singleton_frame_02609
frame_02610,data/images/frame_02610.npy,VALIDATION,VALIDATION,no,2,v40c_01442,orig_singleton_frame_02610
frame_02611,data/images/frame_02611.npy,VALIDATION,VALIDATION,no,2,v40c_01443,orig_rule_01498
frame_02612,data/images/frame_02612.npy,VALIDATION,VALIDATION,no,2,v40c_01443,orig_rule_01498
frame_02613,data/images/frame_02613.npy,VALIDATION,VALIDATION,no,2,v40c_01444,orig_singleton_frame_02613
frame_02614,data/images/frame_02614.npy,VALIDATION,VALIDATION,no,2,v40c_01445,orig_singleton_frame_02614
frame_02615,data/images/frame_02615.npy,VALIDATION,VALIDATION,no,2,v40c_01446,orig_singleton_frame_02615
frame_02616,data/images/frame_02616.npy,VALIDATION,VALIDATION,no,2,v40c_01447,orig_singleton_frame_02616
frame_02617,data/images/frame_02617.npy,VALIDATION,VALIDATION,no,2,v40c_01448,orig_singleton_frame_02617
frame_02618,data/images/frame_02618.npy,VALIDATION,VALIDATION,no,2,v40c_01449,orig_singleton_frame_02618
frame_02619,data/images/frame_02619.npy,VALIDATION,VALIDATION,no,2,v40c_01450,orig_singleton_frame_02619
frame_02620,data/images/frame_02620.npy,VALIDATION,VALIDATION,no,2,v40c_01451,orig_singleton_frame_02620
frame_02621,data/images/frame_02621.npy,VALIDATION,VALIDATION,no,2,v40c_01452,orig_singleton_frame_02621
frame_02622,data/images/frame_02622.npy,VALIDATION,VALIDATION,no,4,v40c_01453,orig_singleton_frame_02622
frame_02623,data/images/frame_02623.npy,VALIDATION,VALIDATION,no,3,v40c_01454,orig_singleton_frame_02623
frame_02640,data/images/frame_02640.npy,TRAIN,TRAIN,no,2,v40c_01455,orig_singleton_frame_02640
frame_02641,data/images/frame_02641.npy,TRAIN,TRAIN,no,1,v40c_01456,orig_singleton_frame_02641
frame_02642,data/images/frame_02642.npy,TRAIN,TRAIN,no,1,v40c_01457,orig_singleton_frame_02642
frame_02643,data/images/frame_02643.npy,TRAIN,TRAIN,no,2,v40c_01458,orig_singleton_frame_02643
frame_02644,data/images/frame_02644.npy,TRAIN,TRAIN,no,2,v40c_01459,orig_rule_01514
frame_02645,data/images/frame_02645.npy,TRAIN,TRAIN,no,2,v40c_01459,orig_rule_01514
frame_02646,data/images/frame_02646.npy,TRAIN,TRAIN,no,2,v40c_01459,orig_rule_01514
frame_02647,data/images/frame_02647.npy,TRAIN,TRAIN,no,2,v40c_01460,orig_singleton_frame_02647
frame_02648,data/images/frame_02648.npy,TRAIN,TRAIN,no,2,v40c_01461,orig_singleton_frame_02648
frame_02649,data/images/frame_02649.npy,TRAIN,TRAIN,no,2,v40c_01462,orig_singleton_frame_02649
frame_02650,data/images/frame_02650.npy,TRAIN,TRAIN,no,2,v40c_01463,orig_singleton_frame_02650
frame_02651,data/images/frame_02651.npy,TRAIN,TRAIN,no,2,v40c_01464,orig_rule_01519
frame_02652,data/images/frame_02652.npy,TRAIN,TRAIN,no,2,v40c_01464,orig_rule_01519
frame_02653,data/images/frame_02653.npy,TRAIN,TRAIN,no,2,v40c_01465,orig_singleton_frame_02653
frame_02654,data/images/frame_02654.npy,TRAIN,TRAIN,no,2,v40c_01466,orig_rule_01521
frame_02655,data/images/frame_02655.npy,TRAIN,TRAIN,no,2,v40c_01466,orig_rule_01521
frame_02656,data/images/frame_02656.npy,TRAIN,TRAIN,no,2,v40c_01467,orig_singleton_frame_02656
frame_02657,data/images/frame_02657.npy,TRAIN,TRAIN,no,4,v40c_01468,orig_rule_01523
frame_02658,data/images/frame_02658.npy,TRAIN,TRAIN,no,3,v40c_01468,orig_rule_01523
frame_02659,data/images/frame_02659.npy,TRAIN,TRAIN,no,3,v40c_01469,orig_singleton_frame_02659
frame_02660,data/images/frame_02660.npy,TRAIN,TRAIN,no,3,v40c_01470,orig_singleton_frame_02660
frame_02661,data/images/frame_02661.npy,TRAIN,TRAIN,no,3,v40c_01471,orig_singleton_frame_02661
frame_02662,data/images/frame_02662.npy,TRAIN,TRAIN,no,3,v40c_01472,orig_singleton_frame_02662
frame_02663,data/images/frame_02663.npy,TRAIN,TRAIN,no,3,v40c_01473,orig_singleton_frame_02663
frame_02664,data/images/frame_02664.npy,TRAIN,TRAIN,no,4,v40c_01474,orig_singleton_frame_02664
frame_02665,data/images/frame_02665.npy,TRAIN,TRAIN,no,4,v40c_01475,orig_singleton_frame_02665
frame_02666,data/images/frame_02666.npy,TRAIN,TRAIN,no,4,v40c_01476,orig_singleton_frame_02666
frame_02667,data/images/frame_02667.npy,TRAIN,TRAIN,no,4,v40c_01477,orig_singleton_frame_02667
frame_02668,data/images/frame_02668.npy,TRAIN,TRAIN,no,4,v40c_01478,orig_singleton_frame_02668
frame_02669,data/images/frame_02669.npy,TRAIN,TRAIN,no,4,v40c_01479,orig_singleton_frame_02669
frame_02670,data/images/frame_02670.npy,TRAIN,TRAIN,no,4,v40c_01480,orig_singleton_frame_02670
frame_02671,data/images/frame_02671.npy,TRAIN,TRAIN,no,5,v40c_01481,orig_singleton_frame_02671
frame_02672,data/images/frame_02672.npy,TRAIN,TRAIN,no,5,v40c_01482,orig_singleton_frame_02672
frame_02673,data/images/frame_02673.npy,TRAIN,TRAIN,no,5,v40c_01483,orig_singleton_frame_02673
frame_02674,data/images/frame_02674.npy,TRAIN,TRAIN,no,5,v40c_01484,orig_singleton_frame_02674
frame_02675,data/images/frame_02675.npy,TRAIN,TRAIN,no,5,v40c_01485,orig_singleton_frame_02675
frame_02676,data/images/frame_02676.npy,TRAIN,TRAIN,no,5,v40c_01486,orig_singleton_frame_02676
frame_02677,data/images/frame_02677.npy,TRAIN,TRAIN,no,6,v40c_01487,orig_singleton_frame_02677
frame_02678,data/images/frame_02678.npy,TRAIN,TRAIN,no,6,v40c_01488,orig_singleton_frame_02678
frame_02679,data/images/frame_02679.npy,TRAIN,TRAIN,no,5,v40c_01489,orig_rule_01544
frame_02680,data/images/frame_02680.npy,TRAIN,TRAIN,no,5,v40c_01490,orig_singleton_frame_02680
frame_02681,data/images/frame_02681.npy,TRAIN,TRAIN,no,5,v40c_01491,orig_singleton_frame_02681
frame_02682,data/images/frame_02682.npy,TRAIN,TRAIN,no,6,v40c_01492,orig_rule_01547
frame_02683,data/images/frame_02683.npy,TRAIN,TRAIN,no,6,v40c_01492,orig_rule_01547
frame_02684,data/images/frame_02684.npy,TRAIN,TRAIN,no,5,v40c_01493,orig_singleton_frame_02684
frame_02685,data/images/frame_02685.npy,TRAIN,TRAIN,no,5,v40c_01489,orig_rule_01544
frame_02686,data/images/frame_02686.npy,TRAIN,TRAIN,no,5,v40c_01489,orig_rule_01544
frame_02687,data/images/frame_02687.npy,TRAIN,TRAIN,no,5,v40c_01494,orig_singleton_frame_02687
frame_02688,data/images/frame_02688.npy,TRAIN,TRAIN,no,6,v40c_01495,orig_singleton_frame_02688
frame_02689,data/images/frame_02689.npy,TRAIN,TRAIN,no,6,v40c_01496,orig_singleton_frame_02689
frame_02690,data/images/frame_02690.npy,TRAIN,TRAIN,no,6,v40c_01497,orig_singleton_frame_02690
frame_02691,data/images/frame_02691.npy,TRAIN,TRAIN,no,6,v40c_01498,orig_singleton_frame_02691
frame_02692,data/images/frame_02692.npy,TRAIN,TRAIN,no,7,v40c_01499,orig_singleton_frame_02692
frame_02693,data/images/frame_02693.npy,TRAIN,TRAIN,no,7,v40c_01500,orig_singleton_frame_02693
frame_02694,data/images/frame_02694.npy,TRAIN,TRAIN,no,6,v40c_01501,orig_singleton_frame_02694
frame_02695,data/images/frame_02695.npy,TRAIN,TRAIN,no,7,v40c_01502,orig_singleton_frame_02695
frame_02696,data/images/frame_02696.npy,TRAIN,TRAIN,no,7,v40c_01503,orig_singleton_frame_02696
frame_02697,data/images/frame_02697.npy,TRAIN,TRAIN,no,6,v40c_01504,orig_singleton_frame_02697
frame_02698,data/images/frame_02698.npy,TRAIN,TRAIN,no,7,v40c_01505,orig_singleton_frame_02698
frame_02699,data/images/frame_02699.npy,TRAIN,TRAIN,no,7,v40c_01506,orig_singleton_frame_02699
frame_02700,data/images/frame_02700.npy,TRAIN,TRAIN,no,7,v40c_01507,orig_singleton_frame_02700
frame_02701,data/images/frame_02701.npy,TRAIN,TRAIN,no,7,v40c_01508,orig_singleton_frame_02701
frame_02702,data/images/frame_02702.npy,TRAIN,TRAIN,no,7,v40c_01509,orig_singleton_frame_02702
frame_02703,data/images/frame_02703.npy,TRAIN,TRAIN,no,7,v40c_01510,orig_rule_01565
frame_02704,data/images/frame_02704.npy,TRAIN,TRAIN,no,7,v40c_01510,orig_rule_01565
frame_02705,data/images/frame_02705.npy,TRAIN,TRAIN,no,7,v40c_01511,orig_singleton_frame_02705
frame_02706,data/images/frame_02706.npy,TRAIN,TRAIN,no,8,v40c_01512,orig_singleton_frame_02706
frame_02707,data/images/frame_02707.npy,TRAIN,TRAIN,no,7,v40c_01513,orig_singleton_frame_02707
frame_02708,data/images/frame_02708.npy,TRAIN,TRAIN,no,7,v40c_01514,orig_singleton_frame_02708
frame_02709,data/images/frame_02709.npy,TRAIN,TRAIN,no,7,v40c_01515,orig_singleton_frame_02709
frame_02710,data/images/frame_02710.npy,TRAIN,TRAIN,no,8,v40c_01516,orig_singleton_frame_02710
frame_02711,data/images/frame_02711.npy,TRAIN,TRAIN,no,7,v40c_01517,orig_singleton_frame_02711
frame_02712,data/images/frame_02712.npy,TRAIN,TRAIN,no,8,v40c_01518,orig_singleton_frame_02712
frame_02713,data/images/frame_02713.npy,TRAIN,TRAIN,no,8,v40c_01519,orig_singleton_frame_02713
frame_02714,data/images/frame_02714.npy,TRAIN,TRAIN,no,8,v40c_01520,orig_rule_01575
frame_02715,data/images/frame_02715.npy,TRAIN,TRAIN,no,8,v40c_01520,orig_rule_01575
frame_02716,data/images/frame_02716.npy,TRAIN,TRAIN,no,9,v40c_01521,orig_singleton_frame_02716
frame_02717,data/images/frame_02717.npy,TRAIN,TRAIN,no,10,v40c_01522,orig_singleton_frame_02717
frame_02718,data/images/frame_02718.npy,TRAIN,TRAIN,no,10,v40c_01523,orig_rule_01578
frame_02719,data/images/frame_02719.npy,TRAIN,TRAIN,no,10,v40c_01523,orig_rule_01578
frame_02720,data/images/frame_02720.npy,TRAIN,TRAIN,no,9,v40c_01524,orig_rule_01579
frame_02721,data/images/frame_02721.npy,TRAIN,TRAIN,no,9,v40c_01524,orig_rule_01579
frame_02722,data/images/frame_02722.npy,TRAIN,TRAIN,no,8,v40c_01525,orig_singleton_frame_02722
frame_02723,data/images/frame_02723.npy,TRAIN,TRAIN,no,8,v40c_01526,orig_singleton_frame_02723
frame_02724,data/images/frame_02724.npy,TRAIN,TRAIN,no,8,v40c_01527,orig_singleton_frame_02724
frame_02725,data/images/frame_02725.npy,TRAIN,TRAIN,no,8,v40c_01528,orig_singleton_frame_02725
frame_02726,data/images/frame_02726.npy,TRAIN,TRAIN,no,8,v40c_01529,orig_singleton_frame_02726
frame_02727,data/images/frame_02727.npy,TRAIN,TRAIN,no,8,v40c_01530,orig_singleton_frame_02727
frame_02728,data/images/frame_02728.npy,TRAIN,TRAIN,no,8,v40c_01531,orig_singleton_frame_02728
frame_02729,data/images/frame_02729.npy,TRAIN,TRAIN,no,9,v40c_01532,orig_singleton_frame_02729
frame_02730,data/images/frame_02730.npy,TRAIN,TRAIN,no,8,v40c_01533,orig_rule_01588
frame_02731,data/images/frame_02731.npy,TRAIN,TRAIN,no,8,v40c_01533,orig_rule_01588
frame_02732,data/images/frame_02732.npy,TRAIN,TRAIN,no,8,v40c_01534,orig_singleton_frame_02732
frame_02733,data/images/frame_02733.npy,TRAIN,TRAIN,no,8,v40c_01535,orig_singleton_frame_02733
frame_02734,data/images/frame_02734.npy,TRAIN,TRAIN,no,8,v40c_01536,orig_singleton_frame_02734
frame_02735,data/images/frame_02735.npy,TRAIN,TRAIN,no,7,v40c_01537,orig_singleton_frame_02735
frame_02736,data/images/frame_02736.npy,TRAIN,TRAIN,no,7,v40c_01538,orig_rule_01593
frame_02737,data/images/frame_02737.npy,TRAIN,TRAIN,no,7,v40c_01538,orig_rule_01593
frame_02738,data/images/frame_02738.npy,TRAIN,TRAIN,no,7,v40c_01539,orig_singleton_frame_02738
frame_02739,data/images/frame_02739.npy,TRAIN,TRAIN,no,7,v40c_01540,orig_singleton_frame_02739
frame_02740,data/images/frame_02740.npy,TRAIN,TRAIN,no,7,v40c_01541,orig_singleton_frame_02740
frame_02741,data/images/frame_02741.npy,TRAIN,TRAIN,no,7,v40c_01542,orig_singleton_frame_02741
frame_02742,data/images/frame_02742.npy,TRAIN,TRAIN,no,7,v40c_01543,orig_singleton_frame_02742
frame_02743,data/images/frame_02743.npy,TRAIN,TRAIN,no,7,v40c_01544,orig_singleton_frame_02743
frame_02744,data/images/frame_02744.npy,TRAIN,TRAIN,no,7,v40c_01545,orig_singleton_frame_02744
frame_02745,data/images/frame_02745.npy,TRAIN,TRAIN,no,7,v40c_01546,orig_rule_01601
frame_02746,data/images/frame_02746.npy,TRAIN,TRAIN,no,8,v40c_01546,orig_rule_01601
frame_02747,data/images/frame_02747.npy,TRAIN,TRAIN,no,8,v40c_01547,orig_singleton_frame_02747
frame_02748,data/images/frame_02748.npy,TRAIN,TRAIN,no,8,v40c_01548,orig_singleton_frame_02748
frame_02749,data/images/frame_02749.npy,TRAIN,TRAIN,no,7,v40c_01549,orig_singleton_frame_02749
frame_02750,data/images/frame_02750.npy,TRAIN,TRAIN,no,8,v40c_01550,orig_rule_01605
frame_02751,data/images/frame_02751.npy,TRAIN,TRAIN,no,8,v40c_01550,orig_rule_01605
frame_02752,data/images/frame_02752.npy,TRAIN,TRAIN,no,7,v40c_01551,orig_singleton_frame_02752
frame_02753,data/images/frame_02753.npy,TRAIN,TRAIN,no,7,v40c_01552,orig_singleton_frame_02753
frame_02754,data/images/frame_02754.npy,TRAIN,TRAIN,no,7,v40c_01553,orig_singleton_frame_02754
frame_02755,data/images/frame_02755.npy,TRAIN,TRAIN,no,7,v40c_01554,orig_singleton_frame_02755
frame_02756,data/images/frame_02756.npy,TRAIN,TRAIN,no,7,v40c_01555,orig_singleton_frame_02756
frame_02757,data/images/frame_02757.npy,TRAIN,TRAIN,no,7,v40c_01556,orig_singleton_frame_02757
frame_02758,data/images/frame_02758.npy,TRAIN,TRAIN,no,7,v40c_01557,orig_singleton_frame_02758
frame_02759,data/images/frame_02759.npy,TRAIN,TRAIN,no,7,v40c_01558,orig_rule_01613
frame_02760,data/images/frame_02760.npy,TRAIN,TRAIN,no,7,v40c_01558,orig_rule_01613
frame_02761,data/images/frame_02761.npy,TRAIN,TRAIN,no,7,v40c_01559,orig_singleton_frame_02761
frame_02762,data/images/frame_02762.npy,TRAIN,TRAIN,no,7,v40c_01558,orig_rule_01613
frame_02763,data/images/frame_02763.npy,TRAIN,TRAIN,no,7,v40c_01560,orig_singleton_frame_02763
frame_02764,data/images/frame_02764.npy,TRAIN,TRAIN,no,7,v40c_01561,orig_singleton_frame_02764
frame_02765,data/images/frame_02765.npy,TRAIN,TRAIN,no,7,v40c_01562,orig_singleton_frame_02765
frame_02766,data/images/frame_02766.npy,TRAIN,TRAIN,no,7,v40c_01563,orig_singleton_frame_02766
frame_02767,data/images/frame_02767.npy,TRAIN,TRAIN,no,8,v40c_01564,orig_singleton_frame_02767
frame_02768,data/images/frame_02768.npy,TRAIN,TRAIN,no,8,v40c_01565,orig_singleton_frame_02768
frame_02769,data/images/frame_02769.npy,TRAIN,TRAIN,no,8,v40c_01566,orig_singleton_frame_02769
frame_02770,data/images/frame_02770.npy,TRAIN,TRAIN,no,8,v40c_01567,orig_rule_01622
frame_02771,data/images/frame_02771.npy,TRAIN,TRAIN,no,8,v40c_01567,orig_rule_01622
frame_02772,data/images/frame_02772.npy,TRAIN,TRAIN,no,7,v40c_01567,orig_rule_01622
frame_02773,data/images/frame_02773.npy,TRAIN,TRAIN,no,7,v40c_01568,orig_rule_01623
frame_02774,data/images/frame_02774.npy,TRAIN,TRAIN,no,7,v40c_01568,orig_rule_01623
frame_02775,data/images/frame_02775.npy,TRAIN,TRAIN,no,7,v40c_01568,orig_rule_01623
frame_02776,data/images/frame_02776.npy,TRAIN,TRAIN,no,7,v40c_01568,orig_rule_01623
frame_02777,data/images/frame_02777.npy,TRAIN,TRAIN,no,7,v40c_01568,orig_rule_01623
frame_02778,data/images/frame_02778.npy,TRAIN,TRAIN,no,8,v40c_01568,orig_rule_01623
frame_02779,data/images/frame_02779.npy,TRAIN,TRAIN,no,8,v40c_01569,orig_singleton_frame_02779
frame_02780,data/images/frame_02780.npy,TRAIN,TRAIN,no,8,v40c_01570,orig_rule_01625
frame_02781,data/images/frame_02781.npy,TRAIN,TRAIN,no,8,v40c_01571,orig_singleton_frame_02781
frame_02782,data/images/frame_02782.npy,TRAIN,TRAIN,no,8,v40c_01570,orig_rule_01625
frame_02783,data/images/frame_02783.npy,TRAIN,TRAIN,no,8,v40c_01572,orig_rule_01627
frame_02784,data/images/frame_02784.npy,TRAIN,TRAIN,no,9,v40c_01573,orig_singleton_frame_02784
frame_02785,data/images/frame_02785.npy,TRAIN,TRAIN,no,9,v40c_01574,orig_rule_01629
frame_02786,data/images/frame_02786.npy,TRAIN,TRAIN,no,8,v40c_01574,orig_rule_01629
frame_02787,data/images/frame_02787.npy,TRAIN,TRAIN,no,8,v40c_01575,orig_singleton_frame_02787
frame_02788,data/images/frame_02788.npy,TRAIN,TRAIN,no,8,v40c_01572,orig_rule_01627
frame_02789,data/images/frame_02789.npy,TRAIN,TRAIN,no,9,v40c_01574,orig_rule_01629
frame_02790,data/images/frame_02790.npy,TRAIN,TRAIN,no,9,v40c_01574,orig_rule_01629
frame_02791,data/images/frame_02791.npy,TRAIN,TRAIN,no,9,v40c_01576,orig_singleton_frame_02791
frame_02792,data/images/frame_02792.npy,TRAIN,TRAIN,no,9,v40c_01577,orig_singleton_frame_02792
frame_02793,data/images/frame_02793.npy,TRAIN,TRAIN,no,9,v40c_01578,orig_singleton_frame_02793
frame_02794,data/images/frame_02794.npy,TRAIN,TRAIN,no,9,v40c_01574,orig_rule_01629
frame_02795,data/images/frame_02795.npy,TRAIN,TRAIN,no,9,v40c_01574,orig_rule_01629
frame_02796,data/images/frame_02796.npy,TRAIN,TRAIN,no,9,v40c_01574,orig_rule_01629
frame_02797,data/images/frame_02797.npy,TRAIN,TRAIN,no,9,v40c_01574,orig_rule_01629
frame_02798,data/images/frame_02798.npy,TRAIN,TRAIN,no,9,v40c_01574,orig_rule_01629
frame_02799,data/images/frame_02799.npy,TRAIN,TRAIN,no,9,v40c_01574,orig_rule_01629
frame_02800,data/images/frame_02800.npy,TRAIN,TRAIN,no,9,v40c_01574,orig_rule_01629
frame_02801,data/images/frame_02801.npy,TRAIN,TRAIN,no,9,v40c_01574,orig_rule_01629
frame_02802,data/images/frame_02802.npy,TRAIN,TRAIN,no,9,v40c_01579,orig_singleton_frame_02802
frame_02803,data/images/frame_02803.npy,TRAIN,TRAIN,no,8,v40c_01580,orig_rule_01635
frame_02804,data/images/frame_02804.npy,TRAIN,TRAIN,no,8,v40c_01581,orig_singleton_frame_02804
frame_02805,data/images/frame_02805.npy,TRAIN,TRAIN,no,9,v40c_01582,orig_singleton_frame_02805
frame_02806,data/images/frame_02806.npy,TRAIN,TRAIN,no,9,v40c_01580,orig_rule_01635
frame_02807,data/images/frame_02807.npy,TRAIN,TRAIN,no,9,v40c_01580,orig_rule_01635
frame_02808,data/images/frame_02808.npy,TRAIN,TRAIN,no,9,v40c_01580,orig_rule_01635
frame_02809,data/images/frame_02809.npy,TRAIN,TRAIN,no,8,v40c_01580,orig_rule_01635
frame_02810,data/images/frame_02810.npy,TRAIN,TRAIN,no,8,v40c_01583,orig_rule_01638
frame_02811,data/images/frame_02811.npy,TRAIN,TRAIN,no,8,v40c_01583,orig_rule_01638
frame_02812,data/images/frame_02812.npy,TRAIN,TRAIN,no,7,v40c_01584,orig_singleton_frame_02812
frame_02813,data/images/frame_02813.npy,TRAIN,TRAIN,no,7,v40c_01585,orig_singleton_frame_02813
frame_02814,data/images/frame_02814.npy,TRAIN,TRAIN,no,7,v40c_01586,orig_rule_01641
frame_02815,data/images/frame_02815.npy,TRAIN,TRAIN,no,7,v40c_01586,orig_rule_01641
frame_02816,data/images/frame_02816.npy,TRAIN,TRAIN,no,7,v40c_01587,orig_singleton_frame_02816
frame_02817,data/images/frame_02817.npy,TRAIN,TRAIN,no,8,v40c_01588,orig_singleton_frame_02817
frame_02818,data/images/frame_02818.npy,TRAIN,TRAIN,no,8,v40c_01589,orig_singleton_frame_02818
frame_02819,data/images/frame_02819.npy,TRAIN,TRAIN,no,8,v40c_01583,orig_rule_01638
frame_02820,data/images/frame_02820.npy,TRAIN,TRAIN,no,8,v40c_01590,orig_singleton_frame_02820
frame_02821,data/images/frame_02821.npy,TRAIN,TRAIN,no,8,v40c_01580,orig_rule_01635
frame_02822,data/images/frame_02822.npy,TRAIN,TRAIN,no,8,v40c_01591,orig_singleton_frame_02822
frame_02823,data/images/frame_02823.npy,TRAIN,TRAIN,no,7,v40c_01592,orig_singleton_frame_02823
frame_02824,data/images/frame_02824.npy,TRAIN,TRAIN,no,7,v40c_01593,orig_singleton_frame_02824
frame_02825,data/images/frame_02825.npy,TRAIN,TRAIN,no,7,v40c_01594,orig_singleton_frame_02825
frame_02826,data/images/frame_02826.npy,TRAIN,TRAIN,no,6,v40c_01595,orig_singleton_frame_02826
frame_02827,data/images/frame_02827.npy,TRAIN,TRAIN,no,6,v40c_01596,orig_singleton_frame_02827
frame_02828,data/images/frame_02828.npy,TRAIN,TRAIN,no,6,v40c_01597,orig_singleton_frame_02828
frame_02829,data/images/frame_02829.npy,TRAIN,TRAIN,no,6,v40c_01598,orig_rule_01653
frame_02830,data/images/frame_02830.npy,TRAIN,TRAIN,no,6,v40c_01598,orig_rule_01653
frame_02831,data/images/frame_02831.npy,TRAIN,TRAIN,no,6,v40c_01599,orig_singleton_frame_02831
frame_02832,data/images/frame_02832.npy,TRAIN,TRAIN,no,6,v40c_01600,orig_rule_01655
frame_02833,data/images/frame_02833.npy,TRAIN,TRAIN,no,6,v40c_01600,orig_rule_01655
frame_02834,data/images/frame_02834.npy,TRAIN,TRAIN,no,6,v40c_01600,orig_rule_01655
frame_02835,data/images/frame_02835.npy,TRAIN,TRAIN,no,6,v40c_01600,orig_rule_01655
frame_02836,data/images/frame_02836.npy,TRAIN,TRAIN,no,6,v40c_01600,orig_rule_01655
frame_02837,data/images/frame_02837.npy,TRAIN,TRAIN,no,6,v40c_01601,orig_rule_01656
frame_02838,data/images/frame_02838.npy,TRAIN,TRAIN,no,6,v40c_01601,orig_rule_01656
frame_02839,data/images/frame_02839.npy,TRAIN,TRAIN,no,6,v40c_01602,orig_singleton_frame_02839
frame_02840,data/images/frame_02840.npy,TRAIN,TRAIN,no,5,v40c_01601,orig_rule_01656
frame_02841,data/images/frame_02841.npy,TRAIN,TRAIN,no,5,v40c_01601,orig_rule_01656
frame_02842,data/images/frame_02842.npy,TRAIN,TRAIN,no,5,v40c_01600,orig_rule_01655
frame_02843,data/images/frame_02843.npy,TRAIN,TRAIN,no,6,v40c_01600,orig_rule_01655
frame_02844,data/images/frame_02844.npy,TRAIN,TRAIN,no,6,v40c_01600,orig_rule_01655
frame_02845,data/images/frame_02845.npy,TRAIN,TRAIN,no,6,v40c_01600,orig_rule_01655
frame_02846,data/images/frame_02846.npy,TRAIN,TRAIN,no,6,v40c_01603,orig_singleton_frame_02846
frame_02847,data/images/frame_02847.npy,TRAIN,TRAIN,no,6,v40c_01604,orig_singleton_frame_02847
frame_02848,data/images/frame_02848.npy,TRAIN,TRAIN,no,6,v40c_01605,orig_singleton_frame_02848
frame_02849,data/images/frame_02849.npy,TRAIN,TRAIN,no,6,v40c_01606,orig_rule_01661
frame_02850,data/images/frame_02850.npy,TRAIN,TRAIN,no,6,v40c_01606,orig_rule_01661
frame_02851,data/images/frame_02851.npy,TRAIN,TRAIN,no,6,v40c_01607,orig_singleton_frame_02851
frame_02852,data/images/frame_02852.npy,TRAIN,TRAIN,no,7,v40c_01608,orig_singleton_frame_02852
frame_02853,data/images/frame_02853.npy,TRAIN,TRAIN,no,7,v40c_01609,orig_singleton_frame_02853
frame_02854,data/images/frame_02854.npy,TRAIN,TRAIN,no,7,v40c_01600,orig_rule_01655
frame_02855,data/images/frame_02855.npy,TRAIN,TRAIN,no,7,v40c_01600,orig_rule_01655
frame_02856,data/images/frame_02856.npy,TRAIN,TRAIN,no,7,v40c_01600,orig_rule_01655
frame_02857,data/images/frame_02857.npy,TRAIN,TRAIN,no,7,v40c_01600,orig_rule_01655
frame_02858,data/images/frame_02858.npy,TRAIN,TRAIN,no,7,v40c_01600,orig_rule_01655
frame_02859,data/images/frame_02859.npy,TRAIN,TRAIN,no,7,v40c_01600,orig_rule_01655
frame_02860,data/images/frame_02860.npy,TRAIN,TRAIN,no,6,v40c_01600,orig_rule_01655
frame_02861,data/images/frame_02861.npy,TRAIN,TRAIN,no,6,v40c_01600,orig_rule_01655
frame_02862,data/images/frame_02862.npy,TRAIN,TRAIN,no,6,v40c_01600,orig_rule_01655
frame_02863,data/images/frame_02863.npy,TRAIN,TRAIN,no,6,v40c_01600,orig_rule_01655
frame_02880,data/images/frame_02880.npy,VALIDATION,VALIDATION,no,6,v40c_01610,orig_rule_01665
frame_02881,data/images/frame_02881.npy,VALIDATION,VALIDATION,no,6,v40c_01610,orig_rule_01665
frame_02882,data/images/frame_02882.npy,VALIDATION,VALIDATION,no,6,v40c_01610,orig_rule_01665
frame_02883,data/images/frame_02883.npy,VALIDATION,VALIDATION,no,6,v40c_01610,orig_rule_01665
frame_02884,data/images/frame_02884.npy,VALIDATION,VALIDATION,no,6,v40c_01611,orig_singleton_frame_02884
frame_02885,data/images/frame_02885.npy,VALIDATION,VALIDATION,no,6,v40c_01612,orig_rule_01667
frame_02886,data/images/frame_02886.npy,VALIDATION,VALIDATION,no,6,v40c_01612,orig_rule_01667
frame_02887,data/images/frame_02887.npy,VALIDATION,VALIDATION,no,6,v40c_01613,orig_singleton_frame_02887
frame_02888,data/images/frame_02888.npy,VALIDATION,VALIDATION,no,5,v40c_01614,orig_rule_01669
frame_02889,data/images/frame_02889.npy,VALIDATION,VALIDATION,no,5,v40c_01614,orig_rule_01669
frame_02890,data/images/frame_02890.npy,VALIDATION,VALIDATION,no,5,v40c_01614,orig_rule_01669
frame_02891,data/images/frame_02891.npy,VALIDATION,VALIDATION,no,4,v40c_01615,orig_singleton_frame_02891
frame_02892,data/images/frame_02892.npy,VALIDATION,VALIDATION,no,4,v40c_01616,orig_rule_01671
frame_02893,data/images/frame_02893.npy,VALIDATION,VALIDATION,no,4,v40c_01616,orig_rule_01671
frame_02894,data/images/frame_02894.npy,VALIDATION,VALIDATION,no,5,v40c_01616,orig_rule_01671
frame_02895,data/images/frame_02895.npy,VALIDATION,VALIDATION,no,5,v40c_01616,orig_rule_01671
frame_02896,data/images/frame_02896.npy,VALIDATION,VALIDATION,no,5,v40c_01616,orig_rule_01671
frame_02897,data/images/frame_02897.npy,VALIDATION,VALIDATION,no,4,v40c_01617,orig_singleton_frame_02897
frame_02898,data/images/frame_02898.npy,VALIDATION,VALIDATION,no,4,v40c_01618,orig_rule_01673
frame_02899,data/images/frame_02899.npy,VALIDATION,VALIDATION,no,4,v40c_01618,orig_rule_01673
frame_02900,data/images/frame_02900.npy,VALIDATION,VALIDATION,no,3,v40c_01618,orig_rule_01673
frame_02901,data/images/frame_02901.npy,VALIDATION,VALIDATION,no,3,v40c_01618,orig_rule_01673
frame_02902,data/images/frame_02902.npy,VALIDATION,VALIDATION,no,3,v40c_01618,orig_rule_01673
frame_02903,data/images/frame_02903.npy,VALIDATION,VALIDATION,no,3,v40c_01618,orig_rule_01673
frame_02904,data/images/frame_02904.npy,VALIDATION,VALIDATION,no,3,v40c_01618,orig_rule_01673
frame_02905,data/images/frame_02905.npy,VALIDATION,VALIDATION,no,3,v40c_01619,orig_singleton_frame_02905
frame_02906,data/images/frame_02906.npy,VALIDATION,VALIDATION,no,4,v40c_01620,orig_rule_01675
frame_02907,data/images/frame_02907.npy,VALIDATION,VALIDATION,no,4,v40c_01620,orig_rule_01675
frame_02908,data/images/frame_02908.npy,VALIDATION,VALIDATION,no,4,v40c_01620,orig_rule_01675
frame_02909,data/images/frame_02909.npy,VALIDATION,VALIDATION,no,4,v40c_01620,orig_rule_01675
frame_02910,data/images/frame_02910.npy,VALIDATION,VALIDATION,no,4,v40c_01620,orig_rule_01675
frame_02911,data/images/frame_02911.npy,VALIDATION,VALIDATION,no,4,v40c_01620,orig_rule_01675
frame_02912,data/images/frame_02912.npy,VALIDATION,VALIDATION,no,4,v40c_01621,orig_singleton_frame_02912
frame_02913,data/images/frame_02913.npy,VALIDATION,VALIDATION,no,4,v40c_01622,orig_rule_01677
frame_02914,data/images/frame_02914.npy,VALIDATION,VALIDATION,no,4,v40c_01622,orig_rule_01677
frame_02915,data/images/frame_02915.npy,VALIDATION,VALIDATION,no,4,v40c_01623,orig_singleton_frame_02915
frame_02916,data/images/frame_02916.npy,VALIDATION,VALIDATION,no,4,v40c_01624,orig_singleton_frame_02916
frame_02917,data/images/frame_02917.npy,VALIDATION,VALIDATION,no,4,v40c_01625,orig_singleton_frame_02917
frame_02918,data/images/frame_02918.npy,VALIDATION,VALIDATION,no,4,v40c_01626,orig_singleton_frame_02918
frame_02919,data/images/frame_02919.npy,VALIDATION,VALIDATION,no,3,v40c_01627,orig_singleton_frame_02919
frame_02920,data/images/frame_02920.npy,VALIDATION,VALIDATION,no,3,v40c_01628,orig_singleton_frame_02920
frame_02921,data/images/frame_02921.npy,VALIDATION,VALIDATION,no,3,v40c_01629,orig_singleton_frame_02921
frame_02922,data/images/frame_02922.npy,VALIDATION,VALIDATION,no,3,v40c_01630,orig_singleton_frame_02922
frame_02923,data/images/frame_02923.npy,VALIDATION,VALIDATION,no,3,v40c_01631,orig_singleton_frame_02923
frame_02924,data/images/frame_02924.npy,VALIDATION,VALIDATION,no,2,v40c_01632,orig_singleton_frame_02924
frame_02925,data/images/frame_02925.npy,VALIDATION,VALIDATION,no,3,v40c_01633,orig_rule_01688
frame_02926,data/images/frame_02926.npy,VALIDATION,VALIDATION,no,3,v40c_01633,orig_rule_01688
frame_02927,data/images/frame_02927.npy,VALIDATION,VALIDATION,no,2,v40c_01633,orig_rule_01688
frame_02928,data/images/frame_02928.npy,VALIDATION,VALIDATION,no,3,v40c_01634,orig_rule_01689
frame_02929,data/images/frame_02929.npy,VALIDATION,VALIDATION,no,1,v40c_01634,orig_rule_01689
frame_02930,data/images/frame_02930.npy,VALIDATION,VALIDATION,no,1,v40c_01635,orig_rule_01690
frame_02931,data/images/frame_02931.npy,VALIDATION,VALIDATION,no,1,v40c_01635,orig_rule_01690
frame_02932,data/images/frame_02932.npy,VALIDATION,VALIDATION,no,1,v40c_01636,orig_rule_01691
frame_02933,data/images/frame_02933.npy,VALIDATION,VALIDATION,no,1,v40c_01636,orig_rule_01691
frame_02934,data/images/frame_02934.npy,VALIDATION,VALIDATION,no,1,v40c_01637,orig_rule_01692
frame_02935,data/images/frame_02935.npy,VALIDATION,VALIDATION,no,1,v40c_01637,orig_rule_01692
frame_02936,data/images/frame_02936.npy,VALIDATION,VALIDATION,no,1,v40c_01638,orig_singleton_frame_02936
frame_02937,data/images/frame_02937.npy,VALIDATION,VALIDATION,no,1,v40c_01639,orig_singleton_frame_02937
frame_02938,data/images/frame_02938.npy,VALIDATION,VALIDATION,no,1,v40c_01640,orig_singleton_frame_02938
frame_02939,data/images/frame_02939.npy,VALIDATION,VALIDATION,no,2,v40c_01641,orig_singleton_frame_02939
frame_02940,data/images/frame_02940.npy,VALIDATION,VALIDATION,no,2,v40c_01642,orig_singleton_frame_02940
frame_02941,data/images/frame_02941.npy,VALIDATION,VALIDATION,no,2,v40c_01643,orig_singleton_frame_02941
frame_02942,data/images/frame_02942.npy,VALIDATION,VALIDATION,no,1,v40c_01644,orig_singleton_frame_02942
frame_02943,data/images/frame_02943.npy,VALIDATION,VALIDATION,no,1,v40c_01645,orig_singleton_frame_02943
frame_02960,data/images/frame_02960.npy,TRAIN,TRAIN,no,1,v40c_01646,orig_singleton_frame_02960
frame_02961,data/images/frame_02961.npy,TRAIN,TRAIN,no,0,v40c_01647,orig_singleton_frame_02961
frame_02962,data/images/frame_02962.npy,TRAIN,TRAIN,no,0,v40c_01648,orig_singleton_frame_02962
frame_02963,data/images/frame_02963.npy,TRAIN,TRAIN,no,0,v40c_01649,orig_rule_01704
frame_02964,data/images/frame_02964.npy,TRAIN,TRAIN,no,0,v40c_01649,orig_rule_01704
frame_02965,data/images/frame_02965.npy,TRAIN,TRAIN,no,0,v40c_01650,orig_singleton_frame_02965
frame_02966,data/images/frame_02966.npy,TRAIN,TRAIN,no,1,v40c_01651,orig_rule_01706
frame_02967,data/images/frame_02967.npy,TRAIN,TRAIN,no,2,v40c_01651,orig_rule_01706
frame_02968,data/images/frame_02968.npy,TRAIN,TRAIN,no,2,v40c_01652,orig_singleton_frame_02968
frame_02969,data/images/frame_02969.npy,TRAIN,TRAIN,no,2,v40c_01653,orig_singleton_frame_02969
frame_02970,data/images/frame_02970.npy,TRAIN,TRAIN,no,2,v40c_01654,orig_singleton_frame_02970
frame_02971,data/images/frame_02971.npy,TRAIN,TRAIN,no,2,v40c_01655,orig_singleton_frame_02971
frame_02972,data/images/frame_02972.npy,TRAIN,TRAIN,no,2,v40c_01656,orig_singleton_frame_02972
frame_02973,data/images/frame_02973.npy,TRAIN,TRAIN,no,2,v40c_01657,orig_singleton_frame_02973
frame_02974,data/images/frame_02974.npy,TRAIN,TRAIN,no,2,v40c_01658,orig_singleton_frame_02974
frame_02975,data/images/frame_02975.npy,TRAIN,TRAIN,no,2,v40c_01659,orig_singleton_frame_02975
frame_02976,data/images/frame_02976.npy,TRAIN,TRAIN,no,2,v40c_01660,orig_singleton_frame_02976
frame_02977,data/images/frame_02977.npy,TRAIN,TRAIN,no,2,v40c_01661,orig_singleton_frame_02977
frame_02978,data/images/frame_02978.npy,TRAIN,TRAIN,no,2,v40c_01662,orig_singleton_frame_02978
frame_02979,data/images/frame_02979.npy,TRAIN,TRAIN,no,2,v40c_01663,orig_singleton_frame_02979
frame_02980,data/images/frame_02980.npy,TRAIN,TRAIN,no,2,v40c_01664,orig_singleton_frame_02980
frame_02981,data/images/frame_02981.npy,TRAIN,TRAIN,no,2,v40c_01665,orig_singleton_frame_02981
frame_02982,data/images/frame_02982.npy,TRAIN,TRAIN,no,2,v40c_01666,orig_singleton_frame_02982
frame_02983,data/images/frame_02983.npy,TRAIN,TRAIN,no,2,v40c_01667,orig_singleton_frame_02983
frame_02984,data/images/frame_02984.npy,TRAIN,TRAIN,no,3,v40c_01668,orig_singleton_frame_02984
frame_02985,data/images/frame_02985.npy,TRAIN,TRAIN,no,4,v40c_01669,orig_rule_01724
frame_02986,data/images/frame_02986.npy,TRAIN,TRAIN,no,5,v40c_01669,orig_rule_01724
frame_02987,data/images/frame_02987.npy,TRAIN,TRAIN,no,4,v40c_01669,orig_rule_01724
frame_02988,data/images/frame_02988.npy,TRAIN,TRAIN,no,4,v40c_01669,orig_rule_01724
frame_02989,data/images/frame_02989.npy,TRAIN,TRAIN,no,4,v40c_01670,orig_singleton_frame_02989
frame_02990,data/images/frame_02990.npy,TRAIN,TRAIN,no,4,v40c_01671,orig_rule_01726
frame_02991,data/images/frame_02991.npy,TRAIN,TRAIN,no,4,v40c_01671,orig_rule_01726
frame_02992,data/images/frame_02992.npy,TRAIN,TRAIN,no,4,v40c_01672,orig_singleton_frame_02992
frame_02993,data/images/frame_02993.npy,TRAIN,TRAIN,no,4,v40c_01673,orig_singleton_frame_02993
frame_02994,data/images/frame_02994.npy,TRAIN,TRAIN,no,4,v40c_01674,orig_singleton_frame_02994
frame_02995,data/images/frame_02995.npy,TRAIN,TRAIN,no,4,v40c_01675,orig_rule_01730
frame_02996,data/images/frame_02996.npy,TRAIN,TRAIN,no,3,v40c_01675,orig_rule_01730
frame_02997,data/images/frame_02997.npy,TRAIN,TRAIN,no,3,v40c_01676,orig_singleton_frame_02997
frame_02998,data/images/frame_02998.npy,TRAIN,TRAIN,no,3,v40c_01677,orig_singleton_frame_02998
frame_02999,data/images/frame_02999.npy,TRAIN,TRAIN,no,4,v40c_01678,orig_singleton_frame_02999
frame_03000,data/images/frame_03000.npy,TRAIN,TRAIN,no,3,v40c_01679,orig_singleton_frame_03000
frame_03001,data/images/frame_03001.npy,TRAIN,TRAIN,no,3,v40c_01680,orig_rule_01735
frame_03002,data/images/frame_03002.npy,TRAIN,TRAIN,no,3,v40c_01680,orig_rule_01735
frame_03003,data/images/frame_03003.npy,TRAIN,TRAIN,no,3,v40c_01681,orig_singleton_frame_03003
frame_03004,data/images/frame_03004.npy,TRAIN,TRAIN,no,3,v40c_01682,orig_singleton_frame_03004
frame_03005,data/images/frame_03005.npy,TRAIN,TRAIN,no,2,v40c_01683,orig_rule_01738
frame_03006,data/images/frame_03006.npy,TRAIN,TRAIN,no,2,v40c_01683,orig_rule_01738
frame_03007,data/images/frame_03007.npy,TRAIN,TRAIN,no,2,v40c_01684,orig_singleton_frame_03007
frame_03008,data/images/frame_03008.npy,TRAIN,TRAIN,no,2,v40c_01685,orig_singleton_frame_03008
frame_03009,data/images/frame_03009.npy,TRAIN,TRAIN,no,2,v40c_01686,orig_singleton_frame_03009
frame_03010,data/images/frame_03010.npy,TRAIN,TRAIN,no,2,v40c_01687,orig_singleton_frame_03010
frame_03011,data/images/frame_03011.npy,TRAIN,TRAIN,no,2,v40c_01688,orig_singleton_frame_03011
frame_03012,data/images/frame_03012.npy,TRAIN,TRAIN,no,2,v40c_01689,orig_singleton_frame_03012
frame_03013,data/images/frame_03013.npy,TRAIN,TRAIN,no,2,v40c_01690,orig_singleton_frame_03013
frame_03014,data/images/frame_03014.npy,TRAIN,TRAIN,no,2,v40c_01691,orig_singleton_frame_03014
frame_03015,data/images/frame_03015.npy,TRAIN,TRAIN,no,2,v40c_01692,orig_singleton_frame_03015
frame_03016,data/images/frame_03016.npy,TRAIN,TRAIN,no,2,v40c_01693,orig_singleton_frame_03016
frame_03017,data/images/frame_03017.npy,TRAIN,TRAIN,no,2,v40c_01694,orig_singleton_frame_03017
frame_03018,data/images/frame_03018.npy,TRAIN,TRAIN,no,2,v40c_01695,orig_singleton_frame_03018
frame_03019,data/images/frame_03019.npy,TRAIN,TRAIN,no,2,v40c_01696,orig_singleton_frame_03019
frame_03020,data/images/frame_03020.npy,TRAIN,TRAIN,no,2,v40c_01697,orig_singleton_frame_03020
frame_03021,data/images/frame_03021.npy,TRAIN,TRAIN,no,1,v40c_01698,orig_singleton_frame_03021
frame_03022,data/images/frame_03022.npy,TRAIN,TRAIN,no,1,v40c_01699,orig_rule_01754
frame_03023,data/images/frame_03023.npy,TRAIN,TRAIN,no,1,v40c_01699,orig_rule_01754
frame_03024,data/images/frame_03024.npy,TRAIN,TRAIN,no,1,v40c_01700,orig_singleton_frame_03024
frame_03025,data/images/frame_03025.npy,TRAIN,TRAIN,no,1,v40c_01701,orig_singleton_frame_03025
frame_03026,data/images/frame_03026.npy,TRAIN,TRAIN,no,1,v40c_01702,orig_singleton_frame_03026
frame_03027,data/images/frame_03027.npy,TRAIN,TRAIN,no,1,v40c_01703,orig_singleton_frame_03027
frame_03028,data/images/frame_03028.npy,TRAIN,TRAIN,no,1,v40c_01704,orig_singleton_frame_03028
frame_03029,data/images/frame_03029.npy,TRAIN,TRAIN,no,1,v40c_01705,orig_singleton_frame_03029
frame_03030,data/images/frame_03030.npy,TRAIN,TRAIN,no,1,v40c_01706,orig_rule_01761
frame_03031,data/images/frame_03031.npy,TRAIN,TRAIN,no,1,v40c_01706,orig_rule_01761
frame_03032,data/images/frame_03032.npy,TRAIN,TRAIN,no,1,v40c_01706,orig_rule_01761
frame_03033,data/images/frame_03033.npy,TRAIN,TRAIN,no,1,v40c_01706,orig_rule_01761
frame_03034,data/images/frame_03034.npy,TRAIN,TRAIN,no,1,v40c_01707,orig_singleton_frame_03034
frame_03035,data/images/frame_03035.npy,TRAIN,TRAIN,no,1,v40c_01708,orig_rule_01763
frame_03036,data/images/frame_03036.npy,TRAIN,TRAIN,no,1,v40c_01708,orig_rule_01763
frame_03037,data/images/frame_03037.npy,TRAIN,TRAIN,no,1,v40c_01708,orig_rule_01763
frame_03038,data/images/frame_03038.npy,TRAIN,TRAIN,no,1,v40c_01708,orig_rule_01763
frame_03039,data/images/frame_03039.npy,TRAIN,TRAIN,no,2,v40c_01709,orig_singleton_frame_03039
frame_03040,data/images/frame_03040.npy,TRAIN,TRAIN,no,2,v40c_01710,orig_singleton_frame_03040
frame_03041,data/images/frame_03041.npy,TRAIN,TRAIN,no,2,v40c_01711,orig_rule_01766
frame_03042,data/images/frame_03042.npy,TRAIN,TRAIN,no,2,v40c_01711,orig_rule_01766
frame_03043,data/images/frame_03043.npy,TRAIN,TRAIN,no,2,v40c_01712,orig_singleton_frame_03043
frame_03044,data/images/frame_03044.npy,TRAIN,TRAIN,no,3,v40c_01713,orig_singleton_frame_03044
frame_03045,data/images/frame_03045.npy,TRAIN,TRAIN,no,3,v40c_01714,orig_singleton_frame_03045
frame_03046,data/images/frame_03046.npy,TRAIN,TRAIN,no,3,v40c_01715,orig_rule_01770
frame_03047,data/images/frame_03047.npy,TRAIN,TRAIN,no,3,v40c_01715,orig_rule_01770
frame_03048,data/images/frame_03048.npy,TRAIN,TRAIN,no,3,v40c_01715,orig_rule_01770
frame_03049,data/images/frame_03049.npy,TRAIN,TRAIN,no,3,v40c_01716,orig_rule_01771
frame_03050,data/images/frame_03050.npy,TRAIN,TRAIN,no,2,v40c_01716,orig_rule_01771
frame_03051,data/images/frame_03051.npy,TRAIN,TRAIN,no,2,v40c_01717,orig_singleton_frame_03051
frame_03052,data/images/frame_03052.npy,TRAIN,TRAIN,no,2,v40c_01718,orig_rule_01773
frame_03053,data/images/frame_03053.npy,TRAIN,TRAIN,no,2,v40c_01718,orig_rule_01773
frame_03054,data/images/frame_03054.npy,TRAIN,TRAIN,no,2,v40c_01719,orig_rule_01774
frame_03055,data/images/frame_03055.npy,TRAIN,TRAIN,no,2,v40c_01719,orig_rule_01774
frame_03056,data/images/frame_03056.npy,TRAIN,TRAIN,no,2,v40c_01720,orig_singleton_frame_03056
frame_03057,data/images/frame_03057.npy,TRAIN,TRAIN,no,2,v40c_01721,orig_singleton_frame_03057
frame_03058,data/images/frame_03058.npy,TRAIN,TRAIN,no,2,v40c_01722,orig_singleton_frame_03058
frame_03059,data/images/frame_03059.npy,TRAIN,TRAIN,no,2,v40c_01723,orig_singleton_frame_03059
frame_03060,data/images/frame_03060.npy,TRAIN,TRAIN,no,2,v40c_01724,orig_rule_01779
frame_03061,data/images/frame_03061.npy,TRAIN,TRAIN,no,2,v40c_01724,orig_rule_01779
frame_03062,data/images/frame_03062.npy,TRAIN,TRAIN,no,2,v40c_01724,orig_rule_01779
frame_03063,data/images/frame_03063.npy,TRAIN,TRAIN,no,2,v40c_01724,orig_rule_01779
frame_03064,data/images/frame_03064.npy,TRAIN,TRAIN,no,2,v40c_01724,orig_rule_01779
frame_03065,data/images/frame_03065.npy,TRAIN,TRAIN,no,2,v40c_01724,orig_rule_01779
frame_03066,data/images/frame_03066.npy,TRAIN,TRAIN,no,2,v40c_01724,orig_rule_01779
frame_03067,data/images/frame_03067.npy,TRAIN,TRAIN,no,2,v40c_01724,orig_rule_01779
frame_03068,data/images/frame_03068.npy,TRAIN,TRAIN,no,2,v40c_01725,orig_singleton_frame_03068
frame_03069,data/images/frame_03069.npy,TRAIN,TRAIN,no,2,v40c_01726,orig_singleton_frame_03069
frame_03070,data/images/frame_03070.npy,TRAIN,TRAIN,no,2,v40c_01727,orig_singleton_frame_03070
frame_03071,data/images/frame_03071.npy,TRAIN,TRAIN,no,2,v40c_01728,orig_singleton_frame_03071
frame_03072,data/images/frame_03072.npy,TRAIN,TRAIN,no,2,v40c_01729,orig_singleton_frame_03072
frame_03073,data/images/frame_03073.npy,TRAIN,TRAIN,no,2,v40c_01730,orig_singleton_frame_03073
frame_03074,data/images/frame_03074.npy,TRAIN,TRAIN,no,2,v40c_01731,orig_singleton_frame_03074
frame_03075,data/images/frame_03075.npy,TRAIN,TRAIN,no,2,v40c_01732,orig_singleton_frame_03075
frame_03076,data/images/frame_03076.npy,TRAIN,TRAIN,no,2,v40c_01733,orig_singleton_frame_03076
frame_03077,data/images/frame_03077.npy,TRAIN,TRAIN,no,2,v40c_01734,orig_rule_01789
frame_03078,data/images/frame_03078.npy,TRAIN,TRAIN,no,2,v40c_01734,orig_rule_01789
frame_03079,data/images/frame_03079.npy,TRAIN,TRAIN,no,2,v40c_01735,orig_rule_01790
frame_03080,data/images/frame_03080.npy,TRAIN,TRAIN,no,2,v40c_01735,orig_rule_01790
frame_03081,data/images/frame_03081.npy,TRAIN,TRAIN,no,2,v40c_01736,orig_singleton_frame_03081
frame_03082,data/images/frame_03082.npy,TRAIN,TRAIN,no,2,v40c_01737,orig_singleton_frame_03082
frame_03083,data/images/frame_03083.npy,TRAIN,TRAIN,no,3,v40c_01735,orig_rule_01790
frame_03084,data/images/frame_03084.npy,TRAIN,TRAIN,no,3,v40c_01735,orig_rule_01790
frame_03085,data/images/frame_03085.npy,TRAIN,TRAIN,no,3,v40c_01738,orig_singleton_frame_03085
frame_03086,data/images/frame_03086.npy,TRAIN,TRAIN,no,2,v40c_01739,orig_singleton_frame_03086
frame_03087,data/images/frame_03087.npy,TRAIN,TRAIN,no,3,v40c_01740,orig_singleton_frame_03087
frame_03088,data/images/frame_03088.npy,TRAIN,TRAIN,no,3,v40c_01741,orig_singleton_frame_03088
frame_03089,data/images/frame_03089.npy,TRAIN,TRAIN,no,3,v40c_01742,orig_singleton_frame_03089
frame_03090,data/images/frame_03090.npy,TRAIN,TRAIN,no,3,v40c_01743,orig_singleton_frame_03090
frame_03091,data/images/frame_03091.npy,TRAIN,TRAIN,no,3,v40c_01744,orig_singleton_frame_03091
frame_03092,data/images/frame_03092.npy,TRAIN,TRAIN,no,3,v40c_01745,orig_singleton_frame_03092
frame_03093,data/images/frame_03093.npy,TRAIN,TRAIN,no,3,v40c_01746,orig_rule_01801
frame_03094,data/images/frame_03094.npy,TRAIN,TRAIN,no,3,v40c_01746,orig_rule_01801
frame_03095,data/images/frame_03095.npy,TRAIN,TRAIN,no,2,v40c_01747,orig_singleton_frame_03095
frame_03096,data/images/frame_03096.npy,TRAIN,TRAIN,no,3,v40c_01748,orig_singleton_frame_03096
frame_03097,data/images/frame_03097.npy,TRAIN,TRAIN,no,3,v40c_01749,orig_singleton_frame_03097
frame_03098,data/images/frame_03098.npy,TRAIN,TRAIN,no,3,v40c_01750,orig_singleton_frame_03098
frame_03099,data/images/frame_03099.npy,TRAIN,TRAIN,no,3,v40c_01751,orig_singleton_frame_03099
frame_03100,data/images/frame_03100.npy,TRAIN,TRAIN,no,3,v40c_01752,orig_singleton_frame_03100
frame_03101,data/images/frame_03101.npy,TRAIN,TRAIN,no,3,v40c_01753,orig_singleton_frame_03101
frame_03102,data/images/frame_03102.npy,TRAIN,TRAIN,no,3,v40c_01754,orig_singleton_frame_03102
frame_03103,data/images/frame_03103.npy,TRAIN,TRAIN,no,3,v40c_01755,orig_singleton_frame_03103
frame_03104,data/images/frame_03104.npy,TRAIN,TRAIN,no,3,v40c_01756,orig_singleton_frame_03104
frame_03105,data/images/frame_03105.npy,TRAIN,TRAIN,no,3,v40c_01757,orig_singleton_frame_03105
frame_03106,data/images/frame_03106.npy,TRAIN,TRAIN,no,3,v40c_01758,orig_singleton_frame_03106
frame_03107,data/images/frame_03107.npy,TRAIN,TRAIN,no,3,v40c_01759,orig_singleton_frame_03107
frame_03108,data/images/frame_03108.npy,TRAIN,TRAIN,no,2,v40c_01760,orig_singleton_frame_03108
frame_03109,data/images/frame_03109.npy,TRAIN,TRAIN,no,2,v40c_01761,orig_singleton_frame_03109
frame_03110,data/images/frame_03110.npy,TRAIN,TRAIN,no,2,v40c_01762,orig_singleton_frame_03110
frame_03111,data/images/frame_03111.npy,TRAIN,TRAIN,no,3,v40c_01763,orig_rule_01818
frame_03112,data/images/frame_03112.npy,TRAIN,TRAIN,no,3,v40c_01763,orig_rule_01818
frame_03113,data/images/frame_03113.npy,TRAIN,TRAIN,no,3,v40c_01764,orig_singleton_frame_03113
frame_03114,data/images/frame_03114.npy,TRAIN,TRAIN,no,3,v40c_01765,orig_singleton_frame_03114
frame_03115,data/images/frame_03115.npy,TRAIN,TRAIN,no,3,v40c_01766,orig_singleton_frame_03115
frame_03116,data/images/frame_03116.npy,TRAIN,TRAIN,no,3,v40c_01767,orig_singleton_frame_03116
frame_03117,data/images/frame_03117.npy,TRAIN,TRAIN,no,3,v40c_01768,orig_singleton_frame_03117
frame_03118,data/images/frame_03118.npy,TRAIN,TRAIN,no,3,v40c_01769,orig_singleton_frame_03118
frame_03119,data/images/frame_03119.npy,TRAIN,TRAIN,no,3,v40c_01770,orig_singleton_frame_03119
frame_03120,data/images/frame_03120.npy,TRAIN,TRAIN,no,3,v40c_01771,orig_singleton_frame_03120
frame_03121,data/images/frame_03121.npy,TRAIN,TRAIN,no,4,v40c_01772,orig_singleton_frame_03121
frame_03122,data/images/frame_03122.npy,TRAIN,TRAIN,no,4,v40c_01773,orig_singleton_frame_03122
frame_03123,data/images/frame_03123.npy,TRAIN,TRAIN,no,4,v40c_01774,orig_singleton_frame_03123
frame_03124,data/images/frame_03124.npy,TRAIN,TRAIN,no,4,v40c_01775,orig_rule_01830
frame_03125,data/images/frame_03125.npy,TRAIN,TRAIN,no,4,v40c_01775,orig_rule_01830
frame_03126,data/images/frame_03126.npy,TRAIN,TRAIN,no,4,v40c_01776,orig_singleton_frame_03126
frame_03127,data/images/frame_03127.npy,TRAIN,TRAIN,no,4,v40c_01777,orig_rule_01832
frame_03128,data/images/frame_03128.npy,TRAIN,TRAIN,no,4,v40c_01777,orig_rule_01832
frame_03129,data/images/frame_03129.npy,TRAIN,TRAIN,no,4,v40c_01778,orig_singleton_frame_03129
frame_03130,data/images/frame_03130.npy,TRAIN,TRAIN,no,4,v40c_01779,orig_singleton_frame_03130
frame_03131,data/images/frame_03131.npy,TRAIN,TRAIN,no,4,v40c_01780,orig_singleton_frame_03131
frame_03132,data/images/frame_03132.npy,TRAIN,TRAIN,no,4,v40c_01781,orig_singleton_frame_03132
frame_03133,data/images/frame_03133.npy,TRAIN,TRAIN,no,4,v40c_01782,orig_singleton_frame_03133
frame_03134,data/images/frame_03134.npy,TRAIN,TRAIN,no,4,v40c_01783,orig_singleton_frame_03134
frame_03135,data/images/frame_03135.npy,TRAIN,TRAIN,no,4,v40c_01784,orig_singleton_frame_03135
frame_03136,data/images/frame_03136.npy,TRAIN,TRAIN,no,4,v40c_01785,orig_singleton_frame_03136
frame_03137,data/images/frame_03137.npy,TRAIN,TRAIN,no,4,v40c_01786,orig_singleton_frame_03137
frame_03138,data/images/frame_03138.npy,TRAIN,TRAIN,no,4,v40c_01787,orig_singleton_frame_03138
frame_03139,data/images/frame_03139.npy,TRAIN,TRAIN,no,4,v40c_01788,orig_singleton_frame_03139
frame_03140,data/images/frame_03140.npy,TRAIN,TRAIN,no,3,v40c_01789,orig_singleton_frame_03140
frame_03141,data/images/frame_03141.npy,TRAIN,TRAIN,no,3,v40c_01790,orig_singleton_frame_03141
frame_03142,data/images/frame_03142.npy,TRAIN,TRAIN,no,3,v40c_01791,orig_singleton_frame_03142
frame_03143,data/images/frame_03143.npy,TRAIN,TRAIN,no,3,v40c_01792,orig_singleton_frame_03143
frame_03144,data/images/frame_03144.npy,TRAIN,TRAIN,no,3,v40c_01793,orig_singleton_frame_03144
frame_03145,data/images/frame_03145.npy,TRAIN,TRAIN,no,3,v40c_01794,orig_singleton_frame_03145
frame_03146,data/images/frame_03146.npy,TRAIN,TRAIN,no,4,v40c_01795,orig_singleton_frame_03146
frame_03147,data/images/frame_03147.npy,TRAIN,TRAIN,no,4,v40c_01796,orig_singleton_frame_03147
frame_03148,data/images/frame_03148.npy,TRAIN,TRAIN,no,4,v40c_01797,orig_rule_01852
frame_03149,data/images/frame_03149.npy,TRAIN,TRAIN,no,4,v40c_01797,orig_rule_01852
frame_03150,data/images/frame_03150.npy,TRAIN,TRAIN,no,4,v40c_01798,orig_singleton_frame_03150
frame_03151,data/images/frame_03151.npy,TRAIN,TRAIN,no,4,v40c_01797,orig_rule_01852
frame_03152,data/images/frame_03152.npy,TRAIN,TRAIN,no,4,v40c_01799,orig_singleton_frame_03152
frame_03153,data/images/frame_03153.npy,TRAIN,TRAIN,no,4,v40c_01800,orig_singleton_frame_03153
frame_03154,data/images/frame_03154.npy,TRAIN,TRAIN,no,4,v40c_01801,orig_rule_01856
frame_03155,data/images/frame_03155.npy,TRAIN,TRAIN,no,5,v40c_01801,orig_rule_01856
frame_03156,data/images/frame_03156.npy,TRAIN,TRAIN,no,4,v40c_01802,orig_rule_01857
frame_03157,data/images/frame_03157.npy,TRAIN,TRAIN,no,5,v40c_01802,orig_rule_01857
frame_03158,data/images/frame_03158.npy,TRAIN,TRAIN,no,4,v40c_01802,orig_rule_01857
frame_03159,data/images/frame_03159.npy,TRAIN,TRAIN,no,5,v40c_01801,orig_rule_01856
frame_03160,data/images/frame_03160.npy,TRAIN,TRAIN,no,5,v40c_01803,orig_rule_01858
frame_03161,data/images/frame_03161.npy,TRAIN,TRAIN,no,5,v40c_01804,orig_singleton_frame_03161
frame_03162,data/images/frame_03162.npy,TRAIN,TRAIN,no,5,v40c_01803,orig_rule_01858
frame_03163,data/images/frame_03163.npy,TRAIN,TRAIN,no,5,v40c_01805,orig_rule_01860
frame_03164,data/images/frame_03164.npy,TRAIN,TRAIN,no,5,v40c_01805,orig_rule_01860
frame_03165,data/images/frame_03165.npy,TRAIN,TRAIN,no,5,v40c_01806,orig_singleton_frame_03165
frame_03166,data/images/frame_03166.npy,TRAIN,TRAIN,no,5,v40c_01807,orig_singleton_frame_03166
frame_03167,data/images/frame_03167.npy,TRAIN,TRAIN,no,5,v40c_01808,orig_singleton_frame_03167
frame_03168,data/images/frame_03168.npy,TRAIN,TRAIN,no,5,v40c_01809,orig_rule_01864
frame_03169,data/images/frame_03169.npy,TRAIN,TRAIN,no,5,v40c_01809,orig_rule_01864
frame_03170,data/images/frame_03170.npy,TRAIN,TRAIN,no,5,v40c_01810,orig_rule_01865
frame_03171,data/images/frame_03171.npy,TRAIN,TRAIN,no,5,v40c_01810,orig_rule_01865
frame_03172,data/images/frame_03172.npy,TRAIN,TRAIN,no,5,v40c_01811,orig_rule_01866
frame_03173,data/images/frame_03173.npy,TRAIN,TRAIN,no,5,v40c_01811,orig_rule_01866
frame_03174,data/images/frame_03174.npy,TRAIN,TRAIN,no,5,v40c_01812,orig_singleton_frame_03174
frame_03175,data/images/frame_03175.npy,TRAIN,TRAIN,no,5,v40c_01813,orig_singleton_frame_03175
frame_03176,data/images/frame_03176.npy,TRAIN,TRAIN,no,5,v40c_01814,orig_rule_01869
frame_03177,data/images/frame_03177.npy,TRAIN,TRAIN,no,5,v40c_01814,orig_rule_01869
frame_03178,data/images/frame_03178.npy,TRAIN,TRAIN,no,5,v40c_01815,orig_singleton_frame_03178
frame_03179,data/images/frame_03179.npy,TRAIN,TRAIN,no,5,v40c_01816,orig_singleton_frame_03179
frame_03180,data/images/frame_03180.npy,TRAIN,TRAIN,no,5,v40c_01817,orig_singleton_frame_03180
frame_03181,data/images/frame_03181.npy,TRAIN,TRAIN,no,5,v40c_01818,orig_singleton_frame_03181
frame_03182,data/images/frame_03182.npy,TRAIN,TRAIN,no,5,v40c_01819,orig_rule_01874
frame_03183,data/images/frame_03183.npy,TRAIN,TRAIN,no,5,v40c_01820,orig_singleton_frame_03183
frame_03184,data/images/frame_03184.npy,TRAIN,TRAIN,no,5,v40c_01821,orig_singleton_frame_03184
frame_03185,data/images/frame_03185.npy,TRAIN,TRAIN,no,4,v40c_01822,orig_singleton_frame_03185
frame_03186,data/images/frame_03186.npy,TRAIN,TRAIN,no,4,v40c_01819,orig_rule_01874
frame_03187,data/images/frame_03187.npy,TRAIN,TRAIN,no,4,v40c_01823,orig_singleton_frame_03187
frame_03188,data/images/frame_03188.npy,TRAIN,TRAIN,no,4,v40c_01824,orig_singleton_frame_03188
frame_03189,data/images/frame_03189.npy,TRAIN,TRAIN,no,4,v40c_01825,orig_singleton_frame_03189
frame_03190,data/images/frame_03190.npy,TRAIN,TRAIN,no,4,v40c_01826,orig_singleton_frame_03190
frame_03191,data/images/frame_03191.npy,TRAIN,TRAIN,no,4,v40c_01827,orig_singleton_frame_03191
frame_03192,data/images/frame_03192.npy,TRAIN,TRAIN,no,4,v40c_01828,orig_singleton_frame_03192
frame_03193,data/images/frame_03193.npy,TRAIN,TRAIN,no,4,v40c_01829,orig_singleton_frame_03193
frame_03194,data/images/frame_03194.npy,TRAIN,TRAIN,no,4,v40c_01830,orig_singleton_frame_03194
frame_03195,data/images/frame_03195.npy,TRAIN,TRAIN,no,4,v40c_01831,orig_singleton_frame_03195
frame_03196,data/images/frame_03196.npy,TRAIN,TRAIN,no,4,v40c_01832,orig_singleton_frame_03196
frame_03197,data/images/frame_03197.npy,TRAIN,TRAIN,no,4,v40c_01833,orig_singleton_frame_03197
frame_03198,data/images/frame_03198.npy,TRAIN,TRAIN,no,4,v40c_01834,orig_rule_01889
frame_03199,data/images/frame_03199.npy,TRAIN,TRAIN,no,4,v40c_01834,orig_rule_01889
frame_03200,data/images/frame_03200.npy,TRAIN,TRAIN,no,4,v40c_01835,orig_singleton_frame_03200
frame_03201,data/images/frame_03201.npy,TRAIN,TRAIN,no,4,v40c_01836,orig_singleton_frame_03201
frame_03202,data/images/frame_03202.npy,TRAIN,TRAIN,no,4,v40c_01837,orig_singleton_frame_03202
frame_03203,data/images/frame_03203.npy,TRAIN,TRAIN,no,4,v40c_01838,orig_singleton_frame_03203
frame_03204,data/images/frame_03204.npy,TRAIN,TRAIN,no,4,v40c_01839,orig_rule_01894
frame_03205,data/images/frame_03205.npy,TRAIN,TRAIN,no,4,v40c_01839,orig_rule_01894
frame_03206,data/images/frame_03206.npy,TRAIN,TRAIN,no,4,v40c_01839,orig_rule_01894
frame_03207,data/images/frame_03207.npy,TRAIN,TRAIN,no,4,v40c_01839,orig_rule_01894
frame_03208,data/images/frame_03208.npy,TRAIN,TRAIN,no,4,v40c_01839,orig_rule_01894
frame_03209,data/images/frame_03209.npy,TRAIN,TRAIN,no,4,v40c_01840,orig_singleton_frame_03209
frame_03210,data/images/frame_03210.npy,TRAIN,TRAIN,no,4,v40c_01841,orig_singleton_frame_03210
frame_03211,data/images/frame_03211.npy,TRAIN,TRAIN,no,4,v40c_01842,orig_singleton_frame_03211
frame_03212,data/images/frame_03212.npy,TRAIN,TRAIN,no,4,v40c_01843,orig_singleton_frame_03212
frame_03213,data/images/frame_03213.npy,TRAIN,TRAIN,no,4,v40c_01844,orig_singleton_frame_03213
frame_03214,data/images/frame_03214.npy,TRAIN,TRAIN,no,4,v40c_01845,orig_rule_01900
frame_03215,data/images/frame_03215.npy,TRAIN,TRAIN,no,3,v40c_01845,orig_rule_01900
frame_03216,data/images/frame_03216.npy,TRAIN,TRAIN,no,3,v40c_01845,orig_rule_01900
frame_03217,data/images/frame_03217.npy,TRAIN,TRAIN,no,3,v40c_01846,orig_rule_01901
frame_03218,data/images/frame_03218.npy,TRAIN,TRAIN,no,2,v40c_01847,orig_singleton_frame_03218
frame_03219,data/images/frame_03219.npy,TRAIN,TRAIN,no,2,v40c_01848,orig_singleton_frame_03219
frame_03220,data/images/frame_03220.npy,TRAIN,TRAIN,no,2,v40c_01846,orig_rule_01901
frame_03221,data/images/frame_03221.npy,TRAIN,TRAIN,no,2,v40c_01849,orig_singleton_frame_03221
frame_03222,data/images/frame_03222.npy,TRAIN,TRAIN,no,2,v40c_01850,orig_rule_01905
frame_03223,data/images/frame_03223.npy,TRAIN,TRAIN,no,2,v40c_01850,orig_rule_01905
frame_03224,data/images/frame_03224.npy,TRAIN,TRAIN,no,2,v40c_01851,orig_singleton_frame_03224
frame_03225,data/images/frame_03225.npy,TRAIN,TRAIN,no,2,v40c_01852,orig_rule_01907
frame_03226,data/images/frame_03226.npy,TRAIN,TRAIN,no,2,v40c_01852,orig_rule_01907
frame_03227,data/images/frame_03227.npy,TRAIN,TRAIN,no,2,v40c_01853,orig_rule_01908
frame_03228,data/images/frame_03228.npy,TRAIN,TRAIN,no,2,v40c_01853,orig_rule_01908
frame_03229,data/images/frame_03229.npy,TRAIN,TRAIN,no,2,v40c_01854,orig_rule_01909
frame_03230,data/images/frame_03230.npy,TRAIN,TRAIN,no,2,v40c_01854,orig_rule_01909
frame_03231,data/images/frame_03231.npy,TRAIN,TRAIN,no,2,v40c_01855,orig_singleton_frame_03231
frame_03232,data/images/frame_03232.npy,TRAIN,TRAIN,no,2,v40c_01856,orig_rule_01911
frame_03233,data/images/frame_03233.npy,TRAIN,TRAIN,no,2,v40c_01856,orig_rule_01911
frame_03234,data/images/frame_03234.npy,TRAIN,TRAIN,no,2,v40c_01857,orig_singleton_frame_03234
frame_03235,data/images/frame_03235.npy,TRAIN,TRAIN,no,2,v40c_01858,orig_singleton_frame_03235
frame_03236,data/images/frame_03236.npy,TRAIN,TRAIN,no,2,v40c_01853,orig_rule_01908
frame_03237,data/images/frame_03237.npy,TRAIN,TRAIN,no,2,v40c_01853,orig_rule_01908
frame_03238,data/images/frame_03238.npy,TRAIN,TRAIN,no,2,v40c_01853,orig_rule_01908
frame_03239,data/images/frame_03239.npy,TRAIN,TRAIN,no,2,v40c_01853,orig_rule_01908
frame_03240,data/images/frame_03240.npy,TRAIN,TRAIN,no,2,v40c_01853,orig_rule_01908
frame_03241,data/images/frame_03241.npy,TRAIN,TRAIN,no,2,v40c_01853,orig_rule_01908
frame_03242,data/images/frame_03242.npy,TRAIN,TRAIN,no,2,v40c_01853,orig_rule_01908
frame_03243,data/images/frame_03243.npy,TRAIN,TRAIN,no,2,v40c_01859,orig_singleton_frame_03243
frame_03244,data/images/frame_03244.npy,TRAIN,TRAIN,no,2,v40c_01860,orig_singleton_frame_03244
frame_03245,data/images/frame_03245.npy,TRAIN,TRAIN,no,2,v40c_01853,orig_rule_01908
frame_03246,data/images/frame_03246.npy,TRAIN,TRAIN,no,2,v40c_01861,orig_singleton_frame_03246
frame_03247,data/images/frame_03247.npy,TRAIN,TRAIN,no,2,v40c_01862,orig_singleton_frame_03247
frame_03248,data/images/frame_03248.npy,TRAIN,TRAIN,no,2,v40c_01863,orig_singleton_frame_03248
frame_03249,data/images/frame_03249.npy,TRAIN,TRAIN,no,2,v40c_01864,orig_singleton_frame_03249
frame_03250,data/images/frame_03250.npy,TRAIN,TRAIN,no,2,v40c_01865,orig_rule_01920
frame_03251,data/images/frame_03251.npy,TRAIN,TRAIN,no,2,v40c_01866,orig_singleton_frame_03251
frame_03252,data/images/frame_03252.npy,TRAIN,TRAIN,no,2,v40c_01867,orig_singleton_frame_03252
frame_03253,data/images/frame_03253.npy,TRAIN,TRAIN,no,2,v40c_01865,orig_rule_01920
frame_03254,data/images/frame_03254.npy,TRAIN,TRAIN,no,2,v40c_01868,orig_singleton_frame_03254
frame_03255,data/images/frame_03255.npy,TRAIN,TRAIN,no,2,v40c_01869,orig_singleton_frame_03255
frame_03256,data/images/frame_03256.npy,TRAIN,TRAIN,no,2,v40c_01870,orig_singleton_frame_03256
frame_03257,data/images/frame_03257.npy,TRAIN,TRAIN,no,2,v40c_01871,orig_singleton_frame_03257
frame_03258,data/images/frame_03258.npy,TRAIN,TRAIN,no,1,v40c_01872,orig_singleton_frame_03258
frame_03259,data/images/frame_03259.npy,TRAIN,TRAIN,no,1,v40c_01873,orig_rule_01928
frame_03260,data/images/frame_03260.npy,TRAIN,TRAIN,no,1,v40c_01873,orig_rule_01928
frame_03261,data/images/frame_03261.npy,TRAIN,TRAIN,no,1,v40c_01874,orig_singleton_frame_03261
frame_03262,data/images/frame_03262.npy,TRAIN,TRAIN,no,1,v40c_01875,orig_singleton_frame_03262
frame_03263,data/images/frame_03263.npy,TRAIN,TRAIN,no,0,v40c_01876,orig_singleton_frame_03263
frame_03264,data/images/frame_03264.npy,TRAIN,TRAIN,no,0,v40c_01877,orig_singleton_frame_03264
frame_03265,data/images/frame_03265.npy,TRAIN,TRAIN,no,0,v40c_01878,orig_singleton_frame_03265
frame_03266,data/images/frame_03266.npy,TRAIN,TRAIN,no,0,v40c_01879,orig_singleton_frame_03266
frame_03267,data/images/frame_03267.npy,TRAIN,TRAIN,no,0,v40c_01880,orig_singleton_frame_03267
frame_03268,data/images/frame_03268.npy,TRAIN,TRAIN,no,0,v40c_01881,orig_rule_01936
frame_03269,data/images/frame_03269.npy,TRAIN,TRAIN,no,0,v40c_01881,orig_rule_01936
frame_03270,data/images/frame_03270.npy,TRAIN,TRAIN,no,0,v40c_01881,orig_rule_01936
frame_03271,data/images/frame_03271.npy,TRAIN,TRAIN,no,0,v40c_01882,orig_singleton_frame_03271
frame_03272,data/images/frame_03272.npy,TRAIN,TRAIN,no,1,v40c_01883,orig_singleton_frame_03272
frame_03273,data/images/frame_03273.npy,TRAIN,TRAIN,no,1,v40c_01884,orig_singleton_frame_03273
frame_03274,data/images/frame_03274.npy,TRAIN,TRAIN,no,1,v40c_01885,orig_singleton_frame_03274
frame_03275,data/images/frame_03275.npy,TRAIN,TRAIN,no,0,v40c_01886,orig_singleton_frame_03275
frame_03276,data/images/frame_03276.npy,TRAIN,TRAIN,no,1,v40c_01887,orig_singleton_frame_03276
frame_03277,data/images/frame_03277.npy,TRAIN,TRAIN,no,1,v40c_01888,orig_singleton_frame_03277
frame_03278,data/images/frame_03278.npy,TRAIN,TRAIN,no,1,v40c_01889,orig_singleton_frame_03278
frame_03279,data/images/frame_03279.npy,TRAIN,TRAIN,no,1,v40c_01890,orig_singleton_frame_03279
frame_03280,data/images/frame_03280.npy,TRAIN,TRAIN,no,1,v40c_01891,orig_singleton_frame_03280
frame_03281,data/images/frame_03281.npy,TRAIN,TRAIN,no,1,v40c_01892,orig_singleton_frame_03281
frame_03282,data/images/frame_03282.npy,TRAIN,TRAIN,no,1,v40c_01893,orig_singleton_frame_03282
frame_03283,data/images/frame_03283.npy,TRAIN,TRAIN,no,1,v40c_01894,orig_singleton_frame_03283
frame_03284,data/images/frame_03284.npy,TRAIN,TRAIN,no,1,v40c_01895,orig_singleton_frame_03284
frame_03285,data/images/frame_03285.npy,TRAIN,TRAIN,no,1,v40c_01896,orig_singleton_frame_03285
frame_03286,data/images/frame_03286.npy,TRAIN,TRAIN,no,1,v40c_01897,orig_rule_01952
frame_03287,data/images/frame_03287.npy,TRAIN,TRAIN,no,1,v40c_01898,orig_singleton_frame_03287
frame_03288,data/images/frame_03288.npy,TRAIN,TRAIN,no,1,v40c_01899,orig_singleton_frame_03288
frame_03289,data/images/frame_03289.npy,TRAIN,TRAIN,no,1,v40c_01900,orig_singleton_frame_03289
frame_03290,data/images/frame_03290.npy,TRAIN,TRAIN,no,1,v40c_01897,orig_rule_01952
frame_03291,data/images/frame_03291.npy,TRAIN,TRAIN,no,1,v40c_01901,orig_singleton_frame_03291
frame_03292,data/images/frame_03292.npy,TRAIN,TRAIN,no,1,v40c_01902,orig_singleton_frame_03292
frame_03293,data/images/frame_03293.npy,TRAIN,TRAIN,no,1,v40c_01903,orig_singleton_frame_03293
frame_03294,data/images/frame_03294.npy,TRAIN,TRAIN,no,1,v40c_01904,orig_singleton_frame_03294
frame_03295,data/images/frame_03295.npy,TRAIN,TRAIN,no,1,v40c_01905,orig_singleton_frame_03295
frame_03296,data/images/frame_03296.npy,TRAIN,TRAIN,no,1,v40c_01906,orig_rule_01961
frame_03297,data/images/frame_03297.npy,TRAIN,TRAIN,no,1,v40c_01906,orig_rule_01961
frame_03298,data/images/frame_03298.npy,TRAIN,TRAIN,no,1,v40c_01906,orig_rule_01961
frame_03299,data/images/frame_03299.npy,TRAIN,TRAIN,no,2,v40c_01907,orig_singleton_frame_03299
frame_03300,data/images/frame_03300.npy,TRAIN,TRAIN,no,2,v40c_01908,orig_singleton_frame_03300
frame_03301,data/images/frame_03301.npy,TRAIN,TRAIN,no,2,v40c_01909,orig_rule_01964
frame_03302,data/images/frame_03302.npy,TRAIN,TRAIN,no,2,v40c_01909,orig_rule_01964
frame_03303,data/images/frame_03303.npy,TRAIN,TRAIN,no,2,v40c_01909,orig_rule_01964
frame_03304,data/images/frame_03304.npy,TRAIN,TRAIN,no,2,v40c_01910,orig_singleton_frame_03304
frame_03305,data/images/frame_03305.npy,TRAIN,TRAIN,no,2,v40c_01911,orig_singleton_frame_03305
frame_03306,data/images/frame_03306.npy,TRAIN,TRAIN,no,2,v40c_01912,orig_singleton_frame_03306
frame_03307,data/images/frame_03307.npy,TRAIN,TRAIN,no,2,v40c_01913,orig_singleton_frame_03307
frame_03308,data/images/frame_03308.npy,TRAIN,TRAIN,no,2,v40c_01914,orig_singleton_frame_03308
frame_03309,data/images/frame_03309.npy,TRAIN,TRAIN,no,2,v40c_01915,orig_singleton_frame_03309
frame_03310,data/images/frame_03310.npy,TRAIN,TRAIN,no,3,v40c_01916,orig_singleton_frame_03310
frame_03311,data/images/frame_03311.npy,TRAIN,TRAIN,no,3,v40c_01917,orig_singleton_frame_03311
frame_03312,data/images/frame_03312.npy,TRAIN,TRAIN,no,3,v40c_01918,orig_singleton_frame_03312
frame_03313,data/images/frame_03313.npy,TRAIN,TRAIN,no,3,v40c_01919,orig_singleton_frame_03313
frame_03314,data/images/frame_03314.npy,TRAIN,TRAIN,no,3,v40c_01920,orig_singleton_frame_03314
frame_03315,data/images/frame_03315.npy,TRAIN,TRAIN,no,3,v40c_01921,orig_singleton_frame_03315
frame_03316,data/images/frame_03316.npy,TRAIN,TRAIN,no,3,v40c_01922,orig_rule_01977
frame_03317,data/images/frame_03317.npy,TRAIN,TRAIN,no,3,v40c_01922,orig_rule_01977
frame_03318,data/images/frame_03318.npy,TRAIN,TRAIN,no,3,v40c_01923,orig_singleton_frame_03318
frame_03319,data/images/frame_03319.npy,TRAIN,TRAIN,no,2,v40c_01924,orig_singleton_frame_03319
frame_03320,data/images/frame_03320.npy,TRAIN,TRAIN,no,2,v40c_01925,orig_singleton_frame_03320
frame_03321,data/images/frame_03321.npy,TRAIN,TRAIN,no,3,v40c_01926,orig_singleton_frame_03321
frame_03322,data/images/frame_03322.npy,TRAIN,TRAIN,no,3,v40c_01927,orig_singleton_frame_03322
frame_03323,data/images/frame_03323.npy,TRAIN,TRAIN,no,3,v40c_01928,orig_singleton_frame_03323
frame_03324,data/images/frame_03324.npy,TRAIN,TRAIN,no,3,v40c_01929,orig_singleton_frame_03324
frame_03325,data/images/frame_03325.npy,TRAIN,TRAIN,no,2,v40c_01930,orig_rule_01985
frame_03326,data/images/frame_03326.npy,TRAIN,TRAIN,no,2,v40c_01931,orig_singleton_frame_03326
frame_03327,data/images/frame_03327.npy,TRAIN,TRAIN,no,2,v40c_01930,orig_rule_01985
frame_03328,data/images/frame_03328.npy,TRAIN,TRAIN,no,2,v40c_01932,orig_rule_01987
frame_03329,data/images/frame_03329.npy,TRAIN,TRAIN,no,2,v40c_01932,orig_rule_01987
frame_03330,data/images/frame_03330.npy,TRAIN,TRAIN,no,2,v40c_01933,orig_rule_01988
frame_03331,data/images/frame_03331.npy,TRAIN,TRAIN,no,2,v40c_01934,orig_singleton_frame_03331
frame_03332,data/images/frame_03332.npy,TRAIN,TRAIN,no,2,v40c_01933,orig_rule_01988
frame_03333,data/images/frame_03333.npy,TRAIN,TRAIN,no,2,v40c_01933,orig_rule_01988
frame_03334,data/images/frame_03334.npy,TRAIN,TRAIN,no,2,v40c_01933,orig_rule_01988
frame_03335,data/images/frame_03335.npy,TRAIN,TRAIN,no,2,v40c_01933,orig_rule_01988
frame_03336,data/images/frame_03336.npy,TRAIN,TRAIN,no,2,v40c_01933,orig_rule_01988
frame_03337,data/images/frame_03337.npy,TRAIN,TRAIN,no,2,v40c_01935,orig_singleton_frame_03337
frame_03338,data/images/frame_03338.npy,TRAIN,TRAIN,no,2,v40c_01936,orig_singleton_frame_03338
frame_03339,data/images/frame_03339.npy,TRAIN,TRAIN,no,2,v40c_01937,orig_singleton_frame_03339
frame_03340,data/images/frame_03340.npy,TRAIN,TRAIN,no,2,v40c_01938,orig_singleton_frame_03340
frame_03341,data/images/frame_03341.npy,TRAIN,TRAIN,no,2,v40c_01939,orig_singleton_frame_03341
frame_03342,data/images/frame_03342.npy,TRAIN,TRAIN,no,2,v40c_01940,orig_rule_01995
frame_03343,data/images/frame_03343.npy,TRAIN,TRAIN,no,1,v40c_01941,orig_singleton_frame_03343
frame_03344,data/images/frame_03344.npy,TRAIN,TRAIN,no,1,v40c_01942,orig_singleton_frame_03344
frame_03345,data/images/frame_03345.npy,TRAIN,TRAIN,no,1,v40c_01940,orig_rule_01995
frame_03346,data/images/frame_03346.npy,TRAIN,TRAIN,no,1,v40c_01940,orig_rule_01995
frame_03347,data/images/frame_03347.npy,TRAIN,TRAIN,no,1,v40c_01943,orig_singleton_frame_03347
frame_03348,data/images/frame_03348.npy,TRAIN,TRAIN,no,2,v40c_01944,orig_singleton_frame_03348
frame_03349,data/images/frame_03349.npy,TRAIN,TRAIN,no,2,v40c_01945,orig_rule_02000
frame_03350,data/images/frame_03350.npy,TRAIN,TRAIN,no,2,v40c_01945,orig_rule_02000
frame_03351,data/images/frame_03351.npy,TRAIN,TRAIN,no,2,v40c_01945,orig_rule_02000
frame_03352,data/images/frame_03352.npy,TRAIN,TRAIN,no,2,v40c_01945,orig_rule_02000
frame_03353,data/images/frame_03353.npy,TRAIN,TRAIN,no,2,v40c_01946,orig_singleton_frame_03353
frame_03354,data/images/frame_03354.npy,TRAIN,TRAIN,no,3,v40c_01947,orig_rule_02002
frame_03355,data/images/frame_03355.npy,TRAIN,TRAIN,no,3,v40c_01947,orig_rule_02002
frame_03356,data/images/frame_03356.npy,TRAIN,TRAIN,no,3,v40c_01947,orig_rule_02002
frame_03357,data/images/frame_03357.npy,TRAIN,TRAIN,no,3,v40c_01947,orig_rule_02002
frame_03358,data/images/frame_03358.npy,TRAIN,TRAIN,no,3,v40c_01947,orig_rule_02002
frame_03359,data/images/frame_03359.npy,TRAIN,TRAIN,no,3,v40c_01947,orig_rule_02002
frame_03360,data/images/frame_03360.npy,TRAIN,TRAIN,no,3,v40c_01947,orig_rule_02002
frame_03361,data/images/frame_03361.npy,TRAIN,TRAIN,no,3,v40c_01948,orig_rule_02003
frame_03362,data/images/frame_03362.npy,TRAIN,TRAIN,no,3,v40c_01948,orig_rule_02003
frame_03363,data/images/frame_03363.npy,TRAIN,TRAIN,no,3,v40c_01948,orig_rule_02003
frame_03364,data/images/frame_03364.npy,TRAIN,TRAIN,no,3,v40c_01948,orig_rule_02003
frame_03365,data/images/frame_03365.npy,TRAIN,TRAIN,no,3,v40c_01948,orig_rule_02003
frame_03366,data/images/frame_03366.npy,TRAIN,TRAIN,no,3,v40c_01948,orig_rule_02003
frame_03367,data/images/frame_03367.npy,TRAIN,TRAIN,no,3,v40c_01948,orig_rule_02003
frame_03368,data/images/frame_03368.npy,TRAIN,TRAIN,no,3,v40c_01948,orig_rule_02003
frame_03369,data/images/frame_03369.npy,TRAIN,TRAIN,no,3,v40c_01949,orig_singleton_frame_03369
frame_03370,data/images/frame_03370.npy,TRAIN,TRAIN,no,3,v40c_01950,orig_singleton_frame_03370
frame_03371,data/images/frame_03371.npy,TRAIN,TRAIN,no,3,v40c_01951,orig_singleton_frame_03371
frame_03372,data/images/frame_03372.npy,TRAIN,TRAIN,no,3,v40c_01952,orig_singleton_frame_03372
frame_03373,data/images/frame_03373.npy,TRAIN,TRAIN,no,3,v40c_01953,orig_rule_02008
frame_03374,data/images/frame_03374.npy,TRAIN,TRAIN,no,3,v40c_01953,orig_rule_02008
frame_03375,data/images/frame_03375.npy,TRAIN,TRAIN,no,3,v40c_01953,orig_rule_02008
frame_03376,data/images/frame_03376.npy,TRAIN,TRAIN,no,3,v40c_01954,orig_rule_02009
frame_03377,data/images/frame_03377.npy,TRAIN,TRAIN,no,3,v40c_01954,orig_rule_02009
frame_03378,data/images/frame_03378.npy,TRAIN,TRAIN,no,3,v40c_01955,orig_rule_02010
frame_03379,data/images/frame_03379.npy,TRAIN,TRAIN,no,3,v40c_01955,orig_rule_02010
frame_03380,data/images/frame_03380.npy,TRAIN,TRAIN,no,3,v40c_01956,orig_singleton_frame_03380
frame_03381,data/images/frame_03381.npy,TRAIN,TRAIN,no,3,v40c_01957,orig_singleton_frame_03381
frame_03382,data/images/frame_03382.npy,TRAIN,TRAIN,no,3,v40c_01958,orig_singleton_frame_03382
frame_03383,data/images/frame_03383.npy,TRAIN,TRAIN,no,3,v40c_01959,orig_singleton_frame_03383
frame_03384,data/images/frame_03384.npy,TRAIN,TRAIN,no,3,v40c_01960,orig_singleton_frame_03384
frame_03385,data/images/frame_03385.npy,TRAIN,TRAIN,no,3,v40c_01961,orig_singleton_frame_03385
frame_03386,data/images/frame_03386.npy,TRAIN,TRAIN,no,3,v40c_01962,orig_singleton_frame_03386
frame_03387,data/images/frame_03387.npy,TRAIN,TRAIN,no,3,v40c_01963,orig_rule_02018
frame_03388,data/images/frame_03388.npy,TRAIN,TRAIN,no,3,v40c_01963,orig_rule_02018
frame_03389,data/images/frame_03389.npy,TRAIN,TRAIN,no,3,v40c_01964,orig_singleton_frame_03389
frame_03390,data/images/frame_03390.npy,TRAIN,TRAIN,no,3,v40c_01965,orig_rule_02020
frame_03391,data/images/frame_03391.npy,TRAIN,TRAIN,no,3,v40c_01966,orig_singleton_frame_03391
frame_03392,data/images/frame_03392.npy,TRAIN,TRAIN,no,3,v40c_01967,orig_singleton_frame_03392
frame_03393,data/images/frame_03393.npy,TRAIN,TRAIN,no,3,v40c_01965,orig_rule_02020
frame_03394,data/images/frame_03394.npy,TRAIN,TRAIN,no,3,v40c_01968,orig_singleton_frame_03394
frame_03395,data/images/frame_03395.npy,TRAIN,TRAIN,no,3,v40c_01969,orig_singleton_frame_03395
frame_03396,data/images/frame_03396.npy,TRAIN,TRAIN,no,3,v40c_01970,orig_rule_02025
frame_03397,data/images/frame_03397.npy,TRAIN,TRAIN,no,3,v40c_01970,orig_rule_02025
frame_03398,data/images/frame_03398.npy,TRAIN,TRAIN,no,3,v40c_01971,orig_singleton_frame_03398
frame_03399,data/images/frame_03399.npy,TRAIN,TRAIN,no,3,v40c_01972,orig_singleton_frame_03399
frame_03400,data/images/frame_03400.npy,TRAIN,TRAIN,no,3,v40c_01973,orig_singleton_frame_03400
frame_03401,data/images/frame_03401.npy,TRAIN,TRAIN,no,3,v40c_01974,orig_rule_02029
frame_03402,data/images/frame_03402.npy,TRAIN,TRAIN,no,3,v40c_01974,orig_rule_02029
frame_03403,data/images/frame_03403.npy,TRAIN,TRAIN,no,3,v40c_01975,orig_singleton_frame_03403
frame_03404,data/images/frame_03404.npy,TRAIN,TRAIN,no,4,v40c_01976,orig_singleton_frame_03404
frame_03405,data/images/frame_03405.npy,TRAIN,TRAIN,no,5,v40c_01977,orig_singleton_frame_03405
frame_03406,data/images/frame_03406.npy,TRAIN,TRAIN,no,5,v40c_01978,orig_rule_02033
frame_03407,data/images/frame_03407.npy,TRAIN,TRAIN,no,5,v40c_01978,orig_rule_02033
frame_03408,data/images/frame_03408.npy,TRAIN,TRAIN,no,5,v40c_01979,orig_singleton_frame_03408
frame_03409,data/images/frame_03409.npy,TRAIN,TRAIN,no,5,v40c_01980,orig_singleton_frame_03409
frame_03410,data/images/frame_03410.npy,TRAIN,TRAIN,no,5,v40c_01981,orig_singleton_frame_03410
frame_03411,data/images/frame_03411.npy,TRAIN,TRAIN,no,5,v40c_01982,orig_singleton_frame_03411
frame_03412,data/images/frame_03412.npy,TRAIN,TRAIN,no,5,v40c_01983,orig_singleton_frame_03412
frame_03413,data/images/frame_03413.npy,TRAIN,TRAIN,no,5,v40c_01984,orig_singleton_frame_03413
frame_03414,data/images/frame_03414.npy,TRAIN,TRAIN,no,5,v40c_01985,orig_rule_02040
frame_03415,data/images/frame_03415.npy,TRAIN,TRAIN,no,5,v40c_01985,orig_rule_02040
frame_03416,data/images/frame_03416.npy,TRAIN,TRAIN,no,5,v40c_01985,orig_rule_02040
frame_03417,data/images/frame_03417.npy,TRAIN,TRAIN,no,6,v40c_01986,orig_rule_02041
frame_03418,data/images/frame_03418.npy,TRAIN,TRAIN,no,6,v40c_01986,orig_rule_02041
frame_03419,data/images/frame_03419.npy,TRAIN,TRAIN,no,6,v40c_01986,orig_rule_02041
frame_03420,data/images/frame_03420.npy,TRAIN,TRAIN,no,6,v40c_01987,orig_singleton_frame_03420
frame_03421,data/images/frame_03421.npy,TRAIN,TRAIN,no,5,v40c_01988,orig_singleton_frame_03421
frame_03422,data/images/frame_03422.npy,TRAIN,TRAIN,no,5,v40c_01989,orig_rule_02044
frame_03423,data/images/frame_03423.npy,TRAIN,TRAIN,no,5,v40c_01989,orig_rule_02044
frame_03424,data/images/frame_03424.npy,TRAIN,TRAIN,no,5,v40c_01989,orig_rule_02044
frame_03425,data/images/frame_03425.npy,TRAIN,TRAIN,no,5,v40c_01990,orig_singleton_frame_03425
frame_03426,data/images/frame_03426.npy,TRAIN,TRAIN,no,5,v40c_01991,orig_singleton_frame_03426
frame_03427,data/images/frame_03427.npy,TRAIN,TRAIN,no,5,v40c_01992,orig_rule_02047
frame_03428,data/images/frame_03428.npy,TRAIN,TRAIN,no,5,v40c_01992,orig_rule_02047
frame_03429,data/images/frame_03429.npy,TRAIN,TRAIN,no,5,v40c_01993,orig_singleton_frame_03429
frame_03430,data/images/frame_03430.npy,TRAIN,TRAIN,no,5,v40c_01994,orig_rule_02049
frame_03431,data/images/frame_03431.npy,TRAIN,TRAIN,no,5,v40c_01994,orig_rule_02049
frame_03432,data/images/frame_03432.npy,TRAIN,TRAIN,no,6,v40c_01995,orig_singleton_frame_03432
frame_03433,data/images/frame_03433.npy,TRAIN,TRAIN,no,6,v40c_01996,orig_rule_02051
frame_03434,data/images/frame_03434.npy,TRAIN,TRAIN,no,6,v40c_01996,orig_rule_02051
frame_03435,data/images/frame_03435.npy,TRAIN,TRAIN,no,6,v40c_01997,orig_rule_02052
frame_03436,data/images/frame_03436.npy,TRAIN,TRAIN,no,6,v40c_01997,orig_rule_02052
frame_03437,data/images/frame_03437.npy,TRAIN,TRAIN,no,6,v40c_01998,orig_singleton_frame_03437
frame_03438,data/images/frame_03438.npy,TRAIN,TRAIN,no,6,v40c_01999,orig_singleton_frame_03438
frame_03439,data/images/frame_03439.npy,TRAIN,TRAIN,no,6,v40c_02000,orig_singleton_frame_03439
frame_03440,data/images/frame_03440.npy,TRAIN,TRAIN,no,6,v40c_02001,orig_singleton_frame_03440
frame_03441,data/images/frame_03441.npy,TRAIN,TRAIN,no,6,v40c_02002,orig_singleton_frame_03441
frame_03442,data/images/frame_03442.npy,TRAIN,TRAIN,no,6,v40c_02003,orig_rule_02058
frame_03443,data/images/frame_03443.npy,TRAIN,TRAIN,no,6,v40c_02003,orig_rule_02058
frame_03444,data/images/frame_03444.npy,TRAIN,TRAIN,no,7,v40c_02003,orig_rule_02058
frame_03445,data/images/frame_03445.npy,TRAIN,TRAIN,no,7,v40c_02003,orig_rule_02058
frame_03446,data/images/frame_03446.npy,TRAIN,TRAIN,no,7,v40c_02004,orig_rule_02059
frame_03447,data/images/frame_03447.npy,TRAIN,TRAIN,no,8,v40c_02004,orig_rule_02059
frame_03448,data/images/frame_03448.npy,TRAIN,TRAIN,no,8,v40c_02005,orig_rule_02060
frame_03449,data/images/frame_03449.npy,TRAIN,TRAIN,no,7,v40c_02005,orig_rule_02060
frame_03450,data/images/frame_03450.npy,TRAIN,TRAIN,no,8,v40c_02005,orig_rule_02060
frame_03451,data/images/frame_03451.npy,TRAIN,TRAIN,no,8,v40c_02005,orig_rule_02060
frame_03452,data/images/frame_03452.npy,TRAIN,TRAIN,no,8,v40c_02005,orig_rule_02060
frame_03453,data/images/frame_03453.npy,TRAIN,TRAIN,no,8,v40c_02005,orig_rule_02060
frame_03454,data/images/frame_03454.npy,TRAIN,TRAIN,no,8,v40c_02006,orig_singleton_frame_03454
frame_03455,data/images/frame_03455.npy,TRAIN,TRAIN,no,7,v40c_02007,orig_singleton_frame_03455
frame_03456,data/images/frame_03456.npy,TRAIN,TRAIN,no,7,v40c_02008,orig_singleton_frame_03456
frame_03457,data/images/frame_03457.npy,TRAIN,TRAIN,no,7,v40c_02009,orig_singleton_frame_03457
frame_03458,data/images/frame_03458.npy,TRAIN,TRAIN,no,6,v40c_02010,orig_singleton_frame_03458
frame_03459,data/images/frame_03459.npy,TRAIN,TRAIN,no,5,v40c_02011,orig_singleton_frame_03459
frame_03460,data/images/frame_03460.npy,TRAIN,TRAIN,no,6,v40c_02012,orig_singleton_frame_03460
frame_03461,data/images/frame_03461.npy,TRAIN,TRAIN,no,6,v40c_02013,orig_singleton_frame_03461
frame_03462,data/images/frame_03462.npy,TRAIN,TRAIN,no,5,v40c_02014,orig_singleton_frame_03462
frame_03463,data/images/frame_03463.npy,TRAIN,TRAIN,no,6,v40c_02015,orig_singleton_frame_03463
frame_03464,data/images/frame_03464.npy,TRAIN,TRAIN,no,6,v40c_02016,orig_singleton_frame_03464
frame_03465,data/images/frame_03465.npy,TRAIN,TRAIN,no,6,v40c_02017,orig_rule_02072
frame_03466,data/images/frame_03466.npy,TRAIN,TRAIN,no,6,v40c_02017,orig_rule_02072
frame_03467,data/images/frame_03467.npy,TRAIN,TRAIN,no,6,v40c_02017,orig_rule_02072
frame_03468,data/images/frame_03468.npy,TRAIN,TRAIN,no,6,v40c_02018,orig_singleton_frame_03468
frame_03469,data/images/frame_03469.npy,TRAIN,TRAIN,no,6,v40c_02019,orig_rule_02074
frame_03470,data/images/frame_03470.npy,TRAIN,TRAIN,no,6,v40c_02020,orig_singleton_frame_03470
frame_03471,data/images/frame_03471.npy,TRAIN,TRAIN,no,5,v40c_02019,orig_rule_02074
frame_03472,data/images/frame_03472.npy,TRAIN,TRAIN,no,6,v40c_02021,orig_rule_02076
frame_03473,data/images/frame_03473.npy,TRAIN,TRAIN,no,6,v40c_02021,orig_rule_02076
frame_03474,data/images/frame_03474.npy,TRAIN,TRAIN,no,5,v40c_02022,orig_singleton_frame_03474
frame_03475,data/images/frame_03475.npy,TRAIN,TRAIN,no,7,v40c_02023,orig_singleton_frame_03475
frame_03476,data/images/frame_03476.npy,TRAIN,TRAIN,no,6,v40c_02024,orig_singleton_frame_03476
frame_03477,data/images/frame_03477.npy,TRAIN,TRAIN,no,6,v40c_02025,orig_singleton_frame_03477
frame_03478,data/images/frame_03478.npy,TRAIN,TRAIN,no,6,v40c_02026,orig_rule_02081
frame_03479,data/images/frame_03479.npy,TRAIN,TRAIN,no,6,v40c_02026,orig_rule_02081
frame_03480,data/images/frame_03480.npy,TRAIN,TRAIN,no,6,v40c_02026,orig_rule_02081
frame_03481,data/images/frame_03481.npy,TRAIN,TRAIN,no,6,v40c_02026,orig_rule_02081
frame_03482,data/images/frame_03482.npy,TRAIN,TRAIN,no,6,v40c_02026,orig_rule_02081
frame_03483,data/images/frame_03483.npy,TRAIN,TRAIN,no,6,v40c_02026,orig_rule_02081
frame_03484,data/images/frame_03484.npy,TRAIN,TRAIN,no,6,v40c_02026,orig_rule_02081
frame_03485,data/images/frame_03485.npy,TRAIN,TRAIN,no,6,v40c_02026,orig_rule_02081
frame_03486,data/images/frame_03486.npy,TRAIN,TRAIN,no,6,v40c_02026,orig_rule_02081
frame_03487,data/images/frame_03487.npy,TRAIN,TRAIN,no,6,v40c_02026,orig_rule_02081
frame_03488,data/images/frame_03488.npy,TRAIN,TRAIN,no,6,v40c_02026,orig_rule_02081
frame_03489,data/images/frame_03489.npy,TRAIN,TRAIN,no,6,v40c_02027,orig_rule_02082
frame_03490,data/images/frame_03490.npy,TRAIN,TRAIN,no,6,v40c_02027,orig_rule_02082
frame_03491,data/images/frame_03491.npy,TRAIN,TRAIN,no,6,v40c_02028,orig_singleton_frame_03491
frame_03492,data/images/frame_03492.npy,TRAIN,TRAIN,no,6,v40c_02029,orig_rule_02084
frame_03493,data/images/frame_03493.npy,TRAIN,TRAIN,no,6,v40c_02029,orig_rule_02084
frame_03494,data/images/frame_03494.npy,TRAIN,TRAIN,no,6,v40c_02030,orig_rule_02085
frame_03495,data/images/frame_03495.npy,TRAIN,TRAIN,no,5,v40c_02030,orig_rule_02085
frame_03496,data/images/frame_03496.npy,TRAIN,TRAIN,no,6,v40c_02031,orig_singleton_frame_03496
frame_03497,data/images/frame_03497.npy,TRAIN,TRAIN,no,4,v40c_02032,orig_singleton_frame_03497
frame_03498,data/images/frame_03498.npy,TRAIN,TRAIN,no,4,v40c_02033,orig_singleton_frame_03498
frame_03499,data/images/frame_03499.npy,TRAIN,TRAIN,no,4,v40c_02034,orig_rule_02089
frame_03500,data/images/frame_03500.npy,TRAIN,TRAIN,no,4,v40c_02034,orig_rule_02089
frame_03501,data/images/frame_03501.npy,TRAIN,TRAIN,no,4,v40c_02035,orig_singleton_frame_03501
frame_03502,data/images/frame_03502.npy,TRAIN,TRAIN,no,5,v40c_02036,orig_rule_02091
frame_03503,data/images/frame_03503.npy,TRAIN,TRAIN,no,4,v40c_02036,orig_rule_02091
frame_03504,data/images/frame_03504.npy,TRAIN,TRAIN,no,3,v40c_02037,orig_singleton_frame_03504
frame_03505,data/images/frame_03505.npy,TRAIN,TRAIN,no,4,v40c_02038,orig_rule_02093
frame_03506,data/images/frame_03506.npy,TRAIN,TRAIN,no,2,v40c_02038,orig_rule_02093
frame_03507,data/images/frame_03507.npy,TRAIN,TRAIN,no,2,v40c_02039,orig_singleton_frame_03507
frame_03508,data/images/frame_03508.npy,TRAIN,TRAIN,no,2,v40c_02040,orig_rule_02095
frame_03509,data/images/frame_03509.npy,TRAIN,TRAIN,no,3,v40c_02040,orig_rule_02095
frame_03510,data/images/frame_03510.npy,TRAIN,TRAIN,no,2,v40c_02040,orig_rule_02095
frame_03511,data/images/frame_03511.npy,TRAIN,TRAIN,no,2,v40c_02040,orig_rule_02095
frame_03512,data/images/frame_03512.npy,TRAIN,TRAIN,no,2,v40c_02040,orig_rule_02095
frame_03513,data/images/frame_03513.npy,TRAIN,TRAIN,no,2,v40c_02040,orig_rule_02095
frame_03514,data/images/frame_03514.npy,TRAIN,TRAIN,no,2,v40c_02040,orig_rule_02095
frame_03515,data/images/frame_03515.npy,TRAIN,TRAIN,no,2,v40c_02041,orig_singleton_frame_03515
frame_03516,data/images/frame_03516.npy,TRAIN,TRAIN,no,2,v40c_02042,orig_singleton_frame_03516
frame_03517,data/images/frame_03517.npy,TRAIN,TRAIN,no,2,v40c_02043,orig_rule_02098
frame_03518,data/images/frame_03518.npy,TRAIN,TRAIN,no,3,v40c_02043,orig_rule_02098
frame_03519,data/images/frame_03519.npy,TRAIN,TRAIN,no,3,v40c_02044,orig_rule_02099
frame_03520,data/images/frame_03520.npy,TRAIN,TRAIN,no,3,v40c_02044,orig_rule_02099
frame_03521,data/images/frame_03521.npy,TRAIN,TRAIN,no,3,v40c_02044,orig_rule_02099
frame_03522,data/images/frame_03522.npy,TRAIN,TRAIN,no,3,v40c_02044,orig_rule_02099
frame_03523,data/images/frame_03523.npy,TRAIN,TRAIN,no,3,v40c_02045,orig_singleton_frame_03523
frame_03524,data/images/frame_03524.npy,TRAIN,TRAIN,no,3,v40c_02044,orig_rule_02099
frame_03525,data/images/frame_03525.npy,TRAIN,TRAIN,no,3,v40c_02044,orig_rule_02099
frame_03526,data/images/frame_03526.npy,TRAIN,TRAIN,no,3,v40c_02046,orig_rule_02101
frame_03527,data/images/frame_03527.npy,TRAIN,TRAIN,no,3,v40c_02046,orig_rule_02101
frame_03528,data/images/frame_03528.npy,TRAIN,TRAIN,no,3,v40c_02047,orig_singleton_frame_03528
frame_03529,data/images/frame_03529.npy,TRAIN,TRAIN,no,3,v40c_02048,orig_singleton_frame_03529
frame_03530,data/images/frame_03530.npy,TRAIN,TRAIN,no,3,v40c_02049,orig_rule_02104
frame_03531,data/images/frame_03531.npy,TRAIN,TRAIN,no,3,v40c_02049,orig_rule_02104
frame_03532,data/images/frame_03532.npy,TRAIN,TRAIN,no,3,v40c_02050,orig_singleton_frame_03532
frame_03533,data/images/frame_03533.npy,TRAIN,TRAIN,no,3,v40c_02051,orig_rule_02106
frame_03534,data/images/frame_03534.npy,TRAIN,TRAIN,no,3,v40c_02051,orig_rule_02106
frame_03535,data/images/frame_03535.npy,TRAIN,TRAIN,no,3,v40c_02052,orig_singleton_frame_03535
frame_03536,data/images/frame_03536.npy,TRAIN,TRAIN,no,3,v40c_02053,orig_singleton_frame_03536
frame_03537,data/images/frame_03537.npy,TRAIN,TRAIN,no,2,v40c_02054,orig_rule_02109
frame_03538,data/images/frame_03538.npy,TRAIN,TRAIN,no,3,v40c_02054,orig_rule_02109
frame_03539,data/images/frame_03539.npy,TRAIN,TRAIN,no,3,v40c_02055,orig_singleton_frame_03539
frame_03540,data/images/frame_03540.npy,TRAIN,TRAIN,no,3,v40c_02056,orig_rule_02111
frame_03541,data/images/frame_03541.npy,TRAIN,TRAIN,no,3,v40c_02056,orig_rule_02111
frame_03542,data/images/frame_03542.npy,TRAIN,TRAIN,no,2,v40c_02057,orig_rule_02112
frame_03543,data/images/frame_03543.npy,TRAIN,TRAIN,no,3,v40c_02057,orig_rule_02112
frame_03544,data/images/frame_03544.npy,TRAIN,TRAIN,no,2,v40c_02058,orig_rule_02113
frame_03545,data/images/frame_03545.npy,TRAIN,TRAIN,no,2,v40c_02058,orig_rule_02113
frame_03546,data/images/frame_03546.npy,TRAIN,TRAIN,no,2,v40c_02058,orig_rule_02113
frame_03547,data/images/frame_03547.npy,TRAIN,TRAIN,no,2,v40c_02058,orig_rule_02113
frame_03548,data/images/frame_03548.npy,TRAIN,TRAIN,no,2,v40c_02058,orig_rule_02113
frame_03549,data/images/frame_03549.npy,TRAIN,TRAIN,no,2,v40c_02059,orig_singleton_frame_03549
frame_03550,data/images/frame_03550.npy,TRAIN,TRAIN,no,2,v40c_02060,orig_singleton_frame_03550
frame_03551,data/images/frame_03551.npy,TRAIN,TRAIN,no,2,v40c_02061,orig_singleton_frame_03551
frame_03552,data/images/frame_03552.npy,TRAIN,TRAIN,no,2,v40c_02062,orig_singleton_frame_03552
frame_03553,data/images/frame_03553.npy,TRAIN,TRAIN,no,2,v40c_02063,orig_singleton_frame_03553
frame_03554,data/images/frame_03554.npy,TRAIN,TRAIN,no,2,v40c_02064,orig_rule_02119
frame_03555,data/images/frame_03555.npy,TRAIN,TRAIN,no,1,v40c_02064,orig_rule_02119
frame_03556,data/images/frame_03556.npy,TRAIN,TRAIN,no,2,v40c_02064,orig_rule_02119
frame_03557,data/images/frame_03557.npy,TRAIN,TRAIN,no,1,v40c_02064,orig_rule_02119
frame_03558,data/images/frame_03558.npy,TRAIN,TRAIN,no,2,v40c_02064,orig_rule_02119
frame_03559,data/images/frame_03559.npy,TRAIN,TRAIN,no,2,v40c_02064,orig_rule_02119
frame_03560,data/images/frame_03560.npy,TRAIN,TRAIN,no,2,v40c_02064,orig_rule_02119
frame_03561,data/images/frame_03561.npy,TRAIN,TRAIN,no,2,v40c_02064,orig_rule_02119
frame_03562,data/images/frame_03562.npy,TRAIN,TRAIN,no,3,v40c_02064,orig_rule_02119
frame_03563,data/images/frame_03563.npy,TRAIN,TRAIN,no,3,v40c_02064,orig_rule_02119
frame_03564,data/images/frame_03564.npy,TRAIN,TRAIN,no,3,v40c_02064,orig_rule_02119
frame_03565,data/images/frame_03565.npy,TRAIN,TRAIN,no,3,v40c_02064,orig_rule_02119
frame_03566,data/images/frame_03566.npy,TRAIN,TRAIN,no,3,v40c_02064,orig_rule_02119
frame_03567,data/images/frame_03567.npy,TRAIN,TRAIN,no,3,v40c_02064,orig_rule_02119
frame_03568,data/images/frame_03568.npy,TRAIN,TRAIN,no,3,v40c_02064,orig_rule_02119
frame_03569,data/images/frame_03569.npy,TRAIN,TRAIN,no,3,v40c_02064,orig_rule_02119
frame_03570,data/images/frame_03570.npy,TRAIN,TRAIN,no,4,v40c_02065,orig_singleton_frame_03570
frame_03571,data/images/frame_03571.npy,TRAIN,TRAIN,no,4,v40c_02066,orig_rule_02121
frame_03572,data/images/frame_03572.npy,TRAIN,TRAIN,no,2,v40c_02066,orig_rule_02121
frame_03573,data/images/frame_03573.npy,TRAIN,TRAIN,no,3,v40c_02067,orig_singleton_frame_03573
frame_03574,data/images/frame_03574.npy,TRAIN,TRAIN,no,2,v40c_02064,orig_rule_02119
frame_03575,data/images/frame_03575.npy,TRAIN,TRAIN,no,2,v40c_02064,orig_rule_02119
frame_03576,data/images/frame_03576.npy,TRAIN,TRAIN,no,2,v40c_02064,orig_rule_02119
frame_03577,data/images/frame_03577.npy,TRAIN,TRAIN,no,2,v40c_02064,orig_rule_02119
frame_03578,data/images/frame_03578.npy,TRAIN,TRAIN,no,2,v40c_02064,orig_rule_02119
frame_03579,data/images/frame_03579.npy,TRAIN,TRAIN,no,2,v40c_02064,orig_rule_02119
frame_03580,data/images/frame_03580.npy,TRAIN,TRAIN,no,2,v40c_02064,orig_rule_02119
frame_03581,data/images/frame_03581.npy,TRAIN,TRAIN,no,2,v40c_02068,orig_singleton_frame_03581
frame_03582,data/images/frame_03582.npy,TRAIN,TRAIN,no,2,v40c_02069,orig_singleton_frame_03582
frame_03583,data/images/frame_03583.npy,TRAIN,TRAIN,no,3,v40c_02070,orig_singleton_frame_03583
frame_03584,data/images/frame_03584.npy,TRAIN,TRAIN,no,3,v40c_02071,orig_singleton_frame_03584
frame_03585,data/images/frame_03585.npy,TRAIN,TRAIN,no,3,v40c_02072,orig_singleton_frame_03585
frame_03586,data/images/frame_03586.npy,TRAIN,TRAIN,no,3,v40c_02073,orig_singleton_frame_03586
frame_03587,data/images/frame_03587.npy,TRAIN,TRAIN,no,3,v40c_02064,orig_rule_02119
frame_03588,data/images/frame_03588.npy,TRAIN,TRAIN,no,3,v40c_02064,orig_rule_02119
frame_03589,data/images/frame_03589.npy,TRAIN,TRAIN,no,3,v40c_02074,orig_singleton_frame_03589
frame_03590,data/images/frame_03590.npy,TRAIN,TRAIN,no,3,v40c_02075,orig_rule_02130
frame_03591,data/images/frame_03591.npy,TRAIN,TRAIN,no,3,v40c_02075,orig_rule_02130
frame_03592,data/images/frame_03592.npy,TRAIN,TRAIN,no,3,v40c_02075,orig_rule_02130
frame_03593,data/images/frame_03593.npy,TRAIN,TRAIN,no,3,v40c_02076,orig_singleton_frame_03593
frame_03594,data/images/frame_03594.npy,TRAIN,TRAIN,no,3,v40c_02075,orig_rule_02130
frame_03595,data/images/frame_03595.npy,TRAIN,TRAIN,no,3,v40c_02075,orig_rule_02130
frame_03596,data/images/frame_03596.npy,TRAIN,TRAIN,no,3,v40c_02075,orig_rule_02130
frame_03597,data/images/frame_03597.npy,TRAIN,TRAIN,no,3,v40c_02075,orig_rule_02130
frame_03598,data/images/frame_03598.npy,TRAIN,TRAIN,no,3,v40c_02075,orig_rule_02130
frame_03599,data/images/frame_03599.npy,TRAIN,TRAIN,no,3,v40c_02075,orig_rule_02130
frame_03600,data/images/frame_03600.npy,TRAIN,TRAIN,no,4,v40c_02075,orig_rule_02130
frame_03601,data/images/frame_03601.npy,TRAIN,TRAIN,no,4,v40c_02075,orig_rule_02130
frame_03602,data/images/frame_03602.npy,TRAIN,TRAIN,no,3,v40c_02077,orig_singleton_frame_03602
frame_03603,data/images/frame_03603.npy,TRAIN,TRAIN,no,4,v40c_02078,orig_singleton_frame_03603
frame_03604,data/images/frame_03604.npy,TRAIN,TRAIN,no,4,v40c_02079,orig_singleton_frame_03604
frame_03605,data/images/frame_03605.npy,TRAIN,TRAIN,no,3,v40c_02080,orig_singleton_frame_03605
frame_03606,data/images/frame_03606.npy,TRAIN,TRAIN,no,3,v40c_02081,orig_rule_02136
frame_03607,data/images/frame_03607.npy,TRAIN,TRAIN,no,3,v40c_02081,orig_rule_02136
frame_03608,data/images/frame_03608.npy,TRAIN,TRAIN,no,3,v40c_02081,orig_rule_02136
frame_03609,data/images/frame_03609.npy,TRAIN,TRAIN,no,4,v40c_02082,orig_rule_02137
frame_03610,data/images/frame_03610.npy,TRAIN,TRAIN,no,4,v40c_02082,orig_rule_02137
frame_03611,data/images/frame_03611.npy,TRAIN,TRAIN,no,4,v40c_02082,orig_rule_02137
frame_03612,data/images/frame_03612.npy,TRAIN,TRAIN,no,4,v40c_02082,orig_rule_02137
frame_03613,data/images/frame_03613.npy,TRAIN,TRAIN,no,4,v40c_02082,orig_rule_02137
frame_03614,data/images/frame_03614.npy,TRAIN,TRAIN,no,4,v40c_02083,orig_singleton_frame_03614
frame_03615,data/images/frame_03615.npy,TRAIN,TRAIN,no,4,v40c_02084,orig_rule_02139
frame_03616,data/images/frame_03616.npy,TRAIN,TRAIN,no,4,v40c_02084,orig_rule_02139
frame_03617,data/images/frame_03617.npy,TRAIN,TRAIN,no,4,v40c_02084,orig_rule_02139
frame_03618,data/images/frame_03618.npy,TRAIN,TRAIN,no,3,v40c_02084,orig_rule_02139
frame_03619,data/images/frame_03619.npy,TRAIN,TRAIN,no,3,v40c_02085,orig_singleton_frame_03619
frame_03620,data/images/frame_03620.npy,TRAIN,TRAIN,no,3,v40c_02086,orig_singleton_frame_03620
frame_03621,data/images/frame_03621.npy,TRAIN,TRAIN,no,3,v40c_02087,orig_singleton_frame_03621
frame_03622,data/images/frame_03622.npy,TRAIN,TRAIN,no,3,v40c_02088,orig_singleton_frame_03622
frame_03623,data/images/frame_03623.npy,TRAIN,TRAIN,no,3,v40c_02089,orig_singleton_frame_03623
frame_03624,data/images/frame_03624.npy,TRAIN,TRAIN,no,3,v40c_02090,orig_singleton_frame_03624
frame_03625,data/images/frame_03625.npy,TRAIN,TRAIN,no,3,v40c_02091,orig_singleton_frame_03625
frame_03626,data/images/frame_03626.npy,TRAIN,TRAIN,no,3,v40c_02092,orig_rule_02147
frame_03627,data/images/frame_03627.npy,TRAIN,TRAIN,no,3,v40c_02092,orig_rule_02147
frame_03628,data/images/frame_03628.npy,TRAIN,TRAIN,no,3,v40c_02092,orig_rule_02147
frame_03629,data/images/frame_03629.npy,TRAIN,TRAIN,no,3,v40c_02092,orig_rule_02147
frame_03630,data/images/frame_03630.npy,TRAIN,TRAIN,no,3,v40c_02093,orig_singleton_frame_03630
frame_03631,data/images/frame_03631.npy,TRAIN,TRAIN,no,3,v40c_02094,orig_singleton_frame_03631
frame_03632,data/images/frame_03632.npy,TRAIN,TRAIN,no,3,v40c_02095,orig_singleton_frame_03632
frame_03633,data/images/frame_03633.npy,TRAIN,TRAIN,no,3,v40c_02096,orig_singleton_frame_03633
frame_03634,data/images/frame_03634.npy,TRAIN,TRAIN,no,3,v40c_02097,orig_singleton_frame_03634
frame_03635,data/images/frame_03635.npy,TRAIN,TRAIN,no,3,v40c_02098,orig_rule_02153
frame_03636,data/images/frame_03636.npy,TRAIN,TRAIN,no,3,v40c_02098,orig_rule_02153
frame_03637,data/images/frame_03637.npy,TRAIN,TRAIN,no,3,v40c_02098,orig_rule_02153
frame_03638,data/images/frame_03638.npy,TRAIN,TRAIN,no,3,v40c_02098,orig_rule_02153
frame_03639,data/images/frame_03639.npy,TRAIN,TRAIN,no,3,v40c_02098,orig_rule_02153
frame_03640,data/images/frame_03640.npy,TRAIN,TRAIN,no,3,v40c_02099,orig_singleton_frame_03640
frame_03641,data/images/frame_03641.npy,TRAIN,TRAIN,no,2,v40c_02100,orig_singleton_frame_03641
frame_03642,data/images/frame_03642.npy,TRAIN,TRAIN,no,2,v40c_02101,orig_singleton_frame_03642
frame_03643,data/images/frame_03643.npy,TRAIN,TRAIN,no,2,v40c_02102,orig_singleton_frame_03643
frame_03644,data/images/frame_03644.npy,TRAIN,TRAIN,no,2,v40c_02103,orig_singleton_frame_03644
frame_03645,data/images/frame_03645.npy,TRAIN,TRAIN,no,2,v40c_02104,orig_singleton_frame_03645
frame_03646,data/images/frame_03646.npy,TRAIN,TRAIN,no,2,v40c_02105,orig_singleton_frame_03646
frame_03647,data/images/frame_03647.npy,TRAIN,TRAIN,no,2,v40c_02106,orig_singleton_frame_03647
frame_03648,data/images/frame_03648.npy,TRAIN,TRAIN,no,3,v40c_02107,orig_singleton_frame_03648
frame_03649,data/images/frame_03649.npy,TRAIN,TRAIN,no,3,v40c_02108,orig_singleton_frame_03649
frame_03650,data/images/frame_03650.npy,TRAIN,TRAIN,no,3,v40c_02109,orig_singleton_frame_03650
frame_03651,data/images/frame_03651.npy,TRAIN,TRAIN,no,3,v40c_02110,orig_singleton_frame_03651
frame_03652,data/images/frame_03652.npy,TRAIN,TRAIN,no,3,v40c_02111,orig_singleton_frame_03652
frame_03653,data/images/frame_03653.npy,TRAIN,TRAIN,no,3,v40c_02112,orig_singleton_frame_03653
frame_03654,data/images/frame_03654.npy,TRAIN,TRAIN,no,3,v40c_02113,orig_singleton_frame_03654
frame_03655,data/images/frame_03655.npy,TRAIN,TRAIN,no,3,v40c_02114,orig_singleton_frame_03655
frame_03656,data/images/frame_03656.npy,TRAIN,TRAIN,no,3,v40c_02115,orig_singleton_frame_03656
frame_03657,data/images/frame_03657.npy,TRAIN,TRAIN,no,3,v40c_02116,orig_singleton_frame_03657
frame_03658,data/images/frame_03658.npy,TRAIN,TRAIN,no,4,v40c_02117,orig_singleton_frame_03658
frame_03659,data/images/frame_03659.npy,TRAIN,TRAIN,no,4,v40c_02118,orig_singleton_frame_03659
frame_03660,data/images/frame_03660.npy,TRAIN,TRAIN,no,4,v40c_02119,orig_singleton_frame_03660
frame_03661,data/images/frame_03661.npy,TRAIN,TRAIN,no,4,v40c_02120,orig_singleton_frame_03661
frame_03662,data/images/frame_03662.npy,TRAIN,TRAIN,no,4,v40c_02121,orig_singleton_frame_03662
frame_03663,data/images/frame_03663.npy,TRAIN,TRAIN,no,4,v40c_02122,orig_singleton_frame_03663
frame_03664,data/images/frame_03664.npy,TRAIN,TRAIN,no,4,v40c_02123,orig_singleton_frame_03664
frame_03665,data/images/frame_03665.npy,TRAIN,TRAIN,no,4,v40c_02124,orig_singleton_frame_03665
frame_03666,data/images/frame_03666.npy,TRAIN,TRAIN,no,4,v40c_02125,orig_singleton_frame_03666
frame_03667,data/images/frame_03667.npy,TRAIN,TRAIN,no,4,v40c_02126,orig_singleton_frame_03667
frame_03668,data/images/frame_03668.npy,TRAIN,TRAIN,no,4,v40c_02127,orig_singleton_frame_03668
frame_03669,data/images/frame_03669.npy,TRAIN,TRAIN,no,3,v40c_02128,orig_singleton_frame_03669
frame_03670,data/images/frame_03670.npy,TRAIN,TRAIN,no,3,v40c_02129,orig_singleton_frame_03670
frame_03671,data/images/frame_03671.npy,TRAIN,TRAIN,no,3,v40c_02130,orig_singleton_frame_03671
frame_03672,data/images/frame_03672.npy,TRAIN,TRAIN,no,3,v40c_02131,orig_singleton_frame_03672
frame_03673,data/images/frame_03673.npy,TRAIN,TRAIN,no,2,v40c_02132,orig_singleton_frame_03673
frame_03674,data/images/frame_03674.npy,TRAIN,TRAIN,no,2,v40c_02133,orig_singleton_frame_03674
frame_03675,data/images/frame_03675.npy,TRAIN,TRAIN,no,2,v40c_02134,orig_singleton_frame_03675
frame_03676,data/images/frame_03676.npy,TRAIN,TRAIN,no,2,v40c_02135,orig_singleton_frame_03676
frame_03677,data/images/frame_03677.npy,TRAIN,TRAIN,no,3,v40c_02136,orig_singleton_frame_03677
frame_03678,data/images/frame_03678.npy,TRAIN,TRAIN,no,3,v40c_02137,orig_singleton_frame_03678
frame_03679,data/images/frame_03679.npy,TRAIN,TRAIN,no,3,v40c_02138,orig_singleton_frame_03679
frame_03680,data/images/frame_03680.npy,TRAIN,TRAIN,no,4,v40c_02139,orig_singleton_frame_03680
frame_03681,data/images/frame_03681.npy,TRAIN,TRAIN,no,4,v40c_02140,orig_singleton_frame_03681
frame_03682,data/images/frame_03682.npy,TRAIN,TRAIN,no,3,v40c_02141,orig_singleton_frame_03682
frame_03683,data/images/frame_03683.npy,TRAIN,TRAIN,no,3,v40c_02142,orig_rule_02197
frame_03684,data/images/frame_03684.npy,TRAIN,TRAIN,no,4,v40c_02142,orig_rule_02197
frame_03685,data/images/frame_03685.npy,TRAIN,TRAIN,no,4,v40c_02143,orig_singleton_frame_03685
frame_03686,data/images/frame_03686.npy,TRAIN,TRAIN,no,3,v40c_02144,orig_singleton_frame_03686
frame_03687,data/images/frame_03687.npy,TRAIN,TRAIN,no,2,v40c_02145,orig_rule_02200
frame_03688,data/images/frame_03688.npy,TRAIN,TRAIN,no,3,v40c_02145,orig_rule_02200
frame_03689,data/images/frame_03689.npy,TRAIN,TRAIN,no,2,v40c_02146,orig_singleton_frame_03689
frame_03690,data/images/frame_03690.npy,TRAIN,TRAIN,no,3,v40c_02147,orig_singleton_frame_03690
frame_03691,data/images/frame_03691.npy,TRAIN,TRAIN,no,4,v40c_02148,orig_singleton_frame_03691
frame_03692,data/images/frame_03692.npy,TRAIN,TRAIN,no,5,v40c_02149,orig_rule_02204
frame_03693,data/images/frame_03693.npy,TRAIN,TRAIN,no,5,v40c_02150,orig_singleton_frame_03693
frame_03694,data/images/frame_03694.npy,TRAIN,TRAIN,no,4,v40c_02151,orig_rule_02206
frame_03695,data/images/frame_03695.npy,TRAIN,TRAIN,no,4,v40c_02152,orig_singleton_frame_03695
frame_03696,data/images/frame_03696.npy,TRAIN,TRAIN,no,4,v40c_02151,orig_rule_02206
frame_03697,data/images/frame_03697.npy,TRAIN,TRAIN,no,3,v40c_02151,orig_rule_02206
frame_03698,data/images/frame_03698.npy,TRAIN,TRAIN,no,3,v40c_02153,orig_singleton_frame_03698
frame_03699,data/images/frame_03699.npy,TRAIN,TRAIN,no,3,v40c_02154,orig_rule_02209
frame_03700,data/images/frame_03700.npy,TRAIN,TRAIN,no,3,v40c_02154,orig_rule_02209
frame_03701,data/images/frame_03701.npy,TRAIN,TRAIN,no,3,v40c_02154,orig_rule_02209
frame_03702,data/images/frame_03702.npy,TRAIN,TRAIN,no,2,v40c_02155,orig_singleton_frame_03702
frame_03703,data/images/frame_03703.npy,TRAIN,TRAIN,no,3,v40c_02156,orig_singleton_frame_03703
frame_03704,data/images/frame_03704.npy,TRAIN,TRAIN,no,3,v40c_02157,orig_singleton_frame_03704
frame_03705,data/images/frame_03705.npy,TRAIN,TRAIN,no,3,v40c_02158,orig_singleton_frame_03705
frame_03706,data/images/frame_03706.npy,TRAIN,TRAIN,no,3,v40c_02151,orig_rule_02206
frame_03707,data/images/frame_03707.npy,TRAIN,TRAIN,no,3,v40c_02151,orig_rule_02206
frame_03708,data/images/frame_03708.npy,TRAIN,TRAIN,no,2,v40c_02159,orig_singleton_frame_03708
frame_03709,data/images/frame_03709.npy,TRAIN,TRAIN,no,3,v40c_02151,orig_rule_02206
frame_03710,data/images/frame_03710.npy,TRAIN,TRAIN,no,3,v40c_02151,orig_rule_02206
frame_03711,data/images/frame_03711.npy,TRAIN,TRAIN,no,3,v40c_02160,orig_singleton_frame_03711
frame_03712,data/images/frame_03712.npy,TRAIN,TRAIN,no,3,v40c_02161,orig_singleton_frame_03712
frame_03713,data/images/frame_03713.npy,TRAIN,TRAIN,no,4,v40c_02149,orig_rule_02204
frame_03714,data/images/frame_03714.npy,TRAIN,TRAIN,no,4,v40c_02145,orig_rule_02200
frame_03715,data/images/frame_03715.npy,TRAIN,TRAIN,no,3,v40c_02162,orig_singleton_frame_03715
frame_03716,data/images/frame_03716.npy,TRAIN,TRAIN,no,2,v40c_02145,orig_rule_02200
frame_03717,data/images/frame_03717.npy,TRAIN,TRAIN,no,3,v40c_02163,orig_singleton_frame_03717
frame_03718,data/images/frame_03718.npy,TRAIN,TRAIN,no,3,v40c_02164,orig_singleton_frame_03718
frame_03719,data/images/frame_03719.npy,TRAIN,TRAIN,no,2,v40c_02165,orig_singleton_frame_03719
frame_03720,data/images/frame_03720.npy,TRAIN,TRAIN,no,2,v40c_02166,orig_singleton_frame_03720
frame_03721,data/images/frame_03721.npy,TRAIN,TRAIN,no,3,v40c_02167,orig_singleton_frame_03721
frame_03722,data/images/frame_03722.npy,TRAIN,TRAIN,no,1,v40c_02168,orig_rule_02223
frame_03723,data/images/frame_03723.npy,TRAIN,TRAIN,no,3,v40c_02169,orig_singleton_frame_03723
frame_03724,data/images/frame_03724.npy,TRAIN,TRAIN,no,3,v40c_02168,orig_rule_02223
frame_03725,data/images/frame_03725.npy,TRAIN,TRAIN,no,4,v40c_02168,orig_rule_02223
frame_03726,data/images/frame_03726.npy,TRAIN,TRAIN,no,4,v40c_02168,orig_rule_02223
frame_03727,data/images/frame_03727.npy,TRAIN,TRAIN,no,5,v40c_02168,orig_rule_02223
frame_03728,data/images/frame_03728.npy,TRAIN,TRAIN,no,5,v40c_02170,orig_singleton_frame_03728
frame_03729,data/images/frame_03729.npy,TRAIN,TRAIN,no,4,v40c_02171,orig_singleton_frame_03729
frame_03730,data/images/frame_03730.npy,TRAIN,TRAIN,no,5,v40c_02172,orig_singleton_frame_03730
frame_03731,data/images/frame_03731.npy,TRAIN,TRAIN,no,5,v40c_02173,orig_singleton_frame_03731
frame_03732,data/images/frame_03732.npy,TRAIN,TRAIN,no,5,v40c_02174,orig_singleton_frame_03732
frame_03733,data/images/frame_03733.npy,TRAIN,TRAIN,no,5,v40c_02175,orig_singleton_frame_03733
frame_03734,data/images/frame_03734.npy,TRAIN,TRAIN,no,5,v40c_02176,orig_singleton_frame_03734
frame_03735,data/images/frame_03735.npy,TRAIN,TRAIN,no,4,v40c_02177,orig_singleton_frame_03735
frame_03736,data/images/frame_03736.npy,TRAIN,TRAIN,no,6,v40c_02178,orig_singleton_frame_03736
frame_03737,data/images/frame_03737.npy,TRAIN,TRAIN,no,5,v40c_02179,orig_singleton_frame_03737
frame_03738,data/images/frame_03738.npy,TRAIN,TRAIN,no,5,v40c_02180,orig_singleton_frame_03738
frame_03739,data/images/frame_03739.npy,TRAIN,TRAIN,no,5,v40c_02181,orig_singleton_frame_03739
frame_03740,data/images/frame_03740.npy,TRAIN,TRAIN,no,5,v40c_02182,orig_singleton_frame_03740
frame_03741,data/images/frame_03741.npy,TRAIN,TRAIN,no,5,v40c_02183,orig_singleton_frame_03741
frame_03742,data/images/frame_03742.npy,TRAIN,TRAIN,no,4,v40c_02184,orig_singleton_frame_03742
frame_03743,data/images/frame_03743.npy,TRAIN,TRAIN,no,5,v40c_02185,orig_singleton_frame_03743
frame_03744,data/images/frame_03744.npy,TRAIN,TRAIN,no,6,v40c_02186,orig_singleton_frame_03744
frame_03745,data/images/frame_03745.npy,TRAIN,TRAIN,no,6,v40c_02187,orig_singleton_frame_03745
frame_03746,data/images/frame_03746.npy,TRAIN,TRAIN,no,6,v40c_02188,orig_singleton_frame_03746
frame_03747,data/images/frame_03747.npy,TRAIN,TRAIN,no,6,v40c_02189,orig_rule_02244
frame_03748,data/images/frame_03748.npy,TRAIN,TRAIN,no,6,v40c_02189,orig_rule_02244
frame_03749,data/images/frame_03749.npy,TRAIN,TRAIN,no,5,v40c_02189,orig_rule_02244
frame_03750,data/images/frame_03750.npy,TRAIN,TRAIN,no,5,v40c_02189,orig_rule_02244
frame_03751,data/images/frame_03751.npy,TRAIN,TRAIN,no,5,v40c_02189,orig_rule_02244
frame_03752,data/images/frame_03752.npy,TRAIN,TRAIN,no,4,v40c_02190,orig_rule_02245
frame_03753,data/images/frame_03753.npy,TRAIN,TRAIN,no,4,v40c_02190,orig_rule_02245
frame_03754,data/images/frame_03754.npy,TRAIN,TRAIN,no,4,v40c_02191,orig_rule_02246
frame_03755,data/images/frame_03755.npy,TRAIN,TRAIN,no,4,v40c_02191,orig_rule_02246
frame_03756,data/images/frame_03756.npy,TRAIN,TRAIN,no,5,v40c_02192,orig_rule_02247
frame_03757,data/images/frame_03757.npy,TRAIN,TRAIN,no,5,v40c_02193,orig_singleton_frame_03757
frame_03758,data/images/frame_03758.npy,TRAIN,TRAIN,no,5,v40c_02194,orig_singleton_frame_03758
frame_03759,data/images/frame_03759.npy,TRAIN,TRAIN,no,5,v40c_02195,orig_singleton_frame_03759
frame_03760,data/images/frame_03760.npy,TRAIN,TRAIN,no,4,v40c_02196,orig_singleton_frame_03760
frame_03761,data/images/frame_03761.npy,TRAIN,TRAIN,no,3,v40c_02197,orig_singleton_frame_03761
frame_03762,data/images/frame_03762.npy,TRAIN,TRAIN,no,7,v40c_02198,orig_singleton_frame_03762
frame_03763,data/images/frame_03763.npy,TRAIN,TRAIN,no,5,v40c_02199,orig_singleton_frame_03763
frame_03764,data/images/frame_03764.npy,TRAIN,TRAIN,no,5,v40c_02200,orig_singleton_frame_03764
frame_03765,data/images/frame_03765.npy,TRAIN,TRAIN,no,6,v40c_02201,orig_singleton_frame_03765
frame_03766,data/images/frame_03766.npy,TRAIN,TRAIN,no,5,v40c_02202,orig_singleton_frame_03766
frame_03767,data/images/frame_03767.npy,TRAIN,TRAIN,no,4,v40c_02203,orig_singleton_frame_03767
frame_03768,data/images/frame_03768.npy,TRAIN,TRAIN,no,6,v40c_02204,orig_singleton_frame_03768
frame_03769,data/images/frame_03769.npy,TRAIN,TRAIN,no,7,v40c_02205,orig_rule_02260
frame_03770,data/images/frame_03770.npy,TRAIN,TRAIN,no,7,v40c_02205,orig_rule_02260
frame_03771,data/images/frame_03771.npy,TRAIN,TRAIN,no,7,v40c_02206,orig_singleton_frame_03771
frame_03772,data/images/frame_03772.npy,TRAIN,TRAIN,no,8,v40c_02207,orig_singleton_frame_03772
frame_03773,data/images/frame_03773.npy,TRAIN,TRAIN,no,7,v40c_02208,orig_singleton_frame_03773
frame_03774,data/images/frame_03774.npy,TRAIN,TRAIN,no,5,v40c_02209,orig_singleton_frame_03774
frame_03775,data/images/frame_03775.npy,TRAIN,TRAIN,no,5,v40c_02192,orig_rule_02247
frame_03776,data/images/frame_03776.npy,TRAIN,TRAIN,no,5,v40c_02210,orig_singleton_frame_03776
frame_03777,data/images/frame_03777.npy,TRAIN,TRAIN,no,5,v40c_02211,orig_singleton_frame_03777
frame_03778,data/images/frame_03778.npy,TRAIN,TRAIN,no,4,v40c_02212,orig_singleton_frame_03778
frame_03779,data/images/frame_03779.npy,TRAIN,TRAIN,no,4,v40c_02213,orig_singleton_frame_03779
frame_03780,data/images/frame_03780.npy,TRAIN,TRAIN,no,4,v40c_02214,orig_singleton_frame_03780
frame_03781,data/images/frame_03781.npy,TRAIN,TRAIN,no,6,v40c_02215,orig_singleton_frame_03781
frame_03782,data/images/frame_03782.npy,TRAIN,TRAIN,no,5,v40c_02216,orig_singleton_frame_03782
frame_03783,data/images/frame_03783.npy,TRAIN,TRAIN,no,5,v40c_02217,orig_singleton_frame_03783
frame_03784,data/images/frame_03784.npy,TRAIN,TRAIN,no,6,v40c_02218,orig_singleton_frame_03784
frame_03785,data/images/frame_03785.npy,TRAIN,TRAIN,no,6,v40c_02219,orig_singleton_frame_03785
frame_03786,data/images/frame_03786.npy,TRAIN,TRAIN,no,5,v40c_02220,orig_singleton_frame_03786
frame_03787,data/images/frame_03787.npy,TRAIN,TRAIN,no,4,v40c_02221,orig_singleton_frame_03787
frame_03788,data/images/frame_03788.npy,TRAIN,TRAIN,no,4,v40c_02222,orig_singleton_frame_03788
frame_03789,data/images/frame_03789.npy,TRAIN,TRAIN,no,5,v40c_02223,orig_singleton_frame_03789
frame_03790,data/images/frame_03790.npy,TRAIN,TRAIN,no,5,v40c_02224,orig_singleton_frame_03790
frame_03791,data/images/frame_03791.npy,TRAIN,TRAIN,no,5,v40c_02225,orig_singleton_frame_03791
frame_03792,data/images/frame_03792.npy,TRAIN,TRAIN,no,5,v40c_02226,orig_singleton_frame_03792
frame_03793,data/images/frame_03793.npy,TRAIN,TRAIN,no,5,v40c_02227,orig_singleton_frame_03793
frame_03794,data/images/frame_03794.npy,TRAIN,TRAIN,no,6,v40c_02228,orig_singleton_frame_03794
frame_03795,data/images/frame_03795.npy,TRAIN,TRAIN,no,5,v40c_02229,orig_singleton_frame_03795
frame_03796,data/images/frame_03796.npy,TRAIN,TRAIN,no,5,v40c_02230,orig_singleton_frame_03796
frame_03797,data/images/frame_03797.npy,TRAIN,TRAIN,no,4,v40c_02231,orig_singleton_frame_03797
frame_03798,data/images/frame_03798.npy,TRAIN,TRAIN,no,4,v40c_02232,orig_singleton_frame_03798
frame_03799,data/images/frame_03799.npy,TRAIN,TRAIN,no,4,v40c_02233,orig_singleton_frame_03799
frame_03800,data/images/frame_03800.npy,TRAIN,TRAIN,no,6,v40c_02234,orig_singleton_frame_03800
frame_03801,data/images/frame_03801.npy,TRAIN,TRAIN,no,6,v40c_02235,orig_singleton_frame_03801
frame_03802,data/images/frame_03802.npy,TRAIN,TRAIN,no,6,v40c_02236,orig_rule_02291
frame_03803,data/images/frame_03803.npy,TRAIN,TRAIN,no,6,v40c_02236,orig_rule_02291
frame_03804,data/images/frame_03804.npy,TRAIN,TRAIN,no,6,v40c_02237,orig_singleton_frame_03804
frame_03805,data/images/frame_03805.npy,TRAIN,TRAIN,no,6,v40c_02238,orig_singleton_frame_03805
frame_03806,data/images/frame_03806.npy,TRAIN,TRAIN,no,6,v40c_02239,orig_singleton_frame_03806
frame_03807,data/images/frame_03807.npy,TRAIN,TRAIN,no,4,v40c_02240,orig_singleton_frame_03807
frame_03808,data/images/frame_03808.npy,TRAIN,TRAIN,no,5,v40c_02241,orig_singleton_frame_03808
frame_03809,data/images/frame_03809.npy,TRAIN,TRAIN,no,4,v40c_02242,orig_singleton_frame_03809
frame_03810,data/images/frame_03810.npy,TRAIN,TRAIN,no,5,v40c_02243,orig_singleton_frame_03810
frame_03811,data/images/frame_03811.npy,TRAIN,TRAIN,no,6,v40c_02244,orig_singleton_frame_03811
frame_03812,data/images/frame_03812.npy,TRAIN,TRAIN,no,6,v40c_02245,orig_singleton_frame_03812
frame_03813,data/images/frame_03813.npy,TRAIN,TRAIN,no,6,v40c_02246,orig_singleton_frame_03813
frame_03814,data/images/frame_03814.npy,TRAIN,TRAIN,no,5,v40c_02247,orig_singleton_frame_03814
frame_03815,data/images/frame_03815.npy,TRAIN,TRAIN,no,4,v40c_02248,orig_singleton_frame_03815
frame_03816,data/images/frame_03816.npy,TRAIN,TRAIN,no,5,v40c_02249,orig_rule_02304
frame_03817,data/images/frame_03817.npy,TRAIN,TRAIN,no,5,v40c_02249,orig_rule_02304
frame_03818,data/images/frame_03818.npy,TRAIN,TRAIN,no,4,v40c_02250,orig_singleton_frame_03818
frame_03819,data/images/frame_03819.npy,TRAIN,TRAIN,no,4,v40c_02249,orig_rule_02304
frame_03820,data/images/frame_03820.npy,TRAIN,TRAIN,no,4,v40c_02251,orig_singleton_frame_03820
frame_03821,data/images/frame_03821.npy,TRAIN,TRAIN,no,5,v40c_02252,orig_singleton_frame_03821
frame_03822,data/images/frame_03822.npy,TRAIN,TRAIN,no,4,v40c_02253,orig_singleton_frame_03822
frame_03823,data/images/frame_03823.npy,TRAIN,TRAIN,no,4,v40c_02254,orig_singleton_frame_03823
frame_03824,data/images/frame_03824.npy,TRAIN,TRAIN,no,4,v40c_02255,orig_singleton_frame_03824
frame_03825,data/images/frame_03825.npy,TRAIN,TRAIN,no,3,v40c_02256,orig_singleton_frame_03825
frame_03826,data/images/frame_03826.npy,TRAIN,TRAIN,no,3,v40c_02257,orig_singleton_frame_03826
frame_03827,data/images/frame_03827.npy,TRAIN,TRAIN,no,4,v40c_02258,orig_singleton_frame_03827
frame_03828,data/images/frame_03828.npy,TRAIN,TRAIN,no,2,v40c_02259,orig_singleton_frame_03828
frame_03829,data/images/frame_03829.npy,TRAIN,TRAIN,no,2,v40c_02260,orig_singleton_frame_03829
frame_03830,data/images/frame_03830.npy,TRAIN,TRAIN,no,3,v40c_02261,orig_singleton_frame_03830
frame_03831,data/images/frame_03831.npy,TRAIN,TRAIN,no,2,v40c_02262,orig_singleton_frame_03831
frame_03832,data/images/frame_03832.npy,TRAIN,TRAIN,no,3,v40c_02263,orig_singleton_frame_03832
frame_03833,data/images/frame_03833.npy,TRAIN,TRAIN,no,4,v40c_02264,orig_singleton_frame_03833
frame_03834,data/images/frame_03834.npy,TRAIN,TRAIN,no,4,v40c_02265,orig_singleton_frame_03834
frame_03835,data/images/frame_03835.npy,TRAIN,TRAIN,no,3,v40c_02266,orig_singleton_frame_03835
frame_03836,data/images/frame_03836.npy,TRAIN,TRAIN,no,4,v40c_02267,orig_singleton_frame_03836
frame_03837,data/images/frame_03837.npy,TRAIN,TRAIN,no,3,v40c_02268,orig_singleton_frame_03837
frame_03838,data/images/frame_03838.npy,TRAIN,TRAIN,no,3,v40c_02269,orig_singleton_frame_03838
frame_03839,data/images/frame_03839.npy,TRAIN,TRAIN,no,3,v40c_02270,orig_rule_02325
frame_03840,data/images/frame_03840.npy,TRAIN,TRAIN,no,4,v40c_02270,orig_rule_02325
frame_03841,data/images/frame_03841.npy,TRAIN,TRAIN,no,4,v40c_02271,orig_singleton_frame_03841
frame_03842,data/images/frame_03842.npy,TRAIN,TRAIN,no,4,v40c_02272,orig_singleton_frame_03842
frame_03843,data/images/frame_03843.npy,TRAIN,TRAIN,no,4,v40c_02273,orig_singleton_frame_03843
frame_03844,data/images/frame_03844.npy,TRAIN,TRAIN,no,4,v40c_02274,orig_singleton_frame_03844
frame_03845,data/images/frame_03845.npy,TRAIN,TRAIN,no,5,v40c_02275,orig_singleton_frame_03845
frame_03846,data/images/frame_03846.npy,TRAIN,TRAIN,no,4,v40c_02276,orig_singleton_frame_03846
frame_03847,data/images/frame_03847.npy,TRAIN,TRAIN,no,3,v40c_02277,orig_singleton_frame_03847
frame_03848,data/images/frame_03848.npy,TRAIN,TRAIN,no,3,v40c_02278,orig_singleton_frame_03848
frame_03849,data/images/frame_03849.npy,TRAIN,TRAIN,no,4,v40c_02279,orig_singleton_frame_03849
frame_03850,data/images/frame_03850.npy,TRAIN,TRAIN,no,4,v40c_02280,orig_singleton_frame_03850
frame_03851,data/images/frame_03851.npy,TRAIN,TRAIN,no,2,v40c_02281,orig_singleton_frame_03851
frame_03852,data/images/frame_03852.npy,TRAIN,TRAIN,no,3,v40c_02282,orig_singleton_frame_03852
frame_03853,data/images/frame_03853.npy,TRAIN,TRAIN,no,4,v40c_02283,orig_singleton_frame_03853
frame_03854,data/images/frame_03854.npy,TRAIN,TRAIN,no,2,v40c_02284,orig_singleton_frame_03854
frame_03855,data/images/frame_03855.npy,TRAIN,TRAIN,no,4,v40c_02285,orig_singleton_frame_03855
frame_03856,data/images/frame_03856.npy,TRAIN,TRAIN,no,3,v40c_02286,orig_rule_02341
frame_03857,data/images/frame_03857.npy,TRAIN,TRAIN,no,3,v40c_02286,orig_rule_02341
frame_03858,data/images/frame_03858.npy,TRAIN,TRAIN,no,2,v40c_02286,orig_rule_02341
frame_03859,data/images/frame_03859.npy,TRAIN,TRAIN,no,3,v40c_02287,orig_singleton_frame_03859
frame_03860,data/images/frame_03860.npy,TRAIN,TRAIN,no,3,v40c_02288,orig_singleton_frame_03860
frame_03861,data/images/frame_03861.npy,TRAIN,TRAIN,no,2,v40c_02289,orig_singleton_frame_03861
frame_03862,data/images/frame_03862.npy,TRAIN,TRAIN,no,2,v40c_02290,orig_singleton_frame_03862
frame_03863,data/images/frame_03863.npy,TRAIN,TRAIN,no,2,v40c_02291,orig_singleton_frame_03863
frame_03864,data/images/frame_03864.npy,TRAIN,TRAIN,no,3,v40c_02292,orig_singleton_frame_03864
frame_03865,data/images/frame_03865.npy,TRAIN,TRAIN,no,4,v40c_02293,orig_rule_02348
frame_03866,data/images/frame_03866.npy,TRAIN,TRAIN,no,2,v40c_02293,orig_rule_02348
frame_03867,data/images/frame_03867.npy,TRAIN,TRAIN,no,3,v40c_02294,orig_singleton_frame_03867
frame_03868,data/images/frame_03868.npy,TRAIN,TRAIN,no,2,v40c_02295,orig_rule_02350
frame_03869,data/images/frame_03869.npy,TRAIN,TRAIN,no,3,v40c_02295,orig_rule_02350
frame_03870,data/images/frame_03870.npy,TRAIN,TRAIN,no,4,v40c_02296,orig_rule_02351
frame_03871,data/images/frame_03871.npy,TRAIN,TRAIN,no,4,v40c_02296,orig_rule_02351
frame_03872,data/images/frame_03872.npy,TRAIN,TRAIN,no,4,v40c_02297,orig_rule_02352
frame_03873,data/images/frame_03873.npy,TRAIN,TRAIN,no,4,v40c_02297,orig_rule_02352
frame_03874,data/images/frame_03874.npy,TRAIN,TRAIN,no,4,v40c_02297,orig_rule_02352
frame_03875,data/images/frame_03875.npy,TRAIN,TRAIN,no,4,v40c_02298,orig_singleton_frame_03875
frame_03876,data/images/frame_03876.npy,TRAIN,TRAIN,no,4,v40c_02299,orig_singleton_frame_03876
frame_03877,data/images/frame_03877.npy,TRAIN,TRAIN,no,4,v40c_02300,orig_singleton_frame_03877
frame_03878,data/images/frame_03878.npy,TRAIN,TRAIN,no,4,v40c_02301,orig_singleton_frame_03878
frame_03879,data/images/frame_03879.npy,TRAIN,TRAIN,no,4,v40c_02302,orig_singleton_frame_03879
frame_03880,data/images/frame_03880.npy,TRAIN,TRAIN,no,4,v40c_02303,orig_singleton_frame_03880
frame_03881,data/images/frame_03881.npy,TRAIN,TRAIN,no,4,v40c_02304,orig_singleton_frame_03881
frame_03882,data/images/frame_03882.npy,TRAIN,TRAIN,no,3,v40c_02305,orig_singleton_frame_03882
frame_03883,data/images/frame_03883.npy,TRAIN,TRAIN,no,3,v40c_02306,orig_singleton_frame_03883
frame_03884,data/images/frame_03884.npy,TRAIN,TRAIN,no,3,v40c_02307,orig_singleton_frame_03884
frame_03885,data/images/frame_03885.npy,TRAIN,TRAIN,no,2,v40c_02308,orig_singleton_frame_03885
frame_03886,data/images/frame_03886.npy,TRAIN,TRAIN,no,2,v40c_02309,orig_rule_02364
frame_03887,data/images/frame_03887.npy,TRAIN,TRAIN,no,2,v40c_02309,orig_rule_02364
frame_03888,data/images/frame_03888.npy,TRAIN,TRAIN,no,2,v40c_02310,orig_singleton_frame_03888
frame_03889,data/images/frame_03889.npy,TRAIN,TRAIN,no,2,v40c_02311,orig_singleton_frame_03889
frame_03890,data/images/frame_03890.npy,TRAIN,TRAIN,no,3,v40c_02312,orig_singleton_frame_03890
frame_03891,data/images/frame_03891.npy,TRAIN,TRAIN,no,3,v40c_02313,orig_singleton_frame_03891
frame_03892,data/images/frame_03892.npy,TRAIN,TRAIN,no,3,v40c_02314,orig_singleton_frame_03892
frame_03893,data/images/frame_03893.npy,TRAIN,TRAIN,no,3,v40c_02315,orig_rule_02370
frame_03894,data/images/frame_03894.npy,TRAIN,TRAIN,no,3,v40c_02315,orig_rule_02370
frame_03895,data/images/frame_03895.npy,TRAIN,TRAIN,no,3,v40c_02316,orig_singleton_frame_03895
frame_03896,data/images/frame_03896.npy,TRAIN,TRAIN,no,2,v40c_02317,orig_rule_02372
frame_03897,data/images/frame_03897.npy,TRAIN,TRAIN,no,2,v40c_02317,orig_rule_02372
frame_03898,data/images/frame_03898.npy,TRAIN,TRAIN,no,2,v40c_02318,orig_singleton_frame_03898
frame_03899,data/images/frame_03899.npy,TRAIN,TRAIN,no,2,v40c_02319,orig_singleton_frame_03899
frame_03900,data/images/frame_03900.npy,TRAIN,TRAIN,no,2,v40c_02320,orig_rule_02375
frame_03901,data/images/frame_03901.npy,TRAIN,TRAIN,no,2,v40c_02320,orig_rule_02375
frame_03902,data/images/frame_03902.npy,TRAIN,TRAIN,no,2,v40c_02320,orig_rule_02375
frame_03903,data/images/frame_03903.npy,TRAIN,TRAIN,no,2,v40c_02321,orig_singleton_frame_03903
frame_03904,data/images/frame_03904.npy,TRAIN,TRAIN,no,2,v40c_02322,orig_singleton_frame_03904
frame_03905,data/images/frame_03905.npy,TRAIN,TRAIN,no,2,v40c_02323,orig_rule_02378
frame_03906,data/images/frame_03906.npy,TRAIN,TRAIN,no,2,v40c_02323,orig_rule_02378
frame_03907,data/images/frame_03907.npy,TRAIN,TRAIN,no,2,v40c_02323,orig_rule_02378
frame_03908,data/images/frame_03908.npy,TRAIN,TRAIN,no,2,v40c_02324,orig_singleton_frame_03908
frame_03909,data/images/frame_03909.npy,TRAIN,TRAIN,no,1,v40c_02325,orig_singleton_frame_03909
frame_03910,data/images/frame_03910.npy,TRAIN,TRAIN,no,1,v40c_02326,orig_singleton_frame_03910
frame_03911,data/images/frame_03911.npy,TRAIN,TRAIN,no,1,v40c_02327,orig_rule_02382
frame_03912,data/images/frame_03912.npy,TRAIN,TRAIN,no,1,v40c_02327,orig_rule_02382
frame_03913,data/images/frame_03913.npy,TRAIN,TRAIN,no,1,v40c_02327,orig_rule_02382
frame_03914,data/images/frame_03914.npy,TRAIN,TRAIN,no,1,v40c_02327,orig_rule_02382
frame_03915,data/images/frame_03915.npy,TRAIN,TRAIN,no,1,v40c_02328,orig_rule_02383
frame_03916,data/images/frame_03916.npy,TRAIN,TRAIN,no,1,v40c_02328,orig_rule_02383
frame_03917,data/images/frame_03917.npy,TRAIN,TRAIN,no,3,v40c_02329,orig_singleton_frame_03917
frame_03918,data/images/frame_03918.npy,TRAIN,TRAIN,no,4,v40c_02330,orig_rule_02385
frame_03919,data/images/frame_03919.npy,TRAIN,TRAIN,no,3,v40c_02330,orig_rule_02385
frame_03920,data/images/frame_03920.npy,TRAIN,TRAIN,no,3,v40c_02330,orig_rule_02385
frame_03921,data/images/frame_03921.npy,TRAIN,TRAIN,no,3,v40c_02330,orig_rule_02385
frame_03922,data/images/frame_03922.npy,TRAIN,TRAIN,no,3,v40c_02331,orig_singleton_frame_03922
frame_03923,data/images/frame_03923.npy,TRAIN,TRAIN,no,3,v40c_02332,orig_singleton_frame_03923
frame_03924,data/images/frame_03924.npy,TRAIN,TRAIN,no,3,v40c_02333,orig_singleton_frame_03924
frame_03925,data/images/frame_03925.npy,TRAIN,TRAIN,no,3,v40c_02334,orig_singleton_frame_03925
frame_03926,data/images/frame_03926.npy,TRAIN,TRAIN,no,4,v40c_02335,orig_singleton_frame_03926
frame_03927,data/images/frame_03927.npy,TRAIN,TRAIN,no,4,v40c_02336,orig_singleton_frame_03927
frame_03928,data/images/frame_03928.npy,TRAIN,TRAIN,no,4,v40c_02337,orig_singleton_frame_03928
frame_03929,data/images/frame_03929.npy,TRAIN,TRAIN,no,4,v40c_02338,orig_rule_02393
frame_03930,data/images/frame_03930.npy,TRAIN,TRAIN,no,4,v40c_02338,orig_rule_02393
frame_03931,data/images/frame_03931.npy,TRAIN,TRAIN,no,4,v40c_02339,orig_singleton_frame_03931
frame_03932,data/images/frame_03932.npy,TRAIN,TRAIN,no,4,v40c_02340,orig_singleton_frame_03932
frame_03933,data/images/frame_03933.npy,TRAIN,TRAIN,no,4,v40c_02341,orig_singleton_frame_03933
frame_03934,data/images/frame_03934.npy,TRAIN,TRAIN,no,4,v40c_02342,orig_singleton_frame_03934
frame_03935,data/images/frame_03935.npy,TRAIN,TRAIN,no,3,v40c_02343,orig_singleton_frame_03935
frame_03936,data/images/frame_03936.npy,TRAIN,TRAIN,no,3,v40c_02344,orig_singleton_frame_03936
frame_03937,data/images/frame_03937.npy,TRAIN,TRAIN,no,3,v40c_02345,orig_rule_02400
frame_03938,data/images/frame_03938.npy,TRAIN,TRAIN,no,3,v40c_02345,orig_rule_02400
frame_03939,data/images/frame_03939.npy,TRAIN,TRAIN,no,3,v40c_02346,orig_singleton_frame_03939
frame_03940,data/images/frame_03940.npy,TRAIN,TRAIN,no,2,v40c_02347,orig_rule_02402
frame_03941,data/images/frame_03941.npy,TRAIN,TRAIN,no,2,v40c_02347,orig_rule_02402
frame_03942,data/images/frame_03942.npy,TRAIN,TRAIN,no,2,v40c_02347,orig_rule_02402
frame_03943,data/images/frame_03943.npy,TRAIN,TRAIN,no,2,v40c_02348,orig_singleton_frame_03943
frame_03944,data/images/frame_03944.npy,TRAIN,TRAIN,no,2,v40c_02349,orig_singleton_frame_03944
frame_03945,data/images/frame_03945.npy,TRAIN,TRAIN,no,2,v40c_02350,orig_singleton_frame_03945
frame_03946,data/images/frame_03946.npy,TRAIN,TRAIN,no,2,v40c_02351,orig_singleton_frame_03946
frame_03947,data/images/frame_03947.npy,TRAIN,TRAIN,no,2,v40c_02352,orig_singleton_frame_03947
frame_03948,data/images/frame_03948.npy,TRAIN,TRAIN,no,2,v40c_02353,orig_rule_02408
frame_03949,data/images/frame_03949.npy,TRAIN,TRAIN,no,2,v40c_02353,orig_rule_02408
frame_03950,data/images/frame_03950.npy,TRAIN,TRAIN,no,2,v40c_02354,orig_singleton_frame_03950
frame_03951,data/images/frame_03951.npy,TRAIN,TRAIN,no,2,v40c_02355,orig_singleton_frame_03951
frame_03952,data/images/frame_03952.npy,TRAIN,TRAIN,no,2,v40c_02356,orig_singleton_frame_03952
frame_03953,data/images/frame_03953.npy,TRAIN,TRAIN,no,2,v40c_02357,orig_singleton_frame_03953
frame_03954,data/images/frame_03954.npy,TRAIN,TRAIN,no,1,v40c_02358,orig_singleton_frame_03954
frame_03955,data/images/frame_03955.npy,TRAIN,TRAIN,no,1,v40c_02359,orig_singleton_frame_03955
frame_03956,data/images/frame_03956.npy,TRAIN,TRAIN,no,1,v40c_02360,orig_singleton_frame_03956
frame_03957,data/images/frame_03957.npy,TRAIN,TRAIN,no,1,v40c_02361,orig_singleton_frame_03957
frame_03958,data/images/frame_03958.npy,TRAIN,TRAIN,no,1,v40c_02362,orig_singleton_frame_03958
frame_03959,data/images/frame_03959.npy,TRAIN,TRAIN,no,1,v40c_02363,orig_singleton_frame_03959
frame_03960,data/images/frame_03960.npy,TRAIN,TRAIN,no,1,v40c_02364,orig_singleton_frame_03960
frame_03961,data/images/frame_03961.npy,TRAIN,TRAIN,no,1,v40c_02365,orig_singleton_frame_03961
frame_03962,data/images/frame_03962.npy,TRAIN,TRAIN,no,1,v40c_02366,orig_singleton_frame_03962
frame_03963,data/images/frame_03963.npy,TRAIN,TRAIN,no,1,v40c_02367,orig_singleton_frame_03963
frame_03964,data/images/frame_03964.npy,TRAIN,TRAIN,no,1,v40c_02368,orig_singleton_frame_03964
frame_03965,data/images/frame_03965.npy,TRAIN,TRAIN,no,2,v40c_02369,orig_singleton_frame_03965
frame_03966,data/images/frame_03966.npy,TRAIN,TRAIN,no,2,v40c_02370,orig_singleton_frame_03966
frame_03967,data/images/frame_03967.npy,TRAIN,TRAIN,no,1,v40c_02371,orig_singleton_frame_03967
frame_03968,data/images/frame_03968.npy,TRAIN,TRAIN,no,2,v40c_02372,orig_singleton_frame_03968
frame_03969,data/images/frame_03969.npy,TRAIN,TRAIN,no,3,v40c_02373,orig_rule_02428
frame_03970,data/images/frame_03970.npy,TRAIN,TRAIN,no,3,v40c_02373,orig_rule_02428
frame_03971,data/images/frame_03971.npy,TRAIN,TRAIN,no,3,v40c_02373,orig_rule_02428
frame_03972,data/images/frame_03972.npy,TRAIN,TRAIN,no,3,v40c_02373,orig_rule_02428
frame_03973,data/images/frame_03973.npy,TRAIN,TRAIN,no,3,v40c_02373,orig_rule_02428
frame_03974,data/images/frame_03974.npy,TRAIN,TRAIN,no,3,v40c_02374,orig_singleton_frame_03974
frame_03975,data/images/frame_03975.npy,TRAIN,TRAIN,no,3,v40c_02375,orig_singleton_frame_03975
frame_03976,data/images/frame_03976.npy,TRAIN,TRAIN,no,3,v40c_02376,orig_rule_02431
frame_03977,data/images/frame_03977.npy,TRAIN,TRAIN,no,4,v40c_02376,orig_rule_02431
frame_03978,data/images/frame_03978.npy,TRAIN,TRAIN,no,4,v40c_02377,orig_rule_02432
frame_03979,data/images/frame_03979.npy,TRAIN,TRAIN,no,4,v40c_02377,orig_rule_02432
frame_03980,data/images/frame_03980.npy,TRAIN,TRAIN,no,4,v40c_02378,orig_singleton_frame_03980
frame_03981,data/images/frame_03981.npy,TRAIN,TRAIN,no,4,v40c_02379,orig_singleton_frame_03981
frame_03982,data/images/frame_03982.npy,TRAIN,TRAIN,no,4,v40c_02380,orig_singleton_frame_03982
frame_03983,data/images/frame_03983.npy,TRAIN,TRAIN,no,1,v40c_02381,orig_singleton_frame_03983
frame_03984,data/images/frame_03984.npy,TRAIN,TRAIN,no,2,v40c_02382,orig_singleton_frame_03984
frame_03985,data/images/frame_03985.npy,TRAIN,TRAIN,no,2,v40c_02383,orig_singleton_frame_03985
frame_03986,data/images/frame_03986.npy,TRAIN,TRAIN,no,1,v40c_02384,orig_singleton_frame_03986
frame_03987,data/images/frame_03987.npy,TRAIN,TRAIN,no,2,v40c_02385,orig_singleton_frame_03987
frame_03988,data/images/frame_03988.npy,TRAIN,TRAIN,no,2,v40c_02386,orig_singleton_frame_03988
frame_03989,data/images/frame_03989.npy,TRAIN,TRAIN,no,3,v40c_02387,orig_singleton_frame_03989
frame_03990,data/images/frame_03990.npy,TRAIN,TRAIN,no,3,v40c_02388,orig_singleton_frame_03990
frame_03991,data/images/frame_03991.npy,TRAIN,TRAIN,no,4,v40c_02389,orig_singleton_frame_03991
frame_03992,data/images/frame_03992.npy,TRAIN,TRAIN,no,4,v40c_02390,orig_singleton_frame_03992
frame_03993,data/images/frame_03993.npy,TRAIN,TRAIN,no,3,v40c_02391,orig_singleton_frame_03993
frame_03994,data/images/frame_03994.npy,TRAIN,TRAIN,no,3,v40c_02392,orig_singleton_frame_03994
frame_03995,data/images/frame_03995.npy,TRAIN,TRAIN,no,3,v40c_02393,orig_singleton_frame_03995
frame_03996,data/images/frame_03996.npy,TRAIN,TRAIN,no,3,v40c_02394,orig_rule_02449
frame_03997,data/images/frame_03997.npy,TRAIN,TRAIN,no,3,v40c_02394,orig_rule_02449
frame_03998,data/images/frame_03998.npy,TRAIN,TRAIN,no,3,v40c_02395,orig_singleton_frame_03998
frame_03999,data/images/frame_03999.npy,TRAIN,TRAIN,no,2,v40c_02396,orig_rule_02451
frame_04000,data/images/frame_04000.npy,TRAIN,TRAIN,no,2,v40c_02396,orig_rule_02451
frame_04001,data/images/frame_04001.npy,TRAIN,TRAIN,no,2,v40c_02397,orig_singleton_frame_04001
frame_04002,data/images/frame_04002.npy,TRAIN,TRAIN,no,2,v40c_02398,orig_singleton_frame_04002
frame_04003,data/images/frame_04003.npy,TRAIN,TRAIN,no,2,v40c_02399,orig_singleton_frame_04003
frame_04004,data/images/frame_04004.npy,TRAIN,TRAIN,no,3,v40c_02400,orig_singleton_frame_04004
frame_04005,data/images/frame_04005.npy,TRAIN,TRAIN,no,3,v40c_02401,orig_singleton_frame_04005
frame_04006,data/images/frame_04006.npy,TRAIN,TRAIN,no,3,v40c_02402,orig_singleton_frame_04006
frame_04007,data/images/frame_04007.npy,TRAIN,TRAIN,no,3,v40c_02403,orig_singleton_frame_04007
frame_04008,data/images/frame_04008.npy,TRAIN,TRAIN,no,3,v40c_02404,orig_singleton_frame_04008
frame_04009,data/images/frame_04009.npy,TRAIN,TRAIN,no,3,v40c_02405,orig_singleton_frame_04009
frame_04010,data/images/frame_04010.npy,TRAIN,TRAIN,no,3,v40c_02406,orig_singleton_frame_04010
frame_04011,data/images/frame_04011.npy,TRAIN,TRAIN,no,3,v40c_02407,orig_singleton_frame_04011
frame_04012,data/images/frame_04012.npy,TRAIN,TRAIN,no,4,v40c_02408,orig_singleton_frame_04012
frame_04013,data/images/frame_04013.npy,TRAIN,TRAIN,no,4,v40c_02409,orig_singleton_frame_04013
frame_04014,data/images/frame_04014.npy,TRAIN,TRAIN,no,3,v40c_02410,orig_singleton_frame_04014
frame_04015,data/images/frame_04015.npy,TRAIN,TRAIN,no,5,v40c_02411,orig_singleton_frame_04015
frame_04032,data/images/frame_04032.npy,VALIDATION,VALIDATION,no,1,v40c_02412,orig_singleton_frame_04032
frame_04033,data/images/frame_04033.npy,VALIDATION,VALIDATION,no,1,v40c_02413,orig_singleton_frame_04033
frame_04034,data/images/frame_04034.npy,VALIDATION,VALIDATION,no,1,v40c_02414,orig_singleton_frame_04034
frame_04035,data/images/frame_04035.npy,VALIDATION,VALIDATION,no,0,v40c_02415,orig_singleton_frame_04035
frame_04036,data/images/frame_04036.npy,VALIDATION,VALIDATION,no,1,v40c_02416,orig_singleton_frame_04036
frame_04037,data/images/frame_04037.npy,VALIDATION,VALIDATION,no,2,v40c_02417,orig_singleton_frame_04037
frame_04038,data/images/frame_04038.npy,VALIDATION,VALIDATION,no,3,v40c_02418,orig_singleton_frame_04038
frame_04039,data/images/frame_04039.npy,VALIDATION,VALIDATION,no,3,v40c_02419,orig_singleton_frame_04039
frame_04040,data/images/frame_04040.npy,VALIDATION,VALIDATION,no,3,v40c_02420,orig_singleton_frame_04040
frame_04041,data/images/frame_04041.npy,VALIDATION,VALIDATION,no,3,v40c_02421,orig_singleton_frame_04041
frame_04042,data/images/frame_04042.npy,VALIDATION,VALIDATION,no,3,v40c_02422,orig_singleton_frame_04042
frame_04043,data/images/frame_04043.npy,VALIDATION,VALIDATION,no,2,v40c_02423,orig_singleton_frame_04043
frame_04044,data/images/frame_04044.npy,VALIDATION,VALIDATION,no,2,v40c_02424,orig_singleton_frame_04044
frame_04045,data/images/frame_04045.npy,VALIDATION,VALIDATION,no,3,v40c_02425,orig_singleton_frame_04045
frame_04046,data/images/frame_04046.npy,VALIDATION,VALIDATION,no,3,v40c_02426,orig_singleton_frame_04046
frame_04047,data/images/frame_04047.npy,VALIDATION,VALIDATION,no,2,v40c_02427,orig_singleton_frame_04047
frame_04048,data/images/frame_04048.npy,VALIDATION,VALIDATION,no,2,v40c_02428,orig_singleton_frame_04048
frame_04049,data/images/frame_04049.npy,VALIDATION,VALIDATION,no,2,v40c_02429,orig_singleton_frame_04049
frame_04050,data/images/frame_04050.npy,VALIDATION,VALIDATION,no,2,v40c_02430,orig_singleton_frame_04050
frame_04051,data/images/frame_04051.npy,VALIDATION,VALIDATION,no,2,v40c_02431,orig_singleton_frame_04051
frame_04052,data/images/frame_04052.npy,VALIDATION,VALIDATION,no,2,v40c_02432,orig_singleton_frame_04052
frame_04053,data/images/frame_04053.npy,VALIDATION,VALIDATION,no,2,v40c_02433,orig_singleton_frame_04053
frame_04054,data/images/frame_04054.npy,VALIDATION,VALIDATION,no,2,v40c_02434,orig_singleton_frame_04054
frame_04055,data/images/frame_04055.npy,VALIDATION,VALIDATION,no,2,v40c_02435,orig_singleton_frame_04055
frame_04056,data/images/frame_04056.npy,VALIDATION,VALIDATION,no,3,v40c_02436,orig_singleton_frame_04056
frame_04057,data/images/frame_04057.npy,VALIDATION,VALIDATION,no,2,v40c_02437,orig_singleton_frame_04057
frame_04058,data/images/frame_04058.npy,VALIDATION,VALIDATION,no,2,v40c_02438,orig_rule_02493
frame_04059,data/images/frame_04059.npy,VALIDATION,VALIDATION,no,3,v40c_02438,orig_rule_02493
frame_04060,data/images/frame_04060.npy,VALIDATION,VALIDATION,no,4,v40c_02439,orig_singleton_frame_04060
frame_04061,data/images/frame_04061.npy,VALIDATION,VALIDATION,no,2,v40c_02440,orig_rule_02495
frame_04062,data/images/frame_04062.npy,VALIDATION,VALIDATION,no,4,v40c_02440,orig_rule_02495
frame_04063,data/images/frame_04063.npy,VALIDATION,VALIDATION,no,3,v40c_02441,orig_singleton_frame_04063
frame_04064,data/images/frame_04064.npy,VALIDATION,VALIDATION,no,4,v40c_02442,orig_singleton_frame_04064
frame_04065,data/images/frame_04065.npy,VALIDATION,VALIDATION,no,4,v40c_02443,orig_singleton_frame_04065
frame_04066,data/images/frame_04066.npy,VALIDATION,VALIDATION,no,4,v40c_02444,orig_singleton_frame_04066
frame_04067,data/images/frame_04067.npy,VALIDATION,VALIDATION,no,4,v40c_02445,orig_singleton_frame_04067
frame_04068,data/images/frame_04068.npy,VALIDATION,VALIDATION,no,3,v40c_02446,orig_rule_02501
frame_04069,data/images/frame_04069.npy,VALIDATION,VALIDATION,no,3,v40c_02446,orig_rule_02501
frame_04070,data/images/frame_04070.npy,VALIDATION,VALIDATION,no,3,v40c_02447,orig_singleton_frame_04070
frame_04071,data/images/frame_04071.npy,VALIDATION,VALIDATION,no,2,v40c_02448,orig_singleton_frame_04071
frame_04072,data/images/frame_04072.npy,VALIDATION,VALIDATION,no,2,v40c_02449,orig_singleton_frame_04072
frame_04073,data/images/frame_04073.npy,VALIDATION,VALIDATION,no,2,v40c_02450,orig_singleton_frame_04073
frame_04074,data/images/frame_04074.npy,VALIDATION,VALIDATION,no,2,v40c_02451,orig_singleton_frame_04074
frame_04075,data/images/frame_04075.npy,VALIDATION,VALIDATION,no,2,v40c_02452,orig_singleton_frame_04075
frame_04076,data/images/frame_04076.npy,VALIDATION,VALIDATION,no,2,v40c_02453,orig_singleton_frame_04076
nframe_00619,data/images/nframe_00619.npy,TRAIN,TRAIN,no,0,v40c_02454,orig_singleton_nframe_00619
nframe_00710,data/images/nframe_00710.npy,TRAIN,TRAIN,no,1,v40c_02455,orig_rule_02510
nframe_00713,data/images/nframe_00713.npy,TRAIN,TRAIN,no,1,v40c_02456,orig_singleton_nframe_00713
nframe_00723,data/images/nframe_00723.npy,TRAIN,TRAIN,no,1,v40c_02455,orig_rule_02510
nframe_00725,data/images/nframe_00725.npy,TRAIN,TRAIN,no,1,v40c_02455,orig_rule_02510
nframe_00727,data/images/nframe_00727.npy,TRAIN,TRAIN,no,1,v40c_02455,orig_rule_02510
nframe_00728,data/images/nframe_00728.npy,TRAIN,TRAIN,no,1,v40c_02455,orig_rule_02510
nframe_00729,data/images/nframe_00729.npy,TRAIN,TRAIN,no,1,v40c_02455,orig_rule_02510
nframe_00730,data/images/nframe_00730.npy,TRAIN,TRAIN,no,2,v40c_02455,orig_rule_02510
nframe_00731,data/images/nframe_00731.npy,TRAIN,TRAIN,no,2,v40c_02455,orig_rule_02510
nframe_00732,data/images/nframe_00732.npy,TRAIN,TRAIN,no,2,v40c_02455,orig_rule_02510
nframe_00733,data/images/nframe_00733.npy,TRAIN,TRAIN,no,2,v40c_02455,orig_rule_02510
nframe_00734,data/images/nframe_00734.npy,TRAIN,TRAIN,no,2,v40c_02455,orig_rule_02510
nframe_00735,data/images/nframe_00735.npy,TRAIN,TRAIN,no,1,v40c_02455,orig_rule_02510
nframe_00736,data/images/nframe_00736.npy,TRAIN,TRAIN,no,1,v40c_02455,orig_rule_02510
nframe_00737,data/images/nframe_00737.npy,TRAIN,TRAIN,no,1,v40c_02455,orig_rule_02510
nframe_00738,data/images/nframe_00738.npy,TRAIN,TRAIN,no,1,v40c_02455,orig_rule_02510
nframe_00739,data/images/nframe_00739.npy,TRAIN,TRAIN,no,1,v40c_02455,orig_rule_02510
nframe_00740,data/images/nframe_00740.npy,TRAIN,TRAIN,no,1,v40c_02455,orig_rule_02510
nframe_00741,data/images/nframe_00741.npy,TRAIN,TRAIN,no,1,v40c_02455,orig_rule_02510
nframe_00742,data/images/nframe_00742.npy,TRAIN,TRAIN,no,1,v40c_02455,orig_rule_02510
nframe_00743,data/images/nframe_00743.npy,TRAIN,TRAIN,no,1,v40c_02455,orig_rule_02510
nframe_00744,data/images/nframe_00744.npy,TRAIN,TRAIN,no,1,v40c_02455,orig_rule_02510
nframe_00745,data/images/nframe_00745.npy,TRAIN,TRAIN,no,1,v40c_02455,orig_rule_02510
nframe_00746,data/images/nframe_00746.npy,TRAIN,TRAIN,no,1,v40c_02455,orig_rule_02510
nframe_00747,data/images/nframe_00747.npy,TRAIN,TRAIN,no,1,v40c_02455,orig_rule_02510
nframe_00748,data/images/nframe_00748.npy,TRAIN,TRAIN,no,1,v40c_02455,orig_rule_02510
nframe_00749,data/images/nframe_00749.npy,TRAIN,TRAIN,no,1,v40c_02455,orig_rule_02510
nframe_00750,data/images/nframe_00750.npy,TRAIN,TRAIN,no,1,v40c_02455,orig_rule_02510
nframe_00751,data/images/nframe_00751.npy,TRAIN,TRAIN,no,1,v40c_02455,orig_rule_02510
nframe_00753,data/images/nframe_00753.npy,TRAIN,TRAIN,no,1,v40c_02455,orig_rule_02510
nframe_00754,data/images/nframe_00754.npy,TRAIN,TRAIN,no,1,v40c_02455,orig_rule_02510
nframe_00755,data/images/nframe_00755.npy,TRAIN,TRAIN,no,1,v40c_02455,orig_rule_02510
nframe_00756,data/images/nframe_00756.npy,TRAIN,TRAIN,no,1,v40c_02455,orig_rule_02510
nframe_00757,data/images/nframe_00757.npy,TRAIN,TRAIN,no,1,v40c_02455,orig_rule_02510
nframe_00758,data/images/nframe_00758.npy,TRAIN,TRAIN,no,1,v40c_02455,orig_rule_02510
nframe_00760,data/images/nframe_00760.npy,TRAIN,TRAIN,no,1,v40c_02457,orig_singleton_nframe_00760
nframe_00768,data/images/nframe_00768.npy,TRAIN,TRAIN,no,2,v40c_02455,orig_rule_02510
nframe_00769,data/images/nframe_00769.npy,TRAIN,TRAIN,no,2,v40c_02455,orig_rule_02510
nframe_00770,data/images/nframe_00770.npy,TRAIN,TRAIN,no,2,v40c_02455,orig_rule_02510
nframe_00771,data/images/nframe_00771.npy,TRAIN,TRAIN,no,2,v40c_02455,orig_rule_02510
nframe_00772,data/images/nframe_00772.npy,TRAIN,TRAIN,no,2,v40c_02455,orig_rule_02510
nframe_00773,data/images/nframe_00773.npy,TRAIN,TRAIN,no,2,v40c_02455,orig_rule_02510
nframe_00777,data/images/nframe_00777.npy,TRAIN,TRAIN,no,1,v40c_02455,orig_rule_02510
nframe_00778,data/images/nframe_00778.npy,TRAIN,TRAIN,no,1,v40c_02455,orig_rule_02510
nframe_00779,data/images/nframe_00779.npy,TRAIN,TRAIN,no,1,v40c_02458,orig_rule_02513
nframe_00780,data/images/nframe_00780.npy,TRAIN,TRAIN,no,1,v40c_02458,orig_rule_02513
nframe_00784,data/images/nframe_00784.npy,TRAIN,TRAIN,no,1,v40c_02455,orig_rule_02510
nframe_00786,data/images/nframe_00786.npy,TRAIN,TRAIN,no,2,v40c_02455,orig_rule_02510
nframe_00787,data/images/nframe_00787.npy,TRAIN,TRAIN,no,2,v40c_02455,orig_rule_02510
nframe_00789,data/images/nframe_00789.npy,TRAIN,TRAIN,no,1,v40c_02455,orig_rule_02510
nframe_00790,data/images/nframe_00790.npy,TRAIN,TRAIN,no,1,v40c_02455,orig_rule_02510
nframe_00791,data/images/nframe_00791.npy,TRAIN,TRAIN,no,1,v40c_02455,orig_rule_02510
nframe_00792,data/images/nframe_00792.npy,TRAIN,TRAIN,no,2,v40c_02455,orig_rule_02510
nframe_00793,data/images/nframe_00793.npy,TRAIN,TRAIN,no,2,v40c_02455,orig_rule_02510
nframe_00794,data/images/nframe_00794.npy,TRAIN,TRAIN,no,2,v40c_02455,orig_rule_02510
nframe_00795,data/images/nframe_00795.npy,TRAIN,TRAIN,no,2,v40c_02455,orig_rule_02510
nframe_00796,data/images/nframe_00796.npy,TRAIN,TRAIN,no,2,v40c_02455,orig_rule_02510
nframe_00797,data/images/nframe_00797.npy,TRAIN,TRAIN,no,2,v40c_02455,orig_rule_02510
nframe_00798,data/images/nframe_00798.npy,TRAIN,TRAIN,no,2,v40c_02455,orig_rule_02510
nframe_00799,data/images/nframe_00799.npy,TRAIN,TRAIN,no,2,v40c_02455,orig_rule_02510
nframe_00800,data/images/nframe_00800.npy,TRAIN,TRAIN,no,1,v40c_02455,orig_rule_02510
nframe_00801,data/images/nframe_00801.npy,TRAIN,TRAIN,no,1,v40c_02455,orig_rule_02510
nframe_00802,data/images/nframe_00802.npy,TRAIN,TRAIN,no,1,v40c_02455,orig_rule_02510
nframe_00803,data/images/nframe_00803.npy,TRAIN,TRAIN,no,2,v40c_02455,orig_rule_02510
nframe_00804,data/images/nframe_00804.npy,TRAIN,TRAIN,no,2,v40c_02455,orig_rule_02510
nframe_00805,data/images/nframe_00805.npy,TRAIN,TRAIN,no,2,v40c_02455,orig_rule_02510
nframe_00806,data/images/nframe_00806.npy,TRAIN,TRAIN,no,2,v40c_02455,orig_rule_02510
nframe_00807,data/images/nframe_00807.npy,TRAIN,TRAIN,no,2,v40c_02455,orig_rule_02510
nframe_00808,data/images/nframe_00808.npy,TRAIN,TRAIN,no,2,v40c_02455,orig_rule_02510
nframe_00809,data/images/nframe_00809.npy,TRAIN,TRAIN,no,2,v40c_02455,orig_rule_02510
nframe_00810,data/images/nframe_00810.npy,TRAIN,TRAIN,no,2,v40c_02459,orig_singleton_nframe_00810
nframe_00811,data/images/nframe_00811.npy,TRAIN,TRAIN,no,2,v40c_02455,orig_rule_02510
nframe_00812,data/images/nframe_00812.npy,TRAIN,TRAIN,no,2,v40c_02455,orig_rule_02510
nframe_00813,data/images/nframe_00813.npy,TRAIN,TRAIN,no,2,v40c_02455,orig_rule_02510
nframe_00814,data/images/nframe_00814.npy,TRAIN,TRAIN,no,2,v40c_02455,orig_rule_02510
nframe_00815,data/images/nframe_00815.npy,TRAIN,TRAIN,no,2,v40c_02455,orig_rule_02510
nframe_00832,data/images/nframe_00832.npy,TRAIN,TRAIN,no,2,v40c_02460,orig_rule_02515
nframe_00833,data/images/nframe_00833.npy,TRAIN,TRAIN,no,2,v40c_02461,orig_rule_02516
nframe_00834,data/images/nframe_00834.npy,TRAIN,TRAIN,no,2,v40c_02461,orig_rule_02516
nframe_00835,data/images/nframe_00835.npy,TRAIN,TRAIN,no,2,v40c_02461,orig_rule_02516
nframe_00836,data/images/nframe_00836.npy,TRAIN,TRAIN,no,2,v40c_02461,orig_rule_02516
nframe_00837,data/images/nframe_00837.npy,TRAIN,TRAIN,no,2,v40c_02461,orig_rule_02516
nframe_00838,data/images/nframe_00838.npy,TRAIN,TRAIN,no,2,v40c_02461,orig_rule_02516
nframe_00839,data/images/nframe_00839.npy,TRAIN,TRAIN,no,2,v40c_02461,orig_rule_02516
nframe_00840,data/images/nframe_00840.npy,TRAIN,TRAIN,no,2,v40c_02461,orig_rule_02516
nframe_00841,data/images/nframe_00841.npy,TRAIN,TRAIN,no,2,v40c_02461,orig_rule_02516
nframe_00842,data/images/nframe_00842.npy,TRAIN,TRAIN,no,2,v40c_02461,orig_rule_02516
nframe_00843,data/images/nframe_00843.npy,TRAIN,TRAIN,no,2,v40c_02460,orig_rule_02515
nframe_00844,data/images/nframe_00844.npy,TRAIN,TRAIN,no,2,v40c_02461,orig_rule_02516
nframe_00845,data/images/nframe_00845.npy,TRAIN,TRAIN,no,2,v40c_02461,orig_rule_02516
nframe_00846,data/images/nframe_00846.npy,TRAIN,TRAIN,no,2,v40c_02461,orig_rule_02516
nframe_00847,data/images/nframe_00847.npy,TRAIN,TRAIN,no,2,v40c_02461,orig_rule_02516
nframe_00848,data/images/nframe_00848.npy,TRAIN,TRAIN,no,2,v40c_02461,orig_rule_02516
nframe_00849,data/images/nframe_00849.npy,TRAIN,TRAIN,no,2,v40c_02461,orig_rule_02516
nframe_00850,data/images/nframe_00850.npy,TRAIN,TRAIN,no,2,v40c_02461,orig_rule_02516
nframe_00851,data/images/nframe_00851.npy,TRAIN,TRAIN,no,2,v40c_02461,orig_rule_02516
nframe_00852,data/images/nframe_00852.npy,TRAIN,TRAIN,no,2,v40c_02461,orig_rule_02516
nframe_00853,data/images/nframe_00853.npy,TRAIN,TRAIN,no,2,v40c_02461,orig_rule_02516
nframe_00854,data/images/nframe_00854.npy,TRAIN,TRAIN,no,2,v40c_02461,orig_rule_02516
nframe_00855,data/images/nframe_00855.npy,TRAIN,TRAIN,no,2,v40c_02461,orig_rule_02516
nframe_00856,data/images/nframe_00856.npy,TRAIN,TRAIN,no,2,v40c_02461,orig_rule_02516
nframe_00857,data/images/nframe_00857.npy,TRAIN,TRAIN,no,2,v40c_02461,orig_rule_02516
nframe_00858,data/images/nframe_00858.npy,TRAIN,TRAIN,no,2,v40c_02461,orig_rule_02516
nframe_00859,data/images/nframe_00859.npy,TRAIN,TRAIN,no,2,v40c_02461,orig_rule_02516
nframe_00860,data/images/nframe_00860.npy,TRAIN,TRAIN,no,2,v40c_02461,orig_rule_02516
nframe_00861,data/images/nframe_00861.npy,TRAIN,TRAIN,no,2,v40c_02461,orig_rule_02516
nframe_00862,data/images/nframe_00862.npy,TRAIN,TRAIN,no,2,v40c_02461,orig_rule_02516
nframe_00863,data/images/nframe_00863.npy,TRAIN,TRAIN,no,2,v40c_02461,orig_rule_02516
nframe_00864,data/images/nframe_00864.npy,TRAIN,TRAIN,no,2,v40c_02461,orig_rule_02516
nframe_00865,data/images/nframe_00865.npy,TRAIN,TRAIN,no,2,v40c_02461,orig_rule_02516
nframe_00866,data/images/nframe_00866.npy,TRAIN,TRAIN,no,2,v40c_02461,orig_rule_02516
nframe_00867,data/images/nframe_00867.npy,TRAIN,TRAIN,no,2,v40c_02461,orig_rule_02516
nframe_00868,data/images/nframe_00868.npy,TRAIN,TRAIN,no,2,v40c_02461,orig_rule_02516
nframe_00869,data/images/nframe_00869.npy,TRAIN,TRAIN,no,2,v40c_02461,orig_rule_02516
nframe_00870,data/images/nframe_00870.npy,TRAIN,TRAIN,no,2,v40c_02461,orig_rule_02516
nframe_00871,data/images/nframe_00871.npy,TRAIN,TRAIN,no,2,v40c_02461,orig_rule_02516
nframe_00872,data/images/nframe_00872.npy,TRAIN,TRAIN,no,2,v40c_02461,orig_rule_02516
nframe_00873,data/images/nframe_00873.npy,TRAIN,TRAIN,no,2,v40c_02461,orig_rule_02516
nframe_00874,data/images/nframe_00874.npy,TRAIN,TRAIN,no,2,v40c_02461,orig_rule_02516
nframe_00875,data/images/nframe_00875.npy,TRAIN,TRAIN,no,2,v40c_02461,orig_rule_02516
nframe_00876,data/images/nframe_00876.npy,TRAIN,TRAIN,no,2,v40c_02461,orig_rule_02516
nframe_00877,data/images/nframe_00877.npy,TRAIN,TRAIN,no,2,v40c_02461,orig_rule_02516
nframe_00878,data/images/nframe_00878.npy,TRAIN,TRAIN,no,2,v40c_02461,orig_rule_02516
nframe_00879,data/images/nframe_00879.npy,TRAIN,TRAIN,no,2,v40c_02461,orig_rule_02516
nframe_00880,data/images/nframe_00880.npy,TRAIN,TRAIN,no,2,v40c_02461,orig_rule_02516
nframe_00881,data/images/nframe_00881.npy,TRAIN,TRAIN,no,2,v40c_02461,orig_rule_02516
nframe_00882,data/images/nframe_00882.npy,TRAIN,TRAIN,no,2,v40c_02461,orig_rule_02516
nframe_00883,data/images/nframe_00883.npy,TRAIN,TRAIN,no,2,v40c_02461,orig_rule_02516
nframe_00884,data/images/nframe_00884.npy,TRAIN,TRAIN,no,2,v40c_02461,orig_rule_02516
nframe_00885,data/images/nframe_00885.npy,TRAIN,TRAIN,no,2,v40c_02461,orig_rule_02516
nframe_00886,data/images/nframe_00886.npy,TRAIN,TRAIN,no,2,v40c_02461,orig_rule_02516
nframe_00887,data/images/nframe_00887.npy,TRAIN,TRAIN,no,2,v40c_02461,orig_rule_02516
nframe_00888,data/images/nframe_00888.npy,TRAIN,TRAIN,no,2,v40c_02461,orig_rule_02516
nframe_00889,data/images/nframe_00889.npy,TRAIN,TRAIN,no,2,v40c_02461,orig_rule_02516
nframe_00890,data/images/nframe_00890.npy,TRAIN,TRAIN,no,2,v40c_02461,orig_rule_02516
nframe_00891,data/images/nframe_00891.npy,TRAIN,TRAIN,no,2,v40c_02461,orig_rule_02516
nframe_00892,data/images/nframe_00892.npy,TRAIN,TRAIN,no,2,v40c_02461,orig_rule_02516
nframe_00893,data/images/nframe_00893.npy,TRAIN,TRAIN,no,2,v40c_02461,orig_rule_02516
nframe_00894,data/images/nframe_00894.npy,TRAIN,TRAIN,no,2,v40c_02461,orig_rule_02516
nframe_00895,data/images/nframe_00895.npy,TRAIN,TRAIN,no,2,v40c_02461,orig_rule_02516
nframe_00912,data/images/nframe_00912.npy,TRAIN,TRAIN,no,2,v40c_02462,orig_rule_02517
nframe_00913,data/images/nframe_00913.npy,TRAIN,TRAIN,no,2,v40c_02462,orig_rule_02517
nframe_00914,data/images/nframe_00914.npy,TRAIN,TRAIN,no,2,v40c_02462,orig_rule_02517
nframe_00915,data/images/nframe_00915.npy,TRAIN,TRAIN,no,2,v40c_02462,orig_rule_02517
nframe_00916,data/images/nframe_00916.npy,TRAIN,TRAIN,no,2,v40c_02462,orig_rule_02517
nframe_00917,data/images/nframe_00917.npy,TRAIN,TRAIN,no,2,v40c_02462,orig_rule_02517
nframe_00918,data/images/nframe_00918.npy,TRAIN,TRAIN,no,2,v40c_02463,orig_singleton_nframe_00918
nframe_00919,data/images/nframe_00919.npy,TRAIN,TRAIN,no,2,v40c_02462,orig_rule_02517
nframe_00920,data/images/nframe_00920.npy,TRAIN,TRAIN,no,2,v40c_02462,orig_rule_02517
nframe_00921,data/images/nframe_00921.npy,TRAIN,TRAIN,no,2,v40c_02462,orig_rule_02517
nframe_00922,data/images/nframe_00922.npy,TRAIN,TRAIN,no,2,v40c_02464,orig_rule_02519
nframe_00923,data/images/nframe_00923.npy,TRAIN,TRAIN,no,2,v40c_02464,orig_rule_02519
nframe_00924,data/images/nframe_00924.npy,TRAIN,TRAIN,no,2,v40c_02465,orig_singleton_nframe_00924
nframe_00925,data/images/nframe_00925.npy,TRAIN,TRAIN,no,2,v40c_02466,orig_singleton_nframe_00925
nframe_00926,data/images/nframe_00926.npy,TRAIN,TRAIN,no,2,v40c_02467,orig_rule_02522
nframe_00927,data/images/nframe_00927.npy,TRAIN,TRAIN,no,2,v40c_02467,orig_rule_02522
nframe_00928,data/images/nframe_00928.npy,TRAIN,TRAIN,no,2,v40c_02468,orig_rule_02523
nframe_00929,data/images/nframe_00929.npy,TRAIN,TRAIN,no,2,v40c_02468,orig_rule_02523
nframe_00930,data/images/nframe_00930.npy,TRAIN,TRAIN,no,2,v40c_02469,orig_rule_02524
nframe_00931,data/images/nframe_00931.npy,TRAIN,TRAIN,no,2,v40c_02469,orig_rule_02524
nframe_00932,data/images/nframe_00932.npy,TRAIN,TRAIN,no,2,v40c_02469,orig_rule_02524
nframe_00933,data/images/nframe_00933.npy,TRAIN,TRAIN,no,2,v40c_02470,orig_singleton_nframe_00933
nframe_00934,data/images/nframe_00934.npy,TRAIN,TRAIN,no,2,v40c_02468,orig_rule_02523
nframe_00935,data/images/nframe_00935.npy,TRAIN,TRAIN,no,2,v40c_02468,orig_rule_02523
nframe_00936,data/images/nframe_00936.npy,TRAIN,TRAIN,no,3,v40c_02468,orig_rule_02523
nframe_00937,data/images/nframe_00937.npy,TRAIN,TRAIN,no,3,v40c_02468,orig_rule_02523
nframe_00938,data/images/nframe_00938.npy,TRAIN,TRAIN,no,3,v40c_02468,orig_rule_02523
nframe_00939,data/images/nframe_00939.npy,TRAIN,TRAIN,no,3,v40c_02468,orig_rule_02523
nframe_00940,data/images/nframe_00940.npy,TRAIN,TRAIN,no,3,v40c_02468,orig_rule_02523
nframe_00941,data/images/nframe_00941.npy,TRAIN,TRAIN,no,2,v40c_02468,orig_rule_02523
nframe_00942,data/images/nframe_00942.npy,TRAIN,TRAIN,no,2,v40c_02468,orig_rule_02523
nframe_00943,data/images/nframe_00943.npy,TRAIN,TRAIN,no,2,v40c_02468,orig_rule_02523
nframe_00944,data/images/nframe_00944.npy,TRAIN,TRAIN,no,2,v40c_02468,orig_rule_02523
nframe_00945,data/images/nframe_00945.npy,TRAIN,TRAIN,no,2,v40c_02468,orig_rule_02523
nframe_00946,data/images/nframe_00946.npy,TRAIN,TRAIN,no,3,v40c_02471,orig_singleton_nframe_00946
nframe_00947,data/images/nframe_00947.npy,TRAIN,TRAIN,no,3,v40c_02468,orig_rule_02523
nframe_00948,data/images/nframe_00948.npy,TRAIN,TRAIN,no,2,v40c_02468,orig_rule_02523
nframe_00949,data/images/nframe_00949.npy,TRAIN,TRAIN,no,3,v40c_02468,orig_rule_02523
nframe_00950,data/images/nframe_00950.npy,TRAIN,TRAIN,no,3,v40c_02468,orig_rule_02523
nframe_00951,data/images/nframe_00951.npy,TRAIN,TRAIN,no,3,v40c_02468,orig_rule_02523
nframe_00952,data/images/nframe_00952.npy,TRAIN,TRAIN,no,3,v40c_02468,orig_rule_02523
nframe_00953,data/images/nframe_00953.npy,TRAIN,TRAIN,no,3,v40c_02468,orig_rule_02523
nframe_00954,data/images/nframe_00954.npy,TRAIN,TRAIN,no,3,v40c_02468,orig_rule_02523
nframe_00955,data/images/nframe_00955.npy,TRAIN,TRAIN,no,3,v40c_02468,orig_rule_02523
nframe_00956,data/images/nframe_00956.npy,TRAIN,TRAIN,no,3,v40c_02468,orig_rule_02523
nframe_00957,data/images/nframe_00957.npy,TRAIN,TRAIN,no,3,v40c_02468,orig_rule_02523
nframe_00958,data/images/nframe_00958.npy,TRAIN,TRAIN,no,3,v40c_02468,orig_rule_02523
nframe_00959,data/images/nframe_00959.npy,TRAIN,TRAIN,no,3,v40c_02468,orig_rule_02523
nframe_00960,data/images/nframe_00960.npy,TRAIN,TRAIN,no,3,v40c_02472,orig_singleton_nframe_00960
nframe_00961,data/images/nframe_00961.npy,TRAIN,TRAIN,no,3,v40c_02473,orig_singleton_nframe_00961
nframe_00962,data/images/nframe_00962.npy,TRAIN,TRAIN,no,3,v40c_02468,orig_rule_02523
nframe_00963,data/images/nframe_00963.npy,TRAIN,TRAIN,no,3,v40c_02474,orig_rule_02529
nframe_00964,data/images/nframe_00964.npy,TRAIN,TRAIN,no,3,v40c_02474,orig_rule_02529
nframe_00965,data/images/nframe_00965.npy,TRAIN,TRAIN,no,3,v40c_02468,orig_rule_02523
nframe_00966,data/images/nframe_00966.npy,TRAIN,TRAIN,no,3,v40c_02468,orig_rule_02523
nframe_00967,data/images/nframe_00967.npy,TRAIN,TRAIN,no,3,v40c_02468,orig_rule_02523
nframe_00968,data/images/nframe_00968.npy,TRAIN,TRAIN,no,3,v40c_02468,orig_rule_02523
nframe_00969,data/images/nframe_00969.npy,TRAIN,TRAIN,no,3,v40c_02468,orig_rule_02523
nframe_00970,data/images/nframe_00970.npy,TRAIN,TRAIN,no,3,v40c_02468,orig_rule_02523
nframe_00971,data/images/nframe_00971.npy,TRAIN,TRAIN,no,3,v40c_02468,orig_rule_02523
nframe_00972,data/images/nframe_00972.npy,TRAIN,TRAIN,no,3,v40c_02468,orig_rule_02523
nframe_00973,data/images/nframe_00973.npy,TRAIN,TRAIN,no,3,v40c_02475,orig_singleton_nframe_00973
nframe_00974,data/images/nframe_00974.npy,TRAIN,TRAIN,no,3,v40c_02468,orig_rule_02523
nframe_00975,data/images/nframe_00975.npy,TRAIN,TRAIN,no,3,v40c_02468,orig_rule_02523
nframe_00976,data/images/nframe_00976.npy,TRAIN,TRAIN,no,3,v40c_02468,orig_rule_02523
nframe_00977,data/images/nframe_00977.npy,TRAIN,TRAIN,no,3,v40c_02468,orig_rule_02523
nframe_00978,data/images/nframe_00978.npy,TRAIN,TRAIN,no,3,v40c_02468,orig_rule_02523
nframe_00979,data/images/nframe_00979.npy,TRAIN,TRAIN,no,3,v40c_02476,orig_singleton_nframe_00979
nframe_00980,data/images/nframe_00980.npy,TRAIN,TRAIN,no,3,v40c_02477,orig_singleton_nframe_00980
nframe_00981,data/images/nframe_00981.npy,TRAIN,TRAIN,no,3,v40c_02478,orig_singleton_nframe_00981
nframe_00982,data/images/nframe_00982.npy,TRAIN,TRAIN,no,3,v40c_02474,orig_rule_02529
nframe_00983,data/images/nframe_00983.npy,TRAIN,TRAIN,no,3,v40c_02468,orig_rule_02523
nframe_00984,data/images/nframe_00984.npy,TRAIN,TRAIN,no,3,v40c_02468,orig_rule_02523
nframe_00985,data/images/nframe_00985.npy,TRAIN,TRAIN,no,3,v40c_02468,orig_rule_02523
nframe_00986,data/images/nframe_00986.npy,TRAIN,TRAIN,no,3,v40c_02468,orig_rule_02523
nframe_00987,data/images/nframe_00987.npy,TRAIN,TRAIN,no,3,v40c_02468,orig_rule_02523
nframe_00988,data/images/nframe_00988.npy,TRAIN,TRAIN,no,3,v40c_02468,orig_rule_02523
nframe_00989,data/images/nframe_00989.npy,TRAIN,TRAIN,no,3,v40c_02468,orig_rule_02523
nframe_00990,data/images/nframe_00990.npy,TRAIN,TRAIN,no,3,v40c_02468,orig_rule_02523
nframe_00991,data/images/nframe_00991.npy,TRAIN,TRAIN,no,3,v40c_02468,orig_rule_02523
nframe_00992,data/images/nframe_00992.npy,TRAIN,TRAIN,no,3,v40c_02468,orig_rule_02523
nframe_00993,data/images/nframe_00993.npy,TRAIN,TRAIN,no,3,v40c_02468,orig_rule_02523
nframe_00994,data/images/nframe_00994.npy,TRAIN,TRAIN,no,3,v40c_02468,orig_rule_02523
nframe_00995,data/images/nframe_00995.npy,TRAIN,TRAIN,no,3,v40c_02468,orig_rule_02523
nframe_00996,data/images/nframe_00996.npy,TRAIN,TRAIN,no,3,v40c_02468,orig_rule_02523
nframe_00997,data/images/nframe_00997.npy,TRAIN,TRAIN,no,3,v40c_02468,orig_rule_02523
nframe_00998,data/images/nframe_00998.npy,TRAIN,TRAIN,no,3,v40c_02468,orig_rule_02523
nframe_00999,data/images/nframe_00999.npy,TRAIN,TRAIN,no,3,v40c_02468,orig_rule_02523
nframe_01000,data/images/nframe_01000.npy,TRAIN,TRAIN,no,3,v40c_02468,orig_rule_02523
nframe_01001,data/images/nframe_01001.npy,TRAIN,TRAIN,no,3,v40c_02468,orig_rule_02523
nframe_01002,data/images/nframe_01002.npy,TRAIN,TRAIN,no,3,v40c_02468,orig_rule_02523
nframe_01003,data/images/nframe_01003.npy,TRAIN,TRAIN,no,3,v40c_02468,orig_rule_02523
nframe_01004,data/images/nframe_01004.npy,TRAIN,TRAIN,no,3,v40c_02468,orig_rule_02523
nframe_01005,data/images/nframe_01005.npy,TRAIN,TRAIN,no,3,v40c_02468,orig_rule_02523
nframe_01006,data/images/nframe_01006.npy,TRAIN,TRAIN,no,3,v40c_02468,orig_rule_02523
nframe_01007,data/images/nframe_01007.npy,TRAIN,TRAIN,no,3,v40c_02468,orig_rule_02523
nframe_01024,data/images/nframe_01024.npy,TRAIN,TRAIN,no,3,v40c_02468,orig_rule_02523
nframe_01025,data/images/nframe_01025.npy,TRAIN,TRAIN,no,3,v40c_02468,orig_rule_02523
nframe_01026,data/images/nframe_01026.npy,TRAIN,TRAIN,no,3,v40c_02468,orig_rule_02523
nframe_01027,data/images/nframe_01027.npy,TRAIN,TRAIN,no,3,v40c_02468,orig_rule_02523
nframe_01028,data/images/nframe_01028.npy,TRAIN,TRAIN,no,3,v40c_02468,orig_rule_02523
nframe_01029,data/images/nframe_01029.npy,TRAIN,TRAIN,no,3,v40c_02468,orig_rule_02523
nframe_01030,data/images/nframe_01030.npy,TRAIN,TRAIN,no,3,v40c_02468,orig_rule_02523
nframe_01031,data/images/nframe_01031.npy,TRAIN,TRAIN,no,3,v40c_02468,orig_rule_02523
nframe_01032,data/images/nframe_01032.npy,TRAIN,TRAIN,no,3,v40c_02468,orig_rule_02523
nframe_01033,data/images/nframe_01033.npy,TRAIN,TRAIN,no,3,v40c_02468,orig_rule_02523
nframe_01034,data/images/nframe_01034.npy,TRAIN,TRAIN,no,3,v40c_02468,orig_rule_02523
nframe_01035,data/images/nframe_01035.npy,TRAIN,TRAIN,no,3,v40c_02468,orig_rule_02523
nframe_01036,data/images/nframe_01036.npy,TRAIN,TRAIN,no,4,v40c_02468,orig_rule_02523
nframe_01037,data/images/nframe_01037.npy,TRAIN,TRAIN,no,4,v40c_02468,orig_rule_02523
nframe_01038,data/images/nframe_01038.npy,TRAIN,TRAIN,no,4,v40c_02468,orig_rule_02523
nframe_01039,data/images/nframe_01039.npy,TRAIN,TRAIN,no,4,v40c_02468,orig_rule_02523
nframe_01040,data/images/nframe_01040.npy,TRAIN,TRAIN,no,3,v40c_02468,orig_rule_02523
nframe_01041,data/images/nframe_01041.npy,TRAIN,TRAIN,no,3,v40c_02468,orig_rule_02523
nframe_01042,data/images/nframe_01042.npy,TRAIN,TRAIN,no,3,v40c_02468,orig_rule_02523
nframe_01043,data/images/nframe_01043.npy,TRAIN,TRAIN,no,3,v40c_02468,orig_rule_02523
nframe_01044,data/images/nframe_01044.npy,TRAIN,TRAIN,no,3,v40c_02468,orig_rule_02523
nframe_01045,data/images/nframe_01045.npy,TRAIN,TRAIN,no,3,v40c_02468,orig_rule_02523
nframe_01046,data/images/nframe_01046.npy,TRAIN,TRAIN,no,3,v40c_02468,orig_rule_02523
nframe_01047,data/images/nframe_01047.npy,TRAIN,TRAIN,no,4,v40c_02468,orig_rule_02523
nframe_01048,data/images/nframe_01048.npy,TRAIN,TRAIN,no,4,v40c_02468,orig_rule_02523
nframe_01049,data/images/nframe_01049.npy,TRAIN,TRAIN,no,4,v40c_02468,orig_rule_02523
nframe_01050,data/images/nframe_01050.npy,TRAIN,TRAIN,no,3,v40c_02479,orig_singleton_nframe_01050
nframe_01051,data/images/nframe_01051.npy,TRAIN,TRAIN,no,3,v40c_02480,orig_singleton_nframe_01051
nframe_01052,data/images/nframe_01052.npy,TRAIN,TRAIN,no,3,v40c_02468,orig_rule_02523
nframe_01053,data/images/nframe_01053.npy,TRAIN,TRAIN,no,3,v40c_02468,orig_rule_02523
nframe_01054,data/images/nframe_01054.npy,TRAIN,TRAIN,no,3,v40c_02468,orig_rule_02523
nframe_01055,data/images/nframe_01055.npy,TRAIN,TRAIN,no,3,v40c_02468,orig_rule_02523
nframe_01056,data/images/nframe_01056.npy,TRAIN,TRAIN,no,3,v40c_02468,orig_rule_02523
nframe_01057,data/images/nframe_01057.npy,TRAIN,TRAIN,no,3,v40c_02468,orig_rule_02523
nframe_01058,data/images/nframe_01058.npy,TRAIN,TRAIN,no,3,v40c_02468,orig_rule_02523
nframe_01059,data/images/nframe_01059.npy,TRAIN,TRAIN,no,3,v40c_02468,orig_rule_02523
nframe_01060,data/images/nframe_01060.npy,TRAIN,TRAIN,no,4,v40c_02468,orig_rule_02523
nframe_01061,data/images/nframe_01061.npy,TRAIN,TRAIN,no,4,v40c_02468,orig_rule_02523
nframe_01062,data/images/nframe_01062.npy,TRAIN,TRAIN,no,4,v40c_02468,orig_rule_02523
nframe_01063,data/images/nframe_01063.npy,TRAIN,TRAIN,no,4,v40c_02468,orig_rule_02523
nframe_01064,data/images/nframe_01064.npy,TRAIN,TRAIN,no,4,v40c_02468,orig_rule_02523
nframe_01065,data/images/nframe_01065.npy,TRAIN,TRAIN,no,4,v40c_02481,orig_singleton_nframe_01065
nframe_01066,data/images/nframe_01066.npy,TRAIN,TRAIN,no,4,v40c_02468,orig_rule_02523
nframe_01067,data/images/nframe_01067.npy,TRAIN,TRAIN,no,3,v40c_02468,orig_rule_02523
nframe_01068,data/images/nframe_01068.npy,TRAIN,TRAIN,no,3,v40c_02468,orig_rule_02523
nframe_01069,data/images/nframe_01069.npy,TRAIN,TRAIN,no,3,v40c_02468,orig_rule_02523
nframe_01070,data/images/nframe_01070.npy,TRAIN,TRAIN,no,3,v40c_02468,orig_rule_02523
nframe_01071,data/images/nframe_01071.npy,TRAIN,TRAIN,no,3,v40c_02468,orig_rule_02523
nframe_01072,data/images/nframe_01072.npy,TRAIN,TRAIN,no,3,v40c_02468,orig_rule_02523
nframe_01073,data/images/nframe_01073.npy,TRAIN,TRAIN,no,3,v40c_02468,orig_rule_02523
nframe_01074,data/images/nframe_01074.npy,TRAIN,TRAIN,no,3,v40c_02468,orig_rule_02523
nframe_01075,data/images/nframe_01075.npy,TRAIN,TRAIN,no,3,v40c_02468,orig_rule_02523
nframe_01076,data/images/nframe_01076.npy,TRAIN,TRAIN,no,3,v40c_02468,orig_rule_02523
nframe_01077,data/images/nframe_01077.npy,TRAIN,TRAIN,no,3,v40c_02468,orig_rule_02523
nframe_01078,data/images/nframe_01078.npy,TRAIN,TRAIN,no,3,v40c_02468,orig_rule_02523
nframe_01079,data/images/nframe_01079.npy,TRAIN,TRAIN,no,4,v40c_02468,orig_rule_02523
nframe_01080,data/images/nframe_01080.npy,TRAIN,TRAIN,no,4,v40c_02468,orig_rule_02523
nframe_01081,data/images/nframe_01081.npy,TRAIN,TRAIN,no,4,v40c_02468,orig_rule_02523
nframe_01082,data/images/nframe_01082.npy,TRAIN,TRAIN,no,4,v40c_02468,orig_rule_02523
nframe_01083,data/images/nframe_01083.npy,TRAIN,TRAIN,no,4,v40c_02468,orig_rule_02523
nframe_01084,data/images/nframe_01084.npy,TRAIN,TRAIN,no,4,v40c_02468,orig_rule_02523
nframe_01085,data/images/nframe_01085.npy,TRAIN,TRAIN,no,4,v40c_02468,orig_rule_02523
nframe_01086,data/images/nframe_01086.npy,TRAIN,TRAIN,no,4,v40c_02468,orig_rule_02523
nframe_01087,data/images/nframe_01087.npy,TRAIN,TRAIN,no,4,v40c_02468,orig_rule_02523
nframe_01088,data/images/nframe_01088.npy,TRAIN,TRAIN,no,4,v40c_02468,orig_rule_02523
nframe_01089,data/images/nframe_01089.npy,TRAIN,TRAIN,no,4,v40c_02468,orig_rule_02523
nframe_01090,data/images/nframe_01090.npy,TRAIN,TRAIN,no,4,v40c_02468,orig_rule_02523
nframe_01091,data/images/nframe_01091.npy,TRAIN,TRAIN,no,4,v40c_02468,orig_rule_02523
nframe_01092,data/images/nframe_01092.npy,VALIDATION,TRAIN,yes,3,v40c_02468,orig_singleton_nframe_01092
nframe_01093,data/images/nframe_01093.npy,VALIDATION,TRAIN,yes,3,v40c_02468,orig_rule_02538
nframe_01094,data/images/nframe_01094.npy,VALIDATION,TRAIN,yes,4,v40c_02468,orig_rule_02538
nframe_01095,data/images/nframe_01095.npy,VALIDATION,TRAIN,yes,3,v40c_02468,orig_rule_02538
nframe_01096,data/images/nframe_01096.npy,VALIDATION,TRAIN,yes,3,v40c_02468,orig_rule_02538
nframe_01097,data/images/nframe_01097.npy,VALIDATION,TRAIN,yes,4,v40c_02468,orig_rule_02538
nframe_01098,data/images/nframe_01098.npy,VALIDATION,TRAIN,yes,4,v40c_02468,orig_rule_02538
nframe_01099,data/images/nframe_01099.npy,VALIDATION,TRAIN,yes,4,v40c_02468,orig_rule_02538
nframe_01100,data/images/nframe_01100.npy,VALIDATION,TRAIN,yes,4,v40c_02468,orig_rule_02538
nframe_01101,data/images/nframe_01101.npy,VALIDATION,TRAIN,yes,3,v40c_02468,orig_rule_02538
nframe_01102,data/images/nframe_01102.npy,VALIDATION,TRAIN,yes,3,v40c_02468,orig_rule_02538
nframe_01103,data/images/nframe_01103.npy,VALIDATION,TRAIN,yes,3,v40c_02468,orig_singleton_nframe_01103
nframe_01104,data/images/nframe_01104.npy,TRAIN,TRAIN,no,2,v40c_02468,orig_singleton_nframe_01104
nframe_01105,data/images/nframe_01105.npy,VALIDATION,TRAIN,yes,3,v40c_02468,orig_singleton_nframe_01105
nframe_01106,data/images/nframe_01106.npy,VALIDATION,TRAIN,yes,4,v40c_02468,orig_rule_02542
nframe_01107,data/images/nframe_01107.npy,VALIDATION,TRAIN,yes,4,v40c_02468,orig_rule_02542
nframe_01108,data/images/nframe_01108.npy,VALIDATION,TRAIN,yes,4,v40c_02468,orig_singleton_nframe_01108
nframe_01109,data/images/nframe_01109.npy,VALIDATION,TRAIN,yes,4,v40c_02468,orig_rule_02544
nframe_01110,data/images/nframe_01110.npy,VALIDATION,TRAIN,yes,4,v40c_02468,orig_rule_02544
nframe_01111,data/images/nframe_01111.npy,VALIDATION,TRAIN,yes,3,v40c_02468,orig_rule_02544
nframe_01112,data/images/nframe_01112.npy,VALIDATION,TRAIN,yes,3,v40c_02468,orig_rule_02544
nframe_01113,data/images/nframe_01113.npy,VALIDATION,TRAIN,yes,3,v40c_02468,orig_rule_02544
nframe_01114,data/images/nframe_01114.npy,VALIDATION,TRAIN,yes,3,v40c_02468,orig_singleton_nframe_01114
nframe_01115,data/images/nframe_01115.npy,VALIDATION,TRAIN,yes,3,v40c_02468,orig_rule_02544
nframe_01116,data/images/nframe_01116.npy,VALIDATION,TRAIN,yes,4,v40c_02468,orig_rule_02544
nframe_01117,data/images/nframe_01117.npy,VALIDATION,TRAIN,yes,4,v40c_02468,orig_rule_02544
nframe_01118,data/images/nframe_01118.npy,VALIDATION,TRAIN,yes,4,v40c_02468,orig_singleton_nframe_01118
nframe_01119,data/images/nframe_01119.npy,TRAIN,TRAIN,no,4,v40c_02468,orig_rule_02547
nframe_01120,data/images/nframe_01120.npy,TRAIN,TRAIN,no,5,v40c_02468,orig_rule_02547
nframe_01121,data/images/nframe_01121.npy,VALIDATION,TRAIN,yes,4,v40c_02468,orig_rule_02548
nframe_01122,data/images/nframe_01122.npy,VALIDATION,TRAIN,yes,4,v40c_02468,orig_singleton_nframe_01122
nframe_01123,data/images/nframe_01123.npy,VALIDATION,TRAIN,yes,4,v40c_02468,orig_rule_02548
nframe_01124,data/images/nframe_01124.npy,VALIDATION,VALIDATION,no,4,v40c_02482,orig_rule_02550
nframe_01125,data/images/nframe_01125.npy,VALIDATION,VALIDATION,no,3,v40c_02482,orig_rule_02550
nframe_01126,data/images/nframe_01126.npy,TRAIN,VALIDATION,yes,4,v40c_02482,orig_singleton_nframe_01126
nframe_01127,data/images/nframe_01127.npy,VALIDATION,VALIDATION,no,4,v40c_02482,orig_rule_02552
nframe_01128,data/images/nframe_01128.npy,VALIDATION,VALIDATION,no,4,v40c_02482,orig_rule_02552
nframe_01129,data/images/nframe_01129.npy,VALIDATION,VALIDATION,no,4,v40c_02482,orig_singleton_nframe_01129
nframe_01130,data/images/nframe_01130.npy,VALIDATION,VALIDATION,no,4,v40c_02482,orig_rule_02554
nframe_01131,data/images/nframe_01131.npy,VALIDATION,VALIDATION,no,4,v40c_02482,orig_singleton_nframe_01131
nframe_01132,data/images/nframe_01132.npy,VALIDATION,VALIDATION,no,3,v40c_02482,orig_rule_02556
nframe_01133,data/images/nframe_01133.npy,VALIDATION,VALIDATION,no,3,v40c_02482,orig_singleton_nframe_01133
nframe_01134,data/images/nframe_01134.npy,VALIDATION,VALIDATION,no,3,v40c_02482,orig_rule_02556
nframe_01135,data/images/nframe_01135.npy,VALIDATION,VALIDATION,no,3,v40c_02482,orig_rule_02556
nframe_01136,data/images/nframe_01136.npy,VALIDATION,VALIDATION,no,3,v40c_02482,orig_rule_02556
nframe_01137,data/images/nframe_01137.npy,VALIDATION,VALIDATION,no,3,v40c_02482,orig_rule_02556
nframe_01138,data/images/nframe_01138.npy,VALIDATION,VALIDATION,no,3,v40c_02482,orig_rule_02556
nframe_01139,data/images/nframe_01139.npy,VALIDATION,VALIDATION,no,3,v40c_02482,orig_rule_02556
nframe_01140,data/images/nframe_01140.npy,VALIDATION,VALIDATION,no,3,v40c_02482,orig_rule_02556
nframe_01141,data/images/nframe_01141.npy,VALIDATION,VALIDATION,no,3,v40c_02482,orig_singleton_nframe_01141
nframe_01142,data/images/nframe_01142.npy,VALIDATION,VALIDATION,no,3,v40c_02482,orig_rule_02556
nframe_01143,data/images/nframe_01143.npy,VALIDATION,VALIDATION,no,3,v40c_02482,orig_rule_02556
nframe_01144,data/images/nframe_01144.npy,VALIDATION,VALIDATION,no,3,v40c_02483,orig_singleton_nframe_01144
nframe_01145,data/images/nframe_01145.npy,VALIDATION,VALIDATION,no,3,v40c_02484,orig_singleton_nframe_01145
nframe_01146,data/images/nframe_01146.npy,VALIDATION,VALIDATION,no,3,v40c_02485,orig_rule_02561
nframe_01147,data/images/nframe_01147.npy,VALIDATION,VALIDATION,no,3,v40c_02485,orig_rule_02561
nframe_01148,data/images/nframe_01148.npy,VALIDATION,VALIDATION,no,3,v40c_02485,orig_rule_02561
nframe_01149,data/images/nframe_01149.npy,VALIDATION,VALIDATION,no,3,v40c_02485,orig_rule_02561
nframe_01150,data/images/nframe_01150.npy,VALIDATION,VALIDATION,no,3,v40c_02485,orig_rule_02561
nframe_01151,data/images/nframe_01151.npy,VALIDATION,VALIDATION,no,3,v40c_02485,orig_rule_02561
nframe_01168,data/images/nframe_01168.npy,VALIDATION,VALIDATION,no,3,v40c_02486,orig_singleton_nframe_01168
nframe_01169,data/images/nframe_01169.npy,VALIDATION,VALIDATION,no,3,v40c_02487,orig_rule_02563
nframe_01170,data/images/nframe_01170.npy,VALIDATION,VALIDATION,no,3,v40c_02487,orig_rule_02563
nframe_01171,data/images/nframe_01171.npy,VALIDATION,VALIDATION,no,3,v40c_02482,orig_rule_02556
nframe_01172,data/images/nframe_01172.npy,VALIDATION,VALIDATION,no,3,v40c_02482,orig_rule_02556
nframe_01173,data/images/nframe_01173.npy,VALIDATION,VALIDATION,no,3,v40c_02482,orig_rule_02556
nframe_01174,data/images/nframe_01174.npy,VALIDATION,VALIDATION,no,3,v40c_02488,orig_singleton_nframe_01174
nframe_01175,data/images/nframe_01175.npy,VALIDATION,VALIDATION,no,3,v40c_02489,orig_singleton_nframe_01175
nframe_01176,data/images/nframe_01176.npy,VALIDATION,VALIDATION,no,3,v40c_02482,orig_rule_02556
nframe_01184,data/images/nframe_01184.npy,VALIDATION,VALIDATION,no,4,v40c_02482,orig_rule_02556
nframe_01185,data/images/nframe_01185.npy,VALIDATION,VALIDATION,no,3,v40c_02482,orig_rule_02556
nframe_01186,data/images/nframe_01186.npy,VALIDATION,VALIDATION,no,3,v40c_02490,orig_rule_02566
nframe_01187,data/images/nframe_01187.npy,VALIDATION,VALIDATION,no,3,v40c_02490,orig_rule_02566
nframe_01188,data/images/nframe_01188.npy,VALIDATION,VALIDATION,no,3,v40c_02482,orig_rule_02556
nframe_01189,data/images/nframe_01189.npy,VALIDATION,VALIDATION,no,3,v40c_02482,orig_rule_02556
nframe_01190,data/images/nframe_01190.npy,VALIDATION,VALIDATION,no,3,v40c_02482,orig_rule_02556
nframe_01191,data/images/nframe_01191.npy,VALIDATION,VALIDATION,no,3,v40c_02482,orig_rule_02556
nframe_01192,data/images/nframe_01192.npy,VALIDATION,VALIDATION,no,3,v40c_02482,orig_rule_02556
nframe_01193,data/images/nframe_01193.npy,VALIDATION,VALIDATION,no,3,v40c_02482,orig_rule_02556
nframe_01194,data/images/nframe_01194.npy,VALIDATION,VALIDATION,no,3,v40c_02482,orig_rule_02556
nframe_01195,data/images/nframe_01195.npy,VALIDATION,VALIDATION,no,3,v40c_02482,orig_rule_02556
nframe_01196,data/images/nframe_01196.npy,VALIDATION,VALIDATION,no,3,v40c_02482,orig_rule_02556
nframe_01197,data/images/nframe_01197.npy,VALIDATION,VALIDATION,no,3,v40c_02482,orig_rule_02556
nframe_01198,data/images/nframe_01198.npy,VALIDATION,VALIDATION,no,3,v40c_02482,orig_rule_02556
nframe_01199,data/images/nframe_01199.npy,VALIDATION,VALIDATION,no,3,v40c_02482,orig_rule_02556
nframe_01200,data/images/nframe_01200.npy,VALIDATION,VALIDATION,no,3,v40c_02482,orig_rule_02556
nframe_01201,data/images/nframe_01201.npy,VALIDATION,VALIDATION,no,3,v40c_02482,orig_rule_02556
nframe_01202,data/images/nframe_01202.npy,VALIDATION,VALIDATION,no,3,v40c_02482,orig_rule_02556
nframe_01203,data/images/nframe_01203.npy,VALIDATION,VALIDATION,no,3,v40c_02482,orig_rule_02567
nframe_01204,data/images/nframe_01204.npy,VALIDATION,VALIDATION,no,3,v40c_02482,orig_rule_02567
nframe_01205,data/images/nframe_01205.npy,VALIDATION,VALIDATION,no,3,v40c_02482,orig_rule_02554
nframe_01206,data/images/nframe_01206.npy,VALIDATION,VALIDATION,no,3,v40c_02482,orig_rule_02554
nframe_01207,data/images/nframe_01207.npy,TRAIN,VALIDATION,yes,4,v40c_02482,orig_rule_02568
nframe_01208,data/images/nframe_01208.npy,TRAIN,VALIDATION,yes,4,v40c_02482,orig_rule_02568
nframe_01209,data/images/nframe_01209.npy,TRAIN,VALIDATION,yes,4,v40c_02482,orig_rule_02568
nframe_01210,data/images/nframe_01210.npy,TRAIN,TRAIN,no,4,v40c_02491,orig_singleton_nframe_01210
nframe_01211,data/images/nframe_01211.npy,TRAIN,TRAIN,no,4,v40c_02492,orig_singleton_nframe_01211
nframe_01212,data/images/nframe_01212.npy,TRAIN,TRAIN,no,4,v40c_02493,orig_singleton_nframe_01212
nframe_01213,data/images/nframe_01213.npy,TRAIN,TRAIN,no,4,v40c_02494,orig_singleton_nframe_01213
nframe_01214,data/images/nframe_01214.npy,TRAIN,TRAIN,no,4,v40c_02495,orig_rule_02573
nframe_01215,data/images/nframe_01215.npy,TRAIN,TRAIN,no,4,v40c_02495,orig_rule_02573
nframe_01216,data/images/nframe_01216.npy,TRAIN,TRAIN,no,4,v40c_02496,orig_singleton_nframe_01216
nframe_01217,data/images/nframe_01217.npy,TRAIN,TRAIN,no,4,v40c_02497,orig_rule_02575
nframe_01218,data/images/nframe_01218.npy,TRAIN,TRAIN,no,4,v40c_02497,orig_rule_02575
nframe_01219,data/images/nframe_01219.npy,TRAIN,TRAIN,no,4,v40c_02498,orig_rule_02576
nframe_01220,data/images/nframe_01220.npy,TRAIN,TRAIN,no,4,v40c_02498,orig_rule_02576
nframe_01221,data/images/nframe_01221.npy,TRAIN,TRAIN,no,4,v40c_02498,orig_rule_02576
nframe_01222,data/images/nframe_01222.npy,TRAIN,TRAIN,no,4,v40c_02498,orig_rule_02576
nframe_01223,data/images/nframe_01223.npy,TRAIN,TRAIN,no,4,v40c_02499,orig_rule_02577
nframe_01224,data/images/nframe_01224.npy,TRAIN,TRAIN,no,4,v40c_02499,orig_rule_02577
nframe_01225,data/images/nframe_01225.npy,TRAIN,TRAIN,no,3,v40c_02499,orig_rule_02577
nframe_01226,data/images/nframe_01226.npy,TRAIN,TRAIN,no,3,v40c_02499,orig_rule_02577
nframe_01227,data/images/nframe_01227.npy,TRAIN,TRAIN,no,3,v40c_02499,orig_rule_02577
nframe_01228,data/images/nframe_01228.npy,TRAIN,TRAIN,no,3,v40c_02500,orig_singleton_nframe_01228
nframe_01229,data/images/nframe_01229.npy,TRAIN,TRAIN,no,3,v40c_02501,orig_singleton_nframe_01229
nframe_01230,data/images/nframe_01230.npy,TRAIN,TRAIN,no,3,v40c_02502,orig_rule_02580
nframe_01231,data/images/nframe_01231.npy,TRAIN,TRAIN,no,3,v40c_02502,orig_rule_02580
nframe_01232,data/images/nframe_01232.npy,TRAIN,TRAIN,no,3,v40c_02503,orig_singleton_nframe_01232
nframe_01233,data/images/nframe_01233.npy,TRAIN,TRAIN,no,3,v40c_02504,orig_rule_02582
nframe_01234,data/images/nframe_01234.npy,TRAIN,TRAIN,no,3,v40c_02504,orig_rule_02582
nframe_01235,data/images/nframe_01235.npy,TRAIN,TRAIN,no,3,v40c_02504,orig_rule_02582
nframe_01236,data/images/nframe_01236.npy,TRAIN,TRAIN,no,3,v40c_02504,orig_rule_02582
nframe_01237,data/images/nframe_01237.npy,TRAIN,TRAIN,no,3,v40c_02504,orig_rule_02582
nframe_01238,data/images/nframe_01238.npy,TRAIN,TRAIN,no,3,v40c_02504,orig_rule_02582
nframe_01239,data/images/nframe_01239.npy,TRAIN,TRAIN,no,3,v40c_02505,orig_rule_02583
nframe_01240,data/images/nframe_01240.npy,TRAIN,TRAIN,no,3,v40c_02505,orig_rule_02583
nframe_01241,data/images/nframe_01241.npy,TRAIN,TRAIN,no,3,v40c_02505,orig_rule_02583
nframe_01242,data/images/nframe_01242.npy,TRAIN,TRAIN,no,3,v40c_02505,orig_rule_02583
nframe_01243,data/images/nframe_01243.npy,TRAIN,TRAIN,no,4,v40c_02505,orig_rule_02583
nframe_01244,data/images/nframe_01244.npy,TRAIN,TRAIN,no,4,v40c_02506,orig_singleton_nframe_01244
nframe_01245,data/images/nframe_01245.npy,TRAIN,TRAIN,no,4,v40c_02507,orig_singleton_nframe_01245
nframe_01246,data/images/nframe_01246.npy,TRAIN,TRAIN,no,4,v40c_02508,orig_rule_02586
nframe_01247,data/images/nframe_01247.npy,TRAIN,TRAIN,no,4,v40c_02508,orig_rule_02586
nframe_01248,data/images/nframe_01248.npy,TRAIN,TRAIN,no,4,v40c_02508,orig_rule_02586
nframe_01249,data/images/nframe_01249.npy,TRAIN,TRAIN,no,4,v40c_02508,orig_rule_02586
nframe_01250,data/images/nframe_01250.npy,TRAIN,TRAIN,no,4,v40c_02508,orig_rule_02586
nframe_01251,data/images/nframe_01251.npy,TRAIN,TRAIN,no,4,v40c_02508,orig_rule_02586
nframe_01252,data/images/nframe_01252.npy,TRAIN,TRAIN,no,4,v40c_02509,orig_rule_02587
nframe_01253,data/images/nframe_01253.npy,TRAIN,TRAIN,no,4,v40c_02509,orig_rule_02587
nframe_01254,data/images/nframe_01254.npy,TRAIN,TRAIN,no,5,v40c_02509,orig_rule_02587
nframe_01255,data/images/nframe_01255.npy,TRAIN,TRAIN,no,4,v40c_02510,orig_singleton_nframe_01255
nframe_01256,data/images/nframe_01256.npy,TRAIN,TRAIN,no,4,v40c_02509,orig_rule_02587
nframe_01257,data/images/nframe_01257.npy,TRAIN,TRAIN,no,4,v40c_02509,orig_rule_02587
nframe_01258,data/images/nframe_01258.npy,TRAIN,TRAIN,no,4,v40c_02509,orig_rule_02587
nframe_01259,data/images/nframe_01259.npy,TRAIN,TRAIN,no,4,v40c_02509,orig_rule_02587
nframe_01260,data/images/nframe_01260.npy,TRAIN,TRAIN,no,4,v40c_02509,orig_rule_02587
nframe_01261,data/images/nframe_01261.npy,TRAIN,TRAIN,no,5,v40c_02509,orig_rule_02587
nframe_01262,data/images/nframe_01262.npy,TRAIN,TRAIN,no,5,v40c_02509,orig_rule_02587
nframe_01263,data/images/nframe_01263.npy,TRAIN,TRAIN,no,6,v40c_02509,orig_rule_02587
nframe_01264,data/images/nframe_01264.npy,TRAIN,TRAIN,no,5,v40c_02509,orig_rule_02587
nframe_01265,data/images/nframe_01265.npy,TRAIN,TRAIN,no,5,v40c_02509,orig_rule_02587
nframe_01266,data/images/nframe_01266.npy,VALIDATION,TRAIN,yes,5,v40c_02509,orig_rule_02589
nframe_01267,data/images/nframe_01267.npy,VALIDATION,TRAIN,yes,5,v40c_02509,orig_rule_02589
nframe_01268,data/images/nframe_01268.npy,TRAIN,TRAIN,no,5,v40c_02509,orig_singleton_nframe_01268
nframe_01269,data/images/nframe_01269.npy,TRAIN,TRAIN,no,5,v40c_02511,orig_rule_02591
nframe_01270,data/images/nframe_01270.npy,TRAIN,TRAIN,no,5,v40c_02511,orig_rule_02591
nframe_01271,data/images/nframe_01271.npy,TRAIN,TRAIN,no,5,v40c_02511,orig_rule_02591
nframe_01272,data/images/nframe_01272.npy,TRAIN,TRAIN,no,5,v40c_02511,orig_rule_02591
nframe_01273,data/images/nframe_01273.npy,TRAIN,TRAIN,no,5,v40c_02511,orig_rule_02591
nframe_01274,data/images/nframe_01274.npy,TRAIN,TRAIN,no,5,v40c_02511,orig_rule_02591
nframe_01275,data/images/nframe_01275.npy,TRAIN,TRAIN,no,5,v40c_02511,orig_rule_02591
nframe_01276,data/images/nframe_01276.npy,TRAIN,TRAIN,no,5,v40c_02511,orig_rule_02591
nframe_01277,data/images/nframe_01277.npy,TRAIN,TRAIN,no,5,v40c_02512,orig_rule_02592
nframe_01278,data/images/nframe_01278.npy,TRAIN,TRAIN,no,5,v40c_02512,orig_rule_02592
nframe_01279,data/images/nframe_01279.npy,TRAIN,TRAIN,no,5,v40c_02513,orig_rule_02593
nframe_01280,data/images/nframe_01280.npy,TRAIN,TRAIN,no,5,v40c_02513,orig_rule_02593
nframe_01281,data/images/nframe_01281.npy,TRAIN,TRAIN,no,6,v40c_02514,orig_rule_02594
nframe_01282,data/images/nframe_01282.npy,TRAIN,TRAIN,no,6,v40c_02514,orig_rule_02594
nframe_01283,data/images/nframe_01283.npy,TRAIN,TRAIN,no,6,v40c_02514,orig_rule_02594
nframe_01284,data/images/nframe_01284.npy,TRAIN,TRAIN,no,5,v40c_02515,orig_singleton_nframe_01284
nframe_01285,data/images/nframe_01285.npy,TRAIN,TRAIN,no,5,v40c_02516,orig_rule_02596
nframe_01286,data/images/nframe_01286.npy,TRAIN,TRAIN,no,5,v40c_02516,orig_rule_02596
nframe_01287,data/images/nframe_01287.npy,TRAIN,TRAIN,no,5,v40c_02516,orig_rule_02596
nframe_01288,data/images/nframe_01288.npy,TRAIN,TRAIN,no,5,v40c_02516,orig_rule_02596
nframe_01289,data/images/nframe_01289.npy,TRAIN,TRAIN,no,5,v40c_02516,orig_rule_02596
nframe_01290,data/images/nframe_01290.npy,TRAIN,TRAIN,no,5,v40c_02516,orig_rule_02596
nframe_01291,data/images/nframe_01291.npy,TRAIN,TRAIN,no,5,v40c_02516,orig_rule_02596
nframe_01292,data/images/nframe_01292.npy,TRAIN,TRAIN,no,5,v40c_02516,orig_rule_02596
nframe_01293,data/images/nframe_01293.npy,TRAIN,TRAIN,no,5,v40c_02516,orig_rule_02596
nframe_01294,data/images/nframe_01294.npy,TRAIN,TRAIN,no,5,v40c_02516,orig_rule_02596
nframe_01295,data/images/nframe_01295.npy,TRAIN,TRAIN,no,5,v40c_02516,orig_rule_02596
nframe_01296,data/images/nframe_01296.npy,TRAIN,TRAIN,no,5,v40c_02516,orig_rule_02596
nframe_01297,data/images/nframe_01297.npy,TRAIN,TRAIN,no,5,v40c_02517,orig_singleton_nframe_01297
nframe_01298,data/images/nframe_01298.npy,TRAIN,TRAIN,no,5,v40c_02516,orig_rule_02596
nframe_01299,data/images/nframe_01299.npy,TRAIN,TRAIN,no,5,v40c_02516,orig_rule_02596
nframe_01300,data/images/nframe_01300.npy,TRAIN,TRAIN,no,5,v40c_02516,orig_rule_02596
nframe_01301,data/images/nframe_01301.npy,TRAIN,TRAIN,no,5,v40c_02516,orig_rule_02596
nframe_01302,data/images/nframe_01302.npy,TRAIN,TRAIN,no,5,v40c_02516,orig_rule_02596
nframe_01303,data/images/nframe_01303.npy,TRAIN,TRAIN,no,5,v40c_02518,orig_singleton_nframe_01303
nframe_01304,data/images/nframe_01304.npy,TRAIN,TRAIN,no,5,v40c_02519,orig_rule_02599
nframe_01305,data/images/nframe_01305.npy,TRAIN,TRAIN,no,5,v40c_02519,orig_rule_02599
nframe_01306,data/images/nframe_01306.npy,TRAIN,TRAIN,no,5,v40c_02519,orig_rule_02599
nframe_01307,data/images/nframe_01307.npy,TRAIN,TRAIN,no,5,v40c_02520,orig_singleton_nframe_01307
nframe_01308,data/images/nframe_01308.npy,TRAIN,TRAIN,no,5,v40c_02521,orig_rule_02601
nframe_01309,data/images/nframe_01309.npy,TRAIN,TRAIN,no,6,v40c_02521,orig_rule_02601
nframe_01310,data/images/nframe_01310.npy,TRAIN,TRAIN,no,6,v40c_02522,orig_rule_02602
nframe_01311,data/images/nframe_01311.npy,TRAIN,TRAIN,no,6,v40c_02522,orig_rule_02602
nframe_01312,data/images/nframe_01312.npy,TRAIN,TRAIN,no,5,v40c_02523,orig_rule_02603
nframe_01314,data/images/nframe_01314.npy,TRAIN,TRAIN,no,6,v40c_02524,orig_rule_02604
nframe_01315,data/images/nframe_01315.npy,TRAIN,TRAIN,no,6,v40c_02524,orig_rule_02604
nframe_01316,data/images/nframe_01316.npy,TRAIN,TRAIN,no,6,v40c_02524,orig_rule_02604
nframe_01317,data/images/nframe_01317.npy,TRAIN,TRAIN,no,6,v40c_02523,orig_rule_02603
nframe_01318,data/images/nframe_01318.npy,TRAIN,TRAIN,no,6,v40c_02523,orig_rule_02603
nframe_01319,data/images/nframe_01319.npy,TRAIN,TRAIN,no,6,v40c_02524,orig_rule_02604
nframe_01320,data/images/nframe_01320.npy,TRAIN,TRAIN,no,6,v40c_02524,orig_rule_02604
nframe_01321,data/images/nframe_01321.npy,TRAIN,TRAIN,no,6,v40c_02524,orig_rule_02604
nframe_01322,data/images/nframe_01322.npy,TRAIN,TRAIN,no,6,v40c_02524,orig_rule_02604
nframe_01323,data/images/nframe_01323.npy,TRAIN,TRAIN,no,6,v40c_02525,orig_rule_02605
nframe_01324,data/images/nframe_01324.npy,TRAIN,TRAIN,no,6,v40c_02525,orig_rule_02605
nframe_01325,data/images/nframe_01325.npy,TRAIN,TRAIN,no,6,v40c_02525,orig_rule_02605
nframe_01326,data/images/nframe_01326.npy,TRAIN,TRAIN,no,2,v40c_02525,orig_rule_02605
nframe_01327,data/images/nframe_01327.npy,TRAIN,TRAIN,no,6,v40c_02525,orig_rule_02605
nframe_01328,data/images/nframe_01328.npy,TRAIN,TRAIN,no,6,v40c_02526,orig_rule_02606
nframe_01329,data/images/nframe_01329.npy,TRAIN,TRAIN,no,4,v40c_02526,orig_rule_02606
nframe_01330,data/images/nframe_01330.npy,TRAIN,TRAIN,no,4,v40c_02526,orig_rule_02606
nframe_01331,data/images/nframe_01331.npy,TRAIN,TRAIN,no,4,v40c_02526,orig_rule_02606
nframe_01332,data/images/nframe_01332.npy,TRAIN,TRAIN,no,4,v40c_02526,orig_rule_02606
nframe_01333,data/images/nframe_01333.npy,TRAIN,TRAIN,no,4,v40c_02526,orig_rule_02606
nframe_01334,data/images/nframe_01334.npy,TRAIN,TRAIN,no,4,v40c_02526,orig_rule_02606
nframe_01335,data/images/nframe_01335.npy,TRAIN,TRAIN,no,4,v40c_02526,orig_rule_02606
nframe_01336,data/images/nframe_01336.npy,TRAIN,TRAIN,no,7,v40c_02527,orig_singleton_nframe_01336
nframe_01337,data/images/nframe_01337.npy,TRAIN,TRAIN,no,7,v40c_02528,orig_rule_02608
nframe_01338,data/images/nframe_01338.npy,TRAIN,TRAIN,no,7,v40c_02528,orig_rule_02608
nframe_01339,data/images/nframe_01339.npy,TRAIN,TRAIN,no,7,v40c_02529,orig_singleton_nframe_01339
nframe_01340,data/images/nframe_01340.npy,TRAIN,TRAIN,no,7,v40c_02530,orig_rule_02610
nframe_01341,data/images/nframe_01341.npy,TRAIN,TRAIN,no,7,v40c_02530,orig_rule_02610
nframe_01342,data/images/nframe_01342.npy,TRAIN,TRAIN,no,7,v40c_02531,orig_rule_02611
nframe_01343,data/images/nframe_01343.npy,TRAIN,TRAIN,no,7,v40c_02531,orig_rule_02611
nframe_01344,data/images/nframe_01344.npy,TRAIN,TRAIN,no,7,v40c_02532,orig_rule_02612
nframe_01345,data/images/nframe_01345.npy,TRAIN,TRAIN,no,7,v40c_02532,orig_rule_02612
nframe_01346,data/images/nframe_01346.npy,TRAIN,TRAIN,no,7,v40c_02532,orig_rule_02612
nframe_01347,data/images/nframe_01347.npy,TRAIN,TRAIN,no,7,v40c_02532,orig_rule_02612
nframe_01348,data/images/nframe_01348.npy,TRAIN,TRAIN,no,7,v40c_02532,orig_rule_02612
nframe_01349,data/images/nframe_01349.npy,TRAIN,TRAIN,no,7,v40c_02533,orig_singleton_nframe_01349
nframe_01350,data/images/nframe_01350.npy,TRAIN,TRAIN,no,7,v40c_02534,orig_singleton_nframe_01350
nframe_01351,data/images/nframe_01351.npy,TRAIN,TRAIN,no,7,v40c_02535,orig_rule_02615
nframe_01352,data/images/nframe_01352.npy,TRAIN,TRAIN,no,7,v40c_02535,orig_rule_02615
nframe_01353,data/images/nframe_01353.npy,TRAIN,TRAIN,no,7,v40c_02535,orig_rule_02615
nframe_01354,data/images/nframe_01354.npy,TRAIN,TRAIN,no,7,v40c_02536,orig_singleton_nframe_01354
nframe_01355,data/images/nframe_01355.npy,TRAIN,TRAIN,no,7,v40c_02537,orig_singleton_nframe_01355
nframe_01356,data/images/nframe_01356.npy,TRAIN,TRAIN,no,7,v40c_02538,orig_singleton_nframe_01356
nframe_01357,data/images/nframe_01357.npy,TRAIN,TRAIN,no,7,v40c_02539,orig_singleton_nframe_01357
nframe_01358,data/images/nframe_01358.npy,TRAIN,TRAIN,no,7,v40c_02540,orig_singleton_nframe_01358
nframe_01359,data/images/nframe_01359.npy,TRAIN,TRAIN,no,7,v40c_02541,orig_rule_02621
nframe_01360,data/images/nframe_01360.npy,TRAIN,TRAIN,no,8,v40c_02541,orig_rule_02621
nframe_01361,data/images/nframe_01361.npy,TRAIN,TRAIN,no,8,v40c_02542,orig_singleton_nframe_01361
nframe_01362,data/images/nframe_01362.npy,TRAIN,TRAIN,no,8,v40c_02543,orig_singleton_nframe_01362
nframe_01363,data/images/nframe_01363.npy,TRAIN,TRAIN,no,8,v40c_02544,orig_singleton_nframe_01363
nframe_01364,data/images/nframe_01364.npy,TRAIN,TRAIN,no,8,v40c_02545,orig_singleton_nframe_01364
nframe_01365,data/images/nframe_01365.npy,TRAIN,TRAIN,no,8,v40c_02546,orig_rule_02626
nframe_01366,data/images/nframe_01366.npy,TRAIN,TRAIN,no,8,v40c_02546,orig_rule_02626
nframe_01367,data/images/nframe_01367.npy,TRAIN,TRAIN,no,9,v40c_02546,orig_rule_02626
nframe_01368,data/images/nframe_01368.npy,TRAIN,TRAIN,no,9,v40c_02547,orig_singleton_nframe_01368
nframe_01369,data/images/nframe_01369.npy,TRAIN,TRAIN,no,8,v40c_02548,orig_rule_02628
nframe_01370,data/images/nframe_01370.npy,TRAIN,TRAIN,no,8,v40c_02548,orig_rule_02628
nframe_01371,data/images/nframe_01371.npy,TRAIN,TRAIN,no,8,v40c_02549,orig_rule_02629
nframe_01372,data/images/nframe_01372.npy,TRAIN,TRAIN,no,8,v40c_02549,orig_rule_02629
nframe_01373,data/images/nframe_01373.npy,TRAIN,TRAIN,no,8,v40c_02549,orig_rule_02629
nframe_01374,data/images/nframe_01374.npy,TRAIN,TRAIN,no,8,v40c_02549,orig_rule_02629
nframe_01375,data/images/nframe_01375.npy,TRAIN,TRAIN,no,8,v40c_02549,orig_rule_02629
nframe_01376,data/images/nframe_01376.npy,TRAIN,TRAIN,no,8,v40c_02549,orig_rule_02629
nframe_01377,data/images/nframe_01377.npy,TRAIN,TRAIN,no,8,v40c_02550,orig_rule_02630
nframe_01378,data/images/nframe_01378.npy,TRAIN,TRAIN,no,8,v40c_02550,orig_rule_02630
nframe_01379,data/images/nframe_01379.npy,TRAIN,TRAIN,no,8,v40c_02551,orig_singleton_nframe_01379
nframe_01380,data/images/nframe_01380.npy,TRAIN,TRAIN,no,8,v40c_02552,orig_singleton_nframe_01380
nframe_01381,data/images/nframe_01381.npy,TRAIN,TRAIN,no,8,v40c_02553,orig_rule_02633
nframe_01382,data/images/nframe_01382.npy,TRAIN,TRAIN,no,9,v40c_02553,orig_rule_02633
nframe_01383,data/images/nframe_01383.npy,TRAIN,TRAIN,no,9,v40c_02554,orig_singleton_nframe_01383
nframe_01384,data/images/nframe_01384.npy,TRAIN,TRAIN,no,9,v40c_02553,orig_rule_02633
nframe_01385,data/images/nframe_01385.npy,TRAIN,TRAIN,no,9,v40c_02555,orig_singleton_nframe_01385
nframe_01386,data/images/nframe_01386.npy,TRAIN,TRAIN,no,9,v40c_02556,orig_rule_02636
nframe_01387,data/images/nframe_01387.npy,TRAIN,TRAIN,no,9,v40c_02556,orig_rule_02636
nframe_01388,data/images/nframe_01388.npy,TRAIN,TRAIN,no,9,v40c_02557,orig_singleton_nframe_01388
nframe_01389,data/images/nframe_01389.npy,TRAIN,TRAIN,no,9,v40c_02558,orig_singleton_nframe_01389
nframe_01390,data/images/nframe_01390.npy,TRAIN,TRAIN,no,9,v40c_02559,orig_singleton_nframe_01390
nframe_01391,data/images/nframe_01391.npy,TRAIN,TRAIN,no,9,v40c_02560,orig_singleton_nframe_01391
nframe_01408,data/images/nframe_01408.npy,VALIDATION,VALIDATION,no,11,v40c_02561,orig_singleton_nframe_01408
nframe_01409,data/images/nframe_01409.npy,VALIDATION,VALIDATION,no,11,v40c_02562,orig_rule_02642
nframe_01410,data/images/nframe_01410.npy,VALIDATION,VALIDATION,no,11,v40c_02562,orig_rule_02642
nframe_01411,data/images/nframe_01411.npy,VALIDATION,VALIDATION,no,11,v40c_02563,orig_singleton_nframe_01411
nframe_01412,data/images/nframe_01412.npy,VALIDATION,VALIDATION,no,11,v40c_02564,orig_singleton_nframe_01412
nframe_01413,data/images/nframe_01413.npy,VALIDATION,VALIDATION,no,12,v40c_02565,orig_singleton_nframe_01413
nframe_01414,data/images/nframe_01414.npy,VALIDATION,VALIDATION,no,12,v40c_02562,orig_rule_02642
nframe_01415,data/images/nframe_01415.npy,VALIDATION,VALIDATION,no,12,v40c_02562,orig_rule_02642
nframe_01416,data/images/nframe_01416.npy,VALIDATION,VALIDATION,no,12,v40c_02562,orig_rule_02642
nframe_01417,data/images/nframe_01417.npy,VALIDATION,VALIDATION,no,12,v40c_02566,orig_singleton_nframe_01417
nframe_01418,data/images/nframe_01418.npy,VALIDATION,VALIDATION,no,12,v40c_02567,orig_singleton_nframe_01418
nframe_01419,data/images/nframe_01419.npy,VALIDATION,VALIDATION,no,12,v40c_02568,orig_rule_02648
nframe_01420,data/images/nframe_01420.npy,VALIDATION,VALIDATION,no,12,v40c_02568,orig_rule_02648
nframe_01421,data/images/nframe_01421.npy,VALIDATION,VALIDATION,no,11,v40c_02569,orig_rule_02649
nframe_01422,data/images/nframe_01422.npy,VALIDATION,VALIDATION,no,11,v40c_02569,orig_rule_02649
nframe_01423,data/images/nframe_01423.npy,VALIDATION,VALIDATION,no,11,v40c_02569,orig_rule_02649
nframe_01424,data/images/nframe_01424.npy,VALIDATION,VALIDATION,no,11,v40c_02569,orig_rule_02649
nframe_01425,data/images/nframe_01425.npy,VALIDATION,VALIDATION,no,11,v40c_02570,orig_rule_02650
nframe_01426,data/images/nframe_01426.npy,VALIDATION,VALIDATION,no,10,v40c_02570,orig_rule_02650
nframe_01427,data/images/nframe_01427.npy,VALIDATION,VALIDATION,no,10,v40c_02571,orig_rule_02651
nframe_01428,data/images/nframe_01428.npy,VALIDATION,VALIDATION,no,11,v40c_02571,orig_rule_02651
nframe_01430,data/images/nframe_01430.npy,VALIDATION,VALIDATION,no,11,v40c_02572,orig_rule_02652
nframe_01431,data/images/nframe_01431.npy,VALIDATION,VALIDATION,no,11,v40c_02572,orig_rule_02652
nframe_01432,data/images/nframe_01432.npy,VALIDATION,VALIDATION,no,11,v40c_02572,orig_rule_02652
nframe_01433,data/images/nframe_01433.npy,VALIDATION,VALIDATION,no,11,v40c_02572,orig_rule_02652
nframe_01434,data/images/nframe_01434.npy,VALIDATION,VALIDATION,no,11,v40c_02573,orig_rule_02653
nframe_01435,data/images/nframe_01435.npy,VALIDATION,VALIDATION,no,11,v40c_02573,orig_rule_02653
nframe_01436,data/images/nframe_01436.npy,VALIDATION,VALIDATION,no,11,v40c_02573,orig_rule_02653
nframe_01437,data/images/nframe_01437.npy,VALIDATION,VALIDATION,no,11,v40c_02574,orig_rule_02654
nframe_01438,data/images/nframe_01438.npy,VALIDATION,VALIDATION,no,11,v40c_02574,orig_rule_02654
nframe_01439,data/images/nframe_01439.npy,VALIDATION,VALIDATION,no,11,v40c_02574,orig_rule_02654
nframe_01440,data/images/nframe_01440.npy,VALIDATION,VALIDATION,no,11,v40c_02574,orig_rule_02654
nframe_01441,data/images/nframe_01441.npy,VALIDATION,VALIDATION,no,11,v40c_02575,orig_singleton_nframe_01441
nframe_01442,data/images/nframe_01442.npy,VALIDATION,VALIDATION,no,11,v40c_02576,orig_singleton_nframe_01442
nframe_01443,data/images/nframe_01443.npy,VALIDATION,VALIDATION,no,11,v40c_02577,orig_rule_02657
nframe_01444,data/images/nframe_01444.npy,VALIDATION,VALIDATION,no,12,v40c_02578,orig_rule_02658
nframe_01445,data/images/nframe_01445.npy,VALIDATION,VALIDATION,no,11,v40c_02578,orig_rule_02658
nframe_01446,data/images/nframe_01446.npy,VALIDATION,VALIDATION,no,12,v40c_02577,orig_rule_02657
nframe_01447,data/images/nframe_01447.npy,VALIDATION,VALIDATION,no,13,v40c_02577,orig_rule_02657
nframe_01448,data/images/nframe_01448.npy,VALIDATION,VALIDATION,no,13,v40c_02577,orig_rule_02657
nframe_01449,data/images/nframe_01449.npy,VALIDATION,VALIDATION,no,13,v40c_02577,orig_rule_02657
nframe_01450,data/images/nframe_01450.npy,VALIDATION,VALIDATION,no,13,v40c_02579,orig_rule_02659
nframe_01451,data/images/nframe_01451.npy,VALIDATION,VALIDATION,no,13,v40c_02579,orig_rule_02659
nframe_01452,data/images/nframe_01452.npy,VALIDATION,VALIDATION,no,13,v40c_02579,orig_rule_02659
nframe_01453,data/images/nframe_01453.npy,VALIDATION,VALIDATION,no,13,v40c_02580,orig_rule_02660
nframe_01454,data/images/nframe_01454.npy,VALIDATION,VALIDATION,no,13,v40c_02580,orig_rule_02660
nframe_01455,data/images/nframe_01455.npy,VALIDATION,VALIDATION,no,13,v40c_02579,orig_rule_02659
nframe_01456,data/images/nframe_01456.npy,VALIDATION,VALIDATION,no,14,v40c_02579,orig_rule_02659
nframe_01457,data/images/nframe_01457.npy,VALIDATION,VALIDATION,no,13,v40c_02579,orig_rule_02659
nframe_01459,data/images/nframe_01459.npy,VALIDATION,VALIDATION,no,13,v40c_02579,orig_rule_02659
nframe_01460,data/images/nframe_01460.npy,VALIDATION,VALIDATION,no,13,v40c_02579,orig_rule_02659
nframe_01461,data/images/nframe_01461.npy,VALIDATION,VALIDATION,no,13,v40c_02579,orig_rule_02659
nframe_01462,data/images/nframe_01462.npy,VALIDATION,VALIDATION,no,13,v40c_02581,orig_singleton_nframe_01462
nframe_01463,data/images/nframe_01463.npy,VALIDATION,VALIDATION,no,13,v40c_02582,orig_rule_02662
nframe_01464,data/images/nframe_01464.npy,VALIDATION,VALIDATION,no,14,v40c_02582,orig_rule_02662
nframe_01465,data/images/nframe_01465.npy,VALIDATION,VALIDATION,no,13,v40c_02582,orig_rule_02662
nframe_01466,data/images/nframe_01466.npy,VALIDATION,VALIDATION,no,14,v40c_02582,orig_rule_02662
nframe_01467,data/images/nframe_01467.npy,VALIDATION,VALIDATION,no,13,v40c_02583,orig_singleton_nframe_01467
nframe_01468,data/images/nframe_01468.npy,VALIDATION,VALIDATION,no,13,v40c_02584,orig_rule_02664
nframe_01469,data/images/nframe_01469.npy,VALIDATION,VALIDATION,no,13,v40c_02584,orig_rule_02664
nframe_01470,data/images/nframe_01470.npy,VALIDATION,VALIDATION,no,13,v40c_02584,orig_rule_02664
nframe_01471,data/images/nframe_01471.npy,VALIDATION,VALIDATION,no,12,v40c_02585,orig_singleton_nframe_01471
nframe_01488,data/images/nframe_01488.npy,TRAIN,TRAIN,no,15,v40c_02586,orig_rule_02666
nframe_01489,data/images/nframe_01489.npy,TRAIN,TRAIN,no,15,v40c_02586,orig_rule_02666
nframe_01490,data/images/nframe_01490.npy,TRAIN,TRAIN,no,15,v40c_02586,orig_rule_02666
nframe_01491,data/images/nframe_01491.npy,TRAIN,TRAIN,no,15,v40c_02586,orig_rule_02666
nframe_01492,data/images/nframe_01492.npy,TRAIN,TRAIN,no,14,v40c_02586,orig_rule_02666
nframe_01493,data/images/nframe_01493.npy,TRAIN,TRAIN,no,14,v40c_02587,orig_rule_02667
nframe_01494,data/images/nframe_01494.npy,TRAIN,TRAIN,no,15,v40c_02587,orig_rule_02667
nframe_01495,data/images/nframe_01495.npy,TRAIN,TRAIN,no,14,v40c_02587,orig_rule_02667
nframe_01496,data/images/nframe_01496.npy,TRAIN,TRAIN,no,12,v40c_02588,orig_rule_02668
nframe_01497,data/images/nframe_01497.npy,TRAIN,TRAIN,no,12,v40c_02588,orig_rule_02668
nframe_01498,data/images/nframe_01498.npy,TRAIN,TRAIN,no,13,v40c_02589,orig_singleton_nframe_01498
nframe_01499,data/images/nframe_01499.npy,TRAIN,TRAIN,no,12,v40c_02590,orig_rule_02670
nframe_01500,data/images/nframe_01500.npy,TRAIN,TRAIN,no,12,v40c_02590,orig_rule_02670
nframe_01501,data/images/nframe_01501.npy,TRAIN,TRAIN,no,12,v40c_02591,orig_singleton_nframe_01501
nframe_01502,data/images/nframe_01502.npy,TRAIN,TRAIN,no,12,v40c_02592,orig_rule_02672
nframe_01503,data/images/nframe_01503.npy,TRAIN,TRAIN,no,12,v40c_02592,orig_rule_02672
nframe_01504,data/images/nframe_01504.npy,TRAIN,TRAIN,no,12,v40c_02593,orig_singleton_nframe_01504
nframe_01505,data/images/nframe_01505.npy,TRAIN,TRAIN,no,10,v40c_02594,orig_singleton_nframe_01505
nframe_01506,data/images/nframe_01506.npy,TRAIN,TRAIN,no,10,v40c_02595,orig_rule_02675
nframe_01507,data/images/nframe_01507.npy,TRAIN,TRAIN,no,10,v40c_02595,orig_rule_02675
nframe_01508,data/images/nframe_01508.npy,TRAIN,TRAIN,no,10,v40c_02595,orig_rule_02675
nframe_01509,data/images/nframe_01509.npy,TRAIN,TRAIN,no,10,v40c_02596,orig_rule_02676
nframe_01510,data/images/nframe_01510.npy,TRAIN,TRAIN,no,11,v40c_02596,orig_rule_02676
nframe_01511,data/images/nframe_01511.npy,TRAIN,TRAIN,no,11,v40c_02597,orig_singleton_nframe_01511
nframe_01512,data/images/nframe_01512.npy,TRAIN,TRAIN,no,11,v40c_02598,orig_singleton_nframe_01512
nframe_01513,data/images/nframe_01513.npy,TRAIN,TRAIN,no,5,v40c_02599,orig_singleton_nframe_01513
nframe_01514,data/images/nframe_01514.npy,TRAIN,TRAIN,no,5,v40c_02600,orig_rule_02680
nframe_01515,data/images/nframe_01515.npy,TRAIN,TRAIN,no,4,v40c_02600,orig_rule_02680
nframe_01516,data/images/nframe_01516.npy,TRAIN,TRAIN,no,4,v40c_02600,orig_rule_02680
nframe_01517,data/images/nframe_01517.npy,TRAIN,TRAIN,no,4,v40c_02601,orig_singleton_nframe_01517
nframe_01518,data/images/nframe_01518.npy,TRAIN,TRAIN,no,4,v40c_02602,orig_singleton_nframe_01518
nframe_01519,data/images/nframe_01519.npy,TRAIN,TRAIN,no,5,v40c_02603,orig_singleton_nframe_01519
nframe_01520,data/images/nframe_01520.npy,TRAIN,TRAIN,no,6,v40c_02604,orig_singleton_nframe_01520
nframe_01521,data/images/nframe_01521.npy,TRAIN,TRAIN,no,7,v40c_02605,orig_singleton_nframe_01521
nframe_01522,data/images/nframe_01522.npy,TRAIN,TRAIN,no,8,v40c_02606,orig_singleton_nframe_01522
nframe_01523,data/images/nframe_01523.npy,TRAIN,TRAIN,no,9,v40c_02607,orig_rule_02687
nframe_01524,data/images/nframe_01524.npy,TRAIN,TRAIN,no,10,v40c_02607,orig_rule_02687
nframe_01525,data/images/nframe_01525.npy,TRAIN,TRAIN,no,10,v40c_02608,orig_rule_02688
nframe_01526,data/images/nframe_01526.npy,TRAIN,TRAIN,no,10,v40c_02608,orig_rule_02688
nframe_01527,data/images/nframe_01527.npy,TRAIN,TRAIN,no,9,v40c_02608,orig_rule_02688
nframe_01528,data/images/nframe_01528.npy,TRAIN,TRAIN,no,9,v40c_02609,orig_rule_02689
nframe_01529,data/images/nframe_01529.npy,TRAIN,TRAIN,no,9,v40c_02609,orig_rule_02689
nframe_01530,data/images/nframe_01530.npy,TRAIN,TRAIN,no,8,v40c_02609,orig_rule_02689
nframe_01531,data/images/nframe_01531.npy,TRAIN,TRAIN,no,9,v40c_02609,orig_rule_02689
nframe_01532,data/images/nframe_01532.npy,TRAIN,TRAIN,no,9,v40c_02609,orig_rule_02689
nframe_01533,data/images/nframe_01533.npy,TRAIN,TRAIN,no,9,v40c_02609,orig_rule_02689
nframe_01534,data/images/nframe_01534.npy,TRAIN,TRAIN,no,9,v40c_02609,orig_rule_02689
nframe_01535,data/images/nframe_01535.npy,TRAIN,TRAIN,no,9,v40c_02610,orig_rule_02690
nframe_01536,data/images/nframe_01536.npy,TRAIN,TRAIN,no,8,v40c_02610,orig_rule_02690
nframe_01537,data/images/nframe_01537.npy,TRAIN,TRAIN,no,8,v40c_02610,orig_rule_02690
nframe_01538,data/images/nframe_01538.npy,TRAIN,TRAIN,no,9,v40c_02611,orig_rule_02691
nframe_01539,data/images/nframe_01539.npy,TRAIN,TRAIN,no,10,v40c_02611,orig_rule_02691
nframe_01540,data/images/nframe_01540.npy,TRAIN,TRAIN,no,10,v40c_02611,orig_rule_02691
nframe_01541,data/images/nframe_01541.npy,TRAIN,TRAIN,no,10,v40c_02612,orig_singleton_nframe_01541
nframe_01542,data/images/nframe_01542.npy,TRAIN,TRAIN,no,10,v40c_02613,orig_singleton_nframe_01542
nframe_01544,data/images/nframe_01544.npy,TRAIN,TRAIN,no,9,v40c_02614,orig_singleton_nframe_01544
nframe_01545,data/images/nframe_01545.npy,TRAIN,TRAIN,no,8,v40c_02615,orig_rule_02695
nframe_01546,data/images/nframe_01546.npy,TRAIN,TRAIN,no,9,v40c_02615,orig_rule_02695
nframe_01547,data/images/nframe_01547.npy,TRAIN,TRAIN,no,8,v40c_02616,orig_singleton_nframe_01547
nframe_01548,data/images/nframe_01548.npy,TRAIN,TRAIN,no,9,v40c_02617,orig_rule_02697
nframe_01549,data/images/nframe_01549.npy,TRAIN,TRAIN,no,7,v40c_02617,orig_rule_02697
nframe_01551,data/images/nframe_01551.npy,TRAIN,TRAIN,no,8,v40c_02618,orig_singleton_nframe_01551
nframe_01552,data/images/nframe_01552.npy,TRAIN,TRAIN,no,9,v40c_02619,orig_rule_02699
nframe_01553,data/images/nframe_01553.npy,TRAIN,TRAIN,no,8,v40c_02619,orig_rule_02699
nframe_01554,data/images/nframe_01554.npy,TRAIN,TRAIN,no,9,v40c_02619,orig_rule_02699
nframe_01555,data/images/nframe_01555.npy,TRAIN,TRAIN,no,8,v40c_02619,orig_rule_02699
nframe_01556,data/images/nframe_01556.npy,TRAIN,TRAIN,no,8,v40c_02620,orig_singleton_nframe_01556
nframe_01557,data/images/nframe_01557.npy,TRAIN,TRAIN,no,7,v40c_02621,orig_singleton_nframe_01557
nframe_01558,data/images/nframe_01558.npy,TRAIN,TRAIN,no,8,v40c_02622,orig_rule_02702
nframe_01559,data/images/nframe_01559.npy,TRAIN,TRAIN,no,8,v40c_02622,orig_rule_02702
nframe_01560,data/images/nframe_01560.npy,TRAIN,TRAIN,no,8,v40c_02623,orig_singleton_nframe_01560
nframe_01561,data/images/nframe_01561.npy,TRAIN,TRAIN,no,8,v40c_02624,orig_singleton_nframe_01561
nframe_01562,data/images/nframe_01562.npy,TRAIN,TRAIN,no,8,v40c_02625,orig_rule_02705
nframe_01563,data/images/nframe_01563.npy,TRAIN,TRAIN,no,8,v40c_02625,orig_rule_02705
nframe_01564,data/images/nframe_01564.npy,TRAIN,TRAIN,no,8,v40c_02626,orig_singleton_nframe_01564
nframe_01565,data/images/nframe_01565.npy,TRAIN,TRAIN,no,9,v40c_02627,orig_rule_02707
nframe_01566,data/images/nframe_01566.npy,TRAIN,TRAIN,no,9,v40c_02627,orig_rule_02707
nframe_01567,data/images/nframe_01567.npy,TRAIN,TRAIN,no,9,v40c_02627,orig_rule_02707
nframe_01568,data/images/nframe_01568.npy,TRAIN,TRAIN,no,9,v40c_02628,orig_rule_02708
nframe_01569,data/images/nframe_01569.npy,TRAIN,TRAIN,no,9,v40c_02628,orig_rule_02708
nframe_01570,data/images/nframe_01570.npy,TRAIN,TRAIN,no,10,v40c_02628,orig_rule_02708
nframe_01571,data/images/nframe_01571.npy,TRAIN,TRAIN,no,10,v40c_02629,orig_singleton_nframe_01571
nframe_01572,data/images/nframe_01572.npy,TRAIN,TRAIN,no,10,v40c_02630,orig_singleton_nframe_01572
nframe_01573,data/images/nframe_01573.npy,TRAIN,TRAIN,no,9,v40c_02631,orig_singleton_nframe_01573
nframe_01574,data/images/nframe_01574.npy,TRAIN,TRAIN,no,9,v40c_02632,orig_singleton_nframe_01574
nframe_01575,data/images/nframe_01575.npy,TRAIN,TRAIN,no,9,v40c_02633,orig_rule_02713
nframe_01576,data/images/nframe_01576.npy,TRAIN,TRAIN,no,9,v40c_02633,orig_rule_02713
nframe_01577,data/images/nframe_01577.npy,TRAIN,TRAIN,no,8,v40c_02634,orig_singleton_nframe_01577
nframe_01578,data/images/nframe_01578.npy,TRAIN,TRAIN,no,8,v40c_02635,orig_singleton_nframe_01578
nframe_01579,data/images/nframe_01579.npy,TRAIN,TRAIN,no,8,v40c_02636,orig_singleton_nframe_01579
nframe_01580,data/images/nframe_01580.npy,TRAIN,TRAIN,no,8,v40c_02637,orig_singleton_nframe_01580
nframe_01581,data/images/nframe_01581.npy,TRAIN,TRAIN,no,7,v40c_02638,orig_rule_02718
nframe_01582,data/images/nframe_01582.npy,TRAIN,TRAIN,no,7,v40c_02638,orig_rule_02718
nframe_01583,data/images/nframe_01583.npy,TRAIN,TRAIN,no,8,v40c_02639,orig_singleton_nframe_01583
nframe_01584,data/images/nframe_01584.npy,TRAIN,TRAIN,no,7,v40c_02640,orig_rule_02720
nframe_01585,data/images/nframe_01585.npy,TRAIN,TRAIN,no,7,v40c_02641,orig_singleton_nframe_01585
nframe_01586,data/images/nframe_01586.npy,TRAIN,TRAIN,no,7,v40c_02640,orig_rule_02720
nframe_01587,data/images/nframe_01587.npy,TRAIN,TRAIN,no,7,v40c_02642,orig_singleton_nframe_01587
nframe_01588,data/images/nframe_01588.npy,TRAIN,TRAIN,no,6,v40c_02643,orig_rule_02723
nframe_01589,data/images/nframe_01589.npy,TRAIN,TRAIN,no,6,v40c_02644,orig_rule_02724
nframe_01590,data/images/nframe_01590.npy,TRAIN,TRAIN,no,6,v40c_02644,orig_rule_02724
nframe_01591,data/images/nframe_01591.npy,TRAIN,TRAIN,no,6,v40c_02644,orig_rule_02724
nframe_01592,data/images/nframe_01592.npy,TRAIN,TRAIN,no,6,v40c_02645,orig_singleton_nframe_01592
nframe_01593,data/images/nframe_01593.npy,TRAIN,TRAIN,no,7,v40c_02646,orig_rule_02726
nframe_01594,data/images/nframe_01594.npy,TRAIN,TRAIN,no,6,v40c_02646,orig_rule_02726
nframe_01595,data/images/nframe_01595.npy,TRAIN,TRAIN,no,6,v40c_02643,orig_rule_02723
nframe_01596,data/images/nframe_01596.npy,TRAIN,TRAIN,no,6,v40c_02643,orig_rule_02723
nframe_01597,data/images/nframe_01597.npy,TRAIN,TRAIN,no,5,v40c_02647,orig_rule_02727
nframe_01598,data/images/nframe_01598.npy,TRAIN,TRAIN,no,6,v40c_02647,orig_rule_02727
nframe_01599,data/images/nframe_01599.npy,TRAIN,TRAIN,no,6,v40c_02647,orig_rule_02727
nframe_01600,data/images/nframe_01600.npy,TRAIN,TRAIN,no,6,v40c_02647,orig_rule_02727
nframe_01601,data/images/nframe_01601.npy,TRAIN,TRAIN,no,6,v40c_02647,orig_rule_02727
nframe_01602,data/images/nframe_01602.npy,TRAIN,TRAIN,no,6,v40c_02647,orig_rule_02727
nframe_01603,data/images/nframe_01603.npy,TRAIN,TRAIN,no,7,v40c_02647,orig_rule_02727
nframe_01604,data/images/nframe_01604.npy,TRAIN,TRAIN,no,7,v40c_02647,orig_rule_02727
nframe_01605,data/images/nframe_01605.npy,TRAIN,TRAIN,no,7,v40c_02647,orig_rule_02727
nframe_01606,data/images/nframe_01606.npy,TRAIN,TRAIN,no,7,v40c_02647,orig_rule_02727
nframe_01607,data/images/nframe_01607.npy,TRAIN,TRAIN,no,7,v40c_02647,orig_rule_02727
nframe_01608,data/images/nframe_01608.npy,TRAIN,TRAIN,no,7,v40c_02647,orig_rule_02727
nframe_01609,data/images/nframe_01609.npy,TRAIN,TRAIN,no,7,v40c_02647,orig_rule_02727
nframe_01610,data/images/nframe_01610.npy,TRAIN,TRAIN,no,7,v40c_02647,orig_rule_02727
nframe_01611,data/images/nframe_01611.npy,TRAIN,TRAIN,no,7,v40c_02647,orig_rule_02727
nframe_01612,data/images/nframe_01612.npy,TRAIN,TRAIN,no,8,v40c_02647,orig_rule_02727
nframe_01613,data/images/nframe_01613.npy,TRAIN,TRAIN,no,7,v40c_02647,orig_rule_02727
nframe_01614,data/images/nframe_01614.npy,TRAIN,TRAIN,no,7,v40c_02647,orig_rule_02727
nframe_01615,data/images/nframe_01615.npy,TRAIN,TRAIN,no,6,v40c_02647,orig_rule_02727
nframe_01616,data/images/nframe_01616.npy,TRAIN,TRAIN,no,6,v40c_02647,orig_rule_02727
nframe_01617,data/images/nframe_01617.npy,TRAIN,TRAIN,no,6,v40c_02647,orig_rule_02727
nframe_01618,data/images/nframe_01618.npy,TRAIN,TRAIN,no,6,v40c_02647,orig_rule_02727
nframe_01619,data/images/nframe_01619.npy,TRAIN,TRAIN,no,7,v40c_02647,orig_rule_02727
nframe_01620,data/images/nframe_01620.npy,TRAIN,TRAIN,no,7,v40c_02647,orig_rule_02727
nframe_01621,data/images/nframe_01621.npy,TRAIN,TRAIN,no,7,v40c_02647,orig_rule_02727
nframe_01622,data/images/nframe_01622.npy,TRAIN,TRAIN,no,6,v40c_02647,orig_rule_02727
nframe_01623,data/images/nframe_01623.npy,TRAIN,TRAIN,no,7,v40c_02647,orig_rule_02727
nframe_01624,data/images/nframe_01624.npy,TRAIN,TRAIN,no,6,v40c_02647,orig_rule_02727
nframe_01625,data/images/nframe_01625.npy,TRAIN,TRAIN,no,6,v40c_02647,orig_rule_02727
nframe_01626,data/images/nframe_01626.npy,TRAIN,TRAIN,no,9,v40c_02647,orig_rule_02727
nframe_01627,data/images/nframe_01627.npy,TRAIN,TRAIN,no,6,v40c_02647,orig_rule_02727
nframe_01628,data/images/nframe_01628.npy,TRAIN,TRAIN,no,7,v40c_02647,orig_rule_02727
nframe_01629,data/images/nframe_01629.npy,TRAIN,TRAIN,no,7,v40c_02647,orig_rule_02727
nframe_01630,data/images/nframe_01630.npy,TRAIN,TRAIN,no,6,v40c_02647,orig_rule_02727
nframe_01631,data/images/nframe_01631.npy,TRAIN,TRAIN,no,6,v40c_02647,orig_rule_02727
nframe_01632,data/images/nframe_01632.npy,TRAIN,TRAIN,no,7,v40c_02647,orig_rule_02727
nframe_01633,data/images/nframe_01633.npy,TRAIN,TRAIN,no,6,v40c_02647,orig_rule_02727
nframe_01634,data/images/nframe_01634.npy,TRAIN,TRAIN,no,6,v40c_02647,orig_rule_02727
nframe_01635,data/images/nframe_01635.npy,TRAIN,TRAIN,no,6,v40c_02647,orig_rule_02727
nframe_01636,data/images/nframe_01636.npy,TRAIN,TRAIN,no,7,v40c_02648,orig_rule_02728
nframe_01637,data/images/nframe_01637.npy,TRAIN,TRAIN,no,6,v40c_02648,orig_rule_02728
nframe_01638,data/images/nframe_01638.npy,TRAIN,TRAIN,no,6,v40c_02648,orig_rule_02728
nframe_01639,data/images/nframe_01639.npy,TRAIN,TRAIN,no,6,v40c_02649,orig_singleton_nframe_01639
nframe_01640,data/images/nframe_01640.npy,TRAIN,TRAIN,no,6,v40c_02643,orig_rule_02723
nframe_01641,data/images/nframe_01641.npy,TRAIN,TRAIN,no,6,v40c_02643,orig_rule_02723
nframe_01642,data/images/nframe_01642.npy,TRAIN,TRAIN,no,6,v40c_02643,orig_rule_02723
nframe_01643,data/images/nframe_01643.npy,TRAIN,TRAIN,no,6,v40c_02643,orig_rule_02723
nframe_01644,data/images/nframe_01644.npy,TRAIN,TRAIN,no,6,v40c_02643,orig_rule_02723
nframe_01645,data/images/nframe_01645.npy,TRAIN,TRAIN,no,6,v40c_02650,orig_singleton_nframe_01645
nframe_01646,data/images/nframe_01646.npy,TRAIN,TRAIN,no,7,v40c_02651,orig_singleton_nframe_01646
nframe_01647,data/images/nframe_01647.npy,TRAIN,TRAIN,no,7,v40c_02652,orig_singleton_nframe_01647
nframe_01648,data/images/nframe_01648.npy,TRAIN,TRAIN,no,6,v40c_02653,orig_singleton_nframe_01648
nframe_01649,data/images/nframe_01649.npy,TRAIN,TRAIN,no,7,v40c_02654,orig_singleton_nframe_01649
nframe_01650,data/images/nframe_01650.npy,TRAIN,TRAIN,no,6,v40c_02643,orig_rule_02723
nframe_01651,data/images/nframe_01651.npy,TRAIN,TRAIN,no,7,v40c_02643,orig_rule_02723
nframe_01652,data/images/nframe_01652.npy,TRAIN,TRAIN,no,6,v40c_02655,orig_singleton_nframe_01652
nframe_01653,data/images/nframe_01653.npy,TRAIN,TRAIN,no,7,v40c_02656,orig_rule_02736
nframe_01654,data/images/nframe_01654.npy,TRAIN,TRAIN,no,7,v40c_02656,orig_rule_02736
nframe_01655,data/images/nframe_01655.npy,TRAIN,TRAIN,no,7,v40c_02657,orig_singleton_nframe_01655
nframe_01656,data/images/nframe_01656.npy,TRAIN,TRAIN,no,7,v40c_02658,orig_singleton_nframe_01656
nframe_01657,data/images/nframe_01657.npy,TRAIN,TRAIN,no,6,v40c_02659,orig_rule_02739
nframe_01658,data/images/nframe_01658.npy,TRAIN,TRAIN,no,6,v40c_02659,orig_rule_02739
nframe_01659,data/images/nframe_01659.npy,TRAIN,TRAIN,no,6,v40c_02659,orig_rule_02739
nframe_01660,data/images/nframe_01660.npy,TRAIN,TRAIN,no,6,v40c_02660,orig_singleton_nframe_01660
nframe_01661,data/images/nframe_01661.npy,TRAIN,TRAIN,no,7,v40c_02661,orig_singleton_nframe_01661
nframe_01662,data/images/nframe_01662.npy,TRAIN,TRAIN,no,8,v40c_02662,orig_rule_02742
nframe_01663,data/images/nframe_01663.npy,TRAIN,TRAIN,no,7,v40c_02663,orig_rule_02743
nframe_01664,data/images/nframe_01664.npy,TRAIN,TRAIN,no,7,v40c_02663,orig_rule_02743
nframe_01665,data/images/nframe_01665.npy,TRAIN,TRAIN,no,6,v40c_02664,orig_singleton_nframe_01665
nframe_01666,data/images/nframe_01666.npy,TRAIN,TRAIN,no,7,v40c_02665,orig_singleton_nframe_01666
nframe_01667,data/images/nframe_01667.npy,TRAIN,TRAIN,no,8,v40c_02666,orig_rule_02746
nframe_01668,data/images/nframe_01668.npy,TRAIN,TRAIN,no,7,v40c_02666,orig_rule_02746
nframe_01669,data/images/nframe_01669.npy,TRAIN,TRAIN,no,8,v40c_02667,orig_rule_02747
nframe_01670,data/images/nframe_01670.npy,TRAIN,TRAIN,no,8,v40c_02667,orig_rule_02747
nframe_01671,data/images/nframe_01671.npy,TRAIN,TRAIN,no,8,v40c_02667,orig_rule_02747
nframe_01672,data/images/nframe_01672.npy,TRAIN,TRAIN,no,8,v40c_02662,orig_rule_02742
nframe_01673,data/images/nframe_01673.npy,TRAIN,TRAIN,no,8,v40c_02662,orig_rule_02742
nframe_01674,data/images/nframe_01674.npy,TRAIN,TRAIN,no,8,v40c_02668,orig_rule_02748
nframe_01675,data/images/nframe_01675.npy,TRAIN,TRAIN,no,6,v40c_02668,orig_rule_02748
nframe_01676,data/images/nframe_01676.npy,TRAIN,TRAIN,no,7,v40c_02668,orig_rule_02748
nframe_01677,data/images/nframe_01677.npy,TRAIN,TRAIN,no,8,v40c_02668,orig_rule_02748
nframe_01678,data/images/nframe_01678.npy,TRAIN,TRAIN,no,7,v40c_02668,orig_rule_02748
nframe_01679,data/images/nframe_01679.npy,TRAIN,TRAIN,no,7,v40c_02668,orig_rule_02748
nframe_01680,data/images/nframe_01680.npy,TRAIN,TRAIN,no,7,v40c_02668,orig_rule_02748
nframe_01681,data/images/nframe_01681.npy,TRAIN,TRAIN,no,8,v40c_02669,orig_singleton_nframe_01681
nframe_01682,data/images/nframe_01682.npy,TRAIN,TRAIN,no,7,v40c_02670,orig_singleton_nframe_01682
nframe_01683,data/images/nframe_01683.npy,TRAIN,TRAIN,no,8,v40c_02671,orig_rule_02751
nframe_01684,data/images/nframe_01684.npy,TRAIN,TRAIN,no,7,v40c_02671,orig_rule_02751
nframe_01685,data/images/nframe_01685.npy,TRAIN,TRAIN,no,7,v40c_02671,orig_rule_02751
nframe_01686,data/images/nframe_01686.npy,TRAIN,TRAIN,no,7,v40c_02671,orig_rule_02751
nframe_01687,data/images/nframe_01687.npy,TRAIN,TRAIN,no,7,v40c_02671,orig_rule_02751
nframe_01688,data/images/nframe_01688.npy,TRAIN,TRAIN,no,6,v40c_02672,orig_rule_02752
nframe_01689,data/images/nframe_01689.npy,TRAIN,TRAIN,no,6,v40c_02672,orig_rule_02752
nframe_01690,data/images/nframe_01690.npy,TRAIN,TRAIN,no,6,v40c_02672,orig_rule_02752
nframe_01691,data/images/nframe_01691.npy,TRAIN,TRAIN,no,6,v40c_02673,orig_singleton_nframe_01691
nframe_01692,data/images/nframe_01692.npy,TRAIN,TRAIN,no,6,v40c_02674,orig_rule_02754
nframe_01693,data/images/nframe_01693.npy,TRAIN,TRAIN,no,7,v40c_02674,orig_rule_02754
nframe_01694,data/images/nframe_01694.npy,TRAIN,TRAIN,no,7,v40c_02674,orig_rule_02754
nframe_01695,data/images/nframe_01695.npy,TRAIN,TRAIN,no,7,v40c_02674,orig_rule_02754
nframe_01696,data/images/nframe_01696.npy,TRAIN,TRAIN,no,7,v40c_02674,orig_rule_02754
nframe_01697,data/images/nframe_01697.npy,TRAIN,TRAIN,no,7,v40c_02674,orig_rule_02754
nframe_01698,data/images/nframe_01698.npy,TRAIN,TRAIN,no,7,v40c_02674,orig_rule_02754
nframe_01699,data/images/nframe_01699.npy,TRAIN,TRAIN,no,7,v40c_02674,orig_rule_02754
nframe_01700,data/images/nframe_01700.npy,TRAIN,TRAIN,no,7,v40c_02674,orig_rule_02754
nframe_01701,data/images/nframe_01701.npy,TRAIN,TRAIN,no,7,v40c_02674,orig_rule_02754
nframe_01702,data/images/nframe_01702.npy,TRAIN,TRAIN,no,7,v40c_02674,orig_rule_02754
nframe_01703,data/images/nframe_01703.npy,TRAIN,TRAIN,no,7,v40c_02674,orig_rule_02754
nframe_01704,data/images/nframe_01704.npy,TRAIN,TRAIN,no,7,v40c_02674,orig_rule_02754
nframe_01705,data/images/nframe_01705.npy,TRAIN,TRAIN,no,7,v40c_02674,orig_rule_02754
nframe_01706,data/images/nframe_01706.npy,TRAIN,TRAIN,no,7,v40c_02674,orig_rule_02754
nframe_01707,data/images/nframe_01707.npy,TRAIN,TRAIN,no,7,v40c_02675,orig_rule_02755
nframe_01708,data/images/nframe_01708.npy,TRAIN,TRAIN,no,7,v40c_02675,orig_rule_02755
nframe_01709,data/images/nframe_01709.npy,TRAIN,TRAIN,no,7,v40c_02676,orig_singleton_nframe_01709
nframe_01710,data/images/nframe_01710.npy,TRAIN,TRAIN,no,7,v40c_02677,orig_singleton_nframe_01710
nframe_01711,data/images/nframe_01711.npy,TRAIN,TRAIN,no,7,v40c_02678,orig_rule_02758
nframe_01712,data/images/nframe_01712.npy,TRAIN,TRAIN,no,7,v40c_02678,orig_rule_02758
nframe_01713,data/images/nframe_01713.npy,TRAIN,TRAIN,no,6,v40c_02679,orig_singleton_nframe_01713
nframe_01714,data/images/nframe_01714.npy,TRAIN,TRAIN,no,6,v40c_02680,orig_singleton_nframe_01714
nframe_01715,data/images/nframe_01715.npy,TRAIN,TRAIN,no,6,v40c_02681,orig_rule_02761
nframe_01716,data/images/nframe_01716.npy,TRAIN,TRAIN,no,6,v40c_02681,orig_rule_02761
nframe_01717,data/images/nframe_01717.npy,TRAIN,TRAIN,no,6,v40c_02681,orig_rule_02761
nframe_01718,data/images/nframe_01718.npy,TRAIN,TRAIN,no,6,v40c_02681,orig_rule_02761
nframe_01719,data/images/nframe_01719.npy,TRAIN,TRAIN,no,6,v40c_02681,orig_rule_02761
nframe_01720,data/images/nframe_01720.npy,TRAIN,TRAIN,no,6,v40c_02682,orig_singleton_nframe_01720
nframe_01721,data/images/nframe_01721.npy,TRAIN,TRAIN,no,8,v40c_02683,orig_singleton_nframe_01721
nframe_01722,data/images/nframe_01722.npy,TRAIN,TRAIN,no,7,v40c_02684,orig_singleton_nframe_01722
nframe_01723,data/images/nframe_01723.npy,TRAIN,TRAIN,no,7,v40c_02685,orig_singleton_nframe_01723
nframe_01724,data/images/nframe_01724.npy,TRAIN,TRAIN,no,8,v40c_02686,orig_rule_02766
nframe_01725,data/images/nframe_01725.npy,TRAIN,TRAIN,no,7,v40c_02686,orig_rule_02766
nframe_01726,data/images/nframe_01726.npy,TRAIN,TRAIN,no,7,v40c_02686,orig_rule_02766
nframe_01727,data/images/nframe_01727.npy,TRAIN,TRAIN,no,7,v40c_02686,orig_rule_02766
nframe_01728,data/images/nframe_01728.npy,TRAIN,TRAIN,no,7,v40c_02686,orig_rule_02766
nframe_01729,data/images/nframe_01729.npy,TRAIN,TRAIN,no,7,v40c_02686,orig_rule_02766
nframe_01730,data/images/nframe_01730.npy,TRAIN,TRAIN,no,7,v40c_02686,orig_rule_02766
nframe_01731,data/images/nframe_01731.npy,TRAIN,TRAIN,no,7,v40c_02686,orig_rule_02766
nframe_01732,data/images/nframe_01732.npy,TRAIN,TRAIN,no,5,v40c_02686,orig_rule_02766
nframe_01733,data/images/nframe_01733.npy,TRAIN,TRAIN,no,5,v40c_02687,orig_rule_02767
nframe_01734,data/images/nframe_01734.npy,TRAIN,TRAIN,no,5,v40c_02687,orig_rule_02767
nframe_01735,data/images/nframe_01735.npy,TRAIN,TRAIN,no,5,v40c_02688,orig_rule_02768
nframe_01736,data/images/nframe_01736.npy,TRAIN,TRAIN,no,5,v40c_02688,orig_rule_02768
nframe_01737,data/images/nframe_01737.npy,TRAIN,TRAIN,no,6,v40c_02688,orig_rule_02768
nframe_01738,data/images/nframe_01738.npy,TRAIN,TRAIN,no,6,v40c_02688,orig_rule_02768
nframe_01739,data/images/nframe_01739.npy,TRAIN,TRAIN,no,6,v40c_02688,orig_rule_02768
nframe_01740,data/images/nframe_01740.npy,TRAIN,TRAIN,no,6,v40c_02689,orig_rule_02769
nframe_01741,data/images/nframe_01741.npy,TRAIN,TRAIN,no,6,v40c_02689,orig_rule_02769
nframe_01742,data/images/nframe_01742.npy,TRAIN,TRAIN,no,6,v40c_02689,orig_rule_02769
nframe_01743,data/images/nframe_01743.npy,TRAIN,TRAIN,no,6,v40c_02690,orig_rule_02770
nframe_01744,data/images/nframe_01744.npy,TRAIN,TRAIN,no,6,v40c_02690,orig_rule_02770
nframe_01745,data/images/nframe_01745.npy,TRAIN,TRAIN,no,6,v40c_02690,orig_rule_02770
nframe_01746,data/images/nframe_01746.npy,TRAIN,TRAIN,no,6,v40c_02690,orig_rule_02770
nframe_01747,data/images/nframe_01747.npy,TRAIN,TRAIN,no,6,v40c_02691,orig_rule_02771
nframe_01748,data/images/nframe_01748.npy,TRAIN,TRAIN,no,6,v40c_02691,orig_rule_02771
nframe_01749,data/images/nframe_01749.npy,TRAIN,TRAIN,no,6,v40c_02691,orig_rule_02771
nframe_01750,data/images/nframe_01750.npy,TRAIN,TRAIN,no,6,v40c_02690,orig_rule_02770
nframe_01751,data/images/nframe_01751.npy,TRAIN,TRAIN,no,6,v40c_02690,orig_rule_02770
nframe_01752,data/images/nframe_01752.npy,TRAIN,TRAIN,no,6,v40c_02690,orig_rule_02770
nframe_01753,data/images/nframe_01753.npy,TRAIN,TRAIN,no,6,v40c_02690,orig_rule_02770
nframe_01754,data/images/nframe_01754.npy,TRAIN,TRAIN,no,6,v40c_02690,orig_rule_02770
nframe_01755,data/images/nframe_01755.npy,TRAIN,TRAIN,no,6,v40c_02690,orig_rule_02770
nframe_01756,data/images/nframe_01756.npy,TRAIN,TRAIN,no,6,v40c_02690,orig_rule_02770
nframe_01757,data/images/nframe_01757.npy,TRAIN,TRAIN,no,6,v40c_02690,orig_rule_02770
nframe_01758,data/images/nframe_01758.npy,TRAIN,TRAIN,no,5,v40c_02690,orig_rule_02770
nframe_01759,data/images/nframe_01759.npy,TRAIN,TRAIN,no,5,v40c_02690,orig_rule_02770
nframe_01760,data/images/nframe_01760.npy,TRAIN,TRAIN,no,5,v40c_02690,orig_rule_02770
nframe_01761,data/images/nframe_01761.npy,TRAIN,TRAIN,no,6,v40c_02690,orig_rule_02770
nframe_01762,data/images/nframe_01762.npy,TRAIN,TRAIN,no,6,v40c_02690,orig_rule_02770
nframe_01763,data/images/nframe_01763.npy,TRAIN,TRAIN,no,6,v40c_02691,orig_rule_02771
nframe_01764,data/images/nframe_01764.npy,TRAIN,TRAIN,no,5,v40c_02692,orig_singleton_nframe_01764
nframe_01765,data/images/nframe_01765.npy,TRAIN,TRAIN,no,5,v40c_02693,orig_singleton_nframe_01765
nframe_01766,data/images/nframe_01766.npy,TRAIN,TRAIN,no,6,v40c_02694,orig_rule_02774
nframe_01767,data/images/nframe_01767.npy,TRAIN,TRAIN,no,6,v40c_02694,orig_rule_02774
nframe_01768,data/images/nframe_01768.npy,TRAIN,TRAIN,no,6,v40c_02694,orig_rule_02774
nframe_01769,data/images/nframe_01769.npy,TRAIN,TRAIN,no,5,v40c_02694,orig_rule_02774
nframe_01770,data/images/nframe_01770.npy,TRAIN,TRAIN,no,6,v40c_02694,orig_rule_02774
nframe_01771,data/images/nframe_01771.npy,TRAIN,TRAIN,no,6,v40c_02694,orig_rule_02774
nframe_01772,data/images/nframe_01772.npy,TRAIN,TRAIN,no,6,v40c_02694,orig_rule_02774
nframe_01773,data/images/nframe_01773.npy,TRAIN,TRAIN,no,5,v40c_02694,orig_rule_02774
nframe_01774,data/images/nframe_01774.npy,TRAIN,TRAIN,no,6,v40c_02694,orig_rule_02774
nframe_01775,data/images/nframe_01775.npy,TRAIN,TRAIN,no,6,v40c_02694,orig_rule_02774
nframe_01776,data/images/nframe_01776.npy,TRAIN,TRAIN,no,6,v40c_02694,orig_rule_02774
nframe_01777,data/images/nframe_01777.npy,TRAIN,TRAIN,no,6,v40c_02694,orig_rule_02774
nframe_01778,data/images/nframe_01778.npy,TRAIN,TRAIN,no,6,v40c_02694,orig_rule_02774
nframe_01779,data/images/nframe_01779.npy,TRAIN,TRAIN,no,6,v40c_02694,orig_rule_02774
nframe_01780,data/images/nframe_01780.npy,TRAIN,TRAIN,no,6,v40c_02694,orig_rule_02774
nframe_01781,data/images/nframe_01781.npy,TRAIN,TRAIN,no,6,v40c_02694,orig_rule_02774
nframe_01782,data/images/nframe_01782.npy,TRAIN,TRAIN,no,6,v40c_02694,orig_rule_02774
nframe_01783,data/images/nframe_01783.npy,TRAIN,TRAIN,no,6,v40c_02694,orig_rule_02774
nframe_01784,data/images/nframe_01784.npy,TRAIN,TRAIN,no,6,v40c_02694,orig_rule_02774
nframe_01785,data/images/nframe_01785.npy,TRAIN,TRAIN,no,5,v40c_02694,orig_rule_02774
nframe_01786,data/images/nframe_01786.npy,TRAIN,TRAIN,no,6,v40c_02695,orig_singleton_nframe_01786
nframe_01787,data/images/nframe_01787.npy,TRAIN,TRAIN,no,6,v40c_02696,orig_rule_02776
nframe_01788,data/images/nframe_01788.npy,TRAIN,TRAIN,no,7,v40c_02696,orig_rule_02776
nframe_01789,data/images/nframe_01789.npy,TRAIN,TRAIN,no,6,v40c_02696,orig_rule_02776
nframe_01790,data/images/nframe_01790.npy,TRAIN,TRAIN,no,7,v40c_02696,orig_rule_02776
nframe_01791,data/images/nframe_01791.npy,TRAIN,TRAIN,no,6,v40c_02696,orig_rule_02776
nframe_01792,data/images/nframe_01792.npy,TRAIN,TRAIN,no,5,v40c_02696,orig_rule_02776
nframe_01793,data/images/nframe_01793.npy,TRAIN,TRAIN,no,6,v40c_02696,orig_rule_02776
nframe_01794,data/images/nframe_01794.npy,TRAIN,TRAIN,no,7,v40c_02696,orig_rule_02776
nframe_01795,data/images/nframe_01795.npy,TRAIN,TRAIN,no,6,v40c_02696,orig_rule_02776
nframe_01796,data/images/nframe_01796.npy,TRAIN,TRAIN,no,6,v40c_02696,orig_rule_02776
nframe_01797,data/images/nframe_01797.npy,TRAIN,TRAIN,no,6,v40c_02696,orig_rule_02776
nframe_01798,data/images/nframe_01798.npy,TRAIN,TRAIN,no,5,v40c_02696,orig_rule_02776
nframe_01799,data/images/nframe_01799.npy,TRAIN,TRAIN,no,5,v40c_02697,orig_singleton_nframe_01799
nframe_01800,data/images/nframe_01800.npy,TRAIN,TRAIN,no,6,v40c_02698,orig_singleton_nframe_01800
nframe_01801,data/images/nframe_01801.npy,TRAIN,TRAIN,no,5,v40c_02699,orig_singleton_nframe_01801
nframe_01802,data/images/nframe_01802.npy,TRAIN,TRAIN,no,5,v40c_02700,orig_rule_02780
nframe_01803,data/images/nframe_01803.npy,TRAIN,TRAIN,no,5,v40c_02700,orig_rule_02780
nframe_01804,data/images/nframe_01804.npy,TRAIN,TRAIN,no,5,v40c_02700,orig_rule_02780
nframe_01805,data/images/nframe_01805.npy,TRAIN,TRAIN,no,5,v40c_02700,orig_rule_02780
nframe_01806,data/images/nframe_01806.npy,TRAIN,TRAIN,no,6,v40c_02700,orig_rule_02780
nframe_01807,data/images/nframe_01807.npy,TRAIN,TRAIN,no,6,v40c_02700,orig_rule_02780
nframe_01808,data/images/nframe_01808.npy,TRAIN,TRAIN,no,5,v40c_02700,orig_rule_02780
nframe_01809,data/images/nframe_01809.npy,TRAIN,TRAIN,no,5,v40c_02700,orig_rule_02780
nframe_01810,data/images/nframe_01810.npy,TRAIN,TRAIN,no,5,v40c_02700,orig_rule_02780
nframe_01811,data/images/nframe_01811.npy,TRAIN,TRAIN,no,5,v40c_02700,orig_rule_02780
nframe_01812,data/images/nframe_01812.npy,TRAIN,TRAIN,no,5,v40c_02700,orig_rule_02780
nframe_01813,data/images/nframe_01813.npy,TRAIN,TRAIN,no,5,v40c_02700,orig_rule_02780
nframe_01814,data/images/nframe_01814.npy,TRAIN,TRAIN,no,5,v40c_02700,orig_rule_02780
nframe_01815,data/images/nframe_01815.npy,TRAIN,TRAIN,no,5,v40c_02700,orig_rule_02780
nframe_01816,data/images/nframe_01816.npy,TRAIN,TRAIN,no,5,v40c_02700,orig_rule_02780
nframe_01817,data/images/nframe_01817.npy,TRAIN,TRAIN,no,5,v40c_02700,orig_rule_02780
nframe_01818,data/images/nframe_01818.npy,TRAIN,TRAIN,no,5,v40c_02701,orig_rule_02781
nframe_01819,data/images/nframe_01819.npy,TRAIN,TRAIN,no,5,v40c_02701,orig_rule_02781
nframe_01820,data/images/nframe_01820.npy,TRAIN,TRAIN,no,5,v40c_02701,orig_rule_02781
nframe_01821,data/images/nframe_01821.npy,TRAIN,TRAIN,no,4,v40c_02702,orig_singleton_nframe_01821
nframe_01822,data/images/nframe_01822.npy,TRAIN,TRAIN,no,5,v40c_02703,orig_rule_02783
nframe_01823,data/images/nframe_01823.npy,TRAIN,TRAIN,no,5,v40c_02703,orig_rule_02783
nframe_01824,data/images/nframe_01824.npy,TRAIN,TRAIN,no,5,v40c_02703,orig_rule_02783
nframe_01825,data/images/nframe_01825.npy,TRAIN,TRAIN,no,4,v40c_02703,orig_rule_02783
nframe_01826,data/images/nframe_01826.npy,TRAIN,TRAIN,no,5,v40c_02703,orig_rule_02783
nframe_01827,data/images/nframe_01827.npy,TRAIN,TRAIN,no,5,v40c_02703,orig_rule_02783
nframe_01828,data/images/nframe_01828.npy,TRAIN,TRAIN,no,4,v40c_02703,orig_rule_02783
nframe_01829,data/images/nframe_01829.npy,TRAIN,TRAIN,no,3,v40c_02704,orig_rule_02784
nframe_01830,data/images/nframe_01830.npy,TRAIN,TRAIN,no,3,v40c_02704,orig_rule_02784
nframe_01831,data/images/nframe_01831.npy,TRAIN,TRAIN,no,4,v40c_02704,orig_rule_02784
nframe_01832,data/images/nframe_01832.npy,TRAIN,TRAIN,no,4,v40c_02704,orig_rule_02784
nframe_01834,data/images/nframe_01834.npy,TRAIN,TRAIN,no,4,v40c_02705,orig_rule_02785
nframe_01835,data/images/nframe_01835.npy,TRAIN,TRAIN,no,4,v40c_02705,orig_rule_02785
nframe_01836,data/images/nframe_01836.npy,TRAIN,TRAIN,no,4,v40c_02706,orig_rule_02786
nframe_01837,data/images/nframe_01837.npy,TRAIN,TRAIN,no,4,v40c_02706,orig_rule_02786
nframe_01838,data/images/nframe_01838.npy,TRAIN,TRAIN,no,3,v40c_02707,orig_rule_02787
nframe_01839,data/images/nframe_01839.npy,TRAIN,TRAIN,no,3,v40c_02707,orig_rule_02787
nframe_01840,data/images/nframe_01840.npy,TRAIN,TRAIN,no,3,v40c_02708,orig_rule_02788
nframe_01841,data/images/nframe_01841.npy,TRAIN,TRAIN,no,4,v40c_02708,orig_rule_02788
nframe_01842,data/images/nframe_01842.npy,TRAIN,TRAIN,no,3,v40c_02708,orig_rule_02788
nframe_01843,data/images/nframe_01843.npy,TRAIN,TRAIN,no,3,v40c_02708,orig_rule_02788
nframe_01844,data/images/nframe_01844.npy,TRAIN,TRAIN,no,4,v40c_02708,orig_rule_02788
nframe_01845,data/images/nframe_01845.npy,TRAIN,TRAIN,no,3,v40c_02709,orig_singleton_nframe_01845
nframe_01846,data/images/nframe_01846.npy,TRAIN,TRAIN,no,3,v40c_02710,orig_rule_02790
nframe_01847,data/images/nframe_01847.npy,TRAIN,TRAIN,no,3,v40c_02710,orig_rule_02790
nframe_01848,data/images/nframe_01848.npy,TRAIN,TRAIN,no,3,v40c_02710,orig_rule_02790
nframe_01849,data/images/nframe_01849.npy,TRAIN,TRAIN,no,3,v40c_02710,orig_rule_02790
nframe_01850,data/images/nframe_01850.npy,TRAIN,TRAIN,no,3,v40c_02710,orig_rule_02790
nframe_01852,data/images/nframe_01852.npy,TRAIN,TRAIN,no,3,v40c_02710,orig_rule_02790
nframe_01853,data/images/nframe_01853.npy,TRAIN,TRAIN,no,3,v40c_02710,orig_rule_02790
nframe_01854,data/images/nframe_01854.npy,TRAIN,TRAIN,no,3,v40c_02711,orig_singleton_nframe_01854
nframe_01855,data/images/nframe_01855.npy,TRAIN,TRAIN,no,3,v40c_02712,orig_rule_02792
nframe_01856,data/images/nframe_01856.npy,TRAIN,TRAIN,no,3,v40c_02712,orig_rule_02792
nframe_01857,data/images/nframe_01857.npy,TRAIN,TRAIN,no,3,v40c_02712,orig_rule_02792
nframe_01858,data/images/nframe_01858.npy,TRAIN,TRAIN,no,3,v40c_02712,orig_rule_02792
nframe_01859,data/images/nframe_01859.npy,TRAIN,TRAIN,no,2,v40c_02713,orig_singleton_nframe_01859
nframe_01860,data/images/nframe_01860.npy,TRAIN,TRAIN,no,2,v40c_02714,orig_rule_02794
nframe_01861,data/images/nframe_01861.npy,TRAIN,TRAIN,no,4,v40c_02714,orig_rule_02794
nframe_01862,data/images/nframe_01862.npy,TRAIN,TRAIN,no,2,v40c_02715,orig_rule_02795
nframe_01863,data/images/nframe_01863.npy,TRAIN,TRAIN,no,2,v40c_02715,orig_rule_02795
nframe_01864,data/images/nframe_01864.npy,TRAIN,TRAIN,no,2,v40c_02715,orig_rule_02795
nframe_01865,data/images/nframe_01865.npy,TRAIN,TRAIN,no,2,v40c_02715,orig_rule_02795
nframe_01866,data/images/nframe_01866.npy,TRAIN,TRAIN,no,3,v40c_02716,orig_rule_02796
nframe_01867,data/images/nframe_01867.npy,TRAIN,TRAIN,no,3,v40c_02716,orig_rule_02796
nframe_01868,data/images/nframe_01868.npy,TRAIN,TRAIN,no,3,v40c_02717,orig_singleton_nframe_01868
nframe_01869,data/images/nframe_01869.npy,TRAIN,TRAIN,no,3,v40c_02718,orig_rule_02798
nframe_01870,data/images/nframe_01870.npy,TRAIN,TRAIN,no,3,v40c_02718,orig_rule_02798
nframe_01871,data/images/nframe_01871.npy,TRAIN,TRAIN,no,3,v40c_02719,orig_rule_02799
nframe_01872,data/images/nframe_01872.npy,TRAIN,TRAIN,no,4,v40c_02719,orig_rule_02799
nframe_01873,data/images/nframe_01873.npy,TRAIN,TRAIN,no,4,v40c_02720,orig_rule_02800
nframe_01874,data/images/nframe_01874.npy,TRAIN,TRAIN,no,4,v40c_02720,orig_rule_02800
nframe_01875,data/images/nframe_01875.npy,TRAIN,TRAIN,no,4,v40c_02720,orig_rule_02800
nframe_01876,data/images/nframe_01876.npy,TRAIN,TRAIN,no,4,v40c_02721,orig_singleton_nframe_01876
nframe_01877,data/images/nframe_01877.npy,TRAIN,TRAIN,no,3,v40c_02722,orig_singleton_nframe_01877
nframe_01878,data/images/nframe_01878.npy,TRAIN,TRAIN,no,2,v40c_02723,orig_rule_02803
nframe_01879,data/images/nframe_01879.npy,TRAIN,TRAIN,no,2,v40c_02723,orig_rule_02803
nframe_01880,data/images/nframe_01880.npy,TRAIN,TRAIN,no,2,v40c_02724,orig_singleton_nframe_01880
nframe_01881,data/images/nframe_01881.npy,TRAIN,TRAIN,no,2,v40c_02725,orig_rule_02805
nframe_01882,data/images/nframe_01882.npy,TRAIN,TRAIN,no,2,v40c_02725,orig_rule_02805
nframe_01883,data/images/nframe_01883.npy,TRAIN,TRAIN,no,2,v40c_02725,orig_rule_02805
nframe_01884,data/images/nframe_01884.npy,TRAIN,TRAIN,no,2,v40c_02725,orig_rule_02805
nframe_01885,data/images/nframe_01885.npy,TRAIN,TRAIN,no,2,v40c_02726,orig_singleton_nframe_01885
nframe_01886,data/images/nframe_01886.npy,TRAIN,TRAIN,no,3,v40c_02727,orig_rule_02807
nframe_01887,data/images/nframe_01887.npy,TRAIN,TRAIN,no,3,v40c_02727,orig_rule_02807
nframe_01888,data/images/nframe_01888.npy,TRAIN,TRAIN,no,3,v40c_02728,orig_rule_02808
nframe_01889,data/images/nframe_01889.npy,TRAIN,TRAIN,no,3,v40c_02728,orig_rule_02808
nframe_01890,data/images/nframe_01890.npy,TRAIN,TRAIN,no,4,v40c_02729,orig_singleton_nframe_01890
nframe_01891,data/images/nframe_01891.npy,TRAIN,TRAIN,no,3,v40c_02730,orig_singleton_nframe_01891
nframe_01892,data/images/nframe_01892.npy,TRAIN,TRAIN,no,2,v40c_02731,orig_singleton_nframe_01892
nframe_01893,data/images/nframe_01893.npy,TRAIN,TRAIN,no,3,v40c_02732,orig_rule_02812
nframe_01894,data/images/nframe_01894.npy,TRAIN,TRAIN,no,3,v40c_02732,orig_rule_02812
nframe_01895,data/images/nframe_01895.npy,TRAIN,TRAIN,no,3,v40c_02732,orig_rule_02812
nframe_01896,data/images/nframe_01896.npy,TRAIN,TRAIN,no,3,v40c_02732,orig_rule_02812
nframe_01897,data/images/nframe_01897.npy,TRAIN,TRAIN,no,4,v40c_02732,orig_rule_02812
nframe_01898,data/images/nframe_01898.npy,TRAIN,TRAIN,no,3,v40c_02732,orig_rule_02812
nframe_01899,data/images/nframe_01899.npy,TRAIN,TRAIN,no,3,v40c_02732,orig_rule_02812
nframe_01900,data/images/nframe_01900.npy,TRAIN,TRAIN,no,3,v40c_02733,orig_singleton_nframe_01900
nframe_01901,data/images/nframe_01901.npy,TRAIN,TRAIN,no,3,v40c_02734,orig_singleton_nframe_01901
nframe_01902,data/images/nframe_01902.npy,TRAIN,TRAIN,no,3,v40c_02735,orig_rule_02815
nframe_01903,data/images/nframe_01903.npy,TRAIN,TRAIN,no,4,v40c_02736,orig_rule_02816
nframe_01904,data/images/nframe_01904.npy,TRAIN,TRAIN,no,4,v40c_02736,orig_rule_02816
nframe_01905,data/images/nframe_01905.npy,TRAIN,TRAIN,no,4,v40c_02736,orig_rule_02816
nframe_01906,data/images/nframe_01906.npy,TRAIN,TRAIN,no,4,v40c_02736,orig_rule_02816
nframe_01907,data/images/nframe_01907.npy,TRAIN,TRAIN,no,4,v40c_02736,orig_rule_02816
nframe_01908,data/images/nframe_01908.npy,TRAIN,TRAIN,no,4,v40c_02736,orig_rule_02816
nframe_01909,data/images/nframe_01909.npy,TRAIN,TRAIN,no,4,v40c_02735,orig_rule_02815
nframe_01910,data/images/nframe_01910.npy,TRAIN,TRAIN,no,5,v40c_02737,orig_rule_02817
nframe_01911,data/images/nframe_01911.npy,TRAIN,TRAIN,no,5,v40c_02737,orig_rule_02817
nframe_01912,data/images/nframe_01912.npy,TRAIN,TRAIN,no,4,v40c_02737,orig_rule_02817
nframe_01913,data/images/nframe_01913.npy,TRAIN,TRAIN,no,4,v40c_02737,orig_rule_02817
nframe_01914,data/images/nframe_01914.npy,TRAIN,TRAIN,no,4,v40c_02737,orig_rule_02817
nframe_01915,data/images/nframe_01915.npy,TRAIN,TRAIN,no,5,v40c_02737,orig_rule_02817
nframe_01916,data/images/nframe_01916.npy,TRAIN,TRAIN,no,5,v40c_02737,orig_rule_02817
nframe_01917,data/images/nframe_01917.npy,TRAIN,TRAIN,no,4,v40c_02737,orig_rule_02817
nframe_01918,data/images/nframe_01918.npy,TRAIN,TRAIN,no,4,v40c_02738,orig_singleton_nframe_01918
nframe_01919,data/images/nframe_01919.npy,TRAIN,TRAIN,no,5,v40c_02739,orig_rule_02819
nframe_01920,data/images/nframe_01920.npy,TRAIN,TRAIN,no,5,v40c_02739,orig_rule_02819
nframe_01921,data/images/nframe_01921.npy,TRAIN,TRAIN,no,5,v40c_02740,orig_singleton_nframe_01921
nframe_01922,data/images/nframe_01922.npy,TRAIN,TRAIN,no,5,v40c_02741,orig_rule_02821
nframe_01923,data/images/nframe_01923.npy,TRAIN,TRAIN,no,4,v40c_02741,orig_rule_02821
nframe_01924,data/images/nframe_01924.npy,TRAIN,TRAIN,no,4,v40c_02742,orig_singleton_nframe_01924
nframe_01925,data/images/nframe_01925.npy,TRAIN,TRAIN,no,4,v40c_02743,orig_singleton_nframe_01925
nframe_01926,data/images/nframe_01926.npy,TRAIN,TRAIN,no,4,v40c_02744,orig_rule_02824
nframe_01927,data/images/nframe_01927.npy,TRAIN,TRAIN,no,5,v40c_02744,orig_rule_02824
nframe_01928,data/images/nframe_01928.npy,TRAIN,TRAIN,no,4,v40c_02744,orig_rule_02824
nframe_01929,data/images/nframe_01929.npy,TRAIN,TRAIN,no,4,v40c_02744,orig_rule_02824
nframe_01930,data/images/nframe_01930.npy,TRAIN,TRAIN,no,4,v40c_02744,orig_rule_02824
nframe_01931,data/images/nframe_01931.npy,TRAIN,TRAIN,no,4,v40c_02744,orig_rule_02824
nframe_01932,data/images/nframe_01932.npy,TRAIN,TRAIN,no,5,v40c_02745,orig_singleton_nframe_01932
nframe_01939,data/images/nframe_01939.npy,TRAIN,TRAIN,no,4,v40c_02746,orig_singleton_nframe_01939
nframe_01940,data/images/nframe_01940.npy,TRAIN,TRAIN,no,4,v40c_02747,orig_singleton_nframe_01940
nframe_01941,data/images/nframe_01941.npy,TRAIN,TRAIN,no,4,v40c_02748,orig_rule_02828
nframe_01942,data/images/nframe_01942.npy,TRAIN,TRAIN,no,4,v40c_02748,orig_rule_02828
nframe_01943,data/images/nframe_01943.npy,TRAIN,TRAIN,no,4,v40c_02749,orig_singleton_nframe_01943
nframe_01944,data/images/nframe_01944.npy,TRAIN,TRAIN,no,4,v40c_02750,orig_rule_02830
nframe_01945,data/images/nframe_01945.npy,TRAIN,TRAIN,no,4,v40c_02750,orig_rule_02830
nframe_01946,data/images/nframe_01946.npy,TRAIN,TRAIN,no,4,v40c_02751,orig_rule_02831
nframe_01947,data/images/nframe_01947.npy,TRAIN,TRAIN,no,4,v40c_02751,orig_rule_02831
nframe_01948,data/images/nframe_01948.npy,TRAIN,TRAIN,no,4,v40c_02751,orig_rule_02831
nframe_01949,data/images/nframe_01949.npy,TRAIN,TRAIN,no,4,v40c_02751,orig_rule_02831
nframe_01950,data/images/nframe_01950.npy,TRAIN,TRAIN,no,4,v40c_02752,orig_singleton_nframe_01950
nframe_01951,data/images/nframe_01951.npy,TRAIN,TRAIN,no,3,v40c_02753,orig_rule_02833
nframe_01952,data/images/nframe_01952.npy,TRAIN,TRAIN,no,3,v40c_02753,orig_rule_02833
nframe_01953,data/images/nframe_01953.npy,TRAIN,TRAIN,no,4,v40c_02754,orig_singleton_nframe_01953
nframe_01954,data/images/nframe_01954.npy,TRAIN,TRAIN,no,4,v40c_02755,orig_singleton_nframe_01954
nframe_01955,data/images/nframe_01955.npy,TRAIN,TRAIN,no,3,v40c_02756,orig_singleton_nframe_01955
nframe_01956,data/images/nframe_01956.npy,TRAIN,TRAIN,no,3,v40c_02757,orig_rule_02837
nframe_01957,data/images/nframe_01957.npy,TRAIN,TRAIN,no,3,v40c_02757,orig_rule_02837
nframe_01958,data/images/nframe_01958.npy,TRAIN,TRAIN,no,3,v40c_02757,orig_rule_02837
nframe_01959,data/images/nframe_01959.npy,TRAIN,TRAIN,no,3,v40c_02757,orig_rule_02837
nframe_01960,data/images/nframe_01960.npy,TRAIN,TRAIN,no,3,v40c_02757,orig_rule_02837
nframe_01961,data/images/nframe_01961.npy,TRAIN,TRAIN,no,3,v40c_02757,orig_rule_02837
nframe_01962,data/images/nframe_01962.npy,TRAIN,TRAIN,no,3,v40c_02758,orig_rule_02838
nframe_01963,data/images/nframe_01963.npy,TRAIN,TRAIN,no,3,v40c_02758,orig_rule_02838
nframe_01964,data/images/nframe_01964.npy,TRAIN,TRAIN,no,3,v40c_02758,orig_rule_02838
nframe_01965,data/images/nframe_01965.npy,TRAIN,TRAIN,no,3,v40c_02758,orig_rule_02838
nframe_01966,data/images/nframe_01966.npy,TRAIN,TRAIN,no,3,v40c_02758,orig_rule_02838
nframe_01967,data/images/nframe_01967.npy,TRAIN,TRAIN,no,3,v40c_02759,orig_singleton_nframe_01967
nframe_01968,data/images/nframe_01968.npy,TRAIN,TRAIN,no,4,v40c_02758,orig_rule_02838
nframe_01969,data/images/nframe_01969.npy,TRAIN,TRAIN,no,4,v40c_02758,orig_rule_02838
nframe_01970,data/images/nframe_01970.npy,TRAIN,TRAIN,no,4,v40c_02760,orig_rule_02840
nframe_01971,data/images/nframe_01971.npy,TRAIN,TRAIN,no,4,v40c_02760,orig_rule_02840
nframe_01972,data/images/nframe_01972.npy,TRAIN,TRAIN,no,4,v40c_02761,orig_singleton_nframe_01972
nframe_01973,data/images/nframe_01973.npy,TRAIN,TRAIN,no,4,v40c_02762,orig_singleton_nframe_01973
nframe_01974,data/images/nframe_01974.npy,TRAIN,TRAIN,no,4,v40c_02763,orig_rule_02843
nframe_01975,data/images/nframe_01975.npy,TRAIN,TRAIN,no,4,v40c_02763,orig_rule_02843
nframe_01976,data/images/nframe_01976.npy,TRAIN,TRAIN,no,4,v40c_02764,orig_rule_02844
nframe_01977,data/images/nframe_01977.npy,TRAIN,TRAIN,no,4,v40c_02764,orig_rule_02844
nframe_01978,data/images/nframe_01978.npy,TRAIN,TRAIN,no,5,v40c_02764,orig_rule_02844
nframe_01979,data/images/nframe_01979.npy,TRAIN,TRAIN,no,4,v40c_02765,orig_rule_02845
nframe_01980,data/images/nframe_01980.npy,TRAIN,TRAIN,no,4,v40c_02765,orig_rule_02845
nframe_01981,data/images/nframe_01981.npy,TRAIN,TRAIN,no,4,v40c_02766,orig_singleton_nframe_01981
nframe_01982,data/images/nframe_01982.npy,TRAIN,TRAIN,no,5,v40c_02767,orig_singleton_nframe_01982
nframe_01983,data/images/nframe_01983.npy,TRAIN,TRAIN,no,4,v40c_02768,orig_singleton_nframe_01983
nframe_01984,data/images/nframe_01984.npy,TRAIN,TRAIN,no,3,v40c_02769,orig_singleton_nframe_01984
nframe_01985,data/images/nframe_01985.npy,TRAIN,TRAIN,no,4,v40c_02770,orig_singleton_nframe_01985
nframe_01986,data/images/nframe_01986.npy,TRAIN,TRAIN,no,4,v40c_02771,orig_rule_02851
nframe_01987,data/images/nframe_01987.npy,TRAIN,TRAIN,no,3,v40c_02771,orig_rule_02851
nframe_01988,data/images/nframe_01988.npy,TRAIN,TRAIN,no,4,v40c_02771,orig_rule_02851
nframe_01989,data/images/nframe_01989.npy,TRAIN,TRAIN,no,3,v40c_02772,orig_rule_02852
nframe_01990,data/images/nframe_01990.npy,TRAIN,TRAIN,no,3,v40c_02772,orig_rule_02852
nframe_01991,data/images/nframe_01991.npy,TRAIN,TRAIN,no,3,v40c_02772,orig_rule_02852
nframe_01992,data/images/nframe_01992.npy,TRAIN,TRAIN,no,3,v40c_02773,orig_rule_02853
nframe_01993,data/images/nframe_01993.npy,TRAIN,TRAIN,no,3,v40c_02773,orig_rule_02853
nframe_01994,data/images/nframe_01994.npy,TRAIN,TRAIN,no,3,v40c_02774,orig_singleton_nframe_01994
nframe_01995,data/images/nframe_01995.npy,TRAIN,TRAIN,no,3,v40c_02775,orig_rule_02855
nframe_01996,data/images/nframe_01996.npy,TRAIN,TRAIN,no,3,v40c_02775,orig_rule_02855
nframe_01997,data/images/nframe_01997.npy,TRAIN,TRAIN,no,2,v40c_02776,orig_rule_02856
nframe_01998,data/images/nframe_01998.npy,TRAIN,TRAIN,no,3,v40c_02776,orig_rule_02856
nframe_01999,data/images/nframe_01999.npy,TRAIN,TRAIN,no,3,v40c_02777,orig_rule_02857
nframe_02000,data/images/nframe_02000.npy,TRAIN,TRAIN,no,3,v40c_02777,orig_rule_02857
nframe_02001,data/images/nframe_02001.npy,TRAIN,TRAIN,no,3,v40c_02778,orig_rule_02858
nframe_02002,data/images/nframe_02002.npy,TRAIN,TRAIN,no,4,v40c_02778,orig_rule_02858
nframe_02003,data/images/nframe_02003.npy,TRAIN,TRAIN,no,4,v40c_02777,orig_rule_02857
nframe_02004,data/images/nframe_02004.npy,TRAIN,TRAIN,no,4,v40c_02779,orig_singleton_nframe_02004
nframe_02005,data/images/nframe_02005.npy,TRAIN,TRAIN,no,4,v40c_02776,orig_rule_02856
nframe_02006,data/images/nframe_02006.npy,TRAIN,TRAIN,no,5,v40c_02776,orig_rule_02856
nframe_02007,data/images/nframe_02007.npy,TRAIN,TRAIN,no,4,v40c_02780,orig_singleton_nframe_02007
nframe_02008,data/images/nframe_02008.npy,TRAIN,TRAIN,no,4,v40c_02781,orig_rule_02861
nframe_02009,data/images/nframe_02009.npy,TRAIN,TRAIN,no,4,v40c_02781,orig_rule_02861
nframe_02010,data/images/nframe_02010.npy,TRAIN,TRAIN,no,4,v40c_02781,orig_rule_02861
nframe_02011,data/images/nframe_02011.npy,TRAIN,TRAIN,no,4,v40c_02782,orig_rule_02862
nframe_02012,data/images/nframe_02012.npy,TRAIN,TRAIN,no,4,v40c_02782,orig_rule_02862
nframe_02013,data/images/nframe_02013.npy,TRAIN,TRAIN,no,5,v40c_02783,orig_rule_02863
nframe_02014,data/images/nframe_02014.npy,TRAIN,TRAIN,no,5,v40c_02783,orig_rule_02863
nframe_02015,data/images/nframe_02015.npy,TRAIN,TRAIN,no,4,v40c_02784,orig_singleton_nframe_02015
nframe_02016,data/images/nframe_02016.npy,TRAIN,TRAIN,no,4,v40c_02785,orig_singleton_nframe_02016
nframe_02017,data/images/nframe_02017.npy,TRAIN,TRAIN,no,4,v40c_02786,orig_rule_02866
nframe_02018,data/images/nframe_02018.npy,TRAIN,TRAIN,no,4,v40c_02786,orig_rule_02866
nframe_02019,data/images/nframe_02019.npy,TRAIN,TRAIN,no,4,v40c_02787,orig_rule_02867
nframe_02020,data/images/nframe_02020.npy,TRAIN,TRAIN,no,4,v40c_02787,orig_rule_02867
nframe_02021,data/images/nframe_02021.npy,TRAIN,TRAIN,no,4,v40c_02788,orig_singleton_nframe_02021
nframe_02022,data/images/nframe_02022.npy,TRAIN,TRAIN,no,4,v40c_02789,orig_rule_02869
nframe_02023,data/images/nframe_02023.npy,TRAIN,TRAIN,no,3,v40c_02789,orig_rule_02869
nframe_02024,data/images/nframe_02024.npy,TRAIN,TRAIN,no,4,v40c_02790,orig_rule_02870
nframe_02025,data/images/nframe_02025.npy,TRAIN,TRAIN,no,4,v40c_02791,orig_singleton_nframe_02025
nframe_02026,data/images/nframe_02026.npy,TRAIN,TRAIN,no,4,v40c_02792,orig_singleton_nframe_02026
nframe_02027,data/images/nframe_02027.npy,TRAIN,TRAIN,no,4,v40c_02790,orig_rule_02870
nframe_02028,data/images/nframe_02028.npy,TRAIN,TRAIN,no,4,v40c_02793,orig_singleton_nframe_02028
nframe_02029,data/images/nframe_02029.npy,TRAIN,TRAIN,no,4,v40c_02794,orig_singleton_nframe_02029
nframe_02030,data/images/nframe_02030.npy,TRAIN,TRAIN,no,4,v40c_02795,orig_singleton_nframe_02030
nframe_02031,data/images/nframe_02031.npy,TRAIN,TRAIN,no,4,v40c_02796,orig_singleton_nframe_02031
nframe_02032,data/images/nframe_02032.npy,TRAIN,TRAIN,no,4,v40c_02797,orig_singleton_nframe_02032
nframe_02033,data/images/nframe_02033.npy,TRAIN,TRAIN,no,5,v40c_02798,orig_singleton_nframe_02033
nframe_02034,data/images/nframe_02034.npy,TRAIN,TRAIN,no,4,v40c_02799,orig_rule_02879
nframe_02035,data/images/nframe_02035.npy,TRAIN,TRAIN,no,4,v40c_02799,orig_rule_02879
nframe_02036,data/images/nframe_02036.npy,TRAIN,TRAIN,no,4,v40c_02799,orig_rule_02879
nframe_02037,data/images/nframe_02037.npy,TRAIN,TRAIN,no,4,v40c_02799,orig_rule_02879
nframe_02038,data/images/nframe_02038.npy,TRAIN,TRAIN,no,4,v40c_02800,orig_singleton_nframe_02038
nframe_02039,data/images/nframe_02039.npy,TRAIN,TRAIN,no,4,v40c_02801,orig_singleton_nframe_02039
nframe_02040,data/images/nframe_02040.npy,TRAIN,TRAIN,no,5,v40c_02802,orig_singleton_nframe_02040
nframe_02041,data/images/nframe_02041.npy,TRAIN,TRAIN,no,4,v40c_02803,orig_singleton_nframe_02041
nframe_02042,data/images/nframe_02042.npy,TRAIN,TRAIN,no,4,v40c_02804,orig_singleton_nframe_02042
nframe_02043,data/images/nframe_02043.npy,TRAIN,TRAIN,no,5,v40c_02805,orig_rule_02885
nframe_02044,data/images/nframe_02044.npy,TRAIN,TRAIN,no,4,v40c_02805,orig_rule_02885
nframe_02045,data/images/nframe_02045.npy,TRAIN,TRAIN,no,4,v40c_02805,orig_rule_02885
nframe_02046,data/images/nframe_02046.npy,TRAIN,TRAIN,no,7,v40c_02805,orig_rule_02885
nframe_02047,data/images/nframe_02047.npy,TRAIN,TRAIN,no,5,v40c_02805,orig_rule_02885
nframe_02048,data/images/nframe_02048.npy,TRAIN,TRAIN,no,5,v40c_02805,orig_rule_02885
nframe_02049,data/images/nframe_02049.npy,TRAIN,TRAIN,no,3,v40c_02805,orig_rule_02885
nframe_02050,data/images/nframe_02050.npy,TRAIN,TRAIN,no,4,v40c_02805,orig_rule_02885
nframe_02051,data/images/nframe_02051.npy,TRAIN,TRAIN,no,4,v40c_02805,orig_rule_02885
nframe_02052,data/images/nframe_02052.npy,TRAIN,TRAIN,no,4,v40c_02806,orig_rule_02886
nframe_02053,data/images/nframe_02053.npy,TRAIN,TRAIN,no,4,v40c_02806,orig_rule_02886
nframe_02054,data/images/nframe_02054.npy,TRAIN,TRAIN,no,3,v40c_02806,orig_rule_02886
nframe_02055,data/images/nframe_02055.npy,TRAIN,TRAIN,no,3,v40c_02807,orig_singleton_nframe_02055
nframe_02056,data/images/nframe_02056.npy,TRAIN,TRAIN,no,3,v40c_02808,orig_singleton_nframe_02056
nframe_02057,data/images/nframe_02057.npy,TRAIN,TRAIN,no,3,v40c_02809,orig_rule_02889
nframe_02058,data/images/nframe_02058.npy,TRAIN,TRAIN,no,3,v40c_02809,orig_rule_02889
nframe_02059,data/images/nframe_02059.npy,TRAIN,TRAIN,no,3,v40c_02810,orig_singleton_nframe_02059
nframe_02060,data/images/nframe_02060.npy,TRAIN,TRAIN,no,3,v40c_02811,orig_singleton_nframe_02060
nframe_02061,data/images/nframe_02061.npy,TRAIN,TRAIN,no,4,v40c_02812,orig_singleton_nframe_02061
nframe_02062,data/images/nframe_02062.npy,TRAIN,TRAIN,no,4,v40c_02813,orig_singleton_nframe_02062
nframe_02063,data/images/nframe_02063.npy,TRAIN,TRAIN,no,4,v40c_02814,orig_rule_02894
nframe_02064,data/images/nframe_02064.npy,TRAIN,TRAIN,no,4,v40c_02814,orig_rule_02894
nframe_02065,data/images/nframe_02065.npy,TRAIN,TRAIN,no,4,v40c_02814,orig_rule_02894
nframe_02066,data/images/nframe_02066.npy,TRAIN,TRAIN,no,4,v40c_02815,orig_singleton_nframe_02066
nframe_02067,data/images/nframe_02067.npy,TRAIN,TRAIN,no,4,v40c_02816,orig_singleton_nframe_02067
nframe_02068,data/images/nframe_02068.npy,TRAIN,TRAIN,no,4,v40c_02817,orig_singleton_nframe_02068
nframe_02069,data/images/nframe_02069.npy,TRAIN,TRAIN,no,4,v40c_02818,orig_singleton_nframe_02069
nframe_02070,data/images/nframe_02070.npy,TRAIN,TRAIN,no,4,v40c_02819,orig_singleton_nframe_02070
nframe_02071,data/images/nframe_02071.npy,TRAIN,TRAIN,no,4,v40c_02814,orig_rule_02894
nframe_02072,data/images/nframe_02072.npy,TRAIN,TRAIN,no,4,v40c_02820,orig_singleton_nframe_02072
nframe_02073,data/images/nframe_02073.npy,TRAIN,TRAIN,no,5,v40c_02821,orig_singleton_nframe_02073
nframe_02074,data/images/nframe_02074.npy,TRAIN,TRAIN,no,4,v40c_02822,orig_rule_02902
nframe_02075,data/images/nframe_02075.npy,TRAIN,TRAIN,no,4,v40c_02822,orig_rule_02902
nframe_02076,data/images/nframe_02076.npy,TRAIN,TRAIN,no,4,v40c_02823,orig_singleton_nframe_02076
nframe_02077,data/images/nframe_02077.npy,TRAIN,TRAIN,no,4,v40c_02824,orig_rule_02904
nframe_02078,data/images/nframe_02078.npy,TRAIN,TRAIN,no,4,v40c_02824,orig_rule_02904
nframe_02079,data/images/nframe_02079.npy,TRAIN,TRAIN,no,4,v40c_02825,orig_singleton_nframe_02079
nframe_02081,data/images/nframe_02081.npy,TRAIN,TRAIN,no,5,v40c_02826,orig_singleton_nframe_02081
nframe_02082,data/images/nframe_02082.npy,TRAIN,TRAIN,no,4,v40c_02827,orig_singleton_nframe_02082
nframe_02083,data/images/nframe_02083.npy,TRAIN,TRAIN,no,4,v40c_02828,orig_singleton_nframe_02083
nframe_02084,data/images/nframe_02084.npy,TRAIN,TRAIN,no,4,v40c_02829,orig_singleton_nframe_02084
nframe_02085,data/images/nframe_02085.npy,TRAIN,TRAIN,no,4,v40c_02830,orig_singleton_nframe_02085
nframe_02086,data/images/nframe_02086.npy,TRAIN,TRAIN,no,3,v40c_02831,orig_singleton_nframe_02086
nframe_02087,data/images/nframe_02087.npy,TRAIN,TRAIN,no,4,v40c_02832,orig_singleton_nframe_02087
nframe_02088,data/images/nframe_02088.npy,TRAIN,TRAIN,no,4,v40c_02833,orig_rule_02913
nframe_02089,data/images/nframe_02089.npy,TRAIN,TRAIN,no,4,v40c_02833,orig_rule_02913
nframe_02090,data/images/nframe_02090.npy,TRAIN,TRAIN,no,4,v40c_02834,orig_singleton_nframe_02090
nframe_02091,data/images/nframe_02091.npy,TRAIN,TRAIN,no,4,v40c_02835,orig_rule_02915
nframe_02092,data/images/nframe_02092.npy,TRAIN,TRAIN,no,4,v40c_02835,orig_rule_02915
nframe_02093,data/images/nframe_02093.npy,TRAIN,TRAIN,no,4,v40c_02836,orig_singleton_nframe_02093
nframe_02094,data/images/nframe_02094.npy,TRAIN,TRAIN,no,4,v40c_02835,orig_rule_02915
nframe_02095,data/images/nframe_02095.npy,TRAIN,TRAIN,no,4,v40c_02835,orig_rule_02915
nframe_02096,data/images/nframe_02096.npy,TRAIN,TRAIN,no,4,v40c_02835,orig_rule_02915
nframe_02097,data/images/nframe_02097.npy,TRAIN,TRAIN,no,4,v40c_02837,orig_rule_02917
nframe_02098,data/images/nframe_02098.npy,TRAIN,TRAIN,no,4,v40c_02837,orig_rule_02917
nframe_02099,data/images/nframe_02099.npy,TRAIN,TRAIN,no,4,v40c_02838,orig_singleton_nframe_02099
nframe_02100,data/images/nframe_02100.npy,TRAIN,TRAIN,no,4,v40c_02839,orig_rule_02919
nframe_02101,data/images/nframe_02101.npy,TRAIN,TRAIN,no,4,v40c_02839,orig_rule_02919
nframe_02102,data/images/nframe_02102.npy,TRAIN,TRAIN,no,4,v40c_02840,orig_rule_02920
nframe_02103,data/images/nframe_02103.npy,TRAIN,TRAIN,no,4,v40c_02840,orig_rule_02920
nframe_02104,data/images/nframe_02104.npy,TRAIN,TRAIN,no,5,v40c_02841,orig_rule_02921
nframe_02105,data/images/nframe_02105.npy,TRAIN,TRAIN,no,4,v40c_02841,orig_rule_02921
nframe_02106,data/images/nframe_02106.npy,TRAIN,TRAIN,no,6,v40c_02841,orig_rule_02921
nframe_02107,data/images/nframe_02107.npy,TRAIN,TRAIN,no,5,v40c_02841,orig_rule_02921
nframe_02108,data/images/nframe_02108.npy,TRAIN,TRAIN,no,6,v40c_02841,orig_rule_02921
nframe_02109,data/images/nframe_02109.npy,TRAIN,TRAIN,no,5,v40c_02842,orig_singleton_nframe_02109
nframe_02110,data/images/nframe_02110.npy,TRAIN,TRAIN,no,5,v40c_02843,orig_singleton_nframe_02110
nframe_02111,data/images/nframe_02111.npy,TRAIN,TRAIN,no,5,v40c_02844,orig_singleton_nframe_02111
nframe_02112,data/images/nframe_02112.npy,TRAIN,TRAIN,no,5,v40c_02845,orig_rule_02925
nframe_02113,data/images/nframe_02113.npy,TRAIN,TRAIN,no,5,v40c_02845,orig_rule_02925
nframe_02114,data/images/nframe_02114.npy,TRAIN,TRAIN,no,4,v40c_02846,orig_rule_02926
nframe_02115,data/images/nframe_02115.npy,TRAIN,TRAIN,no,4,v40c_02846,orig_rule_02926
nframe_02116,data/images/nframe_02116.npy,TRAIN,TRAIN,no,5,v40c_02846,orig_rule_02926
nframe_02117,data/images/nframe_02117.npy,TRAIN,TRAIN,no,4,v40c_02847,orig_rule_02927
nframe_02118,data/images/nframe_02118.npy,TRAIN,TRAIN,no,4,v40c_02846,orig_rule_02926
nframe_02119,data/images/nframe_02119.npy,TRAIN,TRAIN,no,4,v40c_02847,orig_rule_02927
nframe_02120,data/images/nframe_02120.npy,TRAIN,TRAIN,no,4,v40c_02848,orig_rule_02928
nframe_02121,data/images/nframe_02121.npy,TRAIN,TRAIN,no,4,v40c_02848,orig_rule_02928
nframe_02122,data/images/nframe_02122.npy,TRAIN,TRAIN,no,4,v40c_02848,orig_rule_02928
nframe_02123,data/images/nframe_02123.npy,TRAIN,TRAIN,no,6,v40c_02848,orig_rule_02928
nframe_02124,data/images/nframe_02124.npy,TRAIN,TRAIN,no,4,v40c_02848,orig_rule_02928
nframe_02125,data/images/nframe_02125.npy,TRAIN,TRAIN,no,4,v40c_02848,orig_rule_02928
nframe_02126,data/images/nframe_02126.npy,TRAIN,TRAIN,no,5,v40c_02848,orig_rule_02928
nframe_02127,data/images/nframe_02127.npy,TRAIN,TRAIN,no,5,v40c_02848,orig_rule_02928
nframe_02128,data/images/nframe_02128.npy,TRAIN,TRAIN,no,6,v40c_02848,orig_rule_02928
nframe_02129,data/images/nframe_02129.npy,TRAIN,TRAIN,no,7,v40c_02848,orig_rule_02928
nframe_02130,data/images/nframe_02130.npy,TRAIN,TRAIN,no,6,v40c_02849,orig_rule_02929
nframe_02131,data/images/nframe_02131.npy,TRAIN,TRAIN,no,7,v40c_02849,orig_rule_02929
nframe_02132,data/images/nframe_02132.npy,TRAIN,TRAIN,no,6,v40c_02849,orig_rule_02929
nframe_02133,data/images/nframe_02133.npy,TRAIN,TRAIN,no,5,v40c_02849,orig_rule_02929
nframe_02134,data/images/nframe_02134.npy,TRAIN,TRAIN,no,6,v40c_02849,orig_rule_02929
nframe_02135,data/images/nframe_02135.npy,TRAIN,TRAIN,no,5,v40c_02849,orig_rule_02929
nframe_02136,data/images/nframe_02136.npy,TRAIN,TRAIN,no,6,v40c_02850,orig_rule_02930
nframe_02137,data/images/nframe_02137.npy,TRAIN,TRAIN,no,5,v40c_02850,orig_rule_02930
nframe_02138,data/images/nframe_02138.npy,TRAIN,TRAIN,no,5,v40c_02850,orig_rule_02930
nframe_02139,data/images/nframe_02139.npy,TRAIN,TRAIN,no,5,v40c_02850,orig_rule_02930
nframe_02140,data/images/nframe_02140.npy,TRAIN,TRAIN,no,5,v40c_02850,orig_rule_02930
nframe_02141,data/images/nframe_02141.npy,TRAIN,TRAIN,no,5,v40c_02850,orig_rule_02930
nframe_02142,data/images/nframe_02142.npy,TRAIN,TRAIN,no,5,v40c_02850,orig_rule_02930
nframe_02143,data/images/nframe_02143.npy,TRAIN,TRAIN,no,5,v40c_02850,orig_rule_02930
nframe_02144,data/images/nframe_02144.npy,TRAIN,TRAIN,no,5,v40c_02850,orig_rule_02930
nframe_02145,data/images/nframe_02145.npy,TRAIN,TRAIN,no,4,v40c_02850,orig_rule_02930
nframe_02146,data/images/nframe_02146.npy,TRAIN,TRAIN,no,4,v40c_02850,orig_rule_02930
nframe_02147,data/images/nframe_02147.npy,TRAIN,TRAIN,no,5,v40c_02850,orig_rule_02930
nframe_02148,data/images/nframe_02148.npy,TRAIN,TRAIN,no,5,v40c_02850,orig_rule_02930
nframe_02149,data/images/nframe_02149.npy,TRAIN,TRAIN,no,5,v40c_02850,orig_rule_02930
nframe_02150,data/images/nframe_02150.npy,TRAIN,TRAIN,no,4,v40c_02850,orig_rule_02930
nframe_02151,data/images/nframe_02151.npy,TRAIN,TRAIN,no,4,v40c_02850,orig_rule_02930
nframe_02152,data/images/nframe_02152.npy,TRAIN,TRAIN,no,4,v40c_02851,orig_singleton_nframe_02152
nframe_02153,data/images/nframe_02153.npy,TRAIN,TRAIN,no,4,v40c_02850,orig_rule_02930
nframe_02154,data/images/nframe_02154.npy,TRAIN,TRAIN,no,5,v40c_02852,orig_rule_02932
nframe_02155,data/images/nframe_02155.npy,TRAIN,TRAIN,no,5,v40c_02852,orig_rule_02932
nframe_02156,data/images/nframe_02156.npy,TRAIN,TRAIN,no,5,v40c_02852,orig_rule_02932
nframe_02157,data/images/nframe_02157.npy,TRAIN,TRAIN,no,5,v40c_02852,orig_rule_02932
nframe_02158,data/images/nframe_02158.npy,TRAIN,TRAIN,no,5,v40c_02853,orig_singleton_nframe_02158
nframe_02159,data/images/nframe_02159.npy,TRAIN,TRAIN,no,5,v40c_02854,orig_singleton_nframe_02159
nframe_02176,data/images/nframe_02176.npy,VALIDATION,VALIDATION,no,5,v40c_02855,orig_singleton_nframe_02176
nframe_02177,data/images/nframe_02177.npy,VALIDATION,VALIDATION,no,5,v40c_02856,orig_rule_02936
nframe_02178,data/images/nframe_02178.npy,VALIDATION,VALIDATION,no,4,v40c_02856,orig_rule_02936
nframe_02179,data/images/nframe_02179.npy,VALIDATION,VALIDATION,no,4,v40c_02856,orig_rule_02936
nframe_02180,data/images/nframe_02180.npy,VALIDATION,VALIDATION,no,5,v40c_02856,orig_rule_02936
nframe_02181,data/images/nframe_02181.npy,VALIDATION,VALIDATION,no,5,v40c_02856,orig_rule_02936
nframe_02182,data/images/nframe_02182.npy,VALIDATION,VALIDATION,no,5,v40c_02857,orig_rule_02937
nframe_02183,data/images/nframe_02183.npy,VALIDATION,VALIDATION,no,5,v40c_02857,orig_rule_02937
nframe_02184,data/images/nframe_02184.npy,VALIDATION,VALIDATION,no,5,v40c_02858,orig_rule_02938
nframe_02185,data/images/nframe_02185.npy,VALIDATION,VALIDATION,no,5,v40c_02858,orig_rule_02938
nframe_02186,data/images/nframe_02186.npy,VALIDATION,VALIDATION,no,6,v40c_02859,orig_singleton_nframe_02186
nframe_02188,data/images/nframe_02188.npy,VALIDATION,VALIDATION,no,5,v40c_02860,orig_rule_02940
nframe_02189,data/images/nframe_02189.npy,VALIDATION,VALIDATION,no,5,v40c_02860,orig_rule_02940
nframe_02190,data/images/nframe_02190.npy,VALIDATION,VALIDATION,no,5,v40c_02860,orig_rule_02940
nframe_02191,data/images/nframe_02191.npy,VALIDATION,VALIDATION,no,5,v40c_02860,orig_rule_02940
nframe_02192,data/images/nframe_02192.npy,VALIDATION,VALIDATION,no,6,v40c_02860,orig_rule_02940
nframe_02193,data/images/nframe_02193.npy,VALIDATION,VALIDATION,no,5,v40c_02860,orig_rule_02940
nframe_02194,data/images/nframe_02194.npy,VALIDATION,VALIDATION,no,6,v40c_02860,orig_rule_02940
nframe_02195,data/images/nframe_02195.npy,VALIDATION,VALIDATION,no,5,v40c_02860,orig_rule_02940
nframe_02196,data/images/nframe_02196.npy,VALIDATION,VALIDATION,no,6,v40c_02860,orig_rule_02940
nframe_02197,data/images/nframe_02197.npy,VALIDATION,VALIDATION,no,5,v40c_02860,orig_rule_02940
nframe_02198,data/images/nframe_02198.npy,VALIDATION,VALIDATION,no,5,v40c_02861,orig_rule_02941
nframe_02199,data/images/nframe_02199.npy,VALIDATION,VALIDATION,no,5,v40c_02861,orig_rule_02941
nframe_02200,data/images/nframe_02200.npy,VALIDATION,VALIDATION,no,5,v40c_02862,orig_singleton_nframe_02200
nframe_02201,data/images/nframe_02201.npy,VALIDATION,VALIDATION,no,6,v40c_02863,orig_rule_02943
nframe_02202,data/images/nframe_02202.npy,VALIDATION,VALIDATION,no,6,v40c_02863,orig_rule_02943
nframe_02203,data/images/nframe_02203.npy,VALIDATION,VALIDATION,no,6,v40c_02864,orig_rule_02944
nframe_02204,data/images/nframe_02204.npy,VALIDATION,VALIDATION,no,5,v40c_02864,orig_rule_02944
nframe_02205,data/images/nframe_02205.npy,VALIDATION,VALIDATION,no,6,v40c_02865,orig_rule_02945
nframe_02206,data/images/nframe_02206.npy,VALIDATION,VALIDATION,no,6,v40c_02865,orig_rule_02945
nframe_02207,data/images/nframe_02207.npy,VALIDATION,VALIDATION,no,6,v40c_02865,orig_rule_02945
nframe_02208,data/images/nframe_02208.npy,VALIDATION,VALIDATION,no,6,v40c_02866,orig_rule_02946
nframe_02209,data/images/nframe_02209.npy,VALIDATION,VALIDATION,no,5,v40c_02866,orig_rule_02946
nframe_02210,data/images/nframe_02210.npy,VALIDATION,VALIDATION,no,5,v40c_02866,orig_rule_02946
nframe_02211,data/images/nframe_02211.npy,VALIDATION,VALIDATION,no,5,v40c_02866,orig_rule_02946
nframe_02212,data/images/nframe_02212.npy,VALIDATION,VALIDATION,no,6,v40c_02866,orig_rule_02946
nframe_02213,data/images/nframe_02213.npy,VALIDATION,VALIDATION,no,6,v40c_02867,orig_rule_02947
nframe_02214,data/images/nframe_02214.npy,VALIDATION,VALIDATION,no,6,v40c_02867,orig_rule_02947
nframe_02215,data/images/nframe_02215.npy,VALIDATION,VALIDATION,no,6,v40c_02868,orig_singleton_nframe_02215
nframe_02216,data/images/nframe_02216.npy,VALIDATION,VALIDATION,no,5,v40c_02869,orig_rule_02949
nframe_02217,data/images/nframe_02217.npy,VALIDATION,VALIDATION,no,6,v40c_02869,orig_rule_02949
nframe_02218,data/images/nframe_02218.npy,VALIDATION,VALIDATION,no,4,v40c_02870,orig_singleton_nframe_02218
nframe_02219,data/images/nframe_02219.npy,VALIDATION,VALIDATION,no,6,v40c_02871,orig_rule_02951
nframe_02220,data/images/nframe_02220.npy,VALIDATION,VALIDATION,no,5,v40c_02871,orig_rule_02951
nframe_02221,data/images/nframe_02221.npy,VALIDATION,VALIDATION,no,6,v40c_02872,orig_singleton_nframe_02221
nframe_02222,data/images/nframe_02222.npy,VALIDATION,VALIDATION,no,6,v40c_02873,orig_rule_02953
nframe_02223,data/images/nframe_02223.npy,VALIDATION,VALIDATION,no,5,v40c_02873,orig_rule_02953
nframe_02224,data/images/nframe_02224.npy,VALIDATION,VALIDATION,no,5,v40c_02874,orig_rule_02954
nframe_02225,data/images/nframe_02225.npy,VALIDATION,VALIDATION,no,5,v40c_02874,orig_rule_02954
nframe_02226,data/images/nframe_02226.npy,VALIDATION,VALIDATION,no,5,v40c_02874,orig_rule_02954
nframe_02227,data/images/nframe_02227.npy,VALIDATION,VALIDATION,no,5,v40c_02874,orig_rule_02954
nframe_02228,data/images/nframe_02228.npy,VALIDATION,VALIDATION,no,5,v40c_02874,orig_rule_02954
nframe_02229,data/images/nframe_02229.npy,VALIDATION,VALIDATION,no,5,v40c_02874,orig_rule_02954
nframe_02230,data/images/nframe_02230.npy,VALIDATION,VALIDATION,no,5,v40c_02875,orig_singleton_nframe_02230
nframe_02231,data/images/nframe_02231.npy,VALIDATION,VALIDATION,no,5,v40c_02876,orig_rule_02956
nframe_02232,data/images/nframe_02232.npy,VALIDATION,VALIDATION,no,5,v40c_02876,orig_rule_02956
nframe_02233,data/images/nframe_02233.npy,VALIDATION,VALIDATION,no,4,v40c_02876,orig_rule_02956
nframe_02234,data/images/nframe_02234.npy,VALIDATION,VALIDATION,no,5,v40c_02876,orig_rule_02956
nframe_02235,data/images/nframe_02235.npy,VALIDATION,VALIDATION,no,4,v40c_02877,orig_singleton_nframe_02235
nframe_02236,data/images/nframe_02236.npy,VALIDATION,VALIDATION,no,3,v40c_02876,orig_rule_02956
nframe_02237,data/images/nframe_02237.npy,VALIDATION,VALIDATION,no,3,v40c_02876,orig_rule_02956
nframe_02238,data/images/nframe_02238.npy,VALIDATION,VALIDATION,no,5,v40c_02876,orig_rule_02956
nframe_02239,data/images/nframe_02239.npy,VALIDATION,VALIDATION,no,4,v40c_02876,orig_rule_02956
nframe_02256,data/images/nframe_02256.npy,TRAIN,TRAIN,no,4,v40c_02878,orig_rule_02958
nframe_02257,data/images/nframe_02257.npy,TRAIN,TRAIN,no,5,v40c_02878,orig_rule_02958
nframe_02258,data/images/nframe_02258.npy,TRAIN,TRAIN,no,4,v40c_02878,orig_rule_02958
nframe_02259,data/images/nframe_02259.npy,TRAIN,TRAIN,no,5,v40c_02879,orig_singleton_nframe_02259
nframe_02261,data/images/nframe_02261.npy,TRAIN,TRAIN,no,3,v40c_02880,orig_rule_02960
nframe_02262,data/images/nframe_02262.npy,TRAIN,TRAIN,no,3,v40c_02880,orig_rule_02960
nframe_02263,data/images/nframe_02263.npy,TRAIN,TRAIN,no,4,v40c_02880,orig_rule_02960
nframe_02264,data/images/nframe_02264.npy,TRAIN,TRAIN,no,4,v40c_02880,orig_rule_02960
nframe_02265,data/images/nframe_02265.npy,TRAIN,TRAIN,no,4,v40c_02880,orig_rule_02960
nframe_02266,data/images/nframe_02266.npy,TRAIN,TRAIN,no,2,v40c_02880,orig_rule_02960
nframe_02267,data/images/nframe_02267.npy,TRAIN,TRAIN,no,3,v40c_02880,orig_rule_02960
nframe_02268,data/images/nframe_02268.npy,TRAIN,TRAIN,no,2,v40c_02880,orig_rule_02960
nframe_02269,data/images/nframe_02269.npy,TRAIN,TRAIN,no,3,v40c_02881,orig_rule_02961
nframe_02270,data/images/nframe_02270.npy,TRAIN,TRAIN,no,2,v40c_02881,orig_rule_02961
nframe_02271,data/images/nframe_02271.npy,TRAIN,TRAIN,no,3,v40c_02881,orig_rule_02961
nframe_02272,data/images/nframe_02272.npy,TRAIN,TRAIN,no,3,v40c_02881,orig_rule_02961
nframe_02273,data/images/nframe_02273.npy,TRAIN,TRAIN,no,2,v40c_02881,orig_rule_02961
nframe_02274,data/images/nframe_02274.npy,TRAIN,TRAIN,no,2,v40c_02881,orig_rule_02961
nframe_02275,data/images/nframe_02275.npy,TRAIN,TRAIN,no,2,v40c_02881,orig_rule_02961
nframe_02276,data/images/nframe_02276.npy,TRAIN,TRAIN,no,2,v40c_02881,orig_rule_02961
nframe_02277,data/images/nframe_02277.npy,TRAIN,TRAIN,no,3,v40c_02881,orig_rule_02961
nframe_02278,data/images/nframe_02278.npy,TRAIN,TRAIN,no,2,v40c_02881,orig_rule_02961
nframe_02279,data/images/nframe_02279.npy,TRAIN,TRAIN,no,2,v40c_02881,orig_rule_02961
nframe_02280,data/images/nframe_02280.npy,TRAIN,TRAIN,no,2,v40c_02881,orig_rule_02961
nframe_02281,data/images/nframe_02281.npy,TRAIN,TRAIN,no,3,v40c_02881,orig_rule_02961
nframe_02282,data/images/nframe_02282.npy,TRAIN,TRAIN,no,3,v40c_02881,orig_rule_02961
nframe_02283,data/images/nframe_02283.npy,TRAIN,TRAIN,no,3,v40c_02881,orig_rule_02961
nframe_02284,data/images/nframe_02284.npy,TRAIN,TRAIN,no,2,v40c_02881,orig_rule_02961
nframe_02285,data/images/nframe_02285.npy,TRAIN,TRAIN,no,2,v40c_02881,orig_rule_02961
nframe_02286,data/images/nframe_02286.npy,TRAIN,TRAIN,no,2,v40c_02881,orig_rule_02961
nframe_02287,data/images/nframe_02287.npy,TRAIN,TRAIN,no,3,v40c_02881,orig_rule_02961
nframe_02288,data/images/nframe_02288.npy,TRAIN,TRAIN,no,2,v40c_02881,orig_rule_02961
nframe_02289,data/images/nframe_02289.npy,TRAIN,TRAIN,no,2,v40c_02881,orig_rule_02961
nframe_02290,data/images/nframe_02290.npy,TRAIN,TRAIN,no,3,v40c_02881,orig_rule_02961
nframe_02291,data/images/nframe_02291.npy,TRAIN,TRAIN,no,3,v40c_02881,orig_rule_02961
nframe_02292,data/images/nframe_02292.npy,TRAIN,TRAIN,no,4,v40c_02881,orig_rule_02961
nframe_02293,data/images/nframe_02293.npy,TRAIN,TRAIN,no,3,v40c_02881,orig_rule_02961
nframe_02294,data/images/nframe_02294.npy,TRAIN,TRAIN,no,3,v40c_02881,orig_rule_02961
nframe_02295,data/images/nframe_02295.npy,TRAIN,TRAIN,no,2,v40c_02881,orig_rule_02961
nframe_02296,data/images/nframe_02296.npy,TRAIN,TRAIN,no,4,v40c_02881,orig_rule_02961
nframe_02297,data/images/nframe_02297.npy,TRAIN,TRAIN,no,2,v40c_02881,orig_rule_02961
nframe_02298,data/images/nframe_02298.npy,TRAIN,TRAIN,no,4,v40c_02881,orig_rule_02961
nframe_02299,data/images/nframe_02299.npy,TRAIN,TRAIN,no,3,v40c_02882,orig_singleton_nframe_02299
nframe_02300,data/images/nframe_02300.npy,TRAIN,TRAIN,no,3,v40c_02883,orig_rule_02963
nframe_02301,data/images/nframe_02301.npy,TRAIN,TRAIN,no,2,v40c_02883,orig_rule_02963
nframe_02302,data/images/nframe_02302.npy,TRAIN,TRAIN,no,2,v40c_02883,orig_rule_02963
nframe_02303,data/images/nframe_02303.npy,TRAIN,TRAIN,no,2,v40c_02883,orig_rule_02963
nframe_02304,data/images/nframe_02304.npy,TRAIN,TRAIN,no,1,v40c_02883,orig_rule_02963
nframe_02305,data/images/nframe_02305.npy,TRAIN,TRAIN,no,1,v40c_02883,orig_rule_02963
nframe_02306,data/images/nframe_02306.npy,TRAIN,TRAIN,no,1,v40c_02883,orig_rule_02963
nframe_02307,data/images/nframe_02307.npy,TRAIN,TRAIN,no,3,v40c_02883,orig_rule_02963
nframe_02308,data/images/nframe_02308.npy,TRAIN,TRAIN,no,3,v40c_02883,orig_rule_02963
nframe_02310,data/images/nframe_02310.npy,TRAIN,TRAIN,no,3,v40c_02883,orig_rule_02963
nframe_02311,data/images/nframe_02311.npy,TRAIN,TRAIN,no,3,v40c_02883,orig_rule_02963
nframe_02312,data/images/nframe_02312.npy,TRAIN,TRAIN,no,2,v40c_02883,orig_rule_02963
nframe_02313,data/images/nframe_02313.npy,TRAIN,TRAIN,no,2,v40c_02883,orig_rule_02963
nframe_02314,data/images/nframe_02314.npy,TRAIN,TRAIN,no,3,v40c_02883,orig_rule_02963
nframe_02315,data/images/nframe_02315.npy,TRAIN,TRAIN,no,3,v40c_02883,orig_rule_02963
nframe_02316,data/images/nframe_02316.npy,TRAIN,TRAIN,no,3,v40c_02884,orig_rule_02964
nframe_02317,data/images/nframe_02317.npy,TRAIN,TRAIN,no,3,v40c_02884,orig_rule_02964
nframe_02318,data/images/nframe_02318.npy,TRAIN,TRAIN,no,2,v40c_02884,orig_rule_02964
nframe_02319,data/images/nframe_02319.npy,TRAIN,TRAIN,no,2,v40c_02885,orig_rule_02965
nframe_02320,data/images/nframe_02320.npy,TRAIN,TRAIN,no,1,v40c_02885,orig_rule_02965
nframe_02322,data/images/nframe_02322.npy,TRAIN,TRAIN,no,2,v40c_02885,orig_rule_02965
nframe_02323,data/images/nframe_02323.npy,TRAIN,TRAIN,no,2,v40c_02885,orig_rule_02965
nframe_02324,data/images/nframe_02324.npy,TRAIN,TRAIN,no,2,v40c_02885,orig_rule_02965
nframe_02327,data/images/nframe_02327.npy,TRAIN,TRAIN,no,2,v40c_02883,orig_rule_02963
nframe_02330,data/images/nframe_02330.npy,TRAIN,TRAIN,no,1,v40c_02883,orig_rule_02963
nframe_02331,data/images/nframe_02331.npy,TRAIN,TRAIN,no,1,v40c_02883,orig_rule_02963
nframe_02332,data/images/nframe_02332.npy,TRAIN,TRAIN,no,2,v40c_02883,orig_rule_02963
nframe_02333,data/images/nframe_02333.npy,TRAIN,TRAIN,no,1,v40c_02883,orig_rule_02963
nframe_02335,data/images/nframe_02335.npy,TRAIN,TRAIN,no,1,v40c_02883,orig_rule_02963
nframe_02344,data/images/nframe_02344.npy,TRAIN,TRAIN,no,1,v40c_02886,orig_singleton_nframe_02344
nframe_02345,data/images/nframe_02345.npy,TRAIN,TRAIN,no,2,v40c_02883,orig_rule_02963
nframe_02346,data/images/nframe_02346.npy,TRAIN,TRAIN,no,1,v40c_02883,orig_rule_02963
nframe_02347,data/images/nframe_02347.npy,TRAIN,TRAIN,no,2,v40c_02883,orig_rule_02963
nframe_02348,data/images/nframe_02348.npy,TRAIN,TRAIN,no,1,v40c_02887,orig_singleton_nframe_02348
nframe_02353,data/images/nframe_02353.npy,TRAIN,TRAIN,no,1,v40c_02883,orig_rule_02963
nframe_02355,data/images/nframe_02355.npy,TRAIN,TRAIN,no,2,v40c_02883,orig_rule_02963
nframe_02356,data/images/nframe_02356.npy,TRAIN,TRAIN,no,1,v40c_02883,orig_rule_02963
nframe_02374,data/images/nframe_02374.npy,TRAIN,TRAIN,no,1,v40c_02883,orig_rule_02963
nframe_02419,data/images/nframe_02419.npy,VALIDATION,VALIDATION,no,1,v40c_02888,orig_singleton_nframe_02419
nframe_02423,data/images/nframe_02423.npy,VALIDATION,VALIDATION,no,1,v40c_02889,orig_rule_02969
nframe_02424,data/images/nframe_02424.npy,VALIDATION,VALIDATION,no,1,v40c_02889,orig_rule_02969
nframe_02425,data/images/nframe_02425.npy,VALIDATION,VALIDATION,no,1,v40c_02889,orig_rule_02969
nframe_02426,data/images/nframe_02426.npy,VALIDATION,VALIDATION,no,2,v40c_02890,orig_rule_02970
nframe_02427,data/images/nframe_02427.npy,VALIDATION,VALIDATION,no,2,v40c_02890,orig_rule_02970
nframe_02428,data/images/nframe_02428.npy,VALIDATION,VALIDATION,no,2,v40c_02890,orig_rule_02970
nframe_02429,data/images/nframe_02429.npy,VALIDATION,VALIDATION,no,2,v40c_02890,orig_rule_02970
nframe_02430,data/images/nframe_02430.npy,VALIDATION,VALIDATION,no,2,v40c_02891,orig_singleton_nframe_02430
nframe_02431,data/images/nframe_02431.npy,VALIDATION,VALIDATION,no,2,v40c_02892,orig_singleton_nframe_02431
nframe_02448,data/images/nframe_02448.npy,VALIDATION,VALIDATION,no,2,v40c_02893,orig_singleton_nframe_02448
nframe_02449,data/images/nframe_02449.npy,VALIDATION,VALIDATION,no,2,v40c_02893,orig_singleton_nframe_02449
nframe_02450,data/images/nframe_02450.npy,TRAIN,VALIDATION,yes,2,v40c_02893,orig_singleton_nframe_02450
nframe_02451,data/images/nframe_02451.npy,TRAIN,TRAIN,no,2,v40c_02894,orig_singleton_nframe_02451
nframe_02452,data/images/nframe_02452.npy,TRAIN,TRAIN,no,3,v40c_02895,orig_singleton_nframe_02452
nframe_02453,data/images/nframe_02453.npy,TRAIN,TRAIN,no,3,v40c_02896,orig_singleton_nframe_02453
nframe_02454,data/images/nframe_02454.npy,TRAIN,TRAIN,no,3,v40c_02897,orig_singleton_nframe_02454
nframe_02455,data/images/nframe_02455.npy,TRAIN,TRAIN,no,4,v40c_02898,orig_rule_02980
nframe_02456,data/images/nframe_02456.npy,TRAIN,TRAIN,no,4,v40c_02898,orig_rule_02980
nframe_02457,data/images/nframe_02457.npy,TRAIN,TRAIN,no,4,v40c_02899,orig_singleton_nframe_02457
nframe_02458,data/images/nframe_02458.npy,TRAIN,TRAIN,no,4,v40c_02900,orig_singleton_nframe_02458
nframe_02459,data/images/nframe_02459.npy,TRAIN,TRAIN,no,4,v40c_02901,orig_singleton_nframe_02459
nframe_02460,data/images/nframe_02460.npy,TRAIN,TRAIN,no,3,v40c_02902,orig_singleton_nframe_02460
nframe_02461,data/images/nframe_02461.npy,TRAIN,TRAIN,no,3,v40c_02903,orig_singleton_nframe_02461
nframe_02462,data/images/nframe_02462.npy,TRAIN,TRAIN,no,3,v40c_02904,orig_singleton_nframe_02462
nframe_02463,data/images/nframe_02463.npy,TRAIN,TRAIN,no,3,v40c_02905,orig_rule_02987
nframe_02464,data/images/nframe_02464.npy,TRAIN,TRAIN,no,4,v40c_02906,orig_singleton_nframe_02464
nframe_02465,data/images/nframe_02465.npy,TRAIN,TRAIN,no,3,v40c_02907,orig_singleton_nframe_02465
nframe_02466,data/images/nframe_02466.npy,TRAIN,TRAIN,no,3,v40c_02908,orig_singleton_nframe_02466
nframe_02467,data/images/nframe_02467.npy,TRAIN,TRAIN,no,3,v40c_02905,orig_rule_02987
nframe_02468,data/images/nframe_02468.npy,TRAIN,TRAIN,no,3,v40c_02909,orig_singleton_nframe_02468
nframe_02469,data/images/nframe_02469.npy,TRAIN,TRAIN,no,3,v40c_02910,orig_rule_02992
nframe_02470,data/images/nframe_02470.npy,TRAIN,TRAIN,no,4,v40c_02910,orig_rule_02992
nframe_02471,data/images/nframe_02471.npy,TRAIN,TRAIN,no,4,v40c_02910,orig_rule_02992
nframe_02472,data/images/nframe_02472.npy,TRAIN,TRAIN,no,4,v40c_02911,orig_rule_02993
nframe_02473,data/images/nframe_02473.npy,TRAIN,TRAIN,no,4,v40c_02911,orig_rule_02993
nframe_02474,data/images/nframe_02474.npy,TRAIN,TRAIN,no,4,v40c_02912,orig_rule_02994
nframe_02475,data/images/nframe_02475.npy,TRAIN,TRAIN,no,4,v40c_02912,orig_rule_02994
nframe_02476,data/images/nframe_02476.npy,TRAIN,TRAIN,no,4,v40c_02913,orig_rule_02995
nframe_02477,data/images/nframe_02477.npy,TRAIN,TRAIN,no,4,v40c_02913,orig_rule_02995
nframe_02478,data/images/nframe_02478.npy,TRAIN,TRAIN,no,4,v40c_02913,orig_rule_02995
nframe_02479,data/images/nframe_02479.npy,TRAIN,TRAIN,no,4,v40c_02914,orig_rule_02996
nframe_02480,data/images/nframe_02480.npy,TRAIN,TRAIN,no,4,v40c_02914,orig_rule_02996
nframe_02481,data/images/nframe_02481.npy,TRAIN,TRAIN,no,4,v40c_02915,orig_singleton_nframe_02481
nframe_02482,data/images/nframe_02482.npy,TRAIN,TRAIN,no,4,v40c_02913,orig_rule_02995
nframe_02483,data/images/nframe_02483.npy,TRAIN,TRAIN,no,4,v40c_02913,orig_rule_02995
nframe_02484,data/images/nframe_02484.npy,TRAIN,TRAIN,no,4,v40c_02913,orig_rule_02995
nframe_02485,data/images/nframe_02485.npy,TRAIN,TRAIN,no,4,v40c_02913,orig_rule_02995
nframe_02486,data/images/nframe_02486.npy,TRAIN,TRAIN,no,4,v40c_02912,orig_rule_02994
nframe_02487,data/images/nframe_02487.npy,TRAIN,TRAIN,no,4,v40c_02912,orig_rule_02994
nframe_02488,data/images/nframe_02488.npy,TRAIN,TRAIN,no,4,v40c_02913,orig_rule_02995
nframe_02489,data/images/nframe_02489.npy,TRAIN,TRAIN,no,4,v40c_02913,orig_rule_02995
nframe_02490,data/images/nframe_02490.npy,TRAIN,TRAIN,no,4,v40c_02916,orig_singleton_nframe_02490
nframe_02491,data/images/nframe_02491.npy,TRAIN,TRAIN,no,4,v40c_02917,orig_singleton_nframe_02491
nframe_02492,data/images/nframe_02492.npy,TRAIN,TRAIN,no,4,v40c_02918,orig_singleton_nframe_02492
nframe_02493,data/images/nframe_02493.npy,TRAIN,TRAIN,no,4,v40c_02919,orig_singleton_nframe_02493
nframe_02494,data/images/nframe_02494.npy,TRAIN,TRAIN,no,4,v40c_02920,orig_singleton_nframe_02494
nframe_02495,data/images/nframe_02495.npy,TRAIN,TRAIN,no,4,v40c_02921,orig_singleton_nframe_02495
nframe_02496,data/images/nframe_02496.npy,TRAIN,TRAIN,no,4,v40c_02922,orig_singleton_nframe_02496
nframe_02497,data/images/nframe_02497.npy,TRAIN,TRAIN,no,4,v40c_02923,orig_singleton_nframe_02497
nframe_02498,data/images/nframe_02498.npy,TRAIN,TRAIN,no,4,v40c_02924,orig_rule_03006
nframe_02499,data/images/nframe_02499.npy,TRAIN,TRAIN,no,4,v40c_02924,orig_rule_03006
nframe_02500,data/images/nframe_02500.npy,TRAIN,TRAIN,no,4,v40c_02925,orig_singleton_nframe_02500
nframe_02501,data/images/nframe_02501.npy,TRAIN,TRAIN,no,4,v40c_02926,orig_rule_03008
nframe_02502,data/images/nframe_02502.npy,TRAIN,TRAIN,no,4,v40c_02927,orig_rule_03009
nframe_02503,data/images/nframe_02503.npy,TRAIN,TRAIN,no,4,v40c_02928,orig_singleton_nframe_02503
nframe_02504,data/images/nframe_02504.npy,TRAIN,TRAIN,no,4,v40c_02929,orig_singleton_nframe_02504
nframe_02505,data/images/nframe_02505.npy,TRAIN,TRAIN,no,4,v40c_02930,orig_singleton_nframe_02505
nframe_02506,data/images/nframe_02506.npy,TRAIN,TRAIN,no,4,v40c_02931,orig_singleton_nframe_02506
nframe_02507,data/images/nframe_02507.npy,TRAIN,TRAIN,no,4,v40c_02932,orig_singleton_nframe_02507
nframe_02508,data/images/nframe_02508.npy,TRAIN,TRAIN,no,4,v40c_02933,orig_singleton_nframe_02508
nframe_02509,data/images/nframe_02509.npy,TRAIN,TRAIN,no,4,v40c_02927,orig_rule_03009
nframe_02510,data/images/nframe_02510.npy,TRAIN,TRAIN,no,4,v40c_02926,orig_rule_03008
nframe_02511,data/images/nframe_02511.npy,TRAIN,TRAIN,no,4,v40c_02934,orig_rule_03016
nframe_02512,data/images/nframe_02512.npy,TRAIN,TRAIN,no,4,v40c_02934,orig_rule_03016
nframe_02513,data/images/nframe_02513.npy,TRAIN,TRAIN,no,4,v40c_02935,orig_rule_03017
nframe_02514,data/images/nframe_02514.npy,TRAIN,TRAIN,no,4,v40c_02935,orig_rule_03017
nframe_02515,data/images/nframe_02515.npy,TRAIN,TRAIN,no,4,v40c_02935,orig_rule_03017
nframe_02516,data/images/nframe_02516.npy,TRAIN,TRAIN,no,5,v40c_02936,orig_rule_03018
nframe_02517,data/images/nframe_02517.npy,TRAIN,TRAIN,no,5,v40c_02936,orig_rule_03018
nframe_02518,data/images/nframe_02518.npy,TRAIN,TRAIN,no,5,v40c_02935,orig_rule_03017
nframe_02519,data/images/nframe_02519.npy,TRAIN,TRAIN,no,5,v40c_02935,orig_rule_03017
nframe_02520,data/images/nframe_02520.npy,TRAIN,TRAIN,no,5,v40c_02935,orig_rule_03017
nframe_02521,data/images/nframe_02521.npy,TRAIN,TRAIN,no,5,v40c_02935,orig_rule_03017
nframe_02522,data/images/nframe_02522.npy,TRAIN,TRAIN,no,5,v40c_02935,orig_rule_03017
nframe_02523,data/images/nframe_02523.npy,TRAIN,TRAIN,no,5,v40c_02937,orig_singleton_nframe_02523
nframe_02524,data/images/nframe_02524.npy,TRAIN,TRAIN,no,6,v40c_02468,orig_rule_03020
nframe_02525,data/images/nframe_02525.npy,TRAIN,TRAIN,no,6,v40c_02938,orig_singleton_nframe_02525
nframe_02526,data/images/nframe_02526.npy,TRAIN,TRAIN,no,6,v40c_02468,orig_rule_03020
nframe_02527,data/images/nframe_02527.npy,TRAIN,TRAIN,no,6,v40c_02468,orig_rule_03020
nframe_02528,data/images/nframe_02528.npy,VALIDATION,TRAIN,yes,6,v40c_02468,orig_rule_02538
nframe_02529,data/images/nframe_02529.npy,VALIDATION,TRAIN,yes,6,v40c_02468,orig_rule_02538
nframe_02530,data/images/nframe_02530.npy,TRAIN,TRAIN,no,6,v40c_02468,orig_singleton_nframe_02530
nframe_02531,data/images/nframe_02531.npy,VALIDATION,TRAIN,yes,6,v40c_02468,orig_rule_02538
nframe_02532,data/images/nframe_02532.npy,VALIDATION,TRAIN,yes,6,v40c_02468,orig_rule_02538
nframe_02533,data/images/nframe_02533.npy,VALIDATION,TRAIN,yes,6,v40c_02468,orig_rule_02538
nframe_02534,data/images/nframe_02534.npy,VALIDATION,TRAIN,yes,6,v40c_02468,orig_rule_02538
nframe_02535,data/images/nframe_02535.npy,VALIDATION,TRAIN,yes,6,v40c_02468,orig_rule_02538
nframe_02536,data/images/nframe_02536.npy,VALIDATION,TRAIN,yes,6,v40c_02468,orig_rule_02538
nframe_02537,data/images/nframe_02537.npy,VALIDATION,TRAIN,yes,6,v40c_02468,orig_rule_02538
nframe_02538,data/images/nframe_02538.npy,VALIDATION,TRAIN,yes,6,v40c_02468,orig_rule_02538
nframe_02539,data/images/nframe_02539.npy,VALIDATION,TRAIN,yes,6,v40c_02468,orig_rule_02538
nframe_02540,data/images/nframe_02540.npy,VALIDATION,TRAIN,yes,6,v40c_02468,orig_rule_02538
nframe_02541,data/images/nframe_02541.npy,TRAIN,TRAIN,no,6,v40c_02468,orig_rule_03023
nframe_02542,data/images/nframe_02542.npy,TRAIN,TRAIN,no,6,v40c_02939,orig_singleton_nframe_02542
nframe_02543,data/images/nframe_02543.npy,TRAIN,TRAIN,no,6,v40c_02468,orig_rule_03023
nframe_02544,data/images/nframe_02544.npy,TRAIN,TRAIN,no,6,v40c_02468,orig_rule_03023
nframe_02545,data/images/nframe_02545.npy,TRAIN,TRAIN,no,7,v40c_02468,orig_rule_03023
nframe_02546,data/images/nframe_02546.npy,TRAIN,TRAIN,no,6,v40c_02468,orig_rule_03023
nframe_02547,data/images/nframe_02547.npy,TRAIN,TRAIN,no,7,v40c_02940,orig_singleton_nframe_02547
nframe_02548,data/images/nframe_02548.npy,TRAIN,VALIDATION,yes,6,v40c_02941,orig_rule_03026
nframe_02549,data/images/nframe_02549.npy,TRAIN,VALIDATION,yes,6,v40c_02941,orig_rule_03026
nframe_02550,data/images/nframe_02550.npy,VALIDATION,VALIDATION,no,6,v40c_02941,orig_rule_03027
nframe_02551,data/images/nframe_02551.npy,VALIDATION,VALIDATION,no,6,v40c_02941,orig_rule_03027
nframe_02552,data/images/nframe_02552.npy,VALIDATION,VALIDATION,no,6,v40c_02941,orig_rule_03027
nframe_02553,data/images/nframe_02553.npy,VALIDATION,VALIDATION,no,5,v40c_02941,orig_rule_03027
nframe_02554,data/images/nframe_02554.npy,VALIDATION,VALIDATION,no,6,v40c_02941,orig_rule_03027
nframe_02555,data/images/nframe_02555.npy,VALIDATION,VALIDATION,no,6,v40c_02941,orig_rule_03027
nframe_02556,data/images/nframe_02556.npy,VALIDATION,VALIDATION,no,6,v40c_02941,orig_rule_03027
nframe_02557,data/images/nframe_02557.npy,VALIDATION,VALIDATION,no,6,v40c_02941,orig_rule_03027
nframe_02558,data/images/nframe_02558.npy,VALIDATION,VALIDATION,no,6,v40c_02941,orig_rule_03027
nframe_02559,data/images/nframe_02559.npy,TRAIN,VALIDATION,yes,7,v40c_02941,orig_singleton_nframe_02559
nframe_02560,data/images/nframe_02560.npy,TRAIN,TRAIN,no,7,v40c_02942,orig_singleton_nframe_02560
nframe_02561,data/images/nframe_02561.npy,TRAIN,TRAIN,no,7,v40c_02943,orig_singleton_nframe_02561
nframe_02562,data/images/nframe_02562.npy,TRAIN,TRAIN,no,6,v40c_02944,orig_singleton_nframe_02562
nframe_02563,data/images/nframe_02563.npy,TRAIN,TRAIN,no,6,v40c_02945,orig_singleton_nframe_02563
nframe_02564,data/images/nframe_02564.npy,TRAIN,TRAIN,no,6,v40c_02946,orig_rule_03033
nframe_02565,data/images/nframe_02565.npy,TRAIN,TRAIN,no,6,v40c_02946,orig_rule_03033
nframe_02566,data/images/nframe_02566.npy,TRAIN,TRAIN,no,6,v40c_02946,orig_rule_03033
nframe_02567,data/images/nframe_02567.npy,TRAIN,TRAIN,no,6,v40c_02946,orig_rule_03033
nframe_02568,data/images/nframe_02568.npy,TRAIN,TRAIN,no,6,v40c_02946,orig_rule_03033
nframe_02569,data/images/nframe_02569.npy,TRAIN,TRAIN,no,6,v40c_02946,orig_rule_03033
nframe_02570,data/images/nframe_02570.npy,TRAIN,TRAIN,no,6,v40c_02946,orig_rule_03033
nframe_02571,data/images/nframe_02571.npy,TRAIN,TRAIN,no,6,v40c_02947,orig_singleton_nframe_02571
nframe_02572,data/images/nframe_02572.npy,TRAIN,TRAIN,no,7,v40c_02948,orig_singleton_nframe_02572
nframe_02573,data/images/nframe_02573.npy,TRAIN,TRAIN,no,7,v40c_02949,orig_singleton_nframe_02573
nframe_02574,data/images/nframe_02574.npy,TRAIN,TRAIN,no,7,v40c_02950,orig_rule_03037
nframe_02575,data/images/nframe_02575.npy,TRAIN,TRAIN,no,7,v40c_02950,orig_rule_03037
nframe_02576,data/images/nframe_02576.npy,TRAIN,TRAIN,no,6,v40c_02950,orig_rule_03037
nframe_02577,data/images/nframe_02577.npy,TRAIN,TRAIN,no,6,v40c_02950,orig_rule_03037
nframe_02578,data/images/nframe_02578.npy,TRAIN,TRAIN,no,6,v40c_02950,orig_rule_03037
nframe_02579,data/images/nframe_02579.npy,TRAIN,TRAIN,no,6,v40c_02950,orig_rule_03037
nframe_02580,data/images/nframe_02580.npy,TRAIN,TRAIN,no,6,v40c_02950,orig_rule_03037
nframe_02581,data/images/nframe_02581.npy,TRAIN,TRAIN,no,6,v40c_02951,orig_rule_03038
nframe_02582,data/images/nframe_02582.npy,TRAIN,TRAIN,no,6,v40c_02951,orig_rule_03038
nframe_02583,data/images/nframe_02583.npy,TRAIN,TRAIN,no,6,v40c_02952,orig_rule_03039
nframe_02584,data/images/nframe_02584.npy,TRAIN,TRAIN,no,6,v40c_02952,orig_rule_03039
nframe_02585,data/images/nframe_02585.npy,TRAIN,TRAIN,no,6,v40c_02951,orig_rule_03038
nframe_02586,data/images/nframe_02586.npy,TRAIN,TRAIN,no,6,v40c_02953,orig_rule_03040
nframe_02587,data/images/nframe_02587.npy,TRAIN,TRAIN,no,6,v40c_02953,orig_rule_03040
nframe_02588,data/images/nframe_02588.npy,TRAIN,TRAIN,no,6,v40c_02953,orig_rule_03040
nframe_02589,data/images/nframe_02589.npy,TRAIN,TRAIN,no,6,v40c_02954,orig_rule_03041
nframe_02590,data/images/nframe_02590.npy,TRAIN,TRAIN,no,6,v40c_02954,orig_rule_03041
nframe_02591,data/images/nframe_02591.npy,TRAIN,TRAIN,no,6,v40c_02955,orig_singleton_nframe_02591
nframe_02592,data/images/nframe_02592.npy,TRAIN,TRAIN,no,6,v40c_02956,orig_rule_03043
nframe_02593,data/images/nframe_02593.npy,TRAIN,TRAIN,no,6,v40c_02956,orig_rule_03043
nframe_02594,data/images/nframe_02594.npy,TRAIN,TRAIN,no,6,v40c_02883,orig_rule_02963
nframe_02595,data/images/nframe_02595.npy,TRAIN,TRAIN,no,6,v40c_02883,orig_rule_02963
nframe_02596,data/images/nframe_02596.npy,TRAIN,TRAIN,no,6,v40c_02883,orig_rule_02963
nframe_02597,data/images/nframe_02597.npy,TRAIN,TRAIN,no,7,v40c_02957,orig_rule_03044
nframe_02598,data/images/nframe_02598.npy,TRAIN,TRAIN,no,7,v40c_02957,orig_rule_03044
nframe_02599,data/images/nframe_02599.npy,TRAIN,TRAIN,no,7,v40c_02957,orig_rule_03044
nframe_02600,data/images/nframe_02600.npy,TRAIN,TRAIN,no,7,v40c_02957,orig_rule_03044
nframe_02601,data/images/nframe_02601.npy,TRAIN,TRAIN,no,6,v40c_02957,orig_rule_03044
nframe_02602,data/images/nframe_02602.npy,TRAIN,TRAIN,no,7,v40c_02957,orig_rule_03044
nframe_02603,data/images/nframe_02603.npy,TRAIN,TRAIN,no,7,v40c_02957,orig_rule_03044
nframe_02604,data/images/nframe_02604.npy,TRAIN,TRAIN,no,7,v40c_02957,orig_rule_03044
nframe_02605,data/images/nframe_02605.npy,TRAIN,TRAIN,no,7,v40c_02957,orig_rule_03044
nframe_02606,data/images/nframe_02606.npy,TRAIN,TRAIN,no,7,v40c_02958,orig_rule_03045
nframe_02607,data/images/nframe_02607.npy,TRAIN,TRAIN,no,6,v40c_02958,orig_rule_03045
nframe_02608,data/images/nframe_02608.npy,TRAIN,TRAIN,no,5,v40c_02959,orig_singleton_nframe_02608
nframe_02609,data/images/nframe_02609.npy,TRAIN,TRAIN,no,6,v40c_02960,orig_singleton_nframe_02609
nframe_02610,data/images/nframe_02610.npy,TRAIN,TRAIN,no,6,v40c_02961,orig_rule_03048
nframe_02611,data/images/nframe_02611.npy,TRAIN,TRAIN,no,6,v40c_02961,orig_rule_03048
nframe_02612,data/images/nframe_02612.npy,TRAIN,TRAIN,no,6,v40c_02961,orig_rule_03048
nframe_02613,data/images/nframe_02613.npy,TRAIN,TRAIN,no,5,v40c_02961,orig_rule_03048
nframe_02614,data/images/nframe_02614.npy,TRAIN,TRAIN,no,6,v40c_02961,orig_rule_03048
nframe_02615,data/images/nframe_02615.npy,TRAIN,TRAIN,no,5,v40c_02962,orig_singleton_nframe_02615
nframe_02616,data/images/nframe_02616.npy,TRAIN,TRAIN,no,6,v40c_02961,orig_rule_03048
nframe_02617,data/images/nframe_02617.npy,TRAIN,TRAIN,no,5,v40c_02963,orig_singleton_nframe_02617
nframe_02618,data/images/nframe_02618.npy,TRAIN,TRAIN,no,6,v40c_02961,orig_rule_03048
nframe_02619,data/images/nframe_02619.npy,TRAIN,TRAIN,no,6,v40c_02964,orig_rule_03051
nframe_02620,data/images/nframe_02620.npy,TRAIN,TRAIN,no,6,v40c_02964,orig_rule_03051
nframe_02621,data/images/nframe_02621.npy,TRAIN,TRAIN,no,6,v40c_02961,orig_rule_03048
nframe_02622,data/images/nframe_02622.npy,TRAIN,TRAIN,no,6,v40c_02961,orig_rule_03048
nframe_02623,data/images/nframe_02623.npy,TRAIN,TRAIN,no,6,v40c_02961,orig_rule_03048
nframe_02624,data/images/nframe_02624.npy,TRAIN,TRAIN,no,6,v40c_02961,orig_rule_03048
nframe_02625,data/images/nframe_02625.npy,TRAIN,TRAIN,no,6,v40c_02961,orig_rule_03048
nframe_02626,data/images/nframe_02626.npy,TRAIN,TRAIN,no,5,v40c_02965,orig_singleton_nframe_02626
nframe_02627,data/images/nframe_02627.npy,TRAIN,TRAIN,no,5,v40c_02966,orig_singleton_nframe_02627
nframe_02628,data/images/nframe_02628.npy,TRAIN,TRAIN,no,4,v40c_02967,orig_singleton_nframe_02628
nframe_02629,data/images/nframe_02629.npy,TRAIN,TRAIN,no,4,v40c_02968,orig_rule_03055
nframe_02630,data/images/nframe_02630.npy,TRAIN,TRAIN,no,5,v40c_02968,orig_rule_03055
nframe_02631,data/images/nframe_02631.npy,TRAIN,TRAIN,no,5,v40c_02969,orig_singleton_nframe_02631
nframe_02632,data/images/nframe_02632.npy,TRAIN,TRAIN,no,5,v40c_02970,orig_rule_03057
nframe_02633,data/images/nframe_02633.npy,TRAIN,TRAIN,no,5,v40c_02970,orig_rule_03057
nframe_02634,data/images/nframe_02634.npy,TRAIN,TRAIN,no,5,v40c_02970,orig_rule_03057
nframe_02635,data/images/nframe_02635.npy,TRAIN,TRAIN,no,5,v40c_02970,orig_rule_03057
nframe_02636,data/images/nframe_02636.npy,TRAIN,TRAIN,no,5,v40c_02971,orig_singleton_nframe_02636
nframe_02637,data/images/nframe_02637.npy,TRAIN,TRAIN,no,5,v40c_02972,orig_rule_03059
nframe_02638,data/images/nframe_02638.npy,TRAIN,TRAIN,no,5,v40c_02972,orig_rule_03059
nframe_02639,data/images/nframe_02639.npy,TRAIN,TRAIN,no,5,v40c_02972,orig_rule_03059
nframe_02640,data/images/nframe_02640.npy,TRAIN,TRAIN,no,5,v40c_02973,orig_rule_03060
nframe_02641,data/images/nframe_02641.npy,TRAIN,TRAIN,no,5,v40c_02973,orig_rule_03060
nframe_02642,data/images/nframe_02642.npy,TRAIN,TRAIN,no,4,v40c_02974,orig_rule_03061
nframe_02643,data/images/nframe_02643.npy,TRAIN,TRAIN,no,5,v40c_02974,orig_rule_03061
nframe_02644,data/images/nframe_02644.npy,TRAIN,TRAIN,no,4,v40c_02974,orig_rule_03061
nframe_02645,data/images/nframe_02645.npy,TRAIN,TRAIN,no,5,v40c_02975,orig_rule_03062
nframe_02646,data/images/nframe_02646.npy,TRAIN,TRAIN,no,4,v40c_02975,orig_rule_03062
nframe_02647,data/images/nframe_02647.npy,TRAIN,TRAIN,no,4,v40c_02976,orig_rule_03063
nframe_02648,data/images/nframe_02648.npy,TRAIN,TRAIN,no,4,v40c_02976,orig_rule_03063
nframe_02649,data/images/nframe_02649.npy,TRAIN,TRAIN,no,4,v40c_02977,orig_singleton_nframe_02649
nframe_02650,data/images/nframe_02650.npy,TRAIN,TRAIN,no,4,v40c_02976,orig_rule_03063
nframe_02651,data/images/nframe_02651.npy,TRAIN,TRAIN,no,4,v40c_02976,orig_rule_03063
nframe_02652,data/images/nframe_02652.npy,TRAIN,TRAIN,no,4,v40c_02976,orig_rule_03063
nframe_02653,data/images/nframe_02653.npy,TRAIN,TRAIN,no,4,v40c_02976,orig_rule_03063
nframe_02654,data/images/nframe_02654.npy,TRAIN,TRAIN,no,4,v40c_02976,orig_rule_03063
nframe_02655,data/images/nframe_02655.npy,TRAIN,TRAIN,no,4,v40c_02976,orig_rule_03063
nframe_02656,data/images/nframe_02656.npy,TRAIN,TRAIN,no,4,v40c_02976,orig_rule_03063
nframe_02657,data/images/nframe_02657.npy,TRAIN,TRAIN,no,4,v40c_02976,orig_rule_03063
nframe_02658,data/images/nframe_02658.npy,TRAIN,TRAIN,no,4,v40c_02978,orig_singleton_nframe_02658
nframe_02659,data/images/nframe_02659.npy,TRAIN,TRAIN,no,5,v40c_02979,orig_rule_03066
nframe_02660,data/images/nframe_02660.npy,TRAIN,TRAIN,no,4,v40c_02979,orig_rule_03066
nframe_02661,data/images/nframe_02661.npy,TRAIN,TRAIN,no,3,v40c_02980,orig_singleton_nframe_02661
nframe_02662,data/images/nframe_02662.npy,TRAIN,TRAIN,no,4,v40c_02981,orig_singleton_nframe_02662
nframe_02663,data/images/nframe_02663.npy,TRAIN,TRAIN,no,3,v40c_02982,orig_singleton_nframe_02663
nframe_02664,data/images/nframe_02664.npy,TRAIN,TRAIN,no,3,v40c_02983,orig_rule_03070
nframe_02665,data/images/nframe_02665.npy,TRAIN,TRAIN,no,3,v40c_02983,orig_rule_03070
nframe_02666,data/images/nframe_02666.npy,TRAIN,TRAIN,no,2,v40c_02983,orig_rule_03070
nframe_02667,data/images/nframe_02667.npy,TRAIN,TRAIN,no,3,v40c_02984,orig_rule_03071
nframe_02668,data/images/nframe_02668.npy,TRAIN,TRAIN,no,3,v40c_02984,orig_rule_03071
nframe_02669,data/images/nframe_02669.npy,TRAIN,TRAIN,no,3,v40c_02984,orig_rule_03071
nframe_02670,data/images/nframe_02670.npy,TRAIN,TRAIN,no,3,v40c_02985,orig_singleton_nframe_02670
nframe_02671,data/images/nframe_02671.npy,TRAIN,TRAIN,no,3,v40c_02986,orig_singleton_nframe_02671
nframe_02688,data/images/nframe_02688.npy,VALIDATION,VALIDATION,no,1,v40c_02987,orig_singleton_nframe_02688
nframe_02689,data/images/nframe_02689.npy,VALIDATION,VALIDATION,no,1,v40c_02988,orig_singleton_nframe_02689
nframe_02690,data/images/nframe_02690.npy,VALIDATION,VALIDATION,no,1,v40c_02989,orig_singleton_nframe_02690
nframe_02691,data/images/nframe_02691.npy,VALIDATION,VALIDATION,no,1,v40c_02990,orig_singleton_nframe_02691
nframe_02692,data/images/nframe_02692.npy,VALIDATION,VALIDATION,no,1,v40c_02991,orig_singleton_nframe_02692
nframe_02693,data/images/nframe_02693.npy,VALIDATION,VALIDATION,no,1,v40c_02992,orig_rule_03079
nframe_02694,data/images/nframe_02694.npy,VALIDATION,VALIDATION,no,1,v40c_02992,orig_rule_03079
nframe_02695,data/images/nframe_02695.npy,VALIDATION,VALIDATION,no,1,v40c_02993,orig_rule_03080
nframe_02696,data/images/nframe_02696.npy,VALIDATION,VALIDATION,no,1,v40c_02993,orig_rule_03080
nframe_02697,data/images/nframe_02697.npy,VALIDATION,VALIDATION,no,1,v40c_02994,orig_singleton_nframe_02697
nframe_02698,data/images/nframe_02698.npy,VALIDATION,VALIDATION,no,1,v40c_02995,orig_rule_03082
nframe_02699,data/images/nframe_02699.npy,VALIDATION,VALIDATION,no,1,v40c_02995,orig_rule_03082
nframe_02700,data/images/nframe_02700.npy,VALIDATION,VALIDATION,no,1,v40c_02995,orig_rule_03082
nframe_02701,data/images/nframe_02701.npy,VALIDATION,VALIDATION,no,1,v40c_02996,orig_rule_03083
nframe_02702,data/images/nframe_02702.npy,VALIDATION,VALIDATION,no,1,v40c_02996,orig_rule_03083
nframe_02703,data/images/nframe_02703.npy,VALIDATION,VALIDATION,no,1,v40c_02996,orig_rule_03083
nframe_02704,data/images/nframe_02704.npy,VALIDATION,VALIDATION,no,1,v40c_02997,orig_rule_03084
nframe_02705,data/images/nframe_02705.npy,VALIDATION,VALIDATION,no,1,v40c_02997,orig_rule_03084
nframe_02706,data/images/nframe_02706.npy,VALIDATION,VALIDATION,no,1,v40c_02997,orig_rule_03084
nframe_02707,data/images/nframe_02707.npy,VALIDATION,VALIDATION,no,1,v40c_02997,orig_rule_03084
nframe_02708,data/images/nframe_02708.npy,VALIDATION,VALIDATION,no,1,v40c_02998,orig_rule_03085
nframe_02709,data/images/nframe_02709.npy,VALIDATION,VALIDATION,no,1,v40c_02998,orig_rule_03085
nframe_02710,data/images/nframe_02710.npy,VALIDATION,VALIDATION,no,1,v40c_02999,orig_singleton_nframe_02710
nframe_02711,data/images/nframe_02711.npy,VALIDATION,VALIDATION,no,1,v40c_03000,orig_singleton_nframe_02711
nframe_02712,data/images/nframe_02712.npy,VALIDATION,VALIDATION,no,1,v40c_03001,orig_rule_03088
nframe_02713,data/images/nframe_02713.npy,VALIDATION,VALIDATION,no,1,v40c_03001,orig_rule_03088
nframe_02714,data/images/nframe_02714.npy,VALIDATION,VALIDATION,no,1,v40c_03001,orig_rule_03088
nframe_02715,data/images/nframe_02715.npy,VALIDATION,VALIDATION,no,1,v40c_03002,orig_singleton_nframe_02715
nframe_02716,data/images/nframe_02716.npy,VALIDATION,VALIDATION,no,2,v40c_03003,orig_singleton_nframe_02716
nframe_02717,data/images/nframe_02717.npy,VALIDATION,VALIDATION,no,2,v40c_03004,orig_singleton_nframe_02717
nframe_02718,data/images/nframe_02718.npy,VALIDATION,VALIDATION,no,3,v40c_03005,orig_singleton_nframe_02718
nframe_02719,data/images/nframe_02719.npy,VALIDATION,VALIDATION,no,1,v40c_03006,orig_singleton_nframe_02719
nframe_02720,data/images/nframe_02720.npy,VALIDATION,VALIDATION,no,4,v40c_03007,orig_singleton_nframe_02720
nframe_02721,data/images/nframe_02721.npy,VALIDATION,VALIDATION,no,3,v40c_03008,orig_rule_03095
nframe_02722,data/images/nframe_02722.npy,VALIDATION,VALIDATION,no,3,v40c_03008,orig_rule_03095
nframe_02723,data/images/nframe_02723.npy,VALIDATION,VALIDATION,no,4,v40c_03008,orig_rule_03095
nframe_02724,data/images/nframe_02724.npy,VALIDATION,VALIDATION,no,4,v40c_03008,orig_rule_03095
nframe_02725,data/images/nframe_02725.npy,VALIDATION,VALIDATION,no,4,v40c_03008,orig_rule_03095
nframe_02726,data/images/nframe_02726.npy,VALIDATION,VALIDATION,no,4,v40c_03008,orig_rule_03095
nframe_02727,data/images/nframe_02727.npy,VALIDATION,VALIDATION,no,5,v40c_03009,orig_singleton_nframe_02727
nframe_02728,data/images/nframe_02728.npy,VALIDATION,VALIDATION,no,4,v40c_03010,orig_rule_03097
nframe_02729,data/images/nframe_02729.npy,VALIDATION,VALIDATION,no,4,v40c_03010,orig_rule_03097
nframe_02730,data/images/nframe_02730.npy,VALIDATION,VALIDATION,no,4,v40c_03010,orig_rule_03097
nframe_02731,data/images/nframe_02731.npy,VALIDATION,VALIDATION,no,4,v40c_03010,orig_rule_03097
nframe_02732,data/images/nframe_02732.npy,VALIDATION,VALIDATION,no,3,v40c_03011,orig_rule_03098
nframe_02733,data/images/nframe_02733.npy,VALIDATION,VALIDATION,no,4,v40c_03011,orig_rule_03098
nframe_02734,data/images/nframe_02734.npy,VALIDATION,VALIDATION,no,5,v40c_03011,orig_rule_03098
nframe_02735,data/images/nframe_02735.npy,VALIDATION,VALIDATION,no,4,v40c_03011,orig_rule_03098
nframe_02736,data/images/nframe_02736.npy,VALIDATION,VALIDATION,no,3,v40c_03011,orig_rule_03098
nframe_02737,data/images/nframe_02737.npy,VALIDATION,VALIDATION,no,4,v40c_03011,orig_rule_03098
nframe_02738,data/images/nframe_02738.npy,VALIDATION,VALIDATION,no,4,v40c_03011,orig_rule_03098
nframe_02739,data/images/nframe_02739.npy,VALIDATION,VALIDATION,no,4,v40c_03012,orig_rule_03099
nframe_02740,data/images/nframe_02740.npy,VALIDATION,VALIDATION,no,6,v40c_03012,orig_rule_03099
nframe_02741,data/images/nframe_02741.npy,VALIDATION,VALIDATION,no,4,v40c_03012,orig_rule_03099
nframe_02742,data/images/nframe_02742.npy,VALIDATION,VALIDATION,no,5,v40c_03012,orig_rule_03099
nframe_02743,data/images/nframe_02743.npy,VALIDATION,VALIDATION,no,5,v40c_03013,orig_rule_03100
nframe_02744,data/images/nframe_02744.npy,VALIDATION,VALIDATION,no,4,v40c_03013,orig_rule_03100
nframe_02745,data/images/nframe_02745.npy,VALIDATION,VALIDATION,no,3,v40c_03013,orig_rule_03100
nframe_02746,data/images/nframe_02746.npy,VALIDATION,VALIDATION,no,3,v40c_03013,orig_rule_03100
nframe_02747,data/images/nframe_02747.npy,VALIDATION,VALIDATION,no,4,v40c_03014,orig_singleton_nframe_02747
nframe_02748,data/images/nframe_02748.npy,VALIDATION,VALIDATION,no,3,v40c_03015,orig_singleton_nframe_02748
nframe_02749,data/images/nframe_02749.npy,VALIDATION,VALIDATION,no,3,v40c_03016,orig_singleton_nframe_02749
nframe_02750,data/images/nframe_02750.npy,VALIDATION,VALIDATION,no,2,v40c_03017,orig_rule_03104
nframe_02751,data/images/nframe_02751.npy,VALIDATION,VALIDATION,no,3,v40c_03017,orig_rule_03104
nframe_02768,data/images/nframe_02768.npy,VALIDATION,TRAIN,yes,3,v40c_03018,orig_singleton_nframe_02768
nframe_02769,data/images/nframe_02769.npy,TRAIN,TRAIN,no,2,v40c_03018,orig_rule_03106
nframe_02770,data/images/nframe_02770.npy,TRAIN,TRAIN,no,2,v40c_03019,orig_rule_03107
nframe_02771,data/images/nframe_02771.npy,TRAIN,TRAIN,no,3,v40c_03019,orig_rule_03107
nframe_02772,data/images/nframe_02772.npy,TRAIN,TRAIN,no,3,v40c_03019,orig_rule_03107
nframe_02773,data/images/nframe_02773.npy,TRAIN,TRAIN,no,3,v40c_03019,orig_rule_03107
nframe_02774,data/images/nframe_02774.npy,TRAIN,TRAIN,no,3,v40c_03020,orig_singleton_nframe_02774
nframe_02775,data/images/nframe_02775.npy,TRAIN,TRAIN,no,2,v40c_03018,orig_rule_03106
nframe_02776,data/images/nframe_02776.npy,TRAIN,TRAIN,no,2,v40c_03021,orig_singleton_nframe_02776
nframe_02777,data/images/nframe_02777.npy,TRAIN,TRAIN,no,3,v40c_03022,orig_singleton_nframe_02777
nframe_02778,data/images/nframe_02778.npy,TRAIN,TRAIN,no,2,v40c_03023,orig_singleton_nframe_02778
nframe_02779,data/images/nframe_02779.npy,TRAIN,TRAIN,no,2,v40c_03024,orig_rule_03112
nframe_02780,data/images/nframe_02780.npy,TRAIN,TRAIN,no,2,v40c_03024,orig_rule_03112
nframe_02781,data/images/nframe_02781.npy,TRAIN,TRAIN,no,3,v40c_03024,orig_rule_03112
nframe_02782,data/images/nframe_02782.npy,TRAIN,TRAIN,no,2,v40c_03024,orig_rule_03112
nframe_02783,data/images/nframe_02783.npy,TRAIN,TRAIN,no,2,v40c_03024,orig_rule_03112
nframe_02784,data/images/nframe_02784.npy,TRAIN,TRAIN,no,2,v40c_03024,orig_rule_03112
nframe_02785,data/images/nframe_02785.npy,TRAIN,TRAIN,no,2,v40c_03024,orig_rule_03112
nframe_02786,data/images/nframe_02786.npy,TRAIN,TRAIN,no,3,v40c_03024,orig_rule_03112
nframe_02787,data/images/nframe_02787.npy,TRAIN,TRAIN,no,2,v40c_03024,orig_rule_03112
nframe_02788,data/images/nframe_02788.npy,TRAIN,TRAIN,no,2,v40c_03024,orig_rule_03112
nframe_02789,data/images/nframe_02789.npy,TRAIN,TRAIN,no,2,v40c_03024,orig_rule_03112
nframe_02790,data/images/nframe_02790.npy,TRAIN,TRAIN,no,2,v40c_03025,orig_singleton_nframe_02790
nframe_02791,data/images/nframe_02791.npy,TRAIN,TRAIN,no,2,v40c_03026,orig_singleton_nframe_02791
nframe_02792,data/images/nframe_02792.npy,TRAIN,TRAIN,no,2,v40c_03027,orig_rule_03115
nframe_02793,data/images/nframe_02793.npy,TRAIN,TRAIN,no,2,v40c_03027,orig_rule_03115
nframe_02794,data/images/nframe_02794.npy,TRAIN,TRAIN,no,1,v40c_03027,orig_rule_03115
nframe_02795,data/images/nframe_02795.npy,TRAIN,TRAIN,no,1,v40c_03028,orig_singleton_nframe_02795
nframe_02796,data/images/nframe_02796.npy,TRAIN,TRAIN,no,1,v40c_03027,orig_rule_03115
nframe_02797,data/images/nframe_02797.npy,TRAIN,TRAIN,no,1,v40c_03029,orig_singleton_nframe_02797
nframe_02798,data/images/nframe_02798.npy,TRAIN,TRAIN,no,1,v40c_03030,orig_singleton_nframe_02798
nframe_02799,data/images/nframe_02799.npy,TRAIN,TRAIN,no,1,v40c_03031,orig_singleton_nframe_02799
nframe_02800,data/images/nframe_02800.npy,TRAIN,TRAIN,no,1,v40c_03032,orig_singleton_nframe_02800
nframe_02801,data/images/nframe_02801.npy,TRAIN,TRAIN,no,1,v40c_03033,orig_singleton_nframe_02801
nframe_02802,data/images/nframe_02802.npy,TRAIN,TRAIN,no,1,v40c_03034,orig_singleton_nframe_02802
nframe_02803,data/images/nframe_02803.npy,TRAIN,TRAIN,no,1,v40c_03035,orig_singleton_nframe_02803
nframe_02804,data/images/nframe_02804.npy,TRAIN,TRAIN,no,1,v40c_03036,orig_singleton_nframe_02804
nframe_02805,data/images/nframe_02805.npy,TRAIN,TRAIN,no,3,v40c_03037,orig_rule_03125
nframe_02806,data/images/nframe_02806.npy,TRAIN,TRAIN,no,2,v40c_03037,orig_rule_03125
nframe_02807,data/images/nframe_02807.npy,TRAIN,TRAIN,no,1,v40c_03037,orig_rule_03125
nframe_02808,data/images/nframe_02808.npy,TRAIN,TRAIN,no,2,v40c_03038,orig_singleton_nframe_02808
nframe_02809,data/images/nframe_02809.npy,TRAIN,TRAIN,no,2,v40c_03039,orig_rule_03127
nframe_02810,data/images/nframe_02810.npy,TRAIN,TRAIN,no,2,v40c_03039,orig_rule_03127
nframe_02811,data/images/nframe_02811.npy,TRAIN,TRAIN,no,2,v40c_03040,orig_singleton_nframe_02811
nframe_02812,data/images/nframe_02812.npy,TRAIN,TRAIN,no,2,v40c_03041,orig_singleton_nframe_02812
nframe_02813,data/images/nframe_02813.npy,TRAIN,TRAIN,no,3,v40c_03042,orig_singleton_nframe_02813
nframe_02814,data/images/nframe_02814.npy,TRAIN,TRAIN,no,3,v40c_03043,orig_singleton_nframe_02814
nframe_02815,data/images/nframe_02815.npy,TRAIN,TRAIN,no,2,v40c_03044,orig_rule_03132
nframe_02816,data/images/nframe_02816.npy,TRAIN,TRAIN,no,2,v40c_03044,orig_rule_03132
nframe_02817,data/images/nframe_02817.npy,TRAIN,TRAIN,no,2,v40c_03045,orig_rule_03133
nframe_02818,data/images/nframe_02818.npy,TRAIN,TRAIN,no,1,v40c_03045,orig_rule_03133
nframe_02819,data/images/nframe_02819.npy,TRAIN,TRAIN,no,1,v40c_03045,orig_rule_03133
nframe_02820,data/images/nframe_02820.npy,TRAIN,TRAIN,no,1,v40c_03046,orig_singleton_nframe_02820
nframe_02821,data/images/nframe_02821.npy,TRAIN,TRAIN,no,1,v40c_03047,orig_singleton_nframe_02821
nframe_02822,data/images/nframe_02822.npy,TRAIN,TRAIN,no,2,v40c_03048,orig_singleton_nframe_02822
nframe_02823,data/images/nframe_02823.npy,TRAIN,TRAIN,no,2,v40c_03049,orig_singleton_nframe_02823
nframe_02824,data/images/nframe_02824.npy,TRAIN,TRAIN,no,2,v40c_03050,orig_singleton_nframe_02824
nframe_02825,data/images/nframe_02825.npy,TRAIN,TRAIN,no,2,v40c_03051,orig_rule_03139
nframe_02826,data/images/nframe_02826.npy,TRAIN,TRAIN,no,1,v40c_03051,orig_rule_03139
nframe_02827,data/images/nframe_02827.npy,TRAIN,TRAIN,no,1,v40c_03052,orig_singleton_nframe_02827
nframe_02828,data/images/nframe_02828.npy,TRAIN,TRAIN,no,1,v40c_03053,orig_singleton_nframe_02828
nframe_02829,data/images/nframe_02829.npy,TRAIN,TRAIN,no,2,v40c_03054,orig_rule_03142
nframe_02830,data/images/nframe_02830.npy,TRAIN,TRAIN,no,3,v40c_03054,orig_rule_03142
nframe_02831,data/images/nframe_02831.npy,TRAIN,TRAIN,no,3,v40c_03055,orig_rule_03143
nframe_02832,data/images/nframe_02832.npy,TRAIN,TRAIN,no,2,v40c_03056,orig_singleton_nframe_02832
nframe_02833,data/images/nframe_02833.npy,TRAIN,TRAIN,no,2,v40c_03057,orig_rule_03145
nframe_02834,data/images/nframe_02834.npy,TRAIN,TRAIN,no,2,v40c_03058,orig_singleton_nframe_02834
nframe_02835,data/images/nframe_02835.npy,TRAIN,TRAIN,no,1,v40c_03057,orig_rule_03145
nframe_02836,data/images/nframe_02836.npy,TRAIN,TRAIN,no,1,v40c_03055,orig_rule_03143
nframe_02837,data/images/nframe_02837.npy,TRAIN,TRAIN,no,2,v40c_03059,orig_rule_03147
nframe_02838,data/images/nframe_02838.npy,TRAIN,TRAIN,no,1,v40c_03059,orig_rule_03147
nframe_02839,data/images/nframe_02839.npy,TRAIN,TRAIN,no,3,v40c_03059,orig_rule_03147
nframe_02840,data/images/nframe_02840.npy,TRAIN,TRAIN,no,3,v40c_03060,orig_rule_03148
nframe_02841,data/images/nframe_02841.npy,TRAIN,TRAIN,no,2,v40c_03060,orig_rule_03148
nframe_02842,data/images/nframe_02842.npy,TRAIN,TRAIN,no,2,v40c_03060,orig_rule_03148
nframe_02843,data/images/nframe_02843.npy,TRAIN,TRAIN,no,2,v40c_03061,orig_rule_03149
nframe_02844,data/images/nframe_02844.npy,TRAIN,TRAIN,no,2,v40c_03061,orig_rule_03149
nframe_02845,data/images/nframe_02845.npy,TRAIN,TRAIN,no,2,v40c_03062,orig_singleton_nframe_02845
nframe_02846,data/images/nframe_02846.npy,TRAIN,TRAIN,no,3,v40c_03063,orig_rule_03151
nframe_02847,data/images/nframe_02847.npy,TRAIN,TRAIN,no,3,v40c_03063,orig_rule_03151
nframe_02848,data/images/nframe_02848.npy,TRAIN,TRAIN,no,3,v40c_03064,orig_singleton_nframe_02848
nframe_02849,data/images/nframe_02849.npy,TRAIN,TRAIN,no,2,v40c_03065,orig_singleton_nframe_02849
nframe_02850,data/images/nframe_02850.npy,TRAIN,TRAIN,no,2,v40c_03066,orig_rule_03154
nframe_02851,data/images/nframe_02851.npy,TRAIN,TRAIN,no,2,v40c_03066,orig_rule_03154
nframe_02852,data/images/nframe_02852.npy,TRAIN,TRAIN,no,3,v40c_03067,orig_singleton_nframe_02852
nframe_02853,data/images/nframe_02853.npy,TRAIN,TRAIN,no,3,v40c_03068,orig_singleton_nframe_02853
nframe_02854,data/images/nframe_02854.npy,TRAIN,TRAIN,no,2,v40c_03069,orig_singleton_nframe_02854
nframe_02855,data/images/nframe_02855.npy,TRAIN,TRAIN,no,2,v40c_03070,orig_singleton_nframe_02855
nframe_02856,data/images/nframe_02856.npy,TRAIN,TRAIN,no,2,v40c_03071,orig_singleton_nframe_02856
nframe_02857,data/images/nframe_02857.npy,TRAIN,TRAIN,no,2,v40c_03072,orig_singleton_nframe_02857
nframe_02858,data/images/nframe_02858.npy,TRAIN,TRAIN,no,2,v40c_03073,orig_singleton_nframe_02858
nframe_02859,data/images/nframe_02859.npy,TRAIN,TRAIN,no,2,v40c_03074,orig_singleton_nframe_02859
nframe_02860,data/images/nframe_02860.npy,TRAIN,TRAIN,no,1,v40c_03075,orig_singleton_nframe_02860
nframe_02861,data/images/nframe_02861.npy,TRAIN,TRAIN,no,1,v40c_03076,orig_singleton_nframe_02861
nframe_02862,data/images/nframe_02862.npy,TRAIN,TRAIN,no,1,v40c_03077,orig_singleton_nframe_02862
nframe_02863,data/images/nframe_02863.npy,TRAIN,TRAIN,no,2,v40c_03078,orig_singleton_nframe_02863
nframe_02864,data/images/nframe_02864.npy,TRAIN,TRAIN,no,2,v40c_03079,orig_rule_03167
nframe_02865,data/images/nframe_02865.npy,TRAIN,TRAIN,no,1,v40c_03079,orig_rule_03167
nframe_02866,data/images/nframe_02866.npy,TRAIN,TRAIN,no,1,v40c_03080,orig_rule_03168
nframe_02867,data/images/nframe_02867.npy,TRAIN,TRAIN,no,1,v40c_03081,orig_rule_03169
nframe_02868,data/images/nframe_02868.npy,TRAIN,TRAIN,no,1,v40c_03081,orig_rule_03169
nframe_02869,data/images/nframe_02869.npy,TRAIN,TRAIN,no,1,v40c_03080,orig_rule_03168
nframe_02870,data/images/nframe_02870.npy,TRAIN,TRAIN,no,2,v40c_03080,orig_rule_03168
nframe_02871,data/images/nframe_02871.npy,TRAIN,TRAIN,no,1,v40c_03080,orig_rule_03168
nframe_02872,data/images/nframe_02872.npy,TRAIN,TRAIN,no,1,v40c_03080,orig_rule_03168
nframe_02873,data/images/nframe_02873.npy,TRAIN,TRAIN,no,1,v40c_03080,orig_rule_03168
nframe_02874,data/images/nframe_02874.npy,TRAIN,TRAIN,no,1,v40c_03082,orig_singleton_nframe_02874
nframe_02875,data/images/nframe_02875.npy,TRAIN,TRAIN,no,1,v40c_03083,orig_rule_03171
nframe_02876,data/images/nframe_02876.npy,TRAIN,TRAIN,no,1,v40c_03083,orig_rule_03171
nframe_02877,data/images/nframe_02877.npy,TRAIN,TRAIN,no,1,v40c_03084,orig_singleton_nframe_02877
nframe_02878,data/images/nframe_02878.npy,TRAIN,TRAIN,no,1,v40c_03085,orig_singleton_nframe_02878
nframe_02879,data/images/nframe_02879.npy,TRAIN,TRAIN,no,1,v40c_03086,orig_singleton_nframe_02879
nframe_02880,data/images/nframe_02880.npy,TRAIN,TRAIN,no,1,v40c_03087,orig_rule_03175
nframe_02881,data/images/nframe_02881.npy,TRAIN,TRAIN,no,1,v40c_03087,orig_rule_03175
nframe_02882,data/images/nframe_02882.npy,TRAIN,TRAIN,no,1,v40c_03087,orig_rule_03175
nframe_02883,data/images/nframe_02883.npy,TRAIN,TRAIN,no,1,v40c_03087,orig_rule_03175
nframe_02884,data/images/nframe_02884.npy,TRAIN,TRAIN,no,1,v40c_03087,orig_rule_03175
nframe_02885,data/images/nframe_02885.npy,TRAIN,TRAIN,no,1,v40c_03087,orig_rule_03175
nframe_02886,data/images/nframe_02886.npy,TRAIN,TRAIN,no,1,v40c_03088,orig_singleton_nframe_02886
nframe_02887,data/images/nframe_02887.npy,TRAIN,TRAIN,no,1,v40c_03089,orig_singleton_nframe_02887
nframe_02888,data/images/nframe_02888.npy,TRAIN,TRAIN,no,1,v40c_03090,orig_singleton_nframe_02888
nframe_02889,data/images/nframe_02889.npy,TRAIN,TRAIN,no,1,v40c_03091,orig_singleton_nframe_02889
nframe_02890,data/images/nframe_02890.npy,TRAIN,TRAIN,no,1,v40c_03092,orig_rule_03180
nframe_02891,data/images/nframe_02891.npy,TRAIN,TRAIN,no,1,v40c_03092,orig_rule_03180
nframe_02892,data/images/nframe_02892.npy,TRAIN,TRAIN,no,1,v40c_03093,orig_singleton_nframe_02892
nframe_02893,data/images/nframe_02893.npy,TRAIN,TRAIN,no,1,v40c_03094,orig_rule_03182
nframe_02894,data/images/nframe_02894.npy,TRAIN,TRAIN,no,1,v40c_03094,orig_rule_03182
nframe_02895,data/images/nframe_02895.npy,TRAIN,TRAIN,no,1,v40c_03095,orig_singleton_nframe_02895
nframe_02896,data/images/nframe_02896.npy,TRAIN,TRAIN,no,1,v40c_03096,orig_singleton_nframe_02896
nframe_02897,data/images/nframe_02897.npy,TRAIN,TRAIN,no,1,v40c_03097,orig_rule_03185
nframe_02898,data/images/nframe_02898.npy,TRAIN,TRAIN,no,1,v40c_03097,orig_rule_03185
nframe_02899,data/images/nframe_02899.npy,TRAIN,TRAIN,no,1,v40c_03097,orig_rule_03185
nframe_02900,data/images/nframe_02900.npy,TRAIN,TRAIN,no,1,v40c_03097,orig_rule_03185
nframe_02901,data/images/nframe_02901.npy,TRAIN,TRAIN,no,1,v40c_03097,orig_rule_03185
nframe_02902,data/images/nframe_02902.npy,TRAIN,TRAIN,no,1,v40c_03098,orig_singleton_nframe_02902
nframe_02903,data/images/nframe_02903.npy,TRAIN,TRAIN,no,1,v40c_03099,orig_singleton_nframe_02903
nframe_02904,data/images/nframe_02904.npy,TRAIN,TRAIN,no,1,v40c_03100,orig_singleton_nframe_02904
nframe_02905,data/images/nframe_02905.npy,TRAIN,TRAIN,no,1,v40c_03101,orig_singleton_nframe_02905
nframe_02906,data/images/nframe_02906.npy,TRAIN,TRAIN,no,1,v40c_03102,orig_singleton_nframe_02906
nframe_02907,data/images/nframe_02907.npy,TRAIN,TRAIN,no,1,v40c_03103,orig_singleton_nframe_02907
nframe_02908,data/images/nframe_02908.npy,TRAIN,TRAIN,no,1,v40c_03104,orig_singleton_nframe_02908
nframe_02909,data/images/nframe_02909.npy,TRAIN,TRAIN,no,1,v40c_03105,orig_rule_03193
nframe_02910,data/images/nframe_02910.npy,TRAIN,TRAIN,no,1,v40c_03105,orig_rule_03193
nframe_02911,data/images/nframe_02911.npy,TRAIN,TRAIN,no,1,v40c_03105,orig_rule_03193
nframe_02912,data/images/nframe_02912.npy,TRAIN,TRAIN,no,1,v40c_03105,orig_rule_03193
nframe_02913,data/images/nframe_02913.npy,TRAIN,TRAIN,no,1,v40c_03105,orig_rule_03193
nframe_02914,data/images/nframe_02914.npy,TRAIN,TRAIN,no,1,v40c_03105,orig_rule_03193
nframe_02915,data/images/nframe_02915.npy,TRAIN,TRAIN,no,1,v40c_03106,orig_rule_03194
nframe_02916,data/images/nframe_02916.npy,TRAIN,TRAIN,no,1,v40c_03106,orig_rule_03194
nframe_02918,data/images/nframe_02918.npy,TRAIN,TRAIN,no,1,v40c_03106,orig_rule_03194
nframe_02919,data/images/nframe_02919.npy,TRAIN,TRAIN,no,1,v40c_03106,orig_rule_03194
nframe_02920,data/images/nframe_02920.npy,TRAIN,TRAIN,no,1,v40c_03106,orig_rule_03194
nframe_02921,data/images/nframe_02921.npy,TRAIN,TRAIN,no,1,v40c_03107,orig_singleton_nframe_02921
nframe_02922,data/images/nframe_02922.npy,TRAIN,TRAIN,no,1,v40c_03108,orig_rule_03196
nframe_02923,data/images/nframe_02923.npy,TRAIN,TRAIN,no,1,v40c_03108,orig_rule_03196
nframe_02924,data/images/nframe_02924.npy,TRAIN,TRAIN,no,1,v40c_03108,orig_rule_03196
nframe_02925,data/images/nframe_02925.npy,TRAIN,TRAIN,no,1,v40c_03109,orig_singleton_nframe_02925
nframe_02926,data/images/nframe_02926.npy,TRAIN,TRAIN,no,1,v40c_03110,orig_singleton_nframe_02926
nframe_02927,data/images/nframe_02927.npy,TRAIN,TRAIN,no,1,v40c_03111,orig_singleton_nframe_02927
nframe_02944,data/images/nframe_02944.npy,VALIDATION,VALIDATION,no,1,v40c_03112,orig_rule_03200
nframe_02945,data/images/nframe_02945.npy,VALIDATION,VALIDATION,no,1,v40c_03112,orig_rule_03200
nframe_02946,data/images/nframe_02946.npy,VALIDATION,VALIDATION,no,1,v40c_03113,orig_rule_03201
nframe_02947,data/images/nframe_02947.npy,VALIDATION,VALIDATION,no,1,v40c_03113,orig_rule_03201
nframe_02948,data/images/nframe_02948.npy,VALIDATION,VALIDATION,no,1,v40c_03114,orig_rule_03202
nframe_02950,data/images/nframe_02950.npy,VALIDATION,VALIDATION,no,1,v40c_03114,orig_rule_03202
nframe_02951,data/images/nframe_02951.npy,VALIDATION,VALIDATION,no,1,v40c_03115,orig_rule_03203
nframe_02952,data/images/nframe_02952.npy,VALIDATION,VALIDATION,no,1,v40c_03115,orig_rule_03203
nframe_02953,data/images/nframe_02953.npy,VALIDATION,VALIDATION,no,1,v40c_03115,orig_rule_03203
nframe_02954,data/images/nframe_02954.npy,VALIDATION,VALIDATION,no,1,v40c_03116,orig_singleton_nframe_02954
nframe_02961,data/images/nframe_02961.npy,VALIDATION,VALIDATION,no,1,v40c_03117,orig_singleton_nframe_02961
nframe_03009,data/images/nframe_03009.npy,TRAIN,TRAIN,no,1,v40c_03118,orig_singleton_nframe_03009
nframe_03078,data/images/nframe_03078.npy,VALIDATION,VALIDATION,no,1,v40c_03119,orig_singleton_nframe_03078
nframe_03079,data/images/nframe_03079.npy,VALIDATION,VALIDATION,no,1,v40c_03120,orig_singleton_nframe_03079
nframe_03084,data/images/nframe_03084.npy,VALIDATION,VALIDATION,no,1,v40c_03121,orig_singleton_nframe_03084
nframe_03086,data/images/nframe_03086.npy,VALIDATION,VALIDATION,no,1,v40c_03122,orig_singleton_nframe_03086
nframe_03092,data/images/nframe_03092.npy,VALIDATION,VALIDATION,no,1,v40c_03123,orig_rule_03211
nframe_03093,data/images/nframe_03093.npy,VALIDATION,VALIDATION,no,1,v40c_03124,orig_singleton_nframe_03093
nframe_03094,data/images/nframe_03094.npy,VALIDATION,VALIDATION,no,1,v40c_03123,orig_rule_03211
nframe_03095,data/images/nframe_03095.npy,VALIDATION,VALIDATION,no,1,v40c_03125,orig_singleton_nframe_03095
nframe_03096,data/images/nframe_03096.npy,VALIDATION,VALIDATION,no,1,v40c_03126,orig_singleton_nframe_03096
nframe_03097,data/images/nframe_03097.npy,VALIDATION,VALIDATION,no,1,v40c_03127,orig_rule_03215
nframe_03098,data/images/nframe_03098.npy,VALIDATION,VALIDATION,no,1,v40c_03127,orig_rule_03215
nframe_03099,data/images/nframe_03099.npy,VALIDATION,VALIDATION,no,1,v40c_03127,orig_rule_03215
nframe_03140,data/images/nframe_03140.npy,TRAIN,TRAIN,no,1,v40c_03128,orig_singleton_nframe_03140
nframe_03193,data/images/nframe_03193.npy,TRAIN,TRAIN,no,1,v40c_03129,orig_singleton_nframe_03193
nframe_03277,data/images/nframe_03277.npy,TRAIN,TRAIN,no,1,v40c_03130,orig_rule_03218
nframe_03278,data/images/nframe_03278.npy,TRAIN,TRAIN,no,1,v40c_03130,orig_rule_03218
nframe_03279,data/images/nframe_03279.npy,TRAIN,TRAIN,no,1,v40c_03130,orig_rule_03218
nframe_03280,data/images/nframe_03280.npy,TRAIN,TRAIN,no,1,v40c_03130,orig_rule_03218
nframe_03281,data/images/nframe_03281.npy,TRAIN,TRAIN,no,1,v40c_03130,orig_rule_03218
nframe_03282,data/images/nframe_03282.npy,TRAIN,TRAIN,no,1,v40c_03130,orig_rule_03218
nframe_03283,data/images/nframe_03283.npy,TRAIN,TRAIN,no,1,v40c_03131,orig_singleton_nframe_03283
nframe_03284,data/images/nframe_03284.npy,TRAIN,TRAIN,no,1,v40c_03132,orig_singleton_nframe_03284
nframe_03285,data/images/nframe_03285.npy,TRAIN,TRAIN,no,1,v40c_03130,orig_rule_03218
nframe_03286,data/images/nframe_03286.npy,TRAIN,TRAIN,no,1,v40c_03130,orig_rule_03218
nframe_03287,data/images/nframe_03287.npy,TRAIN,TRAIN,no,1,v40c_03133,orig_rule_03221
nframe_03288,data/images/nframe_03288.npy,TRAIN,TRAIN,no,1,v40c_03133,orig_rule_03221
nframe_03289,data/images/nframe_03289.npy,TRAIN,TRAIN,no,1,v40c_03134,orig_rule_03222
nframe_03290,data/images/nframe_03290.npy,TRAIN,TRAIN,no,1,v40c_03134,orig_rule_03222
nframe_03291,data/images/nframe_03291.npy,TRAIN,TRAIN,no,1,v40c_03135,orig_rule_03223
nframe_03292,data/images/nframe_03292.npy,TRAIN,TRAIN,no,1,v40c_03135,orig_rule_03223
nframe_03293,data/images/nframe_03293.npy,TRAIN,TRAIN,no,1,v40c_03136,orig_singleton_nframe_03293
nframe_03294,data/images/nframe_03294.npy,TRAIN,TRAIN,no,1,v40c_03137,orig_singleton_nframe_03294
nframe_03295,data/images/nframe_03295.npy,TRAIN,TRAIN,no,1,v40c_03130,orig_rule_03218
nframe_03296,data/images/nframe_03296.npy,TRAIN,TRAIN,no,1,v40c_03130,orig_rule_03218
nframe_03297,data/images/nframe_03297.npy,TRAIN,TRAIN,no,1,v40c_03130,orig_rule_03218
nframe_03298,data/images/nframe_03298.npy,TRAIN,TRAIN,no,1,v40c_03130,orig_rule_03218
nframe_03299,data/images/nframe_03299.npy,TRAIN,TRAIN,no,1,v40c_03130,orig_rule_03218
nframe_03300,data/images/nframe_03300.npy,TRAIN,TRAIN,no,1,v40c_03138,orig_singleton_nframe_03300
nframe_03301,data/images/nframe_03301.npy,TRAIN,TRAIN,no,1,v40c_03130,orig_rule_03218
nframe_03302,data/images/nframe_03302.npy,TRAIN,TRAIN,no,1,v40c_03130,orig_rule_03218
nframe_03303,data/images/nframe_03303.npy,TRAIN,TRAIN,no,1,v40c_03130,orig_rule_03218
nframe_03304,data/images/nframe_03304.npy,TRAIN,TRAIN,no,1,v40c_03139,orig_singleton_nframe_03304
nframe_03305,data/images/nframe_03305.npy,TRAIN,TRAIN,no,1,v40c_03140,orig_singleton_nframe_03305
nframe_03306,data/images/nframe_03306.npy,TRAIN,TRAIN,no,1,v40c_03141,orig_rule_03229
nframe_03307,data/images/nframe_03307.npy,TRAIN,TRAIN,no,1,v40c_03141,orig_rule_03229
nframe_03308,data/images/nframe_03308.npy,TRAIN,TRAIN,no,1,v40c_03142,orig_singleton_nframe_03308
nframe_03309,data/images/nframe_03309.npy,TRAIN,TRAIN,no,1,v40c_03141,orig_rule_03229
nframe_03310,data/images/nframe_03310.npy,TRAIN,TRAIN,no,1,v40c_03141,orig_rule_03229
nframe_03311,data/images/nframe_03311.npy,TRAIN,TRAIN,no,2,v40c_03141,orig_rule_03229
nframe_03312,data/images/nframe_03312.npy,TRAIN,TRAIN,no,2,v40c_03143,orig_singleton_nframe_03312
nframe_03313,data/images/nframe_03313.npy,TRAIN,TRAIN,no,2,v40c_03130,orig_rule_03218
nframe_03314,data/images/nframe_03314.npy,TRAIN,TRAIN,no,2,v40c_03130,orig_rule_03218
nframe_03315,data/images/nframe_03315.npy,TRAIN,TRAIN,no,2,v40c_03130,orig_rule_03218
nframe_03316,data/images/nframe_03316.npy,TRAIN,TRAIN,no,2,v40c_03130,orig_rule_03218
nframe_03317,data/images/nframe_03317.npy,TRAIN,TRAIN,no,2,v40c_03130,orig_rule_03218
nframe_03318,data/images/nframe_03318.npy,TRAIN,TRAIN,no,2,v40c_03130,orig_rule_03218
nframe_03319,data/images/nframe_03319.npy,TRAIN,TRAIN,no,2,v40c_03144,orig_singleton_nframe_03319
nframe_03320,data/images/nframe_03320.npy,TRAIN,TRAIN,no,2,v40c_03145,orig_singleton_nframe_03320
nframe_03321,data/images/nframe_03321.npy,TRAIN,TRAIN,no,2,v40c_03146,orig_rule_03234
nframe_03322,data/images/nframe_03322.npy,TRAIN,TRAIN,no,2,v40c_03146,orig_rule_03234
nframe_03323,data/images/nframe_03323.npy,TRAIN,TRAIN,no,2,v40c_03147,orig_singleton_nframe_03323
nframe_03324,data/images/nframe_03324.npy,TRAIN,TRAIN,no,2,v40c_03148,orig_singleton_nframe_03324
nframe_03325,data/images/nframe_03325.npy,TRAIN,TRAIN,no,2,v40c_03149,orig_singleton_nframe_03325
nframe_03326,data/images/nframe_03326.npy,TRAIN,TRAIN,no,2,v40c_03150,orig_singleton_nframe_03326
nframe_03331,data/images/nframe_03331.npy,VALIDATION,TRAIN,yes,1,v40c_03151,orig_singleton_nframe_03331
nframe_03332,data/images/nframe_03332.npy,TRAIN,TRAIN,no,2,v40c_03151,orig_singleton_nframe_03332
nframe_03333,data/images/nframe_03333.npy,TRAIN,TRAIN,no,2,v40c_03152,orig_rule_03241
nframe_03334,data/images/nframe_03334.npy,TRAIN,TRAIN,no,2,v40c_03130,orig_rule_03218
nframe_03335,data/images/nframe_03335.npy,TRAIN,TRAIN,no,2,v40c_03130,orig_rule_03218
nframe_03336,data/images/nframe_03336.npy,TRAIN,TRAIN,no,2,v40c_03130,orig_rule_03218
nframe_03337,data/images/nframe_03337.npy,TRAIN,TRAIN,no,2,v40c_03130,orig_rule_03218
nframe_03338,data/images/nframe_03338.npy,TRAIN,TRAIN,no,2,v40c_03152,orig_rule_03241
nframe_03339,data/images/nframe_03339.npy,TRAIN,TRAIN,no,2,v40c_03152,orig_rule_03241
nframe_03340,data/images/nframe_03340.npy,TRAIN,TRAIN,no,2,v40c_03152,orig_rule_03241
nframe_03341,data/images/nframe_03341.npy,TRAIN,TRAIN,no,2,v40c_03152,orig_rule_03241
nframe_03342,data/images/nframe_03342.npy,TRAIN,TRAIN,no,2,v40c_03152,orig_rule_03241
nframe_03343,data/images/nframe_03343.npy,TRAIN,TRAIN,no,2,v40c_03152,orig_rule_03241
nframe_03344,data/images/nframe_03344.npy,TRAIN,TRAIN,no,2,v40c_03153,orig_singleton_nframe_03344
nframe_03345,data/images/nframe_03345.npy,TRAIN,TRAIN,no,2,v40c_03154,orig_singleton_nframe_03345
nframe_03346,data/images/nframe_03346.npy,TRAIN,TRAIN,no,2,v40c_03130,orig_rule_03218
nframe_03347,data/images/nframe_03347.npy,TRAIN,TRAIN,no,2,v40c_03130,orig_rule_03218
nframe_03348,data/images/nframe_03348.npy,TRAIN,TRAIN,no,2,v40c_03130,orig_rule_03218
nframe_03349,data/images/nframe_03349.npy,TRAIN,TRAIN,no,2,v40c_03130,orig_rule_03218
nframe_03350,data/images/nframe_03350.npy,TRAIN,TRAIN,no,2,v40c_03130,orig_rule_03218
nframe_03351,data/images/nframe_03351.npy,TRAIN,TRAIN,no,2,v40c_03130,orig_rule_03218
nframe_03352,data/images/nframe_03352.npy,TRAIN,TRAIN,no,2,v40c_03130,orig_rule_03218
nframe_03353,data/images/nframe_03353.npy,TRAIN,TRAIN,no,2,v40c_03130,orig_rule_03218
nframe_03354,data/images/nframe_03354.npy,TRAIN,TRAIN,no,2,v40c_03130,orig_rule_03218
nframe_03355,data/images/nframe_03355.npy,TRAIN,TRAIN,no,2,v40c_03130,orig_rule_03218
nframe_03356,data/images/nframe_03356.npy,TRAIN,TRAIN,no,2,v40c_03130,orig_rule_03218
nframe_03357,data/images/nframe_03357.npy,TRAIN,TRAIN,no,2,v40c_03130,orig_rule_03218
nframe_03358,data/images/nframe_03358.npy,TRAIN,TRAIN,no,2,v40c_03130,orig_rule_03218
nframe_03359,data/images/nframe_03359.npy,TRAIN,TRAIN,no,2,v40c_03130,orig_rule_03218
nframe_03360,data/images/nframe_03360.npy,TRAIN,TRAIN,no,2,v40c_03130,orig_rule_03218
nframe_03361,data/images/nframe_03361.npy,TRAIN,TRAIN,no,2,v40c_03130,orig_rule_03218
nframe_03362,data/images/nframe_03362.npy,TRAIN,TRAIN,no,2,v40c_03130,orig_rule_03218
nframe_03363,data/images/nframe_03363.npy,TRAIN,TRAIN,no,2,v40c_03130,orig_rule_03218
nframe_03364,data/images/nframe_03364.npy,TRAIN,TRAIN,no,2,v40c_03130,orig_rule_03218
nframe_03365,data/images/nframe_03365.npy,TRAIN,TRAIN,no,2,v40c_03130,orig_rule_03218
nframe_03366,data/images/nframe_03366.npy,TRAIN,TRAIN,no,2,v40c_03130,orig_rule_03218
nframe_03367,data/images/nframe_03367.npy,TRAIN,TRAIN,no,2,v40c_03130,orig_rule_03218
nframe_03368,data/images/nframe_03368.npy,TRAIN,TRAIN,no,2,v40c_03155,orig_singleton_nframe_03368
nframe_03369,data/images/nframe_03369.npy,TRAIN,TRAIN,no,2,v40c_03130,orig_rule_03218
nframe_03370,data/images/nframe_03370.npy,TRAIN,TRAIN,no,2,v40c_03130,orig_rule_03218
nframe_03371,data/images/nframe_03371.npy,TRAIN,TRAIN,no,2,v40c_03130,orig_rule_03218
nframe_03372,data/images/nframe_03372.npy,TRAIN,TRAIN,no,2,v40c_03130,orig_rule_03218
nframe_03373,data/images/nframe_03373.npy,TRAIN,TRAIN,no,2,v40c_03130,orig_rule_03218
nframe_03374,data/images/nframe_03374.npy,TRAIN,TRAIN,no,2,v40c_03130,orig_rule_03218
nframe_03375,data/images/nframe_03375.npy,TRAIN,TRAIN,no,2,v40c_03130,orig_rule_03218
nframe_03376,data/images/nframe_03376.npy,TRAIN,TRAIN,no,2,v40c_03130,orig_rule_03218
nframe_03377,data/images/nframe_03377.npy,TRAIN,TRAIN,no,2,v40c_03130,orig_rule_03218
nframe_03378,data/images/nframe_03378.npy,TRAIN,TRAIN,no,2,v40c_03130,orig_rule_03218
nframe_03379,data/images/nframe_03379.npy,TRAIN,TRAIN,no,2,v40c_03130,orig_rule_03218
nframe_03380,data/images/nframe_03380.npy,TRAIN,TRAIN,no,2,v40c_03130,orig_rule_03218
nframe_03381,data/images/nframe_03381.npy,TRAIN,TRAIN,no,2,v40c_03130,orig_rule_03218
nframe_03382,data/images/nframe_03382.npy,TRAIN,TRAIN,no,2,v40c_03130,orig_rule_03218
nframe_03383,data/images/nframe_03383.npy,TRAIN,TRAIN,no,2,v40c_03130,orig_rule_03218
nframe_03384,data/images/nframe_03384.npy,TRAIN,TRAIN,no,2,v40c_03130,orig_rule_03218
nframe_03385,data/images/nframe_03385.npy,TRAIN,TRAIN,no,2,v40c_03130,orig_rule_03218
nframe_03386,data/images/nframe_03386.npy,TRAIN,TRAIN,no,2,v40c_03130,orig_rule_03218
nframe_03387,data/images/nframe_03387.npy,TRAIN,TRAIN,no,2,v40c_03130,orig_rule_03218
nframe_03388,data/images/nframe_03388.npy,TRAIN,VALIDATION,yes,2,v40c_03156,orig_rule_03245
nframe_03389,data/images/nframe_03389.npy,TRAIN,VALIDATION,yes,2,v40c_03156,orig_rule_03245
nframe_03390,data/images/nframe_03390.npy,VALIDATION,VALIDATION,no,2,v40c_03156,orig_rule_03246
nframe_03391,data/images/nframe_03391.npy,VALIDATION,VALIDATION,no,2,v40c_03156,orig_rule_03246
nframe_03392,data/images/nframe_03392.npy,VALIDATION,VALIDATION,no,2,v40c_03156,orig_rule_03246
nframe_03393,data/images/nframe_03393.npy,VALIDATION,VALIDATION,no,2,v40c_03156,orig_rule_03246
nframe_03394,data/images/nframe_03394.npy,TRAIN,VALIDATION,yes,2,v40c_03156,orig_rule_03247
nframe_03395,data/images/nframe_03395.npy,TRAIN,VALIDATION,yes,2,v40c_03156,orig_rule_03247
nframe_03396,data/images/nframe_03396.npy,VALIDATION,VALIDATION,no,2,v40c_03156,orig_rule_03246
nframe_03397,data/images/nframe_03397.npy,TRAIN,VALIDATION,yes,3,v40c_03157,orig_singleton_nframe_03397
nframe_03398,data/images/nframe_03398.npy,VALIDATION,VALIDATION,no,3,v40c_03157,orig_singleton_nframe_03398
nframe_03399,data/images/nframe_03399.npy,TRAIN,VALIDATION,yes,3,v40c_03158,orig_singleton_nframe_03399
nframe_03400,data/images/nframe_03400.npy,VALIDATION,VALIDATION,no,2,v40c_03158,orig_rule_03251
nframe_03401,data/images/nframe_03401.npy,VALIDATION,VALIDATION,no,2,v40c_03158,orig_rule_03251
nframe_03402,data/images/nframe_03402.npy,VALIDATION,VALIDATION,no,1,v40c_03158,orig_rule_03251
nframe_03403,data/images/nframe_03403.npy,VALIDATION,VALIDATION,no,1,v40c_03158,orig_rule_03251
nframe_03404,data/images/nframe_03404.npy,VALIDATION,VALIDATION,no,1,v40c_03158,orig_rule_03251
nframe_03405,data/images/nframe_03405.npy,VALIDATION,VALIDATION,no,2,v40c_03158,orig_rule_03251
nframe_03406,data/images/nframe_03406.npy,TRAIN,VALIDATION,yes,3,v40c_03158,orig_singleton_nframe_03406
nframe_03407,data/images/nframe_03407.npy,TRAIN,TRAIN,no,3,v40c_03159,orig_singleton_nframe_03407
nframe_03408,data/images/nframe_03408.npy,TRAIN,VALIDATION,yes,3,v40c_03160,orig_rule_03254
nframe_03409,data/images/nframe_03409.npy,TRAIN,VALIDATION,yes,3,v40c_03160,orig_rule_03254
nframe_03410,data/images/nframe_03410.npy,VALIDATION,VALIDATION,no,3,v40c_03160,orig_rule_03255
nframe_03411,data/images/nframe_03411.npy,VALIDATION,VALIDATION,no,3,v40c_03160,orig_rule_03255
nframe_03412,data/images/nframe_03412.npy,VALIDATION,VALIDATION,no,4,v40c_03160,orig_rule_03255
nframe_03413,data/images/nframe_03413.npy,TRAIN,VALIDATION,yes,4,v40c_03160,orig_singleton_nframe_03413
nframe_03414,data/images/nframe_03414.npy,TRAIN,TRAIN,no,4,v40c_03161,orig_rule_03257
nframe_03415,data/images/nframe_03415.npy,TRAIN,TRAIN,no,4,v40c_03161,orig_rule_03257
nframe_03416,data/images/nframe_03416.npy,TRAIN,TRAIN,no,4,v40c_03162,orig_singleton_nframe_03416
nframe_03417,data/images/nframe_03417.npy,TRAIN,TRAIN,no,4,v40c_03163,orig_singleton_nframe_03417
nframe_03418,data/images/nframe_03418.npy,TRAIN,TRAIN,no,4,v40c_03164,orig_singleton_nframe_03418
nframe_03419,data/images/nframe_03419.npy,TRAIN,TRAIN,no,3,v40c_03165,orig_singleton_nframe_03419
nframe_03420,data/images/nframe_03420.npy,TRAIN,VALIDATION,yes,3,v40c_03158,orig_singleton_nframe_03420
nframe_03421,data/images/nframe_03421.npy,VALIDATION,VALIDATION,no,3,v40c_03158,orig_rule_03263
nframe_03422,data/images/nframe_03422.npy,VALIDATION,VALIDATION,no,3,v40c_03158,orig_rule_03263
nframe_03423,data/images/nframe_03423.npy,VALIDATION,VALIDATION,no,3,v40c_03158,orig_rule_03263
nframe_03424,data/images/nframe_03424.npy,VALIDATION,VALIDATION,no,3,v40c_03158,orig_rule_03263
nframe_03425,data/images/nframe_03425.npy,VALIDATION,VALIDATION,no,3,v40c_03158,orig_rule_03251
nframe_03426,data/images/nframe_03426.npy,VALIDATION,VALIDATION,no,3,v40c_03158,orig_rule_03251
nframe_03427,data/images/nframe_03427.npy,VALIDATION,VALIDATION,no,1,v40c_03158,orig_rule_03251
nframe_03428,data/images/nframe_03428.npy,VALIDATION,VALIDATION,no,2,v40c_03158,orig_rule_03251
nframe_03429,data/images/nframe_03429.npy,VALIDATION,VALIDATION,no,2,v40c_03158,orig_rule_03251
nframe_03430,data/images/nframe_03430.npy,VALIDATION,VALIDATION,no,2,v40c_03158,orig_rule_03251
nframe_03431,data/images/nframe_03431.npy,VALIDATION,VALIDATION,no,3,v40c_03158,orig_rule_03251
nframe_03432,data/images/nframe_03432.npy,VALIDATION,VALIDATION,no,2,v40c_03158,orig_rule_03251
nframe_03433,data/images/nframe_03433.npy,VALIDATION,VALIDATION,no,3,v40c_03158,orig_rule_03251
nframe_03434,data/images/nframe_03434.npy,VALIDATION,VALIDATION,no,1,v40c_03158,orig_rule_03251
nframe_03435,data/images/nframe_03435.npy,VALIDATION,VALIDATION,no,2,v40c_03158,orig_rule_03264
nframe_03436,data/images/nframe_03436.npy,VALIDATION,VALIDATION,no,2,v40c_03158,orig_rule_03264
nframe_03437,data/images/nframe_03437.npy,VALIDATION,VALIDATION,no,2,v40c_03158,orig_rule_03264
nframe_03438,data/images/nframe_03438.npy,VALIDATION,VALIDATION,no,2,v40c_03158,orig_rule_03264
nframe_03439,data/images/nframe_03439.npy,VALIDATION,VALIDATION,no,2,v40c_03158,orig_rule_03264
nframe_03456,data/images/nframe_03456.npy,VALIDATION,VALIDATION,no,2,v40c_03166,orig_rule_03265
nframe_03457,data/images/nframe_03457.npy,VALIDATION,VALIDATION,no,2,v40c_03167,orig_singleton_nframe_03457
nframe_03458,data/images/nframe_03458.npy,VALIDATION,VALIDATION,no,2,v40c_03166,orig_rule_03265
nframe_03459,data/images/nframe_03459.npy,VALIDATION,VALIDATION,no,2,v40c_03158,orig_rule_03267
nframe_03460,data/images/nframe_03460.npy,VALIDATION,VALIDATION,no,2,v40c_03158,orig_rule_03267
nframe_03461,data/images/nframe_03461.npy,VALIDATION,VALIDATION,no,2,v40c_03168,orig_singleton_nframe_03461
nframe_03462,data/images/nframe_03462.npy,VALIDATION,VALIDATION,no,2,v40c_03169,orig_singleton_nframe_03462
nframe_03463,data/images/nframe_03463.npy,VALIDATION,VALIDATION,no,1,v40c_03170,orig_rule_03270
nframe_03464,data/images/nframe_03464.npy,VALIDATION,VALIDATION,no,1,v40c_03170,orig_rule_03270
nframe_03465,data/images/nframe_03465.npy,VALIDATION,VALIDATION,no,1,v40c_03158,orig_rule_03271
nframe_03466,data/images/nframe_03466.npy,VALIDATION,VALIDATION,no,1,v40c_03171,orig_rule_03272
nframe_03467,data/images/nframe_03467.npy,VALIDATION,VALIDATION,no,1,v40c_03171,orig_rule_03272
nframe_03468,data/images/nframe_03468.npy,VALIDATION,VALIDATION,no,1,v40c_03172,orig_singleton_nframe_03468
nframe_03469,data/images/nframe_03469.npy,VALIDATION,VALIDATION,no,1,v40c_03158,orig_rule_03274
nframe_03470,data/images/nframe_03470.npy,VALIDATION,VALIDATION,no,1,v40c_03158,orig_rule_03274
nframe_03471,data/images/nframe_03471.npy,VALIDATION,VALIDATION,no,1,v40c_03158,orig_rule_03274
nframe_03472,data/images/nframe_03472.npy,VALIDATION,VALIDATION,no,1,v40c_03158,orig_singleton_nframe_03472
nframe_03473,data/images/nframe_03473.npy,VALIDATION,VALIDATION,no,1,v40c_03158,orig_rule_03271
nframe_03474,data/images/nframe_03474.npy,VALIDATION,VALIDATION,no,1,v40c_03158,orig_rule_03274
nframe_03475,data/images/nframe_03475.npy,VALIDATION,VALIDATION,no,1,v40c_03158,orig_singleton_nframe_03475
nframe_03476,data/images/nframe_03476.npy,VALIDATION,VALIDATION,no,1,v40c_03158,orig_rule_03277
nframe_03477,data/images/nframe_03477.npy,VALIDATION,VALIDATION,no,1,v40c_03158,orig_rule_03277
nframe_03478,data/images/nframe_03478.npy,VALIDATION,VALIDATION,no,1,v40c_03158,orig_rule_03278
nframe_03479,data/images/nframe_03479.npy,VALIDATION,VALIDATION,no,1,v40c_03158,orig_rule_03278
nframe_03480,data/images/nframe_03480.npy,VALIDATION,VALIDATION,no,1,v40c_03158,orig_singleton_nframe_03480
nframe_03481,data/images/nframe_03481.npy,VALIDATION,VALIDATION,no,1,v40c_03158,orig_rule_03263
nframe_03482,data/images/nframe_03482.npy,VALIDATION,VALIDATION,no,1,v40c_03158,orig_rule_03267
nframe_03483,data/images/nframe_03483.npy,VALIDATION,VALIDATION,no,1,v40c_03158,orig_rule_03274
nframe_03484,data/images/nframe_03484.npy,VALIDATION,VALIDATION,no,1,v40c_03158,orig_rule_03274
nframe_03485,data/images/nframe_03485.npy,VALIDATION,VALIDATION,no,1,v40c_03158,orig_rule_03274
nframe_03486,data/images/nframe_03486.npy,VALIDATION,VALIDATION,no,1,v40c_03158,orig_rule_03274
nframe_03487,data/images/nframe_03487.npy,TRAIN,VALIDATION,yes,1,v40c_03158,orig_rule_03280
nframe_03488,data/images/nframe_03488.npy,TRAIN,VALIDATION,yes,1,v40c_03158,orig_rule_03280
nframe_03489,data/images/nframe_03489.npy,TRAIN,VALIDATION,yes,1,v40c_03158,orig_rule_03280
nframe_03490,data/images/nframe_03490.npy,VALIDATION,VALIDATION,no,1,v40c_03158,orig_rule_03281
nframe_03491,data/images/nframe_03491.npy,VALIDATION,VALIDATION,no,1,v40c_03158,orig_rule_03281
nframe_03492,data/images/nframe_03492.npy,VALIDATION,VALIDATION,no,1,v40c_03158,orig_rule_03263
nframe_03493,data/images/nframe_03493.npy,VALIDATION,VALIDATION,no,1,v40c_03158,orig_rule_03263
nframe_03494,data/images/nframe_03494.npy,VALIDATION,VALIDATION,no,1,v40c_03158,orig_rule_03263
nframe_03495,data/images/nframe_03495.npy,VALIDATION,VALIDATION,no,1,v40c_03158,orig_rule_03263
nframe_03496,data/images/nframe_03496.npy,VALIDATION,VALIDATION,no,1,v40c_03158,orig_rule_03263
nframe_03497,data/images/nframe_03497.npy,VALIDATION,VALIDATION,no,1,v40c_03158,orig_rule_03263
nframe_03498,data/images/nframe_03498.npy,VALIDATION,VALIDATION,no,1,v40c_03158,orig_rule_03263
nframe_03499,data/images/nframe_03499.npy,VALIDATION,VALIDATION,no,1,v40c_03158,orig_rule_03263
nframe_03500,data/images/nframe_03500.npy,VALIDATION,VALIDATION,no,1,v40c_03158,orig_rule_03263
nframe_03501,data/images/nframe_03501.npy,VALIDATION,VALIDATION,no,1,v40c_03158,orig_rule_03282
nframe_03502,data/images/nframe_03502.npy,VALIDATION,VALIDATION,no,1,v40c_03158,orig_rule_03283
nframe_03503,data/images/nframe_03503.npy,VALIDATION,VALIDATION,no,1,v40c_03158,orig_rule_03283
nframe_03504,data/images/nframe_03504.npy,VALIDATION,VALIDATION,no,1,v40c_03158,orig_rule_03283
nframe_03505,data/images/nframe_03505.npy,VALIDATION,VALIDATION,no,1,v40c_03158,orig_rule_03283
nframe_03506,data/images/nframe_03506.npy,VALIDATION,VALIDATION,no,1,v40c_03158,orig_rule_03283
nframe_03507,data/images/nframe_03507.npy,VALIDATION,VALIDATION,no,1,v40c_03158,orig_rule_03282
nframe_03508,data/images/nframe_03508.npy,VALIDATION,VALIDATION,no,1,v40c_03173,orig_singleton_nframe_03508
nframe_03509,data/images/nframe_03509.npy,VALIDATION,VALIDATION,no,1,v40c_03174,orig_rule_03285
nframe_03510,data/images/nframe_03510.npy,VALIDATION,VALIDATION,no,1,v40c_03174,orig_rule_03285
nframe_03511,data/images/nframe_03511.npy,VALIDATION,VALIDATION,no,1,v40c_03158,orig_rule_03283
nframe_03512,data/images/nframe_03512.npy,VALIDATION,VALIDATION,no,1,v40c_03158,orig_rule_03283
nframe_03513,data/images/nframe_03513.npy,VALIDATION,VALIDATION,no,1,v40c_03158,orig_rule_03283
nframe_03514,data/images/nframe_03514.npy,VALIDATION,VALIDATION,no,1,v40c_03158,orig_rule_03283
nframe_03515,data/images/nframe_03515.npy,VALIDATION,VALIDATION,no,1,v40c_03158,orig_rule_03283
nframe_03516,data/images/nframe_03516.npy,VALIDATION,VALIDATION,no,1,v40c_03158,orig_rule_03283
nframe_03517,data/images/nframe_03517.npy,VALIDATION,VALIDATION,no,1,v40c_03158,orig_rule_03283
nframe_03518,data/images/nframe_03518.npy,VALIDATION,VALIDATION,no,1,v40c_03158,orig_rule_03283
nframe_03519,data/images/nframe_03519.npy,VALIDATION,VALIDATION,no,1,v40c_03158,orig_rule_03283
nframe_03520,data/images/nframe_03520.npy,VALIDATION,VALIDATION,no,1,v40c_03158,orig_rule_03283
nframe_03521,data/images/nframe_03521.npy,VALIDATION,VALIDATION,no,1,v40c_03158,orig_rule_03283
nframe_03522,data/images/nframe_03522.npy,VALIDATION,VALIDATION,no,1,v40c_03158,orig_rule_03283
nframe_03523,data/images/nframe_03523.npy,VALIDATION,VALIDATION,no,1,v40c_03175,orig_singleton_nframe_03523
nframe_03524,data/images/nframe_03524.npy,VALIDATION,VALIDATION,no,1,v40c_03158,orig_rule_03283
nframe_03525,data/images/nframe_03525.npy,VALIDATION,VALIDATION,no,1,v40c_03158,orig_rule_03283
nframe_03526,data/images/nframe_03526.npy,VALIDATION,VALIDATION,no,1,v40c_03176,orig_rule_03287
nframe_03527,data/images/nframe_03527.npy,VALIDATION,VALIDATION,no,1,v40c_03176,orig_rule_03287
nframe_03528,data/images/nframe_03528.npy,VALIDATION,VALIDATION,no,1,v40c_03177,orig_rule_03288
nframe_03529,data/images/nframe_03529.npy,VALIDATION,VALIDATION,no,1,v40c_03177,orig_rule_03288
nframe_03530,data/images/nframe_03530.npy,VALIDATION,VALIDATION,no,1,v40c_03178,orig_singleton_nframe_03530
nframe_03531,data/images/nframe_03531.npy,VALIDATION,VALIDATION,no,1,v40c_03179,orig_rule_03290
nframe_03532,data/images/nframe_03532.npy,VALIDATION,VALIDATION,no,1,v40c_03179,orig_rule_03290
nframe_03533,data/images/nframe_03533.npy,VALIDATION,VALIDATION,no,1,v40c_03179,orig_rule_03290
nframe_03534,data/images/nframe_03534.npy,VALIDATION,VALIDATION,no,1,v40c_03180,orig_singleton_nframe_03534
nframe_03535,data/images/nframe_03535.npy,VALIDATION,VALIDATION,no,1,v40c_03181,orig_singleton_nframe_03535
nframe_03536,data/images/nframe_03536.npy,VALIDATION,VALIDATION,no,1,v40c_03182,orig_singleton_nframe_03536
nframe_03537,data/images/nframe_03537.npy,VALIDATION,VALIDATION,no,1,v40c_03183,orig_singleton_nframe_03537
nframe_03538,data/images/nframe_03538.npy,VALIDATION,VALIDATION,no,1,v40c_03184,orig_rule_03295
nframe_03539,data/images/nframe_03539.npy,VALIDATION,VALIDATION,no,1,v40c_03184,orig_rule_03295
nframe_03540,data/images/nframe_03540.npy,VALIDATION,VALIDATION,no,1,v40c_03185,orig_singleton_nframe_03540
nframe_03541,data/images/nframe_03541.npy,VALIDATION,VALIDATION,no,1,v40c_03186,orig_singleton_nframe_03541
nframe_03628,data/images/nframe_03628.npy,VALIDATION,VALIDATION,no,2,v40c_03187,orig_singleton_nframe_03628
nframe_03629,data/images/nframe_03629.npy,VALIDATION,VALIDATION,no,2,v40c_03188,orig_singleton_nframe_03629
nframe_03630,data/images/nframe_03630.npy,VALIDATION,VALIDATION,no,1,v40c_03189,orig_singleton_nframe_03630
nframe_03631,data/images/nframe_03631.npy,VALIDATION,VALIDATION,no,1,v40c_03190,orig_singleton_nframe_03631
nframe_03632,data/images/nframe_03632.npy,VALIDATION,VALIDATION,no,1,v40c_03191,orig_singleton_nframe_03632
nframe_03633,data/images/nframe_03633.npy,VALIDATION,VALIDATION,no,1,v40c_03192,orig_singleton_nframe_03633
nframe_03634,data/images/nframe_03634.npy,VALIDATION,VALIDATION,no,1,v40c_03193,orig_singleton_nframe_03634
nframe_03635,data/images/nframe_03635.npy,VALIDATION,VALIDATION,no,1,v40c_03194,orig_singleton_nframe_03635
nframe_03636,data/images/nframe_03636.npy,VALIDATION,VALIDATION,no,1,v40c_03195,orig_singleton_nframe_03636
nframe_03637,data/images/nframe_03637.npy,VALIDATION,VALIDATION,no,1,v40c_03196,orig_singleton_nframe_03637
nframe_03638,data/images/nframe_03638.npy,VALIDATION,VALIDATION,no,1,v40c_03197,orig_singleton_nframe_03638
nframe_03639,data/images/nframe_03639.npy,VALIDATION,VALIDATION,no,1,v40c_03198,orig_singleton_nframe_03639
nframe_03640,data/images/nframe_03640.npy,VALIDATION,VALIDATION,no,1,v40c_03199,orig_rule_03310
nframe_03641,data/images/nframe_03641.npy,VALIDATION,VALIDATION,no,1,v40c_03199,orig_rule_03310
nframe_03642,data/images/nframe_03642.npy,VALIDATION,VALIDATION,no,1,v40c_03199,orig_rule_03310
nframe_03643,data/images/nframe_03643.npy,VALIDATION,VALIDATION,no,1,v40c_03200,orig_rule_03311
nframe_03644,data/images/nframe_03644.npy,VALIDATION,VALIDATION,no,1,v40c_03200,orig_rule_03311
nframe_03645,data/images/nframe_03645.npy,VALIDATION,VALIDATION,no,1,v40c_03201,orig_singleton_nframe_03645
nframe_03646,data/images/nframe_03646.npy,VALIDATION,VALIDATION,no,1,v40c_03202,orig_rule_03313
nframe_03647,data/images/nframe_03647.npy,VALIDATION,VALIDATION,no,1,v40c_03202,orig_rule_03313
nframe_03665,data/images/nframe_03665.npy,TRAIN,TRAIN,no,1,v40c_03203,orig_singleton_nframe_03665
nframe_03666,data/images/nframe_03666.npy,TRAIN,TRAIN,no,1,v40c_03204,orig_singleton_nframe_03666
nframe_03667,data/images/nframe_03667.npy,TRAIN,TRAIN,no,1,v40c_03205,orig_singleton_nframe_03667
nframe_03668,data/images/nframe_03668.npy,TRAIN,TRAIN,no,1,v40c_03206,orig_singleton_nframe_03668
nframe_03669,data/images/nframe_03669.npy,TRAIN,TRAIN,no,1,v40c_03207,orig_rule_03318
nframe_03670,data/images/nframe_03670.npy,TRAIN,TRAIN,no,1,v40c_03207,orig_rule_03318
nframe_03671,data/images/nframe_03671.npy,TRAIN,TRAIN,no,1,v40c_03208,orig_singleton_nframe_03671
nframe_03672,data/images/nframe_03672.npy,TRAIN,TRAIN,no,1,v40c_03209,orig_singleton_nframe_03672
nframe_03673,data/images/nframe_03673.npy,TRAIN,TRAIN,no,1,v40c_03210,orig_rule_03321
nframe_03674,data/images/nframe_03674.npy,TRAIN,TRAIN,no,1,v40c_03210,orig_rule_03321
nframe_03675,data/images/nframe_03675.npy,TRAIN,TRAIN,no,1,v40c_03211,orig_singleton_nframe_03675
nframe_03676,data/images/nframe_03676.npy,TRAIN,TRAIN,no,2,v40c_03212,orig_singleton_nframe_03676
nframe_03677,data/images/nframe_03677.npy,TRAIN,TRAIN,no,1,v40c_03213,orig_singleton_nframe_03677
nframe_03678,data/images/nframe_03678.npy,TRAIN,TRAIN,no,1,v40c_03214,orig_rule_03325
nframe_03679,data/images/nframe_03679.npy,TRAIN,TRAIN,no,1,v40c_03214,orig_rule_03325
nframe_03680,data/images/nframe_03680.npy,TRAIN,TRAIN,no,1,v40c_03215,orig_singleton_nframe_03680
nframe_03681,data/images/nframe_03681.npy,TRAIN,TRAIN,no,1,v40c_03216,orig_rule_03327
nframe_03682,data/images/nframe_03682.npy,TRAIN,TRAIN,no,1,v40c_03216,orig_rule_03327
nframe_03683,data/images/nframe_03683.npy,TRAIN,TRAIN,no,1,v40c_03217,orig_singleton_nframe_03683
nframe_03684,data/images/nframe_03684.npy,TRAIN,TRAIN,no,1,v40c_03218,orig_singleton_nframe_03684
nframe_03685,data/images/nframe_03685.npy,TRAIN,TRAIN,no,1,v40c_03219,orig_singleton_nframe_03685
nframe_03686,data/images/nframe_03686.npy,TRAIN,TRAIN,no,1,v40c_03220,orig_singleton_nframe_03686
nframe_03687,data/images/nframe_03687.npy,TRAIN,TRAIN,no,1,v40c_03221,orig_singleton_nframe_03687
nframe_03688,data/images/nframe_03688.npy,TRAIN,TRAIN,no,1,v40c_03222,orig_singleton_nframe_03688
nframe_03689,data/images/nframe_03689.npy,TRAIN,TRAIN,no,1,v40c_03223,orig_rule_03334
nframe_03690,data/images/nframe_03690.npy,TRAIN,TRAIN,no,1,v40c_03223,orig_rule_03334
nframe_03691,data/images/nframe_03691.npy,TRAIN,TRAIN,no,1,v40c_03224,orig_singleton_nframe_03691
nframe_03692,data/images/nframe_03692.npy,TRAIN,TRAIN,no,1,v40c_03225,orig_rule_03336
nframe_03693,data/images/nframe_03693.npy,TRAIN,TRAIN,no,1,v40c_03225,orig_rule_03336
nframe_03694,data/images/nframe_03694.npy,TRAIN,TRAIN,no,1,v40c_03226,orig_singleton_nframe_03694
nframe_03695,data/images/nframe_03695.npy,TRAIN,TRAIN,no,1,v40c_03227,orig_singleton_nframe_03695
nframe_03696,data/images/nframe_03696.npy,TRAIN,TRAIN,no,1,v40c_03225,orig_rule_03336
nframe_03697,data/images/nframe_03697.npy,TRAIN,TRAIN,no,1,v40c_03225,orig_rule_03336
nframe_03698,data/images/nframe_03698.npy,TRAIN,TRAIN,no,1,v40c_03225,orig_rule_03336
nframe_03699,data/images/nframe_03699.npy,TRAIN,TRAIN,no,1,v40c_03228,orig_singleton_nframe_03699
nframe_03700,data/images/nframe_03700.npy,TRAIN,TRAIN,no,1,v40c_03229,orig_rule_03340
nframe_03701,data/images/nframe_03701.npy,TRAIN,TRAIN,no,1,v40c_03229,orig_rule_03340
nframe_03723,data/images/nframe_03723.npy,TRAIN,TRAIN,no,1,v40c_03230,orig_singleton_nframe_03723
nframe_03740,data/images/nframe_03740.npy,TRAIN,TRAIN,no,1,v40c_03231,orig_singleton_nframe_03740
nframe_03743,data/images/nframe_03743.npy,TRAIN,TRAIN,no,1,v40c_03232,orig_singleton_nframe_03743
nframe_03752,data/images/nframe_03752.npy,TRAIN,TRAIN,no,1,v40c_03233,orig_singleton_nframe_03752
nframe_03793,data/images/nframe_03793.npy,VALIDATION,VALIDATION,no,1,v40c_03234,orig_rule_03345
nframe_03794,data/images/nframe_03794.npy,VALIDATION,VALIDATION,no,1,v40c_03234,orig_rule_03345
nframe_03795,data/images/nframe_03795.npy,VALIDATION,VALIDATION,no,1,v40c_03234,orig_rule_03345
nframe_03796,data/images/nframe_03796.npy,VALIDATION,VALIDATION,no,1,v40c_03234,orig_rule_03345
nframe_03797,data/images/nframe_03797.npy,VALIDATION,VALIDATION,no,1,v40c_03234,orig_rule_03345
nframe_03798,data/images/nframe_03798.npy,VALIDATION,VALIDATION,no,1,v40c_03234,orig_rule_03345
nframe_03799,data/images/nframe_03799.npy,VALIDATION,VALIDATION,no,1,v40c_03234,orig_rule_03345
nframe_03800,data/images/nframe_03800.npy,VALIDATION,VALIDATION,no,1,v40c_03234,orig_rule_03345
nframe_03801,data/images/nframe_03801.npy,VALIDATION,VALIDATION,no,1,v40c_03235,orig_singleton_nframe_03801
nframe_03802,data/images/nframe_03802.npy,VALIDATION,VALIDATION,no,1,v40c_03236,orig_rule_03347
nframe_03803,data/images/nframe_03803.npy,VALIDATION,VALIDATION,no,1,v40c_03236,orig_rule_03347
nframe_03804,data/images/nframe_03804.npy,VALIDATION,VALIDATION,no,1,v40c_03237,orig_rule_03348
nframe_03805,data/images/nframe_03805.npy,VALIDATION,VALIDATION,no,1,v40c_03237,orig_rule_03348
nframe_03806,data/images/nframe_03806.npy,VALIDATION,VALIDATION,no,1,v40c_03238,orig_rule_03349
nframe_03807,data/images/nframe_03807.npy,VALIDATION,VALIDATION,no,1,v40c_03238,orig_rule_03349
nframe_03808,data/images/nframe_03808.npy,VALIDATION,VALIDATION,no,1,v40c_03239,orig_rule_03350
nframe_03809,data/images/nframe_03809.npy,VALIDATION,VALIDATION,no,1,v40c_03239,orig_rule_03350
nframe_03810,data/images/nframe_03810.npy,VALIDATION,VALIDATION,no,1,v40c_03239,orig_rule_03350
nframe_03811,data/images/nframe_03811.npy,VALIDATION,VALIDATION,no,1,v40c_03240,orig_rule_03351
nframe_03812,data/images/nframe_03812.npy,VALIDATION,VALIDATION,no,1,v40c_03240,orig_rule_03351
nframe_03813,data/images/nframe_03813.npy,VALIDATION,VALIDATION,no,1,v40c_03240,orig_rule_03351
nframe_03814,data/images/nframe_03814.npy,VALIDATION,VALIDATION,no,1,v40c_03241,orig_singleton_nframe_03814
nframe_03815,data/images/nframe_03815.npy,VALIDATION,VALIDATION,no,1,v40c_03242,orig_singleton_nframe_03815
nframe_03816,data/images/nframe_03816.npy,VALIDATION,VALIDATION,no,1,v40c_03243,orig_singleton_nframe_03816
nframe_03819,data/images/nframe_03819.npy,VALIDATION,VALIDATION,no,1,v40c_03244,orig_singleton_nframe_03819
nframe_03836,data/images/nframe_03836.npy,VALIDATION,VALIDATION,no,1,v40c_03245,orig_singleton_nframe_03836
nframe_03837,data/images/nframe_03837.npy,VALIDATION,VALIDATION,no,1,v40c_03246,orig_rule_03357
nframe_03838,data/images/nframe_03838.npy,VALIDATION,VALIDATION,no,1,v40c_03246,orig_rule_03357
nframe_03839,data/images/nframe_03839.npy,VALIDATION,VALIDATION,no,1,v40c_03247,orig_singleton_nframe_03839
nframe_03856,data/images/nframe_03856.npy,TRAIN,TRAIN,no,1,v40c_03248,orig_rule_03359
nframe_03857,data/images/nframe_03857.npy,TRAIN,TRAIN,no,2,v40c_03248,orig_rule_03359
nframe_03858,data/images/nframe_03858.npy,TRAIN,TRAIN,no,2,v40c_03248,orig_rule_03359
nframe_03859,data/images/nframe_03859.npy,TRAIN,TRAIN,no,2,v40c_03249,orig_rule_03360
nframe_03860,data/images/nframe_03860.npy,TRAIN,TRAIN,no,3,v40c_03249,orig_rule_03360
nframe_03861,data/images/nframe_03861.npy,TRAIN,TRAIN,no,3,v40c_03250,orig_rule_03361
nframe_03862,data/images/nframe_03862.npy,TRAIN,TRAIN,no,3,v40c_03250,orig_rule_03361
nframe_03863,data/images/nframe_03863.npy,TRAIN,TRAIN,no,3,v40c_03251,orig_singleton_nframe_03863
nframe_03864,data/images/nframe_03864.npy,TRAIN,TRAIN,no,3,v40c_03252,orig_singleton_nframe_03864
nframe_03865,data/images/nframe_03865.npy,TRAIN,TRAIN,no,3,v40c_03253,orig_singleton_nframe_03865
nframe_03866,data/images/nframe_03866.npy,TRAIN,TRAIN,no,3,v40c_03254,orig_rule_03365
nframe_03867,data/images/nframe_03867.npy,TRAIN,TRAIN,no,3,v40c_03254,orig_rule_03365
nframe_03868,data/images/nframe_03868.npy,TRAIN,TRAIN,no,3,v40c_03255,orig_singleton_nframe_03868
nframe_03869,data/images/nframe_03869.npy,TRAIN,TRAIN,no,3,v40c_03256,orig_singleton_nframe_03869
nframe_03870,data/images/nframe_03870.npy,TRAIN,TRAIN,no,3,v40c_03257,orig_rule_03368
nframe_03871,data/images/nframe_03871.npy,TRAIN,TRAIN,no,3,v40c_03257,orig_rule_03368
nframe_03872,data/images/nframe_03872.npy,TRAIN,TRAIN,no,3,v40c_03258,orig_rule_03369
nframe_03873,data/images/nframe_03873.npy,TRAIN,TRAIN,no,3,v40c_03258,orig_rule_03369
nframe_03874,data/images/nframe_03874.npy,TRAIN,TRAIN,no,3,v40c_03258,orig_rule_03369
nframe_03875,data/images/nframe_03875.npy,TRAIN,TRAIN,no,3,v40c_03259,orig_singleton_nframe_03875
nframe_03876,data/images/nframe_03876.npy,TRAIN,TRAIN,no,3,v40c_03260,orig_rule_03371
nframe_03877,data/images/nframe_03877.npy,TRAIN,TRAIN,no,3,v40c_03260,orig_rule_03371
nframe_03878,data/images/nframe_03878.npy,TRAIN,TRAIN,no,3,v40c_03261,orig_rule_03372
nframe_03879,data/images/nframe_03879.npy,TRAIN,TRAIN,no,3,v40c_03261,orig_rule_03372
nframe_03880,data/images/nframe_03880.npy,TRAIN,TRAIN,no,3,v40c_03261,orig_rule_03372
nframe_03881,data/images/nframe_03881.npy,TRAIN,TRAIN,no,3,v40c_03261,orig_rule_03372
nframe_03882,data/images/nframe_03882.npy,TRAIN,TRAIN,no,3,v40c_03261,orig_rule_03372
nframe_03883,data/images/nframe_03883.npy,TRAIN,TRAIN,no,3,v40c_03261,orig_rule_03372
nframe_03884,data/images/nframe_03884.npy,TRAIN,TRAIN,no,4,v40c_03261,orig_rule_03372
nframe_03885,data/images/nframe_03885.npy,TRAIN,TRAIN,no,3,v40c_03261,orig_rule_03372
nframe_03886,data/images/nframe_03886.npy,TRAIN,TRAIN,no,3,v40c_03261,orig_rule_03372
nframe_03887,data/images/nframe_03887.npy,TRAIN,TRAIN,no,3,v40c_03261,orig_rule_03372
nframe_03904,data/images/nframe_03904.npy,VALIDATION,VALIDATION,no,5,v40c_03262,orig_singleton_nframe_03904
nframe_03905,data/images/nframe_03905.npy,VALIDATION,VALIDATION,no,5,v40c_03263,orig_singleton_nframe_03905
nframe_03906,data/images/nframe_03906.npy,VALIDATION,VALIDATION,no,5,v40c_03264,orig_singleton_nframe_03906
nframe_03907,data/images/nframe_03907.npy,VALIDATION,VALIDATION,no,5,v40c_03265,orig_rule_03376
nframe_03908,data/images/nframe_03908.npy,VALIDATION,VALIDATION,no,5,v40c_03265,orig_rule_03376
nframe_03909,data/images/nframe_03909.npy,VALIDATION,VALIDATION,no,5,v40c_03266,orig_singleton_nframe_03909
nframe_03910,data/images/nframe_03910.npy,VALIDATION,VALIDATION,no,5,v40c_03267,orig_rule_03378
nframe_03911,data/images/nframe_03911.npy,VALIDATION,VALIDATION,no,5,v40c_03267,orig_rule_03378
nframe_03912,data/images/nframe_03912.npy,VALIDATION,VALIDATION,no,5,v40c_03267,orig_rule_03378
nframe_03913,data/images/nframe_03913.npy,VALIDATION,VALIDATION,no,5,v40c_03267,orig_rule_03378
nframe_03914,data/images/nframe_03914.npy,VALIDATION,VALIDATION,no,5,v40c_03268,orig_rule_03379
nframe_03915,data/images/nframe_03915.npy,VALIDATION,VALIDATION,no,5,v40c_03268,orig_rule_03379
nframe_03916,data/images/nframe_03916.npy,VALIDATION,VALIDATION,no,5,v40c_03269,orig_rule_03380
nframe_03917,data/images/nframe_03917.npy,VALIDATION,VALIDATION,no,5,v40c_03269,orig_rule_03380
nframe_03918,data/images/nframe_03918.npy,VALIDATION,VALIDATION,no,5,v40c_03269,orig_rule_03380
nframe_03919,data/images/nframe_03919.npy,VALIDATION,VALIDATION,no,5,v40c_03270,orig_singleton_nframe_03919
nframe_03920,data/images/nframe_03920.npy,VALIDATION,VALIDATION,no,5,v40c_03271,orig_rule_03382
nframe_03921,data/images/nframe_03921.npy,VALIDATION,VALIDATION,no,5,v40c_03271,orig_rule_03382
nframe_03922,data/images/nframe_03922.npy,VALIDATION,VALIDATION,no,5,v40c_03272,orig_singleton_nframe_03922
nframe_03923,data/images/nframe_03923.npy,VALIDATION,VALIDATION,no,5,v40c_03273,orig_rule_03384
nframe_03924,data/images/nframe_03924.npy,VALIDATION,VALIDATION,no,5,v40c_03273,orig_rule_03384
nframe_03925,data/images/nframe_03925.npy,VALIDATION,VALIDATION,no,5,v40c_03274,orig_rule_03385
nframe_03926,data/images/nframe_03926.npy,VALIDATION,VALIDATION,no,5,v40c_03274,orig_rule_03385
nframe_03927,data/images/nframe_03927.npy,VALIDATION,VALIDATION,no,5,v40c_03275,orig_singleton_nframe_03927
nframe_03928,data/images/nframe_03928.npy,VALIDATION,VALIDATION,no,5,v40c_03276,orig_singleton_nframe_03928
nframe_03929,data/images/nframe_03929.npy,VALIDATION,VALIDATION,no,5,v40c_03277,orig_singleton_nframe_03929
nframe_03930,data/images/nframe_03930.npy,VALIDATION,VALIDATION,no,5,v40c_03278,orig_singleton_nframe_03930
nframe_03931,data/images/nframe_03931.npy,VALIDATION,VALIDATION,no,5,v40c_03279,orig_singleton_nframe_03931
nframe_03932,data/images/nframe_03932.npy,VALIDATION,VALIDATION,no,5,v40c_03280,orig_singleton_nframe_03932
nframe_03933,data/images/nframe_03933.npy,VALIDATION,VALIDATION,no,5,v40c_03281,orig_singleton_nframe_03933
nframe_03934,data/images/nframe_03934.npy,VALIDATION,VALIDATION,no,5,v40c_03282,orig_singleton_nframe_03934
nframe_03935,data/images/nframe_03935.npy,VALIDATION,VALIDATION,no,6,v40c_03283,orig_singleton_nframe_03935
nframe_03936,data/images/nframe_03936.npy,VALIDATION,VALIDATION,no,4,v40c_03284,orig_rule_03395
nframe_03937,data/images/nframe_03937.npy,VALIDATION,VALIDATION,no,4,v40c_03284,orig_rule_03395
nframe_03938,data/images/nframe_03938.npy,VALIDATION,VALIDATION,no,5,v40c_03284,orig_rule_03395
nframe_03939,data/images/nframe_03939.npy,VALIDATION,VALIDATION,no,4,v40c_03285,orig_singleton_nframe_03939
nframe_03940,data/images/nframe_03940.npy,VALIDATION,VALIDATION,no,4,v40c_03286,orig_singleton_nframe_03940
nframe_03941,data/images/nframe_03941.npy,VALIDATION,VALIDATION,no,4,v40c_03287,orig_singleton_nframe_03941
nframe_03942,data/images/nframe_03942.npy,VALIDATION,VALIDATION,no,3,v40c_03288,orig_singleton_nframe_03942
nframe_03943,data/images/nframe_03943.npy,VALIDATION,VALIDATION,no,4,v40c_03289,orig_singleton_nframe_03943
nframe_03944,data/images/nframe_03944.npy,VALIDATION,VALIDATION,no,4,v40c_03290,orig_singleton_nframe_03944
nframe_03945,data/images/nframe_03945.npy,VALIDATION,VALIDATION,no,4,v40c_03291,orig_singleton_nframe_03945
nframe_03946,data/images/nframe_03946.npy,VALIDATION,VALIDATION,no,4,v40c_03292,orig_singleton_nframe_03946
nframe_03947,data/images/nframe_03947.npy,VALIDATION,VALIDATION,no,4,v40c_03293,orig_singleton_nframe_03947
nframe_03948,data/images/nframe_03948.npy,VALIDATION,VALIDATION,no,4,v40c_03294,orig_singleton_nframe_03948
nframe_03949,data/images/nframe_03949.npy,VALIDATION,VALIDATION,no,4,v40c_03295,orig_singleton_nframe_03949
nframe_03950,data/images/nframe_03950.npy,VALIDATION,VALIDATION,no,4,v40c_03296,orig_singleton_nframe_03950
nframe_03951,data/images/nframe_03951.npy,VALIDATION,VALIDATION,no,3,v40c_03297,orig_singleton_nframe_03951
nframe_03952,data/images/nframe_03952.npy,VALIDATION,VALIDATION,no,2,v40c_03298,orig_singleton_nframe_03952
nframe_03953,data/images/nframe_03953.npy,VALIDATION,VALIDATION,no,2,v40c_03299,orig_singleton_nframe_03953
nframe_03954,data/images/nframe_03954.npy,VALIDATION,VALIDATION,no,4,v40c_03300,orig_singleton_nframe_03954
nframe_03955,data/images/nframe_03955.npy,VALIDATION,VALIDATION,no,4,v40c_03301,orig_singleton_nframe_03955
nframe_03956,data/images/nframe_03956.npy,VALIDATION,VALIDATION,no,4,v40c_03302,orig_rule_03413
nframe_03957,data/images/nframe_03957.npy,VALIDATION,VALIDATION,no,4,v40c_03302,orig_rule_03413
nframe_03958,data/images/nframe_03958.npy,VALIDATION,VALIDATION,no,4,v40c_03302,orig_rule_03413
nframe_03959,data/images/nframe_03959.npy,VALIDATION,VALIDATION,no,4,v40c_03302,orig_rule_03413
nframe_03960,data/images/nframe_03960.npy,VALIDATION,VALIDATION,no,4,v40c_03302,orig_rule_03413
nframe_03961,data/images/nframe_03961.npy,VALIDATION,VALIDATION,no,4,v40c_03303,orig_singleton_nframe_03961
nframe_03962,data/images/nframe_03962.npy,VALIDATION,VALIDATION,no,4,v40c_03304,orig_rule_03415
nframe_03963,data/images/nframe_03963.npy,VALIDATION,VALIDATION,no,4,v40c_03304,orig_rule_03415
nframe_03964,data/images/nframe_03964.npy,VALIDATION,VALIDATION,no,4,v40c_03304,orig_rule_03415
nframe_03965,data/images/nframe_03965.npy,VALIDATION,VALIDATION,no,4,v40c_03304,orig_rule_03415
nframe_03966,data/images/nframe_03966.npy,VALIDATION,VALIDATION,no,3,v40c_03304,orig_rule_03415
nframe_03967,data/images/nframe_03967.npy,VALIDATION,VALIDATION,no,3,v40c_03305,orig_singleton_nframe_03967
nframe_03984,data/images/nframe_03984.npy,TRAIN,TRAIN,no,3,v40c_03306,orig_singleton_nframe_03984
nframe_03985,data/images/nframe_03985.npy,TRAIN,TRAIN,no,2,v40c_03307,orig_rule_03418
nframe_03986,data/images/nframe_03986.npy,TRAIN,TRAIN,no,2,v40c_03307,orig_rule_03418
nframe_03987,data/images/nframe_03987.npy,TRAIN,TRAIN,no,2,v40c_03307,orig_rule_03418
nframe_03988,data/images/nframe_03988.npy,TRAIN,TRAIN,no,2,v40c_03307,orig_rule_03418
nframe_03989,data/images/nframe_03989.npy,TRAIN,TRAIN,no,2,v40c_03308,orig_rule_03419
nframe_03990,data/images/nframe_03990.npy,TRAIN,TRAIN,no,3,v40c_03308,orig_rule_03419
nframe_03991,data/images/nframe_03991.npy,TRAIN,TRAIN,no,2,v40c_03308,orig_rule_03419
nframe_03992,data/images/nframe_03992.npy,TRAIN,TRAIN,no,2,v40c_03309,orig_rule_03420
nframe_03993,data/images/nframe_03993.npy,TRAIN,TRAIN,no,1,v40c_03309,orig_rule_03420
nframe_03994,data/images/nframe_03994.npy,TRAIN,TRAIN,no,1,v40c_03310,orig_singleton_nframe_03994
nframe_03995,data/images/nframe_03995.npy,TRAIN,TRAIN,no,1,v40c_03311,orig_singleton_nframe_03995
nframe_03996,data/images/nframe_03996.npy,TRAIN,TRAIN,no,1,v40c_03312,orig_singleton_nframe_03996
nframe_03997,data/images/nframe_03997.npy,TRAIN,TRAIN,no,1,v40c_03313,orig_singleton_nframe_03997
nframe_03998,data/images/nframe_03998.npy,TRAIN,TRAIN,no,1,v40c_03314,orig_singleton_nframe_03998
nframe_03999,data/images/nframe_03999.npy,TRAIN,TRAIN,no,1,v40c_03315,orig_singleton_nframe_03999
nframe_04000,data/images/nframe_04000.npy,TRAIN,TRAIN,no,1,v40c_03316,orig_singleton_nframe_04000
nframe_04001,data/images/nframe_04001.npy,TRAIN,TRAIN,no,1,v40c_03317,orig_rule_03428
nframe_04002,data/images/nframe_04002.npy,TRAIN,TRAIN,no,1,v40c_03317,orig_rule_03428
nframe_04003,data/images/nframe_04003.npy,TRAIN,TRAIN,no,1,v40c_03318,orig_rule_03429
nframe_04004,data/images/nframe_04004.npy,TRAIN,TRAIN,no,1,v40c_03318,orig_rule_03429
nframe_04005,data/images/nframe_04005.npy,TRAIN,TRAIN,no,1,v40c_03318,orig_rule_03429
nframe_04006,data/images/nframe_04006.npy,TRAIN,TRAIN,no,1,v40c_03319,orig_rule_03430
nframe_04007,data/images/nframe_04007.npy,TRAIN,TRAIN,no,2,v40c_03319,orig_rule_03430
nframe_04008,data/images/nframe_04008.npy,TRAIN,TRAIN,no,1,v40c_03320,orig_singleton_nframe_04008
nframe_04009,data/images/nframe_04009.npy,TRAIN,TRAIN,no,1,v40c_03321,orig_rule_03432
nframe_04010,data/images/nframe_04010.npy,TRAIN,TRAIN,no,1,v40c_03322,orig_singleton_nframe_04010
nframe_04011,data/images/nframe_04011.npy,TRAIN,TRAIN,no,1,v40c_03321,orig_rule_03432
nframe_04012,data/images/nframe_04012.npy,TRAIN,TRAIN,no,1,v40c_03323,orig_singleton_nframe_04012
nframe_04013,data/images/nframe_04013.npy,TRAIN,TRAIN,no,1,v40c_03324,orig_singleton_nframe_04013
nframe_04014,data/images/nframe_04014.npy,TRAIN,TRAIN,no,1,v40c_03325,orig_singleton_nframe_04014
nframe_04015,data/images/nframe_04015.npy,TRAIN,TRAIN,no,1,v40c_03326,orig_rule_03437
nframe_04016,data/images/nframe_04016.npy,TRAIN,TRAIN,no,1,v40c_03326,orig_rule_03437
nframe_04017,data/images/nframe_04017.npy,TRAIN,TRAIN,no,1,v40c_03326,orig_rule_03437
nframe_04018,data/images/nframe_04018.npy,TRAIN,TRAIN,no,1,v40c_03327,orig_singleton_nframe_04018
nframe_04019,data/images/nframe_04019.npy,TRAIN,TRAIN,no,1,v40c_03328,orig_singleton_nframe_04019
nframe_04020,data/images/nframe_04020.npy,TRAIN,TRAIN,no,1,v40c_03326,orig_rule_03437
nframe_04021,data/images/nframe_04021.npy,TRAIN,TRAIN,no,1,v40c_03329,orig_rule_03440
nframe_04022,data/images/nframe_04022.npy,TRAIN,TRAIN,no,1,v40c_03330,orig_rule_03441
nframe_04023,data/images/nframe_04023.npy,TRAIN,TRAIN,no,1,v40c_03330,orig_rule_03441
nframe_04024,data/images/nframe_04024.npy,TRAIN,TRAIN,no,1,v40c_03329,orig_rule_03440
nframe_04025,data/images/nframe_04025.npy,TRAIN,TRAIN,no,1,v40c_03329,orig_rule_03440
nframe_04026,data/images/nframe_04026.npy,TRAIN,TRAIN,no,1,v40c_03331,orig_singleton_nframe_04026
nframe_04027,data/images/nframe_04027.npy,TRAIN,TRAIN,no,1,v40c_03332,orig_singleton_nframe_04027
nframe_04028,data/images/nframe_04028.npy,TRAIN,TRAIN,no,1,v40c_03333,orig_singleton_nframe_04028
nframe_04029,data/images/nframe_04029.npy,TRAIN,TRAIN,no,1,v40c_03334,orig_singleton_nframe_04029
nframe_04030,data/images/nframe_04030.npy,TRAIN,TRAIN,no,1,v40c_03335,orig_singleton_nframe_04030
nframe_04031,data/images/nframe_04031.npy,TRAIN,TRAIN,no,1,v40c_03336,orig_singleton_nframe_04031
nframe_04040,data/images/nframe_04040.npy,TRAIN,TRAIN,no,1,v40c_03337,orig_singleton_nframe_04040
nframe_04042,data/images/nframe_04042.npy,TRAIN,TRAIN,no,1,v40c_03338,orig_singleton_nframe_04042
nframe_04097,data/images/nframe_04097.npy,VALIDATION,VALIDATION,no,1,v40c_03339,orig_rule_03450
nframe_04098,data/images/nframe_04098.npy,VALIDATION,VALIDATION,no,1,v40c_03339,orig_rule_03450
nframe_04099,data/images/nframe_04099.npy,VALIDATION,VALIDATION,no,1,v40c_03340,orig_singleton_nframe_04099
nframe_04100,data/images/nframe_04100.npy,VALIDATION,VALIDATION,no,1,v40c_03341,orig_rule_03452
nframe_04101,data/images/nframe_04101.npy,VALIDATION,VALIDATION,no,1,v40c_03341,orig_rule_03452
nframe_04102,data/images/nframe_04102.npy,VALIDATION,VALIDATION,no,1,v40c_03342,orig_rule_03453
nframe_04103,data/images/nframe_04103.npy,VALIDATION,VALIDATION,no,2,v40c_03342,orig_rule_03453
nframe_04104,data/images/nframe_04104.npy,VALIDATION,VALIDATION,no,2,v40c_03343,orig_singleton_nframe_04104
nframe_04105,data/images/nframe_04105.npy,VALIDATION,VALIDATION,no,2,v40c_03344,orig_rule_03455
nframe_04106,data/images/nframe_04106.npy,VALIDATION,VALIDATION,no,2,v40c_03344,orig_rule_03455
nframe_04107,data/images/nframe_04107.npy,VALIDATION,VALIDATION,no,1,v40c_03345,orig_singleton_nframe_04107
nframe_04108,data/images/nframe_04108.npy,VALIDATION,VALIDATION,no,1,v40c_03346,orig_rule_03457
nframe_04109,data/images/nframe_04109.npy,VALIDATION,VALIDATION,no,1,v40c_03346,orig_rule_03457
nframe_04111,data/images/nframe_04111.npy,VALIDATION,VALIDATION,no,2,v40c_03346,orig_rule_03457
nframe_04112,data/images/nframe_04112.npy,VALIDATION,VALIDATION,no,1,v40c_03347,orig_rule_03458
nframe_04113,data/images/nframe_04113.npy,VALIDATION,VALIDATION,no,1,v40c_03347,orig_rule_03458
nframe_04114,data/images/nframe_04114.npy,VALIDATION,VALIDATION,no,1,v40c_03347,orig_rule_03458
nframe_04115,data/images/nframe_04115.npy,VALIDATION,VALIDATION,no,1,v40c_03347,orig_rule_03458
nframe_04116,data/images/nframe_04116.npy,VALIDATION,VALIDATION,no,1,v40c_03348,orig_singleton_nframe_04116
nframe_04117,data/images/nframe_04117.npy,VALIDATION,VALIDATION,no,1,v40c_03349,orig_rule_03460
nframe_04118,data/images/nframe_04118.npy,VALIDATION,VALIDATION,no,1,v40c_03349,orig_rule_03460
nframe_04123,data/images/nframe_04123.npy,VALIDATION,VALIDATION,no,1,v40c_03350,orig_singleton_nframe_04123
nframe_04132,data/images/nframe_04132.npy,VALIDATION,VALIDATION,no,1,v40c_03351,orig_singleton_nframe_04132
nframe_04200,data/images/nframe_04200.npy,TRAIN,TRAIN,no,1,v40c_03352,orig_singleton_nframe_04200
nframe_04242,data/images/nframe_04242.npy,VALIDATION,VALIDATION,no,1,v40c_03353,orig_rule_03464
nframe_04243,data/images/nframe_04243.npy,VALIDATION,VALIDATION,no,1,v40c_03353,orig_rule_03464
nframe_04245,data/images/nframe_04245.npy,VALIDATION,VALIDATION,no,1,v40c_03353,orig_rule_03464
nframe_04246,data/images/nframe_04246.npy,VALIDATION,VALIDATION,no,1,v40c_03354,orig_singleton_nframe_04246
nframe_04247,data/images/nframe_04247.npy,VALIDATION,VALIDATION,no,2,v40c_03355,orig_singleton_nframe_04247
nframe_04248,data/images/nframe_04248.npy,VALIDATION,VALIDATION,no,2,v40c_03356,orig_rule_03467
nframe_04249,data/images/nframe_04249.npy,VALIDATION,VALIDATION,no,2,v40c_03356,orig_rule_03467
nframe_04250,data/images/nframe_04250.npy,VALIDATION,VALIDATION,no,2,v40c_03357,orig_rule_03468
nframe_04251,data/images/nframe_04251.npy,VALIDATION,VALIDATION,no,2,v40c_03357,orig_rule_03468
nframe_04252,data/images/nframe_04252.npy,VALIDATION,VALIDATION,no,2,v40c_03357,orig_rule_03468
nframe_04253,data/images/nframe_04253.npy,VALIDATION,VALIDATION,no,2,v40c_03358,orig_singleton_nframe_04253
nframe_04254,data/images/nframe_04254.npy,VALIDATION,VALIDATION,no,2,v40c_03359,orig_rule_03470
nframe_04255,data/images/nframe_04255.npy,VALIDATION,VALIDATION,no,2,v40c_03360,orig_singleton_nframe_04255
nframe_04256,data/images/nframe_04256.npy,VALIDATION,VALIDATION,no,2,v40c_03359,orig_rule_03470
nframe_04257,data/images/nframe_04257.npy,VALIDATION,VALIDATION,no,2,v40c_03361,orig_rule_03472
nframe_04258,data/images/nframe_04258.npy,VALIDATION,VALIDATION,no,2,v40c_03361,orig_rule_03472
nframe_04259,data/images/nframe_04259.npy,VALIDATION,VALIDATION,no,2,v40c_03362,orig_singleton_nframe_04259
nframe_04260,data/images/nframe_04260.npy,VALIDATION,VALIDATION,no,2,v40c_03363,orig_singleton_nframe_04260
nframe_04261,data/images/nframe_04261.npy,VALIDATION,VALIDATION,no,1,v40c_03364,orig_rule_03475
nframe_04262,data/images/nframe_04262.npy,VALIDATION,VALIDATION,no,1,v40c_03364,orig_rule_03475
nframe_04263,data/images/nframe_04263.npy,VALIDATION,VALIDATION,no,1,v40c_03365,orig_rule_03476
nframe_04264,data/images/nframe_04264.npy,VALIDATION,VALIDATION,no,1,v40c_03365,orig_rule_03476
nframe_04265,data/images/nframe_04265.npy,VALIDATION,VALIDATION,no,1,v40c_03365,orig_rule_03476
nframe_04266,data/images/nframe_04266.npy,VALIDATION,VALIDATION,no,1,v40c_03364,orig_rule_03475
nframe_04267,data/images/nframe_04267.npy,VALIDATION,VALIDATION,no,1,v40c_03366,orig_singleton_nframe_04267
nframe_04268,data/images/nframe_04268.npy,VALIDATION,VALIDATION,no,1,v40c_03367,orig_singleton_nframe_04268
nframe_04269,data/images/nframe_04269.npy,VALIDATION,VALIDATION,no,1,v40c_03368,orig_singleton_nframe_04269
nframe_04270,data/images/nframe_04270.npy,VALIDATION,VALIDATION,no,1,v40c_03369,orig_rule_03480
nframe_04271,data/images/nframe_04271.npy,VALIDATION,VALIDATION,no,1,v40c_03369,orig_rule_03480
nframe_04272,data/images/nframe_04272.npy,VALIDATION,VALIDATION,no,1,v40c_03369,orig_rule_03480
nframe_04273,data/images/nframe_04273.npy,VALIDATION,VALIDATION,no,1,v40c_03370,orig_singleton_nframe_04273
nframe_04282,data/images/nframe_04282.npy,VALIDATION,VALIDATION,no,2,v40c_03371,orig_singleton_nframe_04282
nframe_04299,data/images/nframe_04299.npy,TRAIN,TRAIN,no,1,v40c_03372,orig_rule_03483
nframe_04300,data/images/nframe_04300.npy,TRAIN,TRAIN,no,1,v40c_03372,orig_rule_03483
nframe_04301,data/images/nframe_04301.npy,TRAIN,TRAIN,no,1,v40c_03373,orig_rule_03484
nframe_04302,data/images/nframe_04302.npy,TRAIN,TRAIN,no,2,v40c_03373,orig_rule_03484
nframe_04303,data/images/nframe_04303.npy,TRAIN,TRAIN,no,2,v40c_03374,orig_rule_03485
nframe_04304,data/images/nframe_04304.npy,TRAIN,TRAIN,no,2,v40c_03374,orig_rule_03485
nframe_04305,data/images/nframe_04305.npy,TRAIN,TRAIN,no,2,v40c_03375,orig_singleton_nframe_04305
nframe_04306,data/images/nframe_04306.npy,TRAIN,TRAIN,no,2,v40c_03376,orig_singleton_nframe_04306
nframe_04307,data/images/nframe_04307.npy,TRAIN,TRAIN,no,2,v40c_03377,orig_singleton_nframe_04307
nframe_04308,data/images/nframe_04308.npy,TRAIN,TRAIN,no,1,v40c_03378,orig_singleton_nframe_04308
nframe_04309,data/images/nframe_04309.npy,TRAIN,TRAIN,no,2,v40c_03379,orig_rule_03490
nframe_04310,data/images/nframe_04310.npy,TRAIN,TRAIN,no,1,v40c_03379,orig_rule_03490
nframe_04311,data/images/nframe_04311.npy,TRAIN,TRAIN,no,1,v40c_03380,orig_singleton_nframe_04311
nframe_04312,data/images/nframe_04312.npy,TRAIN,TRAIN,no,1,v40c_03379,orig_rule_03490
nframe_04313,data/images/nframe_04313.npy,TRAIN,TRAIN,no,1,v40c_03381,orig_rule_03492
nframe_04314,data/images/nframe_04314.npy,TRAIN,TRAIN,no,1,v40c_03381,orig_rule_03492
nframe_04315,data/images/nframe_04315.npy,TRAIN,TRAIN,no,2,v40c_03381,orig_rule_03492
nframe_04317,data/images/nframe_04317.npy,TRAIN,TRAIN,no,1,v40c_03381,orig_rule_03492
nframe_04318,data/images/nframe_04318.npy,TRAIN,TRAIN,no,2,v40c_03382,orig_singleton_nframe_04318
nframe_04319,data/images/nframe_04319.npy,TRAIN,TRAIN,no,1,v40c_03383,orig_singleton_nframe_04319
nframe_04320,data/images/nframe_04320.npy,TRAIN,TRAIN,no,1,v40c_03384,orig_singleton_nframe_04320
nframe_04321,data/images/nframe_04321.npy,TRAIN,TRAIN,no,1,v40c_03385,orig_singleton_nframe_04321
nframe_04322,data/images/nframe_04322.npy,TRAIN,TRAIN,no,1,v40c_03381,orig_rule_03492
nframe_04323,data/images/nframe_04323.npy,TRAIN,TRAIN,no,1,v40c_03386,orig_rule_03497
nframe_04324,data/images/nframe_04324.npy,TRAIN,TRAIN,no,1,v40c_03386,orig_rule_03497
nframe_04325,data/images/nframe_04325.npy,TRAIN,TRAIN,no,1,v40c_03387,orig_rule_03498
nframe_04326,data/images/nframe_04326.npy,TRAIN,TRAIN,no,1,v40c_03387,orig_rule_03498
nframe_04327,data/images/nframe_04327.npy,TRAIN,TRAIN,no,1,v40c_03388,orig_rule_03499
nframe_04328,data/images/nframe_04328.npy,TRAIN,TRAIN,no,1,v40c_03381,orig_rule_03492
nframe_04329,data/images/nframe_04329.npy,TRAIN,TRAIN,no,1,v40c_03389,orig_singleton_nframe_04329
nframe_04330,data/images/nframe_04330.npy,TRAIN,TRAIN,no,1,v40c_03388,orig_rule_03499
nframe_04331,data/images/nframe_04331.npy,TRAIN,TRAIN,no,1,v40c_03390,orig_rule_03501
nframe_04332,data/images/nframe_04332.npy,TRAIN,TRAIN,no,1,v40c_03390,orig_rule_03501
nframe_04333,data/images/nframe_04333.npy,TRAIN,TRAIN,no,1,v40c_03391,orig_rule_03502
nframe_04334,data/images/nframe_04334.npy,TRAIN,TRAIN,no,1,v40c_03391,orig_rule_03502
nframe_04335,data/images/nframe_04335.npy,TRAIN,TRAIN,no,1,v40c_03392,orig_rule_03503
nframe_04336,data/images/nframe_04336.npy,TRAIN,TRAIN,no,1,v40c_03392,orig_rule_03503
nframe_04337,data/images/nframe_04337.npy,TRAIN,TRAIN,no,1,v40c_03393,orig_rule_03504
nframe_04338,data/images/nframe_04338.npy,TRAIN,TRAIN,no,1,v40c_03393,orig_rule_03504
nframe_04339,data/images/nframe_04339.npy,TRAIN,TRAIN,no,1,v40c_03393,orig_rule_03504
nframe_04340,data/images/nframe_04340.npy,TRAIN,TRAIN,no,1,v40c_03393,orig_rule_03504
nframe_04341,data/images/nframe_04341.npy,TRAIN,TRAIN,no,1,v40c_03393,orig_rule_03504
nframe_04342,data/images/nframe_04342.npy,TRAIN,TRAIN,no,1,v40c_03393,orig_rule_03504
nframe_04343,data/images/nframe_04343.npy,TRAIN,TRAIN,no,1,v40c_03393,orig_rule_03504
nframe_04344,data/images/nframe_04344.npy,TRAIN,TRAIN,no,1,v40c_03393,orig_rule_03504
nframe_04345,data/images/nframe_04345.npy,TRAIN,TRAIN,no,1,v40c_03393,orig_rule_03504
nframe_04346,data/images/nframe_04346.npy,TRAIN,TRAIN,no,1,v40c_03393,orig_rule_03504
nframe_04347,data/images/nframe_04347.npy,TRAIN,TRAIN,no,1,v40c_03393,orig_rule_03504
nframe_04348,data/images/nframe_04348.npy,TRAIN,TRAIN,no,1,v40c_03393,orig_rule_03504
nframe_04349,data/images/nframe_04349.npy,TRAIN,TRAIN,no,1,v40c_03393,orig_rule_03504
nframe_04350,data/images/nframe_04350.npy,TRAIN,TRAIN,no,1,v40c_03393,orig_rule_03504
nframe_04351,data/images/nframe_04351.npy,TRAIN,TRAIN,no,1,v40c_03394,orig_singleton_nframe_04351
nframe_04352,data/images/nframe_04352.npy,TRAIN,TRAIN,no,1,v40c_03395,orig_singleton_nframe_04352
nframe_04353,data/images/nframe_04353.npy,TRAIN,TRAIN,no,1,v40c_03396,orig_singleton_nframe_04353
nframe_04354,data/images/nframe_04354.npy,TRAIN,TRAIN,no,1,v40c_03397,orig_singleton_nframe_04354
nframe_04355,data/images/nframe_04355.npy,TRAIN,TRAIN,no,1,v40c_03398,orig_rule_03509
nframe_04356,data/images/nframe_04356.npy,TRAIN,TRAIN,no,1,v40c_03398,orig_rule_03509
nframe_04357,data/images/nframe_04357.npy,TRAIN,TRAIN,no,1,v40c_03398,orig_rule_03509
nframe_04358,data/images/nframe_04358.npy,TRAIN,TRAIN,no,1,v40c_03398,orig_rule_03509
nframe_04359,data/images/nframe_04359.npy,TRAIN,TRAIN,no,1,v40c_03398,orig_rule_03509
nframe_04360,data/images/nframe_04360.npy,TRAIN,TRAIN,no,1,v40c_03399,orig_rule_03510
nframe_04361,data/images/nframe_04361.npy,TRAIN,TRAIN,no,2,v40c_03399,orig_rule_03510
nframe_04362,data/images/nframe_04362.npy,TRAIN,TRAIN,no,1,v40c_03400,orig_rule_03511
nframe_04363,data/images/nframe_04363.npy,TRAIN,TRAIN,no,1,v40c_03400,orig_rule_03511
nframe_04364,data/images/nframe_04364.npy,TRAIN,TRAIN,no,1,v40c_03401,orig_rule_03512
nframe_04365,data/images/nframe_04365.npy,TRAIN,TRAIN,no,1,v40c_03401,orig_rule_03512
nframe_04366,data/images/nframe_04366.npy,TRAIN,TRAIN,no,1,v40c_03401,orig_rule_03512
nframe_04367,data/images/nframe_04367.npy,TRAIN,TRAIN,no,1,v40c_03402,orig_rule_03513
nframe_04368,data/images/nframe_04368.npy,TRAIN,TRAIN,no,1,v40c_03402,orig_rule_03513
nframe_04369,data/images/nframe_04369.npy,TRAIN,TRAIN,no,1,v40c_03403,orig_singleton_nframe_04369
nframe_04370,data/images/nframe_04370.npy,TRAIN,TRAIN,no,1,v40c_03404,orig_singleton_nframe_04370
nframe_04371,data/images/nframe_04371.npy,TRAIN,TRAIN,no,1,v40c_03405,orig_rule_03516
nframe_04372,data/images/nframe_04372.npy,TRAIN,TRAIN,no,1,v40c_03405,orig_rule_03516
nframe_04373,data/images/nframe_04373.npy,TRAIN,TRAIN,no,2,v40c_03406,orig_singleton_nframe_04373
nframe_04374,data/images/nframe_04374.npy,TRAIN,TRAIN,no,1,v40c_03407,orig_singleton_nframe_04374
nframe_04375,data/images/nframe_04375.npy,TRAIN,TRAIN,no,2,v40c_03408,orig_singleton_nframe_04375
nframe_04376,data/images/nframe_04376.npy,TRAIN,TRAIN,no,2,v40c_03409,orig_singleton_nframe_04376
nframe_04377,data/images/nframe_04377.npy,TRAIN,TRAIN,no,1,v40c_03410,orig_singleton_nframe_04377
nframe_04378,data/images/nframe_04378.npy,TRAIN,TRAIN,no,1,v40c_03411,orig_rule_03522
nframe_04379,data/images/nframe_04379.npy,TRAIN,TRAIN,no,2,v40c_03412,orig_singleton_nframe_04379
nframe_04380,data/images/nframe_04380.npy,TRAIN,TRAIN,no,2,v40c_03411,orig_rule_03522
nframe_04381,data/images/nframe_04381.npy,TRAIN,TRAIN,no,2,v40c_03411,orig_rule_03522
nframe_04382,data/images/nframe_04382.npy,TRAIN,TRAIN,no,2,v40c_03413,orig_rule_03524
nframe_04383,data/images/nframe_04383.npy,TRAIN,TRAIN,no,2,v40c_03413,orig_rule_03524
nframe_04384,data/images/nframe_04384.npy,TRAIN,TRAIN,no,2,v40c_03411,orig_rule_03522
nframe_04385,data/images/nframe_04385.npy,TRAIN,TRAIN,no,2,v40c_03414,orig_singleton_nframe_04385
nframe_04386,data/images/nframe_04386.npy,TRAIN,TRAIN,no,2,v40c_03415,orig_singleton_nframe_04386
nframe_04387,data/images/nframe_04387.npy,TRAIN,TRAIN,no,2,v40c_03416,orig_singleton_nframe_04387
nframe_04388,data/images/nframe_04388.npy,TRAIN,TRAIN,no,3,v40c_03417,orig_singleton_nframe_04388
nframe_04389,data/images/nframe_04389.npy,TRAIN,TRAIN,no,3,v40c_03418,orig_rule_03529
nframe_04390,data/images/nframe_04390.npy,TRAIN,TRAIN,no,2,v40c_03418,orig_rule_03529
nframe_04391,data/images/nframe_04391.npy,TRAIN,TRAIN,no,3,v40c_03418,orig_rule_03529
nframe_04392,data/images/nframe_04392.npy,TRAIN,TRAIN,no,3,v40c_03419,orig_singleton_nframe_04392
nframe_04393,data/images/nframe_04393.npy,TRAIN,TRAIN,no,2,v40c_03420,orig_singleton_nframe_04393
nframe_04394,data/images/nframe_04394.npy,TRAIN,TRAIN,no,2,v40c_03421,orig_singleton_nframe_04394
nframe_04395,data/images/nframe_04395.npy,TRAIN,TRAIN,no,3,v40c_03422,orig_singleton_nframe_04395
nframe_04396,data/images/nframe_04396.npy,TRAIN,TRAIN,no,3,v40c_03423,orig_singleton_nframe_04396
nframe_04397,data/images/nframe_04397.npy,TRAIN,TRAIN,no,3,v40c_03424,orig_singleton_nframe_04397
nframe_04398,data/images/nframe_04398.npy,TRAIN,TRAIN,no,3,v40c_03425,orig_singleton_nframe_04398
nframe_04399,data/images/nframe_04399.npy,TRAIN,TRAIN,no,4,v40c_03426,orig_singleton_nframe_04399
nframe_04400,data/images/nframe_04400.npy,TRAIN,TRAIN,no,3,v40c_03427,orig_singleton_nframe_04400
nframe_04401,data/images/nframe_04401.npy,TRAIN,TRAIN,no,3,v40c_03428,orig_rule_03539
nframe_04402,data/images/nframe_04402.npy,TRAIN,TRAIN,no,3,v40c_03428,orig_rule_03539
nframe_04403,data/images/nframe_04403.npy,TRAIN,TRAIN,no,3,v40c_03429,orig_rule_03540
nframe_04404,data/images/nframe_04404.npy,TRAIN,TRAIN,no,3,v40c_03429,orig_rule_03540
nframe_04405,data/images/nframe_04405.npy,TRAIN,TRAIN,no,3,v40c_03430,orig_rule_03541
nframe_04406,data/images/nframe_04406.npy,TRAIN,TRAIN,no,3,v40c_03430,orig_rule_03541
nframe_04407,data/images/nframe_04407.npy,TRAIN,TRAIN,no,3,v40c_03431,orig_singleton_nframe_04407
nframe_04408,data/images/nframe_04408.npy,TRAIN,TRAIN,no,3,v40c_03432,orig_singleton_nframe_04408
nframe_04409,data/images/nframe_04409.npy,TRAIN,TRAIN,no,3,v40c_03433,orig_singleton_nframe_04409
nframe_04410,data/images/nframe_04410.npy,TRAIN,TRAIN,no,3,v40c_03434,orig_singleton_nframe_04410
nframe_04411,data/images/nframe_04411.npy,TRAIN,TRAIN,no,3,v40c_03435,orig_rule_03546
nframe_04412,data/images/nframe_04412.npy,TRAIN,TRAIN,no,3,v40c_03435,orig_rule_03546
nframe_04413,data/images/nframe_04413.npy,TRAIN,TRAIN,no,3,v40c_03436,orig_singleton_nframe_04413
nframe_04414,data/images/nframe_04414.npy,TRAIN,TRAIN,no,3,v40c_03437,orig_rule_03548
nframe_04415,data/images/nframe_04415.npy,TRAIN,TRAIN,no,3,v40c_03437,orig_rule_03548
nframe_04416,data/images/nframe_04416.npy,TRAIN,TRAIN,no,3,v40c_03437,orig_rule_03548
nframe_04417,data/images/nframe_04417.npy,TRAIN,TRAIN,no,3,v40c_03438,orig_singleton_nframe_04417
nframe_04418,data/images/nframe_04418.npy,TRAIN,TRAIN,no,3,v40c_03439,orig_rule_03550
nframe_04419,data/images/nframe_04419.npy,TRAIN,TRAIN,no,3,v40c_03439,orig_rule_03550
nframe_04420,data/images/nframe_04420.npy,TRAIN,TRAIN,no,4,v40c_03440,orig_singleton_nframe_04420
nframe_04421,data/images/nframe_04421.npy,TRAIN,TRAIN,no,4,v40c_03441,orig_singleton_nframe_04421
nframe_04422,data/images/nframe_04422.npy,TRAIN,TRAIN,no,4,v40c_03442,orig_singleton_nframe_04422
nframe_04423,data/images/nframe_04423.npy,TRAIN,TRAIN,no,4,v40c_03443,orig_rule_03554
nframe_04424,data/images/nframe_04424.npy,TRAIN,TRAIN,no,4,v40c_03443,orig_rule_03554
nframe_04425,data/images/nframe_04425.npy,TRAIN,VALIDATION,yes,4,v40c_03444,orig_singleton_nframe_04425
nframe_04426,data/images/nframe_04426.npy,VALIDATION,VALIDATION,no,4,v40c_03444,orig_singleton_nframe_04426
nframe_04427,data/images/nframe_04427.npy,TRAIN,TRAIN,no,4,v40c_03445,orig_singleton_nframe_04427
nframe_04428,data/images/nframe_04428.npy,TRAIN,TRAIN,no,3,v40c_03446,orig_singleton_nframe_04428
nframe_04429,data/images/nframe_04429.npy,TRAIN,TRAIN,no,3,v40c_03447,orig_singleton_nframe_04429
nframe_04430,data/images/nframe_04430.npy,TRAIN,TRAIN,no,3,v40c_03448,orig_singleton_nframe_04430
nframe_04431,data/images/nframe_04431.npy,TRAIN,TRAIN,no,3,v40c_03449,orig_singleton_nframe_04431
nframe_04432,data/images/nframe_04432.npy,TRAIN,TRAIN,no,3,v40c_03450,orig_singleton_nframe_04432
nframe_04433,data/images/nframe_04433.npy,TRAIN,TRAIN,no,3,v40c_03451,orig_singleton_nframe_04433
nframe_04434,data/images/nframe_04434.npy,TRAIN,TRAIN,no,3,v40c_03452,orig_singleton_nframe_04434
nframe_04435,data/images/nframe_04435.npy,TRAIN,TRAIN,no,3,v40c_03453,orig_singleton_nframe_04435
nframe_04436,data/images/nframe_04436.npy,TRAIN,TRAIN,no,3,v40c_03454,orig_singleton_nframe_04436
nframe_04437,data/images/nframe_04437.npy,TRAIN,TRAIN,no,3,v40c_03455,orig_singleton_nframe_04437
nframe_04438,data/images/nframe_04438.npy,TRAIN,TRAIN,no,3,v40c_03456,orig_singleton_nframe_04438
nframe_04439,data/images/nframe_04439.npy,TRAIN,TRAIN,no,3,v40c_03457,orig_singleton_nframe_04439
nframe_04440,data/images/nframe_04440.npy,TRAIN,TRAIN,no,3,v40c_03458,orig_singleton_nframe_04440
nframe_04441,data/images/nframe_04441.npy,TRAIN,TRAIN,no,3,v40c_03459,orig_singleton_nframe_04441
nframe_04442,data/images/nframe_04442.npy,TRAIN,TRAIN,no,3,v40c_03460,orig_rule_03572
nframe_04443,data/images/nframe_04443.npy,TRAIN,TRAIN,no,3,v40c_03460,orig_rule_03572
nframe_04444,data/images/nframe_04444.npy,TRAIN,TRAIN,no,3,v40c_03460,orig_rule_03572
nframe_04445,data/images/nframe_04445.npy,TRAIN,TRAIN,no,2,v40c_03460,orig_rule_03572
nframe_04446,data/images/nframe_04446.npy,TRAIN,TRAIN,no,2,v40c_03460,orig_rule_03572
nframe_04447,data/images/nframe_04447.npy,TRAIN,TRAIN,no,2,v40c_03461,orig_rule_03573
nframe_04448,data/images/nframe_04448.npy,TRAIN,TRAIN,no,2,v40c_03462,orig_singleton_nframe_04448
nframe_04449,data/images/nframe_04449.npy,TRAIN,TRAIN,no,2,v40c_03461,orig_rule_03573
nframe_04450,data/images/nframe_04450.npy,TRAIN,TRAIN,no,2,v40c_03461,orig_rule_03573
nframe_04451,data/images/nframe_04451.npy,TRAIN,TRAIN,no,2,v40c_03463,orig_singleton_nframe_04451
nframe_04452,data/images/nframe_04452.npy,TRAIN,TRAIN,no,2,v40c_03464,orig_singleton_nframe_04452
nframe_04453,data/images/nframe_04453.npy,TRAIN,TRAIN,no,2,v40c_03465,orig_rule_03577
nframe_04454,data/images/nframe_04454.npy,TRAIN,TRAIN,no,2,v40c_03465,orig_rule_03577
nframe_04455,data/images/nframe_04455.npy,TRAIN,TRAIN,no,2,v40c_03465,orig_rule_03577
nframe_04456,data/images/nframe_04456.npy,TRAIN,TRAIN,no,2,v40c_03465,orig_rule_03577
nframe_04457,data/images/nframe_04457.npy,TRAIN,TRAIN,no,2,v40c_03465,orig_rule_03577
nframe_04458,data/images/nframe_04458.npy,TRAIN,TRAIN,no,2,v40c_03466,orig_singleton_nframe_04458
nframe_04459,data/images/nframe_04459.npy,TRAIN,TRAIN,no,2,v40c_03467,orig_singleton_nframe_04459
nframe_04460,data/images/nframe_04460.npy,TRAIN,TRAIN,no,2,v40c_03468,orig_singleton_nframe_04460
nframe_04461,data/images/nframe_04461.npy,TRAIN,TRAIN,no,1,v40c_03469,orig_rule_03581
nframe_04462,data/images/nframe_04462.npy,TRAIN,TRAIN,no,2,v40c_03469,orig_rule_03581
nframe_04463,data/images/nframe_04463.npy,TRAIN,TRAIN,no,2,v40c_03470,orig_singleton_nframe_04463
nframe_04464,data/images/nframe_04464.npy,TRAIN,TRAIN,no,2,v40c_03469,orig_rule_03581
nframe_04465,data/images/nframe_04465.npy,TRAIN,TRAIN,no,2,v40c_03469,orig_rule_03581
nframe_04466,data/images/nframe_04466.npy,TRAIN,TRAIN,no,1,v40c_03471,orig_singleton_nframe_04466
nframe_04467,data/images/nframe_04467.npy,TRAIN,TRAIN,no,2,v40c_03472,orig_rule_03584
nframe_04468,data/images/nframe_04468.npy,TRAIN,TRAIN,no,3,v40c_03472,orig_rule_03584
nframe_04469,data/images/nframe_04469.npy,TRAIN,TRAIN,no,2,v40c_03473,orig_rule_03585
nframe_04470,data/images/nframe_04470.npy,TRAIN,TRAIN,no,3,v40c_03473,orig_rule_03585
nframe_04471,data/images/nframe_04471.npy,TRAIN,TRAIN,no,3,v40c_03473,orig_rule_03585
nframe_04472,data/images/nframe_04472.npy,TRAIN,TRAIN,no,3,v40c_03474,orig_singleton_nframe_04472
nframe_04473,data/images/nframe_04473.npy,TRAIN,TRAIN,no,3,v40c_03475,orig_singleton_nframe_04473
nframe_04474,data/images/nframe_04474.npy,TRAIN,TRAIN,no,2,v40c_03476,orig_rule_03588
nframe_04475,data/images/nframe_04475.npy,TRAIN,TRAIN,no,3,v40c_03476,orig_rule_03588
nframe_04476,data/images/nframe_04476.npy,TRAIN,TRAIN,no,2,v40c_03476,orig_rule_03588
nframe_04477,data/images/nframe_04477.npy,TRAIN,TRAIN,no,2,v40c_03476,orig_rule_03588
nframe_04478,data/images/nframe_04478.npy,TRAIN,TRAIN,no,2,v40c_03477,orig_rule_03589
nframe_04479,data/images/nframe_04479.npy,TRAIN,TRAIN,no,2,v40c_03477,orig_rule_03589
nframe_04480,data/images/nframe_04480.npy,TRAIN,TRAIN,no,3,v40c_03477,orig_rule_03589
nframe_04481,data/images/nframe_04481.npy,TRAIN,TRAIN,no,3,v40c_03478,orig_rule_03590
nframe_04482,data/images/nframe_04482.npy,TRAIN,TRAIN,no,3,v40c_03478,orig_rule_03590
nframe_04483,data/images/nframe_04483.npy,TRAIN,TRAIN,no,2,v40c_03478,orig_rule_03590
nframe_04484,data/images/nframe_04484.npy,TRAIN,TRAIN,no,2,v40c_03478,orig_rule_03590
nframe_04485,data/images/nframe_04485.npy,TRAIN,TRAIN,no,2,v40c_03478,orig_rule_03590
nframe_04486,data/images/nframe_04486.npy,TRAIN,TRAIN,no,2,v40c_03479,orig_singleton_nframe_04486
nframe_04487,data/images/nframe_04487.npy,TRAIN,TRAIN,no,2,v40c_03480,orig_singleton_nframe_04487
nframe_04488,data/images/nframe_04488.npy,TRAIN,TRAIN,no,2,v40c_03481,orig_singleton_nframe_04488
nframe_04489,data/images/nframe_04489.npy,TRAIN,TRAIN,no,2,v40c_03482,orig_singleton_nframe_04489
nframe_04490,data/images/nframe_04490.npy,TRAIN,TRAIN,no,2,v40c_03483,orig_rule_03595
nframe_04491,data/images/nframe_04491.npy,TRAIN,TRAIN,no,2,v40c_03483,orig_rule_03595
nframe_04492,data/images/nframe_04492.npy,TRAIN,TRAIN,no,2,v40c_03484,orig_rule_03596
nframe_04493,data/images/nframe_04493.npy,TRAIN,TRAIN,no,2,v40c_03483,orig_rule_03595
nframe_04494,data/images/nframe_04494.npy,TRAIN,TRAIN,no,2,v40c_03485,orig_singleton_nframe_04494
nframe_04495,data/images/nframe_04495.npy,TRAIN,TRAIN,no,2,v40c_03486,orig_rule_03598
nframe_04496,data/images/nframe_04496.npy,TRAIN,TRAIN,no,2,v40c_03486,orig_rule_03598
nframe_04497,data/images/nframe_04497.npy,TRAIN,TRAIN,no,2,v40c_03483,orig_rule_03595
nframe_04498,data/images/nframe_04498.npy,TRAIN,TRAIN,no,3,v40c_03483,orig_rule_03595
nframe_04499,data/images/nframe_04499.npy,TRAIN,TRAIN,no,2,v40c_03484,orig_rule_03596
nframe_04500,data/images/nframe_04500.npy,TRAIN,TRAIN,no,2,v40c_03487,orig_singleton_nframe_04500
nframe_04501,data/images/nframe_04501.npy,TRAIN,TRAIN,no,2,v40c_03488,orig_rule_03600
nframe_04502,data/images/nframe_04502.npy,TRAIN,TRAIN,no,2,v40c_03488,orig_rule_03600
nframe_04503,data/images/nframe_04503.npy,TRAIN,TRAIN,no,2,v40c_03489,orig_singleton_nframe_04503
nframe_04504,data/images/nframe_04504.npy,TRAIN,TRAIN,no,2,v40c_03490,orig_singleton_nframe_04504
nframe_04505,data/images/nframe_04505.npy,TRAIN,TRAIN,no,2,v40c_03491,orig_singleton_nframe_04505
nframe_04506,data/images/nframe_04506.npy,TRAIN,TRAIN,no,2,v40c_03492,orig_singleton_nframe_04506
nframe_04507,data/images/nframe_04507.npy,TRAIN,TRAIN,no,2,v40c_03493,orig_singleton_nframe_04507
nframe_04508,data/images/nframe_04508.npy,TRAIN,TRAIN,no,2,v40c_03494,orig_rule_03606
nframe_04509,data/images/nframe_04509.npy,TRAIN,TRAIN,no,2,v40c_03494,orig_rule_03606
nframe_04510,data/images/nframe_04510.npy,TRAIN,TRAIN,no,3,v40c_03495,orig_singleton_nframe_04510
nframe_04511,data/images/nframe_04511.npy,TRAIN,TRAIN,no,3,v40c_03494,orig_rule_03606
nframe_04512,data/images/nframe_04512.npy,TRAIN,TRAIN,no,3,v40c_03494,orig_rule_03606
nframe_04513,data/images/nframe_04513.npy,TRAIN,TRAIN,no,3,v40c_03496,orig_singleton_nframe_04513
nframe_04514,data/images/nframe_04514.npy,TRAIN,TRAIN,no,3,v40c_03497,orig_rule_03609
nframe_04515,data/images/nframe_04515.npy,TRAIN,TRAIN,no,3,v40c_03497,orig_rule_03609
nframe_04516,data/images/nframe_04516.npy,TRAIN,TRAIN,no,3,v40c_03497,orig_rule_03609
nframe_04517,data/images/nframe_04517.npy,TRAIN,TRAIN,no,3,v40c_03497,orig_rule_03609
nframe_04518,data/images/nframe_04518.npy,TRAIN,TRAIN,no,3,v40c_03498,orig_singleton_nframe_04518
nframe_04519,data/images/nframe_04519.npy,TRAIN,TRAIN,no,3,v40c_03499,orig_singleton_nframe_04519
nframe_04520,data/images/nframe_04520.npy,TRAIN,TRAIN,no,3,v40c_03500,orig_rule_03612
nframe_04521,data/images/nframe_04521.npy,TRAIN,TRAIN,no,3,v40c_03500,orig_rule_03612
nframe_04522,data/images/nframe_04522.npy,TRAIN,TRAIN,no,3,v40c_03501,orig_rule_03613
nframe_04523,data/images/nframe_04523.npy,TRAIN,TRAIN,no,3,v40c_03501,orig_rule_03613
nframe_04524,data/images/nframe_04524.npy,TRAIN,TRAIN,no,3,v40c_03502,orig_rule_03614
nframe_04525,data/images/nframe_04525.npy,TRAIN,TRAIN,no,3,v40c_03502,orig_rule_03614
nframe_04526,data/images/nframe_04526.npy,TRAIN,TRAIN,no,3,v40c_03503,orig_rule_03615
nframe_04527,data/images/nframe_04527.npy,TRAIN,TRAIN,no,3,v40c_03503,orig_rule_03615
nframe_04544,data/images/nframe_04544.npy,VALIDATION,VALIDATION,no,4,v40c_03504,orig_singleton_nframe_04544
nframe_04545,data/images/nframe_04545.npy,VALIDATION,VALIDATION,no,3,v40c_03505,orig_singleton_nframe_04545
nframe_04546,data/images/nframe_04546.npy,VALIDATION,VALIDATION,no,3,v40c_03506,orig_singleton_nframe_04546
nframe_04547,data/images/nframe_04547.npy,VALIDATION,VALIDATION,no,3,v40c_03507,orig_singleton_nframe_04547
nframe_04548,data/images/nframe_04548.npy,VALIDATION,VALIDATION,no,3,v40c_03508,orig_singleton_nframe_04548
nframe_04549,data/images/nframe_04549.npy,VALIDATION,VALIDATION,no,2,v40c_03509,orig_singleton_nframe_04549
nframe_04550,data/images/nframe_04550.npy,VALIDATION,VALIDATION,no,3,v40c_03510,orig_singleton_nframe_04550
nframe_04551,data/images/nframe_04551.npy,VALIDATION,VALIDATION,no,3,v40c_03511,orig_singleton_nframe_04551
nframe_04552,data/images/nframe_04552.npy,VALIDATION,VALIDATION,no,3,v40c_03512,orig_singleton_nframe_04552
nframe_04553,data/images/nframe_04553.npy,VALIDATION,VALIDATION,no,3,v40c_03513,orig_singleton_nframe_04553
nframe_04554,data/images/nframe_04554.npy,VALIDATION,VALIDATION,no,2,v40c_03514,orig_singleton_nframe_04554
nframe_04555,data/images/nframe_04555.npy,VALIDATION,VALIDATION,no,2,v40c_03515,orig_rule_03627
nframe_04556,data/images/nframe_04556.npy,VALIDATION,VALIDATION,no,2,v40c_03515,orig_rule_03627
nframe_04557,data/images/nframe_04557.npy,VALIDATION,VALIDATION,no,2,v40c_03516,orig_singleton_nframe_04557
nframe_04558,data/images/nframe_04558.npy,VALIDATION,VALIDATION,no,3,v40c_03517,orig_rule_03629
nframe_04559,data/images/nframe_04559.npy,VALIDATION,VALIDATION,no,2,v40c_03518,orig_singleton_nframe_04559
nframe_04560,data/images/nframe_04560.npy,VALIDATION,VALIDATION,no,2,v40c_03517,orig_rule_03629
nframe_04561,data/images/nframe_04561.npy,VALIDATION,VALIDATION,no,1,v40c_03517,orig_rule_03629
nframe_04562,data/images/nframe_04562.npy,VALIDATION,VALIDATION,no,1,v40c_03517,orig_rule_03629
nframe_04563,data/images/nframe_04563.npy,VALIDATION,VALIDATION,no,3,v40c_03517,orig_rule_03629
nframe_04564,data/images/nframe_04564.npy,VALIDATION,VALIDATION,no,3,v40c_03517,orig_rule_03629
nframe_04565,data/images/nframe_04565.npy,VALIDATION,VALIDATION,no,2,v40c_03519,orig_singleton_nframe_04565
nframe_04566,data/images/nframe_04566.npy,VALIDATION,VALIDATION,no,2,v40c_03517,orig_rule_03629
nframe_04567,data/images/nframe_04567.npy,VALIDATION,VALIDATION,no,2,v40c_03520,orig_singleton_nframe_04567
nframe_04568,data/images/nframe_04568.npy,VALIDATION,VALIDATION,no,1,v40c_03521,orig_singleton_nframe_04568
nframe_04569,data/images/nframe_04569.npy,VALIDATION,VALIDATION,no,1,v40c_03522,orig_singleton_nframe_04569
nframe_04570,data/images/nframe_04570.npy,VALIDATION,VALIDATION,no,1,v40c_03523,orig_singleton_nframe_04570
nframe_04571,data/images/nframe_04571.npy,VALIDATION,VALIDATION,no,1,v40c_03524,orig_singleton_nframe_04571
nframe_04572,data/images/nframe_04572.npy,VALIDATION,VALIDATION,no,1,v40c_03525,orig_singleton_nframe_04572
nframe_04573,data/images/nframe_04573.npy,VALIDATION,VALIDATION,no,1,v40c_03526,orig_singleton_nframe_04573
nframe_04574,data/images/nframe_04574.npy,VALIDATION,VALIDATION,no,1,v40c_03527,orig_singleton_nframe_04574
nframe_04575,data/images/nframe_04575.npy,VALIDATION,VALIDATION,no,1,v40c_03528,orig_rule_03640
nframe_04576,data/images/nframe_04576.npy,VALIDATION,VALIDATION,no,1,v40c_03528,orig_rule_03640
nframe_04577,data/images/nframe_04577.npy,VALIDATION,VALIDATION,no,1,v40c_03529,orig_rule_03641
nframe_04578,data/images/nframe_04578.npy,VALIDATION,VALIDATION,no,1,v40c_03529,orig_rule_03641
nframe_04579,data/images/nframe_04579.npy,VALIDATION,VALIDATION,no,1,v40c_03530,orig_singleton_nframe_04579
nframe_04580,data/images/nframe_04580.npy,VALIDATION,VALIDATION,no,1,v40c_03531,orig_singleton_nframe_04580
nframe_04581,data/images/nframe_04581.npy,VALIDATION,VALIDATION,no,1,v40c_03532,orig_singleton_nframe_04581
nframe_04582,data/images/nframe_04582.npy,VALIDATION,VALIDATION,no,2,v40c_03533,orig_singleton_nframe_04582
nframe_04584,data/images/nframe_04584.npy,VALIDATION,VALIDATION,no,1,v40c_03534,orig_singleton_nframe_04584
nframe_04585,data/images/nframe_04585.npy,VALIDATION,VALIDATION,no,1,v40c_03535,orig_singleton_nframe_04585
nframe_04586,data/images/nframe_04586.npy,VALIDATION,VALIDATION,no,1,v40c_03536,orig_singleton_nframe_04586
nframe_04587,data/images/nframe_04587.npy,VALIDATION,VALIDATION,no,1,v40c_03537,orig_singleton_nframe_04587
nframe_04589,data/images/nframe_04589.npy,VALIDATION,VALIDATION,no,1,v40c_03538,orig_singleton_nframe_04589
nframe_04591,data/images/nframe_04591.npy,VALIDATION,VALIDATION,no,1,v40c_03539,orig_singleton_nframe_04591
nframe_04592,data/images/nframe_04592.npy,VALIDATION,VALIDATION,no,1,v40c_03540,orig_singleton_nframe_04592
nframe_04599,data/images/nframe_04599.npy,VALIDATION,VALIDATION,no,1,v40c_03541,orig_singleton_nframe_04599
nframe_04600,data/images/nframe_04600.npy,VALIDATION,VALIDATION,no,1,v40c_03542,orig_singleton_nframe_04600
nframe_04604,data/images/nframe_04604.npy,VALIDATION,VALIDATION,no,1,v40c_03543,orig_rule_03655
nframe_04605,data/images/nframe_04605.npy,VALIDATION,VALIDATION,no,1,v40c_03543,orig_rule_03655
nframe_04606,data/images/nframe_04606.npy,VALIDATION,VALIDATION,no,1,v40c_03544,orig_singleton_nframe_04606
nframe_04671,data/images/nframe_04671.npy,TRAIN,TRAIN,no,1,v40c_03545,orig_singleton_nframe_04671
nframe_04673,data/images/nframe_04673.npy,TRAIN,TRAIN,no,1,v40c_03546,orig_singleton_nframe_04673
nframe_04679,data/images/nframe_04679.npy,TRAIN,TRAIN,no,1,v40c_03547,orig_rule_03659
nframe_04680,data/images/nframe_04680.npy,TRAIN,TRAIN,no,1,v40c_03547,orig_rule_03659
nframe_04688,data/images/nframe_04688.npy,TRAIN,TRAIN,no,1,v40c_03548,orig_singleton_nframe_04688
nframe_04689,data/images/nframe_04689.npy,TRAIN,TRAIN,no,1,v40c_03549,orig_singleton_nframe_04689
nframe_04690,data/images/nframe_04690.npy,TRAIN,TRAIN,no,1,v40c_03550,orig_singleton_nframe_04690
nframe_04691,data/images/nframe_04691.npy,TRAIN,TRAIN,no,1,v40c_03551,orig_singleton_nframe_04691
nframe_04692,data/images/nframe_04692.npy,TRAIN,TRAIN,no,1,v40c_03552,orig_singleton_nframe_04692
nframe_04693,data/images/nframe_04693.npy,TRAIN,TRAIN,no,1,v40c_03553,orig_singleton_nframe_04693
nframe_04694,data/images/nframe_04694.npy,TRAIN,TRAIN,no,1,v40c_03554,orig_singleton_nframe_04694
nframe_04695,data/images/nframe_04695.npy,TRAIN,TRAIN,no,1,v40c_03555,orig_singleton_nframe_04695
nframe_04696,data/images/nframe_04696.npy,TRAIN,TRAIN,no,1,v40c_03556,orig_singleton_nframe_04696
nframe_04697,data/images/nframe_04697.npy,TRAIN,TRAIN,no,1,v40c_03557,orig_singleton_nframe_04697
nframe_04698,data/images/nframe_04698.npy,TRAIN,TRAIN,no,1,v40c_03558,orig_rule_03670
nframe_04699,data/images/nframe_04699.npy,TRAIN,TRAIN,no,1,v40c_03558,orig_rule_03670
nframe_04700,data/images/nframe_04700.npy,TRAIN,TRAIN,no,1,v40c_03559,orig_singleton_nframe_04700
nframe_04701,data/images/nframe_04701.npy,TRAIN,TRAIN,no,1,v40c_03560,orig_rule_03672
nframe_04702,data/images/nframe_04702.npy,TRAIN,TRAIN,no,1,v40c_03560,orig_rule_03672
nframe_04703,data/images/nframe_04703.npy,TRAIN,TRAIN,no,1,v40c_03560,orig_rule_03672
nframe_04704,data/images/nframe_04704.npy,TRAIN,TRAIN,no,1,v40c_03560,orig_rule_03672
nframe_04705,data/images/nframe_04705.npy,TRAIN,TRAIN,no,1,v40c_03561,orig_singleton_nframe_04705
nframe_04706,data/images/nframe_04706.npy,TRAIN,TRAIN,no,2,v40c_03562,orig_rule_03674
nframe_04707,data/images/nframe_04707.npy,TRAIN,TRAIN,no,2,v40c_03562,orig_rule_03674
nframe_04708,data/images/nframe_04708.npy,TRAIN,TRAIN,no,2,v40c_03563,orig_singleton_nframe_04708
nframe_04709,data/images/nframe_04709.npy,TRAIN,TRAIN,no,2,v40c_03564,orig_singleton_nframe_04709
nframe_04710,data/images/nframe_04710.npy,TRAIN,TRAIN,no,2,v40c_03565,orig_rule_03677
nframe_04711,data/images/nframe_04711.npy,TRAIN,TRAIN,no,2,v40c_03565,orig_rule_03677
nframe_04712,data/images/nframe_04712.npy,TRAIN,TRAIN,no,3,v40c_03565,orig_rule_03677
nframe_04713,data/images/nframe_04713.npy,TRAIN,TRAIN,no,2,v40c_03566,orig_singleton_nframe_04713
nframe_04714,data/images/nframe_04714.npy,TRAIN,TRAIN,no,2,v40c_03567,orig_singleton_nframe_04714
nframe_04715,data/images/nframe_04715.npy,TRAIN,TRAIN,no,2,v40c_03568,orig_rule_03680
nframe_04716,data/images/nframe_04716.npy,TRAIN,TRAIN,no,2,v40c_03568,orig_rule_03680
nframe_04717,data/images/nframe_04717.npy,TRAIN,TRAIN,no,1,v40c_03568,orig_rule_03680
nframe_04718,data/images/nframe_04718.npy,TRAIN,TRAIN,no,1,v40c_03569,orig_rule_03681
nframe_04719,data/images/nframe_04719.npy,TRAIN,TRAIN,no,2,v40c_03569,orig_rule_03681
nframe_04736,data/images/nframe_04736.npy,VALIDATION,VALIDATION,no,1,v40c_03570,orig_singleton_nframe_04736
nframe_04737,data/images/nframe_04737.npy,VALIDATION,VALIDATION,no,1,v40c_03571,orig_rule_03683
nframe_04738,data/images/nframe_04738.npy,VALIDATION,VALIDATION,no,2,v40c_03571,orig_rule_03683
nframe_04739,data/images/nframe_04739.npy,VALIDATION,VALIDATION,no,2,v40c_03572,orig_singleton_nframe_04739
nframe_04740,data/images/nframe_04740.npy,VALIDATION,VALIDATION,no,2,v40c_03573,orig_singleton_nframe_04740
nframe_04741,data/images/nframe_04741.npy,VALIDATION,VALIDATION,no,2,v40c_03574,orig_rule_03686
nframe_04742,data/images/nframe_04742.npy,VALIDATION,VALIDATION,no,1,v40c_03574,orig_rule_03686
nframe_04743,data/images/nframe_04743.npy,VALIDATION,VALIDATION,no,3,v40c_03575,orig_rule_03687
nframe_04744,data/images/nframe_04744.npy,VALIDATION,VALIDATION,no,2,v40c_03575,orig_rule_03687
nframe_04745,data/images/nframe_04745.npy,VALIDATION,VALIDATION,no,4,v40c_03576,orig_singleton_nframe_04745
nframe_04746,data/images/nframe_04746.npy,VALIDATION,VALIDATION,no,3,v40c_03576,orig_rule_03689
nframe_04747,data/images/nframe_04747.npy,VALIDATION,VALIDATION,no,2,v40c_03576,orig_rule_03689
nframe_04748,data/images/nframe_04748.npy,VALIDATION,VALIDATION,no,2,v40c_03576,orig_singleton_nframe_04748
nframe_04749,data/images/nframe_04749.npy,VALIDATION,VALIDATION,no,2,v40c_03576,orig_singleton_nframe_04749
nframe_04750,data/images/nframe_04750.npy,VALIDATION,VALIDATION,no,3,v40c_03576,orig_singleton_nframe_04750
nframe_04751,data/images/nframe_04751.npy,VALIDATION,VALIDATION,no,2,v40c_03576,orig_singleton_nframe_04751
nframe_04752,data/images/nframe_04752.npy,VALIDATION,VALIDATION,no,2,v40c_03576,orig_singleton_nframe_04752
nframe_04753,data/images/nframe_04753.npy,VALIDATION,VALIDATION,no,3,v40c_03576,orig_rule_03695
nframe_04754,data/images/nframe_04754.npy,VALIDATION,VALIDATION,no,2,v40c_03576,orig_rule_03695
nframe_04755,data/images/nframe_04755.npy,VALIDATION,VALIDATION,no,2,v40c_03576,orig_rule_03695
nframe_04756,data/images/nframe_04756.npy,VALIDATION,VALIDATION,no,3,v40c_03576,orig_rule_03695
nframe_04757,data/images/nframe_04757.npy,VALIDATION,VALIDATION,no,2,v40c_03576,orig_rule_03695
nframe_04758,data/images/nframe_04758.npy,VALIDATION,VALIDATION,no,1,v40c_03576,orig_singleton_nframe_04758
nframe_04759,data/images/nframe_04759.npy,VALIDATION,VALIDATION,no,1,v40c_03576,orig_singleton_nframe_04759
nframe_04760,data/images/nframe_04760.npy,VALIDATION,VALIDATION,no,1,v40c_03576,orig_singleton_nframe_04760
nframe_04761,data/images/nframe_04761.npy,TRAIN,VALIDATION,yes,1,v40c_03576,orig_rule_03699
nframe_04762,data/images/nframe_04762.npy,TRAIN,VALIDATION,yes,1,v40c_03576,orig_rule_03699
nframe_04763,data/images/nframe_04763.npy,TRAIN,VALIDATION,yes,1,v40c_03576,orig_rule_03699
nframe_04764,data/images/nframe_04764.npy,VALIDATION,VALIDATION,no,1,v40c_03576,orig_rule_03700
nframe_04765,data/images/nframe_04765.npy,VALIDATION,VALIDATION,no,1,v40c_03576,orig_rule_03700
nframe_04766,data/images/nframe_04766.npy,VALIDATION,VALIDATION,no,1,v40c_03576,orig_singleton_nframe_04766
nframe_04767,data/images/nframe_04767.npy,VALIDATION,VALIDATION,no,1,v40c_03576,orig_singleton_nframe_04767
nframe_04768,data/images/nframe_04768.npy,VALIDATION,VALIDATION,no,1,v40c_03576,orig_singleton_nframe_04768
nframe_04774,data/images/nframe_04774.npy,VALIDATION,VALIDATION,no,1,v40c_03576,orig_singleton_nframe_04774
nframe_04775,data/images/nframe_04775.npy,VALIDATION,VALIDATION,no,1,v40c_03576,orig_singleton_nframe_04775
nframe_04776,data/images/nframe_04776.npy,VALIDATION,VALIDATION,no,1,v40c_03576,orig_singleton_nframe_04776
nframe_04777,data/images/nframe_04777.npy,VALIDATION,VALIDATION,no,1,v40c_03576,orig_singleton_nframe_04777
nframe_04778,data/images/nframe_04778.npy,VALIDATION,VALIDATION,no,1,v40c_03576,orig_singleton_nframe_04778
nframe_04779,data/images/nframe_04779.npy,VALIDATION,VALIDATION,no,2,v40c_03576,orig_singleton_nframe_04779
nframe_04780,data/images/nframe_04780.npy,VALIDATION,VALIDATION,no,2,v40c_03577,orig_singleton_nframe_04780
nframe_04781,data/images/nframe_04781.npy,VALIDATION,VALIDATION,no,2,v40c_03578,orig_singleton_nframe_04781
nframe_04782,data/images/nframe_04782.npy,VALIDATION,VALIDATION,no,2,v40c_03579,orig_singleton_nframe_04782
nframe_04783,data/images/nframe_04783.npy,VALIDATION,VALIDATION,no,2,v40c_03580,orig_singleton_nframe_04783
nframe_04784,data/images/nframe_04784.npy,VALIDATION,VALIDATION,no,2,v40c_03581,orig_singleton_nframe_04784
nframe_04785,data/images/nframe_04785.npy,VALIDATION,VALIDATION,no,3,v40c_03582,orig_singleton_nframe_04785
nframe_04786,data/images/nframe_04786.npy,VALIDATION,VALIDATION,no,2,v40c_03583,orig_singleton_nframe_04786
nframe_04787,data/images/nframe_04787.npy,VALIDATION,VALIDATION,no,2,v40c_03584,orig_singleton_nframe_04787
nframe_04788,data/images/nframe_04788.npy,VALIDATION,VALIDATION,no,2,v40c_03585,orig_singleton_nframe_04788
nframe_04789,data/images/nframe_04789.npy,VALIDATION,VALIDATION,no,2,v40c_03586,orig_singleton_nframe_04789
nframe_04790,data/images/nframe_04790.npy,VALIDATION,VALIDATION,no,2,v40c_03587,orig_singleton_nframe_04790
nframe_04791,data/images/nframe_04791.npy,VALIDATION,VALIDATION,no,2,v40c_03588,orig_singleton_nframe_04791
nframe_04792,data/images/nframe_04792.npy,VALIDATION,VALIDATION,no,1,v40c_03589,orig_rule_03722
nframe_04793,data/images/nframe_04793.npy,VALIDATION,VALIDATION,no,2,v40c_03589,orig_rule_03722
nframe_04794,data/images/nframe_04794.npy,VALIDATION,VALIDATION,no,2,v40c_03590,orig_singleton_nframe_04794
nframe_04795,data/images/nframe_04795.npy,VALIDATION,VALIDATION,no,1,v40c_03591,orig_singleton_nframe_04795
nframe_04813,data/images/nframe_04813.npy,TRAIN,TRAIN,no,1,v40c_03592,orig_singleton_nframe_04813
nframe_04814,data/images/nframe_04814.npy,TRAIN,TRAIN,no,1,v40c_03593,orig_singleton_nframe_04814
nframe_04815,data/images/nframe_04815.npy,TRAIN,TRAIN,no,1,v40c_03594,orig_singleton_nframe_04815
nframe_04816,data/images/nframe_04816.npy,TRAIN,TRAIN,no,1,v40c_03595,orig_rule_03728
nframe_04817,data/images/nframe_04817.npy,TRAIN,TRAIN,no,1,v40c_03596,orig_rule_03729
nframe_04818,data/images/nframe_04818.npy,TRAIN,TRAIN,no,1,v40c_03596,orig_rule_03729
nframe_04819,data/images/nframe_04819.npy,TRAIN,TRAIN,no,1,v40c_03597,orig_rule_03730
nframe_04820,data/images/nframe_04820.npy,TRAIN,TRAIN,no,1,v40c_03598,orig_singleton_nframe_04820
nframe_04821,data/images/nframe_04821.npy,TRAIN,TRAIN,no,1,v40c_03597,orig_rule_03730
nframe_04822,data/images/nframe_04822.npy,TRAIN,TRAIN,no,1,v40c_03599,orig_singleton_nframe_04822
nframe_04828,data/images/nframe_04828.npy,TRAIN,TRAIN,no,1,v40c_03600,orig_singleton_nframe_04828
nframe_04829,data/images/nframe_04829.npy,TRAIN,TRAIN,no,2,v40c_03601,orig_singleton_nframe_04829
nframe_04830,data/images/nframe_04830.npy,TRAIN,TRAIN,no,2,v40c_03602,orig_singleton_nframe_04830
nframe_04831,data/images/nframe_04831.npy,TRAIN,TRAIN,no,2,v40c_03603,orig_rule_03736
nframe_04832,data/images/nframe_04832.npy,TRAIN,TRAIN,no,2,v40c_03603,orig_rule_03736
nframe_04833,data/images/nframe_04833.npy,TRAIN,TRAIN,no,2,v40c_03604,orig_singleton_nframe_04833
nframe_04834,data/images/nframe_04834.npy,TRAIN,TRAIN,no,2,v40c_03605,orig_singleton_nframe_04834
nframe_04835,data/images/nframe_04835.npy,TRAIN,TRAIN,no,2,v40c_03606,orig_singleton_nframe_04835
nframe_04836,data/images/nframe_04836.npy,TRAIN,TRAIN,no,2,v40c_03607,orig_singleton_nframe_04836
nframe_04837,data/images/nframe_04837.npy,TRAIN,TRAIN,no,2,v40c_03608,orig_singleton_nframe_04837
nframe_04838,data/images/nframe_04838.npy,TRAIN,TRAIN,no,2,v40c_03609,orig_singleton_nframe_04838
nframe_04839,data/images/nframe_04839.npy,TRAIN,TRAIN,no,1,v40c_03610,orig_singleton_nframe_04839
nframe_04840,data/images/nframe_04840.npy,TRAIN,TRAIN,no,1,v40c_03611,orig_singleton_nframe_04840
nframe_04841,data/images/nframe_04841.npy,TRAIN,TRAIN,no,2,v40c_03612,orig_singleton_nframe_04841
nframe_04842,data/images/nframe_04842.npy,TRAIN,TRAIN,no,2,v40c_03613,orig_rule_03746
nframe_04843,data/images/nframe_04843.npy,TRAIN,TRAIN,no,1,v40c_03613,orig_rule_03746
nframe_04844,data/images/nframe_04844.npy,TRAIN,TRAIN,no,2,v40c_03613,orig_rule_03746
nframe_04845,data/images/nframe_04845.npy,TRAIN,TRAIN,no,1,v40c_03614,orig_rule_03747
nframe_04846,data/images/nframe_04846.npy,TRAIN,TRAIN,no,1,v40c_03614,orig_rule_03747
nframe_04847,data/images/nframe_04847.npy,TRAIN,TRAIN,no,1,v40c_03614,orig_rule_03747
nframe_04864,data/images/nframe_04864.npy,VALIDATION,VALIDATION,no,2,v40c_03615,orig_singleton_nframe_04864
nframe_04865,data/images/nframe_04865.npy,VALIDATION,VALIDATION,no,2,v40c_03616,orig_singleton_nframe_04865
nframe_04866,data/images/nframe_04866.npy,VALIDATION,VALIDATION,no,2,v40c_03617,orig_singleton_nframe_04866
nframe_04867,data/images/nframe_04867.npy,VALIDATION,VALIDATION,no,2,v40c_03618,orig_singleton_nframe_04867
nframe_04868,data/images/nframe_04868.npy,VALIDATION,VALIDATION,no,2,v40c_03619,orig_singleton_nframe_04868
nframe_04869,data/images/nframe_04869.npy,VALIDATION,VALIDATION,no,2,v40c_03620,orig_singleton_nframe_04869
nframe_04870,data/images/nframe_04870.npy,VALIDATION,VALIDATION,no,2,v40c_03621,orig_singleton_nframe_04870
nframe_04871,data/images/nframe_04871.npy,VALIDATION,VALIDATION,no,2,v40c_03622,orig_singleton_nframe_04871
nframe_04872,data/images/nframe_04872.npy,VALIDATION,VALIDATION,no,2,v40c_03623,orig_rule_03756
nframe_04873,data/images/nframe_04873.npy,VALIDATION,VALIDATION,no,2,v40c_03623,orig_rule_03756
nframe_04874,data/images/nframe_04874.npy,VALIDATION,VALIDATION,no,2,v40c_03624,orig_singleton_nframe_04874
nframe_04875,data/images/nframe_04875.npy,VALIDATION,VALIDATION,no,2,v40c_03625,orig_singleton_nframe_04875
nframe_04876,data/images/nframe_04876.npy,VALIDATION,VALIDATION,no,2,v40c_03626,orig_singleton_nframe_04876
nframe_04877,data/images/nframe_04877.npy,VALIDATION,VALIDATION,no,2,v40c_03627,orig_singleton_nframe_04877
nframe_04878,data/images/nframe_04878.npy,VALIDATION,VALIDATION,no,2,v40c_03628,orig_rule_03761
nframe_04879,data/images/nframe_04879.npy,VALIDATION,VALIDATION,no,1,v40c_03628,orig_rule_03761
nframe_04880,data/images/nframe_04880.npy,VALIDATION,VALIDATION,no,1,v40c_03629,orig_rule_03762
nframe_04881,data/images/nframe_04881.npy,VALIDATION,VALIDATION,no,1,v40c_03629,orig_rule_03762
nframe_04882,data/images/nframe_04882.npy,VALIDATION,VALIDATION,no,1,v40c_03630,orig_singleton_nframe_04882
nframe_04883,data/images/nframe_04883.npy,VALIDATION,VALIDATION,no,2,v40c_03631,orig_singleton_nframe_04883
nframe_04884,data/images/nframe_04884.npy,VALIDATION,VALIDATION,no,1,v40c_03632,orig_singleton_nframe_04884
nframe_04885,data/images/nframe_04885.npy,VALIDATION,VALIDATION,no,1,v40c_03633,orig_singleton_nframe_04885
nframe_04886,data/images/nframe_04886.npy,VALIDATION,VALIDATION,no,1,v40c_03634,orig_rule_03767
nframe_04887,data/images/nframe_04887.npy,VALIDATION,VALIDATION,no,1,v40c_03634,orig_rule_03767
nframe_04906,data/images/nframe_04906.npy,VALIDATION,VALIDATION,no,1,v40c_03635,orig_singleton_nframe_04906
nframe_04908,data/images/nframe_04908.npy,VALIDATION,VALIDATION,no,1,v40c_03636,orig_singleton_nframe_04908
nframe_04909,data/images/nframe_04909.npy,VALIDATION,VALIDATION,no,1,v40c_03637,orig_singleton_nframe_04909
nframe_04912,data/images/nframe_04912.npy,VALIDATION,VALIDATION,no,1,v40c_03638,orig_singleton_nframe_04912
nframe_04914,data/images/nframe_04914.npy,VALIDATION,VALIDATION,no,1,v40c_03639,orig_singleton_nframe_04914
nframe_04933,data/images/nframe_04933.npy,TRAIN,TRAIN,no,1,v40c_03640,orig_singleton_nframe_04933
nframe_04934,data/images/nframe_04934.npy,TRAIN,TRAIN,no,1,v40c_03641,orig_singleton_nframe_04934
nframe_04935,data/images/nframe_04935.npy,TRAIN,TRAIN,no,1,v40c_03642,orig_singleton_nframe_04935
nframe_04936,data/images/nframe_04936.npy,TRAIN,TRAIN,no,1,v40c_03643,orig_singleton_nframe_04936
nframe_04937,data/images/nframe_04937.npy,TRAIN,TRAIN,no,1,v40c_03644,orig_singleton_nframe_04937
nframe_04938,data/images/nframe_04938.npy,TRAIN,TRAIN,no,3,v40c_03645,orig_singleton_nframe_04938
nframe_04939,data/images/nframe_04939.npy,TRAIN,TRAIN,no,3,v40c_03646,orig_singleton_nframe_04939
nframe_04940,data/images/nframe_04940.npy,TRAIN,TRAIN,no,3,v40c_03647,orig_singleton_nframe_04940
nframe_04941,data/images/nframe_04941.npy,TRAIN,TRAIN,no,3,v40c_03648,orig_singleton_nframe_04941
nframe_04942,data/images/nframe_04942.npy,TRAIN,TRAIN,no,3,v40c_03649,orig_singleton_nframe_04942
nframe_04943,data/images/nframe_04943.npy,TRAIN,TRAIN,no,3,v40c_03650,orig_singleton_nframe_04943
nframe_04944,data/images/nframe_04944.npy,TRAIN,TRAIN,no,3,v40c_03651,orig_singleton_nframe_04944
nframe_04945,data/images/nframe_04945.npy,TRAIN,TRAIN,no,3,v40c_03652,orig_singleton_nframe_04945
nframe_04946,data/images/nframe_04946.npy,TRAIN,TRAIN,no,3,v40c_03653,orig_singleton_nframe_04946
nframe_04947,data/images/nframe_04947.npy,TRAIN,TRAIN,no,3,v40c_03654,orig_singleton_nframe_04947
nframe_04948,data/images/nframe_04948.npy,TRAIN,TRAIN,no,3,v40c_03655,orig_singleton_nframe_04948
nframe_04949,data/images/nframe_04949.npy,TRAIN,TRAIN,no,3,v40c_03656,orig_singleton_nframe_04949
nframe_04950,data/images/nframe_04950.npy,TRAIN,TRAIN,no,3,v40c_03595,orig_rule_03728
nframe_04951,data/images/nframe_04951.npy,TRAIN,TRAIN,no,3,v40c_03657,orig_singleton_nframe_04951
nframe_04952,data/images/nframe_04952.npy,TRAIN,TRAIN,no,2,v40c_03658,orig_singleton_nframe_04952
nframe_04953,data/images/nframe_04953.npy,TRAIN,TRAIN,no,2,v40c_03659,orig_singleton_nframe_04953
nframe_04954,data/images/nframe_04954.npy,TRAIN,TRAIN,no,1,v40c_03660,orig_singleton_nframe_04954
nframe_04955,data/images/nframe_04955.npy,TRAIN,TRAIN,no,2,v40c_03661,orig_singleton_nframe_04955
nframe_04956,data/images/nframe_04956.npy,TRAIN,TRAIN,no,1,v40c_03662,orig_rule_03795
nframe_04957,data/images/nframe_04957.npy,TRAIN,TRAIN,no,2,v40c_03662,orig_rule_03795
nframe_04958,data/images/nframe_04958.npy,TRAIN,TRAIN,no,2,v40c_03663,orig_singleton_nframe_04958
nframe_04959,data/images/nframe_04959.npy,TRAIN,TRAIN,no,2,v40c_03664,orig_singleton_nframe_04959
nframe_04960,data/images/nframe_04960.npy,TRAIN,TRAIN,no,2,v40c_03665,orig_singleton_nframe_04960
nframe_04961,data/images/nframe_04961.npy,TRAIN,TRAIN,no,3,v40c_03666,orig_singleton_nframe_04961
nframe_04962,data/images/nframe_04962.npy,TRAIN,TRAIN,no,3,v40c_03667,orig_singleton_nframe_04962
nframe_04963,data/images/nframe_04963.npy,TRAIN,TRAIN,no,3,v40c_03668,orig_singleton_nframe_04963
nframe_04964,data/images/nframe_04964.npy,TRAIN,TRAIN,no,2,v40c_03669,orig_singleton_nframe_04964
nframe_04965,data/images/nframe_04965.npy,TRAIN,TRAIN,no,2,v40c_03670,orig_singleton_nframe_04965
nframe_04966,data/images/nframe_04966.npy,TRAIN,TRAIN,no,3,v40c_03671,orig_singleton_nframe_04966
nframe_04967,data/images/nframe_04967.npy,TRAIN,TRAIN,no,3,v40c_03672,orig_singleton_nframe_04967
nframe_04968,data/images/nframe_04968.npy,TRAIN,TRAIN,no,3,v40c_03673,orig_singleton_nframe_04968
nframe_04969,data/images/nframe_04969.npy,TRAIN,TRAIN,no,3,v40c_03674,orig_singleton_nframe_04969
nframe_04970,data/images/nframe_04970.npy,TRAIN,TRAIN,no,3,v40c_03675,orig_singleton_nframe_04970
nframe_04971,data/images/nframe_04971.npy,TRAIN,TRAIN,no,3,v40c_03676,orig_singleton_nframe_04971
nframe_04972,data/images/nframe_04972.npy,TRAIN,TRAIN,no,3,v40c_03677,orig_singleton_nframe_04972
nframe_04973,data/images/nframe_04973.npy,TRAIN,TRAIN,no,3,v40c_03678,orig_singleton_nframe_04973
nframe_04974,data/images/nframe_04974.npy,TRAIN,TRAIN,no,3,v40c_03679,orig_singleton_nframe_04974
nframe_04975,data/images/nframe_04975.npy,TRAIN,TRAIN,no,3,v40c_03680,orig_singleton_nframe_04975
nframe_04976,data/images/nframe_04976.npy,TRAIN,TRAIN,no,3,v40c_03681,orig_singleton_nframe_04976
nframe_04977,data/images/nframe_04977.npy,TRAIN,TRAIN,no,3,v40c_03682,orig_singleton_nframe_04977
nframe_04978,data/images/nframe_04978.npy,TRAIN,TRAIN,no,3,v40c_03683,orig_singleton_nframe_04978
nframe_04979,data/images/nframe_04979.npy,TRAIN,TRAIN,no,4,v40c_03684,orig_rule_03817
nframe_04980,data/images/nframe_04980.npy,TRAIN,TRAIN,no,4,v40c_03684,orig_rule_03817
nframe_04981,data/images/nframe_04981.npy,TRAIN,TRAIN,no,4,v40c_03685,orig_singleton_nframe_04981
nframe_04982,data/images/nframe_04982.npy,TRAIN,TRAIN,no,4,v40c_03686,orig_singleton_nframe_04982
nframe_04983,data/images/nframe_04983.npy,TRAIN,TRAIN,no,4,v40c_03687,orig_singleton_nframe_04983
nframe_04984,data/images/nframe_04984.npy,TRAIN,TRAIN,no,3,v40c_03688,orig_singleton_nframe_04984
nframe_04985,data/images/nframe_04985.npy,TRAIN,TRAIN,no,1,v40c_03689,orig_singleton_nframe_04985
nframe_04987,data/images/nframe_04987.npy,TRAIN,TRAIN,no,1,v40c_03690,orig_singleton_nframe_04987
nframe_04988,data/images/nframe_04988.npy,TRAIN,TRAIN,no,1,v40c_03691,orig_singleton_nframe_04988
nframe_04989,data/images/nframe_04989.npy,TRAIN,TRAIN,no,2,v40c_03692,orig_singleton_nframe_04989
nframe_04990,data/images/nframe_04990.npy,TRAIN,TRAIN,no,1,v40c_03693,orig_singleton_nframe_04990
nframe_04991,data/images/nframe_04991.npy,TRAIN,TRAIN,no,1,v40c_03694,orig_singleton_nframe_04991
nframe_04992,data/images/nframe_04992.npy,TRAIN,TRAIN,no,1,v40c_03695,orig_singleton_nframe_04992
nframe_04993,data/images/nframe_04993.npy,TRAIN,TRAIN,no,1,v40c_03696,orig_singleton_nframe_04993
nframe_04994,data/images/nframe_04994.npy,TRAIN,TRAIN,no,1,v40c_03697,orig_singleton_nframe_04994
nframe_04995,data/images/nframe_04995.npy,TRAIN,TRAIN,no,2,v40c_03698,orig_singleton_nframe_04995
nframe_04996,data/images/nframe_04996.npy,TRAIN,TRAIN,no,2,v40c_03699,orig_singleton_nframe_04996
nframe_04997,data/images/nframe_04997.npy,TRAIN,TRAIN,no,2,v40c_03700,orig_singleton_nframe_04997
nframe_04998,data/images/nframe_04998.npy,TRAIN,TRAIN,no,2,v40c_03701,orig_singleton_nframe_04998
nframe_04999,data/images/nframe_04999.npy,TRAIN,TRAIN,no,3,v40c_03702,orig_singleton_nframe_04999
nframe_05000,data/images/nframe_05000.npy,TRAIN,TRAIN,no,3,v40c_03703,orig_singleton_nframe_05000
nframe_05001,data/images/nframe_05001.npy,TRAIN,TRAIN,no,2,v40c_03704,orig_rule_03837
nframe_05002,data/images/nframe_05002.npy,TRAIN,TRAIN,no,2,v40c_03704,orig_rule_03837
nframe_05003,data/images/nframe_05003.npy,TRAIN,TRAIN,no,1,v40c_03705,orig_rule_03838
nframe_05004,data/images/nframe_05004.npy,TRAIN,TRAIN,no,1,v40c_03705,orig_rule_03838
nframe_05005,data/images/nframe_05005.npy,TRAIN,TRAIN,no,1,v40c_03706,orig_singleton_nframe_05005
nframe_05006,data/images/nframe_05006.npy,TRAIN,TRAIN,no,1,v40c_03707,orig_singleton_nframe_05006
nframe_05007,data/images/nframe_05007.npy,TRAIN,TRAIN,no,1,v40c_03708,orig_singleton_nframe_05007
nframe_05008,data/images/nframe_05008.npy,TRAIN,TRAIN,no,1,v40c_03709,orig_singleton_nframe_05008
nframe_05009,data/images/nframe_05009.npy,TRAIN,TRAIN,no,1,v40c_03710,orig_singleton_nframe_05009
nframe_05010,data/images/nframe_05010.npy,TRAIN,TRAIN,no,1,v40c_03711,orig_singleton_nframe_05010
nframe_05011,data/images/nframe_05011.npy,TRAIN,TRAIN,no,1,v40c_03712,orig_singleton_nframe_05011
nframe_05012,data/images/nframe_05012.npy,TRAIN,TRAIN,no,1,v40c_03713,orig_singleton_nframe_05012
nframe_05013,data/images/nframe_05013.npy,TRAIN,TRAIN,no,1,v40c_03714,orig_singleton_nframe_05013
nframe_05014,data/images/nframe_05014.npy,TRAIN,TRAIN,no,1,v40c_03715,orig_singleton_nframe_05014
nframe_05015,data/images/nframe_05015.npy,TRAIN,TRAIN,no,1,v40c_03716,orig_singleton_nframe_05015
nframe_05016,data/images/nframe_05016.npy,TRAIN,TRAIN,no,2,v40c_03717,orig_singleton_nframe_05016
nframe_05017,data/images/nframe_05017.npy,TRAIN,TRAIN,no,1,v40c_03718,orig_singleton_nframe_05017
nframe_05018,data/images/nframe_05018.npy,TRAIN,TRAIN,no,1,v40c_03719,orig_singleton_nframe_05018
nframe_05019,data/images/nframe_05019.npy,TRAIN,TRAIN,no,2,v40c_03720,orig_singleton_nframe_05019
nframe_05020,data/images/nframe_05020.npy,TRAIN,TRAIN,no,2,v40c_03721,orig_singleton_nframe_05020
nframe_05021,data/images/nframe_05021.npy,TRAIN,TRAIN,no,1,v40c_03722,orig_singleton_nframe_05021
nframe_05022,data/images/nframe_05022.npy,TRAIN,TRAIN,no,2,v40c_03723,orig_singleton_nframe_05022
nframe_05023,data/images/nframe_05023.npy,TRAIN,TRAIN,no,2,v40c_03724,orig_singleton_nframe_05023
nframe_05024,data/images/nframe_05024.npy,TRAIN,TRAIN,no,2,v40c_03725,orig_singleton_nframe_05024
nframe_05025,data/images/nframe_05025.npy,TRAIN,TRAIN,no,2,v40c_03726,orig_singleton_nframe_05025
nframe_05026,data/images/nframe_05026.npy,TRAIN,TRAIN,no,2,v40c_03727,orig_singleton_nframe_05026
nframe_05027,data/images/nframe_05027.npy,TRAIN,TRAIN,no,2,v40c_03728,orig_singleton_nframe_05027
nframe_05028,data/images/nframe_05028.npy,TRAIN,TRAIN,no,2,v40c_03729,orig_singleton_nframe_05028
nframe_05029,data/images/nframe_05029.npy,TRAIN,TRAIN,no,1,v40c_03730,orig_singleton_nframe_05029
nframe_05030,data/images/nframe_05030.npy,TRAIN,TRAIN,no,1,v40c_03731,orig_singleton_nframe_05030
nframe_05031,data/images/nframe_05031.npy,TRAIN,TRAIN,no,1,v40c_03732,orig_singleton_nframe_05031
nframe_05032,data/images/nframe_05032.npy,TRAIN,TRAIN,no,2,v40c_03733,orig_singleton_nframe_05032
nframe_05033,data/images/nframe_05033.npy,TRAIN,TRAIN,no,3,v40c_03734,orig_singleton_nframe_05033
nframe_05034,data/images/nframe_05034.npy,TRAIN,TRAIN,no,3,v40c_03735,orig_singleton_nframe_05034
nframe_05035,data/images/nframe_05035.npy,TRAIN,TRAIN,no,3,v40c_03736,orig_rule_03869
nframe_05036,data/images/nframe_05036.npy,TRAIN,TRAIN,no,3,v40c_03736,orig_rule_03869
nframe_05037,data/images/nframe_05037.npy,TRAIN,TRAIN,no,3,v40c_03737,orig_singleton_nframe_05037
nframe_05038,data/images/nframe_05038.npy,TRAIN,TRAIN,no,3,v40c_03738,orig_singleton_nframe_05038
nframe_05039,data/images/nframe_05039.npy,TRAIN,TRAIN,no,3,v40c_03739,orig_singleton_nframe_05039
nframe_05040,data/images/nframe_05040.npy,TRAIN,TRAIN,no,3,v40c_03740,orig_singleton_nframe_05040
nframe_05041,data/images/nframe_05041.npy,TRAIN,TRAIN,no,3,v40c_03741,orig_rule_03874
nframe_05042,data/images/nframe_05042.npy,TRAIN,TRAIN,no,3,v40c_03741,orig_rule_03874
nframe_05043,data/images/nframe_05043.npy,TRAIN,TRAIN,no,2,v40c_03742,orig_singleton_nframe_05043
nframe_05044,data/images/nframe_05044.npy,TRAIN,TRAIN,no,2,v40c_03743,orig_singleton_nframe_05044
nframe_05045,data/images/nframe_05045.npy,TRAIN,TRAIN,no,3,v40c_03744,orig_singleton_nframe_05045
nframe_05046,data/images/nframe_05046.npy,TRAIN,TRAIN,no,3,v40c_03745,orig_singleton_nframe_05046
nframe_05047,data/images/nframe_05047.npy,TRAIN,TRAIN,no,3,v40c_03746,orig_rule_03879
nframe_05048,data/images/nframe_05048.npy,TRAIN,TRAIN,no,3,v40c_03746,orig_rule_03879
nframe_05049,data/images/nframe_05049.npy,TRAIN,TRAIN,no,3,v40c_03747,orig_singleton_nframe_05049
nframe_05050,data/images/nframe_05050.npy,TRAIN,TRAIN,no,3,v40c_03748,orig_singleton_nframe_05050
nframe_05051,data/images/nframe_05051.npy,TRAIN,TRAIN,no,3,v40c_03749,orig_rule_03882
nframe_05052,data/images/nframe_05052.npy,TRAIN,TRAIN,no,4,v40c_03749,orig_rule_03882
nframe_05053,data/images/nframe_05053.npy,TRAIN,TRAIN,no,3,v40c_03750,orig_rule_03883
nframe_05054,data/images/nframe_05054.npy,TRAIN,TRAIN,no,3,v40c_03750,orig_rule_03883
nframe_05055,data/images/nframe_05055.npy,TRAIN,TRAIN,no,3,v40c_03751,orig_singleton_nframe_05055
nframe_05056,data/images/nframe_05056.npy,TRAIN,TRAIN,no,3,v40c_03752,orig_singleton_nframe_05056
nframe_05057,data/images/nframe_05057.npy,TRAIN,TRAIN,no,3,v40c_03753,orig_singleton_nframe_05057
nframe_05058,data/images/nframe_05058.npy,TRAIN,TRAIN,no,2,v40c_03754,orig_singleton_nframe_05058
nframe_05059,data/images/nframe_05059.npy,TRAIN,TRAIN,no,2,v40c_03755,orig_singleton_nframe_05059
nframe_05060,data/images/nframe_05060.npy,TRAIN,TRAIN,no,2,v40c_03756,orig_singleton_nframe_05060
nframe_05061,data/images/nframe_05061.npy,TRAIN,TRAIN,no,2,v40c_03757,orig_singleton_nframe_05061
nframe_05062,data/images/nframe_05062.npy,TRAIN,TRAIN,no,2,v40c_03758,orig_singleton_nframe_05062
nframe_05063,data/images/nframe_05063.npy,TRAIN,TRAIN,no,2,v40c_03759,orig_singleton_nframe_05063
nframe_05064,data/images/nframe_05064.npy,TRAIN,TRAIN,no,2,v40c_03760,orig_singleton_nframe_05064
nframe_05065,data/images/nframe_05065.npy,TRAIN,TRAIN,no,2,v40c_03761,orig_singleton_nframe_05065
nframe_05066,data/images/nframe_05066.npy,TRAIN,TRAIN,no,3,v40c_03762,orig_singleton_nframe_05066
nframe_05067,data/images/nframe_05067.npy,TRAIN,TRAIN,no,3,v40c_03763,orig_rule_03896
nframe_05068,data/images/nframe_05068.npy,TRAIN,TRAIN,no,3,v40c_03763,orig_rule_03896
nframe_05069,data/images/nframe_05069.npy,TRAIN,TRAIN,no,2,v40c_03764,orig_singleton_nframe_05069
nframe_05070,data/images/nframe_05070.npy,TRAIN,TRAIN,no,1,v40c_03765,orig_singleton_nframe_05070
nframe_05071,data/images/nframe_05071.npy,TRAIN,TRAIN,no,1,v40c_03766,orig_singleton_nframe_05071
nframe_05072,data/images/nframe_05072.npy,TRAIN,TRAIN,no,1,v40c_03767,orig_singleton_nframe_05072
nframe_05073,data/images/nframe_05073.npy,TRAIN,TRAIN,no,1,v40c_03768,orig_rule_03901
nframe_05074,data/images/nframe_05074.npy,TRAIN,TRAIN,no,2,v40c_03768,orig_rule_03901
nframe_05075,data/images/nframe_05075.npy,TRAIN,TRAIN,no,2,v40c_03769,orig_singleton_nframe_05075
nframe_05076,data/images/nframe_05076.npy,TRAIN,TRAIN,no,2,v40c_03770,orig_singleton_nframe_05076
nframe_05077,data/images/nframe_05077.npy,TRAIN,TRAIN,no,2,v40c_03771,orig_rule_03904
nframe_05078,data/images/nframe_05078.npy,TRAIN,TRAIN,no,2,v40c_03771,orig_rule_03904
nframe_05079,data/images/nframe_05079.npy,TRAIN,TRAIN,no,2,v40c_03771,orig_rule_03904
nframe_05080,data/images/nframe_05080.npy,TRAIN,TRAIN,no,2,v40c_03772,orig_singleton_nframe_05080
nframe_05081,data/images/nframe_05081.npy,TRAIN,TRAIN,no,3,v40c_03773,orig_singleton_nframe_05081
nframe_05082,data/images/nframe_05082.npy,TRAIN,TRAIN,no,3,v40c_03774,orig_singleton_nframe_05082
nframe_05083,data/images/nframe_05083.npy,TRAIN,TRAIN,no,3,v40c_03775,orig_singleton_nframe_05083
nframe_05084,data/images/nframe_05084.npy,TRAIN,TRAIN,no,3,v40c_03776,orig_rule_03909
nframe_05085,data/images/nframe_05085.npy,TRAIN,TRAIN,no,3,v40c_03776,orig_rule_03909
nframe_05086,data/images/nframe_05086.npy,TRAIN,TRAIN,no,2,v40c_03777,orig_singleton_nframe_05086
nframe_05087,data/images/nframe_05087.npy,TRAIN,TRAIN,no,2,v40c_03778,orig_singleton_nframe_05087
nframe_05088,data/images/nframe_05088.npy,TRAIN,TRAIN,no,2,v40c_03779,orig_singleton_nframe_05088
nframe_05089,data/images/nframe_05089.npy,TRAIN,TRAIN,no,2,v40c_03780,orig_singleton_nframe_05089
nframe_05090,data/images/nframe_05090.npy,TRAIN,TRAIN,no,2,v40c_03781,orig_singleton_nframe_05090
nframe_05091,data/images/nframe_05091.npy,TRAIN,TRAIN,no,2,v40c_03782,orig_singleton_nframe_05091
nframe_05092,data/images/nframe_05092.npy,TRAIN,TRAIN,no,2,v40c_03783,orig_rule_03916
nframe_05093,data/images/nframe_05093.npy,TRAIN,TRAIN,no,2,v40c_03783,orig_rule_03916
nframe_05094,data/images/nframe_05094.npy,TRAIN,TRAIN,no,2,v40c_03783,orig_rule_03916
nframe_05095,data/images/nframe_05095.npy,TRAIN,TRAIN,no,1,v40c_03784,orig_singleton_nframe_05095
nframe_05096,data/images/nframe_05096.npy,TRAIN,TRAIN,no,1,v40c_03785,orig_rule_03918
nframe_05097,data/images/nframe_05097.npy,TRAIN,TRAIN,no,1,v40c_03785,orig_rule_03918
nframe_05098,data/images/nframe_05098.npy,TRAIN,TRAIN,no,2,v40c_03786,orig_singleton_nframe_05098
nframe_05099,data/images/nframe_05099.npy,TRAIN,TRAIN,no,2,v40c_03787,orig_singleton_nframe_05099
nframe_05100,data/images/nframe_05100.npy,TRAIN,TRAIN,no,2,v40c_03788,orig_singleton_nframe_05100
nframe_05101,data/images/nframe_05101.npy,TRAIN,TRAIN,no,1,v40c_03789,orig_singleton_nframe_05101
nframe_05102,data/images/nframe_05102.npy,TRAIN,TRAIN,no,1,v40c_03790,orig_singleton_nframe_05102
nframe_05103,data/images/nframe_05103.npy,TRAIN,TRAIN,no,1,v40c_03791,orig_singleton_nframe_05103
nframe_05104,data/images/nframe_05104.npy,TRAIN,TRAIN,no,2,v40c_03792,orig_singleton_nframe_05104
nframe_05105,data/images/nframe_05105.npy,TRAIN,TRAIN,no,2,v40c_03793,orig_singleton_nframe_05105
nframe_05106,data/images/nframe_05106.npy,TRAIN,TRAIN,no,2,v40c_03794,orig_singleton_nframe_05106
nframe_05107,data/images/nframe_05107.npy,TRAIN,TRAIN,no,2,v40c_03795,orig_singleton_nframe_05107
nframe_05108,data/images/nframe_05108.npy,TRAIN,TRAIN,no,2,v40c_03796,orig_singleton_nframe_05108
nframe_05109,data/images/nframe_05109.npy,TRAIN,TRAIN,no,2,v40c_03797,orig_singleton_nframe_05109
nframe_05110,data/images/nframe_05110.npy,TRAIN,TRAIN,no,2,v40c_03798,orig_rule_03931
nframe_05111,data/images/nframe_05111.npy,TRAIN,TRAIN,no,2,v40c_03798,orig_rule_03931
nframe_05112,data/images/nframe_05112.npy,TRAIN,TRAIN,no,2,v40c_03799,orig_singleton_nframe_05112
nframe_05113,data/images/nframe_05113.npy,TRAIN,TRAIN,no,2,v40c_03800,orig_singleton_nframe_05113
nframe_05114,data/images/nframe_05114.npy,TRAIN,TRAIN,no,2,v40c_03801,orig_singleton_nframe_05114
nframe_05115,data/images/nframe_05115.npy,TRAIN,TRAIN,no,2,v40c_03802,orig_singleton_nframe_05115
nframe_05116,data/images/nframe_05116.npy,TRAIN,TRAIN,no,2,v40c_03803,orig_singleton_nframe_05116
nframe_05117,data/images/nframe_05117.npy,TRAIN,TRAIN,no,2,v40c_03804,orig_singleton_nframe_05117
nframe_05118,data/images/nframe_05118.npy,TRAIN,TRAIN,no,3,v40c_03805,orig_rule_03938
nframe_05119,data/images/nframe_05119.npy,TRAIN,TRAIN,no,3,v40c_03805,orig_rule_03938
nframe_05120,data/images/nframe_05120.npy,TRAIN,TRAIN,no,2,v40c_03805,orig_rule_03938
nframe_05121,data/images/nframe_05121.npy,TRAIN,TRAIN,no,2,v40c_03806,orig_rule_03939
nframe_05122,data/images/nframe_05122.npy,TRAIN,TRAIN,no,3,v40c_03806,orig_rule_03939
nframe_05123,data/images/nframe_05123.npy,TRAIN,TRAIN,no,2,v40c_03806,orig_rule_03939
nframe_05124,data/images/nframe_05124.npy,TRAIN,TRAIN,no,2,v40c_03806,orig_rule_03939
nframe_05125,data/images/nframe_05125.npy,TRAIN,TRAIN,no,2,v40c_03807,orig_singleton_nframe_05125
nframe_05126,data/images/nframe_05126.npy,TRAIN,TRAIN,no,3,v40c_03808,orig_rule_03941
nframe_05127,data/images/nframe_05127.npy,TRAIN,TRAIN,no,2,v40c_03808,orig_rule_03941
nframe_05128,data/images/nframe_05128.npy,TRAIN,TRAIN,no,2,v40c_03808,orig_rule_03941
nframe_05129,data/images/nframe_05129.npy,TRAIN,TRAIN,no,2,v40c_03808,orig_rule_03941
nframe_05130,data/images/nframe_05130.npy,TRAIN,TRAIN,no,2,v40c_03808,orig_rule_03941
nframe_05131,data/images/nframe_05131.npy,TRAIN,TRAIN,no,2,v40c_03809,orig_singleton_nframe_05131
nframe_05132,data/images/nframe_05132.npy,TRAIN,TRAIN,no,2,v40c_03810,orig_rule_03943
nframe_05133,data/images/nframe_05133.npy,TRAIN,TRAIN,no,2,v40c_03811,orig_singleton_nframe_05133
nframe_05134,data/images/nframe_05134.npy,TRAIN,TRAIN,no,2,v40c_03810,orig_rule_03943
nframe_05135,data/images/nframe_05135.npy,TRAIN,TRAIN,no,2,v40c_03810,orig_rule_03943
nframe_05136,data/images/nframe_05136.npy,TRAIN,TRAIN,no,2,v40c_03812,orig_singleton_nframe_05136
nframe_05137,data/images/nframe_05137.npy,TRAIN,TRAIN,no,2,v40c_03813,orig_rule_03946
nframe_05138,data/images/nframe_05138.npy,TRAIN,TRAIN,no,2,v40c_03813,orig_rule_03946
nframe_05139,data/images/nframe_05139.npy,TRAIN,TRAIN,no,2,v40c_03814,orig_singleton_nframe_05139
nframe_05140,data/images/nframe_05140.npy,TRAIN,TRAIN,no,2,v40c_03815,orig_rule_03948
nframe_05141,data/images/nframe_05141.npy,TRAIN,TRAIN,no,2,v40c_03815,orig_rule_03948
nframe_05142,data/images/nframe_05142.npy,TRAIN,TRAIN,no,2,v40c_03815,orig_rule_03948
nframe_05143,data/images/nframe_05143.npy,TRAIN,TRAIN,no,2,v40c_03815,orig_rule_03948
nframe_05144,data/images/nframe_05144.npy,TRAIN,TRAIN,no,2,v40c_03815,orig_rule_03948
nframe_05145,data/images/nframe_05145.npy,TRAIN,TRAIN,no,2,v40c_03816,orig_singleton_nframe_05145
nframe_05146,data/images/nframe_05146.npy,TRAIN,TRAIN,no,2,v40c_03817,orig_singleton_nframe_05146
nframe_05147,data/images/nframe_05147.npy,TRAIN,TRAIN,no,2,v40c_03818,orig_singleton_nframe_05147
nframe_05148,data/images/nframe_05148.npy,TRAIN,TRAIN,no,2,v40c_03819,orig_singleton_nframe_05148
nframe_05149,data/images/nframe_05149.npy,TRAIN,TRAIN,no,2,v40c_03820,orig_rule_03953
nframe_05150,data/images/nframe_05150.npy,TRAIN,TRAIN,no,2,v40c_03820,orig_rule_03953
nframe_05151,data/images/nframe_05151.npy,TRAIN,TRAIN,no,2,v40c_03820,orig_rule_03953
nframe_05152,data/images/nframe_05152.npy,TRAIN,TRAIN,no,2,v40c_03820,orig_rule_03953
nframe_05153,data/images/nframe_05153.npy,TRAIN,TRAIN,no,2,v40c_03821,orig_rule_03954
nframe_05154,data/images/nframe_05154.npy,TRAIN,TRAIN,no,2,v40c_03821,orig_rule_03954
nframe_05155,data/images/nframe_05155.npy,TRAIN,TRAIN,no,2,v40c_03821,orig_rule_03954
nframe_05156,data/images/nframe_05156.npy,TRAIN,TRAIN,no,2,v40c_03821,orig_rule_03954
nframe_05157,data/images/nframe_05157.npy,TRAIN,TRAIN,no,2,v40c_03822,orig_singleton_nframe_05157
nframe_05158,data/images/nframe_05158.npy,TRAIN,TRAIN,no,2,v40c_03823,orig_singleton_nframe_05158
nframe_05159,data/images/nframe_05159.npy,TRAIN,TRAIN,no,2,v40c_03824,orig_rule_03957
nframe_05160,data/images/nframe_05160.npy,TRAIN,TRAIN,no,2,v40c_03824,orig_rule_03957
nframe_05161,data/images/nframe_05161.npy,TRAIN,TRAIN,no,2,v40c_03825,orig_singleton_nframe_05161
nframe_05162,data/images/nframe_05162.npy,TRAIN,TRAIN,no,2,v40c_03826,orig_singleton_nframe_05162
nframe_05163,data/images/nframe_05163.npy,TRAIN,TRAIN,no,2,v40c_03827,orig_singleton_nframe_05163
nframe_05164,data/images/nframe_05164.npy,TRAIN,TRAIN,no,2,v40c_03828,orig_rule_03961
nframe_05165,data/images/nframe_05165.npy,TRAIN,TRAIN,no,2,v40c_03828,orig_rule_03961
nframe_05166,data/images/nframe_05166.npy,TRAIN,TRAIN,no,2,v40c_03828,orig_rule_03961
nframe_05167,data/images/nframe_05167.npy,TRAIN,TRAIN,no,2,v40c_03828,orig_rule_03961
nframe_05168,data/images/nframe_05168.npy,TRAIN,TRAIN,no,2,v40c_03828,orig_rule_03961
nframe_05169,data/images/nframe_05169.npy,TRAIN,TRAIN,no,2,v40c_03828,orig_rule_03961
nframe_05170,data/images/nframe_05170.npy,TRAIN,TRAIN,no,2,v40c_03828,orig_rule_03961
nframe_05171,data/images/nframe_05171.npy,TRAIN,TRAIN,no,3,v40c_03829,orig_rule_03962
nframe_05172,data/images/nframe_05172.npy,TRAIN,TRAIN,no,2,v40c_03829,orig_rule_03962
nframe_05173,data/images/nframe_05173.npy,TRAIN,TRAIN,no,2,v40c_03830,orig_singleton_nframe_05173
nframe_05174,data/images/nframe_05174.npy,TRAIN,TRAIN,no,2,v40c_03831,orig_rule_03964
nframe_05175,data/images/nframe_05175.npy,TRAIN,TRAIN,no,3,v40c_03831,orig_rule_03964
nframe_05176,data/images/nframe_05176.npy,TRAIN,TRAIN,no,3,v40c_03831,orig_rule_03964
nframe_05177,data/images/nframe_05177.npy,TRAIN,TRAIN,no,3,v40c_03831,orig_rule_03964
nframe_05178,data/images/nframe_05178.npy,TRAIN,TRAIN,no,4,v40c_03831,orig_rule_03964
nframe_05179,data/images/nframe_05179.npy,TRAIN,TRAIN,no,3,v40c_03831,orig_rule_03964
nframe_05180,data/images/nframe_05180.npy,TRAIN,TRAIN,no,3,v40c_03832,orig_rule_03965
nframe_05181,data/images/nframe_05181.npy,TRAIN,TRAIN,no,3,v40c_03832,orig_rule_03965
nframe_05182,data/images/nframe_05182.npy,TRAIN,TRAIN,no,3,v40c_03833,orig_singleton_nframe_05182
nframe_05183,data/images/nframe_05183.npy,TRAIN,TRAIN,no,3,v40c_03834,orig_singleton_nframe_05183
nframe_05184,data/images/nframe_05184.npy,TRAIN,TRAIN,no,3,v40c_03835,orig_rule_03968
nframe_05185,data/images/nframe_05185.npy,TRAIN,TRAIN,no,3,v40c_03835,orig_rule_03968
nframe_05186,data/images/nframe_05186.npy,TRAIN,TRAIN,no,2,v40c_03836,orig_rule_03969
nframe_05187,data/images/nframe_05187.npy,TRAIN,TRAIN,no,2,v40c_03835,orig_rule_03968
nframe_05188,data/images/nframe_05188.npy,TRAIN,TRAIN,no,2,v40c_03835,orig_rule_03968
nframe_05189,data/images/nframe_05189.npy,TRAIN,TRAIN,no,2,v40c_03835,orig_rule_03968
nframe_05190,data/images/nframe_05190.npy,TRAIN,TRAIN,no,2,v40c_03835,orig_rule_03968
nframe_05191,data/images/nframe_05191.npy,TRAIN,TRAIN,no,2,v40c_03836,orig_rule_03969
nframe_05192,data/images/nframe_05192.npy,TRAIN,TRAIN,no,2,v40c_03836,orig_rule_03969
nframe_05193,data/images/nframe_05193.npy,TRAIN,TRAIN,no,2,v40c_03836,orig_rule_03969
nframe_05194,data/images/nframe_05194.npy,TRAIN,TRAIN,no,2,v40c_03837,orig_rule_03970
nframe_05196,data/images/nframe_05196.npy,TRAIN,TRAIN,no,2,v40c_03837,orig_rule_03970
nframe_05197,data/images/nframe_05197.npy,TRAIN,TRAIN,no,2,v40c_03837,orig_rule_03970
nframe_05198,data/images/nframe_05198.npy,TRAIN,TRAIN,no,2,v40c_03838,orig_rule_03971
nframe_05199,data/images/nframe_05199.npy,TRAIN,TRAIN,no,2,v40c_03838,orig_rule_03971
nframe_05200,data/images/nframe_05200.npy,TRAIN,TRAIN,no,2,v40c_03839,orig_rule_03972
nframe_05201,data/images/nframe_05201.npy,TRAIN,TRAIN,no,2,v40c_03839,orig_rule_03972
nframe_05202,data/images/nframe_05202.npy,TRAIN,TRAIN,no,3,v40c_03840,orig_rule_03973
nframe_05203,data/images/nframe_05203.npy,TRAIN,TRAIN,no,3,v40c_03840,orig_rule_03973
nframe_05204,data/images/nframe_05204.npy,TRAIN,TRAIN,no,3,v40c_03841,orig_singleton_nframe_05204
nframe_05205,data/images/nframe_05205.npy,TRAIN,TRAIN,no,3,v40c_03842,orig_singleton_nframe_05205
nframe_05206,data/images/nframe_05206.npy,TRAIN,TRAIN,no,1,v40c_03843,orig_singleton_nframe_05206
nframe_05207,data/images/nframe_05207.npy,TRAIN,TRAIN,no,1,v40c_03844,orig_singleton_nframe_05207
nframe_05208,data/images/nframe_05208.npy,TRAIN,TRAIN,no,1,v40c_03845,orig_rule_03978
nframe_05209,data/images/nframe_05209.npy,TRAIN,TRAIN,no,1,v40c_03845,orig_rule_03978
nframe_05210,data/images/nframe_05210.npy,TRAIN,TRAIN,no,3,v40c_03846,orig_singleton_nframe_05210
nframe_05211,data/images/nframe_05211.npy,TRAIN,TRAIN,no,2,v40c_03847,orig_singleton_nframe_05211
nframe_05213,data/images/nframe_05213.npy,TRAIN,TRAIN,no,2,v40c_03848,orig_singleton_nframe_05213
nframe_05214,data/images/nframe_05214.npy,TRAIN,TRAIN,no,2,v40c_03849,orig_rule_03982
nframe_05215,data/images/nframe_05215.npy,TRAIN,TRAIN,no,2,v40c_03849,orig_rule_03982
nframe_05216,data/images/nframe_05216.npy,TRAIN,TRAIN,no,2,v40c_03850,orig_singleton_nframe_05216
nframe_05217,data/images/nframe_05217.npy,TRAIN,TRAIN,no,3,v40c_03851,orig_singleton_nframe_05217
nframe_05218,data/images/nframe_05218.npy,TRAIN,TRAIN,no,4,v40c_03852,orig_singleton_nframe_05218
nframe_05219,data/images/nframe_05219.npy,TRAIN,TRAIN,no,1,v40c_03853,orig_singleton_nframe_05219
nframe_05221,data/images/nframe_05221.npy,TRAIN,TRAIN,no,1,v40c_03854,orig_singleton_nframe_05221
nframe_05222,data/images/nframe_05222.npy,TRAIN,TRAIN,no,1,v40c_03855,orig_rule_03988
nframe_05223,data/images/nframe_05223.npy,TRAIN,TRAIN,no,3,v40c_03855,orig_rule_03988
nframe_05224,data/images/nframe_05224.npy,TRAIN,TRAIN,no,3,v40c_03856,orig_singleton_nframe_05224
nframe_05225,data/images/nframe_05225.npy,TRAIN,TRAIN,no,2,v40c_03857,orig_singleton_nframe_05225
nframe_05226,data/images/nframe_05226.npy,TRAIN,TRAIN,no,1,v40c_03858,orig_singleton_nframe_05226
nframe_05227,data/images/nframe_05227.npy,TRAIN,TRAIN,no,2,v40c_03859,orig_singleton_nframe_05227
nframe_05228,data/images/nframe_05228.npy,TRAIN,TRAIN,no,2,v40c_03860,orig_singleton_nframe_05228
nframe_05229,data/images/nframe_05229.npy,TRAIN,TRAIN,no,2,v40c_03861,orig_rule_03994
nframe_05230,data/images/nframe_05230.npy,TRAIN,TRAIN,no,3,v40c_03861,orig_rule_03994
nframe_05231,data/images/nframe_05231.npy,TRAIN,TRAIN,no,3,v40c_03862,orig_singleton_nframe_05231
nframe_05232,data/images/nframe_05232.npy,TRAIN,TRAIN,no,3,v40c_03861,orig_rule_03994
nframe_05233,data/images/nframe_05233.npy,TRAIN,TRAIN,no,3,v40c_03861,orig_rule_03994
nframe_05234,data/images/nframe_05234.npy,TRAIN,TRAIN,no,2,v40c_03861,orig_rule_03994
nframe_05235,data/images/nframe_05235.npy,TRAIN,TRAIN,no,3,v40c_03863,orig_singleton_nframe_05235
nframe_05236,data/images/nframe_05236.npy,TRAIN,TRAIN,no,3,v40c_03861,orig_rule_03994
nframe_05237,data/images/nframe_05237.npy,TRAIN,TRAIN,no,2,v40c_03864,orig_rule_03997
nframe_05238,data/images/nframe_05238.npy,TRAIN,TRAIN,no,3,v40c_03864,orig_rule_03997
nframe_05239,data/images/nframe_05239.npy,TRAIN,TRAIN,no,3,v40c_03865,orig_singleton_nframe_05239
nframe_05240,data/images/nframe_05240.npy,TRAIN,TRAIN,no,3,v40c_03866,orig_singleton_nframe_05240
nframe_05241,data/images/nframe_05241.npy,TRAIN,TRAIN,no,3,v40c_03867,orig_singleton_nframe_05241
nframe_05242,data/images/nframe_05242.npy,TRAIN,TRAIN,no,4,v40c_03868,orig_singleton_nframe_05242
nframe_05243,data/images/nframe_05243.npy,TRAIN,TRAIN,no,3,v40c_03869,orig_singleton_nframe_05243
nframe_05244,data/images/nframe_05244.npy,TRAIN,TRAIN,no,3,v40c_03870,orig_singleton_nframe_05244
nframe_05245,data/images/nframe_05245.npy,TRAIN,TRAIN,no,2,v40c_03871,orig_singleton_nframe_05245
nframe_05246,data/images/nframe_05246.npy,TRAIN,TRAIN,no,3,v40c_03872,orig_singleton_nframe_05246
nframe_05247,data/images/nframe_05247.npy,TRAIN,TRAIN,no,3,v40c_03873,orig_singleton_nframe_05247
nframe_05248,data/images/nframe_05248.npy,TRAIN,TRAIN,no,2,v40c_03874,orig_singleton_nframe_05248
nframe_05249,data/images/nframe_05249.npy,TRAIN,TRAIN,no,3,v40c_03875,orig_singleton_nframe_05249
nframe_05250,data/images/nframe_05250.npy,TRAIN,TRAIN,no,3,v40c_03876,orig_rule_04009
nframe_05251,data/images/nframe_05251.npy,TRAIN,TRAIN,no,3,v40c_03876,orig_rule_04009
nframe_05252,data/images/nframe_05252.npy,TRAIN,TRAIN,no,2,v40c_03877,orig_singleton_nframe_05252
nframe_05253,data/images/nframe_05253.npy,TRAIN,TRAIN,no,3,v40c_03878,orig_singleton_nframe_05253
nframe_05254,data/images/nframe_05254.npy,TRAIN,TRAIN,no,3,v40c_03879,orig_singleton_nframe_05254
nframe_05255,data/images/nframe_05255.npy,TRAIN,TRAIN,no,2,v40c_03880,orig_rule_04013
nframe_05256,data/images/nframe_05256.npy,TRAIN,TRAIN,no,2,v40c_03880,orig_rule_04013
nframe_05257,data/images/nframe_05257.npy,TRAIN,TRAIN,no,2,v40c_03880,orig_rule_04013
nframe_05258,data/images/nframe_05258.npy,TRAIN,TRAIN,no,2,v40c_03881,orig_singleton_nframe_05258
nframe_05259,data/images/nframe_05259.npy,TRAIN,TRAIN,no,3,v40c_03882,orig_singleton_nframe_05259
nframe_05260,data/images/nframe_05260.npy,TRAIN,TRAIN,no,3,v40c_03883,orig_rule_04016
nframe_05261,data/images/nframe_05261.npy,TRAIN,TRAIN,no,3,v40c_03883,orig_rule_04016
nframe_05262,data/images/nframe_05262.npy,TRAIN,TRAIN,no,3,v40c_03884,orig_rule_04017
nframe_05263,data/images/nframe_05263.npy,TRAIN,TRAIN,no,3,v40c_03884,orig_rule_04017
nframe_05264,data/images/nframe_05264.npy,TRAIN,TRAIN,no,3,v40c_03885,orig_singleton_nframe_05264
nframe_05265,data/images/nframe_05265.npy,TRAIN,TRAIN,no,3,v40c_03886,orig_singleton_nframe_05265
nframe_05266,data/images/nframe_05266.npy,TRAIN,TRAIN,no,4,v40c_03887,orig_singleton_nframe_05266
nframe_05267,data/images/nframe_05267.npy,TRAIN,TRAIN,no,4,v40c_03888,orig_singleton_nframe_05267
nframe_05268,data/images/nframe_05268.npy,TRAIN,TRAIN,no,3,v40c_03889,orig_rule_04022
nframe_05269,data/images/nframe_05269.npy,TRAIN,TRAIN,no,3,v40c_03889,orig_rule_04022
nframe_05270,data/images/nframe_05270.npy,TRAIN,TRAIN,no,3,v40c_03889,orig_rule_04022
nframe_05271,data/images/nframe_05271.npy,TRAIN,TRAIN,no,3,v40c_03890,orig_singleton_nframe_05271
nframe_05272,data/images/nframe_05272.npy,TRAIN,TRAIN,no,3,v40c_03891,orig_rule_04024
nframe_05273,data/images/nframe_05273.npy,TRAIN,TRAIN,no,3,v40c_03891,orig_rule_04024
nframe_05274,data/images/nframe_05274.npy,TRAIN,TRAIN,no,3,v40c_03892,orig_singleton_nframe_05274
nframe_05275,data/images/nframe_05275.npy,TRAIN,TRAIN,no,4,v40c_03893,orig_rule_04026
nframe_05276,data/images/nframe_05276.npy,TRAIN,TRAIN,no,3,v40c_03893,orig_rule_04026
nframe_05277,data/images/nframe_05277.npy,TRAIN,TRAIN,no,3,v40c_03893,orig_rule_04026
nframe_05278,data/images/nframe_05278.npy,TRAIN,TRAIN,no,3,v40c_03894,orig_rule_04027
nframe_05279,data/images/nframe_05279.npy,TRAIN,TRAIN,no,3,v40c_03894,orig_rule_04027
nframe_05280,data/images/nframe_05280.npy,TRAIN,TRAIN,no,3,v40c_03895,orig_rule_04028
nframe_05281,data/images/nframe_05281.npy,TRAIN,TRAIN,no,3,v40c_03895,orig_rule_04028
nframe_05282,data/images/nframe_05282.npy,TRAIN,TRAIN,no,3,v40c_03896,orig_rule_04029
nframe_05283,data/images/nframe_05283.npy,TRAIN,TRAIN,no,3,v40c_03896,orig_rule_04029
nframe_05284,data/images/nframe_05284.npy,TRAIN,TRAIN,no,2,v40c_03897,orig_singleton_nframe_05284
nframe_05285,data/images/nframe_05285.npy,TRAIN,TRAIN,no,2,v40c_03898,orig_singleton_nframe_05285
nframe_05286,data/images/nframe_05286.npy,TRAIN,TRAIN,no,2,v40c_03899,orig_singleton_nframe_05286
nframe_05287,data/images/nframe_05287.npy,TRAIN,TRAIN,no,2,v40c_03900,orig_rule_04033
nframe_05288,data/images/nframe_05288.npy,TRAIN,TRAIN,no,3,v40c_03900,orig_rule_04033
nframe_05289,data/images/nframe_05289.npy,TRAIN,TRAIN,no,2,v40c_03901,orig_singleton_nframe_05289
nframe_05290,data/images/nframe_05290.npy,TRAIN,TRAIN,no,2,v40c_03902,orig_singleton_nframe_05290
nframe_05291,data/images/nframe_05291.npy,TRAIN,TRAIN,no,3,v40c_03903,orig_singleton_nframe_05291
nframe_05292,data/images/nframe_05292.npy,TRAIN,TRAIN,no,3,v40c_03904,orig_singleton_nframe_05292
nframe_05293,data/images/nframe_05293.npy,TRAIN,TRAIN,no,3,v40c_03905,orig_singleton_nframe_05293
nframe_05294,data/images/nframe_05294.npy,TRAIN,TRAIN,no,2,v40c_03906,orig_singleton_nframe_05294
nframe_05295,data/images/nframe_05295.npy,TRAIN,TRAIN,no,3,v40c_03907,orig_singleton_nframe_05295
nframe_05296,data/images/nframe_05296.npy,TRAIN,TRAIN,no,2,v40c_03908,orig_singleton_nframe_05296
nframe_05297,data/images/nframe_05297.npy,TRAIN,TRAIN,no,2,v40c_03909,orig_singleton_nframe_05297
nframe_05298,data/images/nframe_05298.npy,TRAIN,TRAIN,no,2,v40c_03910,orig_rule_04043
nframe_05299,data/images/nframe_05299.npy,TRAIN,TRAIN,no,2,v40c_03911,orig_singleton_nframe_05299
nframe_05300,data/images/nframe_05300.npy,TRAIN,TRAIN,no,2,v40c_03912,orig_singleton_nframe_05300
nframe_05301,data/images/nframe_05301.npy,TRAIN,TRAIN,no,2,v40c_03913,orig_singleton_nframe_05301
nframe_05302,data/images/nframe_05302.npy,TRAIN,TRAIN,no,2,v40c_03914,orig_singleton_nframe_05302
nframe_05303,data/images/nframe_05303.npy,TRAIN,TRAIN,no,2,v40c_03915,orig_singleton_nframe_05303
nframe_05304,data/images/nframe_05304.npy,TRAIN,TRAIN,no,2,v40c_03916,orig_singleton_nframe_05304
nframe_05305,data/images/nframe_05305.npy,TRAIN,TRAIN,no,2,v40c_03917,orig_singleton_nframe_05305
nframe_05306,data/images/nframe_05306.npy,TRAIN,TRAIN,no,2,v40c_03918,orig_singleton_nframe_05306
nframe_05307,data/images/nframe_05307.npy,TRAIN,TRAIN,no,2,v40c_03919,orig_rule_04052
nframe_05308,data/images/nframe_05308.npy,TRAIN,TRAIN,no,2,v40c_03919,orig_rule_04052
nframe_05309,data/images/nframe_05309.npy,TRAIN,TRAIN,no,3,v40c_03919,orig_rule_04052
nframe_05310,data/images/nframe_05310.npy,TRAIN,TRAIN,no,3,v40c_03920,orig_singleton_nframe_05310
nframe_05311,data/images/nframe_05311.npy,TRAIN,TRAIN,no,3,v40c_03921,orig_singleton_nframe_05311
nframe_05312,data/images/nframe_05312.npy,TRAIN,TRAIN,no,2,v40c_03922,orig_rule_04055
nframe_05313,data/images/nframe_05313.npy,TRAIN,TRAIN,no,3,v40c_03922,orig_rule_04055
nframe_05314,data/images/nframe_05314.npy,TRAIN,TRAIN,no,3,v40c_03923,orig_singleton_nframe_05314
nframe_05315,data/images/nframe_05315.npy,TRAIN,TRAIN,no,2,v40c_03924,orig_singleton_nframe_05315
nframe_05316,data/images/nframe_05316.npy,TRAIN,TRAIN,no,3,v40c_03925,orig_rule_04058
nframe_05317,data/images/nframe_05317.npy,TRAIN,TRAIN,no,3,v40c_03925,orig_rule_04058
nframe_05318,data/images/nframe_05318.npy,TRAIN,TRAIN,no,3,v40c_03926,orig_singleton_nframe_05318
nframe_05319,data/images/nframe_05319.npy,TRAIN,TRAIN,no,3,v40c_03927,orig_singleton_nframe_05319
nframe_05320,data/images/nframe_05320.npy,TRAIN,TRAIN,no,3,v40c_03928,orig_singleton_nframe_05320
nframe_05321,data/images/nframe_05321.npy,TRAIN,TRAIN,no,3,v40c_03929,orig_rule_04062
nframe_05322,data/images/nframe_05322.npy,TRAIN,TRAIN,no,3,v40c_03929,orig_rule_04062
nframe_05323,data/images/nframe_05323.npy,TRAIN,TRAIN,no,3,v40c_03930,orig_singleton_nframe_05323
nframe_05324,data/images/nframe_05324.npy,TRAIN,TRAIN,no,3,v40c_03931,orig_singleton_nframe_05324
nframe_05325,data/images/nframe_05325.npy,TRAIN,TRAIN,no,2,v40c_03932,orig_singleton_nframe_05325
nframe_05326,data/images/nframe_05326.npy,TRAIN,TRAIN,no,3,v40c_03933,orig_rule_04066
nframe_05327,data/images/nframe_05327.npy,TRAIN,TRAIN,no,3,v40c_03933,orig_rule_04066
nframe_05328,data/images/nframe_05328.npy,TRAIN,TRAIN,no,3,v40c_03933,orig_rule_04066
nframe_05329,data/images/nframe_05329.npy,TRAIN,TRAIN,no,3,v40c_03910,orig_rule_04043
nframe_05330,data/images/nframe_05330.npy,TRAIN,TRAIN,no,1,v40c_03910,orig_rule_04043
nframe_05331,data/images/nframe_05331.npy,TRAIN,TRAIN,no,2,v40c_03910,orig_rule_04043
nframe_05332,data/images/nframe_05332.npy,TRAIN,TRAIN,no,2,v40c_03910,orig_rule_04043
nframe_05333,data/images/nframe_05333.npy,TRAIN,TRAIN,no,2,v40c_03910,orig_rule_04043
nframe_05334,data/images/nframe_05334.npy,TRAIN,TRAIN,no,2,v40c_03910,orig_rule_04043
nframe_05335,data/images/nframe_05335.npy,TRAIN,TRAIN,no,2,v40c_03910,orig_rule_04043
nframe_05336,data/images/nframe_05336.npy,TRAIN,TRAIN,no,2,v40c_03910,orig_rule_04043
nframe_05337,data/images/nframe_05337.npy,TRAIN,TRAIN,no,2,v40c_03910,orig_rule_04043
nframe_05338,data/images/nframe_05338.npy,TRAIN,TRAIN,no,2,v40c_03910,orig_rule_04043
nframe_05339,data/images/nframe_05339.npy,TRAIN,TRAIN,no,2,v40c_03910,orig_rule_04043
nframe_05340,data/images/nframe_05340.npy,TRAIN,TRAIN,no,2,v40c_03910,orig_rule_04043
nframe_05341,data/images/nframe_05341.npy,TRAIN,TRAIN,no,2,v40c_03910,orig_rule_04043
nframe_05342,data/images/nframe_05342.npy,TRAIN,TRAIN,no,2,v40c_03910,orig_rule_04043
nframe_05343,data/images/nframe_05343.npy,TRAIN,TRAIN,no,2,v40c_03910,orig_rule_04043
nframe_05344,data/images/nframe_05344.npy,TRAIN,TRAIN,no,2,v40c_03910,orig_rule_04043
nframe_05345,data/images/nframe_05345.npy,TRAIN,TRAIN,no,2,v40c_03910,orig_rule_04043
nframe_05346,data/images/nframe_05346.npy,TRAIN,TRAIN,no,2,v40c_03910,orig_rule_04043
nframe_05347,data/images/nframe_05347.npy,TRAIN,TRAIN,no,2,v40c_03910,orig_rule_04043
nframe_05348,data/images/nframe_05348.npy,TRAIN,TRAIN,no,2,v40c_03910,orig_rule_04043
nframe_05349,data/images/nframe_05349.npy,TRAIN,TRAIN,no,3,v40c_03910,orig_rule_04043
nframe_05350,data/images/nframe_05350.npy,TRAIN,TRAIN,no,3,v40c_03910,orig_rule_04043
nframe_05351,data/images/nframe_05351.npy,TRAIN,TRAIN,no,3,v40c_03910,orig_rule_04043
nframe_05352,data/images/nframe_05352.npy,TRAIN,TRAIN,no,2,v40c_03910,orig_rule_04043
nframe_05353,data/images/nframe_05353.npy,TRAIN,TRAIN,no,2,v40c_03910,orig_rule_04043
nframe_05354,data/images/nframe_05354.npy,TRAIN,TRAIN,no,2,v40c_03910,orig_rule_04043
nframe_05355,data/images/nframe_05355.npy,TRAIN,TRAIN,no,2,v40c_03910,orig_rule_04043
nframe_05356,data/images/nframe_05356.npy,TRAIN,TRAIN,no,2,v40c_03910,orig_rule_04043
nframe_05357,data/images/nframe_05357.npy,TRAIN,TRAIN,no,2,v40c_03910,orig_rule_04043
nframe_05358,data/images/nframe_05358.npy,TRAIN,TRAIN,no,2,v40c_03910,orig_rule_04043
nframe_05359,data/images/nframe_05359.npy,TRAIN,TRAIN,no,2,v40c_03910,orig_rule_04043
nframe_05360,data/images/nframe_05360.npy,TRAIN,TRAIN,no,2,v40c_03910,orig_rule_04043
nframe_05361,data/images/nframe_05361.npy,TRAIN,TRAIN,no,2,v40c_03910,orig_rule_04043
nframe_05362,data/images/nframe_05362.npy,TRAIN,TRAIN,no,2,v40c_03910,orig_rule_04043
nframe_05363,data/images/nframe_05363.npy,TRAIN,TRAIN,no,2,v40c_03910,orig_rule_04043
nframe_05364,data/images/nframe_05364.npy,TRAIN,TRAIN,no,2,v40c_03910,orig_rule_04043
nframe_05365,data/images/nframe_05365.npy,TRAIN,TRAIN,no,2,v40c_03910,orig_rule_04043
nframe_05366,data/images/nframe_05366.npy,TRAIN,TRAIN,no,3,v40c_03910,orig_rule_04043
nframe_05367,data/images/nframe_05367.npy,TRAIN,TRAIN,no,2,v40c_03910,orig_rule_04043
nframe_05368,data/images/nframe_05368.npy,TRAIN,TRAIN,no,3,v40c_03910,orig_rule_04043
nframe_05369,data/images/nframe_05369.npy,TRAIN,TRAIN,no,2,v40c_03910,orig_rule_04043
nframe_05370,data/images/nframe_05370.npy,TRAIN,TRAIN,no,2,v40c_03910,orig_rule_04043
nframe_05371,data/images/nframe_05371.npy,TRAIN,TRAIN,no,2,v40c_03910,orig_rule_04043
nframe_05372,data/images/nframe_05372.npy,TRAIN,TRAIN,no,2,v40c_03910,orig_rule_04043
nframe_05373,data/images/nframe_05373.npy,TRAIN,TRAIN,no,2,v40c_03910,orig_rule_04043
nframe_05374,data/images/nframe_05374.npy,TRAIN,TRAIN,no,2,v40c_03934,orig_singleton_nframe_05374
nframe_05375,data/images/nframe_05375.npy,TRAIN,TRAIN,no,3,v40c_03935,orig_singleton_nframe_05375
nframe_05376,data/images/nframe_05376.npy,TRAIN,TRAIN,no,3,v40c_03933,orig_rule_04066
nframe_05377,data/images/nframe_05377.npy,TRAIN,TRAIN,no,3,v40c_03933,orig_rule_04066
nframe_05378,data/images/nframe_05378.npy,TRAIN,TRAIN,no,4,v40c_03933,orig_rule_04066
nframe_05379,data/images/nframe_05379.npy,TRAIN,TRAIN,no,3,v40c_03933,orig_rule_04066
nframe_05380,data/images/nframe_05380.npy,TRAIN,TRAIN,no,3,v40c_03933,orig_rule_04066
nframe_05381,data/images/nframe_05381.npy,TRAIN,TRAIN,no,4,v40c_03933,orig_rule_04066
nframe_05382,data/images/nframe_05382.npy,TRAIN,TRAIN,no,3,v40c_03933,orig_rule_04066
nframe_05383,data/images/nframe_05383.npy,TRAIN,TRAIN,no,4,v40c_03933,orig_rule_04066
nframe_05384,data/images/nframe_05384.npy,TRAIN,TRAIN,no,4,v40c_03933,orig_rule_04066
nframe_05385,data/images/nframe_05385.npy,TRAIN,TRAIN,no,2,v40c_03933,orig_rule_04066
nframe_05386,data/images/nframe_05386.npy,TRAIN,TRAIN,no,2,v40c_03933,orig_rule_04066
nframe_05387,data/images/nframe_05387.npy,TRAIN,TRAIN,no,2,v40c_03933,orig_rule_04066
nframe_05388,data/images/nframe_05388.npy,TRAIN,TRAIN,no,2,v40c_03936,orig_singleton_nframe_05388
nframe_05389,data/images/nframe_05389.npy,TRAIN,TRAIN,no,2,v40c_03937,orig_singleton_nframe_05389
nframe_05390,data/images/nframe_05390.npy,TRAIN,TRAIN,no,2,v40c_03938,orig_rule_04071
nframe_05391,data/images/nframe_05391.npy,TRAIN,TRAIN,no,2,v40c_03938,orig_rule_04071
nframe_05392,data/images/nframe_05392.npy,TRAIN,TRAIN,no,2,v40c_03938,orig_rule_04071
nframe_05393,data/images/nframe_05393.npy,TRAIN,TRAIN,no,2,v40c_03938,orig_rule_04071
nframe_05394,data/images/nframe_05394.npy,TRAIN,TRAIN,no,2,v40c_03938,orig_rule_04071
nframe_05395,data/images/nframe_05395.npy,TRAIN,TRAIN,no,2,v40c_03939,orig_singleton_nframe_05395
nframe_05396,data/images/nframe_05396.npy,TRAIN,TRAIN,no,2,v40c_03940,orig_singleton_nframe_05396
nframe_05397,data/images/nframe_05397.npy,TRAIN,TRAIN,no,2,v40c_03941,orig_singleton_nframe_05397
nframe_05398,data/images/nframe_05398.npy,TRAIN,TRAIN,no,2,v40c_03942,orig_singleton_nframe_05398
nframe_05399,data/images/nframe_05399.npy,TRAIN,TRAIN,no,2,v40c_03943,orig_singleton_nframe_05399
nframe_05400,data/images/nframe_05400.npy,TRAIN,TRAIN,no,2,v40c_03944,orig_singleton_nframe_05400
nframe_05401,data/images/nframe_05401.npy,TRAIN,TRAIN,no,2,v40c_03945,orig_rule_04078
nframe_05402,data/images/nframe_05402.npy,TRAIN,TRAIN,no,2,v40c_03945,orig_rule_04078
nframe_05403,data/images/nframe_05403.npy,TRAIN,TRAIN,no,2,v40c_03946,orig_rule_04079
nframe_05404,data/images/nframe_05404.npy,TRAIN,TRAIN,no,2,v40c_03946,orig_rule_04079
nframe_05405,data/images/nframe_05405.npy,TRAIN,TRAIN,no,2,v40c_03947,orig_singleton_nframe_05405
nframe_05406,data/images/nframe_05406.npy,TRAIN,TRAIN,no,1,v40c_03948,orig_singleton_nframe_05406
nframe_05408,data/images/nframe_05408.npy,TRAIN,TRAIN,no,1,v40c_03949,orig_singleton_nframe_05408
nframe_05409,data/images/nframe_05409.npy,TRAIN,TRAIN,no,3,v40c_03950,orig_singleton_nframe_05409
nframe_05410,data/images/nframe_05410.npy,TRAIN,TRAIN,no,3,v40c_03951,orig_singleton_nframe_05410
nframe_05411,data/images/nframe_05411.npy,TRAIN,TRAIN,no,2,v40c_03952,orig_rule_04085
nframe_05412,data/images/nframe_05412.npy,TRAIN,TRAIN,no,3,v40c_03952,orig_rule_04085
nframe_05413,data/images/nframe_05413.npy,TRAIN,TRAIN,no,1,v40c_02883,orig_rule_02963
nframe_05414,data/images/nframe_05414.npy,TRAIN,TRAIN,no,2,v40c_02883,orig_rule_02963
nframe_05415,data/images/nframe_05415.npy,TRAIN,TRAIN,no,2,v40c_03953,orig_singleton_nframe_05415
nframe_05416,data/images/nframe_05416.npy,TRAIN,TRAIN,no,2,v40c_03954,orig_singleton_nframe_05416
nframe_05417,data/images/nframe_05417.npy,TRAIN,TRAIN,no,2,v40c_03955,orig_singleton_nframe_05417
nframe_05418,data/images/nframe_05418.npy,TRAIN,TRAIN,no,2,v40c_03956,orig_singleton_nframe_05418
nframe_05419,data/images/nframe_05419.npy,TRAIN,TRAIN,no,2,v40c_03957,orig_rule_04090
nframe_05420,data/images/nframe_05420.npy,TRAIN,TRAIN,no,3,v40c_03957,orig_rule_04090
nframe_05421,data/images/nframe_05421.npy,TRAIN,TRAIN,no,3,v40c_03958,orig_rule_04091
nframe_05422,data/images/nframe_05422.npy,TRAIN,TRAIN,no,3,v40c_03958,orig_rule_04091
nframe_05423,data/images/nframe_05423.npy,TRAIN,TRAIN,no,3,v40c_03958,orig_rule_04091
nframe_05424,data/images/nframe_05424.npy,TRAIN,TRAIN,no,3,v40c_03958,orig_rule_04091
nframe_05425,data/images/nframe_05425.npy,TRAIN,TRAIN,no,3,v40c_03958,orig_rule_04091
nframe_05426,data/images/nframe_05426.npy,TRAIN,TRAIN,no,3,v40c_03958,orig_rule_04091
nframe_05427,data/images/nframe_05427.npy,TRAIN,TRAIN,no,3,v40c_03958,orig_rule_04091
nframe_05428,data/images/nframe_05428.npy,TRAIN,TRAIN,no,3,v40c_03958,orig_rule_04091
nframe_05429,data/images/nframe_05429.npy,TRAIN,TRAIN,no,3,v40c_03958,orig_rule_04091
nframe_05430,data/images/nframe_05430.npy,TRAIN,TRAIN,no,3,v40c_03958,orig_rule_04091
nframe_05431,data/images/nframe_05431.npy,TRAIN,TRAIN,no,3,v40c_03958,orig_rule_04091
nframe_05432,data/images/nframe_05432.npy,TRAIN,TRAIN,no,3,v40c_03958,orig_rule_04091
nframe_05433,data/images/nframe_05433.npy,TRAIN,TRAIN,no,2,v40c_03958,orig_rule_04091
nframe_05434,data/images/nframe_05434.npy,TRAIN,TRAIN,no,2,v40c_03958,orig_rule_04091
nframe_05435,data/images/nframe_05435.npy,TRAIN,TRAIN,no,2,v40c_03958,orig_rule_04091
nframe_05436,data/images/nframe_05436.npy,TRAIN,TRAIN,no,2,v40c_03958,orig_rule_04091
nframe_05437,data/images/nframe_05437.npy,TRAIN,TRAIN,no,2,v40c_03958,orig_rule_04091
nframe_05438,data/images/nframe_05438.npy,TRAIN,TRAIN,no,2,v40c_03958,orig_rule_04091
nframe_05439,data/images/nframe_05439.npy,TRAIN,TRAIN,no,2,v40c_03958,orig_rule_04091
nframe_05440,data/images/nframe_05440.npy,TRAIN,TRAIN,no,2,v40c_03958,orig_rule_04091
nframe_05441,data/images/nframe_05441.npy,TRAIN,TRAIN,no,2,v40c_03958,orig_rule_04091
nframe_05442,data/images/nframe_05442.npy,TRAIN,TRAIN,no,3,v40c_03958,orig_rule_04091
nframe_05443,data/images/nframe_05443.npy,TRAIN,TRAIN,no,3,v40c_03958,orig_rule_04091
nframe_05444,data/images/nframe_05444.npy,TRAIN,TRAIN,no,3,v40c_03958,orig_rule_04091
nframe_05445,data/images/nframe_05445.npy,TRAIN,TRAIN,no,2,v40c_03959,orig_singleton_nframe_05445
nframe_05446,data/images/nframe_05446.npy,TRAIN,TRAIN,no,2,v40c_03960,orig_singleton_nframe_05446
nframe_05447,data/images/nframe_05447.npy,TRAIN,TRAIN,no,2,v40c_03961,orig_singleton_nframe_05447
nframe_05448,data/images/nframe_05448.npy,TRAIN,TRAIN,no,2,v40c_03962,orig_rule_04095
nframe_05449,data/images/nframe_05449.npy,TRAIN,TRAIN,no,2,v40c_03962,orig_rule_04095
nframe_05450,data/images/nframe_05450.npy,TRAIN,TRAIN,no,2,v40c_03962,orig_rule_04095
nframe_05451,data/images/nframe_05451.npy,TRAIN,TRAIN,no,2,v40c_03962,orig_rule_04095
nframe_05453,data/images/nframe_05453.npy,TRAIN,TRAIN,no,2,v40c_03963,orig_singleton_nframe_05453
nframe_05454,data/images/nframe_05454.npy,TRAIN,TRAIN,no,2,v40c_03964,orig_singleton_nframe_05454
nframe_05455,data/images/nframe_05455.npy,TRAIN,TRAIN,no,2,v40c_03965,orig_rule_04098
nframe_05456,data/images/nframe_05456.npy,TRAIN,TRAIN,no,2,v40c_03965,orig_rule_04098
nframe_05457,data/images/nframe_05457.npy,TRAIN,TRAIN,no,2,v40c_03966,orig_rule_04099
nframe_05458,data/images/nframe_05458.npy,TRAIN,TRAIN,no,2,v40c_03966,orig_rule_04099
nframe_05459,data/images/nframe_05459.npy,TRAIN,TRAIN,no,2,v40c_03966,orig_rule_04099
nframe_05460,data/images/nframe_05460.npy,TRAIN,TRAIN,no,3,v40c_03967,orig_singleton_nframe_05460
nframe_05461,data/images/nframe_05461.npy,TRAIN,TRAIN,no,3,v40c_03968,orig_rule_04101
nframe_05462,data/images/nframe_05462.npy,TRAIN,TRAIN,no,3,v40c_03968,orig_rule_04101
nframe_05463,data/images/nframe_05463.npy,TRAIN,TRAIN,no,2,v40c_03968,orig_rule_04101
nframe_05464,data/images/nframe_05464.npy,TRAIN,TRAIN,no,1,v40c_03969,orig_singleton_nframe_05464
nframe_05465,data/images/nframe_05465.npy,TRAIN,TRAIN,no,1,v40c_03970,orig_singleton_nframe_05465
nframe_05466,data/images/nframe_05466.npy,TRAIN,TRAIN,no,1,v40c_03971,orig_singleton_nframe_05466
nframe_05467,data/images/nframe_05467.npy,TRAIN,TRAIN,no,3,v40c_03972,orig_singleton_nframe_05467
nframe_05468,data/images/nframe_05468.npy,TRAIN,TRAIN,no,2,v40c_03973,orig_rule_04106
nframe_05469,data/images/nframe_05469.npy,TRAIN,TRAIN,no,2,v40c_03974,orig_rule_04107
nframe_05470,data/images/nframe_05470.npy,TRAIN,TRAIN,no,3,v40c_03974,orig_rule_04107
nframe_05471,data/images/nframe_05471.npy,TRAIN,TRAIN,no,2,v40c_03975,orig_rule_04108
nframe_05472,data/images/nframe_05472.npy,TRAIN,TRAIN,no,2,v40c_03976,orig_singleton_nframe_05472
nframe_05473,data/images/nframe_05473.npy,TRAIN,TRAIN,no,2,v40c_03975,orig_rule_04108
nframe_05474,data/images/nframe_05474.npy,TRAIN,TRAIN,no,2,v40c_03975,orig_rule_04108
nframe_05475,data/images/nframe_05475.npy,TRAIN,TRAIN,no,2,v40c_03975,orig_rule_04108
nframe_05476,data/images/nframe_05476.npy,TRAIN,TRAIN,no,2,v40c_03975,orig_rule_04108
nframe_05477,data/images/nframe_05477.npy,TRAIN,TRAIN,no,2,v40c_03975,orig_rule_04108
nframe_05478,data/images/nframe_05478.npy,TRAIN,TRAIN,no,2,v40c_03975,orig_rule_04108
nframe_05479,data/images/nframe_05479.npy,TRAIN,TRAIN,no,2,v40c_03975,orig_rule_04108
nframe_05480,data/images/nframe_05480.npy,TRAIN,TRAIN,no,2,v40c_03975,orig_rule_04108
nframe_05481,data/images/nframe_05481.npy,TRAIN,TRAIN,no,2,v40c_03975,orig_rule_04108
nframe_05482,data/images/nframe_05482.npy,TRAIN,TRAIN,no,2,v40c_03973,orig_rule_04106
nframe_05483,data/images/nframe_05483.npy,TRAIN,TRAIN,no,2,v40c_03973,orig_rule_04106
nframe_05484,data/images/nframe_05484.npy,TRAIN,TRAIN,no,3,v40c_03973,orig_rule_04106
nframe_05485,data/images/nframe_05485.npy,TRAIN,TRAIN,no,3,v40c_03973,orig_rule_04106
nframe_05486,data/images/nframe_05486.npy,TRAIN,TRAIN,no,3,v40c_03973,orig_rule_04106
nframe_05487,data/images/nframe_05487.npy,TRAIN,TRAIN,no,3,v40c_03973,orig_rule_04106
nframe_05488,data/images/nframe_05488.npy,TRAIN,TRAIN,no,2,v40c_03973,orig_rule_04106
nframe_05489,data/images/nframe_05489.npy,TRAIN,TRAIN,no,2,v40c_03973,orig_rule_04106
nframe_05490,data/images/nframe_05490.npy,TRAIN,TRAIN,no,3,v40c_03973,orig_rule_04106
nframe_05491,data/images/nframe_05491.npy,TRAIN,TRAIN,no,3,v40c_03977,orig_singleton_nframe_05491
nframe_05492,data/images/nframe_05492.npy,TRAIN,TRAIN,no,2,v40c_03978,orig_rule_04111
nframe_05493,data/images/nframe_05493.npy,TRAIN,TRAIN,no,2,v40c_03978,orig_rule_04111
nframe_05494,data/images/nframe_05494.npy,TRAIN,TRAIN,no,2,v40c_03979,orig_rule_04112
nframe_05495,data/images/nframe_05495.npy,TRAIN,TRAIN,no,2,v40c_03979,orig_rule_04112
nframe_05496,data/images/nframe_05496.npy,TRAIN,TRAIN,no,2,v40c_03979,orig_rule_04112
nframe_05497,data/images/nframe_05497.npy,TRAIN,TRAIN,no,2,v40c_03980,orig_rule_04113
nframe_05498,data/images/nframe_05498.npy,TRAIN,TRAIN,no,2,v40c_03980,orig_rule_04113
nframe_05499,data/images/nframe_05499.npy,TRAIN,TRAIN,no,1,v40c_03981,orig_rule_04114
nframe_05500,data/images/nframe_05500.npy,TRAIN,TRAIN,no,1,v40c_03981,orig_rule_04114
nframe_05501,data/images/nframe_05501.npy,TRAIN,TRAIN,no,2,v40c_03981,orig_rule_04114
nframe_05502,data/images/nframe_05502.npy,TRAIN,TRAIN,no,1,v40c_03981,orig_rule_04114
nframe_05503,data/images/nframe_05503.npy,TRAIN,TRAIN,no,1,v40c_03982,orig_rule_04115
nframe_05504,data/images/nframe_05504.npy,TRAIN,TRAIN,no,2,v40c_03982,orig_rule_04115
nframe_05505,data/images/nframe_05505.npy,TRAIN,TRAIN,no,2,v40c_03982,orig_rule_04115
nframe_05506,data/images/nframe_05506.npy,TRAIN,TRAIN,no,2,v40c_03983,orig_singleton_nframe_05506
nframe_05507,data/images/nframe_05507.npy,TRAIN,TRAIN,no,2,v40c_03984,orig_singleton_nframe_05507
nframe_05508,data/images/nframe_05508.npy,TRAIN,TRAIN,no,2,v40c_03985,orig_singleton_nframe_05508
nframe_05509,data/images/nframe_05509.npy,TRAIN,TRAIN,no,2,v40c_03986,orig_singleton_nframe_05509
nframe_05510,data/images/nframe_05510.npy,TRAIN,TRAIN,no,2,v40c_03987,orig_singleton_nframe_05510
nframe_05511,data/images/nframe_05511.npy,TRAIN,TRAIN,no,2,v40c_03988,orig_singleton_nframe_05511
nframe_05512,data/images/nframe_05512.npy,TRAIN,TRAIN,no,2,v40c_03989,orig_singleton_nframe_05512
nframe_05513,data/images/nframe_05513.npy,TRAIN,TRAIN,no,2,v40c_03990,orig_singleton_nframe_05513
nframe_05514,data/images/nframe_05514.npy,TRAIN,TRAIN,no,2,v40c_03991,orig_singleton_nframe_05514
nframe_05515,data/images/nframe_05515.npy,TRAIN,TRAIN,no,2,v40c_03992,orig_rule_04125
nframe_05516,data/images/nframe_05516.npy,TRAIN,TRAIN,no,2,v40c_03992,orig_rule_04125
nframe_05517,data/images/nframe_05517.npy,TRAIN,TRAIN,no,2,v40c_03993,orig_singleton_nframe_05517
nframe_05518,data/images/nframe_05518.npy,TRAIN,TRAIN,no,3,v40c_03994,orig_singleton_nframe_05518
nframe_05519,data/images/nframe_05519.npy,TRAIN,TRAIN,no,3,v40c_03995,orig_rule_04128
nframe_05520,data/images/nframe_05520.npy,TRAIN,TRAIN,no,3,v40c_03995,orig_rule_04128
nframe_05521,data/images/nframe_05521.npy,TRAIN,TRAIN,no,3,v40c_03995,orig_rule_04128
nframe_05522,data/images/nframe_05522.npy,TRAIN,TRAIN,no,3,v40c_03996,orig_rule_04129
nframe_05523,data/images/nframe_05523.npy,TRAIN,TRAIN,no,2,v40c_03996,orig_rule_04129
nframe_05524,data/images/nframe_05524.npy,TRAIN,TRAIN,no,2,v40c_03996,orig_rule_04129
nframe_05525,data/images/nframe_05525.npy,TRAIN,TRAIN,no,2,v40c_03997,orig_singleton_nframe_05525
nframe_05526,data/images/nframe_05526.npy,TRAIN,TRAIN,no,2,v40c_03998,orig_singleton_nframe_05526
nframe_05527,data/images/nframe_05527.npy,TRAIN,TRAIN,no,2,v40c_03999,orig_singleton_nframe_05527
nframe_05528,data/images/nframe_05528.npy,TRAIN,TRAIN,no,3,v40c_04000,orig_singleton_nframe_05528
nframe_05529,data/images/nframe_05529.npy,TRAIN,TRAIN,no,2,v40c_04001,orig_rule_04134
nframe_05530,data/images/nframe_05530.npy,TRAIN,TRAIN,no,3,v40c_04001,orig_rule_04134
nframe_05531,data/images/nframe_05531.npy,TRAIN,TRAIN,no,3,v40c_04001,orig_rule_04134
nframe_05532,data/images/nframe_05532.npy,TRAIN,TRAIN,no,3,v40c_04002,orig_rule_04135
nframe_05533,data/images/nframe_05533.npy,TRAIN,TRAIN,no,3,v40c_04002,orig_rule_04135
nframe_05534,data/images/nframe_05534.npy,TRAIN,TRAIN,no,3,v40c_04002,orig_rule_04135
nframe_05535,data/images/nframe_05535.npy,TRAIN,TRAIN,no,3,v40c_04002,orig_rule_04135
nframe_05536,data/images/nframe_05536.npy,TRAIN,TRAIN,no,3,v40c_04002,orig_rule_04135
nframe_05537,data/images/nframe_05537.npy,TRAIN,TRAIN,no,2,v40c_04002,orig_rule_04135
nframe_05538,data/images/nframe_05538.npy,TRAIN,TRAIN,no,3,v40c_04003,orig_singleton_nframe_05538
nframe_05539,data/images/nframe_05539.npy,TRAIN,TRAIN,no,3,v40c_04004,orig_singleton_nframe_05539
nframe_05540,data/images/nframe_05540.npy,TRAIN,TRAIN,no,3,v40c_04005,orig_singleton_nframe_05540
nframe_05541,data/images/nframe_05541.npy,TRAIN,TRAIN,no,3,v40c_04006,orig_singleton_nframe_05541
nframe_05542,data/images/nframe_05542.npy,TRAIN,TRAIN,no,2,v40c_04007,orig_singleton_nframe_05542
nframe_05543,data/images/nframe_05543.npy,TRAIN,TRAIN,no,2,v40c_04008,orig_rule_04141
nframe_05544,data/images/nframe_05544.npy,TRAIN,TRAIN,no,2,v40c_04008,orig_rule_04141
nframe_05545,data/images/nframe_05545.npy,VALIDATION,TRAIN,yes,2,v40c_04008,orig_singleton_nframe_05545
nframe_05546,data/images/nframe_05546.npy,TRAIN,TRAIN,no,2,v40c_04009,orig_singleton_nframe_05546
nframe_05547,data/images/nframe_05547.npy,TRAIN,TRAIN,no,3,v40c_02883,orig_rule_02963
nframe_05548,data/images/nframe_05548.npy,TRAIN,VALIDATION,yes,3,v40c_04010,orig_singleton_nframe_05548
nframe_05549,data/images/nframe_05549.npy,VALIDATION,VALIDATION,no,2,v40c_04010,orig_singleton_nframe_05549
nframe_05550,data/images/nframe_05550.npy,TRAIN,TRAIN,no,3,v40c_02883,orig_rule_02963
nframe_05551,data/images/nframe_05551.npy,TRAIN,TRAIN,no,1,v40c_04011,orig_singleton_nframe_05551
nframe_05552,data/images/nframe_05552.npy,TRAIN,TRAIN,no,2,v40c_02883,orig_rule_02963
nframe_05553,data/images/nframe_05553.npy,TRAIN,TRAIN,no,1,v40c_02883,orig_rule_02963
nframe_05554,data/images/nframe_05554.npy,TRAIN,TRAIN,no,1,v40c_04012,orig_singleton_nframe_05554
nframe_05555,data/images/nframe_05555.npy,TRAIN,TRAIN,no,1,v40c_04013,orig_singleton_nframe_05555
nframe_05556,data/images/nframe_05556.npy,TRAIN,TRAIN,no,1,v40c_04014,orig_rule_04149
nframe_05557,data/images/nframe_05557.npy,TRAIN,TRAIN,no,1,v40c_04015,orig_singleton_nframe_05557
nframe_05559,data/images/nframe_05559.npy,TRAIN,TRAIN,no,2,v40c_04016,orig_singleton_nframe_05559
nframe_05560,data/images/nframe_05560.npy,TRAIN,TRAIN,no,1,v40c_04017,orig_singleton_nframe_05560
nframe_05561,data/images/nframe_05561.npy,TRAIN,TRAIN,no,1,v40c_04018,orig_singleton_nframe_05561
nframe_05562,data/images/nframe_05562.npy,TRAIN,TRAIN,no,1,v40c_04019,orig_rule_04154
nframe_05563,data/images/nframe_05563.npy,TRAIN,TRAIN,no,1,v40c_04019,orig_rule_04154
nframe_05564,data/images/nframe_05564.npy,TRAIN,TRAIN,no,1,v40c_04020,orig_singleton_nframe_05564
nframe_05599,data/images/nframe_05599.npy,TRAIN,TRAIN,no,1,v40c_04021,orig_singleton_nframe_05599
nframe_05600,data/images/nframe_05600.npy,TRAIN,TRAIN,no,1,v40c_04022,orig_singleton_nframe_05600
nframe_05601,data/images/nframe_05601.npy,TRAIN,TRAIN,no,1,v40c_04023,orig_singleton_nframe_05601
nframe_05602,data/images/nframe_05602.npy,TRAIN,TRAIN,no,1,v40c_04024,orig_singleton_nframe_05602
nframe_05603,data/images/nframe_05603.npy,TRAIN,TRAIN,no,1,v40c_04025,orig_rule_04160
nframe_05604,data/images/nframe_05604.npy,TRAIN,TRAIN,no,1,v40c_04025,orig_rule_04160
nframe_05605,data/images/nframe_05605.npy,TRAIN,TRAIN,no,1,v40c_04026,orig_singleton_nframe_05605
nframe_05606,data/images/nframe_05606.npy,TRAIN,TRAIN,no,1,v40c_04027,orig_singleton_nframe_05606
nframe_05607,data/images/nframe_05607.npy,TRAIN,TRAIN,no,1,v40c_04028,orig_rule_04163
nframe_05608,data/images/nframe_05608.npy,TRAIN,TRAIN,no,1,v40c_04028,orig_rule_04163
nframe_05609,data/images/nframe_05609.npy,TRAIN,TRAIN,no,1,v40c_04029,orig_singleton_nframe_05609
nframe_05610,data/images/nframe_05610.npy,TRAIN,TRAIN,no,1,v40c_04030,orig_singleton_nframe_05610
nframe_05613,data/images/nframe_05613.npy,TRAIN,TRAIN,no,1,v40c_04031,orig_singleton_nframe_05613
nframe_05632,data/images/nframe_05632.npy,VALIDATION,VALIDATION,no,1,v40c_04032,orig_singleton_nframe_05632
nframe_05633,data/images/nframe_05633.npy,VALIDATION,VALIDATION,no,1,v40c_04033,orig_singleton_nframe_05633
nframe_05634,data/images/nframe_05634.npy,VALIDATION,VALIDATION,no,2,v40c_04034,orig_singleton_nframe_05634
nframe_05635,data/images/nframe_05635.npy,VALIDATION,VALIDATION,no,2,v40c_04035,orig_singleton_nframe_05635
nframe_05636,data/images/nframe_05636.npy,VALIDATION,VALIDATION,no,3,v40c_04036,orig_singleton_nframe_05636
nframe_05637,data/images/nframe_05637.npy,VALIDATION,VALIDATION,no,2,v40c_04037,orig_singleton_nframe_05637
nframe_05638,data/images/nframe_05638.npy,VALIDATION,VALIDATION,no,2,v40c_04038,orig_singleton_nframe_05638
nframe_05639,data/images/nframe_05639.npy,VALIDATION,VALIDATION,no,3,v40c_04039,orig_singleton_nframe_05639
nframe_05640,data/images/nframe_05640.npy,VALIDATION,VALIDATION,no,3,v40c_04040,orig_singleton_nframe_05640
nframe_05641,data/images/nframe_05641.npy,VALIDATION,VALIDATION,no,3,v40c_04041,orig_singleton_nframe_05641
nframe_05642,data/images/nframe_05642.npy,VALIDATION,VALIDATION,no,3,v40c_04042,orig_singleton_nframe_05642
nframe_05643,data/images/nframe_05643.npy,VALIDATION,VALIDATION,no,3,v40c_04043,orig_singleton_nframe_05643
nframe_05644,data/images/nframe_05644.npy,VALIDATION,VALIDATION,no,3,v40c_04044,orig_singleton_nframe_05644
nframe_05645,data/images/nframe_05645.npy,VALIDATION,VALIDATION,no,3,v40c_04045,orig_singleton_nframe_05645
nframe_05646,data/images/nframe_05646.npy,VALIDATION,VALIDATION,no,3,v40c_04046,orig_singleton_nframe_05646
nframe_05647,data/images/nframe_05647.npy,VALIDATION,VALIDATION,no,2,v40c_04047,orig_singleton_nframe_05647
nframe_05648,data/images/nframe_05648.npy,VALIDATION,VALIDATION,no,2,v40c_04048,orig_singleton_nframe_05648
nframe_05649,data/images/nframe_05649.npy,VALIDATION,VALIDATION,no,2,v40c_04049,orig_singleton_nframe_05649
nframe_05650,data/images/nframe_05650.npy,VALIDATION,VALIDATION,no,2,v40c_04050,orig_singleton_nframe_05650
nframe_05651,data/images/nframe_05651.npy,VALIDATION,VALIDATION,no,1,v40c_04051,orig_singleton_nframe_05651
nframe_05652,data/images/nframe_05652.npy,VALIDATION,VALIDATION,no,1,v40c_04052,orig_singleton_nframe_05652
nframe_05653,data/images/nframe_05653.npy,VALIDATION,VALIDATION,no,1,v40c_04053,orig_rule_04188
nframe_05654,data/images/nframe_05654.npy,VALIDATION,VALIDATION,no,1,v40c_04053,orig_rule_04188
nframe_05655,data/images/nframe_05655.npy,VALIDATION,VALIDATION,no,1,v40c_04054,orig_rule_04189
nframe_05656,data/images/nframe_05656.npy,VALIDATION,VALIDATION,no,1,v40c_04054,orig_rule_04189
nframe_05657,data/images/nframe_05657.npy,VALIDATION,VALIDATION,no,1,v40c_04055,orig_singleton_nframe_05657
nframe_05658,data/images/nframe_05658.npy,VALIDATION,VALIDATION,no,1,v40c_04056,orig_singleton_nframe_05658
nframe_05659,data/images/nframe_05659.npy,VALIDATION,VALIDATION,no,1,v40c_04057,orig_singleton_nframe_05659
nframe_05660,data/images/nframe_05660.npy,VALIDATION,VALIDATION,no,1,v40c_04058,orig_singleton_nframe_05660
nframe_05661,data/images/nframe_05661.npy,VALIDATION,VALIDATION,no,1,v40c_04059,orig_singleton_nframe_05661
nframe_05662,data/images/nframe_05662.npy,VALIDATION,VALIDATION,no,1,v40c_04060,orig_singleton_nframe_05662
nframe_05663,data/images/nframe_05663.npy,VALIDATION,VALIDATION,no,1,v40c_04061,orig_singleton_nframe_05663
nframe_05664,data/images/nframe_05664.npy,VALIDATION,VALIDATION,no,1,v40c_04062,orig_singleton_nframe_05664
nframe_05665,data/images/nframe_05665.npy,VALIDATION,VALIDATION,no,1,v40c_04063,orig_singleton_nframe_05665
nframe_05666,data/images/nframe_05666.npy,VALIDATION,VALIDATION,no,1,v40c_04064,orig_singleton_nframe_05666
nframe_05667,data/images/nframe_05667.npy,VALIDATION,VALIDATION,no,1,v40c_04065,orig_singleton_nframe_05667
nframe_05668,data/images/nframe_05668.npy,VALIDATION,VALIDATION,no,1,v40c_04066,orig_singleton_nframe_05668
nframe_05669,data/images/nframe_05669.npy,VALIDATION,VALIDATION,no,1,v40c_04067,orig_singleton_nframe_05669
nframe_05670,data/images/nframe_05670.npy,VALIDATION,VALIDATION,no,1,v40c_04068,orig_singleton_nframe_05670
nframe_05675,data/images/nframe_05675.npy,VALIDATION,VALIDATION,no,1,v40c_04069,orig_singleton_nframe_05675
nframe_05676,data/images/nframe_05676.npy,VALIDATION,VALIDATION,no,2,v40c_04070,orig_singleton_nframe_05676
nframe_05677,data/images/nframe_05677.npy,VALIDATION,VALIDATION,no,1,v40c_04071,orig_singleton_nframe_05677
nframe_05678,data/images/nframe_05678.npy,VALIDATION,VALIDATION,no,1,v40c_04072,orig_singleton_nframe_05678
nframe_05679,data/images/nframe_05679.npy,VALIDATION,VALIDATION,no,2,v40c_04073,orig_singleton_nframe_05679
nframe_05680,data/images/nframe_05680.npy,VALIDATION,VALIDATION,no,2,v40c_04074,orig_singleton_nframe_05680
nframe_05681,data/images/nframe_05681.npy,VALIDATION,VALIDATION,no,2,v40c_04075,orig_singleton_nframe_05681
nframe_05682,data/images/nframe_05682.npy,VALIDATION,VALIDATION,no,2,v40c_04076,orig_rule_04211
nframe_05683,data/images/nframe_05683.npy,VALIDATION,VALIDATION,no,2,v40c_04076,orig_rule_04211
nframe_05684,data/images/nframe_05684.npy,VALIDATION,VALIDATION,no,2,v40c_04077,orig_singleton_nframe_05684
nframe_05685,data/images/nframe_05685.npy,VALIDATION,VALIDATION,no,2,v40c_04078,orig_rule_04213
nframe_05686,data/images/nframe_05686.npy,VALIDATION,VALIDATION,no,2,v40c_04078,orig_rule_04213
nframe_05687,data/images/nframe_05687.npy,VALIDATION,VALIDATION,no,2,v40c_04079,orig_rule_04214
nframe_05688,data/images/nframe_05688.npy,VALIDATION,VALIDATION,no,2,v40c_04079,orig_rule_04214
nframe_05689,data/images/nframe_05689.npy,VALIDATION,VALIDATION,no,2,v40c_04080,orig_singleton_nframe_05689
nframe_05690,data/images/nframe_05690.npy,VALIDATION,VALIDATION,no,1,v40c_04081,orig_singleton_nframe_05690
nframe_05691,data/images/nframe_05691.npy,VALIDATION,VALIDATION,no,2,v40c_04082,orig_singleton_nframe_05691
nframe_05692,data/images/nframe_05692.npy,VALIDATION,VALIDATION,no,2,v40c_04083,orig_singleton_nframe_05692
nframe_05693,data/images/nframe_05693.npy,VALIDATION,VALIDATION,no,2,v40c_04084,orig_singleton_nframe_05693
nframe_05694,data/images/nframe_05694.npy,VALIDATION,VALIDATION,no,2,v40c_04085,orig_singleton_nframe_05694
nframe_05695,data/images/nframe_05695.npy,VALIDATION,VALIDATION,no,3,v40c_04086,orig_singleton_nframe_05695
nframe_05712,data/images/nframe_05712.npy,TRAIN,TRAIN,no,1,v40c_04087,orig_rule_04222
nframe_05713,data/images/nframe_05713.npy,TRAIN,TRAIN,no,1,v40c_04087,orig_rule_04222
nframe_05714,data/images/nframe_05714.npy,TRAIN,TRAIN,no,1,v40c_04088,orig_rule_04223
nframe_05715,data/images/nframe_05715.npy,TRAIN,TRAIN,no,1,v40c_04088,orig_rule_04223
nframe_05716,data/images/nframe_05716.npy,TRAIN,TRAIN,no,1,v40c_04089,orig_singleton_nframe_05716
nframe_05717,data/images/nframe_05717.npy,TRAIN,TRAIN,no,1,v40c_04090,orig_singleton_nframe_05717
nframe_05718,data/images/nframe_05718.npy,TRAIN,TRAIN,no,1,v40c_04091,orig_singleton_nframe_05718
nframe_05719,data/images/nframe_05719.npy,TRAIN,TRAIN,no,1,v40c_04092,orig_rule_04227
nframe_05720,data/images/nframe_05720.npy,TRAIN,TRAIN,no,1,v40c_04092,orig_rule_04227
nframe_05721,data/images/nframe_05721.npy,TRAIN,TRAIN,no,1,v40c_04093,orig_singleton_nframe_05721
nframe_05722,data/images/nframe_05722.npy,TRAIN,TRAIN,no,1,v40c_04094,orig_singleton_nframe_05722
nframe_05723,data/images/nframe_05723.npy,TRAIN,TRAIN,no,1,v40c_04095,orig_singleton_nframe_05723
nframe_05724,data/images/nframe_05724.npy,TRAIN,TRAIN,no,1,v40c_04096,orig_rule_04231
nframe_05725,data/images/nframe_05725.npy,TRAIN,TRAIN,no,1,v40c_04096,orig_rule_04231
nframe_05726,data/images/nframe_05726.npy,TRAIN,TRAIN,no,1,v40c_04097,orig_rule_04232
nframe_05727,data/images/nframe_05727.npy,TRAIN,TRAIN,no,1,v40c_04097,orig_rule_04232
nframe_05728,data/images/nframe_05728.npy,TRAIN,TRAIN,no,1,v40c_04098,orig_rule_04233
nframe_05729,data/images/nframe_05729.npy,TRAIN,TRAIN,no,1,v40c_04098,orig_rule_04233
nframe_05730,data/images/nframe_05730.npy,TRAIN,TRAIN,no,1,v40c_04099,orig_singleton_nframe_05730
nframe_05731,data/images/nframe_05731.npy,TRAIN,TRAIN,no,1,v40c_04100,orig_rule_04235
nframe_05732,data/images/nframe_05732.npy,TRAIN,TRAIN,no,1,v40c_04100,orig_rule_04235
nframe_05733,data/images/nframe_05733.npy,TRAIN,TRAIN,no,1,v40c_04100,orig_rule_04235
nframe_05759,data/images/nframe_05759.npy,TRAIN,TRAIN,no,1,v40c_04101,orig_singleton_nframe_05759
nframe_05760,data/images/nframe_05760.npy,TRAIN,TRAIN,no,1,v40c_04102,orig_singleton_nframe_05760
nframe_05806,data/images/nframe_05806.npy,TRAIN,TRAIN,no,1,v40c_04103,orig_singleton_nframe_05806
nframe_06360,data/images/nframe_06360.npy,VALIDATION,VALIDATION,no,1,v40c_04104,orig_singleton_nframe_06360
nframe_06372,data/images/nframe_06372.npy,VALIDATION,VALIDATION,no,1,v40c_04105,orig_rule_04240
nframe_06373,data/images/nframe_06373.npy,VALIDATION,VALIDATION,no,1,v40c_04105,orig_rule_04240
nframe_06377,data/images/nframe_06377.npy,VALIDATION,VALIDATION,no,1,v40c_04106,orig_rule_04241
nframe_06378,data/images/nframe_06378.npy,VALIDATION,VALIDATION,no,2,v40c_04106,orig_rule_04241
nframe_06379,data/images/nframe_06379.npy,VALIDATION,VALIDATION,no,2,v40c_04106,orig_rule_04241
nframe_06380,data/images/nframe_06380.npy,VALIDATION,VALIDATION,no,2,v40c_04106,orig_rule_04241
nframe_06381,data/images/nframe_06381.npy,VALIDATION,VALIDATION,no,2,v40c_04106,orig_rule_04241
nframe_06382,data/images/nframe_06382.npy,VALIDATION,VALIDATION,no,2,v40c_04107,orig_singleton_nframe_06382
nframe_06383,data/images/nframe_06383.npy,VALIDATION,VALIDATION,no,2,v40c_04108,orig_singleton_nframe_06383
nframe_06384,data/images/nframe_06384.npy,VALIDATION,VALIDATION,no,2,v40c_04109,orig_singleton_nframe_06384
nframe_06385,data/images/nframe_06385.npy,VALIDATION,VALIDATION,no,2,v40c_04110,orig_singleton_nframe_06385
nframe_06386,data/images/nframe_06386.npy,VALIDATION,VALIDATION,no,2,v40c_04111,orig_singleton_nframe_06386
nframe_06387,data/images/nframe_06387.npy,VALIDATION,VALIDATION,no,3,v40c_04112,orig_singleton_nframe_06387
nframe_06388,data/images/nframe_06388.npy,VALIDATION,VALIDATION,no,3,v40c_04113,orig_singleton_nframe_06388
nframe_06389,data/images/nframe_06389.npy,VALIDATION,VALIDATION,no,3,v40c_04114,orig_singleton_nframe_06389
nframe_06390,data/images/nframe_06390.npy,VALIDATION,VALIDATION,no,3,v40c_04115,orig_rule_04250
nframe_06391,data/images/nframe_06391.npy,VALIDATION,VALIDATION,no,3,v40c_04115,orig_rule_04250
nframe_06392,data/images/nframe_06392.npy,VALIDATION,VALIDATION,no,4,v40c_04115,orig_rule_04250
nframe_06393,data/images/nframe_06393.npy,VALIDATION,VALIDATION,no,4,v40c_04115,orig_rule_04250
nframe_06394,data/images/nframe_06394.npy,VALIDATION,VALIDATION,no,4,v40c_04115,orig_rule_04250
nframe_06395,data/images/nframe_06395.npy,VALIDATION,VALIDATION,no,4,v40c_04116,orig_singleton_nframe_06395
nframe_06396,data/images/nframe_06396.npy,VALIDATION,VALIDATION,no,4,v40c_04117,orig_singleton_nframe_06396
nframe_06397,data/images/nframe_06397.npy,VALIDATION,VALIDATION,no,4,v40c_04118,orig_singleton_nframe_06397
nframe_06398,data/images/nframe_06398.npy,VALIDATION,VALIDATION,no,3,v40c_04119,orig_singleton_nframe_06398
nframe_06399,data/images/nframe_06399.npy,VALIDATION,VALIDATION,no,4,v40c_04120,orig_singleton_nframe_06399
nframe_06400,data/images/nframe_06400.npy,VALIDATION,VALIDATION,no,3,v40c_04121,orig_singleton_nframe_06400
nframe_06401,data/images/nframe_06401.npy,VALIDATION,VALIDATION,no,3,v40c_04122,orig_singleton_nframe_06401
nframe_06406,data/images/nframe_06406.npy,VALIDATION,VALIDATION,no,1,v40c_04123,orig_rule_04258
nframe_06407,data/images/nframe_06407.npy,VALIDATION,VALIDATION,no,2,v40c_04123,orig_rule_04258
nframe_06408,data/images/nframe_06408.npy,VALIDATION,VALIDATION,no,1,v40c_04124,orig_singleton_nframe_06408
nframe_06409,data/images/nframe_06409.npy,VALIDATION,VALIDATION,no,3,v40c_04125,orig_singleton_nframe_06409
nframe_06410,data/images/nframe_06410.npy,VALIDATION,VALIDATION,no,3,v40c_04126,orig_singleton_nframe_06410
nframe_06411,data/images/nframe_06411.npy,VALIDATION,VALIDATION,no,4,v40c_04127,orig_singleton_nframe_06411
nframe_06412,data/images/nframe_06412.npy,VALIDATION,VALIDATION,no,3,v40c_04128,orig_singleton_nframe_06412
nframe_06419,data/images/nframe_06419.npy,VALIDATION,VALIDATION,no,1,v40c_04129,orig_singleton_nframe_06419
nframe_06420,data/images/nframe_06420.npy,VALIDATION,VALIDATION,no,1,v40c_04130,orig_singleton_nframe_06420
nframe_06421,data/images/nframe_06421.npy,VALIDATION,VALIDATION,no,1,v40c_04131,orig_singleton_nframe_06421
nframe_06422,data/images/nframe_06422.npy,VALIDATION,VALIDATION,no,1,v40c_04132,orig_singleton_nframe_06422
nframe_06423,data/images/nframe_06423.npy,VALIDATION,VALIDATION,no,3,v40c_04133,orig_rule_04268
nframe_06424,data/images/nframe_06424.npy,VALIDATION,VALIDATION,no,3,v40c_04133,orig_rule_04268
nframe_06425,data/images/nframe_06425.npy,VALIDATION,VALIDATION,no,3,v40c_04134,orig_singleton_nframe_06425
nframe_06426,data/images/nframe_06426.npy,VALIDATION,VALIDATION,no,3,v40c_04135,orig_singleton_nframe_06426
nframe_06427,data/images/nframe_06427.npy,VALIDATION,VALIDATION,no,3,v40c_04136,orig_rule_04271
nframe_06428,data/images/nframe_06428.npy,VALIDATION,VALIDATION,no,2,v40c_04136,orig_rule_04271
nframe_06429,data/images/nframe_06429.npy,VALIDATION,VALIDATION,no,2,v40c_04137,orig_singleton_nframe_06429
nframe_06430,data/images/nframe_06430.npy,VALIDATION,VALIDATION,no,3,v40c_04138,orig_rule_04273
nframe_06431,data/images/nframe_06431.npy,VALIDATION,VALIDATION,no,3,v40c_04138,orig_rule_04273
nframe_06432,data/images/nframe_06432.npy,VALIDATION,VALIDATION,no,2,v40c_04138,orig_rule_04273
nframe_06433,data/images/nframe_06433.npy,VALIDATION,VALIDATION,no,3,v40c_04139,orig_rule_04274
nframe_06434,data/images/nframe_06434.npy,VALIDATION,VALIDATION,no,2,v40c_04139,orig_rule_04274
nframe_06435,data/images/nframe_06435.npy,VALIDATION,VALIDATION,no,3,v40c_04139,orig_rule_04274
nframe_06436,data/images/nframe_06436.npy,VALIDATION,VALIDATION,no,4,v40c_04139,orig_rule_04274
nframe_06437,data/images/nframe_06437.npy,VALIDATION,VALIDATION,no,4,v40c_04140,orig_singleton_nframe_06437
nframe_06438,data/images/nframe_06438.npy,VALIDATION,VALIDATION,no,3,v40c_04141,orig_rule_04276
nframe_06439,data/images/nframe_06439.npy,VALIDATION,VALIDATION,no,2,v40c_04141,orig_rule_04276
nframe_06440,data/images/nframe_06440.npy,VALIDATION,VALIDATION,no,1,v40c_04142,orig_singleton_nframe_06440
nframe_06441,data/images/nframe_06441.npy,VALIDATION,VALIDATION,no,3,v40c_04143,orig_singleton_nframe_06441
nframe_06442,data/images/nframe_06442.npy,VALIDATION,VALIDATION,no,2,v40c_04144,orig_singleton_nframe_06442
nframe_06443,data/images/nframe_06443.npy,VALIDATION,VALIDATION,no,2,v40c_04145,orig_singleton_nframe_06443
nframe_06444,data/images/nframe_06444.npy,VALIDATION,VALIDATION,no,2,v40c_04146,orig_rule_04281
nframe_06445,data/images/nframe_06445.npy,VALIDATION,VALIDATION,no,2,v40c_04146,orig_rule_04281
nframe_06446,data/images/nframe_06446.npy,VALIDATION,VALIDATION,no,2,v40c_04147,orig_singleton_nframe_06446
nframe_06447,data/images/nframe_06447.npy,VALIDATION,VALIDATION,no,3,v40c_04148,orig_singleton_nframe_06447
nframe_06448,data/images/nframe_06448.npy,VALIDATION,VALIDATION,no,3,v40c_04149,orig_singleton_nframe_06448
nframe_06449,data/images/nframe_06449.npy,VALIDATION,VALIDATION,no,1,v40c_04150,orig_singleton_nframe_06449
nframe_06450,data/images/nframe_06450.npy,VALIDATION,VALIDATION,no,1,v40c_04151,orig_singleton_nframe_06450
nframe_06451,data/images/nframe_06451.npy,VALIDATION,VALIDATION,no,2,v40c_04152,orig_rule_04287
nframe_06452,data/images/nframe_06452.npy,VALIDATION,VALIDATION,no,2,v40c_04152,orig_rule_04287
nframe_06453,data/images/nframe_06453.npy,VALIDATION,VALIDATION,no,2,v40c_04153,orig_singleton_nframe_06453
nframe_06454,data/images/nframe_06454.npy,VALIDATION,VALIDATION,no,1,v40c_04154,orig_singleton_nframe_06454
nframe_06455,data/images/nframe_06455.npy,VALIDATION,VALIDATION,no,2,v40c_04155,orig_singleton_nframe_06455
nframe_06456,data/images/nframe_06456.npy,VALIDATION,VALIDATION,no,2,v40c_04156,orig_singleton_nframe_06456
nframe_06457,data/images/nframe_06457.npy,VALIDATION,VALIDATION,no,2,v40c_04157,orig_singleton_nframe_06457
nframe_06458,data/images/nframe_06458.npy,VALIDATION,VALIDATION,no,3,v40c_04158,orig_singleton_nframe_06458
nframe_06459,data/images/nframe_06459.npy,VALIDATION,VALIDATION,no,3,v40c_04159,orig_singleton_nframe_06459
nframe_06460,data/images/nframe_06460.npy,VALIDATION,VALIDATION,no,4,v40c_04160,orig_singleton_nframe_06460
nframe_06461,data/images/nframe_06461.npy,VALIDATION,VALIDATION,no,3,v40c_04161,orig_singleton_nframe_06461
nframe_06462,data/images/nframe_06462.npy,VALIDATION,VALIDATION,no,3,v40c_04162,orig_singleton_nframe_06462
nframe_06463,data/images/nframe_06463.npy,VALIDATION,VALIDATION,no,2,v40c_04163,orig_singleton_nframe_06463
nframe_06480,data/images/nframe_06480.npy,TRAIN,TRAIN,no,1,v40c_04164,orig_singleton_nframe_06480
nframe_06481,data/images/nframe_06481.npy,TRAIN,TRAIN,no,1,v40c_04165,orig_singleton_nframe_06481
nframe_06482,data/images/nframe_06482.npy,TRAIN,TRAIN,no,1,v40c_04166,orig_singleton_nframe_06482
nframe_06483,data/images/nframe_06483.npy,TRAIN,TRAIN,no,1,v40c_04167,orig_rule_04302
nframe_06484,data/images/nframe_06484.npy,TRAIN,TRAIN,no,1,v40c_04167,orig_rule_04302
nframe_06485,data/images/nframe_06485.npy,TRAIN,TRAIN,no,1,v40c_04168,orig_singleton_nframe_06485
nframe_06486,data/images/nframe_06486.npy,TRAIN,TRAIN,no,1,v40c_04169,orig_singleton_nframe_06486
nframe_06487,data/images/nframe_06487.npy,TRAIN,TRAIN,no,1,v40c_04170,orig_rule_04305
nframe_06488,data/images/nframe_06488.npy,TRAIN,TRAIN,no,2,v40c_04170,orig_rule_04305
nframe_06489,data/images/nframe_06489.npy,TRAIN,TRAIN,no,3,v40c_04171,orig_singleton_nframe_06489
nframe_06490,data/images/nframe_06490.npy,TRAIN,TRAIN,no,4,v40c_04172,orig_singleton_nframe_06490
nframe_06491,data/images/nframe_06491.npy,TRAIN,TRAIN,no,4,v40c_04173,orig_singleton_nframe_06491
nframe_06492,data/images/nframe_06492.npy,TRAIN,TRAIN,no,4,v40c_04174,orig_singleton_nframe_06492
nframe_06493,data/images/nframe_06493.npy,TRAIN,TRAIN,no,4,v40c_04175,orig_singleton_nframe_06493
nframe_06494,data/images/nframe_06494.npy,TRAIN,TRAIN,no,4,v40c_04176,orig_singleton_nframe_06494
nframe_06495,data/images/nframe_06495.npy,TRAIN,TRAIN,no,4,v40c_04177,orig_singleton_nframe_06495
nframe_06496,data/images/nframe_06496.npy,TRAIN,TRAIN,no,4,v40c_04178,orig_singleton_nframe_06496
nframe_06497,data/images/nframe_06497.npy,TRAIN,TRAIN,no,4,v40c_04179,orig_singleton_nframe_06497
nframe_06498,data/images/nframe_06498.npy,TRAIN,TRAIN,no,4,v40c_04180,orig_singleton_nframe_06498
nframe_06499,data/images/nframe_06499.npy,TRAIN,TRAIN,no,4,v40c_04181,orig_singleton_nframe_06499
nframe_06500,data/images/nframe_06500.npy,TRAIN,TRAIN,no,4,v40c_04182,orig_singleton_nframe_06500
nframe_06501,data/images/nframe_06501.npy,TRAIN,TRAIN,no,5,v40c_04183,orig_singleton_nframe_06501
nframe_06502,data/images/nframe_06502.npy,TRAIN,TRAIN,no,4,v40c_04184,orig_singleton_nframe_06502
nframe_06503,data/images/nframe_06503.npy,TRAIN,TRAIN,no,4,v40c_04185,orig_singleton_nframe_06503
nframe_06504,data/images/nframe_06504.npy,TRAIN,TRAIN,no,4,v40c_04186,orig_singleton_nframe_06504
nframe_06505,data/images/nframe_06505.npy,TRAIN,TRAIN,no,4,v40c_04187,orig_singleton_nframe_06505
nframe_06506,data/images/nframe_06506.npy,TRAIN,TRAIN,no,4,v40c_04188,orig_singleton_nframe_06506
nframe_06513,data/images/nframe_06513.npy,TRAIN,TRAIN,no,3,v40c_04189,orig_singleton_nframe_06513
nframe_06514,data/images/nframe_06514.npy,TRAIN,TRAIN,no,3,v40c_04190,orig_singleton_nframe_06514
nframe_06515,data/images/nframe_06515.npy,TRAIN,TRAIN,no,3,v40c_04191,orig_singleton_nframe_06515
nframe_06516,data/images/nframe_06516.npy,TRAIN,TRAIN,no,2,v40c_04192,orig_singleton_nframe_06516
nframe_06517,data/images/nframe_06517.npy,TRAIN,TRAIN,no,2,v40c_04193,orig_singleton_nframe_06517
nframe_06518,data/images/nframe_06518.npy,TRAIN,TRAIN,no,1,v40c_04194,orig_rule_04329
nframe_06519,data/images/nframe_06519.npy,TRAIN,TRAIN,no,2,v40c_04194,orig_rule_04329
nframe_06520,data/images/nframe_06520.npy,TRAIN,TRAIN,no,2,v40c_04194,orig_rule_04329
nframe_06521,data/images/nframe_06521.npy,TRAIN,TRAIN,no,2,v40c_04195,orig_singleton_nframe_06521
nframe_06522,data/images/nframe_06522.npy,TRAIN,TRAIN,no,2,v40c_04196,orig_rule_04331
nframe_06523,data/images/nframe_06523.npy,TRAIN,TRAIN,no,2,v40c_04196,orig_rule_04331
nframe_06524,data/images/nframe_06524.npy,TRAIN,TRAIN,no,2,v40c_04197,orig_singleton_nframe_06524
nframe_06525,data/images/nframe_06525.npy,TRAIN,TRAIN,no,2,v40c_04198,orig_singleton_nframe_06525
nframe_06526,data/images/nframe_06526.npy,TRAIN,TRAIN,no,2,v40c_04199,orig_singleton_nframe_06526
nframe_06527,data/images/nframe_06527.npy,TRAIN,TRAIN,no,3,v40c_04200,orig_singleton_nframe_06527
nframe_06528,data/images/nframe_06528.npy,TRAIN,TRAIN,no,3,v40c_04201,orig_singleton_nframe_06528
nframe_06529,data/images/nframe_06529.npy,TRAIN,TRAIN,no,2,v40c_04202,orig_singleton_nframe_06529
nframe_06530,data/images/nframe_06530.npy,TRAIN,TRAIN,no,2,v40c_04203,orig_singleton_nframe_06530
nframe_06531,data/images/nframe_06531.npy,TRAIN,TRAIN,no,2,v40c_04204,orig_rule_04339
nframe_06532,data/images/nframe_06532.npy,TRAIN,TRAIN,no,3,v40c_04204,orig_rule_04339
nframe_06533,data/images/nframe_06533.npy,TRAIN,TRAIN,no,2,v40c_04205,orig_singleton_nframe_06533
nframe_06534,data/images/nframe_06534.npy,TRAIN,TRAIN,no,2,v40c_04206,orig_singleton_nframe_06534
nframe_06535,data/images/nframe_06535.npy,TRAIN,TRAIN,no,1,v40c_04207,orig_singleton_nframe_06535
nframe_06536,data/images/nframe_06536.npy,TRAIN,TRAIN,no,1,v40c_04208,orig_singleton_nframe_06536
nframe_06537,data/images/nframe_06537.npy,TRAIN,TRAIN,no,1,v40c_04209,orig_singleton_nframe_06537
nframe_06538,data/images/nframe_06538.npy,TRAIN,TRAIN,no,1,v40c_04210,orig_singleton_nframe_06538
nframe_06539,data/images/nframe_06539.npy,TRAIN,TRAIN,no,2,v40c_04211,orig_singleton_nframe_06539
nframe_06540,data/images/nframe_06540.npy,TRAIN,TRAIN,no,2,v40c_04212,orig_singleton_nframe_06540
nframe_06541,data/images/nframe_06541.npy,TRAIN,TRAIN,no,2,v40c_04213,orig_singleton_nframe_06541
nframe_06542,data/images/nframe_06542.npy,TRAIN,TRAIN,no,2,v40c_04214,orig_singleton_nframe_06542
nframe_06543,data/images/nframe_06543.npy,TRAIN,TRAIN,no,2,v40c_04215,orig_singleton_nframe_06543
nframe_06544,data/images/nframe_06544.npy,TRAIN,TRAIN,no,2,v40c_04216,orig_singleton_nframe_06544
nframe_06545,data/images/nframe_06545.npy,TRAIN,TRAIN,no,2,v40c_04217,orig_singleton_nframe_06545
nframe_06546,data/images/nframe_06546.npy,TRAIN,TRAIN,no,2,v40c_04218,orig_singleton_nframe_06546
nframe_06547,data/images/nframe_06547.npy,TRAIN,TRAIN,no,2,v40c_04219,orig_singleton_nframe_06547
nframe_06548,data/images/nframe_06548.npy,TRAIN,TRAIN,no,2,v40c_04220,orig_singleton_nframe_06548
nframe_06549,data/images/nframe_06549.npy,TRAIN,TRAIN,no,2,v40c_04221,orig_singleton_nframe_06549
nframe_06550,data/images/nframe_06550.npy,TRAIN,TRAIN,no,1,v40c_04222,orig_singleton_nframe_06550
nframe_06551,data/images/nframe_06551.npy,TRAIN,TRAIN,no,1,v40c_04223,orig_singleton_nframe_06551
nframe_06552,data/images/nframe_06552.npy,TRAIN,TRAIN,no,2,v40c_04224,orig_singleton_nframe_06552
nframe_06553,data/images/nframe_06553.npy,TRAIN,TRAIN,no,2,v40c_04225,orig_singleton_nframe_06553
nframe_06554,data/images/nframe_06554.npy,TRAIN,TRAIN,no,2,v40c_04226,orig_singleton_nframe_06554
nframe_06555,data/images/nframe_06555.npy,TRAIN,TRAIN,no,2,v40c_04227,orig_singleton_nframe_06555
nframe_06556,data/images/nframe_06556.npy,TRAIN,TRAIN,no,2,v40c_04228,orig_singleton_nframe_06556
nframe_06557,data/images/nframe_06557.npy,TRAIN,TRAIN,no,2,v40c_04229,orig_singleton_nframe_06557
nframe_06558,data/images/nframe_06558.npy,TRAIN,TRAIN,no,2,v40c_04230,orig_singleton_nframe_06558
nframe_06559,data/images/nframe_06559.npy,TRAIN,TRAIN,no,2,v40c_04231,orig_singleton_nframe_06559
nframe_06560,data/images/nframe_06560.npy,TRAIN,TRAIN,no,1,v40c_04232,orig_singleton_nframe_06560
nframe_06561,data/images/nframe_06561.npy,TRAIN,TRAIN,no,1,v40c_04233,orig_rule_04368
nframe_06562,data/images/nframe_06562.npy,TRAIN,TRAIN,no,1,v40c_04233,orig_rule_04368
nframe_06563,data/images/nframe_06563.npy,TRAIN,TRAIN,no,1,v40c_04234,orig_rule_04369
nframe_06564,data/images/nframe_06564.npy,TRAIN,TRAIN,no,1,v40c_04234,orig_rule_04369
nframe_06565,data/images/nframe_06565.npy,TRAIN,TRAIN,no,1,v40c_04235,orig_singleton_nframe_06565
nframe_06566,data/images/nframe_06566.npy,TRAIN,TRAIN,no,1,v40c_04236,orig_rule_04371
nframe_06567,data/images/nframe_06567.npy,TRAIN,TRAIN,no,1,v40c_04236,orig_rule_04371
nframe_06568,data/images/nframe_06568.npy,TRAIN,TRAIN,no,1,v40c_04237,orig_rule_04372
nframe_06569,data/images/nframe_06569.npy,TRAIN,TRAIN,no,1,v40c_04237,orig_rule_04372
nframe_06570,data/images/nframe_06570.npy,TRAIN,TRAIN,no,1,v40c_04238,orig_singleton_nframe_06570
nframe_06571,data/images/nframe_06571.npy,TRAIN,TRAIN,no,1,v40c_04239,orig_singleton_nframe_06571
nframe_06572,data/images/nframe_06572.npy,TRAIN,TRAIN,no,1,v40c_04240,orig_singleton_nframe_06572
nframe_06573,data/images/nframe_06573.npy,TRAIN,TRAIN,no,2,v40c_04241,orig_rule_04376
nframe_06574,data/images/nframe_06574.npy,TRAIN,TRAIN,no,2,v40c_04241,orig_rule_04376
nframe_06575,data/images/nframe_06575.npy,TRAIN,TRAIN,no,1,v40c_04241,orig_rule_04376
nframe_06576,data/images/nframe_06576.npy,TRAIN,TRAIN,no,1,v40c_04242,orig_singleton_nframe_06576
nframe_06577,data/images/nframe_06577.npy,TRAIN,TRAIN,no,1,v40c_04243,orig_singleton_nframe_06577
nframe_06578,data/images/nframe_06578.npy,VALIDATION,TRAIN,yes,1,v40c_04243,orig_rule_04379
nframe_06579,data/images/nframe_06579.npy,VALIDATION,TRAIN,yes,1,v40c_04243,orig_rule_04379
nframe_06580,data/images/nframe_06580.npy,TRAIN,TRAIN,no,1,v40c_04243,orig_singleton_nframe_06580
nframe_06581,data/images/nframe_06581.npy,TRAIN,TRAIN,no,1,v40c_04244,orig_singleton_nframe_06581
nframe_06582,data/images/nframe_06582.npy,TRAIN,TRAIN,no,1,v40c_04245,orig_singleton_nframe_06582
nframe_06583,data/images/nframe_06583.npy,TRAIN,TRAIN,no,1,v40c_04246,orig_singleton_nframe_06583
nframe_06601,data/images/nframe_06601.npy,TRAIN,TRAIN,no,1,v40c_04247,orig_singleton_nframe_06601
nframe_06602,data/images/nframe_06602.npy,TRAIN,TRAIN,no,1,v40c_04248,orig_singleton_nframe_06602
nframe_06603,data/images/nframe_06603.npy,TRAIN,TRAIN,no,1,v40c_04249,orig_singleton_nframe_06603
nframe_06604,data/images/nframe_06604.npy,TRAIN,TRAIN,no,2,v40c_04250,orig_singleton_nframe_06604
nframe_06605,data/images/nframe_06605.npy,TRAIN,TRAIN,no,3,v40c_04251,orig_singleton_nframe_06605
nframe_06606,data/images/nframe_06606.npy,TRAIN,TRAIN,no,3,v40c_04252,orig_singleton_nframe_06606
nframe_06607,data/images/nframe_06607.npy,TRAIN,TRAIN,no,2,v40c_04253,orig_singleton_nframe_06607
nframe_06608,data/images/nframe_06608.npy,TRAIN,TRAIN,no,3,v40c_04254,orig_singleton_nframe_06608
nframe_06609,data/images/nframe_06609.npy,TRAIN,TRAIN,no,3,v40c_04255,orig_singleton_nframe_06609
nframe_06610,data/images/nframe_06610.npy,TRAIN,TRAIN,no,2,v40c_04256,orig_singleton_nframe_06610
nframe_06611,data/images/nframe_06611.npy,TRAIN,TRAIN,no,4,v40c_04257,orig_singleton_nframe_06611
nframe_06612,data/images/nframe_06612.npy,TRAIN,TRAIN,no,3,v40c_04258,orig_singleton_nframe_06612
nframe_06613,data/images/nframe_06613.npy,TRAIN,TRAIN,no,3,v40c_04259,orig_rule_04396
nframe_06614,data/images/nframe_06614.npy,TRAIN,TRAIN,no,1,v40c_04259,orig_rule_04396
nframe_06615,data/images/nframe_06615.npy,TRAIN,TRAIN,no,1,v40c_04260,orig_singleton_nframe_06615
nframe_06616,data/images/nframe_06616.npy,TRAIN,TRAIN,no,2,v40c_04261,orig_singleton_nframe_06616
nframe_06617,data/images/nframe_06617.npy,TRAIN,TRAIN,no,1,v40c_04262,orig_singleton_nframe_06617
nframe_06618,data/images/nframe_06618.npy,TRAIN,TRAIN,no,2,v40c_04263,orig_singleton_nframe_06618
nframe_06619,data/images/nframe_06619.npy,TRAIN,TRAIN,no,1,v40c_04264,orig_singleton_nframe_06619
nframe_06620,data/images/nframe_06620.npy,TRAIN,TRAIN,no,2,v40c_04265,orig_singleton_nframe_06620
nframe_06621,data/images/nframe_06621.npy,TRAIN,TRAIN,no,1,v40c_04266,orig_rule_04403
nframe_06622,data/images/nframe_06622.npy,TRAIN,TRAIN,no,1,v40c_04266,orig_rule_04403
nframe_06623,data/images/nframe_06623.npy,TRAIN,TRAIN,no,1,v40c_04267,orig_singleton_nframe_06623
nframe_06624,data/images/nframe_06624.npy,TRAIN,TRAIN,no,1,v40c_04268,orig_rule_04405
nframe_06625,data/images/nframe_06625.npy,TRAIN,TRAIN,no,2,v40c_04268,orig_rule_04405
nframe_06626,data/images/nframe_06626.npy,TRAIN,TRAIN,no,1,v40c_04269,orig_singleton_nframe_06626
nframe_06627,data/images/nframe_06627.npy,TRAIN,TRAIN,no,1,v40c_04270,orig_singleton_nframe_06627
nframe_06628,data/images/nframe_06628.npy,TRAIN,TRAIN,no,1,v40c_04271,orig_singleton_nframe_06628
nframe_06629,data/images/nframe_06629.npy,TRAIN,TRAIN,no,1,v40c_04272,orig_rule_04409
nframe_06630,data/images/nframe_06630.npy,TRAIN,TRAIN,no,1,v40c_04272,orig_rule_04409
nframe_06631,data/images/nframe_06631.npy,TRAIN,TRAIN,no,1,v40c_04273,orig_singleton_nframe_06631
nframe_06632,data/images/nframe_06632.npy,TRAIN,TRAIN,no,1,v40c_04274,orig_singleton_nframe_06632
nframe_06633,data/images/nframe_06633.npy,TRAIN,TRAIN,no,1,v40c_04275,orig_singleton_nframe_06633
nframe_06634,data/images/nframe_06634.npy,TRAIN,TRAIN,no,1,v40c_04276,orig_rule_04413
nframe_06635,data/images/nframe_06635.npy,TRAIN,TRAIN,no,1,v40c_04276,orig_rule_04413
nframe_06636,data/images/nframe_06636.npy,TRAIN,TRAIN,no,1,v40c_04277,orig_singleton_nframe_06636
nframe_06637,data/images/nframe_06637.npy,TRAIN,TRAIN,no,1,v40c_04278,orig_rule_04415
nframe_06638,data/images/nframe_06638.npy,TRAIN,TRAIN,no,2,v40c_04278,orig_rule_04415
nframe_06639,data/images/nframe_06639.npy,TRAIN,TRAIN,no,2,v40c_04279,orig_singleton_nframe_06639
nframe_06640,data/images/nframe_06640.npy,TRAIN,TRAIN,no,2,v40c_04280,orig_singleton_nframe_06640
nframe_06641,data/images/nframe_06641.npy,TRAIN,TRAIN,no,2,v40c_04281,orig_singleton_nframe_06641
nframe_06642,data/images/nframe_06642.npy,TRAIN,TRAIN,no,1,v40c_04282,orig_singleton_nframe_06642
nframe_06643,data/images/nframe_06643.npy,TRAIN,TRAIN,no,1,v40c_04283,orig_singleton_nframe_06643
nframe_06651,data/images/nframe_06651.npy,TRAIN,TRAIN,no,1,v40c_04284,orig_singleton_nframe_06651
nframe_06660,data/images/nframe_06660.npy,TRAIN,TRAIN,no,1,v40c_04285,orig_rule_04422
nframe_06661,data/images/nframe_06661.npy,TRAIN,TRAIN,no,1,v40c_04285,orig_rule_04422
nframe_06662,data/images/nframe_06662.npy,TRAIN,TRAIN,no,2,v40c_04286,orig_rule_04423
nframe_06663,data/images/nframe_06663.npy,TRAIN,TRAIN,no,1,v40c_04286,orig_rule_04423
nframe_06664,data/images/nframe_06664.npy,TRAIN,TRAIN,no,1,v40c_04286,orig_rule_04423
nframe_06665,data/images/nframe_06665.npy,TRAIN,TRAIN,no,1,v40c_04287,orig_singleton_nframe_06665
nframe_06666,data/images/nframe_06666.npy,TRAIN,TRAIN,no,1,v40c_04288,orig_singleton_nframe_06666
nframe_06667,data/images/nframe_06667.npy,TRAIN,TRAIN,no,1,v40c_04289,orig_rule_04426
nframe_06668,data/images/nframe_06668.npy,TRAIN,TRAIN,no,1,v40c_04289,orig_rule_04426
nframe_06669,data/images/nframe_06669.npy,TRAIN,TRAIN,no,1,v40c_04289,orig_rule_04426
nframe_06670,data/images/nframe_06670.npy,VALIDATION,TRAIN,yes,1,v40c_04289,orig_rule_04427
nframe_06671,data/images/nframe_06671.npy,VALIDATION,TRAIN,yes,1,v40c_04289,orig_rule_04427
nframe_06672,data/images/nframe_06672.npy,TRAIN,TRAIN,no,1,v40c_04289,orig_singleton_nframe_06672
nframe_06673,data/images/nframe_06673.npy,TRAIN,TRAIN,no,1,v40c_04289,orig_rule_04426
nframe_06674,data/images/nframe_06674.npy,TRAIN,TRAIN,no,1,v40c_04289,orig_rule_04426
nframe_06675,data/images/nframe_06675.npy,TRAIN,TRAIN,no,1,v40c_04290,orig_rule_04429
nframe_06676,data/images/nframe_06676.npy,TRAIN,TRAIN,no,1,v40c_04290,orig_rule_04429
nframe_06677,data/images/nframe_06677.npy,TRAIN,TRAIN,no,1,v40c_04291,orig_singleton_nframe_06677
nframe_06678,data/images/nframe_06678.npy,TRAIN,TRAIN,no,1,v40c_04290,orig_rule_04429
nframe_06679,data/images/nframe_06679.npy,TRAIN,TRAIN,no,1,v40c_04290,orig_rule_04429
nframe_06680,data/images/nframe_06680.npy,TRAIN,TRAIN,no,1,v40c_04292,orig_rule_04431
nframe_06681,data/images/nframe_06681.npy,TRAIN,TRAIN,no,1,v40c_04292,orig_rule_04431
nframe_06682,data/images/nframe_06682.npy,TRAIN,TRAIN,no,1,v40c_04293,orig_singleton_nframe_06682
nframe_06683,data/images/nframe_06683.npy,TRAIN,TRAIN,no,1,v40c_04294,orig_singleton_nframe_06683
nframe_06694,data/images/nframe_06694.npy,TRAIN,TRAIN,no,1,v40c_04295,orig_singleton_nframe_06694
nframe_06721,data/images/nframe_06721.npy,TRAIN,TRAIN,no,1,v40c_04296,orig_singleton_nframe_06721
nframe_06722,data/images/nframe_06722.npy,TRAIN,TRAIN,no,1,v40c_04297,orig_singleton_nframe_06722
nframe_06723,data/images/nframe_06723.npy,TRAIN,TRAIN,no,1,v40c_04298,orig_singleton_nframe_06723
nframe_06724,data/images/nframe_06724.npy,TRAIN,TRAIN,no,1,v40c_04299,orig_singleton_nframe_06724
nframe_06725,data/images/nframe_06725.npy,TRAIN,TRAIN,no,1,v40c_04300,orig_singleton_nframe_06725
nframe_06727,data/images/nframe_06727.npy,TRAIN,TRAIN,no,1,v40c_04301,orig_rule_04440
nframe_06728,data/images/nframe_06728.npy,TRAIN,TRAIN,no,1,v40c_04301,orig_rule_04440
nframe_06730,data/images/nframe_06730.npy,TRAIN,TRAIN,no,1,v40c_04302,orig_singleton_nframe_06730
nframe_06731,data/images/nframe_06731.npy,TRAIN,TRAIN,no,1,v40c_04303,orig_singleton_nframe_06731
nframe_06735,data/images/nframe_06735.npy,TRAIN,TRAIN,no,1,v40c_04304,orig_singleton_nframe_06735
nframe_06736,data/images/nframe_06736.npy,TRAIN,TRAIN,no,1,v40c_04305,orig_singleton_nframe_06736
nframe_06739,data/images/nframe_06739.npy,TRAIN,TRAIN,no,1,v40c_04306,orig_singleton_nframe_06739
nframe_06748,data/images/nframe_06748.npy,TRAIN,TRAIN,no,1,v40c_04307,orig_singleton_nframe_06748
nframe_06755,data/images/nframe_06755.npy,TRAIN,TRAIN,no,1,v40c_04308,orig_rule_04447
nframe_06756,data/images/nframe_06756.npy,TRAIN,TRAIN,no,1,v40c_04308,orig_rule_04447
nframe_06757,data/images/nframe_06757.npy,TRAIN,TRAIN,no,1,v40c_04309,orig_singleton_nframe_06757
nframe_06763,data/images/nframe_06763.npy,TRAIN,TRAIN,no,1,v40c_04310,orig_singleton_nframe_06763
nframe_06784,data/images/nframe_06784.npy,VALIDATION,VALIDATION,no,1,v40c_04311,orig_rule_04450
nframe_06785,data/images/nframe_06785.npy,VALIDATION,VALIDATION,no,1,v40c_04311,orig_rule_04450
nframe_06786,data/images/nframe_06786.npy,VALIDATION,VALIDATION,no,1,v40c_04311,orig_rule_04450
nframe_06787,data/images/nframe_06787.npy,VALIDATION,VALIDATION,no,1,v40c_04312,orig_rule_04451
nframe_06788,data/images/nframe_06788.npy,VALIDATION,VALIDATION,no,1,v40c_04312,orig_rule_04451
nframe_06789,data/images/nframe_06789.npy,VALIDATION,VALIDATION,no,1,v40c_04313,orig_singleton_nframe_06789
nframe_06790,data/images/nframe_06790.npy,VALIDATION,VALIDATION,no,1,v40c_04314,orig_singleton_nframe_06790
nframe_06791,data/images/nframe_06791.npy,VALIDATION,VALIDATION,no,1,v40c_04315,orig_singleton_nframe_06791
nframe_06792,data/images/nframe_06792.npy,VALIDATION,VALIDATION,no,1,v40c_04316,orig_rule_04455
nframe_06793,data/images/nframe_06793.npy,VALIDATION,VALIDATION,no,1,v40c_04316,orig_rule_04455
nframe_06794,data/images/nframe_06794.npy,VALIDATION,VALIDATION,no,1,v40c_04317,orig_singleton_nframe_06794
nframe_06795,data/images/nframe_06795.npy,VALIDATION,VALIDATION,no,1,v40c_04317,orig_rule_04457
nframe_06796,data/images/nframe_06796.npy,VALIDATION,VALIDATION,no,1,v40c_04317,orig_rule_04457
nframe_06797,data/images/nframe_06797.npy,VALIDATION,VALIDATION,no,1,v40c_04317,orig_rule_04458
nframe_06798,data/images/nframe_06798.npy,VALIDATION,VALIDATION,no,1,v40c_04317,orig_rule_04458
nframe_06799,data/images/nframe_06799.npy,VALIDATION,VALIDATION,no,1,v40c_04317,orig_singleton_nframe_06799
nframe_06800,data/images/nframe_06800.npy,VALIDATION,VALIDATION,no,1,v40c_04317,orig_singleton_nframe_06800
nframe_06803,data/images/nframe_06803.npy,VALIDATION,VALIDATION,no,1,v40c_04317,orig_singleton_nframe_06803
nframe_06804,data/images/nframe_06804.npy,VALIDATION,VALIDATION,no,1,v40c_04317,orig_singleton_nframe_06804
nframe_06805,data/images/nframe_06805.npy,VALIDATION,VALIDATION,no,1,v40c_04317,orig_singleton_nframe_06805
nframe_06806,data/images/nframe_06806.npy,VALIDATION,VALIDATION,no,1,v40c_04317,orig_singleton_nframe_06806
nframe_06807,data/images/nframe_06807.npy,VALIDATION,VALIDATION,no,1,v40c_04317,orig_singleton_nframe_06807
nframe_06808,data/images/nframe_06808.npy,VALIDATION,VALIDATION,no,1,v40c_04317,orig_singleton_nframe_06808
nframe_06809,data/images/nframe_06809.npy,VALIDATION,VALIDATION,no,1,v40c_04317,orig_singleton_nframe_06809
nframe_06810,data/images/nframe_06810.npy,TRAIN,VALIDATION,yes,1,v40c_04317,orig_singleton_nframe_06810
nframe_06900,data/images/nframe_06900.npy,TRAIN,TRAIN,no,1,v40c_04318,orig_singleton_nframe_06900
nframe_06901,data/images/nframe_06901.npy,TRAIN,TRAIN,no,1,v40c_04319,orig_singleton_nframe_06901
nframe_06902,data/images/nframe_06902.npy,TRAIN,TRAIN,no,1,v40c_04320,orig_singleton_nframe_06902
nframe_06928,data/images/nframe_06928.npy,TRAIN,TRAIN,no,1,v40c_04321,orig_singleton_nframe_06928
nframe_06929,data/images/nframe_06929.npy,TRAIN,TRAIN,no,1,v40c_04322,orig_singleton_nframe_06929
nframe_06930,data/images/nframe_06930.npy,TRAIN,TRAIN,no,1,v40c_04323,orig_singleton_nframe_06930
nframe_06931,data/images/nframe_06931.npy,TRAIN,TRAIN,no,2,v40c_04324,orig_singleton_nframe_06931
nframe_06932,data/images/nframe_06932.npy,TRAIN,TRAIN,no,2,v40c_04325,orig_singleton_nframe_06932
nframe_06933,data/images/nframe_06933.npy,TRAIN,TRAIN,no,1,v40c_04326,orig_singleton_nframe_06933
nframe_06934,data/images/nframe_06934.npy,TRAIN,TRAIN,no,1,v40c_04327,orig_singleton_nframe_06934
nframe_06935,data/images/nframe_06935.npy,TRAIN,TRAIN,no,1,v40c_04328,orig_singleton_nframe_06935
nframe_06936,data/images/nframe_06936.npy,TRAIN,TRAIN,no,1,v40c_04329,orig_rule_04480
nframe_06937,data/images/nframe_06937.npy,TRAIN,TRAIN,no,1,v40c_04329,orig_rule_04480
nframe_06938,data/images/nframe_06938.npy,TRAIN,TRAIN,no,1,v40c_04330,orig_rule_04481
nframe_06939,data/images/nframe_06939.npy,TRAIN,TRAIN,no,1,v40c_04330,orig_rule_04481
nframe_06940,data/images/nframe_06940.npy,TRAIN,TRAIN,no,2,v40c_04331,orig_singleton_nframe_06940
nframe_06941,data/images/nframe_06941.npy,TRAIN,TRAIN,no,2,v40c_04332,orig_singleton_nframe_06941
nframe_06942,data/images/nframe_06942.npy,TRAIN,TRAIN,no,2,v40c_04333,orig_singleton_nframe_06942
nframe_06943,data/images/nframe_06943.npy,TRAIN,TRAIN,no,2,v40c_04334,orig_singleton_nframe_06943
nframe_06944,data/images/nframe_06944.npy,TRAIN,TRAIN,no,2,v40c_04335,orig_singleton_nframe_06944
nframe_06945,data/images/nframe_06945.npy,TRAIN,TRAIN,no,2,v40c_04336,orig_singleton_nframe_06945
nframe_06946,data/images/nframe_06946.npy,TRAIN,TRAIN,no,1,v40c_04337,orig_singleton_nframe_06946
nframe_06947,data/images/nframe_06947.npy,TRAIN,TRAIN,no,1,v40c_04338,orig_singleton_nframe_06947
nframe_06948,data/images/nframe_06948.npy,TRAIN,TRAIN,no,1,v40c_04339,orig_singleton_nframe_06948
nframe_06949,data/images/nframe_06949.npy,TRAIN,TRAIN,no,1,v40c_04340,orig_singleton_nframe_06949
nframe_06952,data/images/nframe_06952.npy,TRAIN,TRAIN,no,1,v40c_04341,orig_singleton_nframe_06952
nframe_06953,data/images/nframe_06953.npy,TRAIN,TRAIN,no,1,v40c_04342,orig_singleton_nframe_06953
nframe_06954,data/images/nframe_06954.npy,TRAIN,TRAIN,no,1,v40c_04343,orig_singleton_nframe_06954
nframe_06955,data/images/nframe_06955.npy,TRAIN,TRAIN,no,1,v40c_04344,orig_singleton_nframe_06955
nframe_06956,data/images/nframe_06956.npy,TRAIN,TRAIN,no,1,v40c_04345,orig_singleton_nframe_06956
nframe_06957,data/images/nframe_06957.npy,TRAIN,TRAIN,no,1,v40c_04346,orig_singleton_nframe_06957
nframe_06958,data/images/nframe_06958.npy,TRAIN,TRAIN,no,1,v40c_04347,orig_singleton_nframe_06958
nframe_06959,data/images/nframe_06959.npy,TRAIN,TRAIN,no,1,v40c_04348,orig_singleton_nframe_06959
nframe_06960,data/images/nframe_06960.npy,TRAIN,TRAIN,no,1,v40c_04349,orig_singleton_nframe_06960
nframe_06961,data/images/nframe_06961.npy,TRAIN,TRAIN,no,1,v40c_04350,orig_rule_04501
nframe_06962,data/images/nframe_06962.npy,TRAIN,TRAIN,no,1,v40c_04350,orig_rule_04501
nframe_06963,data/images/nframe_06963.npy,TRAIN,TRAIN,no,1,v40c_04351,orig_rule_04502
nframe_06964,data/images/nframe_06964.npy,TRAIN,TRAIN,no,1,v40c_04352,orig_rule_04503
nframe_06965,data/images/nframe_06965.npy,TRAIN,TRAIN,no,1,v40c_04352,orig_rule_04503
nframe_06966,data/images/nframe_06966.npy,TRAIN,TRAIN,no,1,v40c_04353,orig_singleton_nframe_06966
nframe_06967,data/images/nframe_06967.npy,TRAIN,TRAIN,no,1,v40c_04354,orig_singleton_nframe_06967
nframe_06968,data/images/nframe_06968.npy,TRAIN,TRAIN,no,1,v40c_04355,orig_singleton_nframe_06968
nframe_06969,data/images/nframe_06969.npy,TRAIN,TRAIN,no,2,v40c_04356,orig_singleton_nframe_06969
nframe_06970,data/images/nframe_06970.npy,TRAIN,TRAIN,no,1,v40c_04357,orig_singleton_nframe_06970
nframe_06971,data/images/nframe_06971.npy,TRAIN,TRAIN,no,1,v40c_04358,orig_singleton_nframe_06971
nframe_06972,data/images/nframe_06972.npy,TRAIN,TRAIN,no,1,v40c_04359,orig_singleton_nframe_06972
nframe_06973,data/images/nframe_06973.npy,TRAIN,TRAIN,no,2,v40c_04360,orig_singleton_nframe_06973
nframe_06974,data/images/nframe_06974.npy,TRAIN,TRAIN,no,1,v40c_04361,orig_rule_04512
nframe_06975,data/images/nframe_06975.npy,TRAIN,TRAIN,no,1,v40c_04361,orig_rule_04512
nframe_06976,data/images/nframe_06976.npy,TRAIN,TRAIN,no,1,v40c_04362,orig_singleton_nframe_06976
nframe_06978,data/images/nframe_06978.npy,TRAIN,TRAIN,no,1,v40c_04363,orig_singleton_nframe_06978
nframe_06979,data/images/nframe_06979.npy,TRAIN,TRAIN,no,2,v40c_04364,orig_singleton_nframe_06979
nframe_06980,data/images/nframe_06980.npy,TRAIN,TRAIN,no,2,v40c_04365,orig_singleton_nframe_06980
nframe_06981,data/images/nframe_06981.npy,TRAIN,TRAIN,no,2,v40c_04366,orig_rule_04517
nframe_06982,data/images/nframe_06982.npy,TRAIN,TRAIN,no,2,v40c_04366,orig_rule_04517
nframe_06983,data/images/nframe_06983.npy,TRAIN,TRAIN,no,2,v40c_04367,orig_singleton_nframe_06983
nframe_06984,data/images/nframe_06984.npy,TRAIN,TRAIN,no,2,v40c_04368,orig_rule_04519
nframe_06985,data/images/nframe_06985.npy,TRAIN,TRAIN,no,2,v40c_04368,orig_rule_04519
nframe_06986,data/images/nframe_06986.npy,TRAIN,TRAIN,no,2,v40c_04369,orig_rule_04520
nframe_06987,data/images/nframe_06987.npy,TRAIN,TRAIN,no,2,v40c_04369,orig_rule_04520
nframe_06988,data/images/nframe_06988.npy,TRAIN,TRAIN,no,2,v40c_04370,orig_singleton_nframe_06988
nframe_06989,data/images/nframe_06989.npy,TRAIN,TRAIN,no,2,v40c_04371,orig_rule_04522
nframe_06990,data/images/nframe_06990.npy,TRAIN,TRAIN,no,2,v40c_04371,orig_rule_04522
nframe_06991,data/images/nframe_06991.npy,TRAIN,TRAIN,no,2,v40c_04372,orig_singleton_nframe_06991
nframe_06992,data/images/nframe_06992.npy,TRAIN,TRAIN,no,2,v40c_04373,orig_singleton_nframe_06992
nframe_06993,data/images/nframe_06993.npy,TRAIN,TRAIN,no,2,v40c_04374,orig_rule_04525
nframe_06994,data/images/nframe_06994.npy,TRAIN,TRAIN,no,2,v40c_04374,orig_rule_04525
nframe_06995,data/images/nframe_06995.npy,TRAIN,TRAIN,no,2,v40c_04375,orig_rule_04526
nframe_06996,data/images/nframe_06996.npy,TRAIN,TRAIN,no,2,v40c_04375,orig_rule_04526
nframe_06997,data/images/nframe_06997.npy,TRAIN,TRAIN,no,2,v40c_04376,orig_rule_04527
nframe_06998,data/images/nframe_06998.npy,TRAIN,TRAIN,no,2,v40c_04376,orig_rule_04527
nframe_06999,data/images/nframe_06999.npy,TRAIN,TRAIN,no,2,v40c_04377,orig_rule_04528
nframe_07000,data/images/nframe_07000.npy,TRAIN,TRAIN,no,2,v40c_04377,orig_rule_04528
nframe_07001,data/images/nframe_07001.npy,TRAIN,TRAIN,no,2,v40c_04378,orig_singleton_nframe_07001
nframe_07002,data/images/nframe_07002.npy,TRAIN,TRAIN,no,2,v40c_04379,orig_singleton_nframe_07002
nframe_07003,data/images/nframe_07003.npy,TRAIN,TRAIN,no,2,v40c_04380,orig_singleton_nframe_07003
nframe_07004,data/images/nframe_07004.npy,TRAIN,TRAIN,no,1,v40c_04381,orig_singleton_nframe_07004
nframe_07005,data/images/nframe_07005.npy,TRAIN,TRAIN,no,1,v40c_04382,orig_rule_04533
nframe_07006,data/images/nframe_07006.npy,TRAIN,TRAIN,no,1,v40c_04382,orig_rule_04533
nframe_07007,data/images/nframe_07007.npy,TRAIN,TRAIN,no,1,v40c_04383,orig_singleton_nframe_07007
nframe_07008,data/images/nframe_07008.npy,TRAIN,TRAIN,no,1,v40c_04384,orig_singleton_nframe_07008
nframe_07009,data/images/nframe_07009.npy,VALIDATION,TRAIN,yes,1,v40c_04384,orig_rule_04536
nframe_07010,data/images/nframe_07010.npy,VALIDATION,TRAIN,yes,1,v40c_04384,orig_rule_04536
nframe_07011,data/images/nframe_07011.npy,TRAIN,TRAIN,no,1,v40c_04384,orig_singleton_nframe_07011
nframe_07015,data/images/nframe_07015.npy,TRAIN,TRAIN,no,1,v40c_04385,orig_singleton_nframe_07015
nframe_07016,data/images/nframe_07016.npy,TRAIN,TRAIN,no,1,v40c_04386,orig_singleton_nframe_07016
nframe_07017,data/images/nframe_07017.npy,TRAIN,TRAIN,no,1,v40c_04387,orig_singleton_nframe_07017
nframe_07018,data/images/nframe_07018.npy,TRAIN,TRAIN,no,1,v40c_04388,orig_singleton_nframe_07018
nframe_07019,data/images/nframe_07019.npy,TRAIN,TRAIN,no,1,v40c_04389,orig_singleton_nframe_07019
nframe_07020,data/images/nframe_07020.npy,TRAIN,TRAIN,no,1,v40c_04390,orig_singleton_nframe_07020
nframe_07021,data/images/nframe_07021.npy,TRAIN,TRAIN,no,1,v40c_04391,orig_rule_04544
nframe_07022,data/images/nframe_07022.npy,TRAIN,TRAIN,no,1,v40c_04391,orig_rule_04544
nframe_07023,data/images/nframe_07023.npy,TRAIN,TRAIN,no,1,v40c_04391,orig_rule_04544
nframe_07025,data/images/nframe_07025.npy,TRAIN,TRAIN,no,1,v40c_04392,orig_singleton_nframe_07025
nframe_07026,data/images/nframe_07026.npy,TRAIN,TRAIN,no,1,v40c_04393,orig_singleton_nframe_07026
nframe_07027,data/images/nframe_07027.npy,TRAIN,TRAIN,no,1,v40c_04394,orig_singleton_nframe_07027
nframe_07037,data/images/nframe_07037.npy,TRAIN,TRAIN,no,1,v40c_04395,orig_singleton_nframe_07037
nframe_07041,data/images/nframe_07041.npy,TRAIN,TRAIN,no,1,v40c_04396,orig_singleton_nframe_07041
nframe_07042,data/images/nframe_07042.npy,TRAIN,TRAIN,no,1,v40c_04397,orig_singleton_nframe_07042
nframe_07061,data/images/nframe_07061.npy,TRAIN,TRAIN,no,1,v40c_04398,orig_singleton_nframe_07061
nframe_07107,data/images/nframe_07107.npy,TRAIN,TRAIN,no,1,v40c_04399,orig_singleton_nframe_07107
nframe_07121,data/images/nframe_07121.npy,TRAIN,TRAIN,no,1,v40c_04400,orig_singleton_nframe_07121
nframe_07122,data/images/nframe_07122.npy,TRAIN,TRAIN,no,1,v40c_04401,orig_rule_04554
nframe_07123,data/images/nframe_07123.npy,TRAIN,TRAIN,no,1,v40c_04401,orig_rule_04554
nframe_07124,data/images/nframe_07124.npy,TRAIN,TRAIN,no,1,v40c_04401,orig_rule_04554
nframe_07125,data/images/nframe_07125.npy,TRAIN,TRAIN,no,1,v40c_04401,orig_rule_04554
nframe_07126,data/images/nframe_07126.npy,TRAIN,TRAIN,no,1,v40c_04402,orig_rule_04555
nframe_07127,data/images/nframe_07127.npy,TRAIN,TRAIN,no,1,v40c_04402,orig_rule_04555
nframe_07128,data/images/nframe_07128.npy,TRAIN,TRAIN,no,2,v40c_04402,orig_rule_04555
nframe_07129,data/images/nframe_07129.npy,TRAIN,TRAIN,no,3,v40c_04402,orig_rule_04555
nframe_07130,data/images/nframe_07130.npy,TRAIN,TRAIN,no,3,v40c_04402,orig_rule_04555
nframe_07131,data/images/nframe_07131.npy,TRAIN,TRAIN,no,2,v40c_04402,orig_rule_04555
nframe_07132,data/images/nframe_07132.npy,TRAIN,TRAIN,no,3,v40c_04402,orig_rule_04555
nframe_07133,data/images/nframe_07133.npy,TRAIN,TRAIN,no,2,v40c_04402,orig_rule_04555
nframe_07134,data/images/nframe_07134.npy,TRAIN,TRAIN,no,2,v40c_04403,orig_singleton_nframe_07134
nframe_07135,data/images/nframe_07135.npy,TRAIN,TRAIN,no,2,v40c_04404,orig_singleton_nframe_07135
nframe_07136,data/images/nframe_07136.npy,TRAIN,TRAIN,no,1,v40c_04405,orig_singleton_nframe_07136
nframe_07137,data/images/nframe_07137.npy,TRAIN,TRAIN,no,2,v40c_04406,orig_singleton_nframe_07137
nframe_07138,data/images/nframe_07138.npy,TRAIN,TRAIN,no,2,v40c_04407,orig_singleton_nframe_07138
nframe_07139,data/images/nframe_07139.npy,TRAIN,TRAIN,no,2,v40c_04408,orig_rule_04561
nframe_07140,data/images/nframe_07140.npy,TRAIN,TRAIN,no,2,v40c_04408,orig_rule_04561
nframe_07141,data/images/nframe_07141.npy,TRAIN,TRAIN,no,2,v40c_04409,orig_singleton_nframe_07141
nframe_07142,data/images/nframe_07142.npy,TRAIN,TRAIN,no,2,v40c_04410,orig_rule_04563
nframe_07143,data/images/nframe_07143.npy,TRAIN,TRAIN,no,2,v40c_04410,orig_rule_04563
nframe_07144,data/images/nframe_07144.npy,TRAIN,TRAIN,no,2,v40c_04411,orig_rule_04564
nframe_07145,data/images/nframe_07145.npy,TRAIN,TRAIN,no,2,v40c_04411,orig_rule_04564
nframe_07146,data/images/nframe_07146.npy,TRAIN,TRAIN,no,2,v40c_04412,orig_singleton_nframe_07146
nframe_07147,data/images/nframe_07147.npy,TRAIN,TRAIN,no,3,v40c_04413,orig_singleton_nframe_07147
nframe_07148,data/images/nframe_07148.npy,TRAIN,TRAIN,no,2,v40c_04414,orig_singleton_nframe_07148
nframe_07149,data/images/nframe_07149.npy,TRAIN,TRAIN,no,3,v40c_04415,orig_singleton_nframe_07149
nframe_07150,data/images/nframe_07150.npy,TRAIN,TRAIN,no,2,v40c_04416,orig_singleton_nframe_07150
nframe_07151,data/images/nframe_07151.npy,TRAIN,TRAIN,no,2,v40c_04417,orig_rule_04570
nframe_07152,data/images/nframe_07152.npy,TRAIN,TRAIN,no,2,v40c_04417,orig_rule_04570
nframe_07153,data/images/nframe_07153.npy,TRAIN,TRAIN,no,2,v40c_04418,orig_rule_04571
nframe_07154,data/images/nframe_07154.npy,TRAIN,TRAIN,no,2,v40c_04418,orig_rule_04571
nframe_07155,data/images/nframe_07155.npy,TRAIN,TRAIN,no,2,v40c_04418,orig_rule_04571
nframe_07156,data/images/nframe_07156.npy,TRAIN,TRAIN,no,3,v40c_04419,orig_singleton_nframe_07156
nframe_07157,data/images/nframe_07157.npy,TRAIN,TRAIN,no,2,v40c_04420,orig_singleton_nframe_07157
nframe_07158,data/images/nframe_07158.npy,TRAIN,TRAIN,no,2,v40c_04421,orig_singleton_nframe_07158
nframe_07159,data/images/nframe_07159.npy,TRAIN,TRAIN,no,2,v40c_04422,orig_rule_04575
nframe_07160,data/images/nframe_07160.npy,TRAIN,TRAIN,no,3,v40c_04422,orig_rule_04575
nframe_07161,data/images/nframe_07161.npy,TRAIN,TRAIN,no,3,v40c_04422,orig_rule_04575
nframe_07162,data/images/nframe_07162.npy,TRAIN,TRAIN,no,2,v40c_04423,orig_singleton_nframe_07162
nframe_07163,data/images/nframe_07163.npy,TRAIN,TRAIN,no,2,v40c_04422,orig_rule_04575
nframe_07164,data/images/nframe_07164.npy,TRAIN,TRAIN,no,2,v40c_04422,orig_rule_04575
nframe_07165,data/images/nframe_07165.npy,TRAIN,TRAIN,no,2,v40c_04422,orig_rule_04575
nframe_07166,data/images/nframe_07166.npy,TRAIN,TRAIN,no,2,v40c_04424,orig_singleton_nframe_07166
nframe_07167,data/images/nframe_07167.npy,TRAIN,TRAIN,no,2,v40c_04425,orig_rule_04578
nframe_07168,data/images/nframe_07168.npy,TRAIN,TRAIN,no,2,v40c_04425,orig_rule_04578
nframe_07169,data/images/nframe_07169.npy,TRAIN,TRAIN,no,2,v40c_04425,orig_rule_04578
nframe_07170,data/images/nframe_07170.npy,TRAIN,TRAIN,no,2,v40c_04425,orig_rule_04578
nframe_07171,data/images/nframe_07171.npy,TRAIN,TRAIN,no,2,v40c_04426,orig_singleton_nframe_07171
nframe_07172,data/images/nframe_07172.npy,TRAIN,TRAIN,no,2,v40c_04427,orig_rule_04580
nframe_07173,data/images/nframe_07173.npy,TRAIN,TRAIN,no,2,v40c_04427,orig_rule_04580
nframe_07174,data/images/nframe_07174.npy,TRAIN,TRAIN,no,2,v40c_04428,orig_singleton_nframe_07174
nframe_07175,data/images/nframe_07175.npy,TRAIN,TRAIN,no,3,v40c_04429,orig_rule_04582
nframe_07176,data/images/nframe_07176.npy,TRAIN,TRAIN,no,3,v40c_04429,orig_rule_04582
nframe_07177,data/images/nframe_07177.npy,TRAIN,TRAIN,no,1,v40c_04430,orig_singleton_nframe_07177
nframe_07178,data/images/nframe_07178.npy,TRAIN,TRAIN,no,1,v40c_04431,orig_singleton_nframe_07178
nframe_07180,data/images/nframe_07180.npy,TRAIN,TRAIN,no,1,v40c_04432,orig_singleton_nframe_07180
nframe_07181,data/images/nframe_07181.npy,TRAIN,TRAIN,no,2,v40c_04433,orig_singleton_nframe_07181
nframe_07182,data/images/nframe_07182.npy,TRAIN,TRAIN,no,2,v40c_04434,orig_singleton_nframe_07182
nframe_07183,data/images/nframe_07183.npy,TRAIN,TRAIN,no,2,v40c_04435,orig_singleton_nframe_07183
nframe_07184,data/images/nframe_07184.npy,TRAIN,TRAIN,no,1,v40c_04436,orig_singleton_nframe_07184
nframe_07185,data/images/nframe_07185.npy,TRAIN,TRAIN,no,2,v40c_04437,orig_singleton_nframe_07185
nframe_07186,data/images/nframe_07186.npy,TRAIN,TRAIN,no,2,v40c_04438,orig_singleton_nframe_07186
nframe_07187,data/images/nframe_07187.npy,TRAIN,TRAIN,no,2,v40c_04439,orig_singleton_nframe_07187
nframe_07188,data/images/nframe_07188.npy,TRAIN,TRAIN,no,2,v40c_04440,orig_singleton_nframe_07188
nframe_07189,data/images/nframe_07189.npy,TRAIN,TRAIN,no,1,v40c_04441,orig_singleton_nframe_07189
nframe_07190,data/images/nframe_07190.npy,TRAIN,TRAIN,no,1,v40c_04442,orig_rule_04595
nframe_07191,data/images/nframe_07191.npy,TRAIN,TRAIN,no,2,v40c_04442,orig_rule_04595
nframe_07192,data/images/nframe_07192.npy,TRAIN,TRAIN,no,1,v40c_04443,orig_rule_04596
nframe_07193,data/images/nframe_07193.npy,TRAIN,TRAIN,no,1,v40c_04443,orig_rule_04596
nframe_07194,data/images/nframe_07194.npy,TRAIN,TRAIN,no,1,v40c_04444,orig_rule_04597
nframe_07195,data/images/nframe_07195.npy,TRAIN,TRAIN,no,1,v40c_04444,orig_rule_04597
nframe_07198,data/images/nframe_07198.npy,TRAIN,TRAIN,no,2,v40c_04445,orig_singleton_nframe_07198
nframe_07199,data/images/nframe_07199.npy,TRAIN,TRAIN,no,1,v40c_04446,orig_singleton_nframe_07199
nframe_07200,data/images/nframe_07200.npy,TRAIN,TRAIN,no,1,v40c_04447,orig_singleton_nframe_07200
nframe_07201,data/images/nframe_07201.npy,TRAIN,TRAIN,no,1,v40c_04448,orig_rule_04601
nframe_07202,data/images/nframe_07202.npy,TRAIN,TRAIN,no,1,v40c_04448,orig_rule_04601
nframe_07203,data/images/nframe_07203.npy,TRAIN,TRAIN,no,1,v40c_04449,orig_singleton_nframe_07203
nframe_07204,data/images/nframe_07204.npy,TRAIN,TRAIN,no,1,v40c_04450,orig_singleton_nframe_07204
nframe_07205,data/images/nframe_07205.npy,TRAIN,TRAIN,no,1,v40c_04451,orig_rule_04604
nframe_07206,data/images/nframe_07206.npy,TRAIN,TRAIN,no,1,v40c_04451,orig_rule_04604
nframe_07207,data/images/nframe_07207.npy,TRAIN,TRAIN,no,1,v40c_04452,orig_rule_04605
nframe_07208,data/images/nframe_07208.npy,TRAIN,TRAIN,no,1,v40c_04452,orig_rule_04605
nframe_07209,data/images/nframe_07209.npy,TRAIN,TRAIN,no,2,v40c_04452,orig_rule_04605
nframe_07210,data/images/nframe_07210.npy,TRAIN,TRAIN,no,2,v40c_04453,orig_singleton_nframe_07210
nframe_07211,data/images/nframe_07211.npy,TRAIN,TRAIN,no,2,v40c_04454,orig_singleton_nframe_07211
nframe_07212,data/images/nframe_07212.npy,TRAIN,TRAIN,no,2,v40c_04455,orig_singleton_nframe_07212
nframe_07213,data/images/nframe_07213.npy,TRAIN,TRAIN,no,2,v40c_04456,orig_rule_04609
nframe_07214,data/images/nframe_07214.npy,TRAIN,TRAIN,no,3,v40c_04456,orig_rule_04609
nframe_07215,data/images/nframe_07215.npy,TRAIN,TRAIN,no,1,v40c_04457,orig_singleton_nframe_07215
nframe_07216,data/images/nframe_07216.npy,TRAIN,TRAIN,no,1,v40c_04458,orig_singleton_nframe_07216
nframe_07217,data/images/nframe_07217.npy,TRAIN,TRAIN,no,3,v40c_04459,orig_singleton_nframe_07217
nframe_07218,data/images/nframe_07218.npy,TRAIN,TRAIN,no,2,v40c_04460,orig_singleton_nframe_07218
nframe_07219,data/images/nframe_07219.npy,TRAIN,TRAIN,no,2,v40c_04461,orig_singleton_nframe_07219
nframe_07220,data/images/nframe_07220.npy,TRAIN,TRAIN,no,2,v40c_04462,orig_singleton_nframe_07220
nframe_07221,data/images/nframe_07221.npy,TRAIN,TRAIN,no,2,v40c_04463,orig_singleton_nframe_07221
nframe_07222,data/images/nframe_07222.npy,TRAIN,TRAIN,no,2,v40c_04464,orig_rule_04617
nframe_07223,data/images/nframe_07223.npy,TRAIN,TRAIN,no,2,v40c_04464,orig_rule_04617
nframe_07224,data/images/nframe_07224.npy,TRAIN,TRAIN,no,2,v40c_04465,orig_singleton_nframe_07224
nframe_07225,data/images/nframe_07225.npy,TRAIN,TRAIN,no,2,v40c_04466,orig_rule_04619
nframe_07226,data/images/nframe_07226.npy,TRAIN,TRAIN,no,2,v40c_04466,orig_rule_04619
nframe_07227,data/images/nframe_07227.npy,TRAIN,TRAIN,no,2,v40c_04467,orig_rule_04620
nframe_07228,data/images/nframe_07228.npy,TRAIN,TRAIN,no,2,v40c_04467,orig_rule_04620
nframe_07229,data/images/nframe_07229.npy,TRAIN,TRAIN,no,2,v40c_04467,orig_rule_04620
nframe_07230,data/images/nframe_07230.npy,TRAIN,TRAIN,no,2,v40c_04468,orig_singleton_nframe_07230
nframe_07231,data/images/nframe_07231.npy,TRAIN,TRAIN,no,2,v40c_04469,orig_singleton_nframe_07231
nframe_07232,data/images/nframe_07232.npy,TRAIN,TRAIN,no,2,v40c_04470,orig_singleton_nframe_07232
nframe_07233,data/images/nframe_07233.npy,TRAIN,TRAIN,no,2,v40c_04471,orig_singleton_nframe_07233
nframe_07234,data/images/nframe_07234.npy,TRAIN,TRAIN,no,2,v40c_04472,orig_rule_04625
nframe_07235,data/images/nframe_07235.npy,TRAIN,TRAIN,no,2,v40c_04472,orig_rule_04625
nframe_07236,data/images/nframe_07236.npy,TRAIN,TRAIN,no,2,v40c_04472,orig_rule_04625
nframe_07237,data/images/nframe_07237.npy,TRAIN,TRAIN,no,2,v40c_04473,orig_rule_04626
nframe_07238,data/images/nframe_07238.npy,TRAIN,TRAIN,no,2,v40c_04473,orig_rule_04626
nframe_07239,data/images/nframe_07239.npy,TRAIN,TRAIN,no,2,v40c_04473,orig_rule_04626
nframe_07240,data/images/nframe_07240.npy,TRAIN,TRAIN,no,2,v40c_04474,orig_rule_04627
nframe_07241,data/images/nframe_07241.npy,TRAIN,TRAIN,no,2,v40c_04474,orig_rule_04627
nframe_07242,data/images/nframe_07242.npy,TRAIN,TRAIN,no,2,v40c_04474,orig_rule_04627
nframe_07243,data/images/nframe_07243.npy,TRAIN,TRAIN,no,2,v40c_04475,orig_rule_04628
nframe_07244,data/images/nframe_07244.npy,TRAIN,TRAIN,no,2,v40c_04475,orig_rule_04628
nframe_07245,data/images/nframe_07245.npy,TRAIN,TRAIN,no,1,v40c_04476,orig_rule_04629
nframe_07246,data/images/nframe_07246.npy,TRAIN,TRAIN,no,1,v40c_04476,orig_rule_04629
nframe_07247,data/images/nframe_07247.npy,TRAIN,TRAIN,no,1,v40c_04476,orig_rule_04629
nframe_07248,data/images/nframe_07248.npy,TRAIN,TRAIN,no,1,v40c_04476,orig_rule_04629
nframe_07249,data/images/nframe_07249.npy,TRAIN,TRAIN,no,1,v40c_04476,orig_rule_04629
nframe_07250,data/images/nframe_07250.npy,TRAIN,TRAIN,no,1,v40c_04476,orig_rule_04629
nframe_07251,data/images/nframe_07251.npy,TRAIN,TRAIN,no,1,v40c_04477,orig_singleton_nframe_07251
nframe_07252,data/images/nframe_07252.npy,TRAIN,TRAIN,no,1,v40c_04478,orig_singleton_nframe_07252
nframe_07253,data/images/nframe_07253.npy,TRAIN,TRAIN,no,1,v40c_04479,orig_rule_04632
nframe_07254,data/images/nframe_07254.npy,TRAIN,TRAIN,no,1,v40c_04479,orig_rule_04632
nframe_07255,data/images/nframe_07255.npy,TRAIN,TRAIN,no,1,v40c_04480,orig_rule_04633
nframe_07256,data/images/nframe_07256.npy,TRAIN,TRAIN,no,1,v40c_04480,orig_rule_04633
nframe_07257,data/images/nframe_07257.npy,TRAIN,TRAIN,no,1,v40c_04480,orig_rule_04633
nframe_07258,data/images/nframe_07258.npy,TRAIN,TRAIN,no,1,v40c_04481,orig_singleton_nframe_07258
nframe_07259,data/images/nframe_07259.npy,TRAIN,TRAIN,no,1,v40c_04482,orig_singleton_nframe_07259
nframe_07260,data/images/nframe_07260.npy,TRAIN,TRAIN,no,1,v40c_04483,orig_rule_04636
nframe_07261,data/images/nframe_07261.npy,TRAIN,TRAIN,no,1,v40c_04483,orig_rule_04636
nframe_07262,data/images/nframe_07262.npy,TRAIN,TRAIN,no,1,v40c_04483,orig_rule_04636
nframe_07303,data/images/nframe_07303.npy,VALIDATION,VALIDATION,no,1,v40c_04484,orig_singleton_nframe_07303
nframe_07309,data/images/nframe_07309.npy,VALIDATION,VALIDATION,no,1,v40c_04485,orig_singleton_nframe_07309
nframe_07344,data/images/nframe_07344.npy,VALIDATION,VALIDATION,no,1,v40c_04486,orig_singleton_nframe_07344
nframe_07345,data/images/nframe_07345.npy,VALIDATION,VALIDATION,no,1,v40c_04486,orig_singleton_nframe_07345
nframe_07346,data/images/nframe_07346.npy,VALIDATION,VALIDATION,no,1,v40c_04486,orig_rule_04641
nframe_07347,data/images/nframe_07347.npy,VALIDATION,VALIDATION,no,1,v40c_04486,orig_rule_04641
nframe_07348,data/images/nframe_07348.npy,VALIDATION,VALIDATION,no,1,v40c_04486,orig_rule_04641
nframe_07349,data/images/nframe_07349.npy,VALIDATION,VALIDATION,no,1,v40c_04486,orig_rule_04641
nframe_07350,data/images/nframe_07350.npy,VALIDATION,VALIDATION,no,1,v40c_04486,orig_rule_04641
nframe_07351,data/images/nframe_07351.npy,VALIDATION,VALIDATION,no,1,v40c_04486,orig_singleton_nframe_07351
nframe_07352,data/images/nframe_07352.npy,VALIDATION,VALIDATION,no,1,v40c_04486,orig_rule_04643
nframe_07353,data/images/nframe_07353.npy,VALIDATION,VALIDATION,no,1,v40c_04486,orig_rule_04643
nframe_07354,data/images/nframe_07354.npy,VALIDATION,VALIDATION,no,1,v40c_04486,orig_rule_04644
nframe_07355,data/images/nframe_07355.npy,VALIDATION,VALIDATION,no,1,v40c_04486,orig_rule_04644
nframe_07356,data/images/nframe_07356.npy,TRAIN,VALIDATION,yes,1,v40c_04486,orig_singleton_nframe_07356
nframe_07357,data/images/nframe_07357.npy,TRAIN,VALIDATION,yes,1,v40c_04487,orig_singleton_nframe_07357
nframe_07358,data/images/nframe_07358.npy,VALIDATION,VALIDATION,no,1,v40c_04487,orig_rule_04647
nframe_07359,data/images/nframe_07359.npy,VALIDATION,VALIDATION,no,1,v40c_04487,orig_rule_04647
nframe_07376,data/images/nframe_07376.npy,TRAIN,TRAIN,no,2,v40c_04488,orig_singleton_nframe_07376
nframe_07377,data/images/nframe_07377.npy,TRAIN,TRAIN,no,1,v40c_04489,orig_singleton_nframe_07377
nframe_07378,data/images/nframe_07378.npy,TRAIN,TRAIN,no,2,v40c_04490,orig_singleton_nframe_07378
nframe_07379,data/images/nframe_07379.npy,TRAIN,TRAIN,no,2,v40c_04491,orig_singleton_nframe_07379
nframe_07380,data/images/nframe_07380.npy,TRAIN,TRAIN,no,2,v40c_04492,orig_rule_04652
nframe_07381,data/images/nframe_07381.npy,TRAIN,TRAIN,no,1,v40c_04492,orig_rule_04652
nframe_07382,data/images/nframe_07382.npy,TRAIN,TRAIN,no,2,v40c_04493,orig_rule_04653
nframe_07383,data/images/nframe_07383.npy,TRAIN,TRAIN,no,3,v40c_04493,orig_rule_04653
nframe_07384,data/images/nframe_07384.npy,TRAIN,TRAIN,no,2,v40c_04494,orig_singleton_nframe_07384
nframe_07385,data/images/nframe_07385.npy,TRAIN,TRAIN,no,1,v40c_04495,orig_singleton_nframe_07385
nframe_07386,data/images/nframe_07386.npy,TRAIN,TRAIN,no,1,v40c_04496,orig_singleton_nframe_07386
nframe_07387,data/images/nframe_07387.npy,TRAIN,TRAIN,no,1,v40c_04497,orig_singleton_nframe_07387
nframe_07388,data/images/nframe_07388.npy,TRAIN,TRAIN,no,1,v40c_04498,orig_singleton_nframe_07388
nframe_07389,data/images/nframe_07389.npy,TRAIN,TRAIN,no,3,v40c_04499,orig_singleton_nframe_07389
nframe_07390,data/images/nframe_07390.npy,TRAIN,TRAIN,no,1,v40c_04500,orig_singleton_nframe_07390
nframe_07391,data/images/nframe_07391.npy,TRAIN,TRAIN,no,2,v40c_04501,orig_singleton_nframe_07391
nframe_07392,data/images/nframe_07392.npy,TRAIN,TRAIN,no,2,v40c_04502,orig_singleton_nframe_07392
nframe_07393,data/images/nframe_07393.npy,TRAIN,TRAIN,no,3,v40c_04503,orig_singleton_nframe_07393
nframe_07394,data/images/nframe_07394.npy,TRAIN,TRAIN,no,2,v40c_04504,orig_singleton_nframe_07394
nframe_07395,data/images/nframe_07395.npy,TRAIN,TRAIN,no,3,v40c_04505,orig_singleton_nframe_07395
nframe_07396,data/images/nframe_07396.npy,TRAIN,TRAIN,no,3,v40c_04506,orig_rule_04666
nframe_07397,data/images/nframe_07397.npy,TRAIN,TRAIN,no,2,v40c_04506,orig_rule_04666
nframe_07398,data/images/nframe_07398.npy,TRAIN,TRAIN,no,2,v40c_04506,orig_rule_04666
nframe_07399,data/images/nframe_07399.npy,TRAIN,TRAIN,no,2,v40c_04507,orig_singleton_nframe_07399
nframe_07400,data/images/nframe_07400.npy,TRAIN,TRAIN,no,2,v40c_04508,orig_rule_04668
nframe_07401,data/images/nframe_07401.npy,TRAIN,TRAIN,no,2,v40c_04508,orig_rule_04668
nframe_07402,data/images/nframe_07402.npy,TRAIN,TRAIN,no,2,v40c_04509,orig_singleton_nframe_07402
nframe_07403,data/images/nframe_07403.npy,TRAIN,TRAIN,no,2,v40c_04510,orig_singleton_nframe_07403
nframe_07404,data/images/nframe_07404.npy,TRAIN,TRAIN,no,2,v40c_04511,orig_rule_04671
nframe_07405,data/images/nframe_07405.npy,TRAIN,TRAIN,no,3,v40c_04511,orig_rule_04671
nframe_07406,data/images/nframe_07406.npy,TRAIN,TRAIN,no,3,v40c_04512,orig_singleton_nframe_07406
nframe_07407,data/images/nframe_07407.npy,TRAIN,TRAIN,no,3,v40c_04513,orig_singleton_nframe_07407
nframe_07424,data/images/nframe_07424.npy,VALIDATION,VALIDATION,no,4,v40c_04514,orig_rule_04674
nframe_07425,data/images/nframe_07425.npy,VALIDATION,VALIDATION,no,4,v40c_04514,orig_rule_04674
nframe_07426,data/images/nframe_07426.npy,VALIDATION,VALIDATION,no,5,v40c_04515,orig_singleton_nframe_07426
nframe_07427,data/images/nframe_07427.npy,VALIDATION,VALIDATION,no,4,v40c_04516,orig_rule_04676
nframe_07428,data/images/nframe_07428.npy,VALIDATION,VALIDATION,no,4,v40c_04516,orig_rule_04676
nframe_07429,data/images/nframe_07429.npy,VALIDATION,VALIDATION,no,3,v40c_04517,orig_singleton_nframe_07429
nframe_07430,data/images/nframe_07430.npy,VALIDATION,VALIDATION,no,2,v40c_04518,orig_singleton_nframe_07430
nframe_07431,data/images/nframe_07431.npy,VALIDATION,VALIDATION,no,3,v40c_04519,orig_singleton_nframe_07431
nframe_07432,data/images/nframe_07432.npy,VALIDATION,VALIDATION,no,3,v40c_04520,orig_rule_04680
nframe_07433,data/images/nframe_07433.npy,VALIDATION,VALIDATION,no,3,v40c_04520,orig_rule_04680
nframe_07434,data/images/nframe_07434.npy,VALIDATION,VALIDATION,no,3,v40c_04521,orig_singleton_nframe_07434
nframe_07435,data/images/nframe_07435.npy,VALIDATION,VALIDATION,no,3,v40c_04522,orig_singleton_nframe_07435
nframe_07436,data/images/nframe_07436.npy,VALIDATION,VALIDATION,no,5,v40c_04523,orig_singleton_nframe_07436
nframe_07437,data/images/nframe_07437.npy,VALIDATION,VALIDATION,no,4,v40c_04524,orig_singleton_nframe_07437
nframe_07438,data/images/nframe_07438.npy,VALIDATION,VALIDATION,no,4,v40c_04525,orig_singleton_nframe_07438
nframe_07439,data/images/nframe_07439.npy,VALIDATION,VALIDATION,no,4,v40c_04526,orig_singleton_nframe_07439
nframe_07440,data/images/nframe_07440.npy,VALIDATION,VALIDATION,no,3,v40c_04527,orig_singleton_nframe_07440
nframe_07441,data/images/nframe_07441.npy,VALIDATION,VALIDATION,no,5,v40c_04528,orig_singleton_nframe_07441
nframe_07442,data/images/nframe_07442.npy,VALIDATION,VALIDATION,no,5,v40c_04529,orig_singleton_nframe_07442
nframe_07443,data/images/nframe_07443.npy,VALIDATION,VALIDATION,no,5,v40c_04530,orig_singleton_nframe_07443
nframe_07444,data/images/nframe_07444.npy,VALIDATION,VALIDATION,no,5,v40c_04531,orig_singleton_nframe_07444
nframe_07445,data/images/nframe_07445.npy,VALIDATION,VALIDATION,no,5,v40c_04532,orig_singleton_nframe_07445
nframe_07446,data/images/nframe_07446.npy,VALIDATION,VALIDATION,no,5,v40c_04533,orig_singleton_nframe_07446
nframe_07447,data/images/nframe_07447.npy,VALIDATION,VALIDATION,no,5,v40c_04534,orig_rule_04694
nframe_07448,data/images/nframe_07448.npy,VALIDATION,VALIDATION,no,4,v40c_04534,orig_rule_04694
nframe_07449,data/images/nframe_07449.npy,VALIDATION,VALIDATION,no,5,v40c_04535,orig_singleton_nframe_07449
nframe_07450,data/images/nframe_07450.npy,VALIDATION,VALIDATION,no,5,v40c_04536,orig_singleton_nframe_07450
nframe_07451,data/images/nframe_07451.npy,VALIDATION,VALIDATION,no,5,v40c_04537,orig_singleton_nframe_07451
nframe_07452,data/images/nframe_07452.npy,VALIDATION,VALIDATION,no,4,v40c_04538,orig_singleton_nframe_07452
nframe_07453,data/images/nframe_07453.npy,VALIDATION,VALIDATION,no,3,v40c_04539,orig_singleton_nframe_07453
nframe_07454,data/images/nframe_07454.npy,VALIDATION,VALIDATION,no,4,v40c_04540,orig_singleton_nframe_07454
nframe_07455,data/images/nframe_07455.npy,VALIDATION,VALIDATION,no,6,v40c_04541,orig_singleton_nframe_07455
nframe_07456,data/images/nframe_07456.npy,VALIDATION,VALIDATION,no,4,v40c_04542,orig_singleton_nframe_07456
nframe_07457,data/images/nframe_07457.npy,VALIDATION,VALIDATION,no,5,v40c_04543,orig_singleton_nframe_07457
nframe_07458,data/images/nframe_07458.npy,VALIDATION,VALIDATION,no,5,v40c_04544,orig_rule_04704
nframe_07459,data/images/nframe_07459.npy,VALIDATION,VALIDATION,no,5,v40c_04544,orig_rule_04704
nframe_07460,data/images/nframe_07460.npy,VALIDATION,VALIDATION,no,5,v40c_04545,orig_singleton_nframe_07460
nframe_07461,data/images/nframe_07461.npy,VALIDATION,VALIDATION,no,5,v40c_04546,orig_singleton_nframe_07461
nframe_07462,data/images/nframe_07462.npy,VALIDATION,VALIDATION,no,5,v40c_04547,orig_rule_04707
nframe_07463,data/images/nframe_07463.npy,VALIDATION,VALIDATION,no,5,v40c_04547,orig_rule_04707
nframe_07464,data/images/nframe_07464.npy,VALIDATION,VALIDATION,no,5,v40c_04548,orig_singleton_nframe_07464
nframe_07465,data/images/nframe_07465.npy,VALIDATION,VALIDATION,no,5,v40c_04549,orig_rule_04709
nframe_07466,data/images/nframe_07466.npy,VALIDATION,VALIDATION,no,5,v40c_04549,orig_rule_04709
nframe_07467,data/images/nframe_07467.npy,VALIDATION,VALIDATION,no,5,v40c_04550,orig_singleton_nframe_07467
nframe_07468,data/images/nframe_07468.npy,VALIDATION,VALIDATION,no,5,v40c_04551,orig_singleton_nframe_07468
nframe_07469,data/images/nframe_07469.npy,VALIDATION,VALIDATION,no,4,v40c_04552,orig_singleton_nframe_07469
nframe_07470,data/images/nframe_07470.npy,VALIDATION,VALIDATION,no,4,v40c_04553,orig_singleton_nframe_07470
nframe_07471,data/images/nframe_07471.npy,VALIDATION,VALIDATION,no,5,v40c_04554,orig_rule_04714
nframe_07472,data/images/nframe_07472.npy,VALIDATION,VALIDATION,no,3,v40c_04554,orig_rule_04714
nframe_07473,data/images/nframe_07473.npy,VALIDATION,VALIDATION,no,3,v40c_04555,orig_singleton_nframe_07473
nframe_07474,data/images/nframe_07474.npy,VALIDATION,VALIDATION,no,3,v40c_04556,orig_rule_04716
nframe_07475,data/images/nframe_07475.npy,VALIDATION,VALIDATION,no,3,v40c_04557,orig_singleton_nframe_07475
nframe_07476,data/images/nframe_07476.npy,VALIDATION,VALIDATION,no,3,v40c_04558,orig_singleton_nframe_07476
nframe_07477,data/images/nframe_07477.npy,VALIDATION,VALIDATION,no,3,v40c_04556,orig_rule_04716
nframe_07478,data/images/nframe_07478.npy,VALIDATION,VALIDATION,no,3,v40c_04556,orig_rule_04716
nframe_07479,data/images/nframe_07479.npy,VALIDATION,VALIDATION,no,3,v40c_04556,orig_rule_04716
nframe_07480,data/images/nframe_07480.npy,VALIDATION,VALIDATION,no,3,v40c_04559,orig_rule_04719
nframe_07481,data/images/nframe_07481.npy,VALIDATION,VALIDATION,no,3,v40c_04559,orig_rule_04719
nframe_07482,data/images/nframe_07482.npy,VALIDATION,VALIDATION,no,3,v40c_04560,orig_singleton_nframe_07482
nframe_07483,data/images/nframe_07483.npy,VALIDATION,VALIDATION,no,3,v40c_04561,orig_singleton_nframe_07483
nframe_07484,data/images/nframe_07484.npy,VALIDATION,VALIDATION,no,4,v40c_04562,orig_singleton_nframe_07484
nframe_07485,data/images/nframe_07485.npy,VALIDATION,VALIDATION,no,4,v40c_04563,orig_singleton_nframe_07485
nframe_07486,data/images/nframe_07486.npy,VALIDATION,VALIDATION,no,4,v40c_04564,orig_singleton_nframe_07486
nframe_07487,data/images/nframe_07487.npy,VALIDATION,VALIDATION,no,2,v40c_04565,orig_singleton_nframe_07487
nframe_07488,data/images/nframe_07488.npy,VALIDATION,VALIDATION,no,4,v40c_04566,orig_singleton_nframe_07488
nframe_07489,data/images/nframe_07489.npy,VALIDATION,VALIDATION,no,3,v40c_04567,orig_singleton_nframe_07489
nframe_07490,data/images/nframe_07490.npy,VALIDATION,VALIDATION,no,3,v40c_04568,orig_singleton_nframe_07490
nframe_07491,data/images/nframe_07491.npy,VALIDATION,VALIDATION,no,4,v40c_04569,orig_singleton_nframe_07491
nframe_07492,data/images/nframe_07492.npy,VALIDATION,VALIDATION,no,3,v40c_04570,orig_singleton_nframe_07492
nframe_07493,data/images/nframe_07493.npy,VALIDATION,VALIDATION,no,3,v40c_04571,orig_singleton_nframe_07493
nframe_07494,data/images/nframe_07494.npy,VALIDATION,VALIDATION,no,3,v40c_04572,orig_singleton_nframe_07494
nframe_07495,data/images/nframe_07495.npy,VALIDATION,VALIDATION,no,3,v40c_04573,orig_singleton_nframe_07495
nframe_07496,data/images/nframe_07496.npy,VALIDATION,VALIDATION,no,4,v40c_04574,orig_singleton_nframe_07496
nframe_07497,data/images/nframe_07497.npy,VALIDATION,VALIDATION,no,4,v40c_04575,orig_singleton_nframe_07497
nframe_07498,data/images/nframe_07498.npy,VALIDATION,VALIDATION,no,4,v40c_04576,orig_singleton_nframe_07498
nframe_07499,data/images/nframe_07499.npy,VALIDATION,VALIDATION,no,4,v40c_04577,orig_singleton_nframe_07499
nframe_07500,data/images/nframe_07500.npy,VALIDATION,VALIDATION,no,4,v40c_04578,orig_singleton_nframe_07500
nframe_07501,data/images/nframe_07501.npy,VALIDATION,VALIDATION,no,4,v40c_04579,orig_singleton_nframe_07501
nframe_07502,data/images/nframe_07502.npy,VALIDATION,VALIDATION,no,4,v40c_04580,orig_singleton_nframe_07502
nframe_07503,data/images/nframe_07503.npy,VALIDATION,VALIDATION,no,4,v40c_04581,orig_singleton_nframe_07503
nframe_07504,data/images/nframe_07504.npy,VALIDATION,VALIDATION,no,4,v40c_04582,orig_singleton_nframe_07504
nframe_07505,data/images/nframe_07505.npy,VALIDATION,VALIDATION,no,4,v40c_04583,orig_singleton_nframe_07505
nframe_07506,data/images/nframe_07506.npy,VALIDATION,VALIDATION,no,4,v40c_04584,orig_singleton_nframe_07506
nframe_07507,data/images/nframe_07507.npy,VALIDATION,VALIDATION,no,4,v40c_04585,orig_rule_04745
nframe_07508,data/images/nframe_07508.npy,VALIDATION,VALIDATION,no,5,v40c_04585,orig_rule_04745
nframe_07509,data/images/nframe_07509.npy,VALIDATION,VALIDATION,no,5,v40c_04586,orig_singleton_nframe_07509
nframe_07510,data/images/nframe_07510.npy,VALIDATION,VALIDATION,no,5,v40c_04587,orig_rule_04747
nframe_07511,data/images/nframe_07511.npy,VALIDATION,VALIDATION,no,5,v40c_04587,orig_rule_04747
nframe_07512,data/images/nframe_07512.npy,VALIDATION,VALIDATION,no,5,v40c_04588,orig_singleton_nframe_07512
nframe_07513,data/images/nframe_07513.npy,VALIDATION,VALIDATION,no,5,v40c_04589,orig_singleton_nframe_07513
nframe_07514,data/images/nframe_07514.npy,VALIDATION,VALIDATION,no,5,v40c_04590,orig_singleton_nframe_07514
nframe_07515,data/images/nframe_07515.npy,VALIDATION,VALIDATION,no,5,v40c_04591,orig_rule_04751
nframe_07516,data/images/nframe_07516.npy,VALIDATION,VALIDATION,no,5,v40c_04591,orig_rule_04751
nframe_07517,data/images/nframe_07517.npy,VALIDATION,VALIDATION,no,5,v40c_04592,orig_singleton_nframe_07517
nframe_07518,data/images/nframe_07518.npy,VALIDATION,VALIDATION,no,5,v40c_04593,orig_singleton_nframe_07518
nframe_07519,data/images/nframe_07519.npy,VALIDATION,VALIDATION,no,4,v40c_04594,orig_rule_04754
nframe_07520,data/images/nframe_07520.npy,VALIDATION,VALIDATION,no,4,v40c_04594,orig_rule_04754
nframe_07521,data/images/nframe_07521.npy,VALIDATION,VALIDATION,no,4,v40c_04595,orig_singleton_nframe_07521
nframe_07522,data/images/nframe_07522.npy,VALIDATION,VALIDATION,no,4,v40c_04596,orig_singleton_nframe_07522
nframe_07523,data/images/nframe_07523.npy,VALIDATION,VALIDATION,no,4,v40c_04597,orig_singleton_nframe_07523
nframe_07524,data/images/nframe_07524.npy,VALIDATION,VALIDATION,no,4,v40c_04598,orig_singleton_nframe_07524
nframe_07525,data/images/nframe_07525.npy,VALIDATION,VALIDATION,no,3,v40c_04599,orig_singleton_nframe_07525
nframe_07526,data/images/nframe_07526.npy,VALIDATION,VALIDATION,no,3,v40c_04600,orig_singleton_nframe_07526
nframe_07527,data/images/nframe_07527.npy,VALIDATION,VALIDATION,no,4,v40c_04601,orig_singleton_nframe_07527
nframe_07528,data/images/nframe_07528.npy,VALIDATION,VALIDATION,no,3,v40c_04602,orig_singleton_nframe_07528
nframe_07529,data/images/nframe_07529.npy,VALIDATION,VALIDATION,no,3,v40c_04603,orig_singleton_nframe_07529
nframe_07530,data/images/nframe_07530.npy,VALIDATION,VALIDATION,no,3,v40c_04604,orig_singleton_nframe_07530
nframe_07531,data/images/nframe_07531.npy,VALIDATION,VALIDATION,no,3,v40c_04605,orig_singleton_nframe_07531
nframe_07532,data/images/nframe_07532.npy,VALIDATION,VALIDATION,no,3,v40c_04606,orig_rule_04766
nframe_07533,data/images/nframe_07533.npy,VALIDATION,VALIDATION,no,3,v40c_04606,orig_rule_04766
nframe_07534,data/images/nframe_07534.npy,VALIDATION,VALIDATION,no,4,v40c_04607,orig_singleton_nframe_07534
nframe_07535,data/images/nframe_07535.npy,VALIDATION,VALIDATION,no,4,v40c_04608,orig_singleton_nframe_07535
nframe_07536,data/images/nframe_07536.npy,VALIDATION,VALIDATION,no,4,v40c_04609,orig_singleton_nframe_07536
nframe_07537,data/images/nframe_07537.npy,VALIDATION,VALIDATION,no,4,v40c_04610,orig_singleton_nframe_07537
nframe_07538,data/images/nframe_07538.npy,VALIDATION,VALIDATION,no,4,v40c_04611,orig_singleton_nframe_07538
nframe_07539,data/images/nframe_07539.npy,VALIDATION,VALIDATION,no,4,v40c_04612,orig_singleton_nframe_07539
nframe_07540,data/images/nframe_07540.npy,VALIDATION,VALIDATION,no,5,v40c_04613,orig_rule_04773
nframe_07541,data/images/nframe_07541.npy,VALIDATION,VALIDATION,no,5,v40c_04613,orig_rule_04773
nframe_07542,data/images/nframe_07542.npy,VALIDATION,VALIDATION,no,5,v40c_04614,orig_singleton_nframe_07542
nframe_07543,data/images/nframe_07543.npy,VALIDATION,VALIDATION,no,4,v40c_04615,orig_singleton_nframe_07543
nframe_07544,data/images/nframe_07544.npy,VALIDATION,VALIDATION,no,3,v40c_04616,orig_singleton_nframe_07544
nframe_07545,data/images/nframe_07545.npy,VALIDATION,VALIDATION,no,2,v40c_04617,orig_rule_04777
nframe_07546,data/images/nframe_07546.npy,VALIDATION,VALIDATION,no,2,v40c_04617,orig_rule_04777
nframe_07547,data/images/nframe_07547.npy,VALIDATION,VALIDATION,no,2,v40c_04618,orig_singleton_nframe_07547
nframe_07548,data/images/nframe_07548.npy,VALIDATION,VALIDATION,no,2,v40c_04619,orig_singleton_nframe_07548
nframe_07549,data/images/nframe_07549.npy,VALIDATION,VALIDATION,no,2,v40c_04620,orig_singleton_nframe_07549
nframe_07550,data/images/nframe_07550.npy,VALIDATION,VALIDATION,no,2,v40c_04621,orig_singleton_nframe_07550
nframe_07551,data/images/nframe_07551.npy,VALIDATION,VALIDATION,no,2,v40c_04622,orig_singleton_nframe_07551
nframe_07568,data/images/nframe_07568.npy,TRAIN,TRAIN,no,3,v40c_04623,orig_singleton_nframe_07568
nframe_07569,data/images/nframe_07569.npy,TRAIN,TRAIN,no,3,v40c_04624,orig_rule_04784
nframe_07570,data/images/nframe_07570.npy,TRAIN,TRAIN,no,3,v40c_04624,orig_rule_04784
nframe_07571,data/images/nframe_07571.npy,TRAIN,TRAIN,no,3,v40c_04624,orig_rule_04784
nframe_07572,data/images/nframe_07572.npy,TRAIN,TRAIN,no,2,v40c_04625,orig_singleton_nframe_07572
nframe_07573,data/images/nframe_07573.npy,TRAIN,TRAIN,no,2,v40c_04626,orig_rule_04786
nframe_07574,data/images/nframe_07574.npy,TRAIN,TRAIN,no,1,v40c_04626,orig_rule_04786
nframe_07575,data/images/nframe_07575.npy,TRAIN,TRAIN,no,1,v40c_04627,orig_rule_04787
nframe_07576,data/images/nframe_07576.npy,TRAIN,TRAIN,no,2,v40c_04627,orig_rule_04787
nframe_07577,data/images/nframe_07577.npy,TRAIN,TRAIN,no,2,v40c_04628,orig_rule_04788
nframe_07578,data/images/nframe_07578.npy,TRAIN,TRAIN,no,2,v40c_04628,orig_rule_04788
nframe_07579,data/images/nframe_07579.npy,TRAIN,TRAIN,no,2,v40c_04629,orig_singleton_nframe_07579
nframe_07580,data/images/nframe_07580.npy,TRAIN,TRAIN,no,2,v40c_04630,orig_singleton_nframe_07580
nframe_07581,data/images/nframe_07581.npy,TRAIN,TRAIN,no,3,v40c_04631,orig_singleton_nframe_07581
nframe_07582,data/images/nframe_07582.npy,TRAIN,TRAIN,no,1,v40c_04632,orig_singleton_nframe_07582
nframe_07583,data/images/nframe_07583.npy,TRAIN,TRAIN,no,1,v40c_04633,orig_singleton_nframe_07583
nframe_07584,data/images/nframe_07584.npy,TRAIN,TRAIN,no,1,v40c_04634,orig_singleton_nframe_07584
nframe_07585,data/images/nframe_07585.npy,TRAIN,TRAIN,no,1,v40c_04635,orig_singleton_nframe_07585
nframe_07586,data/images/nframe_07586.npy,TRAIN,TRAIN,no,4,v40c_04636,orig_singleton_nframe_07586
nframe_07587,data/images/nframe_07587.npy,TRAIN,TRAIN,no,4,v40c_04637,orig_singleton_nframe_07587
nframe_07588,data/images/nframe_07588.npy,TRAIN,TRAIN,no,4,v40c_04638,orig_singleton_nframe_07588
nframe_07589,data/images/nframe_07589.npy,TRAIN,TRAIN,no,4,v40c_04639,orig_singleton_nframe_07589
nframe_07590,data/images/nframe_07590.npy,TRAIN,TRAIN,no,3,v40c_04640,orig_singleton_nframe_07590
nframe_07591,data/images/nframe_07591.npy,TRAIN,TRAIN,no,3,v40c_04641,orig_singleton_nframe_07591
nframe_07592,data/images/nframe_07592.npy,TRAIN,TRAIN,no,3,v40c_04642,orig_singleton_nframe_07592
nframe_07593,data/images/nframe_07593.npy,TRAIN,TRAIN,no,3,v40c_04643,orig_singleton_nframe_07593
nframe_07594,data/images/nframe_07594.npy,TRAIN,TRAIN,no,3,v40c_04644,orig_rule_04804
nframe_07595,data/images/nframe_07595.npy,TRAIN,TRAIN,no,3,v40c_04644,orig_rule_04804
nframe_07596,data/images/nframe_07596.npy,TRAIN,TRAIN,no,4,v40c_04645,orig_singleton_nframe_07596
nframe_07597,data/images/nframe_07597.npy,TRAIN,TRAIN,no,4,v40c_04646,orig_singleton_nframe_07597
nframe_07598,data/images/nframe_07598.npy,TRAIN,TRAIN,no,4,v40c_04647,orig_singleton_nframe_07598
nframe_07599,data/images/nframe_07599.npy,TRAIN,TRAIN,no,3,v40c_04648,orig_singleton_nframe_07599
nframe_07616,data/images/nframe_07616.npy,VALIDATION,VALIDATION,no,4,v40c_04649,orig_singleton_nframe_07616
nframe_07617,data/images/nframe_07617.npy,VALIDATION,VALIDATION,no,3,v40c_04650,orig_singleton_nframe_07617
nframe_07618,data/images/nframe_07618.npy,VALIDATION,VALIDATION,no,3,v40c_04651,orig_singleton_nframe_07618
nframe_07619,data/images/nframe_07619.npy,VALIDATION,VALIDATION,no,3,v40c_04652,orig_singleton_nframe_07619
nframe_07620,data/images/nframe_07620.npy,VALIDATION,VALIDATION,no,2,v40c_04653,orig_singleton_nframe_07620
nframe_07621,data/images/nframe_07621.npy,VALIDATION,VALIDATION,no,3,v40c_04654,orig_singleton_nframe_07621
nframe_07623,data/images/nframe_07623.npy,VALIDATION,VALIDATION,no,2,v40c_04655,orig_singleton_nframe_07623
nframe_07624,data/images/nframe_07624.npy,VALIDATION,VALIDATION,no,2,v40c_04656,orig_rule_04816
nframe_07625,data/images/nframe_07625.npy,VALIDATION,VALIDATION,no,2,v40c_04656,orig_rule_04816
nframe_07626,data/images/nframe_07626.npy,VALIDATION,VALIDATION,no,2,v40c_04657,orig_singleton_nframe_07626
nframe_07627,data/images/nframe_07627.npy,VALIDATION,VALIDATION,no,2,v40c_04658,orig_rule_04818
nframe_07628,data/images/nframe_07628.npy,VALIDATION,VALIDATION,no,2,v40c_04658,orig_rule_04818
nframe_07629,data/images/nframe_07629.npy,VALIDATION,VALIDATION,no,3,v40c_04658,orig_rule_04818
nframe_07630,data/images/nframe_07630.npy,VALIDATION,VALIDATION,no,3,v40c_04658,orig_rule_04818
nframe_07631,data/images/nframe_07631.npy,VALIDATION,VALIDATION,no,3,v40c_04659,orig_rule_04819
nframe_07632,data/images/nframe_07632.npy,VALIDATION,VALIDATION,no,4,v40c_04659,orig_rule_04819
nframe_07633,data/images/nframe_07633.npy,VALIDATION,VALIDATION,no,3,v40c_04660,orig_rule_04820
nframe_07634,data/images/nframe_07634.npy,VALIDATION,VALIDATION,no,3,v40c_04660,orig_rule_04820
nframe_07635,data/images/nframe_07635.npy,VALIDATION,VALIDATION,no,3,v40c_04661,orig_singleton_nframe_07635
nframe_07636,data/images/nframe_07636.npy,VALIDATION,VALIDATION,no,3,v40c_04662,orig_singleton_nframe_07636
nframe_07637,data/images/nframe_07637.npy,VALIDATION,VALIDATION,no,4,v40c_04663,orig_rule_04823
nframe_07638,data/images/nframe_07638.npy,VALIDATION,VALIDATION,no,4,v40c_04663,orig_rule_04823
nframe_07639,data/images/nframe_07639.npy,VALIDATION,VALIDATION,no,3,v40c_04664,orig_singleton_nframe_07639
nframe_07640,data/images/nframe_07640.npy,VALIDATION,VALIDATION,no,3,v40c_04663,orig_rule_04823
nframe_07641,data/images/nframe_07641.npy,VALIDATION,VALIDATION,no,3,v40c_04665,orig_singleton_nframe_07641
nframe_07642,data/images/nframe_07642.npy,VALIDATION,VALIDATION,no,3,v40c_04666,orig_singleton_nframe_07642
nframe_07643,data/images/nframe_07643.npy,VALIDATION,VALIDATION,no,3,v40c_04667,orig_singleton_nframe_07643
nframe_07644,data/images/nframe_07644.npy,VALIDATION,VALIDATION,no,3,v40c_04668,orig_singleton_nframe_07644
nframe_07645,data/images/nframe_07645.npy,VALIDATION,VALIDATION,no,3,v40c_04669,orig_singleton_nframe_07645
nframe_07646,data/images/nframe_07646.npy,VALIDATION,VALIDATION,no,4,v40c_04670,orig_singleton_nframe_07646
nframe_07647,data/images/nframe_07647.npy,VALIDATION,VALIDATION,no,4,v40c_04671,orig_rule_04831
nframe_07648,data/images/nframe_07648.npy,VALIDATION,VALIDATION,no,3,v40c_04671,orig_rule_04831
nframe_07649,data/images/nframe_07649.npy,VALIDATION,VALIDATION,no,3,v40c_04672,orig_singleton_nframe_07649
nframe_07650,data/images/nframe_07650.npy,VALIDATION,VALIDATION,no,3,v40c_04673,orig_singleton_nframe_07650
nframe_07651,data/images/nframe_07651.npy,VALIDATION,VALIDATION,no,3,v40c_04674,orig_singleton_nframe_07651
nframe_07652,data/images/nframe_07652.npy,VALIDATION,VALIDATION,no,4,v40c_04675,orig_singleton_nframe_07652
nframe_07653,data/images/nframe_07653.npy,VALIDATION,VALIDATION,no,4,v40c_04676,orig_singleton_nframe_07653
nframe_07654,data/images/nframe_07654.npy,VALIDATION,VALIDATION,no,4,v40c_04677,orig_rule_04837
nframe_07655,data/images/nframe_07655.npy,VALIDATION,VALIDATION,no,4,v40c_04677,orig_rule_04837
nframe_07656,data/images/nframe_07656.npy,VALIDATION,VALIDATION,no,4,v40c_04678,orig_rule_04838
nframe_07657,data/images/nframe_07657.npy,VALIDATION,VALIDATION,no,4,v40c_04678,orig_rule_04838
nframe_07658,data/images/nframe_07658.npy,VALIDATION,VALIDATION,no,4,v40c_04679,orig_singleton_nframe_07658
nframe_07659,data/images/nframe_07659.npy,VALIDATION,VALIDATION,no,3,v40c_04680,orig_rule_04840
nframe_07660,data/images/nframe_07660.npy,VALIDATION,VALIDATION,no,3,v40c_04680,orig_rule_04840
nframe_07661,data/images/nframe_07661.npy,VALIDATION,VALIDATION,no,3,v40c_04680,orig_rule_04840
nframe_07662,data/images/nframe_07662.npy,VALIDATION,VALIDATION,no,3,v40c_04681,orig_singleton_nframe_07662
nframe_07663,data/images/nframe_07663.npy,VALIDATION,VALIDATION,no,3,v40c_04682,orig_singleton_nframe_07663
nframe_07664,data/images/nframe_07664.npy,VALIDATION,VALIDATION,no,3,v40c_04683,orig_singleton_nframe_07664
nframe_07665,data/images/nframe_07665.npy,VALIDATION,VALIDATION,no,3,v40c_04684,orig_singleton_nframe_07665
nframe_07666,data/images/nframe_07666.npy,VALIDATION,VALIDATION,no,3,v40c_04685,orig_singleton_nframe_07666
nframe_07667,data/images/nframe_07667.npy,VALIDATION,VALIDATION,no,3,v40c_04686,orig_singleton_nframe_07667
nframe_07668,data/images/nframe_07668.npy,VALIDATION,VALIDATION,no,3,v40c_04687,orig_singleton_nframe_07668
nframe_07669,data/images/nframe_07669.npy,VALIDATION,VALIDATION,no,3,v40c_04688,orig_singleton_nframe_07669
nframe_07670,data/images/nframe_07670.npy,VALIDATION,VALIDATION,no,3,v40c_04689,orig_singleton_nframe_07670
nframe_07671,data/images/nframe_07671.npy,VALIDATION,VALIDATION,no,3,v40c_04690,orig_singleton_nframe_07671
nframe_07672,data/images/nframe_07672.npy,VALIDATION,VALIDATION,no,3,v40c_04691,orig_singleton_nframe_07672
nframe_07673,data/images/nframe_07673.npy,VALIDATION,VALIDATION,no,3,v40c_04692,orig_singleton_nframe_07673
nframe_07674,data/images/nframe_07674.npy,VALIDATION,VALIDATION,no,3,v40c_04693,orig_singleton_nframe_07674
nframe_07675,data/images/nframe_07675.npy,VALIDATION,VALIDATION,no,2,v40c_04694,orig_singleton_nframe_07675
nframe_07676,data/images/nframe_07676.npy,VALIDATION,VALIDATION,no,2,v40c_04695,orig_singleton_nframe_07676
nframe_07677,data/images/nframe_07677.npy,VALIDATION,VALIDATION,no,2,v40c_04696,orig_rule_04856
nframe_07678,data/images/nframe_07678.npy,VALIDATION,VALIDATION,no,2,v40c_04696,orig_rule_04856
nframe_07679,data/images/nframe_07679.npy,VALIDATION,VALIDATION,no,2,v40c_04696,orig_rule_04856
nframe_07680,data/images/nframe_07680.npy,VALIDATION,VALIDATION,no,1,v40c_04696,orig_rule_04856
nframe_07681,data/images/nframe_07681.npy,VALIDATION,VALIDATION,no,1,v40c_04696,orig_rule_04856
nframe_07682,data/images/nframe_07682.npy,VALIDATION,VALIDATION,no,1,v40c_04697,orig_singleton_nframe_07682
nframe_07683,data/images/nframe_07683.npy,VALIDATION,VALIDATION,no,1,v40c_04698,orig_singleton_nframe_07683
nframe_07684,data/images/nframe_07684.npy,VALIDATION,VALIDATION,no,1,v40c_04699,orig_singleton_nframe_07684
nframe_07685,data/images/nframe_07685.npy,VALIDATION,VALIDATION,no,1,v40c_04700,orig_singleton_nframe_07685
nframe_07686,data/images/nframe_07686.npy,VALIDATION,VALIDATION,no,1,v40c_04701,orig_rule_04861
nframe_07687,data/images/nframe_07687.npy,VALIDATION,VALIDATION,no,1,v40c_04701,orig_rule_04861
nframe_07688,data/images/nframe_07688.npy,VALIDATION,VALIDATION,no,1,v40c_04701,orig_rule_04861
nframe_07689,data/images/nframe_07689.npy,VALIDATION,VALIDATION,no,1,v40c_04702,orig_singleton_nframe_07689
nframe_07690,data/images/nframe_07690.npy,VALIDATION,VALIDATION,no,2,v40c_04703,orig_singleton_nframe_07690
nframe_07691,data/images/nframe_07691.npy,VALIDATION,VALIDATION,no,2,v40c_04704,orig_rule_04864
nframe_07692,data/images/nframe_07692.npy,VALIDATION,VALIDATION,no,2,v40c_04704,orig_rule_04864
nframe_07693,data/images/nframe_07693.npy,VALIDATION,VALIDATION,no,1,v40c_04704,orig_rule_04864
nframe_07694,data/images/nframe_07694.npy,VALIDATION,VALIDATION,no,3,v40c_04705,orig_singleton_nframe_07694
nframe_07695,data/images/nframe_07695.npy,VALIDATION,VALIDATION,no,2,v40c_04706,orig_singleton_nframe_07695
nframe_07696,data/images/nframe_07696.npy,VALIDATION,VALIDATION,no,2,v40c_04707,orig_singleton_nframe_07696
nframe_07697,data/images/nframe_07697.npy,VALIDATION,VALIDATION,no,3,v40c_04708,orig_singleton_nframe_07697
nframe_07698,data/images/nframe_07698.npy,VALIDATION,VALIDATION,no,1,v40c_04709,orig_rule_04869
nframe_07699,data/images/nframe_07699.npy,VALIDATION,VALIDATION,no,1,v40c_04709,orig_rule_04869
nframe_07700,data/images/nframe_07700.npy,VALIDATION,VALIDATION,no,1,v40c_04710,orig_singleton_nframe_07700
nframe_07701,data/images/nframe_07701.npy,VALIDATION,VALIDATION,no,1,v40c_04711,orig_singleton_nframe_07701
nframe_07702,data/images/nframe_07702.npy,VALIDATION,VALIDATION,no,2,v40c_04712,orig_singleton_nframe_07702
nframe_07703,data/images/nframe_07703.npy,VALIDATION,VALIDATION,no,2,v40c_04713,orig_singleton_nframe_07703
nframe_07704,data/images/nframe_07704.npy,VALIDATION,VALIDATION,no,1,v40c_04714,orig_singleton_nframe_07704
nframe_07705,data/images/nframe_07705.npy,VALIDATION,VALIDATION,no,1,v40c_04715,orig_singleton_nframe_07705
nframe_07706,data/images/nframe_07706.npy,VALIDATION,VALIDATION,no,2,v40c_04716,orig_singleton_nframe_07706
nframe_07707,data/images/nframe_07707.npy,VALIDATION,VALIDATION,no,2,v40c_04717,orig_singleton_nframe_07707
nframe_07708,data/images/nframe_07708.npy,VALIDATION,VALIDATION,no,2,v40c_04718,orig_singleton_nframe_07708
nframe_07709,data/images/nframe_07709.npy,VALIDATION,VALIDATION,no,2,v40c_04719,orig_singleton_nframe_07709
nframe_07710,data/images/nframe_07710.npy,VALIDATION,VALIDATION,no,2,v40c_04720,orig_singleton_nframe_07710
nframe_07711,data/images/nframe_07711.npy,VALIDATION,VALIDATION,no,2,v40c_04721,orig_singleton_nframe_07711
nframe_07712,data/images/nframe_07712.npy,VALIDATION,VALIDATION,no,2,v40c_04722,orig_singleton_nframe_07712
nframe_07713,data/images/nframe_07713.npy,VALIDATION,VALIDATION,no,2,v40c_04723,orig_singleton_nframe_07713
nframe_07714,data/images/nframe_07714.npy,VALIDATION,VALIDATION,no,2,v40c_04724,orig_singleton_nframe_07714
nframe_07715,data/images/nframe_07715.npy,VALIDATION,VALIDATION,no,2,v40c_04725,orig_singleton_nframe_07715
nframe_07716,data/images/nframe_07716.npy,VALIDATION,VALIDATION,no,2,v40c_04726,orig_singleton_nframe_07716
nframe_07717,data/images/nframe_07717.npy,VALIDATION,VALIDATION,no,3,v40c_04727,orig_singleton_nframe_07717
nframe_07718,data/images/nframe_07718.npy,VALIDATION,VALIDATION,no,3,v40c_04728,orig_singleton_nframe_07718
nframe_07719,data/images/nframe_07719.npy,VALIDATION,VALIDATION,no,3,v40c_04729,orig_rule_04889
nframe_07720,data/images/nframe_07720.npy,VALIDATION,VALIDATION,no,3,v40c_04729,orig_rule_04889
nframe_07721,data/images/nframe_07721.npy,VALIDATION,VALIDATION,no,4,v40c_04730,orig_singleton_nframe_07721
nframe_07722,data/images/nframe_07722.npy,VALIDATION,VALIDATION,no,4,v40c_04731,orig_singleton_nframe_07722
nframe_07723,data/images/nframe_07723.npy,VALIDATION,VALIDATION,no,4,v40c_04732,orig_singleton_nframe_07723
nframe_07724,data/images/nframe_07724.npy,VALIDATION,VALIDATION,no,4,v40c_04733,orig_singleton_nframe_07724
nframe_07725,data/images/nframe_07725.npy,VALIDATION,VALIDATION,no,3,v40c_04734,orig_singleton_nframe_07725
nframe_07726,data/images/nframe_07726.npy,VALIDATION,VALIDATION,no,3,v40c_04735,orig_singleton_nframe_07726
nframe_07727,data/images/nframe_07727.npy,VALIDATION,VALIDATION,no,3,v40c_04736,orig_singleton_nframe_07727
nframe_07729,data/images/nframe_07729.npy,VALIDATION,VALIDATION,no,3,v40c_04737,orig_singleton_nframe_07729
nframe_07730,data/images/nframe_07730.npy,VALIDATION,VALIDATION,no,4,v40c_04738,orig_singleton_nframe_07730
nframe_07731,data/images/nframe_07731.npy,VALIDATION,VALIDATION,no,4,v40c_04739,orig_singleton_nframe_07731
nframe_07732,data/images/nframe_07732.npy,VALIDATION,VALIDATION,no,3,v40c_04740,orig_rule_04900
nframe_07733,data/images/nframe_07733.npy,VALIDATION,VALIDATION,no,2,v40c_04740,orig_rule_04900
nframe_07734,data/images/nframe_07734.npy,VALIDATION,VALIDATION,no,2,v40c_04741,orig_singleton_nframe_07734
nframe_07735,data/images/nframe_07735.npy,VALIDATION,VALIDATION,no,2,v40c_04742,orig_singleton_nframe_07735
nframe_07736,data/images/nframe_07736.npy,VALIDATION,VALIDATION,no,3,v40c_04743,orig_singleton_nframe_07736
nframe_07737,data/images/nframe_07737.npy,VALIDATION,VALIDATION,no,3,v40c_04744,orig_singleton_nframe_07737
nframe_07738,data/images/nframe_07738.npy,VALIDATION,VALIDATION,no,2,v40c_04745,orig_singleton_nframe_07738
nframe_07739,data/images/nframe_07739.npy,VALIDATION,VALIDATION,no,2,v40c_04746,orig_singleton_nframe_07739
nframe_07740,data/images/nframe_07740.npy,VALIDATION,VALIDATION,no,2,v40c_04747,orig_singleton_nframe_07740
nframe_07741,data/images/nframe_07741.npy,VALIDATION,VALIDATION,no,3,v40c_04748,orig_singleton_nframe_07741
nframe_07742,data/images/nframe_07742.npy,VALIDATION,VALIDATION,no,2,v40c_04749,orig_singleton_nframe_07742
nframe_07743,data/images/nframe_07743.npy,VALIDATION,VALIDATION,no,3,v40c_04750,orig_singleton_nframe_07743
nframe_07760,data/images/nframe_07760.npy,TRAIN,TRAIN,no,2,v40c_04751,orig_rule_04911
nframe_07761,data/images/nframe_07761.npy,TRAIN,TRAIN,no,2,v40c_04751,orig_rule_04911
nframe_07762,data/images/nframe_07762.npy,TRAIN,TRAIN,no,2,v40c_04752,orig_singleton_nframe_07762
nframe_07763,data/images/nframe_07763.npy,TRAIN,TRAIN,no,1,v40c_04753,orig_singleton_nframe_07763
nframe_07764,data/images/nframe_07764.npy,TRAIN,TRAIN,no,1,v40c_04754,orig_singleton_nframe_07764
nframe_07765,data/images/nframe_07765.npy,TRAIN,TRAIN,no,1,v40c_04755,orig_rule_04915
nframe_07766,data/images/nframe_07766.npy,TRAIN,TRAIN,no,1,v40c_04755,orig_rule_04915
nframe_07767,data/images/nframe_07767.npy,TRAIN,TRAIN,no,1,v40c_04756,orig_singleton_nframe_07767
nframe_07768,data/images/nframe_07768.npy,TRAIN,TRAIN,no,1,v40c_04757,orig_rule_04917
nframe_07769,data/images/nframe_07769.npy,TRAIN,TRAIN,no,1,v40c_04757,orig_rule_04917
nframe_07770,data/images/nframe_07770.npy,TRAIN,TRAIN,no,1,v40c_04758,orig_singleton_nframe_07770
nframe_07771,data/images/nframe_07771.npy,TRAIN,TRAIN,no,1,v40c_04759,orig_singleton_nframe_07771
nframe_07772,data/images/nframe_07772.npy,TRAIN,TRAIN,no,1,v40c_04760,orig_singleton_nframe_07772
nframe_07773,data/images/nframe_07773.npy,TRAIN,TRAIN,no,1,v40c_04761,orig_singleton_nframe_07773
nframe_07775,data/images/nframe_07775.npy,TRAIN,TRAIN,no,1,v40c_04762,orig_rule_04922
nframe_07776,data/images/nframe_07776.npy,TRAIN,TRAIN,no,1,v40c_04762,orig_rule_04922
nframe_07788,data/images/nframe_07788.npy,VALIDATION,VALIDATION,no,1,v40c_04763,orig_singleton_nframe_07788
nframe_07789,data/images/nframe_07789.npy,VALIDATION,VALIDATION,no,1,v40c_04763,orig_singleton_nframe_07789
nframe_07790,data/images/nframe_07790.npy,TRAIN,VALIDATION,yes,2,v40c_04763,orig_singleton_nframe_07790
nframe_07791,data/images/nframe_07791.npy,TRAIN,TRAIN,no,2,v40c_04764,orig_singleton_nframe_07791
nframe_07792,data/images/nframe_07792.npy,TRAIN,TRAIN,no,2,v40c_04765,orig_singleton_nframe_07792
nframe_07793,data/images/nframe_07793.npy,TRAIN,TRAIN,no,2,v40c_04766,orig_singleton_nframe_07793
nframe_07794,data/images/nframe_07794.npy,TRAIN,TRAIN,no,2,v40c_04767,orig_singleton_nframe_07794
nframe_07795,data/images/nframe_07795.npy,TRAIN,VALIDATION,yes,3,v40c_04768,orig_singleton_nframe_07795
nframe_07796,data/images/nframe_07796.npy,VALIDATION,VALIDATION,no,3,v40c_04768,orig_singleton_nframe_07796
nframe_07797,data/images/nframe_07797.npy,TRAIN,TRAIN,no,3,v40c_04769,orig_rule_04932
nframe_07798,data/images/nframe_07798.npy,TRAIN,TRAIN,no,3,v40c_04769,orig_rule_04932
nframe_07799,data/images/nframe_07799.npy,TRAIN,TRAIN,no,2,v40c_04770,orig_singleton_nframe_07799
nframe_07800,data/images/nframe_07800.npy,TRAIN,TRAIN,no,2,v40c_04771,orig_singleton_nframe_07800
nframe_07801,data/images/nframe_07801.npy,TRAIN,TRAIN,no,2,v40c_04772,orig_singleton_nframe_07801
nframe_07802,data/images/nframe_07802.npy,TRAIN,TRAIN,no,2,v40c_04773,orig_singleton_nframe_07802
nframe_07803,data/images/nframe_07803.npy,TRAIN,TRAIN,no,3,v40c_04774,orig_singleton_nframe_07803
nframe_07804,data/images/nframe_07804.npy,TRAIN,TRAIN,no,3,v40c_04775,orig_singleton_nframe_07804
nframe_07805,data/images/nframe_07805.npy,TRAIN,TRAIN,no,3,v40c_04776,orig_singleton_nframe_07805
nframe_07806,data/images/nframe_07806.npy,TRAIN,TRAIN,no,3,v40c_04777,orig_singleton_nframe_07806
nframe_07807,data/images/nframe_07807.npy,TRAIN,TRAIN,no,2,v40c_04778,orig_singleton_nframe_07807
nframe_07808,data/images/nframe_07808.npy,TRAIN,TRAIN,no,3,v40c_04779,orig_singleton_nframe_07808
nframe_07809,data/images/nframe_07809.npy,TRAIN,TRAIN,no,1,v40c_04780,orig_rule_04943
nframe_07810,data/images/nframe_07810.npy,TRAIN,TRAIN,no,2,v40c_04780,orig_rule_04943
nframe_07811,data/images/nframe_07811.npy,TRAIN,TRAIN,no,2,v40c_04781,orig_singleton_nframe_07811
nframe_07812,data/images/nframe_07812.npy,TRAIN,TRAIN,no,1,v40c_04782,orig_singleton_nframe_07812
nframe_07813,data/images/nframe_07813.npy,TRAIN,TRAIN,no,1,v40c_04783,orig_singleton_nframe_07813
nframe_07819,data/images/nframe_07819.npy,TRAIN,TRAIN,no,1,v40c_04784,orig_rule_04947
nframe_07820,data/images/nframe_07820.npy,TRAIN,TRAIN,no,1,v40c_04785,orig_singleton_nframe_07820
nframe_07821,data/images/nframe_07821.npy,TRAIN,TRAIN,no,1,v40c_04784,orig_rule_04947
nframe_07822,data/images/nframe_07822.npy,TRAIN,TRAIN,no,1,v40c_04786,orig_singleton_nframe_07822
nframe_07823,data/images/nframe_07823.npy,TRAIN,TRAIN,no,2,v40c_04787,orig_rule_04950
nframe_07824,data/images/nframe_07824.npy,TRAIN,TRAIN,no,2,v40c_04787,orig_rule_04950
nframe_07825,data/images/nframe_07825.npy,TRAIN,TRAIN,no,2,v40c_04788,orig_singleton_nframe_07825
nframe_07826,data/images/nframe_07826.npy,TRAIN,TRAIN,no,2,v40c_04789,orig_singleton_nframe_07826
nframe_07827,data/images/nframe_07827.npy,TRAIN,TRAIN,no,2,v40c_04790,orig_singleton_nframe_07827
nframe_07828,data/images/nframe_07828.npy,TRAIN,TRAIN,no,2,v40c_04791,orig_singleton_nframe_07828
nframe_07829,data/images/nframe_07829.npy,TRAIN,TRAIN,no,2,v40c_04792,orig_singleton_nframe_07829
nframe_07830,data/images/nframe_07830.npy,TRAIN,TRAIN,no,2,v40c_04793,orig_singleton_nframe_07830
nframe_07831,data/images/nframe_07831.npy,TRAIN,TRAIN,no,2,v40c_04794,orig_singleton_nframe_07831
nframe_07832,data/images/nframe_07832.npy,TRAIN,TRAIN,no,2,v40c_04795,orig_singleton_nframe_07832
nframe_07833,data/images/nframe_07833.npy,TRAIN,VALIDATION,yes,2,v40c_04796,orig_singleton_nframe_07833
nframe_07834,data/images/nframe_07834.npy,VALIDATION,VALIDATION,no,2,v40c_04796,orig_rule_04960
nframe_07835,data/images/nframe_07835.npy,VALIDATION,VALIDATION,no,2,v40c_04796,orig_rule_04961
nframe_07836,data/images/nframe_07836.npy,VALIDATION,VALIDATION,no,2,v40c_04796,orig_rule_04961
nframe_07837,data/images/nframe_07837.npy,TRAIN,VALIDATION,yes,2,v40c_04796,orig_singleton_nframe_07837
nframe_07838,data/images/nframe_07838.npy,VALIDATION,VALIDATION,no,2,v40c_04796,orig_singleton_nframe_07838
nframe_07839,data/images/nframe_07839.npy,VALIDATION,VALIDATION,no,2,v40c_04796,orig_rule_04960
nframe_07840,data/images/nframe_07840.npy,VALIDATION,VALIDATION,no,1,v40c_04796,orig_rule_04964
nframe_07841,data/images/nframe_07841.npy,VALIDATION,VALIDATION,no,1,v40c_04796,orig_rule_04964
nframe_07842,data/images/nframe_07842.npy,VALIDATION,VALIDATION,no,1,v40c_04796,orig_rule_04964
nframe_07843,data/images/nframe_07843.npy,VALIDATION,VALIDATION,no,1,v40c_04796,orig_rule_04964
nframe_07844,data/images/nframe_07844.npy,VALIDATION,VALIDATION,no,1,v40c_04796,orig_rule_04960
nframe_07851,data/images/nframe_07851.npy,TRAIN,TRAIN,no,1,v40c_04797,orig_singleton_nframe_07851
nframe_07855,data/images/nframe_07855.npy,TRAIN,TRAIN,no,1,v40c_04798,orig_rule_04966
nframe_07856,data/images/nframe_07856.npy,TRAIN,TRAIN,no,1,v40c_04798,orig_rule_04966
nframe_07857,data/images/nframe_07857.npy,TRAIN,TRAIN,no,1,v40c_04798,orig_rule_04966
nframe_07858,data/images/nframe_07858.npy,TRAIN,TRAIN,no,1,v40c_04799,orig_singleton_nframe_07858
nframe_07859,data/images/nframe_07859.npy,TRAIN,TRAIN,no,1,v40c_04800,orig_rule_04968
nframe_07860,data/images/nframe_07860.npy,TRAIN,TRAIN,no,1,v40c_04800,orig_rule_04968
nframe_07861,data/images/nframe_07861.npy,TRAIN,TRAIN,no,1,v40c_04800,orig_rule_04968
nframe_07862,data/images/nframe_07862.npy,TRAIN,TRAIN,no,2,v40c_04801,orig_singleton_nframe_07862
nframe_07863,data/images/nframe_07863.npy,TRAIN,TRAIN,no,2,v40c_04802,orig_singleton_nframe_07863
nframe_07864,data/images/nframe_07864.npy,TRAIN,TRAIN,no,2,v40c_04803,orig_singleton_nframe_07864
nframe_07865,data/images/nframe_07865.npy,TRAIN,TRAIN,no,2,v40c_04804,orig_singleton_nframe_07865
nframe_07866,data/images/nframe_07866.npy,TRAIN,TRAIN,no,2,v40c_04805,orig_singleton_nframe_07866
nframe_07867,data/images/nframe_07867.npy,TRAIN,TRAIN,no,2,v40c_04806,orig_singleton_nframe_07867
nframe_07868,data/images/nframe_07868.npy,TRAIN,TRAIN,no,2,v40c_04807,orig_singleton_nframe_07868
nframe_07869,data/images/nframe_07869.npy,TRAIN,TRAIN,no,2,v40c_04808,orig_singleton_nframe_07869
nframe_07870,data/images/nframe_07870.npy,TRAIN,TRAIN,no,2,v40c_04809,orig_singleton_nframe_07870
nframe_07871,data/images/nframe_07871.npy,TRAIN,TRAIN,no,3,v40c_04810,orig_singleton_nframe_07871
nframe_07872,data/images/nframe_07872.npy,TRAIN,TRAIN,no,3,v40c_04811,orig_singleton_nframe_07872
nframe_07873,data/images/nframe_07873.npy,TRAIN,TRAIN,no,3,v40c_04812,orig_singleton_nframe_07873
nframe_07874,data/images/nframe_07874.npy,TRAIN,TRAIN,no,3,v40c_04813,orig_singleton_nframe_07874
nframe_07875,data/images/nframe_07875.npy,TRAIN,TRAIN,no,3,v40c_04814,orig_singleton_nframe_07875
nframe_07876,data/images/nframe_07876.npy,TRAIN,TRAIN,no,3,v40c_04815,orig_singleton_nframe_07876
nframe_07877,data/images/nframe_07877.npy,TRAIN,TRAIN,no,3,v40c_04816,orig_singleton_nframe_07877
nframe_07878,data/images/nframe_07878.npy,TRAIN,TRAIN,no,2,v40c_04817,orig_singleton_nframe_07878
nframe_07879,data/images/nframe_07879.npy,TRAIN,TRAIN,no,2,v40c_04818,orig_singleton_nframe_07879
nframe_07880,data/images/nframe_07880.npy,TRAIN,TRAIN,no,2,v40c_04819,orig_rule_04987
nframe_07881,data/images/nframe_07881.npy,TRAIN,TRAIN,no,2,v40c_04819,orig_rule_04987
nframe_07882,data/images/nframe_07882.npy,TRAIN,TRAIN,no,2,v40c_04820,orig_singleton_nframe_07882
nframe_07883,data/images/nframe_07883.npy,TRAIN,TRAIN,no,2,v40c_04821,orig_singleton_nframe_07883
nframe_07884,data/images/nframe_07884.npy,TRAIN,TRAIN,no,2,v40c_04822,orig_singleton_nframe_07884
nframe_07885,data/images/nframe_07885.npy,TRAIN,TRAIN,no,2,v40c_04823,orig_singleton_nframe_07885
nframe_07886,data/images/nframe_07886.npy,TRAIN,TRAIN,no,2,v40c_04824,orig_singleton_nframe_07886
nframe_07888,data/images/nframe_07888.npy,TRAIN,TRAIN,no,2,v40c_04825,orig_singleton_nframe_07888
nframe_07889,data/images/nframe_07889.npy,TRAIN,TRAIN,no,1,v40c_04826,orig_singleton_nframe_07889
nframe_07890,data/images/nframe_07890.npy,TRAIN,TRAIN,no,2,v40c_04827,orig_singleton_nframe_07890
nframe_07891,data/images/nframe_07891.npy,TRAIN,TRAIN,no,1,v40c_04828,orig_singleton_nframe_07891
nframe_07892,data/images/nframe_07892.npy,TRAIN,TRAIN,no,1,v40c_04829,orig_singleton_nframe_07892
nframe_07893,data/images/nframe_07893.npy,TRAIN,TRAIN,no,1,v40c_04830,orig_singleton_nframe_07893
nframe_07894,data/images/nframe_07894.npy,TRAIN,TRAIN,no,1,v40c_04831,orig_rule_04999
nframe_07895,data/images/nframe_07895.npy,TRAIN,TRAIN,no,1,v40c_04831,orig_rule_04999
nframe_07896,data/images/nframe_07896.npy,TRAIN,TRAIN,no,1,v40c_04832,orig_rule_05000
nframe_07897,data/images/nframe_07897.npy,TRAIN,TRAIN,no,1,v40c_04832,orig_rule_05000
nframe_07898,data/images/nframe_07898.npy,TRAIN,TRAIN,no,1,v40c_04831,orig_rule_04999
nframe_07899,data/images/nframe_07899.npy,TRAIN,TRAIN,no,1,v40c_04833,orig_rule_05001
nframe_07900,data/images/nframe_07900.npy,TRAIN,TRAIN,no,1,v40c_04833,orig_rule_05001
nframe_07901,data/images/nframe_07901.npy,TRAIN,TRAIN,no,1,v40c_04833,orig_rule_05001
nframe_07902,data/images/nframe_07902.npy,TRAIN,TRAIN,no,1,v40c_04834,orig_singleton_nframe_07902
nframe_07903,data/images/nframe_07903.npy,TRAIN,TRAIN,no,1,v40c_04835,orig_singleton_nframe_07903
nframe_07904,data/images/nframe_07904.npy,TRAIN,TRAIN,no,1,v40c_04836,orig_singleton_nframe_07904
nframe_07905,data/images/nframe_07905.npy,TRAIN,TRAIN,no,1,v40c_04837,orig_singleton_nframe_07905
nframe_07906,data/images/nframe_07906.npy,TRAIN,TRAIN,no,1,v40c_04838,orig_singleton_nframe_07906
nframe_07907,data/images/nframe_07907.npy,TRAIN,TRAIN,no,1,v40c_04839,orig_singleton_nframe_07907
nframe_07908,data/images/nframe_07908.npy,TRAIN,TRAIN,no,2,v40c_04840,orig_singleton_nframe_07908
nframe_07909,data/images/nframe_07909.npy,TRAIN,TRAIN,no,2,v40c_04841,orig_singleton_nframe_07909
nframe_07910,data/images/nframe_07910.npy,TRAIN,TRAIN,no,2,v40c_04842,orig_singleton_nframe_07910
nframe_07911,data/images/nframe_07911.npy,TRAIN,VALIDATION,yes,2,v40c_04843,orig_singleton_nframe_07911
nframe_07912,data/images/nframe_07912.npy,VALIDATION,VALIDATION,no,2,v40c_04843,orig_singleton_nframe_07912
nframe_07913,data/images/nframe_07913.npy,VALIDATION,VALIDATION,no,2,v40c_04796,orig_rule_04964
nframe_07914,data/images/nframe_07914.npy,TRAIN,VALIDATION,yes,2,v40c_04796,orig_rule_05013
nframe_07915,data/images/nframe_07915.npy,TRAIN,VALIDATION,yes,3,v40c_04796,orig_rule_05013
nframe_07916,data/images/nframe_07916.npy,TRAIN,TRAIN,no,3,v40c_04844,orig_rule_05014
nframe_07917,data/images/nframe_07917.npy,TRAIN,TRAIN,no,2,v40c_04844,orig_rule_05014
nframe_07918,data/images/nframe_07918.npy,TRAIN,TRAIN,no,2,v40c_04845,orig_rule_05015
nframe_07919,data/images/nframe_07919.npy,TRAIN,TRAIN,no,2,v40c_04845,orig_rule_05015
nframe_07936,data/images/nframe_07936.npy,VALIDATION,VALIDATION,no,4,v40c_04846,orig_singleton_nframe_07936
nframe_07937,data/images/nframe_07937.npy,VALIDATION,VALIDATION,no,3,v40c_04847,orig_singleton_nframe_07937
nframe_07938,data/images/nframe_07938.npy,VALIDATION,VALIDATION,no,3,v40c_04848,orig_singleton_nframe_07938
nframe_07939,data/images/nframe_07939.npy,VALIDATION,VALIDATION,no,1,v40c_04849,orig_singleton_nframe_07939
nframe_07940,data/images/nframe_07940.npy,VALIDATION,VALIDATION,no,1,v40c_04850,orig_singleton_nframe_07940
nframe_07941,data/images/nframe_07941.npy,VALIDATION,VALIDATION,no,1,v40c_04851,orig_rule_05021
nframe_07942,data/images/nframe_07942.npy,VALIDATION,VALIDATION,no,1,v40c_04851,orig_rule_05021
nframe_07943,data/images/nframe_07943.npy,VALIDATION,VALIDATION,no,1,v40c_04852,orig_singleton_nframe_07943
nframe_07944,data/images/nframe_07944.npy,VALIDATION,VALIDATION,no,1,v40c_04853,orig_singleton_nframe_07944
nframe_07945,data/images/nframe_07945.npy,VALIDATION,VALIDATION,no,1,v40c_04854,orig_singleton_nframe_07945
nframe_07946,data/images/nframe_07946.npy,VALIDATION,VALIDATION,no,1,v40c_04855,orig_singleton_nframe_07946
nframe_07947,data/images/nframe_07947.npy,VALIDATION,VALIDATION,no,1,v40c_04856,orig_singleton_nframe_07947
nframe_07948,data/images/nframe_07948.npy,VALIDATION,VALIDATION,no,1,v40c_04857,orig_rule_05027
nframe_07949,data/images/nframe_07949.npy,VALIDATION,VALIDATION,no,1,v40c_04857,orig_rule_05027
nframe_07950,data/images/nframe_07950.npy,VALIDATION,VALIDATION,no,1,v40c_04858,orig_singleton_nframe_07950
nframe_07951,data/images/nframe_07951.npy,VALIDATION,VALIDATION,no,1,v40c_04859,orig_singleton_nframe_07951
nframe_07954,data/images/nframe_07954.npy,VALIDATION,VALIDATION,no,1,v40c_04860,orig_singleton_nframe_07954
nframe_07955,data/images/nframe_07955.npy,VALIDATION,VALIDATION,no,2,v40c_04861,orig_singleton_nframe_07955
nframe_07956,data/images/nframe_07956.npy,VALIDATION,VALIDATION,no,2,v40c_04862,orig_rule_05032
nframe_07957,data/images/nframe_07957.npy,VALIDATION,VALIDATION,no,2,v40c_04862,orig_rule_05032
nframe_07958,data/images/nframe_07958.npy,VALIDATION,VALIDATION,no,2,v40c_04863,orig_singleton_nframe_07958
nframe_07959,data/images/nframe_07959.npy,VALIDATION,VALIDATION,no,2,v40c_04864,orig_singleton_nframe_07959
nframe_07960,data/images/nframe_07960.npy,VALIDATION,VALIDATION,no,2,v40c_04865,orig_singleton_nframe_07960
nframe_07961,data/images/nframe_07961.npy,VALIDATION,VALIDATION,no,2,v40c_04866,orig_singleton_nframe_07961
nframe_07962,data/images/nframe_07962.npy,VALIDATION,VALIDATION,no,2,v40c_04867,orig_singleton_nframe_07962
nframe_07963,data/images/nframe_07963.npy,VALIDATION,VALIDATION,no,2,v40c_04868,orig_rule_05038
nframe_07964,data/images/nframe_07964.npy,VALIDATION,VALIDATION,no,2,v40c_04868,orig_rule_05038
nframe_07965,data/images/nframe_07965.npy,VALIDATION,VALIDATION,no,3,v40c_04869,orig_singleton_nframe_07965
nframe_07966,data/images/nframe_07966.npy,VALIDATION,VALIDATION,no,3,v40c_04870,orig_singleton_nframe_07966
nframe_07967,data/images/nframe_07967.npy,VALIDATION,VALIDATION,no,3,v40c_04871,orig_singleton_nframe_07967
nframe_07968,data/images/nframe_07968.npy,VALIDATION,VALIDATION,no,3,v40c_04872,orig_singleton_nframe_07968
nframe_07969,data/images/nframe_07969.npy,VALIDATION,VALIDATION,no,3,v40c_04873,orig_singleton_nframe_07969
nframe_07970,data/images/nframe_07970.npy,VALIDATION,VALIDATION,no,3,v40c_04874,orig_rule_05044
nframe_07971,data/images/nframe_07971.npy,VALIDATION,VALIDATION,no,3,v40c_04874,orig_rule_05044
nframe_07972,data/images/nframe_07972.npy,VALIDATION,VALIDATION,no,3,v40c_04875,orig_singleton_nframe_07972
nframe_07973,data/images/nframe_07973.npy,VALIDATION,VALIDATION,no,2,v40c_04876,orig_rule_05046
nframe_07974,data/images/nframe_07974.npy,VALIDATION,VALIDATION,no,2,v40c_04876,orig_rule_05046
nframe_07975,data/images/nframe_07975.npy,VALIDATION,VALIDATION,no,2,v40c_04877,orig_singleton_nframe_07975
nframe_07976,data/images/nframe_07976.npy,VALIDATION,VALIDATION,no,2,v40c_04878,orig_singleton_nframe_07976
nframe_07977,data/images/nframe_07977.npy,VALIDATION,VALIDATION,no,2,v40c_04879,orig_singleton_nframe_07977
nframe_07978,data/images/nframe_07978.npy,VALIDATION,VALIDATION,no,2,v40c_04880,orig_singleton_nframe_07978
nframe_07979,data/images/nframe_07979.npy,VALIDATION,VALIDATION,no,1,v40c_04881,orig_singleton_nframe_07979
nframe_07980,data/images/nframe_07980.npy,VALIDATION,VALIDATION,no,1,v40c_04882,orig_singleton_nframe_07980
nframe_07981,data/images/nframe_07981.npy,VALIDATION,VALIDATION,no,1,v40c_04883,orig_singleton_nframe_07981
nframe_07982,data/images/nframe_07982.npy,VALIDATION,VALIDATION,no,2,v40c_04884,orig_singleton_nframe_07982
nframe_07983,data/images/nframe_07983.npy,VALIDATION,VALIDATION,no,2,v40c_04885,orig_singleton_nframe_07983
nframe_07984,data/images/nframe_07984.npy,VALIDATION,VALIDATION,no,2,v40c_04886,orig_rule_05056
nframe_07985,data/images/nframe_07985.npy,VALIDATION,VALIDATION,no,2,v40c_04886,orig_rule_05056
nframe_07986,data/images/nframe_07986.npy,VALIDATION,VALIDATION,no,2,v40c_04887,orig_singleton_nframe_07986
nframe_07987,data/images/nframe_07987.npy,VALIDATION,VALIDATION,no,2,v40c_04888,orig_singleton_nframe_07987
nframe_07988,data/images/nframe_07988.npy,VALIDATION,VALIDATION,no,1,v40c_04889,orig_singleton_nframe_07988
nframe_07989,data/images/nframe_07989.npy,VALIDATION,VALIDATION,no,1,v40c_04890,orig_singleton_nframe_07989
nframe_07990,data/images/nframe_07990.npy,VALIDATION,VALIDATION,no,1,v40c_04891,orig_singleton_nframe_07990
nframe_07991,data/images/nframe_07991.npy,VALIDATION,VALIDATION,no,1,v40c_04892,orig_singleton_nframe_07991
nframe_07992,data/images/nframe_07992.npy,VALIDATION,VALIDATION,no,2,v40c_04893,orig_singleton_nframe_07992
nframe_07993,data/images/nframe_07993.npy,VALIDATION,VALIDATION,no,2,v40c_04894,orig_singleton_nframe_07993
nframe_07994,data/images/nframe_07994.npy,VALIDATION,VALIDATION,no,2,v40c_04895,orig_singleton_nframe_07994
nframe_07995,data/images/nframe_07995.npy,VALIDATION,VALIDATION,no,1,v40c_04896,orig_singleton_nframe_07995
nframe_07996,data/images/nframe_07996.npy,VALIDATION,VALIDATION,no,1,v40c_04897,orig_singleton_nframe_07996
nframe_07997,data/images/nframe_07997.npy,VALIDATION,VALIDATION,no,1,v40c_04898,orig_singleton_nframe_07997
nframe_07998,data/images/nframe_07998.npy,VALIDATION,VALIDATION,no,1,v40c_04899,orig_singleton_nframe_07998
nframe_07999,data/images/nframe_07999.npy,VALIDATION,VALIDATION,no,1,v40c_04900,orig_singleton_nframe_07999
nframe_08016,data/images/nframe_08016.npy,TRAIN,TRAIN,no,1,v40c_04901,orig_rule_05071
nframe_08017,data/images/nframe_08017.npy,TRAIN,TRAIN,no,1,v40c_04901,orig_rule_05071
nframe_08018,data/images/nframe_08018.npy,TRAIN,TRAIN,no,1,v40c_04901,orig_rule_05071
nframe_08019,data/images/nframe_08019.npy,TRAIN,TRAIN,no,1,v40c_04902,orig_rule_05072
nframe_08020,data/images/nframe_08020.npy,TRAIN,TRAIN,no,1,v40c_04902,orig_rule_05072
nframe_08021,data/images/nframe_08021.npy,TRAIN,TRAIN,no,1,v40c_04903,orig_rule_05073
nframe_08022,data/images/nframe_08022.npy,TRAIN,TRAIN,no,1,v40c_04903,orig_rule_05073
nframe_08023,data/images/nframe_08023.npy,TRAIN,TRAIN,no,1,v40c_04904,orig_singleton_nframe_08023
nframe_08024,data/images/nframe_08024.npy,TRAIN,TRAIN,no,1,v40c_04905,orig_rule_05075
nframe_08025,data/images/nframe_08025.npy,TRAIN,TRAIN,no,1,v40c_04905,orig_rule_05075
nframe_08026,data/images/nframe_08026.npy,TRAIN,TRAIN,no,1,v40c_04905,orig_rule_05075
nframe_08027,data/images/nframe_08027.npy,TRAIN,TRAIN,no,1,v40c_04906,orig_rule_05076
nframe_08028,data/images/nframe_08028.npy,TRAIN,TRAIN,no,1,v40c_04906,orig_rule_05076
nframe_08029,data/images/nframe_08029.npy,TRAIN,TRAIN,no,1,v40c_04907,orig_singleton_nframe_08029
nframe_08030,data/images/nframe_08030.npy,TRAIN,TRAIN,no,1,v40c_04908,orig_singleton_nframe_08030
nframe_08031,data/images/nframe_08031.npy,TRAIN,TRAIN,no,1,v40c_04909,orig_rule_05079
nframe_08032,data/images/nframe_08032.npy,TRAIN,TRAIN,no,1,v40c_04909,orig_rule_05079
nframe_08033,data/images/nframe_08033.npy,TRAIN,TRAIN,no,1,v40c_04910,orig_singleton_nframe_08033
nframe_08034,data/images/nframe_08034.npy,TRAIN,TRAIN,no,2,v40c_04911,orig_singleton_nframe_08034
nframe_08035,data/images/nframe_08035.npy,TRAIN,TRAIN,no,1,v40c_04912,orig_singleton_nframe_08035
nframe_08036,data/images/nframe_08036.npy,TRAIN,TRAIN,no,2,v40c_04913,orig_singleton_nframe_08036
nframe_08037,data/images/nframe_08037.npy,TRAIN,TRAIN,no,2,v40c_04914,orig_singleton_nframe_08037
nframe_08038,data/images/nframe_08038.npy,TRAIN,TRAIN,no,2,v40c_04915,orig_singleton_nframe_08038
nframe_08039,data/images/nframe_08039.npy,TRAIN,TRAIN,no,2,v40c_04916,orig_singleton_nframe_08039
nframe_08040,data/images/nframe_08040.npy,TRAIN,TRAIN,no,2,v40c_04917,orig_singleton_nframe_08040
nframe_08041,data/images/nframe_08041.npy,TRAIN,TRAIN,no,2,v40c_04918,orig_singleton_nframe_08041
nframe_08042,data/images/nframe_08042.npy,TRAIN,TRAIN,no,2,v40c_04919,orig_singleton_nframe_08042
nframe_08043,data/images/nframe_08043.npy,TRAIN,TRAIN,no,2,v40c_04920,orig_singleton_nframe_08043
nframe_08044,data/images/nframe_08044.npy,TRAIN,TRAIN,no,2,v40c_04921,orig_singleton_nframe_08044
nframe_08045,data/images/nframe_08045.npy,TRAIN,TRAIN,no,2,v40c_04922,orig_singleton_nframe_08045
nframe_08046,data/images/nframe_08046.npy,TRAIN,TRAIN,no,2,v40c_04923,orig_singleton_nframe_08046
nframe_08047,data/images/nframe_08047.npy,TRAIN,TRAIN,no,1,v40c_04924,orig_singleton_nframe_08047
nframe_08048,data/images/nframe_08048.npy,TRAIN,TRAIN,no,1,v40c_04925,orig_rule_05095
nframe_08049,data/images/nframe_08049.npy,TRAIN,TRAIN,no,1,v40c_04925,orig_rule_05095
nframe_08050,data/images/nframe_08050.npy,TRAIN,TRAIN,no,1,v40c_04926,orig_singleton_nframe_08050
nframe_08051,data/images/nframe_08051.npy,TRAIN,TRAIN,no,1,v40c_04927,orig_singleton_nframe_08051
nframe_08052,data/images/nframe_08052.npy,TRAIN,TRAIN,no,1,v40c_04928,orig_rule_05098
nframe_08053,data/images/nframe_08053.npy,TRAIN,TRAIN,no,2,v40c_04928,orig_rule_05098
nframe_08054,data/images/nframe_08054.npy,TRAIN,TRAIN,no,1,v40c_04929,orig_singleton_nframe_08054
nframe_08055,data/images/nframe_08055.npy,TRAIN,TRAIN,no,1,v40c_04930,orig_singleton_nframe_08055
nframe_08056,data/images/nframe_08056.npy,TRAIN,TRAIN,no,1,v40c_04931,orig_singleton_nframe_08056
nframe_08057,data/images/nframe_08057.npy,TRAIN,TRAIN,no,1,v40c_04932,orig_singleton_nframe_08057
nframe_08066,data/images/nframe_08066.npy,TRAIN,TRAIN,no,1,v40c_04933,orig_singleton_nframe_08066
nframe_08067,data/images/nframe_08067.npy,TRAIN,TRAIN,no,1,v40c_04934,orig_singleton_nframe_08067
nframe_08068,data/images/nframe_08068.npy,TRAIN,TRAIN,no,1,v40c_04935,orig_singleton_nframe_08068
nframe_08069,data/images/nframe_08069.npy,TRAIN,TRAIN,no,1,v40c_04936,orig_singleton_nframe_08069
nframe_08070,data/images/nframe_08070.npy,TRAIN,TRAIN,no,1,v40c_04937,orig_singleton_nframe_08070
nframe_08071,data/images/nframe_08071.npy,TRAIN,TRAIN,no,1,v40c_04938,orig_singleton_nframe_08071
nframe_08072,data/images/nframe_08072.npy,TRAIN,TRAIN,no,1,v40c_04939,orig_singleton_nframe_08072
nframe_08073,data/images/nframe_08073.npy,TRAIN,TRAIN,no,1,v40c_04940,orig_singleton_nframe_08073
nframe_08074,data/images/nframe_08074.npy,TRAIN,TRAIN,no,1,v40c_04941,orig_singleton_nframe_08074
nframe_08075,data/images/nframe_08075.npy,TRAIN,TRAIN,no,1,v40c_04942,orig_singleton_nframe_08075
nframe_08176,data/images/nframe_08176.npy,TRAIN,TRAIN,no,1,v40c_04943,orig_singleton_nframe_08176
nframe_08177,data/images/nframe_08177.npy,TRAIN,TRAIN,no,1,v40c_04944,orig_singleton_nframe_08177
nframe_08189,data/images/nframe_08189.npy,TRAIN,TRAIN,no,1,v40c_04945,orig_singleton_nframe_08189
nframe_08190,data/images/nframe_08190.npy,TRAIN,TRAIN,no,1,v40c_04946,orig_singleton_nframe_08190
nframe_08191,data/images/nframe_08191.npy,TRAIN,TRAIN,no,1,v40c_04947,orig_rule_05117
nframe_08192,data/images/nframe_08192.npy,TRAIN,TRAIN,no,1,v40c_04947,orig_rule_05117
nframe_08193,data/images/nframe_08193.npy,TRAIN,TRAIN,no,1,v40c_04948,orig_rule_05118
nframe_08194,data/images/nframe_08194.npy,TRAIN,TRAIN,no,1,v40c_04948,orig_rule_05118
nframe_08195,data/images/nframe_08195.npy,TRAIN,TRAIN,no,4,v40c_04948,orig_rule_05118
nframe_08196,data/images/nframe_08196.npy,TRAIN,TRAIN,no,3,v40c_04948,orig_rule_05118
nframe_08197,data/images/nframe_08197.npy,TRAIN,TRAIN,no,3,v40c_04949,orig_singleton_nframe_08197
nframe_08198,data/images/nframe_08198.npy,TRAIN,TRAIN,no,3,v40c_04950,orig_singleton_nframe_08198
nframe_08199,data/images/nframe_08199.npy,TRAIN,TRAIN,no,3,v40c_04951,orig_singleton_nframe_08199
nframe_08200,data/images/nframe_08200.npy,TRAIN,TRAIN,no,3,v40c_04952,orig_rule_05122
nframe_08201,data/images/nframe_08201.npy,TRAIN,TRAIN,no,3,v40c_04952,orig_rule_05122
nframe_08202,data/images/nframe_08202.npy,TRAIN,TRAIN,no,3,v40c_04953,orig_singleton_nframe_08202
nframe_08203,data/images/nframe_08203.npy,TRAIN,TRAIN,no,3,v40c_04954,orig_rule_05124
nframe_08204,data/images/nframe_08204.npy,TRAIN,TRAIN,no,3,v40c_04954,orig_rule_05124
nframe_08205,data/images/nframe_08205.npy,TRAIN,TRAIN,no,2,v40c_04955,orig_rule_05125
nframe_08206,data/images/nframe_08206.npy,TRAIN,TRAIN,no,2,v40c_04955,orig_rule_05125
nframe_08207,data/images/nframe_08207.npy,TRAIN,TRAIN,no,2,v40c_04956,orig_singleton_nframe_08207
nframe_08208,data/images/nframe_08208.npy,TRAIN,TRAIN,no,2,v40c_04957,orig_rule_05127
nframe_08209,data/images/nframe_08209.npy,TRAIN,TRAIN,no,2,v40c_04957,orig_rule_05127
nframe_08210,data/images/nframe_08210.npy,TRAIN,TRAIN,no,2,v40c_04957,orig_rule_05127
nframe_08211,data/images/nframe_08211.npy,TRAIN,TRAIN,no,3,v40c_04957,orig_rule_05127
nframe_08212,data/images/nframe_08212.npy,TRAIN,TRAIN,no,2,v40c_04957,orig_rule_05127
nframe_08213,data/images/nframe_08213.npy,TRAIN,TRAIN,no,2,v40c_04958,orig_rule_05128
nframe_08214,data/images/nframe_08214.npy,TRAIN,TRAIN,no,2,v40c_04958,orig_rule_05128
nframe_08215,data/images/nframe_08215.npy,TRAIN,TRAIN,no,1,v40c_04959,orig_rule_05129
nframe_08216,data/images/nframe_08216.npy,TRAIN,TRAIN,no,1,v40c_04959,orig_rule_05129
nframe_08217,data/images/nframe_08217.npy,TRAIN,TRAIN,no,1,v40c_04960,orig_rule_05130
nframe_08218,data/images/nframe_08218.npy,TRAIN,TRAIN,no,2,v40c_04961,orig_rule_05131
nframe_08219,data/images/nframe_08219.npy,TRAIN,TRAIN,no,2,v40c_04961,orig_rule_05131
nframe_08220,data/images/nframe_08220.npy,TRAIN,TRAIN,no,2,v40c_04960,orig_rule_05130
nframe_08221,data/images/nframe_08221.npy,TRAIN,TRAIN,no,2,v40c_04960,orig_rule_05130
nframe_08222,data/images/nframe_08222.npy,TRAIN,TRAIN,no,2,v40c_04960,orig_rule_05130
nframe_08223,data/images/nframe_08223.npy,TRAIN,TRAIN,no,3,v40c_04961,orig_rule_05131
nframe_08224,data/images/nframe_08224.npy,TRAIN,TRAIN,no,2,v40c_04961,orig_rule_05131
nframe_08225,data/images/nframe_08225.npy,TRAIN,TRAIN,no,3,v40c_04962,orig_singleton_nframe_08225
nframe_08226,data/images/nframe_08226.npy,TRAIN,TRAIN,no,3,v40c_04963,orig_singleton_nframe_08226
nframe_08227,data/images/nframe_08227.npy,TRAIN,TRAIN,no,3,v40c_04964,orig_singleton_nframe_08227
nframe_08228,data/images/nframe_08228.npy,TRAIN,TRAIN,no,3,v40c_04965,orig_singleton_nframe_08228
nframe_08229,data/images/nframe_08229.npy,TRAIN,TRAIN,no,3,v40c_04966,orig_singleton_nframe_08229
nframe_08230,data/images/nframe_08230.npy,TRAIN,TRAIN,no,3,v40c_04967,orig_singleton_nframe_08230
nframe_08231,data/images/nframe_08231.npy,TRAIN,TRAIN,no,3,v40c_04968,orig_rule_05138
nframe_08232,data/images/nframe_08232.npy,TRAIN,TRAIN,no,3,v40c_04968,orig_rule_05138
nframe_08233,data/images/nframe_08233.npy,TRAIN,TRAIN,no,3,v40c_04968,orig_rule_05138
nframe_08234,data/images/nframe_08234.npy,TRAIN,TRAIN,no,3,v40c_04969,orig_singleton_nframe_08234
nframe_08235,data/images/nframe_08235.npy,TRAIN,TRAIN,no,3,v40c_04970,orig_singleton_nframe_08235
nframe_08236,data/images/nframe_08236.npy,TRAIN,TRAIN,no,3,v40c_04971,orig_singleton_nframe_08236
nframe_08237,data/images/nframe_08237.npy,TRAIN,TRAIN,no,3,v40c_04972,orig_rule_05142
nframe_08238,data/images/nframe_08238.npy,TRAIN,TRAIN,no,3,v40c_04972,orig_rule_05142
nframe_08239,data/images/nframe_08239.npy,TRAIN,TRAIN,no,3,v40c_04973,orig_singleton_nframe_08239
nframe_08240,data/images/nframe_08240.npy,TRAIN,TRAIN,no,3,v40c_04974,orig_singleton_nframe_08240
nframe_08241,data/images/nframe_08241.npy,TRAIN,TRAIN,no,3,v40c_04975,orig_singleton_nframe_08241
nframe_08242,data/images/nframe_08242.npy,TRAIN,TRAIN,no,3,v40c_04976,orig_singleton_nframe_08242
nframe_08243,data/images/nframe_08243.npy,TRAIN,TRAIN,no,3,v40c_04977,orig_rule_05147
nframe_08244,data/images/nframe_08244.npy,TRAIN,TRAIN,no,3,v40c_04977,orig_rule_05147
nframe_08245,data/images/nframe_08245.npy,TRAIN,TRAIN,no,3,v40c_04978,orig_singleton_nframe_08245
nframe_08246,data/images/nframe_08246.npy,TRAIN,TRAIN,no,3,v40c_04979,orig_singleton_nframe_08246
nframe_08247,data/images/nframe_08247.npy,TRAIN,TRAIN,no,3,v40c_04980,orig_rule_05150
nframe_08248,data/images/nframe_08248.npy,TRAIN,TRAIN,no,3,v40c_04980,orig_rule_05150
nframe_08249,data/images/nframe_08249.npy,TRAIN,TRAIN,no,3,v40c_04981,orig_singleton_nframe_08249
nframe_08250,data/images/nframe_08250.npy,TRAIN,TRAIN,no,4,v40c_04982,orig_singleton_nframe_08250
nframe_08251,data/images/nframe_08251.npy,TRAIN,TRAIN,no,3,v40c_04983,orig_rule_05153
nframe_08252,data/images/nframe_08252.npy,TRAIN,TRAIN,no,3,v40c_04983,orig_rule_05153
nframe_08253,data/images/nframe_08253.npy,TRAIN,TRAIN,no,3,v40c_04984,orig_singleton_nframe_08253
nframe_08254,data/images/nframe_08254.npy,TRAIN,TRAIN,no,4,v40c_04985,orig_rule_05155
nframe_08255,data/images/nframe_08255.npy,TRAIN,TRAIN,no,3,v40c_04985,orig_rule_05155
nframe_08256,data/images/nframe_08256.npy,TRAIN,TRAIN,no,3,v40c_04986,orig_singleton_nframe_08256
nframe_08257,data/images/nframe_08257.npy,TRAIN,TRAIN,no,3,v40c_04987,orig_singleton_nframe_08257
nframe_08258,data/images/nframe_08258.npy,TRAIN,TRAIN,no,3,v40c_04988,orig_singleton_nframe_08258
nframe_08259,data/images/nframe_08259.npy,TRAIN,TRAIN,no,3,v40c_04989,orig_rule_05159
nframe_08260,data/images/nframe_08260.npy,TRAIN,TRAIN,no,3,v40c_04989,orig_rule_05159
nframe_08261,data/images/nframe_08261.npy,TRAIN,TRAIN,no,3,v40c_04989,orig_rule_05159
nframe_08262,data/images/nframe_08262.npy,TRAIN,TRAIN,no,4,v40c_04990,orig_rule_05160
nframe_08263,data/images/nframe_08263.npy,TRAIN,TRAIN,no,2,v40c_04990,orig_rule_05160
nframe_08264,data/images/nframe_08264.npy,TRAIN,TRAIN,no,2,v40c_04991,orig_rule_05161
nframe_08265,data/images/nframe_08265.npy,TRAIN,TRAIN,no,2,v40c_04991,orig_rule_05161
nframe_08266,data/images/nframe_08266.npy,TRAIN,TRAIN,no,3,v40c_04992,orig_singleton_nframe_08266
nframe_08267,data/images/nframe_08267.npy,TRAIN,TRAIN,no,2,v40c_04993,orig_singleton_nframe_08267
nframe_08268,data/images/nframe_08268.npy,TRAIN,TRAIN,no,2,v40c_04994,orig_singleton_nframe_08268
nframe_08269,data/images/nframe_08269.npy,TRAIN,TRAIN,no,2,v40c_04995,orig_rule_05165
nframe_08270,data/images/nframe_08270.npy,TRAIN,TRAIN,no,2,v40c_04995,orig_rule_05165
nframe_08271,data/images/nframe_08271.npy,TRAIN,TRAIN,no,2,v40c_04996,orig_singleton_nframe_08271
nframe_08272,data/images/nframe_08272.npy,TRAIN,TRAIN,no,2,v40c_04997,orig_singleton_nframe_08272
nframe_08273,data/images/nframe_08273.npy,TRAIN,TRAIN,no,2,v40c_04998,orig_singleton_nframe_08273
nframe_08274,data/images/nframe_08274.npy,TRAIN,TRAIN,no,2,v40c_04999,orig_rule_05169
nframe_08275,data/images/nframe_08275.npy,TRAIN,TRAIN,no,2,v40c_04999,orig_rule_05169
nframe_08276,data/images/nframe_08276.npy,TRAIN,TRAIN,no,2,v40c_05000,orig_rule_05170
nframe_08277,data/images/nframe_08277.npy,TRAIN,TRAIN,no,2,v40c_05000,orig_rule_05170
nframe_08278,data/images/nframe_08278.npy,TRAIN,TRAIN,no,2,v40c_05000,orig_rule_05170
nframe_08279,data/images/nframe_08279.npy,TRAIN,TRAIN,no,2,v40c_05001,orig_singleton_nframe_08279
nframe_08280,data/images/nframe_08280.npy,TRAIN,TRAIN,no,2,v40c_05002,orig_singleton_nframe_08280
nframe_08281,data/images/nframe_08281.npy,TRAIN,TRAIN,no,2,v40c_05003,orig_rule_05173
nframe_08282,data/images/nframe_08282.npy,TRAIN,TRAIN,no,1,v40c_05003,orig_rule_05173
nframe_08283,data/images/nframe_08283.npy,TRAIN,TRAIN,no,2,v40c_05003,orig_rule_05173
nframe_08284,data/images/nframe_08284.npy,TRAIN,TRAIN,no,2,v40c_05004,orig_singleton_nframe_08284
nframe_08285,data/images/nframe_08285.npy,TRAIN,TRAIN,no,1,v40c_05005,orig_singleton_nframe_08285
nframe_08286,data/images/nframe_08286.npy,TRAIN,TRAIN,no,1,v40c_05006,orig_singleton_nframe_08286
nframe_08287,data/images/nframe_08287.npy,TRAIN,TRAIN,no,2,v40c_05007,orig_rule_05177
nframe_08288,data/images/nframe_08288.npy,TRAIN,TRAIN,no,1,v40c_05007,orig_rule_05177
nframe_08289,data/images/nframe_08289.npy,TRAIN,TRAIN,no,1,v40c_05007,orig_rule_05177
nframe_08290,data/images/nframe_08290.npy,TRAIN,TRAIN,no,1,v40c_05007,orig_rule_05177
nframe_08291,data/images/nframe_08291.npy,TRAIN,TRAIN,no,1,v40c_05007,orig_rule_05177
nframe_08292,data/images/nframe_08292.npy,TRAIN,TRAIN,no,1,v40c_05008,orig_singleton_nframe_08292
nframe_08293,data/images/nframe_08293.npy,TRAIN,TRAIN,no,2,v40c_05009,orig_rule_05179
nframe_08294,data/images/nframe_08294.npy,TRAIN,TRAIN,no,1,v40c_05010,orig_rule_05180
nframe_08295,data/images/nframe_08295.npy,TRAIN,TRAIN,no,1,v40c_05010,orig_rule_05180
nframe_08296,data/images/nframe_08296.npy,TRAIN,TRAIN,no,2,v40c_05010,orig_rule_05180
nframe_08297,data/images/nframe_08297.npy,TRAIN,TRAIN,no,2,v40c_05010,orig_rule_05180
nframe_08298,data/images/nframe_08298.npy,TRAIN,TRAIN,no,2,v40c_05010,orig_rule_05180
nframe_08299,data/images/nframe_08299.npy,TRAIN,TRAIN,no,1,v40c_05009,orig_rule_05179
nframe_08300,data/images/nframe_08300.npy,TRAIN,TRAIN,no,1,v40c_05009,orig_rule_05179
nframe_08301,data/images/nframe_08301.npy,TRAIN,TRAIN,no,2,v40c_05009,orig_rule_05179
nframe_08302,data/images/nframe_08302.npy,TRAIN,TRAIN,no,1,v40c_05011,orig_rule_05181
nframe_08303,data/images/nframe_08303.npy,TRAIN,TRAIN,no,1,v40c_05011,orig_rule_05181
nframe_08304,data/images/nframe_08304.npy,TRAIN,TRAIN,no,1,v40c_05012,orig_singleton_nframe_08304
nframe_08305,data/images/nframe_08305.npy,TRAIN,TRAIN,no,2,v40c_05013,orig_rule_05183
nframe_08306,data/images/nframe_08306.npy,TRAIN,TRAIN,no,2,v40c_05013,orig_rule_05183
nframe_08307,data/images/nframe_08307.npy,TRAIN,TRAIN,no,2,v40c_05013,orig_rule_05183
nframe_08308,data/images/nframe_08308.npy,TRAIN,TRAIN,no,2,v40c_05014,orig_rule_05184
nframe_08309,data/images/nframe_08309.npy,TRAIN,TRAIN,no,2,v40c_05014,orig_rule_05184
nframe_08310,data/images/nframe_08310.npy,TRAIN,TRAIN,no,2,v40c_05015,orig_singleton_nframe_08310
nframe_08311,data/images/nframe_08311.npy,TRAIN,TRAIN,no,2,v40c_05016,orig_rule_05186
nframe_08312,data/images/nframe_08312.npy,TRAIN,TRAIN,no,2,v40c_05016,orig_rule_05186
nframe_08313,data/images/nframe_08313.npy,TRAIN,TRAIN,no,2,v40c_05017,orig_rule_05187
nframe_08314,data/images/nframe_08314.npy,TRAIN,TRAIN,no,1,v40c_05017,orig_rule_05187
nframe_08315,data/images/nframe_08315.npy,TRAIN,TRAIN,no,1,v40c_05018,orig_rule_05188
nframe_08316,data/images/nframe_08316.npy,TRAIN,TRAIN,no,1,v40c_05018,orig_rule_05188
nframe_08317,data/images/nframe_08317.npy,TRAIN,TRAIN,no,1,v40c_05019,orig_rule_05189
nframe_08318,data/images/nframe_08318.npy,TRAIN,TRAIN,no,1,v40c_05019,orig_rule_05189
nframe_08319,data/images/nframe_08319.npy,TRAIN,TRAIN,no,1,v40c_05020,orig_singleton_nframe_08319
nframe_08320,data/images/nframe_08320.npy,TRAIN,TRAIN,no,3,v40c_05021,orig_singleton_nframe_08320
nframe_08322,data/images/nframe_08322.npy,TRAIN,TRAIN,no,1,v40c_05022,orig_rule_05192
nframe_08323,data/images/nframe_08323.npy,TRAIN,TRAIN,no,3,v40c_05022,orig_rule_05192
nframe_08324,data/images/nframe_08324.npy,TRAIN,TRAIN,no,1,v40c_05022,orig_rule_05192
nframe_08325,data/images/nframe_08325.npy,TRAIN,TRAIN,no,1,v40c_05022,orig_rule_05192
nframe_08326,data/images/nframe_08326.npy,TRAIN,TRAIN,no,1,v40c_05022,orig_rule_05192
nframe_08327,data/images/nframe_08327.npy,TRAIN,TRAIN,no,1,v40c_05022,orig_rule_05192
nframe_08328,data/images/nframe_08328.npy,TRAIN,TRAIN,no,2,v40c_05023,orig_rule_05193
nframe_08329,data/images/nframe_08329.npy,TRAIN,TRAIN,no,1,v40c_05023,orig_rule_05193
nframe_08331,data/images/nframe_08331.npy,TRAIN,TRAIN,no,1,v40c_05024,orig_singleton_nframe_08331
nframe_08332,data/images/nframe_08332.npy,TRAIN,TRAIN,no,3,v40c_05025,orig_singleton_nframe_08332
nframe_08333,data/images/nframe_08333.npy,TRAIN,TRAIN,no,3,v40c_05026,orig_singleton_nframe_08333
nframe_08334,data/images/nframe_08334.npy,TRAIN,TRAIN,no,2,v40c_05027,orig_rule_05197
nframe_08335,data/images/nframe_08335.npy,TRAIN,TRAIN,no,2,v40c_05027,orig_rule_05197
nframe_08336,data/images/nframe_08336.npy,TRAIN,TRAIN,no,3,v40c_05028,orig_rule_05198
nframe_08337,data/images/nframe_08337.npy,TRAIN,TRAIN,no,2,v40c_05028,orig_rule_05198
nframe_08338,data/images/nframe_08338.npy,TRAIN,TRAIN,no,4,v40c_05028,orig_rule_05198
nframe_08339,data/images/nframe_08339.npy,TRAIN,TRAIN,no,3,v40c_05028,orig_rule_05198
nframe_08340,data/images/nframe_08340.npy,TRAIN,TRAIN,no,3,v40c_05029,orig_rule_05199
nframe_08341,data/images/nframe_08341.npy,TRAIN,TRAIN,no,3,v40c_05029,orig_rule_05199
nframe_08342,data/images/nframe_08342.npy,TRAIN,TRAIN,no,3,v40c_05029,orig_rule_05199
nframe_08343,data/images/nframe_08343.npy,TRAIN,TRAIN,no,3,v40c_05030,orig_rule_05200
nframe_08344,data/images/nframe_08344.npy,TRAIN,TRAIN,no,4,v40c_05030,orig_rule_05200
nframe_08345,data/images/nframe_08345.npy,TRAIN,TRAIN,no,3,v40c_05031,orig_singleton_nframe_08345
nframe_08346,data/images/nframe_08346.npy,TRAIN,TRAIN,no,3,v40c_05032,orig_singleton_nframe_08346
nframe_08347,data/images/nframe_08347.npy,TRAIN,TRAIN,no,4,v40c_05033,orig_rule_05203
nframe_08348,data/images/nframe_08348.npy,TRAIN,TRAIN,no,4,v40c_05033,orig_rule_05203
nframe_08349,data/images/nframe_08349.npy,TRAIN,TRAIN,no,3,v40c_05034,orig_singleton_nframe_08349
nframe_08350,data/images/nframe_08350.npy,TRAIN,TRAIN,no,3,v40c_05035,orig_rule_05205
nframe_08351,data/images/nframe_08351.npy,TRAIN,TRAIN,no,4,v40c_05035,orig_rule_05205
nframe_08352,data/images/nframe_08352.npy,TRAIN,TRAIN,no,3,v40c_05035,orig_rule_05205
nframe_08353,data/images/nframe_08353.npy,TRAIN,TRAIN,no,3,v40c_05035,orig_rule_05205
nframe_08354,data/images/nframe_08354.npy,TRAIN,TRAIN,no,4,v40c_05035,orig_rule_05205
nframe_08355,data/images/nframe_08355.npy,TRAIN,TRAIN,no,4,v40c_05035,orig_rule_05205
nframe_08356,data/images/nframe_08356.npy,TRAIN,TRAIN,no,4,v40c_05036,orig_rule_05206
nframe_08357,data/images/nframe_08357.npy,TRAIN,TRAIN,no,3,v40c_05036,orig_rule_05206
nframe_08358,data/images/nframe_08358.npy,TRAIN,TRAIN,no,4,v40c_05036,orig_rule_05206
nframe_08359,data/images/nframe_08359.npy,TRAIN,TRAIN,no,3,v40c_05036,orig_rule_05206
nframe_08360,data/images/nframe_08360.npy,TRAIN,TRAIN,no,3,v40c_04351,orig_rule_04502
nframe_08361,data/images/nframe_08361.npy,TRAIN,TRAIN,no,5,v40c_04351,orig_rule_04502
nframe_08362,data/images/nframe_08362.npy,TRAIN,TRAIN,no,4,v40c_04351,orig_rule_04502
nframe_08363,data/images/nframe_08363.npy,TRAIN,TRAIN,no,5,v40c_04351,orig_rule_04502
nframe_08364,data/images/nframe_08364.npy,TRAIN,TRAIN,no,5,v40c_04351,orig_rule_04502
nframe_08365,data/images/nframe_08365.npy,TRAIN,TRAIN,no,5,v40c_04351,orig_rule_04502
nframe_08366,data/images/nframe_08366.npy,TRAIN,TRAIN,no,4,v40c_04351,orig_rule_04502
nframe_08367,data/images/nframe_08367.npy,TRAIN,TRAIN,no,4,v40c_04351,orig_rule_04502
nframe_08368,data/images/nframe_08368.npy,TRAIN,TRAIN,no,4,v40c_04351,orig_rule_04502
nframe_08369,data/images/nframe_08369.npy,TRAIN,TRAIN,no,4,v40c_04351,orig_rule_04502
nframe_08370,data/images/nframe_08370.npy,TRAIN,TRAIN,no,5,v40c_04351,orig_rule_04502
nframe_08371,data/images/nframe_08371.npy,TRAIN,TRAIN,no,4,v40c_04351,orig_rule_04502
nframe_08372,data/images/nframe_08372.npy,TRAIN,TRAIN,no,3,v40c_04351,orig_rule_04502
nframe_08373,data/images/nframe_08373.npy,TRAIN,TRAIN,no,3,v40c_04351,orig_rule_04502
nframe_08374,data/images/nframe_08374.npy,TRAIN,TRAIN,no,5,v40c_04351,orig_rule_04502
nframe_08375,data/images/nframe_08375.npy,TRAIN,TRAIN,no,4,v40c_04351,orig_rule_04502
nframe_08376,data/images/nframe_08376.npy,TRAIN,TRAIN,no,5,v40c_05037,orig_singleton_nframe_08376
nframe_08377,data/images/nframe_08377.npy,TRAIN,TRAIN,no,6,v40c_05038,orig_singleton_nframe_08377
nframe_08378,data/images/nframe_08378.npy,TRAIN,TRAIN,no,6,v40c_05039,orig_rule_05209
nframe_08379,data/images/nframe_08379.npy,TRAIN,TRAIN,no,6,v40c_05040,orig_rule_05210
nframe_08380,data/images/nframe_08380.npy,TRAIN,TRAIN,no,7,v40c_05041,orig_rule_05211
nframe_08381,data/images/nframe_08381.npy,TRAIN,TRAIN,no,8,v40c_05041,orig_rule_05211
nframe_08382,data/images/nframe_08382.npy,TRAIN,TRAIN,no,9,v40c_05040,orig_rule_05210
nframe_08383,data/images/nframe_08383.npy,TRAIN,TRAIN,no,10,v40c_05042,orig_singleton_nframe_08383
nframe_08384,data/images/nframe_08384.npy,TRAIN,TRAIN,no,8,v40c_05039,orig_rule_05209
nframe_08385,data/images/nframe_08385.npy,TRAIN,TRAIN,no,7,v40c_05039,orig_rule_05209
nframe_08386,data/images/nframe_08386.npy,TRAIN,TRAIN,no,4,v40c_05039,orig_rule_05209
nframe_08387,data/images/nframe_08387.npy,TRAIN,TRAIN,no,6,v40c_05043,orig_singleton_nframe_08387
nframe_08388,data/images/nframe_08388.npy,TRAIN,TRAIN,no,6,v40c_05044,orig_singleton_nframe_08388
nframe_08389,data/images/nframe_08389.npy,TRAIN,TRAIN,no,8,v40c_05045,orig_rule_05215
nframe_08390,data/images/nframe_08390.npy,TRAIN,TRAIN,no,8,v40c_05045,orig_rule_05215
nframe_08391,data/images/nframe_08391.npy,TRAIN,TRAIN,no,9,v40c_05046,orig_rule_05216
nframe_08392,data/images/nframe_08392.npy,TRAIN,TRAIN,no,7,v40c_05046,orig_rule_05216
nframe_08393,data/images/nframe_08393.npy,TRAIN,TRAIN,no,9,v40c_05046,orig_rule_05216
nframe_08394,data/images/nframe_08394.npy,TRAIN,TRAIN,no,8,v40c_05046,orig_rule_05216
nframe_08395,data/images/nframe_08395.npy,TRAIN,TRAIN,no,7,v40c_05046,orig_rule_05216
nframe_08396,data/images/nframe_08396.npy,TRAIN,TRAIN,no,7,v40c_05046,orig_rule_05216
nframe_08397,data/images/nframe_08397.npy,TRAIN,TRAIN,no,7,v40c_05046,orig_rule_05216
nframe_08398,data/images/nframe_08398.npy,TRAIN,TRAIN,no,7,v40c_05046,orig_rule_05216
nframe_08399,data/images/nframe_08399.npy,TRAIN,TRAIN,no,7,v40c_05046,orig_rule_05216
nframe_08400,data/images/nframe_08400.npy,TRAIN,TRAIN,no,6,v40c_05046,orig_rule_05216
nframe_08406,data/images/nframe_08406.npy,TRAIN,TRAIN,no,5,v40c_05047,orig_rule_05217
nframe_08407,data/images/nframe_08407.npy,TRAIN,TRAIN,no,5,v40c_05048,orig_rule_05218
nframe_08408,data/images/nframe_08408.npy,TRAIN,TRAIN,no,5,v40c_05048,orig_rule_05218
nframe_08409,data/images/nframe_08409.npy,TRAIN,TRAIN,no,4,v40c_05047,orig_rule_05217
nframe_08410,data/images/nframe_08410.npy,TRAIN,TRAIN,no,5,v40c_05049,orig_rule_05219
nframe_08411,data/images/nframe_08411.npy,TRAIN,TRAIN,no,4,v40c_05049,orig_rule_05219
nframe_08412,data/images/nframe_08412.npy,TRAIN,TRAIN,no,3,v40c_05050,orig_singleton_nframe_08412
nframe_08413,data/images/nframe_08413.npy,TRAIN,TRAIN,no,6,v40c_05051,orig_rule_05221
nframe_08414,data/images/nframe_08414.npy,TRAIN,TRAIN,no,5,v40c_05051,orig_rule_05221
nframe_08415,data/images/nframe_08415.npy,TRAIN,TRAIN,no,7,v40c_05052,orig_rule_05222
nframe_08416,data/images/nframe_08416.npy,TRAIN,TRAIN,no,6,v40c_05052,orig_rule_05222
nframe_08417,data/images/nframe_08417.npy,TRAIN,TRAIN,no,6,v40c_05053,orig_singleton_nframe_08417
nframe_08418,data/images/nframe_08418.npy,TRAIN,TRAIN,no,4,v40c_05054,orig_singleton_nframe_08418
nframe_08419,data/images/nframe_08419.npy,TRAIN,TRAIN,no,5,v40c_05055,orig_singleton_nframe_08419
nframe_08420,data/images/nframe_08420.npy,TRAIN,TRAIN,no,4,v40c_05056,orig_singleton_nframe_08420
nframe_08421,data/images/nframe_08421.npy,TRAIN,TRAIN,no,4,v40c_05057,orig_singleton_nframe_08421
nframe_08422,data/images/nframe_08422.npy,TRAIN,TRAIN,no,4,v40c_05058,orig_singleton_nframe_08422
nframe_08423,data/images/nframe_08423.npy,TRAIN,TRAIN,no,5,v40c_05059,orig_singleton_nframe_08423
nframe_08424,data/images/nframe_08424.npy,TRAIN,TRAIN,no,5,v40c_05060,orig_rule_05230
nframe_08425,data/images/nframe_08425.npy,TRAIN,TRAIN,no,5,v40c_05060,orig_rule_05230
nframe_08426,data/images/nframe_08426.npy,TRAIN,TRAIN,no,6,v40c_05061,orig_rule_05231
nframe_08427,data/images/nframe_08427.npy,TRAIN,TRAIN,no,6,v40c_05061,orig_rule_05231
nframe_08428,data/images/nframe_08428.npy,TRAIN,TRAIN,no,6,v40c_05062,orig_singleton_nframe_08428
nframe_08429,data/images/nframe_08429.npy,TRAIN,TRAIN,no,6,v40c_05063,orig_singleton_nframe_08429
nframe_08430,data/images/nframe_08430.npy,TRAIN,TRAIN,no,5,v40c_05064,orig_singleton_nframe_08430
nframe_08431,data/images/nframe_08431.npy,TRAIN,TRAIN,no,5,v40c_05065,orig_rule_05235
nframe_08432,data/images/nframe_08432.npy,TRAIN,TRAIN,no,6,v40c_05065,orig_rule_05235
nframe_08433,data/images/nframe_08433.npy,TRAIN,TRAIN,no,6,v40c_05065,orig_rule_05235
nframe_08434,data/images/nframe_08434.npy,TRAIN,TRAIN,no,6,v40c_05065,orig_rule_05235
nframe_08435,data/images/nframe_08435.npy,TRAIN,TRAIN,no,5,v40c_05065,orig_rule_05235
nframe_08436,data/images/nframe_08436.npy,TRAIN,TRAIN,no,5,v40c_05065,orig_rule_05235
nframe_08437,data/images/nframe_08437.npy,TRAIN,TRAIN,no,4,v40c_05065,orig_rule_05235
nframe_08438,data/images/nframe_08438.npy,TRAIN,TRAIN,no,4,v40c_05065,orig_rule_05235
nframe_08439,data/images/nframe_08439.npy,TRAIN,TRAIN,no,4,v40c_05065,orig_rule_05235
nframe_08440,data/images/nframe_08440.npy,TRAIN,TRAIN,no,3,v40c_05066,orig_singleton_nframe_08440
nframe_08441,data/images/nframe_08441.npy,TRAIN,TRAIN,no,4,v40c_05067,orig_singleton_nframe_08441
nframe_08442,data/images/nframe_08442.npy,TRAIN,TRAIN,no,5,v40c_05068,orig_singleton_nframe_08442
nframe_08443,data/images/nframe_08443.npy,TRAIN,TRAIN,no,5,v40c_05069,orig_rule_05239
nframe_08444,data/images/nframe_08444.npy,TRAIN,TRAIN,no,5,v40c_05069,orig_rule_05239
nframe_08445,data/images/nframe_08445.npy,TRAIN,TRAIN,no,5,v40c_05069,orig_rule_05239
nframe_08446,data/images/nframe_08446.npy,TRAIN,TRAIN,no,6,v40c_05070,orig_singleton_nframe_08446
nframe_08447,data/images/nframe_08447.npy,TRAIN,TRAIN,no,6,v40c_05071,orig_singleton_nframe_08447
nframe_08448,data/images/nframe_08448.npy,TRAIN,TRAIN,no,7,v40c_05072,orig_singleton_nframe_08448
nframe_08449,data/images/nframe_08449.npy,TRAIN,TRAIN,no,7,v40c_05073,orig_singleton_nframe_08449
nframe_08450,data/images/nframe_08450.npy,TRAIN,TRAIN,no,6,v40c_05074,orig_rule_05244
nframe_08451,data/images/nframe_08451.npy,TRAIN,TRAIN,no,7,v40c_05074,orig_rule_05244
nframe_08452,data/images/nframe_08452.npy,TRAIN,TRAIN,no,7,v40c_05075,orig_rule_05245
nframe_08453,data/images/nframe_08453.npy,TRAIN,TRAIN,no,7,v40c_05075,orig_rule_05245
nframe_08454,data/images/nframe_08454.npy,TRAIN,TRAIN,no,8,v40c_05076,orig_rule_05246
nframe_08455,data/images/nframe_08455.npy,TRAIN,TRAIN,no,8,v40c_05076,orig_rule_05246
nframe_08456,data/images/nframe_08456.npy,TRAIN,TRAIN,no,8,v40c_05077,orig_rule_05247
nframe_08457,data/images/nframe_08457.npy,TRAIN,TRAIN,no,8,v40c_05077,orig_rule_05247
nframe_08458,data/images/nframe_08458.npy,TRAIN,TRAIN,no,8,v40c_05078,orig_singleton_nframe_08458
nframe_08459,data/images/nframe_08459.npy,TRAIN,TRAIN,no,9,v40c_05079,orig_rule_05249
nframe_08460,data/images/nframe_08460.npy,TRAIN,TRAIN,no,8,v40c_05079,orig_rule_05249
nframe_08461,data/images/nframe_08461.npy,TRAIN,TRAIN,no,8,v40c_05079,orig_rule_05249
nframe_08462,data/images/nframe_08462.npy,TRAIN,TRAIN,no,8,v40c_05079,orig_rule_05249
nframe_08463,data/images/nframe_08463.npy,TRAIN,TRAIN,no,9,v40c_05080,orig_rule_05250
nframe_08464,data/images/nframe_08464.npy,TRAIN,TRAIN,no,9,v40c_05080,orig_rule_05250
nframe_08465,data/images/nframe_08465.npy,TRAIN,TRAIN,no,8,v40c_05080,orig_rule_05250
nframe_08466,data/images/nframe_08466.npy,TRAIN,TRAIN,no,9,v40c_05081,orig_singleton_nframe_08466
nframe_08467,data/images/nframe_08467.npy,TRAIN,TRAIN,no,8,v40c_05082,orig_singleton_nframe_08467
nframe_08468,data/images/nframe_08468.npy,TRAIN,TRAIN,no,8,v40c_05083,orig_singleton_nframe_08468
nframe_08469,data/images/nframe_08469.npy,TRAIN,TRAIN,no,8,v40c_05084,orig_singleton_nframe_08469
nframe_08470,data/images/nframe_08470.npy,TRAIN,TRAIN,no,8,v40c_05085,orig_singleton_nframe_08470
nframe_08471,data/images/nframe_08471.npy,TRAIN,TRAIN,no,8,v40c_05086,orig_rule_05256
nframe_08472,data/images/nframe_08472.npy,TRAIN,TRAIN,no,8,v40c_05086,orig_rule_05256
nframe_08473,data/images/nframe_08473.npy,TRAIN,TRAIN,no,8,v40c_05087,orig_singleton_nframe_08473
nframe_08474,data/images/nframe_08474.npy,TRAIN,TRAIN,no,8,v40c_05088,orig_rule_05258
nframe_08475,data/images/nframe_08475.npy,TRAIN,TRAIN,no,9,v40c_05088,orig_rule_05258
nframe_08476,data/images/nframe_08476.npy,TRAIN,TRAIN,no,7,v40c_05089,orig_rule_05259
nframe_08477,data/images/nframe_08477.npy,TRAIN,TRAIN,no,7,v40c_05089,orig_rule_05259
nframe_08478,data/images/nframe_08478.npy,TRAIN,TRAIN,no,8,v40c_05090,orig_singleton_nframe_08478
nframe_08479,data/images/nframe_08479.npy,TRAIN,TRAIN,no,8,v40c_05091,orig_rule_05261
nframe_08480,data/images/nframe_08480.npy,TRAIN,TRAIN,no,8,v40c_05091,orig_rule_05261
nframe_08481,data/images/nframe_08481.npy,TRAIN,TRAIN,no,9,v40c_05091,orig_rule_05261
nframe_08482,data/images/nframe_08482.npy,TRAIN,TRAIN,no,11,v40c_05091,orig_rule_05261
nframe_08483,data/images/nframe_08483.npy,TRAIN,TRAIN,no,10,v40c_05091,orig_rule_05261
nframe_08484,data/images/nframe_08484.npy,TRAIN,TRAIN,no,9,v40c_05091,orig_rule_05261
nframe_08485,data/images/nframe_08485.npy,TRAIN,TRAIN,no,10,v40c_05091,orig_rule_05261
nframe_08486,data/images/nframe_08486.npy,TRAIN,TRAIN,no,10,v40c_05091,orig_rule_05261
nframe_08487,data/images/nframe_08487.npy,TRAIN,TRAIN,no,10,v40c_05091,orig_rule_05261
nframe_08488,data/images/nframe_08488.npy,TRAIN,TRAIN,no,10,v40c_05091,orig_rule_05261
nframe_08489,data/images/nframe_08489.npy,TRAIN,TRAIN,no,10,v40c_05092,orig_rule_05262
nframe_08490,data/images/nframe_08490.npy,TRAIN,TRAIN,no,11,v40c_05092,orig_rule_05262
nframe_08491,data/images/nframe_08491.npy,TRAIN,TRAIN,no,10,v40c_05092,orig_rule_05262
nframe_08492,data/images/nframe_08492.npy,TRAIN,TRAIN,no,10,v40c_05092,orig_rule_05262
nframe_08493,data/images/nframe_08493.npy,TRAIN,TRAIN,no,10,v40c_05092,orig_rule_05262
nframe_08494,data/images/nframe_08494.npy,TRAIN,TRAIN,no,10,v40c_05092,orig_rule_05262
nframe_08495,data/images/nframe_08495.npy,TRAIN,TRAIN,no,10,v40c_05092,orig_rule_05262
nframe_08496,data/images/nframe_08496.npy,TRAIN,TRAIN,no,10,v40c_05092,orig_rule_05262
nframe_08497,data/images/nframe_08497.npy,TRAIN,TRAIN,no,10,v40c_05093,orig_singleton_nframe_08497
nframe_08498,data/images/nframe_08498.npy,TRAIN,TRAIN,no,9,v40c_05094,orig_singleton_nframe_08498
nframe_08499,data/images/nframe_08499.npy,TRAIN,TRAIN,no,10,v40c_05095,orig_singleton_nframe_08499
nframe_08500,data/images/nframe_08500.npy,TRAIN,TRAIN,no,13,v40c_05096,orig_singleton_nframe_08500
nframe_08501,data/images/nframe_08501.npy,TRAIN,TRAIN,no,12,v40c_05097,orig_singleton_nframe_08501
nframe_08502,data/images/nframe_08502.npy,TRAIN,TRAIN,no,13,v40c_05098,orig_rule_05268
nframe_08503,data/images/nframe_08503.npy,TRAIN,TRAIN,no,13,v40c_05098,orig_rule_05268
nframe_08504,data/images/nframe_08504.npy,TRAIN,TRAIN,no,13,v40c_05098,orig_rule_05268
nframe_08505,data/images/nframe_08505.npy,TRAIN,TRAIN,no,14,v40c_05099,orig_singleton_nframe_08505
nframe_08506,data/images/nframe_08506.npy,TRAIN,VALIDATION,yes,15,v40c_05100,orig_singleton_nframe_08506
nframe_08507,data/images/nframe_08507.npy,TRAIN,TRAIN,no,11,v40c_05101,orig_rule_05271
nframe_08508,data/images/nframe_08508.npy,TRAIN,TRAIN,no,11,v40c_05101,orig_rule_05271
nframe_08509,data/images/nframe_08509.npy,TRAIN,TRAIN,no,13,v40c_05101,orig_rule_05271
nframe_08510,data/images/nframe_08510.npy,TRAIN,TRAIN,no,13,v40c_05101,orig_rule_05271
nframe_08511,data/images/nframe_08511.npy,TRAIN,TRAIN,no,13,v40c_05102,orig_singleton_nframe_08511
nframe_08512,data/images/nframe_08512.npy,TRAIN,TRAIN,no,13,v40c_05103,orig_rule_05273
nframe_08513,data/images/nframe_08513.npy,TRAIN,TRAIN,no,12,v40c_05103,orig_rule_05273
nframe_08514,data/images/nframe_08514.npy,TRAIN,TRAIN,no,13,v40c_05103,orig_rule_05273
nframe_08515,data/images/nframe_08515.npy,TRAIN,TRAIN,no,14,v40c_05103,orig_rule_05273
nframe_08516,data/images/nframe_08516.npy,TRAIN,TRAIN,no,14,v40c_05103,orig_rule_05273
nframe_08517,data/images/nframe_08517.npy,TRAIN,TRAIN,no,13,v40c_05103,orig_rule_05273
nframe_08518,data/images/nframe_08518.npy,TRAIN,TRAIN,no,12,v40c_05103,orig_rule_05273
nframe_08519,data/images/nframe_08519.npy,TRAIN,TRAIN,no,12,v40c_05103,orig_rule_05273
nframe_08520,data/images/nframe_08520.npy,TRAIN,TRAIN,no,15,v40c_05103,orig_rule_05273
nframe_08521,data/images/nframe_08521.npy,TRAIN,TRAIN,no,14,v40c_05103,orig_rule_05273
nframe_08522,data/images/nframe_08522.npy,TRAIN,TRAIN,no,13,v40c_05104,orig_rule_05274
nframe_08523,data/images/nframe_08523.npy,TRAIN,TRAIN,no,12,v40c_05104,orig_rule_05274
nframe_08524,data/images/nframe_08524.npy,TRAIN,TRAIN,no,14,v40c_05105,orig_singleton_nframe_08524
nframe_08525,data/images/nframe_08525.npy,TRAIN,TRAIN,no,13,v40c_05106,orig_singleton_nframe_08525
nframe_08526,data/images/nframe_08526.npy,TRAIN,TRAIN,no,14,v40c_05107,orig_singleton_nframe_08526
nframe_08527,data/images/nframe_08527.npy,TRAIN,TRAIN,no,13,v40c_05108,orig_rule_05278
nframe_08528,data/images/nframe_08528.npy,TRAIN,TRAIN,no,14,v40c_05108,orig_rule_05278
nframe_08529,data/images/nframe_08529.npy,TRAIN,TRAIN,no,12,v40c_05108,orig_rule_05278
nframe_08530,data/images/nframe_08530.npy,TRAIN,TRAIN,no,12,v40c_05108,orig_rule_05278
nframe_08531,data/images/nframe_08531.npy,TRAIN,TRAIN,no,12,v40c_05108,orig_rule_05278
nframe_08532,data/images/nframe_08532.npy,TRAIN,TRAIN,no,12,v40c_05108,orig_rule_05278
nframe_08533,data/images/nframe_08533.npy,TRAIN,TRAIN,no,12,v40c_05108,orig_rule_05278
nframe_08534,data/images/nframe_08534.npy,TRAIN,TRAIN,no,12,v40c_05109,orig_singleton_nframe_08534
nframe_08535,data/images/nframe_08535.npy,TRAIN,TRAIN,no,14,v40c_05110,orig_rule_05280
nframe_08536,data/images/nframe_08536.npy,TRAIN,TRAIN,no,12,v40c_05110,orig_rule_05280
nframe_08537,data/images/nframe_08537.npy,TRAIN,TRAIN,no,12,v40c_05111,orig_rule_05281
nframe_08538,data/images/nframe_08538.npy,TRAIN,TRAIN,no,12,v40c_05111,orig_rule_05281
nframe_08539,data/images/nframe_08539.npy,TRAIN,TRAIN,no,14,v40c_05111,orig_rule_05281
nframe_08540,data/images/nframe_08540.npy,TRAIN,TRAIN,no,14,v40c_05111,orig_rule_05281
nframe_08541,data/images/nframe_08541.npy,TRAIN,TRAIN,no,12,v40c_05111,orig_rule_05281
nframe_08542,data/images/nframe_08542.npy,TRAIN,TRAIN,no,12,v40c_05111,orig_rule_05281
nframe_08543,data/images/nframe_08543.npy,TRAIN,TRAIN,no,12,v40c_05111,orig_rule_05281
nframe_08544,data/images/nframe_08544.npy,TRAIN,TRAIN,no,14,v40c_05111,orig_rule_05281
nframe_08545,data/images/nframe_08545.npy,TRAIN,TRAIN,no,11,v40c_05112,orig_singleton_nframe_08545
nframe_08546,data/images/nframe_08546.npy,TRAIN,TRAIN,no,13,v40c_05113,orig_singleton_nframe_08546
nframe_08547,data/images/nframe_08547.npy,TRAIN,TRAIN,no,11,v40c_05114,orig_rule_05284
nframe_08548,data/images/nframe_08548.npy,TRAIN,TRAIN,no,12,v40c_05114,orig_rule_05284
nframe_08549,data/images/nframe_08549.npy,TRAIN,TRAIN,no,9,v40c_05115,orig_singleton_nframe_08549
nframe_08550,data/images/nframe_08550.npy,TRAIN,TRAIN,no,12,v40c_05116,orig_singleton_nframe_08550
nframe_08551,data/images/nframe_08551.npy,TRAIN,TRAIN,no,9,v40c_05117,orig_singleton_nframe_08551
nframe_08552,data/images/nframe_08552.npy,TRAIN,TRAIN,no,8,v40c_05118,orig_singleton_nframe_08552
nframe_08553,data/images/nframe_08553.npy,TRAIN,TRAIN,no,8,v40c_05119,orig_singleton_nframe_08553
nframe_08554,data/images/nframe_08554.npy,TRAIN,TRAIN,no,11,v40c_05120,orig_singleton_nframe_08554
nframe_08555,data/images/nframe_08555.npy,TRAIN,TRAIN,no,9,v40c_05121,orig_rule_05291
nframe_08556,data/images/nframe_08556.npy,TRAIN,TRAIN,no,9,v40c_05121,orig_rule_05291
nframe_08557,data/images/nframe_08557.npy,TRAIN,TRAIN,no,10,v40c_05121,orig_rule_05291
nframe_08558,data/images/nframe_08558.npy,TRAIN,TRAIN,no,10,v40c_05121,orig_rule_05291
nframe_08559,data/images/nframe_08559.npy,TRAIN,TRAIN,no,10,v40c_05121,orig_rule_05291
nframe_08560,data/images/nframe_08560.npy,TRAIN,TRAIN,no,9,v40c_05121,orig_rule_05291
nframe_08561,data/images/nframe_08561.npy,TRAIN,TRAIN,no,9,v40c_05121,orig_rule_05291
nframe_08562,data/images/nframe_08562.npy,TRAIN,TRAIN,no,9,v40c_05121,orig_rule_05291
nframe_08563,data/images/nframe_08563.npy,TRAIN,TRAIN,no,8,v40c_05121,orig_rule_05291
nframe_08564,data/images/nframe_08564.npy,TRAIN,TRAIN,no,8,v40c_05122,orig_singleton_nframe_08564
nframe_08566,data/images/nframe_08566.npy,TRAIN,TRAIN,no,8,v40c_05123,orig_singleton_nframe_08566
nframe_08567,data/images/nframe_08567.npy,TRAIN,TRAIN,no,7,v40c_05124,orig_rule_05294
nframe_08568,data/images/nframe_08568.npy,TRAIN,TRAIN,no,6,v40c_05124,orig_rule_05294
nframe_08569,data/images/nframe_08569.npy,TRAIN,TRAIN,no,8,v40c_05125,orig_rule_05295
nframe_08570,data/images/nframe_08570.npy,TRAIN,TRAIN,no,6,v40c_05125,orig_rule_05295
nframe_08571,data/images/nframe_08571.npy,TRAIN,TRAIN,no,7,v40c_05126,orig_rule_05296
nframe_08572,data/images/nframe_08572.npy,TRAIN,TRAIN,no,8,v40c_05126,orig_rule_05296
nframe_08573,data/images/nframe_08573.npy,TRAIN,TRAIN,no,7,v40c_05127,orig_rule_05297
nframe_08574,data/images/nframe_08574.npy,TRAIN,TRAIN,no,7,v40c_05127,orig_rule_05297
nframe_08575,data/images/nframe_08575.npy,TRAIN,TRAIN,no,6,v40c_05127,orig_rule_05297
nframe_08576,data/images/nframe_08576.npy,TRAIN,TRAIN,no,6,v40c_05127,orig_rule_05297
nframe_08577,data/images/nframe_08577.npy,TRAIN,TRAIN,no,7,v40c_05127,orig_rule_05297
nframe_08578,data/images/nframe_08578.npy,TRAIN,TRAIN,no,6,v40c_05127,orig_rule_05297
nframe_08579,data/images/nframe_08579.npy,TRAIN,TRAIN,no,6,v40c_05127,orig_rule_05297
nframe_08580,data/images/nframe_08580.npy,TRAIN,TRAIN,no,6,v40c_05127,orig_rule_05297
nframe_08581,data/images/nframe_08581.npy,TRAIN,TRAIN,no,6,v40c_05128,orig_rule_05298
nframe_08582,data/images/nframe_08582.npy,TRAIN,TRAIN,no,6,v40c_05127,orig_rule_05297
nframe_08583,data/images/nframe_08583.npy,TRAIN,TRAIN,no,6,v40c_05129,orig_rule_05299
nframe_08584,data/images/nframe_08584.npy,TRAIN,TRAIN,no,6,v40c_05129,orig_rule_05299
nframe_08585,data/images/nframe_08585.npy,TRAIN,TRAIN,no,6,v40c_05130,orig_singleton_nframe_08585
nframe_08586,data/images/nframe_08586.npy,TRAIN,TRAIN,no,6,v40c_05128,orig_rule_05298
nframe_08587,data/images/nframe_08587.npy,TRAIN,TRAIN,no,6,v40c_05128,orig_rule_05298
nframe_08588,data/images/nframe_08588.npy,TRAIN,TRAIN,no,8,v40c_05128,orig_rule_05298
nframe_08589,data/images/nframe_08589.npy,TRAIN,TRAIN,no,8,v40c_05128,orig_rule_05298
nframe_08590,data/images/nframe_08590.npy,TRAIN,TRAIN,no,7,v40c_05128,orig_rule_05298
nframe_08591,data/images/nframe_08591.npy,TRAIN,TRAIN,no,6,v40c_05127,orig_rule_05297
nframe_08592,data/images/nframe_08592.npy,TRAIN,TRAIN,no,6,v40c_05128,orig_rule_05298
nframe_08593,data/images/nframe_08593.npy,TRAIN,TRAIN,no,6,v40c_05128,orig_rule_05298
nframe_08594,data/images/nframe_08594.npy,TRAIN,TRAIN,no,6,v40c_05128,orig_rule_05298
nframe_08595,data/images/nframe_08595.npy,TRAIN,TRAIN,no,7,v40c_05128,orig_rule_05298
nframe_08596,data/images/nframe_08596.npy,TRAIN,TRAIN,no,7,v40c_05128,orig_rule_05298
nframe_08597,data/images/nframe_08597.npy,TRAIN,TRAIN,no,6,v40c_05131,orig_singleton_nframe_08597
nframe_08598,data/images/nframe_08598.npy,TRAIN,TRAIN,no,6,v40c_05132,orig_rule_05302
nframe_08599,data/images/nframe_08599.npy,TRAIN,TRAIN,no,6,v40c_05132,orig_rule_05302
nframe_08600,data/images/nframe_08600.npy,TRAIN,TRAIN,no,5,v40c_05132,orig_rule_05302
nframe_08601,data/images/nframe_08601.npy,TRAIN,TRAIN,no,5,v40c_05132,orig_rule_05302
nframe_08602,data/images/nframe_08602.npy,TRAIN,TRAIN,no,5,v40c_05132,orig_rule_05302
nframe_08603,data/images/nframe_08603.npy,TRAIN,TRAIN,no,5,v40c_05132,orig_rule_05302
nframe_08604,data/images/nframe_08604.npy,TRAIN,TRAIN,no,5,v40c_05132,orig_rule_05302
nframe_08605,data/images/nframe_08605.npy,TRAIN,TRAIN,no,5,v40c_05132,orig_rule_05302
nframe_08606,data/images/nframe_08606.npy,TRAIN,TRAIN,no,5,v40c_05132,orig_rule_05302
nframe_08607,data/images/nframe_08607.npy,TRAIN,TRAIN,no,5,v40c_05133,orig_singleton_nframe_08607
nframe_08608,data/images/nframe_08608.npy,TRAIN,TRAIN,no,4,v40c_05134,orig_singleton_nframe_08608
nframe_08609,data/images/nframe_08609.npy,TRAIN,TRAIN,no,5,v40c_05135,orig_singleton_nframe_08609
nframe_08610,data/images/nframe_08610.npy,TRAIN,TRAIN,no,5,v40c_05136,orig_rule_05306
nframe_08611,data/images/nframe_08611.npy,TRAIN,TRAIN,no,3,v40c_05137,orig_singleton_nframe_08611
nframe_08615,data/images/nframe_08615.npy,TRAIN,TRAIN,no,1,v40c_05138,orig_singleton_nframe_08615
nframe_08616,data/images/nframe_08616.npy,TRAIN,TRAIN,no,1,v40c_05139,orig_rule_05309
nframe_08617,data/images/nframe_08617.npy,TRAIN,TRAIN,no,1,v40c_05140,orig_singleton_nframe_08617
nframe_08618,data/images/nframe_08618.npy,TRAIN,TRAIN,no,1,v40c_05141,orig_singleton_nframe_08618
nframe_08619,data/images/nframe_08619.npy,TRAIN,TRAIN,no,2,v40c_05142,orig_rule_05312
nframe_08620,data/images/nframe_08620.npy,TRAIN,TRAIN,no,3,v40c_05142,orig_rule_05312
nframe_08621,data/images/nframe_08621.npy,TRAIN,TRAIN,no,3,v40c_05143,orig_rule_05313
nframe_08622,data/images/nframe_08622.npy,TRAIN,TRAIN,no,2,v40c_05143,orig_rule_05313
nframe_08623,data/images/nframe_08623.npy,TRAIN,TRAIN,no,3,v40c_05144,orig_rule_05314
nframe_08624,data/images/nframe_08624.npy,TRAIN,TRAIN,no,3,v40c_05144,orig_rule_05314
nframe_08625,data/images/nframe_08625.npy,TRAIN,TRAIN,no,3,v40c_05145,orig_rule_05315
nframe_08626,data/images/nframe_08626.npy,TRAIN,TRAIN,no,3,v40c_05145,orig_rule_05315
nframe_08627,data/images/nframe_08627.npy,TRAIN,TRAIN,no,3,v40c_05145,orig_rule_05315
nframe_08628,data/images/nframe_08628.npy,TRAIN,TRAIN,no,3,v40c_05146,orig_rule_05316
nframe_08629,data/images/nframe_08629.npy,TRAIN,TRAIN,no,3,v40c_05146,orig_rule_05316
nframe_08630,data/images/nframe_08630.npy,TRAIN,TRAIN,no,3,v40c_05147,orig_rule_05317
nframe_08631,data/images/nframe_08631.npy,TRAIN,TRAIN,no,3,v40c_05147,orig_rule_05317
nframe_08632,data/images/nframe_08632.npy,TRAIN,TRAIN,no,3,v40c_05147,orig_rule_05317
nframe_08633,data/images/nframe_08633.npy,TRAIN,TRAIN,no,3,v40c_05148,orig_singleton_nframe_08633
nframe_08634,data/images/nframe_08634.npy,TRAIN,TRAIN,no,3,v40c_05149,orig_rule_05319
nframe_08635,data/images/nframe_08635.npy,TRAIN,TRAIN,no,3,v40c_05149,orig_rule_05319
nframe_08636,data/images/nframe_08636.npy,TRAIN,TRAIN,no,4,v40c_05149,orig_rule_05319
nframe_08637,data/images/nframe_08637.npy,TRAIN,TRAIN,no,4,v40c_05150,orig_rule_05320
nframe_08638,data/images/nframe_08638.npy,TRAIN,TRAIN,no,3,v40c_05150,orig_rule_05320
nframe_08639,data/images/nframe_08639.npy,TRAIN,TRAIN,no,3,v40c_05150,orig_rule_05320
nframe_08640,data/images/nframe_08640.npy,TRAIN,TRAIN,no,4,v40c_05149,orig_rule_05319
nframe_08641,data/images/nframe_08641.npy,TRAIN,TRAIN,no,4,v40c_05149,orig_rule_05319
nframe_08642,data/images/nframe_08642.npy,TRAIN,TRAIN,no,4,v40c_05149,orig_rule_05319
nframe_08643,data/images/nframe_08643.npy,TRAIN,TRAIN,no,4,v40c_05149,orig_rule_05319
nframe_08644,data/images/nframe_08644.npy,TRAIN,TRAIN,no,3,v40c_05150,orig_rule_05320
nframe_08645,data/images/nframe_08645.npy,TRAIN,TRAIN,no,3,v40c_05150,orig_rule_05320
nframe_08646,data/images/nframe_08646.npy,TRAIN,TRAIN,no,4,v40c_05150,orig_rule_05320
nframe_08647,data/images/nframe_08647.npy,TRAIN,TRAIN,no,4,v40c_05150,orig_rule_05320
nframe_08648,data/images/nframe_08648.npy,TRAIN,TRAIN,no,4,v40c_05150,orig_rule_05320
nframe_08649,data/images/nframe_08649.npy,TRAIN,TRAIN,no,4,v40c_05151,orig_singleton_nframe_08649
nframe_08650,data/images/nframe_08650.npy,TRAIN,TRAIN,no,3,v40c_05136,orig_rule_05306
nframe_08651,data/images/nframe_08651.npy,TRAIN,TRAIN,no,4,v40c_05152,orig_singleton_nframe_08651
nframe_08652,data/images/nframe_08652.npy,TRAIN,TRAIN,no,3,v40c_05153,orig_singleton_nframe_08652
nframe_08653,data/images/nframe_08653.npy,TRAIN,TRAIN,no,6,v40c_05154,orig_rule_05324
nframe_08654,data/images/nframe_08654.npy,TRAIN,TRAIN,no,5,v40c_05155,orig_rule_05325
nframe_08655,data/images/nframe_08655.npy,TRAIN,TRAIN,no,4,v40c_05155,orig_rule_05325
nframe_08656,data/images/nframe_08656.npy,TRAIN,TRAIN,no,4,v40c_05155,orig_rule_05325
nframe_08657,data/images/nframe_08657.npy,TRAIN,TRAIN,no,6,v40c_05156,orig_singleton_nframe_08657
nframe_08658,data/images/nframe_08658.npy,TRAIN,TRAIN,no,4,v40c_05149,orig_rule_05319
nframe_08659,data/images/nframe_08659.npy,TRAIN,TRAIN,no,4,v40c_05149,orig_rule_05319
nframe_08660,data/images/nframe_08660.npy,TRAIN,TRAIN,no,4,v40c_05149,orig_rule_05319
nframe_08661,data/images/nframe_08661.npy,TRAIN,TRAIN,no,4,v40c_05150,orig_rule_05320
nframe_08662,data/images/nframe_08662.npy,TRAIN,TRAIN,no,4,v40c_05157,orig_singleton_nframe_08662
nframe_08663,data/images/nframe_08663.npy,TRAIN,TRAIN,no,2,v40c_05158,orig_rule_05328
nframe_08664,data/images/nframe_08664.npy,TRAIN,TRAIN,no,3,v40c_05158,orig_rule_05328
nframe_08665,data/images/nframe_08665.npy,TRAIN,TRAIN,no,4,v40c_05159,orig_rule_05329
nframe_08666,data/images/nframe_08666.npy,TRAIN,TRAIN,no,5,v40c_05159,orig_rule_05329
nframe_08667,data/images/nframe_08667.npy,TRAIN,TRAIN,no,5,v40c_05160,orig_singleton_nframe_08667
nframe_08668,data/images/nframe_08668.npy,TRAIN,TRAIN,no,4,v40c_05155,orig_rule_05325
nframe_08669,data/images/nframe_08669.npy,TRAIN,TRAIN,no,3,v40c_05154,orig_rule_05324
nframe_08670,data/images/nframe_08670.npy,TRAIN,TRAIN,no,3,v40c_05154,orig_rule_05324
nframe_08671,data/images/nframe_08671.npy,TRAIN,TRAIN,no,2,v40c_05161,orig_singleton_nframe_08671
nframe_08672,data/images/nframe_08672.npy,TRAIN,TRAIN,no,5,v40c_05162,orig_rule_05332
nframe_08673,data/images/nframe_08673.npy,TRAIN,TRAIN,no,4,v40c_05162,orig_rule_05332
nframe_08674,data/images/nframe_08674.npy,TRAIN,TRAIN,no,4,v40c_05163,orig_rule_05333
nframe_08675,data/images/nframe_08675.npy,TRAIN,TRAIN,no,4,v40c_05163,orig_rule_05333
nframe_08676,data/images/nframe_08676.npy,TRAIN,TRAIN,no,3,v40c_05163,orig_rule_05333
nframe_08677,data/images/nframe_08677.npy,TRAIN,TRAIN,no,3,v40c_05149,orig_rule_05319
nframe_08678,data/images/nframe_08678.npy,TRAIN,TRAIN,no,3,v40c_05149,orig_rule_05319
nframe_08679,data/images/nframe_08679.npy,TRAIN,TRAIN,no,3,v40c_05149,orig_rule_05319
nframe_08680,data/images/nframe_08680.npy,TRAIN,TRAIN,no,3,v40c_05149,orig_rule_05319
nframe_08681,data/images/nframe_08681.npy,TRAIN,TRAIN,no,3,v40c_05149,orig_rule_05319
nframe_08682,data/images/nframe_08682.npy,TRAIN,TRAIN,no,2,v40c_05149,orig_rule_05319
nframe_08683,data/images/nframe_08683.npy,TRAIN,TRAIN,no,4,v40c_05149,orig_rule_05319
nframe_08684,data/images/nframe_08684.npy,TRAIN,TRAIN,no,4,v40c_05149,orig_rule_05319
nframe_08685,data/images/nframe_08685.npy,TRAIN,TRAIN,no,4,v40c_05149,orig_rule_05319
nframe_08686,data/images/nframe_08686.npy,TRAIN,TRAIN,no,4,v40c_05149,orig_rule_05319
nframe_08687,data/images/nframe_08687.npy,TRAIN,TRAIN,no,3,v40c_05149,orig_rule_05319
nframe_08688,data/images/nframe_08688.npy,TRAIN,TRAIN,no,3,v40c_05164,orig_singleton_nframe_08688
nframe_08689,data/images/nframe_08689.npy,TRAIN,TRAIN,no,4,v40c_05165,orig_rule_05335
nframe_08690,data/images/nframe_08690.npy,TRAIN,TRAIN,no,3,v40c_05165,orig_rule_05335
nframe_08691,data/images/nframe_08691.npy,TRAIN,TRAIN,no,3,v40c_05165,orig_rule_05335
nframe_08692,data/images/nframe_08692.npy,TRAIN,TRAIN,no,3,v40c_05166,orig_rule_05336
nframe_08693,data/images/nframe_08693.npy,TRAIN,TRAIN,no,3,v40c_05166,orig_rule_05336
nframe_08694,data/images/nframe_08694.npy,TRAIN,TRAIN,no,3,v40c_05166,orig_rule_05336
nframe_08695,data/images/nframe_08695.npy,TRAIN,TRAIN,no,3,v40c_05166,orig_rule_05336
nframe_08696,data/images/nframe_08696.npy,TRAIN,TRAIN,no,3,v40c_05166,orig_rule_05336
nframe_08697,data/images/nframe_08697.npy,TRAIN,TRAIN,no,3,v40c_05166,orig_rule_05336
nframe_08698,data/images/nframe_08698.npy,TRAIN,TRAIN,no,4,v40c_05166,orig_rule_05336
nframe_08699,data/images/nframe_08699.npy,TRAIN,TRAIN,no,4,v40c_05166,orig_rule_05336
nframe_08700,data/images/nframe_08700.npy,TRAIN,TRAIN,no,3,v40c_05166,orig_rule_05336
nframe_08701,data/images/nframe_08701.npy,TRAIN,TRAIN,no,3,v40c_05166,orig_rule_05336
nframe_08702,data/images/nframe_08702.npy,TRAIN,TRAIN,no,4,v40c_05166,orig_rule_05336
nframe_08703,data/images/nframe_08703.npy,TRAIN,TRAIN,no,3,v40c_05166,orig_rule_05336
nframe_08704,data/images/nframe_08704.npy,TRAIN,TRAIN,no,3,v40c_05166,orig_rule_05336
nframe_08705,data/images/nframe_08705.npy,TRAIN,TRAIN,no,3,v40c_05166,orig_rule_05336
nframe_08706,data/images/nframe_08706.npy,TRAIN,TRAIN,no,3,v40c_05167,orig_singleton_nframe_08706
nframe_08707,data/images/nframe_08707.npy,TRAIN,TRAIN,no,3,v40c_05168,orig_singleton_nframe_08707
nframe_08708,data/images/nframe_08708.npy,TRAIN,TRAIN,no,3,v40c_05169,orig_rule_05339
nframe_08709,data/images/nframe_08709.npy,TRAIN,TRAIN,no,3,v40c_05169,orig_rule_05339
nframe_08710,data/images/nframe_08710.npy,TRAIN,TRAIN,no,3,v40c_05169,orig_rule_05339
nframe_08711,data/images/nframe_08711.npy,TRAIN,TRAIN,no,3,v40c_05169,orig_rule_05339
nframe_08712,data/images/nframe_08712.npy,TRAIN,TRAIN,no,3,v40c_05169,orig_rule_05339
nframe_08713,data/images/nframe_08713.npy,TRAIN,TRAIN,no,3,v40c_05169,orig_rule_05339
nframe_08714,data/images/nframe_08714.npy,TRAIN,TRAIN,no,2,v40c_05170,orig_singleton_nframe_08714
nframe_08715,data/images/nframe_08715.npy,TRAIN,TRAIN,no,2,v40c_05171,orig_rule_05341
nframe_08716,data/images/nframe_08716.npy,TRAIN,TRAIN,no,2,v40c_05171,orig_rule_05341
nframe_08717,data/images/nframe_08717.npy,TRAIN,TRAIN,no,2,v40c_05171,orig_rule_05341
nframe_08718,data/images/nframe_08718.npy,TRAIN,TRAIN,no,2,v40c_05171,orig_rule_05341
nframe_08719,data/images/nframe_08719.npy,TRAIN,TRAIN,no,2,v40c_05171,orig_rule_05341
nframe_08720,data/images/nframe_08720.npy,TRAIN,TRAIN,no,2,v40c_05171,orig_rule_05341
nframe_08721,data/images/nframe_08721.npy,TRAIN,TRAIN,no,2,v40c_05171,orig_rule_05341
nframe_08722,data/images/nframe_08722.npy,TRAIN,TRAIN,no,2,v40c_05171,orig_rule_05341
nframe_08723,data/images/nframe_08723.npy,TRAIN,TRAIN,no,1,v40c_05171,orig_rule_05341
nframe_08724,data/images/nframe_08724.npy,TRAIN,TRAIN,no,1,v40c_05172,orig_rule_05342
nframe_08725,data/images/nframe_08725.npy,TRAIN,TRAIN,no,2,v40c_05172,orig_rule_05342
nframe_08726,data/images/nframe_08726.npy,TRAIN,TRAIN,no,2,v40c_05173,orig_rule_05343
nframe_08727,data/images/nframe_08727.npy,TRAIN,TRAIN,no,1,v40c_05173,orig_rule_05343
nframe_08728,data/images/nframe_08728.npy,TRAIN,TRAIN,no,1,v40c_05173,orig_rule_05343
nframe_08729,data/images/nframe_08729.npy,TRAIN,TRAIN,no,1,v40c_05173,orig_rule_05343
nframe_08730,data/images/nframe_08730.npy,TRAIN,TRAIN,no,1,v40c_05173,orig_rule_05343
nframe_08731,data/images/nframe_08731.npy,TRAIN,TRAIN,no,1,v40c_05173,orig_rule_05343
nframe_08732,data/images/nframe_08732.npy,TRAIN,TRAIN,no,1,v40c_05173,orig_rule_05343
nframe_08733,data/images/nframe_08733.npy,TRAIN,TRAIN,no,1,v40c_05173,orig_rule_05343
nframe_08734,data/images/nframe_08734.npy,TRAIN,TRAIN,no,1,v40c_05174,orig_singleton_nframe_08734
nframe_08735,data/images/nframe_08735.npy,TRAIN,TRAIN,no,1,v40c_05175,orig_rule_05345
nframe_08736,data/images/nframe_08736.npy,TRAIN,TRAIN,no,1,v40c_05175,orig_rule_05345
nframe_08737,data/images/nframe_08737.npy,TRAIN,TRAIN,no,1,v40c_05139,orig_rule_05309
nframe_08738,data/images/nframe_08738.npy,TRAIN,TRAIN,no,1,v40c_05139,orig_rule_05309
nframe_08739,data/images/nframe_08739.npy,TRAIN,TRAIN,no,1,v40c_05139,orig_rule_05309
nframe_08740,data/images/nframe_08740.npy,TRAIN,TRAIN,no,1,v40c_05139,orig_rule_05309
nframe_08741,data/images/nframe_08741.npy,TRAIN,TRAIN,no,1,v40c_05139,orig_rule_05309
nframe_08742,data/images/nframe_08742.npy,TRAIN,TRAIN,no,1,v40c_05176,orig_rule_05346
nframe_08743,data/images/nframe_08743.npy,TRAIN,TRAIN,no,1,v40c_05176,orig_rule_05346
nframe_08744,data/images/nframe_08744.npy,TRAIN,TRAIN,no,1,v40c_05176,orig_rule_05346
nframe_08745,data/images/nframe_08745.npy,TRAIN,TRAIN,no,1,v40c_05176,orig_rule_05346
nframe_08746,data/images/nframe_08746.npy,TRAIN,TRAIN,no,1,v40c_05176,orig_rule_05346
nframe_08747,data/images/nframe_08747.npy,TRAIN,TRAIN,no,1,v40c_05176,orig_rule_05346
nframe_08748,data/images/nframe_08748.npy,TRAIN,TRAIN,no,1,v40c_05176,orig_rule_05346
nframe_08749,data/images/nframe_08749.npy,TRAIN,TRAIN,no,1,v40c_05176,orig_rule_05346
nframe_08750,data/images/nframe_08750.npy,TRAIN,TRAIN,no,2,v40c_05176,orig_rule_05346
nframe_08751,data/images/nframe_08751.npy,TRAIN,TRAIN,no,1,v40c_05176,orig_rule_05346
nframe_08752,data/images/nframe_08752.npy,TRAIN,TRAIN,no,1,v40c_05176,orig_rule_05346
nframe_08753,data/images/nframe_08753.npy,TRAIN,TRAIN,no,1,v40c_05177,orig_rule_05347
nframe_08754,data/images/nframe_08754.npy,TRAIN,TRAIN,no,1,v40c_05177,orig_rule_05347
nframe_08755,data/images/nframe_08755.npy,TRAIN,TRAIN,no,1,v40c_05178,orig_rule_05348
nframe_08756,data/images/nframe_08756.npy,TRAIN,TRAIN,no,1,v40c_05178,orig_rule_05348
nframe_08757,data/images/nframe_08757.npy,TRAIN,TRAIN,no,1,v40c_05178,orig_rule_05348
nframe_08758,data/images/nframe_08758.npy,TRAIN,TRAIN,no,1,v40c_05179,orig_singleton_nframe_08758
nframe_08760,data/images/nframe_08760.npy,TRAIN,TRAIN,no,1,v40c_05180,orig_singleton_nframe_08760
nframe_08761,data/images/nframe_08761.npy,TRAIN,TRAIN,no,1,v40c_05181,orig_rule_05351
nframe_08762,data/images/nframe_08762.npy,TRAIN,TRAIN,no,1,v40c_05181,orig_rule_05351
nframe_08791,data/images/nframe_08791.npy,TRAIN,TRAIN,no,1,v40c_05182,orig_singleton_nframe_08791
nframe_08847,data/images/nframe_08847.npy,TRAIN,TRAIN,no,1,v40c_05183,orig_singleton_nframe_08847
nframe_08871,data/images/nframe_08871.npy,TRAIN,TRAIN,no,1,v40c_05184,orig_rule_05354
nframe_08872,data/images/nframe_08872.npy,TRAIN,TRAIN,no,1,v40c_05184,orig_rule_05354
nframe_08873,data/images/nframe_08873.npy,TRAIN,TRAIN,no,1,v40c_05184,orig_rule_05354
nframe_08874,data/images/nframe_08874.npy,TRAIN,TRAIN,no,1,v40c_05184,orig_rule_05354
nframe_08875,data/images/nframe_08875.npy,TRAIN,TRAIN,no,1,v40c_05184,orig_rule_05354
nframe_08876,data/images/nframe_08876.npy,TRAIN,TRAIN,no,1,v40c_05184,orig_rule_05354
nframe_08877,data/images/nframe_08877.npy,TRAIN,TRAIN,no,1,v40c_05184,orig_rule_05354
nframe_08878,data/images/nframe_08878.npy,TRAIN,TRAIN,no,1,v40c_05184,orig_rule_05354
nframe_08879,data/images/nframe_08879.npy,TRAIN,TRAIN,no,1,v40c_05185,orig_singleton_nframe_08879
nframe_08880,data/images/nframe_08880.npy,TRAIN,TRAIN,no,1,v40c_05184,orig_rule_05354
nframe_08881,data/images/nframe_08881.npy,TRAIN,TRAIN,no,1,v40c_05186,orig_singleton_nframe_08881
nframe_08882,data/images/nframe_08882.npy,TRAIN,TRAIN,no,1,v40c_05184,orig_rule_05354
nframe_08883,data/images/nframe_08883.npy,TRAIN,TRAIN,no,1,v40c_05184,orig_rule_05354
nframe_08884,data/images/nframe_08884.npy,TRAIN,TRAIN,no,1,v40c_05187,orig_rule_05357
nframe_08885,data/images/nframe_08885.npy,TRAIN,TRAIN,no,1,v40c_05187,orig_rule_05357
nframe_08886,data/images/nframe_08886.npy,TRAIN,TRAIN,no,1,v40c_02883,orig_rule_02963
nframe_08887,data/images/nframe_08887.npy,TRAIN,TRAIN,no,1,v40c_05188,orig_singleton_nframe_08887
nframe_08888,data/images/nframe_08888.npy,TRAIN,TRAIN,no,1,v40c_05189,orig_singleton_nframe_08888
nframe_08889,data/images/nframe_08889.npy,TRAIN,TRAIN,no,1,v40c_05187,orig_rule_05357
nframe_08890,data/images/nframe_08890.npy,TRAIN,TRAIN,no,1,v40c_05187,orig_rule_05357
nframe_08891,data/images/nframe_08891.npy,TRAIN,TRAIN,no,1,v40c_05190,orig_rule_05360
nframe_08892,data/images/nframe_08892.npy,TRAIN,TRAIN,no,1,v40c_05190,orig_rule_05360
nframe_08893,data/images/nframe_08893.npy,TRAIN,TRAIN,no,1,v40c_05190,orig_rule_05360
nframe_08894,data/images/nframe_08894.npy,TRAIN,TRAIN,no,1,v40c_05190,orig_rule_05360
nframe_08895,data/images/nframe_08895.npy,TRAIN,TRAIN,no,1,v40c_05190,orig_rule_05360
nframe_08896,data/images/nframe_08896.npy,TRAIN,TRAIN,no,1,v40c_05191,orig_singleton_nframe_08896
nframe_08897,data/images/nframe_08897.npy,TRAIN,TRAIN,no,1,v40c_05192,orig_singleton_nframe_08897
nframe_08898,data/images/nframe_08898.npy,TRAIN,TRAIN,no,1,v40c_05193,orig_rule_05363
nframe_08899,data/images/nframe_08899.npy,TRAIN,TRAIN,no,2,v40c_05193,orig_rule_05363
nframe_08900,data/images/nframe_08900.npy,TRAIN,TRAIN,no,1,v40c_05193,orig_rule_05363
nframe_08901,data/images/nframe_08901.npy,TRAIN,TRAIN,no,2,v40c_05193,orig_rule_05363
nframe_08902,data/images/nframe_08902.npy,TRAIN,TRAIN,no,2,v40c_05193,orig_rule_05363
nframe_08903,data/images/nframe_08903.npy,TRAIN,TRAIN,no,2,v40c_05193,orig_rule_05363
nframe_08904,data/images/nframe_08904.npy,TRAIN,TRAIN,no,2,v40c_05193,orig_rule_05363
nframe_08905,data/images/nframe_08905.npy,TRAIN,TRAIN,no,2,v40c_05193,orig_rule_05363
nframe_08906,data/images/nframe_08906.npy,TRAIN,TRAIN,no,2,v40c_05194,orig_rule_05364
nframe_08907,data/images/nframe_08907.npy,TRAIN,TRAIN,no,2,v40c_05194,orig_rule_05364
nframe_08908,data/images/nframe_08908.npy,TRAIN,TRAIN,no,2,v40c_05194,orig_rule_05364
nframe_08909,data/images/nframe_08909.npy,TRAIN,TRAIN,no,2,v40c_05194,orig_rule_05364
nframe_08910,data/images/nframe_08910.npy,TRAIN,TRAIN,no,2,v40c_05194,orig_rule_05364
nframe_08911,data/images/nframe_08911.npy,TRAIN,TRAIN,no,2,v40c_05194,orig_rule_05364
nframe_08912,data/images/nframe_08912.npy,TRAIN,TRAIN,no,2,v40c_05195,orig_rule_05365
nframe_08913,data/images/nframe_08913.npy,TRAIN,TRAIN,no,2,v40c_05195,orig_rule_05365
nframe_08914,data/images/nframe_08914.npy,TRAIN,TRAIN,no,2,v40c_05195,orig_rule_05365
nframe_08915,data/images/nframe_08915.npy,TRAIN,TRAIN,no,2,v40c_05195,orig_rule_05365
nframe_08917,data/images/nframe_08917.npy,TRAIN,TRAIN,no,2,v40c_05196,orig_rule_05366
nframe_08918,data/images/nframe_08918.npy,TRAIN,TRAIN,no,2,v40c_05196,orig_rule_05366
nframe_08919,data/images/nframe_08919.npy,TRAIN,TRAIN,no,2,v40c_05196,orig_rule_05366
nframe_08920,data/images/nframe_08920.npy,TRAIN,TRAIN,no,2,v40c_05196,orig_rule_05366
nframe_08921,data/images/nframe_08921.npy,TRAIN,TRAIN,no,2,v40c_05197,orig_rule_05367
nframe_08922,data/images/nframe_08922.npy,TRAIN,TRAIN,no,2,v40c_05197,orig_rule_05367
nframe_08923,data/images/nframe_08923.npy,TRAIN,TRAIN,no,2,v40c_05197,orig_rule_05367
nframe_08924,data/images/nframe_08924.npy,TRAIN,TRAIN,no,2,v40c_05197,orig_rule_05367
nframe_08925,data/images/nframe_08925.npy,TRAIN,TRAIN,no,2,v40c_05198,orig_rule_05368
nframe_08926,data/images/nframe_08926.npy,TRAIN,TRAIN,no,2,v40c_05198,orig_rule_05368
nframe_08927,data/images/nframe_08927.npy,TRAIN,TRAIN,no,2,v40c_05199,orig_rule_05369
nframe_08928,data/images/nframe_08928.npy,TRAIN,TRAIN,no,2,v40c_05199,orig_rule_05369
nframe_08929,data/images/nframe_08929.npy,TRAIN,TRAIN,no,2,v40c_05199,orig_rule_05369
nframe_08930,data/images/nframe_08930.npy,TRAIN,TRAIN,no,2,v40c_05199,orig_rule_05369
nframe_08931,data/images/nframe_08931.npy,TRAIN,TRAIN,no,2,v40c_05200,orig_singleton_nframe_08931
nframe_08932,data/images/nframe_08932.npy,TRAIN,TRAIN,no,2,v40c_05201,orig_rule_05371
nframe_08933,data/images/nframe_08933.npy,TRAIN,TRAIN,no,2,v40c_05201,orig_rule_05371
nframe_08934,data/images/nframe_08934.npy,TRAIN,TRAIN,no,2,v40c_05202,orig_singleton_nframe_08934
nframe_08935,data/images/nframe_08935.npy,TRAIN,TRAIN,no,2,v40c_05203,orig_rule_05373
nframe_08936,data/images/nframe_08936.npy,TRAIN,TRAIN,no,2,v40c_05203,orig_rule_05373
nframe_08937,data/images/nframe_08937.npy,TRAIN,TRAIN,no,2,v40c_05203,orig_rule_05373
nframe_08938,data/images/nframe_08938.npy,TRAIN,TRAIN,no,2,v40c_05203,orig_rule_05373
nframe_08939,data/images/nframe_08939.npy,TRAIN,TRAIN,no,2,v40c_05203,orig_rule_05373
nframe_08940,data/images/nframe_08940.npy,TRAIN,TRAIN,no,2,v40c_05203,orig_rule_05373
nframe_08941,data/images/nframe_08941.npy,TRAIN,TRAIN,no,2,v40c_05203,orig_rule_05373
nframe_08942,data/images/nframe_08942.npy,TRAIN,TRAIN,no,2,v40c_05203,orig_rule_05373
nframe_08943,data/images/nframe_08943.npy,TRAIN,TRAIN,no,2,v40c_05203,orig_rule_05373
nframe_08944,data/images/nframe_08944.npy,TRAIN,TRAIN,no,2,v40c_05204,orig_rule_05374
nframe_08945,data/images/nframe_08945.npy,TRAIN,TRAIN,no,2,v40c_05204,orig_rule_05374
nframe_08946,data/images/nframe_08946.npy,TRAIN,TRAIN,no,2,v40c_05205,orig_singleton_nframe_08946
nframe_08947,data/images/nframe_08947.npy,TRAIN,TRAIN,no,2,v40c_05206,orig_rule_05376
nframe_08948,data/images/nframe_08948.npy,TRAIN,TRAIN,no,2,v40c_05206,orig_rule_05376
nframe_08949,data/images/nframe_08949.npy,TRAIN,TRAIN,no,2,v40c_05207,orig_rule_05377
nframe_08950,data/images/nframe_08950.npy,TRAIN,TRAIN,no,2,v40c_05207,orig_rule_05377
nframe_08951,data/images/nframe_08951.npy,TRAIN,TRAIN,no,2,v40c_05207,orig_rule_05377
nframe_08952,data/images/nframe_08952.npy,TRAIN,TRAIN,no,2,v40c_05207,orig_rule_05377
nframe_08953,data/images/nframe_08953.npy,TRAIN,TRAIN,no,2,v40c_05208,orig_rule_05378
nframe_08954,data/images/nframe_08954.npy,TRAIN,TRAIN,no,2,v40c_05208,orig_rule_05378
nframe_08955,data/images/nframe_08955.npy,TRAIN,TRAIN,no,3,v40c_05208,orig_rule_05378
nframe_08956,data/images/nframe_08956.npy,TRAIN,TRAIN,no,2,v40c_05208,orig_rule_05378
nframe_08957,data/images/nframe_08957.npy,TRAIN,TRAIN,no,2,v40c_05208,orig_rule_05378
nframe_08958,data/images/nframe_08958.npy,TRAIN,TRAIN,no,2,v40c_05208,orig_rule_05378
nframe_08959,data/images/nframe_08959.npy,TRAIN,TRAIN,no,3,v40c_05209,orig_rule_05379
nframe_08960,data/images/nframe_08960.npy,TRAIN,TRAIN,no,2,v40c_05209,orig_rule_05379
nframe_08961,data/images/nframe_08961.npy,TRAIN,TRAIN,no,2,v40c_05209,orig_rule_05379
nframe_08962,data/images/nframe_08962.npy,TRAIN,TRAIN,no,4,v40c_05209,orig_rule_05379
nframe_08963,data/images/nframe_08963.npy,TRAIN,TRAIN,no,2,v40c_05209,orig_rule_05379
nframe_08964,data/images/nframe_08964.npy,TRAIN,TRAIN,no,2,v40c_05209,orig_rule_05379
nframe_08965,data/images/nframe_08965.npy,TRAIN,TRAIN,no,3,v40c_05209,orig_rule_05379
nframe_08966,data/images/nframe_08966.npy,TRAIN,TRAIN,no,3,v40c_05209,orig_rule_05379
nframe_08967,data/images/nframe_08967.npy,TRAIN,TRAIN,no,2,v40c_05209,orig_rule_05379
nframe_08968,data/images/nframe_08968.npy,TRAIN,TRAIN,no,4,v40c_05209,orig_rule_05379
nframe_08969,data/images/nframe_08969.npy,TRAIN,TRAIN,no,4,v40c_05209,orig_rule_05379
nframe_08970,data/images/nframe_08970.npy,TRAIN,TRAIN,no,3,v40c_05210,orig_rule_05380
nframe_08971,data/images/nframe_08971.npy,TRAIN,TRAIN,no,3,v40c_05210,orig_rule_05380
nframe_08972,data/images/nframe_08972.npy,TRAIN,TRAIN,no,3,v40c_05210,orig_rule_05380
nframe_08973,data/images/nframe_08973.npy,TRAIN,TRAIN,no,3,v40c_05210,orig_rule_05380
nframe_08974,data/images/nframe_08974.npy,TRAIN,TRAIN,no,3,v40c_05210,orig_rule_05380
nframe_08975,data/images/nframe_08975.npy,TRAIN,TRAIN,no,3,v40c_05210,orig_rule_05380
nframe_08976,data/images/nframe_08976.npy,TRAIN,TRAIN,no,3,v40c_05210,orig_rule_05380
nframe_08977,data/images/nframe_08977.npy,TRAIN,TRAIN,no,3,v40c_05210,orig_rule_05380
nframe_08978,data/images/nframe_08978.npy,TRAIN,TRAIN,no,3,v40c_05210,orig_rule_05380
nframe_08979,data/images/nframe_08979.npy,TRAIN,TRAIN,no,3,v40c_05210,orig_rule_05380
nframe_08980,data/images/nframe_08980.npy,TRAIN,TRAIN,no,4,v40c_05210,orig_rule_05380
nframe_08981,data/images/nframe_08981.npy,TRAIN,TRAIN,no,2,v40c_05210,orig_rule_05380
nframe_08982,data/images/nframe_08982.npy,TRAIN,TRAIN,no,2,v40c_05210,orig_rule_05380
nframe_08983,data/images/nframe_08983.npy,TRAIN,TRAIN,no,3,v40c_05210,orig_rule_05380
nframe_08984,data/images/nframe_08984.npy,TRAIN,TRAIN,no,3,v40c_05210,orig_rule_05380
nframe_08985,data/images/nframe_08985.npy,TRAIN,TRAIN,no,3,v40c_05210,orig_rule_05380
nframe_08986,data/images/nframe_08986.npy,TRAIN,TRAIN,no,3,v40c_05210,orig_rule_05380
nframe_08987,data/images/nframe_08987.npy,TRAIN,TRAIN,no,4,v40c_05210,orig_rule_05380
nframe_08988,data/images/nframe_08988.npy,TRAIN,TRAIN,no,3,v40c_05210,orig_rule_05380
nframe_08989,data/images/nframe_08989.npy,TRAIN,TRAIN,no,4,v40c_05211,orig_rule_05381
nframe_08990,data/images/nframe_08990.npy,TRAIN,TRAIN,no,3,v40c_05211,orig_rule_05381
nframe_08991,data/images/nframe_08991.npy,TRAIN,TRAIN,no,2,v40c_05212,orig_rule_05382
nframe_08992,data/images/nframe_08992.npy,TRAIN,TRAIN,no,2,v40c_05212,orig_rule_05382
nframe_08993,data/images/nframe_08993.npy,TRAIN,TRAIN,no,3,v40c_05212,orig_rule_05382
nframe_08994,data/images/nframe_08994.npy,TRAIN,TRAIN,no,2,v40c_05212,orig_rule_05382
nframe_08995,data/images/nframe_08995.npy,TRAIN,TRAIN,no,2,v40c_05213,orig_rule_05383
nframe_08996,data/images/nframe_08996.npy,TRAIN,TRAIN,no,2,v40c_05213,orig_rule_05383
nframe_08997,data/images/nframe_08997.npy,TRAIN,TRAIN,no,2,v40c_05213,orig_rule_05383
nframe_08998,data/images/nframe_08998.npy,TRAIN,TRAIN,no,2,v40c_05214,orig_singleton_nframe_08998
nframe_08999,data/images/nframe_08999.npy,TRAIN,TRAIN,no,2,v40c_05215,orig_rule_05385
nframe_09000,data/images/nframe_09000.npy,TRAIN,TRAIN,no,2,v40c_05215,orig_rule_05385
nframe_09001,data/images/nframe_09001.npy,TRAIN,TRAIN,no,3,v40c_05216,orig_singleton_nframe_09001
nframe_09002,data/images/nframe_09002.npy,TRAIN,TRAIN,no,2,v40c_05217,orig_singleton_nframe_09002
nframe_09003,data/images/nframe_09003.npy,TRAIN,TRAIN,no,1,v40c_05218,orig_rule_05388
nframe_09004,data/images/nframe_09004.npy,TRAIN,TRAIN,no,1,v40c_05218,orig_rule_05388
nframe_09005,data/images/nframe_09005.npy,TRAIN,TRAIN,no,1,v40c_05219,orig_singleton_nframe_09005
nframe_09006,data/images/nframe_09006.npy,TRAIN,TRAIN,no,1,v40c_05220,orig_singleton_nframe_09006
nframe_09007,data/images/nframe_09007.npy,TRAIN,TRAIN,no,1,v40c_05221,orig_rule_05391
nframe_09008,data/images/nframe_09008.npy,TRAIN,TRAIN,no,1,v40c_05221,orig_rule_05391
nframe_09010,data/images/nframe_09010.npy,TRAIN,TRAIN,no,2,v40c_05222,orig_rule_05392
nframe_09011,data/images/nframe_09011.npy,TRAIN,TRAIN,no,2,v40c_05222,orig_rule_05392
nframe_09012,data/images/nframe_09012.npy,TRAIN,TRAIN,no,1,v40c_05223,orig_rule_05393
nframe_09013,data/images/nframe_09013.npy,TRAIN,TRAIN,no,1,v40c_05223,orig_rule_05393
nframe_09014,data/images/nframe_09014.npy,TRAIN,TRAIN,no,1,v40c_05224,orig_singleton_nframe_09014
nframe_09015,data/images/nframe_09015.npy,TRAIN,TRAIN,no,1,v40c_05225,orig_singleton_nframe_09015
nframe_09016,data/images/nframe_09016.npy,TRAIN,TRAIN,no,1,v40c_05226,orig_singleton_nframe_09016
nframe_09017,data/images/nframe_09017.npy,TRAIN,TRAIN,no,1,v40c_05227,orig_singleton_nframe_09017
nframe_09018,data/images/nframe_09018.npy,TRAIN,TRAIN,no,1,v40c_05228,orig_singleton_nframe_09018
nframe_09019,data/images/nframe_09019.npy,TRAIN,TRAIN,no,1,v40c_05229,orig_singleton_nframe_09019
nframe_09020,data/images/nframe_09020.npy,TRAIN,TRAIN,no,1,v40c_05230,orig_singleton_nframe_09020
nframe_09021,data/images/nframe_09021.npy,TRAIN,TRAIN,no,2,v40c_05231,orig_singleton_nframe_09021
nframe_09022,data/images/nframe_09022.npy,TRAIN,TRAIN,no,2,v40c_05232,orig_singleton_nframe_09022
nframe_09023,data/images/nframe_09023.npy,TRAIN,TRAIN,no,2,v40c_05233,orig_singleton_nframe_09023
nframe_09024,data/images/nframe_09024.npy,TRAIN,TRAIN,no,3,v40c_05234,orig_singleton_nframe_09024
nframe_09025,data/images/nframe_09025.npy,TRAIN,TRAIN,no,2,v40c_05235,orig_rule_05405
nframe_09026,data/images/nframe_09026.npy,TRAIN,TRAIN,no,1,v40c_05235,orig_rule_05405
nframe_09027,data/images/nframe_09027.npy,TRAIN,TRAIN,no,1,v40c_05236,orig_rule_05406
nframe_09028,data/images/nframe_09028.npy,TRAIN,TRAIN,no,1,v40c_05236,orig_rule_05406
nframe_09029,data/images/nframe_09029.npy,TRAIN,TRAIN,no,1,v40c_05237,orig_singleton_nframe_09029
nframe_09030,data/images/nframe_09030.npy,TRAIN,TRAIN,no,1,v40c_05238,orig_singleton_nframe_09030
nframe_09031,data/images/nframe_09031.npy,TRAIN,TRAIN,no,1,v40c_05239,orig_singleton_nframe_09031
nframe_09032,data/images/nframe_09032.npy,TRAIN,TRAIN,no,1,v40c_05240,orig_rule_05410
nframe_09033,data/images/nframe_09033.npy,TRAIN,TRAIN,no,1,v40c_05240,orig_rule_05410
nframe_09034,data/images/nframe_09034.npy,TRAIN,TRAIN,no,1,v40c_05241,orig_rule_05411
nframe_09035,data/images/nframe_09035.npy,TRAIN,TRAIN,no,1,v40c_05241,orig_rule_05411
nframe_09036,data/images/nframe_09036.npy,TRAIN,TRAIN,no,1,v40c_05242,orig_singleton_nframe_09036
nframe_09037,data/images/nframe_09037.npy,TRAIN,TRAIN,no,1,v40c_05243,orig_singleton_nframe_09037
nframe_09038,data/images/nframe_09038.npy,TRAIN,TRAIN,no,1,v40c_05244,orig_singleton_nframe_09038
nframe_09053,data/images/nframe_09053.npy,TRAIN,TRAIN,no,1,v40c_05245,orig_rule_05415
nframe_09054,data/images/nframe_09054.npy,TRAIN,TRAIN,no,1,v40c_05245,orig_rule_05415
nframe_09055,data/images/nframe_09055.npy,TRAIN,TRAIN,no,1,v40c_05246,orig_singleton_nframe_09055
nframe_09057,data/images/nframe_09057.npy,TRAIN,TRAIN,no,1,v40c_05247,orig_singleton_nframe_09057
nframe_09058,data/images/nframe_09058.npy,TRAIN,TRAIN,no,1,v40c_05248,orig_singleton_nframe_09058
nframe_09060,data/images/nframe_09060.npy,TRAIN,TRAIN,no,1,v40c_05249,orig_singleton_nframe_09060
nframe_09067,data/images/nframe_09067.npy,TRAIN,TRAIN,no,1,v40c_05250,orig_singleton_nframe_09067
nframe_09069,data/images/nframe_09069.npy,TRAIN,TRAIN,no,1,v40c_05251,orig_singleton_nframe_09069
nframe_09071,data/images/nframe_09071.npy,TRAIN,TRAIN,no,1,v40c_05252,orig_singleton_nframe_09071
nframe_09095,data/images/nframe_09095.npy,TRAIN,TRAIN,no,1,v40c_05253,orig_singleton_nframe_09095
nframe_09096,data/images/nframe_09096.npy,TRAIN,TRAIN,no,1,v40c_05254,orig_rule_05424
nframe_09097,data/images/nframe_09097.npy,TRAIN,TRAIN,no,1,v40c_05254,orig_rule_05424
nframe_09098,data/images/nframe_09098.npy,TRAIN,TRAIN,no,1,v40c_05254,orig_rule_05424
nframe_09099,data/images/nframe_09099.npy,TRAIN,TRAIN,no,2,v40c_05254,orig_rule_05424
nframe_09101,data/images/nframe_09101.npy,TRAIN,TRAIN,no,3,v40c_05255,orig_singleton_nframe_09101
nframe_09102,data/images/nframe_09102.npy,TRAIN,TRAIN,no,1,v40c_05256,orig_singleton_nframe_09102
nframe_09103,data/images/nframe_09103.npy,TRAIN,TRAIN,no,2,v40c_05257,orig_rule_05427
nframe_09104,data/images/nframe_09104.npy,TRAIN,TRAIN,no,1,v40c_05257,orig_rule_05427
nframe_09105,data/images/nframe_09105.npy,TRAIN,TRAIN,no,1,v40c_05258,orig_singleton_nframe_09105
nframe_09108,data/images/nframe_09108.npy,TRAIN,TRAIN,no,1,v40c_05259,orig_singleton_nframe_09108
nframe_09111,data/images/nframe_09111.npy,TRAIN,TRAIN,no,3,v40c_05260,orig_rule_05430
nframe_09112,data/images/nframe_09112.npy,TRAIN,TRAIN,no,3,v40c_05260,orig_rule_05430
nframe_09113,data/images/nframe_09113.npy,TRAIN,TRAIN,no,4,v40c_05261,orig_singleton_nframe_09113
nframe_09114,data/images/nframe_09114.npy,TRAIN,TRAIN,no,4,v40c_05262,orig_singleton_nframe_09114
nframe_09115,data/images/nframe_09115.npy,TRAIN,TRAIN,no,4,v40c_05263,orig_singleton_nframe_09115
nframe_09116,data/images/nframe_09116.npy,TRAIN,TRAIN,no,2,v40c_05264,orig_singleton_nframe_09116
nframe_09117,data/images/nframe_09117.npy,TRAIN,TRAIN,no,4,v40c_05265,orig_singleton_nframe_09117
nframe_09118,data/images/nframe_09118.npy,TRAIN,TRAIN,no,5,v40c_05266,orig_singleton_nframe_09118
nframe_09119,data/images/nframe_09119.npy,TRAIN,TRAIN,no,3,v40c_05267,orig_singleton_nframe_09119
nframe_09120,data/images/nframe_09120.npy,TRAIN,TRAIN,no,3,v40c_05268,orig_rule_05438
nframe_09121,data/images/nframe_09121.npy,TRAIN,TRAIN,no,5,v40c_05268,orig_rule_05438
nframe_09122,data/images/nframe_09122.npy,TRAIN,TRAIN,no,3,v40c_05269,orig_singleton_nframe_09122
nframe_09123,data/images/nframe_09123.npy,TRAIN,TRAIN,no,3,v40c_05270,orig_singleton_nframe_09123
nframe_09124,data/images/nframe_09124.npy,TRAIN,TRAIN,no,1,v40c_05271,orig_singleton_nframe_09124
nframe_09125,data/images/nframe_09125.npy,TRAIN,TRAIN,no,1,v40c_05272,orig_singleton_nframe_09125
nframe_09126,data/images/nframe_09126.npy,TRAIN,TRAIN,no,2,v40c_05273,orig_singleton_nframe_09126
nframe_09127,data/images/nframe_09127.npy,TRAIN,TRAIN,no,1,v40c_05274,orig_singleton_nframe_09127
nframe_09128,data/images/nframe_09128.npy,TRAIN,TRAIN,no,1,v40c_05275,orig_rule_05445
nframe_09129,data/images/nframe_09129.npy,TRAIN,TRAIN,no,1,v40c_05275,orig_rule_05445
nframe_09130,data/images/nframe_09130.npy,TRAIN,TRAIN,no,1,v40c_05275,orig_rule_05445
nframe_09131,data/images/nframe_09131.npy,TRAIN,TRAIN,no,2,v40c_05276,orig_rule_05446
nframe_09132,data/images/nframe_09132.npy,TRAIN,TRAIN,no,2,v40c_05276,orig_rule_05446
nframe_09133,data/images/nframe_09133.npy,TRAIN,TRAIN,no,2,v40c_05276,orig_rule_05446
nframe_09134,data/images/nframe_09134.npy,TRAIN,TRAIN,no,2,v40c_05277,orig_singleton_nframe_09134
nframe_09135,data/images/nframe_09135.npy,TRAIN,TRAIN,no,2,v40c_05278,orig_rule_05448
nframe_09136,data/images/nframe_09136.npy,TRAIN,TRAIN,no,2,v40c_05278,orig_rule_05448
nframe_09137,data/images/nframe_09137.npy,TRAIN,TRAIN,no,2,v40c_05279,orig_singleton_nframe_09137
nframe_09138,data/images/nframe_09138.npy,TRAIN,TRAIN,no,2,v40c_05278,orig_rule_05448
nframe_09139,data/images/nframe_09139.npy,TRAIN,TRAIN,no,2,v40c_05278,orig_rule_05448
nframe_09140,data/images/nframe_09140.npy,TRAIN,TRAIN,no,2,v40c_05278,orig_rule_05448
nframe_09141,data/images/nframe_09141.npy,TRAIN,TRAIN,no,2,v40c_05280,orig_rule_05450
nframe_09142,data/images/nframe_09142.npy,TRAIN,TRAIN,no,2,v40c_05280,orig_rule_05450
nframe_09143,data/images/nframe_09143.npy,TRAIN,TRAIN,no,3,v40c_05280,orig_rule_05450
nframe_09144,data/images/nframe_09144.npy,TRAIN,TRAIN,no,3,v40c_05281,orig_singleton_nframe_09144
nframe_09145,data/images/nframe_09145.npy,TRAIN,TRAIN,no,3,v40c_05282,orig_rule_05452
nframe_09146,data/images/nframe_09146.npy,TRAIN,TRAIN,no,3,v40c_05282,orig_rule_05452
nframe_09147,data/images/nframe_09147.npy,TRAIN,TRAIN,no,3,v40c_05282,orig_rule_05452
nframe_09148,data/images/nframe_09148.npy,TRAIN,TRAIN,no,3,v40c_05282,orig_rule_05452
nframe_09149,data/images/nframe_09149.npy,TRAIN,TRAIN,no,3,v40c_05283,orig_singleton_nframe_09149
nframe_09150,data/images/nframe_09150.npy,TRAIN,TRAIN,no,3,v40c_05284,orig_singleton_nframe_09150
nframe_09151,data/images/nframe_09151.npy,TRAIN,TRAIN,no,3,v40c_05285,orig_rule_05455
nframe_09152,data/images/nframe_09152.npy,TRAIN,TRAIN,no,3,v40c_05285,orig_rule_05455
nframe_09153,data/images/nframe_09153.npy,TRAIN,TRAIN,no,2,v40c_05285,orig_rule_05455
nframe_09154,data/images/nframe_09154.npy,TRAIN,TRAIN,no,2,v40c_05286,orig_singleton_nframe_09154
nframe_09155,data/images/nframe_09155.npy,TRAIN,TRAIN,no,2,v40c_05287,orig_rule_05457
nframe_09156,data/images/nframe_09156.npy,TRAIN,TRAIN,no,2,v40c_05287,orig_rule_05457
nframe_09157,data/images/nframe_09157.npy,TRAIN,TRAIN,no,2,v40c_05287,orig_rule_05457
nframe_09158,data/images/nframe_09158.npy,TRAIN,TRAIN,no,2,v40c_05288,orig_singleton_nframe_09158
nframe_09159,data/images/nframe_09159.npy,TRAIN,TRAIN,no,2,v40c_05289,orig_singleton_nframe_09159
nframe_09160,data/images/nframe_09160.npy,TRAIN,TRAIN,no,2,v40c_05290,orig_rule_05460
nframe_09161,data/images/nframe_09161.npy,TRAIN,TRAIN,no,2,v40c_05290,orig_rule_05460
nframe_09162,data/images/nframe_09162.npy,TRAIN,TRAIN,no,2,v40c_05290,orig_rule_05460
nframe_09163,data/images/nframe_09163.npy,TRAIN,TRAIN,no,2,v40c_05287,orig_rule_05457
nframe_09164,data/images/nframe_09164.npy,TRAIN,TRAIN,no,2,v40c_05287,orig_rule_05457
nframe_09165,data/images/nframe_09165.npy,TRAIN,TRAIN,no,2,v40c_05287,orig_rule_05457
nframe_09166,data/images/nframe_09166.npy,TRAIN,TRAIN,no,2,v40c_05287,orig_rule_05457
nframe_09167,data/images/nframe_09167.npy,TRAIN,TRAIN,no,2,v40c_05291,orig_singleton_nframe_09167
nframe_09168,data/images/nframe_09168.npy,TRAIN,TRAIN,no,1,v40c_05292,orig_singleton_nframe_09168
nframe_09169,data/images/nframe_09169.npy,TRAIN,TRAIN,no,2,v40c_05293,orig_rule_05463
nframe_09170,data/images/nframe_09170.npy,TRAIN,TRAIN,no,2,v40c_05293,orig_rule_05463
nframe_09172,data/images/nframe_09172.npy,TRAIN,TRAIN,no,2,v40c_05294,orig_singleton_nframe_09172
nframe_09173,data/images/nframe_09173.npy,TRAIN,TRAIN,no,2,v40c_05295,orig_rule_05465
nframe_09174,data/images/nframe_09174.npy,TRAIN,TRAIN,no,2,v40c_05295,orig_rule_05465
nframe_09175,data/images/nframe_09175.npy,TRAIN,TRAIN,no,2,v40c_05295,orig_rule_05465
nframe_09176,data/images/nframe_09176.npy,TRAIN,TRAIN,no,1,v40c_05295,orig_rule_05465
nframe_09177,data/images/nframe_09177.npy,TRAIN,TRAIN,no,1,v40c_05295,orig_rule_05465
nframe_09178,data/images/nframe_09178.npy,TRAIN,TRAIN,no,1,v40c_05296,orig_singleton_nframe_09178
nframe_09179,data/images/nframe_09179.npy,TRAIN,TRAIN,no,1,v40c_05297,orig_singleton_nframe_09179
nframe_09180,data/images/nframe_09180.npy,TRAIN,TRAIN,no,1,v40c_05298,orig_rule_05468
nframe_09181,data/images/nframe_09181.npy,TRAIN,TRAIN,no,1,v40c_05298,orig_rule_05468
nframe_09182,data/images/nframe_09182.npy,TRAIN,TRAIN,no,1,v40c_05299,orig_rule_05469
nframe_09183,data/images/nframe_09183.npy,TRAIN,TRAIN,no,1,v40c_05299,orig_rule_05469
nframe_09184,data/images/nframe_09184.npy,TRAIN,TRAIN,no,1,v40c_05298,orig_rule_05468
nframe_09185,data/images/nframe_09185.npy,TRAIN,TRAIN,no,1,v40c_05300,orig_singleton_nframe_09185
nframe_09186,data/images/nframe_09186.npy,TRAIN,TRAIN,no,1,v40c_05301,orig_singleton_nframe_09186
nframe_09205,data/images/nframe_09205.npy,TRAIN,TRAIN,no,1,v40c_05302,orig_rule_05472
nframe_09206,data/images/nframe_09206.npy,TRAIN,TRAIN,no,1,v40c_05302,orig_rule_05472
nframe_09207,data/images/nframe_09207.npy,TRAIN,TRAIN,no,1,v40c_05303,orig_singleton_nframe_09207
nframe_09208,data/images/nframe_09208.npy,TRAIN,TRAIN,no,1,v40c_05304,orig_singleton_nframe_09208
nframe_09209,data/images/nframe_09209.npy,TRAIN,TRAIN,no,1,v40c_05305,orig_singleton_nframe_09209
nframe_09210,data/images/nframe_09210.npy,TRAIN,TRAIN,no,1,v40c_05306,orig_singleton_nframe_09210
nframe_09211,data/images/nframe_09211.npy,TRAIN,TRAIN,no,1,v40c_05307,orig_singleton_nframe_09211
nframe_09212,data/images/nframe_09212.npy,TRAIN,TRAIN,no,1,v40c_05308,orig_singleton_nframe_09212
nframe_09213,data/images/nframe_09213.npy,TRAIN,TRAIN,no,1,v40c_05309,orig_singleton_nframe_09213
nframe_09214,data/images/nframe_09214.npy,TRAIN,TRAIN,no,1,v40c_05310,orig_rule_05480
nframe_09215,data/images/nframe_09215.npy,TRAIN,TRAIN,no,1,v40c_05310,orig_rule_05480
nframe_09216,data/images/nframe_09216.npy,TRAIN,TRAIN,no,1,v40c_05311,orig_singleton_nframe_09216
nframe_09217,data/images/nframe_09217.npy,TRAIN,TRAIN,no,1,v40c_05312,orig_singleton_nframe_09217
nframe_09218,data/images/nframe_09218.npy,TRAIN,TRAIN,no,2,v40c_05313,orig_singleton_nframe_09218
nframe_09219,data/images/nframe_09219.npy,TRAIN,TRAIN,no,1,v40c_05314,orig_singleton_nframe_09219
nframe_09220,data/images/nframe_09220.npy,TRAIN,TRAIN,no,1,v40c_05315,orig_singleton_nframe_09220
nframe_09221,data/images/nframe_09221.npy,TRAIN,TRAIN,no,2,v40c_05316,orig_singleton_nframe_09221
nframe_09222,data/images/nframe_09222.npy,TRAIN,TRAIN,no,1,v40c_05317,orig_rule_05487
nframe_09223,data/images/nframe_09223.npy,TRAIN,TRAIN,no,1,v40c_05317,orig_rule_05487
nframe_09224,data/images/nframe_09224.npy,TRAIN,TRAIN,no,1,v40c_05318,orig_singleton_nframe_09224
nframe_09225,data/images/nframe_09225.npy,TRAIN,TRAIN,no,1,v40c_05319,orig_singleton_nframe_09225
nframe_09226,data/images/nframe_09226.npy,TRAIN,TRAIN,no,1,v40c_05320,orig_singleton_nframe_09226
nframe_09227,data/images/nframe_09227.npy,TRAIN,TRAIN,no,1,v40c_05321,orig_singleton_nframe_09227
nframe_09228,data/images/nframe_09228.npy,TRAIN,TRAIN,no,1,v40c_05322,orig_singleton_nframe_09228
nframe_09229,data/images/nframe_09229.npy,TRAIN,TRAIN,no,1,v40c_05323,orig_singleton_nframe_09229
nframe_09230,data/images/nframe_09230.npy,TRAIN,TRAIN,no,1,v40c_05324,orig_singleton_nframe_09230
nframe_09231,data/images/nframe_09231.npy,TRAIN,TRAIN,no,1,v40c_05325,orig_singleton_nframe_09231
nframe_09232,data/images/nframe_09232.npy,TRAIN,TRAIN,no,1,v40c_05326,orig_singleton_nframe_09232
nframe_09233,data/images/nframe_09233.npy,TRAIN,TRAIN,no,1,v40c_05327,orig_singleton_nframe_09233
nframe_09234,data/images/nframe_09234.npy,TRAIN,TRAIN,no,1,v40c_05328,orig_singleton_nframe_09234
nframe_09235,data/images/nframe_09235.npy,TRAIN,TRAIN,no,1,v40c_05329,orig_singleton_nframe_09235
nframe_09236,data/images/nframe_09236.npy,TRAIN,TRAIN,no,1,v40c_05330,orig_singleton_nframe_09236
nframe_09237,data/images/nframe_09237.npy,TRAIN,TRAIN,no,1,v40c_05331,orig_singleton_nframe_09237
nframe_09238,data/images/nframe_09238.npy,TRAIN,TRAIN,no,1,v40c_05332,orig_singleton_nframe_09238
nframe_09239,data/images/nframe_09239.npy,TRAIN,TRAIN,no,1,v40c_05333,orig_singleton_nframe_09239
nframe_09240,data/images/nframe_09240.npy,TRAIN,TRAIN,no,1,v40c_05334,orig_singleton_nframe_09240
nframe_09241,data/images/nframe_09241.npy,TRAIN,TRAIN,no,1,v40c_05335,orig_singleton_nframe_09241
nframe_09242,data/images/nframe_09242.npy,TRAIN,TRAIN,no,1,v40c_05336,orig_singleton_nframe_09242
nframe_09243,data/images/nframe_09243.npy,TRAIN,TRAIN,no,1,v40c_05337,orig_singleton_nframe_09243
nframe_09244,data/images/nframe_09244.npy,TRAIN,TRAIN,no,1,v40c_05338,orig_singleton_nframe_09244
nframe_09245,data/images/nframe_09245.npy,TRAIN,TRAIN,no,1,v40c_05339,orig_rule_05509
nframe_09246,data/images/nframe_09246.npy,TRAIN,TRAIN,no,1,v40c_05339,orig_rule_05509
nframe_09247,data/images/nframe_09247.npy,TRAIN,TRAIN,no,1,v40c_05340,orig_singleton_nframe_09247
nframe_09248,data/images/nframe_09248.npy,TRAIN,TRAIN,no,1,v40c_05341,orig_singleton_nframe_09248
nframe_09249,data/images/nframe_09249.npy,TRAIN,TRAIN,no,1,v40c_05342,orig_singleton_nframe_09249
nframe_09250,data/images/nframe_09250.npy,TRAIN,TRAIN,no,1,v40c_05343,orig_singleton_nframe_09250
nframe_09251,data/images/nframe_09251.npy,TRAIN,TRAIN,no,1,v40c_05344,orig_singleton_nframe_09251
nframe_09252,data/images/nframe_09252.npy,TRAIN,TRAIN,no,1,v40c_05345,orig_singleton_nframe_09252
nframe_09253,data/images/nframe_09253.npy,TRAIN,TRAIN,no,1,v40c_05346,orig_singleton_nframe_09253
nframe_09254,data/images/nframe_09254.npy,TRAIN,TRAIN,no,1,v40c_05347,orig_rule_05517
nframe_09255,data/images/nframe_09255.npy,TRAIN,TRAIN,no,1,v40c_05347,orig_rule_05517
nframe_09256,data/images/nframe_09256.npy,TRAIN,TRAIN,no,1,v40c_05348,orig_singleton_nframe_09256
nframe_09257,data/images/nframe_09257.npy,TRAIN,TRAIN,no,1,v40c_05349,orig_singleton_nframe_09257
nframe_09264,data/images/nframe_09264.npy,TRAIN,TRAIN,no,1,v40c_05350,orig_singleton_nframe_09264
nframe_09277,data/images/nframe_09277.npy,TRAIN,TRAIN,no,1,v40c_05351,orig_singleton_nframe_09277
nframe_09280,data/images/nframe_09280.npy,TRAIN,TRAIN,no,1,v40c_05352,orig_rule_05522
nframe_09281,data/images/nframe_09281.npy,TRAIN,TRAIN,no,1,v40c_05352,orig_rule_05522
nframe_09282,data/images/nframe_09282.npy,TRAIN,TRAIN,no,1,v40c_05353,orig_rule_05523
nframe_09283,data/images/nframe_09283.npy,TRAIN,TRAIN,no,1,v40c_05353,orig_rule_05523
nframe_09284,data/images/nframe_09284.npy,TRAIN,TRAIN,no,1,v40c_05354,orig_rule_05524
nframe_09285,data/images/nframe_09285.npy,TRAIN,TRAIN,no,1,v40c_05354,orig_rule_05524
nframe_09286,data/images/nframe_09286.npy,TRAIN,TRAIN,no,1,v40c_05355,orig_singleton_nframe_09286
nframe_09287,data/images/nframe_09287.npy,TRAIN,TRAIN,no,1,v40c_05356,orig_singleton_nframe_09287
nframe_09288,data/images/nframe_09288.npy,TRAIN,TRAIN,no,1,v40c_05357,orig_singleton_nframe_09288
nframe_09289,data/images/nframe_09289.npy,TRAIN,TRAIN,no,1,v40c_05358,orig_singleton_nframe_09289
nframe_09304,data/images/nframe_09304.npy,TRAIN,TRAIN,no,1,v40c_05359,orig_singleton_nframe_09304
nframe_09307,data/images/nframe_09307.npy,TRAIN,TRAIN,no,1,v40c_05360,orig_singleton_nframe_09307
nframe_09331,data/images/nframe_09331.npy,TRAIN,TRAIN,no,1,v40c_05361,orig_singleton_nframe_09331
nframe_09332,data/images/nframe_09332.npy,TRAIN,TRAIN,no,1,v40c_05362,orig_singleton_nframe_09332
nframe_09333,data/images/nframe_09333.npy,TRAIN,TRAIN,no,1,v40c_05363,orig_singleton_nframe_09333
nframe_09334,data/images/nframe_09334.npy,TRAIN,TRAIN,no,1,v40c_05364,orig_singleton_nframe_09334
nframe_09335,data/images/nframe_09335.npy,TRAIN,TRAIN,no,1,v40c_05365,orig_singleton_nframe_09335
nframe_09336,data/images/nframe_09336.npy,TRAIN,TRAIN,no,1,v40c_05366,orig_singleton_nframe_09336
nframe_09337,data/images/nframe_09337.npy,TRAIN,TRAIN,no,1,v40c_05367,orig_singleton_nframe_09337
nframe_09343,data/images/nframe_09343.npy,TRAIN,TRAIN,no,1,v40c_05368,orig_singleton_nframe_09343
nframe_09349,data/images/nframe_09349.npy,TRAIN,TRAIN,no,1,v40c_05369,orig_singleton_nframe_09349
nframe_09350,data/images/nframe_09350.npy,TRAIN,TRAIN,no,1,v40c_05370,orig_rule_05540
nframe_09351,data/images/nframe_09351.npy,TRAIN,TRAIN,no,1,v40c_05370,orig_rule_05540
nframe_09352,data/images/nframe_09352.npy,TRAIN,TRAIN,no,1,v40c_05370,orig_rule_05540
nframe_09353,data/images/nframe_09353.npy,TRAIN,TRAIN,no,1,v40c_05370,orig_rule_05540
nframe_09355,data/images/nframe_09355.npy,TRAIN,TRAIN,no,1,v40c_05370,orig_rule_05540
nframe_09356,data/images/nframe_09356.npy,TRAIN,TRAIN,no,1,v40c_05371,orig_singleton_nframe_09356
nframe_09357,data/images/nframe_09357.npy,TRAIN,TRAIN,no,1,v40c_05372,orig_singleton_nframe_09357
nframe_09358,data/images/nframe_09358.npy,TRAIN,TRAIN,no,1,v40c_05373,orig_singleton_nframe_09358
nframe_09359,data/images/nframe_09359.npy,TRAIN,TRAIN,no,1,v40c_05374,orig_rule_05544
nframe_09360,data/images/nframe_09360.npy,TRAIN,TRAIN,no,1,v40c_05374,orig_rule_05544
nframe_09361,data/images/nframe_09361.npy,VALIDATION,TRAIN,yes,1,v40c_05374,orig_rule_05545
nframe_09362,data/images/nframe_09362.npy,VALIDATION,TRAIN,yes,1,v40c_05374,orig_rule_05545
nframe_09363,data/images/nframe_09363.npy,VALIDATION,TRAIN,yes,1,v40c_05374,orig_rule_05545
nframe_09364,data/images/nframe_09364.npy,TRAIN,TRAIN,no,1,v40c_05374,orig_rule_05546
nframe_09365,data/images/nframe_09365.npy,TRAIN,TRAIN,no,1,v40c_05374,orig_rule_05546
nframe_09366,data/images/nframe_09366.npy,TRAIN,TRAIN,no,1,v40c_05375,orig_rule_05547
nframe_09367,data/images/nframe_09367.npy,TRAIN,TRAIN,no,1,v40c_05375,orig_rule_05547
nframe_09368,data/images/nframe_09368.npy,TRAIN,TRAIN,no,1,v40c_05374,orig_rule_05546
nframe_09383,data/images/nframe_09383.npy,TRAIN,TRAIN,no,2,v40c_05376,orig_singleton_nframe_09383
nframe_09384,data/images/nframe_09384.npy,TRAIN,TRAIN,no,2,v40c_05377,orig_rule_05549
nframe_09385,data/images/nframe_09385.npy,TRAIN,TRAIN,no,3,v40c_05377,orig_rule_05549
nframe_09386,data/images/nframe_09386.npy,TRAIN,TRAIN,no,3,v40c_05378,orig_rule_05550
nframe_09387,data/images/nframe_09387.npy,TRAIN,TRAIN,no,3,v40c_05378,orig_rule_05550
nframe_09388,data/images/nframe_09388.npy,TRAIN,TRAIN,no,4,v40c_05378,orig_rule_05550
nframe_09389,data/images/nframe_09389.npy,TRAIN,TRAIN,no,3,v40c_05378,orig_rule_05550
nframe_09390,data/images/nframe_09390.npy,TRAIN,TRAIN,no,2,v40c_05378,orig_rule_05550
nframe_09391,data/images/nframe_09391.npy,TRAIN,TRAIN,no,2,v40c_05378,orig_rule_05550
nframe_09392,data/images/nframe_09392.npy,TRAIN,TRAIN,no,2,v40c_05378,orig_rule_05550
nframe_09393,data/images/nframe_09393.npy,TRAIN,TRAIN,no,2,v40c_05378,orig_rule_05550
nframe_09394,data/images/nframe_09394.npy,TRAIN,TRAIN,no,2,v40c_05378,orig_rule_05550
nframe_09395,data/images/nframe_09395.npy,TRAIN,TRAIN,no,2,v40c_05378,orig_rule_05550
nframe_09396,data/images/nframe_09396.npy,TRAIN,TRAIN,no,2,v40c_05379,orig_singleton_nframe_09396
nframe_09397,data/images/nframe_09397.npy,TRAIN,TRAIN,no,2,v40c_05380,orig_rule_05552
nframe_09398,data/images/nframe_09398.npy,TRAIN,TRAIN,no,2,v40c_05380,orig_rule_05552
nframe_09399,data/images/nframe_09399.npy,TRAIN,TRAIN,no,2,v40c_05381,orig_singleton_nframe_09399
nframe_09400,data/images/nframe_09400.npy,TRAIN,TRAIN,no,2,v40c_05382,orig_rule_05554
nframe_09401,data/images/nframe_09401.npy,TRAIN,TRAIN,no,2,v40c_05382,orig_rule_05554
nframe_09402,data/images/nframe_09402.npy,TRAIN,TRAIN,no,2,v40c_05383,orig_rule_05555
nframe_09403,data/images/nframe_09403.npy,TRAIN,TRAIN,no,2,v40c_05383,orig_rule_05555
nframe_09404,data/images/nframe_09404.npy,TRAIN,TRAIN,no,2,v40c_05383,orig_rule_05555
nframe_09405,data/images/nframe_09405.npy,TRAIN,TRAIN,no,2,v40c_05383,orig_rule_05555
nframe_09406,data/images/nframe_09406.npy,TRAIN,TRAIN,no,2,v40c_02883,orig_rule_02963
nframe_09407,data/images/nframe_09407.npy,TRAIN,TRAIN,no,2,v40c_02883,orig_rule_02963
nframe_09408,data/images/nframe_09408.npy,TRAIN,TRAIN,no,2,v40c_02883,orig_rule_02963
nframe_09409,data/images/nframe_09409.npy,TRAIN,TRAIN,no,3,v40c_05384,orig_singleton_nframe_09409
nframe_09410,data/images/nframe_09410.npy,TRAIN,TRAIN,no,2,v40c_02883,orig_rule_02963
nframe_09411,data/images/nframe_09411.npy,TRAIN,TRAIN,no,2,v40c_02883,orig_rule_02963
nframe_09412,data/images/nframe_09412.npy,TRAIN,TRAIN,no,2,v40c_05385,orig_rule_05557
nframe_09413,data/images/nframe_09413.npy,TRAIN,TRAIN,no,2,v40c_05385,orig_rule_05557
nframe_09414,data/images/nframe_09414.npy,TRAIN,TRAIN,no,1,v40c_05386,orig_rule_05558
nframe_09416,data/images/nframe_09416.npy,TRAIN,TRAIN,no,1,v40c_05386,orig_rule_05558
nframe_09417,data/images/nframe_09417.npy,TRAIN,TRAIN,no,1,v40c_05386,orig_rule_05558
nframe_09418,data/images/nframe_09418.npy,TRAIN,TRAIN,no,1,v40c_04014,orig_rule_04149
nframe_09419,data/images/nframe_09419.npy,TRAIN,TRAIN,no,1,v40c_04014,orig_rule_04149
nframe_09420,data/images/nframe_09420.npy,TRAIN,TRAIN,no,1,v40c_04014,orig_rule_04149
nframe_09421,data/images/nframe_09421.npy,TRAIN,TRAIN,no,1,v40c_04014,orig_rule_04149
nframe_09422,data/images/nframe_09422.npy,TRAIN,TRAIN,no,1,v40c_04014,orig_rule_04149
nframe_09423,data/images/nframe_09423.npy,TRAIN,TRAIN,no,1,v40c_05387,orig_singleton_nframe_09423
nframe_09424,data/images/nframe_09424.npy,TRAIN,TRAIN,no,1,v40c_05388,orig_singleton_nframe_09424
nframe_09425,data/images/nframe_09425.npy,TRAIN,TRAIN,no,1,v40c_05389,orig_singleton_nframe_09425
nframe_09426,data/images/nframe_09426.npy,TRAIN,TRAIN,no,1,v40c_05390,orig_singleton_nframe_09426
nframe_09427,data/images/nframe_09427.npy,TRAIN,TRAIN,no,1,v40c_05391,orig_singleton_nframe_09427
nframe_09428,data/images/nframe_09428.npy,TRAIN,TRAIN,no,1,v40c_05392,orig_singleton_nframe_09428
nframe_09429,data/images/nframe_09429.npy,TRAIN,TRAIN,no,2,v40c_05393,orig_singleton_nframe_09429
nframe_09430,data/images/nframe_09430.npy,TRAIN,TRAIN,no,2,v40c_05394,orig_singleton_nframe_09430
nframe_09431,data/images/nframe_09431.npy,TRAIN,TRAIN,no,2,v40c_05395,orig_singleton_nframe_09431
nframe_09432,data/images/nframe_09432.npy,TRAIN,TRAIN,no,1,v40c_05396,orig_singleton_nframe_09432
nframe_09433,data/images/nframe_09433.npy,VALIDATION,TRAIN,yes,1,v40c_05396,orig_singleton_nframe_09433
nframe_09434,data/images/nframe_09434.npy,VALIDATION,TRAIN,yes,1,v40c_05397,orig_singleton_nframe_09434
nframe_09435,data/images/nframe_09435.npy,TRAIN,TRAIN,no,1,v40c_05397,orig_singleton_nframe_09435
nframe_09436,data/images/nframe_09436.npy,TRAIN,TRAIN,no,1,v40c_05398,orig_singleton_nframe_09436
nframe_09437,data/images/nframe_09437.npy,TRAIN,TRAIN,no,1,v40c_05399,orig_singleton_nframe_09437
nframe_09438,data/images/nframe_09438.npy,TRAIN,TRAIN,no,1,v40c_05400,orig_rule_05574
nframe_09439,data/images/nframe_09439.npy,TRAIN,TRAIN,no,1,v40c_05400,orig_rule_05574
nframe_09440,data/images/nframe_09440.npy,TRAIN,TRAIN,no,1,v40c_05400,orig_rule_05574
nframe_09441,data/images/nframe_09441.npy,TRAIN,TRAIN,no,1,v40c_05400,orig_rule_05574
nframe_09442,data/images/nframe_09442.npy,TRAIN,TRAIN,no,1,v40c_05400,orig_rule_05574
nframe_09443,data/images/nframe_09443.npy,TRAIN,TRAIN,no,1,v40c_05401,orig_rule_05575
nframe_09444,data/images/nframe_09444.npy,TRAIN,TRAIN,no,1,v40c_05401,orig_rule_05575
nframe_09445,data/images/nframe_09445.npy,TRAIN,TRAIN,no,1,v40c_05401,orig_rule_05575
nframe_09447,data/images/nframe_09447.npy,TRAIN,TRAIN,no,1,v40c_05401,orig_rule_05575
nframe_09448,data/images/nframe_09448.npy,TRAIN,TRAIN,no,1,v40c_05402,orig_rule_05576
nframe_09449,data/images/nframe_09449.npy,TRAIN,TRAIN,no,1,v40c_05402,orig_rule_05576
nframe_09466,data/images/nframe_09466.npy,TRAIN,TRAIN,no,1,v40c_05403,orig_singleton_nframe_09466
nframe_09469,data/images/nframe_09469.npy,TRAIN,TRAIN,no,1,v40c_05404,orig_singleton_nframe_09469
nframe_09471,data/images/nframe_09471.npy,TRAIN,TRAIN,no,1,v40c_05405,orig_singleton_nframe_09471
nframe_09483,data/images/nframe_09483.npy,TRAIN,TRAIN,no,3,v40c_05199,orig_rule_05369
nframe_09484,data/images/nframe_09484.npy,TRAIN,TRAIN,no,3,v40c_05406,orig_rule_05580
nframe_09485,data/images/nframe_09485.npy,TRAIN,TRAIN,no,4,v40c_05406,orig_rule_05580
nframe_09486,data/images/nframe_09486.npy,TRAIN,TRAIN,no,3,v40c_05407,orig_singleton_nframe_09486
nframe_09487,data/images/nframe_09487.npy,TRAIN,TRAIN,no,3,v40c_05408,orig_singleton_nframe_09487
nframe_09488,data/images/nframe_09488.npy,TRAIN,TRAIN,no,1,v40c_05409,orig_singleton_nframe_09488
nframe_09489,data/images/nframe_09489.npy,TRAIN,TRAIN,no,1,v40c_05410,orig_singleton_nframe_09489
nframe_09490,data/images/nframe_09490.npy,TRAIN,TRAIN,no,1,v40c_05411,orig_singleton_nframe_09490
nframe_09542,data/images/nframe_09542.npy,TRAIN,TRAIN,no,1,v40c_05412,orig_singleton_nframe_09542
nframe_09546,data/images/nframe_09546.npy,TRAIN,TRAIN,no,1,v40c_05413,orig_singleton_nframe_09546
nframe_09549,data/images/nframe_09549.npy,TRAIN,TRAIN,no,1,v40c_05414,orig_singleton_nframe_09549
nframe_09552,data/images/nframe_09552.npy,TRAIN,TRAIN,no,1,v40c_05415,orig_singleton_nframe_09552
nframe_09559,data/images/nframe_09559.npy,TRAIN,TRAIN,no,1,v40c_05416,orig_singleton_nframe_09559
nframe_09563,data/images/nframe_09563.npy,TRAIN,TRAIN,no,1,v40c_04308,orig_rule_04447
nframe_09578,data/images/nframe_09578.npy,TRAIN,TRAIN,no,1,v40c_05417,orig_singleton_nframe_09578
nframe_09581,data/images/nframe_09581.npy,TRAIN,TRAIN,no,1,v40c_05418,orig_singleton_nframe_09581
nframe_09590,data/images/nframe_09590.npy,TRAIN,TRAIN,no,2,v40c_05419,orig_singleton_nframe_09590
nframe_09591,data/images/nframe_09591.npy,TRAIN,TRAIN,no,1,v40c_05420,orig_singleton_nframe_09591
nframe_09597,data/images/nframe_09597.npy,TRAIN,TRAIN,no,1,v40c_05421,orig_singleton_nframe_09597
nframe_09598,data/images/nframe_09598.npy,TRAIN,TRAIN,no,1,v40c_05422,orig_singleton_nframe_09598
nframe_09599,data/images/nframe_09599.npy,TRAIN,TRAIN,no,1,v40c_05423,orig_rule_05597
nframe_09600,data/images/nframe_09600.npy,TRAIN,TRAIN,no,1,v40c_05423,orig_rule_05597
nframe_09601,data/images/nframe_09601.npy,TRAIN,TRAIN,no,1,v40c_05423,orig_rule_05597
nframe_09602,data/images/nframe_09602.npy,TRAIN,TRAIN,no,1,v40c_05424,orig_singleton_nframe_09602
nframe_09603,data/images/nframe_09603.npy,TRAIN,TRAIN,no,1,v40c_05425,orig_singleton_nframe_09603
nframe_09604,data/images/nframe_09604.npy,TRAIN,TRAIN,no,1,v40c_05426,orig_singleton_nframe_09604
nframe_09608,data/images/nframe_09608.npy,TRAIN,TRAIN,no,1,v40c_05427,orig_singleton_nframe_09608
nframe_09609,data/images/nframe_09609.npy,TRAIN,TRAIN,no,1,v40c_05428,orig_rule_05602
nframe_09610,data/images/nframe_09610.npy,TRAIN,TRAIN,no,1,v40c_05428,orig_rule_05602
nframe_09611,data/images/nframe_09611.npy,TRAIN,TRAIN,no,1,v40c_05429,orig_singleton_nframe_09611
nframe_09612,data/images/nframe_09612.npy,TRAIN,TRAIN,no,1,v40c_05430,orig_singleton_nframe_09612
nframe_09613,data/images/nframe_09613.npy,TRAIN,TRAIN,no,1,v40c_05431,orig_rule_05605
nframe_09614,data/images/nframe_09614.npy,TRAIN,TRAIN,no,1,v40c_05431,orig_rule_05605
nframe_09615,data/images/nframe_09615.npy,TRAIN,TRAIN,no,1,v40c_05432,orig_singleton_nframe_09615
nframe_09616,data/images/nframe_09616.npy,TRAIN,TRAIN,no,1,v40c_05433,orig_singleton_nframe_09616
nframe_09617,data/images/nframe_09617.npy,TRAIN,TRAIN,no,1,v40c_05434,orig_singleton_nframe_09617
nframe_09619,data/images/nframe_09619.npy,TRAIN,TRAIN,no,1,v40c_05435,orig_singleton_nframe_09619
nframe_09620,data/images/nframe_09620.npy,TRAIN,TRAIN,no,1,v40c_05436,orig_rule_05610
nframe_09621,data/images/nframe_09621.npy,TRAIN,TRAIN,no,1,v40c_05436,orig_rule_05610
nframe_09622,data/images/nframe_09622.npy,TRAIN,TRAIN,no,1,v40c_05437,orig_rule_05611
nframe_09623,data/images/nframe_09623.npy,TRAIN,TRAIN,no,1,v40c_05437,orig_rule_05611
nframe_09624,data/images/nframe_09624.npy,TRAIN,TRAIN,no,1,v40c_05438,orig_singleton_nframe_09624
nframe_09625,data/images/nframe_09625.npy,TRAIN,TRAIN,no,1,v40c_05439,orig_singleton_nframe_09625
nframe_09626,data/images/nframe_09626.npy,TRAIN,TRAIN,no,1,v40c_05440,orig_singleton_nframe_09626
nframe_09627,data/images/nframe_09627.npy,TRAIN,TRAIN,no,1,v40c_05441,orig_singleton_nframe_09627
nframe_09628,data/images/nframe_09628.npy,TRAIN,TRAIN,no,1,v40c_05442,orig_singleton_nframe_09628
nframe_09630,data/images/nframe_09630.npy,TRAIN,TRAIN,no,1,v40c_05443,orig_singleton_nframe_09630
nframe_09631,data/images/nframe_09631.npy,TRAIN,TRAIN,no,2,v40c_05444,orig_singleton_nframe_09631
nframe_09632,data/images/nframe_09632.npy,TRAIN,TRAIN,no,2,v40c_05445,orig_singleton_nframe_09632
nframe_09633,data/images/nframe_09633.npy,TRAIN,TRAIN,no,2,v40c_05446,orig_rule_05620
nframe_09634,data/images/nframe_09634.npy,TRAIN,TRAIN,no,1,v40c_05446,orig_rule_05620
nframe_09635,data/images/nframe_09635.npy,TRAIN,TRAIN,no,1,v40c_05446,orig_rule_05620
nframe_09636,data/images/nframe_09636.npy,TRAIN,TRAIN,no,1,v40c_05447,orig_singleton_nframe_09636
nframe_09793,data/images/nframe_09793.npy,TRAIN,TRAIN,no,1,v40c_02883,orig_rule_02963
nframe_09794,data/images/nframe_09794.npy,TRAIN,TRAIN,no,1,v40c_02883,orig_rule_02963
nframe_09795,data/images/nframe_09795.npy,TRAIN,TRAIN,no,1,v40c_02883,orig_rule_02963
nframe_09796,data/images/nframe_09796.npy,TRAIN,TRAIN,no,1,v40c_02883,orig_rule_02963
nframe_09797,data/images/nframe_09797.npy,TRAIN,TRAIN,no,1,v40c_02883,orig_rule_02963
nframe_09798,data/images/nframe_09798.npy,TRAIN,TRAIN,no,1,v40c_02883,orig_rule_02963
nframe_09799,data/images/nframe_09799.npy,TRAIN,TRAIN,no,1,v40c_02883,orig_rule_02963
nframe_09800,data/images/nframe_09800.npy,TRAIN,TRAIN,no,1,v40c_02883,orig_rule_02963
nframe_09801,data/images/nframe_09801.npy,TRAIN,TRAIN,no,1,v40c_02883,orig_rule_02963
nframe_09802,data/images/nframe_09802.npy,TRAIN,TRAIN,no,1,v40c_02883,orig_rule_02963
nframe_09803,data/images/nframe_09803.npy,TRAIN,TRAIN,no,1,v40c_02883,orig_rule_02963
nframe_09804,data/images/nframe_09804.npy,TRAIN,TRAIN,no,1,v40c_02883,orig_rule_02963
nframe_09805,data/images/nframe_09805.npy,TRAIN,TRAIN,no,1,v40c_02883,orig_rule_02963
nframe_09806,data/images/nframe_09806.npy,TRAIN,TRAIN,no,1,v40c_02883,orig_rule_02963
nframe_09807,data/images/nframe_09807.npy,TRAIN,TRAIN,no,1,v40c_02883,orig_rule_02963
nframe_09815,data/images/nframe_09815.npy,TRAIN,TRAIN,no,1,v40c_02883,orig_rule_02963
nframe_09816,data/images/nframe_09816.npy,TRAIN,TRAIN,no,1,v40c_02883,orig_rule_02963
nframe_09817,data/images/nframe_09817.npy,TRAIN,TRAIN,no,1,v40c_02883,orig_rule_02963
nframe_09818,data/images/nframe_09818.npy,TRAIN,TRAIN,no,2,v40c_02883,orig_rule_02963
nframe_09819,data/images/nframe_09819.npy,TRAIN,TRAIN,no,2,v40c_02883,orig_rule_02963
nframe_09820,data/images/nframe_09820.npy,TRAIN,TRAIN,no,2,v40c_02883,orig_rule_02963
nframe_09821,data/images/nframe_09821.npy,TRAIN,TRAIN,no,2,v40c_02883,orig_rule_02963
nframe_09822,data/images/nframe_09822.npy,TRAIN,TRAIN,no,2,v40c_02883,orig_rule_02963
nframe_09823,data/images/nframe_09823.npy,TRAIN,TRAIN,no,2,v40c_02883,orig_rule_02963
nframe_09824,data/images/nframe_09824.npy,TRAIN,TRAIN,no,2,v40c_02883,orig_rule_02963
nframe_09825,data/images/nframe_09825.npy,TRAIN,TRAIN,no,2,v40c_02883,orig_rule_02963
nframe_09826,data/images/nframe_09826.npy,TRAIN,TRAIN,no,2,v40c_02883,orig_rule_02963
nframe_09827,data/images/nframe_09827.npy,TRAIN,TRAIN,no,2,v40c_02883,orig_rule_02963
nframe_09828,data/images/nframe_09828.npy,TRAIN,TRAIN,no,2,v40c_02883,orig_rule_02963
nframe_09829,data/images/nframe_09829.npy,TRAIN,TRAIN,no,2,v40c_02883,orig_rule_02963
nframe_09830,data/images/nframe_09830.npy,TRAIN,TRAIN,no,2,v40c_02883,orig_rule_02963
nframe_09831,data/images/nframe_09831.npy,TRAIN,TRAIN,no,2,v40c_05448,orig_singleton_nframe_09831
nframe_09832,data/images/nframe_09832.npy,TRAIN,TRAIN,no,2,v40c_05449,orig_rule_05623
nframe_09833,data/images/nframe_09833.npy,TRAIN,TRAIN,no,2,v40c_05449,orig_rule_05623
nframe_09834,data/images/nframe_09834.npy,TRAIN,TRAIN,no,2,v40c_05449,orig_rule_05623
nframe_09835,data/images/nframe_09835.npy,TRAIN,TRAIN,no,2,v40c_05450,orig_rule_05624
nframe_09836,data/images/nframe_09836.npy,TRAIN,TRAIN,no,2,v40c_05450,orig_rule_05624
nframe_09837,data/images/nframe_09837.npy,TRAIN,TRAIN,no,3,v40c_05451,orig_singleton_nframe_09837
nframe_09838,data/images/nframe_09838.npy,TRAIN,TRAIN,no,2,v40c_05452,orig_singleton_nframe_09838
nframe_09839,data/images/nframe_09839.npy,TRAIN,TRAIN,no,3,v40c_05453,orig_singleton_nframe_09839
nframe_09840,data/images/nframe_09840.npy,TRAIN,TRAIN,no,3,v40c_05454,orig_rule_05628
nframe_09841,data/images/nframe_09841.npy,TRAIN,TRAIN,no,3,v40c_05454,orig_rule_05628
nframe_09842,data/images/nframe_09842.npy,TRAIN,TRAIN,no,4,v40c_05455,orig_rule_05629
nframe_09843,data/images/nframe_09843.npy,TRAIN,TRAIN,no,4,v40c_05455,orig_rule_05629
nframe_09844,data/images/nframe_09844.npy,TRAIN,TRAIN,no,4,v40c_05455,orig_rule_05629
nframe_09845,data/images/nframe_09845.npy,TRAIN,TRAIN,no,4,v40c_05456,orig_rule_05630
nframe_09846,data/images/nframe_09846.npy,TRAIN,TRAIN,no,3,v40c_05456,orig_rule_05630
nframe_09847,data/images/nframe_09847.npy,TRAIN,TRAIN,no,3,v40c_05457,orig_rule_05631
nframe_09848,data/images/nframe_09848.npy,TRAIN,TRAIN,no,3,v40c_05457,orig_rule_05631
nframe_09849,data/images/nframe_09849.npy,TRAIN,TRAIN,no,3,v40c_05458,orig_rule_05632
nframe_09850,data/images/nframe_09850.npy,TRAIN,TRAIN,no,3,v40c_05458,orig_rule_05632
nframe_09851,data/images/nframe_09851.npy,TRAIN,TRAIN,no,4,v40c_05459,orig_singleton_nframe_09851
nframe_09852,data/images/nframe_09852.npy,TRAIN,TRAIN,no,3,v40c_05460,orig_singleton_nframe_09852
nframe_09853,data/images/nframe_09853.npy,TRAIN,TRAIN,no,3,v40c_05461,orig_rule_05635
nframe_09854,data/images/nframe_09854.npy,TRAIN,TRAIN,no,3,v40c_05461,orig_rule_05635
nframe_09855,data/images/nframe_09855.npy,TRAIN,TRAIN,no,3,v40c_05461,orig_rule_05635
nframe_09856,data/images/nframe_09856.npy,TRAIN,TRAIN,no,3,v40c_05462,orig_singleton_nframe_09856
nframe_09857,data/images/nframe_09857.npy,TRAIN,TRAIN,no,4,v40c_05463,orig_rule_05637
nframe_09858,data/images/nframe_09858.npy,TRAIN,TRAIN,no,3,v40c_05463,orig_rule_05637
nframe_09859,data/images/nframe_09859.npy,TRAIN,TRAIN,no,4,v40c_05463,orig_rule_05637
nframe_09860,data/images/nframe_09860.npy,TRAIN,TRAIN,no,4,v40c_05463,orig_rule_05637
nframe_09861,data/images/nframe_09861.npy,TRAIN,TRAIN,no,4,v40c_05463,orig_rule_05637
nframe_09862,data/images/nframe_09862.npy,TRAIN,TRAIN,no,4,v40c_05463,orig_rule_05637
nframe_09863,data/images/nframe_09863.npy,TRAIN,TRAIN,no,4,v40c_05464,orig_singleton_nframe_09863
nframe_09864,data/images/nframe_09864.npy,TRAIN,TRAIN,no,1,v40c_05465,orig_singleton_nframe_09864
nframe_09865,data/images/nframe_09865.npy,TRAIN,TRAIN,no,1,v40c_05466,orig_singleton_nframe_09865
nframe_09866,data/images/nframe_09866.npy,TRAIN,TRAIN,no,1,v40c_05467,orig_singleton_nframe_09866
nframe_09867,data/images/nframe_09867.npy,TRAIN,TRAIN,no,3,v40c_05468,orig_singleton_nframe_09867
nframe_09868,data/images/nframe_09868.npy,TRAIN,TRAIN,no,3,v40c_05469,orig_singleton_nframe_09868
nframe_09869,data/images/nframe_09869.npy,TRAIN,TRAIN,no,1,v40c_02883,orig_rule_02963
nframe_09870,data/images/nframe_09870.npy,TRAIN,TRAIN,no,1,v40c_04351,orig_rule_04502
nframe_09871,data/images/nframe_09871.npy,TRAIN,TRAIN,no,2,v40c_05470,orig_singleton_nframe_09871
nframe_09872,data/images/nframe_09872.npy,TRAIN,TRAIN,no,1,v40c_05471,orig_singleton_nframe_09872
nframe_09873,data/images/nframe_09873.npy,TRAIN,TRAIN,no,3,v40c_05472,orig_rule_05646
nframe_09874,data/images/nframe_09874.npy,TRAIN,TRAIN,no,3,v40c_05472,orig_rule_05646
nframe_09875,data/images/nframe_09875.npy,TRAIN,TRAIN,no,3,v40c_05473,orig_singleton_nframe_09875
nframe_09876,data/images/nframe_09876.npy,TRAIN,TRAIN,no,3,v40c_05474,orig_singleton_nframe_09876
nframe_09877,data/images/nframe_09877.npy,TRAIN,TRAIN,no,3,v40c_05475,orig_singleton_nframe_09877
nframe_09878,data/images/nframe_09878.npy,TRAIN,TRAIN,no,3,v40c_05476,orig_singleton_nframe_09878
nframe_09879,data/images/nframe_09879.npy,TRAIN,TRAIN,no,2,v40c_05477,orig_singleton_nframe_09879
nframe_09880,data/images/nframe_09880.npy,TRAIN,TRAIN,no,1,v40c_05478,orig_singleton_nframe_09880
nframe_09881,data/images/nframe_09881.npy,TRAIN,TRAIN,no,2,v40c_05479,orig_singleton_nframe_09881
nframe_09882,data/images/nframe_09882.npy,TRAIN,TRAIN,no,3,v40c_05480,orig_singleton_nframe_09882
nframe_09883,data/images/nframe_09883.npy,TRAIN,TRAIN,no,4,v40c_05481,orig_singleton_nframe_09883
nframe_09884,data/images/nframe_09884.npy,TRAIN,TRAIN,no,5,v40c_05482,orig_singleton_nframe_09884
nframe_09885,data/images/nframe_09885.npy,TRAIN,TRAIN,no,4,v40c_05483,orig_singleton_nframe_09885
nframe_09886,data/images/nframe_09886.npy,TRAIN,TRAIN,no,6,v40c_05484,orig_singleton_nframe_09886
nframe_09887,data/images/nframe_09887.npy,TRAIN,TRAIN,no,3,v40c_05485,orig_singleton_nframe_09887
nframe_09888,data/images/nframe_09888.npy,TRAIN,TRAIN,no,4,v40c_05486,orig_singleton_nframe_09888
nframe_09889,data/images/nframe_09889.npy,TRAIN,TRAIN,no,4,v40c_05487,orig_singleton_nframe_09889
nframe_09890,data/images/nframe_09890.npy,TRAIN,TRAIN,no,5,v40c_05488,orig_rule_05662
nframe_09891,data/images/nframe_09891.npy,TRAIN,TRAIN,no,4,v40c_05488,orig_rule_05662
nframe_09892,data/images/nframe_09892.npy,TRAIN,TRAIN,no,4,v40c_05489,orig_rule_05663
nframe_09893,data/images/nframe_09893.npy,TRAIN,TRAIN,no,4,v40c_05489,orig_rule_05663
nframe_09894,data/images/nframe_09894.npy,TRAIN,VALIDATION,yes,4,v40c_05490,orig_singleton_nframe_09894
nframe_09895,data/images/nframe_09895.npy,VALIDATION,VALIDATION,no,4,v40c_05490,orig_rule_05665
nframe_09896,data/images/nframe_09896.npy,VALIDATION,VALIDATION,no,3,v40c_05490,orig_rule_05665
nframe_09900,data/images/nframe_09900.npy,TRAIN,TRAIN,no,2,v40c_05491,orig_singleton_nframe_09900
nframe_09901,data/images/nframe_09901.npy,TRAIN,TRAIN,no,3,v40c_05492,orig_singleton_nframe_09901
nframe_09902,data/images/nframe_09902.npy,TRAIN,TRAIN,no,1,v40c_02455,orig_rule_02510
nframe_09920,data/images/nframe_09920.npy,VALIDATION,VALIDATION,no,3,v40c_05493,orig_rule_05668
nframe_09921,data/images/nframe_09921.npy,VALIDATION,VALIDATION,no,2,v40c_05493,orig_rule_05668
nframe_09922,data/images/nframe_09922.npy,VALIDATION,VALIDATION,no,2,v40c_05494,orig_singleton_nframe_09922
nframe_09923,data/images/nframe_09923.npy,VALIDATION,VALIDATION,no,1,v40c_05495,orig_singleton_nframe_09923
nframe_09924,data/images/nframe_09924.npy,VALIDATION,VALIDATION,no,2,v40c_05496,orig_singleton_nframe_09924
nframe_09925,data/images/nframe_09925.npy,VALIDATION,VALIDATION,no,2,v40c_05497,orig_rule_05672
nframe_09926,data/images/nframe_09926.npy,VALIDATION,VALIDATION,no,1,v40c_05497,orig_rule_05672
nframe_09927,data/images/nframe_09927.npy,VALIDATION,VALIDATION,no,1,v40c_05497,orig_rule_05672
nframe_09928,data/images/nframe_09928.npy,VALIDATION,VALIDATION,no,1,v40c_05497,orig_rule_05672
nframe_09929,data/images/nframe_09929.npy,VALIDATION,VALIDATION,no,1,v40c_05498,orig_singleton_nframe_09929
nframe_09930,data/images/nframe_09930.npy,VALIDATION,VALIDATION,no,1,v40c_05499,orig_rule_05674
nframe_09931,data/images/nframe_09931.npy,VALIDATION,VALIDATION,no,1,v40c_05499,orig_rule_05674
nframe_09932,data/images/nframe_09932.npy,VALIDATION,VALIDATION,no,1,v40c_05500,orig_rule_05675
nframe_09933,data/images/nframe_09933.npy,VALIDATION,VALIDATION,no,1,v40c_05500,orig_rule_05675
nframe_09934,data/images/nframe_09934.npy,VALIDATION,VALIDATION,no,1,v40c_05501,orig_rule_05676
nframe_09935,data/images/nframe_09935.npy,VALIDATION,VALIDATION,no,1,v40c_05501,orig_rule_05676
nframe_09936,data/images/nframe_09936.npy,VALIDATION,VALIDATION,no,1,v40c_05501,orig_rule_05676
nframe_09937,data/images/nframe_09937.npy,VALIDATION,VALIDATION,no,1,v40c_05501,orig_rule_05676
nframe_09938,data/images/nframe_09938.npy,VALIDATION,VALIDATION,no,1,v40c_05501,orig_rule_05676
nframe_09939,data/images/nframe_09939.npy,VALIDATION,VALIDATION,no,1,v40c_05502,orig_singleton_nframe_09939
nframe_09940,data/images/nframe_09940.npy,VALIDATION,VALIDATION,no,1,v40c_05503,orig_singleton_nframe_09940
nframe_09941,data/images/nframe_09941.npy,VALIDATION,VALIDATION,no,1,v40c_05504,orig_rule_05679
nframe_09942,data/images/nframe_09942.npy,VALIDATION,VALIDATION,no,1,v40c_05505,orig_singleton_nframe_09942
nframe_09943,data/images/nframe_09943.npy,VALIDATION,VALIDATION,no,1,v40c_05504,orig_rule_05679
nframe_09944,data/images/nframe_09944.npy,VALIDATION,VALIDATION,no,1,v40c_05506,orig_singleton_nframe_09944
nframe_09948,data/images/nframe_09948.npy,VALIDATION,VALIDATION,no,1,v40c_05507,orig_rule_05682
nframe_09949,data/images/nframe_09949.npy,VALIDATION,VALIDATION,no,1,v40c_05507,orig_rule_05682
nframe_09950,data/images/nframe_09950.npy,VALIDATION,VALIDATION,no,1,v40c_05508,orig_rule_05683
nframe_09951,data/images/nframe_09951.npy,VALIDATION,VALIDATION,no,1,v40c_05508,orig_rule_05683
nframe_09952,data/images/nframe_09952.npy,VALIDATION,VALIDATION,no,1,v40c_05508,orig_rule_05683
nframe_09953,data/images/nframe_09953.npy,VALIDATION,VALIDATION,no,1,v40c_05509,orig_singleton_nframe_09953
nframe_09954,data/images/nframe_09954.npy,VALIDATION,VALIDATION,no,1,v40c_05510,orig_singleton_nframe_09954
nframe_09956,data/images/nframe_09956.npy,VALIDATION,VALIDATION,no,1,v40c_05511,orig_singleton_nframe_09956
nframe_10765,data/images/nframe_10765.npy,TRAIN,TRAIN,no,1,v40c_05512,orig_singleton_nframe_10765
nframe_10979,data/images/nframe_10979.npy,TRAIN,TRAIN,no,1,v40c_05513,orig_singleton_nframe_10979
nframe_10994,data/images/nframe_10994.npy,TRAIN,TRAIN,no,1,v40c_05514,orig_singleton_nframe_10994
nframe_11134,data/images/nframe_11134.npy,TRAIN,TRAIN,no,1,v40c_05515,orig_singleton_nframe_11134
