START train/ra_static_equal_seed2 2026-07-13T01:31:37+08:00
COMMAND C:\Users\xinnan\.conda\envs\pytorch\python.exe E:\RepViT-main\rarepdet\train_early_fusion.py --model ra_static_equal --data D:\download\triair --train-split E:\RepViT-main\reproducibility\v40_expanded_adjacency_component_split_v2\manifests\v40_expanded_adjacency_component_disjoint_train.txt --val-split E:\RepViT-main\reproducibility\v40_expanded_adjacency_component_split_v2\manifests\v40_expanded_adjacency_component_disjoint_val.txt --epochs 50 --batch-size 4 --img-size 640 --device cuda --lr 1e-4 --num-workers 0 --modality-dropout 0.00 --seed 2 --out E:\RepViT-main\runs\v48_complete_ablation\training\ra_static_equal_seed2
Using device: cuda
requested_seed: 2
deterministic_algorithms: warn_only
cudnn_deterministic: True
cudnn_benchmark: False
=== TriAirDataset Summary ===
data_root: D:\download\triair
image_dir: D:\download\triair\data\images
label_dir: D:\download\triair\data\labels
split_file: E:\RepViT-main\reproducibility\v40_expanded_adjacency_component_split_v2\manifests\v40_expanded_adjacency_component_disjoint_train.txt
mode: rgbte
channels: (0, 1, 2, 3, 4)
total images: 7439
images with label txt: 7011
images without label txt: 428
empty label txt files: 1
total boxes: 22480
class distribution:
  class 0: 22480
=== TriAirDataset Summary ===
data_root: D:\download\triair
image_dir: D:\download\triair\data\images
label_dir: D:\download\triair\data\labels
split_file: E:\RepViT-main\reproducibility\v40_expanded_adjacency_component_split_v2\manifests\v40_expanded_adjacency_component_disjoint_val.txt
mode: rgbte
channels: (0, 1, 2, 3, 4)
total images: 2213
images with label txt: 1971
images without label txt: 242
empty label txt files: 0
total boxes: 5867
class distribution:
  class 0: 5867
train samples: 7439
val samples: 2213
params: 6592458
gflops: skipped (no project-compatible detector GFLOPs helper wired yet)
total train iterations per epoch: 1860
epoch 1/50 iter 1/1860 loss=2.9243 mean_loss=2.9243 classification=1.2235, bbox_regression=0.9993, bbox_ctrness=0.7015
epoch 1/50 iter 20/1860 loss=2.3106 mean_loss=2.6865 classification=0.9438, bbox_regression=0.7347, bbox_ctrness=0.6321
epoch 1/50 iter 40/1860 loss=1.9105 mean_loss=2.4146 classification=0.7317, bbox_regression=0.5262, bbox_ctrness=0.6525
epoch 1/50 iter 60/1860 loss=2.0980 mean_loss=2.2574 classification=0.8141, bbox_regression=0.6145, bbox_ctrness=0.6694
epoch 1/50 iter 80/1860 loss=2.0277 mean_loss=2.1458 classification=0.8503, bbox_regression=0.5488, bbox_ctrness=0.6285
epoch 1/50 iter 100/1860 loss=1.6973 mean_loss=2.0550 classification=0.5347, bbox_regression=0.4905, bbox_ctrness=0.6721
epoch 1/50 iter 120/1860 loss=1.4672 mean_loss=1.9706 classification=0.4147, bbox_regression=0.3963, bbox_ctrness=0.6562
epoch 1/50 iter 140/1860 loss=1.5985 mean_loss=1.9070 classification=0.4586, bbox_regression=0.4690, bbox_ctrness=0.6708
epoch 1/50 iter 160/1860 loss=1.3168 mean_loss=1.8540 classification=0.3353, bbox_regression=0.3606, bbox_ctrness=0.6209
epoch 1/50 iter 180/1860 loss=1.5373 mean_loss=1.8160 classification=0.4470, bbox_regression=0.4397, bbox_ctrness=0.6506
epoch 1/50 iter 200/1860 loss=1.5079 mean_loss=1.7776 classification=0.4711, bbox_regression=0.4060, bbox_ctrness=0.6308
epoch 1/50 iter 220/1860 loss=1.3631 mean_loss=1.7426 classification=0.3444, bbox_regression=0.3836, bbox_ctrness=0.6352
epoch 1/50 iter 240/1860 loss=1.2723 mean_loss=1.7126 classification=0.3109, bbox_regression=0.3280, bbox_ctrness=0.6333
epoch 1/50 iter 260/1860 loss=1.3933 mean_loss=1.6863 classification=0.4173, bbox_regression=0.3447, bbox_ctrness=0.6313
epoch 1/50 iter 280/1860 loss=1.3499 mean_loss=1.6622 classification=0.3553, bbox_regression=0.3337, bbox_ctrness=0.6609
epoch 1/50 iter 300/1860 loss=1.3108 mean_loss=1.6391 classification=0.3403, bbox_regression=0.3351, bbox_ctrness=0.6354
epoch 1/50 iter 320/1860 loss=1.3168 mean_loss=1.6171 classification=0.3808, bbox_regression=0.3178, bbox_ctrness=0.6182
epoch 1/50 iter 340/1860 loss=1.3187 mean_loss=1.5997 classification=0.3510, bbox_regression=0.3595, bbox_ctrness=0.6082
epoch 1/50 iter 360/1860 loss=1.2705 mean_loss=1.5823 classification=0.2637, bbox_regression=0.3509, bbox_ctrness=0.6559
epoch 1/50 iter 380/1860 loss=1.3462 mean_loss=1.5659 classification=0.3105, bbox_regression=0.3830, bbox_ctrness=0.6527
epoch 1/50 iter 400/1860 loss=1.3284 mean_loss=1.5496 classification=0.3794, bbox_regression=0.3120, bbox_ctrness=0.6370
epoch 1/50 iter 420/1860 loss=1.2759 mean_loss=1.5366 classification=0.3227, bbox_regression=0.3310, bbox_ctrness=0.6222
epoch 1/50 iter 440/1860 loss=1.1731 mean_loss=1.5237 classification=0.2922, bbox_regression=0.2685, bbox_ctrness=0.6125
epoch 1/50 iter 460/1860 loss=1.4236 mean_loss=1.5122 classification=0.4321, bbox_regression=0.3676, bbox_ctrness=0.6239
epoch 1/50 iter 480/1860 loss=1.1797 mean_loss=1.5005 classification=0.2920, bbox_regression=0.2521, bbox_ctrness=0.6356
epoch 1/50 iter 500/1860 loss=1.1325 mean_loss=1.4890 classification=0.2482, bbox_regression=0.2512, bbox_ctrness=0.6332
epoch 1/50 iter 520/1860 loss=1.1449 mean_loss=1.4786 classification=0.2766, bbox_regression=0.2473, bbox_ctrness=0.6210
epoch 1/50 iter 540/1860 loss=1.1408 mean_loss=1.4702 classification=0.2608, bbox_regression=0.2555, bbox_ctrness=0.6245
epoch 1/50 iter 560/1860 loss=1.2090 mean_loss=1.4625 classification=0.2845, bbox_regression=0.3126, bbox_ctrness=0.6119
epoch 1/50 iter 580/1860 loss=1.1104 mean_loss=1.4538 classification=0.2505, bbox_regression=0.2445, bbox_ctrness=0.6154
epoch 1/50 iter 600/1860 loss=1.1701 mean_loss=1.4458 classification=0.3062, bbox_regression=0.2502, bbox_ctrness=0.6137
epoch 1/50 iter 620/1860 loss=1.0761 mean_loss=1.4367 classification=0.2410, bbox_regression=0.2111, bbox_ctrness=0.6240
epoch 1/50 iter 640/1860 loss=1.0637 mean_loss=1.4284 classification=0.2121, bbox_regression=0.2419, bbox_ctrness=0.6098
epoch 1/50 iter 660/1860 loss=1.1174 mean_loss=1.4207 classification=0.2388, bbox_regression=0.2738, bbox_ctrness=0.6048
epoch 1/50 iter 680/1860 loss=1.2250 mean_loss=1.4134 classification=0.2906, bbox_regression=0.3130, bbox_ctrness=0.6214
epoch 1/50 iter 700/1860 loss=1.0926 mean_loss=1.4062 classification=0.2146, bbox_regression=0.2446, bbox_ctrness=0.6334
epoch 1/50 iter 720/1860 loss=1.1696 mean_loss=1.3999 classification=0.2788, bbox_regression=0.2728, bbox_ctrness=0.6179
epoch 1/50 iter 740/1860 loss=1.2063 mean_loss=1.3935 classification=0.3021, bbox_regression=0.2756, bbox_ctrness=0.6287
epoch 1/50 iter 760/1860 loss=1.0890 mean_loss=1.3870 classification=0.2046, bbox_regression=0.2557, bbox_ctrness=0.6287
epoch 1/50 iter 780/1860 loss=1.2616 mean_loss=1.3806 classification=0.3610, bbox_regression=0.2811, bbox_ctrness=0.6194
epoch 1/50 iter 800/1860 loss=1.1586 mean_loss=1.3743 classification=0.2967, bbox_regression=0.2526, bbox_ctrness=0.6094
epoch 1/50 iter 820/1860 loss=1.0203 mean_loss=1.3690 classification=0.1796, bbox_regression=0.2146, bbox_ctrness=0.6261
epoch 1/50 iter 840/1860 loss=1.0362 mean_loss=1.3640 classification=0.2268, bbox_regression=0.2017, bbox_ctrness=0.6078
epoch 1/50 iter 860/1860 loss=1.1764 mean_loss=1.3596 classification=0.2796, bbox_regression=0.2705, bbox_ctrness=0.6263
epoch 1/50 iter 880/1860 loss=1.2212 mean_loss=1.3548 classification=0.3285, bbox_regression=0.2566, bbox_ctrness=0.6361
epoch 1/50 iter 900/1860 loss=1.1474 mean_loss=1.3509 classification=0.2533, bbox_regression=0.2809, bbox_ctrness=0.6133
epoch 1/50 iter 920/1860 loss=1.0902 mean_loss=1.3458 classification=0.2093, bbox_regression=0.2574, bbox_ctrness=0.6236
epoch 1/50 iter 940/1860 loss=1.2487 mean_loss=1.3408 classification=0.3208, bbox_regression=0.2988, bbox_ctrness=0.6291
epoch 1/50 iter 960/1860 loss=1.1376 mean_loss=1.3357 classification=0.2862, bbox_regression=0.2224, bbox_ctrness=0.6289
epoch 1/50 iter 980/1860 loss=1.0252 mean_loss=1.3315 classification=0.2006, bbox_regression=0.1882, bbox_ctrness=0.6364
epoch 1/50 iter 1000/1860 loss=1.0814 mean_loss=1.3272 classification=0.2307, bbox_regression=0.2318, bbox_ctrness=0.6189
epoch 1/50 iter 1020/1860 loss=1.1321 mean_loss=1.3233 classification=0.2536, bbox_regression=0.2544, bbox_ctrness=0.6241
epoch 1/50 iter 1040/1860 loss=1.2551 mean_loss=1.3194 classification=0.3319, bbox_regression=0.2905, bbox_ctrness=0.6326
epoch 1/50 iter 1060/1860 loss=1.0766 mean_loss=1.3151 classification=0.2647, bbox_regression=0.2094, bbox_ctrness=0.6025
epoch 1/50 iter 1080/1860 loss=1.1081 mean_loss=1.3119 classification=0.2244, bbox_regression=0.2631, bbox_ctrness=0.6207
epoch 1/50 iter 1100/1860 loss=1.0518 mean_loss=1.3083 classification=0.1955, bbox_regression=0.2337, bbox_ctrness=0.6226
epoch 1/50 iter 1120/1860 loss=1.1419 mean_loss=1.3053 classification=0.2594, bbox_regression=0.2579, bbox_ctrness=0.6246
epoch 1/50 iter 1140/1860 loss=0.9784 mean_loss=1.3011 classification=0.1871, bbox_regression=0.1880, bbox_ctrness=0.6033
epoch 1/50 iter 1160/1860 loss=1.0153 mean_loss=1.2974 classification=0.2072, bbox_regression=0.2084, bbox_ctrness=0.5997
epoch 1/50 iter 1180/1860 loss=1.2243 mean_loss=1.2940 classification=0.3033, bbox_regression=0.2915, bbox_ctrness=0.6295
epoch 1/50 iter 1200/1860 loss=1.0019 mean_loss=1.2901 classification=0.1600, bbox_regression=0.2250, bbox_ctrness=0.6169
epoch 1/50 iter 1220/1860 loss=1.0075 mean_loss=1.2867 classification=0.2135, bbox_regression=0.1914, bbox_ctrness=0.6025
epoch 1/50 iter 1240/1860 loss=1.1518 mean_loss=1.2834 classification=0.2615, bbox_regression=0.2609, bbox_ctrness=0.6295
epoch 1/50 iter 1260/1860 loss=1.1694 mean_loss=1.2800 classification=0.2473, bbox_regression=0.2922, bbox_ctrness=0.6299
epoch 1/50 iter 1280/1860 loss=0.9781 mean_loss=1.2763 classification=0.1722, bbox_regression=0.1958, bbox_ctrness=0.6100
epoch 1/50 iter 1300/1860 loss=1.0608 mean_loss=1.2735 classification=0.2364, bbox_regression=0.2199, bbox_ctrness=0.6045
epoch 1/50 iter 1320/1860 loss=0.9966 mean_loss=1.2703 classification=0.1777, bbox_regression=0.2000, bbox_ctrness=0.6189
epoch 1/50 iter 1340/1860 loss=0.9537 mean_loss=1.2677 classification=0.1669, bbox_regression=0.1661, bbox_ctrness=0.6208
epoch 1/50 iter 1360/1860 loss=1.2023 mean_loss=1.2649 classification=0.2850, bbox_regression=0.2790, bbox_ctrness=0.6383
epoch 1/50 iter 1380/1860 loss=1.0749 mean_loss=1.2618 classification=0.2382, bbox_regression=0.2181, bbox_ctrness=0.6186
epoch 1/50 iter 1400/1860 loss=0.9979 mean_loss=1.2587 classification=0.1961, bbox_regression=0.2004, bbox_ctrness=0.6015
epoch 1/50 iter 1420/1860 loss=1.4127 mean_loss=1.2561 classification=0.4657, bbox_regression=0.3255, bbox_ctrness=0.6215
epoch 1/50 iter 1440/1860 loss=0.9214 mean_loss=1.2542 classification=0.1641, bbox_regression=0.1398, bbox_ctrness=0.6175
epoch 1/50 iter 1460/1860 loss=1.0098 mean_loss=1.2511 classification=0.2539, bbox_regression=0.1571, bbox_ctrness=0.5987
epoch 1/50 iter 1480/1860 loss=1.1529 mean_loss=1.2481 classification=0.2718, bbox_regression=0.2660, bbox_ctrness=0.6151
epoch 1/50 iter 1500/1860 loss=0.9871 mean_loss=1.2455 classification=0.1864, bbox_regression=0.1916, bbox_ctrness=0.6091
epoch 1/50 iter 1520/1860 loss=1.1027 mean_loss=1.2429 classification=0.2646, bbox_regression=0.2283, bbox_ctrness=0.6099
epoch 1/50 iter 1540/1860 loss=1.0511 mean_loss=1.2401 classification=0.2207, bbox_regression=0.2204, bbox_ctrness=0.6100
epoch 1/50 iter 1560/1860 loss=0.9451 mean_loss=1.2376 classification=0.1397, bbox_regression=0.1875, bbox_ctrness=0.6179
epoch 1/50 iter 1580/1860 loss=1.0809 mean_loss=1.2350 classification=0.1944, bbox_regression=0.2525, bbox_ctrness=0.6340
epoch 1/50 iter 1600/1860 loss=0.9125 mean_loss=1.2322 classification=0.1504, bbox_regression=0.1527, bbox_ctrness=0.6094
epoch 1/50 iter 1620/1860 loss=0.8935 mean_loss=1.2296 classification=0.1352, bbox_regression=0.1484, bbox_ctrness=0.6098
epoch 1/50 iter 1640/1860 loss=0.9728 mean_loss=1.2270 classification=0.1773, bbox_regression=0.1819, bbox_ctrness=0.6136
epoch 1/50 iter 1660/1860 loss=0.9871 mean_loss=1.2251 classification=0.1589, bbox_regression=0.2066, bbox_ctrness=0.6216
epoch 1/50 iter 1680/1860 loss=0.9751 mean_loss=1.2226 classification=0.2034, bbox_regression=0.1609, bbox_ctrness=0.6109
epoch 1/50 iter 1700/1860 loss=1.0431 mean_loss=1.2202 classification=0.2097, bbox_regression=0.2216, bbox_ctrness=0.6119
epoch 1/50 iter 1720/1860 loss=1.1579 mean_loss=1.2179 classification=0.2978, bbox_regression=0.2200, bbox_ctrness=0.6401
epoch 1/50 iter 1740/1860 loss=1.0482 mean_loss=1.2157 classification=0.2494, bbox_regression=0.1750, bbox_ctrness=0.6238
epoch 1/50 iter 1760/1860 loss=0.9566 mean_loss=1.2134 classification=0.1667, bbox_regression=0.1869, bbox_ctrness=0.6030
epoch 1/50 iter 1780/1860 loss=1.0848 mean_loss=1.2111 classification=0.2244, bbox_regression=0.2362, bbox_ctrness=0.6242
epoch 1/50 iter 1800/1860 loss=1.0393 mean_loss=1.2090 classification=0.2299, bbox_regression=0.1949, bbox_ctrness=0.6145
epoch 1/50 iter 1820/1860 loss=0.9901 mean_loss=1.2067 classification=0.1914, bbox_regression=0.1756, bbox_ctrness=0.6231
epoch 1/50 iter 1840/1860 loss=1.0369 mean_loss=1.2044 classification=0.2219, bbox_regression=0.2115, bbox_ctrness=0.6035
epoch 1/50 iter 1860/1860 loss=0.9604 mean_loss=1.2025 classification=0.1599, bbox_regression=0.1836, bbox_ctrness=0.6169
epoch 1 validation Precision=0.0457 Recall=0.9872 AP50=0.8834 AP75=0.6031 eval_fps=10.52 epoch_time_sec=1024.1
saved checkpoint: E:\RepViT-main\runs\v48_complete_ablation\training\ra_static_equal_seed2\weights\last.pt
new best AP50=0.8834; saved checkpoint: E:\RepViT-main\runs\v48_complete_ablation\training\ra_static_equal_seed2\weights\best.pt
epoch 2/50 iter 1/1860 loss=0.8870 mean_loss=0.8870 classification=0.1165, bbox_regression=0.1483, bbox_ctrness=0.6221
epoch 2/50 iter 20/1860 loss=1.0216 mean_loss=0.9892 classification=0.2120, bbox_regression=0.1921, bbox_ctrness=0.6175
epoch 2/50 iter 40/1860 loss=0.9764 mean_loss=0.9859 classification=0.1840, bbox_regression=0.1832, bbox_ctrness=0.6092
epoch 2/50 iter 60/1860 loss=0.9891 mean_loss=0.9937 classification=0.1758, bbox_regression=0.1996, bbox_ctrness=0.6137
epoch 2/50 iter 80/1860 loss=0.8523 mean_loss=0.9811 classification=0.1220, bbox_regression=0.1250, bbox_ctrness=0.6052
epoch 2/50 iter 100/1860 loss=1.0016 mean_loss=0.9812 classification=0.1828, bbox_regression=0.1932, bbox_ctrness=0.6257
epoch 2/50 iter 120/1860 loss=0.9815 mean_loss=0.9790 classification=0.1697, bbox_regression=0.1955, bbox_ctrness=0.6163
epoch 2/50 iter 140/1860 loss=1.0178 mean_loss=0.9814 classification=0.1918, bbox_regression=0.2098, bbox_ctrness=0.6162
epoch 2/50 iter 160/1860 loss=1.0472 mean_loss=0.9807 classification=0.2189, bbox_regression=0.2101, bbox_ctrness=0.6181
epoch 2/50 iter 180/1860 loss=1.0258 mean_loss=0.9809 classification=0.1801, bbox_regression=0.2271, bbox_ctrness=0.6187
epoch 2/50 iter 200/1860 loss=1.0150 mean_loss=0.9809 classification=0.1977, bbox_regression=0.2040, bbox_ctrness=0.6133
epoch 2/50 iter 220/1860 loss=1.0050 mean_loss=0.9784 classification=0.1826, bbox_regression=0.2026, bbox_ctrness=0.6198
epoch 2/50 iter 240/1860 loss=0.9644 mean_loss=0.9802 classification=0.1852, bbox_regression=0.1671, bbox_ctrness=0.6121
epoch 2/50 iter 260/1860 loss=0.8467 mean_loss=0.9787 classification=0.0776, bbox_regression=0.1503, bbox_ctrness=0.6188
epoch 2/50 iter 280/1860 loss=0.9773 mean_loss=0.9786 classification=0.1575, bbox_regression=0.1927, bbox_ctrness=0.6270
epoch 2/50 iter 300/1860 loss=0.9409 mean_loss=0.9795 classification=0.1545, bbox_regression=0.1645, bbox_ctrness=0.6219
epoch 2/50 iter 320/1860 loss=0.8961 mean_loss=0.9779 classification=0.1208, bbox_regression=0.1721, bbox_ctrness=0.6032
epoch 2/50 iter 340/1860 loss=1.0519 mean_loss=0.9789 classification=0.2385, bbox_regression=0.1944, bbox_ctrness=0.6190
epoch 2/50 iter 360/1860 loss=0.8553 mean_loss=0.9793 classification=0.0978, bbox_regression=0.1336, bbox_ctrness=0.6240
epoch 2/50 iter 380/1860 loss=0.8881 mean_loss=0.9778 classification=0.1229, bbox_regression=0.1561, bbox_ctrness=0.6090
epoch 2/50 iter 400/1860 loss=0.9611 mean_loss=0.9769 classification=0.1688, bbox_regression=0.1744, bbox_ctrness=0.6180
epoch 2/50 iter 420/1860 loss=0.8592 mean_loss=0.9756 classification=0.1375, bbox_regression=0.1348, bbox_ctrness=0.5869
epoch 2/50 iter 440/1860 loss=0.8753 mean_loss=0.9743 classification=0.1499, bbox_regression=0.1240, bbox_ctrness=0.6014
epoch 2/50 iter 460/1860 loss=0.9241 mean_loss=0.9749 classification=0.1629, bbox_regression=0.1689, bbox_ctrness=0.5923
epoch 2/50 iter 480/1860 loss=1.0090 mean_loss=0.9737 classification=0.1991, bbox_regression=0.1880, bbox_ctrness=0.6219
epoch 2/50 iter 500/1860 loss=0.8904 mean_loss=0.9721 classification=0.1297, bbox_regression=0.1516, bbox_ctrness=0.6092
epoch 2/50 iter 520/1860 loss=0.9258 mean_loss=0.9699 classification=0.1538, bbox_regression=0.1783, bbox_ctrness=0.5937
epoch 2/50 iter 540/1860 loss=0.9971 mean_loss=0.9686 classification=0.2186, bbox_regression=0.1835, bbox_ctrness=0.5950
epoch 2/50 iter 560/1860 loss=0.9170 mean_loss=0.9679 classification=0.1090, bbox_regression=0.1793, bbox_ctrness=0.6287
epoch 2/50 iter 580/1860 loss=0.8910 mean_loss=0.9679 classification=0.1333, bbox_regression=0.1510, bbox_ctrness=0.6067
epoch 2/50 iter 600/1860 loss=0.9832 mean_loss=0.9672 classification=0.1773, bbox_regression=0.2004, bbox_ctrness=0.6056
epoch 2/50 iter 620/1860 loss=0.9563 mean_loss=0.9669 classification=0.1986, bbox_regression=0.1450, bbox_ctrness=0.6128
epoch 2/50 iter 640/1860 loss=1.0277 mean_loss=0.9661 classification=0.1999, bbox_regression=0.2040, bbox_ctrness=0.6238
epoch 2/50 iter 660/1860 loss=1.0519 mean_loss=0.9656 classification=0.2308, bbox_regression=0.1869, bbox_ctrness=0.6342
epoch 2/50 iter 680/1860 loss=0.8946 mean_loss=0.9649 classification=0.1492, bbox_regression=0.1420, bbox_ctrness=0.6033
epoch 2/50 iter 700/1860 loss=0.9954 mean_loss=0.9646 classification=0.2204, bbox_regression=0.1614, bbox_ctrness=0.6136
epoch 2/50 iter 720/1860 loss=0.9456 mean_loss=0.9646 classification=0.1866, bbox_regression=0.1471, bbox_ctrness=0.6119
epoch 2/50 iter 740/1860 loss=0.8515 mean_loss=0.9646 classification=0.1198, bbox_regression=0.1302, bbox_ctrness=0.6014
epoch 2/50 iter 760/1860 loss=0.9152 mean_loss=0.9637 classification=0.1291, bbox_regression=0.1808, bbox_ctrness=0.6054
epoch 2/50 iter 780/1860 loss=0.9885 mean_loss=0.9634 classification=0.1870, bbox_regression=0.1826, bbox_ctrness=0.6189
epoch 2/50 iter 800/1860 loss=0.9783 mean_loss=0.9630 classification=0.1654, bbox_regression=0.1965, bbox_ctrness=0.6165
epoch 2/50 iter 820/1860 loss=0.8835 mean_loss=0.9623 classification=0.1157, bbox_regression=0.1469, bbox_ctrness=0.6209
epoch 2/50 iter 840/1860 loss=1.1425 mean_loss=0.9626 classification=0.2904, bbox_regression=0.2386, bbox_ctrness=0.6136
epoch 2/50 iter 860/1860 loss=0.9855 mean_loss=0.9619 classification=0.2218, bbox_regression=0.1603, bbox_ctrness=0.6033
epoch 2/50 iter 880/1860 loss=0.9927 mean_loss=0.9616 classification=0.1936, bbox_regression=0.1773, bbox_ctrness=0.6218
epoch 2/50 iter 900/1860 loss=0.9663 mean_loss=0.9619 classification=0.1813, bbox_regression=0.1841, bbox_ctrness=0.6009
epoch 2/50 iter 920/1860 loss=0.9493 mean_loss=0.9610 classification=0.1565, bbox_regression=0.1698, bbox_ctrness=0.6230
epoch 2/50 iter 940/1860 loss=1.0155 mean_loss=0.9614 classification=0.1840, bbox_regression=0.2129, bbox_ctrness=0.6186
epoch 2/50 iter 960/1860 loss=0.9864 mean_loss=0.9607 classification=0.1801, bbox_regression=0.1812, bbox_ctrness=0.6251
epoch 2/50 iter 980/1860 loss=0.8924 mean_loss=0.9604 classification=0.1083, bbox_regression=0.1579, bbox_ctrness=0.6262
epoch 2/50 iter 1000/1860 loss=1.0253 mean_loss=0.9603 classification=0.1957, bbox_regression=0.2087, bbox_ctrness=0.6209
epoch 2/50 iter 1020/1860 loss=0.9810 mean_loss=0.9604 classification=0.1979, bbox_regression=0.1856, bbox_ctrness=0.5975
epoch 2/50 iter 1040/1860 loss=0.9268 mean_loss=0.9603 classification=0.1778, bbox_regression=0.1388, bbox_ctrness=0.6101
epoch 2/50 iter 1060/1860 loss=0.8440 mean_loss=0.9601 classification=0.1042, bbox_regression=0.1309, bbox_ctrness=0.6090
epoch 2/50 iter 1080/1860 loss=0.8714 mean_loss=0.9592 classification=0.1356, bbox_regression=0.1318, bbox_ctrness=0.6041
epoch 2/50 iter 1100/1860 loss=1.0379 mean_loss=0.9587 classification=0.2067, bbox_regression=0.2163, bbox_ctrness=0.6149
epoch 2/50 iter 1120/1860 loss=0.9390 mean_loss=0.9582 classification=0.1492, bbox_regression=0.1693, bbox_ctrness=0.6205
epoch 2/50 iter 1140/1860 loss=0.9836 mean_loss=0.9580 classification=0.1449, bbox_regression=0.1998, bbox_ctrness=0.6388
epoch 2/50 iter 1160/1860 loss=0.8663 mean_loss=0.9578 classification=0.1148, bbox_regression=0.1399, bbox_ctrness=0.6116
epoch 2/50 iter 1180/1860 loss=1.0845 mean_loss=0.9584 classification=0.2184, bbox_regression=0.2389, bbox_ctrness=0.6271
epoch 2/50 iter 1200/1860 loss=1.0075 mean_loss=0.9590 classification=0.2041, bbox_regression=0.1916, bbox_ctrness=0.6118
epoch 2/50 iter 1220/1860 loss=0.8917 mean_loss=0.9586 classification=0.1075, bbox_regression=0.1659, bbox_ctrness=0.6183
epoch 2/50 iter 1240/1860 loss=0.8540 mean_loss=0.9582 classification=0.0834, bbox_regression=0.1540, bbox_ctrness=0.6165
epoch 2/50 iter 1260/1860 loss=0.8418 mean_loss=0.9575 classification=0.1327, bbox_regression=0.1189, bbox_ctrness=0.5903
epoch 2/50 iter 1280/1860 loss=1.0087 mean_loss=0.9576 classification=0.1993, bbox_regression=0.1821, bbox_ctrness=0.6273
epoch 2/50 iter 1300/1860 loss=0.9532 mean_loss=0.9570 classification=0.1686, bbox_regression=0.1723, bbox_ctrness=0.6123
epoch 2/50 iter 1320/1860 loss=0.8590 mean_loss=0.9562 classification=0.1146, bbox_regression=0.1277, bbox_ctrness=0.6167
epoch 2/50 iter 1340/1860 loss=0.9687 mean_loss=0.9556 classification=0.1956, bbox_regression=0.1803, bbox_ctrness=0.5929
epoch 2/50 iter 1360/1860 loss=1.0174 mean_loss=0.9550 classification=0.2011, bbox_regression=0.1945, bbox_ctrness=0.6219
epoch 2/50 iter 1380/1860 loss=0.8822 mean_loss=0.9549 classification=0.1428, bbox_regression=0.1343, bbox_ctrness=0.6051
epoch 2/50 iter 1400/1860 loss=0.8136 mean_loss=0.9542 classification=0.0744, bbox_regression=0.1122, bbox_ctrness=0.6270
epoch 2/50 iter 1420/1860 loss=0.8049 mean_loss=0.9539 classification=0.1019, bbox_regression=0.0983, bbox_ctrness=0.6047
epoch 2/50 iter 1440/1860 loss=0.9145 mean_loss=0.9537 classification=0.1727, bbox_regression=0.1422, bbox_ctrness=0.5996
epoch 2/50 iter 1460/1860 loss=0.9390 mean_loss=0.9531 classification=0.2040, bbox_regression=0.1447, bbox_ctrness=0.5903
epoch 2/50 iter 1480/1860 loss=0.8421 mean_loss=0.9523 classification=0.1030, bbox_regression=0.1355, bbox_ctrness=0.6036
epoch 2/50 iter 1500/1860 loss=0.7874 mean_loss=0.9519 classification=0.0850, bbox_regression=0.1083, bbox_ctrness=0.5941
epoch 2/50 iter 1520/1860 loss=0.8458 mean_loss=0.9517 classification=0.1166, bbox_regression=0.1171, bbox_ctrness=0.6121
epoch 2/50 iter 1540/1860 loss=0.8638 mean_loss=0.9517 classification=0.1096, bbox_regression=0.1443, bbox_ctrness=0.6098
epoch 2/50 iter 1560/1860 loss=0.8979 mean_loss=0.9510 classification=0.1270, bbox_regression=0.1729, bbox_ctrness=0.5980
epoch 2/50 iter 1580/1860 loss=0.9395 mean_loss=0.9507 classification=0.1631, bbox_regression=0.1697, bbox_ctrness=0.6067
epoch 2/50 iter 1600/1860 loss=0.7964 mean_loss=0.9501 classification=0.0884, bbox_regression=0.1130, bbox_ctrness=0.5950
epoch 2/50 iter 1620/1860 loss=0.9780 mean_loss=0.9499 classification=0.2012, bbox_regression=0.1660, bbox_ctrness=0.6108
epoch 2/50 iter 1640/1860 loss=0.8171 mean_loss=0.9495 classification=0.0871, bbox_regression=0.1252, bbox_ctrness=0.6049
epoch 2/50 iter 1660/1860 loss=0.8919 mean_loss=0.9492 classification=0.1263, bbox_regression=0.1584, bbox_ctrness=0.6072
epoch 2/50 iter 1680/1860 loss=0.9250 mean_loss=0.9486 classification=0.1612, bbox_regression=0.1490, bbox_ctrness=0.6148
epoch 2/50 iter 1700/1860 loss=0.9239 mean_loss=0.9485 classification=0.1614, bbox_regression=0.1635, bbox_ctrness=0.5990
epoch 2/50 iter 1720/1860 loss=0.9236 mean_loss=0.9485 classification=0.1559, bbox_regression=0.1466, bbox_ctrness=0.6212
epoch 2/50 iter 1740/1860 loss=0.8653 mean_loss=0.9480 classification=0.1134, bbox_regression=0.1385, bbox_ctrness=0.6134
epoch 2/50 iter 1760/1860 loss=0.8928 mean_loss=0.9476 classification=0.1127, bbox_regression=0.1760, bbox_ctrness=0.6041
epoch 2/50 iter 1780/1860 loss=0.9840 mean_loss=0.9471 classification=0.1888, bbox_regression=0.1874, bbox_ctrness=0.6078
epoch 2/50 iter 1800/1860 loss=1.3313 mean_loss=0.9469 classification=0.4605, bbox_regression=0.2383, bbox_ctrness=0.6325
epoch 2/50 iter 1820/1860 loss=0.8784 mean_loss=0.9465 classification=0.1231, bbox_regression=0.1382, bbox_ctrness=0.6171
epoch 2/50 iter 1840/1860 loss=0.8675 mean_loss=0.9460 classification=0.1323, bbox_regression=0.1285, bbox_ctrness=0.6067
epoch 2/50 iter 1860/1860 loss=0.9256 mean_loss=0.9454 classification=0.2042, bbox_regression=0.1316, bbox_ctrness=0.5898
epoch 2 validation Precision=0.1285 Recall=0.9845 AP50=0.9224 AP75=0.7390 eval_fps=16.70 epoch_time_sec=939.0
saved checkpoint: E:\RepViT-main\runs\v48_complete_ablation\training\ra_static_equal_seed2\weights\last.pt
new best AP50=0.9224; saved checkpoint: E:\RepViT-main\runs\v48_complete_ablation\training\ra_static_equal_seed2\weights\best.pt
epoch 3/50 iter 1/1860 loss=0.8452 mean_loss=0.8452 classification=0.1021, bbox_regression=0.1486, bbox_ctrness=0.5945
epoch 3/50 iter 20/1860 loss=0.9933 mean_loss=0.8952 classification=0.1971, bbox_regression=0.2019, bbox_ctrness=0.5943
epoch 3/50 iter 40/1860 loss=0.7949 mean_loss=0.8834 classification=0.0676, bbox_regression=0.1199, bbox_ctrness=0.6073
epoch 3/50 iter 60/1860 loss=0.9900 mean_loss=0.8852 classification=0.1845, bbox_regression=0.1941, bbox_ctrness=0.6114
epoch 3/50 iter 80/1860 loss=1.0330 mean_loss=0.8905 classification=0.2169, bbox_regression=0.1995, bbox_ctrness=0.6165
epoch 3/50 iter 100/1860 loss=0.9303 mean_loss=0.8890 classification=0.1358, bbox_regression=0.1884, bbox_ctrness=0.6061
epoch 3/50 iter 120/1860 loss=0.8932 mean_loss=0.8888 classification=0.1357, bbox_regression=0.1524, bbox_ctrness=0.6051
epoch 3/50 iter 140/1860 loss=0.8226 mean_loss=0.8901 classification=0.0860, bbox_regression=0.1268, bbox_ctrness=0.6098
epoch 3/50 iter 160/1860 loss=0.8461 mean_loss=0.8881 classification=0.1030, bbox_regression=0.1272, bbox_ctrness=0.6159
epoch 3/50 iter 180/1860 loss=0.8455 mean_loss=0.8876 classification=0.0895, bbox_regression=0.1356, bbox_ctrness=0.6204
epoch 3/50 iter 200/1860 loss=0.8194 mean_loss=0.8869 classification=0.1070, bbox_regression=0.0992, bbox_ctrness=0.6132
epoch 3/50 iter 220/1860 loss=0.8116 mean_loss=0.8843 classification=0.0861, bbox_regression=0.1196, bbox_ctrness=0.6059
epoch 3/50 iter 240/1860 loss=0.8739 mean_loss=0.8862 classification=0.1119, bbox_regression=0.1300, bbox_ctrness=0.6319
epoch 3/50 iter 260/1860 loss=0.9057 mean_loss=0.8874 classification=0.1464, bbox_regression=0.1454, bbox_ctrness=0.6138
epoch 3/50 iter 280/1860 loss=0.9502 mean_loss=0.8861 classification=0.1691, bbox_regression=0.1638, bbox_ctrness=0.6174
epoch 3/50 iter 300/1860 loss=0.8780 mean_loss=0.8872 classification=0.1126, bbox_regression=0.1626, bbox_ctrness=0.6028
epoch 3/50 iter 320/1860 loss=0.8074 mean_loss=0.8867 classification=0.0866, bbox_regression=0.1172, bbox_ctrness=0.6036
epoch 3/50 iter 340/1860 loss=0.9282 mean_loss=0.8864 classification=0.1591, bbox_regression=0.1635, bbox_ctrness=0.6056
epoch 3/50 iter 360/1860 loss=0.9263 mean_loss=0.8867 classification=0.1728, bbox_regression=0.1526, bbox_ctrness=0.6010
epoch 3/50 iter 380/1860 loss=0.8403 mean_loss=0.8845 classification=0.1316, bbox_regression=0.1026, bbox_ctrness=0.6061
epoch 3/50 iter 400/1860 loss=0.8381 mean_loss=0.8851 classification=0.1221, bbox_regression=0.1120, bbox_ctrness=0.6041
epoch 3/50 iter 420/1860 loss=0.9553 mean_loss=0.8850 classification=0.1938, bbox_regression=0.1537, bbox_ctrness=0.6078
epoch 3/50 iter 440/1860 loss=0.8408 mean_loss=0.8848 classification=0.0890, bbox_regression=0.1389, bbox_ctrness=0.6130
epoch 3/50 iter 460/1860 loss=0.8125 mean_loss=0.8849 classification=0.0847, bbox_regression=0.1324, bbox_ctrness=0.5954
epoch 3/50 iter 480/1860 loss=0.9657 mean_loss=0.8846 classification=0.2084, bbox_regression=0.1467, bbox_ctrness=0.6107
epoch 3/50 iter 500/1860 loss=0.8737 mean_loss=0.8851 classification=0.1175, bbox_regression=0.1485, bbox_ctrness=0.6077
epoch 3/50 iter 520/1860 loss=0.8505 mean_loss=0.8844 classification=0.1075, bbox_regression=0.1180, bbox_ctrness=0.6250
epoch 3/50 iter 540/1860 loss=0.9972 mean_loss=0.8877 classification=0.1814, bbox_regression=0.1853, bbox_ctrness=0.6306
epoch 3/50 iter 560/1860 loss=0.8811 mean_loss=0.8882 classification=0.1283, bbox_regression=0.1405, bbox_ctrness=0.6123
epoch 3/50 iter 580/1860 loss=0.8780 mean_loss=0.8884 classification=0.1305, bbox_regression=0.1399, bbox_ctrness=0.6075
epoch 3/50 iter 600/1860 loss=0.8961 mean_loss=0.8883 classification=0.1226, bbox_regression=0.1534, bbox_ctrness=0.6201
epoch 3/50 iter 620/1860 loss=0.8841 mean_loss=0.8878 classification=0.1589, bbox_regression=0.1342, bbox_ctrness=0.5910
epoch 3/50 iter 640/1860 loss=0.8212 mean_loss=0.8881 classification=0.0843, bbox_regression=0.1295, bbox_ctrness=0.6075
epoch 3/50 iter 660/1860 loss=0.8533 mean_loss=0.8877 classification=0.1279, bbox_regression=0.1201, bbox_ctrness=0.6053
epoch 3/50 iter 680/1860 loss=0.8704 mean_loss=0.8877 classification=0.1289, bbox_regression=0.1326, bbox_ctrness=0.6089
epoch 3/50 iter 700/1860 loss=0.7674 mean_loss=0.8864 classification=0.0740, bbox_regression=0.1030, bbox_ctrness=0.5904
epoch 3/50 iter 720/1860 loss=0.8857 mean_loss=0.8858 classification=0.1336, bbox_regression=0.1490, bbox_ctrness=0.6031
epoch 3/50 iter 740/1860 loss=0.8774 mean_loss=0.8859 classification=0.1295, bbox_regression=0.1476, bbox_ctrness=0.6003
epoch 3/50 iter 760/1860 loss=0.9042 mean_loss=0.8857 classification=0.1279, bbox_regression=0.1596, bbox_ctrness=0.6167
epoch 3/50 iter 780/1860 loss=0.8012 mean_loss=0.8857 classification=0.0891, bbox_regression=0.1094, bbox_ctrness=0.6027
epoch 3/50 iter 800/1860 loss=1.0959 mean_loss=0.8856 classification=0.2625, bbox_regression=0.2181, bbox_ctrness=0.6153
epoch 3/50 iter 820/1860 loss=0.8239 mean_loss=0.8850 classification=0.1203, bbox_regression=0.0905, bbox_ctrness=0.6131
epoch 3/50 iter 840/1860 loss=0.8891 mean_loss=0.8847 classification=0.1187, bbox_regression=0.1697, bbox_ctrness=0.6007
epoch 3/50 iter 860/1860 loss=0.7766 mean_loss=0.8843 classification=0.0575, bbox_regression=0.1155, bbox_ctrness=0.6035
epoch 3/50 iter 880/1860 loss=0.7971 mean_loss=0.8836 classification=0.0683, bbox_regression=0.1136, bbox_ctrness=0.6152
epoch 3/50 iter 900/1860 loss=0.7919 mean_loss=0.8833 classification=0.0715, bbox_regression=0.0901, bbox_ctrness=0.6303
epoch 3/50 iter 920/1860 loss=1.0040 mean_loss=0.8835 classification=0.2222, bbox_regression=0.1623, bbox_ctrness=0.6195
epoch 3/50 iter 940/1860 loss=0.7979 mean_loss=0.8831 classification=0.0836, bbox_regression=0.1137, bbox_ctrness=0.6006
epoch 3/50 iter 960/1860 loss=0.8136 mean_loss=0.8829 classification=0.1030, bbox_regression=0.1139, bbox_ctrness=0.5966
epoch 3/50 iter 980/1860 loss=0.9088 mean_loss=0.8825 classification=0.2304, bbox_regression=0.0895, bbox_ctrness=0.5889
epoch 3/50 iter 1000/1860 loss=0.9248 mean_loss=0.8824 classification=0.1659, bbox_regression=0.1528, bbox_ctrness=0.6061
epoch 3/50 iter 1020/1860 loss=0.8673 mean_loss=0.8824 classification=0.1222, bbox_regression=0.1234, bbox_ctrness=0.6217
epoch 3/50 iter 1040/1860 loss=0.8548 mean_loss=0.8829 classification=0.1349, bbox_regression=0.1249, bbox_ctrness=0.5949
epoch 3/50 iter 1060/1860 loss=0.8272 mean_loss=0.8825 classification=0.0933, bbox_regression=0.1219, bbox_ctrness=0.6120
epoch 3/50 iter 1080/1860 loss=0.8299 mean_loss=0.8825 classification=0.1204, bbox_regression=0.1183, bbox_ctrness=0.5913
epoch 3/50 iter 1100/1860 loss=0.9132 mean_loss=0.8822 classification=0.1453, bbox_regression=0.1580, bbox_ctrness=0.6099
epoch 3/50 iter 1120/1860 loss=0.8710 mean_loss=0.8826 classification=0.1434, bbox_regression=0.1336, bbox_ctrness=0.5940
epoch 3/50 iter 1140/1860 loss=0.9098 mean_loss=0.8826 classification=0.1606, bbox_regression=0.1566, bbox_ctrness=0.5926
epoch 3/50 iter 1160/1860 loss=0.8709 mean_loss=0.8824 classification=0.0963, bbox_regression=0.1491, bbox_ctrness=0.6255
epoch 3/50 iter 1180/1860 loss=0.9145 mean_loss=0.8826 classification=0.1583, bbox_regression=0.1459, bbox_ctrness=0.6103
epoch 3/50 iter 1200/1860 loss=0.8357 mean_loss=0.8824 classification=0.1209, bbox_regression=0.0932, bbox_ctrness=0.6217
epoch 3/50 iter 1220/1860 loss=0.7696 mean_loss=0.8819 classification=0.0770, bbox_regression=0.0928, bbox_ctrness=0.5998
epoch 3/50 iter 1240/1860 loss=0.8722 mean_loss=0.8815 classification=0.1310, bbox_regression=0.1339, bbox_ctrness=0.6073
epoch 3/50 iter 1260/1860 loss=0.9565 mean_loss=0.8814 classification=0.1573, bbox_regression=0.1867, bbox_ctrness=0.6125
epoch 3/50 iter 1280/1860 loss=0.8419 mean_loss=0.8815 classification=0.1011, bbox_regression=0.1261, bbox_ctrness=0.6147
epoch 3/50 iter 1300/1860 loss=0.8505 mean_loss=0.8816 classification=0.1045, bbox_regression=0.1352, bbox_ctrness=0.6107
epoch 3/50 iter 1320/1860 loss=0.8305 mean_loss=0.8813 classification=0.0928, bbox_regression=0.1352, bbox_ctrness=0.6025
epoch 3/50 iter 1340/1860 loss=0.7986 mean_loss=0.8812 classification=0.0830, bbox_regression=0.0997, bbox_ctrness=0.6160
epoch 3/50 iter 1360/1860 loss=0.8723 mean_loss=0.8811 classification=0.1308, bbox_regression=0.1320, bbox_ctrness=0.6094
epoch 3/50 iter 1380/1860 loss=0.8760 mean_loss=0.8808 classification=0.1179, bbox_regression=0.1429, bbox_ctrness=0.6152
epoch 3/50 iter 1400/1860 loss=0.8482 mean_loss=0.8809 classification=0.1201, bbox_regression=0.1383, bbox_ctrness=0.5898
epoch 3/50 iter 1420/1860 loss=0.8319 mean_loss=0.8808 classification=0.1109, bbox_regression=0.1253, bbox_ctrness=0.5956
epoch 3/50 iter 1440/1860 loss=0.7806 mean_loss=0.8803 classification=0.0833, bbox_regression=0.1009, bbox_ctrness=0.5964
epoch 3/50 iter 1460/1860 loss=0.8695 mean_loss=0.8800 classification=0.1501, bbox_regression=0.1276, bbox_ctrness=0.5918
epoch 3/50 iter 1480/1860 loss=0.8288 mean_loss=0.8799 classification=0.0880, bbox_regression=0.1330, bbox_ctrness=0.6078
epoch 3/50 iter 1500/1860 loss=1.5669 mean_loss=0.8805 classification=0.6535, bbox_regression=0.2833, bbox_ctrness=0.6300
epoch 3/50 iter 1520/1860 loss=0.8871 mean_loss=0.8806 classification=0.1431, bbox_regression=0.1339, bbox_ctrness=0.6101
epoch 3/50 iter 1540/1860 loss=0.9668 mean_loss=0.8804 classification=0.2166, bbox_regression=0.1465, bbox_ctrness=0.6037
epoch 3/50 iter 1560/1860 loss=0.9043 mean_loss=0.8805 classification=0.1409, bbox_regression=0.1619, bbox_ctrness=0.6015
epoch 3/50 iter 1580/1860 loss=0.8348 mean_loss=0.8804 classification=0.0903, bbox_regression=0.1351, bbox_ctrness=0.6094
epoch 3/50 iter 1600/1860 loss=0.8568 mean_loss=0.8804 classification=0.1211, bbox_regression=0.1439, bbox_ctrness=0.5918
epoch 3/50 iter 1620/1860 loss=0.7930 mean_loss=0.8801 classification=0.0675, bbox_regression=0.1125, bbox_ctrness=0.6129
epoch 3/50 iter 1640/1860 loss=0.8294 mean_loss=0.8798 classification=0.0927, bbox_regression=0.1207, bbox_ctrness=0.6160
epoch 3/50 iter 1660/1860 loss=0.8411 mean_loss=0.8797 classification=0.0918, bbox_regression=0.1304, bbox_ctrness=0.6189
epoch 3/50 iter 1680/1860 loss=0.9098 mean_loss=0.8798 classification=0.1385, bbox_regression=0.1568, bbox_ctrness=0.6145
epoch 3/50 iter 1700/1860 loss=0.8497 mean_loss=0.8796 classification=0.1144, bbox_regression=0.1301, bbox_ctrness=0.6051
epoch 3/50 iter 1720/1860 loss=0.7480 mean_loss=0.8791 classification=0.0539, bbox_regression=0.0915, bbox_ctrness=0.6026
epoch 3/50 iter 1740/1860 loss=0.7822 mean_loss=0.8784 classification=0.0794, bbox_regression=0.0961, bbox_ctrness=0.6068
epoch 3/50 iter 1760/1860 loss=0.8090 mean_loss=0.8785 classification=0.1127, bbox_regression=0.0992, bbox_ctrness=0.5971
epoch 3/50 iter 1780/1860 loss=0.7475 mean_loss=0.8779 classification=0.0727, bbox_regression=0.0839, bbox_ctrness=0.5908
epoch 3/50 iter 1800/1860 loss=0.9439 mean_loss=0.8779 classification=0.1636, bbox_regression=0.1693, bbox_ctrness=0.6111
epoch 3/50 iter 1820/1860 loss=0.7717 mean_loss=0.8781 classification=0.0806, bbox_regression=0.0992, bbox_ctrness=0.5919
epoch 3/50 iter 1840/1860 loss=0.9171 mean_loss=0.8777 classification=0.1514, bbox_regression=0.1510, bbox_ctrness=0.6147
epoch 3/50 iter 1860/1860 loss=0.7946 mean_loss=0.8774 classification=0.0716, bbox_regression=0.1190, bbox_ctrness=0.6040
epoch 3 validation Precision=0.1740 Recall=0.9778 AP50=0.9247 AP75=0.7494 eval_fps=18.44 epoch_time_sec=928.6
saved checkpoint: E:\RepViT-main\runs\v48_complete_ablation\training\ra_static_equal_seed2\weights\last.pt
new best AP50=0.9247; saved checkpoint: E:\RepViT-main\runs\v48_complete_ablation\training\ra_static_equal_seed2\weights\best.pt
epoch 4/50 iter 1/1860 loss=0.8015 mean_loss=0.8015 classification=0.0729, bbox_regression=0.1127, bbox_ctrness=0.6158
epoch 4/50 iter 20/1860 loss=0.8793 mean_loss=0.8516 classification=0.1164, bbox_regression=0.1602, bbox_ctrness=0.6027
epoch 4/50 iter 40/1860 loss=0.8086 mean_loss=0.8455 classification=0.0819, bbox_regression=0.1146, bbox_ctrness=0.6121
epoch 4/50 iter 60/1860 loss=0.8217 mean_loss=0.8443 classification=0.1023, bbox_regression=0.0999, bbox_ctrness=0.6195
epoch 4/50 iter 80/1860 loss=0.8932 mean_loss=0.8403 classification=0.1241, bbox_regression=0.1401, bbox_ctrness=0.6290
epoch 4/50 iter 100/1860 loss=0.8629 mean_loss=0.8346 classification=0.1087, bbox_regression=0.1307, bbox_ctrness=0.6234
epoch 4/50 iter 120/1860 loss=0.7839 mean_loss=0.8311 classification=0.0608, bbox_regression=0.1143, bbox_ctrness=0.6088
epoch 4/50 iter 140/1860 loss=0.8268 mean_loss=0.8285 classification=0.1168, bbox_regression=0.1193, bbox_ctrness=0.5907
epoch 4/50 iter 160/1860 loss=0.8700 mean_loss=0.8325 classification=0.1255, bbox_regression=0.1334, bbox_ctrness=0.6112
epoch 4/50 iter 180/1860 loss=0.7731 mean_loss=0.8314 classification=0.0552, bbox_regression=0.1225, bbox_ctrness=0.5955
epoch 4/50 iter 200/1860 loss=0.9234 mean_loss=0.8326 classification=0.1945, bbox_regression=0.1231, bbox_ctrness=0.6058
epoch 4/50 iter 220/1860 loss=0.8421 mean_loss=0.8326 classification=0.1047, bbox_regression=0.1426, bbox_ctrness=0.5947
epoch 4/50 iter 240/1860 loss=0.9752 mean_loss=0.8322 classification=0.2161, bbox_regression=0.1523, bbox_ctrness=0.6068
epoch 4/50 iter 260/1860 loss=0.8557 mean_loss=0.8324 classification=0.1323, bbox_regression=0.1228, bbox_ctrness=0.6006
epoch 4/50 iter 280/1860 loss=0.8345 mean_loss=0.8341 classification=0.0979, bbox_regression=0.1371, bbox_ctrness=0.5996
epoch 4/50 iter 300/1860 loss=0.8689 mean_loss=0.8353 classification=0.1164, bbox_regression=0.1345, bbox_ctrness=0.6180
epoch 4/50 iter 320/1860 loss=0.8341 mean_loss=0.8359 classification=0.0705, bbox_regression=0.1406, bbox_ctrness=0.6230
epoch 4/50 iter 340/1860 loss=0.8082 mean_loss=0.8353 classification=0.0821, bbox_regression=0.1144, bbox_ctrness=0.6116
epoch 4/50 iter 360/1860 loss=0.8635 mean_loss=0.8354 classification=0.1336, bbox_regression=0.1182, bbox_ctrness=0.6118
epoch 4/50 iter 380/1860 loss=0.8670 mean_loss=0.8366 classification=0.1025, bbox_regression=0.1416, bbox_ctrness=0.6229
epoch 4/50 iter 400/1860 loss=0.8601 mean_loss=0.8366 classification=0.1207, bbox_regression=0.1320, bbox_ctrness=0.6074
epoch 4/50 iter 420/1860 loss=0.8287 mean_loss=0.8372 classification=0.0911, bbox_regression=0.1338, bbox_ctrness=0.6038
epoch 4/50 iter 440/1860 loss=0.8137 mean_loss=0.8377 classification=0.0961, bbox_regression=0.0978, bbox_ctrness=0.6198
epoch 4/50 iter 460/1860 loss=0.8000 mean_loss=0.8376 classification=0.0939, bbox_regression=0.0987, bbox_ctrness=0.6074
epoch 4/50 iter 480/1860 loss=0.8085 mean_loss=0.8370 classification=0.0944, bbox_regression=0.1228, bbox_ctrness=0.5914
epoch 4/50 iter 500/1860 loss=0.9442 mean_loss=0.8376 classification=0.1710, bbox_regression=0.1611, bbox_ctrness=0.6121
epoch 4/50 iter 520/1860 loss=0.8062 mean_loss=0.8383 classification=0.0803, bbox_regression=0.1060, bbox_ctrness=0.6199
epoch 4/50 iter 540/1860 loss=0.8732 mean_loss=0.8378 classification=0.1453, bbox_regression=0.1247, bbox_ctrness=0.6032
epoch 4/50 iter 560/1860 loss=0.8997 mean_loss=0.8386 classification=0.1449, bbox_regression=0.1430, bbox_ctrness=0.6118
epoch 4/50 iter 580/1860 loss=0.8518 mean_loss=0.8388 classification=0.1144, bbox_regression=0.1275, bbox_ctrness=0.6099
epoch 4/50 iter 600/1860 loss=0.9525 mean_loss=0.8388 classification=0.1858, bbox_regression=0.1308, bbox_ctrness=0.6359
epoch 4/50 iter 620/1860 loss=0.8790 mean_loss=0.8384 classification=0.1288, bbox_regression=0.1375, bbox_ctrness=0.6127
epoch 4/50 iter 640/1860 loss=0.9120 mean_loss=0.8383 classification=0.1780, bbox_regression=0.1241, bbox_ctrness=0.6099
epoch 4/50 iter 660/1860 loss=0.8586 mean_loss=0.8377 classification=0.1136, bbox_regression=0.1408, bbox_ctrness=0.6042
epoch 4/50 iter 680/1860 loss=0.8419 mean_loss=0.8372 classification=0.1222, bbox_regression=0.1183, bbox_ctrness=0.6014
epoch 4/50 iter 700/1860 loss=0.7883 mean_loss=0.8373 classification=0.0642, bbox_regression=0.1176, bbox_ctrness=0.6066
epoch 4/50 iter 720/1860 loss=0.8291 mean_loss=0.8369 classification=0.1182, bbox_regression=0.1065, bbox_ctrness=0.6044
epoch 4/50 iter 740/1860 loss=0.8851 mean_loss=0.8372 classification=0.1597, bbox_regression=0.1272, bbox_ctrness=0.5983
epoch 4/50 iter 760/1860 loss=0.8176 mean_loss=0.8372 classification=0.0834, bbox_regression=0.1190, bbox_ctrness=0.6152
epoch 4/50 iter 780/1860 loss=0.9338 mean_loss=0.8373 classification=0.1916, bbox_regression=0.1385, bbox_ctrness=0.6037
epoch 4/50 iter 800/1860 loss=0.8551 mean_loss=0.8375 classification=0.1147, bbox_regression=0.1318, bbox_ctrness=0.6085
epoch 4/50 iter 820/1860 loss=0.7697 mean_loss=0.8380 classification=0.0786, bbox_regression=0.0838, bbox_ctrness=0.6073
epoch 4/50 iter 840/1860 loss=0.7777 mean_loss=0.8383 classification=0.0742, bbox_regression=0.0997, bbox_ctrness=0.6038
epoch 4/50 iter 860/1860 loss=0.9494 mean_loss=0.8384 classification=0.1588, bbox_regression=0.1758, bbox_ctrness=0.6148
epoch 4/50 iter 880/1860 loss=0.8352 mean_loss=0.8383 classification=0.0744, bbox_regression=0.1311, bbox_ctrness=0.6297
epoch 4/50 iter 900/1860 loss=0.7718 mean_loss=0.8384 classification=0.0721, bbox_regression=0.1135, bbox_ctrness=0.5863
epoch 4/50 iter 920/1860 loss=0.7977 mean_loss=0.8385 classification=0.0923, bbox_regression=0.1160, bbox_ctrness=0.5894
epoch 4/50 iter 940/1860 loss=0.9199 mean_loss=0.8385 classification=0.1273, bbox_regression=0.1867, bbox_ctrness=0.6059
epoch 4/50 iter 960/1860 loss=0.8632 mean_loss=0.8381 classification=0.1260, bbox_regression=0.1312, bbox_ctrness=0.6060
epoch 4/50 iter 980/1860 loss=0.8786 mean_loss=0.8382 classification=0.1414, bbox_regression=0.1392, bbox_ctrness=0.5980
epoch 4/50 iter 1000/1860 loss=0.8271 mean_loss=0.8381 classification=0.0665, bbox_regression=0.1322, bbox_ctrness=0.6284
epoch 4/50 iter 1020/1860 loss=0.8048 mean_loss=0.8378 classification=0.0766, bbox_regression=0.0977, bbox_ctrness=0.6304
epoch 4/50 iter 1040/1860 loss=0.7927 mean_loss=0.8374 classification=0.0689, bbox_regression=0.1158, bbox_ctrness=0.6080
epoch 4/50 iter 1060/1860 loss=0.8397 mean_loss=0.8375 classification=0.1255, bbox_regression=0.1203, bbox_ctrness=0.5939
epoch 4/50 iter 1080/1860 loss=0.7653 mean_loss=0.8369 classification=0.0663, bbox_regression=0.0949, bbox_ctrness=0.6041
epoch 4/50 iter 1100/1860 loss=0.8057 mean_loss=0.8364 classification=0.0899, bbox_regression=0.1118, bbox_ctrness=0.6040
epoch 4/50 iter 1120/1860 loss=0.8098 mean_loss=0.8365 classification=0.0846, bbox_regression=0.1197, bbox_ctrness=0.6055
epoch 4/50 iter 1140/1860 loss=1.0361 mean_loss=0.8365 classification=0.1680, bbox_regression=0.2308, bbox_ctrness=0.6372
epoch 4/50 iter 1160/1860 loss=0.7766 mean_loss=0.8364 classification=0.0708, bbox_regression=0.1127, bbox_ctrness=0.5931
epoch 4/50 iter 1180/1860 loss=0.8867 mean_loss=0.8365 classification=0.1337, bbox_regression=0.1342, bbox_ctrness=0.6188
epoch 4/50 iter 1200/1860 loss=0.9387 mean_loss=0.8366 classification=0.1899, bbox_regression=0.1375, bbox_ctrness=0.6113
epoch 4/50 iter 1220/1860 loss=0.7526 mean_loss=0.8363 classification=0.0594, bbox_regression=0.0952, bbox_ctrness=0.5980
epoch 4/50 iter 1240/1860 loss=0.8472 mean_loss=0.8364 classification=0.1174, bbox_regression=0.1203, bbox_ctrness=0.6095
epoch 4/50 iter 1260/1860 loss=0.9319 mean_loss=0.8364 classification=0.1513, bbox_regression=0.1559, bbox_ctrness=0.6246
epoch 4/50 iter 1280/1860 loss=0.7738 mean_loss=0.8358 classification=0.0562, bbox_regression=0.0990, bbox_ctrness=0.6186
epoch 4/50 iter 1300/1860 loss=0.8214 mean_loss=0.8359 classification=0.1265, bbox_regression=0.0981, bbox_ctrness=0.5968
epoch 4/50 iter 1320/1860 loss=0.7641 mean_loss=0.8354 classification=0.0625, bbox_regression=0.1083, bbox_ctrness=0.5933
epoch 4/50 iter 1340/1860 loss=0.8511 mean_loss=0.8355 classification=0.1138, bbox_regression=0.1314, bbox_ctrness=0.6059
epoch 4/50 iter 1360/1860 loss=0.8087 mean_loss=0.8355 classification=0.0959, bbox_regression=0.1122, bbox_ctrness=0.6006
epoch 4/50 iter 1380/1860 loss=0.8459 mean_loss=0.8360 classification=0.1163, bbox_regression=0.1377, bbox_ctrness=0.5919
epoch 4/50 iter 1400/1860 loss=0.8529 mean_loss=0.8360 classification=0.0974, bbox_regression=0.1372, bbox_ctrness=0.6183
epoch 4/50 iter 1420/1860 loss=0.7969 mean_loss=0.8358 classification=0.0977, bbox_regression=0.1008, bbox_ctrness=0.5984
epoch 4/50 iter 1440/1860 loss=0.9214 mean_loss=0.8358 classification=0.1557, bbox_regression=0.1619, bbox_ctrness=0.6039
epoch 4/50 iter 1460/1860 loss=0.8799 mean_loss=0.8362 classification=0.1336, bbox_regression=0.1241, bbox_ctrness=0.6221
epoch 4/50 iter 1480/1860 loss=0.7659 mean_loss=0.8359 classification=0.0686, bbox_regression=0.0981, bbox_ctrness=0.5992
epoch 4/50 iter 1500/1860 loss=0.8460 mean_loss=0.8356 classification=0.0882, bbox_regression=0.1387, bbox_ctrness=0.6192
epoch 4/50 iter 1520/1860 loss=0.7878 mean_loss=0.8353 classification=0.0659, bbox_regression=0.1144, bbox_ctrness=0.6075
epoch 4/50 iter 1540/1860 loss=0.8974 mean_loss=0.8352 classification=0.1350, bbox_regression=0.1657, bbox_ctrness=0.5967
epoch 4/50 iter 1560/1860 loss=0.8498 mean_loss=0.8352 classification=0.0972, bbox_regression=0.1295, bbox_ctrness=0.6230
epoch 4/50 iter 1580/1860 loss=0.9446 mean_loss=0.8350 classification=0.1746, bbox_regression=0.1666, bbox_ctrness=0.6034
epoch 4/50 iter 1600/1860 loss=0.7835 mean_loss=0.8345 classification=0.0813, bbox_regression=0.1120, bbox_ctrness=0.5901
epoch 4/50 iter 1620/1860 loss=0.8675 mean_loss=0.8345 classification=0.1495, bbox_regression=0.1222, bbox_ctrness=0.5958
epoch 4/50 iter 1640/1860 loss=0.8501 mean_loss=0.8342 classification=0.1113, bbox_regression=0.1280, bbox_ctrness=0.6109
epoch 4/50 iter 1660/1860 loss=0.7810 mean_loss=0.8341 classification=0.0750, bbox_regression=0.0942, bbox_ctrness=0.6118
epoch 4/50 iter 1680/1860 loss=0.7844 mean_loss=0.8341 classification=0.0740, bbox_regression=0.0974, bbox_ctrness=0.6131
epoch 4/50 iter 1700/1860 loss=0.8377 mean_loss=0.8341 classification=0.1165, bbox_regression=0.1128, bbox_ctrness=0.6085
epoch 4/50 iter 1720/1860 loss=0.8134 mean_loss=0.8340 classification=0.1022, bbox_regression=0.1191, bbox_ctrness=0.5921
epoch 4/50 iter 1740/1860 loss=0.7982 mean_loss=0.8337 classification=0.0928, bbox_regression=0.1065, bbox_ctrness=0.5990
epoch 4/50 iter 1760/1860 loss=0.8546 mean_loss=0.8337 classification=0.1244, bbox_regression=0.1278, bbox_ctrness=0.6025
epoch 4/50 iter 1780/1860 loss=0.7730 mean_loss=0.8337 classification=0.0822, bbox_regression=0.0884, bbox_ctrness=0.6024
epoch 4/50 iter 1800/1860 loss=0.9517 mean_loss=0.8336 classification=0.2047, bbox_regression=0.1373, bbox_ctrness=0.6097
epoch 4/50 iter 1820/1860 loss=0.8447 mean_loss=0.8335 classification=0.0875, bbox_regression=0.1360, bbox_ctrness=0.6211
epoch 4/50 iter 1840/1860 loss=0.8367 mean_loss=0.8334 classification=0.1075, bbox_regression=0.1206, bbox_ctrness=0.6086
epoch 4/50 iter 1860/1860 loss=0.7998 mean_loss=0.8332 classification=0.0872, bbox_regression=0.1185, bbox_ctrness=0.5941
epoch 4 validation Precision=0.2831 Recall=0.9744 AP50=0.9367 AP75=0.7942 eval_fps=14.86 epoch_time_sec=955.4
saved checkpoint: E:\RepViT-main\runs\v48_complete_ablation\training\ra_static_equal_seed2\weights\last.pt
new best AP50=0.9367; saved checkpoint: E:\RepViT-main\runs\v48_complete_ablation\training\ra_static_equal_seed2\weights\best.pt
epoch 5/50 iter 1/1860 loss=0.7554 mean_loss=0.7554 classification=0.0602, bbox_regression=0.0908, bbox_ctrness=0.6044
epoch 5/50 iter 20/1860 loss=0.7447 mean_loss=0.7899 classification=0.0598, bbox_regression=0.0858, bbox_ctrness=0.5991
epoch 5/50 iter 40/1860 loss=0.8099 mean_loss=0.7984 classification=0.0872, bbox_regression=0.1228, bbox_ctrness=0.5999
epoch 5/50 iter 60/1860 loss=0.7439 mean_loss=0.7970 classification=0.0634, bbox_regression=0.0932, bbox_ctrness=0.5873
epoch 5/50 iter 80/1860 loss=0.7970 mean_loss=0.7959 classification=0.0900, bbox_regression=0.1084, bbox_ctrness=0.5985
epoch 5/50 iter 100/1860 loss=0.7679 mean_loss=0.7963 classification=0.0819, bbox_regression=0.0976, bbox_ctrness=0.5884
epoch 5/50 iter 120/1860 loss=0.8614 mean_loss=0.7966 classification=0.1124, bbox_regression=0.1332, bbox_ctrness=0.6157
epoch 5/50 iter 140/1860 loss=0.7862 mean_loss=0.7993 classification=0.0719, bbox_regression=0.1191, bbox_ctrness=0.5952
epoch 5/50 iter 160/1860 loss=0.7559 mean_loss=0.8013 classification=0.0662, bbox_regression=0.0893, bbox_ctrness=0.6004
epoch 5/50 iter 180/1860 loss=0.8697 mean_loss=0.8002 classification=0.1372, bbox_regression=0.1251, bbox_ctrness=0.6074
epoch 5/50 iter 200/1860 loss=0.8082 mean_loss=0.8007 classification=0.0924, bbox_regression=0.1105, bbox_ctrness=0.6053
epoch 5/50 iter 220/1860 loss=0.7567 mean_loss=0.8005 classification=0.0360, bbox_regression=0.1075, bbox_ctrness=0.6132
epoch 5/50 iter 240/1860 loss=0.7683 mean_loss=0.8003 classification=0.0613, bbox_regression=0.1044, bbox_ctrness=0.6026
epoch 5/50 iter 260/1860 loss=0.8157 mean_loss=0.7999 classification=0.1126, bbox_regression=0.1008, bbox_ctrness=0.6023
epoch 5/50 iter 280/1860 loss=0.9076 mean_loss=0.8004 classification=0.1883, bbox_regression=0.1107, bbox_ctrness=0.6085
epoch 5/50 iter 300/1860 loss=0.7928 mean_loss=0.8013 classification=0.0725, bbox_regression=0.1201, bbox_ctrness=0.6003
epoch 5/50 iter 320/1860 loss=0.7577 mean_loss=0.8030 classification=0.0574, bbox_regression=0.1082, bbox_ctrness=0.5921
epoch 5/50 iter 340/1860 loss=0.7760 mean_loss=0.8030 classification=0.0775, bbox_regression=0.1157, bbox_ctrness=0.5829
epoch 5/50 iter 360/1860 loss=0.7401 mean_loss=0.8032 classification=0.0575, bbox_regression=0.0840, bbox_ctrness=0.5986
epoch 5/50 iter 380/1860 loss=0.8664 mean_loss=0.8032 classification=0.1161, bbox_regression=0.1352, bbox_ctrness=0.6150
epoch 5/50 iter 400/1860 loss=0.7228 mean_loss=0.8028 classification=0.0470, bbox_regression=0.0791, bbox_ctrness=0.5967
epoch 5/50 iter 420/1860 loss=0.8186 mean_loss=0.8029 classification=0.0791, bbox_regression=0.1292, bbox_ctrness=0.6103
epoch 5/50 iter 440/1860 loss=0.8021 mean_loss=0.8033 classification=0.0784, bbox_regression=0.1204, bbox_ctrness=0.6033
epoch 5/50 iter 460/1860 loss=0.7561 mean_loss=0.8030 classification=0.0504, bbox_regression=0.0947, bbox_ctrness=0.6110
epoch 5/50 iter 480/1860 loss=0.8073 mean_loss=0.8037 classification=0.0762, bbox_regression=0.1209, bbox_ctrness=0.6102
epoch 5/50 iter 500/1860 loss=0.7272 mean_loss=0.8044 classification=0.0334, bbox_regression=0.0851, bbox_ctrness=0.6088
epoch 5/50 iter 520/1860 loss=0.7963 mean_loss=0.8050 classification=0.0753, bbox_regression=0.1081, bbox_ctrness=0.6128
epoch 5/50 iter 540/1860 loss=0.8616 mean_loss=0.8050 classification=0.1588, bbox_regression=0.1188, bbox_ctrness=0.5841
epoch 5/50 iter 560/1860 loss=0.7797 mean_loss=0.8052 classification=0.0744, bbox_regression=0.1154, bbox_ctrness=0.5898
epoch 5/50 iter 580/1860 loss=0.7702 mean_loss=0.8049 classification=0.0591, bbox_regression=0.0997, bbox_ctrness=0.6114
epoch 5/50 iter 600/1860 loss=0.8605 mean_loss=0.8050 classification=0.1186, bbox_regression=0.1472, bbox_ctrness=0.5947
epoch 5/50 iter 620/1860 loss=0.9105 mean_loss=0.8053 classification=0.1453, bbox_regression=0.1553, bbox_ctrness=0.6100
epoch 5/50 iter 640/1860 loss=0.7522 mean_loss=0.8050 classification=0.0447, bbox_regression=0.0971, bbox_ctrness=0.6105
epoch 5/50 iter 660/1860 loss=0.8415 mean_loss=0.8049 classification=0.1156, bbox_regression=0.1358, bbox_ctrness=0.5901
epoch 5/50 iter 680/1860 loss=0.8009 mean_loss=0.8055 classification=0.0946, bbox_regression=0.0937, bbox_ctrness=0.6126
epoch 5/50 iter 700/1860 loss=0.8337 mean_loss=0.8061 classification=0.1170, bbox_regression=0.1079, bbox_ctrness=0.6089
epoch 5/50 iter 720/1860 loss=0.7488 mean_loss=0.8055 classification=0.0747, bbox_regression=0.0812, bbox_ctrness=0.5928
epoch 5/50 iter 740/1860 loss=0.8074 mean_loss=0.8054 classification=0.0920, bbox_regression=0.1060, bbox_ctrness=0.6095
epoch 5/50 iter 760/1860 loss=0.7597 mean_loss=0.8049 classification=0.0503, bbox_regression=0.1009, bbox_ctrness=0.6085
epoch 5/50 iter 780/1860 loss=0.9034 mean_loss=0.8051 classification=0.1214, bbox_regression=0.1611, bbox_ctrness=0.6209
epoch 5/50 iter 800/1860 loss=0.7847 mean_loss=0.8054 classification=0.0842, bbox_regression=0.1004, bbox_ctrness=0.6001
epoch 5/50 iter 820/1860 loss=0.7805 mean_loss=0.8055 classification=0.0671, bbox_regression=0.1023, bbox_ctrness=0.6111
epoch 5/50 iter 840/1860 loss=0.8305 mean_loss=0.8065 classification=0.1121, bbox_regression=0.1136, bbox_ctrness=0.6048
epoch 5/50 iter 860/1860 loss=0.8518 mean_loss=0.8063 classification=0.1408, bbox_regression=0.1102, bbox_ctrness=0.6008
epoch 5/50 iter 880/1860 loss=0.8655 mean_loss=0.8064 classification=0.1105, bbox_regression=0.1451, bbox_ctrness=0.6099
epoch 5/50 iter 900/1860 loss=0.7791 mean_loss=0.8066 classification=0.0462, bbox_regression=0.1135, bbox_ctrness=0.6193
epoch 5/50 iter 920/1860 loss=0.8011 mean_loss=0.8065 classification=0.0781, bbox_regression=0.1121, bbox_ctrness=0.6109
epoch 5/50 iter 940/1860 loss=0.7651 mean_loss=0.8062 classification=0.0396, bbox_regression=0.1073, bbox_ctrness=0.6182
epoch 5/50 iter 960/1860 loss=0.7901 mean_loss=0.8061 classification=0.0866, bbox_regression=0.1005, bbox_ctrness=0.6030
epoch 5/50 iter 980/1860 loss=0.7940 mean_loss=0.8061 classification=0.0932, bbox_regression=0.0915, bbox_ctrness=0.6093
epoch 5/50 iter 1000/1860 loss=0.7663 mean_loss=0.8061 classification=0.0497, bbox_regression=0.0889, bbox_ctrness=0.6277
epoch 5/50 iter 1020/1860 loss=0.7903 mean_loss=0.8064 classification=0.0544, bbox_regression=0.1242, bbox_ctrness=0.6118
epoch 5/50 iter 1040/1860 loss=0.8017 mean_loss=0.8068 classification=0.0606, bbox_regression=0.1218, bbox_ctrness=0.6192
epoch 5/50 iter 1060/1860 loss=0.8084 mean_loss=0.8071 classification=0.0904, bbox_regression=0.1247, bbox_ctrness=0.5933
epoch 5/50 iter 1080/1860 loss=0.7844 mean_loss=0.8067 classification=0.0731, bbox_regression=0.1010, bbox_ctrness=0.6103
epoch 5/50 iter 1100/1860 loss=0.7634 mean_loss=0.8065 classification=0.0613, bbox_regression=0.1005, bbox_ctrness=0.6016
epoch 5/50 iter 1120/1860 loss=0.8196 mean_loss=0.8064 classification=0.1132, bbox_regression=0.1128, bbox_ctrness=0.5936
epoch 5/50 iter 1140/1860 loss=0.9052 mean_loss=0.8060 classification=0.1638, bbox_regression=0.1333, bbox_ctrness=0.6081
epoch 5/50 iter 1160/1860 loss=0.7807 mean_loss=0.8061 classification=0.0844, bbox_regression=0.0926, bbox_ctrness=0.6037
epoch 5/50 iter 1180/1860 loss=0.9145 mean_loss=0.8061 classification=0.1123, bbox_regression=0.1950, bbox_ctrness=0.6071
epoch 5/50 iter 1200/1860 loss=0.8015 mean_loss=0.8064 classification=0.0843, bbox_regression=0.1216, bbox_ctrness=0.5955
epoch 5/50 iter 1220/1860 loss=0.8237 mean_loss=0.8067 classification=0.0911, bbox_regression=0.1295, bbox_ctrness=0.6031
epoch 5/50 iter 1240/1860 loss=0.7708 mean_loss=0.8064 classification=0.0932, bbox_regression=0.0833, bbox_ctrness=0.5943
epoch 5/50 iter 1260/1860 loss=0.7787 mean_loss=0.8066 classification=0.0701, bbox_regression=0.1024, bbox_ctrness=0.6061
epoch 5/50 iter 1280/1860 loss=0.7965 mean_loss=0.8064 classification=0.0830, bbox_regression=0.1155, bbox_ctrness=0.5980
epoch 5/50 iter 1300/1860 loss=0.7587 mean_loss=0.8063 classification=0.0537, bbox_regression=0.1033, bbox_ctrness=0.6017
epoch 5/50 iter 1320/1860 loss=0.8751 mean_loss=0.8063 classification=0.1451, bbox_regression=0.1391, bbox_ctrness=0.5909
epoch 5/50 iter 1340/1860 loss=0.8430 mean_loss=0.8066 classification=0.0989, bbox_regression=0.1308, bbox_ctrness=0.6132
epoch 5/50 iter 1360/1860 loss=0.7461 mean_loss=0.8065 classification=0.0459, bbox_regression=0.0872, bbox_ctrness=0.6131
epoch 5/50 iter 1380/1860 loss=0.8402 mean_loss=0.8066 classification=0.0852, bbox_regression=0.1400, bbox_ctrness=0.6150
epoch 5/50 iter 1400/1860 loss=0.8722 mean_loss=0.8064 classification=0.1041, bbox_regression=0.1684, bbox_ctrness=0.5997
epoch 5/50 iter 1420/1860 loss=0.8056 mean_loss=0.8062 classification=0.0811, bbox_regression=0.1244, bbox_ctrness=0.6001
epoch 5/50 iter 1440/1860 loss=0.9582 mean_loss=0.8060 classification=0.1527, bbox_regression=0.1755, bbox_ctrness=0.6300
epoch 5/50 iter 1460/1860 loss=0.7896 mean_loss=0.8063 classification=0.0791, bbox_regression=0.1098, bbox_ctrness=0.6007
epoch 5/50 iter 1480/1860 loss=0.7451 mean_loss=0.8064 classification=0.0582, bbox_regression=0.0950, bbox_ctrness=0.5919
epoch 5/50 iter 1500/1860 loss=0.8652 mean_loss=0.8062 classification=0.1321, bbox_regression=0.1340, bbox_ctrness=0.5991
epoch 5/50 iter 1520/1860 loss=0.7387 mean_loss=0.8063 classification=0.0487, bbox_regression=0.0861, bbox_ctrness=0.6038
epoch 5/50 iter 1540/1860 loss=0.7886 mean_loss=0.8061 classification=0.0871, bbox_regression=0.0954, bbox_ctrness=0.6062
epoch 5/50 iter 1560/1860 loss=0.7739 mean_loss=0.8059 classification=0.0422, bbox_regression=0.1142, bbox_ctrness=0.6175
epoch 5/50 iter 1580/1860 loss=0.8100 mean_loss=0.8059 classification=0.1107, bbox_regression=0.1018, bbox_ctrness=0.5975
epoch 5/50 iter 1600/1860 loss=0.8017 mean_loss=0.8057 classification=0.0745, bbox_regression=0.1139, bbox_ctrness=0.6132
epoch 5/50 iter 1620/1860 loss=0.8530 mean_loss=0.8058 classification=0.1137, bbox_regression=0.1292, bbox_ctrness=0.6101
epoch 5/50 iter 1640/1860 loss=0.8211 mean_loss=0.8059 classification=0.0889, bbox_regression=0.1242, bbox_ctrness=0.6080
epoch 5/50 iter 1660/1860 loss=0.7947 mean_loss=0.8059 classification=0.0751, bbox_regression=0.1056, bbox_ctrness=0.6139
epoch 5/50 iter 1680/1860 loss=0.7981 mean_loss=0.8058 classification=0.0536, bbox_regression=0.1233, bbox_ctrness=0.6212
epoch 5/50 iter 1700/1860 loss=0.7624 mean_loss=0.8059 classification=0.0593, bbox_regression=0.1008, bbox_ctrness=0.6023
epoch 5/50 iter 1720/1860 loss=0.8727 mean_loss=0.8060 classification=0.1312, bbox_regression=0.1530, bbox_ctrness=0.5886
epoch 5/50 iter 1740/1860 loss=0.7891 mean_loss=0.8060 classification=0.0673, bbox_regression=0.1199, bbox_ctrness=0.6018
epoch 5/50 iter 1760/1860 loss=0.8634 mean_loss=0.8061 classification=0.1589, bbox_regression=0.1030, bbox_ctrness=0.6015
epoch 5/50 iter 1780/1860 loss=0.7871 mean_loss=0.8062 classification=0.0833, bbox_regression=0.1082, bbox_ctrness=0.5957
epoch 5/50 iter 1800/1860 loss=0.7935 mean_loss=0.8063 classification=0.0839, bbox_regression=0.1106, bbox_ctrness=0.5990
epoch 5/50 iter 1820/1860 loss=0.7578 mean_loss=0.8061 classification=0.0639, bbox_regression=0.0833, bbox_ctrness=0.6107
epoch 5/50 iter 1840/1860 loss=0.7996 mean_loss=0.8061 classification=0.0947, bbox_regression=0.1039, bbox_ctrness=0.6009
epoch 5/50 iter 1860/1860 loss=0.8412 mean_loss=0.8061 classification=0.0899, bbox_regression=0.1110, bbox_ctrness=0.6403
epoch 5 validation Precision=0.2258 Recall=0.9780 AP50=0.9303 AP75=0.7924 eval_fps=17.88 epoch_time_sec=1079.6
saved checkpoint: E:\RepViT-main\runs\v48_complete_ablation\training\ra_static_equal_seed2\weights\last.pt
epoch 6/50 iter 1/1860 loss=0.8226 mean_loss=0.8226 classification=0.1005, bbox_regression=0.1090, bbox_ctrness=0.6132
epoch 6/50 iter 20/1860 loss=0.8137 mean_loss=0.8137 classification=0.1092, bbox_regression=0.1104, bbox_ctrness=0.5941
epoch 6/50 iter 40/1860 loss=0.8755 mean_loss=0.8014 classification=0.1360, bbox_regression=0.1376, bbox_ctrness=0.6019
epoch 6/50 iter 60/1860 loss=0.7928 mean_loss=0.7938 classification=0.0684, bbox_regression=0.1202, bbox_ctrness=0.6042
epoch 6/50 iter 80/1860 loss=0.7965 mean_loss=0.7954 classification=0.0814, bbox_regression=0.1074, bbox_ctrness=0.6076
epoch 6/50 iter 100/1860 loss=0.7312 mean_loss=0.7912 classification=0.0468, bbox_regression=0.0939, bbox_ctrness=0.5905
epoch 6/50 iter 120/1860 loss=0.8072 mean_loss=0.7871 classification=0.1072, bbox_regression=0.1142, bbox_ctrness=0.5857
epoch 6/50 iter 140/1860 loss=0.7895 mean_loss=0.7858 classification=0.0838, bbox_regression=0.1070, bbox_ctrness=0.5988
epoch 6/50 iter 160/1860 loss=0.8617 mean_loss=0.7864 classification=0.0969, bbox_regression=0.1454, bbox_ctrness=0.6194
epoch 6/50 iter 180/1860 loss=0.8024 mean_loss=0.7847 classification=0.0834, bbox_regression=0.1178, bbox_ctrness=0.6012
epoch 6/50 iter 200/1860 loss=0.8195 mean_loss=0.7833 classification=0.1114, bbox_regression=0.1044, bbox_ctrness=0.6038
epoch 6/50 iter 220/1860 loss=0.7779 mean_loss=0.7815 classification=0.0543, bbox_regression=0.1115, bbox_ctrness=0.6121
epoch 6/50 iter 240/1860 loss=0.7948 mean_loss=0.7807 classification=0.0894, bbox_regression=0.1050, bbox_ctrness=0.6004
epoch 6/50 iter 260/1860 loss=0.8080 mean_loss=0.7805 classification=0.1071, bbox_regression=0.1100, bbox_ctrness=0.5909
epoch 6/50 iter 280/1860 loss=0.7262 mean_loss=0.7795 classification=0.0453, bbox_regression=0.0875, bbox_ctrness=0.5935
epoch 6/50 iter 300/1860 loss=0.7937 mean_loss=0.7799 classification=0.0757, bbox_regression=0.1103, bbox_ctrness=0.6077
epoch 6/50 iter 320/1860 loss=0.7854 mean_loss=0.7806 classification=0.0843, bbox_regression=0.1047, bbox_ctrness=0.5964
epoch 6/50 iter 340/1860 loss=0.7730 mean_loss=0.7801 classification=0.0662, bbox_regression=0.1104, bbox_ctrness=0.5965
epoch 6/50 iter 360/1860 loss=0.8722 mean_loss=0.7799 classification=0.1053, bbox_regression=0.1632, bbox_ctrness=0.6037
epoch 6/50 iter 380/1860 loss=0.7565 mean_loss=0.7796 classification=0.0767, bbox_regression=0.0828, bbox_ctrness=0.5969
epoch 6/50 iter 400/1860 loss=0.8665 mean_loss=0.7791 classification=0.1434, bbox_regression=0.1208, bbox_ctrness=0.6023
epoch 6/50 iter 420/1860 loss=0.8237 mean_loss=0.7790 classification=0.1039, bbox_regression=0.1245, bbox_ctrness=0.5954
epoch 6/50 iter 440/1860 loss=0.7554 mean_loss=0.7790 classification=0.0683, bbox_regression=0.1049, bbox_ctrness=0.5822
epoch 6/50 iter 460/1860 loss=0.8252 mean_loss=0.7784 classification=0.1197, bbox_regression=0.0992, bbox_ctrness=0.6063
epoch 6/50 iter 480/1860 loss=0.7634 mean_loss=0.7781 classification=0.0475, bbox_regression=0.0992, bbox_ctrness=0.6167
epoch 6/50 iter 500/1860 loss=0.7709 mean_loss=0.7787 classification=0.0808, bbox_regression=0.0878, bbox_ctrness=0.6023
epoch 6/50 iter 520/1860 loss=0.8398 mean_loss=0.7794 classification=0.1222, bbox_regression=0.1058, bbox_ctrness=0.6118
epoch 6/50 iter 540/1860 loss=0.9538 mean_loss=0.7797 classification=0.1769, bbox_regression=0.1707, bbox_ctrness=0.6062
epoch 6/50 iter 560/1860 loss=0.7460 mean_loss=0.7796 classification=0.0573, bbox_regression=0.0969, bbox_ctrness=0.5918
epoch 6/50 iter 580/1860 loss=0.7925 mean_loss=0.7797 classification=0.0630, bbox_regression=0.1257, bbox_ctrness=0.6038
epoch 6/50 iter 600/1860 loss=0.7552 mean_loss=0.7796 classification=0.0834, bbox_regression=0.0848, bbox_ctrness=0.5870
epoch 6/50 iter 620/1860 loss=0.7207 mean_loss=0.7796 classification=0.0523, bbox_regression=0.0801, bbox_ctrness=0.5883
epoch 6/50 iter 640/1860 loss=0.7568 mean_loss=0.7790 classification=0.0608, bbox_regression=0.0866, bbox_ctrness=0.6094
epoch 6/50 iter 660/1860 loss=0.7679 mean_loss=0.7787 classification=0.0710, bbox_regression=0.0896, bbox_ctrness=0.6073
epoch 6/50 iter 680/1860 loss=0.7574 mean_loss=0.7787 classification=0.0596, bbox_regression=0.0887, bbox_ctrness=0.6091
epoch 6/50 iter 700/1860 loss=0.9228 mean_loss=0.7791 classification=0.1802, bbox_regression=0.1330, bbox_ctrness=0.6095
epoch 6/50 iter 720/1860 loss=0.8375 mean_loss=0.7793 classification=0.0921, bbox_regression=0.1276, bbox_ctrness=0.6179
epoch 6/50 iter 740/1860 loss=0.7739 mean_loss=0.7801 classification=0.0929, bbox_regression=0.0810, bbox_ctrness=0.6000
epoch 6/50 iter 760/1860 loss=0.7905 mean_loss=0.7801 classification=0.0564, bbox_regression=0.1228, bbox_ctrness=0.6114
epoch 6/50 iter 780/1860 loss=0.8327 mean_loss=0.7805 classification=0.0968, bbox_regression=0.1248, bbox_ctrness=0.6111
epoch 6/50 iter 800/1860 loss=0.8165 mean_loss=0.7803 classification=0.0994, bbox_regression=0.1106, bbox_ctrness=0.6065
epoch 6/50 iter 820/1860 loss=0.8108 mean_loss=0.7802 classification=0.1000, bbox_regression=0.1021, bbox_ctrness=0.6088
epoch 6/50 iter 840/1860 loss=0.7473 mean_loss=0.7802 classification=0.0461, bbox_regression=0.0780, bbox_ctrness=0.6232
epoch 6/50 iter 860/1860 loss=0.7401 mean_loss=0.7800 classification=0.0385, bbox_regression=0.0930, bbox_ctrness=0.6086
epoch 6/50 iter 880/1860 loss=0.8886 mean_loss=0.7800 classification=0.1511, bbox_regression=0.1316, bbox_ctrness=0.6060
epoch 6/50 iter 900/1860 loss=0.7954 mean_loss=0.7797 classification=0.1012, bbox_regression=0.0926, bbox_ctrness=0.6015
epoch 6/50 iter 920/1860 loss=0.8134 mean_loss=0.7795 classification=0.1065, bbox_regression=0.1076, bbox_ctrness=0.5993
epoch 6/50 iter 940/1860 loss=0.7975 mean_loss=0.7797 classification=0.0860, bbox_regression=0.1009, bbox_ctrness=0.6106
epoch 6/50 iter 960/1860 loss=0.7557 mean_loss=0.7794 classification=0.0543, bbox_regression=0.0939, bbox_ctrness=0.6075
epoch 6/50 iter 980/1860 loss=0.7998 mean_loss=0.7796 classification=0.0896, bbox_regression=0.1046, bbox_ctrness=0.6056
epoch 6/50 iter 1000/1860 loss=0.7286 mean_loss=0.7795 classification=0.0496, bbox_regression=0.0766, bbox_ctrness=0.6025
epoch 6/50 iter 1020/1860 loss=0.8265 mean_loss=0.7797 classification=0.0896, bbox_regression=0.1223, bbox_ctrness=0.6147
epoch 6/50 iter 1040/1860 loss=0.7148 mean_loss=0.7796 classification=0.0402, bbox_regression=0.0706, bbox_ctrness=0.6040
epoch 6/50 iter 1060/1860 loss=0.7484 mean_loss=0.7794 classification=0.0636, bbox_regression=0.0820, bbox_ctrness=0.6028
epoch 6/50 iter 1080/1860 loss=0.8159 mean_loss=0.7794 classification=0.0810, bbox_regression=0.1246, bbox_ctrness=0.6103
epoch 6/50 iter 1100/1860 loss=0.8171 mean_loss=0.7794 classification=0.0981, bbox_regression=0.1193, bbox_ctrness=0.5997
epoch 6/50 iter 1120/1860 loss=0.8005 mean_loss=0.7793 classification=0.0942, bbox_regression=0.1039, bbox_ctrness=0.6024
epoch 6/50 iter 1140/1860 loss=0.8032 mean_loss=0.7795 classification=0.0781, bbox_regression=0.1342, bbox_ctrness=0.5909
epoch 6/50 iter 1160/1860 loss=0.8567 mean_loss=0.7797 classification=0.1494, bbox_regression=0.1017, bbox_ctrness=0.6056
epoch 6/50 iter 1180/1860 loss=0.8303 mean_loss=0.7799 classification=0.1128, bbox_regression=0.1112, bbox_ctrness=0.6063
epoch 6/50 iter 1200/1860 loss=0.7274 mean_loss=0.7799 classification=0.0396, bbox_regression=0.0752, bbox_ctrness=0.6126
epoch 6/50 iter 1220/1860 loss=0.7703 mean_loss=0.7801 classification=0.0647, bbox_regression=0.1108, bbox_ctrness=0.5948
epoch 6/50 iter 1240/1860 loss=0.8974 mean_loss=0.7803 classification=0.1335, bbox_regression=0.1369, bbox_ctrness=0.6270
epoch 6/50 iter 1260/1860 loss=0.8556 mean_loss=0.7808 classification=0.1341, bbox_regression=0.1112, bbox_ctrness=0.6103
epoch 6/50 iter 1280/1860 loss=0.8488 mean_loss=0.7811 classification=0.1168, bbox_regression=0.1182, bbox_ctrness=0.6138
epoch 6/50 iter 1300/1860 loss=0.7942 mean_loss=0.7815 classification=0.1002, bbox_regression=0.1006, bbox_ctrness=0.5934
epoch 6/50 iter 1320/1860 loss=0.7581 mean_loss=0.7814 classification=0.0614, bbox_regression=0.0839, bbox_ctrness=0.6129
epoch 6/50 iter 1340/1860 loss=0.7848 mean_loss=0.7816 classification=0.0733, bbox_regression=0.1106, bbox_ctrness=0.6010
epoch 6/50 iter 1360/1860 loss=0.7533 mean_loss=0.7816 classification=0.0765, bbox_regression=0.0676, bbox_ctrness=0.6092
epoch 6/50 iter 1380/1860 loss=0.7934 mean_loss=0.7816 classification=0.0932, bbox_regression=0.1108, bbox_ctrness=0.5894
epoch 6/50 iter 1400/1860 loss=0.7436 mean_loss=0.7816 classification=0.0644, bbox_regression=0.0927, bbox_ctrness=0.5864
epoch 6/50 iter 1420/1860 loss=0.7709 mean_loss=0.7814 classification=0.0641, bbox_regression=0.0955, bbox_ctrness=0.6114
epoch 6/50 iter 1440/1860 loss=0.8037 mean_loss=0.7818 classification=0.0733, bbox_regression=0.1263, bbox_ctrness=0.6040
epoch 6/50 iter 1460/1860 loss=0.7588 mean_loss=0.7821 classification=0.0795, bbox_regression=0.0807, bbox_ctrness=0.5986
epoch 6/50 iter 1480/1860 loss=0.7772 mean_loss=0.7820 classification=0.0673, bbox_regression=0.1054, bbox_ctrness=0.6045
epoch 6/50 iter 1500/1860 loss=0.7484 mean_loss=0.7821 classification=0.0535, bbox_regression=0.0847, bbox_ctrness=0.6102
epoch 6/50 iter 1520/1860 loss=0.8995 mean_loss=0.7822 classification=0.1545, bbox_regression=0.1436, bbox_ctrness=0.6014
epoch 6/50 iter 1540/1860 loss=0.6973 mean_loss=0.7821 classification=0.0510, bbox_regression=0.0666, bbox_ctrness=0.5797
epoch 6/50 iter 1560/1860 loss=0.9682 mean_loss=0.7821 classification=0.1896, bbox_regression=0.1646, bbox_ctrness=0.6141
epoch 6/50 iter 1580/1860 loss=0.7625 mean_loss=0.7824 classification=0.0400, bbox_regression=0.1067, bbox_ctrness=0.6157
epoch 6/50 iter 1600/1860 loss=0.7396 mean_loss=0.7822 classification=0.0500, bbox_regression=0.0811, bbox_ctrness=0.6086
epoch 6/50 iter 1620/1860 loss=0.7692 mean_loss=0.7822 classification=0.0734, bbox_regression=0.0869, bbox_ctrness=0.6089
epoch 6/50 iter 1640/1860 loss=0.8629 mean_loss=0.7822 classification=0.1050, bbox_regression=0.1353, bbox_ctrness=0.6226
epoch 6/50 iter 1660/1860 loss=0.8178 mean_loss=0.7822 classification=0.0982, bbox_regression=0.1233, bbox_ctrness=0.5963
epoch 6/50 iter 1680/1860 loss=0.7319 mean_loss=0.7822 classification=0.0605, bbox_regression=0.0764, bbox_ctrness=0.5949
epoch 6/50 iter 1700/1860 loss=0.8436 mean_loss=0.7822 classification=0.1253, bbox_regression=0.1230, bbox_ctrness=0.5952
epoch 6/50 iter 1720/1860 loss=0.7777 mean_loss=0.7822 classification=0.0576, bbox_regression=0.1011, bbox_ctrness=0.6190
epoch 6/50 iter 1740/1860 loss=0.7323 mean_loss=0.7820 classification=0.0596, bbox_regression=0.0814, bbox_ctrness=0.5913
epoch 6/50 iter 1760/1860 loss=0.8002 mean_loss=0.7822 classification=0.0868, bbox_regression=0.1147, bbox_ctrness=0.5987
epoch 6/50 iter 1780/1860 loss=0.8060 mean_loss=0.7822 classification=0.0939, bbox_regression=0.1097, bbox_ctrness=0.6024
epoch 6/50 iter 1800/1860 loss=0.8301 mean_loss=0.7822 classification=0.1145, bbox_regression=0.1032, bbox_ctrness=0.6124
epoch 6/50 iter 1820/1860 loss=0.7735 mean_loss=0.7823 classification=0.0663, bbox_regression=0.0968, bbox_ctrness=0.6104
epoch 6/50 iter 1840/1860 loss=0.7876 mean_loss=0.7822 classification=0.0908, bbox_regression=0.1033, bbox_ctrness=0.5936
epoch 6/50 iter 1860/1860 loss=0.7574 mean_loss=0.7821 classification=0.0671, bbox_regression=0.0854, bbox_ctrness=0.6049
epoch 6 validation Precision=0.2347 Recall=0.9780 AP50=0.9319 AP75=0.8140 eval_fps=18.25 epoch_time_sec=924.8
saved checkpoint: E:\RepViT-main\runs\v48_complete_ablation\training\ra_static_equal_seed2\weights\last.pt
epoch 7/50 iter 1/1860 loss=0.8165 mean_loss=0.8165 classification=0.0959, bbox_regression=0.1206, bbox_ctrness=0.6000
epoch 7/50 iter 20/1860 loss=0.7605 mean_loss=0.7500 classification=0.0674, bbox_regression=0.0977, bbox_ctrness=0.5954
epoch 7/50 iter 40/1860 loss=0.7222 mean_loss=0.7508 classification=0.0261, bbox_regression=0.0887, bbox_ctrness=0.6073
epoch 7/50 iter 60/1860 loss=0.7409 mean_loss=0.7516 classification=0.0528, bbox_regression=0.0860, bbox_ctrness=0.6022
epoch 7/50 iter 80/1860 loss=0.7758 mean_loss=0.7532 classification=0.0806, bbox_regression=0.0967, bbox_ctrness=0.5984
epoch 7/50 iter 100/1860 loss=0.7673 mean_loss=0.7559 classification=0.0791, bbox_regression=0.0952, bbox_ctrness=0.5930
epoch 7/50 iter 120/1860 loss=0.6818 mean_loss=0.7546 classification=0.0202, bbox_regression=0.0707, bbox_ctrness=0.5909
epoch 7/50 iter 140/1860 loss=0.7294 mean_loss=0.7552 classification=0.0527, bbox_regression=0.0873, bbox_ctrness=0.5894
epoch 7/50 iter 160/1860 loss=0.7593 mean_loss=0.7558 classification=0.0444, bbox_regression=0.1083, bbox_ctrness=0.6066
epoch 7/50 iter 180/1860 loss=0.7192 mean_loss=0.7558 classification=0.0423, bbox_regression=0.0814, bbox_ctrness=0.5954
epoch 7/50 iter 200/1860 loss=0.7403 mean_loss=0.7556 classification=0.0371, bbox_regression=0.0955, bbox_ctrness=0.6077
epoch 7/50 iter 220/1860 loss=0.7455 mean_loss=0.7558 classification=0.0477, bbox_regression=0.0876, bbox_ctrness=0.6102
epoch 7/50 iter 240/1860 loss=0.8229 mean_loss=0.7560 classification=0.1049, bbox_regression=0.1170, bbox_ctrness=0.6010
epoch 7/50 iter 260/1860 loss=0.7669 mean_loss=0.7569 classification=0.0727, bbox_regression=0.0870, bbox_ctrness=0.6072
epoch 7/50 iter 280/1860 loss=0.7540 mean_loss=0.7563 classification=0.0507, bbox_regression=0.0937, bbox_ctrness=0.6096
epoch 7/50 iter 300/1860 loss=0.8107 mean_loss=0.7561 classification=0.0717, bbox_regression=0.1182, bbox_ctrness=0.6208
epoch 7/50 iter 320/1860 loss=0.7491 mean_loss=0.7561 classification=0.0405, bbox_regression=0.1038, bbox_ctrness=0.6048
epoch 7/50 iter 340/1860 loss=0.7337 mean_loss=0.7560 classification=0.0582, bbox_regression=0.0849, bbox_ctrness=0.5905
epoch 7/50 iter 360/1860 loss=0.7357 mean_loss=0.7560 classification=0.0328, bbox_regression=0.0998, bbox_ctrness=0.6031
epoch 7/50 iter 380/1860 loss=0.7492 mean_loss=0.7566 classification=0.0514, bbox_regression=0.1027, bbox_ctrness=0.5952
epoch 7/50 iter 400/1860 loss=0.7589 mean_loss=0.7572 classification=0.0648, bbox_regression=0.0944, bbox_ctrness=0.5996
epoch 7/50 iter 420/1860 loss=0.7709 mean_loss=0.7569 classification=0.0528, bbox_regression=0.1115, bbox_ctrness=0.6066
epoch 7/50 iter 440/1860 loss=0.7800 mean_loss=0.7566 classification=0.0695, bbox_regression=0.1171, bbox_ctrness=0.5934
epoch 7/50 iter 460/1860 loss=0.7371 mean_loss=0.7568 classification=0.0460, bbox_regression=0.0871, bbox_ctrness=0.6041
epoch 7/50 iter 480/1860 loss=0.7401 mean_loss=0.7571 classification=0.0787, bbox_regression=0.0753, bbox_ctrness=0.5861
epoch 7/50 iter 500/1860 loss=0.8054 mean_loss=0.7574 classification=0.0867, bbox_regression=0.1065, bbox_ctrness=0.6123
epoch 7/50 iter 520/1860 loss=0.7649 mean_loss=0.7576 classification=0.0548, bbox_regression=0.1039, bbox_ctrness=0.6062
epoch 7/50 iter 540/1860 loss=0.7157 mean_loss=0.7580 classification=0.0314, bbox_regression=0.0752, bbox_ctrness=0.6091
epoch 7/50 iter 560/1860 loss=0.7103 mean_loss=0.7579 classification=0.0524, bbox_regression=0.0843, bbox_ctrness=0.5737
epoch 7/50 iter 580/1860 loss=0.7603 mean_loss=0.7576 classification=0.0376, bbox_regression=0.1012, bbox_ctrness=0.6216
epoch 7/50 iter 600/1860 loss=0.7621 mean_loss=0.7577 classification=0.0502, bbox_regression=0.1024, bbox_ctrness=0.6094
epoch 7/50 iter 620/1860 loss=0.7555 mean_loss=0.7576 classification=0.0405, bbox_regression=0.1047, bbox_ctrness=0.6103
epoch 7/50 iter 640/1860 loss=0.7041 mean_loss=0.7579 classification=0.0576, bbox_regression=0.0618, bbox_ctrness=0.5846
epoch 7/50 iter 660/1860 loss=0.7627 mean_loss=0.7585 classification=0.0449, bbox_regression=0.1135, bbox_ctrness=0.6044
epoch 7/50 iter 680/1860 loss=0.7900 mean_loss=0.7583 classification=0.0726, bbox_regression=0.0920, bbox_ctrness=0.6254
epoch 7/50 iter 700/1860 loss=0.7737 mean_loss=0.7582 classification=0.0612, bbox_regression=0.0920, bbox_ctrness=0.6205
epoch 7/50 iter 720/1860 loss=0.7591 mean_loss=0.7585 classification=0.0608, bbox_regression=0.1032, bbox_ctrness=0.5951
epoch 7/50 iter 740/1860 loss=0.7631 mean_loss=0.7586 classification=0.0686, bbox_regression=0.0919, bbox_ctrness=0.6026
epoch 7/50 iter 760/1860 loss=0.7936 mean_loss=0.7585 classification=0.0533, bbox_regression=0.1204, bbox_ctrness=0.6199
epoch 7/50 iter 780/1860 loss=0.8031 mean_loss=0.7583 classification=0.0915, bbox_regression=0.1133, bbox_ctrness=0.5983
epoch 7/50 iter 800/1860 loss=0.7187 mean_loss=0.7581 classification=0.0239, bbox_regression=0.0725, bbox_ctrness=0.6223
epoch 7/50 iter 820/1860 loss=0.8823 mean_loss=0.7581 classification=0.1394, bbox_regression=0.1486, bbox_ctrness=0.5944
epoch 7/50 iter 840/1860 loss=0.7782 mean_loss=0.7582 classification=0.0776, bbox_regression=0.1049, bbox_ctrness=0.5957
epoch 7/50 iter 860/1860 loss=0.7881 mean_loss=0.7582 classification=0.0815, bbox_regression=0.1078, bbox_ctrness=0.5988
epoch 7/50 iter 880/1860 loss=0.7202 mean_loss=0.7585 classification=0.0283, bbox_regression=0.0850, bbox_ctrness=0.6069
epoch 7/50 iter 900/1860 loss=0.7936 mean_loss=0.7588 classification=0.0768, bbox_regression=0.1018, bbox_ctrness=0.6150
epoch 7/50 iter 920/1860 loss=0.7654 mean_loss=0.7592 classification=0.0787, bbox_regression=0.0953, bbox_ctrness=0.5914
epoch 7/50 iter 940/1860 loss=0.8456 mean_loss=0.7593 classification=0.1234, bbox_regression=0.1338, bbox_ctrness=0.5884
epoch 7/50 iter 960/1860 loss=0.7303 mean_loss=0.7591 classification=0.0412, bbox_regression=0.0848, bbox_ctrness=0.6043
epoch 7/50 iter 980/1860 loss=0.8517 mean_loss=0.7591 classification=0.0969, bbox_regression=0.1256, bbox_ctrness=0.6292
epoch 7/50 iter 1000/1860 loss=0.8171 mean_loss=0.7591 classification=0.1039, bbox_regression=0.1114, bbox_ctrness=0.6017
epoch 7/50 iter 1020/1860 loss=0.7923 mean_loss=0.7596 classification=0.1078, bbox_regression=0.0912, bbox_ctrness=0.5933
epoch 7/50 iter 1040/1860 loss=0.9110 mean_loss=0.7597 classification=0.1261, bbox_regression=0.1518, bbox_ctrness=0.6331
epoch 7/50 iter 1060/1860 loss=0.7284 mean_loss=0.7595 classification=0.0582, bbox_regression=0.0568, bbox_ctrness=0.6134
epoch 7/50 iter 1080/1860 loss=0.7241 mean_loss=0.7595 classification=0.0387, bbox_regression=0.0746, bbox_ctrness=0.6108
epoch 7/50 iter 1100/1860 loss=0.7185 mean_loss=0.7595 classification=0.0368, bbox_regression=0.0763, bbox_ctrness=0.6053
epoch 7/50 iter 1120/1860 loss=0.7622 mean_loss=0.7595 classification=0.0613, bbox_regression=0.0929, bbox_ctrness=0.6080
epoch 7/50 iter 1140/1860 loss=0.7539 mean_loss=0.7596 classification=0.0574, bbox_regression=0.1016, bbox_ctrness=0.5949
epoch 7/50 iter 1160/1860 loss=0.8725 mean_loss=0.7598 classification=0.1460, bbox_regression=0.1123, bbox_ctrness=0.6142
epoch 7/50 iter 1180/1860 loss=0.8451 mean_loss=0.7601 classification=0.1223, bbox_regression=0.1219, bbox_ctrness=0.6009
epoch 7/50 iter 1200/1860 loss=0.7266 mean_loss=0.7603 classification=0.0491, bbox_regression=0.0817, bbox_ctrness=0.5958
epoch 7/50 iter 1220/1860 loss=0.7560 mean_loss=0.7609 classification=0.0580, bbox_regression=0.0949, bbox_ctrness=0.6032
epoch 7/50 iter 1240/1860 loss=0.8082 mean_loss=0.7613 classification=0.1091, bbox_regression=0.1029, bbox_ctrness=0.5963
epoch 7/50 iter 1260/1860 loss=0.7214 mean_loss=0.7615 classification=0.0461, bbox_regression=0.0680, bbox_ctrness=0.6073
epoch 7/50 iter 1280/1860 loss=0.7308 mean_loss=0.7617 classification=0.0431, bbox_regression=0.0902, bbox_ctrness=0.5976
epoch 7/50 iter 1300/1860 loss=0.9429 mean_loss=0.7621 classification=0.1720, bbox_regression=0.1544, bbox_ctrness=0.6165
epoch 7/50 iter 1320/1860 loss=0.7269 mean_loss=0.7620 classification=0.0540, bbox_regression=0.0792, bbox_ctrness=0.5937
epoch 7/50 iter 1340/1860 loss=0.8085 mean_loss=0.7619 classification=0.0963, bbox_regression=0.1129, bbox_ctrness=0.5992
epoch 7/50 iter 1360/1860 loss=0.7203 mean_loss=0.7617 classification=0.0303, bbox_regression=0.0745, bbox_ctrness=0.6155
epoch 7/50 iter 1380/1860 loss=0.8415 mean_loss=0.7621 classification=0.1123, bbox_regression=0.1128, bbox_ctrness=0.6163
epoch 7/50 iter 1400/1860 loss=0.7438 mean_loss=0.7622 classification=0.0530, bbox_regression=0.0982, bbox_ctrness=0.5926
epoch 7/50 iter 1420/1860 loss=0.7001 mean_loss=0.7623 classification=0.0388, bbox_regression=0.0725, bbox_ctrness=0.5888
epoch 7/50 iter 1440/1860 loss=0.7862 mean_loss=0.7625 classification=0.0789, bbox_regression=0.1017, bbox_ctrness=0.6056
epoch 7/50 iter 1460/1860 loss=0.7929 mean_loss=0.7629 classification=0.0882, bbox_regression=0.1081, bbox_ctrness=0.5966
epoch 7/50 iter 1480/1860 loss=0.7503 mean_loss=0.7630 classification=0.0688, bbox_regression=0.0844, bbox_ctrness=0.5971
epoch 7/50 iter 1500/1860 loss=0.7843 mean_loss=0.7632 classification=0.0931, bbox_regression=0.0969, bbox_ctrness=0.5943
epoch 7/50 iter 1520/1860 loss=0.7203 mean_loss=0.7633 classification=0.0288, bbox_regression=0.0669, bbox_ctrness=0.6246
epoch 7/50 iter 1540/1860 loss=0.7098 mean_loss=0.7634 classification=0.0442, bbox_regression=0.0771, bbox_ctrness=0.5886
epoch 7/50 iter 1560/1860 loss=0.8377 mean_loss=0.7636 classification=0.1447, bbox_regression=0.1005, bbox_ctrness=0.5926
epoch 7/50 iter 1580/1860 loss=0.7284 mean_loss=0.7637 classification=0.0368, bbox_regression=0.0847, bbox_ctrness=0.6069
epoch 7/50 iter 1600/1860 loss=0.7694 mean_loss=0.7637 classification=0.0850, bbox_regression=0.0828, bbox_ctrness=0.6017
epoch 7/50 iter 1620/1860 loss=0.7443 mean_loss=0.7638 classification=0.0683, bbox_regression=0.0821, bbox_ctrness=0.5940
epoch 7/50 iter 1640/1860 loss=0.7927 mean_loss=0.7637 classification=0.0843, bbox_regression=0.1082, bbox_ctrness=0.6002
epoch 7/50 iter 1660/1860 loss=0.7447 mean_loss=0.7635 classification=0.0472, bbox_regression=0.1025, bbox_ctrness=0.5950
epoch 7/50 iter 1680/1860 loss=0.8054 mean_loss=0.7637 classification=0.1158, bbox_regression=0.0935, bbox_ctrness=0.5961
epoch 7/50 iter 1700/1860 loss=0.7819 mean_loss=0.7639 classification=0.0707, bbox_regression=0.1108, bbox_ctrness=0.6005
epoch 7/50 iter 1720/1860 loss=0.7570 mean_loss=0.7639 classification=0.0580, bbox_regression=0.0959, bbox_ctrness=0.6032
epoch 7/50 iter 1740/1860 loss=0.8350 mean_loss=0.7640 classification=0.1075, bbox_regression=0.1250, bbox_ctrness=0.6024
epoch 7/50 iter 1760/1860 loss=0.7278 mean_loss=0.7640 classification=0.0499, bbox_regression=0.0840, bbox_ctrness=0.5938
epoch 7/50 iter 1780/1860 loss=0.7206 mean_loss=0.7638 classification=0.0306, bbox_regression=0.0962, bbox_ctrness=0.5938
epoch 7/50 iter 1800/1860 loss=0.7479 mean_loss=0.7637 classification=0.0594, bbox_regression=0.0813, bbox_ctrness=0.6071
epoch 7/50 iter 1820/1860 loss=0.7686 mean_loss=0.7637 classification=0.0752, bbox_regression=0.0972, bbox_ctrness=0.5963
epoch 7/50 iter 1840/1860 loss=0.7312 mean_loss=0.7635 classification=0.0547, bbox_regression=0.0866, bbox_ctrness=0.5899
epoch 7/50 iter 1860/1860 loss=0.7328 mean_loss=0.7634 classification=0.0573, bbox_regression=0.0759, bbox_ctrness=0.5996
epoch 7 validation Precision=0.2646 Recall=0.9736 AP50=0.9342 AP75=0.8164 eval_fps=18.66 epoch_time_sec=928.3
saved checkpoint: E:\RepViT-main\runs\v48_complete_ablation\training\ra_static_equal_seed2\weights\last.pt
epoch 8/50 iter 1/1860 loss=0.7685 mean_loss=0.7685 classification=0.0642, bbox_regression=0.1017, bbox_ctrness=0.6026
epoch 8/50 iter 20/1860 loss=0.7139 mean_loss=0.7352 classification=0.0534, bbox_regression=0.0640, bbox_ctrness=0.5965
epoch 8/50 iter 40/1860 loss=0.7024 mean_loss=0.7365 classification=0.0337, bbox_regression=0.0800, bbox_ctrness=0.5888
epoch 8/50 iter 60/1860 loss=0.7211 mean_loss=0.7364 classification=0.0509, bbox_regression=0.0773, bbox_ctrness=0.5928
epoch 8/50 iter 80/1860 loss=0.7133 mean_loss=0.7374 classification=0.0301, bbox_regression=0.0735, bbox_ctrness=0.6097
epoch 8/50 iter 100/1860 loss=0.6857 mean_loss=0.7380 classification=0.0113, bbox_regression=0.0730, bbox_ctrness=0.6014
epoch 8/50 iter 120/1860 loss=0.7583 mean_loss=0.7397 classification=0.0581, bbox_regression=0.0941, bbox_ctrness=0.6061
epoch 8/50 iter 140/1860 loss=0.7472 mean_loss=0.7405 classification=0.0615, bbox_regression=0.0955, bbox_ctrness=0.5902
epoch 8/50 iter 160/1860 loss=0.7168 mean_loss=0.7412 classification=0.0512, bbox_regression=0.0726, bbox_ctrness=0.5930
epoch 8/50 iter 180/1860 loss=0.8089 mean_loss=0.7414 classification=0.1165, bbox_regression=0.1036, bbox_ctrness=0.5887
epoch 8/50 iter 200/1860 loss=0.7773 mean_loss=0.7428 classification=0.0512, bbox_regression=0.1204, bbox_ctrness=0.6057
epoch 8/50 iter 220/1860 loss=0.8230 mean_loss=0.7440 classification=0.0832, bbox_regression=0.1325, bbox_ctrness=0.6073
epoch 8/50 iter 240/1860 loss=0.7506 mean_loss=0.7432 classification=0.0542, bbox_regression=0.0871, bbox_ctrness=0.6093
epoch 8/50 iter 260/1860 loss=0.7363 mean_loss=0.7434 classification=0.0454, bbox_regression=0.0959, bbox_ctrness=0.5950
epoch 8/50 iter 280/1860 loss=0.6954 mean_loss=0.7437 classification=0.0420, bbox_regression=0.0766, bbox_ctrness=0.5768
epoch 8/50 iter 300/1860 loss=0.7499 mean_loss=0.7449 classification=0.0726, bbox_regression=0.0881, bbox_ctrness=0.5892
epoch 8/50 iter 320/1860 loss=0.7814 mean_loss=0.7445 classification=0.0529, bbox_regression=0.1114, bbox_ctrness=0.6171
epoch 8/50 iter 340/1860 loss=0.8174 mean_loss=0.7448 classification=0.1393, bbox_regression=0.0981, bbox_ctrness=0.5799
epoch 8/50 iter 360/1860 loss=0.7373 mean_loss=0.7447 classification=0.0280, bbox_regression=0.0891, bbox_ctrness=0.6203
epoch 8/50 iter 380/1860 loss=0.7751 mean_loss=0.7465 classification=0.0592, bbox_regression=0.1142, bbox_ctrness=0.6017
epoch 8/50 iter 400/1860 loss=0.7632 mean_loss=0.7459 classification=0.0583, bbox_regression=0.0918, bbox_ctrness=0.6131
epoch 8/50 iter 420/1860 loss=0.7010 mean_loss=0.7456 classification=0.0408, bbox_regression=0.0728, bbox_ctrness=0.5875
epoch 8/50 iter 440/1860 loss=0.7262 mean_loss=0.7450 classification=0.0347, bbox_regression=0.0686, bbox_ctrness=0.6229
epoch 8/50 iter 460/1860 loss=0.7424 mean_loss=0.7454 classification=0.0581, bbox_regression=0.0812, bbox_ctrness=0.6030
epoch 8/50 iter 480/1860 loss=0.7578 mean_loss=0.7461 classification=0.0602, bbox_regression=0.0951, bbox_ctrness=0.6025
epoch 8/50 iter 500/1860 loss=0.7154 mean_loss=0.7461 classification=0.0190, bbox_regression=0.0906, bbox_ctrness=0.6058
epoch 8/50 iter 520/1860 loss=0.7425 mean_loss=0.7460 classification=0.0365, bbox_regression=0.0903, bbox_ctrness=0.6157
epoch 8/50 iter 540/1860 loss=0.7844 mean_loss=0.7461 classification=0.0765, bbox_regression=0.1045, bbox_ctrness=0.6035
epoch 8/50 iter 560/1860 loss=0.8023 mean_loss=0.7460 classification=0.0950, bbox_regression=0.1163, bbox_ctrness=0.5910
epoch 8/50 iter 580/1860 loss=0.7277 mean_loss=0.7462 classification=0.0491, bbox_regression=0.0769, bbox_ctrness=0.6017
epoch 8/50 iter 600/1860 loss=0.7389 mean_loss=0.7463 classification=0.0544, bbox_regression=0.0832, bbox_ctrness=0.6013
epoch 8/50 iter 620/1860 loss=0.7180 mean_loss=0.7461 classification=0.0487, bbox_regression=0.0709, bbox_ctrness=0.5985
epoch 8/50 iter 640/1860 loss=0.7170 mean_loss=0.7463 classification=0.0386, bbox_regression=0.0914, bbox_ctrness=0.5869
epoch 8/50 iter 660/1860 loss=0.7209 mean_loss=0.7464 classification=0.0310, bbox_regression=0.0883, bbox_ctrness=0.6017
epoch 8/50 iter 680/1860 loss=0.8236 mean_loss=0.7464 classification=0.1166, bbox_regression=0.0919, bbox_ctrness=0.6151
epoch 8/50 iter 700/1860 loss=0.7741 mean_loss=0.7468 classification=0.0758, bbox_regression=0.0804, bbox_ctrness=0.6179
epoch 8/50 iter 720/1860 loss=0.7482 mean_loss=0.7465 classification=0.0643, bbox_regression=0.0929, bbox_ctrness=0.5910
epoch 8/50 iter 740/1860 loss=0.7457 mean_loss=0.7462 classification=0.0619, bbox_regression=0.0820, bbox_ctrness=0.6018
epoch 8/50 iter 760/1860 loss=0.7500 mean_loss=0.7463 classification=0.0549, bbox_regression=0.0949, bbox_ctrness=0.6002
epoch 8/50 iter 780/1860 loss=0.7217 mean_loss=0.7462 classification=0.0534, bbox_regression=0.0707, bbox_ctrness=0.5976
epoch 8/50 iter 800/1860 loss=0.7403 mean_loss=0.7459 classification=0.0548, bbox_regression=0.0934, bbox_ctrness=0.5920
epoch 8/50 iter 820/1860 loss=0.8142 mean_loss=0.7458 classification=0.1190, bbox_regression=0.0818, bbox_ctrness=0.6134
epoch 8/50 iter 840/1860 loss=0.7396 mean_loss=0.7458 classification=0.0594, bbox_regression=0.0854, bbox_ctrness=0.5948
epoch 8/50 iter 860/1860 loss=0.7523 mean_loss=0.7457 classification=0.0335, bbox_regression=0.1081, bbox_ctrness=0.6107
epoch 8/50 iter 880/1860 loss=0.7870 mean_loss=0.7458 classification=0.0592, bbox_regression=0.1102, bbox_ctrness=0.6176
epoch 8/50 iter 900/1860 loss=0.8203 mean_loss=0.7459 classification=0.1023, bbox_regression=0.1219, bbox_ctrness=0.5961
epoch 8/50 iter 920/1860 loss=0.7265 mean_loss=0.7457 classification=0.0632, bbox_regression=0.0644, bbox_ctrness=0.5990
epoch 8/50 iter 940/1860 loss=0.7511 mean_loss=0.7458 classification=0.0549, bbox_regression=0.0892, bbox_ctrness=0.6070
epoch 8/50 iter 960/1860 loss=0.7159 mean_loss=0.7458 classification=0.0316, bbox_regression=0.0847, bbox_ctrness=0.5995
epoch 8/50 iter 980/1860 loss=0.7241 mean_loss=0.7457 classification=0.0441, bbox_regression=0.0725, bbox_ctrness=0.6074
epoch 8/50 iter 1000/1860 loss=0.8879 mean_loss=0.7462 classification=0.0950, bbox_regression=0.1793, bbox_ctrness=0.6136
epoch 8/50 iter 1020/1860 loss=0.6751 mean_loss=0.7463 classification=0.0168, bbox_regression=0.0629, bbox_ctrness=0.5955
epoch 8/50 iter 1040/1860 loss=0.7212 mean_loss=0.7466 classification=0.0411, bbox_regression=0.0843, bbox_ctrness=0.5958
epoch 8/50 iter 1060/1860 loss=0.7961 mean_loss=0.7465 classification=0.0752, bbox_regression=0.1165, bbox_ctrness=0.6044
epoch 8/50 iter 1080/1860 loss=0.6968 mean_loss=0.7464 classification=0.0248, bbox_regression=0.0697, bbox_ctrness=0.6023
epoch 8/50 iter 1100/1860 loss=0.7319 mean_loss=0.7466 classification=0.0280, bbox_regression=0.0934, bbox_ctrness=0.6105
epoch 8/50 iter 1120/1860 loss=0.7483 mean_loss=0.7465 classification=0.0546, bbox_regression=0.1026, bbox_ctrness=0.5910
epoch 8/50 iter 1140/1860 loss=0.7110 mean_loss=0.7462 classification=0.0397, bbox_regression=0.0713, bbox_ctrness=0.6000
epoch 8/50 iter 1160/1860 loss=0.7163 mean_loss=0.7463 classification=0.0343, bbox_regression=0.0885, bbox_ctrness=0.5935
epoch 8/50 iter 1180/1860 loss=0.7416 mean_loss=0.7463 classification=0.0525, bbox_regression=0.0904, bbox_ctrness=0.5987
epoch 8/50 iter 1200/1860 loss=0.7700 mean_loss=0.7465 classification=0.0677, bbox_regression=0.1015, bbox_ctrness=0.6008
epoch 8/50 iter 1220/1860 loss=0.8713 mean_loss=0.7468 classification=0.1262, bbox_regression=0.1408, bbox_ctrness=0.6043
epoch 8/50 iter 1240/1860 loss=0.7654 mean_loss=0.7467 classification=0.0721, bbox_regression=0.0853, bbox_ctrness=0.6080
epoch 8/50 iter 1260/1860 loss=0.7223 mean_loss=0.7467 classification=0.0317, bbox_regression=0.0864, bbox_ctrness=0.6042
epoch 8/50 iter 1280/1860 loss=0.7503 mean_loss=0.7468 classification=0.0420, bbox_regression=0.1061, bbox_ctrness=0.6022
epoch 8/50 iter 1300/1860 loss=0.7363 mean_loss=0.7471 classification=0.0517, bbox_regression=0.0815, bbox_ctrness=0.6031
epoch 8/50 iter 1320/1860 loss=0.7492 mean_loss=0.7475 classification=0.0574, bbox_regression=0.0796, bbox_ctrness=0.6122
epoch 8/50 iter 1340/1860 loss=0.6931 mean_loss=0.7475 classification=0.0216, bbox_regression=0.0685, bbox_ctrness=0.6030
epoch 8/50 iter 1360/1860 loss=0.7498 mean_loss=0.7478 classification=0.0356, bbox_regression=0.0928, bbox_ctrness=0.6214
epoch 8/50 iter 1380/1860 loss=0.7077 mean_loss=0.7477 classification=0.0339, bbox_regression=0.0755, bbox_ctrness=0.5983
epoch 8/50 iter 1400/1860 loss=0.7782 mean_loss=0.7476 classification=0.0564, bbox_regression=0.1037, bbox_ctrness=0.6181
epoch 8/50 iter 1420/1860 loss=0.7392 mean_loss=0.7477 classification=0.0449, bbox_regression=0.0865, bbox_ctrness=0.6079
epoch 8/50 iter 1440/1860 loss=0.7061 mean_loss=0.7476 classification=0.0297, bbox_regression=0.0778, bbox_ctrness=0.5986
epoch 8/50 iter 1460/1860 loss=0.7081 mean_loss=0.7477 classification=0.0307, bbox_regression=0.0883, bbox_ctrness=0.5891
epoch 8/50 iter 1480/1860 loss=0.7069 mean_loss=0.7475 classification=0.0304, bbox_regression=0.0689, bbox_ctrness=0.6077
epoch 8/50 iter 1500/1860 loss=0.7598 mean_loss=0.7478 classification=0.0763, bbox_regression=0.0860, bbox_ctrness=0.5976
epoch 8/50 iter 1520/1860 loss=0.6990 mean_loss=0.7479 classification=0.0384, bbox_regression=0.0704, bbox_ctrness=0.5902
epoch 8/50 iter 1540/1860 loss=0.7514 mean_loss=0.7479 classification=0.0523, bbox_regression=0.0947, bbox_ctrness=0.6045
epoch 8/50 iter 1560/1860 loss=0.7050 mean_loss=0.7480 classification=0.0179, bbox_regression=0.0721, bbox_ctrness=0.6150
epoch 8/50 iter 1580/1860 loss=0.6874 mean_loss=0.7477 classification=0.0433, bbox_regression=0.0669, bbox_ctrness=0.5772
epoch 8/50 iter 1600/1860 loss=0.8106 mean_loss=0.7477 classification=0.0723, bbox_regression=0.1232, bbox_ctrness=0.6150
epoch 8/50 iter 1620/1860 loss=0.7932 mean_loss=0.7477 classification=0.0959, bbox_regression=0.0937, bbox_ctrness=0.6036
epoch 8/50 iter 1640/1860 loss=0.8499 mean_loss=0.7479 classification=0.1415, bbox_regression=0.1085, bbox_ctrness=0.6000
epoch 8/50 iter 1660/1860 loss=0.7742 mean_loss=0.7478 classification=0.0641, bbox_regression=0.1017, bbox_ctrness=0.6083
epoch 8/50 iter 1680/1860 loss=0.7457 mean_loss=0.7480 classification=0.0688, bbox_regression=0.0736, bbox_ctrness=0.6034
epoch 8/50 iter 1700/1860 loss=0.6965 mean_loss=0.7480 classification=0.0369, bbox_regression=0.0680, bbox_ctrness=0.5915
epoch 8/50 iter 1720/1860 loss=0.7432 mean_loss=0.7479 classification=0.0363, bbox_regression=0.0914, bbox_ctrness=0.6154
epoch 8/50 iter 1740/1860 loss=0.7873 mean_loss=0.7480 classification=0.0701, bbox_regression=0.1115, bbox_ctrness=0.6056
epoch 8/50 iter 1760/1860 loss=0.7412 mean_loss=0.7478 classification=0.0471, bbox_regression=0.0775, bbox_ctrness=0.6166
epoch 8/50 iter 1780/1860 loss=0.8039 mean_loss=0.7479 classification=0.1067, bbox_regression=0.0943, bbox_ctrness=0.6030
epoch 8/50 iter 1800/1860 loss=0.7235 mean_loss=0.7480 classification=0.0200, bbox_regression=0.0807, bbox_ctrness=0.6229
epoch 8/50 iter 1820/1860 loss=0.6916 mean_loss=0.7479 classification=0.0397, bbox_regression=0.0604, bbox_ctrness=0.5915
epoch 8/50 iter 1840/1860 loss=0.7583 mean_loss=0.7479 classification=0.0558, bbox_regression=0.1057, bbox_ctrness=0.5969
epoch 8/50 iter 1860/1860 loss=0.8145 mean_loss=0.7481 classification=0.0964, bbox_regression=0.1193, bbox_ctrness=0.5987
epoch 8 validation Precision=0.2839 Recall=0.9749 AP50=0.9347 AP75=0.8262 eval_fps=18.73 epoch_time_sec=933.8
saved checkpoint: E:\RepViT-main\runs\v48_complete_ablation\training\ra_static_equal_seed2\weights\last.pt
epoch 9/50 iter 1/1860 loss=0.7369 mean_loss=0.7369 classification=0.0417, bbox_regression=0.0901, bbox_ctrness=0.6051
epoch 9/50 iter 20/1860 loss=0.7379 mean_loss=0.7271 classification=0.0433, bbox_regression=0.0833, bbox_ctrness=0.6113
epoch 9/50 iter 40/1860 loss=0.6920 mean_loss=0.7214 classification=0.0119, bbox_regression=0.0717, bbox_ctrness=0.6085
epoch 9/50 iter 60/1860 loss=0.7006 mean_loss=0.7254 classification=0.0199, bbox_regression=0.0672, bbox_ctrness=0.6135
epoch 9/50 iter 80/1860 loss=0.7429 mean_loss=0.7272 classification=0.0540, bbox_regression=0.0952, bbox_ctrness=0.5937
epoch 9/50 iter 100/1860 loss=0.7901 mean_loss=0.7254 classification=0.0936, bbox_regression=0.0966, bbox_ctrness=0.6000
epoch 9/50 iter 120/1860 loss=0.7511 mean_loss=0.7240 classification=0.0530, bbox_regression=0.0926, bbox_ctrness=0.6055
epoch 9/50 iter 140/1860 loss=0.7606 mean_loss=0.7226 classification=0.0708, bbox_regression=0.0911, bbox_ctrness=0.5987
epoch 9/50 iter 160/1860 loss=0.6983 mean_loss=0.7236 classification=0.0232, bbox_regression=0.0738, bbox_ctrness=0.6014
epoch 9/50 iter 180/1860 loss=0.7284 mean_loss=0.7253 classification=0.0325, bbox_regression=0.0757, bbox_ctrness=0.6202
epoch 9/50 iter 200/1860 loss=0.7003 mean_loss=0.7259 classification=0.0216, bbox_regression=0.0736, bbox_ctrness=0.6050
epoch 9/50 iter 220/1860 loss=0.6979 mean_loss=0.7259 classification=0.0220, bbox_regression=0.0724, bbox_ctrness=0.6034
epoch 9/50 iter 240/1860 loss=0.6975 mean_loss=0.7266 classification=0.0236, bbox_regression=0.0693, bbox_ctrness=0.6045
epoch 9/50 iter 260/1860 loss=0.7166 mean_loss=0.7277 classification=0.0271, bbox_regression=0.0887, bbox_ctrness=0.6009
epoch 9/50 iter 280/1860 loss=0.7631 mean_loss=0.7284 classification=0.0297, bbox_regression=0.1263, bbox_ctrness=0.6072
epoch 9/50 iter 300/1860 loss=0.7062 mean_loss=0.7283 classification=0.0237, bbox_regression=0.0749, bbox_ctrness=0.6077
epoch 9/50 iter 320/1860 loss=0.7083 mean_loss=0.7282 classification=0.0320, bbox_regression=0.0757, bbox_ctrness=0.6006
epoch 9/50 iter 340/1860 loss=0.7283 mean_loss=0.7288 classification=0.0411, bbox_regression=0.0812, bbox_ctrness=0.6060
epoch 9/50 iter 360/1860 loss=0.7535 mean_loss=0.7291 classification=0.0600, bbox_regression=0.0985, bbox_ctrness=0.5949
epoch 9/50 iter 380/1860 loss=0.7072 mean_loss=0.7292 classification=0.0279, bbox_regression=0.0818, bbox_ctrness=0.5975
epoch 9/50 iter 400/1860 loss=0.7096 mean_loss=0.7292 classification=0.0354, bbox_regression=0.0825, bbox_ctrness=0.5917
epoch 9/50 iter 420/1860 loss=0.7200 mean_loss=0.7295 classification=0.0461, bbox_regression=0.0761, bbox_ctrness=0.5978
epoch 9/50 iter 440/1860 loss=0.7087 mean_loss=0.7292 classification=0.0293, bbox_regression=0.0806, bbox_ctrness=0.5988
epoch 9/50 iter 460/1860 loss=0.7378 mean_loss=0.7293 classification=0.0376, bbox_regression=0.0883, bbox_ctrness=0.6118
epoch 9/50 iter 480/1860 loss=0.6905 mean_loss=0.7296 classification=0.0383, bbox_regression=0.0575, bbox_ctrness=0.5947
epoch 9/50 iter 500/1860 loss=0.7375 mean_loss=0.7297 classification=0.0463, bbox_regression=0.0819, bbox_ctrness=0.6093
epoch 9/50 iter 520/1860 loss=0.7073 mean_loss=0.7292 classification=0.0467, bbox_regression=0.0608, bbox_ctrness=0.5998
epoch 9/50 iter 540/1860 loss=0.7464 mean_loss=0.7293 classification=0.0537, bbox_regression=0.0831, bbox_ctrness=0.6096
epoch 9/50 iter 560/1860 loss=0.7581 mean_loss=0.7291 classification=0.0715, bbox_regression=0.0926, bbox_ctrness=0.5940
epoch 9/50 iter 580/1860 loss=0.7073 mean_loss=0.7291 classification=0.0225, bbox_regression=0.0689, bbox_ctrness=0.6159
epoch 9/50 iter 600/1860 loss=0.7530 mean_loss=0.7290 classification=0.0859, bbox_regression=0.0686, bbox_ctrness=0.5985
epoch 9/50 iter 620/1860 loss=0.8296 mean_loss=0.7289 classification=0.1049, bbox_regression=0.1228, bbox_ctrness=0.6020
epoch 9/50 iter 640/1860 loss=0.7143 mean_loss=0.7292 classification=0.0251, bbox_regression=0.0850, bbox_ctrness=0.6042
epoch 9/50 iter 660/1860 loss=0.7382 mean_loss=0.7294 classification=0.0548, bbox_regression=0.0874, bbox_ctrness=0.5960
epoch 9/50 iter 680/1860 loss=0.7064 mean_loss=0.7292 classification=0.0301, bbox_regression=0.0818, bbox_ctrness=0.5945
epoch 9/50 iter 700/1860 loss=0.7383 mean_loss=0.7294 classification=0.0375, bbox_regression=0.0816, bbox_ctrness=0.6192
epoch 9/50 iter 720/1860 loss=0.6880 mean_loss=0.7298 classification=0.0053, bbox_regression=0.0899, bbox_ctrness=0.5928
epoch 9/50 iter 740/1860 loss=0.7221 mean_loss=0.7302 classification=0.0471, bbox_regression=0.0804, bbox_ctrness=0.5946
epoch 9/50 iter 760/1860 loss=0.7434 mean_loss=0.7308 classification=0.0527, bbox_regression=0.0944, bbox_ctrness=0.5962
epoch 9/50 iter 780/1860 loss=0.7397 mean_loss=0.7309 classification=0.0291, bbox_regression=0.0980, bbox_ctrness=0.6126
epoch 9/50 iter 800/1860 loss=0.7754 mean_loss=0.7307 classification=0.1003, bbox_regression=0.0985, bbox_ctrness=0.5765
epoch 9/50 iter 820/1860 loss=0.7092 mean_loss=0.7309 classification=0.0239, bbox_regression=0.0659, bbox_ctrness=0.6195
epoch 9/50 iter 840/1860 loss=0.7417 mean_loss=0.7310 classification=0.0374, bbox_regression=0.0901, bbox_ctrness=0.6142
epoch 9/50 iter 860/1860 loss=0.7408 mean_loss=0.7311 classification=0.0638, bbox_regression=0.0856, bbox_ctrness=0.5914
epoch 9/50 iter 880/1860 loss=0.7577 mean_loss=0.7315 classification=0.0632, bbox_regression=0.1081, bbox_ctrness=0.5864
epoch 9/50 iter 900/1860 loss=0.7164 mean_loss=0.7319 classification=0.0215, bbox_regression=0.0822, bbox_ctrness=0.6127
epoch 9/50 iter 920/1860 loss=0.7044 mean_loss=0.7320 classification=0.0374, bbox_regression=0.0712, bbox_ctrness=0.5958
epoch 9/50 iter 940/1860 loss=0.7115 mean_loss=0.7319 classification=0.0265, bbox_regression=0.0890, bbox_ctrness=0.5960
epoch 9/50 iter 960/1860 loss=0.7310 mean_loss=0.7320 classification=0.0394, bbox_regression=0.0866, bbox_ctrness=0.6049
epoch 9/50 iter 980/1860 loss=0.7496 mean_loss=0.7322 classification=0.0563, bbox_regression=0.0874, bbox_ctrness=0.6058
epoch 9/50 iter 1000/1860 loss=0.7610 mean_loss=0.7322 classification=0.0446, bbox_regression=0.1068, bbox_ctrness=0.6096
epoch 9/50 iter 1020/1860 loss=0.7734 mean_loss=0.7323 classification=0.0394, bbox_regression=0.1171, bbox_ctrness=0.6169
epoch 9/50 iter 1040/1860 loss=0.7748 mean_loss=0.7327 classification=0.0656, bbox_regression=0.1082, bbox_ctrness=0.6009
epoch 9/50 iter 1060/1860 loss=0.6726 mean_loss=0.7327 classification=0.0288, bbox_regression=0.0663, bbox_ctrness=0.5775
epoch 9/50 iter 1080/1860 loss=0.7943 mean_loss=0.7328 classification=0.0600, bbox_regression=0.1254, bbox_ctrness=0.6089
epoch 9/50 iter 1100/1860 loss=0.7139 mean_loss=0.7329 classification=0.0458, bbox_regression=0.0791, bbox_ctrness=0.5891
epoch 9/50 iter 1120/1860 loss=0.7311 mean_loss=0.7328 classification=0.0393, bbox_regression=0.0952, bbox_ctrness=0.5966
epoch 9/50 iter 1140/1860 loss=0.7300 mean_loss=0.7328 classification=0.0336, bbox_regression=0.0947, bbox_ctrness=0.6017
epoch 9/50 iter 1160/1860 loss=0.7019 mean_loss=0.7331 classification=0.0495, bbox_regression=0.0680, bbox_ctrness=0.5845
epoch 9/50 iter 1180/1860 loss=0.7272 mean_loss=0.7330 classification=0.0350, bbox_regression=0.0838, bbox_ctrness=0.6084
epoch 9/50 iter 1200/1860 loss=0.7452 mean_loss=0.7337 classification=0.0895, bbox_regression=0.0778, bbox_ctrness=0.5779
epoch 9/50 iter 1220/1860 loss=0.7435 mean_loss=0.7338 classification=0.0637, bbox_regression=0.0955, bbox_ctrness=0.5844
epoch 9/50 iter 1240/1860 loss=0.7448 mean_loss=0.7340 classification=0.0693, bbox_regression=0.0894, bbox_ctrness=0.5861
epoch 9/50 iter 1260/1860 loss=0.7305 mean_loss=0.7342 classification=0.0354, bbox_regression=0.0969, bbox_ctrness=0.5982
epoch 9/50 iter 1280/1860 loss=0.7318 mean_loss=0.7343 classification=0.0346, bbox_regression=0.0803, bbox_ctrness=0.6169
epoch 9/50 iter 1300/1860 loss=0.7249 mean_loss=0.7342 classification=0.0409, bbox_regression=0.0803, bbox_ctrness=0.6036
epoch 9/50 iter 1320/1860 loss=0.7543 mean_loss=0.7342 classification=0.0521, bbox_regression=0.0939, bbox_ctrness=0.6083
epoch 9/50 iter 1340/1860 loss=0.7601 mean_loss=0.7346 classification=0.0570, bbox_regression=0.0936, bbox_ctrness=0.6095
epoch 9/50 iter 1360/1860 loss=0.7332 mean_loss=0.7348 classification=0.0494, bbox_regression=0.0818, bbox_ctrness=0.6019
epoch 9/50 iter 1380/1860 loss=0.7629 mean_loss=0.7350 classification=0.0551, bbox_regression=0.0986, bbox_ctrness=0.6092
epoch 9/50 iter 1400/1860 loss=0.7001 mean_loss=0.7349 classification=0.0214, bbox_regression=0.0866, bbox_ctrness=0.5921
epoch 9/50 iter 1420/1860 loss=0.7391 mean_loss=0.7348 classification=0.0550, bbox_regression=0.0960, bbox_ctrness=0.5881
epoch 9/50 iter 1440/1860 loss=0.7859 mean_loss=0.7350 classification=0.0736, bbox_regression=0.0929, bbox_ctrness=0.6194
epoch 9/50 iter 1460/1860 loss=0.7217 mean_loss=0.7351 classification=0.0436, bbox_regression=0.0874, bbox_ctrness=0.5907
epoch 9/50 iter 1480/1860 loss=0.7595 mean_loss=0.7352 classification=0.0413, bbox_regression=0.0982, bbox_ctrness=0.6200
epoch 9/50 iter 1500/1860 loss=0.7362 mean_loss=0.7351 classification=0.0303, bbox_regression=0.0843, bbox_ctrness=0.6216
epoch 9/50 iter 1520/1860 loss=0.7912 mean_loss=0.7353 classification=0.0477, bbox_regression=0.1234, bbox_ctrness=0.6201
epoch 9/50 iter 1540/1860 loss=0.7179 mean_loss=0.7352 classification=0.0258, bbox_regression=0.0802, bbox_ctrness=0.6120
epoch 9/50 iter 1560/1860 loss=0.7313 mean_loss=0.7351 classification=0.0412, bbox_regression=0.0958, bbox_ctrness=0.5943
epoch 9/50 iter 1580/1860 loss=0.7075 mean_loss=0.7350 classification=0.0441, bbox_regression=0.0750, bbox_ctrness=0.5885
epoch 9/50 iter 1600/1860 loss=0.7517 mean_loss=0.7352 classification=0.0775, bbox_regression=0.0609, bbox_ctrness=0.6133
epoch 9/50 iter 1620/1860 loss=0.7470 mean_loss=0.7353 classification=0.0294, bbox_regression=0.1046, bbox_ctrness=0.6130
epoch 9/50 iter 1640/1860 loss=0.7523 mean_loss=0.7352 classification=0.0357, bbox_regression=0.1195, bbox_ctrness=0.5972
epoch 9/50 iter 1660/1860 loss=0.7088 mean_loss=0.7354 classification=0.0390, bbox_regression=0.0749, bbox_ctrness=0.5949
epoch 9/50 iter 1680/1860 loss=0.7405 mean_loss=0.7354 classification=0.0658, bbox_regression=0.0817, bbox_ctrness=0.5931
epoch 9/50 iter 1700/1860 loss=0.6958 mean_loss=0.7353 classification=0.0495, bbox_regression=0.0601, bbox_ctrness=0.5862
epoch 9/50 iter 1720/1860 loss=0.7078 mean_loss=0.7352 classification=0.0576, bbox_regression=0.0668, bbox_ctrness=0.5834
epoch 9/50 iter 1740/1860 loss=0.7216 mean_loss=0.7352 classification=0.0377, bbox_regression=0.0800, bbox_ctrness=0.6038
epoch 9/50 iter 1760/1860 loss=0.7387 mean_loss=0.7354 classification=0.0363, bbox_regression=0.1023, bbox_ctrness=0.6001
epoch 9/50 iter 1780/1860 loss=0.7211 mean_loss=0.7355 classification=0.0442, bbox_regression=0.0856, bbox_ctrness=0.5912
epoch 9/50 iter 1800/1860 loss=0.7182 mean_loss=0.7356 classification=0.0287, bbox_regression=0.0802, bbox_ctrness=0.6093
epoch 9/50 iter 1820/1860 loss=0.7230 mean_loss=0.7356 classification=0.0198, bbox_regression=0.0981, bbox_ctrness=0.6050
epoch 9/50 iter 1840/1860 loss=0.7611 mean_loss=0.7357 classification=0.0592, bbox_regression=0.0987, bbox_ctrness=0.6032
epoch 9/50 iter 1860/1860 loss=0.6620 mean_loss=0.7357 classification=0.0231, bbox_regression=0.0565, bbox_ctrness=0.5824
epoch 9 validation Precision=0.3789 Recall=0.9588 AP50=0.9255 AP75=0.8202 eval_fps=19.48 epoch_time_sec=924.0
saved checkpoint: E:\RepViT-main\runs\v48_complete_ablation\training\ra_static_equal_seed2\weights\last.pt
epoch 10/50 iter 1/1860 loss=0.7726 mean_loss=0.7726 classification=0.0825, bbox_regression=0.0948, bbox_ctrness=0.5952
epoch 10/50 iter 20/1860 loss=0.7092 mean_loss=0.7281 classification=0.0401, bbox_regression=0.0712, bbox_ctrness=0.5978
epoch 10/50 iter 40/1860 loss=0.7006 mean_loss=0.7204 classification=0.0101, bbox_regression=0.0853, bbox_ctrness=0.6052
epoch 10/50 iter 60/1860 loss=0.7131 mean_loss=0.7199 classification=0.0345, bbox_regression=0.0788, bbox_ctrness=0.5998
epoch 10/50 iter 80/1860 loss=0.7572 mean_loss=0.7203 classification=0.0682, bbox_regression=0.0936, bbox_ctrness=0.5954
epoch 10/50 iter 100/1860 loss=0.7290 mean_loss=0.7175 classification=0.0340, bbox_regression=0.1019, bbox_ctrness=0.5931
epoch 10/50 iter 120/1860 loss=0.6976 mean_loss=0.7184 classification=0.0292, bbox_regression=0.0695, bbox_ctrness=0.5988
epoch 10/50 iter 140/1860 loss=0.7100 mean_loss=0.7178 classification=0.0202, bbox_regression=0.0786, bbox_ctrness=0.6112
epoch 10/50 iter 160/1860 loss=0.6883 mean_loss=0.7186 classification=0.0295, bbox_regression=0.0547, bbox_ctrness=0.6041
epoch 10/50 iter 180/1860 loss=0.7047 mean_loss=0.7190 classification=0.0162, bbox_regression=0.0721, bbox_ctrness=0.6163
epoch 10/50 iter 200/1860 loss=0.7033 mean_loss=0.7182 classification=0.0170, bbox_regression=0.0776, bbox_ctrness=0.6088
epoch 10/50 iter 220/1860 loss=0.7174 mean_loss=0.7189 classification=0.0317, bbox_regression=0.0870, bbox_ctrness=0.5987
epoch 10/50 iter 240/1860 loss=0.7072 mean_loss=0.7195 classification=0.0129, bbox_regression=0.0766, bbox_ctrness=0.6177
epoch 10/50 iter 260/1860 loss=0.6614 mean_loss=0.7192 classification=0.0074, bbox_regression=0.0590, bbox_ctrness=0.5949
epoch 10/50 iter 280/1860 loss=0.7340 mean_loss=0.7192 classification=0.0413, bbox_regression=0.0845, bbox_ctrness=0.6082
epoch 10/50 iter 300/1860 loss=0.7038 mean_loss=0.7199 classification=0.0451, bbox_regression=0.0656, bbox_ctrness=0.5931
epoch 10/50 iter 320/1860 loss=0.7252 mean_loss=0.7202 classification=0.0460, bbox_regression=0.0825, bbox_ctrness=0.5967
epoch 10/50 iter 340/1860 loss=0.7135 mean_loss=0.7207 classification=0.0254, bbox_regression=0.0792, bbox_ctrness=0.6088
epoch 10/50 iter 360/1860 loss=0.7419 mean_loss=0.7205 classification=0.0323, bbox_regression=0.0995, bbox_ctrness=0.6101
epoch 10/50 iter 380/1860 loss=0.7259 mean_loss=0.7206 classification=0.0282, bbox_regression=0.0922, bbox_ctrness=0.6056
epoch 10/50 iter 400/1860 loss=0.7200 mean_loss=0.7208 classification=0.0338, bbox_regression=0.0940, bbox_ctrness=0.5922
epoch 10/50 iter 420/1860 loss=0.6967 mean_loss=0.7213 classification=0.0291, bbox_regression=0.0774, bbox_ctrness=0.5903
epoch 10/50 iter 440/1860 loss=0.7422 mean_loss=0.7222 classification=0.0596, bbox_regression=0.0905, bbox_ctrness=0.5921
epoch 10/50 iter 460/1860 loss=0.6824 mean_loss=0.7222 classification=0.0154, bbox_regression=0.0613, bbox_ctrness=0.6057
epoch 10/50 iter 480/1860 loss=0.7148 mean_loss=0.7224 classification=0.0312, bbox_regression=0.0822, bbox_ctrness=0.6014
epoch 10/50 iter 500/1860 loss=0.7037 mean_loss=0.7223 classification=0.0282, bbox_regression=0.0804, bbox_ctrness=0.5950
epoch 10/50 iter 520/1860 loss=0.7088 mean_loss=0.7230 classification=0.0250, bbox_regression=0.0656, bbox_ctrness=0.6182
epoch 10/50 iter 540/1860 loss=0.7269 mean_loss=0.7230 classification=0.0350, bbox_regression=0.0890, bbox_ctrness=0.6028
epoch 10/50 iter 560/1860 loss=0.7734 mean_loss=0.7232 classification=0.0941, bbox_regression=0.0829, bbox_ctrness=0.5964
epoch 10/50 iter 580/1860 loss=0.7296 mean_loss=0.7230 classification=0.0454, bbox_regression=0.0977, bbox_ctrness=0.5866
epoch 10/50 iter 600/1860 loss=0.7183 mean_loss=0.7231 classification=0.0583, bbox_regression=0.0717, bbox_ctrness=0.5883
epoch 10/50 iter 620/1860 loss=0.7488 mean_loss=0.7230 classification=0.0488, bbox_regression=0.0933, bbox_ctrness=0.6066
epoch 10/50 iter 640/1860 loss=0.6983 mean_loss=0.7231 classification=0.0397, bbox_regression=0.0680, bbox_ctrness=0.5907
epoch 10/50 iter 660/1860 loss=0.7201 mean_loss=0.7234 classification=0.0615, bbox_regression=0.0632, bbox_ctrness=0.5954
epoch 10/50 iter 680/1860 loss=0.7984 mean_loss=0.7234 classification=0.1154, bbox_regression=0.0939, bbox_ctrness=0.5892
epoch 10/50 iter 700/1860 loss=0.7457 mean_loss=0.7237 classification=0.0519, bbox_regression=0.0879, bbox_ctrness=0.6060
epoch 10/50 iter 720/1860 loss=0.6838 mean_loss=0.7238 classification=0.0419, bbox_regression=0.0641, bbox_ctrness=0.5779
epoch 10/50 iter 740/1860 loss=0.7285 mean_loss=0.7241 classification=0.0652, bbox_regression=0.0743, bbox_ctrness=0.5890
epoch 10/50 iter 760/1860 loss=0.7038 mean_loss=0.7244 classification=0.0286, bbox_regression=0.0794, bbox_ctrness=0.5958
epoch 10/50 iter 780/1860 loss=0.6845 mean_loss=0.7248 classification=0.0077, bbox_regression=0.0757, bbox_ctrness=0.6011
epoch 10/50 iter 800/1860 loss=0.8037 mean_loss=0.7248 classification=0.0881, bbox_regression=0.1180, bbox_ctrness=0.5976
epoch 10/50 iter 820/1860 loss=0.7135 mean_loss=0.7248 classification=0.0236, bbox_regression=0.0807, bbox_ctrness=0.6092
epoch 10/50 iter 840/1860 loss=0.7450 mean_loss=0.7251 classification=0.0402, bbox_regression=0.0954, bbox_ctrness=0.6094
epoch 10/50 iter 860/1860 loss=0.7462 mean_loss=0.7252 classification=0.0717, bbox_regression=0.0845, bbox_ctrness=0.5900
epoch 10/50 iter 880/1860 loss=0.6900 mean_loss=0.7252 classification=0.0425, bbox_regression=0.0654, bbox_ctrness=0.5822
epoch 10/50 iter 900/1860 loss=0.7631 mean_loss=0.7251 classification=0.0343, bbox_regression=0.1027, bbox_ctrness=0.6261
epoch 10/50 iter 920/1860 loss=0.7757 mean_loss=0.7251 classification=0.1058, bbox_regression=0.0755, bbox_ctrness=0.5944
epoch 10/50 iter 940/1860 loss=0.7653 mean_loss=0.7252 classification=0.0988, bbox_regression=0.0665, bbox_ctrness=0.6001
epoch 10/50 iter 960/1860 loss=0.7756 mean_loss=0.7256 classification=0.0695, bbox_regression=0.0932, bbox_ctrness=0.6129
epoch 10/50 iter 980/1860 loss=0.7412 mean_loss=0.7256 classification=0.0453, bbox_regression=0.0903, bbox_ctrness=0.6056
epoch 10/50 iter 1000/1860 loss=0.7257 mean_loss=0.7257 classification=0.0140, bbox_regression=0.0952, bbox_ctrness=0.6164
epoch 10/50 iter 1020/1860 loss=0.7882 mean_loss=0.7255 classification=0.0672, bbox_regression=0.1097, bbox_ctrness=0.6113
epoch 10/50 iter 1040/1860 loss=0.7196 mean_loss=0.7254 classification=0.0216, bbox_regression=0.0793, bbox_ctrness=0.6187
epoch 10/50 iter 1060/1860 loss=0.6999 mean_loss=0.7251 classification=0.0298, bbox_regression=0.0772, bbox_ctrness=0.5929
epoch 10/50 iter 1080/1860 loss=0.7017 mean_loss=0.7249 classification=0.0205, bbox_regression=0.0819, bbox_ctrness=0.5993
epoch 10/50 iter 1100/1860 loss=0.7072 mean_loss=0.7251 classification=0.0410, bbox_regression=0.0629, bbox_ctrness=0.6033
epoch 10/50 iter 1120/1860 loss=0.7119 mean_loss=0.7251 classification=0.0367, bbox_regression=0.0775, bbox_ctrness=0.5977
epoch 10/50 iter 1140/1860 loss=0.7374 mean_loss=0.7248 classification=0.0426, bbox_regression=0.0927, bbox_ctrness=0.6021
epoch 10/50 iter 1160/1860 loss=0.7040 mean_loss=0.7246 classification=0.0273, bbox_regression=0.0778, bbox_ctrness=0.5989
epoch 10/50 iter 1180/1860 loss=0.7186 mean_loss=0.7244 classification=0.0356, bbox_regression=0.0874, bbox_ctrness=0.5956
epoch 10/50 iter 1200/1860 loss=0.7000 mean_loss=0.7244 classification=0.0154, bbox_regression=0.0687, bbox_ctrness=0.6160
epoch 10/50 iter 1220/1860 loss=0.6723 mean_loss=0.7247 classification=0.0032, bbox_regression=0.0611, bbox_ctrness=0.6080
epoch 10/50 iter 1240/1860 loss=0.7117 mean_loss=0.7248 classification=0.0299, bbox_regression=0.0768, bbox_ctrness=0.6050
epoch 10/50 iter 1260/1860 loss=0.7218 mean_loss=0.7248 classification=0.0491, bbox_regression=0.0696, bbox_ctrness=0.6032
epoch 10/50 iter 1280/1860 loss=0.7336 mean_loss=0.7248 classification=0.0445, bbox_regression=0.0903, bbox_ctrness=0.5987
epoch 10/50 iter 1300/1860 loss=0.6803 mean_loss=0.7250 classification=0.0364, bbox_regression=0.0616, bbox_ctrness=0.5823
epoch 10/50 iter 1320/1860 loss=0.7005 mean_loss=0.7252 classification=0.0227, bbox_regression=0.0748, bbox_ctrness=0.6030
epoch 10/50 iter 1340/1860 loss=0.7898 mean_loss=0.7251 classification=0.0983, bbox_regression=0.1020, bbox_ctrness=0.5894
epoch 10/50 iter 1360/1860 loss=0.7675 mean_loss=0.7252 classification=0.0785, bbox_regression=0.0851, bbox_ctrness=0.6038
epoch 10/50 iter 1380/1860 loss=0.7316 mean_loss=0.7254 classification=0.0307, bbox_regression=0.0931, bbox_ctrness=0.6078
epoch 10/50 iter 1400/1860 loss=0.7958 mean_loss=0.7254 classification=0.0693, bbox_regression=0.1284, bbox_ctrness=0.5981
epoch 10/50 iter 1420/1860 loss=0.7542 mean_loss=0.7254 classification=0.0743, bbox_regression=0.0796, bbox_ctrness=0.6003
epoch 10/50 iter 1440/1860 loss=0.7356 mean_loss=0.7256 classification=0.0663, bbox_regression=0.0726, bbox_ctrness=0.5968
epoch 10/50 iter 1460/1860 loss=0.7082 mean_loss=0.7256 classification=0.0254, bbox_regression=0.0721, bbox_ctrness=0.6106
epoch 10/50 iter 1480/1860 loss=0.7451 mean_loss=0.7258 classification=0.0524, bbox_regression=0.0932, bbox_ctrness=0.5994
epoch 10/50 iter 1500/1860 loss=0.7275 mean_loss=0.7258 classification=0.0445, bbox_regression=0.0826, bbox_ctrness=0.6004
epoch 10/50 iter 1520/1860 loss=0.7421 mean_loss=0.7258 classification=0.0443, bbox_regression=0.0957, bbox_ctrness=0.6022
epoch 10/50 iter 1540/1860 loss=0.7822 mean_loss=0.7257 classification=0.0621, bbox_regression=0.1052, bbox_ctrness=0.6148
epoch 10/50 iter 1560/1860 loss=0.7180 mean_loss=0.7257 classification=0.0184, bbox_regression=0.0963, bbox_ctrness=0.6034
epoch 10/50 iter 1580/1860 loss=0.7803 mean_loss=0.7259 classification=0.1004, bbox_regression=0.0832, bbox_ctrness=0.5967
epoch 10/50 iter 1600/1860 loss=0.7379 mean_loss=0.7258 classification=0.0284, bbox_regression=0.0977, bbox_ctrness=0.6118
epoch 10/50 iter 1620/1860 loss=0.7312 mean_loss=0.7259 classification=0.0480, bbox_regression=0.0880, bbox_ctrness=0.5951
epoch 10/50 iter 1640/1860 loss=0.7568 mean_loss=0.7261 classification=0.0684, bbox_regression=0.0880, bbox_ctrness=0.6004
epoch 10/50 iter 1660/1860 loss=0.7026 mean_loss=0.7261 classification=0.0331, bbox_regression=0.0631, bbox_ctrness=0.6064
epoch 10/50 iter 1680/1860 loss=0.8168 mean_loss=0.7263 classification=0.1162, bbox_regression=0.1093, bbox_ctrness=0.5913
epoch 10/50 iter 1700/1860 loss=0.7312 mean_loss=0.7262 classification=0.0403, bbox_regression=0.0712, bbox_ctrness=0.6196
epoch 10/50 iter 1720/1860 loss=0.7046 mean_loss=0.7262 classification=0.0122, bbox_regression=0.0924, bbox_ctrness=0.5999
epoch 10/50 iter 1740/1860 loss=0.8026 mean_loss=0.7261 classification=0.1046, bbox_regression=0.0934, bbox_ctrness=0.6047
epoch 10/50 iter 1760/1860 loss=0.7296 mean_loss=0.7261 classification=0.0316, bbox_regression=0.0973, bbox_ctrness=0.6007
epoch 10/50 iter 1780/1860 loss=0.7275 mean_loss=0.7261 classification=0.0420, bbox_regression=0.0811, bbox_ctrness=0.6044
epoch 10/50 iter 1800/1860 loss=0.7399 mean_loss=0.7261 classification=0.0496, bbox_regression=0.0894, bbox_ctrness=0.6008
epoch 10/50 iter 1820/1860 loss=0.7004 mean_loss=0.7262 classification=0.0348, bbox_regression=0.0678, bbox_ctrness=0.5979
epoch 10/50 iter 1840/1860 loss=0.6899 mean_loss=0.7261 classification=0.0204, bbox_regression=0.0660, bbox_ctrness=0.6035
epoch 10/50 iter 1860/1860 loss=0.7088 mean_loss=0.7261 classification=0.0177, bbox_regression=0.0816, bbox_ctrness=0.6095
epoch 10 validation Precision=0.5142 Recall=0.9613 AP50=0.9322 AP75=0.8276 eval_fps=20.28 epoch_time_sec=922.1
saved checkpoint: E:\RepViT-main\runs\v48_complete_ablation\training\ra_static_equal_seed2\weights\last.pt
epoch 11/50 iter 1/1860 loss=0.6938 mean_loss=0.6938 classification=0.0197, bbox_regression=0.0655, bbox_ctrness=0.6086
epoch 11/50 iter 20/1860 loss=0.7095 mean_loss=0.7065 classification=0.0394, bbox_regression=0.0626, bbox_ctrness=0.6074
epoch 11/50 iter 40/1860 loss=0.6961 mean_loss=0.7040 classification=0.0149, bbox_regression=0.0734, bbox_ctrness=0.6078
epoch 11/50 iter 60/1860 loss=0.7261 mean_loss=0.7060 classification=0.0397, bbox_regression=0.0881, bbox_ctrness=0.5983
epoch 11/50 iter 80/1860 loss=0.7326 mean_loss=0.7069 classification=0.0421, bbox_regression=0.0908, bbox_ctrness=0.5997
epoch 11/50 iter 100/1860 loss=0.6738 mean_loss=0.7063 classification=0.0293, bbox_regression=0.0606, bbox_ctrness=0.5839
epoch 11/50 iter 120/1860 loss=0.7279 mean_loss=0.7065 classification=0.0364, bbox_regression=0.0787, bbox_ctrness=0.6128
epoch 11/50 iter 140/1860 loss=0.7019 mean_loss=0.7064 classification=0.0349, bbox_regression=0.0671, bbox_ctrness=0.5999
epoch 11/50 iter 160/1860 loss=0.7239 mean_loss=0.7059 classification=0.0443, bbox_regression=0.0744, bbox_ctrness=0.6052
epoch 11/50 iter 180/1860 loss=0.7653 mean_loss=0.7069 classification=0.0374, bbox_regression=0.1268, bbox_ctrness=0.6011
epoch 11/50 iter 200/1860 loss=0.6784 mean_loss=0.7073 classification=0.0318, bbox_regression=0.0645, bbox_ctrness=0.5821
epoch 11/50 iter 220/1860 loss=0.7132 mean_loss=0.7076 classification=0.0455, bbox_regression=0.0785, bbox_ctrness=0.5892
epoch 11/50 iter 240/1860 loss=0.7486 mean_loss=0.7081 classification=0.0351, bbox_regression=0.0939, bbox_ctrness=0.6196
epoch 11/50 iter 260/1860 loss=0.7130 mean_loss=0.7080 classification=0.0360, bbox_regression=0.0749, bbox_ctrness=0.6021
epoch 11/50 iter 280/1860 loss=0.7074 mean_loss=0.7085 classification=0.0551, bbox_regression=0.0576, bbox_ctrness=0.5947
epoch 11/50 iter 300/1860 loss=0.7045 mean_loss=0.7073 classification=0.0233, bbox_regression=0.0824, bbox_ctrness=0.5988
epoch 11/50 iter 320/1860 loss=0.7671 mean_loss=0.7076 classification=0.0567, bbox_regression=0.1113, bbox_ctrness=0.5992
epoch 11/50 iter 340/1860 loss=0.6970 mean_loss=0.7077 classification=0.0213, bbox_regression=0.0768, bbox_ctrness=0.5990
epoch 11/50 iter 360/1860 loss=0.7140 mean_loss=0.7079 classification=0.0472, bbox_regression=0.0743, bbox_ctrness=0.5925
epoch 11/50 iter 380/1860 loss=0.6888 mean_loss=0.7086 classification=0.0290, bbox_regression=0.0628, bbox_ctrness=0.5970
epoch 11/50 iter 400/1860 loss=0.7389 mean_loss=0.7091 classification=0.0501, bbox_regression=0.0810, bbox_ctrness=0.6079
epoch 11/50 iter 420/1860 loss=0.7223 mean_loss=0.7094 classification=0.0409, bbox_regression=0.0788, bbox_ctrness=0.6026
epoch 11/50 iter 440/1860 loss=0.6839 mean_loss=0.7092 classification=0.0163, bbox_regression=0.0669, bbox_ctrness=0.6007
epoch 11/50 iter 460/1860 loss=0.7158 mean_loss=0.7097 classification=0.0318, bbox_regression=0.0846, bbox_ctrness=0.5994
epoch 11/50 iter 480/1860 loss=0.7722 mean_loss=0.7102 classification=0.0664, bbox_regression=0.0939, bbox_ctrness=0.6119
epoch 11/50 iter 500/1860 loss=0.7211 mean_loss=0.7106 classification=0.0480, bbox_regression=0.0751, bbox_ctrness=0.5981
epoch 11/50 iter 520/1860 loss=0.6878 mean_loss=0.7106 classification=0.0306, bbox_regression=0.0664, bbox_ctrness=0.5908
epoch 11/50 iter 540/1860 loss=0.6895 mean_loss=0.7108 classification=0.0351, bbox_regression=0.0706, bbox_ctrness=0.5838
epoch 11/50 iter 560/1860 loss=0.7108 mean_loss=0.7107 classification=0.0090, bbox_regression=0.0899, bbox_ctrness=0.6119
epoch 11/50 iter 580/1860 loss=0.6574 mean_loss=0.7109 classification=0.0101, bbox_regression=0.0458, bbox_ctrness=0.6016
epoch 11/50 iter 600/1860 loss=0.7284 mean_loss=0.7112 classification=0.0280, bbox_regression=0.0929, bbox_ctrness=0.6075
epoch 11/50 iter 620/1860 loss=0.6838 mean_loss=0.7114 classification=0.0243, bbox_regression=0.0724, bbox_ctrness=0.5871
epoch 11/50 iter 640/1860 loss=0.8294 mean_loss=0.7122 classification=0.1087, bbox_regression=0.1270, bbox_ctrness=0.5937
epoch 11/50 iter 660/1860 loss=0.7195 mean_loss=0.7126 classification=0.0227, bbox_regression=0.0814, bbox_ctrness=0.6153
epoch 11/50 iter 680/1860 loss=0.7379 mean_loss=0.7129 classification=0.0493, bbox_regression=0.0790, bbox_ctrness=0.6097
epoch 11/50 iter 700/1860 loss=0.7199 mean_loss=0.7133 classification=0.0296, bbox_regression=0.0768, bbox_ctrness=0.6135
epoch 11/50 iter 720/1860 loss=0.7215 mean_loss=0.7136 classification=0.0516, bbox_regression=0.0858, bbox_ctrness=0.5840
epoch 11/50 iter 740/1860 loss=0.7091 mean_loss=0.7141 classification=0.0326, bbox_regression=0.0714, bbox_ctrness=0.6052
epoch 11/50 iter 760/1860 loss=0.6924 mean_loss=0.7144 classification=0.0337, bbox_regression=0.0668, bbox_ctrness=0.5920
epoch 11/50 iter 780/1860 loss=0.7201 mean_loss=0.7146 classification=0.0166, bbox_regression=0.1089, bbox_ctrness=0.5946
epoch 11/50 iter 800/1860 loss=0.7875 mean_loss=0.7147 classification=0.0767, bbox_regression=0.1089, bbox_ctrness=0.6019
epoch 11/50 iter 820/1860 loss=0.6640 mean_loss=0.7146 classification=0.0109, bbox_regression=0.0574, bbox_ctrness=0.5956
epoch 11/50 iter 840/1860 loss=0.7674 mean_loss=0.7149 classification=0.0592, bbox_regression=0.0934, bbox_ctrness=0.6148
epoch 11/50 iter 860/1860 loss=0.7034 mean_loss=0.7147 classification=0.0153, bbox_regression=0.0771, bbox_ctrness=0.6110
epoch 11/50 iter 880/1860 loss=0.7497 mean_loss=0.7147 classification=0.0583, bbox_regression=0.0924, bbox_ctrness=0.5990
epoch 11/50 iter 900/1860 loss=0.7131 mean_loss=0.7147 classification=0.0272, bbox_regression=0.0826, bbox_ctrness=0.6033
epoch 11/50 iter 920/1860 loss=0.7155 mean_loss=0.7151 classification=0.0340, bbox_regression=0.1003, bbox_ctrness=0.5811
epoch 11/50 iter 940/1860 loss=0.6939 mean_loss=0.7150 classification=0.0277, bbox_regression=0.0708, bbox_ctrness=0.5954
epoch 11/50 iter 960/1860 loss=0.7124 mean_loss=0.7149 classification=0.0403, bbox_regression=0.0740, bbox_ctrness=0.5980
epoch 11/50 iter 980/1860 loss=0.7031 mean_loss=0.7150 classification=0.0248, bbox_regression=0.0658, bbox_ctrness=0.6126
epoch 11/50 iter 1000/1860 loss=0.7079 mean_loss=0.7153 classification=0.0250, bbox_regression=0.0942, bbox_ctrness=0.5887
epoch 11/50 iter 1020/1860 loss=0.7106 mean_loss=0.7155 classification=0.0357, bbox_regression=0.0682, bbox_ctrness=0.6068
epoch 11/50 iter 1040/1860 loss=0.7285 mean_loss=0.7158 classification=0.0439, bbox_regression=0.0820, bbox_ctrness=0.6026
epoch 11/50 iter 1060/1860 loss=0.6990 mean_loss=0.7158 classification=0.0164, bbox_regression=0.0764, bbox_ctrness=0.6062
epoch 11/50 iter 1080/1860 loss=0.7204 mean_loss=0.7158 classification=0.0223, bbox_regression=0.0844, bbox_ctrness=0.6136
epoch 11/50 iter 1100/1860 loss=0.7106 mean_loss=0.7160 classification=0.0282, bbox_regression=0.0727, bbox_ctrness=0.6098
epoch 11/50 iter 1120/1860 loss=0.7296 mean_loss=0.7159 classification=0.0350, bbox_regression=0.0946, bbox_ctrness=0.6001
epoch 11/50 iter 1140/1860 loss=0.6832 mean_loss=0.7158 classification=0.0168, bbox_regression=0.0672, bbox_ctrness=0.5992
epoch 11/50 iter 1160/1860 loss=0.7226 mean_loss=0.7161 classification=0.0440, bbox_regression=0.0687, bbox_ctrness=0.6099
epoch 11/50 iter 1180/1860 loss=0.6773 mean_loss=0.7164 classification=0.0059, bbox_regression=0.0476, bbox_ctrness=0.6238
epoch 11/50 iter 1200/1860 loss=0.6928 mean_loss=0.7165 classification=0.0284, bbox_regression=0.0719, bbox_ctrness=0.5926
epoch 11/50 iter 1220/1860 loss=0.6749 mean_loss=0.7164 classification=0.0276, bbox_regression=0.0602, bbox_ctrness=0.5871
epoch 11/50 iter 1240/1860 loss=0.7166 mean_loss=0.7165 classification=0.0581, bbox_regression=0.0713, bbox_ctrness=0.5872
epoch 11/50 iter 1260/1860 loss=0.7325 mean_loss=0.7167 classification=0.0366, bbox_regression=0.0924, bbox_ctrness=0.6034
epoch 11/50 iter 1280/1860 loss=0.7510 mean_loss=0.7167 classification=0.0617, bbox_regression=0.0790, bbox_ctrness=0.6103
epoch 11/50 iter 1300/1860 loss=0.6782 mean_loss=0.7169 classification=0.0253, bbox_regression=0.0590, bbox_ctrness=0.5940
epoch 11/50 iter 1320/1860 loss=0.6867 mean_loss=0.7168 classification=0.0373, bbox_regression=0.0583, bbox_ctrness=0.5911
epoch 11/50 iter 1340/1860 loss=0.7713 mean_loss=0.7169 classification=0.0450, bbox_regression=0.1220, bbox_ctrness=0.6043
epoch 11/50 iter 1360/1860 loss=0.7076 mean_loss=0.7170 classification=0.0251, bbox_regression=0.0726, bbox_ctrness=0.6099
epoch 11/50 iter 1380/1860 loss=0.6978 mean_loss=0.7171 classification=0.0296, bbox_regression=0.0826, bbox_ctrness=0.5857
epoch 11/50 iter 1400/1860 loss=0.7358 mean_loss=0.7170 classification=0.0630, bbox_regression=0.0744, bbox_ctrness=0.5984
epoch 11/50 iter 1420/1860 loss=0.6955 mean_loss=0.7170 classification=0.0206, bbox_regression=0.0598, bbox_ctrness=0.6150
epoch 11/50 iter 1440/1860 loss=0.7885 mean_loss=0.7172 classification=0.0739, bbox_regression=0.1179, bbox_ctrness=0.5967
epoch 11/50 iter 1460/1860 loss=0.6840 mean_loss=0.7171 classification=0.0424, bbox_regression=0.0629, bbox_ctrness=0.5788
epoch 11/50 iter 1480/1860 loss=0.7183 mean_loss=0.7170 classification=0.0299, bbox_regression=0.0868, bbox_ctrness=0.6015
epoch 11/50 iter 1500/1860 loss=0.6991 mean_loss=0.7170 classification=0.0141, bbox_regression=0.0795, bbox_ctrness=0.6056
epoch 11/50 iter 1520/1860 loss=0.7280 mean_loss=0.7169 classification=0.0385, bbox_regression=0.0868, bbox_ctrness=0.6027
epoch 11/50 iter 1540/1860 loss=0.7027 mean_loss=0.7169 classification=0.0341, bbox_regression=0.0751, bbox_ctrness=0.5935
epoch 11/50 iter 1560/1860 loss=0.7346 mean_loss=0.7169 classification=0.0447, bbox_regression=0.0876, bbox_ctrness=0.6022
epoch 11/50 iter 1580/1860 loss=0.6967 mean_loss=0.7170 classification=0.0114, bbox_regression=0.0704, bbox_ctrness=0.6149
epoch 11/50 iter 1600/1860 loss=0.7183 mean_loss=0.7173 classification=0.0343, bbox_regression=0.0889, bbox_ctrness=0.5951
epoch 11/50 iter 1620/1860 loss=0.7118 mean_loss=0.7173 classification=0.0376, bbox_regression=0.0649, bbox_ctrness=0.6093
epoch 11/50 iter 1640/1860 loss=0.7340 mean_loss=0.7174 classification=0.0523, bbox_regression=0.0824, bbox_ctrness=0.5993
epoch 11/50 iter 1660/1860 loss=0.7754 mean_loss=0.7174 classification=0.0504, bbox_regression=0.1201, bbox_ctrness=0.6049
epoch 11/50 iter 1680/1860 loss=0.6519 mean_loss=0.7174 classification=0.0109, bbox_regression=0.0477, bbox_ctrness=0.5933
epoch 11/50 iter 1700/1860 loss=0.7033 mean_loss=0.7173 classification=0.0339, bbox_regression=0.0703, bbox_ctrness=0.5991
epoch 11/50 iter 1720/1860 loss=0.6857 mean_loss=0.7173 classification=0.0233, bbox_regression=0.0764, bbox_ctrness=0.5860
epoch 11/50 iter 1740/1860 loss=0.7429 mean_loss=0.7173 classification=0.0335, bbox_regression=0.0994, bbox_ctrness=0.6100
epoch 11/50 iter 1760/1860 loss=0.7369 mean_loss=0.7173 classification=0.0323, bbox_regression=0.1105, bbox_ctrness=0.5941
epoch 11/50 iter 1780/1860 loss=0.6949 mean_loss=0.7174 classification=0.0306, bbox_regression=0.0637, bbox_ctrness=0.6006
epoch 11/50 iter 1800/1860 loss=0.7486 mean_loss=0.7175 classification=0.0448, bbox_regression=0.1039, bbox_ctrness=0.5999
epoch 11/50 iter 1820/1860 loss=0.7163 mean_loss=0.7174 classification=0.0378, bbox_regression=0.0877, bbox_ctrness=0.5908
epoch 11/50 iter 1840/1860 loss=0.6890 mean_loss=0.7176 classification=0.0338, bbox_regression=0.0687, bbox_ctrness=0.5864
epoch 11/50 iter 1860/1860 loss=0.7061 mean_loss=0.7176 classification=0.0196, bbox_regression=0.0683, bbox_ctrness=0.6182
epoch 11 validation Precision=0.3526 Recall=0.9645 AP50=0.9295 AP75=0.8221 eval_fps=19.31 epoch_time_sec=928.2
saved checkpoint: E:\RepViT-main\runs\v48_complete_ablation\training\ra_static_equal_seed2\weights\last.pt
epoch 12/50 iter 1/1860 loss=0.6890 mean_loss=0.6890 classification=0.0475, bbox_regression=0.0667, bbox_ctrness=0.5749
epoch 12/50 iter 20/1860 loss=0.7216 mean_loss=0.7061 classification=0.0245, bbox_regression=0.0825, bbox_ctrness=0.6146
epoch 12/50 iter 40/1860 loss=0.7206 mean_loss=0.7055 classification=0.0371, bbox_regression=0.0959, bbox_ctrness=0.5875
epoch 12/50 iter 60/1860 loss=0.7269 mean_loss=0.7078 classification=0.0197, bbox_regression=0.0768, bbox_ctrness=0.6304
epoch 12/50 iter 80/1860 loss=0.6954 mean_loss=0.7073 classification=0.0160, bbox_regression=0.0664, bbox_ctrness=0.6130
epoch 12/50 iter 100/1860 loss=0.7198 mean_loss=0.7084 classification=0.0299, bbox_regression=0.0774, bbox_ctrness=0.6125
epoch 12/50 iter 120/1860 loss=0.7563 mean_loss=0.7075 classification=0.0735, bbox_regression=0.0778, bbox_ctrness=0.6050
epoch 12/50 iter 140/1860 loss=0.6970 mean_loss=0.7068 classification=0.0042, bbox_regression=0.0834, bbox_ctrness=0.6094
epoch 12/50 iter 160/1860 loss=0.6869 mean_loss=0.7074 classification=0.0113, bbox_regression=0.0720, bbox_ctrness=0.6036
epoch 12/50 iter 180/1860 loss=0.7081 mean_loss=0.7079 classification=0.0169, bbox_regression=0.0885, bbox_ctrness=0.6027
epoch 12/50 iter 200/1860 loss=0.6654 mean_loss=0.7088 classification=0.0184, bbox_regression=0.0606, bbox_ctrness=0.5863
epoch 12/50 iter 220/1860 loss=0.7141 mean_loss=0.7086 classification=0.0371, bbox_regression=0.0762, bbox_ctrness=0.6008
epoch 12/50 iter 240/1860 loss=0.7368 mean_loss=0.7085 classification=0.0277, bbox_regression=0.1026, bbox_ctrness=0.6064
epoch 12/50 iter 260/1860 loss=0.8046 mean_loss=0.7087 classification=0.0860, bbox_regression=0.1328, bbox_ctrness=0.5858
epoch 12/50 iter 280/1860 loss=0.6781 mean_loss=0.7083 classification=0.0168, bbox_regression=0.0740, bbox_ctrness=0.5873
epoch 12/50 iter 300/1860 loss=0.7325 mean_loss=0.7077 classification=0.0217, bbox_regression=0.0892, bbox_ctrness=0.6216
epoch 12/50 iter 320/1860 loss=0.7274 mean_loss=0.7075 classification=0.0104, bbox_regression=0.0946, bbox_ctrness=0.6224
epoch 12/50 iter 340/1860 loss=0.7245 mean_loss=0.7075 classification=0.0242, bbox_regression=0.1014, bbox_ctrness=0.5989
epoch 12/50 iter 360/1860 loss=0.6740 mean_loss=0.7081 classification=0.0331, bbox_regression=0.0681, bbox_ctrness=0.5728
epoch 12/50 iter 380/1860 loss=0.7067 mean_loss=0.7076 classification=0.0338, bbox_regression=0.0764, bbox_ctrness=0.5965
epoch 12/50 iter 400/1860 loss=0.7352 mean_loss=0.7073 classification=0.0506, bbox_regression=0.0847, bbox_ctrness=0.6000
epoch 12/50 iter 420/1860 loss=0.7035 mean_loss=0.7077 classification=0.0341, bbox_regression=0.0684, bbox_ctrness=0.6010
epoch 12/50 iter 440/1860 loss=0.7086 mean_loss=0.7078 classification=0.0215, bbox_regression=0.0806, bbox_ctrness=0.6065
epoch 12/50 iter 460/1860 loss=0.6768 mean_loss=0.7081 classification=0.0182, bbox_regression=0.0591, bbox_ctrness=0.5994
epoch 12/50 iter 480/1860 loss=0.7045 mean_loss=0.7082 classification=0.0421, bbox_regression=0.0639, bbox_ctrness=0.5985
epoch 12/50 iter 500/1860 loss=0.6548 mean_loss=0.7083 classification=0.0175, bbox_regression=0.0570, bbox_ctrness=0.5803
epoch 12/50 iter 520/1860 loss=0.6849 mean_loss=0.7086 classification=0.0120, bbox_regression=0.0615, bbox_ctrness=0.6114
epoch 12/50 iter 540/1860 loss=0.7432 mean_loss=0.7089 classification=0.0163, bbox_regression=0.1048, bbox_ctrness=0.6221
epoch 12/50 iter 560/1860 loss=0.6687 mean_loss=0.7087 classification=0.0192, bbox_regression=0.0578, bbox_ctrness=0.5917
epoch 12/50 iter 580/1860 loss=0.7416 mean_loss=0.7087 classification=0.0457, bbox_regression=0.0974, bbox_ctrness=0.5985
epoch 12/50 iter 600/1860 loss=0.7176 mean_loss=0.7088 classification=0.0193, bbox_regression=0.0942, bbox_ctrness=0.6040
epoch 12/50 iter 620/1860 loss=0.6986 mean_loss=0.7086 classification=0.0185, bbox_regression=0.0792, bbox_ctrness=0.6008
epoch 12/50 iter 640/1860 loss=0.7170 mean_loss=0.7089 classification=0.0399, bbox_regression=0.0916, bbox_ctrness=0.5856
epoch 12/50 iter 660/1860 loss=0.7696 mean_loss=0.7090 classification=0.0728, bbox_regression=0.0952, bbox_ctrness=0.6016
epoch 12/50 iter 680/1860 loss=0.6806 mean_loss=0.7091 classification=0.0426, bbox_regression=0.0611, bbox_ctrness=0.5769
epoch 12/50 iter 700/1860 loss=0.6905 mean_loss=0.7090 classification=0.0275, bbox_regression=0.0684, bbox_ctrness=0.5945
epoch 12/50 iter 720/1860 loss=0.7468 mean_loss=0.7092 classification=0.0433, bbox_regression=0.1112, bbox_ctrness=0.5923
epoch 12/50 iter 740/1860 loss=0.6686 mean_loss=0.7094 classification=0.0288, bbox_regression=0.0486, bbox_ctrness=0.5912
epoch 12/50 iter 760/1860 loss=0.7056 mean_loss=0.7093 classification=0.0271, bbox_regression=0.0734, bbox_ctrness=0.6050
epoch 12/50 iter 780/1860 loss=0.6778 mean_loss=0.7095 classification=0.0133, bbox_regression=0.0771, bbox_ctrness=0.5875
epoch 12/50 iter 800/1860 loss=0.6889 mean_loss=0.7093 classification=0.0196, bbox_regression=0.0672, bbox_ctrness=0.6021
epoch 12/50 iter 820/1860 loss=0.7937 mean_loss=0.7091 classification=0.0984, bbox_regression=0.0798, bbox_ctrness=0.6156
epoch 12/50 iter 840/1860 loss=0.7226 mean_loss=0.7092 classification=0.0384, bbox_regression=0.0835, bbox_ctrness=0.6008
epoch 12/50 iter 860/1860 loss=0.6974 mean_loss=0.7093 classification=0.0196, bbox_regression=0.0697, bbox_ctrness=0.6081
epoch 12/50 iter 880/1860 loss=0.7056 mean_loss=0.7095 classification=0.0392, bbox_regression=0.0741, bbox_ctrness=0.5923
epoch 12/50 iter 900/1860 loss=0.6724 mean_loss=0.7094 classification=0.0081, bbox_regression=0.0633, bbox_ctrness=0.6009
epoch 12/50 iter 920/1860 loss=0.6972 mean_loss=0.7093 classification=0.0285, bbox_regression=0.0724, bbox_ctrness=0.5963
epoch 12/50 iter 940/1860 loss=0.7092 mean_loss=0.7094 classification=0.0191, bbox_regression=0.0837, bbox_ctrness=0.6064
epoch 12/50 iter 960/1860 loss=0.6926 mean_loss=0.7094 classification=0.0171, bbox_regression=0.0829, bbox_ctrness=0.5926
epoch 12/50 iter 980/1860 loss=0.7077 mean_loss=0.7097 classification=0.0318, bbox_regression=0.0653, bbox_ctrness=0.6106
epoch 12/50 iter 1000/1860 loss=0.7200 mean_loss=0.7097 classification=0.0339, bbox_regression=0.0556, bbox_ctrness=0.6305
epoch 12/50 iter 1020/1860 loss=0.6995 mean_loss=0.7097 classification=0.0074, bbox_regression=0.0709, bbox_ctrness=0.6213
epoch 12/50 iter 1040/1860 loss=0.6788 mean_loss=0.7099 classification=0.0272, bbox_regression=0.0625, bbox_ctrness=0.5891
epoch 12/50 iter 1060/1860 loss=0.7476 mean_loss=0.7098 classification=0.0772, bbox_regression=0.0663, bbox_ctrness=0.6041
epoch 12/50 iter 1080/1860 loss=0.6774 mean_loss=0.7099 classification=0.0200, bbox_regression=0.0606, bbox_ctrness=0.5969
epoch 12/50 iter 1100/1860 loss=0.7153 mean_loss=0.7098 classification=0.0403, bbox_regression=0.0688, bbox_ctrness=0.6062
epoch 12/50 iter 1120/1860 loss=0.7200 mean_loss=0.7098 classification=0.0301, bbox_regression=0.0802, bbox_ctrness=0.6096
epoch 12/50 iter 1140/1860 loss=0.6594 mean_loss=0.7099 classification=0.0140, bbox_regression=0.0510, bbox_ctrness=0.5944
epoch 12/50 iter 1160/1860 loss=0.6998 mean_loss=0.7098 classification=0.0296, bbox_regression=0.0801, bbox_ctrness=0.5902
epoch 12/50 iter 1180/1860 loss=0.7005 mean_loss=0.7096 classification=0.0213, bbox_regression=0.0791, bbox_ctrness=0.6001
epoch 12/50 iter 1200/1860 loss=0.7201 mean_loss=0.7098 classification=0.0127, bbox_regression=0.0889, bbox_ctrness=0.6185
epoch 12/50 iter 1220/1860 loss=0.7445 mean_loss=0.7097 classification=0.0776, bbox_regression=0.0840, bbox_ctrness=0.5829
epoch 12/50 iter 1240/1860 loss=0.7445 mean_loss=0.7097 classification=0.0399, bbox_regression=0.1039, bbox_ctrness=0.6007
epoch 12/50 iter 1260/1860 loss=0.6818 mean_loss=0.7097 classification=0.0147, bbox_regression=0.0857, bbox_ctrness=0.5814
epoch 12/50 iter 1280/1860 loss=0.7333 mean_loss=0.7099 classification=0.0343, bbox_regression=0.1009, bbox_ctrness=0.5981
epoch 12/50 iter 1300/1860 loss=0.7194 mean_loss=0.7098 classification=0.0339, bbox_regression=0.0887, bbox_ctrness=0.5969
epoch 12/50 iter 1320/1860 loss=0.6794 mean_loss=0.7096 classification=0.0192, bbox_regression=0.0657, bbox_ctrness=0.5945
epoch 12/50 iter 1340/1860 loss=0.7955 mean_loss=0.7098 classification=0.0899, bbox_regression=0.0961, bbox_ctrness=0.6095
epoch 12/50 iter 1360/1860 loss=0.7472 mean_loss=0.7096 classification=0.0441, bbox_regression=0.1009, bbox_ctrness=0.6021
epoch 12/50 iter 1380/1860 loss=0.7131 mean_loss=0.7097 classification=0.0164, bbox_regression=0.0919, bbox_ctrness=0.6048
epoch 12/50 iter 1400/1860 loss=0.6984 mean_loss=0.7097 classification=0.0136, bbox_regression=0.0510, bbox_ctrness=0.6338
epoch 12/50 iter 1420/1860 loss=0.7037 mean_loss=0.7097 classification=0.0288, bbox_regression=0.0695, bbox_ctrness=0.6054
epoch 12/50 iter 1440/1860 loss=0.7235 mean_loss=0.7097 classification=0.0357, bbox_regression=0.0868, bbox_ctrness=0.6009
epoch 12/50 iter 1460/1860 loss=0.7306 mean_loss=0.7096 classification=0.0530, bbox_regression=0.0773, bbox_ctrness=0.6002
epoch 12/50 iter 1480/1860 loss=0.7071 mean_loss=0.7097 classification=0.0309, bbox_regression=0.0728, bbox_ctrness=0.6034
epoch 12/50 iter 1500/1860 loss=0.7072 mean_loss=0.7097 classification=0.0130, bbox_regression=0.0897, bbox_ctrness=0.6046
epoch 12/50 iter 1520/1860 loss=0.6813 mean_loss=0.7095 classification=0.0096, bbox_regression=0.0636, bbox_ctrness=0.6080
epoch 12/50 iter 1540/1860 loss=0.7336 mean_loss=0.7097 classification=0.0397, bbox_regression=0.1103, bbox_ctrness=0.5836
epoch 12/50 iter 1560/1860 loss=0.7520 mean_loss=0.7098 classification=0.0642, bbox_regression=0.0819, bbox_ctrness=0.6058
epoch 12/50 iter 1580/1860 loss=0.7631 mean_loss=0.7098 classification=0.0575, bbox_regression=0.1047, bbox_ctrness=0.6009
epoch 12/50 iter 1600/1860 loss=0.7237 mean_loss=0.7100 classification=0.0387, bbox_regression=0.0733, bbox_ctrness=0.6118
epoch 12/50 iter 1620/1860 loss=0.7423 mean_loss=0.7102 classification=0.0338, bbox_regression=0.0950, bbox_ctrness=0.6135
epoch 12/50 iter 1640/1860 loss=0.6875 mean_loss=0.7104 classification=0.0169, bbox_regression=0.0587, bbox_ctrness=0.6119
epoch 12/50 iter 1660/1860 loss=0.7036 mean_loss=0.7106 classification=0.0152, bbox_regression=0.0817, bbox_ctrness=0.6066
epoch 12/50 iter 1680/1860 loss=0.6755 mean_loss=0.7107 classification=0.0310, bbox_regression=0.0576, bbox_ctrness=0.5869
epoch 12/50 iter 1700/1860 loss=0.7417 mean_loss=0.7106 classification=0.0298, bbox_regression=0.1113, bbox_ctrness=0.6006
epoch 12/50 iter 1720/1860 loss=0.7097 mean_loss=0.7106 classification=0.0301, bbox_regression=0.0905, bbox_ctrness=0.5890
epoch 12/50 iter 1740/1860 loss=0.6939 mean_loss=0.7105 classification=0.0330, bbox_regression=0.0618, bbox_ctrness=0.5991
epoch 12/50 iter 1760/1860 loss=0.6997 mean_loss=0.7104 classification=0.0258, bbox_regression=0.0743, bbox_ctrness=0.5996
epoch 12/50 iter 1780/1860 loss=0.7184 mean_loss=0.7104 classification=0.0320, bbox_regression=0.0909, bbox_ctrness=0.5955
epoch 12/50 iter 1800/1860 loss=0.7646 mean_loss=0.7103 classification=0.0468, bbox_regression=0.1070, bbox_ctrness=0.6109
epoch 12/50 iter 1820/1860 loss=0.7094 mean_loss=0.7102 classification=0.0403, bbox_regression=0.0831, bbox_ctrness=0.5860
epoch 12/50 iter 1840/1860 loss=0.7955 mean_loss=0.7102 classification=0.0785, bbox_regression=0.1076, bbox_ctrness=0.6094
epoch 12/50 iter 1860/1860 loss=0.7005 mean_loss=0.7103 classification=0.0226, bbox_regression=0.0653, bbox_ctrness=0.6127
epoch 12 validation Precision=0.5199 Recall=0.9502 AP50=0.9220 AP75=0.8174 eval_fps=20.80 epoch_time_sec=910.1
saved checkpoint: E:\RepViT-main\runs\v48_complete_ablation\training\ra_static_equal_seed2\weights\last.pt
epoch 13/50 iter 1/1860 loss=0.6950 mean_loss=0.6950 classification=0.0376, bbox_regression=0.0625, bbox_ctrness=0.5949
epoch 13/50 iter 20/1860 loss=0.7263 mean_loss=0.6977 classification=0.0419, bbox_regression=0.0735, bbox_ctrness=0.6110
epoch 13/50 iter 40/1860 loss=0.6872 mean_loss=0.7004 classification=0.0352, bbox_regression=0.0626, bbox_ctrness=0.5894
epoch 13/50 iter 60/1860 loss=0.6680 mean_loss=0.7015 classification=0.0221, bbox_regression=0.0551, bbox_ctrness=0.5909
epoch 13/50 iter 80/1860 loss=0.6876 mean_loss=0.6983 classification=0.0251, bbox_regression=0.0752, bbox_ctrness=0.5873
epoch 13/50 iter 100/1860 loss=0.6709 mean_loss=0.7005 classification=0.0163, bbox_regression=0.0736, bbox_ctrness=0.5810
epoch 13/50 iter 120/1860 loss=0.7253 mean_loss=0.7022 classification=0.0466, bbox_regression=0.0741, bbox_ctrness=0.6047
epoch 13/50 iter 140/1860 loss=0.6741 mean_loss=0.7025 classification=0.0193, bbox_regression=0.0647, bbox_ctrness=0.5901
epoch 13/50 iter 160/1860 loss=0.6770 mean_loss=0.7010 classification=0.0039, bbox_regression=0.0559, bbox_ctrness=0.6172
epoch 13/50 iter 180/1860 loss=0.7806 mean_loss=0.7007 classification=0.0988, bbox_regression=0.0870, bbox_ctrness=0.5949
epoch 13/50 iter 200/1860 loss=0.6978 mean_loss=0.7005 classification=0.0536, bbox_regression=0.0639, bbox_ctrness=0.5802
epoch 13/50 iter 220/1860 loss=0.7168 mean_loss=0.7009 classification=0.0264, bbox_regression=0.0950, bbox_ctrness=0.5954
epoch 13/50 iter 240/1860 loss=0.6908 mean_loss=0.7013 classification=0.0214, bbox_regression=0.0778, bbox_ctrness=0.5916
epoch 13/50 iter 260/1860 loss=0.6963 mean_loss=0.7015 classification=0.0125, bbox_regression=0.0657, bbox_ctrness=0.6181
epoch 13/50 iter 280/1860 loss=0.6923 mean_loss=0.7016 classification=0.0202, bbox_regression=0.0729, bbox_ctrness=0.5993
epoch 13/50 iter 300/1860 loss=0.7067 mean_loss=0.7009 classification=0.0272, bbox_regression=0.0724, bbox_ctrness=0.6070
epoch 13/50 iter 320/1860 loss=0.6988 mean_loss=0.7006 classification=0.0319, bbox_regression=0.0732, bbox_ctrness=0.5937
epoch 13/50 iter 340/1860 loss=0.6748 mean_loss=0.7003 classification=0.0113, bbox_regression=0.0567, bbox_ctrness=0.6068
epoch 13/50 iter 360/1860 loss=0.6874 mean_loss=0.6998 classification=0.0093, bbox_regression=0.0683, bbox_ctrness=0.6098
epoch 13/50 iter 380/1860 loss=0.8192 mean_loss=0.7013 classification=0.1149, bbox_regression=0.1083, bbox_ctrness=0.5959
epoch 13/50 iter 400/1860 loss=0.7156 mean_loss=0.7021 classification=0.0664, bbox_regression=0.0586, bbox_ctrness=0.5905
epoch 13/50 iter 420/1860 loss=0.6934 mean_loss=0.7035 classification=0.0136, bbox_regression=0.0714, bbox_ctrness=0.6084
epoch 13/50 iter 440/1860 loss=0.6884 mean_loss=0.7035 classification=0.0135, bbox_regression=0.0720, bbox_ctrness=0.6029
epoch 13/50 iter 460/1860 loss=0.7526 mean_loss=0.7038 classification=0.0705, bbox_regression=0.0893, bbox_ctrness=0.5928
epoch 13/50 iter 480/1860 loss=0.7196 mean_loss=0.7040 classification=0.0358, bbox_regression=0.0864, bbox_ctrness=0.5974
epoch 13/50 iter 500/1860 loss=0.6615 mean_loss=0.7038 classification=0.0269, bbox_regression=0.0569, bbox_ctrness=0.5777
epoch 13/50 iter 520/1860 loss=0.7278 mean_loss=0.7040 classification=0.0255, bbox_regression=0.0920, bbox_ctrness=0.6103
epoch 13/50 iter 540/1860 loss=0.7033 mean_loss=0.7047 classification=0.0146, bbox_regression=0.0873, bbox_ctrness=0.6013
epoch 13/50 iter 560/1860 loss=0.7044 mean_loss=0.7050 classification=0.0204, bbox_regression=0.0875, bbox_ctrness=0.5964
epoch 13/50 iter 580/1860 loss=0.7036 mean_loss=0.7053 classification=0.0200, bbox_regression=0.0717, bbox_ctrness=0.6120
epoch 13/50 iter 600/1860 loss=0.7455 mean_loss=0.7057 classification=0.0391, bbox_regression=0.0903, bbox_ctrness=0.6160
epoch 13/50 iter 620/1860 loss=0.6762 mean_loss=0.7054 classification=0.0170, bbox_regression=0.0625, bbox_ctrness=0.5967
epoch 13/50 iter 640/1860 loss=0.6922 mean_loss=0.7057 classification=0.0162, bbox_regression=0.0709, bbox_ctrness=0.6051
epoch 13/50 iter 660/1860 loss=0.7054 mean_loss=0.7061 classification=0.0268, bbox_regression=0.0710, bbox_ctrness=0.6077
epoch 13/50 iter 680/1860 loss=0.7161 mean_loss=0.7060 classification=0.0354, bbox_regression=0.0760, bbox_ctrness=0.6047
epoch 13/50 iter 700/1860 loss=0.7149 mean_loss=0.7060 classification=0.0248, bbox_regression=0.0795, bbox_ctrness=0.6105
epoch 13/50 iter 720/1860 loss=0.6873 mean_loss=0.7064 classification=0.0362, bbox_regression=0.0770, bbox_ctrness=0.5741
epoch 13/50 iter 740/1860 loss=0.7024 mean_loss=0.7068 classification=0.0544, bbox_regression=0.0653, bbox_ctrness=0.5826
epoch 13/50 iter 760/1860 loss=0.6959 mean_loss=0.7067 classification=0.0235, bbox_regression=0.0599, bbox_ctrness=0.6125
epoch 13/50 iter 780/1860 loss=0.7512 mean_loss=0.7066 classification=0.0508, bbox_regression=0.0938, bbox_ctrness=0.6066
epoch 13/50 iter 800/1860 loss=0.6942 mean_loss=0.7066 classification=0.0239, bbox_regression=0.0743, bbox_ctrness=0.5960
epoch 13/50 iter 820/1860 loss=0.7126 mean_loss=0.7065 classification=0.0355, bbox_regression=0.0654, bbox_ctrness=0.6117
epoch 13/50 iter 840/1860 loss=0.7400 mean_loss=0.7067 classification=0.0580, bbox_regression=0.0699, bbox_ctrness=0.6120
epoch 13/50 iter 860/1860 loss=0.6928 mean_loss=0.7066 classification=0.0227, bbox_regression=0.0678, bbox_ctrness=0.6023
epoch 13/50 iter 880/1860 loss=0.7135 mean_loss=0.7068 classification=0.0335, bbox_regression=0.0990, bbox_ctrness=0.5811
epoch 13/50 iter 900/1860 loss=0.7014 mean_loss=0.7068 classification=0.0215, bbox_regression=0.0733, bbox_ctrness=0.6066
epoch 13/50 iter 920/1860 loss=0.6764 mean_loss=0.7066 classification=0.0260, bbox_regression=0.0677, bbox_ctrness=0.5827
epoch 13/50 iter 940/1860 loss=0.6754 mean_loss=0.7064 classification=0.0112, bbox_regression=0.0563, bbox_ctrness=0.6079
epoch 13/50 iter 960/1860 loss=0.7326 mean_loss=0.7066 classification=0.0599, bbox_regression=0.0768, bbox_ctrness=0.5959
epoch 13/50 iter 980/1860 loss=0.6695 mean_loss=0.7065 classification=0.0224, bbox_regression=0.0569, bbox_ctrness=0.5902
epoch 13/50 iter 1000/1860 loss=0.6731 mean_loss=0.7063 classification=0.0061, bbox_regression=0.0551, bbox_ctrness=0.6119
epoch 13/50 iter 1020/1860 loss=0.7066 mean_loss=0.7061 classification=0.0173, bbox_regression=0.0796, bbox_ctrness=0.6098
epoch 13/50 iter 1040/1860 loss=0.7187 mean_loss=0.7059 classification=0.0311, bbox_regression=0.0835, bbox_ctrness=0.6041
epoch 13/50 iter 1060/1860 loss=0.6709 mean_loss=0.7059 classification=0.0130, bbox_regression=0.0651, bbox_ctrness=0.5928
epoch 13/50 iter 1080/1860 loss=0.6892 mean_loss=0.7057 classification=0.0218, bbox_regression=0.0680, bbox_ctrness=0.5994
epoch 13/50 iter 1100/1860 loss=0.6659 mean_loss=0.7054 classification=0.0062, bbox_regression=0.0685, bbox_ctrness=0.5912
epoch 13/50 iter 1120/1860 loss=0.6786 mean_loss=0.7051 classification=0.0215, bbox_regression=0.0531, bbox_ctrness=0.6040
epoch 13/50 iter 1140/1860 loss=0.6778 mean_loss=0.7048 classification=0.0090, bbox_regression=0.0628, bbox_ctrness=0.6060
epoch 13/50 iter 1160/1860 loss=0.7476 mean_loss=0.7046 classification=0.0417, bbox_regression=0.0877, bbox_ctrness=0.6182
epoch 13/50 iter 1180/1860 loss=0.7352 mean_loss=0.7045 classification=0.0511, bbox_regression=0.0706, bbox_ctrness=0.6134
epoch 13/50 iter 1200/1860 loss=0.7334 mean_loss=0.7045 classification=0.0578, bbox_regression=0.0822, bbox_ctrness=0.5934
epoch 13/50 iter 1220/1860 loss=0.7030 mean_loss=0.7046 classification=0.0326, bbox_regression=0.0707, bbox_ctrness=0.5997
epoch 13/50 iter 1240/1860 loss=0.7811 mean_loss=0.7049 classification=0.0750, bbox_regression=0.1054, bbox_ctrness=0.6007
epoch 13/50 iter 1260/1860 loss=0.6782 mean_loss=0.7051 classification=0.0042, bbox_regression=0.0614, bbox_ctrness=0.6126
epoch 13/50 iter 1280/1860 loss=0.7077 mean_loss=0.7049 classification=0.0378, bbox_regression=0.0723, bbox_ctrness=0.5975
epoch 13/50 iter 1300/1860 loss=0.6939 mean_loss=0.7050 classification=0.0251, bbox_regression=0.0637, bbox_ctrness=0.6050
epoch 13/50 iter 1320/1860 loss=0.6712 mean_loss=0.7049 classification=0.0133, bbox_regression=0.0673, bbox_ctrness=0.5906
epoch 13/50 iter 1340/1860 loss=0.7113 mean_loss=0.7048 classification=0.0358, bbox_regression=0.0735, bbox_ctrness=0.6020
epoch 13/50 iter 1360/1860 loss=0.9139 mean_loss=0.7050 classification=0.1232, bbox_regression=0.1710, bbox_ctrness=0.6197
epoch 13/50 iter 1380/1860 loss=0.6668 mean_loss=0.7052 classification=0.0280, bbox_regression=0.0547, bbox_ctrness=0.5842
epoch 13/50 iter 1400/1860 loss=0.6780 mean_loss=0.7052 classification=0.0149, bbox_regression=0.0579, bbox_ctrness=0.6052
epoch 13/50 iter 1420/1860 loss=0.7443 mean_loss=0.7052 classification=0.0189, bbox_regression=0.0923, bbox_ctrness=0.6331
epoch 13/50 iter 1440/1860 loss=0.7366 mean_loss=0.7053 classification=0.0435, bbox_regression=0.0780, bbox_ctrness=0.6152
epoch 13/50 iter 1460/1860 loss=0.7121 mean_loss=0.7053 classification=0.0299, bbox_regression=0.0747, bbox_ctrness=0.6075
epoch 13/50 iter 1480/1860 loss=0.6825 mean_loss=0.7055 classification=0.0192, bbox_regression=0.0677, bbox_ctrness=0.5956
epoch 13/50 iter 1500/1860 loss=0.6897 mean_loss=0.7055 classification=0.0327, bbox_regression=0.0655, bbox_ctrness=0.5915
epoch 13/50 iter 1520/1860 loss=0.7366 mean_loss=0.7055 classification=0.0414, bbox_regression=0.1073, bbox_ctrness=0.5879
epoch 13/50 iter 1540/1860 loss=0.7846 mean_loss=0.7057 classification=0.0611, bbox_regression=0.1037, bbox_ctrness=0.6199
epoch 13/50 iter 1560/1860 loss=0.7231 mean_loss=0.7059 classification=0.0536, bbox_regression=0.0733, bbox_ctrness=0.5961
epoch 13/50 iter 1580/1860 loss=0.7557 mean_loss=0.7060 classification=0.0960, bbox_regression=0.0701, bbox_ctrness=0.5896
epoch 13/50 iter 1600/1860 loss=0.6863 mean_loss=0.7059 classification=0.0238, bbox_regression=0.0644, bbox_ctrness=0.5980
epoch 13/50 iter 1620/1860 loss=0.6871 mean_loss=0.7057 classification=0.0159, bbox_regression=0.0746, bbox_ctrness=0.5966
epoch 13/50 iter 1640/1860 loss=0.6535 mean_loss=0.7057 classification=0.0069, bbox_regression=0.0485, bbox_ctrness=0.5982
epoch 13/50 iter 1660/1860 loss=0.6927 mean_loss=0.7058 classification=0.0302, bbox_regression=0.0755, bbox_ctrness=0.5869
epoch 13/50 iter 1680/1860 loss=0.7274 mean_loss=0.7059 classification=0.0443, bbox_regression=0.0821, bbox_ctrness=0.6010
epoch 13/50 iter 1700/1860 loss=0.7529 mean_loss=0.7060 classification=0.0600, bbox_regression=0.0873, bbox_ctrness=0.6056
epoch 13/50 iter 1720/1860 loss=0.7074 mean_loss=0.7059 classification=0.0271, bbox_regression=0.0781, bbox_ctrness=0.6023
epoch 13/50 iter 1740/1860 loss=0.7229 mean_loss=0.7059 classification=0.0360, bbox_regression=0.0712, bbox_ctrness=0.6157
epoch 13/50 iter 1760/1860 loss=0.7273 mean_loss=0.7060 classification=0.0686, bbox_regression=0.0726, bbox_ctrness=0.5861
epoch 13/50 iter 1780/1860 loss=0.7064 mean_loss=0.7061 classification=0.0348, bbox_regression=0.0812, bbox_ctrness=0.5904
epoch 13/50 iter 1800/1860 loss=0.6803 mean_loss=0.7060 classification=0.0418, bbox_regression=0.0618, bbox_ctrness=0.5767
epoch 13/50 iter 1820/1860 loss=0.6916 mean_loss=0.7060 classification=0.0252, bbox_regression=0.0691, bbox_ctrness=0.5973
epoch 13/50 iter 1840/1860 loss=0.6979 mean_loss=0.7059 classification=0.0276, bbox_regression=0.0694, bbox_ctrness=0.6009
epoch 13/50 iter 1860/1860 loss=0.7134 mean_loss=0.7060 classification=0.0210, bbox_regression=0.0939, bbox_ctrness=0.5986
epoch 13 validation Precision=0.6131 Recall=0.9444 AP50=0.9220 AP75=0.8250 eval_fps=21.77 epoch_time_sec=916.9
saved checkpoint: E:\RepViT-main\runs\v48_complete_ablation\training\ra_static_equal_seed2\weights\last.pt
epoch 14/50 iter 1/1860 loss=0.6775 mean_loss=0.6775 classification=0.0182, bbox_regression=0.0664, bbox_ctrness=0.5929
epoch 14/50 iter 20/1860 loss=0.6954 mean_loss=0.6886 classification=0.0396, bbox_regression=0.0664, bbox_ctrness=0.5895
epoch 14/50 iter 40/1860 loss=0.6755 mean_loss=0.6882 classification=0.0084, bbox_regression=0.0581, bbox_ctrness=0.6090
epoch 14/50 iter 60/1860 loss=0.6785 mean_loss=0.6878 classification=0.0181, bbox_regression=0.0698, bbox_ctrness=0.5906
epoch 14/50 iter 80/1860 loss=0.7048 mean_loss=0.6885 classification=0.0154, bbox_regression=0.0826, bbox_ctrness=0.6068
epoch 14/50 iter 100/1860 loss=0.6872 mean_loss=0.6887 classification=0.0077, bbox_regression=0.0659, bbox_ctrness=0.6136
epoch 14/50 iter 120/1860 loss=0.6687 mean_loss=0.6884 classification=0.0143, bbox_regression=0.0526, bbox_ctrness=0.6017
epoch 14/50 iter 140/1860 loss=0.6977 mean_loss=0.6888 classification=0.0299, bbox_regression=0.0701, bbox_ctrness=0.5976
epoch 14/50 iter 160/1860 loss=0.7103 mean_loss=0.6898 classification=0.0642, bbox_regression=0.0481, bbox_ctrness=0.5980
epoch 14/50 iter 180/1860 loss=0.7028 mean_loss=0.6908 classification=0.0420, bbox_regression=0.0812, bbox_ctrness=0.5796
epoch 14/50 iter 200/1860 loss=0.6839 mean_loss=0.6919 classification=0.0079, bbox_regression=0.0727, bbox_ctrness=0.6033
epoch 14/50 iter 220/1860 loss=0.6860 mean_loss=0.6921 classification=0.0187, bbox_regression=0.0704, bbox_ctrness=0.5969
epoch 14/50 iter 240/1860 loss=0.6647 mean_loss=0.6918 classification=0.0166, bbox_regression=0.0603, bbox_ctrness=0.5878
epoch 14/50 iter 260/1860 loss=0.7126 mean_loss=0.6922 classification=0.0334, bbox_regression=0.0847, bbox_ctrness=0.5945
epoch 14/50 iter 280/1860 loss=0.6912 mean_loss=0.6927 classification=0.0437, bbox_regression=0.0538, bbox_ctrness=0.5937
epoch 14/50 iter 300/1860 loss=0.7184 mean_loss=0.6923 classification=0.0319, bbox_regression=0.0769, bbox_ctrness=0.6096
epoch 14/50 iter 320/1860 loss=0.6879 mean_loss=0.6925 classification=0.0196, bbox_regression=0.0622, bbox_ctrness=0.6060
epoch 14/50 iter 340/1860 loss=0.7096 mean_loss=0.6927 classification=0.0362, bbox_regression=0.0719, bbox_ctrness=0.6015
epoch 14/50 iter 360/1860 loss=0.7183 mean_loss=0.6926 classification=0.0138, bbox_regression=0.0834, bbox_ctrness=0.6211
epoch 14/50 iter 380/1860 loss=0.7009 mean_loss=0.6928 classification=0.0302, bbox_regression=0.0767, bbox_ctrness=0.5940
epoch 14/50 iter 400/1860 loss=0.7065 mean_loss=0.6931 classification=0.0272, bbox_regression=0.0801, bbox_ctrness=0.5992
epoch 14/50 iter 420/1860 loss=0.6737 mean_loss=0.6935 classification=0.0054, bbox_regression=0.0652, bbox_ctrness=0.6031
epoch 14/50 iter 440/1860 loss=0.6935 mean_loss=0.6935 classification=0.0248, bbox_regression=0.0606, bbox_ctrness=0.6080
epoch 14/50 iter 460/1860 loss=0.7000 mean_loss=0.6934 classification=0.0129, bbox_regression=0.0813, bbox_ctrness=0.6058
epoch 14/50 iter 480/1860 loss=0.6933 mean_loss=0.6929 classification=0.0307, bbox_regression=0.0644, bbox_ctrness=0.5982
epoch 14/50 iter 500/1860 loss=0.6803 mean_loss=0.6928 classification=0.0113, bbox_regression=0.0632, bbox_ctrness=0.6058
epoch 14/50 iter 520/1860 loss=0.6639 mean_loss=0.6927 classification=0.0017, bbox_regression=0.0606, bbox_ctrness=0.6016
epoch 14/50 iter 540/1860 loss=0.6753 mean_loss=0.6927 classification=0.0022, bbox_regression=0.0745, bbox_ctrness=0.5986
epoch 14/50 iter 560/1860 loss=0.6578 mean_loss=0.6928 classification=0.0125, bbox_regression=0.0518, bbox_ctrness=0.5935
epoch 14/50 iter 580/1860 loss=0.7327 mean_loss=0.6932 classification=0.0467, bbox_regression=0.0879, bbox_ctrness=0.5981
epoch 14/50 iter 600/1860 loss=0.7413 mean_loss=0.6929 classification=0.0735, bbox_regression=0.0802, bbox_ctrness=0.5876
epoch 14/50 iter 620/1860 loss=0.7086 mean_loss=0.6931 classification=0.0320, bbox_regression=0.0671, bbox_ctrness=0.6095
epoch 14/50 iter 640/1860 loss=0.6646 mean_loss=0.6935 classification=0.0113, bbox_regression=0.0665, bbox_ctrness=0.5868
epoch 14/50 iter 660/1860 loss=0.7067 mean_loss=0.6936 classification=0.0197, bbox_regression=0.0924, bbox_ctrness=0.5946
epoch 14/50 iter 680/1860 loss=0.6747 mean_loss=0.6934 classification=0.0148, bbox_regression=0.0715, bbox_ctrness=0.5884
epoch 14/50 iter 700/1860 loss=0.7012 mean_loss=0.6932 classification=0.0311, bbox_regression=0.0822, bbox_ctrness=0.5879
epoch 14/50 iter 720/1860 loss=0.6930 mean_loss=0.6933 classification=0.0391, bbox_regression=0.0611, bbox_ctrness=0.5928
epoch 14/50 iter 740/1860 loss=0.6988 mean_loss=0.6934 classification=0.0215, bbox_regression=0.0910, bbox_ctrness=0.5862
epoch 14/50 iter 760/1860 loss=0.7005 mean_loss=0.6937 classification=0.0210, bbox_regression=0.0850, bbox_ctrness=0.5945
epoch 14/50 iter 780/1860 loss=0.6875 mean_loss=0.6942 classification=0.0209, bbox_regression=0.0662, bbox_ctrness=0.6005
epoch 14/50 iter 800/1860 loss=0.6774 mean_loss=0.6944 classification=0.0193, bbox_regression=0.0678, bbox_ctrness=0.5903
epoch 14/50 iter 820/1860 loss=0.7007 mean_loss=0.6948 classification=0.0290, bbox_regression=0.0693, bbox_ctrness=0.6025
epoch 14/50 iter 840/1860 loss=0.6954 mean_loss=0.6953 classification=0.0204, bbox_regression=0.0690, bbox_ctrness=0.6060
epoch 14/50 iter 860/1860 loss=0.7438 mean_loss=0.6954 classification=0.0514, bbox_regression=0.0905, bbox_ctrness=0.6019
epoch 14/50 iter 880/1860 loss=0.7057 mean_loss=0.6957 classification=0.0307, bbox_regression=0.0766, bbox_ctrness=0.5983
epoch 14/50 iter 900/1860 loss=0.7137 mean_loss=0.6959 classification=0.0347, bbox_regression=0.0776, bbox_ctrness=0.6014
epoch 14/50 iter 920/1860 loss=0.6817 mean_loss=0.6959 classification=0.0195, bbox_regression=0.0659, bbox_ctrness=0.5963
epoch 14/50 iter 940/1860 loss=0.6639 mean_loss=0.6960 classification=0.0182, bbox_regression=0.0622, bbox_ctrness=0.5835
epoch 14/50 iter 960/1860 loss=0.6965 mean_loss=0.6961 classification=0.0142, bbox_regression=0.0726, bbox_ctrness=0.6096
epoch 14/50 iter 980/1860 loss=0.7341 mean_loss=0.6960 classification=0.0387, bbox_regression=0.0852, bbox_ctrness=0.6102
epoch 14/50 iter 1000/1860 loss=0.7175 mean_loss=0.6961 classification=0.0496, bbox_regression=0.0770, bbox_ctrness=0.5909
epoch 14/50 iter 1020/1860 loss=0.6879 mean_loss=0.6961 classification=0.0255, bbox_regression=0.0622, bbox_ctrness=0.6002
epoch 14/50 iter 1040/1860 loss=0.7088 mean_loss=0.6961 classification=0.0489, bbox_regression=0.0706, bbox_ctrness=0.5893
epoch 14/50 iter 1060/1860 loss=0.6692 mean_loss=0.6960 classification=0.0171, bbox_regression=0.0654, bbox_ctrness=0.5867
epoch 14/50 iter 1080/1860 loss=0.6989 mean_loss=0.6961 classification=0.0535, bbox_regression=0.0612, bbox_ctrness=0.5842
epoch 14/50 iter 1100/1860 loss=0.7165 mean_loss=0.6961 classification=0.0146, bbox_regression=0.0813, bbox_ctrness=0.6206
epoch 14/50 iter 1120/1860 loss=0.7396 mean_loss=0.6965 classification=0.0556, bbox_regression=0.0883, bbox_ctrness=0.5957
epoch 14/50 iter 1140/1860 loss=0.6692 mean_loss=0.6965 classification=0.0312, bbox_regression=0.0569, bbox_ctrness=0.5811
epoch 14/50 iter 1160/1860 loss=0.7173 mean_loss=0.6967 classification=0.0348, bbox_regression=0.0848, bbox_ctrness=0.5977
epoch 14/50 iter 1180/1860 loss=0.6791 mean_loss=0.6969 classification=0.0313, bbox_regression=0.0635, bbox_ctrness=0.5844
epoch 14/50 iter 1200/1860 loss=0.6671 mean_loss=0.6970 classification=0.0191, bbox_regression=0.0505, bbox_ctrness=0.5975
epoch 14/50 iter 1220/1860 loss=0.6651 mean_loss=0.6971 classification=0.0200, bbox_regression=0.0619, bbox_ctrness=0.5831
epoch 14/50 iter 1240/1860 loss=0.7290 mean_loss=0.6972 classification=0.0458, bbox_regression=0.0765, bbox_ctrness=0.6067
epoch 14/50 iter 1260/1860 loss=0.6813 mean_loss=0.6974 classification=0.0083, bbox_regression=0.0570, bbox_ctrness=0.6160
epoch 14/50 iter 1280/1860 loss=0.6881 mean_loss=0.6975 classification=0.0160, bbox_regression=0.0743, bbox_ctrness=0.5978
epoch 14/50 iter 1300/1860 loss=0.6775 mean_loss=0.6977 classification=0.0265, bbox_regression=0.0608, bbox_ctrness=0.5902
epoch 14/50 iter 1320/1860 loss=0.6942 mean_loss=0.6978 classification=0.0322, bbox_regression=0.0760, bbox_ctrness=0.5860
epoch 14/50 iter 1340/1860 loss=0.6741 mean_loss=0.6978 classification=0.0190, bbox_regression=0.0595, bbox_ctrness=0.5957
epoch 14/50 iter 1360/1860 loss=0.9102 mean_loss=0.6980 classification=0.1296, bbox_regression=0.1635, bbox_ctrness=0.6171
epoch 14/50 iter 1380/1860 loss=0.7011 mean_loss=0.6979 classification=0.0063, bbox_regression=0.0901, bbox_ctrness=0.6047
epoch 14/50 iter 1400/1860 loss=0.7610 mean_loss=0.6980 classification=0.0519, bbox_regression=0.0962, bbox_ctrness=0.6130
epoch 14/50 iter 1420/1860 loss=0.6734 mean_loss=0.6980 classification=0.0214, bbox_regression=0.0615, bbox_ctrness=0.5906
epoch 14/50 iter 1440/1860 loss=0.7142 mean_loss=0.6979 classification=0.0494, bbox_regression=0.0719, bbox_ctrness=0.5930
epoch 14/50 iter 1460/1860 loss=0.7112 mean_loss=0.6979 classification=0.0308, bbox_regression=0.0796, bbox_ctrness=0.6008
epoch 14/50 iter 1480/1860 loss=0.6710 mean_loss=0.6979 classification=0.0088, bbox_regression=0.0589, bbox_ctrness=0.6033
epoch 14/50 iter 1500/1860 loss=0.7404 mean_loss=0.6981 classification=0.0304, bbox_regression=0.1107, bbox_ctrness=0.5993
epoch 14/50 iter 1520/1860 loss=0.6954 mean_loss=0.6981 classification=0.0340, bbox_regression=0.0760, bbox_ctrness=0.5854
epoch 14/50 iter 1540/1860 loss=0.7053 mean_loss=0.6981 classification=0.0216, bbox_regression=0.0707, bbox_ctrness=0.6130
epoch 14/50 iter 1560/1860 loss=0.7003 mean_loss=0.6982 classification=0.0100, bbox_regression=0.0888, bbox_ctrness=0.6015
epoch 14/50 iter 1580/1860 loss=0.7031 mean_loss=0.6983 classification=0.0211, bbox_regression=0.0876, bbox_ctrness=0.5944
epoch 14/50 iter 1600/1860 loss=0.7281 mean_loss=0.6984 classification=0.0270, bbox_regression=0.0948, bbox_ctrness=0.6063
epoch 14/50 iter 1620/1860 loss=0.6712 mean_loss=0.6983 classification=0.0185, bbox_regression=0.0727, bbox_ctrness=0.5800
epoch 14/50 iter 1640/1860 loss=0.6814 mean_loss=0.6985 classification=0.0187, bbox_regression=0.0713, bbox_ctrness=0.5914
epoch 14/50 iter 1660/1860 loss=0.6964 mean_loss=0.6985 classification=0.0138, bbox_regression=0.0728, bbox_ctrness=0.6099
epoch 14/50 iter 1680/1860 loss=0.6575 mean_loss=0.6985 classification=0.0100, bbox_regression=0.0537, bbox_ctrness=0.5937
epoch 14/50 iter 1700/1860 loss=0.8003 mean_loss=0.6985 classification=0.1273, bbox_regression=0.0649, bbox_ctrness=0.6080
epoch 14/50 iter 1720/1860 loss=0.7623 mean_loss=0.6986 classification=0.0548, bbox_regression=0.0951, bbox_ctrness=0.6124
epoch 14/50 iter 1740/1860 loss=0.7426 mean_loss=0.6988 classification=0.0598, bbox_regression=0.0775, bbox_ctrness=0.6053
epoch 14/50 iter 1760/1860 loss=0.6865 mean_loss=0.6988 classification=0.0129, bbox_regression=0.0578, bbox_ctrness=0.6159
epoch 14/50 iter 1780/1860 loss=0.7452 mean_loss=0.6987 classification=0.0602, bbox_regression=0.0839, bbox_ctrness=0.6010
epoch 14/50 iter 1800/1860 loss=0.7116 mean_loss=0.6989 classification=0.0268, bbox_regression=0.0822, bbox_ctrness=0.6025
epoch 14/50 iter 1820/1860 loss=0.6664 mean_loss=0.6989 classification=0.0253, bbox_regression=0.0657, bbox_ctrness=0.5754
epoch 14/50 iter 1840/1860 loss=0.6800 mean_loss=0.6989 classification=0.0139, bbox_regression=0.0560, bbox_ctrness=0.6102
epoch 14/50 iter 1860/1860 loss=0.7058 mean_loss=0.6989 classification=0.0301, bbox_regression=0.0653, bbox_ctrness=0.6103
epoch 14 validation Precision=0.6834 Recall=0.9409 AP50=0.9205 AP75=0.8255 eval_fps=21.16 epoch_time_sec=891.4
saved checkpoint: E:\RepViT-main\runs\v48_complete_ablation\training\ra_static_equal_seed2\weights\last.pt
epoch 15/50 iter 1/1860 loss=0.6802 mean_loss=0.6802 classification=0.0196, bbox_regression=0.0625, bbox_ctrness=0.5981
epoch 15/50 iter 20/1860 loss=0.6562 mean_loss=0.6794 classification=0.0165, bbox_regression=0.0552, bbox_ctrness=0.5845
epoch 15/50 iter 40/1860 loss=0.7045 mean_loss=0.6805 classification=0.0228, bbox_regression=0.0799, bbox_ctrness=0.6018
epoch 15/50 iter 60/1860 loss=0.6623 mean_loss=0.6799 classification=0.0034, bbox_regression=0.0552, bbox_ctrness=0.6038
epoch 15/50 iter 80/1860 loss=0.6767 mean_loss=0.6812 classification=0.0142, bbox_regression=0.0638, bbox_ctrness=0.5987
epoch 15/50 iter 100/1860 loss=0.6688 mean_loss=0.6796 classification=0.0067, bbox_regression=0.0672, bbox_ctrness=0.5950
epoch 15/50 iter 120/1860 loss=0.6940 mean_loss=0.6797 classification=0.0239, bbox_regression=0.0736, bbox_ctrness=0.5965
epoch 15/50 iter 140/1860 loss=0.7517 mean_loss=0.6804 classification=0.0940, bbox_regression=0.0555, bbox_ctrness=0.6021
epoch 15/50 iter 160/1860 loss=0.6717 mean_loss=0.6836 classification=0.0170, bbox_regression=0.0488, bbox_ctrness=0.6059
epoch 15/50 iter 180/1860 loss=0.6394 mean_loss=0.6841 classification=0.0107, bbox_regression=0.0586, bbox_ctrness=0.5701
epoch 15/50 iter 200/1860 loss=0.7152 mean_loss=0.6850 classification=0.0305, bbox_regression=0.0643, bbox_ctrness=0.6203
epoch 15/50 iter 220/1860 loss=0.6633 mean_loss=0.6859 classification=0.0076, bbox_regression=0.0612, bbox_ctrness=0.5944
epoch 15/50 iter 240/1860 loss=0.6544 mean_loss=0.6865 classification=0.0089, bbox_regression=0.0510, bbox_ctrness=0.5945
epoch 15/50 iter 260/1860 loss=0.6877 mean_loss=0.6860 classification=0.0044, bbox_regression=0.0718, bbox_ctrness=0.6114
epoch 15/50 iter 280/1860 loss=0.6908 mean_loss=0.6861 classification=0.0344, bbox_regression=0.0716, bbox_ctrness=0.5848
epoch 15/50 iter 300/1860 loss=0.6762 mean_loss=0.6860 classification=0.0144, bbox_regression=0.0646, bbox_ctrness=0.5971
epoch 15/50 iter 320/1860 loss=0.6940 mean_loss=0.6866 classification=0.0179, bbox_regression=0.0718, bbox_ctrness=0.6043
epoch 15/50 iter 340/1860 loss=0.7128 mean_loss=0.6862 classification=0.0486, bbox_regression=0.0729, bbox_ctrness=0.5913
epoch 15/50 iter 360/1860 loss=0.6727 mean_loss=0.6860 classification=0.0078, bbox_regression=0.0548, bbox_ctrness=0.6102
epoch 15/50 iter 380/1860 loss=0.7161 mean_loss=0.6861 classification=0.0292, bbox_regression=0.0836, bbox_ctrness=0.6033
epoch 15/50 iter 400/1860 loss=0.6899 mean_loss=0.6865 classification=0.0364, bbox_regression=0.0666, bbox_ctrness=0.5870
epoch 15/50 iter 420/1860 loss=0.7069 mean_loss=0.6867 classification=0.0363, bbox_regression=0.0673, bbox_ctrness=0.6033
epoch 15/50 iter 440/1860 loss=0.6781 mean_loss=0.6874 classification=0.0266, bbox_regression=0.0729, bbox_ctrness=0.5786
epoch 15/50 iter 460/1860 loss=0.7020 mean_loss=0.6875 classification=0.0170, bbox_regression=0.0810, bbox_ctrness=0.6040
epoch 15/50 iter 480/1860 loss=0.6414 mean_loss=0.6876 classification=0.0148, bbox_regression=0.0410, bbox_ctrness=0.5856
epoch 15/50 iter 500/1860 loss=0.7190 mean_loss=0.6877 classification=0.0490, bbox_regression=0.0808, bbox_ctrness=0.5893
epoch 15/50 iter 520/1860 loss=0.6660 mean_loss=0.6878 classification=0.0095, bbox_regression=0.0656, bbox_ctrness=0.5908
epoch 15/50 iter 540/1860 loss=0.7002 mean_loss=0.6879 classification=0.0313, bbox_regression=0.0685, bbox_ctrness=0.6004
epoch 15/50 iter 560/1860 loss=0.7205 mean_loss=0.6884 classification=0.0206, bbox_regression=0.0827, bbox_ctrness=0.6172
epoch 15/50 iter 580/1860 loss=0.6849 mean_loss=0.6882 classification=0.0059, bbox_regression=0.0760, bbox_ctrness=0.6030
epoch 15/50 iter 600/1860 loss=0.6824 mean_loss=0.6883 classification=0.0130, bbox_regression=0.0634, bbox_ctrness=0.6060
epoch 15/50 iter 620/1860 loss=0.7243 mean_loss=0.6885 classification=0.0440, bbox_regression=0.0781, bbox_ctrness=0.6023
epoch 15/50 iter 640/1860 loss=0.7010 mean_loss=0.6887 classification=0.0161, bbox_regression=0.0777, bbox_ctrness=0.6072
epoch 15/50 iter 660/1860 loss=0.6523 mean_loss=0.6888 classification=0.0125, bbox_regression=0.0546, bbox_ctrness=0.5852
epoch 15/50 iter 680/1860 loss=0.7846 mean_loss=0.6890 classification=0.1088, bbox_regression=0.0799, bbox_ctrness=0.5958
epoch 15/50 iter 700/1860 loss=0.8344 mean_loss=0.6891 classification=0.1616, bbox_regression=0.0812, bbox_ctrness=0.5915
epoch 15/50 iter 720/1860 loss=0.7068 mean_loss=0.6895 classification=0.0280, bbox_regression=0.0786, bbox_ctrness=0.6002
epoch 15/50 iter 740/1860 loss=0.6470 mean_loss=0.6892 classification=0.0154, bbox_regression=0.0462, bbox_ctrness=0.5853
epoch 15/50 iter 760/1860 loss=0.6855 mean_loss=0.6890 classification=0.0160, bbox_regression=0.0718, bbox_ctrness=0.5977
epoch 15/50 iter 780/1860 loss=0.6705 mean_loss=0.6890 classification=0.0257, bbox_regression=0.0589, bbox_ctrness=0.5858
epoch 15/50 iter 800/1860 loss=0.7149 mean_loss=0.6891 classification=0.0295, bbox_regression=0.0788, bbox_ctrness=0.6065
epoch 15/50 iter 820/1860 loss=0.6933 mean_loss=0.6892 classification=0.0078, bbox_regression=0.0855, bbox_ctrness=0.6000
epoch 15/50 iter 840/1860 loss=0.7073 mean_loss=0.6893 classification=0.0304, bbox_regression=0.0594, bbox_ctrness=0.6175
epoch 15/50 iter 860/1860 loss=0.6797 mean_loss=0.6895 classification=0.0004, bbox_regression=0.0627, bbox_ctrness=0.6167
epoch 15/50 iter 880/1860 loss=0.6937 mean_loss=0.6899 classification=0.0236, bbox_regression=0.0690, bbox_ctrness=0.6011
epoch 15/50 iter 900/1860 loss=0.6920 mean_loss=0.6898 classification=0.0098, bbox_regression=0.0792, bbox_ctrness=0.6030
epoch 15/50 iter 920/1860 loss=0.7278 mean_loss=0.6898 classification=0.0234, bbox_regression=0.0936, bbox_ctrness=0.6108
epoch 15/50 iter 940/1860 loss=0.6782 mean_loss=0.6898 classification=0.0167, bbox_regression=0.0670, bbox_ctrness=0.5945
epoch 15/50 iter 960/1860 loss=0.7013 mean_loss=0.6900 classification=0.0181, bbox_regression=0.0746, bbox_ctrness=0.6087
epoch 15/50 iter 980/1860 loss=0.6691 mean_loss=0.6900 classification=0.0107, bbox_regression=0.0696, bbox_ctrness=0.5889
epoch 15/50 iter 1000/1860 loss=0.6896 mean_loss=0.6903 classification=0.0308, bbox_regression=0.0634, bbox_ctrness=0.5955
epoch 15/50 iter 1020/1860 loss=0.7078 mean_loss=0.6904 classification=0.0333, bbox_regression=0.0773, bbox_ctrness=0.5971
epoch 15/50 iter 1040/1860 loss=0.8012 mean_loss=0.6907 classification=0.1484, bbox_regression=0.0554, bbox_ctrness=0.5974
epoch 15/50 iter 1060/1860 loss=0.7157 mean_loss=0.6909 classification=0.0213, bbox_regression=0.0848, bbox_ctrness=0.6096
epoch 15/50 iter 1080/1860 loss=0.6682 mean_loss=0.6910 classification=0.0221, bbox_regression=0.0519, bbox_ctrness=0.5943
epoch 15/50 iter 1100/1860 loss=0.7266 mean_loss=0.6910 classification=0.0572, bbox_regression=0.0830, bbox_ctrness=0.5864
epoch 15/50 iter 1120/1860 loss=0.6594 mean_loss=0.6910 classification=0.0057, bbox_regression=0.0567, bbox_ctrness=0.5971
epoch 15/50 iter 1140/1860 loss=0.6991 mean_loss=0.6911 classification=0.0277, bbox_regression=0.0602, bbox_ctrness=0.6112
epoch 15/50 iter 1160/1860 loss=0.6780 mean_loss=0.6911 classification=0.0216, bbox_regression=0.0616, bbox_ctrness=0.5948
epoch 15/50 iter 1180/1860 loss=0.6773 mean_loss=0.6913 classification=0.0092, bbox_regression=0.0559, bbox_ctrness=0.6121
epoch 15/50 iter 1200/1860 loss=0.7249 mean_loss=0.6913 classification=0.0346, bbox_regression=0.0897, bbox_ctrness=0.6006
epoch 15/50 iter 1220/1860 loss=0.7056 mean_loss=0.6912 classification=0.0411, bbox_regression=0.0606, bbox_ctrness=0.6040
epoch 15/50 iter 1240/1860 loss=0.6754 mean_loss=0.6912 classification=0.0322, bbox_regression=0.0617, bbox_ctrness=0.5815
epoch 15/50 iter 1260/1860 loss=0.8000 mean_loss=0.6912 classification=0.1093, bbox_regression=0.0846, bbox_ctrness=0.6061
epoch 15/50 iter 1280/1860 loss=0.6878 mean_loss=0.6914 classification=0.0252, bbox_regression=0.0604, bbox_ctrness=0.6022
epoch 15/50 iter 1300/1860 loss=0.7487 mean_loss=0.6915 classification=0.0510, bbox_regression=0.0860, bbox_ctrness=0.6117
epoch 15/50 iter 1320/1860 loss=0.6664 mean_loss=0.6915 classification=0.0124, bbox_regression=0.0622, bbox_ctrness=0.5918
epoch 15/50 iter 1340/1860 loss=0.6722 mean_loss=0.6915 classification=0.0082, bbox_regression=0.0595, bbox_ctrness=0.6045
epoch 15/50 iter 1360/1860 loss=0.6965 mean_loss=0.6917 classification=0.0217, bbox_regression=0.0623, bbox_ctrness=0.6125
epoch 15/50 iter 1380/1860 loss=0.6897 mean_loss=0.6918 classification=0.0173, bbox_regression=0.0675, bbox_ctrness=0.6048
epoch 15/50 iter 1400/1860 loss=0.6733 mean_loss=0.6919 classification=0.0268, bbox_regression=0.0622, bbox_ctrness=0.5844
epoch 15/50 iter 1420/1860 loss=0.7110 mean_loss=0.6918 classification=0.0468, bbox_regression=0.0584, bbox_ctrness=0.6059
epoch 15/50 iter 1440/1860 loss=0.6818 mean_loss=0.6919 classification=0.0237, bbox_regression=0.0564, bbox_ctrness=0.6017
epoch 15/50 iter 1460/1860 loss=0.6814 mean_loss=0.6921 classification=0.0213, bbox_regression=0.0644, bbox_ctrness=0.5957
epoch 15/50 iter 1480/1860 loss=0.6781 mean_loss=0.6923 classification=0.0111, bbox_regression=0.0629, bbox_ctrness=0.6041
epoch 15/50 iter 1500/1860 loss=0.7146 mean_loss=0.6923 classification=0.0300, bbox_regression=0.0797, bbox_ctrness=0.6050
epoch 15/50 iter 1520/1860 loss=0.7052 mean_loss=0.6924 classification=0.0367, bbox_regression=0.0631, bbox_ctrness=0.6054
epoch 15/50 iter 1540/1860 loss=0.6582 mean_loss=0.6925 classification=0.0199, bbox_regression=0.0586, bbox_ctrness=0.5796
epoch 15/50 iter 1560/1860 loss=0.6856 mean_loss=0.6925 classification=0.0140, bbox_regression=0.0718, bbox_ctrness=0.5997
epoch 15/50 iter 1580/1860 loss=0.7168 mean_loss=0.6928 classification=0.0336, bbox_regression=0.0812, bbox_ctrness=0.6019
epoch 15/50 iter 1600/1860 loss=0.7314 mean_loss=0.6930 classification=0.0636, bbox_regression=0.0822, bbox_ctrness=0.5855
epoch 15/50 iter 1620/1860 loss=0.6578 mean_loss=0.6930 classification=0.0128, bbox_regression=0.0491, bbox_ctrness=0.5959
epoch 15/50 iter 1640/1860 loss=0.6842 mean_loss=0.6929 classification=0.0104, bbox_regression=0.0709, bbox_ctrness=0.6029
epoch 15/50 iter 1660/1860 loss=0.6798 mean_loss=0.6930 classification=0.0281, bbox_regression=0.0599, bbox_ctrness=0.5918
epoch 15/50 iter 1680/1860 loss=0.6718 mean_loss=0.6930 classification=0.0181, bbox_regression=0.0520, bbox_ctrness=0.6017
epoch 15/50 iter 1700/1860 loss=0.6885 mean_loss=0.6930 classification=0.0213, bbox_regression=0.0587, bbox_ctrness=0.6086
epoch 15/50 iter 1720/1860 loss=0.6965 mean_loss=0.6932 classification=0.0153, bbox_regression=0.0658, bbox_ctrness=0.6153
epoch 15/50 iter 1740/1860 loss=0.6815 mean_loss=0.6933 classification=0.0176, bbox_regression=0.0661, bbox_ctrness=0.5978
epoch 15/50 iter 1760/1860 loss=0.6601 mean_loss=0.6935 classification=0.0025, bbox_regression=0.0600, bbox_ctrness=0.5976
epoch 15/50 iter 1780/1860 loss=0.6743 mean_loss=0.6936 classification=0.0340, bbox_regression=0.0659, bbox_ctrness=0.5744
epoch 15/50 iter 1800/1860 loss=0.6847 mean_loss=0.6935 classification=0.0162, bbox_regression=0.0784, bbox_ctrness=0.5901
epoch 15/50 iter 1820/1860 loss=0.6767 mean_loss=0.6936 classification=0.0192, bbox_regression=0.0572, bbox_ctrness=0.6003
epoch 15/50 iter 1840/1860 loss=0.8555 mean_loss=0.6937 classification=0.1297, bbox_regression=0.1341, bbox_ctrness=0.5916
epoch 15/50 iter 1860/1860 loss=0.6784 mean_loss=0.6938 classification=0.0106, bbox_regression=0.0654, bbox_ctrness=0.6024
epoch 15 validation Precision=0.5775 Recall=0.9518 AP50=0.9272 AP75=0.8333 eval_fps=20.73 epoch_time_sec=913.9
saved checkpoint: E:\RepViT-main\runs\v48_complete_ablation\training\ra_static_equal_seed2\weights\last.pt
epoch 16/50 iter 1/1860 loss=0.6585 mean_loss=0.6585 classification=0.0067, bbox_regression=0.0530, bbox_ctrness=0.5988
epoch 16/50 iter 20/1860 loss=0.6573 mean_loss=0.6915 classification=0.0138, bbox_regression=0.0735, bbox_ctrness=0.5700
epoch 16/50 iter 40/1860 loss=0.6679 mean_loss=0.6830 classification=0.0037, bbox_regression=0.0538, bbox_ctrness=0.6104
epoch 16/50 iter 60/1860 loss=0.6581 mean_loss=0.6836 classification=0.0055, bbox_regression=0.0510, bbox_ctrness=0.6016
epoch 16/50 iter 80/1860 loss=0.6929 mean_loss=0.6851 classification=0.0110, bbox_regression=0.0715, bbox_ctrness=0.6105
epoch 16/50 iter 100/1860 loss=0.6867 mean_loss=0.6859 classification=0.0151, bbox_regression=0.0687, bbox_ctrness=0.6030
epoch 16/50 iter 120/1860 loss=0.6656 mean_loss=0.6859 classification=0.0093, bbox_regression=0.0651, bbox_ctrness=0.5912
epoch 16/50 iter 140/1860 loss=0.6568 mean_loss=0.6858 classification=0.0147, bbox_regression=0.0543, bbox_ctrness=0.5878
epoch 16/50 iter 160/1860 loss=0.7064 mean_loss=0.6865 classification=0.0429, bbox_regression=0.0687, bbox_ctrness=0.5948
epoch 16/50 iter 180/1860 loss=0.7304 mean_loss=0.6868 classification=0.0554, bbox_regression=0.0747, bbox_ctrness=0.6002
epoch 16/50 iter 200/1860 loss=0.6817 mean_loss=0.6860 classification=0.0192, bbox_regression=0.0490, bbox_ctrness=0.6135
epoch 16/50 iter 220/1860 loss=0.6765 mean_loss=0.6861 classification=0.0063, bbox_regression=0.0571, bbox_ctrness=0.6131
epoch 16/50 iter 240/1860 loss=0.7000 mean_loss=0.6861 classification=0.0317, bbox_regression=0.0640, bbox_ctrness=0.6044
epoch 16/50 iter 260/1860 loss=0.7122 mean_loss=0.6862 classification=0.0212, bbox_regression=0.0713, bbox_ctrness=0.6197
epoch 16/50 iter 280/1860 loss=0.6908 mean_loss=0.6861 classification=0.0013, bbox_regression=0.0701, bbox_ctrness=0.6195
epoch 16/50 iter 300/1860 loss=0.6892 mean_loss=0.6865 classification=0.0260, bbox_regression=0.0617, bbox_ctrness=0.6016
epoch 16/50 iter 320/1860 loss=0.6804 mean_loss=0.6868 classification=0.0269, bbox_regression=0.0652, bbox_ctrness=0.5883
epoch 16/50 iter 340/1860 loss=0.7050 mean_loss=0.6878 classification=0.0162, bbox_regression=0.0825, bbox_ctrness=0.6063
epoch 16/50 iter 360/1860 loss=0.7190 mean_loss=0.6885 classification=0.0225, bbox_regression=0.0803, bbox_ctrness=0.6163
epoch 16/50 iter 380/1860 loss=0.7069 mean_loss=0.6892 classification=0.0354, bbox_regression=0.0701, bbox_ctrness=0.6014
epoch 16/50 iter 400/1860 loss=0.6904 mean_loss=0.6899 classification=0.0280, bbox_regression=0.0704, bbox_ctrness=0.5920
epoch 16/50 iter 420/1860 loss=0.6889 mean_loss=0.6903 classification=0.0294, bbox_regression=0.0630, bbox_ctrness=0.5966
epoch 16/50 iter 440/1860 loss=0.6858 mean_loss=0.6902 classification=0.0106, bbox_regression=0.0747, bbox_ctrness=0.6005
epoch 16/50 iter 460/1860 loss=0.6670 mean_loss=0.6902 classification=0.0118, bbox_regression=0.0536, bbox_ctrness=0.6015
epoch 16/50 iter 480/1860 loss=0.6863 mean_loss=0.6902 classification=0.0109, bbox_regression=0.0559, bbox_ctrness=0.6195
epoch 16/50 iter 500/1860 loss=0.6817 mean_loss=0.6907 classification=0.0204, bbox_regression=0.0554, bbox_ctrness=0.6059
epoch 16/50 iter 520/1860 loss=0.6986 mean_loss=0.6907 classification=0.0225, bbox_regression=0.0694, bbox_ctrness=0.6066
epoch 16/50 iter 540/1860 loss=0.6725 mean_loss=0.6906 classification=0.0097, bbox_regression=0.0628, bbox_ctrness=0.6000
epoch 16/50 iter 560/1860 loss=0.6950 mean_loss=0.6906 classification=0.0184, bbox_regression=0.0743, bbox_ctrness=0.6024
epoch 16/50 iter 580/1860 loss=0.7312 mean_loss=0.6905 classification=0.0445, bbox_regression=0.1030, bbox_ctrness=0.5837
epoch 16/50 iter 600/1860 loss=0.6413 mean_loss=0.6904 classification=0.0121, bbox_regression=0.0507, bbox_ctrness=0.5785
epoch 16/50 iter 620/1860 loss=0.6962 mean_loss=0.6903 classification=0.0289, bbox_regression=0.0718, bbox_ctrness=0.5956
epoch 16/50 iter 640/1860 loss=0.6872 mean_loss=0.6906 classification=0.0388, bbox_regression=0.0828, bbox_ctrness=0.5656
epoch 16/50 iter 660/1860 loss=0.6885 mean_loss=0.6903 classification=0.0149, bbox_regression=0.0617, bbox_ctrness=0.6119
epoch 16/50 iter 680/1860 loss=0.7308 mean_loss=0.6902 classification=0.0338, bbox_regression=0.0899, bbox_ctrness=0.6071
epoch 16/50 iter 700/1860 loss=0.6724 mean_loss=0.6903 classification=0.0078, bbox_regression=0.0637, bbox_ctrness=0.6009
epoch 16/50 iter 720/1860 loss=0.6602 mean_loss=0.6901 classification=0.0157, bbox_regression=0.0555, bbox_ctrness=0.5890
epoch 16/50 iter 740/1860 loss=0.6748 mean_loss=0.6900 classification=0.0140, bbox_regression=0.0668, bbox_ctrness=0.5939
epoch 16/50 iter 760/1860 loss=0.6838 mean_loss=0.6900 classification=0.0105, bbox_regression=0.0721, bbox_ctrness=0.6013
epoch 16/50 iter 780/1860 loss=0.6838 mean_loss=0.6898 classification=0.0045, bbox_regression=0.0613, bbox_ctrness=0.6180
epoch 16/50 iter 800/1860 loss=0.6773 mean_loss=0.6895 classification=0.0135, bbox_regression=0.0627, bbox_ctrness=0.6011
epoch 16/50 iter 820/1860 loss=0.6900 mean_loss=0.6895 classification=0.0036, bbox_regression=0.0731, bbox_ctrness=0.6134
epoch 16/50 iter 840/1860 loss=0.7271 mean_loss=0.6894 classification=0.0383, bbox_regression=0.0885, bbox_ctrness=0.6003
epoch 16/50 iter 860/1860 loss=0.6882 mean_loss=0.6894 classification=0.0265, bbox_regression=0.0634, bbox_ctrness=0.5983
epoch 16/50 iter 880/1860 loss=0.7101 mean_loss=0.6892 classification=0.0357, bbox_regression=0.0784, bbox_ctrness=0.5961
epoch 16/50 iter 900/1860 loss=0.6654 mean_loss=0.6895 classification=0.0186, bbox_regression=0.0589, bbox_ctrness=0.5880
epoch 16/50 iter 920/1860 loss=0.6978 mean_loss=0.6893 classification=0.0285, bbox_regression=0.0624, bbox_ctrness=0.6069
epoch 16/50 iter 940/1860 loss=0.7006 mean_loss=0.6893 classification=0.0268, bbox_regression=0.0700, bbox_ctrness=0.6037
epoch 16/50 iter 960/1860 loss=0.7011 mean_loss=0.6894 classification=0.0289, bbox_regression=0.0701, bbox_ctrness=0.6021
epoch 16/50 iter 980/1860 loss=0.7068 mean_loss=0.6893 classification=0.0311, bbox_regression=0.0754, bbox_ctrness=0.6003
epoch 16/50 iter 1000/1860 loss=0.6880 mean_loss=0.6890 classification=0.0083, bbox_regression=0.0812, bbox_ctrness=0.5985
epoch 16/50 iter 1020/1860 loss=0.6927 mean_loss=0.6890 classification=0.0133, bbox_regression=0.0728, bbox_ctrness=0.6065
epoch 16/50 iter 1040/1860 loss=0.7108 mean_loss=0.6893 classification=0.0053, bbox_regression=0.0819, bbox_ctrness=0.6236
epoch 16/50 iter 1060/1860 loss=0.7354 mean_loss=0.6893 classification=0.0505, bbox_regression=0.0918, bbox_ctrness=0.5931
epoch 16/50 iter 1080/1860 loss=0.7359 mean_loss=0.6895 classification=0.0421, bbox_regression=0.0830, bbox_ctrness=0.6109
epoch 16/50 iter 1100/1860 loss=0.6666 mean_loss=0.6895 classification=0.0180, bbox_regression=0.0560, bbox_ctrness=0.5926
epoch 16/50 iter 1120/1860 loss=0.6847 mean_loss=0.6895 classification=0.0107, bbox_regression=0.0655, bbox_ctrness=0.6084
epoch 16/50 iter 1140/1860 loss=0.6888 mean_loss=0.6897 classification=0.0092, bbox_regression=0.0707, bbox_ctrness=0.6089
epoch 16/50 iter 1160/1860 loss=0.7074 mean_loss=0.6899 classification=0.0456, bbox_regression=0.0715, bbox_ctrness=0.5903
epoch 16/50 iter 1180/1860 loss=0.6635 mean_loss=0.6900 classification=0.0250, bbox_regression=0.0519, bbox_ctrness=0.5866
epoch 16/50 iter 1200/1860 loss=0.6767 mean_loss=0.6898 classification=0.0123, bbox_regression=0.0683, bbox_ctrness=0.5961
epoch 16/50 iter 1220/1860 loss=0.6767 mean_loss=0.6898 classification=0.0453, bbox_regression=0.0535, bbox_ctrness=0.5779
epoch 16/50 iter 1240/1860 loss=0.6833 mean_loss=0.6896 classification=0.0094, bbox_regression=0.0613, bbox_ctrness=0.6126
epoch 16/50 iter 1260/1860 loss=0.6886 mean_loss=0.6894 classification=0.0388, bbox_regression=0.0722, bbox_ctrness=0.5776
epoch 16/50 iter 1280/1860 loss=0.6776 mean_loss=0.6894 classification=0.0124, bbox_regression=0.0585, bbox_ctrness=0.6066
epoch 16/50 iter 1300/1860 loss=0.6852 mean_loss=0.6894 classification=0.0191, bbox_regression=0.0630, bbox_ctrness=0.6030
epoch 16/50 iter 1320/1860 loss=0.7169 mean_loss=0.6896 classification=0.0303, bbox_regression=0.0781, bbox_ctrness=0.6085
epoch 16/50 iter 1340/1860 loss=0.7016 mean_loss=0.6898 classification=0.0253, bbox_regression=0.0606, bbox_ctrness=0.6157
epoch 16/50 iter 1360/1860 loss=0.7156 mean_loss=0.6899 classification=0.0378, bbox_regression=0.0753, bbox_ctrness=0.6026
epoch 16/50 iter 1380/1860 loss=0.6789 mean_loss=0.6898 classification=0.0115, bbox_regression=0.0642, bbox_ctrness=0.6032
epoch 16/50 iter 1400/1860 loss=0.7036 mean_loss=0.6897 classification=0.0223, bbox_regression=0.0794, bbox_ctrness=0.6018
epoch 16/50 iter 1420/1860 loss=0.7060 mean_loss=0.6898 classification=0.0306, bbox_regression=0.0735, bbox_ctrness=0.6019
epoch 16/50 iter 1440/1860 loss=0.6873 mean_loss=0.6899 classification=0.0172, bbox_regression=0.0758, bbox_ctrness=0.5944
epoch 16/50 iter 1460/1860 loss=0.6766 mean_loss=0.6898 classification=0.0052, bbox_regression=0.0735, bbox_ctrness=0.5980
epoch 16/50 iter 1480/1860 loss=0.6857 mean_loss=0.6896 classification=0.0169, bbox_regression=0.0761, bbox_ctrness=0.5928
epoch 16/50 iter 1500/1860 loss=0.6980 mean_loss=0.6896 classification=0.0253, bbox_regression=0.0604, bbox_ctrness=0.6124
epoch 16/50 iter 1520/1860 loss=0.8188 mean_loss=0.6897 classification=0.0869, bbox_regression=0.1220, bbox_ctrness=0.6099
epoch 16/50 iter 1540/1860 loss=0.6812 mean_loss=0.6897 classification=0.0328, bbox_regression=0.0546, bbox_ctrness=0.5938
epoch 16/50 iter 1560/1860 loss=0.6749 mean_loss=0.6898 classification=0.0087, bbox_regression=0.0621, bbox_ctrness=0.6041
epoch 16/50 iter 1580/1860 loss=0.7170 mean_loss=0.6897 classification=0.0352, bbox_regression=0.0793, bbox_ctrness=0.6025
epoch 16/50 iter 1600/1860 loss=0.7193 mean_loss=0.6897 classification=0.0111, bbox_regression=0.1009, bbox_ctrness=0.6073
epoch 16/50 iter 1620/1860 loss=0.7103 mean_loss=0.6898 classification=0.0213, bbox_regression=0.0848, bbox_ctrness=0.6042
epoch 16/50 iter 1640/1860 loss=0.7047 mean_loss=0.6899 classification=0.0233, bbox_regression=0.0756, bbox_ctrness=0.6058
epoch 16/50 iter 1660/1860 loss=0.6678 mean_loss=0.6898 classification=0.0213, bbox_regression=0.0561, bbox_ctrness=0.5904
epoch 16/50 iter 1680/1860 loss=0.6860 mean_loss=0.6898 classification=0.0096, bbox_regression=0.0597, bbox_ctrness=0.6168
epoch 16/50 iter 1700/1860 loss=0.7213 mean_loss=0.6899 classification=0.0353, bbox_regression=0.0828, bbox_ctrness=0.6031
epoch 16/50 iter 1720/1860 loss=0.6985 mean_loss=0.6898 classification=0.0316, bbox_regression=0.0713, bbox_ctrness=0.5956
epoch 16/50 iter 1740/1860 loss=0.6682 mean_loss=0.6898 classification=0.0115, bbox_regression=0.0471, bbox_ctrness=0.6096
epoch 16/50 iter 1760/1860 loss=0.7338 mean_loss=0.6897 classification=0.0452, bbox_regression=0.0891, bbox_ctrness=0.5994
epoch 16/50 iter 1780/1860 loss=0.6791 mean_loss=0.6896 classification=0.0076, bbox_regression=0.0760, bbox_ctrness=0.5955
epoch 16/50 iter 1800/1860 loss=0.7107 mean_loss=0.6897 classification=0.0307, bbox_regression=0.0707, bbox_ctrness=0.6092
epoch 16/50 iter 1820/1860 loss=0.6695 mean_loss=0.6897 classification=0.0165, bbox_regression=0.0535, bbox_ctrness=0.5995
epoch 16/50 iter 1840/1860 loss=0.6602 mean_loss=0.6897 classification=0.0017, bbox_regression=0.0626, bbox_ctrness=0.5960
epoch 16/50 iter 1860/1860 loss=0.6778 mean_loss=0.6897 classification=0.0239, bbox_regression=0.0567, bbox_ctrness=0.5972
epoch 16 validation Precision=0.5331 Recall=0.9543 AP50=0.9252 AP75=0.8230 eval_fps=20.57 epoch_time_sec=918.3
saved checkpoint: E:\RepViT-main\runs\v48_complete_ablation\training\ra_static_equal_seed2\weights\last.pt
epoch 17/50 iter 1/1860 loss=0.6781 mean_loss=0.6781 classification=0.0155, bbox_regression=0.0724, bbox_ctrness=0.5902
epoch 17/50 iter 20/1860 loss=0.6762 mean_loss=0.6846 classification=0.0190, bbox_regression=0.0591, bbox_ctrness=0.5982
epoch 17/50 iter 40/1860 loss=0.6684 mean_loss=0.6816 classification=0.0154, bbox_regression=0.0655, bbox_ctrness=0.5876
epoch 17/50 iter 60/1860 loss=0.7280 mean_loss=0.6810 classification=0.0225, bbox_regression=0.1038, bbox_ctrness=0.6017
epoch 17/50 iter 80/1860 loss=0.7013 mean_loss=0.6809 classification=0.0381, bbox_regression=0.0717, bbox_ctrness=0.5914
epoch 17/50 iter 100/1860 loss=0.6716 mean_loss=0.6862 classification=0.0144, bbox_regression=0.0588, bbox_ctrness=0.5984
epoch 17/50 iter 120/1860 loss=0.6552 mean_loss=0.6866 classification=0.0066, bbox_regression=0.0486, bbox_ctrness=0.6000
epoch 17/50 iter 140/1860 loss=0.6738 mean_loss=0.6867 classification=0.0150, bbox_regression=0.0644, bbox_ctrness=0.5943
epoch 17/50 iter 160/1860 loss=0.6757 mean_loss=0.6864 classification=0.0171, bbox_regression=0.0645, bbox_ctrness=0.5941
epoch 17/50 iter 180/1860 loss=0.7036 mean_loss=0.6863 classification=0.0280, bbox_regression=0.0737, bbox_ctrness=0.6019
epoch 17/50 iter 200/1860 loss=0.6839 mean_loss=0.6851 classification=0.0217, bbox_regression=0.0671, bbox_ctrness=0.5951
epoch 17/50 iter 220/1860 loss=0.7038 mean_loss=0.6849 classification=0.0218, bbox_regression=0.0777, bbox_ctrness=0.6043
epoch 17/50 iter 240/1860 loss=0.7025 mean_loss=0.6857 classification=0.0207, bbox_regression=0.0695, bbox_ctrness=0.6123
epoch 17/50 iter 260/1860 loss=0.6823 mean_loss=0.6856 classification=0.0313, bbox_regression=0.0503, bbox_ctrness=0.6008
epoch 17/50 iter 280/1860 loss=0.6893 mean_loss=0.6864 classification=0.0122, bbox_regression=0.0894, bbox_ctrness=0.5877
epoch 17/50 iter 300/1860 loss=0.6638 mean_loss=0.6866 classification=0.0137, bbox_regression=0.0471, bbox_ctrness=0.6031
epoch 17/50 iter 320/1860 loss=0.7877 mean_loss=0.6863 classification=0.0619, bbox_regression=0.1047, bbox_ctrness=0.6212
epoch 17/50 iter 340/1860 loss=0.7313 mean_loss=0.6872 classification=0.0356, bbox_regression=0.0912, bbox_ctrness=0.6045
epoch 17/50 iter 360/1860 loss=0.6613 mean_loss=0.6875 classification=0.0212, bbox_regression=0.0492, bbox_ctrness=0.5909
epoch 17/50 iter 380/1860 loss=0.6794 mean_loss=0.6875 classification=0.0046, bbox_regression=0.0554, bbox_ctrness=0.6195
epoch 17/50 iter 400/1860 loss=0.6849 mean_loss=0.6876 classification=0.0039, bbox_regression=0.0587, bbox_ctrness=0.6223
epoch 17/50 iter 420/1860 loss=0.6681 mean_loss=0.6871 classification=0.0095, bbox_regression=0.0650, bbox_ctrness=0.5936
epoch 17/50 iter 440/1860 loss=0.7039 mean_loss=0.6869 classification=0.0203, bbox_regression=0.0597, bbox_ctrness=0.6239
epoch 17/50 iter 460/1860 loss=0.6844 mean_loss=0.6867 classification=0.0136, bbox_regression=0.0759, bbox_ctrness=0.5949
epoch 17/50 iter 480/1860 loss=0.7333 mean_loss=0.6869 classification=0.0536, bbox_regression=0.0912, bbox_ctrness=0.5885
epoch 17/50 iter 500/1860 loss=0.6941 mean_loss=0.6870 classification=0.0069, bbox_regression=0.0724, bbox_ctrness=0.6148
epoch 17/50 iter 520/1860 loss=0.6761 mean_loss=0.6870 classification=0.0320, bbox_regression=0.0631, bbox_ctrness=0.5810
epoch 17/50 iter 540/1860 loss=0.6630 mean_loss=0.6870 classification=0.0135, bbox_regression=0.0619, bbox_ctrness=0.5876
epoch 17/50 iter 560/1860 loss=0.6856 mean_loss=0.6868 classification=0.0122, bbox_regression=0.0642, bbox_ctrness=0.6091
epoch 17/50 iter 580/1860 loss=0.7292 mean_loss=0.6868 classification=0.0506, bbox_regression=0.0839, bbox_ctrness=0.5948
epoch 17/50 iter 600/1860 loss=0.6907 mean_loss=0.6877 classification=0.0201, bbox_regression=0.0707, bbox_ctrness=0.6000
epoch 17/50 iter 620/1860 loss=0.6692 mean_loss=0.6879 classification=0.0102, bbox_regression=0.0525, bbox_ctrness=0.6065
epoch 17/50 iter 640/1860 loss=0.6845 mean_loss=0.6877 classification=0.0265, bbox_regression=0.0591, bbox_ctrness=0.5989
epoch 17/50 iter 660/1860 loss=0.6573 mean_loss=0.6875 classification=0.0244, bbox_regression=0.0532, bbox_ctrness=0.5796
epoch 17/50 iter 680/1860 loss=0.6754 mean_loss=0.6877 classification=0.0109, bbox_regression=0.0625, bbox_ctrness=0.6020
epoch 17/50 iter 700/1860 loss=0.6886 mean_loss=0.6876 classification=0.0319, bbox_regression=0.0633, bbox_ctrness=0.5934
epoch 17/50 iter 720/1860 loss=0.6888 mean_loss=0.6880 classification=0.0211, bbox_regression=0.0713, bbox_ctrness=0.5964
epoch 17/50 iter 740/1860 loss=0.7157 mean_loss=0.6878 classification=0.0507, bbox_regression=0.0669, bbox_ctrness=0.5981
epoch 17/50 iter 760/1860 loss=0.7115 mean_loss=0.6878 classification=0.0425, bbox_regression=0.0772, bbox_ctrness=0.5918
epoch 17/50 iter 780/1860 loss=0.6991 mean_loss=0.6876 classification=0.0378, bbox_regression=0.0526, bbox_ctrness=0.6087
epoch 17/50 iter 800/1860 loss=0.6964 mean_loss=0.6877 classification=0.0131, bbox_regression=0.0755, bbox_ctrness=0.6078
epoch 17/50 iter 820/1860 loss=0.6638 mean_loss=0.6875 classification=0.0125, bbox_regression=0.0651, bbox_ctrness=0.5862
epoch 17/50 iter 840/1860 loss=0.6532 mean_loss=0.6874 classification=0.0048, bbox_regression=0.0425, bbox_ctrness=0.6059
epoch 17/50 iter 860/1860 loss=0.6862 mean_loss=0.6875 classification=0.0167, bbox_regression=0.0711, bbox_ctrness=0.5984
epoch 17/50 iter 880/1860 loss=0.6428 mean_loss=0.6875 classification=0.0039, bbox_regression=0.0538, bbox_ctrness=0.5851
epoch 17/50 iter 900/1860 loss=0.6873 mean_loss=0.6875 classification=0.0071, bbox_regression=0.0734, bbox_ctrness=0.6069
epoch 17/50 iter 920/1860 loss=0.6886 mean_loss=0.6875 classification=0.0458, bbox_regression=0.0460, bbox_ctrness=0.5969
epoch 17/50 iter 940/1860 loss=0.6721 mean_loss=0.6876 classification=0.0119, bbox_regression=0.0597, bbox_ctrness=0.6005
epoch 17/50 iter 960/1860 loss=0.7038 mean_loss=0.6876 classification=0.0437, bbox_regression=0.0724, bbox_ctrness=0.5877
epoch 17/50 iter 980/1860 loss=0.7106 mean_loss=0.6873 classification=0.0371, bbox_regression=0.0801, bbox_ctrness=0.5933
epoch 17/50 iter 1000/1860 loss=0.6706 mean_loss=0.6872 classification=0.0132, bbox_regression=0.0539, bbox_ctrness=0.6036
epoch 17/50 iter 1020/1860 loss=0.7298 mean_loss=0.6873 classification=0.0656, bbox_regression=0.0791, bbox_ctrness=0.5851
epoch 17/50 iter 1040/1860 loss=0.6669 mean_loss=0.6872 classification=0.0216, bbox_regression=0.0577, bbox_ctrness=0.5876
epoch 17/50 iter 1060/1860 loss=0.7035 mean_loss=0.6871 classification=0.0247, bbox_regression=0.0669, bbox_ctrness=0.6119
epoch 17/50 iter 1080/1860 loss=0.6810 mean_loss=0.6870 classification=0.0249, bbox_regression=0.0580, bbox_ctrness=0.5981
epoch 17/50 iter 1100/1860 loss=0.6943 mean_loss=0.6870 classification=0.0412, bbox_regression=0.0686, bbox_ctrness=0.5845
epoch 17/50 iter 1120/1860 loss=0.6822 mean_loss=0.6868 classification=0.0027, bbox_regression=0.0565, bbox_ctrness=0.6230
epoch 17/50 iter 1140/1860 loss=0.6961 mean_loss=0.6869 classification=0.0222, bbox_regression=0.0677, bbox_ctrness=0.6062
epoch 17/50 iter 1160/1860 loss=0.6986 mean_loss=0.6868 classification=0.0130, bbox_regression=0.0794, bbox_ctrness=0.6062
epoch 17/50 iter 1180/1860 loss=0.6553 mean_loss=0.6867 classification=0.0119, bbox_regression=0.0558, bbox_ctrness=0.5876
epoch 17/50 iter 1200/1860 loss=0.7095 mean_loss=0.6867 classification=0.0254, bbox_regression=0.0871, bbox_ctrness=0.5970
epoch 17/50 iter 1220/1860 loss=0.6712 mean_loss=0.6866 classification=0.0190, bbox_regression=0.0662, bbox_ctrness=0.5860
epoch 17/50 iter 1240/1860 loss=0.6543 mean_loss=0.6865 classification=0.0071, bbox_regression=0.0582, bbox_ctrness=0.5889
epoch 17/50 iter 1260/1860 loss=0.6706 mean_loss=0.6864 classification=0.0152, bbox_regression=0.0628, bbox_ctrness=0.5926
epoch 17/50 iter 1280/1860 loss=0.6880 mean_loss=0.6863 classification=0.0123, bbox_regression=0.0614, bbox_ctrness=0.6142
epoch 17/50 iter 1300/1860 loss=0.6733 mean_loss=0.6864 classification=0.0092, bbox_regression=0.0566, bbox_ctrness=0.6075
epoch 17/50 iter 1320/1860 loss=0.6856 mean_loss=0.6864 classification=0.0133, bbox_regression=0.0787, bbox_ctrness=0.5935
epoch 17/50 iter 1340/1860 loss=0.6682 mean_loss=0.6863 classification=0.0127, bbox_regression=0.0553, bbox_ctrness=0.6002
epoch 17/50 iter 1360/1860 loss=0.6547 mean_loss=0.6863 classification=0.0102, bbox_regression=0.0512, bbox_ctrness=0.5933
epoch 17/50 iter 1380/1860 loss=0.7059 mean_loss=0.6862 classification=0.0208, bbox_regression=0.0728, bbox_ctrness=0.6123
epoch 17/50 iter 1400/1860 loss=0.6584 mean_loss=0.6862 classification=0.0162, bbox_regression=0.0545, bbox_ctrness=0.5877
epoch 17/50 iter 1420/1860 loss=0.6731 mean_loss=0.6862 classification=0.0079, bbox_regression=0.0720, bbox_ctrness=0.5933
epoch 17/50 iter 1440/1860 loss=0.7656 mean_loss=0.6863 classification=0.0843, bbox_regression=0.0731, bbox_ctrness=0.6082
epoch 17/50 iter 1460/1860 loss=0.6818 mean_loss=0.6864 classification=0.0249, bbox_regression=0.0675, bbox_ctrness=0.5895
epoch 17/50 iter 1480/1860 loss=0.6981 mean_loss=0.6866 classification=0.0176, bbox_regression=0.0674, bbox_ctrness=0.6131
epoch 17/50 iter 1500/1860 loss=0.6874 mean_loss=0.6867 classification=0.0134, bbox_regression=0.0648, bbox_ctrness=0.6092
epoch 17/50 iter 1520/1860 loss=0.6928 mean_loss=0.6869 classification=0.0305, bbox_regression=0.0531, bbox_ctrness=0.6092
epoch 17/50 iter 1540/1860 loss=0.6712 mean_loss=0.6868 classification=0.0196, bbox_regression=0.0518, bbox_ctrness=0.5997
epoch 17/50 iter 1560/1860 loss=0.7043 mean_loss=0.6868 classification=0.0333, bbox_regression=0.0691, bbox_ctrness=0.6020
epoch 17/50 iter 1580/1860 loss=0.6799 mean_loss=0.6868 classification=0.0067, bbox_regression=0.0670, bbox_ctrness=0.6062
epoch 17/50 iter 1600/1860 loss=0.6981 mean_loss=0.6869 classification=0.0299, bbox_regression=0.0671, bbox_ctrness=0.6011
epoch 17/50 iter 1620/1860 loss=0.6795 mean_loss=0.6869 classification=0.0122, bbox_regression=0.0600, bbox_ctrness=0.6073
epoch 17/50 iter 1640/1860 loss=0.6768 mean_loss=0.6869 classification=0.0072, bbox_regression=0.0634, bbox_ctrness=0.6062
epoch 17/50 iter 1660/1860 loss=0.6892 mean_loss=0.6869 classification=0.0223, bbox_regression=0.0678, bbox_ctrness=0.5991
epoch 17/50 iter 1680/1860 loss=0.7111 mean_loss=0.6870 classification=0.0195, bbox_regression=0.0884, bbox_ctrness=0.6032
epoch 17/50 iter 1700/1860 loss=0.6955 mean_loss=0.6870 classification=0.0217, bbox_regression=0.0629, bbox_ctrness=0.6109
epoch 17/50 iter 1720/1860 loss=0.7295 mean_loss=0.6870 classification=0.0418, bbox_regression=0.0912, bbox_ctrness=0.5966
epoch 17/50 iter 1740/1860 loss=0.6824 mean_loss=0.6871 classification=0.0249, bbox_regression=0.0576, bbox_ctrness=0.5999
epoch 17/50 iter 1760/1860 loss=0.6634 mean_loss=0.6871 classification=0.0057, bbox_regression=0.0511, bbox_ctrness=0.6066
epoch 17/50 iter 1780/1860 loss=0.6826 mean_loss=0.6871 classification=0.0181, bbox_regression=0.0715, bbox_ctrness=0.5930
epoch 17/50 iter 1800/1860 loss=0.6758 mean_loss=0.6872 classification=0.0072, bbox_regression=0.0526, bbox_ctrness=0.6161
epoch 17/50 iter 1820/1860 loss=0.7207 mean_loss=0.6873 classification=0.0500, bbox_regression=0.0723, bbox_ctrness=0.5984
epoch 17/50 iter 1840/1860 loss=0.7726 mean_loss=0.6874 classification=0.0946, bbox_regression=0.0653, bbox_ctrness=0.6126
epoch 17/50 iter 1860/1860 loss=0.6857 mean_loss=0.6875 classification=0.0204, bbox_regression=0.0699, bbox_ctrness=0.5954
epoch 17 validation Precision=0.4773 Recall=0.9622 AP50=0.9337 AP75=0.8403 eval_fps=20.23 epoch_time_sec=921.0
saved checkpoint: E:\RepViT-main\runs\v48_complete_ablation\training\ra_static_equal_seed2\weights\last.pt
epoch 18/50 iter 1/1860 loss=0.6729 mean_loss=0.6729 classification=0.0104, bbox_regression=0.0713, bbox_ctrness=0.5912
epoch 18/50 iter 20/1860 loss=0.6730 mean_loss=0.6728 classification=0.0118, bbox_regression=0.0578, bbox_ctrness=0.6034
epoch 18/50 iter 40/1860 loss=0.6666 mean_loss=0.6763 classification=0.0090, bbox_regression=0.0633, bbox_ctrness=0.5943
epoch 18/50 iter 60/1860 loss=0.6884 mean_loss=0.6748 classification=0.0181, bbox_regression=0.0697, bbox_ctrness=0.6007
epoch 18/50 iter 80/1860 loss=0.7059 mean_loss=0.6777 classification=0.0198, bbox_regression=0.0893, bbox_ctrness=0.5969
epoch 18/50 iter 100/1860 loss=0.6872 mean_loss=0.6784 classification=0.0100, bbox_regression=0.0645, bbox_ctrness=0.6126
epoch 18/50 iter 120/1860 loss=0.6589 mean_loss=0.6788 classification=0.0192, bbox_regression=0.0570, bbox_ctrness=0.5827
epoch 18/50 iter 140/1860 loss=0.6700 mean_loss=0.6787 classification=0.0051, bbox_regression=0.0639, bbox_ctrness=0.6010
epoch 18/50 iter 160/1860 loss=0.6710 mean_loss=0.6799 classification=0.0185, bbox_regression=0.0601, bbox_ctrness=0.5924
epoch 18/50 iter 180/1860 loss=0.6774 mean_loss=0.6795 classification=0.0031, bbox_regression=0.0658, bbox_ctrness=0.6084
epoch 18/50 iter 200/1860 loss=0.6933 mean_loss=0.6801 classification=0.0153, bbox_regression=0.0659, bbox_ctrness=0.6120
epoch 18/50 iter 220/1860 loss=0.6661 mean_loss=0.6797 classification=0.0090, bbox_regression=0.0437, bbox_ctrness=0.6134
epoch 18/50 iter 240/1860 loss=0.6851 mean_loss=0.6800 classification=0.0033, bbox_regression=0.0722, bbox_ctrness=0.6097
epoch 18/50 iter 260/1860 loss=0.6844 mean_loss=0.6801 classification=0.0167, bbox_regression=0.0676, bbox_ctrness=0.6001
epoch 18/50 iter 280/1860 loss=0.6877 mean_loss=0.6800 classification=0.0050, bbox_regression=0.0615, bbox_ctrness=0.6212
epoch 18/50 iter 300/1860 loss=0.6794 mean_loss=0.6796 classification=0.0031, bbox_regression=0.0757, bbox_ctrness=0.6007
epoch 18/50 iter 320/1860 loss=0.6757 mean_loss=0.6792 classification=0.0115, bbox_regression=0.0571, bbox_ctrness=0.6071
epoch 18/50 iter 340/1860 loss=0.6710 mean_loss=0.6793 classification=0.0048, bbox_regression=0.0681, bbox_ctrness=0.5982
epoch 18/50 iter 360/1860 loss=0.7082 mean_loss=0.6788 classification=0.0249, bbox_regression=0.0858, bbox_ctrness=0.5976
epoch 18/50 iter 380/1860 loss=0.7140 mean_loss=0.6791 classification=0.0517, bbox_regression=0.0610, bbox_ctrness=0.6013
epoch 18/50 iter 400/1860 loss=0.6719 mean_loss=0.6788 classification=0.0079, bbox_regression=0.0627, bbox_ctrness=0.6013
epoch 18/50 iter 420/1860 loss=0.6817 mean_loss=0.6787 classification=0.0060, bbox_regression=0.0605, bbox_ctrness=0.6152
epoch 18/50 iter 440/1860 loss=0.6544 mean_loss=0.6792 classification=0.0153, bbox_regression=0.0529, bbox_ctrness=0.5861
epoch 18/50 iter 460/1860 loss=0.6629 mean_loss=0.6796 classification=0.0094, bbox_regression=0.0592, bbox_ctrness=0.5943
epoch 18/50 iter 480/1860 loss=0.6746 mean_loss=0.6798 classification=0.0016, bbox_regression=0.0861, bbox_ctrness=0.5869
epoch 18/50 iter 500/1860 loss=0.6863 mean_loss=0.6806 classification=0.0262, bbox_regression=0.0514, bbox_ctrness=0.6086
epoch 18/50 iter 520/1860 loss=0.7205 mean_loss=0.6810 classification=0.0137, bbox_regression=0.0893, bbox_ctrness=0.6176
epoch 18/50 iter 540/1860 loss=0.6745 mean_loss=0.6811 classification=0.0272, bbox_regression=0.0522, bbox_ctrness=0.5950
epoch 18/50 iter 560/1860 loss=0.6531 mean_loss=0.6808 classification=0.0078, bbox_regression=0.0482, bbox_ctrness=0.5971
epoch 18/50 iter 580/1860 loss=0.6627 mean_loss=0.6808 classification=0.0015, bbox_regression=0.0578, bbox_ctrness=0.6033
epoch 18/50 iter 600/1860 loss=0.6790 mean_loss=0.6807 classification=0.0202, bbox_regression=0.0618, bbox_ctrness=0.5969
epoch 18/50 iter 620/1860 loss=0.6717 mean_loss=0.6805 classification=0.0203, bbox_regression=0.0607, bbox_ctrness=0.5907
epoch 18/50 iter 640/1860 loss=0.6847 mean_loss=0.6805 classification=0.0151, bbox_regression=0.0676, bbox_ctrness=0.6020
epoch 18/50 iter 660/1860 loss=0.6764 mean_loss=0.6803 classification=0.0090, bbox_regression=0.0557, bbox_ctrness=0.6117
epoch 18/50 iter 680/1860 loss=0.6992 mean_loss=0.6806 classification=0.0256, bbox_regression=0.0729, bbox_ctrness=0.6007
epoch 18/50 iter 700/1860 loss=0.6671 mean_loss=0.6810 classification=0.0268, bbox_regression=0.0469, bbox_ctrness=0.5934
epoch 18/50 iter 720/1860 loss=0.6917 mean_loss=0.6809 classification=0.0288, bbox_regression=0.0721, bbox_ctrness=0.5909
epoch 18/50 iter 740/1860 loss=0.6584 mean_loss=0.6807 classification=0.0128, bbox_regression=0.0657, bbox_ctrness=0.5799
epoch 18/50 iter 760/1860 loss=0.6799 mean_loss=0.6810 classification=0.0117, bbox_regression=0.0623, bbox_ctrness=0.6058
epoch 18/50 iter 780/1860 loss=0.7098 mean_loss=0.6811 classification=0.0301, bbox_regression=0.0793, bbox_ctrness=0.6004
epoch 18/50 iter 800/1860 loss=0.7165 mean_loss=0.6812 classification=0.0367, bbox_regression=0.0719, bbox_ctrness=0.6079
epoch 18/50 iter 820/1860 loss=0.6884 mean_loss=0.6814 classification=0.0161, bbox_regression=0.0623, bbox_ctrness=0.6099
epoch 18/50 iter 840/1860 loss=0.6673 mean_loss=0.6815 classification=0.0144, bbox_regression=0.0578, bbox_ctrness=0.5952
epoch 18/50 iter 860/1860 loss=0.6660 mean_loss=0.6814 classification=0.0115, bbox_regression=0.0681, bbox_ctrness=0.5864
epoch 18/50 iter 880/1860 loss=0.6891 mean_loss=0.6814 classification=0.0377, bbox_regression=0.0587, bbox_ctrness=0.5927
epoch 18/50 iter 900/1860 loss=0.6468 mean_loss=0.6815 classification=0.0065, bbox_regression=0.0542, bbox_ctrness=0.5862
epoch 18/50 iter 920/1860 loss=0.6612 mean_loss=0.6819 classification=0.0061, bbox_regression=0.0595, bbox_ctrness=0.5956
epoch 18/50 iter 940/1860 loss=0.7061 mean_loss=0.6821 classification=0.0301, bbox_regression=0.0691, bbox_ctrness=0.6069
epoch 18/50 iter 960/1860 loss=0.6655 mean_loss=0.6818 classification=0.0226, bbox_regression=0.0533, bbox_ctrness=0.5896
epoch 18/50 iter 980/1860 loss=0.6859 mean_loss=0.6822 classification=0.0257, bbox_regression=0.0586, bbox_ctrness=0.6016
epoch 18/50 iter 1000/1860 loss=0.6850 mean_loss=0.6822 classification=0.0153, bbox_regression=0.0698, bbox_ctrness=0.5999
epoch 18/50 iter 1020/1860 loss=0.6792 mean_loss=0.6822 classification=0.0052, bbox_regression=0.0535, bbox_ctrness=0.6205
epoch 18/50 iter 1040/1860 loss=0.6835 mean_loss=0.6821 classification=0.0070, bbox_regression=0.0620, bbox_ctrness=0.6146
epoch 18/50 iter 1060/1860 loss=0.7206 mean_loss=0.6823 classification=0.0430, bbox_regression=0.0794, bbox_ctrness=0.5982
epoch 18/50 iter 1080/1860 loss=0.6629 mean_loss=0.6824 classification=0.0079, bbox_regression=0.0498, bbox_ctrness=0.6053
epoch 18/50 iter 1100/1860 loss=0.6874 mean_loss=0.6826 classification=0.0250, bbox_regression=0.0551, bbox_ctrness=0.6072
epoch 18/50 iter 1120/1860 loss=0.6646 mean_loss=0.6825 classification=0.0135, bbox_regression=0.0520, bbox_ctrness=0.5991
epoch 18/50 iter 1140/1860 loss=0.7491 mean_loss=0.6825 classification=0.0405, bbox_regression=0.1102, bbox_ctrness=0.5984
epoch 18/50 iter 1160/1860 loss=0.7212 mean_loss=0.6826 classification=0.0491, bbox_regression=0.0738, bbox_ctrness=0.5983
epoch 18/50 iter 1180/1860 loss=0.7112 mean_loss=0.6827 classification=0.0521, bbox_regression=0.0548, bbox_ctrness=0.6044
epoch 18/50 iter 1200/1860 loss=0.6836 mean_loss=0.6827 classification=0.0012, bbox_regression=0.0569, bbox_ctrness=0.6255
epoch 18/50 iter 1220/1860 loss=0.6952 mean_loss=0.6829 classification=0.0167, bbox_regression=0.0710, bbox_ctrness=0.6075
epoch 18/50 iter 1240/1860 loss=0.7159 mean_loss=0.6828 classification=0.0468, bbox_regression=0.0599, bbox_ctrness=0.6092
epoch 18/50 iter 1260/1860 loss=0.6875 mean_loss=0.6828 classification=0.0258, bbox_regression=0.0599, bbox_ctrness=0.6018
epoch 18/50 iter 1280/1860 loss=0.6902 mean_loss=0.6828 classification=0.0216, bbox_regression=0.0624, bbox_ctrness=0.6062
epoch 18/50 iter 1300/1860 loss=0.6616 mean_loss=0.6826 classification=0.0100, bbox_regression=0.0488, bbox_ctrness=0.6028
epoch 18/50 iter 1320/1860 loss=0.6922 mean_loss=0.6825 classification=0.0055, bbox_regression=0.0744, bbox_ctrness=0.6123
epoch 18/50 iter 1340/1860 loss=0.6624 mean_loss=0.6824 classification=0.0129, bbox_regression=0.0530, bbox_ctrness=0.5965
epoch 18/50 iter 1360/1860 loss=0.6925 mean_loss=0.6824 classification=0.0142, bbox_regression=0.0705, bbox_ctrness=0.6078
epoch 18/50 iter 1380/1860 loss=0.6749 mean_loss=0.6827 classification=0.0284, bbox_regression=0.0545, bbox_ctrness=0.5920
epoch 18/50 iter 1400/1860 loss=0.6835 mean_loss=0.6825 classification=0.0099, bbox_regression=0.0610, bbox_ctrness=0.6126
epoch 18/50 iter 1420/1860 loss=0.7078 mean_loss=0.6825 classification=0.0289, bbox_regression=0.0853, bbox_ctrness=0.5936
epoch 18/50 iter 1440/1860 loss=0.7017 mean_loss=0.6825 classification=0.0133, bbox_regression=0.0736, bbox_ctrness=0.6148
epoch 18/50 iter 1460/1860 loss=0.7006 mean_loss=0.6825 classification=0.0322, bbox_regression=0.0701, bbox_ctrness=0.5983
epoch 18/50 iter 1480/1860 loss=0.9585 mean_loss=0.6826 classification=0.1809, bbox_regression=0.1403, bbox_ctrness=0.6373
epoch 18/50 iter 1500/1860 loss=0.6649 mean_loss=0.6826 classification=0.0090, bbox_regression=0.0657, bbox_ctrness=0.5903
epoch 18/50 iter 1520/1860 loss=0.6987 mean_loss=0.6826 classification=0.0306, bbox_regression=0.0621, bbox_ctrness=0.6060
epoch 18/50 iter 1540/1860 loss=0.7001 mean_loss=0.6824 classification=0.0314, bbox_regression=0.0812, bbox_ctrness=0.5875
epoch 18/50 iter 1560/1860 loss=0.7249 mean_loss=0.6824 classification=0.0137, bbox_regression=0.0915, bbox_ctrness=0.6197
epoch 18/50 iter 1580/1860 loss=0.6560 mean_loss=0.6823 classification=0.0081, bbox_regression=0.0523, bbox_ctrness=0.5956
epoch 18/50 iter 1600/1860 loss=0.6840 mean_loss=0.6824 classification=0.0119, bbox_regression=0.0704, bbox_ctrness=0.6017
epoch 18/50 iter 1620/1860 loss=0.6543 mean_loss=0.6824 classification=0.0149, bbox_regression=0.0461, bbox_ctrness=0.5933
epoch 18/50 iter 1640/1860 loss=0.6831 mean_loss=0.6824 classification=0.0148, bbox_regression=0.0802, bbox_ctrness=0.5882
epoch 18/50 iter 1660/1860 loss=0.6908 mean_loss=0.6824 classification=0.0362, bbox_regression=0.0722, bbox_ctrness=0.5824
epoch 18/50 iter 1680/1860 loss=0.6570 mean_loss=0.6825 classification=0.0090, bbox_regression=0.0567, bbox_ctrness=0.5914
epoch 18/50 iter 1700/1860 loss=0.6603 mean_loss=0.6825 classification=0.0057, bbox_regression=0.0522, bbox_ctrness=0.6025
epoch 18/50 iter 1720/1860 loss=0.6697 mean_loss=0.6825 classification=0.0093, bbox_regression=0.0634, bbox_ctrness=0.5970
epoch 18/50 iter 1740/1860 loss=0.6508 mean_loss=0.6825 classification=0.0065, bbox_regression=0.0508, bbox_ctrness=0.5934
epoch 18/50 iter 1760/1860 loss=0.6854 mean_loss=0.6826 classification=0.0261, bbox_regression=0.0514, bbox_ctrness=0.6079
epoch 18/50 iter 1780/1860 loss=0.6420 mean_loss=0.6826 classification=0.0059, bbox_regression=0.0442, bbox_ctrness=0.5919
epoch 18/50 iter 1800/1860 loss=0.6908 mean_loss=0.6826 classification=0.0277, bbox_regression=0.0739, bbox_ctrness=0.5892
epoch 18/50 iter 1820/1860 loss=0.7018 mean_loss=0.6827 classification=0.0248, bbox_regression=0.0593, bbox_ctrness=0.6177
epoch 18/50 iter 1840/1860 loss=0.7132 mean_loss=0.6827 classification=0.0342, bbox_regression=0.0789, bbox_ctrness=0.6001
epoch 18/50 iter 1860/1860 loss=0.6935 mean_loss=0.6828 classification=0.0005, bbox_regression=0.0657, bbox_ctrness=0.6273
epoch 18 validation Precision=0.7843 Recall=0.9288 AP50=0.9112 AP75=0.8226 eval_fps=21.63 epoch_time_sec=902.2
saved checkpoint: E:\RepViT-main\runs\v48_complete_ablation\training\ra_static_equal_seed2\weights\last.pt
epoch 19/50 iter 1/1860 loss=0.6864 mean_loss=0.6864 classification=0.0030, bbox_regression=0.0817, bbox_ctrness=0.6017
epoch 19/50 iter 20/1860 loss=0.6668 mean_loss=0.6817 classification=0.0189, bbox_regression=0.0623, bbox_ctrness=0.5856
epoch 19/50 iter 40/1860 loss=0.6655 mean_loss=0.6717 classification=0.0154, bbox_regression=0.0570, bbox_ctrness=0.5932
epoch 19/50 iter 60/1860 loss=0.6569 mean_loss=0.6729 classification=0.0075, bbox_regression=0.0552, bbox_ctrness=0.5942
epoch 19/50 iter 80/1860 loss=0.6644 mean_loss=0.6733 classification=0.0039, bbox_regression=0.0568, bbox_ctrness=0.6038
epoch 19/50 iter 100/1860 loss=0.6623 mean_loss=0.6727 classification=0.0089, bbox_regression=0.0538, bbox_ctrness=0.5996
epoch 19/50 iter 120/1860 loss=0.6729 mean_loss=0.6738 classification=0.0062, bbox_regression=0.0621, bbox_ctrness=0.6046
epoch 19/50 iter 140/1860 loss=0.7366 mean_loss=0.6749 classification=0.0577, bbox_regression=0.0556, bbox_ctrness=0.6233
epoch 19/50 iter 160/1860 loss=0.6500 mean_loss=0.6757 classification=0.0107, bbox_regression=0.0577, bbox_ctrness=0.5817
epoch 19/50 iter 180/1860 loss=0.6739 mean_loss=0.6751 classification=0.0127, bbox_regression=0.0613, bbox_ctrness=0.5998
epoch 19/50 iter 200/1860 loss=0.6581 mean_loss=0.6750 classification=0.0168, bbox_regression=0.0547, bbox_ctrness=0.5865
epoch 19/50 iter 220/1860 loss=0.6557 mean_loss=0.6760 classification=0.0044, bbox_regression=0.0689, bbox_ctrness=0.5825
epoch 19/50 iter 240/1860 loss=0.7002 mean_loss=0.6770 classification=0.0264, bbox_regression=0.0782, bbox_ctrness=0.5956
epoch 19/50 iter 260/1860 loss=0.7207 mean_loss=0.6787 classification=0.0537, bbox_regression=0.0843, bbox_ctrness=0.5827
epoch 19/50 iter 280/1860 loss=0.7016 mean_loss=0.6793 classification=0.0178, bbox_regression=0.0683, bbox_ctrness=0.6155
epoch 19/50 iter 300/1860 loss=0.6833 mean_loss=0.6790 classification=0.0092, bbox_regression=0.0664, bbox_ctrness=0.6076
epoch 19/50 iter 320/1860 loss=0.6918 mean_loss=0.6793 classification=0.0247, bbox_regression=0.0619, bbox_ctrness=0.6052
epoch 19/50 iter 340/1860 loss=0.6539 mean_loss=0.6789 classification=0.0111, bbox_regression=0.0453, bbox_ctrness=0.5975
epoch 19/50 iter 360/1860 loss=0.7377 mean_loss=0.6789 classification=0.0382, bbox_regression=0.0877, bbox_ctrness=0.6118
epoch 19/50 iter 380/1860 loss=0.6773 mean_loss=0.6790 classification=0.0245, bbox_regression=0.0560, bbox_ctrness=0.5968
epoch 19/50 iter 400/1860 loss=0.6958 mean_loss=0.6793 classification=0.0356, bbox_regression=0.0677, bbox_ctrness=0.5925
epoch 19/50 iter 420/1860 loss=0.6922 mean_loss=0.6789 classification=0.0124, bbox_regression=0.0811, bbox_ctrness=0.5987
epoch 19/50 iter 440/1860 loss=0.6705 mean_loss=0.6784 classification=0.0238, bbox_regression=0.0538, bbox_ctrness=0.5929
epoch 19/50 iter 460/1860 loss=0.6630 mean_loss=0.6786 classification=0.0189, bbox_regression=0.0557, bbox_ctrness=0.5884
epoch 19/50 iter 480/1860 loss=0.6753 mean_loss=0.6786 classification=0.0119, bbox_regression=0.0625, bbox_ctrness=0.6009
epoch 19/50 iter 500/1860 loss=0.6834 mean_loss=0.6786 classification=0.0054, bbox_regression=0.0652, bbox_ctrness=0.6127
epoch 19/50 iter 520/1860 loss=0.6901 mean_loss=0.6791 classification=0.0278, bbox_regression=0.0734, bbox_ctrness=0.5888
epoch 19/50 iter 540/1860 loss=0.6639 mean_loss=0.6793 classification=0.0058, bbox_regression=0.0441, bbox_ctrness=0.6140
epoch 19/50 iter 560/1860 loss=0.6553 mean_loss=0.6793 classification=0.0091, bbox_regression=0.0530, bbox_ctrness=0.5932
epoch 19/50 iter 580/1860 loss=0.6769 mean_loss=0.6792 classification=0.0111, bbox_regression=0.0546, bbox_ctrness=0.6113
epoch 19/50 iter 600/1860 loss=0.6696 mean_loss=0.6796 classification=0.0217, bbox_regression=0.0537, bbox_ctrness=0.5942
epoch 19/50 iter 620/1860 loss=0.6653 mean_loss=0.6795 classification=0.0189, bbox_regression=0.0607, bbox_ctrness=0.5857
epoch 19/50 iter 640/1860 loss=0.6708 mean_loss=0.6791 classification=0.0230, bbox_regression=0.0494, bbox_ctrness=0.5984
epoch 19/50 iter 660/1860 loss=0.7081 mean_loss=0.6789 classification=0.0288, bbox_regression=0.0814, bbox_ctrness=0.5980
epoch 19/50 iter 680/1860 loss=0.6681 mean_loss=0.6790 classification=0.0036, bbox_regression=0.0654, bbox_ctrness=0.5991
epoch 19/50 iter 700/1860 loss=0.7715 mean_loss=0.6790 classification=0.0802, bbox_regression=0.0709, bbox_ctrness=0.6205
epoch 19/50 iter 720/1860 loss=0.6539 mean_loss=0.6792 classification=0.0164, bbox_regression=0.0470, bbox_ctrness=0.5905
epoch 19/50 iter 740/1860 loss=0.6732 mean_loss=0.6791 classification=0.0102, bbox_regression=0.0566, bbox_ctrness=0.6065
epoch 19/50 iter 760/1860 loss=0.6772 mean_loss=0.6791 classification=0.0159, bbox_regression=0.0472, bbox_ctrness=0.6141
epoch 19/50 iter 780/1860 loss=0.6807 mean_loss=0.6793 classification=0.0016, bbox_regression=0.0533, bbox_ctrness=0.6258
epoch 19/50 iter 800/1860 loss=0.6601 mean_loss=0.6793 classification=0.0049, bbox_regression=0.0544, bbox_ctrness=0.6008
epoch 19/50 iter 820/1860 loss=0.6902 mean_loss=0.6793 classification=0.0125, bbox_regression=0.0550, bbox_ctrness=0.6227
epoch 19/50 iter 840/1860 loss=0.7128 mean_loss=0.6793 classification=0.0313, bbox_regression=0.0770, bbox_ctrness=0.6045
epoch 19/50 iter 860/1860 loss=0.6710 mean_loss=0.6793 classification=0.0034, bbox_regression=0.0603, bbox_ctrness=0.6073
epoch 19/50 iter 880/1860 loss=0.6707 mean_loss=0.6793 classification=0.0073, bbox_regression=0.0680, bbox_ctrness=0.5955
epoch 19/50 iter 900/1860 loss=0.6481 mean_loss=0.6793 classification=0.0176, bbox_regression=0.0497, bbox_ctrness=0.5808
epoch 19/50 iter 920/1860 loss=0.6830 mean_loss=0.6792 classification=0.0154, bbox_regression=0.0664, bbox_ctrness=0.6012
epoch 19/50 iter 940/1860 loss=0.6708 mean_loss=0.6793 classification=0.0078, bbox_regression=0.0718, bbox_ctrness=0.5913
epoch 19/50 iter 960/1860 loss=0.6877 mean_loss=0.6794 classification=0.0046, bbox_regression=0.0648, bbox_ctrness=0.6183
epoch 19/50 iter 980/1860 loss=0.6552 mean_loss=0.6795 classification=0.0066, bbox_regression=0.0440, bbox_ctrness=0.6046
epoch 19/50 iter 1000/1860 loss=0.6613 mean_loss=0.6796 classification=0.0148, bbox_regression=0.0449, bbox_ctrness=0.6016
epoch 19/50 iter 1020/1860 loss=0.6604 mean_loss=0.6797 classification=0.0017, bbox_regression=0.0634, bbox_ctrness=0.5954
epoch 19/50 iter 1040/1860 loss=0.6832 mean_loss=0.6796 classification=0.0258, bbox_regression=0.0694, bbox_ctrness=0.5880
epoch 19/50 iter 1060/1860 loss=0.6566 mean_loss=0.6795 classification=0.0030, bbox_regression=0.0535, bbox_ctrness=0.6001
epoch 19/50 iter 1080/1860 loss=0.6833 mean_loss=0.6795 classification=0.0107, bbox_regression=0.0717, bbox_ctrness=0.6009
epoch 19/50 iter 1100/1860 loss=0.6834 mean_loss=0.6793 classification=0.0109, bbox_regression=0.0488, bbox_ctrness=0.6237
epoch 19/50 iter 1120/1860 loss=0.6776 mean_loss=0.6793 classification=0.0169, bbox_regression=0.0581, bbox_ctrness=0.6026
epoch 19/50 iter 1140/1860 loss=0.6867 mean_loss=0.6794 classification=0.0238, bbox_regression=0.0612, bbox_ctrness=0.6017
epoch 19/50 iter 1160/1860 loss=0.6787 mean_loss=0.6793 classification=0.0162, bbox_regression=0.0633, bbox_ctrness=0.5992
epoch 19/50 iter 1180/1860 loss=0.6968 mean_loss=0.6794 classification=0.0097, bbox_regression=0.0790, bbox_ctrness=0.6081
epoch 19/50 iter 1200/1860 loss=0.7084 mean_loss=0.6795 classification=0.0286, bbox_regression=0.0744, bbox_ctrness=0.6055
epoch 19/50 iter 1220/1860 loss=0.7883 mean_loss=0.6797 classification=0.0898, bbox_regression=0.1006, bbox_ctrness=0.5979
epoch 19/50 iter 1240/1860 loss=0.6550 mean_loss=0.6798 classification=0.0046, bbox_regression=0.0531, bbox_ctrness=0.5974
epoch 19/50 iter 1260/1860 loss=0.6828 mean_loss=0.6800 classification=0.0163, bbox_regression=0.0646, bbox_ctrness=0.6019
epoch 19/50 iter 1280/1860 loss=0.6722 mean_loss=0.6801 classification=0.0185, bbox_regression=0.0557, bbox_ctrness=0.5979
epoch 19/50 iter 1300/1860 loss=0.6773 mean_loss=0.6801 classification=0.0037, bbox_regression=0.0627, bbox_ctrness=0.6109
epoch 19/50 iter 1320/1860 loss=0.6966 mean_loss=0.6801 classification=0.0248, bbox_regression=0.0702, bbox_ctrness=0.6016
epoch 19/50 iter 1340/1860 loss=0.6946 mean_loss=0.6801 classification=0.0138, bbox_regression=0.0621, bbox_ctrness=0.6188
epoch 19/50 iter 1360/1860 loss=0.6773 mean_loss=0.6803 classification=0.0283, bbox_regression=0.0575, bbox_ctrness=0.5915
epoch 19/50 iter 1380/1860 loss=0.6914 mean_loss=0.6803 classification=0.0322, bbox_regression=0.0589, bbox_ctrness=0.6003
epoch 19/50 iter 1400/1860 loss=0.6820 mean_loss=0.6805 classification=0.0255, bbox_regression=0.0672, bbox_ctrness=0.5892
epoch 19/50 iter 1420/1860 loss=0.6615 mean_loss=0.6805 classification=0.0082, bbox_regression=0.0558, bbox_ctrness=0.5975
epoch 19/50 iter 1440/1860 loss=0.6647 mean_loss=0.6805 classification=0.0066, bbox_regression=0.0568, bbox_ctrness=0.6013
epoch 19/50 iter 1460/1860 loss=0.7179 mean_loss=0.6804 classification=0.0508, bbox_regression=0.0768, bbox_ctrness=0.5903
epoch 19/50 iter 1480/1860 loss=0.6585 mean_loss=0.6803 classification=0.0079, bbox_regression=0.0521, bbox_ctrness=0.5985
epoch 19/50 iter 1500/1860 loss=0.6870 mean_loss=0.6802 classification=0.0362, bbox_regression=0.0626, bbox_ctrness=0.5883
epoch 19/50 iter 1520/1860 loss=0.6762 mean_loss=0.6801 classification=0.0066, bbox_regression=0.0714, bbox_ctrness=0.5982
epoch 19/50 iter 1540/1860 loss=0.6827 mean_loss=0.6800 classification=0.0102, bbox_regression=0.0579, bbox_ctrness=0.6146
epoch 19/50 iter 1560/1860 loss=0.6426 mean_loss=0.6799 classification=0.0032, bbox_regression=0.0542, bbox_ctrness=0.5852
epoch 19/50 iter 1580/1860 loss=0.7278 mean_loss=0.6800 classification=0.0131, bbox_regression=0.1113, bbox_ctrness=0.6033
epoch 19/50 iter 1600/1860 loss=0.6544 mean_loss=0.6800 classification=0.0136, bbox_regression=0.0571, bbox_ctrness=0.5836
epoch 19/50 iter 1620/1860 loss=0.6758 mean_loss=0.6800 classification=0.0296, bbox_regression=0.0587, bbox_ctrness=0.5875
epoch 19/50 iter 1640/1860 loss=0.6764 mean_loss=0.6800 classification=0.0353, bbox_regression=0.0515, bbox_ctrness=0.5897
epoch 19/50 iter 1660/1860 loss=0.6776 mean_loss=0.6800 classification=0.0264, bbox_regression=0.0678, bbox_ctrness=0.5834
epoch 19/50 iter 1680/1860 loss=0.6957 mean_loss=0.6799 classification=0.0487, bbox_regression=0.0647, bbox_ctrness=0.5823
epoch 19/50 iter 1700/1860 loss=0.7696 mean_loss=0.6801 classification=0.1136, bbox_regression=0.0525, bbox_ctrness=0.6034
epoch 19/50 iter 1720/1860 loss=0.6894 mean_loss=0.6802 classification=0.0319, bbox_regression=0.0438, bbox_ctrness=0.6137
epoch 19/50 iter 1740/1860 loss=0.7037 mean_loss=0.6804 classification=0.0367, bbox_regression=0.0581, bbox_ctrness=0.6089
epoch 19/50 iter 1760/1860 loss=0.6782 mean_loss=0.6805 classification=0.0193, bbox_regression=0.0576, bbox_ctrness=0.6013
epoch 19/50 iter 1780/1860 loss=0.7017 mean_loss=0.6805 classification=0.0136, bbox_regression=0.0815, bbox_ctrness=0.6067
epoch 19/50 iter 1800/1860 loss=0.6652 mean_loss=0.6804 classification=0.0154, bbox_regression=0.0572, bbox_ctrness=0.5927
epoch 19/50 iter 1820/1860 loss=0.6558 mean_loss=0.6805 classification=0.0127, bbox_regression=0.0534, bbox_ctrness=0.5897
epoch 19/50 iter 1840/1860 loss=0.6760 mean_loss=0.6805 classification=0.0304, bbox_regression=0.0486, bbox_ctrness=0.5970
epoch 19/50 iter 1860/1860 loss=0.6837 mean_loss=0.6805 classification=0.0157, bbox_regression=0.0678, bbox_ctrness=0.6002
epoch 19 validation Precision=0.7131 Recall=0.9453 AP50=0.9229 AP75=0.8366 eval_fps=21.18 epoch_time_sec=909.9
saved checkpoint: E:\RepViT-main\runs\v48_complete_ablation\training\ra_static_equal_seed2\weights\last.pt
epoch 20/50 iter 1/1860 loss=0.6356 mean_loss=0.6356 classification=0.0100, bbox_regression=0.0484, bbox_ctrness=0.5772
epoch 20/50 iter 20/1860 loss=0.6481 mean_loss=0.6775 classification=0.0051, bbox_regression=0.0529, bbox_ctrness=0.5902
epoch 20/50 iter 40/1860 loss=0.6660 mean_loss=0.6777 classification=0.0087, bbox_regression=0.0716, bbox_ctrness=0.5857
epoch 20/50 iter 60/1860 loss=0.6640 mean_loss=0.6760 classification=0.0152, bbox_regression=0.0499, bbox_ctrness=0.5989
epoch 20/50 iter 80/1860 loss=0.6692 mean_loss=0.6764 classification=0.0045, bbox_regression=0.0544, bbox_ctrness=0.6104
epoch 20/50 iter 100/1860 loss=0.6685 mean_loss=0.6760 classification=0.0075, bbox_regression=0.0655, bbox_ctrness=0.5955
epoch 20/50 iter 120/1860 loss=0.6775 mean_loss=0.6750 classification=0.0048, bbox_regression=0.0556, bbox_ctrness=0.6170
epoch 20/50 iter 140/1860 loss=0.6786 mean_loss=0.6737 classification=0.0320, bbox_regression=0.0458, bbox_ctrness=0.6008
epoch 20/50 iter 160/1860 loss=0.6962 mean_loss=0.6732 classification=0.0298, bbox_regression=0.0679, bbox_ctrness=0.5985
epoch 20/50 iter 180/1860 loss=0.6507 mean_loss=0.6726 classification=0.0028, bbox_regression=0.0518, bbox_ctrness=0.5961
epoch 20/50 iter 200/1860 loss=0.6752 mean_loss=0.6725 classification=0.0156, bbox_regression=0.0611, bbox_ctrness=0.5985
epoch 20/50 iter 220/1860 loss=0.6866 mean_loss=0.6730 classification=0.0130, bbox_regression=0.0829, bbox_ctrness=0.5908
epoch 20/50 iter 240/1860 loss=0.6551 mean_loss=0.6735 classification=0.0103, bbox_regression=0.0529, bbox_ctrness=0.5919
epoch 20/50 iter 260/1860 loss=0.6682 mean_loss=0.6741 classification=0.0268, bbox_regression=0.0636, bbox_ctrness=0.5777
epoch 20/50 iter 280/1860 loss=0.6806 mean_loss=0.6746 classification=0.0092, bbox_regression=0.0537, bbox_ctrness=0.6176
epoch 20/50 iter 300/1860 loss=0.6711 mean_loss=0.6746 classification=0.0106, bbox_regression=0.0515, bbox_ctrness=0.6090
epoch 20/50 iter 320/1860 loss=0.6728 mean_loss=0.6753 classification=0.0148, bbox_regression=0.0600, bbox_ctrness=0.5980
epoch 20/50 iter 340/1860 loss=0.6955 mean_loss=0.6766 classification=0.0081, bbox_regression=0.0634, bbox_ctrness=0.6240
epoch 20/50 iter 360/1860 loss=0.6655 mean_loss=0.6773 classification=0.0030, bbox_regression=0.0485, bbox_ctrness=0.6139
epoch 20/50 iter 380/1860 loss=0.7428 mean_loss=0.6774 classification=0.0848, bbox_regression=0.0631, bbox_ctrness=0.5949
epoch 20/50 iter 400/1860 loss=0.6657 mean_loss=0.6772 classification=0.0108, bbox_regression=0.0467, bbox_ctrness=0.6082
epoch 20/50 iter 420/1860 loss=0.6743 mean_loss=0.6771 classification=0.0036, bbox_regression=0.0517, bbox_ctrness=0.6191
epoch 20/50 iter 440/1860 loss=0.6687 mean_loss=0.6767 classification=0.0060, bbox_regression=0.0474, bbox_ctrness=0.6154
epoch 20/50 iter 460/1860 loss=0.6549 mean_loss=0.6766 classification=0.0077, bbox_regression=0.0502, bbox_ctrness=0.5970
epoch 20/50 iter 480/1860 loss=0.7510 mean_loss=0.6764 classification=0.0643, bbox_regression=0.0853, bbox_ctrness=0.6014
epoch 20/50 iter 500/1860 loss=0.6510 mean_loss=0.6769 classification=0.0059, bbox_regression=0.0471, bbox_ctrness=0.5980
epoch 20/50 iter 520/1860 loss=0.6701 mean_loss=0.6767 classification=0.0253, bbox_regression=0.0645, bbox_ctrness=0.5803
epoch 20/50 iter 540/1860 loss=0.6583 mean_loss=0.6766 classification=0.0091, bbox_regression=0.0487, bbox_ctrness=0.6005
epoch 20/50 iter 560/1860 loss=0.6755 mean_loss=0.6762 classification=0.0045, bbox_regression=0.0572, bbox_ctrness=0.6138
epoch 20/50 iter 580/1860 loss=0.7067 mean_loss=0.6764 classification=0.0236, bbox_regression=0.0730, bbox_ctrness=0.6101
epoch 20/50 iter 600/1860 loss=0.6771 mean_loss=0.6766 classification=0.0052, bbox_regression=0.0473, bbox_ctrness=0.6246
epoch 20/50 iter 620/1860 loss=0.6698 mean_loss=0.6764 classification=0.0117, bbox_regression=0.0507, bbox_ctrness=0.6074
epoch 20/50 iter 640/1860 loss=0.6949 mean_loss=0.6762 classification=0.0024, bbox_regression=0.0682, bbox_ctrness=0.6243
epoch 20/50 iter 660/1860 loss=0.6721 mean_loss=0.6763 classification=0.0019, bbox_regression=0.0602, bbox_ctrness=0.6100
epoch 20/50 iter 680/1860 loss=0.6704 mean_loss=0.6764 classification=0.0021, bbox_regression=0.0562, bbox_ctrness=0.6121
epoch 20/50 iter 700/1860 loss=0.7173 mean_loss=0.6771 classification=0.0397, bbox_regression=0.0807, bbox_ctrness=0.5968
epoch 20/50 iter 720/1860 loss=0.6817 mean_loss=0.6774 classification=0.0085, bbox_regression=0.0627, bbox_ctrness=0.6106
epoch 20/50 iter 740/1860 loss=0.6914 mean_loss=0.6777 classification=0.0236, bbox_regression=0.0746, bbox_ctrness=0.5933
epoch 20/50 iter 760/1860 loss=0.6994 mean_loss=0.6777 classification=0.0149, bbox_regression=0.0608, bbox_ctrness=0.6237
epoch 20/50 iter 780/1860 loss=0.6771 mean_loss=0.6778 classification=0.0143, bbox_regression=0.0692, bbox_ctrness=0.5936
epoch 20/50 iter 800/1860 loss=0.7170 mean_loss=0.6776 classification=0.0239, bbox_regression=0.0790, bbox_ctrness=0.6142
epoch 20/50 iter 820/1860 loss=0.6604 mean_loss=0.6775 classification=0.0078, bbox_regression=0.0497, bbox_ctrness=0.6029
epoch 20/50 iter 840/1860 loss=0.6408 mean_loss=0.6774 classification=0.0106, bbox_regression=0.0441, bbox_ctrness=0.5862
epoch 20/50 iter 860/1860 loss=0.6879 mean_loss=0.6776 classification=0.0296, bbox_regression=0.0646, bbox_ctrness=0.5937
epoch 20/50 iter 880/1860 loss=0.6756 mean_loss=0.6773 classification=0.0193, bbox_regression=0.0566, bbox_ctrness=0.5998
epoch 20/50 iter 900/1860 loss=0.7660 mean_loss=0.6775 classification=0.0987, bbox_regression=0.0713, bbox_ctrness=0.5960
epoch 20/50 iter 920/1860 loss=0.6705 mean_loss=0.6776 classification=0.0086, bbox_regression=0.0635, bbox_ctrness=0.5985
epoch 20/50 iter 940/1860 loss=0.6901 mean_loss=0.6777 classification=0.0272, bbox_regression=0.0773, bbox_ctrness=0.5856
epoch 20/50 iter 960/1860 loss=0.6583 mean_loss=0.6776 classification=0.0076, bbox_regression=0.0486, bbox_ctrness=0.6021
epoch 20/50 iter 980/1860 loss=0.6978 mean_loss=0.6775 classification=0.0023, bbox_regression=0.0767, bbox_ctrness=0.6189
epoch 20/50 iter 1000/1860 loss=0.6718 mean_loss=0.6776 classification=0.0170, bbox_regression=0.0566, bbox_ctrness=0.5982
epoch 20/50 iter 1020/1860 loss=0.6720 mean_loss=0.6775 classification=0.0067, bbox_regression=0.0635, bbox_ctrness=0.6019
epoch 20/50 iter 1040/1860 loss=0.6591 mean_loss=0.6776 classification=0.0073, bbox_regression=0.0511, bbox_ctrness=0.6007
epoch 20/50 iter 1060/1860 loss=0.6873 mean_loss=0.6775 classification=0.0161, bbox_regression=0.0632, bbox_ctrness=0.6080
epoch 20/50 iter 1080/1860 loss=0.6711 mean_loss=0.6776 classification=0.0251, bbox_regression=0.0498, bbox_ctrness=0.5962
epoch 20/50 iter 1100/1860 loss=0.6644 mean_loss=0.6776 classification=0.0138, bbox_regression=0.0447, bbox_ctrness=0.6059
epoch 20/50 iter 1120/1860 loss=0.6799 mean_loss=0.6775 classification=0.0093, bbox_regression=0.0696, bbox_ctrness=0.6010
epoch 20/50 iter 1140/1860 loss=0.6974 mean_loss=0.6774 classification=0.0065, bbox_regression=0.0830, bbox_ctrness=0.6080
epoch 20/50 iter 1160/1860 loss=0.6539 mean_loss=0.6774 classification=0.0107, bbox_regression=0.0526, bbox_ctrness=0.5906
epoch 20/50 iter 1180/1860 loss=0.6763 mean_loss=0.6775 classification=0.0193, bbox_regression=0.0575, bbox_ctrness=0.5995
epoch 20/50 iter 1200/1860 loss=0.6521 mean_loss=0.6776 classification=0.0126, bbox_regression=0.0561, bbox_ctrness=0.5834
epoch 20/50 iter 1220/1860 loss=0.6814 mean_loss=0.6777 classification=0.0267, bbox_regression=0.0602, bbox_ctrness=0.5945
epoch 20/50 iter 1240/1860 loss=0.7113 mean_loss=0.6777 classification=0.0229, bbox_regression=0.0714, bbox_ctrness=0.6170
epoch 20/50 iter 1260/1860 loss=0.6704 mean_loss=0.6776 classification=0.0072, bbox_regression=0.0611, bbox_ctrness=0.6020
epoch 20/50 iter 1280/1860 loss=0.6679 mean_loss=0.6777 classification=0.0051, bbox_regression=0.0531, bbox_ctrness=0.6097
epoch 20/50 iter 1300/1860 loss=0.6967 mean_loss=0.6781 classification=0.0196, bbox_regression=0.0712, bbox_ctrness=0.6059
epoch 20/50 iter 1320/1860 loss=0.6572 mean_loss=0.6782 classification=0.0056, bbox_regression=0.0529, bbox_ctrness=0.5986
epoch 20/50 iter 1340/1860 loss=0.6725 mean_loss=0.6781 classification=0.0019, bbox_regression=0.0497, bbox_ctrness=0.6209
epoch 20/50 iter 1360/1860 loss=0.7149 mean_loss=0.6782 classification=0.0237, bbox_regression=0.0781, bbox_ctrness=0.6131
epoch 20/50 iter 1380/1860 loss=0.6756 mean_loss=0.6781 classification=0.0044, bbox_regression=0.0606, bbox_ctrness=0.6105
epoch 20/50 iter 1400/1860 loss=0.6751 mean_loss=0.6781 classification=0.0224, bbox_regression=0.0556, bbox_ctrness=0.5971
epoch 20/50 iter 1420/1860 loss=0.6803 mean_loss=0.6780 classification=0.0190, bbox_regression=0.0727, bbox_ctrness=0.5886
epoch 20/50 iter 1440/1860 loss=0.6443 mean_loss=0.6780 classification=0.0150, bbox_regression=0.0516, bbox_ctrness=0.5777
epoch 20/50 iter 1460/1860 loss=0.6886 mean_loss=0.6779 classification=0.0072, bbox_regression=0.0690, bbox_ctrness=0.6124
epoch 20/50 iter 1480/1860 loss=0.6574 mean_loss=0.6777 classification=0.0192, bbox_regression=0.0498, bbox_ctrness=0.5884
epoch 20/50 iter 1500/1860 loss=0.6641 mean_loss=0.6778 classification=0.0042, bbox_regression=0.0659, bbox_ctrness=0.5940
epoch 20/50 iter 1520/1860 loss=0.6831 mean_loss=0.6778 classification=0.0181, bbox_regression=0.0594, bbox_ctrness=0.6056
epoch 20/50 iter 1540/1860 loss=0.6977 mean_loss=0.6780 classification=0.0171, bbox_regression=0.0708, bbox_ctrness=0.6098
epoch 20/50 iter 1560/1860 loss=0.6871 mean_loss=0.6780 classification=0.0229, bbox_regression=0.0600, bbox_ctrness=0.6042
epoch 20/50 iter 1580/1860 loss=0.6713 mean_loss=0.6780 classification=0.0070, bbox_regression=0.0576, bbox_ctrness=0.6067
epoch 20/50 iter 1600/1860 loss=0.6637 mean_loss=0.6780 classification=0.0090, bbox_regression=0.0474, bbox_ctrness=0.6074
epoch 20/50 iter 1620/1860 loss=0.6648 mean_loss=0.6780 classification=0.0152, bbox_regression=0.0491, bbox_ctrness=0.6004
epoch 20/50 iter 1640/1860 loss=0.6665 mean_loss=0.6780 classification=0.0168, bbox_regression=0.0516, bbox_ctrness=0.5981
epoch 20/50 iter 1660/1860 loss=0.6878 mean_loss=0.6780 classification=0.0187, bbox_regression=0.0741, bbox_ctrness=0.5950
epoch 20/50 iter 1680/1860 loss=0.6991 mean_loss=0.6780 classification=0.0344, bbox_regression=0.0593, bbox_ctrness=0.6054
epoch 20/50 iter 1700/1860 loss=0.6593 mean_loss=0.6779 classification=0.0015, bbox_regression=0.0555, bbox_ctrness=0.6023
epoch 20/50 iter 1720/1860 loss=0.6563 mean_loss=0.6779 classification=0.0103, bbox_regression=0.0515, bbox_ctrness=0.5945
epoch 20/50 iter 1740/1860 loss=0.7038 mean_loss=0.6779 classification=0.0358, bbox_regression=0.0725, bbox_ctrness=0.5955
epoch 20/50 iter 1760/1860 loss=0.6626 mean_loss=0.6779 classification=0.0108, bbox_regression=0.0481, bbox_ctrness=0.6037
epoch 20/50 iter 1780/1860 loss=0.7524 mean_loss=0.6778 classification=0.0734, bbox_regression=0.0803, bbox_ctrness=0.5987
epoch 20/50 iter 1800/1860 loss=0.6694 mean_loss=0.6779 classification=0.0093, bbox_regression=0.0594, bbox_ctrness=0.6007
epoch 20/50 iter 1820/1860 loss=0.6789 mean_loss=0.6780 classification=0.0170, bbox_regression=0.0639, bbox_ctrness=0.5980
epoch 20/50 iter 1840/1860 loss=0.6775 mean_loss=0.6780 classification=0.0066, bbox_regression=0.0524, bbox_ctrness=0.6185
epoch 20/50 iter 1860/1860 loss=0.7249 mean_loss=0.6780 classification=0.0703, bbox_regression=0.0677, bbox_ctrness=0.5870
epoch 20 validation Precision=0.6154 Recall=0.9518 AP50=0.9228 AP75=0.8177 eval_fps=20.78 epoch_time_sec=909.1
saved checkpoint: E:\RepViT-main\runs\v48_complete_ablation\training\ra_static_equal_seed2\weights\last.pt
epoch 21/50 iter 1/1860 loss=0.6521 mean_loss=0.6521 classification=0.0089, bbox_regression=0.0568, bbox_ctrness=0.5864
epoch 21/50 iter 20/1860 loss=0.6847 mean_loss=0.6809 classification=0.0081, bbox_regression=0.0638, bbox_ctrness=0.6128
epoch 21/50 iter 40/1860 loss=0.6642 mean_loss=0.6741 classification=0.0258, bbox_regression=0.0481, bbox_ctrness=0.5903
epoch 21/50 iter 60/1860 loss=0.6739 mean_loss=0.6717 classification=0.0108, bbox_regression=0.0537, bbox_ctrness=0.6094
epoch 21/50 iter 80/1860 loss=0.6606 mean_loss=0.6732 classification=0.0020, bbox_regression=0.0632, bbox_ctrness=0.5954
epoch 21/50 iter 100/1860 loss=0.6981 mean_loss=0.6730 classification=0.0037, bbox_regression=0.0746, bbox_ctrness=0.6198
epoch 21/50 iter 120/1860 loss=0.6847 mean_loss=0.6750 classification=0.0194, bbox_regression=0.0596, bbox_ctrness=0.6057
epoch 21/50 iter 140/1860 loss=0.6415 mean_loss=0.6754 classification=0.0055, bbox_regression=0.0393, bbox_ctrness=0.5967
epoch 21/50 iter 160/1860 loss=0.6313 mean_loss=0.6745 classification=0.0038, bbox_regression=0.0396, bbox_ctrness=0.5878
epoch 21/50 iter 180/1860 loss=0.6812 mean_loss=0.6751 classification=0.0364, bbox_regression=0.0516, bbox_ctrness=0.5932
epoch 21/50 iter 200/1860 loss=0.6526 mean_loss=0.6754 classification=0.0242, bbox_regression=0.0409, bbox_ctrness=0.5874
epoch 21/50 iter 220/1860 loss=0.6377 mean_loss=0.6756 classification=0.0096, bbox_regression=0.0451, bbox_ctrness=0.5829
epoch 21/50 iter 240/1860 loss=0.6443 mean_loss=0.6748 classification=0.0057, bbox_regression=0.0485, bbox_ctrness=0.5901
epoch 21/50 iter 260/1860 loss=0.6651 mean_loss=0.6740 classification=0.0109, bbox_regression=0.0519, bbox_ctrness=0.6022
epoch 21/50 iter 280/1860 loss=0.7496 mean_loss=0.6745 classification=0.0162, bbox_regression=0.1092, bbox_ctrness=0.6243
epoch 21/50 iter 300/1860 loss=0.6262 mean_loss=0.6736 classification=0.0089, bbox_regression=0.0392, bbox_ctrness=0.5780
epoch 21/50 iter 320/1860 loss=0.6861 mean_loss=0.6734 classification=0.0236, bbox_regression=0.0616, bbox_ctrness=0.6010
epoch 21/50 iter 340/1860 loss=0.6749 mean_loss=0.6735 classification=0.0090, bbox_regression=0.0640, bbox_ctrness=0.6019
epoch 21/50 iter 360/1860 loss=0.6626 mean_loss=0.6737 classification=0.0066, bbox_regression=0.0656, bbox_ctrness=0.5904
epoch 21/50 iter 380/1860 loss=0.6639 mean_loss=0.6737 classification=0.0036, bbox_regression=0.0601, bbox_ctrness=0.6003
epoch 21/50 iter 400/1860 loss=0.6621 mean_loss=0.6735 classification=0.0147, bbox_regression=0.0554, bbox_ctrness=0.5921
epoch 21/50 iter 420/1860 loss=0.6998 mean_loss=0.6731 classification=0.0312, bbox_regression=0.0666, bbox_ctrness=0.6020
epoch 21/50 iter 440/1860 loss=0.6673 mean_loss=0.6730 classification=0.0088, bbox_regression=0.0652, bbox_ctrness=0.5933
epoch 21/50 iter 460/1860 loss=0.6701 mean_loss=0.6730 classification=0.0101, bbox_regression=0.0577, bbox_ctrness=0.6022
epoch 21/50 iter 480/1860 loss=0.7093 mean_loss=0.6732 classification=0.0202, bbox_regression=0.0931, bbox_ctrness=0.5960
epoch 21/50 iter 500/1860 loss=0.6584 mean_loss=0.6732 classification=0.0046, bbox_regression=0.0553, bbox_ctrness=0.5985
epoch 21/50 iter 520/1860 loss=0.7019 mean_loss=0.6731 classification=0.0292, bbox_regression=0.0650, bbox_ctrness=0.6076
epoch 21/50 iter 540/1860 loss=0.7022 mean_loss=0.6734 classification=0.0295, bbox_regression=0.0715, bbox_ctrness=0.6012
epoch 21/50 iter 560/1860 loss=0.6544 mean_loss=0.6734 classification=0.0125, bbox_regression=0.0554, bbox_ctrness=0.5865
epoch 21/50 iter 580/1860 loss=0.6627 mean_loss=0.6730 classification=0.0032, bbox_regression=0.0583, bbox_ctrness=0.6012
epoch 21/50 iter 600/1860 loss=0.6780 mean_loss=0.6733 classification=0.0076, bbox_regression=0.0664, bbox_ctrness=0.6040
epoch 21/50 iter 620/1860 loss=0.6879 mean_loss=0.6732 classification=0.0157, bbox_regression=0.0665, bbox_ctrness=0.6056
epoch 21/50 iter 640/1860 loss=0.6938 mean_loss=0.6731 classification=0.0105, bbox_regression=0.0827, bbox_ctrness=0.6006
epoch 21/50 iter 660/1860 loss=0.6566 mean_loss=0.6730 classification=0.0024, bbox_regression=0.0496, bbox_ctrness=0.6046
epoch 21/50 iter 680/1860 loss=0.6616 mean_loss=0.6730 classification=0.0062, bbox_regression=0.0527, bbox_ctrness=0.6027
epoch 21/50 iter 700/1860 loss=0.6414 mean_loss=0.6728 classification=0.0022, bbox_regression=0.0494, bbox_ctrness=0.5898
epoch 21/50 iter 720/1860 loss=0.6747 mean_loss=0.6729 classification=0.0071, bbox_regression=0.0595, bbox_ctrness=0.6081
epoch 21/50 iter 740/1860 loss=0.6583 mean_loss=0.6730 classification=0.0053, bbox_regression=0.0548, bbox_ctrness=0.5982
epoch 21/50 iter 760/1860 loss=0.6856 mean_loss=0.6734 classification=0.0348, bbox_regression=0.0522, bbox_ctrness=0.5986
epoch 21/50 iter 780/1860 loss=0.6668 mean_loss=0.6735 classification=0.0178, bbox_regression=0.0608, bbox_ctrness=0.5883
epoch 21/50 iter 800/1860 loss=0.6576 mean_loss=0.6737 classification=0.0140, bbox_regression=0.0590, bbox_ctrness=0.5845
epoch 21/50 iter 820/1860 loss=0.6468 mean_loss=0.6741 classification=0.0085, bbox_regression=0.0611, bbox_ctrness=0.5772
epoch 21/50 iter 840/1860 loss=0.6870 mean_loss=0.6742 classification=0.0073, bbox_regression=0.0587, bbox_ctrness=0.6210
epoch 21/50 iter 860/1860 loss=0.6462 mean_loss=0.6741 classification=0.0146, bbox_regression=0.0537, bbox_ctrness=0.5780
epoch 21/50 iter 880/1860 loss=0.6229 mean_loss=0.6740 classification=0.0050, bbox_regression=0.0425, bbox_ctrness=0.5754
epoch 21/50 iter 900/1860 loss=0.6773 mean_loss=0.6740 classification=0.0155, bbox_regression=0.0676, bbox_ctrness=0.5942
epoch 21/50 iter 920/1860 loss=0.6774 mean_loss=0.6741 classification=0.0214, bbox_regression=0.0621, bbox_ctrness=0.5939
epoch 21/50 iter 940/1860 loss=0.6602 mean_loss=0.6740 classification=0.0093, bbox_regression=0.0532, bbox_ctrness=0.5978
epoch 21/50 iter 960/1860 loss=0.6790 mean_loss=0.6739 classification=0.0250, bbox_regression=0.0682, bbox_ctrness=0.5858
epoch 21/50 iter 980/1860 loss=0.7118 mean_loss=0.6740 classification=0.0465, bbox_regression=0.0715, bbox_ctrness=0.5938
epoch 21/50 iter 1000/1860 loss=0.6883 mean_loss=0.6741 classification=0.0331, bbox_regression=0.0491, bbox_ctrness=0.6061
epoch 21/50 iter 1020/1860 loss=0.6775 mean_loss=0.6742 classification=0.0105, bbox_regression=0.0633, bbox_ctrness=0.6036
epoch 21/50 iter 1040/1860 loss=0.6574 mean_loss=0.6741 classification=0.0038, bbox_regression=0.0539, bbox_ctrness=0.5997
epoch 21/50 iter 1060/1860 loss=0.6785 mean_loss=0.6743 classification=0.0083, bbox_regression=0.0492, bbox_ctrness=0.6210
epoch 21/50 iter 1080/1860 loss=0.6664 mean_loss=0.6741 classification=0.0150, bbox_regression=0.0617, bbox_ctrness=0.5898
epoch 21/50 iter 1100/1860 loss=0.6679 mean_loss=0.6742 classification=0.0059, bbox_regression=0.0546, bbox_ctrness=0.6074
epoch 21/50 iter 1120/1860 loss=0.6793 mean_loss=0.6742 classification=0.0165, bbox_regression=0.0691, bbox_ctrness=0.5937
epoch 21/50 iter 1140/1860 loss=0.6725 mean_loss=0.6740 classification=0.0116, bbox_regression=0.0566, bbox_ctrness=0.6043
epoch 21/50 iter 1160/1860 loss=0.6923 mean_loss=0.6742 classification=0.0417, bbox_regression=0.0594, bbox_ctrness=0.5911
epoch 21/50 iter 1180/1860 loss=0.6827 mean_loss=0.6742 classification=0.0177, bbox_regression=0.0595, bbox_ctrness=0.6056
epoch 21/50 iter 1200/1860 loss=0.6589 mean_loss=0.6742 classification=0.0127, bbox_regression=0.0530, bbox_ctrness=0.5932
epoch 21/50 iter 1220/1860 loss=0.6692 mean_loss=0.6744 classification=0.0144, bbox_regression=0.0509, bbox_ctrness=0.6038
epoch 21/50 iter 1240/1860 loss=0.6579 mean_loss=0.6744 classification=0.0220, bbox_regression=0.0564, bbox_ctrness=0.5795
epoch 21/50 iter 1260/1860 loss=0.6970 mean_loss=0.6744 classification=0.0141, bbox_regression=0.0857, bbox_ctrness=0.5972
epoch 21/50 iter 1280/1860 loss=0.6747 mean_loss=0.6743 classification=0.0118, bbox_regression=0.0645, bbox_ctrness=0.5984
epoch 21/50 iter 1300/1860 loss=0.6750 mean_loss=0.6743 classification=0.0057, bbox_regression=0.0615, bbox_ctrness=0.6078
epoch 21/50 iter 1320/1860 loss=0.6917 mean_loss=0.6742 classification=0.0199, bbox_regression=0.0747, bbox_ctrness=0.5971
epoch 21/50 iter 1340/1860 loss=0.6674 mean_loss=0.6741 classification=0.0157, bbox_regression=0.0586, bbox_ctrness=0.5931
epoch 21/50 iter 1360/1860 loss=0.6902 mean_loss=0.6741 classification=0.0133, bbox_regression=0.0655, bbox_ctrness=0.6115
epoch 21/50 iter 1380/1860 loss=0.6786 mean_loss=0.6741 classification=0.0321, bbox_regression=0.0609, bbox_ctrness=0.5856
epoch 21/50 iter 1400/1860 loss=0.6738 mean_loss=0.6742 classification=0.0054, bbox_regression=0.0555, bbox_ctrness=0.6130
epoch 21/50 iter 1420/1860 loss=0.6696 mean_loss=0.6742 classification=0.0039, bbox_regression=0.0603, bbox_ctrness=0.6054
epoch 21/50 iter 1440/1860 loss=0.6800 mean_loss=0.6742 classification=0.0013, bbox_regression=0.0700, bbox_ctrness=0.6086
epoch 21/50 iter 1460/1860 loss=0.6789 mean_loss=0.6743 classification=0.0228, bbox_regression=0.0576, bbox_ctrness=0.5985
epoch 21/50 iter 1480/1860 loss=0.6630 mean_loss=0.6743 classification=0.0124, bbox_regression=0.0589, bbox_ctrness=0.5917
epoch 21/50 iter 1500/1860 loss=0.6541 mean_loss=0.6743 classification=0.0036, bbox_regression=0.0488, bbox_ctrness=0.6017
epoch 21/50 iter 1520/1860 loss=0.6742 mean_loss=0.6743 classification=0.0108, bbox_regression=0.0641, bbox_ctrness=0.5993
epoch 21/50 iter 1540/1860 loss=0.6729 mean_loss=0.6742 classification=0.0094, bbox_regression=0.0606, bbox_ctrness=0.6029
epoch 21/50 iter 1560/1860 loss=0.6795 mean_loss=0.6742 classification=0.0044, bbox_regression=0.0634, bbox_ctrness=0.6117
epoch 21/50 iter 1580/1860 loss=0.6821 mean_loss=0.6745 classification=0.0005, bbox_regression=0.0677, bbox_ctrness=0.6140
epoch 21/50 iter 1600/1860 loss=0.6922 mean_loss=0.6745 classification=0.0139, bbox_regression=0.0688, bbox_ctrness=0.6095
epoch 21/50 iter 1620/1860 loss=0.6632 mean_loss=0.6745 classification=0.0139, bbox_regression=0.0486, bbox_ctrness=0.6008
epoch 21/50 iter 1640/1860 loss=0.6974 mean_loss=0.6745 classification=0.0329, bbox_regression=0.0577, bbox_ctrness=0.6068
epoch 21/50 iter 1660/1860 loss=0.6995 mean_loss=0.6745 classification=0.0194, bbox_regression=0.0823, bbox_ctrness=0.5978
epoch 21/50 iter 1680/1860 loss=0.6810 mean_loss=0.6744 classification=0.0095, bbox_regression=0.0704, bbox_ctrness=0.6010
epoch 21/50 iter 1700/1860 loss=0.6840 mean_loss=0.6745 classification=0.0213, bbox_regression=0.0670, bbox_ctrness=0.5956
epoch 21/50 iter 1720/1860 loss=0.6960 mean_loss=0.6745 classification=0.0021, bbox_regression=0.0859, bbox_ctrness=0.6080
epoch 21/50 iter 1740/1860 loss=0.6612 mean_loss=0.6746 classification=0.0171, bbox_regression=0.0481, bbox_ctrness=0.5959
epoch 21/50 iter 1760/1860 loss=0.6779 mean_loss=0.6745 classification=0.0119, bbox_regression=0.0592, bbox_ctrness=0.6067
epoch 21/50 iter 1780/1860 loss=0.7380 mean_loss=0.6745 classification=0.0731, bbox_regression=0.0683, bbox_ctrness=0.5965
epoch 21/50 iter 1800/1860 loss=0.6695 mean_loss=0.6745 classification=0.0077, bbox_regression=0.0523, bbox_ctrness=0.6095
epoch 21/50 iter 1820/1860 loss=0.6487 mean_loss=0.6746 classification=0.0164, bbox_regression=0.0509, bbox_ctrness=0.5814
epoch 21/50 iter 1840/1860 loss=0.6794 mean_loss=0.6748 classification=0.0161, bbox_regression=0.0617, bbox_ctrness=0.6016
epoch 21/50 iter 1860/1860 loss=0.6711 mean_loss=0.6748 classification=0.0132, bbox_regression=0.0470, bbox_ctrness=0.6110
epoch 21 validation Precision=0.7071 Recall=0.9349 AP50=0.9139 AP75=0.8236 eval_fps=20.98 epoch_time_sec=903.2
saved checkpoint: E:\RepViT-main\runs\v48_complete_ablation\training\ra_static_equal_seed2\weights\last.pt
epoch 22/50 iter 1/1860 loss=0.6672 mean_loss=0.6672 classification=0.0101, bbox_regression=0.0577, bbox_ctrness=0.5994
epoch 22/50 iter 20/1860 loss=0.6612 mean_loss=0.6692 classification=0.0129, bbox_regression=0.0498, bbox_ctrness=0.5985
epoch 22/50 iter 40/1860 loss=0.6382 mean_loss=0.6721 classification=0.0020, bbox_regression=0.0446, bbox_ctrness=0.5916
epoch 22/50 iter 60/1860 loss=0.6597 mean_loss=0.6728 classification=0.0029, bbox_regression=0.0357, bbox_ctrness=0.6210
epoch 22/50 iter 80/1860 loss=0.6714 mean_loss=0.6715 classification=0.0059, bbox_regression=0.0679, bbox_ctrness=0.5977
epoch 22/50 iter 100/1860 loss=0.6586 mean_loss=0.6709 classification=0.0025, bbox_regression=0.0516, bbox_ctrness=0.6046
epoch 22/50 iter 120/1860 loss=0.6484 mean_loss=0.6709 classification=0.0052, bbox_regression=0.0533, bbox_ctrness=0.5900
epoch 22/50 iter 140/1860 loss=0.6681 mean_loss=0.6703 classification=0.0104, bbox_regression=0.0628, bbox_ctrness=0.5949
epoch 22/50 iter 160/1860 loss=0.6939 mean_loss=0.6706 classification=0.0321, bbox_regression=0.0580, bbox_ctrness=0.6038
epoch 22/50 iter 180/1860 loss=0.6750 mean_loss=0.6707 classification=0.0247, bbox_regression=0.0572, bbox_ctrness=0.5931
epoch 22/50 iter 200/1860 loss=0.6682 mean_loss=0.6715 classification=0.0014, bbox_regression=0.0455, bbox_ctrness=0.6213
epoch 22/50 iter 220/1860 loss=0.6750 mean_loss=0.6714 classification=0.0230, bbox_regression=0.0566, bbox_ctrness=0.5954
epoch 22/50 iter 240/1860 loss=0.6541 mean_loss=0.6712 classification=0.0153, bbox_regression=0.0468, bbox_ctrness=0.5920
epoch 22/50 iter 260/1860 loss=0.6232 mean_loss=0.6714 classification=0.0013, bbox_regression=0.0393, bbox_ctrness=0.5826
epoch 22/50 iter 280/1860 loss=0.6673 mean_loss=0.6710 classification=0.0045, bbox_regression=0.0534, bbox_ctrness=0.6094
epoch 22/50 iter 300/1860 loss=0.6725 mean_loss=0.6706 classification=0.0082, bbox_regression=0.0659, bbox_ctrness=0.5984
epoch 22/50 iter 320/1860 loss=0.6634 mean_loss=0.6702 classification=0.0058, bbox_regression=0.0602, bbox_ctrness=0.5975
epoch 22/50 iter 340/1860 loss=0.6528 mean_loss=0.6701 classification=0.0072, bbox_regression=0.0575, bbox_ctrness=0.5881
epoch 22/50 iter 360/1860 loss=0.6431 mean_loss=0.6700 classification=0.0134, bbox_regression=0.0423, bbox_ctrness=0.5874
epoch 22/50 iter 380/1860 loss=0.6710 mean_loss=0.6700 classification=0.0058, bbox_regression=0.0648, bbox_ctrness=0.6004
epoch 22/50 iter 400/1860 loss=0.6509 mean_loss=0.6695 classification=0.0012, bbox_regression=0.0535, bbox_ctrness=0.5962
epoch 22/50 iter 420/1860 loss=0.6576 mean_loss=0.6693 classification=0.0027, bbox_regression=0.0535, bbox_ctrness=0.6014
epoch 22/50 iter 440/1860 loss=0.6801 mean_loss=0.6692 classification=0.0110, bbox_regression=0.0714, bbox_ctrness=0.5978
epoch 22/50 iter 460/1860 loss=0.6698 mean_loss=0.6693 classification=0.0093, bbox_regression=0.0542, bbox_ctrness=0.6063
epoch 22/50 iter 480/1860 loss=0.7139 mean_loss=0.6694 classification=0.0249, bbox_regression=0.0762, bbox_ctrness=0.6129
epoch 22/50 iter 500/1860 loss=0.6716 mean_loss=0.6694 classification=0.0271, bbox_regression=0.0588, bbox_ctrness=0.5856
epoch 22/50 iter 520/1860 loss=0.7229 mean_loss=0.6698 classification=0.0324, bbox_regression=0.0839, bbox_ctrness=0.6066
epoch 22/50 iter 540/1860 loss=0.6822 mean_loss=0.6698 classification=0.0118, bbox_regression=0.0661, bbox_ctrness=0.6042
epoch 22/50 iter 560/1860 loss=0.6897 mean_loss=0.6701 classification=0.0115, bbox_regression=0.0603, bbox_ctrness=0.6179
epoch 22/50 iter 580/1860 loss=0.7075 mean_loss=0.6704 classification=0.0301, bbox_regression=0.0839, bbox_ctrness=0.5935
epoch 22/50 iter 600/1860 loss=0.6469 mean_loss=0.6705 classification=0.0081, bbox_regression=0.0457, bbox_ctrness=0.5931
epoch 22/50 iter 620/1860 loss=0.6931 mean_loss=0.6706 classification=0.0308, bbox_regression=0.0676, bbox_ctrness=0.5947
epoch 22/50 iter 640/1860 loss=0.6570 mean_loss=0.6707 classification=0.0110, bbox_regression=0.0517, bbox_ctrness=0.5943
epoch 22/50 iter 660/1860 loss=0.6688 mean_loss=0.6709 classification=0.0095, bbox_regression=0.0697, bbox_ctrness=0.5896
epoch 22/50 iter 680/1860 loss=0.6736 mean_loss=0.6712 classification=0.0260, bbox_regression=0.0656, bbox_ctrness=0.5819
epoch 22/50 iter 700/1860 loss=0.6553 mean_loss=0.6714 classification=0.0013, bbox_regression=0.0478, bbox_ctrness=0.6062
epoch 22/50 iter 720/1860 loss=0.6579 mean_loss=0.6713 classification=0.0230, bbox_regression=0.0517, bbox_ctrness=0.5832
epoch 22/50 iter 740/1860 loss=0.6576 mean_loss=0.6712 classification=0.0086, bbox_regression=0.0368, bbox_ctrness=0.6121
epoch 22/50 iter 760/1860 loss=0.6740 mean_loss=0.6712 classification=0.0100, bbox_regression=0.0674, bbox_ctrness=0.5965
epoch 22/50 iter 780/1860 loss=0.6828 mean_loss=0.6713 classification=0.0131, bbox_regression=0.0722, bbox_ctrness=0.5975
epoch 22/50 iter 800/1860 loss=0.6700 mean_loss=0.6713 classification=0.0028, bbox_regression=0.0590, bbox_ctrness=0.6082
epoch 22/50 iter 820/1860 loss=0.6571 mean_loss=0.6713 classification=0.0085, bbox_regression=0.0508, bbox_ctrness=0.5978
epoch 22/50 iter 840/1860 loss=0.6765 mean_loss=0.6714 classification=0.0167, bbox_regression=0.0591, bbox_ctrness=0.6007
epoch 22/50 iter 860/1860 loss=0.6599 mean_loss=0.6714 classification=0.0079, bbox_regression=0.0416, bbox_ctrness=0.6104
epoch 22/50 iter 880/1860 loss=0.6605 mean_loss=0.6713 classification=0.0040, bbox_regression=0.0641, bbox_ctrness=0.5925
epoch 22/50 iter 900/1860 loss=0.6889 mean_loss=0.6712 classification=0.0025, bbox_regression=0.0671, bbox_ctrness=0.6192
epoch 22/50 iter 920/1860 loss=0.6545 mean_loss=0.6713 classification=0.0234, bbox_regression=0.0560, bbox_ctrness=0.5752
epoch 22/50 iter 940/1860 loss=0.6499 mean_loss=0.6713 classification=0.0016, bbox_regression=0.0499, bbox_ctrness=0.5984
epoch 22/50 iter 960/1860 loss=0.6805 mean_loss=0.6713 classification=0.0270, bbox_regression=0.0517, bbox_ctrness=0.6018
epoch 22/50 iter 980/1860 loss=0.6933 mean_loss=0.6713 classification=0.0123, bbox_regression=0.0712, bbox_ctrness=0.6098
epoch 22/50 iter 1000/1860 loss=0.6795 mean_loss=0.6713 classification=0.0072, bbox_regression=0.0703, bbox_ctrness=0.6020
epoch 22/50 iter 1020/1860 loss=0.6480 mean_loss=0.6713 classification=0.0026, bbox_regression=0.0537, bbox_ctrness=0.5918
epoch 22/50 iter 1040/1860 loss=0.6639 mean_loss=0.6716 classification=0.0059, bbox_regression=0.0609, bbox_ctrness=0.5971
epoch 22/50 iter 1060/1860 loss=0.6706 mean_loss=0.6716 classification=0.0147, bbox_regression=0.0580, bbox_ctrness=0.5978
epoch 22/50 iter 1080/1860 loss=0.6967 mean_loss=0.6717 classification=0.0177, bbox_regression=0.0689, bbox_ctrness=0.6101
epoch 22/50 iter 1100/1860 loss=0.7032 mean_loss=0.6717 classification=0.0150, bbox_regression=0.0879, bbox_ctrness=0.6003
epoch 22/50 iter 1120/1860 loss=0.6735 mean_loss=0.6716 classification=0.0224, bbox_regression=0.0547, bbox_ctrness=0.5964
epoch 22/50 iter 1140/1860 loss=0.6530 mean_loss=0.6716 classification=0.0036, bbox_regression=0.0498, bbox_ctrness=0.5996
epoch 22/50 iter 1160/1860 loss=0.6724 mean_loss=0.6716 classification=0.0064, bbox_regression=0.0674, bbox_ctrness=0.5986
epoch 22/50 iter 1180/1860 loss=0.6516 mean_loss=0.6716 classification=0.0011, bbox_regression=0.0533, bbox_ctrness=0.5972
epoch 22/50 iter 1200/1860 loss=0.6794 mean_loss=0.6716 classification=0.0140, bbox_regression=0.0610, bbox_ctrness=0.6044
epoch 22/50 iter 1220/1860 loss=0.6775 mean_loss=0.6716 classification=0.0026, bbox_regression=0.0676, bbox_ctrness=0.6073
epoch 22/50 iter 1240/1860 loss=0.6689 mean_loss=0.6716 classification=0.0239, bbox_regression=0.0491, bbox_ctrness=0.5960
epoch 22/50 iter 1260/1860 loss=0.6665 mean_loss=0.6716 classification=0.0286, bbox_regression=0.0532, bbox_ctrness=0.5848
epoch 22/50 iter 1280/1860 loss=0.6676 mean_loss=0.6717 classification=0.0168, bbox_regression=0.0586, bbox_ctrness=0.5922
epoch 22/50 iter 1300/1860 loss=0.6268 mean_loss=0.6716 classification=0.0057, bbox_regression=0.0432, bbox_ctrness=0.5779
epoch 22/50 iter 1320/1860 loss=0.6447 mean_loss=0.6717 classification=0.0011, bbox_regression=0.0621, bbox_ctrness=0.5815
epoch 22/50 iter 1340/1860 loss=0.6562 mean_loss=0.6716 classification=0.0070, bbox_regression=0.0480, bbox_ctrness=0.6012
epoch 22/50 iter 1360/1860 loss=0.6766 mean_loss=0.6716 classification=0.0105, bbox_regression=0.0780, bbox_ctrness=0.5881
epoch 22/50 iter 1380/1860 loss=0.6554 mean_loss=0.6716 classification=0.0150, bbox_regression=0.0588, bbox_ctrness=0.5816
epoch 22/50 iter 1400/1860 loss=0.6744 mean_loss=0.6718 classification=0.0082, bbox_regression=0.0633, bbox_ctrness=0.6029
epoch 22/50 iter 1420/1860 loss=0.6591 mean_loss=0.6719 classification=0.0056, bbox_regression=0.0649, bbox_ctrness=0.5886
epoch 22/50 iter 1440/1860 loss=0.6644 mean_loss=0.6720 classification=0.0209, bbox_regression=0.0463, bbox_ctrness=0.5971
epoch 22/50 iter 1460/1860 loss=0.6679 mean_loss=0.6719 classification=0.0296, bbox_regression=0.0563, bbox_ctrness=0.5820
epoch 22/50 iter 1480/1860 loss=0.6641 mean_loss=0.6719 classification=0.0056, bbox_regression=0.0519, bbox_ctrness=0.6065
epoch 22/50 iter 1500/1860 loss=0.6739 mean_loss=0.6719 classification=0.0136, bbox_regression=0.0601, bbox_ctrness=0.6003
epoch 22/50 iter 1520/1860 loss=0.6314 mean_loss=0.6719 classification=0.0088, bbox_regression=0.0302, bbox_ctrness=0.5924
epoch 22/50 iter 1540/1860 loss=0.7374 mean_loss=0.6719 classification=0.0929, bbox_regression=0.0605, bbox_ctrness=0.5839
epoch 22/50 iter 1560/1860 loss=0.6743 mean_loss=0.6717 classification=0.0174, bbox_regression=0.0573, bbox_ctrness=0.5996
epoch 22/50 iter 1580/1860 loss=0.6823 mean_loss=0.6717 classification=0.0053, bbox_regression=0.0628, bbox_ctrness=0.6141
epoch 22/50 iter 1600/1860 loss=0.6761 mean_loss=0.6717 classification=0.0119, bbox_regression=0.0699, bbox_ctrness=0.5944
epoch 22/50 iter 1620/1860 loss=0.6471 mean_loss=0.6717 classification=0.0050, bbox_regression=0.0438, bbox_ctrness=0.5982
epoch 22/50 iter 1640/1860 loss=0.6724 mean_loss=0.6717 classification=0.0055, bbox_regression=0.0637, bbox_ctrness=0.6031
epoch 22/50 iter 1660/1860 loss=0.6601 mean_loss=0.6718 classification=0.0035, bbox_regression=0.0456, bbox_ctrness=0.6110
epoch 22/50 iter 1680/1860 loss=0.6511 mean_loss=0.6718 classification=0.0109, bbox_regression=0.0617, bbox_ctrness=0.5785
epoch 22/50 iter 1700/1860 loss=0.6632 mean_loss=0.6717 classification=0.0178, bbox_regression=0.0638, bbox_ctrness=0.5815
epoch 22/50 iter 1720/1860 loss=0.6843 mean_loss=0.6717 classification=0.0020, bbox_regression=0.0610, bbox_ctrness=0.6212
epoch 22/50 iter 1740/1860 loss=0.6522 mean_loss=0.6717 classification=0.0044, bbox_regression=0.0395, bbox_ctrness=0.6083
epoch 22/50 iter 1760/1860 loss=0.7122 mean_loss=0.6717 classification=0.0283, bbox_regression=0.0718, bbox_ctrness=0.6122
epoch 22/50 iter 1780/1860 loss=0.6591 mean_loss=0.6716 classification=0.0138, bbox_regression=0.0549, bbox_ctrness=0.5905
epoch 22/50 iter 1800/1860 loss=0.6642 mean_loss=0.6716 classification=0.0063, bbox_regression=0.0466, bbox_ctrness=0.6113
epoch 22/50 iter 1820/1860 loss=0.6647 mean_loss=0.6716 classification=0.0086, bbox_regression=0.0571, bbox_ctrness=0.5990
epoch 22/50 iter 1840/1860 loss=0.6839 mean_loss=0.6715 classification=0.0344, bbox_regression=0.0634, bbox_ctrness=0.5861
epoch 22/50 iter 1860/1860 loss=0.6442 mean_loss=0.6715 classification=0.0070, bbox_regression=0.0495, bbox_ctrness=0.5877
epoch 22 validation Precision=0.6909 Recall=0.9429 AP50=0.9191 AP75=0.8291 eval_fps=20.97 epoch_time_sec=905.7
saved checkpoint: E:\RepViT-main\runs\v48_complete_ablation\training\ra_static_equal_seed2\weights\last.pt
epoch 23/50 iter 1/1860 loss=0.7152 mean_loss=0.7152 classification=0.0211, bbox_regression=0.0796, bbox_ctrness=0.6145
epoch 23/50 iter 20/1860 loss=0.6655 mean_loss=0.6592 classification=0.0002, bbox_regression=0.0514, bbox_ctrness=0.6139
epoch 23/50 iter 40/1860 loss=0.6638 mean_loss=0.6620 classification=0.0054, bbox_regression=0.0591, bbox_ctrness=0.5993
epoch 23/50 iter 60/1860 loss=0.6763 mean_loss=0.6616 classification=0.0111, bbox_regression=0.0609, bbox_ctrness=0.6043
epoch 23/50 iter 80/1860 loss=0.6795 mean_loss=0.6637 classification=0.0180, bbox_regression=0.0598, bbox_ctrness=0.6017
epoch 23/50 iter 100/1860 loss=0.6258 mean_loss=0.6669 classification=0.0080, bbox_regression=0.0444, bbox_ctrness=0.5734
epoch 23/50 iter 120/1860 loss=0.7283 mean_loss=0.6666 classification=0.0699, bbox_regression=0.0627, bbox_ctrness=0.5957
epoch 23/50 iter 140/1860 loss=0.6582 mean_loss=0.6674 classification=0.0039, bbox_regression=0.0471, bbox_ctrness=0.6073
epoch 23/50 iter 160/1860 loss=0.6196 mean_loss=0.6662 classification=0.0015, bbox_regression=0.0422, bbox_ctrness=0.5758
epoch 23/50 iter 180/1860 loss=0.6764 mean_loss=0.6659 classification=0.0153, bbox_regression=0.0584, bbox_ctrness=0.6027
epoch 23/50 iter 200/1860 loss=0.6677 mean_loss=0.6662 classification=0.0029, bbox_regression=0.0563, bbox_ctrness=0.6084
epoch 23/50 iter 220/1860 loss=0.6652 mean_loss=0.6658 classification=0.0041, bbox_regression=0.0542, bbox_ctrness=0.6069
epoch 23/50 iter 240/1860 loss=0.6681 mean_loss=0.6653 classification=0.0021, bbox_regression=0.0626, bbox_ctrness=0.6035
epoch 23/50 iter 260/1860 loss=0.6804 mean_loss=0.6655 classification=0.0149, bbox_regression=0.0552, bbox_ctrness=0.6103
epoch 23/50 iter 280/1860 loss=0.6553 mean_loss=0.6659 classification=0.0009, bbox_regression=0.0533, bbox_ctrness=0.6011
epoch 23/50 iter 300/1860 loss=0.6600 mean_loss=0.6660 classification=0.0047, bbox_regression=0.0619, bbox_ctrness=0.5934
epoch 23/50 iter 320/1860 loss=0.6365 mean_loss=0.6657 classification=0.0070, bbox_regression=0.0455, bbox_ctrness=0.5840
epoch 23/50 iter 340/1860 loss=0.6481 mean_loss=0.6653 classification=0.0058, bbox_regression=0.0543, bbox_ctrness=0.5880
epoch 23/50 iter 360/1860 loss=0.6603 mean_loss=0.6653 classification=0.0071, bbox_regression=0.0553, bbox_ctrness=0.5979
epoch 23/50 iter 380/1860 loss=0.6522 mean_loss=0.6651 classification=0.0014, bbox_regression=0.0498, bbox_ctrness=0.6009
epoch 23/50 iter 400/1860 loss=0.6826 mean_loss=0.6652 classification=0.0190, bbox_regression=0.0755, bbox_ctrness=0.5881
epoch 23/50 iter 420/1860 loss=0.6705 mean_loss=0.6655 classification=0.0224, bbox_regression=0.0608, bbox_ctrness=0.5872
epoch 23/50 iter 440/1860 loss=0.6539 mean_loss=0.6656 classification=0.0147, bbox_regression=0.0607, bbox_ctrness=0.5785
epoch 23/50 iter 460/1860 loss=0.6633 mean_loss=0.6659 classification=0.0313, bbox_regression=0.0508, bbox_ctrness=0.5813
epoch 23/50 iter 480/1860 loss=0.6558 mean_loss=0.6662 classification=0.0055, bbox_regression=0.0552, bbox_ctrness=0.5951
epoch 23/50 iter 500/1860 loss=0.6826 mean_loss=0.6658 classification=0.0084, bbox_regression=0.0600, bbox_ctrness=0.6142
epoch 23/50 iter 520/1860 loss=0.6811 mean_loss=0.6655 classification=0.0087, bbox_regression=0.0729, bbox_ctrness=0.5995
epoch 23/50 iter 540/1860 loss=0.6650 mean_loss=0.6657 classification=0.0145, bbox_regression=0.0543, bbox_ctrness=0.5962
epoch 23/50 iter 560/1860 loss=0.6331 mean_loss=0.6657 classification=0.0010, bbox_regression=0.0516, bbox_ctrness=0.5804
epoch 23/50 iter 580/1860 loss=0.7084 mean_loss=0.6660 classification=0.0416, bbox_regression=0.0610, bbox_ctrness=0.6058
epoch 23/50 iter 600/1860 loss=0.6447 mean_loss=0.6665 classification=0.0030, bbox_regression=0.0443, bbox_ctrness=0.5974
epoch 23/50 iter 620/1860 loss=0.6529 mean_loss=0.6666 classification=0.0212, bbox_regression=0.0409, bbox_ctrness=0.5909
epoch 23/50 iter 640/1860 loss=0.6576 mean_loss=0.6669 classification=0.0157, bbox_regression=0.0629, bbox_ctrness=0.5790
epoch 23/50 iter 660/1860 loss=0.6405 mean_loss=0.6668 classification=0.0151, bbox_regression=0.0508, bbox_ctrness=0.5746
epoch 23/50 iter 680/1860 loss=0.6733 mean_loss=0.6667 classification=0.0116, bbox_regression=0.0521, bbox_ctrness=0.6096
epoch 23/50 iter 700/1860 loss=0.6728 mean_loss=0.6670 classification=0.0244, bbox_regression=0.0603, bbox_ctrness=0.5880
epoch 23/50 iter 720/1860 loss=0.6740 mean_loss=0.6671 classification=0.0169, bbox_regression=0.0622, bbox_ctrness=0.5949
epoch 23/50 iter 740/1860 loss=0.6826 mean_loss=0.6673 classification=0.0040, bbox_regression=0.0599, bbox_ctrness=0.6187
epoch 23/50 iter 760/1860 loss=0.6771 mean_loss=0.6675 classification=0.0104, bbox_regression=0.0574, bbox_ctrness=0.6092
epoch 23/50 iter 780/1860 loss=0.6591 mean_loss=0.6677 classification=0.0020, bbox_regression=0.0672, bbox_ctrness=0.5900
epoch 23/50 iter 800/1860 loss=0.6593 mean_loss=0.6680 classification=0.0136, bbox_regression=0.0517, bbox_ctrness=0.5940
epoch 23/50 iter 820/1860 loss=0.6968 mean_loss=0.6682 classification=0.0160, bbox_regression=0.0719, bbox_ctrness=0.6089
epoch 23/50 iter 840/1860 loss=0.6846 mean_loss=0.6684 classification=0.0227, bbox_regression=0.0623, bbox_ctrness=0.5996
epoch 23/50 iter 860/1860 loss=0.6335 mean_loss=0.6682 classification=0.0015, bbox_regression=0.0494, bbox_ctrness=0.5826
epoch 23/50 iter 880/1860 loss=0.6622 mean_loss=0.6685 classification=0.0037, bbox_regression=0.0569, bbox_ctrness=0.6016
epoch 23/50 iter 900/1860 loss=0.6783 mean_loss=0.6686 classification=0.0139, bbox_regression=0.0641, bbox_ctrness=0.6003
epoch 23/50 iter 920/1860 loss=0.6795 mean_loss=0.6686 classification=0.0025, bbox_regression=0.0591, bbox_ctrness=0.6180
epoch 23/50 iter 940/1860 loss=0.6485 mean_loss=0.6686 classification=0.0036, bbox_regression=0.0513, bbox_ctrness=0.5936
epoch 23/50 iter 960/1860 loss=0.6834 mean_loss=0.6687 classification=0.0105, bbox_regression=0.0707, bbox_ctrness=0.6022
epoch 23/50 iter 980/1860 loss=0.7004 mean_loss=0.6687 classification=0.0539, bbox_regression=0.0456, bbox_ctrness=0.6009
epoch 23/50 iter 1000/1860 loss=0.6587 mean_loss=0.6687 classification=0.0089, bbox_regression=0.0586, bbox_ctrness=0.5912
epoch 23/50 iter 1020/1860 loss=0.6970 mean_loss=0.6687 classification=0.0165, bbox_regression=0.0720, bbox_ctrness=0.6084
epoch 23/50 iter 1040/1860 loss=0.6449 mean_loss=0.6691 classification=0.0058, bbox_regression=0.0492, bbox_ctrness=0.5900
epoch 23/50 iter 1060/1860 loss=0.6529 mean_loss=0.6692 classification=0.0218, bbox_regression=0.0471, bbox_ctrness=0.5839
epoch 23/50 iter 1080/1860 loss=0.6652 mean_loss=0.6691 classification=0.0070, bbox_regression=0.0524, bbox_ctrness=0.6058
epoch 23/50 iter 1100/1860 loss=0.6657 mean_loss=0.6691 classification=0.0209, bbox_regression=0.0515, bbox_ctrness=0.5933
epoch 23/50 iter 1120/1860 loss=0.6561 mean_loss=0.6689 classification=0.0137, bbox_regression=0.0576, bbox_ctrness=0.5848
epoch 23/50 iter 1140/1860 loss=0.6929 mean_loss=0.6689 classification=0.0620, bbox_regression=0.0461, bbox_ctrness=0.5847
epoch 23/50 iter 1160/1860 loss=0.6587 mean_loss=0.6690 classification=0.0026, bbox_regression=0.0584, bbox_ctrness=0.5976
epoch 23/50 iter 1180/1860 loss=0.6720 mean_loss=0.6691 classification=0.0088, bbox_regression=0.0556, bbox_ctrness=0.6077
epoch 23/50 iter 1200/1860 loss=0.6674 mean_loss=0.6693 classification=0.0124, bbox_regression=0.0514, bbox_ctrness=0.6035
epoch 23/50 iter 1220/1860 loss=0.6539 mean_loss=0.6693 classification=0.0114, bbox_regression=0.0543, bbox_ctrness=0.5881
epoch 23/50 iter 1240/1860 loss=0.6696 mean_loss=0.6693 classification=0.0014, bbox_regression=0.0610, bbox_ctrness=0.6071
epoch 23/50 iter 1260/1860 loss=0.6501 mean_loss=0.6693 classification=0.0125, bbox_regression=0.0397, bbox_ctrness=0.5979
epoch 23/50 iter 1280/1860 loss=0.6749 mean_loss=0.6692 classification=0.0103, bbox_regression=0.0607, bbox_ctrness=0.6040
epoch 23/50 iter 1300/1860 loss=0.6575 mean_loss=0.6693 classification=0.0024, bbox_regression=0.0780, bbox_ctrness=0.5771
epoch 23/50 iter 1320/1860 loss=0.6654 mean_loss=0.6694 classification=0.0114, bbox_regression=0.0607, bbox_ctrness=0.5933
epoch 23/50 iter 1340/1860 loss=0.7372 mean_loss=0.6694 classification=0.1117, bbox_regression=0.0543, bbox_ctrness=0.5712
epoch 23/50 iter 1360/1860 loss=0.6858 mean_loss=0.6695 classification=0.0273, bbox_regression=0.0643, bbox_ctrness=0.5942
epoch 23/50 iter 1380/1860 loss=0.6610 mean_loss=0.6695 classification=0.0011, bbox_regression=0.0536, bbox_ctrness=0.6062
epoch 23/50 iter 1400/1860 loss=0.6632 mean_loss=0.6694 classification=0.0108, bbox_regression=0.0640, bbox_ctrness=0.5884
epoch 23/50 iter 1420/1860 loss=0.6466 mean_loss=0.6695 classification=0.0062, bbox_regression=0.0500, bbox_ctrness=0.5903
epoch 23/50 iter 1440/1860 loss=0.6530 mean_loss=0.6696 classification=0.0014, bbox_regression=0.0504, bbox_ctrness=0.6012
epoch 23/50 iter 1460/1860 loss=0.6717 mean_loss=0.6695 classification=0.0145, bbox_regression=0.0639, bbox_ctrness=0.5933
epoch 23/50 iter 1480/1860 loss=0.6634 mean_loss=0.6695 classification=0.0165, bbox_regression=0.0512, bbox_ctrness=0.5957
epoch 23/50 iter 1500/1860 loss=0.7163 mean_loss=0.6695 classification=0.0481, bbox_regression=0.0660, bbox_ctrness=0.6023
epoch 23/50 iter 1520/1860 loss=0.7400 mean_loss=0.6696 classification=0.0338, bbox_regression=0.0945, bbox_ctrness=0.6117
epoch 23/50 iter 1540/1860 loss=0.6642 mean_loss=0.6696 classification=0.0278, bbox_regression=0.0508, bbox_ctrness=0.5856
epoch 23/50 iter 1560/1860 loss=0.6920 mean_loss=0.6698 classification=0.0204, bbox_regression=0.0813, bbox_ctrness=0.5902
epoch 23/50 iter 1580/1860 loss=0.8720 mean_loss=0.6700 classification=0.1752, bbox_regression=0.1031, bbox_ctrness=0.5937
epoch 23/50 iter 1600/1860 loss=0.6770 mean_loss=0.6701 classification=0.0099, bbox_regression=0.0518, bbox_ctrness=0.6153
epoch 23/50 iter 1620/1860 loss=0.6519 mean_loss=0.6701 classification=0.0054, bbox_regression=0.0492, bbox_ctrness=0.5972
epoch 23/50 iter 1640/1860 loss=0.6303 mean_loss=0.6700 classification=0.0015, bbox_regression=0.0491, bbox_ctrness=0.5796
epoch 23/50 iter 1660/1860 loss=0.6626 mean_loss=0.6701 classification=0.0056, bbox_regression=0.0525, bbox_ctrness=0.6045
epoch 23/50 iter 1680/1860 loss=0.6383 mean_loss=0.6701 classification=0.0029, bbox_regression=0.0472, bbox_ctrness=0.5882
epoch 23/50 iter 1700/1860 loss=0.6945 mean_loss=0.6703 classification=0.0218, bbox_regression=0.0615, bbox_ctrness=0.6112
epoch 23/50 iter 1720/1860 loss=0.6916 mean_loss=0.6703 classification=0.0188, bbox_regression=0.0719, bbox_ctrness=0.6008
epoch 23/50 iter 1740/1860 loss=0.6863 mean_loss=0.6705 classification=0.0267, bbox_regression=0.0593, bbox_ctrness=0.6004
epoch 23/50 iter 1760/1860 loss=0.6324 mean_loss=0.6704 classification=0.0032, bbox_regression=0.0362, bbox_ctrness=0.5930
epoch 23/50 iter 1780/1860 loss=0.6544 mean_loss=0.6703 classification=0.0082, bbox_regression=0.0527, bbox_ctrness=0.5934
epoch 23/50 iter 1800/1860 loss=0.6738 mean_loss=0.6705 classification=0.0052, bbox_regression=0.0597, bbox_ctrness=0.6088
epoch 23/50 iter 1820/1860 loss=0.6719 mean_loss=0.6705 classification=0.0110, bbox_regression=0.0636, bbox_ctrness=0.5972
epoch 23/50 iter 1840/1860 loss=0.6611 mean_loss=0.6705 classification=0.0052, bbox_regression=0.0605, bbox_ctrness=0.5954
epoch 23/50 iter 1860/1860 loss=0.6605 mean_loss=0.6704 classification=0.0100, bbox_regression=0.0621, bbox_ctrness=0.5884
epoch 23 validation Precision=0.6880 Recall=0.9359 AP50=0.9141 AP75=0.8209 eval_fps=20.97 epoch_time_sec=911.7
saved checkpoint: E:\RepViT-main\runs\v48_complete_ablation\training\ra_static_equal_seed2\weights\last.pt
epoch 24/50 iter 1/1860 loss=0.6653 mean_loss=0.6653 classification=0.0122, bbox_regression=0.0575, bbox_ctrness=0.5957
epoch 24/50 iter 20/1860 loss=0.6716 mean_loss=0.6620 classification=0.0109, bbox_regression=0.0602, bbox_ctrness=0.6006
epoch 24/50 iter 40/1860 loss=0.6939 mean_loss=0.6623 classification=0.0050, bbox_regression=0.0786, bbox_ctrness=0.6103
epoch 24/50 iter 60/1860 loss=0.6583 mean_loss=0.6687 classification=0.0214, bbox_regression=0.0519, bbox_ctrness=0.5850
epoch 24/50 iter 80/1860 loss=0.6506 mean_loss=0.6704 classification=0.0090, bbox_regression=0.0580, bbox_ctrness=0.5836
epoch 24/50 iter 100/1860 loss=0.6751 mean_loss=0.6699 classification=0.0307, bbox_regression=0.0542, bbox_ctrness=0.5903
epoch 24/50 iter 120/1860 loss=0.6474 mean_loss=0.6689 classification=0.0056, bbox_regression=0.0443, bbox_ctrness=0.5975
epoch 24/50 iter 140/1860 loss=0.6796 mean_loss=0.6688 classification=0.0072, bbox_regression=0.0661, bbox_ctrness=0.6064
epoch 24/50 iter 160/1860 loss=0.6546 mean_loss=0.6695 classification=0.0100, bbox_regression=0.0502, bbox_ctrness=0.5944
epoch 24/50 iter 180/1860 loss=0.6812 mean_loss=0.6696 classification=0.0096, bbox_regression=0.0758, bbox_ctrness=0.5957
epoch 24/50 iter 200/1860 loss=0.6533 mean_loss=0.6693 classification=0.0013, bbox_regression=0.0416, bbox_ctrness=0.6104
epoch 24/50 iter 220/1860 loss=0.6712 mean_loss=0.6691 classification=0.0155, bbox_regression=0.0624, bbox_ctrness=0.5933
epoch 24/50 iter 240/1860 loss=0.6494 mean_loss=0.6690 classification=0.0055, bbox_regression=0.0449, bbox_ctrness=0.5989
epoch 24/50 iter 260/1860 loss=0.6588 mean_loss=0.6682 classification=0.0058, bbox_regression=0.0620, bbox_ctrness=0.5909
epoch 24/50 iter 280/1860 loss=0.6523 mean_loss=0.6673 classification=0.0006, bbox_regression=0.0376, bbox_ctrness=0.6140
epoch 24/50 iter 300/1860 loss=0.6885 mean_loss=0.6666 classification=0.0027, bbox_regression=0.0663, bbox_ctrness=0.6195
epoch 24/50 iter 320/1860 loss=0.6501 mean_loss=0.6662 classification=0.0018, bbox_regression=0.0427, bbox_ctrness=0.6056
epoch 24/50 iter 340/1860 loss=0.6540 mean_loss=0.6657 classification=0.0136, bbox_regression=0.0525, bbox_ctrness=0.5879
epoch 24/50 iter 360/1860 loss=0.6481 mean_loss=0.6658 classification=0.0037, bbox_regression=0.0546, bbox_ctrness=0.5898
epoch 24/50 iter 380/1860 loss=0.6609 mean_loss=0.6654 classification=0.0058, bbox_regression=0.0626, bbox_ctrness=0.5925
epoch 24/50 iter 400/1860 loss=0.6616 mean_loss=0.6652 classification=0.0019, bbox_regression=0.0430, bbox_ctrness=0.6167
epoch 24/50 iter 420/1860 loss=0.6725 mean_loss=0.6657 classification=0.0205, bbox_regression=0.0517, bbox_ctrness=0.6002
epoch 24/50 iter 440/1860 loss=0.7088 mean_loss=0.6659 classification=0.0196, bbox_regression=0.0894, bbox_ctrness=0.5998
epoch 24/50 iter 460/1860 loss=0.6567 mean_loss=0.6660 classification=0.0084, bbox_regression=0.0551, bbox_ctrness=0.5931
epoch 24/50 iter 480/1860 loss=0.6576 mean_loss=0.6661 classification=0.0041, bbox_regression=0.0455, bbox_ctrness=0.6080
epoch 24/50 iter 500/1860 loss=0.6540 mean_loss=0.6662 classification=0.0099, bbox_regression=0.0583, bbox_ctrness=0.5857
epoch 24/50 iter 520/1860 loss=0.7100 mean_loss=0.6662 classification=0.0151, bbox_regression=0.0821, bbox_ctrness=0.6128
epoch 24/50 iter 540/1860 loss=0.6977 mean_loss=0.6665 classification=0.0203, bbox_regression=0.0647, bbox_ctrness=0.6127
epoch 24/50 iter 560/1860 loss=0.6829 mean_loss=0.6665 classification=0.0098, bbox_regression=0.0659, bbox_ctrness=0.6071
epoch 24/50 iter 580/1860 loss=0.6602 mean_loss=0.6668 classification=0.0020, bbox_regression=0.0495, bbox_ctrness=0.6087
epoch 24/50 iter 600/1860 loss=0.6906 mean_loss=0.6668 classification=0.0084, bbox_regression=0.0766, bbox_ctrness=0.6055
epoch 24/50 iter 620/1860 loss=0.6728 mean_loss=0.6667 classification=0.0185, bbox_regression=0.0627, bbox_ctrness=0.5916
epoch 24/50 iter 640/1860 loss=0.6854 mean_loss=0.6669 classification=0.0441, bbox_regression=0.0521, bbox_ctrness=0.5891
epoch 24/50 iter 660/1860 loss=0.6593 mean_loss=0.6669 classification=0.0004, bbox_regression=0.0395, bbox_ctrness=0.6194
epoch 24/50 iter 680/1860 loss=0.6674 mean_loss=0.6671 classification=0.0012, bbox_regression=0.0500, bbox_ctrness=0.6162
epoch 24/50 iter 700/1860 loss=0.6522 mean_loss=0.6670 classification=0.0033, bbox_regression=0.0501, bbox_ctrness=0.5988
epoch 24/50 iter 720/1860 loss=0.6739 mean_loss=0.6670 classification=0.0215, bbox_regression=0.0579, bbox_ctrness=0.5944
epoch 24/50 iter 740/1860 loss=0.6583 mean_loss=0.6673 classification=0.0046, bbox_regression=0.0500, bbox_ctrness=0.6037
epoch 24/50 iter 760/1860 loss=0.6390 mean_loss=0.6673 classification=0.0052, bbox_regression=0.0420, bbox_ctrness=0.5918
epoch 24/50 iter 780/1860 loss=0.6609 mean_loss=0.6674 classification=0.0126, bbox_regression=0.0469, bbox_ctrness=0.6014
epoch 24/50 iter 800/1860 loss=0.6427 mean_loss=0.6674 classification=0.0058, bbox_regression=0.0455, bbox_ctrness=0.5914
epoch 24/50 iter 820/1860 loss=0.6635 mean_loss=0.6673 classification=0.0003, bbox_regression=0.0484, bbox_ctrness=0.6149
epoch 24/50 iter 840/1860 loss=0.6956 mean_loss=0.6675 classification=0.0257, bbox_regression=0.0650, bbox_ctrness=0.6050
epoch 24/50 iter 860/1860 loss=0.6401 mean_loss=0.6677 classification=0.0042, bbox_regression=0.0471, bbox_ctrness=0.5889
epoch 24/50 iter 880/1860 loss=0.6544 mean_loss=0.6676 classification=0.0100, bbox_regression=0.0540, bbox_ctrness=0.5904
epoch 24/50 iter 900/1860 loss=0.6639 mean_loss=0.6675 classification=0.0093, bbox_regression=0.0591, bbox_ctrness=0.5955
epoch 24/50 iter 920/1860 loss=0.6713 mean_loss=0.6674 classification=0.0209, bbox_regression=0.0640, bbox_ctrness=0.5863
epoch 24/50 iter 940/1860 loss=0.6887 mean_loss=0.6675 classification=0.0096, bbox_regression=0.0689, bbox_ctrness=0.6102
epoch 24/50 iter 960/1860 loss=0.6305 mean_loss=0.6675 classification=0.0074, bbox_regression=0.0471, bbox_ctrness=0.5760
epoch 24/50 iter 980/1860 loss=0.6541 mean_loss=0.6678 classification=0.0084, bbox_regression=0.0542, bbox_ctrness=0.5915
epoch 24/50 iter 1000/1860 loss=0.6350 mean_loss=0.6678 classification=0.0036, bbox_regression=0.0418, bbox_ctrness=0.5897
epoch 24/50 iter 1020/1860 loss=0.6434 mean_loss=0.6676 classification=0.0080, bbox_regression=0.0502, bbox_ctrness=0.5852
epoch 24/50 iter 1040/1860 loss=0.6689 mean_loss=0.6676 classification=0.0064, bbox_regression=0.0456, bbox_ctrness=0.6169
epoch 24/50 iter 1060/1860 loss=0.7028 mean_loss=0.6678 classification=0.0376, bbox_regression=0.0826, bbox_ctrness=0.5826
epoch 24/50 iter 1080/1860 loss=0.6619 mean_loss=0.6678 classification=0.0151, bbox_regression=0.0536, bbox_ctrness=0.5932
epoch 24/50 iter 1100/1860 loss=0.7188 mean_loss=0.6680 classification=0.0227, bbox_regression=0.0856, bbox_ctrness=0.6105
epoch 24/50 iter 1120/1860 loss=0.6694 mean_loss=0.6679 classification=0.0129, bbox_regression=0.0633, bbox_ctrness=0.5931
epoch 24/50 iter 1140/1860 loss=0.6483 mean_loss=0.6678 classification=0.0018, bbox_regression=0.0542, bbox_ctrness=0.5923
epoch 24/50 iter 1160/1860 loss=0.6829 mean_loss=0.6678 classification=0.0007, bbox_regression=0.0622, bbox_ctrness=0.6201
epoch 24/50 iter 1180/1860 loss=0.6442 mean_loss=0.6677 classification=0.0153, bbox_regression=0.0520, bbox_ctrness=0.5769
epoch 24/50 iter 1200/1860 loss=0.6732 mean_loss=0.6679 classification=0.0152, bbox_regression=0.0605, bbox_ctrness=0.5975
epoch 24/50 iter 1220/1860 loss=0.6628 mean_loss=0.6680 classification=0.0126, bbox_regression=0.0526, bbox_ctrness=0.5976
epoch 24/50 iter 1240/1860 loss=0.6701 mean_loss=0.6681 classification=0.0295, bbox_regression=0.0508, bbox_ctrness=0.5898
epoch 24/50 iter 1260/1860 loss=0.6743 mean_loss=0.6680 classification=0.0149, bbox_regression=0.0622, bbox_ctrness=0.5973
epoch 24/50 iter 1280/1860 loss=0.6835 mean_loss=0.6680 classification=0.0237, bbox_regression=0.0609, bbox_ctrness=0.5989
epoch 24/50 iter 1300/1860 loss=0.6757 mean_loss=0.6680 classification=0.0211, bbox_regression=0.0655, bbox_ctrness=0.5891
epoch 24/50 iter 1320/1860 loss=0.6548 mean_loss=0.6679 classification=0.0009, bbox_regression=0.0530, bbox_ctrness=0.6009
epoch 24/50 iter 1340/1860 loss=0.6349 mean_loss=0.6679 classification=0.0027, bbox_regression=0.0538, bbox_ctrness=0.5784
epoch 24/50 iter 1360/1860 loss=0.7050 mean_loss=0.6679 classification=0.0328, bbox_regression=0.0651, bbox_ctrness=0.6071
epoch 24/50 iter 1380/1860 loss=0.7063 mean_loss=0.6679 classification=0.0257, bbox_regression=0.0716, bbox_ctrness=0.6090
epoch 24/50 iter 1400/1860 loss=0.6881 mean_loss=0.6679 classification=0.0043, bbox_regression=0.0637, bbox_ctrness=0.6201
epoch 24/50 iter 1420/1860 loss=0.6342 mean_loss=0.6679 classification=0.0044, bbox_regression=0.0421, bbox_ctrness=0.5877
epoch 24/50 iter 1440/1860 loss=0.6489 mean_loss=0.6677 classification=0.0025, bbox_regression=0.0422, bbox_ctrness=0.6041
epoch 24/50 iter 1460/1860 loss=0.6646 mean_loss=0.6679 classification=0.0083, bbox_regression=0.0533, bbox_ctrness=0.6030
epoch 24/50 iter 1480/1860 loss=0.7762 mean_loss=0.6678 classification=0.0167, bbox_regression=0.1490, bbox_ctrness=0.6106
epoch 24/50 iter 1500/1860 loss=0.6691 mean_loss=0.6679 classification=0.0036, bbox_regression=0.0631, bbox_ctrness=0.6025
epoch 24/50 iter 1520/1860 loss=0.6555 mean_loss=0.6679 classification=0.0065, bbox_regression=0.0471, bbox_ctrness=0.6018
epoch 24/50 iter 1540/1860 loss=0.6924 mean_loss=0.6680 classification=0.0409, bbox_regression=0.0555, bbox_ctrness=0.5961
epoch 24/50 iter 1560/1860 loss=0.6463 mean_loss=0.6679 classification=0.0029, bbox_regression=0.0462, bbox_ctrness=0.5973
epoch 24/50 iter 1580/1860 loss=0.6445 mean_loss=0.6679 classification=0.0010, bbox_regression=0.0396, bbox_ctrness=0.6039
epoch 24/50 iter 1600/1860 loss=0.6591 mean_loss=0.6677 classification=0.0005, bbox_regression=0.0380, bbox_ctrness=0.6206
epoch 24/50 iter 1620/1860 loss=0.6859 mean_loss=0.6677 classification=0.0297, bbox_regression=0.0613, bbox_ctrness=0.5948
epoch 24/50 iter 1640/1860 loss=0.6641 mean_loss=0.6676 classification=0.0072, bbox_regression=0.0609, bbox_ctrness=0.5960
epoch 24/50 iter 1660/1860 loss=0.6665 mean_loss=0.6677 classification=0.0211, bbox_regression=0.0630, bbox_ctrness=0.5823
epoch 24/50 iter 1680/1860 loss=0.6546 mean_loss=0.6676 classification=0.0026, bbox_regression=0.0497, bbox_ctrness=0.6022
epoch 24/50 iter 1700/1860 loss=0.6581 mean_loss=0.6675 classification=0.0065, bbox_regression=0.0619, bbox_ctrness=0.5898
epoch 24/50 iter 1720/1860 loss=0.6475 mean_loss=0.6675 classification=0.0045, bbox_regression=0.0482, bbox_ctrness=0.5949
epoch 24/50 iter 1740/1860 loss=0.6668 mean_loss=0.6675 classification=0.0067, bbox_regression=0.0540, bbox_ctrness=0.6062
epoch 24/50 iter 1760/1860 loss=0.6677 mean_loss=0.6675 classification=0.0158, bbox_regression=0.0626, bbox_ctrness=0.5892
epoch 24/50 iter 1780/1860 loss=0.7266 mean_loss=0.6676 classification=0.0419, bbox_regression=0.0796, bbox_ctrness=0.6052
epoch 24/50 iter 1800/1860 loss=0.6316 mean_loss=0.6676 classification=0.0070, bbox_regression=0.0434, bbox_ctrness=0.5813
epoch 24/50 iter 1820/1860 loss=0.6471 mean_loss=0.6676 classification=0.0063, bbox_regression=0.0544, bbox_ctrness=0.5864
epoch 24/50 iter 1840/1860 loss=0.6989 mean_loss=0.6676 classification=0.0366, bbox_regression=0.0533, bbox_ctrness=0.6090
epoch 24/50 iter 1860/1860 loss=0.6944 mean_loss=0.6677 classification=0.0148, bbox_regression=0.0654, bbox_ctrness=0.6142
epoch 24 validation Precision=0.6195 Recall=0.9432 AP50=0.9171 AP75=0.8253 eval_fps=20.69 epoch_time_sec=901.8
saved checkpoint: E:\RepViT-main\runs\v48_complete_ablation\training\ra_static_equal_seed2\weights\last.pt
epoch 25/50 iter 1/1860 loss=0.6498 mean_loss=0.6498 classification=0.0107, bbox_regression=0.0474, bbox_ctrness=0.5916
epoch 25/50 iter 20/1860 loss=0.6763 mean_loss=0.6671 classification=0.0173, bbox_regression=0.0644, bbox_ctrness=0.5947
epoch 25/50 iter 40/1860 loss=0.6479 mean_loss=0.6630 classification=0.0041, bbox_regression=0.0448, bbox_ctrness=0.5990
epoch 25/50 iter 60/1860 loss=0.6573 mean_loss=0.6637 classification=0.0070, bbox_regression=0.0400, bbox_ctrness=0.6103
epoch 25/50 iter 80/1860 loss=0.6545 mean_loss=0.6645 classification=0.0018, bbox_regression=0.0472, bbox_ctrness=0.6055
epoch 25/50 iter 100/1860 loss=0.6389 mean_loss=0.6645 classification=0.0047, bbox_regression=0.0537, bbox_ctrness=0.5805
epoch 25/50 iter 120/1860 loss=0.6497 mean_loss=0.6648 classification=0.0144, bbox_regression=0.0453, bbox_ctrness=0.5900
epoch 25/50 iter 140/1860 loss=0.6262 mean_loss=0.6646 classification=0.0019, bbox_regression=0.0391, bbox_ctrness=0.5851
epoch 25/50 iter 160/1860 loss=0.6699 mean_loss=0.6647 classification=0.0137, bbox_regression=0.0463, bbox_ctrness=0.6099
epoch 25/50 iter 180/1860 loss=0.6536 mean_loss=0.6648 classification=0.0029, bbox_regression=0.0523, bbox_ctrness=0.5985
epoch 25/50 iter 200/1860 loss=0.6678 mean_loss=0.6644 classification=0.0050, bbox_regression=0.0641, bbox_ctrness=0.5987
epoch 25/50 iter 220/1860 loss=0.6484 mean_loss=0.6642 classification=0.0129, bbox_regression=0.0489, bbox_ctrness=0.5866
epoch 25/50 iter 240/1860 loss=0.7278 mean_loss=0.6646 classification=0.0652, bbox_regression=0.0659, bbox_ctrness=0.5968
epoch 25/50 iter 260/1860 loss=0.6685 mean_loss=0.6651 classification=0.0058, bbox_regression=0.0701, bbox_ctrness=0.5926
epoch 25/50 iter 280/1860 loss=0.6611 mean_loss=0.6657 classification=0.0079, bbox_regression=0.0538, bbox_ctrness=0.5994
epoch 25/50 iter 300/1860 loss=0.6923 mean_loss=0.6661 classification=0.0254, bbox_regression=0.0630, bbox_ctrness=0.6040
epoch 25/50 iter 320/1860 loss=0.6763 mean_loss=0.6660 classification=0.0033, bbox_regression=0.0593, bbox_ctrness=0.6137
epoch 25/50 iter 340/1860 loss=0.6411 mean_loss=0.6658 classification=0.0016, bbox_regression=0.0421, bbox_ctrness=0.5973
epoch 25/50 iter 360/1860 loss=0.6420 mean_loss=0.6653 classification=0.0057, bbox_regression=0.0509, bbox_ctrness=0.5854
epoch 25/50 iter 380/1860 loss=0.7115 mean_loss=0.6651 classification=0.0216, bbox_regression=0.0874, bbox_ctrness=0.6025
epoch 25/50 iter 400/1860 loss=0.6641 mean_loss=0.6650 classification=0.0082, bbox_regression=0.0489, bbox_ctrness=0.6070
epoch 25/50 iter 420/1860 loss=0.6446 mean_loss=0.6650 classification=0.0041, bbox_regression=0.0356, bbox_ctrness=0.6048
epoch 25/50 iter 440/1860 loss=0.6331 mean_loss=0.6652 classification=0.0063, bbox_regression=0.0359, bbox_ctrness=0.5909
epoch 25/50 iter 460/1860 loss=0.6531 mean_loss=0.6651 classification=0.0062, bbox_regression=0.0593, bbox_ctrness=0.5875
epoch 25/50 iter 480/1860 loss=0.6719 mean_loss=0.6652 classification=0.0169, bbox_regression=0.0525, bbox_ctrness=0.6025
epoch 25/50 iter 500/1860 loss=0.6768 mean_loss=0.6654 classification=0.0311, bbox_regression=0.0502, bbox_ctrness=0.5955
epoch 25/50 iter 520/1860 loss=0.6350 mean_loss=0.6653 classification=0.0008, bbox_regression=0.0450, bbox_ctrness=0.5892
epoch 25/50 iter 540/1860 loss=0.6623 mean_loss=0.6650 classification=0.0115, bbox_regression=0.0613, bbox_ctrness=0.5895
epoch 25/50 iter 560/1860 loss=0.6486 mean_loss=0.6646 classification=0.0130, bbox_regression=0.0471, bbox_ctrness=0.5885
epoch 25/50 iter 580/1860 loss=0.6748 mean_loss=0.6645 classification=0.0022, bbox_regression=0.0649, bbox_ctrness=0.6076
epoch 25/50 iter 600/1860 loss=0.6540 mean_loss=0.6646 classification=0.0024, bbox_regression=0.0427, bbox_ctrness=0.6090
epoch 25/50 iter 620/1860 loss=0.6738 mean_loss=0.6649 classification=0.0085, bbox_regression=0.0666, bbox_ctrness=0.5987
epoch 25/50 iter 640/1860 loss=0.6784 mean_loss=0.6648 classification=0.0234, bbox_regression=0.0596, bbox_ctrness=0.5954
epoch 25/50 iter 660/1860 loss=0.6514 mean_loss=0.6647 classification=0.0117, bbox_regression=0.0542, bbox_ctrness=0.5855
epoch 25/50 iter 680/1860 loss=0.6993 mean_loss=0.6646 classification=0.0308, bbox_regression=0.0583, bbox_ctrness=0.6102
epoch 25/50 iter 700/1860 loss=0.6465 mean_loss=0.6646 classification=0.0016, bbox_regression=0.0490, bbox_ctrness=0.5960
epoch 25/50 iter 720/1860 loss=0.6572 mean_loss=0.6644 classification=0.0024, bbox_regression=0.0394, bbox_ctrness=0.6155
epoch 25/50 iter 740/1860 loss=0.6667 mean_loss=0.6644 classification=0.0141, bbox_regression=0.0547, bbox_ctrness=0.5980
epoch 25/50 iter 760/1860 loss=0.6764 mean_loss=0.6643 classification=0.0353, bbox_regression=0.0603, bbox_ctrness=0.5808
epoch 25/50 iter 780/1860 loss=0.6750 mean_loss=0.6641 classification=0.0034, bbox_regression=0.0541, bbox_ctrness=0.6174
epoch 25/50 iter 800/1860 loss=0.6450 mean_loss=0.6640 classification=0.0011, bbox_regression=0.0478, bbox_ctrness=0.5961
epoch 25/50 iter 820/1860 loss=0.6698 mean_loss=0.6642 classification=0.0091, bbox_regression=0.0483, bbox_ctrness=0.6124
epoch 25/50 iter 840/1860 loss=0.6986 mean_loss=0.6643 classification=0.0253, bbox_regression=0.0805, bbox_ctrness=0.5928
epoch 25/50 iter 860/1860 loss=0.6493 mean_loss=0.6644 classification=0.0017, bbox_regression=0.0678, bbox_ctrness=0.5798
epoch 25/50 iter 880/1860 loss=0.6707 mean_loss=0.6644 classification=0.0289, bbox_regression=0.0528, bbox_ctrness=0.5890
epoch 25/50 iter 900/1860 loss=0.6578 mean_loss=0.6644 classification=0.0319, bbox_regression=0.0395, bbox_ctrness=0.5864
epoch 25/50 iter 920/1860 loss=0.7234 mean_loss=0.6645 classification=0.0640, bbox_regression=0.0656, bbox_ctrness=0.5938
epoch 25/50 iter 940/1860 loss=0.6766 mean_loss=0.6647 classification=0.0161, bbox_regression=0.0644, bbox_ctrness=0.5961
epoch 25/50 iter 960/1860 loss=0.6928 mean_loss=0.6646 classification=0.0040, bbox_regression=0.0710, bbox_ctrness=0.6178
epoch 25/50 iter 980/1860 loss=0.6802 mean_loss=0.6645 classification=0.0210, bbox_regression=0.0633, bbox_ctrness=0.5959
epoch 25/50 iter 1000/1860 loss=0.6671 mean_loss=0.6646 classification=0.0046, bbox_regression=0.0556, bbox_ctrness=0.6069
epoch 25/50 iter 1020/1860 loss=0.6432 mean_loss=0.6646 classification=0.0052, bbox_regression=0.0553, bbox_ctrness=0.5828
epoch 25/50 iter 1040/1860 loss=0.6683 mean_loss=0.6646 classification=0.0037, bbox_regression=0.0625, bbox_ctrness=0.6021
epoch 25/50 iter 1060/1860 loss=0.6577 mean_loss=0.6646 classification=0.0039, bbox_regression=0.0560, bbox_ctrness=0.5978
epoch 25/50 iter 1080/1860 loss=0.6428 mean_loss=0.6646 classification=0.0004, bbox_regression=0.0483, bbox_ctrness=0.5941
epoch 25/50 iter 1100/1860 loss=0.6553 mean_loss=0.6645 classification=0.0030, bbox_regression=0.0465, bbox_ctrness=0.6058
epoch 25/50 iter 1120/1860 loss=0.6842 mean_loss=0.6645 classification=0.0257, bbox_regression=0.0430, bbox_ctrness=0.6155
epoch 25/50 iter 1140/1860 loss=0.6766 mean_loss=0.6645 classification=0.0104, bbox_regression=0.0712, bbox_ctrness=0.5950
epoch 25/50 iter 1160/1860 loss=0.6521 mean_loss=0.6645 classification=0.0080, bbox_regression=0.0393, bbox_ctrness=0.6048
epoch 25/50 iter 1180/1860 loss=0.6741 mean_loss=0.6645 classification=0.0242, bbox_regression=0.0712, bbox_ctrness=0.5787
epoch 25/50 iter 1200/1860 loss=0.6711 mean_loss=0.6645 classification=0.0107, bbox_regression=0.0705, bbox_ctrness=0.5899
epoch 25/50 iter 1220/1860 loss=0.6688 mean_loss=0.6646 classification=0.0019, bbox_regression=0.0694, bbox_ctrness=0.5975
epoch 25/50 iter 1240/1860 loss=0.6549 mean_loss=0.6647 classification=0.0061, bbox_regression=0.0563, bbox_ctrness=0.5924
epoch 25/50 iter 1260/1860 loss=0.6549 mean_loss=0.6648 classification=0.0028, bbox_regression=0.0534, bbox_ctrness=0.5987
epoch 25/50 iter 1280/1860 loss=0.6260 mean_loss=0.6648 classification=0.0004, bbox_regression=0.0327, bbox_ctrness=0.5928
epoch 25/50 iter 1300/1860 loss=0.6665 mean_loss=0.6648 classification=0.0134, bbox_regression=0.0625, bbox_ctrness=0.5907
epoch 25/50 iter 1320/1860 loss=0.6635 mean_loss=0.6648 classification=0.0179, bbox_regression=0.0518, bbox_ctrness=0.5939
epoch 25/50 iter 1340/1860 loss=0.7054 mean_loss=0.6649 classification=0.0529, bbox_regression=0.0517, bbox_ctrness=0.6007
epoch 25/50 iter 1360/1860 loss=0.7003 mean_loss=0.6655 classification=0.0244, bbox_regression=0.0668, bbox_ctrness=0.6091
epoch 25/50 iter 1380/1860 loss=0.6853 mean_loss=0.6656 classification=0.0135, bbox_regression=0.0585, bbox_ctrness=0.6133
epoch 25/50 iter 1400/1860 loss=0.6739 mean_loss=0.6656 classification=0.0139, bbox_regression=0.0615, bbox_ctrness=0.5985
epoch 25/50 iter 1420/1860 loss=0.6803 mean_loss=0.6658 classification=0.0079, bbox_regression=0.0519, bbox_ctrness=0.6205
epoch 25/50 iter 1440/1860 loss=0.6665 mean_loss=0.6658 classification=0.0186, bbox_regression=0.0603, bbox_ctrness=0.5876
epoch 25/50 iter 1460/1860 loss=0.6545 mean_loss=0.6660 classification=0.0064, bbox_regression=0.0487, bbox_ctrness=0.5993
epoch 25/50 iter 1480/1860 loss=0.6547 mean_loss=0.6661 classification=0.0075, bbox_regression=0.0574, bbox_ctrness=0.5898
epoch 25/50 iter 1500/1860 loss=0.6442 mean_loss=0.6660 classification=0.0078, bbox_regression=0.0445, bbox_ctrness=0.5919
epoch 25/50 iter 1520/1860 loss=0.6768 mean_loss=0.6659 classification=0.0159, bbox_regression=0.0589, bbox_ctrness=0.6020
epoch 25/50 iter 1540/1860 loss=0.7735 mean_loss=0.6661 classification=0.1247, bbox_regression=0.0562, bbox_ctrness=0.5926
epoch 25/50 iter 1560/1860 loss=0.6832 mean_loss=0.6662 classification=0.0006, bbox_regression=0.0500, bbox_ctrness=0.6326
epoch 25/50 iter 1580/1860 loss=0.6413 mean_loss=0.6663 classification=0.0059, bbox_regression=0.0456, bbox_ctrness=0.5899
epoch 25/50 iter 1600/1860 loss=0.6734 mean_loss=0.6663 classification=0.0061, bbox_regression=0.0513, bbox_ctrness=0.6159
epoch 25/50 iter 1620/1860 loss=0.6773 mean_loss=0.6664 classification=0.0260, bbox_regression=0.0614, bbox_ctrness=0.5898
epoch 25/50 iter 1640/1860 loss=0.6444 mean_loss=0.6664 classification=0.0226, bbox_regression=0.0455, bbox_ctrness=0.5763
epoch 25/50 iter 1660/1860 loss=0.6611 mean_loss=0.6664 classification=0.0086, bbox_regression=0.0564, bbox_ctrness=0.5961
epoch 25/50 iter 1680/1860 loss=0.6455 mean_loss=0.6664 classification=0.0097, bbox_regression=0.0573, bbox_ctrness=0.5785
epoch 25/50 iter 1700/1860 loss=0.6610 mean_loss=0.6664 classification=0.0011, bbox_regression=0.0419, bbox_ctrness=0.6180
epoch 25/50 iter 1720/1860 loss=0.7158 mean_loss=0.6664 classification=0.0195, bbox_regression=0.0666, bbox_ctrness=0.6297
epoch 25/50 iter 1740/1860 loss=0.6971 mean_loss=0.6663 classification=0.0309, bbox_regression=0.0673, bbox_ctrness=0.5988
epoch 25/50 iter 1760/1860 loss=0.6593 mean_loss=0.6664 classification=0.0008, bbox_regression=0.0525, bbox_ctrness=0.6060
epoch 25/50 iter 1780/1860 loss=0.7282 mean_loss=0.6665 classification=0.0412, bbox_regression=0.0720, bbox_ctrness=0.6150
epoch 25/50 iter 1800/1860 loss=0.6669 mean_loss=0.6665 classification=0.0037, bbox_regression=0.0464, bbox_ctrness=0.6169
epoch 25/50 iter 1820/1860 loss=0.6569 mean_loss=0.6664 classification=0.0047, bbox_regression=0.0555, bbox_ctrness=0.5967
epoch 25/50 iter 1840/1860 loss=0.6563 mean_loss=0.6664 classification=0.0035, bbox_regression=0.0467, bbox_ctrness=0.6061
epoch 25/50 iter 1860/1860 loss=0.6802 mean_loss=0.6664 classification=0.0543, bbox_regression=0.0519, bbox_ctrness=0.5739
epoch 25 validation Precision=0.6964 Recall=0.9438 AP50=0.9216 AP75=0.8314 eval_fps=20.95 epoch_time_sec=907.8
saved checkpoint: E:\RepViT-main\runs\v48_complete_ablation\training\ra_static_equal_seed2\weights\last.pt
epoch 26/50 iter 1/1860 loss=0.6446 mean_loss=0.6446 classification=0.0070, bbox_regression=0.0460, bbox_ctrness=0.5916
epoch 26/50 iter 20/1860 loss=0.6366 mean_loss=0.6560 classification=0.0044, bbox_regression=0.0417, bbox_ctrness=0.5905
epoch 26/50 iter 40/1860 loss=0.7092 mean_loss=0.6616 classification=0.0228, bbox_regression=0.0712, bbox_ctrness=0.6152
epoch 26/50 iter 60/1860 loss=0.6470 mean_loss=0.6611 classification=0.0047, bbox_regression=0.0577, bbox_ctrness=0.5846
epoch 26/50 iter 80/1860 loss=0.6472 mean_loss=0.6607 classification=0.0046, bbox_regression=0.0524, bbox_ctrness=0.5902
epoch 26/50 iter 100/1860 loss=0.6805 mean_loss=0.6604 classification=0.0071, bbox_regression=0.0557, bbox_ctrness=0.6177
epoch 26/50 iter 120/1860 loss=0.6638 mean_loss=0.6593 classification=0.0017, bbox_regression=0.0561, bbox_ctrness=0.6059
epoch 26/50 iter 140/1860 loss=0.6467 mean_loss=0.6594 classification=0.0030, bbox_regression=0.0636, bbox_ctrness=0.5801
epoch 26/50 iter 160/1860 loss=0.6739 mean_loss=0.6602 classification=0.0071, bbox_regression=0.0568, bbox_ctrness=0.6099
epoch 26/50 iter 180/1860 loss=0.7052 mean_loss=0.6611 classification=0.0137, bbox_regression=0.0714, bbox_ctrness=0.6201
epoch 26/50 iter 200/1860 loss=0.6465 mean_loss=0.6606 classification=0.0010, bbox_regression=0.0492, bbox_ctrness=0.5962
epoch 26/50 iter 220/1860 loss=0.6535 mean_loss=0.6603 classification=0.0027, bbox_regression=0.0610, bbox_ctrness=0.5898
epoch 26/50 iter 240/1860 loss=0.6630 mean_loss=0.6602 classification=0.0072, bbox_regression=0.0568, bbox_ctrness=0.5990
epoch 26/50 iter 260/1860 loss=0.6715 mean_loss=0.6610 classification=0.0050, bbox_regression=0.0578, bbox_ctrness=0.6087
epoch 26/50 iter 280/1860 loss=0.6463 mean_loss=0.6603 classification=0.0089, bbox_regression=0.0516, bbox_ctrness=0.5859
epoch 26/50 iter 300/1860 loss=0.6578 mean_loss=0.6603 classification=0.0014, bbox_regression=0.0468, bbox_ctrness=0.6096
epoch 26/50 iter 320/1860 loss=0.6633 mean_loss=0.6600 classification=0.0130, bbox_regression=0.0568, bbox_ctrness=0.5935
epoch 26/50 iter 340/1860 loss=0.6707 mean_loss=0.6603 classification=0.0016, bbox_regression=0.0633, bbox_ctrness=0.6058
epoch 26/50 iter 360/1860 loss=0.7078 mean_loss=0.6614 classification=0.0345, bbox_regression=0.0732, bbox_ctrness=0.6001
epoch 26/50 iter 380/1860 loss=0.6588 mean_loss=0.6617 classification=0.0107, bbox_regression=0.0592, bbox_ctrness=0.5889
epoch 26/50 iter 400/1860 loss=0.6475 mean_loss=0.6620 classification=0.0021, bbox_regression=0.0520, bbox_ctrness=0.5934
epoch 26/50 iter 420/1860 loss=0.6834 mean_loss=0.6623 classification=0.0084, bbox_regression=0.0632, bbox_ctrness=0.6118
epoch 26/50 iter 440/1860 loss=0.6766 mean_loss=0.6626 classification=0.0267, bbox_regression=0.0633, bbox_ctrness=0.5865
epoch 26/50 iter 460/1860 loss=0.6858 mean_loss=0.6630 classification=0.0439, bbox_regression=0.0570, bbox_ctrness=0.5849
epoch 26/50 iter 480/1860 loss=0.6397 mean_loss=0.6632 classification=0.0130, bbox_regression=0.0480, bbox_ctrness=0.5786
epoch 26/50 iter 500/1860 loss=0.6496 mean_loss=0.6634 classification=0.0034, bbox_regression=0.0495, bbox_ctrness=0.5967
epoch 26/50 iter 520/1860 loss=0.6423 mean_loss=0.6638 classification=0.0016, bbox_regression=0.0493, bbox_ctrness=0.5914
epoch 26/50 iter 540/1860 loss=0.6580 mean_loss=0.6633 classification=0.0016, bbox_regression=0.0537, bbox_ctrness=0.6027
epoch 26/50 iter 560/1860 loss=0.6381 mean_loss=0.6634 classification=0.0103, bbox_regression=0.0400, bbox_ctrness=0.5878
epoch 26/50 iter 580/1860 loss=0.6641 mean_loss=0.6633 classification=0.0007, bbox_regression=0.0563, bbox_ctrness=0.6071
epoch 26/50 iter 600/1860 loss=0.6766 mean_loss=0.6633 classification=0.0176, bbox_regression=0.0616, bbox_ctrness=0.5973
epoch 26/50 iter 620/1860 loss=0.6541 mean_loss=0.6633 classification=0.0039, bbox_regression=0.0526, bbox_ctrness=0.5976
epoch 26/50 iter 640/1860 loss=0.6589 mean_loss=0.6633 classification=0.0039, bbox_regression=0.0382, bbox_ctrness=0.6168
epoch 26/50 iter 660/1860 loss=0.6548 mean_loss=0.6631 classification=0.0055, bbox_regression=0.0718, bbox_ctrness=0.5775
epoch 26/50 iter 680/1860 loss=0.6875 mean_loss=0.6632 classification=0.0149, bbox_regression=0.0622, bbox_ctrness=0.6103
epoch 26/50 iter 700/1860 loss=0.6606 mean_loss=0.6630 classification=0.0035, bbox_regression=0.0517, bbox_ctrness=0.6054
epoch 26/50 iter 720/1860 loss=0.7198 mean_loss=0.6630 classification=0.0509, bbox_regression=0.0654, bbox_ctrness=0.6035
epoch 26/50 iter 740/1860 loss=0.7105 mean_loss=0.6630 classification=0.0563, bbox_regression=0.0601, bbox_ctrness=0.5941
epoch 26/50 iter 760/1860 loss=0.6729 mean_loss=0.6632 classification=0.0188, bbox_regression=0.0578, bbox_ctrness=0.5963
epoch 26/50 iter 780/1860 loss=0.6968 mean_loss=0.6633 classification=0.0376, bbox_regression=0.0637, bbox_ctrness=0.5956
epoch 26/50 iter 800/1860 loss=0.6388 mean_loss=0.6633 classification=0.0013, bbox_regression=0.0411, bbox_ctrness=0.5964
epoch 26/50 iter 820/1860 loss=0.6846 mean_loss=0.6633 classification=0.0400, bbox_regression=0.0617, bbox_ctrness=0.5829
epoch 26/50 iter 840/1860 loss=0.6334 mean_loss=0.6634 classification=0.0061, bbox_regression=0.0471, bbox_ctrness=0.5801
epoch 26/50 iter 860/1860 loss=0.6561 mean_loss=0.6632 classification=0.0074, bbox_regression=0.0507, bbox_ctrness=0.5980
epoch 26/50 iter 880/1860 loss=0.6758 mean_loss=0.6632 classification=0.0101, bbox_regression=0.0551, bbox_ctrness=0.6106
epoch 26/50 iter 900/1860 loss=0.6616 mean_loss=0.6632 classification=0.0032, bbox_regression=0.0433, bbox_ctrness=0.6150
epoch 26/50 iter 920/1860 loss=0.6487 mean_loss=0.6631 classification=0.0012, bbox_regression=0.0539, bbox_ctrness=0.5936
epoch 26/50 iter 940/1860 loss=0.6649 mean_loss=0.6632 classification=0.0128, bbox_regression=0.0518, bbox_ctrness=0.6003
epoch 26/50 iter 960/1860 loss=0.6568 mean_loss=0.6631 classification=0.0121, bbox_regression=0.0543, bbox_ctrness=0.5904
epoch 26/50 iter 980/1860 loss=0.6862 mean_loss=0.6633 classification=0.0356, bbox_regression=0.0446, bbox_ctrness=0.6060
epoch 26/50 iter 1000/1860 loss=0.6618 mean_loss=0.6633 classification=0.0056, bbox_regression=0.0568, bbox_ctrness=0.5993
epoch 26/50 iter 1020/1860 loss=0.6427 mean_loss=0.6635 classification=0.0072, bbox_regression=0.0426, bbox_ctrness=0.5930
epoch 26/50 iter 1040/1860 loss=0.6544 mean_loss=0.6635 classification=0.0102, bbox_regression=0.0489, bbox_ctrness=0.5952
epoch 26/50 iter 1060/1860 loss=0.6613 mean_loss=0.6635 classification=0.0123, bbox_regression=0.0532, bbox_ctrness=0.5957
epoch 26/50 iter 1080/1860 loss=0.6562 mean_loss=0.6634 classification=0.0028, bbox_regression=0.0495, bbox_ctrness=0.6039
epoch 26/50 iter 1100/1860 loss=0.6801 mean_loss=0.6634 classification=0.0208, bbox_regression=0.0616, bbox_ctrness=0.5978
epoch 26/50 iter 1120/1860 loss=0.6331 mean_loss=0.6635 classification=0.0045, bbox_regression=0.0460, bbox_ctrness=0.5825
epoch 26/50 iter 1140/1860 loss=0.6777 mean_loss=0.6636 classification=0.0111, bbox_regression=0.0653, bbox_ctrness=0.6012
epoch 26/50 iter 1160/1860 loss=0.6650 mean_loss=0.6636 classification=0.0048, bbox_regression=0.0479, bbox_ctrness=0.6124
epoch 26/50 iter 1180/1860 loss=0.6424 mean_loss=0.6636 classification=0.0168, bbox_regression=0.0430, bbox_ctrness=0.5826
epoch 26/50 iter 1200/1860 loss=0.6838 mean_loss=0.6636 classification=0.0232, bbox_regression=0.0612, bbox_ctrness=0.5993
epoch 26/50 iter 1220/1860 loss=0.6700 mean_loss=0.6636 classification=0.0084, bbox_regression=0.0603, bbox_ctrness=0.6013
epoch 26/50 iter 1240/1860 loss=0.6483 mean_loss=0.6636 classification=0.0028, bbox_regression=0.0514, bbox_ctrness=0.5941
epoch 26/50 iter 1260/1860 loss=0.6883 mean_loss=0.6636 classification=0.0330, bbox_regression=0.0624, bbox_ctrness=0.5929
epoch 26/50 iter 1280/1860 loss=0.6464 mean_loss=0.6635 classification=0.0083, bbox_regression=0.0478, bbox_ctrness=0.5903
epoch 26/50 iter 1300/1860 loss=0.6478 mean_loss=0.6637 classification=0.0044, bbox_regression=0.0444, bbox_ctrness=0.5990
epoch 26/50 iter 1320/1860 loss=0.6544 mean_loss=0.6638 classification=0.0031, bbox_regression=0.0375, bbox_ctrness=0.6138
epoch 26/50 iter 1340/1860 loss=0.7368 mean_loss=0.6638 classification=0.0655, bbox_regression=0.0775, bbox_ctrness=0.5938
epoch 26/50 iter 1360/1860 loss=0.6971 mean_loss=0.6639 classification=0.0307, bbox_regression=0.0639, bbox_ctrness=0.6024
epoch 26/50 iter 1380/1860 loss=0.6751 mean_loss=0.6642 classification=0.0278, bbox_regression=0.0510, bbox_ctrness=0.5962
epoch 26/50 iter 1400/1860 loss=0.6359 mean_loss=0.6643 classification=0.0111, bbox_regression=0.0539, bbox_ctrness=0.5710
epoch 26/50 iter 1420/1860 loss=0.6587 mean_loss=0.6645 classification=0.0137, bbox_regression=0.0535, bbox_ctrness=0.5915
epoch 26/50 iter 1440/1860 loss=0.6682 mean_loss=0.6646 classification=0.0121, bbox_regression=0.0620, bbox_ctrness=0.5941
epoch 26/50 iter 1460/1860 loss=0.6613 mean_loss=0.6647 classification=0.0204, bbox_regression=0.0458, bbox_ctrness=0.5951
epoch 26/50 iter 1480/1860 loss=0.6523 mean_loss=0.6648 classification=0.0105, bbox_regression=0.0486, bbox_ctrness=0.5932
epoch 26/50 iter 1500/1860 loss=0.6729 mean_loss=0.6648 classification=0.0246, bbox_regression=0.0576, bbox_ctrness=0.5907
epoch 26/50 iter 1520/1860 loss=0.6621 mean_loss=0.6648 classification=0.0061, bbox_regression=0.0537, bbox_ctrness=0.6023
epoch 26/50 iter 1540/1860 loss=0.6601 mean_loss=0.6648 classification=0.0021, bbox_regression=0.0565, bbox_ctrness=0.6016
epoch 26/50 iter 1560/1860 loss=0.6983 mean_loss=0.6648 classification=0.0166, bbox_regression=0.0842, bbox_ctrness=0.5975
epoch 26/50 iter 1580/1860 loss=0.6444 mean_loss=0.6648 classification=0.0057, bbox_regression=0.0512, bbox_ctrness=0.5875
epoch 26/50 iter 1600/1860 loss=0.6577 mean_loss=0.6647 classification=0.0113, bbox_regression=0.0524, bbox_ctrness=0.5940
epoch 26/50 iter 1620/1860 loss=0.6622 mean_loss=0.6647 classification=0.0110, bbox_regression=0.0431, bbox_ctrness=0.6081
epoch 26/50 iter 1640/1860 loss=0.6744 mean_loss=0.6646 classification=0.0097, bbox_regression=0.0589, bbox_ctrness=0.6058
epoch 26/50 iter 1660/1860 loss=0.6690 mean_loss=0.6647 classification=0.0077, bbox_regression=0.0515, bbox_ctrness=0.6097
epoch 26/50 iter 1680/1860 loss=0.6699 mean_loss=0.6649 classification=0.0163, bbox_regression=0.0499, bbox_ctrness=0.6037
epoch 26/50 iter 1700/1860 loss=0.6370 mean_loss=0.6648 classification=0.0095, bbox_regression=0.0469, bbox_ctrness=0.5806
epoch 26/50 iter 1720/1860 loss=0.6767 mean_loss=0.6648 classification=0.0048, bbox_regression=0.0667, bbox_ctrness=0.6052
epoch 26/50 iter 1740/1860 loss=0.6558 mean_loss=0.6647 classification=0.0055, bbox_regression=0.0596, bbox_ctrness=0.5907
epoch 26/50 iter 1760/1860 loss=0.6754 mean_loss=0.6647 classification=0.0367, bbox_regression=0.0422, bbox_ctrness=0.5965
epoch 26/50 iter 1780/1860 loss=0.6658 mean_loss=0.6647 classification=0.0043, bbox_regression=0.0419, bbox_ctrness=0.6196
epoch 26/50 iter 1800/1860 loss=0.6778 mean_loss=0.6648 classification=0.0049, bbox_regression=0.0610, bbox_ctrness=0.6119
epoch 26/50 iter 1820/1860 loss=0.7246 mean_loss=0.6649 classification=0.0644, bbox_regression=0.0505, bbox_ctrness=0.6097
epoch 26/50 iter 1840/1860 loss=0.6521 mean_loss=0.6648 classification=0.0012, bbox_regression=0.0480, bbox_ctrness=0.6029
epoch 26/50 iter 1860/1860 loss=0.6742 mean_loss=0.6649 classification=0.0353, bbox_regression=0.0506, bbox_ctrness=0.5883
epoch 26 validation Precision=0.7187 Recall=0.9403 AP50=0.9185 AP75=0.8377 eval_fps=20.39 epoch_time_sec=899.7
saved checkpoint: E:\RepViT-main\runs\v48_complete_ablation\training\ra_static_equal_seed2\weights\last.pt
epoch 27/50 iter 1/1860 loss=0.6480 mean_loss=0.6480 classification=0.0047, bbox_regression=0.0490, bbox_ctrness=0.5944
epoch 27/50 iter 20/1860 loss=0.6934 mean_loss=0.6626 classification=0.0242, bbox_regression=0.0659, bbox_ctrness=0.6033
epoch 27/50 iter 40/1860 loss=0.6607 mean_loss=0.6640 classification=0.0042, bbox_regression=0.0498, bbox_ctrness=0.6067
epoch 27/50 iter 60/1860 loss=0.6306 mean_loss=0.6621 classification=0.0038, bbox_regression=0.0472, bbox_ctrness=0.5796
epoch 27/50 iter 80/1860 loss=0.6828 mean_loss=0.6675 classification=0.0244, bbox_regression=0.0496, bbox_ctrness=0.6089
epoch 27/50 iter 100/1860 loss=0.6688 mean_loss=0.6669 classification=0.0029, bbox_regression=0.0522, bbox_ctrness=0.6136
epoch 27/50 iter 120/1860 loss=0.6876 mean_loss=0.6660 classification=0.0045, bbox_regression=0.0723, bbox_ctrness=0.6109
epoch 27/50 iter 140/1860 loss=0.6435 mean_loss=0.6638 classification=0.0008, bbox_regression=0.0412, bbox_ctrness=0.6016
epoch 27/50 iter 160/1860 loss=0.6924 mean_loss=0.6644 classification=0.0124, bbox_regression=0.0821, bbox_ctrness=0.5979
epoch 27/50 iter 180/1860 loss=0.6462 mean_loss=0.6643 classification=0.0062, bbox_regression=0.0477, bbox_ctrness=0.5923
epoch 27/50 iter 200/1860 loss=0.6313 mean_loss=0.6632 classification=0.0065, bbox_regression=0.0493, bbox_ctrness=0.5756
epoch 27/50 iter 220/1860 loss=0.6636 mean_loss=0.6630 classification=0.0060, bbox_regression=0.0564, bbox_ctrness=0.6012
epoch 27/50 iter 240/1860 loss=0.6414 mean_loss=0.6631 classification=0.0050, bbox_regression=0.0486, bbox_ctrness=0.5878
epoch 27/50 iter 260/1860 loss=0.6593 mean_loss=0.6630 classification=0.0061, bbox_regression=0.0547, bbox_ctrness=0.5985
epoch 27/50 iter 280/1860 loss=0.6728 mean_loss=0.6626 classification=0.0034, bbox_regression=0.0501, bbox_ctrness=0.6193
epoch 27/50 iter 300/1860 loss=0.6700 mean_loss=0.6630 classification=0.0049, bbox_regression=0.0688, bbox_ctrness=0.5963
epoch 27/50 iter 320/1860 loss=0.6521 mean_loss=0.6627 classification=0.0029, bbox_regression=0.0481, bbox_ctrness=0.6011
epoch 27/50 iter 340/1860 loss=0.6448 mean_loss=0.6626 classification=0.0009, bbox_regression=0.0472, bbox_ctrness=0.5967
epoch 27/50 iter 360/1860 loss=0.6501 mean_loss=0.6628 classification=0.0009, bbox_regression=0.0353, bbox_ctrness=0.6140
epoch 27/50 iter 380/1860 loss=0.6501 mean_loss=0.6629 classification=0.0074, bbox_regression=0.0544, bbox_ctrness=0.5883
epoch 27/50 iter 400/1860 loss=0.6673 mean_loss=0.6632 classification=0.0033, bbox_regression=0.0528, bbox_ctrness=0.6112
epoch 27/50 iter 420/1860 loss=0.6659 mean_loss=0.6633 classification=0.0070, bbox_regression=0.0536, bbox_ctrness=0.6054
epoch 27/50 iter 440/1860 loss=0.6599 mean_loss=0.6628 classification=0.0143, bbox_regression=0.0518, bbox_ctrness=0.5938
epoch 27/50 iter 460/1860 loss=0.6606 mean_loss=0.6626 classification=0.0061, bbox_regression=0.0565, bbox_ctrness=0.5980
epoch 27/50 iter 480/1860 loss=0.6448 mean_loss=0.6625 classification=0.0042, bbox_regression=0.0371, bbox_ctrness=0.6035
epoch 27/50 iter 500/1860 loss=0.6644 mean_loss=0.6625 classification=0.0100, bbox_regression=0.0596, bbox_ctrness=0.5947
epoch 27/50 iter 520/1860 loss=0.6857 mean_loss=0.6627 classification=0.0165, bbox_regression=0.0659, bbox_ctrness=0.6033
epoch 27/50 iter 540/1860 loss=0.6398 mean_loss=0.6627 classification=0.0031, bbox_regression=0.0487, bbox_ctrness=0.5880
epoch 27/50 iter 560/1860 loss=0.6555 mean_loss=0.6629 classification=0.0018, bbox_regression=0.0480, bbox_ctrness=0.6056
epoch 27/50 iter 580/1860 loss=0.6911 mean_loss=0.6635 classification=0.0274, bbox_regression=0.0701, bbox_ctrness=0.5935
epoch 27/50 iter 600/1860 loss=0.6861 mean_loss=0.6643 classification=0.0318, bbox_regression=0.0582, bbox_ctrness=0.5962
epoch 27/50 iter 620/1860 loss=0.6564 mean_loss=0.6644 classification=0.0036, bbox_regression=0.0472, bbox_ctrness=0.6056
epoch 27/50 iter 640/1860 loss=0.6567 mean_loss=0.6642 classification=0.0075, bbox_regression=0.0452, bbox_ctrness=0.6039
epoch 27/50 iter 660/1860 loss=0.6612 mean_loss=0.6640 classification=0.0131, bbox_regression=0.0526, bbox_ctrness=0.5955
epoch 27/50 iter 680/1860 loss=0.6424 mean_loss=0.6639 classification=0.0012, bbox_regression=0.0424, bbox_ctrness=0.5989
epoch 27/50 iter 700/1860 loss=0.6509 mean_loss=0.6638 classification=0.0065, bbox_regression=0.0560, bbox_ctrness=0.5884
epoch 27/50 iter 720/1860 loss=0.6723 mean_loss=0.6635 classification=0.0078, bbox_regression=0.0561, bbox_ctrness=0.6085
epoch 27/50 iter 740/1860 loss=0.6536 mean_loss=0.6634 classification=0.0057, bbox_regression=0.0468, bbox_ctrness=0.6011
epoch 27/50 iter 760/1860 loss=0.6545 mean_loss=0.6633 classification=0.0067, bbox_regression=0.0575, bbox_ctrness=0.5903
epoch 27/50 iter 780/1860 loss=0.6622 mean_loss=0.6633 classification=0.0029, bbox_regression=0.0588, bbox_ctrness=0.6004
epoch 27/50 iter 800/1860 loss=0.6694 mean_loss=0.6633 classification=0.0102, bbox_regression=0.0536, bbox_ctrness=0.6057
epoch 27/50 iter 820/1860 loss=0.6613 mean_loss=0.6632 classification=0.0025, bbox_regression=0.0449, bbox_ctrness=0.6139
epoch 27/50 iter 840/1860 loss=0.6619 mean_loss=0.6630 classification=0.0062, bbox_regression=0.0518, bbox_ctrness=0.6039
epoch 27/50 iter 860/1860 loss=0.6746 mean_loss=0.6631 classification=0.0016, bbox_regression=0.0592, bbox_ctrness=0.6139
epoch 27/50 iter 880/1860 loss=0.6491 mean_loss=0.6630 classification=0.0033, bbox_regression=0.0474, bbox_ctrness=0.5984
epoch 27/50 iter 900/1860 loss=0.6555 mean_loss=0.6630 classification=0.0091, bbox_regression=0.0549, bbox_ctrness=0.5914
epoch 27/50 iter 920/1860 loss=0.6474 mean_loss=0.6632 classification=0.0044, bbox_regression=0.0492, bbox_ctrness=0.5938
epoch 27/50 iter 940/1860 loss=0.6334 mean_loss=0.6633 classification=0.0063, bbox_regression=0.0479, bbox_ctrness=0.5792
epoch 27/50 iter 960/1860 loss=0.6535 mean_loss=0.6632 classification=0.0082, bbox_regression=0.0467, bbox_ctrness=0.5986
epoch 27/50 iter 980/1860 loss=0.6840 mean_loss=0.6633 classification=0.0238, bbox_regression=0.0688, bbox_ctrness=0.5915
epoch 27/50 iter 1000/1860 loss=0.6364 mean_loss=0.6634 classification=0.0039, bbox_regression=0.0433, bbox_ctrness=0.5892
epoch 27/50 iter 1020/1860 loss=0.6797 mean_loss=0.6635 classification=0.0148, bbox_regression=0.0591, bbox_ctrness=0.6058
epoch 27/50 iter 1040/1860 loss=0.6647 mean_loss=0.6635 classification=0.0096, bbox_regression=0.0450, bbox_ctrness=0.6100
epoch 27/50 iter 1060/1860 loss=0.6695 mean_loss=0.6634 classification=0.0094, bbox_regression=0.0564, bbox_ctrness=0.6037
epoch 27/50 iter 1080/1860 loss=0.6697 mean_loss=0.6634 classification=0.0037, bbox_regression=0.0522, bbox_ctrness=0.6139
epoch 27/50 iter 1100/1860 loss=0.6557 mean_loss=0.6633 classification=0.0073, bbox_regression=0.0497, bbox_ctrness=0.5987
epoch 27/50 iter 1120/1860 loss=0.6469 mean_loss=0.6633 classification=0.0016, bbox_regression=0.0429, bbox_ctrness=0.6024
epoch 27/50 iter 1140/1860 loss=0.6551 mean_loss=0.6634 classification=0.0069, bbox_regression=0.0517, bbox_ctrness=0.5965
epoch 27/50 iter 1160/1860 loss=0.6555 mean_loss=0.6634 classification=0.0105, bbox_regression=0.0499, bbox_ctrness=0.5951
epoch 27/50 iter 1180/1860 loss=0.6355 mean_loss=0.6633 classification=0.0196, bbox_regression=0.0371, bbox_ctrness=0.5787
epoch 27/50 iter 1200/1860 loss=0.6569 mean_loss=0.6632 classification=0.0003, bbox_regression=0.0425, bbox_ctrness=0.6141
epoch 27/50 iter 1220/1860 loss=0.6610 mean_loss=0.6632 classification=0.0090, bbox_regression=0.0571, bbox_ctrness=0.5950
epoch 27/50 iter 1240/1860 loss=0.6573 mean_loss=0.6633 classification=0.0031, bbox_regression=0.0514, bbox_ctrness=0.6029
epoch 27/50 iter 1260/1860 loss=0.6624 mean_loss=0.6634 classification=0.0135, bbox_regression=0.0565, bbox_ctrness=0.5924
epoch 27/50 iter 1280/1860 loss=0.6410 mean_loss=0.6633 classification=0.0072, bbox_regression=0.0495, bbox_ctrness=0.5843
epoch 27/50 iter 1300/1860 loss=0.6591 mean_loss=0.6633 classification=0.0006, bbox_regression=0.0443, bbox_ctrness=0.6141
epoch 27/50 iter 1320/1860 loss=0.6627 mean_loss=0.6634 classification=0.0035, bbox_regression=0.0514, bbox_ctrness=0.6078
epoch 27/50 iter 1340/1860 loss=0.6359 mean_loss=0.6634 classification=0.0056, bbox_regression=0.0361, bbox_ctrness=0.5942
epoch 27/50 iter 1360/1860 loss=0.6704 mean_loss=0.6634 classification=0.0105, bbox_regression=0.0709, bbox_ctrness=0.5890
epoch 27/50 iter 1380/1860 loss=0.6686 mean_loss=0.6634 classification=0.0072, bbox_regression=0.0611, bbox_ctrness=0.6003
epoch 27/50 iter 1400/1860 loss=0.6440 mean_loss=0.6634 classification=0.0069, bbox_regression=0.0383, bbox_ctrness=0.5988
epoch 27/50 iter 1420/1860 loss=0.6535 mean_loss=0.6634 classification=0.0071, bbox_regression=0.0490, bbox_ctrness=0.5973
epoch 27/50 iter 1440/1860 loss=0.6328 mean_loss=0.6635 classification=0.0035, bbox_regression=0.0472, bbox_ctrness=0.5821
epoch 27/50 iter 1460/1860 loss=0.6779 mean_loss=0.6636 classification=0.0189, bbox_regression=0.0561, bbox_ctrness=0.6030
epoch 27/50 iter 1480/1860 loss=0.6510 mean_loss=0.6635 classification=0.0112, bbox_regression=0.0475, bbox_ctrness=0.5924
epoch 27/50 iter 1500/1860 loss=0.6784 mean_loss=0.6637 classification=0.0074, bbox_regression=0.0720, bbox_ctrness=0.5990
epoch 27/50 iter 1520/1860 loss=0.6453 mean_loss=0.6637 classification=0.0048, bbox_regression=0.0540, bbox_ctrness=0.5865
epoch 27/50 iter 1540/1860 loss=0.6642 mean_loss=0.6638 classification=0.0351, bbox_regression=0.0467, bbox_ctrness=0.5825
epoch 27/50 iter 1560/1860 loss=0.6954 mean_loss=0.6639 classification=0.0315, bbox_regression=0.0722, bbox_ctrness=0.5917
epoch 27/50 iter 1580/1860 loss=0.6631 mean_loss=0.6639 classification=0.0067, bbox_regression=0.0500, bbox_ctrness=0.6064
epoch 27/50 iter 1600/1860 loss=0.6441 mean_loss=0.6639 classification=0.0037, bbox_regression=0.0449, bbox_ctrness=0.5955
epoch 27/50 iter 1620/1860 loss=0.6484 mean_loss=0.6639 classification=0.0151, bbox_regression=0.0397, bbox_ctrness=0.5936
epoch 27/50 iter 1640/1860 loss=0.7323 mean_loss=0.6639 classification=0.0843, bbox_regression=0.0576, bbox_ctrness=0.5904
epoch 27/50 iter 1660/1860 loss=0.6788 mean_loss=0.6639 classification=0.0106, bbox_regression=0.0617, bbox_ctrness=0.6065
epoch 27/50 iter 1680/1860 loss=0.6568 mean_loss=0.6640 classification=0.0110, bbox_regression=0.0594, bbox_ctrness=0.5864
epoch 27/50 iter 1700/1860 loss=0.6519 mean_loss=0.6640 classification=0.0040, bbox_regression=0.0452, bbox_ctrness=0.6028
epoch 27/50 iter 1720/1860 loss=0.6522 mean_loss=0.6640 classification=0.0097, bbox_regression=0.0531, bbox_ctrness=0.5893
epoch 27/50 iter 1740/1860 loss=0.6634 mean_loss=0.6640 classification=0.0109, bbox_regression=0.0510, bbox_ctrness=0.6015
epoch 27/50 iter 1760/1860 loss=0.6562 mean_loss=0.6640 classification=0.0133, bbox_regression=0.0423, bbox_ctrness=0.6006
epoch 27/50 iter 1780/1860 loss=0.6673 mean_loss=0.6640 classification=0.0027, bbox_regression=0.0566, bbox_ctrness=0.6080
epoch 27/50 iter 1800/1860 loss=0.6555 mean_loss=0.6640 classification=0.0041, bbox_regression=0.0549, bbox_ctrness=0.5965
epoch 27/50 iter 1820/1860 loss=0.6526 mean_loss=0.6640 classification=0.0118, bbox_regression=0.0622, bbox_ctrness=0.5786
epoch 27/50 iter 1840/1860 loss=0.6416 mean_loss=0.6639 classification=0.0006, bbox_regression=0.0510, bbox_ctrness=0.5901
epoch 27/50 iter 1860/1860 loss=0.6418 mean_loss=0.6638 classification=0.0042, bbox_regression=0.0605, bbox_ctrness=0.5771
epoch 27 validation Precision=0.6103 Recall=0.9494 AP50=0.9218 AP75=0.8359 eval_fps=12.97 epoch_time_sec=1079.9
saved checkpoint: E:\RepViT-main\runs\v48_complete_ablation\training\ra_static_equal_seed2\weights\last.pt
epoch 28/50 iter 1/1860 loss=0.6943 mean_loss=0.6943 classification=0.0382, bbox_regression=0.0597, bbox_ctrness=0.5964
epoch 28/50 iter 20/1860 loss=0.6412 mean_loss=0.6669 classification=0.0011, bbox_regression=0.0436, bbox_ctrness=0.5965
epoch 28/50 iter 40/1860 loss=0.6463 mean_loss=0.6628 classification=0.0025, bbox_regression=0.0505, bbox_ctrness=0.5934
epoch 28/50 iter 60/1860 loss=0.6423 mean_loss=0.6634 classification=0.0029, bbox_regression=0.0478, bbox_ctrness=0.5916
epoch 28/50 iter 80/1860 loss=0.6471 mean_loss=0.6623 classification=0.0003, bbox_regression=0.0522, bbox_ctrness=0.5946
epoch 28/50 iter 100/1860 loss=0.6370 mean_loss=0.6608 classification=0.0022, bbox_regression=0.0411, bbox_ctrness=0.5937
epoch 28/50 iter 120/1860 loss=0.6700 mean_loss=0.6592 classification=0.0236, bbox_regression=0.0567, bbox_ctrness=0.5897
epoch 28/50 iter 140/1860 loss=0.6677 mean_loss=0.6592 classification=0.0098, bbox_regression=0.0703, bbox_ctrness=0.5877
epoch 28/50 iter 160/1860 loss=0.6585 mean_loss=0.6594 classification=0.0015, bbox_regression=0.0485, bbox_ctrness=0.6084
epoch 28/50 iter 180/1860 loss=0.6360 mean_loss=0.6587 classification=0.0021, bbox_regression=0.0386, bbox_ctrness=0.5954
epoch 28/50 iter 200/1860 loss=0.6376 mean_loss=0.6584 classification=0.0014, bbox_regression=0.0446, bbox_ctrness=0.5915
epoch 28/50 iter 220/1860 loss=0.6490 mean_loss=0.6590 classification=0.0074, bbox_regression=0.0444, bbox_ctrness=0.5972
epoch 28/50 iter 240/1860 loss=0.6798 mean_loss=0.6589 classification=0.0102, bbox_regression=0.0747, bbox_ctrness=0.5949
epoch 28/50 iter 260/1860 loss=0.6401 mean_loss=0.6590 classification=0.0032, bbox_regression=0.0482, bbox_ctrness=0.5887
epoch 28/50 iter 280/1860 loss=0.6497 mean_loss=0.6591 classification=0.0043, bbox_regression=0.0527, bbox_ctrness=0.5927
epoch 28/50 iter 300/1860 loss=0.6548 mean_loss=0.6591 classification=0.0095, bbox_regression=0.0557, bbox_ctrness=0.5896
epoch 28/50 iter 320/1860 loss=0.6889 mean_loss=0.6598 classification=0.0070, bbox_regression=0.0712, bbox_ctrness=0.6107
epoch 28/50 iter 340/1860 loss=0.6439 mean_loss=0.6599 classification=0.0039, bbox_regression=0.0548, bbox_ctrness=0.5853
epoch 28/50 iter 360/1860 loss=0.6850 mean_loss=0.6600 classification=0.0163, bbox_regression=0.0574, bbox_ctrness=0.6112
epoch 28/50 iter 380/1860 loss=0.6531 mean_loss=0.6597 classification=0.0076, bbox_regression=0.0452, bbox_ctrness=0.6003
epoch 28/50 iter 400/1860 loss=0.6427 mean_loss=0.6595 classification=0.0047, bbox_regression=0.0519, bbox_ctrness=0.5861
epoch 28/50 iter 420/1860 loss=0.6593 mean_loss=0.6593 classification=0.0296, bbox_regression=0.0467, bbox_ctrness=0.5829
epoch 28/50 iter 440/1860 loss=0.6688 mean_loss=0.6593 classification=0.0021, bbox_regression=0.0437, bbox_ctrness=0.6230
epoch 28/50 iter 460/1860 loss=0.6771 mean_loss=0.6596 classification=0.0208, bbox_regression=0.0574, bbox_ctrness=0.5989
epoch 28/50 iter 480/1860 loss=0.6814 mean_loss=0.6598 classification=0.0123, bbox_regression=0.0715, bbox_ctrness=0.5977
epoch 28/50 iter 500/1860 loss=0.6796 mean_loss=0.6596 classification=0.0067, bbox_regression=0.0738, bbox_ctrness=0.5992
epoch 28/50 iter 520/1860 loss=0.6525 mean_loss=0.6596 classification=0.0036, bbox_regression=0.0521, bbox_ctrness=0.5968
epoch 28/50 iter 540/1860 loss=0.6410 mean_loss=0.6594 classification=0.0032, bbox_regression=0.0472, bbox_ctrness=0.5906
epoch 28/50 iter 560/1860 loss=0.6605 mean_loss=0.6595 classification=0.0218, bbox_regression=0.0536, bbox_ctrness=0.5851
epoch 28/50 iter 580/1860 loss=0.6781 mean_loss=0.6595 classification=0.0208, bbox_regression=0.0543, bbox_ctrness=0.6031
epoch 28/50 iter 600/1860 loss=0.6620 mean_loss=0.6594 classification=0.0013, bbox_regression=0.0445, bbox_ctrness=0.6162
epoch 28/50 iter 620/1860 loss=0.6605 mean_loss=0.6594 classification=0.0010, bbox_regression=0.0542, bbox_ctrness=0.6053
epoch 28/50 iter 640/1860 loss=0.7001 mean_loss=0.6594 classification=0.0245, bbox_regression=0.0657, bbox_ctrness=0.6099
epoch 28/50 iter 660/1860 loss=0.6618 mean_loss=0.6595 classification=0.0008, bbox_regression=0.0464, bbox_ctrness=0.6147
epoch 28/50 iter 680/1860 loss=0.6765 mean_loss=0.6596 classification=0.0124, bbox_regression=0.0780, bbox_ctrness=0.5861
epoch 28/50 iter 700/1860 loss=0.6627 mean_loss=0.6594 classification=0.0009, bbox_regression=0.0611, bbox_ctrness=0.6007
epoch 28/50 iter 720/1860 loss=0.6685 mean_loss=0.6593 classification=0.0057, bbox_regression=0.0572, bbox_ctrness=0.6056
epoch 28/50 iter 740/1860 loss=0.6880 mean_loss=0.6594 classification=0.0169, bbox_regression=0.0675, bbox_ctrness=0.6036
epoch 28/50 iter 760/1860 loss=0.6562 mean_loss=0.6593 classification=0.0094, bbox_regression=0.0333, bbox_ctrness=0.6135
epoch 28/50 iter 780/1860 loss=0.6687 mean_loss=0.6592 classification=0.0191, bbox_regression=0.0611, bbox_ctrness=0.5884
epoch 28/50 iter 800/1860 loss=0.6626 mean_loss=0.6593 classification=0.0073, bbox_regression=0.0455, bbox_ctrness=0.6098
epoch 28/50 iter 820/1860 loss=0.6454 mean_loss=0.6591 classification=0.0005, bbox_regression=0.0481, bbox_ctrness=0.5968
epoch 28/50 iter 840/1860 loss=0.6421 mean_loss=0.6590 classification=0.0065, bbox_regression=0.0467, bbox_ctrness=0.5889
epoch 28/50 iter 860/1860 loss=0.6863 mean_loss=0.6590 classification=0.0013, bbox_regression=0.0582, bbox_ctrness=0.6267
epoch 28/50 iter 880/1860 loss=0.6585 mean_loss=0.6591 classification=0.0218, bbox_regression=0.0520, bbox_ctrness=0.5847
epoch 28/50 iter 900/1860 loss=0.6702 mean_loss=0.6592 classification=0.0205, bbox_regression=0.0483, bbox_ctrness=0.6014
epoch 28/50 iter 920/1860 loss=0.6505 mean_loss=0.6594 classification=0.0067, bbox_regression=0.0444, bbox_ctrness=0.5994
epoch 28/50 iter 940/1860 loss=0.6825 mean_loss=0.6594 classification=0.0171, bbox_regression=0.0716, bbox_ctrness=0.5938
epoch 28/50 iter 960/1860 loss=0.6809 mean_loss=0.6594 classification=0.0479, bbox_regression=0.0375, bbox_ctrness=0.5955
epoch 28/50 iter 980/1860 loss=0.6731 mean_loss=0.6594 classification=0.0203, bbox_regression=0.0592, bbox_ctrness=0.5936
epoch 28/50 iter 1000/1860 loss=0.6598 mean_loss=0.6594 classification=0.0046, bbox_regression=0.0553, bbox_ctrness=0.5999
epoch 28/50 iter 1020/1860 loss=0.6419 mean_loss=0.6595 classification=0.0018, bbox_regression=0.0422, bbox_ctrness=0.5979
epoch 28/50 iter 1040/1860 loss=0.6573 mean_loss=0.6598 classification=0.0120, bbox_regression=0.0483, bbox_ctrness=0.5969
epoch 28/50 iter 1060/1860 loss=0.6717 mean_loss=0.6599 classification=0.0051, bbox_regression=0.0521, bbox_ctrness=0.6145
epoch 28/50 iter 1080/1860 loss=0.6709 mean_loss=0.6598 classification=0.0053, bbox_regression=0.0584, bbox_ctrness=0.6072
epoch 28/50 iter 1100/1860 loss=0.7054 mean_loss=0.6600 classification=0.0460, bbox_regression=0.0614, bbox_ctrness=0.5980
epoch 28/50 iter 1120/1860 loss=0.6722 mean_loss=0.6602 classification=0.0159, bbox_regression=0.0542, bbox_ctrness=0.6022
epoch 28/50 iter 1140/1860 loss=0.6544 mean_loss=0.6602 classification=0.0006, bbox_regression=0.0406, bbox_ctrness=0.6131
epoch 28/50 iter 1160/1860 loss=0.6470 mean_loss=0.6602 classification=0.0039, bbox_regression=0.0455, bbox_ctrness=0.5977
epoch 28/50 iter 1180/1860 loss=0.6815 mean_loss=0.6601 classification=0.0124, bbox_regression=0.0648, bbox_ctrness=0.6043
epoch 28/50 iter 1200/1860 loss=0.6579 mean_loss=0.6600 classification=0.0092, bbox_regression=0.0605, bbox_ctrness=0.5882
epoch 28/50 iter 1220/1860 loss=0.6679 mean_loss=0.6599 classification=0.0066, bbox_regression=0.0628, bbox_ctrness=0.5985
epoch 28/50 iter 1240/1860 loss=0.7360 mean_loss=0.6600 classification=0.0541, bbox_regression=0.0540, bbox_ctrness=0.6278
epoch 28/50 iter 1260/1860 loss=0.6475 mean_loss=0.6602 classification=0.0031, bbox_regression=0.0495, bbox_ctrness=0.5948
epoch 28/50 iter 1280/1860 loss=0.6423 mean_loss=0.6603 classification=0.0059, bbox_regression=0.0438, bbox_ctrness=0.5926
epoch 28/50 iter 1300/1860 loss=0.6696 mean_loss=0.6605 classification=0.0053, bbox_regression=0.0807, bbox_ctrness=0.5836
epoch 28/50 iter 1320/1860 loss=0.6707 mean_loss=0.6607 classification=0.0088, bbox_regression=0.0723, bbox_ctrness=0.5895
epoch 28/50 iter 1340/1860 loss=0.6494 mean_loss=0.6606 classification=0.0115, bbox_regression=0.0469, bbox_ctrness=0.5910
epoch 28/50 iter 1360/1860 loss=0.6497 mean_loss=0.6607 classification=0.0095, bbox_regression=0.0588, bbox_ctrness=0.5814
epoch 28/50 iter 1380/1860 loss=0.6691 mean_loss=0.6607 classification=0.0066, bbox_regression=0.0540, bbox_ctrness=0.6085
epoch 28/50 iter 1400/1860 loss=0.6382 mean_loss=0.6606 classification=0.0042, bbox_regression=0.0429, bbox_ctrness=0.5911
epoch 28/50 iter 1420/1860 loss=0.6804 mean_loss=0.6606 classification=0.0152, bbox_regression=0.0640, bbox_ctrness=0.6012
epoch 28/50 iter 1440/1860 loss=0.6570 mean_loss=0.6607 classification=0.0133, bbox_regression=0.0440, bbox_ctrness=0.5998
epoch 28/50 iter 1460/1860 loss=0.7078 mean_loss=0.6608 classification=0.0199, bbox_regression=0.0885, bbox_ctrness=0.5994
epoch 28/50 iter 1480/1860 loss=0.6374 mean_loss=0.6606 classification=0.0023, bbox_regression=0.0524, bbox_ctrness=0.5826
epoch 28/50 iter 1500/1860 loss=0.6533 mean_loss=0.6607 classification=0.0161, bbox_regression=0.0456, bbox_ctrness=0.5915
epoch 28/50 iter 1520/1860 loss=0.6617 mean_loss=0.6607 classification=0.0087, bbox_regression=0.0715, bbox_ctrness=0.5815
epoch 28/50 iter 1540/1860 loss=0.6480 mean_loss=0.6608 classification=0.0011, bbox_regression=0.0553, bbox_ctrness=0.5916
epoch 28/50 iter 1560/1860 loss=0.6531 mean_loss=0.6608 classification=0.0030, bbox_regression=0.0458, bbox_ctrness=0.6043
epoch 28/50 iter 1580/1860 loss=0.6416 mean_loss=0.6607 classification=0.0101, bbox_regression=0.0511, bbox_ctrness=0.5804
epoch 28/50 iter 1600/1860 loss=0.6358 mean_loss=0.6608 classification=0.0017, bbox_regression=0.0465, bbox_ctrness=0.5876
epoch 28/50 iter 1620/1860 loss=0.6358 mean_loss=0.6608 classification=0.0084, bbox_regression=0.0470, bbox_ctrness=0.5804
epoch 28/50 iter 1640/1860 loss=0.6671 mean_loss=0.6607 classification=0.0113, bbox_regression=0.0444, bbox_ctrness=0.6114
epoch 28/50 iter 1660/1860 loss=0.6542 mean_loss=0.6607 classification=0.0049, bbox_regression=0.0492, bbox_ctrness=0.6001
epoch 28/50 iter 1680/1860 loss=0.6640 mean_loss=0.6607 classification=0.0019, bbox_regression=0.0503, bbox_ctrness=0.6118
epoch 28/50 iter 1700/1860 loss=0.6560 mean_loss=0.6607 classification=0.0108, bbox_regression=0.0556, bbox_ctrness=0.5896
epoch 28/50 iter 1720/1860 loss=0.6450 mean_loss=0.6607 classification=0.0044, bbox_regression=0.0482, bbox_ctrness=0.5924
epoch 28/50 iter 1740/1860 loss=0.6304 mean_loss=0.6608 classification=0.0019, bbox_regression=0.0367, bbox_ctrness=0.5918
epoch 28/50 iter 1760/1860 loss=0.6848 mean_loss=0.6608 classification=0.0086, bbox_regression=0.0607, bbox_ctrness=0.6155
epoch 28/50 iter 1780/1860 loss=0.6455 mean_loss=0.6608 classification=0.0078, bbox_regression=0.0447, bbox_ctrness=0.5930
epoch 28/50 iter 1800/1860 loss=0.6754 mean_loss=0.6608 classification=0.0310, bbox_regression=0.0408, bbox_ctrness=0.6035
epoch 28/50 iter 1820/1860 loss=0.6775 mean_loss=0.6609 classification=0.0230, bbox_regression=0.0625, bbox_ctrness=0.5920
epoch 28/50 iter 1840/1860 loss=0.6883 mean_loss=0.6610 classification=0.0028, bbox_regression=0.0602, bbox_ctrness=0.6253
epoch 28/50 iter 1860/1860 loss=0.6227 mean_loss=0.6610 classification=0.0029, bbox_regression=0.0291, bbox_ctrness=0.5908
epoch 28 validation Precision=0.5320 Recall=0.9540 AP50=0.9237 AP75=0.8410 eval_fps=19.78 epoch_time_sec=1005.3
saved checkpoint: E:\RepViT-main\runs\v48_complete_ablation\training\ra_static_equal_seed2\weights\last.pt
epoch 29/50 iter 1/1860 loss=0.6652 mean_loss=0.6652 classification=0.0046, bbox_regression=0.0498, bbox_ctrness=0.6108
epoch 29/50 iter 20/1860 loss=0.6404 mean_loss=0.6560 classification=0.0082, bbox_regression=0.0430, bbox_ctrness=0.5892
epoch 29/50 iter 40/1860 loss=0.6673 mean_loss=0.6542 classification=0.0007, bbox_regression=0.0508, bbox_ctrness=0.6158
epoch 29/50 iter 60/1860 loss=0.6385 mean_loss=0.6541 classification=0.0019, bbox_regression=0.0457, bbox_ctrness=0.5909
epoch 29/50 iter 80/1860 loss=0.6385 mean_loss=0.6546 classification=0.0053, bbox_regression=0.0480, bbox_ctrness=0.5852
epoch 29/50 iter 100/1860 loss=0.6604 mean_loss=0.6542 classification=0.0026, bbox_regression=0.0480, bbox_ctrness=0.6098
epoch 29/50 iter 120/1860 loss=0.6522 mean_loss=0.6540 classification=0.0019, bbox_regression=0.0503, bbox_ctrness=0.6000
epoch 29/50 iter 140/1860 loss=0.6570 mean_loss=0.6545 classification=0.0087, bbox_regression=0.0640, bbox_ctrness=0.5844
epoch 29/50 iter 160/1860 loss=0.6445 mean_loss=0.6547 classification=0.0090, bbox_regression=0.0380, bbox_ctrness=0.5975
epoch 29/50 iter 180/1860 loss=0.6482 mean_loss=0.6550 classification=0.0007, bbox_regression=0.0342, bbox_ctrness=0.6133
epoch 29/50 iter 200/1860 loss=0.6618 mean_loss=0.6549 classification=0.0066, bbox_regression=0.0537, bbox_ctrness=0.6016
epoch 29/50 iter 220/1860 loss=0.6572 mean_loss=0.6548 classification=0.0121, bbox_regression=0.0611, bbox_ctrness=0.5840
epoch 29/50 iter 240/1860 loss=0.6755 mean_loss=0.6552 classification=0.0187, bbox_regression=0.0610, bbox_ctrness=0.5957
epoch 29/50 iter 260/1860 loss=0.6635 mean_loss=0.6552 classification=0.0022, bbox_regression=0.0515, bbox_ctrness=0.6098
epoch 29/50 iter 280/1860 loss=0.6605 mean_loss=0.6551 classification=0.0061, bbox_regression=0.0643, bbox_ctrness=0.5901
epoch 29/50 iter 300/1860 loss=0.6586 mean_loss=0.6553 classification=0.0039, bbox_regression=0.0605, bbox_ctrness=0.5941
epoch 29/50 iter 320/1860 loss=0.6473 mean_loss=0.6559 classification=0.0009, bbox_regression=0.0421, bbox_ctrness=0.6043
epoch 29/50 iter 340/1860 loss=0.6743 mean_loss=0.6564 classification=0.0034, bbox_regression=0.0448, bbox_ctrness=0.6260
epoch 29/50 iter 360/1860 loss=0.6669 mean_loss=0.6563 classification=0.0118, bbox_regression=0.0497, bbox_ctrness=0.6055
epoch 29/50 iter 380/1860 loss=0.6396 mean_loss=0.6563 classification=0.0042, bbox_regression=0.0444, bbox_ctrness=0.5909
epoch 29/50 iter 400/1860 loss=0.6705 mean_loss=0.6567 classification=0.0195, bbox_regression=0.0584, bbox_ctrness=0.5926
epoch 29/50 iter 420/1860 loss=0.6434 mean_loss=0.6568 classification=0.0088, bbox_regression=0.0468, bbox_ctrness=0.5877
epoch 29/50 iter 440/1860 loss=0.6507 mean_loss=0.6568 classification=0.0006, bbox_regression=0.0442, bbox_ctrness=0.6059
epoch 29/50 iter 460/1860 loss=0.6572 mean_loss=0.6570 classification=0.0091, bbox_regression=0.0526, bbox_ctrness=0.5955
epoch 29/50 iter 480/1860 loss=0.6553 mean_loss=0.6569 classification=0.0034, bbox_regression=0.0459, bbox_ctrness=0.6061
epoch 29/50 iter 500/1860 loss=0.6458 mean_loss=0.6572 classification=0.0025, bbox_regression=0.0484, bbox_ctrness=0.5949
epoch 29/50 iter 520/1860 loss=0.6362 mean_loss=0.6571 classification=0.0072, bbox_regression=0.0372, bbox_ctrness=0.5918
epoch 29/50 iter 540/1860 loss=0.6837 mean_loss=0.6570 classification=0.0355, bbox_regression=0.0569, bbox_ctrness=0.5914
epoch 29/50 iter 560/1860 loss=0.6844 mean_loss=0.6576 classification=0.0253, bbox_regression=0.0491, bbox_ctrness=0.6099
epoch 29/50 iter 580/1860 loss=0.6825 mean_loss=0.6590 classification=0.0246, bbox_regression=0.0622, bbox_ctrness=0.5957
epoch 29/50 iter 600/1860 loss=0.6692 mean_loss=0.6595 classification=0.0104, bbox_regression=0.0557, bbox_ctrness=0.6031
epoch 29/50 iter 620/1860 loss=0.6198 mean_loss=0.6597 classification=0.0068, bbox_regression=0.0518, bbox_ctrness=0.5612
epoch 29/50 iter 640/1860 loss=0.6539 mean_loss=0.6600 classification=0.0116, bbox_regression=0.0483, bbox_ctrness=0.5940
epoch 29/50 iter 660/1860 loss=0.6865 mean_loss=0.6599 classification=0.0097, bbox_regression=0.0686, bbox_ctrness=0.6082
epoch 29/50 iter 680/1860 loss=0.6416 mean_loss=0.6600 classification=0.0047, bbox_regression=0.0450, bbox_ctrness=0.5919
epoch 29/50 iter 700/1860 loss=0.6537 mean_loss=0.6600 classification=0.0081, bbox_regression=0.0500, bbox_ctrness=0.5956
epoch 29/50 iter 720/1860 loss=0.6587 mean_loss=0.6601 classification=0.0104, bbox_regression=0.0508, bbox_ctrness=0.5975
epoch 29/50 iter 740/1860 loss=0.6632 mean_loss=0.6604 classification=0.0027, bbox_regression=0.0545, bbox_ctrness=0.6060
epoch 29/50 iter 760/1860 loss=0.6608 mean_loss=0.6604 classification=0.0063, bbox_regression=0.0565, bbox_ctrness=0.5981
epoch 29/50 iter 780/1860 loss=0.6613 mean_loss=0.6606 classification=0.0090, bbox_regression=0.0529, bbox_ctrness=0.5994
epoch 29/50 iter 800/1860 loss=0.6522 mean_loss=0.6605 classification=0.0125, bbox_regression=0.0490, bbox_ctrness=0.5907
epoch 29/50 iter 820/1860 loss=0.6680 mean_loss=0.6604 classification=0.0184, bbox_regression=0.0649, bbox_ctrness=0.5846
epoch 29/50 iter 840/1860 loss=0.6424 mean_loss=0.6603 classification=0.0018, bbox_regression=0.0529, bbox_ctrness=0.5877
epoch 29/50 iter 860/1860 loss=0.6502 mean_loss=0.6601 classification=0.0008, bbox_regression=0.0428, bbox_ctrness=0.6066
epoch 29/50 iter 880/1860 loss=0.6744 mean_loss=0.6603 classification=0.0339, bbox_regression=0.0640, bbox_ctrness=0.5765
epoch 29/50 iter 900/1860 loss=0.6500 mean_loss=0.6604 classification=0.0073, bbox_regression=0.0468, bbox_ctrness=0.5960
epoch 29/50 iter 920/1860 loss=0.8473 mean_loss=0.6605 classification=0.1957, bbox_regression=0.0499, bbox_ctrness=0.6017
epoch 29/50 iter 940/1860 loss=0.7114 mean_loss=0.6609 classification=0.0433, bbox_regression=0.0666, bbox_ctrness=0.6015
epoch 29/50 iter 960/1860 loss=0.6746 mean_loss=0.6609 classification=0.0315, bbox_regression=0.0419, bbox_ctrness=0.6011
epoch 29/50 iter 980/1860 loss=0.6372 mean_loss=0.6608 classification=0.0107, bbox_regression=0.0420, bbox_ctrness=0.5845
epoch 29/50 iter 1000/1860 loss=0.6513 mean_loss=0.6607 classification=0.0049, bbox_regression=0.0512, bbox_ctrness=0.5952
epoch 29/50 iter 1020/1860 loss=0.6842 mean_loss=0.6608 classification=0.0218, bbox_regression=0.0622, bbox_ctrness=0.6002
epoch 29/50 iter 1040/1860 loss=0.6538 mean_loss=0.6610 classification=0.0015, bbox_regression=0.0532, bbox_ctrness=0.5991
epoch 29/50 iter 1060/1860 loss=0.6914 mean_loss=0.6612 classification=0.0335, bbox_regression=0.0477, bbox_ctrness=0.6102
epoch 29/50 iter 1080/1860 loss=0.6598 mean_loss=0.6613 classification=0.0058, bbox_regression=0.0473, bbox_ctrness=0.6067
epoch 29/50 iter 1100/1860 loss=0.6481 mean_loss=0.6613 classification=0.0073, bbox_regression=0.0395, bbox_ctrness=0.6013
epoch 29/50 iter 1120/1860 loss=0.6467 mean_loss=0.6613 classification=0.0051, bbox_regression=0.0515, bbox_ctrness=0.5901
epoch 29/50 iter 1140/1860 loss=0.6525 mean_loss=0.6614 classification=0.0097, bbox_regression=0.0578, bbox_ctrness=0.5850
epoch 29/50 iter 1160/1860 loss=0.6729 mean_loss=0.6614 classification=0.0216, bbox_regression=0.0538, bbox_ctrness=0.5975
epoch 29/50 iter 1180/1860 loss=0.6565 mean_loss=0.6614 classification=0.0005, bbox_regression=0.0443, bbox_ctrness=0.6117
epoch 29/50 iter 1200/1860 loss=0.6566 mean_loss=0.6614 classification=0.0084, bbox_regression=0.0483, bbox_ctrness=0.5999
epoch 29/50 iter 1220/1860 loss=0.7008 mean_loss=0.6614 classification=0.0124, bbox_regression=0.0777, bbox_ctrness=0.6106
epoch 29/50 iter 1240/1860 loss=0.6658 mean_loss=0.6612 classification=0.0044, bbox_regression=0.0426, bbox_ctrness=0.6188
epoch 29/50 iter 1260/1860 loss=0.6609 mean_loss=0.6611 classification=0.0139, bbox_regression=0.0491, bbox_ctrness=0.5978
epoch 29/50 iter 1280/1860 loss=0.6450 mean_loss=0.6610 classification=0.0065, bbox_regression=0.0514, bbox_ctrness=0.5871
epoch 29/50 iter 1300/1860 loss=0.6415 mean_loss=0.6608 classification=0.0045, bbox_regression=0.0421, bbox_ctrness=0.5950
epoch 29/50 iter 1320/1860 loss=0.6475 mean_loss=0.6610 classification=0.0145, bbox_regression=0.0447, bbox_ctrness=0.5883
epoch 29/50 iter 1340/1860 loss=0.6530 mean_loss=0.6611 classification=0.0082, bbox_regression=0.0552, bbox_ctrness=0.5896
epoch 29/50 iter 1360/1860 loss=0.6400 mean_loss=0.6611 classification=0.0007, bbox_regression=0.0420, bbox_ctrness=0.5974
epoch 29/50 iter 1380/1860 loss=0.6475 mean_loss=0.6611 classification=0.0067, bbox_regression=0.0515, bbox_ctrness=0.5892
epoch 29/50 iter 1400/1860 loss=0.6610 mean_loss=0.6611 classification=0.0026, bbox_regression=0.0585, bbox_ctrness=0.5999
epoch 29/50 iter 1420/1860 loss=0.6479 mean_loss=0.6610 classification=0.0076, bbox_regression=0.0558, bbox_ctrness=0.5846
epoch 29/50 iter 1440/1860 loss=0.6429 mean_loss=0.6610 classification=0.0005, bbox_regression=0.0360, bbox_ctrness=0.6064
epoch 29/50 iter 1460/1860 loss=0.6716 mean_loss=0.6610 classification=0.0044, bbox_regression=0.0491, bbox_ctrness=0.6181
epoch 29/50 iter 1480/1860 loss=0.6481 mean_loss=0.6609 classification=0.0016, bbox_regression=0.0434, bbox_ctrness=0.6031
epoch 29/50 iter 1500/1860 loss=0.6671 mean_loss=0.6610 classification=0.0178, bbox_regression=0.0617, bbox_ctrness=0.5876
epoch 29/50 iter 1520/1860 loss=0.6554 mean_loss=0.6609 classification=0.0061, bbox_regression=0.0685, bbox_ctrness=0.5808
epoch 29/50 iter 1540/1860 loss=0.6461 mean_loss=0.6609 classification=0.0049, bbox_regression=0.0431, bbox_ctrness=0.5980
epoch 29/50 iter 1560/1860 loss=0.6794 mean_loss=0.6609 classification=0.0317, bbox_regression=0.0551, bbox_ctrness=0.5926
epoch 29/50 iter 1580/1860 loss=0.6491 mean_loss=0.6609 classification=0.0032, bbox_regression=0.0572, bbox_ctrness=0.5886
epoch 29/50 iter 1600/1860 loss=0.6656 mean_loss=0.6609 classification=0.0012, bbox_regression=0.0432, bbox_ctrness=0.6212
epoch 29/50 iter 1620/1860 loss=0.6415 mean_loss=0.6608 classification=0.0048, bbox_regression=0.0431, bbox_ctrness=0.5935
epoch 29/50 iter 1640/1860 loss=0.6585 mean_loss=0.6608 classification=0.0004, bbox_regression=0.0437, bbox_ctrness=0.6143
epoch 29/50 iter 1660/1860 loss=0.6635 mean_loss=0.6607 classification=0.0050, bbox_regression=0.0529, bbox_ctrness=0.6056
epoch 29/50 iter 1680/1860 loss=0.6417 mean_loss=0.6607 classification=0.0027, bbox_regression=0.0450, bbox_ctrness=0.5941
epoch 29/50 iter 1700/1860 loss=0.6605 mean_loss=0.6606 classification=0.0009, bbox_regression=0.0588, bbox_ctrness=0.6007
epoch 29/50 iter 1720/1860 loss=0.6633 mean_loss=0.6606 classification=0.0061, bbox_regression=0.0588, bbox_ctrness=0.5984
epoch 29/50 iter 1740/1860 loss=0.6534 mean_loss=0.6607 classification=0.0028, bbox_regression=0.0439, bbox_ctrness=0.6067
epoch 29/50 iter 1760/1860 loss=0.6638 mean_loss=0.6607 classification=0.0014, bbox_regression=0.0619, bbox_ctrness=0.6005
epoch 29/50 iter 1780/1860 loss=0.6552 mean_loss=0.6608 classification=0.0081, bbox_regression=0.0548, bbox_ctrness=0.5923
epoch 29/50 iter 1800/1860 loss=0.7015 mean_loss=0.6609 classification=0.0335, bbox_regression=0.0713, bbox_ctrness=0.5966
epoch 29/50 iter 1820/1860 loss=0.6414 mean_loss=0.6609 classification=0.0077, bbox_regression=0.0424, bbox_ctrness=0.5913
epoch 29/50 iter 1840/1860 loss=0.6763 mean_loss=0.6609 classification=0.0070, bbox_regression=0.0531, bbox_ctrness=0.6161
epoch 29/50 iter 1860/1860 loss=0.6651 mean_loss=0.6608 classification=0.0011, bbox_regression=0.0408, bbox_ctrness=0.6232
epoch 29 validation Precision=0.7531 Recall=0.9322 AP50=0.9092 AP75=0.8289 eval_fps=20.59 epoch_time_sec=924.5
saved checkpoint: E:\RepViT-main\runs\v48_complete_ablation\training\ra_static_equal_seed2\weights\last.pt
epoch 30/50 iter 1/1860 loss=0.6504 mean_loss=0.6504 classification=0.0010, bbox_regression=0.0578, bbox_ctrness=0.5916
epoch 30/50 iter 20/1860 loss=0.6475 mean_loss=0.6636 classification=0.0025, bbox_regression=0.0597, bbox_ctrness=0.5852
epoch 30/50 iter 40/1860 loss=0.6523 mean_loss=0.6598 classification=0.0068, bbox_regression=0.0389, bbox_ctrness=0.6065
epoch 30/50 iter 60/1860 loss=0.6721 mean_loss=0.6578 classification=0.0076, bbox_regression=0.0549, bbox_ctrness=0.6096
epoch 30/50 iter 80/1860 loss=0.6297 mean_loss=0.6553 classification=0.0026, bbox_regression=0.0375, bbox_ctrness=0.5896
epoch 30/50 iter 100/1860 loss=0.6358 mean_loss=0.6544 classification=0.0026, bbox_regression=0.0486, bbox_ctrness=0.5845
epoch 30/50 iter 120/1860 loss=0.6412 mean_loss=0.6535 classification=0.0060, bbox_regression=0.0384, bbox_ctrness=0.5968
epoch 30/50 iter 140/1860 loss=0.6522 mean_loss=0.6529 classification=0.0031, bbox_regression=0.0440, bbox_ctrness=0.6050
epoch 30/50 iter 160/1860 loss=0.6571 mean_loss=0.6534 classification=0.0063, bbox_regression=0.0520, bbox_ctrness=0.5988
epoch 30/50 iter 180/1860 loss=0.6509 mean_loss=0.6531 classification=0.0037, bbox_regression=0.0462, bbox_ctrness=0.6010
epoch 30/50 iter 200/1860 loss=0.6186 mean_loss=0.6531 classification=0.0013, bbox_regression=0.0409, bbox_ctrness=0.5764
epoch 30/50 iter 220/1860 loss=0.6398 mean_loss=0.6529 classification=0.0027, bbox_regression=0.0454, bbox_ctrness=0.5917
epoch 30/50 iter 240/1860 loss=0.6318 mean_loss=0.6532 classification=0.0027, bbox_regression=0.0457, bbox_ctrness=0.5834
epoch 30/50 iter 260/1860 loss=0.6416 mean_loss=0.6530 classification=0.0053, bbox_regression=0.0405, bbox_ctrness=0.5957
epoch 30/50 iter 280/1860 loss=0.6486 mean_loss=0.6535 classification=0.0021, bbox_regression=0.0531, bbox_ctrness=0.5934
epoch 30/50 iter 300/1860 loss=0.6852 mean_loss=0.6537 classification=0.0375, bbox_regression=0.0550, bbox_ctrness=0.5928
epoch 30/50 iter 320/1860 loss=0.6717 mean_loss=0.6534 classification=0.0167, bbox_regression=0.0572, bbox_ctrness=0.5978
epoch 30/50 iter 340/1860 loss=0.6419 mean_loss=0.6536 classification=0.0132, bbox_regression=0.0401, bbox_ctrness=0.5886
epoch 30/50 iter 360/1860 loss=0.6705 mean_loss=0.6537 classification=0.0054, bbox_regression=0.0622, bbox_ctrness=0.6029
epoch 30/50 iter 380/1860 loss=0.6260 mean_loss=0.6538 classification=0.0044, bbox_regression=0.0447, bbox_ctrness=0.5770
epoch 30/50 iter 400/1860 loss=0.6857 mean_loss=0.6545 classification=0.0143, bbox_regression=0.0638, bbox_ctrness=0.6076
epoch 30/50 iter 420/1860 loss=0.6506 mean_loss=0.6548 classification=0.0102, bbox_regression=0.0522, bbox_ctrness=0.5882
epoch 30/50 iter 440/1860 loss=0.6536 mean_loss=0.6548 classification=0.0038, bbox_regression=0.0511, bbox_ctrness=0.5986
epoch 30/50 iter 460/1860 loss=0.6503 mean_loss=0.6548 classification=0.0031, bbox_regression=0.0466, bbox_ctrness=0.6006
epoch 30/50 iter 480/1860 loss=0.6972 mean_loss=0.6553 classification=0.0266, bbox_regression=0.0665, bbox_ctrness=0.6042
epoch 30/50 iter 500/1860 loss=0.6499 mean_loss=0.6554 classification=0.0014, bbox_regression=0.0617, bbox_ctrness=0.5869
epoch 30/50 iter 520/1860 loss=0.6484 mean_loss=0.6555 classification=0.0056, bbox_regression=0.0580, bbox_ctrness=0.5849
epoch 30/50 iter 540/1860 loss=0.6597 mean_loss=0.6557 classification=0.0086, bbox_regression=0.0566, bbox_ctrness=0.5945
epoch 30/50 iter 560/1860 loss=0.6285 mean_loss=0.6558 classification=0.0023, bbox_regression=0.0442, bbox_ctrness=0.5820
epoch 30/50 iter 580/1860 loss=0.6510 mean_loss=0.6556 classification=0.0003, bbox_regression=0.0400, bbox_ctrness=0.6106
epoch 30/50 iter 600/1860 loss=0.6635 mean_loss=0.6556 classification=0.0158, bbox_regression=0.0450, bbox_ctrness=0.6027
epoch 30/50 iter 620/1860 loss=0.6572 mean_loss=0.6557 classification=0.0132, bbox_regression=0.0503, bbox_ctrness=0.5937
epoch 30/50 iter 640/1860 loss=0.6458 mean_loss=0.6557 classification=0.0033, bbox_regression=0.0490, bbox_ctrness=0.5934
epoch 30/50 iter 660/1860 loss=0.6488 mean_loss=0.6557 classification=0.0036, bbox_regression=0.0551, bbox_ctrness=0.5901
epoch 30/50 iter 680/1860 loss=0.6599 mean_loss=0.6557 classification=0.0103, bbox_regression=0.0580, bbox_ctrness=0.5916
epoch 30/50 iter 700/1860 loss=0.6272 mean_loss=0.6557 classification=0.0089, bbox_regression=0.0335, bbox_ctrness=0.5848
epoch 30/50 iter 720/1860 loss=0.6435 mean_loss=0.6557 classification=0.0016, bbox_regression=0.0428, bbox_ctrness=0.5991
epoch 30/50 iter 740/1860 loss=0.6623 mean_loss=0.6558 classification=0.0102, bbox_regression=0.0571, bbox_ctrness=0.5949
epoch 30/50 iter 760/1860 loss=0.6640 mean_loss=0.6560 classification=0.0042, bbox_regression=0.0491, bbox_ctrness=0.6107
epoch 30/50 iter 780/1860 loss=0.6493 mean_loss=0.6561 classification=0.0008, bbox_regression=0.0543, bbox_ctrness=0.5942
epoch 30/50 iter 800/1860 loss=0.6316 mean_loss=0.6560 classification=0.0089, bbox_regression=0.0406, bbox_ctrness=0.5821
epoch 30/50 iter 820/1860 loss=0.6884 mean_loss=0.6562 classification=0.0196, bbox_regression=0.0803, bbox_ctrness=0.5885
epoch 30/50 iter 840/1860 loss=0.6223 mean_loss=0.6562 classification=0.0031, bbox_regression=0.0452, bbox_ctrness=0.5740
epoch 30/50 iter 860/1860 loss=0.6449 mean_loss=0.6563 classification=0.0017, bbox_regression=0.0385, bbox_ctrness=0.6048
epoch 30/50 iter 880/1860 loss=0.6746 mean_loss=0.6564 classification=0.0006, bbox_regression=0.0618, bbox_ctrness=0.6122
epoch 30/50 iter 900/1860 loss=0.6440 mean_loss=0.6564 classification=0.0008, bbox_regression=0.0528, bbox_ctrness=0.5905
epoch 30/50 iter 920/1860 loss=0.6678 mean_loss=0.6563 classification=0.0104, bbox_regression=0.0505, bbox_ctrness=0.6070
epoch 30/50 iter 940/1860 loss=0.6446 mean_loss=0.6561 classification=0.0125, bbox_regression=0.0414, bbox_ctrness=0.5907
epoch 30/50 iter 960/1860 loss=0.6480 mean_loss=0.6561 classification=0.0018, bbox_regression=0.0499, bbox_ctrness=0.5964
epoch 30/50 iter 980/1860 loss=0.6491 mean_loss=0.6562 classification=0.0060, bbox_regression=0.0453, bbox_ctrness=0.5978
epoch 30/50 iter 1000/1860 loss=0.6523 mean_loss=0.6561 classification=0.0028, bbox_regression=0.0487, bbox_ctrness=0.6008
epoch 30/50 iter 1020/1860 loss=0.6681 mean_loss=0.6561 classification=0.0083, bbox_regression=0.0734, bbox_ctrness=0.5864
epoch 30/50 iter 1040/1860 loss=0.6684 mean_loss=0.6560 classification=0.0132, bbox_regression=0.0487, bbox_ctrness=0.6065
epoch 30/50 iter 1060/1860 loss=0.6890 mean_loss=0.6560 classification=0.0022, bbox_regression=0.0872, bbox_ctrness=0.5996
epoch 30/50 iter 1080/1860 loss=0.6618 mean_loss=0.6560 classification=0.0100, bbox_regression=0.0512, bbox_ctrness=0.6006
epoch 30/50 iter 1100/1860 loss=0.6387 mean_loss=0.6560 classification=0.0012, bbox_regression=0.0518, bbox_ctrness=0.5858
epoch 30/50 iter 1120/1860 loss=0.6555 mean_loss=0.6559 classification=0.0037, bbox_regression=0.0530, bbox_ctrness=0.5988
epoch 30/50 iter 1140/1860 loss=0.6661 mean_loss=0.6560 classification=0.0268, bbox_regression=0.0461, bbox_ctrness=0.5932
epoch 30/50 iter 1160/1860 loss=0.6580 mean_loss=0.6560 classification=0.0022, bbox_regression=0.0517, bbox_ctrness=0.6041
epoch 30/50 iter 1180/1860 loss=0.6326 mean_loss=0.6560 classification=0.0008, bbox_regression=0.0439, bbox_ctrness=0.5879
epoch 30/50 iter 1200/1860 loss=0.6410 mean_loss=0.6562 classification=0.0048, bbox_regression=0.0462, bbox_ctrness=0.5900
epoch 30/50 iter 1220/1860 loss=0.6482 mean_loss=0.6562 classification=0.0052, bbox_regression=0.0536, bbox_ctrness=0.5895
epoch 30/50 iter 1240/1860 loss=0.6655 mean_loss=0.6562 classification=0.0127, bbox_regression=0.0437, bbox_ctrness=0.6091
epoch 30/50 iter 1260/1860 loss=0.6612 mean_loss=0.6563 classification=0.0192, bbox_regression=0.0440, bbox_ctrness=0.5980
epoch 30/50 iter 1280/1860 loss=0.6458 mean_loss=0.6562 classification=0.0025, bbox_regression=0.0509, bbox_ctrness=0.5924
epoch 30/50 iter 1300/1860 loss=0.7146 mean_loss=0.6565 classification=0.0583, bbox_regression=0.0547, bbox_ctrness=0.6016
epoch 30/50 iter 1320/1860 loss=0.6557 mean_loss=0.6567 classification=0.0100, bbox_regression=0.0536, bbox_ctrness=0.5921
epoch 30/50 iter 1340/1860 loss=0.6533 mean_loss=0.6568 classification=0.0067, bbox_regression=0.0531, bbox_ctrness=0.5935
epoch 30/50 iter 1360/1860 loss=0.6819 mean_loss=0.6570 classification=0.0247, bbox_regression=0.0558, bbox_ctrness=0.6014
epoch 30/50 iter 1380/1860 loss=0.6574 mean_loss=0.6570 classification=0.0030, bbox_regression=0.0560, bbox_ctrness=0.5985
epoch 30/50 iter 1400/1860 loss=0.6645 mean_loss=0.6570 classification=0.0084, bbox_regression=0.0455, bbox_ctrness=0.6105
epoch 30/50 iter 1420/1860 loss=0.6593 mean_loss=0.6570 classification=0.0091, bbox_regression=0.0568, bbox_ctrness=0.5934
epoch 30/50 iter 1440/1860 loss=0.6540 mean_loss=0.6570 classification=0.0100, bbox_regression=0.0496, bbox_ctrness=0.5944
epoch 30/50 iter 1460/1860 loss=0.6650 mean_loss=0.6570 classification=0.0097, bbox_regression=0.0566, bbox_ctrness=0.5987
epoch 30/50 iter 1480/1860 loss=0.6677 mean_loss=0.6571 classification=0.0103, bbox_regression=0.0592, bbox_ctrness=0.5983
epoch 30/50 iter 1500/1860 loss=0.6593 mean_loss=0.6571 classification=0.0038, bbox_regression=0.0424, bbox_ctrness=0.6131
epoch 30/50 iter 1520/1860 loss=0.6460 mean_loss=0.6571 classification=0.0008, bbox_regression=0.0403, bbox_ctrness=0.6050
epoch 30/50 iter 1540/1860 loss=0.6696 mean_loss=0.6572 classification=0.0229, bbox_regression=0.0596, bbox_ctrness=0.5871
epoch 30/50 iter 1560/1860 loss=0.6730 mean_loss=0.6572 classification=0.0198, bbox_regression=0.0585, bbox_ctrness=0.5947
epoch 30/50 iter 1580/1860 loss=0.6481 mean_loss=0.6572 classification=0.0097, bbox_regression=0.0454, bbox_ctrness=0.5930
epoch 30/50 iter 1600/1860 loss=0.6510 mean_loss=0.6573 classification=0.0042, bbox_regression=0.0481, bbox_ctrness=0.5988
epoch 30/50 iter 1620/1860 loss=0.6639 mean_loss=0.6574 classification=0.0072, bbox_regression=0.0480, bbox_ctrness=0.6086
epoch 30/50 iter 1640/1860 loss=0.6614 mean_loss=0.6574 classification=0.0021, bbox_regression=0.0509, bbox_ctrness=0.6084
epoch 30/50 iter 1660/1860 loss=0.6429 mean_loss=0.6574 classification=0.0014, bbox_regression=0.0392, bbox_ctrness=0.6024
epoch 30/50 iter 1680/1860 loss=0.6813 mean_loss=0.6575 classification=0.0048, bbox_regression=0.0865, bbox_ctrness=0.5900
epoch 30/50 iter 1700/1860 loss=0.6614 mean_loss=0.6574 classification=0.0059, bbox_regression=0.0547, bbox_ctrness=0.6008
epoch 30/50 iter 1720/1860 loss=0.6414 mean_loss=0.6574 classification=0.0065, bbox_regression=0.0507, bbox_ctrness=0.5841
epoch 30/50 iter 1740/1860 loss=0.6548 mean_loss=0.6575 classification=0.0162, bbox_regression=0.0570, bbox_ctrness=0.5816
epoch 30/50 iter 1760/1860 loss=0.6388 mean_loss=0.6575 classification=0.0003, bbox_regression=0.0424, bbox_ctrness=0.5961
epoch 30/50 iter 1780/1860 loss=0.6555 mean_loss=0.6575 classification=0.0172, bbox_regression=0.0532, bbox_ctrness=0.5851
epoch 30/50 iter 1800/1860 loss=0.6777 mean_loss=0.6576 classification=0.0204, bbox_regression=0.0581, bbox_ctrness=0.5991
epoch 30/50 iter 1820/1860 loss=0.6686 mean_loss=0.6576 classification=0.0149, bbox_regression=0.0551, bbox_ctrness=0.5985
epoch 30/50 iter 1840/1860 loss=0.6359 mean_loss=0.6576 classification=0.0003, bbox_regression=0.0325, bbox_ctrness=0.6032
epoch 30/50 iter 1860/1860 loss=0.6620 mean_loss=0.6576 classification=0.0058, bbox_regression=0.0447, bbox_ctrness=0.6115
epoch 30 validation Precision=0.7775 Recall=0.9276 AP50=0.9062 AP75=0.8256 eval_fps=20.59 epoch_time_sec=924.1
saved checkpoint: E:\RepViT-main\runs\v48_complete_ablation\training\ra_static_equal_seed2\weights\last.pt
epoch 31/50 iter 1/1860 loss=0.6691 mean_loss=0.6691 classification=0.0098, bbox_regression=0.0628, bbox_ctrness=0.5965
epoch 31/50 iter 20/1860 loss=0.6660 mean_loss=0.6545 classification=0.0064, bbox_regression=0.0579, bbox_ctrness=0.6017
epoch 31/50 iter 40/1860 loss=0.6641 mean_loss=0.6592 classification=0.0114, bbox_regression=0.0573, bbox_ctrness=0.5954
epoch 31/50 iter 60/1860 loss=0.6446 mean_loss=0.6598 classification=0.0054, bbox_regression=0.0301, bbox_ctrness=0.6092
epoch 31/50 iter 80/1860 loss=0.6671 mean_loss=0.6588 classification=0.0162, bbox_regression=0.0637, bbox_ctrness=0.5872
epoch 31/50 iter 100/1860 loss=0.6590 mean_loss=0.6588 classification=0.0024, bbox_regression=0.0538, bbox_ctrness=0.6027
epoch 31/50 iter 120/1860 loss=0.6476 mean_loss=0.6583 classification=0.0014, bbox_regression=0.0491, bbox_ctrness=0.5972
epoch 31/50 iter 140/1860 loss=0.6369 mean_loss=0.6584 classification=0.0005, bbox_regression=0.0463, bbox_ctrness=0.5900
epoch 31/50 iter 160/1860 loss=0.6599 mean_loss=0.6583 classification=0.0033, bbox_regression=0.0563, bbox_ctrness=0.6003
epoch 31/50 iter 180/1860 loss=0.6728 mean_loss=0.6579 classification=0.0018, bbox_regression=0.0561, bbox_ctrness=0.6149
epoch 31/50 iter 200/1860 loss=0.6492 mean_loss=0.6585 classification=0.0039, bbox_regression=0.0418, bbox_ctrness=0.6035
epoch 31/50 iter 220/1860 loss=0.6688 mean_loss=0.6593 classification=0.0029, bbox_regression=0.0526, bbox_ctrness=0.6133
epoch 31/50 iter 240/1860 loss=0.6668 mean_loss=0.6593 classification=0.0014, bbox_regression=0.0710, bbox_ctrness=0.5944
epoch 31/50 iter 260/1860 loss=0.6619 mean_loss=0.6600 classification=0.0022, bbox_regression=0.0500, bbox_ctrness=0.6098
epoch 31/50 iter 280/1860 loss=0.6862 mean_loss=0.6593 classification=0.0142, bbox_regression=0.0533, bbox_ctrness=0.6187
epoch 31/50 iter 300/1860 loss=0.6088 mean_loss=0.6591 classification=0.0009, bbox_regression=0.0404, bbox_ctrness=0.5675
epoch 31/50 iter 320/1860 loss=0.6637 mean_loss=0.6588 classification=0.0024, bbox_regression=0.0437, bbox_ctrness=0.6175
epoch 31/50 iter 340/1860 loss=0.6452 mean_loss=0.6591 classification=0.0005, bbox_regression=0.0441, bbox_ctrness=0.6006
epoch 31/50 iter 360/1860 loss=0.6420 mean_loss=0.6588 classification=0.0010, bbox_regression=0.0535, bbox_ctrness=0.5875
epoch 31/50 iter 380/1860 loss=0.6637 mean_loss=0.6587 classification=0.0087, bbox_regression=0.0638, bbox_ctrness=0.5912
epoch 31/50 iter 400/1860 loss=0.6579 mean_loss=0.6585 classification=0.0113, bbox_regression=0.0484, bbox_ctrness=0.5982
epoch 31/50 iter 420/1860 loss=0.6510 mean_loss=0.6586 classification=0.0016, bbox_regression=0.0462, bbox_ctrness=0.6031
epoch 31/50 iter 440/1860 loss=0.6663 mean_loss=0.6586 classification=0.0123, bbox_regression=0.0529, bbox_ctrness=0.6012
epoch 31/50 iter 460/1860 loss=0.6613 mean_loss=0.6585 classification=0.0041, bbox_regression=0.0416, bbox_ctrness=0.6156
epoch 31/50 iter 480/1860 loss=0.6480 mean_loss=0.6581 classification=0.0037, bbox_regression=0.0540, bbox_ctrness=0.5903
epoch 31/50 iter 500/1860 loss=0.6571 mean_loss=0.6587 classification=0.0060, bbox_regression=0.0447, bbox_ctrness=0.6065
epoch 31/50 iter 520/1860 loss=0.6535 mean_loss=0.6588 classification=0.0055, bbox_regression=0.0441, bbox_ctrness=0.6039
epoch 31/50 iter 540/1860 loss=0.6574 mean_loss=0.6589 classification=0.0175, bbox_regression=0.0465, bbox_ctrness=0.5934
epoch 31/50 iter 560/1860 loss=0.6924 mean_loss=0.6586 classification=0.0231, bbox_regression=0.0544, bbox_ctrness=0.6150
epoch 31/50 iter 580/1860 loss=0.6648 mean_loss=0.6585 classification=0.0147, bbox_regression=0.0590, bbox_ctrness=0.5911
epoch 31/50 iter 600/1860 loss=0.6542 mean_loss=0.6583 classification=0.0042, bbox_regression=0.0561, bbox_ctrness=0.5940
epoch 31/50 iter 620/1860 loss=0.6589 mean_loss=0.6581 classification=0.0058, bbox_regression=0.0550, bbox_ctrness=0.5981
epoch 31/50 iter 640/1860 loss=0.6728 mean_loss=0.6583 classification=0.0194, bbox_regression=0.0508, bbox_ctrness=0.6025
epoch 31/50 iter 660/1860 loss=0.6604 mean_loss=0.6586 classification=0.0105, bbox_regression=0.0549, bbox_ctrness=0.5950
epoch 31/50 iter 680/1860 loss=0.6349 mean_loss=0.6586 classification=0.0071, bbox_regression=0.0407, bbox_ctrness=0.5871
epoch 31/50 iter 700/1860 loss=0.6471 mean_loss=0.6588 classification=0.0111, bbox_regression=0.0450, bbox_ctrness=0.5910
epoch 31/50 iter 720/1860 loss=0.6397 mean_loss=0.6587 classification=0.0018, bbox_regression=0.0505, bbox_ctrness=0.5874
epoch 31/50 iter 740/1860 loss=0.6487 mean_loss=0.6584 classification=0.0002, bbox_regression=0.0413, bbox_ctrness=0.6072
epoch 31/50 iter 760/1860 loss=0.6495 mean_loss=0.6583 classification=0.0074, bbox_regression=0.0403, bbox_ctrness=0.6018
epoch 31/50 iter 780/1860 loss=0.6759 mean_loss=0.6584 classification=0.0095, bbox_regression=0.0527, bbox_ctrness=0.6137
epoch 31/50 iter 800/1860 loss=0.6451 mean_loss=0.6583 classification=0.0021, bbox_regression=0.0389, bbox_ctrness=0.6042
epoch 31/50 iter 820/1860 loss=0.6414 mean_loss=0.6581 classification=0.0013, bbox_regression=0.0333, bbox_ctrness=0.6068
epoch 31/50 iter 840/1860 loss=0.6353 mean_loss=0.6580 classification=0.0009, bbox_regression=0.0469, bbox_ctrness=0.5875
epoch 31/50 iter 860/1860 loss=0.6542 mean_loss=0.6579 classification=0.0035, bbox_regression=0.0503, bbox_ctrness=0.6004
epoch 31/50 iter 880/1860 loss=0.6661 mean_loss=0.6578 classification=0.0124, bbox_regression=0.0457, bbox_ctrness=0.6080
epoch 31/50 iter 900/1860 loss=0.6646 mean_loss=0.6581 classification=0.0176, bbox_regression=0.0578, bbox_ctrness=0.5892
epoch 31/50 iter 920/1860 loss=0.6445 mean_loss=0.6582 classification=0.0073, bbox_regression=0.0322, bbox_ctrness=0.6049
epoch 31/50 iter 940/1860 loss=0.6582 mean_loss=0.6582 classification=0.0003, bbox_regression=0.0534, bbox_ctrness=0.6044
epoch 31/50 iter 960/1860 loss=0.6577 mean_loss=0.6583 classification=0.0018, bbox_regression=0.0467, bbox_ctrness=0.6093
epoch 31/50 iter 980/1860 loss=0.6538 mean_loss=0.6584 classification=0.0084, bbox_regression=0.0407, bbox_ctrness=0.6047
epoch 31/50 iter 1000/1860 loss=0.6621 mean_loss=0.6584 classification=0.0260, bbox_regression=0.0322, bbox_ctrness=0.6038
epoch 31/50 iter 1020/1860 loss=0.6697 mean_loss=0.6584 classification=0.0033, bbox_regression=0.0461, bbox_ctrness=0.6203
epoch 31/50 iter 1040/1860 loss=0.6564 mean_loss=0.6583 classification=0.0003, bbox_regression=0.0464, bbox_ctrness=0.6097
epoch 31/50 iter 1060/1860 loss=0.6320 mean_loss=0.6583 classification=0.0045, bbox_regression=0.0414, bbox_ctrness=0.5861
epoch 31/50 iter 1080/1860 loss=0.6627 mean_loss=0.6584 classification=0.0116, bbox_regression=0.0581, bbox_ctrness=0.5931
epoch 31/50 iter 1100/1860 loss=0.7011 mean_loss=0.6586 classification=0.0314, bbox_regression=0.0692, bbox_ctrness=0.6005
epoch 31/50 iter 1120/1860 loss=0.6603 mean_loss=0.6585 classification=0.0298, bbox_regression=0.0549, bbox_ctrness=0.5756
epoch 31/50 iter 1140/1860 loss=0.6877 mean_loss=0.6586 classification=0.0191, bbox_regression=0.0644, bbox_ctrness=0.6041
epoch 31/50 iter 1160/1860 loss=0.6405 mean_loss=0.6586 classification=0.0051, bbox_regression=0.0490, bbox_ctrness=0.5863
epoch 31/50 iter 1180/1860 loss=0.6494 mean_loss=0.6587 classification=0.0028, bbox_regression=0.0461, bbox_ctrness=0.6004
epoch 31/50 iter 1200/1860 loss=0.6571 mean_loss=0.6587 classification=0.0048, bbox_regression=0.0513, bbox_ctrness=0.6010
epoch 31/50 iter 1220/1860 loss=0.6437 mean_loss=0.6587 classification=0.0010, bbox_regression=0.0459, bbox_ctrness=0.5967
epoch 31/50 iter 1240/1860 loss=0.6612 mean_loss=0.6587 classification=0.0020, bbox_regression=0.0525, bbox_ctrness=0.6067
epoch 31/50 iter 1260/1860 loss=0.6692 mean_loss=0.6588 classification=0.0190, bbox_regression=0.0419, bbox_ctrness=0.6084
epoch 31/50 iter 1280/1860 loss=0.6716 mean_loss=0.6587 classification=0.0060, bbox_regression=0.0486, bbox_ctrness=0.6171
epoch 31/50 iter 1300/1860 loss=0.6628 mean_loss=0.6588 classification=0.0099, bbox_regression=0.0559, bbox_ctrness=0.5969
epoch 31/50 iter 1320/1860 loss=0.6600 mean_loss=0.6588 classification=0.0120, bbox_regression=0.0532, bbox_ctrness=0.5948
epoch 31/50 iter 1340/1860 loss=0.6658 mean_loss=0.6588 classification=0.0006, bbox_regression=0.0525, bbox_ctrness=0.6127
epoch 31/50 iter 1360/1860 loss=0.6326 mean_loss=0.6588 classification=0.0033, bbox_regression=0.0445, bbox_ctrness=0.5848
epoch 31/50 iter 1380/1860 loss=0.6489 mean_loss=0.6587 classification=0.0055, bbox_regression=0.0412, bbox_ctrness=0.6022
epoch 31/50 iter 1400/1860 loss=0.6691 mean_loss=0.6587 classification=0.0099, bbox_regression=0.0473, bbox_ctrness=0.6118
epoch 31/50 iter 1420/1860 loss=0.6403 mean_loss=0.6588 classification=0.0002, bbox_regression=0.0309, bbox_ctrness=0.6093
epoch 31/50 iter 1440/1860 loss=0.6664 mean_loss=0.6588 classification=0.0013, bbox_regression=0.0657, bbox_ctrness=0.5993
epoch 31/50 iter 1460/1860 loss=0.6533 mean_loss=0.6588 classification=0.0066, bbox_regression=0.0493, bbox_ctrness=0.5974
epoch 31/50 iter 1480/1860 loss=0.6649 mean_loss=0.6588 classification=0.0031, bbox_regression=0.0604, bbox_ctrness=0.6014
epoch 31/50 iter 1500/1860 loss=0.6493 mean_loss=0.6588 classification=0.0038, bbox_regression=0.0476, bbox_ctrness=0.5979
epoch 31/50 iter 1520/1860 loss=0.6547 mean_loss=0.6587 classification=0.0010, bbox_regression=0.0515, bbox_ctrness=0.6023
epoch 31/50 iter 1540/1860 loss=0.6577 mean_loss=0.6588 classification=0.0137, bbox_regression=0.0525, bbox_ctrness=0.5915
epoch 31/50 iter 1560/1860 loss=0.6543 mean_loss=0.6590 classification=0.0026, bbox_regression=0.0396, bbox_ctrness=0.6121
epoch 31/50 iter 1580/1860 loss=0.6581 mean_loss=0.6588 classification=0.0120, bbox_regression=0.0466, bbox_ctrness=0.5996
epoch 31/50 iter 1600/1860 loss=0.6656 mean_loss=0.6588 classification=0.0008, bbox_regression=0.0406, bbox_ctrness=0.6241
epoch 31/50 iter 1620/1860 loss=0.6575 mean_loss=0.6589 classification=0.0050, bbox_regression=0.0552, bbox_ctrness=0.5972
epoch 31/50 iter 1640/1860 loss=0.6682 mean_loss=0.6589 classification=0.0106, bbox_regression=0.0663, bbox_ctrness=0.5914
epoch 31/50 iter 1660/1860 loss=0.6469 mean_loss=0.6591 classification=0.0056, bbox_regression=0.0380, bbox_ctrness=0.6032
epoch 31/50 iter 1680/1860 loss=0.6405 mean_loss=0.6591 classification=0.0046, bbox_regression=0.0385, bbox_ctrness=0.5974
epoch 31/50 iter 1700/1860 loss=0.6515 mean_loss=0.6590 classification=0.0236, bbox_regression=0.0383, bbox_ctrness=0.5897
epoch 31/50 iter 1720/1860 loss=0.6546 mean_loss=0.6590 classification=0.0178, bbox_regression=0.0510, bbox_ctrness=0.5858
epoch 31/50 iter 1740/1860 loss=0.6603 mean_loss=0.6589 classification=0.0032, bbox_regression=0.0556, bbox_ctrness=0.6015
epoch 31/50 iter 1760/1860 loss=0.6524 mean_loss=0.6590 classification=0.0060, bbox_regression=0.0491, bbox_ctrness=0.5973
epoch 31/50 iter 1780/1860 loss=0.6734 mean_loss=0.6590 classification=0.0109, bbox_regression=0.0608, bbox_ctrness=0.6017
epoch 31/50 iter 1800/1860 loss=0.6623 mean_loss=0.6590 classification=0.0019, bbox_regression=0.0606, bbox_ctrness=0.5998
epoch 31/50 iter 1820/1860 loss=0.6482 mean_loss=0.6590 classification=0.0010, bbox_regression=0.0518, bbox_ctrness=0.5954
epoch 31/50 iter 1840/1860 loss=0.6281 mean_loss=0.6589 classification=0.0055, bbox_regression=0.0474, bbox_ctrness=0.5753
epoch 31/50 iter 1860/1860 loss=0.6395 mean_loss=0.6588 classification=0.0002, bbox_regression=0.0412, bbox_ctrness=0.5981
epoch 31 validation Precision=0.7525 Recall=0.9383 AP50=0.9158 AP75=0.8357 eval_fps=20.35 epoch_time_sec=949.0
saved checkpoint: E:\RepViT-main\runs\v48_complete_ablation\training\ra_static_equal_seed2\weights\last.pt
epoch 32/50 iter 1/1860 loss=0.6578 mean_loss=0.6578 classification=0.0009, bbox_regression=0.0451, bbox_ctrness=0.6118
epoch 32/50 iter 20/1860 loss=0.6711 mean_loss=0.6535 classification=0.0052, bbox_regression=0.0713, bbox_ctrness=0.5945
epoch 32/50 iter 40/1860 loss=0.6554 mean_loss=0.6544 classification=0.0007, bbox_regression=0.0286, bbox_ctrness=0.6261
epoch 32/50 iter 60/1860 loss=0.6560 mean_loss=0.6558 classification=0.0003, bbox_regression=0.0456, bbox_ctrness=0.6100
epoch 32/50 iter 80/1860 loss=0.6757 mean_loss=0.6552 classification=0.0127, bbox_regression=0.0529, bbox_ctrness=0.6102
epoch 32/50 iter 100/1860 loss=0.6406 mean_loss=0.6535 classification=0.0019, bbox_regression=0.0486, bbox_ctrness=0.5901
epoch 32/50 iter 120/1860 loss=0.6677 mean_loss=0.6528 classification=0.0014, bbox_regression=0.0657, bbox_ctrness=0.6006
epoch 32/50 iter 140/1860 loss=0.6474 mean_loss=0.6522 classification=0.0068, bbox_regression=0.0442, bbox_ctrness=0.5963
epoch 32/50 iter 160/1860 loss=0.6521 mean_loss=0.6518 classification=0.0043, bbox_regression=0.0447, bbox_ctrness=0.6031
epoch 32/50 iter 180/1860 loss=0.6571 mean_loss=0.6516 classification=0.0004, bbox_regression=0.0456, bbox_ctrness=0.6111
epoch 32/50 iter 200/1860 loss=0.6284 mean_loss=0.6510 classification=0.0011, bbox_regression=0.0428, bbox_ctrness=0.5845
epoch 32/50 iter 220/1860 loss=0.6566 mean_loss=0.6510 classification=0.0017, bbox_regression=0.0398, bbox_ctrness=0.6152
epoch 32/50 iter 240/1860 loss=0.6542 mean_loss=0.6511 classification=0.0014, bbox_regression=0.0504, bbox_ctrness=0.6024
epoch 32/50 iter 260/1860 loss=0.6403 mean_loss=0.6511 classification=0.0052, bbox_regression=0.0335, bbox_ctrness=0.6016
epoch 32/50 iter 280/1860 loss=0.6318 mean_loss=0.6514 classification=0.0014, bbox_regression=0.0506, bbox_ctrness=0.5798
epoch 32/50 iter 300/1860 loss=0.6616 mean_loss=0.6512 classification=0.0008, bbox_regression=0.0459, bbox_ctrness=0.6149
epoch 32/50 iter 320/1860 loss=0.6267 mean_loss=0.6512 classification=0.0025, bbox_regression=0.0460, bbox_ctrness=0.5782
epoch 32/50 iter 340/1860 loss=0.6299 mean_loss=0.6513 classification=0.0065, bbox_regression=0.0380, bbox_ctrness=0.5854
epoch 32/50 iter 360/1860 loss=0.6595 mean_loss=0.6517 classification=0.0037, bbox_regression=0.0508, bbox_ctrness=0.6050
epoch 32/50 iter 380/1860 loss=0.6613 mean_loss=0.6519 classification=0.0023, bbox_regression=0.0534, bbox_ctrness=0.6056
epoch 32/50 iter 400/1860 loss=0.6556 mean_loss=0.6521 classification=0.0119, bbox_regression=0.0465, bbox_ctrness=0.5972
epoch 32/50 iter 420/1860 loss=0.6564 mean_loss=0.6517 classification=0.0064, bbox_regression=0.0459, bbox_ctrness=0.6041
epoch 32/50 iter 440/1860 loss=0.6576 mean_loss=0.6518 classification=0.0017, bbox_regression=0.0431, bbox_ctrness=0.6127
epoch 32/50 iter 460/1860 loss=0.6565 mean_loss=0.6520 classification=0.0111, bbox_regression=0.0526, bbox_ctrness=0.5928
epoch 32/50 iter 480/1860 loss=0.6543 mean_loss=0.6523 classification=0.0304, bbox_regression=0.0438, bbox_ctrness=0.5801
epoch 32/50 iter 500/1860 loss=0.6502 mean_loss=0.6526 classification=0.0025, bbox_regression=0.0434, bbox_ctrness=0.6043
epoch 32/50 iter 520/1860 loss=0.6563 mean_loss=0.6527 classification=0.0153, bbox_regression=0.0497, bbox_ctrness=0.5912
epoch 32/50 iter 540/1860 loss=0.6306 mean_loss=0.6525 classification=0.0011, bbox_regression=0.0323, bbox_ctrness=0.5972
epoch 32/50 iter 560/1860 loss=0.6194 mean_loss=0.6527 classification=0.0035, bbox_regression=0.0396, bbox_ctrness=0.5762
epoch 32/50 iter 580/1860 loss=0.6616 mean_loss=0.6530 classification=0.0090, bbox_regression=0.0677, bbox_ctrness=0.5848
epoch 32/50 iter 600/1860 loss=0.6494 mean_loss=0.6531 classification=0.0009, bbox_regression=0.0416, bbox_ctrness=0.6069
epoch 32/50 iter 620/1860 loss=0.6418 mean_loss=0.6531 classification=0.0005, bbox_regression=0.0581, bbox_ctrness=0.5831
epoch 32/50 iter 640/1860 loss=0.6503 mean_loss=0.6532 classification=0.0002, bbox_regression=0.0461, bbox_ctrness=0.6040
epoch 32/50 iter 660/1860 loss=0.6260 mean_loss=0.6531 classification=0.0044, bbox_regression=0.0403, bbox_ctrness=0.5813
epoch 32/50 iter 680/1860 loss=0.6476 mean_loss=0.6533 classification=0.0005, bbox_regression=0.0616, bbox_ctrness=0.5854
epoch 32/50 iter 700/1860 loss=0.6293 mean_loss=0.6535 classification=0.0030, bbox_regression=0.0522, bbox_ctrness=0.5741
epoch 32/50 iter 720/1860 loss=0.6494 mean_loss=0.6535 classification=0.0011, bbox_regression=0.0477, bbox_ctrness=0.6006
epoch 32/50 iter 740/1860 loss=0.6398 mean_loss=0.6536 classification=0.0099, bbox_regression=0.0541, bbox_ctrness=0.5759
epoch 32/50 iter 760/1860 loss=0.6395 mean_loss=0.6535 classification=0.0038, bbox_regression=0.0578, bbox_ctrness=0.5779
epoch 32/50 iter 780/1860 loss=0.6447 mean_loss=0.6538 classification=0.0026, bbox_regression=0.0364, bbox_ctrness=0.6056
epoch 32/50 iter 800/1860 loss=0.6677 mean_loss=0.6539 classification=0.0120, bbox_regression=0.0669, bbox_ctrness=0.5889
epoch 32/50 iter 820/1860 loss=0.6552 mean_loss=0.6538 classification=0.0054, bbox_regression=0.0538, bbox_ctrness=0.5959
epoch 32/50 iter 840/1860 loss=0.6253 mean_loss=0.6537 classification=0.0030, bbox_regression=0.0380, bbox_ctrness=0.5844
epoch 32/50 iter 860/1860 loss=0.6563 mean_loss=0.6539 classification=0.0041, bbox_regression=0.0530, bbox_ctrness=0.5992
epoch 32/50 iter 880/1860 loss=0.6527 mean_loss=0.6540 classification=0.0017, bbox_regression=0.0418, bbox_ctrness=0.6093
epoch 32/50 iter 900/1860 loss=0.6400 mean_loss=0.6540 classification=0.0002, bbox_regression=0.0381, bbox_ctrness=0.6017
epoch 32/50 iter 920/1860 loss=0.6789 mean_loss=0.6541 classification=0.0077, bbox_regression=0.0702, bbox_ctrness=0.6010
epoch 32/50 iter 940/1860 loss=0.6517 mean_loss=0.6542 classification=0.0012, bbox_regression=0.0542, bbox_ctrness=0.5962
epoch 32/50 iter 960/1860 loss=0.6580 mean_loss=0.6544 classification=0.0008, bbox_regression=0.0427, bbox_ctrness=0.6145
epoch 32/50 iter 980/1860 loss=0.6349 mean_loss=0.6543 classification=0.0079, bbox_regression=0.0340, bbox_ctrness=0.5930
epoch 32/50 iter 1000/1860 loss=0.6402 mean_loss=0.6543 classification=0.0047, bbox_regression=0.0367, bbox_ctrness=0.5988
epoch 32/50 iter 1020/1860 loss=0.6324 mean_loss=0.6544 classification=0.0019, bbox_regression=0.0477, bbox_ctrness=0.5828
epoch 32/50 iter 1040/1860 loss=0.7003 mean_loss=0.6544 classification=0.0480, bbox_regression=0.0435, bbox_ctrness=0.6088
epoch 32/50 iter 1060/1860 loss=0.6666 mean_loss=0.6546 classification=0.0030, bbox_regression=0.0561, bbox_ctrness=0.6075
epoch 32/50 iter 1080/1860 loss=0.6892 mean_loss=0.6546 classification=0.0069, bbox_regression=0.0579, bbox_ctrness=0.6244
epoch 32/50 iter 1100/1860 loss=0.6414 mean_loss=0.6546 classification=0.0035, bbox_regression=0.0623, bbox_ctrness=0.5755
epoch 32/50 iter 1120/1860 loss=0.6534 mean_loss=0.6545 classification=0.0088, bbox_regression=0.0388, bbox_ctrness=0.6058
epoch 32/50 iter 1140/1860 loss=0.6431 mean_loss=0.6545 classification=0.0081, bbox_regression=0.0425, bbox_ctrness=0.5925
epoch 32/50 iter 1160/1860 loss=0.6675 mean_loss=0.6545 classification=0.0123, bbox_regression=0.0566, bbox_ctrness=0.5986
epoch 32/50 iter 1180/1860 loss=0.6852 mean_loss=0.6546 classification=0.0253, bbox_regression=0.0466, bbox_ctrness=0.6134
epoch 32/50 iter 1200/1860 loss=0.6372 mean_loss=0.6548 classification=0.0034, bbox_regression=0.0446, bbox_ctrness=0.5892
epoch 32/50 iter 1220/1860 loss=0.7287 mean_loss=0.6551 classification=0.0676, bbox_regression=0.0558, bbox_ctrness=0.6053
epoch 32/50 iter 1240/1860 loss=0.6600 mean_loss=0.6552 classification=0.0066, bbox_regression=0.0515, bbox_ctrness=0.6019
epoch 32/50 iter 1260/1860 loss=0.7351 mean_loss=0.6552 classification=0.0512, bbox_regression=0.0804, bbox_ctrness=0.6035
epoch 32/50 iter 1280/1860 loss=0.6629 mean_loss=0.6554 classification=0.0178, bbox_regression=0.0501, bbox_ctrness=0.5949
epoch 32/50 iter 1300/1860 loss=0.6452 mean_loss=0.6554 classification=0.0136, bbox_regression=0.0435, bbox_ctrness=0.5881
epoch 32/50 iter 1320/1860 loss=0.6528 mean_loss=0.6554 classification=0.0184, bbox_regression=0.0457, bbox_ctrness=0.5887
epoch 32/50 iter 1340/1860 loss=0.6407 mean_loss=0.6555 classification=0.0038, bbox_regression=0.0369, bbox_ctrness=0.6000
epoch 32/50 iter 1360/1860 loss=0.6489 mean_loss=0.6556 classification=0.0153, bbox_regression=0.0428, bbox_ctrness=0.5909
epoch 32/50 iter 1380/1860 loss=0.6719 mean_loss=0.6556 classification=0.0088, bbox_regression=0.0621, bbox_ctrness=0.6009
epoch 32/50 iter 1400/1860 loss=0.6646 mean_loss=0.6556 classification=0.0184, bbox_regression=0.0491, bbox_ctrness=0.5971
epoch 32/50 iter 1420/1860 loss=0.6526 mean_loss=0.6557 classification=0.0035, bbox_regression=0.0316, bbox_ctrness=0.6176
epoch 32/50 iter 1440/1860 loss=0.6716 mean_loss=0.6558 classification=0.0045, bbox_regression=0.0589, bbox_ctrness=0.6081
epoch 32/50 iter 1460/1860 loss=0.6493 mean_loss=0.6558 classification=0.0041, bbox_regression=0.0562, bbox_ctrness=0.5890
epoch 32/50 iter 1480/1860 loss=0.6661 mean_loss=0.6558 classification=0.0137, bbox_regression=0.0560, bbox_ctrness=0.5964
epoch 32/50 iter 1500/1860 loss=0.6421 mean_loss=0.6558 classification=0.0089, bbox_regression=0.0399, bbox_ctrness=0.5932
epoch 32/50 iter 1520/1860 loss=0.6539 mean_loss=0.6558 classification=0.0128, bbox_regression=0.0430, bbox_ctrness=0.5980
epoch 32/50 iter 1540/1860 loss=0.6920 mean_loss=0.6559 classification=0.0042, bbox_regression=0.0728, bbox_ctrness=0.6151
epoch 32/50 iter 1560/1860 loss=0.6536 mean_loss=0.6559 classification=0.0101, bbox_regression=0.0563, bbox_ctrness=0.5872
epoch 32/50 iter 1580/1860 loss=0.6467 mean_loss=0.6559 classification=0.0046, bbox_regression=0.0419, bbox_ctrness=0.6001
epoch 32/50 iter 1600/1860 loss=0.6559 mean_loss=0.6558 classification=0.0044, bbox_regression=0.0475, bbox_ctrness=0.6040
epoch 32/50 iter 1620/1860 loss=0.6594 mean_loss=0.6559 classification=0.0060, bbox_regression=0.0508, bbox_ctrness=0.6026
epoch 32/50 iter 1640/1860 loss=0.6562 mean_loss=0.6559 classification=0.0175, bbox_regression=0.0552, bbox_ctrness=0.5835
epoch 32/50 iter 1660/1860 loss=0.6695 mean_loss=0.6559 classification=0.0055, bbox_regression=0.0601, bbox_ctrness=0.6039
epoch 32/50 iter 1680/1860 loss=0.6714 mean_loss=0.6560 classification=0.0010, bbox_regression=0.0536, bbox_ctrness=0.6168
epoch 32/50 iter 1700/1860 loss=0.6615 mean_loss=0.6559 classification=0.0166, bbox_regression=0.0555, bbox_ctrness=0.5895
epoch 32/50 iter 1720/1860 loss=0.6288 mean_loss=0.6560 classification=0.0046, bbox_regression=0.0464, bbox_ctrness=0.5778
epoch 32/50 iter 1740/1860 loss=0.6784 mean_loss=0.6560 classification=0.0190, bbox_regression=0.0650, bbox_ctrness=0.5944
epoch 32/50 iter 1760/1860 loss=0.6866 mean_loss=0.6561 classification=0.0363, bbox_regression=0.0542, bbox_ctrness=0.5960
epoch 32/50 iter 1780/1860 loss=0.6258 mean_loss=0.6561 classification=0.0087, bbox_regression=0.0382, bbox_ctrness=0.5788
epoch 32/50 iter 1800/1860 loss=0.7241 mean_loss=0.6562 classification=0.0663, bbox_regression=0.0737, bbox_ctrness=0.5841
epoch 32/50 iter 1820/1860 loss=0.6499 mean_loss=0.6561 classification=0.0028, bbox_regression=0.0465, bbox_ctrness=0.6006
epoch 32/50 iter 1840/1860 loss=0.6740 mean_loss=0.6561 classification=0.0137, bbox_regression=0.0538, bbox_ctrness=0.6065
epoch 32/50 iter 1860/1860 loss=0.6593 mean_loss=0.6561 classification=0.0047, bbox_regression=0.0599, bbox_ctrness=0.5948
epoch 32 validation Precision=0.7549 Recall=0.9371 AP50=0.9152 AP75=0.8327 eval_fps=20.23 epoch_time_sec=940.2
saved checkpoint: E:\RepViT-main\runs\v48_complete_ablation\training\ra_static_equal_seed2\weights\last.pt
epoch 33/50 iter 1/1860 loss=0.6315 mean_loss=0.6315 classification=0.0059, bbox_regression=0.0472, bbox_ctrness=0.5784
epoch 33/50 iter 20/1860 loss=0.6279 mean_loss=0.6554 classification=0.0017, bbox_regression=0.0350, bbox_ctrness=0.5911
epoch 33/50 iter 40/1860 loss=0.6586 mean_loss=0.6543 classification=0.0150, bbox_regression=0.0474, bbox_ctrness=0.5962
epoch 33/50 iter 60/1860 loss=0.6244 mean_loss=0.6513 classification=0.0034, bbox_regression=0.0448, bbox_ctrness=0.5762
epoch 33/50 iter 80/1860 loss=0.6650 mean_loss=0.6533 classification=0.0077, bbox_regression=0.0642, bbox_ctrness=0.5932
epoch 33/50 iter 100/1860 loss=0.6914 mean_loss=0.6543 classification=0.0013, bbox_regression=0.0864, bbox_ctrness=0.6036
epoch 33/50 iter 120/1860 loss=0.6560 mean_loss=0.6536 classification=0.0048, bbox_regression=0.0488, bbox_ctrness=0.6024
epoch 33/50 iter 140/1860 loss=0.6788 mean_loss=0.6544 classification=0.0396, bbox_regression=0.0459, bbox_ctrness=0.5933
epoch 33/50 iter 160/1860 loss=0.6463 mean_loss=0.6547 classification=0.0094, bbox_regression=0.0493, bbox_ctrness=0.5875
epoch 33/50 iter 180/1860 loss=0.6516 mean_loss=0.6549 classification=0.0069, bbox_regression=0.0379, bbox_ctrness=0.6068
epoch 33/50 iter 200/1860 loss=0.6452 mean_loss=0.6549 classification=0.0077, bbox_regression=0.0527, bbox_ctrness=0.5847
epoch 33/50 iter 220/1860 loss=0.6618 mean_loss=0.6555 classification=0.0064, bbox_regression=0.0525, bbox_ctrness=0.6029
epoch 33/50 iter 240/1860 loss=0.6606 mean_loss=0.6554 classification=0.0011, bbox_regression=0.0481, bbox_ctrness=0.6115
epoch 33/50 iter 260/1860 loss=0.6401 mean_loss=0.6556 classification=0.0015, bbox_regression=0.0486, bbox_ctrness=0.5900
epoch 33/50 iter 280/1860 loss=0.6595 mean_loss=0.6557 classification=0.0071, bbox_regression=0.0535, bbox_ctrness=0.5988
epoch 33/50 iter 300/1860 loss=0.6497 mean_loss=0.6555 classification=0.0032, bbox_regression=0.0466, bbox_ctrness=0.5999
epoch 33/50 iter 320/1860 loss=0.6545 mean_loss=0.6554 classification=0.0070, bbox_regression=0.0410, bbox_ctrness=0.6065
epoch 33/50 iter 340/1860 loss=0.6509 mean_loss=0.6552 classification=0.0068, bbox_regression=0.0519, bbox_ctrness=0.5921
epoch 33/50 iter 360/1860 loss=0.6661 mean_loss=0.6548 classification=0.0198, bbox_regression=0.0469, bbox_ctrness=0.5994
epoch 33/50 iter 380/1860 loss=0.6662 mean_loss=0.6547 classification=0.0013, bbox_regression=0.0734, bbox_ctrness=0.5916
epoch 33/50 iter 400/1860 loss=0.6417 mean_loss=0.6551 classification=0.0011, bbox_regression=0.0476, bbox_ctrness=0.5929
epoch 33/50 iter 420/1860 loss=0.6423 mean_loss=0.6551 classification=0.0116, bbox_regression=0.0355, bbox_ctrness=0.5952
epoch 33/50 iter 440/1860 loss=0.6636 mean_loss=0.6549 classification=0.0033, bbox_regression=0.0504, bbox_ctrness=0.6099
epoch 33/50 iter 460/1860 loss=0.6550 mean_loss=0.6549 classification=0.0001, bbox_regression=0.0537, bbox_ctrness=0.6012
epoch 33/50 iter 480/1860 loss=0.6136 mean_loss=0.6546 classification=0.0012, bbox_regression=0.0354, bbox_ctrness=0.5771
epoch 33/50 iter 500/1860 loss=0.6398 mean_loss=0.6548 classification=0.0083, bbox_regression=0.0392, bbox_ctrness=0.5922
epoch 33/50 iter 520/1860 loss=0.6600 mean_loss=0.6546 classification=0.0016, bbox_regression=0.0408, bbox_ctrness=0.6176
epoch 33/50 iter 540/1860 loss=0.6710 mean_loss=0.6547 classification=0.0095, bbox_regression=0.0593, bbox_ctrness=0.6023
epoch 33/50 iter 560/1860 loss=0.6486 mean_loss=0.6546 classification=0.0005, bbox_regression=0.0396, bbox_ctrness=0.6085
epoch 33/50 iter 580/1860 loss=0.6491 mean_loss=0.6544 classification=0.0051, bbox_regression=0.0495, bbox_ctrness=0.5945
epoch 33/50 iter 600/1860 loss=0.6239 mean_loss=0.6542 classification=0.0012, bbox_regression=0.0386, bbox_ctrness=0.5841
epoch 33/50 iter 620/1860 loss=0.7519 mean_loss=0.6543 classification=0.1076, bbox_regression=0.0547, bbox_ctrness=0.5896
epoch 33/50 iter 640/1860 loss=0.6537 mean_loss=0.6543 classification=0.0011, bbox_regression=0.0503, bbox_ctrness=0.6023
epoch 33/50 iter 660/1860 loss=0.6336 mean_loss=0.6541 classification=0.0034, bbox_regression=0.0402, bbox_ctrness=0.5900
epoch 33/50 iter 680/1860 loss=0.6367 mean_loss=0.6540 classification=0.0021, bbox_regression=0.0429, bbox_ctrness=0.5917
epoch 33/50 iter 700/1860 loss=0.6526 mean_loss=0.6538 classification=0.0033, bbox_regression=0.0474, bbox_ctrness=0.6018
epoch 33/50 iter 720/1860 loss=0.6555 mean_loss=0.6539 classification=0.0063, bbox_regression=0.0427, bbox_ctrness=0.6066
epoch 33/50 iter 740/1860 loss=0.6438 mean_loss=0.6539 classification=0.0016, bbox_regression=0.0468, bbox_ctrness=0.5955
epoch 33/50 iter 760/1860 loss=0.6420 mean_loss=0.6539 classification=0.0002, bbox_regression=0.0457, bbox_ctrness=0.5961
epoch 33/50 iter 780/1860 loss=0.6530 mean_loss=0.6537 classification=0.0016, bbox_regression=0.0358, bbox_ctrness=0.6156
epoch 33/50 iter 800/1860 loss=0.6561 mean_loss=0.6536 classification=0.0033, bbox_regression=0.0496, bbox_ctrness=0.6032
epoch 33/50 iter 820/1860 loss=0.6404 mean_loss=0.6535 classification=0.0002, bbox_regression=0.0355, bbox_ctrness=0.6047
epoch 33/50 iter 840/1860 loss=0.6389 mean_loss=0.6534 classification=0.0187, bbox_regression=0.0405, bbox_ctrness=0.5797
epoch 33/50 iter 860/1860 loss=0.6570 mean_loss=0.6533 classification=0.0012, bbox_regression=0.0344, bbox_ctrness=0.6215
epoch 33/50 iter 880/1860 loss=0.6576 mean_loss=0.6534 classification=0.0006, bbox_regression=0.0575, bbox_ctrness=0.5995
epoch 33/50 iter 900/1860 loss=0.6381 mean_loss=0.6533 classification=0.0058, bbox_regression=0.0416, bbox_ctrness=0.5907
epoch 33/50 iter 920/1860 loss=0.6587 mean_loss=0.6534 classification=0.0013, bbox_regression=0.0405, bbox_ctrness=0.6168
epoch 33/50 iter 940/1860 loss=0.6286 mean_loss=0.6535 classification=0.0063, bbox_regression=0.0369, bbox_ctrness=0.5855
epoch 33/50 iter 960/1860 loss=0.6686 mean_loss=0.6537 classification=0.0006, bbox_regression=0.0510, bbox_ctrness=0.6169
epoch 33/50 iter 980/1860 loss=0.6442 mean_loss=0.6537 classification=0.0027, bbox_regression=0.0421, bbox_ctrness=0.5994
epoch 33/50 iter 1000/1860 loss=0.6466 mean_loss=0.6535 classification=0.0054, bbox_regression=0.0557, bbox_ctrness=0.5855
epoch 33/50 iter 1020/1860 loss=0.6591 mean_loss=0.6535 classification=0.0028, bbox_regression=0.0489, bbox_ctrness=0.6075
epoch 33/50 iter 1040/1860 loss=0.6444 mean_loss=0.6534 classification=0.0002, bbox_regression=0.0416, bbox_ctrness=0.6025
epoch 33/50 iter 1060/1860 loss=0.6589 mean_loss=0.6535 classification=0.0085, bbox_regression=0.0558, bbox_ctrness=0.5946
epoch 33/50 iter 1080/1860 loss=0.6506 mean_loss=0.6534 classification=0.0195, bbox_regression=0.0491, bbox_ctrness=0.5819
epoch 33/50 iter 1100/1860 loss=0.6444 mean_loss=0.6533 classification=0.0026, bbox_regression=0.0406, bbox_ctrness=0.6012
epoch 33/50 iter 1120/1860 loss=0.6504 mean_loss=0.6532 classification=0.0041, bbox_regression=0.0410, bbox_ctrness=0.6052
epoch 33/50 iter 1140/1860 loss=0.6640 mean_loss=0.6532 classification=0.0006, bbox_regression=0.0490, bbox_ctrness=0.6145
epoch 33/50 iter 1160/1860 loss=0.6588 mean_loss=0.6530 classification=0.0085, bbox_regression=0.0605, bbox_ctrness=0.5897
epoch 33/50 iter 1180/1860 loss=0.6500 mean_loss=0.6532 classification=0.0015, bbox_regression=0.0477, bbox_ctrness=0.6007
epoch 33/50 iter 1200/1860 loss=0.6750 mean_loss=0.6531 classification=0.0075, bbox_regression=0.0546, bbox_ctrness=0.6128
epoch 33/50 iter 1220/1860 loss=0.6602 mean_loss=0.6531 classification=0.0262, bbox_regression=0.0533, bbox_ctrness=0.5807
epoch 33/50 iter 1240/1860 loss=0.6509 mean_loss=0.6532 classification=0.0091, bbox_regression=0.0447, bbox_ctrness=0.5970
epoch 33/50 iter 1260/1860 loss=0.6567 mean_loss=0.6534 classification=0.0053, bbox_regression=0.0559, bbox_ctrness=0.5955
epoch 33/50 iter 1280/1860 loss=0.6652 mean_loss=0.6534 classification=0.0057, bbox_regression=0.0600, bbox_ctrness=0.5996
epoch 33/50 iter 1300/1860 loss=0.6420 mean_loss=0.6535 classification=0.0006, bbox_regression=0.0511, bbox_ctrness=0.5903
epoch 33/50 iter 1320/1860 loss=0.6466 mean_loss=0.6535 classification=0.0026, bbox_regression=0.0371, bbox_ctrness=0.6069
epoch 33/50 iter 1340/1860 loss=0.6410 mean_loss=0.6535 classification=0.0023, bbox_regression=0.0362, bbox_ctrness=0.6025
epoch 33/50 iter 1360/1860 loss=0.6738 mean_loss=0.6536 classification=0.0053, bbox_regression=0.0507, bbox_ctrness=0.6178
epoch 33/50 iter 1380/1860 loss=0.6659 mean_loss=0.6536 classification=0.0017, bbox_regression=0.0532, bbox_ctrness=0.6110
epoch 33/50 iter 1400/1860 loss=0.6417 mean_loss=0.6536 classification=0.0025, bbox_regression=0.0417, bbox_ctrness=0.5975
epoch 33/50 iter 1420/1860 loss=0.6552 mean_loss=0.6536 classification=0.0056, bbox_regression=0.0488, bbox_ctrness=0.6008
epoch 33/50 iter 1440/1860 loss=0.6422 mean_loss=0.6536 classification=0.0015, bbox_regression=0.0422, bbox_ctrness=0.5986
epoch 33/50 iter 1460/1860 loss=0.7322 mean_loss=0.6538 classification=0.0535, bbox_regression=0.0673, bbox_ctrness=0.6114
epoch 33/50 iter 1480/1860 loss=0.6454 mean_loss=0.6539 classification=0.0062, bbox_regression=0.0527, bbox_ctrness=0.5865
epoch 33/50 iter 1500/1860 loss=0.7240 mean_loss=0.6541 classification=0.0705, bbox_regression=0.0661, bbox_ctrness=0.5874
epoch 33/50 iter 1520/1860 loss=0.6601 mean_loss=0.6543 classification=0.0053, bbox_regression=0.0560, bbox_ctrness=0.5989
epoch 33/50 iter 1540/1860 loss=0.7702 mean_loss=0.6544 classification=0.0589, bbox_regression=0.1131, bbox_ctrness=0.5982
epoch 33/50 iter 1560/1860 loss=0.6489 mean_loss=0.6543 classification=0.0031, bbox_regression=0.0543, bbox_ctrness=0.5915
epoch 33/50 iter 1580/1860 loss=0.6553 mean_loss=0.6543 classification=0.0106, bbox_regression=0.0465, bbox_ctrness=0.5982
epoch 33/50 iter 1600/1860 loss=0.6810 mean_loss=0.6544 classification=0.0142, bbox_regression=0.0513, bbox_ctrness=0.6155
epoch 33/50 iter 1620/1860 loss=0.6364 mean_loss=0.6544 classification=0.0048, bbox_regression=0.0434, bbox_ctrness=0.5882
epoch 33/50 iter 1640/1860 loss=0.7227 mean_loss=0.6545 classification=0.0631, bbox_regression=0.0330, bbox_ctrness=0.6265
epoch 33/50 iter 1660/1860 loss=0.6558 mean_loss=0.6545 classification=0.0014, bbox_regression=0.0462, bbox_ctrness=0.6081
epoch 33/50 iter 1680/1860 loss=0.6628 mean_loss=0.6548 classification=0.0086, bbox_regression=0.0687, bbox_ctrness=0.5856
epoch 33/50 iter 1700/1860 loss=0.6718 mean_loss=0.6549 classification=0.0207, bbox_regression=0.0475, bbox_ctrness=0.6036
epoch 33/50 iter 1720/1860 loss=0.6781 mean_loss=0.6550 classification=0.0130, bbox_regression=0.0678, bbox_ctrness=0.5973
epoch 33/50 iter 1740/1860 loss=0.6532 mean_loss=0.6550 classification=0.0064, bbox_regression=0.0416, bbox_ctrness=0.6052
epoch 33/50 iter 1760/1860 loss=0.6668 mean_loss=0.6550 classification=0.0043, bbox_regression=0.0503, bbox_ctrness=0.6122
epoch 33/50 iter 1780/1860 loss=0.6665 mean_loss=0.6550 classification=0.0030, bbox_regression=0.0484, bbox_ctrness=0.6150
epoch 33/50 iter 1800/1860 loss=0.6460 mean_loss=0.6550 classification=0.0029, bbox_regression=0.0355, bbox_ctrness=0.6076
epoch 33/50 iter 1820/1860 loss=0.6635 mean_loss=0.6549 classification=0.0014, bbox_regression=0.0469, bbox_ctrness=0.6152
epoch 33/50 iter 1840/1860 loss=0.6541 mean_loss=0.6549 classification=0.0063, bbox_regression=0.0410, bbox_ctrness=0.6067
epoch 33/50 iter 1860/1860 loss=0.6360 mean_loss=0.6549 classification=0.0039, bbox_regression=0.0453, bbox_ctrness=0.5868
epoch 33 validation Precision=0.6440 Recall=0.9456 AP50=0.9183 AP75=0.8365 eval_fps=19.15 epoch_time_sec=960.1
saved checkpoint: E:\RepViT-main\runs\v48_complete_ablation\training\ra_static_equal_seed2\weights\last.pt
epoch 34/50 iter 1/1860 loss=0.6456 mean_loss=0.6456 classification=0.0062, bbox_regression=0.0458, bbox_ctrness=0.5936
epoch 34/50 iter 20/1860 loss=0.6631 mean_loss=0.6582 classification=0.0053, bbox_regression=0.0510, bbox_ctrness=0.6067
epoch 34/50 iter 40/1860 loss=0.6387 mean_loss=0.6548 classification=0.0017, bbox_regression=0.0391, bbox_ctrness=0.5979
epoch 34/50 iter 60/1860 loss=0.6430 mean_loss=0.6539 classification=0.0085, bbox_regression=0.0504, bbox_ctrness=0.5842
epoch 34/50 iter 80/1860 loss=0.6448 mean_loss=0.6535 classification=0.0002, bbox_regression=0.0429, bbox_ctrness=0.6018
epoch 34/50 iter 100/1860 loss=0.6355 mean_loss=0.6529 classification=0.0027, bbox_regression=0.0400, bbox_ctrness=0.5929
epoch 34/50 iter 120/1860 loss=0.6803 mean_loss=0.6523 classification=0.0307, bbox_regression=0.0579, bbox_ctrness=0.5916
epoch 34/50 iter 140/1860 loss=0.6422 mean_loss=0.6523 classification=0.0016, bbox_regression=0.0450, bbox_ctrness=0.5956
epoch 34/50 iter 160/1860 loss=0.6372 mean_loss=0.6518 classification=0.0027, bbox_regression=0.0381, bbox_ctrness=0.5964
epoch 34/50 iter 180/1860 loss=0.6750 mean_loss=0.6516 classification=0.0165, bbox_regression=0.0478, bbox_ctrness=0.6107
epoch 34/50 iter 200/1860 loss=0.6517 mean_loss=0.6522 classification=0.0001, bbox_regression=0.0527, bbox_ctrness=0.5989
epoch 34/50 iter 220/1860 loss=0.6524 mean_loss=0.6524 classification=0.0001, bbox_regression=0.0427, bbox_ctrness=0.6096
epoch 34/50 iter 240/1860 loss=0.6562 mean_loss=0.6529 classification=0.0003, bbox_regression=0.0414, bbox_ctrness=0.6145
epoch 34/50 iter 260/1860 loss=0.6684 mean_loss=0.6524 classification=0.0088, bbox_regression=0.0447, bbox_ctrness=0.6149
epoch 34/50 iter 280/1860 loss=0.6720 mean_loss=0.6519 classification=0.0124, bbox_regression=0.0530, bbox_ctrness=0.6066
epoch 34/50 iter 300/1860 loss=0.6739 mean_loss=0.6517 classification=0.0055, bbox_regression=0.0645, bbox_ctrness=0.6039
epoch 34/50 iter 320/1860 loss=0.6586 mean_loss=0.6514 classification=0.0003, bbox_regression=0.0400, bbox_ctrness=0.6184
epoch 34/50 iter 340/1860 loss=0.6479 mean_loss=0.6514 classification=0.0010, bbox_regression=0.0408, bbox_ctrness=0.6061
epoch 34/50 iter 360/1860 loss=0.6341 mean_loss=0.6518 classification=0.0019, bbox_regression=0.0398, bbox_ctrness=0.5925
epoch 34/50 iter 380/1860 loss=0.6461 mean_loss=0.6520 classification=0.0009, bbox_regression=0.0528, bbox_ctrness=0.5924
epoch 34/50 iter 400/1860 loss=0.6439 mean_loss=0.6519 classification=0.0015, bbox_regression=0.0400, bbox_ctrness=0.6023
epoch 34/50 iter 420/1860 loss=0.6521 mean_loss=0.6517 classification=0.0008, bbox_regression=0.0377, bbox_ctrness=0.6135
epoch 34/50 iter 440/1860 loss=0.6384 mean_loss=0.6514 classification=0.0019, bbox_regression=0.0331, bbox_ctrness=0.6034
epoch 34/50 iter 460/1860 loss=0.6641 mean_loss=0.6513 classification=0.0040, bbox_regression=0.0446, bbox_ctrness=0.6155
epoch 34/50 iter 480/1860 loss=0.6487 mean_loss=0.6513 classification=0.0130, bbox_regression=0.0414, bbox_ctrness=0.5942
epoch 34/50 iter 500/1860 loss=0.6361 mean_loss=0.6512 classification=0.0015, bbox_regression=0.0427, bbox_ctrness=0.5919
epoch 34/50 iter 520/1860 loss=0.6545 mean_loss=0.6511 classification=0.0034, bbox_regression=0.0538, bbox_ctrness=0.5974
epoch 34/50 iter 540/1860 loss=0.6332 mean_loss=0.6511 classification=0.0071, bbox_regression=0.0446, bbox_ctrness=0.5815
epoch 34/50 iter 560/1860 loss=0.6623 mean_loss=0.6508 classification=0.0025, bbox_regression=0.0345, bbox_ctrness=0.6252
epoch 34/50 iter 580/1860 loss=0.7733 mean_loss=0.6511 classification=0.1252, bbox_regression=0.0517, bbox_ctrness=0.5964
epoch 34/50 iter 600/1860 loss=0.6652 mean_loss=0.6515 classification=0.0014, bbox_regression=0.0525, bbox_ctrness=0.6114
epoch 34/50 iter 620/1860 loss=0.7194 mean_loss=0.6517 classification=0.0761, bbox_regression=0.0538, bbox_ctrness=0.5895
epoch 34/50 iter 640/1860 loss=0.6606 mean_loss=0.6517 classification=0.0119, bbox_regression=0.0460, bbox_ctrness=0.6027
epoch 34/50 iter 660/1860 loss=0.6496 mean_loss=0.6516 classification=0.0058, bbox_regression=0.0452, bbox_ctrness=0.5986
epoch 34/50 iter 680/1860 loss=0.7277 mean_loss=0.6517 classification=0.0933, bbox_regression=0.0525, bbox_ctrness=0.5820
epoch 34/50 iter 700/1860 loss=0.6426 mean_loss=0.6517 classification=0.0041, bbox_regression=0.0516, bbox_ctrness=0.5869
epoch 34/50 iter 720/1860 loss=0.6612 mean_loss=0.6516 classification=0.0152, bbox_regression=0.0500, bbox_ctrness=0.5961
epoch 34/50 iter 740/1860 loss=0.6441 mean_loss=0.6517 classification=0.0048, bbox_regression=0.0502, bbox_ctrness=0.5891
epoch 34/50 iter 760/1860 loss=0.6555 mean_loss=0.6517 classification=0.0043, bbox_regression=0.0576, bbox_ctrness=0.5937
epoch 34/50 iter 780/1860 loss=0.6259 mean_loss=0.6517 classification=0.0061, bbox_regression=0.0377, bbox_ctrness=0.5822
epoch 34/50 iter 800/1860 loss=0.6298 mean_loss=0.6516 classification=0.0036, bbox_regression=0.0419, bbox_ctrness=0.5843
epoch 34/50 iter 820/1860 loss=0.6606 mean_loss=0.6517 classification=0.0057, bbox_regression=0.0514, bbox_ctrness=0.6035
epoch 34/50 iter 840/1860 loss=0.6855 mean_loss=0.6518 classification=0.0137, bbox_regression=0.0649, bbox_ctrness=0.6069
epoch 34/50 iter 860/1860 loss=0.6439 mean_loss=0.6518 classification=0.0196, bbox_regression=0.0468, bbox_ctrness=0.5775
epoch 34/50 iter 880/1860 loss=0.6499 mean_loss=0.6517 classification=0.0024, bbox_regression=0.0454, bbox_ctrness=0.6021
epoch 34/50 iter 900/1860 loss=0.6675 mean_loss=0.6519 classification=0.0042, bbox_regression=0.0543, bbox_ctrness=0.6090
epoch 34/50 iter 920/1860 loss=0.6426 mean_loss=0.6522 classification=0.0128, bbox_regression=0.0516, bbox_ctrness=0.5782
epoch 34/50 iter 940/1860 loss=0.6390 mean_loss=0.6521 classification=0.0010, bbox_regression=0.0325, bbox_ctrness=0.6055
epoch 34/50 iter 960/1860 loss=0.6466 mean_loss=0.6521 classification=0.0005, bbox_regression=0.0404, bbox_ctrness=0.6056
epoch 34/50 iter 980/1860 loss=0.6413 mean_loss=0.6521 classification=0.0048, bbox_regression=0.0360, bbox_ctrness=0.6005
epoch 34/50 iter 1000/1860 loss=0.6521 mean_loss=0.6522 classification=0.0004, bbox_regression=0.0606, bbox_ctrness=0.5911
epoch 34/50 iter 1020/1860 loss=0.6427 mean_loss=0.6521 classification=0.0002, bbox_regression=0.0279, bbox_ctrness=0.6146
epoch 34/50 iter 1040/1860 loss=0.6459 mean_loss=0.6521 classification=0.0071, bbox_regression=0.0396, bbox_ctrness=0.5992
epoch 34/50 iter 1060/1860 loss=0.6504 mean_loss=0.6521 classification=0.0050, bbox_regression=0.0533, bbox_ctrness=0.5921
epoch 34/50 iter 1080/1860 loss=0.6522 mean_loss=0.6521 classification=0.0021, bbox_regression=0.0488, bbox_ctrness=0.6013
epoch 34/50 iter 1100/1860 loss=0.6579 mean_loss=0.6520 classification=0.0020, bbox_regression=0.0477, bbox_ctrness=0.6082
epoch 34/50 iter 1120/1860 loss=0.6725 mean_loss=0.6520 classification=0.0073, bbox_regression=0.0550, bbox_ctrness=0.6101
epoch 34/50 iter 1140/1860 loss=0.6705 mean_loss=0.6520 classification=0.0094, bbox_regression=0.0633, bbox_ctrness=0.5978
epoch 34/50 iter 1160/1860 loss=0.6454 mean_loss=0.6519 classification=0.0008, bbox_regression=0.0452, bbox_ctrness=0.5993
epoch 34/50 iter 1180/1860 loss=0.6710 mean_loss=0.6519 classification=0.0013, bbox_regression=0.0584, bbox_ctrness=0.6113
epoch 34/50 iter 1200/1860 loss=0.6644 mean_loss=0.6518 classification=0.0011, bbox_regression=0.0542, bbox_ctrness=0.6091
epoch 34/50 iter 1220/1860 loss=0.6591 mean_loss=0.6520 classification=0.0045, bbox_regression=0.0582, bbox_ctrness=0.5964
epoch 34/50 iter 1240/1860 loss=0.6206 mean_loss=0.6521 classification=0.0081, bbox_regression=0.0410, bbox_ctrness=0.5716
epoch 34/50 iter 1260/1860 loss=0.6497 mean_loss=0.6521 classification=0.0039, bbox_regression=0.0372, bbox_ctrness=0.6086
epoch 34/50 iter 1280/1860 loss=0.6659 mean_loss=0.6521 classification=0.0072, bbox_regression=0.0537, bbox_ctrness=0.6049
epoch 34/50 iter 1300/1860 loss=0.6308 mean_loss=0.6522 classification=0.0019, bbox_regression=0.0325, bbox_ctrness=0.5964
epoch 34/50 iter 1320/1860 loss=0.6380 mean_loss=0.6521 classification=0.0006, bbox_regression=0.0390, bbox_ctrness=0.5984
epoch 34/50 iter 1340/1860 loss=0.6488 mean_loss=0.6521 classification=0.0156, bbox_regression=0.0434, bbox_ctrness=0.5898
epoch 34/50 iter 1360/1860 loss=0.6593 mean_loss=0.6521 classification=0.0087, bbox_regression=0.0518, bbox_ctrness=0.5988
epoch 34/50 iter 1380/1860 loss=0.6487 mean_loss=0.6522 classification=0.0078, bbox_regression=0.0348, bbox_ctrness=0.6061
epoch 34/50 iter 1400/1860 loss=0.6515 mean_loss=0.6523 classification=0.0042, bbox_regression=0.0474, bbox_ctrness=0.6000
epoch 34/50 iter 1420/1860 loss=0.6412 mean_loss=0.6523 classification=0.0089, bbox_regression=0.0366, bbox_ctrness=0.5958
epoch 34/50 iter 1440/1860 loss=0.6928 mean_loss=0.6524 classification=0.0235, bbox_regression=0.0771, bbox_ctrness=0.5922
epoch 34/50 iter 1460/1860 loss=0.6481 mean_loss=0.6525 classification=0.0067, bbox_regression=0.0438, bbox_ctrness=0.5976
epoch 34/50 iter 1480/1860 loss=0.6651 mean_loss=0.6525 classification=0.0096, bbox_regression=0.0547, bbox_ctrness=0.6007
epoch 34/50 iter 1500/1860 loss=0.6422 mean_loss=0.6526 classification=0.0095, bbox_regression=0.0488, bbox_ctrness=0.5839
epoch 34/50 iter 1520/1860 loss=0.6427 mean_loss=0.6526 classification=0.0113, bbox_regression=0.0420, bbox_ctrness=0.5894
epoch 34/50 iter 1540/1860 loss=0.6541 mean_loss=0.6526 classification=0.0037, bbox_regression=0.0476, bbox_ctrness=0.6028
epoch 34/50 iter 1560/1860 loss=0.7032 mean_loss=0.6526 classification=0.0320, bbox_regression=0.0595, bbox_ctrness=0.6118
epoch 34/50 iter 1580/1860 loss=0.6581 mean_loss=0.6526 classification=0.0096, bbox_regression=0.0451, bbox_ctrness=0.6034
epoch 34/50 iter 1600/1860 loss=0.6496 mean_loss=0.6526 classification=0.0042, bbox_regression=0.0454, bbox_ctrness=0.6000
epoch 34/50 iter 1620/1860 loss=0.6627 mean_loss=0.6527 classification=0.0030, bbox_regression=0.0550, bbox_ctrness=0.6047
epoch 34/50 iter 1640/1860 loss=0.7470 mean_loss=0.6528 classification=0.0886, bbox_regression=0.0426, bbox_ctrness=0.6158
epoch 34/50 iter 1660/1860 loss=0.6342 mean_loss=0.6528 classification=0.0024, bbox_regression=0.0332, bbox_ctrness=0.5987
epoch 34/50 iter 1680/1860 loss=0.6367 mean_loss=0.6530 classification=0.0018, bbox_regression=0.0418, bbox_ctrness=0.5931
epoch 34/50 iter 1700/1860 loss=0.6463 mean_loss=0.6529 classification=0.0062, bbox_regression=0.0497, bbox_ctrness=0.5904
epoch 34/50 iter 1720/1860 loss=0.6332 mean_loss=0.6531 classification=0.0062, bbox_regression=0.0422, bbox_ctrness=0.5848
epoch 34/50 iter 1740/1860 loss=0.6779 mean_loss=0.6531 classification=0.0087, bbox_regression=0.0767, bbox_ctrness=0.5926
epoch 34/50 iter 1760/1860 loss=0.6793 mean_loss=0.6531 classification=0.0123, bbox_regression=0.0521, bbox_ctrness=0.6150
epoch 34/50 iter 1780/1860 loss=0.6741 mean_loss=0.6532 classification=0.0110, bbox_regression=0.0667, bbox_ctrness=0.5964
epoch 34/50 iter 1800/1860 loss=0.6401 mean_loss=0.6532 classification=0.0027, bbox_regression=0.0490, bbox_ctrness=0.5884
epoch 34/50 iter 1820/1860 loss=0.6474 mean_loss=0.6533 classification=0.0023, bbox_regression=0.0443, bbox_ctrness=0.6008
epoch 34/50 iter 1840/1860 loss=0.6598 mean_loss=0.6533 classification=0.0101, bbox_regression=0.0467, bbox_ctrness=0.6030
epoch 34/50 iter 1860/1860 loss=0.6682 mean_loss=0.6533 classification=0.0045, bbox_regression=0.0441, bbox_ctrness=0.6195
epoch 34 validation Precision=0.7247 Recall=0.9369 AP50=0.9155 AP75=0.8330 eval_fps=20.52 epoch_time_sec=939.4
saved checkpoint: E:\RepViT-main\runs\v48_complete_ablation\training\ra_static_equal_seed2\weights\last.pt
epoch 35/50 iter 1/1860 loss=0.6511 mean_loss=0.6511 classification=0.0059, bbox_regression=0.0534, bbox_ctrness=0.5918
epoch 35/50 iter 20/1860 loss=0.6607 mean_loss=0.6590 classification=0.0008, bbox_regression=0.0493, bbox_ctrness=0.6106
epoch 35/50 iter 40/1860 loss=0.6355 mean_loss=0.6597 classification=0.0017, bbox_regression=0.0367, bbox_ctrness=0.5971
epoch 35/50 iter 60/1860 loss=0.6712 mean_loss=0.6553 classification=0.0062, bbox_regression=0.0466, bbox_ctrness=0.6184
epoch 35/50 iter 80/1860 loss=0.6561 mean_loss=0.6536 classification=0.0014, bbox_regression=0.0397, bbox_ctrness=0.6151
epoch 35/50 iter 100/1860 loss=0.6404 mean_loss=0.6538 classification=0.0023, bbox_regression=0.0309, bbox_ctrness=0.6072
epoch 35/50 iter 120/1860 loss=0.6666 mean_loss=0.6527 classification=0.0014, bbox_regression=0.0409, bbox_ctrness=0.6243
epoch 35/50 iter 140/1860 loss=0.6427 mean_loss=0.6522 classification=0.0010, bbox_regression=0.0424, bbox_ctrness=0.5993
epoch 35/50 iter 160/1860 loss=0.6274 mean_loss=0.6517 classification=0.0006, bbox_regression=0.0531, bbox_ctrness=0.5738
epoch 35/50 iter 180/1860 loss=0.6411 mean_loss=0.6517 classification=0.0018, bbox_regression=0.0558, bbox_ctrness=0.5835
epoch 35/50 iter 200/1860 loss=0.6652 mean_loss=0.6522 classification=0.0004, bbox_regression=0.0438, bbox_ctrness=0.6210
epoch 35/50 iter 220/1860 loss=0.6456 mean_loss=0.6517 classification=0.0046, bbox_regression=0.0398, bbox_ctrness=0.6012
epoch 35/50 iter 240/1860 loss=0.6593 mean_loss=0.6515 classification=0.0004, bbox_regression=0.0391, bbox_ctrness=0.6199
epoch 35/50 iter 260/1860 loss=0.6334 mean_loss=0.6516 classification=0.0057, bbox_regression=0.0459, bbox_ctrness=0.5818
epoch 35/50 iter 280/1860 loss=0.6452 mean_loss=0.6514 classification=0.0015, bbox_regression=0.0437, bbox_ctrness=0.6000
epoch 35/50 iter 300/1860 loss=0.6274 mean_loss=0.6513 classification=0.0012, bbox_regression=0.0429, bbox_ctrness=0.5833
epoch 35/50 iter 320/1860 loss=0.6805 mean_loss=0.6510 classification=0.0558, bbox_regression=0.0373, bbox_ctrness=0.5874
epoch 35/50 iter 340/1860 loss=0.6324 mean_loss=0.6506 classification=0.0034, bbox_regression=0.0412, bbox_ctrness=0.5877
epoch 35/50 iter 360/1860 loss=0.6769 mean_loss=0.6502 classification=0.0684, bbox_regression=0.0395, bbox_ctrness=0.5690
epoch 35/50 iter 380/1860 loss=0.6700 mean_loss=0.6501 classification=0.0153, bbox_regression=0.0568, bbox_ctrness=0.5979
epoch 35/50 iter 400/1860 loss=0.6644 mean_loss=0.6504 classification=0.0019, bbox_regression=0.0438, bbox_ctrness=0.6186
epoch 35/50 iter 420/1860 loss=0.6408 mean_loss=0.6504 classification=0.0010, bbox_regression=0.0406, bbox_ctrness=0.5992
epoch 35/50 iter 440/1860 loss=0.6773 mean_loss=0.6506 classification=0.0190, bbox_regression=0.0514, bbox_ctrness=0.6070
epoch 35/50 iter 460/1860 loss=0.6478 mean_loss=0.6505 classification=0.0010, bbox_regression=0.0493, bbox_ctrness=0.5975
epoch 35/50 iter 480/1860 loss=0.6283 mean_loss=0.6508 classification=0.0106, bbox_regression=0.0393, bbox_ctrness=0.5784
epoch 35/50 iter 500/1860 loss=0.6504 mean_loss=0.6506 classification=0.0090, bbox_regression=0.0491, bbox_ctrness=0.5923
epoch 35/50 iter 520/1860 loss=0.6539 mean_loss=0.6504 classification=0.0085, bbox_regression=0.0432, bbox_ctrness=0.6021
epoch 35/50 iter 540/1860 loss=0.6427 mean_loss=0.6503 classification=0.0006, bbox_regression=0.0399, bbox_ctrness=0.6023
epoch 35/50 iter 560/1860 loss=0.6512 mean_loss=0.6502 classification=0.0014, bbox_regression=0.0424, bbox_ctrness=0.6074
epoch 35/50 iter 580/1860 loss=0.6322 mean_loss=0.6501 classification=0.0044, bbox_regression=0.0424, bbox_ctrness=0.5853
epoch 35/50 iter 600/1860 loss=0.6132 mean_loss=0.6500 classification=0.0003, bbox_regression=0.0410, bbox_ctrness=0.5719
epoch 35/50 iter 620/1860 loss=0.6419 mean_loss=0.6499 classification=0.0007, bbox_regression=0.0421, bbox_ctrness=0.5991
epoch 35/50 iter 640/1860 loss=0.6278 mean_loss=0.6499 classification=0.0014, bbox_regression=0.0392, bbox_ctrness=0.5872
epoch 35/50 iter 660/1860 loss=0.6535 mean_loss=0.6499 classification=0.0026, bbox_regression=0.0448, bbox_ctrness=0.6061
epoch 35/50 iter 680/1860 loss=0.6251 mean_loss=0.6501 classification=0.0041, bbox_regression=0.0352, bbox_ctrness=0.5857
epoch 35/50 iter 700/1860 loss=0.6412 mean_loss=0.6500 classification=0.0011, bbox_regression=0.0329, bbox_ctrness=0.6072
epoch 35/50 iter 720/1860 loss=0.6899 mean_loss=0.6501 classification=0.0167, bbox_regression=0.0788, bbox_ctrness=0.5944
epoch 35/50 iter 740/1860 loss=0.6437 mean_loss=0.6499 classification=0.0014, bbox_regression=0.0381, bbox_ctrness=0.6041
epoch 35/50 iter 760/1860 loss=0.6502 mean_loss=0.6501 classification=0.0047, bbox_regression=0.0456, bbox_ctrness=0.5999
epoch 35/50 iter 780/1860 loss=0.6336 mean_loss=0.6500 classification=0.0029, bbox_regression=0.0421, bbox_ctrness=0.5886
epoch 35/50 iter 800/1860 loss=0.6452 mean_loss=0.6501 classification=0.0064, bbox_regression=0.0429, bbox_ctrness=0.5958
epoch 35/50 iter 820/1860 loss=0.6554 mean_loss=0.6501 classification=0.0059, bbox_regression=0.0417, bbox_ctrness=0.6078
epoch 35/50 iter 840/1860 loss=0.6358 mean_loss=0.6502 classification=0.0018, bbox_regression=0.0429, bbox_ctrness=0.5911
epoch 35/50 iter 860/1860 loss=0.6621 mean_loss=0.6503 classification=0.0035, bbox_regression=0.0508, bbox_ctrness=0.6078
epoch 35/50 iter 880/1860 loss=0.6514 mean_loss=0.6504 classification=0.0010, bbox_regression=0.0525, bbox_ctrness=0.5979
epoch 35/50 iter 900/1860 loss=0.6491 mean_loss=0.6507 classification=0.0134, bbox_regression=0.0445, bbox_ctrness=0.5912
epoch 35/50 iter 920/1860 loss=0.6542 mean_loss=0.6508 classification=0.0128, bbox_regression=0.0475, bbox_ctrness=0.5939
epoch 35/50 iter 940/1860 loss=0.6552 mean_loss=0.6508 classification=0.0047, bbox_regression=0.0492, bbox_ctrness=0.6013
epoch 35/50 iter 960/1860 loss=0.6669 mean_loss=0.6509 classification=0.0021, bbox_regression=0.0436, bbox_ctrness=0.6211
epoch 35/50 iter 980/1860 loss=0.6533 mean_loss=0.6509 classification=0.0002, bbox_regression=0.0367, bbox_ctrness=0.6164
epoch 35/50 iter 1000/1860 loss=0.6575 mean_loss=0.6509 classification=0.0020, bbox_regression=0.0515, bbox_ctrness=0.6039
epoch 35/50 iter 1020/1860 loss=0.6427 mean_loss=0.6508 classification=0.0024, bbox_regression=0.0496, bbox_ctrness=0.5907
epoch 35/50 iter 1040/1860 loss=0.6503 mean_loss=0.6507 classification=0.0006, bbox_regression=0.0381, bbox_ctrness=0.6116
epoch 35/50 iter 1060/1860 loss=0.6345 mean_loss=0.6508 classification=0.0039, bbox_regression=0.0396, bbox_ctrness=0.5910
epoch 35/50 iter 1080/1860 loss=0.6692 mean_loss=0.6507 classification=0.0008, bbox_regression=0.0510, bbox_ctrness=0.6174
epoch 35/50 iter 1100/1860 loss=0.6617 mean_loss=0.6508 classification=0.0118, bbox_regression=0.0593, bbox_ctrness=0.5905
epoch 35/50 iter 1120/1860 loss=0.6416 mean_loss=0.6507 classification=0.0011, bbox_regression=0.0445, bbox_ctrness=0.5960
epoch 35/50 iter 1140/1860 loss=0.6659 mean_loss=0.6508 classification=0.0281, bbox_regression=0.0519, bbox_ctrness=0.5860
epoch 35/50 iter 1160/1860 loss=0.6523 mean_loss=0.6510 classification=0.0113, bbox_regression=0.0482, bbox_ctrness=0.5927
epoch 35/50 iter 1180/1860 loss=0.6398 mean_loss=0.6510 classification=0.0111, bbox_regression=0.0437, bbox_ctrness=0.5850
epoch 35/50 iter 1200/1860 loss=0.6474 mean_loss=0.6512 classification=0.0072, bbox_regression=0.0412, bbox_ctrness=0.5990
epoch 35/50 iter 1220/1860 loss=0.6406 mean_loss=0.6512 classification=0.0071, bbox_regression=0.0454, bbox_ctrness=0.5880
epoch 35/50 iter 1240/1860 loss=0.6612 mean_loss=0.6516 classification=0.0152, bbox_regression=0.0613, bbox_ctrness=0.5846
epoch 35/50 iter 1260/1860 loss=0.6574 mean_loss=0.6516 classification=0.0036, bbox_regression=0.0545, bbox_ctrness=0.5993
epoch 35/50 iter 1280/1860 loss=0.6488 mean_loss=0.6518 classification=0.0016, bbox_regression=0.0403, bbox_ctrness=0.6069
epoch 35/50 iter 1300/1860 loss=0.6755 mean_loss=0.6518 classification=0.0122, bbox_regression=0.0650, bbox_ctrness=0.5983
epoch 35/50 iter 1320/1860 loss=0.6566 mean_loss=0.6518 classification=0.0168, bbox_regression=0.0332, bbox_ctrness=0.6067
epoch 35/50 iter 1340/1860 loss=0.6451 mean_loss=0.6519 classification=0.0048, bbox_regression=0.0562, bbox_ctrness=0.5840
epoch 35/50 iter 1360/1860 loss=0.6625 mean_loss=0.6520 classification=0.0041, bbox_regression=0.0719, bbox_ctrness=0.5866
epoch 35/50 iter 1380/1860 loss=0.6531 mean_loss=0.6521 classification=0.0040, bbox_regression=0.0561, bbox_ctrness=0.5931
epoch 35/50 iter 1400/1860 loss=0.6595 mean_loss=0.6522 classification=0.0077, bbox_regression=0.0499, bbox_ctrness=0.6019
epoch 35/50 iter 1420/1860 loss=0.6439 mean_loss=0.6522 classification=0.0008, bbox_regression=0.0363, bbox_ctrness=0.6067
epoch 35/50 iter 1440/1860 loss=0.6656 mean_loss=0.6525 classification=0.0078, bbox_regression=0.0564, bbox_ctrness=0.6014
epoch 35/50 iter 1460/1860 loss=0.6460 mean_loss=0.6525 classification=0.0019, bbox_regression=0.0377, bbox_ctrness=0.6065
epoch 35/50 iter 1480/1860 loss=0.6650 mean_loss=0.6528 classification=0.0062, bbox_regression=0.0527, bbox_ctrness=0.6060
epoch 35/50 iter 1500/1860 loss=0.6587 mean_loss=0.6529 classification=0.0059, bbox_regression=0.0398, bbox_ctrness=0.6130
epoch 35/50 iter 1520/1860 loss=0.6688 mean_loss=0.6530 classification=0.0106, bbox_regression=0.0441, bbox_ctrness=0.6141
epoch 35/50 iter 1540/1860 loss=0.6441 mean_loss=0.6529 classification=0.0019, bbox_regression=0.0421, bbox_ctrness=0.6001
epoch 35/50 iter 1560/1860 loss=0.6598 mean_loss=0.6528 classification=0.0041, bbox_regression=0.0578, bbox_ctrness=0.5980
epoch 35/50 iter 1580/1860 loss=0.6590 mean_loss=0.6529 classification=0.0017, bbox_regression=0.0421, bbox_ctrness=0.6152
epoch 35/50 iter 1600/1860 loss=0.6657 mean_loss=0.6529 classification=0.0006, bbox_regression=0.0462, bbox_ctrness=0.6189
epoch 35/50 iter 1620/1860 loss=0.6396 mean_loss=0.6529 classification=0.0025, bbox_regression=0.0612, bbox_ctrness=0.5759
epoch 35/50 iter 1640/1860 loss=0.6451 mean_loss=0.6529 classification=0.0083, bbox_regression=0.0458, bbox_ctrness=0.5910
epoch 35/50 iter 1660/1860 loss=0.6405 mean_loss=0.6529 classification=0.0145, bbox_regression=0.0351, bbox_ctrness=0.5909
epoch 35/50 iter 1680/1860 loss=0.6500 mean_loss=0.6529 classification=0.0076, bbox_regression=0.0493, bbox_ctrness=0.5931
epoch 35/50 iter 1700/1860 loss=0.6437 mean_loss=0.6529 classification=0.0061, bbox_regression=0.0546, bbox_ctrness=0.5830
epoch 35/50 iter 1720/1860 loss=0.6521 mean_loss=0.6530 classification=0.0037, bbox_regression=0.0423, bbox_ctrness=0.6062
epoch 35/50 iter 1740/1860 loss=0.6530 mean_loss=0.6530 classification=0.0101, bbox_regression=0.0531, bbox_ctrness=0.5898
epoch 35/50 iter 1760/1860 loss=0.6691 mean_loss=0.6531 classification=0.0192, bbox_regression=0.0612, bbox_ctrness=0.5887
epoch 35/50 iter 1780/1860 loss=0.6791 mean_loss=0.6532 classification=0.0240, bbox_regression=0.0553, bbox_ctrness=0.5998
epoch 35/50 iter 1800/1860 loss=0.6620 mean_loss=0.6534 classification=0.0032, bbox_regression=0.0546, bbox_ctrness=0.6042
epoch 35/50 iter 1820/1860 loss=0.6351 mean_loss=0.6536 classification=0.0059, bbox_regression=0.0346, bbox_ctrness=0.5947
epoch 35/50 iter 1840/1860 loss=0.6424 mean_loss=0.6536 classification=0.0248, bbox_regression=0.0521, bbox_ctrness=0.5654
epoch 35/50 iter 1860/1860 loss=0.6630 mean_loss=0.6537 classification=0.0079, bbox_regression=0.0512, bbox_ctrness=0.6038
epoch 35 validation Precision=0.6458 Recall=0.9356 AP50=0.9080 AP75=0.8171 eval_fps=19.83 epoch_time_sec=936.6
saved checkpoint: E:\RepViT-main\runs\v48_complete_ablation\training\ra_static_equal_seed2\weights\last.pt
epoch 36/50 iter 1/1860 loss=0.6329 mean_loss=0.6329 classification=0.0007, bbox_regression=0.0318, bbox_ctrness=0.6004
epoch 36/50 iter 20/1860 loss=0.6616 mean_loss=0.6573 classification=0.0107, bbox_regression=0.0536, bbox_ctrness=0.5974
epoch 36/50 iter 40/1860 loss=0.6868 mean_loss=0.6544 classification=0.0103, bbox_regression=0.0804, bbox_ctrness=0.5961
epoch 36/50 iter 60/1860 loss=0.6592 mean_loss=0.6547 classification=0.0011, bbox_regression=0.0396, bbox_ctrness=0.6185
epoch 36/50 iter 80/1860 loss=0.6664 mean_loss=0.6545 classification=0.0082, bbox_regression=0.0539, bbox_ctrness=0.6043
epoch 36/50 iter 100/1860 loss=0.6257 mean_loss=0.6540 classification=0.0070, bbox_regression=0.0362, bbox_ctrness=0.5824
epoch 36/50 iter 120/1860 loss=0.6370 mean_loss=0.6536 classification=0.0037, bbox_regression=0.0406, bbox_ctrness=0.5926
epoch 36/50 iter 140/1860 loss=0.6612 mean_loss=0.6556 classification=0.0013, bbox_regression=0.0457, bbox_ctrness=0.6142
epoch 36/50 iter 160/1860 loss=0.6320 mean_loss=0.6553 classification=0.0080, bbox_regression=0.0349, bbox_ctrness=0.5892
epoch 36/50 iter 180/1860 loss=0.6859 mean_loss=0.6558 classification=0.0247, bbox_regression=0.0469, bbox_ctrness=0.6143
epoch 36/50 iter 200/1860 loss=0.6365 mean_loss=0.6554 classification=0.0060, bbox_regression=0.0463, bbox_ctrness=0.5841
epoch 36/50 iter 220/1860 loss=0.6383 mean_loss=0.6553 classification=0.0062, bbox_regression=0.0367, bbox_ctrness=0.5955
epoch 36/50 iter 240/1860 loss=0.6484 mean_loss=0.6556 classification=0.0057, bbox_regression=0.0458, bbox_ctrness=0.5970
epoch 36/50 iter 260/1860 loss=0.6642 mean_loss=0.6554 classification=0.0031, bbox_regression=0.0586, bbox_ctrness=0.6025
epoch 36/50 iter 280/1860 loss=0.6407 mean_loss=0.6553 classification=0.0032, bbox_regression=0.0384, bbox_ctrness=0.5991
epoch 36/50 iter 300/1860 loss=0.6467 mean_loss=0.6547 classification=0.0068, bbox_regression=0.0421, bbox_ctrness=0.5978
epoch 36/50 iter 320/1860 loss=0.6563 mean_loss=0.6547 classification=0.0007, bbox_regression=0.0353, bbox_ctrness=0.6203
epoch 36/50 iter 340/1860 loss=0.6423 mean_loss=0.6542 classification=0.0054, bbox_regression=0.0382, bbox_ctrness=0.5987
epoch 36/50 iter 360/1860 loss=0.6515 mean_loss=0.6550 classification=0.0109, bbox_regression=0.0394, bbox_ctrness=0.6012
epoch 36/50 iter 380/1860 loss=0.6402 mean_loss=0.6548 classification=0.0028, bbox_regression=0.0510, bbox_ctrness=0.5865
epoch 36/50 iter 400/1860 loss=0.6421 mean_loss=0.6547 classification=0.0110, bbox_regression=0.0448, bbox_ctrness=0.5862
epoch 36/50 iter 420/1860 loss=0.6634 mean_loss=0.6542 classification=0.0098, bbox_regression=0.0601, bbox_ctrness=0.5935
epoch 36/50 iter 440/1860 loss=0.6321 mean_loss=0.6541 classification=0.0006, bbox_regression=0.0303, bbox_ctrness=0.6012
epoch 36/50 iter 460/1860 loss=0.6364 mean_loss=0.6540 classification=0.0010, bbox_regression=0.0291, bbox_ctrness=0.6063
epoch 36/50 iter 480/1860 loss=0.6741 mean_loss=0.6538 classification=0.0141, bbox_regression=0.0455, bbox_ctrness=0.6145
epoch 36/50 iter 500/1860 loss=0.6561 mean_loss=0.6539 classification=0.0054, bbox_regression=0.0549, bbox_ctrness=0.5958
epoch 36/50 iter 520/1860 loss=0.6402 mean_loss=0.6535 classification=0.0002, bbox_regression=0.0377, bbox_ctrness=0.6023
epoch 36/50 iter 540/1860 loss=0.6388 mean_loss=0.6535 classification=0.0066, bbox_regression=0.0448, bbox_ctrness=0.5875
epoch 36/50 iter 560/1860 loss=0.6601 mean_loss=0.6532 classification=0.0003, bbox_regression=0.0338, bbox_ctrness=0.6260
epoch 36/50 iter 580/1860 loss=0.6624 mean_loss=0.6531 classification=0.0074, bbox_regression=0.0666, bbox_ctrness=0.5885
epoch 36/50 iter 600/1860 loss=0.6599 mean_loss=0.6531 classification=0.0039, bbox_regression=0.0446, bbox_ctrness=0.6113
epoch 36/50 iter 620/1860 loss=0.6584 mean_loss=0.6530 classification=0.0013, bbox_regression=0.0432, bbox_ctrness=0.6139
epoch 36/50 iter 640/1860 loss=0.6406 mean_loss=0.6527 classification=0.0005, bbox_regression=0.0459, bbox_ctrness=0.5941
epoch 36/50 iter 660/1860 loss=0.6534 mean_loss=0.6527 classification=0.0057, bbox_regression=0.0553, bbox_ctrness=0.5924
epoch 36/50 iter 680/1860 loss=0.6483 mean_loss=0.6527 classification=0.0045, bbox_regression=0.0396, bbox_ctrness=0.6042
epoch 36/50 iter 700/1860 loss=0.6320 mean_loss=0.6527 classification=0.0084, bbox_regression=0.0337, bbox_ctrness=0.5899
epoch 36/50 iter 720/1860 loss=0.6685 mean_loss=0.6528 classification=0.0017, bbox_regression=0.0521, bbox_ctrness=0.6147
epoch 36/50 iter 740/1860 loss=0.6517 mean_loss=0.6526 classification=0.0045, bbox_regression=0.0494, bbox_ctrness=0.5978
epoch 36/50 iter 760/1860 loss=0.6630 mean_loss=0.6524 classification=0.0016, bbox_regression=0.0572, bbox_ctrness=0.6043
epoch 36/50 iter 780/1860 loss=0.6535 mean_loss=0.6524 classification=0.0060, bbox_regression=0.0478, bbox_ctrness=0.5997
epoch 36/50 iter 800/1860 loss=0.6276 mean_loss=0.6523 classification=0.0025, bbox_regression=0.0407, bbox_ctrness=0.5844
epoch 36/50 iter 820/1860 loss=0.6535 mean_loss=0.6523 classification=0.0093, bbox_regression=0.0482, bbox_ctrness=0.5960
epoch 36/50 iter 840/1860 loss=0.6294 mean_loss=0.6522 classification=0.0005, bbox_regression=0.0367, bbox_ctrness=0.5922
epoch 36/50 iter 860/1860 loss=0.6416 mean_loss=0.6522 classification=0.0085, bbox_regression=0.0493, bbox_ctrness=0.5838
epoch 36/50 iter 880/1860 loss=0.6482 mean_loss=0.6521 classification=0.0027, bbox_regression=0.0427, bbox_ctrness=0.6028
epoch 36/50 iter 900/1860 loss=0.6417 mean_loss=0.6521 classification=0.0026, bbox_regression=0.0390, bbox_ctrness=0.6001
epoch 36/50 iter 920/1860 loss=0.6650 mean_loss=0.6521 classification=0.0063, bbox_regression=0.0583, bbox_ctrness=0.6003
epoch 36/50 iter 940/1860 loss=0.6391 mean_loss=0.6520 classification=0.0018, bbox_regression=0.0456, bbox_ctrness=0.5917
epoch 36/50 iter 960/1860 loss=0.6575 mean_loss=0.6520 classification=0.0190, bbox_regression=0.0421, bbox_ctrness=0.5964
epoch 36/50 iter 980/1860 loss=0.6721 mean_loss=0.6520 classification=0.0114, bbox_regression=0.0465, bbox_ctrness=0.6142
epoch 36/50 iter 1000/1860 loss=0.6599 mean_loss=0.6521 classification=0.0055, bbox_regression=0.0470, bbox_ctrness=0.6074
epoch 36/50 iter 1020/1860 loss=0.6485 mean_loss=0.6521 classification=0.0005, bbox_regression=0.0488, bbox_ctrness=0.5992
epoch 36/50 iter 1040/1860 loss=0.6579 mean_loss=0.6521 classification=0.0028, bbox_regression=0.0475, bbox_ctrness=0.6076
epoch 36/50 iter 1060/1860 loss=0.7059 mean_loss=0.6521 classification=0.0217, bbox_regression=0.0682, bbox_ctrness=0.6160
epoch 36/50 iter 1080/1860 loss=0.6522 mean_loss=0.6520 classification=0.0173, bbox_regression=0.0520, bbox_ctrness=0.5829
epoch 36/50 iter 1100/1860 loss=0.6578 mean_loss=0.6520 classification=0.0017, bbox_regression=0.0532, bbox_ctrness=0.6030
epoch 36/50 iter 1120/1860 loss=0.6468 mean_loss=0.6521 classification=0.0043, bbox_regression=0.0420, bbox_ctrness=0.6005
epoch 36/50 iter 1140/1860 loss=0.6581 mean_loss=0.6521 classification=0.0001, bbox_regression=0.0428, bbox_ctrness=0.6153
epoch 36/50 iter 1160/1860 loss=0.6470 mean_loss=0.6520 classification=0.0015, bbox_regression=0.0451, bbox_ctrness=0.6004
epoch 36/50 iter 1180/1860 loss=0.6385 mean_loss=0.6519 classification=0.0049, bbox_regression=0.0485, bbox_ctrness=0.5850
epoch 36/50 iter 1200/1860 loss=0.6554 mean_loss=0.6519 classification=0.0066, bbox_regression=0.0516, bbox_ctrness=0.5972
epoch 36/50 iter 1220/1860 loss=0.6340 mean_loss=0.6518 classification=0.0011, bbox_regression=0.0357, bbox_ctrness=0.5972
epoch 36/50 iter 1240/1860 loss=0.6455 mean_loss=0.6517 classification=0.0028, bbox_regression=0.0542, bbox_ctrness=0.5885
epoch 36/50 iter 1260/1860 loss=0.6745 mean_loss=0.6518 classification=0.0070, bbox_regression=0.0604, bbox_ctrness=0.6071
epoch 36/50 iter 1280/1860 loss=0.6262 mean_loss=0.6517 classification=0.0010, bbox_regression=0.0399, bbox_ctrness=0.5852
epoch 36/50 iter 1300/1860 loss=0.6430 mean_loss=0.6516 classification=0.0005, bbox_regression=0.0431, bbox_ctrness=0.5995
epoch 36/50 iter 1320/1860 loss=0.6561 mean_loss=0.6516 classification=0.0042, bbox_regression=0.0573, bbox_ctrness=0.5947
epoch 36/50 iter 1340/1860 loss=0.6480 mean_loss=0.6515 classification=0.0007, bbox_regression=0.0507, bbox_ctrness=0.5966
epoch 36/50 iter 1360/1860 loss=0.6302 mean_loss=0.6514 classification=0.0007, bbox_regression=0.0337, bbox_ctrness=0.5958
epoch 36/50 iter 1380/1860 loss=0.6552 mean_loss=0.6514 classification=0.0010, bbox_regression=0.0479, bbox_ctrness=0.6062
epoch 36/50 iter 1400/1860 loss=0.6867 mean_loss=0.6514 classification=0.0139, bbox_regression=0.0552, bbox_ctrness=0.6175
epoch 36/50 iter 1420/1860 loss=0.6538 mean_loss=0.6516 classification=0.0008, bbox_regression=0.0404, bbox_ctrness=0.6125
epoch 36/50 iter 1440/1860 loss=0.6869 mean_loss=0.6518 classification=0.0487, bbox_regression=0.0436, bbox_ctrness=0.5946
epoch 36/50 iter 1460/1860 loss=0.6682 mean_loss=0.6518 classification=0.0055, bbox_regression=0.0511, bbox_ctrness=0.6116
epoch 36/50 iter 1480/1860 loss=0.6511 mean_loss=0.6519 classification=0.0030, bbox_regression=0.0479, bbox_ctrness=0.6003
epoch 36/50 iter 1500/1860 loss=0.6645 mean_loss=0.6521 classification=0.0099, bbox_regression=0.0699, bbox_ctrness=0.5847
epoch 36/50 iter 1520/1860 loss=0.6395 mean_loss=0.6521 classification=0.0049, bbox_regression=0.0380, bbox_ctrness=0.5965
epoch 36/50 iter 1540/1860 loss=0.6641 mean_loss=0.6520 classification=0.0002, bbox_regression=0.0381, bbox_ctrness=0.6258
epoch 36/50 iter 1560/1860 loss=0.6264 mean_loss=0.6519 classification=0.0036, bbox_regression=0.0420, bbox_ctrness=0.5808
epoch 36/50 iter 1580/1860 loss=0.6205 mean_loss=0.6519 classification=0.0039, bbox_regression=0.0394, bbox_ctrness=0.5773
epoch 36/50 iter 1600/1860 loss=0.6438 mean_loss=0.6519 classification=0.0017, bbox_regression=0.0525, bbox_ctrness=0.5897
epoch 36/50 iter 1620/1860 loss=0.6501 mean_loss=0.6519 classification=0.0007, bbox_regression=0.0509, bbox_ctrness=0.5985
epoch 36/50 iter 1640/1860 loss=0.6307 mean_loss=0.6518 classification=0.0013, bbox_regression=0.0394, bbox_ctrness=0.5900
epoch 36/50 iter 1660/1860 loss=0.6291 mean_loss=0.6517 classification=0.0018, bbox_regression=0.0238, bbox_ctrness=0.6034
epoch 36/50 iter 1680/1860 loss=0.6777 mean_loss=0.6517 classification=0.0035, bbox_regression=0.0600, bbox_ctrness=0.6141
epoch 36/50 iter 1700/1860 loss=0.6559 mean_loss=0.6516 classification=0.0081, bbox_regression=0.0492, bbox_ctrness=0.5986
epoch 36/50 iter 1720/1860 loss=0.6837 mean_loss=0.6516 classification=0.0273, bbox_regression=0.0624, bbox_ctrness=0.5940
epoch 36/50 iter 1740/1860 loss=0.6862 mean_loss=0.6517 classification=0.0181, bbox_regression=0.0687, bbox_ctrness=0.5994
epoch 36/50 iter 1760/1860 loss=0.6517 mean_loss=0.6517 classification=0.0010, bbox_regression=0.0398, bbox_ctrness=0.6109
epoch 36/50 iter 1780/1860 loss=0.6596 mean_loss=0.6518 classification=0.0024, bbox_regression=0.0456, bbox_ctrness=0.6116
epoch 36/50 iter 1800/1860 loss=0.6463 mean_loss=0.6518 classification=0.0006, bbox_regression=0.0512, bbox_ctrness=0.5945
epoch 36/50 iter 1820/1860 loss=0.6644 mean_loss=0.6518 classification=0.0062, bbox_regression=0.0611, bbox_ctrness=0.5971
epoch 36/50 iter 1840/1860 loss=0.6788 mean_loss=0.6519 classification=0.0337, bbox_regression=0.0568, bbox_ctrness=0.5883
epoch 36/50 iter 1860/1860 loss=0.6859 mean_loss=0.6519 classification=0.0219, bbox_regression=0.0622, bbox_ctrness=0.6017
epoch 36 validation Precision=0.7538 Recall=0.9386 AP50=0.9139 AP75=0.8348 eval_fps=21.02 epoch_time_sec=934.8
saved checkpoint: E:\RepViT-main\runs\v48_complete_ablation\training\ra_static_equal_seed2\weights\last.pt
epoch 37/50 iter 1/1860 loss=0.6548 mean_loss=0.6548 classification=0.0041, bbox_regression=0.0579, bbox_ctrness=0.5928
epoch 37/50 iter 20/1860 loss=0.6378 mean_loss=0.6529 classification=0.0078, bbox_regression=0.0446, bbox_ctrness=0.5855
epoch 37/50 iter 40/1860 loss=0.6268 mean_loss=0.6473 classification=0.0019, bbox_regression=0.0379, bbox_ctrness=0.5871
epoch 37/50 iter 60/1860 loss=0.6482 mean_loss=0.6475 classification=0.0027, bbox_regression=0.0476, bbox_ctrness=0.5978
epoch 37/50 iter 80/1860 loss=0.7402 mean_loss=0.6474 classification=0.1004, bbox_regression=0.0308, bbox_ctrness=0.6090
epoch 37/50 iter 100/1860 loss=0.6265 mean_loss=0.6485 classification=0.0008, bbox_regression=0.0289, bbox_ctrness=0.5968
epoch 37/50 iter 120/1860 loss=0.6525 mean_loss=0.6502 classification=0.0064, bbox_regression=0.0419, bbox_ctrness=0.6042
epoch 37/50 iter 140/1860 loss=0.6681 mean_loss=0.6499 classification=0.0116, bbox_regression=0.0617, bbox_ctrness=0.5948
epoch 37/50 iter 160/1860 loss=0.6459 mean_loss=0.6500 classification=0.0012, bbox_regression=0.0321, bbox_ctrness=0.6126
epoch 37/50 iter 180/1860 loss=0.6522 mean_loss=0.6502 classification=0.0028, bbox_regression=0.0407, bbox_ctrness=0.6086
epoch 37/50 iter 200/1860 loss=0.6614 mean_loss=0.6497 classification=0.0010, bbox_regression=0.0452, bbox_ctrness=0.6152
epoch 37/50 iter 220/1860 loss=0.6309 mean_loss=0.6498 classification=0.0047, bbox_regression=0.0404, bbox_ctrness=0.5859
epoch 37/50 iter 240/1860 loss=0.6453 mean_loss=0.6498 classification=0.0040, bbox_regression=0.0473, bbox_ctrness=0.5940
epoch 37/50 iter 260/1860 loss=0.6492 mean_loss=0.6496 classification=0.0015, bbox_regression=0.0401, bbox_ctrness=0.6076
epoch 37/50 iter 280/1860 loss=0.6365 mean_loss=0.6489 classification=0.0016, bbox_regression=0.0416, bbox_ctrness=0.5933
epoch 37/50 iter 300/1860 loss=0.6465 mean_loss=0.6490 classification=0.0012, bbox_regression=0.0440, bbox_ctrness=0.6013
epoch 37/50 iter 320/1860 loss=0.6406 mean_loss=0.6493 classification=0.0025, bbox_regression=0.0479, bbox_ctrness=0.5902
epoch 37/50 iter 340/1860 loss=0.6756 mean_loss=0.6494 classification=0.0128, bbox_regression=0.0505, bbox_ctrness=0.6123
epoch 37/50 iter 360/1860 loss=0.6345 mean_loss=0.6494 classification=0.0068, bbox_regression=0.0384, bbox_ctrness=0.5893
epoch 37/50 iter 380/1860 loss=0.6514 mean_loss=0.6491 classification=0.0028, bbox_regression=0.0497, bbox_ctrness=0.5989
epoch 37/50 iter 400/1860 loss=0.6327 mean_loss=0.6490 classification=0.0036, bbox_regression=0.0414, bbox_ctrness=0.5877
epoch 37/50 iter 420/1860 loss=0.6288 mean_loss=0.6489 classification=0.0012, bbox_regression=0.0437, bbox_ctrness=0.5839
epoch 37/50 iter 440/1860 loss=0.6397 mean_loss=0.6487 classification=0.0102, bbox_regression=0.0477, bbox_ctrness=0.5818
epoch 37/50 iter 460/1860 loss=0.6598 mean_loss=0.6487 classification=0.0017, bbox_regression=0.0583, bbox_ctrness=0.5999
epoch 37/50 iter 480/1860 loss=0.6406 mean_loss=0.6487 classification=0.0053, bbox_regression=0.0303, bbox_ctrness=0.6050
epoch 37/50 iter 500/1860 loss=0.6636 mean_loss=0.6489 classification=0.0011, bbox_regression=0.0500, bbox_ctrness=0.6125
epoch 37/50 iter 520/1860 loss=0.6301 mean_loss=0.6489 classification=0.0025, bbox_regression=0.0422, bbox_ctrness=0.5854
epoch 37/50 iter 540/1860 loss=0.6469 mean_loss=0.6486 classification=0.0016, bbox_regression=0.0335, bbox_ctrness=0.6118
epoch 37/50 iter 560/1860 loss=0.6344 mean_loss=0.6485 classification=0.0025, bbox_regression=0.0423, bbox_ctrness=0.5896
epoch 37/50 iter 580/1860 loss=0.6428 mean_loss=0.6483 classification=0.0056, bbox_regression=0.0397, bbox_ctrness=0.5974
epoch 37/50 iter 600/1860 loss=0.6189 mean_loss=0.6485 classification=0.0005, bbox_regression=0.0490, bbox_ctrness=0.5694
epoch 37/50 iter 620/1860 loss=0.6280 mean_loss=0.6486 classification=0.0005, bbox_regression=0.0406, bbox_ctrness=0.5869
epoch 37/50 iter 640/1860 loss=0.6496 mean_loss=0.6487 classification=0.0051, bbox_regression=0.0435, bbox_ctrness=0.6010
epoch 37/50 iter 660/1860 loss=0.6426 mean_loss=0.6486 classification=0.0061, bbox_regression=0.0392, bbox_ctrness=0.5973
epoch 37/50 iter 680/1860 loss=0.6876 mean_loss=0.6487 classification=0.0191, bbox_regression=0.0690, bbox_ctrness=0.5994
epoch 37/50 iter 700/1860 loss=0.7380 mean_loss=0.6488 classification=0.0339, bbox_regression=0.0972, bbox_ctrness=0.6069
epoch 37/50 iter 720/1860 loss=0.6359 mean_loss=0.6491 classification=0.0090, bbox_regression=0.0411, bbox_ctrness=0.5858
epoch 37/50 iter 740/1860 loss=0.6666 mean_loss=0.6494 classification=0.0028, bbox_regression=0.0517, bbox_ctrness=0.6122
epoch 37/50 iter 760/1860 loss=0.6698 mean_loss=0.6498 classification=0.0009, bbox_regression=0.0627, bbox_ctrness=0.6062
epoch 37/50 iter 780/1860 loss=0.6234 mean_loss=0.6497 classification=0.0026, bbox_regression=0.0387, bbox_ctrness=0.5821
epoch 37/50 iter 800/1860 loss=0.7307 mean_loss=0.6496 classification=0.0013, bbox_regression=0.0935, bbox_ctrness=0.6359
epoch 37/50 iter 820/1860 loss=0.6374 mean_loss=0.6496 classification=0.0070, bbox_regression=0.0437, bbox_ctrness=0.5867
epoch 37/50 iter 840/1860 loss=0.6515 mean_loss=0.6494 classification=0.0003, bbox_regression=0.0380, bbox_ctrness=0.6132
epoch 37/50 iter 860/1860 loss=0.6582 mean_loss=0.6501 classification=0.0142, bbox_regression=0.0448, bbox_ctrness=0.5991
epoch 37/50 iter 880/1860 loss=0.6338 mean_loss=0.6504 classification=0.0062, bbox_regression=0.0356, bbox_ctrness=0.5920
epoch 37/50 iter 900/1860 loss=0.6539 mean_loss=0.6505 classification=0.0067, bbox_regression=0.0464, bbox_ctrness=0.6008
epoch 37/50 iter 920/1860 loss=0.6464 mean_loss=0.6506 classification=0.0072, bbox_regression=0.0492, bbox_ctrness=0.5900
epoch 37/50 iter 940/1860 loss=0.6655 mean_loss=0.6507 classification=0.0121, bbox_regression=0.0468, bbox_ctrness=0.6066
epoch 37/50 iter 960/1860 loss=0.6536 mean_loss=0.6507 classification=0.0135, bbox_regression=0.0470, bbox_ctrness=0.5931
epoch 37/50 iter 980/1860 loss=0.6759 mean_loss=0.6509 classification=0.0055, bbox_regression=0.0717, bbox_ctrness=0.5986
epoch 37/50 iter 1000/1860 loss=0.6420 mean_loss=0.6512 classification=0.0012, bbox_regression=0.0460, bbox_ctrness=0.5948
epoch 37/50 iter 1020/1860 loss=0.6701 mean_loss=0.6513 classification=0.0143, bbox_regression=0.0393, bbox_ctrness=0.6165
epoch 37/50 iter 1040/1860 loss=0.6672 mean_loss=0.6512 classification=0.0048, bbox_regression=0.0553, bbox_ctrness=0.6072
epoch 37/50 iter 1060/1860 loss=0.6367 mean_loss=0.6513 classification=0.0002, bbox_regression=0.0449, bbox_ctrness=0.5916
epoch 37/50 iter 1080/1860 loss=0.6893 mean_loss=0.6516 classification=0.0181, bbox_regression=0.0690, bbox_ctrness=0.6022
epoch 37/50 iter 1100/1860 loss=0.6430 mean_loss=0.6515 classification=0.0045, bbox_regression=0.0472, bbox_ctrness=0.5913
epoch 37/50 iter 1120/1860 loss=0.6642 mean_loss=0.6515 classification=0.0021, bbox_regression=0.0530, bbox_ctrness=0.6090
epoch 37/50 iter 1140/1860 loss=0.6568 mean_loss=0.6515 classification=0.0111, bbox_regression=0.0532, bbox_ctrness=0.5925
epoch 37/50 iter 1160/1860 loss=0.6842 mean_loss=0.6517 classification=0.0023, bbox_regression=0.0631, bbox_ctrness=0.6187
epoch 37/50 iter 1180/1860 loss=0.6508 mean_loss=0.6518 classification=0.0041, bbox_regression=0.0435, bbox_ctrness=0.6031
epoch 37/50 iter 1200/1860 loss=0.6478 mean_loss=0.6518 classification=0.0046, bbox_regression=0.0459, bbox_ctrness=0.5973
epoch 37/50 iter 1220/1860 loss=0.6479 mean_loss=0.6519 classification=0.0016, bbox_regression=0.0463, bbox_ctrness=0.6000
epoch 37/50 iter 1240/1860 loss=0.6596 mean_loss=0.6519 classification=0.0105, bbox_regression=0.0519, bbox_ctrness=0.5973
epoch 37/50 iter 1260/1860 loss=0.6235 mean_loss=0.6520 classification=0.0026, bbox_regression=0.0392, bbox_ctrness=0.5818
epoch 37/50 iter 1280/1860 loss=0.6452 mean_loss=0.6520 classification=0.0004, bbox_regression=0.0418, bbox_ctrness=0.6030
epoch 37/50 iter 1300/1860 loss=0.6703 mean_loss=0.6521 classification=0.0056, bbox_regression=0.0473, bbox_ctrness=0.6174
epoch 37/50 iter 1320/1860 loss=0.6520 mean_loss=0.6521 classification=0.0024, bbox_regression=0.0457, bbox_ctrness=0.6038
epoch 37/50 iter 1340/1860 loss=0.6456 mean_loss=0.6521 classification=0.0063, bbox_regression=0.0478, bbox_ctrness=0.5914
epoch 37/50 iter 1360/1860 loss=0.6324 mean_loss=0.6521 classification=0.0077, bbox_regression=0.0441, bbox_ctrness=0.5806
epoch 37/50 iter 1380/1860 loss=0.6385 mean_loss=0.6521 classification=0.0120, bbox_regression=0.0390, bbox_ctrness=0.5874
epoch 37/50 iter 1400/1860 loss=0.6632 mean_loss=0.6521 classification=0.0042, bbox_regression=0.0457, bbox_ctrness=0.6133
epoch 37/50 iter 1420/1860 loss=0.6479 mean_loss=0.6522 classification=0.0043, bbox_regression=0.0451, bbox_ctrness=0.5985
epoch 37/50 iter 1440/1860 loss=0.6429 mean_loss=0.6522 classification=0.0062, bbox_regression=0.0430, bbox_ctrness=0.5938
epoch 37/50 iter 1460/1860 loss=0.6581 mean_loss=0.6523 classification=0.0087, bbox_regression=0.0425, bbox_ctrness=0.6069
epoch 37/50 iter 1480/1860 loss=0.6667 mean_loss=0.6522 classification=0.0052, bbox_regression=0.0620, bbox_ctrness=0.5995
epoch 37/50 iter 1500/1860 loss=0.6558 mean_loss=0.6522 classification=0.0079, bbox_regression=0.0477, bbox_ctrness=0.6002
epoch 37/50 iter 1520/1860 loss=0.7949 mean_loss=0.6523 classification=0.1456, bbox_regression=0.0427, bbox_ctrness=0.6066
epoch 37/50 iter 1540/1860 loss=0.6414 mean_loss=0.6523 classification=0.0069, bbox_regression=0.0437, bbox_ctrness=0.5908
epoch 37/50 iter 1560/1860 loss=0.6279 mean_loss=0.6522 classification=0.0030, bbox_regression=0.0429, bbox_ctrness=0.5820
epoch 37/50 iter 1580/1860 loss=0.6599 mean_loss=0.6523 classification=0.0117, bbox_regression=0.0407, bbox_ctrness=0.6075
epoch 37/50 iter 1600/1860 loss=0.6434 mean_loss=0.6523 classification=0.0040, bbox_regression=0.0444, bbox_ctrness=0.5951
epoch 37/50 iter 1620/1860 loss=0.6404 mean_loss=0.6523 classification=0.0004, bbox_regression=0.0347, bbox_ctrness=0.6052
epoch 37/50 iter 1640/1860 loss=0.6614 mean_loss=0.6523 classification=0.0094, bbox_regression=0.0458, bbox_ctrness=0.6062
epoch 37/50 iter 1660/1860 loss=0.6846 mean_loss=0.6523 classification=0.0356, bbox_regression=0.0496, bbox_ctrness=0.5995
epoch 37/50 iter 1680/1860 loss=0.6463 mean_loss=0.6523 classification=0.0061, bbox_regression=0.0466, bbox_ctrness=0.5936
epoch 37/50 iter 1700/1860 loss=0.6367 mean_loss=0.6524 classification=0.0028, bbox_regression=0.0401, bbox_ctrness=0.5937
epoch 37/50 iter 1720/1860 loss=0.6478 mean_loss=0.6524 classification=0.0055, bbox_regression=0.0425, bbox_ctrness=0.5999
epoch 37/50 iter 1740/1860 loss=0.6627 mean_loss=0.6523 classification=0.0019, bbox_regression=0.0444, bbox_ctrness=0.6163
epoch 37/50 iter 1760/1860 loss=0.6453 mean_loss=0.6525 classification=0.0054, bbox_regression=0.0459, bbox_ctrness=0.5941
epoch 37/50 iter 1780/1860 loss=0.6656 mean_loss=0.6525 classification=0.0140, bbox_regression=0.0475, bbox_ctrness=0.6040
epoch 37/50 iter 1800/1860 loss=0.6430 mean_loss=0.6525 classification=0.0015, bbox_regression=0.0500, bbox_ctrness=0.5915
epoch 37/50 iter 1820/1860 loss=0.7079 mean_loss=0.6526 classification=0.0255, bbox_regression=0.0529, bbox_ctrness=0.6296
epoch 37/50 iter 1840/1860 loss=0.6638 mean_loss=0.6526 classification=0.0008, bbox_regression=0.0463, bbox_ctrness=0.6167
epoch 37/50 iter 1860/1860 loss=0.6559 mean_loss=0.6526 classification=0.0121, bbox_regression=0.0481, bbox_ctrness=0.5957
epoch 37 validation Precision=0.7406 Recall=0.9419 AP50=0.9199 AP75=0.8403 eval_fps=20.87 epoch_time_sec=918.1
saved checkpoint: E:\RepViT-main\runs\v48_complete_ablation\training\ra_static_equal_seed2\weights\last.pt
epoch 38/50 iter 1/1860 loss=0.6503 mean_loss=0.6503 classification=0.0016, bbox_regression=0.0451, bbox_ctrness=0.6036
epoch 38/50 iter 20/1860 loss=0.6661 mean_loss=0.6516 classification=0.0030, bbox_regression=0.0562, bbox_ctrness=0.6069
epoch 38/50 iter 40/1860 loss=0.6504 mean_loss=0.6498 classification=0.0011, bbox_regression=0.0321, bbox_ctrness=0.6171
epoch 38/50 iter 60/1860 loss=0.6488 mean_loss=0.6527 classification=0.0077, bbox_regression=0.0517, bbox_ctrness=0.5894
epoch 38/50 iter 80/1860 loss=0.6343 mean_loss=0.6520 classification=0.0021, bbox_regression=0.0433, bbox_ctrness=0.5888
epoch 38/50 iter 100/1860 loss=0.6739 mean_loss=0.6520 classification=0.0064, bbox_regression=0.0606, bbox_ctrness=0.6069
epoch 38/50 iter 120/1860 loss=0.6363 mean_loss=0.6522 classification=0.0024, bbox_regression=0.0384, bbox_ctrness=0.5956
epoch 38/50 iter 140/1860 loss=0.6451 mean_loss=0.6521 classification=0.0007, bbox_regression=0.0467, bbox_ctrness=0.5977
epoch 38/50 iter 160/1860 loss=0.6491 mean_loss=0.6521 classification=0.0008, bbox_regression=0.0443, bbox_ctrness=0.6039
epoch 38/50 iter 180/1860 loss=0.6312 mean_loss=0.6517 classification=0.0075, bbox_regression=0.0398, bbox_ctrness=0.5839
epoch 38/50 iter 200/1860 loss=0.6426 mean_loss=0.6518 classification=0.0039, bbox_regression=0.0376, bbox_ctrness=0.6012
epoch 38/50 iter 220/1860 loss=0.6423 mean_loss=0.6511 classification=0.0054, bbox_regression=0.0450, bbox_ctrness=0.5919
epoch 38/50 iter 240/1860 loss=0.6580 mean_loss=0.6508 classification=0.0016, bbox_regression=0.0502, bbox_ctrness=0.6062
epoch 38/50 iter 260/1860 loss=0.6500 mean_loss=0.6505 classification=0.0006, bbox_regression=0.0481, bbox_ctrness=0.6013
epoch 38/50 iter 280/1860 loss=0.7116 mean_loss=0.6507 classification=0.0445, bbox_regression=0.0653, bbox_ctrness=0.6017
epoch 38/50 iter 300/1860 loss=0.6507 mean_loss=0.6505 classification=0.0013, bbox_regression=0.0478, bbox_ctrness=0.6016
epoch 38/50 iter 320/1860 loss=0.6526 mean_loss=0.6501 classification=0.0011, bbox_regression=0.0420, bbox_ctrness=0.6094
epoch 38/50 iter 340/1860 loss=0.6315 mean_loss=0.6497 classification=0.0015, bbox_regression=0.0418, bbox_ctrness=0.5882
epoch 38/50 iter 360/1860 loss=0.6653 mean_loss=0.6497 classification=0.0178, bbox_regression=0.0528, bbox_ctrness=0.5947
epoch 38/50 iter 380/1860 loss=0.6244 mean_loss=0.6496 classification=0.0073, bbox_regression=0.0378, bbox_ctrness=0.5793
epoch 38/50 iter 400/1860 loss=0.6388 mean_loss=0.6497 classification=0.0068, bbox_regression=0.0418, bbox_ctrness=0.5902
epoch 38/50 iter 420/1860 loss=0.6675 mean_loss=0.6497 classification=0.0087, bbox_regression=0.0520, bbox_ctrness=0.6068
epoch 38/50 iter 440/1860 loss=0.6418 mean_loss=0.6495 classification=0.0014, bbox_regression=0.0274, bbox_ctrness=0.6130
epoch 38/50 iter 460/1860 loss=0.6199 mean_loss=0.6491 classification=0.0043, bbox_regression=0.0371, bbox_ctrness=0.5785
epoch 38/50 iter 480/1860 loss=0.6721 mean_loss=0.6491 classification=0.0003, bbox_regression=0.0548, bbox_ctrness=0.6169
epoch 38/50 iter 500/1860 loss=0.6185 mean_loss=0.6492 classification=0.0008, bbox_regression=0.0363, bbox_ctrness=0.5813
epoch 38/50 iter 520/1860 loss=0.6264 mean_loss=0.6490 classification=0.0040, bbox_regression=0.0475, bbox_ctrness=0.5750
epoch 38/50 iter 540/1860 loss=0.6612 mean_loss=0.6493 classification=0.0025, bbox_regression=0.0418, bbox_ctrness=0.6168
epoch 38/50 iter 560/1860 loss=0.6493 mean_loss=0.6494 classification=0.0033, bbox_regression=0.0476, bbox_ctrness=0.5983
epoch 38/50 iter 580/1860 loss=0.6545 mean_loss=0.6495 classification=0.0148, bbox_regression=0.0389, bbox_ctrness=0.6009
epoch 38/50 iter 600/1860 loss=0.6358 mean_loss=0.6496 classification=0.0047, bbox_regression=0.0406, bbox_ctrness=0.5905
epoch 38/50 iter 620/1860 loss=0.6276 mean_loss=0.6496 classification=0.0091, bbox_regression=0.0419, bbox_ctrness=0.5765
epoch 38/50 iter 640/1860 loss=0.6407 mean_loss=0.6497 classification=0.0029, bbox_regression=0.0419, bbox_ctrness=0.5958
epoch 38/50 iter 660/1860 loss=0.6486 mean_loss=0.6496 classification=0.0077, bbox_regression=0.0491, bbox_ctrness=0.5918
epoch 38/50 iter 680/1860 loss=0.6411 mean_loss=0.6495 classification=0.0027, bbox_regression=0.0410, bbox_ctrness=0.5974
epoch 38/50 iter 700/1860 loss=0.6604 mean_loss=0.6495 classification=0.0065, bbox_regression=0.0572, bbox_ctrness=0.5968
epoch 38/50 iter 720/1860 loss=0.6686 mean_loss=0.6495 classification=0.0090, bbox_regression=0.0385, bbox_ctrness=0.6211
epoch 38/50 iter 740/1860 loss=0.6603 mean_loss=0.6497 classification=0.0064, bbox_regression=0.0486, bbox_ctrness=0.6053
epoch 38/50 iter 760/1860 loss=0.6537 mean_loss=0.6499 classification=0.0096, bbox_regression=0.0491, bbox_ctrness=0.5949
epoch 38/50 iter 780/1860 loss=0.6565 mean_loss=0.6498 classification=0.0033, bbox_regression=0.0509, bbox_ctrness=0.6023
epoch 38/50 iter 800/1860 loss=0.6575 mean_loss=0.6498 classification=0.0015, bbox_regression=0.0441, bbox_ctrness=0.6119
epoch 38/50 iter 820/1860 loss=0.6530 mean_loss=0.6497 classification=0.0063, bbox_regression=0.0485, bbox_ctrness=0.5981
epoch 38/50 iter 840/1860 loss=0.6582 mean_loss=0.6497 classification=0.0185, bbox_regression=0.0452, bbox_ctrness=0.5945
epoch 38/50 iter 860/1860 loss=0.6378 mean_loss=0.6500 classification=0.0011, bbox_regression=0.0357, bbox_ctrness=0.6010
epoch 38/50 iter 880/1860 loss=0.6435 mean_loss=0.6502 classification=0.0009, bbox_regression=0.0514, bbox_ctrness=0.5912
epoch 38/50 iter 900/1860 loss=0.6433 mean_loss=0.6502 classification=0.0039, bbox_regression=0.0437, bbox_ctrness=0.5957
epoch 38/50 iter 920/1860 loss=0.6481 mean_loss=0.6501 classification=0.0008, bbox_regression=0.0299, bbox_ctrness=0.6175
epoch 38/50 iter 940/1860 loss=0.6534 mean_loss=0.6502 classification=0.0063, bbox_regression=0.0572, bbox_ctrness=0.5899
epoch 38/50 iter 960/1860 loss=0.6457 mean_loss=0.6500 classification=0.0018, bbox_regression=0.0562, bbox_ctrness=0.5877
epoch 38/50 iter 980/1860 loss=0.6231 mean_loss=0.6501 classification=0.0039, bbox_regression=0.0453, bbox_ctrness=0.5739
epoch 38/50 iter 1000/1860 loss=0.6362 mean_loss=0.6500 classification=0.0081, bbox_regression=0.0396, bbox_ctrness=0.5884
epoch 38/50 iter 1020/1860 loss=0.6611 mean_loss=0.6500 classification=0.0165, bbox_regression=0.0474, bbox_ctrness=0.5971
epoch 38/50 iter 1040/1860 loss=0.6251 mean_loss=0.6499 classification=0.0012, bbox_regression=0.0375, bbox_ctrness=0.5864
epoch 38/50 iter 1060/1860 loss=0.6746 mean_loss=0.6499 classification=0.0063, bbox_regression=0.0555, bbox_ctrness=0.6128
epoch 38/50 iter 1080/1860 loss=0.6463 mean_loss=0.6498 classification=0.0063, bbox_regression=0.0492, bbox_ctrness=0.5909
epoch 38/50 iter 1100/1860 loss=0.6446 mean_loss=0.6497 classification=0.0001, bbox_regression=0.0404, bbox_ctrness=0.6040
epoch 38/50 iter 1120/1860 loss=0.6328 mean_loss=0.6496 classification=0.0010, bbox_regression=0.0362, bbox_ctrness=0.5957
epoch 38/50 iter 1140/1860 loss=0.6327 mean_loss=0.6498 classification=0.0059, bbox_regression=0.0366, bbox_ctrness=0.5902
epoch 38/50 iter 1160/1860 loss=0.6393 mean_loss=0.6498 classification=0.0029, bbox_regression=0.0400, bbox_ctrness=0.5965
epoch 38/50 iter 1180/1860 loss=0.6734 mean_loss=0.6500 classification=0.0076, bbox_regression=0.0545, bbox_ctrness=0.6113
epoch 38/50 iter 1200/1860 loss=0.6594 mean_loss=0.6501 classification=0.0075, bbox_regression=0.0739, bbox_ctrness=0.5780
epoch 38/50 iter 1220/1860 loss=0.6758 mean_loss=0.6504 classification=0.0092, bbox_regression=0.0547, bbox_ctrness=0.6120
epoch 38/50 iter 1240/1860 loss=0.6344 mean_loss=0.6506 classification=0.0090, bbox_regression=0.0344, bbox_ctrness=0.5909
epoch 38/50 iter 1260/1860 loss=0.6615 mean_loss=0.6506 classification=0.0020, bbox_regression=0.0528, bbox_ctrness=0.6067
epoch 38/50 iter 1280/1860 loss=0.6605 mean_loss=0.6506 classification=0.0219, bbox_regression=0.0443, bbox_ctrness=0.5943
epoch 38/50 iter 1300/1860 loss=0.6661 mean_loss=0.6506 classification=0.0104, bbox_regression=0.0372, bbox_ctrness=0.6185
epoch 38/50 iter 1320/1860 loss=0.6564 mean_loss=0.6506 classification=0.0065, bbox_regression=0.0522, bbox_ctrness=0.5977
epoch 38/50 iter 1340/1860 loss=0.6460 mean_loss=0.6506 classification=0.0015, bbox_regression=0.0465, bbox_ctrness=0.5980
epoch 38/50 iter 1360/1860 loss=0.6538 mean_loss=0.6505 classification=0.0002, bbox_regression=0.0452, bbox_ctrness=0.6084
epoch 38/50 iter 1380/1860 loss=0.6685 mean_loss=0.6504 classification=0.0015, bbox_regression=0.0672, bbox_ctrness=0.5998
epoch 38/50 iter 1400/1860 loss=0.6680 mean_loss=0.6504 classification=0.0026, bbox_regression=0.0549, bbox_ctrness=0.6106
epoch 38/50 iter 1420/1860 loss=0.6422 mean_loss=0.6504 classification=0.0008, bbox_regression=0.0357, bbox_ctrness=0.6057
epoch 38/50 iter 1440/1860 loss=0.6476 mean_loss=0.6502 classification=0.0060, bbox_regression=0.0485, bbox_ctrness=0.5931
epoch 38/50 iter 1460/1860 loss=0.6419 mean_loss=0.6502 classification=0.0100, bbox_regression=0.0459, bbox_ctrness=0.5860
epoch 38/50 iter 1480/1860 loss=0.7301 mean_loss=0.6502 classification=0.0405, bbox_regression=0.0588, bbox_ctrness=0.6309
epoch 38/50 iter 1500/1860 loss=0.6332 mean_loss=0.6502 classification=0.0070, bbox_regression=0.0377, bbox_ctrness=0.5885
epoch 38/50 iter 1520/1860 loss=0.6309 mean_loss=0.6501 classification=0.0037, bbox_regression=0.0494, bbox_ctrness=0.5779
epoch 38/50 iter 1540/1860 loss=0.6435 mean_loss=0.6500 classification=0.0054, bbox_regression=0.0369, bbox_ctrness=0.6011
epoch 38/50 iter 1560/1860 loss=0.6387 mean_loss=0.6499 classification=0.0011, bbox_regression=0.0433, bbox_ctrness=0.5943
epoch 38/50 iter 1580/1860 loss=0.6236 mean_loss=0.6498 classification=0.0037, bbox_regression=0.0407, bbox_ctrness=0.5792
epoch 38/50 iter 1600/1860 loss=0.6599 mean_loss=0.6497 classification=0.0002, bbox_regression=0.0463, bbox_ctrness=0.6133
epoch 38/50 iter 1620/1860 loss=0.6517 mean_loss=0.6497 classification=0.0013, bbox_regression=0.0469, bbox_ctrness=0.6035
epoch 38/50 iter 1640/1860 loss=0.6505 mean_loss=0.6496 classification=0.0086, bbox_regression=0.0509, bbox_ctrness=0.5910
epoch 38/50 iter 1660/1860 loss=0.6196 mean_loss=0.6496 classification=0.0018, bbox_regression=0.0322, bbox_ctrness=0.5856
epoch 38/50 iter 1680/1860 loss=0.6489 mean_loss=0.6496 classification=0.0037, bbox_regression=0.0313, bbox_ctrness=0.6139
epoch 38/50 iter 1700/1860 loss=0.6475 mean_loss=0.6496 classification=0.0028, bbox_regression=0.0444, bbox_ctrness=0.6003
epoch 38/50 iter 1720/1860 loss=0.6428 mean_loss=0.6496 classification=0.0049, bbox_regression=0.0429, bbox_ctrness=0.5950
epoch 38/50 iter 1740/1860 loss=0.6521 mean_loss=0.6496 classification=0.0006, bbox_regression=0.0575, bbox_ctrness=0.5940
epoch 38/50 iter 1760/1860 loss=0.6388 mean_loss=0.6496 classification=0.0042, bbox_regression=0.0521, bbox_ctrness=0.5825
epoch 38/50 iter 1780/1860 loss=0.6274 mean_loss=0.6496 classification=0.0015, bbox_regression=0.0499, bbox_ctrness=0.5760
epoch 38/50 iter 1800/1860 loss=0.6499 mean_loss=0.6496 classification=0.0044, bbox_regression=0.0395, bbox_ctrness=0.6059
epoch 38/50 iter 1820/1860 loss=0.6468 mean_loss=0.6497 classification=0.0120, bbox_regression=0.0406, bbox_ctrness=0.5942
epoch 38/50 iter 1840/1860 loss=0.6398 mean_loss=0.6497 classification=0.0073, bbox_regression=0.0382, bbox_ctrness=0.5943
epoch 38/50 iter 1860/1860 loss=0.6448 mean_loss=0.6498 classification=0.0005, bbox_regression=0.0421, bbox_ctrness=0.6022
epoch 38 validation Precision=0.8167 Recall=0.9213 AP50=0.9049 AP75=0.8273 eval_fps=21.24 epoch_time_sec=921.7
saved checkpoint: E:\RepViT-main\runs\v48_complete_ablation\training\ra_static_equal_seed2\weights\last.pt
epoch 39/50 iter 1/1860 loss=0.6517 mean_loss=0.6517 classification=0.0016, bbox_regression=0.0356, bbox_ctrness=0.6146
epoch 39/50 iter 20/1860 loss=0.6318 mean_loss=0.6472 classification=0.0145, bbox_regression=0.0375, bbox_ctrness=0.5798
epoch 39/50 iter 40/1860 loss=0.6426 mean_loss=0.6422 classification=0.0046, bbox_regression=0.0495, bbox_ctrness=0.5885
epoch 39/50 iter 60/1860 loss=0.6595 mean_loss=0.6459 classification=0.0147, bbox_regression=0.0644, bbox_ctrness=0.5804
epoch 39/50 iter 80/1860 loss=0.6626 mean_loss=0.6458 classification=0.0029, bbox_regression=0.0525, bbox_ctrness=0.6072
epoch 39/50 iter 100/1860 loss=0.6480 mean_loss=0.6474 classification=0.0075, bbox_regression=0.0315, bbox_ctrness=0.6090
epoch 39/50 iter 120/1860 loss=0.6675 mean_loss=0.6473 classification=0.0233, bbox_regression=0.0488, bbox_ctrness=0.5954
epoch 39/50 iter 140/1860 loss=0.6268 mean_loss=0.6467 classification=0.0006, bbox_regression=0.0348, bbox_ctrness=0.5914
epoch 39/50 iter 160/1860 loss=0.6492 mean_loss=0.6468 classification=0.0006, bbox_regression=0.0449, bbox_ctrness=0.6038
epoch 39/50 iter 180/1860 loss=0.6341 mean_loss=0.6468 classification=0.0026, bbox_regression=0.0358, bbox_ctrness=0.5957
epoch 39/50 iter 200/1860 loss=0.6352 mean_loss=0.6467 classification=0.0088, bbox_regression=0.0375, bbox_ctrness=0.5890
epoch 39/50 iter 220/1860 loss=0.6459 mean_loss=0.6461 classification=0.0006, bbox_regression=0.0333, bbox_ctrness=0.6119
epoch 39/50 iter 240/1860 loss=0.6636 mean_loss=0.6471 classification=0.0118, bbox_regression=0.0447, bbox_ctrness=0.6070
epoch 39/50 iter 260/1860 loss=0.6354 mean_loss=0.6478 classification=0.0001, bbox_regression=0.0267, bbox_ctrness=0.6087
epoch 39/50 iter 280/1860 loss=0.6344 mean_loss=0.6485 classification=0.0031, bbox_regression=0.0448, bbox_ctrness=0.5865
epoch 39/50 iter 300/1860 loss=0.6634 mean_loss=0.6489 classification=0.0133, bbox_regression=0.0567, bbox_ctrness=0.5934
epoch 39/50 iter 320/1860 loss=0.6350 mean_loss=0.6493 classification=0.0003, bbox_regression=0.0400, bbox_ctrness=0.5947
epoch 39/50 iter 340/1860 loss=0.6452 mean_loss=0.6491 classification=0.0137, bbox_regression=0.0479, bbox_ctrness=0.5836
epoch 39/50 iter 360/1860 loss=0.6284 mean_loss=0.6491 classification=0.0090, bbox_regression=0.0347, bbox_ctrness=0.5848
epoch 39/50 iter 380/1860 loss=0.6185 mean_loss=0.6490 classification=0.0016, bbox_regression=0.0354, bbox_ctrness=0.5816
epoch 39/50 iter 400/1860 loss=0.6579 mean_loss=0.6488 classification=0.0036, bbox_regression=0.0443, bbox_ctrness=0.6100
epoch 39/50 iter 420/1860 loss=0.6382 mean_loss=0.6487 classification=0.0008, bbox_regression=0.0422, bbox_ctrness=0.5952
epoch 39/50 iter 440/1860 loss=0.6647 mean_loss=0.6486 classification=0.0010, bbox_regression=0.0542, bbox_ctrness=0.6095
epoch 39/50 iter 460/1860 loss=0.6505 mean_loss=0.6482 classification=0.0042, bbox_regression=0.0605, bbox_ctrness=0.5858
epoch 39/50 iter 480/1860 loss=0.6510 mean_loss=0.6483 classification=0.0025, bbox_regression=0.0560, bbox_ctrness=0.5925
epoch 39/50 iter 500/1860 loss=0.6524 mean_loss=0.6486 classification=0.0028, bbox_regression=0.0465, bbox_ctrness=0.6031
epoch 39/50 iter 520/1860 loss=0.6584 mean_loss=0.6485 classification=0.0091, bbox_regression=0.0492, bbox_ctrness=0.6001
epoch 39/50 iter 540/1860 loss=0.6310 mean_loss=0.6484 classification=0.0014, bbox_regression=0.0338, bbox_ctrness=0.5959
epoch 39/50 iter 560/1860 loss=0.6170 mean_loss=0.6484 classification=0.0010, bbox_regression=0.0325, bbox_ctrness=0.5835
epoch 39/50 iter 580/1860 loss=0.6438 mean_loss=0.6483 classification=0.0031, bbox_regression=0.0388, bbox_ctrness=0.6019
epoch 39/50 iter 600/1860 loss=0.6428 mean_loss=0.6481 classification=0.0011, bbox_regression=0.0374, bbox_ctrness=0.6043
epoch 39/50 iter 620/1860 loss=0.6447 mean_loss=0.6482 classification=0.0055, bbox_regression=0.0507, bbox_ctrness=0.5885
epoch 39/50 iter 640/1860 loss=0.6321 mean_loss=0.6483 classification=0.0014, bbox_regression=0.0441, bbox_ctrness=0.5865
epoch 39/50 iter 660/1860 loss=0.6382 mean_loss=0.6483 classification=0.0007, bbox_regression=0.0402, bbox_ctrness=0.5974
epoch 39/50 iter 680/1860 loss=0.6376 mean_loss=0.6484 classification=0.0032, bbox_regression=0.0440, bbox_ctrness=0.5904
epoch 39/50 iter 700/1860 loss=0.6520 mean_loss=0.6486 classification=0.0040, bbox_regression=0.0431, bbox_ctrness=0.6049
epoch 39/50 iter 720/1860 loss=0.6357 mean_loss=0.6485 classification=0.0035, bbox_regression=0.0388, bbox_ctrness=0.5934
epoch 39/50 iter 740/1860 loss=0.6434 mean_loss=0.6484 classification=0.0026, bbox_regression=0.0492, bbox_ctrness=0.5916
epoch 39/50 iter 760/1860 loss=0.6314 mean_loss=0.6482 classification=0.0013, bbox_regression=0.0453, bbox_ctrness=0.5848
epoch 39/50 iter 780/1860 loss=0.6638 mean_loss=0.6481 classification=0.0130, bbox_regression=0.0534, bbox_ctrness=0.5974
epoch 39/50 iter 800/1860 loss=0.6472 mean_loss=0.6481 classification=0.0040, bbox_regression=0.0449, bbox_ctrness=0.5983
epoch 39/50 iter 820/1860 loss=0.6202 mean_loss=0.6482 classification=0.0018, bbox_regression=0.0346, bbox_ctrness=0.5838
epoch 39/50 iter 840/1860 loss=0.6506 mean_loss=0.6483 classification=0.0025, bbox_regression=0.0475, bbox_ctrness=0.6006
epoch 39/50 iter 860/1860 loss=0.6455 mean_loss=0.6484 classification=0.0019, bbox_regression=0.0454, bbox_ctrness=0.5981
epoch 39/50 iter 880/1860 loss=0.6411 mean_loss=0.6484 classification=0.0014, bbox_regression=0.0511, bbox_ctrness=0.5885
epoch 39/50 iter 900/1860 loss=0.6423 mean_loss=0.6485 classification=0.0068, bbox_regression=0.0463, bbox_ctrness=0.5892
epoch 39/50 iter 920/1860 loss=0.6623 mean_loss=0.6485 classification=0.0009, bbox_regression=0.0581, bbox_ctrness=0.6032
epoch 39/50 iter 940/1860 loss=0.6547 mean_loss=0.6486 classification=0.0089, bbox_regression=0.0393, bbox_ctrness=0.6065
epoch 39/50 iter 960/1860 loss=0.6226 mean_loss=0.6485 classification=0.0021, bbox_regression=0.0346, bbox_ctrness=0.5859
epoch 39/50 iter 980/1860 loss=0.6182 mean_loss=0.6484 classification=0.0044, bbox_regression=0.0358, bbox_ctrness=0.5779
epoch 39/50 iter 1000/1860 loss=0.7216 mean_loss=0.6485 classification=0.0629, bbox_regression=0.0652, bbox_ctrness=0.5935
epoch 39/50 iter 1020/1860 loss=0.6362 mean_loss=0.6486 classification=0.0068, bbox_regression=0.0498, bbox_ctrness=0.5796
epoch 39/50 iter 1040/1860 loss=0.6722 mean_loss=0.6487 classification=0.0089, bbox_regression=0.0656, bbox_ctrness=0.5977
epoch 39/50 iter 1060/1860 loss=0.6532 mean_loss=0.6488 classification=0.0121, bbox_regression=0.0419, bbox_ctrness=0.5992
epoch 39/50 iter 1080/1860 loss=0.6341 mean_loss=0.6487 classification=0.0007, bbox_regression=0.0431, bbox_ctrness=0.5903
epoch 39/50 iter 1100/1860 loss=0.6452 mean_loss=0.6488 classification=0.0025, bbox_regression=0.0371, bbox_ctrness=0.6056
epoch 39/50 iter 1120/1860 loss=0.6451 mean_loss=0.6488 classification=0.0031, bbox_regression=0.0445, bbox_ctrness=0.5975
epoch 39/50 iter 1140/1860 loss=0.6843 mean_loss=0.6488 classification=0.0194, bbox_regression=0.0499, bbox_ctrness=0.6150
epoch 39/50 iter 1160/1860 loss=0.6462 mean_loss=0.6490 classification=0.0030, bbox_regression=0.0453, bbox_ctrness=0.5979
epoch 39/50 iter 1180/1860 loss=0.6200 mean_loss=0.6490 classification=0.0022, bbox_regression=0.0351, bbox_ctrness=0.5827
epoch 39/50 iter 1200/1860 loss=0.6402 mean_loss=0.6490 classification=0.0030, bbox_regression=0.0511, bbox_ctrness=0.5861
epoch 39/50 iter 1220/1860 loss=0.6541 mean_loss=0.6492 classification=0.0077, bbox_regression=0.0404, bbox_ctrness=0.6060
epoch 39/50 iter 1240/1860 loss=0.6447 mean_loss=0.6492 classification=0.0069, bbox_regression=0.0429, bbox_ctrness=0.5949
epoch 39/50 iter 1260/1860 loss=0.6876 mean_loss=0.6493 classification=0.0049, bbox_regression=0.0642, bbox_ctrness=0.6185
epoch 39/50 iter 1280/1860 loss=0.7165 mean_loss=0.6494 classification=0.0014, bbox_regression=0.0883, bbox_ctrness=0.6268
epoch 39/50 iter 1300/1860 loss=0.6416 mean_loss=0.6494 classification=0.0066, bbox_regression=0.0433, bbox_ctrness=0.5918
epoch 39/50 iter 1320/1860 loss=0.6424 mean_loss=0.6495 classification=0.0056, bbox_regression=0.0401, bbox_ctrness=0.5968
epoch 39/50 iter 1340/1860 loss=0.6498 mean_loss=0.6494 classification=0.0033, bbox_regression=0.0445, bbox_ctrness=0.6020
epoch 39/50 iter 1360/1860 loss=0.6555 mean_loss=0.6494 classification=0.0001, bbox_regression=0.0433, bbox_ctrness=0.6121
epoch 39/50 iter 1380/1860 loss=0.6194 mean_loss=0.6494 classification=0.0009, bbox_regression=0.0322, bbox_ctrness=0.5863
epoch 39/50 iter 1400/1860 loss=0.6733 mean_loss=0.6497 classification=0.0042, bbox_regression=0.0575, bbox_ctrness=0.6116
epoch 39/50 iter 1420/1860 loss=0.6667 mean_loss=0.6498 classification=0.0190, bbox_regression=0.0529, bbox_ctrness=0.5948
epoch 39/50 iter 1440/1860 loss=0.6453 mean_loss=0.6500 classification=0.0084, bbox_regression=0.0488, bbox_ctrness=0.5880
epoch 39/50 iter 1460/1860 loss=0.6493 mean_loss=0.6500 classification=0.0041, bbox_regression=0.0477, bbox_ctrness=0.5975
epoch 39/50 iter 1480/1860 loss=0.6416 mean_loss=0.6501 classification=0.0026, bbox_regression=0.0386, bbox_ctrness=0.6004
epoch 39/50 iter 1500/1860 loss=0.6434 mean_loss=0.6501 classification=0.0152, bbox_regression=0.0384, bbox_ctrness=0.5899
epoch 39/50 iter 1520/1860 loss=0.6316 mean_loss=0.6501 classification=0.0036, bbox_regression=0.0407, bbox_ctrness=0.5872
epoch 39/50 iter 1540/1860 loss=0.6220 mean_loss=0.6500 classification=0.0031, bbox_regression=0.0391, bbox_ctrness=0.5798
epoch 39/50 iter 1560/1860 loss=0.6425 mean_loss=0.6501 classification=0.0114, bbox_regression=0.0394, bbox_ctrness=0.5916
epoch 39/50 iter 1580/1860 loss=0.6822 mean_loss=0.6501 classification=0.0161, bbox_regression=0.0647, bbox_ctrness=0.6015
epoch 39/50 iter 1600/1860 loss=0.6291 mean_loss=0.6501 classification=0.0059, bbox_regression=0.0375, bbox_ctrness=0.5858
epoch 39/50 iter 1620/1860 loss=0.6255 mean_loss=0.6500 classification=0.0013, bbox_regression=0.0428, bbox_ctrness=0.5814
epoch 39/50 iter 1640/1860 loss=0.6620 mean_loss=0.6500 classification=0.0004, bbox_regression=0.0566, bbox_ctrness=0.6051
epoch 39/50 iter 1660/1860 loss=0.6647 mean_loss=0.6500 classification=0.0013, bbox_regression=0.0504, bbox_ctrness=0.6130
epoch 39/50 iter 1680/1860 loss=0.6556 mean_loss=0.6499 classification=0.0029, bbox_regression=0.0495, bbox_ctrness=0.6032
epoch 39/50 iter 1700/1860 loss=0.6358 mean_loss=0.6499 classification=0.0019, bbox_regression=0.0403, bbox_ctrness=0.5936
epoch 39/50 iter 1720/1860 loss=0.6484 mean_loss=0.6499 classification=0.0031, bbox_regression=0.0589, bbox_ctrness=0.5864
epoch 39/50 iter 1740/1860 loss=0.6443 mean_loss=0.6499 classification=0.0015, bbox_regression=0.0407, bbox_ctrness=0.6022
epoch 39/50 iter 1760/1860 loss=0.6756 mean_loss=0.6500 classification=0.0016, bbox_regression=0.0683, bbox_ctrness=0.6057
epoch 39/50 iter 1780/1860 loss=0.6609 mean_loss=0.6500 classification=0.0113, bbox_regression=0.0457, bbox_ctrness=0.6039
epoch 39/50 iter 1800/1860 loss=0.6506 mean_loss=0.6500 classification=0.0009, bbox_regression=0.0394, bbox_ctrness=0.6102
epoch 39/50 iter 1820/1860 loss=0.6726 mean_loss=0.6502 classification=0.0104, bbox_regression=0.0417, bbox_ctrness=0.6205
epoch 39/50 iter 1840/1860 loss=0.6328 mean_loss=0.6502 classification=0.0044, bbox_regression=0.0379, bbox_ctrness=0.5905
epoch 39/50 iter 1860/1860 loss=0.6300 mean_loss=0.6501 classification=0.0030, bbox_regression=0.0415, bbox_ctrness=0.5855
epoch 39 validation Precision=0.7217 Recall=0.9395 AP50=0.9149 AP75=0.8299 eval_fps=19.81 epoch_time_sec=931.4
saved checkpoint: E:\RepViT-main\runs\v48_complete_ablation\training\ra_static_equal_seed2\weights\last.pt
epoch 40/50 iter 1/1860 loss=0.6444 mean_loss=0.6444 classification=0.0004, bbox_regression=0.0300, bbox_ctrness=0.6140
epoch 40/50 iter 20/1860 loss=0.6560 mean_loss=0.6468 classification=0.0015, bbox_regression=0.0482, bbox_ctrness=0.6064
epoch 40/50 iter 40/1860 loss=0.6404 mean_loss=0.6452 classification=0.0022, bbox_regression=0.0401, bbox_ctrness=0.5981
epoch 40/50 iter 60/1860 loss=0.6566 mean_loss=0.6441 classification=0.0080, bbox_regression=0.0468, bbox_ctrness=0.6018
epoch 40/50 iter 80/1860 loss=0.6437 mean_loss=0.6457 classification=0.0031, bbox_regression=0.0461, bbox_ctrness=0.5945
epoch 40/50 iter 100/1860 loss=0.6339 mean_loss=0.6454 classification=0.0007, bbox_regression=0.0383, bbox_ctrness=0.5949
epoch 40/50 iter 120/1860 loss=0.6628 mean_loss=0.6461 classification=0.0047, bbox_regression=0.0611, bbox_ctrness=0.5971
epoch 40/50 iter 140/1860 loss=0.6540 mean_loss=0.6465 classification=0.0071, bbox_regression=0.0461, bbox_ctrness=0.6008
epoch 40/50 iter 160/1860 loss=0.6413 mean_loss=0.6457 classification=0.0002, bbox_regression=0.0494, bbox_ctrness=0.5918
epoch 40/50 iter 180/1860 loss=0.6671 mean_loss=0.6465 classification=0.0070, bbox_regression=0.0444, bbox_ctrness=0.6157
epoch 40/50 iter 200/1860 loss=0.6359 mean_loss=0.6465 classification=0.0008, bbox_regression=0.0398, bbox_ctrness=0.5953
epoch 40/50 iter 220/1860 loss=0.6432 mean_loss=0.6461 classification=0.0059, bbox_regression=0.0438, bbox_ctrness=0.5935
epoch 40/50 iter 240/1860 loss=0.6405 mean_loss=0.6464 classification=0.0042, bbox_regression=0.0447, bbox_ctrness=0.5917
epoch 40/50 iter 260/1860 loss=0.6321 mean_loss=0.6465 classification=0.0031, bbox_regression=0.0395, bbox_ctrness=0.5894
epoch 40/50 iter 280/1860 loss=0.6416 mean_loss=0.6466 classification=0.0023, bbox_regression=0.0417, bbox_ctrness=0.5977
epoch 40/50 iter 300/1860 loss=0.6466 mean_loss=0.6464 classification=0.0032, bbox_regression=0.0402, bbox_ctrness=0.6033
epoch 40/50 iter 320/1860 loss=0.7008 mean_loss=0.6465 classification=0.0601, bbox_regression=0.0479, bbox_ctrness=0.5928
epoch 40/50 iter 340/1860 loss=0.6459 mean_loss=0.6463 classification=0.0015, bbox_regression=0.0345, bbox_ctrness=0.6100
epoch 40/50 iter 360/1860 loss=0.6540 mean_loss=0.6463 classification=0.0195, bbox_regression=0.0387, bbox_ctrness=0.5958
epoch 40/50 iter 380/1860 loss=0.6614 mean_loss=0.6460 classification=0.0003, bbox_regression=0.0497, bbox_ctrness=0.6113
epoch 40/50 iter 400/1860 loss=0.6577 mean_loss=0.6464 classification=0.0065, bbox_regression=0.0607, bbox_ctrness=0.5905
epoch 40/50 iter 420/1860 loss=0.6640 mean_loss=0.6467 classification=0.0011, bbox_regression=0.0381, bbox_ctrness=0.6248
epoch 40/50 iter 440/1860 loss=0.6607 mean_loss=0.6467 classification=0.0118, bbox_regression=0.0572, bbox_ctrness=0.5917
epoch 40/50 iter 460/1860 loss=0.6132 mean_loss=0.6470 classification=0.0028, bbox_regression=0.0359, bbox_ctrness=0.5745
epoch 40/50 iter 480/1860 loss=0.6457 mean_loss=0.6471 classification=0.0074, bbox_regression=0.0403, bbox_ctrness=0.5981
epoch 40/50 iter 500/1860 loss=0.6304 mean_loss=0.6471 classification=0.0006, bbox_regression=0.0348, bbox_ctrness=0.5950
epoch 40/50 iter 520/1860 loss=0.6332 mean_loss=0.6471 classification=0.0013, bbox_regression=0.0458, bbox_ctrness=0.5861
epoch 40/50 iter 540/1860 loss=0.6629 mean_loss=0.6473 classification=0.0021, bbox_regression=0.0526, bbox_ctrness=0.6082
epoch 40/50 iter 560/1860 loss=0.6494 mean_loss=0.6471 classification=0.0019, bbox_regression=0.0365, bbox_ctrness=0.6110
epoch 40/50 iter 580/1860 loss=0.6747 mean_loss=0.6471 classification=0.0002, bbox_regression=0.0591, bbox_ctrness=0.6154
epoch 40/50 iter 600/1860 loss=0.6438 mean_loss=0.6470 classification=0.0046, bbox_regression=0.0432, bbox_ctrness=0.5959
epoch 40/50 iter 620/1860 loss=0.6767 mean_loss=0.6469 classification=0.0008, bbox_regression=0.0685, bbox_ctrness=0.6075
epoch 40/50 iter 640/1860 loss=0.6351 mean_loss=0.6472 classification=0.0006, bbox_regression=0.0398, bbox_ctrness=0.5948
epoch 40/50 iter 660/1860 loss=0.6426 mean_loss=0.6473 classification=0.0008, bbox_regression=0.0397, bbox_ctrness=0.6021
epoch 40/50 iter 680/1860 loss=0.6558 mean_loss=0.6474 classification=0.0059, bbox_regression=0.0456, bbox_ctrness=0.6043
epoch 40/50 iter 700/1860 loss=0.6392 mean_loss=0.6474 classification=0.0003, bbox_regression=0.0355, bbox_ctrness=0.6034
epoch 40/50 iter 720/1860 loss=0.6545 mean_loss=0.6472 classification=0.0005, bbox_regression=0.0444, bbox_ctrness=0.6096
epoch 40/50 iter 740/1860 loss=0.6499 mean_loss=0.6473 classification=0.0015, bbox_regression=0.0391, bbox_ctrness=0.6092
epoch 40/50 iter 760/1860 loss=0.6501 mean_loss=0.6473 classification=0.0071, bbox_regression=0.0414, bbox_ctrness=0.6016
epoch 40/50 iter 780/1860 loss=0.6365 mean_loss=0.6473 classification=0.0022, bbox_regression=0.0450, bbox_ctrness=0.5894
epoch 40/50 iter 800/1860 loss=0.6422 mean_loss=0.6472 classification=0.0011, bbox_regression=0.0388, bbox_ctrness=0.6023
epoch 40/50 iter 820/1860 loss=0.7309 mean_loss=0.6475 classification=0.0325, bbox_regression=0.0998, bbox_ctrness=0.5986
epoch 40/50 iter 840/1860 loss=0.6568 mean_loss=0.6476 classification=0.0167, bbox_regression=0.0487, bbox_ctrness=0.5914
epoch 40/50 iter 860/1860 loss=0.6772 mean_loss=0.6477 classification=0.0042, bbox_regression=0.0509, bbox_ctrness=0.6221
epoch 40/50 iter 880/1860 loss=0.6456 mean_loss=0.6476 classification=0.0041, bbox_regression=0.0464, bbox_ctrness=0.5951
epoch 40/50 iter 900/1860 loss=0.6565 mean_loss=0.6474 classification=0.0139, bbox_regression=0.0440, bbox_ctrness=0.5986
epoch 40/50 iter 920/1860 loss=0.6440 mean_loss=0.6475 classification=0.0009, bbox_regression=0.0469, bbox_ctrness=0.5962
epoch 40/50 iter 940/1860 loss=0.6782 mean_loss=0.6475 classification=0.0184, bbox_regression=0.0420, bbox_ctrness=0.6179
epoch 40/50 iter 960/1860 loss=0.6224 mean_loss=0.6474 classification=0.0027, bbox_regression=0.0492, bbox_ctrness=0.5705
epoch 40/50 iter 980/1860 loss=0.6405 mean_loss=0.6475 classification=0.0025, bbox_regression=0.0396, bbox_ctrness=0.5984
epoch 40/50 iter 1000/1860 loss=0.6568 mean_loss=0.6477 classification=0.0020, bbox_regression=0.0436, bbox_ctrness=0.6112
epoch 40/50 iter 1020/1860 loss=0.6475 mean_loss=0.6478 classification=0.0011, bbox_regression=0.0412, bbox_ctrness=0.6052
epoch 40/50 iter 1040/1860 loss=0.6663 mean_loss=0.6477 classification=0.0062, bbox_regression=0.0607, bbox_ctrness=0.5994
epoch 40/50 iter 1060/1860 loss=0.6481 mean_loss=0.6476 classification=0.0004, bbox_regression=0.0393, bbox_ctrness=0.6085
epoch 40/50 iter 1080/1860 loss=0.6383 mean_loss=0.6476 classification=0.0010, bbox_regression=0.0401, bbox_ctrness=0.5972
epoch 40/50 iter 1100/1860 loss=0.6244 mean_loss=0.6475 classification=0.0054, bbox_regression=0.0341, bbox_ctrness=0.5849
epoch 40/50 iter 1120/1860 loss=0.6498 mean_loss=0.6475 classification=0.0055, bbox_regression=0.0444, bbox_ctrness=0.5998
epoch 40/50 iter 1140/1860 loss=0.6418 mean_loss=0.6477 classification=0.0012, bbox_regression=0.0404, bbox_ctrness=0.6002
epoch 40/50 iter 1160/1860 loss=0.6516 mean_loss=0.6478 classification=0.0126, bbox_regression=0.0574, bbox_ctrness=0.5816
epoch 40/50 iter 1180/1860 loss=0.6441 mean_loss=0.6478 classification=0.0007, bbox_regression=0.0551, bbox_ctrness=0.5882
epoch 40/50 iter 1200/1860 loss=0.6494 mean_loss=0.6478 classification=0.0092, bbox_regression=0.0480, bbox_ctrness=0.5922
epoch 40/50 iter 1220/1860 loss=0.6578 mean_loss=0.6478 classification=0.0037, bbox_regression=0.0514, bbox_ctrness=0.6027
epoch 40/50 iter 1240/1860 loss=0.7001 mean_loss=0.6479 classification=0.0341, bbox_regression=0.0515, bbox_ctrness=0.6145
epoch 40/50 iter 1260/1860 loss=0.6515 mean_loss=0.6480 classification=0.0095, bbox_regression=0.0426, bbox_ctrness=0.5994
epoch 40/50 iter 1280/1860 loss=0.6566 mean_loss=0.6480 classification=0.0049, bbox_regression=0.0514, bbox_ctrness=0.6004
epoch 40/50 iter 1300/1860 loss=0.6326 mean_loss=0.6480 classification=0.0026, bbox_regression=0.0428, bbox_ctrness=0.5871
epoch 40/50 iter 1320/1860 loss=0.6494 mean_loss=0.6479 classification=0.0024, bbox_regression=0.0384, bbox_ctrness=0.6087
epoch 40/50 iter 1340/1860 loss=0.6464 mean_loss=0.6479 classification=0.0008, bbox_regression=0.0324, bbox_ctrness=0.6131
epoch 40/50 iter 1360/1860 loss=0.6648 mean_loss=0.6479 classification=0.0233, bbox_regression=0.0441, bbox_ctrness=0.5973
epoch 40/50 iter 1380/1860 loss=0.7605 mean_loss=0.6480 classification=0.0825, bbox_regression=0.0784, bbox_ctrness=0.5996
epoch 40/50 iter 1400/1860 loss=0.6375 mean_loss=0.6481 classification=0.0070, bbox_regression=0.0441, bbox_ctrness=0.5864
epoch 40/50 iter 1420/1860 loss=0.6357 mean_loss=0.6480 classification=0.0022, bbox_regression=0.0393, bbox_ctrness=0.5942
epoch 40/50 iter 1440/1860 loss=0.6533 mean_loss=0.6480 classification=0.0076, bbox_regression=0.0375, bbox_ctrness=0.6082
epoch 40/50 iter 1460/1860 loss=0.6310 mean_loss=0.6481 classification=0.0033, bbox_regression=0.0435, bbox_ctrness=0.5842
epoch 40/50 iter 1480/1860 loss=0.6496 mean_loss=0.6482 classification=0.0011, bbox_regression=0.0575, bbox_ctrness=0.5910
epoch 40/50 iter 1500/1860 loss=0.6569 mean_loss=0.6482 classification=0.0118, bbox_regression=0.0481, bbox_ctrness=0.5969
epoch 40/50 iter 1520/1860 loss=0.6460 mean_loss=0.6482 classification=0.0090, bbox_regression=0.0464, bbox_ctrness=0.5906
epoch 40/50 iter 1540/1860 loss=0.6449 mean_loss=0.6482 classification=0.0068, bbox_regression=0.0377, bbox_ctrness=0.6004
epoch 40/50 iter 1560/1860 loss=0.6533 mean_loss=0.6481 classification=0.0020, bbox_regression=0.0440, bbox_ctrness=0.6073
epoch 40/50 iter 1580/1860 loss=0.6422 mean_loss=0.6481 classification=0.0023, bbox_regression=0.0424, bbox_ctrness=0.5974
epoch 40/50 iter 1600/1860 loss=0.6624 mean_loss=0.6481 classification=0.0015, bbox_regression=0.0536, bbox_ctrness=0.6073
epoch 40/50 iter 1620/1860 loss=0.6491 mean_loss=0.6482 classification=0.0058, bbox_regression=0.0415, bbox_ctrness=0.6018
epoch 40/50 iter 1640/1860 loss=0.6344 mean_loss=0.6481 classification=0.0035, bbox_regression=0.0330, bbox_ctrness=0.5980
epoch 40/50 iter 1660/1860 loss=0.6338 mean_loss=0.6481 classification=0.0033, bbox_regression=0.0467, bbox_ctrness=0.5839
epoch 40/50 iter 1680/1860 loss=0.6353 mean_loss=0.6481 classification=0.0009, bbox_regression=0.0460, bbox_ctrness=0.5883
epoch 40/50 iter 1700/1860 loss=0.6273 mean_loss=0.6481 classification=0.0051, bbox_regression=0.0375, bbox_ctrness=0.5847
epoch 40/50 iter 1720/1860 loss=0.6320 mean_loss=0.6483 classification=0.0111, bbox_regression=0.0346, bbox_ctrness=0.5863
epoch 40/50 iter 1740/1860 loss=0.6424 mean_loss=0.6482 classification=0.0023, bbox_regression=0.0337, bbox_ctrness=0.6064
epoch 40/50 iter 1760/1860 loss=0.6487 mean_loss=0.6482 classification=0.0069, bbox_regression=0.0530, bbox_ctrness=0.5888
epoch 40/50 iter 1780/1860 loss=0.6526 mean_loss=0.6482 classification=0.0074, bbox_regression=0.0526, bbox_ctrness=0.5926
epoch 40/50 iter 1800/1860 loss=0.6441 mean_loss=0.6481 classification=0.0005, bbox_regression=0.0331, bbox_ctrness=0.6105
epoch 40/50 iter 1820/1860 loss=0.6424 mean_loss=0.6481 classification=0.0017, bbox_regression=0.0343, bbox_ctrness=0.6064
epoch 40/50 iter 1840/1860 loss=0.6482 mean_loss=0.6482 classification=0.0052, bbox_regression=0.0458, bbox_ctrness=0.5973
epoch 40/50 iter 1860/1860 loss=0.6759 mean_loss=0.6482 classification=0.0030, bbox_regression=0.0575, bbox_ctrness=0.6154
epoch 40 validation Precision=0.7494 Recall=0.9373 AP50=0.9145 AP75=0.8338 eval_fps=20.89 epoch_time_sec=941.3
saved checkpoint: E:\RepViT-main\runs\v48_complete_ablation\training\ra_static_equal_seed2\weights\last.pt
epoch 41/50 iter 1/1860 loss=0.6454 mean_loss=0.6454 classification=0.0022, bbox_regression=0.0580, bbox_ctrness=0.5852
epoch 41/50 iter 20/1860 loss=0.6459 mean_loss=0.6494 classification=0.0001, bbox_regression=0.0357, bbox_ctrness=0.6100
epoch 41/50 iter 40/1860 loss=0.6375 mean_loss=0.6477 classification=0.0077, bbox_regression=0.0418, bbox_ctrness=0.5880
epoch 41/50 iter 60/1860 loss=0.6486 mean_loss=0.6463 classification=0.0019, bbox_regression=0.0385, bbox_ctrness=0.6082
epoch 41/50 iter 80/1860 loss=0.6627 mean_loss=0.6461 classification=0.0056, bbox_regression=0.0474, bbox_ctrness=0.6097
epoch 41/50 iter 100/1860 loss=0.6285 mean_loss=0.6467 classification=0.0048, bbox_regression=0.0428, bbox_ctrness=0.5810
epoch 41/50 iter 120/1860 loss=0.6608 mean_loss=0.6484 classification=0.0026, bbox_regression=0.0377, bbox_ctrness=0.6205
epoch 41/50 iter 140/1860 loss=0.6418 mean_loss=0.6486 classification=0.0021, bbox_regression=0.0365, bbox_ctrness=0.6033
epoch 41/50 iter 160/1860 loss=0.6270 mean_loss=0.6475 classification=0.0020, bbox_regression=0.0437, bbox_ctrness=0.5813
epoch 41/50 iter 180/1860 loss=0.6607 mean_loss=0.6464 classification=0.0063, bbox_regression=0.0443, bbox_ctrness=0.6101
epoch 41/50 iter 200/1860 loss=0.6530 mean_loss=0.6465 classification=0.0002, bbox_regression=0.0334, bbox_ctrness=0.6193
epoch 41/50 iter 220/1860 loss=0.6523 mean_loss=0.6467 classification=0.0074, bbox_regression=0.0482, bbox_ctrness=0.5967
epoch 41/50 iter 240/1860 loss=0.6444 mean_loss=0.6469 classification=0.0019, bbox_regression=0.0421, bbox_ctrness=0.6003
epoch 41/50 iter 260/1860 loss=0.6464 mean_loss=0.6475 classification=0.0023, bbox_regression=0.0442, bbox_ctrness=0.5999
epoch 41/50 iter 280/1860 loss=0.6288 mean_loss=0.6472 classification=0.0009, bbox_regression=0.0392, bbox_ctrness=0.5887
epoch 41/50 iter 300/1860 loss=0.6429 mean_loss=0.6465 classification=0.0001, bbox_regression=0.0314, bbox_ctrness=0.6115
epoch 41/50 iter 320/1860 loss=0.6807 mean_loss=0.6462 classification=0.0594, bbox_regression=0.0425, bbox_ctrness=0.5788
epoch 41/50 iter 340/1860 loss=0.6508 mean_loss=0.6462 classification=0.0050, bbox_regression=0.0489, bbox_ctrness=0.5970
epoch 41/50 iter 360/1860 loss=0.6443 mean_loss=0.6463 classification=0.0001, bbox_regression=0.0331, bbox_ctrness=0.6111
epoch 41/50 iter 380/1860 loss=0.6291 mean_loss=0.6462 classification=0.0021, bbox_regression=0.0426, bbox_ctrness=0.5844
epoch 41/50 iter 400/1860 loss=0.6439 mean_loss=0.6463 classification=0.0009, bbox_regression=0.0377, bbox_ctrness=0.6053
epoch 41/50 iter 420/1860 loss=0.6216 mean_loss=0.6461 classification=0.0028, bbox_regression=0.0359, bbox_ctrness=0.5829
epoch 41/50 iter 440/1860 loss=0.6292 mean_loss=0.6461 classification=0.0026, bbox_regression=0.0392, bbox_ctrness=0.5874
epoch 41/50 iter 460/1860 loss=0.6474 mean_loss=0.6461 classification=0.0041, bbox_regression=0.0455, bbox_ctrness=0.5979
epoch 41/50 iter 480/1860 loss=0.6378 mean_loss=0.6462 classification=0.0039, bbox_regression=0.0339, bbox_ctrness=0.5999
epoch 41/50 iter 500/1860 loss=0.6477 mean_loss=0.6459 classification=0.0032, bbox_regression=0.0398, bbox_ctrness=0.6047
epoch 41/50 iter 520/1860 loss=0.6343 mean_loss=0.6457 classification=0.0004, bbox_regression=0.0388, bbox_ctrness=0.5951
epoch 41/50 iter 540/1860 loss=0.6531 mean_loss=0.6462 classification=0.0018, bbox_regression=0.0469, bbox_ctrness=0.6044
epoch 41/50 iter 560/1860 loss=0.6495 mean_loss=0.6463 classification=0.0140, bbox_regression=0.0438, bbox_ctrness=0.5917
epoch 41/50 iter 580/1860 loss=0.6333 mean_loss=0.6467 classification=0.0009, bbox_regression=0.0387, bbox_ctrness=0.5937
epoch 41/50 iter 600/1860 loss=0.6556 mean_loss=0.6469 classification=0.0040, bbox_regression=0.0573, bbox_ctrness=0.5943
epoch 41/50 iter 620/1860 loss=0.6329 mean_loss=0.6467 classification=0.0012, bbox_regression=0.0317, bbox_ctrness=0.6000
epoch 41/50 iter 640/1860 loss=0.6387 mean_loss=0.6469 classification=0.0075, bbox_regression=0.0403, bbox_ctrness=0.5909
epoch 41/50 iter 660/1860 loss=0.6598 mean_loss=0.6469 classification=0.0136, bbox_regression=0.0551, bbox_ctrness=0.5911
epoch 41/50 iter 680/1860 loss=0.6381 mean_loss=0.6468 classification=0.0024, bbox_regression=0.0305, bbox_ctrness=0.6052
epoch 41/50 iter 700/1860 loss=0.6804 mean_loss=0.6467 classification=0.0418, bbox_regression=0.0416, bbox_ctrness=0.5969
epoch 41/50 iter 720/1860 loss=0.6479 mean_loss=0.6466 classification=0.0011, bbox_regression=0.0405, bbox_ctrness=0.6062
epoch 41/50 iter 740/1860 loss=0.7033 mean_loss=0.6468 classification=0.0005, bbox_regression=0.0778, bbox_ctrness=0.6250
epoch 41/50 iter 760/1860 loss=0.6561 mean_loss=0.6468 classification=0.0005, bbox_regression=0.0427, bbox_ctrness=0.6129
epoch 41/50 iter 780/1860 loss=0.6419 mean_loss=0.6468 classification=0.0115, bbox_regression=0.0547, bbox_ctrness=0.5758
epoch 41/50 iter 800/1860 loss=0.6525 mean_loss=0.6468 classification=0.0068, bbox_regression=0.0510, bbox_ctrness=0.5946
epoch 41/50 iter 820/1860 loss=0.6352 mean_loss=0.6466 classification=0.0025, bbox_regression=0.0371, bbox_ctrness=0.5956
epoch 41/50 iter 840/1860 loss=0.6522 mean_loss=0.6466 classification=0.0016, bbox_regression=0.0410, bbox_ctrness=0.6096
epoch 41/50 iter 860/1860 loss=0.6251 mean_loss=0.6467 classification=0.0129, bbox_regression=0.0355, bbox_ctrness=0.5767
epoch 41/50 iter 880/1860 loss=0.6400 mean_loss=0.6466 classification=0.0003, bbox_regression=0.0522, bbox_ctrness=0.5875
epoch 41/50 iter 900/1860 loss=0.6586 mean_loss=0.6466 classification=0.0094, bbox_regression=0.0452, bbox_ctrness=0.6041
epoch 41/50 iter 920/1860 loss=0.6372 mean_loss=0.6467 classification=0.0022, bbox_regression=0.0468, bbox_ctrness=0.5882
epoch 41/50 iter 940/1860 loss=0.6389 mean_loss=0.6466 classification=0.0081, bbox_regression=0.0543, bbox_ctrness=0.5765
epoch 41/50 iter 960/1860 loss=0.6154 mean_loss=0.6466 classification=0.0035, bbox_regression=0.0300, bbox_ctrness=0.5819
epoch 41/50 iter 980/1860 loss=0.6483 mean_loss=0.6468 classification=0.0111, bbox_regression=0.0327, bbox_ctrness=0.6044
epoch 41/50 iter 1000/1860 loss=0.6457 mean_loss=0.6468 classification=0.0038, bbox_regression=0.0398, bbox_ctrness=0.6021
epoch 41/50 iter 1020/1860 loss=0.6318 mean_loss=0.6468 classification=0.0013, bbox_regression=0.0365, bbox_ctrness=0.5940
epoch 41/50 iter 1040/1860 loss=0.6787 mean_loss=0.6468 classification=0.0009, bbox_regression=0.0646, bbox_ctrness=0.6132
epoch 41/50 iter 1060/1860 loss=0.6424 mean_loss=0.6468 classification=0.0002, bbox_regression=0.0363, bbox_ctrness=0.6060
epoch 41/50 iter 1080/1860 loss=0.6588 mean_loss=0.6466 classification=0.0049, bbox_regression=0.0334, bbox_ctrness=0.6205
epoch 41/50 iter 1100/1860 loss=0.6298 mean_loss=0.6465 classification=0.0017, bbox_regression=0.0308, bbox_ctrness=0.5974
epoch 41/50 iter 1120/1860 loss=0.6588 mean_loss=0.6467 classification=0.0091, bbox_regression=0.0636, bbox_ctrness=0.5861
epoch 41/50 iter 1140/1860 loss=0.6483 mean_loss=0.6466 classification=0.0028, bbox_regression=0.0438, bbox_ctrness=0.6017
epoch 41/50 iter 1160/1860 loss=0.6473 mean_loss=0.6467 classification=0.0121, bbox_regression=0.0467, bbox_ctrness=0.5885
epoch 41/50 iter 1180/1860 loss=0.6721 mean_loss=0.6468 classification=0.0019, bbox_regression=0.0684, bbox_ctrness=0.6019
epoch 41/50 iter 1200/1860 loss=0.6415 mean_loss=0.6470 classification=0.0141, bbox_regression=0.0432, bbox_ctrness=0.5842
epoch 41/50 iter 1220/1860 loss=0.6471 mean_loss=0.6469 classification=0.0001, bbox_regression=0.0302, bbox_ctrness=0.6168
epoch 41/50 iter 1240/1860 loss=0.6731 mean_loss=0.6470 classification=0.0005, bbox_regression=0.0504, bbox_ctrness=0.6221
epoch 41/50 iter 1260/1860 loss=0.6487 mean_loss=0.6471 classification=0.0042, bbox_regression=0.0477, bbox_ctrness=0.5968
epoch 41/50 iter 1280/1860 loss=0.6639 mean_loss=0.6472 classification=0.0184, bbox_regression=0.0408, bbox_ctrness=0.6048
epoch 41/50 iter 1300/1860 loss=0.6611 mean_loss=0.6472 classification=0.0003, bbox_regression=0.0432, bbox_ctrness=0.6175
epoch 41/50 iter 1320/1860 loss=0.6588 mean_loss=0.6471 classification=0.0004, bbox_regression=0.0601, bbox_ctrness=0.5983
epoch 41/50 iter 1340/1860 loss=0.6391 mean_loss=0.6471 classification=0.0144, bbox_regression=0.0388, bbox_ctrness=0.5859
epoch 41/50 iter 1360/1860 loss=0.6700 mean_loss=0.6471 classification=0.0111, bbox_regression=0.0431, bbox_ctrness=0.6157
epoch 41/50 iter 1380/1860 loss=0.6502 mean_loss=0.6470 classification=0.0009, bbox_regression=0.0486, bbox_ctrness=0.6006
epoch 41/50 iter 1400/1860 loss=0.6507 mean_loss=0.6470 classification=0.0142, bbox_regression=0.0465, bbox_ctrness=0.5900
epoch 41/50 iter 1420/1860 loss=0.6307 mean_loss=0.6469 classification=0.0031, bbox_regression=0.0380, bbox_ctrness=0.5896
epoch 41/50 iter 1440/1860 loss=0.6503 mean_loss=0.6471 classification=0.0072, bbox_regression=0.0549, bbox_ctrness=0.5882
epoch 41/50 iter 1460/1860 loss=0.6454 mean_loss=0.6473 classification=0.0096, bbox_regression=0.0368, bbox_ctrness=0.5990
epoch 41/50 iter 1480/1860 loss=0.7291 mean_loss=0.6475 classification=0.0738, bbox_regression=0.0514, bbox_ctrness=0.6039
epoch 41/50 iter 1500/1860 loss=0.6146 mean_loss=0.6475 classification=0.0028, bbox_regression=0.0311, bbox_ctrness=0.5808
epoch 41/50 iter 1520/1860 loss=0.6568 mean_loss=0.6476 classification=0.0014, bbox_regression=0.0477, bbox_ctrness=0.6077
epoch 41/50 iter 1540/1860 loss=0.6539 mean_loss=0.6476 classification=0.0047, bbox_regression=0.0492, bbox_ctrness=0.5999
epoch 41/50 iter 1560/1860 loss=0.6343 mean_loss=0.6476 classification=0.0013, bbox_regression=0.0351, bbox_ctrness=0.5979
epoch 41/50 iter 1580/1860 loss=0.6338 mean_loss=0.6475 classification=0.0013, bbox_regression=0.0373, bbox_ctrness=0.5951
epoch 41/50 iter 1600/1860 loss=0.6378 mean_loss=0.6475 classification=0.0029, bbox_regression=0.0343, bbox_ctrness=0.6006
epoch 41/50 iter 1620/1860 loss=0.6361 mean_loss=0.6475 classification=0.0016, bbox_regression=0.0423, bbox_ctrness=0.5923
epoch 41/50 iter 1640/1860 loss=0.6462 mean_loss=0.6475 classification=0.0026, bbox_regression=0.0404, bbox_ctrness=0.6032
epoch 41/50 iter 1660/1860 loss=0.6561 mean_loss=0.6475 classification=0.0009, bbox_regression=0.0417, bbox_ctrness=0.6134
epoch 41/50 iter 1680/1860 loss=0.6630 mean_loss=0.6477 classification=0.0019, bbox_regression=0.0475, bbox_ctrness=0.6136
epoch 41/50 iter 1700/1860 loss=0.6326 mean_loss=0.6476 classification=0.0049, bbox_regression=0.0375, bbox_ctrness=0.5902
epoch 41/50 iter 1720/1860 loss=0.6317 mean_loss=0.6476 classification=0.0070, bbox_regression=0.0364, bbox_ctrness=0.5883
epoch 41/50 iter 1740/1860 loss=0.6562 mean_loss=0.6476 classification=0.0152, bbox_regression=0.0509, bbox_ctrness=0.5901
epoch 41/50 iter 1760/1860 loss=0.6553 mean_loss=0.6476 classification=0.0020, bbox_regression=0.0601, bbox_ctrness=0.5932
epoch 41/50 iter 1780/1860 loss=0.6425 mean_loss=0.6477 classification=0.0033, bbox_regression=0.0408, bbox_ctrness=0.5984
epoch 41/50 iter 1800/1860 loss=0.6222 mean_loss=0.6477 classification=0.0032, bbox_regression=0.0396, bbox_ctrness=0.5793
epoch 41/50 iter 1820/1860 loss=0.6413 mean_loss=0.6479 classification=0.0059, bbox_regression=0.0409, bbox_ctrness=0.5945
epoch 41/50 iter 1840/1860 loss=0.6606 mean_loss=0.6480 classification=0.0214, bbox_regression=0.0530, bbox_ctrness=0.5863
epoch 41/50 iter 1860/1860 loss=0.6530 mean_loss=0.6481 classification=0.0071, bbox_regression=0.0519, bbox_ctrness=0.5940
epoch 41 validation Precision=0.5775 Recall=0.9574 AP50=0.9284 AP75=0.8417 eval_fps=20.40 epoch_time_sec=930.1
saved checkpoint: E:\RepViT-main\runs\v48_complete_ablation\training\ra_static_equal_seed2\weights\last.pt
epoch 42/50 iter 1/1860 loss=0.6396 mean_loss=0.6396 classification=0.0017, bbox_regression=0.0508, bbox_ctrness=0.5871
epoch 42/50 iter 20/1860 loss=0.6540 mean_loss=0.6435 classification=0.0204, bbox_regression=0.0398, bbox_ctrness=0.5938
epoch 42/50 iter 40/1860 loss=0.6220 mean_loss=0.6440 classification=0.0008, bbox_regression=0.0314, bbox_ctrness=0.5898
epoch 42/50 iter 60/1860 loss=0.6396 mean_loss=0.6445 classification=0.0007, bbox_regression=0.0411, bbox_ctrness=0.5978
epoch 42/50 iter 80/1860 loss=0.6217 mean_loss=0.6442 classification=0.0004, bbox_regression=0.0275, bbox_ctrness=0.5938
epoch 42/50 iter 100/1860 loss=0.6358 mean_loss=0.6431 classification=0.0026, bbox_regression=0.0399, bbox_ctrness=0.5932
epoch 42/50 iter 120/1860 loss=0.6403 mean_loss=0.6431 classification=0.0028, bbox_regression=0.0349, bbox_ctrness=0.6026
epoch 42/50 iter 140/1860 loss=0.6453 mean_loss=0.6431 classification=0.0005, bbox_regression=0.0331, bbox_ctrness=0.6117
epoch 42/50 iter 160/1860 loss=0.6456 mean_loss=0.6434 classification=0.0181, bbox_regression=0.0447, bbox_ctrness=0.5829
epoch 42/50 iter 180/1860 loss=0.6251 mean_loss=0.6449 classification=0.0002, bbox_regression=0.0286, bbox_ctrness=0.5963
epoch 42/50 iter 200/1860 loss=0.6317 mean_loss=0.6447 classification=0.0022, bbox_regression=0.0306, bbox_ctrness=0.5989
epoch 42/50 iter 220/1860 loss=0.6344 mean_loss=0.6444 classification=0.0031, bbox_regression=0.0348, bbox_ctrness=0.5965
epoch 42/50 iter 240/1860 loss=0.6502 mean_loss=0.6443 classification=0.0004, bbox_regression=0.0437, bbox_ctrness=0.6061
epoch 42/50 iter 260/1860 loss=0.6563 mean_loss=0.6441 classification=0.0031, bbox_regression=0.0367, bbox_ctrness=0.6165
epoch 42/50 iter 280/1860 loss=0.6288 mean_loss=0.6447 classification=0.0035, bbox_regression=0.0324, bbox_ctrness=0.5929
epoch 42/50 iter 300/1860 loss=0.6757 mean_loss=0.6447 classification=0.0327, bbox_regression=0.0569, bbox_ctrness=0.5861
epoch 42/50 iter 320/1860 loss=0.6247 mean_loss=0.6447 classification=0.0013, bbox_regression=0.0320, bbox_ctrness=0.5914
epoch 42/50 iter 340/1860 loss=0.6503 mean_loss=0.6445 classification=0.0240, bbox_regression=0.0342, bbox_ctrness=0.5921
epoch 42/50 iter 360/1860 loss=0.6510 mean_loss=0.6443 classification=0.0011, bbox_regression=0.0410, bbox_ctrness=0.6089
epoch 42/50 iter 380/1860 loss=0.6545 mean_loss=0.6441 classification=0.0004, bbox_regression=0.0452, bbox_ctrness=0.6088
epoch 42/50 iter 400/1860 loss=0.6577 mean_loss=0.6440 classification=0.0013, bbox_regression=0.0435, bbox_ctrness=0.6129
epoch 42/50 iter 420/1860 loss=0.6453 mean_loss=0.6440 classification=0.0004, bbox_regression=0.0473, bbox_ctrness=0.5976
epoch 42/50 iter 440/1860 loss=0.6995 mean_loss=0.6445 classification=0.0204, bbox_regression=0.0786, bbox_ctrness=0.6006
epoch 42/50 iter 460/1860 loss=0.6530 mean_loss=0.6443 classification=0.0016, bbox_regression=0.0421, bbox_ctrness=0.6093
epoch 42/50 iter 480/1860 loss=0.6461 mean_loss=0.6441 classification=0.0002, bbox_regression=0.0365, bbox_ctrness=0.6094
epoch 42/50 iter 500/1860 loss=0.6400 mean_loss=0.6441 classification=0.0021, bbox_regression=0.0373, bbox_ctrness=0.6006
epoch 42/50 iter 520/1860 loss=0.6385 mean_loss=0.6439 classification=0.0115, bbox_regression=0.0425, bbox_ctrness=0.5845
epoch 42/50 iter 540/1860 loss=0.6222 mean_loss=0.6438 classification=0.0023, bbox_regression=0.0364, bbox_ctrness=0.5834
epoch 42/50 iter 560/1860 loss=0.6493 mean_loss=0.6438 classification=0.0003, bbox_regression=0.0425, bbox_ctrness=0.6065
epoch 42/50 iter 580/1860 loss=0.6195 mean_loss=0.6440 classification=0.0002, bbox_regression=0.0335, bbox_ctrness=0.5858
epoch 42/50 iter 600/1860 loss=0.6416 mean_loss=0.6439 classification=0.0012, bbox_regression=0.0417, bbox_ctrness=0.5986
epoch 42/50 iter 620/1860 loss=0.6481 mean_loss=0.6439 classification=0.0018, bbox_regression=0.0499, bbox_ctrness=0.5964
epoch 42/50 iter 640/1860 loss=0.6628 mean_loss=0.6438 classification=0.0016, bbox_regression=0.0449, bbox_ctrness=0.6163
epoch 42/50 iter 660/1860 loss=0.6581 mean_loss=0.6441 classification=0.0056, bbox_regression=0.0387, bbox_ctrness=0.6137
epoch 42/50 iter 680/1860 loss=0.6416 mean_loss=0.6442 classification=0.0055, bbox_regression=0.0407, bbox_ctrness=0.5955
epoch 42/50 iter 700/1860 loss=0.6332 mean_loss=0.6442 classification=0.0040, bbox_regression=0.0408, bbox_ctrness=0.5885
epoch 42/50 iter 720/1860 loss=0.6319 mean_loss=0.6444 classification=0.0005, bbox_regression=0.0413, bbox_ctrness=0.5901
epoch 42/50 iter 740/1860 loss=0.6465 mean_loss=0.6446 classification=0.0050, bbox_regression=0.0449, bbox_ctrness=0.5965
epoch 42/50 iter 760/1860 loss=0.6666 mean_loss=0.6450 classification=0.0019, bbox_regression=0.0359, bbox_ctrness=0.6288
epoch 42/50 iter 780/1860 loss=0.6447 mean_loss=0.6450 classification=0.0092, bbox_regression=0.0413, bbox_ctrness=0.5942
epoch 42/50 iter 800/1860 loss=0.6619 mean_loss=0.6450 classification=0.0024, bbox_regression=0.0495, bbox_ctrness=0.6100
epoch 42/50 iter 820/1860 loss=0.6579 mean_loss=0.6450 classification=0.0094, bbox_regression=0.0531, bbox_ctrness=0.5953
epoch 42/50 iter 840/1860 loss=0.6648 mean_loss=0.6450 classification=0.0119, bbox_regression=0.0438, bbox_ctrness=0.6091
epoch 42/50 iter 860/1860 loss=0.6279 mean_loss=0.6452 classification=0.0003, bbox_regression=0.0374, bbox_ctrness=0.5903
epoch 42/50 iter 880/1860 loss=0.6359 mean_loss=0.6451 classification=0.0004, bbox_regression=0.0369, bbox_ctrness=0.5986
epoch 42/50 iter 900/1860 loss=0.6396 mean_loss=0.6451 classification=0.0005, bbox_regression=0.0310, bbox_ctrness=0.6081
epoch 42/50 iter 920/1860 loss=0.6687 mean_loss=0.6452 classification=0.0024, bbox_regression=0.0531, bbox_ctrness=0.6132
epoch 42/50 iter 940/1860 loss=0.6737 mean_loss=0.6453 classification=0.0021, bbox_regression=0.0663, bbox_ctrness=0.6053
epoch 42/50 iter 960/1860 loss=0.6547 mean_loss=0.6452 classification=0.0238, bbox_regression=0.0364, bbox_ctrness=0.5945
epoch 42/50 iter 980/1860 loss=0.6478 mean_loss=0.6452 classification=0.0031, bbox_regression=0.0403, bbox_ctrness=0.6044
epoch 42/50 iter 1000/1860 loss=0.6573 mean_loss=0.6453 classification=0.0005, bbox_regression=0.0509, bbox_ctrness=0.6059
epoch 42/50 iter 1020/1860 loss=0.6349 mean_loss=0.6453 classification=0.0044, bbox_regression=0.0405, bbox_ctrness=0.5899
epoch 42/50 iter 1040/1860 loss=0.6511 mean_loss=0.6452 classification=0.0057, bbox_regression=0.0450, bbox_ctrness=0.6004
epoch 42/50 iter 1060/1860 loss=0.6302 mean_loss=0.6452 classification=0.0020, bbox_regression=0.0335, bbox_ctrness=0.5948
epoch 42/50 iter 1080/1860 loss=0.6507 mean_loss=0.6452 classification=0.0014, bbox_regression=0.0473, bbox_ctrness=0.6020
epoch 42/50 iter 1100/1860 loss=0.6528 mean_loss=0.6452 classification=0.0049, bbox_regression=0.0498, bbox_ctrness=0.5981
epoch 42/50 iter 1120/1860 loss=0.6524 mean_loss=0.6451 classification=0.0004, bbox_regression=0.0470, bbox_ctrness=0.6050
epoch 42/50 iter 1140/1860 loss=0.6493 mean_loss=0.6451 classification=0.0064, bbox_regression=0.0537, bbox_ctrness=0.5892
epoch 42/50 iter 1160/1860 loss=0.6425 mean_loss=0.6449 classification=0.0013, bbox_regression=0.0353, bbox_ctrness=0.6058
epoch 42/50 iter 1180/1860 loss=0.6726 mean_loss=0.6449 classification=0.0202, bbox_regression=0.0752, bbox_ctrness=0.5772
epoch 42/50 iter 1200/1860 loss=0.6194 mean_loss=0.6449 classification=0.0006, bbox_regression=0.0373, bbox_ctrness=0.5815
epoch 42/50 iter 1220/1860 loss=0.6358 mean_loss=0.6449 classification=0.0054, bbox_regression=0.0377, bbox_ctrness=0.5926
epoch 42/50 iter 1240/1860 loss=0.6371 mean_loss=0.6451 classification=0.0133, bbox_regression=0.0349, bbox_ctrness=0.5889
epoch 42/50 iter 1260/1860 loss=0.6498 mean_loss=0.6453 classification=0.0011, bbox_regression=0.0497, bbox_ctrness=0.5990
epoch 42/50 iter 1280/1860 loss=0.6375 mean_loss=0.6453 classification=0.0002, bbox_regression=0.0381, bbox_ctrness=0.5992
epoch 42/50 iter 1300/1860 loss=0.6291 mean_loss=0.6454 classification=0.0075, bbox_regression=0.0360, bbox_ctrness=0.5857
epoch 42/50 iter 1320/1860 loss=0.6362 mean_loss=0.6455 classification=0.0053, bbox_regression=0.0443, bbox_ctrness=0.5866
epoch 42/50 iter 1340/1860 loss=0.6568 mean_loss=0.6455 classification=0.0004, bbox_regression=0.0350, bbox_ctrness=0.6215
epoch 42/50 iter 1360/1860 loss=0.6315 mean_loss=0.6456 classification=0.0106, bbox_regression=0.0394, bbox_ctrness=0.5815
epoch 42/50 iter 1380/1860 loss=0.6436 mean_loss=0.6456 classification=0.0012, bbox_regression=0.0293, bbox_ctrness=0.6131
epoch 42/50 iter 1400/1860 loss=0.6388 mean_loss=0.6456 classification=0.0004, bbox_regression=0.0345, bbox_ctrness=0.6038
epoch 42/50 iter 1420/1860 loss=0.6378 mean_loss=0.6456 classification=0.0012, bbox_regression=0.0348, bbox_ctrness=0.6017
epoch 42/50 iter 1440/1860 loss=0.6819 mean_loss=0.6456 classification=0.0007, bbox_regression=0.0710, bbox_ctrness=0.6103
epoch 42/50 iter 1460/1860 loss=0.6380 mean_loss=0.6456 classification=0.0117, bbox_regression=0.0478, bbox_ctrness=0.5784
epoch 42/50 iter 1480/1860 loss=0.6749 mean_loss=0.6456 classification=0.0170, bbox_regression=0.0444, bbox_ctrness=0.6136
epoch 42/50 iter 1500/1860 loss=0.6749 mean_loss=0.6456 classification=0.0128, bbox_regression=0.0541, bbox_ctrness=0.6080
epoch 42/50 iter 1520/1860 loss=0.6474 mean_loss=0.6456 classification=0.0093, bbox_regression=0.0577, bbox_ctrness=0.5804
epoch 42/50 iter 1540/1860 loss=0.6317 mean_loss=0.6457 classification=0.0003, bbox_regression=0.0319, bbox_ctrness=0.5994
epoch 42/50 iter 1560/1860 loss=0.6498 mean_loss=0.6458 classification=0.0046, bbox_regression=0.0388, bbox_ctrness=0.6063
epoch 42/50 iter 1580/1860 loss=0.6412 mean_loss=0.6458 classification=0.0035, bbox_regression=0.0361, bbox_ctrness=0.6016
epoch 42/50 iter 1600/1860 loss=0.6439 mean_loss=0.6459 classification=0.0138, bbox_regression=0.0520, bbox_ctrness=0.5781
epoch 42/50 iter 1620/1860 loss=0.6561 mean_loss=0.6461 classification=0.0019, bbox_regression=0.0520, bbox_ctrness=0.6022
epoch 42/50 iter 1640/1860 loss=0.6794 mean_loss=0.6462 classification=0.0153, bbox_regression=0.0543, bbox_ctrness=0.6098
epoch 42/50 iter 1660/1860 loss=0.7115 mean_loss=0.6462 classification=0.0792, bbox_regression=0.0431, bbox_ctrness=0.5892
epoch 42/50 iter 1680/1860 loss=0.6636 mean_loss=0.6463 classification=0.0068, bbox_regression=0.0572, bbox_ctrness=0.5996
epoch 42/50 iter 1700/1860 loss=0.6479 mean_loss=0.6464 classification=0.0019, bbox_regression=0.0523, bbox_ctrness=0.5937
epoch 42/50 iter 1720/1860 loss=0.6891 mean_loss=0.6465 classification=0.0155, bbox_regression=0.0612, bbox_ctrness=0.6123
epoch 42/50 iter 1740/1860 loss=0.6667 mean_loss=0.6465 classification=0.0050, bbox_regression=0.0562, bbox_ctrness=0.6055
epoch 42/50 iter 1760/1860 loss=0.6591 mean_loss=0.6466 classification=0.0016, bbox_regression=0.0529, bbox_ctrness=0.6046
epoch 42/50 iter 1780/1860 loss=0.6314 mean_loss=0.6466 classification=0.0028, bbox_regression=0.0331, bbox_ctrness=0.5954
epoch 42/50 iter 1800/1860 loss=0.6584 mean_loss=0.6466 classification=0.0042, bbox_regression=0.0508, bbox_ctrness=0.6033
epoch 42/50 iter 1820/1860 loss=0.6565 mean_loss=0.6466 classification=0.0010, bbox_regression=0.0484, bbox_ctrness=0.6071
epoch 42/50 iter 1840/1860 loss=0.6521 mean_loss=0.6466 classification=0.0009, bbox_regression=0.0537, bbox_ctrness=0.5975
epoch 42/50 iter 1860/1860 loss=0.6384 mean_loss=0.6466 classification=0.0031, bbox_regression=0.0436, bbox_ctrness=0.5917
epoch 42 validation Precision=0.8319 Recall=0.9192 AP50=0.8998 AP75=0.8258 eval_fps=13.65 epoch_time_sec=1095.1
saved checkpoint: E:\RepViT-main\runs\v48_complete_ablation\training\ra_static_equal_seed2\weights\last.pt
epoch 43/50 iter 1/1860 loss=0.6362 mean_loss=0.6362 classification=0.0097, bbox_regression=0.0364, bbox_ctrness=0.5901
epoch 43/50 iter 20/1860 loss=0.6398 mean_loss=0.6536 classification=0.0011, bbox_regression=0.0346, bbox_ctrness=0.6040
epoch 43/50 iter 40/1860 loss=0.6317 mean_loss=0.6487 classification=0.0010, bbox_regression=0.0379, bbox_ctrness=0.5928
epoch 43/50 iter 60/1860 loss=0.6646 mean_loss=0.6488 classification=0.0016, bbox_regression=0.0501, bbox_ctrness=0.6129
epoch 43/50 iter 80/1860 loss=0.6336 mean_loss=0.6471 classification=0.0036, bbox_regression=0.0455, bbox_ctrness=0.5845
epoch 43/50 iter 100/1860 loss=0.6438 mean_loss=0.6466 classification=0.0004, bbox_regression=0.0447, bbox_ctrness=0.5987
epoch 43/50 iter 120/1860 loss=0.6383 mean_loss=0.6458 classification=0.0000, bbox_regression=0.0317, bbox_ctrness=0.6066
epoch 43/50 iter 140/1860 loss=0.6363 mean_loss=0.6449 classification=0.0018, bbox_regression=0.0376, bbox_ctrness=0.5969
epoch 43/50 iter 160/1860 loss=0.6138 mean_loss=0.6441 classification=0.0013, bbox_regression=0.0346, bbox_ctrness=0.5779
epoch 43/50 iter 180/1860 loss=0.6432 mean_loss=0.6438 classification=0.0018, bbox_regression=0.0343, bbox_ctrness=0.6071
epoch 43/50 iter 200/1860 loss=0.6565 mean_loss=0.6444 classification=0.0018, bbox_regression=0.0496, bbox_ctrness=0.6052
epoch 43/50 iter 220/1860 loss=0.6443 mean_loss=0.6453 classification=0.0058, bbox_regression=0.0409, bbox_ctrness=0.5976
epoch 43/50 iter 240/1860 loss=0.6420 mean_loss=0.6458 classification=0.0011, bbox_regression=0.0457, bbox_ctrness=0.5951
epoch 43/50 iter 260/1860 loss=0.6483 mean_loss=0.6460 classification=0.0023, bbox_regression=0.0442, bbox_ctrness=0.6018
epoch 43/50 iter 280/1860 loss=0.6389 mean_loss=0.6455 classification=0.0007, bbox_regression=0.0326, bbox_ctrness=0.6056
epoch 43/50 iter 300/1860 loss=0.6456 mean_loss=0.6458 classification=0.0022, bbox_regression=0.0440, bbox_ctrness=0.5994
epoch 43/50 iter 320/1860 loss=0.6542 mean_loss=0.6458 classification=0.0010, bbox_regression=0.0464, bbox_ctrness=0.6068
epoch 43/50 iter 340/1860 loss=0.6261 mean_loss=0.6457 classification=0.0016, bbox_regression=0.0308, bbox_ctrness=0.5937
epoch 43/50 iter 360/1860 loss=0.6330 mean_loss=0.6455 classification=0.0033, bbox_regression=0.0350, bbox_ctrness=0.5947
epoch 43/50 iter 380/1860 loss=0.6300 mean_loss=0.6455 classification=0.0035, bbox_regression=0.0378, bbox_ctrness=0.5886
epoch 43/50 iter 400/1860 loss=0.6511 mean_loss=0.6455 classification=0.0046, bbox_regression=0.0419, bbox_ctrness=0.6046
epoch 43/50 iter 420/1860 loss=0.6230 mean_loss=0.6455 classification=0.0023, bbox_regression=0.0375, bbox_ctrness=0.5833
epoch 43/50 iter 440/1860 loss=0.6296 mean_loss=0.6455 classification=0.0017, bbox_regression=0.0352, bbox_ctrness=0.5926
epoch 43/50 iter 460/1860 loss=0.6223 mean_loss=0.6452 classification=0.0036, bbox_regression=0.0401, bbox_ctrness=0.5786
epoch 43/50 iter 480/1860 loss=0.6577 mean_loss=0.6451 classification=0.0201, bbox_regression=0.0278, bbox_ctrness=0.6098
epoch 43/50 iter 500/1860 loss=0.6457 mean_loss=0.6451 classification=0.0014, bbox_regression=0.0493, bbox_ctrness=0.5949
epoch 43/50 iter 520/1860 loss=0.6547 mean_loss=0.6451 classification=0.0029, bbox_regression=0.0417, bbox_ctrness=0.6102
epoch 43/50 iter 540/1860 loss=0.6424 mean_loss=0.6451 classification=0.0002, bbox_regression=0.0301, bbox_ctrness=0.6121
epoch 43/50 iter 560/1860 loss=0.6252 mean_loss=0.6450 classification=0.0030, bbox_regression=0.0367, bbox_ctrness=0.5855
epoch 43/50 iter 580/1860 loss=0.6098 mean_loss=0.6449 classification=0.0119, bbox_regression=0.0294, bbox_ctrness=0.5685
epoch 43/50 iter 600/1860 loss=0.6319 mean_loss=0.6450 classification=0.0031, bbox_regression=0.0449, bbox_ctrness=0.5838
epoch 43/50 iter 620/1860 loss=0.6326 mean_loss=0.6450 classification=0.0012, bbox_regression=0.0412, bbox_ctrness=0.5903
epoch 43/50 iter 640/1860 loss=0.6403 mean_loss=0.6450 classification=0.0040, bbox_regression=0.0383, bbox_ctrness=0.5980
epoch 43/50 iter 660/1860 loss=0.6342 mean_loss=0.6449 classification=0.0010, bbox_regression=0.0392, bbox_ctrness=0.5940
epoch 43/50 iter 680/1860 loss=0.6560 mean_loss=0.6448 classification=0.0002, bbox_regression=0.0360, bbox_ctrness=0.6199
epoch 43/50 iter 700/1860 loss=0.7207 mean_loss=0.6449 classification=0.0652, bbox_regression=0.0487, bbox_ctrness=0.6069
epoch 43/50 iter 720/1860 loss=0.6397 mean_loss=0.6450 classification=0.0020, bbox_regression=0.0395, bbox_ctrness=0.5983
epoch 43/50 iter 740/1860 loss=0.6456 mean_loss=0.6451 classification=0.0019, bbox_regression=0.0490, bbox_ctrness=0.5947
epoch 43/50 iter 760/1860 loss=0.6459 mean_loss=0.6453 classification=0.0021, bbox_regression=0.0398, bbox_ctrness=0.6041
epoch 43/50 iter 780/1860 loss=0.6389 mean_loss=0.6453 classification=0.0007, bbox_regression=0.0348, bbox_ctrness=0.6033
epoch 43/50 iter 800/1860 loss=0.6467 mean_loss=0.6454 classification=0.0028, bbox_regression=0.0443, bbox_ctrness=0.5997
epoch 43/50 iter 820/1860 loss=0.6522 mean_loss=0.6454 classification=0.0023, bbox_regression=0.0460, bbox_ctrness=0.6040
epoch 43/50 iter 840/1860 loss=0.6280 mean_loss=0.6456 classification=0.0037, bbox_regression=0.0405, bbox_ctrness=0.5838
epoch 43/50 iter 860/1860 loss=0.6301 mean_loss=0.6455 classification=0.0010, bbox_regression=0.0318, bbox_ctrness=0.5973
epoch 43/50 iter 880/1860 loss=0.6436 mean_loss=0.6453 classification=0.0031, bbox_regression=0.0441, bbox_ctrness=0.5964
epoch 43/50 iter 900/1860 loss=0.6399 mean_loss=0.6455 classification=0.0008, bbox_regression=0.0364, bbox_ctrness=0.6026
epoch 43/50 iter 920/1860 loss=0.6213 mean_loss=0.6454 classification=0.0024, bbox_regression=0.0356, bbox_ctrness=0.5833
epoch 43/50 iter 940/1860 loss=0.6322 mean_loss=0.6454 classification=0.0083, bbox_regression=0.0362, bbox_ctrness=0.5878
epoch 43/50 iter 960/1860 loss=0.6380 mean_loss=0.6455 classification=0.0005, bbox_regression=0.0460, bbox_ctrness=0.5915
epoch 43/50 iter 980/1860 loss=0.6420 mean_loss=0.6454 classification=0.0108, bbox_regression=0.0331, bbox_ctrness=0.5982
epoch 43/50 iter 1000/1860 loss=0.6365 mean_loss=0.6455 classification=0.0001, bbox_regression=0.0318, bbox_ctrness=0.6046
epoch 43/50 iter 1020/1860 loss=0.6620 mean_loss=0.6457 classification=0.0049, bbox_regression=0.0572, bbox_ctrness=0.5999
epoch 43/50 iter 1040/1860 loss=0.6514 mean_loss=0.6456 classification=0.0013, bbox_regression=0.0387, bbox_ctrness=0.6113
epoch 43/50 iter 1060/1860 loss=0.6368 mean_loss=0.6457 classification=0.0032, bbox_regression=0.0391, bbox_ctrness=0.5946
epoch 43/50 iter 1080/1860 loss=0.6501 mean_loss=0.6456 classification=0.0073, bbox_regression=0.0535, bbox_ctrness=0.5894
epoch 43/50 iter 1100/1860 loss=0.6472 mean_loss=0.6456 classification=0.0005, bbox_regression=0.0419, bbox_ctrness=0.6048
epoch 43/50 iter 1120/1860 loss=0.6390 mean_loss=0.6455 classification=0.0029, bbox_regression=0.0332, bbox_ctrness=0.6030
epoch 43/50 iter 1140/1860 loss=0.6400 mean_loss=0.6456 classification=0.0008, bbox_regression=0.0353, bbox_ctrness=0.6038
epoch 43/50 iter 1160/1860 loss=0.6358 mean_loss=0.6456 classification=0.0006, bbox_regression=0.0329, bbox_ctrness=0.6023
epoch 43/50 iter 1180/1860 loss=0.6271 mean_loss=0.6455 classification=0.0006, bbox_regression=0.0274, bbox_ctrness=0.5991
epoch 43/50 iter 1200/1860 loss=0.6394 mean_loss=0.6453 classification=0.0013, bbox_regression=0.0349, bbox_ctrness=0.6031
epoch 43/50 iter 1220/1860 loss=0.6380 mean_loss=0.6453 classification=0.0006, bbox_regression=0.0379, bbox_ctrness=0.5995
epoch 43/50 iter 1240/1860 loss=0.6319 mean_loss=0.6452 classification=0.0029, bbox_regression=0.0268, bbox_ctrness=0.6023
epoch 43/50 iter 1260/1860 loss=0.6432 mean_loss=0.6452 classification=0.0043, bbox_regression=0.0408, bbox_ctrness=0.5982
epoch 43/50 iter 1280/1860 loss=0.6411 mean_loss=0.6452 classification=0.0023, bbox_regression=0.0467, bbox_ctrness=0.5921
epoch 43/50 iter 1300/1860 loss=0.6325 mean_loss=0.6453 classification=0.0012, bbox_regression=0.0389, bbox_ctrness=0.5924
epoch 43/50 iter 1320/1860 loss=0.6500 mean_loss=0.6453 classification=0.0004, bbox_regression=0.0358, bbox_ctrness=0.6138
epoch 43/50 iter 1340/1860 loss=0.6540 mean_loss=0.6453 classification=0.0033, bbox_regression=0.0440, bbox_ctrness=0.6067
epoch 43/50 iter 1360/1860 loss=0.6484 mean_loss=0.6453 classification=0.0016, bbox_regression=0.0405, bbox_ctrness=0.6063
epoch 43/50 iter 1380/1860 loss=0.6692 mean_loss=0.6454 classification=0.0032, bbox_regression=0.0543, bbox_ctrness=0.6117
epoch 43/50 iter 1400/1860 loss=0.7066 mean_loss=0.6455 classification=0.0502, bbox_regression=0.0515, bbox_ctrness=0.6048
epoch 43/50 iter 1420/1860 loss=0.6534 mean_loss=0.6456 classification=0.0019, bbox_regression=0.0481, bbox_ctrness=0.6034
epoch 43/50 iter 1440/1860 loss=0.6370 mean_loss=0.6456 classification=0.0011, bbox_regression=0.0383, bbox_ctrness=0.5976
epoch 43/50 iter 1460/1860 loss=0.6231 mean_loss=0.6455 classification=0.0017, bbox_regression=0.0353, bbox_ctrness=0.5860
epoch 43/50 iter 1480/1860 loss=0.6539 mean_loss=0.6455 classification=0.0008, bbox_regression=0.0381, bbox_ctrness=0.6151
epoch 43/50 iter 1500/1860 loss=0.6914 mean_loss=0.6455 classification=0.0199, bbox_regression=0.0384, bbox_ctrness=0.6331
epoch 43/50 iter 1520/1860 loss=0.6171 mean_loss=0.6455 classification=0.0019, bbox_regression=0.0348, bbox_ctrness=0.5804
epoch 43/50 iter 1540/1860 loss=0.6407 mean_loss=0.6455 classification=0.0015, bbox_regression=0.0379, bbox_ctrness=0.6012
epoch 43/50 iter 1560/1860 loss=0.6348 mean_loss=0.6455 classification=0.0045, bbox_regression=0.0340, bbox_ctrness=0.5963
epoch 43/50 iter 1580/1860 loss=0.6455 mean_loss=0.6455 classification=0.0005, bbox_regression=0.0312, bbox_ctrness=0.6139
epoch 43/50 iter 1600/1860 loss=0.6286 mean_loss=0.6456 classification=0.0024, bbox_regression=0.0380, bbox_ctrness=0.5881
epoch 43/50 iter 1620/1860 loss=0.6511 mean_loss=0.6456 classification=0.0005, bbox_regression=0.0346, bbox_ctrness=0.6159
epoch 43/50 iter 1640/1860 loss=0.6511 mean_loss=0.6457 classification=0.0093, bbox_regression=0.0437, bbox_ctrness=0.5981
epoch 43/50 iter 1660/1860 loss=0.6439 mean_loss=0.6457 classification=0.0114, bbox_regression=0.0460, bbox_ctrness=0.5864
epoch 43/50 iter 1680/1860 loss=0.6555 mean_loss=0.6458 classification=0.0061, bbox_regression=0.0430, bbox_ctrness=0.6064
epoch 43/50 iter 1700/1860 loss=0.6571 mean_loss=0.6458 classification=0.0171, bbox_regression=0.0564, bbox_ctrness=0.5836
epoch 43/50 iter 1720/1860 loss=0.6644 mean_loss=0.6459 classification=0.0094, bbox_regression=0.0532, bbox_ctrness=0.6018
epoch 43/50 iter 1740/1860 loss=0.6582 mean_loss=0.6459 classification=0.0056, bbox_regression=0.0428, bbox_ctrness=0.6097
epoch 43/50 iter 1760/1860 loss=0.6341 mean_loss=0.6459 classification=0.0076, bbox_regression=0.0433, bbox_ctrness=0.5833
epoch 43/50 iter 1780/1860 loss=0.6293 mean_loss=0.6460 classification=0.0071, bbox_regression=0.0357, bbox_ctrness=0.5864
epoch 43/50 iter 1800/1860 loss=0.6474 mean_loss=0.6460 classification=0.0024, bbox_regression=0.0458, bbox_ctrness=0.5992
epoch 43/50 iter 1820/1860 loss=0.6812 mean_loss=0.6462 classification=0.0447, bbox_regression=0.0452, bbox_ctrness=0.5913
epoch 43/50 iter 1840/1860 loss=0.6264 mean_loss=0.6461 classification=0.0014, bbox_regression=0.0326, bbox_ctrness=0.5924
epoch 43/50 iter 1860/1860 loss=0.6511 mean_loss=0.6461 classification=0.0008, bbox_regression=0.0495, bbox_ctrness=0.6008
epoch 43 validation Precision=0.7730 Recall=0.9284 AP50=0.9077 AP75=0.8340 eval_fps=20.59 epoch_time_sec=1000.6
saved checkpoint: E:\RepViT-main\runs\v48_complete_ablation\training\ra_static_equal_seed2\weights\last.pt
epoch 44/50 iter 1/1860 loss=0.6591 mean_loss=0.6591 classification=0.0006, bbox_regression=0.0492, bbox_ctrness=0.6093
epoch 44/50 iter 20/1860 loss=0.6469 mean_loss=0.6443 classification=0.0009, bbox_regression=0.0399, bbox_ctrness=0.6061
epoch 44/50 iter 40/1860 loss=0.6783 mean_loss=0.6457 classification=0.0190, bbox_regression=0.0556, bbox_ctrness=0.6037
epoch 44/50 iter 60/1860 loss=0.6289 mean_loss=0.6448 classification=0.0025, bbox_regression=0.0310, bbox_ctrness=0.5954
epoch 44/50 iter 80/1860 loss=0.6398 mean_loss=0.6434 classification=0.0011, bbox_regression=0.0415, bbox_ctrness=0.5972
epoch 44/50 iter 100/1860 loss=0.6615 mean_loss=0.6439 classification=0.0039, bbox_regression=0.0460, bbox_ctrness=0.6115
epoch 44/50 iter 120/1860 loss=0.6426 mean_loss=0.6446 classification=0.0006, bbox_regression=0.0353, bbox_ctrness=0.6067
epoch 44/50 iter 140/1860 loss=0.6228 mean_loss=0.6442 classification=0.0023, bbox_regression=0.0340, bbox_ctrness=0.5865
epoch 44/50 iter 160/1860 loss=0.6371 mean_loss=0.6436 classification=0.0012, bbox_regression=0.0420, bbox_ctrness=0.5939
epoch 44/50 iter 180/1860 loss=0.6312 mean_loss=0.6436 classification=0.0010, bbox_regression=0.0281, bbox_ctrness=0.6021
epoch 44/50 iter 200/1860 loss=0.6314 mean_loss=0.6437 classification=0.0032, bbox_regression=0.0404, bbox_ctrness=0.5878
epoch 44/50 iter 220/1860 loss=0.6449 mean_loss=0.6440 classification=0.0011, bbox_regression=0.0426, bbox_ctrness=0.6012
epoch 44/50 iter 240/1860 loss=0.6377 mean_loss=0.6440 classification=0.0040, bbox_regression=0.0486, bbox_ctrness=0.5850
epoch 44/50 iter 260/1860 loss=0.6395 mean_loss=0.6439 classification=0.0026, bbox_regression=0.0358, bbox_ctrness=0.6011
epoch 44/50 iter 280/1860 loss=0.6517 mean_loss=0.6438 classification=0.0006, bbox_regression=0.0461, bbox_ctrness=0.6050
epoch 44/50 iter 300/1860 loss=0.6227 mean_loss=0.6438 classification=0.0007, bbox_regression=0.0363, bbox_ctrness=0.5857
epoch 44/50 iter 320/1860 loss=0.6382 mean_loss=0.6435 classification=0.0001, bbox_regression=0.0370, bbox_ctrness=0.6012
epoch 44/50 iter 340/1860 loss=0.6512 mean_loss=0.6434 classification=0.0100, bbox_regression=0.0431, bbox_ctrness=0.5982
epoch 44/50 iter 360/1860 loss=0.6324 mean_loss=0.6430 classification=0.0007, bbox_regression=0.0412, bbox_ctrness=0.5905
epoch 44/50 iter 380/1860 loss=0.6535 mean_loss=0.6445 classification=0.0140, bbox_regression=0.0517, bbox_ctrness=0.5879
epoch 44/50 iter 400/1860 loss=0.6546 mean_loss=0.6452 classification=0.0026, bbox_regression=0.0466, bbox_ctrness=0.6055
epoch 44/50 iter 420/1860 loss=0.6484 mean_loss=0.6453 classification=0.0019, bbox_regression=0.0502, bbox_ctrness=0.5962
epoch 44/50 iter 440/1860 loss=0.6324 mean_loss=0.6453 classification=0.0023, bbox_regression=0.0418, bbox_ctrness=0.5883
epoch 44/50 iter 460/1860 loss=0.6604 mean_loss=0.6453 classification=0.0233, bbox_regression=0.0410, bbox_ctrness=0.5960
epoch 44/50 iter 480/1860 loss=0.6449 mean_loss=0.6453 classification=0.0033, bbox_regression=0.0476, bbox_ctrness=0.5939
epoch 44/50 iter 500/1860 loss=0.6443 mean_loss=0.6454 classification=0.0017, bbox_regression=0.0592, bbox_ctrness=0.5834
epoch 44/50 iter 520/1860 loss=0.6440 mean_loss=0.6452 classification=0.0020, bbox_regression=0.0422, bbox_ctrness=0.5999
epoch 44/50 iter 540/1860 loss=0.6191 mean_loss=0.6456 classification=0.0012, bbox_regression=0.0343, bbox_ctrness=0.5836
epoch 44/50 iter 560/1860 loss=0.6156 mean_loss=0.6455 classification=0.0021, bbox_regression=0.0281, bbox_ctrness=0.5854
epoch 44/50 iter 580/1860 loss=0.6174 mean_loss=0.6455 classification=0.0031, bbox_regression=0.0283, bbox_ctrness=0.5860
epoch 44/50 iter 600/1860 loss=0.6494 mean_loss=0.6453 classification=0.0028, bbox_regression=0.0409, bbox_ctrness=0.6058
epoch 44/50 iter 620/1860 loss=0.6483 mean_loss=0.6451 classification=0.0039, bbox_regression=0.0402, bbox_ctrness=0.6042
epoch 44/50 iter 640/1860 loss=0.6592 mean_loss=0.6452 classification=0.0082, bbox_regression=0.0422, bbox_ctrness=0.6088
epoch 44/50 iter 660/1860 loss=0.6704 mean_loss=0.6452 classification=0.0180, bbox_regression=0.0457, bbox_ctrness=0.6067
epoch 44/50 iter 680/1860 loss=0.6367 mean_loss=0.6451 classification=0.0006, bbox_regression=0.0411, bbox_ctrness=0.5950
epoch 44/50 iter 700/1860 loss=0.6506 mean_loss=0.6449 classification=0.0064, bbox_regression=0.0443, bbox_ctrness=0.5999
epoch 44/50 iter 720/1860 loss=0.6337 mean_loss=0.6449 classification=0.0030, bbox_regression=0.0427, bbox_ctrness=0.5880
epoch 44/50 iter 740/1860 loss=0.6394 mean_loss=0.6450 classification=0.0040, bbox_regression=0.0394, bbox_ctrness=0.5960
epoch 44/50 iter 760/1860 loss=0.6329 mean_loss=0.6450 classification=0.0024, bbox_regression=0.0334, bbox_ctrness=0.5972
epoch 44/50 iter 780/1860 loss=0.6348 mean_loss=0.6450 classification=0.0012, bbox_regression=0.0358, bbox_ctrness=0.5978
epoch 44/50 iter 800/1860 loss=0.6423 mean_loss=0.6449 classification=0.0004, bbox_regression=0.0343, bbox_ctrness=0.6075
epoch 44/50 iter 820/1860 loss=0.6592 mean_loss=0.6449 classification=0.0005, bbox_regression=0.0433, bbox_ctrness=0.6154
epoch 44/50 iter 840/1860 loss=0.6732 mean_loss=0.6448 classification=0.0064, bbox_regression=0.0318, bbox_ctrness=0.6350
epoch 44/50 iter 860/1860 loss=0.6680 mean_loss=0.6448 classification=0.0150, bbox_regression=0.0518, bbox_ctrness=0.6012
epoch 44/50 iter 880/1860 loss=0.6494 mean_loss=0.6449 classification=0.0082, bbox_regression=0.0456, bbox_ctrness=0.5957
epoch 44/50 iter 900/1860 loss=0.6503 mean_loss=0.6449 classification=0.0045, bbox_regression=0.0467, bbox_ctrness=0.5991
epoch 44/50 iter 920/1860 loss=0.6387 mean_loss=0.6450 classification=0.0042, bbox_regression=0.0429, bbox_ctrness=0.5916
epoch 44/50 iter 940/1860 loss=0.6509 mean_loss=0.6451 classification=0.0019, bbox_regression=0.0530, bbox_ctrness=0.5960
epoch 44/50 iter 960/1860 loss=0.6906 mean_loss=0.6452 classification=0.0231, bbox_regression=0.0610, bbox_ctrness=0.6065
epoch 44/50 iter 980/1860 loss=0.6502 mean_loss=0.6451 classification=0.0011, bbox_regression=0.0406, bbox_ctrness=0.6085
epoch 44/50 iter 1000/1860 loss=0.6271 mean_loss=0.6450 classification=0.0026, bbox_regression=0.0347, bbox_ctrness=0.5897
epoch 44/50 iter 1020/1860 loss=0.6502 mean_loss=0.6450 classification=0.0004, bbox_regression=0.0356, bbox_ctrness=0.6142
epoch 44/50 iter 1040/1860 loss=0.6345 mean_loss=0.6450 classification=0.0013, bbox_regression=0.0432, bbox_ctrness=0.5899
epoch 44/50 iter 1060/1860 loss=0.6357 mean_loss=0.6449 classification=0.0052, bbox_regression=0.0383, bbox_ctrness=0.5921
epoch 44/50 iter 1080/1860 loss=0.6586 mean_loss=0.6449 classification=0.0008, bbox_regression=0.0446, bbox_ctrness=0.6132
epoch 44/50 iter 1100/1860 loss=0.6681 mean_loss=0.6450 classification=0.0055, bbox_regression=0.0453, bbox_ctrness=0.6174
epoch 44/50 iter 1120/1860 loss=0.6344 mean_loss=0.6449 classification=0.0018, bbox_regression=0.0434, bbox_ctrness=0.5893
epoch 44/50 iter 1140/1860 loss=0.6518 mean_loss=0.6448 classification=0.0005, bbox_regression=0.0384, bbox_ctrness=0.6129
epoch 44/50 iter 1160/1860 loss=0.6327 mean_loss=0.6447 classification=0.0032, bbox_regression=0.0411, bbox_ctrness=0.5885
epoch 44/50 iter 1180/1860 loss=0.6351 mean_loss=0.6447 classification=0.0042, bbox_regression=0.0394, bbox_ctrness=0.5915
epoch 44/50 iter 1200/1860 loss=0.6396 mean_loss=0.6446 classification=0.0056, bbox_regression=0.0338, bbox_ctrness=0.6002
epoch 44/50 iter 1220/1860 loss=0.6580 mean_loss=0.6446 classification=0.0008, bbox_regression=0.0426, bbox_ctrness=0.6146
epoch 44/50 iter 1240/1860 loss=0.6372 mean_loss=0.6448 classification=0.0014, bbox_regression=0.0491, bbox_ctrness=0.5867
epoch 44/50 iter 1260/1860 loss=0.6423 mean_loss=0.6448 classification=0.0098, bbox_regression=0.0453, bbox_ctrness=0.5873
epoch 44/50 iter 1280/1860 loss=0.6162 mean_loss=0.6449 classification=0.0015, bbox_regression=0.0269, bbox_ctrness=0.5878
epoch 44/50 iter 1300/1860 loss=0.6455 mean_loss=0.6451 classification=0.0033, bbox_regression=0.0437, bbox_ctrness=0.5985
epoch 44/50 iter 1320/1860 loss=0.6583 mean_loss=0.6451 classification=0.0014, bbox_regression=0.0416, bbox_ctrness=0.6153
epoch 44/50 iter 1340/1860 loss=0.6531 mean_loss=0.6451 classification=0.0003, bbox_regression=0.0426, bbox_ctrness=0.6102
epoch 44/50 iter 1360/1860 loss=0.6473 mean_loss=0.6451 classification=0.0012, bbox_regression=0.0320, bbox_ctrness=0.6140
epoch 44/50 iter 1380/1860 loss=0.6244 mean_loss=0.6450 classification=0.0014, bbox_regression=0.0329, bbox_ctrness=0.5901
epoch 44/50 iter 1400/1860 loss=0.6322 mean_loss=0.6450 classification=0.0049, bbox_regression=0.0419, bbox_ctrness=0.5854
epoch 44/50 iter 1420/1860 loss=0.6515 mean_loss=0.6450 classification=0.0019, bbox_regression=0.0439, bbox_ctrness=0.6056
epoch 44/50 iter 1440/1860 loss=0.6539 mean_loss=0.6450 classification=0.0077, bbox_regression=0.0468, bbox_ctrness=0.5993
epoch 44/50 iter 1460/1860 loss=0.6649 mean_loss=0.6451 classification=0.0003, bbox_regression=0.0411, bbox_ctrness=0.6235
epoch 44/50 iter 1480/1860 loss=0.6438 mean_loss=0.6451 classification=0.0064, bbox_regression=0.0463, bbox_ctrness=0.5911
epoch 44/50 iter 1500/1860 loss=0.6309 mean_loss=0.6451 classification=0.0037, bbox_regression=0.0393, bbox_ctrness=0.5879
epoch 44/50 iter 1520/1860 loss=0.6459 mean_loss=0.6451 classification=0.0302, bbox_regression=0.0311, bbox_ctrness=0.5845
epoch 44/50 iter 1540/1860 loss=0.6534 mean_loss=0.6451 classification=0.0010, bbox_regression=0.0349, bbox_ctrness=0.6175
epoch 44/50 iter 1560/1860 loss=0.6631 mean_loss=0.6451 classification=0.0165, bbox_regression=0.0482, bbox_ctrness=0.5984
epoch 44/50 iter 1580/1860 loss=0.6415 mean_loss=0.6452 classification=0.0057, bbox_regression=0.0492, bbox_ctrness=0.5866
epoch 44/50 iter 1600/1860 loss=0.6694 mean_loss=0.6452 classification=0.0011, bbox_regression=0.0648, bbox_ctrness=0.6035
epoch 44/50 iter 1620/1860 loss=0.6257 mean_loss=0.6452 classification=0.0007, bbox_regression=0.0401, bbox_ctrness=0.5849
epoch 44/50 iter 1640/1860 loss=0.6182 mean_loss=0.6451 classification=0.0211, bbox_regression=0.0362, bbox_ctrness=0.5608
epoch 44/50 iter 1660/1860 loss=0.6748 mean_loss=0.6452 classification=0.0007, bbox_regression=0.0563, bbox_ctrness=0.6178
epoch 44/50 iter 1680/1860 loss=0.6269 mean_loss=0.6452 classification=0.0006, bbox_regression=0.0360, bbox_ctrness=0.5903
epoch 44/50 iter 1700/1860 loss=0.6530 mean_loss=0.6453 classification=0.0008, bbox_regression=0.0459, bbox_ctrness=0.6063
epoch 44/50 iter 1720/1860 loss=0.6358 mean_loss=0.6453 classification=0.0029, bbox_regression=0.0410, bbox_ctrness=0.5918
epoch 44/50 iter 1740/1860 loss=0.6942 mean_loss=0.6454 classification=0.0362, bbox_regression=0.0541, bbox_ctrness=0.6040
epoch 44/50 iter 1760/1860 loss=0.6510 mean_loss=0.6454 classification=0.0012, bbox_regression=0.0374, bbox_ctrness=0.6124
epoch 44/50 iter 1780/1860 loss=0.6506 mean_loss=0.6454 classification=0.0034, bbox_regression=0.0446, bbox_ctrness=0.6026
epoch 44/50 iter 1800/1860 loss=0.6873 mean_loss=0.6454 classification=0.0705, bbox_regression=0.0338, bbox_ctrness=0.5831
epoch 44/50 iter 1820/1860 loss=0.6722 mean_loss=0.6455 classification=0.0360, bbox_regression=0.0440, bbox_ctrness=0.5922
epoch 44/50 iter 1840/1860 loss=0.6678 mean_loss=0.6455 classification=0.0003, bbox_regression=0.0449, bbox_ctrness=0.6226
epoch 44/50 iter 1860/1860 loss=0.6435 mean_loss=0.6454 classification=0.0003, bbox_regression=0.0321, bbox_ctrness=0.6111
epoch 44 validation Precision=0.7722 Recall=0.9284 AP50=0.9071 AP75=0.8339 eval_fps=20.33 epoch_time_sec=942.0
saved checkpoint: E:\RepViT-main\runs\v48_complete_ablation\training\ra_static_equal_seed2\weights\last.pt
epoch 45/50 iter 1/1860 loss=0.6313 mean_loss=0.6313 classification=0.0001, bbox_regression=0.0329, bbox_ctrness=0.5983
epoch 45/50 iter 20/1860 loss=0.6553 mean_loss=0.6441 classification=0.0001, bbox_regression=0.0453, bbox_ctrness=0.6100
epoch 45/50 iter 40/1860 loss=0.6641 mean_loss=0.6428 classification=0.0012, bbox_regression=0.0400, bbox_ctrness=0.6228
epoch 45/50 iter 60/1860 loss=0.6594 mean_loss=0.6431 classification=0.0008, bbox_regression=0.0391, bbox_ctrness=0.6195
epoch 45/50 iter 80/1860 loss=0.6476 mean_loss=0.6450 classification=0.0069, bbox_regression=0.0458, bbox_ctrness=0.5950
epoch 45/50 iter 100/1860 loss=0.6341 mean_loss=0.6440 classification=0.0022, bbox_regression=0.0396, bbox_ctrness=0.5923
epoch 45/50 iter 120/1860 loss=0.6358 mean_loss=0.6432 classification=0.0083, bbox_regression=0.0479, bbox_ctrness=0.5796
epoch 45/50 iter 140/1860 loss=0.6460 mean_loss=0.6425 classification=0.0010, bbox_regression=0.0364, bbox_ctrness=0.6086
epoch 45/50 iter 160/1860 loss=0.6417 mean_loss=0.6425 classification=0.0001, bbox_regression=0.0339, bbox_ctrness=0.6077
epoch 45/50 iter 180/1860 loss=0.6571 mean_loss=0.6424 classification=0.0006, bbox_regression=0.0401, bbox_ctrness=0.6164
epoch 45/50 iter 200/1860 loss=0.6358 mean_loss=0.6423 classification=0.0011, bbox_regression=0.0314, bbox_ctrness=0.6032
epoch 45/50 iter 220/1860 loss=0.6428 mean_loss=0.6419 classification=0.0007, bbox_regression=0.0424, bbox_ctrness=0.5997
epoch 45/50 iter 240/1860 loss=0.6284 mean_loss=0.6417 classification=0.0007, bbox_regression=0.0324, bbox_ctrness=0.5953
epoch 45/50 iter 260/1860 loss=0.6107 mean_loss=0.6418 classification=0.0033, bbox_regression=0.0240, bbox_ctrness=0.5835
epoch 45/50 iter 280/1860 loss=0.6551 mean_loss=0.6421 classification=0.0017, bbox_regression=0.0463, bbox_ctrness=0.6071
epoch 45/50 iter 300/1860 loss=0.6278 mean_loss=0.6424 classification=0.0019, bbox_regression=0.0481, bbox_ctrness=0.5778
epoch 45/50 iter 320/1860 loss=0.6542 mean_loss=0.6428 classification=0.0006, bbox_regression=0.0391, bbox_ctrness=0.6145
epoch 45/50 iter 340/1860 loss=0.6351 mean_loss=0.6429 classification=0.0002, bbox_regression=0.0411, bbox_ctrness=0.5939
epoch 45/50 iter 360/1860 loss=0.6530 mean_loss=0.6432 classification=0.0016, bbox_regression=0.0427, bbox_ctrness=0.6086
epoch 45/50 iter 380/1860 loss=0.6466 mean_loss=0.6437 classification=0.0007, bbox_regression=0.0353, bbox_ctrness=0.6106
epoch 45/50 iter 400/1860 loss=0.6533 mean_loss=0.6438 classification=0.0044, bbox_regression=0.0482, bbox_ctrness=0.6007
epoch 45/50 iter 420/1860 loss=0.6404 mean_loss=0.6441 classification=0.0083, bbox_regression=0.0327, bbox_ctrness=0.5993
epoch 45/50 iter 440/1860 loss=0.6340 mean_loss=0.6441 classification=0.0061, bbox_regression=0.0361, bbox_ctrness=0.5918
epoch 45/50 iter 460/1860 loss=0.6402 mean_loss=0.6441 classification=0.0001, bbox_regression=0.0420, bbox_ctrness=0.5981
epoch 45/50 iter 480/1860 loss=0.6290 mean_loss=0.6440 classification=0.0034, bbox_regression=0.0350, bbox_ctrness=0.5906
epoch 45/50 iter 500/1860 loss=0.6250 mean_loss=0.6439 classification=0.0038, bbox_regression=0.0411, bbox_ctrness=0.5802
epoch 45/50 iter 520/1860 loss=0.6269 mean_loss=0.6440 classification=0.0065, bbox_regression=0.0399, bbox_ctrness=0.5806
epoch 45/50 iter 540/1860 loss=0.6256 mean_loss=0.6441 classification=0.0003, bbox_regression=0.0354, bbox_ctrness=0.5899
epoch 45/50 iter 560/1860 loss=0.6484 mean_loss=0.6442 classification=0.0012, bbox_regression=0.0445, bbox_ctrness=0.6028
epoch 45/50 iter 580/1860 loss=0.6398 mean_loss=0.6442 classification=0.0005, bbox_regression=0.0386, bbox_ctrness=0.6007
epoch 45/50 iter 600/1860 loss=0.6334 mean_loss=0.6441 classification=0.0008, bbox_regression=0.0397, bbox_ctrness=0.5929
epoch 45/50 iter 620/1860 loss=0.6670 mean_loss=0.6441 classification=0.0265, bbox_regression=0.0345, bbox_ctrness=0.6060
epoch 45/50 iter 640/1860 loss=0.6447 mean_loss=0.6441 classification=0.0021, bbox_regression=0.0518, bbox_ctrness=0.5908
epoch 45/50 iter 660/1860 loss=0.6452 mean_loss=0.6441 classification=0.0003, bbox_regression=0.0336, bbox_ctrness=0.6113
epoch 45/50 iter 680/1860 loss=0.6316 mean_loss=0.6440 classification=0.0008, bbox_regression=0.0373, bbox_ctrness=0.5935
epoch 45/50 iter 700/1860 loss=0.6361 mean_loss=0.6438 classification=0.0006, bbox_regression=0.0399, bbox_ctrness=0.5957
epoch 45/50 iter 720/1860 loss=0.6502 mean_loss=0.6437 classification=0.0120, bbox_regression=0.0364, bbox_ctrness=0.6018
epoch 45/50 iter 740/1860 loss=0.6402 mean_loss=0.6436 classification=0.0005, bbox_regression=0.0347, bbox_ctrness=0.6050
epoch 45/50 iter 760/1860 loss=0.6249 mean_loss=0.6434 classification=0.0009, bbox_regression=0.0428, bbox_ctrness=0.5811
epoch 45/50 iter 780/1860 loss=0.6317 mean_loss=0.6434 classification=0.0011, bbox_regression=0.0327, bbox_ctrness=0.5979
epoch 45/50 iter 800/1860 loss=0.6467 mean_loss=0.6434 classification=0.0072, bbox_regression=0.0448, bbox_ctrness=0.5947
epoch 45/50 iter 820/1860 loss=0.6556 mean_loss=0.6433 classification=0.0047, bbox_regression=0.0472, bbox_ctrness=0.6037
epoch 45/50 iter 840/1860 loss=0.6364 mean_loss=0.6434 classification=0.0016, bbox_regression=0.0325, bbox_ctrness=0.6023
epoch 45/50 iter 860/1860 loss=0.6323 mean_loss=0.6434 classification=0.0003, bbox_regression=0.0393, bbox_ctrness=0.5928
epoch 45/50 iter 880/1860 loss=0.6383 mean_loss=0.6433 classification=0.0003, bbox_regression=0.0396, bbox_ctrness=0.5985
epoch 45/50 iter 900/1860 loss=0.6468 mean_loss=0.6434 classification=0.0005, bbox_regression=0.0336, bbox_ctrness=0.6128
epoch 45/50 iter 920/1860 loss=0.6382 mean_loss=0.6435 classification=0.0101, bbox_regression=0.0271, bbox_ctrness=0.6010
epoch 45/50 iter 940/1860 loss=0.6910 mean_loss=0.6435 classification=0.0313, bbox_regression=0.0439, bbox_ctrness=0.6158
epoch 45/50 iter 960/1860 loss=0.6276 mean_loss=0.6435 classification=0.0067, bbox_regression=0.0360, bbox_ctrness=0.5849
epoch 45/50 iter 980/1860 loss=0.6528 mean_loss=0.6436 classification=0.0084, bbox_regression=0.0450, bbox_ctrness=0.5994
epoch 45/50 iter 1000/1860 loss=0.6375 mean_loss=0.6436 classification=0.0034, bbox_regression=0.0455, bbox_ctrness=0.5886
epoch 45/50 iter 1020/1860 loss=0.6328 mean_loss=0.6438 classification=0.0006, bbox_regression=0.0357, bbox_ctrness=0.5965
epoch 45/50 iter 1040/1860 loss=0.6576 mean_loss=0.6438 classification=0.0136, bbox_regression=0.0417, bbox_ctrness=0.6022
epoch 45/50 iter 1060/1860 loss=0.6820 mean_loss=0.6441 classification=0.0038, bbox_regression=0.0693, bbox_ctrness=0.6089
epoch 45/50 iter 1080/1860 loss=0.6802 mean_loss=0.6443 classification=0.0258, bbox_regression=0.0460, bbox_ctrness=0.6085
epoch 45/50 iter 1100/1860 loss=0.6357 mean_loss=0.6443 classification=0.0033, bbox_regression=0.0403, bbox_ctrness=0.5920
epoch 45/50 iter 1120/1860 loss=0.6526 mean_loss=0.6444 classification=0.0036, bbox_regression=0.0550, bbox_ctrness=0.5940
epoch 45/50 iter 1140/1860 loss=0.6485 mean_loss=0.6444 classification=0.0039, bbox_regression=0.0338, bbox_ctrness=0.6108
epoch 45/50 iter 1160/1860 loss=0.6455 mean_loss=0.6445 classification=0.0103, bbox_regression=0.0410, bbox_ctrness=0.5942
epoch 45/50 iter 1180/1860 loss=0.6293 mean_loss=0.6446 classification=0.0009, bbox_regression=0.0429, bbox_ctrness=0.5855
epoch 45/50 iter 1200/1860 loss=0.6338 mean_loss=0.6446 classification=0.0046, bbox_regression=0.0393, bbox_ctrness=0.5900
epoch 45/50 iter 1220/1860 loss=0.6386 mean_loss=0.6446 classification=0.0052, bbox_regression=0.0500, bbox_ctrness=0.5834
epoch 45/50 iter 1240/1860 loss=0.6450 mean_loss=0.6446 classification=0.0011, bbox_regression=0.0342, bbox_ctrness=0.6096
epoch 45/50 iter 1260/1860 loss=0.6571 mean_loss=0.6446 classification=0.0006, bbox_regression=0.0494, bbox_ctrness=0.6071
epoch 45/50 iter 1280/1860 loss=0.6467 mean_loss=0.6448 classification=0.0191, bbox_regression=0.0409, bbox_ctrness=0.5867
epoch 45/50 iter 1300/1860 loss=0.6658 mean_loss=0.6448 classification=0.0268, bbox_regression=0.0423, bbox_ctrness=0.5967
epoch 45/50 iter 1320/1860 loss=0.6390 mean_loss=0.6447 classification=0.0112, bbox_regression=0.0403, bbox_ctrness=0.5875
epoch 45/50 iter 1340/1860 loss=0.6271 mean_loss=0.6447 classification=0.0100, bbox_regression=0.0345, bbox_ctrness=0.5826
epoch 45/50 iter 1360/1860 loss=0.6438 mean_loss=0.6446 classification=0.0003, bbox_regression=0.0313, bbox_ctrness=0.6122
epoch 45/50 iter 1380/1860 loss=0.6464 mean_loss=0.6447 classification=0.0029, bbox_regression=0.0339, bbox_ctrness=0.6096
epoch 45/50 iter 1400/1860 loss=0.6555 mean_loss=0.6447 classification=0.0005, bbox_regression=0.0361, bbox_ctrness=0.6189
epoch 45/50 iter 1420/1860 loss=0.6623 mean_loss=0.6448 classification=0.0022, bbox_regression=0.0465, bbox_ctrness=0.6136
epoch 45/50 iter 1440/1860 loss=0.6141 mean_loss=0.6448 classification=0.0022, bbox_regression=0.0321, bbox_ctrness=0.5799
epoch 45/50 iter 1460/1860 loss=0.6571 mean_loss=0.6447 classification=0.0058, bbox_regression=0.0452, bbox_ctrness=0.6061
epoch 45/50 iter 1480/1860 loss=0.6532 mean_loss=0.6448 classification=0.0024, bbox_regression=0.0445, bbox_ctrness=0.6063
epoch 45/50 iter 1500/1860 loss=0.6408 mean_loss=0.6448 classification=0.0057, bbox_regression=0.0497, bbox_ctrness=0.5854
epoch 45/50 iter 1520/1860 loss=0.6463 mean_loss=0.6449 classification=0.0074, bbox_regression=0.0409, bbox_ctrness=0.5980
epoch 45/50 iter 1540/1860 loss=0.6338 mean_loss=0.6448 classification=0.0019, bbox_regression=0.0378, bbox_ctrness=0.5941
epoch 45/50 iter 1560/1860 loss=0.6339 mean_loss=0.6448 classification=0.0069, bbox_regression=0.0398, bbox_ctrness=0.5872
epoch 45/50 iter 1580/1860 loss=0.6507 mean_loss=0.6449 classification=0.0002, bbox_regression=0.0422, bbox_ctrness=0.6083
epoch 45/50 iter 1600/1860 loss=0.6413 mean_loss=0.6448 classification=0.0021, bbox_regression=0.0404, bbox_ctrness=0.5988
epoch 45/50 iter 1620/1860 loss=0.6516 mean_loss=0.6448 classification=0.0087, bbox_regression=0.0530, bbox_ctrness=0.5899
epoch 45/50 iter 1640/1860 loss=0.6426 mean_loss=0.6448 classification=0.0042, bbox_regression=0.0477, bbox_ctrness=0.5907
epoch 45/50 iter 1660/1860 loss=0.6349 mean_loss=0.6448 classification=0.0060, bbox_regression=0.0465, bbox_ctrness=0.5824
epoch 45/50 iter 1680/1860 loss=0.6480 mean_loss=0.6449 classification=0.0118, bbox_regression=0.0457, bbox_ctrness=0.5905
epoch 45/50 iter 1700/1860 loss=0.6572 mean_loss=0.6451 classification=0.0304, bbox_regression=0.0441, bbox_ctrness=0.5827
epoch 45/50 iter 1720/1860 loss=0.6593 mean_loss=0.6451 classification=0.0062, bbox_regression=0.0376, bbox_ctrness=0.6156
epoch 45/50 iter 1740/1860 loss=0.6480 mean_loss=0.6451 classification=0.0061, bbox_regression=0.0464, bbox_ctrness=0.5955
epoch 45/50 iter 1760/1860 loss=0.6433 mean_loss=0.6451 classification=0.0195, bbox_regression=0.0420, bbox_ctrness=0.5818
epoch 45/50 iter 1780/1860 loss=0.6645 mean_loss=0.6452 classification=0.0160, bbox_regression=0.0488, bbox_ctrness=0.5997
epoch 45/50 iter 1800/1860 loss=0.6533 mean_loss=0.6452 classification=0.0119, bbox_regression=0.0451, bbox_ctrness=0.5963
epoch 45/50 iter 1820/1860 loss=0.6497 mean_loss=0.6452 classification=0.0022, bbox_regression=0.0378, bbox_ctrness=0.6096
epoch 45/50 iter 1840/1860 loss=0.6603 mean_loss=0.6452 classification=0.0020, bbox_regression=0.0549, bbox_ctrness=0.6034
epoch 45/50 iter 1860/1860 loss=0.6361 mean_loss=0.6453 classification=0.0068, bbox_regression=0.0340, bbox_ctrness=0.5954
epoch 45 validation Precision=0.7603 Recall=0.9339 AP50=0.9111 AP75=0.8372 eval_fps=20.34 epoch_time_sec=935.2
saved checkpoint: E:\RepViT-main\runs\v48_complete_ablation\training\ra_static_equal_seed2\weights\last.pt
epoch 46/50 iter 1/1860 loss=0.6263 mean_loss=0.6263 classification=0.0023, bbox_regression=0.0373, bbox_ctrness=0.5867
epoch 46/50 iter 20/1860 loss=0.6497 mean_loss=0.6439 classification=0.0117, bbox_regression=0.0362, bbox_ctrness=0.6017
epoch 46/50 iter 40/1860 loss=0.6398 mean_loss=0.6424 classification=0.0026, bbox_regression=0.0397, bbox_ctrness=0.5976
epoch 46/50 iter 60/1860 loss=0.6610 mean_loss=0.6433 classification=0.0026, bbox_regression=0.0513, bbox_ctrness=0.6072
epoch 46/50 iter 80/1860 loss=0.6510 mean_loss=0.6437 classification=0.0006, bbox_regression=0.0473, bbox_ctrness=0.6031
epoch 46/50 iter 100/1860 loss=0.6294 mean_loss=0.6445 classification=0.0005, bbox_regression=0.0405, bbox_ctrness=0.5884
epoch 46/50 iter 120/1860 loss=0.6334 mean_loss=0.6448 classification=0.0013, bbox_regression=0.0436, bbox_ctrness=0.5885
epoch 46/50 iter 140/1860 loss=0.6656 mean_loss=0.6450 classification=0.0145, bbox_regression=0.0457, bbox_ctrness=0.6054
epoch 46/50 iter 160/1860 loss=0.6694 mean_loss=0.6451 classification=0.0130, bbox_regression=0.0549, bbox_ctrness=0.6014
epoch 46/50 iter 180/1860 loss=0.6738 mean_loss=0.6443 classification=0.0106, bbox_regression=0.0906, bbox_ctrness=0.5726
epoch 46/50 iter 200/1860 loss=0.6489 mean_loss=0.6451 classification=0.0079, bbox_regression=0.0438, bbox_ctrness=0.5972
epoch 46/50 iter 220/1860 loss=0.6473 mean_loss=0.6450 classification=0.0124, bbox_regression=0.0475, bbox_ctrness=0.5875
epoch 46/50 iter 240/1860 loss=0.6515 mean_loss=0.6446 classification=0.0003, bbox_regression=0.0527, bbox_ctrness=0.5985
epoch 46/50 iter 260/1860 loss=0.6555 mean_loss=0.6448 classification=0.0036, bbox_regression=0.0429, bbox_ctrness=0.6090
epoch 46/50 iter 280/1860 loss=0.6459 mean_loss=0.6452 classification=0.0006, bbox_regression=0.0446, bbox_ctrness=0.6007
epoch 46/50 iter 300/1860 loss=0.6313 mean_loss=0.6454 classification=0.0017, bbox_regression=0.0394, bbox_ctrness=0.5902
epoch 46/50 iter 320/1860 loss=0.6601 mean_loss=0.6455 classification=0.0150, bbox_regression=0.0415, bbox_ctrness=0.6036
epoch 46/50 iter 340/1860 loss=0.6571 mean_loss=0.6452 classification=0.0003, bbox_regression=0.0473, bbox_ctrness=0.6095
epoch 46/50 iter 360/1860 loss=0.6443 mean_loss=0.6450 classification=0.0092, bbox_regression=0.0395, bbox_ctrness=0.5956
epoch 46/50 iter 380/1860 loss=0.6286 mean_loss=0.6449 classification=0.0032, bbox_regression=0.0355, bbox_ctrness=0.5899
epoch 46/50 iter 400/1860 loss=0.6118 mean_loss=0.6445 classification=0.0012, bbox_regression=0.0343, bbox_ctrness=0.5762
epoch 46/50 iter 420/1860 loss=0.6246 mean_loss=0.6442 classification=0.0004, bbox_regression=0.0339, bbox_ctrness=0.5902
epoch 46/50 iter 440/1860 loss=0.6294 mean_loss=0.6442 classification=0.0025, bbox_regression=0.0393, bbox_ctrness=0.5875
epoch 46/50 iter 460/1860 loss=0.6522 mean_loss=0.6445 classification=0.0003, bbox_regression=0.0487, bbox_ctrness=0.6032
epoch 46/50 iter 480/1860 loss=0.6345 mean_loss=0.6447 classification=0.0003, bbox_regression=0.0466, bbox_ctrness=0.5876
epoch 46/50 iter 500/1860 loss=0.6368 mean_loss=0.6446 classification=0.0031, bbox_regression=0.0396, bbox_ctrness=0.5941
epoch 46/50 iter 520/1860 loss=0.6550 mean_loss=0.6445 classification=0.0004, bbox_regression=0.0529, bbox_ctrness=0.6018
epoch 46/50 iter 540/1860 loss=0.6291 mean_loss=0.6444 classification=0.0003, bbox_regression=0.0274, bbox_ctrness=0.6014
epoch 46/50 iter 560/1860 loss=0.6485 mean_loss=0.6441 classification=0.0020, bbox_regression=0.0390, bbox_ctrness=0.6075
epoch 46/50 iter 580/1860 loss=0.6523 mean_loss=0.6442 classification=0.0023, bbox_regression=0.0402, bbox_ctrness=0.6098
epoch 46/50 iter 600/1860 loss=0.6311 mean_loss=0.6442 classification=0.0002, bbox_regression=0.0306, bbox_ctrness=0.6003
epoch 46/50 iter 620/1860 loss=0.6298 mean_loss=0.6442 classification=0.0027, bbox_regression=0.0445, bbox_ctrness=0.5827
epoch 46/50 iter 640/1860 loss=0.6348 mean_loss=0.6440 classification=0.0024, bbox_regression=0.0298, bbox_ctrness=0.6025
epoch 46/50 iter 660/1860 loss=0.6344 mean_loss=0.6440 classification=0.0009, bbox_regression=0.0388, bbox_ctrness=0.5948
epoch 46/50 iter 680/1860 loss=0.6464 mean_loss=0.6439 classification=0.0005, bbox_regression=0.0394, bbox_ctrness=0.6065
epoch 46/50 iter 700/1860 loss=0.6283 mean_loss=0.6437 classification=0.0009, bbox_regression=0.0284, bbox_ctrness=0.5990
epoch 46/50 iter 720/1860 loss=0.6342 mean_loss=0.6437 classification=0.0016, bbox_regression=0.0359, bbox_ctrness=0.5967
epoch 46/50 iter 740/1860 loss=0.6358 mean_loss=0.6437 classification=0.0002, bbox_regression=0.0381, bbox_ctrness=0.5975
epoch 46/50 iter 760/1860 loss=0.6429 mean_loss=0.6437 classification=0.0030, bbox_regression=0.0473, bbox_ctrness=0.5925
epoch 46/50 iter 780/1860 loss=0.6518 mean_loss=0.6439 classification=0.0073, bbox_regression=0.0478, bbox_ctrness=0.5967
epoch 46/50 iter 800/1860 loss=0.6516 mean_loss=0.6441 classification=0.0021, bbox_regression=0.0393, bbox_ctrness=0.6102
epoch 46/50 iter 820/1860 loss=0.6521 mean_loss=0.6441 classification=0.0053, bbox_regression=0.0373, bbox_ctrness=0.6094
epoch 46/50 iter 840/1860 loss=0.6244 mean_loss=0.6440 classification=0.0035, bbox_regression=0.0442, bbox_ctrness=0.5767
epoch 46/50 iter 860/1860 loss=0.6477 mean_loss=0.6441 classification=0.0017, bbox_regression=0.0486, bbox_ctrness=0.5975
epoch 46/50 iter 880/1860 loss=0.6428 mean_loss=0.6440 classification=0.0007, bbox_regression=0.0429, bbox_ctrness=0.5992
epoch 46/50 iter 900/1860 loss=0.6389 mean_loss=0.6439 classification=0.0041, bbox_regression=0.0367, bbox_ctrness=0.5982
epoch 46/50 iter 920/1860 loss=0.6353 mean_loss=0.6439 classification=0.0024, bbox_regression=0.0374, bbox_ctrness=0.5955
epoch 46/50 iter 940/1860 loss=0.6443 mean_loss=0.6439 classification=0.0006, bbox_regression=0.0512, bbox_ctrness=0.5925
epoch 46/50 iter 960/1860 loss=0.6227 mean_loss=0.6439 classification=0.0042, bbox_regression=0.0338, bbox_ctrness=0.5847
epoch 46/50 iter 980/1860 loss=0.6481 mean_loss=0.6439 classification=0.0043, bbox_regression=0.0420, bbox_ctrness=0.6017
epoch 46/50 iter 1000/1860 loss=0.6270 mean_loss=0.6438 classification=0.0011, bbox_regression=0.0375, bbox_ctrness=0.5885
epoch 46/50 iter 1020/1860 loss=0.6430 mean_loss=0.6437 classification=0.0041, bbox_regression=0.0454, bbox_ctrness=0.5935
epoch 46/50 iter 1040/1860 loss=0.6441 mean_loss=0.6437 classification=0.0007, bbox_regression=0.0369, bbox_ctrness=0.6065
epoch 46/50 iter 1060/1860 loss=0.6877 mean_loss=0.6438 classification=0.0268, bbox_regression=0.0527, bbox_ctrness=0.6083
epoch 46/50 iter 1080/1860 loss=0.6311 mean_loss=0.6439 classification=0.0058, bbox_regression=0.0368, bbox_ctrness=0.5885
epoch 46/50 iter 1100/1860 loss=0.6450 mean_loss=0.6439 classification=0.0007, bbox_regression=0.0511, bbox_ctrness=0.5932
epoch 46/50 iter 1120/1860 loss=0.6301 mean_loss=0.6439 classification=0.0024, bbox_regression=0.0428, bbox_ctrness=0.5849
epoch 46/50 iter 1140/1860 loss=0.6767 mean_loss=0.6440 classification=0.0322, bbox_regression=0.0358, bbox_ctrness=0.6086
epoch 46/50 iter 1160/1860 loss=0.6516 mean_loss=0.6441 classification=0.0024, bbox_regression=0.0476, bbox_ctrness=0.6016
epoch 46/50 iter 1180/1860 loss=0.6648 mean_loss=0.6441 classification=0.0070, bbox_regression=0.0506, bbox_ctrness=0.6072
epoch 46/50 iter 1200/1860 loss=0.6482 mean_loss=0.6441 classification=0.0009, bbox_regression=0.0387, bbox_ctrness=0.6086
epoch 46/50 iter 1220/1860 loss=0.6262 mean_loss=0.6441 classification=0.0026, bbox_regression=0.0349, bbox_ctrness=0.5887
epoch 46/50 iter 1240/1860 loss=0.6203 mean_loss=0.6441 classification=0.0004, bbox_regression=0.0394, bbox_ctrness=0.5805
epoch 46/50 iter 1260/1860 loss=0.6621 mean_loss=0.6443 classification=0.0096, bbox_regression=0.0516, bbox_ctrness=0.6009
epoch 46/50 iter 1280/1860 loss=0.6522 mean_loss=0.6445 classification=0.0010, bbox_regression=0.0455, bbox_ctrness=0.6056
epoch 46/50 iter 1300/1860 loss=0.6389 mean_loss=0.6445 classification=0.0049, bbox_regression=0.0342, bbox_ctrness=0.5999
epoch 46/50 iter 1320/1860 loss=0.6464 mean_loss=0.6445 classification=0.0026, bbox_regression=0.0343, bbox_ctrness=0.6094
epoch 46/50 iter 1340/1860 loss=0.6408 mean_loss=0.6445 classification=0.0012, bbox_regression=0.0365, bbox_ctrness=0.6032
epoch 46/50 iter 1360/1860 loss=0.6293 mean_loss=0.6445 classification=0.0019, bbox_regression=0.0382, bbox_ctrness=0.5893
epoch 46/50 iter 1380/1860 loss=0.6422 mean_loss=0.6444 classification=0.0071, bbox_regression=0.0355, bbox_ctrness=0.5996
epoch 46/50 iter 1400/1860 loss=0.6483 mean_loss=0.6444 classification=0.0002, bbox_regression=0.0378, bbox_ctrness=0.6103
epoch 46/50 iter 1420/1860 loss=0.6153 mean_loss=0.6443 classification=0.0007, bbox_regression=0.0323, bbox_ctrness=0.5823
epoch 46/50 iter 1440/1860 loss=0.6190 mean_loss=0.6443 classification=0.0004, bbox_regression=0.0350, bbox_ctrness=0.5835
epoch 46/50 iter 1460/1860 loss=0.6326 mean_loss=0.6442 classification=0.0014, bbox_regression=0.0367, bbox_ctrness=0.5945
epoch 46/50 iter 1480/1860 loss=0.6657 mean_loss=0.6441 classification=0.0057, bbox_regression=0.0543, bbox_ctrness=0.6057
epoch 46/50 iter 1500/1860 loss=0.6558 mean_loss=0.6441 classification=0.0078, bbox_regression=0.0512, bbox_ctrness=0.5969
epoch 46/50 iter 1520/1860 loss=0.6539 mean_loss=0.6442 classification=0.0008, bbox_regression=0.0424, bbox_ctrness=0.6107
epoch 46/50 iter 1540/1860 loss=0.6168 mean_loss=0.6441 classification=0.0005, bbox_regression=0.0295, bbox_ctrness=0.5868
epoch 46/50 iter 1560/1860 loss=0.6259 mean_loss=0.6441 classification=0.0020, bbox_regression=0.0348, bbox_ctrness=0.5891
epoch 46/50 iter 1580/1860 loss=0.6252 mean_loss=0.6440 classification=0.0008, bbox_regression=0.0342, bbox_ctrness=0.5902
epoch 46/50 iter 1600/1860 loss=0.6647 mean_loss=0.6441 classification=0.0067, bbox_regression=0.0539, bbox_ctrness=0.6041
epoch 46/50 iter 1620/1860 loss=0.6448 mean_loss=0.6441 classification=0.0122, bbox_regression=0.0433, bbox_ctrness=0.5893
epoch 46/50 iter 1640/1860 loss=0.6523 mean_loss=0.6443 classification=0.0043, bbox_regression=0.0463, bbox_ctrness=0.6017
epoch 46/50 iter 1660/1860 loss=0.6525 mean_loss=0.6444 classification=0.0037, bbox_regression=0.0408, bbox_ctrness=0.6080
epoch 46/50 iter 1680/1860 loss=0.6286 mean_loss=0.6444 classification=0.0012, bbox_regression=0.0379, bbox_ctrness=0.5894
epoch 46/50 iter 1700/1860 loss=0.6643 mean_loss=0.6446 classification=0.0007, bbox_regression=0.0451, bbox_ctrness=0.6184
epoch 46/50 iter 1720/1860 loss=0.6503 mean_loss=0.6447 classification=0.0042, bbox_regression=0.0384, bbox_ctrness=0.6076
epoch 46/50 iter 1740/1860 loss=0.6440 mean_loss=0.6448 classification=0.0067, bbox_regression=0.0472, bbox_ctrness=0.5902
epoch 46/50 iter 1760/1860 loss=0.6456 mean_loss=0.6450 classification=0.0010, bbox_regression=0.0418, bbox_ctrness=0.6027
epoch 46/50 iter 1780/1860 loss=0.6514 mean_loss=0.6450 classification=0.0010, bbox_regression=0.0419, bbox_ctrness=0.6085
epoch 46/50 iter 1800/1860 loss=0.6597 mean_loss=0.6450 classification=0.0163, bbox_regression=0.0481, bbox_ctrness=0.5953
epoch 46/50 iter 1820/1860 loss=0.6335 mean_loss=0.6450 classification=0.0029, bbox_regression=0.0371, bbox_ctrness=0.5935
epoch 46/50 iter 1840/1860 loss=0.6489 mean_loss=0.6449 classification=0.0042, bbox_regression=0.0463, bbox_ctrness=0.5984
epoch 46/50 iter 1860/1860 loss=0.6802 mean_loss=0.6450 classification=0.0278, bbox_regression=0.0445, bbox_ctrness=0.6079
epoch 46 validation Precision=0.8285 Recall=0.9034 AP50=0.8853 AP75=0.8212 eval_fps=21.41 epoch_time_sec=913.9
saved checkpoint: E:\RepViT-main\runs\v48_complete_ablation\training\ra_static_equal_seed2\weights\last.pt
epoch 47/50 iter 1/1860 loss=0.6320 mean_loss=0.6320 classification=0.0011, bbox_regression=0.0311, bbox_ctrness=0.5998
epoch 47/50 iter 20/1860 loss=0.6389 mean_loss=0.6402 classification=0.0013, bbox_regression=0.0367, bbox_ctrness=0.6009
epoch 47/50 iter 40/1860 loss=0.6582 mean_loss=0.6459 classification=0.0068, bbox_regression=0.0445, bbox_ctrness=0.6070
epoch 47/50 iter 60/1860 loss=0.6352 mean_loss=0.6470 classification=0.0008, bbox_regression=0.0393, bbox_ctrness=0.5951
epoch 47/50 iter 80/1860 loss=0.6509 mean_loss=0.6462 classification=0.0052, bbox_regression=0.0519, bbox_ctrness=0.5938
epoch 47/50 iter 100/1860 loss=0.6410 mean_loss=0.6452 classification=0.0004, bbox_regression=0.0292, bbox_ctrness=0.6113
epoch 47/50 iter 120/1860 loss=0.6380 mean_loss=0.6434 classification=0.0004, bbox_regression=0.0327, bbox_ctrness=0.6048
epoch 47/50 iter 140/1860 loss=0.6112 mean_loss=0.6419 classification=0.0019, bbox_regression=0.0366, bbox_ctrness=0.5727
epoch 47/50 iter 160/1860 loss=0.6367 mean_loss=0.6418 classification=0.0064, bbox_regression=0.0224, bbox_ctrness=0.6079
epoch 47/50 iter 180/1860 loss=0.6453 mean_loss=0.6410 classification=0.0002, bbox_regression=0.0534, bbox_ctrness=0.5918
epoch 47/50 iter 200/1860 loss=0.6552 mean_loss=0.6412 classification=0.0009, bbox_regression=0.0349, bbox_ctrness=0.6194
epoch 47/50 iter 220/1860 loss=0.6370 mean_loss=0.6408 classification=0.0014, bbox_regression=0.0410, bbox_ctrness=0.5946
epoch 47/50 iter 240/1860 loss=0.6456 mean_loss=0.6411 classification=0.0032, bbox_regression=0.0455, bbox_ctrness=0.5969
epoch 47/50 iter 260/1860 loss=0.6404 mean_loss=0.6414 classification=0.0001, bbox_regression=0.0281, bbox_ctrness=0.6121
epoch 47/50 iter 280/1860 loss=0.6485 mean_loss=0.6412 classification=0.0018, bbox_regression=0.0346, bbox_ctrness=0.6122
epoch 47/50 iter 300/1860 loss=0.6304 mean_loss=0.6414 classification=0.0011, bbox_regression=0.0524, bbox_ctrness=0.5769
epoch 47/50 iter 320/1860 loss=0.6412 mean_loss=0.6414 classification=0.0019, bbox_regression=0.0431, bbox_ctrness=0.5962
epoch 47/50 iter 340/1860 loss=0.6400 mean_loss=0.6414 classification=0.0038, bbox_regression=0.0429, bbox_ctrness=0.5932
epoch 47/50 iter 360/1860 loss=0.6506 mean_loss=0.6411 classification=0.0057, bbox_regression=0.0487, bbox_ctrness=0.5962
epoch 47/50 iter 380/1860 loss=0.6537 mean_loss=0.6409 classification=0.0000, bbox_regression=0.0477, bbox_ctrness=0.6060
epoch 47/50 iter 400/1860 loss=0.6450 mean_loss=0.6409 classification=0.0048, bbox_regression=0.0478, bbox_ctrness=0.5924
epoch 47/50 iter 420/1860 loss=0.6400 mean_loss=0.6415 classification=0.0012, bbox_regression=0.0344, bbox_ctrness=0.6044
epoch 47/50 iter 440/1860 loss=0.6461 mean_loss=0.6415 classification=0.0001, bbox_regression=0.0395, bbox_ctrness=0.6065
epoch 47/50 iter 460/1860 loss=0.6365 mean_loss=0.6414 classification=0.0043, bbox_regression=0.0398, bbox_ctrness=0.5924
epoch 47/50 iter 480/1860 loss=0.6596 mean_loss=0.6413 classification=0.0002, bbox_regression=0.0416, bbox_ctrness=0.6178
epoch 47/50 iter 500/1860 loss=0.6600 mean_loss=0.6413 classification=0.0020, bbox_regression=0.0626, bbox_ctrness=0.5954
epoch 47/50 iter 520/1860 loss=0.6388 mean_loss=0.6413 classification=0.0006, bbox_regression=0.0379, bbox_ctrness=0.6004
epoch 47/50 iter 540/1860 loss=0.6205 mean_loss=0.6412 classification=0.0007, bbox_regression=0.0337, bbox_ctrness=0.5860
epoch 47/50 iter 560/1860 loss=0.6293 mean_loss=0.6412 classification=0.0003, bbox_regression=0.0302, bbox_ctrness=0.5988
epoch 47/50 iter 580/1860 loss=0.6504 mean_loss=0.6413 classification=0.0111, bbox_regression=0.0510, bbox_ctrness=0.5883
epoch 47/50 iter 600/1860 loss=0.6482 mean_loss=0.6414 classification=0.0006, bbox_regression=0.0529, bbox_ctrness=0.5947
epoch 47/50 iter 620/1860 loss=0.6521 mean_loss=0.6414 classification=0.0005, bbox_regression=0.0502, bbox_ctrness=0.6014
epoch 47/50 iter 640/1860 loss=0.6536 mean_loss=0.6413 classification=0.0042, bbox_regression=0.0592, bbox_ctrness=0.5902
epoch 47/50 iter 660/1860 loss=0.6676 mean_loss=0.6415 classification=0.0038, bbox_regression=0.0500, bbox_ctrness=0.6137
epoch 47/50 iter 680/1860 loss=0.6292 mean_loss=0.6414 classification=0.0007, bbox_regression=0.0343, bbox_ctrness=0.5941
epoch 47/50 iter 700/1860 loss=0.6408 mean_loss=0.6414 classification=0.0007, bbox_regression=0.0427, bbox_ctrness=0.5975
epoch 47/50 iter 720/1860 loss=0.6416 mean_loss=0.6412 classification=0.0014, bbox_regression=0.0380, bbox_ctrness=0.6022
epoch 47/50 iter 740/1860 loss=0.6403 mean_loss=0.6416 classification=0.0020, bbox_regression=0.0349, bbox_ctrness=0.6034
epoch 47/50 iter 760/1860 loss=0.6260 mean_loss=0.6416 classification=0.0007, bbox_regression=0.0311, bbox_ctrness=0.5942
epoch 47/50 iter 780/1860 loss=0.6465 mean_loss=0.6416 classification=0.0021, bbox_regression=0.0412, bbox_ctrness=0.6032
epoch 47/50 iter 800/1860 loss=0.6177 mean_loss=0.6416 classification=0.0008, bbox_regression=0.0334, bbox_ctrness=0.5835
epoch 47/50 iter 820/1860 loss=0.6253 mean_loss=0.6414 classification=0.0033, bbox_regression=0.0339, bbox_ctrness=0.5881
epoch 47/50 iter 840/1860 loss=0.6121 mean_loss=0.6413 classification=0.0013, bbox_regression=0.0325, bbox_ctrness=0.5783
epoch 47/50 iter 860/1860 loss=0.6438 mean_loss=0.6411 classification=0.0008, bbox_regression=0.0434, bbox_ctrness=0.5996
epoch 47/50 iter 880/1860 loss=0.6474 mean_loss=0.6410 classification=0.0030, bbox_regression=0.0427, bbox_ctrness=0.6018
epoch 47/50 iter 900/1860 loss=0.6336 mean_loss=0.6409 classification=0.0049, bbox_regression=0.0454, bbox_ctrness=0.5833
epoch 47/50 iter 920/1860 loss=0.6421 mean_loss=0.6411 classification=0.0002, bbox_regression=0.0375, bbox_ctrness=0.6044
epoch 47/50 iter 940/1860 loss=0.6595 mean_loss=0.6410 classification=0.0009, bbox_regression=0.0390, bbox_ctrness=0.6197
epoch 47/50 iter 960/1860 loss=0.6567 mean_loss=0.6410 classification=0.0028, bbox_regression=0.0447, bbox_ctrness=0.6092
epoch 47/50 iter 980/1860 loss=0.6353 mean_loss=0.6410 classification=0.0004, bbox_regression=0.0375, bbox_ctrness=0.5974
epoch 47/50 iter 1000/1860 loss=0.6177 mean_loss=0.6409 classification=0.0024, bbox_regression=0.0325, bbox_ctrness=0.5827
epoch 47/50 iter 1020/1860 loss=0.6380 mean_loss=0.6409 classification=0.0005, bbox_regression=0.0406, bbox_ctrness=0.5969
epoch 47/50 iter 1040/1860 loss=0.6323 mean_loss=0.6409 classification=0.0001, bbox_regression=0.0323, bbox_ctrness=0.5999
epoch 47/50 iter 1060/1860 loss=0.6421 mean_loss=0.6410 classification=0.0091, bbox_regression=0.0391, bbox_ctrness=0.5939
epoch 47/50 iter 1080/1860 loss=0.6693 mean_loss=0.6410 classification=0.0028, bbox_regression=0.0430, bbox_ctrness=0.6235
epoch 47/50 iter 1100/1860 loss=0.6394 mean_loss=0.6410 classification=0.0066, bbox_regression=0.0393, bbox_ctrness=0.5936
epoch 47/50 iter 1120/1860 loss=0.6486 mean_loss=0.6410 classification=0.0015, bbox_regression=0.0545, bbox_ctrness=0.5926
epoch 47/50 iter 1140/1860 loss=0.6470 mean_loss=0.6411 classification=0.0007, bbox_regression=0.0353, bbox_ctrness=0.6111
epoch 47/50 iter 1160/1860 loss=0.6494 mean_loss=0.6412 classification=0.0332, bbox_regression=0.0508, bbox_ctrness=0.5654
epoch 47/50 iter 1180/1860 loss=0.6335 mean_loss=0.6411 classification=0.0012, bbox_regression=0.0373, bbox_ctrness=0.5951
epoch 47/50 iter 1200/1860 loss=0.6324 mean_loss=0.6412 classification=0.0030, bbox_regression=0.0406, bbox_ctrness=0.5888
epoch 47/50 iter 1220/1860 loss=0.6407 mean_loss=0.6413 classification=0.0009, bbox_regression=0.0400, bbox_ctrness=0.5998
epoch 47/50 iter 1240/1860 loss=0.6297 mean_loss=0.6413 classification=0.0005, bbox_regression=0.0396, bbox_ctrness=0.5896
epoch 47/50 iter 1260/1860 loss=0.6556 mean_loss=0.6414 classification=0.0058, bbox_regression=0.0414, bbox_ctrness=0.6085
epoch 47/50 iter 1280/1860 loss=0.6043 mean_loss=0.6414 classification=0.0025, bbox_regression=0.0375, bbox_ctrness=0.5644
epoch 47/50 iter 1300/1860 loss=0.6392 mean_loss=0.6414 classification=0.0007, bbox_regression=0.0362, bbox_ctrness=0.6022
epoch 47/50 iter 1320/1860 loss=0.6291 mean_loss=0.6414 classification=0.0052, bbox_regression=0.0407, bbox_ctrness=0.5832
epoch 47/50 iter 1340/1860 loss=0.6742 mean_loss=0.6414 classification=0.0132, bbox_regression=0.0563, bbox_ctrness=0.6048
epoch 47/50 iter 1360/1860 loss=0.6308 mean_loss=0.6414 classification=0.0015, bbox_regression=0.0298, bbox_ctrness=0.5996
epoch 47/50 iter 1380/1860 loss=0.6328 mean_loss=0.6415 classification=0.0015, bbox_regression=0.0530, bbox_ctrness=0.5783
epoch 47/50 iter 1400/1860 loss=0.6304 mean_loss=0.6416 classification=0.0102, bbox_regression=0.0446, bbox_ctrness=0.5756
epoch 47/50 iter 1420/1860 loss=0.6454 mean_loss=0.6419 classification=0.0113, bbox_regression=0.0395, bbox_ctrness=0.5946
epoch 47/50 iter 1440/1860 loss=0.6397 mean_loss=0.6420 classification=0.0066, bbox_regression=0.0361, bbox_ctrness=0.5970
epoch 47/50 iter 1460/1860 loss=0.6412 mean_loss=0.6421 classification=0.0025, bbox_regression=0.0468, bbox_ctrness=0.5919
epoch 47/50 iter 1480/1860 loss=0.6458 mean_loss=0.6421 classification=0.0013, bbox_regression=0.0459, bbox_ctrness=0.5986
epoch 47/50 iter 1500/1860 loss=0.6305 mean_loss=0.6422 classification=0.0021, bbox_regression=0.0422, bbox_ctrness=0.5863
epoch 47/50 iter 1520/1860 loss=0.6376 mean_loss=0.6421 classification=0.0001, bbox_regression=0.0293, bbox_ctrness=0.6082
epoch 47/50 iter 1540/1860 loss=0.6368 mean_loss=0.6422 classification=0.0014, bbox_regression=0.0511, bbox_ctrness=0.5843
epoch 47/50 iter 1560/1860 loss=0.6332 mean_loss=0.6422 classification=0.0010, bbox_regression=0.0401, bbox_ctrness=0.5920
epoch 47/50 iter 1580/1860 loss=0.6542 mean_loss=0.6422 classification=0.0031, bbox_regression=0.0438, bbox_ctrness=0.6073
epoch 47/50 iter 1600/1860 loss=0.6438 mean_loss=0.6423 classification=0.0024, bbox_regression=0.0414, bbox_ctrness=0.5999
epoch 47/50 iter 1620/1860 loss=0.6630 mean_loss=0.6423 classification=0.0010, bbox_regression=0.0378, bbox_ctrness=0.6242
epoch 47/50 iter 1640/1860 loss=0.6559 mean_loss=0.6424 classification=0.0019, bbox_regression=0.0391, bbox_ctrness=0.6148
epoch 47/50 iter 1660/1860 loss=0.6200 mean_loss=0.6424 classification=0.0005, bbox_regression=0.0328, bbox_ctrness=0.5867
epoch 47/50 iter 1680/1860 loss=0.6562 mean_loss=0.6423 classification=0.0227, bbox_regression=0.0512, bbox_ctrness=0.5824
epoch 47/50 iter 1700/1860 loss=0.6352 mean_loss=0.6423 classification=0.0004, bbox_regression=0.0380, bbox_ctrness=0.5968
epoch 47/50 iter 1720/1860 loss=0.6223 mean_loss=0.6423 classification=0.0001, bbox_regression=0.0395, bbox_ctrness=0.5826
epoch 47/50 iter 1740/1860 loss=0.6373 mean_loss=0.6423 classification=0.0017, bbox_regression=0.0388, bbox_ctrness=0.5968
epoch 47/50 iter 1760/1860 loss=0.6293 mean_loss=0.6423 classification=0.0027, bbox_regression=0.0448, bbox_ctrness=0.5818
epoch 47/50 iter 1780/1860 loss=0.6459 mean_loss=0.6424 classification=0.0040, bbox_regression=0.0420, bbox_ctrness=0.5999
epoch 47/50 iter 1800/1860 loss=0.6528 mean_loss=0.6425 classification=0.0115, bbox_regression=0.0436, bbox_ctrness=0.5977
epoch 47/50 iter 1820/1860 loss=0.6701 mean_loss=0.6427 classification=0.0061, bbox_regression=0.0480, bbox_ctrness=0.6160
epoch 47/50 iter 1840/1860 loss=0.6530 mean_loss=0.6429 classification=0.0082, bbox_regression=0.0470, bbox_ctrness=0.5977
epoch 47/50 iter 1860/1860 loss=0.6562 mean_loss=0.6430 classification=0.0066, bbox_regression=0.0463, bbox_ctrness=0.6032
epoch 47 validation Precision=0.6828 Recall=0.9414 AP50=0.9175 AP75=0.8398 eval_fps=20.52 epoch_time_sec=927.2
saved checkpoint: E:\RepViT-main\runs\v48_complete_ablation\training\ra_static_equal_seed2\weights\last.pt
epoch 48/50 iter 1/1860 loss=0.6497 mean_loss=0.6497 classification=0.0075, bbox_regression=0.0418, bbox_ctrness=0.6004
epoch 48/50 iter 20/1860 loss=0.6394 mean_loss=0.6420 classification=0.0015, bbox_regression=0.0412, bbox_ctrness=0.5967
epoch 48/50 iter 40/1860 loss=0.6563 mean_loss=0.6424 classification=0.0102, bbox_regression=0.0419, bbox_ctrness=0.6042
epoch 48/50 iter 60/1860 loss=0.6387 mean_loss=0.6409 classification=0.0047, bbox_regression=0.0491, bbox_ctrness=0.5848
epoch 48/50 iter 80/1860 loss=0.6538 mean_loss=0.6408 classification=0.0060, bbox_regression=0.0414, bbox_ctrness=0.6065
epoch 48/50 iter 100/1860 loss=0.6269 mean_loss=0.6410 classification=0.0041, bbox_regression=0.0412, bbox_ctrness=0.5817
epoch 48/50 iter 120/1860 loss=0.6401 mean_loss=0.6411 classification=0.0007, bbox_regression=0.0411, bbox_ctrness=0.5983
epoch 48/50 iter 140/1860 loss=0.6864 mean_loss=0.6412 classification=0.0079, bbox_regression=0.0697, bbox_ctrness=0.6088
epoch 48/50 iter 160/1860 loss=0.6278 mean_loss=0.6414 classification=0.0040, bbox_regression=0.0315, bbox_ctrness=0.5923
epoch 48/50 iter 180/1860 loss=0.6463 mean_loss=0.6416 classification=0.0065, bbox_regression=0.0413, bbox_ctrness=0.5986
epoch 48/50 iter 200/1860 loss=0.6335 mean_loss=0.6415 classification=0.0074, bbox_regression=0.0379, bbox_ctrness=0.5881
epoch 48/50 iter 220/1860 loss=0.6216 mean_loss=0.6413 classification=0.0009, bbox_regression=0.0308, bbox_ctrness=0.5899
epoch 48/50 iter 240/1860 loss=0.6140 mean_loss=0.6410 classification=0.0008, bbox_regression=0.0328, bbox_ctrness=0.5804
epoch 48/50 iter 260/1860 loss=0.6370 mean_loss=0.6411 classification=0.0003, bbox_regression=0.0336, bbox_ctrness=0.6030
epoch 48/50 iter 280/1860 loss=0.6437 mean_loss=0.6413 classification=0.0060, bbox_regression=0.0396, bbox_ctrness=0.5981
epoch 48/50 iter 300/1860 loss=0.6479 mean_loss=0.6415 classification=0.0120, bbox_regression=0.0451, bbox_ctrness=0.5909
epoch 48/50 iter 320/1860 loss=0.6263 mean_loss=0.6425 classification=0.0021, bbox_regression=0.0420, bbox_ctrness=0.5823
epoch 48/50 iter 340/1860 loss=0.6442 mean_loss=0.6423 classification=0.0026, bbox_regression=0.0307, bbox_ctrness=0.6108
epoch 48/50 iter 360/1860 loss=0.6550 mean_loss=0.6424 classification=0.0109, bbox_regression=0.0445, bbox_ctrness=0.5996
epoch 48/50 iter 380/1860 loss=0.6171 mean_loss=0.6425 classification=0.0015, bbox_regression=0.0299, bbox_ctrness=0.5856
epoch 48/50 iter 400/1860 loss=0.6314 mean_loss=0.6426 classification=0.0049, bbox_regression=0.0356, bbox_ctrness=0.5909
epoch 48/50 iter 420/1860 loss=0.6453 mean_loss=0.6426 classification=0.0003, bbox_regression=0.0429, bbox_ctrness=0.6022
epoch 48/50 iter 440/1860 loss=0.6574 mean_loss=0.6426 classification=0.0032, bbox_regression=0.0394, bbox_ctrness=0.6148
epoch 48/50 iter 460/1860 loss=0.6441 mean_loss=0.6423 classification=0.0089, bbox_regression=0.0280, bbox_ctrness=0.6072
epoch 48/50 iter 480/1860 loss=0.6377 mean_loss=0.6423 classification=0.0014, bbox_regression=0.0421, bbox_ctrness=0.5942
epoch 48/50 iter 500/1860 loss=0.6355 mean_loss=0.6421 classification=0.0017, bbox_regression=0.0389, bbox_ctrness=0.5949
epoch 48/50 iter 520/1860 loss=0.6515 mean_loss=0.6422 classification=0.0056, bbox_regression=0.0434, bbox_ctrness=0.6026
epoch 48/50 iter 540/1860 loss=0.6277 mean_loss=0.6422 classification=0.0023, bbox_regression=0.0320, bbox_ctrness=0.5934
epoch 48/50 iter 560/1860 loss=0.6571 mean_loss=0.6422 classification=0.0003, bbox_regression=0.0409, bbox_ctrness=0.6159
epoch 48/50 iter 580/1860 loss=0.6336 mean_loss=0.6423 classification=0.0006, bbox_regression=0.0555, bbox_ctrness=0.5776
epoch 48/50 iter 600/1860 loss=0.6381 mean_loss=0.6424 classification=0.0006, bbox_regression=0.0382, bbox_ctrness=0.5993
epoch 48/50 iter 620/1860 loss=0.6416 mean_loss=0.6424 classification=0.0010, bbox_regression=0.0408, bbox_ctrness=0.5998
epoch 48/50 iter 640/1860 loss=0.6530 mean_loss=0.6425 classification=0.0350, bbox_regression=0.0322, bbox_ctrness=0.5858
epoch 48/50 iter 660/1860 loss=0.6167 mean_loss=0.6426 classification=0.0024, bbox_regression=0.0305, bbox_ctrness=0.5838
epoch 48/50 iter 680/1860 loss=0.6247 mean_loss=0.6426 classification=0.0007, bbox_regression=0.0338, bbox_ctrness=0.5902
epoch 48/50 iter 700/1860 loss=0.6506 mean_loss=0.6425 classification=0.0034, bbox_regression=0.0426, bbox_ctrness=0.6046
epoch 48/50 iter 720/1860 loss=0.6442 mean_loss=0.6426 classification=0.0132, bbox_regression=0.0356, bbox_ctrness=0.5955
epoch 48/50 iter 740/1860 loss=0.6528 mean_loss=0.6431 classification=0.0022, bbox_regression=0.0506, bbox_ctrness=0.6001
epoch 48/50 iter 760/1860 loss=0.6234 mean_loss=0.6431 classification=0.0001, bbox_regression=0.0274, bbox_ctrness=0.5959
epoch 48/50 iter 780/1860 loss=0.6391 mean_loss=0.6430 classification=0.0004, bbox_regression=0.0314, bbox_ctrness=0.6073
epoch 48/50 iter 800/1860 loss=0.6410 mean_loss=0.6430 classification=0.0131, bbox_regression=0.0383, bbox_ctrness=0.5896
epoch 48/50 iter 820/1860 loss=0.6159 mean_loss=0.6429 classification=0.0058, bbox_regression=0.0300, bbox_ctrness=0.5800
epoch 48/50 iter 840/1860 loss=0.6453 mean_loss=0.6428 classification=0.0046, bbox_regression=0.0405, bbox_ctrness=0.6001
epoch 48/50 iter 860/1860 loss=0.6477 mean_loss=0.6428 classification=0.0060, bbox_regression=0.0443, bbox_ctrness=0.5974
epoch 48/50 iter 880/1860 loss=0.6359 mean_loss=0.6429 classification=0.0052, bbox_regression=0.0350, bbox_ctrness=0.5956
epoch 48/50 iter 900/1860 loss=0.6389 mean_loss=0.6431 classification=0.0001, bbox_regression=0.0367, bbox_ctrness=0.6021
epoch 48/50 iter 920/1860 loss=0.6414 mean_loss=0.6433 classification=0.0009, bbox_regression=0.0407, bbox_ctrness=0.5998
epoch 48/50 iter 940/1860 loss=0.6406 mean_loss=0.6434 classification=0.0030, bbox_regression=0.0311, bbox_ctrness=0.6066
epoch 48/50 iter 960/1860 loss=0.6876 mean_loss=0.6434 classification=0.0299, bbox_regression=0.0590, bbox_ctrness=0.5988
epoch 48/50 iter 980/1860 loss=0.6271 mean_loss=0.6432 classification=0.0146, bbox_regression=0.0405, bbox_ctrness=0.5720
epoch 48/50 iter 1000/1860 loss=0.6438 mean_loss=0.6432 classification=0.0132, bbox_regression=0.0406, bbox_ctrness=0.5899
epoch 48/50 iter 1020/1860 loss=0.6665 mean_loss=0.6432 classification=0.0067, bbox_regression=0.0595, bbox_ctrness=0.6004
epoch 48/50 iter 1040/1860 loss=0.6387 mean_loss=0.6431 classification=0.0026, bbox_regression=0.0416, bbox_ctrness=0.5946
epoch 48/50 iter 1060/1860 loss=0.6193 mean_loss=0.6430 classification=0.0003, bbox_regression=0.0353, bbox_ctrness=0.5837
epoch 48/50 iter 1080/1860 loss=0.6172 mean_loss=0.6429 classification=0.0002, bbox_regression=0.0344, bbox_ctrness=0.5826
epoch 48/50 iter 1100/1860 loss=0.6280 mean_loss=0.6429 classification=0.0011, bbox_regression=0.0410, bbox_ctrness=0.5859
epoch 48/50 iter 1120/1860 loss=0.6445 mean_loss=0.6429 classification=0.0041, bbox_regression=0.0344, bbox_ctrness=0.6060
epoch 48/50 iter 1140/1860 loss=0.6381 mean_loss=0.6429 classification=0.0158, bbox_regression=0.0481, bbox_ctrness=0.5742
epoch 48/50 iter 1160/1860 loss=0.6284 mean_loss=0.6428 classification=0.0005, bbox_regression=0.0268, bbox_ctrness=0.6011
epoch 48/50 iter 1180/1860 loss=0.6403 mean_loss=0.6428 classification=0.0052, bbox_regression=0.0381, bbox_ctrness=0.5970
epoch 48/50 iter 1200/1860 loss=0.6393 mean_loss=0.6428 classification=0.0000, bbox_regression=0.0295, bbox_ctrness=0.6099
epoch 48/50 iter 1220/1860 loss=0.6342 mean_loss=0.6428 classification=0.0015, bbox_regression=0.0366, bbox_ctrness=0.5961
epoch 48/50 iter 1240/1860 loss=0.6383 mean_loss=0.6428 classification=0.0014, bbox_regression=0.0299, bbox_ctrness=0.6070
epoch 48/50 iter 1260/1860 loss=0.6438 mean_loss=0.6428 classification=0.0007, bbox_regression=0.0433, bbox_ctrness=0.5998
epoch 48/50 iter 1280/1860 loss=0.6363 mean_loss=0.6428 classification=0.0023, bbox_regression=0.0379, bbox_ctrness=0.5961
epoch 48/50 iter 1300/1860 loss=0.6213 mean_loss=0.6428 classification=0.0001, bbox_regression=0.0247, bbox_ctrness=0.5965
epoch 48/50 iter 1320/1860 loss=0.6335 mean_loss=0.6428 classification=0.0010, bbox_regression=0.0350, bbox_ctrness=0.5976
epoch 48/50 iter 1340/1860 loss=0.6382 mean_loss=0.6427 classification=0.0009, bbox_regression=0.0306, bbox_ctrness=0.6066
epoch 48/50 iter 1360/1860 loss=0.6216 mean_loss=0.6426 classification=0.0014, bbox_regression=0.0351, bbox_ctrness=0.5851
epoch 48/50 iter 1380/1860 loss=0.6307 mean_loss=0.6426 classification=0.0005, bbox_regression=0.0274, bbox_ctrness=0.6029
epoch 48/50 iter 1400/1860 loss=0.6524 mean_loss=0.6425 classification=0.0007, bbox_regression=0.0351, bbox_ctrness=0.6167
epoch 48/50 iter 1420/1860 loss=0.6684 mean_loss=0.6427 classification=0.0207, bbox_regression=0.0507, bbox_ctrness=0.5970
epoch 48/50 iter 1440/1860 loss=0.6549 mean_loss=0.6429 classification=0.0026, bbox_regression=0.0459, bbox_ctrness=0.6063
epoch 48/50 iter 1460/1860 loss=0.6818 mean_loss=0.6429 classification=0.0381, bbox_regression=0.0402, bbox_ctrness=0.6035
epoch 48/50 iter 1480/1860 loss=0.6370 mean_loss=0.6429 classification=0.0025, bbox_regression=0.0335, bbox_ctrness=0.6010
epoch 48/50 iter 1500/1860 loss=0.6386 mean_loss=0.6430 classification=0.0030, bbox_regression=0.0407, bbox_ctrness=0.5949
epoch 48/50 iter 1520/1860 loss=0.6173 mean_loss=0.6430 classification=0.0056, bbox_regression=0.0352, bbox_ctrness=0.5765
epoch 48/50 iter 1540/1860 loss=0.6574 mean_loss=0.6430 classification=0.0043, bbox_regression=0.0537, bbox_ctrness=0.5994
epoch 48/50 iter 1560/1860 loss=0.6497 mean_loss=0.6430 classification=0.0099, bbox_regression=0.0493, bbox_ctrness=0.5905
epoch 48/50 iter 1580/1860 loss=0.6389 mean_loss=0.6430 classification=0.0022, bbox_regression=0.0361, bbox_ctrness=0.6006
epoch 48/50 iter 1600/1860 loss=0.6542 mean_loss=0.6430 classification=0.0049, bbox_regression=0.0413, bbox_ctrness=0.6079
epoch 48/50 iter 1620/1860 loss=0.6500 mean_loss=0.6430 classification=0.0004, bbox_regression=0.0422, bbox_ctrness=0.6074
epoch 48/50 iter 1640/1860 loss=0.6402 mean_loss=0.6430 classification=0.0040, bbox_regression=0.0383, bbox_ctrness=0.5978
epoch 48/50 iter 1660/1860 loss=0.6366 mean_loss=0.6430 classification=0.0024, bbox_regression=0.0484, bbox_ctrness=0.5858
epoch 48/50 iter 1680/1860 loss=0.6242 mean_loss=0.6430 classification=0.0020, bbox_regression=0.0387, bbox_ctrness=0.5835
epoch 48/50 iter 1700/1860 loss=0.6237 mean_loss=0.6431 classification=0.0060, bbox_regression=0.0330, bbox_ctrness=0.5847
epoch 48/50 iter 1720/1860 loss=0.6454 mean_loss=0.6430 classification=0.0004, bbox_regression=0.0433, bbox_ctrness=0.6017
epoch 48/50 iter 1740/1860 loss=0.6544 mean_loss=0.6430 classification=0.0110, bbox_regression=0.0531, bbox_ctrness=0.5903
epoch 48/50 iter 1760/1860 loss=0.6407 mean_loss=0.6431 classification=0.0005, bbox_regression=0.0379, bbox_ctrness=0.6024
epoch 48/50 iter 1780/1860 loss=0.6661 mean_loss=0.6432 classification=0.0216, bbox_regression=0.0432, bbox_ctrness=0.6012
epoch 48/50 iter 1800/1860 loss=0.6296 mean_loss=0.6432 classification=0.0025, bbox_regression=0.0380, bbox_ctrness=0.5891
epoch 48/50 iter 1820/1860 loss=0.6378 mean_loss=0.6433 classification=0.0028, bbox_regression=0.0358, bbox_ctrness=0.5992
epoch 48/50 iter 1840/1860 loss=0.6590 mean_loss=0.6433 classification=0.0105, bbox_regression=0.0466, bbox_ctrness=0.6019
epoch 48/50 iter 1860/1860 loss=0.6343 mean_loss=0.6433 classification=0.0023, bbox_regression=0.0363, bbox_ctrness=0.5956
epoch 48 validation Precision=0.7661 Recall=0.9267 AP50=0.9064 AP75=0.8318 eval_fps=21.17 epoch_time_sec=928.5
saved checkpoint: E:\RepViT-main\runs\v48_complete_ablation\training\ra_static_equal_seed2\weights\last.pt
epoch 49/50 iter 1/1860 loss=0.6349 mean_loss=0.6349 classification=0.0006, bbox_regression=0.0429, bbox_ctrness=0.5913
epoch 49/50 iter 20/1860 loss=0.6577 mean_loss=0.6372 classification=0.0285, bbox_regression=0.0427, bbox_ctrness=0.5865
epoch 49/50 iter 40/1860 loss=0.6411 mean_loss=0.6458 classification=0.0038, bbox_regression=0.0415, bbox_ctrness=0.5957
epoch 49/50 iter 60/1860 loss=0.6517 mean_loss=0.6442 classification=0.0009, bbox_regression=0.0390, bbox_ctrness=0.6118
epoch 49/50 iter 80/1860 loss=0.6495 mean_loss=0.6448 classification=0.0085, bbox_regression=0.0445, bbox_ctrness=0.5966
epoch 49/50 iter 100/1860 loss=0.6534 mean_loss=0.6442 classification=0.0006, bbox_regression=0.0421, bbox_ctrness=0.6108
epoch 49/50 iter 120/1860 loss=0.6516 mean_loss=0.6442 classification=0.0045, bbox_regression=0.0455, bbox_ctrness=0.6015
epoch 49/50 iter 140/1860 loss=0.6587 mean_loss=0.6448 classification=0.0003, bbox_regression=0.0459, bbox_ctrness=0.6125
epoch 49/50 iter 160/1860 loss=0.6597 mean_loss=0.6448 classification=0.0130, bbox_regression=0.0741, bbox_ctrness=0.5727
epoch 49/50 iter 180/1860 loss=0.6426 mean_loss=0.6451 classification=0.0004, bbox_regression=0.0357, bbox_ctrness=0.6065
epoch 49/50 iter 200/1860 loss=0.6491 mean_loss=0.6448 classification=0.0004, bbox_regression=0.0238, bbox_ctrness=0.6249
epoch 49/50 iter 220/1860 loss=0.6470 mean_loss=0.6450 classification=0.0030, bbox_regression=0.0455, bbox_ctrness=0.5984
epoch 49/50 iter 240/1860 loss=0.6541 mean_loss=0.6450 classification=0.0266, bbox_regression=0.0276, bbox_ctrness=0.5999
epoch 49/50 iter 260/1860 loss=0.6377 mean_loss=0.6445 classification=0.0022, bbox_regression=0.0343, bbox_ctrness=0.6013
epoch 49/50 iter 280/1860 loss=0.6223 mean_loss=0.6444 classification=0.0032, bbox_regression=0.0386, bbox_ctrness=0.5805
epoch 49/50 iter 300/1860 loss=0.6529 mean_loss=0.6444 classification=0.0021, bbox_regression=0.0477, bbox_ctrness=0.6031
epoch 49/50 iter 320/1860 loss=0.6177 mean_loss=0.6441 classification=0.0006, bbox_regression=0.0277, bbox_ctrness=0.5894
epoch 49/50 iter 340/1860 loss=0.6384 mean_loss=0.6441 classification=0.0074, bbox_regression=0.0405, bbox_ctrness=0.5906
epoch 49/50 iter 360/1860 loss=0.6379 mean_loss=0.6438 classification=0.0015, bbox_regression=0.0370, bbox_ctrness=0.5994
epoch 49/50 iter 380/1860 loss=0.6540 mean_loss=0.6439 classification=0.0003, bbox_regression=0.0468, bbox_ctrness=0.6069
epoch 49/50 iter 400/1860 loss=0.7564 mean_loss=0.6443 classification=0.0985, bbox_regression=0.0408, bbox_ctrness=0.6171
epoch 49/50 iter 420/1860 loss=0.6281 mean_loss=0.6443 classification=0.0022, bbox_regression=0.0416, bbox_ctrness=0.5843
epoch 49/50 iter 440/1860 loss=0.6387 mean_loss=0.6446 classification=0.0003, bbox_regression=0.0243, bbox_ctrness=0.6141
epoch 49/50 iter 460/1860 loss=0.6374 mean_loss=0.6444 classification=0.0019, bbox_regression=0.0408, bbox_ctrness=0.5947
epoch 49/50 iter 480/1860 loss=0.6371 mean_loss=0.6441 classification=0.0001, bbox_regression=0.0355, bbox_ctrness=0.6015
epoch 49/50 iter 500/1860 loss=0.6492 mean_loss=0.6438 classification=0.0105, bbox_regression=0.0406, bbox_ctrness=0.5981
epoch 49/50 iter 520/1860 loss=0.6605 mean_loss=0.6435 classification=0.0006, bbox_regression=0.0458, bbox_ctrness=0.6141
epoch 49/50 iter 540/1860 loss=0.6572 mean_loss=0.6431 classification=0.0007, bbox_regression=0.0451, bbox_ctrness=0.6115
epoch 49/50 iter 560/1860 loss=0.6130 mean_loss=0.6427 classification=0.0013, bbox_regression=0.0408, bbox_ctrness=0.5709
epoch 49/50 iter 580/1860 loss=0.6373 mean_loss=0.6426 classification=0.0022, bbox_regression=0.0298, bbox_ctrness=0.6054
epoch 49/50 iter 600/1860 loss=0.6360 mean_loss=0.6424 classification=0.0001, bbox_regression=0.0314, bbox_ctrness=0.6045
epoch 49/50 iter 620/1860 loss=0.6229 mean_loss=0.6425 classification=0.0046, bbox_regression=0.0407, bbox_ctrness=0.5776
epoch 49/50 iter 640/1860 loss=0.6487 mean_loss=0.6424 classification=0.0054, bbox_regression=0.0397, bbox_ctrness=0.6035
epoch 49/50 iter 660/1860 loss=0.6675 mean_loss=0.6423 classification=0.0287, bbox_regression=0.0376, bbox_ctrness=0.6013
epoch 49/50 iter 680/1860 loss=0.6294 mean_loss=0.6423 classification=0.0034, bbox_regression=0.0364, bbox_ctrness=0.5896
epoch 49/50 iter 700/1860 loss=0.6249 mean_loss=0.6421 classification=0.0037, bbox_regression=0.0447, bbox_ctrness=0.5765
epoch 49/50 iter 720/1860 loss=0.6454 mean_loss=0.6422 classification=0.0026, bbox_regression=0.0439, bbox_ctrness=0.5989
epoch 49/50 iter 740/1860 loss=0.6483 mean_loss=0.6422 classification=0.0009, bbox_regression=0.0472, bbox_ctrness=0.6002
epoch 49/50 iter 760/1860 loss=0.6313 mean_loss=0.6422 classification=0.0060, bbox_regression=0.0379, bbox_ctrness=0.5874
epoch 49/50 iter 780/1860 loss=0.6541 mean_loss=0.6422 classification=0.0039, bbox_regression=0.0456, bbox_ctrness=0.6046
epoch 49/50 iter 800/1860 loss=0.6345 mean_loss=0.6421 classification=0.0027, bbox_regression=0.0370, bbox_ctrness=0.5948
epoch 49/50 iter 820/1860 loss=0.6555 mean_loss=0.6420 classification=0.0021, bbox_regression=0.0600, bbox_ctrness=0.5934
epoch 49/50 iter 840/1860 loss=0.6011 mean_loss=0.6419 classification=0.0003, bbox_regression=0.0315, bbox_ctrness=0.5693
epoch 49/50 iter 860/1860 loss=0.6272 mean_loss=0.6418 classification=0.0005, bbox_regression=0.0365, bbox_ctrness=0.5902
epoch 49/50 iter 880/1860 loss=0.6401 mean_loss=0.6419 classification=0.0062, bbox_regression=0.0396, bbox_ctrness=0.5943
epoch 49/50 iter 900/1860 loss=0.6374 mean_loss=0.6418 classification=0.0018, bbox_regression=0.0367, bbox_ctrness=0.5989
epoch 49/50 iter 920/1860 loss=0.6446 mean_loss=0.6418 classification=0.0016, bbox_regression=0.0310, bbox_ctrness=0.6121
epoch 49/50 iter 940/1860 loss=0.6403 mean_loss=0.6418 classification=0.0009, bbox_regression=0.0387, bbox_ctrness=0.6006
epoch 49/50 iter 960/1860 loss=0.6222 mean_loss=0.6418 classification=0.0011, bbox_regression=0.0320, bbox_ctrness=0.5891
epoch 49/50 iter 980/1860 loss=0.6403 mean_loss=0.6418 classification=0.0001, bbox_regression=0.0372, bbox_ctrness=0.6030
epoch 49/50 iter 1000/1860 loss=0.6415 mean_loss=0.6419 classification=0.0004, bbox_regression=0.0420, bbox_ctrness=0.5991
epoch 49/50 iter 1020/1860 loss=0.6459 mean_loss=0.6418 classification=0.0017, bbox_regression=0.0370, bbox_ctrness=0.6072
epoch 49/50 iter 1040/1860 loss=0.6363 mean_loss=0.6417 classification=0.0027, bbox_regression=0.0363, bbox_ctrness=0.5972
epoch 49/50 iter 1060/1860 loss=0.6632 mean_loss=0.6418 classification=0.0024, bbox_regression=0.0511, bbox_ctrness=0.6097
epoch 49/50 iter 1080/1860 loss=0.6344 mean_loss=0.6418 classification=0.0013, bbox_regression=0.0339, bbox_ctrness=0.5992
epoch 49/50 iter 1100/1860 loss=0.7217 mean_loss=0.6419 classification=0.0637, bbox_regression=0.0483, bbox_ctrness=0.6097
epoch 49/50 iter 1120/1860 loss=0.7057 mean_loss=0.6422 classification=0.0522, bbox_regression=0.0382, bbox_ctrness=0.6153
epoch 49/50 iter 1140/1860 loss=0.6613 mean_loss=0.6425 classification=0.0064, bbox_regression=0.0453, bbox_ctrness=0.6096
epoch 49/50 iter 1160/1860 loss=0.6670 mean_loss=0.6428 classification=0.0322, bbox_regression=0.0392, bbox_ctrness=0.5957
epoch 49/50 iter 1180/1860 loss=0.6301 mean_loss=0.6429 classification=0.0036, bbox_regression=0.0410, bbox_ctrness=0.5855
epoch 49/50 iter 1200/1860 loss=0.6399 mean_loss=0.6429 classification=0.0016, bbox_regression=0.0578, bbox_ctrness=0.5805
epoch 49/50 iter 1220/1860 loss=0.6487 mean_loss=0.6430 classification=0.0116, bbox_regression=0.0437, bbox_ctrness=0.5934
epoch 49/50 iter 1240/1860 loss=0.6390 mean_loss=0.6431 classification=0.0042, bbox_regression=0.0441, bbox_ctrness=0.5907
epoch 49/50 iter 1260/1860 loss=0.6459 mean_loss=0.6432 classification=0.0054, bbox_regression=0.0400, bbox_ctrness=0.6005
epoch 49/50 iter 1280/1860 loss=0.6343 mean_loss=0.6432 classification=0.0008, bbox_regression=0.0409, bbox_ctrness=0.5926
epoch 49/50 iter 1300/1860 loss=0.6360 mean_loss=0.6432 classification=0.0028, bbox_regression=0.0376, bbox_ctrness=0.5956
epoch 49/50 iter 1320/1860 loss=0.6152 mean_loss=0.6432 classification=0.0007, bbox_regression=0.0271, bbox_ctrness=0.5874
epoch 49/50 iter 1340/1860 loss=0.6420 mean_loss=0.6431 classification=0.0044, bbox_regression=0.0355, bbox_ctrness=0.6021
epoch 49/50 iter 1360/1860 loss=0.6321 mean_loss=0.6431 classification=0.0042, bbox_regression=0.0316, bbox_ctrness=0.5964
epoch 49/50 iter 1380/1860 loss=0.6500 mean_loss=0.6430 classification=0.0013, bbox_regression=0.0468, bbox_ctrness=0.6019
epoch 49/50 iter 1400/1860 loss=0.6292 mean_loss=0.6430 classification=0.0002, bbox_regression=0.0335, bbox_ctrness=0.5956
epoch 49/50 iter 1420/1860 loss=0.6702 mean_loss=0.6431 classification=0.0196, bbox_regression=0.0368, bbox_ctrness=0.6138
epoch 49/50 iter 1440/1860 loss=0.6526 mean_loss=0.6435 classification=0.0152, bbox_regression=0.0438, bbox_ctrness=0.5936
epoch 49/50 iter 1460/1860 loss=0.6444 mean_loss=0.6437 classification=0.0076, bbox_regression=0.0418, bbox_ctrness=0.5949
epoch 49/50 iter 1480/1860 loss=0.6168 mean_loss=0.6437 classification=0.0052, bbox_regression=0.0349, bbox_ctrness=0.5767
epoch 49/50 iter 1500/1860 loss=0.6424 mean_loss=0.6437 classification=0.0023, bbox_regression=0.0382, bbox_ctrness=0.6019
epoch 49/50 iter 1520/1860 loss=0.6459 mean_loss=0.6438 classification=0.0136, bbox_regression=0.0429, bbox_ctrness=0.5894
epoch 49/50 iter 1540/1860 loss=0.6489 mean_loss=0.6438 classification=0.0136, bbox_regression=0.0399, bbox_ctrness=0.5955
epoch 49/50 iter 1560/1860 loss=0.6875 mean_loss=0.6439 classification=0.0249, bbox_regression=0.0595, bbox_ctrness=0.6032
epoch 49/50 iter 1580/1860 loss=0.6415 mean_loss=0.6440 classification=0.0119, bbox_regression=0.0398, bbox_ctrness=0.5898
epoch 49/50 iter 1600/1860 loss=0.6733 mean_loss=0.6443 classification=0.0256, bbox_regression=0.0549, bbox_ctrness=0.5929
epoch 49/50 iter 1620/1860 loss=0.6488 mean_loss=0.6443 classification=0.0011, bbox_regression=0.0355, bbox_ctrness=0.6122
epoch 49/50 iter 1640/1860 loss=0.6315 mean_loss=0.6443 classification=0.0131, bbox_regression=0.0364, bbox_ctrness=0.5820
epoch 49/50 iter 1660/1860 loss=0.6251 mean_loss=0.6444 classification=0.0005, bbox_regression=0.0398, bbox_ctrness=0.5847
epoch 49/50 iter 1680/1860 loss=0.6524 mean_loss=0.6445 classification=0.0017, bbox_regression=0.0390, bbox_ctrness=0.6117
epoch 49/50 iter 1700/1860 loss=0.6400 mean_loss=0.6445 classification=0.0021, bbox_regression=0.0406, bbox_ctrness=0.5972
epoch 49/50 iter 1720/1860 loss=0.6426 mean_loss=0.6444 classification=0.0023, bbox_regression=0.0460, bbox_ctrness=0.5943
epoch 49/50 iter 1740/1860 loss=0.6563 mean_loss=0.6444 classification=0.0050, bbox_regression=0.0378, bbox_ctrness=0.6135
epoch 49/50 iter 1760/1860 loss=0.6425 mean_loss=0.6444 classification=0.0028, bbox_regression=0.0419, bbox_ctrness=0.5978
epoch 49/50 iter 1780/1860 loss=0.6520 mean_loss=0.6444 classification=0.0015, bbox_regression=0.0342, bbox_ctrness=0.6163
epoch 49/50 iter 1800/1860 loss=0.6368 mean_loss=0.6444 classification=0.0026, bbox_regression=0.0293, bbox_ctrness=0.6049
epoch 49/50 iter 1820/1860 loss=0.6332 mean_loss=0.6444 classification=0.0050, bbox_regression=0.0334, bbox_ctrness=0.5948
epoch 49/50 iter 1840/1860 loss=0.6500 mean_loss=0.6444 classification=0.0008, bbox_regression=0.0458, bbox_ctrness=0.6035
epoch 49/50 iter 1860/1860 loss=0.6246 mean_loss=0.6444 classification=0.0026, bbox_regression=0.0364, bbox_ctrness=0.5856
epoch 49 validation Precision=0.6630 Recall=0.9473 AP50=0.9212 AP75=0.8405 eval_fps=20.75 epoch_time_sec=919.2
saved checkpoint: E:\RepViT-main\runs\v48_complete_ablation\training\ra_static_equal_seed2\weights\last.pt
epoch 50/50 iter 1/1860 loss=0.6393 mean_loss=0.6393 classification=0.0010, bbox_regression=0.0339, bbox_ctrness=0.6043
epoch 50/50 iter 20/1860 loss=0.6193 mean_loss=0.6362 classification=0.0016, bbox_regression=0.0293, bbox_ctrness=0.5884
epoch 50/50 iter 40/1860 loss=0.6175 mean_loss=0.6375 classification=0.0012, bbox_regression=0.0308, bbox_ctrness=0.5855
epoch 50/50 iter 60/1860 loss=0.6702 mean_loss=0.6383 classification=0.0016, bbox_regression=0.0522, bbox_ctrness=0.6164
epoch 50/50 iter 80/1860 loss=0.6230 mean_loss=0.6391 classification=0.0021, bbox_regression=0.0413, bbox_ctrness=0.5797
epoch 50/50 iter 100/1860 loss=0.6334 mean_loss=0.6386 classification=0.0012, bbox_regression=0.0321, bbox_ctrness=0.6001
epoch 50/50 iter 120/1860 loss=0.6387 mean_loss=0.6389 classification=0.0010, bbox_regression=0.0394, bbox_ctrness=0.5983
epoch 50/50 iter 140/1860 loss=0.6578 mean_loss=0.6394 classification=0.0024, bbox_regression=0.0552, bbox_ctrness=0.6002
epoch 50/50 iter 160/1860 loss=0.6504 mean_loss=0.6395 classification=0.0003, bbox_regression=0.0391, bbox_ctrness=0.6110
epoch 50/50 iter 180/1860 loss=0.6342 mean_loss=0.6401 classification=0.0053, bbox_regression=0.0332, bbox_ctrness=0.5958
epoch 50/50 iter 200/1860 loss=0.6528 mean_loss=0.6395 classification=0.0003, bbox_regression=0.0372, bbox_ctrness=0.6153
epoch 50/50 iter 220/1860 loss=0.6330 mean_loss=0.6395 classification=0.0016, bbox_regression=0.0379, bbox_ctrness=0.5935
epoch 50/50 iter 240/1860 loss=0.6608 mean_loss=0.6398 classification=0.0005, bbox_regression=0.0429, bbox_ctrness=0.6175
epoch 50/50 iter 260/1860 loss=0.6556 mean_loss=0.6400 classification=0.0038, bbox_regression=0.0459, bbox_ctrness=0.6059
epoch 50/50 iter 280/1860 loss=0.6191 mean_loss=0.6392 classification=0.0026, bbox_regression=0.0368, bbox_ctrness=0.5797
epoch 50/50 iter 300/1860 loss=0.6391 mean_loss=0.6390 classification=0.0029, bbox_regression=0.0479, bbox_ctrness=0.5883
epoch 50/50 iter 320/1860 loss=0.6224 mean_loss=0.6388 classification=0.0004, bbox_regression=0.0332, bbox_ctrness=0.5889
epoch 50/50 iter 340/1860 loss=0.6721 mean_loss=0.6384 classification=0.0289, bbox_regression=0.0402, bbox_ctrness=0.6030
epoch 50/50 iter 360/1860 loss=0.6460 mean_loss=0.6384 classification=0.0004, bbox_regression=0.0231, bbox_ctrness=0.6225
epoch 50/50 iter 380/1860 loss=0.6336 mean_loss=0.6382 classification=0.0004, bbox_regression=0.0321, bbox_ctrness=0.6010
epoch 50/50 iter 400/1860 loss=0.6437 mean_loss=0.6382 classification=0.0001, bbox_regression=0.0374, bbox_ctrness=0.6063
epoch 50/50 iter 420/1860 loss=0.6528 mean_loss=0.6382 classification=0.0177, bbox_regression=0.0332, bbox_ctrness=0.6019
epoch 50/50 iter 440/1860 loss=0.6320 mean_loss=0.6381 classification=0.0014, bbox_regression=0.0376, bbox_ctrness=0.5929
epoch 50/50 iter 460/1860 loss=0.6282 mean_loss=0.6383 classification=0.0038, bbox_regression=0.0425, bbox_ctrness=0.5819
epoch 50/50 iter 480/1860 loss=0.6335 mean_loss=0.6382 classification=0.0003, bbox_regression=0.0340, bbox_ctrness=0.5991
epoch 50/50 iter 500/1860 loss=0.6300 mean_loss=0.6382 classification=0.0016, bbox_regression=0.0400, bbox_ctrness=0.5884
epoch 50/50 iter 520/1860 loss=0.6326 mean_loss=0.6381 classification=0.0086, bbox_regression=0.0404, bbox_ctrness=0.5836
epoch 50/50 iter 540/1860 loss=0.6538 mean_loss=0.6383 classification=0.0215, bbox_regression=0.0382, bbox_ctrness=0.5941
epoch 50/50 iter 560/1860 loss=0.6432 mean_loss=0.6384 classification=0.0013, bbox_regression=0.0387, bbox_ctrness=0.6031
epoch 50/50 iter 580/1860 loss=0.6488 mean_loss=0.6388 classification=0.0023, bbox_regression=0.0461, bbox_ctrness=0.6004
epoch 50/50 iter 600/1860 loss=0.6217 mean_loss=0.6387 classification=0.0018, bbox_regression=0.0360, bbox_ctrness=0.5839
epoch 50/50 iter 620/1860 loss=0.6564 mean_loss=0.6387 classification=0.0043, bbox_regression=0.0555, bbox_ctrness=0.5966
epoch 50/50 iter 640/1860 loss=0.6172 mean_loss=0.6388 classification=0.0022, bbox_regression=0.0389, bbox_ctrness=0.5761
epoch 50/50 iter 660/1860 loss=0.6160 mean_loss=0.6389 classification=0.0013, bbox_regression=0.0346, bbox_ctrness=0.5801
epoch 50/50 iter 680/1860 loss=0.6501 mean_loss=0.6389 classification=0.0004, bbox_regression=0.0388, bbox_ctrness=0.6108
epoch 50/50 iter 700/1860 loss=0.6480 mean_loss=0.6389 classification=0.0037, bbox_regression=0.0330, bbox_ctrness=0.6113
epoch 50/50 iter 720/1860 loss=0.6330 mean_loss=0.6388 classification=0.0025, bbox_regression=0.0289, bbox_ctrness=0.6015
epoch 50/50 iter 740/1860 loss=0.6443 mean_loss=0.6388 classification=0.0011, bbox_regression=0.0349, bbox_ctrness=0.6083
epoch 50/50 iter 760/1860 loss=0.6398 mean_loss=0.6389 classification=0.0013, bbox_regression=0.0372, bbox_ctrness=0.6012
epoch 50/50 iter 780/1860 loss=0.6290 mean_loss=0.6389 classification=0.0007, bbox_regression=0.0293, bbox_ctrness=0.5989
epoch 50/50 iter 800/1860 loss=0.6597 mean_loss=0.6388 classification=0.0006, bbox_regression=0.0391, bbox_ctrness=0.6200
epoch 50/50 iter 820/1860 loss=0.6365 mean_loss=0.6388 classification=0.0036, bbox_regression=0.0390, bbox_ctrness=0.5939
epoch 50/50 iter 840/1860 loss=0.6336 mean_loss=0.6388 classification=0.0005, bbox_regression=0.0330, bbox_ctrness=0.6001
epoch 50/50 iter 860/1860 loss=0.6485 mean_loss=0.6389 classification=0.0006, bbox_regression=0.0420, bbox_ctrness=0.6060
epoch 50/50 iter 880/1860 loss=0.6389 mean_loss=0.6389 classification=0.0002, bbox_regression=0.0247, bbox_ctrness=0.6140
epoch 50/50 iter 900/1860 loss=0.6522 mean_loss=0.6390 classification=0.0005, bbox_regression=0.0375, bbox_ctrness=0.6142
epoch 50/50 iter 920/1860 loss=0.6518 mean_loss=0.6391 classification=0.0008, bbox_regression=0.0439, bbox_ctrness=0.6071
epoch 50/50 iter 940/1860 loss=0.6524 mean_loss=0.6392 classification=0.0064, bbox_regression=0.0482, bbox_ctrness=0.5978
epoch 50/50 iter 960/1860 loss=0.6617 mean_loss=0.6394 classification=0.0006, bbox_regression=0.0450, bbox_ctrness=0.6161
epoch 50/50 iter 980/1860 loss=0.6331 mean_loss=0.6394 classification=0.0016, bbox_regression=0.0389, bbox_ctrness=0.5926
epoch 50/50 iter 1000/1860 loss=0.6440 mean_loss=0.6394 classification=0.0008, bbox_regression=0.0316, bbox_ctrness=0.6116
epoch 50/50 iter 1020/1860 loss=0.6640 mean_loss=0.6394 classification=0.0138, bbox_regression=0.0511, bbox_ctrness=0.5991
epoch 50/50 iter 1040/1860 loss=0.6312 mean_loss=0.6395 classification=0.0007, bbox_regression=0.0332, bbox_ctrness=0.5973
epoch 50/50 iter 1060/1860 loss=0.6478 mean_loss=0.6395 classification=0.0005, bbox_regression=0.0369, bbox_ctrness=0.6104
epoch 50/50 iter 1080/1860 loss=0.6290 mean_loss=0.6394 classification=0.0030, bbox_regression=0.0352, bbox_ctrness=0.5908
epoch 50/50 iter 1100/1860 loss=0.6230 mean_loss=0.6394 classification=0.0007, bbox_regression=0.0440, bbox_ctrness=0.5784
epoch 50/50 iter 1120/1860 loss=0.6374 mean_loss=0.6394 classification=0.0007, bbox_regression=0.0433, bbox_ctrness=0.5934
epoch 50/50 iter 1140/1860 loss=0.6091 mean_loss=0.6393 classification=0.0033, bbox_regression=0.0282, bbox_ctrness=0.5775
epoch 50/50 iter 1160/1860 loss=0.6396 mean_loss=0.6393 classification=0.0007, bbox_regression=0.0323, bbox_ctrness=0.6065
epoch 50/50 iter 1180/1860 loss=0.6345 mean_loss=0.6393 classification=0.0002, bbox_regression=0.0349, bbox_ctrness=0.5994
epoch 50/50 iter 1200/1860 loss=0.6482 mean_loss=0.6393 classification=0.0012, bbox_regression=0.0469, bbox_ctrness=0.6000
epoch 50/50 iter 1220/1860 loss=0.6411 mean_loss=0.6394 classification=0.0003, bbox_regression=0.0460, bbox_ctrness=0.5949
epoch 50/50 iter 1240/1860 loss=0.6441 mean_loss=0.6394 classification=0.0002, bbox_regression=0.0360, bbox_ctrness=0.6078
epoch 50/50 iter 1260/1860 loss=0.6411 mean_loss=0.6394 classification=0.0021, bbox_regression=0.0434, bbox_ctrness=0.5956
epoch 50/50 iter 1280/1860 loss=0.6406 mean_loss=0.6394 classification=0.0013, bbox_regression=0.0319, bbox_ctrness=0.6074
epoch 50/50 iter 1300/1860 loss=0.6817 mean_loss=0.6395 classification=0.0285, bbox_regression=0.0466, bbox_ctrness=0.6066
epoch 50/50 iter 1320/1860 loss=0.6440 mean_loss=0.6395 classification=0.0007, bbox_regression=0.0347, bbox_ctrness=0.6086
epoch 50/50 iter 1340/1860 loss=0.6462 mean_loss=0.6396 classification=0.0078, bbox_regression=0.0441, bbox_ctrness=0.5943
epoch 50/50 iter 1360/1860 loss=0.6427 mean_loss=0.6396 classification=0.0027, bbox_regression=0.0325, bbox_ctrness=0.6075
epoch 50/50 iter 1380/1860 loss=0.6279 mean_loss=0.6395 classification=0.0023, bbox_regression=0.0351, bbox_ctrness=0.5905
epoch 50/50 iter 1400/1860 loss=0.6466 mean_loss=0.6394 classification=0.0021, bbox_regression=0.0375, bbox_ctrness=0.6070
epoch 50/50 iter 1420/1860 loss=0.6569 mean_loss=0.6395 classification=0.0033, bbox_regression=0.0497, bbox_ctrness=0.6039
epoch 50/50 iter 1440/1860 loss=0.6433 mean_loss=0.6395 classification=0.0001, bbox_regression=0.0385, bbox_ctrness=0.6047
epoch 50/50 iter 1460/1860 loss=0.6064 mean_loss=0.6394 classification=0.0006, bbox_regression=0.0425, bbox_ctrness=0.5632
epoch 50/50 iter 1480/1860 loss=0.6239 mean_loss=0.6393 classification=0.0015, bbox_regression=0.0379, bbox_ctrness=0.5844
epoch 50/50 iter 1500/1860 loss=0.6504 mean_loss=0.6393 classification=0.0006, bbox_regression=0.0509, bbox_ctrness=0.5989
epoch 50/50 iter 1520/1860 loss=0.6195 mean_loss=0.6393 classification=0.0038, bbox_regression=0.0381, bbox_ctrness=0.5776
epoch 50/50 iter 1540/1860 loss=0.6481 mean_loss=0.6393 classification=0.0005, bbox_regression=0.0383, bbox_ctrness=0.6093
epoch 50/50 iter 1560/1860 loss=0.6385 mean_loss=0.6394 classification=0.0016, bbox_regression=0.0307, bbox_ctrness=0.6062
epoch 50/50 iter 1580/1860 loss=0.6372 mean_loss=0.6394 classification=0.0051, bbox_regression=0.0376, bbox_ctrness=0.5945
epoch 50/50 iter 1600/1860 loss=0.6231 mean_loss=0.6394 classification=0.0001, bbox_regression=0.0341, bbox_ctrness=0.5889
epoch 50/50 iter 1620/1860 loss=0.6372 mean_loss=0.6394 classification=0.0006, bbox_regression=0.0339, bbox_ctrness=0.6027
epoch 50/50 iter 1640/1860 loss=0.7709 mean_loss=0.6395 classification=0.1301, bbox_regression=0.0515, bbox_ctrness=0.5893
epoch 50/50 iter 1660/1860 loss=0.6572 mean_loss=0.6396 classification=0.0076, bbox_regression=0.0518, bbox_ctrness=0.5977
epoch 50/50 iter 1680/1860 loss=0.6697 mean_loss=0.6397 classification=0.0334, bbox_regression=0.0435, bbox_ctrness=0.5928
epoch 50/50 iter 1700/1860 loss=0.6263 mean_loss=0.6397 classification=0.0018, bbox_regression=0.0399, bbox_ctrness=0.5847
epoch 50/50 iter 1720/1860 loss=0.6271 mean_loss=0.6398 classification=0.0002, bbox_regression=0.0333, bbox_ctrness=0.5935
epoch 50/50 iter 1740/1860 loss=0.6411 mean_loss=0.6399 classification=0.0029, bbox_regression=0.0387, bbox_ctrness=0.5995
epoch 50/50 iter 1760/1860 loss=0.6384 mean_loss=0.6400 classification=0.0006, bbox_regression=0.0607, bbox_ctrness=0.5771
epoch 50/50 iter 1780/1860 loss=0.6315 mean_loss=0.6401 classification=0.0014, bbox_regression=0.0400, bbox_ctrness=0.5901
epoch 50/50 iter 1800/1860 loss=0.6409 mean_loss=0.6401 classification=0.0008, bbox_regression=0.0392, bbox_ctrness=0.6009
epoch 50/50 iter 1820/1860 loss=0.6211 mean_loss=0.6402 classification=0.0015, bbox_regression=0.0311, bbox_ctrness=0.5886
epoch 50/50 iter 1840/1860 loss=0.6435 mean_loss=0.6402 classification=0.0036, bbox_regression=0.0411, bbox_ctrness=0.5988
epoch 50/50 iter 1860/1860 loss=0.6531 mean_loss=0.6402 classification=0.0020, bbox_regression=0.0313, bbox_ctrness=0.6198
epoch 50 validation Precision=0.7418 Recall=0.9322 AP50=0.9074 AP75=0.8337 eval_fps=21.11 epoch_time_sec=934.0
saved checkpoint: E:\RepViT-main\runs\v48_complete_ablation\training\ra_static_equal_seed2\weights\last.pt
Training complete.
END train/ra_static_equal_seed2 return_code=0 elapsed_seconds=47170.030 2026-07-13T14:37:47+08:00
START eval/ra_static_equal_seed2 2026-07-13T14:37:48+08:00
COMMAND C:\Users\xinnan\.conda\envs\pytorch\python.exe E:\RepViT-main\rarepdet\tools\eval_coco_map.py --run-id ra_static_equal_seed2 --protocol ablation_devval --variant ra_static_equal --model ra_static_equal --seed 2 --modality-dropout 0.00 --data D:\download\triair --split-file E:\RepViT-main\reproducibility\v40_expanded_adjacency_component_split_v2\manifests\v40_expanded_adjacency_component_disjoint_val.txt --weights E:\RepViT-main\runs\v48_complete_ablation\training\ra_static_equal_seed2\weights\best.pt --img-size 640 --device cuda --batch-size 4 --num-workers 0 --detector-score-thr 0.001 --metric-score-thr 0.50 --nms-thresh 0.6 --detections-per-img 100 --out-json E:\RepViT-main\runs\v48_complete_ablation\raw\devval\ra_static_equal_seed2.json
=== TriAirDataset Summary ===
data_root: D:\download\triair
image_dir: D:\download\triair\data\images
label_dir: D:\download\triair\data\labels
split_file: E:\RepViT-main\reproducibility\v40_expanded_adjacency_component_split_v2\manifests\v40_expanded_adjacency_component_disjoint_val.txt
mode: rgbte
channels: (0, 1, 2, 3, 4)
total images: 2213
images with label txt: 1971
images without label txt: 242
empty label txt files: 0
total boxes: 5867
class distribution:
  class 0: 5867
inference batch 1/554
inference batch 100/554
inference batch 200/554
inference batch 300/554
inference batch 400/554
inference batch 500/554
inference batch 554/554
{
  "run_id": "ra_static_equal_seed2",
  "protocol": "ablation_devval",
  "ap50_95": 0.6616024643198337,
  "ap50": 0.9352656514752101,
  "ap75": 0.7944144554095712
}
saved: E:\RepViT-main\runs\v48_complete_ablation\raw\devval\ra_static_equal_seed2.json
saved: E:\RepViT-main\runs\v48_complete_ablation\raw\devval\ra_static_equal_seed2.csv
saved: E:\RepViT-main\runs\v48_complete_ablation\raw\devval\ra_static_equal_seed2.txt
END eval/ra_static_equal_seed2 return_code=0 elapsed_seconds=252.492 2026-07-13T14:42:00+08:00
