START train/early_moddrop_seed1 2026-07-11T11:18:52+08:00
COMMAND C:\Users\xinnan\.conda\envs\pytorch\python.exe E:\RepViT-main\rarepdet\train_early_fusion.py --model early --data D:\download\triair --train-split E:\RepViT-main\reproducibility\v40_expanded_adjacency_component_split_v2\manifests\v40_expanded_adjacency_component_disjoint_train.txt --val-split E:\RepViT-main\reproducibility\v40_expanded_adjacency_component_split_v2\manifests\v40_expanded_adjacency_component_disjoint_val.txt --epochs 50 --batch-size 4 --img-size 640 --device cuda --lr 1e-4 --num-workers 0 --modality-dropout 0.15 --seed 1 --out E:\RepViT-main\runs\v48_complete_ablation\training\early_moddrop_seed1
Using device: cuda
requested_seed: 1
deterministic_algorithms: warn_only
cudnn_deterministic: True
cudnn_benchmark: False
=== TriAirDataset Summary ===
data_root: D:\download\triair
image_dir: D:\download\triair\data\images
label_dir: D:\download\triair\data\labels
split_file: E:\RepViT-main\reproducibility\v40_expanded_adjacency_component_split_v2\manifests\v40_expanded_adjacency_component_disjoint_train.txt
mode: rgbte
channels: (0, 1, 2, 3, 4)
total images: 7439
images with label txt: 7011
images without label txt: 428
empty label txt files: 1
total boxes: 22480
class distribution:
  class 0: 22480
=== TriAirDataset Summary ===
data_root: D:\download\triair
image_dir: D:\download\triair\data\images
label_dir: D:\download\triair\data\labels
split_file: E:\RepViT-main\reproducibility\v40_expanded_adjacency_component_split_v2\manifests\v40_expanded_adjacency_component_disjoint_val.txt
mode: rgbte
channels: (0, 1, 2, 3, 4)
total images: 2213
images with label txt: 1971
images without label txt: 242
empty label txt files: 0
total boxes: 5867
class distribution:
  class 0: 5867
train samples: 7439
val samples: 2213
params: 6591609
gflops: skipped (no project-compatible detector GFLOPs helper wired yet)
total train iterations per epoch: 1860
epoch 1/50 iter 1/1860 loss=2.8576 mean_loss=2.8576 classification=1.1437, bbox_regression=0.9993, bbox_ctrness=0.7146
epoch 1/50 iter 20/1860 loss=2.2341 mean_loss=2.4589 classification=0.8557, bbox_regression=0.6968, bbox_ctrness=0.6817
epoch 1/50 iter 40/1860 loss=2.0119 mean_loss=2.2539 classification=0.7537, bbox_regression=0.5721, bbox_ctrness=0.6861
epoch 1/50 iter 60/1860 loss=1.9356 mean_loss=2.1585 classification=0.7424, bbox_regression=0.5064, bbox_ctrness=0.6868
epoch 1/50 iter 80/1860 loss=1.8117 mean_loss=2.0953 classification=0.7353, bbox_regression=0.4128, bbox_ctrness=0.6635
epoch 1/50 iter 100/1860 loss=1.9774 mean_loss=2.0461 classification=0.7644, bbox_regression=0.5420, bbox_ctrness=0.6710
epoch 1/50 iter 120/1860 loss=1.6175 mean_loss=1.9909 classification=0.5079, bbox_regression=0.4674, bbox_ctrness=0.6421
epoch 1/50 iter 140/1860 loss=1.6120 mean_loss=1.9509 classification=0.4674, bbox_regression=0.4746, bbox_ctrness=0.6700
epoch 1/50 iter 160/1860 loss=1.5800 mean_loss=1.9066 classification=0.4113, bbox_regression=0.5304, bbox_ctrness=0.6383
epoch 1/50 iter 180/1860 loss=1.4637 mean_loss=1.8645 classification=0.4516, bbox_regression=0.3846, bbox_ctrness=0.6275
epoch 1/50 iter 200/1860 loss=1.5141 mean_loss=1.8337 classification=0.3772, bbox_regression=0.4757, bbox_ctrness=0.6612
epoch 1/50 iter 220/1860 loss=1.4806 mean_loss=1.8028 classification=0.4264, bbox_regression=0.4175, bbox_ctrness=0.6367
epoch 1/50 iter 240/1860 loss=1.3987 mean_loss=1.7788 classification=0.4152, bbox_regression=0.3520, bbox_ctrness=0.6314
epoch 1/50 iter 260/1860 loss=1.3229 mean_loss=1.7533 classification=0.3071, bbox_regression=0.3789, bbox_ctrness=0.6370
epoch 1/50 iter 280/1860 loss=1.4501 mean_loss=1.7291 classification=0.3691, bbox_regression=0.4193, bbox_ctrness=0.6617
epoch 1/50 iter 300/1860 loss=1.3924 mean_loss=1.7146 classification=0.3761, bbox_regression=0.3867, bbox_ctrness=0.6297
epoch 1/50 iter 320/1860 loss=1.4024 mean_loss=1.6964 classification=0.3808, bbox_regression=0.3782, bbox_ctrness=0.6433
epoch 1/50 iter 340/1860 loss=1.3661 mean_loss=1.6804 classification=0.3793, bbox_regression=0.3530, bbox_ctrness=0.6338
epoch 1/50 iter 360/1860 loss=1.3271 mean_loss=1.6679 classification=0.3456, bbox_regression=0.3452, bbox_ctrness=0.6363
epoch 1/50 iter 380/1860 loss=1.3605 mean_loss=1.6543 classification=0.4092, bbox_regression=0.3203, bbox_ctrness=0.6310
epoch 1/50 iter 400/1860 loss=1.3961 mean_loss=1.6417 classification=0.3546, bbox_regression=0.3922, bbox_ctrness=0.6493
epoch 1/50 iter 420/1860 loss=1.2871 mean_loss=1.6296 classification=0.3273, bbox_regression=0.3402, bbox_ctrness=0.6197
epoch 1/50 iter 440/1860 loss=1.3653 mean_loss=1.6176 classification=0.3882, bbox_regression=0.3341, bbox_ctrness=0.6430
epoch 1/50 iter 460/1860 loss=1.4257 mean_loss=1.6086 classification=0.4014, bbox_regression=0.3813, bbox_ctrness=0.6429
epoch 1/50 iter 480/1860 loss=1.3142 mean_loss=1.6002 classification=0.3711, bbox_regression=0.3086, bbox_ctrness=0.6345
epoch 1/50 iter 500/1860 loss=1.5512 mean_loss=1.5909 classification=0.4313, bbox_regression=0.4454, bbox_ctrness=0.6745
epoch 1/50 iter 520/1860 loss=1.3796 mean_loss=1.5817 classification=0.3845, bbox_regression=0.3583, bbox_ctrness=0.6368
epoch 1/50 iter 540/1860 loss=1.3507 mean_loss=1.5711 classification=0.3763, bbox_regression=0.3425, bbox_ctrness=0.6319
epoch 1/50 iter 560/1860 loss=1.4982 mean_loss=1.5650 classification=0.4728, bbox_regression=0.3938, bbox_ctrness=0.6316
epoch 1/50 iter 580/1860 loss=1.2455 mean_loss=1.5570 classification=0.2954, bbox_regression=0.3272, bbox_ctrness=0.6228
epoch 1/50 iter 600/1860 loss=1.4949 mean_loss=1.5493 classification=0.4623, bbox_regression=0.3784, bbox_ctrness=0.6542
epoch 1/50 iter 620/1860 loss=1.3736 mean_loss=1.5410 classification=0.3843, bbox_regression=0.3408, bbox_ctrness=0.6486
epoch 1/50 iter 640/1860 loss=1.3750 mean_loss=1.5344 classification=0.3902, bbox_regression=0.3250, bbox_ctrness=0.6598
epoch 1/50 iter 660/1860 loss=1.2083 mean_loss=1.5277 classification=0.2975, bbox_regression=0.2907, bbox_ctrness=0.6200
epoch 1/50 iter 680/1860 loss=1.3184 mean_loss=1.5220 classification=0.3487, bbox_regression=0.3342, bbox_ctrness=0.6355
epoch 1/50 iter 700/1860 loss=1.4537 mean_loss=1.5159 classification=0.3878, bbox_regression=0.4350, bbox_ctrness=0.6309
epoch 1/50 iter 720/1860 loss=1.3860 mean_loss=1.5101 classification=0.4419, bbox_regression=0.3300, bbox_ctrness=0.6141
epoch 1/50 iter 740/1860 loss=1.5930 mean_loss=1.5039 classification=0.5045, bbox_regression=0.4191, bbox_ctrness=0.6693
epoch 1/50 iter 760/1860 loss=1.3822 mean_loss=1.4989 classification=0.3445, bbox_regression=0.3733, bbox_ctrness=0.6644
epoch 1/50 iter 780/1860 loss=1.3737 mean_loss=1.4934 classification=0.3949, bbox_regression=0.3394, bbox_ctrness=0.6394
epoch 1/50 iter 800/1860 loss=1.2486 mean_loss=1.4891 classification=0.3217, bbox_regression=0.3083, bbox_ctrness=0.6187
epoch 1/50 iter 820/1860 loss=1.1085 mean_loss=1.4837 classification=0.2502, bbox_regression=0.2440, bbox_ctrness=0.6143
epoch 1/50 iter 840/1860 loss=1.3108 mean_loss=1.4789 classification=0.3631, bbox_regression=0.3173, bbox_ctrness=0.6304
epoch 1/50 iter 860/1860 loss=1.2947 mean_loss=1.4742 classification=0.3026, bbox_regression=0.3422, bbox_ctrness=0.6499
epoch 1/50 iter 880/1860 loss=1.3382 mean_loss=1.4707 classification=0.3673, bbox_regression=0.3410, bbox_ctrness=0.6300
epoch 1/50 iter 900/1860 loss=1.3734 mean_loss=1.4667 classification=0.3505, bbox_regression=0.3788, bbox_ctrness=0.6441
epoch 1/50 iter 920/1860 loss=1.1387 mean_loss=1.4610 classification=0.2509, bbox_regression=0.2688, bbox_ctrness=0.6190
epoch 1/50 iter 940/1860 loss=1.1818 mean_loss=1.4554 classification=0.2608, bbox_regression=0.2861, bbox_ctrness=0.6350
epoch 1/50 iter 960/1860 loss=1.0491 mean_loss=1.4510 classification=0.2181, bbox_regression=0.2144, bbox_ctrness=0.6166
epoch 1/50 iter 980/1860 loss=1.2170 mean_loss=1.4462 classification=0.3408, bbox_regression=0.2509, bbox_ctrness=0.6254
epoch 1/50 iter 1000/1860 loss=1.3069 mean_loss=1.4425 classification=0.3498, bbox_regression=0.3383, bbox_ctrness=0.6188
epoch 1/50 iter 1020/1860 loss=1.2275 mean_loss=1.4397 classification=0.3049, bbox_regression=0.2792, bbox_ctrness=0.6434
epoch 1/50 iter 1040/1860 loss=1.5174 mean_loss=1.4363 classification=0.4376, bbox_regression=0.4552, bbox_ctrness=0.6245
epoch 1/50 iter 1060/1860 loss=1.1033 mean_loss=1.4320 classification=0.2443, bbox_regression=0.2202, bbox_ctrness=0.6389
epoch 1/50 iter 1080/1860 loss=1.1454 mean_loss=1.4287 classification=0.3024, bbox_regression=0.2256, bbox_ctrness=0.6174
epoch 1/50 iter 1100/1860 loss=1.2376 mean_loss=1.4261 classification=0.3489, bbox_regression=0.2682, bbox_ctrness=0.6205
epoch 1/50 iter 1120/1860 loss=1.1609 mean_loss=1.4221 classification=0.2655, bbox_regression=0.2662, bbox_ctrness=0.6292
epoch 1/50 iter 1140/1860 loss=1.1405 mean_loss=1.4189 classification=0.2429, bbox_regression=0.2697, bbox_ctrness=0.6279
epoch 1/50 iter 1160/1860 loss=1.2479 mean_loss=1.4146 classification=0.3546, bbox_regression=0.2514, bbox_ctrness=0.6419
epoch 1/50 iter 1180/1860 loss=1.3710 mean_loss=1.4106 classification=0.4735, bbox_regression=0.2867, bbox_ctrness=0.6107
epoch 1/50 iter 1200/1860 loss=1.1363 mean_loss=1.4078 classification=0.2637, bbox_regression=0.2453, bbox_ctrness=0.6273
epoch 1/50 iter 1220/1860 loss=1.0776 mean_loss=1.4046 classification=0.2243, bbox_regression=0.2238, bbox_ctrness=0.6295
epoch 1/50 iter 1240/1860 loss=1.0860 mean_loss=1.4007 classification=0.2545, bbox_regression=0.2267, bbox_ctrness=0.6048
epoch 1/50 iter 1260/1860 loss=1.0449 mean_loss=1.3968 classification=0.1884, bbox_regression=0.2334, bbox_ctrness=0.6232
epoch 1/50 iter 1280/1860 loss=1.3406 mean_loss=1.3934 classification=0.3569, bbox_regression=0.3591, bbox_ctrness=0.6246
epoch 1/50 iter 1300/1860 loss=1.4805 mean_loss=1.3899 classification=0.4385, bbox_regression=0.3820, bbox_ctrness=0.6601
epoch 1/50 iter 1320/1860 loss=1.3963 mean_loss=1.3864 classification=0.4463, bbox_regression=0.3290, bbox_ctrness=0.6209
epoch 1/50 iter 1340/1860 loss=0.9503 mean_loss=1.3837 classification=0.1673, bbox_regression=0.1672, bbox_ctrness=0.6158
epoch 1/50 iter 1360/1860 loss=1.2537 mean_loss=1.3808 classification=0.3251, bbox_regression=0.3056, bbox_ctrness=0.6230
epoch 1/50 iter 1380/1860 loss=1.1137 mean_loss=1.3784 classification=0.2580, bbox_regression=0.2387, bbox_ctrness=0.6170
epoch 1/50 iter 1400/1860 loss=1.0628 mean_loss=1.3760 classification=0.2751, bbox_regression=0.1753, bbox_ctrness=0.6124
epoch 1/50 iter 1420/1860 loss=1.4099 mean_loss=1.3732 classification=0.4371, bbox_regression=0.3359, bbox_ctrness=0.6369
epoch 1/50 iter 1440/1860 loss=1.0810 mean_loss=1.3703 classification=0.2348, bbox_regression=0.2346, bbox_ctrness=0.6116
epoch 1/50 iter 1460/1860 loss=1.2675 mean_loss=1.3677 classification=0.3163, bbox_regression=0.3253, bbox_ctrness=0.6259
epoch 1/50 iter 1480/1860 loss=1.0855 mean_loss=1.3647 classification=0.2333, bbox_regression=0.2282, bbox_ctrness=0.6239
epoch 1/50 iter 1500/1860 loss=1.0405 mean_loss=1.3619 classification=0.2127, bbox_regression=0.2192, bbox_ctrness=0.6085
epoch 1/50 iter 1520/1860 loss=0.9854 mean_loss=1.3598 classification=0.1830, bbox_regression=0.1819, bbox_ctrness=0.6205
epoch 1/50 iter 1540/1860 loss=1.1274 mean_loss=1.3574 classification=0.2406, bbox_regression=0.2526, bbox_ctrness=0.6341
epoch 1/50 iter 1560/1860 loss=1.0761 mean_loss=1.3549 classification=0.2424, bbox_regression=0.2273, bbox_ctrness=0.6064
epoch 1/50 iter 1580/1860 loss=1.2514 mean_loss=1.3522 classification=0.3129, bbox_regression=0.2914, bbox_ctrness=0.6472
epoch 1/50 iter 1600/1860 loss=1.0613 mean_loss=1.3492 classification=0.2378, bbox_regression=0.2146, bbox_ctrness=0.6089
epoch 1/50 iter 1620/1860 loss=1.0652 mean_loss=1.3459 classification=0.2271, bbox_regression=0.2030, bbox_ctrness=0.6352
epoch 1/50 iter 1640/1860 loss=1.1143 mean_loss=1.3441 classification=0.2749, bbox_regression=0.2216, bbox_ctrness=0.6179
epoch 1/50 iter 1660/1860 loss=1.1744 mean_loss=1.3412 classification=0.2212, bbox_regression=0.3126, bbox_ctrness=0.6405
epoch 1/50 iter 1680/1860 loss=1.2893 mean_loss=1.3387 classification=0.3454, bbox_regression=0.3074, bbox_ctrness=0.6364
epoch 1/50 iter 1700/1860 loss=1.1244 mean_loss=1.3370 classification=0.2820, bbox_regression=0.2326, bbox_ctrness=0.6099
epoch 1/50 iter 1720/1860 loss=1.0836 mean_loss=1.3349 classification=0.2371, bbox_regression=0.2240, bbox_ctrness=0.6225
epoch 1/50 iter 1740/1860 loss=1.1008 mean_loss=1.3325 classification=0.2780, bbox_regression=0.2072, bbox_ctrness=0.6156
epoch 1/50 iter 1760/1860 loss=1.0238 mean_loss=1.3300 classification=0.2073, bbox_regression=0.2184, bbox_ctrness=0.5980
epoch 1/50 iter 1780/1860 loss=1.3230 mean_loss=1.3284 classification=0.3974, bbox_regression=0.2948, bbox_ctrness=0.6308
epoch 1/50 iter 1800/1860 loss=1.1133 mean_loss=1.3265 classification=0.2684, bbox_regression=0.2126, bbox_ctrness=0.6324
epoch 1/50 iter 1820/1860 loss=1.2215 mean_loss=1.3242 classification=0.3128, bbox_regression=0.2697, bbox_ctrness=0.6390
epoch 1/50 iter 1840/1860 loss=1.0731 mean_loss=1.3218 classification=0.2273, bbox_regression=0.2223, bbox_ctrness=0.6234
epoch 1/50 iter 1860/1860 loss=1.0274 mean_loss=1.3197 classification=0.1804, bbox_regression=0.2254, bbox_ctrness=0.6216
epoch 1 validation Precision=0.0469 Recall=0.9802 AP50=0.8631 AP75=0.4549 eval_fps=10.60 epoch_time_sec=976.8
saved checkpoint: E:\RepViT-main\runs\v48_complete_ablation\training\early_moddrop_seed1\weights\last.pt
new best AP50=0.8631; saved checkpoint: E:\RepViT-main\runs\v48_complete_ablation\training\early_moddrop_seed1\weights\best.pt
epoch 2/50 iter 1/1860 loss=0.9791 mean_loss=0.9791 classification=0.1819, bbox_regression=0.1825, bbox_ctrness=0.6147
epoch 2/50 iter 20/1860 loss=1.1468 mean_loss=1.0829 classification=0.2712, bbox_regression=0.2527, bbox_ctrness=0.6230
epoch 2/50 iter 40/1860 loss=1.1051 mean_loss=1.1101 classification=0.2652, bbox_regression=0.2257, bbox_ctrness=0.6141
epoch 2/50 iter 60/1860 loss=1.0412 mean_loss=1.1063 classification=0.2123, bbox_regression=0.2204, bbox_ctrness=0.6085
epoch 2/50 iter 80/1860 loss=1.2127 mean_loss=1.1063 classification=0.3469, bbox_regression=0.2369, bbox_ctrness=0.6289
epoch 2/50 iter 100/1860 loss=1.1708 mean_loss=1.0943 classification=0.2854, bbox_regression=0.2656, bbox_ctrness=0.6198
epoch 2/50 iter 120/1860 loss=0.9973 mean_loss=1.0914 classification=0.2236, bbox_regression=0.1627, bbox_ctrness=0.6110
epoch 2/50 iter 140/1860 loss=1.3255 mean_loss=1.0959 classification=0.3621, bbox_regression=0.3229, bbox_ctrness=0.6406
epoch 2/50 iter 160/1860 loss=1.1982 mean_loss=1.0992 classification=0.3108, bbox_regression=0.2677, bbox_ctrness=0.6197
epoch 2/50 iter 180/1860 loss=1.0176 mean_loss=1.1059 classification=0.2340, bbox_regression=0.1822, bbox_ctrness=0.6014
epoch 2/50 iter 200/1860 loss=1.1733 mean_loss=1.1076 classification=0.2779, bbox_regression=0.2827, bbox_ctrness=0.6128
epoch 2/50 iter 220/1860 loss=1.0329 mean_loss=1.1081 classification=0.1924, bbox_regression=0.2249, bbox_ctrness=0.6156
epoch 2/50 iter 240/1860 loss=1.0187 mean_loss=1.1094 classification=0.2258, bbox_regression=0.1860, bbox_ctrness=0.6070
epoch 2/50 iter 260/1860 loss=0.9542 mean_loss=1.1114 classification=0.1530, bbox_regression=0.1739, bbox_ctrness=0.6274
epoch 2/50 iter 280/1860 loss=0.9980 mean_loss=1.1089 classification=0.1758, bbox_regression=0.2027, bbox_ctrness=0.6195
epoch 2/50 iter 300/1860 loss=1.3806 mean_loss=1.1087 classification=0.4806, bbox_regression=0.2826, bbox_ctrness=0.6173
epoch 2/50 iter 320/1860 loss=0.9263 mean_loss=1.1037 classification=0.1715, bbox_regression=0.1631, bbox_ctrness=0.5918
epoch 2/50 iter 340/1860 loss=0.9323 mean_loss=1.0988 classification=0.1579, bbox_regression=0.1630, bbox_ctrness=0.6115
epoch 2/50 iter 360/1860 loss=1.2627 mean_loss=1.0988 classification=0.2943, bbox_regression=0.3163, bbox_ctrness=0.6521
epoch 2/50 iter 380/1860 loss=1.0487 mean_loss=1.0968 classification=0.2204, bbox_regression=0.2104, bbox_ctrness=0.6180
epoch 2/50 iter 400/1860 loss=0.8764 mean_loss=1.0940 classification=0.1584, bbox_regression=0.1218, bbox_ctrness=0.5962
epoch 2/50 iter 420/1860 loss=1.0398 mean_loss=1.0943 classification=0.2359, bbox_regression=0.1883, bbox_ctrness=0.6156
epoch 2/50 iter 440/1860 loss=0.9568 mean_loss=1.0984 classification=0.1837, bbox_regression=0.1531, bbox_ctrness=0.6201
epoch 2/50 iter 460/1860 loss=0.9138 mean_loss=1.0975 classification=0.1489, bbox_regression=0.1740, bbox_ctrness=0.5908
epoch 2/50 iter 480/1860 loss=1.0339 mean_loss=1.0983 classification=0.2219, bbox_regression=0.2117, bbox_ctrness=0.6004
epoch 2/50 iter 500/1860 loss=1.7311 mean_loss=1.0983 classification=0.6396, bbox_regression=0.4495, bbox_ctrness=0.6420
epoch 2/50 iter 520/1860 loss=1.1694 mean_loss=1.0966 classification=0.2703, bbox_regression=0.2588, bbox_ctrness=0.6402
epoch 2/50 iter 540/1860 loss=0.9979 mean_loss=1.0965 classification=0.1798, bbox_regression=0.1929, bbox_ctrness=0.6252
epoch 2/50 iter 560/1860 loss=1.2297 mean_loss=1.0967 classification=0.3293, bbox_regression=0.2641, bbox_ctrness=0.6363
epoch 2/50 iter 580/1860 loss=0.9754 mean_loss=1.0983 classification=0.1929, bbox_regression=0.1629, bbox_ctrness=0.6196
epoch 2/50 iter 600/1860 loss=1.2212 mean_loss=1.0982 classification=0.3297, bbox_regression=0.2617, bbox_ctrness=0.6298
epoch 2/50 iter 620/1860 loss=1.0316 mean_loss=1.0974 classification=0.2281, bbox_regression=0.1939, bbox_ctrness=0.6096
epoch 2/50 iter 640/1860 loss=1.0566 mean_loss=1.0964 classification=0.2324, bbox_regression=0.2140, bbox_ctrness=0.6102
epoch 2/50 iter 660/1860 loss=1.0454 mean_loss=1.0951 classification=0.1984, bbox_regression=0.2171, bbox_ctrness=0.6299
epoch 2/50 iter 680/1860 loss=1.1201 mean_loss=1.0950 classification=0.2670, bbox_regression=0.2488, bbox_ctrness=0.6043
epoch 2/50 iter 700/1860 loss=1.0439 mean_loss=1.0947 classification=0.2086, bbox_regression=0.2240, bbox_ctrness=0.6112
epoch 2/50 iter 720/1860 loss=1.0272 mean_loss=1.0943 classification=0.2016, bbox_regression=0.2097, bbox_ctrness=0.6159
epoch 2/50 iter 740/1860 loss=1.2157 mean_loss=1.0956 classification=0.2916, bbox_regression=0.2946, bbox_ctrness=0.6295
epoch 2/50 iter 760/1860 loss=1.0955 mean_loss=1.0945 classification=0.3035, bbox_regression=0.1934, bbox_ctrness=0.5986
epoch 2/50 iter 780/1860 loss=1.0145 mean_loss=1.0938 classification=0.1879, bbox_regression=0.2193, bbox_ctrness=0.6074
epoch 2/50 iter 800/1860 loss=0.9214 mean_loss=1.0914 classification=0.1472, bbox_regression=0.1708, bbox_ctrness=0.6034
epoch 2/50 iter 820/1860 loss=1.0472 mean_loss=1.0903 classification=0.2405, bbox_regression=0.1993, bbox_ctrness=0.6073
epoch 2/50 iter 840/1860 loss=1.0258 mean_loss=1.0891 classification=0.2232, bbox_regression=0.1869, bbox_ctrness=0.6157
epoch 2/50 iter 860/1860 loss=1.0657 mean_loss=1.0885 classification=0.1913, bbox_regression=0.2382, bbox_ctrness=0.6362
epoch 2/50 iter 880/1860 loss=1.0469 mean_loss=1.0874 classification=0.2391, bbox_regression=0.2011, bbox_ctrness=0.6067
epoch 2/50 iter 900/1860 loss=1.1336 mean_loss=1.0868 classification=0.2846, bbox_regression=0.2461, bbox_ctrness=0.6029
epoch 2/50 iter 920/1860 loss=1.0330 mean_loss=1.0872 classification=0.2054, bbox_regression=0.2147, bbox_ctrness=0.6129
epoch 2/50 iter 940/1860 loss=0.9235 mean_loss=1.0863 classification=0.1288, bbox_regression=0.1693, bbox_ctrness=0.6254
epoch 2/50 iter 960/1860 loss=0.9605 mean_loss=1.0867 classification=0.1910, bbox_regression=0.1530, bbox_ctrness=0.6165
epoch 2/50 iter 980/1860 loss=1.4949 mean_loss=1.0867 classification=0.4957, bbox_regression=0.3612, bbox_ctrness=0.6380
epoch 2/50 iter 1000/1860 loss=1.0018 mean_loss=1.0866 classification=0.1975, bbox_regression=0.2046, bbox_ctrness=0.5997
epoch 2/50 iter 1020/1860 loss=1.0868 mean_loss=1.0868 classification=0.2567, bbox_regression=0.2123, bbox_ctrness=0.6178
epoch 2/50 iter 1040/1860 loss=0.9336 mean_loss=1.0854 classification=0.1292, bbox_regression=0.1750, bbox_ctrness=0.6295
epoch 2/50 iter 1060/1860 loss=0.9511 mean_loss=1.0839 classification=0.1539, bbox_regression=0.1797, bbox_ctrness=0.6176
epoch 2/50 iter 1080/1860 loss=1.2096 mean_loss=1.0829 classification=0.3355, bbox_regression=0.2620, bbox_ctrness=0.6121
epoch 2/50 iter 1100/1860 loss=1.0583 mean_loss=1.0816 classification=0.2422, bbox_regression=0.2229, bbox_ctrness=0.5931
epoch 2/50 iter 1120/1860 loss=0.9886 mean_loss=1.0801 classification=0.1727, bbox_regression=0.1824, bbox_ctrness=0.6336
epoch 2/50 iter 1140/1860 loss=1.1845 mean_loss=1.0794 classification=0.3071, bbox_regression=0.2771, bbox_ctrness=0.6003
epoch 2/50 iter 1160/1860 loss=0.9618 mean_loss=1.0785 classification=0.1950, bbox_regression=0.1703, bbox_ctrness=0.5966
epoch 2/50 iter 1180/1860 loss=0.9537 mean_loss=1.0785 classification=0.1901, bbox_regression=0.1417, bbox_ctrness=0.6219
epoch 2/50 iter 1200/1860 loss=1.1240 mean_loss=1.0785 classification=0.3115, bbox_regression=0.2006, bbox_ctrness=0.6120
epoch 2/50 iter 1220/1860 loss=1.3495 mean_loss=1.0786 classification=0.4242, bbox_regression=0.2893, bbox_ctrness=0.6360
epoch 2/50 iter 1240/1860 loss=0.8957 mean_loss=1.0770 classification=0.1201, bbox_regression=0.1711, bbox_ctrness=0.6045
epoch 2/50 iter 1260/1860 loss=0.8449 mean_loss=1.0760 classification=0.1253, bbox_regression=0.1191, bbox_ctrness=0.6004
epoch 2/50 iter 1280/1860 loss=1.0474 mean_loss=1.0747 classification=0.2047, bbox_regression=0.2147, bbox_ctrness=0.6280
epoch 2/50 iter 1300/1860 loss=1.3666 mean_loss=1.0750 classification=0.3986, bbox_regression=0.3336, bbox_ctrness=0.6344
epoch 2/50 iter 1320/1860 loss=0.9466 mean_loss=1.0741 classification=0.1490, bbox_regression=0.1831, bbox_ctrness=0.6145
epoch 2/50 iter 1340/1860 loss=1.2048 mean_loss=1.0725 classification=0.3159, bbox_regression=0.2812, bbox_ctrness=0.6077
epoch 2/50 iter 1360/1860 loss=0.8891 mean_loss=1.0725 classification=0.1485, bbox_regression=0.1509, bbox_ctrness=0.5896
epoch 2/50 iter 1380/1860 loss=1.1325 mean_loss=1.0718 classification=0.2521, bbox_regression=0.2630, bbox_ctrness=0.6174
epoch 2/50 iter 1400/1860 loss=1.1100 mean_loss=1.0716 classification=0.2624, bbox_regression=0.2353, bbox_ctrness=0.6123
epoch 2/50 iter 1420/1860 loss=1.2531 mean_loss=1.0719 classification=0.3541, bbox_regression=0.2841, bbox_ctrness=0.6149
epoch 2/50 iter 1440/1860 loss=1.0313 mean_loss=1.0713 classification=0.2085, bbox_regression=0.2079, bbox_ctrness=0.6149
epoch 2/50 iter 1460/1860 loss=0.9232 mean_loss=1.0707 classification=0.1408, bbox_regression=0.1752, bbox_ctrness=0.6072
epoch 2/50 iter 1480/1860 loss=1.0909 mean_loss=1.0703 classification=0.2450, bbox_regression=0.2287, bbox_ctrness=0.6172
epoch 2/50 iter 1500/1860 loss=1.1413 mean_loss=1.0696 classification=0.2742, bbox_regression=0.2440, bbox_ctrness=0.6230
epoch 2/50 iter 1520/1860 loss=1.0055 mean_loss=1.0693 classification=0.1720, bbox_regression=0.2192, bbox_ctrness=0.6143
epoch 2/50 iter 1540/1860 loss=0.9057 mean_loss=1.0683 classification=0.1370, bbox_regression=0.1446, bbox_ctrness=0.6241
epoch 2/50 iter 1560/1860 loss=0.9919 mean_loss=1.0675 classification=0.1767, bbox_regression=0.1898, bbox_ctrness=0.6254
epoch 2/50 iter 1580/1860 loss=1.2882 mean_loss=1.0671 classification=0.3324, bbox_regression=0.3354, bbox_ctrness=0.6205
epoch 2/50 iter 1600/1860 loss=0.9135 mean_loss=1.0674 classification=0.1515, bbox_regression=0.1359, bbox_ctrness=0.6261
epoch 2/50 iter 1620/1860 loss=1.1462 mean_loss=1.0670 classification=0.2818, bbox_regression=0.2366, bbox_ctrness=0.6279
epoch 2/50 iter 1640/1860 loss=0.8657 mean_loss=1.0664 classification=0.1210, bbox_regression=0.1300, bbox_ctrness=0.6147
epoch 2/50 iter 1660/1860 loss=1.2755 mean_loss=1.0664 classification=0.3610, bbox_regression=0.2784, bbox_ctrness=0.6360
epoch 2/50 iter 1680/1860 loss=0.8961 mean_loss=1.0651 classification=0.1362, bbox_regression=0.1595, bbox_ctrness=0.6004
epoch 2/50 iter 1700/1860 loss=0.8741 mean_loss=1.0640 classification=0.0946, bbox_regression=0.1566, bbox_ctrness=0.6229
epoch 2/50 iter 1720/1860 loss=1.1200 mean_loss=1.0638 classification=0.2511, bbox_regression=0.2434, bbox_ctrness=0.6255
epoch 2/50 iter 1740/1860 loss=0.8998 mean_loss=1.0635 classification=0.1469, bbox_regression=0.1400, bbox_ctrness=0.6129
epoch 2/50 iter 1760/1860 loss=1.0231 mean_loss=1.0626 classification=0.2063, bbox_regression=0.2102, bbox_ctrness=0.6066
epoch 2/50 iter 1780/1860 loss=1.1270 mean_loss=1.0624 classification=0.2566, bbox_regression=0.2241, bbox_ctrness=0.6463
epoch 2/50 iter 1800/1860 loss=1.0499 mean_loss=1.0622 classification=0.2208, bbox_regression=0.1992, bbox_ctrness=0.6300
epoch 2/50 iter 1820/1860 loss=0.8892 mean_loss=1.0611 classification=0.1092, bbox_regression=0.1648, bbox_ctrness=0.6152
epoch 2/50 iter 1840/1860 loss=1.2239 mean_loss=1.0612 classification=0.3302, bbox_regression=0.2681, bbox_ctrness=0.6256
epoch 2/50 iter 1860/1860 loss=0.9511 mean_loss=1.0606 classification=0.1590, bbox_regression=0.1778, bbox_ctrness=0.6143
epoch 2 validation Precision=0.1742 Recall=0.9695 AP50=0.9085 AP75=0.6456 eval_fps=20.42 epoch_time_sec=870.2
saved checkpoint: E:\RepViT-main\runs\v48_complete_ablation\training\early_moddrop_seed1\weights\last.pt
new best AP50=0.9085; saved checkpoint: E:\RepViT-main\runs\v48_complete_ablation\training\early_moddrop_seed1\weights\best.pt
epoch 3/50 iter 1/1860 loss=1.3225 mean_loss=1.3225 classification=0.3661, bbox_regression=0.3351, bbox_ctrness=0.6213
epoch 3/50 iter 20/1860 loss=0.9891 mean_loss=0.9527 classification=0.2149, bbox_regression=0.1658, bbox_ctrness=0.6084
epoch 3/50 iter 40/1860 loss=0.8688 mean_loss=0.9756 classification=0.1380, bbox_regression=0.1337, bbox_ctrness=0.5971
epoch 3/50 iter 60/1860 loss=1.0333 mean_loss=0.9837 classification=0.2093, bbox_regression=0.2119, bbox_ctrness=0.6120
epoch 3/50 iter 80/1860 loss=1.0681 mean_loss=1.0069 classification=0.2501, bbox_regression=0.1999, bbox_ctrness=0.6181
epoch 3/50 iter 100/1860 loss=1.3713 mean_loss=1.0129 classification=0.4919, bbox_regression=0.2516, bbox_ctrness=0.6277
epoch 3/50 iter 120/1860 loss=0.9092 mean_loss=1.0127 classification=0.1478, bbox_regression=0.1396, bbox_ctrness=0.6218
epoch 3/50 iter 140/1860 loss=0.9427 mean_loss=1.0112 classification=0.1585, bbox_regression=0.1670, bbox_ctrness=0.6173
epoch 3/50 iter 160/1860 loss=0.8680 mean_loss=1.0045 classification=0.1279, bbox_regression=0.1315, bbox_ctrness=0.6086
epoch 3/50 iter 180/1860 loss=1.6968 mean_loss=1.0082 classification=0.7158, bbox_regression=0.3155, bbox_ctrness=0.6655
epoch 3/50 iter 200/1860 loss=0.9359 mean_loss=1.0083 classification=0.1615, bbox_regression=0.1675, bbox_ctrness=0.6070
epoch 3/50 iter 220/1860 loss=0.9780 mean_loss=1.0142 classification=0.2020, bbox_regression=0.1737, bbox_ctrness=0.6023
epoch 3/50 iter 240/1860 loss=1.0614 mean_loss=1.0108 classification=0.2414, bbox_regression=0.2014, bbox_ctrness=0.6186
epoch 3/50 iter 260/1860 loss=1.0385 mean_loss=1.0086 classification=0.2083, bbox_regression=0.2187, bbox_ctrness=0.6115
epoch 3/50 iter 280/1860 loss=1.0025 mean_loss=1.0077 classification=0.2034, bbox_regression=0.1956, bbox_ctrness=0.6035
epoch 3/50 iter 300/1860 loss=1.0751 mean_loss=1.0051 classification=0.2107, bbox_regression=0.2504, bbox_ctrness=0.6141
epoch 3/50 iter 320/1860 loss=1.0104 mean_loss=1.0055 classification=0.1944, bbox_regression=0.2026, bbox_ctrness=0.6134
epoch 3/50 iter 340/1860 loss=0.8859 mean_loss=1.0041 classification=0.1260, bbox_regression=0.1488, bbox_ctrness=0.6111
epoch 3/50 iter 360/1860 loss=0.9105 mean_loss=1.0031 classification=0.1718, bbox_regression=0.1436, bbox_ctrness=0.5952
epoch 3/50 iter 380/1860 loss=0.8676 mean_loss=1.0020 classification=0.1159, bbox_regression=0.1479, bbox_ctrness=0.6039
epoch 3/50 iter 400/1860 loss=1.1306 mean_loss=1.0038 classification=0.2681, bbox_regression=0.2421, bbox_ctrness=0.6204
epoch 3/50 iter 420/1860 loss=0.9859 mean_loss=1.0001 classification=0.2217, bbox_regression=0.1541, bbox_ctrness=0.6102
epoch 3/50 iter 440/1860 loss=1.0263 mean_loss=0.9984 classification=0.2203, bbox_regression=0.1936, bbox_ctrness=0.6125
epoch 3/50 iter 460/1860 loss=0.9756 mean_loss=0.9971 classification=0.1869, bbox_regression=0.1827, bbox_ctrness=0.6061
epoch 3/50 iter 480/1860 loss=0.9412 mean_loss=0.9998 classification=0.1701, bbox_regression=0.1528, bbox_ctrness=0.6183
epoch 3/50 iter 500/1860 loss=0.8307 mean_loss=0.9978 classification=0.0748, bbox_regression=0.1516, bbox_ctrness=0.6043
epoch 3/50 iter 520/1860 loss=1.0425 mean_loss=0.9959 classification=0.2280, bbox_regression=0.1912, bbox_ctrness=0.6233
epoch 3/50 iter 540/1860 loss=0.8260 mean_loss=0.9935 classification=0.1196, bbox_regression=0.1326, bbox_ctrness=0.5738
epoch 3/50 iter 560/1860 loss=1.0347 mean_loss=0.9938 classification=0.2144, bbox_regression=0.2028, bbox_ctrness=0.6176
epoch 3/50 iter 580/1860 loss=1.2192 mean_loss=0.9944 classification=0.3586, bbox_regression=0.2413, bbox_ctrness=0.6192
epoch 3/50 iter 600/1860 loss=1.0625 mean_loss=0.9930 classification=0.2612, bbox_regression=0.1794, bbox_ctrness=0.6219
epoch 3/50 iter 620/1860 loss=0.9666 mean_loss=0.9918 classification=0.1764, bbox_regression=0.1798, bbox_ctrness=0.6104
epoch 3/50 iter 640/1860 loss=1.0760 mean_loss=0.9926 classification=0.2489, bbox_regression=0.2017, bbox_ctrness=0.6254
epoch 3/50 iter 660/1860 loss=1.3709 mean_loss=0.9933 classification=0.4135, bbox_regression=0.3201, bbox_ctrness=0.6374
epoch 3/50 iter 680/1860 loss=0.9695 mean_loss=0.9928 classification=0.1720, bbox_regression=0.1848, bbox_ctrness=0.6126
epoch 3/50 iter 700/1860 loss=0.9905 mean_loss=0.9939 classification=0.1690, bbox_regression=0.2031, bbox_ctrness=0.6184
epoch 3/50 iter 720/1860 loss=0.9309 mean_loss=0.9932 classification=0.1744, bbox_regression=0.1430, bbox_ctrness=0.6134
epoch 3/50 iter 740/1860 loss=0.8851 mean_loss=0.9929 classification=0.1530, bbox_regression=0.1246, bbox_ctrness=0.6075
epoch 3/50 iter 760/1860 loss=0.8983 mean_loss=0.9928 classification=0.1372, bbox_regression=0.1413, bbox_ctrness=0.6198
epoch 3/50 iter 780/1860 loss=0.9157 mean_loss=0.9932 classification=0.1530, bbox_regression=0.1518, bbox_ctrness=0.6109
epoch 3/50 iter 800/1860 loss=0.9494 mean_loss=0.9927 classification=0.1577, bbox_regression=0.1637, bbox_ctrness=0.6280
epoch 3/50 iter 820/1860 loss=1.3260 mean_loss=0.9936 classification=0.3963, bbox_regression=0.3045, bbox_ctrness=0.6253
epoch 3/50 iter 840/1860 loss=0.8797 mean_loss=0.9933 classification=0.1377, bbox_regression=0.1372, bbox_ctrness=0.6048
epoch 3/50 iter 860/1860 loss=0.9797 mean_loss=0.9931 classification=0.1601, bbox_regression=0.1823, bbox_ctrness=0.6373
epoch 3/50 iter 880/1860 loss=0.9703 mean_loss=0.9933 classification=0.1661, bbox_regression=0.1909, bbox_ctrness=0.6133
epoch 3/50 iter 900/1860 loss=0.9374 mean_loss=0.9930 classification=0.1510, bbox_regression=0.1749, bbox_ctrness=0.6115
epoch 3/50 iter 920/1860 loss=0.9338 mean_loss=0.9921 classification=0.1202, bbox_regression=0.1809, bbox_ctrness=0.6327
epoch 3/50 iter 940/1860 loss=0.8423 mean_loss=0.9904 classification=0.1016, bbox_regression=0.1256, bbox_ctrness=0.6151
epoch 3/50 iter 960/1860 loss=0.8556 mean_loss=0.9901 classification=0.1283, bbox_regression=0.1269, bbox_ctrness=0.6003
epoch 3/50 iter 980/1860 loss=0.8892 mean_loss=0.9892 classification=0.1371, bbox_regression=0.1402, bbox_ctrness=0.6119
epoch 3/50 iter 1000/1860 loss=0.9161 mean_loss=0.9887 classification=0.1567, bbox_regression=0.1219, bbox_ctrness=0.6374
epoch 3/50 iter 1020/1860 loss=0.9240 mean_loss=0.9888 classification=0.1352, bbox_regression=0.1701, bbox_ctrness=0.6187
epoch 3/50 iter 1040/1860 loss=1.0119 mean_loss=0.9889 classification=0.1977, bbox_regression=0.1948, bbox_ctrness=0.6194
epoch 3/50 iter 1060/1860 loss=1.0783 mean_loss=0.9878 classification=0.1806, bbox_regression=0.2527, bbox_ctrness=0.6451
epoch 3/50 iter 1080/1860 loss=1.0100 mean_loss=0.9870 classification=0.2034, bbox_regression=0.1888, bbox_ctrness=0.6178
epoch 3/50 iter 1100/1860 loss=0.9122 mean_loss=0.9859 classification=0.1578, bbox_regression=0.1486, bbox_ctrness=0.6058
epoch 3/50 iter 1120/1860 loss=1.0576 mean_loss=0.9859 classification=0.2258, bbox_regression=0.2128, bbox_ctrness=0.6190
epoch 3/50 iter 1140/1860 loss=0.8725 mean_loss=0.9860 classification=0.1448, bbox_regression=0.1340, bbox_ctrness=0.5937
epoch 3/50 iter 1160/1860 loss=1.0455 mean_loss=0.9856 classification=0.1894, bbox_regression=0.2201, bbox_ctrness=0.6360
epoch 3/50 iter 1180/1860 loss=1.0677 mean_loss=0.9850 classification=0.1919, bbox_regression=0.2425, bbox_ctrness=0.6334
epoch 3/50 iter 1200/1860 loss=1.0017 mean_loss=0.9846 classification=0.2152, bbox_regression=0.1811, bbox_ctrness=0.6053
epoch 3/50 iter 1220/1860 loss=0.9185 mean_loss=0.9847 classification=0.1633, bbox_regression=0.1470, bbox_ctrness=0.6081
epoch 3/50 iter 1240/1860 loss=0.8877 mean_loss=0.9852 classification=0.1470, bbox_regression=0.1229, bbox_ctrness=0.6179
epoch 3/50 iter 1260/1860 loss=1.2968 mean_loss=0.9850 classification=0.4194, bbox_regression=0.2638, bbox_ctrness=0.6136
epoch 3/50 iter 1280/1860 loss=0.8721 mean_loss=0.9843 classification=0.1275, bbox_regression=0.1260, bbox_ctrness=0.6187
epoch 3/50 iter 1300/1860 loss=0.8518 mean_loss=0.9838 classification=0.1363, bbox_regression=0.1201, bbox_ctrness=0.5954
epoch 3/50 iter 1320/1860 loss=0.9366 mean_loss=0.9840 classification=0.1329, bbox_regression=0.1920, bbox_ctrness=0.6117
epoch 3/50 iter 1340/1860 loss=0.9254 mean_loss=0.9839 classification=0.1353, bbox_regression=0.1789, bbox_ctrness=0.6113
epoch 3/50 iter 1360/1860 loss=1.0763 mean_loss=0.9835 classification=0.2127, bbox_regression=0.2221, bbox_ctrness=0.6415
epoch 3/50 iter 1380/1860 loss=0.9355 mean_loss=0.9830 classification=0.1693, bbox_regression=0.1512, bbox_ctrness=0.6151
epoch 3/50 iter 1400/1860 loss=0.8135 mean_loss=0.9827 classification=0.1111, bbox_regression=0.1011, bbox_ctrness=0.6013
epoch 3/50 iter 1420/1860 loss=0.8956 mean_loss=0.9820 classification=0.1116, bbox_regression=0.1664, bbox_ctrness=0.6176
epoch 3/50 iter 1440/1860 loss=0.8219 mean_loss=0.9817 classification=0.1275, bbox_regression=0.1066, bbox_ctrness=0.5879
epoch 3/50 iter 1460/1860 loss=0.9023 mean_loss=0.9815 classification=0.1126, bbox_regression=0.1768, bbox_ctrness=0.6129
epoch 3/50 iter 1480/1860 loss=1.1272 mean_loss=0.9815 classification=0.2314, bbox_regression=0.2522, bbox_ctrness=0.6437
epoch 3/50 iter 1500/1860 loss=1.0920 mean_loss=0.9816 classification=0.2739, bbox_regression=0.2140, bbox_ctrness=0.6041
epoch 3/50 iter 1520/1860 loss=1.4650 mean_loss=0.9815 classification=0.4539, bbox_regression=0.3736, bbox_ctrness=0.6375
epoch 3/50 iter 1540/1860 loss=0.8397 mean_loss=0.9812 classification=0.1228, bbox_regression=0.1102, bbox_ctrness=0.6067
epoch 3/50 iter 1560/1860 loss=0.9458 mean_loss=0.9809 classification=0.1827, bbox_regression=0.1562, bbox_ctrness=0.6069
epoch 3/50 iter 1580/1860 loss=0.8536 mean_loss=0.9815 classification=0.0918, bbox_regression=0.1430, bbox_ctrness=0.6187
epoch 3/50 iter 1600/1860 loss=0.9429 mean_loss=0.9819 classification=0.1666, bbox_regression=0.1700, bbox_ctrness=0.6063
epoch 3/50 iter 1620/1860 loss=1.0143 mean_loss=0.9817 classification=0.1987, bbox_regression=0.2162, bbox_ctrness=0.5993
epoch 3/50 iter 1640/1860 loss=0.8990 mean_loss=0.9813 classification=0.1440, bbox_regression=0.1483, bbox_ctrness=0.6067
epoch 3/50 iter 1660/1860 loss=1.0216 mean_loss=0.9812 classification=0.2112, bbox_regression=0.1843, bbox_ctrness=0.6261
epoch 3/50 iter 1680/1860 loss=0.7837 mean_loss=0.9808 classification=0.1077, bbox_regression=0.0865, bbox_ctrness=0.5895
epoch 3/50 iter 1700/1860 loss=0.9254 mean_loss=0.9804 classification=0.1540, bbox_regression=0.1548, bbox_ctrness=0.6167
epoch 3/50 iter 1720/1860 loss=0.9398 mean_loss=0.9802 classification=0.1719, bbox_regression=0.1556, bbox_ctrness=0.6123
epoch 3/50 iter 1740/1860 loss=0.9545 mean_loss=0.9803 classification=0.1772, bbox_regression=0.1645, bbox_ctrness=0.6128
epoch 3/50 iter 1760/1860 loss=0.9740 mean_loss=0.9798 classification=0.1765, bbox_regression=0.1982, bbox_ctrness=0.5993
epoch 3/50 iter 1780/1860 loss=0.9559 mean_loss=0.9792 classification=0.1437, bbox_regression=0.1917, bbox_ctrness=0.6205
epoch 3/50 iter 1800/1860 loss=0.8226 mean_loss=0.9788 classification=0.1170, bbox_regression=0.1221, bbox_ctrness=0.5835
epoch 3/50 iter 1820/1860 loss=0.9147 mean_loss=0.9782 classification=0.1365, bbox_regression=0.1602, bbox_ctrness=0.6180
epoch 3/50 iter 1840/1860 loss=0.9081 mean_loss=0.9774 classification=0.1324, bbox_regression=0.1648, bbox_ctrness=0.6109
epoch 3/50 iter 1860/1860 loss=0.9367 mean_loss=0.9773 classification=0.1888, bbox_regression=0.1547, bbox_ctrness=0.5932
epoch 3 validation Precision=0.2162 Recall=0.9797 AP50=0.9295 AP75=0.7439 eval_fps=21.78 epoch_time_sec=854.5
saved checkpoint: E:\RepViT-main\runs\v48_complete_ablation\training\early_moddrop_seed1\weights\last.pt
new best AP50=0.9295; saved checkpoint: E:\RepViT-main\runs\v48_complete_ablation\training\early_moddrop_seed1\weights\best.pt
epoch 4/50 iter 1/1860 loss=1.0568 mean_loss=1.0568 classification=0.2678, bbox_regression=0.1802, bbox_ctrness=0.6088
epoch 4/50 iter 20/1860 loss=1.1836 mean_loss=0.9473 classification=0.3088, bbox_regression=0.2394, bbox_ctrness=0.6354
epoch 4/50 iter 40/1860 loss=1.0387 mean_loss=0.9688 classification=0.1765, bbox_regression=0.2281, bbox_ctrness=0.6341
epoch 4/50 iter 60/1860 loss=0.8975 mean_loss=0.9458 classification=0.1323, bbox_regression=0.1497, bbox_ctrness=0.6156
epoch 4/50 iter 80/1860 loss=0.8904 mean_loss=0.9343 classification=0.1399, bbox_regression=0.1590, bbox_ctrness=0.5915
epoch 4/50 iter 100/1860 loss=1.0227 mean_loss=0.9358 classification=0.1909, bbox_regression=0.2052, bbox_ctrness=0.6266
epoch 4/50 iter 120/1860 loss=0.7712 mean_loss=0.9367 classification=0.0658, bbox_regression=0.0879, bbox_ctrness=0.6175
epoch 4/50 iter 140/1860 loss=0.7771 mean_loss=0.9349 classification=0.0811, bbox_regression=0.1043, bbox_ctrness=0.5916
epoch 4/50 iter 160/1860 loss=0.8927 mean_loss=0.9365 classification=0.1540, bbox_regression=0.1410, bbox_ctrness=0.5977
epoch 4/50 iter 180/1860 loss=0.7503 mean_loss=0.9356 classification=0.0762, bbox_regression=0.0859, bbox_ctrness=0.5883
epoch 4/50 iter 200/1860 loss=0.8636 mean_loss=0.9324 classification=0.1207, bbox_regression=0.1301, bbox_ctrness=0.6128
epoch 4/50 iter 220/1860 loss=1.0734 mean_loss=0.9329 classification=0.2459, bbox_regression=0.2007, bbox_ctrness=0.6267
epoch 4/50 iter 240/1860 loss=0.9292 mean_loss=0.9322 classification=0.1636, bbox_regression=0.1565, bbox_ctrness=0.6091
epoch 4/50 iter 260/1860 loss=0.8085 mean_loss=0.9318 classification=0.0665, bbox_regression=0.1097, bbox_ctrness=0.6322
epoch 4/50 iter 280/1860 loss=0.8218 mean_loss=0.9323 classification=0.0957, bbox_regression=0.1108, bbox_ctrness=0.6153
epoch 4/50 iter 300/1860 loss=0.7840 mean_loss=0.9335 classification=0.0756, bbox_regression=0.1018, bbox_ctrness=0.6065
epoch 4/50 iter 320/1860 loss=0.9386 mean_loss=0.9352 classification=0.1670, bbox_regression=0.1599, bbox_ctrness=0.6118
epoch 4/50 iter 340/1860 loss=0.8393 mean_loss=0.9348 classification=0.1075, bbox_regression=0.1181, bbox_ctrness=0.6138
epoch 4/50 iter 360/1860 loss=0.9061 mean_loss=0.9325 classification=0.1762, bbox_regression=0.1266, bbox_ctrness=0.6033
epoch 4/50 iter 380/1860 loss=0.8382 mean_loss=0.9336 classification=0.0958, bbox_regression=0.1193, bbox_ctrness=0.6231
epoch 4/50 iter 400/1860 loss=0.9012 mean_loss=0.9349 classification=0.1279, bbox_regression=0.1547, bbox_ctrness=0.6186
epoch 4/50 iter 420/1860 loss=0.7949 mean_loss=0.9337 classification=0.0986, bbox_regression=0.0971, bbox_ctrness=0.5992
epoch 4/50 iter 440/1860 loss=0.7648 mean_loss=0.9307 classification=0.0864, bbox_regression=0.0975, bbox_ctrness=0.5810
epoch 4/50 iter 460/1860 loss=1.0280 mean_loss=0.9313 classification=0.1908, bbox_regression=0.2034, bbox_ctrness=0.6338
epoch 4/50 iter 480/1860 loss=1.0051 mean_loss=0.9306 classification=0.1874, bbox_regression=0.1969, bbox_ctrness=0.6207
epoch 4/50 iter 500/1860 loss=0.9579 mean_loss=0.9336 classification=0.1846, bbox_regression=0.1534, bbox_ctrness=0.6199
epoch 4/50 iter 520/1860 loss=0.8934 mean_loss=0.9346 classification=0.0992, bbox_regression=0.1742, bbox_ctrness=0.6200
epoch 4/50 iter 540/1860 loss=1.0540 mean_loss=0.9345 classification=0.2125, bbox_regression=0.2107, bbox_ctrness=0.6308
epoch 4/50 iter 560/1860 loss=0.8666 mean_loss=0.9339 classification=0.1210, bbox_regression=0.1236, bbox_ctrness=0.6221
epoch 4/50 iter 580/1860 loss=0.8071 mean_loss=0.9341 classification=0.0777, bbox_regression=0.1289, bbox_ctrness=0.6004
epoch 4/50 iter 600/1860 loss=0.7616 mean_loss=0.9325 classification=0.0898, bbox_regression=0.0748, bbox_ctrness=0.5970
epoch 4/50 iter 620/1860 loss=0.8872 mean_loss=0.9317 classification=0.1220, bbox_regression=0.1358, bbox_ctrness=0.6295
epoch 4/50 iter 640/1860 loss=0.8332 mean_loss=0.9299 classification=0.0889, bbox_regression=0.1384, bbox_ctrness=0.6059
epoch 4/50 iter 660/1860 loss=0.9662 mean_loss=0.9299 classification=0.1790, bbox_regression=0.1651, bbox_ctrness=0.6221
epoch 4/50 iter 680/1860 loss=0.8752 mean_loss=0.9295 classification=0.1295, bbox_regression=0.1372, bbox_ctrness=0.6085
epoch 4/50 iter 700/1860 loss=0.9820 mean_loss=0.9293 classification=0.1990, bbox_regression=0.1786, bbox_ctrness=0.6044
epoch 4/50 iter 720/1860 loss=0.7599 mean_loss=0.9297 classification=0.0665, bbox_regression=0.0875, bbox_ctrness=0.6059
epoch 4/50 iter 740/1860 loss=0.9025 mean_loss=0.9292 classification=0.1188, bbox_regression=0.1709, bbox_ctrness=0.6128
epoch 4/50 iter 760/1860 loss=0.9770 mean_loss=0.9287 classification=0.1848, bbox_regression=0.1563, bbox_ctrness=0.6359
epoch 4/50 iter 780/1860 loss=0.8999 mean_loss=0.9280 classification=0.1377, bbox_regression=0.1506, bbox_ctrness=0.6116
epoch 4/50 iter 800/1860 loss=0.8384 mean_loss=0.9285 classification=0.0997, bbox_regression=0.1288, bbox_ctrness=0.6098
epoch 4/50 iter 820/1860 loss=0.8902 mean_loss=0.9291 classification=0.1201, bbox_regression=0.1435, bbox_ctrness=0.6266
epoch 4/50 iter 840/1860 loss=0.9746 mean_loss=0.9295 classification=0.1893, bbox_regression=0.1567, bbox_ctrness=0.6285
epoch 4/50 iter 860/1860 loss=0.8663 mean_loss=0.9293 classification=0.1378, bbox_regression=0.1231, bbox_ctrness=0.6055
epoch 4/50 iter 880/1860 loss=0.9658 mean_loss=0.9293 classification=0.1813, bbox_regression=0.1715, bbox_ctrness=0.6130
epoch 4/50 iter 900/1860 loss=0.8984 mean_loss=0.9303 classification=0.1487, bbox_regression=0.1417, bbox_ctrness=0.6081
epoch 4/50 iter 920/1860 loss=0.8275 mean_loss=0.9294 classification=0.1105, bbox_regression=0.1127, bbox_ctrness=0.6043
epoch 4/50 iter 940/1860 loss=0.8139 mean_loss=0.9301 classification=0.0994, bbox_regression=0.1075, bbox_ctrness=0.6069
epoch 4/50 iter 960/1860 loss=1.0528 mean_loss=0.9305 classification=0.2267, bbox_regression=0.1990, bbox_ctrness=0.6271
epoch 4/50 iter 980/1860 loss=0.8652 mean_loss=0.9305 classification=0.1316, bbox_regression=0.1261, bbox_ctrness=0.6075
epoch 4/50 iter 1000/1860 loss=1.0634 mean_loss=0.9304 classification=0.1992, bbox_regression=0.2329, bbox_ctrness=0.6314
epoch 4/50 iter 1020/1860 loss=0.9650 mean_loss=0.9298 classification=0.1892, bbox_regression=0.1681, bbox_ctrness=0.6077
epoch 4/50 iter 1040/1860 loss=0.9940 mean_loss=0.9305 classification=0.1638, bbox_regression=0.2147, bbox_ctrness=0.6155
epoch 4/50 iter 1060/1860 loss=0.9222 mean_loss=0.9313 classification=0.1921, bbox_regression=0.1238, bbox_ctrness=0.6062
epoch 4/50 iter 1080/1860 loss=1.0579 mean_loss=0.9315 classification=0.2285, bbox_regression=0.2085, bbox_ctrness=0.6209
epoch 4/50 iter 1100/1860 loss=0.7542 mean_loss=0.9320 classification=0.0649, bbox_regression=0.0959, bbox_ctrness=0.5934
epoch 4/50 iter 1120/1860 loss=0.8699 mean_loss=0.9313 classification=0.1521, bbox_regression=0.1282, bbox_ctrness=0.5897
epoch 4/50 iter 1140/1860 loss=1.1537 mean_loss=0.9311 classification=0.2992, bbox_regression=0.2202, bbox_ctrness=0.6343
epoch 4/50 iter 1160/1860 loss=1.0064 mean_loss=0.9311 classification=0.1925, bbox_regression=0.1993, bbox_ctrness=0.6146
epoch 4/50 iter 1180/1860 loss=0.8524 mean_loss=0.9314 classification=0.1406, bbox_regression=0.1041, bbox_ctrness=0.6077
epoch 4/50 iter 1200/1860 loss=0.9313 mean_loss=0.9313 classification=0.1533, bbox_regression=0.1650, bbox_ctrness=0.6130
epoch 4/50 iter 1220/1860 loss=0.8749 mean_loss=0.9306 classification=0.1066, bbox_regression=0.1485, bbox_ctrness=0.6199
epoch 4/50 iter 1240/1860 loss=0.8122 mean_loss=0.9307 classification=0.1026, bbox_regression=0.1081, bbox_ctrness=0.6015
epoch 4/50 iter 1260/1860 loss=0.9473 mean_loss=0.9309 classification=0.1543, bbox_regression=0.1774, bbox_ctrness=0.6157
epoch 4/50 iter 1280/1860 loss=0.7725 mean_loss=0.9313 classification=0.0725, bbox_regression=0.0999, bbox_ctrness=0.6000
epoch 4/50 iter 1300/1860 loss=0.8966 mean_loss=0.9313 classification=0.1268, bbox_regression=0.1528, bbox_ctrness=0.6169
epoch 4/50 iter 1320/1860 loss=1.0021 mean_loss=0.9310 classification=0.2414, bbox_regression=0.1591, bbox_ctrness=0.6017
epoch 4/50 iter 1340/1860 loss=1.0483 mean_loss=0.9300 classification=0.2362, bbox_regression=0.1893, bbox_ctrness=0.6228
epoch 4/50 iter 1360/1860 loss=1.0023 mean_loss=0.9296 classification=0.1841, bbox_regression=0.2018, bbox_ctrness=0.6164
epoch 4/50 iter 1380/1860 loss=1.0181 mean_loss=0.9294 classification=0.2052, bbox_regression=0.2054, bbox_ctrness=0.6074
epoch 4/50 iter 1400/1860 loss=0.8222 mean_loss=0.9291 classification=0.0765, bbox_regression=0.1252, bbox_ctrness=0.6205
epoch 4/50 iter 1420/1860 loss=1.0223 mean_loss=0.9289 classification=0.1946, bbox_regression=0.2028, bbox_ctrness=0.6250
epoch 4/50 iter 1440/1860 loss=0.9711 mean_loss=0.9291 classification=0.1699, bbox_regression=0.1824, bbox_ctrness=0.6188
epoch 4/50 iter 1460/1860 loss=0.9804 mean_loss=0.9292 classification=0.1813, bbox_regression=0.1889, bbox_ctrness=0.6103
epoch 4/50 iter 1480/1860 loss=0.9178 mean_loss=0.9294 classification=0.1463, bbox_regression=0.1438, bbox_ctrness=0.6277
epoch 4/50 iter 1500/1860 loss=0.8364 mean_loss=0.9303 classification=0.1140, bbox_regression=0.1143, bbox_ctrness=0.6081
epoch 4/50 iter 1520/1860 loss=0.9800 mean_loss=0.9302 classification=0.2410, bbox_regression=0.1333, bbox_ctrness=0.6057
epoch 4/50 iter 1540/1860 loss=1.3242 mean_loss=0.9302 classification=0.3844, bbox_regression=0.3177, bbox_ctrness=0.6220
epoch 4/50 iter 1560/1860 loss=0.8239 mean_loss=0.9300 classification=0.0892, bbox_regression=0.1212, bbox_ctrness=0.6136
epoch 4/50 iter 1580/1860 loss=0.8350 mean_loss=0.9301 classification=0.0867, bbox_regression=0.1265, bbox_ctrness=0.6218
epoch 4/50 iter 1600/1860 loss=1.0958 mean_loss=0.9303 classification=0.2357, bbox_regression=0.2232, bbox_ctrness=0.6369
epoch 4/50 iter 1620/1860 loss=1.0362 mean_loss=0.9300 classification=0.2155, bbox_regression=0.1893, bbox_ctrness=0.6313
epoch 4/50 iter 1640/1860 loss=0.8468 mean_loss=0.9297 classification=0.1065, bbox_regression=0.1414, bbox_ctrness=0.5989
epoch 4/50 iter 1660/1860 loss=0.8149 mean_loss=0.9299 classification=0.0967, bbox_regression=0.1119, bbox_ctrness=0.6062
epoch 4/50 iter 1680/1860 loss=0.9329 mean_loss=0.9301 classification=0.1612, bbox_regression=0.1668, bbox_ctrness=0.6048
epoch 4/50 iter 1700/1860 loss=0.9435 mean_loss=0.9303 classification=0.1704, bbox_regression=0.1683, bbox_ctrness=0.6047
epoch 4/50 iter 1720/1860 loss=1.0052 mean_loss=0.9304 classification=0.2245, bbox_regression=0.1684, bbox_ctrness=0.6122
epoch 4/50 iter 1740/1860 loss=0.7852 mean_loss=0.9297 classification=0.0871, bbox_regression=0.1036, bbox_ctrness=0.5944
epoch 4/50 iter 1760/1860 loss=0.8118 mean_loss=0.9292 classification=0.0851, bbox_regression=0.1245, bbox_ctrness=0.6022
epoch 4/50 iter 1780/1860 loss=1.0928 mean_loss=0.9292 classification=0.2641, bbox_regression=0.2193, bbox_ctrness=0.6094
epoch 4/50 iter 1800/1860 loss=0.9714 mean_loss=0.9301 classification=0.1966, bbox_regression=0.1510, bbox_ctrness=0.6238
epoch 4/50 iter 1820/1860 loss=0.9827 mean_loss=0.9308 classification=0.1902, bbox_regression=0.1803, bbox_ctrness=0.6122
epoch 4/50 iter 1840/1860 loss=1.0039 mean_loss=0.9305 classification=0.2047, bbox_regression=0.1875, bbox_ctrness=0.6117
epoch 4/50 iter 1860/1860 loss=1.4970 mean_loss=0.9310 classification=0.5742, bbox_regression=0.3077, bbox_ctrness=0.6151
epoch 4 validation Precision=0.1166 Recall=0.9884 AP50=0.9394 AP75=0.7742 eval_fps=17.90 epoch_time_sec=876.5
saved checkpoint: E:\RepViT-main\runs\v48_complete_ablation\training\early_moddrop_seed1\weights\last.pt
new best AP50=0.9394; saved checkpoint: E:\RepViT-main\runs\v48_complete_ablation\training\early_moddrop_seed1\weights\best.pt
epoch 5/50 iter 1/1860 loss=0.9673 mean_loss=0.9673 classification=0.1764, bbox_regression=0.1657, bbox_ctrness=0.6251
epoch 5/50 iter 20/1860 loss=0.8768 mean_loss=0.9087 classification=0.1289, bbox_regression=0.1447, bbox_ctrness=0.6032
epoch 5/50 iter 40/1860 loss=1.0650 mean_loss=0.9003 classification=0.2463, bbox_regression=0.2132, bbox_ctrness=0.6055
epoch 5/50 iter 60/1860 loss=0.7910 mean_loss=0.8990 classification=0.0839, bbox_regression=0.1003, bbox_ctrness=0.6067
epoch 5/50 iter 80/1860 loss=0.8712 mean_loss=0.8964 classification=0.1128, bbox_regression=0.1450, bbox_ctrness=0.6133
epoch 5/50 iter 100/1860 loss=0.7907 mean_loss=0.9041 classification=0.0912, bbox_regression=0.1101, bbox_ctrness=0.5894
epoch 5/50 iter 120/1860 loss=0.8195 mean_loss=0.9005 classification=0.0781, bbox_regression=0.1164, bbox_ctrness=0.6250
epoch 5/50 iter 140/1860 loss=0.8688 mean_loss=0.9011 classification=0.1030, bbox_regression=0.1560, bbox_ctrness=0.6098
epoch 5/50 iter 160/1860 loss=0.8451 mean_loss=0.8975 classification=0.1041, bbox_regression=0.1149, bbox_ctrness=0.6261
epoch 5/50 iter 180/1860 loss=0.8884 mean_loss=0.8988 classification=0.1542, bbox_regression=0.1347, bbox_ctrness=0.5995
epoch 5/50 iter 200/1860 loss=0.7858 mean_loss=0.9001 classification=0.0748, bbox_regression=0.1108, bbox_ctrness=0.6002
epoch 5/50 iter 220/1860 loss=1.0635 mean_loss=0.9010 classification=0.2358, bbox_regression=0.1991, bbox_ctrness=0.6286
epoch 5/50 iter 240/1860 loss=0.7360 mean_loss=0.8972 classification=0.0447, bbox_regression=0.0885, bbox_ctrness=0.6028
epoch 5/50 iter 260/1860 loss=0.9296 mean_loss=0.9040 classification=0.1780, bbox_regression=0.1499, bbox_ctrness=0.6017
epoch 5/50 iter 280/1860 loss=0.9863 mean_loss=0.9027 classification=0.2379, bbox_regression=0.1429, bbox_ctrness=0.6056
epoch 5/50 iter 300/1860 loss=0.8326 mean_loss=0.9017 classification=0.1015, bbox_regression=0.1185, bbox_ctrness=0.6126
epoch 5/50 iter 320/1860 loss=1.3448 mean_loss=0.9028 classification=0.3761, bbox_regression=0.3275, bbox_ctrness=0.6412
epoch 5/50 iter 340/1860 loss=1.0760 mean_loss=0.9011 classification=0.2487, bbox_regression=0.2013, bbox_ctrness=0.6260
epoch 5/50 iter 360/1860 loss=0.8075 mean_loss=0.8997 classification=0.1040, bbox_regression=0.1136, bbox_ctrness=0.5899
epoch 5/50 iter 380/1860 loss=0.9026 mean_loss=0.8995 classification=0.1791, bbox_regression=0.0993, bbox_ctrness=0.6242
epoch 5/50 iter 400/1860 loss=0.9605 mean_loss=0.8973 classification=0.1896, bbox_regression=0.1708, bbox_ctrness=0.6001
epoch 5/50 iter 420/1860 loss=1.1449 mean_loss=0.8968 classification=0.2901, bbox_regression=0.2273, bbox_ctrness=0.6275
epoch 5/50 iter 440/1860 loss=1.0444 mean_loss=0.8967 classification=0.2329, bbox_regression=0.1982, bbox_ctrness=0.6134
epoch 5/50 iter 460/1860 loss=0.8055 mean_loss=0.8953 classification=0.0902, bbox_regression=0.1239, bbox_ctrness=0.5915
epoch 5/50 iter 480/1860 loss=0.9328 mean_loss=0.8968 classification=0.1915, bbox_regression=0.1545, bbox_ctrness=0.5869
epoch 5/50 iter 500/1860 loss=1.0060 mean_loss=0.8978 classification=0.2102, bbox_regression=0.1765, bbox_ctrness=0.6193
epoch 5/50 iter 520/1860 loss=1.1589 mean_loss=0.8998 classification=0.2966, bbox_regression=0.2554, bbox_ctrness=0.6069
epoch 5/50 iter 540/1860 loss=0.8003 mean_loss=0.9001 classification=0.0790, bbox_regression=0.1156, bbox_ctrness=0.6056
epoch 5/50 iter 560/1860 loss=1.0842 mean_loss=0.9006 classification=0.2504, bbox_regression=0.2045, bbox_ctrness=0.6293
epoch 5/50 iter 580/1860 loss=0.7502 mean_loss=0.8988 classification=0.0634, bbox_regression=0.0914, bbox_ctrness=0.5954
epoch 5/50 iter 600/1860 loss=0.8409 mean_loss=0.8970 classification=0.0817, bbox_regression=0.1451, bbox_ctrness=0.6141
epoch 5/50 iter 620/1860 loss=1.0135 mean_loss=0.8975 classification=0.2132, bbox_regression=0.1936, bbox_ctrness=0.6066
epoch 5/50 iter 640/1860 loss=0.8257 mean_loss=0.8970 classification=0.0806, bbox_regression=0.1319, bbox_ctrness=0.6132
epoch 5/50 iter 660/1860 loss=0.8305 mean_loss=0.8982 classification=0.1304, bbox_regression=0.1033, bbox_ctrness=0.5968
epoch 5/50 iter 680/1860 loss=0.9573 mean_loss=0.8992 classification=0.1817, bbox_regression=0.1632, bbox_ctrness=0.6124
epoch 5/50 iter 700/1860 loss=0.7868 mean_loss=0.8974 classification=0.0756, bbox_regression=0.1034, bbox_ctrness=0.6078
epoch 5/50 iter 720/1860 loss=0.9113 mean_loss=0.8972 classification=0.1459, bbox_regression=0.1523, bbox_ctrness=0.6131
epoch 5/50 iter 740/1860 loss=1.0363 mean_loss=0.8971 classification=0.1686, bbox_regression=0.2376, bbox_ctrness=0.6301
epoch 5/50 iter 760/1860 loss=0.7638 mean_loss=0.8972 classification=0.0766, bbox_regression=0.0922, bbox_ctrness=0.5950
epoch 5/50 iter 780/1860 loss=0.8616 mean_loss=0.8965 classification=0.0974, bbox_regression=0.1423, bbox_ctrness=0.6219
epoch 5/50 iter 800/1860 loss=0.9784 mean_loss=0.8977 classification=0.1883, bbox_regression=0.1709, bbox_ctrness=0.6191
epoch 5/50 iter 820/1860 loss=0.7676 mean_loss=0.8968 classification=0.0805, bbox_regression=0.0841, bbox_ctrness=0.6030
epoch 5/50 iter 840/1860 loss=0.8752 mean_loss=0.8954 classification=0.1062, bbox_regression=0.1548, bbox_ctrness=0.6142
epoch 5/50 iter 860/1860 loss=0.8373 mean_loss=0.8959 classification=0.1093, bbox_regression=0.1182, bbox_ctrness=0.6098
epoch 5/50 iter 880/1860 loss=0.8578 mean_loss=0.8962 classification=0.1065, bbox_regression=0.1336, bbox_ctrness=0.6176
epoch 5/50 iter 900/1860 loss=0.8120 mean_loss=0.8955 classification=0.0851, bbox_regression=0.1090, bbox_ctrness=0.6179
epoch 5/50 iter 920/1860 loss=1.1132 mean_loss=0.8967 classification=0.3055, bbox_regression=0.1982, bbox_ctrness=0.6095
epoch 5/50 iter 940/1860 loss=0.9609 mean_loss=0.8969 classification=0.1794, bbox_regression=0.1669, bbox_ctrness=0.6145
epoch 5/50 iter 960/1860 loss=1.2728 mean_loss=0.8971 classification=0.3977, bbox_regression=0.2535, bbox_ctrness=0.6216
epoch 5/50 iter 980/1860 loss=0.9075 mean_loss=0.8961 classification=0.1523, bbox_regression=0.1433, bbox_ctrness=0.6120
epoch 5/50 iter 1000/1860 loss=0.8931 mean_loss=0.8963 classification=0.1235, bbox_regression=0.1561, bbox_ctrness=0.6135
epoch 5/50 iter 1020/1860 loss=0.7780 mean_loss=0.8966 classification=0.0987, bbox_regression=0.0754, bbox_ctrness=0.6039
epoch 5/50 iter 1040/1860 loss=0.7886 mean_loss=0.8968 classification=0.0650, bbox_regression=0.1109, bbox_ctrness=0.6127
epoch 5/50 iter 1060/1860 loss=0.8009 mean_loss=0.8965 classification=0.0600, bbox_regression=0.1292, bbox_ctrness=0.6117
epoch 5/50 iter 1080/1860 loss=0.8155 mean_loss=0.8976 classification=0.0790, bbox_regression=0.1220, bbox_ctrness=0.6145
epoch 5/50 iter 1100/1860 loss=0.8093 mean_loss=0.8977 classification=0.0786, bbox_regression=0.1331, bbox_ctrness=0.5976
epoch 5/50 iter 1120/1860 loss=1.0765 mean_loss=0.8984 classification=0.2279, bbox_regression=0.2099, bbox_ctrness=0.6387
epoch 5/50 iter 1140/1860 loss=0.8243 mean_loss=0.8981 classification=0.1213, bbox_regression=0.1105, bbox_ctrness=0.5926
epoch 5/50 iter 1160/1860 loss=1.1226 mean_loss=0.8983 classification=0.2630, bbox_regression=0.2302, bbox_ctrness=0.6294
epoch 5/50 iter 1180/1860 loss=0.8087 mean_loss=0.8980 classification=0.1162, bbox_regression=0.1033, bbox_ctrness=0.5892
epoch 5/50 iter 1200/1860 loss=0.9701 mean_loss=0.8986 classification=0.2126, bbox_regression=0.1498, bbox_ctrness=0.6077
epoch 5/50 iter 1220/1860 loss=0.9168 mean_loss=0.8986 classification=0.1170, bbox_regression=0.1737, bbox_ctrness=0.6261
epoch 5/50 iter 1240/1860 loss=1.0213 mean_loss=0.8986 classification=0.1870, bbox_regression=0.2090, bbox_ctrness=0.6252
epoch 5/50 iter 1260/1860 loss=0.8195 mean_loss=0.8992 classification=0.0688, bbox_regression=0.1203, bbox_ctrness=0.6304
epoch 5/50 iter 1280/1860 loss=0.8568 mean_loss=0.8998 classification=0.0992, bbox_regression=0.1539, bbox_ctrness=0.6036
epoch 5/50 iter 1300/1860 loss=0.8276 mean_loss=0.8991 classification=0.0919, bbox_regression=0.1211, bbox_ctrness=0.6146
epoch 5/50 iter 1320/1860 loss=0.9847 mean_loss=0.8991 classification=0.2035, bbox_regression=0.1606, bbox_ctrness=0.6205
epoch 5/50 iter 1340/1860 loss=0.8469 mean_loss=0.8994 classification=0.1160, bbox_regression=0.1293, bbox_ctrness=0.6016
epoch 5/50 iter 1360/1860 loss=0.9264 mean_loss=0.8991 classification=0.1521, bbox_regression=0.1615, bbox_ctrness=0.6129
epoch 5/50 iter 1380/1860 loss=0.7995 mean_loss=0.8987 classification=0.0865, bbox_regression=0.1080, bbox_ctrness=0.6049
epoch 5/50 iter 1400/1860 loss=0.8299 mean_loss=0.8989 classification=0.0990, bbox_regression=0.1403, bbox_ctrness=0.5907
epoch 5/50 iter 1420/1860 loss=0.8487 mean_loss=0.8985 classification=0.1198, bbox_regression=0.1349, bbox_ctrness=0.5939
epoch 5/50 iter 1440/1860 loss=0.8192 mean_loss=0.8990 classification=0.1107, bbox_regression=0.1140, bbox_ctrness=0.5945
epoch 5/50 iter 1460/1860 loss=0.9797 mean_loss=0.8988 classification=0.1715, bbox_regression=0.1885, bbox_ctrness=0.6197
epoch 5/50 iter 1480/1860 loss=0.9581 mean_loss=0.8988 classification=0.1950, bbox_regression=0.1639, bbox_ctrness=0.5992
epoch 5/50 iter 1500/1860 loss=1.0491 mean_loss=0.8993 classification=0.2120, bbox_regression=0.2249, bbox_ctrness=0.6122
epoch 5/50 iter 1520/1860 loss=0.7915 mean_loss=0.8999 classification=0.0781, bbox_regression=0.1009, bbox_ctrness=0.6125
epoch 5/50 iter 1540/1860 loss=0.8934 mean_loss=0.8994 classification=0.1568, bbox_regression=0.1355, bbox_ctrness=0.6010
epoch 5/50 iter 1560/1860 loss=1.0946 mean_loss=0.8992 classification=0.2597, bbox_regression=0.2315, bbox_ctrness=0.6033
epoch 5/50 iter 1580/1860 loss=0.9759 mean_loss=0.8996 classification=0.2087, bbox_regression=0.1453, bbox_ctrness=0.6220
epoch 5/50 iter 1600/1860 loss=0.7865 mean_loss=0.8992 classification=0.0850, bbox_regression=0.0996, bbox_ctrness=0.6019
epoch 5/50 iter 1620/1860 loss=0.8110 mean_loss=0.8989 classification=0.0750, bbox_regression=0.1002, bbox_ctrness=0.6359
epoch 5/50 iter 1640/1860 loss=0.9991 mean_loss=0.8989 classification=0.1972, bbox_regression=0.1754, bbox_ctrness=0.6265
epoch 5/50 iter 1660/1860 loss=0.7838 mean_loss=0.8997 classification=0.0904, bbox_regression=0.1098, bbox_ctrness=0.5836
epoch 5/50 iter 1680/1860 loss=0.7900 mean_loss=0.8995 classification=0.0809, bbox_regression=0.1054, bbox_ctrness=0.6038
epoch 5/50 iter 1700/1860 loss=1.2181 mean_loss=0.8996 classification=0.3195, bbox_regression=0.2583, bbox_ctrness=0.6403
epoch 5/50 iter 1720/1860 loss=0.8905 mean_loss=0.8998 classification=0.1505, bbox_regression=0.1401, bbox_ctrness=0.6000
epoch 5/50 iter 1740/1860 loss=0.7883 mean_loss=0.8999 classification=0.0674, bbox_regression=0.0995, bbox_ctrness=0.6214
epoch 5/50 iter 1760/1860 loss=0.8693 mean_loss=0.8999 classification=0.1170, bbox_regression=0.1393, bbox_ctrness=0.6129
epoch 5/50 iter 1780/1860 loss=1.1833 mean_loss=0.8999 classification=0.2877, bbox_regression=0.2640, bbox_ctrness=0.6316
epoch 5/50 iter 1800/1860 loss=0.9877 mean_loss=0.9000 classification=0.1662, bbox_regression=0.1870, bbox_ctrness=0.6345
epoch 5/50 iter 1820/1860 loss=0.9220 mean_loss=0.8997 classification=0.1548, bbox_regression=0.1692, bbox_ctrness=0.5980
epoch 5/50 iter 1840/1860 loss=0.8967 mean_loss=0.8999 classification=0.1480, bbox_regression=0.1307, bbox_ctrness=0.6179
epoch 5/50 iter 1860/1860 loss=0.7660 mean_loss=0.8996 classification=0.0711, bbox_regression=0.1074, bbox_ctrness=0.5874
epoch 5 validation Precision=0.2251 Recall=0.9818 AP50=0.9442 AP75=0.8109 eval_fps=12.79 epoch_time_sec=1003.6
saved checkpoint: E:\RepViT-main\runs\v48_complete_ablation\training\early_moddrop_seed1\weights\last.pt
new best AP50=0.9442; saved checkpoint: E:\RepViT-main\runs\v48_complete_ablation\training\early_moddrop_seed1\weights\best.pt
epoch 6/50 iter 1/1860 loss=0.8736 mean_loss=0.8736 classification=0.1201, bbox_regression=0.1463, bbox_ctrness=0.6071
epoch 6/50 iter 20/1860 loss=0.9345 mean_loss=0.8431 classification=0.1632, bbox_regression=0.1551, bbox_ctrness=0.6162
epoch 6/50 iter 40/1860 loss=0.8235 mean_loss=0.9157 classification=0.1005, bbox_regression=0.1147, bbox_ctrness=0.6083
epoch 6/50 iter 60/1860 loss=0.8812 mean_loss=0.8965 classification=0.1315, bbox_regression=0.1388, bbox_ctrness=0.6109
epoch 6/50 iter 80/1860 loss=1.1131 mean_loss=0.8929 classification=0.2823, bbox_regression=0.1971, bbox_ctrness=0.6337
epoch 6/50 iter 100/1860 loss=1.5311 mean_loss=0.8976 classification=0.5408, bbox_regression=0.3501, bbox_ctrness=0.6402
epoch 6/50 iter 120/1860 loss=0.9466 mean_loss=0.8936 classification=0.1511, bbox_regression=0.1801, bbox_ctrness=0.6154
epoch 6/50 iter 140/1860 loss=0.8703 mean_loss=0.8936 classification=0.1252, bbox_regression=0.1229, bbox_ctrness=0.6222
epoch 6/50 iter 160/1860 loss=0.9727 mean_loss=0.8955 classification=0.1748, bbox_regression=0.1880, bbox_ctrness=0.6099
epoch 6/50 iter 180/1860 loss=0.9629 mean_loss=0.8908 classification=0.1881, bbox_regression=0.1581, bbox_ctrness=0.6166
epoch 6/50 iter 200/1860 loss=0.8301 mean_loss=0.8883 classification=0.1099, bbox_regression=0.1112, bbox_ctrness=0.6089
epoch 6/50 iter 220/1860 loss=0.7766 mean_loss=0.8914 classification=0.0883, bbox_regression=0.0954, bbox_ctrness=0.5929
epoch 6/50 iter 240/1860 loss=0.8882 mean_loss=0.8916 classification=0.1220, bbox_regression=0.1572, bbox_ctrness=0.6091
epoch 6/50 iter 260/1860 loss=0.9519 mean_loss=0.8894 classification=0.1639, bbox_regression=0.1695, bbox_ctrness=0.6185
epoch 6/50 iter 280/1860 loss=0.7571 mean_loss=0.8906 classification=0.0481, bbox_regression=0.0917, bbox_ctrness=0.6173
epoch 6/50 iter 300/1860 loss=0.9968 mean_loss=0.8881 classification=0.2318, bbox_regression=0.1578, bbox_ctrness=0.6072
epoch 6/50 iter 320/1860 loss=0.8341 mean_loss=0.8850 classification=0.0772, bbox_regression=0.1345, bbox_ctrness=0.6223
epoch 6/50 iter 340/1860 loss=0.7404 mean_loss=0.8840 classification=0.0502, bbox_regression=0.0943, bbox_ctrness=0.5959
epoch 6/50 iter 360/1860 loss=0.8309 mean_loss=0.8854 classification=0.1165, bbox_regression=0.1075, bbox_ctrness=0.6069
epoch 6/50 iter 380/1860 loss=0.7449 mean_loss=0.8853 classification=0.0318, bbox_regression=0.1033, bbox_ctrness=0.6098
epoch 6/50 iter 400/1860 loss=1.1041 mean_loss=0.8851 classification=0.2454, bbox_regression=0.2319, bbox_ctrness=0.6268
epoch 6/50 iter 420/1860 loss=0.7793 mean_loss=0.8840 classification=0.0827, bbox_regression=0.1032, bbox_ctrness=0.5935
epoch 6/50 iter 440/1860 loss=1.0132 mean_loss=0.8830 classification=0.2129, bbox_regression=0.1928, bbox_ctrness=0.6074
epoch 6/50 iter 460/1860 loss=0.8366 mean_loss=0.8835 classification=0.1022, bbox_regression=0.1200, bbox_ctrness=0.6144
epoch 6/50 iter 480/1860 loss=0.8038 mean_loss=0.8815 classification=0.0946, bbox_regression=0.1018, bbox_ctrness=0.6074
epoch 6/50 iter 500/1860 loss=0.7866 mean_loss=0.8837 classification=0.0764, bbox_regression=0.1021, bbox_ctrness=0.6081
epoch 6/50 iter 520/1860 loss=0.8156 mean_loss=0.8846 classification=0.1079, bbox_regression=0.0884, bbox_ctrness=0.6193
epoch 6/50 iter 540/1860 loss=1.0153 mean_loss=0.8838 classification=0.2155, bbox_regression=0.1811, bbox_ctrness=0.6188
epoch 6/50 iter 560/1860 loss=1.0244 mean_loss=0.8832 classification=0.2113, bbox_regression=0.2066, bbox_ctrness=0.6064
epoch 6/50 iter 580/1860 loss=0.7700 mean_loss=0.8833 classification=0.0621, bbox_regression=0.0917, bbox_ctrness=0.6162
epoch 6/50 iter 600/1860 loss=0.8712 mean_loss=0.8828 classification=0.1462, bbox_regression=0.1015, bbox_ctrness=0.6234
epoch 6/50 iter 620/1860 loss=0.8122 mean_loss=0.8826 classification=0.0767, bbox_regression=0.1284, bbox_ctrness=0.6071
epoch 6/50 iter 640/1860 loss=0.7739 mean_loss=0.8824 classification=0.0754, bbox_regression=0.1067, bbox_ctrness=0.5919
epoch 6/50 iter 660/1860 loss=0.8106 mean_loss=0.8822 classification=0.0780, bbox_regression=0.1156, bbox_ctrness=0.6170
epoch 6/50 iter 680/1860 loss=1.2515 mean_loss=0.8829 classification=0.3171, bbox_regression=0.2888, bbox_ctrness=0.6456
epoch 6/50 iter 700/1860 loss=0.7789 mean_loss=0.8830 classification=0.0801, bbox_regression=0.1068, bbox_ctrness=0.5920
epoch 6/50 iter 720/1860 loss=0.7727 mean_loss=0.8826 classification=0.0645, bbox_regression=0.0982, bbox_ctrness=0.6099
epoch 6/50 iter 740/1860 loss=0.8005 mean_loss=0.8819 classification=0.0954, bbox_regression=0.0945, bbox_ctrness=0.6106
epoch 6/50 iter 760/1860 loss=0.9351 mean_loss=0.8828 classification=0.1209, bbox_regression=0.1837, bbox_ctrness=0.6305
epoch 6/50 iter 780/1860 loss=0.8346 mean_loss=0.8843 classification=0.1194, bbox_regression=0.1146, bbox_ctrness=0.6006
epoch 6/50 iter 800/1860 loss=1.1545 mean_loss=0.8842 classification=0.3030, bbox_regression=0.2387, bbox_ctrness=0.6128
epoch 6/50 iter 820/1860 loss=0.8543 mean_loss=0.8837 classification=0.1222, bbox_regression=0.1281, bbox_ctrness=0.6040
epoch 6/50 iter 840/1860 loss=1.0640 mean_loss=0.8836 classification=0.1843, bbox_regression=0.2466, bbox_ctrness=0.6331
epoch 6/50 iter 860/1860 loss=1.2322 mean_loss=0.8845 classification=0.3476, bbox_regression=0.2678, bbox_ctrness=0.6168
epoch 6/50 iter 880/1860 loss=0.9360 mean_loss=0.8852 classification=0.1602, bbox_regression=0.1701, bbox_ctrness=0.6056
epoch 6/50 iter 900/1860 loss=0.8261 mean_loss=0.8858 classification=0.1158, bbox_regression=0.0979, bbox_ctrness=0.6125
epoch 6/50 iter 920/1860 loss=0.8910 mean_loss=0.8857 classification=0.1173, bbox_regression=0.1657, bbox_ctrness=0.6080
epoch 6/50 iter 940/1860 loss=0.9661 mean_loss=0.8855 classification=0.1664, bbox_regression=0.1766, bbox_ctrness=0.6231
epoch 6/50 iter 960/1860 loss=0.7879 mean_loss=0.8853 classification=0.0763, bbox_regression=0.1061, bbox_ctrness=0.6054
epoch 6/50 iter 980/1860 loss=0.7859 mean_loss=0.8870 classification=0.0989, bbox_regression=0.0791, bbox_ctrness=0.6079
epoch 6/50 iter 1000/1860 loss=0.9274 mean_loss=0.8873 classification=0.1594, bbox_regression=0.1443, bbox_ctrness=0.6237
epoch 6/50 iter 1020/1860 loss=0.8653 mean_loss=0.8865 classification=0.1353, bbox_regression=0.1195, bbox_ctrness=0.6105
epoch 6/50 iter 1040/1860 loss=0.8659 mean_loss=0.8860 classification=0.1376, bbox_regression=0.1400, bbox_ctrness=0.5883
epoch 6/50 iter 1060/1860 loss=1.3499 mean_loss=0.8862 classification=0.3853, bbox_regression=0.3074, bbox_ctrness=0.6571
epoch 6/50 iter 1080/1860 loss=0.7883 mean_loss=0.8857 classification=0.0521, bbox_regression=0.1109, bbox_ctrness=0.6254
epoch 6/50 iter 1100/1860 loss=0.9174 mean_loss=0.8851 classification=0.1706, bbox_regression=0.1378, bbox_ctrness=0.6090
epoch 6/50 iter 1120/1860 loss=0.7207 mean_loss=0.8846 classification=0.0253, bbox_regression=0.0812, bbox_ctrness=0.6142
epoch 6/50 iter 1140/1860 loss=0.7466 mean_loss=0.8838 classification=0.0714, bbox_regression=0.0863, bbox_ctrness=0.5889
epoch 6/50 iter 1160/1860 loss=0.9204 mean_loss=0.8853 classification=0.1676, bbox_regression=0.1350, bbox_ctrness=0.6178
epoch 6/50 iter 1180/1860 loss=0.8321 mean_loss=0.8848 classification=0.0992, bbox_regression=0.1363, bbox_ctrness=0.5966
epoch 6/50 iter 1200/1860 loss=0.8002 mean_loss=0.8842 classification=0.0857, bbox_regression=0.1065, bbox_ctrness=0.6081
epoch 6/50 iter 1220/1860 loss=0.8828 mean_loss=0.8845 classification=0.1501, bbox_regression=0.1335, bbox_ctrness=0.5991
epoch 6/50 iter 1240/1860 loss=1.2575 mean_loss=0.8846 classification=0.3417, bbox_regression=0.3019, bbox_ctrness=0.6138
epoch 6/50 iter 1260/1860 loss=0.8086 mean_loss=0.8839 classification=0.0976, bbox_regression=0.1025, bbox_ctrness=0.6085
epoch 6/50 iter 1280/1860 loss=0.8350 mean_loss=0.8840 classification=0.1050, bbox_regression=0.1267, bbox_ctrness=0.6033
epoch 6/50 iter 1300/1860 loss=0.8166 mean_loss=0.8835 classification=0.0979, bbox_regression=0.1196, bbox_ctrness=0.5990
epoch 6/50 iter 1320/1860 loss=0.7687 mean_loss=0.8831 classification=0.0781, bbox_regression=0.0892, bbox_ctrness=0.6014
epoch 6/50 iter 1340/1860 loss=0.8709 mean_loss=0.8833 classification=0.1245, bbox_regression=0.1392, bbox_ctrness=0.6071
epoch 6/50 iter 1360/1860 loss=0.9012 mean_loss=0.8832 classification=0.1348, bbox_regression=0.1569, bbox_ctrness=0.6094
epoch 6/50 iter 1380/1860 loss=0.7492 mean_loss=0.8824 classification=0.0632, bbox_regression=0.0924, bbox_ctrness=0.5936
epoch 6/50 iter 1400/1860 loss=0.9024 mean_loss=0.8822 classification=0.1561, bbox_regression=0.1361, bbox_ctrness=0.6102
epoch 6/50 iter 1420/1860 loss=0.8729 mean_loss=0.8825 classification=0.1380, bbox_regression=0.1241, bbox_ctrness=0.6108
epoch 6/50 iter 1440/1860 loss=0.8480 mean_loss=0.8816 classification=0.1181, bbox_regression=0.1063, bbox_ctrness=0.6237
epoch 6/50 iter 1460/1860 loss=1.1519 mean_loss=0.8821 classification=0.3063, bbox_regression=0.2291, bbox_ctrness=0.6165
epoch 6/50 iter 1480/1860 loss=0.8877 mean_loss=0.8825 classification=0.1452, bbox_regression=0.1169, bbox_ctrness=0.6257
epoch 6/50 iter 1500/1860 loss=0.8442 mean_loss=0.8821 classification=0.0915, bbox_regression=0.1554, bbox_ctrness=0.5974
epoch 6/50 iter 1520/1860 loss=0.7930 mean_loss=0.8820 classification=0.0871, bbox_regression=0.1085, bbox_ctrness=0.5975
epoch 6/50 iter 1540/1860 loss=0.7599 mean_loss=0.8817 classification=0.0698, bbox_regression=0.1006, bbox_ctrness=0.5895
epoch 6/50 iter 1560/1860 loss=0.9369 mean_loss=0.8816 classification=0.1806, bbox_regression=0.1595, bbox_ctrness=0.5968
epoch 6/50 iter 1580/1860 loss=0.8288 mean_loss=0.8815 classification=0.0870, bbox_regression=0.1164, bbox_ctrness=0.6254
epoch 6/50 iter 1600/1860 loss=1.1555 mean_loss=0.8821 classification=0.3308, bbox_regression=0.2019, bbox_ctrness=0.6228
epoch 6/50 iter 1620/1860 loss=0.8164 mean_loss=0.8819 classification=0.0948, bbox_regression=0.1296, bbox_ctrness=0.5920
epoch 6/50 iter 1640/1860 loss=0.8925 mean_loss=0.8815 classification=0.1433, bbox_regression=0.1377, bbox_ctrness=0.6116
epoch 6/50 iter 1660/1860 loss=0.8682 mean_loss=0.8818 classification=0.1348, bbox_regression=0.1273, bbox_ctrness=0.6062
epoch 6/50 iter 1680/1860 loss=0.9106 mean_loss=0.8816 classification=0.1250, bbox_regression=0.1590, bbox_ctrness=0.6266
epoch 6/50 iter 1700/1860 loss=0.9651 mean_loss=0.8816 classification=0.1701, bbox_regression=0.1775, bbox_ctrness=0.6175
epoch 6/50 iter 1720/1860 loss=0.8580 mean_loss=0.8820 classification=0.1281, bbox_regression=0.1282, bbox_ctrness=0.6017
epoch 6/50 iter 1740/1860 loss=1.4301 mean_loss=0.8819 classification=0.4872, bbox_regression=0.3059, bbox_ctrness=0.6371
epoch 6/50 iter 1760/1860 loss=0.9009 mean_loss=0.8814 classification=0.1492, bbox_regression=0.1590, bbox_ctrness=0.5927
epoch 6/50 iter 1780/1860 loss=0.8447 mean_loss=0.8809 classification=0.0929, bbox_regression=0.1404, bbox_ctrness=0.6115
epoch 6/50 iter 1800/1860 loss=0.8554 mean_loss=0.8804 classification=0.0981, bbox_regression=0.1511, bbox_ctrness=0.6062
epoch 6/50 iter 1820/1860 loss=0.9132 mean_loss=0.8802 classification=0.1707, bbox_regression=0.1357, bbox_ctrness=0.6067
epoch 6/50 iter 1840/1860 loss=0.8102 mean_loss=0.8801 classification=0.0812, bbox_regression=0.1176, bbox_ctrness=0.6115
epoch 6/50 iter 1860/1860 loss=0.7875 mean_loss=0.8798 classification=0.0881, bbox_regression=0.1074, bbox_ctrness=0.5920
epoch 6 validation Precision=0.2196 Recall=0.9813 AP50=0.9391 AP75=0.7987 eval_fps=22.09 epoch_time_sec=878.0
saved checkpoint: E:\RepViT-main\runs\v48_complete_ablation\training\early_moddrop_seed1\weights\last.pt
epoch 7/50 iter 1/1860 loss=0.8570 mean_loss=0.8570 classification=0.1184, bbox_regression=0.1347, bbox_ctrness=0.6039
epoch 7/50 iter 20/1860 loss=0.7855 mean_loss=0.8525 classification=0.0739, bbox_regression=0.1093, bbox_ctrness=0.6023
epoch 7/50 iter 40/1860 loss=1.3456 mean_loss=0.8780 classification=0.4022, bbox_regression=0.3034, bbox_ctrness=0.6400
epoch 7/50 iter 60/1860 loss=0.7597 mean_loss=0.8643 classification=0.0790, bbox_regression=0.0848, bbox_ctrness=0.5959
epoch 7/50 iter 80/1860 loss=0.8555 mean_loss=0.8710 classification=0.1242, bbox_regression=0.1270, bbox_ctrness=0.6043
epoch 7/50 iter 100/1860 loss=0.7975 mean_loss=0.8726 classification=0.1133, bbox_regression=0.0923, bbox_ctrness=0.5919
epoch 7/50 iter 120/1860 loss=1.4025 mean_loss=0.8712 classification=0.4177, bbox_regression=0.3826, bbox_ctrness=0.6022
epoch 7/50 iter 140/1860 loss=0.7957 mean_loss=0.8706 classification=0.0628, bbox_regression=0.1234, bbox_ctrness=0.6095
epoch 7/50 iter 160/1860 loss=0.8359 mean_loss=0.8658 classification=0.1101, bbox_regression=0.1190, bbox_ctrness=0.6067
epoch 7/50 iter 180/1860 loss=0.7771 mean_loss=0.8705 classification=0.0788, bbox_regression=0.0936, bbox_ctrness=0.6047
epoch 7/50 iter 200/1860 loss=0.8202 mean_loss=0.8661 classification=0.1055, bbox_regression=0.1122, bbox_ctrness=0.6026
epoch 7/50 iter 220/1860 loss=0.8890 mean_loss=0.8624 classification=0.1594, bbox_regression=0.1296, bbox_ctrness=0.6000
epoch 7/50 iter 240/1860 loss=0.8447 mean_loss=0.8609 classification=0.1210, bbox_regression=0.1139, bbox_ctrness=0.6098
epoch 7/50 iter 260/1860 loss=0.7856 mean_loss=0.8610 classification=0.0953, bbox_regression=0.1059, bbox_ctrness=0.5843
epoch 7/50 iter 280/1860 loss=0.7654 mean_loss=0.8585 classification=0.0553, bbox_regression=0.0933, bbox_ctrness=0.6168
epoch 7/50 iter 300/1860 loss=0.7467 mean_loss=0.8570 classification=0.0658, bbox_regression=0.0847, bbox_ctrness=0.5961
epoch 7/50 iter 320/1860 loss=0.7795 mean_loss=0.8590 classification=0.0926, bbox_regression=0.0915, bbox_ctrness=0.5953
epoch 7/50 iter 340/1860 loss=0.8120 mean_loss=0.8564 classification=0.0909, bbox_regression=0.1057, bbox_ctrness=0.6154
epoch 7/50 iter 360/1860 loss=0.8986 mean_loss=0.8573 classification=0.1297, bbox_regression=0.1505, bbox_ctrness=0.6184
epoch 7/50 iter 380/1860 loss=0.8535 mean_loss=0.8572 classification=0.1440, bbox_regression=0.0979, bbox_ctrness=0.6115
epoch 7/50 iter 400/1860 loss=0.7998 mean_loss=0.8598 classification=0.0911, bbox_regression=0.0955, bbox_ctrness=0.6132
epoch 7/50 iter 420/1860 loss=0.7587 mean_loss=0.8580 classification=0.0650, bbox_regression=0.0825, bbox_ctrness=0.6113
epoch 7/50 iter 440/1860 loss=0.7478 mean_loss=0.8592 classification=0.0621, bbox_regression=0.0828, bbox_ctrness=0.6029
epoch 7/50 iter 460/1860 loss=0.8688 mean_loss=0.8605 classification=0.1094, bbox_regression=0.1349, bbox_ctrness=0.6245
epoch 7/50 iter 480/1860 loss=0.8195 mean_loss=0.8590 classification=0.1060, bbox_regression=0.1101, bbox_ctrness=0.6034
epoch 7/50 iter 500/1860 loss=0.8111 mean_loss=0.8606 classification=0.0969, bbox_regression=0.1047, bbox_ctrness=0.6094
epoch 7/50 iter 520/1860 loss=1.2180 mean_loss=0.8612 classification=0.3059, bbox_regression=0.2845, bbox_ctrness=0.6276
epoch 7/50 iter 540/1860 loss=1.0271 mean_loss=0.8619 classification=0.2136, bbox_regression=0.1967, bbox_ctrness=0.6168
epoch 7/50 iter 560/1860 loss=0.8348 mean_loss=0.8638 classification=0.1032, bbox_regression=0.1300, bbox_ctrness=0.6016
epoch 7/50 iter 580/1860 loss=0.7762 mean_loss=0.8626 classification=0.0266, bbox_regression=0.1227, bbox_ctrness=0.6269
epoch 7/50 iter 600/1860 loss=0.7644 mean_loss=0.8638 classification=0.0818, bbox_regression=0.0883, bbox_ctrness=0.5943
epoch 7/50 iter 620/1860 loss=0.7786 mean_loss=0.8631 classification=0.0569, bbox_regression=0.1095, bbox_ctrness=0.6122
epoch 7/50 iter 640/1860 loss=0.8010 mean_loss=0.8628 classification=0.0724, bbox_regression=0.1230, bbox_ctrness=0.6056
epoch 7/50 iter 660/1860 loss=0.8294 mean_loss=0.8640 classification=0.0797, bbox_regression=0.1196, bbox_ctrness=0.6301
epoch 7/50 iter 680/1860 loss=0.7858 mean_loss=0.8643 classification=0.0759, bbox_regression=0.1009, bbox_ctrness=0.6090
epoch 7/50 iter 700/1860 loss=0.8277 mean_loss=0.8630 classification=0.0989, bbox_regression=0.1130, bbox_ctrness=0.6158
epoch 7/50 iter 720/1860 loss=0.7646 mean_loss=0.8626 classification=0.0551, bbox_regression=0.0987, bbox_ctrness=0.6108
epoch 7/50 iter 740/1860 loss=0.7310 mean_loss=0.8626 classification=0.0373, bbox_regression=0.0819, bbox_ctrness=0.6118
epoch 7/50 iter 760/1860 loss=0.8003 mean_loss=0.8622 classification=0.0827, bbox_regression=0.1260, bbox_ctrness=0.5915
epoch 7/50 iter 780/1860 loss=0.7929 mean_loss=0.8619 classification=0.0751, bbox_regression=0.0928, bbox_ctrness=0.6250
epoch 7/50 iter 800/1860 loss=0.7869 mean_loss=0.8627 classification=0.0683, bbox_regression=0.0928, bbox_ctrness=0.6258
epoch 7/50 iter 820/1860 loss=0.7393 mean_loss=0.8613 classification=0.0299, bbox_regression=0.1014, bbox_ctrness=0.6080
epoch 7/50 iter 840/1860 loss=0.7824 mean_loss=0.8610 classification=0.0636, bbox_regression=0.1209, bbox_ctrness=0.5979
epoch 7/50 iter 860/1860 loss=0.8483 mean_loss=0.8609 classification=0.1407, bbox_regression=0.0983, bbox_ctrness=0.6093
epoch 7/50 iter 880/1860 loss=0.8160 mean_loss=0.8608 classification=0.0896, bbox_regression=0.1143, bbox_ctrness=0.6121
epoch 7/50 iter 900/1860 loss=0.8122 mean_loss=0.8617 classification=0.0952, bbox_regression=0.1052, bbox_ctrness=0.6117
epoch 7/50 iter 920/1860 loss=0.9742 mean_loss=0.8617 classification=0.1610, bbox_regression=0.1943, bbox_ctrness=0.6189
epoch 7/50 iter 940/1860 loss=0.8053 mean_loss=0.8616 classification=0.0878, bbox_regression=0.1143, bbox_ctrness=0.6032
epoch 7/50 iter 960/1860 loss=0.8620 mean_loss=0.8617 classification=0.1287, bbox_regression=0.1460, bbox_ctrness=0.5873
epoch 7/50 iter 980/1860 loss=0.7635 mean_loss=0.8614 classification=0.0683, bbox_regression=0.0995, bbox_ctrness=0.5957
epoch 7/50 iter 1000/1860 loss=0.8781 mean_loss=0.8615 classification=0.1428, bbox_regression=0.1431, bbox_ctrness=0.5921
epoch 7/50 iter 1020/1860 loss=0.7700 mean_loss=0.8611 classification=0.0696, bbox_regression=0.1022, bbox_ctrness=0.5982
epoch 7/50 iter 1040/1860 loss=0.8108 mean_loss=0.8608 classification=0.0865, bbox_regression=0.1053, bbox_ctrness=0.6191
epoch 7/50 iter 1060/1860 loss=0.8933 mean_loss=0.8615 classification=0.1524, bbox_regression=0.1280, bbox_ctrness=0.6129
epoch 7/50 iter 1080/1860 loss=0.8382 mean_loss=0.8611 classification=0.1147, bbox_regression=0.1130, bbox_ctrness=0.6105
epoch 7/50 iter 1100/1860 loss=0.7452 mean_loss=0.8611 classification=0.0602, bbox_regression=0.0919, bbox_ctrness=0.5931
epoch 7/50 iter 1120/1860 loss=0.9303 mean_loss=0.8610 classification=0.1597, bbox_regression=0.1461, bbox_ctrness=0.6245
epoch 7/50 iter 1140/1860 loss=0.7422 mean_loss=0.8609 classification=0.0711, bbox_regression=0.0834, bbox_ctrness=0.5877
epoch 7/50 iter 1160/1860 loss=0.8231 mean_loss=0.8607 classification=0.0748, bbox_regression=0.1414, bbox_ctrness=0.6069
epoch 7/50 iter 1180/1860 loss=0.8231 mean_loss=0.8595 classification=0.0710, bbox_regression=0.1498, bbox_ctrness=0.6022
epoch 7/50 iter 1200/1860 loss=0.8324 mean_loss=0.8596 classification=0.1333, bbox_regression=0.0908, bbox_ctrness=0.6083
epoch 7/50 iter 1220/1860 loss=0.9406 mean_loss=0.8593 classification=0.1584, bbox_regression=0.1587, bbox_ctrness=0.6236
epoch 7/50 iter 1240/1860 loss=1.0232 mean_loss=0.8591 classification=0.2019, bbox_regression=0.1902, bbox_ctrness=0.6311
epoch 7/50 iter 1260/1860 loss=0.7754 mean_loss=0.8592 classification=0.0729, bbox_regression=0.1087, bbox_ctrness=0.5938
epoch 7/50 iter 1280/1860 loss=0.9858 mean_loss=0.8589 classification=0.2064, bbox_regression=0.1686, bbox_ctrness=0.6109
epoch 7/50 iter 1300/1860 loss=0.8104 mean_loss=0.8586 classification=0.0863, bbox_regression=0.1215, bbox_ctrness=0.6026
epoch 7/50 iter 1320/1860 loss=0.7951 mean_loss=0.8583 classification=0.0635, bbox_regression=0.1142, bbox_ctrness=0.6174
epoch 7/50 iter 1340/1860 loss=0.9600 mean_loss=0.8580 classification=0.2069, bbox_regression=0.1453, bbox_ctrness=0.6078
epoch 7/50 iter 1360/1860 loss=1.0325 mean_loss=0.8585 classification=0.2406, bbox_regression=0.1913, bbox_ctrness=0.6006
epoch 7/50 iter 1380/1860 loss=0.8391 mean_loss=0.8589 classification=0.1052, bbox_regression=0.1363, bbox_ctrness=0.5977
epoch 7/50 iter 1400/1860 loss=0.8669 mean_loss=0.8585 classification=0.1396, bbox_regression=0.1280, bbox_ctrness=0.5994
epoch 7/50 iter 1420/1860 loss=0.7278 mean_loss=0.8582 classification=0.0624, bbox_regression=0.0738, bbox_ctrness=0.5916
epoch 7/50 iter 1440/1860 loss=1.1264 mean_loss=0.8581 classification=0.3091, bbox_regression=0.1965, bbox_ctrness=0.6209
epoch 7/50 iter 1460/1860 loss=0.8906 mean_loss=0.8579 classification=0.1690, bbox_regression=0.1048, bbox_ctrness=0.6168
epoch 7/50 iter 1480/1860 loss=0.8362 mean_loss=0.8580 classification=0.1241, bbox_regression=0.1009, bbox_ctrness=0.6111
epoch 7/50 iter 1500/1860 loss=1.0330 mean_loss=0.8585 classification=0.2037, bbox_regression=0.1971, bbox_ctrness=0.6323
epoch 7/50 iter 1520/1860 loss=0.7770 mean_loss=0.8578 classification=0.0701, bbox_regression=0.1076, bbox_ctrness=0.5993
epoch 7/50 iter 1540/1860 loss=0.9304 mean_loss=0.8572 classification=0.1326, bbox_regression=0.1804, bbox_ctrness=0.6174
epoch 7/50 iter 1560/1860 loss=0.7975 mean_loss=0.8576 classification=0.0739, bbox_regression=0.1149, bbox_ctrness=0.6087
epoch 7/50 iter 1580/1860 loss=0.8083 mean_loss=0.8578 classification=0.1140, bbox_regression=0.1009, bbox_ctrness=0.5934
epoch 7/50 iter 1600/1860 loss=0.8768 mean_loss=0.8579 classification=0.1040, bbox_regression=0.1553, bbox_ctrness=0.6174
epoch 7/50 iter 1620/1860 loss=0.8282 mean_loss=0.8578 classification=0.1160, bbox_regression=0.1269, bbox_ctrness=0.5853
epoch 7/50 iter 1640/1860 loss=0.8741 mean_loss=0.8581 classification=0.1353, bbox_regression=0.1324, bbox_ctrness=0.6064
epoch 7/50 iter 1660/1860 loss=0.7533 mean_loss=0.8583 classification=0.0603, bbox_regression=0.0984, bbox_ctrness=0.5946
epoch 7/50 iter 1680/1860 loss=0.8523 mean_loss=0.8585 classification=0.0880, bbox_regression=0.1416, bbox_ctrness=0.6227
epoch 7/50 iter 1700/1860 loss=0.8486 mean_loss=0.8585 classification=0.1051, bbox_regression=0.1360, bbox_ctrness=0.6074
epoch 7/50 iter 1720/1860 loss=0.7446 mean_loss=0.8580 classification=0.0615, bbox_regression=0.0797, bbox_ctrness=0.6034
epoch 7/50 iter 1740/1860 loss=0.7506 mean_loss=0.8579 classification=0.0529, bbox_regression=0.0964, bbox_ctrness=0.6013
epoch 7/50 iter 1760/1860 loss=0.7829 mean_loss=0.8580 classification=0.0643, bbox_regression=0.1113, bbox_ctrness=0.6073
epoch 7/50 iter 1780/1860 loss=0.9843 mean_loss=0.8583 classification=0.1953, bbox_regression=0.1743, bbox_ctrness=0.6147
epoch 7/50 iter 1800/1860 loss=1.0451 mean_loss=0.8592 classification=0.2395, bbox_regression=0.1900, bbox_ctrness=0.6156
epoch 7/50 iter 1820/1860 loss=0.9880 mean_loss=0.8594 classification=0.1737, bbox_regression=0.1756, bbox_ctrness=0.6387
epoch 7/50 iter 1840/1860 loss=0.7527 mean_loss=0.8593 classification=0.0537, bbox_regression=0.0759, bbox_ctrness=0.6232
epoch 7/50 iter 1860/1860 loss=0.7874 mean_loss=0.8591 classification=0.0606, bbox_regression=0.1131, bbox_ctrness=0.6136
epoch 7 validation Precision=0.2353 Recall=0.9801 AP50=0.9416 AP75=0.8167 eval_fps=13.97 epoch_time_sec=932.3
saved checkpoint: E:\RepViT-main\runs\v48_complete_ablation\training\early_moddrop_seed1\weights\last.pt
epoch 8/50 iter 1/1860 loss=0.9197 mean_loss=0.9197 classification=0.1936, bbox_regression=0.1180, bbox_ctrness=0.6082
epoch 8/50 iter 20/1860 loss=0.7328 mean_loss=0.8412 classification=0.0571, bbox_regression=0.0839, bbox_ctrness=0.5917
epoch 8/50 iter 40/1860 loss=0.7360 mean_loss=0.8588 classification=0.0703, bbox_regression=0.0735, bbox_ctrness=0.5922
epoch 8/50 iter 60/1860 loss=0.9270 mean_loss=0.8496 classification=0.1366, bbox_regression=0.1676, bbox_ctrness=0.6228
epoch 8/50 iter 80/1860 loss=0.7473 mean_loss=0.8435 classification=0.0565, bbox_regression=0.0928, bbox_ctrness=0.5979
epoch 8/50 iter 100/1860 loss=0.8749 mean_loss=0.8445 classification=0.1445, bbox_regression=0.1205, bbox_ctrness=0.6099
epoch 8/50 iter 120/1860 loss=0.8772 mean_loss=0.8486 classification=0.1334, bbox_regression=0.1284, bbox_ctrness=0.6155
epoch 8/50 iter 140/1860 loss=0.8480 mean_loss=0.8392 classification=0.1019, bbox_regression=0.1314, bbox_ctrness=0.6147
epoch 8/50 iter 160/1860 loss=0.7552 mean_loss=0.8355 classification=0.0568, bbox_regression=0.1017, bbox_ctrness=0.5967
epoch 8/50 iter 180/1860 loss=0.7481 mean_loss=0.8357 classification=0.0584, bbox_regression=0.0847, bbox_ctrness=0.6050
epoch 8/50 iter 200/1860 loss=0.7412 mean_loss=0.8355 classification=0.0411, bbox_regression=0.0848, bbox_ctrness=0.6153
epoch 8/50 iter 220/1860 loss=0.8497 mean_loss=0.8345 classification=0.1067, bbox_regression=0.1328, bbox_ctrness=0.6102
epoch 8/50 iter 240/1860 loss=0.8245 mean_loss=0.8344 classification=0.1011, bbox_regression=0.1045, bbox_ctrness=0.6189
epoch 8/50 iter 260/1860 loss=0.8298 mean_loss=0.8382 classification=0.0979, bbox_regression=0.1234, bbox_ctrness=0.6085
epoch 8/50 iter 280/1860 loss=0.9915 mean_loss=0.8401 classification=0.2380, bbox_regression=0.1522, bbox_ctrness=0.6013
epoch 8/50 iter 300/1860 loss=0.9067 mean_loss=0.8424 classification=0.1159, bbox_regression=0.1787, bbox_ctrness=0.6121
epoch 8/50 iter 320/1860 loss=0.8291 mean_loss=0.8453 classification=0.1179, bbox_regression=0.1087, bbox_ctrness=0.6025
epoch 8/50 iter 340/1860 loss=0.8329 mean_loss=0.8481 classification=0.1135, bbox_regression=0.1094, bbox_ctrness=0.6099
epoch 8/50 iter 360/1860 loss=0.7442 mean_loss=0.8469 classification=0.0438, bbox_regression=0.0981, bbox_ctrness=0.6023
epoch 8/50 iter 380/1860 loss=0.7739 mean_loss=0.8470 classification=0.0610, bbox_regression=0.0888, bbox_ctrness=0.6240
epoch 8/50 iter 400/1860 loss=1.0570 mean_loss=0.8453 classification=0.3153, bbox_regression=0.1494, bbox_ctrness=0.5923
epoch 8/50 iter 420/1860 loss=0.7890 mean_loss=0.8463 classification=0.0753, bbox_regression=0.1016, bbox_ctrness=0.6121
epoch 8/50 iter 440/1860 loss=1.1675 mean_loss=0.8464 classification=0.2798, bbox_regression=0.2593, bbox_ctrness=0.6285
epoch 8/50 iter 460/1860 loss=0.8278 mean_loss=0.8484 classification=0.1039, bbox_regression=0.1075, bbox_ctrness=0.6163
epoch 8/50 iter 480/1860 loss=0.8682 mean_loss=0.8483 classification=0.1269, bbox_regression=0.1171, bbox_ctrness=0.6242
epoch 8/50 iter 500/1860 loss=0.8528 mean_loss=0.8472 classification=0.1043, bbox_regression=0.1336, bbox_ctrness=0.6150
epoch 8/50 iter 520/1860 loss=0.7675 mean_loss=0.8455 classification=0.0459, bbox_regression=0.0981, bbox_ctrness=0.6235
epoch 8/50 iter 540/1860 loss=0.8193 mean_loss=0.8449 classification=0.0956, bbox_regression=0.1079, bbox_ctrness=0.6158
epoch 8/50 iter 560/1860 loss=0.7773 mean_loss=0.8449 classification=0.0695, bbox_regression=0.1045, bbox_ctrness=0.6033
epoch 8/50 iter 580/1860 loss=0.8361 mean_loss=0.8445 classification=0.1313, bbox_regression=0.1126, bbox_ctrness=0.5922
epoch 8/50 iter 600/1860 loss=0.7310 mean_loss=0.8435 classification=0.0682, bbox_regression=0.0764, bbox_ctrness=0.5865
epoch 8/50 iter 620/1860 loss=1.1458 mean_loss=0.8436 classification=0.3130, bbox_regression=0.2160, bbox_ctrness=0.6168
epoch 8/50 iter 640/1860 loss=0.8287 mean_loss=0.8440 classification=0.0899, bbox_regression=0.1196, bbox_ctrness=0.6193
epoch 8/50 iter 660/1860 loss=0.7630 mean_loss=0.8431 classification=0.0811, bbox_regression=0.0957, bbox_ctrness=0.5862
epoch 8/50 iter 680/1860 loss=1.1469 mean_loss=0.8429 classification=0.3059, bbox_regression=0.2321, bbox_ctrness=0.6089
epoch 8/50 iter 700/1860 loss=0.8428 mean_loss=0.8435 classification=0.0979, bbox_regression=0.1305, bbox_ctrness=0.6143
epoch 8/50 iter 720/1860 loss=0.8934 mean_loss=0.8444 classification=0.1590, bbox_regression=0.1143, bbox_ctrness=0.6201
epoch 8/50 iter 740/1860 loss=0.7015 mean_loss=0.8434 classification=0.0262, bbox_regression=0.0746, bbox_ctrness=0.6007
epoch 8/50 iter 760/1860 loss=0.7113 mean_loss=0.8429 classification=0.0749, bbox_regression=0.0588, bbox_ctrness=0.5776
epoch 8/50 iter 780/1860 loss=0.8547 mean_loss=0.8431 classification=0.1300, bbox_regression=0.1282, bbox_ctrness=0.5965
epoch 8/50 iter 800/1860 loss=0.8141 mean_loss=0.8422 classification=0.1164, bbox_regression=0.1000, bbox_ctrness=0.5978
epoch 8/50 iter 820/1860 loss=0.7547 mean_loss=0.8416 classification=0.0535, bbox_regression=0.1054, bbox_ctrness=0.5958
epoch 8/50 iter 840/1860 loss=0.7289 mean_loss=0.8420 classification=0.0483, bbox_regression=0.0763, bbox_ctrness=0.6043
epoch 8/50 iter 860/1860 loss=0.8425 mean_loss=0.8416 classification=0.1166, bbox_regression=0.1284, bbox_ctrness=0.5974
epoch 8/50 iter 880/1860 loss=0.7560 mean_loss=0.8407 classification=0.0576, bbox_regression=0.0817, bbox_ctrness=0.6168
epoch 8/50 iter 900/1860 loss=0.7948 mean_loss=0.8408 classification=0.1037, bbox_regression=0.0908, bbox_ctrness=0.6003
epoch 8/50 iter 920/1860 loss=0.7500 mean_loss=0.8404 classification=0.0693, bbox_regression=0.0804, bbox_ctrness=0.6003
epoch 8/50 iter 940/1860 loss=0.7700 mean_loss=0.8413 classification=0.0893, bbox_regression=0.0717, bbox_ctrness=0.6090
epoch 8/50 iter 960/1860 loss=1.1284 mean_loss=0.8412 classification=0.2834, bbox_regression=0.2218, bbox_ctrness=0.6232
epoch 8/50 iter 980/1860 loss=0.9965 mean_loss=0.8410 classification=0.2440, bbox_regression=0.1432, bbox_ctrness=0.6094
epoch 8/50 iter 1000/1860 loss=1.0824 mean_loss=0.8418 classification=0.2847, bbox_regression=0.1977, bbox_ctrness=0.5999
epoch 8/50 iter 1020/1860 loss=0.7227 mean_loss=0.8413 classification=0.0603, bbox_regression=0.0634, bbox_ctrness=0.5991
epoch 8/50 iter 1040/1860 loss=0.8085 mean_loss=0.8415 classification=0.0795, bbox_regression=0.1369, bbox_ctrness=0.5921
epoch 8/50 iter 1060/1860 loss=0.8831 mean_loss=0.8411 classification=0.1335, bbox_regression=0.1524, bbox_ctrness=0.5972
epoch 8/50 iter 1080/1860 loss=0.8128 mean_loss=0.8410 classification=0.0982, bbox_regression=0.1095, bbox_ctrness=0.6050
epoch 8/50 iter 1100/1860 loss=0.8220 mean_loss=0.8413 classification=0.0964, bbox_regression=0.1244, bbox_ctrness=0.6012
epoch 8/50 iter 1120/1860 loss=0.9689 mean_loss=0.8406 classification=0.2095, bbox_regression=0.1509, bbox_ctrness=0.6086
epoch 8/50 iter 1140/1860 loss=0.7685 mean_loss=0.8412 classification=0.0679, bbox_regression=0.0824, bbox_ctrness=0.6182
epoch 8/50 iter 1160/1860 loss=0.7603 mean_loss=0.8411 classification=0.0472, bbox_regression=0.0793, bbox_ctrness=0.6338
epoch 8/50 iter 1180/1860 loss=0.8514 mean_loss=0.8406 classification=0.1348, bbox_regression=0.1041, bbox_ctrness=0.6125
epoch 8/50 iter 1200/1860 loss=0.7207 mean_loss=0.8409 classification=0.0421, bbox_regression=0.0772, bbox_ctrness=0.6014
epoch 8/50 iter 1220/1860 loss=0.7880 mean_loss=0.8407 classification=0.0870, bbox_regression=0.0796, bbox_ctrness=0.6214
epoch 8/50 iter 1240/1860 loss=0.8810 mean_loss=0.8403 classification=0.1226, bbox_regression=0.1413, bbox_ctrness=0.6171
epoch 8/50 iter 1260/1860 loss=0.8638 mean_loss=0.8400 classification=0.1042, bbox_regression=0.1494, bbox_ctrness=0.6103
epoch 8/50 iter 1280/1860 loss=0.7791 mean_loss=0.8403 classification=0.0711, bbox_regression=0.0983, bbox_ctrness=0.6097
epoch 8/50 iter 1300/1860 loss=0.7213 mean_loss=0.8408 classification=0.0249, bbox_regression=0.0853, bbox_ctrness=0.6111
epoch 8/50 iter 1320/1860 loss=0.7404 mean_loss=0.8406 classification=0.0504, bbox_regression=0.0832, bbox_ctrness=0.6068
epoch 8/50 iter 1340/1860 loss=0.8153 mean_loss=0.8406 classification=0.1068, bbox_regression=0.0961, bbox_ctrness=0.6123
epoch 8/50 iter 1360/1860 loss=0.7500 mean_loss=0.8408 classification=0.0763, bbox_regression=0.0773, bbox_ctrness=0.5965
epoch 8/50 iter 1380/1860 loss=0.9568 mean_loss=0.8405 classification=0.1695, bbox_regression=0.1710, bbox_ctrness=0.6163
epoch 8/50 iter 1400/1860 loss=0.8503 mean_loss=0.8409 classification=0.1209, bbox_regression=0.1274, bbox_ctrness=0.6020
epoch 8/50 iter 1420/1860 loss=0.7414 mean_loss=0.8412 classification=0.0700, bbox_regression=0.0717, bbox_ctrness=0.5998
epoch 8/50 iter 1440/1860 loss=0.8091 mean_loss=0.8409 classification=0.0910, bbox_regression=0.1220, bbox_ctrness=0.5962
epoch 8/50 iter 1460/1860 loss=0.8011 mean_loss=0.8409 classification=0.0904, bbox_regression=0.0946, bbox_ctrness=0.6160
epoch 8/50 iter 1480/1860 loss=0.8506 mean_loss=0.8411 classification=0.1175, bbox_regression=0.1299, bbox_ctrness=0.6032
epoch 8/50 iter 1500/1860 loss=0.8214 mean_loss=0.8408 classification=0.1178, bbox_regression=0.0972, bbox_ctrness=0.6065
epoch 8/50 iter 1520/1860 loss=0.7301 mean_loss=0.8406 classification=0.0589, bbox_regression=0.0804, bbox_ctrness=0.5909
epoch 8/50 iter 1540/1860 loss=0.9920 mean_loss=0.8402 classification=0.1131, bbox_regression=0.2376, bbox_ctrness=0.6413
epoch 8/50 iter 1560/1860 loss=0.9231 mean_loss=0.8406 classification=0.1436, bbox_regression=0.1620, bbox_ctrness=0.6176
epoch 8/50 iter 1580/1860 loss=0.8800 mean_loss=0.8406 classification=0.1163, bbox_regression=0.1513, bbox_ctrness=0.6125
epoch 8/50 iter 1600/1860 loss=0.7230 mean_loss=0.8405 classification=0.0492, bbox_regression=0.0604, bbox_ctrness=0.6134
epoch 8/50 iter 1620/1860 loss=0.7658 mean_loss=0.8405 classification=0.0736, bbox_regression=0.0959, bbox_ctrness=0.5963
epoch 8/50 iter 1640/1860 loss=1.1898 mean_loss=0.8406 classification=0.2988, bbox_regression=0.2455, bbox_ctrness=0.6455
epoch 8/50 iter 1660/1860 loss=0.7568 mean_loss=0.8405 classification=0.0695, bbox_regression=0.0941, bbox_ctrness=0.5933
epoch 8/50 iter 1680/1860 loss=0.7471 mean_loss=0.8407 classification=0.0583, bbox_regression=0.0883, bbox_ctrness=0.6004
epoch 8/50 iter 1700/1860 loss=0.9160 mean_loss=0.8409 classification=0.1806, bbox_regression=0.1381, bbox_ctrness=0.5973
epoch 8/50 iter 1720/1860 loss=0.8063 mean_loss=0.8411 classification=0.0697, bbox_regression=0.1258, bbox_ctrness=0.6108
epoch 8/50 iter 1740/1860 loss=0.8546 mean_loss=0.8415 classification=0.1268, bbox_regression=0.1242, bbox_ctrness=0.6035
epoch 8/50 iter 1760/1860 loss=0.8053 mean_loss=0.8416 classification=0.0862, bbox_regression=0.1095, bbox_ctrness=0.6095
epoch 8/50 iter 1780/1860 loss=0.9212 mean_loss=0.8417 classification=0.1504, bbox_regression=0.1549, bbox_ctrness=0.6159
epoch 8/50 iter 1800/1860 loss=0.8864 mean_loss=0.8418 classification=0.1813, bbox_regression=0.1160, bbox_ctrness=0.5890
epoch 8/50 iter 1820/1860 loss=0.8281 mean_loss=0.8421 classification=0.0932, bbox_regression=0.1335, bbox_ctrness=0.6015
epoch 8/50 iter 1840/1860 loss=0.7518 mean_loss=0.8415 classification=0.0593, bbox_regression=0.0802, bbox_ctrness=0.6123
epoch 8/50 iter 1860/1860 loss=0.7844 mean_loss=0.8413 classification=0.1012, bbox_regression=0.0881, bbox_ctrness=0.5952
epoch 8 validation Precision=0.2973 Recall=0.9766 AP50=0.9445 AP75=0.8230 eval_fps=24.55 epoch_time_sec=1003.6
saved checkpoint: E:\RepViT-main\runs\v48_complete_ablation\training\early_moddrop_seed1\weights\last.pt
new best AP50=0.9445; saved checkpoint: E:\RepViT-main\runs\v48_complete_ablation\training\early_moddrop_seed1\weights\best.pt
epoch 9/50 iter 1/1860 loss=0.7198 mean_loss=0.7198 classification=0.0514, bbox_regression=0.0693, bbox_ctrness=0.5992
epoch 9/50 iter 20/1860 loss=0.7322 mean_loss=0.8038 classification=0.0439, bbox_regression=0.0821, bbox_ctrness=0.6062
epoch 9/50 iter 40/1860 loss=0.7446 mean_loss=0.8096 classification=0.0394, bbox_regression=0.0994, bbox_ctrness=0.6059
epoch 9/50 iter 60/1860 loss=0.7748 mean_loss=0.8070 classification=0.0749, bbox_regression=0.0944, bbox_ctrness=0.6055
epoch 9/50 iter 80/1860 loss=1.0441 mean_loss=0.8232 classification=0.2577, bbox_regression=0.1797, bbox_ctrness=0.6066
epoch 9/50 iter 100/1860 loss=1.1873 mean_loss=0.8224 classification=0.2826, bbox_regression=0.2976, bbox_ctrness=0.6072
epoch 9/50 iter 120/1860 loss=0.7904 mean_loss=0.8239 classification=0.0522, bbox_regression=0.1096, bbox_ctrness=0.6286
epoch 9/50 iter 140/1860 loss=0.8164 mean_loss=0.8270 classification=0.0958, bbox_regression=0.1160, bbox_ctrness=0.6047
epoch 9/50 iter 160/1860 loss=0.7681 mean_loss=0.8277 classification=0.0684, bbox_regression=0.0845, bbox_ctrness=0.6152
epoch 9/50 iter 180/1860 loss=0.7927 mean_loss=0.8304 classification=0.0722, bbox_regression=0.1127, bbox_ctrness=0.6078
epoch 9/50 iter 200/1860 loss=0.7792 mean_loss=0.8400 classification=0.0846, bbox_regression=0.0897, bbox_ctrness=0.6049
epoch 9/50 iter 220/1860 loss=0.8231 mean_loss=0.8369 classification=0.0781, bbox_regression=0.1496, bbox_ctrness=0.5954
epoch 9/50 iter 240/1860 loss=0.7520 mean_loss=0.8375 classification=0.0681, bbox_regression=0.0849, bbox_ctrness=0.5990
epoch 9/50 iter 260/1860 loss=1.0702 mean_loss=0.8390 classification=0.2364, bbox_regression=0.1923, bbox_ctrness=0.6415
epoch 9/50 iter 280/1860 loss=0.7330 mean_loss=0.8381 classification=0.0340, bbox_regression=0.0981, bbox_ctrness=0.6009
epoch 9/50 iter 300/1860 loss=0.9990 mean_loss=0.8369 classification=0.1936, bbox_regression=0.1933, bbox_ctrness=0.6120
epoch 9/50 iter 320/1860 loss=0.7612 mean_loss=0.8337 classification=0.0657, bbox_regression=0.0916, bbox_ctrness=0.6040
epoch 9/50 iter 340/1860 loss=0.8024 mean_loss=0.8346 classification=0.0915, bbox_regression=0.1011, bbox_ctrness=0.6099
epoch 9/50 iter 360/1860 loss=0.7525 mean_loss=0.8360 classification=0.0562, bbox_regression=0.1022, bbox_ctrness=0.5941
epoch 9/50 iter 380/1860 loss=0.8333 mean_loss=0.8368 classification=0.0994, bbox_regression=0.1123, bbox_ctrness=0.6216
epoch 9/50 iter 400/1860 loss=0.9722 mean_loss=0.8365 classification=0.2033, bbox_regression=0.1674, bbox_ctrness=0.6014
epoch 9/50 iter 420/1860 loss=0.7224 mean_loss=0.8358 classification=0.0393, bbox_regression=0.0700, bbox_ctrness=0.6132
epoch 9/50 iter 440/1860 loss=0.9011 mean_loss=0.8364 classification=0.1202, bbox_regression=0.1650, bbox_ctrness=0.6160
epoch 9/50 iter 460/1860 loss=1.0303 mean_loss=0.8374 classification=0.2029, bbox_regression=0.2068, bbox_ctrness=0.6205
epoch 9/50 iter 480/1860 loss=0.9210 mean_loss=0.8362 classification=0.1441, bbox_regression=0.1436, bbox_ctrness=0.6332
epoch 9/50 iter 500/1860 loss=0.9083 mean_loss=0.8361 classification=0.1673, bbox_regression=0.1410, bbox_ctrness=0.6000
epoch 9/50 iter 520/1860 loss=1.0673 mean_loss=0.8340 classification=0.2277, bbox_regression=0.2099, bbox_ctrness=0.6298
epoch 9/50 iter 540/1860 loss=0.8889 mean_loss=0.8334 classification=0.1601, bbox_regression=0.1174, bbox_ctrness=0.6114
epoch 9/50 iter 560/1860 loss=0.7358 mean_loss=0.8325 classification=0.0475, bbox_regression=0.0931, bbox_ctrness=0.5952
epoch 9/50 iter 580/1860 loss=0.7826 mean_loss=0.8317 classification=0.0834, bbox_regression=0.1004, bbox_ctrness=0.5989
epoch 9/50 iter 600/1860 loss=0.7556 mean_loss=0.8312 classification=0.0697, bbox_regression=0.0797, bbox_ctrness=0.6061
epoch 9/50 iter 620/1860 loss=0.8886 mean_loss=0.8304 classification=0.1580, bbox_regression=0.1374, bbox_ctrness=0.5933
epoch 9/50 iter 640/1860 loss=0.7692 mean_loss=0.8305 classification=0.0748, bbox_regression=0.0950, bbox_ctrness=0.5993
epoch 9/50 iter 660/1860 loss=1.1116 mean_loss=0.8318 classification=0.2814, bbox_regression=0.2224, bbox_ctrness=0.6078
epoch 9/50 iter 680/1860 loss=0.7827 mean_loss=0.8335 classification=0.0830, bbox_regression=0.0926, bbox_ctrness=0.6071
epoch 9/50 iter 700/1860 loss=1.1788 mean_loss=0.8336 classification=0.2931, bbox_regression=0.2652, bbox_ctrness=0.6205
epoch 9/50 iter 720/1860 loss=0.7596 mean_loss=0.8333 classification=0.0694, bbox_regression=0.0861, bbox_ctrness=0.6041
epoch 9/50 iter 740/1860 loss=0.7033 mean_loss=0.8327 classification=0.0239, bbox_regression=0.0747, bbox_ctrness=0.6047
epoch 9/50 iter 760/1860 loss=0.7203 mean_loss=0.8322 classification=0.0221, bbox_regression=0.0822, bbox_ctrness=0.6160
epoch 9/50 iter 780/1860 loss=0.7579 mean_loss=0.8321 classification=0.0629, bbox_regression=0.0834, bbox_ctrness=0.6116
epoch 9/50 iter 800/1860 loss=0.7799 mean_loss=0.8327 classification=0.0800, bbox_regression=0.0907, bbox_ctrness=0.6092
epoch 9/50 iter 820/1860 loss=0.9048 mean_loss=0.8327 classification=0.1076, bbox_regression=0.1690, bbox_ctrness=0.6282
epoch 9/50 iter 840/1860 loss=0.7855 mean_loss=0.8314 classification=0.0567, bbox_regression=0.1096, bbox_ctrness=0.6192
epoch 9/50 iter 860/1860 loss=0.7000 mean_loss=0.8312 classification=0.0419, bbox_regression=0.0693, bbox_ctrness=0.5887
epoch 9/50 iter 880/1860 loss=0.7898 mean_loss=0.8318 classification=0.0906, bbox_regression=0.0987, bbox_ctrness=0.6005
epoch 9/50 iter 900/1860 loss=0.8300 mean_loss=0.8316 classification=0.1219, bbox_regression=0.1036, bbox_ctrness=0.6045
epoch 9/50 iter 920/1860 loss=0.9113 mean_loss=0.8323 classification=0.1547, bbox_regression=0.1480, bbox_ctrness=0.6086
epoch 9/50 iter 940/1860 loss=1.1267 mean_loss=0.8329 classification=0.2659, bbox_regression=0.2375, bbox_ctrness=0.6234
epoch 9/50 iter 960/1860 loss=0.7459 mean_loss=0.8332 classification=0.0723, bbox_regression=0.0808, bbox_ctrness=0.5928
epoch 9/50 iter 980/1860 loss=1.1293 mean_loss=0.8331 classification=0.2906, bbox_regression=0.2122, bbox_ctrness=0.6264
epoch 9/50 iter 1000/1860 loss=0.7306 mean_loss=0.8329 classification=0.0265, bbox_regression=0.0905, bbox_ctrness=0.6136
epoch 9/50 iter 1020/1860 loss=0.7410 mean_loss=0.8325 classification=0.0397, bbox_regression=0.0847, bbox_ctrness=0.6166
epoch 9/50 iter 1040/1860 loss=0.7193 mean_loss=0.8332 classification=0.0417, bbox_regression=0.0807, bbox_ctrness=0.5970
epoch 9/50 iter 1060/1860 loss=0.8968 mean_loss=0.8332 classification=0.1555, bbox_regression=0.1392, bbox_ctrness=0.6020
epoch 9/50 iter 1080/1860 loss=0.9752 mean_loss=0.8324 classification=0.1808, bbox_regression=0.1823, bbox_ctrness=0.6121
epoch 9/50 iter 1100/1860 loss=0.8073 mean_loss=0.8324 classification=0.0876, bbox_regression=0.1033, bbox_ctrness=0.6164
epoch 9/50 iter 1120/1860 loss=0.8109 mean_loss=0.8322 classification=0.0892, bbox_regression=0.1143, bbox_ctrness=0.6073
epoch 9/50 iter 1140/1860 loss=0.7716 mean_loss=0.8318 classification=0.0878, bbox_regression=0.0815, bbox_ctrness=0.6023
epoch 9/50 iter 1160/1860 loss=0.7463 mean_loss=0.8311 classification=0.0413, bbox_regression=0.0993, bbox_ctrness=0.6057
epoch 9/50 iter 1180/1860 loss=0.7575 mean_loss=0.8305 classification=0.0568, bbox_regression=0.0890, bbox_ctrness=0.6117
epoch 9/50 iter 1200/1860 loss=0.8914 mean_loss=0.8307 classification=0.1295, bbox_regression=0.1426, bbox_ctrness=0.6193
epoch 9/50 iter 1220/1860 loss=1.0447 mean_loss=0.8303 classification=0.2331, bbox_regression=0.1962, bbox_ctrness=0.6153
epoch 9/50 iter 1240/1860 loss=0.8900 mean_loss=0.8299 classification=0.1402, bbox_regression=0.1319, bbox_ctrness=0.6178
epoch 9/50 iter 1260/1860 loss=1.0437 mean_loss=0.8301 classification=0.2264, bbox_regression=0.1828, bbox_ctrness=0.6346
epoch 9/50 iter 1280/1860 loss=0.8246 mean_loss=0.8293 classification=0.0904, bbox_regression=0.1273, bbox_ctrness=0.6070
epoch 9/50 iter 1300/1860 loss=0.7328 mean_loss=0.8291 classification=0.0297, bbox_regression=0.0844, bbox_ctrness=0.6187
epoch 9/50 iter 1320/1860 loss=0.7018 mean_loss=0.8287 classification=0.0450, bbox_regression=0.0742, bbox_ctrness=0.5826
epoch 9/50 iter 1340/1860 loss=0.7602 mean_loss=0.8280 classification=0.0470, bbox_regression=0.0948, bbox_ctrness=0.6184
epoch 9/50 iter 1360/1860 loss=0.8682 mean_loss=0.8280 classification=0.1179, bbox_regression=0.1270, bbox_ctrness=0.6232
epoch 9/50 iter 1380/1860 loss=0.9440 mean_loss=0.8283 classification=0.1778, bbox_regression=0.1437, bbox_ctrness=0.6225
epoch 9/50 iter 1400/1860 loss=0.7647 mean_loss=0.8284 classification=0.0821, bbox_regression=0.0877, bbox_ctrness=0.5949
epoch 9/50 iter 1420/1860 loss=0.8146 mean_loss=0.8279 classification=0.0876, bbox_regression=0.1182, bbox_ctrness=0.6089
epoch 9/50 iter 1440/1860 loss=0.7041 mean_loss=0.8279 classification=0.0319, bbox_regression=0.0604, bbox_ctrness=0.6118
epoch 9/50 iter 1460/1860 loss=0.7267 mean_loss=0.8282 classification=0.0399, bbox_regression=0.0799, bbox_ctrness=0.6069
epoch 9/50 iter 1480/1860 loss=0.7266 mean_loss=0.8285 classification=0.0550, bbox_regression=0.0848, bbox_ctrness=0.5869
epoch 9/50 iter 1500/1860 loss=0.7756 mean_loss=0.8283 classification=0.0868, bbox_regression=0.0920, bbox_ctrness=0.5967
epoch 9/50 iter 1520/1860 loss=0.7521 mean_loss=0.8285 classification=0.0687, bbox_regression=0.0784, bbox_ctrness=0.6050
epoch 9/50 iter 1540/1860 loss=0.8139 mean_loss=0.8281 classification=0.1033, bbox_regression=0.0979, bbox_ctrness=0.6127
epoch 9/50 iter 1560/1860 loss=0.7973 mean_loss=0.8284 classification=0.0814, bbox_regression=0.1033, bbox_ctrness=0.6125
epoch 9/50 iter 1580/1860 loss=0.8307 mean_loss=0.8281 classification=0.0898, bbox_regression=0.1377, bbox_ctrness=0.6031
epoch 9/50 iter 1600/1860 loss=0.7209 mean_loss=0.8280 classification=0.0448, bbox_regression=0.0798, bbox_ctrness=0.5964
epoch 9/50 iter 1620/1860 loss=0.8441 mean_loss=0.8281 classification=0.0929, bbox_regression=0.1364, bbox_ctrness=0.6148
epoch 9/50 iter 1640/1860 loss=0.8315 mean_loss=0.8281 classification=0.0831, bbox_regression=0.1357, bbox_ctrness=0.6128
epoch 9/50 iter 1660/1860 loss=0.8141 mean_loss=0.8277 classification=0.1034, bbox_regression=0.1020, bbox_ctrness=0.6088
epoch 9/50 iter 1680/1860 loss=1.0851 mean_loss=0.8277 classification=0.2603, bbox_regression=0.2029, bbox_ctrness=0.6218
epoch 9/50 iter 1700/1860 loss=0.8652 mean_loss=0.8277 classification=0.1262, bbox_regression=0.1084, bbox_ctrness=0.6305
epoch 9/50 iter 1720/1860 loss=0.7196 mean_loss=0.8279 classification=0.0508, bbox_regression=0.0772, bbox_ctrness=0.5916
epoch 9/50 iter 1740/1860 loss=0.7606 mean_loss=0.8276 classification=0.0710, bbox_regression=0.0789, bbox_ctrness=0.6107
epoch 9/50 iter 1760/1860 loss=0.9090 mean_loss=0.8278 classification=0.1311, bbox_regression=0.1490, bbox_ctrness=0.6289
epoch 9/50 iter 1780/1860 loss=0.8267 mean_loss=0.8276 classification=0.1226, bbox_regression=0.1044, bbox_ctrness=0.5997
epoch 9/50 iter 1800/1860 loss=0.7866 mean_loss=0.8273 classification=0.0851, bbox_regression=0.1005, bbox_ctrness=0.6010
epoch 9/50 iter 1820/1860 loss=0.9458 mean_loss=0.8270 classification=0.1303, bbox_regression=0.2019, bbox_ctrness=0.6136
epoch 9/50 iter 1840/1860 loss=0.9763 mean_loss=0.8270 classification=0.1744, bbox_regression=0.1815, bbox_ctrness=0.6203
epoch 9/50 iter 1860/1860 loss=1.0705 mean_loss=0.8270 classification=0.2369, bbox_regression=0.2103, bbox_ctrness=0.6233
epoch 9 validation Precision=0.3580 Recall=0.9722 AP50=0.9367 AP75=0.8193 eval_fps=24.39 epoch_time_sec=792.4
saved checkpoint: E:\RepViT-main\runs\v48_complete_ablation\training\early_moddrop_seed1\weights\last.pt
epoch 10/50 iter 1/1860 loss=0.7617 mean_loss=0.7617 classification=0.0432, bbox_regression=0.1083, bbox_ctrness=0.6102
epoch 10/50 iter 20/1860 loss=0.7123 mean_loss=0.8342 classification=0.0371, bbox_regression=0.0759, bbox_ctrness=0.5992
epoch 10/50 iter 40/1860 loss=0.8068 mean_loss=0.8257 classification=0.0764, bbox_regression=0.1244, bbox_ctrness=0.6060
epoch 10/50 iter 60/1860 loss=0.7165 mean_loss=0.8106 classification=0.0272, bbox_regression=0.0741, bbox_ctrness=0.6152
epoch 10/50 iter 80/1860 loss=0.9153 mean_loss=0.8096 classification=0.1290, bbox_regression=0.1539, bbox_ctrness=0.6324
epoch 10/50 iter 100/1860 loss=0.7757 mean_loss=0.8072 classification=0.0894, bbox_regression=0.0578, bbox_ctrness=0.6285
epoch 10/50 iter 120/1860 loss=0.7244 mean_loss=0.8028 classification=0.0570, bbox_regression=0.0833, bbox_ctrness=0.5841
epoch 10/50 iter 140/1860 loss=0.8223 mean_loss=0.7984 classification=0.1000, bbox_regression=0.1077, bbox_ctrness=0.6146
epoch 10/50 iter 160/1860 loss=0.7768 mean_loss=0.7993 classification=0.0786, bbox_regression=0.0967, bbox_ctrness=0.6015
epoch 10/50 iter 180/1860 loss=0.7113 mean_loss=0.7973 classification=0.0468, bbox_regression=0.0757, bbox_ctrness=0.5887
epoch 10/50 iter 200/1860 loss=0.8237 mean_loss=0.7968 classification=0.1523, bbox_regression=0.0896, bbox_ctrness=0.5817
epoch 10/50 iter 220/1860 loss=0.7313 mean_loss=0.7956 classification=0.0547, bbox_regression=0.0818, bbox_ctrness=0.5948
epoch 10/50 iter 240/1860 loss=0.7891 mean_loss=0.7974 classification=0.0715, bbox_regression=0.1138, bbox_ctrness=0.6037
epoch 10/50 iter 260/1860 loss=0.8817 mean_loss=0.8019 classification=0.1605, bbox_regression=0.1259, bbox_ctrness=0.5953
epoch 10/50 iter 280/1860 loss=0.7907 mean_loss=0.8014 classification=0.0877, bbox_regression=0.1020, bbox_ctrness=0.6010
epoch 10/50 iter 300/1860 loss=0.8644 mean_loss=0.7995 classification=0.1220, bbox_regression=0.1205, bbox_ctrness=0.6219
epoch 10/50 iter 320/1860 loss=0.7142 mean_loss=0.8006 classification=0.0283, bbox_regression=0.0829, bbox_ctrness=0.6030
epoch 10/50 iter 340/1860 loss=0.7752 mean_loss=0.8032 classification=0.0614, bbox_regression=0.1168, bbox_ctrness=0.5971
epoch 10/50 iter 360/1860 loss=0.9596 mean_loss=0.8072 classification=0.1343, bbox_regression=0.1954, bbox_ctrness=0.6299
epoch 10/50 iter 380/1860 loss=0.7519 mean_loss=0.8058 classification=0.0549, bbox_regression=0.0903, bbox_ctrness=0.6066
epoch 10/50 iter 400/1860 loss=0.7837 mean_loss=0.8061 classification=0.0903, bbox_regression=0.0978, bbox_ctrness=0.5956
epoch 10/50 iter 420/1860 loss=0.7265 mean_loss=0.8046 classification=0.0366, bbox_regression=0.0904, bbox_ctrness=0.5995
epoch 10/50 iter 440/1860 loss=0.7472 mean_loss=0.8053 classification=0.0308, bbox_regression=0.1013, bbox_ctrness=0.6150
epoch 10/50 iter 460/1860 loss=0.8094 mean_loss=0.8045 classification=0.0904, bbox_regression=0.1120, bbox_ctrness=0.6070
epoch 10/50 iter 480/1860 loss=0.7677 mean_loss=0.8040 classification=0.0741, bbox_regression=0.0923, bbox_ctrness=0.6012
epoch 10/50 iter 500/1860 loss=0.9405 mean_loss=0.8046 classification=0.1243, bbox_regression=0.1977, bbox_ctrness=0.6185
epoch 10/50 iter 520/1860 loss=0.7127 mean_loss=0.8048 classification=0.0329, bbox_regression=0.0846, bbox_ctrness=0.5952
epoch 10/50 iter 540/1860 loss=0.8726 mean_loss=0.8060 classification=0.1565, bbox_regression=0.1261, bbox_ctrness=0.5900
epoch 10/50 iter 560/1860 loss=1.0577 mean_loss=0.8062 classification=0.2405, bbox_regression=0.1988, bbox_ctrness=0.6183
epoch 10/50 iter 580/1860 loss=0.8778 mean_loss=0.8075 classification=0.1506, bbox_regression=0.1127, bbox_ctrness=0.6146
epoch 10/50 iter 600/1860 loss=1.0418 mean_loss=0.8082 classification=0.2038, bbox_regression=0.2270, bbox_ctrness=0.6110
epoch 10/50 iter 620/1860 loss=0.7386 mean_loss=0.8074 classification=0.0717, bbox_regression=0.0772, bbox_ctrness=0.5897
epoch 10/50 iter 640/1860 loss=0.7525 mean_loss=0.8071 classification=0.0341, bbox_regression=0.1151, bbox_ctrness=0.6033
epoch 10/50 iter 660/1860 loss=0.7141 mean_loss=0.8065 classification=0.0450, bbox_regression=0.0695, bbox_ctrness=0.5995
epoch 10/50 iter 680/1860 loss=0.9150 mean_loss=0.8077 classification=0.1961, bbox_regression=0.1097, bbox_ctrness=0.6093
epoch 10/50 iter 700/1860 loss=0.7498 mean_loss=0.8083 classification=0.0523, bbox_regression=0.0988, bbox_ctrness=0.5988
epoch 10/50 iter 720/1860 loss=0.7747 mean_loss=0.8094 classification=0.0566, bbox_regression=0.1130, bbox_ctrness=0.6051
epoch 10/50 iter 740/1860 loss=1.0188 mean_loss=0.8101 classification=0.2039, bbox_regression=0.1854, bbox_ctrness=0.6295
epoch 10/50 iter 760/1860 loss=0.7637 mean_loss=0.8101 classification=0.0855, bbox_regression=0.0822, bbox_ctrness=0.5959
epoch 10/50 iter 780/1860 loss=0.8076 mean_loss=0.8088 classification=0.1079, bbox_regression=0.1013, bbox_ctrness=0.5984
epoch 10/50 iter 800/1860 loss=0.6931 mean_loss=0.8094 classification=0.0314, bbox_regression=0.0638, bbox_ctrness=0.5979
epoch 10/50 iter 820/1860 loss=0.7377 mean_loss=0.8085 classification=0.0548, bbox_regression=0.0848, bbox_ctrness=0.5982
epoch 10/50 iter 840/1860 loss=0.7551 mean_loss=0.8083 classification=0.0601, bbox_regression=0.0839, bbox_ctrness=0.6111
epoch 10/50 iter 860/1860 loss=0.7240 mean_loss=0.8081 classification=0.0380, bbox_regression=0.0767, bbox_ctrness=0.6093
epoch 10/50 iter 880/1860 loss=0.7226 mean_loss=0.8077 classification=0.0515, bbox_regression=0.0735, bbox_ctrness=0.5976
epoch 10/50 iter 900/1860 loss=0.8183 mean_loss=0.8086 classification=0.0777, bbox_regression=0.1353, bbox_ctrness=0.6053
epoch 10/50 iter 920/1860 loss=0.8059 mean_loss=0.8085 classification=0.0895, bbox_regression=0.1077, bbox_ctrness=0.6087
epoch 10/50 iter 940/1860 loss=1.1026 mean_loss=0.8084 classification=0.3296, bbox_regression=0.1792, bbox_ctrness=0.5938
epoch 10/50 iter 960/1860 loss=0.8176 mean_loss=0.8080 classification=0.1053, bbox_regression=0.1036, bbox_ctrness=0.6086
epoch 10/50 iter 980/1860 loss=0.8383 mean_loss=0.8091 classification=0.1112, bbox_regression=0.1309, bbox_ctrness=0.5962
epoch 10/50 iter 1000/1860 loss=0.7823 mean_loss=0.8094 classification=0.0762, bbox_regression=0.0997, bbox_ctrness=0.6064
epoch 10/50 iter 1020/1860 loss=0.8117 mean_loss=0.8088 classification=0.0740, bbox_regression=0.1364, bbox_ctrness=0.6014
epoch 10/50 iter 1040/1860 loss=0.6783 mean_loss=0.8084 classification=0.0391, bbox_regression=0.0666, bbox_ctrness=0.5726
epoch 10/50 iter 1060/1860 loss=0.9611 mean_loss=0.8091 classification=0.1661, bbox_regression=0.1639, bbox_ctrness=0.6311
epoch 10/50 iter 1080/1860 loss=0.7619 mean_loss=0.8090 classification=0.0811, bbox_regression=0.0723, bbox_ctrness=0.6085
epoch 10/50 iter 1100/1860 loss=1.0779 mean_loss=0.8088 classification=0.2733, bbox_regression=0.1813, bbox_ctrness=0.6233
epoch 10/50 iter 1120/1860 loss=0.7691 mean_loss=0.8096 classification=0.0642, bbox_regression=0.0942, bbox_ctrness=0.6108
epoch 10/50 iter 1140/1860 loss=0.9223 mean_loss=0.8102 classification=0.1711, bbox_regression=0.1499, bbox_ctrness=0.6012
epoch 10/50 iter 1160/1860 loss=1.0678 mean_loss=0.8112 classification=0.2787, bbox_regression=0.1790, bbox_ctrness=0.6101
epoch 10/50 iter 1180/1860 loss=0.8263 mean_loss=0.8112 classification=0.1305, bbox_regression=0.0890, bbox_ctrness=0.6068
epoch 10/50 iter 1200/1860 loss=0.7097 mean_loss=0.8114 classification=0.0583, bbox_regression=0.0643, bbox_ctrness=0.5870
epoch 10/50 iter 1220/1860 loss=0.8348 mean_loss=0.8114 classification=0.0892, bbox_regression=0.1268, bbox_ctrness=0.6187
epoch 10/50 iter 1240/1860 loss=0.7244 mean_loss=0.8115 classification=0.0529, bbox_regression=0.0867, bbox_ctrness=0.5847
epoch 10/50 iter 1260/1860 loss=0.7179 mean_loss=0.8111 classification=0.0325, bbox_regression=0.0748, bbox_ctrness=0.6106
epoch 10/50 iter 1280/1860 loss=0.9020 mean_loss=0.8109 classification=0.1408, bbox_regression=0.1583, bbox_ctrness=0.6029
epoch 10/50 iter 1300/1860 loss=0.7970 mean_loss=0.8107 classification=0.0955, bbox_regression=0.1056, bbox_ctrness=0.5960
epoch 10/50 iter 1320/1860 loss=0.9811 mean_loss=0.8108 classification=0.1810, bbox_regression=0.1746, bbox_ctrness=0.6254
epoch 10/50 iter 1340/1860 loss=0.7489 mean_loss=0.8107 classification=0.0495, bbox_regression=0.0797, bbox_ctrness=0.6197
epoch 10/50 iter 1360/1860 loss=0.7612 mean_loss=0.8111 classification=0.0671, bbox_regression=0.0873, bbox_ctrness=0.6068
epoch 10/50 iter 1380/1860 loss=0.7456 mean_loss=0.8112 classification=0.0615, bbox_regression=0.0906, bbox_ctrness=0.5935
epoch 10/50 iter 1400/1860 loss=1.2342 mean_loss=0.8115 classification=0.3375, bbox_regression=0.2799, bbox_ctrness=0.6168
epoch 10/50 iter 1420/1860 loss=0.7298 mean_loss=0.8116 classification=0.0482, bbox_regression=0.0849, bbox_ctrness=0.5966
epoch 10/50 iter 1440/1860 loss=0.7469 mean_loss=0.8121 classification=0.0589, bbox_regression=0.0837, bbox_ctrness=0.6042
epoch 10/50 iter 1460/1860 loss=0.8374 mean_loss=0.8125 classification=0.1169, bbox_regression=0.1126, bbox_ctrness=0.6079
epoch 10/50 iter 1480/1860 loss=0.7849 mean_loss=0.8133 classification=0.0860, bbox_regression=0.0974, bbox_ctrness=0.6015
epoch 10/50 iter 1500/1860 loss=0.7314 mean_loss=0.8129 classification=0.0288, bbox_regression=0.0854, bbox_ctrness=0.6172
epoch 10/50 iter 1520/1860 loss=0.7796 mean_loss=0.8124 classification=0.0866, bbox_regression=0.0955, bbox_ctrness=0.5974
epoch 10/50 iter 1540/1860 loss=0.9019 mean_loss=0.8124 classification=0.1257, bbox_regression=0.1607, bbox_ctrness=0.6155
epoch 10/50 iter 1560/1860 loss=0.7675 mean_loss=0.8121 classification=0.0555, bbox_regression=0.0857, bbox_ctrness=0.6263
epoch 10/50 iter 1580/1860 loss=0.7279 mean_loss=0.8119 classification=0.0543, bbox_regression=0.0766, bbox_ctrness=0.5971
epoch 10/50 iter 1600/1860 loss=0.7561 mean_loss=0.8120 classification=0.0921, bbox_regression=0.0819, bbox_ctrness=0.5821
epoch 10/50 iter 1620/1860 loss=0.7864 mean_loss=0.8122 classification=0.0876, bbox_regression=0.1007, bbox_ctrness=0.5980
epoch 10/50 iter 1640/1860 loss=0.7069 mean_loss=0.8123 classification=0.0272, bbox_regression=0.0734, bbox_ctrness=0.6063
epoch 10/50 iter 1660/1860 loss=0.8259 mean_loss=0.8124 classification=0.1114, bbox_regression=0.1145, bbox_ctrness=0.5999
epoch 10/50 iter 1680/1860 loss=0.7955 mean_loss=0.8124 classification=0.0789, bbox_regression=0.1174, bbox_ctrness=0.5992
epoch 10/50 iter 1700/1860 loss=1.0843 mean_loss=0.8124 classification=0.2615, bbox_regression=0.2013, bbox_ctrness=0.6215
epoch 10/50 iter 1720/1860 loss=0.7227 mean_loss=0.8128 classification=0.0568, bbox_regression=0.0717, bbox_ctrness=0.5942
epoch 10/50 iter 1740/1860 loss=0.7121 mean_loss=0.8127 classification=0.0391, bbox_regression=0.0795, bbox_ctrness=0.5935
epoch 10/50 iter 1760/1860 loss=0.7261 mean_loss=0.8124 classification=0.0497, bbox_regression=0.0708, bbox_ctrness=0.6056
epoch 10/50 iter 1780/1860 loss=0.7070 mean_loss=0.8121 classification=0.0356, bbox_regression=0.0758, bbox_ctrness=0.5955
epoch 10/50 iter 1800/1860 loss=0.6911 mean_loss=0.8123 classification=0.0298, bbox_regression=0.0623, bbox_ctrness=0.5989
epoch 10/50 iter 1820/1860 loss=0.8245 mean_loss=0.8126 classification=0.0902, bbox_regression=0.1192, bbox_ctrness=0.6152
epoch 10/50 iter 1840/1860 loss=0.7896 mean_loss=0.8130 classification=0.0973, bbox_regression=0.1150, bbox_ctrness=0.5773
epoch 10/50 iter 1860/1860 loss=0.9118 mean_loss=0.8130 classification=0.1278, bbox_regression=0.1597, bbox_ctrness=0.6244
epoch 10 validation Precision=0.3590 Recall=0.9709 AP50=0.9390 AP75=0.7894 eval_fps=24.15 epoch_time_sec=784.4
saved checkpoint: E:\RepViT-main\runs\v48_complete_ablation\training\early_moddrop_seed1\weights\last.pt
epoch 11/50 iter 1/1860 loss=0.7510 mean_loss=0.7510 classification=0.0287, bbox_regression=0.0937, bbox_ctrness=0.6286
epoch 11/50 iter 20/1860 loss=0.7596 mean_loss=0.7886 classification=0.0616, bbox_regression=0.0790, bbox_ctrness=0.6190
epoch 11/50 iter 40/1860 loss=0.9189 mean_loss=0.8163 classification=0.1992, bbox_regression=0.1084, bbox_ctrness=0.6113
epoch 11/50 iter 60/1860 loss=1.1003 mean_loss=0.8180 classification=0.2252, bbox_regression=0.2276, bbox_ctrness=0.6476
epoch 11/50 iter 80/1860 loss=0.7255 mean_loss=0.8276 classification=0.0429, bbox_regression=0.0701, bbox_ctrness=0.6125
epoch 11/50 iter 100/1860 loss=0.7278 mean_loss=0.8285 classification=0.0458, bbox_regression=0.0757, bbox_ctrness=0.6063
epoch 11/50 iter 120/1860 loss=0.7404 mean_loss=0.8261 classification=0.0602, bbox_regression=0.0916, bbox_ctrness=0.5886
epoch 11/50 iter 140/1860 loss=0.7764 mean_loss=0.8219 classification=0.0744, bbox_regression=0.0948, bbox_ctrness=0.6072
epoch 11/50 iter 160/1860 loss=0.7078 mean_loss=0.8177 classification=0.0237, bbox_regression=0.0853, bbox_ctrness=0.5989
epoch 11/50 iter 180/1860 loss=0.7618 mean_loss=0.8127 classification=0.0600, bbox_regression=0.0914, bbox_ctrness=0.6104
epoch 11/50 iter 200/1860 loss=0.7859 mean_loss=0.8149 classification=0.0747, bbox_regression=0.1103, bbox_ctrness=0.6008
epoch 11/50 iter 220/1860 loss=0.7563 mean_loss=0.8182 classification=0.0659, bbox_regression=0.0738, bbox_ctrness=0.6166
epoch 11/50 iter 240/1860 loss=0.7487 mean_loss=0.8182 classification=0.0537, bbox_regression=0.0976, bbox_ctrness=0.5974
epoch 11/50 iter 260/1860 loss=0.8813 mean_loss=0.8177 classification=0.1268, bbox_regression=0.1394, bbox_ctrness=0.6151
epoch 11/50 iter 280/1860 loss=0.7684 mean_loss=0.8160 classification=0.0650, bbox_regression=0.0969, bbox_ctrness=0.6065
epoch 11/50 iter 300/1860 loss=0.8534 mean_loss=0.8137 classification=0.0959, bbox_regression=0.1307, bbox_ctrness=0.6268
epoch 11/50 iter 320/1860 loss=0.8115 mean_loss=0.8118 classification=0.0637, bbox_regression=0.1372, bbox_ctrness=0.6106
epoch 11/50 iter 340/1860 loss=0.7359 mean_loss=0.8095 classification=0.0547, bbox_regression=0.0695, bbox_ctrness=0.6117
epoch 11/50 iter 360/1860 loss=0.7707 mean_loss=0.8092 classification=0.0818, bbox_regression=0.0832, bbox_ctrness=0.6057
epoch 11/50 iter 380/1860 loss=0.8301 mean_loss=0.8081 classification=0.0944, bbox_regression=0.1260, bbox_ctrness=0.6097
epoch 11/50 iter 400/1860 loss=0.7038 mean_loss=0.8067 classification=0.0442, bbox_regression=0.0624, bbox_ctrness=0.5972
epoch 11/50 iter 420/1860 loss=0.7443 mean_loss=0.8067 classification=0.0580, bbox_regression=0.0991, bbox_ctrness=0.5873
epoch 11/50 iter 440/1860 loss=0.7169 mean_loss=0.8070 classification=0.0590, bbox_regression=0.0685, bbox_ctrness=0.5894
epoch 11/50 iter 460/1860 loss=0.8303 mean_loss=0.8063 classification=0.1049, bbox_regression=0.1227, bbox_ctrness=0.6028
epoch 11/50 iter 480/1860 loss=0.7597 mean_loss=0.8058 classification=0.0764, bbox_regression=0.0894, bbox_ctrness=0.5939
epoch 11/50 iter 500/1860 loss=0.7501 mean_loss=0.8057 classification=0.0560, bbox_regression=0.0789, bbox_ctrness=0.6151
epoch 11/50 iter 520/1860 loss=0.7187 mean_loss=0.8040 classification=0.0301, bbox_regression=0.0693, bbox_ctrness=0.6193
epoch 11/50 iter 540/1860 loss=0.6927 mean_loss=0.8028 classification=0.0315, bbox_regression=0.0672, bbox_ctrness=0.5940
epoch 11/50 iter 560/1860 loss=0.7276 mean_loss=0.8033 classification=0.0407, bbox_regression=0.0899, bbox_ctrness=0.5970
epoch 11/50 iter 580/1860 loss=0.8127 mean_loss=0.8019 classification=0.0983, bbox_regression=0.1023, bbox_ctrness=0.6121
epoch 11/50 iter 600/1860 loss=0.7314 mean_loss=0.8028 classification=0.0501, bbox_regression=0.0921, bbox_ctrness=0.5892
epoch 11/50 iter 620/1860 loss=0.7105 mean_loss=0.8022 classification=0.0516, bbox_regression=0.0666, bbox_ctrness=0.5923
epoch 11/50 iter 640/1860 loss=0.6936 mean_loss=0.8016 classification=0.0268, bbox_regression=0.0691, bbox_ctrness=0.5976
epoch 11/50 iter 660/1860 loss=0.8704 mean_loss=0.8026 classification=0.1450, bbox_regression=0.1166, bbox_ctrness=0.6088
epoch 11/50 iter 680/1860 loss=0.7307 mean_loss=0.8022 classification=0.0436, bbox_regression=0.0805, bbox_ctrness=0.6066
epoch 11/50 iter 700/1860 loss=0.7008 mean_loss=0.8032 classification=0.0375, bbox_regression=0.0661, bbox_ctrness=0.5973
epoch 11/50 iter 720/1860 loss=0.7353 mean_loss=0.8043 classification=0.0574, bbox_regression=0.0760, bbox_ctrness=0.6020
epoch 11/50 iter 740/1860 loss=0.8655 mean_loss=0.8036 classification=0.1314, bbox_regression=0.1197, bbox_ctrness=0.6144
epoch 11/50 iter 760/1860 loss=0.7921 mean_loss=0.8037 classification=0.0777, bbox_regression=0.1087, bbox_ctrness=0.6057
epoch 11/50 iter 780/1860 loss=0.7769 mean_loss=0.8027 classification=0.0834, bbox_regression=0.0904, bbox_ctrness=0.6031
epoch 11/50 iter 800/1860 loss=0.7498 mean_loss=0.8033 classification=0.0673, bbox_regression=0.0792, bbox_ctrness=0.6033
epoch 11/50 iter 820/1860 loss=0.7578 mean_loss=0.8027 classification=0.0470, bbox_regression=0.1013, bbox_ctrness=0.6095
epoch 11/50 iter 840/1860 loss=0.8065 mean_loss=0.8030 classification=0.1052, bbox_regression=0.1141, bbox_ctrness=0.5872
epoch 11/50 iter 860/1860 loss=0.7747 mean_loss=0.8037 classification=0.0610, bbox_regression=0.1077, bbox_ctrness=0.6059
epoch 11/50 iter 880/1860 loss=0.9740 mean_loss=0.8045 classification=0.2081, bbox_regression=0.1584, bbox_ctrness=0.6075
epoch 11/50 iter 900/1860 loss=0.8664 mean_loss=0.8047 classification=0.1300, bbox_regression=0.1404, bbox_ctrness=0.5960
epoch 11/50 iter 920/1860 loss=0.7340 mean_loss=0.8055 classification=0.0489, bbox_regression=0.0913, bbox_ctrness=0.5939
epoch 11/50 iter 940/1860 loss=1.0343 mean_loss=0.8065 classification=0.2356, bbox_regression=0.1917, bbox_ctrness=0.6070
epoch 11/50 iter 960/1860 loss=0.8010 mean_loss=0.8056 classification=0.0849, bbox_regression=0.1084, bbox_ctrness=0.6078
epoch 11/50 iter 980/1860 loss=0.8160 mean_loss=0.8053 classification=0.0767, bbox_regression=0.1136, bbox_ctrness=0.6257
epoch 11/50 iter 1000/1860 loss=0.9174 mean_loss=0.8065 classification=0.1706, bbox_regression=0.1407, bbox_ctrness=0.6061
epoch 11/50 iter 1020/1860 loss=0.8131 mean_loss=0.8061 classification=0.1219, bbox_regression=0.0946, bbox_ctrness=0.5966
epoch 11/50 iter 1040/1860 loss=0.7670 mean_loss=0.8063 classification=0.0822, bbox_regression=0.0953, bbox_ctrness=0.5895
epoch 11/50 iter 1060/1860 loss=0.7920 mean_loss=0.8063 classification=0.1023, bbox_regression=0.0897, bbox_ctrness=0.5999
epoch 11/50 iter 1080/1860 loss=0.7491 mean_loss=0.8065 classification=0.0452, bbox_regression=0.0931, bbox_ctrness=0.6108
epoch 11/50 iter 1100/1860 loss=0.7919 mean_loss=0.8062 classification=0.1041, bbox_regression=0.0970, bbox_ctrness=0.5907
epoch 11/50 iter 1120/1860 loss=0.8613 mean_loss=0.8067 classification=0.1248, bbox_regression=0.1414, bbox_ctrness=0.5951
epoch 11/50 iter 1140/1860 loss=0.8889 mean_loss=0.8068 classification=0.1568, bbox_regression=0.1206, bbox_ctrness=0.6115
epoch 11/50 iter 1160/1860 loss=0.7427 mean_loss=0.8064 classification=0.0679, bbox_regression=0.0887, bbox_ctrness=0.5861
epoch 11/50 iter 1180/1860 loss=0.8790 mean_loss=0.8064 classification=0.1250, bbox_regression=0.1278, bbox_ctrness=0.6262
epoch 11/50 iter 1200/1860 loss=0.7076 mean_loss=0.8058 classification=0.0519, bbox_regression=0.0693, bbox_ctrness=0.5864
epoch 11/50 iter 1220/1860 loss=0.7215 mean_loss=0.8061 classification=0.0519, bbox_regression=0.0790, bbox_ctrness=0.5906
epoch 11/50 iter 1240/1860 loss=0.8252 mean_loss=0.8060 classification=0.1070, bbox_regression=0.1073, bbox_ctrness=0.6109
epoch 11/50 iter 1260/1860 loss=1.1061 mean_loss=0.8060 classification=0.2617, bbox_regression=0.2208, bbox_ctrness=0.6236
epoch 11/50 iter 1280/1860 loss=0.8033 mean_loss=0.8060 classification=0.1156, bbox_regression=0.0958, bbox_ctrness=0.5920
epoch 11/50 iter 1300/1860 loss=0.7833 mean_loss=0.8059 classification=0.1128, bbox_regression=0.0832, bbox_ctrness=0.5873
epoch 11/50 iter 1320/1860 loss=0.7367 mean_loss=0.8054 classification=0.0413, bbox_regression=0.0944, bbox_ctrness=0.6011
epoch 11/50 iter 1340/1860 loss=0.9473 mean_loss=0.8057 classification=0.1696, bbox_regression=0.1537, bbox_ctrness=0.6239
epoch 11/50 iter 1360/1860 loss=0.9240 mean_loss=0.8055 classification=0.1701, bbox_regression=0.1608, bbox_ctrness=0.5930
epoch 11/50 iter 1380/1860 loss=0.7907 mean_loss=0.8054 classification=0.0774, bbox_regression=0.0973, bbox_ctrness=0.6160
epoch 11/50 iter 1400/1860 loss=0.6860 mean_loss=0.8055 classification=0.0545, bbox_regression=0.0560, bbox_ctrness=0.5754
epoch 11/50 iter 1420/1860 loss=0.8341 mean_loss=0.8052 classification=0.1277, bbox_regression=0.1068, bbox_ctrness=0.5996
epoch 11/50 iter 1440/1860 loss=0.7529 mean_loss=0.8059 classification=0.0638, bbox_regression=0.0947, bbox_ctrness=0.5944
epoch 11/50 iter 1460/1860 loss=0.9239 mean_loss=0.8054 classification=0.1074, bbox_regression=0.1945, bbox_ctrness=0.6220
epoch 11/50 iter 1480/1860 loss=0.8497 mean_loss=0.8051 classification=0.1260, bbox_regression=0.1107, bbox_ctrness=0.6130
epoch 11/50 iter 1500/1860 loss=0.7544 mean_loss=0.8053 classification=0.0663, bbox_regression=0.0880, bbox_ctrness=0.6001
epoch 11/50 iter 1520/1860 loss=0.8287 mean_loss=0.8051 classification=0.0863, bbox_regression=0.1308, bbox_ctrness=0.6116
epoch 11/50 iter 1540/1860 loss=0.7517 mean_loss=0.8047 classification=0.0508, bbox_regression=0.0917, bbox_ctrness=0.6093
epoch 11/50 iter 1560/1860 loss=0.8051 mean_loss=0.8044 classification=0.0760, bbox_regression=0.1081, bbox_ctrness=0.6210
epoch 11/50 iter 1580/1860 loss=0.7268 mean_loss=0.8047 classification=0.0431, bbox_regression=0.0725, bbox_ctrness=0.6111
epoch 11/50 iter 1600/1860 loss=0.7127 mean_loss=0.8045 classification=0.0443, bbox_regression=0.0611, bbox_ctrness=0.6074
epoch 11/50 iter 1620/1860 loss=0.7380 mean_loss=0.8052 classification=0.0303, bbox_regression=0.0969, bbox_ctrness=0.6108
epoch 11/50 iter 1640/1860 loss=0.7495 mean_loss=0.8057 classification=0.0540, bbox_regression=0.0955, bbox_ctrness=0.6000
epoch 11/50 iter 1660/1860 loss=0.8299 mean_loss=0.8055 classification=0.1077, bbox_regression=0.1130, bbox_ctrness=0.6092
epoch 11/50 iter 1680/1860 loss=0.9416 mean_loss=0.8057 classification=0.1441, bbox_regression=0.1728, bbox_ctrness=0.6247
epoch 11/50 iter 1700/1860 loss=0.7324 mean_loss=0.8060 classification=0.0418, bbox_regression=0.0802, bbox_ctrness=0.6104
epoch 11/50 iter 1720/1860 loss=0.7306 mean_loss=0.8057 classification=0.0454, bbox_regression=0.0825, bbox_ctrness=0.6028
epoch 11/50 iter 1740/1860 loss=0.7956 mean_loss=0.8060 classification=0.0912, bbox_regression=0.1047, bbox_ctrness=0.5997
epoch 11/50 iter 1760/1860 loss=0.7978 mean_loss=0.8061 classification=0.0950, bbox_regression=0.1057, bbox_ctrness=0.5971
epoch 11/50 iter 1780/1860 loss=0.7647 mean_loss=0.8063 classification=0.0864, bbox_regression=0.0914, bbox_ctrness=0.5870
epoch 11/50 iter 1800/1860 loss=0.7591 mean_loss=0.8060 classification=0.0898, bbox_regression=0.0759, bbox_ctrness=0.5934
epoch 11/50 iter 1820/1860 loss=0.7501 mean_loss=0.8059 classification=0.0474, bbox_regression=0.1050, bbox_ctrness=0.5977
epoch 11/50 iter 1840/1860 loss=0.8174 mean_loss=0.8060 classification=0.0905, bbox_regression=0.1143, bbox_ctrness=0.6126
epoch 11/50 iter 1860/1860 loss=0.8757 mean_loss=0.8060 classification=0.1332, bbox_regression=0.1322, bbox_ctrness=0.6103
epoch 11 validation Precision=0.4215 Recall=0.9749 AP50=0.9434 AP75=0.8383 eval_fps=23.93 epoch_time_sec=779.8
saved checkpoint: E:\RepViT-main\runs\v48_complete_ablation\training\early_moddrop_seed1\weights\last.pt
epoch 12/50 iter 1/1860 loss=0.7413 mean_loss=0.7413 classification=0.0529, bbox_regression=0.0747, bbox_ctrness=0.6137
epoch 12/50 iter 20/1860 loss=1.1349 mean_loss=0.8193 classification=0.3098, bbox_regression=0.2157, bbox_ctrness=0.6095
epoch 12/50 iter 40/1860 loss=0.8179 mean_loss=0.8058 classification=0.0764, bbox_regression=0.1327, bbox_ctrness=0.6088
epoch 12/50 iter 60/1860 loss=0.7747 mean_loss=0.7968 classification=0.0842, bbox_regression=0.0877, bbox_ctrness=0.6029
epoch 12/50 iter 80/1860 loss=0.8446 mean_loss=0.7955 classification=0.1252, bbox_regression=0.1183, bbox_ctrness=0.6011
epoch 12/50 iter 100/1860 loss=0.7501 mean_loss=0.7911 classification=0.0556, bbox_regression=0.0942, bbox_ctrness=0.6002
epoch 12/50 iter 120/1860 loss=0.8575 mean_loss=0.7924 classification=0.1395, bbox_regression=0.1135, bbox_ctrness=0.6045
epoch 12/50 iter 140/1860 loss=0.7169 mean_loss=0.7914 classification=0.0503, bbox_regression=0.0843, bbox_ctrness=0.5822
epoch 12/50 iter 160/1860 loss=0.9680 mean_loss=0.7936 classification=0.1855, bbox_regression=0.1578, bbox_ctrness=0.6248
epoch 12/50 iter 180/1860 loss=0.7052 mean_loss=0.7941 classification=0.0381, bbox_regression=0.0783, bbox_ctrness=0.5888
epoch 12/50 iter 200/1860 loss=0.7138 mean_loss=0.7939 classification=0.0467, bbox_regression=0.0791, bbox_ctrness=0.5880
epoch 12/50 iter 220/1860 loss=0.7479 mean_loss=0.7962 classification=0.0615, bbox_regression=0.0807, bbox_ctrness=0.6058
epoch 12/50 iter 240/1860 loss=0.8237 mean_loss=0.7975 classification=0.0991, bbox_regression=0.1096, bbox_ctrness=0.6150
epoch 12/50 iter 260/1860 loss=0.8081 mean_loss=0.7985 classification=0.1243, bbox_regression=0.0919, bbox_ctrness=0.5918
epoch 12/50 iter 280/1860 loss=0.7618 mean_loss=0.7983 classification=0.0685, bbox_regression=0.0882, bbox_ctrness=0.6051
epoch 12/50 iter 300/1860 loss=0.7753 mean_loss=0.7976 classification=0.0674, bbox_regression=0.1187, bbox_ctrness=0.5892
epoch 12/50 iter 320/1860 loss=0.8857 mean_loss=0.7982 classification=0.1338, bbox_regression=0.1288, bbox_ctrness=0.6231
epoch 12/50 iter 340/1860 loss=0.8534 mean_loss=0.7986 classification=0.1168, bbox_regression=0.1312, bbox_ctrness=0.6054
epoch 12/50 iter 360/1860 loss=0.7839 mean_loss=0.8005 classification=0.0699, bbox_regression=0.0957, bbox_ctrness=0.6183
epoch 12/50 iter 380/1860 loss=0.7449 mean_loss=0.8006 classification=0.0498, bbox_regression=0.0934, bbox_ctrness=0.6017
epoch 12/50 iter 400/1860 loss=0.7096 mean_loss=0.7998 classification=0.0322, bbox_regression=0.0758, bbox_ctrness=0.6016
epoch 12/50 iter 420/1860 loss=1.3153 mean_loss=0.8019 classification=0.4214, bbox_regression=0.2727, bbox_ctrness=0.6213
epoch 12/50 iter 440/1860 loss=0.9186 mean_loss=0.8005 classification=0.1177, bbox_regression=0.1819, bbox_ctrness=0.6190
epoch 12/50 iter 460/1860 loss=0.7823 mean_loss=0.8000 classification=0.0628, bbox_regression=0.1188, bbox_ctrness=0.6007
epoch 12/50 iter 480/1860 loss=0.7627 mean_loss=0.8018 classification=0.0870, bbox_regression=0.0831, bbox_ctrness=0.5926
epoch 12/50 iter 500/1860 loss=1.0817 mean_loss=0.8033 classification=0.2497, bbox_regression=0.1989, bbox_ctrness=0.6331
epoch 12/50 iter 520/1860 loss=0.9110 mean_loss=0.8021 classification=0.1811, bbox_regression=0.1280, bbox_ctrness=0.6020
epoch 12/50 iter 540/1860 loss=0.8936 mean_loss=0.8007 classification=0.1364, bbox_regression=0.1433, bbox_ctrness=0.6139
epoch 12/50 iter 560/1860 loss=0.7708 mean_loss=0.8005 classification=0.0435, bbox_regression=0.1143, bbox_ctrness=0.6130
epoch 12/50 iter 580/1860 loss=0.7381 mean_loss=0.8011 classification=0.0593, bbox_regression=0.0872, bbox_ctrness=0.5916
epoch 12/50 iter 600/1860 loss=0.7490 mean_loss=0.7995 classification=0.0483, bbox_regression=0.0898, bbox_ctrness=0.6109
epoch 12/50 iter 620/1860 loss=0.7216 mean_loss=0.7993 classification=0.0409, bbox_regression=0.0730, bbox_ctrness=0.6076
epoch 12/50 iter 640/1860 loss=0.9891 mean_loss=0.8010 classification=0.1858, bbox_regression=0.2011, bbox_ctrness=0.6022
epoch 12/50 iter 660/1860 loss=0.9249 mean_loss=0.8002 classification=0.1757, bbox_regression=0.1368, bbox_ctrness=0.6125
epoch 12/50 iter 680/1860 loss=0.7794 mean_loss=0.8004 classification=0.0748, bbox_regression=0.1014, bbox_ctrness=0.6032
epoch 12/50 iter 700/1860 loss=0.7037 mean_loss=0.8007 classification=0.0310, bbox_regression=0.0673, bbox_ctrness=0.6054
epoch 12/50 iter 720/1860 loss=0.7291 mean_loss=0.7998 classification=0.0662, bbox_regression=0.0717, bbox_ctrness=0.5912
epoch 12/50 iter 740/1860 loss=0.7430 mean_loss=0.7991 classification=0.0567, bbox_regression=0.0952, bbox_ctrness=0.5911
epoch 12/50 iter 760/1860 loss=0.9303 mean_loss=0.7994 classification=0.2046, bbox_regression=0.1158, bbox_ctrness=0.6099
epoch 12/50 iter 780/1860 loss=0.7065 mean_loss=0.7987 classification=0.0332, bbox_regression=0.0659, bbox_ctrness=0.6073
epoch 12/50 iter 800/1860 loss=0.7575 mean_loss=0.7986 classification=0.0780, bbox_regression=0.0927, bbox_ctrness=0.5869
epoch 12/50 iter 820/1860 loss=0.8532 mean_loss=0.7990 classification=0.1074, bbox_regression=0.1292, bbox_ctrness=0.6166
epoch 12/50 iter 840/1860 loss=0.8278 mean_loss=0.7986 classification=0.1218, bbox_regression=0.1135, bbox_ctrness=0.5925
epoch 12/50 iter 860/1860 loss=0.7165 mean_loss=0.7986 classification=0.0314, bbox_regression=0.0843, bbox_ctrness=0.6008
epoch 12/50 iter 880/1860 loss=0.7022 mean_loss=0.8003 classification=0.0260, bbox_regression=0.0736, bbox_ctrness=0.6026
epoch 12/50 iter 900/1860 loss=0.7247 mean_loss=0.7998 classification=0.0379, bbox_regression=0.0905, bbox_ctrness=0.5963
epoch 12/50 iter 920/1860 loss=0.8024 mean_loss=0.7993 classification=0.0817, bbox_regression=0.1185, bbox_ctrness=0.6022
epoch 12/50 iter 940/1860 loss=0.7200 mean_loss=0.7990 classification=0.0369, bbox_regression=0.0852, bbox_ctrness=0.5979
epoch 12/50 iter 960/1860 loss=0.8623 mean_loss=0.7993 classification=0.1377, bbox_regression=0.1134, bbox_ctrness=0.6112
epoch 12/50 iter 980/1860 loss=0.7464 mean_loss=0.7988 classification=0.0511, bbox_regression=0.0989, bbox_ctrness=0.5963
epoch 12/50 iter 1000/1860 loss=0.7759 mean_loss=0.7990 classification=0.0612, bbox_regression=0.1092, bbox_ctrness=0.6055
epoch 12/50 iter 1020/1860 loss=0.8282 mean_loss=0.7996 classification=0.0999, bbox_regression=0.1144, bbox_ctrness=0.6138
epoch 12/50 iter 1040/1860 loss=0.8333 mean_loss=0.8001 classification=0.1151, bbox_regression=0.1173, bbox_ctrness=0.6009
epoch 12/50 iter 1060/1860 loss=1.0377 mean_loss=0.8004 classification=0.2177, bbox_regression=0.1975, bbox_ctrness=0.6225
epoch 12/50 iter 1080/1860 loss=0.8033 mean_loss=0.8001 classification=0.1009, bbox_regression=0.0889, bbox_ctrness=0.6135
epoch 12/50 iter 1100/1860 loss=0.6899 mean_loss=0.7993 classification=0.0240, bbox_regression=0.0633, bbox_ctrness=0.6026
epoch 12/50 iter 1120/1860 loss=0.7191 mean_loss=0.7992 classification=0.0356, bbox_regression=0.0880, bbox_ctrness=0.5954
epoch 12/50 iter 1140/1860 loss=0.8054 mean_loss=0.7989 classification=0.1000, bbox_regression=0.0999, bbox_ctrness=0.6056
epoch 12/50 iter 1160/1860 loss=0.7239 mean_loss=0.7985 classification=0.0368, bbox_regression=0.0855, bbox_ctrness=0.6017
epoch 12/50 iter 1180/1860 loss=1.0360 mean_loss=0.7987 classification=0.2346, bbox_regression=0.1961, bbox_ctrness=0.6053
epoch 12/50 iter 1200/1860 loss=0.9250 mean_loss=0.7985 classification=0.1397, bbox_regression=0.1531, bbox_ctrness=0.6322
epoch 12/50 iter 1220/1860 loss=1.0483 mean_loss=0.7983 classification=0.1705, bbox_regression=0.2261, bbox_ctrness=0.6516
epoch 12/50 iter 1240/1860 loss=0.7327 mean_loss=0.7982 classification=0.0396, bbox_regression=0.0777, bbox_ctrness=0.6154
epoch 12/50 iter 1260/1860 loss=0.7169 mean_loss=0.7987 classification=0.0393, bbox_regression=0.0799, bbox_ctrness=0.5977
epoch 12/50 iter 1280/1860 loss=0.8320 mean_loss=0.7993 classification=0.0773, bbox_regression=0.1306, bbox_ctrness=0.6241
epoch 12/50 iter 1300/1860 loss=0.7918 mean_loss=0.7995 classification=0.0787, bbox_regression=0.0904, bbox_ctrness=0.6228
epoch 12/50 iter 1320/1860 loss=0.8375 mean_loss=0.8008 classification=0.0928, bbox_regression=0.1341, bbox_ctrness=0.6106
epoch 12/50 iter 1340/1860 loss=0.7206 mean_loss=0.8008 classification=0.0596, bbox_regression=0.0769, bbox_ctrness=0.5841
epoch 12/50 iter 1360/1860 loss=0.7224 mean_loss=0.8007 classification=0.0564, bbox_regression=0.0799, bbox_ctrness=0.5861
epoch 12/50 iter 1380/1860 loss=0.8957 mean_loss=0.8003 classification=0.1276, bbox_regression=0.1435, bbox_ctrness=0.6246
epoch 12/50 iter 1400/1860 loss=0.7341 mean_loss=0.7997 classification=0.0535, bbox_regression=0.0936, bbox_ctrness=0.5870
epoch 12/50 iter 1420/1860 loss=0.9548 mean_loss=0.7995 classification=0.1677, bbox_regression=0.1677, bbox_ctrness=0.6193
epoch 12/50 iter 1440/1860 loss=0.8194 mean_loss=0.7999 classification=0.0766, bbox_regression=0.1387, bbox_ctrness=0.6041
epoch 12/50 iter 1460/1860 loss=0.7713 mean_loss=0.7996 classification=0.0824, bbox_regression=0.0898, bbox_ctrness=0.5991
epoch 12/50 iter 1480/1860 loss=0.7465 mean_loss=0.7992 classification=0.0543, bbox_regression=0.0895, bbox_ctrness=0.6027
epoch 12/50 iter 1500/1860 loss=0.9519 mean_loss=0.7990 classification=0.2073, bbox_regression=0.1312, bbox_ctrness=0.6134
epoch 12/50 iter 1520/1860 loss=0.7088 mean_loss=0.7987 classification=0.0472, bbox_regression=0.0747, bbox_ctrness=0.5868
epoch 12/50 iter 1540/1860 loss=0.7297 mean_loss=0.7983 classification=0.0334, bbox_regression=0.0872, bbox_ctrness=0.6091
epoch 12/50 iter 1560/1860 loss=0.8118 mean_loss=0.7978 classification=0.1154, bbox_regression=0.1030, bbox_ctrness=0.5934
epoch 12/50 iter 1580/1860 loss=0.7481 mean_loss=0.7980 classification=0.0649, bbox_regression=0.1005, bbox_ctrness=0.5827
epoch 12/50 iter 1600/1860 loss=0.7474 mean_loss=0.7980 classification=0.0775, bbox_regression=0.0878, bbox_ctrness=0.5822
epoch 12/50 iter 1620/1860 loss=0.7960 mean_loss=0.7978 classification=0.0998, bbox_regression=0.0995, bbox_ctrness=0.5967
epoch 12/50 iter 1640/1860 loss=0.8031 mean_loss=0.7978 classification=0.0964, bbox_regression=0.1037, bbox_ctrness=0.6030
epoch 12/50 iter 1660/1860 loss=0.7268 mean_loss=0.7983 classification=0.0452, bbox_regression=0.0836, bbox_ctrness=0.5980
epoch 12/50 iter 1680/1860 loss=0.9526 mean_loss=0.7985 classification=0.1567, bbox_regression=0.1726, bbox_ctrness=0.6233
epoch 12/50 iter 1700/1860 loss=0.8828 mean_loss=0.7984 classification=0.1482, bbox_regression=0.1445, bbox_ctrness=0.5902
epoch 12/50 iter 1720/1860 loss=0.6991 mean_loss=0.7983 classification=0.0274, bbox_regression=0.0725, bbox_ctrness=0.5992
epoch 12/50 iter 1740/1860 loss=0.7195 mean_loss=0.7981 classification=0.0428, bbox_regression=0.0873, bbox_ctrness=0.5894
epoch 12/50 iter 1760/1860 loss=0.8696 mean_loss=0.7984 classification=0.1300, bbox_regression=0.1323, bbox_ctrness=0.6073
epoch 12/50 iter 1780/1860 loss=0.7176 mean_loss=0.7981 classification=0.0360, bbox_regression=0.0854, bbox_ctrness=0.5963
epoch 12/50 iter 1800/1860 loss=0.7433 mean_loss=0.7980 classification=0.0584, bbox_regression=0.0928, bbox_ctrness=0.5922
epoch 12/50 iter 1820/1860 loss=0.7861 mean_loss=0.7979 classification=0.0941, bbox_regression=0.0957, bbox_ctrness=0.5963
epoch 12/50 iter 1840/1860 loss=0.7492 mean_loss=0.7980 classification=0.0596, bbox_regression=0.0752, bbox_ctrness=0.6145
epoch 12/50 iter 1860/1860 loss=0.8605 mean_loss=0.7983 classification=0.1354, bbox_regression=0.1313, bbox_ctrness=0.5938
epoch 12 validation Precision=0.2226 Recall=0.9813 AP50=0.9445 AP75=0.8253 eval_fps=22.35 epoch_time_sec=784.1
saved checkpoint: E:\RepViT-main\runs\v48_complete_ablation\training\early_moddrop_seed1\weights\last.pt
epoch 13/50 iter 1/1860 loss=0.7166 mean_loss=0.7166 classification=0.0319, bbox_regression=0.0861, bbox_ctrness=0.5986
epoch 13/50 iter 20/1860 loss=0.7837 mean_loss=0.7698 classification=0.0793, bbox_regression=0.1236, bbox_ctrness=0.5807
epoch 13/50 iter 40/1860 loss=0.8390 mean_loss=0.7697 classification=0.0989, bbox_regression=0.1260, bbox_ctrness=0.6141
epoch 13/50 iter 60/1860 loss=0.7493 mean_loss=0.7917 classification=0.0501, bbox_regression=0.0914, bbox_ctrness=0.6079
epoch 13/50 iter 80/1860 loss=0.6899 mean_loss=0.7889 classification=0.0153, bbox_regression=0.0736, bbox_ctrness=0.6010
epoch 13/50 iter 100/1860 loss=0.7410 mean_loss=0.7821 classification=0.0215, bbox_regression=0.1103, bbox_ctrness=0.6092
epoch 13/50 iter 120/1860 loss=0.7722 mean_loss=0.7825 classification=0.0641, bbox_regression=0.1154, bbox_ctrness=0.5927
epoch 13/50 iter 140/1860 loss=0.7849 mean_loss=0.7834 classification=0.0575, bbox_regression=0.1172, bbox_ctrness=0.6102
epoch 13/50 iter 160/1860 loss=0.8262 mean_loss=0.7853 classification=0.0819, bbox_regression=0.1289, bbox_ctrness=0.6155
epoch 13/50 iter 180/1860 loss=0.9280 mean_loss=0.7869 classification=0.1515, bbox_regression=0.1585, bbox_ctrness=0.6181
epoch 13/50 iter 200/1860 loss=0.7352 mean_loss=0.7847 classification=0.0571, bbox_regression=0.0808, bbox_ctrness=0.5973
epoch 13/50 iter 220/1860 loss=0.7486 mean_loss=0.7836 classification=0.0465, bbox_regression=0.0852, bbox_ctrness=0.6169
epoch 13/50 iter 240/1860 loss=0.9436 mean_loss=0.7848 classification=0.1589, bbox_regression=0.1615, bbox_ctrness=0.6232
epoch 13/50 iter 260/1860 loss=0.8059 mean_loss=0.7869 classification=0.0785, bbox_regression=0.1142, bbox_ctrness=0.6132
epoch 13/50 iter 280/1860 loss=0.9844 mean_loss=0.7868 classification=0.2066, bbox_regression=0.1551, bbox_ctrness=0.6228
epoch 13/50 iter 300/1860 loss=0.7021 mean_loss=0.7845 classification=0.0187, bbox_regression=0.0865, bbox_ctrness=0.5969
epoch 13/50 iter 320/1860 loss=0.6961 mean_loss=0.7832 classification=0.0290, bbox_regression=0.0672, bbox_ctrness=0.5999
epoch 13/50 iter 340/1860 loss=0.8983 mean_loss=0.7827 classification=0.1487, bbox_regression=0.1421, bbox_ctrness=0.6076
epoch 13/50 iter 360/1860 loss=0.7093 mean_loss=0.7829 classification=0.0374, bbox_regression=0.0808, bbox_ctrness=0.5910
epoch 13/50 iter 380/1860 loss=0.8636 mean_loss=0.7847 classification=0.1135, bbox_regression=0.1473, bbox_ctrness=0.6029
epoch 13/50 iter 400/1860 loss=0.7191 mean_loss=0.7844 classification=0.0353, bbox_regression=0.0749, bbox_ctrness=0.6089
epoch 13/50 iter 420/1860 loss=0.8355 mean_loss=0.7841 classification=0.1191, bbox_regression=0.1170, bbox_ctrness=0.5994
epoch 13/50 iter 440/1860 loss=0.7971 mean_loss=0.7862 classification=0.0990, bbox_regression=0.1017, bbox_ctrness=0.5964
epoch 13/50 iter 460/1860 loss=0.7623 mean_loss=0.7856 classification=0.0645, bbox_regression=0.0970, bbox_ctrness=0.6008
epoch 13/50 iter 480/1860 loss=0.7109 mean_loss=0.7838 classification=0.0270, bbox_regression=0.0883, bbox_ctrness=0.5956
epoch 13/50 iter 500/1860 loss=0.7808 mean_loss=0.7860 classification=0.0972, bbox_regression=0.0697, bbox_ctrness=0.6139
epoch 13/50 iter 520/1860 loss=0.9209 mean_loss=0.7861 classification=0.1467, bbox_regression=0.1591, bbox_ctrness=0.6151
epoch 13/50 iter 540/1860 loss=0.8897 mean_loss=0.7873 classification=0.1596, bbox_regression=0.1240, bbox_ctrness=0.6061
epoch 13/50 iter 560/1860 loss=0.7420 mean_loss=0.7875 classification=0.0645, bbox_regression=0.0864, bbox_ctrness=0.5911
epoch 13/50 iter 580/1860 loss=1.0191 mean_loss=0.7885 classification=0.2078, bbox_regression=0.1977, bbox_ctrness=0.6135
epoch 13/50 iter 600/1860 loss=0.9516 mean_loss=0.7902 classification=0.1441, bbox_regression=0.1939, bbox_ctrness=0.6136
epoch 13/50 iter 620/1860 loss=0.7360 mean_loss=0.7910 classification=0.0498, bbox_regression=0.0796, bbox_ctrness=0.6066
epoch 13/50 iter 640/1860 loss=0.7334 mean_loss=0.7899 classification=0.0516, bbox_regression=0.0825, bbox_ctrness=0.5993
epoch 13/50 iter 660/1860 loss=0.8077 mean_loss=0.7892 classification=0.0684, bbox_regression=0.1234, bbox_ctrness=0.6158
epoch 13/50 iter 680/1860 loss=0.7617 mean_loss=0.7884 classification=0.0769, bbox_regression=0.0940, bbox_ctrness=0.5908
epoch 13/50 iter 700/1860 loss=0.8034 mean_loss=0.7883 classification=0.0912, bbox_regression=0.1108, bbox_ctrness=0.6014
epoch 13/50 iter 720/1860 loss=0.7415 mean_loss=0.7893 classification=0.0613, bbox_regression=0.0671, bbox_ctrness=0.6131
epoch 13/50 iter 740/1860 loss=0.7560 mean_loss=0.7884 classification=0.0532, bbox_regression=0.0982, bbox_ctrness=0.6046
epoch 13/50 iter 760/1860 loss=0.7239 mean_loss=0.7887 classification=0.0432, bbox_regression=0.0793, bbox_ctrness=0.6014
epoch 13/50 iter 780/1860 loss=0.7830 mean_loss=0.7880 classification=0.0689, bbox_regression=0.0948, bbox_ctrness=0.6194
epoch 13/50 iter 800/1860 loss=0.7192 mean_loss=0.7886 classification=0.0674, bbox_regression=0.0631, bbox_ctrness=0.5888
epoch 13/50 iter 820/1860 loss=0.7396 mean_loss=0.7887 classification=0.0248, bbox_regression=0.0980, bbox_ctrness=0.6168
epoch 13/50 iter 840/1860 loss=0.8389 mean_loss=0.7893 classification=0.0875, bbox_regression=0.1299, bbox_ctrness=0.6216
epoch 13/50 iter 860/1860 loss=1.0057 mean_loss=0.7895 classification=0.1946, bbox_regression=0.1861, bbox_ctrness=0.6250
epoch 13/50 iter 880/1860 loss=0.6985 mean_loss=0.7908 classification=0.0263, bbox_regression=0.0874, bbox_ctrness=0.5848
epoch 13/50 iter 900/1860 loss=0.7041 mean_loss=0.7909 classification=0.0293, bbox_regression=0.0635, bbox_ctrness=0.6112
epoch 13/50 iter 920/1860 loss=0.9141 mean_loss=0.7914 classification=0.1310, bbox_regression=0.1664, bbox_ctrness=0.6167
epoch 13/50 iter 940/1860 loss=0.7430 mean_loss=0.7912 classification=0.0802, bbox_regression=0.0751, bbox_ctrness=0.5878
epoch 13/50 iter 960/1860 loss=0.7099 mean_loss=0.7912 classification=0.0436, bbox_regression=0.0883, bbox_ctrness=0.5780
epoch 13/50 iter 980/1860 loss=0.7460 mean_loss=0.7910 classification=0.0529, bbox_regression=0.0914, bbox_ctrness=0.6018
epoch 13/50 iter 1000/1860 loss=0.7908 mean_loss=0.7916 classification=0.0691, bbox_regression=0.1079, bbox_ctrness=0.6139
epoch 13/50 iter 1020/1860 loss=0.6928 mean_loss=0.7912 classification=0.0284, bbox_regression=0.0695, bbox_ctrness=0.5950
epoch 13/50 iter 1040/1860 loss=0.7539 mean_loss=0.7907 classification=0.0606, bbox_regression=0.0959, bbox_ctrness=0.5973
epoch 13/50 iter 1060/1860 loss=0.7375 mean_loss=0.7904 classification=0.0659, bbox_regression=0.0813, bbox_ctrness=0.5903
epoch 13/50 iter 1080/1860 loss=0.6883 mean_loss=0.7911 classification=0.0379, bbox_regression=0.0646, bbox_ctrness=0.5858
epoch 13/50 iter 1100/1860 loss=0.7423 mean_loss=0.7912 classification=0.0740, bbox_regression=0.0710, bbox_ctrness=0.5973
epoch 13/50 iter 1120/1860 loss=0.7892 mean_loss=0.7909 classification=0.0736, bbox_regression=0.1070, bbox_ctrness=0.6085
epoch 13/50 iter 1140/1860 loss=0.8060 mean_loss=0.7912 classification=0.0720, bbox_regression=0.1251, bbox_ctrness=0.6089
epoch 13/50 iter 1160/1860 loss=0.9857 mean_loss=0.7922 classification=0.2276, bbox_regression=0.1460, bbox_ctrness=0.6122
epoch 13/50 iter 1180/1860 loss=0.7455 mean_loss=0.7920 classification=0.0650, bbox_regression=0.0776, bbox_ctrness=0.6030
epoch 13/50 iter 1200/1860 loss=0.8489 mean_loss=0.7928 classification=0.1217, bbox_regression=0.1335, bbox_ctrness=0.5938
epoch 13/50 iter 1220/1860 loss=0.7374 mean_loss=0.7923 classification=0.0517, bbox_regression=0.0800, bbox_ctrness=0.6057
epoch 13/50 iter 1240/1860 loss=0.8504 mean_loss=0.7921 classification=0.0828, bbox_regression=0.1380, bbox_ctrness=0.6296
epoch 13/50 iter 1260/1860 loss=0.7161 mean_loss=0.7916 classification=0.0526, bbox_regression=0.0723, bbox_ctrness=0.5911
epoch 13/50 iter 1280/1860 loss=0.8108 mean_loss=0.7916 classification=0.1203, bbox_regression=0.0960, bbox_ctrness=0.5945
epoch 13/50 iter 1300/1860 loss=0.7146 mean_loss=0.7915 classification=0.0297, bbox_regression=0.0810, bbox_ctrness=0.6038
epoch 13/50 iter 1320/1860 loss=0.7416 mean_loss=0.7914 classification=0.0566, bbox_regression=0.0868, bbox_ctrness=0.5982
epoch 13/50 iter 1340/1860 loss=0.7313 mean_loss=0.7915 classification=0.0447, bbox_regression=0.0865, bbox_ctrness=0.6001
epoch 13/50 iter 1360/1860 loss=0.7477 mean_loss=0.7919 classification=0.0454, bbox_regression=0.0921, bbox_ctrness=0.6103
epoch 13/50 iter 1380/1860 loss=0.7030 mean_loss=0.7913 classification=0.0123, bbox_regression=0.0659, bbox_ctrness=0.6248
epoch 13/50 iter 1400/1860 loss=0.7501 mean_loss=0.7910 classification=0.0468, bbox_regression=0.0976, bbox_ctrness=0.6057
epoch 13/50 iter 1420/1860 loss=0.7228 mean_loss=0.7908 classification=0.0189, bbox_regression=0.0751, bbox_ctrness=0.6287
epoch 13/50 iter 1440/1860 loss=0.7394 mean_loss=0.7912 classification=0.0307, bbox_regression=0.0836, bbox_ctrness=0.6250
epoch 13/50 iter 1460/1860 loss=0.8538 mean_loss=0.7913 classification=0.0973, bbox_regression=0.1451, bbox_ctrness=0.6114
epoch 13/50 iter 1480/1860 loss=0.8935 mean_loss=0.7912 classification=0.1375, bbox_regression=0.1481, bbox_ctrness=0.6079
epoch 13/50 iter 1500/1860 loss=0.7128 mean_loss=0.7908 classification=0.0348, bbox_regression=0.0817, bbox_ctrness=0.5963
epoch 13/50 iter 1520/1860 loss=0.9187 mean_loss=0.7913 classification=0.1593, bbox_regression=0.1450, bbox_ctrness=0.6144
epoch 13/50 iter 1540/1860 loss=0.7324 mean_loss=0.7916 classification=0.0555, bbox_regression=0.0795, bbox_ctrness=0.5974
epoch 13/50 iter 1560/1860 loss=0.7098 mean_loss=0.7908 classification=0.0345, bbox_regression=0.0799, bbox_ctrness=0.5954
epoch 13/50 iter 1580/1860 loss=0.7387 mean_loss=0.7906 classification=0.0459, bbox_regression=0.0766, bbox_ctrness=0.6162
epoch 13/50 iter 1600/1860 loss=0.7055 mean_loss=0.7906 classification=0.0124, bbox_regression=0.0837, bbox_ctrness=0.6094
epoch 13/50 iter 1620/1860 loss=0.7367 mean_loss=0.7904 classification=0.0493, bbox_regression=0.0904, bbox_ctrness=0.5970
epoch 13/50 iter 1640/1860 loss=0.7131 mean_loss=0.7906 classification=0.0523, bbox_regression=0.0688, bbox_ctrness=0.5920
epoch 13/50 iter 1660/1860 loss=0.7543 mean_loss=0.7906 classification=0.0564, bbox_regression=0.0911, bbox_ctrness=0.6068
epoch 13/50 iter 1680/1860 loss=0.7838 mean_loss=0.7909 classification=0.0731, bbox_regression=0.0945, bbox_ctrness=0.6162
epoch 13/50 iter 1700/1860 loss=0.9110 mean_loss=0.7911 classification=0.1724, bbox_regression=0.1503, bbox_ctrness=0.5882
epoch 13/50 iter 1720/1860 loss=0.8573 mean_loss=0.7913 classification=0.1169, bbox_regression=0.1319, bbox_ctrness=0.6086
epoch 13/50 iter 1740/1860 loss=0.7868 mean_loss=0.7911 classification=0.0842, bbox_regression=0.0962, bbox_ctrness=0.6064
epoch 13/50 iter 1760/1860 loss=0.7154 mean_loss=0.7907 classification=0.0374, bbox_regression=0.0834, bbox_ctrness=0.5946
epoch 13/50 iter 1780/1860 loss=0.9547 mean_loss=0.7905 classification=0.1547, bbox_regression=0.1736, bbox_ctrness=0.6264
epoch 13/50 iter 1800/1860 loss=0.8014 mean_loss=0.7902 classification=0.0683, bbox_regression=0.1105, bbox_ctrness=0.6226
epoch 13/50 iter 1820/1860 loss=0.8029 mean_loss=0.7904 classification=0.0861, bbox_regression=0.1075, bbox_ctrness=0.6094
epoch 13/50 iter 1840/1860 loss=1.0388 mean_loss=0.7906 classification=0.2235, bbox_regression=0.2196, bbox_ctrness=0.5957
epoch 13/50 iter 1860/1860 loss=0.7112 mean_loss=0.7903 classification=0.0227, bbox_regression=0.0885, bbox_ctrness=0.6000
epoch 13 validation Precision=0.4772 Recall=0.9647 AP50=0.9407 AP75=0.8366 eval_fps=17.94 epoch_time_sec=820.4
saved checkpoint: E:\RepViT-main\runs\v48_complete_ablation\training\early_moddrop_seed1\weights\last.pt
epoch 14/50 iter 1/1860 loss=0.7256 mean_loss=0.7256 classification=0.0482, bbox_regression=0.0774, bbox_ctrness=0.6000
epoch 14/50 iter 20/1860 loss=0.7655 mean_loss=0.7664 classification=0.0744, bbox_regression=0.0873, bbox_ctrness=0.6037
epoch 14/50 iter 40/1860 loss=0.7435 mean_loss=0.7763 classification=0.0384, bbox_regression=0.0986, bbox_ctrness=0.6065
epoch 14/50 iter 60/1860 loss=0.7055 mean_loss=0.7848 classification=0.0074, bbox_regression=0.0821, bbox_ctrness=0.6160
epoch 14/50 iter 80/1860 loss=0.6941 mean_loss=0.7829 classification=0.0387, bbox_regression=0.0763, bbox_ctrness=0.5791
epoch 14/50 iter 100/1860 loss=0.6636 mean_loss=0.7814 classification=0.0172, bbox_regression=0.0582, bbox_ctrness=0.5881
epoch 14/50 iter 120/1860 loss=0.6799 mean_loss=0.7736 classification=0.0243, bbox_regression=0.0752, bbox_ctrness=0.5804
epoch 14/50 iter 140/1860 loss=0.8134 mean_loss=0.7807 classification=0.0797, bbox_regression=0.1179, bbox_ctrness=0.6158
epoch 14/50 iter 160/1860 loss=0.7032 mean_loss=0.7764 classification=0.0221, bbox_regression=0.0683, bbox_ctrness=0.6128
epoch 14/50 iter 180/1860 loss=0.6908 mean_loss=0.7769 classification=0.0138, bbox_regression=0.0587, bbox_ctrness=0.6183
epoch 14/50 iter 200/1860 loss=0.8539 mean_loss=0.7777 classification=0.1065, bbox_regression=0.1419, bbox_ctrness=0.6055
epoch 14/50 iter 220/1860 loss=0.7151 mean_loss=0.7775 classification=0.0181, bbox_regression=0.0959, bbox_ctrness=0.6011
epoch 14/50 iter 240/1860 loss=0.7004 mean_loss=0.7795 classification=0.0249, bbox_regression=0.0633, bbox_ctrness=0.6122
epoch 14/50 iter 260/1860 loss=0.7241 mean_loss=0.7787 classification=0.0316, bbox_regression=0.0773, bbox_ctrness=0.6152
epoch 14/50 iter 280/1860 loss=0.7740 mean_loss=0.7801 classification=0.0599, bbox_regression=0.1105, bbox_ctrness=0.6035
epoch 14/50 iter 300/1860 loss=0.6967 mean_loss=0.7794 classification=0.0428, bbox_regression=0.0634, bbox_ctrness=0.5905
epoch 14/50 iter 320/1860 loss=0.7890 mean_loss=0.7816 classification=0.0936, bbox_regression=0.1123, bbox_ctrness=0.5831
epoch 14/50 iter 340/1860 loss=0.7051 mean_loss=0.7811 classification=0.0284, bbox_regression=0.0857, bbox_ctrness=0.5910
epoch 14/50 iter 360/1860 loss=0.7114 mean_loss=0.7814 classification=0.0360, bbox_regression=0.0634, bbox_ctrness=0.6120
epoch 14/50 iter 380/1860 loss=0.6919 mean_loss=0.7834 classification=0.0290, bbox_regression=0.0603, bbox_ctrness=0.6026
epoch 14/50 iter 400/1860 loss=0.7519 mean_loss=0.7823 classification=0.0655, bbox_regression=0.0971, bbox_ctrness=0.5892
epoch 14/50 iter 420/1860 loss=0.8386 mean_loss=0.7812 classification=0.0964, bbox_regression=0.1203, bbox_ctrness=0.6219
epoch 14/50 iter 440/1860 loss=0.8395 mean_loss=0.7806 classification=0.0983, bbox_regression=0.1357, bbox_ctrness=0.6055
epoch 14/50 iter 460/1860 loss=0.7746 mean_loss=0.7814 classification=0.0689, bbox_regression=0.1055, bbox_ctrness=0.6002
epoch 14/50 iter 480/1860 loss=0.8239 mean_loss=0.7836 classification=0.1336, bbox_regression=0.1043, bbox_ctrness=0.5859
epoch 14/50 iter 500/1860 loss=0.8023 mean_loss=0.7843 classification=0.0958, bbox_regression=0.0866, bbox_ctrness=0.6199
epoch 14/50 iter 520/1860 loss=0.7106 mean_loss=0.7851 classification=0.0380, bbox_regression=0.0733, bbox_ctrness=0.5992
epoch 14/50 iter 540/1860 loss=0.7548 mean_loss=0.7834 classification=0.0661, bbox_regression=0.0819, bbox_ctrness=0.6068
epoch 14/50 iter 560/1860 loss=0.9798 mean_loss=0.7847 classification=0.1636, bbox_regression=0.2050, bbox_ctrness=0.6112
epoch 14/50 iter 580/1860 loss=0.7386 mean_loss=0.7859 classification=0.0626, bbox_regression=0.0792, bbox_ctrness=0.5969
epoch 14/50 iter 600/1860 loss=0.7207 mean_loss=0.7856 classification=0.0350, bbox_regression=0.0809, bbox_ctrness=0.6048
epoch 14/50 iter 620/1860 loss=0.6976 mean_loss=0.7857 classification=0.0262, bbox_regression=0.0862, bbox_ctrness=0.5852
epoch 14/50 iter 640/1860 loss=0.9124 mean_loss=0.7861 classification=0.1216, bbox_regression=0.1702, bbox_ctrness=0.6206
epoch 14/50 iter 660/1860 loss=0.7178 mean_loss=0.7855 classification=0.0281, bbox_regression=0.0923, bbox_ctrness=0.5974
epoch 14/50 iter 680/1860 loss=0.7613 mean_loss=0.7861 classification=0.0706, bbox_regression=0.0951, bbox_ctrness=0.5956
epoch 14/50 iter 700/1860 loss=0.7261 mean_loss=0.7859 classification=0.0262, bbox_regression=0.0877, bbox_ctrness=0.6121
epoch 14/50 iter 720/1860 loss=0.7661 mean_loss=0.7860 classification=0.0647, bbox_regression=0.1014, bbox_ctrness=0.5999
epoch 14/50 iter 740/1860 loss=1.1075 mean_loss=0.7859 classification=0.2879, bbox_regression=0.2050, bbox_ctrness=0.6146
epoch 14/50 iter 760/1860 loss=0.7549 mean_loss=0.7858 classification=0.0780, bbox_regression=0.0747, bbox_ctrness=0.6022
epoch 14/50 iter 780/1860 loss=0.7405 mean_loss=0.7849 classification=0.0454, bbox_regression=0.0803, bbox_ctrness=0.6149
epoch 14/50 iter 800/1860 loss=0.6905 mean_loss=0.7845 classification=0.0232, bbox_regression=0.0728, bbox_ctrness=0.5945
epoch 14/50 iter 820/1860 loss=0.7846 mean_loss=0.7841 classification=0.0913, bbox_regression=0.0955, bbox_ctrness=0.5978
epoch 14/50 iter 840/1860 loss=0.7602 mean_loss=0.7834 classification=0.0567, bbox_regression=0.0861, bbox_ctrness=0.6174
epoch 14/50 iter 860/1860 loss=0.6922 mean_loss=0.7831 classification=0.0388, bbox_regression=0.0616, bbox_ctrness=0.5918
epoch 14/50 iter 880/1860 loss=0.7107 mean_loss=0.7829 classification=0.0308, bbox_regression=0.0681, bbox_ctrness=0.6118
epoch 14/50 iter 900/1860 loss=0.8628 mean_loss=0.7831 classification=0.1165, bbox_regression=0.1421, bbox_ctrness=0.6042
epoch 14/50 iter 920/1860 loss=0.7757 mean_loss=0.7822 classification=0.0734, bbox_regression=0.0988, bbox_ctrness=0.6035
epoch 14/50 iter 940/1860 loss=0.8253 mean_loss=0.7826 classification=0.1094, bbox_regression=0.1160, bbox_ctrness=0.5999
epoch 14/50 iter 960/1860 loss=0.7048 mean_loss=0.7816 classification=0.0381, bbox_regression=0.0640, bbox_ctrness=0.6027
epoch 14/50 iter 980/1860 loss=0.8459 mean_loss=0.7818 classification=0.1140, bbox_regression=0.1140, bbox_ctrness=0.6179
epoch 14/50 iter 1000/1860 loss=0.8355 mean_loss=0.7820 classification=0.1000, bbox_regression=0.1281, bbox_ctrness=0.6074
epoch 14/50 iter 1020/1860 loss=0.7960 mean_loss=0.7825 classification=0.0606, bbox_regression=0.1211, bbox_ctrness=0.6144
epoch 14/50 iter 1040/1860 loss=0.8257 mean_loss=0.7821 classification=0.0864, bbox_regression=0.1161, bbox_ctrness=0.6232
epoch 14/50 iter 1060/1860 loss=0.9628 mean_loss=0.7816 classification=0.2027, bbox_regression=0.1682, bbox_ctrness=0.5919
epoch 14/50 iter 1080/1860 loss=0.8569 mean_loss=0.7821 classification=0.1126, bbox_regression=0.1450, bbox_ctrness=0.5993
epoch 14/50 iter 1100/1860 loss=0.8099 mean_loss=0.7816 classification=0.1048, bbox_regression=0.0990, bbox_ctrness=0.6061
epoch 14/50 iter 1120/1860 loss=0.9664 mean_loss=0.7814 classification=0.1891, bbox_regression=0.1617, bbox_ctrness=0.6157
epoch 14/50 iter 1140/1860 loss=0.8137 mean_loss=0.7813 classification=0.0539, bbox_regression=0.1483, bbox_ctrness=0.6115
epoch 14/50 iter 1160/1860 loss=0.7574 mean_loss=0.7820 classification=0.0565, bbox_regression=0.1210, bbox_ctrness=0.5799
epoch 14/50 iter 1180/1860 loss=0.7541 mean_loss=0.7816 classification=0.0772, bbox_regression=0.0957, bbox_ctrness=0.5812
epoch 14/50 iter 1200/1860 loss=0.7810 mean_loss=0.7823 classification=0.0543, bbox_regression=0.1118, bbox_ctrness=0.6148
epoch 14/50 iter 1220/1860 loss=0.7256 mean_loss=0.7824 classification=0.0166, bbox_regression=0.1012, bbox_ctrness=0.6078
epoch 14/50 iter 1240/1860 loss=0.8471 mean_loss=0.7818 classification=0.1217, bbox_regression=0.1288, bbox_ctrness=0.5966
epoch 14/50 iter 1260/1860 loss=0.7938 mean_loss=0.7816 classification=0.1039, bbox_regression=0.0860, bbox_ctrness=0.6039
epoch 14/50 iter 1280/1860 loss=0.7097 mean_loss=0.7813 classification=0.0472, bbox_regression=0.0653, bbox_ctrness=0.5972
epoch 14/50 iter 1300/1860 loss=0.8770 mean_loss=0.7822 classification=0.1585, bbox_regression=0.1140, bbox_ctrness=0.6046
epoch 14/50 iter 1320/1860 loss=0.6999 mean_loss=0.7823 classification=0.0541, bbox_regression=0.0616, bbox_ctrness=0.5842
epoch 14/50 iter 1340/1860 loss=0.7445 mean_loss=0.7825 classification=0.0523, bbox_regression=0.0863, bbox_ctrness=0.6059
epoch 14/50 iter 1360/1860 loss=0.6883 mean_loss=0.7827 classification=0.0053, bbox_regression=0.0662, bbox_ctrness=0.6168
epoch 14/50 iter 1380/1860 loss=0.7114 mean_loss=0.7825 classification=0.0348, bbox_regression=0.0734, bbox_ctrness=0.6031
epoch 14/50 iter 1400/1860 loss=0.7320 mean_loss=0.7822 classification=0.0103, bbox_regression=0.1124, bbox_ctrness=0.6093
epoch 14/50 iter 1420/1860 loss=0.7247 mean_loss=0.7827 classification=0.0453, bbox_regression=0.0717, bbox_ctrness=0.6077
epoch 14/50 iter 1440/1860 loss=0.8045 mean_loss=0.7824 classification=0.0624, bbox_regression=0.1271, bbox_ctrness=0.6150
epoch 14/50 iter 1460/1860 loss=0.7246 mean_loss=0.7822 classification=0.0731, bbox_regression=0.0737, bbox_ctrness=0.5779
epoch 14/50 iter 1480/1860 loss=0.7322 mean_loss=0.7817 classification=0.0250, bbox_regression=0.1007, bbox_ctrness=0.6065
epoch 14/50 iter 1500/1860 loss=0.7319 mean_loss=0.7812 classification=0.0492, bbox_regression=0.0817, bbox_ctrness=0.6010
epoch 14/50 iter 1520/1860 loss=0.7847 mean_loss=0.7811 classification=0.0860, bbox_regression=0.0933, bbox_ctrness=0.6054
epoch 14/50 iter 1540/1860 loss=0.7127 mean_loss=0.7808 classification=0.0211, bbox_regression=0.0825, bbox_ctrness=0.6091
epoch 14/50 iter 1560/1860 loss=0.7099 mean_loss=0.7809 classification=0.0431, bbox_regression=0.0634, bbox_ctrness=0.6035
epoch 14/50 iter 1580/1860 loss=0.7857 mean_loss=0.7812 classification=0.0807, bbox_regression=0.1089, bbox_ctrness=0.5961
epoch 14/50 iter 1600/1860 loss=0.8570 mean_loss=0.7814 classification=0.1282, bbox_regression=0.1343, bbox_ctrness=0.5945
epoch 14/50 iter 1620/1860 loss=0.8682 mean_loss=0.7811 classification=0.1490, bbox_regression=0.1242, bbox_ctrness=0.5950
epoch 14/50 iter 1640/1860 loss=0.7252 mean_loss=0.7810 classification=0.0433, bbox_regression=0.0756, bbox_ctrness=0.6064
epoch 14/50 iter 1660/1860 loss=0.6997 mean_loss=0.7810 classification=0.0310, bbox_regression=0.0698, bbox_ctrness=0.5990
epoch 14/50 iter 1680/1860 loss=0.7236 mean_loss=0.7811 classification=0.0390, bbox_regression=0.0892, bbox_ctrness=0.5954
epoch 14/50 iter 1700/1860 loss=0.8298 mean_loss=0.7810 classification=0.1001, bbox_regression=0.1182, bbox_ctrness=0.6115
epoch 14/50 iter 1720/1860 loss=0.7987 mean_loss=0.7808 classification=0.0839, bbox_regression=0.1214, bbox_ctrness=0.5934
epoch 14/50 iter 1740/1860 loss=0.7155 mean_loss=0.7806 classification=0.0244, bbox_regression=0.0844, bbox_ctrness=0.6067
epoch 14/50 iter 1760/1860 loss=0.8142 mean_loss=0.7805 classification=0.0839, bbox_regression=0.1186, bbox_ctrness=0.6116
epoch 14/50 iter 1780/1860 loss=0.7042 mean_loss=0.7800 classification=0.0222, bbox_regression=0.0692, bbox_ctrness=0.6128
epoch 14/50 iter 1800/1860 loss=0.7287 mean_loss=0.7802 classification=0.0427, bbox_regression=0.0837, bbox_ctrness=0.6022
epoch 14/50 iter 1820/1860 loss=0.7772 mean_loss=0.7805 classification=0.0875, bbox_regression=0.1018, bbox_ctrness=0.5878
epoch 14/50 iter 1840/1860 loss=0.7605 mean_loss=0.7806 classification=0.0645, bbox_regression=0.0996, bbox_ctrness=0.5964
epoch 14/50 iter 1860/1860 loss=0.8333 mean_loss=0.7810 classification=0.0895, bbox_regression=0.1283, bbox_ctrness=0.6155
epoch 14 validation Precision=0.5475 Recall=0.9579 AP50=0.9355 AP75=0.8468 eval_fps=18.56 epoch_time_sec=891.4
saved checkpoint: E:\RepViT-main\runs\v48_complete_ablation\training\early_moddrop_seed1\weights\last.pt
epoch 15/50 iter 1/1860 loss=0.7583 mean_loss=0.7583 classification=0.0322, bbox_regression=0.1170, bbox_ctrness=0.6092
epoch 15/50 iter 20/1860 loss=0.7440 mean_loss=0.7684 classification=0.0597, bbox_regression=0.0677, bbox_ctrness=0.6166
epoch 15/50 iter 40/1860 loss=0.8382 mean_loss=0.7698 classification=0.1126, bbox_regression=0.1177, bbox_ctrness=0.6079
epoch 15/50 iter 60/1860 loss=0.9174 mean_loss=0.7658 classification=0.1546, bbox_regression=0.1502, bbox_ctrness=0.6127
epoch 15/50 iter 80/1860 loss=0.7348 mean_loss=0.7687 classification=0.0414, bbox_regression=0.0825, bbox_ctrness=0.6110
epoch 15/50 iter 100/1860 loss=0.7489 mean_loss=0.7651 classification=0.0438, bbox_regression=0.1013, bbox_ctrness=0.6039
epoch 15/50 iter 120/1860 loss=0.9426 mean_loss=0.7684 classification=0.1574, bbox_regression=0.1574, bbox_ctrness=0.6279
epoch 15/50 iter 140/1860 loss=0.7846 mean_loss=0.7685 classification=0.0556, bbox_regression=0.1165, bbox_ctrness=0.6125
epoch 15/50 iter 160/1860 loss=0.7040 mean_loss=0.7727 classification=0.0214, bbox_regression=0.0857, bbox_ctrness=0.5969
epoch 15/50 iter 180/1860 loss=0.7753 mean_loss=0.7723 classification=0.0526, bbox_regression=0.1262, bbox_ctrness=0.5965
epoch 15/50 iter 200/1860 loss=0.7256 mean_loss=0.7679 classification=0.0585, bbox_regression=0.0630, bbox_ctrness=0.6041
epoch 15/50 iter 220/1860 loss=0.7637 mean_loss=0.7731 classification=0.0717, bbox_regression=0.0930, bbox_ctrness=0.5989
epoch 15/50 iter 240/1860 loss=0.7342 mean_loss=0.7775 classification=0.0670, bbox_regression=0.0547, bbox_ctrness=0.6125
epoch 15/50 iter 260/1860 loss=0.7667 mean_loss=0.7773 classification=0.0552, bbox_regression=0.1027, bbox_ctrness=0.6088
epoch 15/50 iter 280/1860 loss=0.8302 mean_loss=0.7754 classification=0.0982, bbox_regression=0.1163, bbox_ctrness=0.6157
epoch 15/50 iter 300/1860 loss=0.9241 mean_loss=0.7748 classification=0.1616, bbox_regression=0.1491, bbox_ctrness=0.6135
epoch 15/50 iter 320/1860 loss=0.7639 mean_loss=0.7738 classification=0.0877, bbox_regression=0.0791, bbox_ctrness=0.5971
epoch 15/50 iter 340/1860 loss=0.9357 mean_loss=0.7722 classification=0.1857, bbox_regression=0.1373, bbox_ctrness=0.6128
epoch 15/50 iter 360/1860 loss=0.9330 mean_loss=0.7746 classification=0.1391, bbox_regression=0.1770, bbox_ctrness=0.6170
epoch 15/50 iter 380/1860 loss=0.7178 mean_loss=0.7738 classification=0.0426, bbox_regression=0.0760, bbox_ctrness=0.5991
epoch 15/50 iter 400/1860 loss=0.6731 mean_loss=0.7731 classification=0.0229, bbox_regression=0.0598, bbox_ctrness=0.5905
epoch 15/50 iter 420/1860 loss=0.8347 mean_loss=0.7733 classification=0.0951, bbox_regression=0.1266, bbox_ctrness=0.6129
epoch 15/50 iter 440/1860 loss=0.7446 mean_loss=0.7720 classification=0.0497, bbox_regression=0.0824, bbox_ctrness=0.6125
epoch 15/50 iter 460/1860 loss=0.8413 mean_loss=0.7718 classification=0.1371, bbox_regression=0.1144, bbox_ctrness=0.5898
epoch 15/50 iter 480/1860 loss=0.7799 mean_loss=0.7704 classification=0.0876, bbox_regression=0.0869, bbox_ctrness=0.6054
epoch 15/50 iter 500/1860 loss=0.7455 mean_loss=0.7689 classification=0.0703, bbox_regression=0.0840, bbox_ctrness=0.5912
epoch 15/50 iter 520/1860 loss=0.7973 mean_loss=0.7700 classification=0.0852, bbox_regression=0.1093, bbox_ctrness=0.6027
epoch 15/50 iter 540/1860 loss=0.6893 mean_loss=0.7700 classification=0.0137, bbox_regression=0.0665, bbox_ctrness=0.6091
epoch 15/50 iter 560/1860 loss=0.7936 mean_loss=0.7694 classification=0.0673, bbox_regression=0.1180, bbox_ctrness=0.6083
epoch 15/50 iter 580/1860 loss=0.6835 mean_loss=0.7697 classification=0.0170, bbox_regression=0.0610, bbox_ctrness=0.6055
epoch 15/50 iter 600/1860 loss=0.7101 mean_loss=0.7710 classification=0.0252, bbox_regression=0.0882, bbox_ctrness=0.5967
epoch 15/50 iter 620/1860 loss=0.7098 mean_loss=0.7724 classification=0.0320, bbox_regression=0.0840, bbox_ctrness=0.5939
epoch 15/50 iter 640/1860 loss=0.7330 mean_loss=0.7730 classification=0.0372, bbox_regression=0.0868, bbox_ctrness=0.6090
epoch 15/50 iter 660/1860 loss=0.7443 mean_loss=0.7743 classification=0.0460, bbox_regression=0.0855, bbox_ctrness=0.6128
epoch 15/50 iter 680/1860 loss=0.7391 mean_loss=0.7746 classification=0.0465, bbox_regression=0.1013, bbox_ctrness=0.5912
epoch 15/50 iter 700/1860 loss=0.7166 mean_loss=0.7757 classification=0.0375, bbox_regression=0.0742, bbox_ctrness=0.6049
epoch 15/50 iter 720/1860 loss=0.9914 mean_loss=0.7762 classification=0.2225, bbox_regression=0.1512, bbox_ctrness=0.6177
epoch 15/50 iter 740/1860 loss=0.7120 mean_loss=0.7767 classification=0.0303, bbox_regression=0.0847, bbox_ctrness=0.5970
epoch 15/50 iter 760/1860 loss=0.7049 mean_loss=0.7770 classification=0.0367, bbox_regression=0.0717, bbox_ctrness=0.5965
epoch 15/50 iter 780/1860 loss=0.7449 mean_loss=0.7769 classification=0.0567, bbox_regression=0.0915, bbox_ctrness=0.5967
epoch 15/50 iter 800/1860 loss=0.6915 mean_loss=0.7760 classification=0.0440, bbox_regression=0.0631, bbox_ctrness=0.5844
epoch 15/50 iter 820/1860 loss=0.7043 mean_loss=0.7758 classification=0.0142, bbox_regression=0.0808, bbox_ctrness=0.6093
epoch 15/50 iter 840/1860 loss=0.7380 mean_loss=0.7755 classification=0.0289, bbox_regression=0.0994, bbox_ctrness=0.6097
epoch 15/50 iter 860/1860 loss=0.7227 mean_loss=0.7749 classification=0.0450, bbox_regression=0.0754, bbox_ctrness=0.6023
epoch 15/50 iter 880/1860 loss=0.7534 mean_loss=0.7748 classification=0.0578, bbox_regression=0.0956, bbox_ctrness=0.6000
epoch 15/50 iter 900/1860 loss=0.7023 mean_loss=0.7755 classification=0.0233, bbox_regression=0.0714, bbox_ctrness=0.6076
epoch 15/50 iter 920/1860 loss=0.9446 mean_loss=0.7761 classification=0.1714, bbox_regression=0.1632, bbox_ctrness=0.6101
epoch 15/50 iter 940/1860 loss=0.7662 mean_loss=0.7763 classification=0.0886, bbox_regression=0.0785, bbox_ctrness=0.5990
epoch 15/50 iter 960/1860 loss=0.7367 mean_loss=0.7760 classification=0.0457, bbox_regression=0.0741, bbox_ctrness=0.6168
epoch 15/50 iter 980/1860 loss=0.7056 mean_loss=0.7763 classification=0.0411, bbox_regression=0.0629, bbox_ctrness=0.6016
epoch 15/50 iter 1000/1860 loss=0.6995 mean_loss=0.7770 classification=0.0424, bbox_regression=0.0769, bbox_ctrness=0.5803
epoch 15/50 iter 1020/1860 loss=1.2163 mean_loss=0.7771 classification=0.3907, bbox_regression=0.2087, bbox_ctrness=0.6169
epoch 15/50 iter 1040/1860 loss=0.7313 mean_loss=0.7765 classification=0.0601, bbox_regression=0.0668, bbox_ctrness=0.6044
epoch 15/50 iter 1060/1860 loss=0.7021 mean_loss=0.7766 classification=0.0399, bbox_regression=0.0755, bbox_ctrness=0.5867
epoch 15/50 iter 1080/1860 loss=0.6967 mean_loss=0.7768 classification=0.0222, bbox_regression=0.0650, bbox_ctrness=0.6095
epoch 15/50 iter 1100/1860 loss=0.7308 mean_loss=0.7771 classification=0.0331, bbox_regression=0.0864, bbox_ctrness=0.6113
epoch 15/50 iter 1120/1860 loss=0.7198 mean_loss=0.7770 classification=0.0368, bbox_regression=0.0796, bbox_ctrness=0.6034
epoch 15/50 iter 1140/1860 loss=0.7203 mean_loss=0.7772 classification=0.0312, bbox_regression=0.0853, bbox_ctrness=0.6038
epoch 15/50 iter 1160/1860 loss=0.7312 mean_loss=0.7775 classification=0.0459, bbox_regression=0.0911, bbox_ctrness=0.5943
epoch 15/50 iter 1180/1860 loss=1.2715 mean_loss=0.7778 classification=0.4142, bbox_regression=0.2388, bbox_ctrness=0.6185
epoch 15/50 iter 1200/1860 loss=0.6838 mean_loss=0.7777 classification=0.0436, bbox_regression=0.0576, bbox_ctrness=0.5826
epoch 15/50 iter 1220/1860 loss=0.8626 mean_loss=0.7783 classification=0.1228, bbox_regression=0.1454, bbox_ctrness=0.5944
epoch 15/50 iter 1240/1860 loss=0.6698 mean_loss=0.7780 classification=0.0100, bbox_regression=0.0532, bbox_ctrness=0.6066
epoch 15/50 iter 1260/1860 loss=0.9000 mean_loss=0.7785 classification=0.1344, bbox_regression=0.1447, bbox_ctrness=0.6209
epoch 15/50 iter 1280/1860 loss=0.8969 mean_loss=0.7794 classification=0.1321, bbox_regression=0.1402, bbox_ctrness=0.6247
epoch 15/50 iter 1300/1860 loss=0.7734 mean_loss=0.7793 classification=0.0622, bbox_regression=0.1112, bbox_ctrness=0.6001
epoch 15/50 iter 1320/1860 loss=1.3034 mean_loss=0.7792 classification=0.4512, bbox_regression=0.2330, bbox_ctrness=0.6192
epoch 15/50 iter 1340/1860 loss=0.7154 mean_loss=0.7797 classification=0.0339, bbox_regression=0.0851, bbox_ctrness=0.5963
epoch 15/50 iter 1360/1860 loss=0.7447 mean_loss=0.7801 classification=0.0396, bbox_regression=0.1092, bbox_ctrness=0.5958
epoch 15/50 iter 1380/1860 loss=1.1081 mean_loss=0.7800 classification=0.2549, bbox_regression=0.2174, bbox_ctrness=0.6358
epoch 15/50 iter 1400/1860 loss=0.8041 mean_loss=0.7798 classification=0.0723, bbox_regression=0.1204, bbox_ctrness=0.6113
epoch 15/50 iter 1420/1860 loss=0.7157 mean_loss=0.7799 classification=0.0386, bbox_regression=0.0750, bbox_ctrness=0.6021
epoch 15/50 iter 1440/1860 loss=0.7907 mean_loss=0.7798 classification=0.0879, bbox_regression=0.1115, bbox_ctrness=0.5913
epoch 15/50 iter 1460/1860 loss=0.7519 mean_loss=0.7795 classification=0.0410, bbox_regression=0.1017, bbox_ctrness=0.6092
epoch 15/50 iter 1480/1860 loss=0.8428 mean_loss=0.7797 classification=0.1227, bbox_regression=0.1100, bbox_ctrness=0.6101
epoch 15/50 iter 1500/1860 loss=0.7610 mean_loss=0.7798 classification=0.0607, bbox_regression=0.0915, bbox_ctrness=0.6088
epoch 15/50 iter 1520/1860 loss=0.6901 mean_loss=0.7795 classification=0.0447, bbox_regression=0.0606, bbox_ctrness=0.5849
epoch 15/50 iter 1540/1860 loss=0.8500 mean_loss=0.7796 classification=0.1033, bbox_regression=0.1402, bbox_ctrness=0.6065
epoch 15/50 iter 1560/1860 loss=0.8069 mean_loss=0.7798 classification=0.0953, bbox_regression=0.0970, bbox_ctrness=0.6146
epoch 15/50 iter 1580/1860 loss=0.7978 mean_loss=0.7798 classification=0.0786, bbox_regression=0.1176, bbox_ctrness=0.6016
epoch 15/50 iter 1600/1860 loss=0.7986 mean_loss=0.7794 classification=0.0832, bbox_regression=0.1190, bbox_ctrness=0.5964
epoch 15/50 iter 1620/1860 loss=0.7324 mean_loss=0.7794 classification=0.0451, bbox_regression=0.0773, bbox_ctrness=0.6100
epoch 15/50 iter 1640/1860 loss=0.7509 mean_loss=0.7791 classification=0.0594, bbox_regression=0.0876, bbox_ctrness=0.6040
epoch 15/50 iter 1660/1860 loss=0.9132 mean_loss=0.7790 classification=0.1561, bbox_regression=0.1422, bbox_ctrness=0.6149
epoch 15/50 iter 1680/1860 loss=0.7001 mean_loss=0.7787 classification=0.0377, bbox_regression=0.0597, bbox_ctrness=0.6028
epoch 15/50 iter 1700/1860 loss=0.7073 mean_loss=0.7782 classification=0.0372, bbox_regression=0.0837, bbox_ctrness=0.5863
epoch 15/50 iter 1720/1860 loss=0.7298 mean_loss=0.7784 classification=0.0519, bbox_regression=0.0749, bbox_ctrness=0.6029
epoch 15/50 iter 1740/1860 loss=1.0200 mean_loss=0.7783 classification=0.2455, bbox_regression=0.1699, bbox_ctrness=0.6046
epoch 15/50 iter 1760/1860 loss=0.9092 mean_loss=0.7783 classification=0.0989, bbox_regression=0.1655, bbox_ctrness=0.6448
epoch 15/50 iter 1780/1860 loss=0.7303 mean_loss=0.7787 classification=0.0373, bbox_regression=0.0951, bbox_ctrness=0.5980
epoch 15/50 iter 1800/1860 loss=0.6894 mean_loss=0.7785 classification=0.0357, bbox_regression=0.0687, bbox_ctrness=0.5849
epoch 15/50 iter 1820/1860 loss=0.7739 mean_loss=0.7786 classification=0.0651, bbox_regression=0.0898, bbox_ctrness=0.6190
epoch 15/50 iter 1840/1860 loss=0.7453 mean_loss=0.7785 classification=0.0557, bbox_regression=0.0793, bbox_ctrness=0.6103
epoch 15/50 iter 1860/1860 loss=0.7241 mean_loss=0.7781 classification=0.0367, bbox_regression=0.0808, bbox_ctrness=0.6066
epoch 15 validation Precision=0.4927 Recall=0.9622 AP50=0.9370 AP75=0.8522 eval_fps=18.34 epoch_time_sec=889.7
saved checkpoint: E:\RepViT-main\runs\v48_complete_ablation\training\early_moddrop_seed1\weights\last.pt
epoch 16/50 iter 1/1860 loss=0.8180 mean_loss=0.8180 classification=0.0929, bbox_regression=0.1157, bbox_ctrness=0.6094
epoch 16/50 iter 20/1860 loss=0.6793 mean_loss=0.7838 classification=0.0159, bbox_regression=0.0586, bbox_ctrness=0.6048
epoch 16/50 iter 40/1860 loss=0.9073 mean_loss=0.7871 classification=0.1288, bbox_regression=0.1635, bbox_ctrness=0.6150
epoch 16/50 iter 60/1860 loss=0.7264 mean_loss=0.7738 classification=0.0434, bbox_regression=0.0899, bbox_ctrness=0.5932
epoch 16/50 iter 80/1860 loss=0.7657 mean_loss=0.7662 classification=0.0509, bbox_regression=0.1041, bbox_ctrness=0.6107
epoch 16/50 iter 100/1860 loss=0.9515 mean_loss=0.7685 classification=0.1714, bbox_regression=0.1498, bbox_ctrness=0.6304
epoch 16/50 iter 120/1860 loss=0.6962 mean_loss=0.7661 classification=0.0339, bbox_regression=0.0570, bbox_ctrness=0.6054
epoch 16/50 iter 140/1860 loss=0.8105 mean_loss=0.7662 classification=0.0826, bbox_regression=0.1266, bbox_ctrness=0.6013
epoch 16/50 iter 160/1860 loss=0.7206 mean_loss=0.7666 classification=0.0420, bbox_regression=0.0823, bbox_ctrness=0.5963
epoch 16/50 iter 180/1860 loss=0.8049 mean_loss=0.7704 classification=0.0720, bbox_regression=0.1368, bbox_ctrness=0.5961
epoch 16/50 iter 200/1860 loss=0.7176 mean_loss=0.7728 classification=0.0184, bbox_regression=0.0836, bbox_ctrness=0.6156
epoch 16/50 iter 220/1860 loss=0.7232 mean_loss=0.7717 classification=0.0351, bbox_regression=0.0806, bbox_ctrness=0.6074
epoch 16/50 iter 240/1860 loss=0.7538 mean_loss=0.7706 classification=0.0896, bbox_regression=0.0765, bbox_ctrness=0.5878
epoch 16/50 iter 260/1860 loss=0.7100 mean_loss=0.7717 classification=0.0255, bbox_regression=0.0716, bbox_ctrness=0.6130
epoch 16/50 iter 280/1860 loss=0.7331 mean_loss=0.7725 classification=0.0261, bbox_regression=0.0837, bbox_ctrness=0.6233
epoch 16/50 iter 300/1860 loss=0.7066 mean_loss=0.7749 classification=0.0150, bbox_regression=0.0784, bbox_ctrness=0.6132
epoch 16/50 iter 320/1860 loss=0.7072 mean_loss=0.7746 classification=0.0279, bbox_regression=0.0825, bbox_ctrness=0.5969
epoch 16/50 iter 340/1860 loss=0.8153 mean_loss=0.7762 classification=0.0975, bbox_regression=0.1210, bbox_ctrness=0.5969
epoch 16/50 iter 360/1860 loss=0.7126 mean_loss=0.7758 classification=0.0278, bbox_regression=0.0772, bbox_ctrness=0.6076
epoch 16/50 iter 380/1860 loss=0.7027 mean_loss=0.7743 classification=0.0235, bbox_regression=0.0758, bbox_ctrness=0.6035
epoch 16/50 iter 400/1860 loss=0.6889 mean_loss=0.7731 classification=0.0253, bbox_regression=0.0717, bbox_ctrness=0.5919
epoch 16/50 iter 420/1860 loss=0.6946 mean_loss=0.7739 classification=0.0308, bbox_regression=0.0713, bbox_ctrness=0.5925
epoch 16/50 iter 440/1860 loss=0.6986 mean_loss=0.7728 classification=0.0235, bbox_regression=0.0746, bbox_ctrness=0.6004
epoch 16/50 iter 460/1860 loss=0.7508 mean_loss=0.7725 classification=0.0619, bbox_regression=0.0807, bbox_ctrness=0.6082
epoch 16/50 iter 480/1860 loss=0.6946 mean_loss=0.7739 classification=0.0138, bbox_regression=0.0744, bbox_ctrness=0.6064
epoch 16/50 iter 500/1860 loss=0.7655 mean_loss=0.7733 classification=0.0540, bbox_regression=0.0915, bbox_ctrness=0.6200
epoch 16/50 iter 520/1860 loss=0.7334 mean_loss=0.7741 classification=0.0465, bbox_regression=0.0848, bbox_ctrness=0.6021
epoch 16/50 iter 540/1860 loss=0.7361 mean_loss=0.7740 classification=0.0449, bbox_regression=0.0900, bbox_ctrness=0.6013
epoch 16/50 iter 560/1860 loss=0.9322 mean_loss=0.7748 classification=0.1639, bbox_regression=0.1634, bbox_ctrness=0.6048
epoch 16/50 iter 580/1860 loss=0.7043 mean_loss=0.7735 classification=0.0272, bbox_regression=0.0637, bbox_ctrness=0.6134
epoch 16/50 iter 600/1860 loss=0.7305 mean_loss=0.7740 classification=0.0481, bbox_regression=0.0730, bbox_ctrness=0.6093
epoch 16/50 iter 620/1860 loss=0.7860 mean_loss=0.7736 classification=0.0558, bbox_regression=0.1082, bbox_ctrness=0.6219
epoch 16/50 iter 640/1860 loss=0.6847 mean_loss=0.7724 classification=0.0305, bbox_regression=0.0537, bbox_ctrness=0.6005
epoch 16/50 iter 660/1860 loss=0.7204 mean_loss=0.7723 classification=0.0293, bbox_regression=0.0890, bbox_ctrness=0.6021
epoch 16/50 iter 680/1860 loss=0.7302 mean_loss=0.7719 classification=0.0664, bbox_regression=0.0821, bbox_ctrness=0.5816
epoch 16/50 iter 700/1860 loss=0.6973 mean_loss=0.7733 classification=0.0240, bbox_regression=0.0565, bbox_ctrness=0.6168
epoch 16/50 iter 720/1860 loss=0.8741 mean_loss=0.7727 classification=0.1435, bbox_regression=0.1301, bbox_ctrness=0.6006
epoch 16/50 iter 740/1860 loss=0.7764 mean_loss=0.7727 classification=0.0987, bbox_regression=0.0743, bbox_ctrness=0.6034
epoch 16/50 iter 760/1860 loss=0.6749 mean_loss=0.7728 classification=0.0126, bbox_regression=0.0630, bbox_ctrness=0.5993
epoch 16/50 iter 780/1860 loss=0.7200 mean_loss=0.7725 classification=0.0298, bbox_regression=0.0888, bbox_ctrness=0.6014
epoch 16/50 iter 800/1860 loss=0.8446 mean_loss=0.7730 classification=0.0896, bbox_regression=0.1391, bbox_ctrness=0.6159
epoch 16/50 iter 820/1860 loss=0.7029 mean_loss=0.7729 classification=0.0403, bbox_regression=0.0711, bbox_ctrness=0.5914
epoch 16/50 iter 840/1860 loss=0.6829 mean_loss=0.7727 classification=0.0180, bbox_regression=0.0706, bbox_ctrness=0.5943
epoch 16/50 iter 860/1860 loss=1.3776 mean_loss=0.7728 classification=0.4248, bbox_regression=0.2992, bbox_ctrness=0.6536
epoch 16/50 iter 880/1860 loss=0.6922 mean_loss=0.7726 classification=0.0244, bbox_regression=0.0663, bbox_ctrness=0.6015
epoch 16/50 iter 900/1860 loss=0.7017 mean_loss=0.7729 classification=0.0388, bbox_regression=0.0688, bbox_ctrness=0.5941
epoch 16/50 iter 920/1860 loss=0.7072 mean_loss=0.7724 classification=0.0404, bbox_regression=0.0660, bbox_ctrness=0.6008
epoch 16/50 iter 940/1860 loss=0.7471 mean_loss=0.7721 classification=0.0594, bbox_regression=0.0814, bbox_ctrness=0.6062
epoch 16/50 iter 960/1860 loss=0.6912 mean_loss=0.7721 classification=0.0304, bbox_regression=0.0714, bbox_ctrness=0.5895
epoch 16/50 iter 980/1860 loss=0.7174 mean_loss=0.7723 classification=0.0296, bbox_regression=0.0971, bbox_ctrness=0.5908
epoch 16/50 iter 1000/1860 loss=0.6791 mean_loss=0.7727 classification=0.0131, bbox_regression=0.0679, bbox_ctrness=0.5981
epoch 16/50 iter 1020/1860 loss=0.7415 mean_loss=0.7733 classification=0.0434, bbox_regression=0.0960, bbox_ctrness=0.6021
epoch 16/50 iter 1040/1860 loss=0.7587 mean_loss=0.7730 classification=0.0336, bbox_regression=0.1087, bbox_ctrness=0.6164
epoch 16/50 iter 1060/1860 loss=0.7510 mean_loss=0.7733 classification=0.0465, bbox_regression=0.0949, bbox_ctrness=0.6097
epoch 16/50 iter 1080/1860 loss=0.7176 mean_loss=0.7734 classification=0.0186, bbox_regression=0.0885, bbox_ctrness=0.6104
epoch 16/50 iter 1100/1860 loss=0.8865 mean_loss=0.7739 classification=0.1010, bbox_regression=0.1506, bbox_ctrness=0.6350
epoch 16/50 iter 1120/1860 loss=0.7044 mean_loss=0.7735 classification=0.0342, bbox_regression=0.0708, bbox_ctrness=0.5994
epoch 16/50 iter 1140/1860 loss=0.7407 mean_loss=0.7734 classification=0.0480, bbox_regression=0.0914, bbox_ctrness=0.6013
epoch 16/50 iter 1160/1860 loss=0.6907 mean_loss=0.7729 classification=0.0139, bbox_regression=0.0839, bbox_ctrness=0.5929
epoch 16/50 iter 1180/1860 loss=0.7403 mean_loss=0.7739 classification=0.0391, bbox_regression=0.0768, bbox_ctrness=0.6244
epoch 16/50 iter 1200/1860 loss=0.8229 mean_loss=0.7740 classification=0.1018, bbox_regression=0.1129, bbox_ctrness=0.6081
epoch 16/50 iter 1220/1860 loss=0.9583 mean_loss=0.7743 classification=0.1568, bbox_regression=0.1486, bbox_ctrness=0.6529
epoch 16/50 iter 1240/1860 loss=0.8227 mean_loss=0.7750 classification=0.0870, bbox_regression=0.1134, bbox_ctrness=0.6223
epoch 16/50 iter 1260/1860 loss=0.7656 mean_loss=0.7748 classification=0.0634, bbox_regression=0.1064, bbox_ctrness=0.5958
epoch 16/50 iter 1280/1860 loss=0.9034 mean_loss=0.7748 classification=0.1433, bbox_regression=0.1406, bbox_ctrness=0.6195
epoch 16/50 iter 1300/1860 loss=0.6801 mean_loss=0.7748 classification=0.0114, bbox_regression=0.0597, bbox_ctrness=0.6090
epoch 16/50 iter 1320/1860 loss=0.8737 mean_loss=0.7751 classification=0.1269, bbox_regression=0.1227, bbox_ctrness=0.6241
epoch 16/50 iter 1340/1860 loss=0.7638 mean_loss=0.7753 classification=0.0457, bbox_regression=0.1002, bbox_ctrness=0.6179
epoch 16/50 iter 1360/1860 loss=0.6868 mean_loss=0.7751 classification=0.0182, bbox_regression=0.0778, bbox_ctrness=0.5909
epoch 16/50 iter 1380/1860 loss=0.9041 mean_loss=0.7752 classification=0.1369, bbox_regression=0.1451, bbox_ctrness=0.6221
epoch 16/50 iter 1400/1860 loss=0.6966 mean_loss=0.7754 classification=0.0314, bbox_regression=0.0572, bbox_ctrness=0.6080
epoch 16/50 iter 1420/1860 loss=0.7084 mean_loss=0.7750 classification=0.0430, bbox_regression=0.0663, bbox_ctrness=0.5991
epoch 16/50 iter 1440/1860 loss=0.7388 mean_loss=0.7748 classification=0.0402, bbox_regression=0.0836, bbox_ctrness=0.6149
epoch 16/50 iter 1460/1860 loss=0.7740 mean_loss=0.7747 classification=0.0769, bbox_regression=0.0912, bbox_ctrness=0.6058
epoch 16/50 iter 1480/1860 loss=1.2339 mean_loss=0.7752 classification=0.3419, bbox_regression=0.2636, bbox_ctrness=0.6285
epoch 16/50 iter 1500/1860 loss=0.7156 mean_loss=0.7753 classification=0.0222, bbox_regression=0.0733, bbox_ctrness=0.6202
epoch 16/50 iter 1520/1860 loss=0.7738 mean_loss=0.7752 classification=0.0622, bbox_regression=0.0907, bbox_ctrness=0.6209
epoch 16/50 iter 1540/1860 loss=0.7511 mean_loss=0.7753 classification=0.0406, bbox_regression=0.0954, bbox_ctrness=0.6150
epoch 16/50 iter 1560/1860 loss=0.8634 mean_loss=0.7751 classification=0.0923, bbox_regression=0.1543, bbox_ctrness=0.6168
epoch 16/50 iter 1580/1860 loss=0.7242 mean_loss=0.7752 classification=0.0535, bbox_regression=0.0636, bbox_ctrness=0.6071
epoch 16/50 iter 1600/1860 loss=0.8254 mean_loss=0.7753 classification=0.1269, bbox_regression=0.0865, bbox_ctrness=0.6121
epoch 16/50 iter 1620/1860 loss=0.7985 mean_loss=0.7750 classification=0.0984, bbox_regression=0.0951, bbox_ctrness=0.6051
epoch 16/50 iter 1640/1860 loss=0.6849 mean_loss=0.7747 classification=0.0083, bbox_regression=0.0682, bbox_ctrness=0.6084
epoch 16/50 iter 1660/1860 loss=0.9563 mean_loss=0.7746 classification=0.2100, bbox_regression=0.1523, bbox_ctrness=0.5940
epoch 16/50 iter 1680/1860 loss=0.7119 mean_loss=0.7746 classification=0.0547, bbox_regression=0.0758, bbox_ctrness=0.5814
epoch 16/50 iter 1700/1860 loss=0.6804 mean_loss=0.7747 classification=0.0310, bbox_regression=0.0553, bbox_ctrness=0.5940
epoch 16/50 iter 1720/1860 loss=0.7551 mean_loss=0.7746 classification=0.0613, bbox_regression=0.0933, bbox_ctrness=0.6006
epoch 16/50 iter 1740/1860 loss=0.7324 mean_loss=0.7745 classification=0.0447, bbox_regression=0.0970, bbox_ctrness=0.5907
epoch 16/50 iter 1760/1860 loss=0.9742 mean_loss=0.7746 classification=0.1748, bbox_regression=0.1922, bbox_ctrness=0.6073
epoch 16/50 iter 1780/1860 loss=0.7068 mean_loss=0.7743 classification=0.0385, bbox_regression=0.0831, bbox_ctrness=0.5852
epoch 16/50 iter 1800/1860 loss=0.7418 mean_loss=0.7746 classification=0.0475, bbox_regression=0.0905, bbox_ctrness=0.6038
epoch 16/50 iter 1820/1860 loss=1.1664 mean_loss=0.7746 classification=0.2335, bbox_regression=0.2872, bbox_ctrness=0.6456
epoch 16/50 iter 1840/1860 loss=0.7305 mean_loss=0.7746 classification=0.0401, bbox_regression=0.0733, bbox_ctrness=0.6170
epoch 16/50 iter 1860/1860 loss=0.6862 mean_loss=0.7745 classification=0.0075, bbox_regression=0.0762, bbox_ctrness=0.6025
epoch 16 validation Precision=0.4126 Recall=0.9635 AP50=0.9338 AP75=0.8546 eval_fps=18.03 epoch_time_sec=856.7
saved checkpoint: E:\RepViT-main\runs\v48_complete_ablation\training\early_moddrop_seed1\weights\last.pt
epoch 17/50 iter 1/1860 loss=0.7398 mean_loss=0.7398 classification=0.0493, bbox_regression=0.0933, bbox_ctrness=0.5972
epoch 17/50 iter 20/1860 loss=0.7053 mean_loss=0.7313 classification=0.0337, bbox_regression=0.0735, bbox_ctrness=0.5981
epoch 17/50 iter 40/1860 loss=0.6845 mean_loss=0.7329 classification=0.0268, bbox_regression=0.0622, bbox_ctrness=0.5954
epoch 17/50 iter 60/1860 loss=0.7167 mean_loss=0.7484 classification=0.0466, bbox_regression=0.0752, bbox_ctrness=0.5949
epoch 17/50 iter 80/1860 loss=0.6895 mean_loss=0.7565 classification=0.0233, bbox_regression=0.0790, bbox_ctrness=0.5872
epoch 17/50 iter 100/1860 loss=0.6587 mean_loss=0.7570 classification=0.0179, bbox_regression=0.0514, bbox_ctrness=0.5895
epoch 17/50 iter 120/1860 loss=0.8645 mean_loss=0.7594 classification=0.1067, bbox_regression=0.1386, bbox_ctrness=0.6193
epoch 17/50 iter 140/1860 loss=0.8338 mean_loss=0.7595 classification=0.1054, bbox_regression=0.1213, bbox_ctrness=0.6071
epoch 17/50 iter 160/1860 loss=0.6929 mean_loss=0.7594 classification=0.0322, bbox_regression=0.0698, bbox_ctrness=0.5910
epoch 17/50 iter 180/1860 loss=0.6887 mean_loss=0.7578 classification=0.0157, bbox_regression=0.0667, bbox_ctrness=0.6063
epoch 17/50 iter 200/1860 loss=1.0545 mean_loss=0.7608 classification=0.2341, bbox_regression=0.1927, bbox_ctrness=0.6278
epoch 17/50 iter 220/1860 loss=0.9327 mean_loss=0.7608 classification=0.1540, bbox_regression=0.1682, bbox_ctrness=0.6104
epoch 17/50 iter 240/1860 loss=0.9448 mean_loss=0.7609 classification=0.1570, bbox_regression=0.1672, bbox_ctrness=0.6206
epoch 17/50 iter 260/1860 loss=0.7962 mean_loss=0.7595 classification=0.0854, bbox_regression=0.1105, bbox_ctrness=0.6003
epoch 17/50 iter 280/1860 loss=0.7038 mean_loss=0.7594 classification=0.0162, bbox_regression=0.0756, bbox_ctrness=0.6120
epoch 17/50 iter 300/1860 loss=0.7968 mean_loss=0.7599 classification=0.0745, bbox_regression=0.1116, bbox_ctrness=0.6106
epoch 17/50 iter 320/1860 loss=0.7173 mean_loss=0.7605 classification=0.0445, bbox_regression=0.0765, bbox_ctrness=0.5963
epoch 17/50 iter 340/1860 loss=0.6849 mean_loss=0.7585 classification=0.0270, bbox_regression=0.0655, bbox_ctrness=0.5924
epoch 17/50 iter 360/1860 loss=0.7263 mean_loss=0.7616 classification=0.0518, bbox_regression=0.0752, bbox_ctrness=0.5993
epoch 17/50 iter 380/1860 loss=0.6802 mean_loss=0.7603 classification=0.0142, bbox_regression=0.0542, bbox_ctrness=0.6118
epoch 17/50 iter 400/1860 loss=0.7849 mean_loss=0.7598 classification=0.0858, bbox_regression=0.0924, bbox_ctrness=0.6068
epoch 17/50 iter 420/1860 loss=0.7062 mean_loss=0.7593 classification=0.0536, bbox_regression=0.0593, bbox_ctrness=0.5933
epoch 17/50 iter 440/1860 loss=0.6760 mean_loss=0.7595 classification=0.0149, bbox_regression=0.0640, bbox_ctrness=0.5972
epoch 17/50 iter 460/1860 loss=0.7621 mean_loss=0.7593 classification=0.0633, bbox_regression=0.0942, bbox_ctrness=0.6046
epoch 17/50 iter 480/1860 loss=0.8484 mean_loss=0.7590 classification=0.1218, bbox_regression=0.1123, bbox_ctrness=0.6144
epoch 17/50 iter 500/1860 loss=0.6884 mean_loss=0.7589 classification=0.0212, bbox_regression=0.0760, bbox_ctrness=0.5911
epoch 17/50 iter 520/1860 loss=0.6804 mean_loss=0.7583 classification=0.0247, bbox_regression=0.0605, bbox_ctrness=0.5952
epoch 17/50 iter 540/1860 loss=0.6930 mean_loss=0.7601 classification=0.0346, bbox_regression=0.0603, bbox_ctrness=0.5981
epoch 17/50 iter 560/1860 loss=0.8020 mean_loss=0.7606 classification=0.0559, bbox_regression=0.1157, bbox_ctrness=0.6305
epoch 17/50 iter 580/1860 loss=0.8117 mean_loss=0.7602 classification=0.0925, bbox_regression=0.1039, bbox_ctrness=0.6153
epoch 17/50 iter 600/1860 loss=0.7381 mean_loss=0.7601 classification=0.0341, bbox_regression=0.0986, bbox_ctrness=0.6054
epoch 17/50 iter 620/1860 loss=0.6725 mean_loss=0.7603 classification=0.0097, bbox_regression=0.0541, bbox_ctrness=0.6086
epoch 17/50 iter 640/1860 loss=0.6815 mean_loss=0.7615 classification=0.0233, bbox_regression=0.0722, bbox_ctrness=0.5860
epoch 17/50 iter 660/1860 loss=0.6850 mean_loss=0.7615 classification=0.0247, bbox_regression=0.0527, bbox_ctrness=0.6075
epoch 17/50 iter 680/1860 loss=0.6804 mean_loss=0.7612 classification=0.0351, bbox_regression=0.0594, bbox_ctrness=0.5859
epoch 17/50 iter 700/1860 loss=0.7725 mean_loss=0.7611 classification=0.0728, bbox_regression=0.1018, bbox_ctrness=0.5979
epoch 17/50 iter 720/1860 loss=0.6739 mean_loss=0.7606 classification=0.0045, bbox_regression=0.0622, bbox_ctrness=0.6071
epoch 17/50 iter 740/1860 loss=0.7354 mean_loss=0.7617 classification=0.0623, bbox_regression=0.0758, bbox_ctrness=0.5973
epoch 17/50 iter 760/1860 loss=0.7743 mean_loss=0.7608 classification=0.0749, bbox_regression=0.0986, bbox_ctrness=0.6007
epoch 17/50 iter 780/1860 loss=0.7227 mean_loss=0.7599 classification=0.0285, bbox_regression=0.0822, bbox_ctrness=0.6119
epoch 17/50 iter 800/1860 loss=0.6755 mean_loss=0.7591 classification=0.0300, bbox_regression=0.0577, bbox_ctrness=0.5877
epoch 17/50 iter 820/1860 loss=0.9420 mean_loss=0.7591 classification=0.1788, bbox_regression=0.1545, bbox_ctrness=0.6087
epoch 17/50 iter 840/1860 loss=0.6825 mean_loss=0.7584 classification=0.0222, bbox_regression=0.0657, bbox_ctrness=0.5946
epoch 17/50 iter 860/1860 loss=0.7158 mean_loss=0.7591 classification=0.0621, bbox_regression=0.0615, bbox_ctrness=0.5923
epoch 17/50 iter 880/1860 loss=0.7001 mean_loss=0.7592 classification=0.0166, bbox_regression=0.0927, bbox_ctrness=0.5908
epoch 17/50 iter 900/1860 loss=0.8926 mean_loss=0.7594 classification=0.1717, bbox_regression=0.1275, bbox_ctrness=0.5934
epoch 17/50 iter 920/1860 loss=0.6781 mean_loss=0.7592 classification=0.0062, bbox_regression=0.0580, bbox_ctrness=0.6138
epoch 17/50 iter 940/1860 loss=0.7485 mean_loss=0.7595 classification=0.0415, bbox_regression=0.1011, bbox_ctrness=0.6059
epoch 17/50 iter 960/1860 loss=0.7488 mean_loss=0.7591 classification=0.0495, bbox_regression=0.0910, bbox_ctrness=0.6082
epoch 17/50 iter 980/1860 loss=0.7159 mean_loss=0.7588 classification=0.0545, bbox_regression=0.0788, bbox_ctrness=0.5826
epoch 17/50 iter 1000/1860 loss=0.7795 mean_loss=0.7594 classification=0.0573, bbox_regression=0.1095, bbox_ctrness=0.6128
epoch 17/50 iter 1020/1860 loss=0.7349 mean_loss=0.7599 classification=0.0632, bbox_regression=0.0771, bbox_ctrness=0.5947
epoch 17/50 iter 1040/1860 loss=0.9746 mean_loss=0.7596 classification=0.1808, bbox_regression=0.1746, bbox_ctrness=0.6191
epoch 17/50 iter 1060/1860 loss=0.9157 mean_loss=0.7593 classification=0.1364, bbox_regression=0.1761, bbox_ctrness=0.6032
epoch 17/50 iter 1080/1860 loss=0.7783 mean_loss=0.7590 classification=0.0768, bbox_regression=0.1067, bbox_ctrness=0.5948
epoch 17/50 iter 1100/1860 loss=0.7519 mean_loss=0.7587 classification=0.0518, bbox_regression=0.0895, bbox_ctrness=0.6105
epoch 17/50 iter 1120/1860 loss=0.6930 mean_loss=0.7579 classification=0.0101, bbox_regression=0.0785, bbox_ctrness=0.6044
epoch 17/50 iter 1140/1860 loss=0.7402 mean_loss=0.7581 classification=0.0500, bbox_regression=0.0884, bbox_ctrness=0.6019
epoch 17/50 iter 1160/1860 loss=0.7266 mean_loss=0.7581 classification=0.0554, bbox_regression=0.0739, bbox_ctrness=0.5973
epoch 17/50 iter 1180/1860 loss=0.8494 mean_loss=0.7584 classification=0.1148, bbox_regression=0.1321, bbox_ctrness=0.6025
epoch 17/50 iter 1200/1860 loss=0.7225 mean_loss=0.7590 classification=0.0265, bbox_regression=0.0710, bbox_ctrness=0.6250
epoch 17/50 iter 1220/1860 loss=0.7181 mean_loss=0.7591 classification=0.0361, bbox_regression=0.0835, bbox_ctrness=0.5985
epoch 17/50 iter 1240/1860 loss=0.7025 mean_loss=0.7587 classification=0.0132, bbox_regression=0.0721, bbox_ctrness=0.6173
epoch 17/50 iter 1260/1860 loss=0.7429 mean_loss=0.7586 classification=0.0523, bbox_regression=0.0865, bbox_ctrness=0.6041
epoch 17/50 iter 1280/1860 loss=0.7200 mean_loss=0.7588 classification=0.0471, bbox_regression=0.0784, bbox_ctrness=0.5945
epoch 17/50 iter 1300/1860 loss=0.9210 mean_loss=0.7594 classification=0.1559, bbox_regression=0.1661, bbox_ctrness=0.5990
epoch 17/50 iter 1320/1860 loss=0.7700 mean_loss=0.7598 classification=0.0700, bbox_regression=0.1093, bbox_ctrness=0.5908
epoch 17/50 iter 1340/1860 loss=0.7975 mean_loss=0.7596 classification=0.0630, bbox_regression=0.1216, bbox_ctrness=0.6128
epoch 17/50 iter 1360/1860 loss=0.6909 mean_loss=0.7594 classification=0.0187, bbox_regression=0.0800, bbox_ctrness=0.5922
epoch 17/50 iter 1380/1860 loss=0.7557 mean_loss=0.7591 classification=0.0518, bbox_regression=0.0941, bbox_ctrness=0.6098
epoch 17/50 iter 1400/1860 loss=0.7017 mean_loss=0.7598 classification=0.0242, bbox_regression=0.0734, bbox_ctrness=0.6042
epoch 17/50 iter 1420/1860 loss=0.7680 mean_loss=0.7596 classification=0.0801, bbox_regression=0.0953, bbox_ctrness=0.5925
epoch 17/50 iter 1440/1860 loss=0.9546 mean_loss=0.7592 classification=0.1651, bbox_regression=0.1741, bbox_ctrness=0.6154
epoch 17/50 iter 1460/1860 loss=0.7077 mean_loss=0.7590 classification=0.0322, bbox_regression=0.0787, bbox_ctrness=0.5968
epoch 17/50 iter 1480/1860 loss=0.6988 mean_loss=0.7589 classification=0.0178, bbox_regression=0.0819, bbox_ctrness=0.5991
epoch 17/50 iter 1500/1860 loss=0.8559 mean_loss=0.7590 classification=0.1155, bbox_regression=0.1213, bbox_ctrness=0.6191
epoch 17/50 iter 1520/1860 loss=0.7260 mean_loss=0.7588 classification=0.0243, bbox_regression=0.0807, bbox_ctrness=0.6211
epoch 17/50 iter 1540/1860 loss=0.7228 mean_loss=0.7591 classification=0.0228, bbox_regression=0.0939, bbox_ctrness=0.6061
epoch 17/50 iter 1560/1860 loss=0.6663 mean_loss=0.7589 classification=0.0188, bbox_regression=0.0632, bbox_ctrness=0.5843
epoch 17/50 iter 1580/1860 loss=0.8931 mean_loss=0.7590 classification=0.1320, bbox_regression=0.1501, bbox_ctrness=0.6111
epoch 17/50 iter 1600/1860 loss=0.7289 mean_loss=0.7591 classification=0.0400, bbox_regression=0.0949, bbox_ctrness=0.5940
epoch 17/50 iter 1620/1860 loss=0.7351 mean_loss=0.7594 classification=0.0379, bbox_regression=0.0931, bbox_ctrness=0.6040
epoch 17/50 iter 1640/1860 loss=0.6685 mean_loss=0.7594 classification=0.0185, bbox_regression=0.0545, bbox_ctrness=0.5955
epoch 17/50 iter 1660/1860 loss=1.1541 mean_loss=0.7598 classification=0.2904, bbox_regression=0.2286, bbox_ctrness=0.6351
epoch 17/50 iter 1680/1860 loss=0.7371 mean_loss=0.7599 classification=0.0414, bbox_regression=0.0897, bbox_ctrness=0.6060
epoch 17/50 iter 1700/1860 loss=0.7252 mean_loss=0.7599 classification=0.0367, bbox_regression=0.0799, bbox_ctrness=0.6086
epoch 17/50 iter 1720/1860 loss=0.7980 mean_loss=0.7601 classification=0.1023, bbox_regression=0.1041, bbox_ctrness=0.5916
epoch 17/50 iter 1740/1860 loss=1.1306 mean_loss=0.7606 classification=0.2665, bbox_regression=0.2349, bbox_ctrness=0.6292
epoch 17/50 iter 1760/1860 loss=0.7439 mean_loss=0.7606 classification=0.0648, bbox_regression=0.0838, bbox_ctrness=0.5952
epoch 17/50 iter 1780/1860 loss=0.7667 mean_loss=0.7605 classification=0.0623, bbox_regression=0.1045, bbox_ctrness=0.5998
epoch 17/50 iter 1800/1860 loss=0.6987 mean_loss=0.7604 classification=0.0424, bbox_regression=0.0665, bbox_ctrness=0.5899
epoch 17/50 iter 1820/1860 loss=0.7117 mean_loss=0.7608 classification=0.0202, bbox_regression=0.0756, bbox_ctrness=0.6160
epoch 17/50 iter 1840/1860 loss=0.7074 mean_loss=0.7607 classification=0.0309, bbox_regression=0.0866, bbox_ctrness=0.5899
epoch 17/50 iter 1860/1860 loss=0.6731 mean_loss=0.7606 classification=0.0312, bbox_regression=0.0571, bbox_ctrness=0.5848
epoch 17 validation Precision=0.6289 Recall=0.9538 AP50=0.9329 AP75=0.8429 eval_fps=18.76 epoch_time_sec=892.3
saved checkpoint: E:\RepViT-main\runs\v48_complete_ablation\training\early_moddrop_seed1\weights\last.pt
epoch 18/50 iter 1/1860 loss=0.6541 mean_loss=0.6541 classification=0.0199, bbox_regression=0.0643, bbox_ctrness=0.5699
epoch 18/50 iter 20/1860 loss=0.6683 mean_loss=0.7504 classification=0.0235, bbox_regression=0.0506, bbox_ctrness=0.5942
epoch 18/50 iter 40/1860 loss=0.7295 mean_loss=0.7557 classification=0.0419, bbox_regression=0.0884, bbox_ctrness=0.5992
epoch 18/50 iter 60/1860 loss=0.8228 mean_loss=0.7466 classification=0.0757, bbox_regression=0.1305, bbox_ctrness=0.6166
epoch 18/50 iter 80/1860 loss=0.6890 mean_loss=0.7488 classification=0.0161, bbox_regression=0.0821, bbox_ctrness=0.5908
epoch 18/50 iter 100/1860 loss=0.7095 mean_loss=0.7482 classification=0.0373, bbox_regression=0.0726, bbox_ctrness=0.5996
epoch 18/50 iter 120/1860 loss=0.6850 mean_loss=0.7478 classification=0.0304, bbox_regression=0.0628, bbox_ctrness=0.5918
epoch 18/50 iter 140/1860 loss=0.9107 mean_loss=0.7533 classification=0.1308, bbox_regression=0.1601, bbox_ctrness=0.6198
epoch 18/50 iter 160/1860 loss=0.6937 mean_loss=0.7556 classification=0.0344, bbox_regression=0.0676, bbox_ctrness=0.5917
epoch 18/50 iter 180/1860 loss=0.7674 mean_loss=0.7571 classification=0.0496, bbox_regression=0.1199, bbox_ctrness=0.5979
epoch 18/50 iter 200/1860 loss=0.8001 mean_loss=0.7609 classification=0.0738, bbox_regression=0.1336, bbox_ctrness=0.5928
epoch 18/50 iter 220/1860 loss=0.6851 mean_loss=0.7596 classification=0.0206, bbox_regression=0.0572, bbox_ctrness=0.6073
epoch 18/50 iter 240/1860 loss=0.8474 mean_loss=0.7623 classification=0.0879, bbox_regression=0.1324, bbox_ctrness=0.6271
epoch 18/50 iter 260/1860 loss=0.8417 mean_loss=0.7613 classification=0.1388, bbox_regression=0.1170, bbox_ctrness=0.5858
epoch 18/50 iter 280/1860 loss=0.7091 mean_loss=0.7629 classification=0.0207, bbox_regression=0.0813, bbox_ctrness=0.6071
epoch 18/50 iter 300/1860 loss=0.7065 mean_loss=0.7607 classification=0.0310, bbox_regression=0.0656, bbox_ctrness=0.6099
epoch 18/50 iter 320/1860 loss=0.7160 mean_loss=0.7602 classification=0.0240, bbox_regression=0.0768, bbox_ctrness=0.6152
epoch 18/50 iter 340/1860 loss=0.7468 mean_loss=0.7610 classification=0.0608, bbox_regression=0.0806, bbox_ctrness=0.6055
epoch 18/50 iter 360/1860 loss=0.8328 mean_loss=0.7620 classification=0.1173, bbox_regression=0.1202, bbox_ctrness=0.5952
epoch 18/50 iter 380/1860 loss=0.8251 mean_loss=0.7610 classification=0.1331, bbox_regression=0.0951, bbox_ctrness=0.5969
epoch 18/50 iter 400/1860 loss=0.7226 mean_loss=0.7617 classification=0.0292, bbox_regression=0.0902, bbox_ctrness=0.6032
epoch 18/50 iter 420/1860 loss=0.8514 mean_loss=0.7623 classification=0.1014, bbox_regression=0.1408, bbox_ctrness=0.6093
epoch 18/50 iter 440/1860 loss=0.7180 mean_loss=0.7627 classification=0.0339, bbox_regression=0.0974, bbox_ctrness=0.5868
epoch 18/50 iter 460/1860 loss=0.7275 mean_loss=0.7625 classification=0.0545, bbox_regression=0.0695, bbox_ctrness=0.6036
epoch 18/50 iter 480/1860 loss=0.8691 mean_loss=0.7621 classification=0.1148, bbox_regression=0.1468, bbox_ctrness=0.6075
epoch 18/50 iter 500/1860 loss=0.8441 mean_loss=0.7623 classification=0.1174, bbox_regression=0.1258, bbox_ctrness=0.6009
epoch 18/50 iter 520/1860 loss=0.7640 mean_loss=0.7617 classification=0.0776, bbox_regression=0.0850, bbox_ctrness=0.6014
epoch 18/50 iter 540/1860 loss=1.0514 mean_loss=0.7614 classification=0.2207, bbox_regression=0.2186, bbox_ctrness=0.6120
epoch 18/50 iter 560/1860 loss=0.6716 mean_loss=0.7608 classification=0.0122, bbox_regression=0.0662, bbox_ctrness=0.5933
epoch 18/50 iter 580/1860 loss=0.8647 mean_loss=0.7607 classification=0.1365, bbox_regression=0.1239, bbox_ctrness=0.6044
epoch 18/50 iter 600/1860 loss=0.7744 mean_loss=0.7603 classification=0.0627, bbox_regression=0.0821, bbox_ctrness=0.6296
epoch 18/50 iter 620/1860 loss=0.7110 mean_loss=0.7596 classification=0.0381, bbox_regression=0.0684, bbox_ctrness=0.6046
epoch 18/50 iter 640/1860 loss=0.8106 mean_loss=0.7593 classification=0.0598, bbox_regression=0.1447, bbox_ctrness=0.6060
epoch 18/50 iter 660/1860 loss=0.8145 mean_loss=0.7597 classification=0.0875, bbox_regression=0.1195, bbox_ctrness=0.6074
epoch 18/50 iter 680/1860 loss=0.6758 mean_loss=0.7601 classification=0.0188, bbox_regression=0.0499, bbox_ctrness=0.6071
epoch 18/50 iter 700/1860 loss=1.1008 mean_loss=0.7610 classification=0.2714, bbox_regression=0.2090, bbox_ctrness=0.6204
epoch 18/50 iter 720/1860 loss=0.8322 mean_loss=0.7607 classification=0.1517, bbox_regression=0.0581, bbox_ctrness=0.6224
epoch 18/50 iter 740/1860 loss=0.7429 mean_loss=0.7605 classification=0.0573, bbox_regression=0.0944, bbox_ctrness=0.5911
epoch 18/50 iter 760/1860 loss=0.7119 mean_loss=0.7593 classification=0.0237, bbox_regression=0.0774, bbox_ctrness=0.6108
epoch 18/50 iter 780/1860 loss=0.7600 mean_loss=0.7601 classification=0.0653, bbox_regression=0.0980, bbox_ctrness=0.5967
epoch 18/50 iter 800/1860 loss=1.0779 mean_loss=0.7593 classification=0.2719, bbox_regression=0.1744, bbox_ctrness=0.6316
epoch 18/50 iter 820/1860 loss=0.8420 mean_loss=0.7602 classification=0.1082, bbox_regression=0.1282, bbox_ctrness=0.6055
epoch 18/50 iter 840/1860 loss=0.6688 mean_loss=0.7601 classification=0.0092, bbox_regression=0.0455, bbox_ctrness=0.6140
epoch 18/50 iter 860/1860 loss=0.7135 mean_loss=0.7595 classification=0.0243, bbox_regression=0.0762, bbox_ctrness=0.6130
epoch 18/50 iter 880/1860 loss=0.8136 mean_loss=0.7589 classification=0.0600, bbox_regression=0.1381, bbox_ctrness=0.6155
epoch 18/50 iter 900/1860 loss=0.7066 mean_loss=0.7590 classification=0.0384, bbox_regression=0.0695, bbox_ctrness=0.5987
epoch 18/50 iter 920/1860 loss=0.7309 mean_loss=0.7596 classification=0.0466, bbox_regression=0.0893, bbox_ctrness=0.5950
epoch 18/50 iter 940/1860 loss=0.7167 mean_loss=0.7593 classification=0.0290, bbox_regression=0.0744, bbox_ctrness=0.6133
epoch 18/50 iter 960/1860 loss=0.7668 mean_loss=0.7595 classification=0.0544, bbox_regression=0.0994, bbox_ctrness=0.6129
epoch 18/50 iter 980/1860 loss=0.8343 mean_loss=0.7593 classification=0.0844, bbox_regression=0.1504, bbox_ctrness=0.5995
epoch 18/50 iter 1000/1860 loss=0.6726 mean_loss=0.7587 classification=0.0218, bbox_regression=0.0602, bbox_ctrness=0.5907
epoch 18/50 iter 1020/1860 loss=0.7518 mean_loss=0.7586 classification=0.0721, bbox_regression=0.0941, bbox_ctrness=0.5856
epoch 18/50 iter 1040/1860 loss=0.7672 mean_loss=0.7582 classification=0.0582, bbox_regression=0.1072, bbox_ctrness=0.6019
epoch 18/50 iter 1060/1860 loss=0.6911 mean_loss=0.7582 classification=0.0107, bbox_regression=0.0709, bbox_ctrness=0.6095
epoch 18/50 iter 1080/1860 loss=0.7436 mean_loss=0.7578 classification=0.0541, bbox_regression=0.0935, bbox_ctrness=0.5960
epoch 18/50 iter 1100/1860 loss=0.7828 mean_loss=0.7581 classification=0.1019, bbox_regression=0.0857, bbox_ctrness=0.5951
epoch 18/50 iter 1120/1860 loss=0.7137 mean_loss=0.7577 classification=0.0413, bbox_regression=0.0797, bbox_ctrness=0.5927
epoch 18/50 iter 1140/1860 loss=0.7281 mean_loss=0.7582 classification=0.0479, bbox_regression=0.0775, bbox_ctrness=0.6026
epoch 18/50 iter 1160/1860 loss=0.6975 mean_loss=0.7578 classification=0.0238, bbox_regression=0.0746, bbox_ctrness=0.5991
epoch 18/50 iter 1180/1860 loss=0.7122 mean_loss=0.7577 classification=0.0153, bbox_regression=0.0710, bbox_ctrness=0.6259
epoch 18/50 iter 1200/1860 loss=0.7069 mean_loss=0.7580 classification=0.0303, bbox_regression=0.0851, bbox_ctrness=0.5915
epoch 18/50 iter 1220/1860 loss=0.8639 mean_loss=0.7589 classification=0.1665, bbox_regression=0.0933, bbox_ctrness=0.6041
epoch 18/50 iter 1240/1860 loss=0.7234 mean_loss=0.7587 classification=0.0281, bbox_regression=0.0843, bbox_ctrness=0.6110
epoch 18/50 iter 1260/1860 loss=0.7179 mean_loss=0.7588 classification=0.0354, bbox_regression=0.0832, bbox_ctrness=0.5993
epoch 18/50 iter 1280/1860 loss=0.7270 mean_loss=0.7601 classification=0.0687, bbox_regression=0.0757, bbox_ctrness=0.5826
epoch 18/50 iter 1300/1860 loss=0.8076 mean_loss=0.7603 classification=0.0838, bbox_regression=0.1159, bbox_ctrness=0.6079
epoch 18/50 iter 1320/1860 loss=0.7340 mean_loss=0.7599 classification=0.0631, bbox_regression=0.0766, bbox_ctrness=0.5943
epoch 18/50 iter 1340/1860 loss=0.7152 mean_loss=0.7604 classification=0.0263, bbox_regression=0.0902, bbox_ctrness=0.5987
epoch 18/50 iter 1360/1860 loss=0.7341 mean_loss=0.7602 classification=0.0383, bbox_regression=0.0823, bbox_ctrness=0.6134
epoch 18/50 iter 1380/1860 loss=0.6890 mean_loss=0.7600 classification=0.0196, bbox_regression=0.0586, bbox_ctrness=0.6108
epoch 18/50 iter 1400/1860 loss=0.7135 mean_loss=0.7602 classification=0.0454, bbox_regression=0.0734, bbox_ctrness=0.5947
epoch 18/50 iter 1420/1860 loss=0.7545 mean_loss=0.7605 classification=0.0634, bbox_regression=0.0844, bbox_ctrness=0.6066
epoch 18/50 iter 1440/1860 loss=0.7277 mean_loss=0.7601 classification=0.0411, bbox_regression=0.0857, bbox_ctrness=0.6009
epoch 18/50 iter 1460/1860 loss=0.7259 mean_loss=0.7604 classification=0.0408, bbox_regression=0.0591, bbox_ctrness=0.6259
epoch 18/50 iter 1480/1860 loss=0.7243 mean_loss=0.7608 classification=0.0330, bbox_regression=0.0860, bbox_ctrness=0.6053
epoch 18/50 iter 1500/1860 loss=0.7981 mean_loss=0.7610 classification=0.0885, bbox_regression=0.1200, bbox_ctrness=0.5897
epoch 18/50 iter 1520/1860 loss=0.9121 mean_loss=0.7613 classification=0.1224, bbox_regression=0.1717, bbox_ctrness=0.6180
epoch 18/50 iter 1540/1860 loss=0.9168 mean_loss=0.7615 classification=0.1279, bbox_regression=0.1694, bbox_ctrness=0.6195
epoch 18/50 iter 1560/1860 loss=0.6940 mean_loss=0.7617 classification=0.0426, bbox_regression=0.0555, bbox_ctrness=0.5960
epoch 18/50 iter 1580/1860 loss=0.7193 mean_loss=0.7616 classification=0.0330, bbox_regression=0.1004, bbox_ctrness=0.5859
epoch 18/50 iter 1600/1860 loss=0.8951 mean_loss=0.7619 classification=0.1498, bbox_regression=0.1250, bbox_ctrness=0.6203
epoch 18/50 iter 1620/1860 loss=0.7035 mean_loss=0.7618 classification=0.0363, bbox_regression=0.0643, bbox_ctrness=0.6028
epoch 18/50 iter 1640/1860 loss=0.7382 mean_loss=0.7621 classification=0.0659, bbox_regression=0.0836, bbox_ctrness=0.5887
epoch 18/50 iter 1660/1860 loss=0.7454 mean_loss=0.7622 classification=0.0646, bbox_regression=0.0826, bbox_ctrness=0.5982
epoch 18/50 iter 1680/1860 loss=0.9081 mean_loss=0.7627 classification=0.1421, bbox_regression=0.1332, bbox_ctrness=0.6327
epoch 18/50 iter 1700/1860 loss=0.7137 mean_loss=0.7626 classification=0.0243, bbox_regression=0.0770, bbox_ctrness=0.6124
epoch 18/50 iter 1720/1860 loss=0.6815 mean_loss=0.7628 classification=0.0315, bbox_regression=0.0633, bbox_ctrness=0.5868
epoch 18/50 iter 1740/1860 loss=0.7249 mean_loss=0.7627 classification=0.0145, bbox_regression=0.0833, bbox_ctrness=0.6271
epoch 18/50 iter 1760/1860 loss=0.7390 mean_loss=0.7631 classification=0.0562, bbox_regression=0.0728, bbox_ctrness=0.6100
epoch 18/50 iter 1780/1860 loss=0.9044 mean_loss=0.7633 classification=0.1520, bbox_regression=0.1505, bbox_ctrness=0.6019
epoch 18/50 iter 1800/1860 loss=0.7462 mean_loss=0.7630 classification=0.0533, bbox_regression=0.0921, bbox_ctrness=0.6008
epoch 18/50 iter 1820/1860 loss=0.6892 mean_loss=0.7629 classification=0.0354, bbox_regression=0.0691, bbox_ctrness=0.5848
epoch 18/50 iter 1840/1860 loss=0.7280 mean_loss=0.7626 classification=0.0410, bbox_regression=0.0788, bbox_ctrness=0.6082
epoch 18/50 iter 1860/1860 loss=0.7104 mean_loss=0.7624 classification=0.0473, bbox_regression=0.0683, bbox_ctrness=0.5949
epoch 18 validation Precision=0.5661 Recall=0.9565 AP50=0.9341 AP75=0.8347 eval_fps=18.55 epoch_time_sec=891.2
saved checkpoint: E:\RepViT-main\runs\v48_complete_ablation\training\early_moddrop_seed1\weights\last.pt
epoch 19/50 iter 1/1860 loss=0.6915 mean_loss=0.6915 classification=0.0161, bbox_regression=0.0600, bbox_ctrness=0.6155
epoch 19/50 iter 20/1860 loss=0.6725 mean_loss=0.7176 classification=0.0168, bbox_regression=0.0564, bbox_ctrness=0.5993
epoch 19/50 iter 40/1860 loss=0.7124 mean_loss=0.7479 classification=0.0329, bbox_regression=0.0782, bbox_ctrness=0.6014
epoch 19/50 iter 60/1860 loss=0.7024 mean_loss=0.7399 classification=0.0237, bbox_regression=0.0843, bbox_ctrness=0.5944
epoch 19/50 iter 80/1860 loss=0.6759 mean_loss=0.7365 classification=0.0095, bbox_regression=0.0599, bbox_ctrness=0.6064
epoch 19/50 iter 100/1860 loss=0.7985 mean_loss=0.7315 classification=0.0831, bbox_regression=0.1201, bbox_ctrness=0.5953
epoch 19/50 iter 120/1860 loss=0.8078 mean_loss=0.7323 classification=0.0758, bbox_regression=0.1302, bbox_ctrness=0.6018
epoch 19/50 iter 140/1860 loss=0.6539 mean_loss=0.7358 classification=0.0083, bbox_regression=0.0635, bbox_ctrness=0.5820
epoch 19/50 iter 160/1860 loss=0.6959 mean_loss=0.7370 classification=0.0256, bbox_regression=0.0605, bbox_ctrness=0.6097
epoch 19/50 iter 180/1860 loss=0.6845 mean_loss=0.7399 classification=0.0213, bbox_regression=0.0636, bbox_ctrness=0.5995
epoch 19/50 iter 200/1860 loss=0.7238 mean_loss=0.7398 classification=0.0417, bbox_regression=0.0671, bbox_ctrness=0.6150
epoch 19/50 iter 220/1860 loss=0.6747 mean_loss=0.7379 classification=0.0236, bbox_regression=0.0534, bbox_ctrness=0.5977
epoch 19/50 iter 240/1860 loss=1.1205 mean_loss=0.7379 classification=0.2293, bbox_regression=0.2515, bbox_ctrness=0.6397
epoch 19/50 iter 260/1860 loss=0.7922 mean_loss=0.7392 classification=0.0622, bbox_regression=0.1072, bbox_ctrness=0.6228
epoch 19/50 iter 280/1860 loss=0.7443 mean_loss=0.7396 classification=0.0346, bbox_regression=0.0932, bbox_ctrness=0.6166
epoch 19/50 iter 300/1860 loss=0.7627 mean_loss=0.7426 classification=0.0728, bbox_regression=0.0949, bbox_ctrness=0.5950
epoch 19/50 iter 320/1860 loss=0.8433 mean_loss=0.7434 classification=0.1105, bbox_regression=0.1142, bbox_ctrness=0.6186
epoch 19/50 iter 340/1860 loss=0.6462 mean_loss=0.7451 classification=0.0146, bbox_regression=0.0578, bbox_ctrness=0.5738
epoch 19/50 iter 360/1860 loss=0.6691 mean_loss=0.7443 classification=0.0118, bbox_regression=0.0619, bbox_ctrness=0.5954
epoch 19/50 iter 380/1860 loss=0.7151 mean_loss=0.7443 classification=0.0313, bbox_regression=0.0672, bbox_ctrness=0.6165
epoch 19/50 iter 400/1860 loss=0.7894 mean_loss=0.7449 classification=0.0471, bbox_regression=0.1180, bbox_ctrness=0.6243
epoch 19/50 iter 420/1860 loss=0.7378 mean_loss=0.7462 classification=0.0534, bbox_regression=0.0805, bbox_ctrness=0.6038
epoch 19/50 iter 440/1860 loss=0.7407 mean_loss=0.7474 classification=0.0443, bbox_regression=0.0939, bbox_ctrness=0.6026
epoch 19/50 iter 460/1860 loss=0.7151 mean_loss=0.7473 classification=0.0395, bbox_regression=0.0805, bbox_ctrness=0.5950
epoch 19/50 iter 480/1860 loss=0.7453 mean_loss=0.7477 classification=0.0406, bbox_regression=0.0994, bbox_ctrness=0.6052
epoch 19/50 iter 500/1860 loss=0.7038 mean_loss=0.7462 classification=0.0277, bbox_regression=0.0661, bbox_ctrness=0.6100
epoch 19/50 iter 520/1860 loss=0.7228 mean_loss=0.7466 classification=0.0543, bbox_regression=0.0753, bbox_ctrness=0.5932
epoch 19/50 iter 540/1860 loss=0.7763 mean_loss=0.7465 classification=0.0715, bbox_regression=0.0972, bbox_ctrness=0.6077
epoch 19/50 iter 560/1860 loss=0.7124 mean_loss=0.7480 classification=0.0356, bbox_regression=0.0807, bbox_ctrness=0.5961
epoch 19/50 iter 580/1860 loss=0.6949 mean_loss=0.7470 classification=0.0163, bbox_regression=0.0822, bbox_ctrness=0.5964
epoch 19/50 iter 600/1860 loss=0.7575 mean_loss=0.7483 classification=0.0569, bbox_regression=0.0905, bbox_ctrness=0.6101
epoch 19/50 iter 620/1860 loss=0.7257 mean_loss=0.7476 classification=0.0485, bbox_regression=0.0812, bbox_ctrness=0.5960
epoch 19/50 iter 640/1860 loss=0.6682 mean_loss=0.7480 classification=0.0174, bbox_regression=0.0590, bbox_ctrness=0.5918
epoch 19/50 iter 660/1860 loss=0.8121 mean_loss=0.7476 classification=0.0632, bbox_regression=0.1302, bbox_ctrness=0.6187
epoch 19/50 iter 680/1860 loss=0.7736 mean_loss=0.7477 classification=0.0723, bbox_regression=0.0957, bbox_ctrness=0.6056
epoch 19/50 iter 700/1860 loss=0.7074 mean_loss=0.7470 classification=0.0457, bbox_regression=0.0703, bbox_ctrness=0.5914
epoch 19/50 iter 720/1860 loss=0.9266 mean_loss=0.7471 classification=0.1522, bbox_regression=0.1490, bbox_ctrness=0.6255
epoch 19/50 iter 740/1860 loss=0.7063 mean_loss=0.7480 classification=0.0539, bbox_regression=0.0671, bbox_ctrness=0.5853
epoch 19/50 iter 760/1860 loss=0.6873 mean_loss=0.7477 classification=0.0351, bbox_regression=0.0588, bbox_ctrness=0.5934
epoch 19/50 iter 780/1860 loss=0.8308 mean_loss=0.7471 classification=0.1288, bbox_regression=0.0963, bbox_ctrness=0.6057
epoch 19/50 iter 800/1860 loss=0.7222 mean_loss=0.7464 classification=0.0387, bbox_regression=0.0782, bbox_ctrness=0.6053
epoch 19/50 iter 820/1860 loss=0.6855 mean_loss=0.7456 classification=0.0193, bbox_regression=0.0696, bbox_ctrness=0.5966
epoch 19/50 iter 840/1860 loss=0.7110 mean_loss=0.7453 classification=0.0223, bbox_regression=0.0682, bbox_ctrness=0.6205
epoch 19/50 iter 860/1860 loss=0.8200 mean_loss=0.7451 classification=0.0963, bbox_regression=0.1192, bbox_ctrness=0.6045
epoch 19/50 iter 880/1860 loss=0.7647 mean_loss=0.7448 classification=0.0605, bbox_regression=0.0922, bbox_ctrness=0.6120
epoch 19/50 iter 900/1860 loss=0.8927 mean_loss=0.7462 classification=0.1518, bbox_regression=0.1313, bbox_ctrness=0.6097
epoch 19/50 iter 920/1860 loss=0.7137 mean_loss=0.7466 classification=0.0371, bbox_regression=0.0723, bbox_ctrness=0.6043
epoch 19/50 iter 940/1860 loss=0.6833 mean_loss=0.7472 classification=0.0149, bbox_regression=0.0540, bbox_ctrness=0.6144
epoch 19/50 iter 960/1860 loss=0.7558 mean_loss=0.7471 classification=0.0550, bbox_regression=0.0940, bbox_ctrness=0.6068
epoch 19/50 iter 980/1860 loss=0.6865 mean_loss=0.7470 classification=0.0181, bbox_regression=0.0682, bbox_ctrness=0.6001
epoch 19/50 iter 1000/1860 loss=0.6769 mean_loss=0.7469 classification=0.0267, bbox_regression=0.0588, bbox_ctrness=0.5913
epoch 19/50 iter 1020/1860 loss=0.6752 mean_loss=0.7469 classification=0.0097, bbox_regression=0.0539, bbox_ctrness=0.6117
epoch 19/50 iter 1040/1860 loss=0.7285 mean_loss=0.7467 classification=0.0354, bbox_regression=0.0939, bbox_ctrness=0.5991
epoch 19/50 iter 1060/1860 loss=0.6921 mean_loss=0.7466 classification=0.0175, bbox_regression=0.0716, bbox_ctrness=0.6030
epoch 19/50 iter 1080/1860 loss=0.6876 mean_loss=0.7464 classification=0.0314, bbox_regression=0.0553, bbox_ctrness=0.6009
epoch 19/50 iter 1100/1860 loss=0.6733 mean_loss=0.7468 classification=0.0057, bbox_regression=0.0580, bbox_ctrness=0.6097
epoch 19/50 iter 1120/1860 loss=0.8710 mean_loss=0.7473 classification=0.1330, bbox_regression=0.1365, bbox_ctrness=0.6015
epoch 19/50 iter 1140/1860 loss=0.7459 mean_loss=0.7478 classification=0.0482, bbox_regression=0.1083, bbox_ctrness=0.5895
epoch 19/50 iter 1160/1860 loss=0.7135 mean_loss=0.7478 classification=0.0371, bbox_regression=0.0758, bbox_ctrness=0.6006
epoch 19/50 iter 1180/1860 loss=0.8897 mean_loss=0.7478 classification=0.1588, bbox_regression=0.1272, bbox_ctrness=0.6038
epoch 19/50 iter 1200/1860 loss=0.8644 mean_loss=0.7497 classification=0.1079, bbox_regression=0.1429, bbox_ctrness=0.6136
epoch 19/50 iter 1220/1860 loss=1.2462 mean_loss=0.7503 classification=0.4079, bbox_regression=0.2135, bbox_ctrness=0.6248
epoch 19/50 iter 1240/1860 loss=0.6868 mean_loss=0.7505 classification=0.0278, bbox_regression=0.0691, bbox_ctrness=0.5898
epoch 19/50 iter 1260/1860 loss=0.6979 mean_loss=0.7512 classification=0.0294, bbox_regression=0.0733, bbox_ctrness=0.5952
epoch 19/50 iter 1280/1860 loss=0.7156 mean_loss=0.7507 classification=0.0483, bbox_regression=0.0705, bbox_ctrness=0.5968
epoch 19/50 iter 1300/1860 loss=0.7467 mean_loss=0.7505 classification=0.0592, bbox_regression=0.0778, bbox_ctrness=0.6098
epoch 19/50 iter 1320/1860 loss=0.6966 mean_loss=0.7507 classification=0.0282, bbox_regression=0.0717, bbox_ctrness=0.5966
epoch 19/50 iter 1340/1860 loss=0.6767 mean_loss=0.7510 classification=0.0142, bbox_regression=0.0568, bbox_ctrness=0.6056
epoch 19/50 iter 1360/1860 loss=0.7105 mean_loss=0.7510 classification=0.0360, bbox_regression=0.0740, bbox_ctrness=0.6006
epoch 19/50 iter 1380/1860 loss=0.7301 mean_loss=0.7509 classification=0.0219, bbox_regression=0.0990, bbox_ctrness=0.6092
epoch 19/50 iter 1400/1860 loss=0.6661 mean_loss=0.7508 classification=0.0162, bbox_regression=0.0639, bbox_ctrness=0.5860
epoch 19/50 iter 1420/1860 loss=0.6689 mean_loss=0.7506 classification=0.0085, bbox_regression=0.0588, bbox_ctrness=0.6016
epoch 19/50 iter 1440/1860 loss=0.6981 mean_loss=0.7512 classification=0.0445, bbox_regression=0.0655, bbox_ctrness=0.5881
epoch 19/50 iter 1460/1860 loss=0.6816 mean_loss=0.7512 classification=0.0202, bbox_regression=0.0615, bbox_ctrness=0.5999
epoch 19/50 iter 1480/1860 loss=0.7349 mean_loss=0.7513 classification=0.0515, bbox_regression=0.0873, bbox_ctrness=0.5962
epoch 19/50 iter 1500/1860 loss=0.6849 mean_loss=0.7510 classification=0.0423, bbox_regression=0.0533, bbox_ctrness=0.5893
epoch 19/50 iter 1520/1860 loss=0.6910 mean_loss=0.7513 classification=0.0253, bbox_regression=0.0648, bbox_ctrness=0.6009
epoch 19/50 iter 1540/1860 loss=0.6969 mean_loss=0.7512 classification=0.0133, bbox_regression=0.0786, bbox_ctrness=0.6050
epoch 19/50 iter 1560/1860 loss=0.9711 mean_loss=0.7514 classification=0.1078, bbox_regression=0.2205, bbox_ctrness=0.6428
epoch 19/50 iter 1580/1860 loss=0.7145 mean_loss=0.7509 classification=0.0425, bbox_regression=0.0611, bbox_ctrness=0.6109
epoch 19/50 iter 1600/1860 loss=0.9810 mean_loss=0.7512 classification=0.1904, bbox_regression=0.1724, bbox_ctrness=0.6182
epoch 19/50 iter 1620/1860 loss=0.7385 mean_loss=0.7514 classification=0.0363, bbox_regression=0.0862, bbox_ctrness=0.6160
epoch 19/50 iter 1640/1860 loss=0.7002 mean_loss=0.7518 classification=0.0193, bbox_regression=0.0769, bbox_ctrness=0.6040
epoch 19/50 iter 1660/1860 loss=0.8140 mean_loss=0.7519 classification=0.0933, bbox_regression=0.1209, bbox_ctrness=0.5999
epoch 19/50 iter 1680/1860 loss=0.7015 mean_loss=0.7518 classification=0.0235, bbox_regression=0.0703, bbox_ctrness=0.6077
epoch 19/50 iter 1700/1860 loss=0.7234 mean_loss=0.7524 classification=0.0541, bbox_regression=0.0820, bbox_ctrness=0.5873
epoch 19/50 iter 1720/1860 loss=0.7123 mean_loss=0.7524 classification=0.0339, bbox_regression=0.0749, bbox_ctrness=0.6035
epoch 19/50 iter 1740/1860 loss=0.7141 mean_loss=0.7524 classification=0.0274, bbox_regression=0.0810, bbox_ctrness=0.6056
epoch 19/50 iter 1760/1860 loss=0.7260 mean_loss=0.7528 classification=0.0495, bbox_regression=0.0686, bbox_ctrness=0.6079
epoch 19/50 iter 1780/1860 loss=0.7103 mean_loss=0.7531 classification=0.0596, bbox_regression=0.0569, bbox_ctrness=0.5938
epoch 19/50 iter 1800/1860 loss=1.1300 mean_loss=0.7538 classification=0.2983, bbox_regression=0.2176, bbox_ctrness=0.6140
epoch 19/50 iter 1820/1860 loss=0.7288 mean_loss=0.7541 classification=0.0372, bbox_regression=0.0869, bbox_ctrness=0.6047
epoch 19/50 iter 1840/1860 loss=0.7849 mean_loss=0.7541 classification=0.0784, bbox_regression=0.1042, bbox_ctrness=0.6023
epoch 19/50 iter 1860/1860 loss=0.7195 mean_loss=0.7543 classification=0.0265, bbox_regression=0.0837, bbox_ctrness=0.6092
epoch 19 validation Precision=0.5183 Recall=0.9623 AP50=0.9382 AP75=0.8585 eval_fps=18.37 epoch_time_sec=892.0
saved checkpoint: E:\RepViT-main\runs\v48_complete_ablation\training\early_moddrop_seed1\weights\last.pt
epoch 20/50 iter 1/1860 loss=0.7379 mean_loss=0.7379 classification=0.0550, bbox_regression=0.0841, bbox_ctrness=0.5988
epoch 20/50 iter 20/1860 loss=0.8053 mean_loss=0.7265 classification=0.1016, bbox_regression=0.1113, bbox_ctrness=0.5924
epoch 20/50 iter 40/1860 loss=0.6763 mean_loss=0.7331 classification=0.0219, bbox_regression=0.0670, bbox_ctrness=0.5874
epoch 20/50 iter 60/1860 loss=0.7542 mean_loss=0.7456 classification=0.0767, bbox_regression=0.0806, bbox_ctrness=0.5969
epoch 20/50 iter 80/1860 loss=0.9257 mean_loss=0.7646 classification=0.1342, bbox_regression=0.1699, bbox_ctrness=0.6216
epoch 20/50 iter 100/1860 loss=0.7138 mean_loss=0.7595 classification=0.0159, bbox_regression=0.0683, bbox_ctrness=0.6297
epoch 20/50 iter 120/1860 loss=0.9816 mean_loss=0.7636 classification=0.1674, bbox_regression=0.2175, bbox_ctrness=0.5967
epoch 20/50 iter 140/1860 loss=1.0197 mean_loss=0.7654 classification=0.1434, bbox_regression=0.2210, bbox_ctrness=0.6552
epoch 20/50 iter 160/1860 loss=0.7383 mean_loss=0.7658 classification=0.0557, bbox_regression=0.0874, bbox_ctrness=0.5952
epoch 20/50 iter 180/1860 loss=0.7273 mean_loss=0.7593 classification=0.0478, bbox_regression=0.0835, bbox_ctrness=0.5960
epoch 20/50 iter 200/1860 loss=0.6817 mean_loss=0.7575 classification=0.0179, bbox_regression=0.0559, bbox_ctrness=0.6079
epoch 20/50 iter 220/1860 loss=0.6930 mean_loss=0.7558 classification=0.0244, bbox_regression=0.0637, bbox_ctrness=0.6050
epoch 20/50 iter 240/1860 loss=0.7434 mean_loss=0.7556 classification=0.0441, bbox_regression=0.0854, bbox_ctrness=0.6139
epoch 20/50 iter 260/1860 loss=0.8444 mean_loss=0.7542 classification=0.1026, bbox_regression=0.1348, bbox_ctrness=0.6071
epoch 20/50 iter 280/1860 loss=0.7432 mean_loss=0.7544 classification=0.0713, bbox_regression=0.0941, bbox_ctrness=0.5778
epoch 20/50 iter 300/1860 loss=0.7031 mean_loss=0.7567 classification=0.0298, bbox_regression=0.0752, bbox_ctrness=0.5981
epoch 20/50 iter 320/1860 loss=1.3227 mean_loss=0.7558 classification=0.3610, bbox_regression=0.3092, bbox_ctrness=0.6525
epoch 20/50 iter 340/1860 loss=0.6752 mean_loss=0.7547 classification=0.0130, bbox_regression=0.0653, bbox_ctrness=0.5969
epoch 20/50 iter 360/1860 loss=0.6981 mean_loss=0.7583 classification=0.0272, bbox_regression=0.0686, bbox_ctrness=0.6023
epoch 20/50 iter 380/1860 loss=0.6619 mean_loss=0.7579 classification=0.0076, bbox_regression=0.0533, bbox_ctrness=0.6010
epoch 20/50 iter 400/1860 loss=0.6907 mean_loss=0.7597 classification=0.0404, bbox_regression=0.0594, bbox_ctrness=0.5909
epoch 20/50 iter 420/1860 loss=0.7575 mean_loss=0.7589 classification=0.0382, bbox_regression=0.1047, bbox_ctrness=0.6146
epoch 20/50 iter 440/1860 loss=0.6672 mean_loss=0.7569 classification=0.0034, bbox_regression=0.0591, bbox_ctrness=0.6047
epoch 20/50 iter 460/1860 loss=0.7131 mean_loss=0.7560 classification=0.0368, bbox_regression=0.0674, bbox_ctrness=0.6089
epoch 20/50 iter 480/1860 loss=0.7070 mean_loss=0.7544 classification=0.0334, bbox_regression=0.0697, bbox_ctrness=0.6039
epoch 20/50 iter 500/1860 loss=0.6903 mean_loss=0.7537 classification=0.0209, bbox_regression=0.0598, bbox_ctrness=0.6096
epoch 20/50 iter 520/1860 loss=0.8087 mean_loss=0.7531 classification=0.1059, bbox_regression=0.1167, bbox_ctrness=0.5860
epoch 20/50 iter 540/1860 loss=0.7814 mean_loss=0.7529 classification=0.0703, bbox_regression=0.1019, bbox_ctrness=0.6092
epoch 20/50 iter 560/1860 loss=0.6954 mean_loss=0.7517 classification=0.0057, bbox_regression=0.0642, bbox_ctrness=0.6255
epoch 20/50 iter 580/1860 loss=0.7246 mean_loss=0.7507 classification=0.0347, bbox_regression=0.0962, bbox_ctrness=0.5938
epoch 20/50 iter 600/1860 loss=0.7035 mean_loss=0.7525 classification=0.0375, bbox_regression=0.0682, bbox_ctrness=0.5979
epoch 20/50 iter 620/1860 loss=0.7238 mean_loss=0.7521 classification=0.0412, bbox_regression=0.0806, bbox_ctrness=0.6020
epoch 20/50 iter 640/1860 loss=0.7642 mean_loss=0.7529 classification=0.0551, bbox_regression=0.1081, bbox_ctrness=0.6010
epoch 20/50 iter 660/1860 loss=0.6822 mean_loss=0.7526 classification=0.0151, bbox_regression=0.0583, bbox_ctrness=0.6089
epoch 20/50 iter 680/1860 loss=0.7177 mean_loss=0.7523 classification=0.0421, bbox_regression=0.0860, bbox_ctrness=0.5896
epoch 20/50 iter 700/1860 loss=0.8180 mean_loss=0.7520 classification=0.0786, bbox_regression=0.1276, bbox_ctrness=0.6118
epoch 20/50 iter 720/1860 loss=0.6855 mean_loss=0.7519 classification=0.0162, bbox_regression=0.0563, bbox_ctrness=0.6131
epoch 20/50 iter 740/1860 loss=0.7234 mean_loss=0.7519 classification=0.0407, bbox_regression=0.0894, bbox_ctrness=0.5933
epoch 20/50 iter 760/1860 loss=0.7099 mean_loss=0.7520 classification=0.0160, bbox_regression=0.0893, bbox_ctrness=0.6046
epoch 20/50 iter 780/1860 loss=0.8026 mean_loss=0.7524 classification=0.1029, bbox_regression=0.0969, bbox_ctrness=0.6028
epoch 20/50 iter 800/1860 loss=0.8978 mean_loss=0.7527 classification=0.1437, bbox_regression=0.1525, bbox_ctrness=0.6017
epoch 20/50 iter 820/1860 loss=0.8255 mean_loss=0.7527 classification=0.1102, bbox_regression=0.1112, bbox_ctrness=0.6041
epoch 20/50 iter 840/1860 loss=0.8414 mean_loss=0.7539 classification=0.0820, bbox_regression=0.1426, bbox_ctrness=0.6168
epoch 20/50 iter 860/1860 loss=0.7070 mean_loss=0.7539 classification=0.0357, bbox_regression=0.0760, bbox_ctrness=0.5954
epoch 20/50 iter 880/1860 loss=0.6707 mean_loss=0.7540 classification=0.0123, bbox_regression=0.0631, bbox_ctrness=0.5953
epoch 20/50 iter 900/1860 loss=0.7009 mean_loss=0.7540 classification=0.0193, bbox_regression=0.0646, bbox_ctrness=0.6169
epoch 20/50 iter 920/1860 loss=0.7334 mean_loss=0.7539 classification=0.0445, bbox_regression=0.0781, bbox_ctrness=0.6108
epoch 20/50 iter 940/1860 loss=0.7424 mean_loss=0.7540 classification=0.0646, bbox_regression=0.0748, bbox_ctrness=0.6030
epoch 20/50 iter 960/1860 loss=0.6861 mean_loss=0.7534 classification=0.0243, bbox_regression=0.0539, bbox_ctrness=0.6079
epoch 20/50 iter 980/1860 loss=0.6792 mean_loss=0.7526 classification=0.0071, bbox_regression=0.0565, bbox_ctrness=0.6155
epoch 20/50 iter 1000/1860 loss=0.7830 mean_loss=0.7531 classification=0.0549, bbox_regression=0.1141, bbox_ctrness=0.6139
epoch 20/50 iter 1020/1860 loss=0.7102 mean_loss=0.7522 classification=0.0638, bbox_regression=0.0515, bbox_ctrness=0.5949
epoch 20/50 iter 1040/1860 loss=0.7551 mean_loss=0.7518 classification=0.0775, bbox_regression=0.0899, bbox_ctrness=0.5877
epoch 20/50 iter 1060/1860 loss=0.7025 mean_loss=0.7513 classification=0.0295, bbox_regression=0.0703, bbox_ctrness=0.6027
epoch 20/50 iter 1080/1860 loss=0.7361 mean_loss=0.7507 classification=0.0587, bbox_regression=0.0712, bbox_ctrness=0.6062
epoch 20/50 iter 1100/1860 loss=0.7901 mean_loss=0.7510 classification=0.0881, bbox_regression=0.1135, bbox_ctrness=0.5885
epoch 20/50 iter 1120/1860 loss=0.7671 mean_loss=0.7514 classification=0.0621, bbox_regression=0.1163, bbox_ctrness=0.5887
epoch 20/50 iter 1140/1860 loss=0.6649 mean_loss=0.7512 classification=0.0148, bbox_regression=0.0505, bbox_ctrness=0.5995
epoch 20/50 iter 1160/1860 loss=0.7092 mean_loss=0.7515 classification=0.0224, bbox_regression=0.0756, bbox_ctrness=0.6113
epoch 20/50 iter 1180/1860 loss=0.8746 mean_loss=0.7511 classification=0.1225, bbox_regression=0.1306, bbox_ctrness=0.6215
epoch 20/50 iter 1200/1860 loss=0.9412 mean_loss=0.7514 classification=0.1733, bbox_regression=0.1598, bbox_ctrness=0.6082
epoch 20/50 iter 1220/1860 loss=0.7027 mean_loss=0.7513 classification=0.0211, bbox_regression=0.0686, bbox_ctrness=0.6130
epoch 20/50 iter 1240/1860 loss=0.8394 mean_loss=0.7515 classification=0.1189, bbox_regression=0.1249, bbox_ctrness=0.5957
epoch 20/50 iter 1260/1860 loss=0.7006 mean_loss=0.7511 classification=0.0227, bbox_regression=0.0876, bbox_ctrness=0.5903
epoch 20/50 iter 1280/1860 loss=0.6597 mean_loss=0.7510 classification=0.0101, bbox_regression=0.0678, bbox_ctrness=0.5818
epoch 20/50 iter 1300/1860 loss=0.7407 mean_loss=0.7506 classification=0.0634, bbox_regression=0.0936, bbox_ctrness=0.5837
epoch 20/50 iter 1320/1860 loss=0.6980 mean_loss=0.7503 classification=0.0397, bbox_regression=0.0702, bbox_ctrness=0.5881
epoch 20/50 iter 1340/1860 loss=0.8625 mean_loss=0.7508 classification=0.1059, bbox_regression=0.1549, bbox_ctrness=0.6017
epoch 20/50 iter 1360/1860 loss=0.8852 mean_loss=0.7506 classification=0.1144, bbox_regression=0.1630, bbox_ctrness=0.6078
epoch 20/50 iter 1380/1860 loss=0.7373 mean_loss=0.7507 classification=0.0509, bbox_regression=0.0882, bbox_ctrness=0.5982
epoch 20/50 iter 1400/1860 loss=0.6863 mean_loss=0.7504 classification=0.0344, bbox_regression=0.0565, bbox_ctrness=0.5954
epoch 20/50 iter 1420/1860 loss=0.7170 mean_loss=0.7504 classification=0.0557, bbox_regression=0.0628, bbox_ctrness=0.5985
epoch 20/50 iter 1440/1860 loss=0.6626 mean_loss=0.7504 classification=0.0087, bbox_regression=0.0584, bbox_ctrness=0.5955
epoch 20/50 iter 1460/1860 loss=0.6612 mean_loss=0.7502 classification=0.0204, bbox_regression=0.0533, bbox_ctrness=0.5875
epoch 20/50 iter 1480/1860 loss=0.7580 mean_loss=0.7502 classification=0.0714, bbox_regression=0.0840, bbox_ctrness=0.6026
epoch 20/50 iter 1500/1860 loss=0.7035 mean_loss=0.7499 classification=0.0302, bbox_regression=0.0629, bbox_ctrness=0.6103
epoch 20/50 iter 1520/1860 loss=0.7944 mean_loss=0.7500 classification=0.0896, bbox_regression=0.1077, bbox_ctrness=0.5971
epoch 20/50 iter 1540/1860 loss=0.6822 mean_loss=0.7500 classification=0.0142, bbox_regression=0.0724, bbox_ctrness=0.5956
epoch 20/50 iter 1560/1860 loss=0.6612 mean_loss=0.7500 classification=0.0097, bbox_regression=0.0583, bbox_ctrness=0.5932
epoch 20/50 iter 1580/1860 loss=0.7108 mean_loss=0.7501 classification=0.0488, bbox_regression=0.0800, bbox_ctrness=0.5821
epoch 20/50 iter 1600/1860 loss=0.7436 mean_loss=0.7501 classification=0.0497, bbox_regression=0.0898, bbox_ctrness=0.6040
epoch 20/50 iter 1620/1860 loss=0.9130 mean_loss=0.7499 classification=0.1458, bbox_regression=0.1504, bbox_ctrness=0.6168
epoch 20/50 iter 1640/1860 loss=0.7085 mean_loss=0.7496 classification=0.0276, bbox_regression=0.0734, bbox_ctrness=0.6075
epoch 20/50 iter 1660/1860 loss=0.7179 mean_loss=0.7495 classification=0.0401, bbox_regression=0.0737, bbox_ctrness=0.6041
epoch 20/50 iter 1680/1860 loss=0.6911 mean_loss=0.7496 classification=0.0217, bbox_regression=0.0658, bbox_ctrness=0.6036
epoch 20/50 iter 1700/1860 loss=0.8575 mean_loss=0.7495 classification=0.1300, bbox_regression=0.1101, bbox_ctrness=0.6175
epoch 20/50 iter 1720/1860 loss=0.6696 mean_loss=0.7496 classification=0.0129, bbox_regression=0.0621, bbox_ctrness=0.5947
epoch 20/50 iter 1740/1860 loss=0.7471 mean_loss=0.7497 classification=0.0792, bbox_regression=0.0555, bbox_ctrness=0.6124
epoch 20/50 iter 1760/1860 loss=0.6889 mean_loss=0.7496 classification=0.0210, bbox_regression=0.0696, bbox_ctrness=0.5983
epoch 20/50 iter 1780/1860 loss=0.7010 mean_loss=0.7496 classification=0.0219, bbox_regression=0.0701, bbox_ctrness=0.6090
epoch 20/50 iter 1800/1860 loss=0.7213 mean_loss=0.7501 classification=0.0340, bbox_regression=0.0780, bbox_ctrness=0.6093
epoch 20/50 iter 1820/1860 loss=0.7338 mean_loss=0.7502 classification=0.0511, bbox_regression=0.0709, bbox_ctrness=0.6118
epoch 20/50 iter 1840/1860 loss=0.6940 mean_loss=0.7502 classification=0.0219, bbox_regression=0.0670, bbox_ctrness=0.6052
epoch 20/50 iter 1860/1860 loss=0.7256 mean_loss=0.7501 classification=0.0518, bbox_regression=0.0648, bbox_ctrness=0.6090
epoch 20 validation Precision=0.5352 Recall=0.9598 AP50=0.9362 AP75=0.8504 eval_fps=18.44 epoch_time_sec=888.6
saved checkpoint: E:\RepViT-main\runs\v48_complete_ablation\training\early_moddrop_seed1\weights\last.pt
epoch 21/50 iter 1/1860 loss=0.8329 mean_loss=0.8329 classification=0.1142, bbox_regression=0.1168, bbox_ctrness=0.6018
epoch 21/50 iter 20/1860 loss=0.6798 mean_loss=0.7588 classification=0.0391, bbox_regression=0.0601, bbox_ctrness=0.5806
epoch 21/50 iter 40/1860 loss=0.6666 mean_loss=0.7406 classification=0.0130, bbox_regression=0.0740, bbox_ctrness=0.5797
epoch 21/50 iter 60/1860 loss=0.6845 mean_loss=0.7429 classification=0.0169, bbox_regression=0.0685, bbox_ctrness=0.5992
epoch 21/50 iter 80/1860 loss=0.9687 mean_loss=0.7486 classification=0.1455, bbox_regression=0.2064, bbox_ctrness=0.6168
epoch 21/50 iter 100/1860 loss=0.7830 mean_loss=0.7470 classification=0.0423, bbox_regression=0.1174, bbox_ctrness=0.6233
epoch 21/50 iter 120/1860 loss=0.7601 mean_loss=0.7527 classification=0.0551, bbox_regression=0.0962, bbox_ctrness=0.6089
epoch 21/50 iter 140/1860 loss=0.8088 mean_loss=0.7507 classification=0.0879, bbox_regression=0.1072, bbox_ctrness=0.6136
epoch 21/50 iter 160/1860 loss=0.6851 mean_loss=0.7518 classification=0.0129, bbox_regression=0.0666, bbox_ctrness=0.6056
epoch 21/50 iter 180/1860 loss=0.7082 mean_loss=0.7485 classification=0.0305, bbox_regression=0.0705, bbox_ctrness=0.6072
epoch 21/50 iter 200/1860 loss=0.6528 mean_loss=0.7453 classification=0.0054, bbox_regression=0.0571, bbox_ctrness=0.5903
epoch 21/50 iter 220/1860 loss=0.9258 mean_loss=0.7450 classification=0.1420, bbox_regression=0.1633, bbox_ctrness=0.6205
epoch 21/50 iter 240/1860 loss=0.8447 mean_loss=0.7456 classification=0.1011, bbox_regression=0.1359, bbox_ctrness=0.6078
epoch 21/50 iter 260/1860 loss=0.7118 mean_loss=0.7463 classification=0.0346, bbox_regression=0.0641, bbox_ctrness=0.6132
epoch 21/50 iter 280/1860 loss=0.6585 mean_loss=0.7448 classification=0.0144, bbox_regression=0.0493, bbox_ctrness=0.5948
epoch 21/50 iter 300/1860 loss=0.6771 mean_loss=0.7450 classification=0.0404, bbox_regression=0.0577, bbox_ctrness=0.5790
epoch 21/50 iter 320/1860 loss=0.7428 mean_loss=0.7436 classification=0.0443, bbox_regression=0.0928, bbox_ctrness=0.6058
epoch 21/50 iter 340/1860 loss=0.7180 mean_loss=0.7444 classification=0.0318, bbox_regression=0.0786, bbox_ctrness=0.6076
epoch 21/50 iter 360/1860 loss=0.6696 mean_loss=0.7417 classification=0.0196, bbox_regression=0.0516, bbox_ctrness=0.5984
epoch 21/50 iter 380/1860 loss=0.7308 mean_loss=0.7449 classification=0.0458, bbox_regression=0.0942, bbox_ctrness=0.5908
epoch 21/50 iter 400/1860 loss=0.7022 mean_loss=0.7447 classification=0.0394, bbox_regression=0.0739, bbox_ctrness=0.5888
epoch 21/50 iter 420/1860 loss=0.8271 mean_loss=0.7444 classification=0.1100, bbox_regression=0.1042, bbox_ctrness=0.6130
epoch 21/50 iter 440/1860 loss=0.8268 mean_loss=0.7443 classification=0.0729, bbox_regression=0.1366, bbox_ctrness=0.6173
epoch 21/50 iter 460/1860 loss=0.7699 mean_loss=0.7434 classification=0.0554, bbox_regression=0.0991, bbox_ctrness=0.6155
epoch 21/50 iter 480/1860 loss=0.6713 mean_loss=0.7436 classification=0.0340, bbox_regression=0.0507, bbox_ctrness=0.5866
epoch 21/50 iter 500/1860 loss=0.6924 mean_loss=0.7428 classification=0.0112, bbox_regression=0.0653, bbox_ctrness=0.6159
epoch 21/50 iter 520/1860 loss=0.6933 mean_loss=0.7431 classification=0.0250, bbox_regression=0.0714, bbox_ctrness=0.5969
epoch 21/50 iter 540/1860 loss=0.6872 mean_loss=0.7421 classification=0.0157, bbox_regression=0.0678, bbox_ctrness=0.6037
epoch 21/50 iter 560/1860 loss=0.6760 mean_loss=0.7424 classification=0.0065, bbox_regression=0.0538, bbox_ctrness=0.6157
epoch 21/50 iter 580/1860 loss=0.7314 mean_loss=0.7419 classification=0.0315, bbox_regression=0.0820, bbox_ctrness=0.6179
epoch 21/50 iter 600/1860 loss=0.6952 mean_loss=0.7431 classification=0.0331, bbox_regression=0.0751, bbox_ctrness=0.5869
epoch 21/50 iter 620/1860 loss=0.7126 mean_loss=0.7429 classification=0.0321, bbox_regression=0.0754, bbox_ctrness=0.6050
epoch 21/50 iter 640/1860 loss=0.6627 mean_loss=0.7423 classification=0.0088, bbox_regression=0.0603, bbox_ctrness=0.5936
epoch 21/50 iter 660/1860 loss=0.8101 mean_loss=0.7429 classification=0.0793, bbox_regression=0.1054, bbox_ctrness=0.6255
epoch 21/50 iter 680/1860 loss=0.7904 mean_loss=0.7451 classification=0.0897, bbox_regression=0.0920, bbox_ctrness=0.6087
epoch 21/50 iter 700/1860 loss=0.7156 mean_loss=0.7447 classification=0.0471, bbox_regression=0.0741, bbox_ctrness=0.5944
epoch 21/50 iter 720/1860 loss=0.6926 mean_loss=0.7441 classification=0.0185, bbox_regression=0.0684, bbox_ctrness=0.6057
epoch 21/50 iter 740/1860 loss=0.6947 mean_loss=0.7441 classification=0.0252, bbox_regression=0.0646, bbox_ctrness=0.6050
epoch 21/50 iter 760/1860 loss=0.9406 mean_loss=0.7433 classification=0.1538, bbox_regression=0.1779, bbox_ctrness=0.6089
epoch 21/50 iter 780/1860 loss=0.7441 mean_loss=0.7439 classification=0.0590, bbox_regression=0.0873, bbox_ctrness=0.5977
epoch 21/50 iter 800/1860 loss=0.6801 mean_loss=0.7435 classification=0.0201, bbox_regression=0.0530, bbox_ctrness=0.6070
epoch 21/50 iter 820/1860 loss=0.8258 mean_loss=0.7440 classification=0.1059, bbox_regression=0.1152, bbox_ctrness=0.6047
epoch 21/50 iter 840/1860 loss=0.8169 mean_loss=0.7447 classification=0.1662, bbox_regression=0.0683, bbox_ctrness=0.5823
epoch 21/50 iter 860/1860 loss=0.7794 mean_loss=0.7458 classification=0.0660, bbox_regression=0.1190, bbox_ctrness=0.5943
epoch 21/50 iter 880/1860 loss=0.7136 mean_loss=0.7461 classification=0.0429, bbox_regression=0.0612, bbox_ctrness=0.6095
epoch 21/50 iter 900/1860 loss=0.7129 mean_loss=0.7458 classification=0.0186, bbox_regression=0.0809, bbox_ctrness=0.6135
epoch 21/50 iter 920/1860 loss=0.9143 mean_loss=0.7467 classification=0.1170, bbox_regression=0.1744, bbox_ctrness=0.6229
epoch 21/50 iter 940/1860 loss=0.8802 mean_loss=0.7463 classification=0.1318, bbox_regression=0.1477, bbox_ctrness=0.6008
epoch 21/50 iter 960/1860 loss=0.7187 mean_loss=0.7465 classification=0.0621, bbox_regression=0.0822, bbox_ctrness=0.5744
epoch 21/50 iter 980/1860 loss=0.7126 mean_loss=0.7459 classification=0.0138, bbox_regression=0.0824, bbox_ctrness=0.6163
epoch 21/50 iter 1000/1860 loss=0.8309 mean_loss=0.7456 classification=0.0892, bbox_regression=0.1248, bbox_ctrness=0.6169
epoch 21/50 iter 1020/1860 loss=0.6963 mean_loss=0.7457 classification=0.0264, bbox_regression=0.0723, bbox_ctrness=0.5976
epoch 21/50 iter 1040/1860 loss=0.7620 mean_loss=0.7453 classification=0.0663, bbox_regression=0.1026, bbox_ctrness=0.5931
epoch 21/50 iter 1060/1860 loss=0.6764 mean_loss=0.7452 classification=0.0247, bbox_regression=0.0638, bbox_ctrness=0.5880
epoch 21/50 iter 1080/1860 loss=0.6761 mean_loss=0.7453 classification=0.0150, bbox_regression=0.0556, bbox_ctrness=0.6054
epoch 21/50 iter 1100/1860 loss=0.8612 mean_loss=0.7455 classification=0.1158, bbox_regression=0.1305, bbox_ctrness=0.6149
epoch 21/50 iter 1120/1860 loss=0.9498 mean_loss=0.7461 classification=0.2012, bbox_regression=0.1436, bbox_ctrness=0.6050
epoch 21/50 iter 1140/1860 loss=0.6641 mean_loss=0.7468 classification=0.0121, bbox_regression=0.0503, bbox_ctrness=0.6017
epoch 21/50 iter 1160/1860 loss=0.7317 mean_loss=0.7462 classification=0.0303, bbox_regression=0.0872, bbox_ctrness=0.6142
epoch 21/50 iter 1180/1860 loss=0.8426 mean_loss=0.7466 classification=0.1241, bbox_regression=0.1155, bbox_ctrness=0.6030
epoch 21/50 iter 1200/1860 loss=0.8693 mean_loss=0.7468 classification=0.1219, bbox_regression=0.1334, bbox_ctrness=0.6140
epoch 21/50 iter 1220/1860 loss=0.6731 mean_loss=0.7466 classification=0.0144, bbox_regression=0.0582, bbox_ctrness=0.6006
epoch 21/50 iter 1240/1860 loss=0.8184 mean_loss=0.7466 classification=0.0892, bbox_regression=0.1213, bbox_ctrness=0.6079
epoch 21/50 iter 1260/1860 loss=0.9837 mean_loss=0.7470 classification=0.2325, bbox_regression=0.1601, bbox_ctrness=0.5912
epoch 21/50 iter 1280/1860 loss=0.7026 mean_loss=0.7476 classification=0.0290, bbox_regression=0.0645, bbox_ctrness=0.6091
epoch 21/50 iter 1300/1860 loss=0.6916 mean_loss=0.7471 classification=0.0216, bbox_regression=0.0759, bbox_ctrness=0.5941
epoch 21/50 iter 1320/1860 loss=0.7022 mean_loss=0.7470 classification=0.0242, bbox_regression=0.0684, bbox_ctrness=0.6096
epoch 21/50 iter 1340/1860 loss=0.7101 mean_loss=0.7480 classification=0.0676, bbox_regression=0.0792, bbox_ctrness=0.5634
epoch 21/50 iter 1360/1860 loss=0.7081 mean_loss=0.7481 classification=0.0272, bbox_regression=0.0671, bbox_ctrness=0.6138
epoch 21/50 iter 1380/1860 loss=0.7077 mean_loss=0.7480 classification=0.0271, bbox_regression=0.0734, bbox_ctrness=0.6072
epoch 21/50 iter 1400/1860 loss=0.7361 mean_loss=0.7483 classification=0.0722, bbox_regression=0.0807, bbox_ctrness=0.5833
epoch 21/50 iter 1420/1860 loss=0.9805 mean_loss=0.7484 classification=0.1648, bbox_regression=0.1728, bbox_ctrness=0.6430
epoch 21/50 iter 1440/1860 loss=0.7086 mean_loss=0.7487 classification=0.0114, bbox_regression=0.0837, bbox_ctrness=0.6135
epoch 21/50 iter 1460/1860 loss=0.6920 mean_loss=0.7486 classification=0.0142, bbox_regression=0.0610, bbox_ctrness=0.6168
epoch 21/50 iter 1480/1860 loss=0.7546 mean_loss=0.7487 classification=0.0610, bbox_regression=0.1154, bbox_ctrness=0.5782
epoch 21/50 iter 1500/1860 loss=0.7182 mean_loss=0.7484 classification=0.0581, bbox_regression=0.0688, bbox_ctrness=0.5913
epoch 21/50 iter 1520/1860 loss=0.6903 mean_loss=0.7484 classification=0.0408, bbox_regression=0.0623, bbox_ctrness=0.5873
epoch 21/50 iter 1540/1860 loss=0.6997 mean_loss=0.7481 classification=0.0208, bbox_regression=0.0749, bbox_ctrness=0.6039
epoch 21/50 iter 1560/1860 loss=0.7018 mean_loss=0.7481 classification=0.0253, bbox_regression=0.0687, bbox_ctrness=0.6079
epoch 21/50 iter 1580/1860 loss=0.7065 mean_loss=0.7487 classification=0.0286, bbox_regression=0.0766, bbox_ctrness=0.6013
epoch 21/50 iter 1600/1860 loss=0.6841 mean_loss=0.7492 classification=0.0305, bbox_regression=0.0609, bbox_ctrness=0.5927
epoch 21/50 iter 1620/1860 loss=0.6902 mean_loss=0.7488 classification=0.0489, bbox_regression=0.0570, bbox_ctrness=0.5843
epoch 21/50 iter 1640/1860 loss=0.9239 mean_loss=0.7489 classification=0.1746, bbox_regression=0.1397, bbox_ctrness=0.6096
epoch 21/50 iter 1660/1860 loss=0.8895 mean_loss=0.7494 classification=0.1556, bbox_regression=0.1309, bbox_ctrness=0.6031
epoch 21/50 iter 1680/1860 loss=0.6810 mean_loss=0.7495 classification=0.0158, bbox_regression=0.0651, bbox_ctrness=0.6001
epoch 21/50 iter 1700/1860 loss=0.7522 mean_loss=0.7494 classification=0.0635, bbox_regression=0.0908, bbox_ctrness=0.5979
epoch 21/50 iter 1720/1860 loss=0.6614 mean_loss=0.7493 classification=0.0123, bbox_regression=0.0547, bbox_ctrness=0.5943
epoch 21/50 iter 1740/1860 loss=1.1046 mean_loss=0.7497 classification=0.2459, bbox_regression=0.2503, bbox_ctrness=0.6084
epoch 21/50 iter 1760/1860 loss=0.9985 mean_loss=0.7501 classification=0.1982, bbox_regression=0.1951, bbox_ctrness=0.6052
epoch 21/50 iter 1780/1860 loss=0.7352 mean_loss=0.7500 classification=0.0803, bbox_regression=0.0724, bbox_ctrness=0.5826
epoch 21/50 iter 1800/1860 loss=0.7409 mean_loss=0.7501 classification=0.0403, bbox_regression=0.0883, bbox_ctrness=0.6122
epoch 21/50 iter 1820/1860 loss=0.8855 mean_loss=0.7500 classification=0.1235, bbox_regression=0.1624, bbox_ctrness=0.5996
epoch 21/50 iter 1840/1860 loss=0.7743 mean_loss=0.7506 classification=0.0775, bbox_regression=0.1123, bbox_ctrness=0.5844
epoch 21/50 iter 1860/1860 loss=0.7216 mean_loss=0.7505 classification=0.0146, bbox_regression=0.0948, bbox_ctrness=0.6122
epoch 21 validation Precision=0.4097 Recall=0.9562 AP50=0.9305 AP75=0.8468 eval_fps=18.19 epoch_time_sec=888.0
saved checkpoint: E:\RepViT-main\runs\v48_complete_ablation\training\early_moddrop_seed1\weights\last.pt
epoch 22/50 iter 1/1860 loss=0.6589 mean_loss=0.6589 classification=0.0053, bbox_regression=0.0575, bbox_ctrness=0.5961
epoch 22/50 iter 20/1860 loss=0.9791 mean_loss=0.7486 classification=0.1991, bbox_regression=0.1564, bbox_ctrness=0.6236
epoch 22/50 iter 40/1860 loss=0.7516 mean_loss=0.7668 classification=0.0546, bbox_regression=0.0925, bbox_ctrness=0.6045
epoch 22/50 iter 60/1860 loss=0.6918 mean_loss=0.7540 classification=0.0134, bbox_regression=0.0731, bbox_ctrness=0.6053
epoch 22/50 iter 80/1860 loss=0.6775 mean_loss=0.7557 classification=0.0182, bbox_regression=0.0586, bbox_ctrness=0.6007
epoch 22/50 iter 100/1860 loss=0.6689 mean_loss=0.7489 classification=0.0127, bbox_regression=0.0654, bbox_ctrness=0.5908
epoch 22/50 iter 120/1860 loss=0.7550 mean_loss=0.7453 classification=0.0945, bbox_regression=0.0783, bbox_ctrness=0.5823
epoch 22/50 iter 140/1860 loss=0.7748 mean_loss=0.7462 classification=0.0820, bbox_regression=0.1007, bbox_ctrness=0.5921
epoch 22/50 iter 160/1860 loss=0.7787 mean_loss=0.7458 classification=0.0784, bbox_regression=0.1002, bbox_ctrness=0.6000
epoch 22/50 iter 180/1860 loss=0.9342 mean_loss=0.7472 classification=0.1917, bbox_regression=0.1363, bbox_ctrness=0.6063
epoch 22/50 iter 200/1860 loss=0.6703 mean_loss=0.7501 classification=0.0230, bbox_regression=0.0573, bbox_ctrness=0.5900
epoch 22/50 iter 220/1860 loss=0.7092 mean_loss=0.7483 classification=0.0381, bbox_regression=0.0577, bbox_ctrness=0.6134
epoch 22/50 iter 240/1860 loss=0.9672 mean_loss=0.7488 classification=0.1848, bbox_regression=0.1514, bbox_ctrness=0.6310
epoch 22/50 iter 260/1860 loss=0.7177 mean_loss=0.7472 classification=0.0258, bbox_regression=0.0709, bbox_ctrness=0.6210
epoch 22/50 iter 280/1860 loss=0.6733 mean_loss=0.7453 classification=0.0110, bbox_regression=0.0660, bbox_ctrness=0.5963
epoch 22/50 iter 300/1860 loss=0.6853 mean_loss=0.7432 classification=0.0292, bbox_regression=0.0644, bbox_ctrness=0.5916
epoch 22/50 iter 320/1860 loss=0.6710 mean_loss=0.7408 classification=0.0146, bbox_regression=0.0635, bbox_ctrness=0.5929
epoch 22/50 iter 340/1860 loss=0.6623 mean_loss=0.7411 classification=0.0086, bbox_regression=0.0640, bbox_ctrness=0.5896
epoch 22/50 iter 360/1860 loss=0.6985 mean_loss=0.7427 classification=0.0375, bbox_regression=0.0710, bbox_ctrness=0.5899
epoch 22/50 iter 380/1860 loss=0.6893 mean_loss=0.7419 classification=0.0110, bbox_regression=0.0621, bbox_ctrness=0.6162
epoch 22/50 iter 400/1860 loss=0.7127 mean_loss=0.7410 classification=0.0165, bbox_regression=0.0993, bbox_ctrness=0.5969
epoch 22/50 iter 420/1860 loss=0.6542 mean_loss=0.7387 classification=0.0059, bbox_regression=0.0571, bbox_ctrness=0.5913
epoch 22/50 iter 440/1860 loss=0.7037 mean_loss=0.7384 classification=0.0450, bbox_regression=0.0838, bbox_ctrness=0.5749
epoch 22/50 iter 460/1860 loss=0.6848 mean_loss=0.7377 classification=0.0156, bbox_regression=0.0692, bbox_ctrness=0.6000
epoch 22/50 iter 480/1860 loss=0.6903 mean_loss=0.7376 classification=0.0146, bbox_regression=0.0745, bbox_ctrness=0.6012
epoch 22/50 iter 500/1860 loss=0.7098 mean_loss=0.7381 classification=0.0366, bbox_regression=0.0825, bbox_ctrness=0.5908
epoch 22/50 iter 520/1860 loss=0.6936 mean_loss=0.7379 classification=0.0298, bbox_regression=0.0621, bbox_ctrness=0.6018
epoch 22/50 iter 540/1860 loss=0.6717 mean_loss=0.7397 classification=0.0135, bbox_regression=0.0680, bbox_ctrness=0.5902
epoch 22/50 iter 560/1860 loss=0.7371 mean_loss=0.7394 classification=0.0237, bbox_regression=0.0867, bbox_ctrness=0.6267
epoch 22/50 iter 580/1860 loss=0.6747 mean_loss=0.7388 classification=0.0154, bbox_regression=0.0591, bbox_ctrness=0.6002
epoch 22/50 iter 600/1860 loss=0.7986 mean_loss=0.7387 classification=0.1112, bbox_regression=0.0875, bbox_ctrness=0.6000
epoch 22/50 iter 620/1860 loss=0.7421 mean_loss=0.7398 classification=0.0811, bbox_regression=0.0703, bbox_ctrness=0.5907
epoch 22/50 iter 640/1860 loss=0.6908 mean_loss=0.7395 classification=0.0179, bbox_regression=0.0521, bbox_ctrness=0.6208
epoch 22/50 iter 660/1860 loss=0.6857 mean_loss=0.7410 classification=0.0059, bbox_regression=0.0699, bbox_ctrness=0.6099
epoch 22/50 iter 680/1860 loss=0.6913 mean_loss=0.7428 classification=0.0482, bbox_regression=0.0640, bbox_ctrness=0.5791
epoch 22/50 iter 700/1860 loss=0.7745 mean_loss=0.7428 classification=0.0603, bbox_regression=0.1054, bbox_ctrness=0.6087
epoch 22/50 iter 720/1860 loss=0.6689 mean_loss=0.7425 classification=0.0171, bbox_regression=0.0638, bbox_ctrness=0.5881
epoch 22/50 iter 740/1860 loss=0.8718 mean_loss=0.7433 classification=0.1693, bbox_regression=0.1033, bbox_ctrness=0.5992
epoch 22/50 iter 760/1860 loss=0.7194 mean_loss=0.7437 classification=0.0384, bbox_regression=0.0776, bbox_ctrness=0.6034
epoch 22/50 iter 780/1860 loss=0.6759 mean_loss=0.7438 classification=0.0134, bbox_regression=0.0761, bbox_ctrness=0.5864
epoch 22/50 iter 800/1860 loss=0.9591 mean_loss=0.7438 classification=0.1841, bbox_regression=0.1547, bbox_ctrness=0.6204
epoch 22/50 iter 820/1860 loss=0.7518 mean_loss=0.7438 classification=0.0503, bbox_regression=0.1027, bbox_ctrness=0.5988
epoch 22/50 iter 840/1860 loss=0.7657 mean_loss=0.7429 classification=0.0568, bbox_regression=0.1070, bbox_ctrness=0.6020
epoch 22/50 iter 860/1860 loss=0.7242 mean_loss=0.7438 classification=0.0535, bbox_regression=0.0635, bbox_ctrness=0.6072
epoch 22/50 iter 880/1860 loss=0.7311 mean_loss=0.7436 classification=0.0356, bbox_regression=0.0872, bbox_ctrness=0.6083
epoch 22/50 iter 900/1860 loss=0.8393 mean_loss=0.7440 classification=0.1063, bbox_regression=0.1164, bbox_ctrness=0.6167
epoch 22/50 iter 920/1860 loss=0.9967 mean_loss=0.7440 classification=0.1948, bbox_regression=0.1923, bbox_ctrness=0.6095
epoch 22/50 iter 940/1860 loss=0.7569 mean_loss=0.7451 classification=0.0571, bbox_regression=0.0865, bbox_ctrness=0.6134
epoch 22/50 iter 960/1860 loss=0.9286 mean_loss=0.7451 classification=0.1681, bbox_regression=0.1429, bbox_ctrness=0.6176
epoch 22/50 iter 980/1860 loss=0.6964 mean_loss=0.7457 classification=0.0340, bbox_regression=0.0625, bbox_ctrness=0.5999
epoch 22/50 iter 1000/1860 loss=0.8325 mean_loss=0.7459 classification=0.1359, bbox_regression=0.0924, bbox_ctrness=0.6042
epoch 22/50 iter 1020/1860 loss=0.7527 mean_loss=0.7462 classification=0.0598, bbox_regression=0.0810, bbox_ctrness=0.6119
epoch 22/50 iter 1040/1860 loss=0.6426 mean_loss=0.7465 classification=0.0112, bbox_regression=0.0490, bbox_ctrness=0.5825
epoch 22/50 iter 1060/1860 loss=0.6966 mean_loss=0.7461 classification=0.0468, bbox_regression=0.0518, bbox_ctrness=0.5980
epoch 22/50 iter 1080/1860 loss=0.8906 mean_loss=0.7462 classification=0.0997, bbox_regression=0.1617, bbox_ctrness=0.6292
epoch 22/50 iter 1100/1860 loss=1.0477 mean_loss=0.7469 classification=0.2350, bbox_regression=0.1915, bbox_ctrness=0.6212
epoch 22/50 iter 1120/1860 loss=0.6781 mean_loss=0.7469 classification=0.0273, bbox_regression=0.0398, bbox_ctrness=0.6111
epoch 22/50 iter 1140/1860 loss=0.8323 mean_loss=0.7474 classification=0.0955, bbox_regression=0.1269, bbox_ctrness=0.6099
epoch 22/50 iter 1160/1860 loss=0.6952 mean_loss=0.7474 classification=0.0282, bbox_regression=0.0663, bbox_ctrness=0.6007
epoch 22/50 iter 1180/1860 loss=0.9049 mean_loss=0.7473 classification=0.1481, bbox_regression=0.1284, bbox_ctrness=0.6284
epoch 22/50 iter 1200/1860 loss=0.7386 mean_loss=0.7473 classification=0.0731, bbox_regression=0.0760, bbox_ctrness=0.5895
epoch 22/50 iter 1220/1860 loss=0.6764 mean_loss=0.7473 classification=0.0138, bbox_regression=0.0551, bbox_ctrness=0.6075
epoch 22/50 iter 1240/1860 loss=0.7697 mean_loss=0.7471 classification=0.0706, bbox_regression=0.1049, bbox_ctrness=0.5942
epoch 22/50 iter 1260/1860 loss=0.8138 mean_loss=0.7476 classification=0.0551, bbox_regression=0.1281, bbox_ctrness=0.6306
epoch 22/50 iter 1280/1860 loss=0.7431 mean_loss=0.7475 classification=0.0657, bbox_regression=0.0741, bbox_ctrness=0.6034
epoch 22/50 iter 1300/1860 loss=0.7065 mean_loss=0.7471 classification=0.0256, bbox_regression=0.0710, bbox_ctrness=0.6098
epoch 22/50 iter 1320/1860 loss=0.8269 mean_loss=0.7471 classification=0.1236, bbox_regression=0.0950, bbox_ctrness=0.6083
epoch 22/50 iter 1340/1860 loss=0.6828 mean_loss=0.7468 classification=0.0371, bbox_regression=0.0626, bbox_ctrness=0.5831
epoch 22/50 iter 1360/1860 loss=0.8970 mean_loss=0.7466 classification=0.1580, bbox_regression=0.1285, bbox_ctrness=0.6105
epoch 22/50 iter 1380/1860 loss=0.7028 mean_loss=0.7460 classification=0.0318, bbox_regression=0.0700, bbox_ctrness=0.6009
epoch 22/50 iter 1400/1860 loss=0.8909 mean_loss=0.7466 classification=0.0889, bbox_regression=0.1809, bbox_ctrness=0.6211
epoch 22/50 iter 1420/1860 loss=0.7974 mean_loss=0.7464 classification=0.0700, bbox_regression=0.1210, bbox_ctrness=0.6064
epoch 22/50 iter 1440/1860 loss=0.7309 mean_loss=0.7462 classification=0.0311, bbox_regression=0.0861, bbox_ctrness=0.6137
epoch 22/50 iter 1460/1860 loss=0.8417 mean_loss=0.7460 classification=0.1224, bbox_regression=0.1088, bbox_ctrness=0.6105
epoch 22/50 iter 1480/1860 loss=0.7041 mean_loss=0.7458 classification=0.0150, bbox_regression=0.0752, bbox_ctrness=0.6140
epoch 22/50 iter 1500/1860 loss=0.6878 mean_loss=0.7463 classification=0.0326, bbox_regression=0.0559, bbox_ctrness=0.5993
epoch 22/50 iter 1520/1860 loss=0.6851 mean_loss=0.7463 classification=0.0173, bbox_regression=0.0594, bbox_ctrness=0.6083
epoch 22/50 iter 1540/1860 loss=0.8098 mean_loss=0.7461 classification=0.0639, bbox_regression=0.1357, bbox_ctrness=0.6103
epoch 22/50 iter 1560/1860 loss=0.6717 mean_loss=0.7460 classification=0.0125, bbox_regression=0.0560, bbox_ctrness=0.6032
epoch 22/50 iter 1580/1860 loss=0.7056 mean_loss=0.7460 classification=0.0313, bbox_regression=0.0854, bbox_ctrness=0.5889
epoch 22/50 iter 1600/1860 loss=0.6895 mean_loss=0.7460 classification=0.0284, bbox_regression=0.0616, bbox_ctrness=0.5995
epoch 22/50 iter 1620/1860 loss=0.8399 mean_loss=0.7460 classification=0.0884, bbox_regression=0.1234, bbox_ctrness=0.6281
epoch 22/50 iter 1640/1860 loss=0.6675 mean_loss=0.7460 classification=0.0188, bbox_regression=0.0678, bbox_ctrness=0.5810
epoch 22/50 iter 1660/1860 loss=0.6728 mean_loss=0.7462 classification=0.0270, bbox_regression=0.0595, bbox_ctrness=0.5863
epoch 22/50 iter 1680/1860 loss=1.1479 mean_loss=0.7468 classification=0.2823, bbox_regression=0.2387, bbox_ctrness=0.6268
epoch 22/50 iter 1700/1860 loss=0.6656 mean_loss=0.7469 classification=0.0199, bbox_regression=0.0481, bbox_ctrness=0.5976
epoch 22/50 iter 1720/1860 loss=0.7258 mean_loss=0.7465 classification=0.0393, bbox_regression=0.0944, bbox_ctrness=0.5921
epoch 22/50 iter 1740/1860 loss=0.7238 mean_loss=0.7465 classification=0.0257, bbox_regression=0.0912, bbox_ctrness=0.6069
epoch 22/50 iter 1760/1860 loss=0.7625 mean_loss=0.7464 classification=0.0604, bbox_regression=0.0963, bbox_ctrness=0.6057
epoch 22/50 iter 1780/1860 loss=0.6760 mean_loss=0.7462 classification=0.0217, bbox_regression=0.0542, bbox_ctrness=0.6000
epoch 22/50 iter 1800/1860 loss=0.8400 mean_loss=0.7462 classification=0.1335, bbox_regression=0.1144, bbox_ctrness=0.5921
epoch 22/50 iter 1820/1860 loss=0.7469 mean_loss=0.7461 classification=0.0486, bbox_regression=0.0865, bbox_ctrness=0.6118
epoch 22/50 iter 1840/1860 loss=0.8740 mean_loss=0.7459 classification=0.1449, bbox_regression=0.1253, bbox_ctrness=0.6038
epoch 22/50 iter 1860/1860 loss=0.6930 mean_loss=0.7456 classification=0.0348, bbox_regression=0.0698, bbox_ctrness=0.5884
epoch 22 validation Precision=0.4250 Recall=0.9640 AP50=0.9384 AP75=0.8522 eval_fps=18.36 epoch_time_sec=881.8
saved checkpoint: E:\RepViT-main\runs\v48_complete_ablation\training\early_moddrop_seed1\weights\last.pt
epoch 23/50 iter 1/1860 loss=0.7050 mean_loss=0.7050 classification=0.0259, bbox_regression=0.0519, bbox_ctrness=0.6272
epoch 23/50 iter 20/1860 loss=0.6755 mean_loss=0.7339 classification=0.0189, bbox_regression=0.0681, bbox_ctrness=0.5885
epoch 23/50 iter 40/1860 loss=0.6769 mean_loss=0.7281 classification=0.0237, bbox_regression=0.0660, bbox_ctrness=0.5872
epoch 23/50 iter 60/1860 loss=0.6921 mean_loss=0.7354 classification=0.0307, bbox_regression=0.0651, bbox_ctrness=0.5963
epoch 23/50 iter 80/1860 loss=0.7430 mean_loss=0.7314 classification=0.0559, bbox_regression=0.0817, bbox_ctrness=0.6055
epoch 23/50 iter 100/1860 loss=0.6734 mean_loss=0.7417 classification=0.0253, bbox_regression=0.0616, bbox_ctrness=0.5865
epoch 23/50 iter 120/1860 loss=0.7682 mean_loss=0.7357 classification=0.0793, bbox_regression=0.0911, bbox_ctrness=0.5977
epoch 23/50 iter 140/1860 loss=0.7816 mean_loss=0.7375 classification=0.0713, bbox_regression=0.1033, bbox_ctrness=0.6070
epoch 23/50 iter 160/1860 loss=0.7647 mean_loss=0.7395 classification=0.0870, bbox_regression=0.0953, bbox_ctrness=0.5825
epoch 23/50 iter 180/1860 loss=0.7022 mean_loss=0.7392 classification=0.0263, bbox_regression=0.0844, bbox_ctrness=0.5915
epoch 23/50 iter 200/1860 loss=0.6752 mean_loss=0.7386 classification=0.0185, bbox_regression=0.0669, bbox_ctrness=0.5898
epoch 23/50 iter 220/1860 loss=0.8533 mean_loss=0.7406 classification=0.1035, bbox_regression=0.1342, bbox_ctrness=0.6156
epoch 23/50 iter 240/1860 loss=0.7797 mean_loss=0.7398 classification=0.0623, bbox_regression=0.0957, bbox_ctrness=0.6217
epoch 23/50 iter 260/1860 loss=0.6701 mean_loss=0.7431 classification=0.0135, bbox_regression=0.0509, bbox_ctrness=0.6057
epoch 23/50 iter 280/1860 loss=0.8443 mean_loss=0.7442 classification=0.1003, bbox_regression=0.1424, bbox_ctrness=0.6016
epoch 23/50 iter 300/1860 loss=0.6963 mean_loss=0.7423 classification=0.0370, bbox_regression=0.0672, bbox_ctrness=0.5922
epoch 23/50 iter 320/1860 loss=0.7129 mean_loss=0.7430 classification=0.0256, bbox_regression=0.0771, bbox_ctrness=0.6102
epoch 23/50 iter 340/1860 loss=0.7413 mean_loss=0.7420 classification=0.0166, bbox_regression=0.1139, bbox_ctrness=0.6108
epoch 23/50 iter 360/1860 loss=0.7280 mean_loss=0.7408 classification=0.0568, bbox_regression=0.0810, bbox_ctrness=0.5903
epoch 23/50 iter 380/1860 loss=0.7096 mean_loss=0.7400 classification=0.0376, bbox_regression=0.0712, bbox_ctrness=0.6007
epoch 23/50 iter 400/1860 loss=0.7532 mean_loss=0.7394 classification=0.0578, bbox_regression=0.0990, bbox_ctrness=0.5964
epoch 23/50 iter 420/1860 loss=0.7116 mean_loss=0.7394 classification=0.0282, bbox_regression=0.0733, bbox_ctrness=0.6101
epoch 23/50 iter 440/1860 loss=0.6604 mean_loss=0.7394 classification=0.0151, bbox_regression=0.0501, bbox_ctrness=0.5951
epoch 23/50 iter 460/1860 loss=0.6576 mean_loss=0.7385 classification=0.0127, bbox_regression=0.0526, bbox_ctrness=0.5923
epoch 23/50 iter 480/1860 loss=0.6892 mean_loss=0.7385 classification=0.0042, bbox_regression=0.0802, bbox_ctrness=0.6048
epoch 23/50 iter 500/1860 loss=0.7107 mean_loss=0.7396 classification=0.0230, bbox_regression=0.0746, bbox_ctrness=0.6131
epoch 23/50 iter 520/1860 loss=0.6949 mean_loss=0.7391 classification=0.0237, bbox_regression=0.0588, bbox_ctrness=0.6124
epoch 23/50 iter 540/1860 loss=0.7816 mean_loss=0.7392 classification=0.0513, bbox_regression=0.1233, bbox_ctrness=0.6070
epoch 23/50 iter 560/1860 loss=0.6908 mean_loss=0.7394 classification=0.0373, bbox_regression=0.0587, bbox_ctrness=0.5948
epoch 23/50 iter 580/1860 loss=0.6945 mean_loss=0.7394 classification=0.0245, bbox_regression=0.0628, bbox_ctrness=0.6072
epoch 23/50 iter 600/1860 loss=0.7155 mean_loss=0.7389 classification=0.0344, bbox_regression=0.0806, bbox_ctrness=0.6004
epoch 23/50 iter 620/1860 loss=0.8116 mean_loss=0.7403 classification=0.1016, bbox_regression=0.1013, bbox_ctrness=0.6087
epoch 23/50 iter 640/1860 loss=0.6758 mean_loss=0.7395 classification=0.0140, bbox_regression=0.0671, bbox_ctrness=0.5947
epoch 23/50 iter 660/1860 loss=0.6783 mean_loss=0.7385 classification=0.0142, bbox_regression=0.0699, bbox_ctrness=0.5941
epoch 23/50 iter 680/1860 loss=0.6896 mean_loss=0.7378 classification=0.0286, bbox_regression=0.0572, bbox_ctrness=0.6038
epoch 23/50 iter 700/1860 loss=0.7224 mean_loss=0.7379 classification=0.0398, bbox_regression=0.0741, bbox_ctrness=0.6085
epoch 23/50 iter 720/1860 loss=0.7500 mean_loss=0.7375 classification=0.0580, bbox_regression=0.0875, bbox_ctrness=0.6045
epoch 23/50 iter 740/1860 loss=0.6561 mean_loss=0.7374 classification=0.0093, bbox_regression=0.0594, bbox_ctrness=0.5875
epoch 23/50 iter 760/1860 loss=0.6804 mean_loss=0.7368 classification=0.0293, bbox_regression=0.0660, bbox_ctrness=0.5850
epoch 23/50 iter 780/1860 loss=0.6758 mean_loss=0.7370 classification=0.0048, bbox_regression=0.0557, bbox_ctrness=0.6153
epoch 23/50 iter 800/1860 loss=0.7099 mean_loss=0.7378 classification=0.0429, bbox_regression=0.0713, bbox_ctrness=0.5957
epoch 23/50 iter 820/1860 loss=0.8413 mean_loss=0.7374 classification=0.1230, bbox_regression=0.1159, bbox_ctrness=0.6024
epoch 23/50 iter 840/1860 loss=0.7097 mean_loss=0.7378 classification=0.0281, bbox_regression=0.0656, bbox_ctrness=0.6161
epoch 23/50 iter 860/1860 loss=0.7146 mean_loss=0.7380 classification=0.0544, bbox_regression=0.0733, bbox_ctrness=0.5868
epoch 23/50 iter 880/1860 loss=0.7140 mean_loss=0.7379 classification=0.0338, bbox_regression=0.0859, bbox_ctrness=0.5943
epoch 23/50 iter 900/1860 loss=0.7271 mean_loss=0.7383 classification=0.0543, bbox_regression=0.0641, bbox_ctrness=0.6088
epoch 23/50 iter 920/1860 loss=0.6925 mean_loss=0.7382 classification=0.0364, bbox_regression=0.0562, bbox_ctrness=0.5999
epoch 23/50 iter 940/1860 loss=0.6975 mean_loss=0.7396 classification=0.0161, bbox_regression=0.0802, bbox_ctrness=0.6012
epoch 23/50 iter 960/1860 loss=1.1919 mean_loss=0.7404 classification=0.3231, bbox_regression=0.2399, bbox_ctrness=0.6289
epoch 23/50 iter 980/1860 loss=0.6873 mean_loss=0.7408 classification=0.0203, bbox_regression=0.0693, bbox_ctrness=0.5977
epoch 23/50 iter 1000/1860 loss=0.7580 mean_loss=0.7412 classification=0.0817, bbox_regression=0.0941, bbox_ctrness=0.5822
epoch 23/50 iter 1020/1860 loss=0.7062 mean_loss=0.7410 classification=0.0210, bbox_regression=0.0854, bbox_ctrness=0.5998
epoch 23/50 iter 1040/1860 loss=0.8045 mean_loss=0.7406 classification=0.0652, bbox_regression=0.1204, bbox_ctrness=0.6190
epoch 23/50 iter 1060/1860 loss=0.7037 mean_loss=0.7409 classification=0.0499, bbox_regression=0.0701, bbox_ctrness=0.5837
epoch 23/50 iter 1080/1860 loss=0.6817 mean_loss=0.7405 classification=0.0182, bbox_regression=0.0589, bbox_ctrness=0.6047
epoch 23/50 iter 1100/1860 loss=0.6940 mean_loss=0.7406 classification=0.0250, bbox_regression=0.0758, bbox_ctrness=0.5932
epoch 23/50 iter 1120/1860 loss=0.6906 mean_loss=0.7406 classification=0.0329, bbox_regression=0.0639, bbox_ctrness=0.5939
epoch 23/50 iter 1140/1860 loss=0.7981 mean_loss=0.7401 classification=0.0709, bbox_regression=0.1230, bbox_ctrness=0.6042
epoch 23/50 iter 1160/1860 loss=0.8209 mean_loss=0.7411 classification=0.0645, bbox_regression=0.1499, bbox_ctrness=0.6065
epoch 23/50 iter 1180/1860 loss=0.6575 mean_loss=0.7413 classification=0.0129, bbox_regression=0.0618, bbox_ctrness=0.5828
epoch 23/50 iter 1200/1860 loss=0.7163 mean_loss=0.7420 classification=0.0499, bbox_regression=0.0615, bbox_ctrness=0.6049
epoch 23/50 iter 1220/1860 loss=0.6889 mean_loss=0.7419 classification=0.0120, bbox_regression=0.0742, bbox_ctrness=0.6026
epoch 23/50 iter 1240/1860 loss=0.6802 mean_loss=0.7423 classification=0.0201, bbox_regression=0.0600, bbox_ctrness=0.6000
epoch 23/50 iter 1260/1860 loss=0.7607 mean_loss=0.7423 classification=0.0666, bbox_regression=0.0798, bbox_ctrness=0.6142
epoch 23/50 iter 1280/1860 loss=0.7157 mean_loss=0.7421 classification=0.0665, bbox_regression=0.0632, bbox_ctrness=0.5860
epoch 23/50 iter 1300/1860 loss=0.6667 mean_loss=0.7416 classification=0.0066, bbox_regression=0.0565, bbox_ctrness=0.6035
epoch 23/50 iter 1320/1860 loss=0.7226 mean_loss=0.7415 classification=0.0208, bbox_regression=0.0814, bbox_ctrness=0.6204
epoch 23/50 iter 1340/1860 loss=0.7621 mean_loss=0.7416 classification=0.0702, bbox_regression=0.0909, bbox_ctrness=0.6010
epoch 23/50 iter 1360/1860 loss=0.7436 mean_loss=0.7413 classification=0.0532, bbox_regression=0.0906, bbox_ctrness=0.5999
epoch 23/50 iter 1380/1860 loss=0.6908 mean_loss=0.7407 classification=0.0226, bbox_regression=0.0714, bbox_ctrness=0.5968
epoch 23/50 iter 1400/1860 loss=0.6636 mean_loss=0.7406 classification=0.0167, bbox_regression=0.0549, bbox_ctrness=0.5920
epoch 23/50 iter 1420/1860 loss=0.6925 mean_loss=0.7406 classification=0.0138, bbox_regression=0.0750, bbox_ctrness=0.6037
epoch 23/50 iter 1440/1860 loss=0.6591 mean_loss=0.7406 classification=0.0057, bbox_regression=0.0467, bbox_ctrness=0.6066
epoch 23/50 iter 1460/1860 loss=0.7852 mean_loss=0.7407 classification=0.0993, bbox_regression=0.0945, bbox_ctrness=0.5914
epoch 23/50 iter 1480/1860 loss=0.6716 mean_loss=0.7409 classification=0.0164, bbox_regression=0.0651, bbox_ctrness=0.5901
epoch 23/50 iter 1500/1860 loss=0.7866 mean_loss=0.7418 classification=0.0748, bbox_regression=0.0879, bbox_ctrness=0.6238
epoch 23/50 iter 1520/1860 loss=0.6954 mean_loss=0.7419 classification=0.0297, bbox_regression=0.0721, bbox_ctrness=0.5935
epoch 23/50 iter 1540/1860 loss=1.1029 mean_loss=0.7422 classification=0.2258, bbox_regression=0.2409, bbox_ctrness=0.6361
epoch 23/50 iter 1560/1860 loss=0.9847 mean_loss=0.7425 classification=0.1935, bbox_regression=0.1784, bbox_ctrness=0.6128
epoch 23/50 iter 1580/1860 loss=0.9416 mean_loss=0.7432 classification=0.1912, bbox_regression=0.1518, bbox_ctrness=0.5985
epoch 23/50 iter 1600/1860 loss=0.6751 mean_loss=0.7433 classification=0.0369, bbox_regression=0.0508, bbox_ctrness=0.5874
epoch 23/50 iter 1620/1860 loss=0.7604 mean_loss=0.7433 classification=0.0703, bbox_regression=0.0796, bbox_ctrness=0.6104
epoch 23/50 iter 1640/1860 loss=0.8954 mean_loss=0.7437 classification=0.1194, bbox_regression=0.1623, bbox_ctrness=0.6136
epoch 23/50 iter 1660/1860 loss=0.6646 mean_loss=0.7439 classification=0.0172, bbox_regression=0.0540, bbox_ctrness=0.5934
epoch 23/50 iter 1680/1860 loss=0.6555 mean_loss=0.7438 classification=0.0198, bbox_regression=0.0552, bbox_ctrness=0.5804
epoch 23/50 iter 1700/1860 loss=0.6975 mean_loss=0.7435 classification=0.0165, bbox_regression=0.0744, bbox_ctrness=0.6066
epoch 23/50 iter 1720/1860 loss=0.6843 mean_loss=0.7438 classification=0.0223, bbox_regression=0.0674, bbox_ctrness=0.5946
epoch 23/50 iter 1740/1860 loss=0.7114 mean_loss=0.7439 classification=0.0405, bbox_regression=0.0826, bbox_ctrness=0.5884
epoch 23/50 iter 1760/1860 loss=0.7317 mean_loss=0.7441 classification=0.0407, bbox_regression=0.0869, bbox_ctrness=0.6041
epoch 23/50 iter 1780/1860 loss=0.6838 mean_loss=0.7443 classification=0.0303, bbox_regression=0.0578, bbox_ctrness=0.5957
epoch 23/50 iter 1800/1860 loss=0.7304 mean_loss=0.7444 classification=0.0486, bbox_regression=0.0800, bbox_ctrness=0.6018
epoch 23/50 iter 1820/1860 loss=0.7184 mean_loss=0.7443 classification=0.0415, bbox_regression=0.0687, bbox_ctrness=0.6082
epoch 23/50 iter 1840/1860 loss=0.7077 mean_loss=0.7440 classification=0.0329, bbox_regression=0.0813, bbox_ctrness=0.5935
epoch 23/50 iter 1860/1860 loss=0.7344 mean_loss=0.7441 classification=0.0428, bbox_regression=0.0885, bbox_ctrness=0.6031
epoch 23 validation Precision=0.5562 Recall=0.9557 AP50=0.9348 AP75=0.8540 eval_fps=18.81 epoch_time_sec=888.4
saved checkpoint: E:\RepViT-main\runs\v48_complete_ablation\training\early_moddrop_seed1\weights\last.pt
epoch 24/50 iter 1/1860 loss=0.6674 mean_loss=0.6674 classification=0.0154, bbox_regression=0.0720, bbox_ctrness=0.5799
epoch 24/50 iter 20/1860 loss=0.8194 mean_loss=0.7282 classification=0.0959, bbox_regression=0.1132, bbox_ctrness=0.6102
epoch 24/50 iter 40/1860 loss=0.6709 mean_loss=0.7262 classification=0.0049, bbox_regression=0.0440, bbox_ctrness=0.6220
epoch 24/50 iter 60/1860 loss=0.7546 mean_loss=0.7273 classification=0.0479, bbox_regression=0.0851, bbox_ctrness=0.6216
epoch 24/50 iter 80/1860 loss=0.8469 mean_loss=0.7297 classification=0.1449, bbox_regression=0.1192, bbox_ctrness=0.5828
epoch 24/50 iter 100/1860 loss=0.6572 mean_loss=0.7284 classification=0.0045, bbox_regression=0.0428, bbox_ctrness=0.6098
epoch 24/50 iter 120/1860 loss=0.7305 mean_loss=0.7262 classification=0.0552, bbox_regression=0.0763, bbox_ctrness=0.5991
epoch 24/50 iter 140/1860 loss=0.6751 mean_loss=0.7250 classification=0.0093, bbox_regression=0.0519, bbox_ctrness=0.6139
epoch 24/50 iter 160/1860 loss=0.7490 mean_loss=0.7223 classification=0.0474, bbox_regression=0.0897, bbox_ctrness=0.6119
epoch 24/50 iter 180/1860 loss=0.7011 mean_loss=0.7226 classification=0.0238, bbox_regression=0.0649, bbox_ctrness=0.6124
epoch 24/50 iter 200/1860 loss=0.6696 mean_loss=0.7238 classification=0.0078, bbox_regression=0.0590, bbox_ctrness=0.6028
epoch 24/50 iter 220/1860 loss=0.6897 mean_loss=0.7233 classification=0.0096, bbox_regression=0.0720, bbox_ctrness=0.6081
epoch 24/50 iter 240/1860 loss=0.8008 mean_loss=0.7237 classification=0.0850, bbox_regression=0.1114, bbox_ctrness=0.6044
epoch 24/50 iter 260/1860 loss=0.8532 mean_loss=0.7262 classification=0.0903, bbox_regression=0.1503, bbox_ctrness=0.6126
epoch 24/50 iter 280/1860 loss=0.9654 mean_loss=0.7280 classification=0.1990, bbox_regression=0.1687, bbox_ctrness=0.5977
epoch 24/50 iter 300/1860 loss=0.6456 mean_loss=0.7267 classification=0.0044, bbox_regression=0.0393, bbox_ctrness=0.6019
epoch 24/50 iter 320/1860 loss=0.7370 mean_loss=0.7294 classification=0.0487, bbox_regression=0.0919, bbox_ctrness=0.5964
epoch 24/50 iter 340/1860 loss=0.8380 mean_loss=0.7296 classification=0.1260, bbox_regression=0.1149, bbox_ctrness=0.5971
epoch 24/50 iter 360/1860 loss=0.8325 mean_loss=0.7302 classification=0.1249, bbox_regression=0.1165, bbox_ctrness=0.5911
epoch 24/50 iter 380/1860 loss=0.6679 mean_loss=0.7301 classification=0.0261, bbox_regression=0.0500, bbox_ctrness=0.5918
epoch 24/50 iter 400/1860 loss=0.7417 mean_loss=0.7300 classification=0.0539, bbox_regression=0.0733, bbox_ctrness=0.6145
epoch 24/50 iter 420/1860 loss=0.9446 mean_loss=0.7327 classification=0.1821, bbox_regression=0.1639, bbox_ctrness=0.5985
epoch 24/50 iter 440/1860 loss=0.6583 mean_loss=0.7331 classification=0.0182, bbox_regression=0.0518, bbox_ctrness=0.5884
epoch 24/50 iter 460/1860 loss=0.7105 mean_loss=0.7333 classification=0.0321, bbox_regression=0.0789, bbox_ctrness=0.5996
epoch 24/50 iter 480/1860 loss=0.7903 mean_loss=0.7332 classification=0.0690, bbox_regression=0.1075, bbox_ctrness=0.6138
epoch 24/50 iter 500/1860 loss=0.6641 mean_loss=0.7333 classification=0.0050, bbox_regression=0.0513, bbox_ctrness=0.6078
epoch 24/50 iter 520/1860 loss=0.6783 mean_loss=0.7330 classification=0.0014, bbox_regression=0.0580, bbox_ctrness=0.6189
epoch 24/50 iter 540/1860 loss=0.7321 mean_loss=0.7342 classification=0.0493, bbox_regression=0.0876, bbox_ctrness=0.5953
epoch 24/50 iter 560/1860 loss=0.7333 mean_loss=0.7339 classification=0.0400, bbox_regression=0.0765, bbox_ctrness=0.6167
epoch 24/50 iter 580/1860 loss=0.6823 mean_loss=0.7345 classification=0.0291, bbox_regression=0.0616, bbox_ctrness=0.5916
epoch 24/50 iter 600/1860 loss=0.6670 mean_loss=0.7345 classification=0.0099, bbox_regression=0.0637, bbox_ctrness=0.5934
epoch 24/50 iter 620/1860 loss=0.6496 mean_loss=0.7340 classification=0.0080, bbox_regression=0.0516, bbox_ctrness=0.5900
epoch 24/50 iter 640/1860 loss=0.6407 mean_loss=0.7337 classification=0.0072, bbox_regression=0.0414, bbox_ctrness=0.5921
epoch 24/50 iter 660/1860 loss=0.6578 mean_loss=0.7329 classification=0.0027, bbox_regression=0.0463, bbox_ctrness=0.6088
epoch 24/50 iter 680/1860 loss=0.7196 mean_loss=0.7325 classification=0.0191, bbox_regression=0.0877, bbox_ctrness=0.6128
epoch 24/50 iter 700/1860 loss=0.6834 mean_loss=0.7322 classification=0.0101, bbox_regression=0.0694, bbox_ctrness=0.6039
epoch 24/50 iter 720/1860 loss=0.7402 mean_loss=0.7331 classification=0.0408, bbox_regression=0.0906, bbox_ctrness=0.6088
epoch 24/50 iter 740/1860 loss=0.6761 mean_loss=0.7338 classification=0.0129, bbox_regression=0.0563, bbox_ctrness=0.6069
epoch 24/50 iter 760/1860 loss=0.7487 mean_loss=0.7337 classification=0.0669, bbox_regression=0.0897, bbox_ctrness=0.5921
epoch 24/50 iter 780/1860 loss=0.7015 mean_loss=0.7342 classification=0.0515, bbox_regression=0.0542, bbox_ctrness=0.5958
epoch 24/50 iter 800/1860 loss=0.6899 mean_loss=0.7347 classification=0.0267, bbox_regression=0.0879, bbox_ctrness=0.5753
epoch 24/50 iter 820/1860 loss=0.6887 mean_loss=0.7348 classification=0.0146, bbox_regression=0.0795, bbox_ctrness=0.5946
epoch 24/50 iter 840/1860 loss=0.8854 mean_loss=0.7350 classification=0.1217, bbox_regression=0.1530, bbox_ctrness=0.6107
epoch 24/50 iter 860/1860 loss=0.6748 mean_loss=0.7348 classification=0.0180, bbox_regression=0.0587, bbox_ctrness=0.5981
epoch 24/50 iter 880/1860 loss=0.7177 mean_loss=0.7347 classification=0.0448, bbox_regression=0.0726, bbox_ctrness=0.6003
epoch 24/50 iter 900/1860 loss=0.7016 mean_loss=0.7345 classification=0.0208, bbox_regression=0.0835, bbox_ctrness=0.5973
epoch 24/50 iter 920/1860 loss=0.8198 mean_loss=0.7343 classification=0.1229, bbox_regression=0.1020, bbox_ctrness=0.5949
epoch 24/50 iter 940/1860 loss=0.7717 mean_loss=0.7350 classification=0.0585, bbox_regression=0.1012, bbox_ctrness=0.6121
epoch 24/50 iter 960/1860 loss=0.7132 mean_loss=0.7349 classification=0.0283, bbox_regression=0.0927, bbox_ctrness=0.5922
epoch 24/50 iter 980/1860 loss=0.7018 mean_loss=0.7348 classification=0.0237, bbox_regression=0.0828, bbox_ctrness=0.5952
epoch 24/50 iter 1000/1860 loss=0.6909 mean_loss=0.7349 classification=0.0288, bbox_regression=0.0709, bbox_ctrness=0.5912
epoch 24/50 iter 1020/1860 loss=0.7046 mean_loss=0.7347 classification=0.0297, bbox_regression=0.0781, bbox_ctrness=0.5968
epoch 24/50 iter 1040/1860 loss=0.7002 mean_loss=0.7341 classification=0.0262, bbox_regression=0.0679, bbox_ctrness=0.6061
epoch 24/50 iter 1060/1860 loss=0.7280 mean_loss=0.7347 classification=0.0533, bbox_regression=0.0721, bbox_ctrness=0.6027
epoch 24/50 iter 1080/1860 loss=0.9928 mean_loss=0.7357 classification=0.2224, bbox_regression=0.1693, bbox_ctrness=0.6011
epoch 24/50 iter 1100/1860 loss=0.6923 mean_loss=0.7360 classification=0.0324, bbox_regression=0.0610, bbox_ctrness=0.5989
epoch 24/50 iter 1120/1860 loss=0.7589 mean_loss=0.7363 classification=0.0566, bbox_regression=0.1016, bbox_ctrness=0.6006
epoch 24/50 iter 1140/1860 loss=0.7709 mean_loss=0.7362 classification=0.0669, bbox_regression=0.1001, bbox_ctrness=0.6038
epoch 24/50 iter 1160/1860 loss=0.7519 mean_loss=0.7359 classification=0.0539, bbox_regression=0.0809, bbox_ctrness=0.6170
epoch 24/50 iter 1180/1860 loss=0.8378 mean_loss=0.7360 classification=0.1137, bbox_regression=0.1179, bbox_ctrness=0.6062
epoch 24/50 iter 1200/1860 loss=0.7542 mean_loss=0.7359 classification=0.0417, bbox_regression=0.1106, bbox_ctrness=0.6018
epoch 24/50 iter 1220/1860 loss=0.6949 mean_loss=0.7354 classification=0.0377, bbox_regression=0.0724, bbox_ctrness=0.5847
epoch 24/50 iter 1240/1860 loss=0.7666 mean_loss=0.7360 classification=0.0719, bbox_regression=0.0933, bbox_ctrness=0.6014
epoch 24/50 iter 1260/1860 loss=0.6815 mean_loss=0.7356 classification=0.0296, bbox_regression=0.0461, bbox_ctrness=0.6058
epoch 24/50 iter 1280/1860 loss=0.7166 mean_loss=0.7363 classification=0.0426, bbox_regression=0.0690, bbox_ctrness=0.6050
epoch 24/50 iter 1300/1860 loss=0.6794 mean_loss=0.7367 classification=0.0113, bbox_regression=0.0545, bbox_ctrness=0.6136
epoch 24/50 iter 1320/1860 loss=0.7328 mean_loss=0.7368 classification=0.0400, bbox_regression=0.0816, bbox_ctrness=0.6112
epoch 24/50 iter 1340/1860 loss=0.7062 mean_loss=0.7370 classification=0.0298, bbox_regression=0.0742, bbox_ctrness=0.6023
epoch 24/50 iter 1360/1860 loss=0.6887 mean_loss=0.7365 classification=0.0336, bbox_regression=0.0509, bbox_ctrness=0.6042
epoch 24/50 iter 1380/1860 loss=0.7181 mean_loss=0.7372 classification=0.0413, bbox_regression=0.0843, bbox_ctrness=0.5926
epoch 24/50 iter 1400/1860 loss=0.7002 mean_loss=0.7374 classification=0.0372, bbox_regression=0.0680, bbox_ctrness=0.5949
epoch 24/50 iter 1420/1860 loss=0.7139 mean_loss=0.7376 classification=0.0433, bbox_regression=0.0746, bbox_ctrness=0.5960
epoch 24/50 iter 1440/1860 loss=0.6876 mean_loss=0.7381 classification=0.0151, bbox_regression=0.0610, bbox_ctrness=0.6116
epoch 24/50 iter 1460/1860 loss=0.6757 mean_loss=0.7379 classification=0.0227, bbox_regression=0.0593, bbox_ctrness=0.5937
epoch 24/50 iter 1480/1860 loss=0.7333 mean_loss=0.7379 classification=0.0426, bbox_regression=0.0856, bbox_ctrness=0.6051
epoch 24/50 iter 1500/1860 loss=0.6819 mean_loss=0.7378 classification=0.0088, bbox_regression=0.0674, bbox_ctrness=0.6058
epoch 24/50 iter 1520/1860 loss=0.7007 mean_loss=0.7378 classification=0.0274, bbox_regression=0.0781, bbox_ctrness=0.5953
epoch 24/50 iter 1540/1860 loss=0.6717 mean_loss=0.7376 classification=0.0063, bbox_regression=0.0558, bbox_ctrness=0.6096
epoch 24/50 iter 1560/1860 loss=0.7254 mean_loss=0.7373 classification=0.0526, bbox_regression=0.0758, bbox_ctrness=0.5970
epoch 24/50 iter 1580/1860 loss=0.7057 mean_loss=0.7372 classification=0.0311, bbox_regression=0.0730, bbox_ctrness=0.6016
epoch 24/50 iter 1600/1860 loss=0.9010 mean_loss=0.7372 classification=0.1568, bbox_regression=0.1539, bbox_ctrness=0.5903
epoch 24/50 iter 1620/1860 loss=0.7155 mean_loss=0.7376 classification=0.0396, bbox_regression=0.0855, bbox_ctrness=0.5904
epoch 24/50 iter 1640/1860 loss=0.6548 mean_loss=0.7374 classification=0.0115, bbox_regression=0.0576, bbox_ctrness=0.5856
epoch 24/50 iter 1660/1860 loss=0.7286 mean_loss=0.7375 classification=0.0298, bbox_regression=0.0950, bbox_ctrness=0.6037
epoch 24/50 iter 1680/1860 loss=0.9149 mean_loss=0.7374 classification=0.1493, bbox_regression=0.1381, bbox_ctrness=0.6274
epoch 24/50 iter 1700/1860 loss=0.6948 mean_loss=0.7376 classification=0.0192, bbox_regression=0.0707, bbox_ctrness=0.6049
epoch 24/50 iter 1720/1860 loss=0.6923 mean_loss=0.7374 classification=0.0263, bbox_regression=0.0652, bbox_ctrness=0.6008
epoch 24/50 iter 1740/1860 loss=0.9605 mean_loss=0.7378 classification=0.2173, bbox_regression=0.1267, bbox_ctrness=0.6165
epoch 24/50 iter 1760/1860 loss=0.7190 mean_loss=0.7377 classification=0.0149, bbox_regression=0.0865, bbox_ctrness=0.6175
epoch 24/50 iter 1780/1860 loss=0.6883 mean_loss=0.7377 classification=0.0380, bbox_regression=0.0669, bbox_ctrness=0.5834
epoch 24/50 iter 1800/1860 loss=0.8259 mean_loss=0.7377 classification=0.1216, bbox_regression=0.1036, bbox_ctrness=0.6007
epoch 24/50 iter 1820/1860 loss=0.7226 mean_loss=0.7379 classification=0.0374, bbox_regression=0.0887, bbox_ctrness=0.5965
epoch 24/50 iter 1840/1860 loss=1.3470 mean_loss=0.7380 classification=0.4357, bbox_regression=0.2935, bbox_ctrness=0.6178
epoch 24/50 iter 1860/1860 loss=0.6727 mean_loss=0.7382 classification=0.0178, bbox_regression=0.0715, bbox_ctrness=0.5834
epoch 24 validation Precision=0.4735 Recall=0.9649 AP50=0.9367 AP75=0.8532 eval_fps=18.51 epoch_time_sec=900.8
saved checkpoint: E:\RepViT-main\runs\v48_complete_ablation\training\early_moddrop_seed1\weights\last.pt
epoch 25/50 iter 1/1860 loss=0.6615 mean_loss=0.6615 classification=0.0238, bbox_regression=0.0572, bbox_ctrness=0.5805
epoch 25/50 iter 20/1860 loss=0.6379 mean_loss=0.7208 classification=0.0046, bbox_regression=0.0527, bbox_ctrness=0.5806
epoch 25/50 iter 40/1860 loss=0.7475 mean_loss=0.7189 classification=0.0557, bbox_regression=0.0785, bbox_ctrness=0.6134
epoch 25/50 iter 60/1860 loss=0.6831 mean_loss=0.7202 classification=0.0068, bbox_regression=0.0741, bbox_ctrness=0.6021
epoch 25/50 iter 80/1860 loss=0.7012 mean_loss=0.7213 classification=0.0278, bbox_regression=0.0721, bbox_ctrness=0.6013
epoch 25/50 iter 100/1860 loss=0.6897 mean_loss=0.7236 classification=0.0030, bbox_regression=0.0723, bbox_ctrness=0.6145
epoch 25/50 iter 120/1860 loss=0.6777 mean_loss=0.7215 classification=0.0179, bbox_regression=0.0568, bbox_ctrness=0.6030
epoch 25/50 iter 140/1860 loss=0.7545 mean_loss=0.7214 classification=0.0357, bbox_regression=0.1035, bbox_ctrness=0.6153
epoch 25/50 iter 160/1860 loss=0.7083 mean_loss=0.7193 classification=0.0276, bbox_regression=0.0847, bbox_ctrness=0.5960
epoch 25/50 iter 180/1860 loss=0.7397 mean_loss=0.7176 classification=0.0493, bbox_regression=0.0933, bbox_ctrness=0.5970
epoch 25/50 iter 200/1860 loss=0.6975 mean_loss=0.7260 classification=0.0205, bbox_regression=0.0666, bbox_ctrness=0.6104
epoch 25/50 iter 220/1860 loss=0.7572 mean_loss=0.7253 classification=0.0568, bbox_regression=0.0904, bbox_ctrness=0.6100
epoch 25/50 iter 240/1860 loss=0.6709 mean_loss=0.7274 classification=0.0116, bbox_regression=0.0658, bbox_ctrness=0.5935
epoch 25/50 iter 260/1860 loss=0.7551 mean_loss=0.7264 classification=0.0606, bbox_regression=0.0924, bbox_ctrness=0.6020
epoch 25/50 iter 280/1860 loss=0.6926 mean_loss=0.7271 classification=0.0447, bbox_regression=0.0616, bbox_ctrness=0.5863
epoch 25/50 iter 300/1860 loss=0.6774 mean_loss=0.7262 classification=0.0252, bbox_regression=0.0560, bbox_ctrness=0.5962
epoch 25/50 iter 320/1860 loss=0.8295 mean_loss=0.7263 classification=0.0844, bbox_regression=0.1366, bbox_ctrness=0.6085
epoch 25/50 iter 340/1860 loss=0.7325 mean_loss=0.7265 classification=0.0440, bbox_regression=0.0933, bbox_ctrness=0.5952
epoch 25/50 iter 360/1860 loss=0.6602 mean_loss=0.7281 classification=0.0153, bbox_regression=0.0565, bbox_ctrness=0.5885
epoch 25/50 iter 380/1860 loss=0.7676 mean_loss=0.7276 classification=0.0816, bbox_regression=0.0848, bbox_ctrness=0.6012
epoch 25/50 iter 400/1860 loss=0.7765 mean_loss=0.7275 classification=0.0730, bbox_regression=0.0939, bbox_ctrness=0.6095
epoch 25/50 iter 420/1860 loss=0.7530 mean_loss=0.7283 classification=0.0487, bbox_regression=0.0977, bbox_ctrness=0.6066
epoch 25/50 iter 440/1860 loss=0.7372 mean_loss=0.7283 classification=0.0570, bbox_regression=0.0702, bbox_ctrness=0.6101
epoch 25/50 iter 460/1860 loss=0.7337 mean_loss=0.7290 classification=0.0245, bbox_regression=0.0905, bbox_ctrness=0.6188
epoch 25/50 iter 480/1860 loss=0.7006 mean_loss=0.7294 classification=0.0143, bbox_regression=0.0618, bbox_ctrness=0.6244
epoch 25/50 iter 500/1860 loss=0.6899 mean_loss=0.7309 classification=0.0339, bbox_regression=0.0608, bbox_ctrness=0.5953
epoch 25/50 iter 520/1860 loss=0.6933 mean_loss=0.7332 classification=0.0154, bbox_regression=0.0671, bbox_ctrness=0.6107
epoch 25/50 iter 540/1860 loss=0.7957 mean_loss=0.7344 classification=0.0752, bbox_regression=0.1113, bbox_ctrness=0.6092
epoch 25/50 iter 560/1860 loss=0.6690 mean_loss=0.7353 classification=0.0232, bbox_regression=0.0477, bbox_ctrness=0.5980
epoch 25/50 iter 580/1860 loss=0.8247 mean_loss=0.7350 classification=0.0932, bbox_regression=0.1360, bbox_ctrness=0.5954
epoch 25/50 iter 600/1860 loss=0.7126 mean_loss=0.7345 classification=0.0378, bbox_regression=0.0752, bbox_ctrness=0.5996
epoch 25/50 iter 620/1860 loss=1.0539 mean_loss=0.7349 classification=0.2598, bbox_regression=0.1791, bbox_ctrness=0.6150
epoch 25/50 iter 640/1860 loss=0.7035 mean_loss=0.7344 classification=0.0503, bbox_regression=0.0733, bbox_ctrness=0.5800
epoch 25/50 iter 660/1860 loss=0.7208 mean_loss=0.7339 classification=0.0389, bbox_regression=0.0906, bbox_ctrness=0.5914
epoch 25/50 iter 680/1860 loss=0.6904 mean_loss=0.7344 classification=0.0105, bbox_regression=0.0824, bbox_ctrness=0.5975
epoch 25/50 iter 700/1860 loss=0.7514 mean_loss=0.7352 classification=0.0452, bbox_regression=0.1094, bbox_ctrness=0.5968
epoch 25/50 iter 720/1860 loss=0.8269 mean_loss=0.7355 classification=0.1209, bbox_regression=0.1230, bbox_ctrness=0.5830
epoch 25/50 iter 740/1860 loss=0.6669 mean_loss=0.7353 classification=0.0008, bbox_regression=0.0523, bbox_ctrness=0.6139
epoch 25/50 iter 760/1860 loss=0.8603 mean_loss=0.7365 classification=0.1059, bbox_regression=0.1383, bbox_ctrness=0.6161
epoch 25/50 iter 780/1860 loss=0.9616 mean_loss=0.7367 classification=0.1381, bbox_regression=0.1867, bbox_ctrness=0.6369
epoch 25/50 iter 800/1860 loss=0.7147 mean_loss=0.7365 classification=0.0244, bbox_regression=0.0762, bbox_ctrness=0.6142
epoch 25/50 iter 820/1860 loss=0.9032 mean_loss=0.7362 classification=0.1643, bbox_regression=0.1378, bbox_ctrness=0.6012
epoch 25/50 iter 840/1860 loss=0.8869 mean_loss=0.7359 classification=0.1261, bbox_regression=0.1484, bbox_ctrness=0.6124
epoch 25/50 iter 860/1860 loss=0.7014 mean_loss=0.7361 classification=0.0357, bbox_regression=0.0735, bbox_ctrness=0.5922
epoch 25/50 iter 880/1860 loss=0.7651 mean_loss=0.7365 classification=0.0516, bbox_regression=0.0954, bbox_ctrness=0.6180
epoch 25/50 iter 900/1860 loss=0.7079 mean_loss=0.7364 classification=0.0108, bbox_regression=0.0762, bbox_ctrness=0.6208
epoch 25/50 iter 920/1860 loss=0.7175 mean_loss=0.7365 classification=0.0510, bbox_regression=0.0703, bbox_ctrness=0.5962
epoch 25/50 iter 940/1860 loss=0.6610 mean_loss=0.7359 classification=0.0235, bbox_regression=0.0520, bbox_ctrness=0.5855
epoch 25/50 iter 960/1860 loss=0.6716 mean_loss=0.7364 classification=0.0177, bbox_regression=0.0541, bbox_ctrness=0.5998
epoch 25/50 iter 980/1860 loss=0.6910 mean_loss=0.7369 classification=0.0100, bbox_regression=0.0702, bbox_ctrness=0.6109
epoch 25/50 iter 1000/1860 loss=0.6723 mean_loss=0.7362 classification=0.0295, bbox_regression=0.0525, bbox_ctrness=0.5903
epoch 25/50 iter 1020/1860 loss=0.6627 mean_loss=0.7364 classification=0.0096, bbox_regression=0.0587, bbox_ctrness=0.5944
epoch 25/50 iter 1040/1860 loss=0.8347 mean_loss=0.7368 classification=0.1076, bbox_regression=0.1226, bbox_ctrness=0.6045
epoch 25/50 iter 1060/1860 loss=0.6548 mean_loss=0.7363 classification=0.0090, bbox_regression=0.0487, bbox_ctrness=0.5970
epoch 25/50 iter 1080/1860 loss=0.6857 mean_loss=0.7371 classification=0.0333, bbox_regression=0.0565, bbox_ctrness=0.5958
epoch 25/50 iter 1100/1860 loss=0.6632 mean_loss=0.7367 classification=0.0087, bbox_regression=0.0635, bbox_ctrness=0.5910
epoch 25/50 iter 1120/1860 loss=0.6625 mean_loss=0.7365 classification=0.0026, bbox_regression=0.0372, bbox_ctrness=0.6226
epoch 25/50 iter 1140/1860 loss=0.7476 mean_loss=0.7361 classification=0.0596, bbox_regression=0.0841, bbox_ctrness=0.6039
epoch 25/50 iter 1160/1860 loss=0.6860 mean_loss=0.7365 classification=0.0219, bbox_regression=0.0455, bbox_ctrness=0.6186
epoch 25/50 iter 1180/1860 loss=0.6929 mean_loss=0.7374 classification=0.0280, bbox_regression=0.0655, bbox_ctrness=0.5994
epoch 25/50 iter 1200/1860 loss=0.7279 mean_loss=0.7375 classification=0.0437, bbox_regression=0.0881, bbox_ctrness=0.5961
epoch 25/50 iter 1220/1860 loss=0.7801 mean_loss=0.7382 classification=0.0642, bbox_regression=0.1043, bbox_ctrness=0.6116
epoch 25/50 iter 1240/1860 loss=0.8794 mean_loss=0.7386 classification=0.1419, bbox_regression=0.1347, bbox_ctrness=0.6028
epoch 25/50 iter 1260/1860 loss=0.6948 mean_loss=0.7383 classification=0.0143, bbox_regression=0.0836, bbox_ctrness=0.5968
epoch 25/50 iter 1280/1860 loss=0.6721 mean_loss=0.7384 classification=0.0084, bbox_regression=0.0528, bbox_ctrness=0.6108
epoch 25/50 iter 1300/1860 loss=0.7101 mean_loss=0.7384 classification=0.0202, bbox_regression=0.0998, bbox_ctrness=0.5901
epoch 25/50 iter 1320/1860 loss=1.1498 mean_loss=0.7386 classification=0.2605, bbox_regression=0.2517, bbox_ctrness=0.6375
epoch 25/50 iter 1340/1860 loss=0.7153 mean_loss=0.7390 classification=0.0329, bbox_regression=0.0840, bbox_ctrness=0.5984
epoch 25/50 iter 1360/1860 loss=0.6855 mean_loss=0.7391 classification=0.0142, bbox_regression=0.0821, bbox_ctrness=0.5893
epoch 25/50 iter 1380/1860 loss=0.6733 mean_loss=0.7391 classification=0.0119, bbox_regression=0.0528, bbox_ctrness=0.6086
epoch 25/50 iter 1400/1860 loss=0.6574 mean_loss=0.7394 classification=0.0103, bbox_regression=0.0498, bbox_ctrness=0.5972
epoch 25/50 iter 1420/1860 loss=0.6862 mean_loss=0.7390 classification=0.0161, bbox_regression=0.0594, bbox_ctrness=0.6108
epoch 25/50 iter 1440/1860 loss=1.0723 mean_loss=0.7389 classification=0.2148, bbox_regression=0.2222, bbox_ctrness=0.6353
epoch 25/50 iter 1460/1860 loss=0.7858 mean_loss=0.7391 classification=0.0561, bbox_regression=0.1204, bbox_ctrness=0.6093
epoch 25/50 iter 1480/1860 loss=0.7154 mean_loss=0.7392 classification=0.0251, bbox_regression=0.0839, bbox_ctrness=0.6064
epoch 25/50 iter 1500/1860 loss=0.7301 mean_loss=0.7387 classification=0.0646, bbox_regression=0.0711, bbox_ctrness=0.5944
epoch 25/50 iter 1520/1860 loss=0.8338 mean_loss=0.7385 classification=0.0865, bbox_regression=0.1430, bbox_ctrness=0.6044
epoch 25/50 iter 1540/1860 loss=0.8196 mean_loss=0.7385 classification=0.0968, bbox_regression=0.1186, bbox_ctrness=0.6042
epoch 25/50 iter 1560/1860 loss=0.6707 mean_loss=0.7382 classification=0.0043, bbox_regression=0.0647, bbox_ctrness=0.6017
epoch 25/50 iter 1580/1860 loss=0.6613 mean_loss=0.7382 classification=0.0175, bbox_regression=0.0473, bbox_ctrness=0.5964
epoch 25/50 iter 1600/1860 loss=0.6689 mean_loss=0.7384 classification=0.0131, bbox_regression=0.0524, bbox_ctrness=0.6033
epoch 25/50 iter 1620/1860 loss=0.6580 mean_loss=0.7385 classification=0.0134, bbox_regression=0.0444, bbox_ctrness=0.6002
epoch 25/50 iter 1640/1860 loss=0.6614 mean_loss=0.7394 classification=0.0083, bbox_regression=0.0476, bbox_ctrness=0.6055
epoch 25/50 iter 1660/1860 loss=0.6772 mean_loss=0.7394 classification=0.0117, bbox_regression=0.0621, bbox_ctrness=0.6034
epoch 25/50 iter 1680/1860 loss=1.0339 mean_loss=0.7392 classification=0.2278, bbox_regression=0.1878, bbox_ctrness=0.6183
epoch 25/50 iter 1700/1860 loss=0.7150 mean_loss=0.7393 classification=0.0296, bbox_regression=0.0828, bbox_ctrness=0.6025
epoch 25/50 iter 1720/1860 loss=0.6921 mean_loss=0.7388 classification=0.0105, bbox_regression=0.0749, bbox_ctrness=0.6067
epoch 25/50 iter 1740/1860 loss=0.7293 mean_loss=0.7389 classification=0.0415, bbox_regression=0.0833, bbox_ctrness=0.6044
epoch 25/50 iter 1760/1860 loss=0.6686 mean_loss=0.7389 classification=0.0123, bbox_regression=0.0715, bbox_ctrness=0.5848
epoch 25/50 iter 1780/1860 loss=0.7371 mean_loss=0.7386 classification=0.0548, bbox_regression=0.0778, bbox_ctrness=0.6045
epoch 25/50 iter 1800/1860 loss=0.6932 mean_loss=0.7390 classification=0.0159, bbox_regression=0.0650, bbox_ctrness=0.6124
epoch 25/50 iter 1820/1860 loss=0.7035 mean_loss=0.7394 classification=0.0073, bbox_regression=0.0792, bbox_ctrness=0.6171
epoch 25/50 iter 1840/1860 loss=0.6928 mean_loss=0.7392 classification=0.0231, bbox_regression=0.0766, bbox_ctrness=0.5930
epoch 25/50 iter 1860/1860 loss=0.6947 mean_loss=0.7390 classification=0.0118, bbox_regression=0.0662, bbox_ctrness=0.6167
epoch 25 validation Precision=0.7020 Recall=0.9257 AP50=0.9085 AP75=0.8363 eval_fps=19.37 epoch_time_sec=895.9
saved checkpoint: E:\RepViT-main\runs\v48_complete_ablation\training\early_moddrop_seed1\weights\last.pt
epoch 26/50 iter 1/1860 loss=0.7010 mean_loss=0.7010 classification=0.0208, bbox_regression=0.0728, bbox_ctrness=0.6074
epoch 26/50 iter 20/1860 loss=0.8035 mean_loss=0.7336 classification=0.0577, bbox_regression=0.1229, bbox_ctrness=0.6229
epoch 26/50 iter 40/1860 loss=0.6857 mean_loss=0.7183 classification=0.0243, bbox_regression=0.0592, bbox_ctrness=0.6022
epoch 26/50 iter 60/1860 loss=0.6706 mean_loss=0.7160 classification=0.0129, bbox_regression=0.0611, bbox_ctrness=0.5966
epoch 26/50 iter 80/1860 loss=0.6444 mean_loss=0.7120 classification=0.0035, bbox_regression=0.0414, bbox_ctrness=0.5996
epoch 26/50 iter 100/1860 loss=0.6737 mean_loss=0.7140 classification=0.0306, bbox_regression=0.0581, bbox_ctrness=0.5849
epoch 26/50 iter 120/1860 loss=0.7115 mean_loss=0.7114 classification=0.0340, bbox_regression=0.0778, bbox_ctrness=0.5997
epoch 26/50 iter 140/1860 loss=0.6682 mean_loss=0.7148 classification=0.0080, bbox_regression=0.0572, bbox_ctrness=0.6030
epoch 26/50 iter 160/1860 loss=0.6644 mean_loss=0.7122 classification=0.0055, bbox_regression=0.0521, bbox_ctrness=0.6067
epoch 26/50 iter 180/1860 loss=0.7189 mean_loss=0.7151 classification=0.0321, bbox_regression=0.0817, bbox_ctrness=0.6050
epoch 26/50 iter 200/1860 loss=0.7201 mean_loss=0.7164 classification=0.0333, bbox_regression=0.0752, bbox_ctrness=0.6115
epoch 26/50 iter 220/1860 loss=0.6911 mean_loss=0.7169 classification=0.0257, bbox_regression=0.0609, bbox_ctrness=0.6045
epoch 26/50 iter 240/1860 loss=0.6792 mean_loss=0.7194 classification=0.0262, bbox_regression=0.0635, bbox_ctrness=0.5896
epoch 26/50 iter 260/1860 loss=0.7209 mean_loss=0.7203 classification=0.0350, bbox_regression=0.0765, bbox_ctrness=0.6095
epoch 26/50 iter 280/1860 loss=0.7287 mean_loss=0.7213 classification=0.0316, bbox_regression=0.0961, bbox_ctrness=0.6010
epoch 26/50 iter 300/1860 loss=0.6869 mean_loss=0.7263 classification=0.0193, bbox_regression=0.0751, bbox_ctrness=0.5925
epoch 26/50 iter 320/1860 loss=0.7340 mean_loss=0.7277 classification=0.0540, bbox_regression=0.0916, bbox_ctrness=0.5884
epoch 26/50 iter 340/1860 loss=0.6737 mean_loss=0.7279 classification=0.0219, bbox_regression=0.0623, bbox_ctrness=0.5896
epoch 26/50 iter 360/1860 loss=0.6749 mean_loss=0.7293 classification=0.0204, bbox_regression=0.0601, bbox_ctrness=0.5945
epoch 26/50 iter 380/1860 loss=0.6866 mean_loss=0.7302 classification=0.0223, bbox_regression=0.0670, bbox_ctrness=0.5973
epoch 26/50 iter 400/1860 loss=0.6767 mean_loss=0.7291 classification=0.0168, bbox_regression=0.0623, bbox_ctrness=0.5977
epoch 26/50 iter 420/1860 loss=0.6947 mean_loss=0.7283 classification=0.0267, bbox_regression=0.0566, bbox_ctrness=0.6113
epoch 26/50 iter 440/1860 loss=0.8985 mean_loss=0.7285 classification=0.1207, bbox_regression=0.1594, bbox_ctrness=0.6185
epoch 26/50 iter 460/1860 loss=0.7527 mean_loss=0.7295 classification=0.0755, bbox_regression=0.0927, bbox_ctrness=0.5845
epoch 26/50 iter 480/1860 loss=0.7324 mean_loss=0.7293 classification=0.0456, bbox_regression=0.0811, bbox_ctrness=0.6056
epoch 26/50 iter 500/1860 loss=0.7019 mean_loss=0.7284 classification=0.0045, bbox_regression=0.0861, bbox_ctrness=0.6114
epoch 26/50 iter 520/1860 loss=0.7089 mean_loss=0.7273 classification=0.0524, bbox_regression=0.0680, bbox_ctrness=0.5884
epoch 26/50 iter 540/1860 loss=0.6639 mean_loss=0.7270 classification=0.0142, bbox_regression=0.0601, bbox_ctrness=0.5895
epoch 26/50 iter 560/1860 loss=0.9524 mean_loss=0.7287 classification=0.1682, bbox_regression=0.1698, bbox_ctrness=0.6143
epoch 26/50 iter 580/1860 loss=0.6790 mean_loss=0.7282 classification=0.0120, bbox_regression=0.0570, bbox_ctrness=0.6099
epoch 26/50 iter 600/1860 loss=0.6861 mean_loss=0.7279 classification=0.0204, bbox_regression=0.0591, bbox_ctrness=0.6066
epoch 26/50 iter 620/1860 loss=0.7155 mean_loss=0.7271 classification=0.0469, bbox_regression=0.0628, bbox_ctrness=0.6058
epoch 26/50 iter 640/1860 loss=0.8061 mean_loss=0.7275 classification=0.0912, bbox_regression=0.1022, bbox_ctrness=0.6127
epoch 26/50 iter 660/1860 loss=0.7142 mean_loss=0.7279 classification=0.0239, bbox_regression=0.0796, bbox_ctrness=0.6107
epoch 26/50 iter 680/1860 loss=0.6978 mean_loss=0.7276 classification=0.0221, bbox_regression=0.0705, bbox_ctrness=0.6051
epoch 26/50 iter 700/1860 loss=0.7075 mean_loss=0.7283 classification=0.0121, bbox_regression=0.0813, bbox_ctrness=0.6141
epoch 26/50 iter 720/1860 loss=0.6760 mean_loss=0.7282 classification=0.0308, bbox_regression=0.0518, bbox_ctrness=0.5933
epoch 26/50 iter 740/1860 loss=0.6801 mean_loss=0.7285 classification=0.0089, bbox_regression=0.0617, bbox_ctrness=0.6095
epoch 26/50 iter 760/1860 loss=0.7499 mean_loss=0.7290 classification=0.0340, bbox_regression=0.1081, bbox_ctrness=0.6079
epoch 26/50 iter 780/1860 loss=0.6664 mean_loss=0.7291 classification=0.0127, bbox_regression=0.0474, bbox_ctrness=0.6063
epoch 26/50 iter 800/1860 loss=0.7154 mean_loss=0.7294 classification=0.0356, bbox_regression=0.0754, bbox_ctrness=0.6045
epoch 26/50 iter 820/1860 loss=0.6975 mean_loss=0.7296 classification=0.0060, bbox_regression=0.0678, bbox_ctrness=0.6236
epoch 26/50 iter 840/1860 loss=0.6517 mean_loss=0.7293 classification=0.0111, bbox_regression=0.0527, bbox_ctrness=0.5879
epoch 26/50 iter 860/1860 loss=0.6812 mean_loss=0.7296 classification=0.0160, bbox_regression=0.0612, bbox_ctrness=0.6040
epoch 26/50 iter 880/1860 loss=0.6875 mean_loss=0.7289 classification=0.0144, bbox_regression=0.0716, bbox_ctrness=0.6015
epoch 26/50 iter 900/1860 loss=0.6678 mean_loss=0.7287 classification=0.0116, bbox_regression=0.0567, bbox_ctrness=0.5995
epoch 26/50 iter 920/1860 loss=0.7919 mean_loss=0.7287 classification=0.0575, bbox_regression=0.1181, bbox_ctrness=0.6163
epoch 26/50 iter 940/1860 loss=1.1801 mean_loss=0.7291 classification=0.3013, bbox_regression=0.2590, bbox_ctrness=0.6197
epoch 26/50 iter 960/1860 loss=0.7508 mean_loss=0.7300 classification=0.0717, bbox_regression=0.0889, bbox_ctrness=0.5901
epoch 26/50 iter 980/1860 loss=0.8274 mean_loss=0.7301 classification=0.0927, bbox_regression=0.1176, bbox_ctrness=0.6171
epoch 26/50 iter 1000/1860 loss=0.6811 mean_loss=0.7308 classification=0.0074, bbox_regression=0.0598, bbox_ctrness=0.6140
epoch 26/50 iter 1020/1860 loss=0.6992 mean_loss=0.7308 classification=0.0220, bbox_regression=0.0714, bbox_ctrness=0.6057
epoch 26/50 iter 1040/1860 loss=0.6614 mean_loss=0.7308 classification=0.0104, bbox_regression=0.0537, bbox_ctrness=0.5973
epoch 26/50 iter 1060/1860 loss=0.6710 mean_loss=0.7308 classification=0.0045, bbox_regression=0.0575, bbox_ctrness=0.6090
epoch 26/50 iter 1080/1860 loss=1.1554 mean_loss=0.7313 classification=0.2943, bbox_regression=0.2397, bbox_ctrness=0.6214
epoch 26/50 iter 1100/1860 loss=0.7625 mean_loss=0.7311 classification=0.0768, bbox_regression=0.0720, bbox_ctrness=0.6137
epoch 26/50 iter 1120/1860 loss=0.7425 mean_loss=0.7311 classification=0.0494, bbox_regression=0.0964, bbox_ctrness=0.5967
epoch 26/50 iter 1140/1860 loss=0.6955 mean_loss=0.7313 classification=0.0275, bbox_regression=0.0632, bbox_ctrness=0.6047
epoch 26/50 iter 1160/1860 loss=0.7025 mean_loss=0.7313 classification=0.0165, bbox_regression=0.0799, bbox_ctrness=0.6060
epoch 26/50 iter 1180/1860 loss=0.9232 mean_loss=0.7325 classification=0.1701, bbox_regression=0.1412, bbox_ctrness=0.6119
epoch 26/50 iter 1200/1860 loss=0.6754 mean_loss=0.7321 classification=0.0211, bbox_regression=0.0642, bbox_ctrness=0.5900
epoch 26/50 iter 1220/1860 loss=0.6762 mean_loss=0.7321 classification=0.0116, bbox_regression=0.0717, bbox_ctrness=0.5929
epoch 26/50 iter 1240/1860 loss=0.6726 mean_loss=0.7322 classification=0.0182, bbox_regression=0.0544, bbox_ctrness=0.6001
epoch 26/50 iter 1260/1860 loss=0.7278 mean_loss=0.7324 classification=0.0794, bbox_regression=0.0662, bbox_ctrness=0.5822
epoch 26/50 iter 1280/1860 loss=0.6970 mean_loss=0.7326 classification=0.0123, bbox_regression=0.0586, bbox_ctrness=0.6262
epoch 26/50 iter 1300/1860 loss=0.7820 mean_loss=0.7322 classification=0.0282, bbox_regression=0.1364, bbox_ctrness=0.6174
epoch 26/50 iter 1320/1860 loss=0.6789 mean_loss=0.7321 classification=0.0086, bbox_regression=0.0674, bbox_ctrness=0.6029
epoch 26/50 iter 1340/1860 loss=0.7792 mean_loss=0.7320 classification=0.1041, bbox_regression=0.0809, bbox_ctrness=0.5942
epoch 26/50 iter 1360/1860 loss=0.6647 mean_loss=0.7320 classification=0.0113, bbox_regression=0.0606, bbox_ctrness=0.5928
epoch 26/50 iter 1380/1860 loss=0.7691 mean_loss=0.7323 classification=0.0736, bbox_regression=0.0970, bbox_ctrness=0.5985
epoch 26/50 iter 1400/1860 loss=0.7450 mean_loss=0.7323 classification=0.0307, bbox_regression=0.1032, bbox_ctrness=0.6111
epoch 26/50 iter 1420/1860 loss=0.6761 mean_loss=0.7322 classification=0.0180, bbox_regression=0.0571, bbox_ctrness=0.6010
epoch 26/50 iter 1440/1860 loss=0.8105 mean_loss=0.7321 classification=0.0982, bbox_regression=0.1035, bbox_ctrness=0.6088
epoch 26/50 iter 1460/1860 loss=0.6759 mean_loss=0.7321 classification=0.0224, bbox_regression=0.0570, bbox_ctrness=0.5965
epoch 26/50 iter 1480/1860 loss=0.6815 mean_loss=0.7321 classification=0.0187, bbox_regression=0.0585, bbox_ctrness=0.6043
epoch 26/50 iter 1500/1860 loss=0.6839 mean_loss=0.7322 classification=0.0038, bbox_regression=0.0608, bbox_ctrness=0.6193
epoch 26/50 iter 1520/1860 loss=0.7150 mean_loss=0.7321 classification=0.0296, bbox_regression=0.0870, bbox_ctrness=0.5984
epoch 26/50 iter 1540/1860 loss=0.6879 mean_loss=0.7321 classification=0.0215, bbox_regression=0.0654, bbox_ctrness=0.6010
epoch 26/50 iter 1560/1860 loss=0.7505 mean_loss=0.7324 classification=0.0396, bbox_regression=0.0989, bbox_ctrness=0.6120
epoch 26/50 iter 1580/1860 loss=0.9317 mean_loss=0.7329 classification=0.1166, bbox_regression=0.1813, bbox_ctrness=0.6337
epoch 26/50 iter 1600/1860 loss=0.6726 mean_loss=0.7329 classification=0.0072, bbox_regression=0.0490, bbox_ctrness=0.6164
epoch 26/50 iter 1620/1860 loss=0.8220 mean_loss=0.7328 classification=0.0926, bbox_regression=0.1210, bbox_ctrness=0.6084
epoch 26/50 iter 1640/1860 loss=1.1382 mean_loss=0.7328 classification=0.2751, bbox_regression=0.2428, bbox_ctrness=0.6203
epoch 26/50 iter 1660/1860 loss=0.9076 mean_loss=0.7328 classification=0.1547, bbox_regression=0.1420, bbox_ctrness=0.6109
epoch 26/50 iter 1680/1860 loss=0.6612 mean_loss=0.7328 classification=0.0161, bbox_regression=0.0479, bbox_ctrness=0.5973
epoch 26/50 iter 1700/1860 loss=0.6842 mean_loss=0.7336 classification=0.0224, bbox_regression=0.0583, bbox_ctrness=0.6034
epoch 26/50 iter 1720/1860 loss=0.6762 mean_loss=0.7338 classification=0.0217, bbox_regression=0.0570, bbox_ctrness=0.5975
epoch 26/50 iter 1740/1860 loss=0.7672 mean_loss=0.7345 classification=0.0435, bbox_regression=0.0930, bbox_ctrness=0.6306
epoch 26/50 iter 1760/1860 loss=0.7102 mean_loss=0.7344 classification=0.0427, bbox_regression=0.0750, bbox_ctrness=0.5925
epoch 26/50 iter 1780/1860 loss=0.7622 mean_loss=0.7347 classification=0.0499, bbox_regression=0.1069, bbox_ctrness=0.6055
epoch 26/50 iter 1800/1860 loss=0.6686 mean_loss=0.7349 classification=0.0191, bbox_regression=0.0577, bbox_ctrness=0.5919
epoch 26/50 iter 1820/1860 loss=0.7727 mean_loss=0.7351 classification=0.0675, bbox_regression=0.0970, bbox_ctrness=0.6083
epoch 26/50 iter 1840/1860 loss=0.7446 mean_loss=0.7352 classification=0.0500, bbox_regression=0.0851, bbox_ctrness=0.6094
epoch 26/50 iter 1860/1860 loss=0.6627 mean_loss=0.7351 classification=0.0133, bbox_regression=0.0491, bbox_ctrness=0.6003
epoch 26 validation Precision=0.5732 Recall=0.9528 AP50=0.9311 AP75=0.8481 eval_fps=17.75 epoch_time_sec=892.0
saved checkpoint: E:\RepViT-main\runs\v48_complete_ablation\training\early_moddrop_seed1\weights\last.pt
epoch 27/50 iter 1/1860 loss=0.7342 mean_loss=0.7342 classification=0.0470, bbox_regression=0.0780, bbox_ctrness=0.6092
epoch 27/50 iter 20/1860 loss=0.8329 mean_loss=0.7578 classification=0.0989, bbox_regression=0.1236, bbox_ctrness=0.6104
epoch 27/50 iter 40/1860 loss=1.1752 mean_loss=0.7379 classification=0.2710, bbox_regression=0.2609, bbox_ctrness=0.6434
epoch 27/50 iter 60/1860 loss=0.6770 mean_loss=0.7376 classification=0.0175, bbox_regression=0.0577, bbox_ctrness=0.6018
epoch 27/50 iter 80/1860 loss=0.7046 mean_loss=0.7410 classification=0.0470, bbox_regression=0.0771, bbox_ctrness=0.5805
epoch 27/50 iter 100/1860 loss=0.7856 mean_loss=0.7381 classification=0.0538, bbox_regression=0.1097, bbox_ctrness=0.6221
epoch 27/50 iter 120/1860 loss=0.7064 mean_loss=0.7322 classification=0.0207, bbox_regression=0.0854, bbox_ctrness=0.6003
epoch 27/50 iter 140/1860 loss=0.7417 mean_loss=0.7374 classification=0.0526, bbox_regression=0.0881, bbox_ctrness=0.6009
epoch 27/50 iter 160/1860 loss=1.1560 mean_loss=0.7387 classification=0.2902, bbox_regression=0.2317, bbox_ctrness=0.6341
epoch 27/50 iter 180/1860 loss=0.6717 mean_loss=0.7352 classification=0.0165, bbox_regression=0.0510, bbox_ctrness=0.6043
epoch 27/50 iter 200/1860 loss=0.7429 mean_loss=0.7373 classification=0.0543, bbox_regression=0.0878, bbox_ctrness=0.6008
epoch 27/50 iter 220/1860 loss=0.6808 mean_loss=0.7366 classification=0.0135, bbox_regression=0.0556, bbox_ctrness=0.6116
epoch 27/50 iter 240/1860 loss=0.6627 mean_loss=0.7339 classification=0.0050, bbox_regression=0.0398, bbox_ctrness=0.6180
epoch 27/50 iter 260/1860 loss=0.7470 mean_loss=0.7329 classification=0.0471, bbox_regression=0.0811, bbox_ctrness=0.6188
epoch 27/50 iter 280/1860 loss=0.8588 mean_loss=0.7360 classification=0.1222, bbox_regression=0.1373, bbox_ctrness=0.5992
epoch 27/50 iter 300/1860 loss=0.6960 mean_loss=0.7383 classification=0.0098, bbox_regression=0.0849, bbox_ctrness=0.6013
epoch 27/50 iter 320/1860 loss=0.6648 mean_loss=0.7369 classification=0.0083, bbox_regression=0.0554, bbox_ctrness=0.6011
epoch 27/50 iter 340/1860 loss=0.7674 mean_loss=0.7365 classification=0.0583, bbox_regression=0.1007, bbox_ctrness=0.6084
epoch 27/50 iter 360/1860 loss=0.6819 mean_loss=0.7352 classification=0.0183, bbox_regression=0.0635, bbox_ctrness=0.6001
epoch 27/50 iter 380/1860 loss=0.7105 mean_loss=0.7349 classification=0.0310, bbox_regression=0.0732, bbox_ctrness=0.6064
epoch 27/50 iter 400/1860 loss=0.6804 mean_loss=0.7346 classification=0.0171, bbox_regression=0.0666, bbox_ctrness=0.5968
epoch 27/50 iter 420/1860 loss=0.6705 mean_loss=0.7338 classification=0.0026, bbox_regression=0.0646, bbox_ctrness=0.6034
epoch 27/50 iter 440/1860 loss=0.7575 mean_loss=0.7334 classification=0.0826, bbox_regression=0.0699, bbox_ctrness=0.6050
epoch 27/50 iter 460/1860 loss=0.6724 mean_loss=0.7345 classification=0.0151, bbox_regression=0.0718, bbox_ctrness=0.5856
epoch 27/50 iter 480/1860 loss=0.7346 mean_loss=0.7337 classification=0.0252, bbox_regression=0.0884, bbox_ctrness=0.6210
epoch 27/50 iter 500/1860 loss=0.7317 mean_loss=0.7332 classification=0.0493, bbox_regression=0.0802, bbox_ctrness=0.6022
epoch 27/50 iter 520/1860 loss=0.7408 mean_loss=0.7332 classification=0.0560, bbox_regression=0.0913, bbox_ctrness=0.5935
epoch 27/50 iter 540/1860 loss=0.6711 mean_loss=0.7331 classification=0.0297, bbox_regression=0.0582, bbox_ctrness=0.5831
epoch 27/50 iter 560/1860 loss=0.6849 mean_loss=0.7324 classification=0.0131, bbox_regression=0.0670, bbox_ctrness=0.6048
epoch 27/50 iter 580/1860 loss=0.6670 mean_loss=0.7305 classification=0.0117, bbox_regression=0.0616, bbox_ctrness=0.5936
epoch 27/50 iter 600/1860 loss=0.6517 mean_loss=0.7302 classification=0.0121, bbox_regression=0.0424, bbox_ctrness=0.5972
epoch 27/50 iter 620/1860 loss=0.6525 mean_loss=0.7296 classification=0.0109, bbox_regression=0.0551, bbox_ctrness=0.5865
epoch 27/50 iter 640/1860 loss=0.8774 mean_loss=0.7297 classification=0.1445, bbox_regression=0.1131, bbox_ctrness=0.6198
epoch 27/50 iter 660/1860 loss=0.9065 mean_loss=0.7298 classification=0.1055, bbox_regression=0.1705, bbox_ctrness=0.6305
epoch 27/50 iter 680/1860 loss=0.6621 mean_loss=0.7298 classification=0.0172, bbox_regression=0.0562, bbox_ctrness=0.5887
epoch 27/50 iter 700/1860 loss=0.7069 mean_loss=0.7298 classification=0.0337, bbox_regression=0.0659, bbox_ctrness=0.6073
epoch 27/50 iter 720/1860 loss=0.6804 mean_loss=0.7294 classification=0.0252, bbox_regression=0.0637, bbox_ctrness=0.5915
epoch 27/50 iter 740/1860 loss=0.7530 mean_loss=0.7286 classification=0.0524, bbox_regression=0.0750, bbox_ctrness=0.6255
epoch 27/50 iter 760/1860 loss=0.7213 mean_loss=0.7286 classification=0.0407, bbox_regression=0.0742, bbox_ctrness=0.6064
epoch 27/50 iter 780/1860 loss=0.7287 mean_loss=0.7289 classification=0.0591, bbox_regression=0.0786, bbox_ctrness=0.5910
epoch 27/50 iter 800/1860 loss=0.7691 mean_loss=0.7285 classification=0.0602, bbox_regression=0.1120, bbox_ctrness=0.5969
epoch 27/50 iter 820/1860 loss=0.7954 mean_loss=0.7279 classification=0.0682, bbox_regression=0.1162, bbox_ctrness=0.6110
epoch 27/50 iter 840/1860 loss=0.6769 mean_loss=0.7280 classification=0.0124, bbox_regression=0.0588, bbox_ctrness=0.6058
epoch 27/50 iter 860/1860 loss=1.2178 mean_loss=0.7286 classification=0.3176, bbox_regression=0.2763, bbox_ctrness=0.6238
epoch 27/50 iter 880/1860 loss=0.6759 mean_loss=0.7285 classification=0.0142, bbox_regression=0.0659, bbox_ctrness=0.5958
epoch 27/50 iter 900/1860 loss=0.8227 mean_loss=0.7281 classification=0.0613, bbox_regression=0.1140, bbox_ctrness=0.6474
epoch 27/50 iter 920/1860 loss=0.6938 mean_loss=0.7293 classification=0.0106, bbox_regression=0.0737, bbox_ctrness=0.6095
epoch 27/50 iter 940/1860 loss=0.6856 mean_loss=0.7291 classification=0.0501, bbox_regression=0.0467, bbox_ctrness=0.5888
epoch 27/50 iter 960/1860 loss=0.7235 mean_loss=0.7290 classification=0.0399, bbox_regression=0.0672, bbox_ctrness=0.6164
epoch 27/50 iter 980/1860 loss=0.6707 mean_loss=0.7285 classification=0.0096, bbox_regression=0.0543, bbox_ctrness=0.6068
epoch 27/50 iter 1000/1860 loss=0.7069 mean_loss=0.7287 classification=0.0323, bbox_regression=0.0764, bbox_ctrness=0.5982
epoch 27/50 iter 1020/1860 loss=0.7268 mean_loss=0.7287 classification=0.0425, bbox_regression=0.0718, bbox_ctrness=0.6125
epoch 27/50 iter 1040/1860 loss=0.6891 mean_loss=0.7296 classification=0.0069, bbox_regression=0.0650, bbox_ctrness=0.6172
epoch 27/50 iter 1060/1860 loss=0.6963 mean_loss=0.7294 classification=0.0274, bbox_regression=0.0681, bbox_ctrness=0.6008
epoch 27/50 iter 1080/1860 loss=0.8278 mean_loss=0.7299 classification=0.1099, bbox_regression=0.1128, bbox_ctrness=0.6051
epoch 27/50 iter 1100/1860 loss=0.6730 mean_loss=0.7302 classification=0.0113, bbox_regression=0.0485, bbox_ctrness=0.6132
epoch 27/50 iter 1120/1860 loss=0.6741 mean_loss=0.7299 classification=0.0067, bbox_regression=0.0657, bbox_ctrness=0.6017
epoch 27/50 iter 1140/1860 loss=0.6523 mean_loss=0.7296 classification=0.0055, bbox_regression=0.0483, bbox_ctrness=0.5985
epoch 27/50 iter 1160/1860 loss=0.7060 mean_loss=0.7293 classification=0.0273, bbox_regression=0.0819, bbox_ctrness=0.5968
epoch 27/50 iter 1180/1860 loss=0.7192 mean_loss=0.7287 classification=0.0541, bbox_regression=0.0675, bbox_ctrness=0.5977
epoch 27/50 iter 1200/1860 loss=0.7143 mean_loss=0.7287 classification=0.0273, bbox_regression=0.0767, bbox_ctrness=0.6103
epoch 27/50 iter 1220/1860 loss=0.6705 mean_loss=0.7285 classification=0.0072, bbox_regression=0.0535, bbox_ctrness=0.6097
epoch 27/50 iter 1240/1860 loss=0.8193 mean_loss=0.7289 classification=0.0917, bbox_regression=0.1090, bbox_ctrness=0.6185
epoch 27/50 iter 1260/1860 loss=0.6559 mean_loss=0.7289 classification=0.0177, bbox_regression=0.0459, bbox_ctrness=0.5922
epoch 27/50 iter 1280/1860 loss=0.6715 mean_loss=0.7286 classification=0.0135, bbox_regression=0.0575, bbox_ctrness=0.6006
epoch 27/50 iter 1300/1860 loss=0.6954 mean_loss=0.7282 classification=0.0381, bbox_regression=0.0640, bbox_ctrness=0.5933
epoch 27/50 iter 1320/1860 loss=0.8250 mean_loss=0.7287 classification=0.1116, bbox_regression=0.1154, bbox_ctrness=0.5980
epoch 27/50 iter 1340/1860 loss=0.7067 mean_loss=0.7286 classification=0.0331, bbox_regression=0.0730, bbox_ctrness=0.6006
epoch 27/50 iter 1360/1860 loss=0.6850 mean_loss=0.7280 classification=0.0262, bbox_regression=0.0723, bbox_ctrness=0.5866
epoch 27/50 iter 1380/1860 loss=0.6954 mean_loss=0.7284 classification=0.0244, bbox_regression=0.0713, bbox_ctrness=0.5997
epoch 27/50 iter 1400/1860 loss=0.6656 mean_loss=0.7281 classification=0.0068, bbox_regression=0.0537, bbox_ctrness=0.6051
epoch 27/50 iter 1420/1860 loss=0.6764 mean_loss=0.7280 classification=0.0041, bbox_regression=0.0613, bbox_ctrness=0.6110
epoch 27/50 iter 1440/1860 loss=0.7283 mean_loss=0.7285 classification=0.0580, bbox_regression=0.0691, bbox_ctrness=0.6012
epoch 27/50 iter 1460/1860 loss=0.7546 mean_loss=0.7288 classification=0.0506, bbox_regression=0.1059, bbox_ctrness=0.5980
epoch 27/50 iter 1480/1860 loss=0.6783 mean_loss=0.7289 classification=0.0313, bbox_regression=0.0581, bbox_ctrness=0.5889
epoch 27/50 iter 1500/1860 loss=0.7557 mean_loss=0.7292 classification=0.0487, bbox_regression=0.0916, bbox_ctrness=0.6154
epoch 27/50 iter 1520/1860 loss=0.6674 mean_loss=0.7291 classification=0.0068, bbox_regression=0.0576, bbox_ctrness=0.6030
epoch 27/50 iter 1540/1860 loss=0.6795 mean_loss=0.7293 classification=0.0092, bbox_regression=0.0755, bbox_ctrness=0.5948
epoch 27/50 iter 1560/1860 loss=0.6988 mean_loss=0.7292 classification=0.0409, bbox_regression=0.0662, bbox_ctrness=0.5917
epoch 27/50 iter 1580/1860 loss=0.7570 mean_loss=0.7293 classification=0.0591, bbox_regression=0.1001, bbox_ctrness=0.5978
epoch 27/50 iter 1600/1860 loss=0.7028 mean_loss=0.7291 classification=0.0259, bbox_regression=0.0763, bbox_ctrness=0.6006
epoch 27/50 iter 1620/1860 loss=0.6785 mean_loss=0.7287 classification=0.0209, bbox_regression=0.0794, bbox_ctrness=0.5782
epoch 27/50 iter 1640/1860 loss=0.9774 mean_loss=0.7291 classification=0.1813, bbox_regression=0.1717, bbox_ctrness=0.6243
epoch 27/50 iter 1660/1860 loss=0.6537 mean_loss=0.7290 classification=0.0096, bbox_regression=0.0596, bbox_ctrness=0.5845
epoch 27/50 iter 1680/1860 loss=0.6857 mean_loss=0.7291 classification=0.0305, bbox_regression=0.0602, bbox_ctrness=0.5949
epoch 27/50 iter 1700/1860 loss=0.7531 mean_loss=0.7293 classification=0.0838, bbox_regression=0.0792, bbox_ctrness=0.5902
epoch 27/50 iter 1720/1860 loss=0.8217 mean_loss=0.7293 classification=0.1284, bbox_regression=0.1057, bbox_ctrness=0.5876
epoch 27/50 iter 1740/1860 loss=0.6595 mean_loss=0.7294 classification=0.0123, bbox_regression=0.0575, bbox_ctrness=0.5897
epoch 27/50 iter 1760/1860 loss=0.7441 mean_loss=0.7289 classification=0.0359, bbox_regression=0.0855, bbox_ctrness=0.6226
epoch 27/50 iter 1780/1860 loss=0.6741 mean_loss=0.7284 classification=0.0226, bbox_regression=0.0646, bbox_ctrness=0.5870
epoch 27/50 iter 1800/1860 loss=0.6802 mean_loss=0.7288 classification=0.0102, bbox_regression=0.0604, bbox_ctrness=0.6096
epoch 27/50 iter 1820/1860 loss=0.6931 mean_loss=0.7287 classification=0.0156, bbox_regression=0.0600, bbox_ctrness=0.6175
epoch 27/50 iter 1840/1860 loss=0.6818 mean_loss=0.7284 classification=0.0030, bbox_regression=0.0716, bbox_ctrness=0.6072
epoch 27/50 iter 1860/1860 loss=0.7022 mean_loss=0.7283 classification=0.0231, bbox_regression=0.0648, bbox_ctrness=0.6143
epoch 27 validation Precision=0.5812 Recall=0.9576 AP50=0.9353 AP75=0.8517 eval_fps=18.40 epoch_time_sec=867.0
saved checkpoint: E:\RepViT-main\runs\v48_complete_ablation\training\early_moddrop_seed1\weights\last.pt
epoch 28/50 iter 1/1860 loss=0.7429 mean_loss=0.7429 classification=0.0708, bbox_regression=0.0729, bbox_ctrness=0.5992
epoch 28/50 iter 20/1860 loss=0.6390 mean_loss=0.7011 classification=0.0115, bbox_regression=0.0602, bbox_ctrness=0.5673
epoch 28/50 iter 40/1860 loss=0.6815 mean_loss=0.7152 classification=0.0210, bbox_regression=0.0639, bbox_ctrness=0.5966
epoch 28/50 iter 60/1860 loss=0.8069 mean_loss=0.7109 classification=0.0829, bbox_regression=0.1184, bbox_ctrness=0.6056
epoch 28/50 iter 80/1860 loss=0.9224 mean_loss=0.7223 classification=0.1234, bbox_regression=0.1750, bbox_ctrness=0.6241
epoch 28/50 iter 100/1860 loss=0.8412 mean_loss=0.7250 classification=0.1155, bbox_regression=0.1227, bbox_ctrness=0.6030
epoch 28/50 iter 120/1860 loss=0.7317 mean_loss=0.7252 classification=0.0312, bbox_regression=0.0760, bbox_ctrness=0.6245
epoch 28/50 iter 140/1860 loss=0.6751 mean_loss=0.7250 classification=0.0181, bbox_regression=0.0642, bbox_ctrness=0.5927
epoch 28/50 iter 160/1860 loss=0.6673 mean_loss=0.7213 classification=0.0063, bbox_regression=0.0591, bbox_ctrness=0.6019
epoch 28/50 iter 180/1860 loss=0.7125 mean_loss=0.7197 classification=0.0361, bbox_regression=0.0863, bbox_ctrness=0.5902
epoch 28/50 iter 200/1860 loss=0.6538 mean_loss=0.7228 classification=0.0114, bbox_regression=0.0442, bbox_ctrness=0.5982
epoch 28/50 iter 220/1860 loss=0.6780 mean_loss=0.7238 classification=0.0125, bbox_regression=0.0515, bbox_ctrness=0.6141
epoch 28/50 iter 240/1860 loss=0.6561 mean_loss=0.7236 classification=0.0116, bbox_regression=0.0539, bbox_ctrness=0.5906
epoch 28/50 iter 260/1860 loss=0.7920 mean_loss=0.7234 classification=0.0655, bbox_regression=0.1050, bbox_ctrness=0.6215
epoch 28/50 iter 280/1860 loss=0.8040 mean_loss=0.7237 classification=0.0779, bbox_regression=0.1081, bbox_ctrness=0.6180
epoch 28/50 iter 300/1860 loss=0.7156 mean_loss=0.7237 classification=0.0547, bbox_regression=0.0556, bbox_ctrness=0.6053
epoch 28/50 iter 320/1860 loss=0.8167 mean_loss=0.7253 classification=0.0744, bbox_regression=0.1342, bbox_ctrness=0.6081
epoch 28/50 iter 340/1860 loss=0.6837 mean_loss=0.7243 classification=0.0249, bbox_regression=0.0644, bbox_ctrness=0.5943
epoch 28/50 iter 360/1860 loss=0.7314 mean_loss=0.7237 classification=0.0425, bbox_regression=0.0848, bbox_ctrness=0.6041
epoch 28/50 iter 380/1860 loss=0.7008 mean_loss=0.7223 classification=0.0377, bbox_regression=0.0622, bbox_ctrness=0.6009
epoch 28/50 iter 400/1860 loss=0.8606 mean_loss=0.7217 classification=0.1211, bbox_regression=0.1193, bbox_ctrness=0.6202
epoch 28/50 iter 420/1860 loss=0.6547 mean_loss=0.7202 classification=0.0060, bbox_regression=0.0470, bbox_ctrness=0.6018
epoch 28/50 iter 440/1860 loss=0.7334 mean_loss=0.7200 classification=0.0573, bbox_regression=0.0776, bbox_ctrness=0.5985
epoch 28/50 iter 460/1860 loss=0.7055 mean_loss=0.7194 classification=0.0340, bbox_regression=0.0662, bbox_ctrness=0.6054
epoch 28/50 iter 480/1860 loss=0.9280 mean_loss=0.7205 classification=0.1633, bbox_regression=0.1512, bbox_ctrness=0.6135
epoch 28/50 iter 500/1860 loss=0.7224 mean_loss=0.7196 classification=0.0214, bbox_regression=0.0889, bbox_ctrness=0.6121
epoch 28/50 iter 520/1860 loss=0.8610 mean_loss=0.7226 classification=0.1263, bbox_regression=0.1353, bbox_ctrness=0.5995
epoch 28/50 iter 540/1860 loss=0.7168 mean_loss=0.7248 classification=0.0337, bbox_regression=0.0662, bbox_ctrness=0.6170
epoch 28/50 iter 560/1860 loss=0.6993 mean_loss=0.7237 classification=0.0105, bbox_regression=0.0768, bbox_ctrness=0.6120
epoch 28/50 iter 580/1860 loss=0.7015 mean_loss=0.7233 classification=0.0378, bbox_regression=0.0548, bbox_ctrness=0.6089
epoch 28/50 iter 600/1860 loss=0.7844 mean_loss=0.7226 classification=0.0815, bbox_regression=0.0977, bbox_ctrness=0.6052
epoch 28/50 iter 620/1860 loss=0.7859 mean_loss=0.7227 classification=0.0963, bbox_regression=0.0866, bbox_ctrness=0.6030
epoch 28/50 iter 640/1860 loss=0.7738 mean_loss=0.7232 classification=0.0866, bbox_regression=0.0986, bbox_ctrness=0.5886
epoch 28/50 iter 660/1860 loss=0.6955 mean_loss=0.7236 classification=0.0354, bbox_regression=0.0507, bbox_ctrness=0.6094
epoch 28/50 iter 680/1860 loss=0.6571 mean_loss=0.7230 classification=0.0084, bbox_regression=0.0411, bbox_ctrness=0.6076
epoch 28/50 iter 700/1860 loss=0.6987 mean_loss=0.7232 classification=0.0365, bbox_regression=0.0786, bbox_ctrness=0.5836
epoch 28/50 iter 720/1860 loss=0.6798 mean_loss=0.7230 classification=0.0216, bbox_regression=0.0608, bbox_ctrness=0.5975
epoch 28/50 iter 740/1860 loss=0.7213 mean_loss=0.7232 classification=0.0562, bbox_regression=0.0564, bbox_ctrness=0.6087
epoch 28/50 iter 760/1860 loss=0.6711 mean_loss=0.7235 classification=0.0115, bbox_regression=0.0528, bbox_ctrness=0.6068
epoch 28/50 iter 780/1860 loss=0.8889 mean_loss=0.7237 classification=0.1401, bbox_regression=0.1405, bbox_ctrness=0.6083
epoch 28/50 iter 800/1860 loss=0.9365 mean_loss=0.7236 classification=0.1394, bbox_regression=0.1671, bbox_ctrness=0.6300
epoch 28/50 iter 820/1860 loss=0.6824 mean_loss=0.7237 classification=0.0174, bbox_regression=0.0739, bbox_ctrness=0.5910
epoch 28/50 iter 840/1860 loss=0.7772 mean_loss=0.7241 classification=0.0843, bbox_regression=0.0977, bbox_ctrness=0.5953
epoch 28/50 iter 860/1860 loss=0.6729 mean_loss=0.7244 classification=0.0108, bbox_regression=0.0555, bbox_ctrness=0.6066
epoch 28/50 iter 880/1860 loss=0.6853 mean_loss=0.7236 classification=0.0207, bbox_regression=0.0666, bbox_ctrness=0.5980
epoch 28/50 iter 900/1860 loss=0.6672 mean_loss=0.7229 classification=0.0261, bbox_regression=0.0440, bbox_ctrness=0.5971
epoch 28/50 iter 920/1860 loss=0.7521 mean_loss=0.7239 classification=0.0894, bbox_regression=0.0811, bbox_ctrness=0.5817
epoch 28/50 iter 940/1860 loss=0.7001 mean_loss=0.7238 classification=0.0200, bbox_regression=0.0763, bbox_ctrness=0.6039
epoch 28/50 iter 960/1860 loss=0.6621 mean_loss=0.7235 classification=0.0255, bbox_regression=0.0575, bbox_ctrness=0.5792
epoch 28/50 iter 980/1860 loss=0.7145 mean_loss=0.7237 classification=0.0362, bbox_regression=0.0690, bbox_ctrness=0.6093
epoch 28/50 iter 1000/1860 loss=0.6889 mean_loss=0.7242 classification=0.0176, bbox_regression=0.0574, bbox_ctrness=0.6139
epoch 28/50 iter 1020/1860 loss=0.6770 mean_loss=0.7238 classification=0.0169, bbox_regression=0.0572, bbox_ctrness=0.6029
epoch 28/50 iter 1040/1860 loss=0.6754 mean_loss=0.7249 classification=0.0144, bbox_regression=0.0544, bbox_ctrness=0.6066
epoch 28/50 iter 1060/1860 loss=0.7054 mean_loss=0.7247 classification=0.0335, bbox_regression=0.0837, bbox_ctrness=0.5882
epoch 28/50 iter 1080/1860 loss=0.6497 mean_loss=0.7252 classification=0.0091, bbox_regression=0.0429, bbox_ctrness=0.5976
epoch 28/50 iter 1100/1860 loss=0.6991 mean_loss=0.7252 classification=0.0213, bbox_regression=0.0584, bbox_ctrness=0.6194
epoch 28/50 iter 1120/1860 loss=0.9754 mean_loss=0.7250 classification=0.1737, bbox_regression=0.1869, bbox_ctrness=0.6148
epoch 28/50 iter 1140/1860 loss=0.6677 mean_loss=0.7251 classification=0.0209, bbox_regression=0.0598, bbox_ctrness=0.5869
epoch 28/50 iter 1160/1860 loss=0.6499 mean_loss=0.7248 classification=0.0144, bbox_regression=0.0661, bbox_ctrness=0.5693
epoch 28/50 iter 1180/1860 loss=0.7418 mean_loss=0.7240 classification=0.0351, bbox_regression=0.1003, bbox_ctrness=0.6064
epoch 28/50 iter 1200/1860 loss=0.6647 mean_loss=0.7237 classification=0.0153, bbox_regression=0.0670, bbox_ctrness=0.5824
epoch 28/50 iter 1220/1860 loss=0.7865 mean_loss=0.7240 classification=0.0779, bbox_regression=0.1067, bbox_ctrness=0.6019
epoch 28/50 iter 1240/1860 loss=0.6942 mean_loss=0.7238 classification=0.0246, bbox_regression=0.0824, bbox_ctrness=0.5872
epoch 28/50 iter 1260/1860 loss=0.7597 mean_loss=0.7235 classification=0.0458, bbox_regression=0.1154, bbox_ctrness=0.5985
epoch 28/50 iter 1280/1860 loss=0.7408 mean_loss=0.7235 classification=0.0614, bbox_regression=0.0847, bbox_ctrness=0.5947
epoch 28/50 iter 1300/1860 loss=0.6894 mean_loss=0.7229 classification=0.0121, bbox_regression=0.0672, bbox_ctrness=0.6102
epoch 28/50 iter 1320/1860 loss=0.8255 mean_loss=0.7234 classification=0.0940, bbox_regression=0.1235, bbox_ctrness=0.6080
epoch 28/50 iter 1340/1860 loss=0.9102 mean_loss=0.7243 classification=0.1860, bbox_regression=0.1227, bbox_ctrness=0.6015
epoch 28/50 iter 1360/1860 loss=0.6496 mean_loss=0.7239 classification=0.0087, bbox_regression=0.0494, bbox_ctrness=0.5915
epoch 28/50 iter 1380/1860 loss=0.8736 mean_loss=0.7242 classification=0.1258, bbox_regression=0.1308, bbox_ctrness=0.6171
epoch 28/50 iter 1400/1860 loss=0.6662 mean_loss=0.7242 classification=0.0143, bbox_regression=0.0547, bbox_ctrness=0.5973
epoch 28/50 iter 1420/1860 loss=0.8205 mean_loss=0.7243 classification=0.0936, bbox_regression=0.1250, bbox_ctrness=0.6019
epoch 28/50 iter 1440/1860 loss=0.7138 mean_loss=0.7240 classification=0.0312, bbox_regression=0.0720, bbox_ctrness=0.6106
epoch 28/50 iter 1460/1860 loss=0.7008 mean_loss=0.7247 classification=0.0287, bbox_regression=0.0801, bbox_ctrness=0.5920
epoch 28/50 iter 1480/1860 loss=0.6807 mean_loss=0.7249 classification=0.0296, bbox_regression=0.0617, bbox_ctrness=0.5894
epoch 28/50 iter 1500/1860 loss=0.6719 mean_loss=0.7255 classification=0.0271, bbox_regression=0.0565, bbox_ctrness=0.5884
epoch 28/50 iter 1520/1860 loss=0.6944 mean_loss=0.7258 classification=0.0356, bbox_regression=0.0639, bbox_ctrness=0.5949
epoch 28/50 iter 1540/1860 loss=0.7049 mean_loss=0.7263 classification=0.0208, bbox_regression=0.0714, bbox_ctrness=0.6127
epoch 28/50 iter 1560/1860 loss=0.6990 mean_loss=0.7261 classification=0.0336, bbox_regression=0.0723, bbox_ctrness=0.5931
epoch 28/50 iter 1580/1860 loss=1.0918 mean_loss=0.7266 classification=0.2480, bbox_regression=0.2077, bbox_ctrness=0.6361
epoch 28/50 iter 1600/1860 loss=0.7303 mean_loss=0.7267 classification=0.0655, bbox_regression=0.0825, bbox_ctrness=0.5823
epoch 28/50 iter 1620/1860 loss=0.6841 mean_loss=0.7272 classification=0.0284, bbox_regression=0.0619, bbox_ctrness=0.5938
epoch 28/50 iter 1640/1860 loss=0.6928 mean_loss=0.7274 classification=0.0275, bbox_regression=0.0617, bbox_ctrness=0.6036
epoch 28/50 iter 1660/1860 loss=0.6673 mean_loss=0.7275 classification=0.0107, bbox_regression=0.0489, bbox_ctrness=0.6077
epoch 28/50 iter 1680/1860 loss=0.6669 mean_loss=0.7273 classification=0.0187, bbox_regression=0.0552, bbox_ctrness=0.5929
epoch 28/50 iter 1700/1860 loss=0.6881 mean_loss=0.7271 classification=0.0108, bbox_regression=0.0613, bbox_ctrness=0.6160
epoch 28/50 iter 1720/1860 loss=0.6810 mean_loss=0.7272 classification=0.0083, bbox_regression=0.0553, bbox_ctrness=0.6174
epoch 28/50 iter 1740/1860 loss=0.6641 mean_loss=0.7269 classification=0.0174, bbox_regression=0.0592, bbox_ctrness=0.5875
epoch 28/50 iter 1760/1860 loss=0.8507 mean_loss=0.7268 classification=0.1034, bbox_regression=0.1294, bbox_ctrness=0.6179
epoch 28/50 iter 1780/1860 loss=0.6477 mean_loss=0.7266 classification=0.0079, bbox_regression=0.0556, bbox_ctrness=0.5842
epoch 28/50 iter 1800/1860 loss=0.6741 mean_loss=0.7266 classification=0.0095, bbox_regression=0.0716, bbox_ctrness=0.5930
epoch 28/50 iter 1820/1860 loss=0.7245 mean_loss=0.7265 classification=0.0322, bbox_regression=0.0883, bbox_ctrness=0.6039
epoch 28/50 iter 1840/1860 loss=0.6924 mean_loss=0.7262 classification=0.0166, bbox_regression=0.0566, bbox_ctrness=0.6192
epoch 28/50 iter 1860/1860 loss=0.6526 mean_loss=0.7259 classification=0.0178, bbox_regression=0.0572, bbox_ctrness=0.5777
epoch 28 validation Precision=0.6451 Recall=0.9468 AP50=0.9253 AP75=0.8480 eval_fps=21.61 epoch_time_sec=875.1
saved checkpoint: E:\RepViT-main\runs\v48_complete_ablation\training\early_moddrop_seed1\weights\last.pt
epoch 29/50 iter 1/1860 loss=0.8036 mean_loss=0.8036 classification=0.0758, bbox_regression=0.1032, bbox_ctrness=0.6246
epoch 29/50 iter 20/1860 loss=0.6634 mean_loss=0.7572 classification=0.0111, bbox_regression=0.0473, bbox_ctrness=0.6049
epoch 29/50 iter 40/1860 loss=0.7278 mean_loss=0.7247 classification=0.0321, bbox_regression=0.0806, bbox_ctrness=0.6151
epoch 29/50 iter 60/1860 loss=1.0125 mean_loss=0.7270 classification=0.2107, bbox_regression=0.2007, bbox_ctrness=0.6011
epoch 29/50 iter 80/1860 loss=0.7456 mean_loss=0.7254 classification=0.0912, bbox_regression=0.0538, bbox_ctrness=0.6006
epoch 29/50 iter 100/1860 loss=0.7966 mean_loss=0.7335 classification=0.0416, bbox_regression=0.1291, bbox_ctrness=0.6259
epoch 29/50 iter 120/1860 loss=0.6825 mean_loss=0.7301 classification=0.0335, bbox_regression=0.0591, bbox_ctrness=0.5900
epoch 29/50 iter 140/1860 loss=0.6764 mean_loss=0.7238 classification=0.0046, bbox_regression=0.0617, bbox_ctrness=0.6101
epoch 29/50 iter 160/1860 loss=0.7641 mean_loss=0.7227 classification=0.0625, bbox_regression=0.1039, bbox_ctrness=0.5977
epoch 29/50 iter 180/1860 loss=0.7154 mean_loss=0.7214 classification=0.0296, bbox_regression=0.0822, bbox_ctrness=0.6035
epoch 29/50 iter 200/1860 loss=0.6653 mean_loss=0.7190 classification=0.0120, bbox_regression=0.0529, bbox_ctrness=0.6004
epoch 29/50 iter 220/1860 loss=0.6733 mean_loss=0.7181 classification=0.0088, bbox_regression=0.0659, bbox_ctrness=0.5986
epoch 29/50 iter 240/1860 loss=0.6534 mean_loss=0.7179 classification=0.0127, bbox_regression=0.0516, bbox_ctrness=0.5891
epoch 29/50 iter 260/1860 loss=0.6845 mean_loss=0.7169 classification=0.0131, bbox_regression=0.0671, bbox_ctrness=0.6043
epoch 29/50 iter 280/1860 loss=0.6634 mean_loss=0.7160 classification=0.0056, bbox_regression=0.0452, bbox_ctrness=0.6126
epoch 29/50 iter 300/1860 loss=0.6512 mean_loss=0.7192 classification=0.0043, bbox_regression=0.0530, bbox_ctrness=0.5939
epoch 29/50 iter 320/1860 loss=0.6859 mean_loss=0.7221 classification=0.0165, bbox_regression=0.0704, bbox_ctrness=0.5989
epoch 29/50 iter 340/1860 loss=0.6765 mean_loss=0.7199 classification=0.0395, bbox_regression=0.0458, bbox_ctrness=0.5912
epoch 29/50 iter 360/1860 loss=0.8235 mean_loss=0.7203 classification=0.1103, bbox_regression=0.1112, bbox_ctrness=0.6020
epoch 29/50 iter 380/1860 loss=0.7641 mean_loss=0.7198 classification=0.0396, bbox_regression=0.1002, bbox_ctrness=0.6243
epoch 29/50 iter 400/1860 loss=0.6650 mean_loss=0.7201 classification=0.0057, bbox_regression=0.0495, bbox_ctrness=0.6098
epoch 29/50 iter 420/1860 loss=0.7119 mean_loss=0.7212 classification=0.0157, bbox_regression=0.0884, bbox_ctrness=0.6078
epoch 29/50 iter 440/1860 loss=0.6627 mean_loss=0.7207 classification=0.0222, bbox_regression=0.0548, bbox_ctrness=0.5857
epoch 29/50 iter 460/1860 loss=0.6263 mean_loss=0.7213 classification=0.0090, bbox_regression=0.0417, bbox_ctrness=0.5757
epoch 29/50 iter 480/1860 loss=0.7037 mean_loss=0.7209 classification=0.0213, bbox_regression=0.0836, bbox_ctrness=0.5988
epoch 29/50 iter 500/1860 loss=0.6602 mean_loss=0.7210 classification=0.0067, bbox_regression=0.0444, bbox_ctrness=0.6091
epoch 29/50 iter 520/1860 loss=0.6543 mean_loss=0.7210 classification=0.0080, bbox_regression=0.0491, bbox_ctrness=0.5973
epoch 29/50 iter 540/1860 loss=0.6805 mean_loss=0.7212 classification=0.0199, bbox_regression=0.0545, bbox_ctrness=0.6061
epoch 29/50 iter 560/1860 loss=0.6509 mean_loss=0.7207 classification=0.0044, bbox_regression=0.0504, bbox_ctrness=0.5961
epoch 29/50 iter 580/1860 loss=0.8600 mean_loss=0.7219 classification=0.1082, bbox_regression=0.1344, bbox_ctrness=0.6174
epoch 29/50 iter 600/1860 loss=0.6804 mean_loss=0.7225 classification=0.0138, bbox_regression=0.0746, bbox_ctrness=0.5920
epoch 29/50 iter 620/1860 loss=0.7372 mean_loss=0.7220 classification=0.0435, bbox_regression=0.0863, bbox_ctrness=0.6074
epoch 29/50 iter 640/1860 loss=0.7875 mean_loss=0.7224 classification=0.0801, bbox_regression=0.0832, bbox_ctrness=0.6243
epoch 29/50 iter 660/1860 loss=0.6622 mean_loss=0.7235 classification=0.0091, bbox_regression=0.0648, bbox_ctrness=0.5883
epoch 29/50 iter 680/1860 loss=0.7062 mean_loss=0.7231 classification=0.0155, bbox_regression=0.0682, bbox_ctrness=0.6226
epoch 29/50 iter 700/1860 loss=0.6713 mean_loss=0.7229 classification=0.0195, bbox_regression=0.0646, bbox_ctrness=0.5871
epoch 29/50 iter 720/1860 loss=0.7721 mean_loss=0.7246 classification=0.0585, bbox_regression=0.0969, bbox_ctrness=0.6167
epoch 29/50 iter 740/1860 loss=0.7398 mean_loss=0.7244 classification=0.0624, bbox_regression=0.0722, bbox_ctrness=0.6052
epoch 29/50 iter 760/1860 loss=0.7341 mean_loss=0.7243 classification=0.0425, bbox_regression=0.1016, bbox_ctrness=0.5900
epoch 29/50 iter 780/1860 loss=0.7175 mean_loss=0.7247 classification=0.0358, bbox_regression=0.0783, bbox_ctrness=0.6034
epoch 29/50 iter 800/1860 loss=0.7159 mean_loss=0.7244 classification=0.0348, bbox_regression=0.0841, bbox_ctrness=0.5971
epoch 29/50 iter 820/1860 loss=0.6975 mean_loss=0.7243 classification=0.0230, bbox_regression=0.0747, bbox_ctrness=0.5997
epoch 29/50 iter 840/1860 loss=1.0199 mean_loss=0.7248 classification=0.2061, bbox_regression=0.1944, bbox_ctrness=0.6193
epoch 29/50 iter 860/1860 loss=0.6987 mean_loss=0.7244 classification=0.0174, bbox_regression=0.0736, bbox_ctrness=0.6078
epoch 29/50 iter 880/1860 loss=0.8009 mean_loss=0.7245 classification=0.0898, bbox_regression=0.0923, bbox_ctrness=0.6187
epoch 29/50 iter 900/1860 loss=0.7053 mean_loss=0.7243 classification=0.0326, bbox_regression=0.0756, bbox_ctrness=0.5971
epoch 29/50 iter 920/1860 loss=0.6468 mean_loss=0.7238 classification=0.0071, bbox_regression=0.0546, bbox_ctrness=0.5852
epoch 29/50 iter 940/1860 loss=0.6671 mean_loss=0.7235 classification=0.0179, bbox_regression=0.0557, bbox_ctrness=0.5935
epoch 29/50 iter 960/1860 loss=0.6837 mean_loss=0.7231 classification=0.0242, bbox_regression=0.0669, bbox_ctrness=0.5927
epoch 29/50 iter 980/1860 loss=0.7027 mean_loss=0.7239 classification=0.0555, bbox_regression=0.0587, bbox_ctrness=0.5885
epoch 29/50 iter 1000/1860 loss=0.6771 mean_loss=0.7239 classification=0.0031, bbox_regression=0.0682, bbox_ctrness=0.6058
epoch 29/50 iter 1020/1860 loss=0.8050 mean_loss=0.7239 classification=0.0699, bbox_regression=0.1169, bbox_ctrness=0.6182
epoch 29/50 iter 1040/1860 loss=0.6826 mean_loss=0.7242 classification=0.0069, bbox_regression=0.0671, bbox_ctrness=0.6086
epoch 29/50 iter 1060/1860 loss=0.6604 mean_loss=0.7252 classification=0.0128, bbox_regression=0.0614, bbox_ctrness=0.5862
epoch 29/50 iter 1080/1860 loss=0.7874 mean_loss=0.7254 classification=0.0590, bbox_regression=0.1228, bbox_ctrness=0.6055
epoch 29/50 iter 1100/1860 loss=0.6839 mean_loss=0.7255 classification=0.0252, bbox_regression=0.0647, bbox_ctrness=0.5940
epoch 29/50 iter 1120/1860 loss=0.7350 mean_loss=0.7259 classification=0.0630, bbox_regression=0.0764, bbox_ctrness=0.5956
epoch 29/50 iter 1140/1860 loss=0.7384 mean_loss=0.7264 classification=0.0437, bbox_regression=0.0832, bbox_ctrness=0.6115
epoch 29/50 iter 1160/1860 loss=0.7685 mean_loss=0.7260 classification=0.0787, bbox_regression=0.0994, bbox_ctrness=0.5903
epoch 29/50 iter 1180/1860 loss=0.6735 mean_loss=0.7257 classification=0.0129, bbox_regression=0.0521, bbox_ctrness=0.6086
epoch 29/50 iter 1200/1860 loss=0.7833 mean_loss=0.7258 classification=0.0542, bbox_regression=0.1093, bbox_ctrness=0.6198
epoch 29/50 iter 1220/1860 loss=0.6787 mean_loss=0.7253 classification=0.0153, bbox_regression=0.0703, bbox_ctrness=0.5932
epoch 29/50 iter 1240/1860 loss=0.7484 mean_loss=0.7262 classification=0.0592, bbox_regression=0.0861, bbox_ctrness=0.6031
epoch 29/50 iter 1260/1860 loss=0.7088 mean_loss=0.7259 classification=0.0465, bbox_regression=0.0636, bbox_ctrness=0.5987
epoch 29/50 iter 1280/1860 loss=0.7760 mean_loss=0.7259 classification=0.0565, bbox_regression=0.1182, bbox_ctrness=0.6013
epoch 29/50 iter 1300/1860 loss=0.6814 mean_loss=0.7260 classification=0.0129, bbox_regression=0.0714, bbox_ctrness=0.5971
epoch 29/50 iter 1320/1860 loss=0.6586 mean_loss=0.7262 classification=0.0248, bbox_regression=0.0455, bbox_ctrness=0.5883
epoch 29/50 iter 1340/1860 loss=0.6836 mean_loss=0.7271 classification=0.0183, bbox_regression=0.0600, bbox_ctrness=0.6053
epoch 29/50 iter 1360/1860 loss=0.6436 mean_loss=0.7273 classification=0.0084, bbox_regression=0.0433, bbox_ctrness=0.5920
epoch 29/50 iter 1380/1860 loss=0.7228 mean_loss=0.7285 classification=0.0486, bbox_regression=0.0817, bbox_ctrness=0.5925
epoch 29/50 iter 1400/1860 loss=0.7111 mean_loss=0.7281 classification=0.0415, bbox_regression=0.0672, bbox_ctrness=0.6024
epoch 29/50 iter 1420/1860 loss=0.7003 mean_loss=0.7279 classification=0.0216, bbox_regression=0.0759, bbox_ctrness=0.6029
epoch 29/50 iter 1440/1860 loss=0.6876 mean_loss=0.7281 classification=0.0234, bbox_regression=0.0647, bbox_ctrness=0.5995
epoch 29/50 iter 1460/1860 loss=0.6938 mean_loss=0.7280 classification=0.0347, bbox_regression=0.0667, bbox_ctrness=0.5924
epoch 29/50 iter 1480/1860 loss=0.6840 mean_loss=0.7276 classification=0.0049, bbox_regression=0.0732, bbox_ctrness=0.6059
epoch 29/50 iter 1500/1860 loss=0.8757 mean_loss=0.7277 classification=0.1490, bbox_regression=0.1080, bbox_ctrness=0.6187
epoch 29/50 iter 1520/1860 loss=0.8230 mean_loss=0.7282 classification=0.0865, bbox_regression=0.1251, bbox_ctrness=0.6115
epoch 29/50 iter 1540/1860 loss=0.6730 mean_loss=0.7282 classification=0.0082, bbox_regression=0.0543, bbox_ctrness=0.6105
epoch 29/50 iter 1560/1860 loss=0.7198 mean_loss=0.7279 classification=0.0270, bbox_regression=0.0780, bbox_ctrness=0.6148
epoch 29/50 iter 1580/1860 loss=0.8441 mean_loss=0.7277 classification=0.1293, bbox_regression=0.1074, bbox_ctrness=0.6074
epoch 29/50 iter 1600/1860 loss=0.6598 mean_loss=0.7275 classification=0.0078, bbox_regression=0.0585, bbox_ctrness=0.5936
epoch 29/50 iter 1620/1860 loss=0.6681 mean_loss=0.7275 classification=0.0028, bbox_regression=0.0548, bbox_ctrness=0.6105
epoch 29/50 iter 1640/1860 loss=0.6694 mean_loss=0.7275 classification=0.0071, bbox_regression=0.0534, bbox_ctrness=0.6090
epoch 29/50 iter 1660/1860 loss=0.6707 mean_loss=0.7275 classification=0.0210, bbox_regression=0.0580, bbox_ctrness=0.5917
epoch 29/50 iter 1680/1860 loss=0.9210 mean_loss=0.7272 classification=0.1913, bbox_regression=0.1020, bbox_ctrness=0.6277
epoch 29/50 iter 1700/1860 loss=0.6995 mean_loss=0.7271 classification=0.0157, bbox_regression=0.0752, bbox_ctrness=0.6086
epoch 29/50 iter 1720/1860 loss=0.9521 mean_loss=0.7271 classification=0.1765, bbox_regression=0.1714, bbox_ctrness=0.6043
epoch 29/50 iter 1740/1860 loss=0.7395 mean_loss=0.7271 classification=0.0397, bbox_regression=0.0875, bbox_ctrness=0.6123
epoch 29/50 iter 1760/1860 loss=0.7366 mean_loss=0.7275 classification=0.0293, bbox_regression=0.0963, bbox_ctrness=0.6110
epoch 29/50 iter 1780/1860 loss=0.6566 mean_loss=0.7275 classification=0.0089, bbox_regression=0.0537, bbox_ctrness=0.5939
epoch 29/50 iter 1800/1860 loss=0.6653 mean_loss=0.7274 classification=0.0063, bbox_regression=0.0540, bbox_ctrness=0.6050
epoch 29/50 iter 1820/1860 loss=0.6588 mean_loss=0.7272 classification=0.0002, bbox_regression=0.0477, bbox_ctrness=0.6109
epoch 29/50 iter 1840/1860 loss=0.6950 mean_loss=0.7272 classification=0.0176, bbox_regression=0.0672, bbox_ctrness=0.6102
epoch 29/50 iter 1860/1860 loss=0.6741 mean_loss=0.7270 classification=0.0009, bbox_regression=0.0640, bbox_ctrness=0.6092
epoch 29 validation Precision=0.6805 Recall=0.9390 AP50=0.9203 AP75=0.8410 eval_fps=20.06 epoch_time_sec=873.7
saved checkpoint: E:\RepViT-main\runs\v48_complete_ablation\training\early_moddrop_seed1\weights\last.pt
epoch 30/50 iter 1/1860 loss=0.6709 mean_loss=0.6709 classification=0.0090, bbox_regression=0.0584, bbox_ctrness=0.6036
epoch 30/50 iter 20/1860 loss=0.7450 mean_loss=0.7152 classification=0.0728, bbox_regression=0.0825, bbox_ctrness=0.5897
epoch 30/50 iter 40/1860 loss=0.7113 mean_loss=0.7151 classification=0.0355, bbox_regression=0.0639, bbox_ctrness=0.6119
epoch 30/50 iter 60/1860 loss=0.6897 mean_loss=0.7261 classification=0.0214, bbox_regression=0.0754, bbox_ctrness=0.5930
epoch 30/50 iter 80/1860 loss=1.0317 mean_loss=0.7312 classification=0.1864, bbox_regression=0.2148, bbox_ctrness=0.6305
epoch 30/50 iter 100/1860 loss=0.6492 mean_loss=0.7250 classification=0.0090, bbox_regression=0.0496, bbox_ctrness=0.5906
epoch 30/50 iter 120/1860 loss=0.6912 mean_loss=0.7240 classification=0.0254, bbox_regression=0.0700, bbox_ctrness=0.5958
epoch 30/50 iter 140/1860 loss=0.6459 mean_loss=0.7259 classification=0.0106, bbox_regression=0.0433, bbox_ctrness=0.5921
epoch 30/50 iter 160/1860 loss=0.6947 mean_loss=0.7260 classification=0.0323, bbox_regression=0.0533, bbox_ctrness=0.6091
epoch 30/50 iter 180/1860 loss=0.7658 mean_loss=0.7259 classification=0.0778, bbox_regression=0.0870, bbox_ctrness=0.6010
epoch 30/50 iter 200/1860 loss=0.6553 mean_loss=0.7294 classification=0.0188, bbox_regression=0.0664, bbox_ctrness=0.5701
epoch 30/50 iter 220/1860 loss=0.7549 mean_loss=0.7282 classification=0.0387, bbox_regression=0.1003, bbox_ctrness=0.6160
epoch 30/50 iter 240/1860 loss=0.6709 mean_loss=0.7286 classification=0.0166, bbox_regression=0.0554, bbox_ctrness=0.5990
epoch 30/50 iter 260/1860 loss=0.6413 mean_loss=0.7249 classification=0.0029, bbox_regression=0.0503, bbox_ctrness=0.5882
epoch 30/50 iter 280/1860 loss=0.6797 mean_loss=0.7225 classification=0.0102, bbox_regression=0.0638, bbox_ctrness=0.6057
epoch 30/50 iter 300/1860 loss=0.7233 mean_loss=0.7209 classification=0.0680, bbox_regression=0.0670, bbox_ctrness=0.5883
epoch 30/50 iter 320/1860 loss=0.8561 mean_loss=0.7231 classification=0.1312, bbox_regression=0.1134, bbox_ctrness=0.6115
epoch 30/50 iter 340/1860 loss=0.6979 mean_loss=0.7241 classification=0.0350, bbox_regression=0.0716, bbox_ctrness=0.5912
epoch 30/50 iter 360/1860 loss=0.7057 mean_loss=0.7243 classification=0.0267, bbox_regression=0.0712, bbox_ctrness=0.6078
epoch 30/50 iter 380/1860 loss=0.6823 mean_loss=0.7249 classification=0.0148, bbox_regression=0.0577, bbox_ctrness=0.6098
epoch 30/50 iter 400/1860 loss=0.6739 mean_loss=0.7245 classification=0.0103, bbox_regression=0.0619, bbox_ctrness=0.6017
epoch 30/50 iter 420/1860 loss=0.8262 mean_loss=0.7235 classification=0.1583, bbox_regression=0.0488, bbox_ctrness=0.6191
epoch 30/50 iter 440/1860 loss=0.9124 mean_loss=0.7249 classification=0.1111, bbox_regression=0.1745, bbox_ctrness=0.6268
epoch 30/50 iter 460/1860 loss=0.6674 mean_loss=0.7242 classification=0.0095, bbox_regression=0.0616, bbox_ctrness=0.5963
epoch 30/50 iter 480/1860 loss=0.6781 mean_loss=0.7238 classification=0.0225, bbox_regression=0.0657, bbox_ctrness=0.5899
epoch 30/50 iter 500/1860 loss=0.8903 mean_loss=0.7267 classification=0.1674, bbox_regression=0.1211, bbox_ctrness=0.6018
epoch 30/50 iter 520/1860 loss=0.6757 mean_loss=0.7270 classification=0.0162, bbox_regression=0.0542, bbox_ctrness=0.6052
epoch 30/50 iter 540/1860 loss=0.6798 mean_loss=0.7284 classification=0.0124, bbox_regression=0.0672, bbox_ctrness=0.6002
epoch 30/50 iter 560/1860 loss=0.6630 mean_loss=0.7278 classification=0.0007, bbox_regression=0.0495, bbox_ctrness=0.6127
epoch 30/50 iter 580/1860 loss=0.6505 mean_loss=0.7279 classification=0.0085, bbox_regression=0.0523, bbox_ctrness=0.5898
epoch 30/50 iter 600/1860 loss=0.7223 mean_loss=0.7282 classification=0.0309, bbox_regression=0.0886, bbox_ctrness=0.6029
epoch 30/50 iter 620/1860 loss=0.6598 mean_loss=0.7280 classification=0.0068, bbox_regression=0.0432, bbox_ctrness=0.6098
epoch 30/50 iter 640/1860 loss=0.6904 mean_loss=0.7269 classification=0.0315, bbox_regression=0.0669, bbox_ctrness=0.5919
epoch 30/50 iter 660/1860 loss=0.6626 mean_loss=0.7263 classification=0.0071, bbox_regression=0.0507, bbox_ctrness=0.6048
epoch 30/50 iter 680/1860 loss=0.8990 mean_loss=0.7277 classification=0.1442, bbox_regression=0.1366, bbox_ctrness=0.6182
epoch 30/50 iter 700/1860 loss=0.8080 mean_loss=0.7293 classification=0.0913, bbox_regression=0.0967, bbox_ctrness=0.6200
epoch 30/50 iter 720/1860 loss=0.6857 mean_loss=0.7292 classification=0.0256, bbox_regression=0.0557, bbox_ctrness=0.6044
epoch 30/50 iter 740/1860 loss=0.6824 mean_loss=0.7280 classification=0.0220, bbox_regression=0.0747, bbox_ctrness=0.5857
epoch 30/50 iter 760/1860 loss=0.6626 mean_loss=0.7275 classification=0.0005, bbox_regression=0.0560, bbox_ctrness=0.6061
epoch 30/50 iter 780/1860 loss=0.6675 mean_loss=0.7276 classification=0.0177, bbox_regression=0.0466, bbox_ctrness=0.6032
epoch 30/50 iter 800/1860 loss=0.6733 mean_loss=0.7274 classification=0.0066, bbox_regression=0.0600, bbox_ctrness=0.6067
epoch 30/50 iter 820/1860 loss=0.7149 mean_loss=0.7267 classification=0.0314, bbox_regression=0.0854, bbox_ctrness=0.5981
epoch 30/50 iter 840/1860 loss=0.7501 mean_loss=0.7270 classification=0.0718, bbox_regression=0.0852, bbox_ctrness=0.5932
epoch 30/50 iter 860/1860 loss=0.6522 mean_loss=0.7265 classification=0.0035, bbox_regression=0.0499, bbox_ctrness=0.5988
epoch 30/50 iter 880/1860 loss=0.6658 mean_loss=0.7271 classification=0.0220, bbox_regression=0.0579, bbox_ctrness=0.5859
epoch 30/50 iter 900/1860 loss=0.6511 mean_loss=0.7273 classification=0.0065, bbox_regression=0.0515, bbox_ctrness=0.5931
epoch 30/50 iter 920/1860 loss=0.6510 mean_loss=0.7268 classification=0.0068, bbox_regression=0.0603, bbox_ctrness=0.5839
epoch 30/50 iter 940/1860 loss=0.6807 mean_loss=0.7260 classification=0.0216, bbox_regression=0.0573, bbox_ctrness=0.6018
epoch 30/50 iter 960/1860 loss=0.6801 mean_loss=0.7257 classification=0.0201, bbox_regression=0.0597, bbox_ctrness=0.6003
epoch 30/50 iter 980/1860 loss=0.6601 mean_loss=0.7256 classification=0.0070, bbox_regression=0.0589, bbox_ctrness=0.5943
epoch 30/50 iter 1000/1860 loss=0.6561 mean_loss=0.7250 classification=0.0081, bbox_regression=0.0519, bbox_ctrness=0.5961
epoch 30/50 iter 1020/1860 loss=0.6871 mean_loss=0.7258 classification=0.0163, bbox_regression=0.0748, bbox_ctrness=0.5961
epoch 30/50 iter 1040/1860 loss=0.8104 mean_loss=0.7267 classification=0.1483, bbox_regression=0.0806, bbox_ctrness=0.5814
epoch 30/50 iter 1060/1860 loss=0.7248 mean_loss=0.7265 classification=0.0506, bbox_regression=0.0806, bbox_ctrness=0.5937
epoch 30/50 iter 1080/1860 loss=0.7230 mean_loss=0.7263 classification=0.0412, bbox_regression=0.0819, bbox_ctrness=0.5999
epoch 30/50 iter 1100/1860 loss=0.6746 mean_loss=0.7257 classification=0.0360, bbox_regression=0.0543, bbox_ctrness=0.5843
epoch 30/50 iter 1120/1860 loss=0.6603 mean_loss=0.7257 classification=0.0038, bbox_regression=0.0494, bbox_ctrness=0.6071
epoch 30/50 iter 1140/1860 loss=0.7049 mean_loss=0.7255 classification=0.0166, bbox_regression=0.0605, bbox_ctrness=0.6279
epoch 30/50 iter 1160/1860 loss=0.6421 mean_loss=0.7258 classification=0.0085, bbox_regression=0.0512, bbox_ctrness=0.5824
epoch 30/50 iter 1180/1860 loss=0.7160 mean_loss=0.7257 classification=0.0392, bbox_regression=0.0739, bbox_ctrness=0.6029
epoch 30/50 iter 1200/1860 loss=0.7115 mean_loss=0.7251 classification=0.0543, bbox_regression=0.0683, bbox_ctrness=0.5889
epoch 30/50 iter 1220/1860 loss=0.7058 mean_loss=0.7253 classification=0.0495, bbox_regression=0.0657, bbox_ctrness=0.5907
epoch 30/50 iter 1240/1860 loss=0.8710 mean_loss=0.7257 classification=0.1908, bbox_regression=0.0910, bbox_ctrness=0.5891
epoch 30/50 iter 1260/1860 loss=0.7036 mean_loss=0.7256 classification=0.0282, bbox_regression=0.0683, bbox_ctrness=0.6072
epoch 30/50 iter 1280/1860 loss=0.6719 mean_loss=0.7254 classification=0.0090, bbox_regression=0.0652, bbox_ctrness=0.5977
epoch 30/50 iter 1300/1860 loss=0.7904 mean_loss=0.7253 classification=0.0778, bbox_regression=0.1175, bbox_ctrness=0.5951
epoch 30/50 iter 1320/1860 loss=0.6970 mean_loss=0.7251 classification=0.0426, bbox_regression=0.0674, bbox_ctrness=0.5870
epoch 30/50 iter 1340/1860 loss=0.7240 mean_loss=0.7251 classification=0.0321, bbox_regression=0.0881, bbox_ctrness=0.6038
epoch 30/50 iter 1360/1860 loss=0.8649 mean_loss=0.7249 classification=0.0853, bbox_regression=0.1521, bbox_ctrness=0.6275
epoch 30/50 iter 1380/1860 loss=0.8853 mean_loss=0.7251 classification=0.1525, bbox_regression=0.1460, bbox_ctrness=0.5868
epoch 30/50 iter 1400/1860 loss=0.6975 mean_loss=0.7248 classification=0.0131, bbox_regression=0.0741, bbox_ctrness=0.6103
epoch 30/50 iter 1420/1860 loss=0.6668 mean_loss=0.7244 classification=0.0050, bbox_regression=0.0482, bbox_ctrness=0.6136
epoch 30/50 iter 1440/1860 loss=0.6617 mean_loss=0.7244 classification=0.0144, bbox_regression=0.0543, bbox_ctrness=0.5929
epoch 30/50 iter 1460/1860 loss=0.9186 mean_loss=0.7243 classification=0.1395, bbox_regression=0.1664, bbox_ctrness=0.6127
epoch 30/50 iter 1480/1860 loss=0.7039 mean_loss=0.7241 classification=0.0242, bbox_regression=0.0703, bbox_ctrness=0.6093
epoch 30/50 iter 1500/1860 loss=0.6458 mean_loss=0.7246 classification=0.0119, bbox_regression=0.0543, bbox_ctrness=0.5796
epoch 30/50 iter 1520/1860 loss=0.8015 mean_loss=0.7245 classification=0.0690, bbox_regression=0.1221, bbox_ctrness=0.6104
epoch 30/50 iter 1540/1860 loss=0.8341 mean_loss=0.7244 classification=0.0877, bbox_regression=0.1266, bbox_ctrness=0.6197
epoch 30/50 iter 1560/1860 loss=0.9190 mean_loss=0.7241 classification=0.1381, bbox_regression=0.1623, bbox_ctrness=0.6187
epoch 30/50 iter 1580/1860 loss=0.6860 mean_loss=0.7242 classification=0.0082, bbox_regression=0.0708, bbox_ctrness=0.6070
epoch 30/50 iter 1600/1860 loss=0.7620 mean_loss=0.7244 classification=0.0512, bbox_regression=0.1014, bbox_ctrness=0.6094
epoch 30/50 iter 1620/1860 loss=0.6655 mean_loss=0.7250 classification=0.0046, bbox_regression=0.0471, bbox_ctrness=0.6138
epoch 30/50 iter 1640/1860 loss=0.6705 mean_loss=0.7248 classification=0.0085, bbox_regression=0.0558, bbox_ctrness=0.6061
epoch 30/50 iter 1660/1860 loss=0.8758 mean_loss=0.7248 classification=0.0859, bbox_regression=0.1512, bbox_ctrness=0.6386
epoch 30/50 iter 1680/1860 loss=0.8560 mean_loss=0.7248 classification=0.1107, bbox_regression=0.1419, bbox_ctrness=0.6034
epoch 30/50 iter 1700/1860 loss=0.6959 mean_loss=0.7250 classification=0.0348, bbox_regression=0.0684, bbox_ctrness=0.5927
epoch 30/50 iter 1720/1860 loss=0.6452 mean_loss=0.7252 classification=0.0075, bbox_regression=0.0354, bbox_ctrness=0.6023
epoch 30/50 iter 1740/1860 loss=0.7094 mean_loss=0.7254 classification=0.0289, bbox_regression=0.0858, bbox_ctrness=0.5946
epoch 30/50 iter 1760/1860 loss=0.7702 mean_loss=0.7258 classification=0.0377, bbox_regression=0.1022, bbox_ctrness=0.6303
epoch 30/50 iter 1780/1860 loss=0.6762 mean_loss=0.7261 classification=0.0227, bbox_regression=0.0653, bbox_ctrness=0.5882
epoch 30/50 iter 1800/1860 loss=0.6697 mean_loss=0.7263 classification=0.0101, bbox_regression=0.0615, bbox_ctrness=0.5981
epoch 30/50 iter 1820/1860 loss=0.7085 mean_loss=0.7262 classification=0.0224, bbox_regression=0.0954, bbox_ctrness=0.5907
epoch 30/50 iter 1840/1860 loss=0.8394 mean_loss=0.7261 classification=0.1026, bbox_regression=0.1429, bbox_ctrness=0.5939
epoch 30/50 iter 1860/1860 loss=0.6983 mean_loss=0.7263 classification=0.0254, bbox_regression=0.0756, bbox_ctrness=0.5972
epoch 30 validation Precision=0.6093 Recall=0.9562 AP50=0.9327 AP75=0.8435 eval_fps=18.92 epoch_time_sec=882.3
saved checkpoint: E:\RepViT-main\runs\v48_complete_ablation\training\early_moddrop_seed1\weights\last.pt
epoch 31/50 iter 1/1860 loss=0.6606 mean_loss=0.6606 classification=0.0085, bbox_regression=0.0494, bbox_ctrness=0.6026
epoch 31/50 iter 20/1860 loss=0.6721 mean_loss=0.7244 classification=0.0141, bbox_regression=0.0554, bbox_ctrness=0.6026
epoch 31/50 iter 40/1860 loss=0.7918 mean_loss=0.7224 classification=0.0928, bbox_regression=0.0972, bbox_ctrness=0.6018
epoch 31/50 iter 60/1860 loss=0.6782 mean_loss=0.7321 classification=0.0394, bbox_regression=0.0542, bbox_ctrness=0.5846
epoch 31/50 iter 80/1860 loss=0.6929 mean_loss=0.7233 classification=0.0236, bbox_regression=0.0723, bbox_ctrness=0.5970
epoch 31/50 iter 100/1860 loss=0.6691 mean_loss=0.7230 classification=0.0120, bbox_regression=0.0570, bbox_ctrness=0.6001
epoch 31/50 iter 120/1860 loss=0.6697 mean_loss=0.7247 classification=0.0060, bbox_regression=0.0679, bbox_ctrness=0.5958
epoch 31/50 iter 140/1860 loss=0.6765 mean_loss=0.7208 classification=0.0143, bbox_regression=0.0625, bbox_ctrness=0.5997
epoch 31/50 iter 160/1860 loss=0.7006 mean_loss=0.7222 classification=0.0205, bbox_regression=0.0629, bbox_ctrness=0.6172
epoch 31/50 iter 180/1860 loss=0.6595 mean_loss=0.7213 classification=0.0124, bbox_regression=0.0510, bbox_ctrness=0.5961
epoch 31/50 iter 200/1860 loss=0.6968 mean_loss=0.7245 classification=0.0297, bbox_regression=0.0709, bbox_ctrness=0.5963
epoch 31/50 iter 220/1860 loss=0.7088 mean_loss=0.7215 classification=0.0256, bbox_regression=0.1027, bbox_ctrness=0.5805
epoch 31/50 iter 240/1860 loss=0.6668 mean_loss=0.7232 classification=0.0104, bbox_regression=0.0568, bbox_ctrness=0.5996
epoch 31/50 iter 260/1860 loss=0.6536 mean_loss=0.7268 classification=0.0097, bbox_regression=0.0554, bbox_ctrness=0.5885
epoch 31/50 iter 280/1860 loss=0.6904 mean_loss=0.7268 classification=0.0182, bbox_regression=0.0769, bbox_ctrness=0.5953
epoch 31/50 iter 300/1860 loss=0.6450 mean_loss=0.7258 classification=0.0089, bbox_regression=0.0491, bbox_ctrness=0.5870
epoch 31/50 iter 320/1860 loss=0.6917 mean_loss=0.7257 classification=0.0093, bbox_regression=0.0698, bbox_ctrness=0.6126
epoch 31/50 iter 340/1860 loss=0.6582 mean_loss=0.7232 classification=0.0127, bbox_regression=0.0470, bbox_ctrness=0.5985
epoch 31/50 iter 360/1860 loss=0.6753 mean_loss=0.7234 classification=0.0291, bbox_regression=0.0537, bbox_ctrness=0.5926
epoch 31/50 iter 380/1860 loss=0.6920 mean_loss=0.7223 classification=0.0482, bbox_regression=0.0455, bbox_ctrness=0.5983
epoch 31/50 iter 400/1860 loss=0.6846 mean_loss=0.7237 classification=0.0213, bbox_regression=0.0605, bbox_ctrness=0.6029
epoch 31/50 iter 420/1860 loss=0.6592 mean_loss=0.7236 classification=0.0116, bbox_regression=0.0619, bbox_ctrness=0.5857
epoch 31/50 iter 440/1860 loss=0.6564 mean_loss=0.7243 classification=0.0124, bbox_regression=0.0547, bbox_ctrness=0.5893
epoch 31/50 iter 460/1860 loss=0.6885 mean_loss=0.7243 classification=0.0233, bbox_regression=0.0634, bbox_ctrness=0.6018
epoch 31/50 iter 480/1860 loss=0.6845 mean_loss=0.7223 classification=0.0415, bbox_regression=0.0592, bbox_ctrness=0.5838
epoch 31/50 iter 500/1860 loss=0.7546 mean_loss=0.7224 classification=0.0929, bbox_regression=0.0415, bbox_ctrness=0.6202
epoch 31/50 iter 520/1860 loss=0.7050 mean_loss=0.7233 classification=0.0411, bbox_regression=0.0780, bbox_ctrness=0.5859
epoch 31/50 iter 540/1860 loss=0.6982 mean_loss=0.7238 classification=0.0193, bbox_regression=0.0659, bbox_ctrness=0.6129
epoch 31/50 iter 560/1860 loss=0.8773 mean_loss=0.7235 classification=0.1305, bbox_regression=0.1398, bbox_ctrness=0.6070
epoch 31/50 iter 580/1860 loss=0.6823 mean_loss=0.7231 classification=0.0171, bbox_regression=0.0658, bbox_ctrness=0.5994
epoch 31/50 iter 600/1860 loss=0.6674 mean_loss=0.7232 classification=0.0169, bbox_regression=0.0458, bbox_ctrness=0.6047
epoch 31/50 iter 620/1860 loss=0.6808 mean_loss=0.7232 classification=0.0191, bbox_regression=0.0592, bbox_ctrness=0.6024
epoch 31/50 iter 640/1860 loss=0.7725 mean_loss=0.7226 classification=0.0518, bbox_regression=0.1098, bbox_ctrness=0.6109
epoch 31/50 iter 660/1860 loss=0.7033 mean_loss=0.7232 classification=0.0395, bbox_regression=0.0723, bbox_ctrness=0.5915
epoch 31/50 iter 680/1860 loss=0.6518 mean_loss=0.7226 classification=0.0006, bbox_regression=0.0527, bbox_ctrness=0.5985
epoch 31/50 iter 700/1860 loss=0.6828 mean_loss=0.7235 classification=0.0217, bbox_regression=0.0593, bbox_ctrness=0.6017
epoch 31/50 iter 720/1860 loss=0.7029 mean_loss=0.7237 classification=0.0396, bbox_regression=0.0508, bbox_ctrness=0.6126
epoch 31/50 iter 740/1860 loss=0.6677 mean_loss=0.7236 classification=0.0143, bbox_regression=0.0583, bbox_ctrness=0.5951
epoch 31/50 iter 760/1860 loss=0.7078 mean_loss=0.7231 classification=0.0486, bbox_regression=0.0698, bbox_ctrness=0.5894
epoch 31/50 iter 780/1860 loss=0.6651 mean_loss=0.7229 classification=0.0149, bbox_regression=0.0591, bbox_ctrness=0.5911
epoch 31/50 iter 800/1860 loss=0.6615 mean_loss=0.7233 classification=0.0149, bbox_regression=0.0585, bbox_ctrness=0.5882
epoch 31/50 iter 820/1860 loss=0.6700 mean_loss=0.7244 classification=0.0060, bbox_regression=0.0601, bbox_ctrness=0.6039
epoch 31/50 iter 840/1860 loss=0.6702 mean_loss=0.7247 classification=0.0141, bbox_regression=0.0535, bbox_ctrness=0.6025
epoch 31/50 iter 860/1860 loss=0.7583 mean_loss=0.7248 classification=0.0608, bbox_regression=0.0890, bbox_ctrness=0.6085
epoch 31/50 iter 880/1860 loss=0.6923 mean_loss=0.7248 classification=0.0282, bbox_regression=0.0663, bbox_ctrness=0.5978
epoch 31/50 iter 900/1860 loss=0.6529 mean_loss=0.7248 classification=0.0114, bbox_regression=0.0456, bbox_ctrness=0.5959
epoch 31/50 iter 920/1860 loss=0.6492 mean_loss=0.7245 classification=0.0079, bbox_regression=0.0576, bbox_ctrness=0.5838
epoch 31/50 iter 940/1860 loss=0.7526 mean_loss=0.7247 classification=0.0558, bbox_regression=0.0908, bbox_ctrness=0.6059
epoch 31/50 iter 960/1860 loss=0.6652 mean_loss=0.7245 classification=0.0179, bbox_regression=0.0523, bbox_ctrness=0.5950
epoch 31/50 iter 980/1860 loss=0.6562 mean_loss=0.7240 classification=0.0124, bbox_regression=0.0535, bbox_ctrness=0.5903
epoch 31/50 iter 1000/1860 loss=0.6998 mean_loss=0.7235 classification=0.0212, bbox_regression=0.0704, bbox_ctrness=0.6082
epoch 31/50 iter 1020/1860 loss=0.6442 mean_loss=0.7238 classification=0.0047, bbox_regression=0.0501, bbox_ctrness=0.5893
epoch 31/50 iter 1040/1860 loss=1.0397 mean_loss=0.7239 classification=0.2371, bbox_regression=0.1906, bbox_ctrness=0.6119
epoch 31/50 iter 1060/1860 loss=0.6924 mean_loss=0.7241 classification=0.0110, bbox_regression=0.0644, bbox_ctrness=0.6170
epoch 31/50 iter 1080/1860 loss=0.6615 mean_loss=0.7235 classification=0.0111, bbox_regression=0.0626, bbox_ctrness=0.5878
epoch 31/50 iter 1100/1860 loss=0.7026 mean_loss=0.7235 classification=0.0217, bbox_regression=0.0838, bbox_ctrness=0.5971
epoch 31/50 iter 1120/1860 loss=0.6583 mean_loss=0.7235 classification=0.0098, bbox_regression=0.0502, bbox_ctrness=0.5982
epoch 31/50 iter 1140/1860 loss=0.6767 mean_loss=0.7236 classification=0.0199, bbox_regression=0.0553, bbox_ctrness=0.6016
epoch 31/50 iter 1160/1860 loss=0.7180 mean_loss=0.7233 classification=0.0585, bbox_regression=0.0910, bbox_ctrness=0.5685
epoch 31/50 iter 1180/1860 loss=0.7571 mean_loss=0.7236 classification=0.0858, bbox_regression=0.0816, bbox_ctrness=0.5897
epoch 31/50 iter 1200/1860 loss=0.6864 mean_loss=0.7234 classification=0.0181, bbox_regression=0.0746, bbox_ctrness=0.5938
epoch 31/50 iter 1220/1860 loss=1.0373 mean_loss=0.7233 classification=0.2509, bbox_regression=0.1693, bbox_ctrness=0.6171
epoch 31/50 iter 1240/1860 loss=0.6706 mean_loss=0.7229 classification=0.0327, bbox_regression=0.0408, bbox_ctrness=0.5971
epoch 31/50 iter 1260/1860 loss=0.6636 mean_loss=0.7230 classification=0.0031, bbox_regression=0.0504, bbox_ctrness=0.6101
epoch 31/50 iter 1280/1860 loss=0.6337 mean_loss=0.7232 classification=0.0065, bbox_regression=0.0442, bbox_ctrness=0.5829
epoch 31/50 iter 1300/1860 loss=0.7053 mean_loss=0.7234 classification=0.0393, bbox_regression=0.0706, bbox_ctrness=0.5953
epoch 31/50 iter 1320/1860 loss=0.6752 mean_loss=0.7234 classification=0.0103, bbox_regression=0.0649, bbox_ctrness=0.6000
epoch 31/50 iter 1340/1860 loss=0.6589 mean_loss=0.7230 classification=0.0101, bbox_regression=0.0548, bbox_ctrness=0.5940
epoch 31/50 iter 1360/1860 loss=0.6892 mean_loss=0.7232 classification=0.0224, bbox_regression=0.0733, bbox_ctrness=0.5936
epoch 31/50 iter 1380/1860 loss=0.6679 mean_loss=0.7236 classification=0.0077, bbox_regression=0.0524, bbox_ctrness=0.6078
epoch 31/50 iter 1400/1860 loss=0.6679 mean_loss=0.7236 classification=0.0123, bbox_regression=0.0402, bbox_ctrness=0.6154
epoch 31/50 iter 1420/1860 loss=0.6766 mean_loss=0.7234 classification=0.0092, bbox_regression=0.0553, bbox_ctrness=0.6120
epoch 31/50 iter 1440/1860 loss=0.9056 mean_loss=0.7235 classification=0.1182, bbox_regression=0.1462, bbox_ctrness=0.6411
epoch 31/50 iter 1460/1860 loss=0.8643 mean_loss=0.7232 classification=0.1105, bbox_regression=0.1314, bbox_ctrness=0.6224
epoch 31/50 iter 1480/1860 loss=0.6792 mean_loss=0.7231 classification=0.0161, bbox_regression=0.0547, bbox_ctrness=0.6084
epoch 31/50 iter 1500/1860 loss=0.6773 mean_loss=0.7234 classification=0.0163, bbox_regression=0.0618, bbox_ctrness=0.5992
epoch 31/50 iter 1520/1860 loss=0.7084 mean_loss=0.7234 classification=0.0406, bbox_regression=0.0749, bbox_ctrness=0.5930
epoch 31/50 iter 1540/1860 loss=0.7027 mean_loss=0.7235 classification=0.0259, bbox_regression=0.0716, bbox_ctrness=0.6052
epoch 31/50 iter 1560/1860 loss=0.8080 mean_loss=0.7235 classification=0.0800, bbox_regression=0.1168, bbox_ctrness=0.6112
epoch 31/50 iter 1580/1860 loss=0.6436 mean_loss=0.7241 classification=0.0147, bbox_regression=0.0576, bbox_ctrness=0.5713
epoch 31/50 iter 1600/1860 loss=0.6749 mean_loss=0.7243 classification=0.0054, bbox_regression=0.0673, bbox_ctrness=0.6023
epoch 31/50 iter 1620/1860 loss=0.6559 mean_loss=0.7245 classification=0.0041, bbox_regression=0.0472, bbox_ctrness=0.6047
epoch 31/50 iter 1640/1860 loss=0.6884 mean_loss=0.7245 classification=0.0193, bbox_regression=0.0516, bbox_ctrness=0.6174
epoch 31/50 iter 1660/1860 loss=0.6521 mean_loss=0.7244 classification=0.0205, bbox_regression=0.0400, bbox_ctrness=0.5916
epoch 31/50 iter 1680/1860 loss=0.8453 mean_loss=0.7245 classification=0.0953, bbox_regression=0.1383, bbox_ctrness=0.6117
epoch 31/50 iter 1700/1860 loss=0.6614 mean_loss=0.7245 classification=0.0012, bbox_regression=0.0578, bbox_ctrness=0.6024
epoch 31/50 iter 1720/1860 loss=0.7007 mean_loss=0.7244 classification=0.0257, bbox_regression=0.0767, bbox_ctrness=0.5983
epoch 31/50 iter 1740/1860 loss=0.6757 mean_loss=0.7243 classification=0.0296, bbox_regression=0.0542, bbox_ctrness=0.5919
epoch 31/50 iter 1760/1860 loss=0.7495 mean_loss=0.7240 classification=0.0331, bbox_regression=0.1017, bbox_ctrness=0.6147
epoch 31/50 iter 1780/1860 loss=0.6911 mean_loss=0.7239 classification=0.0262, bbox_regression=0.0688, bbox_ctrness=0.5960
epoch 31/50 iter 1800/1860 loss=0.6623 mean_loss=0.7242 classification=0.0073, bbox_regression=0.0558, bbox_ctrness=0.5991
epoch 31/50 iter 1820/1860 loss=0.6891 mean_loss=0.7240 classification=0.0168, bbox_regression=0.0716, bbox_ctrness=0.6008
epoch 31/50 iter 1840/1860 loss=0.7100 mean_loss=0.7242 classification=0.0477, bbox_regression=0.0711, bbox_ctrness=0.5912
epoch 31/50 iter 1860/1860 loss=0.7335 mean_loss=0.7240 classification=0.0485, bbox_regression=0.0828, bbox_ctrness=0.6022
epoch 31 validation Precision=0.6782 Recall=0.9388 AP50=0.9206 AP75=0.8347 eval_fps=17.19 epoch_time_sec=1047.0
saved checkpoint: E:\RepViT-main\runs\v48_complete_ablation\training\early_moddrop_seed1\weights\last.pt
epoch 32/50 iter 1/1860 loss=0.6935 mean_loss=0.6935 classification=0.0080, bbox_regression=0.0709, bbox_ctrness=0.6146
epoch 32/50 iter 20/1860 loss=0.8522 mean_loss=0.7196 classification=0.1349, bbox_regression=0.1107, bbox_ctrness=0.6066
epoch 32/50 iter 40/1860 loss=0.6988 mean_loss=0.7242 classification=0.0112, bbox_regression=0.0823, bbox_ctrness=0.6053
epoch 32/50 iter 60/1860 loss=0.6644 mean_loss=0.7191 classification=0.0021, bbox_regression=0.0391, bbox_ctrness=0.6232
epoch 32/50 iter 80/1860 loss=0.7071 mean_loss=0.7176 classification=0.0207, bbox_regression=0.0777, bbox_ctrness=0.6087
epoch 32/50 iter 100/1860 loss=0.6661 mean_loss=0.7162 classification=0.0196, bbox_regression=0.0626, bbox_ctrness=0.5839
epoch 32/50 iter 120/1860 loss=0.6657 mean_loss=0.7202 classification=0.0152, bbox_regression=0.0490, bbox_ctrness=0.6015
epoch 32/50 iter 140/1860 loss=0.6634 mean_loss=0.7170 classification=0.0032, bbox_regression=0.0567, bbox_ctrness=0.6036
epoch 32/50 iter 160/1860 loss=0.6780 mean_loss=0.7161 classification=0.0162, bbox_regression=0.0552, bbox_ctrness=0.6066
epoch 32/50 iter 180/1860 loss=0.6555 mean_loss=0.7202 classification=0.0020, bbox_regression=0.0532, bbox_ctrness=0.6003
epoch 32/50 iter 200/1860 loss=0.6797 mean_loss=0.7243 classification=0.0244, bbox_regression=0.0527, bbox_ctrness=0.6027
epoch 32/50 iter 220/1860 loss=0.7112 mean_loss=0.7242 classification=0.0388, bbox_regression=0.0866, bbox_ctrness=0.5859
epoch 32/50 iter 240/1860 loss=0.9529 mean_loss=0.7243 classification=0.1262, bbox_regression=0.1921, bbox_ctrness=0.6346
epoch 32/50 iter 260/1860 loss=0.7244 mean_loss=0.7258 classification=0.0261, bbox_regression=0.0794, bbox_ctrness=0.6190
epoch 32/50 iter 280/1860 loss=0.6816 mean_loss=0.7236 classification=0.0092, bbox_regression=0.0551, bbox_ctrness=0.6173
epoch 32/50 iter 300/1860 loss=0.7606 mean_loss=0.7234 classification=0.0749, bbox_regression=0.1017, bbox_ctrness=0.5840
epoch 32/50 iter 320/1860 loss=0.7221 mean_loss=0.7218 classification=0.0236, bbox_regression=0.0739, bbox_ctrness=0.6247
epoch 32/50 iter 340/1860 loss=0.6582 mean_loss=0.7218 classification=0.0028, bbox_regression=0.0500, bbox_ctrness=0.6053
epoch 32/50 iter 360/1860 loss=0.6953 mean_loss=0.7225 classification=0.0061, bbox_regression=0.0765, bbox_ctrness=0.6128
epoch 32/50 iter 380/1860 loss=0.6779 mean_loss=0.7227 classification=0.0181, bbox_regression=0.0611, bbox_ctrness=0.5987
epoch 32/50 iter 400/1860 loss=1.0038 mean_loss=0.7246 classification=0.1934, bbox_regression=0.1970, bbox_ctrness=0.6134
epoch 32/50 iter 420/1860 loss=0.6908 mean_loss=0.7237 classification=0.0229, bbox_regression=0.0581, bbox_ctrness=0.6098
epoch 32/50 iter 440/1860 loss=0.7462 mean_loss=0.7230 classification=0.0396, bbox_regression=0.1016, bbox_ctrness=0.6050
epoch 32/50 iter 460/1860 loss=0.7537 mean_loss=0.7238 classification=0.0819, bbox_regression=0.0738, bbox_ctrness=0.5980
epoch 32/50 iter 480/1860 loss=0.6569 mean_loss=0.7228 classification=0.0017, bbox_regression=0.0462, bbox_ctrness=0.6089
epoch 32/50 iter 500/1860 loss=0.6723 mean_loss=0.7234 classification=0.0144, bbox_regression=0.0691, bbox_ctrness=0.5888
epoch 32/50 iter 520/1860 loss=0.6631 mean_loss=0.7225 classification=0.0072, bbox_regression=0.0612, bbox_ctrness=0.5947
epoch 32/50 iter 540/1860 loss=0.6978 mean_loss=0.7239 classification=0.0118, bbox_regression=0.0852, bbox_ctrness=0.6008
epoch 32/50 iter 560/1860 loss=0.7129 mean_loss=0.7241 classification=0.0174, bbox_regression=0.0820, bbox_ctrness=0.6135
epoch 32/50 iter 580/1860 loss=0.6867 mean_loss=0.7233 classification=0.0149, bbox_regression=0.0598, bbox_ctrness=0.6120
epoch 32/50 iter 600/1860 loss=0.6848 mean_loss=0.7226 classification=0.0138, bbox_regression=0.0549, bbox_ctrness=0.6161
epoch 32/50 iter 620/1860 loss=0.9402 mean_loss=0.7227 classification=0.1463, bbox_regression=0.1701, bbox_ctrness=0.6238
epoch 32/50 iter 640/1860 loss=0.7378 mean_loss=0.7222 classification=0.0338, bbox_regression=0.0885, bbox_ctrness=0.6155
epoch 32/50 iter 660/1860 loss=0.6781 mean_loss=0.7225 classification=0.0194, bbox_regression=0.0664, bbox_ctrness=0.5923
epoch 32/50 iter 680/1860 loss=0.6337 mean_loss=0.7219 classification=0.0030, bbox_regression=0.0381, bbox_ctrness=0.5926
epoch 32/50 iter 700/1860 loss=0.7424 mean_loss=0.7219 classification=0.0410, bbox_regression=0.1180, bbox_ctrness=0.5834
epoch 32/50 iter 720/1860 loss=0.6623 mean_loss=0.7214 classification=0.0287, bbox_regression=0.0464, bbox_ctrness=0.5872
epoch 32/50 iter 740/1860 loss=0.6893 mean_loss=0.7207 classification=0.0385, bbox_regression=0.0644, bbox_ctrness=0.5863
epoch 32/50 iter 760/1860 loss=0.6626 mean_loss=0.7209 classification=0.0056, bbox_regression=0.0526, bbox_ctrness=0.6044
epoch 32/50 iter 780/1860 loss=0.7315 mean_loss=0.7216 classification=0.0391, bbox_regression=0.0929, bbox_ctrness=0.5995
epoch 32/50 iter 800/1860 loss=0.7944 mean_loss=0.7223 classification=0.0594, bbox_regression=0.1156, bbox_ctrness=0.6195
epoch 32/50 iter 820/1860 loss=0.6716 mean_loss=0.7224 classification=0.0249, bbox_regression=0.0439, bbox_ctrness=0.6028
epoch 32/50 iter 840/1860 loss=0.6775 mean_loss=0.7222 classification=0.0374, bbox_regression=0.0500, bbox_ctrness=0.5902
epoch 32/50 iter 860/1860 loss=0.6632 mean_loss=0.7224 classification=0.0146, bbox_regression=0.0521, bbox_ctrness=0.5965
epoch 32/50 iter 880/1860 loss=0.6782 mean_loss=0.7215 classification=0.0338, bbox_regression=0.0521, bbox_ctrness=0.5923
epoch 32/50 iter 900/1860 loss=0.6656 mean_loss=0.7221 classification=0.0178, bbox_regression=0.0492, bbox_ctrness=0.5986
epoch 32/50 iter 920/1860 loss=0.6814 mean_loss=0.7227 classification=0.0125, bbox_regression=0.0701, bbox_ctrness=0.5988
epoch 32/50 iter 940/1860 loss=0.7197 mean_loss=0.7227 classification=0.0384, bbox_regression=0.0738, bbox_ctrness=0.6075
epoch 32/50 iter 960/1860 loss=0.8233 mean_loss=0.7226 classification=0.0883, bbox_regression=0.1276, bbox_ctrness=0.6074
epoch 32/50 iter 980/1860 loss=0.6592 mean_loss=0.7224 classification=0.0018, bbox_regression=0.0435, bbox_ctrness=0.6139
epoch 32/50 iter 1000/1860 loss=0.6899 mean_loss=0.7226 classification=0.0248, bbox_regression=0.0643, bbox_ctrness=0.6008
epoch 32/50 iter 1020/1860 loss=0.7328 mean_loss=0.7231 classification=0.0515, bbox_regression=0.0836, bbox_ctrness=0.5977
epoch 32/50 iter 1040/1860 loss=0.6423 mean_loss=0.7241 classification=0.0097, bbox_regression=0.0400, bbox_ctrness=0.5926
epoch 32/50 iter 1060/1860 loss=0.7616 mean_loss=0.7240 classification=0.0696, bbox_regression=0.1052, bbox_ctrness=0.5867
epoch 32/50 iter 1080/1860 loss=0.7092 mean_loss=0.7242 classification=0.0337, bbox_regression=0.0494, bbox_ctrness=0.6262
epoch 32/50 iter 1100/1860 loss=0.6629 mean_loss=0.7239 classification=0.0183, bbox_regression=0.0580, bbox_ctrness=0.5866
epoch 32/50 iter 1120/1860 loss=0.6617 mean_loss=0.7241 classification=0.0066, bbox_regression=0.0516, bbox_ctrness=0.6035
epoch 32/50 iter 1140/1860 loss=0.6760 mean_loss=0.7239 classification=0.0229, bbox_regression=0.0539, bbox_ctrness=0.5993
epoch 32/50 iter 1160/1860 loss=0.6762 mean_loss=0.7233 classification=0.0139, bbox_regression=0.0615, bbox_ctrness=0.6009
epoch 32/50 iter 1180/1860 loss=0.6870 mean_loss=0.7233 classification=0.0289, bbox_regression=0.0576, bbox_ctrness=0.6005
epoch 32/50 iter 1200/1860 loss=0.7022 mean_loss=0.7229 classification=0.0057, bbox_regression=0.0737, bbox_ctrness=0.6228
epoch 32/50 iter 1220/1860 loss=0.6624 mean_loss=0.7225 classification=0.0065, bbox_regression=0.0551, bbox_ctrness=0.6008
epoch 32/50 iter 1240/1860 loss=0.6522 mean_loss=0.7219 classification=0.0133, bbox_regression=0.0501, bbox_ctrness=0.5887
epoch 32/50 iter 1260/1860 loss=0.8101 mean_loss=0.7223 classification=0.1122, bbox_regression=0.0925, bbox_ctrness=0.6054
epoch 32/50 iter 1280/1860 loss=0.6441 mean_loss=0.7219 classification=0.0078, bbox_regression=0.0417, bbox_ctrness=0.5945
epoch 32/50 iter 1300/1860 loss=0.6648 mean_loss=0.7219 classification=0.0190, bbox_regression=0.0426, bbox_ctrness=0.6031
epoch 32/50 iter 1320/1860 loss=0.8951 mean_loss=0.7235 classification=0.2025, bbox_regression=0.0787, bbox_ctrness=0.6140
epoch 32/50 iter 1340/1860 loss=0.6934 mean_loss=0.7245 classification=0.0319, bbox_regression=0.0619, bbox_ctrness=0.5996
epoch 32/50 iter 1360/1860 loss=0.6780 mean_loss=0.7252 classification=0.0212, bbox_regression=0.0563, bbox_ctrness=0.6005
epoch 32/50 iter 1380/1860 loss=0.6937 mean_loss=0.7261 classification=0.0446, bbox_regression=0.0572, bbox_ctrness=0.5919
epoch 32/50 iter 1400/1860 loss=0.7009 mean_loss=0.7265 classification=0.0429, bbox_regression=0.0627, bbox_ctrness=0.5954
epoch 32/50 iter 1420/1860 loss=0.7218 mean_loss=0.7274 classification=0.0393, bbox_regression=0.0807, bbox_ctrness=0.6017
epoch 32/50 iter 1440/1860 loss=0.7155 mean_loss=0.7274 classification=0.0273, bbox_regression=0.0774, bbox_ctrness=0.6108
epoch 32/50 iter 1460/1860 loss=0.7274 mean_loss=0.7275 classification=0.0657, bbox_regression=0.0710, bbox_ctrness=0.5907
epoch 32/50 iter 1480/1860 loss=0.7240 mean_loss=0.7275 classification=0.0360, bbox_regression=0.0863, bbox_ctrness=0.6018
epoch 32/50 iter 1500/1860 loss=0.7413 mean_loss=0.7276 classification=0.0479, bbox_regression=0.0964, bbox_ctrness=0.5970
epoch 32/50 iter 1520/1860 loss=0.6938 mean_loss=0.7276 classification=0.0183, bbox_regression=0.0670, bbox_ctrness=0.6086
epoch 32/50 iter 1540/1860 loss=0.8440 mean_loss=0.7275 classification=0.1155, bbox_regression=0.1146, bbox_ctrness=0.6139
epoch 32/50 iter 1560/1860 loss=0.6636 mean_loss=0.7271 classification=0.0216, bbox_regression=0.0452, bbox_ctrness=0.5967
epoch 32/50 iter 1580/1860 loss=0.6715 mean_loss=0.7270 classification=0.0145, bbox_regression=0.0564, bbox_ctrness=0.6006
epoch 32/50 iter 1600/1860 loss=0.7692 mean_loss=0.7271 classification=0.0614, bbox_regression=0.1021, bbox_ctrness=0.6057
epoch 32/50 iter 1620/1860 loss=0.9640 mean_loss=0.7274 classification=0.1352, bbox_regression=0.1984, bbox_ctrness=0.6303
epoch 32/50 iter 1640/1860 loss=0.6543 mean_loss=0.7272 classification=0.0034, bbox_regression=0.0488, bbox_ctrness=0.6021
epoch 32/50 iter 1660/1860 loss=0.6472 mean_loss=0.7270 classification=0.0022, bbox_regression=0.0306, bbox_ctrness=0.6144
epoch 32/50 iter 1680/1860 loss=0.7453 mean_loss=0.7270 classification=0.0450, bbox_regression=0.1022, bbox_ctrness=0.5980
epoch 32/50 iter 1700/1860 loss=0.6722 mean_loss=0.7271 classification=0.0353, bbox_regression=0.0556, bbox_ctrness=0.5813
epoch 32/50 iter 1720/1860 loss=0.6671 mean_loss=0.7272 classification=0.0276, bbox_regression=0.0460, bbox_ctrness=0.5935
epoch 32/50 iter 1740/1860 loss=0.6497 mean_loss=0.7269 classification=0.0054, bbox_regression=0.0554, bbox_ctrness=0.5890
epoch 32/50 iter 1760/1860 loss=0.6741 mean_loss=0.7270 classification=0.0184, bbox_regression=0.0570, bbox_ctrness=0.5987
epoch 32/50 iter 1780/1860 loss=0.6985 mean_loss=0.7268 classification=0.0232, bbox_regression=0.0870, bbox_ctrness=0.5883
epoch 32/50 iter 1800/1860 loss=0.6680 mean_loss=0.7265 classification=0.0133, bbox_regression=0.0516, bbox_ctrness=0.6032
epoch 32/50 iter 1820/1860 loss=0.6893 mean_loss=0.7261 classification=0.0310, bbox_regression=0.0679, bbox_ctrness=0.5904
epoch 32/50 iter 1840/1860 loss=0.6855 mean_loss=0.7258 classification=0.0012, bbox_regression=0.0688, bbox_ctrness=0.6155
epoch 32/50 iter 1860/1860 loss=0.6594 mean_loss=0.7257 classification=0.0047, bbox_regression=0.0439, bbox_ctrness=0.6108
epoch 32 validation Precision=0.5315 Recall=0.9540 AP50=0.9278 AP75=0.8392 eval_fps=19.52 epoch_time_sec=939.9
saved checkpoint: E:\RepViT-main\runs\v48_complete_ablation\training\early_moddrop_seed1\weights\last.pt
epoch 33/50 iter 1/1860 loss=0.6851 mean_loss=0.6851 classification=0.0246, bbox_regression=0.0625, bbox_ctrness=0.5980
epoch 33/50 iter 20/1860 loss=1.0219 mean_loss=0.7288 classification=0.2212, bbox_regression=0.1955, bbox_ctrness=0.6052
epoch 33/50 iter 40/1860 loss=0.6456 mean_loss=0.7190 classification=0.0075, bbox_regression=0.0485, bbox_ctrness=0.5896
epoch 33/50 iter 60/1860 loss=0.6927 mean_loss=0.7276 classification=0.0469, bbox_regression=0.0487, bbox_ctrness=0.5971
epoch 33/50 iter 80/1860 loss=1.0011 mean_loss=0.7249 classification=0.1793, bbox_regression=0.1944, bbox_ctrness=0.6274
epoch 33/50 iter 100/1860 loss=0.8600 mean_loss=0.7320 classification=0.1299, bbox_regression=0.1266, bbox_ctrness=0.6035
epoch 33/50 iter 120/1860 loss=0.6804 mean_loss=0.7313 classification=0.0162, bbox_regression=0.0555, bbox_ctrness=0.6087
epoch 33/50 iter 140/1860 loss=0.7252 mean_loss=0.7272 classification=0.0347, bbox_regression=0.0766, bbox_ctrness=0.6139
epoch 33/50 iter 160/1860 loss=0.7619 mean_loss=0.7236 classification=0.0630, bbox_regression=0.0930, bbox_ctrness=0.6059
epoch 33/50 iter 180/1860 loss=0.6512 mean_loss=0.7178 classification=0.0046, bbox_regression=0.0503, bbox_ctrness=0.5963
epoch 33/50 iter 200/1860 loss=0.8086 mean_loss=0.7166 classification=0.1188, bbox_regression=0.0809, bbox_ctrness=0.6089
epoch 33/50 iter 220/1860 loss=0.8061 mean_loss=0.7161 classification=0.1045, bbox_regression=0.1183, bbox_ctrness=0.5832
epoch 33/50 iter 240/1860 loss=0.6773 mean_loss=0.7158 classification=0.0071, bbox_regression=0.0672, bbox_ctrness=0.6029
epoch 33/50 iter 260/1860 loss=0.6549 mean_loss=0.7173 classification=0.0074, bbox_regression=0.0498, bbox_ctrness=0.5978
epoch 33/50 iter 280/1860 loss=0.7644 mean_loss=0.7170 classification=0.0508, bbox_regression=0.0987, bbox_ctrness=0.6149
epoch 33/50 iter 300/1860 loss=0.7182 mean_loss=0.7170 classification=0.0314, bbox_regression=0.0850, bbox_ctrness=0.6018
epoch 33/50 iter 320/1860 loss=0.6852 mean_loss=0.7151 classification=0.0236, bbox_regression=0.0527, bbox_ctrness=0.6089
epoch 33/50 iter 340/1860 loss=1.0373 mean_loss=0.7139 classification=0.2106, bbox_regression=0.1815, bbox_ctrness=0.6452
epoch 33/50 iter 360/1860 loss=0.8041 mean_loss=0.7145 classification=0.1494, bbox_regression=0.0705, bbox_ctrness=0.5841
epoch 33/50 iter 380/1860 loss=0.6545 mean_loss=0.7141 classification=0.0038, bbox_regression=0.0463, bbox_ctrness=0.6044
epoch 33/50 iter 400/1860 loss=0.6512 mean_loss=0.7136 classification=0.0044, bbox_regression=0.0415, bbox_ctrness=0.6053
epoch 33/50 iter 420/1860 loss=0.8740 mean_loss=0.7133 classification=0.1351, bbox_regression=0.1285, bbox_ctrness=0.6105
epoch 33/50 iter 440/1860 loss=0.7099 mean_loss=0.7148 classification=0.0216, bbox_regression=0.0937, bbox_ctrness=0.5946
epoch 33/50 iter 460/1860 loss=0.6784 mean_loss=0.7153 classification=0.0118, bbox_regression=0.0546, bbox_ctrness=0.6120
epoch 33/50 iter 480/1860 loss=0.7773 mean_loss=0.7153 classification=0.0837, bbox_regression=0.0836, bbox_ctrness=0.6100
epoch 33/50 iter 500/1860 loss=0.6497 mean_loss=0.7145 classification=0.0159, bbox_regression=0.0431, bbox_ctrness=0.5907
epoch 33/50 iter 520/1860 loss=0.7703 mean_loss=0.7144 classification=0.0701, bbox_regression=0.0841, bbox_ctrness=0.6161
epoch 33/50 iter 540/1860 loss=0.7738 mean_loss=0.7141 classification=0.0381, bbox_regression=0.1251, bbox_ctrness=0.6107
epoch 33/50 iter 560/1860 loss=0.7674 mean_loss=0.7139 classification=0.0834, bbox_regression=0.0974, bbox_ctrness=0.5866
epoch 33/50 iter 580/1860 loss=0.6708 mean_loss=0.7141 classification=0.0054, bbox_regression=0.0669, bbox_ctrness=0.5986
epoch 33/50 iter 600/1860 loss=0.6914 mean_loss=0.7137 classification=0.0470, bbox_regression=0.0549, bbox_ctrness=0.5896
epoch 33/50 iter 620/1860 loss=0.8391 mean_loss=0.7146 classification=0.1465, bbox_regression=0.0964, bbox_ctrness=0.5962
epoch 33/50 iter 640/1860 loss=0.6220 mean_loss=0.7143 classification=0.0065, bbox_regression=0.0443, bbox_ctrness=0.5712
epoch 33/50 iter 660/1860 loss=0.6608 mean_loss=0.7154 classification=0.0145, bbox_regression=0.0482, bbox_ctrness=0.5981
epoch 33/50 iter 680/1860 loss=0.7787 mean_loss=0.7155 classification=0.0514, bbox_regression=0.1047, bbox_ctrness=0.6226
epoch 33/50 iter 700/1860 loss=0.7160 mean_loss=0.7145 classification=0.0298, bbox_regression=0.0919, bbox_ctrness=0.5942
epoch 33/50 iter 720/1860 loss=0.6751 mean_loss=0.7140 classification=0.0116, bbox_regression=0.0552, bbox_ctrness=0.6082
epoch 33/50 iter 740/1860 loss=0.6497 mean_loss=0.7150 classification=0.0005, bbox_regression=0.0487, bbox_ctrness=0.6006
epoch 33/50 iter 760/1860 loss=0.7306 mean_loss=0.7147 classification=0.0502, bbox_regression=0.0872, bbox_ctrness=0.5931
epoch 33/50 iter 780/1860 loss=0.6722 mean_loss=0.7141 classification=0.0055, bbox_regression=0.0573, bbox_ctrness=0.6095
epoch 33/50 iter 800/1860 loss=0.6801 mean_loss=0.7151 classification=0.0114, bbox_regression=0.0551, bbox_ctrness=0.6137
epoch 33/50 iter 820/1860 loss=0.6519 mean_loss=0.7145 classification=0.0074, bbox_regression=0.0549, bbox_ctrness=0.5896
epoch 33/50 iter 840/1860 loss=0.6672 mean_loss=0.7141 classification=0.0018, bbox_regression=0.0525, bbox_ctrness=0.6129
epoch 33/50 iter 860/1860 loss=1.0057 mean_loss=0.7144 classification=0.2130, bbox_regression=0.1742, bbox_ctrness=0.6185
epoch 33/50 iter 880/1860 loss=0.7682 mean_loss=0.7141 classification=0.0626, bbox_regression=0.0901, bbox_ctrness=0.6154
epoch 33/50 iter 900/1860 loss=0.6838 mean_loss=0.7139 classification=0.0187, bbox_regression=0.0589, bbox_ctrness=0.6062
epoch 33/50 iter 920/1860 loss=0.7878 mean_loss=0.7139 classification=0.0755, bbox_regression=0.0886, bbox_ctrness=0.6238
epoch 33/50 iter 940/1860 loss=0.6971 mean_loss=0.7151 classification=0.0393, bbox_regression=0.0592, bbox_ctrness=0.5986
epoch 33/50 iter 960/1860 loss=0.6794 mean_loss=0.7149 classification=0.0261, bbox_regression=0.0529, bbox_ctrness=0.6005
epoch 33/50 iter 980/1860 loss=0.7339 mean_loss=0.7147 classification=0.0378, bbox_regression=0.0987, bbox_ctrness=0.5974
epoch 33/50 iter 1000/1860 loss=0.6390 mean_loss=0.7153 classification=0.0039, bbox_regression=0.0470, bbox_ctrness=0.5882
epoch 33/50 iter 1020/1860 loss=0.6982 mean_loss=0.7150 classification=0.0237, bbox_regression=0.0680, bbox_ctrness=0.6065
epoch 33/50 iter 1040/1860 loss=0.6751 mean_loss=0.7150 classification=0.0026, bbox_regression=0.0621, bbox_ctrness=0.6104
epoch 33/50 iter 1060/1860 loss=0.6588 mean_loss=0.7145 classification=0.0031, bbox_regression=0.0615, bbox_ctrness=0.5942
epoch 33/50 iter 1080/1860 loss=0.7147 mean_loss=0.7145 classification=0.0615, bbox_regression=0.0653, bbox_ctrness=0.5879
epoch 33/50 iter 1100/1860 loss=0.6633 mean_loss=0.7139 classification=0.0112, bbox_regression=0.0485, bbox_ctrness=0.6035
epoch 33/50 iter 1120/1860 loss=0.7084 mean_loss=0.7134 classification=0.0247, bbox_regression=0.0768, bbox_ctrness=0.6069
epoch 33/50 iter 1140/1860 loss=0.6633 mean_loss=0.7135 classification=0.0075, bbox_regression=0.0437, bbox_ctrness=0.6121
epoch 33/50 iter 1160/1860 loss=0.6792 mean_loss=0.7135 classification=0.0199, bbox_regression=0.0637, bbox_ctrness=0.5956
epoch 33/50 iter 1180/1860 loss=0.6827 mean_loss=0.7134 classification=0.0099, bbox_regression=0.0598, bbox_ctrness=0.6130
epoch 33/50 iter 1200/1860 loss=0.6604 mean_loss=0.7137 classification=0.0058, bbox_regression=0.0461, bbox_ctrness=0.6084
epoch 33/50 iter 1220/1860 loss=0.8492 mean_loss=0.7142 classification=0.1115, bbox_regression=0.1277, bbox_ctrness=0.6101
epoch 33/50 iter 1240/1860 loss=0.7080 mean_loss=0.7147 classification=0.0221, bbox_regression=0.0735, bbox_ctrness=0.6123
epoch 33/50 iter 1260/1860 loss=0.6694 mean_loss=0.7146 classification=0.0102, bbox_regression=0.0549, bbox_ctrness=0.6043
epoch 33/50 iter 1280/1860 loss=0.6845 mean_loss=0.7142 classification=0.0230, bbox_regression=0.0615, bbox_ctrness=0.6000
epoch 33/50 iter 1300/1860 loss=0.6448 mean_loss=0.7140 classification=0.0105, bbox_regression=0.0497, bbox_ctrness=0.5846
epoch 33/50 iter 1320/1860 loss=0.6953 mean_loss=0.7138 classification=0.0090, bbox_regression=0.0653, bbox_ctrness=0.6210
epoch 33/50 iter 1340/1860 loss=0.6778 mean_loss=0.7145 classification=0.0229, bbox_regression=0.0473, bbox_ctrness=0.6076
epoch 33/50 iter 1360/1860 loss=0.6755 mean_loss=0.7151 classification=0.0368, bbox_regression=0.0562, bbox_ctrness=0.5826
epoch 33/50 iter 1380/1860 loss=0.6754 mean_loss=0.7156 classification=0.0089, bbox_regression=0.0695, bbox_ctrness=0.5971
epoch 33/50 iter 1400/1860 loss=0.9717 mean_loss=0.7157 classification=0.1718, bbox_regression=0.1817, bbox_ctrness=0.6183
epoch 33/50 iter 1420/1860 loss=0.7532 mean_loss=0.7157 classification=0.0513, bbox_regression=0.0896, bbox_ctrness=0.6123
epoch 33/50 iter 1440/1860 loss=0.8712 mean_loss=0.7162 classification=0.1135, bbox_regression=0.1514, bbox_ctrness=0.6063
epoch 33/50 iter 1460/1860 loss=0.7390 mean_loss=0.7165 classification=0.0595, bbox_regression=0.0821, bbox_ctrness=0.5974
epoch 33/50 iter 1480/1860 loss=0.6600 mean_loss=0.7165 classification=0.0107, bbox_regression=0.0538, bbox_ctrness=0.5954
epoch 33/50 iter 1500/1860 loss=0.6722 mean_loss=0.7164 classification=0.0284, bbox_regression=0.0340, bbox_ctrness=0.6097
epoch 33/50 iter 1520/1860 loss=0.7000 mean_loss=0.7166 classification=0.0349, bbox_regression=0.0757, bbox_ctrness=0.5895
epoch 33/50 iter 1540/1860 loss=0.6620 mean_loss=0.7160 classification=0.0055, bbox_regression=0.0622, bbox_ctrness=0.5942
epoch 33/50 iter 1560/1860 loss=0.6589 mean_loss=0.7158 classification=0.0103, bbox_regression=0.0526, bbox_ctrness=0.5961
epoch 33/50 iter 1580/1860 loss=0.6543 mean_loss=0.7158 classification=0.0047, bbox_regression=0.0544, bbox_ctrness=0.5952
epoch 33/50 iter 1600/1860 loss=0.7076 mean_loss=0.7155 classification=0.0644, bbox_regression=0.0433, bbox_ctrness=0.5999
epoch 33/50 iter 1620/1860 loss=0.8607 mean_loss=0.7155 classification=0.1280, bbox_regression=0.1217, bbox_ctrness=0.6111
epoch 33/50 iter 1640/1860 loss=0.6942 mean_loss=0.7157 classification=0.0258, bbox_regression=0.0622, bbox_ctrness=0.6061
epoch 33/50 iter 1660/1860 loss=0.7663 mean_loss=0.7155 classification=0.0583, bbox_regression=0.0947, bbox_ctrness=0.6134
epoch 33/50 iter 1680/1860 loss=0.6695 mean_loss=0.7157 classification=0.0031, bbox_regression=0.0544, bbox_ctrness=0.6119
epoch 33/50 iter 1700/1860 loss=1.2394 mean_loss=0.7161 classification=0.3211, bbox_regression=0.3011, bbox_ctrness=0.6172
epoch 33/50 iter 1720/1860 loss=0.6744 mean_loss=0.7165 classification=0.0297, bbox_regression=0.0523, bbox_ctrness=0.5924
epoch 33/50 iter 1740/1860 loss=0.7179 mean_loss=0.7165 classification=0.0367, bbox_regression=0.0818, bbox_ctrness=0.5993
epoch 33/50 iter 1760/1860 loss=0.6709 mean_loss=0.7169 classification=0.0148, bbox_regression=0.0628, bbox_ctrness=0.5933
epoch 33/50 iter 1780/1860 loss=0.6390 mean_loss=0.7167 classification=0.0197, bbox_regression=0.0383, bbox_ctrness=0.5811
epoch 33/50 iter 1800/1860 loss=0.6721 mean_loss=0.7170 classification=0.0105, bbox_regression=0.0641, bbox_ctrness=0.5976
epoch 33/50 iter 1820/1860 loss=0.7398 mean_loss=0.7171 classification=0.0390, bbox_regression=0.0814, bbox_ctrness=0.6195
epoch 33/50 iter 1840/1860 loss=0.6620 mean_loss=0.7171 classification=0.0133, bbox_regression=0.0531, bbox_ctrness=0.5956
epoch 33/50 iter 1860/1860 loss=0.7112 mean_loss=0.7171 classification=0.0133, bbox_regression=0.0743, bbox_ctrness=0.6235
epoch 33 validation Precision=0.3781 Recall=0.9610 AP50=0.9314 AP75=0.8480 eval_fps=18.72 epoch_time_sec=856.5
saved checkpoint: E:\RepViT-main\runs\v48_complete_ablation\training\early_moddrop_seed1\weights\last.pt
epoch 34/50 iter 1/1860 loss=0.7025 mean_loss=0.7025 classification=0.0246, bbox_regression=0.0689, bbox_ctrness=0.6090
epoch 34/50 iter 20/1860 loss=0.6560 mean_loss=0.6979 classification=0.0050, bbox_regression=0.0490, bbox_ctrness=0.6019
epoch 34/50 iter 40/1860 loss=0.6846 mean_loss=0.7057 classification=0.0166, bbox_regression=0.0642, bbox_ctrness=0.6037
epoch 34/50 iter 60/1860 loss=0.7166 mean_loss=0.7114 classification=0.0328, bbox_regression=0.0874, bbox_ctrness=0.5965
epoch 34/50 iter 80/1860 loss=1.2987 mean_loss=0.7227 classification=0.2990, bbox_regression=0.3362, bbox_ctrness=0.6636
epoch 34/50 iter 100/1860 loss=0.7674 mean_loss=0.7215 classification=0.0778, bbox_regression=0.1004, bbox_ctrness=0.5891
epoch 34/50 iter 120/1860 loss=0.6467 mean_loss=0.7282 classification=0.0044, bbox_regression=0.0308, bbox_ctrness=0.6115
epoch 34/50 iter 140/1860 loss=0.6651 mean_loss=0.7264 classification=0.0076, bbox_regression=0.0550, bbox_ctrness=0.6025
epoch 34/50 iter 160/1860 loss=1.0194 mean_loss=0.7268 classification=0.2128, bbox_regression=0.2058, bbox_ctrness=0.6008
epoch 34/50 iter 180/1860 loss=0.7910 mean_loss=0.7244 classification=0.0770, bbox_regression=0.0970, bbox_ctrness=0.6171
epoch 34/50 iter 200/1860 loss=0.9085 mean_loss=0.7249 classification=0.1726, bbox_regression=0.1256, bbox_ctrness=0.6102
epoch 34/50 iter 220/1860 loss=0.6301 mean_loss=0.7233 classification=0.0040, bbox_regression=0.0396, bbox_ctrness=0.5865
epoch 34/50 iter 240/1860 loss=0.6614 mean_loss=0.7232 classification=0.0068, bbox_regression=0.0545, bbox_ctrness=0.6001
epoch 34/50 iter 260/1860 loss=0.6680 mean_loss=0.7211 classification=0.0038, bbox_regression=0.0457, bbox_ctrness=0.6186
epoch 34/50 iter 280/1860 loss=0.6595 mean_loss=0.7193 classification=0.0031, bbox_regression=0.0464, bbox_ctrness=0.6100
epoch 34/50 iter 300/1860 loss=0.7555 mean_loss=0.7203 classification=0.0665, bbox_regression=0.0834, bbox_ctrness=0.6056
epoch 34/50 iter 320/1860 loss=0.7215 mean_loss=0.7193 classification=0.0534, bbox_regression=0.0669, bbox_ctrness=0.6012
epoch 34/50 iter 340/1860 loss=0.7092 mean_loss=0.7198 classification=0.0410, bbox_regression=0.0664, bbox_ctrness=0.6019
epoch 34/50 iter 360/1860 loss=1.1191 mean_loss=0.7195 classification=0.2867, bbox_regression=0.2214, bbox_ctrness=0.6109
epoch 34/50 iter 380/1860 loss=0.6619 mean_loss=0.7181 classification=0.0045, bbox_regression=0.0497, bbox_ctrness=0.6077
epoch 34/50 iter 400/1860 loss=0.6709 mean_loss=0.7181 classification=0.0122, bbox_regression=0.0576, bbox_ctrness=0.6011
epoch 34/50 iter 420/1860 loss=0.6806 mean_loss=0.7166 classification=0.0106, bbox_regression=0.0704, bbox_ctrness=0.5997
epoch 34/50 iter 440/1860 loss=0.6700 mean_loss=0.7171 classification=0.0030, bbox_regression=0.0694, bbox_ctrness=0.5976
epoch 34/50 iter 460/1860 loss=0.6992 mean_loss=0.7163 classification=0.0502, bbox_regression=0.0560, bbox_ctrness=0.5930
epoch 34/50 iter 480/1860 loss=0.6552 mean_loss=0.7169 classification=0.0103, bbox_regression=0.0535, bbox_ctrness=0.5913
epoch 34/50 iter 500/1860 loss=0.7721 mean_loss=0.7173 classification=0.0575, bbox_regression=0.1029, bbox_ctrness=0.6117
epoch 34/50 iter 520/1860 loss=0.6608 mean_loss=0.7201 classification=0.0063, bbox_regression=0.0565, bbox_ctrness=0.5980
epoch 34/50 iter 540/1860 loss=0.6611 mean_loss=0.7211 classification=0.0061, bbox_regression=0.0488, bbox_ctrness=0.6062
epoch 34/50 iter 560/1860 loss=0.6267 mean_loss=0.7203 classification=0.0063, bbox_regression=0.0415, bbox_ctrness=0.5790
epoch 34/50 iter 580/1860 loss=0.6922 mean_loss=0.7205 classification=0.0008, bbox_regression=0.0781, bbox_ctrness=0.6133
epoch 34/50 iter 600/1860 loss=0.6956 mean_loss=0.7195 classification=0.0421, bbox_regression=0.0592, bbox_ctrness=0.5943
epoch 34/50 iter 620/1860 loss=0.6352 mean_loss=0.7183 classification=0.0044, bbox_regression=0.0339, bbox_ctrness=0.5968
epoch 34/50 iter 640/1860 loss=0.7878 mean_loss=0.7177 classification=0.1134, bbox_regression=0.0659, bbox_ctrness=0.6086
epoch 34/50 iter 660/1860 loss=0.6677 mean_loss=0.7169 classification=0.0098, bbox_regression=0.0579, bbox_ctrness=0.6000
epoch 34/50 iter 680/1860 loss=0.7754 mean_loss=0.7174 classification=0.0580, bbox_regression=0.1062, bbox_ctrness=0.6112
epoch 34/50 iter 700/1860 loss=0.7854 mean_loss=0.7178 classification=0.0827, bbox_regression=0.1051, bbox_ctrness=0.5977
epoch 34/50 iter 720/1860 loss=0.6909 mean_loss=0.7174 classification=0.0294, bbox_regression=0.0544, bbox_ctrness=0.6071
epoch 34/50 iter 740/1860 loss=0.6627 mean_loss=0.7176 classification=0.0237, bbox_regression=0.0487, bbox_ctrness=0.5903
epoch 34/50 iter 760/1860 loss=0.6374 mean_loss=0.7175 classification=0.0036, bbox_regression=0.0486, bbox_ctrness=0.5851
epoch 34/50 iter 780/1860 loss=0.6856 mean_loss=0.7173 classification=0.0232, bbox_regression=0.0537, bbox_ctrness=0.6087
epoch 34/50 iter 800/1860 loss=0.7258 mean_loss=0.7176 classification=0.0471, bbox_regression=0.0773, bbox_ctrness=0.6014
epoch 34/50 iter 820/1860 loss=0.6718 mean_loss=0.7169 classification=0.0111, bbox_regression=0.0664, bbox_ctrness=0.5943
epoch 34/50 iter 840/1860 loss=0.6576 mean_loss=0.7172 classification=0.0137, bbox_regression=0.0511, bbox_ctrness=0.5928
epoch 34/50 iter 860/1860 loss=0.6513 mean_loss=0.7171 classification=0.0033, bbox_regression=0.0587, bbox_ctrness=0.5893
epoch 34/50 iter 880/1860 loss=0.7846 mean_loss=0.7174 classification=0.0830, bbox_regression=0.0896, bbox_ctrness=0.6120
epoch 34/50 iter 900/1860 loss=0.6576 mean_loss=0.7172 classification=0.0160, bbox_regression=0.0356, bbox_ctrness=0.6060
epoch 34/50 iter 920/1860 loss=0.8459 mean_loss=0.7172 classification=0.1247, bbox_regression=0.1263, bbox_ctrness=0.5949
epoch 34/50 iter 940/1860 loss=0.7159 mean_loss=0.7180 classification=0.0289, bbox_regression=0.0796, bbox_ctrness=0.6074
epoch 34/50 iter 960/1860 loss=0.6700 mean_loss=0.7173 classification=0.0090, bbox_regression=0.0617, bbox_ctrness=0.5993
epoch 34/50 iter 980/1860 loss=0.7513 mean_loss=0.7171 classification=0.0677, bbox_regression=0.0755, bbox_ctrness=0.6081
epoch 34/50 iter 1000/1860 loss=0.6865 mean_loss=0.7176 classification=0.0250, bbox_regression=0.0603, bbox_ctrness=0.6011
epoch 34/50 iter 1020/1860 loss=0.8310 mean_loss=0.7180 classification=0.0935, bbox_regression=0.1349, bbox_ctrness=0.6027
epoch 34/50 iter 1040/1860 loss=0.7230 mean_loss=0.7186 classification=0.0269, bbox_regression=0.0835, bbox_ctrness=0.6127
epoch 34/50 iter 1060/1860 loss=0.6760 mean_loss=0.7183 classification=0.0136, bbox_regression=0.0610, bbox_ctrness=0.6014
epoch 34/50 iter 1080/1860 loss=0.6599 mean_loss=0.7183 classification=0.0220, bbox_regression=0.0482, bbox_ctrness=0.5897
epoch 34/50 iter 1100/1860 loss=0.6593 mean_loss=0.7185 classification=0.0113, bbox_regression=0.0505, bbox_ctrness=0.5974
epoch 34/50 iter 1120/1860 loss=0.7045 mean_loss=0.7188 classification=0.0631, bbox_regression=0.0631, bbox_ctrness=0.5783
epoch 34/50 iter 1140/1860 loss=0.6630 mean_loss=0.7186 classification=0.0081, bbox_regression=0.0488, bbox_ctrness=0.6060
epoch 34/50 iter 1160/1860 loss=0.6696 mean_loss=0.7181 classification=0.0043, bbox_regression=0.0498, bbox_ctrness=0.6156
epoch 34/50 iter 1180/1860 loss=0.7565 mean_loss=0.7183 classification=0.0615, bbox_regression=0.0869, bbox_ctrness=0.6081
epoch 34/50 iter 1200/1860 loss=0.7105 mean_loss=0.7181 classification=0.0372, bbox_regression=0.0614, bbox_ctrness=0.6119
epoch 34/50 iter 1220/1860 loss=0.6459 mean_loss=0.7181 classification=0.0062, bbox_regression=0.0490, bbox_ctrness=0.5907
epoch 34/50 iter 1240/1860 loss=0.7009 mean_loss=0.7185 classification=0.0220, bbox_regression=0.0660, bbox_ctrness=0.6130
epoch 34/50 iter 1260/1860 loss=0.7225 mean_loss=0.7181 classification=0.0273, bbox_regression=0.1030, bbox_ctrness=0.5922
epoch 34/50 iter 1280/1860 loss=0.6737 mean_loss=0.7181 classification=0.0034, bbox_regression=0.0583, bbox_ctrness=0.6121
epoch 34/50 iter 1300/1860 loss=0.6653 mean_loss=0.7182 classification=0.0171, bbox_regression=0.0537, bbox_ctrness=0.5945
epoch 34/50 iter 1320/1860 loss=0.8865 mean_loss=0.7182 classification=0.1246, bbox_regression=0.1432, bbox_ctrness=0.6186
epoch 34/50 iter 1340/1860 loss=0.6831 mean_loss=0.7182 classification=0.0213, bbox_regression=0.0515, bbox_ctrness=0.6103
epoch 34/50 iter 1360/1860 loss=0.6559 mean_loss=0.7179 classification=0.0114, bbox_regression=0.0535, bbox_ctrness=0.5910
epoch 34/50 iter 1380/1860 loss=0.6918 mean_loss=0.7176 classification=0.0287, bbox_regression=0.0542, bbox_ctrness=0.6089
epoch 34/50 iter 1400/1860 loss=0.7309 mean_loss=0.7178 classification=0.0479, bbox_regression=0.0868, bbox_ctrness=0.5962
epoch 34/50 iter 1420/1860 loss=0.7408 mean_loss=0.7180 classification=0.0509, bbox_regression=0.0783, bbox_ctrness=0.6116
epoch 34/50 iter 1440/1860 loss=0.7927 mean_loss=0.7187 classification=0.0710, bbox_regression=0.0962, bbox_ctrness=0.6255
epoch 34/50 iter 1460/1860 loss=0.7733 mean_loss=0.7184 classification=0.0860, bbox_regression=0.0839, bbox_ctrness=0.6034
epoch 34/50 iter 1480/1860 loss=0.6807 mean_loss=0.7183 classification=0.0088, bbox_regression=0.0648, bbox_ctrness=0.6071
epoch 34/50 iter 1500/1860 loss=0.6610 mean_loss=0.7181 classification=0.0160, bbox_regression=0.0462, bbox_ctrness=0.5989
epoch 34/50 iter 1520/1860 loss=0.7302 mean_loss=0.7181 classification=0.0485, bbox_regression=0.0827, bbox_ctrness=0.5990
epoch 34/50 iter 1540/1860 loss=0.6635 mean_loss=0.7178 classification=0.0047, bbox_regression=0.0625, bbox_ctrness=0.5962
epoch 34/50 iter 1560/1860 loss=0.6769 mean_loss=0.7184 classification=0.0116, bbox_regression=0.0635, bbox_ctrness=0.6018
epoch 34/50 iter 1580/1860 loss=0.9439 mean_loss=0.7188 classification=0.1318, bbox_regression=0.1797, bbox_ctrness=0.6324
epoch 34/50 iter 1600/1860 loss=0.6621 mean_loss=0.7188 classification=0.0013, bbox_regression=0.0629, bbox_ctrness=0.5978
epoch 34/50 iter 1620/1860 loss=0.7898 mean_loss=0.7189 classification=0.0693, bbox_regression=0.1279, bbox_ctrness=0.5926
epoch 34/50 iter 1640/1860 loss=0.6316 mean_loss=0.7184 classification=0.0031, bbox_regression=0.0409, bbox_ctrness=0.5875
epoch 34/50 iter 1660/1860 loss=0.6628 mean_loss=0.7181 classification=0.0038, bbox_regression=0.0542, bbox_ctrness=0.6048
epoch 34/50 iter 1680/1860 loss=0.9211 mean_loss=0.7185 classification=0.1339, bbox_regression=0.1544, bbox_ctrness=0.6328
epoch 34/50 iter 1700/1860 loss=0.6653 mean_loss=0.7187 classification=0.0143, bbox_regression=0.0554, bbox_ctrness=0.5956
epoch 34/50 iter 1720/1860 loss=0.6686 mean_loss=0.7187 classification=0.0092, bbox_regression=0.0486, bbox_ctrness=0.6108
epoch 34/50 iter 1740/1860 loss=0.6673 mean_loss=0.7185 classification=0.0223, bbox_regression=0.0517, bbox_ctrness=0.5933
epoch 34/50 iter 1760/1860 loss=0.6471 mean_loss=0.7181 classification=0.0087, bbox_regression=0.0447, bbox_ctrness=0.5937
epoch 34/50 iter 1780/1860 loss=0.6712 mean_loss=0.7183 classification=0.0042, bbox_regression=0.0616, bbox_ctrness=0.6054
epoch 34/50 iter 1800/1860 loss=0.6210 mean_loss=0.7181 classification=0.0050, bbox_regression=0.0395, bbox_ctrness=0.5764
epoch 34/50 iter 1820/1860 loss=0.6950 mean_loss=0.7182 classification=0.0166, bbox_regression=0.0654, bbox_ctrness=0.6131
epoch 34/50 iter 1840/1860 loss=0.6678 mean_loss=0.7182 classification=0.0071, bbox_regression=0.0749, bbox_ctrness=0.5858
epoch 34/50 iter 1860/1860 loss=0.7041 mean_loss=0.7178 classification=0.0112, bbox_regression=0.0731, bbox_ctrness=0.6198
epoch 34 validation Precision=0.7580 Recall=0.9332 AP50=0.9163 AP75=0.8373 eval_fps=20.31 epoch_time_sec=849.3
saved checkpoint: E:\RepViT-main\runs\v48_complete_ablation\training\early_moddrop_seed1\weights\last.pt
epoch 35/50 iter 1/1860 loss=0.7093 mean_loss=0.7093 classification=0.0334, bbox_regression=0.0815, bbox_ctrness=0.5944
epoch 35/50 iter 20/1860 loss=0.8386 mean_loss=0.7024 classification=0.1146, bbox_regression=0.1298, bbox_ctrness=0.5943
epoch 35/50 iter 40/1860 loss=0.6552 mean_loss=0.6964 classification=0.0024, bbox_regression=0.0451, bbox_ctrness=0.6078
epoch 35/50 iter 60/1860 loss=0.7426 mean_loss=0.7093 classification=0.0240, bbox_regression=0.1029, bbox_ctrness=0.6157
epoch 35/50 iter 80/1860 loss=0.9266 mean_loss=0.7189 classification=0.1732, bbox_regression=0.1246, bbox_ctrness=0.6287
epoch 35/50 iter 100/1860 loss=0.6880 mean_loss=0.7194 classification=0.0306, bbox_regression=0.0592, bbox_ctrness=0.5982
epoch 35/50 iter 120/1860 loss=0.6565 mean_loss=0.7255 classification=0.0041, bbox_regression=0.0522, bbox_ctrness=0.6002
epoch 35/50 iter 140/1860 loss=0.6919 mean_loss=0.7225 classification=0.0263, bbox_regression=0.0724, bbox_ctrness=0.5932
epoch 35/50 iter 160/1860 loss=0.7288 mean_loss=0.7209 classification=0.0435, bbox_regression=0.0844, bbox_ctrness=0.6009
epoch 35/50 iter 180/1860 loss=0.6745 mean_loss=0.7184 classification=0.0193, bbox_regression=0.0564, bbox_ctrness=0.5988
epoch 35/50 iter 200/1860 loss=0.6612 mean_loss=0.7145 classification=0.0138, bbox_regression=0.0531, bbox_ctrness=0.5944
epoch 35/50 iter 220/1860 loss=0.9868 mean_loss=0.7188 classification=0.2218, bbox_regression=0.1507, bbox_ctrness=0.6144
epoch 35/50 iter 240/1860 loss=0.6784 mean_loss=0.7213 classification=0.0052, bbox_regression=0.0580, bbox_ctrness=0.6151
epoch 35/50 iter 260/1860 loss=0.6370 mean_loss=0.7197 classification=0.0074, bbox_regression=0.0410, bbox_ctrness=0.5886
epoch 35/50 iter 280/1860 loss=0.7717 mean_loss=0.7180 classification=0.0688, bbox_regression=0.0892, bbox_ctrness=0.6137
epoch 35/50 iter 300/1860 loss=0.6487 mean_loss=0.7162 classification=0.0037, bbox_regression=0.0500, bbox_ctrness=0.5950
epoch 35/50 iter 320/1860 loss=0.6523 mean_loss=0.7158 classification=0.0052, bbox_regression=0.0492, bbox_ctrness=0.5979
epoch 35/50 iter 340/1860 loss=0.6661 mean_loss=0.7183 classification=0.0107, bbox_regression=0.0564, bbox_ctrness=0.5991
epoch 35/50 iter 360/1860 loss=0.6733 mean_loss=0.7182 classification=0.0210, bbox_regression=0.0611, bbox_ctrness=0.5911
epoch 35/50 iter 380/1860 loss=0.6841 mean_loss=0.7183 classification=0.0244, bbox_regression=0.0561, bbox_ctrness=0.6036
epoch 35/50 iter 400/1860 loss=0.6507 mean_loss=0.7172 classification=0.0095, bbox_regression=0.0527, bbox_ctrness=0.5885
epoch 35/50 iter 420/1860 loss=0.7010 mean_loss=0.7187 classification=0.0033, bbox_regression=0.0670, bbox_ctrness=0.6307
epoch 35/50 iter 440/1860 loss=0.6936 mean_loss=0.7186 classification=0.0172, bbox_regression=0.0610, bbox_ctrness=0.6154
epoch 35/50 iter 460/1860 loss=0.6552 mean_loss=0.7189 classification=0.0135, bbox_regression=0.0474, bbox_ctrness=0.5943
epoch 35/50 iter 480/1860 loss=0.7910 mean_loss=0.7184 classification=0.0862, bbox_regression=0.1096, bbox_ctrness=0.5953
epoch 35/50 iter 500/1860 loss=0.7092 mean_loss=0.7180 classification=0.0344, bbox_regression=0.0887, bbox_ctrness=0.5861
epoch 35/50 iter 520/1860 loss=0.8596 mean_loss=0.7197 classification=0.1100, bbox_regression=0.1383, bbox_ctrness=0.6113
epoch 35/50 iter 540/1860 loss=0.6653 mean_loss=0.7194 classification=0.0303, bbox_regression=0.0401, bbox_ctrness=0.5949
epoch 35/50 iter 560/1860 loss=0.6902 mean_loss=0.7195 classification=0.0118, bbox_regression=0.0708, bbox_ctrness=0.6076
epoch 35/50 iter 580/1860 loss=0.6410 mean_loss=0.7189 classification=0.0053, bbox_regression=0.0473, bbox_ctrness=0.5884
epoch 35/50 iter 600/1860 loss=0.6526 mean_loss=0.7176 classification=0.0073, bbox_regression=0.0464, bbox_ctrness=0.5990
epoch 35/50 iter 620/1860 loss=0.6807 mean_loss=0.7177 classification=0.0057, bbox_regression=0.0645, bbox_ctrness=0.6106
epoch 35/50 iter 640/1860 loss=0.6513 mean_loss=0.7177 classification=0.0038, bbox_regression=0.0465, bbox_ctrness=0.6011
epoch 35/50 iter 660/1860 loss=0.6304 mean_loss=0.7188 classification=0.0049, bbox_regression=0.0444, bbox_ctrness=0.5810
epoch 35/50 iter 680/1860 loss=0.7240 mean_loss=0.7187 classification=0.0456, bbox_regression=0.0746, bbox_ctrness=0.6039
epoch 35/50 iter 700/1860 loss=0.6678 mean_loss=0.7184 classification=0.0251, bbox_regression=0.0572, bbox_ctrness=0.5855
epoch 35/50 iter 720/1860 loss=0.6819 mean_loss=0.7184 classification=0.0268, bbox_regression=0.0643, bbox_ctrness=0.5908
epoch 35/50 iter 740/1860 loss=0.7263 mean_loss=0.7178 classification=0.0374, bbox_regression=0.0870, bbox_ctrness=0.6019
epoch 35/50 iter 760/1860 loss=0.6669 mean_loss=0.7178 classification=0.0073, bbox_regression=0.0649, bbox_ctrness=0.5947
epoch 35/50 iter 780/1860 loss=0.6595 mean_loss=0.7184 classification=0.0188, bbox_regression=0.0522, bbox_ctrness=0.5884
epoch 35/50 iter 800/1860 loss=0.6771 mean_loss=0.7198 classification=0.0166, bbox_regression=0.0713, bbox_ctrness=0.5893
epoch 35/50 iter 820/1860 loss=0.8444 mean_loss=0.7195 classification=0.0997, bbox_regression=0.1237, bbox_ctrness=0.6210
epoch 35/50 iter 840/1860 loss=0.8305 mean_loss=0.7192 classification=0.0986, bbox_regression=0.1284, bbox_ctrness=0.6035
epoch 35/50 iter 860/1860 loss=0.6607 mean_loss=0.7194 classification=0.0116, bbox_regression=0.0562, bbox_ctrness=0.5929
epoch 35/50 iter 880/1860 loss=0.6889 mean_loss=0.7195 classification=0.0301, bbox_regression=0.0666, bbox_ctrness=0.5923
epoch 35/50 iter 900/1860 loss=0.7767 mean_loss=0.7193 classification=0.0428, bbox_regression=0.1195, bbox_ctrness=0.6144
epoch 35/50 iter 920/1860 loss=0.6729 mean_loss=0.7187 classification=0.0022, bbox_regression=0.0533, bbox_ctrness=0.6174
epoch 35/50 iter 940/1860 loss=0.6410 mean_loss=0.7188 classification=0.0022, bbox_regression=0.0448, bbox_ctrness=0.5940
epoch 35/50 iter 960/1860 loss=0.6498 mean_loss=0.7189 classification=0.0066, bbox_regression=0.0506, bbox_ctrness=0.5926
epoch 35/50 iter 980/1860 loss=0.6819 mean_loss=0.7186 classification=0.0180, bbox_regression=0.0668, bbox_ctrness=0.5972
epoch 35/50 iter 1000/1860 loss=0.7140 mean_loss=0.7188 classification=0.0192, bbox_regression=0.0855, bbox_ctrness=0.6093
epoch 35/50 iter 1020/1860 loss=0.6891 mean_loss=0.7191 classification=0.0251, bbox_regression=0.0764, bbox_ctrness=0.5876
epoch 35/50 iter 1040/1860 loss=0.6601 mean_loss=0.7190 classification=0.0152, bbox_regression=0.0503, bbox_ctrness=0.5946
epoch 35/50 iter 1060/1860 loss=0.6446 mean_loss=0.7182 classification=0.0106, bbox_regression=0.0440, bbox_ctrness=0.5900
epoch 35/50 iter 1080/1860 loss=0.6962 mean_loss=0.7183 classification=0.0192, bbox_regression=0.0606, bbox_ctrness=0.6165
epoch 35/50 iter 1100/1860 loss=0.7226 mean_loss=0.7185 classification=0.0372, bbox_regression=0.0880, bbox_ctrness=0.5974
epoch 35/50 iter 1120/1860 loss=0.7663 mean_loss=0.7180 classification=0.0512, bbox_regression=0.0905, bbox_ctrness=0.6245
epoch 35/50 iter 1140/1860 loss=0.7177 mean_loss=0.7178 classification=0.0279, bbox_regression=0.0868, bbox_ctrness=0.6030
epoch 35/50 iter 1160/1860 loss=0.7114 mean_loss=0.7176 classification=0.0383, bbox_regression=0.0684, bbox_ctrness=0.6046
epoch 35/50 iter 1180/1860 loss=0.7031 mean_loss=0.7175 classification=0.0282, bbox_regression=0.0570, bbox_ctrness=0.6178
epoch 35/50 iter 1200/1860 loss=0.6964 mean_loss=0.7177 classification=0.0191, bbox_regression=0.0669, bbox_ctrness=0.6104
epoch 35/50 iter 1220/1860 loss=0.6762 mean_loss=0.7173 classification=0.0184, bbox_regression=0.0572, bbox_ctrness=0.6007
epoch 35/50 iter 1240/1860 loss=0.6858 mean_loss=0.7174 classification=0.0265, bbox_regression=0.0603, bbox_ctrness=0.5991
epoch 35/50 iter 1260/1860 loss=0.7321 mean_loss=0.7176 classification=0.0236, bbox_regression=0.0797, bbox_ctrness=0.6288
epoch 35/50 iter 1280/1860 loss=0.7032 mean_loss=0.7179 classification=0.0221, bbox_regression=0.0755, bbox_ctrness=0.6057
epoch 35/50 iter 1300/1860 loss=1.1226 mean_loss=0.7181 classification=0.2820, bbox_regression=0.2360, bbox_ctrness=0.6047
epoch 35/50 iter 1320/1860 loss=0.7338 mean_loss=0.7178 classification=0.0634, bbox_regression=0.0554, bbox_ctrness=0.6151
epoch 35/50 iter 1340/1860 loss=0.6524 mean_loss=0.7174 classification=0.0100, bbox_regression=0.0399, bbox_ctrness=0.6025
epoch 35/50 iter 1360/1860 loss=0.6542 mean_loss=0.7170 classification=0.0240, bbox_regression=0.0426, bbox_ctrness=0.5876
epoch 35/50 iter 1380/1860 loss=0.6606 mean_loss=0.7169 classification=0.0057, bbox_regression=0.0487, bbox_ctrness=0.6062
epoch 35/50 iter 1400/1860 loss=0.6574 mean_loss=0.7169 classification=0.0139, bbox_regression=0.0467, bbox_ctrness=0.5968
epoch 35/50 iter 1420/1860 loss=0.7207 mean_loss=0.7169 classification=0.0347, bbox_regression=0.0997, bbox_ctrness=0.5862
epoch 35/50 iter 1440/1860 loss=0.6704 mean_loss=0.7172 classification=0.0119, bbox_regression=0.0579, bbox_ctrness=0.6006
epoch 35/50 iter 1460/1860 loss=0.6611 mean_loss=0.7172 classification=0.0166, bbox_regression=0.0645, bbox_ctrness=0.5800
epoch 35/50 iter 1480/1860 loss=0.6461 mean_loss=0.7174 classification=0.0059, bbox_regression=0.0406, bbox_ctrness=0.5996
epoch 35/50 iter 1500/1860 loss=0.6776 mean_loss=0.7176 classification=0.0236, bbox_regression=0.0477, bbox_ctrness=0.6063
epoch 35/50 iter 1520/1860 loss=0.6633 mean_loss=0.7177 classification=0.0090, bbox_regression=0.0527, bbox_ctrness=0.6015
epoch 35/50 iter 1540/1860 loss=0.6578 mean_loss=0.7178 classification=0.0033, bbox_regression=0.0385, bbox_ctrness=0.6160
epoch 35/50 iter 1560/1860 loss=0.6462 mean_loss=0.7174 classification=0.0006, bbox_regression=0.0384, bbox_ctrness=0.6072
epoch 35/50 iter 1580/1860 loss=0.7405 mean_loss=0.7174 classification=0.0714, bbox_regression=0.0642, bbox_ctrness=0.6049
epoch 35/50 iter 1600/1860 loss=0.6942 mean_loss=0.7173 classification=0.0175, bbox_regression=0.0767, bbox_ctrness=0.6000
epoch 35/50 iter 1620/1860 loss=0.6554 mean_loss=0.7169 classification=0.0039, bbox_regression=0.0511, bbox_ctrness=0.6005
epoch 35/50 iter 1640/1860 loss=0.7269 mean_loss=0.7172 classification=0.0388, bbox_regression=0.0720, bbox_ctrness=0.6160
epoch 35/50 iter 1660/1860 loss=0.8122 mean_loss=0.7174 classification=0.1047, bbox_regression=0.1130, bbox_ctrness=0.5945
epoch 35/50 iter 1680/1860 loss=0.6875 mean_loss=0.7174 classification=0.0186, bbox_regression=0.0811, bbox_ctrness=0.5878
epoch 35/50 iter 1700/1860 loss=0.7273 mean_loss=0.7175 classification=0.0416, bbox_regression=0.0812, bbox_ctrness=0.6045
epoch 35/50 iter 1720/1860 loss=0.6633 mean_loss=0.7175 classification=0.0097, bbox_regression=0.0455, bbox_ctrness=0.6081
epoch 35/50 iter 1740/1860 loss=1.0331 mean_loss=0.7174 classification=0.2486, bbox_regression=0.1833, bbox_ctrness=0.6012
epoch 35/50 iter 1760/1860 loss=0.6938 mean_loss=0.7174 classification=0.0270, bbox_regression=0.0647, bbox_ctrness=0.6021
epoch 35/50 iter 1780/1860 loss=1.2578 mean_loss=0.7177 classification=0.3742, bbox_regression=0.2607, bbox_ctrness=0.6229
epoch 35/50 iter 1800/1860 loss=0.6779 mean_loss=0.7176 classification=0.0168, bbox_regression=0.0533, bbox_ctrness=0.6078
epoch 35/50 iter 1820/1860 loss=0.6740 mean_loss=0.7177 classification=0.0068, bbox_regression=0.0546, bbox_ctrness=0.6127
epoch 35/50 iter 1840/1860 loss=0.6501 mean_loss=0.7177 classification=0.0144, bbox_regression=0.0504, bbox_ctrness=0.5853
epoch 35/50 iter 1860/1860 loss=0.7109 mean_loss=0.7175 classification=0.0549, bbox_regression=0.0501, bbox_ctrness=0.6059
epoch 35 validation Precision=0.4312 Recall=0.9559 AP50=0.9287 AP75=0.8465 eval_fps=18.64 epoch_time_sec=859.8
saved checkpoint: E:\RepViT-main\runs\v48_complete_ablation\training\early_moddrop_seed1\weights\last.pt
epoch 36/50 iter 1/1860 loss=0.8104 mean_loss=0.8104 classification=0.0692, bbox_regression=0.1239, bbox_ctrness=0.6173
epoch 36/50 iter 20/1860 loss=0.8086 mean_loss=0.7282 classification=0.1069, bbox_regression=0.1049, bbox_ctrness=0.5968
epoch 36/50 iter 40/1860 loss=0.8150 mean_loss=0.7182 classification=0.1023, bbox_regression=0.1118, bbox_ctrness=0.6009
epoch 36/50 iter 60/1860 loss=0.6658 mean_loss=0.7148 classification=0.0071, bbox_regression=0.0563, bbox_ctrness=0.6024
epoch 36/50 iter 80/1860 loss=0.6640 mean_loss=0.7179 classification=0.0083, bbox_regression=0.0562, bbox_ctrness=0.5995
epoch 36/50 iter 100/1860 loss=0.6909 mean_loss=0.7145 classification=0.0174, bbox_regression=0.0597, bbox_ctrness=0.6138
epoch 36/50 iter 120/1860 loss=0.6803 mean_loss=0.7109 classification=0.0319, bbox_regression=0.0525, bbox_ctrness=0.5959
epoch 36/50 iter 140/1860 loss=0.9968 mean_loss=0.7101 classification=0.1749, bbox_regression=0.1968, bbox_ctrness=0.6251
epoch 36/50 iter 160/1860 loss=0.7042 mean_loss=0.7081 classification=0.0341, bbox_regression=0.0800, bbox_ctrness=0.5901
epoch 36/50 iter 180/1860 loss=0.6792 mean_loss=0.7075 classification=0.0179, bbox_regression=0.0639, bbox_ctrness=0.5974
epoch 36/50 iter 200/1860 loss=0.8733 mean_loss=0.7065 classification=0.1299, bbox_regression=0.1195, bbox_ctrness=0.6239
epoch 36/50 iter 220/1860 loss=0.6739 mean_loss=0.7074 classification=0.0198, bbox_regression=0.0604, bbox_ctrness=0.5937
epoch 36/50 iter 240/1860 loss=0.7579 mean_loss=0.7067 classification=0.0474, bbox_regression=0.0977, bbox_ctrness=0.6128
epoch 36/50 iter 260/1860 loss=0.6692 mean_loss=0.7084 classification=0.0028, bbox_regression=0.0557, bbox_ctrness=0.6107
epoch 36/50 iter 280/1860 loss=0.6413 mean_loss=0.7086 classification=0.0105, bbox_regression=0.0403, bbox_ctrness=0.5906
epoch 36/50 iter 300/1860 loss=0.7092 mean_loss=0.7114 classification=0.0171, bbox_regression=0.0734, bbox_ctrness=0.6187
epoch 36/50 iter 320/1860 loss=1.0434 mean_loss=0.7123 classification=0.2519, bbox_regression=0.1706, bbox_ctrness=0.6210
epoch 36/50 iter 340/1860 loss=0.6719 mean_loss=0.7114 classification=0.0143, bbox_regression=0.0513, bbox_ctrness=0.6063
epoch 36/50 iter 360/1860 loss=0.6552 mean_loss=0.7100 classification=0.0089, bbox_regression=0.0561, bbox_ctrness=0.5902
epoch 36/50 iter 380/1860 loss=0.6661 mean_loss=0.7107 classification=0.0057, bbox_regression=0.0465, bbox_ctrness=0.6139
epoch 36/50 iter 400/1860 loss=0.6767 mean_loss=0.7110 classification=0.0111, bbox_regression=0.0532, bbox_ctrness=0.6124
epoch 36/50 iter 420/1860 loss=0.7877 mean_loss=0.7100 classification=0.0719, bbox_regression=0.1002, bbox_ctrness=0.6156
epoch 36/50 iter 440/1860 loss=0.6544 mean_loss=0.7105 classification=0.0132, bbox_regression=0.0550, bbox_ctrness=0.5863
epoch 36/50 iter 460/1860 loss=0.6606 mean_loss=0.7106 classification=0.0067, bbox_regression=0.0665, bbox_ctrness=0.5874
epoch 36/50 iter 480/1860 loss=0.6982 mean_loss=0.7102 classification=0.0220, bbox_regression=0.0719, bbox_ctrness=0.6042
epoch 36/50 iter 500/1860 loss=0.7335 mean_loss=0.7118 classification=0.0311, bbox_regression=0.0922, bbox_ctrness=0.6101
epoch 36/50 iter 520/1860 loss=0.9544 mean_loss=0.7131 classification=0.1879, bbox_regression=0.1468, bbox_ctrness=0.6196
epoch 36/50 iter 540/1860 loss=0.6380 mean_loss=0.7133 classification=0.0053, bbox_regression=0.0463, bbox_ctrness=0.5863
epoch 36/50 iter 560/1860 loss=0.6556 mean_loss=0.7139 classification=0.0052, bbox_regression=0.0413, bbox_ctrness=0.6090
epoch 36/50 iter 580/1860 loss=0.6720 mean_loss=0.7139 classification=0.0057, bbox_regression=0.0509, bbox_ctrness=0.6154
epoch 36/50 iter 600/1860 loss=0.6694 mean_loss=0.7132 classification=0.0061, bbox_regression=0.0542, bbox_ctrness=0.6090
epoch 36/50 iter 620/1860 loss=0.6757 mean_loss=0.7125 classification=0.0174, bbox_regression=0.0705, bbox_ctrness=0.5877
epoch 36/50 iter 640/1860 loss=0.6702 mean_loss=0.7128 classification=0.0052, bbox_regression=0.0530, bbox_ctrness=0.6119
epoch 36/50 iter 660/1860 loss=0.6387 mean_loss=0.7116 classification=0.0017, bbox_regression=0.0360, bbox_ctrness=0.6010
epoch 36/50 iter 680/1860 loss=0.7119 mean_loss=0.7115 classification=0.0362, bbox_regression=0.0744, bbox_ctrness=0.6013
epoch 36/50 iter 700/1860 loss=0.7642 mean_loss=0.7123 classification=0.0569, bbox_regression=0.0931, bbox_ctrness=0.6141
epoch 36/50 iter 720/1860 loss=1.1387 mean_loss=0.7135 classification=0.3001, bbox_regression=0.2215, bbox_ctrness=0.6170
epoch 36/50 iter 740/1860 loss=0.7272 mean_loss=0.7145 classification=0.0464, bbox_regression=0.0749, bbox_ctrness=0.6060
epoch 36/50 iter 760/1860 loss=0.6670 mean_loss=0.7148 classification=0.0079, bbox_regression=0.0686, bbox_ctrness=0.5905
epoch 36/50 iter 780/1860 loss=1.1156 mean_loss=0.7148 classification=0.3660, bbox_regression=0.1455, bbox_ctrness=0.6041
epoch 36/50 iter 800/1860 loss=0.7448 mean_loss=0.7157 classification=0.0656, bbox_regression=0.0904, bbox_ctrness=0.5888
epoch 36/50 iter 820/1860 loss=0.6520 mean_loss=0.7165 classification=0.0057, bbox_regression=0.0364, bbox_ctrness=0.6099
epoch 36/50 iter 840/1860 loss=0.6745 mean_loss=0.7162 classification=0.0328, bbox_regression=0.0486, bbox_ctrness=0.5931
epoch 36/50 iter 860/1860 loss=0.9254 mean_loss=0.7164 classification=0.1209, bbox_regression=0.1660, bbox_ctrness=0.6385
epoch 36/50 iter 880/1860 loss=0.6682 mean_loss=0.7161 classification=0.0178, bbox_regression=0.0555, bbox_ctrness=0.5948
epoch 36/50 iter 900/1860 loss=0.6528 mean_loss=0.7157 classification=0.0142, bbox_regression=0.0503, bbox_ctrness=0.5883
epoch 36/50 iter 920/1860 loss=0.6928 mean_loss=0.7154 classification=0.0138, bbox_regression=0.0575, bbox_ctrness=0.6214
epoch 36/50 iter 940/1860 loss=0.6470 mean_loss=0.7153 classification=0.0062, bbox_regression=0.0456, bbox_ctrness=0.5953
epoch 36/50 iter 960/1860 loss=0.9903 mean_loss=0.7151 classification=0.2214, bbox_regression=0.1528, bbox_ctrness=0.6161
epoch 36/50 iter 980/1860 loss=0.6534 mean_loss=0.7144 classification=0.0026, bbox_regression=0.0490, bbox_ctrness=0.6018
epoch 36/50 iter 1000/1860 loss=0.6875 mean_loss=0.7142 classification=0.0109, bbox_regression=0.0745, bbox_ctrness=0.6021
epoch 36/50 iter 1020/1860 loss=0.6686 mean_loss=0.7140 classification=0.0124, bbox_regression=0.0657, bbox_ctrness=0.5906
epoch 36/50 iter 1040/1860 loss=0.6867 mean_loss=0.7142 classification=0.0177, bbox_regression=0.0646, bbox_ctrness=0.6045
epoch 36/50 iter 1060/1860 loss=0.7003 mean_loss=0.7141 classification=0.0306, bbox_regression=0.0607, bbox_ctrness=0.6090
epoch 36/50 iter 1080/1860 loss=0.6632 mean_loss=0.7144 classification=0.0080, bbox_regression=0.0408, bbox_ctrness=0.6144
epoch 36/50 iter 1100/1860 loss=0.6747 mean_loss=0.7146 classification=0.0031, bbox_regression=0.0421, bbox_ctrness=0.6296
epoch 36/50 iter 1120/1860 loss=0.7721 mean_loss=0.7143 classification=0.0534, bbox_regression=0.1042, bbox_ctrness=0.6145
epoch 36/50 iter 1140/1860 loss=0.6503 mean_loss=0.7138 classification=0.0054, bbox_regression=0.0508, bbox_ctrness=0.5941
epoch 36/50 iter 1160/1860 loss=0.6955 mean_loss=0.7139 classification=0.0456, bbox_regression=0.0621, bbox_ctrness=0.5878
epoch 36/50 iter 1180/1860 loss=0.6544 mean_loss=0.7138 classification=0.0076, bbox_regression=0.0633, bbox_ctrness=0.5835
epoch 36/50 iter 1200/1860 loss=0.6712 mean_loss=0.7136 classification=0.0248, bbox_regression=0.0531, bbox_ctrness=0.5933
epoch 36/50 iter 1220/1860 loss=0.6513 mean_loss=0.7139 classification=0.0071, bbox_regression=0.0620, bbox_ctrness=0.5823
epoch 36/50 iter 1240/1860 loss=0.6925 mean_loss=0.7138 classification=0.0144, bbox_regression=0.0809, bbox_ctrness=0.5972
epoch 36/50 iter 1260/1860 loss=0.7698 mean_loss=0.7137 classification=0.0782, bbox_regression=0.0893, bbox_ctrness=0.6023
epoch 36/50 iter 1280/1860 loss=0.6478 mean_loss=0.7134 classification=0.0136, bbox_regression=0.0418, bbox_ctrness=0.5924
epoch 36/50 iter 1300/1860 loss=0.7903 mean_loss=0.7132 classification=0.0622, bbox_regression=0.1227, bbox_ctrness=0.6054
epoch 36/50 iter 1320/1860 loss=0.6847 mean_loss=0.7131 classification=0.0136, bbox_regression=0.0702, bbox_ctrness=0.6009
epoch 36/50 iter 1340/1860 loss=0.7145 mean_loss=0.7130 classification=0.0467, bbox_regression=0.0649, bbox_ctrness=0.6029
epoch 36/50 iter 1360/1860 loss=0.7627 mean_loss=0.7132 classification=0.0617, bbox_regression=0.0930, bbox_ctrness=0.6080
epoch 36/50 iter 1380/1860 loss=0.6629 mean_loss=0.7131 classification=0.0190, bbox_regression=0.0511, bbox_ctrness=0.5928
epoch 36/50 iter 1400/1860 loss=0.6496 mean_loss=0.7134 classification=0.0034, bbox_regression=0.0497, bbox_ctrness=0.5965
epoch 36/50 iter 1420/1860 loss=0.6441 mean_loss=0.7131 classification=0.0060, bbox_regression=0.0417, bbox_ctrness=0.5964
epoch 36/50 iter 1440/1860 loss=0.6744 mean_loss=0.7131 classification=0.0162, bbox_regression=0.0624, bbox_ctrness=0.5958
epoch 36/50 iter 1460/1860 loss=0.7482 mean_loss=0.7130 classification=0.0712, bbox_regression=0.0810, bbox_ctrness=0.5960
epoch 36/50 iter 1480/1860 loss=0.6680 mean_loss=0.7128 classification=0.0113, bbox_regression=0.0534, bbox_ctrness=0.6032
epoch 36/50 iter 1500/1860 loss=0.6942 mean_loss=0.7130 classification=0.0164, bbox_regression=0.0668, bbox_ctrness=0.6110
epoch 36/50 iter 1520/1860 loss=1.0035 mean_loss=0.7132 classification=0.1896, bbox_regression=0.1967, bbox_ctrness=0.6172
epoch 36/50 iter 1540/1860 loss=0.6643 mean_loss=0.7130 classification=0.0160, bbox_regression=0.0510, bbox_ctrness=0.5972
epoch 36/50 iter 1560/1860 loss=0.6542 mean_loss=0.7131 classification=0.0054, bbox_regression=0.0535, bbox_ctrness=0.5953
epoch 36/50 iter 1580/1860 loss=0.6899 mean_loss=0.7137 classification=0.0313, bbox_regression=0.0533, bbox_ctrness=0.6053
epoch 36/50 iter 1600/1860 loss=0.8603 mean_loss=0.7140 classification=0.1862, bbox_regression=0.0701, bbox_ctrness=0.6040
epoch 36/50 iter 1620/1860 loss=0.6997 mean_loss=0.7147 classification=0.0294, bbox_regression=0.0663, bbox_ctrness=0.6040
epoch 36/50 iter 1640/1860 loss=0.7558 mean_loss=0.7146 classification=0.0746, bbox_regression=0.0864, bbox_ctrness=0.5948
epoch 36/50 iter 1660/1860 loss=0.7067 mean_loss=0.7146 classification=0.0154, bbox_regression=0.0906, bbox_ctrness=0.6007
epoch 36/50 iter 1680/1860 loss=0.7917 mean_loss=0.7152 classification=0.0771, bbox_regression=0.1004, bbox_ctrness=0.6142
epoch 36/50 iter 1700/1860 loss=0.6656 mean_loss=0.7151 classification=0.0082, bbox_regression=0.0532, bbox_ctrness=0.6042
epoch 36/50 iter 1720/1860 loss=0.6596 mean_loss=0.7150 classification=0.0128, bbox_regression=0.0525, bbox_ctrness=0.5943
epoch 36/50 iter 1740/1860 loss=0.6713 mean_loss=0.7150 classification=0.0181, bbox_regression=0.0590, bbox_ctrness=0.5942
epoch 36/50 iter 1760/1860 loss=0.9504 mean_loss=0.7152 classification=0.1766, bbox_regression=0.1653, bbox_ctrness=0.6085
epoch 36/50 iter 1780/1860 loss=0.6995 mean_loss=0.7151 classification=0.0256, bbox_regression=0.0843, bbox_ctrness=0.5895
epoch 36/50 iter 1800/1860 loss=0.6853 mean_loss=0.7149 classification=0.0020, bbox_regression=0.0575, bbox_ctrness=0.6258
epoch 36/50 iter 1820/1860 loss=0.6636 mean_loss=0.7150 classification=0.0038, bbox_regression=0.0405, bbox_ctrness=0.6193
epoch 36/50 iter 1840/1860 loss=0.6458 mean_loss=0.7149 classification=0.0014, bbox_regression=0.0388, bbox_ctrness=0.6056
epoch 36/50 iter 1860/1860 loss=0.7271 mean_loss=0.7147 classification=0.0499, bbox_regression=0.0638, bbox_ctrness=0.6134
epoch 36 validation Precision=0.6094 Recall=0.9485 AP50=0.9273 AP75=0.8469 eval_fps=19.78 epoch_time_sec=852.8
saved checkpoint: E:\RepViT-main\runs\v48_complete_ablation\training\early_moddrop_seed1\weights\last.pt
epoch 37/50 iter 1/1860 loss=0.6321 mean_loss=0.6321 classification=0.0028, bbox_regression=0.0315, bbox_ctrness=0.5978
epoch 37/50 iter 20/1860 loss=0.7364 mean_loss=0.7083 classification=0.0633, bbox_regression=0.0844, bbox_ctrness=0.5887
epoch 37/50 iter 40/1860 loss=0.6601 mean_loss=0.7114 classification=0.0053, bbox_regression=0.0548, bbox_ctrness=0.6000
epoch 37/50 iter 60/1860 loss=0.6489 mean_loss=0.7077 classification=0.0127, bbox_regression=0.0495, bbox_ctrness=0.5866
epoch 37/50 iter 80/1860 loss=0.6476 mean_loss=0.7052 classification=0.0122, bbox_regression=0.0478, bbox_ctrness=0.5876
epoch 37/50 iter 100/1860 loss=0.6786 mean_loss=0.7070 classification=0.0143, bbox_regression=0.0537, bbox_ctrness=0.6106
epoch 37/50 iter 120/1860 loss=0.6954 mean_loss=0.7107 classification=0.0396, bbox_regression=0.0642, bbox_ctrness=0.5916
epoch 37/50 iter 140/1860 loss=0.8070 mean_loss=0.7163 classification=0.0655, bbox_regression=0.1289, bbox_ctrness=0.6126
epoch 37/50 iter 160/1860 loss=0.6873 mean_loss=0.7157 classification=0.0382, bbox_regression=0.0522, bbox_ctrness=0.5969
epoch 37/50 iter 180/1860 loss=0.7185 mean_loss=0.7178 classification=0.0278, bbox_regression=0.0790, bbox_ctrness=0.6117
epoch 37/50 iter 200/1860 loss=0.7084 mean_loss=0.7169 classification=0.0256, bbox_regression=0.0891, bbox_ctrness=0.5937
epoch 37/50 iter 220/1860 loss=0.6584 mean_loss=0.7163 classification=0.0071, bbox_regression=0.0566, bbox_ctrness=0.5947
epoch 37/50 iter 240/1860 loss=0.7909 mean_loss=0.7161 classification=0.0674, bbox_regression=0.1140, bbox_ctrness=0.6095
epoch 37/50 iter 260/1860 loss=0.6804 mean_loss=0.7160 classification=0.0090, bbox_regression=0.0577, bbox_ctrness=0.6138
epoch 37/50 iter 280/1860 loss=1.2979 mean_loss=0.7165 classification=0.3551, bbox_regression=0.3094, bbox_ctrness=0.6335
epoch 37/50 iter 300/1860 loss=0.7998 mean_loss=0.7174 classification=0.1004, bbox_regression=0.0843, bbox_ctrness=0.6152
epoch 37/50 iter 320/1860 loss=0.7604 mean_loss=0.7169 classification=0.0631, bbox_regression=0.0935, bbox_ctrness=0.6038
epoch 37/50 iter 340/1860 loss=0.6986 mean_loss=0.7150 classification=0.0118, bbox_regression=0.0760, bbox_ctrness=0.6108
epoch 37/50 iter 360/1860 loss=0.6634 mean_loss=0.7171 classification=0.0139, bbox_regression=0.0679, bbox_ctrness=0.5815
epoch 37/50 iter 380/1860 loss=0.6722 mean_loss=0.7154 classification=0.0023, bbox_regression=0.0623, bbox_ctrness=0.6076
epoch 37/50 iter 400/1860 loss=0.6628 mean_loss=0.7146 classification=0.0092, bbox_regression=0.0514, bbox_ctrness=0.6022
epoch 37/50 iter 420/1860 loss=0.6431 mean_loss=0.7146 classification=0.0056, bbox_regression=0.0634, bbox_ctrness=0.5741
epoch 37/50 iter 440/1860 loss=0.6979 mean_loss=0.7151 classification=0.0146, bbox_regression=0.0771, bbox_ctrness=0.6062
epoch 37/50 iter 460/1860 loss=0.8136 mean_loss=0.7145 classification=0.1390, bbox_regression=0.0853, bbox_ctrness=0.5894
epoch 37/50 iter 480/1860 loss=0.7117 mean_loss=0.7146 classification=0.0311, bbox_regression=0.0718, bbox_ctrness=0.6089
epoch 37/50 iter 500/1860 loss=0.6580 mean_loss=0.7138 classification=0.0004, bbox_regression=0.0556, bbox_ctrness=0.6020
epoch 37/50 iter 520/1860 loss=0.6525 mean_loss=0.7140 classification=0.0042, bbox_regression=0.0468, bbox_ctrness=0.6015
epoch 37/50 iter 540/1860 loss=0.6887 mean_loss=0.7145 classification=0.0218, bbox_regression=0.0748, bbox_ctrness=0.5920
epoch 37/50 iter 560/1860 loss=0.6465 mean_loss=0.7145 classification=0.0075, bbox_regression=0.0467, bbox_ctrness=0.5923
epoch 37/50 iter 580/1860 loss=0.6789 mean_loss=0.7139 classification=0.0300, bbox_regression=0.0616, bbox_ctrness=0.5873
epoch 37/50 iter 600/1860 loss=0.6596 mean_loss=0.7141 classification=0.0088, bbox_regression=0.0524, bbox_ctrness=0.5984
epoch 37/50 iter 620/1860 loss=0.6611 mean_loss=0.7137 classification=0.0029, bbox_regression=0.0486, bbox_ctrness=0.6096
epoch 37/50 iter 640/1860 loss=0.6622 mean_loss=0.7139 classification=0.0026, bbox_regression=0.0534, bbox_ctrness=0.6062
epoch 37/50 iter 660/1860 loss=0.6561 mean_loss=0.7137 classification=0.0035, bbox_regression=0.0446, bbox_ctrness=0.6080
epoch 37/50 iter 680/1860 loss=0.6414 mean_loss=0.7145 classification=0.0031, bbox_regression=0.0440, bbox_ctrness=0.5943
epoch 37/50 iter 700/1860 loss=0.6701 mean_loss=0.7143 classification=0.0013, bbox_regression=0.0503, bbox_ctrness=0.6185
epoch 37/50 iter 720/1860 loss=0.6598 mean_loss=0.7140 classification=0.0161, bbox_regression=0.0591, bbox_ctrness=0.5846
epoch 37/50 iter 740/1860 loss=0.6538 mean_loss=0.7135 classification=0.0129, bbox_regression=0.0581, bbox_ctrness=0.5828
epoch 37/50 iter 760/1860 loss=0.6693 mean_loss=0.7138 classification=0.0131, bbox_regression=0.0467, bbox_ctrness=0.6095
epoch 37/50 iter 780/1860 loss=0.6998 mean_loss=0.7137 classification=0.0190, bbox_regression=0.0750, bbox_ctrness=0.6057
epoch 37/50 iter 800/1860 loss=0.7412 mean_loss=0.7131 classification=0.0390, bbox_regression=0.0938, bbox_ctrness=0.6085
epoch 37/50 iter 820/1860 loss=0.6593 mean_loss=0.7137 classification=0.0260, bbox_regression=0.0547, bbox_ctrness=0.5786
epoch 37/50 iter 840/1860 loss=0.7319 mean_loss=0.7131 classification=0.0516, bbox_regression=0.0740, bbox_ctrness=0.6063
epoch 37/50 iter 860/1860 loss=0.9862 mean_loss=0.7132 classification=0.1705, bbox_regression=0.1827, bbox_ctrness=0.6330
epoch 37/50 iter 880/1860 loss=0.7264 mean_loss=0.7131 classification=0.0376, bbox_regression=0.0762, bbox_ctrness=0.6127
epoch 37/50 iter 900/1860 loss=0.6504 mean_loss=0.7129 classification=0.0005, bbox_regression=0.0565, bbox_ctrness=0.5934
epoch 37/50 iter 920/1860 loss=0.6661 mean_loss=0.7140 classification=0.0029, bbox_regression=0.0564, bbox_ctrness=0.6068
epoch 37/50 iter 940/1860 loss=0.6986 mean_loss=0.7135 classification=0.0234, bbox_regression=0.0584, bbox_ctrness=0.6167
epoch 37/50 iter 960/1860 loss=0.6736 mean_loss=0.7141 classification=0.0419, bbox_regression=0.0409, bbox_ctrness=0.5908
epoch 37/50 iter 980/1860 loss=0.7160 mean_loss=0.7145 classification=0.0490, bbox_regression=0.0687, bbox_ctrness=0.5983
epoch 37/50 iter 1000/1860 loss=0.6781 mean_loss=0.7140 classification=0.0153, bbox_regression=0.0624, bbox_ctrness=0.6003
epoch 37/50 iter 1020/1860 loss=0.6519 mean_loss=0.7141 classification=0.0088, bbox_regression=0.0479, bbox_ctrness=0.5952
epoch 37/50 iter 1040/1860 loss=0.6902 mean_loss=0.7148 classification=0.0243, bbox_regression=0.0582, bbox_ctrness=0.6077
epoch 37/50 iter 1060/1860 loss=0.6721 mean_loss=0.7153 classification=0.0083, bbox_regression=0.0617, bbox_ctrness=0.6020
epoch 37/50 iter 1080/1860 loss=0.6661 mean_loss=0.7158 classification=0.0196, bbox_regression=0.0464, bbox_ctrness=0.6001
epoch 37/50 iter 1100/1860 loss=0.6783 mean_loss=0.7155 classification=0.0186, bbox_regression=0.0568, bbox_ctrness=0.6029
epoch 37/50 iter 1120/1860 loss=0.6838 mean_loss=0.7152 classification=0.0049, bbox_regression=0.0553, bbox_ctrness=0.6237
epoch 37/50 iter 1140/1860 loss=0.7071 mean_loss=0.7157 classification=0.0430, bbox_regression=0.0683, bbox_ctrness=0.5958
epoch 37/50 iter 1160/1860 loss=0.6548 mean_loss=0.7151 classification=0.0097, bbox_regression=0.0421, bbox_ctrness=0.6030
epoch 37/50 iter 1180/1860 loss=0.6803 mean_loss=0.7148 classification=0.0199, bbox_regression=0.0623, bbox_ctrness=0.5981
epoch 37/50 iter 1200/1860 loss=0.6644 mean_loss=0.7151 classification=0.0032, bbox_regression=0.0594, bbox_ctrness=0.6019
epoch 37/50 iter 1220/1860 loss=0.7724 mean_loss=0.7148 classification=0.0783, bbox_regression=0.0770, bbox_ctrness=0.6172
epoch 37/50 iter 1240/1860 loss=0.6677 mean_loss=0.7147 classification=0.0166, bbox_regression=0.0617, bbox_ctrness=0.5895
epoch 37/50 iter 1260/1860 loss=0.6718 mean_loss=0.7144 classification=0.0305, bbox_regression=0.0491, bbox_ctrness=0.5922
epoch 37/50 iter 1280/1860 loss=0.9483 mean_loss=0.7144 classification=0.1485, bbox_regression=0.1748, bbox_ctrness=0.6251
epoch 37/50 iter 1300/1860 loss=0.7228 mean_loss=0.7151 classification=0.0176, bbox_regression=0.0821, bbox_ctrness=0.6231
epoch 37/50 iter 1320/1860 loss=0.7144 mean_loss=0.7150 classification=0.0563, bbox_regression=0.0597, bbox_ctrness=0.5985
epoch 37/50 iter 1340/1860 loss=0.6571 mean_loss=0.7151 classification=0.0024, bbox_regression=0.0502, bbox_ctrness=0.6045
epoch 37/50 iter 1360/1860 loss=0.8999 mean_loss=0.7149 classification=0.1294, bbox_regression=0.1491, bbox_ctrness=0.6214
epoch 37/50 iter 1380/1860 loss=0.8973 mean_loss=0.7150 classification=0.1718, bbox_regression=0.1105, bbox_ctrness=0.6149
epoch 37/50 iter 1400/1860 loss=0.6730 mean_loss=0.7153 classification=0.0206, bbox_regression=0.0574, bbox_ctrness=0.5951
epoch 37/50 iter 1420/1860 loss=0.7470 mean_loss=0.7154 classification=0.0710, bbox_regression=0.0898, bbox_ctrness=0.5862
epoch 37/50 iter 1440/1860 loss=0.6412 mean_loss=0.7155 classification=0.0046, bbox_regression=0.0392, bbox_ctrness=0.5974
epoch 37/50 iter 1460/1860 loss=0.7463 mean_loss=0.7158 classification=0.0231, bbox_regression=0.1000, bbox_ctrness=0.6232
epoch 37/50 iter 1480/1860 loss=0.6579 mean_loss=0.7153 classification=0.0159, bbox_regression=0.0481, bbox_ctrness=0.5939
epoch 37/50 iter 1500/1860 loss=0.6240 mean_loss=0.7153 classification=0.0022, bbox_regression=0.0429, bbox_ctrness=0.5789
epoch 37/50 iter 1520/1860 loss=0.6672 mean_loss=0.7152 classification=0.0107, bbox_regression=0.0447, bbox_ctrness=0.6118
epoch 37/50 iter 1540/1860 loss=0.6861 mean_loss=0.7149 classification=0.0200, bbox_regression=0.0601, bbox_ctrness=0.6061
epoch 37/50 iter 1560/1860 loss=0.6493 mean_loss=0.7150 classification=0.0037, bbox_regression=0.0479, bbox_ctrness=0.5976
epoch 37/50 iter 1580/1860 loss=0.6464 mean_loss=0.7144 classification=0.0209, bbox_regression=0.0511, bbox_ctrness=0.5744
epoch 37/50 iter 1600/1860 loss=0.7295 mean_loss=0.7141 classification=0.0531, bbox_regression=0.0633, bbox_ctrness=0.6131
epoch 37/50 iter 1620/1860 loss=0.6622 mean_loss=0.7137 classification=0.0081, bbox_regression=0.0427, bbox_ctrness=0.6115
epoch 37/50 iter 1640/1860 loss=0.6448 mean_loss=0.7135 classification=0.0072, bbox_regression=0.0427, bbox_ctrness=0.5949
epoch 37/50 iter 1660/1860 loss=0.7108 mean_loss=0.7137 classification=0.0227, bbox_regression=0.0857, bbox_ctrness=0.6024
epoch 37/50 iter 1680/1860 loss=0.6418 mean_loss=0.7142 classification=0.0123, bbox_regression=0.0557, bbox_ctrness=0.5737
epoch 37/50 iter 1700/1860 loss=0.6667 mean_loss=0.7145 classification=0.0142, bbox_regression=0.0657, bbox_ctrness=0.5867
epoch 37/50 iter 1720/1860 loss=0.6695 mean_loss=0.7144 classification=0.0121, bbox_regression=0.0540, bbox_ctrness=0.6034
epoch 37/50 iter 1740/1860 loss=0.9103 mean_loss=0.7147 classification=0.1308, bbox_regression=0.1684, bbox_ctrness=0.6112
epoch 37/50 iter 1760/1860 loss=0.6794 mean_loss=0.7150 classification=0.0209, bbox_regression=0.0477, bbox_ctrness=0.6107
epoch 37/50 iter 1780/1860 loss=0.7777 mean_loss=0.7151 classification=0.0653, bbox_regression=0.1033, bbox_ctrness=0.6091
epoch 37/50 iter 1800/1860 loss=0.7176 mean_loss=0.7153 classification=0.0332, bbox_regression=0.0833, bbox_ctrness=0.6011
epoch 37/50 iter 1820/1860 loss=0.6556 mean_loss=0.7150 classification=0.0063, bbox_regression=0.0510, bbox_ctrness=0.5983
epoch 37/50 iter 1840/1860 loss=0.6708 mean_loss=0.7150 classification=0.0238, bbox_regression=0.0478, bbox_ctrness=0.5991
epoch 37/50 iter 1860/1860 loss=0.6630 mean_loss=0.7152 classification=0.0129, bbox_regression=0.0493, bbox_ctrness=0.6008
epoch 37 validation Precision=0.5497 Recall=0.9409 AP50=0.9160 AP75=0.8328 eval_fps=19.71 epoch_time_sec=861.1
saved checkpoint: E:\RepViT-main\runs\v48_complete_ablation\training\early_moddrop_seed1\weights\last.pt
epoch 38/50 iter 1/1860 loss=0.6897 mean_loss=0.6897 classification=0.0120, bbox_regression=0.0686, bbox_ctrness=0.6091
epoch 38/50 iter 20/1860 loss=0.6566 mean_loss=0.7256 classification=0.0080, bbox_regression=0.0595, bbox_ctrness=0.5890
epoch 38/50 iter 40/1860 loss=0.6469 mean_loss=0.7140 classification=0.0059, bbox_regression=0.0461, bbox_ctrness=0.5949
epoch 38/50 iter 60/1860 loss=0.6510 mean_loss=0.7118 classification=0.0045, bbox_regression=0.0556, bbox_ctrness=0.5909
epoch 38/50 iter 80/1860 loss=0.6662 mean_loss=0.7103 classification=0.0065, bbox_regression=0.0559, bbox_ctrness=0.6038
epoch 38/50 iter 100/1860 loss=0.7480 mean_loss=0.7044 classification=0.0550, bbox_regression=0.0989, bbox_ctrness=0.5941
epoch 38/50 iter 120/1860 loss=0.8988 mean_loss=0.7060 classification=0.1648, bbox_regression=0.1128, bbox_ctrness=0.6212
epoch 38/50 iter 140/1860 loss=0.6561 mean_loss=0.7053 classification=0.0134, bbox_regression=0.0491, bbox_ctrness=0.5936
epoch 38/50 iter 160/1860 loss=0.6704 mean_loss=0.7099 classification=0.0046, bbox_regression=0.0521, bbox_ctrness=0.6136
epoch 38/50 iter 180/1860 loss=0.6818 mean_loss=0.7100 classification=0.0280, bbox_regression=0.0532, bbox_ctrness=0.6007
epoch 38/50 iter 200/1860 loss=0.9314 mean_loss=0.7132 classification=0.1499, bbox_regression=0.1659, bbox_ctrness=0.6156
epoch 38/50 iter 220/1860 loss=0.7044 mean_loss=0.7125 classification=0.0571, bbox_regression=0.0694, bbox_ctrness=0.5778
epoch 38/50 iter 240/1860 loss=0.6503 mean_loss=0.7157 classification=0.0072, bbox_regression=0.0461, bbox_ctrness=0.5970
epoch 38/50 iter 260/1860 loss=0.9081 mean_loss=0.7168 classification=0.1364, bbox_regression=0.1558, bbox_ctrness=0.6160
epoch 38/50 iter 280/1860 loss=0.8252 mean_loss=0.7187 classification=0.1211, bbox_regression=0.1087, bbox_ctrness=0.5954
epoch 38/50 iter 300/1860 loss=0.6787 mean_loss=0.7189 classification=0.0195, bbox_regression=0.0654, bbox_ctrness=0.5938
epoch 38/50 iter 320/1860 loss=0.6695 mean_loss=0.7198 classification=0.0050, bbox_regression=0.0533, bbox_ctrness=0.6111
epoch 38/50 iter 340/1860 loss=0.8221 mean_loss=0.7188 classification=0.0817, bbox_regression=0.1188, bbox_ctrness=0.6217
epoch 38/50 iter 360/1860 loss=0.6657 mean_loss=0.7166 classification=0.0174, bbox_regression=0.0599, bbox_ctrness=0.5884
epoch 38/50 iter 380/1860 loss=0.6563 mean_loss=0.7154 classification=0.0111, bbox_regression=0.0473, bbox_ctrness=0.5980
epoch 38/50 iter 400/1860 loss=0.6752 mean_loss=0.7136 classification=0.0317, bbox_regression=0.0620, bbox_ctrness=0.5816
epoch 38/50 iter 420/1860 loss=0.8241 mean_loss=0.7123 classification=0.0868, bbox_regression=0.1211, bbox_ctrness=0.6162
epoch 38/50 iter 440/1860 loss=0.6545 mean_loss=0.7151 classification=0.0109, bbox_regression=0.0681, bbox_ctrness=0.5756
epoch 38/50 iter 460/1860 loss=0.6713 mean_loss=0.7144 classification=0.0014, bbox_regression=0.0617, bbox_ctrness=0.6082
epoch 38/50 iter 480/1860 loss=0.6491 mean_loss=0.7132 classification=0.0064, bbox_regression=0.0522, bbox_ctrness=0.5905
epoch 38/50 iter 500/1860 loss=0.6570 mean_loss=0.7126 classification=0.0035, bbox_regression=0.0482, bbox_ctrness=0.6052
epoch 38/50 iter 520/1860 loss=0.6556 mean_loss=0.7128 classification=0.0036, bbox_regression=0.0441, bbox_ctrness=0.6079
epoch 38/50 iter 540/1860 loss=0.6524 mean_loss=0.7124 classification=0.0010, bbox_regression=0.0323, bbox_ctrness=0.6190
epoch 38/50 iter 560/1860 loss=0.6608 mean_loss=0.7112 classification=0.0210, bbox_regression=0.0633, bbox_ctrness=0.5765
epoch 38/50 iter 580/1860 loss=0.6784 mean_loss=0.7102 classification=0.0246, bbox_regression=0.0536, bbox_ctrness=0.6003
epoch 38/50 iter 600/1860 loss=0.6804 mean_loss=0.7109 classification=0.0022, bbox_regression=0.0601, bbox_ctrness=0.6181
epoch 38/50 iter 620/1860 loss=0.8161 mean_loss=0.7114 classification=0.0858, bbox_regression=0.1260, bbox_ctrness=0.6043
epoch 38/50 iter 640/1860 loss=0.7026 mean_loss=0.7117 classification=0.0205, bbox_regression=0.0713, bbox_ctrness=0.6109
epoch 38/50 iter 660/1860 loss=0.6488 mean_loss=0.7110 classification=0.0062, bbox_regression=0.0471, bbox_ctrness=0.5955
epoch 38/50 iter 680/1860 loss=0.6963 mean_loss=0.7100 classification=0.0392, bbox_regression=0.0637, bbox_ctrness=0.5934
epoch 38/50 iter 700/1860 loss=0.6729 mean_loss=0.7100 classification=0.0098, bbox_regression=0.0512, bbox_ctrness=0.6119
epoch 38/50 iter 720/1860 loss=0.7654 mean_loss=0.7105 classification=0.0589, bbox_regression=0.0812, bbox_ctrness=0.6253
epoch 38/50 iter 740/1860 loss=0.6842 mean_loss=0.7106 classification=0.0103, bbox_regression=0.0708, bbox_ctrness=0.6031
epoch 38/50 iter 760/1860 loss=0.6525 mean_loss=0.7104 classification=0.0021, bbox_regression=0.0520, bbox_ctrness=0.5984
epoch 38/50 iter 780/1860 loss=0.6760 mean_loss=0.7103 classification=0.0198, bbox_regression=0.0486, bbox_ctrness=0.6076
epoch 38/50 iter 800/1860 loss=0.6742 mean_loss=0.7106 classification=0.0173, bbox_regression=0.0617, bbox_ctrness=0.5952
epoch 38/50 iter 820/1860 loss=0.6831 mean_loss=0.7103 classification=0.0147, bbox_regression=0.0529, bbox_ctrness=0.6155
epoch 38/50 iter 840/1860 loss=0.6618 mean_loss=0.7105 classification=0.0118, bbox_regression=0.0553, bbox_ctrness=0.5946
epoch 38/50 iter 860/1860 loss=0.6641 mean_loss=0.7099 classification=0.0156, bbox_regression=0.0525, bbox_ctrness=0.5960
epoch 38/50 iter 880/1860 loss=0.8209 mean_loss=0.7095 classification=0.0882, bbox_regression=0.1158, bbox_ctrness=0.6169
epoch 38/50 iter 900/1860 loss=1.1354 mean_loss=0.7099 classification=0.2781, bbox_regression=0.2194, bbox_ctrness=0.6379
epoch 38/50 iter 920/1860 loss=0.6556 mean_loss=0.7094 classification=0.0085, bbox_regression=0.0432, bbox_ctrness=0.6040
epoch 38/50 iter 940/1860 loss=0.6670 mean_loss=0.7095 classification=0.0251, bbox_regression=0.0533, bbox_ctrness=0.5886
epoch 38/50 iter 960/1860 loss=0.6389 mean_loss=0.7090 classification=0.0097, bbox_regression=0.0506, bbox_ctrness=0.5786
epoch 38/50 iter 980/1860 loss=0.9439 mean_loss=0.7089 classification=0.1578, bbox_regression=0.1573, bbox_ctrness=0.6289
epoch 38/50 iter 1000/1860 loss=0.6653 mean_loss=0.7090 classification=0.0075, bbox_regression=0.0522, bbox_ctrness=0.6055
epoch 38/50 iter 1020/1860 loss=0.6707 mean_loss=0.7095 classification=0.0152, bbox_regression=0.0612, bbox_ctrness=0.5943
epoch 38/50 iter 1040/1860 loss=0.6581 mean_loss=0.7096 classification=0.0040, bbox_regression=0.0521, bbox_ctrness=0.6020
epoch 38/50 iter 1060/1860 loss=0.6524 mean_loss=0.7094 classification=0.0095, bbox_regression=0.0614, bbox_ctrness=0.5815
epoch 38/50 iter 1080/1860 loss=0.6902 mean_loss=0.7093 classification=0.0083, bbox_regression=0.0682, bbox_ctrness=0.6137
epoch 38/50 iter 1100/1860 loss=0.6501 mean_loss=0.7089 classification=0.0089, bbox_regression=0.0381, bbox_ctrness=0.6030
epoch 38/50 iter 1120/1860 loss=0.6776 mean_loss=0.7087 classification=0.0260, bbox_regression=0.0483, bbox_ctrness=0.6034
epoch 38/50 iter 1140/1860 loss=0.6665 mean_loss=0.7089 classification=0.0221, bbox_regression=0.0477, bbox_ctrness=0.5967
epoch 38/50 iter 1160/1860 loss=0.6595 mean_loss=0.7091 classification=0.0106, bbox_regression=0.0473, bbox_ctrness=0.6017
epoch 38/50 iter 1180/1860 loss=0.7150 mean_loss=0.7094 classification=0.0395, bbox_regression=0.0583, bbox_ctrness=0.6172
epoch 38/50 iter 1200/1860 loss=0.9561 mean_loss=0.7096 classification=0.1822, bbox_regression=0.1526, bbox_ctrness=0.6213
epoch 38/50 iter 1220/1860 loss=1.1598 mean_loss=0.7099 classification=0.3544, bbox_regression=0.2024, bbox_ctrness=0.6030
epoch 38/50 iter 1240/1860 loss=0.6591 mean_loss=0.7101 classification=0.0172, bbox_regression=0.0584, bbox_ctrness=0.5835
epoch 38/50 iter 1260/1860 loss=0.6663 mean_loss=0.7106 classification=0.0121, bbox_regression=0.0622, bbox_ctrness=0.5919
epoch 38/50 iter 1280/1860 loss=0.6569 mean_loss=0.7108 classification=0.0074, bbox_regression=0.0540, bbox_ctrness=0.5955
epoch 38/50 iter 1300/1860 loss=0.7612 mean_loss=0.7109 classification=0.0577, bbox_regression=0.1003, bbox_ctrness=0.6032
epoch 38/50 iter 1320/1860 loss=0.6514 mean_loss=0.7110 classification=0.0007, bbox_regression=0.0450, bbox_ctrness=0.6058
epoch 38/50 iter 1340/1860 loss=0.6582 mean_loss=0.7116 classification=0.0074, bbox_regression=0.0556, bbox_ctrness=0.5952
epoch 38/50 iter 1360/1860 loss=0.6460 mean_loss=0.7122 classification=0.0183, bbox_regression=0.0521, bbox_ctrness=0.5757
epoch 38/50 iter 1380/1860 loss=0.8569 mean_loss=0.7123 classification=0.1205, bbox_regression=0.1330, bbox_ctrness=0.6033
epoch 38/50 iter 1400/1860 loss=0.7319 mean_loss=0.7122 classification=0.0762, bbox_regression=0.0600, bbox_ctrness=0.5957
epoch 38/50 iter 1420/1860 loss=0.6797 mean_loss=0.7122 classification=0.0193, bbox_regression=0.0523, bbox_ctrness=0.6081
epoch 38/50 iter 1440/1860 loss=0.7808 mean_loss=0.7120 classification=0.0739, bbox_regression=0.1009, bbox_ctrness=0.6061
epoch 38/50 iter 1460/1860 loss=0.6486 mean_loss=0.7116 classification=0.0107, bbox_regression=0.0567, bbox_ctrness=0.5812
epoch 38/50 iter 1480/1860 loss=0.6534 mean_loss=0.7114 classification=0.0152, bbox_regression=0.0483, bbox_ctrness=0.5899
epoch 38/50 iter 1500/1860 loss=0.6868 mean_loss=0.7112 classification=0.0092, bbox_regression=0.0704, bbox_ctrness=0.6072
epoch 38/50 iter 1520/1860 loss=0.6426 mean_loss=0.7109 classification=0.0009, bbox_regression=0.0392, bbox_ctrness=0.6026
epoch 38/50 iter 1540/1860 loss=0.7167 mean_loss=0.7111 classification=0.0234, bbox_regression=0.0899, bbox_ctrness=0.6034
epoch 38/50 iter 1560/1860 loss=0.7917 mean_loss=0.7109 classification=0.0795, bbox_regression=0.0924, bbox_ctrness=0.6197
epoch 38/50 iter 1580/1860 loss=0.7183 mean_loss=0.7116 classification=0.0438, bbox_regression=0.0739, bbox_ctrness=0.6006
epoch 38/50 iter 1600/1860 loss=0.6472 mean_loss=0.7116 classification=0.0057, bbox_regression=0.0446, bbox_ctrness=0.5970
epoch 38/50 iter 1620/1860 loss=0.6706 mean_loss=0.7116 classification=0.0157, bbox_regression=0.0584, bbox_ctrness=0.5965
epoch 38/50 iter 1640/1860 loss=0.7467 mean_loss=0.7115 classification=0.0478, bbox_regression=0.1042, bbox_ctrness=0.5946
epoch 38/50 iter 1660/1860 loss=0.6276 mean_loss=0.7115 classification=0.0053, bbox_regression=0.0431, bbox_ctrness=0.5792
epoch 38/50 iter 1680/1860 loss=0.7429 mean_loss=0.7116 classification=0.0624, bbox_regression=0.0836, bbox_ctrness=0.5969
epoch 38/50 iter 1700/1860 loss=0.6571 mean_loss=0.7119 classification=0.0133, bbox_regression=0.0496, bbox_ctrness=0.5942
epoch 38/50 iter 1720/1860 loss=0.7714 mean_loss=0.7125 classification=0.0578, bbox_regression=0.0991, bbox_ctrness=0.6145
epoch 38/50 iter 1740/1860 loss=0.6573 mean_loss=0.7125 classification=0.0076, bbox_regression=0.0436, bbox_ctrness=0.6061
epoch 38/50 iter 1760/1860 loss=0.6663 mean_loss=0.7123 classification=0.0024, bbox_regression=0.0574, bbox_ctrness=0.6065
epoch 38/50 iter 1780/1860 loss=0.9018 mean_loss=0.7123 classification=0.1570, bbox_regression=0.1395, bbox_ctrness=0.6053
epoch 38/50 iter 1800/1860 loss=0.6593 mean_loss=0.7125 classification=0.0141, bbox_regression=0.0419, bbox_ctrness=0.6033
epoch 38/50 iter 1820/1860 loss=0.7228 mean_loss=0.7128 classification=0.0396, bbox_regression=0.0803, bbox_ctrness=0.6029
epoch 38/50 iter 1840/1860 loss=0.6476 mean_loss=0.7127 classification=0.0130, bbox_regression=0.0545, bbox_ctrness=0.5800
epoch 38/50 iter 1860/1860 loss=0.6681 mean_loss=0.7128 classification=0.0179, bbox_regression=0.0421, bbox_ctrness=0.6081
epoch 38 validation Precision=0.7184 Recall=0.9344 AP50=0.9176 AP75=0.8418 eval_fps=20.28 epoch_time_sec=848.8
saved checkpoint: E:\RepViT-main\runs\v48_complete_ablation\training\early_moddrop_seed1\weights\last.pt
epoch 39/50 iter 1/1860 loss=0.6660 mean_loss=0.6660 classification=0.0065, bbox_regression=0.0653, bbox_ctrness=0.5942
epoch 39/50 iter 20/1860 loss=0.8936 mean_loss=0.7187 classification=0.1269, bbox_regression=0.1690, bbox_ctrness=0.5977
epoch 39/50 iter 40/1860 loss=0.6605 mean_loss=0.7281 classification=0.0188, bbox_regression=0.0554, bbox_ctrness=0.5863
epoch 39/50 iter 60/1860 loss=0.7314 mean_loss=0.7258 classification=0.0456, bbox_regression=0.0828, bbox_ctrness=0.6030
epoch 39/50 iter 80/1860 loss=0.8609 mean_loss=0.7255 classification=0.1328, bbox_regression=0.1318, bbox_ctrness=0.5963
epoch 39/50 iter 100/1860 loss=0.6605 mean_loss=0.7182 classification=0.0126, bbox_regression=0.0583, bbox_ctrness=0.5896
epoch 39/50 iter 120/1860 loss=0.6536 mean_loss=0.7172 classification=0.0168, bbox_regression=0.0535, bbox_ctrness=0.5833
epoch 39/50 iter 140/1860 loss=0.7142 mean_loss=0.7144 classification=0.0230, bbox_regression=0.0665, bbox_ctrness=0.6247
epoch 39/50 iter 160/1860 loss=0.6739 mean_loss=0.7103 classification=0.0072, bbox_regression=0.0539, bbox_ctrness=0.6127
epoch 39/50 iter 180/1860 loss=0.6673 mean_loss=0.7087 classification=0.0061, bbox_regression=0.0473, bbox_ctrness=0.6139
epoch 39/50 iter 200/1860 loss=0.8330 mean_loss=0.7090 classification=0.1037, bbox_regression=0.1300, bbox_ctrness=0.5994
epoch 39/50 iter 220/1860 loss=0.6928 mean_loss=0.7100 classification=0.0470, bbox_regression=0.0537, bbox_ctrness=0.5921
epoch 39/50 iter 240/1860 loss=0.6620 mean_loss=0.7069 classification=0.0189, bbox_regression=0.0544, bbox_ctrness=0.5887
epoch 39/50 iter 260/1860 loss=0.6542 mean_loss=0.7052 classification=0.0075, bbox_regression=0.0307, bbox_ctrness=0.6160
epoch 39/50 iter 280/1860 loss=0.6674 mean_loss=0.7055 classification=0.0104, bbox_regression=0.0556, bbox_ctrness=0.6014
epoch 39/50 iter 300/1860 loss=0.6936 mean_loss=0.7052 classification=0.0344, bbox_regression=0.0549, bbox_ctrness=0.6044
epoch 39/50 iter 320/1860 loss=1.1619 mean_loss=0.7076 classification=0.2899, bbox_regression=0.2537, bbox_ctrness=0.6183
epoch 39/50 iter 340/1860 loss=0.7770 mean_loss=0.7068 classification=0.0656, bbox_regression=0.1043, bbox_ctrness=0.6071
epoch 39/50 iter 360/1860 loss=0.6567 mean_loss=0.7068 classification=0.0062, bbox_regression=0.0594, bbox_ctrness=0.5912
epoch 39/50 iter 380/1860 loss=0.8441 mean_loss=0.7059 classification=0.1148, bbox_regression=0.1308, bbox_ctrness=0.5986
epoch 39/50 iter 400/1860 loss=0.6671 mean_loss=0.7056 classification=0.0175, bbox_regression=0.0487, bbox_ctrness=0.6009
epoch 39/50 iter 420/1860 loss=0.6534 mean_loss=0.7050 classification=0.0026, bbox_regression=0.0490, bbox_ctrness=0.6019
epoch 39/50 iter 440/1860 loss=1.1106 mean_loss=0.7071 classification=0.2594, bbox_regression=0.2289, bbox_ctrness=0.6223
epoch 39/50 iter 460/1860 loss=0.7508 mean_loss=0.7083 classification=0.0580, bbox_regression=0.0767, bbox_ctrness=0.6161
epoch 39/50 iter 480/1860 loss=0.7222 mean_loss=0.7096 classification=0.0530, bbox_regression=0.0763, bbox_ctrness=0.5929
epoch 39/50 iter 500/1860 loss=0.6739 mean_loss=0.7103 classification=0.0106, bbox_regression=0.0623, bbox_ctrness=0.6010
epoch 39/50 iter 520/1860 loss=0.7318 mean_loss=0.7096 classification=0.0437, bbox_regression=0.0817, bbox_ctrness=0.6064
epoch 39/50 iter 540/1860 loss=0.6467 mean_loss=0.7098 classification=0.0038, bbox_regression=0.0434, bbox_ctrness=0.5996
epoch 39/50 iter 560/1860 loss=0.7605 mean_loss=0.7095 classification=0.0520, bbox_regression=0.0978, bbox_ctrness=0.6108
epoch 39/50 iter 580/1860 loss=0.6811 mean_loss=0.7109 classification=0.0190, bbox_regression=0.0502, bbox_ctrness=0.6119
epoch 39/50 iter 600/1860 loss=0.6841 mean_loss=0.7106 classification=0.0113, bbox_regression=0.0471, bbox_ctrness=0.6257
epoch 39/50 iter 620/1860 loss=0.7168 mean_loss=0.7112 classification=0.0312, bbox_regression=0.0786, bbox_ctrness=0.6070
epoch 39/50 iter 640/1860 loss=0.7136 mean_loss=0.7119 classification=0.0472, bbox_regression=0.0797, bbox_ctrness=0.5867
epoch 39/50 iter 660/1860 loss=0.6773 mean_loss=0.7114 classification=0.0135, bbox_regression=0.0551, bbox_ctrness=0.6087
epoch 39/50 iter 680/1860 loss=0.6680 mean_loss=0.7108 classification=0.0088, bbox_regression=0.0639, bbox_ctrness=0.5952
epoch 39/50 iter 700/1860 loss=0.6584 mean_loss=0.7116 classification=0.0054, bbox_regression=0.0485, bbox_ctrness=0.6045
epoch 39/50 iter 720/1860 loss=0.6456 mean_loss=0.7113 classification=0.0088, bbox_regression=0.0506, bbox_ctrness=0.5862
epoch 39/50 iter 740/1860 loss=0.8275 mean_loss=0.7109 classification=0.1066, bbox_regression=0.1169, bbox_ctrness=0.6040
epoch 39/50 iter 760/1860 loss=0.9591 mean_loss=0.7116 classification=0.1920, bbox_regression=0.1478, bbox_ctrness=0.6193
epoch 39/50 iter 780/1860 loss=0.6551 mean_loss=0.7119 classification=0.0094, bbox_regression=0.0606, bbox_ctrness=0.5851
epoch 39/50 iter 800/1860 loss=0.6815 mean_loss=0.7120 classification=0.0212, bbox_regression=0.0523, bbox_ctrness=0.6079
epoch 39/50 iter 820/1860 loss=0.7869 mean_loss=0.7125 classification=0.0624, bbox_regression=0.1109, bbox_ctrness=0.6136
epoch 39/50 iter 840/1860 loss=1.0712 mean_loss=0.7124 classification=0.2307, bbox_regression=0.2259, bbox_ctrness=0.6146
epoch 39/50 iter 860/1860 loss=0.7665 mean_loss=0.7123 classification=0.0898, bbox_regression=0.0881, bbox_ctrness=0.5886
epoch 39/50 iter 880/1860 loss=0.7152 mean_loss=0.7119 classification=0.0237, bbox_regression=0.0908, bbox_ctrness=0.6007
epoch 39/50 iter 900/1860 loss=0.6483 mean_loss=0.7124 classification=0.0089, bbox_regression=0.0501, bbox_ctrness=0.5894
epoch 39/50 iter 920/1860 loss=0.8433 mean_loss=0.7122 classification=0.1176, bbox_regression=0.1151, bbox_ctrness=0.6105
epoch 39/50 iter 940/1860 loss=0.6695 mean_loss=0.7116 classification=0.0196, bbox_regression=0.0472, bbox_ctrness=0.6028
epoch 39/50 iter 960/1860 loss=0.6450 mean_loss=0.7111 classification=0.0063, bbox_regression=0.0363, bbox_ctrness=0.6025
epoch 39/50 iter 980/1860 loss=0.6474 mean_loss=0.7112 classification=0.0265, bbox_regression=0.0437, bbox_ctrness=0.5771
epoch 39/50 iter 1000/1860 loss=0.6667 mean_loss=0.7106 classification=0.0075, bbox_regression=0.0601, bbox_ctrness=0.5991
epoch 39/50 iter 1020/1860 loss=0.7162 mean_loss=0.7112 classification=0.0395, bbox_regression=0.0859, bbox_ctrness=0.5908
epoch 39/50 iter 1040/1860 loss=0.7205 mean_loss=0.7111 classification=0.0419, bbox_regression=0.0757, bbox_ctrness=0.6028
epoch 39/50 iter 1060/1860 loss=0.6681 mean_loss=0.7112 classification=0.0241, bbox_regression=0.0551, bbox_ctrness=0.5890
epoch 39/50 iter 1080/1860 loss=0.6889 mean_loss=0.7118 classification=0.0268, bbox_regression=0.0666, bbox_ctrness=0.5955
epoch 39/50 iter 1100/1860 loss=0.9364 mean_loss=0.7118 classification=0.1712, bbox_regression=0.1546, bbox_ctrness=0.6106
epoch 39/50 iter 1120/1860 loss=0.6655 mean_loss=0.7115 classification=0.0062, bbox_regression=0.0557, bbox_ctrness=0.6036
epoch 39/50 iter 1140/1860 loss=0.6727 mean_loss=0.7118 classification=0.0131, bbox_regression=0.0566, bbox_ctrness=0.6031
epoch 39/50 iter 1160/1860 loss=0.7203 mean_loss=0.7118 classification=0.0437, bbox_regression=0.0812, bbox_ctrness=0.5953
epoch 39/50 iter 1180/1860 loss=0.7527 mean_loss=0.7116 classification=0.0459, bbox_regression=0.0863, bbox_ctrness=0.6205
epoch 39/50 iter 1200/1860 loss=0.7064 mean_loss=0.7114 classification=0.0492, bbox_regression=0.0651, bbox_ctrness=0.5921
epoch 39/50 iter 1220/1860 loss=0.7660 mean_loss=0.7116 classification=0.0573, bbox_regression=0.0986, bbox_ctrness=0.6101
epoch 39/50 iter 1240/1860 loss=0.7754 mean_loss=0.7114 classification=0.0811, bbox_regression=0.0773, bbox_ctrness=0.6170
epoch 39/50 iter 1260/1860 loss=0.6757 mean_loss=0.7112 classification=0.0135, bbox_regression=0.0649, bbox_ctrness=0.5973
epoch 39/50 iter 1280/1860 loss=0.7695 mean_loss=0.7110 classification=0.0823, bbox_regression=0.0855, bbox_ctrness=0.6018
epoch 39/50 iter 1300/1860 loss=0.7597 mean_loss=0.7111 classification=0.0532, bbox_regression=0.1014, bbox_ctrness=0.6052
epoch 39/50 iter 1320/1860 loss=0.6713 mean_loss=0.7117 classification=0.0088, bbox_regression=0.0636, bbox_ctrness=0.5988
epoch 39/50 iter 1340/1860 loss=0.6467 mean_loss=0.7113 classification=0.0194, bbox_regression=0.0409, bbox_ctrness=0.5864
epoch 39/50 iter 1360/1860 loss=0.7149 mean_loss=0.7113 classification=0.0274, bbox_regression=0.0851, bbox_ctrness=0.6024
epoch 39/50 iter 1380/1860 loss=0.7146 mean_loss=0.7112 classification=0.0259, bbox_regression=0.0990, bbox_ctrness=0.5897
epoch 39/50 iter 1400/1860 loss=0.8177 mean_loss=0.7117 classification=0.0931, bbox_regression=0.1035, bbox_ctrness=0.6210
epoch 39/50 iter 1420/1860 loss=0.6648 mean_loss=0.7117 classification=0.0068, bbox_regression=0.0509, bbox_ctrness=0.6070
epoch 39/50 iter 1440/1860 loss=0.6670 mean_loss=0.7114 classification=0.0024, bbox_regression=0.0464, bbox_ctrness=0.6182
epoch 39/50 iter 1460/1860 loss=0.6886 mean_loss=0.7111 classification=0.0166, bbox_regression=0.0668, bbox_ctrness=0.6052
epoch 39/50 iter 1480/1860 loss=0.6661 mean_loss=0.7109 classification=0.0156, bbox_regression=0.0431, bbox_ctrness=0.6074
epoch 39/50 iter 1500/1860 loss=0.7207 mean_loss=0.7108 classification=0.0379, bbox_regression=0.0810, bbox_ctrness=0.6018
epoch 39/50 iter 1520/1860 loss=0.6580 mean_loss=0.7109 classification=0.0148, bbox_regression=0.0522, bbox_ctrness=0.5909
epoch 39/50 iter 1540/1860 loss=0.6582 mean_loss=0.7109 classification=0.0049, bbox_regression=0.0514, bbox_ctrness=0.6019
epoch 39/50 iter 1560/1860 loss=0.6678 mean_loss=0.7110 classification=0.0076, bbox_regression=0.0565, bbox_ctrness=0.6038
epoch 39/50 iter 1580/1860 loss=0.6974 mean_loss=0.7108 classification=0.0088, bbox_regression=0.0658, bbox_ctrness=0.6228
epoch 39/50 iter 1600/1860 loss=0.6703 mean_loss=0.7112 classification=0.0109, bbox_regression=0.0579, bbox_ctrness=0.6015
epoch 39/50 iter 1620/1860 loss=0.8929 mean_loss=0.7112 classification=0.1534, bbox_regression=0.1211, bbox_ctrness=0.6183
epoch 39/50 iter 1640/1860 loss=0.7677 mean_loss=0.7111 classification=0.0897, bbox_regression=0.0696, bbox_ctrness=0.6083
epoch 39/50 iter 1660/1860 loss=0.7502 mean_loss=0.7109 classification=0.0658, bbox_regression=0.0697, bbox_ctrness=0.6147
epoch 39/50 iter 1680/1860 loss=0.6522 mean_loss=0.7109 classification=0.0046, bbox_regression=0.0445, bbox_ctrness=0.6031
epoch 39/50 iter 1700/1860 loss=0.6909 mean_loss=0.7110 classification=0.0239, bbox_regression=0.0747, bbox_ctrness=0.5923
epoch 39/50 iter 1720/1860 loss=0.7495 mean_loss=0.7110 classification=0.0492, bbox_regression=0.0955, bbox_ctrness=0.6048
epoch 39/50 iter 1740/1860 loss=0.6683 mean_loss=0.7109 classification=0.0109, bbox_regression=0.0606, bbox_ctrness=0.5969
epoch 39/50 iter 1760/1860 loss=0.6583 mean_loss=0.7106 classification=0.0047, bbox_regression=0.0519, bbox_ctrness=0.6018
epoch 39/50 iter 1780/1860 loss=0.8353 mean_loss=0.7107 classification=0.0951, bbox_regression=0.1283, bbox_ctrness=0.6119
epoch 39/50 iter 1800/1860 loss=0.7664 mean_loss=0.7108 classification=0.0803, bbox_regression=0.0878, bbox_ctrness=0.5983
epoch 39/50 iter 1820/1860 loss=0.6726 mean_loss=0.7109 classification=0.0194, bbox_regression=0.0436, bbox_ctrness=0.6096
epoch 39/50 iter 1840/1860 loss=0.6957 mean_loss=0.7106 classification=0.0111, bbox_regression=0.0796, bbox_ctrness=0.6049
epoch 39/50 iter 1860/1860 loss=0.6404 mean_loss=0.7105 classification=0.0015, bbox_regression=0.0390, bbox_ctrness=0.5999
epoch 39 validation Precision=0.7335 Recall=0.9374 AP50=0.9200 AP75=0.8400 eval_fps=20.31 epoch_time_sec=849.0
saved checkpoint: E:\RepViT-main\runs\v48_complete_ablation\training\early_moddrop_seed1\weights\last.pt
epoch 40/50 iter 1/1860 loss=0.7678 mean_loss=0.7678 classification=0.0602, bbox_regression=0.0924, bbox_ctrness=0.6152
epoch 40/50 iter 20/1860 loss=0.6796 mean_loss=0.6974 classification=0.0207, bbox_regression=0.0447, bbox_ctrness=0.6142
epoch 40/50 iter 40/1860 loss=0.7396 mean_loss=0.7034 classification=0.0523, bbox_regression=0.0834, bbox_ctrness=0.6039
epoch 40/50 iter 60/1860 loss=1.0920 mean_loss=0.7149 classification=0.2288, bbox_regression=0.2382, bbox_ctrness=0.6250
epoch 40/50 iter 80/1860 loss=0.7043 mean_loss=0.7139 classification=0.0269, bbox_regression=0.0710, bbox_ctrness=0.6064
epoch 40/50 iter 100/1860 loss=0.7224 mean_loss=0.7095 classification=0.0512, bbox_regression=0.0656, bbox_ctrness=0.6056
epoch 40/50 iter 120/1860 loss=0.6343 mean_loss=0.7067 classification=0.0086, bbox_regression=0.0421, bbox_ctrness=0.5835
epoch 40/50 iter 140/1860 loss=0.6708 mean_loss=0.7024 classification=0.0132, bbox_regression=0.0650, bbox_ctrness=0.5926
epoch 40/50 iter 160/1860 loss=0.6531 mean_loss=0.7039 classification=0.0028, bbox_regression=0.0421, bbox_ctrness=0.6082
epoch 40/50 iter 180/1860 loss=0.6546 mean_loss=0.7015 classification=0.0012, bbox_regression=0.0479, bbox_ctrness=0.6056
epoch 40/50 iter 200/1860 loss=0.8991 mean_loss=0.7060 classification=0.1482, bbox_regression=0.1284, bbox_ctrness=0.6225
epoch 40/50 iter 220/1860 loss=0.7056 mean_loss=0.7043 classification=0.0449, bbox_regression=0.0732, bbox_ctrness=0.5875
epoch 40/50 iter 240/1860 loss=0.6537 mean_loss=0.7067 classification=0.0242, bbox_regression=0.0473, bbox_ctrness=0.5822
epoch 40/50 iter 260/1860 loss=0.6562 mean_loss=0.7069 classification=0.0036, bbox_regression=0.0453, bbox_ctrness=0.6073
epoch 40/50 iter 280/1860 loss=0.7772 mean_loss=0.7084 classification=0.0667, bbox_regression=0.1004, bbox_ctrness=0.6100
epoch 40/50 iter 300/1860 loss=0.6784 mean_loss=0.7094 classification=0.0143, bbox_regression=0.0595, bbox_ctrness=0.6046
epoch 40/50 iter 320/1860 loss=0.6627 mean_loss=0.7076 classification=0.0046, bbox_regression=0.0529, bbox_ctrness=0.6051
epoch 40/50 iter 340/1860 loss=0.7098 mean_loss=0.7079 classification=0.0357, bbox_regression=0.0702, bbox_ctrness=0.6040
epoch 40/50 iter 360/1860 loss=0.6825 mean_loss=0.7067 classification=0.0343, bbox_regression=0.0488, bbox_ctrness=0.5995
epoch 40/50 iter 380/1860 loss=0.6945 mean_loss=0.7051 classification=0.0257, bbox_regression=0.0762, bbox_ctrness=0.5927
epoch 40/50 iter 400/1860 loss=0.6340 mean_loss=0.7053 classification=0.0010, bbox_regression=0.0351, bbox_ctrness=0.5980
epoch 40/50 iter 420/1860 loss=0.6449 mean_loss=0.7040 classification=0.0027, bbox_regression=0.0454, bbox_ctrness=0.5968
epoch 40/50 iter 440/1860 loss=0.6531 mean_loss=0.7033 classification=0.0107, bbox_regression=0.0517, bbox_ctrness=0.5906
epoch 40/50 iter 460/1860 loss=0.6616 mean_loss=0.7042 classification=0.0188, bbox_regression=0.0643, bbox_ctrness=0.5785
epoch 40/50 iter 480/1860 loss=0.7855 mean_loss=0.7069 classification=0.0561, bbox_regression=0.1169, bbox_ctrness=0.6124
epoch 40/50 iter 500/1860 loss=0.7575 mean_loss=0.7055 classification=0.0711, bbox_regression=0.1010, bbox_ctrness=0.5854
epoch 40/50 iter 520/1860 loss=0.6481 mean_loss=0.7056 classification=0.0073, bbox_regression=0.0457, bbox_ctrness=0.5951
epoch 40/50 iter 540/1860 loss=0.7720 mean_loss=0.7059 classification=0.0804, bbox_regression=0.1021, bbox_ctrness=0.5895
epoch 40/50 iter 560/1860 loss=0.7511 mean_loss=0.7052 classification=0.0588, bbox_regression=0.0778, bbox_ctrness=0.6146
epoch 40/50 iter 580/1860 loss=0.6352 mean_loss=0.7051 classification=0.0019, bbox_regression=0.0459, bbox_ctrness=0.5873
epoch 40/50 iter 600/1860 loss=0.7003 mean_loss=0.7054 classification=0.0216, bbox_regression=0.0714, bbox_ctrness=0.6073
epoch 40/50 iter 620/1860 loss=0.6535 mean_loss=0.7048 classification=0.0081, bbox_regression=0.0525, bbox_ctrness=0.5929
epoch 40/50 iter 640/1860 loss=0.6747 mean_loss=0.7046 classification=0.0197, bbox_regression=0.0595, bbox_ctrness=0.5954
epoch 40/50 iter 660/1860 loss=0.6439 mean_loss=0.7045 classification=0.0055, bbox_regression=0.0373, bbox_ctrness=0.6011
epoch 40/50 iter 680/1860 loss=0.6616 mean_loss=0.7034 classification=0.0085, bbox_regression=0.0524, bbox_ctrness=0.6006
epoch 40/50 iter 700/1860 loss=0.7080 mean_loss=0.7035 classification=0.0326, bbox_regression=0.0862, bbox_ctrness=0.5892
epoch 40/50 iter 720/1860 loss=0.7193 mean_loss=0.7035 classification=0.0454, bbox_regression=0.0782, bbox_ctrness=0.5956
epoch 40/50 iter 740/1860 loss=0.7288 mean_loss=0.7037 classification=0.0289, bbox_regression=0.0835, bbox_ctrness=0.6163
epoch 40/50 iter 760/1860 loss=0.6825 mean_loss=0.7039 classification=0.0117, bbox_regression=0.0705, bbox_ctrness=0.6004
epoch 40/50 iter 780/1860 loss=0.9160 mean_loss=0.7038 classification=0.1721, bbox_regression=0.1315, bbox_ctrness=0.6123
epoch 40/50 iter 800/1860 loss=0.8778 mean_loss=0.7037 classification=0.1428, bbox_regression=0.1247, bbox_ctrness=0.6103
epoch 40/50 iter 820/1860 loss=0.7475 mean_loss=0.7051 classification=0.0380, bbox_regression=0.0934, bbox_ctrness=0.6160
epoch 40/50 iter 840/1860 loss=0.6402 mean_loss=0.7046 classification=0.0073, bbox_regression=0.0420, bbox_ctrness=0.5909
epoch 40/50 iter 860/1860 loss=0.6651 mean_loss=0.7040 classification=0.0012, bbox_regression=0.0438, bbox_ctrness=0.6200
epoch 40/50 iter 880/1860 loss=0.6793 mean_loss=0.7041 classification=0.0138, bbox_regression=0.0559, bbox_ctrness=0.6095
epoch 40/50 iter 900/1860 loss=0.6458 mean_loss=0.7043 classification=0.0124, bbox_regression=0.0558, bbox_ctrness=0.5775
epoch 40/50 iter 920/1860 loss=0.7242 mean_loss=0.7049 classification=0.0455, bbox_regression=0.0904, bbox_ctrness=0.5883
epoch 40/50 iter 940/1860 loss=0.6663 mean_loss=0.7048 classification=0.0044, bbox_regression=0.0626, bbox_ctrness=0.5993
epoch 40/50 iter 960/1860 loss=0.7642 mean_loss=0.7043 classification=0.0606, bbox_regression=0.1002, bbox_ctrness=0.6034
epoch 40/50 iter 980/1860 loss=0.8008 mean_loss=0.7045 classification=0.0862, bbox_regression=0.1077, bbox_ctrness=0.6070
epoch 40/50 iter 1000/1860 loss=0.6481 mean_loss=0.7039 classification=0.0083, bbox_regression=0.0543, bbox_ctrness=0.5856
epoch 40/50 iter 1020/1860 loss=0.8246 mean_loss=0.7041 classification=0.1242, bbox_regression=0.0951, bbox_ctrness=0.6053
epoch 40/50 iter 1040/1860 loss=0.6962 mean_loss=0.7041 classification=0.0149, bbox_regression=0.0681, bbox_ctrness=0.6131
epoch 40/50 iter 1060/1860 loss=0.6428 mean_loss=0.7042 classification=0.0074, bbox_regression=0.0488, bbox_ctrness=0.5866
epoch 40/50 iter 1080/1860 loss=0.6829 mean_loss=0.7052 classification=0.0247, bbox_regression=0.0626, bbox_ctrness=0.5957
epoch 40/50 iter 1100/1860 loss=0.6911 mean_loss=0.7055 classification=0.0071, bbox_regression=0.0587, bbox_ctrness=0.6253
epoch 40/50 iter 1120/1860 loss=0.6674 mean_loss=0.7059 classification=0.0092, bbox_regression=0.0609, bbox_ctrness=0.5972
epoch 40/50 iter 1140/1860 loss=0.6642 mean_loss=0.7058 classification=0.0083, bbox_regression=0.0551, bbox_ctrness=0.6009
epoch 40/50 iter 1160/1860 loss=0.6605 mean_loss=0.7062 classification=0.0013, bbox_regression=0.0589, bbox_ctrness=0.6003
epoch 40/50 iter 1180/1860 loss=0.7111 mean_loss=0.7064 classification=0.0290, bbox_regression=0.0776, bbox_ctrness=0.6045
epoch 40/50 iter 1200/1860 loss=0.6873 mean_loss=0.7066 classification=0.0202, bbox_regression=0.0668, bbox_ctrness=0.6003
epoch 40/50 iter 1220/1860 loss=0.7583 mean_loss=0.7065 classification=0.0779, bbox_regression=0.0765, bbox_ctrness=0.6039
epoch 40/50 iter 1240/1860 loss=0.6477 mean_loss=0.7065 classification=0.0023, bbox_regression=0.0539, bbox_ctrness=0.5915
epoch 40/50 iter 1260/1860 loss=0.6615 mean_loss=0.7063 classification=0.0041, bbox_regression=0.0414, bbox_ctrness=0.6160
epoch 40/50 iter 1280/1860 loss=0.6899 mean_loss=0.7067 classification=0.0282, bbox_regression=0.0557, bbox_ctrness=0.6060
epoch 40/50 iter 1300/1860 loss=0.6758 mean_loss=0.7068 classification=0.0180, bbox_regression=0.0554, bbox_ctrness=0.6024
epoch 40/50 iter 1320/1860 loss=0.9116 mean_loss=0.7071 classification=0.1457, bbox_regression=0.1636, bbox_ctrness=0.6023
epoch 40/50 iter 1340/1860 loss=0.6832 mean_loss=0.7072 classification=0.0208, bbox_regression=0.0680, bbox_ctrness=0.5943
epoch 40/50 iter 1360/1860 loss=0.6582 mean_loss=0.7079 classification=0.0049, bbox_regression=0.0538, bbox_ctrness=0.5996
epoch 40/50 iter 1380/1860 loss=0.7379 mean_loss=0.7077 classification=0.0508, bbox_regression=0.0831, bbox_ctrness=0.6041
epoch 40/50 iter 1400/1860 loss=0.6502 mean_loss=0.7073 classification=0.0029, bbox_regression=0.0445, bbox_ctrness=0.6028
epoch 40/50 iter 1420/1860 loss=0.7678 mean_loss=0.7077 classification=0.0910, bbox_regression=0.0837, bbox_ctrness=0.5931
epoch 40/50 iter 1440/1860 loss=0.6744 mean_loss=0.7073 classification=0.0325, bbox_regression=0.0617, bbox_ctrness=0.5802
epoch 40/50 iter 1460/1860 loss=0.6648 mean_loss=0.7070 classification=0.0035, bbox_regression=0.0558, bbox_ctrness=0.6055
epoch 40/50 iter 1480/1860 loss=0.8876 mean_loss=0.7078 classification=0.1473, bbox_regression=0.1310, bbox_ctrness=0.6093
epoch 40/50 iter 1500/1860 loss=0.8031 mean_loss=0.7076 classification=0.1071, bbox_regression=0.0960, bbox_ctrness=0.6000
epoch 40/50 iter 1520/1860 loss=0.7097 mean_loss=0.7075 classification=0.0307, bbox_regression=0.0788, bbox_ctrness=0.6001
epoch 40/50 iter 1540/1860 loss=0.6710 mean_loss=0.7081 classification=0.0130, bbox_regression=0.0530, bbox_ctrness=0.6050
epoch 40/50 iter 1560/1860 loss=0.6750 mean_loss=0.7079 classification=0.0108, bbox_regression=0.0692, bbox_ctrness=0.5950
epoch 40/50 iter 1580/1860 loss=0.6960 mean_loss=0.7078 classification=0.0103, bbox_regression=0.0654, bbox_ctrness=0.6204
epoch 40/50 iter 1600/1860 loss=0.7737 mean_loss=0.7077 classification=0.1026, bbox_regression=0.0810, bbox_ctrness=0.5901
epoch 40/50 iter 1620/1860 loss=0.7834 mean_loss=0.7076 classification=0.0478, bbox_regression=0.1094, bbox_ctrness=0.6262
epoch 40/50 iter 1640/1860 loss=0.7047 mean_loss=0.7078 classification=0.0264, bbox_regression=0.0676, bbox_ctrness=0.6107
epoch 40/50 iter 1660/1860 loss=0.6607 mean_loss=0.7076 classification=0.0146, bbox_regression=0.0602, bbox_ctrness=0.5859
epoch 40/50 iter 1680/1860 loss=0.6313 mean_loss=0.7074 classification=0.0021, bbox_regression=0.0421, bbox_ctrness=0.5871
epoch 40/50 iter 1700/1860 loss=0.6616 mean_loss=0.7075 classification=0.0036, bbox_regression=0.0462, bbox_ctrness=0.6117
epoch 40/50 iter 1720/1860 loss=0.7009 mean_loss=0.7080 classification=0.0188, bbox_regression=0.0633, bbox_ctrness=0.6187
epoch 40/50 iter 1740/1860 loss=0.6634 mean_loss=0.7080 classification=0.0144, bbox_regression=0.0538, bbox_ctrness=0.5952
epoch 40/50 iter 1760/1860 loss=0.8479 mean_loss=0.7079 classification=0.1028, bbox_regression=0.1408, bbox_ctrness=0.6042
epoch 40/50 iter 1780/1860 loss=0.7581 mean_loss=0.7083 classification=0.0459, bbox_regression=0.0989, bbox_ctrness=0.6133
epoch 40/50 iter 1800/1860 loss=0.6435 mean_loss=0.7081 classification=0.0058, bbox_regression=0.0476, bbox_ctrness=0.5901
epoch 40/50 iter 1820/1860 loss=0.6952 mean_loss=0.7079 classification=0.0172, bbox_regression=0.0629, bbox_ctrness=0.6150
epoch 40/50 iter 1840/1860 loss=0.7218 mean_loss=0.7081 classification=0.0324, bbox_regression=0.0851, bbox_ctrness=0.6043
epoch 40/50 iter 1860/1860 loss=0.6597 mean_loss=0.7082 classification=0.0070, bbox_regression=0.0642, bbox_ctrness=0.5885
epoch 40 validation Precision=0.4766 Recall=0.9596 AP50=0.9313 AP75=0.8545 eval_fps=19.30 epoch_time_sec=853.0
saved checkpoint: E:\RepViT-main\runs\v48_complete_ablation\training\early_moddrop_seed1\weights\last.pt
epoch 41/50 iter 1/1860 loss=0.6316 mean_loss=0.6316 classification=0.0043, bbox_regression=0.0486, bbox_ctrness=0.5787
epoch 41/50 iter 20/1860 loss=0.6587 mean_loss=0.6966 classification=0.0159, bbox_regression=0.0549, bbox_ctrness=0.5879
epoch 41/50 iter 40/1860 loss=0.6472 mean_loss=0.6928 classification=0.0016, bbox_regression=0.0444, bbox_ctrness=0.6012
epoch 41/50 iter 60/1860 loss=0.6879 mean_loss=0.6929 classification=0.0128, bbox_regression=0.0761, bbox_ctrness=0.5990
epoch 41/50 iter 80/1860 loss=0.6566 mean_loss=0.6902 classification=0.0017, bbox_regression=0.0519, bbox_ctrness=0.6029
epoch 41/50 iter 100/1860 loss=0.6694 mean_loss=0.7004 classification=0.0274, bbox_regression=0.0508, bbox_ctrness=0.5912
epoch 41/50 iter 120/1860 loss=0.6513 mean_loss=0.6997 classification=0.0059, bbox_regression=0.0489, bbox_ctrness=0.5966
epoch 41/50 iter 140/1860 loss=0.6582 mean_loss=0.6969 classification=0.0033, bbox_regression=0.0445, bbox_ctrness=0.6104
epoch 41/50 iter 160/1860 loss=0.6681 mean_loss=0.6962 classification=0.0112, bbox_regression=0.0522, bbox_ctrness=0.6048
epoch 41/50 iter 180/1860 loss=0.7156 mean_loss=0.6987 classification=0.0313, bbox_regression=0.0749, bbox_ctrness=0.6094
epoch 41/50 iter 200/1860 loss=0.6863 mean_loss=0.7011 classification=0.0126, bbox_regression=0.0739, bbox_ctrness=0.5997
epoch 41/50 iter 220/1860 loss=0.6531 mean_loss=0.7004 classification=0.0169, bbox_regression=0.0457, bbox_ctrness=0.5905
epoch 41/50 iter 240/1860 loss=0.7436 mean_loss=0.6991 classification=0.0416, bbox_regression=0.1052, bbox_ctrness=0.5968
epoch 41/50 iter 260/1860 loss=0.7935 mean_loss=0.6999 classification=0.1097, bbox_regression=0.0924, bbox_ctrness=0.5914
epoch 41/50 iter 280/1860 loss=0.6862 mean_loss=0.6995 classification=0.0085, bbox_regression=0.0721, bbox_ctrness=0.6056
epoch 41/50 iter 300/1860 loss=0.6470 mean_loss=0.7002 classification=0.0022, bbox_regression=0.0516, bbox_ctrness=0.5933
epoch 41/50 iter 320/1860 loss=0.6604 mean_loss=0.7009 classification=0.0032, bbox_regression=0.0462, bbox_ctrness=0.6110
epoch 41/50 iter 340/1860 loss=0.6701 mean_loss=0.7016 classification=0.0090, bbox_regression=0.0473, bbox_ctrness=0.6138
epoch 41/50 iter 360/1860 loss=0.6458 mean_loss=0.7012 classification=0.0073, bbox_regression=0.0445, bbox_ctrness=0.5940
epoch 41/50 iter 380/1860 loss=0.6604 mean_loss=0.7015 classification=0.0036, bbox_regression=0.0566, bbox_ctrness=0.6002
epoch 41/50 iter 400/1860 loss=0.6441 mean_loss=0.7028 classification=0.0058, bbox_regression=0.0389, bbox_ctrness=0.5994
epoch 41/50 iter 420/1860 loss=0.6794 mean_loss=0.7012 classification=0.0352, bbox_regression=0.0499, bbox_ctrness=0.5942
epoch 41/50 iter 440/1860 loss=0.8705 mean_loss=0.7012 classification=0.1301, bbox_regression=0.1391, bbox_ctrness=0.6013
epoch 41/50 iter 460/1860 loss=0.6863 mean_loss=0.7011 classification=0.0346, bbox_regression=0.0359, bbox_ctrness=0.6158
epoch 41/50 iter 480/1860 loss=0.6616 mean_loss=0.7012 classification=0.0032, bbox_regression=0.0682, bbox_ctrness=0.5902
epoch 41/50 iter 500/1860 loss=0.6987 mean_loss=0.7014 classification=0.0197, bbox_regression=0.0709, bbox_ctrness=0.6080
epoch 41/50 iter 520/1860 loss=0.6684 mean_loss=0.7007 classification=0.0053, bbox_regression=0.0581, bbox_ctrness=0.6050
epoch 41/50 iter 540/1860 loss=0.6397 mean_loss=0.7013 classification=0.0051, bbox_regression=0.0476, bbox_ctrness=0.5870
epoch 41/50 iter 560/1860 loss=0.6800 mean_loss=0.7019 classification=0.0130, bbox_regression=0.0452, bbox_ctrness=0.6218
epoch 41/50 iter 580/1860 loss=0.6926 mean_loss=0.7017 classification=0.0286, bbox_regression=0.0666, bbox_ctrness=0.5974
epoch 41/50 iter 600/1860 loss=0.6529 mean_loss=0.7016 classification=0.0022, bbox_regression=0.0523, bbox_ctrness=0.5984
epoch 41/50 iter 620/1860 loss=0.7991 mean_loss=0.7024 classification=0.0628, bbox_regression=0.1228, bbox_ctrness=0.6134
epoch 41/50 iter 640/1860 loss=0.6809 mean_loss=0.7022 classification=0.0232, bbox_regression=0.0573, bbox_ctrness=0.6004
epoch 41/50 iter 660/1860 loss=0.7186 mean_loss=0.7016 classification=0.0369, bbox_regression=0.0788, bbox_ctrness=0.6028
epoch 41/50 iter 680/1860 loss=0.7299 mean_loss=0.7022 classification=0.0358, bbox_regression=0.0985, bbox_ctrness=0.5957
epoch 41/50 iter 700/1860 loss=0.6639 mean_loss=0.7028 classification=0.0286, bbox_regression=0.0483, bbox_ctrness=0.5870
epoch 41/50 iter 720/1860 loss=0.8293 mean_loss=0.7031 classification=0.0962, bbox_regression=0.1133, bbox_ctrness=0.6199
epoch 41/50 iter 740/1860 loss=0.7705 mean_loss=0.7029 classification=0.0430, bbox_regression=0.1088, bbox_ctrness=0.6187
epoch 41/50 iter 760/1860 loss=0.6838 mean_loss=0.7030 classification=0.0101, bbox_regression=0.0774, bbox_ctrness=0.5963
epoch 41/50 iter 780/1860 loss=0.6609 mean_loss=0.7039 classification=0.0049, bbox_regression=0.0571, bbox_ctrness=0.5989
epoch 41/50 iter 800/1860 loss=0.6565 mean_loss=0.7035 classification=0.0160, bbox_regression=0.0420, bbox_ctrness=0.5985
epoch 41/50 iter 820/1860 loss=0.6491 mean_loss=0.7037 classification=0.0039, bbox_regression=0.0454, bbox_ctrness=0.5998
epoch 41/50 iter 840/1860 loss=0.7805 mean_loss=0.7039 classification=0.0968, bbox_regression=0.0817, bbox_ctrness=0.6020
epoch 41/50 iter 860/1860 loss=0.6658 mean_loss=0.7039 classification=0.0087, bbox_regression=0.0502, bbox_ctrness=0.6070
epoch 41/50 iter 880/1860 loss=0.6729 mean_loss=0.7031 classification=0.0136, bbox_regression=0.0562, bbox_ctrness=0.6031
epoch 41/50 iter 900/1860 loss=0.6841 mean_loss=0.7033 classification=0.0283, bbox_regression=0.0657, bbox_ctrness=0.5902
epoch 41/50 iter 920/1860 loss=0.6608 mean_loss=0.7027 classification=0.0035, bbox_regression=0.0429, bbox_ctrness=0.6143
epoch 41/50 iter 940/1860 loss=0.6484 mean_loss=0.7026 classification=0.0021, bbox_regression=0.0429, bbox_ctrness=0.6033
epoch 41/50 iter 960/1860 loss=0.6571 mean_loss=0.7026 classification=0.0077, bbox_regression=0.0481, bbox_ctrness=0.6012
epoch 41/50 iter 980/1860 loss=0.6865 mean_loss=0.7024 classification=0.0237, bbox_regression=0.0594, bbox_ctrness=0.6034
epoch 41/50 iter 1000/1860 loss=0.6505 mean_loss=0.7022 classification=0.0032, bbox_regression=0.0414, bbox_ctrness=0.6059
epoch 41/50 iter 1020/1860 loss=0.6684 mean_loss=0.7024 classification=0.0035, bbox_regression=0.0536, bbox_ctrness=0.6112
epoch 41/50 iter 1040/1860 loss=0.7868 mean_loss=0.7019 classification=0.1087, bbox_regression=0.0849, bbox_ctrness=0.5932
epoch 41/50 iter 1060/1860 loss=0.7139 mean_loss=0.7020 classification=0.0264, bbox_regression=0.0701, bbox_ctrness=0.6174
epoch 41/50 iter 1080/1860 loss=0.6488 mean_loss=0.7020 classification=0.0070, bbox_regression=0.0495, bbox_ctrness=0.5923
epoch 41/50 iter 1100/1860 loss=0.6439 mean_loss=0.7025 classification=0.0136, bbox_regression=0.0411, bbox_ctrness=0.5892
epoch 41/50 iter 1120/1860 loss=0.6428 mean_loss=0.7023 classification=0.0024, bbox_regression=0.0379, bbox_ctrness=0.6026
epoch 41/50 iter 1140/1860 loss=0.6700 mean_loss=0.7025 classification=0.0059, bbox_regression=0.0518, bbox_ctrness=0.6123
epoch 41/50 iter 1160/1860 loss=0.6535 mean_loss=0.7026 classification=0.0054, bbox_regression=0.0506, bbox_ctrness=0.5975
epoch 41/50 iter 1180/1860 loss=0.6615 mean_loss=0.7033 classification=0.0121, bbox_regression=0.0510, bbox_ctrness=0.5984
epoch 41/50 iter 1200/1860 loss=0.8033 mean_loss=0.7036 classification=0.0682, bbox_regression=0.1262, bbox_ctrness=0.6089
epoch 41/50 iter 1220/1860 loss=0.7776 mean_loss=0.7039 classification=0.0567, bbox_regression=0.1053, bbox_ctrness=0.6156
epoch 41/50 iter 1240/1860 loss=0.7767 mean_loss=0.7041 classification=0.0723, bbox_regression=0.0911, bbox_ctrness=0.6133
epoch 41/50 iter 1260/1860 loss=0.6499 mean_loss=0.7039 classification=0.0088, bbox_regression=0.0441, bbox_ctrness=0.5970
epoch 41/50 iter 1280/1860 loss=0.6393 mean_loss=0.7039 classification=0.0014, bbox_regression=0.0513, bbox_ctrness=0.5866
epoch 41/50 iter 1300/1860 loss=0.7239 mean_loss=0.7038 classification=0.0472, bbox_regression=0.0708, bbox_ctrness=0.6058
epoch 41/50 iter 1320/1860 loss=0.6472 mean_loss=0.7036 classification=0.0080, bbox_regression=0.0460, bbox_ctrness=0.5931
epoch 41/50 iter 1340/1860 loss=0.6399 mean_loss=0.7033 classification=0.0039, bbox_regression=0.0448, bbox_ctrness=0.5912
epoch 41/50 iter 1360/1860 loss=0.6770 mean_loss=0.7038 classification=0.0071, bbox_regression=0.0566, bbox_ctrness=0.6134
epoch 41/50 iter 1380/1860 loss=0.7249 mean_loss=0.7035 classification=0.0563, bbox_regression=0.0556, bbox_ctrness=0.6130
epoch 41/50 iter 1400/1860 loss=0.9467 mean_loss=0.7037 classification=0.1872, bbox_regression=0.1419, bbox_ctrness=0.6175
epoch 41/50 iter 1420/1860 loss=0.6576 mean_loss=0.7044 classification=0.0315, bbox_regression=0.0426, bbox_ctrness=0.5834
epoch 41/50 iter 1440/1860 loss=0.6830 mean_loss=0.7042 classification=0.0169, bbox_regression=0.0573, bbox_ctrness=0.6088
epoch 41/50 iter 1460/1860 loss=0.7182 mean_loss=0.7043 classification=0.0236, bbox_regression=0.0944, bbox_ctrness=0.6001
epoch 41/50 iter 1480/1860 loss=0.6818 mean_loss=0.7044 classification=0.0160, bbox_regression=0.0641, bbox_ctrness=0.6017
epoch 41/50 iter 1500/1860 loss=0.7016 mean_loss=0.7040 classification=0.0120, bbox_regression=0.0866, bbox_ctrness=0.6030
epoch 41/50 iter 1520/1860 loss=0.6627 mean_loss=0.7044 classification=0.0268, bbox_regression=0.0454, bbox_ctrness=0.5905
epoch 41/50 iter 1540/1860 loss=0.6880 mean_loss=0.7046 classification=0.0127, bbox_regression=0.0635, bbox_ctrness=0.6118
epoch 41/50 iter 1560/1860 loss=0.6897 mean_loss=0.7049 classification=0.0160, bbox_regression=0.0564, bbox_ctrness=0.6172
epoch 41/50 iter 1580/1860 loss=0.6784 mean_loss=0.7050 classification=0.0093, bbox_regression=0.0549, bbox_ctrness=0.6143
epoch 41/50 iter 1600/1860 loss=0.7094 mean_loss=0.7052 classification=0.0514, bbox_regression=0.0684, bbox_ctrness=0.5897
epoch 41/50 iter 1620/1860 loss=0.6919 mean_loss=0.7053 classification=0.0283, bbox_regression=0.0715, bbox_ctrness=0.5922
epoch 41/50 iter 1640/1860 loss=0.6974 mean_loss=0.7053 classification=0.0244, bbox_regression=0.0665, bbox_ctrness=0.6064
epoch 41/50 iter 1660/1860 loss=0.6444 mean_loss=0.7053 classification=0.0002, bbox_regression=0.0460, bbox_ctrness=0.5982
epoch 41/50 iter 1680/1860 loss=0.6369 mean_loss=0.7057 classification=0.0020, bbox_regression=0.0385, bbox_ctrness=0.5963
epoch 41/50 iter 1700/1860 loss=0.7634 mean_loss=0.7061 classification=0.0406, bbox_regression=0.0991, bbox_ctrness=0.6237
epoch 41/50 iter 1720/1860 loss=0.7946 mean_loss=0.7065 classification=0.0965, bbox_regression=0.1070, bbox_ctrness=0.5911
epoch 41/50 iter 1740/1860 loss=0.6899 mean_loss=0.7065 classification=0.0139, bbox_regression=0.0723, bbox_ctrness=0.6037
epoch 41/50 iter 1760/1860 loss=0.7294 mean_loss=0.7069 classification=0.0675, bbox_regression=0.0564, bbox_ctrness=0.6055
epoch 41/50 iter 1780/1860 loss=0.6709 mean_loss=0.7066 classification=0.0092, bbox_regression=0.0608, bbox_ctrness=0.6009
epoch 41/50 iter 1800/1860 loss=0.7850 mean_loss=0.7065 classification=0.0541, bbox_regression=0.1130, bbox_ctrness=0.6179
epoch 41/50 iter 1820/1860 loss=0.7365 mean_loss=0.7067 classification=0.0453, bbox_regression=0.0834, bbox_ctrness=0.6079
epoch 41/50 iter 1840/1860 loss=0.7116 mean_loss=0.7069 classification=0.0317, bbox_regression=0.0757, bbox_ctrness=0.6042
epoch 41/50 iter 1860/1860 loss=0.9756 mean_loss=0.7074 classification=0.1717, bbox_regression=0.1851, bbox_ctrness=0.6187
epoch 41 validation Precision=0.6202 Recall=0.9509 AP50=0.9287 AP75=0.8475 eval_fps=20.05 epoch_time_sec=848.4
saved checkpoint: E:\RepViT-main\runs\v48_complete_ablation\training\early_moddrop_seed1\weights\last.pt
epoch 42/50 iter 1/1860 loss=0.6321 mean_loss=0.6321 classification=0.0108, bbox_regression=0.0479, bbox_ctrness=0.5734
epoch 42/50 iter 20/1860 loss=1.2687 mean_loss=0.7545 classification=0.3679, bbox_regression=0.2624, bbox_ctrness=0.6384
epoch 42/50 iter 40/1860 loss=0.6424 mean_loss=0.7234 classification=0.0064, bbox_regression=0.0349, bbox_ctrness=0.6010
epoch 42/50 iter 60/1860 loss=0.7164 mean_loss=0.7096 classification=0.0272, bbox_regression=0.0860, bbox_ctrness=0.6031
epoch 42/50 iter 80/1860 loss=0.6535 mean_loss=0.7034 classification=0.0052, bbox_regression=0.0392, bbox_ctrness=0.6092
epoch 42/50 iter 100/1860 loss=0.6914 mean_loss=0.7027 classification=0.0450, bbox_regression=0.0557, bbox_ctrness=0.5906
epoch 42/50 iter 120/1860 loss=0.6729 mean_loss=0.7035 classification=0.0070, bbox_regression=0.0586, bbox_ctrness=0.6073
epoch 42/50 iter 140/1860 loss=0.6841 mean_loss=0.7053 classification=0.0350, bbox_regression=0.0476, bbox_ctrness=0.6015
epoch 42/50 iter 160/1860 loss=0.9449 mean_loss=0.7064 classification=0.2155, bbox_regression=0.1261, bbox_ctrness=0.6033
epoch 42/50 iter 180/1860 loss=0.6997 mean_loss=0.7069 classification=0.0251, bbox_regression=0.0687, bbox_ctrness=0.6059
epoch 42/50 iter 200/1860 loss=0.7318 mean_loss=0.7072 classification=0.0313, bbox_regression=0.0877, bbox_ctrness=0.6129
epoch 42/50 iter 220/1860 loss=0.6394 mean_loss=0.7045 classification=0.0057, bbox_regression=0.0460, bbox_ctrness=0.5877
epoch 42/50 iter 240/1860 loss=0.6623 mean_loss=0.7057 classification=0.0107, bbox_regression=0.0519, bbox_ctrness=0.5997
epoch 42/50 iter 260/1860 loss=0.7025 mean_loss=0.7040 classification=0.0328, bbox_regression=0.0626, bbox_ctrness=0.6071
epoch 42/50 iter 280/1860 loss=0.7358 mean_loss=0.7016 classification=0.0298, bbox_regression=0.0913, bbox_ctrness=0.6148
epoch 42/50 iter 300/1860 loss=0.6647 mean_loss=0.6992 classification=0.0058, bbox_regression=0.0546, bbox_ctrness=0.6042
epoch 42/50 iter 320/1860 loss=0.7825 mean_loss=0.6980 classification=0.0795, bbox_regression=0.1019, bbox_ctrness=0.6011
epoch 42/50 iter 340/1860 loss=0.8052 mean_loss=0.6977 classification=0.1069, bbox_regression=0.1094, bbox_ctrness=0.5889
epoch 42/50 iter 360/1860 loss=0.9279 mean_loss=0.6981 classification=0.1793, bbox_regression=0.1398, bbox_ctrness=0.6088
epoch 42/50 iter 380/1860 loss=0.6721 mean_loss=0.6984 classification=0.0249, bbox_regression=0.0592, bbox_ctrness=0.5880
epoch 42/50 iter 400/1860 loss=0.7897 mean_loss=0.7001 classification=0.0962, bbox_regression=0.0783, bbox_ctrness=0.6153
epoch 42/50 iter 420/1860 loss=0.6464 mean_loss=0.6991 classification=0.0219, bbox_regression=0.0400, bbox_ctrness=0.5845
epoch 42/50 iter 440/1860 loss=0.6723 mean_loss=0.6993 classification=0.0168, bbox_regression=0.0565, bbox_ctrness=0.5990
epoch 42/50 iter 460/1860 loss=0.6441 mean_loss=0.7002 classification=0.0197, bbox_regression=0.0364, bbox_ctrness=0.5881
epoch 42/50 iter 480/1860 loss=0.6366 mean_loss=0.6992 classification=0.0111, bbox_regression=0.0431, bbox_ctrness=0.5824
epoch 42/50 iter 500/1860 loss=0.7815 mean_loss=0.6989 classification=0.0768, bbox_regression=0.1074, bbox_ctrness=0.5973
epoch 42/50 iter 520/1860 loss=0.6395 mean_loss=0.6986 classification=0.0042, bbox_regression=0.0437, bbox_ctrness=0.5916
epoch 42/50 iter 540/1860 loss=0.6859 mean_loss=0.6979 classification=0.0160, bbox_regression=0.0658, bbox_ctrness=0.6040
epoch 42/50 iter 560/1860 loss=0.6501 mean_loss=0.6975 classification=0.0107, bbox_regression=0.0514, bbox_ctrness=0.5880
epoch 42/50 iter 580/1860 loss=0.6288 mean_loss=0.6967 classification=0.0043, bbox_regression=0.0392, bbox_ctrness=0.5853
epoch 42/50 iter 600/1860 loss=0.6659 mean_loss=0.6966 classification=0.0124, bbox_regression=0.0506, bbox_ctrness=0.6029
epoch 42/50 iter 620/1860 loss=0.6771 mean_loss=0.6973 classification=0.0031, bbox_regression=0.0653, bbox_ctrness=0.6088
epoch 42/50 iter 640/1860 loss=0.6520 mean_loss=0.6975 classification=0.0004, bbox_regression=0.0402, bbox_ctrness=0.6114
epoch 42/50 iter 660/1860 loss=0.7071 mean_loss=0.6972 classification=0.0324, bbox_regression=0.0730, bbox_ctrness=0.6017
epoch 42/50 iter 680/1860 loss=0.6502 mean_loss=0.6968 classification=0.0123, bbox_regression=0.0536, bbox_ctrness=0.5842
epoch 42/50 iter 700/1860 loss=0.7252 mean_loss=0.6978 classification=0.0459, bbox_regression=0.0716, bbox_ctrness=0.6077
epoch 42/50 iter 720/1860 loss=0.6458 mean_loss=0.6983 classification=0.0033, bbox_regression=0.0454, bbox_ctrness=0.5971
epoch 42/50 iter 740/1860 loss=0.6709 mean_loss=0.6985 classification=0.0145, bbox_regression=0.0544, bbox_ctrness=0.6020
epoch 42/50 iter 760/1860 loss=0.6503 mean_loss=0.6984 classification=0.0008, bbox_regression=0.0542, bbox_ctrness=0.5953
epoch 42/50 iter 780/1860 loss=0.6746 mean_loss=0.6980 classification=0.0239, bbox_regression=0.0698, bbox_ctrness=0.5808
epoch 42/50 iter 800/1860 loss=0.6617 mean_loss=0.6981 classification=0.0143, bbox_regression=0.0438, bbox_ctrness=0.6036
epoch 42/50 iter 820/1860 loss=1.0391 mean_loss=0.6988 classification=0.2191, bbox_regression=0.2126, bbox_ctrness=0.6074
epoch 42/50 iter 840/1860 loss=0.6523 mean_loss=0.6995 classification=0.0169, bbox_regression=0.0467, bbox_ctrness=0.5887
epoch 42/50 iter 860/1860 loss=0.6779 mean_loss=0.7006 classification=0.0133, bbox_regression=0.0659, bbox_ctrness=0.5986
epoch 42/50 iter 880/1860 loss=0.7435 mean_loss=0.7006 classification=0.0631, bbox_regression=0.0987, bbox_ctrness=0.5817
epoch 42/50 iter 900/1860 loss=0.7093 mean_loss=0.7009 classification=0.0179, bbox_regression=0.0764, bbox_ctrness=0.6151
epoch 42/50 iter 920/1860 loss=0.7898 mean_loss=0.7010 classification=0.0611, bbox_regression=0.1097, bbox_ctrness=0.6189
epoch 42/50 iter 940/1860 loss=0.6601 mean_loss=0.7008 classification=0.0056, bbox_regression=0.0521, bbox_ctrness=0.6023
epoch 42/50 iter 960/1860 loss=0.7009 mean_loss=0.7014 classification=0.0318, bbox_regression=0.0638, bbox_ctrness=0.6053
epoch 42/50 iter 980/1860 loss=0.8294 mean_loss=0.7012 classification=0.1145, bbox_regression=0.1033, bbox_ctrness=0.6116
epoch 42/50 iter 1000/1860 loss=0.6728 mean_loss=0.7009 classification=0.0149, bbox_regression=0.0588, bbox_ctrness=0.5991
epoch 42/50 iter 1020/1860 loss=0.6938 mean_loss=0.7013 classification=0.0160, bbox_regression=0.0676, bbox_ctrness=0.6102
epoch 42/50 iter 1040/1860 loss=0.6468 mean_loss=0.7018 classification=0.0055, bbox_regression=0.0457, bbox_ctrness=0.5956
epoch 42/50 iter 1060/1860 loss=0.9023 mean_loss=0.7019 classification=0.1691, bbox_regression=0.1164, bbox_ctrness=0.6168
epoch 42/50 iter 1080/1860 loss=0.6335 mean_loss=0.7026 classification=0.0103, bbox_regression=0.0425, bbox_ctrness=0.5807
epoch 42/50 iter 1100/1860 loss=0.6954 mean_loss=0.7025 classification=0.0156, bbox_regression=0.0715, bbox_ctrness=0.6084
epoch 42/50 iter 1120/1860 loss=0.6878 mean_loss=0.7031 classification=0.0269, bbox_regression=0.0651, bbox_ctrness=0.5958
epoch 42/50 iter 1140/1860 loss=0.7249 mean_loss=0.7030 classification=0.0447, bbox_regression=0.0799, bbox_ctrness=0.6002
epoch 42/50 iter 1160/1860 loss=0.6753 mean_loss=0.7027 classification=0.0112, bbox_regression=0.0704, bbox_ctrness=0.5937
epoch 42/50 iter 1180/1860 loss=0.6753 mean_loss=0.7027 classification=0.0047, bbox_regression=0.0442, bbox_ctrness=0.6264
epoch 42/50 iter 1200/1860 loss=0.6787 mean_loss=0.7027 classification=0.0216, bbox_regression=0.0737, bbox_ctrness=0.5833
epoch 42/50 iter 1220/1860 loss=0.6944 mean_loss=0.7032 classification=0.0210, bbox_regression=0.0654, bbox_ctrness=0.6080
epoch 42/50 iter 1240/1860 loss=0.6710 mean_loss=0.7030 classification=0.0135, bbox_regression=0.0672, bbox_ctrness=0.5903
epoch 42/50 iter 1260/1860 loss=0.7082 mean_loss=0.7031 classification=0.0364, bbox_regression=0.0689, bbox_ctrness=0.6029
epoch 42/50 iter 1280/1860 loss=0.6613 mean_loss=0.7031 classification=0.0145, bbox_regression=0.0597, bbox_ctrness=0.5871
epoch 42/50 iter 1300/1860 loss=0.7544 mean_loss=0.7029 classification=0.0576, bbox_regression=0.1027, bbox_ctrness=0.5941
epoch 42/50 iter 1320/1860 loss=0.6440 mean_loss=0.7030 classification=0.0137, bbox_regression=0.0416, bbox_ctrness=0.5886
epoch 42/50 iter 1340/1860 loss=0.6771 mean_loss=0.7034 classification=0.0073, bbox_regression=0.0397, bbox_ctrness=0.6301
epoch 42/50 iter 1360/1860 loss=0.7526 mean_loss=0.7037 classification=0.0830, bbox_regression=0.0949, bbox_ctrness=0.5747
epoch 42/50 iter 1380/1860 loss=0.6576 mean_loss=0.7032 classification=0.0209, bbox_regression=0.0578, bbox_ctrness=0.5789
epoch 42/50 iter 1400/1860 loss=0.6737 mean_loss=0.7038 classification=0.0140, bbox_regression=0.0626, bbox_ctrness=0.5971
epoch 42/50 iter 1420/1860 loss=0.7684 mean_loss=0.7034 classification=0.0599, bbox_regression=0.0941, bbox_ctrness=0.6144
epoch 42/50 iter 1440/1860 loss=0.6517 mean_loss=0.7032 classification=0.0083, bbox_regression=0.0407, bbox_ctrness=0.6027
epoch 42/50 iter 1460/1860 loss=0.6684 mean_loss=0.7034 classification=0.0281, bbox_regression=0.0488, bbox_ctrness=0.5914
epoch 42/50 iter 1480/1860 loss=0.6566 mean_loss=0.7031 classification=0.0102, bbox_regression=0.0510, bbox_ctrness=0.5954
epoch 42/50 iter 1500/1860 loss=0.6592 mean_loss=0.7038 classification=0.0117, bbox_regression=0.0557, bbox_ctrness=0.5919
epoch 42/50 iter 1520/1860 loss=0.6342 mean_loss=0.7039 classification=0.0062, bbox_regression=0.0433, bbox_ctrness=0.5847
epoch 42/50 iter 1540/1860 loss=0.6290 mean_loss=0.7039 classification=0.0041, bbox_regression=0.0397, bbox_ctrness=0.5851
epoch 42/50 iter 1560/1860 loss=0.6890 mean_loss=0.7047 classification=0.0352, bbox_regression=0.0726, bbox_ctrness=0.5812
epoch 42/50 iter 1580/1860 loss=0.6667 mean_loss=0.7047 classification=0.0037, bbox_regression=0.0580, bbox_ctrness=0.6050
epoch 42/50 iter 1600/1860 loss=0.6892 mean_loss=0.7047 classification=0.0149, bbox_regression=0.0766, bbox_ctrness=0.5977
epoch 42/50 iter 1620/1860 loss=0.8614 mean_loss=0.7051 classification=0.1404, bbox_regression=0.1131, bbox_ctrness=0.6079
epoch 42/50 iter 1640/1860 loss=0.6554 mean_loss=0.7051 classification=0.0106, bbox_regression=0.0402, bbox_ctrness=0.6046
epoch 42/50 iter 1660/1860 loss=0.7502 mean_loss=0.7053 classification=0.0538, bbox_regression=0.0940, bbox_ctrness=0.6024
epoch 42/50 iter 1680/1860 loss=0.6640 mean_loss=0.7053 classification=0.0054, bbox_regression=0.0511, bbox_ctrness=0.6076
epoch 42/50 iter 1700/1860 loss=0.6591 mean_loss=0.7053 classification=0.0181, bbox_regression=0.0469, bbox_ctrness=0.5941
epoch 42/50 iter 1720/1860 loss=0.6666 mean_loss=0.7053 classification=0.0142, bbox_regression=0.0646, bbox_ctrness=0.5877
epoch 42/50 iter 1740/1860 loss=0.6621 mean_loss=0.7049 classification=0.0108, bbox_regression=0.0533, bbox_ctrness=0.5981
epoch 42/50 iter 1760/1860 loss=0.7979 mean_loss=0.7050 classification=0.0772, bbox_regression=0.0804, bbox_ctrness=0.6404
epoch 42/50 iter 1780/1860 loss=0.6712 mean_loss=0.7054 classification=0.0124, bbox_regression=0.0485, bbox_ctrness=0.6103
epoch 42/50 iter 1800/1860 loss=0.6935 mean_loss=0.7051 classification=0.0352, bbox_regression=0.0538, bbox_ctrness=0.6044
epoch 42/50 iter 1820/1860 loss=0.6755 mean_loss=0.7052 classification=0.0155, bbox_regression=0.0624, bbox_ctrness=0.5976
epoch 42/50 iter 1840/1860 loss=0.6861 mean_loss=0.7051 classification=0.0127, bbox_regression=0.0646, bbox_ctrness=0.6089
epoch 42/50 iter 1860/1860 loss=0.8016 mean_loss=0.7052 classification=0.1185, bbox_regression=0.0748, bbox_ctrness=0.6083
epoch 42 validation Precision=0.7855 Recall=0.9299 AP50=0.9157 AP75=0.8417 eval_fps=20.75 epoch_time_sec=839.5
saved checkpoint: E:\RepViT-main\runs\v48_complete_ablation\training\early_moddrop_seed1\weights\last.pt
epoch 43/50 iter 1/1860 loss=0.6600 mean_loss=0.6600 classification=0.0034, bbox_regression=0.0453, bbox_ctrness=0.6112
epoch 43/50 iter 20/1860 loss=0.7323 mean_loss=0.6981 classification=0.0441, bbox_regression=0.0787, bbox_ctrness=0.6096
epoch 43/50 iter 40/1860 loss=0.6493 mean_loss=0.6990 classification=0.0074, bbox_regression=0.0516, bbox_ctrness=0.5904
epoch 43/50 iter 60/1860 loss=0.6470 mean_loss=0.6976 classification=0.0082, bbox_regression=0.0495, bbox_ctrness=0.5893
epoch 43/50 iter 80/1860 loss=0.8881 mean_loss=0.7008 classification=0.1538, bbox_regression=0.1216, bbox_ctrness=0.6127
epoch 43/50 iter 100/1860 loss=0.6757 mean_loss=0.7060 classification=0.0207, bbox_regression=0.0462, bbox_ctrness=0.6087
epoch 43/50 iter 120/1860 loss=0.6770 mean_loss=0.7081 classification=0.0111, bbox_regression=0.0462, bbox_ctrness=0.6197
epoch 43/50 iter 140/1860 loss=0.6674 mean_loss=0.7070 classification=0.0129, bbox_regression=0.0611, bbox_ctrness=0.5934
epoch 43/50 iter 160/1860 loss=0.6736 mean_loss=0.7087 classification=0.0070, bbox_regression=0.0581, bbox_ctrness=0.6084
epoch 43/50 iter 180/1860 loss=0.6534 mean_loss=0.7080 classification=0.0060, bbox_regression=0.0491, bbox_ctrness=0.5983
epoch 43/50 iter 200/1860 loss=0.6598 mean_loss=0.7043 classification=0.0088, bbox_regression=0.0553, bbox_ctrness=0.5957
epoch 43/50 iter 220/1860 loss=0.6499 mean_loss=0.7035 classification=0.0058, bbox_regression=0.0388, bbox_ctrness=0.6053
epoch 43/50 iter 240/1860 loss=0.7004 mean_loss=0.7065 classification=0.0386, bbox_regression=0.0618, bbox_ctrness=0.6000
epoch 43/50 iter 260/1860 loss=0.7750 mean_loss=0.7058 classification=0.0465, bbox_regression=0.0993, bbox_ctrness=0.6292
epoch 43/50 iter 280/1860 loss=0.6891 mean_loss=0.7076 classification=0.0221, bbox_regression=0.0794, bbox_ctrness=0.5875
epoch 43/50 iter 300/1860 loss=0.6535 mean_loss=0.7051 classification=0.0203, bbox_regression=0.0390, bbox_ctrness=0.5941
epoch 43/50 iter 320/1860 loss=0.8574 mean_loss=0.7058 classification=0.1422, bbox_regression=0.1102, bbox_ctrness=0.6051
epoch 43/50 iter 340/1860 loss=0.6806 mean_loss=0.7074 classification=0.0063, bbox_regression=0.0620, bbox_ctrness=0.6123
epoch 43/50 iter 360/1860 loss=0.6637 mean_loss=0.7069 classification=0.0127, bbox_regression=0.0534, bbox_ctrness=0.5976
epoch 43/50 iter 380/1860 loss=0.6596 mean_loss=0.7063 classification=0.0048, bbox_regression=0.0447, bbox_ctrness=0.6101
epoch 43/50 iter 400/1860 loss=0.8258 mean_loss=0.7069 classification=0.1258, bbox_regression=0.0980, bbox_ctrness=0.6019
epoch 43/50 iter 420/1860 loss=0.6498 mean_loss=0.7074 classification=0.0025, bbox_regression=0.0517, bbox_ctrness=0.5956
epoch 43/50 iter 440/1860 loss=0.6731 mean_loss=0.7069 classification=0.0163, bbox_regression=0.0447, bbox_ctrness=0.6121
epoch 43/50 iter 460/1860 loss=0.6839 mean_loss=0.7064 classification=0.0422, bbox_regression=0.0539, bbox_ctrness=0.5878
epoch 43/50 iter 480/1860 loss=0.6930 mean_loss=0.7070 classification=0.0224, bbox_regression=0.0674, bbox_ctrness=0.6032
epoch 43/50 iter 500/1860 loss=0.6587 mean_loss=0.7073 classification=0.0075, bbox_regression=0.0425, bbox_ctrness=0.6087
epoch 43/50 iter 520/1860 loss=0.7825 mean_loss=0.7071 classification=0.0676, bbox_regression=0.0995, bbox_ctrness=0.6154
epoch 43/50 iter 540/1860 loss=0.7228 mean_loss=0.7065 classification=0.0452, bbox_regression=0.0842, bbox_ctrness=0.5933
epoch 43/50 iter 560/1860 loss=0.6456 mean_loss=0.7081 classification=0.0089, bbox_regression=0.0472, bbox_ctrness=0.5895
epoch 43/50 iter 580/1860 loss=0.6522 mean_loss=0.7069 classification=0.0247, bbox_regression=0.0454, bbox_ctrness=0.5822
epoch 43/50 iter 600/1860 loss=0.6528 mean_loss=0.7066 classification=0.0083, bbox_regression=0.0424, bbox_ctrness=0.6021
epoch 43/50 iter 620/1860 loss=0.6609 mean_loss=0.7062 classification=0.0121, bbox_regression=0.0496, bbox_ctrness=0.5993
epoch 43/50 iter 640/1860 loss=0.7673 mean_loss=0.7054 classification=0.0619, bbox_regression=0.0998, bbox_ctrness=0.6055
epoch 43/50 iter 660/1860 loss=0.6640 mean_loss=0.7056 classification=0.0226, bbox_regression=0.0609, bbox_ctrness=0.5805
epoch 43/50 iter 680/1860 loss=0.7163 mean_loss=0.7051 classification=0.0422, bbox_regression=0.0771, bbox_ctrness=0.5969
epoch 43/50 iter 700/1860 loss=0.6609 mean_loss=0.7043 classification=0.0138, bbox_regression=0.0430, bbox_ctrness=0.6041
epoch 43/50 iter 720/1860 loss=0.6488 mean_loss=0.7049 classification=0.0362, bbox_regression=0.0385, bbox_ctrness=0.5741
epoch 43/50 iter 740/1860 loss=0.7071 mean_loss=0.7058 classification=0.0354, bbox_regression=0.0827, bbox_ctrness=0.5891
epoch 43/50 iter 760/1860 loss=0.6895 mean_loss=0.7063 classification=0.0146, bbox_regression=0.0757, bbox_ctrness=0.5992
epoch 43/50 iter 780/1860 loss=0.6755 mean_loss=0.7066 classification=0.0198, bbox_regression=0.0640, bbox_ctrness=0.5917
epoch 43/50 iter 800/1860 loss=0.7383 mean_loss=0.7063 classification=0.0574, bbox_regression=0.0908, bbox_ctrness=0.5901
epoch 43/50 iter 820/1860 loss=0.6701 mean_loss=0.7058 classification=0.0026, bbox_regression=0.0471, bbox_ctrness=0.6204
epoch 43/50 iter 840/1860 loss=0.7299 mean_loss=0.7061 classification=0.0604, bbox_regression=0.0824, bbox_ctrness=0.5871
epoch 43/50 iter 860/1860 loss=0.6916 mean_loss=0.7061 classification=0.0334, bbox_regression=0.0515, bbox_ctrness=0.6068
epoch 43/50 iter 880/1860 loss=0.6533 mean_loss=0.7061 classification=0.0076, bbox_regression=0.0356, bbox_ctrness=0.6101
epoch 43/50 iter 900/1860 loss=0.6594 mean_loss=0.7061 classification=0.0045, bbox_regression=0.0479, bbox_ctrness=0.6070
epoch 43/50 iter 920/1860 loss=0.6670 mean_loss=0.7057 classification=0.0185, bbox_regression=0.0545, bbox_ctrness=0.5940
epoch 43/50 iter 940/1860 loss=1.0384 mean_loss=0.7060 classification=0.2032, bbox_regression=0.1940, bbox_ctrness=0.6412
epoch 43/50 iter 960/1860 loss=0.6928 mean_loss=0.7056 classification=0.0275, bbox_regression=0.0684, bbox_ctrness=0.5969
epoch 43/50 iter 980/1860 loss=0.6579 mean_loss=0.7065 classification=0.0033, bbox_regression=0.0533, bbox_ctrness=0.6012
epoch 43/50 iter 1000/1860 loss=0.6877 mean_loss=0.7066 classification=0.0223, bbox_regression=0.0583, bbox_ctrness=0.6071
epoch 43/50 iter 1020/1860 loss=0.6505 mean_loss=0.7066 classification=0.0050, bbox_regression=0.0536, bbox_ctrness=0.5920
epoch 43/50 iter 1040/1860 loss=0.6561 mean_loss=0.7066 classification=0.0037, bbox_regression=0.0413, bbox_ctrness=0.6111
epoch 43/50 iter 1060/1860 loss=0.6653 mean_loss=0.7062 classification=0.0205, bbox_regression=0.0555, bbox_ctrness=0.5893
epoch 43/50 iter 1080/1860 loss=0.6815 mean_loss=0.7060 classification=0.0236, bbox_regression=0.0597, bbox_ctrness=0.5983
epoch 43/50 iter 1100/1860 loss=0.6403 mean_loss=0.7055 classification=0.0031, bbox_regression=0.0427, bbox_ctrness=0.5945
epoch 43/50 iter 1120/1860 loss=0.7048 mean_loss=0.7054 classification=0.0523, bbox_regression=0.0680, bbox_ctrness=0.5845
epoch 43/50 iter 1140/1860 loss=0.6455 mean_loss=0.7048 classification=0.0077, bbox_regression=0.0467, bbox_ctrness=0.5910
epoch 43/50 iter 1160/1860 loss=0.7643 mean_loss=0.7049 classification=0.0703, bbox_regression=0.0756, bbox_ctrness=0.6183
epoch 43/50 iter 1180/1860 loss=0.6556 mean_loss=0.7046 classification=0.0046, bbox_regression=0.0452, bbox_ctrness=0.6058
epoch 43/50 iter 1200/1860 loss=0.6800 mean_loss=0.7046 classification=0.0355, bbox_regression=0.0603, bbox_ctrness=0.5842
epoch 43/50 iter 1220/1860 loss=0.6258 mean_loss=0.7049 classification=0.0040, bbox_regression=0.0467, bbox_ctrness=0.5751
epoch 43/50 iter 1240/1860 loss=0.6572 mean_loss=0.7052 classification=0.0090, bbox_regression=0.0545, bbox_ctrness=0.5938
epoch 43/50 iter 1260/1860 loss=0.7278 mean_loss=0.7047 classification=0.0506, bbox_regression=0.0795, bbox_ctrness=0.5977
epoch 43/50 iter 1280/1860 loss=0.6580 mean_loss=0.7050 classification=0.0215, bbox_regression=0.0407, bbox_ctrness=0.5958
epoch 43/50 iter 1300/1860 loss=0.6627 mean_loss=0.7053 classification=0.0048, bbox_regression=0.0459, bbox_ctrness=0.6120
epoch 43/50 iter 1320/1860 loss=0.6616 mean_loss=0.7049 classification=0.0356, bbox_regression=0.0544, bbox_ctrness=0.5717
epoch 43/50 iter 1340/1860 loss=0.6598 mean_loss=0.7046 classification=0.0067, bbox_regression=0.0412, bbox_ctrness=0.6119
epoch 43/50 iter 1360/1860 loss=0.6535 mean_loss=0.7046 classification=0.0070, bbox_regression=0.0517, bbox_ctrness=0.5948
epoch 43/50 iter 1380/1860 loss=0.6948 mean_loss=0.7051 classification=0.0079, bbox_regression=0.0552, bbox_ctrness=0.6317
epoch 43/50 iter 1400/1860 loss=0.6705 mean_loss=0.7048 classification=0.0149, bbox_regression=0.0654, bbox_ctrness=0.5902
epoch 43/50 iter 1420/1860 loss=0.6398 mean_loss=0.7049 classification=0.0128, bbox_regression=0.0526, bbox_ctrness=0.5744
epoch 43/50 iter 1440/1860 loss=0.7935 mean_loss=0.7048 classification=0.0793, bbox_regression=0.1168, bbox_ctrness=0.5974
epoch 43/50 iter 1460/1860 loss=0.6921 mean_loss=0.7049 classification=0.0353, bbox_regression=0.0671, bbox_ctrness=0.5897
epoch 43/50 iter 1480/1860 loss=0.8556 mean_loss=0.7058 classification=0.0847, bbox_regression=0.1497, bbox_ctrness=0.6212
epoch 43/50 iter 1500/1860 loss=0.6687 mean_loss=0.7058 classification=0.0154, bbox_regression=0.0454, bbox_ctrness=0.6079
epoch 43/50 iter 1520/1860 loss=0.7380 mean_loss=0.7055 classification=0.0411, bbox_regression=0.0889, bbox_ctrness=0.6080
epoch 43/50 iter 1540/1860 loss=1.0625 mean_loss=0.7057 classification=0.2446, bbox_regression=0.2001, bbox_ctrness=0.6177
epoch 43/50 iter 1560/1860 loss=0.6719 mean_loss=0.7057 classification=0.0068, bbox_regression=0.0470, bbox_ctrness=0.6182
epoch 43/50 iter 1580/1860 loss=0.6518 mean_loss=0.7056 classification=0.0053, bbox_regression=0.0587, bbox_ctrness=0.5877
epoch 43/50 iter 1600/1860 loss=0.6557 mean_loss=0.7058 classification=0.0073, bbox_regression=0.0574, bbox_ctrness=0.5910
epoch 43/50 iter 1620/1860 loss=0.6639 mean_loss=0.7054 classification=0.0066, bbox_regression=0.0540, bbox_ctrness=0.6034
epoch 43/50 iter 1640/1860 loss=0.7073 mean_loss=0.7054 classification=0.0115, bbox_regression=0.0791, bbox_ctrness=0.6167
epoch 43/50 iter 1660/1860 loss=0.7308 mean_loss=0.7052 classification=0.0459, bbox_regression=0.0786, bbox_ctrness=0.6063
epoch 43/50 iter 1680/1860 loss=0.6463 mean_loss=0.7048 classification=0.0250, bbox_regression=0.0390, bbox_ctrness=0.5823
epoch 43/50 iter 1700/1860 loss=0.9420 mean_loss=0.7052 classification=0.1382, bbox_regression=0.1728, bbox_ctrness=0.6310
epoch 43/50 iter 1720/1860 loss=0.7045 mean_loss=0.7052 classification=0.0520, bbox_regression=0.0552, bbox_ctrness=0.5973
epoch 43/50 iter 1740/1860 loss=0.6409 mean_loss=0.7051 classification=0.0077, bbox_regression=0.0464, bbox_ctrness=0.5867
epoch 43/50 iter 1760/1860 loss=0.7144 mean_loss=0.7051 classification=0.0297, bbox_regression=0.0791, bbox_ctrness=0.6056
epoch 43/50 iter 1780/1860 loss=0.6506 mean_loss=0.7049 classification=0.0052, bbox_regression=0.0501, bbox_ctrness=0.5953
epoch 43/50 iter 1800/1860 loss=0.7487 mean_loss=0.7048 classification=0.0374, bbox_regression=0.0924, bbox_ctrness=0.6189
epoch 43/50 iter 1820/1860 loss=0.6529 mean_loss=0.7047 classification=0.0029, bbox_regression=0.0462, bbox_ctrness=0.6039
epoch 43/50 iter 1840/1860 loss=0.6561 mean_loss=0.7045 classification=0.0053, bbox_regression=0.0484, bbox_ctrness=0.6023
epoch 43/50 iter 1860/1860 loss=0.6779 mean_loss=0.7044 classification=0.0106, bbox_regression=0.0612, bbox_ctrness=0.6060
epoch 43 validation Precision=0.7313 Recall=0.9419 AP50=0.9253 AP75=0.8501 eval_fps=19.46 epoch_time_sec=874.3
saved checkpoint: E:\RepViT-main\runs\v48_complete_ablation\training\early_moddrop_seed1\weights\last.pt
epoch 44/50 iter 1/1860 loss=0.7906 mean_loss=0.7906 classification=0.0699, bbox_regression=0.1045, bbox_ctrness=0.6163
epoch 44/50 iter 20/1860 loss=0.6448 mean_loss=0.6934 classification=0.0108, bbox_regression=0.0411, bbox_ctrness=0.5928
epoch 44/50 iter 40/1860 loss=0.7332 mean_loss=0.6949 classification=0.0669, bbox_regression=0.0572, bbox_ctrness=0.6091
epoch 44/50 iter 60/1860 loss=0.7397 mean_loss=0.6903 classification=0.0618, bbox_regression=0.0862, bbox_ctrness=0.5918
epoch 44/50 iter 80/1860 loss=0.6499 mean_loss=0.6966 classification=0.0077, bbox_regression=0.0507, bbox_ctrness=0.5915
epoch 44/50 iter 100/1860 loss=0.6455 mean_loss=0.6941 classification=0.0170, bbox_regression=0.0434, bbox_ctrness=0.5851
epoch 44/50 iter 120/1860 loss=0.6641 mean_loss=0.6912 classification=0.0177, bbox_regression=0.0596, bbox_ctrness=0.5868
epoch 44/50 iter 140/1860 loss=0.6669 mean_loss=0.6896 classification=0.0161, bbox_regression=0.0461, bbox_ctrness=0.6047
epoch 44/50 iter 160/1860 loss=0.6465 mean_loss=0.6942 classification=0.0040, bbox_regression=0.0368, bbox_ctrness=0.6056
epoch 44/50 iter 180/1860 loss=0.8626 mean_loss=0.7032 classification=0.1288, bbox_regression=0.1376, bbox_ctrness=0.5963
epoch 44/50 iter 200/1860 loss=0.6421 mean_loss=0.7020 classification=0.0004, bbox_regression=0.0320, bbox_ctrness=0.6097
epoch 44/50 iter 220/1860 loss=0.6496 mean_loss=0.7001 classification=0.0053, bbox_regression=0.0371, bbox_ctrness=0.6073
epoch 44/50 iter 240/1860 loss=0.6567 mean_loss=0.7021 classification=0.0144, bbox_regression=0.0476, bbox_ctrness=0.5948
epoch 44/50 iter 260/1860 loss=0.6349 mean_loss=0.7007 classification=0.0003, bbox_regression=0.0415, bbox_ctrness=0.5931
epoch 44/50 iter 280/1860 loss=0.6604 mean_loss=0.7012 classification=0.0036, bbox_regression=0.0466, bbox_ctrness=0.6101
epoch 44/50 iter 300/1860 loss=0.6859 mean_loss=0.7009 classification=0.0110, bbox_regression=0.0631, bbox_ctrness=0.6117
epoch 44/50 iter 320/1860 loss=0.6429 mean_loss=0.7020 classification=0.0048, bbox_regression=0.0352, bbox_ctrness=0.6029
epoch 44/50 iter 340/1860 loss=0.7466 mean_loss=0.7028 classification=0.0717, bbox_regression=0.0787, bbox_ctrness=0.5963
epoch 44/50 iter 360/1860 loss=0.8510 mean_loss=0.7024 classification=0.1163, bbox_regression=0.1267, bbox_ctrness=0.6081
epoch 44/50 iter 380/1860 loss=0.6554 mean_loss=0.7007 classification=0.0032, bbox_regression=0.0455, bbox_ctrness=0.6067
epoch 44/50 iter 400/1860 loss=0.8702 mean_loss=0.7008 classification=0.0913, bbox_regression=0.1449, bbox_ctrness=0.6340
epoch 44/50 iter 420/1860 loss=0.8101 mean_loss=0.7012 classification=0.1132, bbox_regression=0.0898, bbox_ctrness=0.6072
epoch 44/50 iter 440/1860 loss=0.6440 mean_loss=0.7020 classification=0.0054, bbox_regression=0.0355, bbox_ctrness=0.6032
epoch 44/50 iter 460/1860 loss=0.7866 mean_loss=0.7011 classification=0.0608, bbox_regression=0.1116, bbox_ctrness=0.6143
epoch 44/50 iter 480/1860 loss=0.6609 mean_loss=0.7018 classification=0.0228, bbox_regression=0.0533, bbox_ctrness=0.5848
epoch 44/50 iter 500/1860 loss=0.6312 mean_loss=0.7015 classification=0.0051, bbox_regression=0.0414, bbox_ctrness=0.5847
epoch 44/50 iter 520/1860 loss=0.6440 mean_loss=0.7015 classification=0.0066, bbox_regression=0.0480, bbox_ctrness=0.5894
epoch 44/50 iter 540/1860 loss=0.6574 mean_loss=0.7016 classification=0.0057, bbox_regression=0.0484, bbox_ctrness=0.6033
epoch 44/50 iter 560/1860 loss=0.6949 mean_loss=0.7012 classification=0.0191, bbox_regression=0.0625, bbox_ctrness=0.6133
epoch 44/50 iter 580/1860 loss=0.6353 mean_loss=0.7007 classification=0.0051, bbox_regression=0.0410, bbox_ctrness=0.5893
epoch 44/50 iter 600/1860 loss=0.7904 mean_loss=0.7002 classification=0.0640, bbox_regression=0.1219, bbox_ctrness=0.6045
epoch 44/50 iter 620/1860 loss=0.6611 mean_loss=0.6998 classification=0.0016, bbox_regression=0.0488, bbox_ctrness=0.6106
epoch 44/50 iter 640/1860 loss=0.7638 mean_loss=0.6993 classification=0.0640, bbox_regression=0.0855, bbox_ctrness=0.6142
epoch 44/50 iter 660/1860 loss=0.7854 mean_loss=0.6992 classification=0.0709, bbox_regression=0.1199, bbox_ctrness=0.5946
epoch 44/50 iter 680/1860 loss=0.6421 mean_loss=0.6996 classification=0.0097, bbox_regression=0.0471, bbox_ctrness=0.5853
epoch 44/50 iter 700/1860 loss=0.9256 mean_loss=0.7002 classification=0.1727, bbox_regression=0.1488, bbox_ctrness=0.6041
epoch 44/50 iter 720/1860 loss=0.6476 mean_loss=0.7017 classification=0.0028, bbox_regression=0.0435, bbox_ctrness=0.6013
epoch 44/50 iter 740/1860 loss=0.6626 mean_loss=0.7016 classification=0.0083, bbox_regression=0.0496, bbox_ctrness=0.6046
epoch 44/50 iter 760/1860 loss=0.7010 mean_loss=0.7014 classification=0.0272, bbox_regression=0.0714, bbox_ctrness=0.6025
epoch 44/50 iter 780/1860 loss=0.6804 mean_loss=0.7017 classification=0.0210, bbox_regression=0.0521, bbox_ctrness=0.6073
epoch 44/50 iter 800/1860 loss=0.6790 mean_loss=0.7017 classification=0.0123, bbox_regression=0.0631, bbox_ctrness=0.6036
epoch 44/50 iter 820/1860 loss=0.7247 mean_loss=0.7008 classification=0.0336, bbox_regression=0.0848, bbox_ctrness=0.6062
epoch 44/50 iter 840/1860 loss=0.6283 mean_loss=0.7012 classification=0.0061, bbox_regression=0.0416, bbox_ctrness=0.5806
epoch 44/50 iter 860/1860 loss=0.7290 mean_loss=0.7009 classification=0.0438, bbox_regression=0.0789, bbox_ctrness=0.6063
epoch 44/50 iter 880/1860 loss=0.6849 mean_loss=0.7009 classification=0.0157, bbox_regression=0.0637, bbox_ctrness=0.6055
epoch 44/50 iter 900/1860 loss=0.6973 mean_loss=0.7008 classification=0.0320, bbox_regression=0.0742, bbox_ctrness=0.5911
epoch 44/50 iter 920/1860 loss=0.6596 mean_loss=0.7009 classification=0.0003, bbox_regression=0.0394, bbox_ctrness=0.6199
epoch 44/50 iter 940/1860 loss=0.6603 mean_loss=0.7012 classification=0.0022, bbox_regression=0.0633, bbox_ctrness=0.5948
epoch 44/50 iter 960/1860 loss=0.6914 mean_loss=0.7011 classification=0.0023, bbox_regression=0.0679, bbox_ctrness=0.6212
epoch 44/50 iter 980/1860 loss=0.6545 mean_loss=0.7017 classification=0.0098, bbox_regression=0.0426, bbox_ctrness=0.6021
epoch 44/50 iter 1000/1860 loss=0.7130 mean_loss=0.7011 classification=0.0257, bbox_regression=0.0812, bbox_ctrness=0.6062
epoch 44/50 iter 1020/1860 loss=0.9571 mean_loss=0.7015 classification=0.1686, bbox_regression=0.1704, bbox_ctrness=0.6182
epoch 44/50 iter 1040/1860 loss=0.6505 mean_loss=0.7013 classification=0.0073, bbox_regression=0.0497, bbox_ctrness=0.5934
epoch 44/50 iter 1060/1860 loss=0.6712 mean_loss=0.7011 classification=0.0268, bbox_regression=0.0505, bbox_ctrness=0.5939
epoch 44/50 iter 1080/1860 loss=0.6616 mean_loss=0.7008 classification=0.0067, bbox_regression=0.0520, bbox_ctrness=0.6029
epoch 44/50 iter 1100/1860 loss=0.6382 mean_loss=0.7005 classification=0.0045, bbox_regression=0.0438, bbox_ctrness=0.5899
epoch 44/50 iter 1120/1860 loss=0.6636 mean_loss=0.7006 classification=0.0093, bbox_regression=0.0520, bbox_ctrness=0.6022
epoch 44/50 iter 1140/1860 loss=0.7178 mean_loss=0.7008 classification=0.0120, bbox_regression=0.0938, bbox_ctrness=0.6120
epoch 44/50 iter 1160/1860 loss=0.6586 mean_loss=0.7009 classification=0.0073, bbox_regression=0.0418, bbox_ctrness=0.6094
epoch 44/50 iter 1180/1860 loss=0.6611 mean_loss=0.7009 classification=0.0187, bbox_regression=0.0542, bbox_ctrness=0.5882
epoch 44/50 iter 1200/1860 loss=0.6885 mean_loss=0.7012 classification=0.0213, bbox_regression=0.0654, bbox_ctrness=0.6018
epoch 44/50 iter 1220/1860 loss=0.7284 mean_loss=0.7011 classification=0.0431, bbox_regression=0.0720, bbox_ctrness=0.6133
epoch 44/50 iter 1240/1860 loss=0.7970 mean_loss=0.7017 classification=0.1122, bbox_regression=0.1010, bbox_ctrness=0.5838
epoch 44/50 iter 1260/1860 loss=0.6741 mean_loss=0.7021 classification=0.0037, bbox_regression=0.0543, bbox_ctrness=0.6160
epoch 44/50 iter 1280/1860 loss=0.6561 mean_loss=0.7018 classification=0.0025, bbox_regression=0.0474, bbox_ctrness=0.6062
epoch 44/50 iter 1300/1860 loss=0.6794 mean_loss=0.7022 classification=0.0264, bbox_regression=0.0626, bbox_ctrness=0.5904
epoch 44/50 iter 1320/1860 loss=1.0066 mean_loss=0.7027 classification=0.2101, bbox_regression=0.1863, bbox_ctrness=0.6103
epoch 44/50 iter 1340/1860 loss=0.6458 mean_loss=0.7029 classification=0.0057, bbox_regression=0.0486, bbox_ctrness=0.5915
epoch 44/50 iter 1360/1860 loss=1.0563 mean_loss=0.7029 classification=0.2661, bbox_regression=0.1880, bbox_ctrness=0.6022
epoch 44/50 iter 1380/1860 loss=0.7042 mean_loss=0.7034 classification=0.0173, bbox_regression=0.0731, bbox_ctrness=0.6138
epoch 44/50 iter 1400/1860 loss=0.6392 mean_loss=0.7030 classification=0.0062, bbox_regression=0.0471, bbox_ctrness=0.5858
epoch 44/50 iter 1420/1860 loss=0.6638 mean_loss=0.7029 classification=0.0038, bbox_regression=0.0526, bbox_ctrness=0.6074
epoch 44/50 iter 1440/1860 loss=0.7121 mean_loss=0.7032 classification=0.0348, bbox_regression=0.0507, bbox_ctrness=0.6267
epoch 44/50 iter 1460/1860 loss=0.9335 mean_loss=0.7034 classification=0.1261, bbox_regression=0.1873, bbox_ctrness=0.6201
epoch 44/50 iter 1480/1860 loss=0.6673 mean_loss=0.7031 classification=0.0147, bbox_regression=0.0553, bbox_ctrness=0.5972
epoch 44/50 iter 1500/1860 loss=0.6555 mean_loss=0.7029 classification=0.0020, bbox_regression=0.0493, bbox_ctrness=0.6043
epoch 44/50 iter 1520/1860 loss=0.7216 mean_loss=0.7031 classification=0.0462, bbox_regression=0.0720, bbox_ctrness=0.6033
epoch 44/50 iter 1540/1860 loss=0.7147 mean_loss=0.7029 classification=0.0413, bbox_regression=0.0693, bbox_ctrness=0.6041
epoch 44/50 iter 1560/1860 loss=0.7444 mean_loss=0.7026 classification=0.0515, bbox_regression=0.0903, bbox_ctrness=0.6026
epoch 44/50 iter 1580/1860 loss=1.1951 mean_loss=0.7030 classification=0.3714, bbox_regression=0.2101, bbox_ctrness=0.6136
epoch 44/50 iter 1600/1860 loss=0.6547 mean_loss=0.7035 classification=0.0009, bbox_regression=0.0427, bbox_ctrness=0.6111
epoch 44/50 iter 1620/1860 loss=0.7143 mean_loss=0.7032 classification=0.0383, bbox_regression=0.0726, bbox_ctrness=0.6035
epoch 44/50 iter 1640/1860 loss=0.6621 mean_loss=0.7035 classification=0.0157, bbox_regression=0.0497, bbox_ctrness=0.5967
epoch 44/50 iter 1660/1860 loss=0.6761 mean_loss=0.7033 classification=0.0069, bbox_regression=0.0634, bbox_ctrness=0.6058
epoch 44/50 iter 1680/1860 loss=0.9648 mean_loss=0.7031 classification=0.1890, bbox_regression=0.1726, bbox_ctrness=0.6032
epoch 44/50 iter 1700/1860 loss=0.6660 mean_loss=0.7029 classification=0.0026, bbox_regression=0.0522, bbox_ctrness=0.6112
epoch 44/50 iter 1720/1860 loss=0.6620 mean_loss=0.7027 classification=0.0106, bbox_regression=0.0479, bbox_ctrness=0.6035
epoch 44/50 iter 1740/1860 loss=0.9208 mean_loss=0.7026 classification=0.1638, bbox_regression=0.1385, bbox_ctrness=0.6185
epoch 44/50 iter 1760/1860 loss=0.6681 mean_loss=0.7024 classification=0.0053, bbox_regression=0.0524, bbox_ctrness=0.6104
epoch 44/50 iter 1780/1860 loss=0.6541 mean_loss=0.7021 classification=0.0033, bbox_regression=0.0385, bbox_ctrness=0.6123
epoch 44/50 iter 1800/1860 loss=0.6612 mean_loss=0.7020 classification=0.0139, bbox_regression=0.0492, bbox_ctrness=0.5981
epoch 44/50 iter 1820/1860 loss=0.6999 mean_loss=0.7019 classification=0.0321, bbox_regression=0.0688, bbox_ctrness=0.5990
epoch 44/50 iter 1840/1860 loss=0.6537 mean_loss=0.7022 classification=0.0031, bbox_regression=0.0315, bbox_ctrness=0.6191
epoch 44/50 iter 1860/1860 loss=0.6962 mean_loss=0.7024 classification=0.0062, bbox_regression=0.0642, bbox_ctrness=0.6258
epoch 44 validation Precision=0.6236 Recall=0.9461 AP50=0.9248 AP75=0.8538 eval_fps=17.28 epoch_time_sec=1014.7
saved checkpoint: E:\RepViT-main\runs\v48_complete_ablation\training\early_moddrop_seed1\weights\last.pt
epoch 45/50 iter 1/1860 loss=0.6657 mean_loss=0.6657 classification=0.0038, bbox_regression=0.0494, bbox_ctrness=0.6125
epoch 45/50 iter 20/1860 loss=0.7507 mean_loss=0.6742 classification=0.0458, bbox_regression=0.0926, bbox_ctrness=0.6123
epoch 45/50 iter 40/1860 loss=0.6422 mean_loss=0.6841 classification=0.0023, bbox_regression=0.0587, bbox_ctrness=0.5812
epoch 45/50 iter 60/1860 loss=0.6703 mean_loss=0.6874 classification=0.0120, bbox_regression=0.0550, bbox_ctrness=0.6033
epoch 45/50 iter 80/1860 loss=0.6525 mean_loss=0.6856 classification=0.0044, bbox_regression=0.0453, bbox_ctrness=0.6027
epoch 45/50 iter 100/1860 loss=0.6224 mean_loss=0.6894 classification=0.0065, bbox_regression=0.0392, bbox_ctrness=0.5767
epoch 45/50 iter 120/1860 loss=0.6511 mean_loss=0.6942 classification=0.0128, bbox_regression=0.0443, bbox_ctrness=0.5940
epoch 45/50 iter 140/1860 loss=0.6556 mean_loss=0.6961 classification=0.0038, bbox_regression=0.0456, bbox_ctrness=0.6062
epoch 45/50 iter 160/1860 loss=0.6427 mean_loss=0.6986 classification=0.0030, bbox_regression=0.0392, bbox_ctrness=0.6005
epoch 45/50 iter 180/1860 loss=0.6968 mean_loss=0.6960 classification=0.0198, bbox_regression=0.0715, bbox_ctrness=0.6055
epoch 45/50 iter 200/1860 loss=0.6803 mean_loss=0.6977 classification=0.0168, bbox_regression=0.0597, bbox_ctrness=0.6037
epoch 45/50 iter 220/1860 loss=0.6601 mean_loss=0.6957 classification=0.0105, bbox_regression=0.0546, bbox_ctrness=0.5950
epoch 45/50 iter 240/1860 loss=0.7123 mean_loss=0.6949 classification=0.0528, bbox_regression=0.0492, bbox_ctrness=0.6103
epoch 45/50 iter 260/1860 loss=0.6376 mean_loss=0.6953 classification=0.0061, bbox_regression=0.0471, bbox_ctrness=0.5844
epoch 45/50 iter 280/1860 loss=0.6824 mean_loss=0.6955 classification=0.0379, bbox_regression=0.0525, bbox_ctrness=0.5920
epoch 45/50 iter 300/1860 loss=0.7549 mean_loss=0.6950 classification=0.0658, bbox_regression=0.0936, bbox_ctrness=0.5954
epoch 45/50 iter 320/1860 loss=0.6556 mean_loss=0.6967 classification=0.0068, bbox_regression=0.0481, bbox_ctrness=0.6008
epoch 45/50 iter 340/1860 loss=0.6521 mean_loss=0.6960 classification=0.0063, bbox_regression=0.0638, bbox_ctrness=0.5820
epoch 45/50 iter 360/1860 loss=0.7190 mean_loss=0.6961 classification=0.0248, bbox_regression=0.0827, bbox_ctrness=0.6115
epoch 45/50 iter 380/1860 loss=0.6494 mean_loss=0.6969 classification=0.0038, bbox_regression=0.0514, bbox_ctrness=0.5942
epoch 45/50 iter 400/1860 loss=0.6500 mean_loss=0.6971 classification=0.0053, bbox_regression=0.0535, bbox_ctrness=0.5913
epoch 45/50 iter 420/1860 loss=0.6409 mean_loss=0.6963 classification=0.0108, bbox_regression=0.0431, bbox_ctrness=0.5870
epoch 45/50 iter 440/1860 loss=0.9196 mean_loss=0.6983 classification=0.1302, bbox_regression=0.1734, bbox_ctrness=0.6161
epoch 45/50 iter 460/1860 loss=0.6883 mean_loss=0.6987 classification=0.0131, bbox_regression=0.0557, bbox_ctrness=0.6196
epoch 45/50 iter 480/1860 loss=0.6375 mean_loss=0.6993 classification=0.0055, bbox_regression=0.0495, bbox_ctrness=0.5824
epoch 45/50 iter 500/1860 loss=0.6674 mean_loss=0.6993 classification=0.0164, bbox_regression=0.0478, bbox_ctrness=0.6032
epoch 45/50 iter 520/1860 loss=0.6863 mean_loss=0.6988 classification=0.0021, bbox_regression=0.0616, bbox_ctrness=0.6227
epoch 45/50 iter 540/1860 loss=0.6462 mean_loss=0.6988 classification=0.0081, bbox_regression=0.0563, bbox_ctrness=0.5818
epoch 45/50 iter 560/1860 loss=0.7342 mean_loss=0.6992 classification=0.0635, bbox_regression=0.0670, bbox_ctrness=0.6037
epoch 45/50 iter 580/1860 loss=0.6264 mean_loss=0.6989 classification=0.0030, bbox_regression=0.0416, bbox_ctrness=0.5818
epoch 45/50 iter 600/1860 loss=0.6539 mean_loss=0.6977 classification=0.0027, bbox_regression=0.0437, bbox_ctrness=0.6075
epoch 45/50 iter 620/1860 loss=0.6605 mean_loss=0.6985 classification=0.0110, bbox_regression=0.0567, bbox_ctrness=0.5928
epoch 45/50 iter 640/1860 loss=0.8202 mean_loss=0.6983 classification=0.1259, bbox_regression=0.1019, bbox_ctrness=0.5924
epoch 45/50 iter 660/1860 loss=0.6530 mean_loss=0.6983 classification=0.0017, bbox_regression=0.0440, bbox_ctrness=0.6073
epoch 45/50 iter 680/1860 loss=0.7163 mean_loss=0.6986 classification=0.0191, bbox_regression=0.0834, bbox_ctrness=0.6137
epoch 45/50 iter 700/1860 loss=0.7233 mean_loss=0.6982 classification=0.0307, bbox_regression=0.0711, bbox_ctrness=0.6215
epoch 45/50 iter 720/1860 loss=0.6933 mean_loss=0.6979 classification=0.0613, bbox_regression=0.0497, bbox_ctrness=0.5823
epoch 45/50 iter 740/1860 loss=0.6446 mean_loss=0.6982 classification=0.0011, bbox_regression=0.0413, bbox_ctrness=0.6023
epoch 45/50 iter 760/1860 loss=0.6849 mean_loss=0.6986 classification=0.0107, bbox_regression=0.0583, bbox_ctrness=0.6159
epoch 45/50 iter 780/1860 loss=0.6634 mean_loss=0.6982 classification=0.0063, bbox_regression=0.0527, bbox_ctrness=0.6043
epoch 45/50 iter 800/1860 loss=0.7982 mean_loss=0.6978 classification=0.0572, bbox_regression=0.1346, bbox_ctrness=0.6065
epoch 45/50 iter 820/1860 loss=0.7306 mean_loss=0.6976 classification=0.0555, bbox_regression=0.0792, bbox_ctrness=0.5960
epoch 45/50 iter 840/1860 loss=0.6836 mean_loss=0.6974 classification=0.0299, bbox_regression=0.0602, bbox_ctrness=0.5935
epoch 45/50 iter 860/1860 loss=0.6517 mean_loss=0.6981 classification=0.0068, bbox_regression=0.0443, bbox_ctrness=0.6006
epoch 45/50 iter 880/1860 loss=0.6617 mean_loss=0.6989 classification=0.0083, bbox_regression=0.0594, bbox_ctrness=0.5941
epoch 45/50 iter 900/1860 loss=0.6780 mean_loss=0.6986 classification=0.0086, bbox_regression=0.0630, bbox_ctrness=0.6064
epoch 45/50 iter 920/1860 loss=0.6496 mean_loss=0.6982 classification=0.0035, bbox_regression=0.0451, bbox_ctrness=0.6010
epoch 45/50 iter 940/1860 loss=0.9275 mean_loss=0.6984 classification=0.1923, bbox_regression=0.1441, bbox_ctrness=0.5911
epoch 45/50 iter 960/1860 loss=0.7270 mean_loss=0.6988 classification=0.0094, bbox_regression=0.0811, bbox_ctrness=0.6364
epoch 45/50 iter 980/1860 loss=0.6574 mean_loss=0.6988 classification=0.0021, bbox_regression=0.0530, bbox_ctrness=0.6023
epoch 45/50 iter 1000/1860 loss=0.6713 mean_loss=0.6987 classification=0.0100, bbox_regression=0.0485, bbox_ctrness=0.6128
epoch 45/50 iter 1020/1860 loss=0.7110 mean_loss=0.6990 classification=0.0480, bbox_regression=0.0651, bbox_ctrness=0.5978
epoch 45/50 iter 1040/1860 loss=0.7095 mean_loss=0.6995 classification=0.0555, bbox_regression=0.0541, bbox_ctrness=0.6000
epoch 45/50 iter 1060/1860 loss=0.6388 mean_loss=0.6991 classification=0.0021, bbox_regression=0.0491, bbox_ctrness=0.5877
epoch 45/50 iter 1080/1860 loss=0.8531 mean_loss=0.6994 classification=0.1205, bbox_regression=0.1277, bbox_ctrness=0.6049
epoch 45/50 iter 1100/1860 loss=0.6677 mean_loss=0.6997 classification=0.0020, bbox_regression=0.0491, bbox_ctrness=0.6166
epoch 45/50 iter 1120/1860 loss=0.6708 mean_loss=0.6997 classification=0.0011, bbox_regression=0.0637, bbox_ctrness=0.6060
epoch 45/50 iter 1140/1860 loss=0.6874 mean_loss=0.6997 classification=0.0345, bbox_regression=0.0737, bbox_ctrness=0.5793
epoch 45/50 iter 1160/1860 loss=0.6725 mean_loss=0.6998 classification=0.0070, bbox_regression=0.0635, bbox_ctrness=0.6019
epoch 45/50 iter 1180/1860 loss=0.6473 mean_loss=0.6997 classification=0.0012, bbox_regression=0.0347, bbox_ctrness=0.6115
epoch 45/50 iter 1200/1860 loss=0.6622 mean_loss=0.6996 classification=0.0082, bbox_regression=0.0552, bbox_ctrness=0.5988
epoch 45/50 iter 1220/1860 loss=0.6472 mean_loss=0.6996 classification=0.0028, bbox_regression=0.0514, bbox_ctrness=0.5930
epoch 45/50 iter 1240/1860 loss=0.6487 mean_loss=0.6996 classification=0.0026, bbox_regression=0.0496, bbox_ctrness=0.5965
epoch 45/50 iter 1260/1860 loss=0.6923 mean_loss=0.6996 classification=0.0342, bbox_regression=0.0603, bbox_ctrness=0.5979
epoch 45/50 iter 1280/1860 loss=0.6910 mean_loss=0.6993 classification=0.0092, bbox_regression=0.0682, bbox_ctrness=0.6136
epoch 45/50 iter 1300/1860 loss=0.7031 mean_loss=0.6993 classification=0.0410, bbox_regression=0.0521, bbox_ctrness=0.6100
epoch 45/50 iter 1320/1860 loss=0.6863 mean_loss=0.6993 classification=0.0179, bbox_regression=0.0684, bbox_ctrness=0.6000
epoch 45/50 iter 1340/1860 loss=0.6624 mean_loss=0.6991 classification=0.0115, bbox_regression=0.0615, bbox_ctrness=0.5895
epoch 45/50 iter 1360/1860 loss=0.6663 mean_loss=0.6989 classification=0.0065, bbox_regression=0.0436, bbox_ctrness=0.6162
epoch 45/50 iter 1380/1860 loss=0.6613 mean_loss=0.6993 classification=0.0027, bbox_regression=0.0420, bbox_ctrness=0.6166
epoch 45/50 iter 1400/1860 loss=0.6925 mean_loss=0.6995 classification=0.0176, bbox_regression=0.0704, bbox_ctrness=0.6044
epoch 45/50 iter 1420/1860 loss=0.8720 mean_loss=0.6995 classification=0.1106, bbox_regression=0.1526, bbox_ctrness=0.6088
epoch 45/50 iter 1440/1860 loss=0.6530 mean_loss=0.6995 classification=0.0097, bbox_regression=0.0645, bbox_ctrness=0.5789
epoch 45/50 iter 1460/1860 loss=0.8112 mean_loss=0.6997 classification=0.0773, bbox_regression=0.1197, bbox_ctrness=0.6142
epoch 45/50 iter 1480/1860 loss=0.6453 mean_loss=0.7000 classification=0.0088, bbox_regression=0.0431, bbox_ctrness=0.5935
epoch 45/50 iter 1500/1860 loss=0.7006 mean_loss=0.7002 classification=0.0235, bbox_regression=0.0671, bbox_ctrness=0.6100
epoch 45/50 iter 1520/1860 loss=0.6668 mean_loss=0.7002 classification=0.0189, bbox_regression=0.0678, bbox_ctrness=0.5800
epoch 45/50 iter 1540/1860 loss=0.6798 mean_loss=0.7006 classification=0.0029, bbox_regression=0.0678, bbox_ctrness=0.6091
epoch 45/50 iter 1560/1860 loss=0.6581 mean_loss=0.7005 classification=0.0140, bbox_regression=0.0520, bbox_ctrness=0.5921
epoch 45/50 iter 1580/1860 loss=0.7849 mean_loss=0.7005 classification=0.0783, bbox_regression=0.1050, bbox_ctrness=0.6016
epoch 45/50 iter 1600/1860 loss=0.6422 mean_loss=0.7004 classification=0.0030, bbox_regression=0.0449, bbox_ctrness=0.5943
epoch 45/50 iter 1620/1860 loss=0.8365 mean_loss=0.7003 classification=0.1250, bbox_regression=0.0956, bbox_ctrness=0.6159
epoch 45/50 iter 1640/1860 loss=0.6919 mean_loss=0.7003 classification=0.0169, bbox_regression=0.0642, bbox_ctrness=0.6108
epoch 45/50 iter 1660/1860 loss=0.6511 mean_loss=0.7005 classification=0.0052, bbox_regression=0.0553, bbox_ctrness=0.5906
epoch 45/50 iter 1680/1860 loss=0.6790 mean_loss=0.7010 classification=0.0074, bbox_regression=0.0614, bbox_ctrness=0.6102
epoch 45/50 iter 1700/1860 loss=0.6709 mean_loss=0.7010 classification=0.0146, bbox_regression=0.0578, bbox_ctrness=0.5984
epoch 45/50 iter 1720/1860 loss=0.6556 mean_loss=0.7008 classification=0.0052, bbox_regression=0.0493, bbox_ctrness=0.6012
epoch 45/50 iter 1740/1860 loss=0.6450 mean_loss=0.7007 classification=0.0046, bbox_regression=0.0500, bbox_ctrness=0.5903
epoch 45/50 iter 1760/1860 loss=0.9300 mean_loss=0.7011 classification=0.1491, bbox_regression=0.1655, bbox_ctrness=0.6153
epoch 45/50 iter 1780/1860 loss=0.6721 mean_loss=0.7014 classification=0.0119, bbox_regression=0.0432, bbox_ctrness=0.6171
epoch 45/50 iter 1800/1860 loss=0.8065 mean_loss=0.7014 classification=0.1535, bbox_regression=0.0467, bbox_ctrness=0.6064
epoch 45/50 iter 1820/1860 loss=0.7684 mean_loss=0.7012 classification=0.0707, bbox_regression=0.1069, bbox_ctrness=0.5908
epoch 45/50 iter 1840/1860 loss=0.6645 mean_loss=0.7009 classification=0.0023, bbox_regression=0.0505, bbox_ctrness=0.6116
epoch 45/50 iter 1860/1860 loss=0.6608 mean_loss=0.7008 classification=0.0013, bbox_regression=0.0425, bbox_ctrness=0.6171
epoch 45 validation Precision=0.7568 Recall=0.9311 AP50=0.9155 AP75=0.8463 eval_fps=18.25 epoch_time_sec=1033.4
saved checkpoint: E:\RepViT-main\runs\v48_complete_ablation\training\early_moddrop_seed1\weights\last.pt
epoch 46/50 iter 1/1860 loss=0.6977 mean_loss=0.6977 classification=0.0282, bbox_regression=0.0520, bbox_ctrness=0.6174
epoch 46/50 iter 20/1860 loss=0.6350 mean_loss=0.6721 classification=0.0097, bbox_regression=0.0421, bbox_ctrness=0.5832
epoch 46/50 iter 40/1860 loss=0.6772 mean_loss=0.6758 classification=0.0138, bbox_regression=0.0512, bbox_ctrness=0.6122
epoch 46/50 iter 60/1860 loss=0.6551 mean_loss=0.6889 classification=0.0151, bbox_regression=0.0479, bbox_ctrness=0.5921
epoch 46/50 iter 80/1860 loss=0.6422 mean_loss=0.6893 classification=0.0073, bbox_regression=0.0483, bbox_ctrness=0.5866
epoch 46/50 iter 100/1860 loss=0.6619 mean_loss=0.6875 classification=0.0116, bbox_regression=0.0418, bbox_ctrness=0.6085
epoch 46/50 iter 120/1860 loss=0.6444 mean_loss=0.6957 classification=0.0051, bbox_regression=0.0473, bbox_ctrness=0.5921
epoch 46/50 iter 140/1860 loss=0.6543 mean_loss=0.6952 classification=0.0114, bbox_regression=0.0505, bbox_ctrness=0.5924
epoch 46/50 iter 160/1860 loss=0.7075 mean_loss=0.6930 classification=0.0087, bbox_regression=0.0730, bbox_ctrness=0.6258
epoch 46/50 iter 180/1860 loss=0.6717 mean_loss=0.6962 classification=0.0029, bbox_regression=0.0615, bbox_ctrness=0.6073
epoch 46/50 iter 200/1860 loss=0.6780 mean_loss=0.6991 classification=0.0049, bbox_regression=0.0670, bbox_ctrness=0.6061
epoch 46/50 iter 220/1860 loss=0.6437 mean_loss=0.6974 classification=0.0028, bbox_regression=0.0329, bbox_ctrness=0.6080
epoch 46/50 iter 240/1860 loss=0.6988 mean_loss=0.6974 classification=0.0346, bbox_regression=0.0701, bbox_ctrness=0.5942
epoch 46/50 iter 260/1860 loss=0.7786 mean_loss=0.6972 classification=0.0764, bbox_regression=0.1024, bbox_ctrness=0.5998
epoch 46/50 iter 280/1860 loss=0.6464 mean_loss=0.6964 classification=0.0035, bbox_regression=0.0497, bbox_ctrness=0.5932
epoch 46/50 iter 300/1860 loss=0.6521 mean_loss=0.6971 classification=0.0013, bbox_regression=0.0498, bbox_ctrness=0.6010
epoch 46/50 iter 320/1860 loss=0.6454 mean_loss=0.6983 classification=0.0032, bbox_regression=0.0349, bbox_ctrness=0.6073
epoch 46/50 iter 340/1860 loss=0.6607 mean_loss=0.6977 classification=0.0082, bbox_regression=0.0475, bbox_ctrness=0.6051
epoch 46/50 iter 360/1860 loss=0.6755 mean_loss=0.6990 classification=0.0191, bbox_regression=0.0566, bbox_ctrness=0.5998
epoch 46/50 iter 380/1860 loss=0.6824 mean_loss=0.6991 classification=0.0093, bbox_regression=0.0673, bbox_ctrness=0.6058
epoch 46/50 iter 400/1860 loss=0.6653 mean_loss=0.6987 classification=0.0114, bbox_regression=0.0592, bbox_ctrness=0.5947
epoch 46/50 iter 420/1860 loss=0.6808 mean_loss=0.6988 classification=0.0218, bbox_regression=0.0586, bbox_ctrness=0.6004
epoch 46/50 iter 440/1860 loss=0.6719 mean_loss=0.6982 classification=0.0078, bbox_regression=0.0582, bbox_ctrness=0.6058
epoch 46/50 iter 460/1860 loss=0.7455 mean_loss=0.6980 classification=0.0848, bbox_regression=0.0817, bbox_ctrness=0.5789
epoch 46/50 iter 480/1860 loss=0.8162 mean_loss=0.6996 classification=0.1044, bbox_regression=0.1105, bbox_ctrness=0.6012
epoch 46/50 iter 500/1860 loss=0.6970 mean_loss=0.6998 classification=0.0146, bbox_regression=0.0755, bbox_ctrness=0.6069
epoch 46/50 iter 520/1860 loss=0.6740 mean_loss=0.6998 classification=0.0184, bbox_regression=0.0613, bbox_ctrness=0.5944
epoch 46/50 iter 540/1860 loss=0.6582 mean_loss=0.7012 classification=0.0018, bbox_regression=0.0454, bbox_ctrness=0.6110
epoch 46/50 iter 560/1860 loss=0.6527 mean_loss=0.7012 classification=0.0157, bbox_regression=0.0495, bbox_ctrness=0.5875
epoch 46/50 iter 580/1860 loss=0.6663 mean_loss=0.7015 classification=0.0009, bbox_regression=0.0499, bbox_ctrness=0.6155
epoch 46/50 iter 600/1860 loss=0.7680 mean_loss=0.7019 classification=0.0319, bbox_regression=0.1103, bbox_ctrness=0.6258
epoch 46/50 iter 620/1860 loss=0.6532 mean_loss=0.7022 classification=0.0117, bbox_regression=0.0437, bbox_ctrness=0.5978
epoch 46/50 iter 640/1860 loss=0.6648 mean_loss=0.7018 classification=0.0023, bbox_regression=0.0423, bbox_ctrness=0.6202
epoch 46/50 iter 660/1860 loss=0.7188 mean_loss=0.7019 classification=0.0287, bbox_regression=0.0696, bbox_ctrness=0.6205
epoch 46/50 iter 680/1860 loss=0.6545 mean_loss=0.7022 classification=0.0044, bbox_regression=0.0382, bbox_ctrness=0.6119
epoch 46/50 iter 700/1860 loss=0.6719 mean_loss=0.7023 classification=0.0027, bbox_regression=0.0549, bbox_ctrness=0.6143
epoch 46/50 iter 720/1860 loss=0.6884 mean_loss=0.7025 classification=0.0160, bbox_regression=0.0715, bbox_ctrness=0.6008
epoch 46/50 iter 740/1860 loss=0.6495 mean_loss=0.7019 classification=0.0077, bbox_regression=0.0501, bbox_ctrness=0.5917
epoch 46/50 iter 760/1860 loss=0.6672 mean_loss=0.7015 classification=0.0144, bbox_regression=0.0515, bbox_ctrness=0.6013
epoch 46/50 iter 780/1860 loss=0.6617 mean_loss=0.7015 classification=0.0105, bbox_regression=0.0475, bbox_ctrness=0.6037
epoch 46/50 iter 800/1860 loss=0.6853 mean_loss=0.7014 classification=0.0114, bbox_regression=0.0525, bbox_ctrness=0.6214
epoch 46/50 iter 820/1860 loss=1.1901 mean_loss=0.7016 classification=0.3199, bbox_regression=0.2304, bbox_ctrness=0.6398
epoch 46/50 iter 840/1860 loss=0.7913 mean_loss=0.7021 classification=0.0967, bbox_regression=0.0909, bbox_ctrness=0.6036
epoch 46/50 iter 860/1860 loss=0.6511 mean_loss=0.7020 classification=0.0049, bbox_regression=0.0434, bbox_ctrness=0.6028
epoch 46/50 iter 880/1860 loss=0.6542 mean_loss=0.7026 classification=0.0146, bbox_regression=0.0430, bbox_ctrness=0.5966
epoch 46/50 iter 900/1860 loss=0.7977 mean_loss=0.7035 classification=0.0763, bbox_regression=0.1127, bbox_ctrness=0.6087
epoch 46/50 iter 920/1860 loss=0.6567 mean_loss=0.7031 classification=0.0138, bbox_regression=0.0505, bbox_ctrness=0.5923
epoch 46/50 iter 940/1860 loss=0.6443 mean_loss=0.7023 classification=0.0045, bbox_regression=0.0427, bbox_ctrness=0.5971
epoch 46/50 iter 960/1860 loss=0.6347 mean_loss=0.7021 classification=0.0039, bbox_regression=0.0370, bbox_ctrness=0.5938
epoch 46/50 iter 980/1860 loss=0.6388 mean_loss=0.7019 classification=0.0058, bbox_regression=0.0335, bbox_ctrness=0.5995
epoch 46/50 iter 1000/1860 loss=0.8090 mean_loss=0.7024 classification=0.0667, bbox_regression=0.1283, bbox_ctrness=0.6140
epoch 46/50 iter 1020/1860 loss=0.6404 mean_loss=0.7020 classification=0.0103, bbox_regression=0.0470, bbox_ctrness=0.5831
epoch 46/50 iter 1040/1860 loss=0.8756 mean_loss=0.7036 classification=0.1937, bbox_regression=0.0857, bbox_ctrness=0.5961
epoch 46/50 iter 1060/1860 loss=0.6538 mean_loss=0.7033 classification=0.0112, bbox_regression=0.0445, bbox_ctrness=0.5981
epoch 46/50 iter 1080/1860 loss=0.8786 mean_loss=0.7033 classification=0.1911, bbox_regression=0.0790, bbox_ctrness=0.6085
epoch 46/50 iter 1100/1860 loss=0.6636 mean_loss=0.7032 classification=0.0089, bbox_regression=0.0496, bbox_ctrness=0.6051
epoch 46/50 iter 1120/1860 loss=0.7772 mean_loss=0.7029 classification=0.0720, bbox_regression=0.0985, bbox_ctrness=0.6067
epoch 46/50 iter 1140/1860 loss=0.6462 mean_loss=0.7029 classification=0.0029, bbox_regression=0.0418, bbox_ctrness=0.6015
epoch 46/50 iter 1160/1860 loss=0.7029 mean_loss=0.7029 classification=0.0275, bbox_regression=0.0911, bbox_ctrness=0.5843
epoch 46/50 iter 1180/1860 loss=0.6604 mean_loss=0.7025 classification=0.0129, bbox_regression=0.0492, bbox_ctrness=0.5984
epoch 46/50 iter 1200/1860 loss=0.6470 mean_loss=0.7028 classification=0.0076, bbox_regression=0.0483, bbox_ctrness=0.5911
epoch 46/50 iter 1220/1860 loss=0.6646 mean_loss=0.7025 classification=0.0005, bbox_regression=0.0434, bbox_ctrness=0.6206
epoch 46/50 iter 1240/1860 loss=0.6597 mean_loss=0.7019 classification=0.0017, bbox_regression=0.0489, bbox_ctrness=0.6091
epoch 46/50 iter 1260/1860 loss=0.6607 mean_loss=0.7018 classification=0.0022, bbox_regression=0.0509, bbox_ctrness=0.6076
epoch 46/50 iter 1280/1860 loss=0.8107 mean_loss=0.7023 classification=0.0924, bbox_regression=0.1185, bbox_ctrness=0.5999
epoch 46/50 iter 1300/1860 loss=0.8106 mean_loss=0.7022 classification=0.1003, bbox_regression=0.1135, bbox_ctrness=0.5969
epoch 46/50 iter 1320/1860 loss=0.6550 mean_loss=0.7019 classification=0.0052, bbox_regression=0.0522, bbox_ctrness=0.5976
epoch 46/50 iter 1340/1860 loss=0.6268 mean_loss=0.7022 classification=0.0062, bbox_regression=0.0313, bbox_ctrness=0.5893
epoch 46/50 iter 1360/1860 loss=0.6743 mean_loss=0.7029 classification=0.0248, bbox_regression=0.0638, bbox_ctrness=0.5857
epoch 46/50 iter 1380/1860 loss=0.6517 mean_loss=0.7031 classification=0.0036, bbox_regression=0.0440, bbox_ctrness=0.6041
epoch 46/50 iter 1400/1860 loss=0.6841 mean_loss=0.7028 classification=0.0198, bbox_regression=0.0684, bbox_ctrness=0.5960
epoch 46/50 iter 1420/1860 loss=0.6970 mean_loss=0.7030 classification=0.0333, bbox_regression=0.0642, bbox_ctrness=0.5995
epoch 46/50 iter 1440/1860 loss=0.6715 mean_loss=0.7031 classification=0.0195, bbox_regression=0.0514, bbox_ctrness=0.6007
epoch 46/50 iter 1460/1860 loss=0.6795 mean_loss=0.7036 classification=0.0049, bbox_regression=0.0641, bbox_ctrness=0.6106
epoch 46/50 iter 1480/1860 loss=0.7929 mean_loss=0.7034 classification=0.0912, bbox_regression=0.0981, bbox_ctrness=0.6036
epoch 46/50 iter 1500/1860 loss=0.7370 mean_loss=0.7036 classification=0.0572, bbox_regression=0.0665, bbox_ctrness=0.6133
epoch 46/50 iter 1520/1860 loss=0.7601 mean_loss=0.7039 classification=0.0803, bbox_regression=0.0692, bbox_ctrness=0.6107
epoch 46/50 iter 1540/1860 loss=0.6874 mean_loss=0.7037 classification=0.0081, bbox_regression=0.0577, bbox_ctrness=0.6216
epoch 46/50 iter 1560/1860 loss=0.6494 mean_loss=0.7040 classification=0.0091, bbox_regression=0.0503, bbox_ctrness=0.5900
epoch 46/50 iter 1580/1860 loss=0.7229 mean_loss=0.7040 classification=0.0507, bbox_regression=0.0756, bbox_ctrness=0.5965
epoch 46/50 iter 1600/1860 loss=0.6316 mean_loss=0.7040 classification=0.0089, bbox_regression=0.0404, bbox_ctrness=0.5823
epoch 46/50 iter 1620/1860 loss=0.6604 mean_loss=0.7036 classification=0.0030, bbox_regression=0.0460, bbox_ctrness=0.6114
epoch 46/50 iter 1640/1860 loss=0.6594 mean_loss=0.7041 classification=0.0071, bbox_regression=0.0561, bbox_ctrness=0.5961
epoch 46/50 iter 1660/1860 loss=0.6480 mean_loss=0.7038 classification=0.0033, bbox_regression=0.0430, bbox_ctrness=0.6017
epoch 46/50 iter 1680/1860 loss=0.7041 mean_loss=0.7038 classification=0.0283, bbox_regression=0.0921, bbox_ctrness=0.5836
epoch 46/50 iter 1700/1860 loss=0.7629 mean_loss=0.7037 classification=0.0812, bbox_regression=0.0731, bbox_ctrness=0.6085
epoch 46/50 iter 1720/1860 loss=0.7517 mean_loss=0.7039 classification=0.0704, bbox_regression=0.0903, bbox_ctrness=0.5909
epoch 46/50 iter 1740/1860 loss=0.6671 mean_loss=0.7038 classification=0.0032, bbox_regression=0.0484, bbox_ctrness=0.6155
epoch 46/50 iter 1760/1860 loss=0.7240 mean_loss=0.7037 classification=0.0650, bbox_regression=0.0473, bbox_ctrness=0.6116
epoch 46/50 iter 1780/1860 loss=0.6456 mean_loss=0.7038 classification=0.0019, bbox_regression=0.0523, bbox_ctrness=0.5914
epoch 46/50 iter 1800/1860 loss=0.6656 mean_loss=0.7038 classification=0.0034, bbox_regression=0.0536, bbox_ctrness=0.6085
epoch 46/50 iter 1820/1860 loss=0.6704 mean_loss=0.7041 classification=0.0040, bbox_regression=0.0527, bbox_ctrness=0.6137
epoch 46/50 iter 1840/1860 loss=0.6585 mean_loss=0.7038 classification=0.0026, bbox_regression=0.0419, bbox_ctrness=0.6141
epoch 46/50 iter 1860/1860 loss=0.6647 mean_loss=0.7039 classification=0.0327, bbox_regression=0.0465, bbox_ctrness=0.5855
epoch 46 validation Precision=0.6109 Recall=0.9383 AP50=0.9166 AP75=0.8461 eval_fps=12.53 epoch_time_sec=1131.8
saved checkpoint: E:\RepViT-main\runs\v48_complete_ablation\training\early_moddrop_seed1\weights\last.pt
epoch 47/50 iter 1/1860 loss=0.6509 mean_loss=0.6509 classification=0.0110, bbox_regression=0.0456, bbox_ctrness=0.5942
epoch 47/50 iter 20/1860 loss=0.7155 mean_loss=0.6708 classification=0.0339, bbox_regression=0.0784, bbox_ctrness=0.6032
epoch 47/50 iter 40/1860 loss=0.7119 mean_loss=0.6694 classification=0.0177, bbox_regression=0.0901, bbox_ctrness=0.6041
epoch 47/50 iter 60/1860 loss=0.6948 mean_loss=0.6837 classification=0.0300, bbox_regression=0.0568, bbox_ctrness=0.6080
epoch 47/50 iter 80/1860 loss=0.6589 mean_loss=0.6981 classification=0.0102, bbox_regression=0.0483, bbox_ctrness=0.6004
epoch 47/50 iter 100/1860 loss=0.7428 mean_loss=0.7003 classification=0.0351, bbox_regression=0.0828, bbox_ctrness=0.6248
epoch 47/50 iter 120/1860 loss=0.7030 mean_loss=0.6976 classification=0.0189, bbox_regression=0.0762, bbox_ctrness=0.6079
epoch 47/50 iter 140/1860 loss=0.6353 mean_loss=0.6982 classification=0.0197, bbox_regression=0.0410, bbox_ctrness=0.5746
epoch 47/50 iter 160/1860 loss=0.6377 mean_loss=0.6968 classification=0.0025, bbox_regression=0.0382, bbox_ctrness=0.5970
epoch 47/50 iter 180/1860 loss=0.6384 mean_loss=0.6986 classification=0.0058, bbox_regression=0.0459, bbox_ctrness=0.5867
epoch 47/50 iter 200/1860 loss=0.6560 mean_loss=0.6986 classification=0.0080, bbox_regression=0.0404, bbox_ctrness=0.6075
epoch 47/50 iter 220/1860 loss=0.6460 mean_loss=0.6968 classification=0.0015, bbox_regression=0.0387, bbox_ctrness=0.6057
epoch 47/50 iter 240/1860 loss=0.6505 mean_loss=0.6979 classification=0.0004, bbox_regression=0.0545, bbox_ctrness=0.5956
epoch 47/50 iter 260/1860 loss=0.7589 mean_loss=0.7006 classification=0.0540, bbox_regression=0.0905, bbox_ctrness=0.6144
epoch 47/50 iter 280/1860 loss=0.6547 mean_loss=0.7009 classification=0.0024, bbox_regression=0.0399, bbox_ctrness=0.6125
epoch 47/50 iter 300/1860 loss=0.6872 mean_loss=0.7014 classification=0.0373, bbox_regression=0.0579, bbox_ctrness=0.5920
epoch 47/50 iter 320/1860 loss=0.6812 mean_loss=0.7006 classification=0.0358, bbox_regression=0.0428, bbox_ctrness=0.6026
epoch 47/50 iter 340/1860 loss=0.8756 mean_loss=0.7020 classification=0.1282, bbox_regression=0.1450, bbox_ctrness=0.6023
epoch 47/50 iter 360/1860 loss=0.7002 mean_loss=0.7019 classification=0.0204, bbox_regression=0.0765, bbox_ctrness=0.6033
epoch 47/50 iter 380/1860 loss=0.6553 mean_loss=0.7044 classification=0.0093, bbox_regression=0.0554, bbox_ctrness=0.5906
epoch 47/50 iter 400/1860 loss=0.7222 mean_loss=0.7027 classification=0.0407, bbox_regression=0.0730, bbox_ctrness=0.6085
epoch 47/50 iter 420/1860 loss=0.6407 mean_loss=0.7036 classification=0.0027, bbox_regression=0.0543, bbox_ctrness=0.5837
epoch 47/50 iter 440/1860 loss=0.8306 mean_loss=0.7037 classification=0.0976, bbox_regression=0.1149, bbox_ctrness=0.6182
epoch 47/50 iter 460/1860 loss=0.6612 mean_loss=0.7024 classification=0.0075, bbox_regression=0.0588, bbox_ctrness=0.5948
epoch 47/50 iter 480/1860 loss=0.7896 mean_loss=0.7030 classification=0.0724, bbox_regression=0.1172, bbox_ctrness=0.6000
epoch 47/50 iter 500/1860 loss=0.6491 mean_loss=0.7025 classification=0.0047, bbox_regression=0.0535, bbox_ctrness=0.5909
epoch 47/50 iter 520/1860 loss=0.6622 mean_loss=0.7022 classification=0.0123, bbox_regression=0.0519, bbox_ctrness=0.5980
epoch 47/50 iter 540/1860 loss=0.7509 mean_loss=0.7017 classification=0.0457, bbox_regression=0.1087, bbox_ctrness=0.5965
epoch 47/50 iter 560/1860 loss=1.0250 mean_loss=0.7022 classification=0.1316, bbox_regression=0.2132, bbox_ctrness=0.6803
epoch 47/50 iter 580/1860 loss=0.6864 mean_loss=0.7035 classification=0.0183, bbox_regression=0.0692, bbox_ctrness=0.5990
epoch 47/50 iter 600/1860 loss=0.7182 mean_loss=0.7026 classification=0.0477, bbox_regression=0.0859, bbox_ctrness=0.5847
epoch 47/50 iter 620/1860 loss=0.6512 mean_loss=0.7020 classification=0.0017, bbox_regression=0.0423, bbox_ctrness=0.6072
epoch 47/50 iter 640/1860 loss=0.7039 mean_loss=0.7025 classification=0.0420, bbox_regression=0.0705, bbox_ctrness=0.5915
epoch 47/50 iter 660/1860 loss=0.7772 mean_loss=0.7023 classification=0.0659, bbox_regression=0.1002, bbox_ctrness=0.6111
epoch 47/50 iter 680/1860 loss=0.8528 mean_loss=0.7028 classification=0.0802, bbox_regression=0.1398, bbox_ctrness=0.6328
epoch 47/50 iter 700/1860 loss=0.9102 mean_loss=0.7034 classification=0.1372, bbox_regression=0.1638, bbox_ctrness=0.6093
epoch 47/50 iter 720/1860 loss=0.7232 mean_loss=0.7035 classification=0.0232, bbox_regression=0.0755, bbox_ctrness=0.6245
epoch 47/50 iter 740/1860 loss=0.7881 mean_loss=0.7037 classification=0.0847, bbox_regression=0.0913, bbox_ctrness=0.6121
epoch 47/50 iter 760/1860 loss=0.7073 mean_loss=0.7045 classification=0.0359, bbox_regression=0.0699, bbox_ctrness=0.6015
epoch 47/50 iter 780/1860 loss=0.6373 mean_loss=0.7039 classification=0.0091, bbox_regression=0.0372, bbox_ctrness=0.5910
epoch 47/50 iter 800/1860 loss=0.7357 mean_loss=0.7038 classification=0.0428, bbox_regression=0.0912, bbox_ctrness=0.6016
epoch 47/50 iter 820/1860 loss=0.6507 mean_loss=0.7044 classification=0.0100, bbox_regression=0.0462, bbox_ctrness=0.5945
epoch 47/50 iter 840/1860 loss=0.6991 mean_loss=0.7040 classification=0.0205, bbox_regression=0.0599, bbox_ctrness=0.6188
epoch 47/50 iter 860/1860 loss=0.6588 mean_loss=0.7040 classification=0.0074, bbox_regression=0.0507, bbox_ctrness=0.6008
epoch 47/50 iter 880/1860 loss=0.6958 mean_loss=0.7036 classification=0.0312, bbox_regression=0.0652, bbox_ctrness=0.5994
epoch 47/50 iter 900/1860 loss=0.6481 mean_loss=0.7041 classification=0.0024, bbox_regression=0.0434, bbox_ctrness=0.6023
epoch 47/50 iter 920/1860 loss=0.6604 mean_loss=0.7042 classification=0.0113, bbox_regression=0.0589, bbox_ctrness=0.5902
epoch 47/50 iter 940/1860 loss=0.6456 mean_loss=0.7040 classification=0.0112, bbox_regression=0.0446, bbox_ctrness=0.5899
epoch 47/50 iter 960/1860 loss=0.7034 mean_loss=0.7045 classification=0.0119, bbox_regression=0.0814, bbox_ctrness=0.6101
epoch 47/50 iter 980/1860 loss=0.6799 mean_loss=0.7042 classification=0.0229, bbox_regression=0.0507, bbox_ctrness=0.6062
epoch 47/50 iter 1000/1860 loss=0.6460 mean_loss=0.7042 classification=0.0023, bbox_regression=0.0507, bbox_ctrness=0.5930
epoch 47/50 iter 1020/1860 loss=0.7726 mean_loss=0.7046 classification=0.0587, bbox_regression=0.1100, bbox_ctrness=0.6039
epoch 47/50 iter 1040/1860 loss=0.6914 mean_loss=0.7046 classification=0.0137, bbox_regression=0.0752, bbox_ctrness=0.6025
epoch 47/50 iter 1060/1860 loss=0.6613 mean_loss=0.7045 classification=0.0123, bbox_regression=0.0580, bbox_ctrness=0.5911
epoch 47/50 iter 1080/1860 loss=0.7374 mean_loss=0.7040 classification=0.0610, bbox_regression=0.0787, bbox_ctrness=0.5976
epoch 47/50 iter 1100/1860 loss=0.6620 mean_loss=0.7035 classification=0.0144, bbox_regression=0.0484, bbox_ctrness=0.5992
epoch 47/50 iter 1120/1860 loss=0.6791 mean_loss=0.7033 classification=0.0260, bbox_regression=0.0511, bbox_ctrness=0.6021
epoch 47/50 iter 1140/1860 loss=0.7836 mean_loss=0.7034 classification=0.0645, bbox_regression=0.0993, bbox_ctrness=0.6198
epoch 47/50 iter 1160/1860 loss=0.6530 mean_loss=0.7031 classification=0.0079, bbox_regression=0.0492, bbox_ctrness=0.5959
epoch 47/50 iter 1180/1860 loss=0.6552 mean_loss=0.7036 classification=0.0031, bbox_regression=0.0521, bbox_ctrness=0.6000
epoch 47/50 iter 1200/1860 loss=0.6964 mean_loss=0.7035 classification=0.0119, bbox_regression=0.0675, bbox_ctrness=0.6171
epoch 47/50 iter 1220/1860 loss=0.6570 mean_loss=0.7033 classification=0.0025, bbox_regression=0.0550, bbox_ctrness=0.5995
epoch 47/50 iter 1240/1860 loss=0.6570 mean_loss=0.7029 classification=0.0110, bbox_regression=0.0420, bbox_ctrness=0.6040
epoch 47/50 iter 1260/1860 loss=0.7157 mean_loss=0.7026 classification=0.0486, bbox_regression=0.0788, bbox_ctrness=0.5883
epoch 47/50 iter 1280/1860 loss=0.6480 mean_loss=0.7025 classification=0.0032, bbox_regression=0.0376, bbox_ctrness=0.6072
epoch 47/50 iter 1300/1860 loss=0.9624 mean_loss=0.7027 classification=0.2149, bbox_regression=0.1269, bbox_ctrness=0.6205
epoch 47/50 iter 1320/1860 loss=0.6401 mean_loss=0.7030 classification=0.0042, bbox_regression=0.0366, bbox_ctrness=0.5993
epoch 47/50 iter 1340/1860 loss=0.6535 mean_loss=0.7029 classification=0.0147, bbox_regression=0.0409, bbox_ctrness=0.5979
epoch 47/50 iter 1360/1860 loss=0.6500 mean_loss=0.7028 classification=0.0101, bbox_regression=0.0471, bbox_ctrness=0.5928
epoch 47/50 iter 1380/1860 loss=0.7668 mean_loss=0.7031 classification=0.0678, bbox_regression=0.1030, bbox_ctrness=0.5960
epoch 47/50 iter 1400/1860 loss=0.6335 mean_loss=0.7028 classification=0.0169, bbox_regression=0.0376, bbox_ctrness=0.5789
epoch 47/50 iter 1420/1860 loss=0.6299 mean_loss=0.7032 classification=0.0029, bbox_regression=0.0397, bbox_ctrness=0.5873
epoch 47/50 iter 1440/1860 loss=0.6673 mean_loss=0.7031 classification=0.0213, bbox_regression=0.0607, bbox_ctrness=0.5853
epoch 47/50 iter 1460/1860 loss=0.6760 mean_loss=0.7030 classification=0.0041, bbox_regression=0.0524, bbox_ctrness=0.6195
epoch 47/50 iter 1480/1860 loss=0.7051 mean_loss=0.7027 classification=0.0229, bbox_regression=0.0775, bbox_ctrness=0.6046
epoch 47/50 iter 1500/1860 loss=0.6467 mean_loss=0.7026 classification=0.0028, bbox_regression=0.0460, bbox_ctrness=0.5979
epoch 47/50 iter 1520/1860 loss=0.7352 mean_loss=0.7027 classification=0.0194, bbox_regression=0.1070, bbox_ctrness=0.6088
epoch 47/50 iter 1540/1860 loss=0.6544 mean_loss=0.7026 classification=0.0074, bbox_regression=0.0495, bbox_ctrness=0.5975
epoch 47/50 iter 1560/1860 loss=0.7719 mean_loss=0.7029 classification=0.0845, bbox_regression=0.0723, bbox_ctrness=0.6151
epoch 47/50 iter 1580/1860 loss=0.6606 mean_loss=0.7030 classification=0.0032, bbox_regression=0.0498, bbox_ctrness=0.6076
epoch 47/50 iter 1600/1860 loss=0.7437 mean_loss=0.7033 classification=0.0585, bbox_regression=0.0883, bbox_ctrness=0.5968
epoch 47/50 iter 1620/1860 loss=0.6255 mean_loss=0.7032 classification=0.0027, bbox_regression=0.0358, bbox_ctrness=0.5870
epoch 47/50 iter 1640/1860 loss=0.8939 mean_loss=0.7031 classification=0.2001, bbox_regression=0.1062, bbox_ctrness=0.5876
epoch 47/50 iter 1660/1860 loss=0.6267 mean_loss=0.7028 classification=0.0036, bbox_regression=0.0331, bbox_ctrness=0.5900
epoch 47/50 iter 1680/1860 loss=0.6837 mean_loss=0.7027 classification=0.0099, bbox_regression=0.0616, bbox_ctrness=0.6122
epoch 47/50 iter 1700/1860 loss=0.6687 mean_loss=0.7030 classification=0.0390, bbox_regression=0.0409, bbox_ctrness=0.5888
epoch 47/50 iter 1720/1860 loss=0.6881 mean_loss=0.7027 classification=0.0088, bbox_regression=0.0608, bbox_ctrness=0.6185
epoch 47/50 iter 1740/1860 loss=0.6514 mean_loss=0.7029 classification=0.0110, bbox_regression=0.0484, bbox_ctrness=0.5920
epoch 47/50 iter 1760/1860 loss=0.8028 mean_loss=0.7029 classification=0.0901, bbox_regression=0.0993, bbox_ctrness=0.6134
epoch 47/50 iter 1780/1860 loss=0.6771 mean_loss=0.7032 classification=0.0239, bbox_regression=0.0578, bbox_ctrness=0.5954
epoch 47/50 iter 1800/1860 loss=0.8206 mean_loss=0.7036 classification=0.0970, bbox_regression=0.1087, bbox_ctrness=0.6148
epoch 47/50 iter 1820/1860 loss=0.6976 mean_loss=0.7038 classification=0.0407, bbox_regression=0.0555, bbox_ctrness=0.6014
epoch 47/50 iter 1840/1860 loss=0.7357 mean_loss=0.7038 classification=0.0407, bbox_regression=0.0886, bbox_ctrness=0.6064
epoch 47/50 iter 1860/1860 loss=0.7269 mean_loss=0.7037 classification=0.0348, bbox_regression=0.0914, bbox_ctrness=0.6007
epoch 47 validation Precision=0.6660 Recall=0.9434 AP50=0.9236 AP75=0.8473 eval_fps=15.67 epoch_time_sec=1087.9
saved checkpoint: E:\RepViT-main\runs\v48_complete_ablation\training\early_moddrop_seed1\weights\last.pt
epoch 48/50 iter 1/1860 loss=0.6738 mean_loss=0.6738 classification=0.0219, bbox_regression=0.0510, bbox_ctrness=0.6008
epoch 48/50 iter 20/1860 loss=0.6666 mean_loss=0.7111 classification=0.0249, bbox_regression=0.0436, bbox_ctrness=0.5981
epoch 48/50 iter 40/1860 loss=0.7305 mean_loss=0.7122 classification=0.0583, bbox_regression=0.0658, bbox_ctrness=0.6064
epoch 48/50 iter 60/1860 loss=0.6810 mean_loss=0.7007 classification=0.0027, bbox_regression=0.0535, bbox_ctrness=0.6248
epoch 48/50 iter 80/1860 loss=0.6837 mean_loss=0.6945 classification=0.0269, bbox_regression=0.0493, bbox_ctrness=0.6075
epoch 48/50 iter 100/1860 loss=0.6823 mean_loss=0.6964 classification=0.0366, bbox_regression=0.0411, bbox_ctrness=0.6046
epoch 48/50 iter 120/1860 loss=0.6581 mean_loss=0.6976 classification=0.0126, bbox_regression=0.0522, bbox_ctrness=0.5933
epoch 48/50 iter 140/1860 loss=0.6195 mean_loss=0.7018 classification=0.0060, bbox_regression=0.0440, bbox_ctrness=0.5696
epoch 48/50 iter 160/1860 loss=0.6674 mean_loss=0.7025 classification=0.0147, bbox_regression=0.0492, bbox_ctrness=0.6034
epoch 48/50 iter 180/1860 loss=0.6488 mean_loss=0.7039 classification=0.0018, bbox_regression=0.0546, bbox_ctrness=0.5925
epoch 48/50 iter 200/1860 loss=0.6434 mean_loss=0.7026 classification=0.0113, bbox_regression=0.0421, bbox_ctrness=0.5900
epoch 48/50 iter 220/1860 loss=0.6554 mean_loss=0.6994 classification=0.0082, bbox_regression=0.0528, bbox_ctrness=0.5944
epoch 48/50 iter 240/1860 loss=0.6591 mean_loss=0.7019 classification=0.0013, bbox_regression=0.0442, bbox_ctrness=0.6136
epoch 48/50 iter 260/1860 loss=0.7786 mean_loss=0.7042 classification=0.0964, bbox_regression=0.0832, bbox_ctrness=0.5990
epoch 48/50 iter 280/1860 loss=0.6652 mean_loss=0.7045 classification=0.0049, bbox_regression=0.0462, bbox_ctrness=0.6142
epoch 48/50 iter 300/1860 loss=0.6705 mean_loss=0.7026 classification=0.0161, bbox_regression=0.0652, bbox_ctrness=0.5892
epoch 48/50 iter 320/1860 loss=0.7750 mean_loss=0.7037 classification=0.0561, bbox_regression=0.1211, bbox_ctrness=0.5979
epoch 48/50 iter 340/1860 loss=0.6590 mean_loss=0.7019 classification=0.0013, bbox_regression=0.0582, bbox_ctrness=0.5995
epoch 48/50 iter 360/1860 loss=0.6425 mean_loss=0.7016 classification=0.0075, bbox_regression=0.0353, bbox_ctrness=0.5998
epoch 48/50 iter 380/1860 loss=0.6466 mean_loss=0.7008 classification=0.0123, bbox_regression=0.0370, bbox_ctrness=0.5974
epoch 48/50 iter 400/1860 loss=0.6535 mean_loss=0.7011 classification=0.0121, bbox_regression=0.0441, bbox_ctrness=0.5973
epoch 48/50 iter 420/1860 loss=0.7382 mean_loss=0.6996 classification=0.0434, bbox_regression=0.0812, bbox_ctrness=0.6136
epoch 48/50 iter 440/1860 loss=0.7129 mean_loss=0.7000 classification=0.0354, bbox_regression=0.0722, bbox_ctrness=0.6053
epoch 48/50 iter 460/1860 loss=0.7056 mean_loss=0.6999 classification=0.0272, bbox_regression=0.0834, bbox_ctrness=0.5950
epoch 48/50 iter 480/1860 loss=0.8380 mean_loss=0.7008 classification=0.1091, bbox_regression=0.1163, bbox_ctrness=0.6125
epoch 48/50 iter 500/1860 loss=0.8284 mean_loss=0.7008 classification=0.0901, bbox_regression=0.1268, bbox_ctrness=0.6115
epoch 48/50 iter 520/1860 loss=0.7137 mean_loss=0.7009 classification=0.0470, bbox_regression=0.0713, bbox_ctrness=0.5954
epoch 48/50 iter 540/1860 loss=0.6514 mean_loss=0.7005 classification=0.0067, bbox_regression=0.0485, bbox_ctrness=0.5962
epoch 48/50 iter 560/1860 loss=0.6680 mean_loss=0.7013 classification=0.0169, bbox_regression=0.0522, bbox_ctrness=0.5989
epoch 48/50 iter 580/1860 loss=0.6575 mean_loss=0.7011 classification=0.0014, bbox_regression=0.0516, bbox_ctrness=0.6044
epoch 48/50 iter 600/1860 loss=0.6655 mean_loss=0.7011 classification=0.0178, bbox_regression=0.0613, bbox_ctrness=0.5864
epoch 48/50 iter 620/1860 loss=1.2057 mean_loss=0.7018 classification=0.3230, bbox_regression=0.2481, bbox_ctrness=0.6346
epoch 48/50 iter 640/1860 loss=0.6507 mean_loss=0.7019 classification=0.0106, bbox_regression=0.0535, bbox_ctrness=0.5866
epoch 48/50 iter 660/1860 loss=0.6542 mean_loss=0.7013 classification=0.0078, bbox_regression=0.0532, bbox_ctrness=0.5933
epoch 48/50 iter 680/1860 loss=0.9837 mean_loss=0.7016 classification=0.1829, bbox_regression=0.1982, bbox_ctrness=0.6026
epoch 48/50 iter 700/1860 loss=0.7013 mean_loss=0.7011 classification=0.0399, bbox_regression=0.0681, bbox_ctrness=0.5933
epoch 48/50 iter 720/1860 loss=0.7590 mean_loss=0.7012 classification=0.0592, bbox_regression=0.0882, bbox_ctrness=0.6115
epoch 48/50 iter 740/1860 loss=0.6554 mean_loss=0.7016 classification=0.0034, bbox_regression=0.0478, bbox_ctrness=0.6043
epoch 48/50 iter 760/1860 loss=0.7488 mean_loss=0.7017 classification=0.1084, bbox_regression=0.0486, bbox_ctrness=0.5918
epoch 48/50 iter 780/1860 loss=0.6630 mean_loss=0.7014 classification=0.0055, bbox_regression=0.0562, bbox_ctrness=0.6013
epoch 48/50 iter 800/1860 loss=0.6506 mean_loss=0.7007 classification=0.0057, bbox_regression=0.0449, bbox_ctrness=0.6000
epoch 48/50 iter 820/1860 loss=0.6586 mean_loss=0.7002 classification=0.0104, bbox_regression=0.0531, bbox_ctrness=0.5951
epoch 48/50 iter 840/1860 loss=0.6895 mean_loss=0.6998 classification=0.0137, bbox_regression=0.0713, bbox_ctrness=0.6045
epoch 48/50 iter 860/1860 loss=0.6769 mean_loss=0.7004 classification=0.0204, bbox_regression=0.0688, bbox_ctrness=0.5877
epoch 48/50 iter 880/1860 loss=0.8442 mean_loss=0.7007 classification=0.0994, bbox_regression=0.1312, bbox_ctrness=0.6137
epoch 48/50 iter 900/1860 loss=0.6619 mean_loss=0.7012 classification=0.0083, bbox_regression=0.0498, bbox_ctrness=0.6037
epoch 48/50 iter 920/1860 loss=0.6564 mean_loss=0.7018 classification=0.0073, bbox_regression=0.0567, bbox_ctrness=0.5924
epoch 48/50 iter 940/1860 loss=0.6546 mean_loss=0.7018 classification=0.0149, bbox_regression=0.0460, bbox_ctrness=0.5937
epoch 48/50 iter 960/1860 loss=0.6790 mean_loss=0.7016 classification=0.0294, bbox_regression=0.0636, bbox_ctrness=0.5860
epoch 48/50 iter 980/1860 loss=0.6740 mean_loss=0.7016 classification=0.0151, bbox_regression=0.0572, bbox_ctrness=0.6017
epoch 48/50 iter 1000/1860 loss=0.6531 mean_loss=0.7012 classification=0.0074, bbox_regression=0.0394, bbox_ctrness=0.6063
epoch 48/50 iter 1020/1860 loss=0.6978 mean_loss=0.7011 classification=0.0200, bbox_regression=0.0828, bbox_ctrness=0.5950
epoch 48/50 iter 1040/1860 loss=0.6756 mean_loss=0.7008 classification=0.0089, bbox_regression=0.0564, bbox_ctrness=0.6103
epoch 48/50 iter 1060/1860 loss=0.6812 mean_loss=0.7009 classification=0.0188, bbox_regression=0.0532, bbox_ctrness=0.6092
epoch 48/50 iter 1080/1860 loss=0.6932 mean_loss=0.7006 classification=0.0236, bbox_regression=0.0716, bbox_ctrness=0.5979
epoch 48/50 iter 1100/1860 loss=1.0113 mean_loss=0.7005 classification=0.1910, bbox_regression=0.2209, bbox_ctrness=0.5994
epoch 48/50 iter 1120/1860 loss=0.7365 mean_loss=0.7009 classification=0.0398, bbox_regression=0.0876, bbox_ctrness=0.6091
epoch 48/50 iter 1140/1860 loss=0.6915 mean_loss=0.7012 classification=0.0334, bbox_regression=0.0671, bbox_ctrness=0.5911
epoch 48/50 iter 1160/1860 loss=0.6462 mean_loss=0.7006 classification=0.0014, bbox_regression=0.0425, bbox_ctrness=0.6023
epoch 48/50 iter 1180/1860 loss=0.7015 mean_loss=0.7009 classification=0.0294, bbox_regression=0.0741, bbox_ctrness=0.5980
epoch 48/50 iter 1200/1860 loss=0.7482 mean_loss=0.7011 classification=0.0526, bbox_regression=0.0764, bbox_ctrness=0.6192
epoch 48/50 iter 1220/1860 loss=0.7045 mean_loss=0.7017 classification=0.0094, bbox_regression=0.0670, bbox_ctrness=0.6281
epoch 48/50 iter 1240/1860 loss=0.8186 mean_loss=0.7017 classification=0.0295, bbox_regression=0.1415, bbox_ctrness=0.6477
epoch 48/50 iter 1260/1860 loss=0.8881 mean_loss=0.7015 classification=0.1456, bbox_regression=0.1400, bbox_ctrness=0.6026
epoch 48/50 iter 1280/1860 loss=1.3016 mean_loss=0.7025 classification=0.3598, bbox_regression=0.3198, bbox_ctrness=0.6220
epoch 48/50 iter 1300/1860 loss=0.7402 mean_loss=0.7029 classification=0.0380, bbox_regression=0.0868, bbox_ctrness=0.6154
epoch 48/50 iter 1320/1860 loss=0.6950 mean_loss=0.7024 classification=0.0626, bbox_regression=0.0437, bbox_ctrness=0.5887
epoch 48/50 iter 1340/1860 loss=0.6410 mean_loss=0.7022 classification=0.0043, bbox_regression=0.0541, bbox_ctrness=0.5826
epoch 48/50 iter 1360/1860 loss=0.6680 mean_loss=0.7020 classification=0.0207, bbox_regression=0.0578, bbox_ctrness=0.5895
epoch 48/50 iter 1380/1860 loss=0.7015 mean_loss=0.7020 classification=0.0412, bbox_regression=0.0646, bbox_ctrness=0.5957
epoch 48/50 iter 1400/1860 loss=0.8380 mean_loss=0.7020 classification=0.0844, bbox_regression=0.1365, bbox_ctrness=0.6172
epoch 48/50 iter 1420/1860 loss=0.6534 mean_loss=0.7022 classification=0.0011, bbox_regression=0.0458, bbox_ctrness=0.6065
epoch 48/50 iter 1440/1860 loss=0.6548 mean_loss=0.7020 classification=0.0125, bbox_regression=0.0455, bbox_ctrness=0.5969
epoch 48/50 iter 1460/1860 loss=0.6781 mean_loss=0.7020 classification=0.0057, bbox_regression=0.0508, bbox_ctrness=0.6216
epoch 48/50 iter 1480/1860 loss=0.6497 mean_loss=0.7022 classification=0.0062, bbox_regression=0.0416, bbox_ctrness=0.6019
epoch 48/50 iter 1500/1860 loss=0.8106 mean_loss=0.7020 classification=0.1071, bbox_regression=0.0822, bbox_ctrness=0.6213
epoch 48/50 iter 1520/1860 loss=0.8276 mean_loss=0.7019 classification=0.0731, bbox_regression=0.1292, bbox_ctrness=0.6253
epoch 48/50 iter 1540/1860 loss=0.6482 mean_loss=0.7017 classification=0.0094, bbox_regression=0.0467, bbox_ctrness=0.5921
epoch 48/50 iter 1560/1860 loss=0.7509 mean_loss=0.7016 classification=0.0768, bbox_regression=0.0804, bbox_ctrness=0.5937
epoch 48/50 iter 1580/1860 loss=0.6507 mean_loss=0.7012 classification=0.0029, bbox_regression=0.0376, bbox_ctrness=0.6102
epoch 48/50 iter 1600/1860 loss=0.6488 mean_loss=0.7012 classification=0.0005, bbox_regression=0.0439, bbox_ctrness=0.6045
epoch 48/50 iter 1620/1860 loss=0.6903 mean_loss=0.7009 classification=0.0292, bbox_regression=0.0636, bbox_ctrness=0.5974
epoch 48/50 iter 1640/1860 loss=0.6433 mean_loss=0.7008 classification=0.0012, bbox_regression=0.0420, bbox_ctrness=0.6000
epoch 48/50 iter 1660/1860 loss=0.6947 mean_loss=0.7004 classification=0.0219, bbox_regression=0.0743, bbox_ctrness=0.5984
epoch 48/50 iter 1680/1860 loss=0.6936 mean_loss=0.7003 classification=0.0104, bbox_regression=0.0875, bbox_ctrness=0.5957
epoch 48/50 iter 1700/1860 loss=0.6492 mean_loss=0.7002 classification=0.0037, bbox_regression=0.0524, bbox_ctrness=0.5931
epoch 48/50 iter 1720/1860 loss=0.6541 mean_loss=0.7004 classification=0.0076, bbox_regression=0.0563, bbox_ctrness=0.5902
epoch 48/50 iter 1740/1860 loss=0.6706 mean_loss=0.7005 classification=0.0089, bbox_regression=0.0600, bbox_ctrness=0.6017
epoch 48/50 iter 1760/1860 loss=0.6777 mean_loss=0.7009 classification=0.0152, bbox_regression=0.0519, bbox_ctrness=0.6106
epoch 48/50 iter 1780/1860 loss=0.7961 mean_loss=0.7008 classification=0.0918, bbox_regression=0.0968, bbox_ctrness=0.6075
epoch 48/50 iter 1800/1860 loss=0.6529 mean_loss=0.7006 classification=0.0012, bbox_regression=0.0379, bbox_ctrness=0.6137
epoch 48/50 iter 1820/1860 loss=0.6451 mean_loss=0.7003 classification=0.0025, bbox_regression=0.0503, bbox_ctrness=0.5923
epoch 48/50 iter 1840/1860 loss=0.7417 mean_loss=0.7006 classification=0.0530, bbox_regression=0.0900, bbox_ctrness=0.5988
epoch 48/50 iter 1860/1860 loss=0.6766 mean_loss=0.7004 classification=0.0219, bbox_regression=0.0610, bbox_ctrness=0.5937
epoch 48 validation Precision=0.7931 Recall=0.9194 AP50=0.9042 AP75=0.8369 eval_fps=14.64 epoch_time_sec=1106.1
saved checkpoint: E:\RepViT-main\runs\v48_complete_ablation\training\early_moddrop_seed1\weights\last.pt
epoch 49/50 iter 1/1860 loss=0.6373 mean_loss=0.6373 classification=0.0070, bbox_regression=0.0340, bbox_ctrness=0.5963
epoch 49/50 iter 20/1860 loss=0.6465 mean_loss=0.6694 classification=0.0033, bbox_regression=0.0418, bbox_ctrness=0.6014
epoch 49/50 iter 40/1860 loss=0.6564 mean_loss=0.6772 classification=0.0076, bbox_regression=0.0445, bbox_ctrness=0.6044
epoch 49/50 iter 60/1860 loss=0.6356 mean_loss=0.6710 classification=0.0021, bbox_regression=0.0464, bbox_ctrness=0.5871
epoch 49/50 iter 80/1860 loss=1.0500 mean_loss=0.6832 classification=0.3268, bbox_regression=0.1187, bbox_ctrness=0.6046
epoch 49/50 iter 100/1860 loss=0.6838 mean_loss=0.6825 classification=0.0371, bbox_regression=0.0571, bbox_ctrness=0.5896
epoch 49/50 iter 120/1860 loss=0.6594 mean_loss=0.6839 classification=0.0051, bbox_regression=0.0464, bbox_ctrness=0.6080
epoch 49/50 iter 140/1860 loss=0.6565 mean_loss=0.6889 classification=0.0014, bbox_regression=0.0469, bbox_ctrness=0.6081
epoch 49/50 iter 160/1860 loss=0.7757 mean_loss=0.6875 classification=0.0721, bbox_regression=0.0841, bbox_ctrness=0.6195
epoch 49/50 iter 180/1860 loss=0.6769 mean_loss=0.6873 classification=0.0048, bbox_regression=0.0589, bbox_ctrness=0.6132
epoch 49/50 iter 200/1860 loss=0.6670 mean_loss=0.6862 classification=0.0023, bbox_regression=0.0498, bbox_ctrness=0.6148
epoch 49/50 iter 220/1860 loss=0.6854 mean_loss=0.6861 classification=0.0390, bbox_regression=0.0361, bbox_ctrness=0.6103
epoch 49/50 iter 240/1860 loss=0.7315 mean_loss=0.6906 classification=0.0326, bbox_regression=0.0816, bbox_ctrness=0.6173
epoch 49/50 iter 260/1860 loss=0.6757 mean_loss=0.6925 classification=0.0049, bbox_regression=0.0535, bbox_ctrness=0.6173
epoch 49/50 iter 280/1860 loss=0.6561 mean_loss=0.6922 classification=0.0022, bbox_regression=0.0502, bbox_ctrness=0.6037
epoch 49/50 iter 300/1860 loss=0.6579 mean_loss=0.6930 classification=0.0171, bbox_regression=0.0580, bbox_ctrness=0.5828
epoch 49/50 iter 320/1860 loss=0.6676 mean_loss=0.6944 classification=0.0319, bbox_regression=0.0528, bbox_ctrness=0.5830
epoch 49/50 iter 340/1860 loss=0.6605 mean_loss=0.6939 classification=0.0075, bbox_regression=0.0555, bbox_ctrness=0.5975
epoch 49/50 iter 360/1860 loss=0.6372 mean_loss=0.6956 classification=0.0034, bbox_regression=0.0426, bbox_ctrness=0.5912
epoch 49/50 iter 380/1860 loss=0.7333 mean_loss=0.6955 classification=0.0486, bbox_regression=0.0887, bbox_ctrness=0.5960
epoch 49/50 iter 400/1860 loss=0.6528 mean_loss=0.6951 classification=0.0048, bbox_regression=0.0427, bbox_ctrness=0.6052
epoch 49/50 iter 420/1860 loss=0.6480 mean_loss=0.6945 classification=0.0104, bbox_regression=0.0528, bbox_ctrness=0.5848
epoch 49/50 iter 440/1860 loss=0.6600 mean_loss=0.6959 classification=0.0073, bbox_regression=0.0488, bbox_ctrness=0.6039
epoch 49/50 iter 460/1860 loss=0.6486 mean_loss=0.6949 classification=0.0017, bbox_regression=0.0462, bbox_ctrness=0.6007
epoch 49/50 iter 480/1860 loss=0.6484 mean_loss=0.6943 classification=0.0033, bbox_regression=0.0465, bbox_ctrness=0.5987
epoch 49/50 iter 500/1860 loss=0.7586 mean_loss=0.6957 classification=0.0740, bbox_regression=0.0905, bbox_ctrness=0.5941
epoch 49/50 iter 520/1860 loss=0.7146 mean_loss=0.6968 classification=0.0295, bbox_regression=0.0813, bbox_ctrness=0.6039
epoch 49/50 iter 540/1860 loss=0.8337 mean_loss=0.6979 classification=0.1370, bbox_regression=0.1160, bbox_ctrness=0.5807
epoch 49/50 iter 560/1860 loss=0.6562 mean_loss=0.6982 classification=0.0068, bbox_regression=0.0533, bbox_ctrness=0.5961
epoch 49/50 iter 580/1860 loss=1.2575 mean_loss=0.6990 classification=0.3562, bbox_regression=0.2769, bbox_ctrness=0.6243
epoch 49/50 iter 600/1860 loss=0.7536 mean_loss=0.6997 classification=0.0481, bbox_regression=0.1011, bbox_ctrness=0.6043
epoch 49/50 iter 620/1860 loss=0.6777 mean_loss=0.7004 classification=0.0313, bbox_regression=0.0730, bbox_ctrness=0.5734
epoch 49/50 iter 640/1860 loss=0.6839 mean_loss=0.7006 classification=0.0106, bbox_regression=0.0610, bbox_ctrness=0.6123
epoch 49/50 iter 660/1860 loss=0.6527 mean_loss=0.7007 classification=0.0017, bbox_regression=0.0464, bbox_ctrness=0.6047
epoch 49/50 iter 680/1860 loss=0.7228 mean_loss=0.7000 classification=0.0324, bbox_regression=0.0935, bbox_ctrness=0.5969
epoch 49/50 iter 700/1860 loss=0.6573 mean_loss=0.6998 classification=0.0204, bbox_regression=0.0473, bbox_ctrness=0.5896
epoch 49/50 iter 720/1860 loss=0.7379 mean_loss=0.6995 classification=0.0568, bbox_regression=0.0800, bbox_ctrness=0.6011
epoch 49/50 iter 740/1860 loss=0.6747 mean_loss=0.6989 classification=0.0071, bbox_regression=0.0555, bbox_ctrness=0.6121
epoch 49/50 iter 760/1860 loss=0.8168 mean_loss=0.6987 classification=0.1029, bbox_regression=0.1111, bbox_ctrness=0.6029
epoch 49/50 iter 780/1860 loss=0.6416 mean_loss=0.6985 classification=0.0034, bbox_regression=0.0563, bbox_ctrness=0.5819
epoch 49/50 iter 800/1860 loss=0.7001 mean_loss=0.6988 classification=0.0261, bbox_regression=0.0633, bbox_ctrness=0.6107
epoch 49/50 iter 820/1860 loss=0.6410 mean_loss=0.6983 classification=0.0163, bbox_regression=0.0517, bbox_ctrness=0.5731
epoch 49/50 iter 840/1860 loss=0.6942 mean_loss=0.6988 classification=0.0217, bbox_regression=0.0692, bbox_ctrness=0.6034
epoch 49/50 iter 860/1860 loss=0.7983 mean_loss=0.6989 classification=0.0855, bbox_regression=0.1119, bbox_ctrness=0.6009
epoch 49/50 iter 880/1860 loss=0.7491 mean_loss=0.6984 classification=0.0306, bbox_regression=0.0893, bbox_ctrness=0.6292
epoch 49/50 iter 900/1860 loss=0.6293 mean_loss=0.6990 classification=0.0023, bbox_regression=0.0385, bbox_ctrness=0.5885
epoch 49/50 iter 920/1860 loss=0.6516 mean_loss=0.6989 classification=0.0051, bbox_regression=0.0471, bbox_ctrness=0.5995
epoch 49/50 iter 940/1860 loss=0.7042 mean_loss=0.6987 classification=0.0171, bbox_regression=0.0708, bbox_ctrness=0.6162
epoch 49/50 iter 960/1860 loss=0.7938 mean_loss=0.6990 classification=0.0772, bbox_regression=0.1165, bbox_ctrness=0.6001
epoch 49/50 iter 980/1860 loss=0.6982 mean_loss=0.6986 classification=0.0409, bbox_regression=0.0522, bbox_ctrness=0.6051
epoch 49/50 iter 1000/1860 loss=0.6622 mean_loss=0.6990 classification=0.0092, bbox_regression=0.0478, bbox_ctrness=0.6052
epoch 49/50 iter 1020/1860 loss=0.6665 mean_loss=0.6991 classification=0.0171, bbox_regression=0.0487, bbox_ctrness=0.6006
epoch 49/50 iter 1040/1860 loss=0.6630 mean_loss=0.6985 classification=0.0110, bbox_regression=0.0568, bbox_ctrness=0.5952
epoch 49/50 iter 1060/1860 loss=0.6431 mean_loss=0.6988 classification=0.0014, bbox_regression=0.0445, bbox_ctrness=0.5973
epoch 49/50 iter 1080/1860 loss=0.6588 mean_loss=0.6989 classification=0.0151, bbox_regression=0.0422, bbox_ctrness=0.6014
epoch 49/50 iter 1100/1860 loss=0.6567 mean_loss=0.6989 classification=0.0031, bbox_regression=0.0453, bbox_ctrness=0.6082
epoch 49/50 iter 1120/1860 loss=0.6945 mean_loss=0.6993 classification=0.0351, bbox_regression=0.0681, bbox_ctrness=0.5913
epoch 49/50 iter 1140/1860 loss=0.7767 mean_loss=0.6990 classification=0.0694, bbox_regression=0.1073, bbox_ctrness=0.5999
epoch 49/50 iter 1160/1860 loss=0.6958 mean_loss=0.6994 classification=0.0254, bbox_regression=0.0566, bbox_ctrness=0.6138
epoch 49/50 iter 1180/1860 loss=0.7604 mean_loss=0.6993 classification=0.0553, bbox_regression=0.0950, bbox_ctrness=0.6100
epoch 49/50 iter 1200/1860 loss=0.6259 mean_loss=0.6998 classification=0.0031, bbox_regression=0.0360, bbox_ctrness=0.5868
epoch 49/50 iter 1220/1860 loss=0.6911 mean_loss=0.6999 classification=0.0251, bbox_regression=0.0579, bbox_ctrness=0.6081
epoch 49/50 iter 1240/1860 loss=1.0983 mean_loss=0.7003 classification=0.2642, bbox_regression=0.2142, bbox_ctrness=0.6199
epoch 49/50 iter 1260/1860 loss=0.6500 mean_loss=0.7001 classification=0.0036, bbox_regression=0.0445, bbox_ctrness=0.6019
epoch 49/50 iter 1280/1860 loss=0.6708 mean_loss=0.7003 classification=0.0113, bbox_regression=0.0597, bbox_ctrness=0.5998
epoch 49/50 iter 1300/1860 loss=0.6449 mean_loss=0.7003 classification=0.0162, bbox_regression=0.0420, bbox_ctrness=0.5867
epoch 49/50 iter 1320/1860 loss=0.7845 mean_loss=0.7007 classification=0.0806, bbox_regression=0.1047, bbox_ctrness=0.5992
epoch 49/50 iter 1340/1860 loss=0.6459 mean_loss=0.7005 classification=0.0023, bbox_regression=0.0491, bbox_ctrness=0.5945
epoch 49/50 iter 1360/1860 loss=0.6533 mean_loss=0.7000 classification=0.0026, bbox_regression=0.0408, bbox_ctrness=0.6099
epoch 49/50 iter 1380/1860 loss=0.6550 mean_loss=0.7000 classification=0.0042, bbox_regression=0.0513, bbox_ctrness=0.5994
epoch 49/50 iter 1400/1860 loss=0.8630 mean_loss=0.6997 classification=0.0897, bbox_regression=0.1373, bbox_ctrness=0.6360
epoch 49/50 iter 1420/1860 loss=0.7047 mean_loss=0.6998 classification=0.0252, bbox_regression=0.0777, bbox_ctrness=0.6018
epoch 49/50 iter 1440/1860 loss=0.6039 mean_loss=0.6997 classification=0.0011, bbox_regression=0.0201, bbox_ctrness=0.5827
epoch 49/50 iter 1460/1860 loss=0.6513 mean_loss=0.6998 classification=0.0031, bbox_regression=0.0476, bbox_ctrness=0.6006
epoch 49/50 iter 1480/1860 loss=0.7266 mean_loss=0.6999 classification=0.0192, bbox_regression=0.1011, bbox_ctrness=0.6063
epoch 49/50 iter 1500/1860 loss=0.6869 mean_loss=0.6998 classification=0.0203, bbox_regression=0.0616, bbox_ctrness=0.6051
epoch 49/50 iter 1520/1860 loss=0.6848 mean_loss=0.6997 classification=0.0089, bbox_regression=0.0789, bbox_ctrness=0.5970
epoch 49/50 iter 1540/1860 loss=0.7029 mean_loss=0.6995 classification=0.0272, bbox_regression=0.0672, bbox_ctrness=0.6086
epoch 49/50 iter 1560/1860 loss=0.6344 mean_loss=0.6996 classification=0.0007, bbox_regression=0.0366, bbox_ctrness=0.5971
epoch 49/50 iter 1580/1860 loss=0.6391 mean_loss=0.6998 classification=0.0028, bbox_regression=0.0400, bbox_ctrness=0.5964
epoch 49/50 iter 1600/1860 loss=0.7810 mean_loss=0.7001 classification=0.0639, bbox_regression=0.0938, bbox_ctrness=0.6233
epoch 49/50 iter 1620/1860 loss=0.6435 mean_loss=0.6999 classification=0.0155, bbox_regression=0.0460, bbox_ctrness=0.5820
epoch 49/50 iter 1640/1860 loss=0.6945 mean_loss=0.7002 classification=0.0360, bbox_regression=0.0631, bbox_ctrness=0.5954
epoch 49/50 iter 1660/1860 loss=0.6903 mean_loss=0.7003 classification=0.0364, bbox_regression=0.0547, bbox_ctrness=0.5992
epoch 49/50 iter 1680/1860 loss=0.6708 mean_loss=0.7002 classification=0.0071, bbox_regression=0.0562, bbox_ctrness=0.6074
epoch 49/50 iter 1700/1860 loss=0.6776 mean_loss=0.6999 classification=0.0152, bbox_regression=0.0703, bbox_ctrness=0.5921
epoch 49/50 iter 1720/1860 loss=0.6491 mean_loss=0.6998 classification=0.0035, bbox_regression=0.0456, bbox_ctrness=0.6000
epoch 49/50 iter 1740/1860 loss=0.6855 mean_loss=0.6995 classification=0.0229, bbox_regression=0.0649, bbox_ctrness=0.5978
epoch 49/50 iter 1760/1860 loss=0.8506 mean_loss=0.6997 classification=0.1086, bbox_regression=0.1289, bbox_ctrness=0.6131
epoch 49/50 iter 1780/1860 loss=0.6520 mean_loss=0.6998 classification=0.0192, bbox_regression=0.0514, bbox_ctrness=0.5814
epoch 49/50 iter 1800/1860 loss=0.6689 mean_loss=0.6998 classification=0.0205, bbox_regression=0.0692, bbox_ctrness=0.5792
epoch 49/50 iter 1820/1860 loss=0.6912 mean_loss=0.6998 classification=0.0281, bbox_regression=0.0525, bbox_ctrness=0.6106
epoch 49/50 iter 1840/1860 loss=0.7869 mean_loss=0.6999 classification=0.0863, bbox_regression=0.1047, bbox_ctrness=0.5959
epoch 49/50 iter 1860/1860 loss=0.6643 mean_loss=0.7002 classification=0.0045, bbox_regression=0.0464, bbox_ctrness=0.6134
epoch 49 validation Precision=0.6569 Recall=0.9431 AP50=0.9245 AP75=0.8501 eval_fps=14.04 epoch_time_sec=1222.2
saved checkpoint: E:\RepViT-main\runs\v48_complete_ablation\training\early_moddrop_seed1\weights\last.pt
epoch 50/50 iter 1/1860 loss=0.6786 mean_loss=0.6786 classification=0.0086, bbox_regression=0.0615, bbox_ctrness=0.6085
epoch 50/50 iter 20/1860 loss=0.6876 mean_loss=0.6932 classification=0.0131, bbox_regression=0.0718, bbox_ctrness=0.6027
epoch 50/50 iter 40/1860 loss=0.6397 mean_loss=0.6914 classification=0.0016, bbox_regression=0.0432, bbox_ctrness=0.5948
epoch 50/50 iter 60/1860 loss=0.8264 mean_loss=0.6975 classification=0.1106, bbox_regression=0.1198, bbox_ctrness=0.5960
epoch 50/50 iter 80/1860 loss=0.6543 mean_loss=0.6911 classification=0.0189, bbox_regression=0.0389, bbox_ctrness=0.5965
epoch 50/50 iter 100/1860 loss=0.6833 mean_loss=0.6907 classification=0.0212, bbox_regression=0.0638, bbox_ctrness=0.5984
epoch 50/50 iter 120/1860 loss=0.6888 mean_loss=0.6902 classification=0.0269, bbox_regression=0.0785, bbox_ctrness=0.5834
epoch 50/50 iter 140/1860 loss=0.7203 mean_loss=0.6892 classification=0.0491, bbox_regression=0.0676, bbox_ctrness=0.6036
epoch 50/50 iter 160/1860 loss=0.6606 mean_loss=0.6907 classification=0.0041, bbox_regression=0.0575, bbox_ctrness=0.5990
epoch 50/50 iter 180/1860 loss=0.6569 mean_loss=0.6906 classification=0.0047, bbox_regression=0.0458, bbox_ctrness=0.6063
epoch 50/50 iter 200/1860 loss=0.6779 mean_loss=0.6921 classification=0.0275, bbox_regression=0.0541, bbox_ctrness=0.5963
epoch 50/50 iter 220/1860 loss=0.6971 mean_loss=0.6948 classification=0.0176, bbox_regression=0.0648, bbox_ctrness=0.6147
epoch 50/50 iter 240/1860 loss=0.6441 mean_loss=0.6952 classification=0.0030, bbox_regression=0.0375, bbox_ctrness=0.6036
epoch 50/50 iter 260/1860 loss=0.7457 mean_loss=0.6939 classification=0.0453, bbox_regression=0.0923, bbox_ctrness=0.6081
epoch 50/50 iter 280/1860 loss=0.9068 mean_loss=0.6946 classification=0.1862, bbox_regression=0.1181, bbox_ctrness=0.6025
epoch 50/50 iter 300/1860 loss=0.6384 mean_loss=0.6940 classification=0.0074, bbox_regression=0.0433, bbox_ctrness=0.5877
epoch 50/50 iter 320/1860 loss=0.6595 mean_loss=0.6953 classification=0.0141, bbox_regression=0.0600, bbox_ctrness=0.5854
epoch 50/50 iter 340/1860 loss=0.6428 mean_loss=0.6933 classification=0.0044, bbox_regression=0.0452, bbox_ctrness=0.5931
epoch 50/50 iter 360/1860 loss=0.6541 mean_loss=0.6934 classification=0.0068, bbox_regression=0.0459, bbox_ctrness=0.6014
epoch 50/50 iter 380/1860 loss=0.6453 mean_loss=0.6928 classification=0.0046, bbox_regression=0.0389, bbox_ctrness=0.6018
epoch 50/50 iter 400/1860 loss=0.7112 mean_loss=0.6938 classification=0.0269, bbox_regression=0.0733, bbox_ctrness=0.6111
epoch 50/50 iter 420/1860 loss=0.6716 mean_loss=0.6937 classification=0.0091, bbox_regression=0.0600, bbox_ctrness=0.6026
epoch 50/50 iter 440/1860 loss=0.6278 mean_loss=0.6937 classification=0.0021, bbox_regression=0.0403, bbox_ctrness=0.5855
epoch 50/50 iter 460/1860 loss=0.9547 mean_loss=0.6954 classification=0.2033, bbox_regression=0.1313, bbox_ctrness=0.6201
epoch 50/50 iter 480/1860 loss=0.6864 mean_loss=0.6953 classification=0.0190, bbox_regression=0.0580, bbox_ctrness=0.6094
epoch 50/50 iter 500/1860 loss=0.6250 mean_loss=0.6949 classification=0.0035, bbox_regression=0.0397, bbox_ctrness=0.5817
epoch 50/50 iter 520/1860 loss=1.2723 mean_loss=0.6962 classification=0.3331, bbox_regression=0.3291, bbox_ctrness=0.6100
epoch 50/50 iter 540/1860 loss=0.6458 mean_loss=0.6955 classification=0.0093, bbox_regression=0.0447, bbox_ctrness=0.5918
epoch 50/50 iter 560/1860 loss=0.6619 mean_loss=0.6957 classification=0.0117, bbox_regression=0.0530, bbox_ctrness=0.5973
epoch 50/50 iter 580/1860 loss=0.6876 mean_loss=0.6947 classification=0.0354, bbox_regression=0.0454, bbox_ctrness=0.6067
epoch 50/50 iter 600/1860 loss=0.6527 mean_loss=0.6943 classification=0.0043, bbox_regression=0.0462, bbox_ctrness=0.6022
epoch 50/50 iter 620/1860 loss=0.6542 mean_loss=0.6933 classification=0.0022, bbox_regression=0.0534, bbox_ctrness=0.5986
epoch 50/50 iter 640/1860 loss=0.7238 mean_loss=0.6928 classification=0.0511, bbox_regression=0.0753, bbox_ctrness=0.5974
epoch 50/50 iter 660/1860 loss=0.6702 mean_loss=0.6928 classification=0.0144, bbox_regression=0.0575, bbox_ctrness=0.5982
epoch 50/50 iter 680/1860 loss=0.6406 mean_loss=0.6928 classification=0.0021, bbox_regression=0.0334, bbox_ctrness=0.6050
epoch 50/50 iter 700/1860 loss=0.8690 mean_loss=0.6925 classification=0.1064, bbox_regression=0.1419, bbox_ctrness=0.6208
epoch 50/50 iter 720/1860 loss=1.2382 mean_loss=0.6933 classification=0.2738, bbox_regression=0.3028, bbox_ctrness=0.6616
epoch 50/50 iter 740/1860 loss=0.8362 mean_loss=0.6934 classification=0.0789, bbox_regression=0.1375, bbox_ctrness=0.6198
epoch 50/50 iter 760/1860 loss=0.6224 mean_loss=0.6932 classification=0.0018, bbox_regression=0.0399, bbox_ctrness=0.5806
epoch 50/50 iter 780/1860 loss=0.6440 mean_loss=0.6938 classification=0.0050, bbox_regression=0.0474, bbox_ctrness=0.5916
epoch 50/50 iter 800/1860 loss=0.6744 mean_loss=0.6940 classification=0.0100, bbox_regression=0.0525, bbox_ctrness=0.6120
epoch 50/50 iter 820/1860 loss=0.6315 mean_loss=0.6941 classification=0.0038, bbox_regression=0.0333, bbox_ctrness=0.5944
epoch 50/50 iter 840/1860 loss=0.6588 mean_loss=0.6942 classification=0.0048, bbox_regression=0.0460, bbox_ctrness=0.6080
epoch 50/50 iter 860/1860 loss=0.6449 mean_loss=0.6940 classification=0.0034, bbox_regression=0.0404, bbox_ctrness=0.6010
epoch 50/50 iter 880/1860 loss=0.8003 mean_loss=0.6941 classification=0.0636, bbox_regression=0.1216, bbox_ctrness=0.6151
epoch 50/50 iter 900/1860 loss=0.8159 mean_loss=0.6946 classification=0.0822, bbox_regression=0.1205, bbox_ctrness=0.6132
epoch 50/50 iter 920/1860 loss=0.6454 mean_loss=0.6951 classification=0.0168, bbox_regression=0.0484, bbox_ctrness=0.5802
epoch 50/50 iter 940/1860 loss=0.6409 mean_loss=0.6950 classification=0.0019, bbox_regression=0.0506, bbox_ctrness=0.5884
epoch 50/50 iter 960/1860 loss=0.6524 mean_loss=0.6948 classification=0.0048, bbox_regression=0.0501, bbox_ctrness=0.5975
epoch 50/50 iter 980/1860 loss=0.6651 mean_loss=0.6945 classification=0.0150, bbox_regression=0.0604, bbox_ctrness=0.5897
epoch 50/50 iter 1000/1860 loss=0.6459 mean_loss=0.6951 classification=0.0034, bbox_regression=0.0479, bbox_ctrness=0.5946
epoch 50/50 iter 1020/1860 loss=0.6172 mean_loss=0.6945 classification=0.0014, bbox_regression=0.0328, bbox_ctrness=0.5831
epoch 50/50 iter 1040/1860 loss=0.6773 mean_loss=0.6946 classification=0.0139, bbox_regression=0.0554, bbox_ctrness=0.6079
epoch 50/50 iter 1060/1860 loss=0.6802 mean_loss=0.6946 classification=0.0168, bbox_regression=0.0658, bbox_ctrness=0.5976
epoch 50/50 iter 1080/1860 loss=0.7237 mean_loss=0.6945 classification=0.0459, bbox_regression=0.0636, bbox_ctrness=0.6142
epoch 50/50 iter 1100/1860 loss=0.6755 mean_loss=0.6945 classification=0.0110, bbox_regression=0.0691, bbox_ctrness=0.5953
epoch 50/50 iter 1120/1860 loss=0.6561 mean_loss=0.6951 classification=0.0017, bbox_regression=0.0345, bbox_ctrness=0.6199
epoch 50/50 iter 1140/1860 loss=0.6667 mean_loss=0.6952 classification=0.0133, bbox_regression=0.0539, bbox_ctrness=0.5995
epoch 50/50 iter 1160/1860 loss=0.6798 mean_loss=0.6956 classification=0.0127, bbox_regression=0.0538, bbox_ctrness=0.6133
epoch 50/50 iter 1180/1860 loss=0.6668 mean_loss=0.6965 classification=0.0325, bbox_regression=0.0491, bbox_ctrness=0.5852
epoch 50/50 iter 1200/1860 loss=0.6486 mean_loss=0.6968 classification=0.0098, bbox_regression=0.0364, bbox_ctrness=0.6024
epoch 50/50 iter 1220/1860 loss=1.2931 mean_loss=0.6977 classification=0.3634, bbox_regression=0.2900, bbox_ctrness=0.6396
epoch 50/50 iter 1240/1860 loss=0.7017 mean_loss=0.6975 classification=0.0322, bbox_regression=0.0786, bbox_ctrness=0.5908
epoch 50/50 iter 1260/1860 loss=0.6607 mean_loss=0.6971 classification=0.0119, bbox_regression=0.0476, bbox_ctrness=0.6012
epoch 50/50 iter 1280/1860 loss=0.7165 mean_loss=0.6977 classification=0.0411, bbox_regression=0.0677, bbox_ctrness=0.6077
epoch 50/50 iter 1300/1860 loss=0.6379 mean_loss=0.6974 classification=0.0082, bbox_regression=0.0425, bbox_ctrness=0.5872
epoch 50/50 iter 1320/1860 loss=0.6673 mean_loss=0.6973 classification=0.0223, bbox_regression=0.0548, bbox_ctrness=0.5901
epoch 50/50 iter 1340/1860 loss=0.7071 mean_loss=0.6978 classification=0.0297, bbox_regression=0.0782, bbox_ctrness=0.5991
epoch 50/50 iter 1360/1860 loss=0.8298 mean_loss=0.6980 classification=0.0910, bbox_regression=0.1089, bbox_ctrness=0.6300
epoch 50/50 iter 1380/1860 loss=0.6865 mean_loss=0.6980 classification=0.0210, bbox_regression=0.0751, bbox_ctrness=0.5904
epoch 50/50 iter 1400/1860 loss=0.7043 mean_loss=0.6978 classification=0.0139, bbox_regression=0.0671, bbox_ctrness=0.6232
epoch 50/50 iter 1420/1860 loss=1.0765 mean_loss=0.6981 classification=0.2897, bbox_regression=0.1678, bbox_ctrness=0.6190
epoch 50/50 iter 1440/1860 loss=0.6854 mean_loss=0.6977 classification=0.0235, bbox_regression=0.0586, bbox_ctrness=0.6033
epoch 50/50 iter 1460/1860 loss=0.7259 mean_loss=0.6972 classification=0.0632, bbox_regression=0.0454, bbox_ctrness=0.6174
epoch 50/50 iter 1480/1860 loss=0.6642 mean_loss=0.6969 classification=0.0099, bbox_regression=0.0546, bbox_ctrness=0.5997
epoch 50/50 iter 1500/1860 loss=0.7697 mean_loss=0.6968 classification=0.0412, bbox_regression=0.0991, bbox_ctrness=0.6294
epoch 50/50 iter 1520/1860 loss=0.6366 mean_loss=0.6968 classification=0.0043, bbox_regression=0.0340, bbox_ctrness=0.5984
epoch 50/50 iter 1540/1860 loss=0.6947 mean_loss=0.6971 classification=0.0389, bbox_regression=0.0708, bbox_ctrness=0.5849
epoch 50/50 iter 1560/1860 loss=0.7878 mean_loss=0.6970 classification=0.0691, bbox_regression=0.1155, bbox_ctrness=0.6031
epoch 50/50 iter 1580/1860 loss=0.7520 mean_loss=0.6968 classification=0.0787, bbox_regression=0.0796, bbox_ctrness=0.5938
epoch 50/50 iter 1600/1860 loss=0.6574 mean_loss=0.6967 classification=0.0029, bbox_regression=0.0483, bbox_ctrness=0.6062
epoch 50/50 iter 1620/1860 loss=0.6529 mean_loss=0.6967 classification=0.0027, bbox_regression=0.0452, bbox_ctrness=0.6050
epoch 50/50 iter 1640/1860 loss=0.6971 mean_loss=0.6971 classification=0.0305, bbox_regression=0.0667, bbox_ctrness=0.5998
epoch 50/50 iter 1660/1860 loss=0.6436 mean_loss=0.6969 classification=0.0080, bbox_regression=0.0435, bbox_ctrness=0.5921
epoch 50/50 iter 1680/1860 loss=0.6584 mean_loss=0.6970 classification=0.0135, bbox_regression=0.0575, bbox_ctrness=0.5874
epoch 50/50 iter 1700/1860 loss=0.6563 mean_loss=0.6971 classification=0.0036, bbox_regression=0.0583, bbox_ctrness=0.5944
epoch 50/50 iter 1720/1860 loss=0.7428 mean_loss=0.6972 classification=0.0780, bbox_regression=0.0768, bbox_ctrness=0.5880
epoch 50/50 iter 1740/1860 loss=0.7122 mean_loss=0.6974 classification=0.0452, bbox_regression=0.0704, bbox_ctrness=0.5966
epoch 50/50 iter 1760/1860 loss=0.6761 mean_loss=0.6981 classification=0.0164, bbox_regression=0.0564, bbox_ctrness=0.6033
epoch 50/50 iter 1780/1860 loss=0.6956 mean_loss=0.6981 classification=0.0311, bbox_regression=0.0660, bbox_ctrness=0.5985
epoch 50/50 iter 1800/1860 loss=0.6569 mean_loss=0.6988 classification=0.0136, bbox_regression=0.0598, bbox_ctrness=0.5835
epoch 50/50 iter 1820/1860 loss=0.6661 mean_loss=0.6992 classification=0.0176, bbox_regression=0.0498, bbox_ctrness=0.5987
epoch 50/50 iter 1840/1860 loss=0.6586 mean_loss=0.6990 classification=0.0080, bbox_regression=0.0507, bbox_ctrness=0.5998
epoch 50/50 iter 1860/1860 loss=0.6490 mean_loss=0.6988 classification=0.0216, bbox_regression=0.0486, bbox_ctrness=0.5788
epoch 50 validation Precision=0.5421 Recall=0.9545 AP50=0.9311 AP75=0.8588 eval_fps=15.60 epoch_time_sec=1054.0
saved checkpoint: E:\RepViT-main\runs\v48_complete_ablation\training\early_moddrop_seed1\weights\last.pt
Training complete.
END train/early_moddrop_seed1 return_code=0 elapsed_seconds=45611.401 2026-07-11T23:59:03+08:00
START eval/early_moddrop_seed1 2026-07-11T23:59:03+08:00
COMMAND C:\Users\xinnan\.conda\envs\pytorch\python.exe E:\RepViT-main\rarepdet\tools\eval_coco_map.py --run-id early_moddrop_seed1 --protocol ablation_devval --variant early_moddrop --model early --seed 1 --modality-dropout 0.15 --data D:\download\triair --split-file E:\RepViT-main\reproducibility\v40_expanded_adjacency_component_split_v2\manifests\v40_expanded_adjacency_component_disjoint_val.txt --weights E:\RepViT-main\runs\v48_complete_ablation\training\early_moddrop_seed1\weights\best.pt --img-size 640 --device cuda --batch-size 4 --num-workers 0 --detector-score-thr 0.001 --metric-score-thr 0.50 --nms-thresh 0.6 --detections-per-img 100 --out-json E:\RepViT-main\runs\v48_complete_ablation\raw\devval\early_moddrop_seed1.json
=== TriAirDataset Summary ===
data_root: D:\download\triair
image_dir: D:\download\triair\data\images
label_dir: D:\download\triair\data\labels
split_file: E:\RepViT-main\reproducibility\v40_expanded_adjacency_component_split_v2\manifests\v40_expanded_adjacency_component_disjoint_val.txt
mode: rgbte
channels: (0, 1, 2, 3, 4)
total images: 2213
images with label txt: 1971
images without label txt: 242
empty label txt files: 0
total boxes: 5867
class distribution:
  class 0: 5867
inference batch 1/554
inference batch 100/554
inference batch 200/554
inference batch 300/554
inference batch 400/554
inference batch 500/554
inference batch 554/554
{
  "run_id": "early_moddrop_seed1",
  "protocol": "ablation_devval",
  "ap50_95": 0.6921241408331282,
  "ap50": 0.9428390679948252,
  "ap75": 0.8224474282288081
}
saved: E:\RepViT-main\runs\v48_complete_ablation\raw\devval\early_moddrop_seed1.json
saved: E:\RepViT-main\runs\v48_complete_ablation\raw\devval\early_moddrop_seed1.csv
saved: E:\RepViT-main\runs\v48_complete_ablation\raw\devval\early_moddrop_seed1.txt
END eval/early_moddrop_seed1 return_code=0 elapsed_seconds=279.275 2026-07-12T00:03:42+08:00
