START train/early_moddrop_seed2 2026-07-12T13:14:47+08:00
COMMAND C:\Users\xinnan\.conda\envs\pytorch\python.exe E:\RepViT-main\rarepdet\train_early_fusion.py --model early --data D:\download\triair --train-split E:\RepViT-main\reproducibility\v40_expanded_adjacency_component_split_v2\manifests\v40_expanded_adjacency_component_disjoint_train.txt --val-split E:\RepViT-main\reproducibility\v40_expanded_adjacency_component_split_v2\manifests\v40_expanded_adjacency_component_disjoint_val.txt --epochs 50 --batch-size 4 --img-size 640 --device cuda --lr 1e-4 --num-workers 0 --modality-dropout 0.15 --seed 2 --out E:\RepViT-main\runs\v48_complete_ablation\training\early_moddrop_seed2
Using device: cuda
requested_seed: 2
deterministic_algorithms: warn_only
cudnn_deterministic: True
cudnn_benchmark: False
=== TriAirDataset Summary ===
data_root: D:\download\triair
image_dir: D:\download\triair\data\images
label_dir: D:\download\triair\data\labels
split_file: E:\RepViT-main\reproducibility\v40_expanded_adjacency_component_split_v2\manifests\v40_expanded_adjacency_component_disjoint_train.txt
mode: rgbte
channels: (0, 1, 2, 3, 4)
total images: 7439
images with label txt: 7011
images without label txt: 428
empty label txt files: 1
total boxes: 22480
class distribution:
  class 0: 22480
=== TriAirDataset Summary ===
data_root: D:\download\triair
image_dir: D:\download\triair\data\images
label_dir: D:\download\triair\data\labels
split_file: E:\RepViT-main\reproducibility\v40_expanded_adjacency_component_split_v2\manifests\v40_expanded_adjacency_component_disjoint_val.txt
mode: rgbte
channels: (0, 1, 2, 3, 4)
total images: 2213
images with label txt: 1971
images without label txt: 242
empty label txt files: 0
total boxes: 5867
class distribution:
  class 0: 5867
train samples: 7439
val samples: 2213
params: 6591609
gflops: skipped (no project-compatible detector GFLOPs helper wired yet)
total train iterations per epoch: 1860
epoch 1/50 iter 1/1860 loss=2.7139 mean_loss=2.7139 classification=1.0465, bbox_regression=0.9992, bbox_ctrness=0.6682
epoch 1/50 iter 20/1860 loss=1.8780 mean_loss=2.3317 classification=0.6177, bbox_regression=0.6343, bbox_ctrness=0.6259
epoch 1/50 iter 40/1860 loss=1.7892 mean_loss=2.1424 classification=0.6202, bbox_regression=0.5172, bbox_ctrness=0.6517
epoch 1/50 iter 60/1860 loss=1.8451 mean_loss=2.0267 classification=0.5705, bbox_regression=0.6071, bbox_ctrness=0.6674
epoch 1/50 iter 80/1860 loss=1.7859 mean_loss=1.9554 classification=0.6084, bbox_regression=0.5566, bbox_ctrness=0.6209
epoch 1/50 iter 100/1860 loss=1.5985 mean_loss=1.8965 classification=0.4345, bbox_regression=0.4828, bbox_ctrness=0.6812
epoch 1/50 iter 120/1860 loss=1.4480 mean_loss=1.8465 classification=0.3715, bbox_regression=0.4192, bbox_ctrness=0.6573
epoch 1/50 iter 140/1860 loss=1.6138 mean_loss=1.8093 classification=0.4199, bbox_regression=0.5101, bbox_ctrness=0.6838
epoch 1/50 iter 160/1860 loss=1.4777 mean_loss=1.7759 classification=0.4058, bbox_regression=0.4305, bbox_ctrness=0.6414
epoch 1/50 iter 180/1860 loss=1.5663 mean_loss=1.7541 classification=0.4506, bbox_regression=0.4567, bbox_ctrness=0.6590
epoch 1/50 iter 200/1860 loss=1.4647 mean_loss=1.7265 classification=0.4439, bbox_regression=0.3905, bbox_ctrness=0.6303
epoch 1/50 iter 220/1860 loss=1.5136 mean_loss=1.7061 classification=0.4122, bbox_regression=0.4466, bbox_ctrness=0.6547
epoch 1/50 iter 240/1860 loss=1.3242 mean_loss=1.6881 classification=0.3297, bbox_regression=0.3585, bbox_ctrness=0.6360
epoch 1/50 iter 260/1860 loss=1.4711 mean_loss=1.6707 classification=0.4204, bbox_regression=0.4069, bbox_ctrness=0.6438
epoch 1/50 iter 280/1860 loss=1.4000 mean_loss=1.6554 classification=0.3773, bbox_regression=0.3600, bbox_ctrness=0.6627
epoch 1/50 iter 300/1860 loss=1.3874 mean_loss=1.6371 classification=0.3445, bbox_regression=0.3925, bbox_ctrness=0.6504
epoch 1/50 iter 320/1860 loss=1.4813 mean_loss=1.6230 classification=0.4676, bbox_regression=0.3884, bbox_ctrness=0.6252
epoch 1/50 iter 340/1860 loss=1.4112 mean_loss=1.6099 classification=0.4395, bbox_regression=0.3550, bbox_ctrness=0.6168
epoch 1/50 iter 360/1860 loss=1.3549 mean_loss=1.5981 classification=0.2993, bbox_regression=0.3978, bbox_ctrness=0.6578
epoch 1/50 iter 380/1860 loss=1.3355 mean_loss=1.5865 classification=0.3207, bbox_regression=0.3643, bbox_ctrness=0.6505
epoch 1/50 iter 400/1860 loss=1.4125 mean_loss=1.5746 classification=0.3879, bbox_regression=0.3775, bbox_ctrness=0.6471
epoch 1/50 iter 420/1860 loss=1.4536 mean_loss=1.5668 classification=0.4468, bbox_regression=0.3767, bbox_ctrness=0.6300
epoch 1/50 iter 440/1860 loss=1.1834 mean_loss=1.5566 classification=0.2776, bbox_regression=0.2884, bbox_ctrness=0.6174
epoch 1/50 iter 460/1860 loss=1.5231 mean_loss=1.5483 classification=0.4964, bbox_regression=0.3972, bbox_ctrness=0.6295
epoch 1/50 iter 480/1860 loss=1.2360 mean_loss=1.5399 classification=0.2970, bbox_regression=0.2906, bbox_ctrness=0.6484
epoch 1/50 iter 500/1860 loss=1.3424 mean_loss=1.5308 classification=0.3282, bbox_regression=0.3497, bbox_ctrness=0.6645
epoch 1/50 iter 520/1860 loss=1.2348 mean_loss=1.5216 classification=0.3633, bbox_regression=0.2459, bbox_ctrness=0.6256
epoch 1/50 iter 540/1860 loss=1.2506 mean_loss=1.5164 classification=0.3275, bbox_regression=0.2912, bbox_ctrness=0.6319
epoch 1/50 iter 560/1860 loss=1.3458 mean_loss=1.5106 classification=0.3826, bbox_regression=0.3477, bbox_ctrness=0.6154
epoch 1/50 iter 580/1860 loss=1.2560 mean_loss=1.5039 classification=0.3122, bbox_regression=0.3164, bbox_ctrness=0.6273
epoch 1/50 iter 600/1860 loss=1.1806 mean_loss=1.4976 classification=0.3084, bbox_regression=0.2563, bbox_ctrness=0.6159
epoch 1/50 iter 620/1860 loss=1.1136 mean_loss=1.4902 classification=0.2498, bbox_regression=0.2395, bbox_ctrness=0.6243
epoch 1/50 iter 640/1860 loss=1.1320 mean_loss=1.4837 classification=0.2646, bbox_regression=0.2570, bbox_ctrness=0.6104
epoch 1/50 iter 660/1860 loss=1.1853 mean_loss=1.4781 classification=0.2788, bbox_regression=0.3012, bbox_ctrness=0.6053
epoch 1/50 iter 680/1860 loss=1.2067 mean_loss=1.4718 classification=0.2935, bbox_regression=0.2902, bbox_ctrness=0.6229
epoch 1/50 iter 700/1860 loss=1.1968 mean_loss=1.4660 classification=0.2652, bbox_regression=0.2907, bbox_ctrness=0.6409
epoch 1/50 iter 720/1860 loss=1.2294 mean_loss=1.4605 classification=0.3226, bbox_regression=0.2846, bbox_ctrness=0.6222
epoch 1/50 iter 740/1860 loss=1.3768 mean_loss=1.4550 classification=0.4012, bbox_regression=0.3357, bbox_ctrness=0.6399
epoch 1/50 iter 760/1860 loss=1.2002 mean_loss=1.4510 classification=0.2696, bbox_regression=0.2956, bbox_ctrness=0.6351
epoch 1/50 iter 780/1860 loss=1.2632 mean_loss=1.4451 classification=0.3266, bbox_regression=0.3119, bbox_ctrness=0.6247
epoch 1/50 iter 800/1860 loss=1.2489 mean_loss=1.4388 classification=0.3474, bbox_regression=0.2903, bbox_ctrness=0.6112
epoch 1/50 iter 820/1860 loss=1.1391 mean_loss=1.4347 classification=0.2341, bbox_regression=0.2722, bbox_ctrness=0.6328
epoch 1/50 iter 840/1860 loss=1.0768 mean_loss=1.4309 classification=0.2624, bbox_regression=0.2058, bbox_ctrness=0.6087
epoch 1/50 iter 860/1860 loss=1.2189 mean_loss=1.4268 classification=0.3045, bbox_regression=0.2874, bbox_ctrness=0.6269
epoch 1/50 iter 880/1860 loss=1.2351 mean_loss=1.4221 classification=0.3083, bbox_regression=0.2873, bbox_ctrness=0.6396
epoch 1/50 iter 900/1860 loss=1.1649 mean_loss=1.4180 classification=0.2659, bbox_regression=0.2863, bbox_ctrness=0.6127
epoch 1/50 iter 920/1860 loss=1.1117 mean_loss=1.4129 classification=0.2334, bbox_regression=0.2581, bbox_ctrness=0.6202
epoch 1/50 iter 940/1860 loss=1.5231 mean_loss=1.4085 classification=0.4414, bbox_regression=0.4326, bbox_ctrness=0.6491
epoch 1/50 iter 960/1860 loss=1.2897 mean_loss=1.4037 classification=0.3809, bbox_regression=0.2736, bbox_ctrness=0.6352
epoch 1/50 iter 980/1860 loss=1.0626 mean_loss=1.4004 classification=0.2186, bbox_regression=0.2118, bbox_ctrness=0.6322
epoch 1/50 iter 1000/1860 loss=1.1851 mean_loss=1.3962 classification=0.2833, bbox_regression=0.2745, bbox_ctrness=0.6272
epoch 1/50 iter 1020/1860 loss=1.2598 mean_loss=1.3916 classification=0.3571, bbox_regression=0.2732, bbox_ctrness=0.6294
epoch 1/50 iter 1040/1860 loss=1.2779 mean_loss=1.3878 classification=0.3583, bbox_regression=0.2925, bbox_ctrness=0.6272
epoch 1/50 iter 1060/1860 loss=1.0924 mean_loss=1.3834 classification=0.2455, bbox_regression=0.2438, bbox_ctrness=0.6030
epoch 1/50 iter 1080/1860 loss=1.1756 mean_loss=1.3809 classification=0.2777, bbox_regression=0.2780, bbox_ctrness=0.6198
epoch 1/50 iter 1100/1860 loss=1.1087 mean_loss=1.3779 classification=0.2277, bbox_regression=0.2563, bbox_ctrness=0.6247
epoch 1/50 iter 1120/1860 loss=1.2374 mean_loss=1.3753 classification=0.3204, bbox_regression=0.2921, bbox_ctrness=0.6249
epoch 1/50 iter 1140/1860 loss=1.4631 mean_loss=1.3712 classification=0.4333, bbox_regression=0.4019, bbox_ctrness=0.6279
epoch 1/50 iter 1160/1860 loss=1.2504 mean_loss=1.3679 classification=0.3484, bbox_regression=0.2926, bbox_ctrness=0.6095
epoch 1/50 iter 1180/1860 loss=1.2906 mean_loss=1.3654 classification=0.3448, bbox_regression=0.3131, bbox_ctrness=0.6326
epoch 1/50 iter 1200/1860 loss=1.0693 mean_loss=1.3614 classification=0.1960, bbox_regression=0.2534, bbox_ctrness=0.6199
epoch 1/50 iter 1220/1860 loss=1.0970 mean_loss=1.3582 classification=0.2448, bbox_regression=0.2482, bbox_ctrness=0.6040
epoch 1/50 iter 1240/1860 loss=1.2423 mean_loss=1.3553 classification=0.3023, bbox_regression=0.3131, bbox_ctrness=0.6269
epoch 1/50 iter 1260/1860 loss=1.2151 mean_loss=1.3524 classification=0.2523, bbox_regression=0.3263, bbox_ctrness=0.6364
epoch 1/50 iter 1280/1860 loss=1.0587 mean_loss=1.3485 classification=0.2425, bbox_regression=0.2065, bbox_ctrness=0.6096
epoch 1/50 iter 1300/1860 loss=1.0922 mean_loss=1.3457 classification=0.2610, bbox_regression=0.2304, bbox_ctrness=0.6009
epoch 1/50 iter 1320/1860 loss=1.1579 mean_loss=1.3434 classification=0.2744, bbox_regression=0.2550, bbox_ctrness=0.6285
epoch 1/50 iter 1340/1860 loss=1.0122 mean_loss=1.3411 classification=0.2143, bbox_regression=0.1739, bbox_ctrness=0.6240
epoch 1/50 iter 1360/1860 loss=1.1559 mean_loss=1.3382 classification=0.2287, bbox_regression=0.2839, bbox_ctrness=0.6433
epoch 1/50 iter 1380/1860 loss=1.0973 mean_loss=1.3355 classification=0.2372, bbox_regression=0.2401, bbox_ctrness=0.6201
epoch 1/50 iter 1400/1860 loss=0.9868 mean_loss=1.3324 classification=0.2150, bbox_regression=0.1681, bbox_ctrness=0.6038
epoch 1/50 iter 1420/1860 loss=1.3386 mean_loss=1.3301 classification=0.4349, bbox_regression=0.2906, bbox_ctrness=0.6131
epoch 1/50 iter 1440/1860 loss=0.9424 mean_loss=1.3281 classification=0.1647, bbox_regression=0.1597, bbox_ctrness=0.6180
epoch 1/50 iter 1460/1860 loss=1.3383 mean_loss=1.3256 classification=0.4409, bbox_regression=0.2748, bbox_ctrness=0.6226
epoch 1/50 iter 1480/1860 loss=1.1325 mean_loss=1.3231 classification=0.2710, bbox_regression=0.2528, bbox_ctrness=0.6087
epoch 1/50 iter 1500/1860 loss=1.0828 mean_loss=1.3209 classification=0.2272, bbox_regression=0.2361, bbox_ctrness=0.6195
epoch 1/50 iter 1520/1860 loss=1.2445 mean_loss=1.3188 classification=0.3617, bbox_regression=0.2680, bbox_ctrness=0.6149
epoch 1/50 iter 1540/1860 loss=1.5177 mean_loss=1.3169 classification=0.5408, bbox_regression=0.3507, bbox_ctrness=0.6261
epoch 1/50 iter 1560/1860 loss=1.0079 mean_loss=1.3147 classification=0.1649, bbox_regression=0.2253, bbox_ctrness=0.6176
epoch 1/50 iter 1580/1860 loss=1.0727 mean_loss=1.3128 classification=0.1900, bbox_regression=0.2491, bbox_ctrness=0.6336
epoch 1/50 iter 1600/1860 loss=0.9862 mean_loss=1.3101 classification=0.1738, bbox_regression=0.1978, bbox_ctrness=0.6145
epoch 1/50 iter 1620/1860 loss=1.2806 mean_loss=1.3075 classification=0.3061, bbox_regression=0.3474, bbox_ctrness=0.6272
epoch 1/50 iter 1640/1860 loss=1.0083 mean_loss=1.3054 classification=0.1810, bbox_regression=0.2085, bbox_ctrness=0.6188
epoch 1/50 iter 1660/1860 loss=1.0969 mean_loss=1.3040 classification=0.2325, bbox_regression=0.2322, bbox_ctrness=0.6322
epoch 1/50 iter 1680/1860 loss=1.2224 mean_loss=1.3014 classification=0.3037, bbox_regression=0.2842, bbox_ctrness=0.6345
epoch 1/50 iter 1700/1860 loss=1.1518 mean_loss=1.2997 classification=0.2690, bbox_regression=0.2583, bbox_ctrness=0.6245
epoch 1/50 iter 1720/1860 loss=1.2653 mean_loss=1.2977 classification=0.2945, bbox_regression=0.3233, bbox_ctrness=0.6475
epoch 1/50 iter 1740/1860 loss=1.0862 mean_loss=1.2960 classification=0.2880, bbox_regression=0.1794, bbox_ctrness=0.6188
epoch 1/50 iter 1760/1860 loss=1.1162 mean_loss=1.2939 classification=0.2374, bbox_regression=0.2698, bbox_ctrness=0.6090
epoch 1/50 iter 1780/1860 loss=1.0444 mean_loss=1.2925 classification=0.2138, bbox_regression=0.2146, bbox_ctrness=0.6161
epoch 1/50 iter 1800/1860 loss=1.2068 mean_loss=1.2902 classification=0.2929, bbox_regression=0.2835, bbox_ctrness=0.6304
epoch 1/50 iter 1820/1860 loss=0.9710 mean_loss=1.2878 classification=0.1555, bbox_regression=0.1899, bbox_ctrness=0.6256
epoch 1/50 iter 1840/1860 loss=1.4041 mean_loss=1.2858 classification=0.4124, bbox_regression=0.3463, bbox_ctrness=0.6454
epoch 1/50 iter 1860/1860 loss=1.0944 mean_loss=1.2839 classification=0.2718, bbox_regression=0.1993, bbox_ctrness=0.6232
epoch 1 validation Precision=0.0462 Recall=0.9838 AP50=0.8700 AP75=0.4958 eval_fps=10.86 epoch_time_sec=963.3
saved checkpoint: E:\RepViT-main\runs\v48_complete_ablation\training\early_moddrop_seed2\weights\last.pt
new best AP50=0.8700; saved checkpoint: E:\RepViT-main\runs\v48_complete_ablation\training\early_moddrop_seed2\weights\best.pt
epoch 2/50 iter 1/1860 loss=0.9827 mean_loss=0.9827 classification=0.1797, bbox_regression=0.1759, bbox_ctrness=0.6271
epoch 2/50 iter 20/1860 loss=1.0052 mean_loss=1.0590 classification=0.1939, bbox_regression=0.1922, bbox_ctrness=0.6191
epoch 2/50 iter 40/1860 loss=1.1117 mean_loss=1.0757 classification=0.2451, bbox_regression=0.2479, bbox_ctrness=0.6187
epoch 2/50 iter 60/1860 loss=0.9697 mean_loss=1.0974 classification=0.1692, bbox_regression=0.1870, bbox_ctrness=0.6135
epoch 2/50 iter 80/1860 loss=0.9414 mean_loss=1.0839 classification=0.1639, bbox_regression=0.1685, bbox_ctrness=0.6090
epoch 2/50 iter 100/1860 loss=1.1895 mean_loss=1.0787 classification=0.2625, bbox_regression=0.2780, bbox_ctrness=0.6490
epoch 2/50 iter 120/1860 loss=1.0191 mean_loss=1.0775 classification=0.1936, bbox_regression=0.2073, bbox_ctrness=0.6182
epoch 2/50 iter 140/1860 loss=1.2675 mean_loss=1.0819 classification=0.3190, bbox_regression=0.3146, bbox_ctrness=0.6339
epoch 2/50 iter 160/1860 loss=1.2216 mean_loss=1.0829 classification=0.3118, bbox_regression=0.2777, bbox_ctrness=0.6321
epoch 2/50 iter 180/1860 loss=1.0581 mean_loss=1.0801 classification=0.1960, bbox_regression=0.2392, bbox_ctrness=0.6228
epoch 2/50 iter 200/1860 loss=1.1207 mean_loss=1.0839 classification=0.2483, bbox_regression=0.2556, bbox_ctrness=0.6168
epoch 2/50 iter 220/1860 loss=1.1090 mean_loss=1.0800 classification=0.2470, bbox_regression=0.2381, bbox_ctrness=0.6238
epoch 2/50 iter 240/1860 loss=0.9966 mean_loss=1.0843 classification=0.1899, bbox_regression=0.1921, bbox_ctrness=0.6146
epoch 2/50 iter 260/1860 loss=1.0524 mean_loss=1.0828 classification=0.2116, bbox_regression=0.2162, bbox_ctrness=0.6246
epoch 2/50 iter 280/1860 loss=1.0134 mean_loss=1.0840 classification=0.1882, bbox_regression=0.1959, bbox_ctrness=0.6293
epoch 2/50 iter 300/1860 loss=0.9101 mean_loss=1.0811 classification=0.1431, bbox_regression=0.1495, bbox_ctrness=0.6175
epoch 2/50 iter 320/1860 loss=1.1961 mean_loss=1.0787 classification=0.3150, bbox_regression=0.2595, bbox_ctrness=0.6217
epoch 2/50 iter 340/1860 loss=1.1103 mean_loss=1.0797 classification=0.2368, bbox_regression=0.2476, bbox_ctrness=0.6259
epoch 2/50 iter 360/1860 loss=0.9877 mean_loss=1.0790 classification=0.1451, bbox_regression=0.2129, bbox_ctrness=0.6297
epoch 2/50 iter 380/1860 loss=0.9083 mean_loss=1.0780 classification=0.1357, bbox_regression=0.1591, bbox_ctrness=0.6134
epoch 2/50 iter 400/1860 loss=1.3355 mean_loss=1.0774 classification=0.3787, bbox_regression=0.3090, bbox_ctrness=0.6477
epoch 2/50 iter 420/1860 loss=0.9087 mean_loss=1.0754 classification=0.1685, bbox_regression=0.1516, bbox_ctrness=0.5886
epoch 2/50 iter 440/1860 loss=0.9291 mean_loss=1.0736 classification=0.1764, bbox_regression=0.1480, bbox_ctrness=0.6047
epoch 2/50 iter 460/1860 loss=0.9243 mean_loss=1.0744 classification=0.1755, bbox_regression=0.1572, bbox_ctrness=0.5915
epoch 2/50 iter 480/1860 loss=1.0032 mean_loss=1.0729 classification=0.1899, bbox_regression=0.1894, bbox_ctrness=0.6239
epoch 2/50 iter 500/1860 loss=1.0460 mean_loss=1.0720 classification=0.2078, bbox_regression=0.2182, bbox_ctrness=0.6201
epoch 2/50 iter 520/1860 loss=0.9470 mean_loss=1.0713 classification=0.1800, bbox_regression=0.1687, bbox_ctrness=0.5983
epoch 2/50 iter 540/1860 loss=1.0965 mean_loss=1.0699 classification=0.2821, bbox_regression=0.2153, bbox_ctrness=0.5991
epoch 2/50 iter 560/1860 loss=0.9269 mean_loss=1.0707 classification=0.1332, bbox_regression=0.1671, bbox_ctrness=0.6266
epoch 2/50 iter 580/1860 loss=0.9365 mean_loss=1.0695 classification=0.1689, bbox_regression=0.1556, bbox_ctrness=0.6121
epoch 2/50 iter 600/1860 loss=1.0087 mean_loss=1.0684 classification=0.2014, bbox_regression=0.1939, bbox_ctrness=0.6134
epoch 2/50 iter 620/1860 loss=1.3758 mean_loss=1.0680 classification=0.4020, bbox_regression=0.3327, bbox_ctrness=0.6411
epoch 2/50 iter 640/1860 loss=1.1994 mean_loss=1.0666 classification=0.3114, bbox_regression=0.2547, bbox_ctrness=0.6333
epoch 2/50 iter 660/1860 loss=1.0532 mean_loss=1.0653 classification=0.1971, bbox_regression=0.2196, bbox_ctrness=0.6365
epoch 2/50 iter 680/1860 loss=0.9295 mean_loss=1.0649 classification=0.1543, bbox_regression=0.1687, bbox_ctrness=0.6065
epoch 2/50 iter 700/1860 loss=1.2124 mean_loss=1.0651 classification=0.3477, bbox_regression=0.2400, bbox_ctrness=0.6247
epoch 2/50 iter 720/1860 loss=1.1461 mean_loss=1.0644 classification=0.2793, bbox_regression=0.2372, bbox_ctrness=0.6295
epoch 2/50 iter 740/1860 loss=0.8961 mean_loss=1.0633 classification=0.1280, bbox_regression=0.1614, bbox_ctrness=0.6067
epoch 2/50 iter 760/1860 loss=0.9842 mean_loss=1.0623 classification=0.1700, bbox_regression=0.2033, bbox_ctrness=0.6110
epoch 2/50 iter 780/1860 loss=0.9839 mean_loss=1.0609 classification=0.1652, bbox_regression=0.1958, bbox_ctrness=0.6229
epoch 2/50 iter 800/1860 loss=1.0968 mean_loss=1.0606 classification=0.2643, bbox_regression=0.2098, bbox_ctrness=0.6227
epoch 2/50 iter 820/1860 loss=0.9453 mean_loss=1.0605 classification=0.1461, bbox_regression=0.1728, bbox_ctrness=0.6264
epoch 2/50 iter 840/1860 loss=1.1719 mean_loss=1.0605 classification=0.2964, bbox_regression=0.2630, bbox_ctrness=0.6125
epoch 2/50 iter 860/1860 loss=1.2509 mean_loss=1.0593 classification=0.3524, bbox_regression=0.2825, bbox_ctrness=0.6160
epoch 2/50 iter 880/1860 loss=1.1696 mean_loss=1.0592 classification=0.2716, bbox_regression=0.2734, bbox_ctrness=0.6246
epoch 2/50 iter 900/1860 loss=0.9963 mean_loss=1.0591 classification=0.2183, bbox_regression=0.1761, bbox_ctrness=0.6019
epoch 2/50 iter 920/1860 loss=1.1281 mean_loss=1.0592 classification=0.2358, bbox_regression=0.2550, bbox_ctrness=0.6374
epoch 2/50 iter 940/1860 loss=1.0586 mean_loss=1.0597 classification=0.2098, bbox_regression=0.2249, bbox_ctrness=0.6239
epoch 2/50 iter 960/1860 loss=1.0096 mean_loss=1.0596 classification=0.2025, bbox_regression=0.1789, bbox_ctrness=0.6281
epoch 2/50 iter 980/1860 loss=0.9103 mean_loss=1.0592 classification=0.1183, bbox_regression=0.1620, bbox_ctrness=0.6300
epoch 2/50 iter 1000/1860 loss=1.0633 mean_loss=1.0589 classification=0.2360, bbox_regression=0.2052, bbox_ctrness=0.6221
epoch 2/50 iter 1020/1860 loss=1.0799 mean_loss=1.0599 classification=0.2480, bbox_regression=0.2295, bbox_ctrness=0.6024
epoch 2/50 iter 1040/1860 loss=1.0828 mean_loss=1.0586 classification=0.2628, bbox_regression=0.1989, bbox_ctrness=0.6212
epoch 2/50 iter 1060/1860 loss=1.0042 mean_loss=1.0587 classification=0.1978, bbox_regression=0.1871, bbox_ctrness=0.6194
epoch 2/50 iter 1080/1860 loss=0.9134 mean_loss=1.0573 classification=0.1556, bbox_regression=0.1543, bbox_ctrness=0.6035
epoch 2/50 iter 1100/1860 loss=1.1127 mean_loss=1.0569 classification=0.2652, bbox_regression=0.2268, bbox_ctrness=0.6207
epoch 2/50 iter 1120/1860 loss=1.1559 mean_loss=1.0565 classification=0.2702, bbox_regression=0.2487, bbox_ctrness=0.6370
epoch 2/50 iter 1140/1860 loss=1.0864 mean_loss=1.0561 classification=0.2199, bbox_regression=0.2248, bbox_ctrness=0.6417
epoch 2/50 iter 1160/1860 loss=1.0850 mean_loss=1.0551 classification=0.2659, bbox_regression=0.1968, bbox_ctrness=0.6222
epoch 2/50 iter 1180/1860 loss=1.1108 mean_loss=1.0552 classification=0.2425, bbox_regression=0.2383, bbox_ctrness=0.6300
epoch 2/50 iter 1200/1860 loss=1.0005 mean_loss=1.0551 classification=0.1951, bbox_regression=0.1954, bbox_ctrness=0.6099
epoch 2/50 iter 1220/1860 loss=0.8841 mean_loss=1.0544 classification=0.1125, bbox_regression=0.1555, bbox_ctrness=0.6161
epoch 2/50 iter 1240/1860 loss=1.1195 mean_loss=1.0548 classification=0.2653, bbox_regression=0.2241, bbox_ctrness=0.6300
epoch 2/50 iter 1260/1860 loss=0.8633 mean_loss=1.0541 classification=0.1326, bbox_regression=0.1398, bbox_ctrness=0.5909
epoch 2/50 iter 1280/1860 loss=1.0995 mean_loss=1.0538 classification=0.2424, bbox_regression=0.2157, bbox_ctrness=0.6414
epoch 2/50 iter 1300/1860 loss=0.9801 mean_loss=1.0530 classification=0.1700, bbox_regression=0.1934, bbox_ctrness=0.6166
epoch 2/50 iter 1320/1860 loss=0.9890 mean_loss=1.0518 classification=0.1721, bbox_regression=0.1954, bbox_ctrness=0.6215
epoch 2/50 iter 1340/1860 loss=0.9703 mean_loss=1.0512 classification=0.2087, bbox_regression=0.1676, bbox_ctrness=0.5940
epoch 2/50 iter 1360/1860 loss=1.2095 mean_loss=1.0501 classification=0.3715, bbox_regression=0.2116, bbox_ctrness=0.6264
epoch 2/50 iter 1380/1860 loss=0.8736 mean_loss=1.0496 classification=0.1422, bbox_regression=0.1264, bbox_ctrness=0.6050
epoch 2/50 iter 1400/1860 loss=0.9468 mean_loss=1.0489 classification=0.1427, bbox_regression=0.1692, bbox_ctrness=0.6349
epoch 2/50 iter 1420/1860 loss=1.1164 mean_loss=1.0492 classification=0.2835, bbox_regression=0.2125, bbox_ctrness=0.6204
epoch 2/50 iter 1440/1860 loss=1.1688 mean_loss=1.0489 classification=0.3235, bbox_regression=0.2328, bbox_ctrness=0.6125
epoch 2/50 iter 1460/1860 loss=0.9169 mean_loss=1.0476 classification=0.1830, bbox_regression=0.1451, bbox_ctrness=0.5889
epoch 2/50 iter 1480/1860 loss=0.9070 mean_loss=1.0468 classification=0.1639, bbox_regression=0.1371, bbox_ctrness=0.6060
epoch 2/50 iter 1500/1860 loss=0.8289 mean_loss=1.0465 classification=0.1027, bbox_regression=0.1284, bbox_ctrness=0.5978
epoch 2/50 iter 1520/1860 loss=0.8554 mean_loss=1.0459 classification=0.1121, bbox_regression=0.1326, bbox_ctrness=0.6106
epoch 2/50 iter 1540/1860 loss=0.8813 mean_loss=1.0453 classification=0.1265, bbox_regression=0.1445, bbox_ctrness=0.6103
epoch 2/50 iter 1560/1860 loss=0.9794 mean_loss=1.0453 classification=0.1848, bbox_regression=0.1945, bbox_ctrness=0.6001
epoch 2/50 iter 1580/1860 loss=0.9718 mean_loss=1.0448 classification=0.1786, bbox_regression=0.1822, bbox_ctrness=0.6110
epoch 2/50 iter 1600/1860 loss=0.9762 mean_loss=1.0441 classification=0.2390, bbox_regression=0.1392, bbox_ctrness=0.5980
epoch 2/50 iter 1620/1860 loss=0.9864 mean_loss=1.0444 classification=0.1910, bbox_regression=0.1823, bbox_ctrness=0.6131
epoch 2/50 iter 1640/1860 loss=1.1376 mean_loss=1.0440 classification=0.2859, bbox_regression=0.2300, bbox_ctrness=0.6217
epoch 2/50 iter 1660/1860 loss=0.9618 mean_loss=1.0432 classification=0.1617, bbox_regression=0.1866, bbox_ctrness=0.6135
epoch 2/50 iter 1680/1860 loss=1.3611 mean_loss=1.0424 classification=0.4081, bbox_regression=0.3135, bbox_ctrness=0.6395
epoch 2/50 iter 1700/1860 loss=0.9360 mean_loss=1.0427 classification=0.1669, bbox_regression=0.1662, bbox_ctrness=0.6029
epoch 2/50 iter 1720/1860 loss=0.9204 mean_loss=1.0425 classification=0.1457, bbox_regression=0.1548, bbox_ctrness=0.6198
epoch 2/50 iter 1740/1860 loss=0.8880 mean_loss=1.0416 classification=0.1384, bbox_regression=0.1365, bbox_ctrness=0.6132
epoch 2/50 iter 1760/1860 loss=1.0970 mean_loss=1.0408 classification=0.2364, bbox_regression=0.2401, bbox_ctrness=0.6205
epoch 2/50 iter 1780/1860 loss=1.0258 mean_loss=1.0399 classification=0.2180, bbox_regression=0.1980, bbox_ctrness=0.6098
epoch 2/50 iter 1800/1860 loss=1.3720 mean_loss=1.0404 classification=0.4795, bbox_regression=0.2553, bbox_ctrness=0.6373
epoch 2/50 iter 1820/1860 loss=1.2668 mean_loss=1.0398 classification=0.3238, bbox_regression=0.3011, bbox_ctrness=0.6419
epoch 2/50 iter 1840/1860 loss=1.1290 mean_loss=1.0396 classification=0.2612, bbox_regression=0.2407, bbox_ctrness=0.6271
epoch 2/50 iter 1860/1860 loss=0.9780 mean_loss=1.0391 classification=0.2177, bbox_regression=0.1653, bbox_ctrness=0.5950
epoch 2 validation Precision=0.0911 Recall=0.9806 AP50=0.9164 AP75=0.7124 eval_fps=14.17 epoch_time_sec=907.4
saved checkpoint: E:\RepViT-main\runs\v48_complete_ablation\training\early_moddrop_seed2\weights\last.pt
new best AP50=0.9164; saved checkpoint: E:\RepViT-main\runs\v48_complete_ablation\training\early_moddrop_seed2\weights\best.pt
epoch 3/50 iter 1/1860 loss=1.1545 mean_loss=1.1545 classification=0.3095, bbox_regression=0.2410, bbox_ctrness=0.6041
epoch 3/50 iter 20/1860 loss=1.0210 mean_loss=1.0089 classification=0.2073, bbox_regression=0.2179, bbox_ctrness=0.5958
epoch 3/50 iter 40/1860 loss=0.7978 mean_loss=0.9769 classification=0.0855, bbox_regression=0.1045, bbox_ctrness=0.6079
epoch 3/50 iter 60/1860 loss=1.0053 mean_loss=0.9735 classification=0.1890, bbox_regression=0.2044, bbox_ctrness=0.6119
epoch 3/50 iter 80/1860 loss=1.0200 mean_loss=0.9756 classification=0.2014, bbox_regression=0.2011, bbox_ctrness=0.6174
epoch 3/50 iter 100/1860 loss=0.9638 mean_loss=0.9670 classification=0.2034, bbox_regression=0.1569, bbox_ctrness=0.6036
epoch 3/50 iter 120/1860 loss=1.0663 mean_loss=0.9668 classification=0.2193, bbox_regression=0.2290, bbox_ctrness=0.6180
epoch 3/50 iter 140/1860 loss=0.9375 mean_loss=0.9703 classification=0.1287, bbox_regression=0.1911, bbox_ctrness=0.6177
epoch 3/50 iter 160/1860 loss=0.9025 mean_loss=0.9733 classification=0.1341, bbox_regression=0.1502, bbox_ctrness=0.6182
epoch 3/50 iter 180/1860 loss=0.8358 mean_loss=0.9747 classification=0.0843, bbox_regression=0.1337, bbox_ctrness=0.6178
epoch 3/50 iter 200/1860 loss=0.9099 mean_loss=0.9734 classification=0.1371, bbox_regression=0.1504, bbox_ctrness=0.6224
epoch 3/50 iter 220/1860 loss=0.8200 mean_loss=0.9728 classification=0.1185, bbox_regression=0.0943, bbox_ctrness=0.6071
epoch 3/50 iter 240/1860 loss=1.0312 mean_loss=0.9731 classification=0.2008, bbox_regression=0.1869, bbox_ctrness=0.6435
epoch 3/50 iter 260/1860 loss=0.8740 mean_loss=0.9744 classification=0.1129, bbox_regression=0.1499, bbox_ctrness=0.6111
epoch 3/50 iter 280/1860 loss=0.9310 mean_loss=0.9697 classification=0.1601, bbox_regression=0.1523, bbox_ctrness=0.6186
epoch 3/50 iter 300/1860 loss=0.9906 mean_loss=0.9700 classification=0.1887, bbox_regression=0.1961, bbox_ctrness=0.6057
epoch 3/50 iter 320/1860 loss=0.9709 mean_loss=0.9713 classification=0.1991, bbox_regression=0.1663, bbox_ctrness=0.6055
epoch 3/50 iter 340/1860 loss=0.9324 mean_loss=0.9710 classification=0.1911, bbox_regression=0.1326, bbox_ctrness=0.6087
epoch 3/50 iter 360/1860 loss=0.9822 mean_loss=0.9713 classification=0.2080, bbox_regression=0.1692, bbox_ctrness=0.6050
epoch 3/50 iter 380/1860 loss=0.8303 mean_loss=0.9686 classification=0.1013, bbox_regression=0.1202, bbox_ctrness=0.6088
epoch 3/50 iter 400/1860 loss=1.2691 mean_loss=0.9716 classification=0.4302, bbox_regression=0.2157, bbox_ctrness=0.6231
epoch 3/50 iter 420/1860 loss=0.9734 mean_loss=0.9732 classification=0.2012, bbox_regression=0.1610, bbox_ctrness=0.6112
epoch 3/50 iter 440/1860 loss=0.9809 mean_loss=0.9740 classification=0.1981, bbox_regression=0.1639, bbox_ctrness=0.6190
epoch 3/50 iter 460/1860 loss=1.3146 mean_loss=0.9739 classification=0.4214, bbox_regression=0.2739, bbox_ctrness=0.6193
epoch 3/50 iter 480/1860 loss=0.9466 mean_loss=0.9729 classification=0.1816, bbox_regression=0.1503, bbox_ctrness=0.6147
epoch 3/50 iter 500/1860 loss=0.8937 mean_loss=0.9729 classification=0.1298, bbox_regression=0.1570, bbox_ctrness=0.6069
epoch 3/50 iter 520/1860 loss=1.0151 mean_loss=0.9735 classification=0.1715, bbox_regression=0.1936, bbox_ctrness=0.6500
epoch 3/50 iter 540/1860 loss=0.9501 mean_loss=0.9744 classification=0.1040, bbox_regression=0.2048, bbox_ctrness=0.6413
epoch 3/50 iter 560/1860 loss=0.9643 mean_loss=0.9747 classification=0.1836, bbox_regression=0.1600, bbox_ctrness=0.6207
epoch 3/50 iter 580/1860 loss=1.0966 mean_loss=0.9743 classification=0.2684, bbox_regression=0.2055, bbox_ctrness=0.6226
epoch 3/50 iter 600/1860 loss=0.9032 mean_loss=0.9743 classification=0.1247, bbox_regression=0.1590, bbox_ctrness=0.6194
epoch 3/50 iter 620/1860 loss=1.0066 mean_loss=0.9743 classification=0.2064, bbox_regression=0.1934, bbox_ctrness=0.6068
epoch 3/50 iter 640/1860 loss=1.4067 mean_loss=0.9772 classification=0.4453, bbox_regression=0.3264, bbox_ctrness=0.6349
epoch 3/50 iter 660/1860 loss=0.9128 mean_loss=0.9778 classification=0.1388, bbox_regression=0.1636, bbox_ctrness=0.6105
epoch 3/50 iter 680/1860 loss=0.8870 mean_loss=0.9773 classification=0.1469, bbox_regression=0.1307, bbox_ctrness=0.6094
epoch 3/50 iter 700/1860 loss=0.7694 mean_loss=0.9756 classification=0.0713, bbox_regression=0.1075, bbox_ctrness=0.5906
epoch 3/50 iter 720/1860 loss=0.9072 mean_loss=0.9748 classification=0.1610, bbox_regression=0.1414, bbox_ctrness=0.6048
epoch 3/50 iter 740/1860 loss=1.1628 mean_loss=0.9747 classification=0.2944, bbox_regression=0.2616, bbox_ctrness=0.6068
epoch 3/50 iter 760/1860 loss=0.9258 mean_loss=0.9733 classification=0.1556, bbox_regression=0.1539, bbox_ctrness=0.6162
epoch 3/50 iter 780/1860 loss=0.8085 mean_loss=0.9747 classification=0.0968, bbox_regression=0.1092, bbox_ctrness=0.6026
epoch 3/50 iter 800/1860 loss=1.1251 mean_loss=0.9746 classification=0.2773, bbox_regression=0.2304, bbox_ctrness=0.6174
epoch 3/50 iter 820/1860 loss=0.8732 mean_loss=0.9733 classification=0.1280, bbox_regression=0.1299, bbox_ctrness=0.6153
epoch 3/50 iter 840/1860 loss=1.2282 mean_loss=0.9742 classification=0.3784, bbox_regression=0.2368, bbox_ctrness=0.6129
epoch 3/50 iter 860/1860 loss=0.9324 mean_loss=0.9734 classification=0.1543, bbox_regression=0.1658, bbox_ctrness=0.6123
epoch 3/50 iter 880/1860 loss=0.8089 mean_loss=0.9721 classification=0.0830, bbox_regression=0.1117, bbox_ctrness=0.6142
epoch 3/50 iter 900/1860 loss=0.8074 mean_loss=0.9708 classification=0.0850, bbox_regression=0.0936, bbox_ctrness=0.6288
epoch 3/50 iter 920/1860 loss=1.0430 mean_loss=0.9719 classification=0.2683, bbox_regression=0.1551, bbox_ctrness=0.6196
epoch 3/50 iter 940/1860 loss=0.8181 mean_loss=0.9731 classification=0.1021, bbox_regression=0.1155, bbox_ctrness=0.6005
epoch 3/50 iter 960/1860 loss=1.1708 mean_loss=0.9735 classification=0.2907, bbox_regression=0.2702, bbox_ctrness=0.6099
epoch 3/50 iter 980/1860 loss=1.0070 mean_loss=0.9728 classification=0.2718, bbox_regression=0.1406, bbox_ctrness=0.5946
epoch 3/50 iter 1000/1860 loss=1.0165 mean_loss=0.9729 classification=0.2189, bbox_regression=0.1858, bbox_ctrness=0.6118
epoch 3/50 iter 1020/1860 loss=0.9443 mean_loss=0.9738 classification=0.1768, bbox_regression=0.1436, bbox_ctrness=0.6239
epoch 3/50 iter 1040/1860 loss=0.8054 mean_loss=0.9742 classification=0.1033, bbox_regression=0.1091, bbox_ctrness=0.5930
epoch 3/50 iter 1060/1860 loss=0.8168 mean_loss=0.9734 classification=0.0916, bbox_regression=0.1142, bbox_ctrness=0.6110
epoch 3/50 iter 1080/1860 loss=0.9952 mean_loss=0.9738 classification=0.2004, bbox_regression=0.1969, bbox_ctrness=0.5979
epoch 3/50 iter 1100/1860 loss=0.9352 mean_loss=0.9734 classification=0.1577, bbox_regression=0.1656, bbox_ctrness=0.6119
epoch 3/50 iter 1120/1860 loss=0.8727 mean_loss=0.9735 classification=0.1176, bbox_regression=0.1597, bbox_ctrness=0.5954
epoch 3/50 iter 1140/1860 loss=1.2100 mean_loss=0.9734 classification=0.3322, bbox_regression=0.2741, bbox_ctrness=0.6037
epoch 3/50 iter 1160/1860 loss=0.8937 mean_loss=0.9728 classification=0.1343, bbox_regression=0.1332, bbox_ctrness=0.6262
epoch 3/50 iter 1180/1860 loss=0.9013 mean_loss=0.9726 classification=0.1561, bbox_regression=0.1372, bbox_ctrness=0.6081
epoch 3/50 iter 1200/1860 loss=1.4927 mean_loss=0.9724 classification=0.5028, bbox_regression=0.3294, bbox_ctrness=0.6605
epoch 3/50 iter 1220/1860 loss=0.7820 mean_loss=0.9723 classification=0.0833, bbox_regression=0.0959, bbox_ctrness=0.6028
epoch 3/50 iter 1240/1860 loss=0.9294 mean_loss=0.9722 classification=0.1363, bbox_regression=0.1843, bbox_ctrness=0.6088
epoch 3/50 iter 1260/1860 loss=1.0408 mean_loss=0.9717 classification=0.2086, bbox_regression=0.2177, bbox_ctrness=0.6144
epoch 3/50 iter 1280/1860 loss=0.8467 mean_loss=0.9710 classification=0.1124, bbox_regression=0.1187, bbox_ctrness=0.6155
epoch 3/50 iter 1300/1860 loss=1.1070 mean_loss=0.9713 classification=0.2164, bbox_regression=0.2481, bbox_ctrness=0.6425
epoch 3/50 iter 1320/1860 loss=1.2368 mean_loss=0.9719 classification=0.3147, bbox_regression=0.2843, bbox_ctrness=0.6378
epoch 3/50 iter 1340/1860 loss=0.8177 mean_loss=0.9712 classification=0.0878, bbox_regression=0.1122, bbox_ctrness=0.6178
epoch 3/50 iter 1360/1860 loss=0.9311 mean_loss=0.9713 classification=0.1525, bbox_regression=0.1662, bbox_ctrness=0.6124
epoch 3/50 iter 1380/1860 loss=0.8844 mean_loss=0.9713 classification=0.1233, bbox_regression=0.1437, bbox_ctrness=0.6174
epoch 3/50 iter 1400/1860 loss=0.9263 mean_loss=0.9710 classification=0.1796, bbox_regression=0.1541, bbox_ctrness=0.5926
epoch 3/50 iter 1420/1860 loss=0.9860 mean_loss=0.9714 classification=0.2362, bbox_regression=0.1534, bbox_ctrness=0.5964
epoch 3/50 iter 1440/1860 loss=0.8319 mean_loss=0.9715 classification=0.1328, bbox_regression=0.1009, bbox_ctrness=0.5982
epoch 3/50 iter 1460/1860 loss=1.4062 mean_loss=0.9720 classification=0.4225, bbox_regression=0.3464, bbox_ctrness=0.6373
epoch 3/50 iter 1480/1860 loss=1.2887 mean_loss=0.9721 classification=0.3458, bbox_regression=0.3058, bbox_ctrness=0.6371
epoch 3/50 iter 1500/1860 loss=1.4559 mean_loss=0.9722 classification=0.5183, bbox_regression=0.3034, bbox_ctrness=0.6342
epoch 3/50 iter 1520/1860 loss=0.9247 mean_loss=0.9723 classification=0.1684, bbox_regression=0.1418, bbox_ctrness=0.6145
epoch 3/50 iter 1540/1860 loss=0.9568 mean_loss=0.9724 classification=0.2084, bbox_regression=0.1445, bbox_ctrness=0.6040
epoch 3/50 iter 1560/1860 loss=1.3854 mean_loss=0.9732 classification=0.4249, bbox_regression=0.3296, bbox_ctrness=0.6309
epoch 3/50 iter 1580/1860 loss=0.9119 mean_loss=0.9730 classification=0.1302, bbox_regression=0.1626, bbox_ctrness=0.6192
epoch 3/50 iter 1600/1860 loss=1.0647 mean_loss=0.9733 classification=0.2607, bbox_regression=0.2059, bbox_ctrness=0.5981
epoch 3/50 iter 1620/1860 loss=0.8894 mean_loss=0.9732 classification=0.1208, bbox_regression=0.1484, bbox_ctrness=0.6202
epoch 3/50 iter 1640/1860 loss=0.8286 mean_loss=0.9731 classification=0.0955, bbox_regression=0.1167, bbox_ctrness=0.6164
epoch 3/50 iter 1660/1860 loss=1.1648 mean_loss=0.9734 classification=0.2455, bbox_regression=0.2802, bbox_ctrness=0.6392
epoch 3/50 iter 1680/1860 loss=0.9139 mean_loss=0.9737 classification=0.1594, bbox_regression=0.1362, bbox_ctrness=0.6183
epoch 3/50 iter 1700/1860 loss=0.9631 mean_loss=0.9738 classification=0.1893, bbox_regression=0.1640, bbox_ctrness=0.6098
epoch 3/50 iter 1720/1860 loss=0.7577 mean_loss=0.9737 classification=0.0669, bbox_regression=0.0868, bbox_ctrness=0.6041
epoch 3/50 iter 1740/1860 loss=0.9928 mean_loss=0.9728 classification=0.1805, bbox_regression=0.1852, bbox_ctrness=0.6271
epoch 3/50 iter 1760/1860 loss=1.0686 mean_loss=0.9728 classification=0.2668, bbox_regression=0.1940, bbox_ctrness=0.6078
epoch 3/50 iter 1780/1860 loss=0.7807 mean_loss=0.9722 classification=0.0875, bbox_regression=0.1002, bbox_ctrness=0.5930
epoch 3/50 iter 1800/1860 loss=1.1150 mean_loss=0.9719 classification=0.2677, bbox_regression=0.2276, bbox_ctrness=0.6197
epoch 3/50 iter 1820/1860 loss=0.8290 mean_loss=0.9718 classification=0.1084, bbox_regression=0.1288, bbox_ctrness=0.5918
epoch 3/50 iter 1840/1860 loss=1.2224 mean_loss=0.9713 classification=0.3257, bbox_regression=0.2521, bbox_ctrness=0.6446
epoch 3/50 iter 1860/1860 loss=0.7911 mean_loss=0.9707 classification=0.0736, bbox_regression=0.1130, bbox_ctrness=0.6046
epoch 3 validation Precision=0.1689 Recall=0.9695 AP50=0.9152 AP75=0.7303 eval_fps=18.76 epoch_time_sec=874.9
saved checkpoint: E:\RepViT-main\runs\v48_complete_ablation\training\early_moddrop_seed2\weights\last.pt
epoch 4/50 iter 1/1860 loss=0.8277 mean_loss=0.8277 classification=0.0763, bbox_regression=0.1335, bbox_ctrness=0.6179
epoch 4/50 iter 20/1860 loss=1.1541 mean_loss=0.9187 classification=0.2922, bbox_regression=0.2461, bbox_ctrness=0.6159
epoch 4/50 iter 40/1860 loss=0.8220 mean_loss=0.9380 classification=0.0841, bbox_regression=0.1247, bbox_ctrness=0.6133
epoch 4/50 iter 60/1860 loss=0.7985 mean_loss=0.9282 classification=0.0792, bbox_regression=0.1011, bbox_ctrness=0.6181
epoch 4/50 iter 80/1860 loss=0.9275 mean_loss=0.9211 classification=0.1397, bbox_regression=0.1518, bbox_ctrness=0.6361
epoch 4/50 iter 100/1860 loss=0.9164 mean_loss=0.9168 classification=0.1211, bbox_regression=0.1664, bbox_ctrness=0.6288
epoch 4/50 iter 120/1860 loss=0.7796 mean_loss=0.9099 classification=0.0712, bbox_regression=0.0980, bbox_ctrness=0.6104
epoch 4/50 iter 140/1860 loss=0.8957 mean_loss=0.9129 classification=0.1624, bbox_regression=0.1394, bbox_ctrness=0.5939
epoch 4/50 iter 160/1860 loss=0.9003 mean_loss=0.9225 classification=0.1305, bbox_regression=0.1536, bbox_ctrness=0.6162
epoch 4/50 iter 180/1860 loss=1.1162 mean_loss=0.9242 classification=0.2991, bbox_regression=0.2080, bbox_ctrness=0.6090
epoch 4/50 iter 200/1860 loss=0.9338 mean_loss=0.9275 classification=0.1903, bbox_regression=0.1364, bbox_ctrness=0.6071
epoch 4/50 iter 220/1860 loss=0.8062 mean_loss=0.9269 classification=0.0901, bbox_regression=0.1228, bbox_ctrness=0.5933
epoch 4/50 iter 240/1860 loss=0.9421 mean_loss=0.9243 classification=0.1914, bbox_regression=0.1505, bbox_ctrness=0.6003
epoch 4/50 iter 260/1860 loss=0.8662 mean_loss=0.9292 classification=0.1389, bbox_regression=0.1269, bbox_ctrness=0.6004
epoch 4/50 iter 280/1860 loss=0.8519 mean_loss=0.9280 classification=0.1172, bbox_regression=0.1340, bbox_ctrness=0.6007
epoch 4/50 iter 300/1860 loss=0.8617 mean_loss=0.9295 classification=0.1147, bbox_regression=0.1271, bbox_ctrness=0.6200
epoch 4/50 iter 320/1860 loss=1.0980 mean_loss=0.9284 classification=0.2271, bbox_regression=0.2304, bbox_ctrness=0.6405
epoch 4/50 iter 340/1860 loss=0.8437 mean_loss=0.9281 classification=0.1212, bbox_regression=0.1090, bbox_ctrness=0.6135
epoch 4/50 iter 360/1860 loss=0.8896 mean_loss=0.9277 classification=0.1368, bbox_regression=0.1385, bbox_ctrness=0.6143
epoch 4/50 iter 380/1860 loss=0.8990 mean_loss=0.9266 classification=0.1253, bbox_regression=0.1521, bbox_ctrness=0.6216
epoch 4/50 iter 400/1860 loss=1.0477 mean_loss=0.9292 classification=0.1821, bbox_regression=0.2361, bbox_ctrness=0.6294
epoch 4/50 iter 420/1860 loss=0.8579 mean_loss=0.9316 classification=0.1141, bbox_regression=0.1378, bbox_ctrness=0.6059
epoch 4/50 iter 440/1860 loss=0.8545 mean_loss=0.9330 classification=0.1158, bbox_regression=0.1178, bbox_ctrness=0.6209
epoch 4/50 iter 460/1860 loss=0.8270 mean_loss=0.9314 classification=0.1073, bbox_regression=0.1111, bbox_ctrness=0.6086
epoch 4/50 iter 480/1860 loss=1.0783 mean_loss=0.9307 classification=0.2538, bbox_regression=0.2182, bbox_ctrness=0.6063
epoch 4/50 iter 500/1860 loss=1.1735 mean_loss=0.9310 classification=0.3094, bbox_regression=0.2385, bbox_ctrness=0.6257
epoch 4/50 iter 520/1860 loss=1.1389 mean_loss=0.9323 classification=0.2436, bbox_regression=0.2532, bbox_ctrness=0.6421
epoch 4/50 iter 540/1860 loss=0.8005 mean_loss=0.9300 classification=0.0863, bbox_regression=0.1112, bbox_ctrness=0.6030
epoch 4/50 iter 560/1860 loss=0.9918 mean_loss=0.9302 classification=0.1833, bbox_regression=0.1949, bbox_ctrness=0.6137
epoch 4/50 iter 580/1860 loss=0.8389 mean_loss=0.9318 classification=0.1174, bbox_regression=0.1144, bbox_ctrness=0.6070
epoch 4/50 iter 600/1860 loss=1.0454 mean_loss=0.9325 classification=0.2214, bbox_regression=0.1808, bbox_ctrness=0.6432
epoch 4/50 iter 620/1860 loss=0.8993 mean_loss=0.9318 classification=0.1333, bbox_regression=0.1510, bbox_ctrness=0.6150
epoch 4/50 iter 640/1860 loss=1.0680 mean_loss=0.9304 classification=0.2183, bbox_regression=0.2180, bbox_ctrness=0.6316
epoch 4/50 iter 660/1860 loss=0.8892 mean_loss=0.9295 classification=0.1562, bbox_regression=0.1290, bbox_ctrness=0.6039
epoch 4/50 iter 680/1860 loss=0.8840 mean_loss=0.9292 classification=0.1464, bbox_regression=0.1319, bbox_ctrness=0.6057
epoch 4/50 iter 700/1860 loss=0.8581 mean_loss=0.9291 classification=0.1070, bbox_regression=0.1398, bbox_ctrness=0.6113
epoch 4/50 iter 720/1860 loss=0.8855 mean_loss=0.9298 classification=0.1382, bbox_regression=0.1396, bbox_ctrness=0.6078
epoch 4/50 iter 740/1860 loss=0.9210 mean_loss=0.9302 classification=0.1562, bbox_regression=0.1658, bbox_ctrness=0.5990
epoch 4/50 iter 760/1860 loss=0.9066 mean_loss=0.9306 classification=0.1421, bbox_regression=0.1431, bbox_ctrness=0.6213
epoch 4/50 iter 780/1860 loss=0.9248 mean_loss=0.9318 classification=0.1734, bbox_regression=0.1463, bbox_ctrness=0.6051
epoch 4/50 iter 800/1860 loss=0.9052 mean_loss=0.9314 classification=0.1396, bbox_regression=0.1553, bbox_ctrness=0.6103
epoch 4/50 iter 820/1860 loss=0.8609 mean_loss=0.9323 classification=0.0911, bbox_regression=0.1574, bbox_ctrness=0.6125
epoch 4/50 iter 840/1860 loss=0.7752 mean_loss=0.9323 classification=0.0731, bbox_regression=0.0969, bbox_ctrness=0.6052
epoch 4/50 iter 860/1860 loss=0.9177 mean_loss=0.9338 classification=0.1371, bbox_regression=0.1687, bbox_ctrness=0.6119
epoch 4/50 iter 880/1860 loss=0.8779 mean_loss=0.9343 classification=0.0944, bbox_regression=0.1517, bbox_ctrness=0.6319
epoch 4/50 iter 900/1860 loss=1.0943 mean_loss=0.9347 classification=0.2572, bbox_regression=0.2273, bbox_ctrness=0.6097
epoch 4/50 iter 920/1860 loss=0.9081 mean_loss=0.9341 classification=0.1382, bbox_regression=0.1655, bbox_ctrness=0.6044
epoch 4/50 iter 940/1860 loss=0.9506 mean_loss=0.9337 classification=0.1803, bbox_regression=0.1683, bbox_ctrness=0.6020
epoch 4/50 iter 960/1860 loss=0.9632 mean_loss=0.9334 classification=0.2015, bbox_regression=0.1506, bbox_ctrness=0.6111
epoch 4/50 iter 980/1860 loss=0.9099 mean_loss=0.9327 classification=0.1530, bbox_regression=0.1594, bbox_ctrness=0.5975
epoch 4/50 iter 1000/1860 loss=0.9458 mean_loss=0.9320 classification=0.1406, bbox_regression=0.1686, bbox_ctrness=0.6366
epoch 4/50 iter 1020/1860 loss=0.8856 mean_loss=0.9316 classification=0.1225, bbox_regression=0.1302, bbox_ctrness=0.6330
epoch 4/50 iter 1040/1860 loss=0.8576 mean_loss=0.9309 classification=0.1270, bbox_regression=0.1195, bbox_ctrness=0.6111
epoch 4/50 iter 1060/1860 loss=0.8732 mean_loss=0.9313 classification=0.1576, bbox_regression=0.1208, bbox_ctrness=0.5948
epoch 4/50 iter 1080/1860 loss=0.7906 mean_loss=0.9307 classification=0.0890, bbox_regression=0.0976, bbox_ctrness=0.6040
epoch 4/50 iter 1100/1860 loss=0.8135 mean_loss=0.9297 classification=0.0965, bbox_regression=0.1111, bbox_ctrness=0.6059
epoch 4/50 iter 1120/1860 loss=0.9390 mean_loss=0.9287 classification=0.1598, bbox_regression=0.1635, bbox_ctrness=0.6158
epoch 4/50 iter 1140/1860 loss=1.0587 mean_loss=0.9289 classification=0.2227, bbox_regression=0.2075, bbox_ctrness=0.6285
epoch 4/50 iter 1160/1860 loss=1.2518 mean_loss=0.9292 classification=0.3665, bbox_regression=0.2659, bbox_ctrness=0.6194
epoch 4/50 iter 1180/1860 loss=0.8479 mean_loss=0.9290 classification=0.0997, bbox_regression=0.1294, bbox_ctrness=0.6188
epoch 4/50 iter 1200/1860 loss=0.8850 mean_loss=0.9281 classification=0.1346, bbox_regression=0.1363, bbox_ctrness=0.6141
epoch 4/50 iter 1220/1860 loss=0.8566 mean_loss=0.9278 classification=0.1033, bbox_regression=0.1437, bbox_ctrness=0.6095
epoch 4/50 iter 1240/1860 loss=0.8472 mean_loss=0.9279 classification=0.1116, bbox_regression=0.1247, bbox_ctrness=0.6109
epoch 4/50 iter 1260/1860 loss=1.1543 mean_loss=0.9275 classification=0.2904, bbox_regression=0.2372, bbox_ctrness=0.6267
epoch 4/50 iter 1280/1860 loss=0.8242 mean_loss=0.9267 classification=0.0967, bbox_regression=0.1076, bbox_ctrness=0.6199
epoch 4/50 iter 1300/1860 loss=0.8604 mean_loss=0.9267 classification=0.1507, bbox_regression=0.1096, bbox_ctrness=0.6001
epoch 4/50 iter 1320/1860 loss=0.8896 mean_loss=0.9254 classification=0.1547, bbox_regression=0.1379, bbox_ctrness=0.5970
epoch 4/50 iter 1340/1860 loss=0.8780 mean_loss=0.9260 classification=0.1331, bbox_regression=0.1388, bbox_ctrness=0.6061
epoch 4/50 iter 1360/1860 loss=0.8502 mean_loss=0.9254 classification=0.1188, bbox_regression=0.1265, bbox_ctrness=0.6049
epoch 4/50 iter 1380/1860 loss=0.8412 mean_loss=0.9257 classification=0.1183, bbox_regression=0.1308, bbox_ctrness=0.5922
epoch 4/50 iter 1400/1860 loss=0.9041 mean_loss=0.9259 classification=0.1415, bbox_regression=0.1425, bbox_ctrness=0.6201
epoch 4/50 iter 1420/1860 loss=1.0063 mean_loss=0.9263 classification=0.2052, bbox_regression=0.1911, bbox_ctrness=0.6099
epoch 4/50 iter 1440/1860 loss=0.9311 mean_loss=0.9258 classification=0.1770, bbox_regression=0.1515, bbox_ctrness=0.6026
epoch 4/50 iter 1460/1860 loss=0.9379 mean_loss=0.9265 classification=0.1580, bbox_regression=0.1567, bbox_ctrness=0.6231
epoch 4/50 iter 1480/1860 loss=0.8478 mean_loss=0.9269 classification=0.1434, bbox_regression=0.1046, bbox_ctrness=0.5998
epoch 4/50 iter 1500/1860 loss=0.8439 mean_loss=0.9263 classification=0.0906, bbox_regression=0.1347, bbox_ctrness=0.6185
epoch 4/50 iter 1520/1860 loss=0.8443 mean_loss=0.9257 classification=0.1218, bbox_regression=0.1146, bbox_ctrness=0.6079
epoch 4/50 iter 1540/1860 loss=0.9209 mean_loss=0.9252 classification=0.1626, bbox_regression=0.1616, bbox_ctrness=0.5966
epoch 4/50 iter 1560/1860 loss=0.9010 mean_loss=0.9254 classification=0.1179, bbox_regression=0.1580, bbox_ctrness=0.6252
epoch 4/50 iter 1580/1860 loss=0.9837 mean_loss=0.9250 classification=0.1894, bbox_regression=0.1853, bbox_ctrness=0.6090
epoch 4/50 iter 1600/1860 loss=1.0021 mean_loss=0.9247 classification=0.2163, bbox_regression=0.1834, bbox_ctrness=0.6024
epoch 4/50 iter 1620/1860 loss=0.9286 mean_loss=0.9245 classification=0.1695, bbox_regression=0.1568, bbox_ctrness=0.6023
epoch 4/50 iter 1640/1860 loss=1.1755 mean_loss=0.9251 classification=0.2809, bbox_regression=0.2559, bbox_ctrness=0.6388
epoch 4/50 iter 1660/1860 loss=0.7854 mean_loss=0.9255 classification=0.0673, bbox_regression=0.1041, bbox_ctrness=0.6141
epoch 4/50 iter 1680/1860 loss=0.7809 mean_loss=0.9257 classification=0.0622, bbox_regression=0.1060, bbox_ctrness=0.6126
epoch 4/50 iter 1700/1860 loss=0.8808 mean_loss=0.9261 classification=0.1385, bbox_regression=0.1318, bbox_ctrness=0.6104
epoch 4/50 iter 1720/1860 loss=0.8757 mean_loss=0.9259 classification=0.1107, bbox_regression=0.1710, bbox_ctrness=0.5939
epoch 4/50 iter 1740/1860 loss=0.7766 mean_loss=0.9255 classification=0.0747, bbox_regression=0.1032, bbox_ctrness=0.5988
epoch 4/50 iter 1760/1860 loss=0.9523 mean_loss=0.9261 classification=0.1685, bbox_regression=0.1787, bbox_ctrness=0.6052
epoch 4/50 iter 1780/1860 loss=0.7877 mean_loss=0.9261 classification=0.0890, bbox_regression=0.0965, bbox_ctrness=0.6021
epoch 4/50 iter 1800/1860 loss=0.9903 mean_loss=0.9259 classification=0.2348, bbox_regression=0.1436, bbox_ctrness=0.6119
epoch 4/50 iter 1820/1860 loss=0.8745 mean_loss=0.9257 classification=0.0977, bbox_regression=0.1529, bbox_ctrness=0.6239
epoch 4/50 iter 1840/1860 loss=0.8524 mean_loss=0.9253 classification=0.1083, bbox_regression=0.1351, bbox_ctrness=0.6090
epoch 4/50 iter 1860/1860 loss=0.8989 mean_loss=0.9247 classification=0.1347, bbox_regression=0.1632, bbox_ctrness=0.6010
epoch 4 validation Precision=0.1995 Recall=0.9753 AP50=0.9291 AP75=0.7455 eval_fps=19.92 epoch_time_sec=857.7
saved checkpoint: E:\RepViT-main\runs\v48_complete_ablation\training\early_moddrop_seed2\weights\last.pt
new best AP50=0.9291; saved checkpoint: E:\RepViT-main\runs\v48_complete_ablation\training\early_moddrop_seed2\weights\best.pt
epoch 5/50 iter 1/1860 loss=0.8285 mean_loss=0.8285 classification=0.0922, bbox_regression=0.1274, bbox_ctrness=0.6089
epoch 5/50 iter 20/1860 loss=1.0472 mean_loss=0.9219 classification=0.2470, bbox_regression=0.1870, bbox_ctrness=0.6132
epoch 5/50 iter 40/1860 loss=0.8051 mean_loss=0.8907 classification=0.0891, bbox_regression=0.1140, bbox_ctrness=0.6021
epoch 5/50 iter 60/1860 loss=0.8151 mean_loss=0.8872 classification=0.1003, bbox_regression=0.1249, bbox_ctrness=0.5899
epoch 5/50 iter 80/1860 loss=0.8152 mean_loss=0.9061 classification=0.0865, bbox_regression=0.1267, bbox_ctrness=0.6020
epoch 5/50 iter 100/1860 loss=1.0507 mean_loss=0.9109 classification=0.2703, bbox_regression=0.1835, bbox_ctrness=0.5970
epoch 5/50 iter 120/1860 loss=0.9043 mean_loss=0.9028 classification=0.1554, bbox_regression=0.1333, bbox_ctrness=0.6156
epoch 5/50 iter 140/1860 loss=0.9005 mean_loss=0.9007 classification=0.1311, bbox_regression=0.1651, bbox_ctrness=0.6043
epoch 5/50 iter 160/1860 loss=1.1388 mean_loss=0.9043 classification=0.2914, bbox_regression=0.2347, bbox_ctrness=0.6127
epoch 5/50 iter 180/1860 loss=0.9586 mean_loss=0.9081 classification=0.1670, bbox_regression=0.1792, bbox_ctrness=0.6125
epoch 5/50 iter 200/1860 loss=0.8435 mean_loss=0.9087 classification=0.1029, bbox_regression=0.1339, bbox_ctrness=0.6068
epoch 5/50 iter 220/1860 loss=0.7583 mean_loss=0.9068 classification=0.0433, bbox_regression=0.1023, bbox_ctrness=0.6128
epoch 5/50 iter 240/1860 loss=0.8636 mean_loss=0.9063 classification=0.1123, bbox_regression=0.1440, bbox_ctrness=0.6073
epoch 5/50 iter 260/1860 loss=0.8355 mean_loss=0.9031 classification=0.1265, bbox_regression=0.1060, bbox_ctrness=0.6030
epoch 5/50 iter 280/1860 loss=0.8238 mean_loss=0.9021 classification=0.0994, bbox_regression=0.1152, bbox_ctrness=0.6091
epoch 5/50 iter 300/1860 loss=0.9880 mean_loss=0.9026 classification=0.1831, bbox_regression=0.1899, bbox_ctrness=0.6149
epoch 5/50 iter 320/1860 loss=0.8212 mean_loss=0.9053 classification=0.1031, bbox_regression=0.1240, bbox_ctrness=0.5942
epoch 5/50 iter 340/1860 loss=0.8361 mean_loss=0.9057 classification=0.1086, bbox_regression=0.1381, bbox_ctrness=0.5894
epoch 5/50 iter 360/1860 loss=0.9899 mean_loss=0.9070 classification=0.2039, bbox_regression=0.1738, bbox_ctrness=0.6121
epoch 5/50 iter 380/1860 loss=0.8553 mean_loss=0.9069 classification=0.1145, bbox_regression=0.1273, bbox_ctrness=0.6134
epoch 5/50 iter 400/1860 loss=0.7240 mean_loss=0.9084 classification=0.0526, bbox_regression=0.0741, bbox_ctrness=0.5973
epoch 5/50 iter 420/1860 loss=0.8385 mean_loss=0.9076 classification=0.0857, bbox_regression=0.1393, bbox_ctrness=0.6135
epoch 5/50 iter 440/1860 loss=0.8181 mean_loss=0.9064 classification=0.1064, bbox_regression=0.1098, bbox_ctrness=0.6020
epoch 5/50 iter 460/1860 loss=1.0141 mean_loss=0.9036 classification=0.1988, bbox_regression=0.1877, bbox_ctrness=0.6276
epoch 5/50 iter 480/1860 loss=0.9558 mean_loss=0.9028 classification=0.1647, bbox_regression=0.1701, bbox_ctrness=0.6210
epoch 5/50 iter 500/1860 loss=0.8537 mean_loss=0.9028 classification=0.1102, bbox_regression=0.1287, bbox_ctrness=0.6148
epoch 5/50 iter 520/1860 loss=0.9193 mean_loss=0.9021 classification=0.1455, bbox_regression=0.1525, bbox_ctrness=0.6213
epoch 5/50 iter 540/1860 loss=0.8677 mean_loss=0.9015 classification=0.1572, bbox_regression=0.1258, bbox_ctrness=0.5847
epoch 5/50 iter 560/1860 loss=0.8348 mean_loss=0.9020 classification=0.1306, bbox_regression=0.1118, bbox_ctrness=0.5923
epoch 5/50 iter 580/1860 loss=0.8503 mean_loss=0.9016 classification=0.1178, bbox_regression=0.1181, bbox_ctrness=0.6144
epoch 5/50 iter 600/1860 loss=0.9048 mean_loss=0.9012 classification=0.1565, bbox_regression=0.1509, bbox_ctrness=0.5974
epoch 5/50 iter 620/1860 loss=0.9158 mean_loss=0.9011 classification=0.1477, bbox_regression=0.1610, bbox_ctrness=0.6071
epoch 5/50 iter 640/1860 loss=0.7684 mean_loss=0.8996 classification=0.0415, bbox_regression=0.1137, bbox_ctrness=0.6132
epoch 5/50 iter 660/1860 loss=0.9109 mean_loss=0.8989 classification=0.1571, bbox_regression=0.1601, bbox_ctrness=0.5937
epoch 5/50 iter 680/1860 loss=0.9311 mean_loss=0.9006 classification=0.1900, bbox_regression=0.1223, bbox_ctrness=0.6187
epoch 5/50 iter 700/1860 loss=0.8227 mean_loss=0.9021 classification=0.1129, bbox_regression=0.0990, bbox_ctrness=0.6108
epoch 5/50 iter 720/1860 loss=0.7890 mean_loss=0.9011 classification=0.0868, bbox_regression=0.1080, bbox_ctrness=0.5942
epoch 5/50 iter 740/1860 loss=0.8696 mean_loss=0.9014 classification=0.1238, bbox_regression=0.1313, bbox_ctrness=0.6144
epoch 5/50 iter 760/1860 loss=0.9162 mean_loss=0.9017 classification=0.1507, bbox_regression=0.1505, bbox_ctrness=0.6151
epoch 5/50 iter 780/1860 loss=1.2096 mean_loss=0.9020 classification=0.3103, bbox_regression=0.2585, bbox_ctrness=0.6408
epoch 5/50 iter 800/1860 loss=0.8607 mean_loss=0.9018 classification=0.1401, bbox_regression=0.1169, bbox_ctrness=0.6036
epoch 5/50 iter 820/1860 loss=0.8479 mean_loss=0.9026 classification=0.1122, bbox_regression=0.1194, bbox_ctrness=0.6163
epoch 5/50 iter 840/1860 loss=0.8183 mean_loss=0.9024 classification=0.0931, bbox_regression=0.1201, bbox_ctrness=0.6051
epoch 5/50 iter 860/1860 loss=0.9590 mean_loss=0.9022 classification=0.2013, bbox_regression=0.1520, bbox_ctrness=0.6058
epoch 5/50 iter 880/1860 loss=0.9180 mean_loss=0.9012 classification=0.1558, bbox_regression=0.1527, bbox_ctrness=0.6095
epoch 5/50 iter 900/1860 loss=0.8861 mean_loss=0.9007 classification=0.1300, bbox_regression=0.1322, bbox_ctrness=0.6239
epoch 5/50 iter 920/1860 loss=0.7926 mean_loss=0.9006 classification=0.0868, bbox_regression=0.0968, bbox_ctrness=0.6091
epoch 5/50 iter 940/1860 loss=0.8865 mean_loss=0.8992 classification=0.1256, bbox_regression=0.1390, bbox_ctrness=0.6219
epoch 5/50 iter 960/1860 loss=0.7979 mean_loss=0.8986 classification=0.1031, bbox_regression=0.0934, bbox_ctrness=0.6014
epoch 5/50 iter 980/1860 loss=1.2911 mean_loss=0.8987 classification=0.3585, bbox_regression=0.3024, bbox_ctrness=0.6302
epoch 5/50 iter 1000/1860 loss=0.8036 mean_loss=0.8989 classification=0.0749, bbox_regression=0.0996, bbox_ctrness=0.6290
epoch 5/50 iter 1020/1860 loss=0.7639 mean_loss=0.8992 classification=0.0558, bbox_regression=0.0983, bbox_ctrness=0.6099
epoch 5/50 iter 1040/1860 loss=1.0347 mean_loss=0.8998 classification=0.1862, bbox_regression=0.2121, bbox_ctrness=0.6364
epoch 5/50 iter 1060/1860 loss=0.9802 mean_loss=0.8996 classification=0.2022, bbox_regression=0.1759, bbox_ctrness=0.6021
epoch 5/50 iter 1080/1860 loss=0.8049 mean_loss=0.8993 classification=0.0694, bbox_regression=0.1225, bbox_ctrness=0.6130
epoch 5/50 iter 1100/1860 loss=1.0090 mean_loss=0.8997 classification=0.1894, bbox_regression=0.2049, bbox_ctrness=0.6147
epoch 5/50 iter 1120/1860 loss=1.0803 mean_loss=0.8999 classification=0.2395, bbox_regression=0.2363, bbox_ctrness=0.6045
epoch 5/50 iter 1140/1860 loss=0.8936 mean_loss=0.8995 classification=0.1558, bbox_regression=0.1303, bbox_ctrness=0.6075
epoch 5/50 iter 1160/1860 loss=0.8407 mean_loss=0.8994 classification=0.0984, bbox_regression=0.1368, bbox_ctrness=0.6055
epoch 5/50 iter 1180/1860 loss=1.1329 mean_loss=0.8991 classification=0.3125, bbox_regression=0.2167, bbox_ctrness=0.6037
epoch 5/50 iter 1200/1860 loss=0.8107 mean_loss=0.8988 classification=0.0990, bbox_regression=0.1149, bbox_ctrness=0.5967
epoch 5/50 iter 1220/1860 loss=0.8522 mean_loss=0.8984 classification=0.1077, bbox_regression=0.1416, bbox_ctrness=0.6029
epoch 5/50 iter 1240/1860 loss=0.8299 mean_loss=0.8976 classification=0.1089, bbox_regression=0.1247, bbox_ctrness=0.5964
epoch 5/50 iter 1260/1860 loss=0.8973 mean_loss=0.8981 classification=0.1415, bbox_regression=0.1459, bbox_ctrness=0.6099
epoch 5/50 iter 1280/1860 loss=0.9593 mean_loss=0.8976 classification=0.1649, bbox_regression=0.1841, bbox_ctrness=0.6103
epoch 5/50 iter 1300/1860 loss=0.7566 mean_loss=0.8973 classification=0.0469, bbox_regression=0.1090, bbox_ctrness=0.6007
epoch 5/50 iter 1320/1860 loss=0.8918 mean_loss=0.8970 classification=0.1569, bbox_regression=0.1430, bbox_ctrness=0.5919
epoch 5/50 iter 1340/1860 loss=1.0717 mean_loss=0.8970 classification=0.2006, bbox_regression=0.2431, bbox_ctrness=0.6280
epoch 5/50 iter 1360/1860 loss=0.7498 mean_loss=0.8965 classification=0.0360, bbox_regression=0.1012, bbox_ctrness=0.6126
epoch 5/50 iter 1380/1860 loss=0.8534 mean_loss=0.8964 classification=0.1039, bbox_regression=0.1352, bbox_ctrness=0.6142
epoch 5/50 iter 1400/1860 loss=0.9499 mean_loss=0.8969 classification=0.1786, bbox_regression=0.1680, bbox_ctrness=0.6032
epoch 5/50 iter 1420/1860 loss=0.9980 mean_loss=0.8969 classification=0.2117, bbox_regression=0.1729, bbox_ctrness=0.6134
epoch 5/50 iter 1440/1860 loss=1.1569 mean_loss=0.8964 classification=0.2968, bbox_regression=0.2177, bbox_ctrness=0.6424
epoch 5/50 iter 1460/1860 loss=0.8059 mean_loss=0.8972 classification=0.0840, bbox_regression=0.1200, bbox_ctrness=0.6018
epoch 5/50 iter 1480/1860 loss=0.7592 mean_loss=0.8974 classification=0.0567, bbox_regression=0.1073, bbox_ctrness=0.5953
epoch 5/50 iter 1500/1860 loss=0.9004 mean_loss=0.8970 classification=0.1605, bbox_regression=0.1418, bbox_ctrness=0.5981
epoch 5/50 iter 1520/1860 loss=0.8107 mean_loss=0.8973 classification=0.0887, bbox_regression=0.1184, bbox_ctrness=0.6037
epoch 5/50 iter 1540/1860 loss=0.8242 mean_loss=0.8968 classification=0.1004, bbox_regression=0.1142, bbox_ctrness=0.6096
epoch 5/50 iter 1560/1860 loss=0.8293 mean_loss=0.8966 classification=0.0830, bbox_regression=0.1279, bbox_ctrness=0.6184
epoch 5/50 iter 1580/1860 loss=0.8143 mean_loss=0.8961 classification=0.1156, bbox_regression=0.1015, bbox_ctrness=0.5972
epoch 5/50 iter 1600/1860 loss=0.7785 mean_loss=0.8957 classification=0.0549, bbox_regression=0.1094, bbox_ctrness=0.6143
epoch 5/50 iter 1620/1860 loss=0.9567 mean_loss=0.8964 classification=0.1994, bbox_regression=0.1429, bbox_ctrness=0.6144
epoch 5/50 iter 1640/1860 loss=0.8353 mean_loss=0.8967 classification=0.1039, bbox_regression=0.1208, bbox_ctrness=0.6106
epoch 5/50 iter 1660/1860 loss=0.8911 mean_loss=0.8971 classification=0.1313, bbox_regression=0.1412, bbox_ctrness=0.6187
epoch 5/50 iter 1680/1860 loss=0.8255 mean_loss=0.8971 classification=0.0678, bbox_regression=0.1325, bbox_ctrness=0.6253
epoch 5/50 iter 1700/1860 loss=0.8028 mean_loss=0.8971 classification=0.0825, bbox_regression=0.1164, bbox_ctrness=0.6038
epoch 5/50 iter 1720/1860 loss=0.8847 mean_loss=0.8972 classification=0.1223, bbox_regression=0.1680, bbox_ctrness=0.5945
epoch 5/50 iter 1740/1860 loss=0.8035 mean_loss=0.8971 classification=0.0862, bbox_regression=0.1156, bbox_ctrness=0.6017
epoch 5/50 iter 1760/1860 loss=0.8076 mean_loss=0.8974 classification=0.1071, bbox_regression=0.1002, bbox_ctrness=0.6003
epoch 5/50 iter 1780/1860 loss=0.9578 mean_loss=0.8978 classification=0.1823, bbox_regression=0.1738, bbox_ctrness=0.6017
epoch 5/50 iter 1800/1860 loss=0.7976 mean_loss=0.8979 classification=0.0865, bbox_regression=0.1120, bbox_ctrness=0.5991
epoch 5/50 iter 1820/1860 loss=0.8564 mean_loss=0.8976 classification=0.1261, bbox_regression=0.1163, bbox_ctrness=0.6140
epoch 5/50 iter 1840/1860 loss=0.8143 mean_loss=0.8979 classification=0.0892, bbox_regression=0.1214, bbox_ctrness=0.6037
epoch 5/50 iter 1860/1860 loss=0.9470 mean_loss=0.8976 classification=0.1392, bbox_regression=0.1617, bbox_ctrness=0.6461
epoch 5 validation Precision=0.2055 Recall=0.9782 AP50=0.9355 AP75=0.7931 eval_fps=12.74 epoch_time_sec=977.1
saved checkpoint: E:\RepViT-main\runs\v48_complete_ablation\training\early_moddrop_seed2\weights\last.pt
new best AP50=0.9355; saved checkpoint: E:\RepViT-main\runs\v48_complete_ablation\training\early_moddrop_seed2\weights\best.pt
epoch 6/50 iter 1/1860 loss=0.9264 mean_loss=0.9264 classification=0.1609, bbox_regression=0.1475, bbox_ctrness=0.6180
epoch 6/50 iter 20/1860 loss=0.8137 mean_loss=0.8821 classification=0.0993, bbox_regression=0.1188, bbox_ctrness=0.5956
epoch 6/50 iter 40/1860 loss=0.8616 mean_loss=0.8661 classification=0.1295, bbox_regression=0.1309, bbox_ctrness=0.6012
epoch 6/50 iter 60/1860 loss=0.8553 mean_loss=0.8653 classification=0.1005, bbox_regression=0.1482, bbox_ctrness=0.6065
epoch 6/50 iter 80/1860 loss=0.8538 mean_loss=0.8741 classification=0.1103, bbox_regression=0.1323, bbox_ctrness=0.6112
epoch 6/50 iter 100/1860 loss=0.7562 mean_loss=0.8715 classification=0.0632, bbox_regression=0.1004, bbox_ctrness=0.5927
epoch 6/50 iter 120/1860 loss=0.9899 mean_loss=0.8752 classification=0.2081, bbox_regression=0.1867, bbox_ctrness=0.5951
epoch 6/50 iter 140/1860 loss=1.0084 mean_loss=0.8798 classification=0.1927, bbox_regression=0.1986, bbox_ctrness=0.6171
epoch 6/50 iter 160/1860 loss=0.9033 mean_loss=0.8771 classification=0.1347, bbox_regression=0.1453, bbox_ctrness=0.6232
epoch 6/50 iter 180/1860 loss=0.9247 mean_loss=0.8739 classification=0.1641, bbox_regression=0.1553, bbox_ctrness=0.6053
epoch 6/50 iter 200/1860 loss=0.8460 mean_loss=0.8750 classification=0.1086, bbox_regression=0.1318, bbox_ctrness=0.6056
epoch 6/50 iter 220/1860 loss=1.1005 mean_loss=0.8727 classification=0.2365, bbox_regression=0.2332, bbox_ctrness=0.6308
epoch 6/50 iter 240/1860 loss=0.8158 mean_loss=0.8715 classification=0.1142, bbox_regression=0.1023, bbox_ctrness=0.5992
epoch 6/50 iter 260/1860 loss=0.8727 mean_loss=0.8737 classification=0.1563, bbox_regression=0.1215, bbox_ctrness=0.5949
epoch 6/50 iter 280/1860 loss=0.8197 mean_loss=0.8710 classification=0.0799, bbox_regression=0.1329, bbox_ctrness=0.6070
epoch 6/50 iter 300/1860 loss=0.8232 mean_loss=0.8675 classification=0.0943, bbox_regression=0.1235, bbox_ctrness=0.6054
epoch 6/50 iter 320/1860 loss=0.8613 mean_loss=0.8705 classification=0.1456, bbox_regression=0.1215, bbox_ctrness=0.5942
epoch 6/50 iter 340/1860 loss=0.9161 mean_loss=0.8691 classification=0.1569, bbox_regression=0.1517, bbox_ctrness=0.6075
epoch 6/50 iter 360/1860 loss=1.0186 mean_loss=0.8661 classification=0.1824, bbox_regression=0.2132, bbox_ctrness=0.6231
epoch 6/50 iter 380/1860 loss=1.3786 mean_loss=0.8671 classification=0.4012, bbox_regression=0.3376, bbox_ctrness=0.6398
epoch 6/50 iter 400/1860 loss=0.9195 mean_loss=0.8689 classification=0.1726, bbox_regression=0.1407, bbox_ctrness=0.6063
epoch 6/50 iter 420/1860 loss=1.0945 mean_loss=0.8684 classification=0.2494, bbox_regression=0.2359, bbox_ctrness=0.6092
epoch 6/50 iter 440/1860 loss=1.0515 mean_loss=0.8705 classification=0.2556, bbox_regression=0.2018, bbox_ctrness=0.5941
epoch 6/50 iter 460/1860 loss=0.8313 mean_loss=0.8683 classification=0.0914, bbox_regression=0.1332, bbox_ctrness=0.6067
epoch 6/50 iter 480/1860 loss=0.9799 mean_loss=0.8672 classification=0.1547, bbox_regression=0.1851, bbox_ctrness=0.6401
epoch 6/50 iter 500/1860 loss=0.8049 mean_loss=0.8672 classification=0.1207, bbox_regression=0.0819, bbox_ctrness=0.6022
epoch 6/50 iter 520/1860 loss=0.8370 mean_loss=0.8669 classification=0.1014, bbox_regression=0.1238, bbox_ctrness=0.6118
epoch 6/50 iter 540/1860 loss=0.9834 mean_loss=0.8673 classification=0.2019, bbox_regression=0.1734, bbox_ctrness=0.6081
epoch 6/50 iter 560/1860 loss=1.0487 mean_loss=0.8685 classification=0.2369, bbox_regression=0.2086, bbox_ctrness=0.6033
epoch 6/50 iter 580/1860 loss=0.8320 mean_loss=0.8673 classification=0.0827, bbox_regression=0.1401, bbox_ctrness=0.6092
epoch 6/50 iter 600/1860 loss=0.7526 mean_loss=0.8676 classification=0.0650, bbox_regression=0.0998, bbox_ctrness=0.5878
epoch 6/50 iter 620/1860 loss=0.9431 mean_loss=0.8682 classification=0.1668, bbox_regression=0.1810, bbox_ctrness=0.5952
epoch 6/50 iter 640/1860 loss=0.8332 mean_loss=0.8676 classification=0.1209, bbox_regression=0.0995, bbox_ctrness=0.6129
epoch 6/50 iter 660/1860 loss=0.7581 mean_loss=0.8673 classification=0.0576, bbox_regression=0.0928, bbox_ctrness=0.6076
epoch 6/50 iter 680/1860 loss=0.7807 mean_loss=0.8671 classification=0.0668, bbox_regression=0.1033, bbox_ctrness=0.6106
epoch 6/50 iter 700/1860 loss=0.9295 mean_loss=0.8673 classification=0.1598, bbox_regression=0.1561, bbox_ctrness=0.6136
epoch 6/50 iter 720/1860 loss=0.8609 mean_loss=0.8674 classification=0.1082, bbox_regression=0.1381, bbox_ctrness=0.6146
epoch 6/50 iter 740/1860 loss=0.7889 mean_loss=0.8695 classification=0.0941, bbox_regression=0.0940, bbox_ctrness=0.6007
epoch 6/50 iter 760/1860 loss=1.0338 mean_loss=0.8691 classification=0.1854, bbox_regression=0.2247, bbox_ctrness=0.6238
epoch 6/50 iter 780/1860 loss=0.8081 mean_loss=0.8687 classification=0.0778, bbox_regression=0.1188, bbox_ctrness=0.6115
epoch 6/50 iter 800/1860 loss=0.8224 mean_loss=0.8683 classification=0.1040, bbox_regression=0.1115, bbox_ctrness=0.6068
epoch 6/50 iter 820/1860 loss=0.8130 mean_loss=0.8675 classification=0.0897, bbox_regression=0.1122, bbox_ctrness=0.6111
epoch 6/50 iter 840/1860 loss=0.7678 mean_loss=0.8674 classification=0.0468, bbox_regression=0.0960, bbox_ctrness=0.6251
epoch 6/50 iter 860/1860 loss=0.8501 mean_loss=0.8668 classification=0.1220, bbox_regression=0.1143, bbox_ctrness=0.6138
epoch 6/50 iter 880/1860 loss=0.8780 mean_loss=0.8662 classification=0.1430, bbox_regression=0.1297, bbox_ctrness=0.6053
epoch 6/50 iter 900/1860 loss=1.0014 mean_loss=0.8656 classification=0.2437, bbox_regression=0.1482, bbox_ctrness=0.6096
epoch 6/50 iter 920/1860 loss=1.1132 mean_loss=0.8659 classification=0.3001, bbox_regression=0.1979, bbox_ctrness=0.6152
epoch 6/50 iter 940/1860 loss=0.9231 mean_loss=0.8667 classification=0.1574, bbox_regression=0.1442, bbox_ctrness=0.6215
epoch 6/50 iter 960/1860 loss=0.7436 mean_loss=0.8661 classification=0.0560, bbox_regression=0.0812, bbox_ctrness=0.6063
epoch 6/50 iter 980/1860 loss=0.8012 mean_loss=0.8669 classification=0.0880, bbox_regression=0.1095, bbox_ctrness=0.6036
epoch 6/50 iter 1000/1860 loss=0.7958 mean_loss=0.8677 classification=0.0872, bbox_regression=0.1034, bbox_ctrness=0.6053
epoch 6/50 iter 1020/1860 loss=0.8629 mean_loss=0.8682 classification=0.1067, bbox_regression=0.1340, bbox_ctrness=0.6222
epoch 6/50 iter 1040/1860 loss=0.7828 mean_loss=0.8677 classification=0.0675, bbox_regression=0.1066, bbox_ctrness=0.6087
epoch 6/50 iter 1060/1860 loss=1.1021 mean_loss=0.8676 classification=0.2802, bbox_regression=0.2006, bbox_ctrness=0.6212
epoch 6/50 iter 1080/1860 loss=0.8915 mean_loss=0.8680 classification=0.1078, bbox_regression=0.1667, bbox_ctrness=0.6170
epoch 6/50 iter 1100/1860 loss=1.1945 mean_loss=0.8683 classification=0.3430, bbox_regression=0.2329, bbox_ctrness=0.6185
epoch 6/50 iter 1120/1860 loss=0.8925 mean_loss=0.8682 classification=0.1345, bbox_regression=0.1500, bbox_ctrness=0.6080
epoch 6/50 iter 1140/1860 loss=0.7669 mean_loss=0.8679 classification=0.0858, bbox_regression=0.0899, bbox_ctrness=0.5912
epoch 6/50 iter 1160/1860 loss=0.9492 mean_loss=0.8673 classification=0.2174, bbox_regression=0.1241, bbox_ctrness=0.6078
epoch 6/50 iter 1180/1860 loss=0.8568 mean_loss=0.8673 classification=0.1254, bbox_regression=0.1234, bbox_ctrness=0.6080
epoch 6/50 iter 1200/1860 loss=0.7993 mean_loss=0.8675 classification=0.0887, bbox_regression=0.0965, bbox_ctrness=0.6142
epoch 6/50 iter 1220/1860 loss=0.7838 mean_loss=0.8675 classification=0.0724, bbox_regression=0.1172, bbox_ctrness=0.5942
epoch 6/50 iter 1240/1860 loss=0.9360 mean_loss=0.8684 classification=0.1472, bbox_regression=0.1564, bbox_ctrness=0.6324
epoch 6/50 iter 1260/1860 loss=0.8787 mean_loss=0.8691 classification=0.1508, bbox_regression=0.1209, bbox_ctrness=0.6070
epoch 6/50 iter 1280/1860 loss=0.9873 mean_loss=0.8699 classification=0.2137, bbox_regression=0.1546, bbox_ctrness=0.6190
epoch 6/50 iter 1300/1860 loss=0.9073 mean_loss=0.8706 classification=0.1488, bbox_regression=0.1565, bbox_ctrness=0.6019
epoch 6/50 iter 1320/1860 loss=0.7638 mean_loss=0.8712 classification=0.0535, bbox_regression=0.0952, bbox_ctrness=0.6152
epoch 6/50 iter 1340/1860 loss=0.8455 mean_loss=0.8713 classification=0.1156, bbox_regression=0.1227, bbox_ctrness=0.6071
epoch 6/50 iter 1360/1860 loss=0.9279 mean_loss=0.8720 classification=0.1650, bbox_regression=0.1467, bbox_ctrness=0.6162
epoch 6/50 iter 1380/1860 loss=0.8554 mean_loss=0.8718 classification=0.1246, bbox_regression=0.1354, bbox_ctrness=0.5954
epoch 6/50 iter 1400/1860 loss=0.7888 mean_loss=0.8724 classification=0.0848, bbox_regression=0.1134, bbox_ctrness=0.5905
epoch 6/50 iter 1420/1860 loss=0.7865 mean_loss=0.8729 classification=0.0845, bbox_regression=0.0908, bbox_ctrness=0.6112
epoch 6/50 iter 1440/1860 loss=1.4278 mean_loss=0.8737 classification=0.4078, bbox_regression=0.3715, bbox_ctrness=0.6485
epoch 6/50 iter 1460/1860 loss=0.7690 mean_loss=0.8736 classification=0.0864, bbox_regression=0.0830, bbox_ctrness=0.5996
epoch 6/50 iter 1480/1860 loss=0.8607 mean_loss=0.8737 classification=0.1237, bbox_regression=0.1268, bbox_ctrness=0.6101
epoch 6/50 iter 1500/1860 loss=0.7726 mean_loss=0.8743 classification=0.0596, bbox_regression=0.1039, bbox_ctrness=0.6091
epoch 6/50 iter 1520/1860 loss=0.8804 mean_loss=0.8748 classification=0.1333, bbox_regression=0.1437, bbox_ctrness=0.6034
epoch 6/50 iter 1540/1860 loss=1.4070 mean_loss=0.8751 classification=0.4171, bbox_regression=0.3832, bbox_ctrness=0.6067
epoch 6/50 iter 1560/1860 loss=1.0503 mean_loss=0.8747 classification=0.2510, bbox_regression=0.1792, bbox_ctrness=0.6201
epoch 6/50 iter 1580/1860 loss=0.8444 mean_loss=0.8753 classification=0.0668, bbox_regression=0.1529, bbox_ctrness=0.6247
epoch 6/50 iter 1600/1860 loss=1.0203 mean_loss=0.8753 classification=0.2119, bbox_regression=0.1811, bbox_ctrness=0.6273
epoch 6/50 iter 1620/1860 loss=0.9679 mean_loss=0.8753 classification=0.1921, bbox_regression=0.1594, bbox_ctrness=0.6164
epoch 6/50 iter 1640/1860 loss=0.9666 mean_loss=0.8752 classification=0.1758, bbox_regression=0.1639, bbox_ctrness=0.6269
epoch 6/50 iter 1660/1860 loss=0.9339 mean_loss=0.8747 classification=0.1652, bbox_regression=0.1645, bbox_ctrness=0.6041
epoch 6/50 iter 1680/1860 loss=0.8425 mean_loss=0.8755 classification=0.0983, bbox_regression=0.1416, bbox_ctrness=0.6025
epoch 6/50 iter 1700/1860 loss=0.8518 mean_loss=0.8753 classification=0.1204, bbox_regression=0.1344, bbox_ctrness=0.5971
epoch 6/50 iter 1720/1860 loss=0.8034 mean_loss=0.8752 classification=0.1040, bbox_regression=0.0826, bbox_ctrness=0.6168
epoch 6/50 iter 1740/1860 loss=0.9959 mean_loss=0.8747 classification=0.2109, bbox_regression=0.1834, bbox_ctrness=0.6016
epoch 6/50 iter 1760/1860 loss=0.8511 mean_loss=0.8751 classification=0.1259, bbox_regression=0.1230, bbox_ctrness=0.6022
epoch 6/50 iter 1780/1860 loss=0.8529 mean_loss=0.8750 classification=0.1087, bbox_regression=0.1391, bbox_ctrness=0.6051
epoch 6/50 iter 1800/1860 loss=0.9157 mean_loss=0.8749 classification=0.1736, bbox_regression=0.1277, bbox_ctrness=0.6145
epoch 6/50 iter 1820/1860 loss=0.8955 mean_loss=0.8751 classification=0.1526, bbox_regression=0.1283, bbox_ctrness=0.6147
epoch 6/50 iter 1840/1860 loss=0.8468 mean_loss=0.8749 classification=0.1501, bbox_regression=0.1019, bbox_ctrness=0.5948
epoch 6/50 iter 1860/1860 loss=0.7483 mean_loss=0.8746 classification=0.0626, bbox_regression=0.0823, bbox_ctrness=0.6034
epoch 6 validation Precision=0.2087 Recall=0.9826 AP50=0.9442 AP75=0.8289 eval_fps=18.21 epoch_time_sec=949.2
saved checkpoint: E:\RepViT-main\runs\v48_complete_ablation\training\early_moddrop_seed2\weights\last.pt
new best AP50=0.9442; saved checkpoint: E:\RepViT-main\runs\v48_complete_ablation\training\early_moddrop_seed2\weights\best.pt
epoch 7/50 iter 1/1860 loss=0.8735 mean_loss=0.8735 classification=0.1273, bbox_regression=0.1430, bbox_ctrness=0.6031
epoch 7/50 iter 20/1860 loss=0.9491 mean_loss=0.8270 classification=0.1702, bbox_regression=0.1734, bbox_ctrness=0.6055
epoch 7/50 iter 40/1860 loss=0.7440 mean_loss=0.8250 classification=0.0492, bbox_regression=0.0882, bbox_ctrness=0.6066
epoch 7/50 iter 60/1860 loss=0.8009 mean_loss=0.8183 classification=0.0850, bbox_regression=0.1113, bbox_ctrness=0.6047
epoch 7/50 iter 80/1860 loss=0.7803 mean_loss=0.8278 classification=0.0743, bbox_regression=0.1065, bbox_ctrness=0.5996
epoch 7/50 iter 100/1860 loss=0.9404 mean_loss=0.8334 classification=0.1817, bbox_regression=0.1605, bbox_ctrness=0.5982
epoch 7/50 iter 120/1860 loss=0.7087 mean_loss=0.8360 classification=0.0294, bbox_regression=0.0875, bbox_ctrness=0.5918
epoch 7/50 iter 140/1860 loss=0.7875 mean_loss=0.8328 classification=0.0717, bbox_regression=0.1203, bbox_ctrness=0.5955
epoch 7/50 iter 160/1860 loss=0.9636 mean_loss=0.8366 classification=0.1458, bbox_regression=0.1943, bbox_ctrness=0.6235
epoch 7/50 iter 180/1860 loss=0.7690 mean_loss=0.8380 classification=0.0767, bbox_regression=0.0948, bbox_ctrness=0.5976
epoch 7/50 iter 200/1860 loss=0.8128 mean_loss=0.8361 classification=0.0853, bbox_regression=0.1147, bbox_ctrness=0.6128
epoch 7/50 iter 220/1860 loss=0.8201 mean_loss=0.8355 classification=0.0936, bbox_regression=0.1150, bbox_ctrness=0.6116
epoch 7/50 iter 240/1860 loss=0.8140 mean_loss=0.8363 classification=0.0876, bbox_regression=0.1227, bbox_ctrness=0.6037
epoch 7/50 iter 260/1860 loss=0.8684 mean_loss=0.8446 classification=0.1224, bbox_regression=0.1313, bbox_ctrness=0.6147
epoch 7/50 iter 280/1860 loss=0.7715 mean_loss=0.8441 classification=0.0504, bbox_regression=0.1099, bbox_ctrness=0.6112
epoch 7/50 iter 300/1860 loss=0.8436 mean_loss=0.8449 classification=0.1247, bbox_regression=0.0976, bbox_ctrness=0.6213
epoch 7/50 iter 320/1860 loss=0.8236 mean_loss=0.8451 classification=0.1081, bbox_regression=0.1110, bbox_ctrness=0.6045
epoch 7/50 iter 340/1860 loss=1.0590 mean_loss=0.8457 classification=0.2408, bbox_regression=0.2058, bbox_ctrness=0.6123
epoch 7/50 iter 360/1860 loss=0.8466 mean_loss=0.8449 classification=0.1022, bbox_regression=0.1368, bbox_ctrness=0.6076
epoch 7/50 iter 380/1860 loss=1.0292 mean_loss=0.8457 classification=0.2034, bbox_regression=0.2191, bbox_ctrness=0.6067
epoch 7/50 iter 400/1860 loss=0.8428 mean_loss=0.8461 classification=0.1277, bbox_regression=0.1120, bbox_ctrness=0.6031
epoch 7/50 iter 420/1860 loss=0.9994 mean_loss=0.8511 classification=0.2055, bbox_regression=0.1770, bbox_ctrness=0.6170
epoch 7/50 iter 440/1860 loss=0.7995 mean_loss=0.8509 classification=0.0915, bbox_regression=0.1122, bbox_ctrness=0.5957
epoch 7/50 iter 460/1860 loss=0.7576 mean_loss=0.8500 classification=0.0534, bbox_regression=0.1003, bbox_ctrness=0.6038
epoch 7/50 iter 480/1860 loss=0.7734 mean_loss=0.8534 classification=0.1050, bbox_regression=0.0825, bbox_ctrness=0.5859
epoch 7/50 iter 500/1860 loss=0.7807 mean_loss=0.8538 classification=0.0570, bbox_regression=0.1124, bbox_ctrness=0.6112
epoch 7/50 iter 520/1860 loss=0.7863 mean_loss=0.8542 classification=0.0773, bbox_regression=0.1023, bbox_ctrness=0.6067
epoch 7/50 iter 540/1860 loss=0.9177 mean_loss=0.8535 classification=0.1679, bbox_regression=0.1354, bbox_ctrness=0.6144
epoch 7/50 iter 560/1860 loss=0.7745 mean_loss=0.8542 classification=0.0935, bbox_regression=0.1031, bbox_ctrness=0.5779
epoch 7/50 iter 580/1860 loss=0.9806 mean_loss=0.8542 classification=0.1425, bbox_regression=0.1954, bbox_ctrness=0.6427
epoch 7/50 iter 600/1860 loss=0.9591 mean_loss=0.8548 classification=0.1911, bbox_regression=0.1522, bbox_ctrness=0.6158
epoch 7/50 iter 620/1860 loss=0.8894 mean_loss=0.8557 classification=0.1388, bbox_regression=0.1384, bbox_ctrness=0.6121
epoch 7/50 iter 640/1860 loss=0.7674 mean_loss=0.8546 classification=0.0899, bbox_regression=0.0909, bbox_ctrness=0.5867
epoch 7/50 iter 660/1860 loss=0.8161 mean_loss=0.8546 classification=0.0829, bbox_regression=0.1258, bbox_ctrness=0.6074
epoch 7/50 iter 680/1860 loss=0.9769 mean_loss=0.8537 classification=0.1631, bbox_regression=0.1783, bbox_ctrness=0.6355
epoch 7/50 iter 700/1860 loss=0.7883 mean_loss=0.8524 classification=0.0658, bbox_regression=0.1026, bbox_ctrness=0.6199
epoch 7/50 iter 720/1860 loss=0.7574 mean_loss=0.8517 classification=0.0561, bbox_regression=0.1036, bbox_ctrness=0.5977
epoch 7/50 iter 740/1860 loss=0.7652 mean_loss=0.8521 classification=0.0753, bbox_regression=0.0886, bbox_ctrness=0.6013
epoch 7/50 iter 760/1860 loss=1.1189 mean_loss=0.8523 classification=0.2266, bbox_regression=0.2513, bbox_ctrness=0.6410
epoch 7/50 iter 780/1860 loss=0.8115 mean_loss=0.8525 classification=0.1023, bbox_regression=0.1083, bbox_ctrness=0.6009
epoch 7/50 iter 800/1860 loss=0.7850 mean_loss=0.8525 classification=0.0636, bbox_regression=0.0980, bbox_ctrness=0.6234
epoch 7/50 iter 820/1860 loss=0.8876 mean_loss=0.8522 classification=0.1260, bbox_regression=0.1644, bbox_ctrness=0.5971
epoch 7/50 iter 840/1860 loss=0.7948 mean_loss=0.8522 classification=0.1055, bbox_regression=0.0939, bbox_ctrness=0.5953
epoch 7/50 iter 860/1860 loss=0.8153 mean_loss=0.8528 classification=0.0932, bbox_regression=0.1223, bbox_ctrness=0.5998
epoch 7/50 iter 880/1860 loss=0.8671 mean_loss=0.8526 classification=0.1266, bbox_regression=0.1260, bbox_ctrness=0.6145
epoch 7/50 iter 900/1860 loss=1.3327 mean_loss=0.8532 classification=0.4716, bbox_regression=0.2291, bbox_ctrness=0.6320
epoch 7/50 iter 920/1860 loss=0.9954 mean_loss=0.8540 classification=0.1959, bbox_regression=0.1933, bbox_ctrness=0.6063
epoch 7/50 iter 940/1860 loss=1.2517 mean_loss=0.8541 classification=0.3965, bbox_regression=0.2466, bbox_ctrness=0.6085
epoch 7/50 iter 960/1860 loss=0.7573 mean_loss=0.8538 classification=0.0605, bbox_regression=0.0905, bbox_ctrness=0.6062
epoch 7/50 iter 980/1860 loss=0.9253 mean_loss=0.8535 classification=0.1221, bbox_regression=0.1756, bbox_ctrness=0.6275
epoch 7/50 iter 1000/1860 loss=0.9158 mean_loss=0.8541 classification=0.1586, bbox_regression=0.1478, bbox_ctrness=0.6093
epoch 7/50 iter 1020/1860 loss=0.7677 mean_loss=0.8541 classification=0.0890, bbox_regression=0.0850, bbox_ctrness=0.5938
epoch 7/50 iter 1040/1860 loss=0.9382 mean_loss=0.8536 classification=0.1214, bbox_regression=0.1784, bbox_ctrness=0.6384
epoch 7/50 iter 1060/1860 loss=0.7835 mean_loss=0.8525 classification=0.0970, bbox_regression=0.0732, bbox_ctrness=0.6133
epoch 7/50 iter 1080/1860 loss=0.7214 mean_loss=0.8530 classification=0.0475, bbox_regression=0.0643, bbox_ctrness=0.6097
epoch 7/50 iter 1100/1860 loss=0.7364 mean_loss=0.8527 classification=0.0431, bbox_regression=0.0868, bbox_ctrness=0.6064
epoch 7/50 iter 1120/1860 loss=0.7740 mean_loss=0.8524 classification=0.0798, bbox_regression=0.0864, bbox_ctrness=0.6078
epoch 7/50 iter 1140/1860 loss=1.0247 mean_loss=0.8527 classification=0.2317, bbox_regression=0.1909, bbox_ctrness=0.6021
epoch 7/50 iter 1160/1860 loss=0.9308 mean_loss=0.8526 classification=0.1421, bbox_regression=0.1692, bbox_ctrness=0.6195
epoch 7/50 iter 1180/1860 loss=0.7872 mean_loss=0.8526 classification=0.0777, bbox_regression=0.1094, bbox_ctrness=0.6001
epoch 7/50 iter 1200/1860 loss=1.0989 mean_loss=0.8535 classification=0.2525, bbox_regression=0.2250, bbox_ctrness=0.6215
epoch 7/50 iter 1220/1860 loss=0.8083 mean_loss=0.8543 classification=0.1099, bbox_regression=0.0934, bbox_ctrness=0.6050
epoch 7/50 iter 1240/1860 loss=0.8585 mean_loss=0.8542 classification=0.1354, bbox_regression=0.1239, bbox_ctrness=0.5992
epoch 7/50 iter 1260/1860 loss=0.7073 mean_loss=0.8544 classification=0.0269, bbox_regression=0.0735, bbox_ctrness=0.6068
epoch 7/50 iter 1280/1860 loss=0.8514 mean_loss=0.8545 classification=0.0943, bbox_regression=0.1440, bbox_ctrness=0.6132
epoch 7/50 iter 1300/1860 loss=1.2357 mean_loss=0.8545 classification=0.3755, bbox_regression=0.2334, bbox_ctrness=0.6268
epoch 7/50 iter 1320/1860 loss=0.9189 mean_loss=0.8539 classification=0.1635, bbox_regression=0.1509, bbox_ctrness=0.6045
epoch 7/50 iter 1340/1860 loss=0.9633 mean_loss=0.8539 classification=0.1643, bbox_regression=0.1895, bbox_ctrness=0.6095
epoch 7/50 iter 1360/1860 loss=0.7599 mean_loss=0.8539 classification=0.0587, bbox_regression=0.0854, bbox_ctrness=0.6157
epoch 7/50 iter 1380/1860 loss=1.1330 mean_loss=0.8550 classification=0.2833, bbox_regression=0.2219, bbox_ctrness=0.6278
epoch 7/50 iter 1400/1860 loss=0.8513 mean_loss=0.8552 classification=0.1157, bbox_regression=0.1337, bbox_ctrness=0.6019
epoch 7/50 iter 1420/1860 loss=0.7114 mean_loss=0.8547 classification=0.0438, bbox_regression=0.0786, bbox_ctrness=0.5891
epoch 7/50 iter 1440/1860 loss=0.7922 mean_loss=0.8547 classification=0.0766, bbox_regression=0.1087, bbox_ctrness=0.6069
epoch 7/50 iter 1460/1860 loss=0.8148 mean_loss=0.8549 classification=0.1005, bbox_regression=0.1159, bbox_ctrness=0.5984
epoch 7/50 iter 1480/1860 loss=0.9205 mean_loss=0.8547 classification=0.1602, bbox_regression=0.1574, bbox_ctrness=0.6029
epoch 7/50 iter 1500/1860 loss=0.8288 mean_loss=0.8553 classification=0.1185, bbox_regression=0.1136, bbox_ctrness=0.5966
epoch 7/50 iter 1520/1860 loss=0.7254 mean_loss=0.8554 classification=0.0299, bbox_regression=0.0708, bbox_ctrness=0.6247
epoch 7/50 iter 1540/1860 loss=0.7459 mean_loss=0.8558 classification=0.0648, bbox_regression=0.0907, bbox_ctrness=0.5904
epoch 7/50 iter 1560/1860 loss=0.9236 mean_loss=0.8558 classification=0.1847, bbox_regression=0.1396, bbox_ctrness=0.5992
epoch 7/50 iter 1580/1860 loss=0.8766 mean_loss=0.8564 classification=0.1183, bbox_regression=0.1418, bbox_ctrness=0.6165
epoch 7/50 iter 1600/1860 loss=0.8642 mean_loss=0.8565 classification=0.1662, bbox_regression=0.0929, bbox_ctrness=0.6051
epoch 7/50 iter 1620/1860 loss=0.7892 mean_loss=0.8574 classification=0.1028, bbox_regression=0.0913, bbox_ctrness=0.5951
epoch 7/50 iter 1640/1860 loss=0.9708 mean_loss=0.8570 classification=0.1979, bbox_regression=0.1666, bbox_ctrness=0.6063
epoch 7/50 iter 1660/1860 loss=0.7619 mean_loss=0.8566 classification=0.0607, bbox_regression=0.1043, bbox_ctrness=0.5970
epoch 7/50 iter 1680/1860 loss=0.8642 mean_loss=0.8569 classification=0.1285, bbox_regression=0.1333, bbox_ctrness=0.6024
epoch 7/50 iter 1700/1860 loss=1.1758 mean_loss=0.8572 classification=0.3024, bbox_regression=0.2506, bbox_ctrness=0.6227
epoch 7/50 iter 1720/1860 loss=1.0302 mean_loss=0.8576 classification=0.2336, bbox_regression=0.1827, bbox_ctrness=0.6139
epoch 7/50 iter 1740/1860 loss=0.9009 mean_loss=0.8576 classification=0.1700, bbox_regression=0.1281, bbox_ctrness=0.6029
epoch 7/50 iter 1760/1860 loss=0.8521 mean_loss=0.8580 classification=0.1223, bbox_regression=0.1274, bbox_ctrness=0.6024
epoch 7/50 iter 1780/1860 loss=0.8299 mean_loss=0.8577 classification=0.1051, bbox_regression=0.1239, bbox_ctrness=0.6009
epoch 7/50 iter 1800/1860 loss=0.7802 mean_loss=0.8568 classification=0.0909, bbox_regression=0.0834, bbox_ctrness=0.6059
epoch 7/50 iter 1820/1860 loss=0.7959 mean_loss=0.8566 classification=0.0852, bbox_regression=0.1119, bbox_ctrness=0.5988
epoch 7/50 iter 1840/1860 loss=0.7599 mean_loss=0.8564 classification=0.0760, bbox_regression=0.0931, bbox_ctrness=0.5908
epoch 7/50 iter 1860/1860 loss=0.8514 mean_loss=0.8566 classification=0.0924, bbox_regression=0.1462, bbox_ctrness=0.6129
epoch 7 validation Precision=0.2777 Recall=0.9770 AP50=0.9395 AP75=0.8005 eval_fps=19.10 epoch_time_sec=904.7
saved checkpoint: E:\RepViT-main\runs\v48_complete_ablation\training\early_moddrop_seed2\weights\last.pt
epoch 8/50 iter 1/1860 loss=0.8434 mean_loss=0.8434 classification=0.1151, bbox_regression=0.1236, bbox_ctrness=0.6047
epoch 8/50 iter 20/1860 loss=0.7548 mean_loss=0.7947 classification=0.0712, bbox_regression=0.0861, bbox_ctrness=0.5976
epoch 8/50 iter 40/1860 loss=0.7259 mean_loss=0.8045 classification=0.0466, bbox_regression=0.0902, bbox_ctrness=0.5891
epoch 8/50 iter 60/1860 loss=0.9659 mean_loss=0.8125 classification=0.1618, bbox_regression=0.1855, bbox_ctrness=0.6186
epoch 8/50 iter 80/1860 loss=0.7271 mean_loss=0.8165 classification=0.0280, bbox_regression=0.0916, bbox_ctrness=0.6075
epoch 8/50 iter 100/1860 loss=0.8988 mean_loss=0.8226 classification=0.1339, bbox_regression=0.1513, bbox_ctrness=0.6136
epoch 8/50 iter 120/1860 loss=0.7728 mean_loss=0.8280 classification=0.0630, bbox_regression=0.1017, bbox_ctrness=0.6081
epoch 8/50 iter 140/1860 loss=1.0118 mean_loss=0.8281 classification=0.2090, bbox_regression=0.1966, bbox_ctrness=0.6061
epoch 8/50 iter 160/1860 loss=0.8369 mean_loss=0.8341 classification=0.1253, bbox_regression=0.1107, bbox_ctrness=0.6009
epoch 8/50 iter 180/1860 loss=0.8748 mean_loss=0.8406 classification=0.1590, bbox_regression=0.1253, bbox_ctrness=0.5905
epoch 8/50 iter 200/1860 loss=0.7459 mean_loss=0.8419 classification=0.0509, bbox_regression=0.0892, bbox_ctrness=0.6058
epoch 8/50 iter 220/1860 loss=1.1913 mean_loss=0.8444 classification=0.2975, bbox_regression=0.2697, bbox_ctrness=0.6240
epoch 8/50 iter 240/1860 loss=0.7680 mean_loss=0.8420 classification=0.0629, bbox_regression=0.0922, bbox_ctrness=0.6129
epoch 8/50 iter 260/1860 loss=0.8165 mean_loss=0.8428 classification=0.0911, bbox_regression=0.1205, bbox_ctrness=0.6049
epoch 8/50 iter 280/1860 loss=0.8205 mean_loss=0.8501 classification=0.1147, bbox_regression=0.1146, bbox_ctrness=0.5912
epoch 8/50 iter 300/1860 loss=0.7522 mean_loss=0.8490 classification=0.0731, bbox_regression=0.0889, bbox_ctrness=0.5902
epoch 8/50 iter 320/1860 loss=0.8073 mean_loss=0.8468 classification=0.0727, bbox_regression=0.1152, bbox_ctrness=0.6194
epoch 8/50 iter 340/1860 loss=0.8788 mean_loss=0.8471 classification=0.1505, bbox_regression=0.1389, bbox_ctrness=0.5894
epoch 8/50 iter 360/1860 loss=1.1765 mean_loss=0.8449 classification=0.2669, bbox_regression=0.2548, bbox_ctrness=0.6549
epoch 8/50 iter 380/1860 loss=0.7793 mean_loss=0.8454 classification=0.0613, bbox_regression=0.1132, bbox_ctrness=0.6048
epoch 8/50 iter 400/1860 loss=0.7756 mean_loss=0.8425 classification=0.0714, bbox_regression=0.0912, bbox_ctrness=0.6130
epoch 8/50 iter 420/1860 loss=1.3458 mean_loss=0.8405 classification=0.4193, bbox_regression=0.3204, bbox_ctrness=0.6062
epoch 8/50 iter 440/1860 loss=0.7408 mean_loss=0.8394 classification=0.0463, bbox_regression=0.0717, bbox_ctrness=0.6228
epoch 8/50 iter 460/1860 loss=0.7802 mean_loss=0.8390 classification=0.0655, bbox_regression=0.1110, bbox_ctrness=0.6038
epoch 8/50 iter 480/1860 loss=1.0554 mean_loss=0.8401 classification=0.2523, bbox_regression=0.1865, bbox_ctrness=0.6166
epoch 8/50 iter 500/1860 loss=0.8866 mean_loss=0.8398 classification=0.1778, bbox_regression=0.0976, bbox_ctrness=0.6111
epoch 8/50 iter 520/1860 loss=0.7452 mean_loss=0.8421 classification=0.0457, bbox_regression=0.0818, bbox_ctrness=0.6176
epoch 8/50 iter 540/1860 loss=0.8637 mean_loss=0.8424 classification=0.0998, bbox_regression=0.1451, bbox_ctrness=0.6188
epoch 8/50 iter 560/1860 loss=0.9064 mean_loss=0.8408 classification=0.1691, bbox_regression=0.1428, bbox_ctrness=0.5945
epoch 8/50 iter 580/1860 loss=1.0933 mean_loss=0.8420 classification=0.2604, bbox_regression=0.2157, bbox_ctrness=0.6173
epoch 8/50 iter 600/1860 loss=0.8387 mean_loss=0.8434 classification=0.1013, bbox_regression=0.1276, bbox_ctrness=0.6098
epoch 8/50 iter 620/1860 loss=1.0068 mean_loss=0.8425 classification=0.2406, bbox_regression=0.1576, bbox_ctrness=0.6085
epoch 8/50 iter 640/1860 loss=0.7968 mean_loss=0.8420 classification=0.1039, bbox_regression=0.1054, bbox_ctrness=0.5875
epoch 8/50 iter 660/1860 loss=0.8021 mean_loss=0.8405 classification=0.0872, bbox_regression=0.1112, bbox_ctrness=0.6037
epoch 8/50 iter 680/1860 loss=0.7764 mean_loss=0.8400 classification=0.0657, bbox_regression=0.0949, bbox_ctrness=0.6158
epoch 8/50 iter 700/1860 loss=0.9263 mean_loss=0.8400 classification=0.1481, bbox_regression=0.1550, bbox_ctrness=0.6232
epoch 8/50 iter 720/1860 loss=0.9432 mean_loss=0.8409 classification=0.1493, bbox_regression=0.1798, bbox_ctrness=0.6140
epoch 8/50 iter 740/1860 loss=0.7506 mean_loss=0.8391 classification=0.0632, bbox_regression=0.0843, bbox_ctrness=0.6031
epoch 8/50 iter 760/1860 loss=0.8108 mean_loss=0.8386 classification=0.0973, bbox_regression=0.1110, bbox_ctrness=0.6025
epoch 8/50 iter 780/1860 loss=0.8079 mean_loss=0.8389 classification=0.1130, bbox_regression=0.0966, bbox_ctrness=0.5983
epoch 8/50 iter 800/1860 loss=0.7557 mean_loss=0.8396 classification=0.0651, bbox_regression=0.0968, bbox_ctrness=0.5938
epoch 8/50 iter 820/1860 loss=1.3083 mean_loss=0.8396 classification=0.3362, bbox_regression=0.3211, bbox_ctrness=0.6511
epoch 8/50 iter 840/1860 loss=0.8040 mean_loss=0.8400 classification=0.0944, bbox_regression=0.1107, bbox_ctrness=0.5990
epoch 8/50 iter 860/1860 loss=1.3958 mean_loss=0.8408 classification=0.4169, bbox_regression=0.3188, bbox_ctrness=0.6602
epoch 8/50 iter 880/1860 loss=0.8454 mean_loss=0.8408 classification=0.0766, bbox_regression=0.1485, bbox_ctrness=0.6203
epoch 8/50 iter 900/1860 loss=0.8598 mean_loss=0.8400 classification=0.1159, bbox_regression=0.1446, bbox_ctrness=0.5992
epoch 8/50 iter 920/1860 loss=0.8840 mean_loss=0.8390 classification=0.1380, bbox_regression=0.1351, bbox_ctrness=0.6109
epoch 8/50 iter 940/1860 loss=0.7795 mean_loss=0.8383 classification=0.0520, bbox_regression=0.1171, bbox_ctrness=0.6104
epoch 8/50 iter 960/1860 loss=0.7320 mean_loss=0.8389 classification=0.0480, bbox_regression=0.0866, bbox_ctrness=0.5974
epoch 8/50 iter 980/1860 loss=0.8139 mean_loss=0.8381 classification=0.0820, bbox_regression=0.1099, bbox_ctrness=0.6220
epoch 8/50 iter 1000/1860 loss=0.9674 mean_loss=0.8385 classification=0.1784, bbox_regression=0.1761, bbox_ctrness=0.6130
epoch 8/50 iter 1020/1860 loss=0.7282 mean_loss=0.8391 classification=0.0355, bbox_regression=0.0954, bbox_ctrness=0.5973
epoch 8/50 iter 1040/1860 loss=1.1851 mean_loss=0.8416 classification=0.2952, bbox_regression=0.2619, bbox_ctrness=0.6280
epoch 8/50 iter 1060/1860 loss=0.8328 mean_loss=0.8410 classification=0.0868, bbox_regression=0.1395, bbox_ctrness=0.6065
epoch 8/50 iter 1080/1860 loss=0.8847 mean_loss=0.8407 classification=0.1147, bbox_regression=0.1540, bbox_ctrness=0.6161
epoch 8/50 iter 1100/1860 loss=0.8557 mean_loss=0.8404 classification=0.1011, bbox_regression=0.1376, bbox_ctrness=0.6169
epoch 8/50 iter 1120/1860 loss=0.7483 mean_loss=0.8395 classification=0.0827, bbox_regression=0.0760, bbox_ctrness=0.5897
epoch 8/50 iter 1140/1860 loss=0.7574 mean_loss=0.8401 classification=0.0789, bbox_regression=0.0770, bbox_ctrness=0.6015
epoch 8/50 iter 1160/1860 loss=0.9081 mean_loss=0.8394 classification=0.1405, bbox_regression=0.1581, bbox_ctrness=0.6095
epoch 8/50 iter 1180/1860 loss=0.7461 mean_loss=0.8384 classification=0.0589, bbox_regression=0.0881, bbox_ctrness=0.5990
epoch 8/50 iter 1200/1860 loss=0.8108 mean_loss=0.8386 classification=0.1102, bbox_regression=0.0989, bbox_ctrness=0.6018
epoch 8/50 iter 1220/1860 loss=1.2786 mean_loss=0.8390 classification=0.3978, bbox_regression=0.2505, bbox_ctrness=0.6303
epoch 8/50 iter 1240/1860 loss=0.7547 mean_loss=0.8391 classification=0.0557, bbox_regression=0.0894, bbox_ctrness=0.6097
epoch 8/50 iter 1260/1860 loss=0.7457 mean_loss=0.8390 classification=0.0534, bbox_regression=0.0859, bbox_ctrness=0.6064
epoch 8/50 iter 1280/1860 loss=0.7906 mean_loss=0.8389 classification=0.0743, bbox_regression=0.1130, bbox_ctrness=0.6033
epoch 8/50 iter 1300/1860 loss=0.7434 mean_loss=0.8395 classification=0.0622, bbox_regression=0.0780, bbox_ctrness=0.6031
epoch 8/50 iter 1320/1860 loss=0.7626 mean_loss=0.8394 classification=0.0407, bbox_regression=0.1074, bbox_ctrness=0.6145
epoch 8/50 iter 1340/1860 loss=0.8589 mean_loss=0.8389 classification=0.1380, bbox_regression=0.1123, bbox_ctrness=0.6086
epoch 8/50 iter 1360/1860 loss=0.7175 mean_loss=0.8385 classification=0.0242, bbox_regression=0.0744, bbox_ctrness=0.6189
epoch 8/50 iter 1380/1860 loss=0.7669 mean_loss=0.8385 classification=0.0874, bbox_regression=0.0795, bbox_ctrness=0.6000
epoch 8/50 iter 1400/1860 loss=0.7788 mean_loss=0.8382 classification=0.0553, bbox_regression=0.1074, bbox_ctrness=0.6162
epoch 8/50 iter 1420/1860 loss=0.7702 mean_loss=0.8385 classification=0.0694, bbox_regression=0.0919, bbox_ctrness=0.6089
epoch 8/50 iter 1440/1860 loss=0.8308 mean_loss=0.8386 classification=0.0878, bbox_regression=0.1258, bbox_ctrness=0.6172
epoch 8/50 iter 1460/1860 loss=0.7400 mean_loss=0.8381 classification=0.0429, bbox_regression=0.1047, bbox_ctrness=0.5924
epoch 8/50 iter 1480/1860 loss=0.7581 mean_loss=0.8387 classification=0.0599, bbox_regression=0.0881, bbox_ctrness=0.6101
epoch 8/50 iter 1500/1860 loss=0.8135 mean_loss=0.8388 classification=0.0989, bbox_regression=0.1155, bbox_ctrness=0.5991
epoch 8/50 iter 1520/1860 loss=0.7475 mean_loss=0.8387 classification=0.0831, bbox_regression=0.0720, bbox_ctrness=0.5924
epoch 8/50 iter 1540/1860 loss=0.9980 mean_loss=0.8389 classification=0.1784, bbox_regression=0.1959, bbox_ctrness=0.6237
epoch 8/50 iter 1560/1860 loss=0.8240 mean_loss=0.8392 classification=0.0908, bbox_regression=0.1156, bbox_ctrness=0.6177
epoch 8/50 iter 1580/1860 loss=0.7164 mean_loss=0.8393 classification=0.0469, bbox_regression=0.0913, bbox_ctrness=0.5782
epoch 8/50 iter 1600/1860 loss=0.8354 mean_loss=0.8390 classification=0.0751, bbox_regression=0.1438, bbox_ctrness=0.6165
epoch 8/50 iter 1620/1860 loss=0.8847 mean_loss=0.8388 classification=0.1321, bbox_regression=0.1341, bbox_ctrness=0.6185
epoch 8/50 iter 1640/1860 loss=0.9143 mean_loss=0.8389 classification=0.1782, bbox_regression=0.1346, bbox_ctrness=0.6016
epoch 8/50 iter 1660/1860 loss=0.8084 mean_loss=0.8385 classification=0.0790, bbox_regression=0.1201, bbox_ctrness=0.6093
epoch 8/50 iter 1680/1860 loss=0.7134 mean_loss=0.8383 classification=0.0407, bbox_regression=0.0710, bbox_ctrness=0.6016
epoch 8/50 iter 1700/1860 loss=0.8395 mean_loss=0.8384 classification=0.1276, bbox_regression=0.1128, bbox_ctrness=0.5990
epoch 8/50 iter 1720/1860 loss=0.7489 mean_loss=0.8381 classification=0.0442, bbox_regression=0.0890, bbox_ctrness=0.6157
epoch 8/50 iter 1740/1860 loss=0.8253 mean_loss=0.8380 classification=0.1039, bbox_regression=0.1140, bbox_ctrness=0.6074
epoch 8/50 iter 1760/1860 loss=0.8270 mean_loss=0.8379 classification=0.0862, bbox_regression=0.1179, bbox_ctrness=0.6229
epoch 8/50 iter 1780/1860 loss=0.8037 mean_loss=0.8380 classification=0.0998, bbox_regression=0.1015, bbox_ctrness=0.6023
epoch 8/50 iter 1800/1860 loss=0.8779 mean_loss=0.8382 classification=0.1097, bbox_regression=0.1344, bbox_ctrness=0.6338
epoch 8/50 iter 1820/1860 loss=0.7281 mean_loss=0.8380 classification=0.0637, bbox_regression=0.0720, bbox_ctrness=0.5924
epoch 8/50 iter 1840/1860 loss=0.8106 mean_loss=0.8381 classification=0.1029, bbox_regression=0.1106, bbox_ctrness=0.5972
epoch 8/50 iter 1860/1860 loss=0.8113 mean_loss=0.8380 classification=0.1049, bbox_regression=0.1074, bbox_ctrness=0.5990
epoch 8 validation Precision=0.2877 Recall=0.9736 AP50=0.9354 AP75=0.8254 eval_fps=19.90 epoch_time_sec=885.5
saved checkpoint: E:\RepViT-main\runs\v48_complete_ablation\training\early_moddrop_seed2\weights\last.pt
epoch 9/50 iter 1/1860 loss=0.7395 mean_loss=0.7395 classification=0.0453, bbox_regression=0.0884, bbox_ctrness=0.6058
epoch 9/50 iter 20/1860 loss=0.7961 mean_loss=0.8014 classification=0.0679, bbox_regression=0.1118, bbox_ctrness=0.6164
epoch 9/50 iter 40/1860 loss=0.7133 mean_loss=0.7882 classification=0.0194, bbox_regression=0.0848, bbox_ctrness=0.6091
epoch 9/50 iter 60/1860 loss=0.7203 mean_loss=0.7853 classification=0.0291, bbox_regression=0.0780, bbox_ctrness=0.6133
epoch 9/50 iter 80/1860 loss=0.7295 mean_loss=0.7843 classification=0.0470, bbox_regression=0.0896, bbox_ctrness=0.5929
epoch 9/50 iter 100/1860 loss=1.0265 mean_loss=0.7849 classification=0.2247, bbox_regression=0.1927, bbox_ctrness=0.6090
epoch 9/50 iter 120/1860 loss=0.9430 mean_loss=0.7909 classification=0.1512, bbox_regression=0.1667, bbox_ctrness=0.6251
epoch 9/50 iter 140/1860 loss=0.7622 mean_loss=0.7953 classification=0.0639, bbox_regression=0.0992, bbox_ctrness=0.5992
epoch 9/50 iter 160/1860 loss=0.7547 mean_loss=0.7940 classification=0.0422, bbox_regression=0.1067, bbox_ctrness=0.6058
epoch 9/50 iter 180/1860 loss=0.7281 mean_loss=0.7967 classification=0.0357, bbox_regression=0.0714, bbox_ctrness=0.6210
epoch 9/50 iter 200/1860 loss=0.8109 mean_loss=0.7972 classification=0.0903, bbox_regression=0.1114, bbox_ctrness=0.6092
epoch 9/50 iter 220/1860 loss=0.7046 mean_loss=0.7964 classification=0.0267, bbox_regression=0.0744, bbox_ctrness=0.6035
epoch 9/50 iter 240/1860 loss=0.8991 mean_loss=0.7995 classification=0.1386, bbox_regression=0.1414, bbox_ctrness=0.6191
epoch 9/50 iter 260/1860 loss=0.8401 mean_loss=0.8027 classification=0.1106, bbox_regression=0.1245, bbox_ctrness=0.6050
epoch 9/50 iter 280/1860 loss=0.7596 mean_loss=0.8044 classification=0.0592, bbox_regression=0.0957, bbox_ctrness=0.6047
epoch 9/50 iter 300/1860 loss=1.5083 mean_loss=0.8076 classification=0.5398, bbox_regression=0.3124, bbox_ctrness=0.6561
epoch 9/50 iter 320/1860 loss=0.7024 mean_loss=0.8087 classification=0.0314, bbox_regression=0.0710, bbox_ctrness=0.6000
epoch 9/50 iter 340/1860 loss=0.7605 mean_loss=0.8098 classification=0.0546, bbox_regression=0.0970, bbox_ctrness=0.6089
epoch 9/50 iter 360/1860 loss=0.9645 mean_loss=0.8100 classification=0.1908, bbox_regression=0.1693, bbox_ctrness=0.6044
epoch 9/50 iter 380/1860 loss=0.8140 mean_loss=0.8104 classification=0.0808, bbox_regression=0.1294, bbox_ctrness=0.6038
epoch 9/50 iter 400/1860 loss=0.7191 mean_loss=0.8103 classification=0.0428, bbox_regression=0.0840, bbox_ctrness=0.5923
epoch 9/50 iter 420/1860 loss=0.7236 mean_loss=0.8094 classification=0.0444, bbox_regression=0.0807, bbox_ctrness=0.5985
epoch 9/50 iter 440/1860 loss=0.7199 mean_loss=0.8099 classification=0.0419, bbox_regression=0.0813, bbox_ctrness=0.5967
epoch 9/50 iter 460/1860 loss=0.9836 mean_loss=0.8107 classification=0.1426, bbox_regression=0.2131, bbox_ctrness=0.6280
epoch 9/50 iter 480/1860 loss=0.7290 mean_loss=0.8099 classification=0.0469, bbox_regression=0.0851, bbox_ctrness=0.5969
epoch 9/50 iter 500/1860 loss=0.8518 mean_loss=0.8103 classification=0.1064, bbox_regression=0.1277, bbox_ctrness=0.6177
epoch 9/50 iter 520/1860 loss=0.8413 mean_loss=0.8113 classification=0.1203, bbox_regression=0.1151, bbox_ctrness=0.6059
epoch 9/50 iter 540/1860 loss=0.9240 mean_loss=0.8112 classification=0.1306, bbox_regression=0.1702, bbox_ctrness=0.6233
epoch 9/50 iter 560/1860 loss=0.7676 mean_loss=0.8111 classification=0.0726, bbox_regression=0.1014, bbox_ctrness=0.5935
epoch 9/50 iter 580/1860 loss=0.7247 mean_loss=0.8101 classification=0.0373, bbox_regression=0.0729, bbox_ctrness=0.6145
epoch 9/50 iter 600/1860 loss=0.7032 mean_loss=0.8097 classification=0.0260, bbox_regression=0.0787, bbox_ctrness=0.5986
epoch 9/50 iter 620/1860 loss=0.8733 mean_loss=0.8094 classification=0.1171, bbox_regression=0.1461, bbox_ctrness=0.6100
epoch 9/50 iter 640/1860 loss=0.8913 mean_loss=0.8088 classification=0.1545, bbox_regression=0.1255, bbox_ctrness=0.6113
epoch 9/50 iter 660/1860 loss=0.7412 mean_loss=0.8079 classification=0.0559, bbox_regression=0.0903, bbox_ctrness=0.5950
epoch 9/50 iter 680/1860 loss=0.7313 mean_loss=0.8075 classification=0.0331, bbox_regression=0.1045, bbox_ctrness=0.5937
epoch 9/50 iter 700/1860 loss=0.7252 mean_loss=0.8074 classification=0.0309, bbox_regression=0.0767, bbox_ctrness=0.6176
epoch 9/50 iter 720/1860 loss=0.8939 mean_loss=0.8083 classification=0.1486, bbox_regression=0.1325, bbox_ctrness=0.6127
epoch 9/50 iter 740/1860 loss=0.7347 mean_loss=0.8080 classification=0.0577, bbox_regression=0.0820, bbox_ctrness=0.5950
epoch 9/50 iter 760/1860 loss=0.7772 mean_loss=0.8089 classification=0.0870, bbox_regression=0.0927, bbox_ctrness=0.5975
epoch 9/50 iter 780/1860 loss=0.7309 mean_loss=0.8089 classification=0.0378, bbox_regression=0.0815, bbox_ctrness=0.6117
epoch 9/50 iter 800/1860 loss=1.1682 mean_loss=0.8082 classification=0.3305, bbox_regression=0.2316, bbox_ctrness=0.6061
epoch 9/50 iter 820/1860 loss=0.9711 mean_loss=0.8109 classification=0.1735, bbox_regression=0.1636, bbox_ctrness=0.6340
epoch 9/50 iter 840/1860 loss=0.8405 mean_loss=0.8113 classification=0.0783, bbox_regression=0.1439, bbox_ctrness=0.6183
epoch 9/50 iter 860/1860 loss=0.7738 mean_loss=0.8119 classification=0.0918, bbox_regression=0.0904, bbox_ctrness=0.5916
epoch 9/50 iter 880/1860 loss=0.8840 mean_loss=0.8125 classification=0.1265, bbox_regression=0.1592, bbox_ctrness=0.5983
epoch 9/50 iter 900/1860 loss=0.8100 mean_loss=0.8130 classification=0.0569, bbox_regression=0.1297, bbox_ctrness=0.6234
epoch 9/50 iter 920/1860 loss=0.7591 mean_loss=0.8129 classification=0.0767, bbox_regression=0.0847, bbox_ctrness=0.5976
epoch 9/50 iter 940/1860 loss=1.0271 mean_loss=0.8141 classification=0.1992, bbox_regression=0.2118, bbox_ctrness=0.6160
epoch 9/50 iter 960/1860 loss=0.7400 mean_loss=0.8145 classification=0.0590, bbox_regression=0.0759, bbox_ctrness=0.6051
epoch 9/50 iter 980/1860 loss=0.7924 mean_loss=0.8151 classification=0.0816, bbox_regression=0.1017, bbox_ctrness=0.6092
epoch 9/50 iter 1000/1860 loss=0.9180 mean_loss=0.8150 classification=0.1275, bbox_regression=0.1712, bbox_ctrness=0.6193
epoch 9/50 iter 1020/1860 loss=0.8793 mean_loss=0.8152 classification=0.0971, bbox_regression=0.1575, bbox_ctrness=0.6248
epoch 9/50 iter 1040/1860 loss=0.7902 mean_loss=0.8165 classification=0.0776, bbox_regression=0.1093, bbox_ctrness=0.6032
epoch 9/50 iter 1060/1860 loss=0.7150 mean_loss=0.8164 classification=0.0470, bbox_regression=0.0882, bbox_ctrness=0.5797
epoch 9/50 iter 1080/1860 loss=1.0865 mean_loss=0.8167 classification=0.2514, bbox_regression=0.2102, bbox_ctrness=0.6249
epoch 9/50 iter 1100/1860 loss=0.7150 mean_loss=0.8171 classification=0.0508, bbox_regression=0.0747, bbox_ctrness=0.5895
epoch 9/50 iter 1120/1860 loss=0.7433 mean_loss=0.8170 classification=0.0493, bbox_regression=0.0979, bbox_ctrness=0.5961
epoch 9/50 iter 1140/1860 loss=0.7473 mean_loss=0.8183 classification=0.0437, bbox_regression=0.1021, bbox_ctrness=0.6015
epoch 9/50 iter 1160/1860 loss=0.7262 mean_loss=0.8180 classification=0.0461, bbox_regression=0.0932, bbox_ctrness=0.5869
epoch 9/50 iter 1180/1860 loss=0.7783 mean_loss=0.8175 classification=0.0773, bbox_regression=0.0917, bbox_ctrness=0.6094
epoch 9/50 iter 1200/1860 loss=0.7690 mean_loss=0.8184 classification=0.0954, bbox_regression=0.0942, bbox_ctrness=0.5793
epoch 9/50 iter 1220/1860 loss=1.1000 mean_loss=0.8186 classification=0.2635, bbox_regression=0.2349, bbox_ctrness=0.6017
epoch 9/50 iter 1240/1860 loss=0.8616 mean_loss=0.8185 classification=0.1511, bbox_regression=0.1187, bbox_ctrness=0.5918
epoch 9/50 iter 1260/1860 loss=0.7840 mean_loss=0.8190 classification=0.0694, bbox_regression=0.1158, bbox_ctrness=0.5988
epoch 9/50 iter 1280/1860 loss=0.8994 mean_loss=0.8194 classification=0.1346, bbox_regression=0.1395, bbox_ctrness=0.6254
epoch 9/50 iter 1300/1860 loss=0.7228 mean_loss=0.8192 classification=0.0363, bbox_regression=0.0819, bbox_ctrness=0.6046
epoch 9/50 iter 1320/1860 loss=0.7989 mean_loss=0.8189 classification=0.0696, bbox_regression=0.1173, bbox_ctrness=0.6119
epoch 9/50 iter 1340/1860 loss=1.5455 mean_loss=0.8194 classification=0.4081, bbox_regression=0.4210, bbox_ctrness=0.7164
epoch 9/50 iter 1360/1860 loss=1.0635 mean_loss=0.8195 classification=0.2319, bbox_regression=0.2097, bbox_ctrness=0.6219
epoch 9/50 iter 1380/1860 loss=0.9584 mean_loss=0.8198 classification=0.1656, bbox_regression=0.1764, bbox_ctrness=0.6164
epoch 9/50 iter 1400/1860 loss=0.7290 mean_loss=0.8196 classification=0.0586, bbox_regression=0.0778, bbox_ctrness=0.5926
epoch 9/50 iter 1420/1860 loss=0.9689 mean_loss=0.8202 classification=0.2081, bbox_regression=0.1642, bbox_ctrness=0.5966
epoch 9/50 iter 1440/1860 loss=0.8430 mean_loss=0.8208 classification=0.1066, bbox_regression=0.1145, bbox_ctrness=0.6218
epoch 9/50 iter 1460/1860 loss=0.7382 mean_loss=0.8207 classification=0.0700, bbox_regression=0.0781, bbox_ctrness=0.5901
epoch 9/50 iter 1480/1860 loss=0.7265 mean_loss=0.8204 classification=0.0385, bbox_regression=0.0693, bbox_ctrness=0.6188
epoch 9/50 iter 1500/1860 loss=0.8122 mean_loss=0.8208 classification=0.0901, bbox_regression=0.1010, bbox_ctrness=0.6211
epoch 9/50 iter 1520/1860 loss=0.8768 mean_loss=0.8214 classification=0.1088, bbox_regression=0.1462, bbox_ctrness=0.6219
epoch 9/50 iter 1540/1860 loss=0.8039 mean_loss=0.8213 classification=0.0710, bbox_regression=0.1129, bbox_ctrness=0.6199
epoch 9/50 iter 1560/1860 loss=1.1215 mean_loss=0.8214 classification=0.2706, bbox_regression=0.2372, bbox_ctrness=0.6137
epoch 9/50 iter 1580/1860 loss=0.6889 mean_loss=0.8208 classification=0.0330, bbox_regression=0.0673, bbox_ctrness=0.5885
epoch 9/50 iter 1600/1860 loss=0.7571 mean_loss=0.8212 classification=0.0511, bbox_regression=0.0916, bbox_ctrness=0.6144
epoch 9/50 iter 1620/1860 loss=0.8262 mean_loss=0.8212 classification=0.0949, bbox_regression=0.1176, bbox_ctrness=0.6137
epoch 9/50 iter 1640/1860 loss=0.9974 mean_loss=0.8214 classification=0.2241, bbox_regression=0.1678, bbox_ctrness=0.6055
epoch 9/50 iter 1660/1860 loss=0.7786 mean_loss=0.8214 classification=0.0869, bbox_regression=0.0946, bbox_ctrness=0.5971
epoch 9/50 iter 1680/1860 loss=0.7896 mean_loss=0.8211 classification=0.0944, bbox_regression=0.1004, bbox_ctrness=0.5948
epoch 9/50 iter 1700/1860 loss=0.7652 mean_loss=0.8208 classification=0.0789, bbox_regression=0.0960, bbox_ctrness=0.5903
epoch 9/50 iter 1720/1860 loss=0.7911 mean_loss=0.8209 classification=0.1082, bbox_regression=0.0978, bbox_ctrness=0.5851
epoch 9/50 iter 1740/1860 loss=0.7465 mean_loss=0.8207 classification=0.0547, bbox_regression=0.0874, bbox_ctrness=0.6045
epoch 9/50 iter 1760/1860 loss=0.7571 mean_loss=0.8209 classification=0.0298, bbox_regression=0.1249, bbox_ctrness=0.6024
epoch 9/50 iter 1780/1860 loss=0.7273 mean_loss=0.8212 classification=0.0375, bbox_regression=0.0968, bbox_ctrness=0.5929
epoch 9/50 iter 1800/1860 loss=0.8417 mean_loss=0.8214 classification=0.1133, bbox_regression=0.1151, bbox_ctrness=0.6133
epoch 9/50 iter 1820/1860 loss=0.8819 mean_loss=0.8215 classification=0.1392, bbox_regression=0.1317, bbox_ctrness=0.6109
epoch 9/50 iter 1840/1860 loss=0.8184 mean_loss=0.8217 classification=0.1278, bbox_regression=0.0879, bbox_ctrness=0.6027
epoch 9/50 iter 1860/1860 loss=0.9286 mean_loss=0.8216 classification=0.1867, bbox_regression=0.1490, bbox_ctrness=0.5929
epoch 9 validation Precision=0.4417 Recall=0.9519 AP50=0.9246 AP75=0.8188 eval_fps=20.89 epoch_time_sec=880.1
saved checkpoint: E:\RepViT-main\runs\v48_complete_ablation\training\early_moddrop_seed2\weights\last.pt
epoch 10/50 iter 1/1860 loss=0.8753 mean_loss=0.8753 classification=0.1379, bbox_regression=0.1368, bbox_ctrness=0.6006
epoch 10/50 iter 20/1860 loss=0.7381 mean_loss=0.8367 classification=0.0549, bbox_regression=0.0855, bbox_ctrness=0.5977
epoch 10/50 iter 40/1860 loss=0.7935 mean_loss=0.8260 classification=0.0795, bbox_regression=0.1078, bbox_ctrness=0.6062
epoch 10/50 iter 60/1860 loss=0.9980 mean_loss=0.8289 classification=0.1833, bbox_regression=0.2027, bbox_ctrness=0.6120
epoch 10/50 iter 80/1860 loss=0.7515 mean_loss=0.8184 classification=0.0684, bbox_regression=0.0878, bbox_ctrness=0.5953
epoch 10/50 iter 100/1860 loss=1.1277 mean_loss=0.8205 classification=0.2530, bbox_regression=0.2474, bbox_ctrness=0.6273
epoch 10/50 iter 120/1860 loss=0.7835 mean_loss=0.8220 classification=0.0849, bbox_regression=0.0952, bbox_ctrness=0.6035
epoch 10/50 iter 140/1860 loss=0.8018 mean_loss=0.8142 classification=0.0653, bbox_regression=0.1209, bbox_ctrness=0.6156
epoch 10/50 iter 160/1860 loss=0.7016 mean_loss=0.8116 classification=0.0346, bbox_regression=0.0618, bbox_ctrness=0.6052
epoch 10/50 iter 180/1860 loss=0.8267 mean_loss=0.8107 classification=0.0755, bbox_regression=0.1296, bbox_ctrness=0.6217
epoch 10/50 iter 200/1860 loss=0.9302 mean_loss=0.8125 classification=0.1401, bbox_regression=0.1657, bbox_ctrness=0.6245
epoch 10/50 iter 220/1860 loss=0.7289 mean_loss=0.8129 classification=0.0517, bbox_regression=0.0786, bbox_ctrness=0.5986
epoch 10/50 iter 240/1860 loss=0.7736 mean_loss=0.8139 classification=0.0476, bbox_regression=0.1059, bbox_ctrness=0.6201
epoch 10/50 iter 260/1860 loss=0.6968 mean_loss=0.8124 classification=0.0249, bbox_regression=0.0777, bbox_ctrness=0.5942
epoch 10/50 iter 280/1860 loss=0.9022 mean_loss=0.8136 classification=0.1385, bbox_regression=0.1477, bbox_ctrness=0.6160
epoch 10/50 iter 300/1860 loss=0.7257 mean_loss=0.8169 classification=0.0666, bbox_regression=0.0661, bbox_ctrness=0.5931
epoch 10/50 iter 320/1860 loss=0.8460 mean_loss=0.8174 classification=0.0950, bbox_regression=0.1379, bbox_ctrness=0.6131
epoch 10/50 iter 340/1860 loss=0.7041 mean_loss=0.8143 classification=0.0139, bbox_regression=0.0811, bbox_ctrness=0.6090
epoch 10/50 iter 360/1860 loss=0.7478 mean_loss=0.8150 classification=0.0512, bbox_regression=0.0872, bbox_ctrness=0.6094
epoch 10/50 iter 380/1860 loss=0.7223 mean_loss=0.8145 classification=0.0425, bbox_regression=0.0754, bbox_ctrness=0.6044
epoch 10/50 iter 400/1860 loss=0.8078 mean_loss=0.8124 classification=0.0651, bbox_regression=0.1459, bbox_ctrness=0.5969
epoch 10/50 iter 420/1860 loss=0.6935 mean_loss=0.8124 classification=0.0312, bbox_regression=0.0706, bbox_ctrness=0.5918
epoch 10/50 iter 440/1860 loss=0.9737 mean_loss=0.8138 classification=0.1974, bbox_regression=0.1726, bbox_ctrness=0.6036
epoch 10/50 iter 460/1860 loss=0.7092 mean_loss=0.8115 classification=0.0412, bbox_regression=0.0632, bbox_ctrness=0.6048
epoch 10/50 iter 480/1860 loss=0.7051 mean_loss=0.8110 classification=0.0195, bbox_regression=0.0854, bbox_ctrness=0.6002
epoch 10/50 iter 500/1860 loss=0.6990 mean_loss=0.8113 classification=0.0272, bbox_regression=0.0768, bbox_ctrness=0.5949
epoch 10/50 iter 520/1860 loss=0.8401 mean_loss=0.8138 classification=0.0845, bbox_regression=0.1283, bbox_ctrness=0.6274
epoch 10/50 iter 540/1860 loss=0.8679 mean_loss=0.8121 classification=0.1334, bbox_regression=0.1221, bbox_ctrness=0.6124
epoch 10/50 iter 560/1860 loss=0.7684 mean_loss=0.8136 classification=0.0708, bbox_regression=0.0984, bbox_ctrness=0.5992
epoch 10/50 iter 580/1860 loss=0.7624 mean_loss=0.8116 classification=0.0529, bbox_regression=0.1211, bbox_ctrness=0.5884
epoch 10/50 iter 600/1860 loss=1.1079 mean_loss=0.8122 classification=0.2599, bbox_regression=0.2284, bbox_ctrness=0.6197
epoch 10/50 iter 620/1860 loss=0.7804 mean_loss=0.8112 classification=0.0534, bbox_regression=0.1196, bbox_ctrness=0.6074
epoch 10/50 iter 640/1860 loss=0.8179 mean_loss=0.8100 classification=0.1096, bbox_regression=0.1104, bbox_ctrness=0.5979
epoch 10/50 iter 660/1860 loss=0.7229 mean_loss=0.8102 classification=0.0552, bbox_regression=0.0733, bbox_ctrness=0.5944
epoch 10/50 iter 680/1860 loss=1.1565 mean_loss=0.8114 classification=0.3626, bbox_regression=0.1849, bbox_ctrness=0.6090
epoch 10/50 iter 700/1860 loss=0.9220 mean_loss=0.8122 classification=0.1782, bbox_regression=0.1345, bbox_ctrness=0.6092
epoch 10/50 iter 720/1860 loss=0.6926 mean_loss=0.8130 classification=0.0440, bbox_regression=0.0693, bbox_ctrness=0.5793
epoch 10/50 iter 740/1860 loss=0.8254 mean_loss=0.8117 classification=0.1153, bbox_regression=0.1145, bbox_ctrness=0.5956
epoch 10/50 iter 760/1860 loss=0.7351 mean_loss=0.8122 classification=0.0455, bbox_regression=0.0907, bbox_ctrness=0.5989
epoch 10/50 iter 780/1860 loss=0.6914 mean_loss=0.8113 classification=0.0190, bbox_regression=0.0715, bbox_ctrness=0.6009
epoch 10/50 iter 800/1860 loss=0.8922 mean_loss=0.8103 classification=0.1553, bbox_regression=0.1379, bbox_ctrness=0.5990
epoch 10/50 iter 820/1860 loss=0.7682 mean_loss=0.8108 classification=0.0542, bbox_regression=0.1019, bbox_ctrness=0.6121
epoch 10/50 iter 840/1860 loss=0.7445 mean_loss=0.8103 classification=0.0408, bbox_regression=0.0961, bbox_ctrness=0.6077
epoch 10/50 iter 860/1860 loss=0.7707 mean_loss=0.8114 classification=0.0765, bbox_regression=0.1023, bbox_ctrness=0.5918
epoch 10/50 iter 880/1860 loss=1.0866 mean_loss=0.8117 classification=0.2825, bbox_regression=0.2065, bbox_ctrness=0.5975
epoch 10/50 iter 900/1860 loss=0.8815 mean_loss=0.8117 classification=0.0663, bbox_regression=0.1765, bbox_ctrness=0.6388
epoch 10/50 iter 920/1860 loss=0.8741 mean_loss=0.8108 classification=0.1725, bbox_regression=0.1058, bbox_ctrness=0.5957
epoch 10/50 iter 940/1860 loss=1.1030 mean_loss=0.8110 classification=0.2081, bbox_regression=0.2578, bbox_ctrness=0.6371
epoch 10/50 iter 960/1860 loss=0.7861 mean_loss=0.8102 classification=0.0777, bbox_regression=0.0955, bbox_ctrness=0.6129
epoch 10/50 iter 980/1860 loss=0.7594 mean_loss=0.8100 classification=0.0626, bbox_regression=0.0900, bbox_ctrness=0.6067
epoch 10/50 iter 1000/1860 loss=0.8646 mean_loss=0.8100 classification=0.0746, bbox_regression=0.1577, bbox_ctrness=0.6323
epoch 10/50 iter 1020/1860 loss=0.7446 mean_loss=0.8097 classification=0.0449, bbox_regression=0.0876, bbox_ctrness=0.6122
epoch 10/50 iter 1040/1860 loss=1.0108 mean_loss=0.8104 classification=0.1903, bbox_regression=0.1752, bbox_ctrness=0.6453
epoch 10/50 iter 1060/1860 loss=0.7284 mean_loss=0.8095 classification=0.0492, bbox_regression=0.0849, bbox_ctrness=0.5943
epoch 10/50 iter 1080/1860 loss=0.7115 mean_loss=0.8090 classification=0.0452, bbox_regression=0.0677, bbox_ctrness=0.5987
epoch 10/50 iter 1100/1860 loss=0.7829 mean_loss=0.8089 classification=0.0825, bbox_regression=0.0941, bbox_ctrness=0.6063
epoch 10/50 iter 1120/1860 loss=0.7375 mean_loss=0.8091 classification=0.0613, bbox_regression=0.0782, bbox_ctrness=0.5981
epoch 10/50 iter 1140/1860 loss=0.7437 mean_loss=0.8086 classification=0.0454, bbox_regression=0.0964, bbox_ctrness=0.6020
epoch 10/50 iter 1160/1860 loss=0.8203 mean_loss=0.8091 classification=0.0952, bbox_regression=0.1192, bbox_ctrness=0.6059
epoch 10/50 iter 1180/1860 loss=0.7880 mean_loss=0.8084 classification=0.0759, bbox_regression=0.1134, bbox_ctrness=0.5986
epoch 10/50 iter 1200/1860 loss=0.7120 mean_loss=0.8088 classification=0.0254, bbox_regression=0.0712, bbox_ctrness=0.6154
epoch 10/50 iter 1220/1860 loss=0.7397 mean_loss=0.8092 classification=0.0362, bbox_regression=0.0908, bbox_ctrness=0.6127
epoch 10/50 iter 1240/1860 loss=0.8398 mean_loss=0.8091 classification=0.1090, bbox_regression=0.1183, bbox_ctrness=0.6125
epoch 10/50 iter 1260/1860 loss=0.7915 mean_loss=0.8086 classification=0.0816, bbox_regression=0.1046, bbox_ctrness=0.6053
epoch 10/50 iter 1280/1860 loss=0.8640 mean_loss=0.8086 classification=0.1176, bbox_regression=0.1387, bbox_ctrness=0.6077
epoch 10/50 iter 1300/1860 loss=0.7009 mean_loss=0.8087 classification=0.0477, bbox_regression=0.0690, bbox_ctrness=0.5842
epoch 10/50 iter 1320/1860 loss=0.7585 mean_loss=0.8089 classification=0.0599, bbox_regression=0.0935, bbox_ctrness=0.6051
epoch 10/50 iter 1340/1860 loss=0.8325 mean_loss=0.8087 classification=0.1253, bbox_regression=0.1154, bbox_ctrness=0.5918
epoch 10/50 iter 1360/1860 loss=0.7928 mean_loss=0.8088 classification=0.0719, bbox_regression=0.1146, bbox_ctrness=0.6063
epoch 10/50 iter 1380/1860 loss=1.0602 mean_loss=0.8090 classification=0.2582, bbox_regression=0.1819, bbox_ctrness=0.6200
epoch 10/50 iter 1400/1860 loss=0.7769 mean_loss=0.8084 classification=0.0585, bbox_regression=0.1215, bbox_ctrness=0.5969
epoch 10/50 iter 1420/1860 loss=0.7823 mean_loss=0.8083 classification=0.0970, bbox_regression=0.0846, bbox_ctrness=0.6007
epoch 10/50 iter 1440/1860 loss=0.7404 mean_loss=0.8082 classification=0.0508, bbox_regression=0.0929, bbox_ctrness=0.5967
epoch 10/50 iter 1460/1860 loss=0.8257 mean_loss=0.8085 classification=0.0837, bbox_regression=0.1231, bbox_ctrness=0.6189
epoch 10/50 iter 1480/1860 loss=0.7674 mean_loss=0.8083 classification=0.0602, bbox_regression=0.1060, bbox_ctrness=0.6012
epoch 10/50 iter 1500/1860 loss=0.9074 mean_loss=0.8078 classification=0.1256, bbox_regression=0.1694, bbox_ctrness=0.6124
epoch 10/50 iter 1520/1860 loss=0.8151 mean_loss=0.8077 classification=0.0879, bbox_regression=0.1229, bbox_ctrness=0.6043
epoch 10/50 iter 1540/1860 loss=0.7429 mean_loss=0.8070 classification=0.0442, bbox_regression=0.0823, bbox_ctrness=0.6164
epoch 10/50 iter 1560/1860 loss=0.7077 mean_loss=0.8069 classification=0.0212, bbox_regression=0.0847, bbox_ctrness=0.6018
epoch 10/50 iter 1580/1860 loss=0.8920 mean_loss=0.8068 classification=0.1582, bbox_regression=0.1311, bbox_ctrness=0.6027
epoch 10/50 iter 1600/1860 loss=0.7925 mean_loss=0.8063 classification=0.0903, bbox_regression=0.0908, bbox_ctrness=0.6114
epoch 10/50 iter 1620/1860 loss=0.8060 mean_loss=0.8063 classification=0.0809, bbox_regression=0.1263, bbox_ctrness=0.5989
epoch 10/50 iter 1640/1860 loss=0.7797 mean_loss=0.8063 classification=0.0653, bbox_regression=0.1110, bbox_ctrness=0.6034
epoch 10/50 iter 1660/1860 loss=0.7294 mean_loss=0.8060 classification=0.0437, bbox_regression=0.0793, bbox_ctrness=0.6064
epoch 10/50 iter 1680/1860 loss=0.9109 mean_loss=0.8058 classification=0.1878, bbox_regression=0.1274, bbox_ctrness=0.5957
epoch 10/50 iter 1700/1860 loss=0.7912 mean_loss=0.8056 classification=0.0756, bbox_regression=0.0954, bbox_ctrness=0.6202
epoch 10/50 iter 1720/1860 loss=0.7406 mean_loss=0.8055 classification=0.0427, bbox_regression=0.0940, bbox_ctrness=0.6039
epoch 10/50 iter 1740/1860 loss=0.7651 mean_loss=0.8055 classification=0.0638, bbox_regression=0.0964, bbox_ctrness=0.6049
epoch 10/50 iter 1760/1860 loss=0.7650 mean_loss=0.8055 classification=0.0535, bbox_regression=0.1075, bbox_ctrness=0.6041
epoch 10/50 iter 1780/1860 loss=0.7654 mean_loss=0.8061 classification=0.0636, bbox_regression=0.0956, bbox_ctrness=0.6062
epoch 10/50 iter 1800/1860 loss=0.7726 mean_loss=0.8063 classification=0.0582, bbox_regression=0.1110, bbox_ctrness=0.6034
epoch 10/50 iter 1820/1860 loss=1.1671 mean_loss=0.8066 classification=0.3024, bbox_regression=0.2373, bbox_ctrness=0.6274
epoch 10/50 iter 1840/1860 loss=0.7408 mean_loss=0.8066 classification=0.0508, bbox_regression=0.0843, bbox_ctrness=0.6057
epoch 10/50 iter 1860/1860 loss=0.8373 mean_loss=0.8066 classification=0.0833, bbox_regression=0.1349, bbox_ctrness=0.6191
epoch 10 validation Precision=0.3254 Recall=0.9690 AP50=0.9362 AP75=0.8310 eval_fps=19.35 epoch_time_sec=888.9
saved checkpoint: E:\RepViT-main\runs\v48_complete_ablation\training\early_moddrop_seed2\weights\last.pt
epoch 11/50 iter 1/1860 loss=0.8240 mean_loss=0.8240 classification=0.0613, bbox_regression=0.1408, bbox_ctrness=0.6219
epoch 11/50 iter 20/1860 loss=0.7370 mean_loss=0.7679 classification=0.0437, bbox_regression=0.0825, bbox_ctrness=0.6108
epoch 11/50 iter 40/1860 loss=0.7737 mean_loss=0.7734 classification=0.0830, bbox_regression=0.0793, bbox_ctrness=0.6114
epoch 11/50 iter 60/1860 loss=1.1525 mean_loss=0.7878 classification=0.2788, bbox_regression=0.2544, bbox_ctrness=0.6193
epoch 11/50 iter 80/1860 loss=0.7687 mean_loss=0.7937 classification=0.0611, bbox_regression=0.1066, bbox_ctrness=0.6010
epoch 11/50 iter 100/1860 loss=0.7169 mean_loss=0.7897 classification=0.0425, bbox_regression=0.0883, bbox_ctrness=0.5860
epoch 11/50 iter 120/1860 loss=0.9069 mean_loss=0.7888 classification=0.1191, bbox_regression=0.1616, bbox_ctrness=0.6262
epoch 11/50 iter 140/1860 loss=0.7527 mean_loss=0.7850 classification=0.0614, bbox_regression=0.0862, bbox_ctrness=0.6051
epoch 11/50 iter 160/1860 loss=0.7723 mean_loss=0.7846 classification=0.0827, bbox_regression=0.0847, bbox_ctrness=0.6048
epoch 11/50 iter 180/1860 loss=0.7582 mean_loss=0.7939 classification=0.0753, bbox_regression=0.0877, bbox_ctrness=0.5952
epoch 11/50 iter 200/1860 loss=0.7773 mean_loss=0.7930 classification=0.0746, bbox_regression=0.1121, bbox_ctrness=0.5906
epoch 11/50 iter 220/1860 loss=0.7393 mean_loss=0.7933 classification=0.0535, bbox_regression=0.0940, bbox_ctrness=0.5918
epoch 11/50 iter 240/1860 loss=0.8084 mean_loss=0.7946 classification=0.0848, bbox_regression=0.1028, bbox_ctrness=0.6207
epoch 11/50 iter 260/1860 loss=0.7427 mean_loss=0.7949 classification=0.0559, bbox_regression=0.0839, bbox_ctrness=0.6029
epoch 11/50 iter 280/1860 loss=1.1669 mean_loss=0.7976 classification=0.3326, bbox_regression=0.2225, bbox_ctrness=0.6119
epoch 11/50 iter 300/1860 loss=1.0204 mean_loss=0.7976 classification=0.2070, bbox_regression=0.1967, bbox_ctrness=0.6168
epoch 11/50 iter 320/1860 loss=0.8769 mean_loss=0.7989 classification=0.1246, bbox_regression=0.1488, bbox_ctrness=0.6035
epoch 11/50 iter 340/1860 loss=0.7203 mean_loss=0.7998 classification=0.0397, bbox_regression=0.0821, bbox_ctrness=0.5984
epoch 11/50 iter 360/1860 loss=0.7358 mean_loss=0.7997 classification=0.0649, bbox_regression=0.0775, bbox_ctrness=0.5934
epoch 11/50 iter 380/1860 loss=0.7420 mean_loss=0.7998 classification=0.0543, bbox_regression=0.0880, bbox_ctrness=0.5997
epoch 11/50 iter 400/1860 loss=0.7322 mean_loss=0.8002 classification=0.0388, bbox_regression=0.0832, bbox_ctrness=0.6102
epoch 11/50 iter 420/1860 loss=0.9753 mean_loss=0.7997 classification=0.1879, bbox_regression=0.1726, bbox_ctrness=0.6147
epoch 11/50 iter 440/1860 loss=0.7144 mean_loss=0.7982 classification=0.0351, bbox_regression=0.0783, bbox_ctrness=0.6010
epoch 11/50 iter 460/1860 loss=0.7545 mean_loss=0.7982 classification=0.0357, bbox_regression=0.1164, bbox_ctrness=0.6023
epoch 11/50 iter 480/1860 loss=0.9005 mean_loss=0.7978 classification=0.1590, bbox_regression=0.1247, bbox_ctrness=0.6168
epoch 11/50 iter 500/1860 loss=0.7567 mean_loss=0.7975 classification=0.0711, bbox_regression=0.0879, bbox_ctrness=0.5976
epoch 11/50 iter 520/1860 loss=0.7374 mean_loss=0.7981 classification=0.0553, bbox_regression=0.0879, bbox_ctrness=0.5942
epoch 11/50 iter 540/1860 loss=0.7741 mean_loss=0.7969 classification=0.0849, bbox_regression=0.1008, bbox_ctrness=0.5884
epoch 11/50 iter 560/1860 loss=0.7573 mean_loss=0.7969 classification=0.0254, bbox_regression=0.1172, bbox_ctrness=0.6147
epoch 11/50 iter 580/1860 loss=0.6940 mean_loss=0.7966 classification=0.0315, bbox_regression=0.0603, bbox_ctrness=0.6023
epoch 11/50 iter 600/1860 loss=0.7342 mean_loss=0.7979 classification=0.0436, bbox_regression=0.0836, bbox_ctrness=0.6070
epoch 11/50 iter 620/1860 loss=0.8848 mean_loss=0.7986 classification=0.1552, bbox_regression=0.1334, bbox_ctrness=0.5962
epoch 11/50 iter 640/1860 loss=1.1363 mean_loss=0.7989 classification=0.3096, bbox_regression=0.2171, bbox_ctrness=0.6096
epoch 11/50 iter 660/1860 loss=0.8115 mean_loss=0.7992 classification=0.0811, bbox_regression=0.1121, bbox_ctrness=0.6183
epoch 11/50 iter 680/1860 loss=0.7979 mean_loss=0.7999 classification=0.0700, bbox_regression=0.1160, bbox_ctrness=0.6119
epoch 11/50 iter 700/1860 loss=0.7444 mean_loss=0.8002 classification=0.0432, bbox_regression=0.0867, bbox_ctrness=0.6144
epoch 11/50 iter 720/1860 loss=0.7359 mean_loss=0.7997 classification=0.0583, bbox_regression=0.0944, bbox_ctrness=0.5833
epoch 11/50 iter 740/1860 loss=0.7046 mean_loss=0.8003 classification=0.0293, bbox_regression=0.0708, bbox_ctrness=0.6045
epoch 11/50 iter 760/1860 loss=0.6905 mean_loss=0.8012 classification=0.0350, bbox_regression=0.0630, bbox_ctrness=0.5926
epoch 11/50 iter 780/1860 loss=0.7850 mean_loss=0.8023 classification=0.0888, bbox_regression=0.0993, bbox_ctrness=0.5970
epoch 11/50 iter 800/1860 loss=0.8307 mean_loss=0.8031 classification=0.0990, bbox_regression=0.1259, bbox_ctrness=0.6058
epoch 11/50 iter 820/1860 loss=0.6981 mean_loss=0.8028 classification=0.0308, bbox_regression=0.0712, bbox_ctrness=0.5962
epoch 11/50 iter 840/1860 loss=0.7639 mean_loss=0.8027 classification=0.0584, bbox_regression=0.0893, bbox_ctrness=0.6162
epoch 11/50 iter 860/1860 loss=0.7653 mean_loss=0.8030 classification=0.0569, bbox_regression=0.0968, bbox_ctrness=0.6116
epoch 11/50 iter 880/1860 loss=0.8733 mean_loss=0.8038 classification=0.1407, bbox_regression=0.1276, bbox_ctrness=0.6050
epoch 11/50 iter 900/1860 loss=0.7784 mean_loss=0.8038 classification=0.0712, bbox_regression=0.1011, bbox_ctrness=0.6061
epoch 11/50 iter 920/1860 loss=0.8077 mean_loss=0.8037 classification=0.1009, bbox_regression=0.1195, bbox_ctrness=0.5873
epoch 11/50 iter 940/1860 loss=0.9057 mean_loss=0.8027 classification=0.1531, bbox_regression=0.1476, bbox_ctrness=0.6050
epoch 11/50 iter 960/1860 loss=0.9132 mean_loss=0.8028 classification=0.1596, bbox_regression=0.1445, bbox_ctrness=0.6091
epoch 11/50 iter 980/1860 loss=0.7343 mean_loss=0.8026 classification=0.0486, bbox_regression=0.0741, bbox_ctrness=0.6116
epoch 11/50 iter 1000/1860 loss=0.7149 mean_loss=0.8017 classification=0.0326, bbox_regression=0.0934, bbox_ctrness=0.5888
epoch 11/50 iter 1020/1860 loss=0.6999 mean_loss=0.8023 classification=0.0286, bbox_regression=0.0643, bbox_ctrness=0.6070
epoch 11/50 iter 1040/1860 loss=0.7253 mean_loss=0.8021 classification=0.0464, bbox_regression=0.0774, bbox_ctrness=0.6015
epoch 11/50 iter 1060/1860 loss=0.8159 mean_loss=0.8019 classification=0.0550, bbox_regression=0.1470, bbox_ctrness=0.6139
epoch 11/50 iter 1080/1860 loss=0.7519 mean_loss=0.8022 classification=0.0388, bbox_regression=0.0981, bbox_ctrness=0.6150
epoch 11/50 iter 1100/1860 loss=0.8382 mean_loss=0.8016 classification=0.0850, bbox_regression=0.1359, bbox_ctrness=0.6173
epoch 11/50 iter 1120/1860 loss=0.7239 mean_loss=0.8015 classification=0.0410, bbox_regression=0.0851, bbox_ctrness=0.5978
epoch 11/50 iter 1140/1860 loss=0.7136 mean_loss=0.8016 classification=0.0343, bbox_regression=0.0787, bbox_ctrness=0.6007
epoch 11/50 iter 1160/1860 loss=0.7763 mean_loss=0.8010 classification=0.0734, bbox_regression=0.0902, bbox_ctrness=0.6128
epoch 11/50 iter 1180/1860 loss=0.9310 mean_loss=0.8007 classification=0.1867, bbox_regression=0.1132, bbox_ctrness=0.6311
epoch 11/50 iter 1200/1860 loss=0.7059 mean_loss=0.8004 classification=0.0361, bbox_regression=0.0769, bbox_ctrness=0.5929
epoch 11/50 iter 1220/1860 loss=0.6730 mean_loss=0.8001 classification=0.0302, bbox_regression=0.0551, bbox_ctrness=0.5878
epoch 11/50 iter 1240/1860 loss=0.7224 mean_loss=0.8006 classification=0.0628, bbox_regression=0.0748, bbox_ctrness=0.5848
epoch 11/50 iter 1260/1860 loss=0.7629 mean_loss=0.8013 classification=0.0473, bbox_regression=0.1114, bbox_ctrness=0.6042
epoch 11/50 iter 1280/1860 loss=0.9240 mean_loss=0.8015 classification=0.1611, bbox_regression=0.1417, bbox_ctrness=0.6212
epoch 11/50 iter 1300/1860 loss=0.7526 mean_loss=0.8020 classification=0.0735, bbox_regression=0.0819, bbox_ctrness=0.5972
epoch 11/50 iter 1320/1860 loss=0.7203 mean_loss=0.8021 classification=0.0445, bbox_regression=0.0835, bbox_ctrness=0.5923
epoch 11/50 iter 1340/1860 loss=0.8853 mean_loss=0.8018 classification=0.1198, bbox_regression=0.1527, bbox_ctrness=0.6128
epoch 11/50 iter 1360/1860 loss=0.7711 mean_loss=0.8015 classification=0.0463, bbox_regression=0.1074, bbox_ctrness=0.6175
epoch 11/50 iter 1380/1860 loss=0.8207 mean_loss=0.8020 classification=0.0987, bbox_regression=0.1288, bbox_ctrness=0.5932
epoch 11/50 iter 1400/1860 loss=0.7530 mean_loss=0.8018 classification=0.0625, bbox_regression=0.0905, bbox_ctrness=0.6000
epoch 11/50 iter 1420/1860 loss=0.7461 mean_loss=0.8020 classification=0.0527, bbox_regression=0.0753, bbox_ctrness=0.6181
epoch 11/50 iter 1440/1860 loss=0.8456 mean_loss=0.8015 classification=0.1095, bbox_regression=0.1368, bbox_ctrness=0.5993
epoch 11/50 iter 1460/1860 loss=0.7089 mean_loss=0.8010 classification=0.0503, bbox_regression=0.0793, bbox_ctrness=0.5793
epoch 11/50 iter 1480/1860 loss=0.7706 mean_loss=0.8011 classification=0.0823, bbox_regression=0.0873, bbox_ctrness=0.6010
epoch 11/50 iter 1500/1860 loss=0.7510 mean_loss=0.8011 classification=0.0532, bbox_regression=0.0915, bbox_ctrness=0.6063
epoch 11/50 iter 1520/1860 loss=0.8107 mean_loss=0.8012 classification=0.1103, bbox_regression=0.0969, bbox_ctrness=0.6035
epoch 11/50 iter 1540/1860 loss=0.7089 mean_loss=0.8011 classification=0.0432, bbox_regression=0.0707, bbox_ctrness=0.5949
epoch 11/50 iter 1560/1860 loss=0.7310 mean_loss=0.8009 classification=0.0461, bbox_regression=0.0842, bbox_ctrness=0.6007
epoch 11/50 iter 1580/1860 loss=0.7761 mean_loss=0.8010 classification=0.0566, bbox_regression=0.1001, bbox_ctrness=0.6194
epoch 11/50 iter 1600/1860 loss=0.7202 mean_loss=0.8010 classification=0.0474, bbox_regression=0.0787, bbox_ctrness=0.5941
epoch 11/50 iter 1620/1860 loss=0.7472 mean_loss=0.8012 classification=0.0405, bbox_regression=0.0934, bbox_ctrness=0.6132
epoch 11/50 iter 1640/1860 loss=0.7527 mean_loss=0.8012 classification=0.0433, bbox_regression=0.1081, bbox_ctrness=0.6013
epoch 11/50 iter 1660/1860 loss=0.7828 mean_loss=0.8013 classification=0.0588, bbox_regression=0.1194, bbox_ctrness=0.6046
epoch 11/50 iter 1680/1860 loss=0.6916 mean_loss=0.8010 classification=0.0308, bbox_regression=0.0667, bbox_ctrness=0.5941
epoch 11/50 iter 1700/1860 loss=0.7268 mean_loss=0.8015 classification=0.0523, bbox_regression=0.0762, bbox_ctrness=0.5983
epoch 11/50 iter 1720/1860 loss=0.7373 mean_loss=0.8013 classification=0.0574, bbox_regression=0.0919, bbox_ctrness=0.5880
epoch 11/50 iter 1740/1860 loss=1.2866 mean_loss=0.8016 classification=0.3663, bbox_regression=0.2802, bbox_ctrness=0.6401
epoch 11/50 iter 1760/1860 loss=0.9300 mean_loss=0.8015 classification=0.1398, bbox_regression=0.1936, bbox_ctrness=0.5966
epoch 11/50 iter 1780/1860 loss=0.7226 mean_loss=0.8014 classification=0.0513, bbox_regression=0.0699, bbox_ctrness=0.6015
epoch 11/50 iter 1800/1860 loss=0.7812 mean_loss=0.8013 classification=0.0670, bbox_regression=0.1074, bbox_ctrness=0.6069
epoch 11/50 iter 1820/1860 loss=0.7981 mean_loss=0.8016 classification=0.0759, bbox_regression=0.1248, bbox_ctrness=0.5973
epoch 11/50 iter 1840/1860 loss=0.6977 mean_loss=0.8018 classification=0.0387, bbox_regression=0.0719, bbox_ctrness=0.5872
epoch 11/50 iter 1860/1860 loss=0.7385 mean_loss=0.8016 classification=0.0368, bbox_regression=0.0849, bbox_ctrness=0.6168
epoch 11 validation Precision=0.3947 Recall=0.9686 AP50=0.9365 AP75=0.8237 eval_fps=19.90 epoch_time_sec=886.7
saved checkpoint: E:\RepViT-main\runs\v48_complete_ablation\training\early_moddrop_seed2\weights\last.pt
epoch 12/50 iter 1/1860 loss=0.6823 mean_loss=0.6823 classification=0.0310, bbox_regression=0.0740, bbox_ctrness=0.5772
epoch 12/50 iter 20/1860 loss=0.7474 mean_loss=0.7702 classification=0.0422, bbox_regression=0.0892, bbox_ctrness=0.6160
epoch 12/50 iter 40/1860 loss=0.8783 mean_loss=0.7793 classification=0.1537, bbox_regression=0.1321, bbox_ctrness=0.5925
epoch 12/50 iter 60/1860 loss=0.7323 mean_loss=0.7814 classification=0.0299, bbox_regression=0.0735, bbox_ctrness=0.6290
epoch 12/50 iter 80/1860 loss=0.8864 mean_loss=0.7818 classification=0.1197, bbox_regression=0.1455, bbox_ctrness=0.6212
epoch 12/50 iter 100/1860 loss=0.7230 mean_loss=0.7859 classification=0.0338, bbox_regression=0.0784, bbox_ctrness=0.6108
epoch 12/50 iter 120/1860 loss=0.8611 mean_loss=0.7813 classification=0.1306, bbox_regression=0.1195, bbox_ctrness=0.6110
epoch 12/50 iter 140/1860 loss=0.8613 mean_loss=0.7846 classification=0.1081, bbox_regression=0.1389, bbox_ctrness=0.6143
epoch 12/50 iter 160/1860 loss=0.7493 mean_loss=0.7881 classification=0.0522, bbox_regression=0.0913, bbox_ctrness=0.6058
epoch 12/50 iter 180/1860 loss=0.7547 mean_loss=0.7939 classification=0.0452, bbox_regression=0.1064, bbox_ctrness=0.6031
epoch 12/50 iter 200/1860 loss=0.9241 mean_loss=0.7978 classification=0.2155, bbox_regression=0.1180, bbox_ctrness=0.5906
epoch 12/50 iter 220/1860 loss=0.7348 mean_loss=0.7954 classification=0.0555, bbox_regression=0.0788, bbox_ctrness=0.6006
epoch 12/50 iter 240/1860 loss=0.7538 mean_loss=0.7922 classification=0.0574, bbox_regression=0.0908, bbox_ctrness=0.6056
epoch 12/50 iter 260/1860 loss=0.9163 mean_loss=0.7930 classification=0.1579, bbox_regression=0.1647, bbox_ctrness=0.5937
epoch 12/50 iter 280/1860 loss=0.7021 mean_loss=0.7938 classification=0.0444, bbox_regression=0.0703, bbox_ctrness=0.5873
epoch 12/50 iter 300/1860 loss=0.8586 mean_loss=0.7967 classification=0.1051, bbox_regression=0.1251, bbox_ctrness=0.6283
epoch 12/50 iter 320/1860 loss=0.7384 mean_loss=0.7992 classification=0.0225, bbox_regression=0.0934, bbox_ctrness=0.6225
epoch 12/50 iter 340/1860 loss=0.7116 mean_loss=0.7977 classification=0.0326, bbox_regression=0.0819, bbox_ctrness=0.5971
epoch 12/50 iter 360/1860 loss=0.6722 mean_loss=0.7986 classification=0.0236, bbox_regression=0.0770, bbox_ctrness=0.5717
epoch 12/50 iter 380/1860 loss=0.8967 mean_loss=0.7993 classification=0.1343, bbox_regression=0.1539, bbox_ctrness=0.6085
epoch 12/50 iter 400/1860 loss=0.7532 mean_loss=0.7969 classification=0.0518, bbox_regression=0.1009, bbox_ctrness=0.6004
epoch 12/50 iter 420/1860 loss=0.9096 mean_loss=0.7974 classification=0.1354, bbox_regression=0.1632, bbox_ctrness=0.6110
epoch 12/50 iter 440/1860 loss=0.7428 mean_loss=0.7992 classification=0.0515, bbox_regression=0.0848, bbox_ctrness=0.6065
epoch 12/50 iter 460/1860 loss=0.7329 mean_loss=0.7993 classification=0.0386, bbox_regression=0.0931, bbox_ctrness=0.6011
epoch 12/50 iter 480/1860 loss=0.7548 mean_loss=0.7974 classification=0.0723, bbox_regression=0.0828, bbox_ctrness=0.5997
epoch 12/50 iter 500/1860 loss=1.1973 mean_loss=0.7984 classification=0.3884, bbox_regression=0.2137, bbox_ctrness=0.5952
epoch 12/50 iter 520/1860 loss=0.6766 mean_loss=0.7984 classification=0.0114, bbox_regression=0.0552, bbox_ctrness=0.6101
epoch 12/50 iter 540/1860 loss=0.7704 mean_loss=0.7982 classification=0.0606, bbox_regression=0.0893, bbox_ctrness=0.6205
epoch 12/50 iter 560/1860 loss=0.8665 mean_loss=0.7985 classification=0.1330, bbox_regression=0.1340, bbox_ctrness=0.5995
epoch 12/50 iter 580/1860 loss=0.7648 mean_loss=0.7983 classification=0.0634, bbox_regression=0.1014, bbox_ctrness=0.6000
epoch 12/50 iter 600/1860 loss=0.7156 mean_loss=0.7976 classification=0.0303, bbox_regression=0.0814, bbox_ctrness=0.6039
epoch 12/50 iter 620/1860 loss=0.8401 mean_loss=0.7970 classification=0.1126, bbox_regression=0.1198, bbox_ctrness=0.6077
epoch 12/50 iter 640/1860 loss=0.7387 mean_loss=0.7977 classification=0.0524, bbox_regression=0.0973, bbox_ctrness=0.5890
epoch 12/50 iter 660/1860 loss=0.9151 mean_loss=0.7983 classification=0.1644, bbox_regression=0.1441, bbox_ctrness=0.6066
epoch 12/50 iter 680/1860 loss=0.7054 mean_loss=0.7981 classification=0.0417, bbox_regression=0.0855, bbox_ctrness=0.5781
epoch 12/50 iter 700/1860 loss=0.7044 mean_loss=0.7971 classification=0.0355, bbox_regression=0.0730, bbox_ctrness=0.5959
epoch 12/50 iter 720/1860 loss=0.7610 mean_loss=0.7980 classification=0.0503, bbox_regression=0.1164, bbox_ctrness=0.5944
epoch 12/50 iter 740/1860 loss=0.7565 mean_loss=0.7972 classification=0.0583, bbox_regression=0.0976, bbox_ctrness=0.6006
epoch 12/50 iter 760/1860 loss=0.8221 mean_loss=0.7970 classification=0.0840, bbox_regression=0.1286, bbox_ctrness=0.6094
epoch 12/50 iter 780/1860 loss=0.6861 mean_loss=0.7969 classification=0.0137, bbox_regression=0.0844, bbox_ctrness=0.5881
epoch 12/50 iter 800/1860 loss=0.7092 mean_loss=0.7968 classification=0.0363, bbox_regression=0.0703, bbox_ctrness=0.6027
epoch 12/50 iter 820/1860 loss=0.9814 mean_loss=0.7975 classification=0.1805, bbox_regression=0.1790, bbox_ctrness=0.6218
epoch 12/50 iter 840/1860 loss=0.7343 mean_loss=0.7971 classification=0.0453, bbox_regression=0.0876, bbox_ctrness=0.6014
epoch 12/50 iter 860/1860 loss=0.7201 mean_loss=0.7973 classification=0.0430, bbox_regression=0.0684, bbox_ctrness=0.6087
epoch 12/50 iter 880/1860 loss=0.7673 mean_loss=0.7980 classification=0.0758, bbox_regression=0.0972, bbox_ctrness=0.5944
epoch 12/50 iter 900/1860 loss=0.6931 mean_loss=0.7979 classification=0.0301, bbox_regression=0.0620, bbox_ctrness=0.6011
epoch 12/50 iter 920/1860 loss=0.6766 mean_loss=0.7977 classification=0.0192, bbox_regression=0.0615, bbox_ctrness=0.5959
epoch 12/50 iter 940/1860 loss=0.7390 mean_loss=0.7976 classification=0.0480, bbox_regression=0.0837, bbox_ctrness=0.6073
epoch 12/50 iter 960/1860 loss=0.7285 mean_loss=0.7968 classification=0.0689, bbox_regression=0.0663, bbox_ctrness=0.5933
epoch 12/50 iter 980/1860 loss=0.7379 mean_loss=0.7974 classification=0.0504, bbox_regression=0.0771, bbox_ctrness=0.6105
epoch 12/50 iter 1000/1860 loss=0.9331 mean_loss=0.7964 classification=0.1533, bbox_regression=0.1368, bbox_ctrness=0.6430
epoch 12/50 iter 1020/1860 loss=0.7234 mean_loss=0.7972 classification=0.0319, bbox_regression=0.0699, bbox_ctrness=0.6216
epoch 12/50 iter 1040/1860 loss=0.7890 mean_loss=0.7978 classification=0.1043, bbox_regression=0.0903, bbox_ctrness=0.5944
epoch 12/50 iter 1060/1860 loss=0.7566 mean_loss=0.7971 classification=0.0477, bbox_regression=0.1010, bbox_ctrness=0.6079
epoch 12/50 iter 1080/1860 loss=0.6868 mean_loss=0.7969 classification=0.0253, bbox_regression=0.0653, bbox_ctrness=0.5962
epoch 12/50 iter 1100/1860 loss=0.7376 mean_loss=0.7968 classification=0.0545, bbox_regression=0.0752, bbox_ctrness=0.6079
epoch 12/50 iter 1120/1860 loss=0.7767 mean_loss=0.7961 classification=0.0631, bbox_regression=0.1001, bbox_ctrness=0.6135
epoch 12/50 iter 1140/1860 loss=0.6804 mean_loss=0.7954 classification=0.0242, bbox_regression=0.0611, bbox_ctrness=0.5951
epoch 12/50 iter 1160/1860 loss=0.7291 mean_loss=0.7957 classification=0.0444, bbox_regression=0.0944, bbox_ctrness=0.5903
epoch 12/50 iter 1180/1860 loss=0.8010 mean_loss=0.7952 classification=0.0753, bbox_regression=0.1206, bbox_ctrness=0.6051
epoch 12/50 iter 1200/1860 loss=0.8036 mean_loss=0.7954 classification=0.0574, bbox_regression=0.1225, bbox_ctrness=0.6238
epoch 12/50 iter 1220/1860 loss=0.8157 mean_loss=0.7950 classification=0.1279, bbox_regression=0.0994, bbox_ctrness=0.5884
epoch 12/50 iter 1240/1860 loss=0.7629 mean_loss=0.7948 classification=0.0637, bbox_regression=0.0971, bbox_ctrness=0.6021
epoch 12/50 iter 1260/1860 loss=0.9331 mean_loss=0.7951 classification=0.1682, bbox_regression=0.1758, bbox_ctrness=0.5891
epoch 12/50 iter 1280/1860 loss=1.1467 mean_loss=0.7961 classification=0.2991, bbox_regression=0.2318, bbox_ctrness=0.6158
epoch 12/50 iter 1300/1860 loss=0.7826 mean_loss=0.7967 classification=0.0580, bbox_regression=0.1252, bbox_ctrness=0.5995
epoch 12/50 iter 1320/1860 loss=0.7057 mean_loss=0.7961 classification=0.0363, bbox_regression=0.0746, bbox_ctrness=0.5948
epoch 12/50 iter 1340/1860 loss=0.7689 mean_loss=0.7960 classification=0.0622, bbox_regression=0.0971, bbox_ctrness=0.6096
epoch 12/50 iter 1360/1860 loss=0.7922 mean_loss=0.7955 classification=0.0873, bbox_regression=0.1033, bbox_ctrness=0.6016
epoch 12/50 iter 1380/1860 loss=0.7496 mean_loss=0.7951 classification=0.0472, bbox_regression=0.0966, bbox_ctrness=0.6057
epoch 12/50 iter 1400/1860 loss=0.7454 mean_loss=0.7955 classification=0.0408, bbox_regression=0.0692, bbox_ctrness=0.6354
epoch 12/50 iter 1420/1860 loss=0.7483 mean_loss=0.7949 classification=0.0684, bbox_regression=0.0763, bbox_ctrness=0.6037
epoch 12/50 iter 1440/1860 loss=1.1066 mean_loss=0.7948 classification=0.2593, bbox_regression=0.2261, bbox_ctrness=0.6212
epoch 12/50 iter 1460/1860 loss=0.7103 mean_loss=0.7945 classification=0.0280, bbox_regression=0.0822, bbox_ctrness=0.6001
epoch 12/50 iter 1480/1860 loss=0.7163 mean_loss=0.7943 classification=0.0371, bbox_regression=0.0750, bbox_ctrness=0.6041
epoch 12/50 iter 1500/1860 loss=0.9640 mean_loss=0.7942 classification=0.1764, bbox_regression=0.1698, bbox_ctrness=0.6178
epoch 12/50 iter 1520/1860 loss=0.7321 mean_loss=0.7938 classification=0.0393, bbox_regression=0.0840, bbox_ctrness=0.6088
epoch 12/50 iter 1540/1860 loss=0.7602 mean_loss=0.7942 classification=0.0731, bbox_regression=0.1041, bbox_ctrness=0.5830
epoch 12/50 iter 1560/1860 loss=0.7574 mean_loss=0.7943 classification=0.0639, bbox_regression=0.0882, bbox_ctrness=0.6054
epoch 12/50 iter 1580/1860 loss=0.7664 mean_loss=0.7944 classification=0.0530, bbox_regression=0.1110, bbox_ctrness=0.6023
epoch 12/50 iter 1600/1860 loss=0.7250 mean_loss=0.7945 classification=0.0427, bbox_regression=0.0709, bbox_ctrness=0.6114
epoch 12/50 iter 1620/1860 loss=0.7639 mean_loss=0.7947 classification=0.0585, bbox_regression=0.0914, bbox_ctrness=0.6140
epoch 12/50 iter 1640/1860 loss=0.7385 mean_loss=0.7951 classification=0.0482, bbox_regression=0.0759, bbox_ctrness=0.6144
epoch 12/50 iter 1660/1860 loss=0.8090 mean_loss=0.7949 classification=0.0521, bbox_regression=0.1399, bbox_ctrness=0.6170
epoch 12/50 iter 1680/1860 loss=0.7046 mean_loss=0.7953 classification=0.0483, bbox_regression=0.0680, bbox_ctrness=0.5883
epoch 12/50 iter 1700/1860 loss=0.7521 mean_loss=0.7948 classification=0.0710, bbox_regression=0.0813, bbox_ctrness=0.5999
epoch 12/50 iter 1720/1860 loss=0.7126 mean_loss=0.7942 classification=0.0401, bbox_regression=0.0833, bbox_ctrness=0.5891
epoch 12/50 iter 1740/1860 loss=0.7650 mean_loss=0.7941 classification=0.0762, bbox_regression=0.0880, bbox_ctrness=0.6008
epoch 12/50 iter 1760/1860 loss=0.9491 mean_loss=0.7939 classification=0.1903, bbox_regression=0.1490, bbox_ctrness=0.6098
epoch 12/50 iter 1780/1860 loss=0.7174 mean_loss=0.7937 classification=0.0512, bbox_regression=0.0710, bbox_ctrness=0.5951
epoch 12/50 iter 1800/1860 loss=0.8818 mean_loss=0.7941 classification=0.1464, bbox_regression=0.1223, bbox_ctrness=0.6132
epoch 12/50 iter 1820/1860 loss=0.7658 mean_loss=0.7937 classification=0.0661, bbox_regression=0.1103, bbox_ctrness=0.5895
epoch 12/50 iter 1840/1860 loss=0.7988 mean_loss=0.7937 classification=0.0997, bbox_regression=0.0918, bbox_ctrness=0.6072
epoch 12/50 iter 1860/1860 loss=0.7251 mean_loss=0.7936 classification=0.0322, bbox_regression=0.0792, bbox_ctrness=0.6138
epoch 12 validation Precision=0.4433 Recall=0.9639 AP50=0.9378 AP75=0.8365 eval_fps=20.21 epoch_time_sec=887.5
saved checkpoint: E:\RepViT-main\runs\v48_complete_ablation\training\early_moddrop_seed2\weights\last.pt
epoch 13/50 iter 1/1860 loss=0.7126 mean_loss=0.7126 classification=0.0471, bbox_regression=0.0706, bbox_ctrness=0.5949
epoch 13/50 iter 20/1860 loss=0.7907 mean_loss=0.7668 classification=0.0914, bbox_regression=0.0867, bbox_ctrness=0.6125
epoch 13/50 iter 40/1860 loss=0.8992 mean_loss=0.7728 classification=0.1638, bbox_regression=0.1317, bbox_ctrness=0.6036
epoch 13/50 iter 60/1860 loss=0.8283 mean_loss=0.7812 classification=0.1089, bbox_regression=0.1185, bbox_ctrness=0.6008
epoch 13/50 iter 80/1860 loss=0.8147 mean_loss=0.7890 classification=0.1121, bbox_regression=0.1118, bbox_ctrness=0.5908
epoch 13/50 iter 100/1860 loss=0.7151 mean_loss=0.7834 classification=0.0406, bbox_regression=0.0906, bbox_ctrness=0.5839
epoch 13/50 iter 120/1860 loss=0.7535 mean_loss=0.7837 classification=0.0589, bbox_regression=0.0891, bbox_ctrness=0.6055
epoch 13/50 iter 140/1860 loss=0.7038 mean_loss=0.7855 classification=0.0343, bbox_regression=0.0775, bbox_ctrness=0.5921
epoch 13/50 iter 160/1860 loss=0.7154 mean_loss=0.7832 classification=0.0082, bbox_regression=0.0874, bbox_ctrness=0.6198
epoch 13/50 iter 180/1860 loss=0.7634 mean_loss=0.7800 classification=0.0827, bbox_regression=0.0857, bbox_ctrness=0.5951
epoch 13/50 iter 200/1860 loss=0.7668 mean_loss=0.7784 classification=0.0967, bbox_regression=0.0847, bbox_ctrness=0.5853
epoch 13/50 iter 220/1860 loss=0.9981 mean_loss=0.7819 classification=0.2105, bbox_regression=0.1788, bbox_ctrness=0.6088
epoch 13/50 iter 240/1860 loss=0.8315 mean_loss=0.7816 classification=0.0967, bbox_regression=0.1369, bbox_ctrness=0.5979
epoch 13/50 iter 260/1860 loss=0.8871 mean_loss=0.7820 classification=0.1182, bbox_regression=0.1445, bbox_ctrness=0.6244
epoch 13/50 iter 280/1860 loss=1.0759 mean_loss=0.7829 classification=0.2104, bbox_regression=0.2441, bbox_ctrness=0.6215
epoch 13/50 iter 300/1860 loss=0.7241 mean_loss=0.7814 classification=0.0302, bbox_regression=0.0863, bbox_ctrness=0.6076
epoch 13/50 iter 320/1860 loss=0.7006 mean_loss=0.7792 classification=0.0370, bbox_regression=0.0693, bbox_ctrness=0.5943
epoch 13/50 iter 340/1860 loss=0.7143 mean_loss=0.7777 classification=0.0331, bbox_regression=0.0731, bbox_ctrness=0.6080
epoch 13/50 iter 360/1860 loss=0.7227 mean_loss=0.7770 classification=0.0539, bbox_regression=0.0588, bbox_ctrness=0.6100
epoch 13/50 iter 380/1860 loss=0.8225 mean_loss=0.7769 classification=0.0865, bbox_regression=0.1357, bbox_ctrness=0.6003
epoch 13/50 iter 400/1860 loss=0.7009 mean_loss=0.7764 classification=0.0391, bbox_regression=0.0704, bbox_ctrness=0.5914
epoch 13/50 iter 420/1860 loss=0.7370 mean_loss=0.7777 classification=0.0382, bbox_regression=0.0890, bbox_ctrness=0.6098
epoch 13/50 iter 440/1860 loss=1.0862 mean_loss=0.7772 classification=0.2535, bbox_regression=0.2074, bbox_ctrness=0.6253
epoch 13/50 iter 460/1860 loss=0.9138 mean_loss=0.7793 classification=0.1665, bbox_regression=0.1461, bbox_ctrness=0.6012
epoch 13/50 iter 480/1860 loss=0.7098 mean_loss=0.7801 classification=0.0249, bbox_regression=0.0878, bbox_ctrness=0.5970
epoch 13/50 iter 500/1860 loss=0.6866 mean_loss=0.7816 classification=0.0247, bbox_regression=0.0815, bbox_ctrness=0.5804
epoch 13/50 iter 520/1860 loss=0.7081 mean_loss=0.7810 classification=0.0208, bbox_regression=0.0799, bbox_ctrness=0.6073
epoch 13/50 iter 540/1860 loss=0.7204 mean_loss=0.7805 classification=0.0280, bbox_regression=0.0922, bbox_ctrness=0.6002
epoch 13/50 iter 560/1860 loss=0.8226 mean_loss=0.7815 classification=0.0943, bbox_regression=0.1249, bbox_ctrness=0.6033
epoch 13/50 iter 580/1860 loss=1.0172 mean_loss=0.7828 classification=0.1710, bbox_regression=0.1954, bbox_ctrness=0.6509
epoch 13/50 iter 600/1860 loss=0.7671 mean_loss=0.7834 classification=0.0612, bbox_regression=0.0907, bbox_ctrness=0.6153
epoch 13/50 iter 620/1860 loss=0.6865 mean_loss=0.7828 classification=0.0261, bbox_regression=0.0639, bbox_ctrness=0.5964
epoch 13/50 iter 640/1860 loss=0.7075 mean_loss=0.7838 classification=0.0273, bbox_regression=0.0745, bbox_ctrness=0.6057
epoch 13/50 iter 660/1860 loss=0.9764 mean_loss=0.7851 classification=0.1526, bbox_regression=0.1900, bbox_ctrness=0.6339
epoch 13/50 iter 680/1860 loss=0.7351 mean_loss=0.7849 classification=0.0438, bbox_regression=0.0862, bbox_ctrness=0.6051
epoch 13/50 iter 700/1860 loss=0.7221 mean_loss=0.7853 classification=0.0326, bbox_regression=0.0795, bbox_ctrness=0.6099
epoch 13/50 iter 720/1860 loss=0.9572 mean_loss=0.7858 classification=0.2116, bbox_regression=0.1614, bbox_ctrness=0.5842
epoch 13/50 iter 740/1860 loss=0.7501 mean_loss=0.7852 classification=0.0713, bbox_regression=0.0952, bbox_ctrness=0.5836
epoch 13/50 iter 760/1860 loss=1.1045 mean_loss=0.7848 classification=0.2725, bbox_regression=0.1993, bbox_ctrness=0.6328
epoch 13/50 iter 780/1860 loss=0.7877 mean_loss=0.7843 classification=0.0712, bbox_regression=0.1081, bbox_ctrness=0.6083
epoch 13/50 iter 800/1860 loss=0.8774 mean_loss=0.7847 classification=0.1044, bbox_regression=0.1582, bbox_ctrness=0.6148
epoch 13/50 iter 820/1860 loss=0.7136 mean_loss=0.7841 classification=0.0318, bbox_regression=0.0689, bbox_ctrness=0.6129
epoch 13/50 iter 840/1860 loss=0.8035 mean_loss=0.7843 classification=0.0889, bbox_regression=0.0992, bbox_ctrness=0.6154
epoch 13/50 iter 860/1860 loss=0.7976 mean_loss=0.7843 classification=0.0704, bbox_regression=0.1198, bbox_ctrness=0.6074
epoch 13/50 iter 880/1860 loss=0.7436 mean_loss=0.7845 classification=0.0646, bbox_regression=0.0931, bbox_ctrness=0.5860
epoch 13/50 iter 900/1860 loss=0.7425 mean_loss=0.7840 classification=0.0457, bbox_regression=0.0885, bbox_ctrness=0.6083
epoch 13/50 iter 920/1860 loss=0.9717 mean_loss=0.7845 classification=0.1988, bbox_regression=0.1767, bbox_ctrness=0.5962
epoch 13/50 iter 940/1860 loss=0.6920 mean_loss=0.7851 classification=0.0177, bbox_regression=0.0660, bbox_ctrness=0.6083
epoch 13/50 iter 960/1860 loss=0.6987 mean_loss=0.7855 classification=0.0324, bbox_regression=0.0732, bbox_ctrness=0.5931
epoch 13/50 iter 980/1860 loss=0.7194 mean_loss=0.7849 classification=0.0585, bbox_regression=0.0687, bbox_ctrness=0.5922
epoch 13/50 iter 1000/1860 loss=0.9257 mean_loss=0.7845 classification=0.1367, bbox_regression=0.1614, bbox_ctrness=0.6277
epoch 13/50 iter 1020/1860 loss=0.7423 mean_loss=0.7836 classification=0.0409, bbox_regression=0.0902, bbox_ctrness=0.6113
epoch 13/50 iter 1040/1860 loss=0.9561 mean_loss=0.7833 classification=0.1474, bbox_regression=0.1869, bbox_ctrness=0.6218
epoch 13/50 iter 1060/1860 loss=0.6952 mean_loss=0.7838 classification=0.0325, bbox_regression=0.0699, bbox_ctrness=0.5928
epoch 13/50 iter 1080/1860 loss=0.7259 mean_loss=0.7844 classification=0.0499, bbox_regression=0.0759, bbox_ctrness=0.6001
epoch 13/50 iter 1100/1860 loss=0.6946 mean_loss=0.7840 classification=0.0253, bbox_regression=0.0769, bbox_ctrness=0.5925
epoch 13/50 iter 1120/1860 loss=0.7266 mean_loss=0.7845 classification=0.0494, bbox_regression=0.0712, bbox_ctrness=0.6060
epoch 13/50 iter 1140/1860 loss=0.7085 mean_loss=0.7845 classification=0.0321, bbox_regression=0.0705, bbox_ctrness=0.6059
epoch 13/50 iter 1160/1860 loss=1.0640 mean_loss=0.7844 classification=0.2600, bbox_regression=0.1695, bbox_ctrness=0.6345
epoch 13/50 iter 1180/1860 loss=0.7405 mean_loss=0.7847 classification=0.0425, bbox_regression=0.0851, bbox_ctrness=0.6128
epoch 13/50 iter 1200/1860 loss=0.7274 mean_loss=0.7842 classification=0.0611, bbox_regression=0.0748, bbox_ctrness=0.5915
epoch 13/50 iter 1220/1860 loss=0.9306 mean_loss=0.7844 classification=0.1470, bbox_regression=0.1639, bbox_ctrness=0.6198
epoch 13/50 iter 1240/1860 loss=0.8031 mean_loss=0.7848 classification=0.0810, bbox_regression=0.1184, bbox_ctrness=0.6036
epoch 13/50 iter 1260/1860 loss=0.7188 mean_loss=0.7851 classification=0.0352, bbox_regression=0.0698, bbox_ctrness=0.6137
epoch 13/50 iter 1280/1860 loss=0.7667 mean_loss=0.7855 classification=0.0714, bbox_regression=0.0952, bbox_ctrness=0.6002
epoch 13/50 iter 1300/1860 loss=0.7040 mean_loss=0.7855 classification=0.0246, bbox_regression=0.0740, bbox_ctrness=0.6055
epoch 13/50 iter 1320/1860 loss=0.7863 mean_loss=0.7859 classification=0.0751, bbox_regression=0.1151, bbox_ctrness=0.5960
epoch 13/50 iter 1340/1860 loss=0.7154 mean_loss=0.7854 classification=0.0417, bbox_regression=0.0728, bbox_ctrness=0.6009
epoch 13/50 iter 1360/1860 loss=1.0364 mean_loss=0.7852 classification=0.2130, bbox_regression=0.2033, bbox_ctrness=0.6200
epoch 13/50 iter 1380/1860 loss=0.9970 mean_loss=0.7850 classification=0.1991, bbox_regression=0.1975, bbox_ctrness=0.6004
epoch 13/50 iter 1400/1860 loss=0.6954 mean_loss=0.7848 classification=0.0279, bbox_regression=0.0622, bbox_ctrness=0.6053
epoch 13/50 iter 1420/1860 loss=0.8253 mean_loss=0.7851 classification=0.0713, bbox_regression=0.1188, bbox_ctrness=0.6351
epoch 13/50 iter 1440/1860 loss=0.7286 mean_loss=0.7851 classification=0.0267, bbox_regression=0.0858, bbox_ctrness=0.6162
epoch 13/50 iter 1460/1860 loss=0.7873 mean_loss=0.7849 classification=0.0584, bbox_regression=0.1166, bbox_ctrness=0.6123
epoch 13/50 iter 1480/1860 loss=0.7391 mean_loss=0.7853 classification=0.0466, bbox_regression=0.0946, bbox_ctrness=0.5979
epoch 13/50 iter 1500/1860 loss=0.7120 mean_loss=0.7864 classification=0.0326, bbox_regression=0.0852, bbox_ctrness=0.5942
epoch 13/50 iter 1520/1860 loss=0.7885 mean_loss=0.7864 classification=0.0808, bbox_regression=0.1150, bbox_ctrness=0.5927
epoch 13/50 iter 1540/1860 loss=0.8926 mean_loss=0.7864 classification=0.1321, bbox_regression=0.1378, bbox_ctrness=0.6227
epoch 13/50 iter 1560/1860 loss=0.7973 mean_loss=0.7869 classification=0.0927, bbox_regression=0.1039, bbox_ctrness=0.6007
epoch 13/50 iter 1580/1860 loss=1.3211 mean_loss=0.7876 classification=0.4235, bbox_regression=0.2807, bbox_ctrness=0.6168
epoch 13/50 iter 1600/1860 loss=0.9675 mean_loss=0.7875 classification=0.1638, bbox_regression=0.1891, bbox_ctrness=0.6146
epoch 13/50 iter 1620/1860 loss=0.7201 mean_loss=0.7872 classification=0.0477, bbox_regression=0.0741, bbox_ctrness=0.5983
epoch 13/50 iter 1640/1860 loss=0.6759 mean_loss=0.7871 classification=0.0139, bbox_regression=0.0629, bbox_ctrness=0.5991
epoch 13/50 iter 1660/1860 loss=0.9080 mean_loss=0.7872 classification=0.1560, bbox_regression=0.1536, bbox_ctrness=0.5985
epoch 13/50 iter 1680/1860 loss=0.7081 mean_loss=0.7868 classification=0.0351, bbox_regression=0.0718, bbox_ctrness=0.6012
epoch 13/50 iter 1700/1860 loss=0.8691 mean_loss=0.7873 classification=0.1597, bbox_regression=0.1027, bbox_ctrness=0.6068
epoch 13/50 iter 1720/1860 loss=0.7542 mean_loss=0.7872 classification=0.0553, bbox_regression=0.0932, bbox_ctrness=0.6057
epoch 13/50 iter 1740/1860 loss=0.7394 mean_loss=0.7872 classification=0.0296, bbox_regression=0.0932, bbox_ctrness=0.6167
epoch 13/50 iter 1760/1860 loss=0.7207 mean_loss=0.7874 classification=0.0495, bbox_regression=0.0840, bbox_ctrness=0.5873
epoch 13/50 iter 1780/1860 loss=0.7264 mean_loss=0.7876 classification=0.0457, bbox_regression=0.0889, bbox_ctrness=0.5918
epoch 13/50 iter 1800/1860 loss=0.7223 mean_loss=0.7876 classification=0.0670, bbox_regression=0.0775, bbox_ctrness=0.5779
epoch 13/50 iter 1820/1860 loss=0.7410 mean_loss=0.7871 classification=0.0505, bbox_regression=0.0903, bbox_ctrness=0.6003
epoch 13/50 iter 1840/1860 loss=0.7333 mean_loss=0.7868 classification=0.0541, bbox_regression=0.0785, bbox_ctrness=0.6007
epoch 13/50 iter 1860/1860 loss=0.7194 mean_loss=0.7871 classification=0.0466, bbox_regression=0.0751, bbox_ctrness=0.5977
epoch 13 validation Precision=0.4829 Recall=0.9593 AP50=0.9340 AP75=0.8203 eval_fps=20.92 epoch_time_sec=888.4
saved checkpoint: E:\RepViT-main\runs\v48_complete_ablation\training\early_moddrop_seed2\weights\last.pt
epoch 14/50 iter 1/1860 loss=0.7052 mean_loss=0.7052 classification=0.0308, bbox_regression=0.0805, bbox_ctrness=0.5939
epoch 14/50 iter 20/1860 loss=0.7265 mean_loss=0.7567 classification=0.0623, bbox_regression=0.0733, bbox_ctrness=0.5908
epoch 14/50 iter 40/1860 loss=0.7849 mean_loss=0.7607 classification=0.0679, bbox_regression=0.1003, bbox_ctrness=0.6167
epoch 14/50 iter 60/1860 loss=0.7296 mean_loss=0.7571 classification=0.0610, bbox_regression=0.0760, bbox_ctrness=0.5925
epoch 14/50 iter 80/1860 loss=0.7424 mean_loss=0.7644 classification=0.0403, bbox_regression=0.0950, bbox_ctrness=0.6071
epoch 14/50 iter 100/1860 loss=0.7231 mean_loss=0.7653 classification=0.0229, bbox_regression=0.0855, bbox_ctrness=0.6147
epoch 14/50 iter 120/1860 loss=0.6714 mean_loss=0.7648 classification=0.0181, bbox_regression=0.0512, bbox_ctrness=0.6021
epoch 14/50 iter 140/1860 loss=0.8586 mean_loss=0.7726 classification=0.1084, bbox_regression=0.1435, bbox_ctrness=0.6067
epoch 14/50 iter 160/1860 loss=0.9659 mean_loss=0.7763 classification=0.2011, bbox_regression=0.1520, bbox_ctrness=0.6129
epoch 14/50 iter 180/1860 loss=0.7823 mean_loss=0.7769 classification=0.0758, bbox_regression=0.1178, bbox_ctrness=0.5887
epoch 14/50 iter 200/1860 loss=0.7021 mean_loss=0.7761 classification=0.0266, bbox_regression=0.0727, bbox_ctrness=0.6028
epoch 14/50 iter 220/1860 loss=0.8717 mean_loss=0.7804 classification=0.1337, bbox_regression=0.1325, bbox_ctrness=0.6055
epoch 14/50 iter 240/1860 loss=0.6802 mean_loss=0.7801 classification=0.0300, bbox_regression=0.0616, bbox_ctrness=0.5886
epoch 14/50 iter 260/1860 loss=0.7986 mean_loss=0.7808 classification=0.0858, bbox_regression=0.1106, bbox_ctrness=0.6022
epoch 14/50 iter 280/1860 loss=0.6988 mean_loss=0.7808 classification=0.0398, bbox_regression=0.0660, bbox_ctrness=0.5931
epoch 14/50 iter 300/1860 loss=0.7381 mean_loss=0.7800 classification=0.0376, bbox_regression=0.0897, bbox_ctrness=0.6108
epoch 14/50 iter 320/1860 loss=0.7124 mean_loss=0.7801 classification=0.0296, bbox_regression=0.0761, bbox_ctrness=0.6067
epoch 14/50 iter 340/1860 loss=0.7393 mean_loss=0.7779 classification=0.0389, bbox_regression=0.0960, bbox_ctrness=0.6043
epoch 14/50 iter 360/1860 loss=0.7029 mean_loss=0.7777 classification=0.0084, bbox_regression=0.0730, bbox_ctrness=0.6215
epoch 14/50 iter 380/1860 loss=0.8692 mean_loss=0.7776 classification=0.1408, bbox_regression=0.1222, bbox_ctrness=0.6062
epoch 14/50 iter 400/1860 loss=0.8743 mean_loss=0.7762 classification=0.1223, bbox_regression=0.1470, bbox_ctrness=0.6049
epoch 14/50 iter 420/1860 loss=0.9398 mean_loss=0.7759 classification=0.1570, bbox_regression=0.1615, bbox_ctrness=0.6213
epoch 14/50 iter 440/1860 loss=0.6971 mean_loss=0.7764 classification=0.0197, bbox_regression=0.0694, bbox_ctrness=0.6080
epoch 14/50 iter 460/1860 loss=0.7013 mean_loss=0.7763 classification=0.0201, bbox_regression=0.0755, bbox_ctrness=0.6058
epoch 14/50 iter 480/1860 loss=0.7090 mean_loss=0.7758 classification=0.0371, bbox_regression=0.0733, bbox_ctrness=0.5987
epoch 14/50 iter 500/1860 loss=0.8610 mean_loss=0.7748 classification=0.0914, bbox_regression=0.1497, bbox_ctrness=0.6199
epoch 14/50 iter 520/1860 loss=0.6781 mean_loss=0.7750 classification=0.0136, bbox_regression=0.0622, bbox_ctrness=0.6023
epoch 14/50 iter 540/1860 loss=0.9119 mean_loss=0.7758 classification=0.1677, bbox_regression=0.1348, bbox_ctrness=0.6094
epoch 14/50 iter 560/1860 loss=0.6753 mean_loss=0.7770 classification=0.0318, bbox_regression=0.0501, bbox_ctrness=0.5934
epoch 14/50 iter 580/1860 loss=0.7545 mean_loss=0.7780 classification=0.0677, bbox_regression=0.0895, bbox_ctrness=0.5972
epoch 14/50 iter 600/1860 loss=1.1494 mean_loss=0.7786 classification=0.2973, bbox_regression=0.2499, bbox_ctrness=0.6022
epoch 14/50 iter 620/1860 loss=0.8058 mean_loss=0.7783 classification=0.0786, bbox_regression=0.1114, bbox_ctrness=0.6157
epoch 14/50 iter 640/1860 loss=0.7336 mean_loss=0.7789 classification=0.0571, bbox_regression=0.0865, bbox_ctrness=0.5900
epoch 14/50 iter 660/1860 loss=1.1672 mean_loss=0.7792 classification=0.3039, bbox_regression=0.2492, bbox_ctrness=0.6141
epoch 14/50 iter 680/1860 loss=0.7536 mean_loss=0.7792 classification=0.0560, bbox_regression=0.1044, bbox_ctrness=0.5932
epoch 14/50 iter 700/1860 loss=0.6945 mean_loss=0.7789 classification=0.0330, bbox_regression=0.0744, bbox_ctrness=0.5871
epoch 14/50 iter 720/1860 loss=0.8192 mean_loss=0.7796 classification=0.0896, bbox_regression=0.1267, bbox_ctrness=0.6030
epoch 14/50 iter 740/1860 loss=0.6921 mean_loss=0.7789 classification=0.0247, bbox_regression=0.0833, bbox_ctrness=0.5842
epoch 14/50 iter 760/1860 loss=0.7359 mean_loss=0.7796 classification=0.0503, bbox_regression=0.0904, bbox_ctrness=0.5952
epoch 14/50 iter 780/1860 loss=0.8459 mean_loss=0.7803 classification=0.0898, bbox_regression=0.1433, bbox_ctrness=0.6128
epoch 14/50 iter 800/1860 loss=0.8170 mean_loss=0.7804 classification=0.0610, bbox_regression=0.1505, bbox_ctrness=0.6056
epoch 14/50 iter 820/1860 loss=0.8004 mean_loss=0.7798 classification=0.0651, bbox_regression=0.1243, bbox_ctrness=0.6111
epoch 14/50 iter 840/1860 loss=0.7036 mean_loss=0.7801 classification=0.0250, bbox_regression=0.0720, bbox_ctrness=0.6066
epoch 14/50 iter 860/1860 loss=0.8285 mean_loss=0.7798 classification=0.1073, bbox_regression=0.1172, bbox_ctrness=0.6040
epoch 14/50 iter 880/1860 loss=0.7735 mean_loss=0.7793 classification=0.0777, bbox_regression=0.0932, bbox_ctrness=0.6026
epoch 14/50 iter 900/1860 loss=0.7018 mean_loss=0.7796 classification=0.0235, bbox_regression=0.0767, bbox_ctrness=0.6016
epoch 14/50 iter 920/1860 loss=0.7223 mean_loss=0.7799 classification=0.0275, bbox_regression=0.0967, bbox_ctrness=0.5982
epoch 14/50 iter 940/1860 loss=0.6894 mean_loss=0.7791 classification=0.0396, bbox_regression=0.0662, bbox_ctrness=0.5835
epoch 14/50 iter 960/1860 loss=0.7257 mean_loss=0.7793 classification=0.0261, bbox_regression=0.0871, bbox_ctrness=0.6125
epoch 14/50 iter 980/1860 loss=0.7698 mean_loss=0.7789 classification=0.0566, bbox_regression=0.0993, bbox_ctrness=0.6139
epoch 14/50 iter 1000/1860 loss=0.7259 mean_loss=0.7781 classification=0.0495, bbox_regression=0.0845, bbox_ctrness=0.5919
epoch 14/50 iter 1020/1860 loss=0.8593 mean_loss=0.7777 classification=0.1222, bbox_regression=0.1283, bbox_ctrness=0.6088
epoch 14/50 iter 1040/1860 loss=0.7842 mean_loss=0.7774 classification=0.0946, bbox_regression=0.0980, bbox_ctrness=0.5916
epoch 14/50 iter 1060/1860 loss=0.7864 mean_loss=0.7775 classification=0.0780, bbox_regression=0.1154, bbox_ctrness=0.5930
epoch 14/50 iter 1080/1860 loss=0.7040 mean_loss=0.7773 classification=0.0498, bbox_regression=0.0704, bbox_ctrness=0.5838
epoch 14/50 iter 1100/1860 loss=1.0085 mean_loss=0.7778 classification=0.1852, bbox_regression=0.1903, bbox_ctrness=0.6330
epoch 14/50 iter 1120/1860 loss=0.7286 mean_loss=0.7790 classification=0.0544, bbox_regression=0.0786, bbox_ctrness=0.5956
epoch 14/50 iter 1140/1860 loss=0.6899 mean_loss=0.7787 classification=0.0428, bbox_regression=0.0656, bbox_ctrness=0.5814
epoch 14/50 iter 1160/1860 loss=0.7131 mean_loss=0.7791 classification=0.0426, bbox_regression=0.0733, bbox_ctrness=0.5972
epoch 14/50 iter 1180/1860 loss=0.7557 mean_loss=0.7789 classification=0.0517, bbox_regression=0.1124, bbox_ctrness=0.5916
epoch 14/50 iter 1200/1860 loss=0.6941 mean_loss=0.7796 classification=0.0215, bbox_regression=0.0733, bbox_ctrness=0.5993
epoch 14/50 iter 1220/1860 loss=0.9988 mean_loss=0.7801 classification=0.2190, bbox_regression=0.1790, bbox_ctrness=0.6008
epoch 14/50 iter 1240/1860 loss=0.7294 mean_loss=0.7810 classification=0.0330, bbox_regression=0.0906, bbox_ctrness=0.6058
epoch 14/50 iter 1260/1860 loss=0.7294 mean_loss=0.7808 classification=0.0332, bbox_regression=0.0797, bbox_ctrness=0.6164
epoch 14/50 iter 1280/1860 loss=0.7118 mean_loss=0.7806 classification=0.0386, bbox_regression=0.0748, bbox_ctrness=0.5984
epoch 14/50 iter 1300/1860 loss=0.6674 mean_loss=0.7802 classification=0.0222, bbox_regression=0.0547, bbox_ctrness=0.5905
epoch 14/50 iter 1320/1860 loss=0.7807 mean_loss=0.7802 classification=0.0637, bbox_regression=0.1246, bbox_ctrness=0.5924
epoch 14/50 iter 1340/1860 loss=0.7291 mean_loss=0.7808 classification=0.0439, bbox_regression=0.0880, bbox_ctrness=0.5972
epoch 14/50 iter 1360/1860 loss=0.9576 mean_loss=0.7808 classification=0.1915, bbox_regression=0.1510, bbox_ctrness=0.6151
epoch 14/50 iter 1380/1860 loss=0.7363 mean_loss=0.7808 classification=0.0318, bbox_regression=0.0983, bbox_ctrness=0.6062
epoch 14/50 iter 1400/1860 loss=0.7794 mean_loss=0.7805 classification=0.0646, bbox_regression=0.0995, bbox_ctrness=0.6153
epoch 14/50 iter 1420/1860 loss=0.9155 mean_loss=0.7809 classification=0.1662, bbox_regression=0.1440, bbox_ctrness=0.6053
epoch 14/50 iter 1440/1860 loss=1.1083 mean_loss=0.7813 classification=0.2995, bbox_regression=0.2014, bbox_ctrness=0.6074
epoch 14/50 iter 1460/1860 loss=0.7090 mean_loss=0.7808 classification=0.0211, bbox_regression=0.0846, bbox_ctrness=0.6033
epoch 14/50 iter 1480/1860 loss=0.7127 mean_loss=0.7810 classification=0.0389, bbox_regression=0.0706, bbox_ctrness=0.6032
epoch 14/50 iter 1500/1860 loss=0.7539 mean_loss=0.7811 classification=0.0697, bbox_regression=0.0848, bbox_ctrness=0.5994
epoch 14/50 iter 1520/1860 loss=0.6988 mean_loss=0.7812 classification=0.0493, bbox_regression=0.0650, bbox_ctrness=0.5845
epoch 14/50 iter 1540/1860 loss=0.7305 mean_loss=0.7817 classification=0.0387, bbox_regression=0.0792, bbox_ctrness=0.6125
epoch 14/50 iter 1560/1860 loss=0.7469 mean_loss=0.7821 classification=0.0468, bbox_regression=0.0973, bbox_ctrness=0.6028
epoch 14/50 iter 1580/1860 loss=0.7325 mean_loss=0.7828 classification=0.0563, bbox_regression=0.0819, bbox_ctrness=0.5943
epoch 14/50 iter 1600/1860 loss=0.7877 mean_loss=0.7826 classification=0.0648, bbox_regression=0.1160, bbox_ctrness=0.6069
epoch 14/50 iter 1620/1860 loss=0.6976 mean_loss=0.7826 classification=0.0215, bbox_regression=0.0934, bbox_ctrness=0.5827
epoch 14/50 iter 1640/1860 loss=0.8859 mean_loss=0.7824 classification=0.1438, bbox_regression=0.1414, bbox_ctrness=0.6006
epoch 14/50 iter 1660/1860 loss=1.0069 mean_loss=0.7824 classification=0.2331, bbox_regression=0.1532, bbox_ctrness=0.6206
epoch 14/50 iter 1680/1860 loss=0.7142 mean_loss=0.7829 classification=0.0378, bbox_regression=0.0792, bbox_ctrness=0.5972
epoch 14/50 iter 1700/1860 loss=0.7445 mean_loss=0.7831 classification=0.0550, bbox_regression=0.0801, bbox_ctrness=0.6094
epoch 14/50 iter 1720/1860 loss=0.7136 mean_loss=0.7830 classification=0.0297, bbox_regression=0.0736, bbox_ctrness=0.6102
epoch 14/50 iter 1740/1860 loss=0.8906 mean_loss=0.7828 classification=0.1460, bbox_regression=0.1302, bbox_ctrness=0.6144
epoch 14/50 iter 1760/1860 loss=0.7078 mean_loss=0.7830 classification=0.0301, bbox_regression=0.0613, bbox_ctrness=0.6164
epoch 14/50 iter 1780/1860 loss=0.7790 mean_loss=0.7827 classification=0.0763, bbox_regression=0.1004, bbox_ctrness=0.6023
epoch 14/50 iter 1800/1860 loss=0.7298 mean_loss=0.7827 classification=0.0432, bbox_regression=0.0824, bbox_ctrness=0.6042
epoch 14/50 iter 1820/1860 loss=0.9095 mean_loss=0.7826 classification=0.1878, bbox_regression=0.1397, bbox_ctrness=0.5820
epoch 14/50 iter 1840/1860 loss=0.6838 mean_loss=0.7825 classification=0.0208, bbox_regression=0.0520, bbox_ctrness=0.6110
epoch 14/50 iter 1860/1860 loss=0.7231 mean_loss=0.7826 classification=0.0397, bbox_regression=0.0714, bbox_ctrness=0.6120
epoch 14 validation Precision=0.4728 Recall=0.9553 AP50=0.9262 AP75=0.8328 eval_fps=20.92 epoch_time_sec=885.8
saved checkpoint: E:\RepViT-main\runs\v48_complete_ablation\training\early_moddrop_seed2\weights\last.pt
epoch 15/50 iter 1/1860 loss=0.7007 mean_loss=0.7007 classification=0.0287, bbox_regression=0.0729, bbox_ctrness=0.5991
epoch 15/50 iter 20/1860 loss=0.6895 mean_loss=0.7862 classification=0.0372, bbox_regression=0.0673, bbox_ctrness=0.5851
epoch 15/50 iter 40/1860 loss=0.7931 mean_loss=0.7800 classification=0.0610, bbox_regression=0.1261, bbox_ctrness=0.6060
epoch 15/50 iter 60/1860 loss=0.7196 mean_loss=0.7915 classification=0.0430, bbox_regression=0.0709, bbox_ctrness=0.6057
epoch 15/50 iter 80/1860 loss=0.7740 mean_loss=0.7843 classification=0.0775, bbox_regression=0.0954, bbox_ctrness=0.6011
epoch 15/50 iter 100/1860 loss=1.0302 mean_loss=0.7793 classification=0.2344, bbox_regression=0.1889, bbox_ctrness=0.6069
epoch 15/50 iter 120/1860 loss=0.7743 mean_loss=0.7780 classification=0.0704, bbox_regression=0.1043, bbox_ctrness=0.5996
epoch 15/50 iter 140/1860 loss=0.9513 mean_loss=0.7782 classification=0.1513, bbox_regression=0.1813, bbox_ctrness=0.6186
epoch 15/50 iter 160/1860 loss=0.7276 mean_loss=0.7847 classification=0.0446, bbox_regression=0.0756, bbox_ctrness=0.6075
epoch 15/50 iter 180/1860 loss=0.6773 mean_loss=0.7805 classification=0.0364, bbox_regression=0.0703, bbox_ctrness=0.5706
epoch 15/50 iter 200/1860 loss=0.7178 mean_loss=0.7814 classification=0.0240, bbox_regression=0.0719, bbox_ctrness=0.6219
epoch 15/50 iter 220/1860 loss=0.6714 mean_loss=0.7805 classification=0.0176, bbox_regression=0.0598, bbox_ctrness=0.5940
epoch 15/50 iter 240/1860 loss=0.7322 mean_loss=0.7807 classification=0.0420, bbox_regression=0.0922, bbox_ctrness=0.5980
epoch 15/50 iter 260/1860 loss=0.6772 mean_loss=0.7808 classification=0.0179, bbox_regression=0.0492, bbox_ctrness=0.6102
epoch 15/50 iter 280/1860 loss=0.6955 mean_loss=0.7772 classification=0.0448, bbox_regression=0.0659, bbox_ctrness=0.5849
epoch 15/50 iter 300/1860 loss=0.7756 mean_loss=0.7767 classification=0.0713, bbox_regression=0.1011, bbox_ctrness=0.6032
epoch 15/50 iter 320/1860 loss=0.9389 mean_loss=0.7753 classification=0.1620, bbox_regression=0.1624, bbox_ctrness=0.6145
epoch 15/50 iter 340/1860 loss=0.9286 mean_loss=0.7731 classification=0.1376, bbox_regression=0.1790, bbox_ctrness=0.6120
epoch 15/50 iter 360/1860 loss=1.0347 mean_loss=0.7740 classification=0.1949, bbox_regression=0.2077, bbox_ctrness=0.6321
epoch 15/50 iter 380/1860 loss=0.7487 mean_loss=0.7719 classification=0.0485, bbox_regression=0.0949, bbox_ctrness=0.6053
epoch 15/50 iter 400/1860 loss=0.7003 mean_loss=0.7713 classification=0.0300, bbox_regression=0.0814, bbox_ctrness=0.5890
epoch 15/50 iter 420/1860 loss=0.7581 mean_loss=0.7722 classification=0.0630, bbox_regression=0.0909, bbox_ctrness=0.6041
epoch 15/50 iter 440/1860 loss=0.7756 mean_loss=0.7728 classification=0.0882, bbox_regression=0.1034, bbox_ctrness=0.5840
epoch 15/50 iter 460/1860 loss=0.8053 mean_loss=0.7717 classification=0.0810, bbox_regression=0.1173, bbox_ctrness=0.6069
epoch 15/50 iter 480/1860 loss=0.6565 mean_loss=0.7736 classification=0.0208, bbox_regression=0.0492, bbox_ctrness=0.5865
epoch 15/50 iter 500/1860 loss=0.7294 mean_loss=0.7732 classification=0.0538, bbox_regression=0.0836, bbox_ctrness=0.5920
epoch 15/50 iter 520/1860 loss=0.7544 mean_loss=0.7726 classification=0.0678, bbox_regression=0.0927, bbox_ctrness=0.5939
epoch 15/50 iter 540/1860 loss=0.7621 mean_loss=0.7723 classification=0.0702, bbox_regression=0.0881, bbox_ctrness=0.6037
epoch 15/50 iter 560/1860 loss=0.7550 mean_loss=0.7713 classification=0.0274, bbox_regression=0.1086, bbox_ctrness=0.6190
epoch 15/50 iter 580/1860 loss=0.9290 mean_loss=0.7708 classification=0.1715, bbox_regression=0.1443, bbox_ctrness=0.6132
epoch 15/50 iter 600/1860 loss=0.8269 mean_loss=0.7710 classification=0.0915, bbox_regression=0.1213, bbox_ctrness=0.6141
epoch 15/50 iter 620/1860 loss=0.7916 mean_loss=0.7709 classification=0.0817, bbox_regression=0.1035, bbox_ctrness=0.6064
epoch 15/50 iter 640/1860 loss=0.9806 mean_loss=0.7710 classification=0.1744, bbox_regression=0.1825, bbox_ctrness=0.6236
epoch 15/50 iter 660/1860 loss=0.9285 mean_loss=0.7713 classification=0.1805, bbox_regression=0.1471, bbox_ctrness=0.6009
epoch 15/50 iter 680/1860 loss=0.7596 mean_loss=0.7710 classification=0.0769, bbox_regression=0.0856, bbox_ctrness=0.5972
epoch 15/50 iter 700/1860 loss=0.7594 mean_loss=0.7715 classification=0.0640, bbox_regression=0.1018, bbox_ctrness=0.5935
epoch 15/50 iter 720/1860 loss=0.6959 mean_loss=0.7713 classification=0.0191, bbox_regression=0.0776, bbox_ctrness=0.5992
epoch 15/50 iter 740/1860 loss=0.7066 mean_loss=0.7709 classification=0.0509, bbox_regression=0.0673, bbox_ctrness=0.5884
epoch 15/50 iter 760/1860 loss=0.7163 mean_loss=0.7702 classification=0.0455, bbox_regression=0.0717, bbox_ctrness=0.5990
epoch 15/50 iter 780/1860 loss=0.6870 mean_loss=0.7699 classification=0.0238, bbox_regression=0.0767, bbox_ctrness=0.5865
epoch 15/50 iter 800/1860 loss=0.7424 mean_loss=0.7703 classification=0.0509, bbox_regression=0.0842, bbox_ctrness=0.6074
epoch 15/50 iter 820/1860 loss=0.7726 mean_loss=0.7704 classification=0.0608, bbox_regression=0.1081, bbox_ctrness=0.6037
epoch 15/50 iter 840/1860 loss=0.7141 mean_loss=0.7709 classification=0.0341, bbox_regression=0.0623, bbox_ctrness=0.6177
epoch 15/50 iter 860/1860 loss=0.7040 mean_loss=0.7707 classification=0.0034, bbox_regression=0.0805, bbox_ctrness=0.6201
epoch 15/50 iter 880/1860 loss=0.7127 mean_loss=0.7710 classification=0.0530, bbox_regression=0.0591, bbox_ctrness=0.6006
epoch 15/50 iter 900/1860 loss=0.7031 mean_loss=0.7707 classification=0.0280, bbox_regression=0.0736, bbox_ctrness=0.6014
epoch 15/50 iter 920/1860 loss=0.7695 mean_loss=0.7716 classification=0.0687, bbox_regression=0.0898, bbox_ctrness=0.6110
epoch 15/50 iter 940/1860 loss=0.6931 mean_loss=0.7712 classification=0.0248, bbox_regression=0.0746, bbox_ctrness=0.5938
epoch 15/50 iter 960/1860 loss=0.7571 mean_loss=0.7720 classification=0.0619, bbox_regression=0.0866, bbox_ctrness=0.6086
epoch 15/50 iter 980/1860 loss=0.7105 mean_loss=0.7718 classification=0.0425, bbox_regression=0.0777, bbox_ctrness=0.5903
epoch 15/50 iter 1000/1860 loss=0.7954 mean_loss=0.7718 classification=0.0993, bbox_regression=0.0986, bbox_ctrness=0.5974
epoch 15/50 iter 1020/1860 loss=0.7763 mean_loss=0.7714 classification=0.0787, bbox_regression=0.0972, bbox_ctrness=0.6004
epoch 15/50 iter 1040/1860 loss=0.7204 mean_loss=0.7710 classification=0.0603, bbox_regression=0.0627, bbox_ctrness=0.5975
epoch 15/50 iter 1060/1860 loss=0.7498 mean_loss=0.7709 classification=0.0404, bbox_regression=0.0987, bbox_ctrness=0.6107
epoch 15/50 iter 1080/1860 loss=0.9100 mean_loss=0.7714 classification=0.1566, bbox_regression=0.1481, bbox_ctrness=0.6054
epoch 15/50 iter 1100/1860 loss=0.7214 mean_loss=0.7711 classification=0.0562, bbox_regression=0.0790, bbox_ctrness=0.5863
epoch 15/50 iter 1120/1860 loss=0.7298 mean_loss=0.7712 classification=0.0351, bbox_regression=0.0917, bbox_ctrness=0.6030
epoch 15/50 iter 1140/1860 loss=0.8711 mean_loss=0.7713 classification=0.1009, bbox_regression=0.1489, bbox_ctrness=0.6213
epoch 15/50 iter 1160/1860 loss=0.9286 mean_loss=0.7717 classification=0.1509, bbox_regression=0.1654, bbox_ctrness=0.6123
epoch 15/50 iter 1180/1860 loss=1.1103 mean_loss=0.7715 classification=0.2392, bbox_regression=0.2320, bbox_ctrness=0.6392
epoch 15/50 iter 1200/1860 loss=0.7695 mean_loss=0.7711 classification=0.0743, bbox_regression=0.0935, bbox_ctrness=0.6017
epoch 15/50 iter 1220/1860 loss=0.7626 mean_loss=0.7712 classification=0.0881, bbox_regression=0.0697, bbox_ctrness=0.6048
epoch 15/50 iter 1240/1860 loss=0.7204 mean_loss=0.7714 classification=0.0451, bbox_regression=0.0901, bbox_ctrness=0.5852
epoch 15/50 iter 1260/1860 loss=0.7881 mean_loss=0.7719 classification=0.0664, bbox_regression=0.1063, bbox_ctrness=0.6154
epoch 15/50 iter 1280/1860 loss=0.8364 mean_loss=0.7725 classification=0.1100, bbox_regression=0.1158, bbox_ctrness=0.6106
epoch 15/50 iter 1300/1860 loss=0.8744 mean_loss=0.7726 classification=0.1230, bbox_regression=0.1305, bbox_ctrness=0.6209
epoch 15/50 iter 1320/1860 loss=0.7509 mean_loss=0.7722 classification=0.0821, bbox_regression=0.0744, bbox_ctrness=0.5943
epoch 15/50 iter 1340/1860 loss=0.9665 mean_loss=0.7722 classification=0.1755, bbox_regression=0.1765, bbox_ctrness=0.6145
epoch 15/50 iter 1360/1860 loss=0.8471 mean_loss=0.7718 classification=0.1128, bbox_regression=0.1138, bbox_ctrness=0.6205
epoch 15/50 iter 1380/1860 loss=0.7462 mean_loss=0.7714 classification=0.0351, bbox_regression=0.1003, bbox_ctrness=0.6108
epoch 15/50 iter 1400/1860 loss=0.6912 mean_loss=0.7715 classification=0.0374, bbox_regression=0.0692, bbox_ctrness=0.5846
epoch 15/50 iter 1420/1860 loss=0.7077 mean_loss=0.7719 classification=0.0292, bbox_regression=0.0703, bbox_ctrness=0.6082
epoch 15/50 iter 1440/1860 loss=0.7659 mean_loss=0.7721 classification=0.0660, bbox_regression=0.0926, bbox_ctrness=0.6073
epoch 15/50 iter 1460/1860 loss=0.7121 mean_loss=0.7724 classification=0.0266, bbox_regression=0.0872, bbox_ctrness=0.5982
epoch 15/50 iter 1480/1860 loss=0.6820 mean_loss=0.7721 classification=0.0212, bbox_regression=0.0569, bbox_ctrness=0.6039
epoch 15/50 iter 1500/1860 loss=0.7485 mean_loss=0.7725 classification=0.0389, bbox_regression=0.1038, bbox_ctrness=0.6057
epoch 15/50 iter 1520/1860 loss=0.6947 mean_loss=0.7726 classification=0.0254, bbox_regression=0.0638, bbox_ctrness=0.6054
epoch 15/50 iter 1540/1860 loss=0.6647 mean_loss=0.7729 classification=0.0191, bbox_regression=0.0663, bbox_ctrness=0.5792
epoch 15/50 iter 1560/1860 loss=0.9755 mean_loss=0.7733 classification=0.2070, bbox_regression=0.1567, bbox_ctrness=0.6118
epoch 15/50 iter 1580/1860 loss=0.8623 mean_loss=0.7739 classification=0.1085, bbox_regression=0.1434, bbox_ctrness=0.6105
epoch 15/50 iter 1600/1860 loss=0.7650 mean_loss=0.7743 classification=0.0865, bbox_regression=0.0906, bbox_ctrness=0.5880
epoch 15/50 iter 1620/1860 loss=0.6743 mean_loss=0.7742 classification=0.0179, bbox_regression=0.0590, bbox_ctrness=0.5975
epoch 15/50 iter 1640/1860 loss=0.7511 mean_loss=0.7744 classification=0.0614, bbox_regression=0.0842, bbox_ctrness=0.6055
epoch 15/50 iter 1660/1860 loss=0.7166 mean_loss=0.7750 classification=0.0474, bbox_regression=0.0766, bbox_ctrness=0.5926
epoch 15/50 iter 1680/1860 loss=0.8319 mean_loss=0.7748 classification=0.1181, bbox_regression=0.1042, bbox_ctrness=0.6097
epoch 15/50 iter 1700/1860 loss=0.7022 mean_loss=0.7748 classification=0.0224, bbox_regression=0.0703, bbox_ctrness=0.6095
epoch 15/50 iter 1720/1860 loss=0.7588 mean_loss=0.7748 classification=0.0486, bbox_regression=0.0921, bbox_ctrness=0.6181
epoch 15/50 iter 1740/1860 loss=0.6982 mean_loss=0.7747 classification=0.0255, bbox_regression=0.0738, bbox_ctrness=0.5989
epoch 15/50 iter 1760/1860 loss=0.6593 mean_loss=0.7749 classification=0.0057, bbox_regression=0.0562, bbox_ctrness=0.5973
epoch 15/50 iter 1780/1860 loss=0.6639 mean_loss=0.7745 classification=0.0291, bbox_regression=0.0605, bbox_ctrness=0.5742
epoch 15/50 iter 1800/1860 loss=0.7290 mean_loss=0.7747 classification=0.0442, bbox_regression=0.0923, bbox_ctrness=0.5924
epoch 15/50 iter 1820/1860 loss=0.7859 mean_loss=0.7749 classification=0.0791, bbox_regression=0.1008, bbox_ctrness=0.6060
epoch 15/50 iter 1840/1860 loss=0.9364 mean_loss=0.7751 classification=0.1675, bbox_regression=0.1722, bbox_ctrness=0.5967
epoch 15/50 iter 1860/1860 loss=0.7863 mean_loss=0.7751 classification=0.0939, bbox_regression=0.0841, bbox_ctrness=0.6083
epoch 15 validation Precision=0.4285 Recall=0.9588 AP50=0.9306 AP75=0.8376 eval_fps=21.04 epoch_time_sec=889.5
saved checkpoint: E:\RepViT-main\runs\v48_complete_ablation\training\early_moddrop_seed2\weights\last.pt
epoch 16/50 iter 1/1860 loss=0.6662 mean_loss=0.6662 classification=0.0147, bbox_regression=0.0522, bbox_ctrness=0.5993
epoch 16/50 iter 20/1860 loss=0.9832 mean_loss=0.7908 classification=0.2262, bbox_regression=0.1764, bbox_ctrness=0.5805
epoch 16/50 iter 40/1860 loss=0.7212 mean_loss=0.7815 classification=0.0418, bbox_regression=0.0674, bbox_ctrness=0.6119
epoch 16/50 iter 60/1860 loss=0.7792 mean_loss=0.7684 classification=0.0922, bbox_regression=0.0829, bbox_ctrness=0.6041
epoch 16/50 iter 80/1860 loss=0.7258 mean_loss=0.7687 classification=0.0344, bbox_regression=0.0807, bbox_ctrness=0.6106
epoch 16/50 iter 100/1860 loss=0.7049 mean_loss=0.7691 classification=0.0264, bbox_regression=0.0752, bbox_ctrness=0.6034
epoch 16/50 iter 120/1860 loss=0.7839 mean_loss=0.7630 classification=0.0919, bbox_regression=0.0954, bbox_ctrness=0.5965
epoch 16/50 iter 140/1860 loss=0.8099 mean_loss=0.7627 classification=0.0881, bbox_regression=0.1240, bbox_ctrness=0.5977
epoch 16/50 iter 160/1860 loss=0.7975 mean_loss=0.7608 classification=0.0956, bbox_regression=0.1034, bbox_ctrness=0.5985
epoch 16/50 iter 180/1860 loss=0.7556 mean_loss=0.7610 classification=0.0722, bbox_regression=0.0827, bbox_ctrness=0.6007
epoch 16/50 iter 200/1860 loss=0.7055 mean_loss=0.7604 classification=0.0217, bbox_regression=0.0691, bbox_ctrness=0.6147
epoch 16/50 iter 220/1860 loss=0.8662 mean_loss=0.7611 classification=0.0929, bbox_regression=0.1444, bbox_ctrness=0.6289
epoch 16/50 iter 240/1860 loss=1.2660 mean_loss=0.7643 classification=0.3772, bbox_regression=0.2620, bbox_ctrness=0.6268
epoch 16/50 iter 260/1860 loss=0.8018 mean_loss=0.7655 classification=0.0687, bbox_regression=0.1091, bbox_ctrness=0.6240
epoch 16/50 iter 280/1860 loss=0.9266 mean_loss=0.7627 classification=0.1226, bbox_regression=0.1699, bbox_ctrness=0.6341
epoch 16/50 iter 300/1860 loss=0.8678 mean_loss=0.7616 classification=0.1091, bbox_regression=0.1479, bbox_ctrness=0.6108
epoch 16/50 iter 320/1860 loss=0.7266 mean_loss=0.7626 classification=0.0507, bbox_regression=0.0864, bbox_ctrness=0.5895
epoch 16/50 iter 340/1860 loss=0.8816 mean_loss=0.7618 classification=0.1338, bbox_regression=0.1345, bbox_ctrness=0.6134
epoch 16/50 iter 360/1860 loss=0.7529 mean_loss=0.7630 classification=0.0346, bbox_regression=0.1006, bbox_ctrness=0.6178
epoch 16/50 iter 380/1860 loss=0.7273 mean_loss=0.7649 classification=0.0539, bbox_regression=0.0722, bbox_ctrness=0.6012
epoch 16/50 iter 400/1860 loss=0.7104 mean_loss=0.7650 classification=0.0433, bbox_regression=0.0754, bbox_ctrness=0.5916
epoch 16/50 iter 420/1860 loss=0.8332 mean_loss=0.7662 classification=0.1301, bbox_regression=0.1017, bbox_ctrness=0.6014
epoch 16/50 iter 440/1860 loss=0.6891 mean_loss=0.7645 classification=0.0209, bbox_regression=0.0674, bbox_ctrness=0.6008
epoch 16/50 iter 460/1860 loss=0.7003 mean_loss=0.7654 classification=0.0227, bbox_regression=0.0750, bbox_ctrness=0.6026
epoch 16/50 iter 480/1860 loss=0.7524 mean_loss=0.7674 classification=0.0445, bbox_regression=0.0873, bbox_ctrness=0.6205
epoch 16/50 iter 500/1860 loss=0.7278 mean_loss=0.7692 classification=0.0561, bbox_regression=0.0656, bbox_ctrness=0.6061
epoch 16/50 iter 520/1860 loss=0.7218 mean_loss=0.7687 classification=0.0370, bbox_regression=0.0769, bbox_ctrness=0.6078
epoch 16/50 iter 540/1860 loss=0.6999 mean_loss=0.7684 classification=0.0429, bbox_regression=0.0563, bbox_ctrness=0.6007
epoch 16/50 iter 560/1860 loss=0.7063 mean_loss=0.7683 classification=0.0360, bbox_regression=0.0682, bbox_ctrness=0.6021
epoch 16/50 iter 580/1860 loss=0.7778 mean_loss=0.7690 classification=0.0878, bbox_regression=0.1069, bbox_ctrness=0.5831
epoch 16/50 iter 600/1860 loss=1.0471 mean_loss=0.7685 classification=0.2719, bbox_regression=0.1837, bbox_ctrness=0.5915
epoch 16/50 iter 620/1860 loss=0.9773 mean_loss=0.7680 classification=0.1832, bbox_regression=0.1824, bbox_ctrness=0.6116
epoch 16/50 iter 640/1860 loss=0.7059 mean_loss=0.7675 classification=0.0493, bbox_regression=0.0885, bbox_ctrness=0.5681
epoch 16/50 iter 660/1860 loss=0.7706 mean_loss=0.7678 classification=0.0472, bbox_regression=0.1068, bbox_ctrness=0.6166
epoch 16/50 iter 680/1860 loss=0.8476 mean_loss=0.7668 classification=0.0907, bbox_regression=0.1395, bbox_ctrness=0.6173
epoch 16/50 iter 700/1860 loss=0.6839 mean_loss=0.7667 classification=0.0140, bbox_regression=0.0672, bbox_ctrness=0.6027
epoch 16/50 iter 720/1860 loss=0.6584 mean_loss=0.7665 classification=0.0210, bbox_regression=0.0485, bbox_ctrness=0.5890
epoch 16/50 iter 740/1860 loss=0.7025 mean_loss=0.7672 classification=0.0284, bbox_regression=0.0788, bbox_ctrness=0.5952
epoch 16/50 iter 760/1860 loss=0.7292 mean_loss=0.7680 classification=0.0422, bbox_regression=0.0835, bbox_ctrness=0.6035
epoch 16/50 iter 780/1860 loss=0.6988 mean_loss=0.7674 classification=0.0069, bbox_regression=0.0734, bbox_ctrness=0.6185
epoch 16/50 iter 800/1860 loss=0.7030 mean_loss=0.7680 classification=0.0211, bbox_regression=0.0801, bbox_ctrness=0.6018
epoch 16/50 iter 820/1860 loss=0.7440 mean_loss=0.7681 classification=0.0304, bbox_regression=0.0976, bbox_ctrness=0.6159
epoch 16/50 iter 840/1860 loss=0.7611 mean_loss=0.7681 classification=0.0771, bbox_regression=0.0864, bbox_ctrness=0.5976
epoch 16/50 iter 860/1860 loss=0.7309 mean_loss=0.7683 classification=0.0250, bbox_regression=0.1095, bbox_ctrness=0.5964
epoch 16/50 iter 880/1860 loss=0.7276 mean_loss=0.7676 classification=0.0555, bbox_regression=0.0744, bbox_ctrness=0.5977
epoch 16/50 iter 900/1860 loss=0.9185 mean_loss=0.7676 classification=0.1651, bbox_regression=0.1556, bbox_ctrness=0.5977
epoch 16/50 iter 920/1860 loss=0.7001 mean_loss=0.7668 classification=0.0377, bbox_regression=0.0545, bbox_ctrness=0.6079
epoch 16/50 iter 940/1860 loss=0.7445 mean_loss=0.7664 classification=0.0372, bbox_regression=0.1009, bbox_ctrness=0.6064
epoch 16/50 iter 960/1860 loss=0.7227 mean_loss=0.7660 classification=0.0337, bbox_regression=0.0854, bbox_ctrness=0.6035
epoch 16/50 iter 980/1860 loss=0.7380 mean_loss=0.7658 classification=0.0391, bbox_regression=0.0979, bbox_ctrness=0.6010
epoch 16/50 iter 1000/1860 loss=0.7052 mean_loss=0.7657 classification=0.0257, bbox_regression=0.0813, bbox_ctrness=0.5982
epoch 16/50 iter 1020/1860 loss=0.7114 mean_loss=0.7660 classification=0.0254, bbox_regression=0.0792, bbox_ctrness=0.6069
epoch 16/50 iter 1040/1860 loss=0.7070 mean_loss=0.7660 classification=0.0144, bbox_regression=0.0694, bbox_ctrness=0.6232
epoch 16/50 iter 1060/1860 loss=0.7534 mean_loss=0.7669 classification=0.0521, bbox_regression=0.1047, bbox_ctrness=0.5966
epoch 16/50 iter 1080/1860 loss=0.7349 mean_loss=0.7668 classification=0.0396, bbox_regression=0.0864, bbox_ctrness=0.6089
epoch 16/50 iter 1100/1860 loss=0.7730 mean_loss=0.7667 classification=0.0740, bbox_regression=0.1006, bbox_ctrness=0.5984
epoch 16/50 iter 1120/1860 loss=0.7483 mean_loss=0.7670 classification=0.0551, bbox_regression=0.0830, bbox_ctrness=0.6102
epoch 16/50 iter 1140/1860 loss=0.6917 mean_loss=0.7671 classification=0.0182, bbox_regression=0.0654, bbox_ctrness=0.6080
epoch 16/50 iter 1160/1860 loss=0.7648 mean_loss=0.7671 classification=0.0756, bbox_regression=0.0961, bbox_ctrness=0.5931
epoch 16/50 iter 1180/1860 loss=0.7553 mean_loss=0.7675 classification=0.0795, bbox_regression=0.0875, bbox_ctrness=0.5883
epoch 16/50 iter 1200/1860 loss=0.7836 mean_loss=0.7676 classification=0.0667, bbox_regression=0.1139, bbox_ctrness=0.6030
epoch 16/50 iter 1220/1860 loss=0.6695 mean_loss=0.7672 classification=0.0229, bbox_regression=0.0666, bbox_ctrness=0.5800
epoch 16/50 iter 1240/1860 loss=0.6955 mean_loss=0.7673 classification=0.0284, bbox_regression=0.0559, bbox_ctrness=0.6112
epoch 16/50 iter 1260/1860 loss=0.7000 mean_loss=0.7668 classification=0.0390, bbox_regression=0.0826, bbox_ctrness=0.5784
epoch 16/50 iter 1280/1860 loss=0.7036 mean_loss=0.7667 classification=0.0249, bbox_regression=0.0710, bbox_ctrness=0.6078
epoch 16/50 iter 1300/1860 loss=0.7590 mean_loss=0.7670 classification=0.0548, bbox_regression=0.0975, bbox_ctrness=0.6067
epoch 16/50 iter 1320/1860 loss=0.7426 mean_loss=0.7666 classification=0.0496, bbox_regression=0.0827, bbox_ctrness=0.6103
epoch 16/50 iter 1340/1860 loss=0.7053 mean_loss=0.7666 classification=0.0177, bbox_regression=0.0709, bbox_ctrness=0.6167
epoch 16/50 iter 1360/1860 loss=1.1226 mean_loss=0.7664 classification=0.2615, bbox_regression=0.2347, bbox_ctrness=0.6263
epoch 16/50 iter 1380/1860 loss=0.7513 mean_loss=0.7665 classification=0.0648, bbox_regression=0.0823, bbox_ctrness=0.6042
epoch 16/50 iter 1400/1860 loss=0.9682 mean_loss=0.7667 classification=0.2022, bbox_regression=0.1550, bbox_ctrness=0.6110
epoch 16/50 iter 1420/1860 loss=0.7503 mean_loss=0.7663 classification=0.0434, bbox_regression=0.1019, bbox_ctrness=0.6050
epoch 16/50 iter 1440/1860 loss=0.7356 mean_loss=0.7659 classification=0.0696, bbox_regression=0.0710, bbox_ctrness=0.5950
epoch 16/50 iter 1460/1860 loss=0.9267 mean_loss=0.7661 classification=0.1928, bbox_regression=0.1268, bbox_ctrness=0.6070
epoch 16/50 iter 1480/1860 loss=0.9468 mean_loss=0.7658 classification=0.1478, bbox_regression=0.1843, bbox_ctrness=0.6147
epoch 16/50 iter 1500/1860 loss=0.9462 mean_loss=0.7655 classification=0.1210, bbox_regression=0.1875, bbox_ctrness=0.6376
epoch 16/50 iter 1520/1860 loss=0.7924 mean_loss=0.7659 classification=0.0676, bbox_regression=0.1149, bbox_ctrness=0.6099
epoch 16/50 iter 1540/1860 loss=0.7217 mean_loss=0.7658 classification=0.0548, bbox_regression=0.0714, bbox_ctrness=0.5955
epoch 16/50 iter 1560/1860 loss=0.8266 mean_loss=0.7656 classification=0.1013, bbox_regression=0.1152, bbox_ctrness=0.6101
epoch 16/50 iter 1580/1860 loss=0.7109 mean_loss=0.7655 classification=0.0200, bbox_regression=0.0876, bbox_ctrness=0.6033
epoch 16/50 iter 1600/1860 loss=1.3546 mean_loss=0.7662 classification=0.4244, bbox_regression=0.2850, bbox_ctrness=0.6453
epoch 16/50 iter 1620/1860 loss=0.7343 mean_loss=0.7659 classification=0.0447, bbox_regression=0.0847, bbox_ctrness=0.6049
epoch 16/50 iter 1640/1860 loss=0.7403 mean_loss=0.7665 classification=0.0545, bbox_regression=0.0796, bbox_ctrness=0.6061
epoch 16/50 iter 1660/1860 loss=0.8258 mean_loss=0.7667 classification=0.1143, bbox_regression=0.1135, bbox_ctrness=0.5980
epoch 16/50 iter 1680/1860 loss=0.7380 mean_loss=0.7666 classification=0.0344, bbox_regression=0.0854, bbox_ctrness=0.6182
epoch 16/50 iter 1700/1860 loss=0.7757 mean_loss=0.7669 classification=0.0785, bbox_regression=0.0924, bbox_ctrness=0.6048
epoch 16/50 iter 1720/1860 loss=0.6986 mean_loss=0.7669 classification=0.0251, bbox_regression=0.0779, bbox_ctrness=0.5956
epoch 16/50 iter 1740/1860 loss=0.8508 mean_loss=0.7673 classification=0.1123, bbox_regression=0.1192, bbox_ctrness=0.6194
epoch 16/50 iter 1760/1860 loss=0.7237 mean_loss=0.7673 classification=0.0401, bbox_regression=0.0842, bbox_ctrness=0.5994
epoch 16/50 iter 1780/1860 loss=0.9797 mean_loss=0.7672 classification=0.1061, bbox_regression=0.2412, bbox_ctrness=0.6324
epoch 16/50 iter 1800/1860 loss=0.7180 mean_loss=0.7674 classification=0.0317, bbox_regression=0.0746, bbox_ctrness=0.6117
epoch 16/50 iter 1820/1860 loss=0.7500 mean_loss=0.7673 classification=0.0645, bbox_regression=0.0834, bbox_ctrness=0.6022
epoch 16/50 iter 1840/1860 loss=0.6957 mean_loss=0.7674 classification=0.0218, bbox_regression=0.0773, bbox_ctrness=0.5967
epoch 16/50 iter 1860/1860 loss=0.7256 mean_loss=0.7673 classification=0.0475, bbox_regression=0.0797, bbox_ctrness=0.5985
epoch 16 validation Precision=0.5574 Recall=0.9502 AP50=0.9264 AP75=0.8365 eval_fps=22.03 epoch_time_sec=865.4
saved checkpoint: E:\RepViT-main\runs\v48_complete_ablation\training\early_moddrop_seed2\weights\last.pt
epoch 17/50 iter 1/1860 loss=0.6889 mean_loss=0.6889 classification=0.0399, bbox_regression=0.0590, bbox_ctrness=0.5900
epoch 17/50 iter 20/1860 loss=0.6993 mean_loss=0.7430 classification=0.0428, bbox_regression=0.0573, bbox_ctrness=0.5992
epoch 17/50 iter 40/1860 loss=0.7666 mean_loss=0.7553 classification=0.0930, bbox_regression=0.0831, bbox_ctrness=0.5905
epoch 17/50 iter 60/1860 loss=0.7556 mean_loss=0.7579 classification=0.0333, bbox_regression=0.1194, bbox_ctrness=0.6028
epoch 17/50 iter 80/1860 loss=0.7222 mean_loss=0.7513 classification=0.0554, bbox_regression=0.0755, bbox_ctrness=0.5912
epoch 17/50 iter 100/1860 loss=0.6905 mean_loss=0.7545 classification=0.0117, bbox_regression=0.0787, bbox_ctrness=0.6001
epoch 17/50 iter 120/1860 loss=1.1328 mean_loss=0.7617 classification=0.2552, bbox_regression=0.2598, bbox_ctrness=0.6178
epoch 17/50 iter 140/1860 loss=0.6770 mean_loss=0.7595 classification=0.0191, bbox_regression=0.0635, bbox_ctrness=0.5944
epoch 17/50 iter 160/1860 loss=0.7121 mean_loss=0.7583 classification=0.0384, bbox_regression=0.0796, bbox_ctrness=0.5942
epoch 17/50 iter 180/1860 loss=0.7754 mean_loss=0.7593 classification=0.0445, bbox_regression=0.1211, bbox_ctrness=0.6098
epoch 17/50 iter 200/1860 loss=0.7462 mean_loss=0.7594 classification=0.0481, bbox_regression=0.0986, bbox_ctrness=0.5995
epoch 17/50 iter 220/1860 loss=0.8815 mean_loss=0.7596 classification=0.1315, bbox_regression=0.1354, bbox_ctrness=0.6146
epoch 17/50 iter 240/1860 loss=0.7083 mean_loss=0.7614 classification=0.0263, bbox_regression=0.0688, bbox_ctrness=0.6133
epoch 17/50 iter 260/1860 loss=0.8296 mean_loss=0.7608 classification=0.0796, bbox_regression=0.1403, bbox_ctrness=0.6097
epoch 17/50 iter 280/1860 loss=0.7599 mean_loss=0.7597 classification=0.0480, bbox_regression=0.1135, bbox_ctrness=0.5983
epoch 17/50 iter 300/1860 loss=0.7987 mean_loss=0.7632 classification=0.0786, bbox_regression=0.1080, bbox_ctrness=0.6121
epoch 17/50 iter 320/1860 loss=0.8942 mean_loss=0.7617 classification=0.1266, bbox_regression=0.1416, bbox_ctrness=0.6260
epoch 17/50 iter 340/1860 loss=0.7820 mean_loss=0.7612 classification=0.0806, bbox_regression=0.0942, bbox_ctrness=0.6072
epoch 17/50 iter 360/1860 loss=0.7174 mean_loss=0.7607 classification=0.0467, bbox_regression=0.0775, bbox_ctrness=0.5932
epoch 17/50 iter 380/1860 loss=0.7021 mean_loss=0.7612 classification=0.0303, bbox_regression=0.0532, bbox_ctrness=0.6186
epoch 17/50 iter 400/1860 loss=0.7010 mean_loss=0.7604 classification=0.0172, bbox_regression=0.0612, bbox_ctrness=0.6226
epoch 17/50 iter 420/1860 loss=0.7166 mean_loss=0.7615 classification=0.0343, bbox_regression=0.0861, bbox_ctrness=0.5961
epoch 17/50 iter 440/1860 loss=0.7544 mean_loss=0.7600 classification=0.0512, bbox_regression=0.0776, bbox_ctrness=0.6256
epoch 17/50 iter 460/1860 loss=0.9099 mean_loss=0.7595 classification=0.1195, bbox_regression=0.1815, bbox_ctrness=0.6089
epoch 17/50 iter 480/1860 loss=0.8058 mean_loss=0.7605 classification=0.0856, bbox_regression=0.1276, bbox_ctrness=0.5926
epoch 17/50 iter 500/1860 loss=0.6926 mean_loss=0.7595 classification=0.0107, bbox_regression=0.0671, bbox_ctrness=0.6148
epoch 17/50 iter 520/1860 loss=0.6903 mean_loss=0.7581 classification=0.0306, bbox_regression=0.0786, bbox_ctrness=0.5812
epoch 17/50 iter 540/1860 loss=0.6694 mean_loss=0.7573 classification=0.0239, bbox_regression=0.0583, bbox_ctrness=0.5871
epoch 17/50 iter 560/1860 loss=0.8477 mean_loss=0.7580 classification=0.1026, bbox_regression=0.1275, bbox_ctrness=0.6176
epoch 17/50 iter 580/1860 loss=0.8039 mean_loss=0.7581 classification=0.0843, bbox_regression=0.1197, bbox_ctrness=0.5999
epoch 17/50 iter 600/1860 loss=0.6970 mean_loss=0.7585 classification=0.0253, bbox_regression=0.0714, bbox_ctrness=0.6003
epoch 17/50 iter 620/1860 loss=0.6865 mean_loss=0.7580 classification=0.0124, bbox_regression=0.0662, bbox_ctrness=0.6080
epoch 17/50 iter 640/1860 loss=0.7098 mean_loss=0.7575 classification=0.0299, bbox_regression=0.0798, bbox_ctrness=0.6001
epoch 17/50 iter 660/1860 loss=0.7374 mean_loss=0.7565 classification=0.0754, bbox_regression=0.0806, bbox_ctrness=0.5814
epoch 17/50 iter 680/1860 loss=0.7284 mean_loss=0.7582 classification=0.0470, bbox_regression=0.0782, bbox_ctrness=0.6032
epoch 17/50 iter 700/1860 loss=1.0495 mean_loss=0.7586 classification=0.2345, bbox_regression=0.2002, bbox_ctrness=0.6147
epoch 17/50 iter 720/1860 loss=0.7019 mean_loss=0.7584 classification=0.0334, bbox_regression=0.0723, bbox_ctrness=0.5962
epoch 17/50 iter 740/1860 loss=0.9239 mean_loss=0.7581 classification=0.1424, bbox_regression=0.1666, bbox_ctrness=0.6149
epoch 17/50 iter 760/1860 loss=0.7308 mean_loss=0.7581 classification=0.0341, bbox_regression=0.1042, bbox_ctrness=0.5925
epoch 17/50 iter 780/1860 loss=0.7340 mean_loss=0.7575 classification=0.0572, bbox_regression=0.0672, bbox_ctrness=0.6097
epoch 17/50 iter 800/1860 loss=0.7162 mean_loss=0.7584 classification=0.0346, bbox_regression=0.0737, bbox_ctrness=0.6079
epoch 17/50 iter 820/1860 loss=0.7470 mean_loss=0.7583 classification=0.0593, bbox_regression=0.0954, bbox_ctrness=0.5924
epoch 17/50 iter 840/1860 loss=0.6648 mean_loss=0.7581 classification=0.0075, bbox_regression=0.0504, bbox_ctrness=0.6069
epoch 17/50 iter 860/1860 loss=0.6977 mean_loss=0.7592 classification=0.0271, bbox_regression=0.0717, bbox_ctrness=0.5990
epoch 17/50 iter 880/1860 loss=0.6667 mean_loss=0.7598 classification=0.0247, bbox_regression=0.0569, bbox_ctrness=0.5850
epoch 17/50 iter 900/1860 loss=0.6764 mean_loss=0.7600 classification=0.0070, bbox_regression=0.0629, bbox_ctrness=0.6065
epoch 17/50 iter 920/1860 loss=0.6856 mean_loss=0.7607 classification=0.0330, bbox_regression=0.0551, bbox_ctrness=0.5975
epoch 17/50 iter 940/1860 loss=0.6883 mean_loss=0.7608 classification=0.0325, bbox_regression=0.0533, bbox_ctrness=0.6025
epoch 17/50 iter 960/1860 loss=0.9866 mean_loss=0.7618 classification=0.2077, bbox_regression=0.1743, bbox_ctrness=0.6045
epoch 17/50 iter 980/1860 loss=0.7196 mean_loss=0.7619 classification=0.0498, bbox_regression=0.0768, bbox_ctrness=0.5930
epoch 17/50 iter 1000/1860 loss=0.6940 mean_loss=0.7618 classification=0.0306, bbox_regression=0.0589, bbox_ctrness=0.6045
epoch 17/50 iter 1020/1860 loss=0.6760 mean_loss=0.7621 classification=0.0149, bbox_regression=0.0756, bbox_ctrness=0.5855
epoch 17/50 iter 1040/1860 loss=0.6849 mean_loss=0.7614 classification=0.0280, bbox_regression=0.0679, bbox_ctrness=0.5890
epoch 17/50 iter 1060/1860 loss=0.6977 mean_loss=0.7610 classification=0.0211, bbox_regression=0.0648, bbox_ctrness=0.6118
epoch 17/50 iter 1080/1860 loss=0.6999 mean_loss=0.7610 classification=0.0270, bbox_regression=0.0726, bbox_ctrness=0.6003
epoch 17/50 iter 1100/1860 loss=0.9362 mean_loss=0.7621 classification=0.1740, bbox_regression=0.1653, bbox_ctrness=0.5969
epoch 17/50 iter 1120/1860 loss=1.0349 mean_loss=0.7626 classification=0.1962, bbox_regression=0.1964, bbox_ctrness=0.6423
epoch 17/50 iter 1140/1860 loss=0.7615 mean_loss=0.7627 classification=0.0447, bbox_regression=0.1062, bbox_ctrness=0.6106
epoch 17/50 iter 1160/1860 loss=0.7206 mean_loss=0.7623 classification=0.0368, bbox_regression=0.0774, bbox_ctrness=0.6063
epoch 17/50 iter 1180/1860 loss=0.9987 mean_loss=0.7626 classification=0.2175, bbox_regression=0.1684, bbox_ctrness=0.6129
epoch 17/50 iter 1200/1860 loss=0.9734 mean_loss=0.7623 classification=0.2090, bbox_regression=0.1585, bbox_ctrness=0.6060
epoch 17/50 iter 1220/1860 loss=0.7016 mean_loss=0.7624 classification=0.0426, bbox_regression=0.0731, bbox_ctrness=0.5860
epoch 17/50 iter 1240/1860 loss=0.7229 mean_loss=0.7631 classification=0.0361, bbox_regression=0.0940, bbox_ctrness=0.5928
epoch 17/50 iter 1260/1860 loss=0.9452 mean_loss=0.7630 classification=0.1591, bbox_regression=0.1749, bbox_ctrness=0.6111
epoch 17/50 iter 1280/1860 loss=0.7780 mean_loss=0.7633 classification=0.0597, bbox_regression=0.0993, bbox_ctrness=0.6191
epoch 17/50 iter 1300/1860 loss=0.7698 mean_loss=0.7628 classification=0.0910, bbox_regression=0.0708, bbox_ctrness=0.6080
epoch 17/50 iter 1320/1860 loss=0.7282 mean_loss=0.7627 classification=0.0372, bbox_regression=0.0936, bbox_ctrness=0.5974
epoch 17/50 iter 1340/1860 loss=0.7125 mean_loss=0.7627 classification=0.0333, bbox_regression=0.0772, bbox_ctrness=0.6020
epoch 17/50 iter 1360/1860 loss=0.7381 mean_loss=0.7630 classification=0.0486, bbox_regression=0.0893, bbox_ctrness=0.6001
epoch 17/50 iter 1380/1860 loss=0.7504 mean_loss=0.7630 classification=0.0511, bbox_regression=0.0838, bbox_ctrness=0.6155
epoch 17/50 iter 1400/1860 loss=0.7438 mean_loss=0.7633 classification=0.0595, bbox_regression=0.0919, bbox_ctrness=0.5924
epoch 17/50 iter 1420/1860 loss=0.6925 mean_loss=0.7629 classification=0.0457, bbox_regression=0.0540, bbox_ctrness=0.5928
epoch 17/50 iter 1440/1860 loss=0.6990 mean_loss=0.7627 classification=0.0178, bbox_regression=0.0741, bbox_ctrness=0.6070
epoch 17/50 iter 1460/1860 loss=0.7261 mean_loss=0.7623 classification=0.0564, bbox_regression=0.0787, bbox_ctrness=0.5910
epoch 17/50 iter 1480/1860 loss=0.8212 mean_loss=0.7627 classification=0.0967, bbox_regression=0.1081, bbox_ctrness=0.6164
epoch 17/50 iter 1500/1860 loss=0.7256 mean_loss=0.7626 classification=0.0331, bbox_regression=0.0826, bbox_ctrness=0.6099
epoch 17/50 iter 1520/1860 loss=0.7660 mean_loss=0.7627 classification=0.0496, bbox_regression=0.1038, bbox_ctrness=0.6126
epoch 17/50 iter 1540/1860 loss=0.8603 mean_loss=0.7630 classification=0.1166, bbox_regression=0.1330, bbox_ctrness=0.6106
epoch 17/50 iter 1560/1860 loss=0.7213 mean_loss=0.7630 classification=0.0516, bbox_regression=0.0681, bbox_ctrness=0.6017
epoch 17/50 iter 1580/1860 loss=0.6843 mean_loss=0.7638 classification=0.0117, bbox_regression=0.0660, bbox_ctrness=0.6066
epoch 17/50 iter 1600/1860 loss=0.8284 mean_loss=0.7634 classification=0.1076, bbox_regression=0.1144, bbox_ctrness=0.6064
epoch 17/50 iter 1620/1860 loss=0.7125 mean_loss=0.7635 classification=0.0220, bbox_regression=0.0819, bbox_ctrness=0.6087
epoch 17/50 iter 1640/1860 loss=0.9482 mean_loss=0.7637 classification=0.1644, bbox_regression=0.1639, bbox_ctrness=0.6199
epoch 17/50 iter 1660/1860 loss=0.7089 mean_loss=0.7639 classification=0.0359, bbox_regression=0.0728, bbox_ctrness=0.6002
epoch 17/50 iter 1680/1860 loss=0.7950 mean_loss=0.7642 classification=0.0684, bbox_regression=0.1165, bbox_ctrness=0.6101
epoch 17/50 iter 1700/1860 loss=0.7354 mean_loss=0.7642 classification=0.0570, bbox_regression=0.0657, bbox_ctrness=0.6127
epoch 17/50 iter 1720/1860 loss=0.7347 mean_loss=0.7641 classification=0.0544, bbox_regression=0.0836, bbox_ctrness=0.5966
epoch 17/50 iter 1740/1860 loss=0.7163 mean_loss=0.7642 classification=0.0473, bbox_regression=0.0688, bbox_ctrness=0.6002
epoch 17/50 iter 1760/1860 loss=0.6743 mean_loss=0.7639 classification=0.0084, bbox_regression=0.0587, bbox_ctrness=0.6073
epoch 17/50 iter 1780/1860 loss=0.7958 mean_loss=0.7639 classification=0.0745, bbox_regression=0.1229, bbox_ctrness=0.5984
epoch 17/50 iter 1800/1860 loss=0.6843 mean_loss=0.7639 classification=0.0045, bbox_regression=0.0629, bbox_ctrness=0.6170
epoch 17/50 iter 1820/1860 loss=0.7360 mean_loss=0.7637 classification=0.0469, bbox_regression=0.0899, bbox_ctrness=0.5992
epoch 17/50 iter 1840/1860 loss=0.8023 mean_loss=0.7638 classification=0.1107, bbox_regression=0.0775, bbox_ctrness=0.6140
epoch 17/50 iter 1860/1860 loss=0.7354 mean_loss=0.7639 classification=0.0520, bbox_regression=0.0857, bbox_ctrness=0.5977
epoch 17 validation Precision=0.2845 Recall=0.9651 AP50=0.9296 AP75=0.8329 eval_fps=19.83 epoch_time_sec=879.7
saved checkpoint: E:\RepViT-main\runs\v48_complete_ablation\training\early_moddrop_seed2\weights\last.pt
epoch 18/50 iter 1/1860 loss=0.7041 mean_loss=0.7041 classification=0.0349, bbox_regression=0.0762, bbox_ctrness=0.5930
epoch 18/50 iter 20/1860 loss=0.6873 mean_loss=0.7150 classification=0.0177, bbox_regression=0.0637, bbox_ctrness=0.6059
epoch 18/50 iter 40/1860 loss=0.7049 mean_loss=0.7456 classification=0.0341, bbox_regression=0.0760, bbox_ctrness=0.5948
epoch 18/50 iter 60/1860 loss=0.7301 mean_loss=0.7444 classification=0.0480, bbox_regression=0.0800, bbox_ctrness=0.6021
epoch 18/50 iter 80/1860 loss=0.7132 mean_loss=0.7455 classification=0.0307, bbox_regression=0.0867, bbox_ctrness=0.5958
epoch 18/50 iter 100/1860 loss=0.7081 mean_loss=0.7459 classification=0.0172, bbox_regression=0.0774, bbox_ctrness=0.6135
epoch 18/50 iter 120/1860 loss=0.7073 mean_loss=0.7486 classification=0.0600, bbox_regression=0.0648, bbox_ctrness=0.5825
epoch 18/50 iter 140/1860 loss=0.7235 mean_loss=0.7525 classification=0.0428, bbox_regression=0.0795, bbox_ctrness=0.6012
epoch 18/50 iter 160/1860 loss=0.6844 mean_loss=0.7570 classification=0.0323, bbox_regression=0.0593, bbox_ctrness=0.5928
epoch 18/50 iter 180/1860 loss=0.9307 mean_loss=0.7600 classification=0.1578, bbox_regression=0.1352, bbox_ctrness=0.6377
epoch 18/50 iter 200/1860 loss=0.6829 mean_loss=0.7573 classification=0.0112, bbox_regression=0.0586, bbox_ctrness=0.6131
epoch 18/50 iter 220/1860 loss=0.6957 mean_loss=0.7553 classification=0.0167, bbox_regression=0.0647, bbox_ctrness=0.6143
epoch 18/50 iter 240/1860 loss=0.8754 mean_loss=0.7555 classification=0.1208, bbox_regression=0.1302, bbox_ctrness=0.6243
epoch 18/50 iter 260/1860 loss=0.9891 mean_loss=0.7556 classification=0.1989, bbox_regression=0.1752, bbox_ctrness=0.6150
epoch 18/50 iter 280/1860 loss=0.7141 mean_loss=0.7552 classification=0.0146, bbox_regression=0.0783, bbox_ctrness=0.6212
epoch 18/50 iter 300/1860 loss=0.7015 mean_loss=0.7587 classification=0.0109, bbox_regression=0.0888, bbox_ctrness=0.6018
epoch 18/50 iter 320/1860 loss=0.7914 mean_loss=0.7569 classification=0.0704, bbox_regression=0.1054, bbox_ctrness=0.6156
epoch 18/50 iter 340/1860 loss=0.8836 mean_loss=0.7561 classification=0.1628, bbox_regression=0.1151, bbox_ctrness=0.6057
epoch 18/50 iter 360/1860 loss=1.1463 mean_loss=0.7563 classification=0.2608, bbox_regression=0.2627, bbox_ctrness=0.6228
epoch 18/50 iter 380/1860 loss=0.6842 mean_loss=0.7558 classification=0.0281, bbox_regression=0.0539, bbox_ctrness=0.6021
epoch 18/50 iter 400/1860 loss=0.6824 mean_loss=0.7565 classification=0.0126, bbox_regression=0.0688, bbox_ctrness=0.6011
epoch 18/50 iter 420/1860 loss=0.7116 mean_loss=0.7563 classification=0.0364, bbox_regression=0.0593, bbox_ctrness=0.6159
epoch 18/50 iter 440/1860 loss=0.6553 mean_loss=0.7550 classification=0.0154, bbox_regression=0.0537, bbox_ctrness=0.5861
epoch 18/50 iter 460/1860 loss=0.7147 mean_loss=0.7558 classification=0.0402, bbox_regression=0.0770, bbox_ctrness=0.5975
epoch 18/50 iter 480/1860 loss=0.7768 mean_loss=0.7562 classification=0.0785, bbox_regression=0.1054, bbox_ctrness=0.5929
epoch 18/50 iter 500/1860 loss=0.7476 mean_loss=0.7567 classification=0.0626, bbox_regression=0.0765, bbox_ctrness=0.6085
epoch 18/50 iter 520/1860 loss=0.7442 mean_loss=0.7571 classification=0.0300, bbox_regression=0.0955, bbox_ctrness=0.6187
epoch 18/50 iter 540/1860 loss=0.7209 mean_loss=0.7569 classification=0.0615, bbox_regression=0.0636, bbox_ctrness=0.5958
epoch 18/50 iter 560/1860 loss=0.9785 mean_loss=0.7578 classification=0.1851, bbox_regression=0.1788, bbox_ctrness=0.6147
epoch 18/50 iter 580/1860 loss=0.7123 mean_loss=0.7582 classification=0.0421, bbox_regression=0.0648, bbox_ctrness=0.6054
epoch 18/50 iter 600/1860 loss=0.6795 mean_loss=0.7574 classification=0.0109, bbox_regression=0.0698, bbox_ctrness=0.5987
epoch 18/50 iter 620/1860 loss=0.6611 mean_loss=0.7563 classification=0.0097, bbox_regression=0.0612, bbox_ctrness=0.5902
epoch 18/50 iter 640/1860 loss=0.7418 mean_loss=0.7561 classification=0.0529, bbox_regression=0.0869, bbox_ctrness=0.6020
epoch 18/50 iter 660/1860 loss=0.8312 mean_loss=0.7573 classification=0.0899, bbox_regression=0.1214, bbox_ctrness=0.6199
epoch 18/50 iter 680/1860 loss=0.7433 mean_loss=0.7570 classification=0.0485, bbox_regression=0.0926, bbox_ctrness=0.6022
epoch 18/50 iter 700/1860 loss=0.6625 mean_loss=0.7586 classification=0.0034, bbox_regression=0.0648, bbox_ctrness=0.5943
epoch 18/50 iter 720/1860 loss=0.8318 mean_loss=0.7592 classification=0.1267, bbox_regression=0.1083, bbox_ctrness=0.5969
epoch 18/50 iter 740/1860 loss=0.6637 mean_loss=0.7591 classification=0.0151, bbox_regression=0.0687, bbox_ctrness=0.5799
epoch 18/50 iter 760/1860 loss=0.7631 mean_loss=0.7592 classification=0.0533, bbox_regression=0.0994, bbox_ctrness=0.6104
epoch 18/50 iter 780/1860 loss=0.7122 mean_loss=0.7592 classification=0.0335, bbox_regression=0.0789, bbox_ctrness=0.5997
epoch 18/50 iter 800/1860 loss=0.7640 mean_loss=0.7586 classification=0.0484, bbox_regression=0.1047, bbox_ctrness=0.6109
epoch 18/50 iter 820/1860 loss=0.6964 mean_loss=0.7591 classification=0.0292, bbox_regression=0.0574, bbox_ctrness=0.6098
epoch 18/50 iter 840/1860 loss=1.0985 mean_loss=0.7584 classification=0.2607, bbox_regression=0.2234, bbox_ctrness=0.6144
epoch 18/50 iter 860/1860 loss=0.7093 mean_loss=0.7583 classification=0.0365, bbox_regression=0.0860, bbox_ctrness=0.5869
epoch 18/50 iter 880/1860 loss=0.7328 mean_loss=0.7584 classification=0.0579, bbox_regression=0.0792, bbox_ctrness=0.5958
epoch 18/50 iter 900/1860 loss=0.7108 mean_loss=0.7582 classification=0.0543, bbox_regression=0.0695, bbox_ctrness=0.5870
epoch 18/50 iter 920/1860 loss=0.6964 mean_loss=0.7583 classification=0.0139, bbox_regression=0.0845, bbox_ctrness=0.5981
epoch 18/50 iter 940/1860 loss=0.7376 mean_loss=0.7581 classification=0.0402, bbox_regression=0.0878, bbox_ctrness=0.6096
epoch 18/50 iter 960/1860 loss=0.7001 mean_loss=0.7573 classification=0.0399, bbox_regression=0.0704, bbox_ctrness=0.5897
epoch 18/50 iter 980/1860 loss=0.7676 mean_loss=0.7575 classification=0.0436, bbox_regression=0.1145, bbox_ctrness=0.6095
epoch 18/50 iter 1000/1860 loss=0.6674 mean_loss=0.7574 classification=0.0142, bbox_regression=0.0538, bbox_ctrness=0.5995
epoch 18/50 iter 1020/1860 loss=0.7394 mean_loss=0.7569 classification=0.0603, bbox_regression=0.0576, bbox_ctrness=0.6216
epoch 18/50 iter 1040/1860 loss=0.7023 mean_loss=0.7573 classification=0.0194, bbox_regression=0.0684, bbox_ctrness=0.6144
epoch 18/50 iter 1060/1860 loss=0.7452 mean_loss=0.7571 classification=0.0609, bbox_regression=0.0844, bbox_ctrness=0.5999
epoch 18/50 iter 1080/1860 loss=0.7718 mean_loss=0.7570 classification=0.0667, bbox_regression=0.0959, bbox_ctrness=0.6092
epoch 18/50 iter 1100/1860 loss=0.6911 mean_loss=0.7567 classification=0.0290, bbox_regression=0.0547, bbox_ctrness=0.6074
epoch 18/50 iter 1120/1860 loss=0.6913 mean_loss=0.7565 classification=0.0208, bbox_regression=0.0713, bbox_ctrness=0.5991
epoch 18/50 iter 1140/1860 loss=0.7683 mean_loss=0.7562 classification=0.0588, bbox_regression=0.1109, bbox_ctrness=0.5986
epoch 18/50 iter 1160/1860 loss=0.7088 mean_loss=0.7560 classification=0.0419, bbox_regression=0.0680, bbox_ctrness=0.5990
epoch 18/50 iter 1180/1860 loss=0.7006 mean_loss=0.7557 classification=0.0381, bbox_regression=0.0586, bbox_ctrness=0.6039
epoch 18/50 iter 1200/1860 loss=0.9361 mean_loss=0.7560 classification=0.1579, bbox_regression=0.1422, bbox_ctrness=0.6360
epoch 18/50 iter 1220/1860 loss=0.7226 mean_loss=0.7567 classification=0.0382, bbox_regression=0.0772, bbox_ctrness=0.6071
epoch 18/50 iter 1240/1860 loss=0.7061 mean_loss=0.7564 classification=0.0351, bbox_regression=0.0608, bbox_ctrness=0.6102
epoch 18/50 iter 1260/1860 loss=0.7261 mean_loss=0.7560 classification=0.0451, bbox_regression=0.0774, bbox_ctrness=0.6036
epoch 18/50 iter 1280/1860 loss=0.8256 mean_loss=0.7556 classification=0.0712, bbox_regression=0.1385, bbox_ctrness=0.6158
epoch 18/50 iter 1300/1860 loss=0.6750 mean_loss=0.7551 classification=0.0129, bbox_regression=0.0587, bbox_ctrness=0.6034
epoch 18/50 iter 1320/1860 loss=0.7603 mean_loss=0.7551 classification=0.0745, bbox_regression=0.0758, bbox_ctrness=0.6100
epoch 18/50 iter 1340/1860 loss=0.7021 mean_loss=0.7552 classification=0.0408, bbox_regression=0.0631, bbox_ctrness=0.5983
epoch 18/50 iter 1360/1860 loss=0.8013 mean_loss=0.7551 classification=0.0761, bbox_regression=0.1117, bbox_ctrness=0.6134
epoch 18/50 iter 1380/1860 loss=0.6790 mean_loss=0.7555 classification=0.0228, bbox_regression=0.0631, bbox_ctrness=0.5930
epoch 18/50 iter 1400/1860 loss=0.6796 mean_loss=0.7553 classification=0.0061, bbox_regression=0.0601, bbox_ctrness=0.6133
epoch 18/50 iter 1420/1860 loss=0.7192 mean_loss=0.7554 classification=0.0361, bbox_regression=0.0888, bbox_ctrness=0.5943
epoch 18/50 iter 1440/1860 loss=0.7332 mean_loss=0.7551 classification=0.0419, bbox_regression=0.0768, bbox_ctrness=0.6145
epoch 18/50 iter 1460/1860 loss=0.9849 mean_loss=0.7552 classification=0.1716, bbox_regression=0.1911, bbox_ctrness=0.6223
epoch 18/50 iter 1480/1860 loss=0.8872 mean_loss=0.7555 classification=0.1261, bbox_regression=0.1299, bbox_ctrness=0.6312
epoch 18/50 iter 1500/1860 loss=0.7707 mean_loss=0.7556 classification=0.0599, bbox_regression=0.1156, bbox_ctrness=0.5952
epoch 18/50 iter 1520/1860 loss=0.7185 mean_loss=0.7557 classification=0.0397, bbox_regression=0.0722, bbox_ctrness=0.6066
epoch 18/50 iter 1540/1860 loss=0.8283 mean_loss=0.7559 classification=0.1189, bbox_regression=0.1148, bbox_ctrness=0.5945
epoch 18/50 iter 1560/1860 loss=0.7469 mean_loss=0.7565 classification=0.0471, bbox_regression=0.0807, bbox_ctrness=0.6191
epoch 18/50 iter 1580/1860 loss=0.6628 mean_loss=0.7566 classification=0.0142, bbox_regression=0.0526, bbox_ctrness=0.5959
epoch 18/50 iter 1600/1860 loss=0.7099 mean_loss=0.7565 classification=0.0296, bbox_regression=0.0777, bbox_ctrness=0.6026
epoch 18/50 iter 1620/1860 loss=0.7742 mean_loss=0.7567 classification=0.0842, bbox_regression=0.0907, bbox_ctrness=0.5992
epoch 18/50 iter 1640/1860 loss=0.7006 mean_loss=0.7566 classification=0.0375, bbox_regression=0.0735, bbox_ctrness=0.5895
epoch 18/50 iter 1660/1860 loss=0.8139 mean_loss=0.7565 classification=0.0674, bbox_regression=0.1520, bbox_ctrness=0.5946
epoch 18/50 iter 1680/1860 loss=0.7922 mean_loss=0.7566 classification=0.0696, bbox_regression=0.1223, bbox_ctrness=0.6003
epoch 18/50 iter 1700/1860 loss=0.7919 mean_loss=0.7570 classification=0.0641, bbox_regression=0.1196, bbox_ctrness=0.6082
epoch 18/50 iter 1720/1860 loss=0.6897 mean_loss=0.7566 classification=0.0197, bbox_regression=0.0727, bbox_ctrness=0.5973
epoch 18/50 iter 1740/1860 loss=0.6766 mean_loss=0.7567 classification=0.0230, bbox_regression=0.0594, bbox_ctrness=0.5942
epoch 18/50 iter 1760/1860 loss=0.6960 mean_loss=0.7571 classification=0.0226, bbox_regression=0.0645, bbox_ctrness=0.6089
epoch 18/50 iter 1780/1860 loss=0.6911 mean_loss=0.7574 classification=0.0174, bbox_regression=0.0801, bbox_ctrness=0.5937
epoch 18/50 iter 1800/1860 loss=0.7210 mean_loss=0.7572 classification=0.0325, bbox_regression=0.0971, bbox_ctrness=0.5914
epoch 18/50 iter 1820/1860 loss=0.7062 mean_loss=0.7576 classification=0.0108, bbox_regression=0.0757, bbox_ctrness=0.6197
epoch 18/50 iter 1840/1860 loss=1.0389 mean_loss=0.7579 classification=0.2418, bbox_regression=0.1718, bbox_ctrness=0.6253
epoch 18/50 iter 1860/1860 loss=0.7766 mean_loss=0.7580 classification=0.0983, bbox_regression=0.0519, bbox_ctrness=0.6264
epoch 18 validation Precision=0.5520 Recall=0.9507 AP50=0.9246 AP75=0.8229 eval_fps=20.66 epoch_time_sec=884.5
saved checkpoint: E:\RepViT-main\runs\v48_complete_ablation\training\early_moddrop_seed2\weights\last.pt
epoch 19/50 iter 1/1860 loss=0.6919 mean_loss=0.6919 classification=0.0209, bbox_regression=0.0694, bbox_ctrness=0.6015
epoch 19/50 iter 20/1860 loss=0.6853 mean_loss=0.7389 classification=0.0348, bbox_regression=0.0644, bbox_ctrness=0.5861
epoch 19/50 iter 40/1860 loss=0.6867 mean_loss=0.7255 classification=0.0282, bbox_regression=0.0646, bbox_ctrness=0.5938
epoch 19/50 iter 60/1860 loss=0.7134 mean_loss=0.7331 classification=0.0291, bbox_regression=0.0885, bbox_ctrness=0.5958
epoch 19/50 iter 80/1860 loss=0.7645 mean_loss=0.7446 classification=0.0604, bbox_regression=0.0957, bbox_ctrness=0.6084
epoch 19/50 iter 100/1860 loss=0.6691 mean_loss=0.7561 classification=0.0097, bbox_regression=0.0593, bbox_ctrness=0.6001
epoch 19/50 iter 120/1860 loss=0.7593 mean_loss=0.7612 classification=0.0464, bbox_regression=0.1030, bbox_ctrness=0.6099
epoch 19/50 iter 140/1860 loss=0.7866 mean_loss=0.7601 classification=0.0516, bbox_regression=0.1103, bbox_ctrness=0.6247
epoch 19/50 iter 160/1860 loss=0.9141 mean_loss=0.7630 classification=0.1730, bbox_regression=0.1497, bbox_ctrness=0.5914
epoch 19/50 iter 180/1860 loss=0.6749 mean_loss=0.7615 classification=0.0206, bbox_regression=0.0544, bbox_ctrness=0.5999
epoch 19/50 iter 200/1860 loss=0.9967 mean_loss=0.7608 classification=0.2640, bbox_regression=0.1372, bbox_ctrness=0.5954
epoch 19/50 iter 220/1860 loss=0.6847 mean_loss=0.7625 classification=0.0333, bbox_regression=0.0682, bbox_ctrness=0.5832
epoch 19/50 iter 240/1860 loss=0.7942 mean_loss=0.7627 classification=0.0789, bbox_regression=0.1167, bbox_ctrness=0.5986
epoch 19/50 iter 260/1860 loss=0.8926 mean_loss=0.7655 classification=0.1807, bbox_regression=0.1214, bbox_ctrness=0.5905
epoch 19/50 iter 280/1860 loss=0.7441 mean_loss=0.7690 classification=0.0470, bbox_regression=0.0787, bbox_ctrness=0.6185
epoch 19/50 iter 300/1860 loss=0.7067 mean_loss=0.7677 classification=0.0294, bbox_regression=0.0693, bbox_ctrness=0.6081
epoch 19/50 iter 320/1860 loss=0.7903 mean_loss=0.7713 classification=0.0697, bbox_regression=0.1064, bbox_ctrness=0.6142
epoch 19/50 iter 340/1860 loss=0.8826 mean_loss=0.7703 classification=0.1209, bbox_regression=0.1445, bbox_ctrness=0.6171
epoch 19/50 iter 360/1860 loss=0.9533 mean_loss=0.7708 classification=0.1384, bbox_regression=0.1855, bbox_ctrness=0.6294
epoch 19/50 iter 380/1860 loss=0.6902 mean_loss=0.7669 classification=0.0131, bbox_regression=0.0788, bbox_ctrness=0.5983
epoch 19/50 iter 400/1860 loss=0.7079 mean_loss=0.7651 classification=0.0462, bbox_regression=0.0686, bbox_ctrness=0.5931
epoch 19/50 iter 420/1860 loss=0.7588 mean_loss=0.7642 classification=0.0560, bbox_regression=0.1015, bbox_ctrness=0.6013
epoch 19/50 iter 440/1860 loss=0.7062 mean_loss=0.7632 classification=0.0464, bbox_regression=0.0665, bbox_ctrness=0.5934
epoch 19/50 iter 460/1860 loss=0.6845 mean_loss=0.7626 classification=0.0272, bbox_regression=0.0682, bbox_ctrness=0.5890
epoch 19/50 iter 480/1860 loss=0.7641 mean_loss=0.7620 classification=0.0472, bbox_regression=0.1097, bbox_ctrness=0.6072
epoch 19/50 iter 500/1860 loss=0.7219 mean_loss=0.7624 classification=0.0364, bbox_regression=0.0726, bbox_ctrness=0.6129
epoch 19/50 iter 520/1860 loss=0.7060 mean_loss=0.7608 classification=0.0354, bbox_regression=0.0831, bbox_ctrness=0.5874
epoch 19/50 iter 540/1860 loss=0.7224 mean_loss=0.7600 classification=0.0392, bbox_regression=0.0679, bbox_ctrness=0.6153
epoch 19/50 iter 560/1860 loss=0.6735 mean_loss=0.7592 classification=0.0078, bbox_regression=0.0705, bbox_ctrness=0.5952
epoch 19/50 iter 580/1860 loss=0.7393 mean_loss=0.7588 classification=0.0597, bbox_regression=0.0667, bbox_ctrness=0.6129
epoch 19/50 iter 600/1860 loss=0.6762 mean_loss=0.7604 classification=0.0296, bbox_regression=0.0521, bbox_ctrness=0.5945
epoch 19/50 iter 620/1860 loss=0.6881 mean_loss=0.7598 classification=0.0291, bbox_regression=0.0723, bbox_ctrness=0.5867
epoch 19/50 iter 640/1860 loss=0.8696 mean_loss=0.7586 classification=0.1400, bbox_regression=0.1231, bbox_ctrness=0.6065
epoch 19/50 iter 660/1860 loss=0.7421 mean_loss=0.7585 classification=0.0435, bbox_regression=0.0964, bbox_ctrness=0.6022
epoch 19/50 iter 680/1860 loss=0.7292 mean_loss=0.7583 classification=0.0504, bbox_regression=0.0776, bbox_ctrness=0.6012
epoch 19/50 iter 700/1860 loss=0.8076 mean_loss=0.7581 classification=0.0606, bbox_regression=0.1209, bbox_ctrness=0.6261
epoch 19/50 iter 720/1860 loss=0.7414 mean_loss=0.7584 classification=0.0758, bbox_regression=0.0726, bbox_ctrness=0.5930
epoch 19/50 iter 740/1860 loss=0.7831 mean_loss=0.7574 classification=0.0840, bbox_regression=0.0901, bbox_ctrness=0.6090
epoch 19/50 iter 760/1860 loss=0.7258 mean_loss=0.7567 classification=0.0405, bbox_regression=0.0694, bbox_ctrness=0.6160
epoch 19/50 iter 780/1860 loss=0.6984 mean_loss=0.7566 classification=0.0109, bbox_regression=0.0609, bbox_ctrness=0.6267
epoch 19/50 iter 800/1860 loss=0.6717 mean_loss=0.7558 classification=0.0177, bbox_regression=0.0526, bbox_ctrness=0.6014
epoch 19/50 iter 820/1860 loss=0.9276 mean_loss=0.7557 classification=0.1411, bbox_regression=0.1521, bbox_ctrness=0.6344
epoch 19/50 iter 840/1860 loss=0.7247 mean_loss=0.7565 classification=0.0452, bbox_regression=0.0757, bbox_ctrness=0.6038
epoch 19/50 iter 860/1860 loss=0.7427 mean_loss=0.7557 classification=0.0249, bbox_regression=0.1055, bbox_ctrness=0.6123
epoch 19/50 iter 880/1860 loss=0.7109 mean_loss=0.7554 classification=0.0417, bbox_regression=0.0728, bbox_ctrness=0.5964
epoch 19/50 iter 900/1860 loss=0.6592 mean_loss=0.7556 classification=0.0143, bbox_regression=0.0625, bbox_ctrness=0.5824
epoch 19/50 iter 920/1860 loss=0.8551 mean_loss=0.7559 classification=0.1282, bbox_regression=0.1150, bbox_ctrness=0.6119
epoch 19/50 iter 940/1860 loss=0.7754 mean_loss=0.7554 classification=0.0676, bbox_regression=0.1091, bbox_ctrness=0.5987
epoch 19/50 iter 960/1860 loss=0.6828 mean_loss=0.7545 classification=0.0042, bbox_regression=0.0601, bbox_ctrness=0.6185
epoch 19/50 iter 980/1860 loss=0.6974 mean_loss=0.7550 classification=0.0166, bbox_regression=0.0737, bbox_ctrness=0.6071
epoch 19/50 iter 1000/1860 loss=0.6809 mean_loss=0.7546 classification=0.0181, bbox_regression=0.0603, bbox_ctrness=0.6025
epoch 19/50 iter 1020/1860 loss=0.6789 mean_loss=0.7549 classification=0.0138, bbox_regression=0.0691, bbox_ctrness=0.5960
epoch 19/50 iter 1040/1860 loss=0.8356 mean_loss=0.7548 classification=0.1161, bbox_regression=0.1256, bbox_ctrness=0.5939
epoch 19/50 iter 1060/1860 loss=0.8253 mean_loss=0.7544 classification=0.0889, bbox_regression=0.1238, bbox_ctrness=0.6126
epoch 19/50 iter 1080/1860 loss=0.7071 mean_loss=0.7552 classification=0.0239, bbox_regression=0.0803, bbox_ctrness=0.6029
epoch 19/50 iter 1100/1860 loss=0.8840 mean_loss=0.7548 classification=0.1621, bbox_regression=0.0953, bbox_ctrness=0.6266
epoch 19/50 iter 1120/1860 loss=0.6762 mean_loss=0.7550 classification=0.0199, bbox_regression=0.0545, bbox_ctrness=0.6019
epoch 19/50 iter 1140/1860 loss=0.6925 mean_loss=0.7550 classification=0.0250, bbox_regression=0.0652, bbox_ctrness=0.6023
epoch 19/50 iter 1160/1860 loss=0.7093 mean_loss=0.7550 classification=0.0372, bbox_regression=0.0698, bbox_ctrness=0.6023
epoch 19/50 iter 1180/1860 loss=0.9208 mean_loss=0.7550 classification=0.1788, bbox_regression=0.1287, bbox_ctrness=0.6132
epoch 19/50 iter 1200/1860 loss=0.7091 mean_loss=0.7556 classification=0.0351, bbox_regression=0.0689, bbox_ctrness=0.6052
epoch 19/50 iter 1220/1860 loss=0.7370 mean_loss=0.7556 classification=0.0439, bbox_regression=0.0944, bbox_ctrness=0.5987
epoch 19/50 iter 1240/1860 loss=0.6782 mean_loss=0.7554 classification=0.0169, bbox_regression=0.0637, bbox_ctrness=0.5976
epoch 19/50 iter 1260/1860 loss=0.7073 mean_loss=0.7549 classification=0.0280, bbox_regression=0.0769, bbox_ctrness=0.6025
epoch 19/50 iter 1280/1860 loss=0.6770 mean_loss=0.7550 classification=0.0166, bbox_regression=0.0612, bbox_ctrness=0.5992
epoch 19/50 iter 1300/1860 loss=0.7195 mean_loss=0.7556 classification=0.0294, bbox_regression=0.0784, bbox_ctrness=0.6117
epoch 19/50 iter 1320/1860 loss=0.7524 mean_loss=0.7552 classification=0.0492, bbox_regression=0.0981, bbox_ctrness=0.6051
epoch 19/50 iter 1340/1860 loss=0.6770 mean_loss=0.7549 classification=0.0027, bbox_regression=0.0560, bbox_ctrness=0.6182
epoch 19/50 iter 1360/1860 loss=0.6880 mean_loss=0.7552 classification=0.0247, bbox_regression=0.0706, bbox_ctrness=0.5928
epoch 19/50 iter 1380/1860 loss=0.6950 mean_loss=0.7553 classification=0.0262, bbox_regression=0.0682, bbox_ctrness=0.6006
epoch 19/50 iter 1400/1860 loss=0.7123 mean_loss=0.7556 classification=0.0436, bbox_regression=0.0775, bbox_ctrness=0.5912
epoch 19/50 iter 1420/1860 loss=0.6675 mean_loss=0.7557 classification=0.0120, bbox_regression=0.0573, bbox_ctrness=0.5983
epoch 19/50 iter 1440/1860 loss=0.8001 mean_loss=0.7561 classification=0.0603, bbox_regression=0.1297, bbox_ctrness=0.6101
epoch 19/50 iter 1460/1860 loss=0.7345 mean_loss=0.7559 classification=0.0623, bbox_regression=0.0827, bbox_ctrness=0.5896
epoch 19/50 iter 1480/1860 loss=0.6991 mean_loss=0.7559 classification=0.0259, bbox_regression=0.0719, bbox_ctrness=0.6013
epoch 19/50 iter 1500/1860 loss=0.7218 mean_loss=0.7561 classification=0.0439, bbox_regression=0.0883, bbox_ctrness=0.5897
epoch 19/50 iter 1520/1860 loss=0.6854 mean_loss=0.7564 classification=0.0145, bbox_regression=0.0724, bbox_ctrness=0.5984
epoch 19/50 iter 1540/1860 loss=1.4178 mean_loss=0.7566 classification=0.4805, bbox_regression=0.2849, bbox_ctrness=0.6524
epoch 19/50 iter 1560/1860 loss=0.6791 mean_loss=0.7572 classification=0.0258, bbox_regression=0.0678, bbox_ctrness=0.5855
epoch 19/50 iter 1580/1860 loss=0.9545 mean_loss=0.7570 classification=0.1576, bbox_regression=0.1838, bbox_ctrness=0.6131
epoch 19/50 iter 1600/1860 loss=0.8364 mean_loss=0.7567 classification=0.1346, bbox_regression=0.1115, bbox_ctrness=0.5903
epoch 19/50 iter 1620/1860 loss=0.6717 mean_loss=0.7568 classification=0.0244, bbox_regression=0.0602, bbox_ctrness=0.5871
epoch 19/50 iter 1640/1860 loss=0.9183 mean_loss=0.7571 classification=0.1847, bbox_regression=0.1305, bbox_ctrness=0.6030
epoch 19/50 iter 1660/1860 loss=0.6572 mean_loss=0.7573 classification=0.0152, bbox_regression=0.0597, bbox_ctrness=0.5823
epoch 19/50 iter 1680/1860 loss=0.6987 mean_loss=0.7571 classification=0.0249, bbox_regression=0.0889, bbox_ctrness=0.5849
epoch 19/50 iter 1700/1860 loss=0.7287 mean_loss=0.7571 classification=0.0504, bbox_regression=0.0722, bbox_ctrness=0.6061
epoch 19/50 iter 1720/1860 loss=0.7224 mean_loss=0.7570 classification=0.0322, bbox_regression=0.0740, bbox_ctrness=0.6162
epoch 19/50 iter 1740/1860 loss=0.7428 mean_loss=0.7574 classification=0.0486, bbox_regression=0.0827, bbox_ctrness=0.6115
epoch 19/50 iter 1760/1860 loss=0.6754 mean_loss=0.7577 classification=0.0218, bbox_regression=0.0523, bbox_ctrness=0.6012
epoch 19/50 iter 1780/1860 loss=0.7058 mean_loss=0.7577 classification=0.0251, bbox_regression=0.0741, bbox_ctrness=0.6066
epoch 19/50 iter 1800/1860 loss=0.7013 mean_loss=0.7578 classification=0.0286, bbox_regression=0.0770, bbox_ctrness=0.5957
epoch 19/50 iter 1820/1860 loss=0.7315 mean_loss=0.7579 classification=0.0546, bbox_regression=0.0844, bbox_ctrness=0.5925
epoch 19/50 iter 1840/1860 loss=0.6949 mean_loss=0.7583 classification=0.0446, bbox_regression=0.0514, bbox_ctrness=0.5988
epoch 19/50 iter 1860/1860 loss=0.7726 mean_loss=0.7580 classification=0.0746, bbox_regression=0.0945, bbox_ctrness=0.6035
epoch 19 validation Precision=0.6104 Recall=0.9494 AP50=0.9253 AP75=0.8373 eval_fps=22.68 epoch_time_sec=873.2
saved checkpoint: E:\RepViT-main\runs\v48_complete_ablation\training\early_moddrop_seed2\weights\last.pt
epoch 20/50 iter 1/1860 loss=0.9628 mean_loss=0.9628 classification=0.2126, bbox_regression=0.1603, bbox_ctrness=0.5898
epoch 20/50 iter 20/1860 loss=0.6665 mean_loss=0.7552 classification=0.0072, bbox_regression=0.0680, bbox_ctrness=0.5912
epoch 20/50 iter 40/1860 loss=0.7029 mean_loss=0.7401 classification=0.0233, bbox_regression=0.0934, bbox_ctrness=0.5862
epoch 20/50 iter 60/1860 loss=0.7434 mean_loss=0.7318 classification=0.0550, bbox_regression=0.0870, bbox_ctrness=0.6014
epoch 20/50 iter 80/1860 loss=0.7243 mean_loss=0.7382 classification=0.0565, bbox_regression=0.0579, bbox_ctrness=0.6099
epoch 20/50 iter 100/1860 loss=0.7157 mean_loss=0.7329 classification=0.0417, bbox_regression=0.0749, bbox_ctrness=0.5991
epoch 20/50 iter 120/1860 loss=0.8537 mean_loss=0.7377 classification=0.0937, bbox_regression=0.1361, bbox_ctrness=0.6239
epoch 20/50 iter 140/1860 loss=0.7513 mean_loss=0.7359 classification=0.0841, bbox_regression=0.0651, bbox_ctrness=0.6022
epoch 20/50 iter 160/1860 loss=0.7154 mean_loss=0.7368 classification=0.0298, bbox_regression=0.0864, bbox_ctrness=0.5992
epoch 20/50 iter 180/1860 loss=0.6679 mean_loss=0.7350 classification=0.0098, bbox_regression=0.0617, bbox_ctrness=0.5964
epoch 20/50 iter 200/1860 loss=0.7108 mean_loss=0.7331 classification=0.0327, bbox_regression=0.0783, bbox_ctrness=0.5998
epoch 20/50 iter 220/1860 loss=0.6778 mean_loss=0.7314 classification=0.0096, bbox_regression=0.0764, bbox_ctrness=0.5918
epoch 20/50 iter 240/1860 loss=0.7299 mean_loss=0.7349 classification=0.0494, bbox_regression=0.0849, bbox_ctrness=0.5955
epoch 20/50 iter 260/1860 loss=0.6553 mean_loss=0.7353 classification=0.0238, bbox_regression=0.0535, bbox_ctrness=0.5780
epoch 20/50 iter 280/1860 loss=0.7477 mean_loss=0.7378 classification=0.0267, bbox_regression=0.1006, bbox_ctrness=0.6203
epoch 20/50 iter 300/1860 loss=0.6698 mean_loss=0.7399 classification=0.0133, bbox_regression=0.0479, bbox_ctrness=0.6086
epoch 20/50 iter 320/1860 loss=0.8935 mean_loss=0.7412 classification=0.1115, bbox_regression=0.1637, bbox_ctrness=0.6184
epoch 20/50 iter 340/1860 loss=0.6833 mean_loss=0.7416 classification=0.0041, bbox_regression=0.0541, bbox_ctrness=0.6250
epoch 20/50 iter 360/1860 loss=0.8155 mean_loss=0.7421 classification=0.0927, bbox_regression=0.1005, bbox_ctrness=0.6222
epoch 20/50 iter 380/1860 loss=0.6786 mean_loss=0.7440 classification=0.0198, bbox_regression=0.0633, bbox_ctrness=0.5954
epoch 20/50 iter 400/1860 loss=0.6974 mean_loss=0.7429 classification=0.0343, bbox_regression=0.0543, bbox_ctrness=0.6088
epoch 20/50 iter 420/1860 loss=0.8794 mean_loss=0.7441 classification=0.1173, bbox_regression=0.1306, bbox_ctrness=0.6315
epoch 20/50 iter 440/1860 loss=0.8067 mean_loss=0.7446 classification=0.1231, bbox_regression=0.0658, bbox_ctrness=0.6178
epoch 20/50 iter 460/1860 loss=0.6703 mean_loss=0.7446 classification=0.0094, bbox_regression=0.0636, bbox_ctrness=0.5973
epoch 20/50 iter 480/1860 loss=0.7676 mean_loss=0.7455 classification=0.0636, bbox_regression=0.1026, bbox_ctrness=0.6014
epoch 20/50 iter 500/1860 loss=0.6634 mean_loss=0.7459 classification=0.0112, bbox_regression=0.0529, bbox_ctrness=0.5993
epoch 20/50 iter 520/1860 loss=0.7291 mean_loss=0.7453 classification=0.0936, bbox_regression=0.0549, bbox_ctrness=0.5806
epoch 20/50 iter 540/1860 loss=0.8637 mean_loss=0.7453 classification=0.1122, bbox_regression=0.1389, bbox_ctrness=0.6126
epoch 20/50 iter 560/1860 loss=0.7655 mean_loss=0.7449 classification=0.0355, bbox_regression=0.1112, bbox_ctrness=0.6188
epoch 20/50 iter 580/1860 loss=0.6950 mean_loss=0.7452 classification=0.0215, bbox_regression=0.0630, bbox_ctrness=0.6106
epoch 20/50 iter 600/1860 loss=0.7759 mean_loss=0.7457 classification=0.0459, bbox_regression=0.0919, bbox_ctrness=0.6381
epoch 20/50 iter 620/1860 loss=0.7224 mean_loss=0.7452 classification=0.0276, bbox_regression=0.0836, bbox_ctrness=0.6111
epoch 20/50 iter 640/1860 loss=0.6884 mean_loss=0.7438 classification=0.0052, bbox_regression=0.0558, bbox_ctrness=0.6274
epoch 20/50 iter 660/1860 loss=0.6759 mean_loss=0.7442 classification=0.0122, bbox_regression=0.0534, bbox_ctrness=0.6104
epoch 20/50 iter 680/1860 loss=0.7287 mean_loss=0.7437 classification=0.0347, bbox_regression=0.0819, bbox_ctrness=0.6121
epoch 20/50 iter 700/1860 loss=0.7634 mean_loss=0.7454 classification=0.0566, bbox_regression=0.1081, bbox_ctrness=0.5988
epoch 20/50 iter 720/1860 loss=0.6928 mean_loss=0.7461 classification=0.0140, bbox_regression=0.0677, bbox_ctrness=0.6111
epoch 20/50 iter 740/1860 loss=1.1417 mean_loss=0.7470 classification=0.2736, bbox_regression=0.2467, bbox_ctrness=0.6214
epoch 20/50 iter 760/1860 loss=0.9326 mean_loss=0.7470 classification=0.1059, bbox_regression=0.1721, bbox_ctrness=0.6546
epoch 20/50 iter 780/1860 loss=0.7175 mean_loss=0.7477 classification=0.0450, bbox_regression=0.0789, bbox_ctrness=0.5936
epoch 20/50 iter 800/1860 loss=0.7969 mean_loss=0.7478 classification=0.0569, bbox_regression=0.1187, bbox_ctrness=0.6213
epoch 20/50 iter 820/1860 loss=0.6721 mean_loss=0.7472 classification=0.0096, bbox_regression=0.0590, bbox_ctrness=0.6035
epoch 20/50 iter 840/1860 loss=0.7352 mean_loss=0.7471 classification=0.0634, bbox_regression=0.0822, bbox_ctrness=0.5896
epoch 20/50 iter 860/1860 loss=0.7252 mean_loss=0.7475 classification=0.0422, bbox_regression=0.0862, bbox_ctrness=0.5968
epoch 20/50 iter 880/1860 loss=0.7621 mean_loss=0.7472 classification=0.0869, bbox_regression=0.0731, bbox_ctrness=0.6020
epoch 20/50 iter 900/1860 loss=0.8150 mean_loss=0.7479 classification=0.0829, bbox_regression=0.1262, bbox_ctrness=0.6059
epoch 20/50 iter 920/1860 loss=0.6961 mean_loss=0.7474 classification=0.0286, bbox_regression=0.0684, bbox_ctrness=0.5990
epoch 20/50 iter 940/1860 loss=0.7649 mean_loss=0.7475 classification=0.0843, bbox_regression=0.0893, bbox_ctrness=0.5912
epoch 20/50 iter 960/1860 loss=0.7038 mean_loss=0.7473 classification=0.0429, bbox_regression=0.0579, bbox_ctrness=0.6030
epoch 20/50 iter 980/1860 loss=0.7149 mean_loss=0.7479 classification=0.0193, bbox_regression=0.0782, bbox_ctrness=0.6174
epoch 20/50 iter 1000/1860 loss=0.6980 mean_loss=0.7479 classification=0.0241, bbox_regression=0.0736, bbox_ctrness=0.6003
epoch 20/50 iter 1020/1860 loss=0.8469 mean_loss=0.7477 classification=0.0980, bbox_regression=0.1369, bbox_ctrness=0.6119
epoch 20/50 iter 1040/1860 loss=0.6836 mean_loss=0.7473 classification=0.0176, bbox_regression=0.0647, bbox_ctrness=0.6013
epoch 20/50 iter 1060/1860 loss=0.7227 mean_loss=0.7474 classification=0.0241, bbox_regression=0.0876, bbox_ctrness=0.6109
epoch 20/50 iter 1080/1860 loss=0.7520 mean_loss=0.7474 classification=0.0757, bbox_regression=0.0753, bbox_ctrness=0.6010
epoch 20/50 iter 1100/1860 loss=0.6760 mean_loss=0.7477 classification=0.0056, bbox_regression=0.0635, bbox_ctrness=0.6068
epoch 20/50 iter 1120/1860 loss=0.7628 mean_loss=0.7476 classification=0.0562, bbox_regression=0.0963, bbox_ctrness=0.6104
epoch 20/50 iter 1140/1860 loss=0.7273 mean_loss=0.7476 classification=0.0244, bbox_regression=0.0935, bbox_ctrness=0.6094
epoch 20/50 iter 1160/1860 loss=0.6901 mean_loss=0.7478 classification=0.0288, bbox_regression=0.0676, bbox_ctrness=0.5937
epoch 20/50 iter 1180/1860 loss=0.6821 mean_loss=0.7477 classification=0.0145, bbox_regression=0.0669, bbox_ctrness=0.6007
epoch 20/50 iter 1200/1860 loss=0.7895 mean_loss=0.7481 classification=0.1055, bbox_regression=0.0973, bbox_ctrness=0.5868
epoch 20/50 iter 1220/1860 loss=0.6880 mean_loss=0.7486 classification=0.0307, bbox_regression=0.0631, bbox_ctrness=0.5942
epoch 20/50 iter 1240/1860 loss=0.7691 mean_loss=0.7491 classification=0.0314, bbox_regression=0.1143, bbox_ctrness=0.6234
epoch 20/50 iter 1260/1860 loss=0.6790 mean_loss=0.7495 classification=0.0101, bbox_regression=0.0657, bbox_ctrness=0.6032
epoch 20/50 iter 1280/1860 loss=0.7162 mean_loss=0.7491 classification=0.0276, bbox_regression=0.0781, bbox_ctrness=0.6104
epoch 20/50 iter 1300/1860 loss=0.7068 mean_loss=0.7500 classification=0.0205, bbox_regression=0.0802, bbox_ctrness=0.6060
epoch 20/50 iter 1320/1860 loss=0.8796 mean_loss=0.7500 classification=0.1142, bbox_regression=0.1551, bbox_ctrness=0.6103
epoch 20/50 iter 1340/1860 loss=0.6822 mean_loss=0.7506 classification=0.0055, bbox_regression=0.0538, bbox_ctrness=0.6229
epoch 20/50 iter 1360/1860 loss=0.7408 mean_loss=0.7507 classification=0.0248, bbox_regression=0.1013, bbox_ctrness=0.6147
epoch 20/50 iter 1380/1860 loss=0.6902 mean_loss=0.7505 classification=0.0117, bbox_regression=0.0680, bbox_ctrness=0.6104
epoch 20/50 iter 1400/1860 loss=0.6743 mean_loss=0.7504 classification=0.0148, bbox_regression=0.0624, bbox_ctrness=0.5971
epoch 20/50 iter 1420/1860 loss=0.7563 mean_loss=0.7503 classification=0.0682, bbox_regression=0.0944, bbox_ctrness=0.5937
epoch 20/50 iter 1440/1860 loss=0.6957 mean_loss=0.7503 classification=0.0430, bbox_regression=0.0731, bbox_ctrness=0.5797
epoch 20/50 iter 1460/1860 loss=0.7239 mean_loss=0.7501 classification=0.0307, bbox_regression=0.0790, bbox_ctrness=0.6142
epoch 20/50 iter 1480/1860 loss=0.8594 mean_loss=0.7497 classification=0.1224, bbox_regression=0.1379, bbox_ctrness=0.5991
epoch 20/50 iter 1500/1860 loss=0.6965 mean_loss=0.7498 classification=0.0192, bbox_regression=0.0817, bbox_ctrness=0.5956
epoch 20/50 iter 1520/1860 loss=0.6911 mean_loss=0.7497 classification=0.0126, bbox_regression=0.0739, bbox_ctrness=0.6046
epoch 20/50 iter 1540/1860 loss=0.7616 mean_loss=0.7500 classification=0.0558, bbox_regression=0.0929, bbox_ctrness=0.6129
epoch 20/50 iter 1560/1860 loss=0.9416 mean_loss=0.7502 classification=0.1457, bbox_regression=0.1737, bbox_ctrness=0.6222
epoch 20/50 iter 1580/1860 loss=0.8919 mean_loss=0.7502 classification=0.1067, bbox_regression=0.1578, bbox_ctrness=0.6274
epoch 20/50 iter 1600/1860 loss=0.7253 mean_loss=0.7502 classification=0.0436, bbox_regression=0.0675, bbox_ctrness=0.6142
epoch 20/50 iter 1620/1860 loss=0.7081 mean_loss=0.7507 classification=0.0398, bbox_regression=0.0671, bbox_ctrness=0.6012
epoch 20/50 iter 1640/1860 loss=0.6681 mean_loss=0.7505 classification=0.0130, bbox_regression=0.0564, bbox_ctrness=0.5987
epoch 20/50 iter 1660/1860 loss=0.7552 mean_loss=0.7505 classification=0.0704, bbox_regression=0.0871, bbox_ctrness=0.5977
epoch 20/50 iter 1680/1860 loss=0.6953 mean_loss=0.7504 classification=0.0203, bbox_regression=0.0701, bbox_ctrness=0.6049
epoch 20/50 iter 1700/1860 loss=0.6609 mean_loss=0.7504 classification=0.0036, bbox_regression=0.0547, bbox_ctrness=0.6026
epoch 20/50 iter 1720/1860 loss=0.6840 mean_loss=0.7503 classification=0.0195, bbox_regression=0.0684, bbox_ctrness=0.5961
epoch 20/50 iter 1740/1860 loss=0.7195 mean_loss=0.7508 classification=0.0366, bbox_regression=0.0854, bbox_ctrness=0.5975
epoch 20/50 iter 1760/1860 loss=0.7300 mean_loss=0.7508 classification=0.0462, bbox_regression=0.0769, bbox_ctrness=0.6069
epoch 20/50 iter 1780/1860 loss=0.7434 mean_loss=0.7505 classification=0.0325, bbox_regression=0.1065, bbox_ctrness=0.6044
epoch 20/50 iter 1800/1860 loss=0.7211 mean_loss=0.7506 classification=0.0266, bbox_regression=0.0914, bbox_ctrness=0.6031
epoch 20/50 iter 1820/1860 loss=0.7027 mean_loss=0.7507 classification=0.0282, bbox_regression=0.0760, bbox_ctrness=0.5986
epoch 20/50 iter 1840/1860 loss=0.9089 mean_loss=0.7515 classification=0.1225, bbox_regression=0.1508, bbox_ctrness=0.6356
epoch 20/50 iter 1860/1860 loss=0.6932 mean_loss=0.7513 classification=0.0351, bbox_regression=0.0714, bbox_ctrness=0.5867
epoch 20 validation Precision=0.3521 Recall=0.9599 AP50=0.9239 AP75=0.8314 eval_fps=21.29 epoch_time_sec=861.7
saved checkpoint: E:\RepViT-main\runs\v48_complete_ablation\training\early_moddrop_seed2\weights\last.pt
epoch 21/50 iter 1/1860 loss=0.6801 mean_loss=0.6801 classification=0.0261, bbox_regression=0.0659, bbox_ctrness=0.5881
epoch 21/50 iter 20/1860 loss=0.7089 mean_loss=0.7705 classification=0.0192, bbox_regression=0.0759, bbox_ctrness=0.6138
epoch 21/50 iter 40/1860 loss=0.6695 mean_loss=0.7630 classification=0.0236, bbox_regression=0.0550, bbox_ctrness=0.5909
epoch 21/50 iter 60/1860 loss=0.6973 mean_loss=0.7599 classification=0.0289, bbox_regression=0.0588, bbox_ctrness=0.6096
epoch 21/50 iter 80/1860 loss=0.8897 mean_loss=0.7641 classification=0.1534, bbox_regression=0.1320, bbox_ctrness=0.6043
epoch 21/50 iter 100/1860 loss=0.8484 mean_loss=0.7615 classification=0.0954, bbox_regression=0.1258, bbox_ctrness=0.6272
epoch 21/50 iter 120/1860 loss=0.6989 mean_loss=0.7578 classification=0.0326, bbox_regression=0.0603, bbox_ctrness=0.6059
epoch 21/50 iter 140/1860 loss=0.6686 mean_loss=0.7580 classification=0.0215, bbox_regression=0.0494, bbox_ctrness=0.5977
epoch 21/50 iter 160/1860 loss=0.6881 mean_loss=0.7585 classification=0.0332, bbox_regression=0.0650, bbox_ctrness=0.5899
epoch 21/50 iter 180/1860 loss=0.6585 mean_loss=0.7549 classification=0.0084, bbox_regression=0.0565, bbox_ctrness=0.5935
epoch 21/50 iter 200/1860 loss=1.0050 mean_loss=0.7584 classification=0.2318, bbox_regression=0.1677, bbox_ctrness=0.6054
epoch 21/50 iter 220/1860 loss=0.7267 mean_loss=0.7627 classification=0.0688, bbox_regression=0.0734, bbox_ctrness=0.5845
epoch 21/50 iter 240/1860 loss=0.6566 mean_loss=0.7567 classification=0.0094, bbox_regression=0.0566, bbox_ctrness=0.5906
epoch 21/50 iter 260/1860 loss=0.6942 mean_loss=0.7560 classification=0.0231, bbox_regression=0.0673, bbox_ctrness=0.6039
epoch 21/50 iter 280/1860 loss=0.7706 mean_loss=0.7543 classification=0.0245, bbox_regression=0.1227, bbox_ctrness=0.6234
epoch 21/50 iter 300/1860 loss=0.6559 mean_loss=0.7529 classification=0.0186, bbox_regression=0.0593, bbox_ctrness=0.5780
epoch 21/50 iter 320/1860 loss=0.7587 mean_loss=0.7529 classification=0.0656, bbox_regression=0.0885, bbox_ctrness=0.6046
epoch 21/50 iter 340/1860 loss=0.8111 mean_loss=0.7543 classification=0.0728, bbox_regression=0.1296, bbox_ctrness=0.6086
epoch 21/50 iter 360/1860 loss=0.7077 mean_loss=0.7536 classification=0.0397, bbox_regression=0.0763, bbox_ctrness=0.5916
epoch 21/50 iter 380/1860 loss=0.6641 mean_loss=0.7547 classification=0.0068, bbox_regression=0.0574, bbox_ctrness=0.5999
epoch 21/50 iter 400/1860 loss=0.6839 mean_loss=0.7561 classification=0.0104, bbox_regression=0.0787, bbox_ctrness=0.5947
epoch 21/50 iter 420/1860 loss=1.1712 mean_loss=0.7549 classification=0.2682, bbox_regression=0.2711, bbox_ctrness=0.6319
epoch 21/50 iter 440/1860 loss=0.6840 mean_loss=0.7556 classification=0.0160, bbox_regression=0.0735, bbox_ctrness=0.5945
epoch 21/50 iter 460/1860 loss=0.7722 mean_loss=0.7540 classification=0.0504, bbox_regression=0.1133, bbox_ctrness=0.6085
epoch 21/50 iter 480/1860 loss=1.3029 mean_loss=0.7570 classification=0.3756, bbox_regression=0.2957, bbox_ctrness=0.6316
epoch 21/50 iter 500/1860 loss=0.7123 mean_loss=0.7559 classification=0.0295, bbox_regression=0.0811, bbox_ctrness=0.6017
epoch 21/50 iter 520/1860 loss=0.7626 mean_loss=0.7549 classification=0.0457, bbox_regression=0.1050, bbox_ctrness=0.6119
epoch 21/50 iter 540/1860 loss=0.8694 mean_loss=0.7545 classification=0.1218, bbox_regression=0.1354, bbox_ctrness=0.6122
epoch 21/50 iter 560/1860 loss=0.7256 mean_loss=0.7533 classification=0.0535, bbox_regression=0.0811, bbox_ctrness=0.5910
epoch 21/50 iter 580/1860 loss=1.1105 mean_loss=0.7551 classification=0.2337, bbox_regression=0.2552, bbox_ctrness=0.6216
epoch 21/50 iter 600/1860 loss=0.7153 mean_loss=0.7561 classification=0.0324, bbox_regression=0.0767, bbox_ctrness=0.6062
epoch 21/50 iter 620/1860 loss=0.8225 mean_loss=0.7549 classification=0.0978, bbox_regression=0.1154, bbox_ctrness=0.6094
epoch 21/50 iter 640/1860 loss=0.7789 mean_loss=0.7548 classification=0.0735, bbox_regression=0.1032, bbox_ctrness=0.6022
epoch 21/50 iter 660/1860 loss=0.6836 mean_loss=0.7555 classification=0.0087, bbox_regression=0.0688, bbox_ctrness=0.6061
epoch 21/50 iter 680/1860 loss=0.6714 mean_loss=0.7542 classification=0.0096, bbox_regression=0.0591, bbox_ctrness=0.6026
epoch 21/50 iter 700/1860 loss=0.7448 mean_loss=0.7534 classification=0.0739, bbox_regression=0.0773, bbox_ctrness=0.5935
epoch 21/50 iter 720/1860 loss=0.7594 mean_loss=0.7550 classification=0.0696, bbox_regression=0.0807, bbox_ctrness=0.6090
epoch 21/50 iter 740/1860 loss=0.6772 mean_loss=0.7552 classification=0.0110, bbox_regression=0.0659, bbox_ctrness=0.6003
epoch 21/50 iter 760/1860 loss=0.7152 mean_loss=0.7546 classification=0.0541, bbox_regression=0.0618, bbox_ctrness=0.5993
epoch 21/50 iter 780/1860 loss=0.6834 mean_loss=0.7539 classification=0.0420, bbox_regression=0.0527, bbox_ctrness=0.5887
epoch 21/50 iter 800/1860 loss=0.6619 mean_loss=0.7546 classification=0.0244, bbox_regression=0.0534, bbox_ctrness=0.5841
epoch 21/50 iter 820/1860 loss=0.6298 mean_loss=0.7542 classification=0.0068, bbox_regression=0.0466, bbox_ctrness=0.5764
epoch 21/50 iter 840/1860 loss=0.7281 mean_loss=0.7542 classification=0.0301, bbox_regression=0.0761, bbox_ctrness=0.6219
epoch 21/50 iter 860/1860 loss=0.6466 mean_loss=0.7539 classification=0.0185, bbox_regression=0.0494, bbox_ctrness=0.5788
epoch 21/50 iter 880/1860 loss=0.7719 mean_loss=0.7540 classification=0.0931, bbox_regression=0.0960, bbox_ctrness=0.5828
epoch 21/50 iter 900/1860 loss=0.7488 mean_loss=0.7535 classification=0.0771, bbox_regression=0.0794, bbox_ctrness=0.5923
epoch 21/50 iter 920/1860 loss=0.7853 mean_loss=0.7531 classification=0.0689, bbox_regression=0.1131, bbox_ctrness=0.6033
epoch 21/50 iter 940/1860 loss=0.7325 mean_loss=0.7530 classification=0.0335, bbox_regression=0.0987, bbox_ctrness=0.6003
epoch 21/50 iter 960/1860 loss=0.8701 mean_loss=0.7530 classification=0.1126, bbox_regression=0.1554, bbox_ctrness=0.6020
epoch 21/50 iter 980/1860 loss=0.6929 mean_loss=0.7528 classification=0.0261, bbox_regression=0.0727, bbox_ctrness=0.5941
epoch 21/50 iter 1000/1860 loss=0.6788 mean_loss=0.7534 classification=0.0176, bbox_regression=0.0545, bbox_ctrness=0.6066
epoch 21/50 iter 1020/1860 loss=0.7005 mean_loss=0.7531 classification=0.0296, bbox_regression=0.0645, bbox_ctrness=0.6064
epoch 21/50 iter 1040/1860 loss=0.6899 mean_loss=0.7526 classification=0.0169, bbox_regression=0.0681, bbox_ctrness=0.6049
epoch 21/50 iter 1060/1860 loss=1.0186 mean_loss=0.7534 classification=0.1841, bbox_regression=0.2004, bbox_ctrness=0.6341
epoch 21/50 iter 1080/1860 loss=0.6958 mean_loss=0.7534 classification=0.0405, bbox_regression=0.0647, bbox_ctrness=0.5906
epoch 21/50 iter 1100/1860 loss=0.7501 mean_loss=0.7534 classification=0.0486, bbox_regression=0.0896, bbox_ctrness=0.6118
epoch 21/50 iter 1120/1860 loss=0.7529 mean_loss=0.7533 classification=0.0661, bbox_regression=0.0911, bbox_ctrness=0.5956
epoch 21/50 iter 1140/1860 loss=0.8088 mean_loss=0.7533 classification=0.0920, bbox_regression=0.1073, bbox_ctrness=0.6095
epoch 21/50 iter 1160/1860 loss=0.7013 mean_loss=0.7539 classification=0.0370, bbox_regression=0.0722, bbox_ctrness=0.5922
epoch 21/50 iter 1180/1860 loss=0.7664 mean_loss=0.7538 classification=0.0468, bbox_regression=0.1084, bbox_ctrness=0.6112
epoch 21/50 iter 1200/1860 loss=0.6821 mean_loss=0.7537 classification=0.0299, bbox_regression=0.0570, bbox_ctrness=0.5952
epoch 21/50 iter 1220/1860 loss=0.8293 mean_loss=0.7537 classification=0.1125, bbox_regression=0.1066, bbox_ctrness=0.6103
epoch 21/50 iter 1240/1860 loss=0.6604 mean_loss=0.7536 classification=0.0210, bbox_regression=0.0595, bbox_ctrness=0.5799
epoch 21/50 iter 1260/1860 loss=0.7358 mean_loss=0.7540 classification=0.0305, bbox_regression=0.1068, bbox_ctrness=0.5985
epoch 21/50 iter 1280/1860 loss=0.8073 mean_loss=0.7534 classification=0.0649, bbox_regression=0.1316, bbox_ctrness=0.6108
epoch 21/50 iter 1300/1860 loss=0.6811 mean_loss=0.7537 classification=0.0140, bbox_regression=0.0591, bbox_ctrness=0.6081
epoch 21/50 iter 1320/1860 loss=0.7743 mean_loss=0.7539 classification=0.0598, bbox_regression=0.1137, bbox_ctrness=0.6008
epoch 21/50 iter 1340/1860 loss=0.6747 mean_loss=0.7530 classification=0.0109, bbox_regression=0.0703, bbox_ctrness=0.5935
epoch 21/50 iter 1360/1860 loss=0.7506 mean_loss=0.7528 classification=0.0453, bbox_regression=0.0928, bbox_ctrness=0.6124
epoch 21/50 iter 1380/1860 loss=0.8102 mean_loss=0.7530 classification=0.1148, bbox_regression=0.1046, bbox_ctrness=0.5909
epoch 21/50 iter 1400/1860 loss=0.8662 mean_loss=0.7528 classification=0.1115, bbox_regression=0.1298, bbox_ctrness=0.6250
epoch 21/50 iter 1420/1860 loss=0.8679 mean_loss=0.7534 classification=0.1182, bbox_regression=0.1328, bbox_ctrness=0.6169
epoch 21/50 iter 1440/1860 loss=0.8659 mean_loss=0.7534 classification=0.1158, bbox_regression=0.1332, bbox_ctrness=0.6169
epoch 21/50 iter 1460/1860 loss=0.7313 mean_loss=0.7533 classification=0.0396, bbox_regression=0.0894, bbox_ctrness=0.6023
epoch 21/50 iter 1480/1860 loss=0.6778 mean_loss=0.7536 classification=0.0215, bbox_regression=0.0636, bbox_ctrness=0.5927
epoch 21/50 iter 1500/1860 loss=0.6864 mean_loss=0.7531 classification=0.0081, bbox_regression=0.0736, bbox_ctrness=0.6047
epoch 21/50 iter 1520/1860 loss=0.8116 mean_loss=0.7536 classification=0.0860, bbox_regression=0.1189, bbox_ctrness=0.6067
epoch 21/50 iter 1540/1860 loss=0.7232 mean_loss=0.7537 classification=0.0343, bbox_regression=0.0844, bbox_ctrness=0.6044
epoch 21/50 iter 1560/1860 loss=0.7156 mean_loss=0.7537 classification=0.0215, bbox_regression=0.0808, bbox_ctrness=0.6133
epoch 21/50 iter 1580/1860 loss=0.7890 mean_loss=0.7535 classification=0.0688, bbox_regression=0.1044, bbox_ctrness=0.6158
epoch 21/50 iter 1600/1860 loss=0.9772 mean_loss=0.7535 classification=0.1815, bbox_regression=0.1741, bbox_ctrness=0.6216
epoch 21/50 iter 1620/1860 loss=0.6825 mean_loss=0.7534 classification=0.0222, bbox_regression=0.0587, bbox_ctrness=0.6016
epoch 21/50 iter 1640/1860 loss=0.7013 mean_loss=0.7529 classification=0.0249, bbox_regression=0.0690, bbox_ctrness=0.6073
epoch 21/50 iter 1660/1860 loss=1.0570 mean_loss=0.7529 classification=0.2337, bbox_regression=0.2079, bbox_ctrness=0.6154
epoch 21/50 iter 1680/1860 loss=0.7164 mean_loss=0.7532 classification=0.0268, bbox_regression=0.0856, bbox_ctrness=0.6041
epoch 21/50 iter 1700/1860 loss=1.1054 mean_loss=0.7534 classification=0.2804, bbox_regression=0.2009, bbox_ctrness=0.6241
epoch 21/50 iter 1720/1860 loss=0.7588 mean_loss=0.7532 classification=0.0342, bbox_regression=0.1081, bbox_ctrness=0.6165
epoch 21/50 iter 1740/1860 loss=0.8415 mean_loss=0.7531 classification=0.1498, bbox_regression=0.0929, bbox_ctrness=0.5988
epoch 21/50 iter 1760/1860 loss=0.7260 mean_loss=0.7530 classification=0.0337, bbox_regression=0.0839, bbox_ctrness=0.6084
epoch 21/50 iter 1780/1860 loss=0.6726 mean_loss=0.7531 classification=0.0213, bbox_regression=0.0548, bbox_ctrness=0.5965
epoch 21/50 iter 1800/1860 loss=0.7520 mean_loss=0.7530 classification=0.0488, bbox_regression=0.0904, bbox_ctrness=0.6127
epoch 21/50 iter 1820/1860 loss=0.7527 mean_loss=0.7529 classification=0.0611, bbox_regression=0.0948, bbox_ctrness=0.5968
epoch 21/50 iter 1840/1860 loss=0.9611 mean_loss=0.7530 classification=0.1817, bbox_regression=0.1602, bbox_ctrness=0.6192
epoch 21/50 iter 1860/1860 loss=0.6905 mean_loss=0.7530 classification=0.0218, bbox_regression=0.0581, bbox_ctrness=0.6106
epoch 21 validation Precision=0.4392 Recall=0.9485 AP50=0.9192 AP75=0.8218 eval_fps=22.12 epoch_time_sec=859.1
saved checkpoint: E:\RepViT-main\runs\v48_complete_ablation\training\early_moddrop_seed2\weights\last.pt
epoch 22/50 iter 1/1860 loss=0.6716 mean_loss=0.6716 classification=0.0111, bbox_regression=0.0606, bbox_ctrness=0.5998
epoch 22/50 iter 20/1860 loss=0.6885 mean_loss=0.7589 classification=0.0235, bbox_regression=0.0654, bbox_ctrness=0.5995
epoch 22/50 iter 40/1860 loss=0.6466 mean_loss=0.7649 classification=0.0043, bbox_regression=0.0504, bbox_ctrness=0.5919
epoch 22/50 iter 60/1860 loss=0.7412 mean_loss=0.7652 classification=0.0517, bbox_regression=0.0651, bbox_ctrness=0.6244
epoch 22/50 iter 80/1860 loss=0.6892 mean_loss=0.7560 classification=0.0214, bbox_regression=0.0692, bbox_ctrness=0.5986
epoch 22/50 iter 100/1860 loss=0.8202 mean_loss=0.7564 classification=0.0983, bbox_regression=0.1076, bbox_ctrness=0.6143
epoch 22/50 iter 120/1860 loss=0.6552 mean_loss=0.7488 classification=0.0110, bbox_regression=0.0537, bbox_ctrness=0.5905
epoch 22/50 iter 140/1860 loss=0.6559 mean_loss=0.7508 classification=0.0046, bbox_regression=0.0561, bbox_ctrness=0.5952
epoch 22/50 iter 160/1860 loss=0.6995 mean_loss=0.7504 classification=0.0254, bbox_regression=0.0703, bbox_ctrness=0.6037
epoch 22/50 iter 180/1860 loss=0.6904 mean_loss=0.7464 classification=0.0370, bbox_regression=0.0580, bbox_ctrness=0.5953
epoch 22/50 iter 200/1860 loss=0.6826 mean_loss=0.7473 classification=0.0127, bbox_regression=0.0491, bbox_ctrness=0.6208
epoch 22/50 iter 220/1860 loss=0.8757 mean_loss=0.7528 classification=0.1509, bbox_regression=0.1179, bbox_ctrness=0.6069
epoch 22/50 iter 240/1860 loss=0.6745 mean_loss=0.7533 classification=0.0237, bbox_regression=0.0580, bbox_ctrness=0.5927
epoch 22/50 iter 260/1860 loss=0.6559 mean_loss=0.7533 classification=0.0125, bbox_regression=0.0602, bbox_ctrness=0.5832
epoch 22/50 iter 280/1860 loss=0.7391 mean_loss=0.7522 classification=0.0522, bbox_regression=0.0754, bbox_ctrness=0.6115
epoch 22/50 iter 300/1860 loss=0.6810 mean_loss=0.7515 classification=0.0163, bbox_regression=0.0676, bbox_ctrness=0.5971
epoch 22/50 iter 320/1860 loss=0.9516 mean_loss=0.7506 classification=0.1819, bbox_regression=0.1561, bbox_ctrness=0.6136
epoch 22/50 iter 340/1860 loss=0.6853 mean_loss=0.7510 classification=0.0322, bbox_regression=0.0648, bbox_ctrness=0.5883
epoch 22/50 iter 360/1860 loss=0.6542 mean_loss=0.7527 classification=0.0245, bbox_regression=0.0423, bbox_ctrness=0.5874
epoch 22/50 iter 380/1860 loss=0.7033 mean_loss=0.7536 classification=0.0316, bbox_regression=0.0697, bbox_ctrness=0.6019
epoch 22/50 iter 400/1860 loss=1.0445 mean_loss=0.7533 classification=0.2319, bbox_regression=0.1986, bbox_ctrness=0.6140
epoch 22/50 iter 420/1860 loss=0.7171 mean_loss=0.7525 classification=0.0460, bbox_regression=0.0677, bbox_ctrness=0.6034
epoch 22/50 iter 440/1860 loss=0.6936 mean_loss=0.7519 classification=0.0286, bbox_regression=0.0673, bbox_ctrness=0.5977
epoch 22/50 iter 460/1860 loss=0.6947 mean_loss=0.7522 classification=0.0134, bbox_regression=0.0747, bbox_ctrness=0.6066
epoch 22/50 iter 480/1860 loss=0.7135 mean_loss=0.7532 classification=0.0192, bbox_regression=0.0816, bbox_ctrness=0.6127
epoch 22/50 iter 500/1860 loss=0.7031 mean_loss=0.7532 classification=0.0374, bbox_regression=0.0777, bbox_ctrness=0.5880
epoch 22/50 iter 520/1860 loss=0.7424 mean_loss=0.7524 classification=0.0474, bbox_regression=0.0876, bbox_ctrness=0.6074
epoch 22/50 iter 540/1860 loss=0.6803 mean_loss=0.7512 classification=0.0166, bbox_regression=0.0588, bbox_ctrness=0.6050
epoch 22/50 iter 560/1860 loss=0.6985 mean_loss=0.7513 classification=0.0142, bbox_regression=0.0660, bbox_ctrness=0.6183
epoch 22/50 iter 580/1860 loss=1.1590 mean_loss=0.7514 classification=0.2941, bbox_regression=0.2454, bbox_ctrness=0.6196
epoch 22/50 iter 600/1860 loss=0.6625 mean_loss=0.7524 classification=0.0199, bbox_regression=0.0491, bbox_ctrness=0.5935
epoch 22/50 iter 620/1860 loss=0.7337 mean_loss=0.7521 classification=0.0456, bbox_regression=0.0906, bbox_ctrness=0.5976
epoch 22/50 iter 640/1860 loss=0.6781 mean_loss=0.7524 classification=0.0106, bbox_regression=0.0721, bbox_ctrness=0.5953
epoch 22/50 iter 660/1860 loss=0.6728 mean_loss=0.7520 classification=0.0282, bbox_regression=0.0549, bbox_ctrness=0.5897
epoch 22/50 iter 680/1860 loss=0.7009 mean_loss=0.7522 classification=0.0411, bbox_regression=0.0754, bbox_ctrness=0.5845
epoch 22/50 iter 700/1860 loss=0.7066 mean_loss=0.7528 classification=0.0191, bbox_regression=0.0794, bbox_ctrness=0.6080
epoch 22/50 iter 720/1860 loss=0.8228 mean_loss=0.7520 classification=0.1334, bbox_regression=0.1040, bbox_ctrness=0.5854
epoch 22/50 iter 740/1860 loss=0.7070 mean_loss=0.7517 classification=0.0254, bbox_regression=0.0667, bbox_ctrness=0.6148
epoch 22/50 iter 760/1860 loss=0.6643 mean_loss=0.7505 classification=0.0171, bbox_regression=0.0515, bbox_ctrness=0.5957
epoch 22/50 iter 780/1860 loss=0.6927 mean_loss=0.7512 classification=0.0271, bbox_regression=0.0698, bbox_ctrness=0.5958
epoch 22/50 iter 800/1860 loss=0.7065 mean_loss=0.7511 classification=0.0233, bbox_regression=0.0731, bbox_ctrness=0.6100
epoch 22/50 iter 820/1860 loss=0.6718 mean_loss=0.7511 classification=0.0065, bbox_regression=0.0658, bbox_ctrness=0.5995
epoch 22/50 iter 840/1860 loss=0.6896 mean_loss=0.7507 classification=0.0183, bbox_regression=0.0705, bbox_ctrness=0.6009
epoch 22/50 iter 860/1860 loss=0.6840 mean_loss=0.7498 classification=0.0230, bbox_regression=0.0495, bbox_ctrness=0.6115
epoch 22/50 iter 880/1860 loss=0.6666 mean_loss=0.7496 classification=0.0149, bbox_regression=0.0607, bbox_ctrness=0.5910
epoch 22/50 iter 900/1860 loss=0.9808 mean_loss=0.7491 classification=0.1261, bbox_regression=0.2166, bbox_ctrness=0.6381
epoch 22/50 iter 920/1860 loss=0.7166 mean_loss=0.7496 classification=0.0621, bbox_regression=0.0769, bbox_ctrness=0.5776
epoch 22/50 iter 940/1860 loss=0.6869 mean_loss=0.7499 classification=0.0116, bbox_regression=0.0760, bbox_ctrness=0.5993
epoch 22/50 iter 960/1860 loss=0.7135 mean_loss=0.7503 classification=0.0290, bbox_regression=0.0793, bbox_ctrness=0.6052
epoch 22/50 iter 980/1860 loss=0.7623 mean_loss=0.7506 classification=0.0587, bbox_regression=0.0939, bbox_ctrness=0.6097
epoch 22/50 iter 1000/1860 loss=0.7093 mean_loss=0.7513 classification=0.0286, bbox_regression=0.0771, bbox_ctrness=0.6035
epoch 22/50 iter 1020/1860 loss=0.6963 mean_loss=0.7512 classification=0.0244, bbox_regression=0.0781, bbox_ctrness=0.5939
epoch 22/50 iter 1040/1860 loss=0.6826 mean_loss=0.7510 classification=0.0254, bbox_regression=0.0600, bbox_ctrness=0.5973
epoch 22/50 iter 1060/1860 loss=0.6965 mean_loss=0.7511 classification=0.0180, bbox_regression=0.0805, bbox_ctrness=0.5980
epoch 22/50 iter 1080/1860 loss=0.7521 mean_loss=0.7510 classification=0.0514, bbox_regression=0.0892, bbox_ctrness=0.6115
epoch 22/50 iter 1100/1860 loss=0.7692 mean_loss=0.7503 classification=0.0460, bbox_regression=0.1233, bbox_ctrness=0.5999
epoch 22/50 iter 1120/1860 loss=0.7124 mean_loss=0.7498 classification=0.0334, bbox_regression=0.0796, bbox_ctrness=0.5994
epoch 22/50 iter 1140/1860 loss=0.6855 mean_loss=0.7508 classification=0.0160, bbox_regression=0.0701, bbox_ctrness=0.5994
epoch 22/50 iter 1160/1860 loss=0.7291 mean_loss=0.7505 classification=0.0180, bbox_regression=0.1053, bbox_ctrness=0.6058
epoch 22/50 iter 1180/1860 loss=0.8409 mean_loss=0.7508 classification=0.1223, bbox_regression=0.1115, bbox_ctrness=0.6071
epoch 22/50 iter 1200/1860 loss=0.9133 mean_loss=0.7514 classification=0.1498, bbox_regression=0.1459, bbox_ctrness=0.6175
epoch 22/50 iter 1220/1860 loss=0.7625 mean_loss=0.7514 classification=0.0785, bbox_regression=0.0753, bbox_ctrness=0.6087
epoch 22/50 iter 1240/1860 loss=0.6849 mean_loss=0.7517 classification=0.0298, bbox_regression=0.0583, bbox_ctrness=0.5968
epoch 22/50 iter 1260/1860 loss=0.6705 mean_loss=0.7514 classification=0.0317, bbox_regression=0.0544, bbox_ctrness=0.5844
epoch 22/50 iter 1280/1860 loss=0.6800 mean_loss=0.7511 classification=0.0337, bbox_regression=0.0538, bbox_ctrness=0.5925
epoch 22/50 iter 1300/1860 loss=1.2716 mean_loss=0.7511 classification=0.3574, bbox_regression=0.3159, bbox_ctrness=0.5983
epoch 22/50 iter 1320/1860 loss=0.6510 mean_loss=0.7505 classification=0.0148, bbox_regression=0.0544, bbox_ctrness=0.5818
epoch 22/50 iter 1340/1860 loss=0.9744 mean_loss=0.7508 classification=0.1525, bbox_regression=0.1951, bbox_ctrness=0.6268
epoch 22/50 iter 1360/1860 loss=0.6989 mean_loss=0.7511 classification=0.0266, bbox_regression=0.0820, bbox_ctrness=0.5902
epoch 22/50 iter 1380/1860 loss=0.8461 mean_loss=0.7513 classification=0.1450, bbox_regression=0.1087, bbox_ctrness=0.5923
epoch 22/50 iter 1400/1860 loss=0.7035 mean_loss=0.7510 classification=0.0270, bbox_regression=0.0736, bbox_ctrness=0.6029
epoch 22/50 iter 1420/1860 loss=0.7122 mean_loss=0.7510 classification=0.0341, bbox_regression=0.0869, bbox_ctrness=0.5913
epoch 22/50 iter 1440/1860 loss=0.6637 mean_loss=0.7509 classification=0.0141, bbox_regression=0.0512, bbox_ctrness=0.5984
epoch 22/50 iter 1460/1860 loss=0.6762 mean_loss=0.7508 classification=0.0337, bbox_regression=0.0604, bbox_ctrness=0.5822
epoch 22/50 iter 1480/1860 loss=0.7608 mean_loss=0.7506 classification=0.0737, bbox_regression=0.0783, bbox_ctrness=0.6089
epoch 22/50 iter 1500/1860 loss=0.6768 mean_loss=0.7503 classification=0.0214, bbox_regression=0.0552, bbox_ctrness=0.6002
epoch 22/50 iter 1520/1860 loss=0.6527 mean_loss=0.7498 classification=0.0212, bbox_regression=0.0391, bbox_ctrness=0.5924
epoch 22/50 iter 1540/1860 loss=0.7027 mean_loss=0.7498 classification=0.0464, bbox_regression=0.0717, bbox_ctrness=0.5846
epoch 22/50 iter 1560/1860 loss=0.6951 mean_loss=0.7502 classification=0.0288, bbox_regression=0.0658, bbox_ctrness=0.6006
epoch 22/50 iter 1580/1860 loss=0.7314 mean_loss=0.7501 classification=0.0397, bbox_regression=0.0767, bbox_ctrness=0.6150
epoch 22/50 iter 1600/1860 loss=0.7225 mean_loss=0.7500 classification=0.0464, bbox_regression=0.0799, bbox_ctrness=0.5962
epoch 22/50 iter 1620/1860 loss=0.7139 mean_loss=0.7494 classification=0.0338, bbox_regression=0.0782, bbox_ctrness=0.6018
epoch 22/50 iter 1640/1860 loss=0.7298 mean_loss=0.7490 classification=0.0240, bbox_regression=0.0932, bbox_ctrness=0.6126
epoch 22/50 iter 1660/1860 loss=0.6831 mean_loss=0.7491 classification=0.0186, bbox_regression=0.0527, bbox_ctrness=0.6118
epoch 22/50 iter 1680/1860 loss=0.7073 mean_loss=0.7490 classification=0.0406, bbox_regression=0.0851, bbox_ctrness=0.5816
epoch 22/50 iter 1700/1860 loss=0.7121 mean_loss=0.7488 classification=0.0369, bbox_regression=0.0911, bbox_ctrness=0.5842
epoch 22/50 iter 1720/1860 loss=0.6870 mean_loss=0.7491 classification=0.0137, bbox_regression=0.0528, bbox_ctrness=0.6205
epoch 22/50 iter 1740/1860 loss=0.6956 mean_loss=0.7491 classification=0.0283, bbox_regression=0.0581, bbox_ctrness=0.6092
epoch 22/50 iter 1760/1860 loss=0.7111 mean_loss=0.7491 classification=0.0302, bbox_regression=0.0693, bbox_ctrness=0.6115
epoch 22/50 iter 1780/1860 loss=0.6678 mean_loss=0.7493 classification=0.0225, bbox_regression=0.0544, bbox_ctrness=0.5908
epoch 22/50 iter 1800/1860 loss=0.6691 mean_loss=0.7494 classification=0.0061, bbox_regression=0.0509, bbox_ctrness=0.6121
epoch 22/50 iter 1820/1860 loss=0.8277 mean_loss=0.7490 classification=0.0940, bbox_regression=0.1271, bbox_ctrness=0.6066
epoch 22/50 iter 1840/1860 loss=0.8277 mean_loss=0.7494 classification=0.1182, bbox_regression=0.1162, bbox_ctrness=0.5933
epoch 22/50 iter 1860/1860 loss=0.6625 mean_loss=0.7494 classification=0.0105, bbox_regression=0.0638, bbox_ctrness=0.5882
epoch 22 validation Precision=0.5814 Recall=0.9456 AP50=0.9221 AP75=0.8360 eval_fps=23.10 epoch_time_sec=846.6
saved checkpoint: E:\RepViT-main\runs\v48_complete_ablation\training\early_moddrop_seed2\weights\last.pt
epoch 23/50 iter 1/1860 loss=0.7208 mean_loss=0.7208 classification=0.0436, bbox_regression=0.0631, bbox_ctrness=0.6141
epoch 23/50 iter 20/1860 loss=0.7974 mean_loss=0.7468 classification=0.0738, bbox_regression=0.1039, bbox_ctrness=0.6197
epoch 23/50 iter 40/1860 loss=0.7067 mean_loss=0.7446 classification=0.0206, bbox_regression=0.0835, bbox_ctrness=0.6026
epoch 23/50 iter 60/1860 loss=0.7328 mean_loss=0.7635 classification=0.0373, bbox_regression=0.0883, bbox_ctrness=0.6072
epoch 23/50 iter 80/1860 loss=0.8162 mean_loss=0.7665 classification=0.0931, bbox_regression=0.1137, bbox_ctrness=0.6095
epoch 23/50 iter 100/1860 loss=0.6541 mean_loss=0.7649 classification=0.0147, bbox_regression=0.0646, bbox_ctrness=0.5748
epoch 23/50 iter 120/1860 loss=0.7214 mean_loss=0.7624 classification=0.0584, bbox_regression=0.0675, bbox_ctrness=0.5956
epoch 23/50 iter 140/1860 loss=0.6809 mean_loss=0.7578 classification=0.0127, bbox_regression=0.0602, bbox_ctrness=0.6080
epoch 23/50 iter 160/1860 loss=0.6427 mean_loss=0.7558 classification=0.0104, bbox_regression=0.0567, bbox_ctrness=0.5756
epoch 23/50 iter 180/1860 loss=0.6998 mean_loss=0.7510 classification=0.0300, bbox_regression=0.0649, bbox_ctrness=0.6049
epoch 23/50 iter 200/1860 loss=0.9393 mean_loss=0.7502 classification=0.1725, bbox_regression=0.1433, bbox_ctrness=0.6235
epoch 23/50 iter 220/1860 loss=0.6735 mean_loss=0.7440 classification=0.0093, bbox_regression=0.0565, bbox_ctrness=0.6077
epoch 23/50 iter 240/1860 loss=0.6789 mean_loss=0.7437 classification=0.0124, bbox_regression=0.0630, bbox_ctrness=0.6035
epoch 23/50 iter 260/1860 loss=0.7552 mean_loss=0.7448 classification=0.0649, bbox_regression=0.0765, bbox_ctrness=0.6137
epoch 23/50 iter 280/1860 loss=0.8058 mean_loss=0.7476 classification=0.0710, bbox_regression=0.1236, bbox_ctrness=0.6112
epoch 23/50 iter 300/1860 loss=0.6743 mean_loss=0.7474 classification=0.0133, bbox_regression=0.0661, bbox_ctrness=0.5950
epoch 23/50 iter 320/1860 loss=0.9062 mean_loss=0.7477 classification=0.1741, bbox_regression=0.1284, bbox_ctrness=0.6037
epoch 23/50 iter 340/1860 loss=0.9981 mean_loss=0.7485 classification=0.1903, bbox_regression=0.2020, bbox_ctrness=0.6058
epoch 23/50 iter 360/1860 loss=0.6691 mean_loss=0.7473 classification=0.0130, bbox_regression=0.0578, bbox_ctrness=0.5982
epoch 23/50 iter 380/1860 loss=0.7950 mean_loss=0.7479 classification=0.0645, bbox_regression=0.1233, bbox_ctrness=0.6073
epoch 23/50 iter 400/1860 loss=0.7960 mean_loss=0.7484 classification=0.0887, bbox_regression=0.1123, bbox_ctrness=0.5950
epoch 23/50 iter 420/1860 loss=0.7008 mean_loss=0.7477 classification=0.0271, bbox_regression=0.0849, bbox_ctrness=0.5889
epoch 23/50 iter 440/1860 loss=0.7829 mean_loss=0.7476 classification=0.0930, bbox_regression=0.1067, bbox_ctrness=0.5832
epoch 23/50 iter 460/1860 loss=0.6754 mean_loss=0.7470 classification=0.0413, bbox_regression=0.0523, bbox_ctrness=0.5817
epoch 23/50 iter 480/1860 loss=0.6995 mean_loss=0.7483 classification=0.0133, bbox_regression=0.0893, bbox_ctrness=0.5969
epoch 23/50 iter 500/1860 loss=0.7015 mean_loss=0.7487 classification=0.0288, bbox_regression=0.0579, bbox_ctrness=0.6147
epoch 23/50 iter 520/1860 loss=0.7356 mean_loss=0.7475 classification=0.0397, bbox_regression=0.0958, bbox_ctrness=0.6001
epoch 23/50 iter 540/1860 loss=0.7025 mean_loss=0.7476 classification=0.0315, bbox_regression=0.0715, bbox_ctrness=0.5995
epoch 23/50 iter 560/1860 loss=0.6972 mean_loss=0.7461 classification=0.0248, bbox_regression=0.0864, bbox_ctrness=0.5861
epoch 23/50 iter 580/1860 loss=0.7485 mean_loss=0.7484 classification=0.0568, bbox_regression=0.0839, bbox_ctrness=0.6078
epoch 23/50 iter 600/1860 loss=0.7565 mean_loss=0.7477 classification=0.0563, bbox_regression=0.0947, bbox_ctrness=0.6055
epoch 23/50 iter 620/1860 loss=0.7676 mean_loss=0.7468 classification=0.0621, bbox_regression=0.1067, bbox_ctrness=0.5989
epoch 23/50 iter 640/1860 loss=0.8993 mean_loss=0.7466 classification=0.1706, bbox_regression=0.1414, bbox_ctrness=0.5872
epoch 23/50 iter 660/1860 loss=0.9634 mean_loss=0.7468 classification=0.1935, bbox_regression=0.1849, bbox_ctrness=0.5850
epoch 23/50 iter 680/1860 loss=0.9664 mean_loss=0.7462 classification=0.2179, bbox_regression=0.1273, bbox_ctrness=0.6212
epoch 23/50 iter 700/1860 loss=0.6906 mean_loss=0.7457 classification=0.0380, bbox_regression=0.0654, bbox_ctrness=0.5872
epoch 23/50 iter 720/1860 loss=0.8211 mean_loss=0.7459 classification=0.1216, bbox_regression=0.1001, bbox_ctrness=0.5994
epoch 23/50 iter 740/1860 loss=0.7754 mean_loss=0.7462 classification=0.0446, bbox_regression=0.1054, bbox_ctrness=0.6254
epoch 23/50 iter 760/1860 loss=0.8915 mean_loss=0.7481 classification=0.0772, bbox_regression=0.1812, bbox_ctrness=0.6331
epoch 23/50 iter 780/1860 loss=0.6612 mean_loss=0.7478 classification=0.0096, bbox_regression=0.0627, bbox_ctrness=0.5890
epoch 23/50 iter 800/1860 loss=0.6853 mean_loss=0.7479 classification=0.0232, bbox_regression=0.0676, bbox_ctrness=0.5945
epoch 23/50 iter 820/1860 loss=0.7851 mean_loss=0.7499 classification=0.0577, bbox_regression=0.1133, bbox_ctrness=0.6141
epoch 23/50 iter 840/1860 loss=0.7354 mean_loss=0.7508 classification=0.0591, bbox_regression=0.0747, bbox_ctrness=0.6016
epoch 23/50 iter 860/1860 loss=0.6350 mean_loss=0.7500 classification=0.0045, bbox_regression=0.0475, bbox_ctrness=0.5830
epoch 23/50 iter 880/1860 loss=0.7884 mean_loss=0.7493 classification=0.0795, bbox_regression=0.1014, bbox_ctrness=0.6075
epoch 23/50 iter 900/1860 loss=0.8412 mean_loss=0.7492 classification=0.1026, bbox_regression=0.1245, bbox_ctrness=0.6141
epoch 23/50 iter 920/1860 loss=0.9194 mean_loss=0.7503 classification=0.1144, bbox_regression=0.1709, bbox_ctrness=0.6340
epoch 23/50 iter 940/1860 loss=0.8487 mean_loss=0.7504 classification=0.1240, bbox_regression=0.1227, bbox_ctrness=0.6020
epoch 23/50 iter 960/1860 loss=1.0907 mean_loss=0.7512 classification=0.3054, bbox_regression=0.1672, bbox_ctrness=0.6181
epoch 23/50 iter 980/1860 loss=0.6919 mean_loss=0.7514 classification=0.0303, bbox_regression=0.0599, bbox_ctrness=0.6017
epoch 23/50 iter 1000/1860 loss=0.6727 mean_loss=0.7511 classification=0.0208, bbox_regression=0.0607, bbox_ctrness=0.5912
epoch 23/50 iter 1020/1860 loss=0.7473 mean_loss=0.7512 classification=0.0358, bbox_regression=0.0997, bbox_ctrness=0.6117
epoch 23/50 iter 1040/1860 loss=0.7019 mean_loss=0.7516 classification=0.0315, bbox_regression=0.0783, bbox_ctrness=0.5921
epoch 23/50 iter 1060/1860 loss=0.6443 mean_loss=0.7512 classification=0.0133, bbox_regression=0.0472, bbox_ctrness=0.5838
epoch 23/50 iter 1080/1860 loss=0.7232 mean_loss=0.7507 classification=0.0329, bbox_regression=0.0816, bbox_ctrness=0.6087
epoch 23/50 iter 1100/1860 loss=0.6925 mean_loss=0.7509 classification=0.0294, bbox_regression=0.0688, bbox_ctrness=0.5943
epoch 23/50 iter 1120/1860 loss=0.6835 mean_loss=0.7506 classification=0.0342, bbox_regression=0.0638, bbox_ctrness=0.5855
epoch 23/50 iter 1140/1860 loss=0.6473 mean_loss=0.7505 classification=0.0072, bbox_regression=0.0551, bbox_ctrness=0.5849
epoch 23/50 iter 1160/1860 loss=0.8166 mean_loss=0.7503 classification=0.0618, bbox_regression=0.1443, bbox_ctrness=0.6105
epoch 23/50 iter 1180/1860 loss=0.6783 mean_loss=0.7506 classification=0.0062, bbox_regression=0.0652, bbox_ctrness=0.6068
epoch 23/50 iter 1200/1860 loss=0.8572 mean_loss=0.7510 classification=0.1240, bbox_regression=0.1220, bbox_ctrness=0.6113
epoch 23/50 iter 1220/1860 loss=0.7048 mean_loss=0.7503 classification=0.0467, bbox_regression=0.0682, bbox_ctrness=0.5899
epoch 23/50 iter 1240/1860 loss=0.7599 mean_loss=0.7500 classification=0.0545, bbox_regression=0.0952, bbox_ctrness=0.6102
epoch 23/50 iter 1260/1860 loss=0.6800 mean_loss=0.7497 classification=0.0165, bbox_regression=0.0645, bbox_ctrness=0.5990
epoch 23/50 iter 1280/1860 loss=0.7898 mean_loss=0.7492 classification=0.0775, bbox_regression=0.1011, bbox_ctrness=0.6111
epoch 23/50 iter 1300/1860 loss=0.6563 mean_loss=0.7489 classification=0.0253, bbox_regression=0.0558, bbox_ctrness=0.5752
epoch 23/50 iter 1320/1860 loss=0.6870 mean_loss=0.7488 classification=0.0260, bbox_regression=0.0670, bbox_ctrness=0.5939
epoch 23/50 iter 1340/1860 loss=0.6499 mean_loss=0.7488 classification=0.0268, bbox_regression=0.0514, bbox_ctrness=0.5716
epoch 23/50 iter 1360/1860 loss=0.6833 mean_loss=0.7486 classification=0.0275, bbox_regression=0.0611, bbox_ctrness=0.5948
epoch 23/50 iter 1380/1860 loss=0.7162 mean_loss=0.7487 classification=0.0574, bbox_regression=0.0535, bbox_ctrness=0.6053
epoch 23/50 iter 1400/1860 loss=0.6913 mean_loss=0.7481 classification=0.0238, bbox_regression=0.0784, bbox_ctrness=0.5891
epoch 23/50 iter 1420/1860 loss=0.8593 mean_loss=0.7481 classification=0.1417, bbox_regression=0.1207, bbox_ctrness=0.5969
epoch 23/50 iter 1440/1860 loss=0.6644 mean_loss=0.7476 classification=0.0060, bbox_regression=0.0568, bbox_ctrness=0.6016
epoch 23/50 iter 1460/1860 loss=0.8359 mean_loss=0.7479 classification=0.1122, bbox_regression=0.1234, bbox_ctrness=0.6003
epoch 23/50 iter 1480/1860 loss=0.6908 mean_loss=0.7476 classification=0.0169, bbox_regression=0.0757, bbox_ctrness=0.5982
epoch 23/50 iter 1500/1860 loss=0.7188 mean_loss=0.7475 classification=0.0467, bbox_regression=0.0704, bbox_ctrness=0.6017
epoch 23/50 iter 1520/1860 loss=0.7511 mean_loss=0.7473 classification=0.0336, bbox_regression=0.1056, bbox_ctrness=0.6119
epoch 23/50 iter 1540/1860 loss=0.7127 mean_loss=0.7472 classification=0.0479, bbox_regression=0.0765, bbox_ctrness=0.5883
epoch 23/50 iter 1560/1860 loss=0.7357 mean_loss=0.7470 classification=0.0551, bbox_regression=0.0882, bbox_ctrness=0.5925
epoch 23/50 iter 1580/1860 loss=0.7896 mean_loss=0.7468 classification=0.1041, bbox_regression=0.0951, bbox_ctrness=0.5904
epoch 23/50 iter 1600/1860 loss=0.7418 mean_loss=0.7472 classification=0.0532, bbox_regression=0.0704, bbox_ctrness=0.6182
epoch 23/50 iter 1620/1860 loss=0.6614 mean_loss=0.7468 classification=0.0082, bbox_regression=0.0559, bbox_ctrness=0.5973
epoch 23/50 iter 1640/1860 loss=0.7278 mean_loss=0.7467 classification=0.0426, bbox_regression=0.1014, bbox_ctrness=0.5838
epoch 23/50 iter 1660/1860 loss=0.7292 mean_loss=0.7465 classification=0.0449, bbox_regression=0.0779, bbox_ctrness=0.6064
epoch 23/50 iter 1680/1860 loss=0.7159 mean_loss=0.7459 classification=0.0415, bbox_regression=0.0835, bbox_ctrness=0.5909
epoch 23/50 iter 1700/1860 loss=0.6815 mean_loss=0.7459 classification=0.0088, bbox_regression=0.0594, bbox_ctrness=0.6133
epoch 23/50 iter 1720/1860 loss=0.7122 mean_loss=0.7456 classification=0.0310, bbox_regression=0.0796, bbox_ctrness=0.6016
epoch 23/50 iter 1740/1860 loss=0.6922 mean_loss=0.7456 classification=0.0301, bbox_regression=0.0615, bbox_ctrness=0.6006
epoch 23/50 iter 1760/1860 loss=0.7753 mean_loss=0.7456 classification=0.1022, bbox_regression=0.0778, bbox_ctrness=0.5953
epoch 23/50 iter 1780/1860 loss=0.8000 mean_loss=0.7454 classification=0.1021, bbox_regression=0.0994, bbox_ctrness=0.5985
epoch 23/50 iter 1800/1860 loss=0.8538 mean_loss=0.7456 classification=0.0894, bbox_regression=0.1418, bbox_ctrness=0.6227
epoch 23/50 iter 1820/1860 loss=0.6843 mean_loss=0.7452 classification=0.0169, bbox_regression=0.0702, bbox_ctrness=0.5971
epoch 23/50 iter 1840/1860 loss=0.6843 mean_loss=0.7447 classification=0.0210, bbox_regression=0.0665, bbox_ctrness=0.5968
epoch 23/50 iter 1860/1860 loss=0.6865 mean_loss=0.7444 classification=0.0174, bbox_regression=0.0794, bbox_ctrness=0.5898
epoch 23 validation Precision=0.5506 Recall=0.9461 AP50=0.9207 AP75=0.8288 eval_fps=23.15 epoch_time_sec=847.4
saved checkpoint: E:\RepViT-main\runs\v48_complete_ablation\training\early_moddrop_seed2\weights\last.pt
epoch 24/50 iter 1/1860 loss=0.6838 mean_loss=0.6838 classification=0.0170, bbox_regression=0.0703, bbox_ctrness=0.5965
epoch 24/50 iter 20/1860 loss=0.7290 mean_loss=0.7428 classification=0.0304, bbox_regression=0.0954, bbox_ctrness=0.6031
epoch 24/50 iter 40/1860 loss=1.2809 mean_loss=0.7491 classification=0.3355, bbox_regression=0.3075, bbox_ctrness=0.6379
epoch 24/50 iter 60/1860 loss=0.6637 mean_loss=0.7394 classification=0.0254, bbox_regression=0.0526, bbox_ctrness=0.5857
epoch 24/50 iter 80/1860 loss=0.7320 mean_loss=0.7341 classification=0.0417, bbox_regression=0.1016, bbox_ctrness=0.5887
epoch 24/50 iter 100/1860 loss=0.7165 mean_loss=0.7394 classification=0.0453, bbox_regression=0.0793, bbox_ctrness=0.5919
epoch 24/50 iter 120/1860 loss=0.7607 mean_loss=0.7331 classification=0.0487, bbox_regression=0.1103, bbox_ctrness=0.6017
epoch 24/50 iter 140/1860 loss=0.6733 mean_loss=0.7299 classification=0.0114, bbox_regression=0.0557, bbox_ctrness=0.6063
epoch 24/50 iter 160/1860 loss=0.6904 mean_loss=0.7285 classification=0.0349, bbox_regression=0.0613, bbox_ctrness=0.5942
epoch 24/50 iter 180/1860 loss=0.6937 mean_loss=0.7277 classification=0.0236, bbox_regression=0.0759, bbox_ctrness=0.5943
epoch 24/50 iter 200/1860 loss=0.7028 mean_loss=0.7299 classification=0.0141, bbox_regression=0.0749, bbox_ctrness=0.6138
epoch 24/50 iter 220/1860 loss=0.7229 mean_loss=0.7391 classification=0.0492, bbox_regression=0.0795, bbox_ctrness=0.5942
epoch 24/50 iter 240/1860 loss=0.6893 mean_loss=0.7402 classification=0.0236, bbox_regression=0.0651, bbox_ctrness=0.6005
epoch 24/50 iter 260/1860 loss=0.9409 mean_loss=0.7387 classification=0.1726, bbox_regression=0.1659, bbox_ctrness=0.6024
epoch 24/50 iter 280/1860 loss=0.6563 mean_loss=0.7390 classification=0.0014, bbox_regression=0.0404, bbox_ctrness=0.6146
epoch 24/50 iter 300/1860 loss=0.7322 mean_loss=0.7380 classification=0.0290, bbox_regression=0.0824, bbox_ctrness=0.6209
epoch 24/50 iter 320/1860 loss=0.7412 mean_loss=0.7397 classification=0.0447, bbox_regression=0.0839, bbox_ctrness=0.6127
epoch 24/50 iter 340/1860 loss=0.7849 mean_loss=0.7401 classification=0.1031, bbox_regression=0.0860, bbox_ctrness=0.5959
epoch 24/50 iter 360/1860 loss=0.7562 mean_loss=0.7396 classification=0.0474, bbox_regression=0.1118, bbox_ctrness=0.5970
epoch 24/50 iter 380/1860 loss=0.6659 mean_loss=0.7382 classification=0.0201, bbox_regression=0.0529, bbox_ctrness=0.5930
epoch 24/50 iter 400/1860 loss=0.9986 mean_loss=0.7377 classification=0.2301, bbox_regression=0.1405, bbox_ctrness=0.6279
epoch 24/50 iter 420/1860 loss=0.7587 mean_loss=0.7395 classification=0.0778, bbox_regression=0.0786, bbox_ctrness=0.6023
epoch 24/50 iter 440/1860 loss=0.6575 mean_loss=0.7381 classification=0.0046, bbox_regression=0.0613, bbox_ctrness=0.5916
epoch 24/50 iter 460/1860 loss=0.8220 mean_loss=0.7381 classification=0.0917, bbox_regression=0.1222, bbox_ctrness=0.6081
epoch 24/50 iter 480/1860 loss=0.7990 mean_loss=0.7383 classification=0.0832, bbox_regression=0.1008, bbox_ctrness=0.6150
epoch 24/50 iter 500/1860 loss=0.6544 mean_loss=0.7400 classification=0.0076, bbox_regression=0.0608, bbox_ctrness=0.5861
epoch 24/50 iter 520/1860 loss=0.7628 mean_loss=0.7393 classification=0.0470, bbox_regression=0.1018, bbox_ctrness=0.6140
epoch 24/50 iter 540/1860 loss=0.7269 mean_loss=0.7405 classification=0.0183, bbox_regression=0.0958, bbox_ctrness=0.6127
epoch 24/50 iter 560/1860 loss=0.7024 mean_loss=0.7408 classification=0.0373, bbox_regression=0.0576, bbox_ctrness=0.6075
epoch 24/50 iter 580/1860 loss=0.7129 mean_loss=0.7421 classification=0.0299, bbox_regression=0.0710, bbox_ctrness=0.6119
epoch 24/50 iter 600/1860 loss=0.8786 mean_loss=0.7426 classification=0.1303, bbox_regression=0.1387, bbox_ctrness=0.6096
epoch 24/50 iter 620/1860 loss=0.6939 mean_loss=0.7434 classification=0.0370, bbox_regression=0.0643, bbox_ctrness=0.5926
epoch 24/50 iter 640/1860 loss=0.8227 mean_loss=0.7429 classification=0.1186, bbox_regression=0.1086, bbox_ctrness=0.5956
epoch 24/50 iter 660/1860 loss=0.6779 mean_loss=0.7415 classification=0.0077, bbox_regression=0.0507, bbox_ctrness=0.6195
epoch 24/50 iter 680/1860 loss=0.6789 mean_loss=0.7413 classification=0.0116, bbox_regression=0.0515, bbox_ctrness=0.6157
epoch 24/50 iter 700/1860 loss=0.6968 mean_loss=0.7404 classification=0.0237, bbox_regression=0.0733, bbox_ctrness=0.5999
epoch 24/50 iter 720/1860 loss=0.8702 mean_loss=0.7407 classification=0.1022, bbox_regression=0.1578, bbox_ctrness=0.6101
epoch 24/50 iter 740/1860 loss=0.7088 mean_loss=0.7406 classification=0.0255, bbox_regression=0.0772, bbox_ctrness=0.6061
epoch 24/50 iter 760/1860 loss=0.6701 mean_loss=0.7407 classification=0.0220, bbox_regression=0.0549, bbox_ctrness=0.5932
epoch 24/50 iter 780/1860 loss=0.6829 mean_loss=0.7408 classification=0.0220, bbox_regression=0.0588, bbox_ctrness=0.6022
epoch 24/50 iter 800/1860 loss=0.7133 mean_loss=0.7409 classification=0.0509, bbox_regression=0.0684, bbox_ctrness=0.5940
epoch 24/50 iter 820/1860 loss=0.8065 mean_loss=0.7409 classification=0.0659, bbox_regression=0.1159, bbox_ctrness=0.6247
epoch 24/50 iter 840/1860 loss=0.7334 mean_loss=0.7404 classification=0.0395, bbox_regression=0.0872, bbox_ctrness=0.6067
epoch 24/50 iter 860/1860 loss=0.6548 mean_loss=0.7397 classification=0.0069, bbox_regression=0.0579, bbox_ctrness=0.5899
epoch 24/50 iter 880/1860 loss=0.6822 mean_loss=0.7400 classification=0.0188, bbox_regression=0.0718, bbox_ctrness=0.5915
epoch 24/50 iter 900/1860 loss=0.7397 mean_loss=0.7406 classification=0.0420, bbox_regression=0.0994, bbox_ctrness=0.5983
epoch 24/50 iter 920/1860 loss=0.7330 mean_loss=0.7417 classification=0.0563, bbox_regression=0.0870, bbox_ctrness=0.5896
epoch 24/50 iter 940/1860 loss=0.7060 mean_loss=0.7420 classification=0.0179, bbox_regression=0.0795, bbox_ctrness=0.6086
epoch 24/50 iter 960/1860 loss=0.9096 mean_loss=0.7423 classification=0.1749, bbox_regression=0.1486, bbox_ctrness=0.5861
epoch 24/50 iter 980/1860 loss=0.6609 mean_loss=0.7422 classification=0.0125, bbox_regression=0.0566, bbox_ctrness=0.5918
epoch 24/50 iter 1000/1860 loss=0.6862 mean_loss=0.7415 classification=0.0333, bbox_regression=0.0616, bbox_ctrness=0.5914
epoch 24/50 iter 1020/1860 loss=0.6683 mean_loss=0.7410 classification=0.0198, bbox_regression=0.0598, bbox_ctrness=0.5886
epoch 24/50 iter 1040/1860 loss=0.6997 mean_loss=0.7417 classification=0.0246, bbox_regression=0.0578, bbox_ctrness=0.6173
epoch 24/50 iter 1060/1860 loss=0.7371 mean_loss=0.7415 classification=0.0456, bbox_regression=0.1071, bbox_ctrness=0.5843
epoch 24/50 iter 1080/1860 loss=0.6877 mean_loss=0.7410 classification=0.0221, bbox_regression=0.0709, bbox_ctrness=0.5947
epoch 24/50 iter 1100/1860 loss=0.7823 mean_loss=0.7404 classification=0.0671, bbox_regression=0.1047, bbox_ctrness=0.6105
epoch 24/50 iter 1120/1860 loss=0.6870 mean_loss=0.7401 classification=0.0238, bbox_regression=0.0701, bbox_ctrness=0.5931
epoch 24/50 iter 1140/1860 loss=0.6695 mean_loss=0.7397 classification=0.0131, bbox_regression=0.0635, bbox_ctrness=0.5929
epoch 24/50 iter 1160/1860 loss=0.7169 mean_loss=0.7399 classification=0.0250, bbox_regression=0.0702, bbox_ctrness=0.6217
epoch 24/50 iter 1180/1860 loss=0.6669 mean_loss=0.7393 classification=0.0251, bbox_regression=0.0636, bbox_ctrness=0.5783
epoch 24/50 iter 1200/1860 loss=0.7063 mean_loss=0.7396 classification=0.0267, bbox_regression=0.0796, bbox_ctrness=0.6000
epoch 24/50 iter 1220/1860 loss=0.7583 mean_loss=0.7398 classification=0.0693, bbox_regression=0.0883, bbox_ctrness=0.6007
epoch 24/50 iter 1240/1860 loss=0.7124 mean_loss=0.7395 classification=0.0331, bbox_regression=0.0834, bbox_ctrness=0.5960
epoch 24/50 iter 1260/1860 loss=0.8908 mean_loss=0.7405 classification=0.1550, bbox_regression=0.1345, bbox_ctrness=0.6014
epoch 24/50 iter 1280/1860 loss=0.6751 mean_loss=0.7404 classification=0.0093, bbox_regression=0.0665, bbox_ctrness=0.5994
epoch 24/50 iter 1300/1860 loss=0.7055 mean_loss=0.7404 classification=0.0385, bbox_regression=0.0759, bbox_ctrness=0.5910
epoch 24/50 iter 1320/1860 loss=0.6557 mean_loss=0.7402 classification=0.0026, bbox_regression=0.0522, bbox_ctrness=0.6009
epoch 24/50 iter 1340/1860 loss=0.8449 mean_loss=0.7407 classification=0.1063, bbox_regression=0.1323, bbox_ctrness=0.6063
epoch 24/50 iter 1360/1860 loss=0.8102 mean_loss=0.7405 classification=0.0799, bbox_regression=0.1153, bbox_ctrness=0.6151
epoch 24/50 iter 1380/1860 loss=0.8206 mean_loss=0.7407 classification=0.0705, bbox_regression=0.1334, bbox_ctrness=0.6166
epoch 24/50 iter 1400/1860 loss=0.7138 mean_loss=0.7413 classification=0.0272, bbox_regression=0.0653, bbox_ctrness=0.6213
epoch 24/50 iter 1420/1860 loss=0.9333 mean_loss=0.7411 classification=0.1308, bbox_regression=0.1885, bbox_ctrness=0.6140
epoch 24/50 iter 1440/1860 loss=0.7547 mean_loss=0.7411 classification=0.0656, bbox_regression=0.0819, bbox_ctrness=0.6071
epoch 24/50 iter 1460/1860 loss=0.7046 mean_loss=0.7412 classification=0.0289, bbox_regression=0.0708, bbox_ctrness=0.6049
epoch 24/50 iter 1480/1860 loss=0.8682 mean_loss=0.7408 classification=0.1042, bbox_regression=0.1530, bbox_ctrness=0.6110
epoch 24/50 iter 1500/1860 loss=0.7325 mean_loss=0.7405 classification=0.0459, bbox_regression=0.0810, bbox_ctrness=0.6056
epoch 24/50 iter 1520/1860 loss=0.7814 mean_loss=0.7404 classification=0.0562, bbox_regression=0.1160, bbox_ctrness=0.6092
epoch 24/50 iter 1540/1860 loss=0.7469 mean_loss=0.7406 classification=0.0573, bbox_regression=0.0916, bbox_ctrness=0.5981
epoch 24/50 iter 1560/1860 loss=0.7629 mean_loss=0.7403 classification=0.0689, bbox_regression=0.0898, bbox_ctrness=0.6042
epoch 24/50 iter 1580/1860 loss=0.8158 mean_loss=0.7407 classification=0.0798, bbox_regression=0.1216, bbox_ctrness=0.6144
epoch 24/50 iter 1600/1860 loss=0.7963 mean_loss=0.7406 classification=0.0350, bbox_regression=0.1308, bbox_ctrness=0.6305
epoch 24/50 iter 1620/1860 loss=0.7227 mean_loss=0.7405 classification=0.0603, bbox_regression=0.0658, bbox_ctrness=0.5965
epoch 24/50 iter 1640/1860 loss=0.6852 mean_loss=0.7403 classification=0.0276, bbox_regression=0.0612, bbox_ctrness=0.5964
epoch 24/50 iter 1660/1860 loss=0.7098 mean_loss=0.7405 classification=0.0387, bbox_regression=0.0857, bbox_ctrness=0.5853
epoch 24/50 iter 1680/1860 loss=0.6954 mean_loss=0.7404 classification=0.0140, bbox_regression=0.0770, bbox_ctrness=0.6044
epoch 24/50 iter 1700/1860 loss=0.6886 mean_loss=0.7400 classification=0.0197, bbox_regression=0.0778, bbox_ctrness=0.5911
epoch 24/50 iter 1720/1860 loss=0.8213 mean_loss=0.7399 classification=0.0923, bbox_regression=0.1180, bbox_ctrness=0.6109
epoch 24/50 iter 1740/1860 loss=0.6856 mean_loss=0.7400 classification=0.0186, bbox_regression=0.0601, bbox_ctrness=0.6069
epoch 24/50 iter 1760/1860 loss=0.6840 mean_loss=0.7403 classification=0.0174, bbox_regression=0.0762, bbox_ctrness=0.5903
epoch 24/50 iter 1780/1860 loss=0.7694 mean_loss=0.7402 classification=0.0810, bbox_regression=0.0828, bbox_ctrness=0.6056
epoch 24/50 iter 1800/1860 loss=0.6631 mean_loss=0.7402 classification=0.0241, bbox_regression=0.0575, bbox_ctrness=0.5815
epoch 24/50 iter 1820/1860 loss=0.6712 mean_loss=0.7400 classification=0.0208, bbox_regression=0.0621, bbox_ctrness=0.5883
epoch 24/50 iter 1840/1860 loss=0.7999 mean_loss=0.7401 classification=0.0478, bbox_regression=0.1195, bbox_ctrness=0.6326
epoch 24/50 iter 1860/1860 loss=0.7473 mean_loss=0.7399 classification=0.0369, bbox_regression=0.0908, bbox_ctrness=0.6195
epoch 24 validation Precision=0.5310 Recall=0.9507 AP50=0.9232 AP75=0.8378 eval_fps=21.22 epoch_time_sec=875.9
saved checkpoint: E:\RepViT-main\runs\v48_complete_ablation\training\early_moddrop_seed2\weights\last.pt
epoch 25/50 iter 1/1860 loss=0.6828 mean_loss=0.6828 classification=0.0188, bbox_regression=0.0705, bbox_ctrness=0.5936
epoch 25/50 iter 20/1860 loss=0.7003 mean_loss=0.7548 classification=0.0299, bbox_regression=0.0763, bbox_ctrness=0.5941
epoch 25/50 iter 40/1860 loss=0.6517 mean_loss=0.7472 classification=0.0117, bbox_regression=0.0408, bbox_ctrness=0.5992
epoch 25/50 iter 60/1860 loss=0.7376 mean_loss=0.7387 classification=0.0456, bbox_regression=0.0799, bbox_ctrness=0.6122
epoch 25/50 iter 80/1860 loss=0.8492 mean_loss=0.7486 classification=0.1185, bbox_regression=0.1203, bbox_ctrness=0.6103
epoch 25/50 iter 100/1860 loss=0.6545 mean_loss=0.7421 classification=0.0057, bbox_regression=0.0676, bbox_ctrness=0.5812
epoch 25/50 iter 120/1860 loss=0.7218 mean_loss=0.7442 classification=0.0532, bbox_regression=0.0747, bbox_ctrness=0.5939
epoch 25/50 iter 140/1860 loss=0.6593 mean_loss=0.7392 classification=0.0101, bbox_regression=0.0634, bbox_ctrness=0.5859
epoch 25/50 iter 160/1860 loss=0.8044 mean_loss=0.7424 classification=0.1072, bbox_regression=0.0852, bbox_ctrness=0.6120
epoch 25/50 iter 180/1860 loss=0.6961 mean_loss=0.7427 classification=0.0222, bbox_regression=0.0733, bbox_ctrness=0.6006
epoch 25/50 iter 200/1860 loss=0.6773 mean_loss=0.7398 classification=0.0149, bbox_regression=0.0646, bbox_ctrness=0.5979
epoch 25/50 iter 220/1860 loss=0.6339 mean_loss=0.7371 classification=0.0018, bbox_regression=0.0454, bbox_ctrness=0.5868
epoch 25/50 iter 240/1860 loss=0.7991 mean_loss=0.7352 classification=0.0639, bbox_regression=0.1286, bbox_ctrness=0.6066
epoch 25/50 iter 260/1860 loss=0.6641 mean_loss=0.7327 classification=0.0139, bbox_regression=0.0580, bbox_ctrness=0.5922
epoch 25/50 iter 280/1860 loss=0.7092 mean_loss=0.7317 classification=0.0479, bbox_regression=0.0611, bbox_ctrness=0.6002
epoch 25/50 iter 300/1860 loss=0.7233 mean_loss=0.7316 classification=0.0457, bbox_regression=0.0723, bbox_ctrness=0.6052
epoch 25/50 iter 320/1860 loss=0.7487 mean_loss=0.7317 classification=0.0592, bbox_regression=0.0746, bbox_ctrness=0.6149
epoch 25/50 iter 340/1860 loss=0.7655 mean_loss=0.7339 classification=0.0450, bbox_regression=0.1170, bbox_ctrness=0.6035
epoch 25/50 iter 360/1860 loss=0.6494 mean_loss=0.7318 classification=0.0238, bbox_regression=0.0403, bbox_ctrness=0.5853
epoch 25/50 iter 380/1860 loss=0.7559 mean_loss=0.7307 classification=0.0449, bbox_regression=0.1070, bbox_ctrness=0.6040
epoch 25/50 iter 400/1860 loss=0.7114 mean_loss=0.7320 classification=0.0415, bbox_regression=0.0616, bbox_ctrness=0.6084
epoch 25/50 iter 420/1860 loss=0.6805 mean_loss=0.7316 classification=0.0278, bbox_regression=0.0473, bbox_ctrness=0.6053
epoch 25/50 iter 440/1860 loss=0.6819 mean_loss=0.7326 classification=0.0218, bbox_regression=0.0664, bbox_ctrness=0.5938
epoch 25/50 iter 460/1860 loss=0.6748 mean_loss=0.7323 classification=0.0200, bbox_regression=0.0667, bbox_ctrness=0.5881
epoch 25/50 iter 480/1860 loss=0.7359 mean_loss=0.7334 classification=0.0322, bbox_regression=0.0922, bbox_ctrness=0.6115
epoch 25/50 iter 500/1860 loss=0.7088 mean_loss=0.7335 classification=0.0331, bbox_regression=0.0781, bbox_ctrness=0.5975
epoch 25/50 iter 520/1860 loss=0.7079 mean_loss=0.7341 classification=0.0353, bbox_regression=0.0808, bbox_ctrness=0.5918
epoch 25/50 iter 540/1860 loss=0.6849 mean_loss=0.7330 classification=0.0108, bbox_regression=0.0833, bbox_ctrness=0.5908
epoch 25/50 iter 560/1860 loss=0.6671 mean_loss=0.7327 classification=0.0202, bbox_regression=0.0573, bbox_ctrness=0.5895
epoch 25/50 iter 580/1860 loss=0.7548 mean_loss=0.7330 classification=0.0623, bbox_regression=0.0819, bbox_ctrness=0.6106
epoch 25/50 iter 600/1860 loss=0.6781 mean_loss=0.7335 classification=0.0055, bbox_regression=0.0628, bbox_ctrness=0.6098
epoch 25/50 iter 620/1860 loss=0.8180 mean_loss=0.7329 classification=0.1045, bbox_regression=0.1115, bbox_ctrness=0.6020
epoch 25/50 iter 640/1860 loss=0.6890 mean_loss=0.7331 classification=0.0176, bbox_regression=0.0747, bbox_ctrness=0.5967
epoch 25/50 iter 660/1860 loss=0.7161 mean_loss=0.7335 classification=0.0542, bbox_regression=0.0748, bbox_ctrness=0.5872
epoch 25/50 iter 680/1860 loss=0.7355 mean_loss=0.7334 classification=0.0554, bbox_regression=0.0688, bbox_ctrness=0.6112
epoch 25/50 iter 700/1860 loss=0.7255 mean_loss=0.7332 classification=0.0302, bbox_regression=0.0928, bbox_ctrness=0.6025
epoch 25/50 iter 720/1860 loss=0.7048 mean_loss=0.7328 classification=0.0119, bbox_regression=0.0746, bbox_ctrness=0.6182
epoch 25/50 iter 740/1860 loss=0.7161 mean_loss=0.7330 classification=0.0278, bbox_regression=0.0866, bbox_ctrness=0.6017
epoch 25/50 iter 760/1860 loss=0.6637 mean_loss=0.7324 classification=0.0194, bbox_regression=0.0640, bbox_ctrness=0.5802
epoch 25/50 iter 780/1860 loss=0.6898 mean_loss=0.7316 classification=0.0096, bbox_regression=0.0619, bbox_ctrness=0.6183
epoch 25/50 iter 800/1860 loss=0.7850 mean_loss=0.7322 classification=0.0652, bbox_regression=0.1181, bbox_ctrness=0.6018
epoch 25/50 iter 820/1860 loss=0.7076 mean_loss=0.7322 classification=0.0208, bbox_regression=0.0729, bbox_ctrness=0.6140
epoch 25/50 iter 840/1860 loss=0.7533 mean_loss=0.7322 classification=0.0481, bbox_regression=0.1070, bbox_ctrness=0.5981
epoch 25/50 iter 860/1860 loss=0.7952 mean_loss=0.7324 classification=0.0606, bbox_regression=0.1293, bbox_ctrness=0.6053
epoch 25/50 iter 880/1860 loss=0.6958 mean_loss=0.7321 classification=0.0155, bbox_regression=0.0852, bbox_ctrness=0.5952
epoch 25/50 iter 900/1860 loss=0.7004 mean_loss=0.7327 classification=0.0462, bbox_regression=0.0652, bbox_ctrness=0.5890
epoch 25/50 iter 920/1860 loss=0.7345 mean_loss=0.7324 classification=0.0599, bbox_regression=0.0797, bbox_ctrness=0.5949
epoch 25/50 iter 940/1860 loss=0.7324 mean_loss=0.7327 classification=0.0494, bbox_regression=0.0827, bbox_ctrness=0.6003
epoch 25/50 iter 960/1860 loss=0.7869 mean_loss=0.7327 classification=0.0587, bbox_regression=0.1061, bbox_ctrness=0.6220
epoch 25/50 iter 980/1860 loss=0.7301 mean_loss=0.7329 classification=0.0454, bbox_regression=0.0911, bbox_ctrness=0.5935
epoch 25/50 iter 1000/1860 loss=0.7857 mean_loss=0.7323 classification=0.0752, bbox_regression=0.0992, bbox_ctrness=0.6113
epoch 25/50 iter 1020/1860 loss=0.6713 mean_loss=0.7323 classification=0.0129, bbox_regression=0.0750, bbox_ctrness=0.5834
epoch 25/50 iter 1040/1860 loss=0.6549 mean_loss=0.7319 classification=0.0126, bbox_regression=0.0403, bbox_ctrness=0.6020
epoch 25/50 iter 1060/1860 loss=0.7056 mean_loss=0.7322 classification=0.0291, bbox_regression=0.0778, bbox_ctrness=0.5987
epoch 25/50 iter 1080/1860 loss=0.6715 mean_loss=0.7320 classification=0.0021, bbox_regression=0.0721, bbox_ctrness=0.5973
epoch 25/50 iter 1100/1860 loss=0.7674 mean_loss=0.7321 classification=0.0648, bbox_regression=0.0894, bbox_ctrness=0.6132
epoch 25/50 iter 1120/1860 loss=0.6965 mean_loss=0.7324 classification=0.0123, bbox_regression=0.0689, bbox_ctrness=0.6154
epoch 25/50 iter 1140/1860 loss=0.6871 mean_loss=0.7330 classification=0.0085, bbox_regression=0.0834, bbox_ctrness=0.5951
epoch 25/50 iter 1160/1860 loss=0.7153 mean_loss=0.7335 classification=0.0374, bbox_regression=0.0717, bbox_ctrness=0.6062
epoch 25/50 iter 1180/1860 loss=0.7244 mean_loss=0.7340 classification=0.0377, bbox_regression=0.1033, bbox_ctrness=0.5834
epoch 25/50 iter 1200/1860 loss=0.7358 mean_loss=0.7338 classification=0.0546, bbox_regression=0.0881, bbox_ctrness=0.5931
epoch 25/50 iter 1220/1860 loss=0.6826 mean_loss=0.7339 classification=0.0287, bbox_regression=0.0544, bbox_ctrness=0.5996
epoch 25/50 iter 1240/1860 loss=0.6721 mean_loss=0.7340 classification=0.0150, bbox_regression=0.0647, bbox_ctrness=0.5923
epoch 25/50 iter 1260/1860 loss=0.6841 mean_loss=0.7342 classification=0.0174, bbox_regression=0.0672, bbox_ctrness=0.5994
epoch 25/50 iter 1280/1860 loss=0.6438 mean_loss=0.7347 classification=0.0017, bbox_regression=0.0486, bbox_ctrness=0.5935
epoch 25/50 iter 1300/1860 loss=0.6685 mean_loss=0.7349 classification=0.0148, bbox_regression=0.0625, bbox_ctrness=0.5913
epoch 25/50 iter 1320/1860 loss=0.7035 mean_loss=0.7351 classification=0.0449, bbox_regression=0.0641, bbox_ctrness=0.5944
epoch 25/50 iter 1340/1860 loss=0.7232 mean_loss=0.7350 classification=0.0506, bbox_regression=0.0699, bbox_ctrness=0.6027
epoch 25/50 iter 1360/1860 loss=0.6900 mean_loss=0.7354 classification=0.0111, bbox_regression=0.0701, bbox_ctrness=0.6088
epoch 25/50 iter 1380/1860 loss=0.7046 mean_loss=0.7355 classification=0.0173, bbox_regression=0.0726, bbox_ctrness=0.6146
epoch 25/50 iter 1400/1860 loss=0.6988 mean_loss=0.7358 classification=0.0400, bbox_regression=0.0595, bbox_ctrness=0.5993
epoch 25/50 iter 1420/1860 loss=0.7217 mean_loss=0.7354 classification=0.0265, bbox_regression=0.0730, bbox_ctrness=0.6222
epoch 25/50 iter 1440/1860 loss=0.6847 mean_loss=0.7355 classification=0.0329, bbox_regression=0.0641, bbox_ctrness=0.5877
epoch 25/50 iter 1460/1860 loss=0.6925 mean_loss=0.7354 classification=0.0359, bbox_regression=0.0562, bbox_ctrness=0.6004
epoch 25/50 iter 1480/1860 loss=0.8829 mean_loss=0.7355 classification=0.1321, bbox_regression=0.1468, bbox_ctrness=0.6040
epoch 25/50 iter 1500/1860 loss=0.7040 mean_loss=0.7353 classification=0.0436, bbox_regression=0.0669, bbox_ctrness=0.5935
epoch 25/50 iter 1520/1860 loss=0.8231 mean_loss=0.7355 classification=0.0850, bbox_regression=0.1284, bbox_ctrness=0.6098
epoch 25/50 iter 1540/1860 loss=0.8649 mean_loss=0.7355 classification=0.0917, bbox_regression=0.1703, bbox_ctrness=0.6029
epoch 25/50 iter 1560/1860 loss=0.7689 mean_loss=0.7354 classification=0.0528, bbox_regression=0.0811, bbox_ctrness=0.6350
epoch 25/50 iter 1580/1860 loss=0.9108 mean_loss=0.7360 classification=0.1869, bbox_regression=0.1210, bbox_ctrness=0.6029
epoch 25/50 iter 1600/1860 loss=0.7001 mean_loss=0.7360 classification=0.0205, bbox_regression=0.0626, bbox_ctrness=0.6171
epoch 25/50 iter 1620/1860 loss=0.7145 mean_loss=0.7357 classification=0.0489, bbox_regression=0.0744, bbox_ctrness=0.5912
epoch 25/50 iter 1640/1860 loss=0.6501 mean_loss=0.7353 classification=0.0114, bbox_regression=0.0620, bbox_ctrness=0.5767
epoch 25/50 iter 1660/1860 loss=0.6736 mean_loss=0.7347 classification=0.0231, bbox_regression=0.0542, bbox_ctrness=0.5963
epoch 25/50 iter 1680/1860 loss=0.6754 mean_loss=0.7347 classification=0.0320, bbox_regression=0.0626, bbox_ctrness=0.5809
epoch 25/50 iter 1700/1860 loss=0.7965 mean_loss=0.7352 classification=0.0911, bbox_regression=0.0835, bbox_ctrness=0.6220
epoch 25/50 iter 1720/1860 loss=1.1962 mean_loss=0.7353 classification=0.2775, bbox_regression=0.2661, bbox_ctrness=0.6526
epoch 25/50 iter 1740/1860 loss=0.6984 mean_loss=0.7353 classification=0.0291, bbox_regression=0.0711, bbox_ctrness=0.5982
epoch 25/50 iter 1760/1860 loss=0.6873 mean_loss=0.7354 classification=0.0057, bbox_regression=0.0739, bbox_ctrness=0.6077
epoch 25/50 iter 1780/1860 loss=0.7888 mean_loss=0.7356 classification=0.0462, bbox_regression=0.1236, bbox_ctrness=0.6190
epoch 25/50 iter 1800/1860 loss=0.6914 mean_loss=0.7352 classification=0.0230, bbox_regression=0.0506, bbox_ctrness=0.6179
epoch 25/50 iter 1820/1860 loss=0.7401 mean_loss=0.7352 classification=0.0682, bbox_regression=0.0722, bbox_ctrness=0.5997
epoch 25/50 iter 1840/1860 loss=0.7649 mean_loss=0.7350 classification=0.0428, bbox_regression=0.1092, bbox_ctrness=0.6128
epoch 25/50 iter 1860/1860 loss=0.8732 mean_loss=0.7353 classification=0.1528, bbox_regression=0.1318, bbox_ctrness=0.5886
epoch 25 validation Precision=0.4454 Recall=0.9622 AP50=0.9328 AP75=0.8429 eval_fps=21.54 epoch_time_sec=884.1
saved checkpoint: E:\RepViT-main\runs\v48_complete_ablation\training\early_moddrop_seed2\weights\last.pt
epoch 26/50 iter 1/1860 loss=0.6736 mean_loss=0.6736 classification=0.0252, bbox_regression=0.0557, bbox_ctrness=0.5927
epoch 26/50 iter 20/1860 loss=0.6502 mean_loss=0.7139 classification=0.0054, bbox_regression=0.0532, bbox_ctrness=0.5916
epoch 26/50 iter 40/1860 loss=0.7574 mean_loss=0.7230 classification=0.0381, bbox_regression=0.1002, bbox_ctrness=0.6191
epoch 26/50 iter 60/1860 loss=0.6601 mean_loss=0.7227 classification=0.0143, bbox_regression=0.0612, bbox_ctrness=0.5847
epoch 26/50 iter 80/1860 loss=0.7117 mean_loss=0.7257 classification=0.0410, bbox_regression=0.0780, bbox_ctrness=0.5927
epoch 26/50 iter 100/1860 loss=0.7240 mean_loss=0.7238 classification=0.0304, bbox_regression=0.0755, bbox_ctrness=0.6181
epoch 26/50 iter 120/1860 loss=0.7242 mean_loss=0.7181 classification=0.0335, bbox_regression=0.0837, bbox_ctrness=0.6071
epoch 26/50 iter 140/1860 loss=0.6648 mean_loss=0.7210 classification=0.0203, bbox_regression=0.0637, bbox_ctrness=0.5808
epoch 26/50 iter 160/1860 loss=1.0076 mean_loss=0.7223 classification=0.1670, bbox_regression=0.2049, bbox_ctrness=0.6357
epoch 26/50 iter 180/1860 loss=0.7282 mean_loss=0.7240 classification=0.0151, bbox_regression=0.0907, bbox_ctrness=0.6224
epoch 26/50 iter 200/1860 loss=0.6940 mean_loss=0.7247 classification=0.0286, bbox_regression=0.0681, bbox_ctrness=0.5973
epoch 26/50 iter 220/1860 loss=0.7928 mean_loss=0.7250 classification=0.0718, bbox_regression=0.1235, bbox_ctrness=0.5975
epoch 26/50 iter 240/1860 loss=0.6890 mean_loss=0.7256 classification=0.0193, bbox_regression=0.0684, bbox_ctrness=0.6013
epoch 26/50 iter 260/1860 loss=0.6786 mean_loss=0.7270 classification=0.0144, bbox_regression=0.0553, bbox_ctrness=0.6090
epoch 26/50 iter 280/1860 loss=0.6618 mean_loss=0.7272 classification=0.0162, bbox_regression=0.0582, bbox_ctrness=0.5873
epoch 26/50 iter 300/1860 loss=0.6616 mean_loss=0.7262 classification=0.0027, bbox_regression=0.0497, bbox_ctrness=0.6092
epoch 26/50 iter 320/1860 loss=0.7322 mean_loss=0.7250 classification=0.0358, bbox_regression=0.0980, bbox_ctrness=0.5985
epoch 26/50 iter 340/1860 loss=0.7206 mean_loss=0.7272 classification=0.0170, bbox_regression=0.0938, bbox_ctrness=0.6097
epoch 26/50 iter 360/1860 loss=1.0330 mean_loss=0.7292 classification=0.2425, bbox_regression=0.1772, bbox_ctrness=0.6134
epoch 26/50 iter 380/1860 loss=0.6670 mean_loss=0.7308 classification=0.0169, bbox_regression=0.0619, bbox_ctrness=0.5882
epoch 26/50 iter 400/1860 loss=0.6667 mean_loss=0.7334 classification=0.0064, bbox_regression=0.0657, bbox_ctrness=0.5946
epoch 26/50 iter 420/1860 loss=0.8421 mean_loss=0.7353 classification=0.0986, bbox_regression=0.1272, bbox_ctrness=0.6163
epoch 26/50 iter 440/1860 loss=0.7130 mean_loss=0.7345 classification=0.0562, bbox_regression=0.0692, bbox_ctrness=0.5876
epoch 26/50 iter 460/1860 loss=0.8843 mean_loss=0.7373 classification=0.1751, bbox_regression=0.1147, bbox_ctrness=0.5946
epoch 26/50 iter 480/1860 loss=0.8021 mean_loss=0.7370 classification=0.1067, bbox_regression=0.1090, bbox_ctrness=0.5864
epoch 26/50 iter 500/1860 loss=0.7009 mean_loss=0.7380 classification=0.0156, bbox_regression=0.0848, bbox_ctrness=0.6004
epoch 26/50 iter 520/1860 loss=0.6460 mean_loss=0.7393 classification=0.0021, bbox_regression=0.0525, bbox_ctrness=0.5914
epoch 26/50 iter 540/1860 loss=0.9455 mean_loss=0.7390 classification=0.1585, bbox_regression=0.1652, bbox_ctrness=0.6219
epoch 26/50 iter 560/1860 loss=0.7250 mean_loss=0.7391 classification=0.0437, bbox_regression=0.0873, bbox_ctrness=0.5940
epoch 26/50 iter 580/1860 loss=0.7282 mean_loss=0.7378 classification=0.0258, bbox_regression=0.0934, bbox_ctrness=0.6090
epoch 26/50 iter 600/1860 loss=0.9138 mean_loss=0.7368 classification=0.2008, bbox_regression=0.1086, bbox_ctrness=0.6043
epoch 26/50 iter 620/1860 loss=0.6765 mean_loss=0.7359 classification=0.0113, bbox_regression=0.0675, bbox_ctrness=0.5977
epoch 26/50 iter 640/1860 loss=0.6850 mean_loss=0.7359 classification=0.0184, bbox_regression=0.0492, bbox_ctrness=0.6174
epoch 26/50 iter 660/1860 loss=0.6885 mean_loss=0.7361 classification=0.0236, bbox_regression=0.0868, bbox_ctrness=0.5780
epoch 26/50 iter 680/1860 loss=0.7084 mean_loss=0.7350 classification=0.0246, bbox_regression=0.0715, bbox_ctrness=0.6124
epoch 26/50 iter 700/1860 loss=0.6843 mean_loss=0.7347 classification=0.0088, bbox_regression=0.0693, bbox_ctrness=0.6061
epoch 26/50 iter 720/1860 loss=0.6750 mean_loss=0.7346 classification=0.0179, bbox_regression=0.0548, bbox_ctrness=0.6022
epoch 26/50 iter 740/1860 loss=0.8467 mean_loss=0.7355 classification=0.1356, bbox_regression=0.1106, bbox_ctrness=0.6006
epoch 26/50 iter 760/1860 loss=0.6638 mean_loss=0.7348 classification=0.0202, bbox_regression=0.0478, bbox_ctrness=0.5958
epoch 26/50 iter 780/1860 loss=0.6949 mean_loss=0.7354 classification=0.0263, bbox_regression=0.0728, bbox_ctrness=0.5958
epoch 26/50 iter 800/1860 loss=0.7350 mean_loss=0.7359 classification=0.0511, bbox_regression=0.0844, bbox_ctrness=0.5995
epoch 26/50 iter 820/1860 loss=0.7345 mean_loss=0.7365 classification=0.0843, bbox_regression=0.0671, bbox_ctrness=0.5831
epoch 26/50 iter 840/1860 loss=0.6716 mean_loss=0.7376 classification=0.0221, bbox_regression=0.0672, bbox_ctrness=0.5823
epoch 26/50 iter 860/1860 loss=0.6416 mean_loss=0.7372 classification=0.0088, bbox_regression=0.0353, bbox_ctrness=0.5974
epoch 26/50 iter 880/1860 loss=0.7264 mean_loss=0.7377 classification=0.0435, bbox_regression=0.0672, bbox_ctrness=0.6157
epoch 26/50 iter 900/1860 loss=0.7417 mean_loss=0.7383 classification=0.0301, bbox_regression=0.0930, bbox_ctrness=0.6186
epoch 26/50 iter 920/1860 loss=0.6735 mean_loss=0.7391 classification=0.0151, bbox_regression=0.0635, bbox_ctrness=0.5949
epoch 26/50 iter 940/1860 loss=0.6763 mean_loss=0.7393 classification=0.0257, bbox_regression=0.0514, bbox_ctrness=0.5992
epoch 26/50 iter 960/1860 loss=0.6999 mean_loss=0.7385 classification=0.0369, bbox_regression=0.0704, bbox_ctrness=0.5926
epoch 26/50 iter 980/1860 loss=0.6583 mean_loss=0.7381 classification=0.0073, bbox_regression=0.0456, bbox_ctrness=0.6054
epoch 26/50 iter 1000/1860 loss=0.6900 mean_loss=0.7386 classification=0.0181, bbox_regression=0.0713, bbox_ctrness=0.6006
epoch 26/50 iter 1020/1860 loss=0.6781 mean_loss=0.7395 classification=0.0190, bbox_regression=0.0651, bbox_ctrness=0.5941
epoch 26/50 iter 1040/1860 loss=0.7383 mean_loss=0.7392 classification=0.0512, bbox_regression=0.0873, bbox_ctrness=0.5999
epoch 26/50 iter 1060/1860 loss=0.6940 mean_loss=0.7390 classification=0.0268, bbox_regression=0.0704, bbox_ctrness=0.5969
epoch 26/50 iter 1080/1860 loss=0.6822 mean_loss=0.7389 classification=0.0153, bbox_regression=0.0615, bbox_ctrness=0.6054
epoch 26/50 iter 1100/1860 loss=0.6997 mean_loss=0.7398 classification=0.0269, bbox_regression=0.0734, bbox_ctrness=0.5994
epoch 26/50 iter 1120/1860 loss=0.9412 mean_loss=0.7402 classification=0.1931, bbox_regression=0.1481, bbox_ctrness=0.6001
epoch 26/50 iter 1140/1860 loss=0.6664 mean_loss=0.7403 classification=0.0092, bbox_regression=0.0564, bbox_ctrness=0.6007
epoch 26/50 iter 1160/1860 loss=0.6994 mean_loss=0.7398 classification=0.0118, bbox_regression=0.0735, bbox_ctrness=0.6142
epoch 26/50 iter 1180/1860 loss=0.6549 mean_loss=0.7398 classification=0.0147, bbox_regression=0.0569, bbox_ctrness=0.5833
epoch 26/50 iter 1200/1860 loss=0.6835 mean_loss=0.7401 classification=0.0181, bbox_regression=0.0656, bbox_ctrness=0.5998
epoch 26/50 iter 1220/1860 loss=0.8822 mean_loss=0.7398 classification=0.1401, bbox_regression=0.1312, bbox_ctrness=0.6108
epoch 26/50 iter 1240/1860 loss=1.0051 mean_loss=0.7399 classification=0.2191, bbox_regression=0.1725, bbox_ctrness=0.6135
epoch 26/50 iter 1260/1860 loss=0.7022 mean_loss=0.7401 classification=0.0216, bbox_regression=0.0849, bbox_ctrness=0.5957
epoch 26/50 iter 1280/1860 loss=0.6781 mean_loss=0.7397 classification=0.0153, bbox_regression=0.0713, bbox_ctrness=0.5915
epoch 26/50 iter 1300/1860 loss=0.6665 mean_loss=0.7399 classification=0.0134, bbox_regression=0.0545, bbox_ctrness=0.5986
epoch 26/50 iter 1320/1860 loss=0.7743 mean_loss=0.7395 classification=0.0583, bbox_regression=0.0932, bbox_ctrness=0.6228
epoch 26/50 iter 1340/1860 loss=0.7217 mean_loss=0.7390 classification=0.0566, bbox_regression=0.0712, bbox_ctrness=0.5940
epoch 26/50 iter 1360/1860 loss=0.7482 mean_loss=0.7389 classification=0.0430, bbox_regression=0.0992, bbox_ctrness=0.6061
epoch 26/50 iter 1380/1860 loss=0.7295 mean_loss=0.7398 classification=0.0611, bbox_regression=0.0710, bbox_ctrness=0.5975
epoch 26/50 iter 1400/1860 loss=0.6631 mean_loss=0.7394 classification=0.0142, bbox_regression=0.0744, bbox_ctrness=0.5745
epoch 26/50 iter 1420/1860 loss=0.6716 mean_loss=0.7400 classification=0.0167, bbox_regression=0.0624, bbox_ctrness=0.5925
epoch 26/50 iter 1440/1860 loss=0.6891 mean_loss=0.7397 classification=0.0210, bbox_regression=0.0731, bbox_ctrness=0.5950
epoch 26/50 iter 1460/1860 loss=0.8115 mean_loss=0.7398 classification=0.0834, bbox_regression=0.1207, bbox_ctrness=0.6074
epoch 26/50 iter 1480/1860 loss=0.6510 mean_loss=0.7395 classification=0.0074, bbox_regression=0.0507, bbox_ctrness=0.5929
epoch 26/50 iter 1500/1860 loss=0.6833 mean_loss=0.7391 classification=0.0281, bbox_regression=0.0641, bbox_ctrness=0.5911
epoch 26/50 iter 1520/1860 loss=0.7469 mean_loss=0.7390 classification=0.0606, bbox_regression=0.0800, bbox_ctrness=0.6062
epoch 26/50 iter 1540/1860 loss=0.7060 mean_loss=0.7388 classification=0.0240, bbox_regression=0.0782, bbox_ctrness=0.6038
epoch 26/50 iter 1560/1860 loss=0.7622 mean_loss=0.7385 classification=0.0525, bbox_regression=0.1081, bbox_ctrness=0.6016
epoch 26/50 iter 1580/1860 loss=0.6847 mean_loss=0.7385 classification=0.0325, bbox_regression=0.0632, bbox_ctrness=0.5891
epoch 26/50 iter 1600/1860 loss=0.6580 mean_loss=0.7385 classification=0.0101, bbox_regression=0.0526, bbox_ctrness=0.5954
epoch 26/50 iter 1620/1860 loss=0.7479 mean_loss=0.7387 classification=0.0592, bbox_regression=0.0775, bbox_ctrness=0.6111
epoch 26/50 iter 1640/1860 loss=0.6779 mean_loss=0.7385 classification=0.0163, bbox_regression=0.0558, bbox_ctrness=0.6059
epoch 26/50 iter 1660/1860 loss=0.7033 mean_loss=0.7383 classification=0.0306, bbox_regression=0.0617, bbox_ctrness=0.6111
epoch 26/50 iter 1680/1860 loss=0.6701 mean_loss=0.7386 classification=0.0156, bbox_regression=0.0509, bbox_ctrness=0.6036
epoch 26/50 iter 1700/1860 loss=0.7816 mean_loss=0.7384 classification=0.1104, bbox_regression=0.0869, bbox_ctrness=0.5843
epoch 26/50 iter 1720/1860 loss=0.7025 mean_loss=0.7384 classification=0.0213, bbox_regression=0.0747, bbox_ctrness=0.6065
epoch 26/50 iter 1740/1860 loss=0.6559 mean_loss=0.7379 classification=0.0057, bbox_regression=0.0580, bbox_ctrness=0.5922
epoch 26/50 iter 1760/1860 loss=0.8225 mean_loss=0.7376 classification=0.0993, bbox_regression=0.1185, bbox_ctrness=0.6047
epoch 26/50 iter 1780/1860 loss=0.6930 mean_loss=0.7374 classification=0.0151, bbox_regression=0.0576, bbox_ctrness=0.6204
epoch 26/50 iter 1800/1860 loss=0.8201 mean_loss=0.7375 classification=0.0773, bbox_regression=0.1223, bbox_ctrness=0.6205
epoch 26/50 iter 1820/1860 loss=0.6703 mean_loss=0.7372 classification=0.0091, bbox_regression=0.0514, bbox_ctrness=0.6098
epoch 26/50 iter 1840/1860 loss=0.6877 mean_loss=0.7374 classification=0.0153, bbox_regression=0.0689, bbox_ctrness=0.6035
epoch 26/50 iter 1860/1860 loss=0.6670 mean_loss=0.7376 classification=0.0356, bbox_regression=0.0440, bbox_ctrness=0.5873
epoch 26 validation Precision=0.4789 Recall=0.9478 AP50=0.9236 AP75=0.8424 eval_fps=19.62 epoch_time_sec=876.3
saved checkpoint: E:\RepViT-main\runs\v48_complete_ablation\training\early_moddrop_seed2\weights\last.pt
epoch 27/50 iter 1/1860 loss=0.7153 mean_loss=0.7153 classification=0.0361, bbox_regression=0.0813, bbox_ctrness=0.5979
epoch 27/50 iter 20/1860 loss=0.7434 mean_loss=0.7093 classification=0.0402, bbox_regression=0.0948, bbox_ctrness=0.6084
epoch 27/50 iter 40/1860 loss=0.6629 mean_loss=0.7126 classification=0.0118, bbox_regression=0.0444, bbox_ctrness=0.6067
epoch 27/50 iter 60/1860 loss=0.6407 mean_loss=0.7193 classification=0.0081, bbox_regression=0.0517, bbox_ctrness=0.5809
epoch 27/50 iter 80/1860 loss=0.8494 mean_loss=0.7316 classification=0.0825, bbox_regression=0.1457, bbox_ctrness=0.6212
epoch 27/50 iter 100/1860 loss=0.6848 mean_loss=0.7295 classification=0.0077, bbox_regression=0.0622, bbox_ctrness=0.6149
epoch 27/50 iter 120/1860 loss=0.9090 mean_loss=0.7254 classification=0.1866, bbox_regression=0.1069, bbox_ctrness=0.6155
epoch 27/50 iter 140/1860 loss=0.7448 mean_loss=0.7240 classification=0.0564, bbox_regression=0.0842, bbox_ctrness=0.6043
epoch 27/50 iter 160/1860 loss=0.9483 mean_loss=0.7269 classification=0.1881, bbox_regression=0.1481, bbox_ctrness=0.6121
epoch 27/50 iter 180/1860 loss=0.6670 mean_loss=0.7261 classification=0.0283, bbox_regression=0.0465, bbox_ctrness=0.5922
epoch 27/50 iter 200/1860 loss=0.6588 mean_loss=0.7271 classification=0.0219, bbox_regression=0.0599, bbox_ctrness=0.5771
epoch 27/50 iter 220/1860 loss=0.6573 mean_loss=0.7255 classification=0.0033, bbox_regression=0.0531, bbox_ctrness=0.6010
epoch 27/50 iter 240/1860 loss=0.6614 mean_loss=0.7332 classification=0.0207, bbox_regression=0.0517, bbox_ctrness=0.5890
epoch 27/50 iter 260/1860 loss=0.6615 mean_loss=0.7303 classification=0.0089, bbox_regression=0.0521, bbox_ctrness=0.6005
epoch 27/50 iter 280/1860 loss=0.6796 mean_loss=0.7298 classification=0.0020, bbox_regression=0.0576, bbox_ctrness=0.6200
epoch 27/50 iter 300/1860 loss=1.1765 mean_loss=0.7358 classification=0.2856, bbox_regression=0.2703, bbox_ctrness=0.6206
epoch 27/50 iter 320/1860 loss=0.6573 mean_loss=0.7381 classification=0.0087, bbox_regression=0.0471, bbox_ctrness=0.6015
epoch 27/50 iter 340/1860 loss=0.9306 mean_loss=0.7374 classification=0.1498, bbox_regression=0.1707, bbox_ctrness=0.6101
epoch 27/50 iter 360/1860 loss=0.7731 mean_loss=0.7364 classification=0.1026, bbox_regression=0.0560, bbox_ctrness=0.6145
epoch 27/50 iter 380/1860 loss=0.6687 mean_loss=0.7360 classification=0.0109, bbox_regression=0.0692, bbox_ctrness=0.5885
epoch 27/50 iter 400/1860 loss=0.7474 mean_loss=0.7362 classification=0.0484, bbox_regression=0.0821, bbox_ctrness=0.6168
epoch 27/50 iter 420/1860 loss=1.0429 mean_loss=0.7366 classification=0.2281, bbox_regression=0.1906, bbox_ctrness=0.6241
epoch 27/50 iter 440/1860 loss=0.6564 mean_loss=0.7349 classification=0.0071, bbox_regression=0.0538, bbox_ctrness=0.5955
epoch 27/50 iter 460/1860 loss=0.6664 mean_loss=0.7355 classification=0.0095, bbox_regression=0.0583, bbox_ctrness=0.5985
epoch 27/50 iter 480/1860 loss=0.6815 mean_loss=0.7350 classification=0.0121, bbox_regression=0.0645, bbox_ctrness=0.6049
epoch 27/50 iter 500/1860 loss=0.7962 mean_loss=0.7350 classification=0.0926, bbox_regression=0.1020, bbox_ctrness=0.6016
epoch 27/50 iter 520/1860 loss=0.6796 mean_loss=0.7358 classification=0.0144, bbox_regression=0.0615, bbox_ctrness=0.6037
epoch 27/50 iter 540/1860 loss=0.6503 mean_loss=0.7359 classification=0.0074, bbox_regression=0.0545, bbox_ctrness=0.5884
epoch 27/50 iter 560/1860 loss=0.6699 mean_loss=0.7349 classification=0.0065, bbox_regression=0.0566, bbox_ctrness=0.6067
epoch 27/50 iter 580/1860 loss=0.6629 mean_loss=0.7348 classification=0.0123, bbox_regression=0.0593, bbox_ctrness=0.5913
epoch 27/50 iter 600/1860 loss=0.6877 mean_loss=0.7339 classification=0.0356, bbox_regression=0.0548, bbox_ctrness=0.5973
epoch 27/50 iter 620/1860 loss=0.6600 mean_loss=0.7341 classification=0.0064, bbox_regression=0.0480, bbox_ctrness=0.6056
epoch 27/50 iter 640/1860 loss=0.8605 mean_loss=0.7341 classification=0.1407, bbox_regression=0.1083, bbox_ctrness=0.6115
epoch 27/50 iter 660/1860 loss=0.6641 mean_loss=0.7343 classification=0.0169, bbox_regression=0.0522, bbox_ctrness=0.5950
epoch 27/50 iter 680/1860 loss=0.6600 mean_loss=0.7335 classification=0.0033, bbox_regression=0.0571, bbox_ctrness=0.5996
epoch 27/50 iter 700/1860 loss=0.7312 mean_loss=0.7336 classification=0.0553, bbox_regression=0.0817, bbox_ctrness=0.5943
epoch 27/50 iter 720/1860 loss=0.7172 mean_loss=0.7331 classification=0.0153, bbox_regression=0.0907, bbox_ctrness=0.6113
epoch 27/50 iter 740/1860 loss=0.8463 mean_loss=0.7326 classification=0.1241, bbox_regression=0.1123, bbox_ctrness=0.6099
epoch 27/50 iter 760/1860 loss=0.7038 mean_loss=0.7326 classification=0.0424, bbox_regression=0.0695, bbox_ctrness=0.5919
epoch 27/50 iter 780/1860 loss=0.6939 mean_loss=0.7338 classification=0.0154, bbox_regression=0.0762, bbox_ctrness=0.6022
epoch 27/50 iter 800/1860 loss=0.6729 mean_loss=0.7334 classification=0.0152, bbox_regression=0.0526, bbox_ctrness=0.6051
epoch 27/50 iter 820/1860 loss=0.6841 mean_loss=0.7332 classification=0.0052, bbox_regression=0.0650, bbox_ctrness=0.6139
epoch 27/50 iter 840/1860 loss=0.8309 mean_loss=0.7336 classification=0.0916, bbox_regression=0.1299, bbox_ctrness=0.6094
epoch 27/50 iter 860/1860 loss=0.6975 mean_loss=0.7340 classification=0.0225, bbox_regression=0.0622, bbox_ctrness=0.6128
epoch 27/50 iter 880/1860 loss=0.6868 mean_loss=0.7340 classification=0.0288, bbox_regression=0.0580, bbox_ctrness=0.6000
epoch 27/50 iter 900/1860 loss=0.6784 mean_loss=0.7337 classification=0.0117, bbox_regression=0.0726, bbox_ctrness=0.5941
epoch 27/50 iter 920/1860 loss=0.7258 mean_loss=0.7341 classification=0.0366, bbox_regression=0.0850, bbox_ctrness=0.6042
epoch 27/50 iter 940/1860 loss=0.6718 mean_loss=0.7340 classification=0.0320, bbox_regression=0.0604, bbox_ctrness=0.5795
epoch 27/50 iter 960/1860 loss=0.6834 mean_loss=0.7345 classification=0.0213, bbox_regression=0.0611, bbox_ctrness=0.6010
epoch 27/50 iter 980/1860 loss=0.7494 mean_loss=0.7345 classification=0.0669, bbox_regression=0.0859, bbox_ctrness=0.5966
epoch 27/50 iter 1000/1860 loss=0.6909 mean_loss=0.7346 classification=0.0223, bbox_regression=0.0735, bbox_ctrness=0.5951
epoch 27/50 iter 1020/1860 loss=0.6744 mean_loss=0.7345 classification=0.0124, bbox_regression=0.0565, bbox_ctrness=0.6055
epoch 27/50 iter 1040/1860 loss=0.6982 mean_loss=0.7345 classification=0.0314, bbox_regression=0.0559, bbox_ctrness=0.6109
epoch 27/50 iter 1060/1860 loss=0.6763 mean_loss=0.7343 classification=0.0186, bbox_regression=0.0545, bbox_ctrness=0.6032
epoch 27/50 iter 1080/1860 loss=0.7756 mean_loss=0.7340 classification=0.0562, bbox_regression=0.0980, bbox_ctrness=0.6215
epoch 27/50 iter 1100/1860 loss=0.6654 mean_loss=0.7336 classification=0.0054, bbox_regression=0.0605, bbox_ctrness=0.5995
epoch 27/50 iter 1120/1860 loss=0.7036 mean_loss=0.7338 classification=0.0309, bbox_regression=0.0690, bbox_ctrness=0.6037
epoch 27/50 iter 1140/1860 loss=0.7036 mean_loss=0.7344 classification=0.0331, bbox_regression=0.0731, bbox_ctrness=0.5975
epoch 27/50 iter 1160/1860 loss=0.6557 mean_loss=0.7347 classification=0.0107, bbox_regression=0.0498, bbox_ctrness=0.5952
epoch 27/50 iter 1180/1860 loss=0.6365 mean_loss=0.7342 classification=0.0067, bbox_regression=0.0510, bbox_ctrness=0.5788
epoch 27/50 iter 1200/1860 loss=0.6661 mean_loss=0.7342 classification=0.0010, bbox_regression=0.0496, bbox_ctrness=0.6155
epoch 27/50 iter 1220/1860 loss=0.6532 mean_loss=0.7340 classification=0.0055, bbox_regression=0.0526, bbox_ctrness=0.5951
epoch 27/50 iter 1240/1860 loss=0.7306 mean_loss=0.7340 classification=0.0413, bbox_regression=0.0837, bbox_ctrness=0.6056
epoch 27/50 iter 1260/1860 loss=0.7586 mean_loss=0.7340 classification=0.0637, bbox_regression=0.0976, bbox_ctrness=0.5973
epoch 27/50 iter 1280/1860 loss=0.6659 mean_loss=0.7337 classification=0.0255, bbox_regression=0.0557, bbox_ctrness=0.5847
epoch 27/50 iter 1300/1860 loss=0.7221 mean_loss=0.7336 classification=0.0285, bbox_regression=0.0765, bbox_ctrness=0.6171
epoch 27/50 iter 1320/1860 loss=0.6959 mean_loss=0.7337 classification=0.0241, bbox_regression=0.0633, bbox_ctrness=0.6086
epoch 27/50 iter 1340/1860 loss=0.7644 mean_loss=0.7343 classification=0.1102, bbox_regression=0.0589, bbox_ctrness=0.5953
epoch 27/50 iter 1360/1860 loss=0.6887 mean_loss=0.7343 classification=0.0318, bbox_regression=0.0682, bbox_ctrness=0.5887
epoch 27/50 iter 1380/1860 loss=0.8034 mean_loss=0.7347 classification=0.0812, bbox_regression=0.1161, bbox_ctrness=0.6061
epoch 27/50 iter 1400/1860 loss=0.7948 mean_loss=0.7351 classification=0.0707, bbox_regression=0.1149, bbox_ctrness=0.6092
epoch 27/50 iter 1420/1860 loss=0.7147 mean_loss=0.7348 classification=0.0367, bbox_regression=0.0786, bbox_ctrness=0.5994
epoch 27/50 iter 1440/1860 loss=0.6542 mean_loss=0.7348 classification=0.0191, bbox_regression=0.0528, bbox_ctrness=0.5823
epoch 27/50 iter 1460/1860 loss=0.6746 mean_loss=0.7344 classification=0.0111, bbox_regression=0.0608, bbox_ctrness=0.6027
epoch 27/50 iter 1480/1860 loss=0.9962 mean_loss=0.7340 classification=0.2080, bbox_regression=0.1763, bbox_ctrness=0.6119
epoch 27/50 iter 1500/1860 loss=0.6976 mean_loss=0.7336 classification=0.0341, bbox_regression=0.0650, bbox_ctrness=0.5984
epoch 27/50 iter 1520/1860 loss=0.9072 mean_loss=0.7337 classification=0.1519, bbox_regression=0.1495, bbox_ctrness=0.6058
epoch 27/50 iter 1540/1860 loss=0.6591 mean_loss=0.7337 classification=0.0260, bbox_regression=0.0505, bbox_ctrness=0.5826
epoch 27/50 iter 1560/1860 loss=0.7780 mean_loss=0.7339 classification=0.0864, bbox_regression=0.0969, bbox_ctrness=0.5948
epoch 27/50 iter 1580/1860 loss=0.6621 mean_loss=0.7334 classification=0.0163, bbox_regression=0.0395, bbox_ctrness=0.6063
epoch 27/50 iter 1600/1860 loss=0.8214 mean_loss=0.7335 classification=0.1132, bbox_regression=0.1073, bbox_ctrness=0.6009
epoch 27/50 iter 1620/1860 loss=0.6626 mean_loss=0.7331 classification=0.0173, bbox_regression=0.0515, bbox_ctrness=0.5937
epoch 27/50 iter 1640/1860 loss=0.6435 mean_loss=0.7331 classification=0.0066, bbox_regression=0.0488, bbox_ctrness=0.5880
epoch 27/50 iter 1660/1860 loss=0.6761 mean_loss=0.7333 classification=0.0137, bbox_regression=0.0574, bbox_ctrness=0.6051
epoch 27/50 iter 1680/1860 loss=0.7622 mean_loss=0.7332 classification=0.0645, bbox_regression=0.1061, bbox_ctrness=0.5916
epoch 27/50 iter 1700/1860 loss=0.6575 mean_loss=0.7332 classification=0.0013, bbox_regression=0.0523, bbox_ctrness=0.6038
epoch 27/50 iter 1720/1860 loss=0.6659 mean_loss=0.7330 classification=0.0153, bbox_regression=0.0605, bbox_ctrness=0.5900
epoch 27/50 iter 1740/1860 loss=0.6872 mean_loss=0.7327 classification=0.0182, bbox_regression=0.0667, bbox_ctrness=0.6023
epoch 27/50 iter 1760/1860 loss=0.6742 mean_loss=0.7328 classification=0.0208, bbox_regression=0.0521, bbox_ctrness=0.6012
epoch 27/50 iter 1780/1860 loss=0.7014 mean_loss=0.7333 classification=0.0294, bbox_regression=0.0637, bbox_ctrness=0.6084
epoch 27/50 iter 1800/1860 loss=0.7109 mean_loss=0.7331 classification=0.0426, bbox_regression=0.0700, bbox_ctrness=0.5982
epoch 27/50 iter 1820/1860 loss=0.6616 mean_loss=0.7329 classification=0.0186, bbox_regression=0.0634, bbox_ctrness=0.5797
epoch 27/50 iter 1840/1860 loss=0.6457 mean_loss=0.7325 classification=0.0043, bbox_regression=0.0513, bbox_ctrness=0.5901
epoch 27/50 iter 1860/1860 loss=0.6463 mean_loss=0.7323 classification=0.0032, bbox_regression=0.0657, bbox_ctrness=0.5774
epoch 27 validation Precision=0.6564 Recall=0.9400 AP50=0.9179 AP75=0.8410 eval_fps=22.39 epoch_time_sec=863.2
saved checkpoint: E:\RepViT-main\runs\v48_complete_ablation\training\early_moddrop_seed2\weights\last.pt
epoch 28/50 iter 1/1860 loss=0.6860 mean_loss=0.6860 classification=0.0275, bbox_regression=0.0619, bbox_ctrness=0.5966
epoch 28/50 iter 20/1860 loss=0.6728 mean_loss=0.7272 classification=0.0220, bbox_regression=0.0528, bbox_ctrness=0.5981
epoch 28/50 iter 40/1860 loss=0.6571 mean_loss=0.7257 classification=0.0071, bbox_regression=0.0558, bbox_ctrness=0.5942
epoch 28/50 iter 60/1860 loss=0.6513 mean_loss=0.7274 classification=0.0090, bbox_regression=0.0501, bbox_ctrness=0.5923
epoch 28/50 iter 80/1860 loss=0.6444 mean_loss=0.7291 classification=0.0062, bbox_regression=0.0447, bbox_ctrness=0.5935
epoch 28/50 iter 100/1860 loss=0.9377 mean_loss=0.7379 classification=0.1586, bbox_regression=0.1683, bbox_ctrness=0.6108
epoch 28/50 iter 120/1860 loss=0.7213 mean_loss=0.7345 classification=0.0195, bbox_regression=0.1107, bbox_ctrness=0.5911
epoch 28/50 iter 140/1860 loss=0.7520 mean_loss=0.7325 classification=0.0755, bbox_regression=0.0856, bbox_ctrness=0.5909
epoch 28/50 iter 160/1860 loss=0.6756 mean_loss=0.7307 classification=0.0114, bbox_regression=0.0552, bbox_ctrness=0.6090
epoch 28/50 iter 180/1860 loss=0.6876 mean_loss=0.7269 classification=0.0227, bbox_regression=0.0661, bbox_ctrness=0.5988
epoch 28/50 iter 200/1860 loss=0.6455 mean_loss=0.7266 classification=0.0100, bbox_regression=0.0446, bbox_ctrness=0.5909
epoch 28/50 iter 220/1860 loss=0.6654 mean_loss=0.7243 classification=0.0095, bbox_regression=0.0573, bbox_ctrness=0.5986
epoch 28/50 iter 240/1860 loss=0.6997 mean_loss=0.7257 classification=0.0246, bbox_regression=0.0786, bbox_ctrness=0.5966
epoch 28/50 iter 260/1860 loss=0.7327 mean_loss=0.7265 classification=0.0345, bbox_regression=0.1005, bbox_ctrness=0.5977
epoch 28/50 iter 280/1860 loss=0.6975 mean_loss=0.7264 classification=0.0264, bbox_regression=0.0766, bbox_ctrness=0.5945
epoch 28/50 iter 300/1860 loss=0.7154 mean_loss=0.7248 classification=0.0443, bbox_regression=0.0795, bbox_ctrness=0.5916
epoch 28/50 iter 320/1860 loss=0.7534 mean_loss=0.7245 classification=0.0267, bbox_regression=0.1143, bbox_ctrness=0.6125
epoch 28/50 iter 340/1860 loss=0.6600 mean_loss=0.7234 classification=0.0128, bbox_regression=0.0617, bbox_ctrness=0.5856
epoch 28/50 iter 360/1860 loss=0.6720 mean_loss=0.7261 classification=0.0063, bbox_regression=0.0542, bbox_ctrness=0.6115
epoch 28/50 iter 380/1860 loss=0.6812 mean_loss=0.7261 classification=0.0268, bbox_regression=0.0535, bbox_ctrness=0.6009
epoch 28/50 iter 400/1860 loss=0.6880 mean_loss=0.7271 classification=0.0306, bbox_regression=0.0700, bbox_ctrness=0.5873
epoch 28/50 iter 420/1860 loss=0.6423 mean_loss=0.7266 classification=0.0122, bbox_regression=0.0474, bbox_ctrness=0.5826
epoch 28/50 iter 440/1860 loss=0.7575 mean_loss=0.7273 classification=0.0455, bbox_regression=0.0858, bbox_ctrness=0.6262
epoch 28/50 iter 460/1860 loss=0.7346 mean_loss=0.7270 classification=0.0418, bbox_regression=0.0899, bbox_ctrness=0.6029
epoch 28/50 iter 480/1860 loss=0.7060 mean_loss=0.7276 classification=0.0115, bbox_regression=0.0937, bbox_ctrness=0.6008
epoch 28/50 iter 500/1860 loss=0.7179 mean_loss=0.7299 classification=0.0251, bbox_regression=0.0901, bbox_ctrness=0.6026
epoch 28/50 iter 520/1860 loss=0.6552 mean_loss=0.7285 classification=0.0101, bbox_regression=0.0478, bbox_ctrness=0.5972
epoch 28/50 iter 540/1860 loss=0.6995 mean_loss=0.7274 classification=0.0193, bbox_regression=0.0877, bbox_ctrness=0.5924
epoch 28/50 iter 560/1860 loss=0.6624 mean_loss=0.7275 classification=0.0159, bbox_regression=0.0587, bbox_ctrness=0.5878
epoch 28/50 iter 580/1860 loss=0.6770 mean_loss=0.7273 classification=0.0062, bbox_regression=0.0681, bbox_ctrness=0.6027
epoch 28/50 iter 600/1860 loss=0.6597 mean_loss=0.7275 classification=0.0044, bbox_regression=0.0383, bbox_ctrness=0.6171
epoch 28/50 iter 620/1860 loss=0.8827 mean_loss=0.7271 classification=0.1351, bbox_regression=0.1315, bbox_ctrness=0.6161
epoch 28/50 iter 640/1860 loss=0.8105 mean_loss=0.7262 classification=0.1160, bbox_regression=0.0826, bbox_ctrness=0.6119
epoch 28/50 iter 660/1860 loss=0.6959 mean_loss=0.7258 classification=0.0243, bbox_regression=0.0558, bbox_ctrness=0.6157
epoch 28/50 iter 680/1860 loss=0.7031 mean_loss=0.7263 classification=0.0337, bbox_regression=0.0810, bbox_ctrness=0.5885
epoch 28/50 iter 700/1860 loss=0.6687 mean_loss=0.7265 classification=0.0072, bbox_regression=0.0616, bbox_ctrness=0.5999
epoch 28/50 iter 720/1860 loss=0.7408 mean_loss=0.7262 classification=0.0527, bbox_regression=0.0794, bbox_ctrness=0.6087
epoch 28/50 iter 740/1860 loss=0.7513 mean_loss=0.7261 classification=0.0538, bbox_regression=0.0910, bbox_ctrness=0.6065
epoch 28/50 iter 760/1860 loss=0.6800 mean_loss=0.7261 classification=0.0209, bbox_regression=0.0456, bbox_ctrness=0.6136
epoch 28/50 iter 780/1860 loss=0.7474 mean_loss=0.7257 classification=0.0551, bbox_regression=0.0992, bbox_ctrness=0.5931
epoch 28/50 iter 800/1860 loss=1.4185 mean_loss=0.7263 classification=0.4144, bbox_regression=0.3610, bbox_ctrness=0.6431
epoch 28/50 iter 820/1860 loss=0.6470 mean_loss=0.7257 classification=0.0087, bbox_regression=0.0411, bbox_ctrness=0.5972
epoch 28/50 iter 840/1860 loss=0.7313 mean_loss=0.7257 classification=0.0326, bbox_regression=0.1010, bbox_ctrness=0.5977
epoch 28/50 iter 860/1860 loss=0.6975 mean_loss=0.7255 classification=0.0090, bbox_regression=0.0615, bbox_ctrness=0.6270
epoch 28/50 iter 880/1860 loss=1.1209 mean_loss=0.7252 classification=0.2992, bbox_regression=0.2159, bbox_ctrness=0.6058
epoch 28/50 iter 900/1860 loss=0.7372 mean_loss=0.7258 classification=0.0495, bbox_regression=0.0816, bbox_ctrness=0.6062
epoch 28/50 iter 920/1860 loss=0.6749 mean_loss=0.7260 classification=0.0158, bbox_regression=0.0585, bbox_ctrness=0.6005
epoch 28/50 iter 940/1860 loss=0.7560 mean_loss=0.7258 classification=0.0672, bbox_regression=0.0918, bbox_ctrness=0.5970
epoch 28/50 iter 960/1860 loss=0.7797 mean_loss=0.7262 classification=0.0928, bbox_regression=0.0867, bbox_ctrness=0.6001
epoch 28/50 iter 980/1860 loss=0.7269 mean_loss=0.7267 classification=0.0476, bbox_regression=0.0842, bbox_ctrness=0.5950
epoch 28/50 iter 1000/1860 loss=0.6707 mean_loss=0.7262 classification=0.0138, bbox_regression=0.0568, bbox_ctrness=0.6001
epoch 28/50 iter 1020/1860 loss=0.8333 mean_loss=0.7269 classification=0.1071, bbox_regression=0.1091, bbox_ctrness=0.6170
epoch 28/50 iter 1040/1860 loss=0.7599 mean_loss=0.7271 classification=0.0814, bbox_regression=0.0790, bbox_ctrness=0.5996
epoch 28/50 iter 1060/1860 loss=0.8318 mean_loss=0.7269 classification=0.0873, bbox_regression=0.1221, bbox_ctrness=0.6224
epoch 28/50 iter 1080/1860 loss=0.8289 mean_loss=0.7272 classification=0.0867, bbox_regression=0.1272, bbox_ctrness=0.6150
epoch 28/50 iter 1100/1860 loss=0.6799 mean_loss=0.7271 classification=0.0197, bbox_regression=0.0620, bbox_ctrness=0.5981
epoch 28/50 iter 1120/1860 loss=0.7531 mean_loss=0.7274 classification=0.0510, bbox_regression=0.0967, bbox_ctrness=0.6055
epoch 28/50 iter 1140/1860 loss=0.6720 mean_loss=0.7275 classification=0.0073, bbox_regression=0.0512, bbox_ctrness=0.6135
epoch 28/50 iter 1160/1860 loss=0.7524 mean_loss=0.7271 classification=0.0571, bbox_regression=0.0928, bbox_ctrness=0.6025
epoch 28/50 iter 1180/1860 loss=0.7021 mean_loss=0.7270 classification=0.0269, bbox_regression=0.0698, bbox_ctrness=0.6055
epoch 28/50 iter 1200/1860 loss=0.6648 mean_loss=0.7270 classification=0.0192, bbox_regression=0.0567, bbox_ctrness=0.5889
epoch 28/50 iter 1220/1860 loss=0.7160 mean_loss=0.7271 classification=0.0418, bbox_regression=0.0742, bbox_ctrness=0.5999
epoch 28/50 iter 1240/1860 loss=0.7276 mean_loss=0.7274 classification=0.0456, bbox_regression=0.0549, bbox_ctrness=0.6271
epoch 28/50 iter 1260/1860 loss=0.6831 mean_loss=0.7272 classification=0.0360, bbox_regression=0.0513, bbox_ctrness=0.5958
epoch 28/50 iter 1280/1860 loss=0.8645 mean_loss=0.7270 classification=0.1622, bbox_regression=0.1013, bbox_ctrness=0.6009
epoch 28/50 iter 1300/1860 loss=0.8537 mean_loss=0.7270 classification=0.0809, bbox_regression=0.1718, bbox_ctrness=0.6010
epoch 28/50 iter 1320/1860 loss=0.6733 mean_loss=0.7268 classification=0.0147, bbox_regression=0.0712, bbox_ctrness=0.5874
epoch 28/50 iter 1340/1860 loss=0.8452 mean_loss=0.7268 classification=0.1440, bbox_regression=0.1040, bbox_ctrness=0.5973
epoch 28/50 iter 1360/1860 loss=0.6506 mean_loss=0.7268 classification=0.0073, bbox_regression=0.0607, bbox_ctrness=0.5825
epoch 28/50 iter 1380/1860 loss=0.7091 mean_loss=0.7266 classification=0.0331, bbox_regression=0.0673, bbox_ctrness=0.6088
epoch 28/50 iter 1400/1860 loss=0.6862 mean_loss=0.7269 classification=0.0315, bbox_regression=0.0628, bbox_ctrness=0.5919
epoch 28/50 iter 1420/1860 loss=0.7152 mean_loss=0.7274 classification=0.0376, bbox_regression=0.0766, bbox_ctrness=0.6010
epoch 28/50 iter 1440/1860 loss=0.6702 mean_loss=0.7272 classification=0.0155, bbox_regression=0.0548, bbox_ctrness=0.5999
epoch 28/50 iter 1460/1860 loss=0.7399 mean_loss=0.7274 classification=0.0343, bbox_regression=0.1040, bbox_ctrness=0.6016
epoch 28/50 iter 1480/1860 loss=0.7299 mean_loss=0.7272 classification=0.0450, bbox_regression=0.0966, bbox_ctrness=0.5883
epoch 28/50 iter 1500/1860 loss=0.6631 mean_loss=0.7275 classification=0.0166, bbox_regression=0.0534, bbox_ctrness=0.5931
epoch 28/50 iter 1520/1860 loss=0.6572 mean_loss=0.7278 classification=0.0042, bbox_regression=0.0700, bbox_ctrness=0.5830
epoch 28/50 iter 1540/1860 loss=0.7220 mean_loss=0.7277 classification=0.0453, bbox_regression=0.0818, bbox_ctrness=0.5950
epoch 28/50 iter 1560/1860 loss=0.6823 mean_loss=0.7283 classification=0.0257, bbox_regression=0.0524, bbox_ctrness=0.6041
epoch 28/50 iter 1580/1860 loss=0.7173 mean_loss=0.7278 classification=0.0502, bbox_regression=0.0830, bbox_ctrness=0.5841
epoch 28/50 iter 1600/1860 loss=0.7977 mean_loss=0.7279 classification=0.0812, bbox_regression=0.1185, bbox_ctrness=0.5980
epoch 28/50 iter 1620/1860 loss=0.7182 mean_loss=0.7280 classification=0.0347, bbox_regression=0.0959, bbox_ctrness=0.5876
epoch 28/50 iter 1640/1860 loss=0.6969 mean_loss=0.7279 classification=0.0177, bbox_regression=0.0672, bbox_ctrness=0.6120
epoch 28/50 iter 1660/1860 loss=0.7251 mean_loss=0.7279 classification=0.0529, bbox_regression=0.0717, bbox_ctrness=0.6006
epoch 28/50 iter 1680/1860 loss=0.7832 mean_loss=0.7277 classification=0.0621, bbox_regression=0.1033, bbox_ctrness=0.6179
epoch 28/50 iter 1700/1860 loss=0.6998 mean_loss=0.7272 classification=0.0323, bbox_regression=0.0767, bbox_ctrness=0.5908
epoch 28/50 iter 1720/1860 loss=0.6640 mean_loss=0.7277 classification=0.0219, bbox_regression=0.0491, bbox_ctrness=0.5930
epoch 28/50 iter 1740/1860 loss=0.6471 mean_loss=0.7277 classification=0.0151, bbox_regression=0.0400, bbox_ctrness=0.5920
epoch 28/50 iter 1760/1860 loss=0.7469 mean_loss=0.7274 classification=0.0453, bbox_regression=0.0834, bbox_ctrness=0.6182
epoch 28/50 iter 1780/1860 loss=0.6693 mean_loss=0.7274 classification=0.0154, bbox_regression=0.0599, bbox_ctrness=0.5939
epoch 28/50 iter 1800/1860 loss=0.6877 mean_loss=0.7273 classification=0.0168, bbox_regression=0.0659, bbox_ctrness=0.6050
epoch 28/50 iter 1820/1860 loss=0.8065 mean_loss=0.7273 classification=0.0756, bbox_regression=0.1309, bbox_ctrness=0.6000
epoch 28/50 iter 1840/1860 loss=0.7034 mean_loss=0.7273 classification=0.0052, bbox_regression=0.0722, bbox_ctrness=0.6259
epoch 28/50 iter 1860/1860 loss=0.6547 mean_loss=0.7272 classification=0.0065, bbox_regression=0.0552, bbox_ctrness=0.5930
epoch 28 validation Precision=0.7304 Recall=0.9380 AP50=0.9184 AP75=0.8338 eval_fps=23.14 epoch_time_sec=849.8
saved checkpoint: E:\RepViT-main\runs\v48_complete_ablation\training\early_moddrop_seed2\weights\last.pt
epoch 29/50 iter 1/1860 loss=0.6876 mean_loss=0.6876 classification=0.0201, bbox_regression=0.0558, bbox_ctrness=0.6116
epoch 29/50 iter 20/1860 loss=0.6956 mean_loss=0.7068 classification=0.0310, bbox_regression=0.0733, bbox_ctrness=0.5913
epoch 29/50 iter 40/1860 loss=0.6972 mean_loss=0.7127 classification=0.0016, bbox_regression=0.0782, bbox_ctrness=0.6175
epoch 29/50 iter 60/1860 loss=0.6844 mean_loss=0.7129 classification=0.0288, bbox_regression=0.0641, bbox_ctrness=0.5915
epoch 29/50 iter 80/1860 loss=0.7809 mean_loss=0.7081 classification=0.0733, bbox_regression=0.1155, bbox_ctrness=0.5921
epoch 29/50 iter 100/1860 loss=0.7232 mean_loss=0.7123 classification=0.0383, bbox_regression=0.0733, bbox_ctrness=0.6116
epoch 29/50 iter 120/1860 loss=0.7457 mean_loss=0.7109 classification=0.0420, bbox_regression=0.1002, bbox_ctrness=0.6035
epoch 29/50 iter 140/1860 loss=0.6619 mean_loss=0.7111 classification=0.0182, bbox_regression=0.0593, bbox_ctrness=0.5843
epoch 29/50 iter 160/1860 loss=0.6836 mean_loss=0.7131 classification=0.0263, bbox_regression=0.0591, bbox_ctrness=0.5982
epoch 29/50 iter 180/1860 loss=0.6766 mean_loss=0.7155 classification=0.0005, bbox_regression=0.0627, bbox_ctrness=0.6135
epoch 29/50 iter 200/1860 loss=0.6852 mean_loss=0.7145 classification=0.0068, bbox_regression=0.0754, bbox_ctrness=0.6030
epoch 29/50 iter 220/1860 loss=0.6871 mean_loss=0.7148 classification=0.0247, bbox_regression=0.0760, bbox_ctrness=0.5863
epoch 29/50 iter 240/1860 loss=0.6953 mean_loss=0.7180 classification=0.0183, bbox_regression=0.0797, bbox_ctrness=0.5973
epoch 29/50 iter 260/1860 loss=0.6886 mean_loss=0.7194 classification=0.0059, bbox_regression=0.0714, bbox_ctrness=0.6113
epoch 29/50 iter 280/1860 loss=0.8204 mean_loss=0.7198 classification=0.1061, bbox_regression=0.1185, bbox_ctrness=0.5959
epoch 29/50 iter 300/1860 loss=0.6678 mean_loss=0.7204 classification=0.0124, bbox_regression=0.0615, bbox_ctrness=0.5939
epoch 29/50 iter 320/1860 loss=0.6801 mean_loss=0.7199 classification=0.0259, bbox_regression=0.0491, bbox_ctrness=0.6052
epoch 29/50 iter 340/1860 loss=0.7342 mean_loss=0.7194 classification=0.0401, bbox_regression=0.0676, bbox_ctrness=0.6265
epoch 29/50 iter 360/1860 loss=0.6758 mean_loss=0.7221 classification=0.0217, bbox_regression=0.0485, bbox_ctrness=0.6055
epoch 29/50 iter 380/1860 loss=0.6506 mean_loss=0.7224 classification=0.0107, bbox_regression=0.0476, bbox_ctrness=0.5923
epoch 29/50 iter 400/1860 loss=0.6946 mean_loss=0.7210 classification=0.0348, bbox_regression=0.0670, bbox_ctrness=0.5927
epoch 29/50 iter 420/1860 loss=0.8458 mean_loss=0.7225 classification=0.1542, bbox_regression=0.0974, bbox_ctrness=0.5942
epoch 29/50 iter 440/1860 loss=0.6715 mean_loss=0.7235 classification=0.0189, bbox_regression=0.0457, bbox_ctrness=0.6069
epoch 29/50 iter 460/1860 loss=0.6644 mean_loss=0.7237 classification=0.0135, bbox_regression=0.0544, bbox_ctrness=0.5965
epoch 29/50 iter 480/1860 loss=0.6823 mean_loss=0.7232 classification=0.0122, bbox_regression=0.0631, bbox_ctrness=0.6070
epoch 29/50 iter 500/1860 loss=1.2462 mean_loss=0.7238 classification=0.3596, bbox_regression=0.2633, bbox_ctrness=0.6233
epoch 29/50 iter 520/1860 loss=0.6669 mean_loss=0.7241 classification=0.0221, bbox_regression=0.0523, bbox_ctrness=0.5925
epoch 29/50 iter 540/1860 loss=0.7447 mean_loss=0.7237 classification=0.0612, bbox_regression=0.0902, bbox_ctrness=0.5933
epoch 29/50 iter 560/1860 loss=0.6879 mean_loss=0.7244 classification=0.0100, bbox_regression=0.0671, bbox_ctrness=0.6108
epoch 29/50 iter 580/1860 loss=0.6697 mean_loss=0.7245 classification=0.0121, bbox_regression=0.0620, bbox_ctrness=0.5956
epoch 29/50 iter 600/1860 loss=0.6778 mean_loss=0.7242 classification=0.0057, bbox_regression=0.0672, bbox_ctrness=0.6048
epoch 29/50 iter 620/1860 loss=0.6385 mean_loss=0.7254 classification=0.0219, bbox_regression=0.0543, bbox_ctrness=0.5624
epoch 29/50 iter 640/1860 loss=0.6639 mean_loss=0.7255 classification=0.0137, bbox_regression=0.0560, bbox_ctrness=0.5942
epoch 29/50 iter 660/1860 loss=0.7084 mean_loss=0.7248 classification=0.0234, bbox_regression=0.0762, bbox_ctrness=0.6088
epoch 29/50 iter 680/1860 loss=0.6734 mean_loss=0.7244 classification=0.0274, bbox_regression=0.0539, bbox_ctrness=0.5921
epoch 29/50 iter 700/1860 loss=0.7345 mean_loss=0.7249 classification=0.0455, bbox_regression=0.0883, bbox_ctrness=0.6007
epoch 29/50 iter 720/1860 loss=0.9022 mean_loss=0.7249 classification=0.1010, bbox_regression=0.1828, bbox_ctrness=0.6185
epoch 29/50 iter 740/1860 loss=0.7703 mean_loss=0.7250 classification=0.0693, bbox_regression=0.0928, bbox_ctrness=0.6083
epoch 29/50 iter 760/1860 loss=0.7023 mean_loss=0.7258 classification=0.0236, bbox_regression=0.0795, bbox_ctrness=0.5992
epoch 29/50 iter 780/1860 loss=0.7032 mean_loss=0.7260 classification=0.0374, bbox_regression=0.0652, bbox_ctrness=0.6006
epoch 29/50 iter 800/1860 loss=0.8273 mean_loss=0.7253 classification=0.1162, bbox_regression=0.1118, bbox_ctrness=0.5993
epoch 29/50 iter 820/1860 loss=0.7208 mean_loss=0.7256 classification=0.0597, bbox_regression=0.0754, bbox_ctrness=0.5857
epoch 29/50 iter 840/1860 loss=0.7057 mean_loss=0.7254 classification=0.0460, bbox_regression=0.0719, bbox_ctrness=0.5877
epoch 29/50 iter 860/1860 loss=0.6788 mean_loss=0.7252 classification=0.0122, bbox_regression=0.0592, bbox_ctrness=0.6073
epoch 29/50 iter 880/1860 loss=0.6550 mean_loss=0.7253 classification=0.0220, bbox_regression=0.0563, bbox_ctrness=0.5768
epoch 29/50 iter 900/1860 loss=0.6759 mean_loss=0.7247 classification=0.0187, bbox_regression=0.0600, bbox_ctrness=0.5971
epoch 29/50 iter 920/1860 loss=0.6887 mean_loss=0.7252 classification=0.0270, bbox_regression=0.0596, bbox_ctrness=0.6021
epoch 29/50 iter 940/1860 loss=0.7347 mean_loss=0.7252 classification=0.0440, bbox_regression=0.0875, bbox_ctrness=0.6032
epoch 29/50 iter 960/1860 loss=0.7509 mean_loss=0.7253 classification=0.0438, bbox_regression=0.0999, bbox_ctrness=0.6072
epoch 29/50 iter 980/1860 loss=0.7981 mean_loss=0.7253 classification=0.0991, bbox_regression=0.1080, bbox_ctrness=0.5911
epoch 29/50 iter 1000/1860 loss=0.8613 mean_loss=0.7255 classification=0.0885, bbox_regression=0.1612, bbox_ctrness=0.6116
epoch 29/50 iter 1020/1860 loss=0.6755 mean_loss=0.7251 classification=0.0109, bbox_regression=0.0641, bbox_ctrness=0.6004
epoch 29/50 iter 1040/1860 loss=0.7421 mean_loss=0.7255 classification=0.0270, bbox_regression=0.1026, bbox_ctrness=0.6126
epoch 29/50 iter 1060/1860 loss=0.6978 mean_loss=0.7251 classification=0.0270, bbox_regression=0.0601, bbox_ctrness=0.6106
epoch 29/50 iter 1080/1860 loss=0.7706 mean_loss=0.7256 classification=0.0473, bbox_regression=0.1011, bbox_ctrness=0.6222
epoch 29/50 iter 1100/1860 loss=0.6591 mean_loss=0.7258 classification=0.0046, bbox_regression=0.0523, bbox_ctrness=0.6023
epoch 29/50 iter 1120/1860 loss=0.7068 mean_loss=0.7256 classification=0.0582, bbox_regression=0.0577, bbox_ctrness=0.5909
epoch 29/50 iter 1140/1860 loss=0.6912 mean_loss=0.7257 classification=0.0319, bbox_regression=0.0736, bbox_ctrness=0.5857
epoch 29/50 iter 1160/1860 loss=0.6982 mean_loss=0.7256 classification=0.0332, bbox_regression=0.0659, bbox_ctrness=0.5990
epoch 29/50 iter 1180/1860 loss=0.6763 mean_loss=0.7257 classification=0.0054, bbox_regression=0.0582, bbox_ctrness=0.6127
epoch 29/50 iter 1200/1860 loss=0.6889 mean_loss=0.7255 classification=0.0321, bbox_regression=0.0562, bbox_ctrness=0.6006
epoch 29/50 iter 1220/1860 loss=1.3733 mean_loss=0.7263 classification=0.4190, bbox_regression=0.3049, bbox_ctrness=0.6494
epoch 29/50 iter 1240/1860 loss=0.7365 mean_loss=0.7264 classification=0.0450, bbox_regression=0.0691, bbox_ctrness=0.6223
epoch 29/50 iter 1260/1860 loss=0.7760 mean_loss=0.7262 classification=0.0690, bbox_regression=0.1049, bbox_ctrness=0.6020
epoch 29/50 iter 1280/1860 loss=0.6868 mean_loss=0.7260 classification=0.0250, bbox_regression=0.0696, bbox_ctrness=0.5922
epoch 29/50 iter 1300/1860 loss=0.6958 mean_loss=0.7259 classification=0.0284, bbox_regression=0.0693, bbox_ctrness=0.5981
epoch 29/50 iter 1320/1860 loss=0.7093 mean_loss=0.7259 classification=0.0479, bbox_regression=0.0699, bbox_ctrness=0.5914
epoch 29/50 iter 1340/1860 loss=0.7412 mean_loss=0.7260 classification=0.0603, bbox_regression=0.0874, bbox_ctrness=0.5934
epoch 29/50 iter 1360/1860 loss=0.6512 mean_loss=0.7260 classification=0.0016, bbox_regression=0.0520, bbox_ctrness=0.5975
epoch 29/50 iter 1380/1860 loss=0.6598 mean_loss=0.7261 classification=0.0163, bbox_regression=0.0541, bbox_ctrness=0.5893
epoch 29/50 iter 1400/1860 loss=0.6527 mean_loss=0.7260 classification=0.0021, bbox_regression=0.0510, bbox_ctrness=0.5996
epoch 29/50 iter 1420/1860 loss=0.6343 mean_loss=0.7257 classification=0.0132, bbox_regression=0.0376, bbox_ctrness=0.5836
epoch 29/50 iter 1440/1860 loss=0.9082 mean_loss=0.7257 classification=0.1136, bbox_regression=0.1603, bbox_ctrness=0.6342
epoch 29/50 iter 1460/1860 loss=0.6795 mean_loss=0.7259 classification=0.0107, bbox_regression=0.0505, bbox_ctrness=0.6184
epoch 29/50 iter 1480/1860 loss=0.6572 mean_loss=0.7258 classification=0.0064, bbox_regression=0.0465, bbox_ctrness=0.6043
epoch 29/50 iter 1500/1860 loss=0.7103 mean_loss=0.7256 classification=0.0483, bbox_regression=0.0721, bbox_ctrness=0.5899
epoch 29/50 iter 1520/1860 loss=0.6674 mean_loss=0.7255 classification=0.0052, bbox_regression=0.0805, bbox_ctrness=0.5817
epoch 29/50 iter 1540/1860 loss=0.6672 mean_loss=0.7252 classification=0.0116, bbox_regression=0.0562, bbox_ctrness=0.5994
epoch 29/50 iter 1560/1860 loss=0.7419 mean_loss=0.7249 classification=0.0585, bbox_regression=0.0855, bbox_ctrness=0.5980
epoch 29/50 iter 1580/1860 loss=1.2462 mean_loss=0.7253 classification=0.3859, bbox_regression=0.2415, bbox_ctrness=0.6189
epoch 29/50 iter 1600/1860 loss=0.6682 mean_loss=0.7250 classification=0.0011, bbox_regression=0.0458, bbox_ctrness=0.6213
epoch 29/50 iter 1620/1860 loss=0.6574 mean_loss=0.7257 classification=0.0120, bbox_regression=0.0514, bbox_ctrness=0.5941
epoch 29/50 iter 1640/1860 loss=0.6897 mean_loss=0.7260 classification=0.0028, bbox_regression=0.0699, bbox_ctrness=0.6170
epoch 29/50 iter 1660/1860 loss=1.0655 mean_loss=0.7262 classification=0.2367, bbox_regression=0.1994, bbox_ctrness=0.6294
epoch 29/50 iter 1680/1860 loss=0.6941 mean_loss=0.7262 classification=0.0176, bbox_regression=0.0813, bbox_ctrness=0.5951
epoch 29/50 iter 1700/1860 loss=0.7649 mean_loss=0.7258 classification=0.0723, bbox_regression=0.0890, bbox_ctrness=0.6036
epoch 29/50 iter 1720/1860 loss=0.6925 mean_loss=0.7257 classification=0.0281, bbox_regression=0.0648, bbox_ctrness=0.5995
epoch 29/50 iter 1740/1860 loss=0.6758 mean_loss=0.7260 classification=0.0164, bbox_regression=0.0526, bbox_ctrness=0.6068
epoch 29/50 iter 1760/1860 loss=0.6695 mean_loss=0.7260 classification=0.0052, bbox_regression=0.0654, bbox_ctrness=0.5988
epoch 29/50 iter 1780/1860 loss=0.9245 mean_loss=0.7257 classification=0.1608, bbox_regression=0.1561, bbox_ctrness=0.6076
epoch 29/50 iter 1800/1860 loss=0.9437 mean_loss=0.7255 classification=0.1888, bbox_regression=0.1465, bbox_ctrness=0.6085
epoch 29/50 iter 1820/1860 loss=0.6486 mean_loss=0.7256 classification=0.0051, bbox_regression=0.0514, bbox_ctrness=0.5922
epoch 29/50 iter 1840/1860 loss=0.7760 mean_loss=0.7260 classification=0.0682, bbox_regression=0.0879, bbox_ctrness=0.6200
epoch 29/50 iter 1860/1860 loss=0.7092 mean_loss=0.7255 classification=0.0314, bbox_regression=0.0538, bbox_ctrness=0.6239
epoch 29 validation Precision=0.6063 Recall=0.9374 AP50=0.9156 AP75=0.8389 eval_fps=21.31 epoch_time_sec=873.2
saved checkpoint: E:\RepViT-main\runs\v48_complete_ablation\training\early_moddrop_seed2\weights\last.pt
epoch 30/50 iter 1/1860 loss=0.7952 mean_loss=0.7952 classification=0.1026, bbox_regression=0.0987, bbox_ctrness=0.5938
epoch 30/50 iter 20/1860 loss=0.6621 mean_loss=0.7090 classification=0.0207, bbox_regression=0.0557, bbox_ctrness=0.5857
epoch 30/50 iter 40/1860 loss=0.6674 mean_loss=0.7175 classification=0.0208, bbox_regression=0.0408, bbox_ctrness=0.6058
epoch 30/50 iter 60/1860 loss=0.9562 mean_loss=0.7333 classification=0.2229, bbox_regression=0.1186, bbox_ctrness=0.6147
epoch 30/50 iter 80/1860 loss=0.6762 mean_loss=0.7241 classification=0.0338, bbox_regression=0.0516, bbox_ctrness=0.5908
epoch 30/50 iter 100/1860 loss=0.6611 mean_loss=0.7244 classification=0.0209, bbox_regression=0.0545, bbox_ctrness=0.5857
epoch 30/50 iter 120/1860 loss=0.6914 mean_loss=0.7184 classification=0.0255, bbox_regression=0.0667, bbox_ctrness=0.5991
epoch 30/50 iter 140/1860 loss=0.6706 mean_loss=0.7140 classification=0.0110, bbox_regression=0.0540, bbox_ctrness=0.6056
epoch 30/50 iter 160/1860 loss=0.8281 mean_loss=0.7183 classification=0.1164, bbox_regression=0.1048, bbox_ctrness=0.6068
epoch 30/50 iter 180/1860 loss=0.7782 mean_loss=0.7185 classification=0.0457, bbox_regression=0.1196, bbox_ctrness=0.6129
epoch 30/50 iter 200/1860 loss=0.6408 mean_loss=0.7173 classification=0.0064, bbox_regression=0.0572, bbox_ctrness=0.5771
epoch 30/50 iter 220/1860 loss=0.6720 mean_loss=0.7163 classification=0.0251, bbox_regression=0.0538, bbox_ctrness=0.5931
epoch 30/50 iter 240/1860 loss=0.6614 mean_loss=0.7170 classification=0.0076, bbox_regression=0.0685, bbox_ctrness=0.5854
epoch 30/50 iter 260/1860 loss=0.6481 mean_loss=0.7174 classification=0.0087, bbox_regression=0.0439, bbox_ctrness=0.5956
epoch 30/50 iter 280/1860 loss=0.7145 mean_loss=0.7172 classification=0.0202, bbox_regression=0.0961, bbox_ctrness=0.5982
epoch 30/50 iter 300/1860 loss=1.0537 mean_loss=0.7196 classification=0.2525, bbox_regression=0.1898, bbox_ctrness=0.6113
epoch 30/50 iter 320/1860 loss=0.6605 mean_loss=0.7206 classification=0.0131, bbox_regression=0.0486, bbox_ctrness=0.5988
epoch 30/50 iter 340/1860 loss=0.7284 mean_loss=0.7228 classification=0.0601, bbox_regression=0.0783, bbox_ctrness=0.5900
epoch 30/50 iter 360/1860 loss=0.6905 mean_loss=0.7220 classification=0.0137, bbox_regression=0.0722, bbox_ctrness=0.6046
epoch 30/50 iter 380/1860 loss=0.6971 mean_loss=0.7206 classification=0.0385, bbox_regression=0.0782, bbox_ctrness=0.5804
epoch 30/50 iter 400/1860 loss=1.2731 mean_loss=0.7208 classification=0.4142, bbox_regression=0.2274, bbox_ctrness=0.6315
epoch 30/50 iter 420/1860 loss=0.6649 mean_loss=0.7204 classification=0.0168, bbox_regression=0.0596, bbox_ctrness=0.5885
epoch 30/50 iter 440/1860 loss=0.6966 mean_loss=0.7203 classification=0.0296, bbox_regression=0.0661, bbox_ctrness=0.6010
epoch 30/50 iter 460/1860 loss=0.6725 mean_loss=0.7202 classification=0.0083, bbox_regression=0.0625, bbox_ctrness=0.6016
epoch 30/50 iter 480/1860 loss=0.7604 mean_loss=0.7195 classification=0.0537, bbox_regression=0.0986, bbox_ctrness=0.6081
epoch 30/50 iter 500/1860 loss=0.6654 mean_loss=0.7183 classification=0.0098, bbox_regression=0.0694, bbox_ctrness=0.5862
epoch 30/50 iter 520/1860 loss=0.6637 mean_loss=0.7180 classification=0.0083, bbox_regression=0.0689, bbox_ctrness=0.5864
epoch 30/50 iter 540/1860 loss=0.7424 mean_loss=0.7189 classification=0.0576, bbox_regression=0.0874, bbox_ctrness=0.5974
epoch 30/50 iter 560/1860 loss=0.6650 mean_loss=0.7183 classification=0.0252, bbox_regression=0.0566, bbox_ctrness=0.5832
epoch 30/50 iter 580/1860 loss=0.8230 mean_loss=0.7184 classification=0.0909, bbox_regression=0.1153, bbox_ctrness=0.6168
epoch 30/50 iter 600/1860 loss=0.6926 mean_loss=0.7187 classification=0.0170, bbox_regression=0.0696, bbox_ctrness=0.6061
epoch 30/50 iter 620/1860 loss=0.6911 mean_loss=0.7181 classification=0.0317, bbox_regression=0.0646, bbox_ctrness=0.5949
epoch 30/50 iter 640/1860 loss=0.6968 mean_loss=0.7173 classification=0.0287, bbox_regression=0.0725, bbox_ctrness=0.5956
epoch 30/50 iter 660/1860 loss=0.9856 mean_loss=0.7169 classification=0.2078, bbox_regression=0.1688, bbox_ctrness=0.6090
epoch 30/50 iter 680/1860 loss=0.6790 mean_loss=0.7176 classification=0.0246, bbox_regression=0.0625, bbox_ctrness=0.5920
epoch 30/50 iter 700/1860 loss=0.6454 mean_loss=0.7174 classification=0.0153, bbox_regression=0.0447, bbox_ctrness=0.5854
epoch 30/50 iter 720/1860 loss=0.6795 mean_loss=0.7169 classification=0.0222, bbox_regression=0.0577, bbox_ctrness=0.5996
epoch 30/50 iter 740/1860 loss=0.6760 mean_loss=0.7170 classification=0.0209, bbox_regression=0.0600, bbox_ctrness=0.5951
epoch 30/50 iter 760/1860 loss=0.6752 mean_loss=0.7171 classification=0.0059, bbox_regression=0.0582, bbox_ctrness=0.6110
epoch 30/50 iter 780/1860 loss=0.6465 mean_loss=0.7169 classification=0.0045, bbox_regression=0.0468, bbox_ctrness=0.5952
epoch 30/50 iter 800/1860 loss=0.6463 mean_loss=0.7179 classification=0.0141, bbox_regression=0.0496, bbox_ctrness=0.5827
epoch 30/50 iter 820/1860 loss=0.6895 mean_loss=0.7186 classification=0.0381, bbox_regression=0.0644, bbox_ctrness=0.5870
epoch 30/50 iter 840/1860 loss=0.6639 mean_loss=0.7182 classification=0.0336, bbox_regression=0.0551, bbox_ctrness=0.5753
epoch 30/50 iter 860/1860 loss=0.7321 mean_loss=0.7180 classification=0.0511, bbox_regression=0.0725, bbox_ctrness=0.6085
epoch 30/50 iter 880/1860 loss=0.6799 mean_loss=0.7191 classification=0.0104, bbox_regression=0.0577, bbox_ctrness=0.6119
epoch 30/50 iter 900/1860 loss=0.7192 mean_loss=0.7188 classification=0.0360, bbox_regression=0.0877, bbox_ctrness=0.5955
epoch 30/50 iter 920/1860 loss=0.6869 mean_loss=0.7188 classification=0.0117, bbox_regression=0.0669, bbox_ctrness=0.6083
epoch 30/50 iter 940/1860 loss=0.6609 mean_loss=0.7198 classification=0.0190, bbox_regression=0.0505, bbox_ctrness=0.5914
epoch 30/50 iter 960/1860 loss=0.6658 mean_loss=0.7198 classification=0.0045, bbox_regression=0.0637, bbox_ctrness=0.5976
epoch 30/50 iter 980/1860 loss=0.6651 mean_loss=0.7201 classification=0.0090, bbox_regression=0.0570, bbox_ctrness=0.5991
epoch 30/50 iter 1000/1860 loss=0.7028 mean_loss=0.7196 classification=0.0251, bbox_regression=0.0750, bbox_ctrness=0.6028
epoch 30/50 iter 1020/1860 loss=0.7747 mean_loss=0.7204 classification=0.0774, bbox_regression=0.1067, bbox_ctrness=0.5906
epoch 30/50 iter 1040/1860 loss=0.6926 mean_loss=0.7210 classification=0.0291, bbox_regression=0.0569, bbox_ctrness=0.6067
epoch 30/50 iter 1060/1860 loss=0.7915 mean_loss=0.7207 classification=0.0409, bbox_regression=0.1411, bbox_ctrness=0.6094
epoch 30/50 iter 1080/1860 loss=0.6647 mean_loss=0.7207 classification=0.0067, bbox_regression=0.0571, bbox_ctrness=0.6009
epoch 30/50 iter 1100/1860 loss=0.6464 mean_loss=0.7201 classification=0.0033, bbox_regression=0.0577, bbox_ctrness=0.5854
epoch 30/50 iter 1120/1860 loss=0.7822 mean_loss=0.7200 classification=0.0701, bbox_regression=0.1057, bbox_ctrness=0.6064
epoch 30/50 iter 1140/1860 loss=0.6827 mean_loss=0.7201 classification=0.0307, bbox_regression=0.0572, bbox_ctrness=0.5949
epoch 30/50 iter 1160/1860 loss=0.6899 mean_loss=0.7200 classification=0.0181, bbox_regression=0.0668, bbox_ctrness=0.6051
epoch 30/50 iter 1180/1860 loss=0.6715 mean_loss=0.7200 classification=0.0272, bbox_regression=0.0550, bbox_ctrness=0.5892
epoch 30/50 iter 1200/1860 loss=0.6632 mean_loss=0.7196 classification=0.0086, bbox_regression=0.0637, bbox_ctrness=0.5908
epoch 30/50 iter 1220/1860 loss=0.6765 mean_loss=0.7193 classification=0.0242, bbox_regression=0.0626, bbox_ctrness=0.5897
epoch 30/50 iter 1240/1860 loss=0.6596 mean_loss=0.7191 classification=0.0036, bbox_regression=0.0465, bbox_ctrness=0.6095
epoch 30/50 iter 1260/1860 loss=0.6921 mean_loss=0.7195 classification=0.0188, bbox_regression=0.0716, bbox_ctrness=0.6017
epoch 30/50 iter 1280/1860 loss=0.6538 mean_loss=0.7192 classification=0.0077, bbox_regression=0.0529, bbox_ctrness=0.5931
epoch 30/50 iter 1300/1860 loss=0.7148 mean_loss=0.7195 classification=0.0345, bbox_regression=0.0757, bbox_ctrness=0.6046
epoch 30/50 iter 1320/1860 loss=0.6812 mean_loss=0.7196 classification=0.0191, bbox_regression=0.0691, bbox_ctrness=0.5930
epoch 30/50 iter 1340/1860 loss=0.7170 mean_loss=0.7197 classification=0.0343, bbox_regression=0.0858, bbox_ctrness=0.5969
epoch 30/50 iter 1360/1860 loss=0.7023 mean_loss=0.7203 classification=0.0273, bbox_regression=0.0724, bbox_ctrness=0.6025
epoch 30/50 iter 1380/1860 loss=0.7986 mean_loss=0.7204 classification=0.0745, bbox_regression=0.1173, bbox_ctrness=0.6068
epoch 30/50 iter 1400/1860 loss=0.6867 mean_loss=0.7201 classification=0.0185, bbox_regression=0.0569, bbox_ctrness=0.6113
epoch 30/50 iter 1420/1860 loss=0.6644 mean_loss=0.7201 classification=0.0136, bbox_regression=0.0573, bbox_ctrness=0.5935
epoch 30/50 iter 1440/1860 loss=0.7195 mean_loss=0.7206 classification=0.0426, bbox_regression=0.0799, bbox_ctrness=0.5971
epoch 30/50 iter 1460/1860 loss=0.7372 mean_loss=0.7206 classification=0.0463, bbox_regression=0.0902, bbox_ctrness=0.6007
epoch 30/50 iter 1480/1860 loss=0.6933 mean_loss=0.7208 classification=0.0205, bbox_regression=0.0743, bbox_ctrness=0.5985
epoch 30/50 iter 1500/1860 loss=0.7474 mean_loss=0.7215 classification=0.0765, bbox_regression=0.0576, bbox_ctrness=0.6134
epoch 30/50 iter 1520/1860 loss=0.6618 mean_loss=0.7215 classification=0.0101, bbox_regression=0.0463, bbox_ctrness=0.6054
epoch 30/50 iter 1540/1860 loss=0.7754 mean_loss=0.7219 classification=0.0753, bbox_regression=0.1036, bbox_ctrness=0.5965
epoch 30/50 iter 1560/1860 loss=0.7708 mean_loss=0.7218 classification=0.0658, bbox_regression=0.1051, bbox_ctrness=0.5999
epoch 30/50 iter 1580/1860 loss=0.6921 mean_loss=0.7220 classification=0.0330, bbox_regression=0.0628, bbox_ctrness=0.5964
epoch 30/50 iter 1600/1860 loss=0.7668 mean_loss=0.7218 classification=0.0743, bbox_regression=0.0913, bbox_ctrness=0.6012
epoch 30/50 iter 1620/1860 loss=0.6873 mean_loss=0.7214 classification=0.0188, bbox_regression=0.0592, bbox_ctrness=0.6093
epoch 30/50 iter 1640/1860 loss=0.6598 mean_loss=0.7212 classification=0.0054, bbox_regression=0.0457, bbox_ctrness=0.6087
epoch 30/50 iter 1660/1860 loss=0.7029 mean_loss=0.7211 classification=0.0197, bbox_regression=0.0775, bbox_ctrness=0.6057
epoch 30/50 iter 1680/1860 loss=0.6874 mean_loss=0.7207 classification=0.0196, bbox_regression=0.0787, bbox_ctrness=0.5891
epoch 30/50 iter 1700/1860 loss=0.6853 mean_loss=0.7206 classification=0.0181, bbox_regression=0.0643, bbox_ctrness=0.6030
epoch 30/50 iter 1720/1860 loss=0.6753 mean_loss=0.7208 classification=0.0147, bbox_regression=0.0739, bbox_ctrness=0.5867
epoch 30/50 iter 1740/1860 loss=0.6848 mean_loss=0.7208 classification=0.0334, bbox_regression=0.0686, bbox_ctrness=0.5827
epoch 30/50 iter 1760/1860 loss=0.7626 mean_loss=0.7206 classification=0.0641, bbox_regression=0.0920, bbox_ctrness=0.6065
epoch 30/50 iter 1780/1860 loss=0.6707 mean_loss=0.7203 classification=0.0090, bbox_regression=0.0748, bbox_ctrness=0.5870
epoch 30/50 iter 1800/1860 loss=0.8596 mean_loss=0.7207 classification=0.1079, bbox_regression=0.1445, bbox_ctrness=0.6071
epoch 30/50 iter 1820/1860 loss=0.6572 mean_loss=0.7206 classification=0.0049, bbox_regression=0.0532, bbox_ctrness=0.5991
epoch 30/50 iter 1840/1860 loss=0.7133 mean_loss=0.7211 classification=0.0258, bbox_regression=0.0808, bbox_ctrness=0.6068
epoch 30/50 iter 1860/1860 loss=0.7790 mean_loss=0.7212 classification=0.0406, bbox_regression=0.1170, bbox_ctrness=0.6214
epoch 30 validation Precision=0.5992 Recall=0.9439 AP50=0.9203 AP75=0.8387 eval_fps=21.59 epoch_time_sec=878.5
saved checkpoint: E:\RepViT-main\runs\v48_complete_ablation\training\early_moddrop_seed2\weights\last.pt
epoch 31/50 iter 1/1860 loss=0.8028 mean_loss=0.8028 classification=0.0918, bbox_regression=0.1080, bbox_ctrness=0.6030
epoch 31/50 iter 20/1860 loss=0.6808 mean_loss=0.7217 classification=0.0192, bbox_regression=0.0601, bbox_ctrness=0.6015
epoch 31/50 iter 40/1860 loss=0.6725 mean_loss=0.7133 classification=0.0104, bbox_regression=0.0655, bbox_ctrness=0.5966
epoch 31/50 iter 60/1860 loss=1.0466 mean_loss=0.7267 classification=0.1840, bbox_regression=0.2215, bbox_ctrness=0.6410
epoch 31/50 iter 80/1860 loss=0.6560 mean_loss=0.7190 classification=0.0142, bbox_regression=0.0553, bbox_ctrness=0.5866
epoch 31/50 iter 100/1860 loss=0.6745 mean_loss=0.7132 classification=0.0084, bbox_regression=0.0627, bbox_ctrness=0.6034
epoch 31/50 iter 120/1860 loss=0.6694 mean_loss=0.7099 classification=0.0085, bbox_regression=0.0626, bbox_ctrness=0.5983
epoch 31/50 iter 140/1860 loss=0.6512 mean_loss=0.7118 classification=0.0055, bbox_regression=0.0537, bbox_ctrness=0.5920
epoch 31/50 iter 160/1860 loss=0.6797 mean_loss=0.7096 classification=0.0148, bbox_regression=0.0649, bbox_ctrness=0.6000
epoch 31/50 iter 180/1860 loss=0.6927 mean_loss=0.7127 classification=0.0183, bbox_regression=0.0588, bbox_ctrness=0.6155
epoch 31/50 iter 200/1860 loss=0.6567 mean_loss=0.7151 classification=0.0033, bbox_regression=0.0496, bbox_ctrness=0.6037
epoch 31/50 iter 220/1860 loss=0.6982 mean_loss=0.7162 classification=0.0197, bbox_regression=0.0637, bbox_ctrness=0.6148
epoch 31/50 iter 240/1860 loss=0.7556 mean_loss=0.7162 classification=0.0580, bbox_regression=0.1003, bbox_ctrness=0.5973
epoch 31/50 iter 260/1860 loss=0.6750 mean_loss=0.7153 classification=0.0068, bbox_regression=0.0576, bbox_ctrness=0.6106
epoch 31/50 iter 280/1860 loss=0.7564 mean_loss=0.7155 classification=0.0293, bbox_regression=0.1005, bbox_ctrness=0.6266
epoch 31/50 iter 300/1860 loss=0.6284 mean_loss=0.7155 classification=0.0031, bbox_regression=0.0565, bbox_ctrness=0.5688
epoch 31/50 iter 320/1860 loss=0.8348 mean_loss=0.7147 classification=0.0822, bbox_regression=0.1267, bbox_ctrness=0.6259
epoch 31/50 iter 340/1860 loss=0.6883 mean_loss=0.7175 classification=0.0154, bbox_regression=0.0704, bbox_ctrness=0.6026
epoch 31/50 iter 360/1860 loss=0.9468 mean_loss=0.7195 classification=0.1856, bbox_regression=0.1604, bbox_ctrness=0.6008
epoch 31/50 iter 380/1860 loss=0.7291 mean_loss=0.7208 classification=0.0449, bbox_regression=0.0896, bbox_ctrness=0.5945
epoch 31/50 iter 400/1860 loss=0.6635 mean_loss=0.7208 classification=0.0124, bbox_regression=0.0532, bbox_ctrness=0.5978
epoch 31/50 iter 420/1860 loss=0.6740 mean_loss=0.7216 classification=0.0106, bbox_regression=0.0605, bbox_ctrness=0.6029
epoch 31/50 iter 440/1860 loss=0.6951 mean_loss=0.7211 classification=0.0218, bbox_regression=0.0711, bbox_ctrness=0.6023
epoch 31/50 iter 460/1860 loss=0.7253 mean_loss=0.7207 classification=0.0143, bbox_regression=0.0905, bbox_ctrness=0.6205
epoch 31/50 iter 480/1860 loss=0.6485 mean_loss=0.7220 classification=0.0066, bbox_regression=0.0512, bbox_ctrness=0.5907
epoch 31/50 iter 500/1860 loss=0.6985 mean_loss=0.7226 classification=0.0284, bbox_regression=0.0620, bbox_ctrness=0.6081
epoch 31/50 iter 520/1860 loss=0.6729 mean_loss=0.7222 classification=0.0078, bbox_regression=0.0602, bbox_ctrness=0.6049
epoch 31/50 iter 540/1860 loss=0.6715 mean_loss=0.7225 classification=0.0199, bbox_regression=0.0576, bbox_ctrness=0.5939
epoch 31/50 iter 560/1860 loss=0.9498 mean_loss=0.7225 classification=0.1506, bbox_regression=0.1698, bbox_ctrness=0.6293
epoch 31/50 iter 580/1860 loss=0.6782 mean_loss=0.7223 classification=0.0166, bbox_regression=0.0697, bbox_ctrness=0.5918
epoch 31/50 iter 600/1860 loss=0.6794 mean_loss=0.7225 classification=0.0183, bbox_regression=0.0668, bbox_ctrness=0.5943
epoch 31/50 iter 620/1860 loss=0.6912 mean_loss=0.7227 classification=0.0306, bbox_regression=0.0615, bbox_ctrness=0.5991
epoch 31/50 iter 640/1860 loss=0.6781 mean_loss=0.7224 classification=0.0032, bbox_regression=0.0712, bbox_ctrness=0.6037
epoch 31/50 iter 660/1860 loss=0.6721 mean_loss=0.7222 classification=0.0029, bbox_regression=0.0730, bbox_ctrness=0.5962
epoch 31/50 iter 680/1860 loss=0.7077 mean_loss=0.7218 classification=0.0459, bbox_regression=0.0713, bbox_ctrness=0.5905
epoch 31/50 iter 700/1860 loss=0.6602 mean_loss=0.7215 classification=0.0263, bbox_regression=0.0441, bbox_ctrness=0.5898
epoch 31/50 iter 720/1860 loss=0.6534 mean_loss=0.7204 classification=0.0101, bbox_regression=0.0562, bbox_ctrness=0.5870
epoch 31/50 iter 740/1860 loss=0.7112 mean_loss=0.7218 classification=0.0268, bbox_regression=0.0732, bbox_ctrness=0.6113
epoch 31/50 iter 760/1860 loss=0.6740 mean_loss=0.7216 classification=0.0154, bbox_regression=0.0562, bbox_ctrness=0.6025
epoch 31/50 iter 780/1860 loss=0.6955 mean_loss=0.7226 classification=0.0113, bbox_regression=0.0687, bbox_ctrness=0.6155
epoch 31/50 iter 800/1860 loss=0.6664 mean_loss=0.7230 classification=0.0045, bbox_regression=0.0572, bbox_ctrness=0.6047
epoch 31/50 iter 820/1860 loss=0.6895 mean_loss=0.7232 classification=0.0190, bbox_regression=0.0623, bbox_ctrness=0.6082
epoch 31/50 iter 840/1860 loss=0.7620 mean_loss=0.7247 classification=0.0600, bbox_regression=0.1088, bbox_ctrness=0.5932
epoch 31/50 iter 860/1860 loss=0.7845 mean_loss=0.7252 classification=0.0843, bbox_regression=0.0946, bbox_ctrness=0.6056
epoch 31/50 iter 880/1860 loss=0.6769 mean_loss=0.7254 classification=0.0112, bbox_regression=0.0567, bbox_ctrness=0.6090
epoch 31/50 iter 900/1860 loss=0.6800 mean_loss=0.7254 classification=0.0219, bbox_regression=0.0672, bbox_ctrness=0.5910
epoch 31/50 iter 920/1860 loss=0.7018 mean_loss=0.7247 classification=0.0213, bbox_regression=0.0735, bbox_ctrness=0.6070
epoch 31/50 iter 940/1860 loss=0.6524 mean_loss=0.7251 classification=0.0022, bbox_regression=0.0460, bbox_ctrness=0.6041
epoch 31/50 iter 960/1860 loss=0.7433 mean_loss=0.7252 classification=0.0376, bbox_regression=0.0921, bbox_ctrness=0.6136
epoch 31/50 iter 980/1860 loss=0.6589 mean_loss=0.7254 classification=0.0045, bbox_regression=0.0487, bbox_ctrness=0.6056
epoch 31/50 iter 1000/1860 loss=0.6447 mean_loss=0.7252 classification=0.0071, bbox_regression=0.0343, bbox_ctrness=0.6033
epoch 31/50 iter 1020/1860 loss=0.6969 mean_loss=0.7245 classification=0.0185, bbox_regression=0.0590, bbox_ctrness=0.6194
epoch 31/50 iter 1040/1860 loss=0.6560 mean_loss=0.7239 classification=0.0018, bbox_regression=0.0439, bbox_ctrness=0.6102
epoch 31/50 iter 1060/1860 loss=0.8031 mean_loss=0.7235 classification=0.1035, bbox_regression=0.1061, bbox_ctrness=0.5935
epoch 31/50 iter 1080/1860 loss=0.6730 mean_loss=0.7233 classification=0.0262, bbox_regression=0.0539, bbox_ctrness=0.5929
epoch 31/50 iter 1100/1860 loss=0.9170 mean_loss=0.7235 classification=0.1395, bbox_regression=0.1662, bbox_ctrness=0.6113
epoch 31/50 iter 1120/1860 loss=0.6462 mean_loss=0.7238 classification=0.0154, bbox_regression=0.0545, bbox_ctrness=0.5763
epoch 31/50 iter 1140/1860 loss=0.7201 mean_loss=0.7243 classification=0.0442, bbox_regression=0.0720, bbox_ctrness=0.6039
epoch 31/50 iter 1160/1860 loss=0.6677 mean_loss=0.7241 classification=0.0155, bbox_regression=0.0648, bbox_ctrness=0.5874
epoch 31/50 iter 1180/1860 loss=0.6817 mean_loss=0.7245 classification=0.0259, bbox_regression=0.0545, bbox_ctrness=0.6013
epoch 31/50 iter 1200/1860 loss=0.6730 mean_loss=0.7245 classification=0.0062, bbox_regression=0.0642, bbox_ctrness=0.6026
epoch 31/50 iter 1220/1860 loss=0.6653 mean_loss=0.7243 classification=0.0053, bbox_regression=0.0624, bbox_ctrness=0.5975
epoch 31/50 iter 1240/1860 loss=0.7046 mean_loss=0.7239 classification=0.0333, bbox_regression=0.0627, bbox_ctrness=0.6086
epoch 31/50 iter 1260/1860 loss=0.8019 mean_loss=0.7233 classification=0.0734, bbox_regression=0.1150, bbox_ctrness=0.6135
epoch 31/50 iter 1280/1860 loss=0.6805 mean_loss=0.7230 classification=0.0028, bbox_regression=0.0582, bbox_ctrness=0.6195
epoch 31/50 iter 1300/1860 loss=0.6687 mean_loss=0.7233 classification=0.0131, bbox_regression=0.0577, bbox_ctrness=0.5978
epoch 31/50 iter 1320/1860 loss=0.6948 mean_loss=0.7232 classification=0.0280, bbox_regression=0.0705, bbox_ctrness=0.5963
epoch 31/50 iter 1340/1860 loss=0.6634 mean_loss=0.7237 classification=0.0015, bbox_regression=0.0500, bbox_ctrness=0.6119
epoch 31/50 iter 1360/1860 loss=0.6416 mean_loss=0.7231 classification=0.0099, bbox_regression=0.0463, bbox_ctrness=0.5854
epoch 31/50 iter 1380/1860 loss=0.6705 mean_loss=0.7230 classification=0.0067, bbox_regression=0.0603, bbox_ctrness=0.6035
epoch 31/50 iter 1400/1860 loss=0.6748 mean_loss=0.7229 classification=0.0045, bbox_regression=0.0572, bbox_ctrness=0.6131
epoch 31/50 iter 1420/1860 loss=0.6648 mean_loss=0.7231 classification=0.0077, bbox_regression=0.0474, bbox_ctrness=0.6097
epoch 31/50 iter 1440/1860 loss=0.7047 mean_loss=0.7239 classification=0.0218, bbox_regression=0.0808, bbox_ctrness=0.6021
epoch 31/50 iter 1460/1860 loss=0.6589 mean_loss=0.7242 classification=0.0092, bbox_regression=0.0521, bbox_ctrness=0.5976
epoch 31/50 iter 1480/1860 loss=0.6896 mean_loss=0.7238 classification=0.0095, bbox_regression=0.0776, bbox_ctrness=0.6025
epoch 31/50 iter 1500/1860 loss=0.8209 mean_loss=0.7233 classification=0.0845, bbox_regression=0.1269, bbox_ctrness=0.6095
epoch 31/50 iter 1520/1860 loss=0.8353 mean_loss=0.7230 classification=0.1137, bbox_regression=0.1108, bbox_ctrness=0.6108
epoch 31/50 iter 1540/1860 loss=0.8289 mean_loss=0.7226 classification=0.1134, bbox_regression=0.1159, bbox_ctrness=0.5995
epoch 31/50 iter 1560/1860 loss=0.6646 mean_loss=0.7227 classification=0.0062, bbox_regression=0.0465, bbox_ctrness=0.6119
epoch 31/50 iter 1580/1860 loss=0.6644 mean_loss=0.7224 classification=0.0101, bbox_regression=0.0555, bbox_ctrness=0.5988
epoch 31/50 iter 1600/1860 loss=0.8241 mean_loss=0.7222 classification=0.0865, bbox_regression=0.1048, bbox_ctrness=0.6329
epoch 31/50 iter 1620/1860 loss=0.6826 mean_loss=0.7219 classification=0.0147, bbox_regression=0.0699, bbox_ctrness=0.5980
epoch 31/50 iter 1640/1860 loss=0.8170 mean_loss=0.7223 classification=0.0948, bbox_regression=0.1210, bbox_ctrness=0.6012
epoch 31/50 iter 1660/1860 loss=0.6435 mean_loss=0.7226 classification=0.0076, bbox_regression=0.0325, bbox_ctrness=0.6034
epoch 31/50 iter 1680/1860 loss=0.6654 mean_loss=0.7228 classification=0.0124, bbox_regression=0.0542, bbox_ctrness=0.5987
epoch 31/50 iter 1700/1860 loss=1.0554 mean_loss=0.7233 classification=0.2459, bbox_regression=0.2051, bbox_ctrness=0.6044
epoch 31/50 iter 1720/1860 loss=0.6814 mean_loss=0.7234 classification=0.0383, bbox_regression=0.0554, bbox_ctrness=0.5877
epoch 31/50 iter 1740/1860 loss=0.6797 mean_loss=0.7234 classification=0.0114, bbox_regression=0.0665, bbox_ctrness=0.6018
epoch 31/50 iter 1760/1860 loss=0.6531 mean_loss=0.7231 classification=0.0087, bbox_regression=0.0462, bbox_ctrness=0.5982
epoch 31/50 iter 1780/1860 loss=0.6993 mean_loss=0.7235 classification=0.0180, bbox_regression=0.0782, bbox_ctrness=0.6031
epoch 31/50 iter 1800/1860 loss=0.7919 mean_loss=0.7238 classification=0.0930, bbox_regression=0.0916, bbox_ctrness=0.6073
epoch 31/50 iter 1820/1860 loss=0.6935 mean_loss=0.7241 classification=0.0148, bbox_regression=0.0784, bbox_ctrness=0.6003
epoch 31/50 iter 1840/1860 loss=0.7835 mean_loss=0.7239 classification=0.0643, bbox_regression=0.1188, bbox_ctrness=0.6005
epoch 31/50 iter 1860/1860 loss=0.8904 mean_loss=0.7240 classification=0.0988, bbox_regression=0.1630, bbox_ctrness=0.6286
epoch 31 validation Precision=0.6384 Recall=0.9342 AP50=0.9113 AP75=0.8293 eval_fps=21.80 epoch_time_sec=872.5
saved checkpoint: E:\RepViT-main\runs\v48_complete_ablation\training\early_moddrop_seed2\weights\last.pt
epoch 32/50 iter 1/1860 loss=0.8286 mean_loss=0.8286 classification=0.1098, bbox_regression=0.0980, bbox_ctrness=0.6208
epoch 32/50 iter 20/1860 loss=0.6592 mean_loss=0.7015 classification=0.0107, bbox_regression=0.0544, bbox_ctrness=0.5941
epoch 32/50 iter 40/1860 loss=0.6885 mean_loss=0.7024 classification=0.0038, bbox_regression=0.0563, bbox_ctrness=0.6284
epoch 32/50 iter 60/1860 loss=0.6521 mean_loss=0.7077 classification=0.0020, bbox_regression=0.0396, bbox_ctrness=0.6104
epoch 32/50 iter 80/1860 loss=0.6705 mean_loss=0.7087 classification=0.0055, bbox_regression=0.0551, bbox_ctrness=0.6100
epoch 32/50 iter 100/1860 loss=0.6617 mean_loss=0.7095 classification=0.0145, bbox_regression=0.0564, bbox_ctrness=0.5908
epoch 32/50 iter 120/1860 loss=0.6747 mean_loss=0.7092 classification=0.0089, bbox_regression=0.0661, bbox_ctrness=0.5997
epoch 32/50 iter 140/1860 loss=0.8550 mean_loss=0.7091 classification=0.1283, bbox_regression=0.1245, bbox_ctrness=0.6022
epoch 32/50 iter 160/1860 loss=0.6791 mean_loss=0.7146 classification=0.0185, bbox_regression=0.0575, bbox_ctrness=0.6032
epoch 32/50 iter 180/1860 loss=0.6655 mean_loss=0.7158 classification=0.0038, bbox_regression=0.0505, bbox_ctrness=0.6112
epoch 32/50 iter 200/1860 loss=0.7961 mean_loss=0.7176 classification=0.0992, bbox_regression=0.1050, bbox_ctrness=0.5919
epoch 32/50 iter 220/1860 loss=0.6713 mean_loss=0.7172 classification=0.0043, bbox_regression=0.0510, bbox_ctrness=0.6160
epoch 32/50 iter 240/1860 loss=0.6684 mean_loss=0.7204 classification=0.0083, bbox_regression=0.0570, bbox_ctrness=0.6031
epoch 32/50 iter 260/1860 loss=0.6565 mean_loss=0.7197 classification=0.0070, bbox_regression=0.0467, bbox_ctrness=0.6028
epoch 32/50 iter 280/1860 loss=0.6994 mean_loss=0.7208 classification=0.0495, bbox_regression=0.0692, bbox_ctrness=0.5808
epoch 32/50 iter 300/1860 loss=0.7538 mean_loss=0.7213 classification=0.0369, bbox_regression=0.0977, bbox_ctrness=0.6191
epoch 32/50 iter 320/1860 loss=0.6531 mean_loss=0.7223 classification=0.0112, bbox_regression=0.0632, bbox_ctrness=0.5786
epoch 32/50 iter 340/1860 loss=0.6467 mean_loss=0.7226 classification=0.0205, bbox_regression=0.0407, bbox_ctrness=0.5856
epoch 32/50 iter 360/1860 loss=0.7449 mean_loss=0.7219 classification=0.0412, bbox_regression=0.0936, bbox_ctrness=0.6101
epoch 32/50 iter 380/1860 loss=0.7006 mean_loss=0.7235 classification=0.0279, bbox_regression=0.0666, bbox_ctrness=0.6061
epoch 32/50 iter 400/1860 loss=0.6922 mean_loss=0.7235 classification=0.0259, bbox_regression=0.0671, bbox_ctrness=0.5992
epoch 32/50 iter 420/1860 loss=0.6866 mean_loss=0.7236 classification=0.0178, bbox_regression=0.0618, bbox_ctrness=0.6071
epoch 32/50 iter 440/1860 loss=0.6737 mean_loss=0.7259 classification=0.0135, bbox_regression=0.0472, bbox_ctrness=0.6130
epoch 32/50 iter 460/1860 loss=0.6630 mean_loss=0.7245 classification=0.0111, bbox_regression=0.0598, bbox_ctrness=0.5922
epoch 32/50 iter 480/1860 loss=0.7472 mean_loss=0.7237 classification=0.0637, bbox_regression=0.0972, bbox_ctrness=0.5864
epoch 32/50 iter 500/1860 loss=0.6697 mean_loss=0.7231 classification=0.0085, bbox_regression=0.0556, bbox_ctrness=0.6055
epoch 32/50 iter 520/1860 loss=0.6593 mean_loss=0.7229 classification=0.0103, bbox_regression=0.0569, bbox_ctrness=0.5920
epoch 32/50 iter 540/1860 loss=0.6460 mean_loss=0.7229 classification=0.0013, bbox_regression=0.0465, bbox_ctrness=0.5983
epoch 32/50 iter 560/1860 loss=0.7466 mean_loss=0.7220 classification=0.0675, bbox_regression=0.0939, bbox_ctrness=0.5852
epoch 32/50 iter 580/1860 loss=0.7386 mean_loss=0.7221 classification=0.0451, bbox_regression=0.1033, bbox_ctrness=0.5902
epoch 32/50 iter 600/1860 loss=0.7721 mean_loss=0.7214 classification=0.0419, bbox_regression=0.1141, bbox_ctrness=0.6160
epoch 32/50 iter 620/1860 loss=0.6374 mean_loss=0.7225 classification=0.0052, bbox_regression=0.0482, bbox_ctrness=0.5840
epoch 32/50 iter 640/1860 loss=0.6630 mean_loss=0.7216 classification=0.0048, bbox_regression=0.0527, bbox_ctrness=0.6054
epoch 32/50 iter 660/1860 loss=0.6420 mean_loss=0.7208 classification=0.0054, bbox_regression=0.0540, bbox_ctrness=0.5826
epoch 32/50 iter 680/1860 loss=0.8130 mean_loss=0.7209 classification=0.0966, bbox_regression=0.1204, bbox_ctrness=0.5960
epoch 32/50 iter 700/1860 loss=0.6464 mean_loss=0.7197 classification=0.0156, bbox_regression=0.0571, bbox_ctrness=0.5737
epoch 32/50 iter 720/1860 loss=0.7284 mean_loss=0.7187 classification=0.0255, bbox_regression=0.0944, bbox_ctrness=0.6085
epoch 32/50 iter 740/1860 loss=0.6526 mean_loss=0.7189 classification=0.0142, bbox_regression=0.0610, bbox_ctrness=0.5774
epoch 32/50 iter 760/1860 loss=0.6731 mean_loss=0.7181 classification=0.0414, bbox_regression=0.0545, bbox_ctrness=0.5771
epoch 32/50 iter 780/1860 loss=0.6560 mean_loss=0.7176 classification=0.0045, bbox_regression=0.0457, bbox_ctrness=0.6058
epoch 32/50 iter 800/1860 loss=0.7424 mean_loss=0.7174 classification=0.0395, bbox_regression=0.1038, bbox_ctrness=0.5992
epoch 32/50 iter 820/1860 loss=0.6763 mean_loss=0.7178 classification=0.0209, bbox_regression=0.0588, bbox_ctrness=0.5965
epoch 32/50 iter 840/1860 loss=0.7034 mean_loss=0.7183 classification=0.0429, bbox_regression=0.0739, bbox_ctrness=0.5866
epoch 32/50 iter 860/1860 loss=0.8364 mean_loss=0.7184 classification=0.1406, bbox_regression=0.0932, bbox_ctrness=0.6026
epoch 32/50 iter 880/1860 loss=0.7394 mean_loss=0.7185 classification=0.0326, bbox_regression=0.0910, bbox_ctrness=0.6159
epoch 32/50 iter 900/1860 loss=0.7597 mean_loss=0.7186 classification=0.0661, bbox_regression=0.0855, bbox_ctrness=0.6081
epoch 32/50 iter 920/1860 loss=0.8232 mean_loss=0.7182 classification=0.1019, bbox_regression=0.1137, bbox_ctrness=0.6076
epoch 32/50 iter 940/1860 loss=0.6601 mean_loss=0.7185 classification=0.0012, bbox_regression=0.0620, bbox_ctrness=0.5969
epoch 32/50 iter 960/1860 loss=0.6645 mean_loss=0.7183 classification=0.0075, bbox_regression=0.0429, bbox_ctrness=0.6141
epoch 32/50 iter 980/1860 loss=0.6777 mean_loss=0.7182 classification=0.0217, bbox_regression=0.0604, bbox_ctrness=0.5956
epoch 32/50 iter 1000/1860 loss=0.7063 mean_loss=0.7172 classification=0.0167, bbox_regression=0.0843, bbox_ctrness=0.6053
epoch 32/50 iter 1020/1860 loss=0.7659 mean_loss=0.7168 classification=0.0965, bbox_regression=0.0805, bbox_ctrness=0.5890
epoch 32/50 iter 1040/1860 loss=0.7250 mean_loss=0.7166 classification=0.0531, bbox_regression=0.0609, bbox_ctrness=0.6109
epoch 32/50 iter 1060/1860 loss=0.7861 mean_loss=0.7164 classification=0.0570, bbox_regression=0.1122, bbox_ctrness=0.6168
epoch 32/50 iter 1080/1860 loss=0.6826 mean_loss=0.7166 classification=0.0061, bbox_regression=0.0507, bbox_ctrness=0.6257
epoch 32/50 iter 1100/1860 loss=0.6617 mean_loss=0.7164 classification=0.0181, bbox_regression=0.0679, bbox_ctrness=0.5756
epoch 32/50 iter 1120/1860 loss=0.6829 mean_loss=0.7167 classification=0.0320, bbox_regression=0.0447, bbox_ctrness=0.6062
epoch 32/50 iter 1140/1860 loss=0.7448 mean_loss=0.7179 classification=0.0720, bbox_regression=0.0764, bbox_ctrness=0.5964
epoch 32/50 iter 1160/1860 loss=0.6804 mean_loss=0.7178 classification=0.0153, bbox_regression=0.0649, bbox_ctrness=0.6002
epoch 32/50 iter 1180/1860 loss=0.7716 mean_loss=0.7177 classification=0.0708, bbox_regression=0.0821, bbox_ctrness=0.6187
epoch 32/50 iter 1200/1860 loss=0.6606 mean_loss=0.7174 classification=0.0208, bbox_regression=0.0513, bbox_ctrness=0.5885
epoch 32/50 iter 1220/1860 loss=0.7134 mean_loss=0.7172 classification=0.0440, bbox_regression=0.0633, bbox_ctrness=0.6061
epoch 32/50 iter 1240/1860 loss=0.6656 mean_loss=0.7167 classification=0.0053, bbox_regression=0.0576, bbox_ctrness=0.6026
epoch 32/50 iter 1260/1860 loss=1.0373 mean_loss=0.7169 classification=0.1846, bbox_regression=0.2400, bbox_ctrness=0.6128
epoch 32/50 iter 1280/1860 loss=0.8355 mean_loss=0.7167 classification=0.0954, bbox_regression=0.1348, bbox_ctrness=0.6054
epoch 32/50 iter 1300/1860 loss=0.7607 mean_loss=0.7166 classification=0.0719, bbox_regression=0.0934, bbox_ctrness=0.5953
epoch 32/50 iter 1320/1860 loss=0.6617 mean_loss=0.7172 classification=0.0147, bbox_regression=0.0578, bbox_ctrness=0.5892
epoch 32/50 iter 1340/1860 loss=0.6619 mean_loss=0.7171 classification=0.0101, bbox_regression=0.0504, bbox_ctrness=0.6014
epoch 32/50 iter 1360/1860 loss=0.6382 mean_loss=0.7172 classification=0.0036, bbox_regression=0.0436, bbox_ctrness=0.5910
epoch 32/50 iter 1380/1860 loss=0.6693 mean_loss=0.7171 classification=0.0174, bbox_regression=0.0506, bbox_ctrness=0.6013
epoch 32/50 iter 1400/1860 loss=0.6651 mean_loss=0.7168 classification=0.0045, bbox_regression=0.0630, bbox_ctrness=0.5976
epoch 32/50 iter 1420/1860 loss=0.7177 mean_loss=0.7168 classification=0.0274, bbox_regression=0.0689, bbox_ctrness=0.6214
epoch 32/50 iter 1440/1860 loss=0.7459 mean_loss=0.7171 classification=0.0428, bbox_regression=0.0911, bbox_ctrness=0.6119
epoch 32/50 iter 1460/1860 loss=0.6632 mean_loss=0.7171 classification=0.0092, bbox_regression=0.0637, bbox_ctrness=0.5903
epoch 32/50 iter 1480/1860 loss=0.6723 mean_loss=0.7169 classification=0.0203, bbox_regression=0.0555, bbox_ctrness=0.5966
epoch 32/50 iter 1500/1860 loss=0.6518 mean_loss=0.7168 classification=0.0132, bbox_regression=0.0443, bbox_ctrness=0.5943
epoch 32/50 iter 1520/1860 loss=0.8019 mean_loss=0.7174 classification=0.0709, bbox_regression=0.1238, bbox_ctrness=0.6073
epoch 32/50 iter 1540/1860 loss=0.6817 mean_loss=0.7177 classification=0.0147, bbox_regression=0.0526, bbox_ctrness=0.6144
epoch 32/50 iter 1560/1860 loss=0.6832 mean_loss=0.7178 classification=0.0220, bbox_regression=0.0727, bbox_ctrness=0.5885
epoch 32/50 iter 1580/1860 loss=0.7275 mean_loss=0.7178 classification=0.0301, bbox_regression=0.0937, bbox_ctrness=0.6037
epoch 32/50 iter 1600/1860 loss=0.7267 mean_loss=0.7177 classification=0.0466, bbox_regression=0.0724, bbox_ctrness=0.6076
epoch 32/50 iter 1620/1860 loss=0.6684 mean_loss=0.7176 classification=0.0122, bbox_regression=0.0526, bbox_ctrness=0.6036
epoch 32/50 iter 1640/1860 loss=0.6580 mean_loss=0.7181 classification=0.0172, bbox_regression=0.0577, bbox_ctrness=0.5831
epoch 32/50 iter 1660/1860 loss=0.9846 mean_loss=0.7179 classification=0.1952, bbox_regression=0.1716, bbox_ctrness=0.6178
epoch 32/50 iter 1680/1860 loss=0.7577 mean_loss=0.7179 classification=0.0611, bbox_regression=0.0788, bbox_ctrness=0.6179
epoch 32/50 iter 1700/1860 loss=0.6839 mean_loss=0.7178 classification=0.0401, bbox_regression=0.0548, bbox_ctrness=0.5889
epoch 32/50 iter 1720/1860 loss=0.7121 mean_loss=0.7176 classification=0.0618, bbox_regression=0.0693, bbox_ctrness=0.5811
epoch 32/50 iter 1740/1860 loss=0.6834 mean_loss=0.7174 classification=0.0194, bbox_regression=0.0686, bbox_ctrness=0.5954
epoch 32/50 iter 1760/1860 loss=0.7542 mean_loss=0.7178 classification=0.0630, bbox_regression=0.0904, bbox_ctrness=0.6008
epoch 32/50 iter 1780/1860 loss=0.6453 mean_loss=0.7179 classification=0.0095, bbox_regression=0.0563, bbox_ctrness=0.5796
epoch 32/50 iter 1800/1860 loss=0.6566 mean_loss=0.7182 classification=0.0102, bbox_regression=0.0620, bbox_ctrness=0.5845
epoch 32/50 iter 1820/1860 loss=0.6872 mean_loss=0.7181 classification=0.0167, bbox_regression=0.0676, bbox_ctrness=0.6029
epoch 32/50 iter 1840/1860 loss=0.8696 mean_loss=0.7184 classification=0.1073, bbox_regression=0.1407, bbox_ctrness=0.6216
epoch 32/50 iter 1860/1860 loss=0.6617 mean_loss=0.7184 classification=0.0103, bbox_regression=0.0571, bbox_ctrness=0.5943
epoch 32 validation Precision=0.6592 Recall=0.9402 AP50=0.9192 AP75=0.8302 eval_fps=22.99 epoch_time_sec=858.0
saved checkpoint: E:\RepViT-main\runs\v48_complete_ablation\training\early_moddrop_seed2\weights\last.pt
epoch 33/50 iter 1/1860 loss=0.7634 mean_loss=0.7634 classification=0.0544, bbox_regression=0.1147, bbox_ctrness=0.5943
epoch 33/50 iter 20/1860 loss=0.6450 mean_loss=0.7132 classification=0.0124, bbox_regression=0.0413, bbox_ctrness=0.5913
epoch 33/50 iter 40/1860 loss=0.7009 mean_loss=0.7046 classification=0.0331, bbox_regression=0.0648, bbox_ctrness=0.6030
epoch 33/50 iter 60/1860 loss=0.6917 mean_loss=0.7075 classification=0.0455, bbox_regression=0.0667, bbox_ctrness=0.5794
epoch 33/50 iter 80/1860 loss=0.7464 mean_loss=0.7116 classification=0.0569, bbox_regression=0.0915, bbox_ctrness=0.5980
epoch 33/50 iter 100/1860 loss=0.7907 mean_loss=0.7148 classification=0.0402, bbox_regression=0.1321, bbox_ctrness=0.6184
epoch 33/50 iter 120/1860 loss=0.6643 mean_loss=0.7136 classification=0.0080, bbox_regression=0.0530, bbox_ctrness=0.6033
epoch 33/50 iter 140/1860 loss=0.7113 mean_loss=0.7114 classification=0.0325, bbox_regression=0.0809, bbox_ctrness=0.5979
epoch 33/50 iter 160/1860 loss=0.7441 mean_loss=0.7101 classification=0.0601, bbox_regression=0.0917, bbox_ctrness=0.5924
epoch 33/50 iter 180/1860 loss=0.8011 mean_loss=0.7145 classification=0.0664, bbox_regression=0.1165, bbox_ctrness=0.6182
epoch 33/50 iter 200/1860 loss=0.6432 mean_loss=0.7149 classification=0.0094, bbox_regression=0.0492, bbox_ctrness=0.5846
epoch 33/50 iter 220/1860 loss=0.7268 mean_loss=0.7183 classification=0.0505, bbox_regression=0.0670, bbox_ctrness=0.6093
epoch 33/50 iter 240/1860 loss=0.6996 mean_loss=0.7170 classification=0.0057, bbox_regression=0.0797, bbox_ctrness=0.6142
epoch 33/50 iter 260/1860 loss=0.6497 mean_loss=0.7164 classification=0.0014, bbox_regression=0.0572, bbox_ctrness=0.5911
epoch 33/50 iter 280/1860 loss=0.8214 mean_loss=0.7192 classification=0.1030, bbox_regression=0.1155, bbox_ctrness=0.6029
epoch 33/50 iter 300/1860 loss=0.8708 mean_loss=0.7202 classification=0.1237, bbox_regression=0.1162, bbox_ctrness=0.6309
epoch 33/50 iter 320/1860 loss=0.9231 mean_loss=0.7202 classification=0.1676, bbox_regression=0.1367, bbox_ctrness=0.6188
epoch 33/50 iter 340/1860 loss=0.6832 mean_loss=0.7201 classification=0.0283, bbox_regression=0.0616, bbox_ctrness=0.5933
epoch 33/50 iter 360/1860 loss=0.7007 mean_loss=0.7193 classification=0.0464, bbox_regression=0.0555, bbox_ctrness=0.5988
epoch 33/50 iter 380/1860 loss=0.8143 mean_loss=0.7192 classification=0.1449, bbox_regression=0.0748, bbox_ctrness=0.5946
epoch 33/50 iter 400/1860 loss=0.6463 mean_loss=0.7192 classification=0.0048, bbox_regression=0.0480, bbox_ctrness=0.5935
epoch 33/50 iter 420/1860 loss=0.6612 mean_loss=0.7184 classification=0.0138, bbox_regression=0.0516, bbox_ctrness=0.5958
epoch 33/50 iter 440/1860 loss=0.6790 mean_loss=0.7183 classification=0.0078, bbox_regression=0.0609, bbox_ctrness=0.6104
epoch 33/50 iter 460/1860 loss=0.6553 mean_loss=0.7193 classification=0.0074, bbox_regression=0.0483, bbox_ctrness=0.5996
epoch 33/50 iter 480/1860 loss=0.8127 mean_loss=0.7191 classification=0.1212, bbox_regression=0.1065, bbox_ctrness=0.5851
epoch 33/50 iter 500/1860 loss=0.6619 mean_loss=0.7194 classification=0.0177, bbox_regression=0.0516, bbox_ctrness=0.5927
epoch 33/50 iter 520/1860 loss=0.7511 mean_loss=0.7188 classification=0.0607, bbox_regression=0.0714, bbox_ctrness=0.6190
epoch 33/50 iter 540/1860 loss=0.7226 mean_loss=0.7189 classification=0.0230, bbox_regression=0.0927, bbox_ctrness=0.6068
epoch 33/50 iter 560/1860 loss=0.6673 mean_loss=0.7186 classification=0.0031, bbox_regression=0.0553, bbox_ctrness=0.6089
epoch 33/50 iter 580/1860 loss=0.6597 mean_loss=0.7188 classification=0.0056, bbox_regression=0.0584, bbox_ctrness=0.5957
epoch 33/50 iter 600/1860 loss=0.6379 mean_loss=0.7190 classification=0.0083, bbox_regression=0.0450, bbox_ctrness=0.5847
epoch 33/50 iter 620/1860 loss=0.9698 mean_loss=0.7209 classification=0.2448, bbox_regression=0.1212, bbox_ctrness=0.6038
epoch 33/50 iter 640/1860 loss=0.6539 mean_loss=0.7220 classification=0.0090, bbox_regression=0.0429, bbox_ctrness=0.6020
epoch 33/50 iter 660/1860 loss=0.6659 mean_loss=0.7218 classification=0.0299, bbox_regression=0.0452, bbox_ctrness=0.5907
epoch 33/50 iter 680/1860 loss=0.6587 mean_loss=0.7212 classification=0.0093, bbox_regression=0.0574, bbox_ctrness=0.5920
epoch 33/50 iter 700/1860 loss=0.7832 mean_loss=0.7214 classification=0.0760, bbox_regression=0.1022, bbox_ctrness=0.6049
epoch 33/50 iter 720/1860 loss=0.6706 mean_loss=0.7214 classification=0.0158, bbox_regression=0.0483, bbox_ctrness=0.6064
epoch 33/50 iter 740/1860 loss=0.7467 mean_loss=0.7224 classification=0.0544, bbox_regression=0.0933, bbox_ctrness=0.5989
epoch 33/50 iter 760/1860 loss=0.6776 mean_loss=0.7226 classification=0.0289, bbox_regression=0.0520, bbox_ctrness=0.5967
epoch 33/50 iter 780/1860 loss=0.6609 mean_loss=0.7230 classification=0.0039, bbox_regression=0.0411, bbox_ctrness=0.6160
epoch 33/50 iter 800/1860 loss=1.3469 mean_loss=0.7236 classification=0.3898, bbox_regression=0.3219, bbox_ctrness=0.6352
epoch 33/50 iter 820/1860 loss=0.8739 mean_loss=0.7236 classification=0.1387, bbox_regression=0.1203, bbox_ctrness=0.6149
epoch 33/50 iter 840/1860 loss=0.6350 mean_loss=0.7232 classification=0.0077, bbox_regression=0.0482, bbox_ctrness=0.5792
epoch 33/50 iter 860/1860 loss=0.6999 mean_loss=0.7225 classification=0.0214, bbox_regression=0.0554, bbox_ctrness=0.6231
epoch 33/50 iter 880/1860 loss=0.7649 mean_loss=0.7222 classification=0.0617, bbox_regression=0.0947, bbox_ctrness=0.6084
epoch 33/50 iter 900/1860 loss=0.6760 mean_loss=0.7222 classification=0.0096, bbox_regression=0.0712, bbox_ctrness=0.5953
epoch 33/50 iter 920/1860 loss=0.6913 mean_loss=0.7228 classification=0.0172, bbox_regression=0.0567, bbox_ctrness=0.6173
epoch 33/50 iter 940/1860 loss=0.7381 mean_loss=0.7232 classification=0.0490, bbox_regression=0.0972, bbox_ctrness=0.5919
epoch 33/50 iter 960/1860 loss=0.8713 mean_loss=0.7229 classification=0.0508, bbox_regression=0.1732, bbox_ctrness=0.6473
epoch 33/50 iter 980/1860 loss=0.6751 mean_loss=0.7228 classification=0.0094, bbox_regression=0.0653, bbox_ctrness=0.6004
epoch 33/50 iter 1000/1860 loss=0.6783 mean_loss=0.7224 classification=0.0236, bbox_regression=0.0681, bbox_ctrness=0.5865
epoch 33/50 iter 1020/1860 loss=0.6640 mean_loss=0.7217 classification=0.0035, bbox_regression=0.0532, bbox_ctrness=0.6072
epoch 33/50 iter 1040/1860 loss=0.6997 mean_loss=0.7218 classification=0.0142, bbox_regression=0.0784, bbox_ctrness=0.6070
epoch 33/50 iter 1060/1860 loss=0.6663 mean_loss=0.7218 classification=0.0220, bbox_regression=0.0496, bbox_ctrness=0.5946
epoch 33/50 iter 1080/1860 loss=0.6531 mean_loss=0.7217 classification=0.0103, bbox_regression=0.0610, bbox_ctrness=0.5818
epoch 33/50 iter 1100/1860 loss=0.6640 mean_loss=0.7219 classification=0.0101, bbox_regression=0.0518, bbox_ctrness=0.6021
epoch 33/50 iter 1120/1860 loss=0.6795 mean_loss=0.7216 classification=0.0205, bbox_regression=0.0534, bbox_ctrness=0.6056
epoch 33/50 iter 1140/1860 loss=0.6988 mean_loss=0.7211 classification=0.0016, bbox_regression=0.0809, bbox_ctrness=0.6163
epoch 33/50 iter 1160/1860 loss=0.6651 mean_loss=0.7208 classification=0.0118, bbox_regression=0.0628, bbox_ctrness=0.5905
epoch 33/50 iter 1180/1860 loss=0.6948 mean_loss=0.7210 classification=0.0031, bbox_regression=0.0888, bbox_ctrness=0.6028
epoch 33/50 iter 1200/1860 loss=0.6927 mean_loss=0.7205 classification=0.0084, bbox_regression=0.0698, bbox_ctrness=0.6144
epoch 33/50 iter 1220/1860 loss=0.7070 mean_loss=0.7205 classification=0.0412, bbox_regression=0.0819, bbox_ctrness=0.5840
epoch 33/50 iter 1240/1860 loss=0.6485 mean_loss=0.7204 classification=0.0066, bbox_regression=0.0450, bbox_ctrness=0.5969
epoch 33/50 iter 1260/1860 loss=0.6644 mean_loss=0.7203 classification=0.0156, bbox_regression=0.0526, bbox_ctrness=0.5962
epoch 33/50 iter 1280/1860 loss=0.6678 mean_loss=0.7199 classification=0.0044, bbox_regression=0.0645, bbox_ctrness=0.5989
epoch 33/50 iter 1300/1860 loss=0.7796 mean_loss=0.7205 classification=0.0734, bbox_regression=0.1114, bbox_ctrness=0.5948
epoch 33/50 iter 1320/1860 loss=0.6517 mean_loss=0.7202 classification=0.0007, bbox_regression=0.0432, bbox_ctrness=0.6078
epoch 33/50 iter 1340/1860 loss=0.6540 mean_loss=0.7202 classification=0.0053, bbox_regression=0.0458, bbox_ctrness=0.6029
epoch 33/50 iter 1360/1860 loss=0.7368 mean_loss=0.7204 classification=0.0424, bbox_regression=0.0742, bbox_ctrness=0.6202
epoch 33/50 iter 1380/1860 loss=0.6841 mean_loss=0.7202 classification=0.0197, bbox_regression=0.0534, bbox_ctrness=0.6110
epoch 33/50 iter 1400/1860 loss=0.6647 mean_loss=0.7204 classification=0.0139, bbox_regression=0.0529, bbox_ctrness=0.5979
epoch 33/50 iter 1420/1860 loss=0.6714 mean_loss=0.7199 classification=0.0091, bbox_regression=0.0599, bbox_ctrness=0.6024
epoch 33/50 iter 1440/1860 loss=0.6612 mean_loss=0.7199 classification=0.0059, bbox_regression=0.0554, bbox_ctrness=0.5999
epoch 33/50 iter 1460/1860 loss=0.6987 mean_loss=0.7203 classification=0.0083, bbox_regression=0.0787, bbox_ctrness=0.6116
epoch 33/50 iter 1480/1860 loss=0.8211 mean_loss=0.7206 classification=0.1023, bbox_regression=0.1193, bbox_ctrness=0.5994
epoch 33/50 iter 1500/1860 loss=0.6702 mean_loss=0.7204 classification=0.0293, bbox_regression=0.0548, bbox_ctrness=0.5861
epoch 33/50 iter 1520/1860 loss=0.6950 mean_loss=0.7206 classification=0.0208, bbox_regression=0.0745, bbox_ctrness=0.5996
epoch 33/50 iter 1540/1860 loss=0.8281 mean_loss=0.7209 classification=0.0979, bbox_regression=0.1302, bbox_ctrness=0.6000
epoch 33/50 iter 1560/1860 loss=0.6477 mean_loss=0.7206 classification=0.0044, bbox_regression=0.0522, bbox_ctrness=0.5911
epoch 33/50 iter 1580/1860 loss=0.6732 mean_loss=0.7207 classification=0.0184, bbox_regression=0.0559, bbox_ctrness=0.5989
epoch 33/50 iter 1600/1860 loss=0.7638 mean_loss=0.7205 classification=0.0392, bbox_regression=0.1054, bbox_ctrness=0.6192
epoch 33/50 iter 1620/1860 loss=0.6554 mean_loss=0.7205 classification=0.0077, bbox_regression=0.0583, bbox_ctrness=0.5894
epoch 33/50 iter 1640/1860 loss=0.6899 mean_loss=0.7208 classification=0.0005, bbox_regression=0.0615, bbox_ctrness=0.6279
epoch 33/50 iter 1660/1860 loss=0.7582 mean_loss=0.7212 classification=0.0815, bbox_regression=0.0666, bbox_ctrness=0.6102
epoch 33/50 iter 1680/1860 loss=0.7533 mean_loss=0.7211 classification=0.0782, bbox_regression=0.0862, bbox_ctrness=0.5889
epoch 33/50 iter 1700/1860 loss=0.6799 mean_loss=0.7214 classification=0.0103, bbox_regression=0.0653, bbox_ctrness=0.6043
epoch 33/50 iter 1720/1860 loss=0.9410 mean_loss=0.7214 classification=0.1876, bbox_regression=0.1396, bbox_ctrness=0.6138
epoch 33/50 iter 1740/1860 loss=0.6993 mean_loss=0.7214 classification=0.0257, bbox_regression=0.0667, bbox_ctrness=0.6069
epoch 33/50 iter 1760/1860 loss=0.7209 mean_loss=0.7215 classification=0.0261, bbox_regression=0.0795, bbox_ctrness=0.6153
epoch 33/50 iter 1780/1860 loss=0.7025 mean_loss=0.7215 classification=0.0203, bbox_regression=0.0656, bbox_ctrness=0.6167
epoch 33/50 iter 1800/1860 loss=0.7131 mean_loss=0.7215 classification=0.0375, bbox_regression=0.0640, bbox_ctrness=0.6116
epoch 33/50 iter 1820/1860 loss=0.7651 mean_loss=0.7211 classification=0.0598, bbox_regression=0.0867, bbox_ctrness=0.6185
epoch 33/50 iter 1840/1860 loss=0.8825 mean_loss=0.7216 classification=0.1320, bbox_regression=0.1340, bbox_ctrness=0.6165
epoch 33/50 iter 1860/1860 loss=0.6501 mean_loss=0.7216 classification=0.0110, bbox_regression=0.0521, bbox_ctrness=0.5870
epoch 33 validation Precision=0.7182 Recall=0.9277 AP50=0.9091 AP75=0.8280 eval_fps=23.34 epoch_time_sec=840.7
saved checkpoint: E:\RepViT-main\runs\v48_complete_ablation\training\early_moddrop_seed2\weights\last.pt
epoch 34/50 iter 1/1860 loss=0.6948 mean_loss=0.6948 classification=0.0329, bbox_regression=0.0661, bbox_ctrness=0.5958
epoch 34/50 iter 20/1860 loss=0.8880 mean_loss=0.6895 classification=0.1538, bbox_regression=0.1189, bbox_ctrness=0.6153
epoch 34/50 iter 40/1860 loss=0.6562 mean_loss=0.7163 classification=0.0058, bbox_regression=0.0511, bbox_ctrness=0.5994
epoch 34/50 iter 60/1860 loss=0.6986 mean_loss=0.7253 classification=0.0376, bbox_regression=0.0718, bbox_ctrness=0.5891
epoch 34/50 iter 80/1860 loss=0.7307 mean_loss=0.7271 classification=0.0300, bbox_regression=0.0960, bbox_ctrness=0.6047
epoch 34/50 iter 100/1860 loss=0.6617 mean_loss=0.7250 classification=0.0164, bbox_regression=0.0515, bbox_ctrness=0.5938
epoch 34/50 iter 120/1860 loss=0.7038 mean_loss=0.7210 classification=0.0361, bbox_regression=0.0757, bbox_ctrness=0.5920
epoch 34/50 iter 140/1860 loss=0.6949 mean_loss=0.7188 classification=0.0479, bbox_regression=0.0508, bbox_ctrness=0.5961
epoch 34/50 iter 160/1860 loss=1.1006 mean_loss=0.7199 classification=0.2517, bbox_regression=0.2300, bbox_ctrness=0.6189
epoch 34/50 iter 180/1860 loss=0.6883 mean_loss=0.7174 classification=0.0151, bbox_regression=0.0620, bbox_ctrness=0.6112
epoch 34/50 iter 200/1860 loss=0.6586 mean_loss=0.7190 classification=0.0094, bbox_regression=0.0506, bbox_ctrness=0.5985
epoch 34/50 iter 220/1860 loss=0.6607 mean_loss=0.7176 classification=0.0124, bbox_regression=0.0388, bbox_ctrness=0.6095
epoch 34/50 iter 240/1860 loss=0.7997 mean_loss=0.7189 classification=0.0635, bbox_regression=0.1088, bbox_ctrness=0.6274
epoch 34/50 iter 260/1860 loss=0.6857 mean_loss=0.7214 classification=0.0240, bbox_regression=0.0473, bbox_ctrness=0.6144
epoch 34/50 iter 280/1860 loss=0.7045 mean_loss=0.7190 classification=0.0243, bbox_regression=0.0726, bbox_ctrness=0.6076
epoch 34/50 iter 300/1860 loss=0.6882 mean_loss=0.7183 classification=0.0202, bbox_regression=0.0633, bbox_ctrness=0.6047
epoch 34/50 iter 320/1860 loss=0.6707 mean_loss=0.7160 classification=0.0054, bbox_regression=0.0461, bbox_ctrness=0.6191
epoch 34/50 iter 340/1860 loss=0.7906 mean_loss=0.7166 classification=0.0903, bbox_regression=0.0892, bbox_ctrness=0.6110
epoch 34/50 iter 360/1860 loss=0.6907 mean_loss=0.7173 classification=0.0152, bbox_regression=0.0771, bbox_ctrness=0.5984
epoch 34/50 iter 380/1860 loss=0.6751 mean_loss=0.7182 classification=0.0189, bbox_regression=0.0603, bbox_ctrness=0.5959
epoch 34/50 iter 400/1860 loss=0.6531 mean_loss=0.7183 classification=0.0059, bbox_regression=0.0443, bbox_ctrness=0.6029
epoch 34/50 iter 420/1860 loss=0.7284 mean_loss=0.7197 classification=0.0222, bbox_regression=0.0884, bbox_ctrness=0.6178
epoch 34/50 iter 440/1860 loss=0.7844 mean_loss=0.7203 classification=0.0581, bbox_regression=0.1054, bbox_ctrness=0.6210
epoch 34/50 iter 460/1860 loss=0.6887 mean_loss=0.7207 classification=0.0117, bbox_regression=0.0610, bbox_ctrness=0.6160
epoch 34/50 iter 480/1860 loss=0.6460 mean_loss=0.7192 classification=0.0020, bbox_regression=0.0493, bbox_ctrness=0.5947
epoch 34/50 iter 500/1860 loss=0.6663 mean_loss=0.7193 classification=0.0097, bbox_regression=0.0630, bbox_ctrness=0.5936
epoch 34/50 iter 520/1860 loss=0.6550 mean_loss=0.7180 classification=0.0055, bbox_regression=0.0525, bbox_ctrness=0.5970
epoch 34/50 iter 540/1860 loss=0.6560 mean_loss=0.7185 classification=0.0199, bbox_regression=0.0546, bbox_ctrness=0.5815
epoch 34/50 iter 560/1860 loss=0.7052 mean_loss=0.7192 classification=0.0114, bbox_regression=0.0669, bbox_ctrness=0.6270
epoch 34/50 iter 580/1860 loss=0.8562 mean_loss=0.7203 classification=0.1245, bbox_regression=0.1222, bbox_ctrness=0.6095
epoch 34/50 iter 600/1860 loss=0.6730 mean_loss=0.7204 classification=0.0120, bbox_regression=0.0496, bbox_ctrness=0.6114
epoch 34/50 iter 620/1860 loss=0.6665 mean_loss=0.7207 classification=0.0109, bbox_regression=0.0648, bbox_ctrness=0.5907
epoch 34/50 iter 640/1860 loss=0.6731 mean_loss=0.7204 classification=0.0174, bbox_regression=0.0527, bbox_ctrness=0.6030
epoch 34/50 iter 660/1860 loss=0.8388 mean_loss=0.7218 classification=0.0923, bbox_regression=0.1342, bbox_ctrness=0.6123
epoch 34/50 iter 680/1860 loss=0.9754 mean_loss=0.7220 classification=0.2412, bbox_regression=0.1371, bbox_ctrness=0.5971
epoch 34/50 iter 700/1860 loss=0.6640 mean_loss=0.7220 classification=0.0110, bbox_regression=0.0655, bbox_ctrness=0.5874
epoch 34/50 iter 720/1860 loss=0.7320 mean_loss=0.7218 classification=0.0449, bbox_regression=0.0887, bbox_ctrness=0.5985
epoch 34/50 iter 740/1860 loss=0.6688 mean_loss=0.7219 classification=0.0088, bbox_regression=0.0701, bbox_ctrness=0.5899
epoch 34/50 iter 760/1860 loss=0.6539 mean_loss=0.7207 classification=0.0020, bbox_regression=0.0570, bbox_ctrness=0.5949
epoch 34/50 iter 780/1860 loss=0.7370 mean_loss=0.7203 classification=0.0511, bbox_regression=0.0962, bbox_ctrness=0.5897
epoch 34/50 iter 800/1860 loss=0.6392 mean_loss=0.7198 classification=0.0059, bbox_regression=0.0488, bbox_ctrness=0.5844
epoch 34/50 iter 820/1860 loss=0.7382 mean_loss=0.7195 classification=0.0421, bbox_regression=0.0892, bbox_ctrness=0.6069
epoch 34/50 iter 840/1860 loss=0.8756 mean_loss=0.7196 classification=0.1177, bbox_regression=0.1440, bbox_ctrness=0.6140
epoch 34/50 iter 860/1860 loss=0.7173 mean_loss=0.7196 classification=0.0479, bbox_regression=0.0873, bbox_ctrness=0.5821
epoch 34/50 iter 880/1860 loss=1.0414 mean_loss=0.7199 classification=0.2070, bbox_regression=0.2060, bbox_ctrness=0.6283
epoch 34/50 iter 900/1860 loss=0.6839 mean_loss=0.7196 classification=0.0096, bbox_regression=0.0650, bbox_ctrness=0.6093
epoch 34/50 iter 920/1860 loss=0.8010 mean_loss=0.7198 classification=0.1074, bbox_regression=0.1077, bbox_ctrness=0.5860
epoch 34/50 iter 940/1860 loss=0.6858 mean_loss=0.7208 classification=0.0208, bbox_regression=0.0586, bbox_ctrness=0.6064
epoch 34/50 iter 960/1860 loss=0.6582 mean_loss=0.7201 classification=0.0004, bbox_regression=0.0511, bbox_ctrness=0.6067
epoch 34/50 iter 980/1860 loss=0.6597 mean_loss=0.7196 classification=0.0063, bbox_regression=0.0523, bbox_ctrness=0.6011
epoch 34/50 iter 1000/1860 loss=0.6637 mean_loss=0.7194 classification=0.0053, bbox_regression=0.0678, bbox_ctrness=0.5907
epoch 34/50 iter 1020/1860 loss=0.8790 mean_loss=0.7191 classification=0.0859, bbox_regression=0.1600, bbox_ctrness=0.6331
epoch 34/50 iter 1040/1860 loss=0.8664 mean_loss=0.7189 classification=0.1328, bbox_regression=0.1238, bbox_ctrness=0.6097
epoch 34/50 iter 1060/1860 loss=0.7625 mean_loss=0.7199 classification=0.0647, bbox_regression=0.1002, bbox_ctrness=0.5977
epoch 34/50 iter 1080/1860 loss=0.6670 mean_loss=0.7199 classification=0.0040, bbox_regression=0.0613, bbox_ctrness=0.6017
epoch 34/50 iter 1100/1860 loss=0.6753 mean_loss=0.7197 classification=0.0135, bbox_regression=0.0531, bbox_ctrness=0.6087
epoch 34/50 iter 1120/1860 loss=0.7100 mean_loss=0.7200 classification=0.0212, bbox_regression=0.0763, bbox_ctrness=0.6126
epoch 34/50 iter 1140/1860 loss=0.9188 mean_loss=0.7203 classification=0.1785, bbox_regression=0.1349, bbox_ctrness=0.6053
epoch 34/50 iter 1160/1860 loss=0.6579 mean_loss=0.7198 classification=0.0104, bbox_regression=0.0478, bbox_ctrness=0.5996
epoch 34/50 iter 1180/1860 loss=0.6792 mean_loss=0.7199 classification=0.0141, bbox_regression=0.0543, bbox_ctrness=0.6108
epoch 34/50 iter 1200/1860 loss=0.6946 mean_loss=0.7195 classification=0.0240, bbox_regression=0.0611, bbox_ctrness=0.6095
epoch 34/50 iter 1220/1860 loss=0.6749 mean_loss=0.7191 classification=0.0184, bbox_regression=0.0603, bbox_ctrness=0.5963
epoch 34/50 iter 1240/1860 loss=0.6414 mean_loss=0.7186 classification=0.0098, bbox_regression=0.0581, bbox_ctrness=0.5735
epoch 34/50 iter 1260/1860 loss=0.6516 mean_loss=0.7183 classification=0.0066, bbox_regression=0.0363, bbox_ctrness=0.6087
epoch 34/50 iter 1280/1860 loss=0.6863 mean_loss=0.7182 classification=0.0121, bbox_regression=0.0675, bbox_ctrness=0.6068
epoch 34/50 iter 1300/1860 loss=1.0139 mean_loss=0.7183 classification=0.2187, bbox_regression=0.1828, bbox_ctrness=0.6124
epoch 34/50 iter 1320/1860 loss=0.6587 mean_loss=0.7180 classification=0.0081, bbox_regression=0.0513, bbox_ctrness=0.5993
epoch 34/50 iter 1340/1860 loss=0.7499 mean_loss=0.7177 classification=0.0697, bbox_regression=0.0846, bbox_ctrness=0.5956
epoch 34/50 iter 1360/1860 loss=0.8680 mean_loss=0.7185 classification=0.1628, bbox_regression=0.1007, bbox_ctrness=0.6045
epoch 34/50 iter 1380/1860 loss=0.6579 mean_loss=0.7183 classification=0.0102, bbox_regression=0.0410, bbox_ctrness=0.6067
epoch 34/50 iter 1400/1860 loss=0.7407 mean_loss=0.7181 classification=0.0620, bbox_regression=0.0738, bbox_ctrness=0.6049
epoch 34/50 iter 1420/1860 loss=0.6655 mean_loss=0.7183 classification=0.0170, bbox_regression=0.0517, bbox_ctrness=0.5968
epoch 34/50 iter 1440/1860 loss=0.6963 mean_loss=0.7182 classification=0.0442, bbox_regression=0.0599, bbox_ctrness=0.5922
epoch 34/50 iter 1460/1860 loss=0.6646 mean_loss=0.7186 classification=0.0112, bbox_regression=0.0539, bbox_ctrness=0.5995
epoch 34/50 iter 1480/1860 loss=0.8370 mean_loss=0.7194 classification=0.1070, bbox_regression=0.1201, bbox_ctrness=0.6099
epoch 34/50 iter 1500/1860 loss=0.8878 mean_loss=0.7192 classification=0.1494, bbox_regression=0.1431, bbox_ctrness=0.5953
epoch 34/50 iter 1520/1860 loss=0.6423 mean_loss=0.7191 classification=0.0092, bbox_regression=0.0437, bbox_ctrness=0.5894
epoch 34/50 iter 1540/1860 loss=0.6600 mean_loss=0.7187 classification=0.0044, bbox_regression=0.0524, bbox_ctrness=0.6033
epoch 34/50 iter 1560/1860 loss=0.7545 mean_loss=0.7186 classification=0.0471, bbox_regression=0.0929, bbox_ctrness=0.6146
epoch 34/50 iter 1580/1860 loss=0.7070 mean_loss=0.7186 classification=0.0415, bbox_regression=0.0597, bbox_ctrness=0.6058
epoch 34/50 iter 1600/1860 loss=0.7917 mean_loss=0.7189 classification=0.0875, bbox_regression=0.0991, bbox_ctrness=0.6052
epoch 34/50 iter 1620/1860 loss=0.6729 mean_loss=0.7187 classification=0.0041, bbox_regression=0.0646, bbox_ctrness=0.6041
epoch 34/50 iter 1640/1860 loss=0.7048 mean_loss=0.7186 classification=0.0370, bbox_regression=0.0516, bbox_ctrness=0.6162
epoch 34/50 iter 1660/1860 loss=0.6508 mean_loss=0.7188 classification=0.0068, bbox_regression=0.0448, bbox_ctrness=0.5991
epoch 34/50 iter 1680/1860 loss=0.6799 mean_loss=0.7194 classification=0.0312, bbox_regression=0.0546, bbox_ctrness=0.5940
epoch 34/50 iter 1700/1860 loss=0.6721 mean_loss=0.7194 classification=0.0229, bbox_regression=0.0587, bbox_ctrness=0.5906
epoch 34/50 iter 1720/1860 loss=0.9650 mean_loss=0.7194 classification=0.1456, bbox_regression=0.1945, bbox_ctrness=0.6249
epoch 34/50 iter 1740/1860 loss=0.7161 mean_loss=0.7194 classification=0.0326, bbox_regression=0.0899, bbox_ctrness=0.5936
epoch 34/50 iter 1760/1860 loss=0.7844 mean_loss=0.7192 classification=0.0955, bbox_regression=0.0719, bbox_ctrness=0.6169
epoch 34/50 iter 1780/1860 loss=0.6850 mean_loss=0.7195 classification=0.0129, bbox_regression=0.0754, bbox_ctrness=0.5967
epoch 34/50 iter 1800/1860 loss=0.7165 mean_loss=0.7195 classification=0.0487, bbox_regression=0.0744, bbox_ctrness=0.5934
epoch 34/50 iter 1820/1860 loss=0.6562 mean_loss=0.7194 classification=0.0098, bbox_regression=0.0444, bbox_ctrness=0.6021
epoch 34/50 iter 1840/1860 loss=0.6840 mean_loss=0.7192 classification=0.0249, bbox_regression=0.0552, bbox_ctrness=0.6039
epoch 34/50 iter 1860/1860 loss=0.6704 mean_loss=0.7189 classification=0.0021, bbox_regression=0.0486, bbox_ctrness=0.6197
epoch 34 validation Precision=0.6480 Recall=0.9392 AP50=0.9171 AP75=0.8341 eval_fps=22.91 epoch_time_sec=842.7
saved checkpoint: E:\RepViT-main\runs\v48_complete_ablation\training\early_moddrop_seed2\weights\last.pt
epoch 35/50 iter 1/1860 loss=0.6501 mean_loss=0.6501 classification=0.0039, bbox_regression=0.0544, bbox_ctrness=0.5918
epoch 35/50 iter 20/1860 loss=1.0153 mean_loss=0.7089 classification=0.3285, bbox_regression=0.0727, bbox_ctrness=0.6142
epoch 35/50 iter 40/1860 loss=0.6492 mean_loss=0.7137 classification=0.0107, bbox_regression=0.0411, bbox_ctrness=0.5974
epoch 35/50 iter 60/1860 loss=0.7094 mean_loss=0.7123 classification=0.0199, bbox_regression=0.0692, bbox_ctrness=0.6203
epoch 35/50 iter 80/1860 loss=0.7297 mean_loss=0.7172 classification=0.0311, bbox_regression=0.0799, bbox_ctrness=0.6187
epoch 35/50 iter 100/1860 loss=0.6786 mean_loss=0.7260 classification=0.0031, bbox_regression=0.0671, bbox_ctrness=0.6084
epoch 35/50 iter 120/1860 loss=0.8013 mean_loss=0.7212 classification=0.0761, bbox_regression=0.0952, bbox_ctrness=0.6300
epoch 35/50 iter 140/1860 loss=0.6475 mean_loss=0.7155 classification=0.0014, bbox_regression=0.0466, bbox_ctrness=0.5995
epoch 35/50 iter 160/1860 loss=0.7227 mean_loss=0.7153 classification=0.0671, bbox_regression=0.0760, bbox_ctrness=0.5796
epoch 35/50 iter 180/1860 loss=0.6638 mean_loss=0.7117 classification=0.0240, bbox_regression=0.0562, bbox_ctrness=0.5836
epoch 35/50 iter 200/1860 loss=0.6731 mean_loss=0.7108 classification=0.0038, bbox_regression=0.0484, bbox_ctrness=0.6209
epoch 35/50 iter 220/1860 loss=0.7454 mean_loss=0.7131 classification=0.0350, bbox_regression=0.1025, bbox_ctrness=0.6079
epoch 35/50 iter 240/1860 loss=0.6863 mean_loss=0.7116 classification=0.0122, bbox_regression=0.0523, bbox_ctrness=0.6218
epoch 35/50 iter 260/1860 loss=0.7385 mean_loss=0.7115 classification=0.0415, bbox_regression=0.1088, bbox_ctrness=0.5882
epoch 35/50 iter 280/1860 loss=0.6574 mean_loss=0.7130 classification=0.0047, bbox_regression=0.0520, bbox_ctrness=0.6006
epoch 35/50 iter 300/1860 loss=0.6607 mean_loss=0.7116 classification=0.0261, bbox_regression=0.0513, bbox_ctrness=0.5833
epoch 35/50 iter 320/1860 loss=0.8054 mean_loss=0.7098 classification=0.0898, bbox_regression=0.1205, bbox_ctrness=0.5951
epoch 35/50 iter 340/1860 loss=0.7375 mean_loss=0.7088 classification=0.0590, bbox_regression=0.0860, bbox_ctrness=0.5925
epoch 35/50 iter 360/1860 loss=0.6539 mean_loss=0.7108 classification=0.0149, bbox_regression=0.0687, bbox_ctrness=0.5703
epoch 35/50 iter 380/1860 loss=0.7315 mean_loss=0.7104 classification=0.0467, bbox_regression=0.0846, bbox_ctrness=0.6002
epoch 35/50 iter 400/1860 loss=0.7231 mean_loss=0.7112 classification=0.0333, bbox_regression=0.0690, bbox_ctrness=0.6207
epoch 35/50 iter 420/1860 loss=0.7413 mean_loss=0.7106 classification=0.0462, bbox_regression=0.0867, bbox_ctrness=0.6084
epoch 35/50 iter 440/1860 loss=0.6875 mean_loss=0.7111 classification=0.0316, bbox_regression=0.0483, bbox_ctrness=0.6075
epoch 35/50 iter 460/1860 loss=0.6452 mean_loss=0.7107 classification=0.0042, bbox_regression=0.0431, bbox_ctrness=0.5979
epoch 35/50 iter 480/1860 loss=0.7494 mean_loss=0.7107 classification=0.0765, bbox_regression=0.0891, bbox_ctrness=0.5838
epoch 35/50 iter 500/1860 loss=0.8240 mean_loss=0.7113 classification=0.0927, bbox_regression=0.1273, bbox_ctrness=0.6039
epoch 35/50 iter 520/1860 loss=0.6674 mean_loss=0.7106 classification=0.0054, bbox_regression=0.0581, bbox_ctrness=0.6039
epoch 35/50 iter 540/1860 loss=0.7725 mean_loss=0.7102 classification=0.1114, bbox_regression=0.0563, bbox_ctrness=0.6048
epoch 35/50 iter 560/1860 loss=0.7707 mean_loss=0.7094 classification=0.0644, bbox_regression=0.0929, bbox_ctrness=0.6135
epoch 35/50 iter 580/1860 loss=1.0108 mean_loss=0.7096 classification=0.2030, bbox_regression=0.1938, bbox_ctrness=0.6140
epoch 35/50 iter 600/1860 loss=0.7004 mean_loss=0.7091 classification=0.0222, bbox_regression=0.1012, bbox_ctrness=0.5770
epoch 35/50 iter 620/1860 loss=0.6679 mean_loss=0.7086 classification=0.0166, bbox_regression=0.0518, bbox_ctrness=0.5995
epoch 35/50 iter 640/1860 loss=0.6449 mean_loss=0.7090 classification=0.0107, bbox_regression=0.0469, bbox_ctrness=0.5873
epoch 35/50 iter 660/1860 loss=0.6789 mean_loss=0.7107 classification=0.0204, bbox_regression=0.0513, bbox_ctrness=0.6073
epoch 35/50 iter 680/1860 loss=0.6855 mean_loss=0.7113 classification=0.0256, bbox_regression=0.0707, bbox_ctrness=0.5892
epoch 35/50 iter 700/1860 loss=0.6739 mean_loss=0.7114 classification=0.0058, bbox_regression=0.0593, bbox_ctrness=0.6089
epoch 35/50 iter 720/1860 loss=0.7179 mean_loss=0.7121 classification=0.0291, bbox_regression=0.0930, bbox_ctrness=0.5958
epoch 35/50 iter 740/1860 loss=0.7075 mean_loss=0.7112 classification=0.0188, bbox_regression=0.0796, bbox_ctrness=0.6091
epoch 35/50 iter 760/1860 loss=0.6489 mean_loss=0.7111 classification=0.0055, bbox_regression=0.0444, bbox_ctrness=0.5990
epoch 35/50 iter 780/1860 loss=0.7063 mean_loss=0.7110 classification=0.0207, bbox_regression=0.0852, bbox_ctrness=0.6004
epoch 35/50 iter 800/1860 loss=0.7226 mean_loss=0.7109 classification=0.0378, bbox_regression=0.0870, bbox_ctrness=0.5978
epoch 35/50 iter 820/1860 loss=0.7007 mean_loss=0.7108 classification=0.0177, bbox_regression=0.0731, bbox_ctrness=0.6099
epoch 35/50 iter 840/1860 loss=0.6534 mean_loss=0.7111 classification=0.0103, bbox_regression=0.0514, bbox_ctrness=0.5918
epoch 35/50 iter 860/1860 loss=0.6673 mean_loss=0.7121 classification=0.0085, bbox_regression=0.0505, bbox_ctrness=0.6082
epoch 35/50 iter 880/1860 loss=0.6580 mean_loss=0.7118 classification=0.0019, bbox_regression=0.0578, bbox_ctrness=0.5984
epoch 35/50 iter 900/1860 loss=0.7603 mean_loss=0.7125 classification=0.1250, bbox_regression=0.0436, bbox_ctrness=0.5917
epoch 35/50 iter 920/1860 loss=0.6684 mean_loss=0.7124 classification=0.0112, bbox_regression=0.0611, bbox_ctrness=0.5962
epoch 35/50 iter 940/1860 loss=0.7003 mean_loss=0.7129 classification=0.0239, bbox_regression=0.0729, bbox_ctrness=0.6035
epoch 35/50 iter 960/1860 loss=0.7050 mean_loss=0.7132 classification=0.0146, bbox_regression=0.0671, bbox_ctrness=0.6232
epoch 35/50 iter 980/1860 loss=0.6722 mean_loss=0.7129 classification=0.0042, bbox_regression=0.0503, bbox_ctrness=0.6177
epoch 35/50 iter 1000/1860 loss=0.7253 mean_loss=0.7134 classification=0.0243, bbox_regression=0.0925, bbox_ctrness=0.6085
epoch 35/50 iter 1020/1860 loss=0.6816 mean_loss=0.7132 classification=0.0239, bbox_regression=0.0653, bbox_ctrness=0.5924
epoch 35/50 iter 1040/1860 loss=0.6922 mean_loss=0.7130 classification=0.0185, bbox_regression=0.0608, bbox_ctrness=0.6128
epoch 35/50 iter 1060/1860 loss=0.8273 mean_loss=0.7136 classification=0.1073, bbox_regression=0.1208, bbox_ctrness=0.5992
epoch 35/50 iter 1080/1860 loss=0.7107 mean_loss=0.7138 classification=0.0173, bbox_regression=0.0757, bbox_ctrness=0.6177
epoch 35/50 iter 1100/1860 loss=0.7210 mean_loss=0.7136 classification=0.0497, bbox_regression=0.0778, bbox_ctrness=0.5935
epoch 35/50 iter 1120/1860 loss=0.6561 mean_loss=0.7133 classification=0.0110, bbox_regression=0.0487, bbox_ctrness=0.5963
epoch 35/50 iter 1140/1860 loss=0.6782 mean_loss=0.7138 classification=0.0295, bbox_regression=0.0613, bbox_ctrness=0.5874
epoch 35/50 iter 1160/1860 loss=0.6992 mean_loss=0.7145 classification=0.0279, bbox_regression=0.0758, bbox_ctrness=0.5955
epoch 35/50 iter 1180/1860 loss=0.6447 mean_loss=0.7144 classification=0.0121, bbox_regression=0.0475, bbox_ctrness=0.5851
epoch 35/50 iter 1200/1860 loss=0.6655 mean_loss=0.7138 classification=0.0185, bbox_regression=0.0477, bbox_ctrness=0.5994
epoch 35/50 iter 1220/1860 loss=0.8323 mean_loss=0.7137 classification=0.1039, bbox_regression=0.1256, bbox_ctrness=0.6029
epoch 35/50 iter 1240/1860 loss=0.6924 mean_loss=0.7137 classification=0.0238, bbox_regression=0.0817, bbox_ctrness=0.5869
epoch 35/50 iter 1260/1860 loss=0.6725 mean_loss=0.7140 classification=0.0186, bbox_regression=0.0555, bbox_ctrness=0.5984
epoch 35/50 iter 1280/1860 loss=0.6581 mean_loss=0.7142 classification=0.0048, bbox_regression=0.0451, bbox_ctrness=0.6082
epoch 35/50 iter 1300/1860 loss=0.7106 mean_loss=0.7145 classification=0.0134, bbox_regression=0.0916, bbox_ctrness=0.6056
epoch 35/50 iter 1320/1860 loss=0.8982 mean_loss=0.7144 classification=0.1010, bbox_regression=0.1527, bbox_ctrness=0.6445
epoch 35/50 iter 1340/1860 loss=0.6936 mean_loss=0.7148 classification=0.0491, bbox_regression=0.0594, bbox_ctrness=0.5851
epoch 35/50 iter 1360/1860 loss=0.6794 mean_loss=0.7147 classification=0.0199, bbox_regression=0.0720, bbox_ctrness=0.5875
epoch 35/50 iter 1380/1860 loss=0.7599 mean_loss=0.7146 classification=0.0737, bbox_regression=0.0869, bbox_ctrness=0.5993
epoch 35/50 iter 1400/1860 loss=0.6705 mean_loss=0.7147 classification=0.0149, bbox_regression=0.0538, bbox_ctrness=0.6019
epoch 35/50 iter 1420/1860 loss=0.6477 mean_loss=0.7142 classification=0.0050, bbox_regression=0.0360, bbox_ctrness=0.6067
epoch 35/50 iter 1440/1860 loss=0.6577 mean_loss=0.7141 classification=0.0139, bbox_regression=0.0421, bbox_ctrness=0.6016
epoch 35/50 iter 1460/1860 loss=0.8007 mean_loss=0.7142 classification=0.0907, bbox_regression=0.0989, bbox_ctrness=0.6111
epoch 35/50 iter 1480/1860 loss=0.6593 mean_loss=0.7148 classification=0.0072, bbox_regression=0.0462, bbox_ctrness=0.6059
epoch 35/50 iter 1500/1860 loss=0.6685 mean_loss=0.7153 classification=0.0087, bbox_regression=0.0454, bbox_ctrness=0.6145
epoch 35/50 iter 1520/1860 loss=0.6874 mean_loss=0.7154 classification=0.0252, bbox_regression=0.0487, bbox_ctrness=0.6135
epoch 35/50 iter 1540/1860 loss=0.7282 mean_loss=0.7152 classification=0.0335, bbox_regression=0.0871, bbox_ctrness=0.6076
epoch 35/50 iter 1560/1860 loss=0.7056 mean_loss=0.7155 classification=0.0334, bbox_regression=0.0743, bbox_ctrness=0.5980
epoch 35/50 iter 1580/1860 loss=0.6889 mean_loss=0.7162 classification=0.0238, bbox_regression=0.0492, bbox_ctrness=0.6159
epoch 35/50 iter 1600/1860 loss=0.7637 mean_loss=0.7165 classification=0.0419, bbox_regression=0.0977, bbox_ctrness=0.6241
epoch 35/50 iter 1620/1860 loss=0.6633 mean_loss=0.7164 classification=0.0199, bbox_regression=0.0705, bbox_ctrness=0.5729
epoch 35/50 iter 1640/1860 loss=0.6524 mean_loss=0.7161 classification=0.0112, bbox_regression=0.0499, bbox_ctrness=0.5913
epoch 35/50 iter 1660/1860 loss=0.7516 mean_loss=0.7165 classification=0.0715, bbox_regression=0.0843, bbox_ctrness=0.5958
epoch 35/50 iter 1680/1860 loss=0.6943 mean_loss=0.7163 classification=0.0233, bbox_regression=0.0763, bbox_ctrness=0.5948
epoch 35/50 iter 1700/1860 loss=0.7796 mean_loss=0.7163 classification=0.0614, bbox_regression=0.1247, bbox_ctrness=0.5936
epoch 35/50 iter 1720/1860 loss=0.6697 mean_loss=0.7161 classification=0.0094, bbox_regression=0.0522, bbox_ctrness=0.6081
epoch 35/50 iter 1740/1860 loss=0.6531 mean_loss=0.7160 classification=0.0106, bbox_regression=0.0529, bbox_ctrness=0.5897
epoch 35/50 iter 1760/1860 loss=1.0633 mean_loss=0.7165 classification=0.2244, bbox_regression=0.2150, bbox_ctrness=0.6240
epoch 35/50 iter 1780/1860 loss=1.1686 mean_loss=0.7169 classification=0.2802, bbox_regression=0.2632, bbox_ctrness=0.6251
epoch 35/50 iter 1800/1860 loss=0.6539 mean_loss=0.7169 classification=0.0083, bbox_regression=0.0434, bbox_ctrness=0.6021
epoch 35/50 iter 1820/1860 loss=0.6459 mean_loss=0.7169 classification=0.0030, bbox_regression=0.0481, bbox_ctrness=0.5949
epoch 35/50 iter 1840/1860 loss=0.6923 mean_loss=0.7167 classification=0.0528, bbox_regression=0.0716, bbox_ctrness=0.5680
epoch 35/50 iter 1860/1860 loss=0.6790 mean_loss=0.7167 classification=0.0113, bbox_regression=0.0626, bbox_ctrness=0.6051
epoch 35 validation Precision=0.6724 Recall=0.9317 AP50=0.9106 AP75=0.8339 eval_fps=23.05 epoch_time_sec=842.6
saved checkpoint: E:\RepViT-main\runs\v48_complete_ablation\training\early_moddrop_seed2\weights\last.pt
epoch 36/50 iter 1/1860 loss=0.6866 mean_loss=0.6866 classification=0.0133, bbox_regression=0.0701, bbox_ctrness=0.6032
epoch 36/50 iter 20/1860 loss=0.7200 mean_loss=0.7690 classification=0.0337, bbox_regression=0.0836, bbox_ctrness=0.6027
epoch 36/50 iter 40/1860 loss=0.7301 mean_loss=0.7278 classification=0.0319, bbox_regression=0.1006, bbox_ctrness=0.5976
epoch 36/50 iter 60/1860 loss=0.7129 mean_loss=0.7144 classification=0.0145, bbox_regression=0.0765, bbox_ctrness=0.6218
epoch 36/50 iter 80/1860 loss=1.2666 mean_loss=0.7167 classification=0.3658, bbox_regression=0.2692, bbox_ctrness=0.6315
epoch 36/50 iter 100/1860 loss=0.6347 mean_loss=0.7106 classification=0.0033, bbox_regression=0.0479, bbox_ctrness=0.5835
epoch 36/50 iter 120/1860 loss=0.7229 mean_loss=0.7090 classification=0.0482, bbox_regression=0.0808, bbox_ctrness=0.5940
epoch 36/50 iter 140/1860 loss=0.7007 mean_loss=0.7082 classification=0.0083, bbox_regression=0.0755, bbox_ctrness=0.6168
epoch 36/50 iter 160/1860 loss=0.6380 mean_loss=0.7075 classification=0.0017, bbox_regression=0.0462, bbox_ctrness=0.5901
epoch 36/50 iter 180/1860 loss=0.7586 mean_loss=0.7109 classification=0.0666, bbox_regression=0.0754, bbox_ctrness=0.6165
epoch 36/50 iter 200/1860 loss=0.6577 mean_loss=0.7091 classification=0.0110, bbox_regression=0.0606, bbox_ctrness=0.5860
epoch 36/50 iter 220/1860 loss=0.6391 mean_loss=0.7109 classification=0.0051, bbox_regression=0.0383, bbox_ctrness=0.5957
epoch 36/50 iter 240/1860 loss=0.6483 mean_loss=0.7136 classification=0.0056, bbox_regression=0.0457, bbox_ctrness=0.5970
epoch 36/50 iter 260/1860 loss=0.7303 mean_loss=0.7131 classification=0.0361, bbox_regression=0.0886, bbox_ctrness=0.6056
epoch 36/50 iter 280/1860 loss=0.6785 mean_loss=0.7116 classification=0.0228, bbox_regression=0.0546, bbox_ctrness=0.6011
epoch 36/50 iter 300/1860 loss=0.6632 mean_loss=0.7105 classification=0.0042, bbox_regression=0.0598, bbox_ctrness=0.5991
epoch 36/50 iter 320/1860 loss=0.7023 mean_loss=0.7117 classification=0.0122, bbox_regression=0.0678, bbox_ctrness=0.6223
epoch 36/50 iter 340/1860 loss=0.6534 mean_loss=0.7121 classification=0.0052, bbox_regression=0.0487, bbox_ctrness=0.5994
epoch 36/50 iter 360/1860 loss=0.6598 mean_loss=0.7127 classification=0.0110, bbox_regression=0.0475, bbox_ctrness=0.6012
epoch 36/50 iter 380/1860 loss=0.6477 mean_loss=0.7130 classification=0.0041, bbox_regression=0.0559, bbox_ctrness=0.5877
epoch 36/50 iter 400/1860 loss=0.6756 mean_loss=0.7154 classification=0.0216, bbox_regression=0.0636, bbox_ctrness=0.5904
epoch 36/50 iter 420/1860 loss=0.8905 mean_loss=0.7167 classification=0.1479, bbox_regression=0.1324, bbox_ctrness=0.6101
epoch 36/50 iter 440/1860 loss=0.7344 mean_loss=0.7148 classification=0.0503, bbox_regression=0.0785, bbox_ctrness=0.6056
epoch 36/50 iter 460/1860 loss=0.7606 mean_loss=0.7158 classification=0.0520, bbox_regression=0.0952, bbox_ctrness=0.6134
epoch 36/50 iter 480/1860 loss=0.6960 mean_loss=0.7170 classification=0.0254, bbox_regression=0.0557, bbox_ctrness=0.6149
epoch 36/50 iter 500/1860 loss=0.7310 mean_loss=0.7161 classification=0.0565, bbox_regression=0.0765, bbox_ctrness=0.5979
epoch 36/50 iter 520/1860 loss=0.8050 mean_loss=0.7161 classification=0.0748, bbox_regression=0.1191, bbox_ctrness=0.6111
epoch 36/50 iter 540/1860 loss=0.7595 mean_loss=0.7177 classification=0.0696, bbox_regression=0.0965, bbox_ctrness=0.5934
epoch 36/50 iter 560/1860 loss=0.6779 mean_loss=0.7166 classification=0.0025, bbox_regression=0.0483, bbox_ctrness=0.6271
epoch 36/50 iter 580/1860 loss=0.6850 mean_loss=0.7169 classification=0.0152, bbox_regression=0.0784, bbox_ctrness=0.5914
epoch 36/50 iter 600/1860 loss=0.9284 mean_loss=0.7185 classification=0.1509, bbox_regression=0.1532, bbox_ctrness=0.6242
epoch 36/50 iter 620/1860 loss=0.9363 mean_loss=0.7181 classification=0.1057, bbox_regression=0.1814, bbox_ctrness=0.6493
epoch 36/50 iter 640/1860 loss=0.8771 mean_loss=0.7193 classification=0.1069, bbox_regression=0.1554, bbox_ctrness=0.6147
epoch 36/50 iter 660/1860 loss=0.8207 mean_loss=0.7197 classification=0.1129, bbox_regression=0.1079, bbox_ctrness=0.5999
epoch 36/50 iter 680/1860 loss=0.6521 mean_loss=0.7190 classification=0.0068, bbox_regression=0.0425, bbox_ctrness=0.6028
epoch 36/50 iter 700/1860 loss=0.6491 mean_loss=0.7184 classification=0.0026, bbox_regression=0.0562, bbox_ctrness=0.5904
epoch 36/50 iter 720/1860 loss=0.6799 mean_loss=0.7187 classification=0.0121, bbox_regression=0.0525, bbox_ctrness=0.6153
epoch 36/50 iter 740/1860 loss=0.6615 mean_loss=0.7183 classification=0.0122, bbox_regression=0.0510, bbox_ctrness=0.5983
epoch 36/50 iter 760/1860 loss=0.6744 mean_loss=0.7177 classification=0.0052, bbox_regression=0.0652, bbox_ctrness=0.6040
epoch 36/50 iter 780/1860 loss=0.7814 mean_loss=0.7189 classification=0.0895, bbox_regression=0.0874, bbox_ctrness=0.6045
epoch 36/50 iter 800/1860 loss=0.6338 mean_loss=0.7184 classification=0.0051, bbox_regression=0.0438, bbox_ctrness=0.5849
epoch 36/50 iter 820/1860 loss=0.7289 mean_loss=0.7185 classification=0.0428, bbox_regression=0.0858, bbox_ctrness=0.6003
epoch 36/50 iter 840/1860 loss=0.6496 mean_loss=0.7193 classification=0.0098, bbox_regression=0.0464, bbox_ctrness=0.5934
epoch 36/50 iter 860/1860 loss=0.8127 mean_loss=0.7195 classification=0.1100, bbox_regression=0.1110, bbox_ctrness=0.5917
epoch 36/50 iter 880/1860 loss=0.6561 mean_loss=0.7192 classification=0.0074, bbox_regression=0.0455, bbox_ctrness=0.6031
epoch 36/50 iter 900/1860 loss=0.8385 mean_loss=0.7193 classification=0.1319, bbox_regression=0.1000, bbox_ctrness=0.6066
epoch 36/50 iter 920/1860 loss=0.7472 mean_loss=0.7202 classification=0.0703, bbox_regression=0.0724, bbox_ctrness=0.6045
epoch 36/50 iter 940/1860 loss=1.2181 mean_loss=0.7210 classification=0.3171, bbox_regression=0.2654, bbox_ctrness=0.6356
epoch 36/50 iter 960/1860 loss=0.7208 mean_loss=0.7204 classification=0.0500, bbox_regression=0.0710, bbox_ctrness=0.5998
epoch 36/50 iter 980/1860 loss=0.6911 mean_loss=0.7198 classification=0.0045, bbox_regression=0.0707, bbox_ctrness=0.6158
epoch 36/50 iter 1000/1860 loss=0.7128 mean_loss=0.7200 classification=0.0585, bbox_regression=0.0463, bbox_ctrness=0.6079
epoch 36/50 iter 1020/1860 loss=0.6628 mean_loss=0.7205 classification=0.0008, bbox_regression=0.0623, bbox_ctrness=0.5997
epoch 36/50 iter 1040/1860 loss=0.7304 mean_loss=0.7200 classification=0.0478, bbox_regression=0.0720, bbox_ctrness=0.6105
epoch 36/50 iter 1060/1860 loss=0.7122 mean_loss=0.7196 classification=0.0240, bbox_regression=0.0706, bbox_ctrness=0.6176
epoch 36/50 iter 1080/1860 loss=0.6710 mean_loss=0.7204 classification=0.0381, bbox_regression=0.0497, bbox_ctrness=0.5831
epoch 36/50 iter 1100/1860 loss=0.6897 mean_loss=0.7201 classification=0.0107, bbox_regression=0.0738, bbox_ctrness=0.6052
epoch 36/50 iter 1120/1860 loss=0.6572 mean_loss=0.7198 classification=0.0044, bbox_regression=0.0519, bbox_ctrness=0.6010
epoch 36/50 iter 1140/1860 loss=0.7545 mean_loss=0.7206 classification=0.0518, bbox_regression=0.0814, bbox_ctrness=0.6212
epoch 36/50 iter 1160/1860 loss=0.6898 mean_loss=0.7207 classification=0.0234, bbox_regression=0.0642, bbox_ctrness=0.6022
epoch 36/50 iter 1180/1860 loss=0.7938 mean_loss=0.7207 classification=0.0961, bbox_regression=0.1066, bbox_ctrness=0.5911
epoch 36/50 iter 1200/1860 loss=0.6680 mean_loss=0.7214 classification=0.0142, bbox_regression=0.0562, bbox_ctrness=0.5976
epoch 36/50 iter 1220/1860 loss=0.8931 mean_loss=0.7210 classification=0.1370, bbox_regression=0.1446, bbox_ctrness=0.6115
epoch 36/50 iter 1240/1860 loss=0.7127 mean_loss=0.7209 classification=0.0470, bbox_regression=0.0755, bbox_ctrness=0.5902
epoch 36/50 iter 1260/1860 loss=0.7212 mean_loss=0.7203 classification=0.0229, bbox_regression=0.0910, bbox_ctrness=0.6073
epoch 36/50 iter 1280/1860 loss=0.6647 mean_loss=0.7203 classification=0.0131, bbox_regression=0.0654, bbox_ctrness=0.5861
epoch 36/50 iter 1300/1860 loss=0.6661 mean_loss=0.7204 classification=0.0106, bbox_regression=0.0546, bbox_ctrness=0.6009
epoch 36/50 iter 1320/1860 loss=0.7037 mean_loss=0.7205 classification=0.0413, bbox_regression=0.0672, bbox_ctrness=0.5952
epoch 36/50 iter 1340/1860 loss=0.7146 mean_loss=0.7202 classification=0.0343, bbox_regression=0.0813, bbox_ctrness=0.5989
epoch 36/50 iter 1360/1860 loss=0.6581 mean_loss=0.7203 classification=0.0052, bbox_regression=0.0559, bbox_ctrness=0.5970
epoch 36/50 iter 1380/1860 loss=0.6515 mean_loss=0.7203 classification=0.0021, bbox_regression=0.0436, bbox_ctrness=0.6057
epoch 36/50 iter 1400/1860 loss=0.7395 mean_loss=0.7208 classification=0.0365, bbox_regression=0.0854, bbox_ctrness=0.6176
epoch 36/50 iter 1420/1860 loss=0.9661 mean_loss=0.7214 classification=0.1777, bbox_regression=0.1595, bbox_ctrness=0.6289
epoch 36/50 iter 1440/1860 loss=0.6473 mean_loss=0.7217 classification=0.0069, bbox_regression=0.0455, bbox_ctrness=0.5949
epoch 36/50 iter 1460/1860 loss=0.6946 mean_loss=0.7220 classification=0.0169, bbox_regression=0.0653, bbox_ctrness=0.6124
epoch 36/50 iter 1480/1860 loss=0.6645 mean_loss=0.7222 classification=0.0106, bbox_regression=0.0536, bbox_ctrness=0.6002
epoch 36/50 iter 1500/1860 loss=0.7102 mean_loss=0.7218 classification=0.0387, bbox_regression=0.0862, bbox_ctrness=0.5853
epoch 36/50 iter 1520/1860 loss=0.6414 mean_loss=0.7213 classification=0.0046, bbox_regression=0.0395, bbox_ctrness=0.5973
epoch 36/50 iter 1540/1860 loss=0.8253 mean_loss=0.7213 classification=0.0696, bbox_regression=0.1202, bbox_ctrness=0.6355
epoch 36/50 iter 1560/1860 loss=0.6397 mean_loss=0.7210 classification=0.0064, bbox_regression=0.0520, bbox_ctrness=0.5813
epoch 36/50 iter 1580/1860 loss=0.7151 mean_loss=0.7207 classification=0.0584, bbox_regression=0.0739, bbox_ctrness=0.5827
epoch 36/50 iter 1600/1860 loss=0.8252 mean_loss=0.7207 classification=0.1048, bbox_regression=0.1230, bbox_ctrness=0.5974
epoch 36/50 iter 1620/1860 loss=0.6668 mean_loss=0.7210 classification=0.0112, bbox_regression=0.0563, bbox_ctrness=0.5993
epoch 36/50 iter 1640/1860 loss=0.6790 mean_loss=0.7212 classification=0.0252, bbox_regression=0.0620, bbox_ctrness=0.5917
epoch 36/50 iter 1660/1860 loss=0.6667 mean_loss=0.7211 classification=0.0020, bbox_regression=0.0592, bbox_ctrness=0.6055
epoch 36/50 iter 1680/1860 loss=0.6760 mean_loss=0.7209 classification=0.0027, bbox_regression=0.0589, bbox_ctrness=0.6144
epoch 36/50 iter 1700/1860 loss=0.6600 mean_loss=0.7211 classification=0.0060, bbox_regression=0.0557, bbox_ctrness=0.5983
epoch 36/50 iter 1720/1860 loss=0.8959 mean_loss=0.7211 classification=0.1391, bbox_regression=0.1501, bbox_ctrness=0.6067
epoch 36/50 iter 1740/1860 loss=0.8212 mean_loss=0.7209 classification=0.1171, bbox_regression=0.1024, bbox_ctrness=0.6016
epoch 36/50 iter 1760/1860 loss=0.6855 mean_loss=0.7207 classification=0.0221, bbox_regression=0.0510, bbox_ctrness=0.6124
epoch 36/50 iter 1780/1860 loss=0.6762 mean_loss=0.7204 classification=0.0076, bbox_regression=0.0574, bbox_ctrness=0.6111
epoch 36/50 iter 1800/1860 loss=0.6524 mean_loss=0.7203 classification=0.0004, bbox_regression=0.0581, bbox_ctrness=0.5940
epoch 36/50 iter 1820/1860 loss=0.6748 mean_loss=0.7206 classification=0.0221, bbox_regression=0.0570, bbox_ctrness=0.5958
epoch 36/50 iter 1840/1860 loss=0.6761 mean_loss=0.7206 classification=0.0196, bbox_regression=0.0677, bbox_ctrness=0.5887
epoch 36/50 iter 1860/1860 loss=0.6723 mean_loss=0.7204 classification=0.0225, bbox_regression=0.0497, bbox_ctrness=0.6001
epoch 36 validation Precision=0.7408 Recall=0.9238 AP50=0.9042 AP75=0.8223 eval_fps=23.49 epoch_time_sec=840.0
saved checkpoint: E:\RepViT-main\runs\v48_complete_ablation\training\early_moddrop_seed2\weights\last.pt
epoch 37/50 iter 1/1860 loss=0.6662 mean_loss=0.6662 classification=0.0105, bbox_regression=0.0629, bbox_ctrness=0.5928
epoch 37/50 iter 20/1860 loss=0.6498 mean_loss=0.6871 classification=0.0055, bbox_regression=0.0594, bbox_ctrness=0.5850
epoch 37/50 iter 40/1860 loss=0.7720 mean_loss=0.6999 classification=0.0758, bbox_regression=0.1009, bbox_ctrness=0.5953
epoch 37/50 iter 60/1860 loss=0.6659 mean_loss=0.7160 classification=0.0102, bbox_regression=0.0567, bbox_ctrness=0.5990
epoch 37/50 iter 80/1860 loss=0.6584 mean_loss=0.7154 classification=0.0025, bbox_regression=0.0459, bbox_ctrness=0.6100
epoch 37/50 iter 100/1860 loss=0.6580 mean_loss=0.7128 classification=0.0258, bbox_regression=0.0350, bbox_ctrness=0.5972
epoch 37/50 iter 120/1860 loss=0.6689 mean_loss=0.7175 classification=0.0069, bbox_regression=0.0571, bbox_ctrness=0.6050
epoch 37/50 iter 140/1860 loss=0.6436 mean_loss=0.7199 classification=0.0061, bbox_regression=0.0450, bbox_ctrness=0.5926
epoch 37/50 iter 160/1860 loss=0.6638 mean_loss=0.7195 classification=0.0121, bbox_regression=0.0389, bbox_ctrness=0.6129
epoch 37/50 iter 180/1860 loss=0.6640 mean_loss=0.7178 classification=0.0055, bbox_regression=0.0494, bbox_ctrness=0.6090
epoch 37/50 iter 200/1860 loss=0.6645 mean_loss=0.7151 classification=0.0012, bbox_regression=0.0478, bbox_ctrness=0.6154
epoch 37/50 iter 220/1860 loss=0.6536 mean_loss=0.7181 classification=0.0088, bbox_regression=0.0576, bbox_ctrness=0.5873
epoch 37/50 iter 240/1860 loss=0.7115 mean_loss=0.7202 classification=0.0320, bbox_regression=0.0826, bbox_ctrness=0.5969
epoch 37/50 iter 260/1860 loss=0.7828 mean_loss=0.7211 classification=0.0630, bbox_regression=0.1056, bbox_ctrness=0.6142
epoch 37/50 iter 280/1860 loss=0.6575 mean_loss=0.7183 classification=0.0115, bbox_regression=0.0505, bbox_ctrness=0.5955
epoch 37/50 iter 300/1860 loss=0.6659 mean_loss=0.7171 classification=0.0145, bbox_regression=0.0491, bbox_ctrness=0.6023
epoch 37/50 iter 320/1860 loss=0.6800 mean_loss=0.7170 classification=0.0318, bbox_regression=0.0585, bbox_ctrness=0.5897
epoch 37/50 iter 340/1860 loss=0.7926 mean_loss=0.7184 classification=0.0704, bbox_regression=0.1003, bbox_ctrness=0.6219
epoch 37/50 iter 360/1860 loss=0.8863 mean_loss=0.7179 classification=0.1513, bbox_regression=0.1350, bbox_ctrness=0.6000
epoch 37/50 iter 380/1860 loss=0.6645 mean_loss=0.7175 classification=0.0123, bbox_regression=0.0536, bbox_ctrness=0.5986
epoch 37/50 iter 400/1860 loss=0.6368 mean_loss=0.7153 classification=0.0086, bbox_regression=0.0406, bbox_ctrness=0.5875
epoch 37/50 iter 420/1860 loss=0.7251 mean_loss=0.7150 classification=0.0622, bbox_regression=0.0748, bbox_ctrness=0.5881
epoch 37/50 iter 440/1860 loss=0.6829 mean_loss=0.7142 classification=0.0246, bbox_regression=0.0755, bbox_ctrness=0.5827
epoch 37/50 iter 460/1860 loss=0.8378 mean_loss=0.7154 classification=0.0936, bbox_regression=0.1343, bbox_ctrness=0.6098
epoch 37/50 iter 480/1860 loss=0.7035 mean_loss=0.7146 classification=0.0268, bbox_regression=0.0691, bbox_ctrness=0.6077
epoch 37/50 iter 500/1860 loss=0.6656 mean_loss=0.7139 classification=0.0073, bbox_regression=0.0457, bbox_ctrness=0.6126
epoch 37/50 iter 520/1860 loss=0.6839 mean_loss=0.7135 classification=0.0433, bbox_regression=0.0547, bbox_ctrness=0.5859
epoch 37/50 iter 540/1860 loss=0.6635 mean_loss=0.7128 classification=0.0047, bbox_regression=0.0466, bbox_ctrness=0.6122
epoch 37/50 iter 560/1860 loss=0.6437 mean_loss=0.7130 classification=0.0053, bbox_regression=0.0489, bbox_ctrness=0.5895
epoch 37/50 iter 580/1860 loss=0.6858 mean_loss=0.7130 classification=0.0431, bbox_regression=0.0442, bbox_ctrness=0.5985
epoch 37/50 iter 600/1860 loss=0.6227 mean_loss=0.7133 classification=0.0078, bbox_regression=0.0459, bbox_ctrness=0.5690
epoch 37/50 iter 620/1860 loss=0.9920 mean_loss=0.7142 classification=0.2115, bbox_regression=0.1714, bbox_ctrness=0.6090
epoch 37/50 iter 640/1860 loss=0.6746 mean_loss=0.7155 classification=0.0187, bbox_regression=0.0537, bbox_ctrness=0.6023
epoch 37/50 iter 660/1860 loss=0.7146 mean_loss=0.7153 classification=0.0666, bbox_regression=0.0502, bbox_ctrness=0.5978
epoch 37/50 iter 680/1860 loss=0.7457 mean_loss=0.7155 classification=0.0480, bbox_regression=0.0952, bbox_ctrness=0.6025
epoch 37/50 iter 700/1860 loss=0.7530 mean_loss=0.7152 classification=0.0376, bbox_regression=0.1078, bbox_ctrness=0.6076
epoch 37/50 iter 720/1860 loss=0.6964 mean_loss=0.7154 classification=0.0340, bbox_regression=0.0741, bbox_ctrness=0.5883
epoch 37/50 iter 740/1860 loss=0.7475 mean_loss=0.7166 classification=0.0300, bbox_regression=0.0979, bbox_ctrness=0.6195
epoch 37/50 iter 760/1860 loss=0.6731 mean_loss=0.7177 classification=0.0059, bbox_regression=0.0596, bbox_ctrness=0.6076
epoch 37/50 iter 780/1860 loss=0.7890 mean_loss=0.7177 classification=0.0829, bbox_regression=0.1097, bbox_ctrness=0.5964
epoch 37/50 iter 800/1860 loss=0.7613 mean_loss=0.7167 classification=0.0328, bbox_regression=0.0946, bbox_ctrness=0.6339
epoch 37/50 iter 820/1860 loss=0.6427 mean_loss=0.7166 classification=0.0050, bbox_regression=0.0506, bbox_ctrness=0.5871
epoch 37/50 iter 840/1860 loss=0.6625 mean_loss=0.7157 classification=0.0013, bbox_regression=0.0475, bbox_ctrness=0.6137
epoch 37/50 iter 860/1860 loss=0.9459 mean_loss=0.7162 classification=0.1665, bbox_regression=0.1696, bbox_ctrness=0.6098
epoch 37/50 iter 880/1860 loss=0.6463 mean_loss=0.7159 classification=0.0021, bbox_regression=0.0514, bbox_ctrness=0.5928
epoch 37/50 iter 900/1860 loss=0.6507 mean_loss=0.7159 classification=0.0040, bbox_regression=0.0462, bbox_ctrness=0.6006
epoch 37/50 iter 920/1860 loss=0.7262 mean_loss=0.7159 classification=0.0309, bbox_regression=0.0990, bbox_ctrness=0.5963
epoch 37/50 iter 940/1860 loss=0.7096 mean_loss=0.7165 classification=0.0325, bbox_regression=0.0691, bbox_ctrness=0.6080
epoch 37/50 iter 960/1860 loss=0.7162 mean_loss=0.7167 classification=0.0477, bbox_regression=0.0722, bbox_ctrness=0.5964
epoch 37/50 iter 980/1860 loss=0.6811 mean_loss=0.7176 classification=0.0142, bbox_regression=0.0688, bbox_ctrness=0.5981
epoch 37/50 iter 1000/1860 loss=0.6498 mean_loss=0.7172 classification=0.0061, bbox_regression=0.0484, bbox_ctrness=0.5953
epoch 37/50 iter 1020/1860 loss=0.6610 mean_loss=0.7169 classification=0.0026, bbox_regression=0.0417, bbox_ctrness=0.6167
epoch 37/50 iter 1040/1860 loss=0.6677 mean_loss=0.7162 classification=0.0068, bbox_regression=0.0540, bbox_ctrness=0.6070
epoch 37/50 iter 1060/1860 loss=0.6662 mean_loss=0.7157 classification=0.0112, bbox_regression=0.0620, bbox_ctrness=0.5930
epoch 37/50 iter 1080/1860 loss=0.6789 mean_loss=0.7157 classification=0.0028, bbox_regression=0.0728, bbox_ctrness=0.6033
epoch 37/50 iter 1100/1860 loss=0.6385 mean_loss=0.7162 classification=0.0037, bbox_regression=0.0436, bbox_ctrness=0.5913
epoch 37/50 iter 1120/1860 loss=0.6895 mean_loss=0.7158 classification=0.0077, bbox_regression=0.0700, bbox_ctrness=0.6118
epoch 37/50 iter 1140/1860 loss=0.7258 mean_loss=0.7160 classification=0.0527, bbox_regression=0.0771, bbox_ctrness=0.5960
epoch 37/50 iter 1160/1860 loss=0.6828 mean_loss=0.7159 classification=0.0051, bbox_regression=0.0588, bbox_ctrness=0.6190
epoch 37/50 iter 1180/1860 loss=0.8130 mean_loss=0.7158 classification=0.1029, bbox_regression=0.1010, bbox_ctrness=0.6091
epoch 37/50 iter 1200/1860 loss=0.6641 mean_loss=0.7152 classification=0.0166, bbox_regression=0.0496, bbox_ctrness=0.5979
epoch 37/50 iter 1220/1860 loss=0.6781 mean_loss=0.7148 classification=0.0140, bbox_regression=0.0636, bbox_ctrness=0.6004
epoch 37/50 iter 1240/1860 loss=0.7030 mean_loss=0.7149 classification=0.0153, bbox_regression=0.0836, bbox_ctrness=0.6040
epoch 37/50 iter 1260/1860 loss=0.6328 mean_loss=0.7145 classification=0.0058, bbox_regression=0.0453, bbox_ctrness=0.5817
epoch 37/50 iter 1280/1860 loss=0.6547 mean_loss=0.7142 classification=0.0026, bbox_regression=0.0487, bbox_ctrness=0.6034
epoch 37/50 iter 1300/1860 loss=0.7256 mean_loss=0.7139 classification=0.0338, bbox_regression=0.0737, bbox_ctrness=0.6181
epoch 37/50 iter 1320/1860 loss=0.6652 mean_loss=0.7137 classification=0.0085, bbox_regression=0.0527, bbox_ctrness=0.6040
epoch 37/50 iter 1340/1860 loss=0.6790 mean_loss=0.7133 classification=0.0271, bbox_regression=0.0590, bbox_ctrness=0.5929
epoch 37/50 iter 1360/1860 loss=0.7611 mean_loss=0.7134 classification=0.0666, bbox_regression=0.1039, bbox_ctrness=0.5905
epoch 37/50 iter 1380/1860 loss=0.6472 mean_loss=0.7133 classification=0.0039, bbox_regression=0.0548, bbox_ctrness=0.5885
epoch 37/50 iter 1400/1860 loss=0.7095 mean_loss=0.7132 classification=0.0127, bbox_regression=0.0791, bbox_ctrness=0.6176
epoch 37/50 iter 1420/1860 loss=0.6571 mean_loss=0.7134 classification=0.0085, bbox_regression=0.0502, bbox_ctrness=0.5984
epoch 37/50 iter 1440/1860 loss=0.6647 mean_loss=0.7131 classification=0.0181, bbox_regression=0.0520, bbox_ctrness=0.5946
epoch 37/50 iter 1460/1860 loss=0.6587 mean_loss=0.7140 classification=0.0079, bbox_regression=0.0425, bbox_ctrness=0.6083
epoch 37/50 iter 1480/1860 loss=0.7811 mean_loss=0.7138 classification=0.0716, bbox_regression=0.1044, bbox_ctrness=0.6051
epoch 37/50 iter 1500/1860 loss=0.6833 mean_loss=0.7135 classification=0.0208, bbox_regression=0.0614, bbox_ctrness=0.6011
epoch 37/50 iter 1520/1860 loss=0.6513 mean_loss=0.7137 classification=0.0028, bbox_regression=0.0413, bbox_ctrness=0.6073
epoch 37/50 iter 1540/1860 loss=0.7198 mean_loss=0.7138 classification=0.0437, bbox_regression=0.0810, bbox_ctrness=0.5950
epoch 37/50 iter 1560/1860 loss=0.6230 mean_loss=0.7137 classification=0.0016, bbox_regression=0.0384, bbox_ctrness=0.5830
epoch 37/50 iter 1580/1860 loss=0.7019 mean_loss=0.7137 classification=0.0405, bbox_regression=0.0536, bbox_ctrness=0.6077
epoch 37/50 iter 1600/1860 loss=0.6571 mean_loss=0.7135 classification=0.0132, bbox_regression=0.0489, bbox_ctrness=0.5949
epoch 37/50 iter 1620/1860 loss=0.6779 mean_loss=0.7136 classification=0.0155, bbox_regression=0.0554, bbox_ctrness=0.6069
epoch 37/50 iter 1640/1860 loss=0.6547 mean_loss=0.7135 classification=0.0054, bbox_regression=0.0432, bbox_ctrness=0.6061
epoch 37/50 iter 1660/1860 loss=0.7005 mean_loss=0.7135 classification=0.0242, bbox_regression=0.0742, bbox_ctrness=0.6021
epoch 37/50 iter 1680/1860 loss=0.7409 mean_loss=0.7136 classification=0.0321, bbox_regression=0.1082, bbox_ctrness=0.6006
epoch 37/50 iter 1700/1860 loss=0.9232 mean_loss=0.7133 classification=0.1369, bbox_regression=0.1623, bbox_ctrness=0.6241
epoch 37/50 iter 1720/1860 loss=0.6492 mean_loss=0.7130 classification=0.0048, bbox_regression=0.0464, bbox_ctrness=0.5980
epoch 37/50 iter 1740/1860 loss=0.6511 mean_loss=0.7129 classification=0.0032, bbox_regression=0.0325, bbox_ctrness=0.6154
epoch 37/50 iter 1760/1860 loss=0.6548 mean_loss=0.7128 classification=0.0128, bbox_regression=0.0482, bbox_ctrness=0.5938
epoch 37/50 iter 1780/1860 loss=0.6545 mean_loss=0.7125 classification=0.0033, bbox_regression=0.0472, bbox_ctrness=0.6040
epoch 37/50 iter 1800/1860 loss=0.7720 mean_loss=0.7123 classification=0.1114, bbox_regression=0.0673, bbox_ctrness=0.5933
epoch 37/50 iter 1820/1860 loss=0.7338 mean_loss=0.7119 classification=0.0348, bbox_regression=0.0663, bbox_ctrness=0.6327
epoch 37/50 iter 1840/1860 loss=0.6690 mean_loss=0.7117 classification=0.0021, bbox_regression=0.0503, bbox_ctrness=0.6167
epoch 37/50 iter 1860/1860 loss=0.9682 mean_loss=0.7117 classification=0.1535, bbox_regression=0.1808, bbox_ctrness=0.6340
epoch 37 validation Precision=0.7084 Recall=0.9177 AP50=0.8946 AP75=0.8066 eval_fps=21.48 epoch_time_sec=859.2
saved checkpoint: E:\RepViT-main\runs\v48_complete_ablation\training\early_moddrop_seed2\weights\last.pt
epoch 38/50 iter 1/1860 loss=0.6596 mean_loss=0.6596 classification=0.0025, bbox_regression=0.0537, bbox_ctrness=0.6035
epoch 38/50 iter 20/1860 loss=0.6803 mean_loss=0.7312 classification=0.0128, bbox_regression=0.0606, bbox_ctrness=0.6069
epoch 38/50 iter 40/1860 loss=0.7075 mean_loss=0.7140 classification=0.0374, bbox_regression=0.0519, bbox_ctrness=0.6182
epoch 38/50 iter 60/1860 loss=0.7121 mean_loss=0.7128 classification=0.0372, bbox_regression=0.0832, bbox_ctrness=0.5916
epoch 38/50 iter 80/1860 loss=0.6530 mean_loss=0.7134 classification=0.0058, bbox_regression=0.0572, bbox_ctrness=0.5899
epoch 38/50 iter 100/1860 loss=0.6789 mean_loss=0.7152 classification=0.0242, bbox_regression=0.0485, bbox_ctrness=0.6062
epoch 38/50 iter 120/1860 loss=0.6459 mean_loss=0.7174 classification=0.0032, bbox_regression=0.0463, bbox_ctrness=0.5965
epoch 38/50 iter 140/1860 loss=0.6426 mean_loss=0.7117 classification=0.0028, bbox_regression=0.0432, bbox_ctrness=0.5965
epoch 38/50 iter 160/1860 loss=0.6628 mean_loss=0.7078 classification=0.0077, bbox_regression=0.0497, bbox_ctrness=0.6053
epoch 38/50 iter 180/1860 loss=0.6388 mean_loss=0.7071 classification=0.0050, bbox_regression=0.0494, bbox_ctrness=0.5844
epoch 38/50 iter 200/1860 loss=0.6613 mean_loss=0.7043 classification=0.0062, bbox_regression=0.0527, bbox_ctrness=0.6023
epoch 38/50 iter 220/1860 loss=0.6703 mean_loss=0.7032 classification=0.0067, bbox_regression=0.0698, bbox_ctrness=0.5938
epoch 38/50 iter 240/1860 loss=0.6557 mean_loss=0.7046 classification=0.0043, bbox_regression=0.0446, bbox_ctrness=0.6068
epoch 38/50 iter 260/1860 loss=0.7681 mean_loss=0.7039 classification=0.0603, bbox_regression=0.0988, bbox_ctrness=0.6089
epoch 38/50 iter 280/1860 loss=0.6835 mean_loss=0.7062 classification=0.0144, bbox_regression=0.0669, bbox_ctrness=0.6022
epoch 38/50 iter 300/1860 loss=0.6823 mean_loss=0.7061 classification=0.0188, bbox_regression=0.0615, bbox_ctrness=0.6021
epoch 38/50 iter 320/1860 loss=0.7078 mean_loss=0.7065 classification=0.0324, bbox_regression=0.0633, bbox_ctrness=0.6121
epoch 38/50 iter 340/1860 loss=0.7134 mean_loss=0.7068 classification=0.0491, bbox_regression=0.0715, bbox_ctrness=0.5927
epoch 38/50 iter 360/1860 loss=0.6515 mean_loss=0.7064 classification=0.0022, bbox_regression=0.0531, bbox_ctrness=0.5962
epoch 38/50 iter 380/1860 loss=0.6692 mean_loss=0.7072 classification=0.0079, bbox_regression=0.0780, bbox_ctrness=0.5833
epoch 38/50 iter 400/1860 loss=0.8041 mean_loss=0.7077 classification=0.1175, bbox_regression=0.0917, bbox_ctrness=0.5949
epoch 38/50 iter 420/1860 loss=0.6847 mean_loss=0.7074 classification=0.0104, bbox_regression=0.0670, bbox_ctrness=0.6073
epoch 38/50 iter 440/1860 loss=0.6890 mean_loss=0.7059 classification=0.0097, bbox_regression=0.0650, bbox_ctrness=0.6143
epoch 38/50 iter 460/1860 loss=0.7669 mean_loss=0.7073 classification=0.0996, bbox_regression=0.0831, bbox_ctrness=0.5843
epoch 38/50 iter 480/1860 loss=0.7181 mean_loss=0.7081 classification=0.0256, bbox_regression=0.0736, bbox_ctrness=0.6189
epoch 38/50 iter 500/1860 loss=0.6330 mean_loss=0.7074 classification=0.0012, bbox_regression=0.0499, bbox_ctrness=0.5819
epoch 38/50 iter 520/1860 loss=0.8537 mean_loss=0.7086 classification=0.1725, bbox_regression=0.1002, bbox_ctrness=0.5809
epoch 38/50 iter 540/1860 loss=0.7063 mean_loss=0.7086 classification=0.0227, bbox_regression=0.0656, bbox_ctrness=0.6181
epoch 38/50 iter 560/1860 loss=0.7130 mean_loss=0.7085 classification=0.0221, bbox_regression=0.0893, bbox_ctrness=0.6016
epoch 38/50 iter 580/1860 loss=0.6763 mean_loss=0.7085 classification=0.0157, bbox_regression=0.0571, bbox_ctrness=0.6035
epoch 38/50 iter 600/1860 loss=0.6576 mean_loss=0.7092 classification=0.0079, bbox_regression=0.0588, bbox_ctrness=0.5909
epoch 38/50 iter 620/1860 loss=0.6999 mean_loss=0.7088 classification=0.0482, bbox_regression=0.0712, bbox_ctrness=0.5806
epoch 38/50 iter 640/1860 loss=0.6619 mean_loss=0.7098 classification=0.0095, bbox_regression=0.0554, bbox_ctrness=0.5971
epoch 38/50 iter 660/1860 loss=0.9092 mean_loss=0.7094 classification=0.1925, bbox_regression=0.1132, bbox_ctrness=0.6035
epoch 38/50 iter 680/1860 loss=0.8287 mean_loss=0.7098 classification=0.0974, bbox_regression=0.1243, bbox_ctrness=0.6070
epoch 38/50 iter 700/1860 loss=0.6714 mean_loss=0.7096 classification=0.0124, bbox_regression=0.0619, bbox_ctrness=0.5971
epoch 38/50 iter 720/1860 loss=0.6771 mean_loss=0.7088 classification=0.0032, bbox_regression=0.0527, bbox_ctrness=0.6212
epoch 38/50 iter 740/1860 loss=0.7064 mean_loss=0.7085 classification=0.0361, bbox_regression=0.0645, bbox_ctrness=0.6058
epoch 38/50 iter 760/1860 loss=0.7843 mean_loss=0.7083 classification=0.0727, bbox_regression=0.1096, bbox_ctrness=0.6021
epoch 38/50 iter 780/1860 loss=0.8458 mean_loss=0.7087 classification=0.1212, bbox_regression=0.1148, bbox_ctrness=0.6098
epoch 38/50 iter 800/1860 loss=0.7769 mean_loss=0.7083 classification=0.0741, bbox_regression=0.0874, bbox_ctrness=0.6154
epoch 38/50 iter 820/1860 loss=0.7552 mean_loss=0.7090 classification=0.0759, bbox_regression=0.0770, bbox_ctrness=0.6023
epoch 38/50 iter 840/1860 loss=0.6685 mean_loss=0.7096 classification=0.0156, bbox_regression=0.0571, bbox_ctrness=0.5957
epoch 38/50 iter 860/1860 loss=0.6443 mean_loss=0.7099 classification=0.0046, bbox_regression=0.0385, bbox_ctrness=0.6012
epoch 38/50 iter 880/1860 loss=0.7437 mean_loss=0.7099 classification=0.0656, bbox_regression=0.0838, bbox_ctrness=0.5942
epoch 38/50 iter 900/1860 loss=0.7829 mean_loss=0.7106 classification=0.0926, bbox_regression=0.0893, bbox_ctrness=0.6010
epoch 38/50 iter 920/1860 loss=0.8263 mean_loss=0.7104 classification=0.1130, bbox_regression=0.0892, bbox_ctrness=0.6240
epoch 38/50 iter 940/1860 loss=0.8729 mean_loss=0.7110 classification=0.1299, bbox_regression=0.1417, bbox_ctrness=0.6013
epoch 38/50 iter 960/1860 loss=0.6435 mean_loss=0.7109 classification=0.0088, bbox_regression=0.0472, bbox_ctrness=0.5876
epoch 38/50 iter 980/1860 loss=0.8566 mean_loss=0.7118 classification=0.1171, bbox_regression=0.1524, bbox_ctrness=0.5871
epoch 38/50 iter 1000/1860 loss=0.6467 mean_loss=0.7115 classification=0.0076, bbox_regression=0.0502, bbox_ctrness=0.5888
epoch 38/50 iter 1020/1860 loss=0.6738 mean_loss=0.7113 classification=0.0093, bbox_regression=0.0659, bbox_ctrness=0.5986
epoch 38/50 iter 1040/1860 loss=0.6416 mean_loss=0.7107 classification=0.0037, bbox_regression=0.0509, bbox_ctrness=0.5870
epoch 38/50 iter 1060/1860 loss=0.9713 mean_loss=0.7108 classification=0.1719, bbox_regression=0.1714, bbox_ctrness=0.6279
epoch 38/50 iter 1080/1860 loss=0.6894 mean_loss=0.7120 classification=0.0480, bbox_regression=0.0502, bbox_ctrness=0.5912
epoch 38/50 iter 1100/1860 loss=0.6589 mean_loss=0.7112 classification=0.0040, bbox_regression=0.0496, bbox_ctrness=0.6053
epoch 38/50 iter 1120/1860 loss=0.6568 mean_loss=0.7108 classification=0.0051, bbox_regression=0.0551, bbox_ctrness=0.5966
epoch 38/50 iter 1140/1860 loss=0.6523 mean_loss=0.7108 classification=0.0047, bbox_regression=0.0563, bbox_ctrness=0.5913
epoch 38/50 iter 1160/1860 loss=0.6591 mean_loss=0.7105 classification=0.0103, bbox_regression=0.0518, bbox_ctrness=0.5969
epoch 38/50 iter 1180/1860 loss=0.7321 mean_loss=0.7108 classification=0.0223, bbox_regression=0.0937, bbox_ctrness=0.6161
epoch 38/50 iter 1200/1860 loss=0.6807 mean_loss=0.7106 classification=0.0167, bbox_regression=0.0875, bbox_ctrness=0.5766
epoch 38/50 iter 1220/1860 loss=0.6937 mean_loss=0.7107 classification=0.0314, bbox_regression=0.0498, bbox_ctrness=0.6125
epoch 38/50 iter 1240/1860 loss=0.6722 mean_loss=0.7107 classification=0.0372, bbox_regression=0.0439, bbox_ctrness=0.5910
epoch 38/50 iter 1260/1860 loss=0.6535 mean_loss=0.7110 classification=0.0068, bbox_regression=0.0403, bbox_ctrness=0.6064
epoch 38/50 iter 1280/1860 loss=0.6489 mean_loss=0.7108 classification=0.0108, bbox_regression=0.0433, bbox_ctrness=0.5949
epoch 38/50 iter 1300/1860 loss=0.6941 mean_loss=0.7108 classification=0.0073, bbox_regression=0.0663, bbox_ctrness=0.6205
epoch 38/50 iter 1320/1860 loss=0.6847 mean_loss=0.7111 classification=0.0265, bbox_regression=0.0589, bbox_ctrness=0.5993
epoch 38/50 iter 1340/1860 loss=0.6949 mean_loss=0.7112 classification=0.0269, bbox_regression=0.0677, bbox_ctrness=0.6003
epoch 38/50 iter 1360/1860 loss=0.6513 mean_loss=0.7110 classification=0.0025, bbox_regression=0.0402, bbox_ctrness=0.6086
epoch 38/50 iter 1380/1860 loss=0.6549 mean_loss=0.7105 classification=0.0041, bbox_regression=0.0515, bbox_ctrness=0.5994
epoch 38/50 iter 1400/1860 loss=0.6807 mean_loss=0.7101 classification=0.0120, bbox_regression=0.0576, bbox_ctrness=0.6111
epoch 38/50 iter 1420/1860 loss=0.6803 mean_loss=0.7100 classification=0.0053, bbox_regression=0.0666, bbox_ctrness=0.6083
epoch 38/50 iter 1440/1860 loss=0.6697 mean_loss=0.7099 classification=0.0138, bbox_regression=0.0622, bbox_ctrness=0.5937
epoch 38/50 iter 1460/1860 loss=0.6541 mean_loss=0.7097 classification=0.0077, bbox_regression=0.0598, bbox_ctrness=0.5867
epoch 38/50 iter 1480/1860 loss=0.7763 mean_loss=0.7097 classification=0.0581, bbox_regression=0.0861, bbox_ctrness=0.6322
epoch 38/50 iter 1500/1860 loss=0.6691 mean_loss=0.7097 classification=0.0141, bbox_regression=0.0645, bbox_ctrness=0.5905
epoch 38/50 iter 1520/1860 loss=0.7738 mean_loss=0.7096 classification=0.0880, bbox_regression=0.0995, bbox_ctrness=0.5864
epoch 38/50 iter 1540/1860 loss=0.6649 mean_loss=0.7095 classification=0.0139, bbox_regression=0.0498, bbox_ctrness=0.6012
epoch 38/50 iter 1560/1860 loss=0.6677 mean_loss=0.7098 classification=0.0131, bbox_regression=0.0589, bbox_ctrness=0.5957
epoch 38/50 iter 1580/1860 loss=0.6509 mean_loss=0.7094 classification=0.0118, bbox_regression=0.0581, bbox_ctrness=0.5810
epoch 38/50 iter 1600/1860 loss=0.6929 mean_loss=0.7096 classification=0.0027, bbox_regression=0.0763, bbox_ctrness=0.6139
epoch 38/50 iter 1620/1860 loss=0.8062 mean_loss=0.7095 classification=0.0620, bbox_regression=0.1228, bbox_ctrness=0.6213
epoch 38/50 iter 1640/1860 loss=0.7226 mean_loss=0.7098 classification=0.0413, bbox_regression=0.0861, bbox_ctrness=0.5952
epoch 38/50 iter 1660/1860 loss=0.6326 mean_loss=0.7102 classification=0.0031, bbox_regression=0.0430, bbox_ctrness=0.5865
epoch 38/50 iter 1680/1860 loss=0.7523 mean_loss=0.7102 classification=0.0457, bbox_regression=0.0867, bbox_ctrness=0.6200
epoch 38/50 iter 1700/1860 loss=0.6704 mean_loss=0.7102 classification=0.0113, bbox_regression=0.0574, bbox_ctrness=0.6016
epoch 38/50 iter 1720/1860 loss=0.8293 mean_loss=0.7104 classification=0.1019, bbox_regression=0.1231, bbox_ctrness=0.6042
epoch 38/50 iter 1740/1860 loss=0.6557 mean_loss=0.7103 classification=0.0077, bbox_regression=0.0544, bbox_ctrness=0.5935
epoch 38/50 iter 1760/1860 loss=0.6494 mean_loss=0.7106 classification=0.0050, bbox_regression=0.0607, bbox_ctrness=0.5837
epoch 38/50 iter 1780/1860 loss=0.7196 mean_loss=0.7104 classification=0.0632, bbox_regression=0.0761, bbox_ctrness=0.5803
epoch 38/50 iter 1800/1860 loss=0.7368 mean_loss=0.7103 classification=0.0770, bbox_regression=0.0521, bbox_ctrness=0.6078
epoch 38/50 iter 1820/1860 loss=0.6490 mean_loss=0.7110 classification=0.0086, bbox_regression=0.0460, bbox_ctrness=0.5944
epoch 38/50 iter 1840/1860 loss=0.6523 mean_loss=0.7109 classification=0.0046, bbox_regression=0.0523, bbox_ctrness=0.5954
epoch 38/50 iter 1860/1860 loss=0.7354 mean_loss=0.7109 classification=0.0389, bbox_regression=0.0899, bbox_ctrness=0.6066
epoch 38 validation Precision=0.7162 Recall=0.9317 AP50=0.9122 AP75=0.8349 eval_fps=22.70 epoch_time_sec=869.3
saved checkpoint: E:\RepViT-main\runs\v48_complete_ablation\training\early_moddrop_seed2\weights\last.pt
epoch 39/50 iter 1/1860 loss=0.7095 mean_loss=0.7095 classification=0.0222, bbox_regression=0.0693, bbox_ctrness=0.6180
epoch 39/50 iter 20/1860 loss=0.6458 mean_loss=0.7100 classification=0.0169, bbox_regression=0.0486, bbox_ctrness=0.5804
epoch 39/50 iter 40/1860 loss=0.6700 mean_loss=0.6948 classification=0.0226, bbox_regression=0.0573, bbox_ctrness=0.5901
epoch 39/50 iter 60/1860 loss=0.6608 mean_loss=0.6970 classification=0.0123, bbox_regression=0.0668, bbox_ctrness=0.5817
epoch 39/50 iter 80/1860 loss=0.7086 mean_loss=0.6972 classification=0.0178, bbox_regression=0.0798, bbox_ctrness=0.6110
epoch 39/50 iter 100/1860 loss=0.6837 mean_loss=0.6983 classification=0.0200, bbox_regression=0.0534, bbox_ctrness=0.6103
epoch 39/50 iter 120/1860 loss=0.7169 mean_loss=0.6945 classification=0.0538, bbox_regression=0.0674, bbox_ctrness=0.5958
epoch 39/50 iter 140/1860 loss=0.6689 mean_loss=0.6938 classification=0.0229, bbox_regression=0.0537, bbox_ctrness=0.5923
epoch 39/50 iter 160/1860 loss=0.6521 mean_loss=0.6998 classification=0.0054, bbox_regression=0.0426, bbox_ctrness=0.6042
epoch 39/50 iter 180/1860 loss=0.6646 mean_loss=0.6976 classification=0.0155, bbox_regression=0.0530, bbox_ctrness=0.5961
epoch 39/50 iter 200/1860 loss=0.6626 mean_loss=0.7005 classification=0.0160, bbox_regression=0.0557, bbox_ctrness=0.5908
epoch 39/50 iter 220/1860 loss=0.6698 mean_loss=0.6988 classification=0.0090, bbox_regression=0.0480, bbox_ctrness=0.6128
epoch 39/50 iter 240/1860 loss=0.6568 mean_loss=0.6996 classification=0.0062, bbox_regression=0.0443, bbox_ctrness=0.6063
epoch 39/50 iter 260/1860 loss=0.6492 mean_loss=0.6993 classification=0.0036, bbox_regression=0.0364, bbox_ctrness=0.6092
epoch 39/50 iter 280/1860 loss=0.6680 mean_loss=0.6994 classification=0.0169, bbox_regression=0.0624, bbox_ctrness=0.5887
epoch 39/50 iter 300/1860 loss=0.7796 mean_loss=0.7002 classification=0.0654, bbox_regression=0.1128, bbox_ctrness=0.6014
epoch 39/50 iter 320/1860 loss=0.6664 mean_loss=0.7010 classification=0.0052, bbox_regression=0.0654, bbox_ctrness=0.5957
epoch 39/50 iter 340/1860 loss=0.6643 mean_loss=0.7024 classification=0.0204, bbox_regression=0.0595, bbox_ctrness=0.5844
epoch 39/50 iter 360/1860 loss=0.6426 mean_loss=0.7015 classification=0.0120, bbox_regression=0.0459, bbox_ctrness=0.5847
epoch 39/50 iter 380/1860 loss=0.9060 mean_loss=0.7035 classification=0.1943, bbox_regression=0.1157, bbox_ctrness=0.5961
epoch 39/50 iter 400/1860 loss=0.8108 mean_loss=0.7029 classification=0.0888, bbox_regression=0.1063, bbox_ctrness=0.6156
epoch 39/50 iter 420/1860 loss=0.6566 mean_loss=0.7029 classification=0.0031, bbox_regression=0.0567, bbox_ctrness=0.5968
epoch 39/50 iter 440/1860 loss=0.6874 mean_loss=0.7027 classification=0.0091, bbox_regression=0.0679, bbox_ctrness=0.6103
epoch 39/50 iter 460/1860 loss=0.6661 mean_loss=0.7025 classification=0.0200, bbox_regression=0.0600, bbox_ctrness=0.5862
epoch 39/50 iter 480/1860 loss=0.6643 mean_loss=0.7052 classification=0.0039, bbox_regression=0.0658, bbox_ctrness=0.5945
epoch 39/50 iter 500/1860 loss=0.6808 mean_loss=0.7045 classification=0.0042, bbox_regression=0.0722, bbox_ctrness=0.6043
epoch 39/50 iter 520/1860 loss=0.6965 mean_loss=0.7042 classification=0.0333, bbox_regression=0.0616, bbox_ctrness=0.6016
epoch 39/50 iter 540/1860 loss=0.6462 mean_loss=0.7041 classification=0.0080, bbox_regression=0.0418, bbox_ctrness=0.5963
epoch 39/50 iter 560/1860 loss=0.6448 mean_loss=0.7034 classification=0.0081, bbox_regression=0.0515, bbox_ctrness=0.5851
epoch 39/50 iter 580/1860 loss=0.6937 mean_loss=0.7037 classification=0.0262, bbox_regression=0.0632, bbox_ctrness=0.6043
epoch 39/50 iter 600/1860 loss=0.6583 mean_loss=0.7037 classification=0.0097, bbox_regression=0.0435, bbox_ctrness=0.6051
epoch 39/50 iter 620/1860 loss=0.6787 mean_loss=0.7031 classification=0.0204, bbox_regression=0.0688, bbox_ctrness=0.5894
epoch 39/50 iter 640/1860 loss=0.6327 mean_loss=0.7042 classification=0.0068, bbox_regression=0.0391, bbox_ctrness=0.5868
epoch 39/50 iter 660/1860 loss=0.6616 mean_loss=0.7045 classification=0.0066, bbox_regression=0.0562, bbox_ctrness=0.5988
epoch 39/50 iter 680/1860 loss=0.6651 mean_loss=0.7043 classification=0.0085, bbox_regression=0.0642, bbox_ctrness=0.5924
epoch 39/50 iter 700/1860 loss=0.6683 mean_loss=0.7053 classification=0.0237, bbox_regression=0.0401, bbox_ctrness=0.6045
epoch 39/50 iter 720/1860 loss=0.6584 mean_loss=0.7062 classification=0.0127, bbox_regression=0.0514, bbox_ctrness=0.5942
epoch 39/50 iter 740/1860 loss=0.6594 mean_loss=0.7063 classification=0.0105, bbox_regression=0.0572, bbox_ctrness=0.5918
epoch 39/50 iter 760/1860 loss=0.7474 mean_loss=0.7058 classification=0.0504, bbox_regression=0.1043, bbox_ctrness=0.5927
epoch 39/50 iter 780/1860 loss=0.6646 mean_loss=0.7059 classification=0.0136, bbox_regression=0.0531, bbox_ctrness=0.5979
epoch 39/50 iter 800/1860 loss=0.6541 mean_loss=0.7058 classification=0.0107, bbox_regression=0.0448, bbox_ctrness=0.5986
epoch 39/50 iter 820/1860 loss=0.7169 mean_loss=0.7050 classification=0.0596, bbox_regression=0.0681, bbox_ctrness=0.5892
epoch 39/50 iter 840/1860 loss=0.7808 mean_loss=0.7053 classification=0.0791, bbox_regression=0.0968, bbox_ctrness=0.6049
epoch 39/50 iter 860/1860 loss=0.6554 mean_loss=0.7059 classification=0.0054, bbox_regression=0.0518, bbox_ctrness=0.5981
epoch 39/50 iter 880/1860 loss=0.6396 mean_loss=0.7058 classification=0.0082, bbox_regression=0.0443, bbox_ctrness=0.5870
epoch 39/50 iter 900/1860 loss=0.6686 mean_loss=0.7061 classification=0.0205, bbox_regression=0.0584, bbox_ctrness=0.5897
epoch 39/50 iter 920/1860 loss=0.8548 mean_loss=0.7070 classification=0.1142, bbox_regression=0.1298, bbox_ctrness=0.6107
epoch 39/50 iter 940/1860 loss=0.6971 mean_loss=0.7069 classification=0.0190, bbox_regression=0.0689, bbox_ctrness=0.6091
epoch 39/50 iter 960/1860 loss=0.6996 mean_loss=0.7067 classification=0.0268, bbox_regression=0.0800, bbox_ctrness=0.5928
epoch 39/50 iter 980/1860 loss=0.6733 mean_loss=0.7075 classification=0.0354, bbox_regression=0.0585, bbox_ctrness=0.5794
epoch 39/50 iter 1000/1860 loss=0.7039 mean_loss=0.7081 classification=0.0404, bbox_regression=0.0699, bbox_ctrness=0.5936
epoch 39/50 iter 1020/1860 loss=0.6476 mean_loss=0.7080 classification=0.0170, bbox_regression=0.0501, bbox_ctrness=0.5804
epoch 39/50 iter 1040/1860 loss=0.6738 mean_loss=0.7080 classification=0.0140, bbox_regression=0.0630, bbox_ctrness=0.5968
epoch 39/50 iter 1060/1860 loss=0.6441 mean_loss=0.7078 classification=0.0044, bbox_regression=0.0394, bbox_ctrness=0.6002
epoch 39/50 iter 1080/1860 loss=0.6660 mean_loss=0.7079 classification=0.0140, bbox_regression=0.0622, bbox_ctrness=0.5898
epoch 39/50 iter 1100/1860 loss=0.6648 mean_loss=0.7074 classification=0.0057, bbox_regression=0.0525, bbox_ctrness=0.6065
epoch 39/50 iter 1120/1860 loss=0.6939 mean_loss=0.7074 classification=0.0370, bbox_regression=0.0580, bbox_ctrness=0.5989
epoch 39/50 iter 1140/1860 loss=0.7082 mean_loss=0.7077 classification=0.0147, bbox_regression=0.0753, bbox_ctrness=0.6182
epoch 39/50 iter 1160/1860 loss=0.6534 mean_loss=0.7080 classification=0.0089, bbox_regression=0.0465, bbox_ctrness=0.5979
epoch 39/50 iter 1180/1860 loss=0.6392 mean_loss=0.7075 classification=0.0121, bbox_regression=0.0437, bbox_ctrness=0.5834
epoch 39/50 iter 1200/1860 loss=0.6823 mean_loss=0.7082 classification=0.0181, bbox_regression=0.0757, bbox_ctrness=0.5885
epoch 39/50 iter 1220/1860 loss=0.6812 mean_loss=0.7084 classification=0.0155, bbox_regression=0.0582, bbox_ctrness=0.6076
epoch 39/50 iter 1240/1860 loss=0.6646 mean_loss=0.7093 classification=0.0164, bbox_regression=0.0527, bbox_ctrness=0.5955
epoch 39/50 iter 1260/1860 loss=0.7374 mean_loss=0.7093 classification=0.0371, bbox_regression=0.0802, bbox_ctrness=0.6202
epoch 39/50 iter 1280/1860 loss=0.7149 mean_loss=0.7088 classification=0.0079, bbox_regression=0.0802, bbox_ctrness=0.6268
epoch 39/50 iter 1300/1860 loss=0.6531 mean_loss=0.7084 classification=0.0055, bbox_regression=0.0560, bbox_ctrness=0.5916
epoch 39/50 iter 1320/1860 loss=0.6658 mean_loss=0.7087 classification=0.0217, bbox_regression=0.0470, bbox_ctrness=0.5971
epoch 39/50 iter 1340/1860 loss=0.8314 mean_loss=0.7088 classification=0.1061, bbox_regression=0.1134, bbox_ctrness=0.6119
epoch 39/50 iter 1360/1860 loss=0.6612 mean_loss=0.7086 classification=0.0004, bbox_regression=0.0469, bbox_ctrness=0.6140
epoch 39/50 iter 1380/1860 loss=0.6516 mean_loss=0.7097 classification=0.0052, bbox_regression=0.0586, bbox_ctrness=0.5878
epoch 39/50 iter 1400/1860 loss=0.6893 mean_loss=0.7098 classification=0.0203, bbox_regression=0.0567, bbox_ctrness=0.6123
epoch 39/50 iter 1420/1860 loss=0.7079 mean_loss=0.7096 classification=0.0168, bbox_regression=0.0930, bbox_ctrness=0.5980
epoch 39/50 iter 1440/1860 loss=0.6448 mean_loss=0.7099 classification=0.0026, bbox_regression=0.0542, bbox_ctrness=0.5879
epoch 39/50 iter 1460/1860 loss=0.6844 mean_loss=0.7098 classification=0.0362, bbox_regression=0.0508, bbox_ctrness=0.5975
epoch 39/50 iter 1480/1860 loss=0.6623 mean_loss=0.7099 classification=0.0116, bbox_regression=0.0496, bbox_ctrness=0.6011
epoch 39/50 iter 1500/1860 loss=0.6344 mean_loss=0.7101 classification=0.0100, bbox_regression=0.0346, bbox_ctrness=0.5898
epoch 39/50 iter 1520/1860 loss=0.8874 mean_loss=0.7104 classification=0.1252, bbox_regression=0.1591, bbox_ctrness=0.6031
epoch 39/50 iter 1540/1860 loss=0.7494 mean_loss=0.7099 classification=0.0793, bbox_regression=0.0850, bbox_ctrness=0.5852
epoch 39/50 iter 1560/1860 loss=0.6765 mean_loss=0.7101 classification=0.0236, bbox_regression=0.0590, bbox_ctrness=0.5939
epoch 39/50 iter 1580/1860 loss=0.7098 mean_loss=0.7098 classification=0.0224, bbox_regression=0.0826, bbox_ctrness=0.6049
epoch 39/50 iter 1600/1860 loss=0.6493 mean_loss=0.7094 classification=0.0160, bbox_regression=0.0478, bbox_ctrness=0.5855
epoch 39/50 iter 1620/1860 loss=0.6640 mean_loss=0.7091 classification=0.0174, bbox_regression=0.0644, bbox_ctrness=0.5822
epoch 39/50 iter 1640/1860 loss=0.8510 mean_loss=0.7091 classification=0.1160, bbox_regression=0.1177, bbox_ctrness=0.6173
epoch 39/50 iter 1660/1860 loss=0.6900 mean_loss=0.7089 classification=0.0093, bbox_regression=0.0654, bbox_ctrness=0.6152
epoch 39/50 iter 1680/1860 loss=0.8583 mean_loss=0.7090 classification=0.1022, bbox_regression=0.1400, bbox_ctrness=0.6161
epoch 39/50 iter 1700/1860 loss=0.6714 mean_loss=0.7089 classification=0.0043, bbox_regression=0.0695, bbox_ctrness=0.5976
epoch 39/50 iter 1720/1860 loss=0.6657 mean_loss=0.7088 classification=0.0181, bbox_regression=0.0618, bbox_ctrness=0.5859
epoch 39/50 iter 1740/1860 loss=0.6745 mean_loss=0.7089 classification=0.0036, bbox_regression=0.0687, bbox_ctrness=0.6021
epoch 39/50 iter 1760/1860 loss=0.6732 mean_loss=0.7091 classification=0.0080, bbox_regression=0.0604, bbox_ctrness=0.6049
epoch 39/50 iter 1780/1860 loss=1.2354 mean_loss=0.7094 classification=0.3294, bbox_regression=0.2792, bbox_ctrness=0.6268
epoch 39/50 iter 1800/1860 loss=0.7148 mean_loss=0.7098 classification=0.0237, bbox_regression=0.0790, bbox_ctrness=0.6121
epoch 39/50 iter 1820/1860 loss=0.6800 mean_loss=0.7100 classification=0.0055, bbox_regression=0.0531, bbox_ctrness=0.6214
epoch 39/50 iter 1840/1860 loss=0.6392 mean_loss=0.7100 classification=0.0051, bbox_regression=0.0434, bbox_ctrness=0.5907
epoch 39/50 iter 1860/1860 loss=0.6446 mean_loss=0.7101 classification=0.0062, bbox_regression=0.0517, bbox_ctrness=0.5867
epoch 39 validation Precision=0.6302 Recall=0.9497 AP50=0.9276 AP75=0.8493 eval_fps=22.30 epoch_time_sec=854.3
saved checkpoint: E:\RepViT-main\runs\v48_complete_ablation\training\early_moddrop_seed2\weights\last.pt
epoch 40/50 iter 1/1860 loss=0.6722 mean_loss=0.6722 classification=0.0082, bbox_regression=0.0494, bbox_ctrness=0.6146
epoch 40/50 iter 20/1860 loss=0.6671 mean_loss=0.6889 classification=0.0033, bbox_regression=0.0572, bbox_ctrness=0.6066
epoch 40/50 iter 40/1860 loss=0.7077 mean_loss=0.6946 classification=0.0472, bbox_regression=0.0609, bbox_ctrness=0.5996
epoch 40/50 iter 60/1860 loss=0.6819 mean_loss=0.7082 classification=0.0317, bbox_regression=0.0481, bbox_ctrness=0.6021
epoch 40/50 iter 80/1860 loss=0.6632 mean_loss=0.7053 classification=0.0097, bbox_regression=0.0587, bbox_ctrness=0.5948
epoch 40/50 iter 100/1860 loss=0.6516 mean_loss=0.7066 classification=0.0025, bbox_regression=0.0538, bbox_ctrness=0.5953
epoch 40/50 iter 120/1860 loss=0.7531 mean_loss=0.7028 classification=0.0472, bbox_regression=0.1037, bbox_ctrness=0.6022
epoch 40/50 iter 140/1860 loss=0.6646 mean_loss=0.7034 classification=0.0171, bbox_regression=0.0462, bbox_ctrness=0.6013
epoch 40/50 iter 160/1860 loss=0.8389 mean_loss=0.7086 classification=0.0953, bbox_regression=0.1325, bbox_ctrness=0.6110
epoch 40/50 iter 180/1860 loss=0.8283 mean_loss=0.7091 classification=0.1015, bbox_regression=0.1045, bbox_ctrness=0.6223
epoch 40/50 iter 200/1860 loss=0.7030 mean_loss=0.7069 classification=0.0331, bbox_regression=0.0709, bbox_ctrness=0.5990
epoch 40/50 iter 220/1860 loss=0.6582 mean_loss=0.7062 classification=0.0115, bbox_regression=0.0531, bbox_ctrness=0.5936
epoch 40/50 iter 240/1860 loss=0.6735 mean_loss=0.7080 classification=0.0186, bbox_regression=0.0625, bbox_ctrness=0.5924
epoch 40/50 iter 260/1860 loss=0.6291 mean_loss=0.7059 classification=0.0028, bbox_regression=0.0370, bbox_ctrness=0.5893
epoch 40/50 iter 280/1860 loss=0.6904 mean_loss=0.7071 classification=0.0132, bbox_regression=0.0756, bbox_ctrness=0.6016
epoch 40/50 iter 300/1860 loss=0.6546 mean_loss=0.7058 classification=0.0065, bbox_regression=0.0440, bbox_ctrness=0.6041
epoch 40/50 iter 320/1860 loss=0.6491 mean_loss=0.7052 classification=0.0041, bbox_regression=0.0530, bbox_ctrness=0.5920
epoch 40/50 iter 340/1860 loss=0.6757 mean_loss=0.7038 classification=0.0068, bbox_regression=0.0586, bbox_ctrness=0.6103
epoch 40/50 iter 360/1860 loss=0.6484 mean_loss=0.7057 classification=0.0046, bbox_regression=0.0480, bbox_ctrness=0.5958
epoch 40/50 iter 380/1860 loss=0.6566 mean_loss=0.7058 classification=0.0011, bbox_regression=0.0446, bbox_ctrness=0.6108
epoch 40/50 iter 400/1860 loss=0.6998 mean_loss=0.7046 classification=0.0276, bbox_regression=0.0801, bbox_ctrness=0.5921
epoch 40/50 iter 420/1860 loss=0.7791 mean_loss=0.7049 classification=0.0608, bbox_regression=0.0887, bbox_ctrness=0.6296
epoch 40/50 iter 440/1860 loss=0.6734 mean_loss=0.7031 classification=0.0171, bbox_regression=0.0634, bbox_ctrness=0.5928
epoch 40/50 iter 460/1860 loss=0.6180 mean_loss=0.7047 classification=0.0027, bbox_regression=0.0386, bbox_ctrness=0.5767
epoch 40/50 iter 480/1860 loss=0.9546 mean_loss=0.7049 classification=0.1870, bbox_regression=0.1558, bbox_ctrness=0.6118
epoch 40/50 iter 500/1860 loss=0.6477 mean_loss=0.7065 classification=0.0049, bbox_regression=0.0477, bbox_ctrness=0.5951
epoch 40/50 iter 520/1860 loss=0.7027 mean_loss=0.7068 classification=0.0380, bbox_regression=0.0761, bbox_ctrness=0.5887
epoch 40/50 iter 540/1860 loss=0.6704 mean_loss=0.7076 classification=0.0096, bbox_regression=0.0517, bbox_ctrness=0.6091
epoch 40/50 iter 560/1860 loss=0.6859 mean_loss=0.7087 classification=0.0141, bbox_regression=0.0598, bbox_ctrness=0.6120
epoch 40/50 iter 580/1860 loss=0.8750 mean_loss=0.7085 classification=0.0908, bbox_regression=0.1582, bbox_ctrness=0.6260
epoch 40/50 iter 600/1860 loss=0.6485 mean_loss=0.7081 classification=0.0050, bbox_regression=0.0471, bbox_ctrness=0.5964
epoch 40/50 iter 620/1860 loss=0.6780 mean_loss=0.7078 classification=0.0132, bbox_regression=0.0601, bbox_ctrness=0.6047
epoch 40/50 iter 640/1860 loss=0.7017 mean_loss=0.7085 classification=0.0150, bbox_regression=0.0878, bbox_ctrness=0.5989
epoch 40/50 iter 660/1860 loss=0.6489 mean_loss=0.7094 classification=0.0044, bbox_regression=0.0416, bbox_ctrness=0.6029
epoch 40/50 iter 680/1860 loss=0.6672 mean_loss=0.7102 classification=0.0091, bbox_regression=0.0535, bbox_ctrness=0.6046
epoch 40/50 iter 700/1860 loss=0.9804 mean_loss=0.7117 classification=0.1549, bbox_regression=0.1875, bbox_ctrness=0.6379
epoch 40/50 iter 720/1860 loss=0.7649 mean_loss=0.7122 classification=0.0465, bbox_regression=0.0983, bbox_ctrness=0.6201
epoch 40/50 iter 740/1860 loss=1.0046 mean_loss=0.7124 classification=0.1549, bbox_regression=0.2032, bbox_ctrness=0.6465
epoch 40/50 iter 760/1860 loss=0.6598 mean_loss=0.7124 classification=0.0096, bbox_regression=0.0482, bbox_ctrness=0.6020
epoch 40/50 iter 780/1860 loss=0.6405 mean_loss=0.7124 classification=0.0061, bbox_regression=0.0448, bbox_ctrness=0.5896
epoch 40/50 iter 800/1860 loss=0.6555 mean_loss=0.7129 classification=0.0093, bbox_regression=0.0433, bbox_ctrness=0.6029
epoch 40/50 iter 820/1860 loss=0.8571 mean_loss=0.7133 classification=0.1154, bbox_regression=0.1386, bbox_ctrness=0.6031
epoch 40/50 iter 840/1860 loss=0.6611 mean_loss=0.7129 classification=0.0097, bbox_regression=0.0593, bbox_ctrness=0.5920
epoch 40/50 iter 860/1860 loss=0.7211 mean_loss=0.7130 classification=0.0098, bbox_regression=0.0876, bbox_ctrness=0.6237
epoch 40/50 iter 880/1860 loss=0.6552 mean_loss=0.7132 classification=0.0094, bbox_regression=0.0504, bbox_ctrness=0.5954
epoch 40/50 iter 900/1860 loss=0.7493 mean_loss=0.7134 classification=0.0543, bbox_regression=0.0896, bbox_ctrness=0.6054
epoch 40/50 iter 920/1860 loss=0.6956 mean_loss=0.7132 classification=0.0239, bbox_regression=0.0726, bbox_ctrness=0.5990
epoch 40/50 iter 940/1860 loss=0.6798 mean_loss=0.7134 classification=0.0067, bbox_regression=0.0547, bbox_ctrness=0.6184
epoch 40/50 iter 960/1860 loss=0.6191 mean_loss=0.7133 classification=0.0024, bbox_regression=0.0462, bbox_ctrness=0.5706
epoch 40/50 iter 980/1860 loss=0.6786 mean_loss=0.7134 classification=0.0226, bbox_regression=0.0561, bbox_ctrness=0.5999
epoch 40/50 iter 1000/1860 loss=0.6765 mean_loss=0.7135 classification=0.0126, bbox_regression=0.0517, bbox_ctrness=0.6122
epoch 40/50 iter 1020/1860 loss=0.9752 mean_loss=0.7132 classification=0.1799, bbox_regression=0.1741, bbox_ctrness=0.6212
epoch 40/50 iter 1040/1860 loss=0.7283 mean_loss=0.7129 classification=0.0400, bbox_regression=0.0861, bbox_ctrness=0.6022
epoch 40/50 iter 1060/1860 loss=0.6542 mean_loss=0.7126 classification=0.0024, bbox_regression=0.0434, bbox_ctrness=0.6084
epoch 40/50 iter 1080/1860 loss=0.6583 mean_loss=0.7120 classification=0.0080, bbox_regression=0.0529, bbox_ctrness=0.5974
epoch 40/50 iter 1100/1860 loss=0.6628 mean_loss=0.7118 classification=0.0204, bbox_regression=0.0565, bbox_ctrness=0.5859
epoch 40/50 iter 1120/1860 loss=0.6512 mean_loss=0.7114 classification=0.0020, bbox_regression=0.0487, bbox_ctrness=0.6006
epoch 40/50 iter 1140/1860 loss=0.7720 mean_loss=0.7111 classification=0.0674, bbox_regression=0.0972, bbox_ctrness=0.6074
epoch 40/50 iter 1160/1860 loss=0.6773 mean_loss=0.7109 classification=0.0268, bbox_regression=0.0672, bbox_ctrness=0.5833
epoch 40/50 iter 1180/1860 loss=0.6433 mean_loss=0.7109 classification=0.0069, bbox_regression=0.0486, bbox_ctrness=0.5879
epoch 40/50 iter 1200/1860 loss=0.6705 mean_loss=0.7102 classification=0.0184, bbox_regression=0.0594, bbox_ctrness=0.5927
epoch 40/50 iter 1220/1860 loss=0.6669 mean_loss=0.7098 classification=0.0029, bbox_regression=0.0596, bbox_ctrness=0.6044
epoch 40/50 iter 1240/1860 loss=0.6822 mean_loss=0.7093 classification=0.0139, bbox_regression=0.0561, bbox_ctrness=0.6123
epoch 40/50 iter 1260/1860 loss=0.6650 mean_loss=0.7089 classification=0.0137, bbox_regression=0.0507, bbox_ctrness=0.6006
epoch 40/50 iter 1280/1860 loss=0.6655 mean_loss=0.7084 classification=0.0089, bbox_regression=0.0558, bbox_ctrness=0.6007
epoch 40/50 iter 1300/1860 loss=0.6255 mean_loss=0.7084 classification=0.0012, bbox_regression=0.0375, bbox_ctrness=0.5869
epoch 40/50 iter 1320/1860 loss=0.7084 mean_loss=0.7078 classification=0.0159, bbox_regression=0.0803, bbox_ctrness=0.6122
epoch 40/50 iter 1340/1860 loss=0.6890 mean_loss=0.7078 classification=0.0181, bbox_regression=0.0564, bbox_ctrness=0.6146
epoch 40/50 iter 1360/1860 loss=0.6456 mean_loss=0.7077 classification=0.0067, bbox_regression=0.0420, bbox_ctrness=0.5968
epoch 40/50 iter 1380/1860 loss=0.7843 mean_loss=0.7081 classification=0.0618, bbox_regression=0.1177, bbox_ctrness=0.6048
epoch 40/50 iter 1400/1860 loss=0.6338 mean_loss=0.7082 classification=0.0043, bbox_regression=0.0436, bbox_ctrness=0.5860
epoch 40/50 iter 1420/1860 loss=0.6836 mean_loss=0.7085 classification=0.0203, bbox_regression=0.0672, bbox_ctrness=0.5962
epoch 40/50 iter 1440/1860 loss=0.6771 mean_loss=0.7085 classification=0.0067, bbox_regression=0.0610, bbox_ctrness=0.6093
epoch 40/50 iter 1460/1860 loss=0.7415 mean_loss=0.7089 classification=0.0533, bbox_regression=0.0930, bbox_ctrness=0.5951
epoch 40/50 iter 1480/1860 loss=0.8619 mean_loss=0.7089 classification=0.1852, bbox_regression=0.0842, bbox_ctrness=0.5926
epoch 40/50 iter 1500/1860 loss=0.6523 mean_loss=0.7087 classification=0.0061, bbox_regression=0.0495, bbox_ctrness=0.5966
epoch 40/50 iter 1520/1860 loss=0.9320 mean_loss=0.7091 classification=0.1954, bbox_regression=0.1329, bbox_ctrness=0.6037
epoch 40/50 iter 1540/1860 loss=0.6556 mean_loss=0.7092 classification=0.0083, bbox_regression=0.0467, bbox_ctrness=0.6006
epoch 40/50 iter 1560/1860 loss=0.7184 mean_loss=0.7095 classification=0.0266, bbox_regression=0.0797, bbox_ctrness=0.6121
epoch 40/50 iter 1580/1860 loss=0.6476 mean_loss=0.7092 classification=0.0109, bbox_regression=0.0394, bbox_ctrness=0.5974
epoch 40/50 iter 1600/1860 loss=0.7551 mean_loss=0.7095 classification=0.0759, bbox_regression=0.0701, bbox_ctrness=0.6090
epoch 40/50 iter 1620/1860 loss=0.6929 mean_loss=0.7097 classification=0.0158, bbox_regression=0.0713, bbox_ctrness=0.6058
epoch 40/50 iter 1640/1860 loss=0.6565 mean_loss=0.7096 classification=0.0133, bbox_regression=0.0445, bbox_ctrness=0.5987
epoch 40/50 iter 1660/1860 loss=0.7895 mean_loss=0.7097 classification=0.1086, bbox_regression=0.0918, bbox_ctrness=0.5891
epoch 40/50 iter 1680/1860 loss=0.6382 mean_loss=0.7096 classification=0.0074, bbox_regression=0.0423, bbox_ctrness=0.5885
epoch 40/50 iter 1700/1860 loss=0.6333 mean_loss=0.7096 classification=0.0065, bbox_regression=0.0419, bbox_ctrness=0.5849
epoch 40/50 iter 1720/1860 loss=0.6392 mean_loss=0.7101 classification=0.0082, bbox_regression=0.0447, bbox_ctrness=0.5862
epoch 40/50 iter 1740/1860 loss=0.7665 mean_loss=0.7097 classification=0.0687, bbox_regression=0.0866, bbox_ctrness=0.6112
epoch 40/50 iter 1760/1860 loss=0.6646 mean_loss=0.7098 classification=0.0278, bbox_regression=0.0483, bbox_ctrness=0.5885
epoch 40/50 iter 1780/1860 loss=0.6667 mean_loss=0.7096 classification=0.0171, bbox_regression=0.0562, bbox_ctrness=0.5934
epoch 40/50 iter 1800/1860 loss=0.6511 mean_loss=0.7092 classification=0.0024, bbox_regression=0.0382, bbox_ctrness=0.6106
epoch 40/50 iter 1820/1860 loss=0.7960 mean_loss=0.7089 classification=0.0610, bbox_regression=0.1163, bbox_ctrness=0.6187
epoch 40/50 iter 1840/1860 loss=0.6691 mean_loss=0.7091 classification=0.0111, bbox_regression=0.0600, bbox_ctrness=0.5980
epoch 40/50 iter 1860/1860 loss=0.8353 mean_loss=0.7094 classification=0.0971, bbox_regression=0.1153, bbox_ctrness=0.6229
epoch 40 validation Precision=0.5649 Recall=0.9402 AP50=0.9154 AP75=0.8374 eval_fps=21.55 epoch_time_sec=857.5
saved checkpoint: E:\RepViT-main\runs\v48_complete_ablation\training\early_moddrop_seed2\weights\last.pt
epoch 41/50 iter 1/1860 loss=0.6541 mean_loss=0.6541 classification=0.0121, bbox_regression=0.0568, bbox_ctrness=0.5853
epoch 41/50 iter 20/1860 loss=1.1066 mean_loss=0.7564 classification=0.2914, bbox_regression=0.1885, bbox_ctrness=0.6267
epoch 41/50 iter 40/1860 loss=0.6379 mean_loss=0.7171 classification=0.0017, bbox_regression=0.0477, bbox_ctrness=0.5885
epoch 41/50 iter 60/1860 loss=0.6558 mean_loss=0.7051 classification=0.0026, bbox_regression=0.0441, bbox_ctrness=0.6090
epoch 41/50 iter 80/1860 loss=0.6564 mean_loss=0.7136 classification=0.0066, bbox_regression=0.0400, bbox_ctrness=0.6098
epoch 41/50 iter 100/1860 loss=0.6464 mean_loss=0.7072 classification=0.0033, bbox_regression=0.0615, bbox_ctrness=0.5816
epoch 41/50 iter 120/1860 loss=0.8021 mean_loss=0.7086 classification=0.0588, bbox_regression=0.1110, bbox_ctrness=0.6323
epoch 41/50 iter 140/1860 loss=0.7262 mean_loss=0.7028 classification=0.0639, bbox_regression=0.0580, bbox_ctrness=0.6043
epoch 41/50 iter 160/1860 loss=0.6477 mean_loss=0.7022 classification=0.0095, bbox_regression=0.0566, bbox_ctrness=0.5816
epoch 41/50 iter 180/1860 loss=0.8119 mean_loss=0.7030 classification=0.0652, bbox_regression=0.1236, bbox_ctrness=0.6231
epoch 41/50 iter 200/1860 loss=0.6553 mean_loss=0.7015 classification=0.0004, bbox_regression=0.0353, bbox_ctrness=0.6197
epoch 41/50 iter 220/1860 loss=0.6942 mean_loss=0.7023 classification=0.0278, bbox_regression=0.0672, bbox_ctrness=0.5992
epoch 41/50 iter 240/1860 loss=0.6651 mean_loss=0.7013 classification=0.0111, bbox_regression=0.0527, bbox_ctrness=0.6013
epoch 41/50 iter 260/1860 loss=0.8076 mean_loss=0.7074 classification=0.0848, bbox_regression=0.1151, bbox_ctrness=0.6077
epoch 41/50 iter 280/1860 loss=0.7608 mean_loss=0.7075 classification=0.0601, bbox_regression=0.1063, bbox_ctrness=0.5944
epoch 41/50 iter 300/1860 loss=0.6664 mean_loss=0.7064 classification=0.0002, bbox_regression=0.0528, bbox_ctrness=0.6134
epoch 41/50 iter 320/1860 loss=0.6545 mean_loss=0.7054 classification=0.0176, bbox_regression=0.0571, bbox_ctrness=0.5798
epoch 41/50 iter 340/1860 loss=0.6486 mean_loss=0.7036 classification=0.0048, bbox_regression=0.0466, bbox_ctrness=0.5972
epoch 41/50 iter 360/1860 loss=0.6956 mean_loss=0.7038 classification=0.0065, bbox_regression=0.0753, bbox_ctrness=0.6137
epoch 41/50 iter 380/1860 loss=0.7872 mean_loss=0.7030 classification=0.0961, bbox_regression=0.0979, bbox_ctrness=0.5932
epoch 41/50 iter 400/1860 loss=0.8420 mean_loss=0.7041 classification=0.1283, bbox_regression=0.1013, bbox_ctrness=0.6124
epoch 41/50 iter 420/1860 loss=0.6886 mean_loss=0.7046 classification=0.0367, bbox_regression=0.0656, bbox_ctrness=0.5863
epoch 41/50 iter 440/1860 loss=0.7340 mean_loss=0.7048 classification=0.0407, bbox_regression=0.0988, bbox_ctrness=0.5945
epoch 41/50 iter 460/1860 loss=0.6433 mean_loss=0.7039 classification=0.0010, bbox_regression=0.0445, bbox_ctrness=0.5978
epoch 41/50 iter 480/1860 loss=0.6507 mean_loss=0.7033 classification=0.0020, bbox_regression=0.0479, bbox_ctrness=0.6008
epoch 41/50 iter 500/1860 loss=1.0562 mean_loss=0.7043 classification=0.2099, bbox_regression=0.2066, bbox_ctrness=0.6397
epoch 41/50 iter 520/1860 loss=0.6498 mean_loss=0.7032 classification=0.0040, bbox_regression=0.0501, bbox_ctrness=0.5956
epoch 41/50 iter 540/1860 loss=0.6750 mean_loss=0.7029 classification=0.0101, bbox_regression=0.0592, bbox_ctrness=0.6058
epoch 41/50 iter 560/1860 loss=0.6524 mean_loss=0.7033 classification=0.0126, bbox_regression=0.0479, bbox_ctrness=0.5919
epoch 41/50 iter 580/1860 loss=0.7217 mean_loss=0.7033 classification=0.0391, bbox_regression=0.0828, bbox_ctrness=0.5998
epoch 41/50 iter 600/1860 loss=0.7016 mean_loss=0.7036 classification=0.0246, bbox_regression=0.0799, bbox_ctrness=0.5971
epoch 41/50 iter 620/1860 loss=0.6487 mean_loss=0.7024 classification=0.0029, bbox_regression=0.0456, bbox_ctrness=0.6002
epoch 41/50 iter 640/1860 loss=0.6525 mean_loss=0.7018 classification=0.0142, bbox_regression=0.0473, bbox_ctrness=0.5911
epoch 41/50 iter 660/1860 loss=0.6716 mean_loss=0.7017 classification=0.0155, bbox_regression=0.0642, bbox_ctrness=0.5920
epoch 41/50 iter 680/1860 loss=0.6633 mean_loss=0.7027 classification=0.0142, bbox_regression=0.0435, bbox_ctrness=0.6056
epoch 41/50 iter 700/1860 loss=0.9600 mean_loss=0.7036 classification=0.1807, bbox_regression=0.1674, bbox_ctrness=0.6119
epoch 41/50 iter 720/1860 loss=0.6459 mean_loss=0.7037 classification=0.0026, bbox_regression=0.0372, bbox_ctrness=0.6060
epoch 41/50 iter 740/1860 loss=1.7207 mean_loss=0.7052 classification=0.6289, bbox_regression=0.4050, bbox_ctrness=0.6868
epoch 41/50 iter 760/1860 loss=0.7654 mean_loss=0.7048 classification=0.0542, bbox_regression=0.0914, bbox_ctrness=0.6198
epoch 41/50 iter 780/1860 loss=0.6611 mean_loss=0.7048 classification=0.0111, bbox_regression=0.0719, bbox_ctrness=0.5781
epoch 41/50 iter 800/1860 loss=0.6882 mean_loss=0.7044 classification=0.0200, bbox_regression=0.0720, bbox_ctrness=0.5962
epoch 41/50 iter 820/1860 loss=0.6795 mean_loss=0.7039 classification=0.0308, bbox_regression=0.0513, bbox_ctrness=0.5975
epoch 41/50 iter 840/1860 loss=0.6774 mean_loss=0.7035 classification=0.0124, bbox_regression=0.0547, bbox_ctrness=0.6103
epoch 41/50 iter 860/1860 loss=0.6374 mean_loss=0.7042 classification=0.0078, bbox_regression=0.0518, bbox_ctrness=0.5778
epoch 41/50 iter 880/1860 loss=0.7311 mean_loss=0.7047 classification=0.0374, bbox_regression=0.0988, bbox_ctrness=0.5949
epoch 41/50 iter 900/1860 loss=0.7034 mean_loss=0.7044 classification=0.0300, bbox_regression=0.0658, bbox_ctrness=0.6076
epoch 41/50 iter 920/1860 loss=0.6619 mean_loss=0.7049 classification=0.0142, bbox_regression=0.0583, bbox_ctrness=0.5894
epoch 41/50 iter 940/1860 loss=1.2785 mean_loss=0.7047 classification=0.4588, bbox_regression=0.2262, bbox_ctrness=0.5936
epoch 41/50 iter 960/1860 loss=0.6489 mean_loss=0.7053 classification=0.0175, bbox_regression=0.0487, bbox_ctrness=0.5827
epoch 41/50 iter 980/1860 loss=0.8574 mean_loss=0.7053 classification=0.0937, bbox_regression=0.1361, bbox_ctrness=0.6276
epoch 41/50 iter 1000/1860 loss=0.7245 mean_loss=0.7051 classification=0.0392, bbox_regression=0.0793, bbox_ctrness=0.6060
epoch 41/50 iter 1020/1860 loss=0.9118 mean_loss=0.7053 classification=0.1566, bbox_regression=0.1472, bbox_ctrness=0.6080
epoch 41/50 iter 1040/1860 loss=0.9326 mean_loss=0.7052 classification=0.0958, bbox_regression=0.2010, bbox_ctrness=0.6359
epoch 41/50 iter 1060/1860 loss=0.6589 mean_loss=0.7056 classification=0.0079, bbox_regression=0.0450, bbox_ctrness=0.6060
epoch 41/50 iter 1080/1860 loss=0.8129 mean_loss=0.7056 classification=0.0760, bbox_regression=0.1085, bbox_ctrness=0.6284
epoch 41/50 iter 1100/1860 loss=0.9760 mean_loss=0.7054 classification=0.2168, bbox_regression=0.1495, bbox_ctrness=0.6097
epoch 41/50 iter 1120/1860 loss=0.6765 mean_loss=0.7051 classification=0.0157, bbox_regression=0.0732, bbox_ctrness=0.5876
epoch 41/50 iter 1140/1860 loss=0.7225 mean_loss=0.7052 classification=0.0301, bbox_regression=0.0852, bbox_ctrness=0.6072
epoch 41/50 iter 1160/1860 loss=0.6610 mean_loss=0.7056 classification=0.0190, bbox_regression=0.0533, bbox_ctrness=0.5887
epoch 41/50 iter 1180/1860 loss=0.6595 mean_loss=0.7052 classification=0.0008, bbox_regression=0.0569, bbox_ctrness=0.6019
epoch 41/50 iter 1200/1860 loss=0.6504 mean_loss=0.7050 classification=0.0098, bbox_regression=0.0557, bbox_ctrness=0.5850
epoch 41/50 iter 1220/1860 loss=0.6694 mean_loss=0.7049 classification=0.0070, bbox_regression=0.0449, bbox_ctrness=0.6176
epoch 41/50 iter 1240/1860 loss=0.6928 mean_loss=0.7053 classification=0.0059, bbox_regression=0.0648, bbox_ctrness=0.6221
epoch 41/50 iter 1260/1860 loss=0.6702 mean_loss=0.7058 classification=0.0174, bbox_regression=0.0557, bbox_ctrness=0.5971
epoch 41/50 iter 1280/1860 loss=0.6746 mean_loss=0.7057 classification=0.0097, bbox_regression=0.0595, bbox_ctrness=0.6055
epoch 41/50 iter 1300/1860 loss=0.6714 mean_loss=0.7058 classification=0.0036, bbox_regression=0.0499, bbox_ctrness=0.6179
epoch 41/50 iter 1320/1860 loss=0.6604 mean_loss=0.7059 classification=0.0042, bbox_regression=0.0587, bbox_ctrness=0.5975
epoch 41/50 iter 1340/1860 loss=0.6409 mean_loss=0.7056 classification=0.0114, bbox_regression=0.0425, bbox_ctrness=0.5870
epoch 41/50 iter 1360/1860 loss=0.6751 mean_loss=0.7062 classification=0.0014, bbox_regression=0.0571, bbox_ctrness=0.6166
epoch 41/50 iter 1380/1860 loss=0.6476 mean_loss=0.7057 classification=0.0031, bbox_regression=0.0442, bbox_ctrness=0.6003
epoch 41/50 iter 1400/1860 loss=0.6504 mean_loss=0.7056 classification=0.0020, bbox_regression=0.0578, bbox_ctrness=0.5906
epoch 41/50 iter 1420/1860 loss=0.6511 mean_loss=0.7052 classification=0.0150, bbox_regression=0.0462, bbox_ctrness=0.5899
epoch 41/50 iter 1440/1860 loss=0.6580 mean_loss=0.7059 classification=0.0094, bbox_regression=0.0595, bbox_ctrness=0.5891
epoch 41/50 iter 1460/1860 loss=0.7614 mean_loss=0.7064 classification=0.0637, bbox_regression=0.0940, bbox_ctrness=0.6037
epoch 41/50 iter 1480/1860 loss=0.6521 mean_loss=0.7061 classification=0.0007, bbox_regression=0.0475, bbox_ctrness=0.6039
epoch 41/50 iter 1500/1860 loss=0.6344 mean_loss=0.7060 classification=0.0064, bbox_regression=0.0466, bbox_ctrness=0.5815
epoch 41/50 iter 1520/1860 loss=0.6764 mean_loss=0.7059 classification=0.0027, bbox_regression=0.0633, bbox_ctrness=0.6105
epoch 41/50 iter 1540/1860 loss=0.9857 mean_loss=0.7062 classification=0.1833, bbox_regression=0.1808, bbox_ctrness=0.6216
epoch 41/50 iter 1560/1860 loss=0.6702 mean_loss=0.7060 classification=0.0274, bbox_regression=0.0444, bbox_ctrness=0.5983
epoch 41/50 iter 1580/1860 loss=0.6469 mean_loss=0.7062 classification=0.0078, bbox_regression=0.0435, bbox_ctrness=0.5955
epoch 41/50 iter 1600/1860 loss=0.6993 mean_loss=0.7067 classification=0.0343, bbox_regression=0.0595, bbox_ctrness=0.6055
epoch 41/50 iter 1620/1860 loss=0.7261 mean_loss=0.7066 classification=0.0551, bbox_regression=0.0763, bbox_ctrness=0.5948
epoch 41/50 iter 1640/1860 loss=0.7654 mean_loss=0.7064 classification=0.0537, bbox_regression=0.1002, bbox_ctrness=0.6115
epoch 41/50 iter 1660/1860 loss=0.6743 mean_loss=0.7062 classification=0.0057, bbox_regression=0.0547, bbox_ctrness=0.6139
epoch 41/50 iter 1680/1860 loss=0.6926 mean_loss=0.7064 classification=0.0126, bbox_regression=0.0655, bbox_ctrness=0.6145
epoch 41/50 iter 1700/1860 loss=0.6447 mean_loss=0.7063 classification=0.0095, bbox_regression=0.0449, bbox_ctrness=0.5902
epoch 41/50 iter 1720/1860 loss=0.6488 mean_loss=0.7066 classification=0.0094, bbox_regression=0.0497, bbox_ctrness=0.5898
epoch 41/50 iter 1740/1860 loss=0.7517 mean_loss=0.7077 classification=0.0615, bbox_regression=0.0940, bbox_ctrness=0.5962
epoch 41/50 iter 1760/1860 loss=0.6543 mean_loss=0.7078 classification=0.0050, bbox_regression=0.0572, bbox_ctrness=0.5921
epoch 41/50 iter 1780/1860 loss=0.6559 mean_loss=0.7076 classification=0.0098, bbox_regression=0.0475, bbox_ctrness=0.5986
epoch 41/50 iter 1800/1860 loss=0.6276 mean_loss=0.7074 classification=0.0049, bbox_regression=0.0434, bbox_ctrness=0.5793
epoch 41/50 iter 1820/1860 loss=0.6445 mean_loss=0.7074 classification=0.0041, bbox_regression=0.0460, bbox_ctrness=0.5944
epoch 41/50 iter 1840/1860 loss=0.6706 mean_loss=0.7076 classification=0.0120, bbox_regression=0.0713, bbox_ctrness=0.5873
epoch 41/50 iter 1860/1860 loss=0.6640 mean_loss=0.7078 classification=0.0056, bbox_regression=0.0639, bbox_ctrness=0.5944
epoch 41 validation Precision=0.7522 Recall=0.9238 AP50=0.9041 AP75=0.8225 eval_fps=21.18 epoch_time_sec=873.3
saved checkpoint: E:\RepViT-main\runs\v48_complete_ablation\training\early_moddrop_seed2\weights\last.pt
epoch 42/50 iter 1/1860 loss=0.6576 mean_loss=0.6576 classification=0.0169, bbox_regression=0.0544, bbox_ctrness=0.5863
epoch 42/50 iter 20/1860 loss=0.8408 mean_loss=0.6987 classification=0.1060, bbox_regression=0.1336, bbox_ctrness=0.6012
epoch 42/50 iter 40/1860 loss=0.7555 mean_loss=0.6894 classification=0.0664, bbox_regression=0.0936, bbox_ctrness=0.5956
epoch 42/50 iter 60/1860 loss=0.6920 mean_loss=0.7039 classification=0.0177, bbox_regression=0.0735, bbox_ctrness=0.6008
epoch 42/50 iter 80/1860 loss=0.6350 mean_loss=0.7090 classification=0.0043, bbox_regression=0.0365, bbox_ctrness=0.5942
epoch 42/50 iter 100/1860 loss=0.6374 mean_loss=0.7080 classification=0.0033, bbox_regression=0.0408, bbox_ctrness=0.5934
epoch 42/50 iter 120/1860 loss=0.8492 mean_loss=0.7170 classification=0.1002, bbox_regression=0.1289, bbox_ctrness=0.6201
epoch 42/50 iter 140/1860 loss=0.6573 mean_loss=0.7114 classification=0.0012, bbox_regression=0.0436, bbox_ctrness=0.6125
epoch 42/50 iter 160/1860 loss=0.8247 mean_loss=0.7128 classification=0.1151, bbox_regression=0.1098, bbox_ctrness=0.5999
epoch 42/50 iter 180/1860 loss=0.8392 mean_loss=0.7165 classification=0.1093, bbox_regression=0.1215, bbox_ctrness=0.6084
epoch 42/50 iter 200/1860 loss=0.6479 mean_loss=0.7137 classification=0.0025, bbox_regression=0.0461, bbox_ctrness=0.5994
epoch 42/50 iter 220/1860 loss=0.7132 mean_loss=0.7126 classification=0.0425, bbox_regression=0.0690, bbox_ctrness=0.6017
epoch 42/50 iter 240/1860 loss=0.8064 mean_loss=0.7106 classification=0.0946, bbox_regression=0.0998, bbox_ctrness=0.6120
epoch 42/50 iter 260/1860 loss=0.6611 mean_loss=0.7130 classification=0.0009, bbox_regression=0.0432, bbox_ctrness=0.6169
epoch 42/50 iter 280/1860 loss=0.6390 mean_loss=0.7106 classification=0.0061, bbox_regression=0.0394, bbox_ctrness=0.5934
epoch 42/50 iter 300/1860 loss=0.7209 mean_loss=0.7102 classification=0.0506, bbox_regression=0.0810, bbox_ctrness=0.5893
epoch 42/50 iter 320/1860 loss=0.6805 mean_loss=0.7106 classification=0.0144, bbox_regression=0.0723, bbox_ctrness=0.5937
epoch 42/50 iter 340/1860 loss=0.6355 mean_loss=0.7082 classification=0.0036, bbox_regression=0.0397, bbox_ctrness=0.5923
epoch 42/50 iter 360/1860 loss=0.6827 mean_loss=0.7106 classification=0.0104, bbox_regression=0.0616, bbox_ctrness=0.6107
epoch 42/50 iter 380/1860 loss=0.6578 mean_loss=0.7111 classification=0.0048, bbox_regression=0.0441, bbox_ctrness=0.6089
epoch 42/50 iter 400/1860 loss=0.7179 mean_loss=0.7147 classification=0.0409, bbox_regression=0.0600, bbox_ctrness=0.6170
epoch 42/50 iter 420/1860 loss=0.6511 mean_loss=0.7145 classification=0.0058, bbox_regression=0.0482, bbox_ctrness=0.5971
epoch 42/50 iter 440/1860 loss=0.7067 mean_loss=0.7137 classification=0.0072, bbox_regression=0.0976, bbox_ctrness=0.6020
epoch 42/50 iter 460/1860 loss=0.6605 mean_loss=0.7130 classification=0.0106, bbox_regression=0.0402, bbox_ctrness=0.6098
epoch 42/50 iter 480/1860 loss=0.6660 mean_loss=0.7130 classification=0.0035, bbox_regression=0.0530, bbox_ctrness=0.6096
epoch 42/50 iter 500/1860 loss=0.7386 mean_loss=0.7119 classification=0.0268, bbox_regression=0.0964, bbox_ctrness=0.6154
epoch 42/50 iter 520/1860 loss=0.7209 mean_loss=0.7120 classification=0.0392, bbox_regression=0.0916, bbox_ctrness=0.5901
epoch 42/50 iter 540/1860 loss=0.7327 mean_loss=0.7118 classification=0.0616, bbox_regression=0.0829, bbox_ctrness=0.5882
epoch 42/50 iter 560/1860 loss=0.6648 mean_loss=0.7111 classification=0.0116, bbox_regression=0.0459, bbox_ctrness=0.6073
epoch 42/50 iter 580/1860 loss=0.8592 mean_loss=0.7110 classification=0.1781, bbox_regression=0.0887, bbox_ctrness=0.5923
epoch 42/50 iter 600/1860 loss=0.6477 mean_loss=0.7116 classification=0.0040, bbox_regression=0.0450, bbox_ctrness=0.5987
epoch 42/50 iter 620/1860 loss=0.6811 mean_loss=0.7111 classification=0.0115, bbox_regression=0.0708, bbox_ctrness=0.5988
epoch 42/50 iter 640/1860 loss=0.6782 mean_loss=0.7109 classification=0.0056, bbox_regression=0.0560, bbox_ctrness=0.6166
epoch 42/50 iter 660/1860 loss=0.6552 mean_loss=0.7115 classification=0.0026, bbox_regression=0.0388, bbox_ctrness=0.6137
epoch 42/50 iter 680/1860 loss=0.7962 mean_loss=0.7118 classification=0.0790, bbox_regression=0.1129, bbox_ctrness=0.6043
epoch 42/50 iter 700/1860 loss=0.6372 mean_loss=0.7117 classification=0.0061, bbox_regression=0.0424, bbox_ctrness=0.5886
epoch 42/50 iter 720/1860 loss=0.7750 mean_loss=0.7122 classification=0.0821, bbox_regression=0.0922, bbox_ctrness=0.6008
epoch 42/50 iter 740/1860 loss=0.7020 mean_loss=0.7116 classification=0.0275, bbox_regression=0.0760, bbox_ctrness=0.5984
epoch 42/50 iter 760/1860 loss=0.6912 mean_loss=0.7108 classification=0.0079, bbox_regression=0.0533, bbox_ctrness=0.6300
epoch 42/50 iter 780/1860 loss=0.7145 mean_loss=0.7099 classification=0.0343, bbox_regression=0.0790, bbox_ctrness=0.6011
epoch 42/50 iter 800/1860 loss=0.6789 mean_loss=0.7094 classification=0.0087, bbox_regression=0.0598, bbox_ctrness=0.6105
epoch 42/50 iter 820/1860 loss=0.6923 mean_loss=0.7088 classification=0.0149, bbox_regression=0.0805, bbox_ctrness=0.5969
epoch 42/50 iter 840/1860 loss=0.8500 mean_loss=0.7096 classification=0.1332, bbox_regression=0.1001, bbox_ctrness=0.6167
epoch 42/50 iter 860/1860 loss=0.6560 mean_loss=0.7093 classification=0.0113, bbox_regression=0.0540, bbox_ctrness=0.5907
epoch 42/50 iter 880/1860 loss=0.6475 mean_loss=0.7097 classification=0.0073, bbox_regression=0.0413, bbox_ctrness=0.5990
epoch 42/50 iter 900/1860 loss=0.6689 mean_loss=0.7097 classification=0.0019, bbox_regression=0.0560, bbox_ctrness=0.6111
epoch 42/50 iter 920/1860 loss=0.7304 mean_loss=0.7098 classification=0.0535, bbox_regression=0.0632, bbox_ctrness=0.6138
epoch 42/50 iter 940/1860 loss=0.6717 mean_loss=0.7099 classification=0.0057, bbox_regression=0.0603, bbox_ctrness=0.6057
epoch 42/50 iter 960/1860 loss=0.6601 mean_loss=0.7099 classification=0.0119, bbox_regression=0.0525, bbox_ctrness=0.5956
epoch 42/50 iter 980/1860 loss=0.7388 mean_loss=0.7101 classification=0.0308, bbox_regression=0.0983, bbox_ctrness=0.6097
epoch 42/50 iter 1000/1860 loss=0.6631 mean_loss=0.7097 classification=0.0017, bbox_regression=0.0571, bbox_ctrness=0.6043
epoch 42/50 iter 1020/1860 loss=0.7748 mean_loss=0.7096 classification=0.0988, bbox_regression=0.0834, bbox_ctrness=0.5926
epoch 42/50 iter 1040/1860 loss=0.7641 mean_loss=0.7099 classification=0.0614, bbox_regression=0.0941, bbox_ctrness=0.6086
epoch 42/50 iter 1060/1860 loss=0.6480 mean_loss=0.7094 classification=0.0048, bbox_regression=0.0478, bbox_ctrness=0.5954
epoch 42/50 iter 1080/1860 loss=0.6672 mean_loss=0.7092 classification=0.0088, bbox_regression=0.0565, bbox_ctrness=0.6020
epoch 42/50 iter 1100/1860 loss=0.6654 mean_loss=0.7086 classification=0.0138, bbox_regression=0.0544, bbox_ctrness=0.5973
epoch 42/50 iter 1120/1860 loss=0.6447 mean_loss=0.7085 classification=0.0010, bbox_regression=0.0384, bbox_ctrness=0.6053
epoch 42/50 iter 1140/1860 loss=0.6895 mean_loss=0.7080 classification=0.0272, bbox_regression=0.0711, bbox_ctrness=0.5913
epoch 42/50 iter 1160/1860 loss=0.6777 mean_loss=0.7073 classification=0.0010, bbox_regression=0.0689, bbox_ctrness=0.6078
epoch 42/50 iter 1180/1860 loss=0.7038 mean_loss=0.7069 classification=0.0267, bbox_regression=0.0955, bbox_ctrness=0.5815
epoch 42/50 iter 1200/1860 loss=0.6434 mean_loss=0.7065 classification=0.0106, bbox_regression=0.0512, bbox_ctrness=0.5817
epoch 42/50 iter 1220/1860 loss=0.6508 mean_loss=0.7065 classification=0.0145, bbox_regression=0.0442, bbox_ctrness=0.5921
epoch 42/50 iter 1240/1860 loss=0.7660 mean_loss=0.7065 classification=0.0744, bbox_regression=0.0977, bbox_ctrness=0.5939
epoch 42/50 iter 1260/1860 loss=0.6582 mean_loss=0.7066 classification=0.0047, bbox_regression=0.0554, bbox_ctrness=0.5981
epoch 42/50 iter 1280/1860 loss=0.6441 mean_loss=0.7063 classification=0.0007, bbox_regression=0.0440, bbox_ctrness=0.5993
epoch 42/50 iter 1300/1860 loss=0.8723 mean_loss=0.7066 classification=0.1650, bbox_regression=0.1123, bbox_ctrness=0.5951
epoch 42/50 iter 1320/1860 loss=0.6498 mean_loss=0.7062 classification=0.0057, bbox_regression=0.0570, bbox_ctrness=0.5872
epoch 42/50 iter 1340/1860 loss=0.6702 mean_loss=0.7059 classification=0.0009, bbox_regression=0.0473, bbox_ctrness=0.6220
epoch 42/50 iter 1360/1860 loss=0.6463 mean_loss=0.7054 classification=0.0152, bbox_regression=0.0493, bbox_ctrness=0.5819
epoch 42/50 iter 1380/1860 loss=0.7013 mean_loss=0.7058 classification=0.0485, bbox_regression=0.0394, bbox_ctrness=0.6134
epoch 42/50 iter 1400/1860 loss=0.7333 mean_loss=0.7062 classification=0.0319, bbox_regression=0.0897, bbox_ctrness=0.6116
epoch 42/50 iter 1420/1860 loss=0.6939 mean_loss=0.7060 classification=0.0213, bbox_regression=0.0663, bbox_ctrness=0.6063
epoch 42/50 iter 1440/1860 loss=0.7193 mean_loss=0.7058 classification=0.0227, bbox_regression=0.0842, bbox_ctrness=0.6124
epoch 42/50 iter 1460/1860 loss=0.7284 mean_loss=0.7058 classification=0.0854, bbox_regression=0.0631, bbox_ctrness=0.5800
epoch 42/50 iter 1480/1860 loss=0.6612 mean_loss=0.7059 classification=0.0025, bbox_regression=0.0449, bbox_ctrness=0.6138
epoch 42/50 iter 1500/1860 loss=0.6952 mean_loss=0.7057 classification=0.0199, bbox_regression=0.0662, bbox_ctrness=0.6090
epoch 42/50 iter 1520/1860 loss=0.6722 mean_loss=0.7055 classification=0.0321, bbox_regression=0.0604, bbox_ctrness=0.5798
epoch 42/50 iter 1540/1860 loss=0.6493 mean_loss=0.7057 classification=0.0033, bbox_regression=0.0450, bbox_ctrness=0.6010
epoch 42/50 iter 1560/1860 loss=0.8055 mean_loss=0.7065 classification=0.0822, bbox_regression=0.1098, bbox_ctrness=0.6134
epoch 42/50 iter 1580/1860 loss=0.8150 mean_loss=0.7064 classification=0.0922, bbox_regression=0.1118, bbox_ctrness=0.6110
epoch 42/50 iter 1600/1860 loss=0.7386 mean_loss=0.7061 classification=0.0660, bbox_regression=0.0890, bbox_ctrness=0.5837
epoch 42/50 iter 1620/1860 loss=0.7757 mean_loss=0.7060 classification=0.0694, bbox_regression=0.1008, bbox_ctrness=0.6056
epoch 42/50 iter 1640/1860 loss=0.7211 mean_loss=0.7058 classification=0.0379, bbox_regression=0.0706, bbox_ctrness=0.6125
epoch 42/50 iter 1660/1860 loss=0.6773 mean_loss=0.7056 classification=0.0169, bbox_regression=0.0685, bbox_ctrness=0.5919
epoch 42/50 iter 1680/1860 loss=0.6776 mean_loss=0.7053 classification=0.0110, bbox_regression=0.0653, bbox_ctrness=0.6013
epoch 42/50 iter 1700/1860 loss=0.6846 mean_loss=0.7058 classification=0.0154, bbox_regression=0.0721, bbox_ctrness=0.5971
epoch 42/50 iter 1720/1860 loss=0.7888 mean_loss=0.7057 classification=0.0611, bbox_regression=0.1131, bbox_ctrness=0.6145
epoch 42/50 iter 1740/1860 loss=0.8070 mean_loss=0.7060 classification=0.0757, bbox_regression=0.1132, bbox_ctrness=0.6181
epoch 42/50 iter 1760/1860 loss=0.6759 mean_loss=0.7061 classification=0.0053, bbox_regression=0.0660, bbox_ctrness=0.6047
epoch 42/50 iter 1780/1860 loss=0.6383 mean_loss=0.7069 classification=0.0037, bbox_regression=0.0384, bbox_ctrness=0.5962
epoch 42/50 iter 1800/1860 loss=0.7600 mean_loss=0.7069 classification=0.0478, bbox_regression=0.1034, bbox_ctrness=0.6088
epoch 42/50 iter 1820/1860 loss=0.8242 mean_loss=0.7072 classification=0.0787, bbox_regression=0.1308, bbox_ctrness=0.6147
epoch 42/50 iter 1840/1860 loss=0.8297 mean_loss=0.7073 classification=0.0926, bbox_regression=0.1256, bbox_ctrness=0.6115
epoch 42/50 iter 1860/1860 loss=1.0295 mean_loss=0.7072 classification=0.2115, bbox_regression=0.2027, bbox_ctrness=0.6154
epoch 42 validation Precision=0.4964 Recall=0.9540 AP50=0.9217 AP75=0.8402 eval_fps=21.36 epoch_time_sec=875.8
saved checkpoint: E:\RepViT-main\runs\v48_complete_ablation\training\early_moddrop_seed2\weights\last.pt
epoch 43/50 iter 1/1860 loss=0.6483 mean_loss=0.6483 classification=0.0208, bbox_regression=0.0374, bbox_ctrness=0.5901
epoch 43/50 iter 20/1860 loss=0.7948 mean_loss=0.6968 classification=0.0519, bbox_regression=0.1196, bbox_ctrness=0.6233
epoch 43/50 iter 40/1860 loss=0.6430 mean_loss=0.7016 classification=0.0062, bbox_regression=0.0437, bbox_ctrness=0.5932
epoch 43/50 iter 60/1860 loss=0.7190 mean_loss=0.6985 classification=0.0046, bbox_regression=0.0972, bbox_ctrness=0.6172
epoch 43/50 iter 80/1860 loss=0.7237 mean_loss=0.6972 classification=0.0615, bbox_regression=0.0752, bbox_ctrness=0.5871
epoch 43/50 iter 100/1860 loss=0.7049 mean_loss=0.6994 classification=0.0289, bbox_regression=0.0757, bbox_ctrness=0.6003
epoch 43/50 iter 120/1860 loss=0.7321 mean_loss=0.7008 classification=0.0582, bbox_regression=0.0632, bbox_ctrness=0.6107
epoch 43/50 iter 140/1860 loss=0.6423 mean_loss=0.7052 classification=0.0078, bbox_regression=0.0376, bbox_ctrness=0.5970
epoch 43/50 iter 160/1860 loss=0.8349 mean_loss=0.7061 classification=0.1436, bbox_regression=0.1043, bbox_ctrness=0.5870
epoch 43/50 iter 180/1860 loss=0.8404 mean_loss=0.7065 classification=0.1089, bbox_regression=0.1107, bbox_ctrness=0.6208
epoch 43/50 iter 200/1860 loss=0.6656 mean_loss=0.7076 classification=0.0096, bbox_regression=0.0509, bbox_ctrness=0.6050
epoch 43/50 iter 220/1860 loss=0.6633 mean_loss=0.7080 classification=0.0104, bbox_regression=0.0548, bbox_ctrness=0.5981
epoch 43/50 iter 240/1860 loss=0.6419 mean_loss=0.7065 classification=0.0024, bbox_regression=0.0442, bbox_ctrness=0.5952
epoch 43/50 iter 260/1860 loss=0.6741 mean_loss=0.7068 classification=0.0104, bbox_regression=0.0606, bbox_ctrness=0.6030
epoch 43/50 iter 280/1860 loss=0.6652 mean_loss=0.7049 classification=0.0124, bbox_regression=0.0458, bbox_ctrness=0.6070
epoch 43/50 iter 300/1860 loss=0.6600 mean_loss=0.7046 classification=0.0084, bbox_regression=0.0515, bbox_ctrness=0.6001
epoch 43/50 iter 320/1860 loss=0.7344 mean_loss=0.7071 classification=0.0680, bbox_regression=0.0586, bbox_ctrness=0.6078
epoch 43/50 iter 340/1860 loss=0.6574 mean_loss=0.7082 classification=0.0200, bbox_regression=0.0429, bbox_ctrness=0.5945
epoch 43/50 iter 360/1860 loss=0.6491 mean_loss=0.7082 classification=0.0098, bbox_regression=0.0444, bbox_ctrness=0.5949
epoch 43/50 iter 380/1860 loss=0.7102 mean_loss=0.7070 classification=0.0374, bbox_regression=0.0788, bbox_ctrness=0.5940
epoch 43/50 iter 400/1860 loss=0.6754 mean_loss=0.7063 classification=0.0228, bbox_regression=0.0478, bbox_ctrness=0.6049
epoch 43/50 iter 420/1860 loss=0.7352 mean_loss=0.7067 classification=0.0704, bbox_regression=0.0788, bbox_ctrness=0.5860
epoch 43/50 iter 440/1860 loss=0.6751 mean_loss=0.7052 classification=0.0170, bbox_regression=0.0616, bbox_ctrness=0.5964
epoch 43/50 iter 460/1860 loss=0.6420 mean_loss=0.7055 classification=0.0134, bbox_regression=0.0492, bbox_ctrness=0.5794
epoch 43/50 iter 480/1860 loss=0.6972 mean_loss=0.7056 classification=0.0252, bbox_regression=0.0609, bbox_ctrness=0.6111
epoch 43/50 iter 500/1860 loss=0.6831 mean_loss=0.7063 classification=0.0119, bbox_regression=0.0705, bbox_ctrness=0.6007
epoch 43/50 iter 520/1860 loss=0.9332 mean_loss=0.7065 classification=0.1507, bbox_regression=0.1540, bbox_ctrness=0.6285
epoch 43/50 iter 540/1860 loss=0.7051 mean_loss=0.7056 classification=0.0144, bbox_regression=0.0747, bbox_ctrness=0.6159
epoch 43/50 iter 560/1860 loss=0.6695 mean_loss=0.7060 classification=0.0238, bbox_regression=0.0592, bbox_ctrness=0.5865
epoch 43/50 iter 580/1860 loss=0.6106 mean_loss=0.7054 classification=0.0068, bbox_regression=0.0351, bbox_ctrness=0.5687
epoch 43/50 iter 600/1860 loss=0.6454 mean_loss=0.7056 classification=0.0110, bbox_regression=0.0497, bbox_ctrness=0.5847
epoch 43/50 iter 620/1860 loss=0.6493 mean_loss=0.7051 classification=0.0188, bbox_regression=0.0400, bbox_ctrness=0.5904
epoch 43/50 iter 640/1860 loss=0.6452 mean_loss=0.7050 classification=0.0070, bbox_regression=0.0403, bbox_ctrness=0.5979
epoch 43/50 iter 660/1860 loss=0.7894 mean_loss=0.7055 classification=0.0782, bbox_regression=0.1072, bbox_ctrness=0.6040
epoch 43/50 iter 680/1860 loss=0.6697 mean_loss=0.7054 classification=0.0021, bbox_regression=0.0477, bbox_ctrness=0.6199
epoch 43/50 iter 700/1860 loss=0.6584 mean_loss=0.7046 classification=0.0021, bbox_regression=0.0493, bbox_ctrness=0.6070
epoch 43/50 iter 720/1860 loss=0.6605 mean_loss=0.7043 classification=0.0171, bbox_regression=0.0447, bbox_ctrness=0.5988
epoch 43/50 iter 740/1860 loss=0.7466 mean_loss=0.7046 classification=0.0565, bbox_regression=0.0891, bbox_ctrness=0.6010
epoch 43/50 iter 760/1860 loss=0.6591 mean_loss=0.7042 classification=0.0065, bbox_regression=0.0486, bbox_ctrness=0.6040
epoch 43/50 iter 780/1860 loss=1.0293 mean_loss=0.7048 classification=0.2261, bbox_regression=0.1835, bbox_ctrness=0.6198
epoch 43/50 iter 800/1860 loss=0.6541 mean_loss=0.7045 classification=0.0054, bbox_regression=0.0487, bbox_ctrness=0.6000
epoch 43/50 iter 820/1860 loss=0.7138 mean_loss=0.7043 classification=0.0227, bbox_regression=0.0838, bbox_ctrness=0.6073
epoch 43/50 iter 840/1860 loss=0.6740 mean_loss=0.7045 classification=0.0220, bbox_regression=0.0660, bbox_ctrness=0.5860
epoch 43/50 iter 860/1860 loss=0.6650 mean_loss=0.7047 classification=0.0111, bbox_regression=0.0544, bbox_ctrness=0.5994
epoch 43/50 iter 880/1860 loss=0.6687 mean_loss=0.7050 classification=0.0075, bbox_regression=0.0633, bbox_ctrness=0.5979
epoch 43/50 iter 900/1860 loss=0.6447 mean_loss=0.7052 classification=0.0051, bbox_regression=0.0370, bbox_ctrness=0.6026
epoch 43/50 iter 920/1860 loss=0.6443 mean_loss=0.7054 classification=0.0095, bbox_regression=0.0511, bbox_ctrness=0.5837
epoch 43/50 iter 940/1860 loss=0.8001 mean_loss=0.7057 classification=0.0958, bbox_regression=0.1064, bbox_ctrness=0.5979
epoch 43/50 iter 960/1860 loss=0.6569 mean_loss=0.7052 classification=0.0038, bbox_regression=0.0608, bbox_ctrness=0.5923
epoch 43/50 iter 980/1860 loss=0.6542 mean_loss=0.7046 classification=0.0097, bbox_regression=0.0462, bbox_ctrness=0.5982
epoch 43/50 iter 1000/1860 loss=0.6518 mean_loss=0.7048 classification=0.0015, bbox_regression=0.0451, bbox_ctrness=0.6051
epoch 43/50 iter 1020/1860 loss=1.0267 mean_loss=0.7047 classification=0.2082, bbox_regression=0.1891, bbox_ctrness=0.6294
epoch 43/50 iter 1040/1860 loss=0.6924 mean_loss=0.7048 classification=0.0055, bbox_regression=0.0721, bbox_ctrness=0.6148
epoch 43/50 iter 1060/1860 loss=0.6523 mean_loss=0.7045 classification=0.0088, bbox_regression=0.0483, bbox_ctrness=0.5951
epoch 43/50 iter 1080/1860 loss=0.6806 mean_loss=0.7046 classification=0.0215, bbox_regression=0.0682, bbox_ctrness=0.5909
epoch 43/50 iter 1100/1860 loss=0.6632 mean_loss=0.7043 classification=0.0093, bbox_regression=0.0482, bbox_ctrness=0.6057
epoch 43/50 iter 1120/1860 loss=0.6439 mean_loss=0.7038 classification=0.0009, bbox_regression=0.0394, bbox_ctrness=0.6036
epoch 43/50 iter 1140/1860 loss=0.7630 mean_loss=0.7038 classification=0.0608, bbox_regression=0.0910, bbox_ctrness=0.6111
epoch 43/50 iter 1160/1860 loss=0.6476 mean_loss=0.7041 classification=0.0011, bbox_regression=0.0436, bbox_ctrness=0.6029
epoch 43/50 iter 1180/1860 loss=0.6504 mean_loss=0.7037 classification=0.0025, bbox_regression=0.0481, bbox_ctrness=0.5998
epoch 43/50 iter 1200/1860 loss=0.6690 mean_loss=0.7037 classification=0.0122, bbox_regression=0.0526, bbox_ctrness=0.6043
epoch 43/50 iter 1220/1860 loss=0.6851 mean_loss=0.7034 classification=0.0232, bbox_regression=0.0611, bbox_ctrness=0.6008
epoch 43/50 iter 1240/1860 loss=0.6704 mean_loss=0.7032 classification=0.0141, bbox_regression=0.0535, bbox_ctrness=0.6029
epoch 43/50 iter 1260/1860 loss=0.8923 mean_loss=0.7034 classification=0.1383, bbox_regression=0.1416, bbox_ctrness=0.6124
epoch 43/50 iter 1280/1860 loss=0.6577 mean_loss=0.7034 classification=0.0147, bbox_regression=0.0513, bbox_ctrness=0.5917
epoch 43/50 iter 1300/1860 loss=0.6551 mean_loss=0.7036 classification=0.0040, bbox_regression=0.0580, bbox_ctrness=0.5931
epoch 43/50 iter 1320/1860 loss=0.6939 mean_loss=0.7035 classification=0.0394, bbox_regression=0.0402, bbox_ctrness=0.6142
epoch 43/50 iter 1340/1860 loss=0.6648 mean_loss=0.7037 classification=0.0047, bbox_regression=0.0529, bbox_ctrness=0.6072
epoch 43/50 iter 1360/1860 loss=0.6936 mean_loss=0.7040 classification=0.0183, bbox_regression=0.0671, bbox_ctrness=0.6082
epoch 43/50 iter 1380/1860 loss=0.7639 mean_loss=0.7040 classification=0.0459, bbox_regression=0.1041, bbox_ctrness=0.6139
epoch 43/50 iter 1400/1860 loss=0.7519 mean_loss=0.7038 classification=0.0687, bbox_regression=0.0756, bbox_ctrness=0.6076
epoch 43/50 iter 1420/1860 loss=0.6609 mean_loss=0.7037 classification=0.0011, bbox_regression=0.0568, bbox_ctrness=0.6030
epoch 43/50 iter 1440/1860 loss=0.6561 mean_loss=0.7037 classification=0.0097, bbox_regression=0.0468, bbox_ctrness=0.5996
epoch 43/50 iter 1460/1860 loss=0.6366 mean_loss=0.7037 classification=0.0063, bbox_regression=0.0435, bbox_ctrness=0.5868
epoch 43/50 iter 1480/1860 loss=0.6765 mean_loss=0.7039 classification=0.0037, bbox_regression=0.0567, bbox_ctrness=0.6161
epoch 43/50 iter 1500/1860 loss=0.6967 mean_loss=0.7040 classification=0.0094, bbox_regression=0.0533, bbox_ctrness=0.6340
epoch 43/50 iter 1520/1860 loss=0.7562 mean_loss=0.7045 classification=0.0686, bbox_regression=0.0947, bbox_ctrness=0.5929
epoch 43/50 iter 1540/1860 loss=0.8315 mean_loss=0.7052 classification=0.1015, bbox_regression=0.1213, bbox_ctrness=0.6087
epoch 43/50 iter 1560/1860 loss=0.6511 mean_loss=0.7053 classification=0.0083, bbox_regression=0.0458, bbox_ctrness=0.5970
epoch 43/50 iter 1580/1860 loss=0.6807 mean_loss=0.7057 classification=0.0157, bbox_regression=0.0502, bbox_ctrness=0.6149
epoch 43/50 iter 1600/1860 loss=0.6448 mean_loss=0.7055 classification=0.0117, bbox_regression=0.0442, bbox_ctrness=0.5888
epoch 43/50 iter 1620/1860 loss=0.7612 mean_loss=0.7057 classification=0.0421, bbox_regression=0.0966, bbox_ctrness=0.6225
epoch 43/50 iter 1640/1860 loss=0.6439 mean_loss=0.7055 classification=0.0078, bbox_regression=0.0381, bbox_ctrness=0.5980
epoch 43/50 iter 1660/1860 loss=0.6589 mean_loss=0.7053 classification=0.0102, bbox_regression=0.0604, bbox_ctrness=0.5882
epoch 43/50 iter 1680/1860 loss=0.6744 mean_loss=0.7053 classification=0.0111, bbox_regression=0.0564, bbox_ctrness=0.6069
epoch 43/50 iter 1700/1860 loss=1.0195 mean_loss=0.7054 classification=0.2188, bbox_regression=0.1968, bbox_ctrness=0.6039
epoch 43/50 iter 1720/1860 loss=0.8019 mean_loss=0.7056 classification=0.0978, bbox_regression=0.0961, bbox_ctrness=0.6080
epoch 43/50 iter 1740/1860 loss=0.6585 mean_loss=0.7053 classification=0.0046, bbox_regression=0.0445, bbox_ctrness=0.6094
epoch 43/50 iter 1760/1860 loss=0.6555 mean_loss=0.7051 classification=0.0189, bbox_regression=0.0532, bbox_ctrness=0.5834
epoch 43/50 iter 1780/1860 loss=0.6460 mean_loss=0.7048 classification=0.0086, bbox_regression=0.0503, bbox_ctrness=0.5871
epoch 43/50 iter 1800/1860 loss=0.6632 mean_loss=0.7048 classification=0.0083, bbox_regression=0.0558, bbox_ctrness=0.5991
epoch 43/50 iter 1820/1860 loss=0.6498 mean_loss=0.7049 classification=0.0131, bbox_regression=0.0460, bbox_ctrness=0.5907
epoch 43/50 iter 1840/1860 loss=0.8551 mean_loss=0.7051 classification=0.1045, bbox_regression=0.1413, bbox_ctrness=0.6093
epoch 43/50 iter 1860/1860 loss=0.7338 mean_loss=0.7056 classification=0.0611, bbox_regression=0.0705, bbox_ctrness=0.6023
epoch 43 validation Precision=0.5892 Recall=0.9431 AP50=0.9146 AP75=0.8308 eval_fps=20.92 epoch_time_sec=885.5
saved checkpoint: E:\RepViT-main\runs\v48_complete_ablation\training\early_moddrop_seed2\weights\last.pt
epoch 44/50 iter 1/1860 loss=0.6647 mean_loss=0.6647 classification=0.0068, bbox_regression=0.0478, bbox_ctrness=0.6101
epoch 44/50 iter 20/1860 loss=0.6751 mean_loss=0.6796 classification=0.0019, bbox_regression=0.0663, bbox_ctrness=0.6070
epoch 44/50 iter 40/1860 loss=0.6781 mean_loss=0.6784 classification=0.0141, bbox_regression=0.0599, bbox_ctrness=0.6041
epoch 44/50 iter 60/1860 loss=0.6711 mean_loss=0.7048 classification=0.0152, bbox_regression=0.0596, bbox_ctrness=0.5962
epoch 44/50 iter 80/1860 loss=0.6534 mean_loss=0.6995 classification=0.0052, bbox_regression=0.0507, bbox_ctrness=0.5976
epoch 44/50 iter 100/1860 loss=0.6707 mean_loss=0.7040 classification=0.0124, bbox_regression=0.0467, bbox_ctrness=0.6116
epoch 44/50 iter 120/1860 loss=0.6782 mean_loss=0.7078 classification=0.0144, bbox_regression=0.0565, bbox_ctrness=0.6073
epoch 44/50 iter 140/1860 loss=0.6264 mean_loss=0.7049 classification=0.0025, bbox_regression=0.0372, bbox_ctrness=0.5867
epoch 44/50 iter 160/1860 loss=0.7879 mean_loss=0.7037 classification=0.1024, bbox_regression=0.0848, bbox_ctrness=0.6006
epoch 44/50 iter 180/1860 loss=0.6470 mean_loss=0.6987 classification=0.0034, bbox_regression=0.0417, bbox_ctrness=0.6020
epoch 44/50 iter 200/1860 loss=0.6908 mean_loss=0.6968 classification=0.0494, bbox_regression=0.0529, bbox_ctrness=0.5886
epoch 44/50 iter 220/1860 loss=0.6647 mean_loss=0.7012 classification=0.0034, bbox_regression=0.0586, bbox_ctrness=0.6027
epoch 44/50 iter 240/1860 loss=0.6600 mean_loss=0.7001 classification=0.0155, bbox_regression=0.0586, bbox_ctrness=0.5859
epoch 44/50 iter 260/1860 loss=0.7766 mean_loss=0.6991 classification=0.0793, bbox_regression=0.0904, bbox_ctrness=0.6068
epoch 44/50 iter 280/1860 loss=0.6902 mean_loss=0.6982 classification=0.0225, bbox_regression=0.0604, bbox_ctrness=0.6073
epoch 44/50 iter 300/1860 loss=0.7751 mean_loss=0.6986 classification=0.1197, bbox_regression=0.0672, bbox_ctrness=0.5882
epoch 44/50 iter 320/1860 loss=0.6581 mean_loss=0.6994 classification=0.0009, bbox_regression=0.0552, bbox_ctrness=0.6021
epoch 44/50 iter 340/1860 loss=0.6747 mean_loss=0.7007 classification=0.0190, bbox_regression=0.0567, bbox_ctrness=0.5991
epoch 44/50 iter 360/1860 loss=0.6389 mean_loss=0.7007 classification=0.0089, bbox_regression=0.0405, bbox_ctrness=0.5894
epoch 44/50 iter 380/1860 loss=0.6906 mean_loss=0.7000 classification=0.0476, bbox_regression=0.0546, bbox_ctrness=0.5883
epoch 44/50 iter 400/1860 loss=0.6537 mean_loss=0.7000 classification=0.0066, bbox_regression=0.0416, bbox_ctrness=0.6055
epoch 44/50 iter 420/1860 loss=0.9176 mean_loss=0.7011 classification=0.1665, bbox_regression=0.1418, bbox_ctrness=0.6094
epoch 44/50 iter 440/1860 loss=0.7098 mean_loss=0.7019 classification=0.0469, bbox_regression=0.0711, bbox_ctrness=0.5918
epoch 44/50 iter 460/1860 loss=0.6582 mean_loss=0.7009 classification=0.0093, bbox_regression=0.0527, bbox_ctrness=0.5962
epoch 44/50 iter 480/1860 loss=0.8630 mean_loss=0.7020 classification=0.0924, bbox_regression=0.1455, bbox_ctrness=0.6252
epoch 44/50 iter 500/1860 loss=0.6630 mean_loss=0.7020 classification=0.0060, bbox_regression=0.0724, bbox_ctrness=0.5846
epoch 44/50 iter 520/1860 loss=0.6474 mean_loss=0.7009 classification=0.0014, bbox_regression=0.0447, bbox_ctrness=0.6013
epoch 44/50 iter 540/1860 loss=0.6352 mean_loss=0.7006 classification=0.0020, bbox_regression=0.0486, bbox_ctrness=0.5846
epoch 44/50 iter 560/1860 loss=0.7404 mean_loss=0.6999 classification=0.0663, bbox_regression=0.0836, bbox_ctrness=0.5905
epoch 44/50 iter 580/1860 loss=0.6332 mean_loss=0.6996 classification=0.0017, bbox_regression=0.0450, bbox_ctrness=0.5865
epoch 44/50 iter 600/1860 loss=0.6628 mean_loss=0.6988 classification=0.0046, bbox_regression=0.0512, bbox_ctrness=0.6069
epoch 44/50 iter 620/1860 loss=0.7972 mean_loss=0.6976 classification=0.0707, bbox_regression=0.1152, bbox_ctrness=0.6113
epoch 44/50 iter 640/1860 loss=0.7357 mean_loss=0.6967 classification=0.0382, bbox_regression=0.0834, bbox_ctrness=0.6141
epoch 44/50 iter 660/1860 loss=0.6882 mean_loss=0.6960 classification=0.0191, bbox_regression=0.0609, bbox_ctrness=0.6082
epoch 44/50 iter 680/1860 loss=0.6409 mean_loss=0.6956 classification=0.0014, bbox_regression=0.0443, bbox_ctrness=0.5952
epoch 44/50 iter 700/1860 loss=0.6912 mean_loss=0.6963 classification=0.0258, bbox_regression=0.0647, bbox_ctrness=0.6006
epoch 44/50 iter 720/1860 loss=0.6594 mean_loss=0.6967 classification=0.0194, bbox_regression=0.0509, bbox_ctrness=0.5891
epoch 44/50 iter 740/1860 loss=0.6577 mean_loss=0.6970 classification=0.0117, bbox_regression=0.0498, bbox_ctrness=0.5962
epoch 44/50 iter 760/1860 loss=0.6544 mean_loss=0.6974 classification=0.0140, bbox_regression=0.0416, bbox_ctrness=0.5988
epoch 44/50 iter 780/1860 loss=0.6665 mean_loss=0.6985 classification=0.0179, bbox_regression=0.0506, bbox_ctrness=0.5981
epoch 44/50 iter 800/1860 loss=0.7324 mean_loss=0.6980 classification=0.0293, bbox_regression=0.0884, bbox_ctrness=0.6148
epoch 44/50 iter 820/1860 loss=0.7347 mean_loss=0.6983 classification=0.0462, bbox_regression=0.0702, bbox_ctrness=0.6184
epoch 44/50 iter 840/1860 loss=0.6832 mean_loss=0.6987 classification=0.0008, bbox_regression=0.0468, bbox_ctrness=0.6356
epoch 44/50 iter 860/1860 loss=0.7281 mean_loss=0.6983 classification=0.0581, bbox_regression=0.0643, bbox_ctrness=0.6057
epoch 44/50 iter 880/1860 loss=0.7783 mean_loss=0.6984 classification=0.1190, bbox_regression=0.0631, bbox_ctrness=0.5962
epoch 44/50 iter 900/1860 loss=0.6858 mean_loss=0.6982 classification=0.0279, bbox_regression=0.0577, bbox_ctrness=0.6002
epoch 44/50 iter 920/1860 loss=0.7674 mean_loss=0.6995 classification=0.0941, bbox_regression=0.0788, bbox_ctrness=0.5946
epoch 44/50 iter 940/1860 loss=0.6794 mean_loss=0.6997 classification=0.0254, bbox_regression=0.0571, bbox_ctrness=0.5969
epoch 44/50 iter 960/1860 loss=0.7076 mean_loss=0.6999 classification=0.0246, bbox_regression=0.0752, bbox_ctrness=0.6078
epoch 44/50 iter 980/1860 loss=0.6986 mean_loss=0.6996 classification=0.0189, bbox_regression=0.0686, bbox_ctrness=0.6111
epoch 44/50 iter 1000/1860 loss=0.6767 mean_loss=0.7002 classification=0.0512, bbox_regression=0.0355, bbox_ctrness=0.5900
epoch 44/50 iter 1020/1860 loss=0.6691 mean_loss=0.6999 classification=0.0095, bbox_regression=0.0449, bbox_ctrness=0.6148
epoch 44/50 iter 1040/1860 loss=0.6340 mean_loss=0.6993 classification=0.0072, bbox_regression=0.0374, bbox_ctrness=0.5894
epoch 44/50 iter 1060/1860 loss=0.6542 mean_loss=0.6992 classification=0.0088, bbox_regression=0.0523, bbox_ctrness=0.5931
epoch 44/50 iter 1080/1860 loss=0.6915 mean_loss=0.6989 classification=0.0081, bbox_regression=0.0675, bbox_ctrness=0.6158
epoch 44/50 iter 1100/1860 loss=0.7870 mean_loss=0.6991 classification=0.0488, bbox_regression=0.1140, bbox_ctrness=0.6243
epoch 44/50 iter 1120/1860 loss=0.7828 mean_loss=0.6990 classification=0.0840, bbox_regression=0.1006, bbox_ctrness=0.5982
epoch 44/50 iter 1140/1860 loss=0.7356 mean_loss=0.6988 classification=0.0278, bbox_regression=0.0888, bbox_ctrness=0.6191
epoch 44/50 iter 1160/1860 loss=0.6301 mean_loss=0.6985 classification=0.0019, bbox_regression=0.0396, bbox_ctrness=0.5886
epoch 44/50 iter 1180/1860 loss=0.6682 mean_loss=0.6990 classification=0.0161, bbox_regression=0.0587, bbox_ctrness=0.5934
epoch 44/50 iter 1200/1860 loss=0.6956 mean_loss=0.6988 classification=0.0156, bbox_regression=0.0761, bbox_ctrness=0.6039
epoch 44/50 iter 1220/1860 loss=0.7419 mean_loss=0.6987 classification=0.0314, bbox_regression=0.0897, bbox_ctrness=0.6208
epoch 44/50 iter 1240/1860 loss=0.6649 mean_loss=0.6987 classification=0.0160, bbox_regression=0.0622, bbox_ctrness=0.5866
epoch 44/50 iter 1260/1860 loss=0.6413 mean_loss=0.6984 classification=0.0101, bbox_regression=0.0440, bbox_ctrness=0.5872
epoch 44/50 iter 1280/1860 loss=0.7539 mean_loss=0.6983 classification=0.0840, bbox_regression=0.0777, bbox_ctrness=0.5922
epoch 44/50 iter 1300/1860 loss=0.7106 mean_loss=0.6983 classification=0.0483, bbox_regression=0.0635, bbox_ctrness=0.5989
epoch 44/50 iter 1320/1860 loss=0.6865 mean_loss=0.6980 classification=0.0205, bbox_regression=0.0499, bbox_ctrness=0.6161
epoch 44/50 iter 1340/1860 loss=0.6583 mean_loss=0.6979 classification=0.0033, bbox_regression=0.0445, bbox_ctrness=0.6105
epoch 44/50 iter 1360/1860 loss=0.6735 mean_loss=0.6987 classification=0.0060, bbox_regression=0.0532, bbox_ctrness=0.6143
epoch 44/50 iter 1380/1860 loss=0.6830 mean_loss=0.6986 classification=0.0249, bbox_regression=0.0659, bbox_ctrness=0.5921
epoch 44/50 iter 1400/1860 loss=0.6323 mean_loss=0.6987 classification=0.0109, bbox_regression=0.0361, bbox_ctrness=0.5854
epoch 44/50 iter 1420/1860 loss=0.6626 mean_loss=0.6988 classification=0.0043, bbox_regression=0.0514, bbox_ctrness=0.6069
epoch 44/50 iter 1440/1860 loss=0.6858 mean_loss=0.6989 classification=0.0319, bbox_regression=0.0542, bbox_ctrness=0.5997
epoch 44/50 iter 1460/1860 loss=0.6692 mean_loss=0.6991 classification=0.0029, bbox_regression=0.0419, bbox_ctrness=0.6244
epoch 44/50 iter 1480/1860 loss=0.6593 mean_loss=0.6990 classification=0.0190, bbox_regression=0.0486, bbox_ctrness=0.5917
epoch 44/50 iter 1500/1860 loss=0.6521 mean_loss=0.6989 classification=0.0132, bbox_regression=0.0496, bbox_ctrness=0.5894
epoch 44/50 iter 1520/1860 loss=0.6483 mean_loss=0.6989 classification=0.0166, bbox_regression=0.0472, bbox_ctrness=0.5844
epoch 44/50 iter 1540/1860 loss=0.6945 mean_loss=0.6990 classification=0.0141, bbox_regression=0.0610, bbox_ctrness=0.6194
epoch 44/50 iter 1560/1860 loss=0.6528 mean_loss=0.6987 classification=0.0039, bbox_regression=0.0506, bbox_ctrness=0.5983
epoch 44/50 iter 1580/1860 loss=0.7914 mean_loss=0.6984 classification=0.0899, bbox_regression=0.1087, bbox_ctrness=0.5928
epoch 44/50 iter 1600/1860 loss=0.9871 mean_loss=0.6985 classification=0.1555, bbox_regression=0.1984, bbox_ctrness=0.6332
epoch 44/50 iter 1620/1860 loss=0.6292 mean_loss=0.6985 classification=0.0041, bbox_regression=0.0400, bbox_ctrness=0.5851
epoch 44/50 iter 1640/1860 loss=0.6086 mean_loss=0.6989 classification=0.0029, bbox_regression=0.0438, bbox_ctrness=0.5620
epoch 44/50 iter 1660/1860 loss=0.8840 mean_loss=0.6991 classification=0.1154, bbox_regression=0.1358, bbox_ctrness=0.6328
epoch 44/50 iter 1680/1860 loss=0.6487 mean_loss=0.6990 classification=0.0072, bbox_regression=0.0510, bbox_ctrness=0.5905
epoch 44/50 iter 1700/1860 loss=0.6550 mean_loss=0.6989 classification=0.0009, bbox_regression=0.0475, bbox_ctrness=0.6066
epoch 44/50 iter 1720/1860 loss=0.6634 mean_loss=0.6988 classification=0.0133, bbox_regression=0.0561, bbox_ctrness=0.5941
epoch 44/50 iter 1740/1860 loss=0.6811 mean_loss=0.6990 classification=0.0099, bbox_regression=0.0655, bbox_ctrness=0.6057
epoch 44/50 iter 1760/1860 loss=0.6638 mean_loss=0.6991 classification=0.0010, bbox_regression=0.0491, bbox_ctrness=0.6137
epoch 44/50 iter 1780/1860 loss=0.6483 mean_loss=0.6991 classification=0.0046, bbox_regression=0.0405, bbox_ctrness=0.6033
epoch 44/50 iter 1800/1860 loss=0.6654 mean_loss=0.6990 classification=0.0175, bbox_regression=0.0631, bbox_ctrness=0.5849
epoch 44/50 iter 1820/1860 loss=0.6767 mean_loss=0.6989 classification=0.0100, bbox_regression=0.0723, bbox_ctrness=0.5945
epoch 44/50 iter 1840/1860 loss=0.6712 mean_loss=0.6992 classification=0.0007, bbox_regression=0.0475, bbox_ctrness=0.6230
epoch 44/50 iter 1860/1860 loss=0.6592 mean_loss=0.6992 classification=0.0024, bbox_regression=0.0453, bbox_ctrness=0.6115
epoch 44 validation Precision=0.7544 Recall=0.9199 AP50=0.9038 AP75=0.8327 eval_fps=22.93 epoch_time_sec=850.5
saved checkpoint: E:\RepViT-main\runs\v48_complete_ablation\training\early_moddrop_seed2\weights\last.pt
epoch 45/50 iter 1/1860 loss=0.6699 mean_loss=0.6699 classification=0.0223, bbox_regression=0.0481, bbox_ctrness=0.5994
epoch 45/50 iter 20/1860 loss=0.6667 mean_loss=0.7135 classification=0.0003, bbox_regression=0.0562, bbox_ctrness=0.6103
epoch 45/50 iter 40/1860 loss=0.6794 mean_loss=0.7043 classification=0.0019, bbox_regression=0.0533, bbox_ctrness=0.6242
epoch 45/50 iter 60/1860 loss=0.6906 mean_loss=0.7037 classification=0.0196, bbox_regression=0.0509, bbox_ctrness=0.6201
epoch 45/50 iter 80/1860 loss=0.7422 mean_loss=0.7049 classification=0.0469, bbox_regression=0.0955, bbox_ctrness=0.5998
epoch 45/50 iter 100/1860 loss=0.8102 mean_loss=0.7008 classification=0.0944, bbox_regression=0.1145, bbox_ctrness=0.6013
epoch 45/50 iter 120/1860 loss=0.6802 mean_loss=0.7008 classification=0.0277, bbox_regression=0.0693, bbox_ctrness=0.5832
epoch 45/50 iter 140/1860 loss=0.6935 mean_loss=0.7044 classification=0.0173, bbox_regression=0.0653, bbox_ctrness=0.6109
epoch 45/50 iter 160/1860 loss=0.6712 mean_loss=0.7071 classification=0.0026, bbox_regression=0.0600, bbox_ctrness=0.6086
epoch 45/50 iter 180/1860 loss=0.7540 mean_loss=0.7048 classification=0.0758, bbox_regression=0.0603, bbox_ctrness=0.6179
epoch 45/50 iter 200/1860 loss=0.7001 mean_loss=0.7051 classification=0.0299, bbox_regression=0.0645, bbox_ctrness=0.6057
epoch 45/50 iter 220/1860 loss=0.6489 mean_loss=0.7041 classification=0.0037, bbox_regression=0.0443, bbox_ctrness=0.6009
epoch 45/50 iter 240/1860 loss=0.6394 mean_loss=0.7047 classification=0.0007, bbox_regression=0.0424, bbox_ctrness=0.5963
epoch 45/50 iter 260/1860 loss=0.6915 mean_loss=0.7047 classification=0.0321, bbox_regression=0.0734, bbox_ctrness=0.5860
epoch 45/50 iter 280/1860 loss=0.7449 mean_loss=0.7051 classification=0.0540, bbox_regression=0.0796, bbox_ctrness=0.6113
epoch 45/50 iter 300/1860 loss=0.6225 mean_loss=0.7051 classification=0.0041, bbox_regression=0.0400, bbox_ctrness=0.5784
epoch 45/50 iter 320/1860 loss=1.0513 mean_loss=0.7055 classification=0.2275, bbox_regression=0.1930, bbox_ctrness=0.6308
epoch 45/50 iter 340/1860 loss=0.7714 mean_loss=0.7074 classification=0.0779, bbox_regression=0.0934, bbox_ctrness=0.6001
epoch 45/50 iter 360/1860 loss=0.8070 mean_loss=0.7083 classification=0.0588, bbox_regression=0.1271, bbox_ctrness=0.6211
epoch 45/50 iter 380/1860 loss=0.7274 mean_loss=0.7098 classification=0.0362, bbox_regression=0.0777, bbox_ctrness=0.6134
epoch 45/50 iter 400/1860 loss=0.7992 mean_loss=0.7095 classification=0.0757, bbox_regression=0.1154, bbox_ctrness=0.6082
epoch 45/50 iter 420/1860 loss=0.6991 mean_loss=0.7086 classification=0.0476, bbox_regression=0.0507, bbox_ctrness=0.6008
epoch 45/50 iter 440/1860 loss=0.6637 mean_loss=0.7073 classification=0.0202, bbox_regression=0.0506, bbox_ctrness=0.5930
epoch 45/50 iter 460/1860 loss=0.7563 mean_loss=0.7070 classification=0.0930, bbox_regression=0.0632, bbox_ctrness=0.6001
epoch 45/50 iter 480/1860 loss=0.6512 mean_loss=0.7078 classification=0.0100, bbox_regression=0.0499, bbox_ctrness=0.5913
epoch 45/50 iter 500/1860 loss=0.7350 mean_loss=0.7075 classification=0.0586, bbox_regression=0.0891, bbox_ctrness=0.5873
epoch 45/50 iter 520/1860 loss=0.6526 mean_loss=0.7075 classification=0.0155, bbox_regression=0.0554, bbox_ctrness=0.5816
epoch 45/50 iter 540/1860 loss=0.7237 mean_loss=0.7085 classification=0.0378, bbox_regression=0.0854, bbox_ctrness=0.6005
epoch 45/50 iter 560/1860 loss=0.6647 mean_loss=0.7075 classification=0.0123, bbox_regression=0.0493, bbox_ctrness=0.6031
epoch 45/50 iter 580/1860 loss=0.6529 mean_loss=0.7064 classification=0.0049, bbox_regression=0.0472, bbox_ctrness=0.6007
epoch 45/50 iter 600/1860 loss=0.6663 mean_loss=0.7062 classification=0.0300, bbox_regression=0.0428, bbox_ctrness=0.5935
epoch 45/50 iter 620/1860 loss=0.6545 mean_loss=0.7063 classification=0.0038, bbox_regression=0.0448, bbox_ctrness=0.6059
epoch 45/50 iter 640/1860 loss=0.6818 mean_loss=0.7059 classification=0.0405, bbox_regression=0.0497, bbox_ctrness=0.5916
epoch 45/50 iter 660/1860 loss=0.9437 mean_loss=0.7065 classification=0.1744, bbox_regression=0.1387, bbox_ctrness=0.6306
epoch 45/50 iter 680/1860 loss=0.8797 mean_loss=0.7074 classification=0.1529, bbox_regression=0.1231, bbox_ctrness=0.6037
epoch 45/50 iter 700/1860 loss=0.6617 mean_loss=0.7070 classification=0.0126, bbox_regression=0.0518, bbox_ctrness=0.5972
epoch 45/50 iter 720/1860 loss=0.8510 mean_loss=0.7069 classification=0.0773, bbox_regression=0.1500, bbox_ctrness=0.6237
epoch 45/50 iter 740/1860 loss=0.7005 mean_loss=0.7069 classification=0.0404, bbox_regression=0.0541, bbox_ctrness=0.6060
epoch 45/50 iter 760/1860 loss=0.6233 mean_loss=0.7075 classification=0.0071, bbox_regression=0.0346, bbox_ctrness=0.5816
epoch 45/50 iter 780/1860 loss=0.7206 mean_loss=0.7069 classification=0.0307, bbox_regression=0.0882, bbox_ctrness=0.6017
epoch 45/50 iter 800/1860 loss=0.6628 mean_loss=0.7061 classification=0.0086, bbox_regression=0.0583, bbox_ctrness=0.5959
epoch 45/50 iter 820/1860 loss=0.6715 mean_loss=0.7059 classification=0.0077, bbox_regression=0.0565, bbox_ctrness=0.6072
epoch 45/50 iter 840/1860 loss=0.6507 mean_loss=0.7060 classification=0.0020, bbox_regression=0.0456, bbox_ctrness=0.6030
epoch 45/50 iter 860/1860 loss=0.6540 mean_loss=0.7051 classification=0.0042, bbox_regression=0.0560, bbox_ctrness=0.5939
epoch 45/50 iter 880/1860 loss=0.6777 mean_loss=0.7048 classification=0.0151, bbox_regression=0.0630, bbox_ctrness=0.5996
epoch 45/50 iter 900/1860 loss=0.6608 mean_loss=0.7043 classification=0.0025, bbox_regression=0.0446, bbox_ctrness=0.6137
epoch 45/50 iter 920/1860 loss=0.6437 mean_loss=0.7036 classification=0.0038, bbox_regression=0.0384, bbox_ctrness=0.6014
epoch 45/50 iter 940/1860 loss=0.8740 mean_loss=0.7041 classification=0.1439, bbox_regression=0.1076, bbox_ctrness=0.6225
epoch 45/50 iter 960/1860 loss=0.6387 mean_loss=0.7048 classification=0.0084, bbox_regression=0.0451, bbox_ctrness=0.5852
epoch 45/50 iter 980/1860 loss=0.6693 mean_loss=0.7049 classification=0.0093, bbox_regression=0.0597, bbox_ctrness=0.6004
epoch 45/50 iter 1000/1860 loss=0.6408 mean_loss=0.7043 classification=0.0027, bbox_regression=0.0485, bbox_ctrness=0.5896
epoch 45/50 iter 1020/1860 loss=0.6681 mean_loss=0.7039 classification=0.0077, bbox_regression=0.0623, bbox_ctrness=0.5981
epoch 45/50 iter 1040/1860 loss=0.6618 mean_loss=0.7040 classification=0.0068, bbox_regression=0.0522, bbox_ctrness=0.6028
epoch 45/50 iter 1060/1860 loss=0.7461 mean_loss=0.7039 classification=0.0344, bbox_regression=0.1004, bbox_ctrness=0.6113
epoch 45/50 iter 1080/1860 loss=0.7929 mean_loss=0.7039 classification=0.1170, bbox_regression=0.0649, bbox_ctrness=0.6110
epoch 45/50 iter 1100/1860 loss=0.6666 mean_loss=0.7031 classification=0.0242, bbox_regression=0.0498, bbox_ctrness=0.5926
epoch 45/50 iter 1120/1860 loss=0.8111 mean_loss=0.7032 classification=0.0646, bbox_regression=0.1382, bbox_ctrness=0.6082
epoch 45/50 iter 1140/1860 loss=0.6545 mean_loss=0.7034 classification=0.0010, bbox_regression=0.0421, bbox_ctrness=0.6114
epoch 45/50 iter 1160/1860 loss=0.7035 mean_loss=0.7033 classification=0.0393, bbox_regression=0.0661, bbox_ctrness=0.5981
epoch 45/50 iter 1180/1860 loss=0.6335 mean_loss=0.7030 classification=0.0017, bbox_regression=0.0469, bbox_ctrness=0.5849
epoch 45/50 iter 1200/1860 loss=0.6748 mean_loss=0.7030 classification=0.0211, bbox_regression=0.0624, bbox_ctrness=0.5913
epoch 45/50 iter 1220/1860 loss=0.6456 mean_loss=0.7032 classification=0.0122, bbox_regression=0.0503, bbox_ctrness=0.5831
epoch 45/50 iter 1240/1860 loss=0.7227 mean_loss=0.7036 classification=0.0344, bbox_regression=0.0751, bbox_ctrness=0.6132
epoch 45/50 iter 1260/1860 loss=0.6934 mean_loss=0.7030 classification=0.0119, bbox_regression=0.0743, bbox_ctrness=0.6071
epoch 45/50 iter 1280/1860 loss=0.6438 mean_loss=0.7035 classification=0.0063, bbox_regression=0.0497, bbox_ctrness=0.5878
epoch 45/50 iter 1300/1860 loss=0.6500 mean_loss=0.7033 classification=0.0127, bbox_regression=0.0403, bbox_ctrness=0.5970
epoch 45/50 iter 1320/1860 loss=0.6358 mean_loss=0.7032 classification=0.0052, bbox_regression=0.0436, bbox_ctrness=0.5871
epoch 45/50 iter 1340/1860 loss=0.6249 mean_loss=0.7034 classification=0.0071, bbox_regression=0.0347, bbox_ctrness=0.5831
epoch 45/50 iter 1360/1860 loss=0.6823 mean_loss=0.7031 classification=0.0158, bbox_regression=0.0536, bbox_ctrness=0.6129
epoch 45/50 iter 1380/1860 loss=0.6658 mean_loss=0.7032 classification=0.0065, bbox_regression=0.0485, bbox_ctrness=0.6109
epoch 45/50 iter 1400/1860 loss=0.6685 mean_loss=0.7031 classification=0.0018, bbox_regression=0.0474, bbox_ctrness=0.6193
epoch 45/50 iter 1420/1860 loss=1.0239 mean_loss=0.7034 classification=0.2502, bbox_regression=0.1481, bbox_ctrness=0.6255
epoch 45/50 iter 1440/1860 loss=0.6416 mean_loss=0.7035 classification=0.0148, bbox_regression=0.0461, bbox_ctrness=0.5807
epoch 45/50 iter 1460/1860 loss=0.6733 mean_loss=0.7035 classification=0.0046, bbox_regression=0.0596, bbox_ctrness=0.6091
epoch 45/50 iter 1480/1860 loss=0.7195 mean_loss=0.7039 classification=0.0408, bbox_regression=0.0702, bbox_ctrness=0.6086
epoch 45/50 iter 1500/1860 loss=0.9969 mean_loss=0.7038 classification=0.2162, bbox_regression=0.1839, bbox_ctrness=0.5969
epoch 45/50 iter 1520/1860 loss=0.6605 mean_loss=0.7044 classification=0.0056, bbox_regression=0.0566, bbox_ctrness=0.5983
epoch 45/50 iter 1540/1860 loss=0.6475 mean_loss=0.7043 classification=0.0043, bbox_regression=0.0487, bbox_ctrness=0.5945
epoch 45/50 iter 1560/1860 loss=1.1115 mean_loss=0.7047 classification=0.2688, bbox_regression=0.2318, bbox_ctrness=0.6110
epoch 45/50 iter 1580/1860 loss=0.6516 mean_loss=0.7044 classification=0.0004, bbox_regression=0.0427, bbox_ctrness=0.6086
epoch 45/50 iter 1600/1860 loss=0.6757 mean_loss=0.7044 classification=0.0125, bbox_regression=0.0628, bbox_ctrness=0.6003
epoch 45/50 iter 1620/1860 loss=0.6572 mean_loss=0.7046 classification=0.0115, bbox_regression=0.0557, bbox_ctrness=0.5900
epoch 45/50 iter 1640/1860 loss=0.6667 mean_loss=0.7041 classification=0.0122, bbox_regression=0.0634, bbox_ctrness=0.5910
epoch 45/50 iter 1660/1860 loss=0.6953 mean_loss=0.7040 classification=0.0278, bbox_regression=0.0816, bbox_ctrness=0.5860
epoch 45/50 iter 1680/1860 loss=0.6619 mean_loss=0.7043 classification=0.0195, bbox_regression=0.0516, bbox_ctrness=0.5908
epoch 45/50 iter 1700/1860 loss=0.6275 mean_loss=0.7041 classification=0.0029, bbox_regression=0.0420, bbox_ctrness=0.5826
epoch 45/50 iter 1720/1860 loss=0.6694 mean_loss=0.7044 classification=0.0113, bbox_regression=0.0424, bbox_ctrness=0.6158
epoch 45/50 iter 1740/1860 loss=0.6608 mean_loss=0.7045 classification=0.0112, bbox_regression=0.0530, bbox_ctrness=0.5966
epoch 45/50 iter 1760/1860 loss=0.7139 mean_loss=0.7045 classification=0.0645, bbox_regression=0.0643, bbox_ctrness=0.5851
epoch 45/50 iter 1780/1860 loss=0.6487 mean_loss=0.7044 classification=0.0057, bbox_regression=0.0432, bbox_ctrness=0.5997
epoch 45/50 iter 1800/1860 loss=0.6530 mean_loss=0.7046 classification=0.0079, bbox_regression=0.0483, bbox_ctrness=0.5968
epoch 45/50 iter 1820/1860 loss=0.8501 mean_loss=0.7047 classification=0.1286, bbox_regression=0.1048, bbox_ctrness=0.6167
epoch 45/50 iter 1840/1860 loss=0.7804 mean_loss=0.7047 classification=0.0566, bbox_regression=0.1112, bbox_ctrness=0.6125
epoch 45/50 iter 1860/1860 loss=0.6454 mean_loss=0.7045 classification=0.0073, bbox_regression=0.0426, bbox_ctrness=0.5955
epoch 45 validation Precision=0.7319 Recall=0.9030 AP50=0.8864 AP75=0.8131 eval_fps=22.95 epoch_time_sec=851.4
saved checkpoint: E:\RepViT-main\runs\v48_complete_ablation\training\early_moddrop_seed2\weights\last.pt
epoch 46/50 iter 1/1860 loss=0.6754 mean_loss=0.6754 classification=0.0114, bbox_regression=0.0729, bbox_ctrness=0.5911
epoch 46/50 iter 20/1860 loss=0.6887 mean_loss=0.6874 classification=0.0177, bbox_regression=0.0671, bbox_ctrness=0.6039
epoch 46/50 iter 40/1860 loss=0.6497 mean_loss=0.6931 classification=0.0081, bbox_regression=0.0429, bbox_ctrness=0.5987
epoch 46/50 iter 60/1860 loss=0.8504 mean_loss=0.7112 classification=0.1117, bbox_regression=0.1222, bbox_ctrness=0.6164
epoch 46/50 iter 80/1860 loss=0.7620 mean_loss=0.7158 classification=0.0529, bbox_regression=0.1008, bbox_ctrness=0.6083
epoch 46/50 iter 100/1860 loss=0.6477 mean_loss=0.7183 classification=0.0065, bbox_regression=0.0521, bbox_ctrness=0.5890
epoch 46/50 iter 120/1860 loss=0.6678 mean_loss=0.7124 classification=0.0225, bbox_regression=0.0546, bbox_ctrness=0.5907
epoch 46/50 iter 140/1860 loss=0.6545 mean_loss=0.7117 classification=0.0040, bbox_regression=0.0448, bbox_ctrness=0.6057
epoch 46/50 iter 160/1860 loss=0.6950 mean_loss=0.7104 classification=0.0163, bbox_regression=0.0736, bbox_ctrness=0.6051
epoch 46/50 iter 180/1860 loss=0.7132 mean_loss=0.7080 classification=0.0171, bbox_regression=0.1192, bbox_ctrness=0.5768
epoch 46/50 iter 200/1860 loss=0.7328 mean_loss=0.7095 classification=0.0401, bbox_regression=0.0900, bbox_ctrness=0.6028
epoch 46/50 iter 220/1860 loss=0.6607 mean_loss=0.7083 classification=0.0138, bbox_regression=0.0585, bbox_ctrness=0.5885
epoch 46/50 iter 240/1860 loss=0.6874 mean_loss=0.7093 classification=0.0058, bbox_regression=0.0808, bbox_ctrness=0.6008
epoch 46/50 iter 260/1860 loss=0.6620 mean_loss=0.7080 classification=0.0062, bbox_regression=0.0461, bbox_ctrness=0.6097
epoch 46/50 iter 280/1860 loss=0.6726 mean_loss=0.7087 classification=0.0111, bbox_regression=0.0601, bbox_ctrness=0.6014
epoch 46/50 iter 300/1860 loss=0.6389 mean_loss=0.7077 classification=0.0024, bbox_regression=0.0458, bbox_ctrness=0.5907
epoch 46/50 iter 320/1860 loss=0.6883 mean_loss=0.7078 classification=0.0129, bbox_regression=0.0686, bbox_ctrness=0.6067
epoch 46/50 iter 340/1860 loss=0.7046 mean_loss=0.7064 classification=0.0276, bbox_regression=0.0638, bbox_ctrness=0.6131
epoch 46/50 iter 360/1860 loss=0.6777 mean_loss=0.7082 classification=0.0212, bbox_regression=0.0588, bbox_ctrness=0.5977
epoch 46/50 iter 380/1860 loss=0.6527 mean_loss=0.7079 classification=0.0151, bbox_regression=0.0472, bbox_ctrness=0.5905
epoch 46/50 iter 400/1860 loss=0.6938 mean_loss=0.7073 classification=0.0500, bbox_regression=0.0651, bbox_ctrness=0.5786
epoch 46/50 iter 420/1860 loss=0.6308 mean_loss=0.7051 classification=0.0036, bbox_regression=0.0368, bbox_ctrness=0.5904
epoch 46/50 iter 440/1860 loss=0.7255 mean_loss=0.7044 classification=0.0425, bbox_regression=0.0886, bbox_ctrness=0.5944
epoch 46/50 iter 460/1860 loss=0.7667 mean_loss=0.7056 classification=0.0906, bbox_regression=0.0715, bbox_ctrness=0.6046
epoch 46/50 iter 480/1860 loss=0.6644 mean_loss=0.7060 classification=0.0093, bbox_regression=0.0649, bbox_ctrness=0.5902
epoch 46/50 iter 500/1860 loss=0.6475 mean_loss=0.7053 classification=0.0110, bbox_regression=0.0424, bbox_ctrness=0.5941
epoch 46/50 iter 520/1860 loss=0.6480 mean_loss=0.7053 classification=0.0043, bbox_regression=0.0424, bbox_ctrness=0.6013
epoch 46/50 iter 540/1860 loss=0.6458 mean_loss=0.7048 classification=0.0025, bbox_regression=0.0415, bbox_ctrness=0.6018
epoch 46/50 iter 560/1860 loss=0.6696 mean_loss=0.7052 classification=0.0066, bbox_regression=0.0548, bbox_ctrness=0.6081
epoch 46/50 iter 580/1860 loss=0.7062 mean_loss=0.7047 classification=0.0124, bbox_regression=0.0802, bbox_ctrness=0.6136
epoch 46/50 iter 600/1860 loss=0.6524 mean_loss=0.7065 classification=0.0024, bbox_regression=0.0492, bbox_ctrness=0.6009
epoch 46/50 iter 620/1860 loss=0.6491 mean_loss=0.7057 classification=0.0093, bbox_regression=0.0562, bbox_ctrness=0.5835
epoch 46/50 iter 640/1860 loss=0.6605 mean_loss=0.7054 classification=0.0064, bbox_regression=0.0509, bbox_ctrness=0.6032
epoch 46/50 iter 660/1860 loss=0.6945 mean_loss=0.7060 classification=0.0346, bbox_regression=0.0622, bbox_ctrness=0.5976
epoch 46/50 iter 680/1860 loss=0.6771 mean_loss=0.7051 classification=0.0101, bbox_regression=0.0597, bbox_ctrness=0.6073
epoch 46/50 iter 700/1860 loss=0.6794 mean_loss=0.7043 classification=0.0134, bbox_regression=0.0644, bbox_ctrness=0.6016
epoch 46/50 iter 720/1860 loss=0.6475 mean_loss=0.7042 classification=0.0025, bbox_regression=0.0461, bbox_ctrness=0.5989
epoch 46/50 iter 740/1860 loss=0.7381 mean_loss=0.7062 classification=0.0513, bbox_regression=0.0844, bbox_ctrness=0.6024
epoch 46/50 iter 760/1860 loss=0.6560 mean_loss=0.7066 classification=0.0105, bbox_regression=0.0514, bbox_ctrness=0.5941
epoch 46/50 iter 780/1860 loss=0.6960 mean_loss=0.7068 classification=0.0302, bbox_regression=0.0674, bbox_ctrness=0.5985
epoch 46/50 iter 800/1860 loss=0.6908 mean_loss=0.7066 classification=0.0131, bbox_regression=0.0659, bbox_ctrness=0.6118
epoch 46/50 iter 820/1860 loss=0.6641 mean_loss=0.7070 classification=0.0048, bbox_regression=0.0495, bbox_ctrness=0.6098
epoch 46/50 iter 840/1860 loss=0.6821 mean_loss=0.7064 classification=0.0198, bbox_regression=0.0822, bbox_ctrness=0.5801
epoch 46/50 iter 860/1860 loss=0.7868 mean_loss=0.7066 classification=0.0933, bbox_regression=0.0908, bbox_ctrness=0.6027
epoch 46/50 iter 880/1860 loss=0.7114 mean_loss=0.7061 classification=0.0292, bbox_regression=0.0780, bbox_ctrness=0.6042
epoch 46/50 iter 900/1860 loss=0.6558 mean_loss=0.7066 classification=0.0067, bbox_regression=0.0495, bbox_ctrness=0.5996
epoch 46/50 iter 920/1860 loss=0.6685 mean_loss=0.7064 classification=0.0340, bbox_regression=0.0389, bbox_ctrness=0.5956
epoch 46/50 iter 940/1860 loss=0.7747 mean_loss=0.7062 classification=0.0751, bbox_regression=0.1008, bbox_ctrness=0.5988
epoch 46/50 iter 960/1860 loss=0.6320 mean_loss=0.7059 classification=0.0053, bbox_regression=0.0418, bbox_ctrness=0.5849
epoch 46/50 iter 980/1860 loss=0.7612 mean_loss=0.7056 classification=0.0550, bbox_regression=0.0970, bbox_ctrness=0.6092
epoch 46/50 iter 1000/1860 loss=0.6367 mean_loss=0.7058 classification=0.0088, bbox_regression=0.0393, bbox_ctrness=0.5886
epoch 46/50 iter 1020/1860 loss=0.6819 mean_loss=0.7056 classification=0.0139, bbox_regression=0.0724, bbox_ctrness=0.5955
epoch 46/50 iter 1040/1860 loss=0.8896 mean_loss=0.7061 classification=0.1281, bbox_regression=0.1398, bbox_ctrness=0.6216
epoch 46/50 iter 1060/1860 loss=0.6849 mean_loss=0.7059 classification=0.0136, bbox_regression=0.0619, bbox_ctrness=0.6093
epoch 46/50 iter 1080/1860 loss=0.6414 mean_loss=0.7057 classification=0.0079, bbox_regression=0.0448, bbox_ctrness=0.5886
epoch 46/50 iter 1100/1860 loss=0.7604 mean_loss=0.7059 classification=0.0935, bbox_regression=0.0700, bbox_ctrness=0.5969
epoch 46/50 iter 1120/1860 loss=0.6802 mean_loss=0.7055 classification=0.0326, bbox_regression=0.0616, bbox_ctrness=0.5860
epoch 46/50 iter 1140/1860 loss=0.6748 mean_loss=0.7054 classification=0.0149, bbox_regression=0.0501, bbox_ctrness=0.6098
epoch 46/50 iter 1160/1860 loss=0.7742 mean_loss=0.7053 classification=0.0618, bbox_regression=0.1020, bbox_ctrness=0.6104
epoch 46/50 iter 1180/1860 loss=0.7264 mean_loss=0.7054 classification=0.0488, bbox_regression=0.0686, bbox_ctrness=0.6090
epoch 46/50 iter 1200/1860 loss=0.6666 mean_loss=0.7055 classification=0.0037, bbox_regression=0.0542, bbox_ctrness=0.6087
epoch 46/50 iter 1220/1860 loss=0.6510 mean_loss=0.7049 classification=0.0073, bbox_regression=0.0543, bbox_ctrness=0.5893
epoch 46/50 iter 1240/1860 loss=0.6304 mean_loss=0.7047 classification=0.0047, bbox_regression=0.0446, bbox_ctrness=0.5811
epoch 46/50 iter 1260/1860 loss=0.6495 mean_loss=0.7041 classification=0.0094, bbox_regression=0.0387, bbox_ctrness=0.6014
epoch 46/50 iter 1280/1860 loss=0.6663 mean_loss=0.7043 classification=0.0131, bbox_regression=0.0478, bbox_ctrness=0.6054
epoch 46/50 iter 1300/1860 loss=0.6981 mean_loss=0.7045 classification=0.0316, bbox_regression=0.0634, bbox_ctrness=0.6031
epoch 46/50 iter 1320/1860 loss=0.6468 mean_loss=0.7042 classification=0.0004, bbox_regression=0.0366, bbox_ctrness=0.6099
epoch 46/50 iter 1340/1860 loss=0.7371 mean_loss=0.7040 classification=0.0581, bbox_regression=0.0711, bbox_ctrness=0.6079
epoch 46/50 iter 1360/1860 loss=0.6444 mean_loss=0.7038 classification=0.0073, bbox_regression=0.0472, bbox_ctrness=0.5899
epoch 46/50 iter 1380/1860 loss=0.6579 mean_loss=0.7034 classification=0.0031, bbox_regression=0.0541, bbox_ctrness=0.6006
epoch 46/50 iter 1400/1860 loss=0.6483 mean_loss=0.7031 classification=0.0023, bbox_regression=0.0358, bbox_ctrness=0.6102
epoch 46/50 iter 1420/1860 loss=0.6214 mean_loss=0.7030 classification=0.0031, bbox_regression=0.0357, bbox_ctrness=0.5827
epoch 46/50 iter 1440/1860 loss=0.7607 mean_loss=0.7028 classification=0.0808, bbox_regression=0.0902, bbox_ctrness=0.5898
epoch 46/50 iter 1460/1860 loss=0.7426 mean_loss=0.7027 classification=0.0494, bbox_regression=0.0905, bbox_ctrness=0.6027
epoch 46/50 iter 1480/1860 loss=0.8659 mean_loss=0.7031 classification=0.1136, bbox_regression=0.1371, bbox_ctrness=0.6152
epoch 46/50 iter 1500/1860 loss=0.6524 mean_loss=0.7028 classification=0.0084, bbox_regression=0.0461, bbox_ctrness=0.5979
epoch 46/50 iter 1520/1860 loss=0.6899 mean_loss=0.7028 classification=0.0102, bbox_regression=0.0664, bbox_ctrness=0.6133
epoch 46/50 iter 1540/1860 loss=0.6292 mean_loss=0.7027 classification=0.0013, bbox_regression=0.0410, bbox_ctrness=0.5869
epoch 46/50 iter 1560/1860 loss=0.6491 mean_loss=0.7030 classification=0.0092, bbox_regression=0.0506, bbox_ctrness=0.5893
epoch 46/50 iter 1580/1860 loss=0.7325 mean_loss=0.7027 classification=0.0571, bbox_regression=0.0788, bbox_ctrness=0.5966
epoch 46/50 iter 1600/1860 loss=0.7951 mean_loss=0.7026 classification=0.0755, bbox_regression=0.1084, bbox_ctrness=0.6112
epoch 46/50 iter 1620/1860 loss=0.7129 mean_loss=0.7029 classification=0.0453, bbox_regression=0.0760, bbox_ctrness=0.5916
epoch 46/50 iter 1640/1860 loss=0.7316 mean_loss=0.7031 classification=0.0429, bbox_regression=0.0830, bbox_ctrness=0.6057
epoch 46/50 iter 1660/1860 loss=0.7567 mean_loss=0.7031 classification=0.0546, bbox_regression=0.0891, bbox_ctrness=0.6131
epoch 46/50 iter 1680/1860 loss=0.6592 mean_loss=0.7033 classification=0.0168, bbox_regression=0.0519, bbox_ctrness=0.5905
epoch 46/50 iter 1700/1860 loss=0.6869 mean_loss=0.7033 classification=0.0076, bbox_regression=0.0573, bbox_ctrness=0.6220
epoch 46/50 iter 1720/1860 loss=0.6811 mean_loss=0.7033 classification=0.0023, bbox_regression=0.0684, bbox_ctrness=0.6103
epoch 46/50 iter 1740/1860 loss=0.7042 mean_loss=0.7033 classification=0.0388, bbox_regression=0.0717, bbox_ctrness=0.5937
epoch 46/50 iter 1760/1860 loss=0.6847 mean_loss=0.7032 classification=0.0143, bbox_regression=0.0645, bbox_ctrness=0.6059
epoch 46/50 iter 1780/1860 loss=0.6742 mean_loss=0.7030 classification=0.0149, bbox_regression=0.0515, bbox_ctrness=0.6079
epoch 46/50 iter 1800/1860 loss=0.6526 mean_loss=0.7031 classification=0.0134, bbox_regression=0.0442, bbox_ctrness=0.5950
epoch 46/50 iter 1820/1860 loss=0.6568 mean_loss=0.7032 classification=0.0038, bbox_regression=0.0578, bbox_ctrness=0.5953
epoch 46/50 iter 1840/1860 loss=0.6594 mean_loss=0.7031 classification=0.0149, bbox_regression=0.0461, bbox_ctrness=0.5985
epoch 46/50 iter 1860/1860 loss=0.6874 mean_loss=0.7032 classification=0.0043, bbox_regression=0.0733, bbox_ctrness=0.6098
epoch 46 validation Precision=0.7252 Recall=0.9317 AP50=0.9124 AP75=0.8266 eval_fps=22.15 epoch_time_sec=873.8
saved checkpoint: E:\RepViT-main\runs\v48_complete_ablation\training\early_moddrop_seed2\weights\last.pt
epoch 47/50 iter 1/1860 loss=0.6545 mean_loss=0.6545 classification=0.0043, bbox_regression=0.0491, bbox_ctrness=0.6011
epoch 47/50 iter 20/1860 loss=0.7331 mean_loss=0.7006 classification=0.0450, bbox_regression=0.0811, bbox_ctrness=0.6070
epoch 47/50 iter 40/1860 loss=0.7493 mean_loss=0.7129 classification=0.0391, bbox_regression=0.0982, bbox_ctrness=0.6120
epoch 47/50 iter 60/1860 loss=0.6390 mean_loss=0.7110 classification=0.0039, bbox_regression=0.0396, bbox_ctrness=0.5955
epoch 47/50 iter 80/1860 loss=0.6681 mean_loss=0.7057 classification=0.0121, bbox_regression=0.0605, bbox_ctrness=0.5955
epoch 47/50 iter 100/1860 loss=0.6599 mean_loss=0.7023 classification=0.0008, bbox_regression=0.0466, bbox_ctrness=0.6125
epoch 47/50 iter 120/1860 loss=0.6427 mean_loss=0.6977 classification=0.0012, bbox_regression=0.0358, bbox_ctrness=0.6057
epoch 47/50 iter 140/1860 loss=0.6059 mean_loss=0.6928 classification=0.0011, bbox_regression=0.0321, bbox_ctrness=0.5727
epoch 47/50 iter 160/1860 loss=0.6726 mean_loss=0.6918 classification=0.0151, bbox_regression=0.0480, bbox_ctrness=0.6095
epoch 47/50 iter 180/1860 loss=0.6766 mean_loss=0.6913 classification=0.0298, bbox_regression=0.0561, bbox_ctrness=0.5906
epoch 47/50 iter 200/1860 loss=0.6907 mean_loss=0.6927 classification=0.0093, bbox_regression=0.0605, bbox_ctrness=0.6209
epoch 47/50 iter 220/1860 loss=0.6585 mean_loss=0.6929 classification=0.0030, bbox_regression=0.0600, bbox_ctrness=0.5955
epoch 47/50 iter 240/1860 loss=0.6622 mean_loss=0.6931 classification=0.0068, bbox_regression=0.0586, bbox_ctrness=0.5968
epoch 47/50 iter 260/1860 loss=0.6515 mean_loss=0.6930 classification=0.0003, bbox_regression=0.0389, bbox_ctrness=0.6123
epoch 47/50 iter 280/1860 loss=0.6743 mean_loss=0.6948 classification=0.0150, bbox_regression=0.0460, bbox_ctrness=0.6133
epoch 47/50 iter 300/1860 loss=0.6433 mean_loss=0.6964 classification=0.0140, bbox_regression=0.0520, bbox_ctrness=0.5773
epoch 47/50 iter 320/1860 loss=0.6602 mean_loss=0.6985 classification=0.0116, bbox_regression=0.0506, bbox_ctrness=0.5980
epoch 47/50 iter 340/1860 loss=0.7128 mean_loss=0.6991 classification=0.0376, bbox_regression=0.0788, bbox_ctrness=0.5963
epoch 47/50 iter 360/1860 loss=0.6527 mean_loss=0.6979 classification=0.0134, bbox_regression=0.0423, bbox_ctrness=0.5969
epoch 47/50 iter 380/1860 loss=0.6580 mean_loss=0.6977 classification=0.0010, bbox_regression=0.0507, bbox_ctrness=0.6063
epoch 47/50 iter 400/1860 loss=0.6494 mean_loss=0.6970 classification=0.0060, bbox_regression=0.0506, bbox_ctrness=0.5928
epoch 47/50 iter 420/1860 loss=0.7959 mean_loss=0.6981 classification=0.0682, bbox_regression=0.1141, bbox_ctrness=0.6135
epoch 47/50 iter 440/1860 loss=0.7094 mean_loss=0.6977 classification=0.0443, bbox_regression=0.0567, bbox_ctrness=0.6084
epoch 47/50 iter 460/1860 loss=0.6691 mean_loss=0.6968 classification=0.0246, bbox_regression=0.0507, bbox_ctrness=0.5938
epoch 47/50 iter 480/1860 loss=0.6673 mean_loss=0.6961 classification=0.0013, bbox_regression=0.0471, bbox_ctrness=0.6189
epoch 47/50 iter 500/1860 loss=0.7015 mean_loss=0.6951 classification=0.0440, bbox_regression=0.0639, bbox_ctrness=0.5936
epoch 47/50 iter 520/1860 loss=0.6634 mean_loss=0.6953 classification=0.0080, bbox_regression=0.0545, bbox_ctrness=0.6009
epoch 47/50 iter 540/1860 loss=0.6296 mean_loss=0.6948 classification=0.0003, bbox_regression=0.0420, bbox_ctrness=0.5873
epoch 47/50 iter 560/1860 loss=0.6512 mean_loss=0.6942 classification=0.0075, bbox_regression=0.0427, bbox_ctrness=0.6010
epoch 47/50 iter 580/1860 loss=0.6709 mean_loss=0.6958 classification=0.0202, bbox_regression=0.0627, bbox_ctrness=0.5881
epoch 47/50 iter 600/1860 loss=0.6651 mean_loss=0.6966 classification=0.0259, bbox_regression=0.0444, bbox_ctrness=0.5948
epoch 47/50 iter 620/1860 loss=0.6621 mean_loss=0.6982 classification=0.0047, bbox_regression=0.0550, bbox_ctrness=0.6024
epoch 47/50 iter 640/1860 loss=0.7977 mean_loss=0.6988 classification=0.0950, bbox_regression=0.1060, bbox_ctrness=0.5967
epoch 47/50 iter 660/1860 loss=0.6759 mean_loss=0.6997 classification=0.0046, bbox_regression=0.0557, bbox_ctrness=0.6156
epoch 47/50 iter 680/1860 loss=0.7127 mean_loss=0.7000 classification=0.0235, bbox_regression=0.0885, bbox_ctrness=0.6008
epoch 47/50 iter 700/1860 loss=0.6484 mean_loss=0.6997 classification=0.0074, bbox_regression=0.0432, bbox_ctrness=0.5978
epoch 47/50 iter 720/1860 loss=0.6948 mean_loss=0.6996 classification=0.0324, bbox_regression=0.0573, bbox_ctrness=0.6052
epoch 47/50 iter 740/1860 loss=0.6600 mean_loss=0.7007 classification=0.0074, bbox_regression=0.0490, bbox_ctrness=0.6036
epoch 47/50 iter 760/1860 loss=0.6680 mean_loss=0.7010 classification=0.0103, bbox_regression=0.0618, bbox_ctrness=0.5959
epoch 47/50 iter 780/1860 loss=0.6808 mean_loss=0.7008 classification=0.0192, bbox_regression=0.0570, bbox_ctrness=0.6045
epoch 47/50 iter 800/1860 loss=0.6791 mean_loss=0.7004 classification=0.0309, bbox_regression=0.0630, bbox_ctrness=0.5851
epoch 47/50 iter 820/1860 loss=0.6219 mean_loss=0.6999 classification=0.0012, bbox_regression=0.0324, bbox_ctrness=0.5883
epoch 47/50 iter 840/1860 loss=0.6362 mean_loss=0.6998 classification=0.0056, bbox_regression=0.0512, bbox_ctrness=0.5794
epoch 47/50 iter 860/1860 loss=0.6638 mean_loss=0.6990 classification=0.0093, bbox_regression=0.0549, bbox_ctrness=0.5996
epoch 47/50 iter 880/1860 loss=0.7371 mean_loss=0.6987 classification=0.0710, bbox_regression=0.0632, bbox_ctrness=0.6029
epoch 47/50 iter 900/1860 loss=0.6539 mean_loss=0.6990 classification=0.0241, bbox_regression=0.0462, bbox_ctrness=0.5836
epoch 47/50 iter 920/1860 loss=0.6878 mean_loss=0.6990 classification=0.0261, bbox_regression=0.0549, bbox_ctrness=0.6068
epoch 47/50 iter 940/1860 loss=0.6932 mean_loss=0.6991 classification=0.0204, bbox_regression=0.0531, bbox_ctrness=0.6196
epoch 47/50 iter 960/1860 loss=0.9314 mean_loss=0.6994 classification=0.1352, bbox_regression=0.1655, bbox_ctrness=0.6307
epoch 47/50 iter 980/1860 loss=0.7281 mean_loss=0.6992 classification=0.0444, bbox_regression=0.0830, bbox_ctrness=0.6006
epoch 47/50 iter 1000/1860 loss=0.9008 mean_loss=0.6993 classification=0.1716, bbox_regression=0.1328, bbox_ctrness=0.5963
epoch 47/50 iter 1020/1860 loss=0.6625 mean_loss=0.6988 classification=0.0067, bbox_regression=0.0586, bbox_ctrness=0.5972
epoch 47/50 iter 1040/1860 loss=0.6491 mean_loss=0.6990 classification=0.0050, bbox_regression=0.0435, bbox_ctrness=0.6005
epoch 47/50 iter 1060/1860 loss=0.6647 mean_loss=0.6989 classification=0.0208, bbox_regression=0.0491, bbox_ctrness=0.5948
epoch 47/50 iter 1080/1860 loss=0.7415 mean_loss=0.6987 classification=0.0356, bbox_regression=0.0782, bbox_ctrness=0.6277
epoch 47/50 iter 1100/1860 loss=0.6561 mean_loss=0.6985 classification=0.0033, bbox_regression=0.0581, bbox_ctrness=0.5947
epoch 47/50 iter 1120/1860 loss=0.7677 mean_loss=0.6984 classification=0.0795, bbox_regression=0.0921, bbox_ctrness=0.5961
epoch 47/50 iter 1140/1860 loss=0.6663 mean_loss=0.6985 classification=0.0014, bbox_regression=0.0530, bbox_ctrness=0.6119
epoch 47/50 iter 1160/1860 loss=0.6232 mean_loss=0.6988 classification=0.0078, bbox_regression=0.0502, bbox_ctrness=0.5652
epoch 47/50 iter 1180/1860 loss=0.6708 mean_loss=0.6981 classification=0.0181, bbox_regression=0.0552, bbox_ctrness=0.5976
epoch 47/50 iter 1200/1860 loss=0.8457 mean_loss=0.6986 classification=0.1352, bbox_regression=0.1115, bbox_ctrness=0.5990
epoch 47/50 iter 1220/1860 loss=0.6886 mean_loss=0.6990 classification=0.0316, bbox_regression=0.0557, bbox_ctrness=0.6013
epoch 47/50 iter 1240/1860 loss=0.6356 mean_loss=0.6986 classification=0.0015, bbox_regression=0.0446, bbox_ctrness=0.5894
epoch 47/50 iter 1260/1860 loss=0.6750 mean_loss=0.6990 classification=0.0038, bbox_regression=0.0616, bbox_ctrness=0.6096
epoch 47/50 iter 1280/1860 loss=0.7073 mean_loss=0.6991 classification=0.0468, bbox_regression=0.0916, bbox_ctrness=0.5690
epoch 47/50 iter 1300/1860 loss=0.6925 mean_loss=0.6991 classification=0.0096, bbox_regression=0.0763, bbox_ctrness=0.6066
epoch 47/50 iter 1320/1860 loss=0.6462 mean_loss=0.6991 classification=0.0212, bbox_regression=0.0416, bbox_ctrness=0.5835
epoch 47/50 iter 1340/1860 loss=0.8631 mean_loss=0.6990 classification=0.1194, bbox_regression=0.1294, bbox_ctrness=0.6144
epoch 47/50 iter 1360/1860 loss=0.6509 mean_loss=0.6987 classification=0.0034, bbox_regression=0.0472, bbox_ctrness=0.6003
epoch 47/50 iter 1380/1860 loss=0.6199 mean_loss=0.6990 classification=0.0083, bbox_regression=0.0342, bbox_ctrness=0.5774
epoch 47/50 iter 1400/1860 loss=0.6661 mean_loss=0.6993 classification=0.0266, bbox_regression=0.0633, bbox_ctrness=0.5763
epoch 47/50 iter 1420/1860 loss=0.6642 mean_loss=0.6991 classification=0.0299, bbox_regression=0.0398, bbox_ctrness=0.5945
epoch 47/50 iter 1440/1860 loss=0.6470 mean_loss=0.6992 classification=0.0041, bbox_regression=0.0449, bbox_ctrness=0.5980
epoch 47/50 iter 1460/1860 loss=0.7066 mean_loss=0.6991 classification=0.0445, bbox_regression=0.0679, bbox_ctrness=0.5942
epoch 47/50 iter 1480/1860 loss=0.7730 mean_loss=0.6989 classification=0.0978, bbox_regression=0.0726, bbox_ctrness=0.6026
epoch 47/50 iter 1500/1860 loss=0.7577 mean_loss=0.6987 classification=0.0986, bbox_regression=0.0703, bbox_ctrness=0.5888
epoch 47/50 iter 1520/1860 loss=0.6461 mean_loss=0.6987 classification=0.0004, bbox_regression=0.0372, bbox_ctrness=0.6086
epoch 47/50 iter 1540/1860 loss=0.7582 mean_loss=0.6987 classification=0.0617, bbox_regression=0.1040, bbox_ctrness=0.5924
epoch 47/50 iter 1560/1860 loss=0.6654 mean_loss=0.6988 classification=0.0055, bbox_regression=0.0651, bbox_ctrness=0.5947
epoch 47/50 iter 1580/1860 loss=0.6661 mean_loss=0.6986 classification=0.0072, bbox_regression=0.0510, bbox_ctrness=0.6079
epoch 47/50 iter 1600/1860 loss=0.7102 mean_loss=0.6986 classification=0.0312, bbox_regression=0.0745, bbox_ctrness=0.6045
epoch 47/50 iter 1620/1860 loss=0.9472 mean_loss=0.6987 classification=0.1661, bbox_regression=0.1398, bbox_ctrness=0.6414
epoch 47/50 iter 1640/1860 loss=1.0295 mean_loss=0.6988 classification=0.1981, bbox_regression=0.1869, bbox_ctrness=0.6445
epoch 47/50 iter 1660/1860 loss=0.7291 mean_loss=0.6989 classification=0.0639, bbox_regression=0.0744, bbox_ctrness=0.5909
epoch 47/50 iter 1680/1860 loss=0.6717 mean_loss=0.6988 classification=0.0267, bbox_regression=0.0623, bbox_ctrness=0.5828
epoch 47/50 iter 1700/1860 loss=0.8193 mean_loss=0.6987 classification=0.0890, bbox_regression=0.1217, bbox_ctrness=0.6086
epoch 47/50 iter 1720/1860 loss=0.6313 mean_loss=0.6987 classification=0.0047, bbox_regression=0.0436, bbox_ctrness=0.5830
epoch 47/50 iter 1740/1860 loss=0.7298 mean_loss=0.6992 classification=0.0606, bbox_regression=0.0681, bbox_ctrness=0.6011
epoch 47/50 iter 1760/1860 loss=0.6637 mean_loss=0.6995 classification=0.0205, bbox_regression=0.0591, bbox_ctrness=0.5841
epoch 47/50 iter 1780/1860 loss=0.8384 mean_loss=0.6999 classification=0.1235, bbox_regression=0.1055, bbox_ctrness=0.6094
epoch 47/50 iter 1800/1860 loss=0.6806 mean_loss=0.7000 classification=0.0163, bbox_regression=0.0652, bbox_ctrness=0.5991
epoch 47/50 iter 1820/1860 loss=0.6868 mean_loss=0.7002 classification=0.0176, bbox_regression=0.0527, bbox_ctrness=0.6165
epoch 47/50 iter 1840/1860 loss=0.6471 mean_loss=0.7002 classification=0.0039, bbox_regression=0.0448, bbox_ctrness=0.5983
epoch 47/50 iter 1860/1860 loss=0.6807 mean_loss=0.7002 classification=0.0132, bbox_regression=0.0620, bbox_ctrness=0.6055
epoch 47 validation Precision=0.6892 Recall=0.9420 AP50=0.9221 AP75=0.8431 eval_fps=22.54 epoch_time_sec=871.8
saved checkpoint: E:\RepViT-main\runs\v48_complete_ablation\training\early_moddrop_seed2\weights\last.pt
epoch 48/50 iter 1/1860 loss=0.6734 mean_loss=0.6734 classification=0.0128, bbox_regression=0.0600, bbox_ctrness=0.6006
epoch 48/50 iter 20/1860 loss=0.6407 mean_loss=0.6725 classification=0.0035, bbox_regression=0.0412, bbox_ctrness=0.5960
epoch 48/50 iter 40/1860 loss=0.8221 mean_loss=0.6850 classification=0.0967, bbox_regression=0.1098, bbox_ctrness=0.6156
epoch 48/50 iter 60/1860 loss=1.1315 mean_loss=0.7026 classification=0.2858, bbox_regression=0.2240, bbox_ctrness=0.6217
epoch 48/50 iter 80/1860 loss=0.6740 mean_loss=0.6969 classification=0.0241, bbox_regression=0.0429, bbox_ctrness=0.6071
epoch 48/50 iter 100/1860 loss=0.6344 mean_loss=0.6955 classification=0.0081, bbox_regression=0.0443, bbox_ctrness=0.5821
epoch 48/50 iter 120/1860 loss=0.6444 mean_loss=0.6929 classification=0.0010, bbox_regression=0.0442, bbox_ctrness=0.5993
epoch 48/50 iter 140/1860 loss=0.6907 mean_loss=0.6906 classification=0.0117, bbox_regression=0.0673, bbox_ctrness=0.6116
epoch 48/50 iter 160/1860 loss=0.6307 mean_loss=0.6904 classification=0.0036, bbox_regression=0.0347, bbox_ctrness=0.5924
epoch 48/50 iter 180/1860 loss=0.6593 mean_loss=0.6913 classification=0.0038, bbox_regression=0.0561, bbox_ctrness=0.5994
epoch 48/50 iter 200/1860 loss=0.8618 mean_loss=0.6938 classification=0.1394, bbox_regression=0.1259, bbox_ctrness=0.5964
epoch 48/50 iter 220/1860 loss=0.6441 mean_loss=0.6924 classification=0.0065, bbox_regression=0.0472, bbox_ctrness=0.5903
epoch 48/50 iter 240/1860 loss=0.7697 mean_loss=0.6929 classification=0.0895, bbox_regression=0.0913, bbox_ctrness=0.5889
epoch 48/50 iter 260/1860 loss=0.6645 mean_loss=0.6960 classification=0.0066, bbox_regression=0.0536, bbox_ctrness=0.6042
epoch 48/50 iter 280/1860 loss=0.6930 mean_loss=0.6964 classification=0.0353, bbox_regression=0.0578, bbox_ctrness=0.5999
epoch 48/50 iter 300/1860 loss=0.6935 mean_loss=0.6967 classification=0.0364, bbox_regression=0.0632, bbox_ctrness=0.5939
epoch 48/50 iter 320/1860 loss=0.6483 mean_loss=0.6977 classification=0.0076, bbox_regression=0.0558, bbox_ctrness=0.5850
epoch 48/50 iter 340/1860 loss=0.6436 mean_loss=0.6974 classification=0.0009, bbox_regression=0.0318, bbox_ctrness=0.6109
epoch 48/50 iter 360/1860 loss=0.6969 mean_loss=0.6959 classification=0.0206, bbox_regression=0.0740, bbox_ctrness=0.6023
epoch 48/50 iter 380/1860 loss=0.6239 mean_loss=0.6963 classification=0.0002, bbox_regression=0.0375, bbox_ctrness=0.5862
epoch 48/50 iter 400/1860 loss=0.7646 mean_loss=0.6957 classification=0.0811, bbox_regression=0.0855, bbox_ctrness=0.5980
epoch 48/50 iter 420/1860 loss=0.6397 mean_loss=0.6963 classification=0.0007, bbox_regression=0.0370, bbox_ctrness=0.6020
epoch 48/50 iter 440/1860 loss=0.7466 mean_loss=0.6995 classification=0.0588, bbox_regression=0.0708, bbox_ctrness=0.6170
epoch 48/50 iter 460/1860 loss=0.7234 mean_loss=0.6985 classification=0.0495, bbox_regression=0.0648, bbox_ctrness=0.6091
epoch 48/50 iter 480/1860 loss=0.6449 mean_loss=0.6991 classification=0.0045, bbox_regression=0.0462, bbox_ctrness=0.5942
epoch 48/50 iter 500/1860 loss=0.6545 mean_loss=0.7000 classification=0.0051, bbox_regression=0.0537, bbox_ctrness=0.5956
epoch 48/50 iter 520/1860 loss=0.8154 mean_loss=0.7009 classification=0.1027, bbox_regression=0.1017, bbox_ctrness=0.6109
epoch 48/50 iter 540/1860 loss=0.8150 mean_loss=0.7013 classification=0.1232, bbox_regression=0.0926, bbox_ctrness=0.5992
epoch 48/50 iter 560/1860 loss=0.6714 mean_loss=0.7009 classification=0.0068, bbox_regression=0.0482, bbox_ctrness=0.6163
epoch 48/50 iter 580/1860 loss=0.6316 mean_loss=0.7007 classification=0.0006, bbox_regression=0.0540, bbox_ctrness=0.5770
epoch 48/50 iter 600/1860 loss=0.6692 mean_loss=0.7012 classification=0.0042, bbox_regression=0.0633, bbox_ctrness=0.6017
epoch 48/50 iter 620/1860 loss=0.6458 mean_loss=0.7005 classification=0.0027, bbox_regression=0.0427, bbox_ctrness=0.6003
epoch 48/50 iter 640/1860 loss=0.6305 mean_loss=0.6998 classification=0.0021, bbox_regression=0.0420, bbox_ctrness=0.5864
epoch 48/50 iter 660/1860 loss=0.6783 mean_loss=0.6994 classification=0.0110, bbox_regression=0.0801, bbox_ctrness=0.5872
epoch 48/50 iter 680/1860 loss=0.6511 mean_loss=0.6995 classification=0.0057, bbox_regression=0.0541, bbox_ctrness=0.5912
epoch 48/50 iter 700/1860 loss=0.6854 mean_loss=0.6994 classification=0.0236, bbox_regression=0.0561, bbox_ctrness=0.6057
epoch 48/50 iter 720/1860 loss=0.6500 mean_loss=0.7012 classification=0.0097, bbox_regression=0.0448, bbox_ctrness=0.5956
epoch 48/50 iter 740/1860 loss=0.6752 mean_loss=0.7018 classification=0.0047, bbox_regression=0.0704, bbox_ctrness=0.6001
epoch 48/50 iter 760/1860 loss=0.6462 mean_loss=0.7017 classification=0.0045, bbox_regression=0.0452, bbox_ctrness=0.5965
epoch 48/50 iter 780/1860 loss=0.6543 mean_loss=0.7015 classification=0.0031, bbox_regression=0.0435, bbox_ctrness=0.6078
epoch 48/50 iter 800/1860 loss=0.6298 mean_loss=0.7011 classification=0.0053, bbox_regression=0.0359, bbox_ctrness=0.5887
epoch 48/50 iter 820/1860 loss=0.6288 mean_loss=0.7008 classification=0.0071, bbox_regression=0.0418, bbox_ctrness=0.5799
epoch 48/50 iter 840/1860 loss=0.6571 mean_loss=0.7009 classification=0.0072, bbox_regression=0.0489, bbox_ctrness=0.6010
epoch 48/50 iter 860/1860 loss=0.7958 mean_loss=0.7013 classification=0.0938, bbox_regression=0.1007, bbox_ctrness=0.6013
epoch 48/50 iter 880/1860 loss=0.6978 mean_loss=0.7008 classification=0.0416, bbox_regression=0.0584, bbox_ctrness=0.5978
epoch 48/50 iter 900/1860 loss=0.8437 mean_loss=0.7009 classification=0.0432, bbox_regression=0.1608, bbox_ctrness=0.6397
epoch 48/50 iter 920/1860 loss=0.6703 mean_loss=0.7007 classification=0.0119, bbox_regression=0.0576, bbox_ctrness=0.6007
epoch 48/50 iter 940/1860 loss=0.6431 mean_loss=0.7004 classification=0.0044, bbox_regression=0.0320, bbox_ctrness=0.6066
epoch 48/50 iter 960/1860 loss=0.6733 mean_loss=0.7000 classification=0.0044, bbox_regression=0.0698, bbox_ctrness=0.5992
epoch 48/50 iter 980/1860 loss=0.6666 mean_loss=0.7000 classification=0.0308, bbox_regression=0.0625, bbox_ctrness=0.5733
epoch 48/50 iter 1000/1860 loss=0.6948 mean_loss=0.7002 classification=0.0495, bbox_regression=0.0530, bbox_ctrness=0.5924
epoch 48/50 iter 1020/1860 loss=0.6681 mean_loss=0.7002 classification=0.0067, bbox_regression=0.0610, bbox_ctrness=0.6005
epoch 48/50 iter 1040/1860 loss=0.7113 mean_loss=0.7007 classification=0.0498, bbox_regression=0.0655, bbox_ctrness=0.5960
epoch 48/50 iter 1060/1860 loss=0.6257 mean_loss=0.7005 classification=0.0048, bbox_regression=0.0365, bbox_ctrness=0.5845
epoch 48/50 iter 1080/1860 loss=0.8749 mean_loss=0.7006 classification=0.1380, bbox_regression=0.1401, bbox_ctrness=0.5968
epoch 48/50 iter 1100/1860 loss=0.7542 mean_loss=0.7003 classification=0.0781, bbox_regression=0.0858, bbox_ctrness=0.5902
epoch 48/50 iter 1120/1860 loss=0.6460 mean_loss=0.7006 classification=0.0025, bbox_regression=0.0370, bbox_ctrness=0.6066
epoch 48/50 iter 1140/1860 loss=0.6418 mean_loss=0.7002 classification=0.0158, bbox_regression=0.0514, bbox_ctrness=0.5745
epoch 48/50 iter 1160/1860 loss=0.6555 mean_loss=0.7000 classification=0.0095, bbox_regression=0.0442, bbox_ctrness=0.6018
epoch 48/50 iter 1180/1860 loss=0.7154 mean_loss=0.7002 classification=0.0391, bbox_regression=0.0758, bbox_ctrness=0.6006
epoch 48/50 iter 1200/1860 loss=0.6413 mean_loss=0.7008 classification=0.0004, bbox_regression=0.0308, bbox_ctrness=0.6101
epoch 48/50 iter 1220/1860 loss=0.6598 mean_loss=0.7009 classification=0.0067, bbox_regression=0.0560, bbox_ctrness=0.5971
epoch 48/50 iter 1240/1860 loss=0.6484 mean_loss=0.7019 classification=0.0049, bbox_regression=0.0361, bbox_ctrness=0.6074
epoch 48/50 iter 1260/1860 loss=0.6522 mean_loss=0.7020 classification=0.0032, bbox_regression=0.0487, bbox_ctrness=0.6003
epoch 48/50 iter 1280/1860 loss=0.7476 mean_loss=0.7021 classification=0.0521, bbox_regression=0.0920, bbox_ctrness=0.6035
epoch 48/50 iter 1300/1860 loss=0.7082 mean_loss=0.7020 classification=0.0294, bbox_regression=0.0768, bbox_ctrness=0.6020
epoch 48/50 iter 1320/1860 loss=0.6543 mean_loss=0.7019 classification=0.0118, bbox_regression=0.0443, bbox_ctrness=0.5983
epoch 48/50 iter 1340/1860 loss=0.6831 mean_loss=0.7019 classification=0.0136, bbox_regression=0.0605, bbox_ctrness=0.6090
epoch 48/50 iter 1360/1860 loss=0.6425 mean_loss=0.7015 classification=0.0086, bbox_regression=0.0488, bbox_ctrness=0.5851
epoch 48/50 iter 1380/1860 loss=0.6505 mean_loss=0.7010 classification=0.0052, bbox_regression=0.0421, bbox_ctrness=0.6032
epoch 48/50 iter 1400/1860 loss=0.6729 mean_loss=0.7012 classification=0.0052, bbox_regression=0.0504, bbox_ctrness=0.6173
epoch 48/50 iter 1420/1860 loss=0.6609 mean_loss=0.7010 classification=0.0096, bbox_regression=0.0544, bbox_ctrness=0.5969
epoch 48/50 iter 1440/1860 loss=0.6659 mean_loss=0.7010 classification=0.0058, bbox_regression=0.0537, bbox_ctrness=0.6064
epoch 48/50 iter 1460/1860 loss=0.6531 mean_loss=0.7010 classification=0.0064, bbox_regression=0.0423, bbox_ctrness=0.6044
epoch 48/50 iter 1480/1860 loss=0.6768 mean_loss=0.7010 classification=0.0237, bbox_regression=0.0516, bbox_ctrness=0.6016
epoch 48/50 iter 1500/1860 loss=1.1139 mean_loss=0.7019 classification=0.2587, bbox_regression=0.2362, bbox_ctrness=0.6190
epoch 48/50 iter 1520/1860 loss=0.6162 mean_loss=0.7022 classification=0.0051, bbox_regression=0.0347, bbox_ctrness=0.5764
epoch 48/50 iter 1540/1860 loss=0.7181 mean_loss=0.7020 classification=0.0281, bbox_regression=0.0868, bbox_ctrness=0.6033
epoch 48/50 iter 1560/1860 loss=0.7677 mean_loss=0.7020 classification=0.0696, bbox_regression=0.1016, bbox_ctrness=0.5965
epoch 48/50 iter 1580/1860 loss=0.6503 mean_loss=0.7020 classification=0.0068, bbox_regression=0.0426, bbox_ctrness=0.6009
epoch 48/50 iter 1600/1860 loss=0.6957 mean_loss=0.7020 classification=0.0295, bbox_regression=0.0578, bbox_ctrness=0.6085
epoch 48/50 iter 1620/1860 loss=0.6598 mean_loss=0.7021 classification=0.0039, bbox_regression=0.0484, bbox_ctrness=0.6074
epoch 48/50 iter 1640/1860 loss=0.6547 mean_loss=0.7018 classification=0.0130, bbox_regression=0.0430, bbox_ctrness=0.5986
epoch 48/50 iter 1660/1860 loss=0.6700 mean_loss=0.7016 classification=0.0080, bbox_regression=0.0738, bbox_ctrness=0.5881
epoch 48/50 iter 1680/1860 loss=0.6456 mean_loss=0.7016 classification=0.0142, bbox_regression=0.0474, bbox_ctrness=0.5840
epoch 48/50 iter 1700/1860 loss=0.7069 mean_loss=0.7015 classification=0.0495, bbox_regression=0.0694, bbox_ctrness=0.5880
epoch 48/50 iter 1720/1860 loss=0.6514 mean_loss=0.7016 classification=0.0033, bbox_regression=0.0458, bbox_ctrness=0.6022
epoch 48/50 iter 1740/1860 loss=0.6879 mean_loss=0.7016 classification=0.0187, bbox_regression=0.0749, bbox_ctrness=0.5943
epoch 48/50 iter 1760/1860 loss=0.6660 mean_loss=0.7015 classification=0.0098, bbox_regression=0.0518, bbox_ctrness=0.6044
epoch 48/50 iter 1780/1860 loss=0.6537 mean_loss=0.7013 classification=0.0045, bbox_regression=0.0481, bbox_ctrness=0.6011
epoch 48/50 iter 1800/1860 loss=0.6948 mean_loss=0.7015 classification=0.0381, bbox_regression=0.0651, bbox_ctrness=0.5915
epoch 48/50 iter 1820/1860 loss=0.6785 mean_loss=0.7019 classification=0.0276, bbox_regression=0.0504, bbox_ctrness=0.6005
epoch 48/50 iter 1840/1860 loss=0.6784 mean_loss=0.7022 classification=0.0122, bbox_regression=0.0628, bbox_ctrness=0.6034
epoch 48/50 iter 1860/1860 loss=0.6533 mean_loss=0.7019 classification=0.0044, bbox_regression=0.0520, bbox_ctrness=0.5969
epoch 48 validation Precision=0.5560 Recall=0.9381 AP50=0.9138 AP75=0.8383 eval_fps=19.89 epoch_time_sec=903.7
saved checkpoint: E:\RepViT-main\runs\v48_complete_ablation\training\early_moddrop_seed2\weights\last.pt
epoch 49/50 iter 1/1860 loss=0.7065 mean_loss=0.7065 classification=0.0335, bbox_regression=0.0778, bbox_ctrness=0.5951
epoch 49/50 iter 20/1860 loss=0.6516 mean_loss=0.6731 classification=0.0145, bbox_regression=0.0506, bbox_ctrness=0.5864
epoch 49/50 iter 40/1860 loss=0.8051 mean_loss=0.7222 classification=0.1081, bbox_regression=0.0964, bbox_ctrness=0.6006
epoch 49/50 iter 60/1860 loss=0.7337 mean_loss=0.7117 classification=0.0215, bbox_regression=0.0906, bbox_ctrness=0.6216
epoch 49/50 iter 80/1860 loss=0.7334 mean_loss=0.7116 classification=0.0454, bbox_regression=0.0851, bbox_ctrness=0.6029
epoch 49/50 iter 100/1860 loss=0.6533 mean_loss=0.7181 classification=0.0027, bbox_regression=0.0395, bbox_ctrness=0.6111
epoch 49/50 iter 120/1860 loss=0.6585 mean_loss=0.7143 classification=0.0069, bbox_regression=0.0496, bbox_ctrness=0.6020
epoch 49/50 iter 140/1860 loss=0.8589 mean_loss=0.7150 classification=0.0991, bbox_regression=0.1317, bbox_ctrness=0.6281
epoch 49/50 iter 160/1860 loss=0.6935 mean_loss=0.7097 classification=0.0449, bbox_regression=0.0700, bbox_ctrness=0.5786
epoch 49/50 iter 180/1860 loss=0.9403 mean_loss=0.7072 classification=0.1523, bbox_regression=0.1638, bbox_ctrness=0.6242
epoch 49/50 iter 200/1860 loss=0.7540 mean_loss=0.7062 classification=0.0264, bbox_regression=0.0945, bbox_ctrness=0.6331
epoch 49/50 iter 220/1860 loss=0.6775 mean_loss=0.7043 classification=0.0165, bbox_regression=0.0615, bbox_ctrness=0.5994
epoch 49/50 iter 240/1860 loss=0.6686 mean_loss=0.7040 classification=0.0085, bbox_regression=0.0590, bbox_ctrness=0.6011
epoch 49/50 iter 260/1860 loss=0.6618 mean_loss=0.7031 classification=0.0123, bbox_regression=0.0469, bbox_ctrness=0.6026
epoch 49/50 iter 280/1860 loss=0.6351 mean_loss=0.7044 classification=0.0091, bbox_regression=0.0450, bbox_ctrness=0.5810
epoch 49/50 iter 300/1860 loss=0.6617 mean_loss=0.7027 classification=0.0049, bbox_regression=0.0528, bbox_ctrness=0.6040
epoch 49/50 iter 320/1860 loss=0.6252 mean_loss=0.7010 classification=0.0015, bbox_regression=0.0341, bbox_ctrness=0.5896
epoch 49/50 iter 340/1860 loss=0.6467 mean_loss=0.7013 classification=0.0053, bbox_regression=0.0498, bbox_ctrness=0.5916
epoch 49/50 iter 360/1860 loss=0.6871 mean_loss=0.7010 classification=0.0467, bbox_regression=0.0402, bbox_ctrness=0.6001
epoch 49/50 iter 380/1860 loss=0.6791 mean_loss=0.7000 classification=0.0132, bbox_regression=0.0571, bbox_ctrness=0.6089
epoch 49/50 iter 400/1860 loss=0.6587 mean_loss=0.7002 classification=0.0013, bbox_regression=0.0402, bbox_ctrness=0.6172
epoch 49/50 iter 420/1860 loss=0.6480 mean_loss=0.6992 classification=0.0059, bbox_regression=0.0571, bbox_ctrness=0.5851
epoch 49/50 iter 440/1860 loss=0.6741 mean_loss=0.6997 classification=0.0065, bbox_regression=0.0522, bbox_ctrness=0.6154
epoch 49/50 iter 460/1860 loss=0.6656 mean_loss=0.7002 classification=0.0071, bbox_regression=0.0632, bbox_ctrness=0.5953
epoch 49/50 iter 480/1860 loss=0.6928 mean_loss=0.6994 classification=0.0345, bbox_regression=0.0538, bbox_ctrness=0.6045
epoch 49/50 iter 500/1860 loss=0.6750 mean_loss=0.6988 classification=0.0182, bbox_regression=0.0581, bbox_ctrness=0.5987
epoch 49/50 iter 520/1860 loss=0.6922 mean_loss=0.6978 classification=0.0061, bbox_regression=0.0703, bbox_ctrness=0.6158
epoch 49/50 iter 540/1860 loss=0.6953 mean_loss=0.6979 classification=0.0191, bbox_regression=0.0636, bbox_ctrness=0.6126
epoch 49/50 iter 560/1860 loss=0.6246 mean_loss=0.6967 classification=0.0028, bbox_regression=0.0494, bbox_ctrness=0.5724
epoch 49/50 iter 580/1860 loss=0.6458 mean_loss=0.6960 classification=0.0016, bbox_regression=0.0382, bbox_ctrness=0.6060
epoch 49/50 iter 600/1860 loss=0.7155 mean_loss=0.6970 classification=0.0291, bbox_regression=0.0776, bbox_ctrness=0.6088
epoch 49/50 iter 620/1860 loss=0.6287 mean_loss=0.6961 classification=0.0080, bbox_regression=0.0428, bbox_ctrness=0.5779
epoch 49/50 iter 640/1860 loss=0.6647 mean_loss=0.6956 classification=0.0052, bbox_regression=0.0556, bbox_ctrness=0.6039
epoch 49/50 iter 660/1860 loss=0.8183 mean_loss=0.6954 classification=0.0969, bbox_regression=0.1098, bbox_ctrness=0.6117
epoch 49/50 iter 680/1860 loss=0.6709 mean_loss=0.6946 classification=0.0190, bbox_regression=0.0619, bbox_ctrness=0.5900
epoch 49/50 iter 700/1860 loss=0.6875 mean_loss=0.6952 classification=0.0524, bbox_regression=0.0572, bbox_ctrness=0.5779
epoch 49/50 iter 720/1860 loss=0.6589 mean_loss=0.6956 classification=0.0114, bbox_regression=0.0482, bbox_ctrness=0.5993
epoch 49/50 iter 740/1860 loss=0.6781 mean_loss=0.6959 classification=0.0148, bbox_regression=0.0603, bbox_ctrness=0.6030
epoch 49/50 iter 760/1860 loss=0.6433 mean_loss=0.6953 classification=0.0087, bbox_regression=0.0467, bbox_ctrness=0.5879
epoch 49/50 iter 780/1860 loss=0.6808 mean_loss=0.6949 classification=0.0179, bbox_regression=0.0575, bbox_ctrness=0.6054
epoch 49/50 iter 800/1860 loss=0.6557 mean_loss=0.6944 classification=0.0089, bbox_regression=0.0508, bbox_ctrness=0.5960
epoch 49/50 iter 820/1860 loss=0.7140 mean_loss=0.6942 classification=0.0307, bbox_regression=0.0871, bbox_ctrness=0.5961
epoch 49/50 iter 840/1860 loss=0.7592 mean_loss=0.6943 classification=0.0853, bbox_regression=0.0971, bbox_ctrness=0.5768
epoch 49/50 iter 860/1860 loss=0.6362 mean_loss=0.6942 classification=0.0048, bbox_regression=0.0409, bbox_ctrness=0.5904
epoch 49/50 iter 880/1860 loss=0.7357 mean_loss=0.6939 classification=0.0475, bbox_regression=0.0839, bbox_ctrness=0.6044
epoch 49/50 iter 900/1860 loss=0.6488 mean_loss=0.6937 classification=0.0015, bbox_regression=0.0483, bbox_ctrness=0.5989
epoch 49/50 iter 920/1860 loss=0.6630 mean_loss=0.6931 classification=0.0022, bbox_regression=0.0480, bbox_ctrness=0.6128
epoch 49/50 iter 940/1860 loss=0.6511 mean_loss=0.6939 classification=0.0014, bbox_regression=0.0483, bbox_ctrness=0.6014
epoch 49/50 iter 960/1860 loss=0.6479 mean_loss=0.6939 classification=0.0033, bbox_regression=0.0540, bbox_ctrness=0.5906
epoch 49/50 iter 980/1860 loss=0.7562 mean_loss=0.6952 classification=0.0818, bbox_regression=0.0692, bbox_ctrness=0.6052
epoch 49/50 iter 1000/1860 loss=0.8113 mean_loss=0.6958 classification=0.0811, bbox_regression=0.1163, bbox_ctrness=0.6139
epoch 49/50 iter 1020/1860 loss=0.7858 mean_loss=0.6960 classification=0.0582, bbox_regression=0.1052, bbox_ctrness=0.6224
epoch 49/50 iter 1040/1860 loss=0.6909 mean_loss=0.6960 classification=0.0358, bbox_regression=0.0566, bbox_ctrness=0.5985
epoch 49/50 iter 1060/1860 loss=0.6660 mean_loss=0.6958 classification=0.0054, bbox_regression=0.0509, bbox_ctrness=0.6097
epoch 49/50 iter 1080/1860 loss=0.6433 mean_loss=0.6956 classification=0.0027, bbox_regression=0.0413, bbox_ctrness=0.5993
epoch 49/50 iter 1100/1860 loss=0.6547 mean_loss=0.6957 classification=0.0019, bbox_regression=0.0432, bbox_ctrness=0.6096
epoch 49/50 iter 1120/1860 loss=0.6839 mean_loss=0.6957 classification=0.0106, bbox_regression=0.0566, bbox_ctrness=0.6167
epoch 49/50 iter 1140/1860 loss=0.7047 mean_loss=0.6956 classification=0.0301, bbox_regression=0.0631, bbox_ctrness=0.6115
epoch 49/50 iter 1160/1860 loss=0.6484 mean_loss=0.6957 classification=0.0044, bbox_regression=0.0470, bbox_ctrness=0.5970
epoch 49/50 iter 1180/1860 loss=0.6374 mean_loss=0.6964 classification=0.0061, bbox_regression=0.0448, bbox_ctrness=0.5865
epoch 49/50 iter 1200/1860 loss=0.7228 mean_loss=0.6964 classification=0.0530, bbox_regression=0.0855, bbox_ctrness=0.5843
epoch 49/50 iter 1220/1860 loss=0.6405 mean_loss=0.6965 classification=0.0033, bbox_regression=0.0437, bbox_ctrness=0.5936
epoch 49/50 iter 1240/1860 loss=0.6412 mean_loss=0.6962 classification=0.0032, bbox_regression=0.0472, bbox_ctrness=0.5909
epoch 49/50 iter 1260/1860 loss=0.7019 mean_loss=0.6965 classification=0.0200, bbox_regression=0.0789, bbox_ctrness=0.6030
epoch 49/50 iter 1280/1860 loss=0.6805 mean_loss=0.6961 classification=0.0232, bbox_regression=0.0620, bbox_ctrness=0.5953
epoch 49/50 iter 1300/1860 loss=0.6535 mean_loss=0.6961 classification=0.0036, bbox_regression=0.0531, bbox_ctrness=0.5968
epoch 49/50 iter 1320/1860 loss=0.6623 mean_loss=0.6959 classification=0.0324, bbox_regression=0.0420, bbox_ctrness=0.5879
epoch 49/50 iter 1340/1860 loss=0.6802 mean_loss=0.6958 classification=0.0125, bbox_regression=0.0644, bbox_ctrness=0.6032
epoch 49/50 iter 1360/1860 loss=0.7931 mean_loss=0.6957 classification=0.0703, bbox_regression=0.1123, bbox_ctrness=0.6106
epoch 49/50 iter 1380/1860 loss=0.6587 mean_loss=0.6957 classification=0.0021, bbox_regression=0.0536, bbox_ctrness=0.6030
epoch 49/50 iter 1400/1860 loss=0.6509 mean_loss=0.6954 classification=0.0045, bbox_regression=0.0502, bbox_ctrness=0.5962
epoch 49/50 iter 1420/1860 loss=0.6572 mean_loss=0.6952 classification=0.0037, bbox_regression=0.0395, bbox_ctrness=0.6140
epoch 49/50 iter 1440/1860 loss=0.6982 mean_loss=0.6954 classification=0.0330, bbox_regression=0.0694, bbox_ctrness=0.5958
epoch 49/50 iter 1460/1860 loss=0.6815 mean_loss=0.6955 classification=0.0290, bbox_regression=0.0576, bbox_ctrness=0.5949
epoch 49/50 iter 1480/1860 loss=0.6306 mean_loss=0.6950 classification=0.0167, bbox_regression=0.0373, bbox_ctrness=0.5766
epoch 49/50 iter 1500/1860 loss=0.7470 mean_loss=0.6951 classification=0.0426, bbox_regression=0.0946, bbox_ctrness=0.6097
epoch 49/50 iter 1520/1860 loss=0.7129 mean_loss=0.6952 classification=0.0405, bbox_regression=0.0784, bbox_ctrness=0.5941
epoch 49/50 iter 1540/1860 loss=0.6995 mean_loss=0.6951 classification=0.0328, bbox_regression=0.0673, bbox_ctrness=0.5993
epoch 49/50 iter 1560/1860 loss=0.8833 mean_loss=0.6953 classification=0.1496, bbox_regression=0.1148, bbox_ctrness=0.6188
epoch 49/50 iter 1580/1860 loss=0.7666 mean_loss=0.6958 classification=0.0766, bbox_regression=0.0930, bbox_ctrness=0.5971
epoch 49/50 iter 1600/1860 loss=0.6570 mean_loss=0.6957 classification=0.0223, bbox_regression=0.0427, bbox_ctrness=0.5920
epoch 49/50 iter 1620/1860 loss=0.7299 mean_loss=0.6958 classification=0.0272, bbox_regression=0.0869, bbox_ctrness=0.6157
epoch 49/50 iter 1640/1860 loss=0.6349 mean_loss=0.6963 classification=0.0010, bbox_regression=0.0519, bbox_ctrness=0.5819
epoch 49/50 iter 1660/1860 loss=0.7507 mean_loss=0.6964 classification=0.0770, bbox_regression=0.0832, bbox_ctrness=0.5906
epoch 49/50 iter 1680/1860 loss=0.6589 mean_loss=0.6960 classification=0.0035, bbox_regression=0.0437, bbox_ctrness=0.6117
epoch 49/50 iter 1700/1860 loss=0.6408 mean_loss=0.6964 classification=0.0036, bbox_regression=0.0405, bbox_ctrness=0.5967
epoch 49/50 iter 1720/1860 loss=0.6588 mean_loss=0.6968 classification=0.0072, bbox_regression=0.0568, bbox_ctrness=0.5949
epoch 49/50 iter 1740/1860 loss=0.7724 mean_loss=0.6972 classification=0.0855, bbox_regression=0.0678, bbox_ctrness=0.6191
epoch 49/50 iter 1760/1860 loss=0.7233 mean_loss=0.6975 classification=0.0441, bbox_regression=0.0777, bbox_ctrness=0.6015
epoch 49/50 iter 1780/1860 loss=0.6718 mean_loss=0.6974 classification=0.0038, bbox_regression=0.0511, bbox_ctrness=0.6169
epoch 49/50 iter 1800/1860 loss=0.6528 mean_loss=0.6974 classification=0.0022, bbox_regression=0.0451, bbox_ctrness=0.6055
epoch 49/50 iter 1820/1860 loss=0.6448 mean_loss=0.6973 classification=0.0054, bbox_regression=0.0441, bbox_ctrness=0.5952
epoch 49/50 iter 1840/1860 loss=0.6638 mean_loss=0.6970 classification=0.0079, bbox_regression=0.0519, bbox_ctrness=0.6041
epoch 49/50 iter 1860/1860 loss=0.6380 mean_loss=0.6968 classification=0.0066, bbox_regression=0.0459, bbox_ctrness=0.5855
epoch 49 validation Precision=0.7267 Recall=0.9339 AP50=0.9127 AP75=0.8336 eval_fps=22.82 epoch_time_sec=855.9
saved checkpoint: E:\RepViT-main\runs\v48_complete_ablation\training\early_moddrop_seed2\weights\last.pt
epoch 50/50 iter 1/1860 loss=0.6593 mean_loss=0.6593 classification=0.0036, bbox_regression=0.0507, bbox_ctrness=0.6050
epoch 50/50 iter 20/1860 loss=0.6364 mean_loss=0.6851 classification=0.0060, bbox_regression=0.0416, bbox_ctrness=0.5887
epoch 50/50 iter 40/1860 loss=0.6918 mean_loss=0.6818 classification=0.0368, bbox_regression=0.0661, bbox_ctrness=0.5890
epoch 50/50 iter 60/1860 loss=0.7530 mean_loss=0.6885 classification=0.0323, bbox_regression=0.1020, bbox_ctrness=0.6187
epoch 50/50 iter 80/1860 loss=0.7045 mean_loss=0.6826 classification=0.0318, bbox_regression=0.0845, bbox_ctrness=0.5881
epoch 50/50 iter 100/1860 loss=0.6448 mean_loss=0.6816 classification=0.0027, bbox_regression=0.0416, bbox_ctrness=0.6005
epoch 50/50 iter 120/1860 loss=0.6526 mean_loss=0.6849 classification=0.0068, bbox_regression=0.0462, bbox_ctrness=0.5996
epoch 50/50 iter 140/1860 loss=0.6778 mean_loss=0.6829 classification=0.0052, bbox_regression=0.0720, bbox_ctrness=0.6007
epoch 50/50 iter 160/1860 loss=0.6643 mean_loss=0.6894 classification=0.0039, bbox_regression=0.0491, bbox_ctrness=0.6114
epoch 50/50 iter 180/1860 loss=0.7088 mean_loss=0.6922 classification=0.0510, bbox_regression=0.0596, bbox_ctrness=0.5982
epoch 50/50 iter 200/1860 loss=0.8119 mean_loss=0.6945 classification=0.1069, bbox_regression=0.0848, bbox_ctrness=0.6202
epoch 50/50 iter 220/1860 loss=0.7484 mean_loss=0.6930 classification=0.0666, bbox_regression=0.0859, bbox_ctrness=0.5959
epoch 50/50 iter 240/1860 loss=0.6888 mean_loss=0.6954 classification=0.0076, bbox_regression=0.0627, bbox_ctrness=0.6184
epoch 50/50 iter 260/1860 loss=0.7216 mean_loss=0.6956 classification=0.0248, bbox_regression=0.0862, bbox_ctrness=0.6106
epoch 50/50 iter 280/1860 loss=0.6331 mean_loss=0.6994 classification=0.0073, bbox_regression=0.0456, bbox_ctrness=0.5802
epoch 50/50 iter 300/1860 loss=0.7540 mean_loss=0.7004 classification=0.0590, bbox_regression=0.1023, bbox_ctrness=0.5927
epoch 50/50 iter 320/1860 loss=0.6539 mean_loss=0.6998 classification=0.0031, bbox_regression=0.0605, bbox_ctrness=0.5902
epoch 50/50 iter 340/1860 loss=0.6981 mean_loss=0.6987 classification=0.0327, bbox_regression=0.0613, bbox_ctrness=0.6041
epoch 50/50 iter 360/1860 loss=0.6611 mean_loss=0.7009 classification=0.0012, bbox_regression=0.0363, bbox_ctrness=0.6236
epoch 50/50 iter 380/1860 loss=0.6484 mean_loss=0.7002 classification=0.0034, bbox_regression=0.0438, bbox_ctrness=0.6012
epoch 50/50 iter 400/1860 loss=0.6714 mean_loss=0.7017 classification=0.0101, bbox_regression=0.0538, bbox_ctrness=0.6075
epoch 50/50 iter 420/1860 loss=0.8424 mean_loss=0.7011 classification=0.0724, bbox_regression=0.1487, bbox_ctrness=0.6213
epoch 50/50 iter 440/1860 loss=0.6717 mean_loss=0.7023 classification=0.0218, bbox_regression=0.0563, bbox_ctrness=0.5936
epoch 50/50 iter 460/1860 loss=0.7243 mean_loss=0.7026 classification=0.0641, bbox_regression=0.0736, bbox_ctrness=0.5865
epoch 50/50 iter 480/1860 loss=0.7618 mean_loss=0.7026 classification=0.0453, bbox_regression=0.1111, bbox_ctrness=0.6054
epoch 50/50 iter 500/1860 loss=0.7567 mean_loss=0.7027 classification=0.0873, bbox_regression=0.0741, bbox_ctrness=0.5954
epoch 50/50 iter 520/1860 loss=1.0171 mean_loss=0.7022 classification=0.2401, bbox_regression=0.1749, bbox_ctrness=0.6021
epoch 50/50 iter 540/1860 loss=0.6278 mean_loss=0.7019 classification=0.0028, bbox_regression=0.0314, bbox_ctrness=0.5937
epoch 50/50 iter 560/1860 loss=0.8714 mean_loss=0.7026 classification=0.1230, bbox_regression=0.1331, bbox_ctrness=0.6153
epoch 50/50 iter 580/1860 loss=0.7292 mean_loss=0.7031 classification=0.0388, bbox_regression=0.0854, bbox_ctrness=0.6050
epoch 50/50 iter 600/1860 loss=1.2332 mean_loss=0.7036 classification=0.3302, bbox_regression=0.2718, bbox_ctrness=0.6312
epoch 50/50 iter 620/1860 loss=0.6821 mean_loss=0.7033 classification=0.0194, bbox_regression=0.0644, bbox_ctrness=0.5983
epoch 50/50 iter 640/1860 loss=0.6416 mean_loss=0.7024 classification=0.0270, bbox_regression=0.0382, bbox_ctrness=0.5763
epoch 50/50 iter 660/1860 loss=0.8598 mean_loss=0.7036 classification=0.1522, bbox_regression=0.1173, bbox_ctrness=0.5903
epoch 50/50 iter 680/1860 loss=0.7440 mean_loss=0.7030 classification=0.0480, bbox_regression=0.0808, bbox_ctrness=0.6151
epoch 50/50 iter 700/1860 loss=0.6590 mean_loss=0.7024 classification=0.0009, bbox_regression=0.0473, bbox_ctrness=0.6107
epoch 50/50 iter 720/1860 loss=0.6753 mean_loss=0.7022 classification=0.0128, bbox_regression=0.0600, bbox_ctrness=0.6025
epoch 50/50 iter 740/1860 loss=0.7824 mean_loss=0.7018 classification=0.0760, bbox_regression=0.0897, bbox_ctrness=0.6166
epoch 50/50 iter 760/1860 loss=0.7846 mean_loss=0.7019 classification=0.0636, bbox_regression=0.1096, bbox_ctrness=0.6114
epoch 50/50 iter 780/1860 loss=0.6659 mean_loss=0.7026 classification=0.0136, bbox_regression=0.0512, bbox_ctrness=0.6011
epoch 50/50 iter 800/1860 loss=0.6618 mean_loss=0.7018 classification=0.0013, bbox_regression=0.0402, bbox_ctrness=0.6203
epoch 50/50 iter 820/1860 loss=0.6461 mean_loss=0.7013 classification=0.0033, bbox_regression=0.0477, bbox_ctrness=0.5950
epoch 50/50 iter 840/1860 loss=0.6563 mean_loss=0.7015 classification=0.0093, bbox_regression=0.0459, bbox_ctrness=0.6011
epoch 50/50 iter 860/1860 loss=0.7851 mean_loss=0.7012 classification=0.0948, bbox_regression=0.0817, bbox_ctrness=0.6086
epoch 50/50 iter 880/1860 loss=0.6573 mean_loss=0.7009 classification=0.0024, bbox_regression=0.0407, bbox_ctrness=0.6142
epoch 50/50 iter 900/1860 loss=0.7022 mean_loss=0.7008 classification=0.0045, bbox_regression=0.0792, bbox_ctrness=0.6185
epoch 50/50 iter 920/1860 loss=0.6496 mean_loss=0.7000 classification=0.0011, bbox_regression=0.0417, bbox_ctrness=0.6069
epoch 50/50 iter 940/1860 loss=0.6684 mean_loss=0.6999 classification=0.0163, bbox_regression=0.0536, bbox_ctrness=0.5985
epoch 50/50 iter 960/1860 loss=0.6547 mean_loss=0.7004 classification=0.0038, bbox_regression=0.0343, bbox_ctrness=0.6166
epoch 50/50 iter 980/1860 loss=1.1809 mean_loss=0.7006 classification=0.3121, bbox_regression=0.2497, bbox_ctrness=0.6191
epoch 50/50 iter 1000/1860 loss=0.7036 mean_loss=0.7001 classification=0.0169, bbox_regression=0.0722, bbox_ctrness=0.6145
epoch 50/50 iter 1020/1860 loss=0.6687 mean_loss=0.7006 classification=0.0062, bbox_regression=0.0637, bbox_ctrness=0.5989
epoch 50/50 iter 1040/1860 loss=0.6431 mean_loss=0.7008 classification=0.0068, bbox_regression=0.0384, bbox_ctrness=0.5979
epoch 50/50 iter 1060/1860 loss=0.7142 mean_loss=0.7007 classification=0.0277, bbox_regression=0.0703, bbox_ctrness=0.6162
epoch 50/50 iter 1080/1860 loss=0.8400 mean_loss=0.7011 classification=0.0828, bbox_regression=0.1474, bbox_ctrness=0.6098
epoch 50/50 iter 1100/1860 loss=0.6709 mean_loss=0.7015 classification=0.0350, bbox_regression=0.0566, bbox_ctrness=0.5792
epoch 50/50 iter 1120/1860 loss=0.6964 mean_loss=0.7013 classification=0.0386, bbox_regression=0.0634, bbox_ctrness=0.5944
epoch 50/50 iter 1140/1860 loss=0.6276 mean_loss=0.7013 classification=0.0039, bbox_regression=0.0451, bbox_ctrness=0.5787
epoch 50/50 iter 1160/1860 loss=0.6570 mean_loss=0.7011 classification=0.0083, bbox_regression=0.0417, bbox_ctrness=0.6070
epoch 50/50 iter 1180/1860 loss=0.6835 mean_loss=0.7011 classification=0.0153, bbox_regression=0.0662, bbox_ctrness=0.6019
epoch 50/50 iter 1200/1860 loss=0.6539 mean_loss=0.7010 classification=0.0058, bbox_regression=0.0477, bbox_ctrness=0.6004
epoch 50/50 iter 1220/1860 loss=0.6412 mean_loss=0.7017 classification=0.0032, bbox_regression=0.0442, bbox_ctrness=0.5938
epoch 50/50 iter 1240/1860 loss=0.6645 mean_loss=0.7014 classification=0.0026, bbox_regression=0.0518, bbox_ctrness=0.6101
epoch 50/50 iter 1260/1860 loss=0.6747 mean_loss=0.7017 classification=0.0175, bbox_regression=0.0605, bbox_ctrness=0.5967
epoch 50/50 iter 1280/1860 loss=0.7918 mean_loss=0.7016 classification=0.0799, bbox_regression=0.0969, bbox_ctrness=0.6150
epoch 50/50 iter 1300/1860 loss=0.6578 mean_loss=0.7015 classification=0.0042, bbox_regression=0.0470, bbox_ctrness=0.6066
epoch 50/50 iter 1320/1860 loss=0.6775 mean_loss=0.7022 classification=0.0010, bbox_regression=0.0669, bbox_ctrness=0.6095
epoch 50/50 iter 1340/1860 loss=0.6669 mean_loss=0.7032 classification=0.0149, bbox_regression=0.0577, bbox_ctrness=0.5943
epoch 50/50 iter 1360/1860 loss=0.7479 mean_loss=0.7032 classification=0.0583, bbox_regression=0.0773, bbox_ctrness=0.6124
epoch 50/50 iter 1380/1860 loss=0.6588 mean_loss=0.7031 classification=0.0145, bbox_regression=0.0520, bbox_ctrness=0.5923
epoch 50/50 iter 1400/1860 loss=0.7525 mean_loss=0.7029 classification=0.0435, bbox_regression=0.0947, bbox_ctrness=0.6143
epoch 50/50 iter 1420/1860 loss=0.6858 mean_loss=0.7028 classification=0.0117, bbox_regression=0.0688, bbox_ctrness=0.6053
epoch 50/50 iter 1440/1860 loss=0.6633 mean_loss=0.7028 classification=0.0072, bbox_regression=0.0507, bbox_ctrness=0.6054
epoch 50/50 iter 1460/1860 loss=0.6125 mean_loss=0.7025 classification=0.0021, bbox_regression=0.0458, bbox_ctrness=0.5646
epoch 50/50 iter 1480/1860 loss=0.6400 mean_loss=0.7026 classification=0.0042, bbox_regression=0.0499, bbox_ctrness=0.5859
epoch 50/50 iter 1500/1860 loss=0.6608 mean_loss=0.7023 classification=0.0130, bbox_regression=0.0487, bbox_ctrness=0.5991
epoch 50/50 iter 1520/1860 loss=0.7136 mean_loss=0.7019 classification=0.0676, bbox_regression=0.0666, bbox_ctrness=0.5794
epoch 50/50 iter 1540/1860 loss=0.6694 mean_loss=0.7016 classification=0.0086, bbox_regression=0.0501, bbox_ctrness=0.6107
epoch 50/50 iter 1560/1860 loss=0.6606 mean_loss=0.7017 classification=0.0054, bbox_regression=0.0480, bbox_ctrness=0.6072
epoch 50/50 iter 1580/1860 loss=0.6479 mean_loss=0.7014 classification=0.0070, bbox_regression=0.0458, bbox_ctrness=0.5950
epoch 50/50 iter 1600/1860 loss=0.6302 mean_loss=0.7012 classification=0.0004, bbox_regression=0.0403, bbox_ctrness=0.5895
epoch 50/50 iter 1620/1860 loss=0.8324 mean_loss=0.7013 classification=0.0965, bbox_regression=0.1274, bbox_ctrness=0.6085
epoch 50/50 iter 1640/1860 loss=0.6825 mean_loss=0.7014 classification=0.0195, bbox_regression=0.0735, bbox_ctrness=0.5895
epoch 50/50 iter 1660/1860 loss=0.7651 mean_loss=0.7014 classification=0.0698, bbox_regression=0.0917, bbox_ctrness=0.6036
epoch 50/50 iter 1680/1860 loss=0.6424 mean_loss=0.7016 classification=0.0040, bbox_regression=0.0454, bbox_ctrness=0.5929
epoch 50/50 iter 1700/1860 loss=0.6408 mean_loss=0.7014 classification=0.0040, bbox_regression=0.0512, bbox_ctrness=0.5856
epoch 50/50 iter 1720/1860 loss=0.6526 mean_loss=0.7015 classification=0.0118, bbox_regression=0.0459, bbox_ctrness=0.5949
epoch 50/50 iter 1740/1860 loss=0.8355 mean_loss=0.7016 classification=0.0923, bbox_regression=0.1289, bbox_ctrness=0.6143
epoch 50/50 iter 1760/1860 loss=0.6384 mean_loss=0.7015 classification=0.0086, bbox_regression=0.0512, bbox_ctrness=0.5786
epoch 50/50 iter 1780/1860 loss=0.6607 mean_loss=0.7017 classification=0.0178, bbox_regression=0.0521, bbox_ctrness=0.5907
epoch 50/50 iter 1800/1860 loss=0.6813 mean_loss=0.7022 classification=0.0202, bbox_regression=0.0592, bbox_ctrness=0.6018
epoch 50/50 iter 1820/1860 loss=0.6470 mean_loss=0.7019 classification=0.0215, bbox_regression=0.0369, bbox_ctrness=0.5886
epoch 50/50 iter 1840/1860 loss=0.6662 mean_loss=0.7018 classification=0.0145, bbox_regression=0.0516, bbox_ctrness=0.6002
epoch 50/50 iter 1860/1860 loss=0.6587 mean_loss=0.7018 classification=0.0012, bbox_regression=0.0374, bbox_ctrness=0.6200
epoch 50 validation Precision=0.6549 Recall=0.9301 AP50=0.9109 AP75=0.8322 eval_fps=24.36 epoch_time_sec=849.2
saved checkpoint: E:\RepViT-main\runs\v48_complete_ablation\training\early_moddrop_seed2\weights\last.pt
Training complete.
END train/early_moddrop_seed2 return_code=0 elapsed_seconds=43950.095 2026-07-13T01:27:17+08:00
START eval/early_moddrop_seed2 2026-07-13T01:27:17+08:00
COMMAND C:\Users\xinnan\.conda\envs\pytorch\python.exe E:\RepViT-main\rarepdet\tools\eval_coco_map.py --run-id early_moddrop_seed2 --protocol ablation_devval --variant early_moddrop --model early --seed 2 --modality-dropout 0.15 --data D:\download\triair --split-file E:\RepViT-main\reproducibility\v40_expanded_adjacency_component_split_v2\manifests\v40_expanded_adjacency_component_disjoint_val.txt --weights E:\RepViT-main\runs\v48_complete_ablation\training\early_moddrop_seed2\weights\best.pt --img-size 640 --device cuda --batch-size 4 --num-workers 0 --detector-score-thr 0.001 --metric-score-thr 0.50 --nms-thresh 0.6 --detections-per-img 100 --out-json E:\RepViT-main\runs\v48_complete_ablation\raw\devval\early_moddrop_seed2.json
=== TriAirDataset Summary ===
data_root: D:\download\triair
image_dir: D:\download\triair\data\images
label_dir: D:\download\triair\data\labels
split_file: E:\RepViT-main\reproducibility\v40_expanded_adjacency_component_split_v2\manifests\v40_expanded_adjacency_component_disjoint_val.txt
mode: rgbte
channels: (0, 1, 2, 3, 4)
total images: 2213
images with label txt: 1971
images without label txt: 242
empty label txt files: 0
total boxes: 5867
class distribution:
  class 0: 5867
inference batch 1/554
inference batch 100/554
inference batch 200/554
inference batch 300/554
inference batch 400/554
inference batch 500/554
inference batch 554/554
{
  "run_id": "early_moddrop_seed2",
  "protocol": "ablation_devval",
  "ap50_95": 0.6872411731964517,
  "ap50": 0.9414440274315976,
  "ap75": 0.8273354112016256
}
saved: E:\RepViT-main\runs\v48_complete_ablation\raw\devval\early_moddrop_seed2.json
saved: E:\RepViT-main\runs\v48_complete_ablation\raw\devval\early_moddrop_seed2.csv
saved: E:\RepViT-main\runs\v48_complete_ablation\raw\devval\early_moddrop_seed2.txt
END eval/early_moddrop_seed2 return_code=0 elapsed_seconds=230.028 2026-07-13T01:31:07+08:00
