val_path,nearest_train_path,val_id,train_id,id_distance,signature_distance,direct_rgb_mae,val_gt_boxes,train_gt_boxes,exact_sha256_duplicate
data/images/frame_00375.npy,data/images/frame_00376.npy,375,376,1,2,NA,1,1,False
data/images/frame_00513.npy,data/images/frame_00523.npy,513,523,10,6,NA,0,0,False
data/images/nframe_01367.npy,data/images/nframe_01366.npy,1367,1366,1,4,NA,9,8,False
data/images/nframe_04723.npy,data/images/nframe_04724.npy,4723,4724,1,12,NA,3,3,False
data/images/nframe_07303.npy,data/images/nframe_07309.npy,7303,7309,6,14,NA,1,1,False
data/images/nframe_01530.npy,data/images/nframe_01531.npy,1530,1531,1,6,NA,8,9,False
data/images/frame_02853.npy,data/images/frame_02852.npy,2853,2852,1,14,NA,7,7,False
data/images/nframe_01992.npy,data/images/nframe_01993.npy,1992,1993,1,0,0.000000,3,3,False
data/images/nframe_05217.npy,data/images/nframe_05215.npy,5217,5215,2,22,NA,3,2,False
data/images/frame_01316.npy,data/images/frame_01315.npy,1316,1315,1,10,NA,1,2,False
data/images/frame_02010.npy,data/images/frame_02012.npy,2010,2012,2,6,NA,3,3,False
data/images/nframe_03971.npy,data/images/nframe_03970.npy,3971,3970,1,6,NA,3,2,False
data/images/nframe_06568.npy,data/images/nframe_06569.npy,6568,6569,1,0,0.000000,1,1,False
data/images/nframe_08408.npy,data/images/nframe_08407.npy,8408,8407,1,0,0.000000,5,5,False
data/images/frame_01456.npy,data/images/frame_01455.npy,1456,1455,1,6,NA,1,1,False
data/images/nframe_08679.npy,data/images/nframe_08634.npy,8679,8634,45,4,NA,3,3,False
data/images/nframe_02438.npy,data/images/nframe_02439.npy,2438,2439,1,24,NA,3,2,False
data/images/nframe_06960.npy,data/images/nframe_06946.npy,6960,6946,14,12,NA,1,1,False
data/images/nframe_06994.npy,data/images/nframe_06993.npy,6994,6993,1,10,NA,2,2,False
data/images/nframe_01172.npy,data/images/nframe_01193.npy,1172,1193,21,4,NA,3,3,False
data/images/frame_02727.npy,data/images/frame_02726.npy,2727,2726,1,46,NA,8,8,False
data/images/frame_01878.npy,data/images/frame_01879.npy,1878,1879,1,4,NA,0,0,False
data/images/nframe_01462.npy,data/images/nframe_01461.npy,1462,1461,1,6,NA,13,13,False
data/images/frame_00231.npy,data/images/frame_00229.npy,231,229,2,10,NA,1,1,False
data/images/nframe_08720.npy,data/images/nframe_08719.npy,8720,8719,1,4,NA,2,2,False
data/images/frame_00575.npy,data/images/frame_00577.npy,575,577,2,2,NA,0,0,False
data/images/nframe_01978.npy,data/images/nframe_01977.npy,1978,1977,1,4,NA,5,4,False
data/images/nframe_01726.npy,data/images/nframe_01727.npy,1726,1727,1,8,NA,7,7,False
data/images/nframe_07956.npy,data/images/nframe_07957.npy,7956,7957,1,0,0.000000,2,2,False
data/images/frame_01364.npy,data/images/frame_01359.npy,1364,1359,5,30,NA,5,4,False
data/images/frame_00007.npy,data/images/frame_00005.npy,7,5,2,14,NA,1,1,False
data/images/nframe_01204.npy,data/images/nframe_01205.npy,1204,1205,1,12,NA,3,3,False
data/images/frame_02104.npy,data/images/frame_02107.npy,2104,2107,3,2,NA,1,1,False
data/images/nframe_01814.npy,data/images/nframe_01815.npy,1814,1815,1,4,NA,5,5,False
data/images/nframe_07153.npy,data/images/nframe_07155.npy,7153,7155,2,8,NA,2,2,False
data/images/frame_03540.npy,data/images/frame_03539.npy,3540,3539,1,4,NA,3,3,False
data/images/frame_03289.npy,data/images/frame_03288.npy,3289,3288,1,6,NA,1,1,False
data/images/nframe_02474.npy,data/images/nframe_02473.npy,2474,2473,1,18,NA,4,4,False
data/images/nframe_01072.npy,data/images/nframe_01068.npy,1072,1068,4,2,NA,3,3,False
data/images/frame_02588.npy,data/images/frame_02589.npy,2588,2589,1,8,NA,5,6,False
data/images/nframe_02472.npy,data/images/nframe_02473.npy,2472,2473,1,0,0.000000,4,4,False
data/images/nframe_04756.npy,data/images/nframe_04757.npy,4756,4757,1,4,NA,3,2,False
data/images/frame_03299.npy,data/images/frame_03300.npy,3299,3300,1,14,NA,2,2,False
data/images/nframe_03700.npy,data/images/nframe_03699.npy,3700,3699,1,4,NA,1,1,False
data/images/frame_03770.npy,data/images/frame_03769.npy,3770,3769,1,16,NA,7,7,False
data/images/frame_02903.npy,data/images/frame_02904.npy,2903,2904,1,8,NA,3,3,False
data/images/frame_03554.npy,data/images/frame_03561.npy,3554,3561,7,12,NA,2,2,False
data/images/frame_01586.npy,data/images/frame_01585.npy,1586,1585,1,6,NA,1,1,False
data/images/nframe_02454.npy,data/images/nframe_02471.npy,2454,2471,17,12,NA,3,4,False
data/images/frame_03660.npy,data/images/frame_03661.npy,3660,3661,1,38,NA,4,4,False
data/images/frame_00567.npy,data/images/frame_00569.npy,567,569,2,2,NA,0,0,False
data/images/nframe_05625.npy,data/images/nframe_05624.npy,5625,5624,1,20,NA,1,1,False
data/images/frame_02101.npy,data/images/frame_02100.npy,2101,2100,1,6,NA,1,1,False
data/images/frame_01230.npy,data/images/frame_01229.npy,1230,1229,1,20,NA,0,0,False
data/images/frame_01707.npy,data/images/frame_01706.npy,1707,1706,1,12,NA,4,4,False
data/images/nframe_00777.npy,data/images/nframe_00778.npy,777,778,1,0,0.000000,1,1,False
data/images/frame_01108.npy,data/images/frame_01107.npy,1108,1107,1,8,NA,1,1,False
data/images/nframe_04315.npy,data/images/nframe_04317.npy,4315,4317,2,2,NA,2,1,False
data/images/frame_01627.npy,data/images/frame_01633.npy,1627,1633,6,22,NA,5,5,False
data/images/nframe_09937.npy,data/images/nframe_09938.npy,9937,9938,1,8,NA,1,1,False
data/images/frame_02255.npy,data/images/frame_02254.npy,2255,2254,1,20,NA,0,0,False
data/images/nframe_02115.npy,data/images/nframe_02114.npy,2115,2114,1,0,0.000000,4,4,False
data/images/nframe_00886.npy,data/images/nframe_00885.npy,886,885,1,2,NA,2,2,False
data/images/frame_00359.npy,data/images/frame_00358.npy,359,358,1,8,NA,1,1,False
data/images/nframe_06443.npy,data/images/nframe_06445.npy,6443,6445,2,32,NA,2,2,False
data/images/nframe_07678.npy,data/images/nframe_07679.npy,7678,7679,1,4,NA,2,2,False
data/images/frame_00228.npy,data/images/frame_00229.npy,228,229,1,6,NA,1,1,False
data/images/nframe_07005.npy,data/images/nframe_07006.npy,7005,7006,1,0,0.000000,1,1,False
data/images/nframe_02234.npy,data/images/nframe_02236.npy,2234,2236,2,4,NA,5,3,False
data/images/frame_00976.npy,data/images/frame_00979.npy,976,979,3,18,NA,5,5,False
data/images/frame_03105.npy,data/images/frame_03108.npy,3105,3108,3,12,NA,3,2,False
data/images/nframe_02887.npy,data/images/nframe_02889.npy,2887,2889,2,2,NA,1,1,False
data/images/nframe_01449.npy,data/images/nframe_01448.npy,1449,1448,1,10,NA,13,13,False
data/images/nframe_02319.npy,data/images/nframe_09280.npy,2319,9280,6961,74,NA,2,1,False
data/images/frame_01891.npy,data/images/frame_01892.npy,1891,1892,1,6,NA,0,0,False
data/images/nframe_03371.npy,data/images/nframe_03374.npy,3371,3374,3,8,NA,2,2,False
data/images/nframe_00990.npy,data/images/nframe_00988.npy,990,988,2,6,NA,3,3,False
data/images/nframe_01118.npy,data/images/nframe_01119.npy,1118,1119,1,6,NA,4,4,False
data/images/frame_00520.npy,data/images/frame_00519.npy,520,519,1,0,5.377222,0,0,False
data/images/frame_04061.npy,data/images/frame_04060.npy,4061,4060,1,28,NA,2,4,False
data/images/nframe_04515.npy,data/images/nframe_04516.npy,4515,4516,1,2,NA,3,3,False
data/images/nframe_09147.npy,data/images/nframe_09148.npy,9147,9148,1,6,NA,3,3,False
data/images/frame_00509.npy,data/images/frame_00508.npy,509,508,1,0,4.504530,0,0,False
data/images/frame_02322.npy,data/images/frame_02323.npy,2322,2323,1,12,NA,3,3,False
data/images/frame_02188.npy,data/images/frame_02189.npy,2188,2189,1,20,NA,2,1,False
data/images/nframe_04592.npy,data/images/nframe_04589.npy,4592,4589,3,8,NA,1,1,False
data/images/frame_01910.npy,data/images/frame_01912.npy,1910,1912,2,10,NA,0,0,False
data/images/frame_00397.npy,data/images/frame_00392.npy,397,392,5,0,5.121524,0,0,False
data/images/nframe_03391.npy,data/images/nframe_03396.npy,3391,3396,5,6,NA,2,2,False
data/images/nframe_01909.npy,data/images/nframe_01908.npy,1909,1908,1,6,NA,4,4,False
data/images/nframe_04679.npy,data/images/nframe_04680.npy,4679,4680,1,0,0.000000,1,1,False
data/images/nframe_05490.npy,data/images/nframe_05489.npy,5490,5489,1,6,NA,3,2,False
data/images/frame_01037.npy,data/images/frame_01038.npy,1037,1038,1,2,NA,2,2,False
data/images/nframe_05621.npy,data/images/nframe_05622.npy,5621,5622,1,0,0.000000,1,1,False
data/images/nframe_01844.npy,data/images/nframe_01843.npy,1844,1843,1,6,NA,4,3,False
data/images/frame_02536.npy,data/images/frame_02535.npy,2536,2535,1,4,NA,7,7,False
data/images/frame_00721.npy,data/images/frame_00720.npy,721,720,1,18,NA,2,2,False
data/images/frame_01457.npy,data/images/frame_01458.npy,1457,1458,1,12,NA,1,1,False
data/images/nframe_00985.npy,data/images/nframe_00988.npy,985,988,3,6,NA,3,3,False
data/images/nframe_08003.npy,data/images/nframe_08002.npy,8003,8002,1,14,NA,2,2,False
data/images/nframe_02250.npy,data/images/nframe_02256.npy,2250,2256,6,4,NA,3,4,False
data/images/nframe_07553.npy,data/images/nframe_07554.npy,7553,7554,1,6,NA,3,3,False
data/images/nframe_08326.npy,data/images/nframe_08325.npy,8326,8325,1,12,NA,1,1,False
data/images/nframe_03345.npy,data/images/nframe_03340.npy,3345,3340,5,10,NA,2,2,False
data/images/frame_03596.npy,data/images/frame_03595.npy,3596,3595,1,6,NA,3,3,False
data/images/nframe_01231.npy,data/images/nframe_01232.npy,1231,1232,1,14,NA,3,3,False
data/images/nframe_04955.npy,data/images/nframe_04954.npy,4955,4954,1,12,NA,2,1,False
data/images/frame_01805.npy,data/images/frame_01804.npy,1805,1804,1,4,NA,1,1,False
data/images/nframe_00895.npy,data/images/nframe_00896.npy,895,896,1,2,NA,2,2,False
data/images/nframe_05263.npy,data/images/nframe_05262.npy,5263,5262,1,0,0.000000,3,3,False
data/images/frame_02512.npy,data/images/frame_02511.npy,2512,2511,1,20,NA,8,8,False
data/images/nframe_07491.npy,data/images/nframe_07490.npy,7491,7490,1,16,NA,4,3,False
data/images/nframe_06959.npy,data/images/nframe_06956.npy,6959,6956,3,6,NA,1,1,False
data/images/frame_00456.npy,data/images/frame_00454.npy,456,454,2,2,NA,1,1,False
data/images/frame_03917.npy,data/images/frame_03918.npy,3917,3918,1,24,NA,3,4,False
data/images/frame_00380.npy,data/images/frame_00381.npy,380,381,1,4,NA,1,1,False
data/images/frame_01371.npy,data/images/frame_01372.npy,1371,1372,1,28,NA,4,4,False
data/images/nframe_01787.npy,data/images/nframe_01792.npy,1787,1792,5,12,NA,6,5,False
data/images/nframe_02662.npy,data/images/nframe_02663.npy,2662,2663,1,12,NA,4,3,False
data/images/nframe_04344.npy,data/images/nframe_04343.npy,4344,4343,1,2,NA,1,1,False
data/images/frame_03341.npy,data/images/frame_03340.npy,3341,3340,1,10,NA,2,2,False
data/images/nframe_09055.npy,data/images/nframe_09053.npy,9055,9053,2,10,NA,1,1,False
data/images/nframe_06389.npy,data/images/nframe_06390.npy,6389,6390,1,22,NA,3,3,False
data/images/frame_01282.npy,data/images/frame_01281.npy,1282,1281,1,8,NA,1,1,False
data/images/frame_01082.npy,data/images/frame_01081.npy,1082,1081,1,8,NA,0,0,False
data/images/nframe_03299.npy,data/images/nframe_03302.npy,3299,3302,3,12,NA,1,1,False
data/images/nframe_01730.npy,data/images/nframe_01729.npy,1730,1729,1,0,0.000000,7,7,False
data/images/nframe_05702.npy,data/images/nframe_05703.npy,5702,5703,1,18,NA,3,3,False
data/images/frame_02234.npy,data/images/frame_02233.npy,2234,2233,1,18,NA,0,0,False
data/images/frame_00067.npy,data/images/frame_00066.npy,67,66,1,6,NA,2,1,False
data/images/frame_03448.npy,data/images/frame_03449.npy,3448,3449,1,6,NA,8,7,False
data/images/nframe_08521.npy,data/images/nframe_08520.npy,8521,8520,1,6,NA,14,15,False
data/images/nframe_04023.npy,data/images/nframe_04022.npy,4023,4022,1,4,NA,1,1,False
data/images/nframe_07251.npy,data/images/nframe_07252.npy,7251,7252,1,22,NA,1,1,False
data/images/frame_03396.npy,data/images/frame_03397.npy,3396,3397,1,8,NA,3,3,False
data/images/nframe_03922.npy,data/images/nframe_03923.npy,3922,3923,1,4,NA,5,5,False
data/images/frame_00348.npy,data/images/frame_00347.npy,348,347,1,6,NA,1,1,False
data/images/frame_00763.npy,data/images/frame_00764.npy,763,764,1,4,NA,2,2,False
data/images/nframe_02791.npy,data/images/nframe_02794.npy,2791,2794,3,6,NA,2,1,False
data/images/frame_03440.npy,data/images/frame_03441.npy,3440,3441,1,8,NA,6,6,False
data/images/nframe_05233.npy,data/images/nframe_05234.npy,5233,5234,1,0,0.000000,3,2,False
data/images/nframe_07545.npy,data/images/nframe_07546.npy,7545,7546,1,0,0.000000,2,2,False
data/images/frame_02552.npy,data/images/frame_02553.npy,2552,2553,1,4,NA,7,7,False
data/images/frame_01856.npy,data/images/frame_01854.npy,1856,1854,2,2,NA,1,1,False
data/images/frame_03600.npy,data/images/frame_03601.npy,3600,3601,1,2,NA,4,4,False
data/images/frame_02401.npy,data/images/frame_02402.npy,2401,2402,1,6,NA,7,7,False
data/images/frame_01103.npy,data/images/frame_01107.npy,1103,1107,4,18,NA,1,1,False
data/images/nframe_07240.npy,data/images/nframe_07239.npy,7240,7239,1,10,NA,2,2,False
data/images/nframe_01878.npy,data/images/nframe_01879.npy,1878,1879,1,0,0.000000,2,2,False
data/images/nframe_04754.npy,data/images/nframe_04755.npy,4754,4755,1,0,0.000000,2,2,False
data/images/nframe_03478.npy,data/images/nframe_03482.npy,3478,3482,4,6,NA,1,1,False
data/images/nframe_04742.npy,data/images/nframe_04744.npy,4742,4744,2,16,NA,1,2,False
data/images/nframe_08943.npy,data/images/nframe_08942.npy,8943,8942,1,4,NA,2,2,False
data/images/nframe_02869.npy,data/images/nframe_02870.npy,2869,2870,1,0,0.000000,1,2,False
data/images/frame_02674.npy,data/images/frame_02673.npy,2674,2673,1,12,NA,5,5,False
data/images/frame_03148.npy,data/images/frame_03149.npy,3148,3149,1,14,NA,4,4,False
data/images/nframe_07223.npy,data/images/nframe_07222.npy,7223,7222,1,8,NA,2,2,False
data/images/nframe_02224.npy,data/images/nframe_02227.npy,2224,2227,3,2,NA,5,5,False
data/images/nframe_01362.npy,data/images/nframe_01361.npy,1362,1361,1,4,NA,8,8,False
data/images/nframe_04445.npy,data/images/nframe_04446.npy,4445,4446,1,2,NA,2,2,False
data/images/nframe_07010.npy,data/images/nframe_07009.npy,7010,7009,1,14,NA,1,1,False
data/images/nframe_09887.npy,data/images/nframe_09888.npy,9887,9888,1,28,NA,3,4,False
data/images/nframe_07344.npy,data/images/nframe_07345.npy,7344,7345,1,34,NA,1,1,False
data/images/nframe_04844.npy,data/images/nframe_04843.npy,4844,4843,1,2,NA,2,1,False
data/images/nframe_08742.npy,data/images/nframe_08741.npy,8742,8741,1,6,NA,1,1,False
data/images/nframe_07647.npy,data/images/nframe_07648.npy,7647,7648,1,0,0.000000,4,3,False
data/images/nframe_08997.npy,data/images/nframe_08996.npy,8997,8996,1,8,NA,2,2,False
data/images/frame_00713.npy,data/images/frame_00716.npy,713,716,3,22,NA,3,3,False
data/images/frame_00008.npy,data/images/frame_00009.npy,8,9,1,16,NA,1,1,False
data/images/frame_03217.npy,data/images/frame_03216.npy,3217,3216,1,10,NA,3,3,False
data/images/nframe_01880.npy,data/images/nframe_01881.npy,1880,1881,1,12,NA,2,2,False
data/images/nframe_05666.npy,data/images/nframe_05667.npy,5666,5667,1,16,NA,1,1,False
data/images/frame_03980.npy,data/images/frame_03979.npy,3980,3979,1,20,NA,4,4,False
data/images/frame_00539.npy,data/images/frame_00538.npy,539,538,1,8,NA,0,0,False
data/images/nframe_04808.npy,data/images/nframe_04806.npy,4808,4806,2,10,NA,1,1,False
data/images/frame_03495.npy,data/images/frame_03494.npy,3495,3494,1,4,NA,5,6,False
data/images/nframe_06400.npy,data/images/nframe_06399.npy,6400,6399,1,32,NA,3,4,False
data/images/frame_02492.npy,data/images/frame_02491.npy,2492,2491,1,20,NA,8,8,False
data/images/nframe_04587.npy,data/images/nframe_04589.npy,4587,4589,2,6,NA,1,1,False
data/images/nframe_07159.npy,data/images/nframe_07160.npy,7159,7160,1,8,NA,2,3,False
data/images/frame_03001.npy,data/images/frame_03002.npy,3001,3002,1,8,NA,3,3,False
data/images/nframe_02056.npy,data/images/nframe_02055.npy,2056,2055,1,6,NA,3,3,False
data/images/nframe_07238.npy,data/images/nframe_07239.npy,7238,7239,1,12,NA,2,2,False
data/images/nframe_07188.npy,data/images/nframe_07186.npy,7188,7186,2,4,NA,2,2,False
data/images/nframe_02237.npy,data/images/nframe_02238.npy,2237,2238,1,10,NA,3,5,False
data/images/frame_00772.npy,data/images/frame_00771.npy,772,771,1,4,NA,2,2,False
data/images/nframe_03479.npy,data/images/nframe_03482.npy,3479,3482,3,6,NA,1,1,False
data/images/frame_02744.npy,data/images/frame_02745.npy,2744,2745,1,12,NA,7,7,False
data/images/frame_03146.npy,data/images/frame_03147.npy,3146,3147,1,18,NA,4,4,False
data/images/nframe_06454.npy,data/images/nframe_06453.npy,6454,6453,1,24,NA,1,2,False
data/images/nframe_04009.npy,data/images/nframe_04010.npy,4009,4010,1,14,NA,1,1,False
data/images/nframe_08049.npy,data/images/nframe_08048.npy,8049,8048,1,0,0.000000,1,1,False
data/images/nframe_07607.npy,data/images/nframe_07606.npy,7607,7606,1,18,NA,3,3,False
data/images/nframe_05310.npy,data/images/nframe_05306.npy,5310,5306,4,12,NA,3,2,False
data/images/frame_02627.npy,data/images/frame_02626.npy,2627,2626,1,4,NA,2,2,False
data/images/nframe_02162.npy,data/images/nframe_02164.npy,2162,2164,2,8,NA,4,4,False
data/images/frame_00601.npy,data/images/frame_00614.npy,601,614,13,0,3.831803,0,0,False
data/images/nframe_02301.npy,data/images/nframe_01659.npy,2301,1659,642,70,NA,2,6,False
data/images/frame_02541.npy,data/images/frame_02540.npy,2541,2540,1,8,NA,7,7,False
data/images/frame_00966.npy,data/images/frame_00967.npy,966,967,1,14,NA,5,5,False
data/images/frame_02011.npy,data/images/frame_02012.npy,2011,2012,1,4,NA,3,3,False
data/images/nframe_07136.npy,data/images/nframe_07137.npy,7136,7137,1,30,NA,1,2,False
data/images/nframe_01587.npy,data/images/nframe_01586.npy,1587,1586,1,22,NA,7,7,False
data/images/frame_03073.npy,data/images/frame_03072.npy,3073,3072,1,4,NA,2,2,False
data/images/frame_01434.npy,data/images/frame_01435.npy,1434,1435,1,8,NA,1,1,False
data/images/nframe_07214.npy,data/images/nframe_07213.npy,7214,7213,1,4,NA,3,2,False
data/images/nframe_09910.npy,data/images/nframe_09923.npy,9910,9923,13,26,NA,2,1,False
data/images/nframe_08939.npy,data/images/nframe_08937.npy,8939,8937,2,4,NA,2,2,False
data/images/nframe_02661.npy,data/images/nframe_02660.npy,2661,2660,1,18,NA,3,4,False
data/images/nframe_01315.npy,data/images/nframe_01314.npy,1315,1314,1,4,NA,6,6,False
data/images/nframe_04792.npy,data/images/nframe_04791.npy,4792,4791,1,4,NA,1,2,False
data/images/nframe_09119.npy,data/images/nframe_09120.npy,9119,9120,1,10,NA,3,3,False
data/images/frame_02310.npy,data/images/frame_02309.npy,2310,2309,1,24,NA,2,2,False
data/images/nframe_05417.npy,data/images/nframe_05524.npy,5417,5524,107,16,NA,2,2,False
data/images/nframe_05453.npy,data/images/nframe_05454.npy,5453,5454,1,4,NA,2,2,False
data/images/nframe_00810.npy,data/images/nframe_00809.npy,810,809,1,6,NA,2,2,False
data/images/frame_03949.npy,data/images/frame_03948.npy,3949,3948,1,8,NA,2,2,False
data/images/nframe_04510.npy,data/images/nframe_04509.npy,4510,4509,1,4,NA,3,2,False
data/images/frame_03669.npy,data/images/frame_03670.npy,3669,3670,1,56,NA,3,3,False
data/images/nframe_04937.npy,data/images/nframe_04939.npy,4937,4939,2,34,NA,1,3,False
data/images/nframe_03901.npy,data/images/nframe_03900.npy,3901,3900,1,4,NA,5,5,False
data/images/frame_00098.npy,data/images/frame_00096.npy,98,96,2,4,NA,3,3,False
data/images/nframe_04952.npy,data/images/nframe_04951.npy,4952,4951,1,20,NA,2,3,False
data/images/frame_00391.npy,data/images/frame_00388.npy,391,388,3,2,NA,0,0,False
data/images/nframe_03990.npy,data/images/nframe_03991.npy,3990,3991,1,6,NA,3,2,False
data/images/nframe_05508.npy,data/images/nframe_05509.npy,5508,5509,1,4,NA,2,2,False
data/images/nframe_02515.npy,data/images/nframe_02520.npy,2515,2520,5,4,NA,4,5,False
data/images/frame_04070.npy,data/images/frame_04071.npy,4070,4071,1,14,NA,3,2,False
data/images/nframe_05065.npy,data/images/nframe_05064.npy,5065,5064,1,6,NA,2,2,False
data/images/nframe_09014.npy,data/images/nframe_09013.npy,9014,9013,1,6,NA,1,1,False
data/images/nframe_02181.npy,data/images/nframe_02180.npy,2181,2180,1,8,NA,5,5,False
data/images/nframe_06630.npy,data/images/nframe_06629.npy,6630,6629,1,0,0.000000,1,1,False
data/images/nframe_08904.npy,data/images/nframe_08903.npy,8904,8903,1,8,NA,2,2,False
data/images/nframe_02945.npy,data/images/nframe_02941.npy,2945,2941,4,4,NA,1,1,False
data/images/nframe_00830.npy,data/images/nframe_00829.npy,830,829,1,2,NA,2,2,False
data/images/nframe_04270.npy,data/images/nframe_04269.npy,4270,4269,1,2,NA,1,1,False
data/images/frame_02111.npy,data/images/frame_02112.npy,2111,2112,1,10,NA,1,1,False
data/images/nframe_02251.npy,data/images/nframe_02254.npy,2251,2254,3,4,NA,4,4,False
data/images/nframe_05083.npy,data/images/nframe_05084.npy,5083,5084,1,10,NA,3,3,False
data/images/frame_02927.npy,data/images/frame_02926.npy,2927,2926,1,6,NA,2,3,False
data/images/nframe_05330.npy,data/images/nframe_05329.npy,5330,5329,1,6,NA,1,3,False
data/images/nframe_04963.npy,data/images/nframe_04964.npy,4963,4964,1,32,NA,3,2,False
data/images/nframe_07498.npy,data/images/nframe_07497.npy,7498,7497,1,14,NA,4,4,False
data/images/frame_02040.npy,data/images/frame_02039.npy,2040,2039,1,18,NA,1,3,False
data/images/nframe_05410.npy,data/images/nframe_05412.npy,5410,5412,2,28,NA,3,3,False
data/images/frame_01729.npy,data/images/frame_01730.npy,1729,1730,1,16,NA,3,2,False
data/images/frame_01971.npy,data/images/frame_01970.npy,1971,1970,1,14,NA,1,1,False
data/images/nframe_06530.npy,data/images/nframe_06532.npy,6530,6532,2,8,NA,2,3,False
data/images/nframe_06723.npy,data/images/nframe_06721.npy,6723,6721,2,14,NA,1,1,False
data/images/nframe_04374.npy,data/images/nframe_04373.npy,4374,4373,1,10,NA,1,2,False
data/images/nframe_07909.npy,data/images/nframe_07908.npy,7909,7908,1,4,NA,2,2,False
data/images/nframe_01911.npy,data/images/nframe_01910.npy,1911,1910,1,6,NA,5,5,False
data/images/frame_03392.npy,data/images/frame_03391.npy,3392,3391,1,12,NA,3,3,False
data/images/nframe_03279.npy,data/images/nframe_03278.npy,3279,3278,1,4,NA,1,1,False
data/images/frame_02226.npy,data/images/frame_02227.npy,2226,2227,1,12,NA,0,0,False
data/images/nframe_08880.npy,data/images/nframe_08881.npy,8880,8881,1,2,NA,1,1,False
data/images/frame_00395.npy,data/images/frame_00394.npy,395,394,1,0,4.674529,0,0,False
data/images/nframe_01132.npy,data/images/nframe_01133.npy,1132,1133,1,6,NA,3,3,False
data/images/frame_01695.npy,data/images/frame_01694.npy,1695,1694,1,22,NA,4,5,False
data/images/frame_01691.npy,data/images/frame_01692.npy,1691,1692,1,8,NA,4,5,False
data/images/nframe_00784.npy,data/images/nframe_00786.npy,784,786,2,6,NA,1,2,False
data/images/frame_01508.npy,data/images/frame_01507.npy,1508,1507,1,16,NA,4,4,False
data/images/nframe_07124.npy,data/images/nframe_07123.npy,7124,7123,1,8,NA,1,1,False
data/images/frame_02201.npy,data/images/frame_02200.npy,2201,2200,1,16,NA,1,1,False
data/images/nframe_05066.npy,data/images/nframe_05064.npy,5066,5064,2,14,NA,3,2,False
data/images/nframe_02210.npy,data/images/nframe_02211.npy,2210,2211,1,2,NA,5,5,False
data/images/nframe_02784.npy,data/images/nframe_02783.npy,2784,2783,1,4,NA,2,2,False
data/images/nframe_09336.npy,data/images/nframe_09335.npy,9336,9335,1,8,NA,1,1,False
data/images/frame_00467.npy,data/images/frame_00468.npy,467,468,1,4,NA,1,1,False
data/images/nframe_01074.npy,data/images/nframe_01055.npy,1074,1055,19,2,NA,3,3,False
data/images/nframe_08575.npy,data/images/nframe_08576.npy,8575,8576,1,2,NA,6,6,False
data/images/nframe_03317.npy,data/images/nframe_03318.npy,3317,3318,1,0,0.000000,2,2,False
data/images/frame_03442.npy,data/images/frame_03443.npy,3442,3443,1,6,NA,6,6,False
data/images/nframe_04704.npy,data/images/nframe_04705.npy,4704,4705,1,10,NA,1,1,False
data/images/frame_00006.npy,data/images/frame_00005.npy,6,5,1,10,NA,1,1,False
data/images/nframe_05411.npy,data/images/nframe_05412.npy,5411,5412,1,22,NA,2,3,False
data/images/nframe_03332.npy,data/images/nframe_03333.npy,3332,3333,1,8,NA,2,2,False
data/images/nframe_04257.npy,data/images/nframe_04256.npy,4257,4256,1,6,NA,2,2,False
data/images/frame_03718.npy,data/images/frame_03720.npy,3718,3720,2,10,NA,3,2,False
data/images/frame_03838.npy,data/images/frame_03841.npy,3838,3841,3,4,NA,3,4,False
data/images/frame_02902.npy,data/images/frame_02900.npy,2902,2900,2,8,NA,3,3,False
data/images/frame_01094.npy,data/images/frame_01101.npy,1094,1101,7,6,NA,0,1,False
data/images/nframe_08914.npy,data/images/nframe_08915.npy,8914,8915,1,0,0.000000,2,2,False
data/images/nframe_07176.npy,data/images/nframe_07175.npy,7176,7175,1,0,0.000000,3,3,False
data/images/nframe_09429.npy,data/images/nframe_09428.npy,9429,9428,1,74,NA,2,1,False
data/images/frame_03239.npy,data/images/frame_03237.npy,3239,3237,2,4,NA,2,2,False
data/images/nframe_05269.npy,data/images/nframe_05268.npy,5269,5268,1,0,0.000000,3,3,False
data/images/frame_01336.npy,data/images/frame_01338.npy,1336,1338,2,28,NA,2,3,False
data/images/nframe_09608.npy,data/images/nframe_09609.npy,9608,9609,1,14,NA,1,1,False
data/images/frame_01908.npy,data/images/frame_01907.npy,1908,1907,1,4,NA,0,0,False
data/images/nframe_09233.npy,data/images/nframe_09234.npy,9233,9234,1,26,NA,1,1,False
data/images/nframe_07944.npy,data/images/nframe_07945.npy,7944,7945,1,6,NA,1,1,False
data/images/nframe_08282.npy,data/images/nframe_08281.npy,8282,8281,1,12,NA,1,2,False
data/images/frame_00132.npy,data/images/frame_00133.npy,132,133,1,8,NA,4,4,False
data/images/frame_00715.npy,data/images/frame_00716.npy,715,716,1,12,NA,3,3,False
data/images/frame_03829.npy,data/images/frame_03923.npy,3829,3923,94,76,NA,2,3,False
data/images/frame_00463.npy,data/images/frame_00464.npy,463,464,1,2,NA,1,1,False
data/images/nframe_02730.npy,data/images/nframe_02732.npy,2730,2732,2,2,NA,4,3,False
data/images/frame_02962.npy,data/images/frame_02961.npy,2962,2961,1,14,NA,0,0,False
data/images/frame_01853.npy,data/images/frame_01854.npy,1853,1854,1,2,NA,1,1,False
data/images/frame_02925.npy,data/images/frame_02926.npy,2925,2926,1,6,NA,3,3,False
data/images/nframe_02036.npy,data/images/nframe_02035.npy,2036,2035,1,2,NA,4,4,False
data/images/frame_03281.npy,data/images/frame_03280.npy,3281,3280,1,30,NA,1,1,False
data/images/nframe_00978.npy,data/images/nframe_00973.npy,978,973,5,6,NA,3,3,False
data/images/nframe_09794.npy,data/images/nframe_09800.npy,9794,9800,6,1,NA,1,1,False
data/images/nframe_03928.npy,data/images/nframe_03929.npy,3928,3929,1,8,NA,5,5,False
data/images/frame_00662.npy,data/images/frame_00661.npy,662,661,1,18,NA,2,2,False
data/images/frame_00796.npy,data/images/frame_00797.npy,796,797,1,8,NA,0,0,False
data/images/nframe_04542.npy,data/images/nframe_04543.npy,4542,4543,1,4,NA,3,3,False
data/images/frame_03725.npy,data/images/frame_03724.npy,3725,3724,1,6,NA,4,3,False
data/images/nframe_03534.npy,data/images/nframe_03533.npy,3534,3533,1,0,2.638599,1,1,False
data/images/nframe_01872.npy,data/images/nframe_01871.npy,1872,1871,1,0,0.000000,4,3,False
data/images/nframe_05362.npy,data/images/nframe_05355.npy,5362,5355,7,4,NA,2,2,False
data/images/frame_01505.npy,data/images/frame_01504.npy,1505,1504,1,26,NA,3,1,False
data/images/frame_00026.npy,data/images/frame_00025.npy,26,25,1,10,NA,0,0,False
data/images/nframe_07138.npy,data/images/nframe_07140.npy,7138,7140,2,16,NA,2,2,False
data/images/nframe_07937.npy,data/images/nframe_07938.npy,7937,7938,1,20,NA,3,3,False
data/images/frame_03811.npy,data/images/frame_03812.npy,3811,3812,1,32,NA,6,6,False
data/images/nframe_05648.npy,data/images/nframe_05647.npy,5648,5647,1,16,NA,2,2,False
data/images/nframe_01772.npy,data/images/nframe_01774.npy,1772,1774,2,4,NA,6,6,False
data/images/nframe_06560.npy,data/images/nframe_06561.npy,6560,6561,1,10,NA,1,1,False
data/images/nframe_03743.npy,data/images/nframe_03740.npy,3743,3740,3,4,NA,1,1,False
data/images/frame_03615.npy,data/images/frame_03614.npy,3615,3614,1,12,NA,4,4,False
data/images/nframe_05196.npy,data/images/nframe_05194.npy,5196,5194,2,8,NA,2,2,False
data/images/nframe_06973.npy,data/images/nframe_06969.npy,6973,6969,4,17,NA,2,2,False
data/images/nframe_05248.npy,data/images/nframe_05247.npy,5248,5247,1,6,NA,2,3,False
data/images/nframe_03443.npy,data/images/nframe_03440.npy,3443,3440,3,10,NA,2,2,False
data/images/nframe_03364.npy,data/images/nframe_03363.npy,3364,3363,1,0,0.000000,2,2,False
data/images/frame_01801.npy,data/images/frame_01800.npy,1801,1800,1,8,NA,1,1,False
data/images/nframe_07475.npy,data/images/nframe_07476.npy,7475,7476,1,10,NA,3,3,False
data/images/nframe_06506.npy,data/images/nframe_06505.npy,6506,6505,1,30,NA,4,4,False
data/images/nframe_02223.npy,data/images/nframe_02222.npy,2223,2222,1,4,NA,5,6,False
data/images/frame_03062.npy,data/images/frame_03064.npy,3062,3064,2,16,NA,2,2,False
data/images/frame_03990.npy,data/images/frame_03991.npy,3990,3991,1,26,NA,3,4,False
data/images/nframe_02323.npy,data/images/nframe_08315.npy,2323,8315,5992,70,NA,2,1,False
data/images/nframe_07792.npy,data/images/nframe_07791.npy,7792,7791,1,10,NA,2,2,False
data/images/nframe_04936.npy,data/images/nframe_04935.npy,4936,4935,1,12,NA,1,1,False
data/images/frame_01976.npy,data/images/frame_01977.npy,1976,1977,1,18,NA,2,2,False
data/images/nframe_01444.npy,data/images/nframe_01445.npy,1444,1445,1,0,0.000000,12,11,False
data/images/nframe_05494.npy,data/images/nframe_05495.npy,5494,5495,1,4,NA,2,2,False
data/images/nframe_08625.npy,data/images/nframe_08626.npy,8625,8626,1,4,NA,3,3,False
data/images/nframe_01307.npy,data/images/nframe_01308.npy,1307,1308,1,6,NA,5,5,False
data/images/nframe_03819.npy,data/images/nframe_03816.npy,3819,3816,3,16,NA,1,1,False
data/images/nframe_09437.npy,data/images/nframe_09439.npy,9437,9439,2,64,NA,1,1,False
data/images/nframe_01214.npy,data/images/nframe_01215.npy,1214,1215,1,0,0.000000,4,4,False
data/images/nframe_04551.npy,data/images/nframe_04553.npy,4551,4553,2,8,NA,3,3,False
data/images/nframe_02641.npy,data/images/nframe_02642.npy,2641,2642,1,10,NA,5,4,False
data/images/nframe_02890.npy,data/images/nframe_02889.npy,2890,2889,1,0,4.564960,1,1,False
data/images/frame_03746.npy,data/images/frame_03745.npy,3746,3745,1,18,NA,6,6,False
data/images/nframe_05349.npy,data/images/nframe_05350.npy,5349,5350,1,4,NA,3,3,False
data/images/nframe_06528.npy,data/images/nframe_06527.npy,6528,6527,1,24,NA,3,3,False
data/images/nframe_02581.npy,data/images/nframe_02582.npy,2581,2582,1,6,NA,6,6,False
data/images/nframe_08608.npy,data/images/nframe_08607.npy,8608,8607,1,16,NA,4,5,False
data/images/frame_01957.npy,data/images/frame_01968.npy,1957,1968,11,12,NA,1,1,False
data/images/frame_02119.npy,data/images/frame_02120.npy,2119,2120,1,2,NA,1,1,False
data/images/nframe_03372.npy,data/images/nframe_03373.npy,3372,3373,1,0,0.000000,2,2,False
data/images/nframe_01304.npy,data/images/nframe_01306.npy,1304,1306,2,8,NA,5,5,False
data/images/nframe_02648.npy,data/images/nframe_02647.npy,2648,2647,1,8,NA,4,4,False
data/images/nframe_05517.npy,data/images/nframe_05516.npy,5517,5516,1,6,NA,2,2,False
data/images/frame_03265.npy,data/images/frame_03264.npy,3265,3264,1,14,NA,0,0,False
data/images/nframe_09438.npy,data/images/nframe_09439.npy,9438,9439,1,0,0.000000,1,1,False
data/images/frame_03795.npy,data/images/frame_03796.npy,3795,3796,1,28,NA,5,5,False
data/images/frame_02383.npy,data/images/frame_02384.npy,2383,2384,1,12,NA,7,7,False
data/images/nframe_03315.npy,data/images/nframe_03314.npy,3315,3314,1,2,NA,2,2,False
data/images/nframe_02785.npy,data/images/nframe_02781.npy,2785,2781,4,6,NA,2,3,False
data/images/frame_03706.npy,data/images/frame_03710.npy,3706,3710,4,8,NA,3,3,False
data/images/nframe_04392.npy,data/images/nframe_04393.npy,4392,4393,1,2,NA,3,2,False
data/images/nframe_01667.npy,data/images/nframe_01662.npy,1667,1662,5,8,NA,8,8,False
data/images/frame_01269.npy,data/images/frame_01270.npy,1269,1270,1,12,NA,0,1,False
data/images/nframe_09873.npy,data/images/nframe_09874.npy,9873,9874,1,0,0.000000,3,3,False
data/images/nframe_02269.npy,data/images/nframe_02214.npy,2269,2214,55,14,NA,3,6,False
data/images/nframe_06781.npy,data/images/nframe_06782.npy,6781,6782,1,10,NA,1,1,False
data/images/nframe_02578.npy,data/images/nframe_02580.npy,2578,2580,2,6,NA,6,6,False
data/images/nframe_06446.npy,data/images/nframe_06440.npy,6446,6440,6,50,NA,2,1,False
data/images/frame_00146.npy,data/images/frame_00147.npy,146,147,1,8,NA,3,3,False
data/images/frame_03680.npy,data/images/frame_03679.npy,3680,3679,1,20,NA,4,3,False
data/images/nframe_07992.npy,data/images/nframe_07991.npy,7992,7991,1,12,NA,2,1,False
data/images/nframe_01777.npy,data/images/nframe_01780.npy,1777,1780,3,2,NA,6,6,False
data/images/nframe_09208.npy,data/images/nframe_09207.npy,9208,9207,1,14,NA,1,1,False
data/images/frame_03713.npy,data/images/frame_03692.npy,3713,3692,21,4,NA,4,5,False
data/images/frame_03959.npy,data/images/frame_03960.npy,3959,3960,1,6,NA,1,1,False
data/images/frame_00084.npy,data/images/frame_00083.npy,84,83,1,6,NA,2,2,False
data/images/frame_01597.npy,data/images/frame_01596.npy,1597,1596,1,12,NA,3,3,False
data/images/nframe_02305.npy,data/images/nframe_07001.npy,2305,7001,4696,76,NA,1,2,False
data/images/nframe_02453.npy,data/images/nframe_02469.npy,2453,2469,16,14,NA,3,3,False
data/images/nframe_05382.npy,data/images/nframe_05381.npy,5382,5381,1,6,NA,3,4,False
data/images/frame_01753.npy,data/images/frame_01754.npy,1753,1754,1,24,NA,3,3,False
data/images/nframe_08962.npy,data/images/nframe_08959.npy,8962,8959,3,4,NA,4,3,False
data/images/nframe_03892.npy,data/images/nframe_03893.npy,3892,3893,1,0,0.000000,5,5,False
data/images/nframe_08459.npy,data/images/nframe_08460.npy,8459,8460,1,14,NA,9,8,False
data/images/frame_00115.npy,data/images/frame_00119.npy,115,119,4,6,NA,2,2,False
data/images/nframe_09362.npy,data/images/nframe_09361.npy,9362,9361,1,4,NA,1,1,False
data/images/frame_02241.npy,data/images/frame_02240.npy,2241,2240,1,12,NA,0,0,False
data/images/frame_00929.npy,data/images/frame_00926.npy,929,926,3,10,NA,5,5,False
data/images/frame_02271.npy,data/images/frame_02272.npy,2271,2272,1,4,NA,1,1,False
data/images/frame_01542.npy,data/images/frame_01541.npy,1542,1541,1,10,NA,3,3,False
data/images/nframe_02653.npy,data/images/nframe_02652.npy,2653,2652,1,4,NA,4,4,False
data/images/frame_02311.npy,data/images/frame_02312.npy,2311,2312,1,16,NA,2,2,False
data/images/nframe_01533.npy,data/images/nframe_01534.npy,1533,1534,1,8,NA,9,9,False
data/images/frame_01816.npy,data/images/frame_01817.npy,1816,1817,1,8,NA,1,1,False
data/images/nframe_08932.npy,data/images/nframe_08933.npy,8932,8933,1,10,NA,2,2,False
data/images/nframe_05536.npy,data/images/nframe_05537.npy,5536,5537,1,6,NA,3,2,False
data/images/nframe_01012.npy,data/images/nframe_01050.npy,1012,1050,38,4,NA,3,3,False
data/images/frame_01511.npy,data/images/frame_01510.npy,1511,1510,1,16,NA,4,4,False
data/images/nframe_03985.npy,data/images/nframe_03986.npy,3985,3986,1,8,NA,2,2,False
data/images/nframe_03517.npy,data/images/nframe_03518.npy,3517,3518,1,0,0.000000,1,1,False
data/images/nframe_05468.npy,data/images/nframe_05487.npy,5468,5487,19,6,NA,2,3,False
data/images/frame_01122.npy,data/images/frame_01123.npy,1122,1123,1,2,NA,0,0,False
data/images/frame_01127.npy,data/images/frame_01129.npy,1127,1129,2,6,NA,0,0,False
data/images/nframe_05116.npy,data/images/nframe_05112.npy,5116,5112,4,10,NA,2,2,False
data/images/frame_02353.npy,data/images/frame_02352.npy,2353,2352,1,16,NA,4,4,False
data/images/nframe_09010.npy,data/images/nframe_09011.npy,9010,9011,1,8,NA,2,2,False
data/images/frame_02613.npy,data/images/frame_02614.npy,2613,2614,1,4,NA,2,2,False
data/images/nframe_02733.npy,data/images/nframe_02734.npy,2733,2734,1,0,2.866931,4,5,False
data/images/frame_03764.npy,data/images/frame_03774.npy,3764,3774,10,20,NA,5,5,False
data/images/frame_02965.npy,data/images/frame_02964.npy,2965,2964,1,12,NA,0,0,False
data/images/nframe_01008.npy,data/images/nframe_01007.npy,1008,1007,1,0,0.000000,3,3,False
data/images/nframe_07665.npy,data/images/nframe_07664.npy,7665,7664,1,8,NA,3,3,False
data/images/nframe_03531.npy,data/images/nframe_03530.npy,3531,3530,1,4,NA,1,1,False
data/images/nframe_05711.npy,data/images/nframe_05713.npy,5711,5713,2,18,NA,1,1,False
data/images/nframe_06678.npy,data/images/nframe_06679.npy,6678,6679,1,0,0.000000,1,1,False
data/images/nframe_01064.npy,data/images/nframe_01065.npy,1064,1065,1,6,NA,4,4,False
data/images/frame_01667.npy,data/images/frame_01666.npy,1667,1666,1,24,NA,6,6,False
data/images/nframe_05498.npy,data/images/nframe_05497.npy,5498,5497,1,8,NA,2,2,False
data/images/frame_00640.npy,data/images/frame_00639.npy,640,639,1,6,NA,0,0,False
data/images/nframe_05093.npy,data/images/nframe_05091.npy,5093,5091,2,10,NA,2,2,False
data/images/nframe_06667.npy,data/images/nframe_06676.npy,6667,6676,9,4,NA,1,1,False
data/images/frame_03819.npy,data/images/frame_03814.npy,3819,3814,5,36,NA,4,5,False
data/images/nframe_02163.npy,data/images/nframe_02164.npy,2163,2164,1,6,NA,4,4,False
data/images/nframe_03906.npy,data/images/nframe_03907.npy,3906,3907,1,4,NA,5,5,False
data/images/frame_01422.npy,data/images/frame_01421.npy,1422,1421,1,12,NA,0,0,False
data/images/nframe_02908.npy,data/images/nframe_02909.npy,2908,2909,1,2,NA,1,1,False
data/images/frame_00879.npy,data/images/frame_00880.npy,879,880,1,22,NA,5,5,False
data/images/nframe_04793.npy,data/images/nframe_04791.npy,4793,4791,2,4,NA,2,2,False
data/images/nframe_08375.npy,data/images/nframe_08374.npy,8375,8374,1,10,NA,4,5,False
data/images/nframe_03435.npy,data/images/nframe_03438.npy,3435,3438,3,8,NA,2,2,False
data/images/frame_02199.npy,data/images/frame_02197.npy,2199,2197,2,8,NA,1,1,False
data/images/frame_00346.npy,data/images/frame_00347.npy,346,347,1,14,NA,1,1,False
data/images/nframe_07828.npy,data/images/nframe_07829.npy,7828,7829,1,6,NA,2,2,False
data/images/nframe_03903.npy,data/images/nframe_03904.npy,3903,3904,1,2,NA,5,5,False
data/images/nframe_08454.npy,data/images/nframe_08453.npy,8454,8453,1,10,NA,8,7,False
data/images/nframe_09936.npy,data/images/nframe_09934.npy,9936,9934,2,14,NA,1,1,False
data/images/nframe_08272.npy,data/images/nframe_08273.npy,8272,8273,1,0,2.185687,2,2,False
data/images/nframe_07597.npy,data/images/nframe_07596.npy,7597,7596,1,16,NA,4,4,False
data/images/frame_02733.npy,data/images/frame_02732.npy,2733,2732,1,18,NA,8,8,False
data/images/frame_00422.npy,data/images/frame_00421.npy,422,421,1,0,4.517887,0,0,False
data/images/frame_02752.npy,data/images/frame_02751.npy,2752,2751,1,12,NA,7,8,False
data/images/nframe_09889.npy,data/images/nframe_09890.npy,9889,9890,1,16,NA,4,5,False
data/images/nframe_07989.npy,data/images/nframe_07988.npy,7989,7988,1,14,NA,1,1,False
data/images/nframe_07673.npy,data/images/nframe_07672.npy,7673,7672,1,12,NA,3,3,False
data/images/frame_03747.npy,data/images/frame_03748.npy,3747,3748,1,12,NA,6,6,False
data/images/nframe_05646.npy,data/images/nframe_05645.npy,5646,5645,1,26,NA,3,3,False
data/images/nframe_07906.npy,data/images/nframe_07905.npy,7906,7905,1,6,NA,1,1,False
data/images/nframe_08883.npy,data/images/nframe_08884.npy,8883,8884,1,4,NA,1,1,False
data/images/nframe_05045.npy,data/images/nframe_05046.npy,5045,5046,1,12,NA,3,3,False
data/images/frame_01771.npy,data/images/frame_01772.npy,1771,1772,1,22,NA,0,0,False
data/images/nframe_01891.npy,data/images/nframe_01889.npy,1891,1889,2,10,NA,3,3,False
data/images/nframe_05510.npy,data/images/nframe_05511.npy,5510,5511,1,8,NA,2,2,False
data/images/nframe_02697.npy,data/images/nframe_02699.npy,2697,2699,2,12,NA,1,1,False
data/images/frame_01890.npy,data/images/frame_01888.npy,1890,1888,2,12,NA,0,0,False
data/images/frame_00171.npy,data/images/frame_00170.npy,171,170,1,8,NA,3,3,False
data/images/frame_00590.npy,data/images/frame_00592.npy,590,592,2,2,NA,0,0,False
data/images/frame_01398.npy,data/images/frame_01399.npy,1398,1399,1,16,NA,3,3,False
data/images/nframe_02923.npy,data/images/nframe_02924.npy,2923,2924,1,0,2.415634,1,1,False
data/images/frame_02762.npy,data/images/frame_02763.npy,2762,2763,1,2,NA,7,7,False
data/images/nframe_01031.npy,data/images/nframe_01025.npy,1031,1025,6,2,NA,3,3,False
data/images/frame_01821.npy,data/images/frame_01820.npy,1821,1820,1,4,NA,1,1,False
data/images/nframe_06972.npy,data/images/nframe_06970.npy,6972,6970,2,12,NA,1,1,False
data/images/frame_03357.npy,data/images/frame_03358.npy,3357,3358,1,10,NA,3,3,False
data/images/frame_01750.npy,data/images/frame_01751.npy,1750,1751,1,12,NA,3,3,False
data/images/nframe_07125.npy,data/images/nframe_07126.npy,7125,7126,1,10,NA,1,1,False
data/images/frame_00080.npy,data/images/frame_00079.npy,80,79,1,4,NA,2,2,False
data/images/nframe_07733.npy,data/images/nframe_07732.npy,7733,7732,1,0,0.000000,2,3,False
data/images/frame_02523.npy,data/images/frame_02524.npy,2523,2524,1,6,NA,9,9,False
data/images/frame_01600.npy,data/images/frame_01596.npy,1600,1596,4,20,NA,3,3,False
data/images/nframe_03924.npy,data/images/nframe_03923.npy,3924,3923,1,0,0.000000,5,5,False
data/images/nframe_03987.npy,data/images/nframe_03986.npy,3987,3986,1,6,NA,2,2,False
data/images/nframe_01690.npy,data/images/nframe_01688.npy,1690,1688,2,14,NA,6,6,False
data/images/nframe_06939.npy,data/images/nframe_06940.npy,6939,6940,1,8,NA,1,2,False
data/images/nframe_05354.npy,data/images/nframe_05353.npy,5354,5353,1,2,NA,2,2,False
data/images/nframe_08271.npy,data/images/nframe_08270.npy,8271,8270,1,6,NA,2,2,False
data/images/nframe_02441.npy,data/images/nframe_02440.npy,2441,2440,1,0,0.000000,2,2,False
data/images/nframe_03098.npy,data/images/nframe_03097.npy,3098,3097,1,10,NA,1,1,False
data/images/frame_03842.npy,data/images/frame_03843.npy,3842,3843,1,16,NA,4,4,False
data/images/nframe_01675.npy,data/images/nframe_01674.npy,1675,1674,1,0,1.687526,6,8,False
data/images/nframe_02927.npy,data/images/nframe_02930.npy,2927,2930,3,2,NA,1,1,False
data/images/frame_02368.npy,data/images/frame_02367.npy,2368,2367,1,10,NA,6,6,False
data/images/nframe_07470.npy,data/images/nframe_07469.npy,7470,7469,1,12,NA,4,4,False
data/images/nframe_02119.npy,data/images/nframe_02118.npy,2119,2118,1,2,NA,4,4,False
data/images/nframe_08596.npy,data/images/nframe_08597.npy,8596,8597,1,10,NA,7,6,False
data/images/nframe_02296.npy,data/images/nframe_02297.npy,2296,2297,1,0,NA,4,2,False
data/images/frame_02593.npy,data/images/frame_02594.npy,2593,2594,1,8,NA,6,4,False
data/images/nframe_00950.npy,data/images/nframe_00952.npy,950,952,2,4,NA,3,3,False
data/images/nframe_03966.npy,data/images/nframe_03968.npy,3966,3968,2,14,NA,3,3,False
data/images/frame_01941.npy,data/images/frame_01942.npy,1941,1942,1,2,NA,0,0,False
data/images/nframe_02174.npy,data/images/nframe_02173.npy,2174,2173,1,0,NA,5,5,False
data/images/nframe_01389.npy,data/images/nframe_01388.npy,1389,1388,1,6,NA,9,9,False
data/images/nframe_07644.npy,data/images/nframe_07646.npy,7644,7646,2,22,NA,3,4,False
data/images/nframe_06394.npy,data/images/nframe_06393.npy,6394,6393,1,8,NA,4,4,False
data/images/frame_02220.npy,data/images/frame_02222.npy,2220,2222,2,10,NA,0,0,False
data/images/nframe_07262.npy,data/images/nframe_07261.npy,7262,7261,1,6,NA,1,1,False
data/images/frame_00486.npy,data/images/frame_00485.npy,486,485,1,0,NA,1,1,False
data/images/frame_03739.npy,data/images/frame_03737.npy,3739,3737,2,38,NA,5,5,False
data/images/nframe_07982.npy,data/images/nframe_07981.npy,7982,7981,1,12,NA,2,1,False
data/images/frame_03399.npy,data/images/frame_03400.npy,3399,3400,1,10,NA,3,3,False
data/images/frame_02506.npy,data/images/frame_02508.npy,2506,2508,2,10,NA,8,8,False
data/images/frame_02772.npy,data/images/frame_02771.npy,2772,2771,1,2,NA,7,8,False
data/images/frame_02265.npy,data/images/frame_02263.npy,2265,2263,2,44,NA,1,1,False
data/images/nframe_04444.npy,data/images/nframe_04443.npy,4444,4443,1,4,NA,3,3,False
data/images/frame_01275.npy,data/images/frame_01273.npy,1275,1273,2,16,NA,1,0,False
data/images/frame_01247.npy,data/images/frame_01249.npy,1247,1249,2,6,NA,1,1,False
data/images/nframe_05227.npy,data/images/nframe_05226.npy,5227,5226,1,32,NA,2,1,False
data/images/nframe_08656.npy,data/images/nframe_08668.npy,8656,8668,12,14,NA,4,4,False
data/images/nframe_04528.npy,data/images/nframe_04527.npy,4528,4527,1,6,NA,3,3,False
data/images/frame_00511.npy,data/images/frame_00512.npy,511,512,1,4,NA,0,0,False
data/images/frame_02715.npy,data/images/frame_02716.npy,2715,2716,1,28,NA,8,9,False
data/images/nframe_02612.npy,data/images/nframe_02620.npy,2612,2620,8,8,NA,6,6,False
data/images/frame_01807.npy,data/images/frame_01808.npy,1807,1808,1,6,NA,1,1,False
data/images/frame_02165.npy,data/images/frame_02167.npy,2165,2167,2,18,NA,0,0,False
data/images/frame_02198.npy,data/images/frame_02197.npy,2198,2197,1,8,NA,1,1,False
data/images/nframe_02447.npy,data/images/nframe_02448.npy,2447,2448,1,26,NA,2,2,False
data/images/frame_03410.npy,data/images/frame_03411.npy,3410,3411,1,20,NA,5,5,False
data/images/nframe_02910.npy,data/images/nframe_02911.npy,2910,2911,1,0,NA,1,1,False
data/images/nframe_01070.npy,data/images/nframe_01043.npy,1070,1043,27,4,NA,3,3,False
data/images/nframe_03994.npy,data/images/nframe_03993.npy,3994,3993,1,2,NA,1,1,False
data/images/frame_00571.npy,data/images/frame_00573.npy,571,573,2,2,NA,0,0,False
data/images/nframe_04539.npy,data/images/nframe_04534.npy,4539,4534,5,8,NA,4,3,False
data/images/nframe_09884.npy,data/images/nframe_09883.npy,9884,9883,1,10,NA,5,4,False
data/images/frame_00679.npy,data/images/frame_00680.npy,679,680,1,6,NA,2,2,False
data/images/nframe_03298.npy,data/images/nframe_03302.npy,3298,3302,4,6,NA,1,1,False
data/images/nframe_01522.npy,data/images/nframe_01525.npy,1522,1525,3,12,NA,8,10,False
data/images/nframe_02001.npy,data/images/nframe_02002.npy,2001,2002,1,0,NA,3,4,False
data/images/nframe_08285.npy,data/images/nframe_08286.npy,8285,8286,1,4,NA,1,1,False
data/images/nframe_00883.npy,data/images/nframe_00880.npy,883,880,3,4,NA,2,2,False
data/images/frame_03206.npy,data/images/frame_03207.npy,3206,3207,1,2,NA,4,4,False
data/images/nframe_08519.npy,data/images/nframe_08515.npy,8519,8515,4,4,NA,12,14,False
data/images/nframe_07151.npy,data/images/nframe_07152.npy,7151,7152,1,10,NA,2,2,False
data/images/nframe_08601.npy,data/images/nframe_08602.npy,8601,8602,1,8,NA,5,5,False
data/images/nframe_07824.npy,data/images/nframe_07823.npy,7824,7823,1,0,NA,2,2,False
data/images/frame_02337.npy,data/images/frame_02336.npy,2337,2336,1,6,NA,4,4,False
data/images/nframe_08898.npy,data/images/nframe_08899.npy,8898,8899,1,0,NA,1,2,False
data/images/nframe_02797.npy,data/images/nframe_02795.npy,2797,2795,2,8,NA,1,1,False
data/images/frame_01843.npy,data/images/frame_01848.npy,1843,1848,5,0,NA,1,1,False
data/images/nframe_06582.npy,data/images/nframe_06581.npy,6582,6581,1,8,NA,1,1,False
data/images/nframe_01318.npy,data/images/nframe_01319.npy,1318,1319,1,4,NA,6,6,False
data/images/frame_02605.npy,data/images/frame_02603.npy,2605,2603,2,18,NA,4,3,False
data/images/nframe_04003.npy,data/images/nframe_04005.npy,4003,4005,2,4,NA,1,1,False
data/images/nframe_05404.npy,data/images/nframe_05403.npy,5404,5403,1,16,NA,2,2,False
data/images/nframe_02263.npy,data/images/nframe_02264.npy,2263,2264,1,6,NA,4,4,False
data/images/frame_02778.npy,data/images/frame_02779.npy,2778,2779,1,2,NA,8,8,False
data/images/frame_02644.npy,data/images/frame_02645.npy,2644,2645,1,10,NA,2,2,False
data/images/nframe_08678.npy,data/images/nframe_08688.npy,8678,8688,10,22,NA,3,3,False
data/images/nframe_05177.npy,data/images/nframe_05176.npy,5177,5176,1,0,NA,3,3,False
data/images/frame_01717.npy,data/images/frame_01718.npy,1717,1718,1,6,NA,5,5,False
data/images/nframe_04568.npy,data/images/nframe_04569.npy,4568,4569,1,8,NA,1,1,False
data/images/nframe_03515.npy,data/images/nframe_03516.npy,3515,3516,1,2,NA,1,1,False
data/images/nframe_04372.npy,data/images/nframe_04371.npy,4372,4371,1,4,NA,1,1,False
data/images/frame_00439.npy,data/images/frame_00441.npy,439,441,2,6,NA,2,1,False
data/images/nframe_03504.npy,data/images/nframe_03503.npy,3504,3503,1,2,NA,1,1,False
data/images/frame_02362.npy,data/images/frame_02363.npy,2362,2363,1,8,NA,5,5,False
data/images/frame_00798.npy,data/images/frame_00799.npy,798,799,1,6,NA,0,0,False
data/images/nframe_07492.npy,data/images/nframe_05406.npy,7492,5406,2086,24,NA,3,1,False
data/images/frame_01747.npy,data/images/frame_01746.npy,1747,1746,1,22,NA,3,3,False
data/images/nframe_03477.npy,data/images/nframe_03476.npy,3477,3476,1,0,NA,1,1,False
data/images/nframe_01950.npy,data/images/nframe_01951.npy,1950,1951,1,6,NA,4,3,False
data/images/frame_00660.npy,data/images/frame_00661.npy,660,661,1,6,NA,2,2,False
data/images/nframe_01195.npy,data/images/nframe_01142.npy,1195,1142,53,6,NA,3,3,False
data/images/frame_03883.npy,data/images/frame_03884.npy,3883,3884,1,12,NA,3,3,False
data/images/nframe_05409.npy,data/images/nframe_05540.npy,5409,5540,131,28,NA,3,3,False
data/images/frame_00355.npy,data/images/frame_00353.npy,355,353,2,12,NA,2,1,False
data/images/nframe_07621.npy,data/images/nframe_07623.npy,7621,7623,2,18,NA,3,2,False
data/images/nframe_08618.npy,data/images/nframe_08723.npy,8618,8723,105,28,NA,1,1,False
data/images/nframe_07362.npy,data/images/nframe_07361.npy,7362,7361,1,27,NA,1,1,False
data/images/nframe_01188.npy,data/images/nframe_01186.npy,1188,1186,2,4,NA,3,3,False
data/images/nframe_00796.npy,data/images/nframe_00803.npy,796,803,7,4,NA,2,2,False
data/images/frame_01130.npy,data/images/frame_01125.npy,1130,1125,5,20,NA,0,0,False
data/images/nframe_03668.npy,data/images/nframe_03667.npy,3668,3667,1,10,NA,1,1,False
data/images/nframe_09215.npy,data/images/nframe_09216.npy,9215,9216,1,6,NA,1,1,False
data/images/frame_03933.npy,data/images/frame_03932.npy,3933,3932,1,22,NA,4,4,False
data/images/nframe_03630.npy,data/images/nframe_03631.npy,3630,3631,1,10,NA,1,1,False
data/images/frame_03686.npy,data/images/frame_03716.npy,3686,3716,30,18,NA,3,2,False
data/images/nframe_03325.npy,data/images/nframe_03326.npy,3325,3326,1,10,NA,2,2,False
data/images/nframe_05352.npy,data/images/nframe_05353.npy,5352,5353,1,2,NA,2,2,False
data/images/frame_04024.npy,data/images/frame_04021.npy,4024,4021,3,20,NA,5,5,False
data/images/nframe_09617.npy,data/images/nframe_09616.npy,9617,9616,1,12,NA,1,1,False
data/images/nframe_04545.npy,data/images/nframe_04550.npy,4545,4550,5,6,NA,3,3,False
data/images/frame_01581.npy,data/images/frame_01580.npy,1581,1580,1,32,NA,0,0,False
data/images/nframe_02508.npy,data/images/nframe_02507.npy,2508,2507,1,12,NA,4,4,False
data/images/nframe_03948.npy,data/images/nframe_03947.npy,3948,3947,1,2,NA,4,4,False
data/images/frame_02126.npy,data/images/frame_02125.npy,2126,2125,1,6,NA,0,1,False
data/images/frame_01196.npy,data/images/frame_01195.npy,1196,1195,1,2,NA,0,0,False
data/images/nframe_03809.npy,data/images/nframe_03808.npy,3809,3808,1,0,NA,1,1,False
data/images/nframe_07474.npy,data/images/nframe_07476.npy,7474,7476,2,18,NA,3,3,False
data/images/frame_03549.npy,data/images/frame_03545.npy,3549,3545,4,8,NA,2,2,False
data/images/nframe_06803.npy,data/images/nframe_06800.npy,6803,6800,3,10,NA,1,1,False
data/images/nframe_02728.npy,data/images/nframe_02729.npy,2728,2729,1,0,NA,4,4,False
data/images/frame_02258.npy,data/images/frame_02259.npy,2258,2259,1,30,NA,0,0,False
data/images/nframe_08691.npy,data/images/nframe_08690.npy,8691,8690,1,0,NA,3,3,False
data/images/nframe_02137.npy,data/images/nframe_02136.npy,2137,2136,1,6,NA,5,6,False
data/images/nframe_04711.npy,data/images/nframe_04713.npy,4711,4713,2,8,NA,2,2,False
data/images/nframe_04334.npy,data/images/nframe_04333.npy,4334,4333,1,0,NA,1,1,False
data/images/frame_00433.npy,data/images/frame_00434.npy,433,434,1,10,NA,1,1,False
data/images/nframe_03294.npy,data/images/nframe_03286.npy,3294,3286,8,10,NA,1,1,False
data/images/frame_02509.npy,data/images/frame_02508.npy,2509,2508,1,8,NA,8,8,False
data/images/frame_02419.npy,data/images/frame_02420.npy,2419,2420,1,10,NA,9,8,False
data/images/frame_01833.npy,data/images/frame_01836.npy,1833,1836,3,2,NA,1,1,False
data/images/frame_00773.npy,data/images/frame_00771.npy,773,771,2,8,NA,2,2,False
data/images/nframe_08949.npy,data/images/nframe_08948.npy,8949,8948,1,4,NA,2,2,False
data/images/frame_00060.npy,data/images/frame_00062.npy,60,62,2,20,NA,1,1,False
data/images/nframe_06799.npy,data/images/nframe_06800.npy,6799,6800,1,8,NA,1,1,False
data/images/nframe_01979.npy,data/images/nframe_01980.npy,1979,1980,1,6,NA,4,4,False
data/images/frame_00412.npy,data/images/frame_00409.npy,412,409,3,2,NA,1,1,False
data/images/frame_00319.npy,data/images/frame_00318.npy,319,318,1,18,NA,1,1,False
data/images/frame_02439.npy,data/images/frame_02440.npy,2439,2440,1,8,NA,8,8,False
data/images/frame_02817.npy,data/images/frame_02818.npy,2817,2818,1,4,NA,8,8,False
data/images/nframe_03463.npy,data/images/nframe_03464.npy,3463,3464,1,4,NA,1,1,False
data/images/frame_00092.npy,data/images/frame_00091.npy,92,91,1,10,NA,3,3,False
data/images/frame_02656.npy,data/images/frame_02655.npy,2656,2655,1,16,NA,2,2,False
data/images/frame_00220.npy,data/images/frame_00221.npy,220,221,1,2,NA,1,1,False
data/images/nframe_03407.npy,data/images/nframe_03408.npy,3407,3408,1,8,NA,3,3,False
data/images/frame_02260.npy,data/images/frame_02259.npy,2260,2259,1,12,NA,1,0,False
data/images/nframe_02716.npy,data/images/nframe_02717.npy,2716,2717,1,6,NA,2,2,False
data/images/nframe_05216.npy,data/images/nframe_05215.npy,5216,5215,1,8,NA,2,2,False
data/images/nframe_04367.npy,data/images/nframe_04368.npy,4367,4368,1,10,NA,1,1,False
data/images/frame_02680.npy,data/images/frame_02681.npy,2680,2681,1,12,NA,5,5,False
data/images/frame_03703.npy,data/images/frame_03700.npy,3703,3700,3,16,NA,3,3,False
data/images/nframe_08654.npy,data/images/nframe_08670.npy,8654,8670,16,12,NA,5,3,False
data/images/frame_03902.npy,data/images/frame_03901.npy,3902,3901,1,8,NA,2,2,False
data/images/nframe_08067.npy,data/images/nframe_08066.npy,8067,8066,1,6,NA,1,1,False
data/images/nframe_02065.npy,data/images/nframe_02063.npy,2065,2063,2,2,NA,4,4,False
data/images/nframe_01282.npy,data/images/nframe_01281.npy,1282,1281,1,0,NA,6,6,False
data/images/frame_03936.npy,data/images/frame_03937.npy,3936,3937,1,10,NA,3,3,False
data/images/frame_03709.npy,data/images/frame_03707.npy,3709,3707,2,2,NA,3,3,False
data/images/nframe_07857.npy,data/images/nframe_07858.npy,7857,7858,1,16,NA,1,1,False
data/images/nframe_07954.npy,data/images/nframe_07957.npy,7954,7957,3,26,NA,1,2,False
data/images/nframe_05547.npy,data/images/nframe_05548.npy,5547,5548,1,48,NA,3,3,False
data/images/frame_00390.npy,data/images/frame_00389.npy,390,389,1,2,NA,0,0,False
data/images/nframe_02060.npy,data/images/nframe_02061.npy,2060,2061,1,8,NA,3,4,False
data/images/frame_03974.npy,data/images/frame_03973.npy,3974,3973,1,4,NA,3,3,False
data/images/frame_02604.npy,data/images/frame_02603.npy,2604,2603,1,6,NA,3,3,False
data/images/frame_02860.npy,data/images/frame_02859.npy,2860,2859,1,8,NA,6,7,False
data/images/frame_02630.npy,data/images/frame_02629.npy,2630,2629,1,16,NA,2,2,False
data/images/frame_02406.npy,data/images/frame_02408.npy,2406,2408,2,24,NA,7,7,False
data/images/nframe_07720.npy,data/images/nframe_07719.npy,7720,7719,1,0,NA,3,3,False
data/images/frame_02570.npy,data/images/frame_02569.npy,2570,2569,1,10,NA,5,5,False
data/images/nframe_02216.npy,data/images/nframe_02218.npy,2216,2218,2,8,NA,5,4,False
data/images/nframe_02936.npy,data/images/nframe_02934.npy,2936,2934,2,2,NA,1,1,False
data/images/frame_00011.npy,data/images/frame_00010.npy,11,10,1,2,NA,1,1,False
data/images/frame_00602.npy,data/images/frame_00604.npy,602,604,2,0,NA,0,0,False
data/images/nframe_08993.npy,data/images/nframe_08992.npy,8993,8992,1,10,NA,3,2,False
data/images/nframe_07037.npy,data/images/nframe_07359.npy,7037,7359,322,74,NA,1,1,False
data/images/frame_02527.npy,data/images/frame_02528.npy,2527,2528,1,6,NA,8,8,False
data/images/frame_00541.npy,data/images/frame_00542.npy,541,542,1,12,NA,0,0,False
data/images/nframe_08669.npy,data/images/nframe_08670.npy,8669,8670,1,0,NA,3,3,False
data/images/frame_01613.npy,data/images/frame_01614.npy,1613,1614,1,8,NA,3,3,False
data/images/nframe_09603.npy,data/images/nframe_09602.npy,9603,9602,1,22,NA,1,1,False
data/images/nframe_02148.npy,data/images/nframe_02147.npy,2148,2147,1,4,NA,5,5,False
data/images/nframe_08476.npy,data/images/nframe_08477.npy,8476,8477,1,0,NA,7,7,False
data/images/frame_01568.npy,data/images/frame_01569.npy,1568,1569,1,10,NA,1,1,False
data/images/nframe_07015.npy,data/images/nframe_07016.npy,7015,7016,1,4,NA,1,1,False
data/images/frame_00455.npy,data/images/frame_00462.npy,455,462,7,4,NA,1,1,False
data/images/nframe_00958.npy,data/images/nframe_01075.npy,958,1075,117,4,NA,3,3,False
data/images/nframe_03853.npy,data/images/nframe_03854.npy,3853,3854,1,2,NA,2,2,False
data/images/nframe_07511.npy,data/images/nframe_07512.npy,7511,7512,1,16,NA,5,5,False
data/images/frame_00847.npy,data/images/frame_00846.npy,847,846,1,10,NA,4,4,False
data/images/nframe_09891.npy,data/images/nframe_09890.npy,9891,9890,1,6,NA,4,5,False
data/images/nframe_09860.npy,data/images/nframe_09861.npy,9860,9861,1,8,NA,4,4,False
data/images/nframe_08213.npy,data/images/nframe_08214.npy,8213,8214,1,8,NA,2,2,False
data/images/nframe_08494.npy,data/images/nframe_08495.npy,8494,8495,1,0,NA,10,10,False
data/images/nframe_01970.npy,data/images/nframe_01971.npy,1970,1971,1,0,NA,4,4,False
data/images/nframe_08031.npy,data/images/nframe_08032.npy,8031,8032,1,6,NA,1,1,False
data/images/nframe_08215.npy,data/images/nframe_08231.npy,8215,8231,16,34,NA,1,3,False
data/images/frame_02901.npy,data/images/frame_02900.npy,2901,2900,1,4,NA,3,3,False
data/images/frame_00349.npy,data/images/frame_00350.npy,349,350,1,10,NA,1,1,False
data/images/nframe_02511.npy,data/images/nframe_02512.npy,2511,2512,1,0,NA,4,4,False
data/images/frame_00429.npy,data/images/frame_00430.npy,429,430,1,4,NA,1,1,False
data/images/frame_02021.npy,data/images/frame_02019.npy,2021,2019,2,18,NA,4,4,False
data/images/frame_01577.npy,data/images/frame_01578.npy,1577,1578,1,6,NA,0,0,False
data/images/nframe_02623.npy,data/images/nframe_02624.npy,2623,2624,1,4,NA,6,6,False
data/images/frame_01050.npy,data/images/frame_01052.npy,1050,1052,2,10,NA,2,2,False
data/images/nframe_08954.npy,data/images/nframe_08953.npy,8954,8953,1,6,NA,2,2,False
data/images/frame_03121.npy,data/images/frame_03113.npy,3121,3113,8,40,NA,4,3,False
data/images/nframe_00989.npy,data/images/nframe_00988.npy,989,988,1,4,NA,3,3,False
data/images/nframe_08492.npy,data/images/nframe_08491.npy,8492,8491,1,4,NA,10,10,False
data/images/frame_00502.npy,data/images/frame_00497.npy,502,497,5,6,NA,1,1,False
data/images/frame_02960.npy,data/images/frame_02959.npy,2960,2959,1,12,NA,1,1,False
data/images/nframe_04021.npy,data/images/nframe_04022.npy,4021,4022,1,8,NA,1,1,False
data/images/nframe_05062.npy,data/images/nframe_05061.npy,5062,5061,1,14,NA,2,2,False
data/images/nframe_01748.npy,data/images/nframe_01749.npy,1748,1749,1,2,NA,6,6,False
data/images/nframe_00853.npy,data/images/nframe_00854.npy,853,854,1,2,NA,2,2,False
data/images/nframe_02579.npy,data/images/nframe_02580.npy,2579,2580,1,6,NA,6,6,False
data/images/nframe_04789.npy,data/images/nframe_04790.npy,4789,4790,1,20,NA,2,2,False
data/images/frame_00884.npy,data/images/frame_00885.npy,884,885,1,14,NA,5,5,False
data/images/nframe_03956.npy,data/images/nframe_03955.npy,3956,3955,1,4,NA,4,4,False
data/images/frame_01268.npy,data/images/frame_01267.npy,1268,1267,1,14,NA,1,2,False
data/images/nframe_02627.npy,data/images/nframe_02628.npy,2627,2628,1,6,NA,5,4,False
data/images/frame_02755.npy,data/images/frame_02754.npy,2755,2754,1,2,NA,7,7,False
data/images/frame_00855.npy,data/images/frame_00856.npy,855,856,1,24,NA,4,4,False
data/images/nframe_03456.npy,data/images/nframe_03455.npy,3456,3455,1,2,NA,2,2,False
data/images/nframe_01773.npy,data/images/nframe_01774.npy,1773,1774,1,4,NA,5,6,False
data/images/frame_01016.npy,data/images/frame_01017.npy,1016,1017,1,4,NA,3,3,False
data/images/nframe_04109.npy,data/images/nframe_04108.npy,4109,4108,1,2,NA,1,1,False
data/images/frame_00723.npy,data/images/frame_00724.npy,723,724,1,24,NA,2,2,False
data/images/frame_03167.npy,data/images/frame_03166.npy,3167,3166,1,10,NA,5,5,False
data/images/nframe_08958.npy,data/images/nframe_08957.npy,8958,8957,1,6,NA,2,2,False
data/images/frame_00314.npy,data/images/frame_00312.npy,314,312,2,28,NA,1,0,False
data/images/frame_02049.npy,data/images/frame_02050.npy,2049,2050,1,8,NA,2,1,False
data/images/frame_02991.npy,data/images/frame_02992.npy,2991,2992,1,18,NA,4,4,False
data/images/frame_00372.npy,data/images/frame_00371.npy,372,371,1,2,NA,1,1,False
data/images/nframe_01867.npy,data/images/nframe_01866.npy,1867,1866,1,4,NA,3,3,False
data/images/frame_02230.npy,data/images/frame_02229.npy,2230,2229,1,4,NA,0,0,False
data/images/frame_01947.npy,data/images/frame_01946.npy,1947,1946,1,4,NA,0,0,False
data/images/nframe_02695.npy,data/images/nframe_02696.npy,2695,2696,1,6,NA,1,1,False
data/images/nframe_06955.npy,data/images/nframe_06946.npy,6955,6946,9,10,NA,1,1,False
data/images/nframe_03084.npy,data/images/nframe_03086.npy,3084,3086,2,14,NA,1,1,False
data/images/nframe_02184.npy,data/images/nframe_02185.npy,2184,2185,1,6,NA,5,5,False
data/images/nframe_05028.npy,data/images/nframe_05027.npy,5028,5027,1,10,NA,2,2,False
data/images/nframe_02536.npy,data/images/nframe_02537.npy,2536,2537,1,0,NA,6,6,False
data/images/nframe_04481.npy,data/images/nframe_04480.npy,4481,4480,1,6,NA,3,3,False
data/images/frame_01703.npy,data/images/frame_01702.npy,1703,1702,1,12,NA,4,4,False
data/images/frame_01310.npy,data/images/frame_01317.npy,1310,1317,7,14,NA,2,2,False
data/images/frame_00040.npy,data/images/frame_00041.npy,40,41,1,4,NA,0,0,False
data/images/nframe_02311.npy,data/images/nframe_07008.npy,2311,7008,4697,80,NA,3,1,False
data/images/nframe_07134.npy,data/images/nframe_07133.npy,7134,7133,1,14,NA,2,2,False
data/images/frame_01350.npy,data/images/frame_01345.npy,1350,1345,5,38,NA,6,4,False
data/images/nframe_08037.npy,data/images/nframe_08036.npy,8037,8036,1,16,NA,2,2,False
data/images/frame_00936.npy,data/images/frame_00937.npy,936,937,1,6,NA,5,4,False
data/images/nframe_07872.npy,data/images/nframe_07873.npy,7872,7873,1,10,NA,3,3,False
data/images/nframe_05440.npy,data/images/nframe_05429.npy,5440,5429,11,2,NA,2,3,False
data/images/nframe_09443.npy,data/images/frame_00028.npy,9443,28,9415,68,NA,1,0,False
data/images/nframe_02149.npy,data/images/nframe_02150.npy,2149,2150,1,0,NA,5,4,False
data/images/frame_02611.npy,data/images/frame_02612.npy,2611,2612,1,10,NA,2,2,False
data/images/nframe_07212.npy,data/images/nframe_07211.npy,7212,7211,1,2,NA,2,2,False
data/images/nframe_09281.npy,data/images/nframe_09282.npy,9281,9282,1,8,NA,1,1,False
data/images/frame_03911.npy,data/images/frame_03913.npy,3911,3913,2,12,NA,1,1,False
data/images/nframe_05110.npy,data/images/nframe_05111.npy,5110,5111,1,6,NA,2,2,False
data/images/frame_03160.npy,data/images/frame_03161.npy,3160,3161,1,6,NA,5,5,False
data/images/frame_01173.npy,data/images/frame_01172.npy,1173,1172,1,14,NA,0,0,False
data/images/nframe_08551.npy,data/images/nframe_08550.npy,8551,8550,1,18,NA,9,12,False
data/images/frame_00553.npy,data/images/frame_00552.npy,553,552,1,6,NA,0,0,False
data/images/nframe_06952.npy,data/images/nframe_06953.npy,6952,6953,1,12,NA,1,1,False
data/images/frame_02899.npy,data/images/frame_02900.npy,2899,2900,1,8,NA,4,3,False
data/images/frame_00632.npy,data/images/frame_00634.npy,632,634,2,2,NA,0,0,False
data/images/frame_02503.npy,data/images/frame_02499.npy,2503,2499,4,14,NA,8,8,False
data/images/nframe_07805.npy,data/images/nframe_07883.npy,7805,7883,78,18,NA,3,2,False
data/images/nframe_04982.npy,data/images/nframe_04981.npy,4982,4981,1,42,NA,4,4,False
data/images/frame_02542.npy,data/images/frame_02540.npy,2542,2540,2,14,NA,7,7,False
data/images/nframe_05108.npy,data/images/nframe_05107.npy,5108,5107,1,10,NA,2,2,False
data/images/nframe_07130.npy,data/images/nframe_07132.npy,7130,7132,2,6,NA,3,3,False
data/images/nframe_09409.npy,data/images/nframe_09408.npy,9409,9408,1,79,NA,3,2,False
data/images/nframe_00821.npy,data/images/nframe_00819.npy,821,819,2,2,NA,2,2,False
data/images/nframe_08370.npy,data/images/nframe_08371.npy,8370,8371,1,16,NA,5,4,False
data/images/nframe_00937.npy,data/images/nframe_00939.npy,937,939,2,6,NA,3,3,False
data/images/nframe_08471.npy,data/images/nframe_08472.npy,8471,8472,1,5,NA,8,8,False
data/images/nframe_01013.npy,data/images/nframe_00975.npy,1013,975,38,4,NA,3,3,False
data/images/frame_02857.npy,data/images/frame_02854.npy,2857,2854,3,12,NA,7,7,False
data/images/nframe_09430.npy,data/images/nframe_09432.npy,9430,9432,2,76,NA,2,1,False
data/images/frame_01356.npy,data/images/frame_01355.npy,1356,1355,1,16,NA,7,8,False
data/images/nframe_02347.npy,data/images/nframe_02344.npy,2347,2344,3,80,NA,2,1,False
data/images/frame_02952.npy,data/images/frame_02951.npy,2952,2951,1,14,NA,1,1,False
data/images/nframe_03419.npy,data/images/nframe_03420.npy,3419,3420,1,16,NA,3,3,False
data/images/nframe_07856.npy,data/images/nframe_07855.npy,7856,7855,1,10,NA,1,1,False
data/images/frame_00712.npy,data/images/frame_00711.npy,712,711,1,10,NA,3,3,False
data/images/nframe_07166.npy,data/images/nframe_07165.npy,7166,7165,1,8,NA,2,2,False
data/images/frame_00765.npy,data/images/frame_00764.npy,765,764,1,16,NA,2,2,False
data/images/nframe_05513.npy,data/images/nframe_05512.npy,5513,5512,1,8,NA,2,2,False
data/images/frame_02194.npy,data/images/frame_02193.npy,2194,2193,1,4,NA,1,1,False
data/images/frame_02054.npy,data/images/frame_02059.npy,2054,2059,5,22,NA,2,2,False
data/images/frame_02669.npy,data/images/frame_02670.npy,2669,2670,1,16,NA,4,4,False
data/images/frame_00980.npy,data/images/frame_00979.npy,980,979,1,12,NA,4,5,False
data/images/nframe_06938.npy,data/images/nframe_06940.npy,6938,6940,2,8,NA,1,2,False
data/images/nframe_01689.npy,data/images/nframe_01688.npy,1689,1688,1,6,NA,6,6,False
data/images/nframe_03890.npy,data/images/nframe_03889.npy,3890,3889,1,2,NA,4,4,False
data/images/nframe_08553.npy,data/images/nframe_08552.npy,8553,8552,1,8,NA,8,8,False
data/images/frame_02328.npy,data/images/frame_02329.npy,2328,2329,1,26,NA,3,4,False
data/images/nframe_03926.npy,data/images/nframe_03925.npy,3926,3925,1,0,NA,5,5,False
data/images/nframe_01168.npy,data/images/nframe_01169.npy,1168,1169,1,10,NA,3,3,False
data/images/frame_02052.npy,data/images/frame_02050.npy,2052,2050,2,16,NA,2,1,False
data/images/nframe_03508.npy,data/images/nframe_03509.npy,3508,3509,1,2,NA,1,1,False
data/images/nframe_01831.npy,data/images/nframe_01832.npy,1831,1832,1,8,NA,4,4,False
data/images/frame_00415.npy,data/images/frame_00416.npy,415,416,1,4,NA,0,0,False
data/images/nframe_01827.npy,data/images/nframe_01828.npy,1827,1828,1,8,NA,5,4,False
data/images/frame_00706.npy,data/images/frame_00704.npy,706,704,2,6,NA,2,3,False
data/images/nframe_05351.npy,data/images/nframe_05347.npy,5351,5347,4,6,NA,3,2,False
data/images/nframe_09853.npy,data/images/nframe_09854.npy,9853,9854,1,10,NA,3,3,False
data/images/frame_01815.npy,data/images/frame_01814.npy,1815,1814,1,8,NA,1,1,False
data/images/frame_03125.npy,data/images/frame_03126.npy,3125,3126,1,16,NA,4,4,False
data/images/frame_01136.npy,data/images/frame_01137.npy,1136,1137,1,6,NA,0,0,False
data/images/frame_00073.npy,data/images/frame_00072.npy,73,72,1,12,NA,2,2,False
data/images/nframe_02678.npy,data/images/nframe_02679.npy,2678,2679,1,4,NA,1,1,False
data/images/nframe_02456.npy,data/images/nframe_02455.npy,2456,2455,1,10,NA,4,4,False
data/images/frame_01335.npy,data/images/frame_01338.npy,1335,1338,3,32,NA,2,3,False
data/images/frame_00681.npy,data/images/frame_00682.npy,681,682,1,12,NA,2,2,False
data/images/frame_02217.npy,data/images/frame_02216.npy,2217,2216,1,20,NA,0,0,False
data/images/nframe_07203.npy,data/images/nframe_07204.npy,7203,7204,1,8,NA,1,1,False
data/images/nframe_05394.npy,data/images/nframe_05393.npy,5394,5393,1,12,NA,2,2,False
data/images/nframe_03685.npy,data/images/nframe_03686.npy,3685,3686,1,6,NA,1,1,False
data/images/frame_00398.npy,data/images/frame_00394.npy,398,394,4,2,NA,0,0,False
data/images/nframe_02057.npy,data/images/nframe_02058.npy,2057,2058,1,0,NA,3,3,False
data/images/nframe_01229.npy,data/images/nframe_01228.npy,1229,1228,1,10,NA,3,3,False
data/images/frame_02077.npy,data/images/frame_02078.npy,2077,2078,1,8,NA,3,3,False
data/images/nframe_08721.npy,data/images/nframe_08722.npy,8721,8722,1,6,NA,2,2,False
data/images/nframe_05256.npy,data/images/nframe_05255.npy,5256,5255,1,0,NA,2,2,False
data/images/frame_00629.npy,data/images/frame_00626.npy,629,626,3,4,NA,0,0,False
data/images/nframe_03452.npy,data/images/nframe_03451.npy,3452,3451,1,0,NA,2,2,False
data/images/nframe_04701.npy,data/images/nframe_04702.npy,4701,4702,1,4,NA,1,1,False
data/images/nframe_03409.npy,data/images/nframe_03408.npy,3409,3408,1,0,NA,3,3,False
data/images/nframe_03682.npy,data/images/nframe_03681.npy,3682,3681,1,0,NA,1,1,False
data/images/frame_03322.npy,data/images/frame_03323.npy,3322,3323,1,6,NA,3,3,False
data/images/nframe_00750.npy,data/images/nframe_00746.npy,750,746,4,6,NA,1,1,False
data/images/frame_00179.npy,data/images/frame_00180.npy,179,180,1,38,NA,4,3,False
data/images/nframe_06385.npy,data/images/nframe_06386.npy,6385,6386,1,30,NA,2,2,False
data/images/nframe_08908.npy,data/images/nframe_08907.npy,8908,8907,1,4,NA,2,2,False
data/images/nframe_01704.npy,data/images/nframe_01701.npy,1704,1701,3,2,NA,7,7,False
data/images/frame_01484.npy,data/images/frame_01486.npy,1484,1486,2,36,NA,0,0,False
data/images/nframe_02052.npy,data/images/nframe_02051.npy,2052,2051,1,2,NA,4,4,False
data/images/nframe_02599.npy,data/images/nframe_02601.npy,2599,2601,2,7,NA,7,6,False
data/images/nframe_04727.npy,data/images/nframe_04726.npy,4727,4726,1,14,NA,2,3,False
data/images/nframe_00802.npy,data/images/nframe_00799.npy,802,799,3,4,NA,1,2,False
data/images/nframe_01116.npy,data/images/nframe_01115.npy,1116,1115,1,6,NA,4,3,False
data/images/nframe_03628.npy,data/images/nframe_03631.npy,3628,3631,3,26,NA,2,1,False
data/images/nframe_04465.npy,data/images/nframe_04464.npy,4465,4464,1,4,NA,2,2,False
data/images/frame_01068.npy,data/images/frame_01065.npy,1068,1065,3,6,NA,2,2,False
data/images/nframe_04786.npy,data/images/nframe_04787.npy,4786,4787,1,12,NA,2,2,False
data/images/frame_02694.npy,data/images/frame_02692.npy,2694,2692,2,24,NA,6,7,False
data/images/frame_03084.npy,data/images/frame_03083.npy,3084,3083,1,8,NA,3,3,False
data/images/frame_01645.npy,data/images/frame_01640.npy,1645,1640,5,8,NA,4,5,False
data/images/nframe_06763.npy,data/images/nframe_06757.npy,6763,6757,6,20,NA,1,1,False
data/images/nframe_04997.npy,data/images/nframe_04996.npy,4997,4996,1,14,NA,2,2,False
data/images/frame_03878.npy,data/images/frame_03879.npy,3878,3879,1,24,NA,4,4,False
data/images/nframe_09422.npy,data/images/nframe_09421.npy,9422,9421,1,66,NA,1,1,False
data/images/nframe_08732.npy,data/images/nframe_08731.npy,8732,8731,1,0,NA,1,1,False
data/images/nframe_04354.npy,data/images/nframe_04355.npy,4354,4355,1,6,NA,1,1,False
data/images/frame_03033.npy,data/images/frame_03032.npy,3033,3032,1,8,NA,1,1,False
data/images/nframe_01158.npy,data/images/nframe_01157.npy,1158,1157,1,10,NA,3,3,False
data/images/nframe_09868.npy,data/images/nframe_09866.npy,9868,9866,2,24,NA,3,1,False
data/images/nframe_00727.npy,data/images/nframe_00725.npy,727,725,2,6,NA,1,1,False
data/images/frame_00313.npy,data/images/frame_00312.npy,313,312,1,22,NA,0,0,False
data/images/nframe_06468.npy,data/images/nframe_06467.npy,6468,6467,1,20,NA,2,2,False
data/images/nframe_02571.npy,data/images/nframe_02570.npy,2571,2570,1,14,NA,6,6,False
data/images/frame_03186.npy,data/images/frame_03185.npy,3186,3185,1,16,NA,4,4,False
data/images/frame_02597.npy,data/images/frame_02596.npy,2597,2596,1,4,NA,5,3,False
data/images/nframe_07404.npy,data/images/nframe_07405.npy,7404,7405,1,26,NA,2,3,False
data/images/nframe_08847.npy,data/images/nframe_03286.npy,8847,3286,5561,16,NA,1,1,False
data/images/frame_00257.npy,data/images/frame_00256.npy,257,256,1,10,NA,0,0,False
data/images/frame_03740.npy,data/images/frame_03741.npy,3740,3741,1,20,NA,5,5,False
data/images/nframe_04012.npy,data/images/nframe_04011.npy,4012,4011,1,6,NA,1,1,False
data/images/nframe_07968.npy,data/images/nframe_07969.npy,7968,7969,1,24,NA,3,3,False
data/images/nframe_08245.npy,data/images/nframe_08243.npy,8245,8243,2,4,NA,3,3,False
data/images/nframe_05237.npy,data/images/nframe_05236.npy,5237,5236,1,8,NA,2,3,False
data/images/nframe_09236.npy,data/images/nframe_09237.npy,9236,9237,1,14,NA,1,1,False
data/images/nframe_08560.npy,data/images/nframe_08559.npy,8560,8559,1,0,NA,9,10,False
data/images/nframe_07995.npy,data/images/nframe_07996.npy,7995,7996,1,12,NA,1,1,False
data/images/frame_02544.npy,data/images/frame_02545.npy,2544,2545,1,16,NA,7,6,False
data/images/nframe_06935.npy,data/images/nframe_06937.npy,6935,6937,2,4,NA,1,1,False
data/images/frame_00097.npy,data/images/frame_00096.npy,97,96,1,6,NA,3,3,False
data/images/frame_02321.npy,data/images/frame_02323.npy,2321,2323,2,16,NA,3,3,False
data/images/nframe_04547.npy,data/images/nframe_04546.npy,4547,4546,1,10,NA,3,3,False
data/images/frame_03112.npy,data/images/frame_03111.npy,3112,3111,1,10,NA,3,3,False
data/images/nframe_02292.npy,data/images/nframe_02285.npy,2292,2285,7,60,NA,4,2,False
data/images/nframe_01884.npy,data/images/nframe_01886.npy,1884,1886,2,2,NA,2,3,False
data/images/nframe_07840.npy,data/images/nframe_07841.npy,7840,7841,1,4,NA,1,1,False
data/images/nframe_07374.npy,data/images/nframe_07375.npy,7374,7375,1,8,NA,2,2,False
data/images/nframe_07548.npy,data/images/nframe_07547.npy,7548,7547,1,12,NA,2,2,False
data/images/nframe_08874.npy,data/images/nframe_08873.npy,8874,8873,1,6,NA,1,1,False
data/images/nframe_01263.npy,data/images/nframe_01264.npy,1263,1264,1,8,NA,6,5,False
data/images/nframe_04497.npy,data/images/nframe_04493.npy,4497,4493,4,2,NA,2,2,False
data/images/frame_00223.npy,data/images/frame_00222.npy,223,222,1,6,NA,1,1,False
data/images/nframe_01338.npy,data/images/nframe_01337.npy,1338,1337,1,4,NA,7,7,False
data/images/nframe_01775.npy,data/images/nframe_01780.npy,1775,1780,5,2,NA,6,6,False
data/images/nframe_01016.npy,data/images/nframe_01022.npy,1016,1022,6,8,NA,3,3,False
data/images/nframe_04673.npy,data/images/nframe_04671.npy,4673,4671,2,14,NA,1,1,False
data/images/nframe_08393.npy,data/images/nframe_08392.npy,8393,8392,1,7,NA,9,7,False
data/images/nframe_07640.npy,data/images/nframe_07641.npy,7640,7641,1,10,NA,3,3,False
data/images/nframe_06605.npy,data/images/nframe_06606.npy,6605,6606,1,6,NA,3,3,False
data/images/frame_01803.npy,data/images/frame_01804.npy,1803,1804,1,6,NA,1,1,False
data/images/frame_02578.npy,data/images/frame_02577.npy,2578,2577,1,2,NA,5,5,False
data/images/frame_01036.npy,data/images/frame_01038.npy,1036,1038,2,4,NA,2,2,False
data/images/frame_02782.npy,data/images/frame_02781.npy,2782,2781,1,6,NA,8,8,False
data/images/nframe_07411.npy,data/images/nframe_07412.npy,7411,7412,1,12,NA,3,3,False
data/images/frame_02848.npy,data/images/frame_02847.npy,2848,2847,1,8,NA,6,6,False
data/images/nframe_01235.npy,data/images/nframe_01236.npy,1235,1236,1,2,NA,3,3,False
data/images/nframe_04418.npy,data/images/nframe_04419.npy,4418,4419,1,0,NA,3,3,False
data/images/nframe_07730.npy,data/images/nframe_07731.npy,7730,7731,1,24,NA,4,4,False
data/images/frame_01150.npy,data/images/frame_01151.npy,1150,1151,1,8,NA,0,0,False
data/images/frame_03074.npy,data/images/frame_03071.npy,3074,3071,3,22,NA,2,2,False
data/images/nframe_00882.npy,data/images/nframe_00880.npy,882,880,2,2,NA,2,2,False
data/images/nframe_05506.npy,data/images/nframe_05507.npy,5506,5507,1,10,NA,2,2,False
data/images/frame_00152.npy,data/images/frame_00151.npy,152,151,1,20,NA,3,3,False
data/images/nframe_02277.npy,data/images/nframe_02276.npy,2277,2276,1,26,NA,3,2,False
data/images/frame_02061.npy,data/images/frame_02062.npy,2061,2062,1,4,NA,2,2,False
data/images/nframe_04817.npy,data/images/nframe_04818.npy,4817,4818,1,0,NA,1,1,False
data/images/frame_00714.npy,data/images/frame_00716.npy,714,716,2,18,NA,3,3,False
data/images/frame_02306.npy,data/images/frame_02305.npy,2306,2305,1,30,NA,2,2,False
data/images/frame_00016.npy,data/images/frame_00017.npy,16,17,1,8,NA,0,0,False
data/images/frame_02785.npy,data/images/frame_02786.npy,2785,2786,1,8,NA,9,8,False
data/images/nframe_04536.npy,data/images/nframe_04534.npy,4536,4534,2,2,NA,3,3,False
data/images/nframe_03881.npy,data/images/nframe_03879.npy,3881,3879,2,0,NA,3,3,False
data/images/nframe_06433.npy,data/images/nframe_06434.npy,6433,6434,1,10,NA,3,2,False
data/images/nframe_01974.npy,data/images/nframe_01975.npy,1974,1975,1,4,NA,4,4,False
data/images/nframe_09232.npy,data/images/nframe_09231.npy,9232,9231,1,22,NA,1,1,False
data/images/nframe_01441.npy,data/images/nframe_01442.npy,1441,1442,1,12,NA,11,11,False
data/images/nframe_02714.npy,data/images/nframe_02713.npy,2714,2713,1,8,NA,1,1,False
data/images/nframe_02345.npy,data/images/frame_01949.npy,2345,1949,396,82,NA,2,1,False
data/images/nframe_08913.npy,data/images/nframe_08912.npy,8913,8912,1,2,NA,2,2,False
data/images/nframe_08027.npy,data/images/nframe_08028.npy,8027,8028,1,0,NA,1,1,False
data/images/frame_00839.npy,data/images/frame_00840.npy,839,840,1,12,NA,3,3,False
data/images/frame_00148.npy,data/images/frame_00149.npy,148,149,1,12,NA,3,3,False
data/images/nframe_02100.npy,data/images/nframe_02102.npy,2100,2102,2,20,NA,4,4,False
data/images/frame_02507.npy,data/images/frame_02508.npy,2507,2508,1,4,NA,8,8,False
data/images/frame_02663.npy,data/images/frame_02664.npy,2663,2664,1,10,NA,3,4,False
data/images/nframe_02553.npy,data/images/nframe_02552.npy,2553,2552,1,0,NA,5,6,False
data/images/nframe_07465.npy,data/images/nframe_07466.npy,7465,7466,1,0,NA,5,5,False
data/images/frame_03975.npy,data/images/frame_03973.npy,3975,3973,2,12,NA,3,3,False
data/images/nframe_02079.npy,data/images/nframe_02078.npy,2079,2078,1,8,NA,4,4,False
data/images/nframe_08922.npy,data/images/nframe_08921.npy,8922,8921,1,0,NA,2,2,False
data/images/nframe_09209.npy,data/images/nframe_09210.npy,9209,9210,1,10,NA,1,1,False
data/images/frame_03423.npy,data/images/frame_03424.npy,3423,3424,1,14,NA,5,5,False
data/images/nframe_00751.npy,data/images/nframe_00737.npy,751,737,14,4,NA,1,1,False
data/images/nframe_03400.npy,data/images/nframe_03401.npy,3400,3401,1,0,NA,2,2,False
data/images/nframe_02259.npy,data/images/nframe_02264.npy,2259,2264,5,10,NA,5,4,False
data/images/nframe_07022.npy,data/images/nframe_07021.npy,7022,7021,1,6,NA,1,1,False
data/images/nframe_07407.npy,data/images/nframe_07408.npy,7407,7408,1,40,NA,3,3,False
data/images/frame_03393.npy,data/images/frame_03391.npy,3393,3391,2,16,NA,3,3,False
data/images/nframe_01417.npy,data/images/nframe_01414.npy,1417,1414,3,22,NA,12,12,False
data/images/nframe_00822.npy,data/images/nframe_00818.npy,822,818,4,4,NA,2,2,False
data/images/frame_00561.npy,data/images/frame_00559.npy,561,559,2,0,NA,0,0,False
data/images/nframe_01135.npy,data/images/nframe_01136.npy,1135,1136,1,2,NA,3,3,False
data/images/frame_00338.npy,data/images/frame_00337.npy,338,337,1,22,NA,1,1,False
data/images/frame_00838.npy,data/images/frame_00837.npy,838,837,1,16,NA,3,3,False
data/images/nframe_06452.npy,data/images/nframe_06451.npy,6452,6451,1,0,NA,2,2,False
data/images/nframe_02442.npy,data/images/nframe_02440.npy,2442,2440,2,18,NA,2,2,False
data/images/nframe_03883.npy,data/images/nframe_03882.npy,3883,3882,1,0,NA,3,3,False
data/images/frame_01966.npy,data/images/frame_01972.npy,1966,1972,6,8,NA,1,1,False
data/images/nframe_03633.npy,data/images/nframe_03632.npy,3633,3632,1,10,NA,1,1,False
data/images/nframe_05099.npy,data/images/nframe_05098.npy,5099,5098,1,8,NA,2,2,False
data/images/nframe_08323.npy,data/images/nframe_08320.npy,8323,8320,3,10,NA,3,3,False
data/images/nframe_00961.npy,data/images/nframe_00984.npy,961,984,23,12,NA,3,3,False
data/images/nframe_07795.npy,data/images/nframe_07794.npy,7795,7794,1,16,NA,3,2,False
data/images/nframe_07448.npy,data/images/nframe_07447.npy,7448,7447,1,0,NA,4,5,False
data/images/frame_00572.npy,data/images/frame_00573.npy,572,573,1,2,NA,0,0,False
data/images/nframe_05315.npy,data/images/nframe_05314.npy,5315,5314,1,14,NA,2,3,False
data/images/nframe_07756.npy,data/images/nframe_07755.npy,7756,7755,1,0,NA,2,2,False
data/images/nframe_01392.npy,data/images/nframe_01393.npy,1392,1393,1,2,NA,10,9,False
data/images/nframe_07425.npy,data/images/nframe_07424.npy,7425,7424,1,0,NA,4,4,False
data/images/nframe_01765.npy,data/images/nframe_01766.npy,1765,1766,1,12,NA,5,6,False
data/images/frame_00242.npy,data/images/frame_00243.npy,242,243,1,4,NA,1,1,False
data/images/nframe_03507.npy,data/images/nframe_03506.npy,3507,3506,1,4,NA,1,1,False
data/images/nframe_06382.npy,data/images/nframe_06381.npy,6382,6381,1,12,NA,2,2,False
data/images/nframe_01083.npy,data/images/nframe_01088.npy,1083,1088,5,2,NA,4,4,False
data/images/nframe_02215.npy,data/images/nframe_02214.npy,2215,2214,1,6,NA,6,6,False
data/images/nframe_03898.npy,data/images/nframe_03899.npy,3898,3899,1,4,NA,5,5,False
data/images/frame_02658.npy,data/images/frame_02660.npy,2658,2660,2,22,NA,3,3,False
data/images/nframe_02593.npy,data/images/nframe_02592.npy,2593,2592,1,0,NA,6,6,False
data/images/nframe_06677.npy,data/images/nframe_09800.npy,6677,9800,3123,2,NA,1,1,False
data/images/frame_03869.npy,data/images/frame_03868.npy,3869,3868,1,16,NA,3,2,False
data/images/nframe_05135.npy,data/images/nframe_05134.npy,5135,5134,1,4,NA,2,2,False
data/images/frame_02470.npy,data/images/frame_02472.npy,2470,2472,2,6,NA,8,8,False
data/images/nframe_01468.npy,data/images/nframe_01467.npy,1468,1467,1,2,NA,13,13,False
data/images/nframe_02635.npy,data/images/nframe_02632.npy,2635,2632,3,4,NA,5,5,False
data/images/frame_01468.npy,data/images/frame_01467.npy,1468,1467,1,10,NA,0,0,False
data/images/nframe_06458.npy,data/images/nframe_06457.npy,6458,6457,1,14,NA,3,2,False
data/images/frame_00595.npy,data/images/frame_00599.npy,595,599,4,0,NA,0,0,False
data/images/frame_00446.npy,data/images/frame_00444.npy,446,444,2,2,NA,1,0,False
data/images/nframe_02933.npy,data/images/nframe_02934.npy,2933,2934,1,2,NA,1,1,False
data/images/nframe_09115.npy,data/images/nframe_09116.npy,9115,9116,1,18,NA,4,2,False
data/images/nframe_00798.npy,data/images/nframe_00799.npy,798,799,1,4,NA,2,2,False
data/images/frame_00656.npy,data/images/frame_00657.npy,656,657,1,14,NA,2,2,False
data/images/frame_02458.npy,data/images/frame_02459.npy,2458,2459,1,8,NA,8,8,False
data/images/nframe_05125.npy,data/images/nframe_05124.npy,5125,5124,1,4,NA,2,2,False
data/images/frame_01698.npy,data/images/frame_01699.npy,1698,1699,1,16,NA,4,4,False
data/images/nframe_04472.npy,data/images/nframe_04473.npy,4472,4473,1,4,NA,3,3,False
data/images/frame_01285.npy,data/images/frame_01283.npy,1285,1283,2,2,NA,1,0,False
data/images/frame_02757.npy,data/images/frame_02758.npy,2757,2758,1,10,NA,7,7,False
data/images/nframe_09404.npy,data/images/nframe_09394.npy,9404,9394,10,78,NA,2,2,False
data/images/frame_02766.npy,data/images/frame_02767.npy,2766,2767,1,2,NA,7,8,False
data/images/nframe_08305.npy,data/images/nframe_08306.npy,8305,8306,1,10,NA,2,2,False
data/images/frame_04043.npy,data/images/frame_04044.npy,4043,4044,1,30,NA,2,2,False
data/images/frame_02888.npy,data/images/frame_02889.npy,2888,2889,1,16,NA,5,5,False
data/images/frame_03889.npy,data/images/frame_03888.npy,3889,3888,1,12,NA,2,2,False
data/images/nframe_02090.npy,data/images/nframe_02088.npy,2090,2088,2,10,NA,4,4,False
data/images/frame_01304.npy,data/images/frame_01303.npy,1304,1303,1,4,NA,2,2,False
data/images/frame_02427.npy,data/images/frame_02426.npy,2427,2426,1,10,NA,7,7,False
data/images/nframe_06981.npy,data/images/nframe_06980.npy,6981,6980,1,6,NA,2,2,False
data/images/frame_02264.npy,data/images/frame_02263.npy,2264,2263,1,36,NA,1,1,False
data/images/nframe_06533.npy,data/images/nframe_06534.npy,6533,6534,1,6,NA,2,2,False
data/images/frame_00050.npy,data/images/frame_00051.npy,50,51,1,4,NA,0,0,False
data/images/frame_02806.npy,data/images/frame_02805.npy,2806,2805,1,2,NA,9,9,False
data/images/nframe_03469.npy,data/images/nframe_03468.npy,3469,3468,1,6,NA,1,1,False
data/images/nframe_03967.npy,data/images/nframe_03968.npy,3967,3968,1,8,NA,3,3,False
data/images/frame_02008.npy,data/images/frame_02009.npy,2008,2009,1,24,NA,3,3,False
data/images/nframe_08025.npy,data/images/nframe_08026.npy,8025,8026,1,6,NA,1,1,False
data/images/frame_00687.npy,data/images/frame_00686.npy,687,686,1,18,NA,2,2,False
data/images/nframe_05211.npy,data/images/nframe_05210.npy,5211,5210,1,14,NA,2,3,False
data/images/nframe_07441.npy,data/images/nframe_07440.npy,7441,7440,1,22,NA,5,3,False
data/images/nframe_07480.npy,data/images/nframe_07481.npy,7480,7481,1,14,NA,3,3,False
data/images/nframe_00983.npy,data/images/nframe_00964.npy,983,964,19,6,NA,3,3,False
data/images/nframe_03973.npy,data/images/nframe_03974.npy,3973,3974,1,4,NA,3,3,False
data/images/frame_00157.npy,data/images/frame_00156.npy,157,156,1,10,NA,4,4,False
data/images/nframe_03344.npy,data/images/nframe_03340.npy,3344,3340,4,6,NA,2,2,False
data/images/nframe_03963.npy,data/images/nframe_03964.npy,3963,3964,1,2,NA,4,4,False
data/images/nframe_02069.npy,data/images/nframe_02068.npy,2069,2068,1,8,NA,4,4,False
data/images/frame_02898.npy,data/images/frame_02900.npy,2898,2900,2,10,NA,4,3,False
data/images/nframe_01785.npy,data/images/nframe_01784.npy,1785,1784,1,8,NA,5,6,False
data/images/nframe_09950.npy,data/images/nframe_09951.npy,9950,9951,1,4,NA,1,1,False
data/images/frame_02327.npy,data/images/frame_02326.npy,2327,2326,1,28,NA,2,2,False
data/images/nframe_04694.npy,data/images/nframe_04696.npy,4694,4696,2,6,NA,1,1,False
data/images/nframe_04984.npy,data/images/nframe_04983.npy,4984,4983,1,46,NA,3,4,False
data/images/frame_03547.npy,data/images/frame_03546.npy,3547,3546,1,4,NA,2,2,False
data/images/frame_02225.npy,data/images/frame_02224.npy,2225,2224,1,8,NA,0,0,False
data/images/nframe_04398.npy,data/images/nframe_04397.npy,4398,4397,1,2,NA,3,3,False
data/images/nframe_02356.npy,data/images/nframe_02355.npy,2356,2355,1,83,NA,1,2,False
data/images/frame_01022.npy,data/images/frame_01021.npy,1022,1021,1,8,NA,3,3,False
data/images/frame_01090.npy,data/images/frame_01101.npy,1090,1101,11,12,NA,0,1,False
data/images/nframe_02034.npy,data/images/nframe_02037.npy,2034,2037,3,6,NA,4,4,False
data/images/frame_03699.npy,data/images/frame_03698.npy,3699,3698,1,0,NA,3,3,False
data/images/nframe_09469.npy,data/images/nframe_09471.npy,9469,9471,2,22,NA,1,1,False
data/images/frame_00736.npy,data/images/frame_00735.npy,736,735,1,8,NA,2,2,False
data/images/frame_03956.npy,data/images/frame_03957.npy,3956,3957,1,26,NA,1,1,False
data/images/frame_00402.npy,data/images/frame_00404.npy,402,404,2,4,NA,0,0,False
data/images/frame_01004.npy,data/images/frame_01003.npy,1004,1003,1,8,NA,4,4,False
data/images/nframe_05725.npy,data/images/nframe_05724.npy,5725,5724,1,10,NA,1,1,False
data/images/frame_00360.npy,data/images/frame_00358.npy,360,358,2,2,NA,1,1,False
data/images/nframe_02554.npy,data/images/nframe_02552.npy,2554,2552,2,6,NA,6,6,False
data/images/frame_02477.npy,data/images/frame_02475.npy,2477,2475,2,16,NA,8,8,False
data/images/frame_00953.npy,data/images/frame_00957.npy,953,957,4,8,NA,4,5,False
data/images/nframe_07575.npy,data/images/nframe_07574.npy,7575,7574,1,6,NA,1,1,False
data/images/nframe_08289.npy,data/images/nframe_08288.npy,8289,8288,1,4,NA,1,1,False
data/images/nframe_02602.npy,data/images/nframe_02601.npy,2602,2601,1,0,NA,7,6,False
data/images/frame_00278.npy,data/images/nframe_07497.npy,278,7497,7219,32,NA,2,4,False
data/images/nframe_01669.npy,data/images/nframe_01670.npy,1669,1670,1,2,NA,8,8,False
data/images/frame_02659.npy,data/images/frame_02660.npy,2659,2660,1,16,NA,3,3,False
data/images/nframe_02327.npy,data/images/frame_00379.npy,2327,379,1948,78,NA,2,1,False
data/images/nframe_00923.npy,data/images/nframe_00921.npy,923,921,2,8,NA,2,2,False
data/images/frame_03701.npy,data/images/frame_03698.npy,3701,3698,3,8,NA,3,3,False
data/images/nframe_04805.npy,data/images/nframe_04804.npy,4805,4804,1,12,NA,1,1,False
data/images/nframe_02307.npy,data/images/nframe_03339.npy,2307,3339,1032,74,NA,3,2,False
data/images/nframe_00734.npy,data/images/nframe_00733.npy,734,733,1,2,NA,2,2,False
data/images/nframe_01838.npy,data/images/nframe_01839.npy,1838,1839,1,2,NA,3,3,False
data/images/frame_00627.npy,data/images/frame_00626.npy,627,626,1,0,NA,0,0,False
data/images/frame_03418.npy,data/images/frame_03419.npy,3418,3419,1,6,NA,6,6,False
data/images/frame_00969.npy,data/images/frame_00970.npy,969,970,1,20,NA,5,5,False
data/images/nframe_03367.npy,data/images/nframe_03366.npy,3367,3366,1,8,NA,2,2,False
data/images/nframe_01450.npy,data/images/nframe_01451.npy,1450,1451,1,2,NA,13,13,False
data/images/nframe_01860.npy,data/images/nframe_01861.npy,1860,1861,1,4,NA,2,4,False
data/images/nframe_09902.npy,data/images/nframe_00968.npy,9902,968,8934,50,NA,1,3,False
data/images/nframe_09389.npy,data/images/frame_02546.npy,9389,2546,6843,74,NA,3,6,False
data/images/frame_02251.npy,data/images/frame_02252.npy,2251,2252,1,18,NA,0,0,False
data/images/nframe_00908.npy,data/images/nframe_00899.npy,908,899,9,6,NA,2,2,False
data/images/frame_01290.npy,data/images/frame_01291.npy,1290,1291,1,10,NA,1,1,False
data/images/nframe_01817.npy,data/images/nframe_01816.npy,1817,1816,1,6,NA,5,5,False
data/images/nframe_07683.npy,data/images/nframe_07682.npy,7683,7682,1,6,NA,1,1,False
data/images/nframe_05514.npy,data/images/nframe_05516.npy,5514,5516,2,6,NA,2,2,False
data/images/nframe_06431.npy,data/images/nframe_06432.npy,6431,6432,1,10,NA,3,2,False
data/images/frame_02671.npy,data/images/frame_02675.npy,2671,2675,4,18,NA,5,5,False
data/images/nframe_07865.npy,data/images/nframe_07864.npy,7865,7864,1,16,NA,2,2,False
data/images/nframe_08431.npy,data/images/nframe_08433.npy,8431,8433,2,2,NA,5,6,False
data/images/frame_00207.npy,data/images/frame_00208.npy,207,208,1,12,NA,2,2,False
data/images/nframe_01731.npy,data/images/nframe_01732.npy,1731,1732,1,12,NA,7,5,False
data/images/nframe_05094.npy,data/images/nframe_05095.npy,5094,5095,1,6,NA,2,1,False
data/images/nframe_05694.npy,data/images/nframe_05693.npy,5694,5693,1,26,NA,2,2,False
data/images/nframe_02639.npy,data/images/nframe_02640.npy,2639,2640,1,8,NA,5,5,False
data/images/nframe_07360.npy,data/images/nframe_09800.npy,7360,9800,2440,5,NA,1,1,False
data/images/frame_00426.npy,data/images/frame_00427.npy,426,427,1,6,NA,1,1,False
data/images/frame_01769.npy,data/images/frame_01770.npy,1769,1770,1,20,NA,0,0,False
data/images/nframe_09122.npy,data/images/nframe_09123.npy,9122,9123,1,6,NA,3,3,False
data/images/frame_02171.npy,data/images/frame_02172.npy,2171,2172,1,12,NA,0,0,False
data/images/nframe_02555.npy,data/images/nframe_02556.npy,2555,2556,1,8,NA,6,6,False
data/images/nframe_03376.npy,data/images/nframe_03378.npy,3376,3378,2,6,NA,2,2,False
data/images/frame_03828.npy,data/images/frame_03910.npy,3828,3910,82,68,NA,2,1,False
data/images/frame_02164.npy,data/images/frame_02167.npy,2164,2167,3,18,NA,0,0,False
data/images/frame_03855.npy,data/images/frame_03862.npy,3855,3862,7,26,NA,4,2,False
data/images/nframe_08441.npy,data/images/nframe_08440.npy,8441,8440,1,4,NA,4,3,False
data/images/nframe_08222.npy,data/images/nframe_08220.npy,8222,8220,2,4,NA,2,2,False
data/images/nframe_06464.npy,data/images/nframe_06465.npy,6464,6465,1,18,NA,4,2,False
data/images/frame_03383.npy,data/images/frame_03384.npy,3383,3384,1,8,NA,3,3,False
data/images/frame_02221.npy,data/images/frame_02222.npy,2221,2222,1,4,NA,0,0,False
data/images/frame_01252.npy,data/images/frame_01253.npy,1252,1253,1,12,NA,1,2,False
data/images/nframe_06807.npy,data/images/nframe_06808.npy,6807,6808,1,10,NA,1,1,False
data/images/frame_02896.npy,data/images/frame_02895.npy,2896,2895,1,10,NA,5,5,False
data/images/frame_02543.npy,data/images/frame_02539.npy,2543,2539,4,22,NA,7,7,False
data/images/nframe_03642.npy,data/images/nframe_03643.npy,3642,3643,1,6,NA,1,1,False
data/images/frame_02127.npy,data/images/frame_02128.npy,2127,2128,1,6,NA,0,0,False
data/images/frame_00414.npy,data/images/frame_00416.npy,414,416,2,2,NA,0,0,False
data/images/nframe_02776.npy,data/images/nframe_02777.npy,2776,2777,1,6,NA,2,3,False
data/images/nframe_02054.npy,data/images/nframe_02055.npy,2054,2055,1,2,NA,3,3,False
data/images/nframe_06620.npy,data/images/nframe_06619.npy,6620,6619,1,8,NA,2,1,False
data/images/nframe_07812.npy,data/images/nframe_07811.npy,7812,7811,1,14,NA,1,2,False
data/images/frame_00253.npy,data/images/frame_00254.npy,253,254,1,4,NA,1,0,False
data/images/frame_02249.npy,data/images/frame_02248.npy,2249,2248,1,16,NA,0,0,False
data/images/frame_02807.npy,data/images/frame_02805.npy,2807,2805,2,6,NA,9,9,False
data/images/nframe_01369.npy,data/images/nframe_01370.npy,1369,1370,1,2,NA,8,8,False
data/images/nframe_05503.npy,data/images/nframe_05504.npy,5503,5504,1,6,NA,1,2,False
data/images/nframe_02878.npy,data/images/nframe_02876.npy,2878,2876,2,4,NA,1,1,False
data/images/frame_03827.npy,data/images/frame_03874.npy,3827,3874,47,32,NA,4,4,False
data/images/nframe_02044.npy,data/images/nframe_02043.npy,2044,2043,1,0,NA,4,5,False
data/images/nframe_01712.npy,data/images/nframe_01711.npy,1712,1711,1,0,NA,7,7,False
data/images/nframe_07142.npy,data/images/nframe_07141.npy,7142,7141,1,8,NA,2,2,False
data/images/frame_01061.npy,data/images/frame_01060.npy,1061,1060,1,6,NA,3,3,False
data/images/nframe_09442.npy,data/images/nframe_09441.npy,9442,9441,1,0,NA,1,1,False
data/images/frame_03630.npy,data/images/frame_03627.npy,3630,3627,3,4,NA,3,3,False
data/images/nframe_01292.npy,data/images/nframe_01293.npy,1292,1293,1,4,NA,5,5,False
data/images/nframe_07693.npy,data/images/nframe_07694.npy,7693,7694,1,8,NA,1,3,False
data/images/frame_03761.npy,data/images/frame_03760.npy,3761,3760,1,22,NA,3,4,False
data/images/nframe_02644.npy,data/images/nframe_02645.npy,2644,2645,1,4,NA,4,5,False
data/images/nframe_08024.npy,data/images/nframe_08023.npy,8024,8023,1,4,NA,1,1,False
data/images/frame_01937.npy,data/images/frame_01938.npy,1937,1938,1,12,NA,0,0,False
data/images/nframe_01126.npy,data/images/nframe_01125.npy,1126,1125,1,12,NA,4,3,False
data/images/nframe_08466.npy,data/images/nframe_08467.npy,8466,8467,1,12,NA,9,8,False
data/images/frame_01995.npy,data/images/frame_01996.npy,1995,1996,1,2,NA,3,3,False
data/images/nframe_08536.npy,data/images/nframe_08535.npy,8536,8535,1,0,NA,12,14,False
data/images/nframe_04490.npy,data/images/nframe_04489.npy,4490,4489,1,4,NA,2,2,False
data/images/nframe_07003.npy,data/images/nframe_07002.npy,7003,7002,1,6,NA,2,2,False
data/images/nframe_07510.npy,data/images/nframe_07512.npy,7510,7512,2,16,NA,5,5,False
data/images/nframe_08577.npy,data/images/nframe_08578.npy,8577,8578,1,2,NA,7,6,False
data/images/nframe_01332.npy,data/images/nframe_01331.npy,1332,1331,1,12,NA,4,4,False
data/images/frame_03572.npy,data/images/frame_03570.npy,3572,3570,2,10,NA,2,4,False
data/images/frame_04075.npy,data/images/frame_04074.npy,4075,4074,1,26,NA,2,2,False
data/images/nframe_04243.npy,data/images/nframe_04242.npy,4243,4242,1,0,NA,1,1,False
data/images/frame_02827.npy,data/images/frame_02826.npy,2827,2826,1,4,NA,6,6,False
data/images/frame_01620.npy,data/images/frame_01621.npy,1620,1621,1,10,NA,3,3,False
data/images/frame_01945.npy,data/images/frame_01949.npy,1945,1949,4,6,NA,0,1,False
data/images/frame_00271.npy,data/images/frame_00272.npy,271,272,1,12,NA,0,0,False
data/images/frame_03797.npy,data/images/frame_03796.npy,3797,3796,1,28,NA,4,5,False
data/images/nframe_01127.npy,data/images/nframe_01128.npy,1127,1128,1,12,NA,4,4,False
data/images/nframe_00938.npy,data/images/nframe_00939.npy,938,939,1,4,NA,3,3,False
data/images/nframe_07520.npy,data/images/nframe_07519.npy,7520,7519,1,6,NA,4,4,False
data/images/nframe_05201.npy,data/images/nframe_05202.npy,5201,5202,1,6,NA,2,3,False
data/images/nframe_06982.npy,data/images/nframe_06980.npy,6982,6980,2,6,NA,2,2,False
data/images/nframe_04816.npy,data/images/nframe_04815.npy,4816,4815,1,6,NA,1,1,False
data/images/nframe_01532.npy,data/images/nframe_01531.npy,1532,1531,1,4,NA,9,9,False
data/images/frame_03296.npy,data/images/frame_03297.npy,3296,3297,1,12,NA,1,1,False
data/images/nframe_07600.npy,data/images/nframe_07599.npy,7600,7599,1,0,NA,3,3,False
data/images/nframe_01347.npy,data/images/nframe_01348.npy,1347,1348,1,0,NA,7,7,False
data/images/nframe_07891.npy,data/images/nframe_07890.npy,7891,7890,1,8,NA,1,2,False
data/images/frame_01757.npy,data/images/frame_01758.npy,1757,1758,1,20,NA,2,2,False
data/images/nframe_04688.npy,data/images/nframe_04689.npy,4688,4689,1,8,NA,1,1,False
data/images/nframe_01912.npy,data/images/nframe_01913.npy,1912,1913,1,6,NA,4,4,False
data/images/nframe_02532.npy,data/images/nframe_02533.npy,2532,2533,1,8,NA,6,6,False
data/images/nframe_01240.npy,data/images/nframe_01239.npy,1240,1239,1,0,NA,3,3,False
data/images/frame_02098.npy,data/images/frame_02097.npy,2098,2097,1,2,NA,1,1,False
data/images/frame_03605.npy,data/images/frame_03608.npy,3605,3608,3,6,NA,3,3,False
data/images/nframe_05707.npy,data/images/nframe_05708.npy,5707,5708,1,12,NA,3,2,False
data/images/nframe_00736.npy,data/images/nframe_00735.npy,736,735,1,6,NA,1,1,False
data/images/frame_02955.npy,data/images/frame_02957.npy,2955,2957,2,4,NA,1,1,False
data/images/frame_00644.npy,data/images/frame_00643.npy,644,643,1,4,NA,1,1,False
data/images/nframe_03538.npy,data/images/nframe_03539.npy,3538,3539,1,2,NA,1,1,False
data/images/nframe_07923.npy,data/images/nframe_07924.npy,7923,7924,1,14,NA,3,3,False
data/images/nframe_04468.npy,data/images/nframe_04467.npy,4468,4467,1,6,NA,3,2,False
data/images/frame_01263.npy,data/images/frame_01262.npy,1263,1262,1,12,NA,1,2,False
data/images/nframe_04788.npy,data/images/nframe_04787.npy,4788,4787,1,16,NA,2,2,False
data/images/frame_03497.npy,data/images/frame_03496.npy,3497,3496,1,10,NA,4,6,False
data/images/nframe_04113.npy,data/images/nframe_04114.npy,4113,4114,1,0,NA,1,1,False
data/images/frame_02519.npy,data/images/frame_02520.npy,2519,2520,1,4,NA,10,10,False
data/images/frame_01617.npy,data/images/frame_01621.npy,1617,1621,4,10,NA,3,3,False
data/images/frame_03950.npy,data/images/frame_03951.npy,3950,3951,1,4,NA,2,2,False
data/images/frame_01334.npy,data/images/frame_01331.npy,1334,1331,3,32,NA,2,2,False
data/images/nframe_08488.npy,data/images/nframe_08489.npy,8488,8489,1,6,NA,10,10,False
data/images/frame_01935.npy,data/images/frame_01934.npy,1935,1934,1,8,NA,0,0,False
data/images/nframe_04779.npy,data/images/nframe_04780.npy,4779,4780,1,8,NA,2,2,False
data/images/nframe_05175.npy,data/images/nframe_05176.npy,5175,5176,1,2,NA,3,3,False
data/images/nframe_09909.npy,data/images/nframe_09905.npy,9909,9905,4,16,NA,2,2,False
data/images/nframe_04020.npy,data/images/nframe_04019.npy,4020,4019,1,10,NA,1,1,False
data/images/frame_00777.npy,data/images/frame_00778.npy,777,778,1,8,NA,2,2,False
data/images/nframe_04743.npy,data/images/nframe_04744.npy,4743,4744,1,10,NA,3,2,False
data/images/nframe_06441.npy,data/images/nframe_06445.npy,6441,6445,4,38,NA,3,2,False
data/images/nframe_09846.npy,data/images/nframe_09845.npy,9846,9845,1,8,NA,3,4,False
data/images/frame_00150.npy,data/images/frame_00151.npy,150,151,1,18,NA,3,3,False
data/images/frame_01185.npy,data/images/frame_01186.npy,1185,1186,1,4,NA,0,0,False
data/images/nframe_07793.npy,data/images/nframe_07794.npy,7793,7794,1,10,NA,2,2,False
data/images/nframe_01684.npy,data/images/nframe_01685.npy,1684,1685,1,4,NA,7,7,False
data/images/frame_00729.npy,data/images/frame_00730.npy,729,730,1,8,NA,2,2,False
data/images/frame_03931.npy,data/images/frame_03930.npy,3931,3930,1,10,NA,4,4,False
data/images/nframe_02322.npy,data/images/nframe_06788.npy,2322,6788,4466,76,NA,2,1,False
data/images/nframe_05533.npy,data/images/nframe_05532.npy,5533,5532,1,4,NA,3,3,False
data/images/nframe_00834.npy,data/images/nframe_00833.npy,834,833,1,0,NA,2,2,False
data/images/nframe_03377.npy,data/images/nframe_03378.npy,3377,3378,1,4,NA,2,2,False
data/images/nframe_07121.npy,data/images/nframe_07122.npy,7121,7122,1,14,NA,1,1,False
data/images/nframe_01789.npy,data/images/nframe_01790.npy,1789,1790,1,4,NA,6,7,False
data/images/nframe_01610.npy,data/images/nframe_01630.npy,1610,1630,20,8,NA,7,6,False
data/images/nframe_00770.npy,data/images/nframe_00769.npy,770,769,1,4,NA,2,2,False
data/images/frame_03303.npy,data/images/frame_03302.npy,3303,3302,1,2,NA,2,2,False
data/images/frame_03076.npy,data/images/frame_03075.npy,3076,3075,1,8,NA,2,2,False
data/images/nframe_02428.npy,data/images/nframe_02425.npy,2428,2425,3,20,NA,2,1,False
data/images/nframe_07249.npy,data/images/nframe_07248.npy,7249,7248,1,12,NA,1,1,False
data/images/frame_03433.npy,data/images/frame_03434.npy,3433,3434,1,12,NA,6,6,False
data/images/frame_01312.npy,data/images/frame_01313.npy,1312,1313,1,8,NA,3,2,False
data/images/nframe_02804.npy,data/images/nframe_02805.npy,2804,2805,1,4,NA,1,3,False
data/images/frame_03115.npy,data/images/frame_03116.npy,3115,3116,1,22,NA,3,3,False
data/images/frame_00726.npy,data/images/frame_00725.npy,726,725,1,16,NA,2,2,False
data/images/nframe_07208.npy,data/images/nframe_07209.npy,7208,7209,1,6,NA,1,2,False
data/images/frame_00472.npy,data/images/frame_00473.npy,472,473,1,0,NA,0,0,False
data/images/nframe_00848.npy,data/images/nframe_00849.npy,848,849,1,0,NA,2,2,False
data/images/nframe_02009.npy,data/images/nframe_02008.npy,2009,2008,1,0,NA,4,4,False
data/images/nframe_05096.npy,data/images/nframe_05097.npy,5096,5097,1,0,NA,1,1,False
data/images/nframe_07516.npy,data/images/nframe_07515.npy,7516,7515,1,0,NA,5,5,False
data/images/nframe_01972.npy,data/images/nframe_01971.npy,1972,1971,1,10,NA,4,4,False
data/images/nframe_01902.npy,data/images/nframe_01901.npy,1902,1901,1,6,NA,3,3,False
data/images/frame_01402.npy,data/images/frame_01403.npy,1402,1403,1,14,NA,3,3,False
data/images/frame_01676.npy,data/images/frame_01675.npy,1676,1675,1,10,NA,4,4,False
data/images/nframe_02246.npy,data/images/nframe_02245.npy,2246,2245,1,4,NA,3,4,False
data/images/frame_03159.npy,data/images/frame_03155.npy,3159,3155,4,10,NA,5,5,False
data/images/nframe_05063.npy,data/images/nframe_05064.npy,5063,5064,1,10,NA,2,2,False
data/images/frame_03620.npy,data/images/frame_03619.npy,3620,3619,1,14,NA,3,3,False
data/images/nframe_07903.npy,data/images/nframe_07904.npy,7903,7904,1,10,NA,1,1,False
data/images/nframe_03657.npy,data/images/nframe_03656.npy,3657,3656,1,8,NA,1,1,False
data/images/frame_03639.npy,data/images/frame_03635.npy,3639,3635,4,16,NA,3,3,False
data/images/nframe_04482.npy,data/images/nframe_04483.npy,4482,4483,1,6,NA,3,2,False
data/images/frame_01043.npy,data/images/frame_01042.npy,1043,1042,1,0,NA,2,2,False
data/images/frame_02300.npy,data/images/frame_02299.npy,2300,2299,1,12,NA,0,0,False
data/images/frame_00116.npy,data/images/frame_00114.npy,116,114,2,8,NA,2,2,False
data/images/nframe_09168.npy,data/images/nframe_09170.npy,9168,9170,2,22,NA,1,2,False
data/images/frame_00063.npy,data/images/frame_00064.npy,63,64,1,12,NA,1,1,False
data/images/nframe_02495.npy,data/images/nframe_02494.npy,2495,2494,1,16,NA,4,4,False
data/images/frame_02668.npy,data/images/frame_02667.npy,2668,2667,1,10,NA,4,4,False
data/images/frame_00861.npy,data/images/frame_00862.npy,861,862,1,18,NA,4,4,False
data/images/frame_00717.npy,data/images/frame_00716.npy,717,716,1,20,NA,3,3,False
data/images/frame_00691.npy,data/images/frame_00690.npy,691,690,1,10,NA,2,2,False
data/images/nframe_01018.npy,data/images/nframe_01017.npy,1018,1017,1,2,NA,3,3,False
data/images/nframe_02208.npy,data/images/nframe_02211.npy,2208,2211,3,6,NA,6,5,False
data/images/frame_03529.npy,data/images/frame_03530.npy,3529,3530,1,10,NA,3,3,False
data/images/nframe_05427.npy,data/images/nframe_05425.npy,5427,5425,2,0,NA,3,3,False
data/images/nframe_00835.npy,data/images/nframe_00837.npy,835,837,2,6,NA,2,2,False
data/images/nframe_05710.npy,data/images/nframe_05709.npy,5710,5709,1,14,NA,1,1,False
data/images/nframe_05078.npy,data/images/nframe_05079.npy,5078,5079,1,2,NA,2,2,False
data/images/nframe_08417.npy,data/images/nframe_08418.npy,8417,8418,1,12,NA,6,4,False
data/images/nframe_04529.npy,data/images/nframe_04530.npy,4529,4530,1,4,NA,3,3,False
data/images/nframe_09877.npy,data/images/nframe_09876.npy,9877,9876,1,14,NA,3,3,False
data/images/nframe_07020.npy,data/images/nframe_07021.npy,7020,7021,1,6,NA,1,1,False
data/images/frame_00883.npy,data/images/frame_00882.npy,883,882,1,28,NA,5,5,False
data/images/nframe_05138.npy,data/images/nframe_05139.npy,5138,5139,1,6,NA,2,2,False
data/images/nframe_04008.npy,data/images/nframe_04007.npy,4008,4007,1,16,NA,1,2,False
data/images/nframe_02548.npy,data/images/nframe_02549.npy,2548,2549,1,0,NA,6,6,False
data/images/nframe_01330.npy,data/images/nframe_01329.npy,1330,1329,1,4,NA,4,4,False
data/images/nframe_06948.npy,data/images/nframe_06949.npy,6948,6949,1,10,NA,1,1,False
data/images/frame_01419.npy,data/images/frame_01418.npy,1419,1418,1,26,NA,1,1,False
data/images/nframe_01547.npy,data/images/nframe_01546.npy,1547,1546,1,14,NA,8,9,False
data/images/frame_03818.npy,data/images/frame_03816.npy,3818,3816,2,16,NA,4,5,False
data/images/frame_02840.npy,data/images/frame_02842.npy,2840,2842,2,0,NA,5,5,False
data/images/frame_00933.npy,data/images/frame_00960.npy,933,960,27,14,NA,5,6,False
data/images/nframe_02721.npy,data/images/nframe_02722.npy,2721,2722,1,4,NA,3,3,False
data/images/nframe_09864.npy,data/images/nframe_09870.npy,9864,9870,6,28,NA,1,1,False
data/images/nframe_09179.npy,data/images/nframe_09180.npy,9179,9180,1,4,NA,1,1,False
data/images/frame_03834.npy,data/images/frame_03853.npy,3834,3853,19,62,NA,4,4,False
data/images/frame_00545.npy,data/images/frame_00547.npy,545,547,2,2,NA,0,0,False
data/images/nframe_03437.npy,data/images/nframe_03438.npy,3437,3438,1,4,NA,2,2,False
data/images/frame_00815.npy,data/images/frame_00817.npy,815,817,2,20,NA,2,2,False
data/images/nframe_08508.npy,data/images/nframe_08509.npy,8508,8509,1,8,NA,11,13,False
data/images/frame_03346.npy,data/images/frame_03345.npy,3346,3345,1,6,NA,1,1,False
data/images/nframe_04761.npy,data/images/nframe_04762.npy,4761,4762,1,6,NA,1,1,False
data/images/frame_03214.npy,data/images/frame_03215.npy,3214,3215,1,8,NA,4,3,False
data/images/frame_03607.npy,data/images/frame_03608.npy,3607,3608,1,6,NA,3,3,False
data/images/nframe_03457.npy,data/images/nframe_03458.npy,3457,3458,1,4,NA,2,2,False
data/images/nframe_06373.npy,data/images/nframe_06372.npy,6373,6372,1,10,NA,1,1,False
data/images/nframe_04474.npy,data/images/nframe_04476.npy,4474,4476,2,0,NA,2,2,False
data/images/nframe_03446.npy,data/images/nframe_03447.npy,3446,3447,1,8,NA,2,2,False
data/images/nframe_02484.npy,data/images/nframe_02490.npy,2484,2490,6,8,NA,4,4,False
data/images/nframe_04865.npy,data/images/nframe_04866.npy,4865,4866,1,20,NA,2,2,False
data/images/frame_03060.npy,data/images/frame_03061.npy,3060,3061,1,8,NA,2,2,False
data/images/frame_03422.npy,data/images/frame_03421.npy,3422,3421,1,12,NA,5,5,False
data/images/frame_02117.npy,data/images/frame_02116.npy,2117,2116,1,2,NA,1,1,False
data/images/nframe_01854.npy,data/images/nframe_01855.npy,1854,1855,1,16,NA,3,3,False
data/images/nframe_07243.npy,data/images/nframe_07242.npy,7243,7242,1,8,NA,2,2,False
data/images/frame_02416.npy,data/images/frame_02417.npy,2416,2417,1,4,NA,8,8,False
data/images/nframe_04957.npy,data/images/nframe_04956.npy,4957,4956,1,16,NA,2,1,False
data/images/frame_02425.npy,data/images/frame_02426.npy,2425,2426,1,8,NA,6,7,False
data/images/nframe_04695.npy,data/images/nframe_04696.npy,4695,4696,1,6,NA,1,1,False
data/images/nframe_08694.npy,data/images/nframe_08704.npy,8694,8704,10,4,NA,3,3,False
data/images/nframe_02101.npy,data/images/nframe_02102.npy,2101,2102,1,8,NA,4,4,False
data/images/frame_02756.npy,data/images/frame_02770.npy,2756,2770,14,12,NA,7,8,False
data/images/nframe_03368.npy,data/images/nframe_03387.npy,3368,3387,19,14,NA,2,2,False
data/images/nframe_09931.npy,data/images/nframe_09932.npy,9931,9932,1,4,NA,1,1,False
data/images/nframe_05181.npy,data/images/nframe_05180.npy,5181,5180,1,0,NA,3,3,False
data/images/nframe_04586.npy,data/images/nframe_04581.npy,4586,4581,5,2,NA,1,1,False
data/images/frame_01727.npy,data/images/frame_01726.npy,1727,1726,1,8,NA,3,3,False
data/images/frame_03132.npy,data/images/frame_03133.npy,3132,3133,1,14,NA,4,4,False
data/images/nframe_01387.npy,data/images/nframe_01388.npy,1387,1388,1,8,NA,9,9,False
data/images/nframe_08277.npy,data/images/nframe_08278.npy,8277,8278,1,2,NA,2,2,False
data/images/frame_02304.npy,data/images/frame_02303.npy,2304,2303,1,12,NA,2,2,False
data/images/frame_03714.npy,data/images/frame_03715.npy,3714,3715,1,10,NA,4,3,False
data/images/nframe_01464.npy,data/images/nframe_01463.npy,1464,1463,1,6,NA,14,13,False
data/images/nframe_01091.npy,data/images/nframe_01090.npy,1091,1090,1,10,NA,4,4,False
data/images/frame_00061.npy,data/images/frame_00062.npy,61,62,1,10,NA,1,1,False
data/images/frame_01903.npy,data/images/frame_01902.npy,1903,1902,1,6,NA,0,0,False
data/images/frame_00674.npy,data/images/frame_00673.npy,674,673,1,4,NA,2,2,False
data/images/nframe_02683.npy,data/images/nframe_02684.npy,2683,2684,1,8,NA,1,1,False
data/images/frame_00105.npy,data/images/frame_00104.npy,105,104,1,8,NA,2,2,False
data/images/nframe_03634.npy,data/images/nframe_03635.npy,3634,3635,1,16,NA,1,1,False
data/images/frame_01333.npy,data/images/frame_01331.npy,1333,1331,2,18,NA,2,2,False
data/images/frame_01088.npy,data/images/frame_01084.npy,1088,1084,4,16,NA,0,0,False
data/images/nframe_07367.npy,data/images/nframe_07368.npy,7367,7368,1,0,NA,1,1,False
data/images/frame_00165.npy,data/images/frame_00166.npy,165,166,1,28,NA,4,4,False
data/images/nframe_03480.npy,data/images/nframe_03482.npy,3480,3482,2,4,NA,1,1,False
data/images/nframe_05358.npy,data/images/nframe_05357.npy,5358,5357,1,2,NA,2,2,False
data/images/nframe_08686.npy,data/images/nframe_08687.npy,8686,8687,1,4,NA,4,3,False
data/images/frame_00418.npy,data/images/frame_00417.npy,418,417,1,2,NA,0,0,False
data/images/frame_03534.npy,data/images/frame_03533.npy,3534,3533,1,8,NA,3,3,False
data/images/frame_00858.npy,data/images/frame_00857.npy,858,857,1,6,NA,5,4,False
data/images/nframe_06444.npy,data/images/nframe_06445.npy,6444,6445,1,0,NA,2,2,False
data/images/frame_02339.npy,data/images/frame_02338.npy,2339,2338,1,26,NA,4,4,False
data/images/nframe_01592.npy,data/images/nframe_01591.npy,1592,1591,1,8,NA,6,6,False
data/images/nframe_04863.npy,data/images/nframe_04862.npy,4863,4862,1,12,NA,2,2,False
data/images/frame_00986.npy,data/images/frame_00987.npy,986,987,1,12,NA,5,4,False
data/images/nframe_06388.npy,data/images/nframe_07213.npy,6388,7213,825,50,NA,3,2,False
data/images/nframe_09114.npy,data/images/nframe_09113.npy,9114,9113,1,20,NA,4,4,False
data/images/nframe_06549.npy,data/images/nframe_06550.npy,6549,6550,1,10,NA,2,1,False
data/images/nframe_05688.npy,data/images/nframe_05687.npy,5688,5687,1,18,NA,2,2,False
data/images/nframe_08876.npy,data/images/nframe_08877.npy,8876,8877,1,8,NA,1,1,False
data/images/frame_03571.npy,data/images/frame_03570.npy,3571,3570,1,12,NA,4,4,False
data/images/nframe_09395.npy,data/images/nframe_07626.npy,9395,7626,1769,70,NA,2,2,False
data/images/nframe_05377.npy,data/images/nframe_05378.npy,5377,5378,1,8,NA,3,4,False
data/images/nframe_02564.npy,data/images/nframe_02566.npy,2564,2566,2,4,NA,6,6,False
data/images/nframe_01572.npy,data/images/nframe_01571.npy,1572,1571,1,20,NA,10,10,False
data/images/nframe_07933.npy,data/images/nframe_07932.npy,7933,7932,1,0,NA,4,4,False
data/images/frame_02286.npy,data/images/frame_02287.npy,2286,2287,1,34,NA,0,0,False
data/images/nframe_05299.npy,data/images/nframe_05333.npy,5299,5333,34,10,NA,2,2,False
data/images/nframe_08583.npy,data/images/nframe_08585.npy,8583,8585,2,4,NA,6,6,False
data/images/nframe_03841.npy,data/images/nframe_03840.npy,3841,3840,1,4,NA,1,1,False
data/images/nframe_03320.npy,data/images/nframe_03321.npy,3320,3321,1,6,NA,2,2,False
data/images/frame_01974.npy,data/images/frame_01963.npy,1974,1963,11,16,NA,2,1,False
data/images/frame_02020.npy,data/images/frame_02019.npy,2020,2019,1,12,NA,4,4,False
data/images/frame_02573.npy,data/images/frame_02574.npy,2573,2574,1,6,NA,5,5,False
data/images/frame_02257.npy,data/images/frame_02256.npy,2257,2256,1,24,NA,0,0,False
data/images/nframe_08201.npy,data/images/nframe_08199.npy,8201,8199,2,20,NA,3,3,False
data/images/nframe_02855.npy,data/images/nframe_02853.npy,2855,2853,2,0,NA,2,3,False
data/images/nframe_04830.npy,data/images/nframe_04831.npy,4830,4831,1,12,NA,2,2,False
data/images/nframe_01460.npy,data/images/nframe_01461.npy,1460,1461,1,6,NA,13,13,False
data/images/nframe_01233.npy,data/images/nframe_01232.npy,1233,1232,1,10,NA,3,3,False
data/images/nframe_03877.npy,data/images/nframe_03876.npy,3877,3876,1,0,NA,3,3,False
data/images/nframe_07642.npy,data/images/nframe_07641.npy,7642,7641,1,12,NA,3,3,False
data/images/nframe_03998.npy,data/images/nframe_03997.npy,3998,3997,1,6,NA,1,1,False
data/images/nframe_08967.npy,data/images/nframe_08968.npy,8967,8968,1,6,NA,2,4,False
data/images/nframe_07442.npy,data/images/nframe_07443.npy,7442,7443,1,22,NA,5,5,False
data/images/frame_03445.npy,data/images/frame_03444.npy,3445,3444,1,6,NA,7,7,False
data/images/nframe_09225.npy,data/images/nframe_09224.npy,9225,9224,1,6,NA,1,1,False
data/images/nframe_08296.npy,data/images/nframe_08295.npy,8296,8295,1,0,NA,2,1,False
data/images/frame_02202.npy,data/images/frame_02203.npy,2202,2203,1,14,NA,1,0,False
data/images/nframe_07169.npy,data/images/nframe_07170.npy,7169,7170,1,8,NA,2,2,False
data/images/nframe_01301.npy,data/images/nframe_01300.npy,1301,1300,1,0,NA,5,5,False
data/images/nframe_01416.npy,data/images/nframe_01414.npy,1416,1414,2,12,NA,12,12,False
data/images/nframe_04247.npy,data/images/nframe_04246.npy,4247,4246,1,12,NA,2,1,False
data/images/frame_01115.npy,data/images/frame_01116.npy,1115,1116,1,12,NA,1,1,False
data/images/frame_02679.npy,data/images/frame_02685.npy,2679,2685,6,24,NA,5,5,False
data/images/nframe_00723.npy,data/images/nframe_00756.npy,723,756,33,14,NA,1,1,False
data/images/nframe_07422.npy,data/images/nframe_07423.npy,7422,7423,1,24,NA,4,4,False
data/images/frame_01936.npy,data/images/frame_01934.npy,1936,1934,2,4,NA,0,0,False
data/images/nframe_02252.npy,data/images/nframe_02253.npy,2252,2253,1,2,NA,4,4,False
data/images/nframe_07479.npy,data/images/nframe_07478.npy,7479,7478,1,14,NA,3,3,False
data/images/nframe_01681.npy,data/images/nframe_01682.npy,1681,1682,1,10,NA,8,7,False
data/images/nframe_00962.npy,data/images/nframe_00969.npy,962,969,7,8,NA,3,3,False
data/images/frame_01154.npy,data/images/frame_01153.npy,1154,1153,1,10,NA,0,0,False
data/images/frame_00580.npy,data/images/frame_00592.npy,580,592,12,4,NA,0,0,False
data/images/frame_01396.npy,data/images/frame_01394.npy,1396,1394,2,26,NA,3,3,False
data/images/frame_03211.npy,data/images/frame_03210.npy,3211,3210,1,8,NA,4,4,False
data/images/nframe_01312.npy,data/images/nframe_01314.npy,1312,1314,2,6,NA,5,6,False
data/images/nframe_02561.npy,data/images/nframe_02562.npy,2561,2562,1,12,NA,7,6,False
data/images/nframe_09403.npy,data/images/nframe_06937.npy,9403,6937,2466,78,NA,2,1,False
data/images/frame_01671.npy,data/images/frame_01672.npy,1671,1672,1,24,NA,6,5,False
data/images/nframe_04873.npy,data/images/nframe_04871.npy,4873,4871,2,36,NA,2,2,False
data/images/nframe_03652.npy,data/images/nframe_03651.npy,3652,3651,1,14,NA,1,1,False
data/images/nframe_08428.npy,data/images/nframe_08429.npy,8428,8429,1,8,NA,6,6,False
data/images/nframe_07354.npy,data/images/nframe_07353.npy,7354,7353,1,30,NA,1,1,False
data/images/nframe_03690.npy,data/images/nframe_03689.npy,3690,3689,1,0,NA,1,1,False
data/images/nframe_00865.npy,data/images/nframe_00867.npy,865,867,2,4,NA,2,2,False
data/images/frame_00004.npy,data/images/frame_00005.npy,4,5,1,14,NA,1,1,False
data/images/frame_00664.npy,data/images/frame_00661.npy,664,661,3,32,NA,2,2,False
data/images/nframe_01086.npy,data/images/nframe_01089.npy,1086,1089,3,2,NA,4,4,False
data/images/frame_01979.npy,data/images/frame_01978.npy,1979,1978,1,4,NA,2,2,False
data/images/nframe_09793.npy,data/images/nframe_09800.npy,9793,9800,7,0,NA,1,1,False
data/images/nframe_01257.npy,data/images/nframe_01258.npy,1257,1258,1,8,NA,4,4,False
data/images/nframe_03908.npy,data/images/nframe_03907.npy,3908,3907,1,6,NA,5,5,False
data/images/nframe_07645.npy,data/images/nframe_07646.npy,7645,7646,1,12,NA,3,4,False
data/images/frame_03807.npy,data/images/frame_03808.npy,3807,3808,1,36,NA,4,5,False
data/images/nframe_06479.npy,data/images/nframe_06478.npy,6479,6478,1,14,NA,1,2,False
data/images/frame_01516.npy,data/images/frame_01517.npy,1516,1517,1,28,NA,5,5,False
data/images/nframe_05356.npy,data/images/nframe_05357.npy,5356,5357,1,2,NA,2,2,False
data/images/nframe_04424.npy,data/images/nframe_04423.npy,4424,4423,1,6,NA,4,4,False
data/images/frame_02559.npy,data/images/frame_02560.npy,2559,2560,1,8,NA,6,6,False
data/images/nframe_07669.npy,data/images/nframe_07668.npy,7669,7668,1,20,NA,3,3,False
data/images/nframe_01608.npy,data/images/nframe_01618.npy,1608,1618,10,4,NA,7,6,False
data/images/frame_01875.npy,data/images/frame_01874.npy,1875,1874,1,4,NA,1,1,False
data/images/nframe_01565.npy,data/images/nframe_01566.npy,1565,1566,1,10,NA,9,9,False
data/images/frame_03583.npy,data/images/frame_03585.npy,3583,3585,2,18,NA,3,3,False
data/images/frame_00127.npy,data/images/frame_00126.npy,127,126,1,14,NA,2,3,False
data/images/nframe_05200.npy,data/images/nframe_05199.npy,5200,5199,1,8,NA,2,2,False
data/images/nframe_04987.npy,data/images/nframe_04988.npy,4987,4988,1,18,NA,1,1,False
data/images/frame_00030.npy,data/images/frame_00029.npy,30,29,1,2,NA,0,0,False
data/images/nframe_01500.npy,data/images/nframe_01499.npy,1500,1499,1,4,NA,12,12,False
data/images/frame_03336.npy,data/images/frame_03337.npy,3336,3337,1,16,NA,2,2,False
data/images/nframe_05553.npy,data/images/nframe_05552.npy,5553,5552,1,52,NA,1,2,False
data/images/frame_01417.npy,data/images/frame_01415.npy,1417,1415,2,8,NA,1,1,False
data/images/nframe_05207.npy,data/images/nframe_05206.npy,5207,5206,1,6,NA,1,1,False
data/images/nframe_02586.npy,data/images/nframe_02587.npy,2586,2587,1,6,NA,6,6,False
data/images/frame_02335.npy,data/images/frame_02333.npy,2335,2333,2,6,NA,4,4,False
data/images/nframe_07230.npy,data/images/nframe_07229.npy,7230,7229,1,18,NA,2,2,False
data/images/nframe_02261.npy,data/images/nframe_02264.npy,2261,2264,3,10,NA,3,4,False
data/images/nframe_05059.npy,data/images/nframe_05060.npy,5059,5060,1,10,NA,2,2,False
data/images/frame_04062.npy,data/images/frame_04059.npy,4062,4059,3,38,NA,4,3,False
data/images/frame_02862.npy,data/images/frame_02861.npy,2862,2861,1,6,NA,6,6,False
data/images/nframe_04548.npy,data/images/nframe_04546.npy,4548,4546,2,4,NA,3,3,False
data/images/nframe_04383.npy,data/images/nframe_04384.npy,4383,4384,1,6,NA,2,2,False
data/images/frame_03037.npy,data/images/frame_03036.npy,3037,3036,1,10,NA,1,1,False
data/images/nframe_03696.npy,data/images/nframe_03695.npy,3696,3695,1,6,NA,1,1,False
data/images/nframe_04938.npy,data/images/nframe_04939.npy,4938,4939,1,16,NA,3,3,False
data/images/frame_02521.npy,data/images/frame_02520.npy,2521,2520,1,12,NA,9,10,False
data/images/nframe_07910.npy,data/images/nframe_07911.npy,7910,7911,1,4,NA,2,2,False
data/images/frame_01837.npy,data/images/frame_01838.npy,1837,1838,1,2,NA,1,1,False
data/images/nframe_01206.npy,data/images/nframe_01205.npy,1206,1205,1,10,NA,3,3,False
data/images/frame_01779.npy,data/images/frame_01778.npy,1779,1778,1,22,NA,0,0,False
data/images/frame_03038.npy,data/images/frame_03036.npy,3038,3036,2,8,NA,1,1,False
data/images/frame_01491.npy,data/images/frame_01492.npy,1491,1492,1,8,NA,0,0,False
data/images/nframe_08974.npy,data/images/nframe_08975.npy,8974,8975,1,2,NA,3,3,False
data/images/nframe_01477.npy,data/images/nframe_01478.npy,1477,1478,1,8,NA,13,13,False
data/images/nframe_02852.npy,data/images/nframe_02853.npy,2852,2853,1,0,NA,3,3,False
data/images/frame_03342.npy,data/images/frame_03343.npy,3342,3343,1,10,NA,2,1,False
data/images/nframe_04807.npy,data/images/nframe_04806.npy,4807,4806,1,0,NA,1,1,False
data/images/nframe_01929.npy,data/images/nframe_01930.npy,1929,1930,1,2,NA,4,4,False
data/images/nframe_04308.npy,data/images/nframe_04309.npy,4308,4309,1,6,NA,1,2,False
data/images/frame_00138.npy,data/images/frame_00139.npy,138,139,1,22,NA,4,4,False
data/images/nframe_03962.npy,data/images/nframe_03964.npy,3962,3964,2,6,NA,4,4,False
data/images/nframe_02932.npy,data/images/nframe_02929.npy,2932,2929,3,0,NA,1,1,False
data/images/frame_00947.npy,data/images/frame_00945.npy,947,945,2,12,NA,4,5,False
data/images/nframe_07406.npy,data/images/nframe_07405.npy,7406,7405,1,42,NA,3,3,False
data/images/nframe_02813.npy,data/images/nframe_02814.npy,2813,2814,1,4,NA,3,3,False
data/images/nframe_04876.npy,data/images/nframe_04877.npy,4876,4877,1,18,NA,2,2,False
data/images/frame_04064.npy,data/images/frame_04063.npy,4064,4063,1,34,NA,4,3,False
data/images/frame_01385.npy,data/images/frame_01384.npy,1385,1384,1,18,NA,4,4,False
data/images/nframe_02573.npy,data/images/nframe_02572.npy,2573,2572,1,10,NA,7,7,False
data/images/nframe_01556.npy,data/images/nframe_01557.npy,1556,1557,1,18,NA,8,7,False
data/images/nframe_04391.npy,data/images/nframe_04390.npy,4391,4390,1,2,NA,3,2,False
data/images/nframe_08584.npy,data/images/nframe_08585.npy,8584,8585,1,4,NA,6,6,False
data/images/frame_02331.npy,data/images/frame_02330.npy,2331,2330,1,36,NA,4,4,False
data/images/nframe_04301.npy,data/images/nframe_04302.npy,4301,4302,1,0,NA,1,2,False
data/images/nframe_07761.npy,data/images/nframe_07760.npy,7761,7760,1,0,NA,2,2,False
data/images/nframe_01579.npy,data/images/nframe_01578.npy,1579,1578,1,16,NA,8,8,False
data/images/nframe_04359.npy,data/images/nframe_04358.npy,4359,4358,1,2,NA,1,1,False
data/images/frame_02163.npy,data/images/frame_02162.npy,2163,2162,1,20,NA,0,0,False
data/images/frame_01199.npy,data/images/frame_01201.npy,1199,1201,2,8,NA,0,0,False
data/images/frame_01276.npy,data/images/frame_01284.npy,1276,1284,8,24,NA,1,0,False
data/images/nframe_09172.npy,data/images/nframe_09173.npy,9172,9173,1,4,NA,2,2,False
data/images/frame_00336.npy,data/images/frame_00337.npy,336,337,1,10,NA,1,1,False
data/images/frame_02166.npy,data/images/frame_02167.npy,2166,2167,1,10,NA,0,0,False
data/images/frame_00757.npy,data/images/frame_00758.npy,757,758,1,10,NA,1,2,False
data/images/nframe_04351.npy,data/images/nframe_04350.npy,4351,4350,1,0,NA,1,1,False
data/images/nframe_09277.npy,data/images/nframe_09280.npy,9277,9280,3,28,NA,1,1,False
data/images/nframe_09253.npy,data/images/nframe_09252.npy,9253,9252,1,12,NA,1,1,False
data/images/frame_03013.npy,data/images/frame_03014.npy,3013,3014,1,18,NA,2,2,False
data/images/frame_03877.npy,data/images/frame_03876.npy,3877,3876,1,12,NA,4,4,False
data/images/frame_03978.npy,data/images/frame_03977.npy,3978,3977,1,10,NA,4,4,False
data/images/nframe_06730.npy,data/images/nframe_06728.npy,6730,6728,2,16,NA,1,1,False
data/images/nframe_01850.npy,data/images/nframe_01852.npy,1850,1852,2,4,NA,3,3,False
data/images/frame_03650.npy,data/images/frame_03651.npy,3650,3651,1,14,NA,3,3,False
data/images/frame_02051.npy,data/images/frame_02050.npy,2051,2050,1,22,NA,2,1,False
data/images/nframe_09935.npy,data/images/nframe_09934.npy,9935,9934,1,6,NA,1,1,False
data/images/nframe_02935.npy,data/images/nframe_02934.npy,2935,2934,1,2,NA,1,1,False
data/images/frame_02562.npy,data/images/frame_02563.npy,2562,2563,1,8,NA,6,6,False
data/images/nframe_01716.npy,data/images/nframe_01715.npy,1716,1715,1,2,NA,6,6,False
data/images/nframe_08415.npy,data/images/nframe_08413.npy,8415,8413,2,12,NA,7,6,False
data/images/nframe_07472.npy,data/images/nframe_07471.npy,7472,7471,1,12,NA,3,5,False
data/images/frame_01680.npy,data/images/frame_01681.npy,1680,1681,1,18,NA,4,3,False
data/images/frame_01323.npy,data/images/frame_01313.npy,1323,1313,10,40,NA,3,2,False
data/images/nframe_08619.npy,data/images/nframe_08620.npy,8619,8620,1,0,NA,2,3,False
data/images/frame_03015.npy,data/images/frame_03014.npy,3015,3014,1,8,NA,2,2,False
data/images/nframe_02039.npy,data/images/nframe_02040.npy,2039,2040,1,2,NA,4,5,False
data/images/nframe_07813.npy,data/images/nframe_07890.npy,7813,7890,77,14,NA,1,2,False
data/images/nframe_08956.npy,data/images/nframe_08955.npy,8956,8955,1,6,NA,2,3,False
data/images/nframe_01466.npy,data/images/nframe_01465.npy,1466,1465,1,8,NA,14,13,False
data/images/nframe_05388.npy,data/images/nframe_05387.npy,5388,5387,1,2,NA,2,2,False
data/images/nframe_02171.npy,data/images/nframe_02173.npy,2171,2173,2,6,NA,5,5,False
data/images/nframe_02698.npy,data/images/nframe_02699.npy,2698,2699,1,8,NA,1,1,False
data/images/frame_03409.npy,data/images/frame_03408.npy,3409,3408,1,28,NA,5,5,False
data/images/frame_00457.npy,data/images/frame_00462.npy,457,462,5,2,NA,0,1,False
data/images/frame_02132.npy,data/images/frame_02134.npy,2132,2134,2,12,NA,0,0,False
data/images/nframe_00892.npy,data/images/nframe_00890.npy,892,890,2,2,NA,2,2,False
data/images/nframe_02335.npy,data/images/frame_00483.npy,2335,483,1852,80,NA,1,1,False
data/images/nframe_05444.npy,data/images/nframe_05436.npy,5444,5436,8,2,NA,3,2,False
data/images/frame_01841.npy,data/images/frame_01839.npy,1841,1839,2,2,NA,1,1,False
data/images/nframe_05069.npy,data/images/nframe_05068.npy,5069,5068,1,12,NA,2,3,False
data/images/frame_03063.npy,data/images/frame_03064.npy,3063,3064,1,12,NA,2,2,False
data/images/frame_02324.npy,data/images/frame_02323.npy,2324,2323,1,10,NA,3,3,False
data/images/frame_03815.npy,data/images/frame_03814.npy,3815,3814,1,28,NA,4,5,False
data/images/frame_00403.npy,data/images/frame_00404.npy,403,404,1,4,NA,0,0,False
data/images/nframe_02811.npy,data/images/nframe_02810.npy,2811,2810,1,2,NA,2,2,False
data/images/nframe_01476.npy,data/images/nframe_01478.npy,1476,1478,2,14,NA,13,13,False
data/images/frame_00117.npy,data/images/frame_00114.npy,117,114,3,14,NA,2,2,False
data/images/frame_02018.npy,data/images/frame_02017.npy,2018,2017,1,6,NA,4,4,False
data/images/frame_03355.npy,data/images/frame_03354.npy,3355,3354,1,6,NA,3,3,False
data/images/frame_00052.npy,data/images/frame_00051.npy,52,51,1,6,NA,0,0,False
data/images/frame_03407.npy,data/images/frame_03406.npy,3407,3406,1,22,NA,5,5,False
data/images/frame_02347.npy,data/images/frame_02346.npy,2347,2346,1,8,NA,4,4,False
data/images/nframe_08677.npy,data/images/nframe_08688.npy,8677,8688,11,22,NA,3,3,False
data/images/frame_01155.npy,data/images/frame_01153.npy,1155,1153,2,18,NA,0,0,False
data/images/nframe_02757.npy,data/images/nframe_02759.npy,2757,2759,2,0,NA,3,3,False
data/images/frame_03776.npy,data/images/frame_03777.npy,3776,3777,1,10,NA,5,5,False
data/images/frame_00163.npy,data/images/frame_00164.npy,163,164,1,28,NA,4,4,False
data/images/frame_02914.npy,data/images/frame_02913.npy,2914,2913,1,6,NA,4,4,False
data/images/nframe_02463.npy,data/images/nframe_02462.npy,2463,2462,1,16,NA,3,3,False
data/images/nframe_02423.npy,data/images/nframe_02427.npy,2423,2427,4,16,NA,1,2,False
data/images/frame_00481.npy,data/images/frame_00482.npy,481,482,1,2,NA,1,1,False
data/images/nframe_02650.npy,data/images/nframe_02651.npy,2650,2651,1,2,NA,4,4,False
data/images/frame_01988.npy,data/images/frame_01990.npy,1988,1990,2,14,NA,2,3,False
data/images/frame_01152.npy,data/images/frame_01151.npy,1152,1151,1,12,NA,0,0,False
data/images/nframe_02539.npy,data/images/nframe_02540.npy,2539,2540,1,12,NA,6,6,False
data/images/frame_01286.npy,data/images/frame_01281.npy,1286,1281,5,20,NA,1,1,False
data/images/nframe_00800.npy,data/images/nframe_00799.npy,800,799,1,2,NA,1,2,False
data/images/nframe_01998.npy,data/images/nframe_01997.npy,1998,1997,1,2,NA,3,2,False
data/images/nframe_06462.npy,data/images/nframe_06463.npy,6462,6463,1,26,NA,3,2,False
data/images/frame_00493.npy,data/images/frame_00492.npy,493,492,1,2,NA,1,1,False
data/images/nframe_04305.npy,data/images/nframe_04302.npy,4305,4302,3,4,NA,2,2,False
data/images/nframe_04537.npy,data/images/nframe_04538.npy,4537,4538,1,6,NA,3,3,False
data/images/nframe_04948.npy,data/images/nframe_04949.npy,4948,4949,1,18,NA,3,3,False
data/images/frame_00503.npy,data/images/frame_00504.npy,503,504,1,4,NA,0,0,False
data/images/frame_02558.npy,data/images/frame_02557.npy,2558,2557,1,14,NA,6,7,False
data/images/nframe_04253.npy,data/images/nframe_04254.npy,4253,4254,1,8,NA,2,2,False
data/images/frame_01625.npy,data/images/frame_01626.npy,1625,1626,1,14,NA,5,5,False
data/images/frame_01030.npy,data/images/frame_01038.npy,1030,1038,8,24,NA,2,2,False
data/images/nframe_04260.npy,data/images/nframe_04251.npy,4260,4251,9,14,NA,2,2,False
data/images/nframe_09132.npy,data/images/nframe_09131.npy,9132,9131,1,0,NA,2,2,False
data/images/frame_01376.npy,data/images/frame_01379.npy,1376,1379,3,10,NA,3,3,False
data/images/nframe_04388.npy,data/images/nframe_04387.npy,4388,4387,1,4,NA,3,2,False
data/images/nframe_08046.npy,data/images/nframe_08045.npy,8046,8045,1,42,NA,2,2,False
data/images/nframe_04453.npy,data/images/nframe_04454.npy,4453,4454,1,4,NA,2,2,False
data/images/frame_02386.npy,data/images/frame_02385.npy,2386,2385,1,22,NA,7,7,False
data/images/frame_01858.npy,data/images/frame_01859.npy,1858,1859,1,4,NA,1,1,False
data/images/nframe_01676.npy,data/images/nframe_01677.npy,1676,1677,1,2,NA,7,8,False
data/images/nframe_06672.npy,data/images/nframe_09800.npy,6672,9800,3128,2,NA,1,1,False
data/images/nframe_04357.npy,data/images/nframe_04358.npy,4357,4358,1,2,NA,1,1,False
data/images/nframe_07236.npy,data/images/nframe_07235.npy,7236,7235,1,0,NA,2,2,False
data/images/nframe_09031.npy,data/images/nframe_09030.npy,9031,9030,1,4,NA,1,1,False
data/images/frame_01531.npy,data/images/frame_01532.npy,1531,1532,1,10,NA,5,5,False
data/images/frame_03762.npy,data/images/frame_03763.npy,3762,3763,1,24,NA,7,5,False
data/images/frame_03538.npy,data/images/frame_03536.npy,3538,3536,2,14,NA,3,3,False
data/images/nframe_08260.npy,data/images/nframe_08261.npy,8260,8261,1,0,NA,3,3,False
data/images/nframe_08218.npy,data/images/nframe_08219.npy,8218,8219,1,0,NA,2,2,False
data/images/nframe_07173.npy,data/images/nframe_07172.npy,7173,7172,1,0,NA,2,2,False
data/images/frame_00436.npy,data/images/frame_00438.npy,436,438,2,10,NA,1,1,False
data/images/nframe_00846.npy,data/images/nframe_00847.npy,846,847,1,0,NA,2,2,False
data/images/nframe_05640.npy,data/images/nframe_05641.npy,5640,5641,1,30,NA,3,3,False
data/images/frame_00655.npy,data/images/frame_00654.npy,655,654,1,12,NA,2,2,False
data/images/frame_00731.npy,data/images/frame_00732.npy,731,732,1,12,NA,3,3,False
data/images/frame_01234.npy,data/images/frame_01235.npy,1234,1235,1,4,NA,0,0,False
data/images/nframe_02605.npy,data/images/nframe_02604.npy,2605,2604,1,4,NA,7,7,False
data/images/nframe_05092.npy,data/images/nframe_05091.npy,5092,5091,1,4,NA,2,2,False
data/images/nframe_09365.npy,data/images/nframe_05416.npy,9365,5416,3949,14,NA,1,2,False
data/images/nframe_02851.npy,data/images/nframe_02850.npy,2851,2850,1,0,NA,2,2,False
data/images/nframe_04872.npy,data/images/nframe_04871.npy,4872,4871,1,36,NA,2,2,False
data/images/nframe_03497.npy,data/images/nframe_03498.npy,3497,3498,1,10,NA,1,1,False
data/images/frame_00625.npy,data/images/frame_00624.npy,625,624,1,2,NA,0,0,False
data/images/frame_03098.npy,data/images/frame_03097.npy,3098,3097,1,4,NA,3,3,False
data/images/nframe_09169.npy,data/images/nframe_09170.npy,9169,9170,1,14,NA,2,2,False
data/images/frame_01991.npy,data/images/frame_01987.npy,1991,1987,4,14,NA,3,2,False
data/images/nframe_01485.npy,data/images/nframe_01486.npy,1485,1486,1,22,NA,14,14,False
data/images/nframe_03426.npy,data/images/nframe_03427.npy,3426,3427,1,4,NA,3,1,False
data/images/frame_02082.npy,data/images/frame_02088.npy,2082,2088,6,4,NA,2,2,False
data/images/nframe_01527.npy,data/images/nframe_01526.npy,1527,1526,1,0,NA,9,10,False
data/images/nframe_09211.npy,data/images/nframe_09210.npy,9211,9210,1,14,NA,1,1,False
data/images/nframe_02219.npy,data/images/nframe_02218.npy,2219,2218,1,2,NA,6,4,False
data/images/nframe_05287.npy,data/images/nframe_05288.npy,5287,5288,1,24,NA,2,3,False
data/images/frame_00985.npy,data/images/frame_00984.npy,985,984,1,12,NA,5,5,False
data/images/frame_01818.npy,data/images/frame_01817.npy,1818,1817,1,4,NA,1,1,False
data/images/nframe_05712.npy,data/images/nframe_05713.npy,5712,5713,1,10,NA,1,1,False
data/images/nframe_03356.npy,data/images/nframe_03355.npy,3356,3355,1,4,NA,2,2,False
data/images/frame_03194.npy,data/images/frame_03191.npy,3194,3191,3,6,NA,4,4,False
data/images/nframe_02443.npy,data/images/nframe_02444.npy,2443,2444,1,18,NA,3,2,False
data/images/nframe_07735.npy,data/images/nframe_07736.npy,7735,7736,1,22,NA,2,3,False
data/images/frame_01725.npy,data/images/frame_01724.npy,1725,1724,1,14,NA,3,3,False
data/images/nframe_01988.npy,data/images/nframe_01987.npy,1988,1987,1,6,NA,4,3,False
data/images/frame_02174.npy,data/images/frame_02173.npy,2174,2173,1,8,NA,0,0,False
data/images/nframe_08705.npy,data/images/nframe_08632.npy,8705,8632,73,6,NA,3,3,False
data/images/frame_00531.npy,data/images/frame_00533.npy,531,533,2,4,NA,0,0,False
data/images/frame_00331.npy,data/images/frame_00332.npy,331,332,1,14,NA,1,2,False
data/images/nframe_08983.npy,data/images/nframe_08982.npy,8983,8982,1,0,NA,3,2,False
data/images/nframe_05348.npy,data/images/nframe_05347.npy,5348,5347,1,6,NA,2,2,False
data/images/nframe_09625.npy,data/images/nframe_09626.npy,9625,9626,1,18,NA,1,1,False
data/images/frame_00770.npy,data/images/frame_00771.npy,770,771,1,8,NA,2,2,False
data/images/nframe_05148.npy,data/images/nframe_05147.npy,5148,5147,1,8,NA,2,2,False
data/images/nframe_03410.npy,data/images/nframe_03411.npy,3410,3411,1,6,NA,3,3,False
data/images/nframe_05272.npy,data/images/nframe_05273.npy,5272,5273,1,24,NA,3,3,False
data/images/frame_00576.npy,data/images/frame_00577.npy,576,577,1,0,NA,0,0,False
data/images/nframe_04004.npy,data/images/nframe_04005.npy,4004,4005,1,0,NA,1,1,False
data/images/nframe_02543.npy,data/images/nframe_02542.npy,2543,2542,1,8,NA,6,6,False
data/images/frame_02480.npy,data/images/frame_02481.npy,2480,2481,1,10,NA,8,9,False
data/images/frame_01337.npy,data/images/frame_01338.npy,1337,1338,1,14,NA,2,3,False
data/images/nframe_08872.npy,data/images/nframe_08873.npy,8872,8873,1,6,NA,1,1,False
data/images/nframe_06360.npy,data/images/nframe_07192.npy,6360,7192,832,36,NA,1,1,False
data/images/frame_02308.npy,data/images/frame_02307.npy,2308,2307,1,14,NA,2,2,False
data/images/nframe_04320.npy,data/images/nframe_04321.npy,4320,4321,1,8,NA,1,1,False
data/images/nframe_05521.npy,data/images/nframe_05520.npy,5521,5520,1,6,NA,3,3,False
data/images/frame_00588.npy,data/images/frame_00591.npy,588,591,3,2,NA,0,0,False
data/images/frame_00909.npy,data/images/frame_00900.npy,909,900,9,14,NA,4,4,False
data/images/nframe_02155.npy,data/images/nframe_02156.npy,2155,2156,1,12,NA,5,5,False
data/images/nframe_01373.npy,data/images/nframe_01376.npy,1373,1376,3,2,NA,8,8,False
data/images/frame_03914.npy,data/images/frame_03913.npy,3914,3913,1,2,NA,1,1,False
data/images/frame_02086.npy,data/images/frame_02083.npy,2086,2083,3,2,NA,1,2,False
data/images/frame_02683.npy,data/images/frame_02682.npy,2683,2682,1,8,NA,6,6,False
data/images/nframe_09917.npy,data/images/nframe_09918.npy,9917,9918,1,8,NA,3,2,False
data/images/nframe_03361.npy,data/images/nframe_03360.npy,3361,3360,1,2,NA,2,2,False
data/images/nframe_03369.npy,data/images/nframe_03366.npy,3369,3366,3,18,NA,2,2,False
data/images/nframe_03953.npy,data/images/nframe_03952.npy,3953,3952,1,6,NA,2,2,False
data/images/nframe_01635.npy,data/images/nframe_01634.npy,1635,1634,1,10,NA,6,6,False
data/images/nframe_00954.npy,data/images/nframe_00955.npy,954,955,1,4,NA,3,3,False
data/images/nframe_06401.npy,data/images/nframe_04250.npy,6401,4250,2151,36,NA,3,2,False
data/images/frame_01075.npy,data/images/frame_01074.npy,1075,1074,1,6,NA,0,1,False
data/images/nframe_02133.npy,data/images/nframe_02132.npy,2133,2132,1,8,NA,5,6,False
data/images/nframe_00831.npy,data/images/nframe_00832.npy,831,832,1,2,NA,2,2,False
data/images/nframe_08235.npy,data/images/nframe_08236.npy,8235,8236,1,10,NA,3,3,False
data/images/nframe_06668.npy,data/images/nframe_06676.npy,6668,6676,8,4,NA,1,1,False
data/images/nframe_01629.npy,data/images/nframe_01630.npy,1629,1630,1,2,NA,7,6,False
data/images/frame_02981.npy,data/images/frame_02982.npy,2981,2982,1,20,NA,2,2,False
data/images/frame_00003.npy,data/images/frame_00002.npy,3,2,1,12,NA,1,1,False
data/images/frame_00335.npy,data/images/frame_00334.npy,335,334,1,22,NA,1,2,False
data/images/frame_03826.npy,data/images/frame_03844.npy,3826,3844,18,24,NA,3,4,False
data/images/nframe_08506.npy,data/images/nframe_08505.npy,8506,8505,1,10,NA,15,14,False
data/images/nframe_08963.npy,data/images/nframe_08964.npy,8963,8964,1,0,NA,2,2,False
data/images/nframe_03441.npy,data/images/nframe_03440.npy,3441,3440,1,4,NA,2,2,False
data/images/nframe_05535.npy,data/images/nframe_05534.npy,5535,5534,1,4,NA,3,3,False
data/images/nframe_04319.npy,data/images/nframe_04321.npy,4319,4321,2,8,NA,1,1,False
data/images/nframe_08710.npy,data/images/nframe_08711.npy,8710,8711,1,0,NA,3,3,False
data/images/nframe_07508.npy,data/images/nframe_07507.npy,7508,7507,1,0,NA,5,4,False
data/images/nframe_01415.npy,data/images/nframe_01414.npy,1415,1414,1,4,NA,12,12,False
data/images/frame_03376.npy,data/images/frame_03377.npy,3376,3377,1,4,NA,3,3,False
data/images/nframe_04459.npy,data/images/nframe_04458.npy,4459,4458,1,4,NA,2,2,False
data/images/frame_01251.npy,data/images/frame_01250.npy,1251,1250,1,10,NA,1,1,False
data/images/nframe_08735.npy,data/images/nframe_08734.npy,8735,8734,1,8,NA,1,1,False
data/images/nframe_07139.npy,data/images/nframe_07140.npy,7139,7140,1,0,NA,2,2,False
data/images/frame_01485.npy,data/images/frame_01486.npy,1485,1486,1,22,NA,0,0,False
data/images/nframe_09816.npy,data/images/nframe_09800.npy,9816,9800,16,2,NA,1,1,False
data/images/frame_00550.npy,data/images/frame_00549.npy,550,549,1,2,NA,0,0,False
data/images/nframe_06563.npy,data/images/nframe_06564.npy,6563,6564,1,0,NA,1,1,False
data/images/nframe_07416.npy,data/images/nframe_07417.npy,7416,7417,1,26,NA,3,3,False
data/images/nframe_03337.npy,data/images/nframe_03334.npy,3337,3334,3,6,NA,2,2,False
data/images/nframe_06622.npy,data/images/nframe_06621.npy,6622,6621,1,0,NA,1,1,False
data/images/nframe_02847.npy,data/images/nframe_02846.npy,2847,2846,1,0,NA,3,3,False
data/images/nframe_05178.npy,data/images/nframe_05179.npy,5178,5179,1,0,NA,4,3,False
data/images/frame_02438.npy,data/images/frame_02437.npy,2438,2437,1,12,NA,8,7,False
data/images/frame_02632.npy,data/images/frame_02633.npy,2632,2633,1,6,NA,2,2,False
data/images/nframe_02099.npy,data/images/nframe_02095.npy,2099,2095,4,18,NA,4,4,False
data/images/nframe_04978.npy,data/images/nframe_08193.npy,4978,8193,3215,78,NA,3,1,False
data/images/frame_00250.npy,data/images/frame_00249.npy,250,249,1,10,NA,1,1,False
data/images/nframe_01596.npy,data/images/nframe_01641.npy,1596,1641,45,2,NA,6,6,False
data/images/frame_00665.npy,data/images/frame_00659.npy,665,659,6,36,NA,2,2,False
data/images/nframe_09391.npy,data/images/nframe_09392.npy,9391,9392,1,70,NA,2,2,False
data/images/frame_03687.npy,data/images/frame_03716.npy,3687,3716,29,12,NA,2,2,False
data/images/nframe_09097.npy,data/images/nframe_09096.npy,9097,9096,1,6,NA,1,1,False
data/images/nframe_09612.npy,data/images/nframe_09613.npy,9612,9613,1,8,NA,1,1,False
data/images/nframe_07027.npy,data/images/nframe_07023.npy,7027,7023,4,18,NA,1,1,False
data/images/frame_01386.npy,data/images/frame_01388.npy,1386,1388,2,14,NA,4,3,False
data/images/frame_01087.npy,data/images/frame_01086.npy,1087,1086,1,16,NA,0,0,False
data/images/nframe_05340.npy,data/images/nframe_05341.npy,5340,5341,1,10,NA,2,2,False
data/images/nframe_01495.npy,data/images/nframe_01494.npy,1495,1494,1,2,NA,14,15,False
data/images/nframe_08450.npy,data/images/nframe_08451.npy,8450,8451,1,0,NA,6,7,False
data/images/nframe_03280.npy,data/images/nframe_03282.npy,3280,3282,2,2,NA,1,1,False
data/images/frame_02554.npy,data/images/frame_02553.npy,2554,2553,1,4,NA,7,7,False
data/images/nframe_08882.npy,data/images/nframe_08884.npy,8882,8884,2,4,NA,1,1,False
data/images/nframe_00870.npy,data/images/nframe_00871.npy,870,871,1,2,NA,2,2,False
data/images/frame_02430.npy,data/images/frame_02429.npy,2430,2429,1,6,NA,7,7,False
data/images/nframe_07259.npy,data/images/nframe_07260.npy,7259,7260,1,4,NA,1,1,False
data/images/frame_00581.npy,data/images/frame_00594.npy,581,594,13,0,NA,0,0,False
data/images/nframe_01954.npy,data/images/nframe_01953.npy,1954,1953,1,8,NA,4,4,False
data/images/nframe_01890.npy,data/images/nframe_01889.npy,1890,1889,1,10,NA,4,3,False
data/images/nframe_02258.npy,data/images/nframe_02247.npy,2258,2247,11,8,NA,4,4,False
data/images/frame_00159.npy,data/images/frame_00158.npy,159,158,1,14,NA,4,4,False
data/images/nframe_09818.npy,data/images/nframe_09800.npy,9818,9800,18,4,NA,2,1,False
data/images/nframe_09001.npy,data/images/nframe_09002.npy,9001,9002,1,8,NA,3,2,False
data/images/nframe_07630.npy,data/images/nframe_07629.npy,7630,7629,1,14,NA,3,3,False
data/images/frame_03309.npy,data/images/frame_03308.npy,3309,3308,1,14,NA,2,2,False
data/images/nframe_06495.npy,data/images/nframe_06496.npy,6495,6496,1,10,NA,4,4,False
data/images/nframe_06492.npy,data/images/nframe_06491.npy,6492,6491,1,14,NA,4,4,False
data/images/nframe_01965.npy,data/images/nframe_01966.npy,1965,1966,1,0,NA,3,3,False
data/images/nframe_06442.npy,data/images/nframe_06445.npy,6442,6445,3,44,NA,2,2,False
data/images/nframe_07193.npy,data/images/nframe_07192.npy,7193,7192,1,16,NA,1,1,False
data/images/nframe_04408.npy,data/images/nframe_04407.npy,4408,4407,1,0,NA,3,3,False
data/images/nframe_03918.npy,data/images/nframe_03917.npy,3918,3917,1,0,NA,5,5,False
data/images/nframe_08006.npy,data/images/nframe_08008.npy,8006,8008,2,14,NA,1,1,False
data/images/frame_02431.npy,data/images/frame_02432.npy,2431,2432,1,12,NA,7,7,False
data/images/nframe_05668.npy,data/images/nframe_05667.npy,5668,5667,1,20,NA,1,1,False
data/images/nframe_08671.npy,data/images/nframe_08653.npy,8671,8653,18,18,NA,2,6,False
data/images/frame_01716.npy,data/images/frame_01718.npy,1716,1718,2,22,NA,5,5,False
data/images/frame_02479.npy,data/images/frame_02481.npy,2479,2481,2,22,NA,8,9,False
data/images/nframe_07689.npy,data/images/nframe_07688.npy,7689,7688,1,8,NA,1,1,False
data/images/nframe_02689.npy,data/images/nframe_02690.npy,2689,2690,1,8,NA,1,1,False
data/images/nframe_03079.npy,data/images/nframe_03078.npy,3079,3078,1,8,NA,1,1,False
data/images/nframe_05140.npy,data/images/nframe_05141.npy,5140,5141,1,2,NA,2,2,False
data/images/frame_03243.npy,data/images/frame_03241.npy,3243,3241,2,16,NA,2,2,False
data/images/frame_01714.npy,data/images/frame_01713.npy,1714,1713,1,2,NA,5,5,False
data/images/nframe_09819.npy,data/images/nframe_09820.npy,9819,9820,1,0,NA,2,2,False
data/images/frame_03537.npy,data/images/frame_03536.npy,3537,3536,1,6,NA,2,3,False
data/images/frame_00689.npy,data/images/frame_00690.npy,689,690,1,14,NA,2,2,False
data/images/frame_03395.npy,data/images/frame_03397.npy,3395,3397,2,24,NA,3,3,False
data/images/nframe_09349.npy,data/images/nframe_09350.npy,9349,9350,1,6,NA,1,1,False
data/images/nframe_03683.npy,data/images/nframe_03684.npy,3683,3684,1,2,NA,1,1,False
data/images/nframe_06470.npy,data/images/nframe_06471.npy,6470,6471,1,36,NA,2,2,False
data/images/nframe_09364.npy,data/images/nframe_09363.npy,9364,9363,1,8,NA,1,1,False
data/images/frame_03304.npy,data/images/frame_03305.npy,3304,3305,1,10,NA,2,2,False
data/images/nframe_05029.npy,data/images/nframe_05030.npy,5029,5030,1,12,NA,1,1,False
data/images/nframe_07349.npy,data/images/nframe_07350.npy,7349,7350,1,39,NA,1,1,False
data/images/frame_00452.npy,data/images/frame_00462.npy,452,462,10,2,NA,0,1,False
data/images/nframe_09410.npy,data/images/frame_00019.npy,9410,19,9391,82,NA,2,0,False
data/images/frame_01884.npy,data/images/frame_01883.npy,1884,1883,1,2,NA,0,0,False
data/images/nframe_02637.npy,data/images/nframe_02636.npy,2637,2636,1,2,NA,5,5,False
data/images/frame_03144.npy,data/images/frame_03147.npy,3144,3147,3,20,NA,3,4,False
data/images/nframe_04540.npy,data/images/nframe_04543.npy,4540,4543,3,6,NA,3,3,False
data/images/frame_02729.npy,data/images/frame_02730.npy,2729,2730,1,46,NA,9,8,False
data/images/nframe_08487.npy,data/images/nframe_08489.npy,8487,8489,2,6,NA,10,10,False
data/images/nframe_00936.npy,data/images/nframe_00935.npy,936,935,1,6,NA,3,2,False
data/images/frame_03606.npy,data/images/frame_03608.npy,3606,3608,2,4,NA,3,3,False
data/images/nframe_02798.npy,data/images/nframe_02799.npy,2798,2799,1,8,NA,1,1,False
data/images/frame_01370.npy,data/images/frame_01372.npy,1370,1372,2,36,NA,4,4,False
data/images/nframe_04405.npy,data/images/nframe_04407.npy,4405,4407,2,0,NA,3,3,False
data/images/frame_03559.npy,data/images/frame_03560.npy,3559,3560,1,8,NA,2,2,False
data/images/nframe_08481.npy,data/images/nframe_08486.npy,8481,8486,5,2,NA,9,10,False
data/images/nframe_05684.npy,data/images/nframe_05685.npy,5684,5685,1,18,NA,2,2,False
data/images/nframe_04977.npy,data/images/nframe_04976.npy,4977,4976,1,50,NA,3,3,False
data/images/nframe_01418.npy,data/images/nframe_01419.npy,1418,1419,1,26,NA,12,12,False
data/images/nframe_07156.npy,data/images/nframe_07155.npy,7156,7155,1,6,NA,3,2,False
data/images/nframe_07881.npy,data/images/nframe_07880.npy,7881,7880,1,0,NA,2,2,False
data/images/nframe_03527.npy,data/images/nframe_03529.npy,3527,3529,2,2,NA,1,1,False
data/images/frame_01606.npy,data/images/frame_01605.npy,1606,1605,1,18,NA,2,3,False
data/images/frame_00128.npy,data/images/frame_00129.npy,128,129,1,26,NA,2,2,False
data/images/nframe_03379.npy,data/images/nframe_03374.npy,3379,3374,5,6,NA,2,2,False
data/images/frame_01001.npy,data/images/frame_01003.npy,1001,1003,2,8,NA,4,4,False
data/images/frame_03621.npy,data/images/frame_03624.npy,3621,3624,3,20,NA,3,3,False
data/images/frame_03244.npy,data/images/frame_03245.npy,3244,3245,1,18,NA,2,2,False
data/images/frame_01387.npy,data/images/frame_01388.npy,1387,1388,1,12,NA,4,3,False
data/images/frame_01078.npy,data/images/frame_01076.npy,1078,1076,2,8,NA,0,0,False
data/images/frame_01424.npy,data/images/frame_01423.npy,1424,1423,1,10,NA,0,0,False
data/images/nframe_09255.npy,data/images/nframe_09254.npy,9255,9254,1,0,NA,1,1,False
data/images/nframe_08021.npy,data/images/nframe_08022.npy,8021,8022,1,6,NA,1,1,False
data/images/frame_02728.npy,data/images/frame_02726.npy,2728,2726,2,60,NA,8,8,False
data/images/frame_02550.npy,data/images/frame_02549.npy,2550,2549,1,4,NA,6,6,False
data/images/nframe_02172.npy,data/images/nframe_02173.npy,2172,2173,1,4,NA,6,5,False
data/images/nframe_01620.npy,data/images/nframe_01619.npy,1620,1619,1,2,NA,7,7,False
data/images/frame_00619.npy,data/images/frame_00617.npy,619,617,2,0,NA,0,0,False
data/images/nframe_04462.npy,data/images/nframe_04461.npy,4462,4461,1,8,NA,2,1,False
data/images/nframe_06480.npy,data/images/nframe_06481.npy,6480,6481,1,18,NA,1,1,False
data/images/frame_01900.npy,data/images/frame_01899.npy,1900,1899,1,6,NA,0,0,False
data/images/nframe_05484.npy,data/images/nframe_05485.npy,5484,5485,1,0,NA,3,3,False
data/images/frame_02036.npy,data/images/frame_02035.npy,2036,2035,1,14,NA,2,3,False
data/images/nframe_02316.npy,data/images/nframe_02314.npy,2316,2314,2,73,NA,3,3,False
data/images/nframe_02206.npy,data/images/nframe_02205.npy,2206,2205,1,0,NA,6,6,False
data/images/nframe_05399.npy,data/images/nframe_05400.npy,5399,5400,1,8,NA,2,2,False
data/images/nframe_05518.npy,data/images/nframe_05516.npy,5518,5516,2,10,NA,3,2,False
data/images/nframe_07955.npy,data/images/nframe_07957.npy,7955,7957,2,18,NA,2,2,False
data/images/frame_01628.npy,data/images/frame_01629.npy,1628,1629,1,10,NA,5,5,False
data/images/frame_01780.npy,data/images/frame_01781.npy,1780,1781,1,34,NA,0,0,False
data/images/nframe_04245.npy,data/images/nframe_04242.npy,4245,4242,3,12,NA,1,1,False
data/images/nframe_01576.npy,data/images/nframe_01575.npy,1576,1575,1,24,NA,9,9,False
data/images/nframe_02064.npy,data/images/nframe_02063.npy,2064,2063,1,2,NA,4,4,False
data/images/nframe_03873.npy,data/images/nframe_03872.npy,3873,3872,1,2,NA,3,3,False
data/images/nframe_01632.npy,data/images/nframe_01633.npy,1632,1633,1,8,NA,7,6,False
data/images/frame_01161.npy,data/images/frame_01160.npy,1161,1160,1,6,NA,0,0,False
data/images/nframe_07225.npy,data/images/nframe_07224.npy,7225,7224,1,14,NA,2,2,False
data/images/frame_02942.npy,data/images/frame_02943.npy,2942,2943,1,14,NA,1,1,False
data/images/nframe_01718.npy,data/images/nframe_01717.npy,1718,1717,1,2,NA,6,6,False
data/images/frame_00790.npy,data/images/frame_00791.npy,790,791,1,0,NA,1,1,False
data/images/frame_03927.npy,data/images/frame_03928.npy,3927,3928,1,16,NA,4,4,False
data/images/nframe_05467.npy,data/images/nframe_05497.npy,5467,5497,30,14,NA,3,2,False
data/images/frame_01882.npy,data/images/frame_01883.npy,1882,1883,1,2,NA,0,0,False
data/images/nframe_01479.npy,data/images/nframe_01480.npy,1479,1480,1,10,NA,13,13,False
data/images/frame_02124.npy,data/images/frame_02125.npy,2124,2125,1,4,NA,1,1,False
data/images/nframe_07723.npy,data/images/nframe_07725.npy,7723,7725,2,24,NA,4,3,False
data/images/nframe_03629.npy,data/images/nframe_03631.npy,3629,3631,2,12,NA,2,1,False
data/images/nframe_02677.npy,data/images/nframe_02679.npy,2677,2679,2,8,NA,1,1,False
data/images/nframe_01413.npy,data/images/nframe_01412.npy,1413,1412,1,6,NA,12,11,False
data/images/nframe_08458.npy,data/images/nframe_08460.npy,8458,8460,2,20,NA,8,8,False
data/images/frame_02448.npy,data/images/frame_02449.npy,2448,2449,1,6,NA,8,8,False
data/images/frame_02684.npy,data/images/frame_02688.npy,2684,2688,4,16,NA,5,6,False
data/images/nframe_01079.npy,data/images/nframe_01080.npy,1079,1080,1,4,NA,4,4,False
data/images/frame_00675.npy,data/images/frame_00673.npy,675,673,2,12,NA,2,2,False
data/images/frame_00584.npy,data/images/frame_00583.npy,584,583,1,2,NA,0,0,False
data/images/nframe_02225.npy,data/images/nframe_02226.npy,2225,2226,1,0,NA,5,5,False
data/images/frame_01535.npy,data/images/frame_01536.npy,1535,1536,1,22,NA,4,5,False
data/images/nframe_02780.npy,data/images/nframe_02779.npy,2780,2779,1,2,NA,2,2,False
data/images/nframe_02213.npy,data/images/nframe_02214.npy,2213,2214,1,0,NA,6,6,False
data/images/nframe_02145.npy,data/images/nframe_02144.npy,2145,2144,1,0,NA,4,5,False
data/images/nframe_01108.npy,data/images/nframe_01106.npy,1108,1106,2,18,NA,4,4,False
data/images/frame_02474.npy,data/images/frame_02471.npy,2474,2471,3,12,NA,8,8,False
data/images/frame_02268.npy,data/images/frame_02269.npy,2268,2269,1,14,NA,1,1,False
data/images/frame_00145.npy,data/images/frame_00144.npy,145,144,1,10,NA,3,3,False
data/images/nframe_01439.npy,data/images/nframe_01438.npy,1439,1438,1,0,NA,11,11,False
data/images/nframe_08518.npy,data/images/nframe_08512.npy,8518,8512,6,4,NA,12,13,False
data/images/nframe_02918.npy,data/images/nframe_02914.npy,2918,2914,4,2,NA,1,1,False
data/images/frame_03405.npy,data/images/frame_03404.npy,3405,3404,1,16,NA,5,4,False
data/images/frame_02921.npy,data/images/frame_02920.npy,2921,2920,1,20,NA,3,3,False
data/images/nframe_07549.npy,data/images/nframe_07550.npy,7549,7550,1,6,NA,2,2,False
data/images/nframe_02866.npy,data/images/nframe_02870.npy,2866,2870,4,0,NA,1,2,False
data/images/nframe_04698.npy,data/images/nframe_04697.npy,4698,4697,1,6,NA,1,1,False
data/images/nframe_05144.npy,data/images/nframe_05143.npy,5144,5143,1,4,NA,2,2,False
data/images/nframe_06427.npy,data/images/nframe_06426.npy,6427,6426,1,22,NA,3,3,False
data/images/nframe_08965.npy,data/images/nframe_08964.npy,8965,8964,1,2,NA,3,2,False
data/images/frame_00688.npy,data/images/frame_00690.npy,688,690,2,26,NA,2,2,False
data/images/nframe_09416.npy,data/images/nframe_09414.npy,9416,9414,2,76,NA,1,1,False
data/images/nframe_02775.npy,data/images/nframe_02774.npy,2775,2774,1,6,NA,2,3,False
data/images/nframe_01830.npy,data/images/nframe_01829.npy,1830,1829,1,0,NA,3,3,False
data/images/nframe_07913.npy,data/images/nframe_07912.npy,7913,7912,1,16,NA,2,2,False
data/images/nframe_00916.npy,data/images/nframe_00917.npy,916,917,1,2,NA,2,2,False
data/images/frame_03370.npy,data/images/frame_03371.npy,3370,3371,1,10,NA,3,3,False
data/images/frame_00666.npy,data/images/frame_00667.npy,666,667,1,26,NA,2,2,False
data/images/frame_00693.npy,data/images/frame_00694.npy,693,694,1,10,NA,2,2,False
data/images/frame_00304.npy,data/images/frame_00303.npy,304,303,1,12,NA,1,0,False
data/images/nframe_01230.npy,data/images/nframe_01232.npy,1230,1232,2,14,NA,3,3,False
data/images/frame_02530.npy,data/images/frame_02532.npy,2530,2532,2,6,NA,8,7,False
data/images/frame_01885.npy,data/images/frame_01883.npy,1885,1883,2,2,NA,0,0,False
data/images/nframe_02450.npy,data/images/nframe_02439.npy,2450,2439,11,26,NA,2,2,False
data/images/nframe_07187.npy,data/images/nframe_07186.npy,7187,7186,1,4,NA,2,2,False
data/images/frame_02185.npy,data/images/frame_02186.npy,2185,2186,1,6,NA,1,1,False
data/images/nframe_00864.npy,data/images/nframe_00863.npy,864,863,1,4,NA,2,2,False
data/images/frame_01896.npy,data/images/frame_01897.npy,1896,1897,1,4,NA,0,0,False
data/images/nframe_05051.npy,data/images/nframe_05052.npy,5051,5052,1,0,NA,3,4,False
data/images/nframe_01162.npy,data/images/nframe_01161.npy,1162,1161,1,4,NA,3,3,False
data/images/frame_00357.npy,data/images/frame_00356.npy,357,356,1,8,NA,2,2,False
data/images/frame_01332.npy,data/images/frame_01331.npy,1332,1331,1,10,NA,2,2,False
data/images/nframe_03660.npy,data/images/nframe_03659.npy,3660,3659,1,10,NA,1,1,False
data/images/nframe_05426.npy,data/images/nframe_05425.npy,5426,5425,1,0,NA,3,3,False
data/images/frame_01641.npy,data/images/frame_01644.npy,1641,1644,3,14,NA,4,4,False
data/images/frame_02985.npy,data/images/frame_02984.npy,2985,2984,1,16,NA,4,3,False
data/images/nframe_01256.npy,data/images/nframe_01255.npy,1256,1255,1,8,NA,4,4,False
data/images/nframe_01628.npy,data/images/nframe_01630.npy,1628,1630,2,8,NA,7,6,False
data/images/frame_03252.npy,data/images/frame_03253.npy,3252,3253,1,14,NA,2,2,False
data/images/nframe_08978.npy,data/images/nframe_08977.npy,8978,8977,1,2,NA,3,3,False
data/images/frame_01948.npy,data/images/frame_01946.npy,1948,1946,2,4,NA,0,0,False
data/images/frame_03120.npy,data/images/frame_03118.npy,3120,3118,2,14,NA,3,3,False
data/images/frame_01602.npy,data/images/frame_01603.npy,1602,1603,1,12,NA,3,3,False
data/images/nframe_09054.npy,data/images/nframe_09053.npy,9054,9053,1,0,NA,1,1,False
data/images/nframe_07392.npy,data/images/nframe_07391.npy,7392,7391,1,14,NA,2,2,False
data/images/frame_00038.npy,data/images/frame_00039.npy,38,39,1,4,NA,0,0,False
data/images/frame_00234.npy,data/images/frame_00233.npy,234,233,1,12,NA,1,1,False
data/images/frame_03498.npy,data/images/frame_03502.npy,3498,3502,4,14,NA,4,5,False
data/images/frame_00055.npy,data/images/frame_00056.npy,55,56,1,4,NA,0,0,False
data/images/nframe_09925.npy,data/images/nframe_09929.npy,9925,9929,4,4,NA,2,1,False
data/images/nframe_04313.npy,data/images/nframe_04312.npy,4313,4312,1,4,NA,1,1,False
data/images/nframe_03851.npy,data/images/nframe_03852.npy,3851,3852,1,6,NA,2,2,False
data/images/frame_00241.npy,data/images/frame_00239.npy,241,239,2,8,NA,1,1,False
data/images/frame_02138.npy,data/images/frame_02137.npy,2138,2137,1,2,NA,0,0,False
data/images/frame_01367.npy,data/images/frame_01369.npy,1367,1369,2,38,NA,5,5,False
data/images/nframe_07724.npy,data/images/nframe_07725.npy,7724,7725,1,12,NA,4,3,False
data/images/frame_03080.npy,data/images/frame_03079.npy,3080,3079,1,2,NA,2,2,False
data/images/nframe_04252.npy,data/images/nframe_04251.npy,4252,4251,1,10,NA,2,2,False
data/images/frame_00816.npy,data/images/frame_00817.npy,816,817,1,10,NA,2,2,False
data/images/nframe_05282.npy,data/images/nframe_05283.npy,5282,5283,1,0,NA,3,3,False
data/images/nframe_01786.npy,data/images/nframe_01780.npy,1786,1780,6,14,NA,6,6,False
data/images/nframe_02022.npy,data/images/nframe_02023.npy,2022,2023,1,0,NA,4,3,False
data/images/nframe_06429.npy,data/images/nframe_06430.npy,6429,6430,1,14,NA,2,3,False
data/images/frame_00637.npy,data/images/frame_00638.npy,637,638,1,6,NA,0,0,False
data/images/frame_00001.npy,data/images/frame_00002.npy,1,2,1,6,NA,1,1,False
data/images/nframe_08905.npy,data/images/nframe_08907.npy,8905,8907,2,6,NA,2,2,False
data/images/nframe_07965.npy,data/images/nframe_07966.npy,7965,7966,1,26,NA,3,3,False
data/images/nframe_05658.npy,data/images/nframe_05659.npy,5658,5659,1,16,NA,1,1,False
data/images/nframe_07379.npy,data/images/nframe_07378.npy,7379,7378,1,10,NA,2,2,False
data/images/nframe_04942.npy,data/images/nframe_04943.npy,4942,4943,1,18,NA,3,3,False
data/images/frame_02583.npy,data/images/frame_02585.npy,2583,2585,2,4,NA,4,4,False
data/images/nframe_00909.npy,data/images/nframe_00912.npy,909,912,3,2,NA,2,2,False
data/images/frame_01046.npy,data/images/frame_01047.npy,1046,1047,1,4,NA,2,2,False
data/images/nframe_04885.npy,data/images/nframe_04886.npy,4885,4886,1,28,NA,1,1,False
data/images/frame_02714.npy,data/images/frame_02713.npy,2714,2713,1,28,NA,8,8,False
data/images/frame_00766.npy,data/images/frame_00767.npy,766,767,1,18,NA,2,2,False
data/images/nframe_04326.npy,data/images/nframe_04325.npy,4326,4325,1,0,NA,1,1,False
data/images/nframe_08189.npy,data/images/nframe_03009.npy,8189,3009,5180,50,NA,1,1,False
data/images/nframe_03858.npy,data/images/nframe_03857.npy,3858,3857,1,2,NA,2,2,False
data/images/frame_00516.npy,data/images/frame_00514.npy,516,514,2,0,NA,0,0,False
data/images/nframe_09431.npy,data/images/nframe_09432.npy,9431,9432,1,64,NA,2,1,False
data/images/nframe_08200.npy,data/images/nframe_08199.npy,8200,8199,1,14,NA,3,3,False
data/images/nframe_03099.npy,data/images/nframe_03097.npy,3099,3097,2,14,NA,1,1,False
data/images/nframe_04971.npy,data/images/nframe_04972.npy,4971,4972,1,26,NA,3,3,False
data/images/frame_03655.npy,data/images/frame_03654.npy,3655,3654,1,40,NA,3,3,False
data/images/frame_03922.npy,data/images/frame_03921.npy,3922,3921,1,8,NA,3,3,False
data/images/frame_02622.npy,data/images/frame_02621.npy,2622,2621,1,14,NA,4,2,False
data/images/nframe_02161.npy,data/images/nframe_02160.npy,2161,2160,1,6,NA,5,4,False
data/images/frame_03150.npy,data/images/frame_03151.npy,3150,3151,1,4,NA,4,4,False
data/images/nframe_08644.npy,data/images/nframe_08639.npy,8644,8639,5,6,NA,3,3,False
data/images/frame_00024.npy,data/images/frame_00023.npy,24,23,1,8,NA,0,0,False
data/images/frame_01322.npy,data/images/frame_01313.npy,1322,1313,9,28,NA,2,2,False
data/images/nframe_04123.npy,data/images/nframe_04132.npy,4123,4132,9,18,NA,1,1,False
data/images/nframe_03432.npy,data/images/nframe_03431.npy,3432,3431,1,8,NA,2,3,False
data/images/nframe_01757.npy,data/images/nframe_01762.npy,1757,1762,5,2,NA,6,6,False
data/images/frame_02168.npy,data/images/frame_02167.npy,2168,2167,1,6,NA,0,0,False
data/images/nframe_09264.npy,data/images/nframe_05084.npy,9264,5084,4180,52,NA,1,3,False
data/images/nframe_08571.npy,data/images/nframe_08572.npy,8571,8572,1,0,NA,7,8,False
data/images/nframe_02649.npy,data/images/nframe_02651.npy,2649,2651,2,4,NA,4,4,False
data/images/nframe_01386.npy,data/images/nframe_01388.npy,1386,1388,2,8,NA,9,9,False
data/images/nframe_09007.npy,data/images/nframe_09008.npy,9007,9008,1,0,NA,1,1,False
data/images/nframe_02534.npy,data/images/nframe_02535.npy,2534,2535,1,2,NA,6,6,False
data/images/nframe_05529.npy,data/images/nframe_05530.npy,5529,5530,1,0,NA,2,3,False
data/images/frame_03934.npy,data/images/frame_03935.npy,3934,3935,1,12,NA,4,3,False
data/images/frame_02209.npy,data/images/frame_02208.npy,2209,2208,1,20,NA,0,0,False
data/images/nframe_01270.npy,data/images/nframe_01269.npy,1270,1269,1,0,NA,5,5,False
data/images/nframe_07655.npy,data/images/nframe_07654.npy,7655,7654,1,0,NA,4,4,False
data/images/frame_00748.npy,data/images/frame_00749.npy,748,749,1,8,NA,2,1,False
data/images/nframe_02186.npy,data/images/nframe_02185.npy,2186,2185,1,4,NA,6,5,False
data/images/frame_01295.npy,data/images/frame_01296.npy,1295,1296,1,12,NA,2,1,False
data/images/nframe_05133.npy,data/images/nframe_05134.npy,5133,5134,1,4,NA,2,2,False
data/images/frame_00203.npy,data/images/frame_00204.npy,203,204,1,16,NA,2,2,False
data/images/nframe_07949.npy,data/images/nframe_07948.npy,7949,7948,1,12,NA,1,1,False
data/images/frame_02513.npy,data/images/frame_02514.npy,2513,2514,1,28,NA,9,9,False
data/images/nframe_00757.npy,data/images/nframe_00756.npy,757,756,1,6,NA,1,1,False
data/images/nframe_03442.npy,data/images/nframe_03440.npy,3442,3440,2,6,NA,2,2,False
data/images/nframe_02615.npy,data/images/nframe_02621.npy,2615,2621,6,6,NA,5,6,False
data/images/nframe_01776.npy,data/images/nframe_01780.npy,1776,1780,4,0,NA,6,6,False
data/images/nframe_06739.npy,data/images/nframe_06725.npy,6739,6725,14,34,NA,1,1,False
data/images/nframe_08216.npy,data/images/nframe_08231.npy,8216,8231,15,34,NA,1,3,False
data/images/nframe_03983.npy,data/images/nframe_03982.npy,3983,3982,1,4,NA,2,2,False
data/images/nframe_05360.npy,data/images/nframe_05361.npy,5360,5361,1,2,NA,2,2,False
data/images/frame_00216.npy,data/images/frame_00217.npy,216,217,1,8,NA,1,0,False
data/images/frame_02864.npy,data/images/frame_02861.npy,2864,2861,3,6,NA,6,6,False
data/images/nframe_04829.npy,data/images/nframe_04828.npy,4829,4828,1,12,NA,2,1,False
data/images/nframe_08680.npy,data/images/nframe_08685.npy,8680,8685,5,10,NA,3,4,False
data/images/frame_01920.npy,data/images/frame_01921.npy,1920,1921,1,6,NA,0,0,False
data/images/nframe_00753.npy,data/images/nframe_00754.npy,753,754,1,6,NA,1,1,False
data/images/nframe_07410.npy,data/images/nframe_07409.npy,7410,7409,1,0,NA,3,3,False
data/images/nframe_02293.npy,data/images/nframe_02294.npy,2293,2294,1,53,NA,3,3,False
data/images/frame_02653.npy,data/images/frame_02654.npy,2653,2654,1,6,NA,2,2,False
data/images/frame_02592.npy,data/images/frame_02594.npy,2592,2594,2,6,NA,5,4,False
data/images/frame_00951.npy,data/images/frame_00952.npy,951,952,1,6,NA,5,5,False
data/images/frame_03332.npy,data/images/frame_03333.npy,3332,3333,1,6,NA,2,2,False
data/images/frame_02775.npy,data/images/frame_02776.npy,2775,2776,1,2,NA,7,7,False
data/images/nframe_08227.npy,data/images/nframe_08226.npy,8227,8226,1,20,NA,3,3,False
data/images/nframe_05337.npy,data/images/nframe_05338.npy,5337,5338,1,0,NA,2,2,False
data/images/nframe_02638.npy,data/images/nframe_02636.npy,2638,2636,2,6,NA,5,5,False
data/images/nframe_00924.npy,data/images/nframe_00931.npy,924,931,7,10,NA,2,2,False
data/images/frame_03266.npy,data/images/frame_03267.npy,3266,3267,1,16,NA,0,0,False
data/images/nframe_09852.npy,data/images/nframe_09851.npy,9852,9851,1,8,NA,3,4,False
data/images/frame_01653.npy,data/images/frame_01654.npy,1653,1654,1,12,NA,6,7,False
data/images/nframe_08675.npy,data/images/nframe_08674.npy,8675,8674,1,0,NA,4,4,False
data/images/frame_00645.npy,data/images/frame_00646.npy,645,646,1,8,NA,1,1,False
data/images/nframe_05286.npy,data/images/nframe_05285.npy,5286,5285,1,20,NA,2,2,False
data/images/nframe_06583.npy,data/images/nframe_06581.npy,6583,6581,2,22,NA,1,1,False
data/images/nframe_09631.npy,data/images/frame_00323.npy,9631,323,9308,46,NA,2,0,False
data/images/frame_02954.npy,data/images/frame_02957.npy,2954,2957,3,8,NA,1,1,False
data/images/nframe_04708.npy,data/images/nframe_04709.npy,4708,4709,1,12,NA,2,2,False
data/images/nframe_02503.npy,data/images/nframe_02509.npy,2503,2509,6,12,NA,4,4,False
data/images/nframe_01606.npy,data/images/nframe_01607.npy,1606,1607,1,2,NA,7,7,False
data/images/frame_01179.npy,data/images/frame_01178.npy,1179,1178,1,2,NA,0,0,False
data/images/frame_03618.npy,data/images/frame_03619.npy,3618,3619,1,12,NA,3,3,False
data/images/frame_01146.npy,data/images/frame_01147.npy,1146,1147,1,18,NA,0,0,False
data/images/nframe_00920.npy,data/images/nframe_00919.npy,920,919,1,0,NA,2,2,False
data/images/frame_01662.npy,data/images/frame_01661.npy,1662,1661,1,6,NA,5,5,False
data/images/nframe_09250.npy,data/images/nframe_09251.npy,9250,9251,1,10,NA,1,1,False
data/images/nframe_04447.npy,data/images/nframe_04448.npy,4447,4448,1,4,NA,2,2,False
data/images/nframe_07653.npy,data/images/nframe_07652.npy,7653,7652,1,14,NA,4,4,False
data/images/frame_00373.npy,data/images/frame_00371.npy,373,371,2,6,NA,2,1,False
data/images/frame_01000.npy,data/images/frame_01003.npy,1000,1003,3,8,NA,4,4,False
data/images/frame_03450.npy,data/images/frame_03449.npy,3450,3449,1,10,NA,8,7,False
data/images/nframe_05486.npy,data/images/nframe_05487.npy,5486,5487,1,2,NA,3,3,False
data/images/frame_02029.npy,data/images/frame_02030.npy,2029,2030,1,8,NA,2,3,False
data/images/frame_03030.npy,data/images/frame_03031.npy,3030,3031,1,10,NA,1,1,False
data/images/frame_03188.npy,data/images/frame_03189.npy,3188,3189,1,16,NA,4,4,False
data/images/frame_00354.npy,data/images/frame_00353.npy,354,353,1,8,NA,1,1,False
data/images/nframe_08931.npy,data/images/nframe_08929.npy,8931,8929,2,10,NA,2,2,False
data/images/frame_00596.npy,data/images/frame_00599.npy,596,599,3,0,NA,0,0,False
data/images/frame_01901.npy,data/images/frame_01902.npy,1901,1902,1,8,NA,0,0,False
data/images/nframe_02828.npy,data/images/nframe_02827.npy,2828,2827,1,0,NA,1,1,False
data/images/frame_01499.npy,data/images/frame_01500.npy,1499,1500,1,6,NA,2,2,False
data/images/nframe_03484.npy,data/images/nframe_03482.npy,3484,3482,2,6,NA,1,1,False
data/images/frame_01961.npy,data/images/frame_01960.npy,1961,1960,1,2,NA,1,1,False
data/images/nframe_08329.npy,data/images/nframe_08328.npy,8329,8328,1,12,NA,1,2,False
data/images/nframe_08945.npy,data/images/nframe_08944.npy,8945,8944,1,4,NA,2,2,False
data/images/frame_03088.npy,data/images/frame_03087.npy,3088,3087,1,8,NA,3,3,False
data/images/frame_02038.npy,data/images/frame_02039.npy,2038,2039,1,6,NA,3,3,False
data/images/frame_00437.npy,data/images/frame_00438.npy,437,438,1,2,NA,1,1,False
data/images/frame_01212.npy,data/images/frame_01213.npy,1212,1213,1,6,NA,0,0,False
data/images/nframe_08875.npy,data/images/nframe_08873.npy,8875,8873,2,8,NA,1,1,False
data/images/nframe_07488.npy,data/images/nframe_07487.npy,7488,7487,1,10,NA,4,2,False
data/images/nframe_08294.npy,data/images/nframe_08297.npy,8294,8297,3,4,NA,1,2,False
data/images/frame_00741.npy,data/images/frame_00740.npy,741,740,1,20,NA,2,2,False
data/images/frame_03584.npy,data/images/frame_03585.npy,3584,3585,1,12,NA,3,3,False
data/images/frame_02397.npy,data/images/frame_02396.npy,2397,2396,1,24,NA,7,6,False
data/images/frame_01648.npy,data/images/frame_01647.npy,1648,1647,1,14,NA,3,3,False
data/images/frame_01018.npy,data/images/frame_01012.npy,1018,1012,6,18,NA,3,3,False
data/images/nframe_04455.npy,data/images/nframe_04454.npy,4455,4454,1,2,NA,2,2,False
data/images/nframe_02131.npy,data/images/nframe_02130.npy,2131,2130,1,4,NA,7,6,False
data/images/frame_02793.npy,data/images/frame_02792.npy,2793,2792,1,8,NA,9,9,False
data/images/nframe_02859.npy,data/images/nframe_02860.npy,2859,2860,1,2,NA,2,1,False
data/images/frame_03612.npy,data/images/frame_03611.npy,3612,3611,1,10,NA,4,4,False
data/images/frame_01919.npy,data/images/frame_01915.npy,1919,1915,4,4,NA,0,0,False
data/images/nframe_01102.npy,data/images/nframe_01098.npy,1102,1098,4,4,NA,3,4,False
data/images/frame_00265.npy,data/images/frame_00266.npy,265,266,1,6,NA,0,0,False
data/images/frame_03981.npy,data/images/frame_03979.npy,3981,3979,2,58,NA,4,4,False
data/images/frame_03119.npy,data/images/frame_03118.npy,3119,3118,1,4,NA,3,3,False
data/images/nframe_02176.npy,data/images/nframe_02175.npy,2176,2175,1,0,NA,5,5,False
data/images/nframe_09623.npy,data/images/nframe_09622.npy,9623,9622,1,0,NA,1,1,False
data/images/nframe_08517.npy,data/images/nframe_08512.npy,8517,8512,5,4,NA,13,13,False
data/images/nframe_05644.npy,data/images/nframe_05643.npy,5644,5643,1,28,NA,3,3,False
data/images/frame_01889.npy,data/images/frame_01888.npy,1889,1888,1,6,NA,0,0,False
data/images/nframe_09862.npy,data/images/nframe_09861.npy,9862,9861,1,8,NA,4,4,False
data/images/nframe_01995.npy,data/images/nframe_01993.npy,1995,1993,2,2,NA,3,3,False
data/images/frame_01349.npy,data/images/frame_01343.npy,1349,1343,6,14,NA,4,3,False
data/images/nframe_02619.npy,data/images/nframe_02620.npy,2619,2620,1,0,NA,6,6,False
data/images/nframe_06387.npy,data/images/nframe_06386.npy,6387,6386,1,36,NA,3,2,False
data/images/nframe_05012.npy,data/images/nframe_05011.npy,5012,5011,1,20,NA,1,1,False
data/images/nframe_01171.npy,data/images/nframe_01134.npy,1171,1134,37,4,NA,3,3,False
data/images/nframe_08391.npy,data/images/nframe_08392.npy,8391,8392,1,17,NA,9,7,False
data/images/nframe_04345.npy,data/images/nframe_04346.npy,4345,4346,1,4,NA,1,1,False
data/images/nframe_08562.npy,data/images/nframe_08561.npy,8562,8561,1,4,NA,9,9,False
data/images/frame_03525.npy,data/images/frame_03524.npy,3525,3524,1,10,NA,3,3,False
data/images/frame_03858.npy,data/images/frame_03857.npy,3858,3857,1,6,NA,2,3,False
data/images/nframe_07205.npy,data/images/nframe_07206.npy,7205,7206,1,8,NA,1,1,False
data/images/nframe_01184.npy,data/images/nframe_01190.npy,1184,1190,6,4,NA,4,3,False
data/images/nframe_07250.npy,data/images/nframe_07248.npy,7250,7248,2,24,NA,1,1,False
data/images/nframe_03485.npy,data/images/nframe_03483.npy,3485,3483,2,6,NA,1,1,False
data/images/nframe_07593.npy,data/images/nframe_07592.npy,7593,7592,1,18,NA,3,3,False
data/images/frame_01314.npy,data/images/frame_01313.npy,1314,1313,1,14,NA,3,2,False
data/images/frame_00633.npy,data/images/frame_00634.npy,633,634,1,2,NA,0,0,False
data/images/frame_02450.npy,data/images/frame_02451.npy,2450,2451,1,10,NA,9,8,False
data/images/frame_02133.npy,data/images/frame_02134.npy,2133,2134,1,10,NA,0,0,False
data/images/frame_01471.npy,data/images/frame_01475.npy,1471,1475,4,26,NA,0,0,False
data/images/frame_01131.npy,data/images/frame_01132.npy,1131,1132,1,18,NA,0,0,False
data/images/nframe_05441.npy,data/images/nframe_05429.npy,5441,5429,12,2,NA,2,3,False
data/images/nframe_00922.npy,data/images/nframe_00921.npy,922,921,1,8,NA,2,2,False
data/images/nframe_09098.npy,data/images/nframe_09099.npy,9098,9099,1,6,NA,1,2,False
data/images/frame_00540.npy,data/images/frame_00538.npy,540,538,2,12,NA,0,0,False
data/images/frame_03059.npy,data/images/frame_03067.npy,3059,3067,8,18,NA,2,2,False
data/images/frame_03102.npy,data/images/frame_03104.npy,3102,3104,2,10,NA,3,3,False
data/images/frame_03012.npy,data/images/frame_03011.npy,3012,3011,1,12,NA,2,2,False
data/images/nframe_01426.npy,data/images/nframe_01425.npy,1426,1425,1,0,NA,10,11,False
data/images/frame_03966.npy,data/images/frame_03965.npy,3966,3965,1,24,NA,2,2,False
data/images/nframe_08324.npy,data/images/nframe_08325.npy,8324,8325,1,6,NA,1,1,False
data/images/nframe_01870.npy,data/images/nframe_01869.npy,1870,1869,1,12,NA,3,3,False
data/images/nframe_03381.npy,data/images/nframe_03385.npy,3381,3385,4,10,NA,2,2,False
data/images/nframe_08672.npy,data/images/nframe_08673.npy,8672,8673,1,12,NA,5,4,False
data/images/frame_01501.npy,data/images/frame_01502.npy,1501,1502,1,8,NA,2,2,False
data/images/nframe_04879.npy,data/images/nframe_04878.npy,4879,4878,1,28,NA,1,2,False
data/images/nframe_01382.npy,data/images/nframe_01381.npy,1382,1381,1,0,NA,9,8,False
data/images/nframe_08526.npy,data/images/nframe_08525.npy,8526,8525,1,16,NA,14,13,False
data/images/nframe_07702.npy,data/images/nframe_07701.npy,7702,7701,1,10,NA,2,1,False
data/images/nframe_08892.npy,data/images/nframe_08893.npy,8892,8893,1,0,NA,1,1,False
data/images/frame_03329.npy,data/images/frame_03328.npy,3329,3328,1,10,NA,2,2,False
data/images/nframe_07588.npy,data/images/nframe_07587.npy,7588,7587,1,16,NA,4,4,False
data/images/nframe_02134.npy,data/images/nframe_02135.npy,2134,2135,1,6,NA,6,5,False
data/images/nframe_07706.npy,data/images/nframe_07705.npy,7706,7705,1,14,NA,2,1,False
data/images/frame_02044.npy,data/images/frame_02045.npy,2044,2045,1,4,NA,2,2,False
data/images/nframe_01440.npy,data/images/nframe_01438.npy,1440,1438,2,8,NA,11,11,False
data/images/nframe_07769.npy,data/images/nframe_07768.npy,7769,7768,1,0,NA,1,1,False
data/images/nframe_01612.npy,data/images/nframe_01613.npy,1612,1613,1,0,NA,8,7,False
data/images/frame_01786.npy,data/images/frame_01787.npy,1786,1787,1,12,NA,0,1,False
data/images/nframe_05695.npy,data/images/nframe_05696.npy,5695,5696,1,26,NA,3,2,False
data/images/nframe_06722.npy,data/images/nframe_06721.npy,6722,6721,1,10,NA,1,1,False
data/images/nframe_01919.npy,data/images/nframe_01920.npy,1919,1920,1,4,NA,5,5,False
data/images/frame_01318.npy,data/images/frame_01317.npy,1318,1317,1,10,NA,2,2,False
data/images/frame_01494.npy,data/images/frame_01493.npy,1494,1493,1,12,NA,1,1,False
data/images/nframe_04968.npy,data/images/nframe_04969.npy,4968,4969,1,24,NA,3,3,False
data/images/nframe_07633.npy,data/images/nframe_07634.npy,7633,7634,1,0,NA,3,3,False
data/images/frame_02334.npy,data/images/frame_02333.npy,2334,2333,1,2,NA,4,4,False
data/images/frame_03909.npy,data/images/frame_03908.npy,3909,3908,1,18,NA,1,2,False
data/images/frame_03632.npy,data/images/frame_03629.npy,3632,3629,3,14,NA,3,3,False
data/images/nframe_08190.npy,data/images/nframe_08192.npy,8190,8192,2,36,NA,1,1,False
data/images/frame_03130.npy,data/images/frame_03137.npy,3130,3137,7,20,NA,4,4,False
data/images/frame_01031.npy,data/images/frame_01032.npy,1031,1032,1,8,NA,2,2,False
data/images/nframe_02010.npy,data/images/nframe_02018.npy,2010,2018,8,8,NA,4,4,False
data/images/frame_03996.npy,data/images/frame_03995.npy,3996,3995,1,28,NA,3,3,False
data/images/nframe_02141.npy,data/images/nframe_02140.npy,2141,2140,1,0,NA,5,5,False
data/images/nframe_06406.npy,data/images/nframe_06407.npy,6406,6407,1,0,NA,1,2,False
data/images/nframe_09037.npy,data/images/nframe_09036.npy,9037,9036,1,8,NA,1,1,False
data/images/frame_00018.npy,data/images/frame_00017.npy,18,17,1,8,NA,0,0,False
data/images/nframe_09411.npy,data/images/frame_00019.npy,9411,19,9392,82,NA,2,0,False
data/images/nframe_03697.npy,data/images/nframe_03698.npy,3697,3698,1,8,NA,1,1,False
data/images/frame_01528.npy,data/images/frame_01527.npy,1528,1527,1,16,NA,5,5,False
data/images/frame_00230.npy,data/images/frame_00229.npy,230,229,1,6,NA,1,1,False
data/images/nframe_07726.npy,data/images/nframe_07725.npy,7726,7725,1,14,NA,3,3,False
data/images/frame_01020.npy,data/images/frame_01015.npy,1020,1015,5,10,NA,3,3,False
data/images/nframe_00929.npy,data/images/nframe_00928.npy,929,928,1,0,NA,2,2,False
data/images/nframe_07195.npy,data/images/nframe_07194.npy,7195,7194,1,8,NA,1,1,False
data/images/nframe_04836.npy,data/images/nframe_04835.npy,4836,4835,1,6,NA,2,2,False
data/images/nframe_05449.npy,data/images/nframe_05447.npy,5449,5447,2,0,NA,2,2,False
data/images/nframe_07802.npy,data/images/nframe_07803.npy,7802,7803,1,12,NA,2,3,False
data/images/frame_03350.npy,data/images/frame_03351.npy,3350,3351,1,2,NA,2,2,False
data/images/nframe_09020.npy,data/images/nframe_09019.npy,9020,9019,1,8,NA,1,1,False
data/images/nframe_01856.npy,data/images/nframe_01857.npy,1856,1857,1,8,NA,3,3,False
data/images/nframe_04591.npy,data/images/nframe_04589.npy,4591,4589,2,6,NA,1,1,False
data/images/nframe_02560.npy,data/images/nframe_02559.npy,2560,2559,1,12,NA,7,7,False
data/images/frame_01649.npy,data/images/frame_01646.npy,1649,1646,3,22,NA,3,3,False
data/images/nframe_07936.npy,data/images/nframe_07935.npy,7936,7935,1,16,NA,4,4,False
data/images/nframe_05368.npy,data/images/nframe_05369.npy,5368,5369,1,4,NA,3,2,False
data/images/nframe_02092.npy,data/images/nframe_02091.npy,2092,2091,1,6,NA,4,4,False
data/images/frame_01208.npy,data/images/frame_01206.npy,1208,1206,2,4,NA,0,0,False
data/images/frame_01618.npy,data/images/frame_01619.npy,1618,1619,1,14,NA,3,3,False
data/images/nframe_01755.npy,data/images/nframe_01754.npy,1755,1754,1,2,NA,6,6,False
data/images/frame_02407.npy,data/images/frame_02408.npy,2407,2408,1,20,NA,7,7,False
data/images/nframe_08871.npy,data/images/nframe_08873.npy,8871,8873,2,6,NA,1,1,False
data/images/nframe_07461.npy,data/images/nframe_07462.npy,7461,7462,1,14,NA,5,5,False
data/images/nframe_00749.npy,data/images/nframe_00748.npy,749,748,1,0,NA,1,1,False
data/images/nframe_09214.npy,data/images/nframe_09213.npy,9214,9213,1,12,NA,1,1,False
data/images/frame_01553.npy,data/images/frame_01552.npy,1553,1552,1,14,NA,1,1,False
data/images/frame_02289.npy,data/images/frame_02288.npy,2289,2288,1,20,NA,0,0,False
data/images/nframe_01286.npy,data/images/nframe_01287.npy,1286,1287,1,10,NA,5,5,False
data/images/frame_02281.npy,data/images/frame_02284.npy,2281,2284,3,20,NA,1,2,False
data/images/nframe_06617.npy,data/images/nframe_06616.npy,6617,6616,1,6,NA,1,2,False
data/images/frame_03578.npy,data/images/frame_03579.npy,3578,3579,1,0,NA,2,2,False
data/images/nframe_08457.npy,data/images/nframe_08456.npy,8457,8456,1,22,NA,8,8,False
data/images/nframe_02630.npy,data/images/nframe_02629.npy,2630,2629,1,0,NA,5,4,False
data/images/nframe_05442.npy,data/images/nframe_05429.npy,5442,5429,13,2,NA,3,3,False
data/images/nframe_01643.npy,data/images/nframe_01642.npy,1643,1642,1,10,NA,6,6,False
data/images/nframe_03902.npy,data/images/nframe_03904.npy,3902,3904,2,2,NA,5,5,False
data/images/nframe_05636.npy,data/images/nframe_05637.npy,5636,5637,1,26,NA,3,2,False
data/images/nframe_06934.npy,data/images/nframe_06933.npy,6934,6933,1,4,NA,1,1,False
data/images/nframe_00904.npy,data/images/nframe_00902.npy,904,902,2,6,NA,2,2,False
data/images/frame_00663.npy,data/images/frame_00661.npy,663,661,2,26,NA,2,2,False
data/images/nframe_04364.npy,data/images/nframe_04363.npy,4364,4363,1,4,NA,1,1,False
data/images/nframe_03386.npy,data/images/nframe_03382.npy,3386,3382,4,14,NA,2,2,False
