sample_index,sample_id,component_id,rgb_mean_luminance,rgb_std_luminance,rgb_entropy32_normalized,thermal_mean,thermal_std,thermal_entropy32_normalized,event_nonzero_fraction,event_mean_magnitude,event_entropy32_normalized
0,frame_00192,v40c_00124,0.4504978358745575,0.1967342346906662,0.8702646493911743,0.5002349615097046,0.3068118691444397,0.9877943992614746,1.0,0.23187077045440674,0.46346545219421387
1,frame_00193,v40c_00125,0.4491303563117981,0.19941262900829315,0.8762978315353394,0.494780957698822,0.30726149678230286,0.9871078729629517,1.0,0.24409255385398865,0.500193178653717
2,frame_00194,v40c_00126,0.44539186358451843,0.19879768788814545,0.8781224489212036,0.48711299896240234,0.307746946811676,0.9859560132026672,1.0,0.27812400460243225,0.5862466096878052
3,frame_00195,v40c_00127,0.4413411319255829,0.19854164123535156,0.8786811828613281,0.4851764142513275,0.30728018283843994,0.985368549823761,1.0,0.25847649574279785,0.540107011795044
4,frame_00196,v40c_00128,0.43652066588401794,0.19764217734336853,0.8763366937637329,0.48483043909072876,0.3064878284931183,0.9846557378768921,1.0,0.2624763250350952,0.5574867129325867
5,frame_00197,v40c_00128,0.43545645475387573,0.19673582911491394,0.8760830760002136,0.4846099317073822,0.3050917983055115,0.9833033680915833,1.0,0.24404659867286682,0.49699315428733826
6,frame_00198,v40c_00129,0.4362211227416992,0.1957339495420456,0.8769478797912598,0.4833900034427643,0.30507153272628784,0.9833685159683228,1.0,0.2080887407064438,0.377235472202301
7,frame_00199,v40c_00130,0.4343928098678589,0.19660553336143494,0.8779486417770386,0.48061978816986084,0.30416563153266907,0.9825617074966431,1.0,0.20642133057117462,0.39347898960113525
8,frame_00200,v40c_00131,0.43447166681289673,0.19462254643440247,0.8771753311157227,0.47203364968299866,0.3018585741519928,0.9827526211738586,1.0,0.2709480822086334,0.5747098326683044
9,frame_00201,v40c_00132,0.4354557693004608,0.19524738192558289,0.8764376640319824,0.4625929594039917,0.2991059124469757,0.9835649728775024,1.0,0.19905638694763184,0.36277294158935547
10,frame_00202,v40c_00133,0.43525198101997375,0.19516193866729736,0.8767601251602173,0.456315815448761,0.29727423191070557,0.9829626083374023,1.0,0.23141367733478546,0.49412694573402405
11,frame_00203,v40c_00134,0.4362780451774597,0.19606702029705048,0.8828250765800476,0.45965349674224854,0.2957737147808075,0.9833389520645142,1.0,0.2463138997554779,0.5130215883255005
12,frame_00204,v40c_00135,0.43771156668663025,0.19816341996192932,0.8866026997566223,0.4624430239200592,0.2962152659893036,0.9833586812019348,1.0,0.22836849093437195,0.4796624183654785
13,frame_00205,v40c_00136,0.4451107084751129,0.19995175302028656,0.89009028673172,0.4611705541610718,0.2956429123878479,0.9839719533920288,1.0,0.2517859637737274,0.5450886487960815
14,frame_00206,v40c_00137,0.4462779462337494,0.2024148404598236,0.8928869366645813,0.46020275354385376,0.29296836256980896,0.9843913912773132,1.0,0.24436478316783905,0.5283852815628052
15,frame_00207,v40c_00138,0.4505898952484131,0.2043755203485489,0.8960199356079102,0.4636262059211731,0.2931506931781769,0.9846018552780151,1.0,0.1872987002134323,0.323855459690094
16,frame_00208,v40c_00139,0.45342326164245605,0.2039525955915451,0.8976539373397827,0.4671877920627594,0.29484203457832336,0.9849855303764343,1.0,0.20786570012569427,0.4011019170284271
17,frame_00209,v40c_00140,0.45326632261276245,0.2038472592830658,0.8982747197151184,0.4628748893737793,0.2957092225551605,0.9846741557121277,1.0,0.23360440135002136,0.46016302704811096
18,frame_00210,v40c_00140,0.4550332725048065,0.202302485704422,0.8968645930290222,0.4600134789943695,0.29396727681159973,0.9843975901603699,1.0,0.1822592318058014,0.30158576369285583
19,frame_00211,v40c_00141,0.45216697454452515,0.2024042159318924,0.8968498110771179,0.458255410194397,0.29150107502937317,0.9844818115234375,1.0,0.24997004866600037,0.5397915244102478
20,frame_00212,v40c_00142,0.45199882984161377,0.20010116696357727,0.8955291509628296,0.454879492521286,0.29082927107810974,0.9845555424690247,1.0,0.23691798746585846,0.4901958405971527
21,frame_00213,v40c_00143,0.4524676203727722,0.2002025991678238,0.8953941464424133,0.4532163441181183,0.29058587551116943,0.9845887422561646,1.0,0.23081035912036896,0.47109144926071167
22,frame_00214,v40c_00144,0.45135268568992615,0.20041830837726593,0.8970872163772583,0.4523140788078308,0.2902841866016388,0.9848288297653198,1.0,0.24477335810661316,0.5173159837722778
23,frame_00215,v40c_00145,0.44917911291122437,0.20090849697589874,0.8990254402160645,0.44472357630729675,0.2883033752441406,0.9835250973701477,1.0,0.22215117514133453,0.44956088066101074
24,frame_00216,v40c_00146,0.44864171743392944,0.2006603181362152,0.8998966217041016,0.44050687551498413,0.2865716516971588,0.9824598431587219,1.0,0.25462284684181213,0.5441324710845947
25,frame_00217,v40c_00145,0.44656240940093994,0.19982309639453888,0.8990703821182251,0.4386849105358124,0.2842957079410553,0.9813529253005981,1.0,0.2413569539785385,0.5094066858291626
26,frame_00218,v40c_00147,0.445336252450943,0.20044741034507751,0.8993770480155945,0.43765872716903687,0.28369319438934326,0.9808748364448547,1.0,0.22838188707828522,0.46690768003463745
27,frame_00219,v40c_00148,0.44281089305877686,0.2000267058610916,0.9017980694770813,0.436486154794693,0.2827547490596771,0.9808165431022644,1.0,0.23657134175300598,0.49942001700401306
28,frame_00220,v40c_00149,0.44275370240211487,0.1996089071035385,0.9023199081420898,0.44134730100631714,0.2843332886695862,0.9820104837417603,1.0,0.22137215733528137,0.4288092255592346
29,frame_00221,v40c_00150,0.4436671733856201,0.19861717522144318,0.90119868516922,0.44004830718040466,0.2840360999107361,0.9823083877563477,1.0,0.18771736323833466,0.3210650086402893
30,frame_00222,v40c_00151,0.44212478399276733,0.20016376674175262,0.9038450121879578,0.4404469430446625,0.2837848961353302,0.9823819398880005,1.0,0.1822766810655594,0.3125014901161194
31,frame_00223,v40c_00152,0.43806615471839905,0.20038215816020966,0.9025894999504089,0.4387463927268982,0.2833899259567261,0.983482837677002,1.0,0.2268732786178589,0.4758271276950836
32,frame_00224,v40c_00153,0.4364941120147705,0.19840413331985474,0.9004486799240112,0.43746083974838257,0.285587340593338,0.9854604601860046,1.0,0.23418760299682617,0.5103422999382019
33,frame_00225,v40c_00154,0.4328490197658539,0.20057718455791473,0.9050728678703308,0.4375333786010742,0.2860467731952667,0.986050009727478,1.0,0.23442868888378143,0.5086897611618042
34,frame_00226,v40c_00155,0.4306521415710449,0.2011680155992508,0.9071688652038574,0.4374455213546753,0.2847036123275757,0.9861898422241211,1.0,0.21746060252189636,0.43560853600502014
35,frame_00227,v40c_00156,0.4240321218967438,0.20441453158855438,0.9091767072677612,0.4306350648403168,0.2828251123428345,0.9844630360603333,1.0,0.20071066915988922,0.3783448338508606
36,frame_00228,v40c_00157,0.41569647192955017,0.20669597387313843,0.9107853174209595,0.43300366401672363,0.2815079391002655,0.984418511390686,1.0,0.22754375636577606,0.47323837876319885
37,frame_00229,v40c_00157,0.41228631138801575,0.2081190049648285,0.9123438000679016,0.4417320787906647,0.28002238273620605,0.9854718446731567,1.0,0.19970017671585083,0.3639979064464569
38,frame_00230,v40c_00157,0.4100053608417511,0.20909933745861053,0.9124695658683777,0.44149503111839294,0.28013718128204346,0.9856613278388977,1.0,0.20335739850997925,0.37480148673057556
39,frame_00231,v40c_00157,0.4111441671848297,0.2073192596435547,0.9115113019943237,0.4426809847354889,0.28139984607696533,0.9866935610771179,1.0,0.24630513787269592,0.5229436755180359
40,frame_00232,v40c_00157,0.4083429276943207,0.20883184671401978,0.9136236906051636,0.43889811635017395,0.282322496175766,0.9858843088150024,1.0,0.21430383622646332,0.4148251414299011
41,frame_00233,v40c_00158,0.40461277961730957,0.21154800057411194,0.9151196479797363,0.4258902072906494,0.2840045392513275,0.9829965829849243,1.0,0.2319217175245285,0.4967878460884094
42,frame_00234,v40c_00159,0.39646464586257935,0.21357649564743042,0.9170181155204773,0.4147689938545227,0.2832466959953308,0.9794780611991882,1.0,0.23964712023735046,0.5107423067092896
43,frame_00235,v40c_00160,0.3896946609020233,0.21644851565361023,0.9190874099731445,0.4062046706676483,0.282939076423645,0.9758486747741699,1.0,0.23220254480838776,0.5146759152412415
44,frame_00236,v40c_00161,0.3768776059150696,0.22120825946331024,0.919592022895813,0.4013732075691223,0.28433024883270264,0.9726470708847046,1.0,0.2369537353515625,0.5281237959861755
45,frame_00237,v40c_00162,0.35866880416870117,0.22709771990776062,0.9162909388542175,0.39572545886039734,0.28521275520324707,0.9701583981513977,1.0,0.21560677886009216,0.4645465016365051
46,frame_00238,v40c_00163,0.34982576966285706,0.22854559123516083,0.9125218391418457,0.399118572473526,0.28537097573280334,0.9710610508918762,1.0,0.22942964732646942,0.4799928069114685
47,frame_00239,v40c_00164,0.34628331661224365,0.2294302135705948,0.9117140769958496,0.4055420160293579,0.2856426537036896,0.973288357257843,1.0,0.21616865694522858,0.4254695475101471
48,frame_00240,v40c_00164,0.34671497344970703,0.2296374887228012,0.9110350608825684,0.41444963216781616,0.28453952074050903,0.9760169982910156,1.0,0.24542275071144104,0.5103791952133179
49,frame_00241,v40c_00164,0.37555989623069763,0.23789584636688232,0.9282451868057251,0.4205612540245056,0.28426891565322876,0.978337287902832,1.0,0.19309455156326294,0.33200985193252563
50,frame_00242,v40c_00164,0.38879188895225525,0.24186082184314728,0.9299007654190063,0.4217889904975891,0.2841586470603943,0.9785785675048828,1.0,0.20476636290550232,0.41396254301071167
51,frame_00243,v40c_00165,0.39768362045288086,0.24232184886932373,0.9323574304580688,0.4203166961669922,0.28394538164138794,0.9787513017654419,1.0,0.19145211577415466,0.3413740396499634
52,frame_00244,v40c_00164,0.3957885205745697,0.242865189909935,0.9330347776412964,0.41220906376838684,0.28286007046699524,0.9765233993530273,1.0,0.20702862739562988,0.40869706869125366
53,frame_00245,v40c_00166,0.39292111992836,0.24353228509426117,0.9328280687332153,0.4048534333705902,0.28152865171432495,0.9729607701301575,1.0,0.19990679621696472,0.3878454566001892
54,frame_00246,v40c_00167,0.3841480016708374,0.2457471489906311,0.9306915402412415,0.3958137035369873,0.28035056591033936,0.968048095703125,1.0,0.2128344029188156,0.43188706040382385
55,frame_00247,v40c_00168,0.37233397364616394,0.25032034516334534,0.9276243448257446,0.393824964761734,0.28095728158950806,0.9665125608444214,1.0,0.21757535636425018,0.4524840712547302
56,frame_00248,v40c_00169,0.3700581192970276,0.25201502442359924,0.9274153709411621,0.3920295238494873,0.2814219892024994,0.9659591913223267,1.0,0.2128594070672989,0.4198015332221985
57,frame_00249,v40c_00170,0.3690493702888489,0.25403350591659546,0.9276817440986633,0.39198485016822815,0.28234586119651794,0.9662362337112427,1.0,0.25603151321411133,0.5675641298294067
58,frame_00250,v40c_00171,0.3666088581085205,0.2535979449748993,0.9238719940185547,0.3934839069843292,0.2875206470489502,0.966454803943634,1.0,0.19680581986904144,0.3609943985939026
59,frame_00251,v40c_00172,0.36348170042037964,0.2538805603981018,0.9204400777816772,0.39147984981536865,0.2874803841114044,0.9654841423034668,1.0,0.24485541880130768,0.5602738857269287
60,frame_00252,v40c_00173,0.36208558082580566,0.2540043294429779,0.9174561500549316,0.39059126377105713,0.28762176632881165,0.9645448923110962,1.0,0.233067587018013,0.5103908777236938
61,frame_00253,v40c_00174,0.36079317331314087,0.2549110949039459,0.9162648320198059,0.38899755477905273,0.28607258200645447,0.9635717272758484,1.0,0.2269548773765564,0.4795772135257721
62,frame_00254,v40c_00174,0.36120983958244324,0.25661739706993103,0.9167013168334961,0.38439351320266724,0.28494250774383545,0.9613617658615112,1.0,0.2146891951560974,0.45946621894836426
63,frame_00255,v40c_00175,0.3628625273704529,0.25835564732551575,0.9195388555526733,0.3774701952934265,0.28643670678138733,0.9567947387695312,1.0,0.21340514719486237,0.4369410574436188
64,frame_00417,v40c_00263,0.370693564414978,0.24862925708293915,0.8457682728767395,0.3132031559944153,0.24860136210918427,0.9283844232559204,1.0,0.2003781646490097,0.417395681142807
65,frame_00418,v40c_00263,0.37063243985176086,0.24867208302021027,0.8459727168083191,0.31321078538894653,0.24810579419136047,0.9281039237976074,1.0,0.21987731754779816,0.48588186502456665
66,frame_00419,v40c_00263,0.3707660138607025,0.2489089071750641,0.8451375961303711,0.31580105423927307,0.24860495328903198,0.9295569658279419,1.0,0.24738188087940216,0.5464114546775818
67,frame_00420,v40c_00263,0.37122151255607605,0.24931155145168304,0.8457460403442383,0.3159160912036896,0.2487851232290268,0.9301803708076477,1.0,0.23076516389846802,0.5088722705841064
68,frame_00421,v40c_00263,0.37145674228668213,0.24970459938049316,0.8456470370292664,0.31567054986953735,0.24875277280807495,0.9297536611557007,1.0,0.2344338446855545,0.5131359100341797
69,frame_00422,v40c_00263,0.3708129823207855,0.24930720031261444,0.8456186056137085,0.31756263971328735,0.24944381415843964,0.930871844291687,1.0,0.21451586484909058,0.45151132345199585
70,frame_00423,v40c_00263,0.3714148700237274,0.24967893958091736,0.8462764024734497,0.317136287689209,0.24906741082668304,0.9310353994369507,1.0,0.25288286805152893,0.5734877586364746
71,frame_00424,v40c_00263,0.3721517026424408,0.25021716952323914,0.8466595411300659,0.3188163638114929,0.24941889941692352,0.9326906204223633,1.0,0.23302865028381348,0.5103674530982971
72,frame_00425,v40c_00263,0.3722895681858063,0.25015324354171753,0.8477716445922852,0.3196476101875305,0.25031328201293945,0.9330754280090332,1.0,0.20071780681610107,0.41227149963378906
73,frame_00426,v40c_00263,0.373344749212265,0.2506623864173889,0.8493660688400269,0.32023152709007263,0.25063708424568176,0.9334145784378052,1.0,0.23612958192825317,0.5217172503471375
74,frame_00427,v40c_00263,0.37386354804039,0.2512468099594116,0.8494966626167297,0.31971532106399536,0.2506500482559204,0.9331742525100708,1.0,0.2347155213356018,0.512146532535553
75,frame_00428,v40c_00263,0.37439578771591187,0.2515767514705658,0.8497147560119629,0.3185150921344757,0.24997326731681824,0.9324448704719543,1.0,0.22877074778079987,0.5059661865234375
76,frame_00429,v40c_00263,0.37461453676223755,0.2518777847290039,0.8493075370788574,0.3179115355014801,0.2499285638332367,0.93128502368927,1.0,0.232683002948761,0.513060450553894
77,frame_00430,v40c_00263,0.3752342164516449,0.25225919485092163,0.8509149551391602,0.31774407625198364,0.2500077784061432,0.9319051504135132,1.0,0.22775904834270477,0.5052859783172607
78,frame_00431,v40c_00263,0.3756001889705658,0.2525705099105835,0.8509508967399597,0.31721264123916626,0.24977387487888336,0.9318025708198547,1.0,0.24427847564220428,0.5475978255271912
79,frame_00448,v40c_00264,0.37100717425346375,0.2521785795688629,0.8464439511299133,0.3207211494445801,0.2424415946006775,0.9297130703926086,1.0,0.22660426795482635,0.49005502462387085
80,frame_00449,v40c_00264,0.37113136053085327,0.25230318307876587,0.8463228344917297,0.32016313076019287,0.24150438606739044,0.9293080568313599,1.0,0.2251737266778946,0.4924255311489105
81,frame_00450,v40c_00264,0.3704994320869446,0.2518547773361206,0.8458734750747681,0.3234793245792389,0.24012085795402527,0.930946946144104,1.0,0.2361157387495041,0.5262430906295776
82,frame_00451,v40c_00264,0.3696414530277252,0.2511148452758789,0.8468059301376343,0.32677045464515686,0.23947155475616455,0.9322246313095093,1.0,0.20341259241104126,0.42692670226097107
83,frame_00452,v40c_00265,0.368537962436676,0.2501346170902252,0.8470913171768188,0.32758983969688416,0.23942668735980988,0.9330568313598633,1.0,0.2415298968553543,0.5322043299674988
84,frame_00453,v40c_00266,0.36777564883232117,0.24946682155132294,0.8473755717277527,0.32725760340690613,0.23904353380203247,0.932935893535614,1.0,0.20493488013744354,0.4269474148750305
85,frame_00454,v40c_00266,0.36668285727500916,0.24853719770908356,0.8476184606552124,0.3279186189174652,0.2394361048936844,0.9327551126480103,1.0,0.24452871084213257,0.5259262323379517
86,frame_00455,v40c_00266,0.36600276827812195,0.2481098473072052,0.8469230532646179,0.32827383279800415,0.23956061899662018,0.9317201375961304,1.0,0.21905751526355743,0.46507972478866577
87,frame_00456,v40c_00266,0.36599430441856384,0.24802382290363312,0.8470224142074585,0.32882365584373474,0.24026711285114288,0.9316587448120117,1.0,0.263329416513443,0.5797585248947144
88,frame_00457,v40c_00266,0.3661139905452728,0.24819764494895935,0.8467362523078918,0.32798758149147034,0.2403399497270584,0.9312810897827148,1.0,0.22393284738063812,0.48016029596328735
89,frame_00458,v40c_00265,0.36616846919059753,0.24835550785064697,0.8462859988212585,0.3277178406715393,0.2405923306941986,0.9314022064208984,1.0,0.22674232721328735,0.48482418060302734
90,frame_00459,v40c_00265,0.3656557500362396,0.24799439311027527,0.8455557823181152,0.3275689482688904,0.24006325006484985,0.9314628839492798,1.0,0.20671908557415009,0.43482866883277893
91,frame_00460,v40c_00265,0.3655880093574524,0.24791061878204346,0.8460580110549927,0.32668960094451904,0.2394922524690628,0.9313620328903198,1.0,0.2575317621231079,0.5615006685256958
92,frame_00461,v40c_00265,0.365664005279541,0.24798747897148132,0.8458290100097656,0.325120210647583,0.2387518286705017,0.9315094947814941,1.0,0.22906191647052765,0.48864978551864624
93,frame_00462,v40c_00266,0.36466577649116516,0.24684204161167145,0.8461338877677917,0.32518133521080017,0.2387446016073227,0.9317547082901001,1.0,0.2459006905555725,0.5298030376434326
94,frame_00463,v40c_00267,0.3633367121219635,0.2457728236913681,0.8466832041740417,0.32696497440338135,0.239027202129364,0.9310643076896667,1.0,0.24715708196163177,0.5535178184509277
95,frame_00464,v40c_00267,0.36308205127716064,0.2454596757888794,0.8462722897529602,0.3253496587276459,0.23895035684108734,0.9302005767822266,1.0,0.2403661161661148,0.5275365710258484
96,frame_00465,v40c_00266,0.3643409311771393,0.24622945487499237,0.846889853477478,0.32391050457954407,0.23840177059173584,0.9300686717033386,1.0,0.2582797408103943,0.5615663528442383
97,frame_00466,v40c_00266,0.3640179932117462,0.24589191377162933,0.846173882484436,0.32540401816368103,0.23897495865821838,0.9314824342727661,1.0,0.22589516639709473,0.49833860993385315
98,frame_00467,v40c_00268,0.3629838526248932,0.24502305686473846,0.8473926782608032,0.3282031714916229,0.23985618352890015,0.931352972984314,1.0,0.2058003693819046,0.42624300718307495
99,frame_00468,v40c_00268,0.3627289831638336,0.24467885494232178,0.8471395373344421,0.32766830921173096,0.24042090773582458,0.9305283427238464,1.0,0.24205805361270905,0.5278555154800415
100,frame_00469,v40c_00266,0.36400046944618225,0.24558940529823303,0.8470284342765808,0.32813483476638794,0.24053031206130981,0.930580735206604,1.0,0.24976041913032532,0.5629832148551941
101,frame_00470,v40c_00269,0.36458858847618103,0.2462989091873169,0.8457807302474976,0.3266676664352417,0.2402380108833313,0.9298011660575867,1.0,0.22008728981018066,0.4788540005683899
102,frame_00471,v40c_00270,0.36497026681900024,0.2465505748987198,0.8459724187850952,0.3251747488975525,0.23979634046554565,0.9293864965438843,1.0,0.22236625850200653,0.4827546179294586
103,frame_00472,v40c_00264,0.3647285997867584,0.24612922966480255,0.8454231023788452,0.32488811016082764,0.23969252407550812,0.9294625520706177,1.0,0.2527207136154175,0.5639814138412476
104,frame_00473,v40c_00269,0.36490389704704285,0.24615857005119324,0.8466402888298035,0.32259276509284973,0.23947635293006897,0.9294249415397644,1.0,0.2272196263074875,0.5002964735031128
105,frame_00474,v40c_00269,0.36559879779815674,0.2466883659362793,0.8472760915756226,0.32441043853759766,0.2386491745710373,0.9309147000312805,1.0,0.2435423880815506,0.547956109046936
106,frame_00475,v40c_00271,0.3664010167121887,0.2468976229429245,0.8489764332771301,0.32430917024612427,0.23870868980884552,0.9314072728157043,1.0,0.21184179186820984,0.4588775038719177
107,frame_00476,v40c_00271,0.36874130368232727,0.24752289056777954,0.8543957471847534,0.32905322313308716,0.2400178760290146,0.9341158866882324,1.0,0.24229148030281067,0.551701009273529
108,frame_00477,v40c_00271,0.3715112507343292,0.24876730144023895,0.8587707281112671,0.32957378029823303,0.24121354520320892,0.9338150024414062,1.0,0.2516075670719147,0.5458537340164185
109,frame_00478,v40c_00271,0.37302327156066895,0.24967555701732635,0.8608272671699524,0.331149160861969,0.24256344139575958,0.9343734979629517,1.0,0.23507994413375854,0.5215480327606201
110,frame_00479,v40c_00271,0.3756698668003082,0.25108036398887634,0.8629058599472046,0.3310958743095398,0.24432824552059174,0.9359166026115417,1.0,0.22995321452617645,0.49590998888015747
111,frame_00480,v40c_00271,0.3758377730846405,0.2514667212963104,0.8625896573066711,0.3322550654411316,0.24523039162158966,0.9365226030349731,1.0,0.24521897733211517,0.5436438322067261
112,frame_00481,v40c_00271,0.37617096304893494,0.25137969851493835,0.8645545244216919,0.33449801802635193,0.24591559171676636,0.9375945925712585,1.0,0.2135683000087738,0.44629931449890137
113,frame_00482,v40c_00271,0.3772628903388977,0.2521874010562897,0.8662883043289185,0.3348934054374695,0.24613437056541443,0.9378177523612976,1.0,0.22047275304794312,0.4682401120662689
114,frame_00483,v40c_00271,0.38094887137413025,0.25401419401168823,0.8701658248901367,0.3348422348499298,0.24609574675559998,0.9380643963813782,1.0,0.22204329073429108,0.4870522916316986
115,frame_00484,v40c_00271,0.3840174674987793,0.25537291169166565,0.8723880052566528,0.33389514684677124,0.24661818146705627,0.9385369420051575,1.0,0.21037183701992035,0.4432443082332611
116,frame_00485,v40c_00271,0.3857223391532898,0.2556694447994232,0.8735718727111816,0.3315497040748596,0.24653786420822144,0.9373934864997864,1.0,0.25685521960258484,0.5546913146972656
117,frame_00486,v40c_00271,0.3858426809310913,0.2556362450122833,0.8748604655265808,0.3340120315551758,0.24746789038181305,0.9397071003913879,1.0,0.23788365721702576,0.5162565112113953
118,frame_00487,v40c_00271,0.3871629536151886,0.25589919090270996,0.8757084608078003,0.33578094840049744,0.24796919524669647,0.9405660629272461,1.0,0.23865176737308502,0.5254663228988647
119,frame_00488,v40c_00271,0.3898010849952698,0.25656232237815857,0.8781290054321289,0.33675479888916016,0.24904131889343262,0.9409016370773315,1.0,0.24256637692451477,0.5247758626937866
120,frame_00489,v40c_00271,0.3926375210285187,0.25738438963890076,0.8811947107315063,0.33776599168777466,0.24990950524806976,0.9416510462760925,1.0,0.2289847880601883,0.4873712658882141
121,frame_00490,v40c_00271,0.3969895839691162,0.2586176097393036,0.88408362865448,0.3369068205356598,0.2501828968524933,0.9407636523246765,1.0,0.21923883259296417,0.461193323135376
122,frame_00491,v40c_00271,0.4007883369922638,0.2600584924221039,0.8876197934150696,0.3359391391277313,0.2500564157962799,0.9401973485946655,1.0,0.22302141785621643,0.480802446603775
123,frame_00492,v40c_00271,0.4015977680683136,0.2601923644542694,0.8883689641952515,0.3397153317928314,0.25190940499305725,0.9424055218696594,1.0,0.23279741406440735,0.5032584071159363
124,frame_00493,v40c_00271,0.40062373876571655,0.25974977016448975,0.8882827758789062,0.34177452325820923,0.2536756694316864,0.9438457489013672,1.0,0.2201131135225296,0.471327006816864
125,frame_00494,v40c_00271,0.3855545222759247,0.25992587208747864,0.8835609555244446,0.3433988392353058,0.25530362129211426,0.9448255300521851,1.0,0.23618163168430328,0.5036440491676331
126,frame_00495,v40c_00271,0.38198816776275635,0.2610301077365875,0.8873518705368042,0.3457413911819458,0.25680011510849,0.9464361071586609,1.0,0.24118302762508392,0.5112162232398987
127,frame_00496,v40c_00271,0.3765716850757599,0.26110297441482544,0.8900719881057739,0.34626272320747375,0.2576444447040558,0.9462388753890991,1.0,0.22395019233226776,0.48142415285110474
128,frame_00497,v40c_00271,0.37971001863479614,0.26211220026016235,0.891800582408905,0.34431126713752747,0.2573602497577667,0.9443717002868652,1.0,0.22591830790042877,0.48038944602012634
129,frame_00498,v40c_00271,0.38117194175720215,0.26228126883506775,0.8931096792221069,0.34170398116111755,0.2571856379508972,0.9427968859672546,1.0,0.24229197204113007,0.5046190023422241
130,frame_00499,v40c_00271,0.3807074725627899,0.2619161009788513,0.892443835735321,0.3416750431060791,0.25717809796333313,0.9425870180130005,1.0,0.2257152497768402,0.4890226721763611
131,frame_00500,v40c_00271,0.380664587020874,0.2617007791996002,0.8916807174682617,0.3423888087272644,0.25736984610557556,0.9427377581596375,1.0,0.23234495520591736,0.4885086119174957
132,frame_00501,v40c_00271,0.3820711076259613,0.26200538873672485,0.8918235898017883,0.34358206391334534,0.25801166892051697,0.9437316656112671,1.0,0.24332861602306366,0.5235732197761536
133,frame_00502,v40c_00271,0.3845544755458832,0.26264724135398865,0.8922178149223328,0.3484456241130829,0.25990113615989685,0.9466703534126282,1.0,0.22403529286384583,0.48913875222206116
134,frame_00503,v40c_00271,0.38966143131256104,0.26459237933158875,0.8951355218887329,0.3485759198665619,0.26056432723999023,0.946984589099884,1.0,0.22122225165367126,0.4756771922111511
135,frame_00504,v40c_00271,0.3915676772594452,0.2651551067829132,0.8949454426765442,0.34692609310150146,0.2599683403968811,0.9463424682617188,1.0,0.22735945880413055,0.475149542093277
136,frame_00505,v40c_00271,0.3935387432575226,0.26570314168930054,0.8948687314987183,0.3476918339729309,0.2614314556121826,0.9473821520805359,1.0,0.25340670347213745,0.5455676317214966
137,frame_00506,v40c_00271,0.3958316147327423,0.26651352643966675,0.895656406879425,0.3463042974472046,0.2615167498588562,0.9466075897216797,1.0,0.22895637154579163,0.4881347119808197
138,frame_00507,v40c_00271,0.3963817358016968,0.26686012744903564,0.8954739570617676,0.3449244201183319,0.2609711289405823,0.9445223808288574,1.0,0.22959953546524048,0.48399481177330017
139,frame_00508,v40c_00271,0.39531776309013367,0.2663472294807434,0.8936620950698853,0.3470936417579651,0.2609627842903137,0.9449125528335571,1.0,0.2345890998840332,0.48763251304626465
140,frame_00509,v40c_00271,0.39545026421546936,0.2662661373615265,0.8935656547546387,0.34703266620635986,0.26104167103767395,0.9445322751998901,1.0,0.2341313660144806,0.5016254186630249
141,frame_00510,v40c_00271,0.39661210775375366,0.26613569259643555,0.8930241465568542,0.34728941321372986,0.26162493228912354,0.9443886876106262,1.0,0.239691823720932,0.5353890657424927
142,frame_00511,v40c_00271,0.40061429142951965,0.26617565751075745,0.895516037940979,0.34860125184059143,0.26330167055130005,0.9461877942085266,1.0,0.22591087222099304,0.4670102596282959
143,frame_00704,v40c_00327,0.523162841796875,0.2039521187543869,0.8958838582038879,0.5589689612388611,0.2902780771255493,0.9848834872245789,1.0,0.21856807172298431,0.4108521342277527
144,frame_00705,v40c_00328,0.5238646864891052,0.20331375300884247,0.8945599794387817,0.5596070885658264,0.2905673682689667,0.9846588969230652,1.0,0.19600903987884521,0.3328203558921814
145,frame_00706,v40c_00328,0.5226953625679016,0.20314502716064453,0.8947257995605469,0.5602648854255676,0.29011407494544983,0.9841732978820801,1.0,0.22300641238689423,0.42515379190444946
146,frame_00707,v40c_00327,0.5218658447265625,0.2025185525417328,0.8931924700737,0.5637560486793518,0.28974029421806335,0.9845677614212036,1.0,0.25292909145355225,0.5160654783248901
147,frame_00708,v40c_00329,0.5205591320991516,0.2005322128534317,0.887429416179657,0.5703728199005127,0.2892444133758545,0.9833706021308899,1.0,0.19100205600261688,0.33691632747650146
148,frame_00709,v40c_00330,0.5208961367607117,0.19857773184776306,0.8817771673202515,0.5774198770523071,0.2892909646034241,0.9819052815437317,1.0,0.2576744556427002,0.5235494375228882
149,frame_00710,v40c_00330,0.5220370888710022,0.1971445083618164,0.8783936500549316,0.5805034637451172,0.2887086868286133,0.9809338450431824,1.0,0.18590234220027924,0.29971978068351746
150,frame_00711,v40c_00330,0.5220403671264648,0.19611333310604095,0.8755670785903931,0.5820827484130859,0.2886090576648712,0.9807764291763306,1.0,0.2349412739276886,0.46680736541748047
151,frame_00712,v40c_00330,0.5221785306930542,0.19488030672073364,0.8723539113998413,0.5808886885643005,0.28753745555877686,0.9801346659660339,1.0,0.2288569062948227,0.4621772766113281
152,frame_00713,v40c_00331,0.5232289433479309,0.1933956742286682,0.8681409955024719,0.5814807415008545,0.2875961661338806,0.9800580739974976,1.0,0.205587700009346,0.36378049850463867
153,frame_00714,v40c_00331,0.5233120322227478,0.19290728867053986,0.8666254878044128,0.5810515880584717,0.28719040751457214,0.9791080355644226,1.0,0.23863081634044647,0.4617091715335846
154,frame_00715,v40c_00331,0.5226203203201294,0.19237913191318512,0.8647716641426086,0.584967851638794,0.28600016236305237,0.9772891998291016,1.0,0.2486179620027542,0.48464521765708923
155,frame_00716,v40c_00332,0.5225839614868164,0.19133515655994415,0.860310435295105,0.5896824598312378,0.284140020608902,0.9750818014144897,1.0,0.20764689147472382,0.40076494216918945
156,frame_00717,v40c_00333,0.5230839252471924,0.18997514247894287,0.8547970652580261,0.5936164855957031,0.2822474539279938,0.9726751446723938,1.0,0.25075289607048035,0.5133571028709412
157,frame_00718,v40c_00334,0.5236344933509827,0.1883920133113861,0.846810519695282,0.5979323387145996,0.2809050977230072,0.9716272354125977,1.0,0.252547025680542,0.49655112624168396
158,frame_00719,v40c_00335,0.523786723613739,0.18639439344406128,0.8381192088127136,0.6039371490478516,0.2789701819419861,0.9700278043746948,1.0,0.26352545619010925,0.514602780342102
159,frame_00720,v40c_00336,0.5260587930679321,0.18499836325645447,0.8303604125976562,0.6068224906921387,0.277217298746109,0.9687467813491821,1.0,0.2021651268005371,0.37326642870903015
160,frame_00721,v40c_00337,0.5280345678329468,0.1840945929288864,0.825247585773468,0.6071144938468933,0.2761422395706177,0.9680420756340027,1.0,0.24277079105377197,0.4921908378601074
161,frame_00722,v40c_00338,0.529994010925293,0.18322065472602844,0.8215567469596863,0.6081971526145935,0.2762090563774109,0.9669084548950195,1.0,0.22616347670555115,0.4256271421909332
162,frame_00723,v40c_00339,0.5305933952331543,0.18031765520572662,0.8122956156730652,0.6070436835289001,0.27573370933532715,0.9655146598815918,1.0,0.2362629622220993,0.44907718896865845
163,frame_00724,v40c_00340,0.5066344141960144,0.17544682323932648,0.8021618127822876,0.6094194054603577,0.2770894765853882,0.9648954272270203,1.0,0.18163785338401794,0.29371076822280884
164,frame_00725,v40c_00341,0.5060237646102905,0.17509430646896362,0.799323320388794,0.610440194606781,0.2772548794746399,0.9649053812026978,1.0,0.23425939679145813,0.4464273452758789
165,frame_00726,v40c_00342,0.4974505305290222,0.173603817820549,0.798771321773529,0.6106874346733093,0.2774674892425537,0.9652884602546692,1.0,0.22426901757717133,0.4005195200443268
166,frame_00727,v40c_00343,0.4971732199192047,0.17328853905200958,0.79632568359375,0.6100097894668579,0.2774883508682251,0.965798020362854,1.0,0.22401605546474457,0.42492514848709106
167,frame_00728,v40c_00344,0.49678757786750793,0.17299537360668182,0.7944703698158264,0.6111447811126709,0.27789121866226196,0.9651792645454407,1.0,0.2045188844203949,0.3534538745880127
168,frame_00729,v40c_00345,0.4958473742008209,0.1719525158405304,0.7902481555938721,0.6104425191879272,0.2791377902030945,0.9659364819526672,1.0,0.19676515460014343,0.317039430141449
169,frame_00730,v40c_00345,0.4956781566143036,0.17168433964252472,0.7896827459335327,0.6120181083679199,0.2805691361427307,0.966572105884552,1.0,0.21436771750450134,0.3967548906803131
170,frame_00731,v40c_00346,0.4963016211986542,0.17136281728744507,0.7873920202255249,0.6120115518569946,0.2817787528038025,0.9665163159370422,1.0,0.2319430112838745,0.4328080117702484
171,frame_00732,v40c_00347,0.4978465735912323,0.1717263162136078,0.7856754064559937,0.6132235527038574,0.28118446469306946,0.9648992419242859,1.0,0.18453453481197357,0.28248417377471924
172,frame_00733,v40c_00348,0.4986686110496521,0.171879380941391,0.7853018045425415,0.6157658696174622,0.2807542383670807,0.9631091356277466,1.0,0.20006753504276276,0.3245071470737457
173,frame_00734,v40c_00349,0.49887698888778687,0.17243757843971252,0.7831891775131226,0.6154313087463379,0.28017163276672363,0.9627431631088257,1.0,0.2104145735502243,0.36335423588752747
174,frame_00735,v40c_00350,0.49816447496414185,0.1715528517961502,0.781453013420105,0.6153843998908997,0.28073179721832275,0.9631189107894897,1.0,0.22021201252937317,0.4115270674228668
175,frame_00736,v40c_00351,0.49940362572669983,0.1700771450996399,0.7778464555740356,0.6152491569519043,0.2822304368019104,0.963819682598114,1.0,0.21677203476428986,0.41290926933288574
176,frame_00737,v40c_00352,0.49929219484329224,0.16874462366104126,0.7767772674560547,0.6140379905700684,0.28363895416259766,0.9645541906356812,1.0,0.23775999248027802,0.4374135434627533
177,frame_00738,v40c_00353,0.5003021955490112,0.16858339309692383,0.7776020169258118,0.6115579009056091,0.284129798412323,0.9657014608383179,1.0,0.2134481966495514,0.37472134828567505
178,frame_00739,v40c_00354,0.501308023929596,0.1687956601381302,0.7782809734344482,0.6113743185997009,0.28260985016822815,0.9663923978805542,1.0,0.21021142601966858,0.3665054440498352
179,frame_00740,v40c_00355,0.5020304322242737,0.16784848272800446,0.7755823135375977,0.6119572520256042,0.2797260284423828,0.9659603238105774,1.0,0.23538538813591003,0.44825229048728943
180,frame_00741,v40c_00356,0.5021526217460632,0.1660085767507553,0.7710105776786804,0.6115268468856812,0.2783154845237732,0.9655835032463074,1.0,0.2550009489059448,0.4872418940067291
181,frame_00742,v40c_00357,0.5016881227493286,0.16296948492527008,0.7648066282272339,0.6131056547164917,0.2763562798500061,0.9643354415893555,1.0,0.19151169061660767,0.3167406916618347
182,frame_00743,v40c_00358,0.5009640455245972,0.1614340990781784,0.7597009539604187,0.6161013245582581,0.27493759989738464,0.9618403315544128,1.0,0.23964756727218628,0.4381207525730133
183,frame_00744,v40c_00359,0.5011541843414307,0.16051824390888214,0.7563896775245667,0.6154509782791138,0.2747555375099182,0.9616745114326477,1.0,0.20853425562381744,0.3628121018409729
184,frame_00745,v40c_00360,0.5015289187431335,0.15941190719604492,0.7529522180557251,0.6136793494224548,0.2745005488395691,0.9617916941642761,1.0,0.21313373744487762,0.3850630223751068
185,frame_00746,v40c_00361,0.5022030472755432,0.1587515026330948,0.7504269480705261,0.6152359247207642,0.27477195858955383,0.9610387682914734,1.0,0.2097359448671341,0.3607371151447296
186,frame_00747,v40c_00362,0.5025647282600403,0.1582408994436264,0.7485494017601013,0.616379976272583,0.2734975516796112,0.9609454870223999,1.0,0.21160565316677094,0.360258549451828
187,frame_00748,v40c_00363,0.5025062561035156,0.15656693279743195,0.7435640096664429,0.6208757162094116,0.2730368673801422,0.9596783518791199,1.0,0.20293539762496948,0.3582533001899719
188,frame_00749,v40c_00364,0.502178430557251,0.15575054287910461,0.7412474751472473,0.624220609664917,0.27222687005996704,0.9578601717948914,1.0,0.22262968122959137,0.41503915190696716
189,frame_00750,v40c_00365,0.502082347869873,0.1545562893152237,0.7355663776397705,0.6255586743354797,0.27222687005996704,0.9576913714408875,1.0,0.23395182192325592,0.4237056374549866
190,frame_00751,v40c_00366,0.5016912221908569,0.15425361692905426,0.7325441241264343,0.6242140531539917,0.2730744183063507,0.957258403301239,1.0,0.19297082722187042,0.30083686113357544
191,frame_00752,v40c_00367,0.5000655055046082,0.1538962870836258,0.7282249927520752,0.6210877299308777,0.27211859822273254,0.9567568898200989,1.0,0.1977171152830124,0.316963791847229
192,frame_00753,v40c_00368,0.5001598000526428,0.15402337908744812,0.7281635999679565,0.6221870183944702,0.2712492346763611,0.9570181965827942,1.0,0.20761238038539886,0.3347557485103607
193,frame_00754,v40c_00369,0.49891963601112366,0.15395809710025787,0.7244190573692322,0.624923586845398,0.2710045278072357,0.9569193720817566,1.0,0.20892001688480377,0.3443452715873718
194,frame_00755,v40c_00370,0.4976658225059509,0.1526300609111786,0.7212159037590027,0.6226723790168762,0.2708200514316559,0.9565334320068359,1.0,0.23800958693027496,0.4375692903995514
195,frame_00756,v40c_00371,0.4907527267932892,0.14919158816337585,0.7115837931632996,0.6245120763778687,0.2716160714626312,0.9551903605461121,1.0,0.19074362516403198,0.31549137830734253
196,frame_00757,v40c_00372,0.4877464175224304,0.14805109798908234,0.711457371711731,0.6246521472930908,0.2723795175552368,0.9548274278640747,1.0,0.21601976454257965,0.3873230814933777
197,frame_00758,v40c_00373,0.48702797293663025,0.14852850139141083,0.7127147912979126,0.6171144247055054,0.274296373128891,0.9571973085403442,1.0,0.19585265219211578,0.29899948835372925
198,frame_00759,v40c_00373,0.4862115681171417,0.14910292625427246,0.7155205011367798,0.6130509972572327,0.2750835418701172,0.9580003619194031,1.0,0.17521467804908752,0.23007690906524658
199,frame_00760,v40c_00373,0.4856533110141754,0.14907313883304596,0.7163387537002563,0.6119987964630127,0.2741664946079254,0.9587663412094116,1.0,0.19569216668605804,0.29524967074394226
200,frame_00761,v40c_00374,0.4844704866409302,0.15044161677360535,0.7205191850662231,0.6098566651344299,0.27359259128570557,0.9591916799545288,1.0,0.20863240957260132,0.34229952096939087
201,frame_00762,v40c_00374,0.4841035008430481,0.15116523206233978,0.7240567207336426,0.6080315709114075,0.2748917043209076,0.961041271686554,1.0,0.20614854991436005,0.32254448533058167
202,frame_00763,v40c_00374,0.48416632413864136,0.1513502597808838,0.7257039546966553,0.6077395081520081,0.2752234637737274,0.9616230726242065,1.0,0.19111844897270203,0.2927981913089752
203,frame_00764,v40c_00375,0.48503732681274414,0.1523047238588333,0.7279161810874939,0.6077797412872314,0.27394238114356995,0.9613231420516968,1.0,0.19085323810577393,0.29178544878959656
204,frame_00765,v40c_00376,0.4850158393383026,0.15254776179790497,0.727685272693634,0.6113401055335999,0.27313700318336487,0.9598020315170288,1.0,0.21809308230876923,0.38359948992729187
205,frame_00766,v40c_00376,0.48490068316459656,0.15317820012569427,0.727378785610199,0.6122086644172668,0.2737303674221039,0.9585632085800171,1.0,0.20152975618839264,0.3350210189819336
206,frame_00767,v40c_00377,0.48615580797195435,0.15484049916267395,0.7272802591323853,0.6114063858985901,0.2746252119541168,0.9586887359619141,1.0,0.17967861890792847,0.2461402863264084
207,frame_00832,v40c_00397,0.5141862034797668,0.19779962301254272,0.7779448628425598,0.5814257264137268,0.2794242799282074,0.9595414400100708,1.0,0.2257421463727951,0.38478198647499084
208,frame_00833,v40c_00397,0.5149219632148743,0.19740021228790283,0.7781697511672974,0.5799719095230103,0.2782391309738159,0.9596458673477173,1.0,0.19605761766433716,0.31528085470199585
209,frame_00834,v40c_00398,0.49159836769104004,0.19563287496566772,0.7780507802963257,0.5788899064064026,0.27628037333488464,0.9625245928764343,1.0,0.2180272787809372,0.3711875081062317
210,frame_00835,v40c_00399,0.4925573170185089,0.19602040946483612,0.7786604166030884,0.5755828022956848,0.2746165692806244,0.9637428522109985,1.0,0.19886507093906403,0.33255794644355774
211,frame_00836,v40c_00400,0.4806225299835205,0.19565053284168243,0.7759913206100464,0.5724379420280457,0.2743818461894989,0.9635784029960632,1.0,0.21414458751678467,0.3695142865180969
212,frame_00837,v40c_00401,0.4740508198738098,0.19528047740459442,0.7750167846679688,0.5679847002029419,0.27572518587112427,0.964333176612854,1.0,0.22500087320804596,0.3842177391052246
213,frame_00838,v40c_00402,0.4755546748638153,0.1961502581834793,0.7798996567726135,0.5668992400169373,0.2767375707626343,0.9652870893478394,1.0,0.1871025413274765,0.2819531261920929
214,frame_00839,v40c_00403,0.47658678889274597,0.19726930558681488,0.7841618061065674,0.5642913579940796,0.2781442403793335,0.9654620885848999,1.0,0.18338587880134583,0.28363096714019775
215,frame_00840,v40c_00404,0.4778861403465271,0.19829732179641724,0.7872037887573242,0.5645254254341125,0.28009772300720215,0.9662830233573914,1.0,0.17516446113586426,0.23475968837738037
216,frame_00841,v40c_00405,0.4786030650138855,0.1989639699459076,0.7898133397102356,0.5634604096412659,0.28088170289993286,0.968297004699707,1.0,0.165657177567482,0.19167369604110718
217,frame_00842,v40c_00406,0.48093461990356445,0.19985836744308472,0.7925454378128052,0.5636603236198425,0.2809600532054901,0.9698984026908875,1.0,0.2386772334575653,0.4423133432865143
218,frame_00843,v40c_00407,0.48370784521102905,0.2006811648607254,0.793940544128418,0.5627453327178955,0.2798404097557068,0.9689852595329285,1.0,0.22017742693424225,0.4074445366859436
219,frame_00844,v40c_00408,0.48469436168670654,0.20120224356651306,0.7925595045089722,0.5635508298873901,0.2789681851863861,0.9676400423049927,1.0,0.1760079562664032,0.23822760581970215
220,frame_00845,v40c_00409,0.4853460192680359,0.2013605535030365,0.7929189205169678,0.5643100738525391,0.2781878709793091,0.967968761920929,1.0,0.20835982263088226,0.34082847833633423
221,frame_00846,v40c_00410,0.48581328988075256,0.20196150243282318,0.7946143746376038,0.5642675757408142,0.2766948342323303,0.9679336547851562,1.0,0.22314351797103882,0.3854404389858246
222,frame_00847,v40c_00411,0.4843786954879761,0.2023266702890396,0.7947984933853149,0.5647443532943726,0.2778138816356659,0.9678293466567993,1.0,0.18100450932979584,0.2597251534461975
223,frame_00848,v40c_00412,0.48673802614212036,0.20346185564994812,0.7956861257553101,0.5646653175354004,0.2807427644729614,0.9687145948410034,1.0,0.20968714356422424,0.3685956597328186
224,frame_00849,v40c_00413,0.48880186676979065,0.20410379767417908,0.796065092086792,0.563955545425415,0.2829146683216095,0.9689682722091675,1.0,0.1818087100982666,0.2724662721157074
225,frame_00850,v40c_00414,0.4909733235836029,0.20446234941482544,0.7989878058433533,0.5628114342689514,0.280682235956192,0.9708771705627441,1.0,0.2268780916929245,0.4003499150276184
226,frame_00851,v40c_00415,0.49219152331352234,0.20611046254634857,0.8007634282112122,0.5655523538589478,0.2805608808994293,0.9709919095039368,1.0,0.21521858870983124,0.3753402829170227
227,frame_00852,v40c_00416,0.4935523569583893,0.20708970725536346,0.8020060658454895,0.5597440004348755,0.2809395492076874,0.9711614847183228,1.0,0.22755302488803864,0.4242611825466156
228,frame_00853,v40c_00417,0.49474862217903137,0.20777304470539093,0.8016888499259949,0.5553984642028809,0.2825692892074585,0.9692443609237671,1.0,0.184158593416214,0.2746085226535797
229,frame_00854,v40c_00418,0.4956112802028656,0.20892074704170227,0.8052278757095337,0.5526861548423767,0.2873281240463257,0.9691449999809265,1.0,0.2612914443016052,0.5037201642990112
230,frame_00855,v40c_00419,0.4986739754676819,0.2113737165927887,0.8146532773971558,0.5507505536079407,0.29060009121894836,0.9684998393058777,1.0,0.18569089472293854,0.2979491055011749
231,frame_00856,v40c_00419,0.499983549118042,0.2123318761587143,0.8198760151863098,0.548453688621521,0.2914275825023651,0.9679929614067078,1.0,0.25740930438041687,0.4944555163383484
232,frame_00857,v40c_00419,0.5028824210166931,0.21362915635108948,0.8244510889053345,0.5486559271812439,0.29179415106773376,0.9675835371017456,1.0,0.22038473188877106,0.3862929940223694
233,frame_00858,v40c_00419,0.5028066039085388,0.21462766826152802,0.8244060277938843,0.5507799983024597,0.2884894609451294,0.9668852686882019,1.0,0.21939615905284882,0.39179491996765137
234,frame_00859,v40c_00420,0.503040075302124,0.21545186638832092,0.824212908744812,0.5513947606086731,0.2868388295173645,0.9662203788757324,1.0,0.21426822245121002,0.381965696811676
235,frame_00860,v40c_00421,0.5035675168037415,0.2159644067287445,0.8236368298530579,0.5510854125022888,0.2819838225841522,0.9656051397323608,1.0,0.207083061337471,0.38292041420936584
236,frame_00861,v40c_00422,0.5025748610496521,0.2151225060224533,0.8202277421951294,0.5493813753128052,0.27891969680786133,0.9653167724609375,1.0,0.2487937957048416,0.48239684104919434
237,frame_00862,v40c_00423,0.5015183091163635,0.213907852768898,0.8157340288162231,0.5459425449371338,0.27851971983909607,0.9636868238449097,1.0,0.23750242590904236,0.4325030744075775
238,frame_00863,v40c_00424,0.49935978651046753,0.21325303614139557,0.812006950378418,0.5458816289901733,0.28015372157096863,0.9647129774093628,1.0,0.22061723470687866,0.37697917222976685
239,frame_00864,v40c_00424,0.49942612648010254,0.21300500631332397,0.8134931325912476,0.5432158708572388,0.28209200501441956,0.964640736579895,1.0,0.23588931560516357,0.4232301115989685
240,frame_00865,v40c_00425,0.5003410577774048,0.2142566442489624,0.82176274061203,0.5405319929122925,0.2833331525325775,0.965100109577179,1.0,0.24690140783786774,0.47181233763694763
241,frame_00866,v40c_00426,0.5005677342414856,0.21459569036960602,0.8254281282424927,0.5360771417617798,0.28612208366394043,0.9662768244743347,1.0,0.25364822149276733,0.4608255922794342
242,frame_00867,v40c_00427,0.5017375349998474,0.21517838537693024,0.8291224241256714,0.5354878306388855,0.28821560740470886,0.9685560464859009,1.0,0.24347449839115143,0.4626288414001465
243,frame_00868,v40c_00428,0.5060710906982422,0.21746492385864258,0.8347645998001099,0.5343538522720337,0.28735172748565674,0.9711422920227051,1.0,0.21220821142196655,0.3874273896217346
244,frame_00869,v40c_00429,0.5081841945648193,0.21868692338466644,0.8370013236999512,0.5371647477149963,0.28566521406173706,0.968724250793457,1.0,0.2261681705713272,0.4445560574531555
245,frame_00870,v40c_00429,0.5086336731910706,0.21895308792591095,0.8373726010322571,0.5326367616653442,0.2930372953414917,0.9685586094856262,1.0,0.2335365265607834,0.4709304869174957
246,frame_00871,v40c_00429,0.507574200630188,0.21860626339912415,0.8312716484069824,0.5240007042884827,0.29380202293395996,0.9707194566726685,1.0,0.20980021357536316,0.39706704020500183
247,frame_00872,v40c_00429,0.5060932040214539,0.21517038345336914,0.8284444808959961,0.5214146375656128,0.29250282049179077,0.975285530090332,1.0,0.25737255811691284,0.5030590295791626
248,frame_00873,v40c_00430,0.5078518390655518,0.2170582115650177,0.8351593017578125,0.5234713554382324,0.2893913686275482,0.9779570698738098,1.0,0.21798637509346008,0.4093649983406067
249,frame_00874,v40c_00431,0.514836311340332,0.2214692234992981,0.8483270406723022,0.524337112903595,0.2881130576133728,0.9782668948173523,1.0,0.25325071811676025,0.489173024892807
250,frame_00875,v40c_00432,0.5161518454551697,0.22297018766403198,0.8489632606506348,0.5276755094528198,0.2845170497894287,0.9759677052497864,1.0,0.21459069848060608,0.39968883991241455
251,frame_00876,v40c_00433,0.5154030919075012,0.22267547249794006,0.8462938070297241,0.5215926766395569,0.2837088704109192,0.9735938310623169,1.0,0.25859716534614563,0.5085583925247192
252,frame_00877,v40c_00434,0.5136590003967285,0.22103314101696014,0.8414314985275269,0.5182121992111206,0.2845603823661804,0.9717743992805481,1.0,0.2688930928707123,0.5293745994567871
253,frame_00878,v40c_00435,0.5126148462295532,0.22019062936306,0.8395377397537231,0.5116528868675232,0.28661811351776123,0.9699085354804993,1.0,0.21647049486637115,0.3919845521450043
254,frame_00879,v40c_00436,0.5127230286598206,0.22039227187633514,0.8421148061752319,0.5113170146942139,0.28645363450050354,0.9696337580680847,1.0,0.18201178312301636,0.28059035539627075
255,frame_00880,v40c_00437,0.5133917331695557,0.22065044939517975,0.8456302881240845,0.5063300728797913,0.28514349460601807,0.9685484170913696,1.0,0.21951909363269806,0.3900436758995056
256,frame_00881,v40c_00438,0.5132890939712524,0.2212144434452057,0.8466866612434387,0.49717625975608826,0.28422167897224426,0.9693571925163269,1.0,0.24531401693820953,0.4661005139350891
257,frame_00882,v40c_00439,0.51585453748703,0.222052201628685,0.8522674441337585,0.4960784614086151,0.28646788001060486,0.969992458820343,1.0,0.2565111815929413,0.49590247869491577
258,frame_00883,v40c_00440,0.5175881385803223,0.22445207834243774,0.8590507507324219,0.49496668577194214,0.28552713990211487,0.9721882939338684,1.0,0.23651504516601562,0.4672900140285492
259,frame_00884,v40c_00440,0.5192128419876099,0.22527268528938293,0.8636459112167358,0.49077609181404114,0.2829848825931549,0.9713233709335327,1.0,0.2396228015422821,0.4433726668357849
260,frame_00885,v40c_00440,0.5187375545501709,0.22582171857357025,0.8643108606338501,0.4923238456249237,0.28408220410346985,0.9703301191329956,1.0,0.25604820251464844,0.4767458438873291
261,frame_00886,v40c_00440,0.5196548700332642,0.2261170744895935,0.8657829165458679,0.4945243299007416,0.28374671936035156,0.9718015789985657,1.0,0.19408828020095825,0.3095985949039459
262,frame_00887,v40c_00440,0.5192775130271912,0.226438507437706,0.8659812808036804,0.49639198184013367,0.28265607357025146,0.9735787510871887,1.0,0.24043898284435272,0.45263925194740295
263,frame_00888,v40c_00440,0.5193199515342712,0.22582842409610748,0.8655170202255249,0.494706928730011,0.2823432981967926,0.9746512174606323,1.0,0.23579536378383636,0.46696844696998596
264,frame_00889,v40c_00440,0.5199185013771057,0.22633743286132812,0.8663662075996399,0.4935813248157501,0.28203848004341125,0.9741010665893555,1.0,0.23075582087039948,0.43912211060523987
265,frame_00890,v40c_00441,0.5204312205314636,0.2266853004693985,0.8677030801773071,0.4920784831047058,0.2837259769439697,0.9742246866226196,1.0,0.21071428060531616,0.3911603093147278
266,frame_00891,v40c_00442,0.5203621983528137,0.22703978419303894,0.8683594465255737,0.4967380464076996,0.28165706992149353,0.9771065711975098,1.0,0.24239933490753174,0.45985880494117737
267,frame_00892,v40c_00443,0.5210716128349304,0.22668862342834473,0.8677852749824524,0.5051461458206177,0.2831250727176666,0.9779422879219055,1.0,0.23942378163337708,0.48512110114097595
268,frame_00893,v40c_00444,0.5197713375091553,0.22712327539920807,0.8669502139091492,0.5044166445732117,0.2819397747516632,0.9779659509658813,1.0,0.21519812941551208,0.3941972851753235
269,frame_00894,v40c_00444,0.5186643600463867,0.22645466029644012,0.8669330477714539,0.4938855469226837,0.27872952818870544,0.9759541749954224,1.0,0.19494017958641052,0.3176606297492981
270,frame_00895,v40c_00444,0.5173386931419373,0.22589999437332153,0.8659889101982117,0.4889070689678192,0.2839771807193756,0.9739269018173218,1.0,0.16785748302936554,0.21998576819896698
271,frame_00932,v40c_00454,0.5039989948272705,0.24088017642498016,0.8795443773269653,0.48870792984962463,0.2861124873161316,0.9829104542732239,1.0,0.22939090430736542,0.456702321767807
272,frame_00933,v40c_00454,0.49899160861968994,0.24005277454853058,0.8819317817687988,0.488516628742218,0.28702571988105774,0.9832744598388672,1.0,0.26300036907196045,0.5238759517669678
273,frame_00934,v40c_00454,0.49706026911735535,0.24197956919670105,0.8843329548835754,0.48458555340766907,0.2853921353816986,0.9831658601760864,1.0,0.20188221335411072,0.3533860743045807
274,frame_00935,v40c_00454,0.4967820942401886,0.24202856421470642,0.8858010172843933,0.4840298295021057,0.2842046022415161,0.9832533597946167,1.0,0.20651620626449585,0.37198522686958313
275,frame_00936,v40c_00454,0.49548760056495667,0.2429380863904953,0.8866536021232605,0.4870709776878357,0.2779749929904938,0.9824018478393555,1.0,0.2184711992740631,0.3936857283115387
276,frame_00937,v40c_00454,0.4959508180618286,0.24303096532821655,0.8870622515678406,0.4886004328727722,0.27557849884033203,0.9808758497238159,1.0,0.2533722519874573,0.5215590596199036
277,frame_00938,v40c_00454,0.49388447403907776,0.24162887036800385,0.8868435025215149,0.47809213399887085,0.2746819853782654,0.9787830114364624,1.0,0.24817968904972076,0.5065526366233826
278,frame_00939,v40c_00454,0.4969715476036072,0.2399720996618271,0.8836623430252075,0.4753587245941162,0.2773101329803467,0.9775411486625671,1.0,0.2754054665565491,0.5516785979270935
279,frame_00940,v40c_00454,0.5016892552375793,0.24291248619556427,0.8846102952957153,0.4753114879131317,0.2790105938911438,0.9783584475517273,1.0,0.2230738401412964,0.4322216510772705
280,frame_00941,v40c_00454,0.503386378288269,0.24535919725894928,0.8867542147636414,0.4684656262397766,0.27595818042755127,0.9751532673835754,1.0,0.18275481462478638,0.2946332097053528
281,frame_00942,v40c_00454,0.5023249983787537,0.2459498643875122,0.8861778378486633,0.47909507155418396,0.27338457107543945,0.979847252368927,1.0,0.2726594805717468,0.5482123494148254
282,frame_00943,v40c_00454,0.5065261125564575,0.24662816524505615,0.8881961107254028,0.4950025975704193,0.27715542912483215,0.9836646318435669,1.0,0.2318437248468399,0.4483305513858795
283,frame_00960,v40c_00454,0.49520522356033325,0.24577422440052032,0.8917478322982788,0.4583492875099182,0.2698379158973694,0.9696781039237976,1.0,0.23641347885131836,0.46925273537635803
284,frame_00961,v40c_00454,0.49834123253822327,0.24755410850048065,0.8924516439437866,0.4529782831668854,0.2683170437812805,0.963958740234375,1.0,0.22765709459781647,0.47652745246887207
285,frame_00962,v40c_00455,0.5089885592460632,0.2518889904022217,0.8994404673576355,0.4531565010547638,0.2692762315273285,0.9631152153015137,1.0,0.22611084580421448,0.4306667745113373
286,frame_00963,v40c_00456,0.5149149894714355,0.2525826096534729,0.899955153465271,0.4611120820045471,0.2719418406486511,0.9679506421089172,1.0,0.2580741047859192,0.5130599141120911
287,frame_00964,v40c_00457,0.5206982493400574,0.2508586049079895,0.8977128863334656,0.47039103507995605,0.27401813864707947,0.9734910130500793,1.0,0.16162936389446259,0.1726524531841278
288,frame_00965,v40c_00458,0.5141000151634216,0.24995876848697662,0.8973832130432129,0.48484545946121216,0.27943265438079834,0.9798153638839722,1.0,0.27469363808631897,0.5905387997627258
289,frame_00966,v40c_00454,0.5029412508010864,0.24902957677841187,0.8941000699996948,0.4889524281024933,0.2806043028831482,0.9805185198783875,1.0,0.16293157637119293,0.17785947024822235
290,frame_00967,v40c_00454,0.5012869834899902,0.24860084056854248,0.8930473327636719,0.4903283417224884,0.2781130373477936,0.9793478846549988,1.0,0.20265847444534302,0.36819151043891907
291,frame_00968,v40c_00454,0.5010603070259094,0.24760779738426208,0.8927561044692993,0.4824036657810211,0.27352383732795715,0.9752036929130554,1.0,0.2611190378665924,0.5164474248886108
292,frame_00969,v40c_00454,0.5050666928291321,0.24721366167068481,0.8921909332275391,0.47686251997947693,0.27717554569244385,0.9719266891479492,1.0,0.2211664468050003,0.4203890264034271
293,frame_00970,v40c_00454,0.5106394290924072,0.2468845546245575,0.8923314213752747,0.47846516966819763,0.28067293763160706,0.97090083360672,1.0,0.26164379715919495,0.5369330644607544
294,frame_00971,v40c_00459,0.5172820091247559,0.24800582230091095,0.8917635083198547,0.48187822103500366,0.2801395654678345,0.975398063659668,1.0,0.21026813983917236,0.38701483607292175
295,frame_00972,v40c_00460,0.5200536847114563,0.24858906865119934,0.8922654986381531,0.4820632040500641,0.2793189287185669,0.9739151000976562,1.0,0.1793486624956131,0.27035900950431824
296,frame_00973,v40c_00461,0.5132022500038147,0.24791890382766724,0.8928108215332031,0.4766201078891754,0.280307799577713,0.9713231921195984,1.0,0.23539644479751587,0.45609140396118164
297,frame_00974,v40c_00456,0.5184455513954163,0.24900734424591064,0.891970157623291,0.47155866026878357,0.28059789538383484,0.969739556312561,1.0,0.22524984180927277,0.4444158673286438
298,frame_00975,v40c_00462,0.5233160257339478,0.25124919414520264,0.8930255174636841,0.47537028789520264,0.2810579240322113,0.9765793681144714,1.0,0.23093512654304504,0.4413372874259949
299,frame_00976,v40c_00463,0.5192936062812805,0.2522222101688385,0.8939107656478882,0.47731491923332214,0.28190407156944275,0.9774103164672852,1.0,0.20791034400463104,0.40686434507369995
300,frame_00977,v40c_00464,0.5111585259437561,0.25206518173217773,0.8936852216720581,0.4740641713142395,0.27767837047576904,0.9734266996383667,1.0,0.2556597590446472,0.5014889240264893
301,frame_00978,v40c_00464,0.5097674131393433,0.25156259536743164,0.8931795954704285,0.4708094596862793,0.27718880772590637,0.9725366830825806,1.0,0.2676006853580475,0.52384352684021
302,frame_00979,v40c_00465,0.5155222415924072,0.2510603368282318,0.8932183980941772,0.4715128540992737,0.278353750705719,0.9737469553947449,1.0,0.18966349959373474,0.29131174087524414
303,frame_00980,v40c_00466,0.5153454542160034,0.25075796246528625,0.8930478096008301,0.4741855561733246,0.2778618037700653,0.9754026532173157,1.0,0.2426895946264267,0.4555720388889313
304,frame_00981,v40c_00465,0.5124428272247314,0.2504812180995941,0.8921471834182739,0.46520522236824036,0.27543193101882935,0.9707037210464478,1.0,0.24246923625469208,0.4504360258579254
305,frame_00982,v40c_00467,0.5130836963653564,0.24994587898254395,0.8920713663101196,0.4604601562023163,0.2730219066143036,0.969683051109314,1.0,0.23677648603916168,0.4525473117828369
306,frame_00983,v40c_00468,0.5181350111961365,0.2534600496292114,0.8950806856155396,0.45279261469841003,0.27034109830856323,0.9672735929489136,1.0,0.2197628915309906,0.4429709017276764
307,frame_00984,v40c_00469,0.5236091017723083,0.2574750483036041,0.8972843885421753,0.4491364061832428,0.27029141783714294,0.9632924795150757,1.0,0.24193571507930756,0.4793427586555481
308,frame_00985,v40c_00470,0.5265722870826721,0.25836795568466187,0.8991273045539856,0.4498800039291382,0.2710678279399872,0.9642165899276733,1.0,0.17816002666950226,0.2872859239578247
309,frame_00986,v40c_00470,0.5345006585121155,0.2591269910335541,0.900740921497345,0.4456712305545807,0.2673003077507019,0.9630171060562134,1.0,0.23672981560230255,0.4427002966403961
310,frame_00987,v40c_00470,0.5347781181335449,0.2592480182647705,0.9009215235710144,0.4460631310939789,0.2654547691345215,0.9625104069709778,1.0,0.25738781690597534,0.5053539276123047
311,frame_00988,v40c_00471,0.5387922525405884,0.2567829489707947,0.9034668207168579,0.45811498165130615,0.2678074538707733,0.9693981409072876,1.0,0.23332859575748444,0.45567211508750916
312,frame_00989,v40c_00472,0.5401541590690613,0.2548748850822449,0.9043135643005371,0.46426770091056824,0.2699955999851227,0.9722960591316223,1.0,0.2413824200630188,0.4779711663722992
313,frame_00990,v40c_00473,0.5343068242073059,0.2527834475040436,0.90019690990448,0.46382880210876465,0.26799437403678894,0.9711667895317078,1.0,0.19621509313583374,0.3161923289299011
314,frame_00991,v40c_00474,0.53083336353302,0.2524043321609497,0.898703932762146,0.4676871597766876,0.2677035331726074,0.9714061617851257,1.0,0.21808640658855438,0.3856794536113739
315,frame_00992,v40c_00474,0.5319817662239075,0.25237837433815,0.8971813321113586,0.4684808850288391,0.26611483097076416,0.9708221554756165,1.0,0.209011048078537,0.37591618299484253
316,frame_00993,v40c_00475,0.5299465656280518,0.25054800510406494,0.895860493183136,0.4603978395462036,0.26214635372161865,0.9648997187614441,1.0,0.17796888947486877,0.2692992091178894
317,frame_00994,v40c_00475,0.5341660380363464,0.2494783103466034,0.8959091901779175,0.4561642110347748,0.2646053433418274,0.9608384966850281,1.0,0.21764877438545227,0.42407354712486267
318,frame_00995,v40c_00476,0.5427626967430115,0.24843285977840424,0.8995472192764282,0.45390287041664124,0.2668575048446655,0.9603670239448547,1.0,0.2048279047012329,0.3640406131744385
319,frame_00996,v40c_00477,0.546506404876709,0.24761946499347687,0.9021002650260925,0.4641211926937103,0.2673252522945404,0.9635001420974731,1.0,0.25983017683029175,0.5016338229179382
320,frame_00997,v40c_00478,0.5471130609512329,0.24806854128837585,0.9035704731941223,0.45700058341026306,0.2630228102207184,0.9568084478378296,1.0,0.2559851109981537,0.47092780470848083
321,frame_00998,v40c_00477,0.5471121668815613,0.24714523553848267,0.9018424153327942,0.4514796733856201,0.26824507117271423,0.9538920521736145,1.0,0.2189761996269226,0.41355934739112854
322,frame_00999,v40c_00479,0.5499262809753418,0.2433692067861557,0.8974609375,0.46117693185806274,0.27250659465789795,0.9582436680793762,1.0,0.284881055355072,0.5658465623855591
323,frame_01000,v40c_00480,0.5366639494895935,0.2457590252161026,0.9121626615524292,0.4674944281578064,0.27227187156677246,0.9600580334663391,1.0,0.19593724608421326,0.3359828591346741
324,frame_01001,v40c_00481,0.534041166305542,0.24673166871070862,0.9141253232955933,0.4698493480682373,0.2728586792945862,0.9586948156356812,1.0,0.1684606969356537,0.19922158122062683
325,frame_01002,v40c_00480,0.5379093885421753,0.24614085257053375,0.9131659269332886,0.4733240604400635,0.2736170291900635,0.9587594270706177,1.0,0.2543952465057373,0.47442251443862915
326,frame_01003,v40c_00481,0.5333288311958313,0.24589261412620544,0.9136355519294739,0.4748176038265228,0.27290186285972595,0.9596313238143921,1.0,0.2187166064977646,0.3633705675601959
327,frame_01004,v40c_00481,0.533847451210022,0.2447606474161148,0.9121567606925964,0.482854425907135,0.27132532000541687,0.9612067937850952,1.0,0.2400466799736023,0.4419651925563812
328,frame_01005,v40c_00482,0.5325786471366882,0.24303796887397766,0.9111839532852173,0.4932239055633545,0.26952284574508667,0.9625803828239441,1.0,0.21443647146224976,0.39287275075912476
329,frame_01006,v40c_00483,0.5360229015350342,0.24171078205108643,0.9076558947563171,0.49385467171669006,0.2694399654865265,0.9618011713027954,1.0,0.2598750591278076,0.4871637225151062
330,frame_01007,v40c_00483,0.5389516949653625,0.24063226580619812,0.9053604006767273,0.49246516823768616,0.2697739899158478,0.9609082341194153,1.0,0.20046935975551605,0.33962205052375793
331,frame_01008,v40c_00484,0.5447816848754883,0.2388416826725006,0.8986184000968933,0.49081185460090637,0.27195093035697937,0.9597750902175903,1.0,0.19120889902114868,0.2813301980495453
332,frame_01009,v40c_00483,0.543433666229248,0.2395028918981552,0.9001356363296509,0.49397173523902893,0.2744184732437134,0.9611177444458008,1.0,0.17396140098571777,0.25047364830970764
333,frame_01010,v40c_00483,0.5402005910873413,0.2398960441350937,0.9036890268325806,0.4963589012622833,0.2739945948123932,0.9611979722976685,1.0,0.2298671305179596,0.4059218764305115
334,frame_01011,v40c_00483,0.5413128733634949,0.23977309465408325,0.9025455713272095,0.5027117729187012,0.2713303565979004,0.9627423286437988,1.0,0.21994060277938843,0.38653865456581116
335,frame_01012,v40c_00483,0.5418595671653748,0.2395530641078949,0.901983916759491,0.5038012862205505,0.2690868079662323,0.9618298411369324,1.0,0.19200758635997772,0.2979324758052826
336,frame_01013,v40c_00485,0.5473522543907166,0.23763345181941986,0.8957499265670776,0.5006455183029175,0.26788681745529175,0.9585558772087097,1.0,0.18800215423107147,0.2932147681713104
337,frame_01014,v40c_00486,0.5489075779914856,0.23653660714626312,0.8936282396316528,0.49268993735313416,0.2704952359199524,0.9576799273490906,1.0,0.222945898771286,0.40215617418289185
338,frame_01015,v40c_00487,0.5437259674072266,0.2353270947933197,0.8938038945198059,0.4912314713001251,0.2740326523780823,0.9573177099227905,1.0,0.2170897275209427,0.38590675592422485
339,frame_01016,v40c_00488,0.535573422908783,0.2362687587738037,0.9007042050361633,0.49277716875076294,0.27455398440361023,0.9582616090774536,1.0,0.21134279668331146,0.3663460910320282
340,frame_01017,v40c_00489,0.5342357754707336,0.23773899674415588,0.9039674997329712,0.4980761408805847,0.27341875433921814,0.9608598947525024,1.0,0.17912618815898895,0.24616310000419617
341,frame_01018,v40c_00490,0.5393783450126648,0.23650319874286652,0.8981559872627258,0.5068454742431641,0.2694185972213745,0.9619777798652649,1.0,0.19353611767292023,0.3130730390548706
342,frame_01019,v40c_00491,0.5420953631401062,0.2336907833814621,0.8919375538825989,0.5059152245521545,0.2664037048816681,0.9606037139892578,1.0,0.21185527741909027,0.3537048101425171
343,frame_01020,v40c_00491,0.543093740940094,0.23240110278129578,0.8909786343574524,0.5056760311126709,0.26574036478996277,0.9602881669998169,1.0,0.22200973331928253,0.38954347372055054
344,frame_01021,v40c_00492,0.542161226272583,0.2304927408695221,0.8897475004196167,0.5079534649848938,0.2639347314834595,0.9610573649406433,1.0,0.2478458434343338,0.43554869294166565
345,frame_01022,v40c_00493,0.5415640473365784,0.22789426147937775,0.8873709440231323,0.5091210007667542,0.26253414154052734,0.9609588384628296,1.0,0.17472538352012634,0.23796717822551727
346,frame_01023,v40c_00494,0.5421921014785767,0.22313278913497925,0.8795480728149414,0.5010859370231628,0.2623380720615387,0.9581217765808105,1.0,0.2158266007900238,0.3468448519706726
347,frame_01075,v40c_00526,0.5016322135925293,0.15723296999931335,0.8146109580993652,0.5353595614433289,0.2757813036441803,0.9591792225837708,1.0,0.19009284675121307,0.28165537118911743
348,frame_01076,v40c_00526,0.49933066964149475,0.15698519349098206,0.8157200813293457,0.5410230159759521,0.27760830521583557,0.9616371393203735,1.0,0.17399688065052032,0.22790002822875977
349,frame_01077,v40c_00526,0.4991162419319153,0.15701885521411896,0.8161651492118835,0.5420798063278198,0.2787100374698639,0.9637142419815063,1.0,0.17304982244968414,0.2087572067975998
350,frame_01078,v40c_00526,0.49807804822921753,0.15620319545269012,0.8153912425041199,0.5433319807052612,0.27888360619544983,0.9655933380126953,1.0,0.2080998420715332,0.38721904158592224
351,frame_01079,v40c_00526,0.49999916553497314,0.15330477058887482,0.8095315098762512,0.5427777767181396,0.27896273136138916,0.9658902287483215,1.0,0.17148251831531525,0.2323804795742035
352,frame_01167,v40c_00596,0.5383060574531555,0.1460898518562317,0.7953909039497375,0.5204979181289673,0.271277517080307,0.9514847993850708,1.0,0.19611816108226776,0.35005825757980347
353,frame_01168,v40c_00596,0.5396800637245178,0.14561957120895386,0.7898386120796204,0.5212422013282776,0.27242526412010193,0.9526839256286621,1.0,0.1562819927930832,0.1222710832953453
354,frame_01169,v40c_00596,0.539351761341095,0.14483976364135742,0.7884474992752075,0.5245274901390076,0.2729872465133667,0.9536778330802917,1.0,0.189585343003273,0.31367889046669006
355,frame_01170,v40c_00596,0.5378412008285522,0.14364342391490936,0.7862290143966675,0.528454601764679,0.27219852805137634,0.9500256776809692,1.0,0.1597762554883957,0.1427750140428543
356,frame_01171,v40c_00596,0.5375977754592896,0.14371715486049652,0.7865020036697388,0.5331860184669495,0.2720668613910675,0.9523249864578247,1.0,0.20140394568443298,0.36055177450180054
357,frame_01172,v40c_00596,0.5462353825569153,0.1483907550573349,0.7918039560317993,0.5325834155082703,0.2707662582397461,0.9536140561103821,1.0,0.23164424300193787,0.460589736700058
358,frame_01216,v40c_00612,0.5291114449501038,0.1465289443731308,0.7486830353736877,0.5198394656181335,0.2659585177898407,0.9556757807731628,1.0,0.15636517107486725,0.12586985528469086
359,frame_01217,v40c_00612,0.5305395722389221,0.14713267982006073,0.7496151924133301,0.5223648548126221,0.2653098702430725,0.9566408395767212,1.0,0.2070324420928955,0.3554428219795227
360,frame_01218,v40c_00612,0.531024694442749,0.1467076689004898,0.7480382323265076,0.5194752812385559,0.2645999789237976,0.9557554125785828,1.0,0.15807999670505524,0.13073839247226715
361,frame_01219,v40c_00612,0.5299962162971497,0.1454378366470337,0.7453791499137878,0.5194154977798462,0.263799786567688,0.9539990425109863,1.0,0.15992332994937897,0.1392713040113449
362,frame_01220,v40c_00612,0.5301607847213745,0.14542709290981293,0.7458738684654236,0.5241087675094604,0.26384681463241577,0.9523537755012512,1.0,0.18525999784469604,0.2895351052284241
363,frame_01221,v40c_00612,0.5331770777702332,0.1461857706308365,0.7463111281394958,0.5256530046463013,0.26406130194664,0.9518934488296509,1.0,0.1603182852268219,0.16130511462688446
364,frame_01222,v40c_00612,0.5358693599700928,0.1465941220521927,0.7466799020767212,0.5250244140625,0.26416438817977905,0.9523544311523438,1.0,0.2110365480184555,0.3702617585659027
365,frame_01223,v40c_00612,0.5373696684837341,0.14585867524147034,0.7449900507926941,0.5240417122840881,0.2628200352191925,0.9503366351127625,1.0,0.17107976973056793,0.21195431053638458
366,frame_01224,v40c_00612,0.5378117561340332,0.1454535573720932,0.7452343702316284,0.524831235408783,0.2626191973686218,0.9492506980895996,1.0,0.1572224199771881,0.1362602263689041
367,frame_01225,v40c_00612,0.5388162136077881,0.14571212232112885,0.7446048259735107,0.5272177457809448,0.26235535740852356,0.948660671710968,1.0,0.17470011115074158,0.22921474277973175
368,frame_01226,v40c_00612,0.5401620268821716,0.14579004049301147,0.7448544502258301,0.5331920981407166,0.2614782154560089,0.9498816728591919,1.0,0.17593610286712646,0.2378133237361908
369,frame_01227,v40c_00612,0.5410388112068176,0.14522042870521545,0.7426782846450806,0.5387821197509766,0.25997868180274963,0.9499238729476929,1.0,0.18186819553375244,0.25704318284988403
370,frame_01228,v40c_00612,0.5397278666496277,0.14333663880825043,0.7376071810722351,0.5466941595077515,0.25857654213905334,0.9488406181335449,1.0,0.21760766208171844,0.37622886896133423
371,frame_01229,v40c_00612,0.5392833352088928,0.14226005971431732,0.7352184057235718,0.5493547320365906,0.25757262110710144,0.9469927549362183,1.0,0.1795925796031952,0.2586047053337097
372,frame_01230,v40c_00612,0.5380256175994873,0.14093992114067078,0.7325772047042847,0.5486590266227722,0.2556755244731903,0.9428035020828247,1.0,0.18981409072875977,0.2893025875091553
373,frame_01231,v40c_00612,0.5391921401023865,0.14057767391204834,0.7309271097183228,0.5459864735603333,0.25604552030563354,0.9417365193367004,1.0,0.19739504158496857,0.3284992575645447
374,frame_01232,v40c_00612,0.5411790609359741,0.14174307882785797,0.7326235771179199,0.5453882813453674,0.2566135823726654,0.9418725967407227,1.0,0.17234106361865997,0.20626001060009003
375,frame_01233,v40c_00612,0.5423559546470642,0.14268623292446136,0.7344669103622437,0.542234480381012,0.25776565074920654,0.9429996609687805,1.0,0.19389156997203827,0.2941006124019623
376,frame_01234,v40c_00612,0.5443617105484009,0.1443946659564972,0.7384562492370605,0.5399402976036072,0.25842171907424927,0.9432933926582336,1.0,0.19176895916461945,0.2895594835281372
377,frame_01235,v40c_00612,0.5450535416603088,0.14497686922550201,0.7390905618667603,0.5404716730117798,0.2591080069541931,0.9453722238540649,1.0,0.17502108216285706,0.20162895321846008
378,frame_01236,v40c_00612,0.5450509786605835,0.1460958570241928,0.7423031330108643,0.5411163568496704,0.25933125615119934,0.9469118118286133,1.0,0.20322610437870026,0.3227066397666931
379,frame_01237,v40c_00612,0.5451761484146118,0.14759178459644318,0.746397852897644,0.5429175496101379,0.2586146891117096,0.9499632120132446,1.0,0.1747860312461853,0.22752320766448975
380,frame_01238,v40c_00613,0.5415959358215332,0.1479908972978592,0.7473042607307434,0.5459343194961548,0.2586480677127838,0.949630856513977,1.0,0.21362857520580292,0.3685736060142517
381,frame_01239,v40c_00612,0.5393171310424805,0.14841915667057037,0.748046875,0.5451177954673767,0.25753501057624817,0.9459233283996582,1.0,0.17856252193450928,0.22792422771453857
382,frame_01240,v40c_00612,0.5397160649299622,0.1506507694721222,0.7513229846954346,0.5467539429664612,0.25941184163093567,0.9461797475814819,1.0,0.19162562489509583,0.2814776301383972
383,frame_01241,v40c_00614,0.5414209961891174,0.15340451896190643,0.7561821937561035,0.5480151176452637,0.26007887721061707,0.9481534957885742,1.0,0.17168375849723816,0.2122834175825119
384,frame_01242,v40c_00615,0.5438424348831177,0.15814177691936493,0.7634870409965515,0.5507733225822449,0.2599146366119385,0.9500255584716797,1.0,0.18634562194347382,0.2453141212463379
385,frame_01243,v40c_00616,0.5434794425964355,0.1573939025402069,0.7605635523796082,0.5540602803230286,0.25935640931129456,0.9509437680244446,1.0,0.1919003576040268,0.2781617045402527
386,frame_01244,v40c_00617,0.5426917672157288,0.15707731246948242,0.758534848690033,0.5532665252685547,0.25835660099983215,0.9516860842704773,1.0,0.17774192988872528,0.24932482838630676
387,frame_01245,v40c_00618,0.5417049527168274,0.15649528801441193,0.756899356842041,0.5540019869804382,0.2571004033088684,0.9507076144218445,1.0,0.2002786248922348,0.32149237394332886
388,frame_01246,v40c_00618,0.5406607985496521,0.156025692820549,0.7562764286994934,0.5540174245834351,0.2551611065864563,0.9492858052253723,1.0,0.2008873075246811,0.32670918107032776
389,frame_01247,v40c_00618,0.5393617749214172,0.15542227029800415,0.754632294178009,0.5510158538818359,0.2543184459209442,0.9489032030105591,1.0,0.1845531463623047,0.2335038185119629
390,frame_01248,v40c_00618,0.539336085319519,0.15566566586494446,0.7554445266723633,0.5496543049812317,0.2531141936779022,0.9478543996810913,1.0,0.19866406917572021,0.29738327860832214
391,frame_01249,v40c_00618,0.5391721129417419,0.15557394921779633,0.7547203302383423,0.5485944151878357,0.2523308992385864,0.9465362429618835,1.0,0.16831788420677185,0.20019662380218506
392,frame_01250,v40c_00618,0.5403317213058472,0.1564883291721344,0.7578147649765015,0.5453670620918274,0.2519329786300659,0.945665717124939,1.0,0.21734975278377533,0.3813670575618744
393,frame_01251,v40c_00618,0.5405537486076355,0.15914753079414368,0.7627434730529785,0.5443296432495117,0.2522233724594116,0.9464139938354492,1.0,0.17774447798728943,0.23426370322704315
394,frame_01252,v40c_00619,0.5395290851593018,0.16172808408737183,0.7683881521224976,0.5452314019203186,0.2532651126384735,0.9482846260070801,1.0,0.17272338271141052,0.2145032435655594
395,frame_01253,v40c_00620,0.5376650094985962,0.1668068766593933,0.7760592699050903,0.5447294116020203,0.25362440943717957,0.9483286738395691,1.0,0.2296837866306305,0.4067074656486511
396,frame_01254,v40c_00620,0.5365663766860962,0.1698651909828186,0.7805387377738953,0.5450342297554016,0.25474900007247925,0.9494985342025757,1.0,0.1779683381319046,0.23261284828186035
397,frame_01255,v40c_00621,0.5360751748085022,0.17280611395835876,0.7847162485122681,0.5387687087059021,0.25355440378189087,0.9496010541915894,1.0,0.1714450865983963,0.21016645431518555
398,frame_01256,v40c_00622,0.5354467630386353,0.17552374303340912,0.7880873084068298,0.5342820286750793,0.2511450946331024,0.9451740384101868,1.0,0.19452302157878876,0.28479862213134766
399,frame_01257,v40c_00622,0.5358063578605652,0.17860627174377441,0.7932142019271851,0.5358971953392029,0.25122353434562683,0.9457106590270996,1.0,0.2022588551044464,0.28987401723861694
400,frame_01258,v40c_00622,0.5377172827720642,0.17926032841205597,0.7979258298873901,0.5305862426757812,0.2487231194972992,0.9383724927902222,1.0,0.20210130512714386,0.3195335268974304
401,frame_01259,v40c_00623,0.5392754077911377,0.1788846254348755,0.8018352389335632,0.5274257063865662,0.2489963173866272,0.9356048703193665,1.0,0.22246217727661133,0.4063502252101898
402,frame_01260,v40c_00624,0.5363373160362244,0.17910732328891754,0.8000999689102173,0.5280064940452576,0.24943913519382477,0.9361526370048523,1.0,0.22153159976005554,0.38880184292793274
403,frame_01261,v40c_00625,0.5371952056884766,0.17954297363758087,0.8016475439071655,0.529216468334198,0.2479456067085266,0.9360307455062866,1.0,0.19364137947559357,0.3043808937072754
404,frame_01262,v40c_00626,0.5368317365646362,0.17674289643764496,0.7943911552429199,0.5306064486503601,0.24707205593585968,0.9353472590446472,1.0,0.1663094013929367,0.18952509760856628
405,frame_01263,v40c_00627,0.5360406041145325,0.17389339208602905,0.7862893342971802,0.5300179719924927,0.24631088972091675,0.933249294757843,1.0,0.21682363748550415,0.37239325046539307
406,frame_01264,v40c_00628,0.5359108448028564,0.1705026775598526,0.7792714834213257,0.5297520756721497,0.24643288552761078,0.931904673576355,1.0,0.21306639909744263,0.3655652701854706
407,frame_01265,v40c_00629,0.5366292595863342,0.16826406121253967,0.7757067680358887,0.5308936238288879,0.2466381937265396,0.9314476251602173,1.0,0.21216963231563568,0.3556998372077942
408,frame_01266,v40c_00630,0.5373488068580627,0.166406512260437,0.7729310989379883,0.5296171307563782,0.24727660417556763,0.9292935132980347,1.0,0.18307718634605408,0.26958516240119934
409,frame_01267,v40c_00630,0.5379676818847656,0.16452990472316742,0.769026517868042,0.5304660797119141,0.24686746299266815,0.9295310974121094,1.0,0.18847940862178802,0.2847072184085846
410,frame_01268,v40c_00631,0.5400557518005371,0.1627252697944641,0.7664394974708557,0.5342475771903992,0.24436558783054352,0.930933952331543,1.0,0.2357109636068344,0.41576409339904785
411,frame_01269,v40c_00632,0.5414863228797913,0.16135743260383606,0.7625848054885864,0.5321590900421143,0.2434612214565277,0.9292587041854858,1.0,0.18895773589611053,0.290318101644516
412,frame_01270,v40c_00633,0.5427351593971252,0.15817774832248688,0.7592541575431824,0.5309163928031921,0.24254131317138672,0.9270912408828735,1.0,0.20559917390346527,0.3379303514957428
413,frame_01271,v40c_00634,0.5433608293533325,0.1535314917564392,0.758821427822113,0.530347466468811,0.242374986410141,0.9271969795227051,1.0,0.1952887326478958,0.3116059899330139
414,frame_01272,v40c_00635,0.5425459146499634,0.15046843886375427,0.7567014694213867,0.532232403755188,0.2422012835741043,0.9277359247207642,1.0,0.2011844366788864,0.32061269879341125
415,frame_01273,v40c_00635,0.5419796705245972,0.14778636395931244,0.7524927854537964,0.5331135392189026,0.24257305264472961,0.9300847053527832,1.0,0.20222148299217224,0.31091490387916565
416,frame_01274,v40c_00635,0.5423129796981812,0.1478751301765442,0.75285404920578,0.5296000838279724,0.24327953159809113,0.932829737663269,1.0,0.20177114009857178,0.32629552483558655
417,frame_01275,v40c_00636,0.543561577796936,0.14806526899337769,0.7498739361763,0.5292643904685974,0.24487197399139404,0.9344831705093384,1.0,0.211212620139122,0.3661614656448364
418,frame_01276,v40c_00637,0.5448588132858276,0.1494167000055313,0.7519276738166809,0.527992844581604,0.2458605021238327,0.9351550340652466,1.0,0.2321486622095108,0.4173935353755951
419,frame_01277,v40c_00638,0.5458082556724548,0.15187199413776398,0.7536924481391907,0.5272080898284912,0.2450496256351471,0.9344123601913452,1.0,0.20427986979484558,0.3347546458244324
420,frame_01278,v40c_00639,0.5468651056289673,0.1529734879732132,0.7558371424674988,0.5267148017883301,0.2449771910905838,0.9331645965576172,1.0,0.19159194827079773,0.2871256470680237
421,frame_01279,v40c_00640,0.5470041632652283,0.1532888114452362,0.7580971717834473,0.5298067331314087,0.24591821432113647,0.9339435696601868,1.0,0.16965344548225403,0.21239788830280304
422,frame_01317,v40c_00660,0.5272521376609802,0.1789255142211914,0.8168708086013794,0.4792822003364563,0.23523001372814178,0.9283111691474915,1.0,0.21431303024291992,0.3669430613517761
423,frame_01318,v40c_00660,0.5280007719993591,0.17859698832035065,0.8176280856132507,0.4792822003364563,0.23523001372814178,0.9283111691474915,1.0,0.22375835478305817,0.4085918962955475
424,frame_01920,v40c_01063,0.4570569097995758,0.2506856620311737,0.8663989305496216,0.3674330413341522,0.28710365295410156,0.9563180804252625,1.0,0.1815335750579834,0.2995881736278534
425,frame_01921,v40c_01064,0.45608142018318176,0.2510545551776886,0.8680831789970398,0.36799106001853943,0.2875952422618866,0.9566911458969116,1.0,0.21325691044330597,0.43536490201950073
426,frame_01922,v40c_01065,0.45493561029434204,0.25003308057785034,0.8649501800537109,0.36698228120803833,0.2889014184474945,0.9548951387405396,1.0,0.185867577791214,0.3287722170352936
427,frame_01923,v40c_01066,0.45110073685646057,0.24825873970985413,0.8598394393920898,0.36290431022644043,0.289172500371933,0.9530786275863647,1.0,0.252609521150589,0.5598536133766174
428,frame_01924,v40c_01067,0.4466284513473511,0.2467050701379776,0.8577015995979309,0.36297234892845154,0.28809425234794617,0.9534651041030884,1.0,0.22892822325229645,0.4920768737792969
429,frame_01925,v40c_01068,0.4419488310813904,0.24477775394916534,0.8539178967475891,0.3642902076244354,0.2880253791809082,0.953704833984375,1.0,0.15580451488494873,0.13537125289440155
430,frame_01926,v40c_01069,0.4408930838108063,0.24405726790428162,0.8530007600784302,0.3693285584449768,0.2879851162433624,0.9565345048904419,1.0,0.224476158618927,0.45625144243240356
431,frame_01927,v40c_01070,0.4440428614616394,0.24413934350013733,0.8537470102310181,0.36891743540763855,0.28639698028564453,0.9576054811477661,1.0,0.2482081800699234,0.5442050695419312
432,frame_01928,v40c_01071,0.4427199065685272,0.2421644777059555,0.8488922119140625,0.36718446016311646,0.28449639678001404,0.9574788808822632,1.0,0.191915363073349,0.3786357641220093
433,frame_01929,v40c_01072,0.440208375453949,0.24079455435276031,0.8447424173355103,0.3646816611289978,0.28216996788978577,0.9561842083930969,1.0,0.2194751352071762,0.45665183663368225
434,frame_01930,v40c_01073,0.43897339701652527,0.24003615975379944,0.8429020047187805,0.3656320571899414,0.28181731700897217,0.956457257270813,1.0,0.2228616625070572,0.47350963950157166
435,frame_01931,v40c_01074,0.4374009966850281,0.23920948803424835,0.842047393321991,0.3672886788845062,0.2823418974876404,0.956744372844696,1.0,0.18060705065727234,0.29652753472328186
436,frame_01932,v40c_01074,0.43680617213249207,0.23836137354373932,0.841376006603241,0.3727005422115326,0.2848038971424103,0.9584047198295593,1.0,0.1731511652469635,0.2538381516933441
437,frame_01933,v40c_01074,0.43839290738105774,0.23879140615463257,0.843066394329071,0.3748765289783478,0.2850985825061798,0.9599116444587708,1.0,0.18624047935009003,0.30489087104797363
438,frame_01934,v40c_01075,0.4396851062774658,0.2388327419757843,0.8466499447822571,0.3754066526889801,0.2850573658943176,0.9604499936103821,1.0,0.2276790738105774,0.47391051054000854
439,frame_01935,v40c_01076,0.43889039754867554,0.23794883489608765,0.8455967903137207,0.3733241856098175,0.28288087248802185,0.959834098815918,1.0,0.20010381937026978,0.3543166220188141
440,frame_01936,v40c_01076,0.4387611448764801,0.2378052920103073,0.845556378364563,0.37758752703666687,0.2837223410606384,0.9616621732711792,1.0,0.17658737301826477,0.28895729780197144
441,frame_01937,v40c_01077,0.4374045431613922,0.23630394041538239,0.8442705869674683,0.3846583962440491,0.28518927097320557,0.9642839431762695,1.0,0.18618842959403992,0.3181588053703308
442,frame_01938,v40c_01078,0.43591371178627014,0.23446227610111237,0.8451023101806641,0.38835254311561584,0.286235511302948,0.9659745097160339,1.0,0.26066628098487854,0.5710982084274292
443,frame_01939,v40c_01079,0.43903234601020813,0.2342963069677353,0.8486613035202026,0.3882162272930145,0.28623324632644653,0.9662555456161499,1.0,0.17787747085094452,0.29758700728416443
444,frame_01940,v40c_01080,0.4407253563404083,0.23429396748542786,0.8543822169303894,0.38891685009002686,0.28631335496902466,0.966474711894989,1.0,0.19553565979003906,0.3407744765281677
445,frame_01941,v40c_01080,0.4418169856071472,0.2343459576368332,0.8548818826675415,0.3874948024749756,0.2859306335449219,0.965953528881073,1.0,0.19029445946216583,0.32088130712509155
446,frame_01942,v40c_01080,0.4420766234397888,0.23448389768600464,0.8549582362174988,0.3894505798816681,0.28156527876853943,0.9671287536621094,1.0,0.17983004450798035,0.29004865884780884
447,frame_01943,v40c_01081,0.4412733316421509,0.23328272998332977,0.8537171483039856,0.38823410868644714,0.27759629487991333,0.9666383862495422,1.0,0.22012165188789368,0.464742511510849
448,frame_01944,v40c_01082,0.43895208835601807,0.23075532913208008,0.8566401600837708,0.3875180780887604,0.27322229743003845,0.9652631878852844,1.0,0.16398897767066956,0.21371367573738098
449,frame_01945,v40c_01083,0.43696263432502747,0.22871047258377075,0.8596904873847961,0.3886987566947937,0.27267590165138245,0.9647890329360962,1.0,0.21272845566272736,0.4272305369377136
450,frame_01946,v40c_01084,0.4362996518611908,0.22720767557621002,0.86125248670578,0.3893541395664215,0.27268847823143005,0.9647698402404785,1.0,0.15935225784778595,0.15983034670352936
451,frame_01947,v40c_01084,0.4359240233898163,0.22732603549957275,0.8629557490348816,0.3970887362957001,0.2790352702140808,0.9687883257865906,1.0,0.17697477340698242,0.24912330508232117
452,frame_01948,v40c_01084,0.4374138414859772,0.2279418408870697,0.863796055316925,0.40690818428993225,0.28376534581184387,0.9733237028121948,1.0,0.2073097825050354,0.37777987122535706
453,frame_01949,v40c_01085,0.43846917152404785,0.22856637835502625,0.865479588508606,0.4048917889595032,0.2791022062301636,0.9728348851203918,1.0,0.2562560737133026,0.5384255051612854
454,frame_01950,v40c_01086,0.4406316876411438,0.22966183722019196,0.8662880659103394,0.40074244141578674,0.27315860986709595,0.9702965617179871,1.0,0.1585361808538437,0.1621927171945572
455,frame_01951,v40c_01087,0.44485950469970703,0.23007993400096893,0.8773322105407715,0.4024345576763153,0.2663441300392151,0.9665037393569946,1.0,0.20766811072826385,0.40537023544311523
456,frame_01952,v40c_01088,0.44029390811920166,0.2268979400396347,0.8759651184082031,0.4018127918243408,0.26587942242622375,0.9663135409355164,1.0,0.25071677565574646,0.5378583669662476
457,frame_01953,v40c_01089,0.43584439158439636,0.22189369797706604,0.8732782602310181,0.40248799324035645,0.26840388774871826,0.9671120643615723,1.0,0.16566579043865204,0.20792639255523682
458,frame_01954,v40c_01090,0.43781158328056335,0.2243775874376297,0.8746822476387024,0.40971916913986206,0.2751186192035675,0.9726529121398926,1.0,0.2177623063325882,0.42719072103500366
459,frame_01955,v40c_01091,0.44257912039756775,0.22766877710819244,0.8795059323310852,0.4138904809951782,0.27679547667503357,0.9742487668991089,1.0,0.16906173527240753,0.23839302361011505
460,frame_01956,v40c_01092,0.4450390040874481,0.22809351980686188,0.880860447883606,0.41713395714759827,0.27470484375953674,0.9753832817077637,1.0,0.25881895422935486,0.5414971113204956
461,frame_01957,v40c_01093,0.44633975625038147,0.2280583679676056,0.8842935562133789,0.4162018299102783,0.2707735300064087,0.9732226133346558,1.0,0.1907743662595749,0.34557241201400757
462,frame_01958,v40c_01094,0.44636985659599304,0.22595568001270294,0.884394645690918,0.41478797793388367,0.2647916376590729,0.968914806842804,1.0,0.1764812469482422,0.2750743329524994
463,frame_01959,v40c_01095,0.44626349210739136,0.22250713407993317,0.8816765546798706,0.4158285856246948,0.2629949450492859,0.9681973457336426,1.0,0.16396906971931458,0.17968182265758514
464,frame_01960,v40c_01096,0.4470922648906708,0.22012661397457123,0.8785502314567566,0.41647353768348694,0.26249706745147705,0.9682679176330566,1.0,0.240384042263031,0.4967544972896576
465,frame_01961,v40c_01096,0.44782355427742004,0.2194880247116089,0.8797691464424133,0.41226133704185486,0.2595452666282654,0.966253936290741,1.0,0.22645297646522522,0.44356241822242737
466,frame_01962,v40c_01096,0.4482736885547638,0.21796467900276184,0.8750092387199402,0.4100281894207001,0.25946488976478577,0.9653980135917664,1.0,0.18843932449817657,0.32437992095947266
467,frame_01963,v40c_01097,0.4461826980113983,0.21744120121002197,0.8764387369155884,0.4141249358654022,0.26405540108680725,0.9690841436386108,1.0,0.2522538900375366,0.5279352068901062
468,frame_01964,v40c_01098,0.44683849811553955,0.21905285120010376,0.8784114718437195,0.4171343743801117,0.269544392824173,0.973170280456543,1.0,0.18231099843978882,0.3047497272491455
469,frame_01965,v40c_01099,0.4482008218765259,0.22096283733844757,0.8809559941291809,0.414472371339798,0.2707394063472748,0.9728901982307434,1.0,0.2577536404132843,0.5382553339004517
470,frame_01966,v40c_01099,0.4491724371910095,0.22341862320899963,0.8853660821914673,0.41567325592041016,0.2710539698600769,0.9733152389526367,1.0,0.26519566774368286,0.5609911680221558
471,frame_01967,v40c_01100,0.4498320519924164,0.22519882023334503,0.8866165280342102,0.4178312420845032,0.2715682089328766,0.9738925695419312,1.0,0.24598219990730286,0.5143090486526489
472,frame_01968,v40c_01101,0.45217806100845337,0.22700485587120056,0.8883124589920044,0.4202890694141388,0.27181485295295715,0.9746099710464478,1.0,0.15967562794685364,0.16995517909526825
473,frame_01969,v40c_01100,0.4545865058898926,0.22850751876831055,0.8901346921920776,0.41940414905548096,0.2691129148006439,0.9744054675102234,1.0,0.2603040337562561,0.5425421595573425
474,frame_01970,v40c_01102,0.45553067326545715,0.22614173591136932,0.889510452747345,0.4149828851222992,0.26320791244506836,0.9711729884147644,1.0,0.24129731953144073,0.5138217210769653
475,frame_01971,v40c_01103,0.4546557366847992,0.223979651927948,0.887503445148468,0.4123309850692749,0.25752609968185425,0.9680118560791016,1.0,0.18819484114646912,0.338903546333313
476,frame_01972,v40c_01104,0.45326516032218933,0.22050273418426514,0.88347989320755,0.410675585269928,0.25048428773880005,0.9631475210189819,1.0,0.2683970034122467,0.5682363510131836
477,frame_01973,v40c_01104,0.4517085552215576,0.21680890023708344,0.8807719945907593,0.4163626730442047,0.2510227859020233,0.9644436836242676,1.0,0.2834245264530182,0.5936273336410522
478,frame_01974,v40c_01105,0.4497816860675812,0.2128484845161438,0.8769133687019348,0.4212073087692261,0.25466489791870117,0.9685702323913574,1.0,0.24222533404827118,0.49543315172195435
479,frame_01975,v40c_01106,0.4472123682498932,0.20832182466983795,0.8723241686820984,0.4234718680381775,0.25707289576530457,0.9711016416549683,1.0,0.2127947062253952,0.4163074493408203
480,frame_01976,v40c_01107,0.45153510570526123,0.20917825400829315,0.8768800497055054,0.4269718825817108,0.2580197751522064,0.9731958508491516,1.0,0.26224827766418457,0.5340105891227722
481,frame_01977,v40c_01108,0.4537603259086609,0.20957835018634796,0.8796106576919556,0.4271395206451416,0.25781190395355225,0.9738143682479858,1.0,0.19673505425453186,0.37201130390167236
482,frame_01978,v40c_01109,0.4555829167366028,0.20943784713745117,0.8807695508003235,0.42473313212394714,0.2572856843471527,0.9735130071640015,1.0,0.20708175003528595,0.37330418825149536
483,frame_01979,v40c_01109,0.4556766748428345,0.2090720683336258,0.8808500170707703,0.4226868748664856,0.25517499446868896,0.9726132154464722,1.0,0.19154970347881317,0.3236045241355896
484,frame_01980,v40c_01110,0.4552572965621948,0.2078322023153305,0.8805997967720032,0.42257338762283325,0.2551964223384857,0.9725774526596069,1.0,0.17962820827960968,0.2858652174472809
485,frame_01981,v40c_01111,0.45461708307266235,0.20622768998146057,0.878659725189209,0.4230506718158722,0.2538982331752777,0.9722270965576172,1.0,0.15914565324783325,0.15222620964050293
486,frame_01982,v40c_01112,0.45544758439064026,0.20479412376880646,0.8773849606513977,0.4257892966270447,0.25392845273017883,0.972711443901062,1.0,0.17357051372528076,0.23537826538085938
487,frame_01983,v40c_01112,0.4559710919857025,0.20476467907428741,0.8782232999801636,0.42552584409713745,0.2543317973613739,0.9735094904899597,1.0,0.19320586323738098,0.34902477264404297
488,frame_02112,v40c_01168,0.4852446913719177,0.1836058646440506,0.8303985595703125,0.4387912452220917,0.2560786306858063,0.9686419367790222,1.0,0.18732158839702606,0.3002541661262512
489,frame_02113,v40c_01169,0.48493531346321106,0.18416433036327362,0.8295062780380249,0.43831130862236023,0.25484299659729004,0.9673833847045898,1.0,0.1936243176460266,0.3152555525302887
490,frame_02114,v40c_01170,0.4847641587257385,0.18457476794719696,0.8293361663818359,0.43839409947395325,0.25406360626220703,0.9670391082763672,1.0,0.1861313432455063,0.2791762948036194
491,frame_02115,v40c_01171,0.4844190776348114,0.18422779440879822,0.8276332020759583,0.43916037678718567,0.2536526620388031,0.9664000272750854,1.0,0.24199822545051575,0.4796428084373474
492,frame_02116,v40c_01171,0.4841805696487427,0.1850278228521347,0.8270952105522156,0.4388939440250397,0.2538338899612427,0.966289222240448,1.0,0.215450718998909,0.4040236473083496
493,frame_02117,v40c_01169,0.4845665693283081,0.1852591186761856,0.8271663784980774,0.4426744878292084,0.2543938457965851,0.9670871496200562,1.0,0.2277570366859436,0.4462364614009857
494,frame_02118,v40c_01172,0.48498693108558655,0.1860252469778061,0.8271933794021606,0.4416847229003906,0.25347900390625,0.9665634036064148,1.0,0.1997668445110321,0.3449358344078064
495,frame_02119,v40c_01173,0.485165536403656,0.18615823984146118,0.8275577425956726,0.4422115683555603,0.2540331780910492,0.9665740132331848,1.0,0.19741380214691162,0.34417274594306946
496,frame_02120,v40c_01174,0.48516061902046204,0.1864643692970276,0.8259537816047668,0.4416835606098175,0.2527536451816559,0.9655150175094604,1.0,0.15799273550510406,0.1482352465391159
497,frame_02121,v40c_01175,0.48514559864997864,0.18635612726211548,0.8251231908798218,0.44432148337364197,0.25214052200317383,0.9656437635421753,1.0,0.23985488712787628,0.47138968110084534
498,frame_02122,v40c_01176,0.48492431640625,0.18697865307331085,0.8250802755355835,0.4462071359157562,0.25132378935813904,0.9654615521430969,1.0,0.1612100601196289,0.16819193959236145
499,frame_02123,v40c_01177,0.4849298894405365,0.18725581467151642,0.8247097134590149,0.44717809557914734,0.2503564953804016,0.9648594856262207,1.0,0.2198081761598587,0.4325830936431885
500,frame_02124,v40c_01178,0.48520782589912415,0.18722151219844818,0.8230623006820679,0.4473589062690735,0.250613808631897,0.9652776718139648,1.0,0.20880816876888275,0.3776421844959259
501,frame_02125,v40c_01179,0.4860694110393524,0.18827085196971893,0.8235910534858704,0.44532981514930725,0.24977828562259674,0.964643657207489,1.0,0.19097530841827393,0.3114090859889984
502,frame_02126,v40c_01180,0.48692432045936584,0.18845655024051666,0.8238662481307983,0.44636669754981995,0.2500615417957306,0.9652045369148254,1.0,0.20798005163669586,0.3748859167098999
503,frame_02127,v40c_01181,0.48822519183158875,0.18874233961105347,0.8230384588241577,0.4422663450241089,0.24825641512870789,0.9637941122055054,1.0,0.1925426721572876,0.32126888632774353
504,frame_02128,v40c_01181,0.48896291851997375,0.18900850415229797,0.8221433758735657,0.44097593426704407,0.2478899508714676,0.963420033454895,1.0,0.2171436995267868,0.41488152742385864
505,frame_02129,v40c_01182,0.49002015590667725,0.18914513289928436,0.8211284875869751,0.4380439221858978,0.24819260835647583,0.9632536768913269,1.0,0.16855847835540771,0.22463858127593994
506,frame_02130,v40c_01183,0.4921656548976898,0.19014760851860046,0.8189557194709778,0.4365498423576355,0.24841046333312988,0.9633079767227173,1.0,0.23626261949539185,0.4636809825897217
507,frame_02131,v40c_01183,0.49445492029190063,0.19100810587406158,0.818038284778595,0.4318895637989044,0.24703244864940643,0.9620254635810852,1.0,0.21530908346176147,0.39492350816726685
508,frame_02132,v40c_01184,0.4962276816368103,0.19148197770118713,0.8164899945259094,0.43120047450065613,0.2467353194952011,0.9622936248779297,1.0,0.181316539645195,0.29212385416030884
509,frame_02133,v40c_01185,0.4977443814277649,0.19208192825317383,0.8150823712348938,0.43064507842063904,0.24768413603305817,0.9624430537223816,1.0,0.19399376213550568,0.310639888048172
510,frame_02134,v40c_01186,0.4996039867401123,0.19271288812160492,0.8139689564704895,0.42474687099456787,0.2466687113046646,0.9604891538619995,1.0,0.15358440577983856,0.12780538201332092
511,frame_02135,v40c_01184,0.50081467628479,0.19274544715881348,0.8114837408065796,0.42411619424819946,0.2461683750152588,0.9597424268722534,1.0,0.2196625918149948,0.41381317377090454
512,frame_02136,v40c_01187,0.5018270611763,0.19210708141326904,0.8089607357978821,0.42329028248786926,0.24558420479297638,0.9591411352157593,1.0,0.1920311599969864,0.3388843238353729
513,frame_02137,v40c_01187,0.502495527267456,0.19321955740451813,0.8070327639579773,0.42394179105758667,0.24618573486804962,0.9592161178588867,1.0,0.22150595486164093,0.3950996994972229
514,frame_02138,v40c_01187,0.5026148557662964,0.19345039129257202,0.8060010075569153,0.4229457974433899,0.2467668205499649,0.9592214822769165,1.0,0.2122616171836853,0.3686424791812897
515,frame_02139,v40c_01187,0.5039191246032715,0.1935078501701355,0.8048809766769409,0.42080187797546387,0.24780511856079102,0.9591428637504578,1.0,0.17107829451560974,0.2502332329750061
516,frame_02140,v40c_01188,0.5053308010101318,0.1935110092163086,0.8053997755050659,0.4190118908882141,0.247703418135643,0.9582851529121399,1.0,0.23675553500652313,0.453483909368515
517,frame_02141,v40c_01189,0.5060818791389465,0.19486252963542938,0.8056627511978149,0.4169160723686218,0.24724894762039185,0.9568177461624146,1.0,0.2132127434015274,0.3941425681114197
518,frame_02142,v40c_01190,0.5061509609222412,0.19487999379634857,0.8038641810417175,0.4160442054271698,0.24883806705474854,0.9569582939147949,1.0,0.2472502440214157,0.4836156368255615
519,frame_02143,v40c_01191,0.5074843168258667,0.1957305669784546,0.8049837946891785,0.4142529368400574,0.24848830699920654,0.9561612010002136,1.0,0.2237103283405304,0.42521581053733826
520,frame_02144,v40c_01192,0.5087953805923462,0.1964033544063568,0.8071848750114441,0.4136050343513489,0.24851542711257935,0.9556382894515991,1.0,0.19559232890605927,0.3340836465358734
521,frame_02145,v40c_01193,0.5096225738525391,0.1962304264307022,0.8068355321884155,0.412929892539978,0.2469378262758255,0.9537367820739746,1.0,0.17921039462089539,0.281488299369812
522,frame_02146,v40c_01194,0.5103675127029419,0.19637571275234222,0.8054859042167664,0.4106470048427582,0.2448480874300003,0.95143061876297,1.0,0.23038481175899506,0.4453892111778259
523,frame_02147,v40c_01195,0.5103924870491028,0.1970587968826294,0.8047652244567871,0.411345511674881,0.24258382618427277,0.9493677020072937,1.0,0.22953662276268005,0.44032955169677734
524,frame_02148,v40c_01196,0.5109546780586243,0.19683142006397247,0.8027582168579102,0.4125933349132538,0.24273620545864105,0.9491006731987,1.0,0.1675611287355423,0.19445757567882538
525,frame_02149,v40c_01196,0.5114877223968506,0.19698581099510193,0.8030060529708862,0.41533640027046204,0.24228976666927338,0.9495477676391602,1.0,0.20061847567558289,0.3377433121204376
526,frame_02150,v40c_01196,0.5127439498901367,0.19642549753189087,0.8031370043754578,0.41530054807662964,0.24304154515266418,0.9488749504089355,1.0,0.17007043957710266,0.226070374250412
527,frame_02151,v40c_01197,0.5127159357070923,0.1963731050491333,0.8035078048706055,0.41657426953315735,0.2442636936903,0.9498311281204224,1.0,0.21755355596542358,0.4112057089805603
528,frame_02152,v40c_01198,0.5125097036361694,0.19750472903251648,0.804455578327179,0.41961774230003357,0.24358265101909637,0.94978266954422,1.0,0.18973106145858765,0.30066853761672974
529,frame_02153,v40c_01197,0.5121732950210571,0.19726091623306274,0.8031196594238281,0.42241936922073364,0.2456425428390503,0.9504044651985168,1.0,0.19406194984912872,0.34711724519729614
530,frame_02154,v40c_01199,0.513125479221344,0.19671839475631714,0.8042294383049011,0.4231410324573517,0.24472340941429138,0.9490901827812195,1.0,0.20709089934825897,0.37510257959365845
531,frame_02155,v40c_01200,0.5129602551460266,0.19695623219013214,0.8036454916000366,0.4223387837409973,0.24467629194259644,0.9473958015441895,1.0,0.18993012607097626,0.3001590371131897
532,frame_02156,v40c_01201,0.5099626183509827,0.19608809053897858,0.7990546822547913,0.42385727167129517,0.24421542882919312,0.9475950002670288,1.0,0.23652540147304535,0.4622005820274353
533,frame_02157,v40c_01202,0.5092015266418457,0.19620394706726074,0.7976730465888977,0.4283254146575928,0.24436408281326294,0.9488788843154907,1.0,0.2160947620868683,0.3923535943031311
534,frame_02158,v40c_01203,0.5105482339859009,0.19622720777988434,0.7987397313117981,0.4290113151073456,0.24626237154006958,0.9493356943130493,1.0,0.20356659591197968,0.3540719151496887
535,frame_02159,v40c_01204,0.5092752575874329,0.1966937631368637,0.7978596687316895,0.43092048168182373,0.24564605951309204,0.9480125308036804,1.0,0.1884503811597824,0.30309030413627625
536,frame_02160,v40c_01205,0.5063417553901672,0.19646865129470825,0.7938500642776489,0.43495333194732666,0.2457691878080368,0.9482216835021973,1.0,0.22806237637996674,0.4181310534477234
537,frame_02161,v40c_01205,0.5064256191253662,0.19463805854320526,0.7915216684341431,0.43889951705932617,0.2450883686542511,0.9489434361457825,1.0,0.20152363181114197,0.35152527689933777
538,frame_02162,v40c_01205,0.5050160884857178,0.19522517919540405,0.7901557087898254,0.43990200757980347,0.2467043250799179,0.949964702129364,1.0,0.23522096872329712,0.46113333106040955
539,frame_02163,v40c_01206,0.5041018128395081,0.19661350548267365,0.7918866276741028,0.44140195846557617,0.24804183840751648,0.9513994455337524,1.0,0.2500186860561371,0.479409784078598
540,frame_02164,v40c_01207,0.504923403263092,0.1961783915758133,0.7921432256698608,0.4425313174724579,0.24857613444328308,0.9513711929321289,1.0,0.18705876171588898,0.3105993866920471
541,frame_02165,v40c_01208,0.5044881701469421,0.19572322070598602,0.7914879322052002,0.4421190321445465,0.24633857607841492,0.9494649767875671,1.0,0.21567603945732117,0.38280606269836426
542,frame_02166,v40c_01209,0.5026506185531616,0.19570431113243103,0.7879832983016968,0.43922874331474304,0.24494673311710358,0.9467337727546692,1.0,0.20953701436519623,0.3793938159942627
543,frame_02167,v40c_01210,0.5004502534866333,0.19561651349067688,0.784460186958313,0.44146469235420227,0.24479368329048157,0.9450501203536987,1.0,0.22114680707454681,0.41201454401016235
544,frame_02168,v40c_01211,0.4987872540950775,0.19598689675331116,0.7833832502365112,0.4453076422214508,0.24468420445919037,0.9436762928962708,1.0,0.2255195826292038,0.4125017523765564
545,frame_02169,v40c_01212,0.4967987835407257,0.19539274275302887,0.7809121608734131,0.44741320610046387,0.245859295129776,0.9433188438415527,1.0,0.20711632072925568,0.3858138620853424
546,frame_02170,v40c_01213,0.49559399485588074,0.19399438798427582,0.7772623896598816,0.45099860429763794,0.24651211500167847,0.9419256448745728,1.0,0.21341563761234283,0.3953412175178528
547,frame_02171,v40c_01214,0.4923880696296692,0.19409234821796417,0.7727479934692383,0.45193544030189514,0.24710725247859955,0.9422483444213867,1.0,0.23454363644123077,0.4296286106109619
548,frame_02172,v40c_01215,0.4902831017971039,0.19324715435504913,0.7709444761276245,0.46097514033317566,0.24617347121238708,0.9419280290603638,1.0,0.17802095413208008,0.2505650222301483
549,frame_02173,v40c_01216,0.4876181185245514,0.1931706964969635,0.7660953998565674,0.46216249465942383,0.24580305814743042,0.9420768022537231,1.0,0.2067837119102478,0.35633140802383423
550,frame_02174,v40c_01217,0.4865569472312927,0.19303575158119202,0.7657862901687622,0.4651005268096924,0.2467057704925537,0.9421645402908325,1.0,0.19825278222560883,0.31946444511413574
551,frame_02175,v40c_01218,0.48445549607276917,0.19335363805294037,0.7650029063224792,0.46718114614486694,0.2468457669019699,0.9431215524673462,1.0,0.21031951904296875,0.3835795223712921
552,frame_02176,v40c_01219,0.48272353410720825,0.1942553073167801,0.7655649781227112,0.46735256910324097,0.24888503551483154,0.9465729594230652,1.0,0.23826095461845398,0.4560829699039459
553,frame_02177,v40c_01220,0.481480211019516,0.19519075751304626,0.7696226835250854,0.4693271219730377,0.2504400610923767,0.9489926099777222,1.0,0.16612452268600464,0.20203492045402527
554,frame_02178,v40c_01221,0.48211470246315,0.19560663402080536,0.7753657102584839,0.4654996991157532,0.25155380368232727,0.9485055208206177,1.0,0.23326967656612396,0.41415730118751526
555,frame_02179,v40c_01221,0.4812099039554596,0.19780269265174866,0.7798722982406616,0.4600556790828705,0.24796582758426666,0.9449774026870728,1.0,0.20128144323825836,0.3350159525871277
556,frame_02180,v40c_01222,0.47863632440567017,0.19901464879512787,0.7823970317840576,0.46183717250823975,0.24711506068706512,0.9427563548088074,1.0,0.19486269354820251,0.3593239188194275
557,frame_02181,v40c_01223,0.476824015378952,0.19905731081962585,0.7805882692337036,0.4657977223396301,0.24907459318637848,0.940601646900177,1.0,0.21290472149848938,0.3857607841491699
558,frame_02182,v40c_01224,0.47433242201805115,0.19820605218410492,0.7767425775527954,0.4699656367301941,0.2483699917793274,0.9414525032043457,1.0,0.20688162744045258,0.36470216512680054
559,frame_02183,v40c_01225,0.4719003438949585,0.1977897733449936,0.7742061018943787,0.469329297542572,0.24830511212348938,0.9405757784843445,1.0,0.24374881386756897,0.46695056557655334
560,frame_02184,v40c_01226,0.4719853699207306,0.19788074493408203,0.7746230363845825,0.46952807903289795,0.24931801855564117,0.940560519695282,1.0,0.2226502150297165,0.3984313905239105
561,frame_02185,v40c_01226,0.47120705246925354,0.198159858584404,0.7738469839096069,0.4703475832939148,0.2490113377571106,0.9402334094047546,1.0,0.1573418378829956,0.14936043322086334
562,frame_02186,v40c_01226,0.47100797295570374,0.19719214737415314,0.7725604772567749,0.4715232253074646,0.24803757667541504,0.9396171569824219,1.0,0.1811957210302353,0.26283562183380127
563,frame_02187,v40c_01226,0.4702586233615875,0.19712208211421967,0.7705798149108887,0.4742756485939026,0.24679681658744812,0.9386991262435913,1.0,0.19033385813236237,0.3298797011375427
564,frame_02188,v40c_01227,0.4681035876274109,0.19615516066551208,0.7670903205871582,0.48159506916999817,0.2470029890537262,0.9397296905517578,1.0,0.2162853181362152,0.3930290639400482
565,frame_02189,v40c_01228,0.4668121337890625,0.1951708346605301,0.7632779479026794,0.4852658808231354,0.24600255489349365,0.9405816793441772,1.0,0.2014787197113037,0.3478761315345764
566,frame_02190,v40c_01229,0.46682465076446533,0.19510525465011597,0.7629947662353516,0.4882548749446869,0.24741002917289734,0.9419721364974976,1.0,0.24899156391620636,0.4652259945869446
567,frame_02191,v40c_01230,0.46651798486709595,0.19416700303554535,0.7621305584907532,0.4877815544605255,0.2475481927394867,0.942156970500946,1.0,0.21500784158706665,0.37850144505500793
568,frame_02192,v40c_01231,0.4648808240890503,0.19339630007743835,0.7585469484329224,0.48590677976608276,0.247889444231987,0.9424934387207031,1.0,0.19467385113239288,0.30071696639060974
569,frame_02193,v40c_01231,0.46451252698898315,0.19333593547344208,0.7585550546646118,0.48501986265182495,0.2500110864639282,0.9443060755729675,1.0,0.2002105712890625,0.32316306233406067
570,frame_02194,v40c_01231,0.46514609456062317,0.19346101582050323,0.7606028318405151,0.483051061630249,0.250591516494751,0.9451597929000854,1.0,0.17699302732944489,0.2388075888156891
571,frame_02195,v40c_01232,0.465289443731308,0.19409988820552826,0.7617165446281433,0.48359042406082153,0.2507084906101227,0.9446249008178711,1.0,0.20675550401210785,0.3693017363548279
572,frame_02196,v40c_01233,0.4643068015575409,0.19336804747581482,0.760088324546814,0.48901331424713135,0.2515420615673065,0.9451122283935547,1.0,0.20869220793247223,0.37410613894462585
573,frame_02197,v40c_01234,0.46258270740509033,0.1926356554031372,0.7574286460876465,0.4911245107650757,0.2509545385837555,0.9456601142883301,1.0,0.1870337426662445,0.2801204323768616
574,frame_02198,v40c_01235,0.4628995656967163,0.1932043582201004,0.7579852938652039,0.4906015992164612,0.2503756582736969,0.9454573392868042,1.0,0.20175397396087646,0.335934579372406
575,frame_02199,v40c_01236,0.46219295263290405,0.1935715526342392,0.7583632469177246,0.4885145425796509,0.2511052191257477,0.9453607797622681,1.0,0.183537095785141,0.28722435235977173
576,frame_02200,v40c_01236,0.4611561596393585,0.193572998046875,0.7574810981750488,0.495151162147522,0.24993768334388733,0.9449101686477661,1.0,0.20127436518669128,0.3348059058189392
577,frame_02201,v40c_01237,0.4600416123867035,0.19289328157901764,0.7548784613609314,0.5006913542747498,0.24948175251483917,0.9445823431015015,1.0,0.21856532990932465,0.38612687587738037
578,frame_02202,v40c_01238,0.4604111611843109,0.19155804812908173,0.7504470944404602,0.5023189783096313,0.24972133338451385,0.9435393214225769,1.0,0.18239018321037292,0.2765037417411804
579,frame_02203,v40c_01238,0.46026334166526794,0.18894925713539124,0.7397909760475159,0.5019552707672119,0.2501908242702484,0.9435922503471375,1.0,0.19612795114517212,0.3133271336555481
580,frame_02204,v40c_01238,0.4599868655204773,0.18743294477462769,0.7350770831108093,0.5025129318237305,0.25011998414993286,0.9429922103881836,1.0,0.2000543624162674,0.3132477104663849
581,frame_02205,v40c_01238,0.4607863426208496,0.18508394062519073,0.7287231087684631,0.5028921961784363,0.24950772523880005,0.9423701167106628,1.0,0.21528352797031403,0.36371809244155884
582,frame_02206,v40c_01238,0.4608111083507538,0.1844157874584198,0.7272218465805054,0.5049969553947449,0.24863344430923462,0.9427396655082703,1.0,0.19151903688907623,0.3101319670677185
583,frame_02207,v40c_01238,0.4598044455051422,0.1833650767803192,0.7252113819122314,0.5065901279449463,0.2485351711511612,0.9414779543876648,1.0,0.164703831076622,0.19368696212768555
584,frame_02208,v40c_01239,0.45842134952545166,0.182913139462471,0.7223718762397766,0.5088024735450745,0.24755798280239105,0.9404937624931335,1.0,0.2061585932970047,0.3449273705482483
585,frame_02209,v40c_01240,0.4557012617588043,0.1817609965801239,0.7183310985565186,0.5076847076416016,0.24686263501644135,0.9391437768936157,1.0,0.19093039631843567,0.3127962648868561
586,frame_02210,v40c_01241,0.4532034695148468,0.18077823519706726,0.715207040309906,0.5070747137069702,0.24691903591156006,0.939334511756897,1.0,0.20129096508026123,0.33197274804115295
587,frame_02211,v40c_01242,0.4523158073425293,0.1805116832256317,0.7146289348602295,0.5070193409919739,0.24781721830368042,0.9391492605209351,1.0,0.19293490052223206,0.30439814925193787
588,frame_02212,v40c_01242,0.45133450627326965,0.18056201934814453,0.7142613530158997,0.5115625262260437,0.24892325699329376,0.9403096437454224,1.0,0.2214345633983612,0.3883543610572815
589,frame_02213,v40c_01243,0.4502311646938324,0.17982925474643707,0.7149127721786499,0.5108774900436401,0.2475028783082962,0.9400621652603149,1.0,0.20428510010242462,0.3336488902568817
590,frame_02214,v40c_01243,0.4487210512161255,0.1790027618408203,0.7127786874771118,0.5119245052337646,0.24745911359786987,0.9394591450691223,1.0,0.20057526230812073,0.32047799229621887
591,frame_02215,v40c_01244,0.4490310549736023,0.17747187614440918,0.7118371725082397,0.5212684869766235,0.24557934701442719,0.9384006261825562,1.0,0.22364702820777893,0.3975316882133484
592,frame_02216,v40c_01245,0.44846147298812866,0.17706550657749176,0.7089508175849915,0.526374101638794,0.24645157158374786,0.9409440755844116,1.0,0.15880939364433289,0.16417375206947327
593,frame_02217,v40c_01246,0.44719594717025757,0.17641086876392365,0.7088520526885986,0.5305880904197693,0.2474982887506485,0.9418954849243164,1.0,0.22193048894405365,0.4187498092651367
594,frame_02218,v40c_01247,0.4419126510620117,0.17492808401584625,0.7093225717544556,0.5340770483016968,0.2500494718551636,0.9417916536331177,1.0,0.18793702125549316,0.3030427396297455
595,frame_02219,v40c_01248,0.44097793102264404,0.17532870173454285,0.7100030183792114,0.5391175746917725,0.2522209882736206,0.942962646484375,1.0,0.23269248008728027,0.4277462065219879
596,frame_02220,v40c_01249,0.4395700991153717,0.1749863177537918,0.7122358083724976,0.5452495217323303,0.25424665212631226,0.943934440612793,1.0,0.22785736620426178,0.4115852415561676
597,frame_02221,v40c_01250,0.43937939405441284,0.17466996610164642,0.7132003903388977,0.5481207966804504,0.2558380365371704,0.9461427927017212,1.0,0.22000226378440857,0.37952378392219543
598,frame_02222,v40c_01249,0.4654713571071625,0.17763866484165192,0.7232160568237305,0.5525836944580078,0.25578850507736206,0.9463914036750793,1.0,0.19263796508312225,0.3096446990966797
599,frame_02223,v40c_01251,0.47744742035865784,0.17875497043132782,0.7226899862289429,0.5542442202568054,0.2562715709209442,0.9471223950386047,1.0,0.19541871547698975,0.30555230379104614
600,frame_02224,v40c_01251,0.4858960509300232,0.17805732786655426,0.724134087562561,0.5571292638778687,0.25701093673706055,0.9475265741348267,1.0,0.19607126712799072,0.307716429233551
601,frame_02225,v40c_01251,0.4852587878704071,0.1771324872970581,0.7233733534812927,0.5639975666999817,0.2591591477394104,0.9495517611503601,1.0,0.22846737504005432,0.4047711491584778
602,frame_02226,v40c_01252,0.48905110359191895,0.17622068524360657,0.7216492891311646,0.568191409111023,0.259651243686676,0.9501997828483582,1.0,0.20060193538665771,0.3176864683628082
603,frame_02227,v40c_01253,0.4889390468597412,0.17544472217559814,0.7214194536209106,0.5691658854484558,0.26069456338882446,0.9501594305038452,1.0,0.1928396224975586,0.2931566536426544
604,frame_02228,v40c_01254,0.4892297387123108,0.17466862499713898,0.7215669751167297,0.5715221762657166,0.2616656422615051,0.9509245753288269,1.0,0.17316442728042603,0.2199789583683014
605,frame_02229,v40c_01254,0.48976242542266846,0.1749473512172699,0.7230393886566162,0.5768005847930908,0.26336243748664856,0.9525941014289856,1.0,0.18354471027851105,0.25975319743156433
606,frame_02230,v40c_01254,0.49051231145858765,0.17546124756336212,0.7243263125419617,0.5812026858329773,0.2647504210472107,0.9531078338623047,1.0,0.1770583689212799,0.24872882664203644
607,frame_02231,v40c_01255,0.49047139286994934,0.17500877380371094,0.7250272035598755,0.585880696773529,0.267742782831192,0.95326167345047,1.0,0.18310299515724182,0.2719663977622986
608,frame_02232,v40c_01256,0.48793816566467285,0.17322728037834167,0.7229763269424438,0.5874478220939636,0.26688697934150696,0.9542171359062195,1.0,0.19640079140663147,0.31490451097488403
609,frame_02233,v40c_01256,0.48563283681869507,0.17257344722747803,0.7230920195579529,0.5899226069450378,0.2671055197715759,0.9542209506034851,1.0,0.17291685938835144,0.2411317080259323
610,frame_02234,v40c_01256,0.48558616638183594,0.1713303029537201,0.7222983837127686,0.5912994146347046,0.26144126057624817,0.9506027102470398,1.0,0.19691073894500732,0.31737494468688965
611,frame_02235,v40c_01256,0.486639142036438,0.17177215218544006,0.7229810357093811,0.5949371457099915,0.2614211142063141,0.9492840766906738,1.0,0.1702994555234909,0.2133033722639084
612,frame_02236,v40c_01256,0.4853948950767517,0.1706407368183136,0.7216591835021973,0.595609188079834,0.2611558139324188,0.9489245414733887,1.0,0.2050524204969406,0.36830419301986694
613,frame_02237,v40c_01257,0.4815024733543396,0.16721846163272858,0.7193545699119568,0.5979395508766174,0.26157793402671814,0.9492316246032715,1.0,0.2138526737689972,0.3622101843357086
614,frame_02238,v40c_01258,0.48053884506225586,0.165806382894516,0.7176872491836548,0.5994886159896851,0.26086750626564026,0.9494255185127258,1.0,0.20389525592327118,0.33373838663101196
615,frame_02239,v40c_01259,0.47858285903930664,0.1640520542860031,0.7155830264091492,0.5997945666313171,0.25844278931617737,0.9471074938774109,1.0,0.21111752092838287,0.3775751292705536
616,frame_02240,v40c_01259,0.4771449565887451,0.16324616968631744,0.7136551737785339,0.5972287654876709,0.2579136788845062,0.9464327692985535,1.0,0.21101951599121094,0.36898723244667053
617,frame_02241,v40c_01259,0.476787805557251,0.1620817631483078,0.7157697677612305,0.5977935791015625,0.2585786283016205,0.9456893801689148,1.0,0.1813444197177887,0.25844672322273254
618,frame_02242,v40c_01259,0.4761780798435211,0.16237008571624756,0.7154338955879211,0.5974323153495789,0.258695125579834,0.9451982378959656,1.0,0.20378689467906952,0.342509388923645
619,frame_02243,v40c_01259,0.4761884808540344,0.1625017374753952,0.7154638171195984,0.5980422496795654,0.2594548463821411,0.9459265470504761,1.0,0.20882225036621094,0.34073328971862793
620,frame_02244,v40c_01259,0.47667568922042847,0.16206125915050507,0.7158476114273071,0.6008840799331665,0.25883904099464417,0.9455560445785522,1.0,0.21033744513988495,0.3543820381164551
621,frame_02245,v40c_01260,0.4771979749202728,0.1605699062347412,0.7147692441940308,0.6022449731826782,0.25833484530448914,0.9455658197402954,1.0,0.19078661501407623,0.2944428324699402
622,frame_02246,v40c_01260,0.4774158000946045,0.16095751523971558,0.7149274945259094,0.6021231412887573,0.2584383487701416,0.9448217153549194,1.0,0.2024640291929245,0.3297634720802307
623,frame_02247,v40c_01261,0.47657087445259094,0.16010190546512604,0.7146345376968384,0.6036717891693115,0.2572137415409088,0.9445956945419312,1.0,0.18871399760246277,0.2847231328487396
624,frame_02248,v40c_01261,0.4759827256202698,0.15872466564178467,0.7138615846633911,0.6038071513175964,0.2574019134044647,0.9454270601272583,1.0,0.16027714312076569,0.17357376217842102
625,frame_02249,v40c_01261,0.47613659501075745,0.1575358361005783,0.7136083841323853,0.6003369092941284,0.2596026062965393,0.947982907295227,1.0,0.19002355635166168,0.29490646719932556
626,frame_02250,v40c_01262,0.47686120867729187,0.15600819885730743,0.7152320146560669,0.5975005030632019,0.2614298462867737,0.948296844959259,1.0,0.22430339455604553,0.3956201374530792
627,frame_02251,v40c_01263,0.4770905673503876,0.15656843781471252,0.7166079878807068,0.59755939245224,0.2621804475784302,0.949351966381073,1.0,0.20482206344604492,0.3445669114589691
628,frame_02252,v40c_01264,0.47839316725730896,0.1563512086868286,0.721663773059845,0.6001903414726257,0.2625759541988373,0.9497391581535339,1.0,0.19036000967025757,0.2888549268245697
629,frame_02253,v40c_01265,0.4800376892089844,0.15771955251693726,0.7233854532241821,0.6037414073944092,0.26087042689323425,0.9478114247322083,1.0,0.21345941722393036,0.35608696937561035
630,frame_02254,v40c_01266,0.4802054464817047,0.15720932185649872,0.7234386801719666,0.6064791679382324,0.26007428765296936,0.9461924433708191,1.0,0.21564039587974548,0.3950961232185364
631,frame_02255,v40c_01266,0.47968485951423645,0.15697741508483887,0.7200498580932617,0.6050751805305481,0.259367972612381,0.9452794194221497,1.0,0.20417846739292145,0.3457823395729065
632,frame_02256,v40c_01267,0.4796154499053955,0.15622426569461823,0.7165875434875488,0.6042170524597168,0.26282328367233276,0.9462960958480835,1.0,0.21173113584518433,0.36911287903785706
633,frame_02257,v40c_01268,0.4794501066207886,0.15410974621772766,0.7177666425704956,0.6033430695533752,0.26554450392723083,0.9467633962631226,1.0,0.2141893357038498,0.3974883556365967
634,frame_02258,v40c_01269,0.47922438383102417,0.1537238508462906,0.7239096164703369,0.606803834438324,0.26757970452308655,0.947340190410614,1.0,0.20370899140834808,0.3653753399848938
635,frame_02259,v40c_01270,0.4770004451274872,0.15492987632751465,0.7308236360549927,0.6094157695770264,0.26857390999794006,0.9454120397567749,1.0,0.18088757991790771,0.26557594537734985
636,frame_02260,v40c_01271,0.47657322883605957,0.1552312672138214,0.7317212820053101,0.6123888492584229,0.2693154811859131,0.9453446269035339,1.0,0.20693840086460114,0.34400415420532227
637,frame_02261,v40c_01272,0.4783342778682709,0.15527595579624176,0.7324374914169312,0.6087784171104431,0.268572598695755,0.9465676546096802,1.0,0.21917560696601868,0.3803402781486511
638,frame_02262,v40c_01273,0.4796474874019623,0.15583771467208862,0.7350570559501648,0.6035705804824829,0.2711392045021057,0.9526407122612,1.0,0.19132466614246368,0.2992182970046997
639,frame_02263,v40c_01273,0.4801141321659088,0.1561199128627777,0.7385213971138,0.6019728183746338,0.27014654874801636,0.9515751600265503,1.0,0.1953205168247223,0.32851138710975647
640,frame_02264,v40c_01274,0.4806760847568512,0.15914079546928406,0.7481791973114014,0.609748899936676,0.2634439468383789,0.9441313743591309,1.0,0.2052646279335022,0.3488682806491852
641,frame_02265,v40c_01274,0.4808143079280853,0.1594955325126648,0.7517125010490417,0.6162266135215759,0.26450762152671814,0.939616858959198,1.0,0.23268362879753113,0.4475938677787781
642,frame_02266,v40c_01275,0.4806769788265228,0.1579441875219345,0.741209864616394,0.6209346055984497,0.263702929019928,0.9382602572441101,1.0,0.2289934903383255,0.432346910238266
643,frame_02267,v40c_01276,0.4805414080619812,0.15791423618793488,0.7406109571456909,0.6205790042877197,0.26424530148506165,0.9402015805244446,1.0,0.1873992383480072,0.3088025450706482
644,frame_02268,v40c_01277,0.4797658622264862,0.15582038462162018,0.7401915192604065,0.6185716390609741,0.26464933156967163,0.9416546821594238,1.0,0.2173725813627243,0.3924207091331482
645,frame_02269,v40c_01278,0.47987639904022217,0.15581701695919037,0.7416834831237793,0.6174805760383606,0.265377402305603,0.9433700442314148,1.0,0.23595550656318665,0.4466543197631836
646,frame_02270,v40c_01279,0.47994258999824524,0.15543290972709656,0.7429267168045044,0.6189756393432617,0.26750579476356506,0.9450807571411133,1.0,0.1933935284614563,0.3028070628643036
647,frame_02271,v40c_01279,0.479788213968277,0.15521816909313202,0.7418407201766968,0.6208484768867493,0.2678142189979553,0.9460461735725403,1.0,0.21646000444889069,0.367745578289032
648,frame_02272,v40c_01279,0.4793751835823059,0.15555159747600555,0.7420552968978882,0.621189296245575,0.2688349485397339,0.9465320706367493,1.0,0.20509642362594604,0.33893507719039917
649,frame_02273,v40c_01279,0.47951552271842957,0.15624292194843292,0.7421056628227234,0.6226453185081482,0.26920661330223083,0.9470027685165405,1.0,0.19409579038619995,0.30462613701820374
650,frame_02274,v40c_01279,0.4799635410308838,0.15573179721832275,0.7428600192070007,0.6215634346008301,0.2713417708873749,0.9484812617301941,1.0,0.18689396977424622,0.27819904685020447
651,frame_02275,v40c_01279,0.47993335127830505,0.1556708812713623,0.7422710657119751,0.6196882724761963,0.2714235782623291,0.9496515393257141,1.0,0.21280261874198914,0.35843268036842346
652,frame_02276,v40c_01279,0.4803224503993988,0.1562711000442505,0.7418832778930664,0.6197163462638855,0.26964664459228516,0.9503358602523804,1.0,0.20987193286418915,0.35972723364830017
653,frame_02277,v40c_01280,0.4802551567554474,0.1562759429216385,0.7414898872375488,0.6190360188484192,0.2695900797843933,0.951329231262207,1.0,0.22483307123184204,0.408052533864975
654,frame_02278,v40c_01281,0.47942107915878296,0.15527032315731049,0.7395939826965332,0.6173419952392578,0.2715606689453125,0.9515549540519714,1.0,0.22456853091716766,0.4144318103790283
655,frame_02279,v40c_01282,0.478252649307251,0.1546260565519333,0.7349265813827515,0.6195743083953857,0.2724855840206146,0.9517113566398621,1.0,0.23793475329875946,0.44016847014427185
656,frame_02280,v40c_01282,0.4787002503871918,0.15466514229774475,0.7341271638870239,0.6244367361068726,0.2741803228855133,0.949806809425354,1.0,0.2296176254749298,0.4307635426521301
657,frame_02281,v40c_01283,0.47906187176704407,0.15470357239246368,0.7329750061035156,0.6243813633918762,0.2742854356765747,0.9485422968864441,1.0,0.2107846587896347,0.3938590884208679
658,frame_02282,v40c_01284,0.47945401072502136,0.15492747724056244,0.735379159450531,0.6263848543167114,0.2729765772819519,0.9471372365951538,1.0,0.16779780387878418,0.19920144975185394
659,frame_02283,v40c_01284,0.47905901074409485,0.1551024168729782,0.7347691059112549,0.6263898015022278,0.2703154385089874,0.9468076825141907,1.0,0.2065115123987198,0.34444040060043335
660,frame_02284,v40c_01284,0.4793618619441986,0.1547127366065979,0.7333366274833679,0.6249771118164062,0.2696619927883148,0.9461186528205872,1.0,0.198201522231102,0.34187236428260803
661,frame_02285,v40c_01285,0.47891902923583984,0.15280598402023315,0.7299576997756958,0.6250197887420654,0.2750037908554077,0.9452676773071289,1.0,0.2357146143913269,0.43545979261398315
662,frame_02286,v40c_01286,0.4788648188114166,0.14995045959949493,0.7256264090538025,0.6230040192604065,0.2756645083427429,0.9452034831047058,1.0,0.21583807468414307,0.4180985391139984
663,frame_02287,v40c_01287,0.4761087894439697,0.14928984642028809,0.7307778596878052,0.6243212223052979,0.2775232791900635,0.945997416973114,1.0,0.22947797179222107,0.42288297414779663
664,frame_02288,v40c_01288,0.4725942611694336,0.14825569093227386,0.7372810244560242,0.625235378742218,0.2778272032737732,0.9479397535324097,1.0,0.2271536886692047,0.4196907877922058
665,frame_02289,v40c_01289,0.4717679023742676,0.14884844422340393,0.7397590279579163,0.6264355778694153,0.27639561891555786,0.9484472274780273,1.0,0.20418483018875122,0.3605010211467743
666,frame_02290,v40c_01289,0.47325193881988525,0.15037360787391663,0.7411476373672485,0.6246477961540222,0.27665939927101135,0.9484551548957825,1.0,0.17110948264598846,0.22457841038703918
667,frame_02291,v40c_01290,0.4748653173446655,0.15141810476779938,0.7418476343154907,0.6231053471565247,0.275901734828949,0.948725700378418,1.0,0.23325711488723755,0.4229925572872162
668,frame_02292,v40c_01290,0.47666478157043457,0.15308734774589539,0.7429612278938293,0.6247485280036926,0.27683955430984497,0.9481361508369446,1.0,0.22968368232250214,0.40585827827453613
669,frame_02293,v40c_01290,0.4776846468448639,0.15316282212734222,0.7432346343994141,0.622334361076355,0.2767221927642822,0.9492701292037964,1.0,0.2144889235496521,0.3642972707748413
670,frame_02294,v40c_01290,0.4778517484664917,0.15375088155269623,0.7440312504768372,0.619087815284729,0.27757835388183594,0.9504443407058716,1.0,0.2091885507106781,0.35007229447364807
671,frame_02295,v40c_01291,0.47637343406677246,0.15471354126930237,0.7482410669326782,0.6167264580726624,0.27917230129241943,0.9514498710632324,1.0,0.2124083936214447,0.38280338048934937
672,frame_02296,v40c_01292,0.47529658675193787,0.15556518733501434,0.7525718808174133,0.6121781468391418,0.281720370054245,0.9532758593559265,1.0,0.2201227992773056,0.3867236375808716
673,frame_02297,v40c_01293,0.47409960627555847,0.15691512823104858,0.757654070854187,0.6143186688423157,0.2840292751789093,0.9542065858840942,1.0,0.2190966159105301,0.39014822244644165
674,frame_02298,v40c_01294,0.47212669253349304,0.15926790237426758,0.7649426460266113,0.6104598045349121,0.28573596477508545,0.9564018249511719,1.0,0.23412437736988068,0.4285949170589447
675,frame_02299,v40c_01295,0.46948954463005066,0.16192704439163208,0.7732678651809692,0.608497679233551,0.2865050137042999,0.9566683769226074,1.0,0.1944269984960556,0.33579957485198975
676,frame_02300,v40c_01296,0.4685555100440979,0.16200155019760132,0.7744708061218262,0.6068307161331177,0.2897108793258667,0.9579769968986511,1.0,0.2289198786020279,0.418800413608551
677,frame_02301,v40c_01297,0.46570590138435364,0.16244488954544067,0.7782233953475952,0.6068087816238403,0.29213476181030273,0.9578107595443726,1.0,0.1918494552373886,0.31473860144615173
678,frame_02302,v40c_01298,0.4627673625946045,0.16135264933109283,0.7808423042297363,0.606403112411499,0.29428765177726746,0.9596120715141296,1.0,0.19681476056575775,0.35050249099731445
679,frame_02303,v40c_01299,0.4581433832645416,0.1613846719264984,0.7828607559204102,0.6029462814331055,0.29637932777404785,0.9614125490188599,1.0,0.21710456907749176,0.4074665904045105
680,frame_02496,v40c_01398,0.499807745218277,0.21928398311138153,0.8923575282096863,0.5089918971061707,0.2791999876499176,0.9610427021980286,1.0,0.21215938031673431,0.3821696937084198
681,frame_02497,v40c_01398,0.5010969042778015,0.21868418157100677,0.8912970423698425,0.5171259641647339,0.27736902236938477,0.9616904258728027,1.0,0.20356260240077972,0.37937259674072266
682,frame_02498,v40c_01398,0.5016160607337952,0.2178448587656021,0.8909103274345398,0.5121737718582153,0.2780154347419739,0.9583538174629211,1.0,0.1927097886800766,0.35132259130477905
683,frame_02499,v40c_01398,0.5021603107452393,0.21937109529972076,0.89165860414505,0.5085583329200745,0.27902036905288696,0.9587984085083008,1.0,0.2455424815416336,0.4975031018257141
684,frame_02500,v40c_01398,0.5027181506156921,0.21630802750587463,0.8895020484924316,0.5110934972763062,0.2805401384830475,0.9602417945861816,1.0,0.20260298252105713,0.3644031882286072
685,frame_02501,v40c_01398,0.5030060410499573,0.21594861149787903,0.8895725011825562,0.520577609539032,0.279021292924881,0.9608458280563354,1.0,0.2494402974843979,0.48516711592674255
686,frame_02502,v40c_01398,0.5039262771606445,0.21541059017181396,0.8890523910522461,0.5168717503547668,0.27619874477386475,0.9577759504318237,1.0,0.2584492266178131,0.5369719862937927
687,frame_02503,v40c_01398,0.5037146806716919,0.21679721772670746,0.8889114260673523,0.5142191648483276,0.27541428804397583,0.9546187520027161,1.0,0.2583008408546448,0.5163272619247437
688,frame_02504,v40c_01398,0.5031245946884155,0.214183509349823,0.8865321278572083,0.5159984230995178,0.27574622631073,0.9536372423171997,1.0,0.19605398178100586,0.3607133626937866
689,frame_02505,v40c_01398,0.5023950338363647,0.21288496255874634,0.8856012225151062,0.5174506902694702,0.2761841118335724,0.9537647366523743,1.0,0.22377988696098328,0.4251707196235657
690,frame_02506,v40c_01398,0.5024150013923645,0.21191290020942688,0.8843033909797668,0.5173026323318481,0.2767602503299713,0.9538419842720032,1.0,0.2512224614620209,0.513137936592102
691,frame_02507,v40c_01398,0.5024179816246033,0.21151743829250336,0.8839153051376343,0.5200889706611633,0.27635663747787476,0.9553281664848328,1.0,0.21984745562076569,0.41294121742248535
692,frame_02508,v40c_01398,0.5026025176048279,0.21165259182453156,0.884493350982666,0.518886923789978,0.2757188677787781,0.9554492235183716,1.0,0.2053719460964203,0.38135701417922974
693,frame_02509,v40c_01398,0.5035260319709778,0.21126317977905273,0.8843399882316589,0.5198726058006287,0.2747865915298462,0.9553393125534058,1.0,0.27236291766166687,0.5485755801200867
694,frame_02510,v40c_01398,0.5035800337791443,0.21199987828731537,0.8838847279548645,0.5241244435310364,0.27423959970474243,0.953671932220459,1.0,0.2362922728061676,0.46326956152915955
695,frame_02511,v40c_01398,0.5034765005111694,0.21127845346927643,0.8829860687255859,0.5259695053100586,0.27304038405418396,0.9528903961181641,1.0,0.2379278987646103,0.47681087255477905
696,frame_02512,v40c_01398,0.5039753317832947,0.21003533899784088,0.8821760416030884,0.5244454145431519,0.2722765803337097,0.9509495496749878,1.0,0.2350621074438095,0.47671589255332947
697,frame_02513,v40c_01398,0.5054877400398254,0.20752455294132233,0.877581000328064,0.5198377370834351,0.27272894978523254,0.9491726160049438,1.0,0.17824052274227142,0.27369967103004456
698,frame_02514,v40c_01398,0.5064186453819275,0.20473074913024902,0.875774085521698,0.5206500887870789,0.2731018662452698,0.9491481781005859,1.0,0.22928757965564728,0.43914246559143066
699,frame_02515,v40c_01398,0.506525456905365,0.20321136713027954,0.8754085302352905,0.5263009667396545,0.2721225321292877,0.9503005743026733,1.0,0.21539807319641113,0.400949090719223
700,frame_02516,v40c_01398,0.5062723755836487,0.20207703113555908,0.8740442395210266,0.5313138365745544,0.27100253105163574,0.9517428278923035,1.0,0.23448821902275085,0.4860519766807556
701,frame_02517,v40c_01398,0.5069928169250488,0.20207351446151733,0.8724099397659302,0.5306552648544312,0.2702609896659851,0.951000988483429,1.0,0.2179155796766281,0.420466810464859
702,frame_02518,v40c_01398,0.5080432891845703,0.20149482786655426,0.8706647753715515,0.5246198773384094,0.2699245810508728,0.9502917528152466,1.0,0.2528408467769623,0.5072063207626343
703,frame_02519,v40c_01398,0.5087134838104248,0.20160862803459167,0.8704390525817871,0.5212251543998718,0.27136000990867615,0.9500197172164917,1.0,0.22692318260669708,0.4239288866519928
704,frame_02520,v40c_01398,0.5092043280601501,0.20107246935367584,0.8703652620315552,0.5214852094650269,0.27103275060653687,0.9487682580947876,1.0,0.1732839196920395,0.23003455996513367
705,frame_02521,v40c_01398,0.5097504258155823,0.20157821476459503,0.8712135553359985,0.5223644375801086,0.27171507477760315,0.948614776134491,1.0,0.2621963918209076,0.5169209241867065
706,frame_02522,v40c_01398,0.5096831917762756,0.20015886425971985,0.8701406717300415,0.5222788453102112,0.26973193883895874,0.9458913803100586,1.0,0.20928607881069183,0.3788938522338867
707,frame_02523,v40c_01398,0.5097295045852661,0.19850920140743256,0.8690131902694702,0.5275436043739319,0.26873910427093506,0.9466345906257629,1.0,0.23886218667030334,0.4841226041316986
708,frame_02524,v40c_01398,0.5100226998329163,0.19788001477718353,0.8693143725395203,0.5322291254997253,0.26725324988365173,0.9465702772140503,1.0,0.2048615664243698,0.38138410449028015
709,frame_02525,v40c_01398,0.5115156769752502,0.19598489999771118,0.8658437728881836,0.5383589267730713,0.26508596539497375,0.946667492389679,1.0,0.18259404599666595,0.2945128381252289
710,frame_02526,v40c_01398,0.5140084028244019,0.1933753341436386,0.8628363609313965,0.5384280681610107,0.26467227935791016,0.947285532951355,1.0,0.26298341155052185,0.525784432888031
711,frame_02527,v40c_01398,0.5150184035301208,0.19270765781402588,0.8608583211898804,0.5346478223800659,0.26422616839408875,0.947239100933075,1.0,0.18168474733829498,0.2905016243457794
712,frame_02528,v40c_01398,0.5160938501358032,0.19272443652153015,0.8606686592102051,0.526546061038971,0.2618447244167328,0.9445249438285828,1.0,0.20596358180046082,0.36470770835876465
713,frame_02529,v40c_01398,0.5157577395439148,0.19287946820259094,0.8604971170425415,0.5244900584220886,0.26418349146842957,0.9438730478286743,1.0,0.22232699394226074,0.4179118573665619
714,frame_02530,v40c_01398,0.516171395778656,0.1919078677892685,0.8600956797599792,0.526847779750824,0.26468002796173096,0.9452188611030579,1.0,0.20905044674873352,0.37996774911880493
715,frame_02531,v40c_01398,0.5156987309455872,0.19140979647636414,0.8603493571281433,0.5343420505523682,0.2637147605419159,0.9457166790962219,1.0,0.21469302475452423,0.3929642140865326
716,frame_02532,v40c_01399,0.516710638999939,0.19129692018032074,0.8603677749633789,0.5331379175186157,0.2619139850139618,0.94475257396698,1.0,0.2530226707458496,0.5114673972129822
717,frame_02533,v40c_01400,0.5200896263122559,0.18876077234745026,0.8569334149360657,0.5337392091751099,0.26312634348869324,0.9444497227668762,1.0,0.2431790828704834,0.4805183410644531
718,frame_02534,v40c_01401,0.5209248065948486,0.18803517520427704,0.8555999994277954,0.5359565019607544,0.26321181654930115,0.945012092590332,1.0,0.24608394503593445,0.49244236946105957
719,frame_02535,v40c_01402,0.5233454704284668,0.18504078686237335,0.8532276153564453,0.5355451703071594,0.26299694180488586,0.9464918375015259,1.0,0.24202559888362885,0.4797423779964447
720,frame_02536,v40c_01403,0.5241967439651489,0.18434934318065643,0.8517497777938843,0.5361384749412537,0.26345035433769226,0.9452911615371704,1.0,0.18672846257686615,0.3201678693294525
721,frame_02537,v40c_01404,0.5263357162475586,0.1829543262720108,0.8492306470870972,0.5335177779197693,0.26334691047668457,0.9445724487304688,1.0,0.24209162592887878,0.4620043635368347
722,frame_02538,v40c_01404,0.526985228061676,0.18224559724330902,0.8487621545791626,0.5379887223243713,0.26524442434310913,0.9455577731132507,1.0,0.19512926042079926,0.3267591595649719
723,frame_02539,v40c_01405,0.5279829502105713,0.1813035011291504,0.8470040559768677,0.5360562801361084,0.264501690864563,0.9436799883842468,1.0,0.2255273163318634,0.4319254755973816
724,frame_02540,v40c_01406,0.5289192795753479,0.18069151043891907,0.8471894264221191,0.5354428291320801,0.26428481936454773,0.9423255920410156,1.0,0.2583136260509491,0.5101827383041382
725,frame_02541,v40c_01405,0.5290012359619141,0.18046118319034576,0.8476167917251587,0.5315548777580261,0.26476460695266724,0.9404373168945312,1.0,0.22979620099067688,0.45003873109817505
726,frame_02542,v40c_01405,0.5292020440101624,0.18017201125621796,0.8469715118408203,0.5320280194282532,0.26632025837898254,0.9395135045051575,1.0,0.21962924301624298,0.4215618968009949
727,frame_02543,v40c_01405,0.5291072726249695,0.17940258979797363,0.845502495765686,0.53413987159729,0.26758673787117004,0.9406965374946594,1.0,0.2193755805492401,0.4034281373023987
728,frame_02544,v40c_01407,0.5283219814300537,0.1783449500799179,0.8442015647888184,0.5357958078384399,0.26574835181236267,0.9410136938095093,1.0,0.20000427961349487,0.3696438670158386
729,frame_02545,v40c_01405,0.528619110584259,0.17776736617088318,0.8428360223770142,0.5454742908477783,0.26584628224372864,0.9410406947135925,1.0,0.21003049612045288,0.3975710868835449
730,frame_02546,v40c_01405,0.5278177261352539,0.17750994861125946,0.8417071104049683,0.547493040561676,0.265070378780365,0.9416273236274719,1.0,0.2599797248840332,0.5284395813941956
731,frame_02547,v40c_01405,0.5276888608932495,0.17682196199893951,0.8407146334648132,0.5500498414039612,0.2644426226615906,0.9421094655990601,1.0,0.16577479243278503,0.22074909508228302
732,frame_02548,v40c_01405,0.5275064706802368,0.17718012630939484,0.8389736413955688,0.5512605309486389,0.26423388719558716,0.9423791766166687,1.0,0.23730583488941193,0.467599481344223
733,frame_02549,v40c_01408,0.5277056694030762,0.17764019966125488,0.8373430967330933,0.5499000549316406,0.2639186978340149,0.9404389262199402,1.0,0.17936092615127563,0.25976693630218506
734,frame_02550,v40c_01408,0.5275600552558899,0.17783042788505554,0.8369399309158325,0.5492241382598877,0.2650347054004669,0.9410664439201355,1.0,0.22433538734912872,0.42036470770835876
735,frame_02551,v40c_01409,0.5252987742424011,0.17768052220344543,0.8375542759895325,0.5455982685089111,0.2656458914279938,0.9413779973983765,1.0,0.22020594775676727,0.4211271405220032
736,frame_02552,v40c_01410,0.5246039628982544,0.17703942954540253,0.8372105360031128,0.5478776097297668,0.26695144176483154,0.9414907693862915,1.0,0.21957769989967346,0.3969669044017792
737,frame_02553,v40c_01410,0.5245122909545898,0.1768171489238739,0.8372930288314819,0.5477370619773865,0.266782283782959,0.9411464929580688,1.0,0.1956147998571396,0.3225114941596985
738,frame_02554,v40c_01410,0.5242783427238464,0.17684677243232727,0.8371908068656921,0.5480696558952332,0.2673349380493164,0.940483570098877,1.0,0.17508751153945923,0.24186667799949646
739,frame_02555,v40c_01411,0.5239635109901428,0.17652541399002075,0.8376064300537109,0.5493761897087097,0.2672159969806671,0.9413062334060669,1.0,0.22455663979053497,0.40593209862709045
740,frame_02556,v40c_01411,0.5236610174179077,0.17642386257648468,0.8370130658149719,0.553416907787323,0.2680521309375763,0.943123459815979,1.0,0.20495985448360443,0.38482338190078735
741,frame_02557,v40c_01411,0.5220646262168884,0.17556467652320862,0.8359634280204773,0.5548683404922485,0.26859351992607117,0.9439393281936646,1.0,0.23781950771808624,0.4761337339878082
742,frame_02558,v40c_01411,0.519220232963562,0.1762627810239792,0.8346260190010071,0.5522363185882568,0.2684313654899597,0.9443556666374207,1.0,0.20984946191310883,0.3903321325778961
743,frame_02559,v40c_01412,0.516330361366272,0.17690865695476532,0.8347217440605164,0.5532662868499756,0.2679540514945984,0.9457394480705261,1.0,0.21498297154903412,0.40354084968566895
744,frame_02560,v40c_01412,0.5150295495986938,0.17741747200489044,0.8353477716445923,0.5517769455909729,0.2673414349555969,0.9443570971488953,1.0,0.18179528415203094,0.2712368667125702
745,frame_02561,v40c_01413,0.5143612027168274,0.1781034618616104,0.8349170684814453,0.5548969507217407,0.2684786319732666,0.9443772435188293,1.0,0.20885752141475677,0.37161627411842346
746,frame_02562,v40c_01414,0.5117955803871155,0.17888066172599792,0.8359325528144836,0.5532049536705017,0.2682906985282898,0.9443500638008118,1.0,0.20829421281814575,0.36894798278808594
747,frame_02563,v40c_01415,0.5113846659660339,0.17879746854305267,0.8361557722091675,0.5506426692008972,0.2682855725288391,0.9457849264144897,1.0,0.21517986059188843,0.3878677785396576
748,frame_02564,v40c_01415,0.5113860368728638,0.17915959656238556,0.8362189531326294,0.5506207346916199,0.2677643597126007,0.944732666015625,1.0,0.17895257472991943,0.2573227286338806
749,frame_02565,v40c_01415,0.5116329789161682,0.1793399304151535,0.8361741900444031,0.5490655899047852,0.26708972454071045,0.9456630945205688,1.0,0.21862933039665222,0.4014946520328522
750,frame_02566,v40c_01416,0.5090062618255615,0.17946681380271912,0.8360708951950073,0.5509825944900513,0.26839950680732727,0.9452617764472961,1.0,0.24327094852924347,0.492399126291275
751,frame_02567,v40c_01417,0.5049851536750793,0.1781296283006668,0.8346307873725891,0.5511379837989807,0.2687637209892273,0.9455051422119141,1.0,0.20717404782772064,0.37940865755081177
752,frame_02568,v40c_01418,0.5028780102729797,0.17759756743907928,0.834540843963623,0.5499453544616699,0.26829513907432556,0.9439389109611511,1.0,0.22902294993400574,0.4435884952545166
753,frame_02569,v40c_01419,0.5015525221824646,0.176829531788826,0.8322944641113281,0.5468176603317261,0.2680237889289856,0.9437127113342285,1.0,0.18232718110084534,0.2781338095664978
754,frame_02570,v40c_01420,0.5007186532020569,0.17597036063671112,0.8311464190483093,0.5501094460487366,0.2692074477672577,0.9444683790206909,1.0,0.1830097883939743,0.27413278818130493
755,frame_02571,v40c_01421,0.5002190470695496,0.17489181458950043,0.8296259045600891,0.549818754196167,0.2696455717086792,0.9448774456977844,1.0,0.22461427748203278,0.4252986013889313
756,frame_02572,v40c_01421,0.4998869001865387,0.17488212883472443,0.828402042388916,0.5501266121864319,0.26959168910980225,0.945820689201355,1.0,0.18568769097328186,0.30149585008621216
757,frame_02573,v40c_01422,0.4993269443511963,0.175026997923851,0.8286020159721375,0.5508484840393066,0.27019554376602173,0.9460517168045044,1.0,0.19032439589500427,0.31443995237350464
758,frame_02574,v40c_01422,0.4989088177680969,0.17549574375152588,0.8283098936080933,0.5516757965087891,0.2702597379684448,0.9451488256454468,1.0,0.2086952179670334,0.41055911779403687
759,frame_02575,v40c_01423,0.49864819645881653,0.17535492777824402,0.8277568817138672,0.5501838326454163,0.27016758918762207,0.9442299008369446,1.0,0.18665526807308197,0.3020437955856323
760,frame_02576,v40c_01423,0.49816301465034485,0.17513296008110046,0.8279036283493042,0.5474872589111328,0.2693856656551361,0.9439020156860352,1.0,0.1912354826927185,0.2913067042827606
761,frame_02577,v40c_01423,0.4984319806098938,0.1746980994939804,0.8275803327560425,0.547539472579956,0.268366277217865,0.9424187541007996,1.0,0.20056195557117462,0.3389137089252472
762,frame_02578,v40c_01423,0.4985179603099823,0.17459645867347717,0.8274238705635071,0.546606183052063,0.26865437626838684,0.9430427551269531,1.0,0.18715859949588776,0.2928168773651123
763,frame_02579,v40c_01424,0.4985620677471161,0.17399533092975616,0.8260768055915833,0.5479727983474731,0.2708301246166229,0.9447019696235657,1.0,0.1925172060728073,0.3365630507469177
764,frame_02580,v40c_01425,0.49817749857902527,0.17368976771831512,0.8259126543998718,0.5454146265983582,0.2711147665977478,0.9445951581001282,1.0,0.2120356410741806,0.3883912265300751
765,frame_02581,v40c_01426,0.4986249804496765,0.17303460836410522,0.8246615529060364,0.5455019474029541,0.2709519863128662,0.9429557919502258,1.0,0.2154882401227951,0.4128754734992981
766,frame_02582,v40c_01427,0.4980712831020355,0.1722148209810257,0.8230514526367188,0.5459399819374084,0.271085649728775,0.9427694082260132,1.0,0.19860875606536865,0.3508324921131134
767,frame_02583,v40c_01427,0.49828141927719116,0.17117822170257568,0.8218914270401001,0.544253945350647,0.27226749062538147,0.9435297250747681,1.0,0.2047538310289383,0.3341061770915985
768,frame_02584,v40c_01427,0.498197466135025,0.1708514243364334,0.8219447135925293,0.543380856513977,0.27234381437301636,0.9439620971679688,1.0,0.1876455545425415,0.291231632232666
769,frame_02585,v40c_01427,0.4984523057937622,0.1709146350622177,0.8219751119613647,0.5417047739028931,0.27207282185554504,0.9426416158676147,1.0,0.217316672205925,0.4153343141078949
770,frame_02586,v40c_01427,0.49819085001945496,0.17012719810009003,0.8212385177612305,0.540246307849884,0.27208927273750305,0.9426321983337402,1.0,0.18608786165714264,0.27904757857322693
771,frame_02587,v40c_01427,0.49861031770706177,0.16967004537582397,0.820061206817627,0.5405497550964355,0.27304765582084656,0.9435781240463257,1.0,0.1905139833688736,0.3272099196910858
772,frame_02588,v40c_01427,0.4986976981163025,0.16878381371498108,0.8183773159980774,0.5366117358207703,0.2736166715621948,0.9437940716743469,1.0,0.2177060842514038,0.38709527254104614
773,frame_02589,v40c_01428,0.49902939796447754,0.1680968552827835,0.8177900314331055,0.5334795713424683,0.2737979292869568,0.9439324140548706,1.0,0.18646924197673798,0.28979581594467163
774,frame_02590,v40c_01429,0.49888187646865845,0.1680147498846054,0.8178600072860718,0.533153772354126,0.27515050768852234,0.9430691599845886,1.0,0.23952265083789825,0.46034544706344604
775,frame_02591,v40c_01430,0.49984312057495117,0.1675223410129547,0.8162301778793335,0.5303959846496582,0.2740000784397125,0.9430118799209595,1.0,0.1884247362613678,0.2984752953052521
776,frame_02592,v40c_01431,0.5002716183662415,0.16702139377593994,0.8158976435661316,0.5316633582115173,0.2750962972640991,0.9436710476875305,1.0,0.17391690611839294,0.2348700761795044
777,frame_02593,v40c_01431,0.5003100633621216,0.16678239405155182,0.8153361082077026,0.5284165143966675,0.275890052318573,0.9435077905654907,1.0,0.21237365901470184,0.38201671838760376
778,frame_02594,v40c_01432,0.5009629726409912,0.16594596207141876,0.8145689964294434,0.5275089144706726,0.275739848613739,0.9435550570487976,1.0,0.17570018768310547,0.2580745816230774
779,frame_02595,v40c_01433,0.5011807680130005,0.16630220413208008,0.8144667744636536,0.524966835975647,0.2753984332084656,0.943204402923584,1.0,0.1782003939151764,0.26736974716186523
780,frame_02596,v40c_01433,0.5020451545715332,0.16616028547286987,0.8141711950302124,0.5223289728164673,0.2746216654777527,0.9424742460250854,1.0,0.21581657230854034,0.36777469515800476
781,frame_02597,v40c_01434,0.5021337270736694,0.16607367992401123,0.8136110305786133,0.5225660800933838,0.27383488416671753,0.9412274360656738,1.0,0.20086784660816193,0.35198265314102173
782,frame_02598,v40c_01435,0.5039716958999634,0.16497762501239777,0.8125497698783875,0.5226752758026123,0.27426695823669434,0.9416949152946472,1.0,0.2259504497051239,0.4351532459259033
783,frame_02599,v40c_01436,0.5072994828224182,0.1625233292579651,0.8076266050338745,0.5259944796562195,0.27835261821746826,0.9457029104232788,1.0,0.2274782806634903,0.4309616684913635
784,frame_02600,v40c_01437,0.5096402764320374,0.1611585170030594,0.8060962557792664,0.5282886624336243,0.2807823717594147,0.9480581283569336,1.0,0.2257223278284073,0.4091285169124603
785,frame_02601,v40c_01437,0.5104460716247559,0.16066880524158478,0.8055109977722168,0.5284677743911743,0.28118205070495605,0.947162926197052,1.0,0.20719531178474426,0.36509042978286743
786,frame_02602,v40c_01438,0.5106849670410156,0.1610998660326004,0.8061550855636597,0.5280156135559082,0.2801458537578583,0.946434497833252,1.0,0.20301342010498047,0.3338238000869751
787,frame_02603,v40c_01438,0.5117034316062927,0.1604640930891037,0.8050471544265747,0.5311623811721802,0.2836959958076477,0.9498766660690308,1.0,0.21919412910938263,0.39947599172592163
788,frame_02604,v40c_01438,0.5123909115791321,0.16014303267002106,0.8050786852836609,0.5320976376533508,0.28431370854377747,0.9499973058700562,1.0,0.20992223918437958,0.37676364183425903
789,frame_02605,v40c_01438,0.5140963792800903,0.16000376641750336,0.8049009442329407,0.5390691161155701,0.2848021984100342,0.9502245187759399,1.0,0.23636461794376373,0.45146065950393677
790,frame_02606,v40c_01438,0.5158534049987793,0.15949369966983795,0.8040159344673157,0.5421538949012756,0.2886180281639099,0.9545829892158508,1.0,0.20377680659294128,0.3602738380432129
791,frame_02607,v40c_01439,0.518243134021759,0.15976274013519287,0.8059358596801758,0.5450307130813599,0.29125550389289856,0.957539439201355,1.0,0.22479799389839172,0.40817636251449585
792,frame_02608,v40c_01440,0.5209088921546936,0.16115553677082062,0.8083958625793457,0.5472701787948608,0.29399532079696655,0.9599078297615051,1.0,0.21065589785575867,0.36592501401901245
793,frame_02609,v40c_01441,0.5218438506126404,0.16132815182209015,0.8085454702377319,0.5498857498168945,0.2965356111526489,0.9612365961074829,1.0,0.2351265698671341,0.4432678818702698
794,frame_02610,v40c_01442,0.5218271613121033,0.16170907020568848,0.8099054098129272,0.5530179142951965,0.2971242666244507,0.9612845182418823,1.0,0.1704605370759964,0.2185390293598175
795,frame_02611,v40c_01443,0.5219554305076599,0.16197626292705536,0.8104943037033081,0.5572373867034912,0.29743126034736633,0.9613934755325317,1.0,0.1818293333053589,0.261137992143631
796,frame_02612,v40c_01443,0.5222351551055908,0.16136428713798523,0.8107460737228394,0.557564914226532,0.29838553071022034,0.9624582529067993,1.0,0.22769643366336823,0.4021236002445221
797,frame_02613,v40c_01444,0.5225492119789124,0.16168463230133057,0.8103542327880859,0.559245765209198,0.29759681224823,0.9616700410842896,1.0,0.18050236999988556,0.25040751695632935
798,frame_02614,v40c_01445,0.5226949453353882,0.16162145137786865,0.8117213249206543,0.5606776475906372,0.2989579439163208,0.9626509547233582,1.0,0.20050252974033356,0.3241440951824188
799,frame_02615,v40c_01446,0.5236849784851074,0.16250541806221008,0.813800036907196,0.5597943663597107,0.2999018728733063,0.9641730189323425,1.0,0.22709046304225922,0.4227356016635895
800,frame_02616,v40c_01447,0.5246628522872925,0.16242261230945587,0.8142679929733276,0.5544964075088501,0.3001774847507477,0.9647849798202515,1.0,0.19439616799354553,0.3227793872356415
801,frame_02617,v40c_01448,0.5240628719329834,0.16290269792079926,0.8152405619621277,0.5521131157875061,0.2997705042362213,0.9653935432434082,1.0,0.19777396321296692,0.3254379630088806
802,frame_02618,v40c_01449,0.5247700810432434,0.1633531153202057,0.816510021686554,0.5496658086776733,0.29941460490226746,0.964928925037384,1.0,0.22093245387077332,0.41567760705947876
803,frame_02619,v40c_01450,0.5254727005958557,0.16516995429992676,0.8206079602241516,0.5516740083694458,0.29892539978027344,0.9640199542045593,1.0,0.19589032232761383,0.32127463817596436
804,frame_02620,v40c_01451,0.5266819596290588,0.16560012102127075,0.8230379819869995,0.5516740083694458,0.29892539978027344,0.9640199542045593,1.0,0.2234867513179779,0.43332576751708984
805,frame_02621,v40c_01452,0.5264258980751038,0.16708463430404663,0.8268059492111206,0.5516740083694458,0.29892539978027344,0.9640199542045593,1.0,0.20935937762260437,0.37419599294662476
806,frame_02622,v40c_01453,0.52535480260849,0.16796836256980896,0.830849826335907,0.5516740083694458,0.29892539978027344,0.9640199542045593,1.0,0.20784880220890045,0.3620433211326599
807,frame_02623,v40c_01454,0.5253182053565979,0.16991396248340607,0.8354982137680054,0.5279521346092224,0.29993119835853577,0.9635146260261536,1.0,0.23038527369499207,0.4400317668914795
808,frame_02880,v40c_01610,0.5357527732849121,0.269214004278183,0.9061983823776245,0.4803502559661865,0.291680246591568,0.9490766525268555,1.0,0.2120465189218521,0.3964502811431885
809,frame_02881,v40c_01610,0.5350554585456848,0.2701168358325958,0.9054352045059204,0.47842517495155334,0.29167625308036804,0.9488294720649719,1.0,0.2475733608007431,0.49495935440063477
810,frame_02882,v40c_01610,0.5349827408790588,0.27010053396224976,0.904483437538147,0.4793550670146942,0.2917306125164032,0.9505988359451294,1.0,0.22713015973567963,0.41239213943481445
811,frame_02883,v40c_01610,0.5355610847473145,0.26980337500572205,0.9049185514450073,0.48105618357658386,0.2904609441757202,0.9532231092453003,1.0,0.2379208654165268,0.45579957962036133
812,frame_02884,v40c_01611,0.5363567471504211,0.26892876625061035,0.9053886532783508,0.480282187461853,0.2876247763633728,0.9536073803901672,1.0,0.2242117077112198,0.45297399163246155
813,frame_02885,v40c_01612,0.5419280529022217,0.26564398407936096,0.9060121774673462,0.47896337509155273,0.28722310066223145,0.951435387134552,1.0,0.21332338452339172,0.39995089173316956
814,frame_02886,v40c_01612,0.5430656671524048,0.2647547125816345,0.9050691723823547,0.47713226079940796,0.2890722453594208,0.9443023800849915,1.0,0.2014608532190323,0.37445181608200073
815,frame_02887,v40c_01613,0.5441989898681641,0.26521050930023193,0.905016303062439,0.47981831431388855,0.28906941413879395,0.9476815462112427,1.0,0.2607226073741913,0.5351676940917969
816,frame_02888,v40c_01614,0.5446938276290894,0.2661731541156769,0.9031359553337097,0.48026663064956665,0.2892371714115143,0.9478175044059753,1.0,0.23744173347949982,0.45777207612991333
817,frame_02889,v40c_01614,0.5488908886909485,0.2648339569568634,0.9008687138557434,0.4813498556613922,0.29006752371788025,0.9482593536376953,1.0,0.20019689202308655,0.37025004625320435
818,frame_02890,v40c_01614,0.5527215600013733,0.26336750388145447,0.9006108045578003,0.4846561849117279,0.2909606695175171,0.9479659199714661,1.0,0.19151803851127625,0.3283080458641052
819,frame_02891,v40c_01615,0.5558670163154602,0.2627779543399811,0.9000225067138672,0.48714447021484375,0.29096347093582153,0.9531358480453491,1.0,0.2182069718837738,0.4136425852775574
820,frame_02892,v40c_01616,0.5595300793647766,0.26172778010368347,0.9001436233520508,0.48752903938293457,0.2909577786922455,0.9535514712333679,1.0,0.2005789428949356,0.3599429726600647
821,frame_02893,v40c_01616,0.5631527900695801,0.2603279650211334,0.9025799632072449,0.48847243189811707,0.2914204001426697,0.953131377696991,1.0,0.2311665117740631,0.4391506612300873
822,frame_02894,v40c_01616,0.5632372498512268,0.260353147983551,0.9031758308410645,0.4884875416755676,0.29188477993011475,0.9518308639526367,1.0,0.2249482423067093,0.418732225894928
823,frame_02895,v40c_01616,0.5627138614654541,0.260715126991272,0.9032222628593445,0.4878927171230316,0.2930757403373718,0.951361358165741,1.0,0.23813223838806152,0.47473645210266113
824,frame_02896,v40c_01616,0.5402348041534424,0.2597253918647766,0.9107893109321594,0.4862074553966522,0.2931700646877289,0.9515528678894043,1.0,0.18796411156654358,0.307389497756958
825,frame_02897,v40c_01617,0.5252198576927185,0.2588057518005371,0.9123818278312683,0.48585212230682373,0.292775422334671,0.9520779848098755,1.0,0.228823721408844,0.4590221047401428
826,frame_02898,v40c_01618,0.5253216624259949,0.2587102949619293,0.9133189916610718,0.48646441102027893,0.2925022542476654,0.9526628255844116,1.0,0.24986504018306732,0.49675092101097107
827,frame_02899,v40c_01618,0.5260930061340332,0.25882038474082947,0.9149965047836304,0.4861026406288147,0.2917866110801697,0.9543213844299316,1.0,0.25572431087493896,0.4953240752220154
828,frame_02900,v40c_01618,0.527454137802124,0.2584138810634613,0.9151848554611206,0.4857354462146759,0.2905885577201843,0.9549340009689331,1.0,0.19058285653591156,0.33008113503456116
829,frame_02901,v40c_01618,0.5289424657821655,0.2583000361919403,0.9160560369491577,0.4848625659942627,0.28990134596824646,0.9562258720397949,1.0,0.2294667661190033,0.4376947283744812
830,frame_02902,v40c_01618,0.5293397903442383,0.2578989863395691,0.9168813824653625,0.4847922623157501,0.2894802689552307,0.9568065404891968,1.0,0.23116067051887512,0.42640072107315063
831,frame_02903,v40c_01618,0.5302215814590454,0.25753605365753174,0.91655033826828,0.4829102158546448,0.28859442472457886,0.9561948776245117,1.0,0.2309064269065857,0.44111213088035583
832,frame_02904,v40c_01618,0.5312278866767883,0.25787171721458435,0.9173744916915894,0.4842316806316376,0.28800174593925476,0.9559555053710938,1.0,0.23970091342926025,0.47354787588119507
833,frame_02905,v40c_01619,0.5332431197166443,0.25664177536964417,0.9166847467422485,0.48529648780822754,0.28692108392715454,0.9560219049453735,1.0,0.22290529310703278,0.43520647287368774
834,frame_02906,v40c_01620,0.5345726609230042,0.2560569643974304,0.9169009923934937,0.48501870036125183,0.2862117290496826,0.9556711912155151,1.0,0.2149575799703598,0.4079216420650482
835,frame_02907,v40c_01620,0.5356282591819763,0.25520411133766174,0.9154839515686035,0.48499414324760437,0.2857044041156769,0.9564197659492493,1.0,0.2211127132177353,0.4327647089958191
836,frame_02908,v40c_01620,0.5376817584037781,0.2550220489501953,0.9160895347595215,0.48410704731941223,0.2842169404029846,0.9577180743217468,1.0,0.19766420125961304,0.3613852262496948
837,frame_02909,v40c_01620,0.5386509895324707,0.2543262541294098,0.9158045649528503,0.48576536774635315,0.28360044956207275,0.9578280448913574,1.0,0.20815591514110565,0.3953060507774353
838,frame_02910,v40c_01620,0.5411214828491211,0.2529783546924591,0.9163039326667786,0.4866907298564911,0.282756507396698,0.9576552510261536,1.0,0.2544679343700409,0.48951029777526855
839,frame_02911,v40c_01620,0.5432062745094299,0.25189208984375,0.9162681698799133,0.487637460231781,0.2823597192764282,0.9579442143440247,1.0,0.25765684247016907,0.5001381635665894
840,frame_02912,v40c_01621,0.5462788343429565,0.25013551115989685,0.9148067235946655,0.48910948634147644,0.28020569682121277,0.9602363705635071,1.0,0.253171443939209,0.48900991678237915
841,frame_02913,v40c_01622,0.5481846928596497,0.24884922802448273,0.9149265289306641,0.4900765120983124,0.2792651057243347,0.9595564603805542,1.0,0.22789324820041656,0.4638621211051941
842,frame_02914,v40c_01622,0.5491007566452026,0.24807080626487732,0.9149869680404663,0.49040839076042175,0.27877679467201233,0.9585549235343933,1.0,0.20106153190135956,0.3582402169704437
843,frame_02915,v40c_01623,0.5520035028457642,0.2453400194644928,0.9160157442092896,0.48895877599716187,0.2776552736759186,0.9540788531303406,1.0,0.20367921888828278,0.38311848044395447
844,frame_02916,v40c_01624,0.5520033240318298,0.24328015744686127,0.9136552810668945,0.4906153082847595,0.2777377963066101,0.9522628784179688,1.0,0.22155213356018066,0.4351236820220947
845,frame_02917,v40c_01625,0.5532376766204834,0.24225275218486786,0.9109119176864624,0.49328067898750305,0.27756989002227783,0.9524446725845337,1.0,0.2439451366662979,0.4706664979457855
846,frame_02918,v40c_01626,0.5545098185539246,0.24131320416927338,0.9086888432502747,0.4968406558036804,0.2775253653526306,0.953173041343689,1.0,0.2174081802368164,0.42715340852737427
847,frame_02919,v40c_01627,0.5589955449104309,0.23797471821308136,0.9035744667053223,0.4961435794830322,0.2781435549259186,0.9556499719619751,1.0,0.23443761467933655,0.44917669892311096
848,frame_02920,v40c_01628,0.5619486570358276,0.2371027022600174,0.9016174077987671,0.49929898977279663,0.27830052375793457,0.9573808908462524,1.0,0.23819434642791748,0.4567895531654358
849,frame_02921,v40c_01629,0.5661983489990234,0.23351196944713593,0.8990079164505005,0.5046655535697937,0.27906593680381775,0.9603293538093567,1.0,0.21265754103660583,0.41021379828453064
850,frame_02922,v40c_01630,0.5725482106208801,0.22972658276557922,0.8970413208007812,0.5095895528793335,0.2796836197376251,0.9623589515686035,1.0,0.22277413308620453,0.4315973222255707
851,frame_02923,v40c_01631,0.5478028655052185,0.22344684600830078,0.8976349830627441,0.5133145451545715,0.28037363290786743,0.9628810882568359,1.0,0.2318705916404724,0.43860894441604614
852,frame_02924,v40c_01632,0.5509113669395447,0.22057346999645233,0.8958365321159363,0.5141860246658325,0.28158536553382874,0.9637173414230347,1.0,0.20768167078495026,0.37544336915016174
853,frame_02925,v40c_01633,0.534148633480072,0.21616338193416595,0.8928096890449524,0.5169355869293213,0.2843112349510193,0.965450644493103,1.0,0.19617509841918945,0.34223565459251404
854,frame_02926,v40c_01633,0.5228896141052246,0.2136683464050293,0.8913928866386414,0.5178776383399963,0.28638768196105957,0.9631015062332153,1.0,0.2281046062707901,0.4046861231327057
855,frame_02927,v40c_01633,0.5148168206214905,0.2124263495206833,0.891226589679718,0.5185015797615051,0.2881358861923218,0.9607934951782227,1.0,0.2006726711988449,0.3477858901023865
856,frame_02928,v40c_01634,0.513923168182373,0.212193101644516,0.8887880444526672,0.5193707942962646,0.28920894861221313,0.9619768857955933,1.0,0.23056869208812714,0.42719322443008423
857,frame_02929,v40c_01634,0.5146840810775757,0.21170687675476074,0.8867886662483215,0.5217774510383606,0.29044434428215027,0.9635114669799805,1.0,0.21692858636379242,0.3976987898349762
858,frame_02930,v40c_01635,0.5162535309791565,0.20980258285999298,0.884312629699707,0.5257575511932373,0.29116880893707275,0.965705394744873,1.0,0.22505706548690796,0.41873544454574585
859,frame_02931,v40c_01635,0.5205536484718323,0.20638489723205566,0.8823236227035522,0.5280972719192505,0.2908591628074646,0.9666246175765991,1.0,0.2170928418636322,0.41387468576431274
860,frame_02932,v40c_01636,0.5228520035743713,0.2045658975839615,0.8798859715461731,0.531291127204895,0.2910711467266083,0.9669625163078308,1.0,0.19663341343402863,0.3434554934501648
861,frame_02933,v40c_01636,0.5269655585289001,0.2011525183916092,0.8772543668746948,0.5315656065940857,0.2913827896118164,0.9667624235153198,1.0,0.20597660541534424,0.3590993881225586
862,frame_02934,v40c_01637,0.5292171835899353,0.19945433735847473,0.8757606744766235,0.5342091917991638,0.2936745584011078,0.9675715565681458,1.0,0.21069298684597015,0.35989707708358765
863,frame_02935,v40c_01637,0.5295929312705994,0.1989648938179016,0.8748745918273926,0.5355346202850342,0.29509231448173523,0.9713201522827148,1.0,0.22743068635463715,0.4076007008552551
864,frame_02936,v40c_01638,0.5311648845672607,0.19809268414974213,0.8737531900405884,0.5380693078041077,0.2962551712989807,0.9734308123588562,1.0,0.22830548882484436,0.41701745986938477
865,frame_02937,v40c_01639,0.5324586629867554,0.19908811151981354,0.8753040432929993,0.5397874116897583,0.2964341640472412,0.9745931625366211,1.0,0.2192811667919159,0.39771899580955505
866,frame_02938,v40c_01640,0.5364499688148499,0.19808168709278107,0.8743384480476379,0.5422248840332031,0.29597365856170654,0.9742771983146667,1.0,0.2396661639213562,0.46314769983291626
867,frame_02939,v40c_01641,0.5382733941078186,0.19671964645385742,0.8725393414497375,0.5444888472557068,0.2947174310684204,0.9725484848022461,1.0,0.23685282468795776,0.4371890127658844
868,frame_02940,v40c_01642,0.5405204892158508,0.19510824978351593,0.8705260157585144,0.5456556677818298,0.29506567120552063,0.9708021283149719,1.0,0.2539219260215759,0.47538700699806213
869,frame_02941,v40c_01643,0.5420969128608704,0.1934535950422287,0.8680475950241089,0.5495231747627258,0.2968342900276184,0.9716307520866394,1.0,0.20190714299678802,0.34084028005599976
870,frame_02942,v40c_01644,0.5418299436569214,0.19057594239711761,0.8650401830673218,0.549225389957428,0.297116219997406,0.9729212522506714,1.0,0.17921000719070435,0.2536337077617645
871,frame_02943,v40c_01645,0.5442031621932983,0.18743634223937988,0.860358715057373,0.5505455136299133,0.2973690927028656,0.9729979634284973,1.0,0.2152126580476761,0.402636855840683
872,frame_04032,v40c_02412,0.5151273608207703,0.17463284730911255,0.8275488018989563,0.6770021915435791,0.21706044673919678,0.9176298379898071,1.0,0.24495266377925873,0.4735229015350342
873,frame_04033,v40c_02413,0.5199058651924133,0.1590353399515152,0.7680104374885559,0.6849386692047119,0.21178922057151794,0.9007741212844849,1.0,0.20967403054237366,0.3495662808418274
874,frame_04034,v40c_02414,0.5094892382621765,0.15664443373680115,0.7371736764907837,0.6855367422103882,0.21072742342948914,0.8971942663192749,1.0,0.20437419414520264,0.33864912390708923
875,frame_04035,v40c_02415,0.5070284605026245,0.15435868501663208,0.721296489238739,0.6616151332855225,0.20255231857299805,0.894410252571106,1.0,0.2080511450767517,0.38213497400283813
876,frame_04036,v40c_02416,0.5075547695159912,0.1503182351589203,0.6983387470245361,0.5762066841125488,0.2669914662837982,0.9536218643188477,1.0,0.24442408978939056,0.4346107542514801
877,frame_04037,v40c_02417,0.4803900420665741,0.15701471269130707,0.7506946325302124,0.5184779167175293,0.30407434701919556,0.9715387225151062,1.0,0.24868464469909668,0.48041605949401855
878,frame_04038,v40c_02418,0.46210503578186035,0.16505232453346252,0.782992959022522,0.4887513518333435,0.31630972027778625,0.9704642295837402,1.0,0.24826039373874664,0.4908101558685303
879,frame_04039,v40c_02419,0.44585928320884705,0.16565924882888794,0.8050482869148254,0.49947136640548706,0.3101211488246918,0.9738604426383972,1.0,0.23956985771656036,0.5050138831138611
880,frame_04040,v40c_02420,0.43788063526153564,0.16480614244937897,0.8145964741706848,0.5331743359565735,0.2990833520889282,0.9772637486457825,1.0,0.22700044512748718,0.46573948860168457
881,frame_04041,v40c_02421,0.43896257877349854,0.16208460927009583,0.8045498132705688,0.5672789216041565,0.2905586361885071,0.9773189425468445,1.0,0.2502976655960083,0.4681950509548187
882,frame_04042,v40c_02422,0.4660741090774536,0.1649409830570221,0.7825565338134766,0.590123176574707,0.28555428981781006,0.9717976450920105,1.0,0.21615298092365265,0.4328058660030365
883,frame_04043,v40c_02423,0.47306784987449646,0.16135896742343903,0.7684537172317505,0.598865270614624,0.28449878096580505,0.9717860221862793,1.0,0.21050462126731873,0.4021669924259186
884,frame_04044,v40c_02424,0.4756947159767151,0.15902146697044373,0.7620803117752075,0.5916534066200256,0.2869291603565216,0.9739751815795898,1.0,0.2106393575668335,0.41633978486061096
885,frame_04045,v40c_02425,0.4726325571537018,0.15831144154071808,0.7596287727355957,0.5885800719261169,0.28863564133644104,0.9757691621780396,1.0,0.2240099161863327,0.43263524770736694
886,frame_04046,v40c_02426,0.46917155385017395,0.15946276485919952,0.764001727104187,0.5854838490486145,0.2887880802154541,0.9767325520515442,1.0,0.2101445347070694,0.38884931802749634
887,frame_04047,v40c_02427,0.4688296318054199,0.15860934555530548,0.7647597193717957,0.5895660519599915,0.2822931706905365,0.9741794466972351,1.0,0.22284050285816193,0.42057862877845764
888,frame_04048,v40c_02428,0.46913567185401917,0.15774616599082947,0.7635394334793091,0.5942680835723877,0.2761897146701813,0.9714368581771851,1.0,0.21990880370140076,0.41561159491539
889,frame_04049,v40c_02429,0.4719582796096802,0.15446940064430237,0.7606595754623413,0.5945340991020203,0.27310699224472046,0.971959114074707,1.0,0.18014435470104218,0.28084510564804077
890,frame_04050,v40c_02430,0.47499915957450867,0.15360400080680847,0.7613471746444702,0.5956535339355469,0.2672528326511383,0.9704887270927429,1.0,0.21574145555496216,0.4285608232021332
891,frame_04051,v40c_02431,0.47969669103622437,0.15301312506198883,0.7636975646018982,0.597266435623169,0.263543039560318,0.9698780179023743,1.0,0.1920001357793808,0.34326666593551636
892,frame_04052,v40c_02432,0.4863741099834442,0.1526724398136139,0.7667512893676758,0.5976975560188293,0.2598192095756531,0.9684117436408997,1.0,0.23261472582817078,0.4626644253730774
893,frame_04053,v40c_02433,0.48956453800201416,0.15254563093185425,0.7689084410667419,0.6013210415840149,0.2579547166824341,0.9677959680557251,1.0,0.186763733625412,0.3253767192363739
894,frame_04054,v40c_02434,0.4924907386302948,0.1531609147787094,0.7699267268180847,0.6044564843177795,0.2563149929046631,0.9660683870315552,1.0,0.2329530417919159,0.4319673180580139
895,frame_04055,v40c_02435,0.4960026443004608,0.15464743971824646,0.7736260294914246,0.5897181034088135,0.25208842754364014,0.9660276174545288,1.0,0.18572774529457092,0.2982284724712372
896,frame_04056,v40c_02436,0.5042042136192322,0.15875887870788574,0.7821328043937683,0.5832419395446777,0.2508787512779236,0.9650510549545288,1.0,0.17916084825992584,0.2888379693031311
897,frame_04057,v40c_02437,0.510259747505188,0.16292119026184082,0.7911592125892639,0.5709108114242554,0.2484150230884552,0.9622847437858582,1.0,0.2069532573223114,0.38268569111824036
898,frame_04058,v40c_02438,0.5119443535804749,0.1665458232164383,0.8000122904777527,0.5619037747383118,0.2456737905740738,0.9581964612007141,1.0,0.22557170689105988,0.3906177580356598
899,frame_04059,v40c_02438,0.5116190314292908,0.1673441082239151,0.8026574850082397,0.5553442239761353,0.2446126490831375,0.9573674201965332,1.0,0.20759890973567963,0.3507426083087921
900,frame_04060,v40c_02439,0.5106163024902344,0.16865865886211395,0.8056751489639282,0.5525372624397278,0.24452944099903107,0.9572593569755554,1.0,0.2084764540195465,0.36284416913986206
901,frame_04061,v40c_02440,0.510775089263916,0.17073819041252136,0.8126425743103027,0.539625346660614,0.2441900074481964,0.9580187797546387,1.0,0.22952285408973694,0.418466717004776
902,frame_04062,v40c_02440,0.5106704235076904,0.1730414181947708,0.8190482258796692,0.5274128317832947,0.24462780356407166,0.9572396278381348,1.0,0.2184804230928421,0.3977969288825989
903,frame_04063,v40c_02441,0.5104145407676697,0.17674696445465088,0.8292068243026733,0.5224693417549133,0.24660909175872803,0.9575268626213074,1.0,0.21053874492645264,0.38689759373664856
904,frame_04064,v40c_02442,0.5103676319122314,0.18087470531463623,0.8398523330688477,0.5156207084655762,0.25007501244544983,0.9613574743270874,1.0,0.2287382036447525,0.44488877058029175
905,frame_04065,v40c_02443,0.5096899271011353,0.18761099874973297,0.8581514358520508,0.49908268451690674,0.2562808394432068,0.965859591960907,1.0,0.22875598073005676,0.4511629641056061
906,frame_04066,v40c_02444,0.5110927224159241,0.19463294744491577,0.8803211450576782,0.4891258478164673,0.2641844153404236,0.9706325531005859,1.0,0.2245902568101883,0.4434735178947449
907,frame_04067,v40c_02445,0.5112010836601257,0.1979508101940155,0.8913556337356567,0.4837230145931244,0.26912012696266174,0.9736099243164062,1.0,0.2237970530986786,0.41755327582359314
908,frame_04068,v40c_02446,0.5119638442993164,0.2031463086605072,0.9041002988815308,0.48210960626602173,0.2691558599472046,0.9740270376205444,1.0,0.22609440982341766,0.4359639585018158
909,frame_04069,v40c_02446,0.5113607048988342,0.20531682670116425,0.907795250415802,0.48050495982170105,0.27103573083877563,0.9760611653327942,1.0,0.24452738463878632,0.46875157952308655
910,frame_04070,v40c_02447,0.5112487077713013,0.20728744566440582,0.9122930765151978,0.471142441034317,0.27268749475479126,0.9766067266464233,1.0,0.22947196662425995,0.4405716061592102
911,frame_04071,v40c_02448,0.5129402875900269,0.20821307599544525,0.9160422086715698,0.46362778544425964,0.2767033576965332,0.977085292339325,1.0,0.24029503762722015,0.48278599977493286
912,frame_04072,v40c_02449,0.5128927826881409,0.21326853334903717,0.9243890643119812,0.4535515010356903,0.2786375880241394,0.9767019152641296,1.0,0.21612633764743805,0.423822820186615
913,frame_04073,v40c_02450,0.5133828520774841,0.2189258486032486,0.9338847398757935,0.4402761459350586,0.2777983546257019,0.9753348231315613,1.0,0.2680567502975464,0.5292707681655884
914,frame_04074,v40c_02451,0.512873649597168,0.2211327999830246,0.9371027946472168,0.42391151189804077,0.2767522931098938,0.9715595245361328,1.0,0.2425907403230667,0.44364649057388306
915,frame_04075,v40c_02452,0.5121181607246399,0.22272062301635742,0.9400455355644226,0.40916454792022705,0.27342042326927185,0.9671341776847839,1.0,0.23253825306892395,0.4486021399497986
916,frame_04076,v40c_02453,0.5141051411628723,0.2223343849182129,0.939619243144989,0.37281936407089233,0.2575412690639496,0.9524338841438293,1.0,0.24494242668151855,0.46864357590675354
917,nframe_01124,v40c_02482,0.02282799407839775,0.02864658460021019,0.185430109500885,0.5755622982978821,0.1385844200849533,0.7681271433830261,1.0,0.145266592502594,0.0031120560597628355
918,nframe_01125,v40c_02482,0.02282799407839775,0.02864658460021019,0.185430109500885,0.5793942213058472,0.13853895664215088,0.7666249871253967,1.0,0.14531609416007996,0.003357360139489174
919,nframe_01126,v40c_02482,0.022933872416615486,0.02896398864686489,0.18711146712303162,0.5869475603103638,0.1382516324520111,0.7684646844863892,1.0,0.14534693956375122,0.004073765128850937
920,nframe_01127,v40c_02482,0.023253904655575752,0.029242949560284615,0.18983758985996246,0.5894970297813416,0.1384473592042923,0.7721174955368042,1.0,0.14530359208583832,0.003144552931189537
921,nframe_01128,v40c_02482,0.023229563608765602,0.029377715662121773,0.18963490426540375,0.5939160585403442,0.13524074852466583,0.7655235528945923,1.0,0.14532119035720825,0.00369631196372211
922,nframe_01129,v40c_02482,0.023126764222979546,0.02911257930099964,0.18777427077293396,0.5957294702529907,0.13570545613765717,0.7615072131156921,1.0,0.14537648856639862,0.004675266332924366
923,nframe_01130,v40c_02482,0.023151615634560585,0.0292197372764349,0.18832021951675415,0.6003750562667847,0.1361209601163864,0.7568435072898865,1.0,0.1453513205051422,0.004479826427996159
924,nframe_01131,v40c_02482,0.02302410453557968,0.02927536703646183,0.18705293536186218,0.597642719745636,0.1372574269771576,0.7588294148445129,1.0,0.14532507956027985,0.004215641878545284
925,nframe_01132,v40c_02482,0.022993503138422966,0.02950912155210972,0.18683132529258728,0.5926624536514282,0.13821841776371002,0.7601274251937866,1.0,0.14531517028808594,0.0036166117060929537
926,nframe_01133,v40c_02482,0.022971054539084435,0.029449699446558952,0.1861983686685562,0.5903850793838501,0.13916894793510437,0.7584128975868225,1.0,0.14533738791942596,0.004053742624819279
927,nframe_01134,v40c_02482,0.022955715656280518,0.02996308170258999,0.18649256229400635,0.5875066518783569,0.1401551216840744,0.7589781880378723,1.0,0.14537987112998962,0.00556047260761261
928,nframe_01135,v40c_02482,0.02274189703166485,0.02893242798745632,0.18421714007854462,0.5836461186408997,0.14163430035114288,0.7592200040817261,1.0,0.14537687599658966,0.005396849475800991
929,nframe_01136,v40c_02482,0.022590165957808495,0.028505690395832062,0.18319039046764374,0.5791638493537903,0.14311963319778442,0.7588832974433899,1.0,0.14521975815296173,0.0022570122964680195
930,nframe_01137,v40c_02482,0.02281319536268711,0.029474372044205666,0.18406260013580322,0.5825401544570923,0.1434093862771988,0.7577431201934814,1.0,0.14528311789035797,0.004853648133575916
931,nframe_01138,v40c_02482,0.02281319536268711,0.029474372044205666,0.18406260013580322,0.5833401679992676,0.1420808881521225,0.7517752051353455,1.0,0.14524127542972565,0.0035425107926130295
932,nframe_01139,v40c_02482,0.0227355994284153,0.028765864670276642,0.18444903194904327,0.5844795107841492,0.14173191785812378,0.7523755431175232,1.0,0.14526349306106567,0.0037677220534533262
933,nframe_01140,v40c_02482,0.0227355994284153,0.028765864670276642,0.18444903194904327,0.5899204611778259,0.14093898236751556,0.7553293108940125,1.0,0.14525610208511353,0.003059960203245282
934,nframe_01141,v40c_02482,0.0224603358656168,0.028367187827825546,0.18168894946575165,0.5896124243736267,0.14183515310287476,0.7588787078857422,1.0,0.14526337385177612,0.003445293055847287
935,nframe_01142,v40c_02482,0.022409744560718536,0.028834745287895203,0.1799602210521698,0.5872106552124023,0.14441509544849396,0.7645598649978638,1.0,0.14532065391540527,0.004604496993124485
936,nframe_01143,v40c_02482,0.02232985571026802,0.029218889772892,0.1802198588848114,0.5849512219429016,0.14555814862251282,0.7637113928794861,1.0,0.1453271508216858,0.004569149576127529
937,nframe_01144,v40c_02483,0.02212715335190296,0.029219599440693855,0.17795561254024506,0.5844799876213074,0.14772289991378784,0.7659529447555542,1.0,0.14542314410209656,0.004603488836437464
938,nframe_01145,v40c_02484,0.0220045018941164,0.030098946765065193,0.17533184587955475,0.5771273374557495,0.15081281960010529,0.7651117444038391,1.0,0.14545488357543945,0.00554695725440979
939,nframe_01146,v40c_02485,0.021983882412314415,0.030535023659467697,0.1746748387813568,0.575200617313385,0.15650102496147156,0.7654185891151428,1.0,0.1453530192375183,0.005083935800939798
940,nframe_01147,v40c_02485,0.022216346114873886,0.032694268971681595,0.17506693303585052,0.5780255794525146,0.1572604924440384,0.7649840116500854,1.0,0.1453607678413391,0.005002312827855349
941,nframe_01148,v40c_02485,0.022216346114873886,0.032694268971681595,0.17506693303585052,0.5792821645736694,0.15705950558185577,0.7632397413253784,1.0,0.14520366489887238,0.002957521239295602
942,nframe_01149,v40c_02485,0.022313803434371948,0.03314187005162239,0.17610636353492737,0.5821976065635681,0.15582555532455444,0.7613261938095093,1.0,0.1452227234840393,0.002444096840918064
943,nframe_01150,v40c_02485,0.02217782475054264,0.032092344015836716,0.17518655955791473,0.5829609036445618,0.1563395857810974,0.7615756988525391,1.0,0.14521166682243347,0.002535753883421421
944,nframe_01151,v40c_02485,0.02235930971801281,0.032716017216444016,0.17699673771858215,0.5841871500015259,0.15798939764499664,0.76690673828125,1.0,0.1453937292098999,0.004939486272633076
945,nframe_01168,v40c_02486,0.022693049162626266,0.03211575746536255,0.1817769855260849,0.5934117436408997,0.15437787771224976,0.7638645768165588,1.0,0.1453595906496048,0.005227175075560808
946,nframe_01169,v40c_02487,0.022577611729502678,0.030168475583195686,0.18259383738040924,0.598056435585022,0.15251393616199493,0.7626420855522156,1.0,0.1453023999929428,0.004650038667023182
947,nframe_01170,v40c_02487,0.022580420598387718,0.029438726603984833,0.1824239194393158,0.600580096244812,0.1498946249485016,0.7631100416183472,1.0,0.14532636106014252,0.004462447017431259
948,nframe_01171,v40c_02482,0.02285112626850605,0.030274175107479095,0.1849418729543686,0.5998783111572266,0.14922064542770386,0.763738751411438,1.0,0.14528538286685944,0.004276183899492025
949,nframe_01172,v40c_02482,0.022840304300189018,0.029975170269608498,0.18483595550060272,0.600332498550415,0.14779654145240784,0.7597866058349609,1.0,0.14523303508758545,0.003044919343665242
950,nframe_01173,v40c_02482,0.022766947746276855,0.02924286015331745,0.1847756803035736,0.5947935581207275,0.1447213888168335,0.7622053027153015,1.0,0.14524362981319427,0.0039534498937428
951,nframe_01174,v40c_02488,0.022819822654128075,0.029347239062190056,0.18511398136615753,0.5952370166778564,0.14379501342773438,0.7648097276687622,1.0,0.14522656798362732,0.002443842589855194
952,nframe_01175,v40c_02489,0.02280784584581852,0.028756611049175262,0.18457357585430145,0.5943940877914429,0.14319433271884918,0.7659471035003662,1.0,0.14525721967220306,0.003411548910662532
953,nframe_01176,v40c_02482,0.022974468767642975,0.029910264536738396,0.18628615140914917,0.5939397215843201,0.14233747124671936,0.7659714221954346,1.0,0.14537186920642853,0.006013629958033562
954,nframe_01184,v40c_02482,0.023119725286960602,0.030902812257409096,0.18665191531181335,0.6303567290306091,0.13445445895195007,0.7447020411491394,1.0,0.14527778327465057,0.004352354910224676
955,nframe_01185,v40c_02482,0.023028984665870667,0.03072788007557392,0.1860020011663437,0.6232677698135376,0.13432277739048004,0.7385143041610718,1.0,0.14527533948421478,0.004317951388657093
956,nframe_01186,v40c_02490,0.022862495854496956,0.02976597473025322,0.18398335576057434,0.6196136474609375,0.13537143170833588,0.7388824224472046,1.0,0.14520080387592316,0.0030821687541902065
957,nframe_01187,v40c_02490,0.022862495854496956,0.02976597473025322,0.18398335576057434,0.6171347498893738,0.13686880469322205,0.7416954040527344,1.0,0.14518749713897705,0.0029654777608811855
958,nframe_01188,v40c_02482,0.02295517921447754,0.030442113056778908,0.18539069592952728,0.6132221221923828,0.13662046194076538,0.7400831580162048,1.0,0.1452060490846634,0.0030295513570308685
959,nframe_01189,v40c_02482,0.023031581193208694,0.03041870892047882,0.18659628927707672,0.6138783097267151,0.1369248926639557,0.7397974729537964,1.0,0.14524312317371368,0.0034320312552154064
960,nframe_01190,v40c_02482,0.023031581193208694,0.03041870892047882,0.18659628927707672,0.6090936660766602,0.13637526333332062,0.7380616664886475,1.0,0.1452028602361679,0.0033524588216096163
961,nframe_01191,v40c_02482,0.023078553378582,0.030892571434378624,0.1864006370306015,0.6061323285102844,0.13450536131858826,0.7310583591461182,1.0,0.14527511596679688,0.0044728172942996025
962,nframe_01192,v40c_02482,0.023078553378582,0.030892571434378624,0.1864006370306015,0.6077689528465271,0.13389210402965546,0.7292888760566711,1.0,0.1452876180410385,0.004243249073624611
963,nframe_01193,v40c_02482,0.022979803383350372,0.031086068600416183,0.1846848577260971,0.6037536263465881,0.13571104407310486,0.7311217784881592,1.0,0.14531219005584717,0.004890033043920994
964,nframe_01194,v40c_02482,0.02263609878718853,0.029950425028800964,0.1822904497385025,0.5949193835258484,0.13741828501224518,0.7403937578201294,1.0,0.14533792436122894,0.004829891957342625
965,nframe_01195,v40c_02482,0.022651024162769318,0.030984696000814438,0.18176260590553284,0.594398021697998,0.13783705234527588,0.7416853904724121,1.0,0.14529219269752502,0.00357470172457397
966,nframe_01196,v40c_02482,0.022497596219182014,0.031079767271876335,0.18029430508613586,0.5915041565895081,0.13800138235092163,0.7438763976097107,1.0,0.1452508270740509,0.003999155946075916
967,nframe_01197,v40c_02482,0.022497596219182014,0.031079767271876335,0.18029430508613586,0.5891184210777283,0.1389646828174591,0.7461737394332886,1.0,0.14532873034477234,0.004830383695662022
968,nframe_01198,v40c_02482,0.02230343036353588,0.030370911583304405,0.1781105101108551,0.5883331298828125,0.14023469388484955,0.7466259002685547,1.0,0.14525339007377625,0.0034755412489175797
969,nframe_01199,v40c_02482,0.022714167833328247,0.031924374401569366,0.18132492899894714,0.5863626599311829,0.14059747755527496,0.7443670034408569,1.0,0.145335391163826,0.006010666023939848
970,nframe_01200,v40c_02482,0.022714167833328247,0.031924374401569366,0.18132492899894714,0.58791583776474,0.14029482007026672,0.7397653460502625,1.0,0.14525021612644196,0.004159425850957632
971,nframe_01201,v40c_02482,0.022773200646042824,0.03118760697543621,0.18282374739646912,0.5934593081474304,0.13944712281227112,0.7400742769241333,1.0,0.14532975852489471,0.004977119155228138
972,nframe_01202,v40c_02482,0.02302994392812252,0.032179612666368484,0.18449798226356506,0.5938605666160583,0.13870148360729218,0.7383782267570496,1.0,0.1453094780445099,0.00447950791567564
973,nframe_01203,v40c_02482,0.023172937333583832,0.032424673438072205,0.18552684783935547,0.5968314409255981,0.13626043498516083,0.7347193956375122,1.0,0.14528782665729523,0.003953167703002691
974,nframe_01204,v40c_02482,0.023220233619213104,0.032361533492803574,0.1859314739704132,0.5983766913414001,0.13378041982650757,0.7315489053726196,1.0,0.14542363584041595,0.006450404413044453
975,nframe_01205,v40c_02482,0.023543445393443108,0.03294497728347778,0.18858079612255096,0.6032533645629883,0.1302824318408966,0.7283965945243835,1.0,0.14546823501586914,0.006933291908353567
976,nframe_01206,v40c_02482,0.023777149617671967,0.03311358392238617,0.19032976031303406,0.6053014993667603,0.12905314564704895,0.7260770797729492,1.0,0.14547567069530487,0.007448842283338308
977,nframe_01207,v40c_02482,0.02372957207262516,0.032524168491363525,0.1909674108028412,0.6092157959938049,0.12466196715831757,0.7203426957130432,1.0,0.14543192088603973,0.006263920105993748
978,nframe_01208,v40c_02482,0.023833880200982094,0.03288935497403145,0.19176208972930908,0.6094104647636414,0.1248731017112732,0.722311794757843,1.0,0.14535856246948242,0.0068519399501383305
979,nframe_01209,v40c_02482,0.02378666214644909,0.03199353441596031,0.1912836730480194,0.6075506210327148,0.12332898378372192,0.721962034702301,1.0,0.1453617811203003,0.005847250111401081
980,nframe_01408,v40c_02561,0.05209105834364891,0.07915132492780685,0.4044422209262848,0.4652153551578522,0.18244308233261108,0.8813155293464661,1.0,0.145586296916008,0.006498692091554403
981,nframe_01409,v40c_02562,0.05195413529872894,0.07880181074142456,0.40366530418395996,0.46653372049331665,0.183138906955719,0.8812559247016907,1.0,0.14543041586875916,0.005548983346670866
982,nframe_01410,v40c_02562,0.05190984159708023,0.07859863340854645,0.4030695855617523,0.4626823365688324,0.18437181413173676,0.8821820020675659,1.0,0.1457274705171585,0.008830545470118523
983,nframe_01411,v40c_02563,0.052060097455978394,0.07872550934553146,0.4036949574947357,0.46453234553337097,0.18491722643375397,0.8825157284736633,1.0,0.1456267088651657,0.006596076302230358
984,nframe_01412,v40c_02564,0.052089788019657135,0.07843350619077682,0.40521496534347534,0.4676177501678467,0.18350619077682495,0.879813015460968,1.0,0.14567263424396515,0.009106162004172802
985,nframe_01413,v40c_02565,0.05217288061976433,0.0777113139629364,0.4060072898864746,0.4671272933483124,0.1829761117696762,0.8792018890380859,1.0,0.14571748673915863,0.008171272464096546
986,nframe_01414,v40c_02562,0.05210312828421593,0.07702238112688065,0.4059540331363678,0.4597475528717041,0.1802559792995453,0.8768109083175659,1.0,0.14555026590824127,0.006395956967025995
987,nframe_01415,v40c_02562,0.051904890686273575,0.07607465982437134,0.40569454431533813,0.45472726225852966,0.17835557460784912,0.8731667399406433,1.0,0.14552851021289825,0.007338198367506266
988,nframe_01416,v40c_02562,0.051913823932409286,0.0758499875664711,0.40563902258872986,0.45999807119369507,0.17878200113773346,0.8719189763069153,1.0,0.14543309807777405,0.005907784216105938
989,nframe_01417,v40c_02566,0.05153803154826164,0.07462789118289948,0.403555691242218,0.46019813418388367,0.17881260812282562,0.8711589574813843,1.0,0.14533232152462006,0.0046876780688762665
990,nframe_01418,v40c_02567,0.05129426345229149,0.07272261381149292,0.4036222994327545,0.4595840573310852,0.1792071908712387,0.8704727292060852,1.0,0.14527735114097595,0.004340247251093388
991,nframe_01419,v40c_02568,0.05080604925751686,0.06968668103218079,0.40005865693092346,0.46204203367233276,0.1798441857099533,0.8714134097099304,1.0,0.14526712894439697,0.005199683830142021
992,nframe_01420,v40c_02568,0.05080604925751686,0.06968668103218079,0.40005865693092346,0.4608358144760132,0.18056729435920715,0.8727622032165527,1.0,0.14528276026248932,0.004302944056689739
993,nframe_01421,v40c_02569,0.051153261214494705,0.07094840705394745,0.40092188119888306,0.4604308009147644,0.18098945915699005,0.8735997080802917,1.0,0.14525726437568665,0.005064607597887516
994,nframe_01422,v40c_02569,0.05113799870014191,0.07115151733160019,0.40036827325820923,0.46406129002571106,0.18330880999565125,0.876492977142334,1.0,0.14522773027420044,0.004105860833078623
995,nframe_01423,v40c_02569,0.05113879591226578,0.07093250006437302,0.40079063177108765,0.46620801091194153,0.18413446843624115,0.8771039247512817,1.0,0.14519058167934418,0.0029968179296702147
996,nframe_01424,v40c_02569,0.05113879591226578,0.07093250006437302,0.40079063177108765,0.4663332402706146,0.18321101367473602,0.8760623931884766,1.0,0.14520111680030823,0.0027033386286348104
997,nframe_01425,v40c_02570,0.051017750054597855,0.07071953266859055,0.3999705910682678,0.46833300590515137,0.18302872776985168,0.8752142786979675,1.0,0.14524050056934357,0.0035210265778005123
998,nframe_01426,v40c_02570,0.051017750054597855,0.07071953266859055,0.3999705910682678,0.4688245356082916,0.18265880644321442,0.8729379773139954,1.0,0.14522169530391693,0.00283580063842237
999,nframe_01427,v40c_02571,0.05094517022371292,0.07097349315881729,0.3999113142490387,0.46358174085617065,0.18090897798538208,0.8712356686592102,1.0,0.14521756768226624,0.0032717599533498287
1000,nframe_01428,v40c_02571,0.05094517022371292,0.07097349315881729,0.3999113142490387,0.4633896052837372,0.18088765442371368,0.869439959526062,1.0,0.14520615339279175,0.002261360641568899
1001,nframe_01430,v40c_02572,0.050742726773023605,0.07116249948740005,0.3975368142127991,0.46370765566825867,0.18140241503715515,0.8702114820480347,1.0,0.1452142298221588,0.003136151935905218
1002,nframe_01431,v40c_02572,0.05069304630160332,0.07124926149845123,0.3971553146839142,0.4605216979980469,0.18209953606128693,0.8707185983657837,1.0,0.14522109925746918,0.00420929491519928
1003,nframe_01432,v40c_02572,0.050726957619190216,0.0713689774274826,0.39650648832321167,0.45987364649772644,0.18203935027122498,0.870661735534668,1.0,0.14517277479171753,0.002109382301568985
1004,nframe_01433,v40c_02572,0.050726957619190216,0.0713689774274826,0.39650648832321167,0.45853105187416077,0.18193794786930084,0.869647204875946,1.0,0.1452103704214096,0.003496262477710843
1005,nframe_01434,v40c_02573,0.050629377365112305,0.07172401994466782,0.39705580472946167,0.4589988589286804,0.18226611614227295,0.8699358701705933,1.0,0.1451793760061264,0.002472666557878256
1006,nframe_01435,v40c_02573,0.05053546279668808,0.07182575762271881,0.3957553803920746,0.45650866627693176,0.18134140968322754,0.8676466941833496,1.0,0.1451854109764099,0.0025313307996839285
1007,nframe_01436,v40c_02573,0.05053546279668808,0.07182575762271881,0.3957553803920746,0.45289167761802673,0.1816793829202652,0.8683547973632812,1.0,0.1451614797115326,0.002042367123067379
1008,nframe_01437,v40c_02574,0.050556592643260956,0.0722561925649643,0.3955147862434387,0.4468536972999573,0.18124748766422272,0.8679455518722534,1.0,0.14519090950489044,0.002193369437009096
1009,nframe_01438,v40c_02574,0.050537191331386566,0.07231401652097702,0.39469602704048157,0.447340726852417,0.18136224150657654,0.868533730506897,1.0,0.14523029327392578,0.0028314036317169666
1010,nframe_01439,v40c_02574,0.050537191331386566,0.07231401652097702,0.39469602704048157,0.4492585361003876,0.18185299634933472,0.8687072992324829,1.0,0.1452692449092865,0.003362287301570177
1011,nframe_01440,v40c_02574,0.050581708550453186,0.07239972054958344,0.39513683319091797,0.44748443365097046,0.18182234466075897,0.8685102462768555,1.0,0.14525902271270752,0.0030262633226811886
1012,nframe_01441,v40c_02575,0.050469111651182175,0.07240492105484009,0.3947620391845703,0.4479885399341583,0.18255923688411713,0.8692346811294556,1.0,0.14518645405769348,0.002272971672937274
1013,nframe_01442,v40c_02576,0.05032551661133766,0.07219596207141876,0.3935503661632538,0.45037516951560974,0.18265046179294586,0.8677470088005066,1.0,0.1452544629573822,0.004400114994496107
1014,nframe_01443,v40c_02577,0.050181757658720016,0.07212743908166885,0.3921443223953247,0.45200634002685547,0.18322435021400452,0.8680904507637024,1.0,0.1452571600675583,0.004019367042928934
1015,nframe_01444,v40c_02578,0.050095364451408386,0.07199420779943466,0.39282315969467163,0.4537438452243805,0.18391026556491852,0.8691261410713196,1.0,0.14527404308319092,0.004321388900279999
1016,nframe_01445,v40c_02578,0.050095364451408386,0.07199420779943466,0.39282315969467163,0.45476070046424866,0.18417270481586456,0.8695988655090332,1.0,0.145210400223732,0.0034078657627105713
1017,nframe_01446,v40c_02577,0.04991583526134491,0.07144666463136673,0.39179205894470215,0.4507765471935272,0.18476393818855286,0.8702634572982788,1.0,0.14525438845157623,0.0041955094784498215
1018,nframe_01447,v40c_02577,0.04991583526134491,0.07144666463136673,0.39179205894470215,0.45052582025527954,0.1846437305212021,0.8695042729377747,1.0,0.14524193108081818,0.004580835811793804
1019,nframe_01448,v40c_02577,0.049710825085639954,0.07113748788833618,0.39088451862335205,0.44988444447517395,0.18397913873195648,0.8686913251876831,1.0,0.14522118866443634,0.004015316721051931
1020,nframe_01449,v40c_02577,0.0494161956012249,0.07027995586395264,0.3905327022075653,0.4509839117527008,0.18407338857650757,0.8674505949020386,1.0,0.14520907402038574,0.0028081643395125866
1021,nframe_01450,v40c_02579,0.049068424850702286,0.0692034438252449,0.38881048560142517,0.44853460788726807,0.18572449684143066,0.8700311779975891,1.0,0.14515109360218048,0.0017307910602539778
1022,nframe_01451,v40c_02579,0.04910678043961525,0.06901207566261292,0.3888729512691498,0.4471539855003357,0.18658745288848877,0.8709496259689331,1.0,0.1451822817325592,0.001997236395254731
1023,nframe_01452,v40c_02579,0.04908183962106705,0.06886223703622818,0.3887036442756653,0.4462627172470093,0.18807418644428253,0.8725169897079468,1.0,0.14521506428718567,0.0029390554409474134
1024,nframe_01453,v40c_02580,0.04892308637499809,0.0686856284737587,0.3880435526371002,0.4474928081035614,0.189341202378273,0.8745542764663696,1.0,0.14515338838100433,0.0015909526264294982
1025,nframe_01454,v40c_02580,0.04890057444572449,0.06863690167665482,0.3884485960006714,0.4466075599193573,0.18978828191757202,0.8739559054374695,1.0,0.14517435431480408,0.0021474636159837246
1026,nframe_01455,v40c_02579,0.048875171691179276,0.06865786015987396,0.3876582980155945,0.4488327205181122,0.18998242914676666,0.8742866516113281,1.0,0.1451534628868103,0.0016559840878471732
1027,nframe_01456,v40c_02579,0.04880980774760246,0.06852429360151291,0.38755422830581665,0.4483342468738556,0.18976862728595734,0.8729208707809448,1.0,0.14513693749904633,0.001954729435965419
1028,nframe_01457,v40c_02579,0.048594094812870026,0.06833947449922562,0.38648971915245056,0.4496943950653076,0.1901390701532364,0.8726590275764465,1.0,0.1451723426580429,0.002667298773303628
1029,nframe_01459,v40c_02579,0.04797007143497467,0.06734342128038406,0.3837797939777374,0.44708576798439026,0.19139248132705688,0.8724312782287598,1.0,0.145218163728714,0.0033407520968466997
1030,nframe_01460,v40c_02579,0.04791969805955887,0.06706409901380539,0.38308319449424744,0.445244163274765,0.19216521084308624,0.8726170659065247,1.0,0.14518384635448456,0.0025929335970431566
1031,nframe_01461,v40c_02579,0.04758339747786522,0.06640951335430145,0.38161033391952515,0.4471977949142456,0.19321607053279877,0.8742814064025879,1.0,0.14516374468803406,0.0015512786339968443
1032,nframe_01462,v40c_02581,0.04714353010058403,0.06540696322917938,0.37861815094947815,0.44585609436035156,0.19410192966461182,0.8747628331184387,1.0,0.14520516991615295,0.003846746636554599
1033,nframe_01463,v40c_02582,0.04632032662630081,0.06324287503957748,0.37423989176750183,0.44652801752090454,0.19496800005435944,0.8759937286376953,1.0,0.14517131447792053,0.0020883791148662567
1034,nframe_01464,v40c_02582,0.04608938470482826,0.06247857213020325,0.3730216324329376,0.44689005613327026,0.19545778632164001,0.8768335580825806,1.0,0.1452033817768097,0.002927049295976758
1035,nframe_01465,v40c_02582,0.045951686799526215,0.06228691712021828,0.37237563729286194,0.4409041702747345,0.1959586888551712,0.8760105967521667,1.0,0.14517748355865479,0.0025846180506050587
1036,nframe_01466,v40c_02582,0.04585953801870346,0.061816226691007614,0.37217816710472107,0.43925318121910095,0.19544163346290588,0.8751547932624817,1.0,0.1451924443244934,0.0034170635044574738
1037,nframe_01467,v40c_02583,0.04558325931429863,0.06124168634414673,0.3710288405418396,0.44070276618003845,0.19429418444633484,0.8727370500564575,1.0,0.14517205953598022,0.0026288717053830624
1038,nframe_01468,v40c_02584,0.04553104192018509,0.061157483607530594,0.37096211314201355,0.44319412112236023,0.19366054236888885,0.8698915243148804,1.0,0.1451968252658844,0.003322956617921591
1039,nframe_01469,v40c_02584,0.04548210650682449,0.060953497886657715,0.371085524559021,0.44416171312332153,0.1931237280368805,0.8690253496170044,1.0,0.14517836272716522,0.002239567693322897
1040,nframe_01470,v40c_02584,0.04521908238530159,0.059984587132930756,0.36941248178482056,0.44615182280540466,0.1931261569261551,0.8673381805419922,1.0,0.14517445862293243,0.0023615474347025156
1041,nframe_01471,v40c_02585,0.04482424631714821,0.058508794754743576,0.3675042986869812,0.44843947887420654,0.19402644038200378,0.8684335947036743,1.0,0.14515437185764313,0.0015952285612002015
1042,nframe_02176,v40c_02855,0.10221290588378906,0.1391681432723999,0.5627702474594116,0.5438884496688843,0.2183913290500641,0.9111305475234985,1.0,0.1459668129682541,0.012102317996323109
1043,nframe_02177,v40c_02856,0.10175629705190659,0.1385311633348465,0.5611740946769714,0.5442027449607849,0.22070437669754028,0.9126590490341187,1.0,0.14612901210784912,0.01368703506886959
1044,nframe_02178,v40c_02856,0.10279152542352676,0.1390710026025772,0.5646899938583374,0.5433799624443054,0.22214581072330475,0.912735104560852,1.0,0.14594906568527222,0.011834089644253254
1045,nframe_02179,v40c_02856,0.10359764844179153,0.13930325210094452,0.5675033330917358,0.5458943247795105,0.22223849594593048,0.9124044179916382,1.0,0.14594323933124542,0.012408174574375153
1046,nframe_02180,v40c_02856,0.10475987941026688,0.13993021845817566,0.5700539350509644,0.5462259650230408,0.22243770956993103,0.9116953015327454,1.0,0.1459144800901413,0.01127940509468317
1047,nframe_02181,v40c_02856,0.10630298405885696,0.14029979705810547,0.5750705599784851,0.5484257936477661,0.22307592630386353,0.9127742052078247,1.0,0.1459169089794159,0.011795183643698692
1048,nframe_02182,v40c_02857,0.10898005217313766,0.14044222235679626,0.5845514535903931,0.5511235594749451,0.21894975006580353,0.9069951772689819,1.0,0.1458834707736969,0.011103073135018349
1049,nframe_02183,v40c_02857,0.10898005217313766,0.14044222235679626,0.5845514535903931,0.5552887916564941,0.21632853150367737,0.9034608602523804,1.0,0.1460099071264267,0.012504910118877888
1050,nframe_02184,v40c_02858,0.11195815354585648,0.14094440639019012,0.5936280488967896,0.5560609698295593,0.21567252278327942,0.9033539891242981,1.0,0.1458478569984436,0.009476946666836739
1051,nframe_02185,v40c_02858,0.11338581889867783,0.14110957086086273,0.598236620426178,0.5643776655197144,0.21318940818309784,0.9026130437850952,1.0,0.14593540132045746,0.012645319104194641
1052,nframe_02186,v40c_02859,0.11456745862960815,0.14085738360881805,0.6026032567024231,0.5657353401184082,0.21232959628105164,0.9015203714370728,1.0,0.1458672136068344,0.0110075194388628
1053,nframe_02188,v40c_02860,0.11545298248529434,0.13977041840553284,0.6036467552185059,0.5670183300971985,0.20672686398029327,0.8974862098693848,1.0,0.14613522589206696,0.01252147275954485
1054,nframe_02189,v40c_02860,0.11405941843986511,0.13809511065483093,0.6012129187583923,0.5714961290359497,0.20679029822349548,0.8988519906997681,1.0,0.14607830345630646,0.012543884105980396
1055,nframe_02190,v40c_02860,0.11433064192533493,0.13796448707580566,0.602832555770874,0.5683670043945312,0.20969189703464508,0.9040395021438599,1.0,0.1461179256439209,0.012114938348531723
1056,nframe_02191,v40c_02860,0.11485137045383453,0.1381155252456665,0.6044824123382568,0.5696000456809998,0.21648453176021576,0.9078847169876099,1.0,0.14598016440868378,0.010404568165540695
1057,nframe_02192,v40c_02860,0.11455724388360977,0.13802430033683777,0.6031394600868225,0.5660461187362671,0.2194766104221344,0.9100911021232605,1.0,0.1459815502166748,0.012233872897922993
1058,nframe_02193,v40c_02860,0.11317762732505798,0.135935977101326,0.5991486310958862,0.5680146217346191,0.22098027169704437,0.9091358184814453,1.0,0.14596439898014069,0.012241184711456299
1059,nframe_02194,v40c_02860,0.11339180916547775,0.1354961097240448,0.600226104259491,0.5652933716773987,0.2229423224925995,0.9087969064712524,1.0,0.1458655446767807,0.010388433933258057
1060,nframe_02195,v40c_02860,0.11156630516052246,0.13406823575496674,0.5960465669631958,0.5650304555892944,0.22328713536262512,0.9084447622299194,1.0,0.14585977792739868,0.010799052193760872
1061,nframe_02196,v40c_02860,0.11127070337533951,0.13343049585819244,0.5958990454673767,0.5649721026420593,0.22418081760406494,0.9093225598335266,1.0,0.1459997147321701,0.01110627967864275
1062,nframe_02197,v40c_02860,0.11223652213811874,0.13366492092609406,0.5986396074295044,0.5666627883911133,0.22502632439136505,0.9089359045028687,1.0,0.14601938426494598,0.010884982533752918
1063,nframe_02198,v40c_02861,0.11098416894674301,0.13306087255477905,0.5946294665336609,0.5689095258712769,0.22459274530410767,0.9066044688224792,1.0,0.1459520012140274,0.011781154200434685
1064,nframe_02199,v40c_02861,0.11148107051849365,0.13322396576404572,0.595151424407959,0.570103108882904,0.22592061758041382,0.9076973795890808,1.0,0.1459200233221054,0.011497166939079762
1065,nframe_02200,v40c_02862,0.1081404760479927,0.1298139989376068,0.5876061916351318,0.5753452181816101,0.22598953545093536,0.9059509038925171,1.0,0.1457536369562149,0.009162227623164654
1066,nframe_02201,v40c_02863,0.10739698261022568,0.1292378306388855,0.5857620239257812,0.5736643075942993,0.22685295343399048,0.9067120552062988,1.0,0.14577153325080872,0.010636122897267342
1067,nframe_02202,v40c_02863,0.10680154711008072,0.12876297533512115,0.5848608613014221,0.5726279020309448,0.22796252369880676,0.9083930850028992,1.0,0.14590947329998016,0.012128080241382122
1068,nframe_02203,v40c_02864,0.10170683264732361,0.12387046217918396,0.5717031359672546,0.5695419907569885,0.22919660806655884,0.907075047492981,1.0,0.14580868184566498,0.010337606072425842
1069,nframe_02204,v40c_02864,0.10173173248767853,0.12369100004434586,0.5729085206985474,0.5723867416381836,0.22975091636180878,0.9066669344902039,1.0,0.1455322504043579,0.006702245678752661
1070,nframe_02205,v40c_02865,0.1003466472029686,0.1223200187087059,0.5715745687484741,0.5748230814933777,0.2283748835325241,0.9049004316329956,1.0,0.1455891728401184,0.007703141774982214
1071,nframe_02206,v40c_02865,0.09994743764400482,0.12143415957689285,0.571493923664093,0.5777414441108704,0.22798345983028412,0.904742419719696,1.0,0.14584067463874817,0.010083390399813652
1072,nframe_02207,v40c_02865,0.09969911724328995,0.12108403444290161,0.5711780190467834,0.5828603506088257,0.22767946124076843,0.9044873118400574,1.0,0.1459786593914032,0.01148317288607359
1073,nframe_02208,v40c_02866,0.09593716263771057,0.11841482669115067,0.5602781772613525,0.5815876126289368,0.22998426854610443,0.9061907529830933,1.0,0.1459336280822754,0.010241630487143993
1074,nframe_02209,v40c_02866,0.09537279605865479,0.1178252324461937,0.5578681230545044,0.5782065391540527,0.23381099104881287,0.9089668989181519,1.0,0.14590780436992645,0.011005925014615059
1075,nframe_02210,v40c_02866,0.09407807141542435,0.11651577055454254,0.5557318925857544,0.5765804648399353,0.2361050397157669,0.9098340272903442,1.0,0.14589591324329376,0.010149120353162289
1076,nframe_02211,v40c_02866,0.09409790486097336,0.11619479954242706,0.5561507940292358,0.5788609981536865,0.2364477664232254,0.9082128405570984,1.0,0.14597943425178528,0.0109180873259902
1077,nframe_02212,v40c_02866,0.09398873150348663,0.11565578728914261,0.5568045377731323,0.5808874368667603,0.23676690459251404,0.9070184826850891,1.0,0.14584815502166748,0.011892552487552166
1078,nframe_02213,v40c_02867,0.0976465567946434,0.12120679765939713,0.5635510683059692,0.581650972366333,0.23746252059936523,0.9072610139846802,1.0,0.1460554301738739,0.012453536503016949
1079,nframe_02214,v40c_02867,0.0976465567946434,0.12120679765939713,0.5635510683059692,0.5825454592704773,0.24027074873447418,0.9091426730155945,1.0,0.14596790075302124,0.011410849168896675
1080,nframe_02215,v40c_02868,0.09567096084356308,0.11913192272186279,0.5585148930549622,0.5815558433532715,0.24066336452960968,0.9093838930130005,1.0,0.14601494371891022,0.012279636226594448
1081,nframe_02216,v40c_02869,0.09351826459169388,0.11825554072856903,0.5519157648086548,0.5759304165840149,0.2416854202747345,0.9095075726509094,1.0,0.14578118920326233,0.009987717494368553
1082,nframe_02217,v40c_02869,0.09105102717876434,0.11705485731363297,0.5441302061080933,0.5734677314758301,0.2435595840215683,0.9115711450576782,1.0,0.14571547508239746,0.01054073590785265
1083,nframe_02218,v40c_02870,0.08821640908718109,0.11486388742923737,0.5354752540588379,0.5693151950836182,0.24724823236465454,0.9162973165512085,1.0,0.14576369524002075,0.011143001727759838
1084,nframe_02219,v40c_02871,0.08619241416454315,0.11337938159704208,0.5289351940155029,0.567643940448761,0.24914297461509705,0.9165821075439453,1.0,0.14566157758235931,0.008987562730908394
1085,nframe_02220,v40c_02871,0.08375214040279388,0.11131732910871506,0.5212585926055908,0.5666213035583496,0.2503495216369629,0.9186474084854126,1.0,0.1456410139799118,0.008977774530649185
1086,nframe_02221,v40c_02872,0.08234427124261856,0.10968140512704849,0.5183225870132446,0.5653721690177917,0.25174978375434875,0.9191673994064331,1.0,0.14573581516742706,0.009381206706166267
1087,nframe_02222,v40c_02873,0.08071084320545197,0.10766685009002686,0.5143460035324097,0.5678257942199707,0.25241273641586304,0.9179738759994507,1.0,0.14581191539764404,0.011173993349075317
1088,nframe_02223,v40c_02873,0.0787978395819664,0.10560674220323563,0.5077284574508667,0.5708730220794678,0.2537709176540375,0.9187038540840149,1.0,0.14581218361854553,0.009366999380290508
1089,nframe_02224,v40c_02874,0.0761125236749649,0.10287529975175858,0.4983852803707123,0.5692610740661621,0.25682222843170166,0.9224268198013306,1.0,0.1458808183670044,0.010353452526032925
1090,nframe_02225,v40c_02874,0.07503417134284973,0.1009780615568161,0.49548783898353577,0.5687711238861084,0.25738340616226196,0.9221194982528687,1.0,0.1456402838230133,0.009267808869481087
1091,nframe_02226,v40c_02874,0.07503417134284973,0.1009780615568161,0.49548783898353577,0.5694429278373718,0.25863179564476013,0.9227800369262695,1.0,0.14556936919689178,0.007882459089159966
1092,nframe_02227,v40c_02874,0.07468296587467194,0.10033517330884933,0.4951668381690979,0.5716720819473267,0.2591252624988556,0.9228800535202026,1.0,0.14560045301914215,0.007837877608835697
1093,nframe_02228,v40c_02874,0.07486212253570557,0.10090210288763046,0.49182647466659546,0.577201783657074,0.26013508439064026,0.9231346845626831,1.0,0.14559133350849152,0.008055699057877064
1094,nframe_02229,v40c_02874,0.0730430856347084,0.09811025112867355,0.4837227761745453,0.5789521932601929,0.2616572678089142,0.926215648651123,1.0,0.14548267424106598,0.006315059959888458
1095,nframe_02230,v40c_02875,0.06919844448566437,0.09345133602619171,0.4569607377052307,0.5740432143211365,0.2632841467857361,0.92878657579422,1.0,0.14555154740810394,0.006503598298877478
1096,nframe_02231,v40c_02876,0.06439173221588135,0.08945638686418533,0.4422091543674469,0.5659862160682678,0.26621535420417786,0.9321855306625366,1.0,0.14539287984371185,0.005704702343791723
1097,nframe_02232,v40c_02876,0.061765819787979126,0.08658938854932785,0.43005070090293884,0.5495821833610535,0.2737138271331787,0.9393223524093628,1.0,0.14530804753303528,0.0037594824098050594
1098,nframe_02233,v40c_02876,0.06024155393242836,0.08459915965795517,0.42498692870140076,0.5395494699478149,0.2767828702926636,0.9412805438041687,1.0,0.14531788229942322,0.004242537543177605
1099,nframe_02234,v40c_02876,0.05850784480571747,0.08186424523591995,0.4134887158870697,0.5387993454933167,0.2779926359653473,0.9405225515365601,1.0,0.1453525573015213,0.004700505640357733
1100,nframe_02235,v40c_02877,0.05698007717728615,0.08084213733673096,0.40790867805480957,0.5381779074668884,0.2785022556781769,0.9408727884292603,1.0,0.14540955424308777,0.0058417292311787605
1101,nframe_02236,v40c_02876,0.06032649800181389,0.08589807897806168,0.42222920060157776,0.5318944454193115,0.2802027463912964,0.9434145092964172,1.0,0.14555823802947998,0.006512525025755167
1102,nframe_02237,v40c_02876,0.06607481092214584,0.0925893634557724,0.4518248438835144,0.5446404814720154,0.2792006731033325,0.9381880760192871,1.0,0.14543688297271729,0.0048743439838290215
1103,nframe_02238,v40c_02876,0.06681519746780396,0.09252697229385376,0.45674699544906616,0.5564719438552856,0.2772575616836548,0.9355992078781128,1.0,0.1453772634267807,0.00473037688061595
1104,nframe_02239,v40c_02876,0.06555074453353882,0.09047140181064606,0.44881463050842285,0.5617733001708984,0.2768590450286865,0.9331477284431458,1.0,0.1453113704919815,0.005099376197904348
1105,nframe_02419,v40c_02888,0.025097563862800598,0.046616267412900925,0.18631935119628906,0.576187014579773,0.16534721851348877,0.8773878216743469,1.0,0.14514639973640442,0.0019339161226525903
1106,nframe_02423,v40c_02889,0.02407630905508995,0.03963010385632515,0.18310490250587463,0.5551285147666931,0.15524061024188995,0.8622563481330872,1.0,0.14513647556304932,0.0017073961207643151
1107,nframe_02424,v40c_02889,0.02438998594880104,0.04004715383052826,0.18818436563014984,0.5500426292419434,0.15374867618083954,0.8589482307434082,1.0,0.14512543380260468,0.0010087277041748166
1108,nframe_02425,v40c_02889,0.02438998594880104,0.04004715383052826,0.18818436563014984,0.5460136532783508,0.15462252497673035,0.8603473901748657,1.0,0.14513392746448517,0.0014201917219907045
1109,nframe_02426,v40c_02890,0.024651028215885162,0.04090043902397156,0.1905451864004135,0.5348737835884094,0.15601858496665955,0.8624976873397827,1.0,0.14514531195163727,0.0013580226805061102
1110,nframe_02427,v40c_02890,0.024686172604560852,0.040519773960113525,0.19055691361427307,0.5289965271949768,0.15643258392810822,0.8631098866462708,1.0,0.14514009654521942,0.0015648838598281145
1111,nframe_02428,v40c_02890,0.02436879836022854,0.03944270312786102,0.18899595737457275,0.52813321352005,0.1559150367975235,0.8623897433280945,1.0,0.14510764181613922,0.0003321424010209739
1112,nframe_02429,v40c_02890,0.024071920663118362,0.038836926221847534,0.18514052033424377,0.5185160636901855,0.15030516684055328,0.8521234393119812,1.0,0.14511729776859283,0.0006865027826279402
1113,nframe_02430,v40c_02891,0.023976454511284828,0.03741523250937462,0.1847730427980423,0.5121036171913147,0.1486377716064453,0.8488032221794128,1.0,0.14511729776859283,0.0012650851858779788
1114,nframe_02431,v40c_02892,0.02374831959605217,0.03569001704454422,0.18228933215141296,0.5140124559402466,0.14866472780704498,0.8486262559890747,1.0,0.14513249695301056,0.0013484826777130365
1115,nframe_02448,v40c_02893,0.025146374478936195,0.04336942732334137,0.19507820904254913,0.4334249496459961,0.1353893131017685,0.8189811706542969,1.0,0.1451372504234314,0.0012837282847613096
1116,nframe_02449,v40c_02893,0.023910820484161377,0.03834821656346321,0.18465165793895721,0.4308755099773407,0.1363711804151535,0.821394145488739,1.0,0.1451357901096344,0.0015805845614522696
1117,nframe_02450,v40c_02893,0.022417891770601273,0.03373965248465538,0.16883879899978638,0.4409685432910919,0.1432507038116455,0.8359061479568481,1.0,0.14519274234771729,0.0023189550265669823
1118,nframe_02548,v40c_02941,0.02089565433561802,0.0326366126537323,0.11721913516521454,0.5312464833259583,0.22197340428829193,0.8856242299079895,1.0,0.14538230001926422,0.0054312814027071
1119,nframe_02549,v40c_02941,0.02089565433561802,0.0326366126537323,0.11721913516521454,0.5293527245521545,0.22180329263210297,0.8816410303115845,1.0,0.14534030854701996,0.005222976673394442
1120,nframe_02550,v40c_02941,0.021127868443727493,0.03341035917401314,0.12131761014461517,0.5330983400344849,0.22154706716537476,0.8790246844291687,1.0,0.1453353613615036,0.005219935439527035
1121,nframe_02551,v40c_02941,0.021330561488866806,0.0329451821744442,0.12422927469015121,0.5370596647262573,0.22157733142375946,0.8755239248275757,1.0,0.1453741192817688,0.005531584843993187
1122,nframe_02552,v40c_02941,0.02158394083380699,0.033697884529829025,0.12694184482097626,0.5333117246627808,0.22219613194465637,0.8748847246170044,1.0,0.14536941051483154,0.005643806420266628
1123,nframe_02553,v40c_02941,0.02158394083380699,0.033697884529829025,0.12694184482097626,0.532987654209137,0.22126151621341705,0.8756084442138672,1.0,0.14540347456932068,0.005569411441683769
1124,nframe_02554,v40c_02941,0.021773692220449448,0.03462452068924904,0.1283605694770813,0.5328938961029053,0.22144603729248047,0.8741620779037476,1.0,0.14529168605804443,0.004105372354388237
1125,nframe_02555,v40c_02941,0.022043492645025253,0.0355624258518219,0.13192902505397797,0.5332895517349243,0.22079633176326752,0.8727100491523743,1.0,0.14533661305904388,0.005323971156030893
1126,nframe_02556,v40c_02941,0.021721556782722473,0.03304876387119293,0.129124715924263,0.538821816444397,0.22176960110664368,0.8724011182785034,1.0,0.1452692449092865,0.003843578975647688
1127,nframe_02557,v40c_02941,0.021452689543366432,0.031130392104387283,0.1275547444820404,0.5374222993850708,0.2224189043045044,0.872199535369873,1.0,0.14531800150871277,0.005013575311750174
1128,nframe_02558,v40c_02941,0.02141447551548481,0.030807361006736755,0.12764854729175568,0.531478226184845,0.22214747965335846,0.8711099624633789,1.0,0.1453961730003357,0.006041529588401318
1129,nframe_02559,v40c_02941,0.021971281617879868,0.03404583781957626,0.133708193898201,0.5353083610534668,0.2209920436143875,0.870960533618927,1.0,0.14548254013061523,0.006920085288584232
1130,nframe_02688,v40c_02987,0.09171810001134872,0.1172700896859169,0.5448659658432007,0.519163191318512,0.19887375831604004,0.8766911625862122,1.0,0.14535103738307953,0.003692684229463339
1131,nframe_02689,v40c_02988,0.09389591962099075,0.11558730155229568,0.5564031004905701,0.5214624404907227,0.19772358238697052,0.8737486600875854,1.0,0.1454254537820816,0.004530773963779211
1132,nframe_02690,v40c_02989,0.09594696760177612,0.1153566986322403,0.566394567489624,0.5234200358390808,0.19556492567062378,0.8719293475151062,1.0,0.14544810354709625,0.0055213263258337975
1133,nframe_02691,v40c_02990,0.09822680801153183,0.11562216281890869,0.5755938291549683,0.529935359954834,0.19181649386882782,0.8679331541061401,1.0,0.14540287852287292,0.004504702053964138
1134,nframe_02692,v40c_02991,0.10160622745752335,0.11676623672246933,0.588487982749939,0.5358012318611145,0.18748466670513153,0.8632410168647766,1.0,0.14544536173343658,0.006287813186645508
1135,nframe_02693,v40c_02992,0.10460426658391953,0.11735416203737259,0.5990833640098572,0.5401488542556763,0.18686780333518982,0.8620744943618774,1.0,0.14541594684123993,0.004558246582746506
1136,nframe_02694,v40c_02992,0.10514603555202484,0.11634671688079834,0.6038774847984314,0.540682315826416,0.1836872696876526,0.8589423894882202,1.0,0.14540912210941315,0.004475103225558996
1137,nframe_02695,v40c_02993,0.10441414266824722,0.11471884697675705,0.6048547625541687,0.5391811728477478,0.1800747662782669,0.8562179803848267,1.0,0.1453653872013092,0.00353839248418808
1138,nframe_02696,v40c_02993,0.10480330139398575,0.11392918229103088,0.6075350642204285,0.5422499775886536,0.1778792291879654,0.8527895212173462,1.0,0.14536897838115692,0.0034941539634019136
1139,nframe_02697,v40c_02994,0.1065562441945076,0.11407945305109024,0.616293728351593,0.5510873198509216,0.17347562313079834,0.8476908802986145,1.0,0.14533662796020508,0.003465323941782117
1140,nframe_02698,v40c_02995,0.10941306501626968,0.11638416349887848,0.6229652166366577,0.5538296103477478,0.17109565436840057,0.8436301946640015,1.0,0.14539240300655365,0.004441480617970228
1141,nframe_02699,v40c_02995,0.11251270771026611,0.11874647438526154,0.6312771439552307,0.5556344389915466,0.17007116973400116,0.8401338458061218,1.0,0.1453816294670105,0.004281803034245968
1142,nframe_02700,v40c_02995,0.11601307988166809,0.12114748358726501,0.6416913866996765,0.5533505082130432,0.1693730503320694,0.8383280038833618,1.0,0.14537763595581055,0.0034118432085961103
1143,nframe_02701,v40c_02996,0.12274801731109619,0.12550926208496094,0.6602882742881775,0.5527398586273193,0.16868241131305695,0.8366572260856628,1.0,0.14538852870464325,0.003594283713027835
1144,nframe_02702,v40c_02996,0.12274801731109619,0.12550926208496094,0.6602882742881775,0.5526435971260071,0.166182741522789,0.8333851099014282,1.0,0.14542411267757416,0.004929335787892342
1145,nframe_02703,v40c_02996,0.12558935582637787,0.12742500007152557,0.6680172681808472,0.5570449233055115,0.1628100574016571,0.8276853561401367,1.0,0.14538492262363434,0.004179068841040134
1146,nframe_02704,v40c_02997,0.13110627233982086,0.13046592473983765,0.6825897693634033,0.564280092716217,0.1588306427001953,0.8215577006340027,1.0,0.14522847533226013,0.003257566364482045
1147,nframe_02705,v40c_02997,0.1346246600151062,0.1330786645412445,0.6922313570976257,0.5640782713890076,0.15401801466941833,0.8127050399780273,1.0,0.14528192579746246,0.003536046016961336
1148,nframe_02706,v40c_02997,0.1355890929698944,0.13435842096805573,0.6950733065605164,0.5623896718025208,0.15309879183769226,0.8120848536491394,1.0,0.14533798396587372,0.004207980819046497
1149,nframe_02707,v40c_02997,0.1355890929698944,0.13435842096805573,0.6950733065605164,0.567043662071228,0.15042942762374878,0.8076421022415161,1.0,0.145412415266037,0.004816525150090456
1150,nframe_02708,v40c_02998,0.13741260766983032,0.13596105575561523,0.7002371549606323,0.5672508478164673,0.1487480103969574,0.804272472858429,1.0,0.1454433798789978,0.005455047357827425
1151,nframe_02709,v40c_02998,0.13981255888938904,0.13814878463745117,0.7038878202438354,0.569145917892456,0.144890695810318,0.7996379733085632,1.0,0.14536449313163757,0.00471132667735219
1152,nframe_02710,v40c_02999,0.13616740703582764,0.13365107774734497,0.6960476636886597,0.5714879631996155,0.14072048664093018,0.7917261123657227,1.0,0.1452145278453827,0.0028956655878573656
1153,nframe_02711,v40c_03000,0.1345023661851883,0.13126690685749054,0.6904524564743042,0.5736166834831238,0.1374286413192749,0.7851068377494812,1.0,0.14519134163856506,0.0032284751068800688
1154,nframe_02712,v40c_03001,0.1316690891981125,0.12920928001403809,0.6837142705917358,0.5774381756782532,0.1380007266998291,0.787920355796814,1.0,0.14526554942131042,0.004270053468644619
1155,nframe_02713,v40c_03001,0.1304320991039276,0.12949468195438385,0.680263876914978,0.5781444311141968,0.13919052481651306,0.7895904779434204,1.0,0.14535018801689148,0.004452758934348822
1156,nframe_02714,v40c_03001,0.13352848589420319,0.13292518258094788,0.6859716176986694,0.575852632522583,0.14251288771629333,0.7943674325942993,1.0,0.14543835818767548,0.005114446859806776
1157,nframe_02715,v40c_03002,0.13874123990535736,0.1381004899740219,0.6982690691947937,0.5711267590522766,0.14451466500759125,0.7965428233146667,1.0,0.1454307585954666,0.0048188716173172
1158,nframe_02716,v40c_03003,0.14439289271831512,0.1392849087715149,0.7112447023391724,0.5723380446434021,0.1454252153635025,0.797085165977478,1.0,0.14538635313510895,0.003437595907598734
1159,nframe_02717,v40c_03004,0.14476177096366882,0.13802579045295715,0.7116061449050903,0.5681043267250061,0.1471257209777832,0.7993056178092957,1.0,0.1454160213470459,0.0043874820694327354
1160,nframe_02718,v40c_03005,0.13375915586948395,0.13011214137077332,0.6830536723136902,0.5714040398597717,0.1464487463235855,0.7974714636802673,1.0,0.14541910588741302,0.004279523156583309
1161,nframe_02719,v40c_03006,0.12661059200763702,0.12563979625701904,0.6670448780059814,0.5781195163726807,0.14601601660251617,0.7973443269729614,1.0,0.14534029364585876,0.0038087028078734875
1162,nframe_02720,v40c_03007,0.11941453069448471,0.1192789077758789,0.6497147679328918,0.5858388543128967,0.14743879437446594,0.8011686205863953,1.0,0.14514988660812378,0.002120252465829253
1163,nframe_02721,v40c_03008,0.11874435096979141,0.11737912148237228,0.6483078598976135,0.5822805166244507,0.14585620164871216,0.798686683177948,1.0,0.14512383937835693,0.0013094436144456267
1164,nframe_02722,v40c_03008,0.11958923190832138,0.11707309633493423,0.6509191989898682,0.5864649415016174,0.1443416029214859,0.7970778346061707,1.0,0.14516812562942505,0.0024467017501592636
1165,nframe_02723,v40c_03008,0.11991263926029205,0.11700909584760666,0.6516213417053223,0.5877304077148438,0.1439579725265503,0.7949548959732056,1.0,0.145128071308136,0.000927072367630899
1166,nframe_02724,v40c_03008,0.12105581164360046,0.11621493846178055,0.6551816463470459,0.5837005376815796,0.14347411692142487,0.7939680814743042,1.0,0.1451578140258789,0.0020646501798182726
1167,nframe_02725,v40c_03008,0.12243900448083878,0.11518049240112305,0.6583387851715088,0.5854048728942871,0.1422138661146164,0.7908455729484558,1.0,0.14514103531837463,0.0017627474153414369
1168,nframe_02726,v40c_03008,0.12243900448083878,0.11518049240112305,0.6583387851715088,0.5833074450492859,0.14156286418437958,0.789484441280365,1.0,0.1451510190963745,0.002281914232298732
1169,nframe_02727,v40c_03009,0.1226062998175621,0.11399960517883301,0.6576140522956848,0.5863358974456787,0.13933202624320984,0.7842792868614197,1.0,0.14512906968593597,0.0010180792305618525
1170,nframe_02728,v40c_03010,0.12258174270391464,0.11317283660173416,0.6579912304878235,0.5920813679695129,0.13774922490119934,0.7794098854064941,1.0,0.1451272964477539,0.0011177223641425371
1171,nframe_02729,v40c_03010,0.12258174270391464,0.11317283660173416,0.6579912304878235,0.5887808799743652,0.13668419420719147,0.7762998342514038,1.0,0.1451433151960373,0.0018657923210412264
1172,nframe_02730,v40c_03010,0.12260590493679047,0.11312422156333923,0.6581214666366577,0.5870661735534668,0.13550002872943878,0.7745882868766785,1.0,0.1451677531003952,0.0031711342744529247
1173,nframe_02731,v40c_03010,0.12275156378746033,0.11285779625177383,0.6585145592689514,0.5845174193382263,0.13450610637664795,0.7734271287918091,1.0,0.14514979720115662,0.0025656302459537983
1174,nframe_02732,v40c_03011,0.12308980524539948,0.11243380606174469,0.6592046618461609,0.5858811140060425,0.1336580216884613,0.7713248133659363,1.0,0.14511464536190033,0.0010305173927918077
1175,nframe_02733,v40c_03011,0.12360849231481552,0.11237607896327972,0.660701334476471,0.5837516188621521,0.13330420851707458,0.7719888091087341,1.0,0.14513026177883148,0.002022340428084135
1176,nframe_02734,v40c_03011,0.12393069267272949,0.11241315305233002,0.6618949770927429,0.5839933753013611,0.13351008296012878,0.7721265554428101,1.0,0.14512965083122253,0.0013818343868479133
1177,nframe_02735,v40c_03011,0.12446609884500504,0.11253928393125534,0.6629513502120972,0.5850927233695984,0.13354183733463287,0.7726274132728577,1.0,0.1451566368341446,0.001994992373511195
1178,nframe_02736,v40c_03011,0.12417879700660706,0.11157441139221191,0.6617106199264526,0.5845397114753723,0.13408677279949188,0.7717376947402954,1.0,0.14514856040477753,0.0014538445975631475
1179,nframe_02737,v40c_03011,0.12324129045009613,0.11105261743068695,0.6587340235710144,0.5888100266456604,0.13431885838508606,0.7728299498558044,1.0,0.14514446258544922,0.0021307403221726418
1180,nframe_02738,v40c_03011,0.12245409190654755,0.111072838306427,0.6561879515647888,0.5889076590538025,0.13427138328552246,0.7733086347579956,1.0,0.14512193202972412,0.0013899147743359208
1181,nframe_02739,v40c_03012,0.1215912476181984,0.11091732978820801,0.6546370387077332,0.5852665305137634,0.1343069225549698,0.77485591173172,1.0,0.14516223967075348,0.0021593167912214994
1182,nframe_02740,v40c_03012,0.1215912476181984,0.11091732978820801,0.6546370387077332,0.5895444750785828,0.1341574639081955,0.7736583352088928,1.0,0.1451704204082489,0.0032897412311285734
1183,nframe_02741,v40c_03012,0.12104061245918274,0.11117741465568542,0.6524739861488342,0.5893815755844116,0.13437910377979279,0.7756202816963196,1.0,0.1451442688703537,0.0017011374002322555
1184,nframe_02742,v40c_03012,0.11956020444631577,0.10898295789957047,0.6475385427474976,0.5898979902267456,0.1352524310350418,0.776343047618866,1.0,0.14514566957950592,0.0017384622478857636
1185,nframe_02743,v40c_03013,0.11862631887197495,0.10972416400909424,0.6454534530639648,0.5888078808784485,0.13525980710983276,0.7772617340087891,1.0,0.1451246291399002,0.001335939741693437
1186,nframe_02744,v40c_03013,0.11809920519590378,0.10952746868133545,0.6440566182136536,0.5889614224433899,0.1337868720293045,0.7757830023765564,1.0,0.14510177075862885,0.00030105808400548995
1187,nframe_02745,v40c_03013,0.1177823469042778,0.10937277972698212,0.6426914930343628,0.585489809513092,0.13341543078422546,0.7753449082374573,1.0,0.14512695372104645,0.001014692010357976
1188,nframe_02746,v40c_03013,0.1170198917388916,0.10833188146352768,0.6402844190597534,0.583103358745575,0.1336711198091507,0.7763819098472595,1.0,0.14513066411018372,0.0017506215954199433
1189,nframe_02747,v40c_03014,0.11378268152475357,0.10607379674911499,0.6315985918045044,0.5805355906486511,0.13223233819007874,0.775169312953949,1.0,0.14511792361736298,0.0006486384081654251
1190,nframe_02748,v40c_03015,0.11262606829404831,0.10586386173963547,0.6280993819236755,0.5759822130203247,0.13170190155506134,0.7758386135101318,1.0,0.1451198011636734,0.0010906718671321869
1191,nframe_02749,v40c_03016,0.11016042530536652,0.10553482174873352,0.6206014156341553,0.5762162208557129,0.13153867423534393,0.7738575339317322,1.0,0.14511844515800476,0.0012050032382830977
1192,nframe_02750,v40c_03017,0.1087084710597992,0.10648667812347412,0.6163667440414429,0.5784197449684143,0.13268063962459564,0.7774118185043335,1.0,0.14510712027549744,0.0005776105681434274
1193,nframe_02751,v40c_03017,0.10760337859392166,0.1072930246591568,0.6125565767288208,0.5752379298210144,0.1348314732313156,0.7822946310043335,1.0,0.1451500505208969,0.002580555621534586
1194,nframe_02944,v40c_03112,0.09988924860954285,0.10647013038396835,0.59215247631073,0.4889487624168396,0.17532609403133392,0.8521243333816528,1.0,0.14512310922145844,0.0013487610267475247
1195,nframe_02945,v40c_03112,0.10075588524341583,0.1076081246137619,0.5952625274658203,0.48270338773727417,0.175704225897789,0.846250057220459,1.0,0.14511042833328247,0.0006708428263664246
1196,nframe_02946,v40c_03113,0.10376156121492386,0.10966585576534271,0.6043708920478821,0.483630508184433,0.1767689287662506,0.8522651791572571,1.0,0.14513544738292694,0.0013056842144578695
1197,nframe_02947,v40c_03113,0.10376156121492386,0.10966585576534271,0.6043708920478821,0.48370277881622314,0.17676761746406555,0.8523801565170288,1.0,0.14515699446201324,0.002166141988709569
1198,nframe_02948,v40c_03114,0.10649535804986954,0.11409348249435425,0.6120132207870483,0.487274706363678,0.17742353677749634,0.855063796043396,1.0,0.14514552056789398,0.001728265779092908
1199,nframe_02950,v40c_03114,0.10651189088821411,0.11544787138700485,0.6111302971839905,0.488346666097641,0.17727051675319672,0.8550931811332703,1.0,0.14511990547180176,0.00080402399180457
1200,nframe_02951,v40c_03115,0.1083999052643776,0.11859685927629471,0.6143823862075806,0.48708269000053406,0.1756543070077896,0.8481210470199585,1.0,0.14514106512069702,0.0016166887944564223
1201,nframe_02952,v40c_03115,0.10952050983905792,0.12037599831819534,0.6172961592674255,0.48630473017692566,0.17569728195667267,0.8478394746780396,1.0,0.1451256275177002,0.0008619764703325927
1202,nframe_02953,v40c_03115,0.10952050983905792,0.12037599831819534,0.6172961592674255,0.4858178198337555,0.17542077600955963,0.8464651107788086,1.0,0.14516058564186096,0.0023838141933083534
1203,nframe_02954,v40c_03116,0.11314621567726135,0.12318921089172363,0.6295343637466431,0.4873398542404175,0.1749865859746933,0.8458343744277954,1.0,0.1451198160648346,0.0008789024432189763
1204,nframe_02961,v40c_03117,0.11847126483917236,0.12616664171218872,0.6449184417724609,0.48668304085731506,0.17382925748825073,0.8451610803604126,1.0,0.14512217044830322,0.0008964900625869632
1205,nframe_03078,v40c_03119,0.1388872116804123,0.1276971846818924,0.7020769715309143,0.5923170447349548,0.11734215170145035,0.733176589012146,1.0,0.14512045681476593,0.0010934072779491544
1206,nframe_03079,v40c_03120,0.1376180350780487,0.12698611617088318,0.6980844140052795,0.5938697457313538,0.11337807029485703,0.7268199324607849,1.0,0.1451517790555954,0.0022160604130476713
1207,nframe_03084,v40c_03121,0.13340257108211517,0.12178000807762146,0.6855629682540894,0.5890886187553406,0.11226575821638107,0.7275096774101257,1.0,0.14511412382125854,0.000645808526314795
1208,nframe_03086,v40c_03122,0.12988844513893127,0.11821706593036652,0.6751790046691895,0.5820012092590332,0.10578376054763794,0.7130337953567505,1.0,0.1451381891965866,0.0017627030611038208
1209,nframe_03092,v40c_03123,0.119452565908432,0.10903828591108322,0.6516799330711365,0.5704941749572754,0.09756064414978027,0.6988762021064758,1.0,0.14511598646640778,0.0005416288040578365
1210,nframe_03093,v40c_03124,0.11938130855560303,0.10970000922679901,0.6525769233703613,0.5659754872322083,0.09666889905929565,0.6982590556144714,1.0,0.14517372846603394,0.0027916256804019213
1211,nframe_03094,v40c_03123,0.11932912468910217,0.10914698988199234,0.6513888835906982,0.5672266483306885,0.09690428525209427,0.6995004415512085,1.0,0.14512397348880768,0.0010379852028563619
1212,nframe_03095,v40c_03125,0.11895743012428284,0.10831832885742188,0.6496079564094543,0.5615551471710205,0.09559527039527893,0.6976252198219299,1.0,0.14514398574829102,0.0019767293706536293
1213,nframe_03096,v40c_03126,0.1186833307147026,0.1070065051317215,0.6470026969909668,0.5599490404129028,0.09524830430746078,0.6977075934410095,1.0,0.1451255977153778,0.0010604236740618944
1214,nframe_03097,v40c_03127,0.11860080063343048,0.10572957247495651,0.6431968212127686,0.5609268546104431,0.09272143989801407,0.6913955211639404,1.0,0.1451353281736374,0.0014155921526253223
1215,nframe_03098,v40c_03127,0.1176925078034401,0.10371982306241989,0.6373415589332581,0.5617477893829346,0.08972272276878357,0.6826643943786621,1.0,0.145149827003479,0.002110866131260991
1216,nframe_03099,v40c_03127,0.11634926497936249,0.10181121528148651,0.6320804357528687,0.560024619102478,0.08784012496471405,0.6787278056144714,1.0,0.14515098929405212,0.0017880657687783241
1217,nframe_03388,v40c_03156,0.1735558956861496,0.12213782221078873,0.7491644620895386,0.5762109756469727,0.1661580353975296,0.838244616985321,1.0,0.14513170719146729,0.0015896623954176903
1218,nframe_03389,v40c_03156,0.1735558956861496,0.12213782221078873,0.7491644620895386,0.5731886625289917,0.16580554842948914,0.8383705019950867,1.0,0.14515796303749084,0.0023819757625460625
1219,nframe_03390,v40c_03156,0.17458391189575195,0.12426705658435822,0.7506915926933289,0.5689969062805176,0.16494148969650269,0.8373399972915649,1.0,0.1451168954372406,0.0006437740521505475
1220,nframe_03391,v40c_03156,0.1754322052001953,0.12790124118328094,0.752494215965271,0.5703393816947937,0.16555936634540558,0.8364084362983704,1.0,0.14512747526168823,0.0015571491094306111
1221,nframe_03392,v40c_03156,0.17536231875419617,0.12914299964904785,0.7517891526222229,0.5706034898757935,0.16544337570667267,0.8343755602836609,1.0,0.14512836933135986,0.0014512150082737207
1222,nframe_03393,v40c_03156,0.1747746616601944,0.1306276172399521,0.7532614469528198,0.5707642436027527,0.16555029153823853,0.8330756425857544,1.0,0.14514030516147614,0.001713618985377252
1223,nframe_03394,v40c_03156,0.1791618913412094,0.13146859407424927,0.7554062008857727,0.5725919008255005,0.16582179069519043,0.832858681678772,1.0,0.14513565599918365,0.0015031842049211264
1224,nframe_03395,v40c_03156,0.17894777655601501,0.13407644629478455,0.7587387561798096,0.5736168622970581,0.16674280166625977,0.8314051628112793,1.0,0.14515848457813263,0.0022950542625039816
1225,nframe_03396,v40c_03156,0.18050266802310944,0.13701558113098145,0.7638327479362488,0.5733425617218018,0.16890089213848114,0.8349164724349976,1.0,0.14535139501094818,0.00514213414862752
1226,nframe_03397,v40c_03157,0.18123285472393036,0.13810598850250244,0.7642197012901306,0.5713232159614563,0.16776995360851288,0.8353665471076965,1.0,0.14526914060115814,0.0037473905831575394
1227,nframe_03398,v40c_03157,0.1805269420146942,0.13893383741378784,0.7651770710945129,0.5721732974052429,0.16748329997062683,0.8372675180435181,1.0,0.14551007747650146,0.005997719243168831
1228,nframe_03399,v40c_03158,0.18267981708049774,0.14106029272079468,0.7683497071266174,0.5582966804504395,0.16540689766407013,0.83771151304245,1.0,0.14556320011615753,0.007577534765005112
1229,nframe_03400,v40c_03158,0.18188785016536713,0.1421336829662323,0.7663229703903198,0.5556458234786987,0.16504091024398804,0.838240921497345,1.0,0.14549362659454346,0.007015684153884649
1230,nframe_03401,v40c_03158,0.18188785016536713,0.1421336829662323,0.7663229703903198,0.5510801076889038,0.16375288367271423,0.8367735147476196,1.0,0.14557114243507385,0.008427930995821953
1231,nframe_03402,v40c_03158,0.17960527539253235,0.1417091190814972,0.7613217830657959,0.5425147414207458,0.16341446340084076,0.8364817500114441,1.0,0.1455216258764267,0.008925380185246468
1232,nframe_03403,v40c_03158,0.17604129016399384,0.14129428565502167,0.7572704553604126,0.5363119840621948,0.16199032962322235,0.8336895704269409,1.0,0.14543233811855316,0.0064518204890191555
1233,nframe_03404,v40c_03158,0.1718442291021347,0.13906286656856537,0.7473148703575134,0.5264996290206909,0.1616993397474289,0.8306008577346802,1.0,0.14545825123786926,0.006767231039702892
1234,nframe_03405,v40c_03158,0.16803814470767975,0.13684794306755066,0.7396619915962219,0.5175600051879883,0.15990093350410461,0.8244646787643433,1.0,0.14549019932746887,0.007113424129784107
1235,nframe_03406,v40c_03158,0.16479875147342682,0.13499654829502106,0.7337419986724854,0.5124866962432861,0.16124136745929718,0.823294460773468,1.0,0.14549358189105988,0.0076509094797074795
1236,nframe_03408,v40c_03160,0.15769025683403015,0.12928661704063416,0.7197617888450623,0.5143831372261047,0.16360624134540558,0.8271640539169312,1.0,0.1454855352640152,0.00695857685059309
1237,nframe_03409,v40c_03160,0.15769025683403015,0.12928661704063416,0.7197617888450623,0.5142687559127808,0.1645042896270752,0.8296442031860352,1.0,0.1455077826976776,0.007607612758874893
1238,nframe_03410,v40c_03160,0.1517230123281479,0.12324882298707962,0.7073044776916504,0.513437807559967,0.1653849184513092,0.8328130841255188,1.0,0.1455027312040329,0.007745124399662018
1239,nframe_03411,v40c_03160,0.14899331331253052,0.11905630677938461,0.7016467452049255,0.5133848190307617,0.1661999672651291,0.8354408144950867,1.0,0.14543356001377106,0.00626454409211874
1240,nframe_03412,v40c_03160,0.14605312049388885,0.11356024444103241,0.6947222948074341,0.5139417052268982,0.1654440462589264,0.8345996141433716,1.0,0.14540882408618927,0.006938840262591839
1241,nframe_03413,v40c_03160,0.14575672149658203,0.10991623997688293,0.6927778720855713,0.517890453338623,0.16437070071697235,0.8321542739868164,1.0,0.14550048112869263,0.007311010267585516
1242,nframe_03420,v40c_03158,0.13541483879089355,0.08399876952171326,0.6649178862571716,0.5356322526931763,0.16514348983764648,0.8298457860946655,1.0,0.1451268196105957,0.0011087576858699322
1243,nframe_03421,v40c_03158,0.1361752450466156,0.08591348677873611,0.6675817370414734,0.5300660729408264,0.1644451767206192,0.8304992914199829,1.0,0.14513909816741943,0.0015576992882415652
1244,nframe_03422,v40c_03158,0.1363634169101715,0.08629009872674942,0.6685314774513245,0.5314923524856567,0.16125081479549408,0.8257759213447571,1.0,0.14511345326900482,0.0010212595807388425
1245,nframe_03423,v40c_03158,0.13698482513427734,0.08654557913541794,0.6694456338882446,0.5316614508628845,0.1614009141921997,0.8258985280990601,1.0,0.14515696465969086,0.0019579543732106686
1246,nframe_03424,v40c_03158,0.13643401861190796,0.0853242501616478,0.6670197248458862,0.5346994400024414,0.16151215136051178,0.8270613551139832,1.0,0.14513307809829712,0.0016484487568959594
1247,nframe_03425,v40c_03158,0.13581420481204987,0.0850244089961052,0.6654899716377258,0.5399183034896851,0.1608254313468933,0.8262051343917847,1.0,0.14514172077178955,0.0019313255324959755
1248,nframe_03426,v40c_03158,0.13410869240760803,0.08490944653749466,0.6627848148345947,0.5393861532211304,0.16031354665756226,0.8257371783256531,1.0,0.1451118439435959,0.0006674295873381197
1249,nframe_03427,v40c_03158,0.1331893354654312,0.08426367491483688,0.6606312394142151,0.5373812317848206,0.15938431024551392,0.8230681419372559,1.0,0.14513307809829712,0.0015896623954176903
1250,nframe_03428,v40c_03158,0.13192632794380188,0.08358630537986755,0.658012330532074,0.5377449989318848,0.15829333662986755,0.8211930990219116,1.0,0.14512526988983154,0.0009536646539345384
1251,nframe_03429,v40c_03158,0.1317148357629776,0.08359155803918839,0.6583715081214905,0.5399231910705566,0.15920355916023254,0.8213138580322266,1.0,0.14514242112636566,0.0015397993847727776
1252,nframe_03430,v40c_03158,0.13224054872989655,0.08451487123966217,0.659721851348877,0.5390990972518921,0.15889914333820343,0.8194153904914856,1.0,0.1451192945241928,0.0016935290768742561
1253,nframe_03431,v40c_03158,0.13195326924324036,0.08373089134693146,0.658287525177002,0.5413417220115662,0.15948861837387085,0.820179283618927,1.0,0.14512039721012115,0.0010581851238384843
1254,nframe_03432,v40c_03158,0.13065344095230103,0.08313556760549545,0.6559908390045166,0.5434417128562927,0.16030342876911163,0.8216310739517212,1.0,0.14512449502944946,0.001197309698909521
1255,nframe_03433,v40c_03158,0.1286902278661728,0.08196508139371872,0.6523522138595581,0.5439065098762512,0.1607111692428589,0.822892963886261,1.0,0.14517080783843994,0.002462182892486453
1256,nframe_03434,v40c_03158,0.12721039354801178,0.08095365762710571,0.6492564678192139,0.5415964722633362,0.16037234663963318,0.8223851323127747,1.0,0.1451021283864975,0.00030189118115231395
1257,nframe_03435,v40c_03158,0.12531977891921997,0.07955864071846008,0.6454503536224365,0.5417138934135437,0.15948593616485596,0.820112407207489,1.0,0.14512783288955688,0.0012242600787431002
1258,nframe_03436,v40c_03158,0.125200554728508,0.08048363029956818,0.6459559202194214,0.5424264073371887,0.15992270410060883,0.820421040058136,1.0,0.14512082934379578,0.0011794514721259475
1259,nframe_03437,v40c_03158,0.12481746822595596,0.08061642199754715,0.6456514596939087,0.544370174407959,0.16197697818279266,0.8213701248168945,1.0,0.1451290249824524,0.0010759357828646898
1260,nframe_03438,v40c_03158,0.12419985234737396,0.07988053560256958,0.6436193585395813,0.5518941283226013,0.16372844576835632,0.82410728931427,1.0,0.14513468742370605,0.0020627970807254314
1261,nframe_03439,v40c_03158,0.12348059564828873,0.07888267934322357,0.6416921019554138,0.5545006990432739,0.16396543383598328,0.8252919316291809,1.0,0.1451144814491272,0.0008867561700753868
1262,nframe_03456,v40c_03166,0.11576727777719498,0.07658633589744568,0.6289647817611694,0.5799205899238586,0.1689693182706833,0.8287777900695801,1.0,0.145143061876297,0.0018864348530769348
1263,nframe_03457,v40c_03167,0.11545980721712112,0.07677768915891647,0.6292282342910767,0.5761789679527283,0.16957154870033264,0.8299047350883484,1.0,0.14514780044555664,0.0016218485543504357
1264,nframe_03458,v40c_03166,0.11531200259923935,0.07701995223760605,0.6289044618606567,0.5834843516349792,0.16998082399368286,0.8295987248420715,1.0,0.14524251222610474,0.0032906022388488054
1265,nframe_03459,v40c_03158,0.11420416831970215,0.07819322496652603,0.6284767389297485,0.5791093111038208,0.16994594037532806,0.8295954465866089,1.0,0.14518824219703674,0.0027159450110048056
1266,nframe_03460,v40c_03158,0.11435543745756149,0.07893238961696625,0.6293507814407349,0.5784334540367126,0.1699456423521042,0.8303728103637695,1.0,0.14519309997558594,0.0025220117531716824
1267,nframe_03461,v40c_03168,0.11580704897642136,0.08115991204977036,0.6352933645248413,0.5742354989051819,0.17059725522994995,0.8301159143447876,1.0,0.14517426490783691,0.0028451750986278057
1268,nframe_03462,v40c_03169,0.11961714178323746,0.08893142640590668,0.6496156454086304,0.5700350403785706,0.1687983125448227,0.8267609477043152,1.0,0.14521080255508423,0.002561127068474889
1269,nframe_03463,v40c_03170,0.12426281720399857,0.0967230573296547,0.6634053587913513,0.5709726810455322,0.16654551029205322,0.8216684460639954,1.0,0.14521567523479462,0.0030574121046811342
1270,nframe_03464,v40c_03170,0.1244727075099945,0.09827318787574768,0.6651389598846436,0.5708836913108826,0.16582870483398438,0.8208087086677551,1.0,0.14520131051540375,0.002460819436237216
1271,nframe_03465,v40c_03158,0.12227907031774521,0.09564736485481262,0.6591070890426636,0.5692716240882874,0.1663685292005539,0.8233858346939087,1.0,0.1451883167028427,0.0018021740252152085
1272,nframe_03466,v40c_03171,0.11991257220506668,0.09201636165380478,0.6532164812088013,0.5616775155067444,0.16749773919582367,0.8262195587158203,1.0,0.14515653252601624,0.001256754039786756
1273,nframe_03467,v40c_03171,0.11991257220506668,0.09201636165380478,0.6532164812088013,0.5576931834220886,0.16803434491157532,0.8267690539360046,1.0,0.14517538249492645,0.002095902571454644
1274,nframe_03468,v40c_03172,0.11623618751764297,0.0845264121890068,0.6410962343215942,0.5569379925727844,0.16703084111213684,0.8274499177932739,1.0,0.14512751996517181,0.0007951470324769616
1275,nframe_03469,v40c_03158,0.11452747136354446,0.08333046734333038,0.63636714220047,0.5538085699081421,0.16746826469898224,0.826966404914856,1.0,0.14519080519676208,0.002837142441421747
1276,nframe_03470,v40c_03158,0.11315023899078369,0.08520543575286865,0.633980393409729,0.5475413203239441,0.1677073836326599,0.827325701713562,1.0,0.14514853060245514,0.0022326402831822634
1277,nframe_03471,v40c_03158,0.1132027804851532,0.08601293712854385,0.6334253549575806,0.547684371471405,0.16691018640995026,0.825320839881897,1.0,0.1451287716627121,0.001796859665773809
1278,nframe_03472,v40c_03158,0.11518105119466782,0.08665192127227783,0.6387132406234741,0.5452127456665039,0.16684561967849731,0.8246967196464539,1.0,0.1451665610074997,0.002570119220763445
1279,nframe_03473,v40c_03158,0.11749813705682755,0.08974672108888626,0.6472883224487305,0.5500078201293945,0.16454580426216125,0.8216075897216797,1.0,0.14513427019119263,0.001634114421904087
1280,nframe_03474,v40c_03158,0.11437659710645676,0.08529403805732727,0.6362386345863342,0.5513697266578674,0.16442368924617767,0.8223125338554382,1.0,0.1451316773891449,0.0015116322319954634
1281,nframe_03475,v40c_03158,0.11241751164197922,0.08453664928674698,0.6317764520645142,0.5517852306365967,0.16547027230262756,0.825350284576416,1.0,0.14514294266700745,0.0019670934416353703
1282,nframe_03476,v40c_03158,0.11065881699323654,0.08492299169301987,0.628761351108551,0.5474332571029663,0.1659437119960785,0.8256675004959106,1.0,0.14512500166893005,0.0012863329611718655
1283,nframe_03477,v40c_03158,0.11065881699323654,0.08492299169301987,0.628761351108551,0.5438377857208252,0.16651348769664764,0.8231841325759888,1.0,0.14515484869480133,0.0019241198897361755
1284,nframe_03478,v40c_03158,0.11247912794351578,0.0848032608628273,0.6332940459251404,0.5490903258323669,0.16531114280223846,0.8226479291915894,1.0,0.14514555037021637,0.001805167063139379
1285,nframe_03479,v40c_03158,0.11247912794351578,0.0848032608628273,0.6332940459251404,0.5443035960197449,0.1656981259584427,0.8242477178573608,1.0,0.14512881636619568,0.0016142723616212606
1286,nframe_03480,v40c_03158,0.1133372113108635,0.08447366207838058,0.6347983479499817,0.5410200357437134,0.1650368869304657,0.8225089907646179,1.0,0.14511710405349731,0.0009180664783343673
1287,nframe_03481,v40c_03158,0.11383484303951263,0.08395041525363922,0.6348741054534912,0.5376275181770325,0.16452129185199738,0.8220412135124207,1.0,0.14516383409500122,0.0023564971052110195
1288,nframe_03482,v40c_03158,0.11441192030906677,0.08465085178613663,0.6366909742355347,0.5378237962722778,0.164345383644104,0.8208392858505249,1.0,0.14511369168758392,0.000777582754381001
1289,nframe_03483,v40c_03158,0.11520905792713165,0.08581466972827911,0.6387538313865662,0.5394607782363892,0.16389532387256622,0.8198683857917786,1.0,0.14514359831809998,0.0025061839260160923
1290,nframe_03484,v40c_03158,0.11534623056650162,0.08668074011802673,0.6402146220207214,0.5393281579017639,0.16382533311843872,0.8183307647705078,1.0,0.14513419568538666,0.0011711287079378963
1291,nframe_03485,v40c_03158,0.11525943130254745,0.08692947030067444,0.6392346024513245,0.5428219437599182,0.16423922777175903,0.820172131061554,1.0,0.145148366689682,0.0016112640732899308
1292,nframe_03486,v40c_03158,0.11579974740743637,0.08759267628192902,0.6397837996482849,0.5471583008766174,0.16492435336112976,0.822439968585968,1.0,0.1451256275177002,0.0015364628052338958
1293,nframe_03487,v40c_03158,0.11774539947509766,0.0912993773818016,0.6466346979141235,0.5443649888038635,0.16464179754257202,0.8210994601249695,1.0,0.14513631165027618,0.0013343991013243794
1294,nframe_03488,v40c_03158,0.11951355636119843,0.09569577127695084,0.6528524160385132,0.5468136072158813,0.16407346725463867,0.8202080726623535,1.0,0.1451348215341568,0.0014829599531367421
1295,nframe_03489,v40c_03158,0.11798136681318283,0.09440314769744873,0.6486541032791138,0.5465287566184998,0.16362197697162628,0.8187288045883179,1.0,0.14511968195438385,0.0014998650876805186
1296,nframe_03490,v40c_03158,0.11494432389736176,0.09007581323385239,0.637264609336853,0.552597165107727,0.16414205729961395,0.8206960558891296,1.0,0.14513041079044342,0.0016921206843107939
1297,nframe_03491,v40c_03158,0.11494432389736176,0.09007581323385239,0.637264609336853,0.554718554019928,0.1641034334897995,0.8226602673530579,1.0,0.14516332745552063,0.002397136762738228
1298,nframe_03492,v40c_03158,0.11313927918672562,0.09022102504968643,0.634577751159668,0.5533105731010437,0.1649157702922821,0.8236754536628723,1.0,0.1451304405927658,0.0014189907815307379
1299,nframe_03493,v40c_03158,0.11286095529794693,0.09028137475252151,0.6337502002716064,0.5496266484260559,0.16553384065628052,0.8237532377243042,1.0,0.1451343595981598,0.0015673864400014281
1300,nframe_03494,v40c_03158,0.11334748566150665,0.09001505374908447,0.6330675482749939,0.5464330911636353,0.16521498560905457,0.8232450485229492,1.0,0.14513887465000153,0.0014743427745997906
1301,nframe_03495,v40c_03158,0.11397907137870789,0.09092263877391815,0.6358052492141724,0.5437566041946411,0.16461457312107086,0.8229228854179382,1.0,0.14515550434589386,0.0020024534314870834
1302,nframe_03496,v40c_03158,0.11290649324655533,0.09068132191896439,0.6334248185157776,0.5439791679382324,0.16270484030246735,0.8190375566482544,1.0,0.14513422548770905,0.0014149531489238143
1303,nframe_03497,v40c_03158,0.11177428811788559,0.09097340703010559,0.6314361691474915,0.5436341166496277,0.16316962242126465,0.8199058771133423,1.0,0.1451333910226822,0.0016830253880470991
1304,nframe_03498,v40c_03158,0.11242630332708359,0.09063666313886642,0.6319896578788757,0.5418208241462708,0.16390126943588257,0.8225213289260864,1.0,0.14513133466243744,0.0011080231051892042
1305,nframe_03499,v40c_03158,0.11329834908246994,0.091024249792099,0.6335693001747131,0.540198564529419,0.16365760564804077,0.8216234445571899,1.0,0.145151749253273,0.00195889500901103
1306,nframe_03500,v40c_03158,0.11329834908246994,0.091024249792099,0.6335693001747131,0.5387389063835144,0.16155347228050232,0.8180646896362305,1.0,0.14512310922145844,0.0011840752558782697
1307,nframe_03501,v40c_03158,0.11568062752485275,0.09286923706531525,0.6410735845565796,0.538158118724823,0.1609979271888733,0.8155830502510071,1.0,0.14515291154384613,0.002507411874830723
1308,nframe_03502,v40c_03158,0.11845848709344864,0.09725355356931686,0.6512092351913452,0.5376070141792297,0.1595754325389862,0.8128458857536316,1.0,0.14518092572689056,0.002523087663576007
1309,nframe_03503,v40c_03158,0.11845848709344864,0.09725355356931686,0.6512092351913452,0.539423406124115,0.15874971449375153,0.8117713928222656,1.0,0.14515261352062225,0.002314592245966196
1310,nframe_03504,v40c_03158,0.1202407032251358,0.10134489834308624,0.6569099426269531,0.5410804152488708,0.15787431597709656,0.8118079900741577,1.0,0.1452002078294754,0.003767614718526602
1311,nframe_03505,v40c_03158,0.12062297016382217,0.10248438268899918,0.6585928201675415,0.5403352379798889,0.15793976187705994,0.8120249509811401,1.0,0.14514409005641937,0.0019400393357500434
1312,nframe_03506,v40c_03158,0.11845675855875015,0.09864586591720581,0.6519922018051147,0.5436126589775085,0.15816637873649597,0.8127998113632202,1.0,0.14511393010616302,0.0010125028202310205
1313,nframe_03507,v40c_03158,0.11567194014787674,0.09513796120882034,0.6427566409111023,0.5439919829368591,0.15910054743289948,0.815008819103241,1.0,0.14513809978961945,0.001576470211148262
1314,nframe_03508,v40c_03173,0.11263257265090942,0.0938861221075058,0.636027991771698,0.538224995136261,0.15961670875549316,0.8150033950805664,1.0,0.14513976871967316,0.0018767634173855186
1315,nframe_03509,v40c_03174,0.11299781501293182,0.09412097930908203,0.6362287998199463,0.5406211614608765,0.15899457037448883,0.8158901333808899,1.0,0.14511968195438385,0.0007418171735480428
1316,nframe_03510,v40c_03174,0.11398890614509583,0.09444991499185562,0.639103889465332,0.5407690405845642,0.15854090452194214,0.814056396484375,1.0,0.14514906704425812,0.0018912041559815407
1317,nframe_03511,v40c_03158,0.11606620252132416,0.09706492722034454,0.6466535329818726,0.5463700890541077,0.1575555056333542,0.8142469525337219,1.0,0.1451558768749237,0.0021766345016658306
1318,nframe_03512,v40c_03158,0.11725162714719772,0.09951963275671005,0.651607871055603,0.5454082489013672,0.15679995715618134,0.8134846687316895,1.0,0.14513997733592987,0.0018159830942749977
1319,nframe_03513,v40c_03158,0.11749833822250366,0.099639892578125,0.6518656611442566,0.5436775088310242,0.1564103364944458,0.8132215738296509,1.0,0.1451292634010315,0.0010598485823720694
1320,nframe_03514,v40c_03158,0.11761961132287979,0.09990862756967545,0.6523140072822571,0.5408638119697571,0.15709622204303741,0.814450740814209,1.0,0.14511799812316895,0.0008283282513730228
1321,nframe_03515,v40c_03158,0.11841364204883575,0.1012568548321724,0.6551244258880615,0.5419847369194031,0.15647977590560913,0.8143203854560852,1.0,0.14512096345424652,0.0012034549145027995
1322,nframe_03516,v40c_03158,0.11866360902786255,0.1016484722495079,0.6560648083686829,0.5435696840286255,0.15589305758476257,0.8135349154472351,1.0,0.1451290100812912,0.0008844794938340783
1323,nframe_03517,v40c_03158,0.1220049262046814,0.10643944889307022,0.6653231382369995,0.5426886677742004,0.15643638372421265,0.8142679333686829,1.0,0.1451842039823532,0.0030193948186933994
1324,nframe_03518,v40c_03158,0.1220049262046814,0.10643944889307022,0.6653231382369995,0.5428358316421509,0.15661907196044922,0.8147863149642944,1.0,0.14513708651065826,0.0016207644948735833
1325,nframe_03519,v40c_03158,0.12496379017829895,0.11108171939849854,0.6737891435623169,0.5445669889450073,0.1561962515115738,0.8143273591995239,1.0,0.1451352834701538,0.0020761950872838497
1326,nframe_03520,v40c_03158,0.12500326335430145,0.11127026379108429,0.6734602451324463,0.5456313490867615,0.15609478950500488,0.812938392162323,1.0,0.14511774480342865,0.0012979063903912902
1327,nframe_03521,v40c_03158,0.12233348935842514,0.10696284472942352,0.6660381555557251,0.546612024307251,0.15605661273002625,0.8119985461235046,1.0,0.14515282213687897,0.001991827506572008
1328,nframe_03522,v40c_03158,0.11723202466964722,0.09891264140605927,0.6501588821411133,0.5446518659591675,0.15755212306976318,0.8141822814941406,1.0,0.14514760673046112,0.002121630357578397
1329,nframe_03523,v40c_03175,0.11415204405784607,0.09585479646921158,0.639928936958313,0.5445131659507751,0.1586311161518097,0.8161147832870483,1.0,0.14510855078697205,0.0005143189919181168
1330,nframe_03524,v40c_03158,0.11504899710416794,0.09655214846134186,0.6432074904441833,0.5441673398017883,0.15968315303325653,0.8194446563720703,1.0,0.1451261341571808,0.0009735155035741627
1331,nframe_03525,v40c_03158,0.11635932326316833,0.0987568125128746,0.6494169235229492,0.5441439151763916,0.15956932306289673,0.81902015209198,1.0,0.1451299786567688,0.0012824026634916663
1332,nframe_03526,v40c_03176,0.11948565393686295,0.10328400135040283,0.6582132577896118,0.5443366765975952,0.1590256690979004,0.8182331323623657,1.0,0.14512114226818085,0.0011453154729679227
1333,nframe_03527,v40c_03176,0.12302028387784958,0.10928195714950562,0.6691266298294067,0.547724723815918,0.15749625861644745,0.815973162651062,1.0,0.1451701521873474,0.0026434105820953846
1334,nframe_03528,v40c_03177,0.12532390654087067,0.11316771060228348,0.6759864687919617,0.5499709844589233,0.15632930397987366,0.8127273321151733,1.0,0.1451890766620636,0.002680443925783038
1335,nframe_03529,v40c_03177,0.12532390654087067,0.11316771060228348,0.6759864687919617,0.5521975159645081,0.1557008922100067,0.8122223019599915,1.0,0.14516176283359528,0.002397306729108095
1336,nframe_03530,v40c_03178,0.12873665988445282,0.11789391934871674,0.6846309304237366,0.5507580637931824,0.15561628341674805,0.81141197681427,1.0,0.14511585235595703,0.0008815812761895359
1337,nframe_03531,v40c_03179,0.1303626149892807,0.1205592155456543,0.689294159412384,0.5585663914680481,0.1537019908428192,0.8087035417556763,1.0,0.1451297402381897,0.0017136710230261087
1338,nframe_03532,v40c_03179,0.12628009915351868,0.11453520506620407,0.6776443123817444,0.5586034655570984,0.15417711436748505,0.8106389045715332,1.0,0.14513176679611206,0.0017133683431893587
1339,nframe_03533,v40c_03179,0.12075446546077728,0.10902276635169983,0.664689302444458,0.5568985939025879,0.1549147367477417,0.8125467300415039,1.0,0.1451219618320465,0.0010232517961412668
1340,nframe_03534,v40c_03180,0.11901606619358063,0.10659445077180862,0.6609562635421753,0.549679160118103,0.15675918757915497,0.8137482404708862,1.0,0.14513613283634186,0.0019088147673755884
1341,nframe_03535,v40c_03181,0.11323834955692291,0.09808452427387238,0.6431521773338318,0.5438965559005737,0.15738214552402496,0.8149079084396362,1.0,0.14513523876667023,0.0016001363983377814
1342,nframe_03536,v40c_03182,0.11167588084936142,0.09676652401685715,0.6367682218551636,0.5443695783615112,0.1574580818414688,0.8143771886825562,1.0,0.1451478898525238,0.0018389413598924875
1343,nframe_03537,v40c_03183,0.11041028797626495,0.09612822532653809,0.6319021582603455,0.5441538691520691,0.1577175408601761,0.8146786689758301,1.0,0.14511117339134216,0.0006846054457128048
1344,nframe_03538,v40c_03184,0.10674649477005005,0.09439250081777573,0.6245690584182739,0.544728696346283,0.1582101583480835,0.8150941729545593,1.0,0.14511680603027344,0.0011194427497684956
1345,nframe_03539,v40c_03184,0.10671667754650116,0.09447848051786423,0.6240007877349854,0.5428944230079651,0.15879254043102264,0.8150326013565063,1.0,0.14512643218040466,0.0010491744615137577
1346,nframe_03540,v40c_03185,0.10545986890792847,0.09426872432231903,0.6194027662277222,0.5428230166435242,0.1584823727607727,0.8152117729187012,1.0,0.1451156735420227,0.0007311006775125861
1347,nframe_03541,v40c_03186,0.10552634298801422,0.0953957736492157,0.6182202100753784,0.5373682379722595,0.16009457409381866,0.8168255090713501,1.0,0.14516784250736237,0.0025873316917568445
1348,nframe_03628,v40c_03187,0.0880880206823349,0.07983922958374023,0.5747493505477905,0.4649740159511566,0.1451883316040039,0.8015341758728027,1.0,0.1456192135810852,0.0070265838876366615
1349,nframe_03629,v40c_03188,0.08705011755228043,0.08067958056926727,0.572475790977478,0.44382554292678833,0.14732545614242554,0.8080114126205444,1.0,0.14561273157596588,0.00754222646355629
1350,nframe_03630,v40c_03189,0.08691716939210892,0.08135746419429779,0.5705183744430542,0.42976143956184387,0.1502276510000229,0.8182144165039062,1.0,0.14572112262248993,0.008688261732459068
1351,nframe_03631,v40c_03190,0.0870855450630188,0.08275867253541946,0.5709888935089111,0.41529157757759094,0.15014000236988068,0.819571852684021,1.0,0.1456107646226883,0.0076705655083060265
1352,nframe_03632,v40c_03191,0.08685462921857834,0.08248169720172882,0.5697251558303833,0.4121081531047821,0.14975932240486145,0.8194872736930847,1.0,0.14560022950172424,0.0074037471786141396
1353,nframe_03633,v40c_03192,0.08634612709283829,0.08183020353317261,0.5675892233848572,0.40984582901000977,0.15059807896614075,0.8219823837280273,1.0,0.14561155438423157,0.007629560772329569
1354,nframe_03634,v40c_03193,0.08654984086751938,0.08287172764539719,0.5655511021614075,0.40480735898017883,0.1504269540309906,0.8207855224609375,1.0,0.14569272100925446,0.008611565455794334
1355,nframe_03635,v40c_03194,0.08729879558086395,0.08583121001720428,0.5659644603729248,0.40493378043174744,0.15229816734790802,0.8237012028694153,1.0,0.14575199782848358,0.01085834763944149
1356,nframe_03636,v40c_03195,0.0890335962176323,0.09186196327209473,0.5681140422821045,0.3986400067806244,0.1540692299604416,0.8274123072624207,1.0,0.14573362469673157,0.010020201094448566
1357,nframe_03637,v40c_03196,0.08977188915014267,0.09351033717393875,0.5705556869506836,0.3997499346733093,0.15528129041194916,0.8308876156806946,1.0,0.14565858244895935,0.010405820794403553
1358,nframe_03638,v40c_03197,0.08976756036281586,0.09356378018856049,0.5731518864631653,0.4017319679260254,0.15588854253292084,0.8324443697929382,1.0,0.14574651420116425,0.010446770116686821
1359,nframe_03639,v40c_03198,0.08982469886541367,0.09265650808811188,0.5766316056251526,0.4054376780986786,0.1547873467206955,0.8280967473983765,1.0,0.14568492770195007,0.00893101841211319
1360,nframe_03640,v40c_03199,0.09059740602970123,0.09449895471334457,0.5790630578994751,0.40413761138916016,0.15768301486968994,0.8327491879463196,1.0,0.14563776552677155,0.00960173923522234
1361,nframe_03641,v40c_03199,0.0913831889629364,0.09609133750200272,0.5811532735824585,0.4049670398235321,0.15813535451889038,0.8335990905761719,1.0,0.14565405249595642,0.008529549464583397
1362,nframe_03642,v40c_03199,0.09063588827848434,0.09275952726602554,0.5788918733596802,0.40929052233695984,0.15806801617145538,0.8344801068305969,1.0,0.14565986394882202,0.009159683249890804
1363,nframe_03643,v40c_03200,0.09008153527975082,0.0885205864906311,0.5768834948539734,0.4103848338127136,0.1578674465417862,0.8337309956550598,1.0,0.14560364186763763,0.008338321931660175
1364,nframe_03644,v40c_03200,0.09028968960046768,0.0848739817738533,0.5792309045791626,0.41685816645622253,0.15684501826763153,0.8301752805709839,1.0,0.1456528753042221,0.007968856021761894
1365,nframe_03645,v40c_03201,0.09411131590604782,0.08737275749444962,0.5911041498184204,0.4299929738044739,0.15704013407230377,0.8299244046211243,1.0,0.14548808336257935,0.007204505614936352
1366,nframe_03646,v40c_03202,0.09649457782506943,0.0897374302148819,0.5982436537742615,0.43927910923957825,0.15519842505455017,0.826191246509552,1.0,0.1454632431268692,0.006125894375145435
1367,nframe_03647,v40c_03202,0.0994202122092247,0.09222300350666046,0.6068950891494751,0.4502240717411041,0.1543540507555008,0.8236113786697388,1.0,0.14554516971111298,0.00679077347740531
1368,nframe_03793,v40c_03234,0.1764415204524994,0.17812983691692352,0.7749141454696655,0.4830130636692047,0.14588557183742523,0.8394985198974609,1.0,0.14568498730659485,0.009054155088961124
1369,nframe_03794,v40c_03234,0.1725677102804184,0.17749184370040894,0.7676340341567993,0.4863884150981903,0.14657561480998993,0.8406053781509399,1.0,0.14566770195960999,0.008968167006969452
1370,nframe_03795,v40c_03234,0.16990432143211365,0.1762932986021042,0.7630878686904907,0.49577614665031433,0.14643393456935883,0.8404933214187622,1.0,0.14593631029129028,0.013582706451416016
1371,nframe_03796,v40c_03234,0.16990432143211365,0.1762932986021042,0.7630878686904907,0.4982943534851074,0.1458166092634201,0.8390122652053833,1.0,0.1458124816417694,0.010540643706917763
1372,nframe_03797,v40c_03234,0.1664993315935135,0.17612989246845245,0.7565344572067261,0.4995630085468292,0.14532366394996643,0.8371672630310059,1.0,0.14566724002361298,0.009186097420752048
1373,nframe_03798,v40c_03234,0.1624029576778412,0.1739385724067688,0.748198390007019,0.5023364424705505,0.14451438188552856,0.8346959948539734,1.0,0.14566023647785187,0.008868937380611897
1374,nframe_03799,v40c_03234,0.1621943712234497,0.1740575134754181,0.7476850748062134,0.5123704671859741,0.14653310179710388,0.8391411900520325,1.0,0.14567236602306366,0.009658508002758026
1375,nframe_03800,v40c_03234,0.16164447367191315,0.17390398681163788,0.7463899850845337,0.515278160572052,0.1471422165632248,0.8405656814575195,1.0,0.14590178430080414,0.01335087139159441
1376,nframe_03801,v40c_03235,0.16128401458263397,0.1727341264486313,0.7462514042854309,0.5123359560966492,0.14723767340183258,0.8410805463790894,1.0,0.1460859328508377,0.015259774401783943
1377,nframe_03802,v40c_03236,0.16081301867961884,0.1730995774269104,0.7448160648345947,0.515332818031311,0.14721019566059113,0.8410936594009399,1.0,0.1460229754447937,0.014710955321788788
1378,nframe_03803,v40c_03236,0.16081301867961884,0.1730995774269104,0.7448160648345947,0.5157641768455505,0.14679880440235138,0.8401392102241516,1.0,0.14587204158306122,0.012539589777588844
1379,nframe_03804,v40c_03237,0.15753304958343506,0.17252090573310852,0.7373294830322266,0.5141382813453674,0.14714369177818298,0.8414144515991211,1.0,0.1459503173828125,0.01069844514131546
1380,nframe_03805,v40c_03237,0.15500643849372864,0.1706237941980362,0.7322332262992859,0.5189529061317444,0.14737218618392944,0.8417043685913086,1.0,0.1455167829990387,0.007500348147004843
1381,nframe_03806,v40c_03238,0.15119943022727966,0.16750779747962952,0.7234546542167664,0.522357165813446,0.14443917572498322,0.8355265855789185,1.0,0.14547882974147797,0.008180768229067326
1382,nframe_03807,v40c_03238,0.147103413939476,0.16404928267002106,0.7132885456085205,0.5279492735862732,0.13940605521202087,0.823067843914032,1.0,0.14547108113765717,0.0075754569843411446
1383,nframe_03808,v40c_03239,0.1407264769077301,0.15882664918899536,0.6955194473266602,0.5336806774139404,0.1380547434091568,0.8194137811660767,1.0,0.14561645686626434,0.007332542445510626
1384,nframe_03809,v40c_03239,0.1407264769077301,0.15882664918899536,0.6955194473266602,0.5324284434318542,0.13728751242160797,0.8165119290351868,1.0,0.14566443860530853,0.008897246792912483
1385,nframe_03810,v40c_03239,0.13838671147823334,0.15728208422660828,0.689451277256012,0.5363892316818237,0.13464750349521637,0.8073093295097351,1.0,0.14571158587932587,0.008709890767931938
1386,nframe_03811,v40c_03240,0.13862401247024536,0.1582924872636795,0.6866877675056458,0.538226842880249,0.13261349499225616,0.8001845479011536,1.0,0.14562703669071198,0.009822052903473377
1387,nframe_03812,v40c_03240,0.13755400478839874,0.157048299908638,0.6838566064834595,0.5401048064231873,0.13004542887210846,0.7935582995414734,1.0,0.14570128917694092,0.00962265208363533
1388,nframe_03813,v40c_03240,0.1382412314414978,0.15647466480731964,0.68306565284729,0.5372108817100525,0.12879744172096252,0.7908754348754883,1.0,0.14570185542106628,0.01052391342818737
1389,nframe_03814,v40c_03241,0.13804411888122559,0.15606293082237244,0.6824499368667603,0.5374042987823486,0.1278320699930191,0.7877453565597534,1.0,0.145616352558136,0.009211994707584381
1390,nframe_03815,v40c_03242,0.13806800544261932,0.1557692438364029,0.6800832152366638,0.5404817461967468,0.1255311816930771,0.7812368273735046,1.0,0.14563336968421936,0.009772869758307934
1391,nframe_03816,v40c_03243,0.1387835443019867,0.153453066945076,0.6788572072982788,0.5407352447509766,0.12448068708181381,0.7771384716033936,1.0,0.1455308496952057,0.009339802898466587
1392,nframe_03819,v40c_03244,0.13345696032047272,0.14564268290996552,0.6631895303726196,0.5354952216148376,0.11776962876319885,0.7593022584915161,1.0,0.14528533816337585,0.0048314775340259075
1393,nframe_03836,v40c_03245,0.12277057766914368,0.13930398225784302,0.6152476668357849,0.4836882948875427,0.09968412667512894,0.6941050291061401,1.0,0.14532999694347382,0.0050468724220991135
1394,nframe_03837,v40c_03246,0.12153925001621246,0.13883891701698303,0.6131144762039185,0.48247337341308594,0.09900078177452087,0.691474199295044,1.0,0.14533813297748566,0.005769490730017424
1395,nframe_03838,v40c_03246,0.12153925001621246,0.13883891701698303,0.6131144762039185,0.47821664810180664,0.09775350242853165,0.6882479786872864,1.0,0.14541904628276825,0.00571199506521225
1396,nframe_03839,v40c_03247,0.11947385966777802,0.13674837350845337,0.612005889415741,0.4725441038608551,0.09972073137760162,0.6929028034210205,1.0,0.14539699256420135,0.0056436872109770775
1397,nframe_03904,v40c_03262,0.07802535593509674,0.09556281566619873,0.5291747450828552,0.5370588302612305,0.151007279753685,0.8447750210762024,1.0,0.14562131464481354,0.009475239552557468
1398,nframe_03905,v40c_03263,0.07540494203567505,0.09378952533006668,0.5201362371444702,0.5391379594802856,0.15132634341716766,0.8446167707443237,1.0,0.1455136239528656,0.00619745347648859
1399,nframe_03906,v40c_03264,0.07364194840192795,0.09213446080684662,0.5129059553146362,0.537477970123291,0.15172259509563446,0.8443435430526733,1.0,0.14547695219516754,0.006772985216230154
1400,nframe_03907,v40c_03265,0.0727519690990448,0.09152372181415558,0.509703516960144,0.5379594564437866,0.15201494097709656,0.8441998362541199,1.0,0.1456170529127121,0.007381235249340534
1401,nframe_03908,v40c_03265,0.07221153378486633,0.09141528606414795,0.5077075362205505,0.5374568104743958,0.15215346217155457,0.8442603349685669,1.0,0.14553885161876678,0.006851479411125183
1402,nframe_03909,v40c_03266,0.07096604257822037,0.09028436988592148,0.5025670528411865,0.537635087966919,0.1523134708404541,0.8438833951950073,1.0,0.14557397365570068,0.008455684408545494
1403,nframe_03910,v40c_03267,0.06961686909198761,0.08915290236473083,0.4973994195461273,0.5370925068855286,0.15230268239974976,0.8428133130073547,1.0,0.14559149742126465,0.008001144044101238
1404,nframe_03911,v40c_03267,0.06885258853435516,0.0887816771864891,0.49465855956077576,0.5365650057792664,0.1523093730211258,0.8415865898132324,1.0,0.14552462100982666,0.007422999478876591
1405,nframe_03912,v40c_03267,0.06811774522066116,0.08824668824672699,0.49102917313575745,0.5377692580223083,0.15234574675559998,0.8412460088729858,1.0,0.14565394818782806,0.008637024089694023
1406,nframe_03913,v40c_03267,0.06778425723314285,0.08878851681947708,0.4893034100532532,0.5349085330963135,0.15145061910152435,0.8388055562973022,1.0,0.14593903720378876,0.01048323418945074
1407,nframe_03914,v40c_03268,0.06728250533342361,0.0892174020409584,0.48728489875793457,0.5369514226913452,0.15111854672431946,0.8379201889038086,1.0,0.14601361751556396,0.012398800812661648
1408,nframe_03915,v40c_03268,0.06728250533342361,0.0892174020409584,0.48728489875793457,0.5364919900894165,0.15106678009033203,0.8373705148696899,1.0,0.1459318995475769,0.011266836896538734
1409,nframe_03916,v40c_03269,0.06668240576982498,0.08807185292243958,0.484841912984848,0.53811115026474,0.15066875517368317,0.8361973762512207,1.0,0.14571984112262726,0.009277025237679482
1410,nframe_03917,v40c_03269,0.06593528389930725,0.08681043982505798,0.4827128052711487,0.539537250995636,0.14937856793403625,0.8336588740348816,1.0,0.14581750333309174,0.010362515226006508
1411,nframe_03918,v40c_03269,0.06593528389930725,0.08681043982505798,0.4827128052711487,0.5415672063827515,0.14848153293132782,0.8301491737365723,1.0,0.14581763744354248,0.010032540187239647
1412,nframe_03919,v40c_03270,0.06383278220891953,0.08509666472673416,0.4736900329589844,0.5403358340263367,0.14835546910762787,0.8302690386772156,1.0,0.1457810252904892,0.011199265718460083
1413,nframe_03920,v40c_03271,0.0629182681441307,0.08479740470647812,0.4698459208011627,0.5392662286758423,0.14828166365623474,0.8298373222351074,1.0,0.14581327140331268,0.009856360964477062
1414,nframe_03921,v40c_03271,0.0629182681441307,0.08479740470647812,0.4698459208011627,0.5384955406188965,0.1480465680360794,0.8289989233016968,1.0,0.14572057127952576,0.009382696822285652
1415,nframe_03922,v40c_03272,0.06189083307981491,0.08326568454504013,0.46535515785217285,0.536319375038147,0.14676092565059662,0.8244963884353638,1.0,0.14586438238620758,0.0098336236551404
1416,nframe_03923,v40c_03273,0.06132587417960167,0.08245333284139633,0.46327486634254456,0.5388084650039673,0.14588598906993866,0.8217110633850098,1.0,0.14580798149108887,0.01022752933204174
1417,nframe_03924,v40c_03273,0.06132587417960167,0.08245333284139633,0.46327486634254456,0.5341370701789856,0.1453983634710312,0.8200039863586426,1.0,0.14584465324878693,0.01073814183473587
1418,nframe_03925,v40c_03274,0.060541681945323944,0.08194595575332642,0.4583508372306824,0.5328046679496765,0.14481842517852783,0.8185237646102905,1.0,0.14585678279399872,0.011157415807247162
1419,nframe_03926,v40c_03274,0.060541681945323944,0.08194595575332642,0.4583508372306824,0.5314896106719971,0.14383193850517273,0.8163369297981262,1.0,0.14587457478046417,0.01116762775927782
1420,nframe_03927,v40c_03275,0.06012454628944397,0.08126255869865417,0.4572741389274597,0.5324330925941467,0.14221960306167603,0.8117752075195312,1.0,0.14586953818798065,0.010229323990643024
1421,nframe_03928,v40c_03276,0.05938094109296799,0.08007572591304779,0.4545464515686035,0.5334497094154358,0.141550213098526,0.8089367151260376,1.0,0.1458120197057724,0.010187122970819473
1422,nframe_03929,v40c_03277,0.05987294390797615,0.08043835312128067,0.4582858681678772,0.5339227318763733,0.13957294821739197,0.8020251989364624,1.0,0.14589083194732666,0.011210084892809391
1423,nframe_03930,v40c_03278,0.0603652261197567,0.08095180243253708,0.4617840647697449,0.5351292490959167,0.13778506219387054,0.7971746325492859,1.0,0.1458573043346405,0.011023657396435738
1424,nframe_03931,v40c_03279,0.06019779294729233,0.08066470175981522,0.4622870087623596,0.5317224264144897,0.13395360112190247,0.7876788973808289,1.0,0.14597508311271667,0.012573975138366222
1425,nframe_03932,v40c_03280,0.06114170700311661,0.08284493535757065,0.4659699499607086,0.5303134322166443,0.13233299553394318,0.7832086086273193,1.0,0.1461350917816162,0.01357282418757677
1426,nframe_03933,v40c_03281,0.06148013100028038,0.0848369374871254,0.4657745957374573,0.528131365776062,0.1315290778875351,0.7809739112854004,1.0,0.14613746106624603,0.014465443789958954
1427,nframe_03934,v40c_03282,0.06133289635181427,0.08569855988025665,0.46447205543518066,0.5224379301071167,0.13013599812984467,0.7768784165382385,1.0,0.14603599905967712,0.013690469786524773
1428,nframe_03935,v40c_03283,0.061420124024152756,0.08712190389633179,0.4631573259830475,0.5217828750610352,0.12856261432170868,0.7721608877182007,1.0,0.1461421549320221,0.013914227485656738
1429,nframe_03936,v40c_03284,0.060704994946718216,0.08620644360780716,0.46055668592453003,0.5204537510871887,0.12541283667087555,0.7639541625976562,1.0,0.14589159190654755,0.01145393867045641
1430,nframe_03937,v40c_03284,0.05980801209807396,0.08399473130702972,0.4584588408470154,0.520392119884491,0.1236729621887207,0.7592185139656067,1.0,0.1456577479839325,0.010514533147215843
1431,nframe_03938,v40c_03284,0.05910016968846321,0.08108463883399963,0.4566348195075989,0.515521764755249,0.12155792117118835,0.7517248392105103,1.0,0.14568912982940674,0.008581528440117836
1432,nframe_03939,v40c_03285,0.058387648314237595,0.07825510948896408,0.4544163644313812,0.5134915113449097,0.11858231574296951,0.7448180913925171,1.0,0.14565794169902802,0.008668611757457256
1433,nframe_03940,v40c_03286,0.057570382952690125,0.07616421580314636,0.4511607587337494,0.5107593536376953,0.11497495323419571,0.732244610786438,1.0,0.1456405222415924,0.00882191676646471
1434,nframe_03941,v40c_03287,0.05702057480812073,0.07454434037208557,0.44956302642822266,0.5072287917137146,0.11396282911300659,0.7275654077529907,1.0,0.14570888876914978,0.008899005129933357
1435,nframe_03942,v40c_03288,0.05741927772760391,0.07456352561712265,0.4519292414188385,0.5039884448051453,0.11146809905767441,0.7185136079788208,1.0,0.14557909965515137,0.007844151929020882
1436,nframe_03943,v40c_03289,0.058033715933561325,0.07415813207626343,0.45696306228637695,0.5004293918609619,0.10904496908187866,0.7099460363388062,1.0,0.14562471210956573,0.00827985443174839
1437,nframe_03944,v40c_03290,0.05834806337952614,0.07405847311019897,0.4587087631225586,0.49703022837638855,0.10718408226966858,0.7040709257125854,1.0,0.1456737071275711,0.008737471885979176
1438,nframe_03945,v40c_03291,0.05954191833734512,0.07512455433607101,0.46431437134742737,0.4935550391674042,0.10637972503900528,0.702390730381012,1.0,0.1455725133419037,0.007352696266025305
1439,nframe_03946,v40c_03292,0.05963781476020813,0.07425229251384735,0.4651288092136383,0.4927876889705658,0.10666563361883163,0.7045486569404602,1.0,0.14557211101055145,0.006655420176684856
1440,nframe_03947,v40c_03293,0.05952282249927521,0.07325295358896255,0.46465641260147095,0.49305862188339233,0.10790782421827316,0.708244264125824,1.0,0.14553728699684143,0.006863546557724476
1441,nframe_03948,v40c_03294,0.05941629782319069,0.07295916229486465,0.46415549516677856,0.4936995506286621,0.10881156474351883,0.712698757648468,1.0,0.14564132690429688,0.007507459260523319
1442,nframe_03949,v40c_03295,0.059259332716464996,0.07298222929239273,0.4633850157260895,0.49439162015914917,0.11043330281972885,0.7166889905929565,1.0,0.14571815729141235,0.008500565774738789
1443,nframe_03950,v40c_03296,0.05894997715950012,0.07219347357749939,0.4623287320137024,0.4919990003108978,0.10725311189889908,0.7075896859169006,1.0,0.14559727907180786,0.0071915858425199986
1444,nframe_03951,v40c_03297,0.05815359205007553,0.06913864612579346,0.45964914560317993,0.49056386947631836,0.10465747863054276,0.6892468333244324,1.0,0.14545005559921265,0.006306564901024103
1445,nframe_03952,v40c_03298,0.05794600024819374,0.0675344243645668,0.4590023458003998,0.48411989212036133,0.10382658988237381,0.6822370290756226,1.0,0.14554937183856964,0.007022558711469173
1446,nframe_03953,v40c_03299,0.05875533074140549,0.0679633840918541,0.4635029733181,0.47974124550819397,0.10328535735607147,0.6768608093261719,1.0,0.14557726681232452,0.007378930691629648
1447,nframe_03954,v40c_03300,0.060384321957826614,0.06998038291931152,0.47092461585998535,0.4745334982872009,0.0994771346449852,0.6684805154800415,1.0,0.14560213685035706,0.00733334431424737
1448,nframe_03955,v40c_03301,0.061188675463199615,0.07094251364469528,0.47430548071861267,0.4729715883731842,0.10008896142244339,0.6691800355911255,1.0,0.14552642405033112,0.006798257119953632
1449,nframe_03956,v40c_03302,0.06185159459710121,0.07128419727087021,0.477731853723526,0.4699483811855316,0.10028328001499176,0.6717056035995483,1.0,0.1455279141664505,0.006589281372725964
1450,nframe_03957,v40c_03302,0.06247062236070633,0.0726386234164238,0.4801560938358307,0.46953868865966797,0.10052231699228287,0.6726793646812439,1.0,0.1456022709608078,0.006767251994460821
1451,nframe_03958,v40c_03302,0.06305759400129318,0.07276773452758789,0.48303404450416565,0.46953725814819336,0.10167630016803741,0.6719793677330017,1.0,0.14558076858520508,0.007288593798875809
1452,nframe_03959,v40c_03302,0.06368935108184814,0.07454688847064972,0.48504847288131714,0.468870609998703,0.10108443349599838,0.6692996025085449,1.0,0.1456277221441269,0.008415506221354008
1453,nframe_03960,v40c_03302,0.06368935108184814,0.07454688847064972,0.48504847288131714,0.46560120582580566,0.10111919045448303,0.6681245565414429,1.0,0.14553885161876678,0.007655040826648474
1454,nframe_03961,v40c_03303,0.06458765268325806,0.07680995762348175,0.4882930815219879,0.46444836258888245,0.10049572587013245,0.666462242603302,1.0,0.14555950462818146,0.007841942831873894
1455,nframe_03962,v40c_03304,0.06543556600809097,0.0776442289352417,0.4909353256225586,0.4607132077217102,0.09851773828268051,0.6602334380149841,1.0,0.14554934203624725,0.006858730223029852
1456,nframe_03963,v40c_03304,0.06571311503648758,0.07869118452072144,0.49151477217674255,0.4602373540401459,0.0981951579451561,0.6584904193878174,1.0,0.14551515877246857,0.007018362637609243
1457,nframe_03964,v40c_03304,0.06609169393777847,0.07836928218603134,0.4929733872413635,0.459377259016037,0.09832385927438736,0.6582637429237366,1.0,0.14561708271503448,0.008369814604520798
1458,nframe_03965,v40c_03304,0.06718854606151581,0.07907453924417496,0.4976519048213959,0.4628255069255829,0.0982140302658081,0.6578157544136047,1.0,0.14558689296245575,0.008959092199802399
1459,nframe_03966,v40c_03304,0.06869201362133026,0.08012212067842484,0.5038721561431885,0.46179360151290894,0.09697587043046951,0.65638267993927,1.0,0.14558565616607666,0.007399812340736389
1460,nframe_03967,v40c_03305,0.06938127428293228,0.08094171434640884,0.505745530128479,0.46198034286499023,0.09678668528795242,0.6568555235862732,1.0,0.14566214382648468,0.008642197586596012
1461,nframe_04097,v40c_03339,0.16758091747760773,0.1286441534757614,0.7362059354782104,0.5015712380409241,0.1789277344942093,0.8956195712089539,1.0,0.1451171487569809,0.0008113359799608588
1462,nframe_04098,v40c_03339,0.16479460895061493,0.12803038954734802,0.7312949299812317,0.4962833821773529,0.17735125124454498,0.8935661315917969,1.0,0.14518555998802185,0.0029121646657586098
1463,nframe_04099,v40c_03340,0.16228218376636505,0.12690377235412598,0.7255117893218994,0.4978353679180145,0.17727141082286835,0.8936468958854675,1.0,0.14518111944198608,0.002628850284963846
1464,nframe_04100,v40c_03341,0.15901057422161102,0.12629425525665283,0.7193645238876343,0.495482861995697,0.17660807073116302,0.8923768997192383,1.0,0.1451287567615509,0.0009535881690680981
1465,nframe_04101,v40c_03341,0.15631724894046783,0.12591862678527832,0.7149254679679871,0.4935721755027771,0.1760271042585373,0.8920483589172363,1.0,0.14516931772232056,0.0025394982658326626
1466,nframe_04102,v40c_03342,0.15523383021354675,0.12620575726032257,0.7118324041366577,0.49050047993659973,0.17574572563171387,0.8921890258789062,1.0,0.1451469510793686,0.0019655677024275064
1467,nframe_04103,v40c_03342,0.15523383021354675,0.12620575726032257,0.7118324041366577,0.4917973577976227,0.174905464053154,0.8912695646286011,1.0,0.1451011747121811,0.00036701260250993073
1468,nframe_04104,v40c_03343,0.15512493252754211,0.12675324082374573,0.7118018865585327,0.48933276534080505,0.173148050904274,0.8882886171340942,1.0,0.14516295492649078,0.002109966706484556
1469,nframe_04105,v40c_03344,0.1539538949728012,0.12642312049865723,0.7089956998825073,0.4874812066555023,0.1727122664451599,0.8875845670700073,1.0,0.14514560997486115,0.0021019431296736
1470,nframe_04106,v40c_03344,0.1539538949728012,0.12642312049865723,0.7089956998825073,0.4891880452632904,0.17157448828220367,0.8861371874809265,1.0,0.1451413333415985,0.0017200156580656767
1471,nframe_04107,v40c_03345,0.15023380517959595,0.12527567148208618,0.7009113430976868,0.48573365807533264,0.1711071878671646,0.8855454325675964,1.0,0.14517781138420105,0.002556116320192814
1472,nframe_04108,v40c_03346,0.14847692847251892,0.12447471171617508,0.6966408491134644,0.48317423462867737,0.17100180685520172,0.8857177495956421,1.0,0.1451537311077118,0.0020013549365103245
1473,nframe_04109,v40c_03346,0.14547289907932281,0.12361951172351837,0.690470814704895,0.48306334018707275,0.1689032018184662,0.8828527331352234,1.0,0.1451505720615387,0.001983752241358161
1474,nframe_04111,v40c_03346,0.14208108186721802,0.12314518541097641,0.6832215189933777,0.48426541686058044,0.16602841019630432,0.8778879046440125,1.0,0.14512990415096283,0.0013806142378598452
1475,nframe_04112,v40c_03347,0.14060796797275543,0.12263795733451843,0.679486870765686,0.4860468804836273,0.16545753180980682,0.8766434788703918,1.0,0.14511069655418396,0.0006117800949141383
1476,nframe_04113,v40c_03347,0.14001424610614777,0.12269039452075958,0.6788300275802612,0.4831196665763855,0.1636558175086975,0.8737877011299133,1.0,0.14512032270431519,0.0013570458395406604
1477,nframe_04114,v40c_03347,0.14067189395427704,0.12314162403345108,0.6795135140419006,0.4841445982456207,0.16223536431789398,0.8712204098701477,1.0,0.14520807564258575,0.0033966004848480225
1478,nframe_04115,v40c_03347,0.14022693037986755,0.12287575006484985,0.6796104907989502,0.4833969473838806,0.16143397986888885,0.8696562051773071,1.0,0.14514395594596863,0.0014210873050615191
1479,nframe_04116,v40c_03348,0.13764098286628723,0.12191502749919891,0.6730999946594238,0.48479998111724854,0.15907633304595947,0.8655592203140259,1.0,0.14518621563911438,0.0031196142081171274
1480,nframe_04117,v40c_03349,0.13526205718517303,0.12073516845703125,0.6683071255683899,0.48351389169692993,0.15827599167823792,0.8640878796577454,1.0,0.1451433002948761,0.0022707718890160322
1481,nframe_04118,v40c_03349,0.13526205718517303,0.12073516845703125,0.6683071255683899,0.486408531665802,0.15751521289348602,0.8627821803092957,1.0,0.14511774480342865,0.0008835839107632637
1482,nframe_04123,v40c_03350,0.12970462441444397,0.1187567263841629,0.6569651961326599,0.4935236871242523,0.150580033659935,0.8510997891426086,1.0,0.14513857662677765,0.001696802326478064
1483,nframe_04132,v40c_03351,0.11862874031066895,0.11312811076641083,0.6345569491386414,0.5092922449111938,0.14113976061344147,0.8317039608955383,1.0,0.1450980007648468,-0.0
1484,nframe_04242,v40c_03353,0.1953088492155075,0.16422992944717407,0.7775605916976929,0.5406901836395264,0.16121898591518402,0.8660457730293274,1.0,0.14581644535064697,0.008707664906978607
1485,nframe_04243,v40c_03353,0.19582904875278473,0.16684649884700775,0.780648410320282,0.5423029065132141,0.16183723509311676,0.8671544194221497,1.0,0.14585182070732117,0.009420742280781269
1486,nframe_04245,v40c_03353,0.19460858404636383,0.16681769490242004,0.7785935401916504,0.5554643869400024,0.16659711301326752,0.8756163716316223,1.0,0.14584991335868835,0.009779678657650948
1487,nframe_04246,v40c_03354,0.19411371648311615,0.16616860032081604,0.780282735824585,0.5589126944541931,0.16719754040241241,0.8765684366226196,1.0,0.1458432972431183,0.011065194383263588
1488,nframe_04247,v40c_03355,0.19208696484565735,0.1655876487493515,0.7795466780662537,0.5595332980155945,0.16851787269115448,0.8769405484199524,1.0,0.14579840004444122,0.0104252640157938
1489,nframe_04248,v40c_03356,0.1885613352060318,0.16505591571331024,0.779326856136322,0.5609058737754822,0.1721193939447403,0.8831630945205688,1.0,0.1457574963569641,0.010266323573887348
1490,nframe_04249,v40c_03356,0.18658052384853363,0.16470962762832642,0.7792256474494934,0.5614339113235474,0.17252810299396515,0.8829466700553894,1.0,0.1458992213010788,0.012895502150058746
1491,nframe_04250,v40c_03357,0.18490859866142273,0.16466161608695984,0.779197633266449,0.5617305636405945,0.17297150194644928,0.8833626508712769,1.0,0.14597846567630768,0.012648748233914375
1492,nframe_04251,v40c_03357,0.18448340892791748,0.16481654345989227,0.7803613543510437,0.5644886493682861,0.1737433522939682,0.8832909464836121,1.0,0.14593276381492615,0.01230548694729805
1493,nframe_04252,v40c_03357,0.18572062253952026,0.16471008956432343,0.7831714749336243,0.5657570958137512,0.17548134922981262,0.885295033454895,1.0,0.14588779211044312,0.010901985689997673
1494,nframe_04253,v40c_03358,0.18699029088020325,0.16340093314647675,0.7853803634643555,0.5681907534599304,0.17612212896347046,0.8862217664718628,1.0,0.14597827196121216,0.011794345453381538
1495,nframe_04254,v40c_03359,0.18625417351722717,0.16326814889907837,0.7843937277793884,0.5696609020233154,0.18283012509346008,0.8966510891914368,1.0,0.14588724076747894,0.0122836884111166
1496,nframe_04255,v40c_03360,0.18537430465221405,0.1630515307188034,0.7829605340957642,0.5681130886077881,0.18470704555511475,0.8991326093673706,1.0,0.14573895931243896,0.010446807369589806
1497,nframe_04256,v40c_03359,0.184703066945076,0.1623358130455017,0.7812274694442749,0.5669864416122437,0.18659843504428864,0.9027999043464661,1.0,0.14574724435806274,0.010716993361711502
1498,nframe_04257,v40c_03361,0.18156446516513824,0.16107392311096191,0.7772870063781738,0.5673116445541382,0.18661753833293915,0.9032109379768372,1.0,0.14580537378787994,0.0098347133025527
1499,nframe_04258,v40c_03361,0.17887496948242188,0.16086293756961823,0.7741577625274658,0.5686931610107422,0.1863403469324112,0.9019278287887573,1.0,0.1458221971988678,0.010261248797178268
1500,nframe_04259,v40c_03362,0.17791365087032318,0.15921996533870697,0.7712464928627014,0.5674453973770142,0.1858215183019638,0.9003106355667114,1.0,0.14575766026973724,0.009600934572517872
1501,nframe_04260,v40c_03363,0.17633245885372162,0.16046233475208282,0.768034815788269,0.5650782585144043,0.1814974844455719,0.893174946308136,1.0,0.1459064483642578,0.010272053070366383
1502,nframe_04261,v40c_03364,0.17663925886154175,0.1636810302734375,0.7626800537109375,0.5634551048278809,0.16844984889030457,0.8754345774650574,1.0,0.14590483903884888,0.011606653220951557
1503,nframe_04262,v40c_03364,0.17663925886154175,0.1636810302734375,0.7626800537109375,0.5667312741279602,0.16369198262691498,0.8691344261169434,1.0,0.14588911831378937,0.012609532102942467
1504,nframe_04263,v40c_03365,0.17642568051815033,0.16502034664154053,0.7555550336837769,0.564540445804596,0.16134792566299438,0.8655892610549927,1.0,0.14590014517307281,0.012165834195911884
1505,nframe_04264,v40c_03365,0.17642568051815033,0.16502034664154053,0.7555550336837769,0.5621833801269531,0.16051362454891205,0.8653370141983032,1.0,0.1458044797182083,0.010542229749262333
1506,nframe_04265,v40c_03365,0.17624863982200623,0.16419705748558044,0.7580618262290955,0.5587320327758789,0.16043487191200256,0.8659670948982239,1.0,0.14560610055923462,0.008604202419519424
1507,nframe_04266,v40c_03364,0.17094562947750092,0.16220107674598694,0.7558724880218506,0.5559608936309814,0.15841934084892273,0.8618175387382507,1.0,0.14553171396255493,0.007045765873044729
1508,nframe_04267,v40c_03366,0.16816085577011108,0.16104550659656525,0.751590371131897,0.5548470616340637,0.15955431759357452,0.8623161315917969,1.0,0.1456085592508316,0.00857833307236433
1509,nframe_04268,v40c_03367,0.16632777452468872,0.16071279346942902,0.7481952905654907,0.5543313026428223,0.16000567376613617,0.8628730773925781,1.0,0.14556866884231567,0.007972290739417076
1510,nframe_04269,v40c_03368,0.16561122238636017,0.16093751788139343,0.745867908000946,0.5576623678207397,0.15912207961082458,0.8613594770431519,1.0,0.14568157494068146,0.00874608475714922
1511,nframe_04270,v40c_03369,0.16452577710151672,0.16067636013031006,0.7444806694984436,0.5560736656188965,0.1571812480688095,0.8577436208724976,1.0,0.14529667794704437,0.005626175552606583
1512,nframe_04271,v40c_03369,0.16363297402858734,0.16040804982185364,0.7430761456489563,0.5536178946495056,0.15647044777870178,0.8568006753921509,1.0,0.14520356059074402,0.004141856916248798
1513,nframe_04272,v40c_03369,0.16224302351474762,0.15959018468856812,0.7406090497970581,0.5488599538803101,0.1544371098279953,0.8519514203071594,1.0,0.1451595574617386,0.0023311206605285406
1514,nframe_04273,v40c_03370,0.16076502203941345,0.15885010361671448,0.7380817532539368,0.5499247312545776,0.15371756255626678,0.8505285382270813,1.0,0.14518988132476807,0.0032406323589384556
1515,nframe_04282,v40c_03371,0.15462753176689148,0.1559419333934784,0.7295563817024231,0.5465373396873474,0.1460968405008316,0.8321171998977661,1.0,0.1451161503791809,0.0013463713694363832
1516,nframe_04425,v40c_03444,0.10393243283033371,0.10955407470464706,0.6106129884719849,0.46604597568511963,0.1202562227845192,0.7719135880470276,1.0,0.14543114602565765,0.006222366355359554
1517,nframe_04426,v40c_03444,0.10298167914152145,0.10564691573381424,0.6097249984741211,0.472654789686203,0.1208365261554718,0.7745639681816101,1.0,0.1456165313720703,0.007872551679611206
1518,nframe_04544,v40c_03504,0.07634640485048294,0.07112950831651688,0.5299917459487915,0.5454853177070618,0.1434684693813324,0.812552273273468,1.0,0.145138680934906,0.0013061967911198735
1519,nframe_04545,v40c_03505,0.08045398443937302,0.07299113273620605,0.5427802801132202,0.5469388365745544,0.14046716690063477,0.8066310882568359,1.0,0.14514301717281342,0.0015294209588319063
1520,nframe_04546,v40c_03506,0.08204101026058197,0.07238862663507462,0.5470400452613831,0.5493982434272766,0.1384129673242569,0.8012979626655579,1.0,0.1451466828584671,0.0013929528649896383
1521,nframe_04547,v40c_03507,0.08285863697528839,0.07404839992523193,0.550665020942688,0.5521959662437439,0.13650228083133698,0.7977752089500427,1.0,0.14514195919036865,0.0012833761284127831
1522,nframe_04548,v40c_03508,0.08161702007055283,0.07294196635484695,0.5458084344863892,0.5530107617378235,0.13625574111938477,0.7980997562408447,1.0,0.14516112208366394,0.0022885689977556467
1523,nframe_04549,v40c_03509,0.08064292371273041,0.07358723878860474,0.5437861680984497,0.5518220663070679,0.1368435025215149,0.7985459566116333,1.0,0.14515359699726105,0.0022704375442117453
1524,nframe_04550,v40c_03510,0.08071530610322952,0.07338264584541321,0.5438661575317383,0.5476225018501282,0.13872763514518738,0.8012251853942871,1.0,0.1451415717601776,0.001997933257371187
1525,nframe_04551,v40c_03511,0.08100946992635727,0.07372765988111496,0.5417604446411133,0.5446596145629883,0.13883483409881592,0.8020111918449402,1.0,0.14512600004673004,0.0009562302147969604
1526,nframe_04552,v40c_03512,0.08201193064451218,0.07424454391002655,0.5436297655105591,0.5433759093284607,0.13708975911140442,0.7983511090278625,1.0,0.14515145123004913,0.002135711722075939
1527,nframe_04553,v40c_03513,0.0849866196513176,0.07544258236885071,0.5508814454078674,0.5401703119277954,0.13396602869033813,0.794592022895813,1.0,0.14513075351715088,0.0014451018068939447
1528,nframe_04554,v40c_03514,0.08598897606134415,0.07566361129283905,0.5538554191589355,0.5435895323753357,0.1309070885181427,0.7884133458137512,1.0,0.14513376355171204,0.0017403889214619994
1529,nframe_04555,v40c_03515,0.08688949793577194,0.07586434483528137,0.556094229221344,0.5452656149864197,0.12914586067199707,0.7845522165298462,1.0,0.14512792229652405,0.0012901562731713057
1530,nframe_04556,v40c_03515,0.08731868118047714,0.07620463520288467,0.5573650598526001,0.5455384850502014,0.12857668101787567,0.7835544943809509,1.0,0.1451481729745865,0.0018606685334816575
1531,nframe_04557,v40c_03516,0.08798933774232864,0.07617472857236862,0.5590376853942871,0.5465347170829773,0.12855909764766693,0.7838091254234314,1.0,0.14514382183551788,0.0016195100033655763
1532,nframe_04558,v40c_03517,0.0887661725282669,0.07624786347150803,0.559357225894928,0.5490491986274719,0.12888924777507782,0.7856894731521606,1.0,0.1451019048690796,0.0002899623941630125
1533,nframe_04559,v40c_03518,0.08961864560842514,0.07671669870615005,0.5614532232284546,0.5464895963668823,0.1288331300020218,0.7868021130561829,1.0,0.14514325559139252,0.001987979980185628
1534,nframe_04560,v40c_03517,0.08865276724100113,0.07658377289772034,0.5592752695083618,0.5485957860946655,0.12430988252162933,0.7773954272270203,1.0,0.1451416313648224,0.0015120345633476973
1535,nframe_04561,v40c_03517,0.08789770305156708,0.07624094933271408,0.5565125942230225,0.5452685952186584,0.12609457969665527,0.7821913957595825,1.0,0.14512427151203156,0.0013937632320448756
1536,nframe_04562,v40c_03517,0.08730833977460861,0.07640592753887177,0.5556312799453735,0.5448219180107117,0.12659862637519836,0.7828712463378906,1.0,0.14517086744308472,0.002812438178807497
1537,nframe_04563,v40c_03517,0.08700859546661377,0.07631640881299973,0.5539952516555786,0.5400143265724182,0.1277971714735031,0.7855771780014038,1.0,0.14516299962997437,0.002174151362851262
1538,nframe_04564,v40c_03517,0.08700859546661377,0.07631640881299973,0.5539952516555786,0.5351471304893494,0.12827828526496887,0.7875840663909912,1.0,0.14513617753982544,0.0013785145711153746
1539,nframe_04565,v40c_03519,0.08697554469108582,0.07698595523834229,0.5541289448738098,0.5348415970802307,0.12827369570732117,0.787727952003479,1.0,0.14514274895191193,0.0023078799713402987
1540,nframe_04566,v40c_03517,0.08756492286920547,0.07642003893852234,0.5548987984657288,0.5334203839302063,0.12758401036262512,0.7855050563812256,1.0,0.14512035250663757,0.0008196578128263354
1541,nframe_04567,v40c_03520,0.08989870548248291,0.07556711137294769,0.5579407811164856,0.539086639881134,0.12432117760181427,0.7791294455528259,1.0,0.14513222873210907,0.0015615925658494234
1542,nframe_04568,v40c_03521,0.09016836434602737,0.0756877064704895,0.5596350431442261,0.5325993299484253,0.11775046586990356,0.7693975567817688,1.0,0.14510896801948547,0.0003397729597054422
1543,nframe_04569,v40c_03522,0.08993004262447357,0.07660648971796036,0.5597054958343506,0.530677318572998,0.11720772087574005,0.7696447968482971,1.0,0.145148366689682,0.0014107911847531796
1544,nframe_04570,v40c_03523,0.08931290358304977,0.07688480615615845,0.557154655456543,0.5320569276809692,0.11746057868003845,0.7697449922561646,1.0,0.14523112773895264,0.0040452247485518456
1545,nframe_04571,v40c_03524,0.08926782757043839,0.07737273722887039,0.5561168193817139,0.52903151512146,0.11732327193021774,0.7696757316589355,1.0,0.14518208801746368,0.002005924005061388
1546,nframe_04572,v40c_03525,0.08897083252668381,0.07849013805389404,0.5557689070701599,0.526890754699707,0.11725175380706787,0.7691899538040161,1.0,0.14521926641464233,0.0026554460637271404
1547,nframe_04573,v40c_03526,0.08921261131763458,0.07826823741197586,0.5563178062438965,0.5269318222999573,0.11713993549346924,0.7688618898391724,1.0,0.1452554613351822,0.0031423387117683887
1548,nframe_04574,v40c_03527,0.09001453220844269,0.0783022865653038,0.5612470507621765,0.5287925004959106,0.11503372341394424,0.7638336420059204,1.0,0.14527644217014313,0.002986917272210121
1549,nframe_04575,v40c_03528,0.09024275094270706,0.07880399376153946,0.5637710094451904,0.5251287221908569,0.11394254863262177,0.7623912692070007,1.0,0.1452520191669464,0.0037116878665983677
1550,nframe_04576,v40c_03528,0.09033209085464478,0.07874002307653427,0.5644936561584473,0.5259732007980347,0.11404750496149063,0.7631574869155884,1.0,0.14521729946136475,0.003291938453912735
1551,nframe_04577,v40c_03529,0.08998402208089828,0.07910115271806717,0.5617838501930237,0.5225932002067566,0.11411648243665695,0.7638416290283203,1.0,0.14521677792072296,0.0019927271641790867
1552,nframe_04578,v40c_03529,0.08998402208089828,0.07910115271806717,0.5617838501930237,0.5195688605308533,0.11480925232172012,0.7660406827926636,1.0,0.14518722891807556,0.002360775601118803
1553,nframe_04579,v40c_03530,0.08941102027893066,0.07941905409097672,0.5618351697921753,0.5159627199172974,0.11389017850160599,0.7660069465637207,1.0,0.14516642689704895,0.002181149087846279
1554,nframe_04580,v40c_03531,0.08770082890987396,0.07893212139606476,0.5580963492393494,0.5173406600952148,0.11348449438810349,0.7650696039199829,1.0,0.14521321654319763,0.0024345640558749437
1555,nframe_04581,v40c_03532,0.08692523837089539,0.07915981113910675,0.5539679527282715,0.5120818614959717,0.11322984099388123,0.7649717330932617,1.0,0.14517280459403992,0.0018487408524379134
1556,nframe_04582,v40c_03533,0.08644334971904755,0.07886790484189987,0.5527603626251221,0.5075879096984863,0.11292695999145508,0.7637999057769775,1.0,0.14516393840312958,0.002292957855388522
1557,nframe_04584,v40c_03534,0.08548570424318314,0.0765189379453659,0.552008330821991,0.5010231137275696,0.11347635090351105,0.768078625202179,1.0,0.1451237052679062,0.001560095464810729
1558,nframe_04585,v40c_03535,0.08571694791316986,0.07614602893590927,0.5514266490936279,0.49631327390670776,0.11128581315279007,0.7629405856132507,1.0,0.14511626958847046,0.000783166557084769
1559,nframe_04586,v40c_03536,0.085613913834095,0.07634180784225464,0.5500953197479248,0.49527302384376526,0.11081907153129578,0.7621771693229675,1.0,0.14512093365192413,0.0009666219120845199
1560,nframe_04587,v40c_03537,0.08526032418012619,0.07673931866884232,0.5480703115463257,0.4913470447063446,0.11108327656984329,0.7610001564025879,1.0,0.14512181282043457,0.0010158149525523186
1561,nframe_04589,v40c_03538,0.08414805680513382,0.07637450844049454,0.5425277948379517,0.49008798599243164,0.11263927817344666,0.7643883228302002,1.0,0.14512552320957184,0.0011019601952284575
1562,nframe_04591,v40c_03539,0.08362603932619095,0.07629764825105667,0.5415366888046265,0.4877878725528717,0.11324203014373779,0.7679213285446167,1.0,0.14513422548770905,0.001703599700704217
1563,nframe_04592,v40c_03540,0.08282772451639175,0.07523579895496368,0.5399367213249207,0.48653465509414673,0.11267641931772232,0.7664088010787964,1.0,0.1451101303100586,0.0007453022990375757
1564,nframe_04599,v40c_03541,0.07764911651611328,0.0703047439455986,0.5305095911026001,0.49205881357192993,0.11438073962926865,0.7710642218589783,1.0,0.1451403945684433,0.0014797659823670983
1565,nframe_04600,v40c_03542,0.07684256136417389,0.06889859586954117,0.5293606519699097,0.49117034673690796,0.11415905505418777,0.7711211442947388,1.0,0.14515261352062225,0.0020704425405710936
1566,nframe_04604,v40c_03543,0.07518599182367325,0.06836023181676865,0.5224702954292297,0.4774213135242462,0.11031664907932281,0.7626003623008728,1.0,0.14515812695026398,0.0024788030423223972
1567,nframe_04605,v40c_03543,0.07518599182367325,0.06836023181676865,0.5224702954292297,0.48076239228248596,0.11065163463354111,0.763311505317688,1.0,0.14516155421733856,0.0025249398313462734
1568,nframe_04606,v40c_03544,0.07265546917915344,0.06633882969617844,0.5155007839202881,0.47991815209388733,0.11243676394224167,0.7676366567611694,1.0,0.1451747715473175,0.002888848539441824
1569,nframe_04736,v40c_03570,0.10763268917798996,0.112019382417202,0.6270132064819336,0.4850945472717285,0.11398700624704361,0.7662937641143799,1.0,0.14558839797973633,0.006293761543929577
1570,nframe_04737,v40c_03571,0.10595159232616425,0.1118776723742485,0.6252748966217041,0.4822961390018463,0.11349748820066452,0.7650104761123657,1.0,0.14560683071613312,0.007007349282503128
1571,nframe_04738,v40c_03571,0.10452507436275482,0.11180882900953293,0.6227840185165405,0.4794364273548126,0.11514908820390701,0.7686845064163208,1.0,0.14554192125797272,0.005884081125259399
1572,nframe_04739,v40c_03572,0.10565958172082901,0.11213460564613342,0.6311498880386353,0.47538748383522034,0.11605698615312576,0.7708200216293335,1.0,0.14554861187934875,0.006617097649723291
1573,nframe_04740,v40c_03573,0.10725948959589005,0.11349368840456009,0.6367690563201904,0.4785105288028717,0.1189703643321991,0.7785875201225281,1.0,0.14582490921020508,0.008174784481525421
1574,nframe_04741,v40c_03574,0.10788991302251816,0.11657446622848511,0.6381932497024536,0.48040294647216797,0.11958242952823639,0.7796661853790283,1.0,0.14611072838306427,0.011755341663956642
1575,nframe_04742,v40c_03574,0.10730359703302383,0.11856359243392944,0.6358261704444885,0.4788967967033386,0.12020182609558105,0.7822127342224121,1.0,0.14627715945243835,0.013848833739757538
1576,nframe_04743,v40c_03575,0.10696733742952347,0.12171775847673416,0.6340677738189697,0.47885140776634216,0.12080861628055573,0.7840632796287537,1.0,0.1461157351732254,0.01387479342520237
1577,nframe_04744,v40c_03575,0.10576587170362473,0.12182536721229553,0.630146324634552,0.47494855523109436,0.11922520399093628,0.7802106142044067,1.0,0.1459939330816269,0.01236598938703537
1578,nframe_04745,v40c_03576,0.10371281951665878,0.12241849303245544,0.6225965023040771,0.4732545018196106,0.11966878920793533,0.7815524935722351,1.0,0.14600464701652527,0.011802371591329575
1579,nframe_04746,v40c_03576,0.09945319592952728,0.12113767117261887,0.6072982549667358,0.47241806983947754,0.12122373282909393,0.7863130569458008,1.0,0.145846426486969,0.010073558427393436
1580,nframe_04747,v40c_03576,0.09538844227790833,0.11906213313341141,0.5924898982048035,0.47334179282188416,0.12248487770557404,0.7883154153823853,1.0,0.14582371711730957,0.010434284806251526
1581,nframe_04748,v40c_03576,0.09049056470394135,0.11446969211101532,0.5763787627220154,0.4696066379547119,0.12301769852638245,0.7890328168869019,1.0,0.1458154320716858,0.009673274122178555
1582,nframe_04749,v40c_03576,0.08697368949651718,0.11158517748117447,0.5637518167495728,0.47168877720832825,0.12289246171712875,0.788613498210907,1.0,0.14585354924201965,0.010737995617091656
1583,nframe_04750,v40c_03576,0.0844419077038765,0.11137788742780685,0.5524523258209229,0.47634854912757874,0.12389503419399261,0.7928228378295898,1.0,0.14580799639225006,0.009515735320746899
1584,nframe_04751,v40c_03576,0.08174469321966171,0.10939368605613708,0.5413886904716492,0.47341567277908325,0.1237441673874855,0.7923105955123901,1.0,0.14573796093463898,0.009555338881909847
1585,nframe_04752,v40c_03576,0.07950334250926971,0.10882651805877686,0.5306135416030884,0.4745572507381439,0.12404436618089676,0.7934946417808533,1.0,0.14563040435314178,0.008868193253874779
1586,nframe_04753,v40c_03576,0.07336689531803131,0.10335168987512589,0.5026032328605652,0.47693774104118347,0.12379936873912811,0.7934516072273254,1.0,0.1455976665019989,0.0072209774516522884
1587,nframe_04754,v40c_03576,0.07151760905981064,0.10052388906478882,0.4956839680671692,0.47664588689804077,0.12342217564582825,0.7914829850196838,1.0,0.14556413888931274,0.007865054532885551
1588,nframe_04755,v40c_03576,0.07151760905981064,0.10052388906478882,0.4956839680671692,0.47601720690727234,0.12238214910030365,0.7899030447006226,1.0,0.14549323916435242,0.0057279011234641075
1589,nframe_04756,v40c_03576,0.07027039676904678,0.09832872450351715,0.4907538890838623,0.4725387990474701,0.11998289823532104,0.7846016883850098,1.0,0.14552174508571625,0.0066314153373241425
1590,nframe_04757,v40c_03576,0.06919141113758087,0.09573721885681152,0.4862251877784729,0.47227755188941956,0.12078658491373062,0.7856317162513733,1.0,0.14554433524608612,0.006067168433219194
1591,nframe_04758,v40c_03576,0.06755561381578445,0.0933200791478157,0.4787530303001404,0.47487229108810425,0.1224619671702385,0.7913030385971069,1.0,0.1455623209476471,0.007891823537647724
1592,nframe_04759,v40c_03576,0.0607505738735199,0.08492130041122437,0.4464932382106781,0.4734278917312622,0.1222686767578125,0.791422963142395,1.0,0.14549341797828674,0.005681811831891537
1593,nframe_04760,v40c_03576,0.055918868631124496,0.07677121460437775,0.4235878586769104,0.4759065806865692,0.122953861951828,0.7932008504867554,1.0,0.14550718665122986,0.0060979267582297325
1594,nframe_04761,v40c_03576,0.05361548066139221,0.07133915275335312,0.41337233781814575,0.4745670258998871,0.12283902615308762,0.7929590940475464,1.0,0.14545902609825134,0.00545634888112545
1595,nframe_04762,v40c_03576,0.052700240164995193,0.06812537461519241,0.4102570414543152,0.4802708923816681,0.12432905286550522,0.795137882232666,1.0,0.14534148573875427,0.004745823331177235
1596,nframe_04763,v40c_03576,0.051535021513700485,0.062301743775606155,0.4068447947502136,0.4816320836544037,0.12353622913360596,0.7926415801048279,1.0,0.14535577595233917,0.004773297812789679
1597,nframe_04764,v40c_03576,0.050007350742816925,0.05801505222916603,0.3989012837409973,0.4788929522037506,0.12244300544261932,0.790854811668396,1.0,0.14523263275623322,0.003292116802185774
1598,nframe_04765,v40c_03576,0.050007350742816925,0.05801505222916603,0.3989012837409973,0.4771907329559326,0.12209528684616089,0.7906823754310608,1.0,0.1451510190963745,0.0020197471603751183
1599,nframe_04766,v40c_03576,0.04840188845992088,0.050970520824193954,0.39206820726394653,0.48240938782691956,0.12187491357326508,0.7897911071777344,1.0,0.14515848457813263,0.0018377493834123015
1600,nframe_04767,v40c_03576,0.047413114458322525,0.04499161243438721,0.3880670368671417,0.4821016490459442,0.12052696943283081,0.7878214716911316,1.0,0.14517877995967865,0.002541645895689726
1601,nframe_04768,v40c_03576,0.04524711146950722,0.038466211408376694,0.37405019998550415,0.48422786593437195,0.11892515420913696,0.7837987542152405,1.0,0.14515778422355652,0.00217679631896317
1602,nframe_04774,v40c_03576,0.0484052412211895,0.0492255762219429,0.3929215967655182,0.47525814175605774,0.11767320334911346,0.7793407440185547,1.0,0.14519450068473816,0.002791337901726365
1603,nframe_04775,v40c_03576,0.04836231842637062,0.04911242052912712,0.3939652442932129,0.4748573303222656,0.11842120438814163,0.7816293239593506,1.0,0.14519928395748138,0.002043324988335371
1604,nframe_04776,v40c_03576,0.04674992337822914,0.0477767251431942,0.384194940328598,0.4858535826206207,0.12078588455915451,0.7878859639167786,1.0,0.14517366886138916,0.0022640812676399946
1605,nframe_04777,v40c_03576,0.04590334743261337,0.05030824989080429,0.37637603282928467,0.484371155500412,0.12196514010429382,0.7895691394805908,1.0,0.14519111812114716,0.0019739496055990458
1606,nframe_04778,v40c_03576,0.045029643923044205,0.049737598747015,0.3718792200088501,0.48460647463798523,0.12437783181667328,0.7939948439598083,1.0,0.14519786834716797,0.0018414963269606233
1607,nframe_04779,v40c_03576,0.044477466493844986,0.050988949835300446,0.3676767945289612,0.4802320897579193,0.1255880892276764,0.7944663166999817,1.0,0.14517681300640106,0.002632248681038618
1608,nframe_04780,v40c_03577,0.044660259038209915,0.04981493949890137,0.3719688057899475,0.4729490876197815,0.12574502825737,0.7942978143692017,1.0,0.14515766501426697,0.001987700816243887
1609,nframe_04781,v40c_03578,0.044504422694444656,0.05206236615777016,0.3677015006542206,0.47598233819007874,0.12678121030330658,0.794247031211853,1.0,0.1452150195837021,0.0036884788423776627
1610,nframe_04782,v40c_03579,0.043769270181655884,0.05261601507663727,0.3593162000179291,0.480978399515152,0.13139550387859344,0.8037775754928589,1.0,0.14514200389385223,0.0014965056907385588
1611,nframe_04783,v40c_03580,0.04373268783092499,0.05764160677790642,0.35366928577423096,0.4809323847293854,0.13256852328777313,0.8052790760993958,1.0,0.1451885849237442,0.0028760433197021484
1612,nframe_04784,v40c_03581,0.042378395795822144,0.05298745259642601,0.34344738721847534,0.4804731607437134,0.13222220540046692,0.8036093711853027,1.0,0.14517921209335327,0.002848805859684944
1613,nframe_04785,v40c_03582,0.0411202497780323,0.05077630281448364,0.33196115493774414,0.4822910726070404,0.13270647823810577,0.8042848706245422,1.0,0.14518560469150543,0.0030346440616995096
1614,nframe_04786,v40c_03583,0.03956834599375725,0.04965096712112427,0.31882795691490173,0.477822482585907,0.13321201503276825,0.805576503276825,1.0,0.14520962536334991,0.0037062284536659718
1615,nframe_04787,v40c_03584,0.03785210847854614,0.046391166746616364,0.3049961030483246,0.48525840044021606,0.13647490739822388,0.8128747940063477,1.0,0.14539453387260437,0.0049463966861367226
1616,nframe_04788,v40c_03585,0.03655572608113289,0.046419352293014526,0.2931477427482605,0.4850137531757355,0.13732589781284332,0.8145716786384583,1.0,0.1454201638698578,0.005722911562770605
1617,nframe_04789,v40c_03586,0.03510506823658943,0.04395335167646408,0.27927708625793457,0.4888383448123932,0.13988502323627472,0.8202148675918579,1.0,0.14530467987060547,0.004556110594421625
1618,nframe_04790,v40c_03587,0.032991740852594376,0.039150167256593704,0.2585853934288025,0.48967692255973816,0.1399984210729599,0.8198930621147156,1.0,0.14535684883594513,0.005294580478221178
1619,nframe_04791,v40c_03588,0.03205560892820358,0.039675258100032806,0.24286551773548126,0.4869004189968109,0.14086122810840607,0.8215624690055847,1.0,0.14528179168701172,0.003592203138396144
1620,nframe_04792,v40c_03589,0.03166823089122772,0.03973866254091263,0.2364485263824463,0.4865817129611969,0.14169305562973022,0.8223508596420288,1.0,0.14525046944618225,0.003273510839790106
1621,nframe_04793,v40c_03589,0.03166823089122772,0.03973866254091263,0.2364485263824463,0.4896409809589386,0.1436498761177063,0.8253480792045593,1.0,0.14514665305614471,0.0020378543995320797
1622,nframe_04794,v40c_03590,0.03101354092359543,0.0358847975730896,0.23317119479179382,0.49198171496391296,0.14357969164848328,0.8249149322509766,1.0,0.14514420926570892,0.002067144960165024
1623,nframe_04795,v40c_03591,0.03151729702949524,0.034258510917425156,0.2426902949810028,0.492101788520813,0.14250081777572632,0.8216394186019897,1.0,0.1451282948255539,0.0010871528647840023
1624,nframe_04864,v40c_03615,0.035087887197732925,0.054418936371803284,0.24811439216136932,0.4365866184234619,0.10064566135406494,0.7148362398147583,1.0,0.14535099267959595,0.004561787471175194
1625,nframe_04865,v40c_03616,0.03351784870028496,0.052200332283973694,0.23332419991493225,0.43863651156425476,0.1004210039973259,0.7148383855819702,1.0,0.14534452557563782,0.004112568683922291
1626,nframe_04866,v40c_03617,0.031968854367733,0.04968797042965889,0.2184402495622635,0.43758243322372437,0.099822498857975,0.7134584784507751,1.0,0.14534446597099304,0.0045936196111142635
1627,nframe_04867,v40c_03618,0.03036274015903473,0.04693042114377022,0.20295366644859314,0.4414248466491699,0.09983137249946594,0.712608277797699,1.0,0.14543715119361877,0.005216664634644985
1628,nframe_04868,v40c_03619,0.027643268927931786,0.043186821043491364,0.17113879323005676,0.44473955035209656,0.09791604429483414,0.7061281204223633,1.0,0.14534401893615723,0.004738491494208574
1629,nframe_04869,v40c_03620,0.0269800815731287,0.041939519345760345,0.16187790036201477,0.44360920786857605,0.09749189764261246,0.7054049372673035,1.0,0.14537176489830017,0.004683205392211676
1630,nframe_04870,v40c_03621,0.02644757367670536,0.040967680513858795,0.1549929976463318,0.4466169476509094,0.0984652042388916,0.7096886038780212,1.0,0.14531086385250092,0.004110701847821474
1631,nframe_04871,v40c_03622,0.026010217145085335,0.03994020074605942,0.1495346873998642,0.4479839503765106,0.09688611328601837,0.7064063549041748,1.0,0.14539125561714172,0.004480043891817331
1632,nframe_04872,v40c_03623,0.02550729364156723,0.03974926471710205,0.14266572892665863,0.44742193818092346,0.09661306440830231,0.7059623599052429,1.0,0.14534442126750946,0.003598566399887204
1633,nframe_04873,v40c_03623,0.02550729364156723,0.03974926471710205,0.14266572892665863,0.44934603571891785,0.09423539787530899,0.7011334896087646,1.0,0.14540572464466095,0.006070840172469616
1634,nframe_04874,v40c_03624,0.02472830004990101,0.03868165239691734,0.13179829716682434,0.44748762249946594,0.09215173125267029,0.6951690912246704,1.0,0.14548619091510773,0.00549409631639719
1635,nframe_04875,v40c_03625,0.024375611916184425,0.03745518624782562,0.1301877796649933,0.4480329155921936,0.09176120907068253,0.6952865123748779,1.0,0.1453719437122345,0.005187033675611019
1636,nframe_04876,v40c_03626,0.024138879030942917,0.03575897216796875,0.1307673156261444,0.45103541016578674,0.09024322032928467,0.6922867298126221,1.0,0.14531192183494568,0.0044140382669866085
1637,nframe_04877,v40c_03627,0.02455064095556736,0.0370718389749527,0.13275031745433807,0.459821879863739,0.09121928364038467,0.6936744451522827,1.0,0.14533530175685883,0.004581918008625507
1638,nframe_04878,v40c_03628,0.02456858567893505,0.03533496707677841,0.13172969222068787,0.4628986120223999,0.0936930701136589,0.7019410133361816,1.0,0.14533104002475739,0.004224431701004505
1639,nframe_04879,v40c_03628,0.02459779754281044,0.037734273821115494,0.12460334599018097,0.45921194553375244,0.09140390157699585,0.6967336535453796,1.0,0.14533008635044098,0.004130667541176081
1640,nframe_04880,v40c_03629,0.024286605417728424,0.036845166236162186,0.11515514552593231,0.4630505442619324,0.09161947667598724,0.6970860958099365,1.0,0.14532490074634552,0.0035742148756980896
1641,nframe_04881,v40c_03629,0.024286605417728424,0.036845166236162186,0.11515514552593231,0.46624261140823364,0.0916905477643013,0.6980396509170532,1.0,0.14529818296432495,0.003526414977386594
1642,nframe_04882,v40c_03630,0.023117177188396454,0.0330999493598938,0.10157917439937592,0.46792128682136536,0.09220621734857559,0.6958872079849243,1.0,0.14529921114444733,0.00353207066655159
1643,nframe_04883,v40c_03631,0.020940817892551422,0.02695225551724434,0.07379282265901566,0.4671453535556793,0.09753885120153427,0.7035329937934875,1.0,0.14519433677196503,0.0030077339615672827
1644,nframe_04884,v40c_03632,0.02013542503118515,0.02231384441256523,0.06431303918361664,0.45877671241760254,0.09952116757631302,0.7037006616592407,1.0,0.14521299302577972,0.0027772330213338137
1645,nframe_04885,v40c_03633,0.02006940357387066,0.02245073951780796,0.06601355969905853,0.45117291808128357,0.09974649548530579,0.7010460495948792,1.0,0.1451730877161026,0.0016634250059723854
1646,nframe_04886,v40c_03634,0.020064130425453186,0.02314155176281929,0.07246507704257965,0.4402649998664856,0.1009732335805893,0.7026087641716003,1.0,0.14518530666828156,0.0024391370825469494
1647,nframe_04887,v40c_03634,0.020202789455652237,0.02301543764770031,0.07371009886264801,0.4385814070701599,0.10292639583349228,0.7094985842704773,1.0,0.14530079066753387,0.002903452841565013
1648,nframe_04906,v40c_03635,0.02486640214920044,0.02687133476138115,0.18041034042835236,0.4028315246105194,0.15184658765792847,0.7892976999282837,1.0,0.1451893001794815,0.0020514107309281826
1649,nframe_04908,v40c_03636,0.02702217549085617,0.034162797033786774,0.207246333360672,0.39378660917282104,0.15748555958271027,0.8085015416145325,1.0,0.1453523486852646,0.0045039295218884945
1650,nframe_04909,v40c_03637,0.028302650898694992,0.035920534282922745,0.2229640930891037,0.3977937698364258,0.1597057282924652,0.8143762350082397,1.0,0.14533156156539917,0.004586850292980671
1651,nframe_04912,v40c_03638,0.0327208936214447,0.03923462703824043,0.273313969373703,0.39731845259666443,0.16235758364200592,0.8283134698867798,1.0,0.14525841176509857,0.003448974806815386
1652,nframe_04914,v40c_03639,0.03363937884569168,0.04321490228176117,0.2762503921985626,0.401358962059021,0.1612621247768402,0.8289722204208374,1.0,0.14521312713623047,0.0036072905641049147
1653,nframe_05548,v40c_04010,0.017203735187649727,0.014363701455295086,0.11514409631490707,0.4867165982723236,0.1700035184621811,0.8595243692398071,1.0,0.1451270431280136,0.0012661226792261004
1654,nframe_05549,v40c_04010,0.016552360728383064,0.012969990260899067,0.10429523885250092,0.48541927337646484,0.1665087640285492,0.8596227765083313,1.0,0.1451500952243805,0.0020901153329759836
1655,nframe_05632,v40c_04032,0.04778813570737839,0.045425720512866974,0.39324432611465454,0.5295935273170471,0.1372373253107071,0.8268797993659973,1.0,0.14526532590389252,0.003903409466147423
1656,nframe_05633,v40c_04033,0.04871037229895592,0.052949097007513046,0.39617839455604553,0.5293582081794739,0.1379704475402832,0.8278005719184875,1.0,0.14604806900024414,0.008390579372644424
1657,nframe_05634,v40c_04034,0.05014043673872948,0.054299768060445786,0.4044148325920105,0.5242710709571838,0.1378307193517685,0.8262120485305786,1.0,0.14675912261009216,0.017002426087856293
1658,nframe_05635,v40c_04035,0.05585102736949921,0.07675541192293167,0.42766278982162476,0.5187445878982544,0.1373232901096344,0.8229392170906067,1.0,0.14706340432167053,0.021333085373044014
1659,nframe_05636,v40c_04036,0.05963815748691559,0.08039502799510956,0.44786518812179565,0.5147850513458252,0.13614250719547272,0.8225739598274231,1.0,0.1468811333179474,0.019226402044296265
1660,nframe_05637,v40c_04037,0.05885330215096474,0.07713343948125839,0.44352683424949646,0.5128279328346252,0.1352747529745102,0.820014476776123,1.0,0.1469002068042755,0.02188296429812908
1661,nframe_05638,v40c_04038,0.058110401034355164,0.07648628950119019,0.439528226852417,0.5181760787963867,0.13638482987880707,0.8220070600509644,1.0,0.14678631722927094,0.019501708447933197
1662,nframe_05639,v40c_04039,0.05807625502347946,0.07820156961679459,0.43871641159057617,0.5153841376304626,0.13931937515735626,0.8281408548355103,1.0,0.1466798186302185,0.01805778034031391
1663,nframe_05640,v40c_04040,0.055363573133945465,0.0756724625825882,0.4231661260128021,0.5233984589576721,0.14148646593093872,0.830980658531189,1.0,0.14652816951274872,0.017959512770175934
1664,nframe_05641,v40c_04041,0.053391892462968826,0.07371720671653748,0.41236600279808044,0.5244268178939819,0.1419215202331543,0.8319443464279175,1.0,0.1467050164937973,0.01865549199283123
1665,nframe_05642,v40c_04042,0.051691390573978424,0.07414350658655167,0.40004128217697144,0.5240827798843384,0.14246852695941925,0.8336902856826782,1.0,0.1466849446296692,0.01873507723212242
1666,nframe_05643,v40c_04043,0.04937601834535599,0.07268820703029633,0.3843570947647095,0.5255315899848938,0.14334096014499664,0.8367995023727417,1.0,0.14662623405456543,0.01861005648970604
1667,nframe_05644,v40c_04044,0.04708772525191307,0.07102006673812866,0.367974191904068,0.52907395362854,0.14519652724266052,0.8402792811393738,1.0,0.14606361091136932,0.015735389664769173
1668,nframe_05645,v40c_04045,0.04143300652503967,0.05752287805080414,0.33196574449539185,0.5266824960708618,0.14718535542488098,0.8436368703842163,1.0,0.14588578045368195,0.012193867936730385
1669,nframe_05646,v40c_04046,0.039636965841054916,0.05171237885951996,0.3191446363925934,0.5273142457008362,0.14772488176822662,0.8449255228042603,1.0,0.14539995789527893,0.007134062238037586
1670,nframe_05647,v40c_04047,0.0375727079808712,0.04448339715600014,0.30424878001213074,0.5187088251113892,0.1463353931903839,0.8436341285705566,1.0,0.14534057676792145,0.004108900669962168
1671,nframe_05648,v40c_04048,0.036662399768829346,0.044329412281513214,0.29353517293930054,0.5213474631309509,0.14727255702018738,0.8449549674987793,1.0,0.145358145236969,0.0040474869310855865
1672,nframe_05649,v40c_04049,0.03611550107598305,0.04403139278292656,0.28715869784355164,0.5166661739349365,0.14750586450099945,0.8450427055358887,1.0,0.1453474909067154,0.004333897493779659
1673,nframe_05650,v40c_04050,0.03500119224190712,0.040051113814115524,0.27988725900650024,0.5187005400657654,0.14888092875480652,0.8472802042961121,1.0,0.14533132314682007,0.0045705875381827354
1674,nframe_05651,v40c_04051,0.03534884378314018,0.04025787487626076,0.282879501581192,0.5163453221321106,0.14927053451538086,0.8482664823532104,1.0,0.14536508917808533,0.00485916156321764
1675,nframe_05652,v40c_04052,0.03598282113671303,0.04057591035962105,0.2888118326663971,0.5164300799369812,0.15087583661079407,0.8516866564750671,1.0,0.14524365961551666,0.003375560510903597
1676,nframe_05653,v40c_04053,0.03815546631813049,0.04364997148513794,0.3067306876182556,0.5193875432014465,0.15307366847991943,0.8557373285293579,1.0,0.14525394141674042,0.0028366772457957268
1677,nframe_05654,v40c_04053,0.03815546631813049,0.04364997148513794,0.3067306876182556,0.520950436592102,0.15564677119255066,0.8594376444816589,1.0,0.14531666040420532,0.004020296968519688
1678,nframe_05655,v40c_04054,0.041801657527685165,0.04852311685681343,0.33699479699134827,0.5259965062141418,0.15815015137195587,0.8629790544509888,1.0,0.14527536928653717,0.002924760337918997
1679,nframe_05656,v40c_04054,0.041801657527685165,0.04852311685681343,0.33699479699134827,0.5277885794639587,0.16141654551029205,0.8679959177970886,1.0,0.1453382819890976,0.005506381392478943
1680,nframe_05657,v40c_04055,0.04370591789484024,0.05231360346078873,0.35009846091270447,0.5346779823303223,0.16543367505073547,0.8745377659797668,1.0,0.1452864408493042,0.0036961447913199663
1681,nframe_05658,v40c_04056,0.04697088524699211,0.05530765280127525,0.3735159933567047,0.5420329570770264,0.16919833421707153,0.880505383014679,1.0,0.14534501731395721,0.0037460648454725742
1682,nframe_05659,v40c_04057,0.048878733068704605,0.0576871857047081,0.3860980272293091,0.540937602519989,0.1703013777732849,0.8825448751449585,1.0,0.14538703858852386,0.004630845971405506
1683,nframe_05660,v40c_04058,0.051134057343006134,0.062298860400915146,0.3998676538467407,0.5407240986824036,0.17393426597118378,0.8885599374771118,1.0,0.14543281495571136,0.004984645638614893
1684,nframe_05661,v40c_04059,0.05267017334699631,0.06410729140043259,0.4090215265750885,0.544923722743988,0.17674387991428375,0.8933200836181641,1.0,0.14540037512779236,0.005193669348955154
1685,nframe_05662,v40c_04060,0.05470982939004898,0.06706209480762482,0.4194783568382263,0.5493670105934143,0.17823946475982666,0.8965131640434265,1.0,0.14543737471103668,0.006140037439763546
1686,nframe_05663,v40c_04061,0.05707665532827377,0.06927744299173355,0.43391793966293335,0.5515149235725403,0.18047434091567993,0.9000018239021301,1.0,0.14554964005947113,0.0063936361111700535
1687,nframe_05664,v40c_04062,0.0636119470000267,0.0716221034526825,0.46963658928871155,0.5522752404212952,0.18161356449127197,0.901982307434082,1.0,0.1455277055501938,0.006232269108295441
1688,nframe_05665,v40c_04063,0.06655558943748474,0.07234729081392288,0.4849112629890442,0.5506464242935181,0.18280884623527527,0.9040441513061523,1.0,0.14551763236522675,0.006754210684448481
1689,nframe_05666,v40c_04064,0.07258161157369614,0.07663588225841522,0.5113349556922913,0.5448036789894104,0.1835261732339859,0.9051759839057922,1.0,0.14547105133533478,0.005817783065140247
1690,nframe_05667,v40c_04065,0.07783973962068558,0.08030832558870316,0.5309589505195618,0.5481665730476379,0.18404607474803925,0.9062502980232239,1.0,0.14538006484508514,0.004400674253702164
1691,nframe_05668,v40c_04066,0.08520671725273132,0.08507371693849564,0.5532234311103821,0.536828875541687,0.18221992254257202,0.9033678770065308,1.0,0.1453969031572342,0.00479072006419301
1692,nframe_05669,v40c_04067,0.09726432710886002,0.09102483838796616,0.5770363807678223,0.5438068509101868,0.18097218871116638,0.9008304476737976,1.0,0.14539510011672974,0.004592981189489365
1693,nframe_05670,v40c_04068,0.10742122679948807,0.09757668524980545,0.603667140007019,0.5350260138511658,0.17580270767211914,0.8934787511825562,1.0,0.1454801857471466,0.006743614561855793
1694,nframe_05675,v40c_04069,0.15954840183258057,0.12898284196853638,0.708868682384491,0.5201404690742493,0.1639045774936676,0.8686060905456543,1.0,0.14539273083209991,0.007095160894095898
1695,nframe_05676,v40c_04070,0.17321716248989105,0.1305847316980362,0.7307161092758179,0.5180303454399109,0.16223016381263733,0.8647966384887695,1.0,0.14555083215236664,0.009203089401125908
1696,nframe_05677,v40c_04071,0.17794759571552277,0.13032135367393494,0.7351697683334351,0.5149412155151367,0.16052550077438354,0.8611040115356445,1.0,0.1455545574426651,0.008947455324232578
1697,nframe_05678,v40c_04072,0.18205061554908752,0.12919533252716064,0.7400804162025452,0.5078243017196655,0.15892136096954346,0.8555536270141602,1.0,0.1455075889825821,0.006653955671936274
1698,nframe_05679,v40c_04073,0.18980376422405243,0.12783849239349365,0.7458519339561462,0.5060478448867798,0.1585749089717865,0.8545193672180176,1.0,0.14556705951690674,0.00827721692621708
1699,nframe_05680,v40c_04074,0.20389632880687714,0.12683019042015076,0.7580214738845825,0.49890831112861633,0.15584827959537506,0.848682701587677,1.0,0.1454675793647766,0.007043206598609686
1700,nframe_05681,v40c_04075,0.21519409120082855,0.12634733319282532,0.767756998538971,0.4992579519748688,0.1531548947095871,0.8409065008163452,1.0,0.14549864828586578,0.00781963113695383
1701,nframe_05682,v40c_04076,0.23075975477695465,0.12384439259767532,0.7765305638313293,0.488835871219635,0.1499505341053009,0.8314709663391113,1.0,0.14569412171840668,0.010277904570102692
1702,nframe_05683,v40c_04076,0.23075975477695465,0.12384439259767532,0.7765305638313293,0.48836758732795715,0.14722448587417603,0.8259571194648743,1.0,0.14567627012729645,0.009268215857446194
1703,nframe_05684,v40c_04077,0.23827242851257324,0.1232868880033493,0.7808910608291626,0.48481285572052,0.14134284853935242,0.8115066289901733,1.0,0.14558427035808563,0.008886074647307396
1704,nframe_05685,v40c_04078,0.24498820304870605,0.12351225316524506,0.7855505347251892,0.4747776985168457,0.13785907626152039,0.803810715675354,1.0,0.14568613469600677,0.009863665327429771
1705,nframe_05686,v40c_04078,0.251890629529953,0.12116482853889465,0.7834516763687134,0.4705853760242462,0.13456371426582336,0.7947200536727905,1.0,0.14578795433044434,0.01162610575556755
1706,nframe_05687,v40c_04079,0.25546491146087646,0.12034625560045242,0.7833981513977051,0.4709724187850952,0.13253211975097656,0.7896780967712402,1.0,0.14579157531261444,0.010555083863437176
1707,nframe_05688,v40c_04079,0.2593614459037781,0.1182311624288559,0.7789755463600159,0.4661013185977936,0.1287911981344223,0.7791320085525513,1.0,0.14568744599819183,0.011581316590309143
1708,nframe_05689,v40c_04080,0.2616342604160309,0.11625521630048752,0.7733243107795715,0.4603676497936249,0.1242055892944336,0.7660161256790161,1.0,0.14556647837162018,0.008795122615993023
1709,nframe_05690,v40c_04081,0.26402047276496887,0.11986886709928513,0.7818758487701416,0.45950785279273987,0.11952337622642517,0.7571309208869934,1.0,0.14585193991661072,0.0121533814817667
1710,nframe_05691,v40c_04082,0.26154837012290955,0.12243838608264923,0.7839504480361938,0.4600706994533539,0.11598537862300873,0.747771143913269,1.0,0.14576932787895203,0.011525733396410942
1711,nframe_05692,v40c_04083,0.27471858263015747,0.1183079406619072,0.7748955488204956,0.4691120982170105,0.11449769884347916,0.7439301013946533,1.0,0.1456674039363861,0.010269870981574059
1712,nframe_05693,v40c_04084,0.28156140446662903,0.1174076572060585,0.7733138799667358,0.47571057081222534,0.11461521685123444,0.7457799911499023,1.0,0.14576072990894318,0.011943930760025978
1713,nframe_05694,v40c_04085,0.2867231070995331,0.11774254590272903,0.7730377912521362,0.47895726561546326,0.11230329424142838,0.739190936088562,1.0,0.14579442143440247,0.013137203641235828
1714,nframe_05695,v40c_04086,0.29004889726638794,0.11778754740953445,0.7717153429985046,0.47931066155433655,0.10966724157333374,0.7317295074462891,1.0,0.14585472643375397,0.012739272788167
1715,nframe_06360,v40c_04104,0.04986491799354553,0.09075047075748444,0.34963545203208923,0.4191323518753052,0.16821351647377014,0.7692795991897583,1.0,0.14516755938529968,0.0026504765264689922
1716,nframe_06372,v40c_04105,0.08077850192785263,0.09783336520195007,0.5373656153678894,0.48596659302711487,0.21893523633480072,0.886500358581543,1.0,0.1451486349105835,0.0019694287329912186
1717,nframe_06373,v40c_04105,0.08403391391038895,0.09841592609882355,0.5513394474983215,0.4979802072048187,0.21784940361976624,0.8942389488220215,1.0,0.1453195959329605,0.004106820095330477
1718,nframe_06377,v40c_04106,0.10007315874099731,0.10648135095834732,0.6128495335578918,0.5380488634109497,0.2184607982635498,0.9296442270278931,1.0,0.14540737867355347,0.0050337351858615875
1719,nframe_06378,v40c_04106,0.10263329744338989,0.10558527708053589,0.622269868850708,0.5434027910232544,0.21985997259616852,0.9327133297920227,1.0,0.1454562544822693,0.006538121961057186
1720,nframe_06379,v40c_04106,0.10882119834423065,0.11042308807373047,0.6382361650466919,0.54783695936203,0.2193371206521988,0.9333222508430481,1.0,0.14548823237419128,0.0070420317351818085
1721,nframe_06380,v40c_04106,0.11035481840372086,0.11105542629957199,0.6433395147323608,0.5529062747955322,0.21869505941867828,0.9326632618904114,1.0,0.14547796547412872,0.006836847867816687
1722,nframe_06381,v40c_04106,0.11221257597208023,0.1112375259399414,0.6485973596572876,0.5567569136619568,0.2180602252483368,0.9318596124649048,1.0,0.14537851512432098,0.004669783171266317
1723,nframe_06382,v40c_04107,0.11595717817544937,0.1111285611987114,0.6574310660362244,0.5622024536132812,0.2175840139389038,0.9311749339103699,1.0,0.14536002278327942,0.005030772648751736
1724,nframe_06383,v40c_04108,0.1214546337723732,0.11140549927949905,0.6692095994949341,0.5660949349403381,0.2148723155260086,0.9273125529289246,1.0,0.1454077661037445,0.006063024513423443
1725,nframe_06384,v40c_04109,0.12717142701148987,0.11141254007816315,0.6797015070915222,0.5768740177154541,0.21026016771793365,0.9223544001579285,1.0,0.1454005390405655,0.005953292362391949
1726,nframe_06385,v40c_04110,0.13181492686271667,0.11011721938848495,0.6858562231063843,0.5814424753189087,0.20700836181640625,0.9189478158950806,1.0,0.14539843797683716,0.005323166958987713
1727,nframe_06386,v40c_04111,0.1375613510608673,0.1109146699309349,0.6953887343406677,0.5899375677108765,0.2018817812204361,0.9129506349563599,1.0,0.14546974003314972,0.00651706475764513
1728,nframe_06387,v40c_04112,0.1421225219964981,0.1139732301235199,0.7028875350952148,0.5964618921279907,0.19656451046466827,0.9081113934516907,1.0,0.14553333818912506,0.0080711729824543
1729,nframe_06388,v40c_04113,0.14564542472362518,0.11780357360839844,0.7091933488845825,0.6003838181495667,0.19514337182044983,0.9022501111030579,1.0,0.14550834894180298,0.007447679992765188
1730,nframe_06389,v40c_04114,0.14670315384864807,0.11864251643419266,0.7095005512237549,0.595801830291748,0.18966716527938843,0.8929302096366882,1.0,0.1455436646938324,0.0074205705896019936
1731,nframe_06390,v40c_04115,0.14557556807994843,0.11884180456399918,0.7060950398445129,0.5936209559440613,0.1838940531015396,0.8846184015274048,1.0,0.1455925554037094,0.007984800264239311
1732,nframe_06391,v40c_04115,0.14252719283103943,0.11839256435632706,0.6998811960220337,0.583196759223938,0.1786804348230362,0.8835474252700806,1.0,0.14550471305847168,0.0069426060654222965
1733,nframe_06392,v40c_04115,0.14185483753681183,0.1185019239783287,0.6986261606216431,0.5830321907997131,0.1738634556531906,0.8748671412467957,1.0,0.1455703228712082,0.007656352128833532
1734,nframe_06393,v40c_04115,0.1422366052865982,0.1182844266295433,0.6994798183441162,0.576702892780304,0.17195872962474823,0.8738020062446594,1.0,0.14561870694160461,0.00881545152515173
1735,nframe_06394,v40c_04115,0.1423148661851883,0.11715496331453323,0.6992311477661133,0.5706702470779419,0.17061452567577362,0.8723958134651184,1.0,0.14552444219589233,0.008295940235257149
1736,nframe_06395,v40c_04116,0.14292564988136292,0.11424754559993744,0.6994100213050842,0.5684142112731934,0.16816648840904236,0.8685633540153503,1.0,0.14558523893356323,0.007614755071699619
1737,nframe_06396,v40c_04117,0.1432647556066513,0.11099909245967865,0.6987107396125793,0.5641239285469055,0.161774680018425,0.8600655794143677,1.0,0.14541660249233246,0.0058588432148098946
1738,nframe_06397,v40c_04118,0.14432106912136078,0.1038268432021141,0.694837749004364,0.5592427849769592,0.15899772942066193,0.8555841445922852,1.0,0.1453840732574463,0.005751274060457945
1739,nframe_06398,v40c_04119,0.14494943618774414,0.10299723595380783,0.6898866295814514,0.5422940850257874,0.14884844422340393,0.8373807072639465,1.0,0.14537903666496277,0.0065823704935610294
1740,nframe_06399,v40c_04120,0.1459888219833374,0.10299181193113327,0.6869710087776184,0.5380228757858276,0.14279766380786896,0.8236953616142273,1.0,0.14531610906124115,0.005478799343109131
1741,nframe_06400,v40c_04121,0.14682868123054504,0.10131319612264633,0.6855871081352234,0.5328908562660217,0.13786394894123077,0.816338062286377,1.0,0.14511699974536896,0.000848923169542104
1742,nframe_06401,v40c_04122,0.1441454142332077,0.08314397186040878,0.6583806276321411,0.5206477046012878,0.12916480004787445,0.7993782758712769,1.0,0.14515671133995056,0.0016944374656304717
1743,nframe_06406,v40c_04123,0.1388276219367981,0.09202363342046738,0.6736829876899719,0.48484790325164795,0.13057821989059448,0.8038080334663391,1.0,0.14534784853458405,0.004349657334387302
1744,nframe_06407,v40c_04123,0.1388276219367981,0.09202363342046738,0.6736829876899719,0.5305113196372986,0.11878404021263123,0.7713921666145325,1.0,0.14532235264778137,0.003968837670981884
1745,nframe_06408,v40c_04124,0.14537647366523743,0.09427584707736969,0.679296612739563,0.5504997372627258,0.1152188777923584,0.7683596014976501,1.0,0.14572674036026,0.008896860294044018
1746,nframe_06409,v40c_04125,0.14594224095344543,0.09929079562425613,0.6825111508369446,0.5722463726997375,0.12106162309646606,0.7784562110900879,1.0,0.14568768441677094,0.008765965700149536
1747,nframe_06410,v40c_04126,0.15145663917064667,0.10704261064529419,0.6898231506347656,0.5761290192604065,0.12694799900054932,0.7915093302726746,1.0,0.14560332894325256,0.00843044649809599
1748,nframe_06411,v40c_04127,0.15325143933296204,0.10588733106851578,0.6954174637794495,0.5677378177642822,0.1294674128293991,0.8001588582992554,1.0,0.14527451992034912,0.003759169252589345
1749,nframe_06412,v40c_04128,0.15347892045974731,0.09279178828001022,0.6594743132591248,0.5296132564544678,0.1213751956820488,0.7836495637893677,1.0,0.14523671567440033,0.003274373011663556
1750,nframe_06419,v40c_04129,0.1042926162481308,0.08340786397457123,0.6134587526321411,0.4582395553588867,0.14723174273967743,0.8386691808700562,1.0,0.14527930319309235,0.003534258110448718
1751,nframe_06420,v40c_04130,0.11696209013462067,0.08817612379789352,0.6326164603233337,0.49729377031326294,0.14699435234069824,0.8373085260391235,1.0,0.14535671472549438,0.005231992807239294
1752,nframe_06421,v40c_04131,0.13510727882385254,0.10699401795864105,0.6478371024131775,0.5208474397659302,0.1407960206270218,0.82636559009552,1.0,0.14550480246543884,0.007765444461256266
1753,nframe_06422,v40c_04132,0.14071950316429138,0.10959562659263611,0.6572047472000122,0.5395264029502869,0.1419348418712616,0.8233234286308289,1.0,0.14560586214065552,0.009126527234911919
1754,nframe_06423,v40c_04133,0.14609184861183167,0.11421473324298859,0.6646900773048401,0.5468051433563232,0.13869398832321167,0.8109502792358398,1.0,0.14560161530971527,0.010029936209321022
1755,nframe_06424,v40c_04133,0.1470160186290741,0.11619502305984497,0.6605585217475891,0.5577037334442139,0.1327073723077774,0.79631108045578,1.0,0.14573431015014648,0.01027500070631504
1756,nframe_06425,v40c_04134,0.14588195085525513,0.11902965605258942,0.647091805934906,0.561355710029602,0.12887264788150787,0.791291356086731,1.0,0.14586582779884338,0.011883030645549297
1757,nframe_06426,v40c_04135,0.14706288278102875,0.11786682903766632,0.6472633481025696,0.5632734298706055,0.1283082515001297,0.7895077466964722,1.0,0.1455260068178177,0.008366558700799942
1758,nframe_06427,v40c_04136,0.14946231245994568,0.11453099548816681,0.653011679649353,0.5622850656509399,0.12781646847724915,0.7899185419082642,1.0,0.14554837346076965,0.00883602537214756
1759,nframe_06428,v40c_04136,0.14989201724529266,0.11231733113527298,0.6520856022834778,0.5560749769210815,0.12523683905601501,0.7853351831436157,1.0,0.1457662582397461,0.01119336299598217
1760,nframe_06429,v40c_04137,0.14914926886558533,0.11347503215074539,0.6485258936882019,0.5611705780029297,0.1233312338590622,0.7815350890159607,1.0,0.14572970569133759,0.01008782722055912
1761,nframe_06430,v40c_04138,0.14990198612213135,0.11488080024719238,0.6509572863578796,0.5579795837402344,0.12106867879629135,0.7777137756347656,1.0,0.14583677053451538,0.010624926537275314
1762,nframe_06431,v40c_04138,0.14951471984386444,0.11638537049293518,0.6488679647445679,0.5587083697319031,0.12179351598024368,0.7809256315231323,1.0,0.14587952196598053,0.011826122179627419
1763,nframe_06432,v40c_04138,0.1495300680398941,0.11615537852048874,0.6480717658996582,0.5548040270805359,0.12102809548377991,0.7800237536430359,1.0,0.14581511914730072,0.010540258139371872
1764,nframe_06433,v40c_04139,0.1536768525838852,0.11658038198947906,0.6596929430961609,0.5482106804847717,0.1205446645617485,0.7794697880744934,1.0,0.14581334590911865,0.01269448734819889
1765,nframe_06434,v40c_04139,0.15450993180274963,0.11992598325014114,0.6610457897186279,0.5496159195899963,0.11993245035409927,0.7783591151237488,1.0,0.14587245881557465,0.013078248128294945
1766,nframe_06435,v40c_04139,0.15450993180274963,0.11992598325014114,0.6610457897186279,0.5420910120010376,0.11779531091451645,0.7744795680046082,1.0,0.14583231508731842,0.011945364996790886
1767,nframe_06436,v40c_04139,0.1566213220357895,0.118619903922081,0.6640976071357727,0.5407187938690186,0.11744865775108337,0.7739819884300232,1.0,0.14556540548801422,0.009160010144114494
1768,nframe_06437,v40c_04140,0.1576102077960968,0.1162969246506691,0.6657106876373291,0.5328328609466553,0.11615447700023651,0.7713513374328613,1.0,0.14547723531723022,0.008859513327479362
1769,nframe_06438,v40c_04141,0.1571294665336609,0.11388985067605972,0.6644980311393738,0.5279656052589417,0.11425165086984634,0.7664915919303894,1.0,0.14545653760433197,0.006270664278417826
1770,nframe_06439,v40c_04141,0.1571294665336609,0.11388985067605972,0.6644980311393738,0.5237768292427063,0.11381909251213074,0.7652343511581421,1.0,0.14551915228366852,0.006078854203224182
1771,nframe_06440,v40c_04142,0.16073396801948547,0.10817113518714905,0.6704651713371277,0.5201964974403381,0.11412639915943146,0.7664265632629395,1.0,0.1455373913049698,0.00585490558296442
1772,nframe_06441,v40c_04143,0.1616162657737732,0.11270853132009506,0.6797648072242737,0.5150114297866821,0.11488696932792664,0.769363284111023,1.0,0.14549162983894348,0.008198006078600883
1773,nframe_06442,v40c_04144,0.1595367044210434,0.11770647019147873,0.6810865998268127,0.5019919276237488,0.11595577001571655,0.7719246745109558,1.0,0.14554652571678162,0.007663901895284653
1774,nframe_06443,v40c_04145,0.15963515639305115,0.11610524356365204,0.6826269030570984,0.5217751264572144,0.1227724701166153,0.7865033745765686,1.0,0.1453949362039566,0.006667896173894405
1775,nframe_06444,v40c_04146,0.16132353246212006,0.10946288704872131,0.6827805638313293,0.5246347188949585,0.12256591767072678,0.783552885055542,1.0,0.1454160213470459,0.007093322463333607
1776,nframe_06445,v40c_04146,0.16132353246212006,0.10946288704872131,0.6827805638313293,0.5438622832298279,0.12615984678268433,0.7898919582366943,1.0,0.14537648856639862,0.006282325834035873
1777,nframe_06446,v40c_04147,0.1591048687696457,0.10525147616863251,0.6780924797058105,0.544681966304779,0.12587875127792358,0.7902494072914124,1.0,0.14537721872329712,0.006001104135066271
1778,nframe_06447,v40c_04148,0.15771792829036713,0.10241158306598663,0.6752011179924011,0.5542916059494019,0.12398744374513626,0.783716082572937,1.0,0.1453617513179779,0.004815423395484686
1779,nframe_06448,v40c_04149,0.15517643094062805,0.10330653190612793,0.6694691181182861,0.5707646012306213,0.12195345759391785,0.7775154113769531,1.0,0.14552170038223267,0.0063569555059075356
1780,nframe_06449,v40c_04150,0.14637397229671478,0.11140430718660355,0.6614133715629578,0.570392370223999,0.12309157848358154,0.7818645238876343,1.0,0.14553378522396088,0.0069043682888150215
1781,nframe_06450,v40c_04151,0.14817336201667786,0.1121063306927681,0.666034996509552,0.5583332777023315,0.12369703501462936,0.7842848896980286,1.0,0.14558206498622894,0.008014000952243805
1782,nframe_06451,v40c_04152,0.15158572793006897,0.11390341818332672,0.6757770776748657,0.5557084679603577,0.12497631460428238,0.7862216830253601,1.0,0.14567473530769348,0.00870976597070694
1783,nframe_06452,v40c_04152,0.15158572793006897,0.11390341818332672,0.6757770776748657,0.5541709065437317,0.1260957419872284,0.7896240949630737,1.0,0.14568208158016205,0.009463727474212646
1784,nframe_06453,v40c_04153,0.16042177379131317,0.12272875010967255,0.6991419196128845,0.5578058362007141,0.1289481222629547,0.7945200204849243,1.0,0.14578284323215485,0.010327173396945
1785,nframe_06454,v40c_04154,0.16209127008914948,0.12853103876113892,0.7092380523681641,0.5580708980560303,0.1353186070919037,0.8035850524902344,1.0,0.1459997445344925,0.013211931101977825
1786,nframe_06455,v40c_04155,0.164101704955101,0.13281577825546265,0.7188438177108765,0.5655447840690613,0.14203676581382751,0.8105204701423645,1.0,0.14643928408622742,0.016013246029615402
1787,nframe_06456,v40c_04156,0.1645434945821762,0.14108842611312866,0.7272471785545349,0.5640854835510254,0.15021668374538422,0.8183654546737671,1.0,0.14642547070980072,0.01622111164033413
1788,nframe_06457,v40c_04157,0.1628154069185257,0.1511133313179016,0.7265064120292664,0.561176598072052,0.16532447934150696,0.8313029408454895,1.0,0.14591902494430542,0.01347397267818451
1789,nframe_06458,v40c_04158,0.16037558019161224,0.14853492379188538,0.7225058078765869,0.5680565237998962,0.1790146678686142,0.8353357315063477,1.0,0.14542275667190552,0.009230074472725391
1790,nframe_06459,v40c_04159,0.15473341941833496,0.13896965980529785,0.7154675722122192,0.5703724026679993,0.18283209204673767,0.8396815061569214,1.0,0.1454312801361084,0.008222285658121109
1791,nframe_06460,v40c_04160,0.14688624441623688,0.129812091588974,0.7033208608627319,0.5730577111244202,0.189424529671669,0.8445810079574585,1.0,0.1454320102930069,0.008603990077972412
1792,nframe_06461,v40c_04161,0.14177800714969635,0.12247152626514435,0.694419801235199,0.5763328075408936,0.19476166367530823,0.8449404835700989,1.0,0.1452864408493042,0.004977566190063953
1793,nframe_06462,v40c_04162,0.13762563467025757,0.1195513904094696,0.688484787940979,0.5793359279632568,0.19932565093040466,0.8470226526260376,1.0,0.14525432884693146,0.0039773862808942795
1794,nframe_06463,v40c_04163,0.1344919204711914,0.11895012110471725,0.6833120584487915,0.5766821503639221,0.20627425611019135,0.8469815254211426,1.0,0.14539599418640137,0.0049558901228010654
1795,nframe_06784,v40c_04311,0.045938678085803986,0.0858122706413269,0.2937983274459839,0.45786353945732117,0.09746604412794113,0.7191289663314819,1.0,0.14526896178722382,0.004563768394291401
1796,nframe_06785,v40c_04311,0.045938678085803986,0.0858122706413269,0.2937983274459839,0.46357598900794983,0.09822703897953033,0.7215999960899353,1.0,0.14522705972194672,0.004073852673172951
1797,nframe_06786,v40c_04311,0.0456220880150795,0.08470402657985687,0.2922500967979431,0.4660349190235138,0.09848431497812271,0.723301112651825,1.0,0.1452213078737259,0.003448033705353737
1798,nframe_06787,v40c_04312,0.043748918920755386,0.0805065780878067,0.29269444942474365,0.46412554383277893,0.09716956317424774,0.7197682857513428,1.0,0.14521105587482452,0.0023173410445451736
1799,nframe_06788,v40c_04312,0.043748918920755386,0.0805065780878067,0.29269444942474365,0.4640871584415436,0.09414567798376083,0.710647463798523,1.0,0.14522086083889008,0.002598602557554841
1800,nframe_06789,v40c_04313,0.041065897792577744,0.07577893137931824,0.2905251383781433,0.4638110101222992,0.0943734422326088,0.7100206613540649,1.0,0.14516974985599518,0.0018768934532999992
1801,nframe_06790,v40c_04314,0.038813479244709015,0.07129748910665512,0.28123295307159424,0.46584707498550415,0.09643682092428207,0.7145413160324097,1.0,0.145181804895401,0.0026066149584949017
1802,nframe_06791,v40c_04315,0.035856716334819794,0.06558682769536972,0.2647130489349365,0.466584175825119,0.09915543347597122,0.7221399545669556,1.0,0.14517627656459808,0.002187915612012148
1803,nframe_06792,v40c_04316,0.029050881043076515,0.047254860401153564,0.22604186832904816,0.45499810576438904,0.09623479098081589,0.7166880369186401,1.0,0.14517773687839508,0.002355030272156
1804,nframe_06793,v40c_04316,0.029050881043076515,0.047254860401153564,0.22604186832904816,0.4559713304042816,0.09870242327451706,0.7251294255256653,1.0,0.14519381523132324,0.002587124239653349
1805,nframe_06794,v40c_04317,0.02512369118630886,0.038748662918806076,0.19059836864471436,0.45183342695236206,0.09834562987089157,0.7253569960594177,1.0,0.14521284401416779,0.0027497645933181047
1806,nframe_06795,v40c_04317,0.024470552802085876,0.037041835486888885,0.18532820045948029,0.4584958553314209,0.10120736807584763,0.7343138456344604,1.0,0.14521239697933197,0.0023424006067216396
1807,nframe_06796,v40c_04317,0.024470552802085876,0.037041835486888885,0.18532820045948029,0.4651094973087311,0.1027035340666771,0.7386273145675659,1.0,0.14522553980350494,0.002683931030333042
1808,nframe_06797,v40c_04317,0.023031560704112053,0.03413349390029907,0.1693166047334671,0.4667397141456604,0.10419798642396927,0.7429004311561584,1.0,0.1452195644378662,0.0023476514033973217
1809,nframe_06798,v40c_04317,0.023031560704112053,0.03413349390029907,0.1693166047334671,0.47018536925315857,0.10542760044336319,0.7456753253936768,1.0,0.14520329236984253,0.0024215886369347572
1810,nframe_06799,v40c_04317,0.021228119730949402,0.029352722689509392,0.14565689861774445,0.47333166003227234,0.10635629296302795,0.7463704347610474,1.0,0.14522217214107513,0.002331662457436323
1811,nframe_06800,v40c_04317,0.021140193566679955,0.031714197248220444,0.13997827470302582,0.47000575065612793,0.10780162364244461,0.7477734088897705,1.0,0.14542393386363983,0.005147295538336039
1812,nframe_06803,v40c_04317,0.022217966616153717,0.039330486208200455,0.14631614089012146,0.4764717221260071,0.10840414464473724,0.745978057384491,1.0,0.1453826129436493,0.005197159480303526
1813,nframe_06804,v40c_04317,0.02125360816717148,0.040917880833148956,0.12844078242778778,0.481749027967453,0.11264034360647202,0.755171000957489,1.0,0.1455305963754654,0.0070556290447711945
1814,nframe_06805,v40c_04317,0.02022412419319153,0.03681913763284683,0.1169591173529625,0.48232901096343994,0.11287602037191391,0.7553789019584656,1.0,0.1454526036977768,0.005413318518549204
1815,nframe_06806,v40c_04317,0.019862165674567223,0.034905191510915756,0.11410822719335556,0.4779342710971832,0.11126689612865448,0.7504225969314575,1.0,0.14546886086463928,0.006327067967504263
1816,nframe_06807,v40c_04317,0.019971197471022606,0.03540932759642601,0.11407969146966934,0.47370079159736633,0.11111786216497421,0.7514355182647705,1.0,0.1454654037952423,0.005510650109499693
1817,nframe_06808,v40c_04317,0.019785655662417412,0.03283267468214035,0.11328588426113129,0.4740370213985443,0.11362913250923157,0.7579525709152222,1.0,0.14539559185504913,0.0052086650393903255
1818,nframe_06809,v40c_04317,0.019694145768880844,0.031530991196632385,0.11331792920827866,0.4810125529766083,0.11344609409570694,0.7559186220169067,1.0,0.1453428566455841,0.004006196279078722
1819,nframe_06810,v40c_04317,0.01998072676360607,0.03210931643843651,0.11367811262607574,0.4817996025085449,0.11387666314840317,0.7554527521133423,1.0,0.14534425735473633,0.0038593802601099014
1820,nframe_07303,v40c_04484,0.06292843818664551,0.09656179696321487,0.4548601508140564,0.4233270287513733,0.12921492755413055,0.8079878091812134,1.0,0.1465013474225998,0.014890357851982117
1821,nframe_07309,v40c_04485,0.05266726389527321,0.08506555110216141,0.4052823483943939,0.43651628494262695,0.12525591254234314,0.799630880355835,1.0,0.14652185142040253,0.013845069333910942
1822,nframe_07344,v40c_04486,0.01897137612104416,0.027176309376955032,0.11992424726486206,0.41121092438697815,0.13929922878742218,0.8077427744865417,1.0,0.14517121016979218,0.002577655017375946
1823,nframe_07345,v40c_04486,0.01893812045454979,0.02381095290184021,0.11939656734466553,0.41366082429885864,0.13958580791950226,0.8090041875839233,1.0,0.1451222151517868,0.0010859754402190447
1824,nframe_07346,v40c_04486,0.019191673025488853,0.02446945756673813,0.12133917957544327,0.4109656810760498,0.13981366157531738,0.8106933832168579,1.0,0.1451297402381897,0.001257790019735694
1825,nframe_07347,v40c_04486,0.019492128863930702,0.02615322545170784,0.12257079780101776,0.417205274105072,0.1398952603340149,0.8129515647888184,1.0,0.1451268196105957,0.001272406312637031
1826,nframe_07348,v40c_04486,0.019772887229919434,0.027391448616981506,0.12422551214694977,0.4137479066848755,0.1402478963136673,0.8138560056686401,1.0,0.1451159417629242,0.0006394482334144413
1827,nframe_07349,v40c_04486,0.020639389753341675,0.030797963961958885,0.12899050116539001,0.4159906208515167,0.1396702378988266,0.8128464818000793,1.0,0.14510419964790344,0.00047301765880547464
1828,nframe_07350,v40c_04486,0.021172285079956055,0.03168182447552681,0.13236263394355774,0.4206485450267792,0.1398388296365738,0.8148967623710632,1.0,0.14511656761169434,0.0008040590328164399
1829,nframe_07351,v40c_04486,0.021979182958602905,0.033434975892305374,0.13831201195716858,0.4220946431159973,0.1393136978149414,0.814349353313446,1.0,0.14512751996517181,0.0010292346123605967
1830,nframe_07352,v40c_04486,0.024810312315821648,0.04034337401390076,0.16282233595848083,0.418939471244812,0.1416047364473343,0.8205604553222656,1.0,0.14513355493545532,0.0016759326681494713
1831,nframe_07353,v40c_04486,0.025897691026329994,0.04239198938012123,0.17247095704078674,0.4251253008842468,0.14295776188373566,0.8232194185256958,1.0,0.14511753618717194,0.0010231116320937872
1832,nframe_07354,v40c_04486,0.0263327956199646,0.04288695752620697,0.1797722429037094,0.4246087968349457,0.14343218505382538,0.8237673044204712,1.0,0.14512419700622559,0.0015571491094306111
1833,nframe_07355,v40c_04486,0.02653803862631321,0.042821042239665985,0.18530721962451935,0.43192827701568604,0.1440383344888687,0.8255907297134399,1.0,0.14510053396224976,0.0003980796900577843
1834,nframe_07356,v40c_04486,0.026943977922201157,0.043269410729408264,0.19128747284412384,0.43573758006095886,0.14391306042671204,0.8257017135620117,1.0,0.14513826370239258,0.0024548470973968506
1835,nframe_07357,v40c_04487,0.028008799999952316,0.043532464653253555,0.20534439384937286,0.4355844557285309,0.14476265013217926,0.828048586845398,1.0,0.14511659741401672,0.0007750862278044224
1836,nframe_07358,v40c_04487,0.028673440217971802,0.044013988226652145,0.21486428380012512,0.4350433647632599,0.14500780403614044,0.8294552564620972,1.0,0.14512215554714203,0.001121005741879344
1837,nframe_07359,v40c_04487,0.030034136027097702,0.04577653110027313,0.22701723873615265,0.4420645236968994,0.14355824887752533,0.8264122009277344,1.0,0.14514189958572388,0.00208147126249969
1838,nframe_07424,v40c_04514,0.07064484059810638,0.08285854011774063,0.5051231980323792,0.5106872916221619,0.14886529743671417,0.8438321948051453,1.0,0.14593306183815002,0.011988903395831585
1839,nframe_07425,v40c_04514,0.07064484059810638,0.08285854011774063,0.5051231980323792,0.5101368427276611,0.14790263772010803,0.8422349691390991,1.0,0.1458444446325302,0.010090440511703491
1840,nframe_07426,v40c_04515,0.07032731920480728,0.08097993582487106,0.503911554813385,0.5108546018600464,0.1467026025056839,0.8403999209403992,1.0,0.14580030739307404,0.010347665287554264
1841,nframe_07427,v40c_04516,0.07265689224004745,0.07501474767923355,0.514916718006134,0.505865216255188,0.146967813372612,0.8405287861824036,1.0,0.14537890255451202,0.006875569466501474
1842,nframe_07428,v40c_04516,0.07265689224004745,0.07501474767923355,0.514916718006134,0.5035711526870728,0.14508932828903198,0.8374665379524231,1.0,0.14546537399291992,0.006226413417607546
1843,nframe_07429,v40c_04517,0.07502030581235886,0.0754789486527443,0.5274025201797485,0.49272578954696655,0.14361481368541718,0.8367021679878235,1.0,0.1454344093799591,0.005256147123873234
1844,nframe_07430,v40c_04518,0.07649129629135132,0.07901754975318909,0.5386046171188354,0.4652024507522583,0.13999666273593903,0.8308565020561218,1.0,0.14545583724975586,0.006796416826546192
1845,nframe_07431,v40c_04519,0.0771593302488327,0.0834774300456047,0.5422693490982056,0.4624853730201721,0.13939234614372253,0.8288311958312988,1.0,0.14545418322086334,0.006350008305162191
1846,nframe_07432,v40c_04520,0.07823756337165833,0.08432048559188843,0.5464915633201599,0.4627687931060791,0.1411450356245041,0.8339789509773254,1.0,0.145402193069458,0.005847124848514795
1847,nframe_07433,v40c_04520,0.07873380184173584,0.08457338064908981,0.5489705801010132,0.4663159251213074,0.1429363638162613,0.8372043371200562,1.0,0.1454245150089264,0.006289160810410976
1848,nframe_07434,v40c_04521,0.07974254339933395,0.08308719843626022,0.5527874231338501,0.4694282114505768,0.1448236107826233,0.8414105176925659,1.0,0.1454312801361084,0.005249067675322294
1849,nframe_07435,v40c_04522,0.08228170871734619,0.08331797271966934,0.5622138977050781,0.47375255823135376,0.14441697299480438,0.8410791158676147,1.0,0.14535458385944366,0.00480897119268775
1850,nframe_07436,v40c_04523,0.08371719717979431,0.08436886221170425,0.5676851272583008,0.4782719612121582,0.14021354913711548,0.8302364349365234,1.0,0.14538061618804932,0.005770405288785696
1851,nframe_07437,v40c_04524,0.08487921208143234,0.08654545992612839,0.5719630718231201,0.48169073462486267,0.14062705636024475,0.8305767178535461,1.0,0.14536620676517487,0.005067749880254269
1852,nframe_07438,v40c_04525,0.08756693452596664,0.08741454035043716,0.5810376405715942,0.486281156539917,0.14236730337142944,0.8344195485115051,1.0,0.14544609189033508,0.007067243568599224
1853,nframe_07439,v40c_04526,0.09143027663230896,0.08198878169059753,0.588199257850647,0.4899543523788452,0.14325790107250214,0.8349071741104126,1.0,0.1456063985824585,0.00832468643784523
1854,nframe_07440,v40c_04527,0.08813858777284622,0.08646732568740845,0.580818235874176,0.5034510493278503,0.13764894008636475,0.8238154649734497,1.0,0.1457122415304184,0.010433021001517773
1855,nframe_07441,v40c_04528,0.08575490117073059,0.08870360255241394,0.5715133547782898,0.5180602669715881,0.14650321006774902,0.8410728573799133,1.0,0.14573106169700623,0.01127126906067133
1856,nframe_07442,v40c_04529,0.08511451631784439,0.09018092602491379,0.5690851807594299,0.5344957709312439,0.14980357885360718,0.8464246988296509,1.0,0.14577530324459076,0.010584695264697075
1857,nframe_07443,v40c_04530,0.08483955264091492,0.09088170528411865,0.5679007172584534,0.5293082594871521,0.15088017284870148,0.8482634425163269,1.0,0.1457582712173462,0.011465659365057945
1858,nframe_07444,v40c_04531,0.0854288712143898,0.09169003367424011,0.5699218511581421,0.5298746228218079,0.1517588496208191,0.849256157875061,1.0,0.14569604396820068,0.010394304990768433
1859,nframe_07445,v40c_04532,0.08538419753313065,0.09189645200967789,0.5699748396873474,0.526848554611206,0.15127582848072052,0.8489492535591125,1.0,0.14558608829975128,0.00949267577379942
1860,nframe_07446,v40c_04533,0.0838131308555603,0.09240931272506714,0.5624867081642151,0.52347332239151,0.15107442438602448,0.8494497537612915,1.0,0.14561201632022858,0.008730989880859852
1861,nframe_07447,v40c_04534,0.08191687613725662,0.09213537722826004,0.5538317561149597,0.5221477150917053,0.14908592402935028,0.8472232818603516,1.0,0.14563827216625214,0.009240979328751564
1862,nframe_07448,v40c_04534,0.08191687613725662,0.09213537722826004,0.5538317561149597,0.5169317722320557,0.14628523588180542,0.843614935874939,1.0,0.14563001692295074,0.008901672437787056
1863,nframe_07449,v40c_04535,0.07941336929798126,0.09133826196193695,0.5431752800941467,0.5139725804328918,0.1459679752588272,0.8429891467094421,1.0,0.14583349227905273,0.012084167450666428
1864,nframe_07450,v40c_04536,0.07731878757476807,0.09366501867771149,0.5330926775932312,0.5129194855690002,0.14603668451309204,0.8425909876823425,1.0,0.14578449726104736,0.011540723033249378
1865,nframe_07451,v40c_04537,0.08374129980802536,0.0962868481874466,0.5586872696876526,0.5073232650756836,0.14673230051994324,0.8433688282966614,1.0,0.1457383632659912,0.010218312963843346
1866,nframe_07452,v40c_04538,0.08597513288259506,0.09950466454029083,0.5657724738121033,0.4957313537597656,0.14780734479427338,0.8469769358634949,1.0,0.14563097059726715,0.009178197011351585
1867,nframe_07453,v40c_04539,0.08690617233514786,0.09991296380758286,0.5677355527877808,0.48853376507759094,0.1490982174873352,0.8476386070251465,1.0,0.14570075273513794,0.009446896612644196
1868,nframe_07454,v40c_04540,0.08688940107822418,0.10037106275558472,0.56594318151474,0.48119527101516724,0.1492910534143448,0.847909152507782,1.0,0.14567400515079498,0.009527385234832764
1869,nframe_07455,v40c_04541,0.08793153613805771,0.10097625851631165,0.5674916505813599,0.48104262351989746,0.1500805765390396,0.8488901853561401,1.0,0.14565223455429077,0.011102638207376003
1870,nframe_07456,v40c_04542,0.08801594376564026,0.1015133336186409,0.5667688250541687,0.48181864619255066,0.1510506123304367,0.8497927784919739,1.0,0.14558789134025574,0.009243651293218136
1871,nframe_07457,v40c_04543,0.08756259828805923,0.10220244526863098,0.5613855123519897,0.4849325716495514,0.15133513510227203,0.8505042791366577,1.0,0.14553500711917877,0.007883131504058838
1872,nframe_07458,v40c_04544,0.0854644849896431,0.1016765907406807,0.5505591034889221,0.485056072473526,0.15139950811862946,0.8506447076797485,1.0,0.14561927318572998,0.00937120895832777
1873,nframe_07459,v40c_04544,0.0854644849896431,0.1016765907406807,0.5505591034889221,0.48642367124557495,0.1485672891139984,0.8446687459945679,1.0,0.14551199972629547,0.0072609493508934975
1874,nframe_07460,v40c_04545,0.08237078785896301,0.10142116993665695,0.5356035828590393,0.491738498210907,0.1501513421535492,0.846531093120575,1.0,0.1455903947353363,0.009197783656418324
1875,nframe_07461,v40c_04546,0.08308149874210358,0.10188958048820496,0.5378692746162415,0.49285888671875,0.1500764936208725,0.846528172492981,1.0,0.1455945372581482,0.009259150363504887
1876,nframe_07462,v40c_04547,0.0841735452413559,0.10276917368173599,0.543122410774231,0.5016186833381653,0.15237374603748322,0.8500999212265015,1.0,0.14549896121025085,0.006618724670261145
1877,nframe_07463,v40c_04547,0.0841735452413559,0.10276917368173599,0.543122410774231,0.49798086285591125,0.15520203113555908,0.8550770878791809,1.0,0.14544078707695007,0.005845759995281696
1878,nframe_07464,v40c_04548,0.08521420508623123,0.10368583351373672,0.5474246740341187,0.5025613307952881,0.15638098120689392,0.858047604560852,1.0,0.1455850601196289,0.008002327755093575
1879,nframe_07465,v40c_04549,0.08616316318511963,0.10432825982570648,0.5512291193008423,0.4995274841785431,0.15667103230953217,0.8582924604415894,1.0,0.14548814296722412,0.005625622346997261
1880,nframe_07466,v40c_04549,0.08616316318511963,0.10432825982570648,0.5512291193008423,0.5007241368293762,0.15746398270130157,0.8597685098648071,1.0,0.14561505615711212,0.009410135447978973
1881,nframe_07467,v40c_04550,0.08903047442436218,0.10709016025066376,0.5630418658256531,0.49422842264175415,0.1563085913658142,0.858252227306366,1.0,0.14544622600078583,0.007151946425437927
1882,nframe_07468,v40c_04551,0.08836289495229721,0.10700789093971252,0.5592899322509766,0.4911116659641266,0.15556594729423523,0.8567346334457397,1.0,0.14552374184131622,0.007714347448199987
1883,nframe_07469,v40c_04552,0.08855897933244705,0.10812483727931976,0.558539867401123,0.48820042610168457,0.15386182069778442,0.8538033366203308,1.0,0.14552563428878784,0.007768054958432913
1884,nframe_07470,v40c_04553,0.08857732266187668,0.1093221977353096,0.5568164587020874,0.48343801498413086,0.1486736387014389,0.8451967239379883,1.0,0.14550010859966278,0.008152231574058533
1885,nframe_07471,v40c_04554,0.08669132739305496,0.11007634550333023,0.5452384948730469,0.48135387897491455,0.14886429905891418,0.8460749387741089,1.0,0.1455671638250351,0.008741039782762527
1886,nframe_07472,v40c_04554,0.08736716210842133,0.11215100437402725,0.5462948083877563,0.487076997756958,0.15379507839679718,0.8535463213920593,1.0,0.1457696259021759,0.010723834857344627
1887,nframe_07473,v40c_04555,0.0958077609539032,0.12170498073101044,0.5735632181167603,0.4855792820453644,0.15485210716724396,0.8561831712722778,1.0,0.14568659663200378,0.01008325070142746
1888,nframe_07474,v40c_04556,0.09758903086185455,0.12401753664016724,0.5789101719856262,0.4799448251724243,0.154676616191864,0.8571565747261047,1.0,0.14559999108314514,0.008886911906301975
1889,nframe_07475,v40c_04557,0.09776045382022858,0.12414198368787766,0.5806640386581421,0.47816193103790283,0.15431371331214905,0.8569720983505249,1.0,0.1456623077392578,0.010835157707333565
1890,nframe_07476,v40c_04558,0.09809163212776184,0.12334565818309784,0.5830680131912231,0.4724012315273285,0.1547168642282486,0.8567788004875183,1.0,0.14559410512447357,0.009450899437069893
1891,nframe_07477,v40c_04556,0.0970994308590889,0.12286735326051712,0.5807337164878845,0.47029003500938416,0.15302598476409912,0.854507565498352,1.0,0.14567553997039795,0.010336298495531082
1892,nframe_07478,v40c_04556,0.0968201607465744,0.12333539873361588,0.5796369314193726,0.469011515378952,0.15053369104862213,0.8492730855941772,1.0,0.14583516120910645,0.011760481633245945
1893,nframe_07479,v40c_04556,0.09782484173774719,0.12552857398986816,0.5814181566238403,0.46833959221839905,0.15319132804870605,0.8531718254089355,1.0,0.14583629369735718,0.012112862430512905
1894,nframe_07480,v40c_04559,0.09725027531385422,0.1246136873960495,0.5764183402061462,0.4678179621696472,0.15385380387306213,0.8553325533866882,1.0,0.1459125429391861,0.013091539964079857
1895,nframe_07481,v40c_04559,0.09729985892772675,0.12407240271568298,0.5738414525985718,0.4696766138076782,0.15377405285835266,0.8550489544868469,1.0,0.14573124051094055,0.011428163386881351
1896,nframe_07482,v40c_04560,0.09690248221158981,0.1230812594294548,0.5715278387069702,0.46868306398391724,0.1538405418395996,0.8552495241165161,1.0,0.14594246447086334,0.013084600679576397
1897,nframe_07483,v40c_04561,0.09915477782487869,0.12403234094381332,0.5773276090621948,0.4689188599586487,0.15212920308113098,0.8526653051376343,1.0,0.1463901698589325,0.017160115763545036
1898,nframe_07484,v40c_04562,0.09348909556865692,0.12161127477884293,0.5631530284881592,0.47292616963386536,0.1503598541021347,0.8494275808334351,1.0,0.14582377672195435,0.011591052636504173
1899,nframe_07485,v40c_04563,0.09615132957696915,0.12138039618730545,0.5747696757316589,0.47550901770591736,0.1550550013780594,0.8576318621635437,1.0,0.1458665281534195,0.012307872995734215
1900,nframe_07486,v40c_04564,0.09438157081604004,0.11673055589199066,0.5732992887496948,0.47826531529426575,0.1561819463968277,0.8608706593513489,1.0,0.14581115543842316,0.011854084208607674
1901,nframe_07487,v40c_04565,0.09678129106760025,0.11632946878671646,0.5835486054420471,0.4682644009590149,0.1531548798084259,0.8561849594116211,1.0,0.1458410918712616,0.010898390784859657
1902,nframe_07488,v40c_04566,0.10012879967689514,0.11698411405086517,0.5981422066688538,0.47025519609451294,0.15404602885246277,0.8565212488174438,1.0,0.14625975489616394,0.01650926284492016
1903,nframe_07489,v40c_04567,0.09889756888151169,0.11865808069705963,0.5935927629470825,0.47080573439598083,0.15254947543144226,0.853611946105957,1.0,0.14652834832668304,0.01844015344977379
1904,nframe_07490,v40c_04568,0.09740420430898666,0.12238162010908127,0.5867533087730408,0.46749430894851685,0.15221397578716278,0.8531309962272644,1.0,0.14657506346702576,0.018498782068490982
1905,nframe_07491,v40c_04569,0.0940677672624588,0.12067416310310364,0.576547384262085,0.47600415349006653,0.15593519806861877,0.8594050407409668,1.0,0.1464136242866516,0.017120979726314545
1906,nframe_07492,v40c_04570,0.10571525990962982,0.12323986738920212,0.611298680305481,0.47638529539108276,0.15777510404586792,0.861199676990509,1.0,0.14594651758670807,0.011720770038664341
1907,nframe_07493,v40c_04571,0.11126258969306946,0.12290674448013306,0.6304090619087219,0.464210569858551,0.15503914654254913,0.8584319949150085,1.0,0.14627718925476074,0.014895552769303322
1908,nframe_07494,v40c_04572,0.1178256943821907,0.12888072431087494,0.651679515838623,0.4609835147857666,0.15532082319259644,0.8584510684013367,1.0,0.14625665545463562,0.015869956463575363
1909,nframe_07495,v40c_04573,0.11792777478694916,0.12868830561637878,0.6516846418380737,0.46061399579048157,0.15774297714233398,0.8608729243278503,1.0,0.14603133499622345,0.013970591127872467
1910,nframe_07496,v40c_04574,0.11648745834827423,0.12731601297855377,0.6475409269332886,0.46019071340560913,0.15788546204566956,0.8610090017318726,1.0,0.1461186558008194,0.014906411990523338
1911,nframe_07497,v40c_04575,0.11550350487232208,0.12714886665344238,0.6452292799949646,0.4540388286113739,0.1561596840620041,0.856192409992218,1.0,0.1460384577512741,0.013884480111300945
1912,nframe_07498,v40c_04576,0.1150161549448967,0.1271575540304184,0.6428362131118774,0.4562711715698242,0.15802156925201416,0.8592777252197266,1.0,0.1462922990322113,0.017769189551472664
1913,nframe_07499,v40c_04577,0.11531214416027069,0.12786120176315308,0.6443310976028442,0.4595148265361786,0.15920937061309814,0.8610180616378784,1.0,0.1462818682193756,0.017692673951387405
1914,nframe_07500,v40c_04578,0.11695242673158646,0.12913267314434052,0.6489446759223938,0.4598257839679718,0.16126728057861328,0.8635122179985046,1.0,0.14658290147781372,0.01856488548219204
1915,nframe_07501,v40c_04579,0.1184987798333168,0.12964598834514618,0.6539612412452698,0.46127164363861084,0.1642962396144867,0.8692339658737183,1.0,0.14629869163036346,0.017000168561935425
1916,nframe_07502,v40c_04580,0.1196976751089096,0.13033708930015564,0.6578782200813293,0.4613938629627228,0.16539597511291504,0.8720276951789856,1.0,0.1463339775800705,0.01731036975979805
1917,nframe_07503,v40c_04581,0.12199318408966064,0.13080580532550812,0.6616988778114319,0.4578382968902588,0.16503188014030457,0.8702088594436646,1.0,0.14652635157108307,0.01925031840801239
1918,nframe_07504,v40c_04582,0.12313597649335861,0.13283143937587738,0.6635121703147888,0.46038907766342163,0.1636652946472168,0.8672275543212891,1.0,0.1465526521205902,0.018097499385476112
1919,nframe_07505,v40c_04583,0.12093227356672287,0.1339574158191681,0.6598825454711914,0.45917627215385437,0.16244842112064362,0.8670818209648132,1.0,0.14650802314281464,0.018106970936059952
1920,nframe_07506,v40c_04584,0.12039711326360703,0.13328029215335846,0.6566192507743835,0.46237677335739136,0.16566041111946106,0.8727205395698547,1.0,0.14665836095809937,0.02019810490310192
1921,nframe_07507,v40c_04585,0.11922717094421387,0.13450361788272858,0.6511309742927551,0.45959529280662537,0.16219499707221985,0.8676301836967468,1.0,0.14674034714698792,0.023656535893678665
1922,nframe_07508,v40c_04585,0.11922717094421387,0.13450361788272858,0.6511309742927551,0.46267515420913696,0.16022567451000214,0.8611724972724915,1.0,0.1467425376176834,0.022064071148633957
1923,nframe_07509,v40c_04586,0.1183905377984047,0.13364307582378387,0.648637592792511,0.4623472988605499,0.15936273336410522,0.8586257696151733,1.0,0.1472192108631134,0.025301024317741394
1924,nframe_07510,v40c_04587,0.1167365238070488,0.1344403475522995,0.6434635519981384,0.4611440598964691,0.15909932553768158,0.8573325872421265,1.0,0.1471102386713028,0.02446678653359413
1925,nframe_07511,v40c_04587,0.1167365238070488,0.1344403475522995,0.6434635519981384,0.4702170193195343,0.1602054387331009,0.8590041995048523,1.0,0.14720572531223297,0.02694588340818882
1926,nframe_07512,v40c_04588,0.11628714948892593,0.13449369370937347,0.6416527032852173,0.4723769426345825,0.16184303164482117,0.8623940348625183,1.0,0.14724840223789215,0.024630773812532425
1927,nframe_07513,v40c_04589,0.11619146168231964,0.134535551071167,0.6396747827529907,0.4732206165790558,0.1620829999446869,0.8623336553573608,1.0,0.14739012718200684,0.027360200881958008
1928,nframe_07514,v40c_04590,0.1134517565369606,0.13469679653644562,0.6282774806022644,0.46969980001449585,0.1609663963317871,0.8607664108276367,1.0,0.14705348014831543,0.025265777483582497
1929,nframe_07515,v40c_04591,0.11155351996421814,0.1342838555574417,0.6228647828102112,0.47070029377937317,0.1609942466020584,0.8599432110786438,1.0,0.14708949625492096,0.024400178343057632
1930,nframe_07516,v40c_04591,0.11155351996421814,0.1342838555574417,0.6228647828102112,0.47159165143966675,0.16124401986598969,0.8587113618850708,1.0,0.1469903290271759,0.02281806990504265
1931,nframe_07517,v40c_04592,0.11334840953350067,0.13742376863956451,0.6220285296440125,0.470088392496109,0.16074644029140472,0.8564200401306152,1.0,0.14713118970394135,0.023917797952890396
1932,nframe_07518,v40c_04593,0.11195973306894302,0.1348830759525299,0.6175604462623596,0.47054529190063477,0.1623530238866806,0.8587993383407593,1.0,0.14677175879478455,0.020849451422691345
1933,nframe_07519,v40c_04594,0.11273625493049622,0.13566525280475616,0.6165991425514221,0.4663854241371155,0.16166262328624725,0.8583304286003113,1.0,0.1466597318649292,0.020901242271065712
1934,nframe_07520,v40c_04594,0.11260338872671127,0.13520635664463043,0.6146837472915649,0.4611055254936218,0.16040846705436707,0.8557215929031372,1.0,0.14677195250988007,0.022924348711967468
1935,nframe_07521,v40c_04595,0.11303865909576416,0.13705065846443176,0.6138700246810913,0.460470974445343,0.1604154109954834,0.8562672734260559,1.0,0.14631269872188568,0.017928460612893105
1936,nframe_07522,v40c_04596,0.10989554971456528,0.13380607962608337,0.6062831878662109,0.46057042479515076,0.15723282098770142,0.8507295846939087,1.0,0.14602112770080566,0.013858906924724579
1937,nframe_07523,v40c_04597,0.10778450965881348,0.13035215437412262,0.5991564393043518,0.45981189608573914,0.15590272843837738,0.8451228141784668,1.0,0.14583081007003784,0.01105743832886219
1938,nframe_07524,v40c_04598,0.10472419857978821,0.1272515505552292,0.5874767303466797,0.46092844009399414,0.15478792786598206,0.8420804142951965,1.0,0.1459445208311081,0.012789350934326649
1939,nframe_07525,v40c_04599,0.10305903106927872,0.12659451365470886,0.5811926126480103,0.46560975909233093,0.15498986840248108,0.8412869572639465,1.0,0.14623530209064484,0.015416108071804047
1940,nframe_07526,v40c_04600,0.10317357629537582,0.127933531999588,0.5783777832984924,0.4633784890174866,0.1547272652387619,0.8406095504760742,1.0,0.1463921219110489,0.01576986536383629
1941,nframe_07527,v40c_04601,0.10193983465433121,0.12959764897823334,0.5717605352401733,0.4645712077617645,0.15588758885860443,0.8385380506515503,1.0,0.1464315503835678,0.016389017924666405
1942,nframe_07528,v40c_04602,0.10233113914728165,0.13046309351921082,0.5733582377433777,0.4664744734764099,0.1556146889925003,0.8343374133110046,1.0,0.14616672694683075,0.013445052318274975
1943,nframe_07529,v40c_04603,0.10504219681024551,0.13173043727874756,0.582651674747467,0.47199514508247375,0.1560067981481552,0.8338046073913574,1.0,0.1463533639907837,0.015949252992868423
1944,nframe_07530,v40c_04604,0.10625190287828445,0.1314484179019928,0.5869573354721069,0.4707745611667633,0.1556682139635086,0.8323987126350403,1.0,0.14635756611824036,0.014381341636180878
1945,nframe_07531,v40c_04605,0.1074395626783371,0.13222049176692963,0.5908096432685852,0.4679252803325653,0.15411092340946198,0.8295739889144897,1.0,0.1464453935623169,0.017619818449020386
1946,nframe_07532,v40c_04606,0.10809191316366196,0.1312752217054367,0.5965946316719055,0.4686627686023712,0.15399788320064545,0.8291988372802734,1.0,0.14602886140346527,0.01364954374730587
1947,nframe_07533,v40c_04606,0.10809191316366196,0.1312752217054367,0.5965946316719055,0.46531370282173157,0.15141743421554565,0.8229401707649231,1.0,0.14603979885578156,0.012611116282641888
1948,nframe_07534,v40c_04607,0.10892096906900406,0.13164030015468597,0.5995424389839172,0.46250560879707336,0.153191477060318,0.8263436555862427,1.0,0.14618909358978271,0.014414168894290924
1949,nframe_07535,v40c_04608,0.10963217914104462,0.1322626769542694,0.6016996502876282,0.4636189043521881,0.15312428772449493,0.8259458541870117,1.0,0.1460833102464676,0.01386348344385624
1950,nframe_07536,v40c_04609,0.10998846590518951,0.13262642920017242,0.6032687425613403,0.45645442605018616,0.1513155996799469,0.8247972726821899,1.0,0.14623889327049255,0.015377347357571125
1951,nframe_07537,v40c_04610,0.1102684810757637,0.1327534168958664,0.6044496893882751,0.45333409309387207,0.1514022946357727,0.8261700868606567,1.0,0.14612160623073578,0.015616558492183685
1952,nframe_07538,v40c_04611,0.11012006551027298,0.13199734687805176,0.6030386686325073,0.4511863887310028,0.15153580904006958,0.8274232745170593,1.0,0.14624615013599396,0.015787433832883835
1953,nframe_07539,v40c_04612,0.10975392162799835,0.12971574068069458,0.6050405502319336,0.44890838861465454,0.1502094715833664,0.8234062194824219,1.0,0.14640599489212036,0.016766363754868507
1954,nframe_07540,v40c_04613,0.10849863290786743,0.12996289134025574,0.5992278456687927,0.44635456800460815,0.14360590279102325,0.8109663724899292,1.0,0.146391823887825,0.017251187935471535
1955,nframe_07541,v40c_04613,0.10849863290786743,0.12996289134025574,0.5992278456687927,0.44447171688079834,0.14095212519168854,0.804824709892273,1.0,0.1462845355272293,0.01582370139658451
1956,nframe_07542,v40c_04614,0.10900846123695374,0.13085685670375824,0.6029837727546692,0.4476218521595001,0.14093303680419922,0.7997609376907349,1.0,0.14627130329608917,0.016321102157235146
1957,nframe_07543,v40c_04615,0.11016957461833954,0.1310497671365738,0.6089386343955994,0.44911128282546997,0.14239752292633057,0.801766574382782,1.0,0.14631806313991547,0.01659489795565605
1958,nframe_07544,v40c_04616,0.10981389135122299,0.13019154965877533,0.6122342944145203,0.4493701457977295,0.14095953106880188,0.7961790561676025,1.0,0.14613834023475647,0.01429692842066288
1959,nframe_07545,v40c_04617,0.10894609242677689,0.12824085354804993,0.6106491088867188,0.44983553886413574,0.1374223679304123,0.7886639833450317,1.0,0.14605307579040527,0.01279100775718689
1960,nframe_07546,v40c_04617,0.10894609242677689,0.12824085354804993,0.6106491088867188,0.44868484139442444,0.13530558347702026,0.7813183069229126,1.0,0.14596712589263916,0.011485203169286251
1961,nframe_07547,v40c_04618,0.10752248764038086,0.12537923455238342,0.6071988344192505,0.4472464621067047,0.13048553466796875,0.7718360424041748,1.0,0.14586715400218964,0.011647181585431099
1962,nframe_07548,v40c_04619,0.1049230694770813,0.12052293121814728,0.5975297093391418,0.4491855204105377,0.1245112493634224,0.7607148885726929,1.0,0.14575713872909546,0.011344658210873604
1963,nframe_07549,v40c_04620,0.10395344346761703,0.11971835792064667,0.594191312789917,0.4586111605167389,0.12274765223264694,0.75733482837677,1.0,0.14567503333091736,0.00963086448609829
1964,nframe_07550,v40c_04621,0.10476905852556229,0.11996857076883316,0.5966641306877136,0.46689915657043457,0.12121382355690002,0.7511593103408813,1.0,0.14565207064151764,0.009329218417406082
1965,nframe_07551,v40c_04622,0.10519082844257355,0.12118850648403168,0.5976797342300415,0.470988005399704,0.12122402340173721,0.7507052421569824,1.0,0.14570707082748413,0.009030105546116829
1966,nframe_07616,v40c_04649,0.10040031373500824,0.0996960997581482,0.6105011701583862,0.48230311274528503,0.13119204342365265,0.7986730933189392,1.0,0.1457175463438034,0.01025339774787426
1967,nframe_07617,v40c_04650,0.10259155184030533,0.10058942437171936,0.619304358959198,0.48092514276504517,0.13175489008426666,0.8020976185798645,1.0,0.145740807056427,0.01031973771750927
1968,nframe_07618,v40c_04651,0.10416433215141296,0.10143477469682693,0.6245654821395874,0.4830794930458069,0.13302360475063324,0.8034437894821167,1.0,0.14582817256450653,0.011446692049503326
1969,nframe_07619,v40c_04652,0.10756245255470276,0.10152120888233185,0.6360247135162354,0.4829561710357666,0.13337285816669464,0.8050980567932129,1.0,0.14574897289276123,0.009921896271407604
1970,nframe_07620,v40c_04653,0.1084647998213768,0.10131734609603882,0.6389580965042114,0.48241177201271057,0.1323828101158142,0.8037852048873901,1.0,0.14586669206619263,0.01105415541678667
1971,nframe_07621,v40c_04654,0.1114283874630928,0.10775330662727356,0.6461523175239563,0.47908297181129456,0.13332350552082062,0.8079143762588501,1.0,0.14577597379684448,0.01015501283109188
1972,nframe_07623,v40c_04655,0.11291425675153732,0.10849352926015854,0.6456901431083679,0.48660707473754883,0.13570313155651093,0.8144869804382324,1.0,0.14551346004009247,0.008441791869699955
1973,nframe_07624,v40c_04656,0.1144232451915741,0.10967228561639786,0.6461892127990723,0.4826338589191437,0.13713964819908142,0.817940354347229,1.0,0.14555005729198456,0.007665076293051243
1974,nframe_07625,v40c_04656,0.11617179960012436,0.11028293520212173,0.6452621221542358,0.4842733144760132,0.13757148385047913,0.8195125460624695,1.0,0.14561103284358978,0.0083825858309865
1975,nframe_07626,v40c_04657,0.11701608449220657,0.10994493961334229,0.6420575976371765,0.4894017279148102,0.13715654611587524,0.82072913646698,1.0,0.1455371081829071,0.00797830056399107
1976,nframe_07627,v40c_04658,0.11935075372457504,0.10958641767501831,0.6397401094436646,0.49240928888320923,0.13579970598220825,0.8178130984306335,1.0,0.14553217589855194,0.007304538041353226
1977,nframe_07628,v40c_04658,0.12066308408975601,0.10938134789466858,0.6428171992301941,0.4907008111476898,0.1350768506526947,0.8158146142959595,1.0,0.14558149874210358,0.006990479771047831
1978,nframe_07629,v40c_04658,0.1237042173743248,0.10994524508714676,0.6501457691192627,0.4978010356426239,0.1346885859966278,0.8143905401229858,1.0,0.14559216797351837,0.007708127144724131
1979,nframe_07630,v40c_04658,0.12802192568778992,0.11046379059553146,0.6617406606674194,0.4935527741909027,0.13555113971233368,0.816363513469696,1.0,0.1454831212759018,0.006771842483431101
1980,nframe_07631,v40c_04659,0.13196542859077454,0.11162934452295303,0.6720011830329895,0.49402374029159546,0.13594555854797363,0.8171392679214478,1.0,0.14569638669490814,0.007479614112526178
1981,nframe_07632,v40c_04659,0.1350858360528946,0.11116378009319305,0.6792029142379761,0.49511629343032837,0.1357877105474472,0.8170612454414368,1.0,0.14612819254398346,0.013101418502628803
1982,nframe_07633,v40c_04660,0.14610038697719574,0.12114429473876953,0.7072322964668274,0.497182697057724,0.1368604153394699,0.8194854855537415,1.0,0.1461147665977478,0.014927541837096214
1983,nframe_07634,v40c_04660,0.14610038697719574,0.12114429473876953,0.7072322964668274,0.49508869647979736,0.13761912286281586,0.8204785585403442,1.0,0.14632092416286469,0.01706524007022381
1984,nframe_07635,v40c_04661,0.15425094962120056,0.12903985381126404,0.7280203700065613,0.4925234019756317,0.13813848793506622,0.8217394948005676,1.0,0.14646440744400024,0.018002133816480637
1985,nframe_07636,v40c_04662,0.15520620346069336,0.1293807476758957,0.7319101095199585,0.4942616820335388,0.13826030492782593,0.8223093152046204,1.0,0.14632658660411835,0.017012447118759155
1986,nframe_07637,v40c_04663,0.15522626042366028,0.12901927530765533,0.7341569662094116,0.4930911362171173,0.13762640953063965,0.8203909993171692,1.0,0.14608590304851532,0.014453495852649212
1987,nframe_07638,v40c_04663,0.15516795217990875,0.12901028990745544,0.736426055431366,0.4923061430454254,0.13679790496826172,0.8178534507751465,1.0,0.1462056040763855,0.014341321773827076
1988,nframe_07639,v40c_04664,0.15532228350639343,0.1308193802833557,0.7370079755783081,0.4949166476726532,0.1364983320236206,0.8171288371086121,1.0,0.14599601924419403,0.01449514739215374
1989,nframe_07640,v40c_04663,0.1539507508277893,0.1296803504228592,0.7339569926261902,0.4993463158607483,0.13596723973751068,0.8150115013122559,1.0,0.1458486020565033,0.012137256562709808
1990,nframe_07641,v40c_04665,0.15295147895812988,0.12953007221221924,0.7309786081314087,0.501105546951294,0.1375446915626526,0.8176844716072083,1.0,0.14577588438987732,0.011737165972590446
1991,nframe_07642,v40c_04666,0.1541530042886734,0.12808091938495636,0.7325224280357361,0.5041150450706482,0.13782918453216553,0.8182477951049805,1.0,0.14573577046394348,0.010210305452346802
1992,nframe_07643,v40c_04667,0.15432904660701752,0.12749288976192474,0.7339557409286499,0.50216144323349,0.1395082324743271,0.8215751647949219,1.0,0.14572957158088684,0.010390987619757652
1993,nframe_07644,v40c_04668,0.15121589601039886,0.12986384332180023,0.73279869556427,0.4965915381908417,0.13865043222904205,0.8204373121261597,1.0,0.14591535925865173,0.011897667311131954
1994,nframe_07645,v40c_04669,0.14971840381622314,0.13223330676555634,0.7314968109130859,0.49668917059898376,0.13918770849704742,0.8217754364013672,1.0,0.145651176571846,0.008730627596378326
1995,nframe_07646,v40c_04670,0.14829769730567932,0.13215886056423187,0.7290135622024536,0.5003309845924377,0.14156784117221832,0.8261791467666626,1.0,0.14566220343112946,0.009807197377085686
1996,nframe_07647,v40c_04671,0.14317980408668518,0.1291494518518448,0.7186455726623535,0.5022553205490112,0.14141318202018738,0.82600337266922,1.0,0.1456025093793869,0.00730771292001009
1997,nframe_07648,v40c_04671,0.14317980408668518,0.1291494518518448,0.7186455726623535,0.5023781657218933,0.14175941050052643,0.8273186683654785,1.0,0.14592044055461884,0.012327434495091438
1998,nframe_07649,v40c_04672,0.14228098094463348,0.1283460110425949,0.7161058783531189,0.5038933753967285,0.1417647749185562,0.8269748687744141,1.0,0.1457993984222412,0.011750229634344578
1999,nframe_07650,v40c_04673,0.13927756249904633,0.12754565477371216,0.7103465795516968,0.5058965682983398,0.14377135038375854,0.8306206464767456,1.0,0.14569395780563354,0.00946977362036705
2000,nframe_07651,v40c_04674,0.13447700440883636,0.12327273190021515,0.7004877328872681,0.5080937147140503,0.14456215500831604,0.831924319267273,1.0,0.1456431746482849,0.009910193271934986
2001,nframe_07652,v40c_04675,0.12390834093093872,0.1172102764248848,0.6762247681617737,0.5119707584381104,0.14573374390602112,0.8346875309944153,1.0,0.1456841230392456,0.010796325281262398
2002,nframe_07653,v40c_04676,0.11781910061836243,0.11130399256944656,0.6603729724884033,0.5156261324882507,0.14749054610729218,0.8369489908218384,1.0,0.14552848041057587,0.008467084728181362
2003,nframe_07654,v40c_04677,0.1090439110994339,0.10051491111516953,0.636047899723053,0.5179764628410339,0.14693889021873474,0.8354002833366394,1.0,0.14547306299209595,0.006477349903434515
2004,nframe_07655,v40c_04677,0.1090439110994339,0.10051491111516953,0.636047899723053,0.5211919546127319,0.14793823659420013,0.836951732635498,1.0,0.1457657665014267,0.009247861802577972
2005,nframe_07656,v40c_04678,0.10592542588710785,0.09996522963047028,0.6250663995742798,0.5237765908241272,0.14902877807617188,0.8379415273666382,1.0,0.1458771526813507,0.009661591611802578
2006,nframe_07657,v40c_04678,0.10592542588710785,0.09996522963047028,0.6250663995742798,0.5237391591072083,0.1500636786222458,0.8392301797866821,1.0,0.14580556750297546,0.008829712867736816
2007,nframe_07658,v40c_04679,0.10370079427957535,0.10001279413700104,0.6178262829780579,0.5236636400222778,0.14991575479507446,0.8377736806869507,1.0,0.14559262990951538,0.007678649388253689
2008,nframe_07659,v40c_04680,0.10197066515684128,0.1024329662322998,0.6142669916152954,0.5222748517990112,0.1495336890220642,0.8389086723327637,1.0,0.14562082290649414,0.008803680539131165
2009,nframe_07660,v40c_04680,0.10158656537532806,0.10417579114437103,0.6132325530052185,0.5202924609184265,0.14976967871189117,0.8396844863891602,1.0,0.14574773609638214,0.009097835049033165
2010,nframe_07661,v40c_04680,0.101654551923275,0.105678990483284,0.6141015887260437,0.5251529216766357,0.15018460154533386,0.839755654335022,1.0,0.14569534361362457,0.007917473092675209
2011,nframe_07662,v40c_04681,0.10429757833480835,0.1023997962474823,0.6185449361801147,0.5248890519142151,0.15185993909835815,0.8430171012878418,1.0,0.1458861380815506,0.010303685441613197
2012,nframe_07663,v40c_04682,0.10650204867124557,0.10131088644266129,0.6198588609695435,0.527214765548706,0.1446632593870163,0.8311678767204285,1.0,0.14561966061592102,0.009442164562642574
2013,nframe_07664,v40c_04683,0.10524802654981613,0.1039530485868454,0.6145493388175964,0.5306021571159363,0.14409412443637848,0.8294359445571899,1.0,0.14537841081619263,0.005488396156579256
2014,nframe_07665,v40c_04684,0.10316091030836105,0.09914282709360123,0.6084030270576477,0.5285519361495972,0.14448796212673187,0.8300952911376953,1.0,0.14543312788009644,0.006632547825574875
2015,nframe_07666,v40c_04685,0.09912377595901489,0.0895497053861618,0.6004070043563843,0.5288515090942383,0.14572913944721222,0.8326330184936523,1.0,0.14546345174312592,0.006859671324491501
2016,nframe_07667,v40c_04686,0.09576734900474548,0.09050348401069641,0.5948953628540039,0.5325363278388977,0.14937755465507507,0.8393006324768066,1.0,0.14540641009807587,0.005767945200204849
2017,nframe_07668,v40c_04687,0.09357573091983795,0.08836497366428375,0.5914306640625,0.5278778672218323,0.1503104567527771,0.8402530550956726,1.0,0.14547647535800934,0.00629389937967062
2018,nframe_07669,v40c_04688,0.09080303460359573,0.09143061935901642,0.5853913426399231,0.5263534784317017,0.14978790283203125,0.8394500613212585,1.0,0.14534342288970947,0.005887060426175594
2019,nframe_07670,v40c_04689,0.08796253055334091,0.08780909329652786,0.5783851146697998,0.5236808657646179,0.1505257934331894,0.8416492342948914,1.0,0.14531256258487701,0.004404530860483646
2020,nframe_07671,v40c_04690,0.0871148407459259,0.08609843999147415,0.5766278505325317,0.530805230140686,0.15239877998828888,0.8439637422561646,1.0,0.1453695446252823,0.005869458895176649
2021,nframe_07672,v40c_04691,0.08614060282707214,0.08795953541994095,0.5736541748046875,0.5330016613006592,0.15363909304141998,0.8452339172363281,1.0,0.14527727663516998,0.0037719227839261293
2022,nframe_07673,v40c_04692,0.08551381528377533,0.08916518837213516,0.5714029669761658,0.5326985120773315,0.15389880537986755,0.8448066711425781,1.0,0.14529111981391907,0.003929048776626587
2023,nframe_07674,v40c_04693,0.08394681662321091,0.08883634209632874,0.566597044467926,0.5382741093635559,0.15396714210510254,0.843967616558075,1.0,0.14524713158607483,0.003985085990279913
2024,nframe_07675,v40c_04694,0.08434363454580307,0.08858660608530045,0.5687045454978943,0.5383501648902893,0.15341858565807343,0.8421498537063599,1.0,0.1452678143978119,0.004112220834940672
2025,nframe_07676,v40c_04695,0.08465491235256195,0.08907178789377213,0.5700745582580566,0.5382720828056335,0.1543634533882141,0.8420114517211914,1.0,0.1451655924320221,0.001126444200053811
2026,nframe_07677,v40c_04696,0.08499440550804138,0.08820857107639313,0.5714694261550903,0.5346527695655823,0.15387970209121704,0.8415817022323608,1.0,0.14519686996936798,0.0022604507394135
2027,nframe_07678,v40c_04696,0.08622491359710693,0.09005392342805862,0.574432373046875,0.5433458089828491,0.1526031792163849,0.8410781025886536,1.0,0.1452002376317978,0.0022778534330427647
2028,nframe_07679,v40c_04696,0.08752705156803131,0.09191864728927612,0.5779629945755005,0.5474368333816528,0.152793288230896,0.8416217565536499,1.0,0.14519521594047546,0.003082599490880966
2029,nframe_07680,v40c_04696,0.08852577209472656,0.09342163801193237,0.580601692199707,0.5460895895957947,0.15044957399368286,0.8388722538948059,1.0,0.1451847106218338,0.0020127238240092993
2030,nframe_07681,v40c_04696,0.08909621089696884,0.09137313067913055,0.5798210501670837,0.5459954738616943,0.15044376254081726,0.8387573957443237,1.0,0.14520040154457092,0.0028408654034137726
2031,nframe_07682,v40c_04697,0.08808469772338867,0.09569303691387177,0.577223002910614,0.5460033416748047,0.15225377678871155,0.840255081653595,1.0,0.14526528120040894,0.003873139154165983
2032,nframe_07683,v40c_04698,0.08895518630743027,0.09901133179664612,0.5804722309112549,0.5451233983039856,0.15276949107646942,0.8416568636894226,1.0,0.14514398574829102,0.0014966187300160527
2033,nframe_07684,v40c_04699,0.09015442430973053,0.10216105729341507,0.5845280885696411,0.5454584956169128,0.15308840572834015,0.8410476446151733,1.0,0.14528527855873108,0.0041923122480511665
2034,nframe_07685,v40c_04700,0.09075243771076202,0.1042562797665596,0.5863690376281738,0.5413273572921753,0.15426835417747498,0.8427262306213379,1.0,0.14522646367549896,0.003474100260064006
2035,nframe_07686,v40c_04701,0.09142709523439407,0.10774587094783783,0.5887464880943298,0.5377134084701538,0.153489351272583,0.843662440776825,1.0,0.14522331953048706,0.0032954816706478596
2036,nframe_07687,v40c_04701,0.09229101985692978,0.10876364260911942,0.5922820568084717,0.541120707988739,0.1541079580783844,0.8446906805038452,1.0,0.14529508352279663,0.0034357947297394276
2037,nframe_07688,v40c_04701,0.0928727239370346,0.10881319642066956,0.594025194644928,0.5426279306411743,0.15184786915779114,0.8421469926834106,1.0,0.1451905518770218,0.00273269135504961
2038,nframe_07689,v40c_04702,0.09284800291061401,0.10872652381658554,0.5938931703567505,0.5439215302467346,0.1538158655166626,0.8450133204460144,1.0,0.1452905386686325,0.004868402611464262
2039,nframe_07690,v40c_04703,0.09672442078590393,0.10867118835449219,0.6077532768249512,0.5472567677497864,0.15639156103134155,0.8483861684799194,1.0,0.1452479064464569,0.0032092079054564238
2040,nframe_07691,v40c_04704,0.09879299998283386,0.11117267608642578,0.6137517690658569,0.545604407787323,0.15042465925216675,0.8404213190078735,1.0,0.1457255780696869,0.007579499389976263
2041,nframe_07692,v40c_04704,0.10080398619174957,0.11571016907691956,0.6187377572059631,0.5465148091316223,0.14867381751537323,0.8371232748031616,1.0,0.1456981748342514,0.007811103016138077
2042,nframe_07693,v40c_04704,0.10284177213907242,0.1177516058087349,0.6245787739753723,0.5448771119117737,0.15106256306171417,0.8404943346977234,1.0,0.14580561220645905,0.009860445745289326
2043,nframe_07694,v40c_04705,0.10357823967933655,0.11783674359321594,0.6269212961196899,0.5454780459403992,0.15046049654483795,0.839805006980896,1.0,0.14577235281467438,0.00892163347452879
2044,nframe_07695,v40c_04706,0.10465753823518753,0.11944423615932465,0.6294635534286499,0.5413942337036133,0.15107369422912598,0.8409735560417175,1.0,0.14591871201992035,0.011286117136478424
2045,nframe_07696,v40c_04707,0.10537613183259964,0.11880635470151901,0.6326499581336975,0.5402886271476746,0.1515185534954071,0.8416396379470825,1.0,0.14577311277389526,0.01049875095486641
2046,nframe_07697,v40c_04708,0.10408847779035568,0.11751257628202438,0.6282433271408081,0.5399129390716553,0.15280139446258545,0.8438841104507446,1.0,0.14576226472854614,0.009552357718348503
2047,nframe_07698,v40c_04709,0.10247288644313812,0.11145339906215668,0.6266206502914429,0.5415887832641602,0.1556435525417328,0.8479827046394348,1.0,0.14580531418323517,0.010183414444327354
2048,nframe_07699,v40c_04709,0.10247288644313812,0.11145339906215668,0.6266206502914429,0.5381418466567993,0.15633879601955414,0.8508682250976562,1.0,0.1455974578857422,0.007276167161762714
2049,nframe_07700,v40c_04710,0.09980084747076035,0.11126013100147247,0.6176062822341919,0.5351384878158569,0.1564692258834839,0.8518826365470886,1.0,0.1456829309463501,0.008874115534126759
2050,nframe_07701,v40c_04711,0.09842585027217865,0.10717657953500748,0.615903377532959,0.5273026823997498,0.156661257147789,0.8553670644760132,1.0,0.14564214646816254,0.008035325445234776
2051,nframe_07702,v40c_04712,0.09887789934873581,0.10466320812702179,0.6184715628623962,0.5304012894630432,0.15674036741256714,0.8553954362869263,1.0,0.14581525325775146,0.009770001284778118
2052,nframe_07703,v40c_04713,0.09896307438611984,0.10703936964273453,0.6189204454421997,0.5274968147277832,0.15810473263263702,0.8576068878173828,1.0,0.14568862318992615,0.009247075766324997
2053,nframe_07704,v40c_04714,0.09869883954524994,0.10861541330814362,0.6186615228652954,0.5311578512191772,0.15963518619537354,0.8605068922042847,1.0,0.14574724435806274,0.0095517598092556
2054,nframe_07705,v40c_04715,0.09824752807617188,0.10693563520908356,0.617835521697998,0.5326993465423584,0.16118083894252777,0.8617888689041138,1.0,0.1457468569278717,0.010351575911045074
2055,nframe_07706,v40c_04716,0.10015131533145905,0.10953376442193985,0.6233404278755188,0.5348763465881348,0.158256396651268,0.8582029342651367,1.0,0.14573262631893158,0.009822722524404526
2056,nframe_07707,v40c_04717,0.10186579823493958,0.1072910875082016,0.6271116137504578,0.5356511473655701,0.1548549085855484,0.853213906288147,1.0,0.14572830498218536,0.009934775531291962
2057,nframe_07708,v40c_04718,0.10168011486530304,0.10591065883636475,0.6257340908050537,0.5388551354408264,0.15450899302959442,0.851852297782898,1.0,0.14570783078670502,0.008821619674563408
2058,nframe_07709,v40c_04719,0.10073855519294739,0.10438287258148193,0.6213528513908386,0.5437436699867249,0.1552034616470337,0.8517478108406067,1.0,0.14562255144119263,0.007871423847973347
2059,nframe_07710,v40c_04720,0.10019011795520782,0.10246869921684265,0.6187880635261536,0.5469294786453247,0.15664462745189667,0.8533903360366821,1.0,0.14552177488803864,0.006675616838037968
2060,nframe_07711,v40c_04721,0.09901625663042068,0.0969233438372612,0.6146684885025024,0.5499671101570129,0.15830197930335999,0.8557327389717102,1.0,0.14548853039741516,0.00640740105882287
2061,nframe_07712,v40c_04722,0.09922759979963303,0.09740740805864334,0.6142702698707581,0.5474149584770203,0.16279107332229614,0.8615520596504211,1.0,0.14524681866168976,0.004022483713924885
2062,nframe_07713,v40c_04723,0.09817103296518326,0.09644199907779694,0.6101289987564087,0.5489639043807983,0.16240306198596954,0.8629691004753113,1.0,0.1452457755804062,0.003780243918299675
2063,nframe_07714,v40c_04724,0.09575945138931274,0.09206606447696686,0.6028677225112915,0.548417329788208,0.16380444169044495,0.8652827143669128,1.0,0.145274817943573,0.00345611828379333
2064,nframe_07715,v40c_04725,0.09487374126911163,0.0966210588812828,0.5972012281417847,0.5466485619544983,0.16532135009765625,0.8680230975151062,1.0,0.1454675793647766,0.005635633133351803
2065,nframe_07716,v40c_04726,0.09384598582983017,0.09756386280059814,0.5939132571220398,0.5523514151573181,0.16248871386051178,0.8638929128646851,1.0,0.145551398396492,0.00809953548014164
2066,nframe_07717,v40c_04727,0.09179086238145828,0.09529166668653488,0.5864708423614502,0.55092853307724,0.15862268209457397,0.8584755659103394,1.0,0.14552325010299683,0.007224176079034805
2067,nframe_07718,v40c_04728,0.0897405669093132,0.09166856855154037,0.5803390741348267,0.5524990558624268,0.16074618697166443,0.8616970777511597,1.0,0.14615333080291748,0.012358811683952808
2068,nframe_07719,v40c_04729,0.08863494545221329,0.09662758558988571,0.5733577013015747,0.5511935949325562,0.16525419056415558,0.8681686520576477,1.0,0.14608009159564972,0.012912598438560963
2069,nframe_07720,v40c_04729,0.08863494545221329,0.09662758558988571,0.5733577013015747,0.5522325038909912,0.1655535250902176,0.8690611720085144,1.0,0.146109938621521,0.013861541636288166
2070,nframe_07721,v40c_04730,0.08696155250072479,0.09569492936134338,0.5693665146827698,0.5501908659934998,0.16596244275569916,0.8709904551506042,1.0,0.1460922360420227,0.014534644782543182
2071,nframe_07722,v40c_04731,0.08700323104858398,0.09689898788928986,0.5710743069648743,0.5507005453109741,0.1650337427854538,0.8708686828613281,1.0,0.1458883136510849,0.011706994846463203
2072,nframe_07723,v40c_04732,0.08405178040266037,0.08963316679000854,0.5684663653373718,0.5520930886268616,0.16816668212413788,0.8714000582695007,1.0,0.14577428996562958,0.010020057670772076
2073,nframe_07724,v40c_04733,0.0810607299208641,0.08324260264635086,0.5589280128479004,0.5467272996902466,0.17289821803569794,0.8791863322257996,1.0,0.14585110545158386,0.010206467472016811
2074,nframe_07725,v40c_04734,0.07974272966384888,0.08621323853731155,0.5540741086006165,0.5426687598228455,0.17217154800891876,0.8804947733879089,1.0,0.14576223492622375,0.00982498936355114
2075,nframe_07726,v40c_04735,0.07985657453536987,0.08638739585876465,0.555164098739624,0.545150876045227,0.1723611056804657,0.8822614550590515,1.0,0.14573997259140015,0.010150766931474209
2076,nframe_07727,v40c_04736,0.08273278921842575,0.08791790902614594,0.5627268552780151,0.5452141165733337,0.16692249476909637,0.8746445775032043,1.0,0.14577768743038177,0.010485081002116203
2077,nframe_07729,v40c_04737,0.0757114589214325,0.08700938522815704,0.5389755964279175,0.5271756052970886,0.1682732105255127,0.8796941041946411,1.0,0.14576826989650726,0.010380234569311142
2078,nframe_07730,v40c_04738,0.07297014445066452,0.09380310773849487,0.5246051549911499,0.5156104564666748,0.16584569215774536,0.8786498308181763,1.0,0.14567194879055023,0.008940677158534527
2079,nframe_07731,v40c_04739,0.07272958010435104,0.09116733074188232,0.5253542065620422,0.5120111107826233,0.16676650941371918,0.8829496502876282,1.0,0.1457604616880417,0.010233977809548378
2080,nframe_07732,v40c_04740,0.07511768490076065,0.09079650789499283,0.5358471274375916,0.512356162071228,0.16828900575637817,0.8842983245849609,1.0,0.14576080441474915,0.010017710737884045
2081,nframe_07733,v40c_04740,0.07511768490076065,0.09079650789499283,0.5358471274375916,0.5124663710594177,0.16643227636814117,0.8806269764900208,1.0,0.14576663076877594,0.01036611758172512
2082,nframe_07734,v40c_04741,0.0826142430305481,0.09726759791374207,0.5632104277610779,0.5082764029502869,0.16201229393482208,0.8718169927597046,1.0,0.14579766988754272,0.011179344728589058
2083,nframe_07735,v40c_04742,0.08676597476005554,0.10313209891319275,0.5753415822982788,0.5122925639152527,0.16173416376113892,0.8706122636795044,1.0,0.1456775963306427,0.008708682842552662
2084,nframe_07736,v40c_04743,0.08985034376382828,0.10911320894956589,0.5832259058952332,0.5264222025871277,0.16627612709999084,0.87224942445755,1.0,0.1453448235988617,0.005791062023490667
2085,nframe_07737,v40c_04744,0.09374158084392548,0.11373506486415863,0.5946458578109741,0.5331208109855652,0.16832087934017181,0.8751834034919739,1.0,0.14552929997444153,0.0076217674650251865
2086,nframe_07738,v40c_04745,0.09634294360876083,0.1178392693400383,0.6016935110092163,0.5390963554382324,0.1687663048505783,0.8746955990791321,1.0,0.14571714401245117,0.007636344525963068
2087,nframe_07739,v40c_04746,0.09675876796245575,0.11920412629842758,0.6040488481521606,0.542462170124054,0.16617809236049652,0.8709884881973267,1.0,0.1456005722284317,0.007780758198350668
2088,nframe_07740,v40c_04747,0.09816017746925354,0.1198204755783081,0.6096426248550415,0.5469201803207397,0.16585798561573029,0.8694698214530945,1.0,0.14563347399234772,0.008581547066569328
2089,nframe_07741,v40c_04748,0.0991804450750351,0.11962860077619553,0.6136764287948608,0.5486993193626404,0.1650288701057434,0.8677652478218079,1.0,0.14559784531593323,0.00765962665900588
2090,nframe_07742,v40c_04749,0.09740839153528214,0.11985747516155243,0.6056978702545166,0.5525128245353699,0.16463343799114227,0.8650869131088257,1.0,0.14545026421546936,0.006337147206068039
2091,nframe_07743,v40c_04750,0.09562000632286072,0.11677815020084381,0.6006083488464355,0.5555147528648376,0.1664087176322937,0.8682209253311157,1.0,0.14529752731323242,0.004583055153489113
2092,nframe_07788,v40c_04763,0.08409770578145981,0.08901771157979965,0.5699008703231812,0.532874345779419,0.15524175763130188,0.8570931553840637,1.0,0.1455479860305786,0.0065345196053385735
2093,nframe_07789,v40c_04763,0.08853572607040405,0.0953679159283638,0.5837635397911072,0.5192543268203735,0.1551685631275177,0.8562152981758118,1.0,0.14563603699207306,0.009409603662788868
2094,nframe_07790,v40c_04763,0.10386350005865097,0.11611621081829071,0.6293018460273743,0.5158580541610718,0.15484915673732758,0.8544319868087769,1.0,0.14553016424179077,0.007020813412964344
2095,nframe_07795,v40c_04768,0.12251482903957367,0.15363271534442902,0.6693693399429321,0.5014608502388,0.15832674503326416,0.8609362840652466,1.0,0.14581041038036346,0.012241881340742111
2096,nframe_07796,v40c_04768,0.11887922137975693,0.15127666294574738,0.6598249673843384,0.4992471933364868,0.1578449010848999,0.8597986102104187,1.0,0.14572249352931976,0.010985570959746838
2097,nframe_07833,v40c_04796,0.054263610392808914,0.05758370831608772,0.4445510804653168,0.5203074812889099,0.16217845678329468,0.873336911201477,1.0,0.14514409005641937,0.0017661910969763994
2098,nframe_07834,v40c_04796,0.05532439425587654,0.06183527410030365,0.4484235644340515,0.5257564187049866,0.16061393916606903,0.8686959147453308,1.0,0.14516930282115936,0.0025772922672331333
2099,nframe_07835,v40c_04796,0.05852648988366127,0.06475858390331268,0.46516290307044983,0.5322465896606445,0.16002343595027924,0.8656798601150513,1.0,0.14516040682792664,0.001744018285535276
2100,nframe_07836,v40c_04796,0.05852648988366127,0.06475858390331268,0.46516290307044983,0.5322464108467102,0.15839402377605438,0.8627030253410339,1.0,0.14516307413578033,0.0023957532830536366
2101,nframe_07837,v40c_04796,0.05937010422348976,0.0670967847108841,0.46817636489868164,0.534424901008606,0.15575873851776123,0.8565565347671509,1.0,0.1451588273048401,0.0016741694416850805
2102,nframe_07838,v40c_04796,0.05977141112089157,0.06780583411455154,0.47051143646240234,0.5403621792793274,0.1599399596452713,0.8631211519241333,1.0,0.14515328407287598,0.002152442466467619
2103,nframe_07839,v40c_04796,0.05889512971043587,0.06346546113491058,0.4690093994140625,0.5444148778915405,0.16349993646144867,0.8672171831130981,1.0,0.14518135786056519,0.0029659552965313196
2104,nframe_07840,v40c_04796,0.05791734531521797,0.06359361857175827,0.4640907347202301,0.5398542284965515,0.16470694541931152,0.8718883395195007,1.0,0.1451316475868225,0.0013062411453574896
2105,nframe_07841,v40c_04796,0.05910257250070572,0.06360529363155365,0.4709588587284088,0.5392553806304932,0.165556862950325,0.8723387718200684,1.0,0.14511938393115997,0.0010305173927918077
2106,nframe_07842,v40c_04796,0.060333289206027985,0.06551782786846161,0.4763668179512024,0.5343308448791504,0.1636144518852234,0.8708027601242065,1.0,0.14511346817016602,0.0009236736223101616
2107,nframe_07843,v40c_04796,0.06342906504869461,0.06978220492601395,0.49062833189964294,0.5324037075042725,0.16300517320632935,0.8698198199272156,1.0,0.14511099457740784,0.0006823219591751695
2108,nframe_07844,v40c_04796,0.06846348941326141,0.07828331738710403,0.5114017724990845,0.5336339473724365,0.16280849277973175,0.8692456483840942,1.0,0.1451391726732254,0.0015465797623619437
2109,nframe_07911,v40c_04843,0.08530930429697037,0.09090842306613922,0.5757979154586792,0.5509028434753418,0.165241539478302,0.8693245053291321,1.0,0.14545369148254395,0.00552223389968276
2110,nframe_07912,v40c_04843,0.08350224792957306,0.0866243988275528,0.5686792135238647,0.5485880970954895,0.1688271015882492,0.8752697110176086,1.0,0.14551958441734314,0.00610712356865406
2111,nframe_07913,v40c_04796,0.08166001737117767,0.08725225180387497,0.5615760087966919,0.5397989749908447,0.16786423325538635,0.8781517744064331,1.0,0.14542976021766663,0.005941607058048248
2112,nframe_07914,v40c_04796,0.08396130055189133,0.09115307033061981,0.5654666423797607,0.5379860401153564,0.17046858370304108,0.8834267854690552,1.0,0.14534059166908264,0.004668195731937885
2113,nframe_07915,v40c_04796,0.08396130055189133,0.09115307033061981,0.5654666423797607,0.5366815328598022,0.17068283259868622,0.8842985033988953,1.0,0.14538127183914185,0.00470056664198637
2114,nframe_07936,v40c_04846,0.07025287300348282,0.07456344366073608,0.5112031102180481,0.541770339012146,0.1641453057527542,0.8670780062675476,1.0,0.1451985090970993,0.002876406069844961
2115,nframe_07937,v40c_04847,0.0689251720905304,0.07230102270841599,0.5045628547668457,0.5510236024856567,0.16816185414791107,0.871743381023407,1.0,0.1451900154352188,0.0023543487768620253
2116,nframe_07938,v40c_04848,0.06464365869760513,0.06056276708841324,0.4882637858390808,0.5523577928543091,0.16858941316604614,0.8715665936470032,1.0,0.14515681564807892,0.001730148447677493
2117,nframe_07939,v40c_04849,0.06341857463121414,0.0581817589700222,0.4844391942024231,0.5471875071525574,0.16771118342876434,0.8730446100234985,1.0,0.14514179527759552,0.001154868514277041
2118,nframe_07940,v40c_04850,0.06214069202542305,0.058159198611974716,0.4804247319698334,0.5379753112792969,0.16579605638980865,0.8725781440734863,1.0,0.14517349004745483,0.002474769251421094
2119,nframe_07941,v40c_04851,0.062094200402498245,0.060279618948698044,0.4792972505092621,0.5400117039680481,0.16833055019378662,0.8771038055419922,1.0,0.14516885578632355,0.002908694790676236
2120,nframe_07942,v40c_04851,0.06358002126216888,0.05986151099205017,0.48737412691116333,0.542412519454956,0.1700049638748169,0.8804734349250793,1.0,0.14511296153068542,0.0010109395952895284
2121,nframe_07943,v40c_04852,0.07075750827789307,0.05890851095318794,0.5178055167198181,0.5377206206321716,0.16216860711574554,0.8679150342941284,1.0,0.1451806128025055,0.002870736178010702
2122,nframe_07944,v40c_04853,0.07515177130699158,0.06774891912937164,0.5379833579063416,0.5366437435150146,0.15853412449359894,0.8586274981498718,1.0,0.14517608284950256,0.002528766868636012
2123,nframe_07945,v40c_04854,0.0768318697810173,0.07135473191738129,0.5445818305015564,0.5435341000556946,0.15949951112270355,0.8621397018432617,1.0,0.1451965570449829,0.0027562472969293594
2124,nframe_07946,v40c_04855,0.076772540807724,0.06764884293079376,0.5449305176734924,0.548338770866394,0.1625152826309204,0.8642209768295288,1.0,0.14517690241336823,0.0026802162174135447
2125,nframe_07947,v40c_04856,0.07669998705387115,0.06887258589267731,0.5452133417129517,0.5432984828948975,0.16437466442584991,0.8676795959472656,1.0,0.145130917429924,0.0012876220280304551
2126,nframe_07948,v40c_04857,0.07795567810535431,0.07470894604921341,0.5491178035736084,0.5363555550575256,0.16450844705104828,0.8688815832138062,1.0,0.145128533244133,0.001353442552499473
2127,nframe_07949,v40c_04857,0.08209562301635742,0.08000878244638443,0.5639148950576782,0.5405157208442688,0.1660538911819458,0.8741499781608582,1.0,0.1453719437122345,0.0032966118305921555
2128,nframe_07950,v40c_04858,0.08972422033548355,0.09518484026193619,0.5882338285446167,0.5406826734542847,0.167677104473114,0.8758969306945801,1.0,0.1453656256198883,0.004386688582599163
2129,nframe_07951,v40c_04859,0.09356731921434402,0.10049910843372345,0.5975163578987122,0.5400086641311646,0.15973687171936035,0.8623673319816589,1.0,0.14535334706306458,0.003899435745552182
2130,nframe_07954,v40c_04860,0.10864506661891937,0.11720534414052963,0.6309762597084045,0.535412073135376,0.15667925775051117,0.8579499125480652,1.0,0.14582261443138123,0.01121298037469387
2131,nframe_07955,v40c_04861,0.11168260127305984,0.12036848813295364,0.6362394094467163,0.5406614542007446,0.15937240421772003,0.8614076375961304,1.0,0.14579354226589203,0.011984524317085743
2132,nframe_07956,v40c_04862,0.11015734821557999,0.11574957519769669,0.6281719207763672,0.5403321981430054,0.16133075952529907,0.8646694421768188,1.0,0.14576786756515503,0.009972939267754555
2133,nframe_07957,v40c_04862,0.11015734821557999,0.11574957519769669,0.6281719207763672,0.5406442880630493,0.16353347897529602,0.8656886219978333,1.0,0.14572113752365112,0.00914203654974699
2134,nframe_07958,v40c_04863,0.10970274358987808,0.11476010084152222,0.6263952255249023,0.54274982213974,0.16560354828834534,0.8692121505737305,1.0,0.14569206535816193,0.008385801687836647
2135,nframe_07959,v40c_04864,0.10582467168569565,0.11039355397224426,0.6177898645401001,0.5408653616905212,0.16953057050704956,0.8747647404670715,1.0,0.1456865817308426,0.00938442163169384
2136,nframe_07960,v40c_04865,0.10500232130289078,0.10760051757097244,0.6172114014625549,0.5362990498542786,0.1679738461971283,0.8748494982719421,1.0,0.14561492204666138,0.009076698683202267
2137,nframe_07961,v40c_04866,0.10324546694755554,0.10524813830852509,0.6139506697654724,0.5381473898887634,0.16583481431007385,0.8727306127548218,1.0,0.14581426978111267,0.010287394747138023
2138,nframe_07962,v40c_04867,0.10168299823999405,0.10440582782030106,0.6115838289260864,0.5369806885719299,0.16691112518310547,0.8734089136123657,1.0,0.1458597034215927,0.012125496752560139
2139,nframe_07963,v40c_04868,0.09245416522026062,0.10007119178771973,0.5865352153778076,0.535107433795929,0.17315587401390076,0.8836793899536133,1.0,0.1457296460866928,0.010723781771957874
2140,nframe_07964,v40c_04868,0.09245416522026062,0.10007119178771973,0.5865352153778076,0.5315633416175842,0.17086857557296753,0.8815221786499023,1.0,0.14569847285747528,0.010304080322384834
2141,nframe_07965,v40c_04869,0.08435339480638504,0.09740198403596878,0.5614414811134338,0.5300843119621277,0.17080704867839813,0.8811389803886414,1.0,0.1455402821302414,0.007771993521600962
2142,nframe_07966,v40c_04870,0.08107540756464005,0.09749240428209305,0.5495753288269043,0.5263901948928833,0.1717059463262558,0.884628176689148,1.0,0.14538010954856873,0.0058967554941773415
2143,nframe_07967,v40c_04871,0.08028320968151093,0.09520796686410904,0.5476719737052917,0.527585506439209,0.17271298170089722,0.8857547640800476,1.0,0.1455060988664627,0.006343170069158077
2144,nframe_07968,v40c_04872,0.07982774078845978,0.09529589116573334,0.5462478399276733,0.5267086029052734,0.1692391037940979,0.8780175447463989,1.0,0.14536726474761963,0.00512026296928525
2145,nframe_07969,v40c_04873,0.07819359004497528,0.09021518379449844,0.5403828620910645,0.5382350087165833,0.16856315732002258,0.8778563737869263,1.0,0.14535672962665558,0.005791989620774984
2146,nframe_07970,v40c_04874,0.07895581424236298,0.08985847979784012,0.5446699857711792,0.5433818697929382,0.16775870323181152,0.8755642175674438,1.0,0.14546054601669312,0.006095344200730324
2147,nframe_07971,v40c_04874,0.07895581424236298,0.08985847979784012,0.5446699857711792,0.5441614389419556,0.16738523542881012,0.8749078512191772,1.0,0.14536932110786438,0.004352838732302189
2148,nframe_07972,v40c_04875,0.0786951407790184,0.08890654891729355,0.5450815558433533,0.5503526329994202,0.1676197201013565,0.8744705319404602,1.0,0.14544790983200073,0.006697855889797211
2149,nframe_07973,v40c_04876,0.07815725356340408,0.08741330355405807,0.5456115007400513,0.5502352714538574,0.1660647690296173,0.8713046908378601,1.0,0.14533257484436035,0.004405591636896133
2150,nframe_07974,v40c_04876,0.07815725356340408,0.08741330355405807,0.5456115007400513,0.5517944693565369,0.1650906205177307,0.8698959350585938,1.0,0.14540326595306396,0.005549795925617218
2151,nframe_07975,v40c_04877,0.07724981009960175,0.08355060964822769,0.5432283878326416,0.557384192943573,0.16610586643218994,0.8709890246391296,1.0,0.14536632597446442,0.004357805009931326
2152,nframe_07976,v40c_04878,0.075269415974617,0.0780632346868515,0.5370286107063293,0.5594319105148315,0.16570653021335602,0.8702753186225891,1.0,0.14538617432117462,0.004646206274628639
2153,nframe_07977,v40c_04879,0.07428508251905441,0.07636705040931702,0.5326359272003174,0.5573920607566833,0.16937164962291718,0.8749073147773743,1.0,0.14541596174240112,0.006092085503041744
2154,nframe_07978,v40c_04880,0.07343452423810959,0.07393279671669006,0.5280407071113586,0.5547212958335876,0.1687476485967636,0.874055027961731,1.0,0.14545223116874695,0.005360082723200321
2155,nframe_07979,v40c_04881,0.07548505067825317,0.07389078289270401,0.5344935655593872,0.5550712943077087,0.16607226431369781,0.8716902732849121,1.0,0.14517571032047272,0.0016504877712577581
2156,nframe_07980,v40c_04882,0.07663460075855255,0.07409250736236572,0.5388286709785461,0.553162157535553,0.16479112207889557,0.8689203262329102,1.0,0.14518438279628754,0.0026131360791623592
2157,nframe_07981,v40c_04883,0.08127664029598236,0.08022871613502502,0.5541232824325562,0.5496957898139954,0.16250187158584595,0.8657410740852356,1.0,0.14523422718048096,0.0036077317781746387
2158,nframe_07982,v40c_04884,0.08256284147500992,0.08113982528448105,0.5593782663345337,0.5560398697853088,0.16186165809631348,0.863996148109436,1.0,0.14520561695098877,0.0030532260425388813
2159,nframe_07983,v40c_04885,0.08240237087011337,0.08054050803184509,0.5586931109428406,0.558847963809967,0.16228386759757996,0.862154483795166,1.0,0.14523977041244507,0.003100670175626874
2160,nframe_07984,v40c_04886,0.08168713003396988,0.07925885915756226,0.5563238859176636,0.5582512617111206,0.16340284049510956,0.864061176776886,1.0,0.14519774913787842,0.0028160298243165016
2161,nframe_07985,v40c_04886,0.08105546981096268,0.07703343778848648,0.5548932552337646,0.5608885288238525,0.16380800306797028,0.8648689389228821,1.0,0.14524661004543304,0.0034304880537092686
2162,nframe_07986,v40c_04887,0.08099479973316193,0.07567045837640762,0.5547959208488464,0.5628758668899536,0.16610488295555115,0.8687337040901184,1.0,0.14525556564331055,0.0036728116683661938
2163,nframe_07987,v40c_04888,0.08044113218784332,0.0781097337603569,0.5532606244087219,0.5634660720825195,0.16587823629379272,0.868003249168396,1.0,0.14519362151622772,0.0030620659235864878
2164,nframe_07988,v40c_04889,0.07938765734434128,0.07688514143228531,0.5501278042793274,0.5540144443511963,0.16651636362075806,0.8697492480278015,1.0,0.14516808092594147,0.0017666403437033296
2165,nframe_07989,v40c_04890,0.07737675309181213,0.07493709027767181,0.5434777140617371,0.5560083389282227,0.16449084877967834,0.8652340173721313,1.0,0.14528977870941162,0.0036883994471281767
2166,nframe_07990,v40c_04891,0.07644042372703552,0.07330987602472305,0.5402489900588989,0.5569682121276855,0.16549856960773468,0.866634726524353,1.0,0.14529699087142944,0.004803393501788378
2167,nframe_07991,v40c_04892,0.08196189999580383,0.08241119235754013,0.558902382850647,0.5587822198867798,0.1614602655172348,0.8601497411727905,1.0,0.14530548453330994,0.004246660508215427
2168,nframe_07992,v40c_04893,0.08454135060310364,0.08873118460178375,0.5686603784561157,0.5636522769927979,0.15934878587722778,0.8564262390136719,1.0,0.14538145065307617,0.005982758942991495
2169,nframe_07993,v40c_04894,0.08648023754358292,0.09288632869720459,0.5747040510177612,0.5624433159828186,0.15940548479557037,0.8550921678543091,1.0,0.14517489075660706,0.0028622441459447145
2170,nframe_07994,v40c_04895,0.08448996394872665,0.08646436035633087,0.567609429359436,0.5605534315109253,0.1597190797328949,0.8541104197502136,1.0,0.14521896839141846,0.003298206254839897
2171,nframe_07995,v40c_04896,0.08387237787246704,0.08812765777111053,0.5643907785415649,0.5573229789733887,0.15839362144470215,0.8520780801773071,1.0,0.1452372819185257,0.0021480624563992023
2172,nframe_07996,v40c_04897,0.08380342274904251,0.09056109189987183,0.5636487603187561,0.5586956739425659,0.15725857019424438,0.8509157299995422,1.0,0.14534591138362885,0.004490128252655268
2173,nframe_07997,v40c_04898,0.08220905810594559,0.09172647446393967,0.5583784580230713,0.5546919703483582,0.1566428542137146,0.8487342000007629,1.0,0.1453562080860138,0.004709786269813776
2174,nframe_07998,v40c_04899,0.08158066868782043,0.09353406727313995,0.5551778078079224,0.550173282623291,0.15842853486537933,0.8529671430587769,1.0,0.1454891711473465,0.006629954092204571
2175,nframe_07999,v40c_04900,0.08120281249284744,0.095909982919693,0.5522986650466919,0.5535131692886353,0.1607378125190735,0.8571248054504395,1.0,0.14551518857479095,0.0073856026865541935
2176,nframe_08506,v40c_05100,0.18268509209156036,0.20015954971313477,0.7414312362670898,0.4821074903011322,0.16632847487926483,0.8598631024360657,1.0,0.14715081453323364,0.023234684020280838
2177,nframe_09894,v40c_05490,0.028332853689789772,0.0599069818854332,0.18724344670772552,0.5234627723693848,0.18763606250286102,0.7827948331832886,1.0,0.1458628624677658,0.00869673676788807
2178,nframe_09895,v40c_05490,0.03248605877161026,0.06297677755355835,0.23206205666065216,0.5484095811843872,0.1731761395931244,0.7631152868270874,1.0,0.14540602266788483,0.005213495809584856
2179,nframe_09896,v40c_05490,0.03248605877161026,0.06297677755355835,0.23206205666065216,0.5563474893569946,0.16651760041713715,0.7546164393424988,1.0,0.14518971741199493,0.0031791820656508207
2180,nframe_09920,v40c_05493,0.025930635631084442,0.01844879612326622,0.21369719505310059,0.59050053358078,0.1243673786520958,0.7128416299819946,1.0,0.145122230052948,0.0009479476138949394
2181,nframe_09921,v40c_05493,0.026016969233751297,0.018079575151205063,0.2123195230960846,0.5855957269668579,0.12254931032657623,0.7099298238754272,1.0,0.14513055980205536,0.0012500558514147997
2182,nframe_09922,v40c_05494,0.026076629757881165,0.01839759387075901,0.21157953143119812,0.576956033706665,0.12356793135404587,0.7119028568267822,1.0,0.14516665041446686,0.0018758339574560523
2183,nframe_09923,v40c_05495,0.027390791103243828,0.028313826769590378,0.22086875140666962,0.5798138976097107,0.12465213239192963,0.7125439047813416,1.0,0.14533482491970062,0.003611757652834058
2184,nframe_09924,v40c_05496,0.02857319638133049,0.03892813250422478,0.2287072390317917,0.5757353901863098,0.1298082023859024,0.7152817845344543,1.0,0.14562080800533295,0.005699598230421543
2185,nframe_09925,v40c_05497,0.02999124862253666,0.04830610752105713,0.23585942387580872,0.5737165808677673,0.13182853162288666,0.7180562019348145,1.0,0.14564713835716248,0.0064854868687689304
2186,nframe_09926,v40c_05497,0.029951129108667374,0.046683039516210556,0.238810732960701,0.5640421509742737,0.1375589370727539,0.7257519960403442,1.0,0.1454647332429886,0.004980949684977531
2187,nframe_09927,v40c_05497,0.029951129108667374,0.046683039516210556,0.238810732960701,0.5607970356941223,0.139437735080719,0.7255671620368958,1.0,0.1454022377729416,0.0043275365605950356
2188,nframe_09928,v40c_05497,0.0297660231590271,0.04546085000038147,0.23628652095794678,0.5618951916694641,0.13990424573421478,0.727800190448761,1.0,0.14530444145202637,0.003307758364826441
2189,nframe_09929,v40c_05498,0.02892022207379341,0.03917427733540535,0.233450248837471,0.5613075494766235,0.1394883394241333,0.7234687805175781,1.0,0.14540798962116241,0.004534990526735783
2190,nframe_09930,v40c_05499,0.02918226085603237,0.04010274261236191,0.23543591797351837,0.5646315217018127,0.13827694952487946,0.7220147252082825,1.0,0.145241379737854,0.0028044728096574545
2191,nframe_09931,v40c_05499,0.02931380271911621,0.03814515843987465,0.23603825271129608,0.5652937889099121,0.13858409225940704,0.722230076789856,1.0,0.14552028477191925,0.005805115215480328
2192,nframe_09932,v40c_05500,0.029937593266367912,0.041633352637290955,0.24128592014312744,0.5660939812660217,0.13869664072990417,0.7213860154151917,1.0,0.1454438418149948,0.005204136483371258
2193,nframe_09933,v40c_05500,0.029937593266367912,0.041633352637290955,0.24128592014312744,0.566020131111145,0.14055661857128143,0.724234938621521,1.0,0.14546453952789307,0.005094480700790882
2194,nframe_09934,v40c_05501,0.030450232326984406,0.04439025744795799,0.245778888463974,0.5623267889022827,0.14273786544799805,0.7300866842269897,1.0,0.14548763632774353,0.005371727515012026
2195,nframe_09935,v40c_05501,0.030490286648273468,0.04408879578113556,0.24535837769508362,0.5612987875938416,0.1432611346244812,0.7318660020828247,1.0,0.145731121301651,0.0077988505363464355
2196,nframe_09936,v40c_05501,0.030720843002200127,0.04684198275208473,0.24639220535755157,0.5582060217857361,0.14390204846858978,0.7349303960800171,1.0,0.1456836313009262,0.006543424911797047
2197,nframe_09937,v40c_05501,0.031637683510780334,0.05050783231854439,0.2519856095314026,0.5591369271278381,0.14496925473213196,0.7365667223930359,1.0,0.14568385481834412,0.00660571688786149
2198,nframe_09938,v40c_05501,0.03206896036863327,0.05094687640666962,0.25635087490081787,0.553203821182251,0.14730827510356903,0.7385364770889282,1.0,0.14574500918388367,0.008102066814899445
2199,nframe_09939,v40c_05502,0.0327402725815773,0.052344296127557755,0.2604798376560211,0.5482219457626343,0.14815840125083923,0.7405134439468384,1.0,0.14594446122646332,0.011122705414891243
2200,nframe_09940,v40c_05503,0.03328552469611168,0.05352509766817093,0.26420316100120544,0.5470700860023499,0.14913541078567505,0.7437688112258911,1.0,0.14564789831638336,0.007773620076477528
2201,nframe_09941,v40c_05504,0.034153714776039124,0.057357560843229294,0.2674906551837921,0.5465708374977112,0.14944988489151,0.7434325814247131,1.0,0.1457415223121643,0.008185560815036297
2202,nframe_09942,v40c_05505,0.033811815083026886,0.056304387748241425,0.2662331759929657,0.5491738319396973,0.15062952041625977,0.744390606880188,1.0,0.14568422734737396,0.007540538907051086
2203,nframe_09943,v40c_05504,0.03471865504980087,0.05892816558480263,0.2714199125766754,0.5511451959609985,0.1510465294122696,0.7439971566200256,1.0,0.1455020010471344,0.006185297854244709
2204,nframe_09944,v40c_05506,0.033466607332229614,0.054297056049108505,0.26670917868614197,0.549359142780304,0.1533604860305786,0.7481557726860046,1.0,0.14566569030284882,0.007492267992347479
2205,nframe_09948,v40c_05507,0.03426743671298027,0.0549880675971508,0.2688584327697754,0.5456218123435974,0.1528235673904419,0.7444034814834595,1.0,0.14563411474227905,0.007717347703874111
2206,nframe_09949,v40c_05507,0.03400682657957077,0.05410848185420036,0.2654573619365692,0.5447834730148315,0.15473173558712006,0.7482441067695618,1.0,0.14554904401302338,0.00697591807693243
2207,nframe_09950,v40c_05508,0.03360292688012123,0.05236878618597984,0.26305118203163147,0.5419414043426514,0.15466462075710297,0.7430862784385681,1.0,0.14523233473300934,0.0035048548597842455
2208,nframe_09951,v40c_05508,0.03323337063193321,0.047695744782686234,0.26196593046188354,0.5381664037704468,0.155116468667984,0.7408679723739624,1.0,0.14529284834861755,0.004229350946843624
2209,nframe_09952,v40c_05508,0.03323337063193321,0.047695744782686234,0.26196593046188354,0.536132276058197,0.1540084332227707,0.7377511262893677,1.0,0.14537693560123444,0.004129578825086355
2210,nframe_09953,v40c_05509,0.032462846487760544,0.04221399873495102,0.2605016231536865,0.5365530252456665,0.153827503323555,0.7353490591049194,1.0,0.14560958743095398,0.005799339152872562
2211,nframe_09954,v40c_05510,0.032377034425735474,0.04344118386507034,0.25963476300239563,0.5385960340499878,0.15187592804431915,0.7357111573219299,1.0,0.1457960456609726,0.008470555767416954
2212,nframe_09956,v40c_05511,0.032460518181324005,0.04877864941954613,0.25820550322532654,0.5296666622161865,0.159485325217247,0.7507943511009216,1.0,0.14557193219661713,0.006055635865777731
