step,original_row_id,loss_total,loss_classifier,loss_box_reg,loss_centerness,learning_rate,global_gradient_norm,ir_alignment_gradient_norm,event_alignment_gradient_norm,ir_theta_mean,ir_theta_std,ir_theta_min,ir_theta_max,ir_theta_max_abs_deviation,ir_determinant_mean,ir_grid_oob_fraction,event_theta_mean,event_theta_std,event_theta_min,event_theta_max,event_theta_max_abs_deviation,event_determinant_mean,event_grid_oob_fraction,finite,cuda_allocated_bytes,cuda_reserved_bytes,data_time_sec,forward_time_sec,backward_time_sec,optimizer_time_sec,step_time_sec
1,train:00006249,2.7680788040161133,1.096762776374817,1.0,0.6713161468505859,0.0001,25.38805818356968,21.116538074145023,1.7441769219153356,0.3333333432674408,0.4714045226573944,0.0,1.0,0.0,1.0,0.0,0.3333333432674408,0.4714045226573944,0.0,1.0,0.0,1.0,0.0,True,130360832,329252864,0.18253599999999892,0.07617139999999978,0.11425609999999864,0.6059560000000026,0.9808276000000014
2,train:00020601,2.9520363807678223,1.0468884706497192,1.2073549032211304,0.6977930068969727,0.0001,93.93098921403498,57.30200425523224,17.040566446230294,0.33291131258010864,0.47080880403518677,-0.0012661406071856618,0.9987338781356812,0.0012661406071856618,0.9974677562713623,0.0,0.3342200219631195,0.471718966960907,-0.0013300060527399182,1.001330018043518,0.0013300180435180664,1.0026636123657227,0.0,True,130360832,394264576,0.1963398000000005,0.10715339999999784,0.12321419999999961,0.39846119999999985,0.7421807999999999
3,train:00026508,0.03139461576938629,0.03139461576938629,0.0,0.0,0.0001,1.5876950323118437,0.036423653158554246,0.015633152680407943,0.332952618598938,0.4705049991607666,-0.002334961900487542,0.9990535974502563,0.002496287925168872,0.9966861009597778,0.0,0.33435606956481934,0.47169530391693115,-0.0008977914112620056,1.0024536848068237,0.0024536848068237305,1.002865195274353,0.0,True,130360832,394264576,0.049274000000000484,0.07879179999999764,0.1227468000000016,0.4155616999999978,0.6674380999999983
4,train:00028488,2.6572749614715576,1.010194182395935,0.9947344660758972,0.6523463726043701,0.0001,20.921191375479037,13.52841486418298,3.0864492088763713,0.33299702405929565,0.47029367089271545,-0.003130165161564946,0.9993588924407959,0.0034107647370547056,0.9961708784103394,0.0,0.33444422483444214,0.47167253494262695,-0.0005554798408411443,1.0032641887664795,0.003264188766479492,1.0029710531234741,0.0,True,130360832,394264576,0.029068300000002267,0.0993025000000003,0.12904289999999818,0.42316330000000235,0.682222000000003
5,train:00011701,0.041797153651714325,0.041797153651714325,0.0,0.0,0.0001,2.4321037513401773,0.16880556412992895,0.02886313280096333,0.3329104781150818,0.47033050656318665,-0.003957302775233984,0.999952495098114,0.003957302775233984,0.9960932731628418,0.0,0.3345562219619751,0.4717675447463989,-0.0008843760006129742,1.0042779445648193,0.004277944564819336,1.0034562349319458,0.0,True,130360832,394264576,0.03234559999999931,0.09558249999999902,0.11616840000000295,0.4243752999999977,0.6741438999999971
6,train:00005808,2.598909854888916,0.9562379717826843,1.0,0.6426718235015869,0.0001,12.967706926370232,4.356792719297298,1.5108008883495676,0.33283692598342896,0.47036150097846985,-0.0046684397384524345,1.0004712343215942,0.0046684397384524345,0.9960244297981262,0.0,0.33463770151138306,0.47184690833091736,-0.001273475238122046,1.0050972700119019,0.0050972700119018555,1.003835678100586,0.0,True,130360832,394264576,0.0363749999999996,0.08323349999999863,0.11759910000000318,0.43268619999999913,0.6710688000000005
7,train:00017015,2.6384084224700928,0.9490369558334351,0.9911243915557861,0.6982470750808716,0.0001,44.11542492729532,23.55852762189675,2.230591792103812,0.3327399492263794,0.47033655643463135,-0.005084959790110588,1.0007283687591553,0.005084959790110588,0.9957516193389893,0.0,0.3347285985946655,0.47197672724723816,-0.001679945271462202,1.0060641765594482,0.006064176559448242,1.0043740272521973,0.0,True,130360832,394264576,0.1629429999999985,0.09052679999999924,0.12268239999999864,0.3693919000000001,0.7467674999999971
8,train:00005711,2.6730661392211914,0.9183624386787415,0.9977383613586426,0.7569654583930969,0.0001,18.053620333564417,8.775459318440962,1.5050756059638488,0.3327248692512512,0.47030770778656006,-0.005888108164072037,1.0011824369430542,0.005888108164072037,0.9956268072128296,0.0,0.3347418010234833,0.47217831015586853,-0.002037782920524478,1.0071114301681519,0.0071114301681518555,1.0049561262130737,0.0,True,130360832,394264576,0.0398719000000014,0.08086710000000252,0.12361949999999666,0.3914131000000012,0.6382905000000001
9,train:00006561,2.6106300354003906,0.9391552209854126,0.9998025298118591,0.6716722249984741,0.0001,10.65594858175683,6.869436246791007,0.7716589229768619,0.3326379954814911,0.4702690839767456,-0.006594516336917877,1.0013600587844849,0.006594516336917877,0.9953290224075317,0.0,0.3347223997116089,0.47230225801467896,-0.00232744705863297,1.0078381299972534,0.007838129997253418,1.005254864692688,0.0,True,130360832,394264576,0.10931439999999881,0.08041719999999941,0.10701470000000413,0.3611185999999975,0.6590279000000017
10,train:00010359,2.8280162811279297,0.827019214630127,1.3160274028778076,0.6849695444107056,0.0001,60.12248088247332,44.20154966236953,1.405763180842141,0.3326379954814911,0.47023189067840576,-0.00736413337290287,1.0016850233078003,0.00736413337290287,0.995205819606781,0.0,0.3347136676311493,0.4723913371562958,-0.0025502999778836966,1.008447289466858,0.00844728946685791,1.0054770708084106,0.0,True,130360832,394264576,0.1228837000000027,0.08469019999999716,0.10749540000000479,0.3653892999999968,0.6836885000000024
11,train:00020938,2.7529683113098145,0.8952702283859253,1.1719326972961426,0.6857653856277466,0.0001,121.83874744677165,95.598869304667,5.193780876321594,0.3326326012611389,0.4700610339641571,-0.007433333899825811,1.001509189605713,0.007433333899825811,0.9947022199630737,0.0003124999930150807,0.33466431498527527,0.47249093651771545,-0.0028716078959405422,1.0088928937911987,0.00889289379119873,1.0056500434875488,0.0,True,130360832,394264576,0.14741049999999944,0.09403179999999622,0.1036819000000051,0.363612499999995,0.693673099999998
12,train:00017395,0.21762028336524963,0.21762028336524963,0.0,0.0,0.0001,16.304406578654508,1.246797553392232,0.31391289068422856,0.33246350288391113,0.47009918093681335,-0.0078915785998106,1.0014011859893799,0.0078915785998106,0.9944669008255005,0.0003124999930150807,0.334689736366272,0.4724028408527374,-0.002926204353570938,1.009049654006958,0.009049654006958008,1.0054423809051514,0.0,True,130360832,394264576,0.10776360000000551,0.09166979999999825,0.09814080000000303,0.3817270999999991,0.6829307
13,train:00016029,0.2422018051147461,0.2422018051147461,0.0,0.0,0.0001,19.89173507060484,1.9407333478372597,0.8668844810831514,0.3322959244251251,0.4700983464717865,-0.00842556543648243,1.00128173828125,0.00842556543648243,0.9941210746765137,0.00046874998952262104,0.3347407281398773,0.4723562002182007,-0.0030416783411055803,1.0094057321548462,0.009405732154846191,1.0053991079330444,0.0026562500279396772,True,130360832,394264576,0.1399088000000006,0.09158949999999777,0.1149117000000004,0.3981430000000046,0.7470149000000035
14,train:00019870,2.579399824142456,0.8421391844749451,1.0541383028030396,0.683122456073761,0.0001,21.723916926007636,5.101868357990143,2.2858798448106947,0.33219143748283386,0.4701779782772064,-0.008614137768745422,1.0012426376342773,0.008614137768745422,0.9941372871398926,0.0003124999930150807,0.33475634455680847,0.47231969237327576,-0.003086820710450411,1.0095866918563843,0.009586691856384277,1.0053187608718872,0.004062499850988388,True,130360832,394264576,0.1527850000000015,0.08528970000000413,0.12760239999999357,0.40963550000000026,0.7768344999999997
15,train:00024793,2.640601634979248,0.9766997694969177,0.9614056348800659,0.702496349811554,0.0001,30.6937040917929,17.933191783603696,2.2025346352267126,0.33207476139068604,0.47017160058021545,-0.008883446455001831,1.0010061264038086,0.008883446455001831,0.9938833117485046,0.0003124999930150807,0.33478784561157227,0.4723583161830902,-0.003240082645788789,1.0101161003112793,0.010116100311279297,1.0054731369018555,0.007499999832361937,True,130360832,394264576,0.10610160000000235,0.07466529999999949,0.11013880000000142,0.4047608999999994,0.6969758000000041
16,train:00024693,2.668527364730835,0.9618995785713196,0.9858099818229675,0.7208178043365479,0.0001,17.344807531410428,10.17933522060422,3.6642724584612987,0.33205392956733704,0.4701290428638458,-0.009352421388030052,1.0009843111038208,0.009352421388030052,0.9937175512313843,0.00046874998952262104,0.3347763419151306,0.4722868502140045,-0.003355443011969328,1.0101245641708374,0.010124564170837402,1.005239725112915,0.007656249683350325,True,130360832,394264576,0.09887179999999773,0.09633889999999923,0.12077749999999554,0.4116299000000012,0.7288746999999987
17,train:00034122,2.6650006771087646,0.7875297665596008,1.1505006551742554,0.7269701957702637,0.0001,67.63191257264316,40.33037828958916,3.450863414989031,0.3320639133453369,0.4701189398765564,-0.009903628379106522,1.001134991645813,0.009903628379106522,0.9937034845352173,0.0007812499534338713,0.33474647998809814,0.4720832407474518,-0.0032712388783693314,1.009499430656433,0.009499430656433105,1.0046120882034302,0.003124999813735485,True,130360832,394264576,0.15809010000000256,0.08248350000000215,0.11751110000000153,0.3806621999999962,0.7408096999999998
18,train:00012078,2.627634048461914,0.9554572701454163,0.9700919985771179,0.7020846605300903,0.0001,14.143534109056795,5.899909266064186,2.904954337016344,0.33194756507873535,0.4699721038341522,-0.010478955693542957,1.000792384147644,0.010478955693542957,0.9930469989776611,0.0007812499534338713,0.3348299264907837,0.47180378437042236,-0.003180028637871146,1.0089713335037231,0.008971333503723145,1.0039947032928467,0.0,True,130360832,394264576,0.11355269999999962,0.10189870000000667,0.126911199999995,0.43088490000000235,0.7748609000000002
19,train:00030696,2.5807888507843018,0.8672060966491699,1.0025873184204102,0.7109954357147217,0.0001,46.574425395873284,9.811984563063382,2.736821832911293,0.33180397748947144,0.4698060154914856,-0.011341321282088757,1.000491738319397,0.011341321282088757,0.9922738671302795,0.0010937500046566129,0.3348049521446228,0.4715210199356079,-0.003260493976995349,1.0082131624221802,0.008553472347557545,1.0031529664993286,0.0,True,130360832,394264576,0.08458399999999955,0.0870962999999989,0.11221390000000042,0.3981909999999971,0.6836929999999981
20,train:00013586,0.07049189507961273,0.07049189507961273,0.0,0.0,0.0001,4.932438413567303,0.2830877060292455,0.058648579460524874,0.3317021429538727,0.469675749540329,-0.011700285598635674,1.000217318534851,0.011700285598635674,0.9916929006576538,0.0012499999720603228,0.3348580002784729,0.47129568457603455,-0.003077529603615403,1.0076712369918823,0.008638335391879082,1.0026295185089111,0.0,True,130360832,394264576,0.16927530000000246,0.080476400000002,0.1042691999999974,0.40648989999999685,0.7632576999999969
21,train:00034932,2.5817747116088867,0.9092455506324768,1.001574158668518,0.6709548234939575,0.0001,37.79592172021238,20.20220179586618,10.588392220751093,0.3315482437610626,0.4695541560649872,-0.012385482899844646,1.0000616312026978,0.012385482899844646,0.9910235404968262,0.0014062499394640326,0.3348945081233978,0.47109255194664,-0.0028820643201470375,1.0071073770523071,0.00862926710397005,1.0021369457244873,0.0,True,130360832,394264576,0.12734540000000294,0.0821332999999953,0.11315710000000223,0.38890630000000215,0.7135728000000015
22,train:00006464,2.5380139350891113,0.8653947114944458,0.9888076782226562,0.6838114857673645,0.0001,11.19145760896021,3.785180681982215,1.4302529050628956,0.33152860403060913,0.46952757239341736,-0.012525317259132862,0.9997872114181519,0.012525317259132862,0.9909123182296753,0.0014062499394640326,0.3348778486251831,0.4708417057991028,-0.002406601095572114,1.0063542127609253,0.008625416085124016,1.0014034509658813,0.0,True,130360832,394264576,0.1496461999999994,0.08603029999999734,0.11099360000000047,0.4174876000000012,0.7659710000000004
23,train:00009701,2.8620998859405518,1.046381950378418,1.1359750032424927,0.6797430515289307,0.0001,37.035155672618735,13.950306582988427,2.8084126002331065,0.3314622640609741,0.4695357084274292,-0.012887299060821533,0.9996480941772461,0.012887299060821533,0.9907993674278259,0.0014062499394640326,0.3348080813884735,0.47068092226982117,-0.0019991665612906218,1.0056090354919434,0.008354654535651207,1.0008206367492676,0.0,True,130360832,394264576,0.11002839999999736,0.10317940000000192,0.11389609999999806,0.4014084000000011,0.7299198000000047
24,train:00011236,2.580610752105713,0.8939302563667297,1.0254839658737183,0.6611965298652649,0.0001,24.027641273347676,10.004981680578952,2.0479726193919654,0.33149561285972595,0.4695490896701813,-0.012869413942098618,0.9996079206466675,0.012869413942098618,0.9909023642539978,0.0014062499394640326,0.33479225635528564,0.47052934765815735,-0.0017801884096115828,1.0050469636917114,0.008375052362680435,1.0003663301467896,0.0,True,130360832,394264576,0.1495624999999947,0.08404740000000288,0.11471710000000002,0.386144299999998,0.736493700000004
25,train:00003532,0.07813586294651031,0.07813586294651031,0.0,0.0,0.0001,6.08791962230333,0.42009146181647317,0.676024226261324,0.3315454125404358,0.4696434736251831,-0.012731227092444897,0.9997398853302002,0.012731227092444897,0.9912691712379456,0.0014062499394640326,0.3347548842430115,0.47041821479797363,-0.0017024524277076125,1.0044028759002686,0.008293510414659977,0.9999846816062927,0.0,True,130360832,394264576,0.11175259999999554,0.07851779999999309,0.12035970000000162,0.39990370000000297,0.714161500000003
26,train:00015144,2.6073505878448486,0.7351796627044678,1.158196210861206,0.71397465467453,0.0001,47.415571625261215,24.55859500308094,4.082227275317448,0.33147573471069336,0.4694908559322357,-0.01354383584111929,0.9996026754379272,0.01354383584111929,0.9906704425811768,0.0017187499906867743,0.3347153663635254,0.47031837701797485,-0.0016293032094836235,1.0038219690322876,0.008221745491027832,0.9996289014816284,0.0,True,130360832,394264576,0.11601480000000208,0.07879969999999759,0.12438590000000005,0.3959444999999988,0.7164043000000007
27,train:00033916,2.7976484298706055,0.951762855052948,1.1693559885025024,0.676529586315155,0.0001,37.54411497518975,17.254952839484474,5.844340486623543,0.3314339816570282,0.4695996642112732,-0.013514064252376556,0.9996414184570312,0.013514064252376556,0.990898609161377,0.0015624999068677425,0.3346651494503021,0.47020646929740906,-0.0011932431953027844,1.0032618045806885,0.00797002948820591,0.9992185235023499,0.0,True,130360832,394264576,0.14368240000000299,0.08188429999999869,0.11596010000000234,0.3879567000000037,0.7418685000000025
28,train:00024238,2.5751843452453613,0.8719272613525391,0.984960675239563,0.718296468257904,0.0001,38.27388914850738,28.289987289181713,8.416067674558896,0.3313450813293457,0.4695623517036438,-0.013874589465558529,0.999424159526825,0.013874589465558529,0.9906063675880432,0.0017187499906867743,0.3346676826477051,0.47022607922554016,-0.0018273188034072518,1.0032633543014526,0.007989359088242054,0.9992778897285461,0.0,True,130360832,394264576,0.1266058000000001,0.08615509999999915,0.1077410000000043,0.4202515999999932,0.7422519999999935
29,train:00012123,0.09020143747329712,0.09020143747329712,0.0,0.0,0.0001,7.8563737958859,1.3171788856516033,0.6315482776965397,0.3314954340457916,0.4697846472263336,-0.01354557927697897,0.999869167804718,0.01354557927697897,0.9915452599525452,0.0015624999068677425,0.3346359133720398,0.47013261914253235,-0.0025490918196737766,1.0029654502868652,0.008186019957065582,0.9989495873451233,0.0,True,130360832,394264576,0.0999031000000059,0.08676120000000509,0.11349799999999988,0.4292639999999963,0.7305076000000028
30,train:00021003,0.10203669965267181,0.10203669965267181,0.0,0.0,0.0001,10.192323642545505,1.904268609730332,0.7482434392959126,0.3314816951751709,0.4698343873023987,-0.014139075763523579,1.000122308731079,0.014139075763523579,0.9916408658027649,0.0018749999580904841,0.3346080482006073,0.4700464904308319,-0.003188642906025052,1.0026878118515015,0.008372270502150059,0.9986500144004822,0.0,True,130360832,394264576,0.15023639999999716,0.07941449999999861,0.1020606000000015,0.41892069999999393,0.7537682999999973
31,train:00033033,2.565066337585449,0.8966703414916992,0.9805814027786255,0.6878145933151245,0.0001,16.938597648626796,9.361863121399695,2.6078954511402244,0.33156147599220276,0.4698694348335266,-0.014275582507252693,1.0002597570419312,0.014275582507252693,0.9918954372406006,0.002031249925494194,0.33460530638694763,0.46994438767433167,-0.003868801286444068,1.0025123357772827,0.008745967410504818,0.9983522295951843,0.0,True,130360832,394264576,0.11356860000000069,0.1076174000000023,0.11308700000000016,0.398838099999999,0.7377809999999982
32,train:00034896,2.5487709045410156,0.8892977237701416,0.9694235324859619,0.6900497674942017,0.0001,26.10429846442579,21.39863933963719,5.542324865145239,0.33168068528175354,0.46993371844291687,-0.014081882312893867,1.0005139112472534,0.014081882312893867,0.9923231601715088,0.002031249925494194,0.3345821499824524,0.46992895007133484,-0.004410765133798122,1.0023101568222046,0.008840328082442284,0.9982629418373108,0.0,True,130360832,394264576,0.11824020000000246,0.09709459999999837,0.10604770000000485,0.4425038999999984,0.7659440999999987
33,train:00021613,2.8187637329101562,1.1397111415863037,0.9914383292198181,0.6876140832901001,0.0001,66.25312613704799,2.624581378320954,3.488654925805581,0.33196088671684265,0.47004184126853943,-0.012847797945141792,1.000665545463562,0.012847797945141792,0.9932236075401306,0.0017187499906867743,0.3345669209957123,0.470000684261322,-0.004868060350418091,1.0022897720336914,0.008703074418008327,0.998435914516449,0.0,True,130360832,394264576,0.16145569999999765,0.08663690000000202,0.12471249999999401,0.40449320000000455,0.7786434
34,train:00002612,0.08417224138975143,0.08417224138975143,0.0,0.0,0.0001,7.419050293145417,0.7396103841190745,0.21468785798039247,0.3319736421108246,0.47016286849975586,-0.013599018566310406,1.0013188123703003,0.013599018566310406,0.9935685992240906,0.002343749860301614,0.33456921577453613,0.4699370861053467,-0.005709679331630468,1.0021214485168457,0.00899824220687151,0.9982557892799377,0.0,True,130360832,394264576,0.17746329999999944,0.08810819999999353,0.10558930000000544,0.4261546999999979,0.799391
35,train:00021058,2.4801807403564453,0.8573982119560242,0.9850711822509766,0.6377113461494446,0.0001,39.781356521333706,19.109162327972395,29.542150806727488,0.3321100175380707,0.4700307250022888,-0.014235487207770348,1.0014679431915283,0.014235487207770348,0.9934480786323547,0.0028124998789280653,0.3345434069633484,0.46992945671081543,-0.006353266071528196,1.0019161701202393,0.009004050865769386,0.998181164264679,0.0003124999930150807,True,130360832,394264576,0.17014449999999925,0.08195979999999992,0.12292109999999923,0.4422663,0.8184916999999956
36,train:00009691,2.6689295768737793,1.0344250202178955,0.9440674781799316,0.6904371976852417,0.0001,43.454849410096536,14.801066899432028,5.604857036357451,0.3322494328022003,0.4702160060405731,-0.01382150873541832,1.0020116567611694,0.01382150873541832,0.9942579865455627,0.002968749962747097,0.3346198499202728,0.47003892064094543,-0.006303196772933006,1.0022871494293213,0.008023664355278015,0.9986491203308105,0.0012499999720603228,True,130360832,394264576,0.2536412999999982,0.0833952999999994,0.12945849999999837,0.400638899999997,0.8708998999999977
37,train:00010486,2.498375415802002,0.9238629341125488,0.932345986366272,0.6421666145324707,0.0001,57.086427813797464,43.02081355722603,2.1341792252996057,0.3325178623199463,0.4700934588909149,-0.013666590675711632,1.002180576324463,0.013666590675711632,0.9944432973861694,0.003124999813735485,0.33473682403564453,0.47014740109443665,-0.006705021020025015,1.0028284788131714,0.007495085708796978,0.9991862177848816,0.0028124998789280653,True,130360832,394264576,0.18927529999999848,0.09339680000000072,0.11443350000000407,0.40557460000000134,0.8047015000000002
38,train:00034891,2.6935853958129883,0.9015624523162842,1.1545183658599854,0.6375044584274292,0.0001,58.76270991384255,43.1664916185472,9.003553805009403,0.3324369788169861,0.4701941907405853,-0.013658443465828896,1.002585530281067,0.013658443465828896,0.9945594668388367,0.0034374999813735485,0.3347824513912201,0.47024038434028625,-0.00657322583720088,1.0030156373977661,0.006629850249737501,0.999545156955719,0.003281249897554517,True,130360832,394264576,0.18877599999999717,0.07840759999999847,0.10172850000000011,0.4072160999999994,0.7802908999999971
39,train:00029227,2.4238476753234863,0.9943815469741821,0.6837714314460754,0.745694637298584,0.0001,64.24593102524149,23.502934628544235,3.371260993311863,0.3322460353374481,0.47027119994163513,-0.013479008339345455,1.0026752948760986,0.013479008339345455,0.9943928718566895,0.003281249897554517,0.33483144640922546,0.47033530473709106,-0.007114408537745476,1.0035865306854248,0.007114408537745476,0.9999064803123474,0.0043750000186264515,True,130360832,394264576,0.1475268000000014,0.08315920000000432,0.11281040000000075,0.37138799999999605,0.7160008999999974
40,train:00002357,2.3709681034088135,0.8074668645858765,0.9355725049972534,0.6279287338256836,0.0001,31.078036657154893,15.161816984451534,3.1283746786235413,0.3320009708404541,0.47047728300094604,-0.013306772336363792,1.0029510259628296,0.013306772336363792,0.9944860935211182,0.0034374999813735485,0.33485472202301025,0.47039172053337097,-0.00728004751726985,1.003920078277588,0.00728004751726985,1.000112533569336,0.004843750037252903,True,130360832,394264576,0.16531110000000382,0.0787633999999997,0.11774770000000245,0.3638179000000008,0.732781199999998
41,train:00022853,2.4004664421081543,0.8595117926597595,0.8172094821929932,0.7237451076507568,0.0001,40.09159681370994,15.272864909423758,11.366315579213643,0.33170604705810547,0.47042474150657654,-0.014307983219623566,1.0031074285507202,0.014307983219623566,0.9937083125114441,0.004218749701976776,0.3348392844200134,0.4704676568508148,-0.007335237227380276,1.0042723417282104,0.007335237227380276,1.0002933740615845,0.005156249739229679,True,130360832,394264576,0.10869619999999713,0.08189180000000107,0.10088979999999736,0.35931470000000587,0.6537199999999999
42,train:00003644,2.4819226264953613,0.9245169758796692,0.7444410920143127,0.8129645586013794,0.0001,28.613515107383353,15.759948422053034,1.7003709286244333,0.3316188454627991,0.47076335549354553,-0.013088357634842396,1.003176212310791,0.013088357634842396,0.9945310950279236,0.0035937498323619366,0.3348771333694458,0.4704273045063019,-0.007441317196935415,1.0042469501495361,0.007465174421668053,1.000256061553955,0.0054687499068677425,True,130360832,394264576,0.1330546999999953,0.08062019999999848,0.11219619999999964,0.3792387000000019,0.7090032999999991
43,train:00009651,2.433825731277466,0.8158217668533325,0.8594430685043335,0.7585609555244446,0.0001,16.641003793393853,5.37155958722339,1.603998594963812,0.3313295841217041,0.4708182215690613,-0.013762937858700752,1.0033113956451416,0.013762937858700752,0.994084358215332,0.004218749701976776,0.3348972201347351,0.4704287648200989,-0.007298438344150782,1.0041409730911255,0.007618987467139959,1.00030517578125,0.005624999757856131,True,130360832,394264576,0.11157250000000118,0.0797841000000048,0.10530329999999566,0.3956694000000027,0.6935980000000015
44,train:00033321,2.454432725906372,0.951497495174408,0.8007110357284546,0.7022242546081543,0.0001,39.739543780421805,20.193536837693568,4.653312288562261,0.3311290740966797,0.4708186089992523,-0.01419664267450571,1.0033570528030396,0.01419664267450571,0.9936686158180237,0.0045312498696148396,0.33497154712677,0.4703565537929535,-0.007581931538879871,1.0041882991790771,0.008161290548741817,1.0002473592758179,0.006093749776482582,True,130360832,394264576,0.035589699999995617,0.08365620000000007,0.10288899999999757,0.3682259000000059,0.594766000000007
45,train:00031613,0.16122402250766754,0.16122402250766754,0.0,0.0,0.0001,14.204329047651404,1.292464560933647,0.5173429876054032,0.3309236764907837,0.4708411991596222,-0.01390102319419384,1.0030176639556885,0.01390102319419384,0.9933356642723083,0.00390625,0.33497950434684753,0.47029900550842285,-0.0077044726349413395,1.0039620399475098,0.008488797582685947,1.0001027584075928,0.006093749776482582,True,130360832,394264576,0.09943429999999864,0.08969259999999935,0.10121589999999969,0.36941519999999883,0.6609625999999977
46,train:00010234,2.3282549381256104,0.9987127780914307,0.6554052829742432,0.6741368174552917,0.0001,41.14810971882136,31.82708524406824,2.503055462741888,0.330750048160553,0.4708978831768036,-0.013400841504335403,1.002717137336731,0.013400841504335403,0.9931685328483582,0.0034374999813735485,0.33496081829071045,0.47026029229164124,-0.007696145214140415,1.003693699836731,0.008669319562613964,0.9999594688415527,0.006093749776482582,True,130360832,394264576,0.10563189999999878,0.07624429999999904,0.10922530000000563,0.4121062999999978,0.7063908000000012
47,train:00024453,0.14830482006072998,0.14830482006072998,0.0,0.0,0.0001,12.355104159918925,1.0306733548504343,0.3749606101010652,0.3308413028717041,0.47084617614746094,-0.013197346590459347,1.002713918685913,0.013197346590459347,0.9932082891464233,0.003124999813735485,0.335056871175766,0.4701630175113678,-0.008075728081166744,1.0036317110061646,0.009259110316634178,0.9998741745948792,0.006562499795109034,True,130360832,394264576,0.11893709999999658,0.0881559999999979,0.11241060000000402,0.3974607999999975,0.7189528999999979
48,train:00018203,2.242943048477173,0.8895095586776733,0.5432170629501343,0.8102164268493652,0.0001,39.98422660353752,15.478010517515964,7.314318525085588,0.330576092004776,0.4708614647388458,-0.01355349738150835,1.0028718709945679,0.01355349738150835,0.9927011132240295,0.0035937498323619366,0.33507412672042847,0.4701816439628601,-0.008095484226942062,1.003442406654358,0.009351370856165886,0.9999650716781616,0.0064062499441206455,True,130360832,394264576,0.16167500000000246,0.07872719999999589,0.10955950000000314,0.39071339999999566,0.7414353999999932
49,train:00010521,2.14680552482605,0.7684817910194397,0.7221612334251404,0.6561625003814697,0.0001,22.707242806965674,10.002014666270318,0.8628143257419172,0.330633282661438,0.4707326591014862,-0.013257576152682304,1.0026562213897705,0.013257576152682304,0.992455244064331,0.003124999813735485,0.3351846933364868,0.4700509011745453,-0.008612940087914467,1.0035301446914673,0.009952795691788197,0.9998102784156799,0.006874999962747097,True,130360832,394264576,0.14215900000000659,0.08063269999999534,0.10028840000000372,0.4156934000000021,0.7389016999999996
50,train:00034733,2.2710142135620117,0.8722752332687378,0.6975247859954834,0.7012143135070801,0.0001,19.20281406402736,6.690166112264424,2.308924052540645,0.330924928188324,0.4707397520542145,-0.011675000190734863,1.0023897886276245,0.011675000190734863,0.9931057691574097,0.0018749999580904841,0.3351607322692871,0.47001609206199646,-0.008496354334056377,1.003309726715088,0.009809626266360283,0.9996678233146667,0.006718749646097422,True,130360832,394264576,0.10881329999999423,0.08698060000000396,0.12255859999999785,0.40880320000000125,0.7288060999999999
51,train:00012739,0.11197811365127563,0.11197811365127563,0.0,0.0,0.0001,8.522000787249555,0.17377300753268632,0.06452536273355894,0.33081623911857605,0.47071218490600586,-0.012156055308878422,1.0027176141738892,0.012156055308878422,0.9927854537963867,0.002343749860301614,0.33523064851760864,0.469963401556015,-0.00859128125011921,1.0034828186035156,0.010114859789609909,0.9996547698974609,0.007031249813735485,True,130360832,394264576,0.17808579999999807,0.08417580000000413,0.11785919999999805,0.3906801999999985,0.7558503999999999
52,train:00004626,0.10571394860744476,0.10571394860744476,0.0,0.0,0.0001,7.974776317391628,0.18155102874861795,0.10958389112054574,0.3309164047241211,0.4706936776638031,-0.011478889733552933,1.0026637315750122,0.011478889733552933,0.9929487705230713,0.0018749999580904841,0.3352574110031128,0.46994632482528687,-0.008655060082674026,1.0034865140914917,0.010236029513180256,0.9996594786643982,0.007031249813735485,True,130360832,394264576,0.20125450000000455,0.07965420000000023,0.10708309999999699,0.39962750000000113,0.7899428999999998
53,train:00021563,0.09405209124088287,0.09405209124088287,0.0,0.0,0.0001,7.341796815717153,0.06616340703691496,0.0850760147563791,0.33107900619506836,0.4705827832221985,-0.011137858964502811,1.0025235414505005,0.011137858964502811,0.9929671883583069,0.0018749999580904841,0.3352620005607605,0.4699705243110657,-0.008831050246953964,1.003440499305725,0.010279066860675812,0.9997376203536987,0.007031249813735485,True,130360832,394264576,0.14173599999999453,0.08405779999999652,0.10643320000001211,0.4229014999999947,0.756442700000008
54,train:00008212,0.08343694359064102,0.08343694359064102,0.0,0.0,0.0001,6.290425056291692,0.13031544023492098,0.024789999309759527,0.33085665106773376,0.4705023765563965,-0.011939150281250477,1.0028440952301025,0.011939150281250477,0.9922558069229126,0.002343749860301614,0.33527928590774536,0.4699626564979553,-0.008760434575378895,1.0035152435302734,0.010318014770746231,0.9997491836547852,0.007187499664723873,True,130360832,394264576,0.05183029999999178,0.08609409999999684,0.10814220000000319,0.3996759999999995,0.647544400000001
55,train:00002126,2.165985107421875,0.8562372326850891,0.6357111930847168,0.6740367412567139,0.0001,21.329881478487444,8.461807317133866,4.767751768872969,0.33093565702438354,0.47052866220474243,-0.011242719367146492,1.0027711391448975,0.011242719367146492,0.9925077557563782,0.002031249925494194,0.33529967069625854,0.4699482023715973,-0.008839215151965618,1.0035347938537598,0.010428102687001228,0.999748170375824,0.007187499664723873,True,130360832,394264576,0.1404158999999936,0.08991569999999172,0.10983600000000138,0.412126200000003,0.7543778000000003
56,train:00018310,0.0648447722196579,0.0648447722196579,0.0,0.0,0.0001,4.742239333847604,0.08749343217362812,0.010537501034850263,0.33092421293258667,0.4704553186893463,-0.011489374563097954,1.0029317140579224,0.011489374563097954,0.9922599792480469,0.002343749860301614,0.33531448245048523,0.4699708819389343,-0.00883578322827816,1.0036872625350952,0.010403171181678772,0.999840497970581,0.0073437499813735485,True,130360832,394264576,0.12847940000000335,0.08819859999999835,0.11497560000000817,0.4340377999999987,0.768363199999996
57,train:00027448,2.154425859451294,0.847909152507782,0.6309145092964172,0.6756021976470947,0.0001,24.52843284657427,5.88697574655897,1.4207450283425451,0.3310765326023102,0.47042080760002136,-0.011463387869298458,1.00308358669281,0.011463387869298458,0.9924641847610474,0.0026562500279396772,0.3353891968727112,0.4698941707611084,-0.00900780875235796,1.003878116607666,0.010771888308227062,0.9997667670249939,0.007656249683350325,True,130360832,394264576,0.1101462999999967,0.09629320000000519,0.13589529999998717,0.4061364000000083,0.7498123999999962
58,train:00021448,2.3711557388305664,0.9091343283653259,0.8676193952560425,0.5944020748138428,0.0001,15.462296087084216,0.8970373783888572,1.537040874026516,0.3313090205192566,0.4704684019088745,-0.010432603769004345,1.0028389692306519,0.010432603769004345,0.9930989146232605,0.002031249925494194,0.3353397846221924,0.47003740072250366,-0.009097294881939888,1.0039684772491455,0.010495500639081001,1.0000749826431274,0.007499999832361937,True,130360832,394264576,0.12737160000000358,0.07888090000000147,0.11570740000000512,0.39298959999999283,0.7159868999999901
59,train:00035019,2.3431735038757324,0.8723309636116028,0.8118080496788025,0.6590346097946167,0.0001,20.387065378524056,3.9236067118730875,1.4503361187169026,0.331203818321228,0.4704686403274536,-0.011036144569516182,1.0032296180725098,0.011036144569516182,0.9928589463233948,0.0026562500279396772,0.3353641927242279,0.4700506627559662,-0.009069563820958138,1.0041722059249878,0.010463220998644829,1.0001591444015503,0.007656249683350325,True,130360832,394264576,0.147270000000006,0.0911587999999881,0.11478430000001083,0.42462769999998784,0.7794800999999865
60,train:00011810,2.4292664527893066,0.9212678670883179,0.8329380750656128,0.6750606298446655,0.0001,12.296563672416665,6.080317922377867,1.9281666690398096,0.33122408390045166,0.4704890847206116,-0.01066845003515482,1.0032899379730225,0.01066845003515482,0.9929628372192383,0.0024999999441206455,0.3354053497314453,0.47006669640541077,-0.009078594855964184,1.0042908191680908,0.010479115881025791,1.0002859830856323,0.0078125,True,130360832,394264576,0.1083748000000071,0.08129359999999508,0.12328130000000215,0.39643569999999784,0.7111531000000042
61,train:00000730,2.1410012245178223,0.9345693588256836,0.5124050378799438,0.6940268278121948,0.0001,29.023295927140325,16.37125836947685,11.916918907497081,0.33133652806282043,0.47051841020584106,-0.010284094139933586,1.0033454895019531,0.010284094139933586,0.9932813048362732,0.002343749860301614,0.3354300260543823,0.47011518478393555,-0.009104774333536625,1.004456639289856,0.010439540259540081,1.0004712343215942,0.0078125,True,130360832,394264576,0.18097819999999842,0.09302189999999655,0.12476630000000455,0.4035293000000024,0.8096299000000045
62,train:00029834,2.2718372344970703,0.835412323474884,0.7557129263877869,0.680712103843689,0.0001,19.66464146729542,8.419576091143801,0.5324097256152307,0.33116284012794495,0.4703475534915924,-0.010911994613707066,1.0033584833145142,0.010911994613707066,0.9924176335334778,0.0028124998789280653,0.3353121876716614,0.47011303901672363,-0.00985001027584076,1.0044611692428589,0.010548106394708157,1.0002226829528809,0.0078125,True,130360832,394264576,0.1496665999999891,0.07825080000000639,0.13955399999998974,0.3862403000000114,0.7552664000000107
63,train:00033969,2.304283618927002,0.9025368690490723,0.6923831701278687,0.709363579750061,0.0001,17.438035189660322,8.803578502789081,0.6797902434989501,0.3310493230819702,0.4703095853328705,-0.010929480195045471,1.0034635066986084,0.011290252208709717,0.992070734500885,0.0028124998789280653,0.33513373136520386,0.47014835476875305,-0.010024061426520348,1.0043056011199951,0.010202187113463879,0.9999654293060303,0.007499999832361937,True,130360832,394264576,0.037796099999994226,0.09259339999999838,0.10977640000000122,0.40483180000001084,0.6471885000000128
64,train:00015021,2.5128719806671143,0.9375597238540649,0.8489469885826111,0.7263653874397278,0.0001,12.498787192965061,5.534313935162327,2.534260043607788,0.3310271203517914,0.47023841738700867,-0.011087718419730663,1.0035412311553955,0.011623144149780273,0.9918098449707031,0.003124999813735485,0.3350648283958435,0.47005391120910645,-0.010697994381189346,1.0042853355407715,0.010697994381189346,0.9995499849319458,0.007656249683350325,True,130360832,394264576,0.13412889999999322,0.10086389999999312,0.11096329999999455,0.45947120000001007,0.812244800000002
65,train:00026578,2.3403964042663574,0.9137023687362671,0.6786066889762878,0.7480873465538025,0.0001,22.97396292998707,8.588765176346577,9.138522456576297,0.33097806572914124,0.470184862613678,-0.011155558750033379,1.0035496950149536,0.011887192726135254,0.9915500283241272,0.003124999813735485,0.3350001275539398,0.46991977095603943,-0.011452958919107914,1.0042017698287964,0.011452958919107914,0.9990295171737671,0.007656249683350325,True,130360832,394264576,0.15149159999999995,0.08903039999999862,0.12293400000000076,0.40487480000000176,0.7720431000000048
66,train:00002642,0.09429546445608139,0.09429546445608139,0.0,0.0,0.0001,6.998814721223924,0.26374319187520023,0.04317369616589799,0.33097511529922485,0.47022125124931335,-0.010368955321609974,1.003222107887268,0.01144266128540039,0.9916773438453674,0.0024999999441206455,0.3349517285823822,0.46994927525520325,-0.012000580318272114,1.004026174545288,0.012000580318272114,0.999015748500824,0.007656249683350325,True,130360832,394264576,0.1296669000000037,0.07627939999999,0.12436600000000908,0.4144356999999985,0.7469949999999983
67,train:00030239,2.435685873031616,0.9202501773834229,0.8558522462844849,0.6595833897590637,0.0001,34.23986526218258,11.676973297594204,2.0630219772001994,0.3308636546134949,0.470084011554718,-0.010793272405862808,1.0030850172042847,0.011931240558624268,0.9910442233085632,0.0028124998789280653,0.33493050932884216,0.469967782497406,-0.01277509331703186,1.003932237625122,0.01277509331703186,0.9990214705467224,0.007656249683350325,True,130360832,394264576,0.12032859999999346,0.0812688000000037,0.11471450000000516,0.39134569999998803,0.7082384999999931
68,train:00003223,1.915205478668213,0.815221905708313,0.4390939176082611,0.6608896851539612,0.0001,26.1092438660893,17.516243006313076,2.290056568375542,0.33097389340400696,0.47014352679252625,-0.010046696290373802,1.0030649900436401,0.01150655746459961,0.9914572238922119,0.002343749860301614,0.33493173122406006,0.4698801338672638,-0.013358434662222862,1.0037733316421509,0.013358434662222862,0.9987713694572449,0.007656249683350325,True,130360832,394264576,0.10469190000000594,0.09138350000000628,0.10970569999999213,0.3826652999999993,0.6934361999999936
69,train:00003188,2.4351353645324707,0.9044867753982544,0.9144304990768433,0.6162180304527283,0.0001,36.75063133077207,8.068774305118566,14.97052197178335,0.33089327812194824,0.4701492190361023,-0.010263013653457165,1.0031441450119019,0.011737644672393799,0.9912989735603333,0.0026562500279396772,0.3349519670009613,0.4698096811771393,-0.013911889865994453,1.0036286115646362,0.013911889865994453,0.9986109733581543,0.007656249683350325,True,130360832,394264576,0.11713230000000863,0.08927009999999314,0.12294230000000539,0.3839100000000002,0.7152213000000103
70,train:00005130,2.1884565353393555,0.8316095471382141,0.504958987236023,0.8518880009651184,0.0001,45.72565941767993,12.501193570299826,3.0756604852603964,0.3307085633277893,0.47017648816108704,-0.010814322158694267,1.0033612251281738,0.012264132499694824,0.9909745454788208,0.002968749962747097,0.335019052028656,0.46950623393058777,-0.013566079549491405,1.0029211044311523,0.013566079549491405,0.9978923797607422,0.007656249683350325,True,130360832,394264576,0.15643229999999164,0.08217000000000496,0.10557140000000231,0.39322589999999025,0.7490694999999903
71,train:00024743,2.351064920425415,0.867209255695343,0.8152173161506653,0.6686383485794067,0.0001,34.79665913663781,18.7050188274527,2.624379432630048,0.3306125998497009,0.4701785147190094,-0.011343719437718391,1.003237009048462,0.01233530044555664,0.9907726049423218,0.0034374999813735485,0.3351331353187561,0.4691605567932129,-0.013668354600667953,1.0022996664047241,0.013668354600667953,0.9971395134925842,0.007656249683350325,True,130360832,394264576,0.19351699999999994,0.09434210000000576,0.10812649999999735,0.4025768000000056,0.8031892999999997
72,train:00017499,0.14267534017562866,0.14267534017562866,0.0,0.0,0.0001,11.361502556258158,0.5627767088931283,0.10733541773349367,0.3303896188735962,0.4701249897480011,-0.011630826629698277,1.0032310485839844,0.012939155101776123,0.9901523590087891,0.0034374999813735485,0.3351465165615082,0.4690088927745819,-0.012862564995884895,1.00160551071167,0.013331884518265724,0.9967493414878845,0.007499999832361937,True,130360832,394264576,0.1972233999999986,0.0804507000000001,0.10177740000000313,0.40789290000000733,0.7911725000000018
73,train:00013309,0.13079454004764557,0.13079454004764557,0.0,0.0,0.0001,10.001401033591453,0.5473614547439967,0.09589766755312826,0.3303447663784027,0.4701283872127533,-0.011545096524059772,1.002892255783081,0.012671172618865967,0.9900879859924316,0.003124999813735485,0.335314005613327,0.4686046242713928,-0.01337925624102354,1.0009839534759521,0.014547890052199364,0.9959321618080139,0.007656249683350325,True,130360832,394264576,0.13692480000000273,0.07986499999999808,0.10324040000000423,0.3708474000000024,0.6921580000000063
74,train:00003569,2.1473848819732666,0.7988932132720947,0.6741628646850586,0.6743287444114685,0.0001,21.472940587825583,12.006487283008186,4.658107281696492,0.33037006855010986,0.4701879620552063,-0.011042557656764984,1.0026952028274536,0.012238740921020508,0.9903331398963928,0.0026562500279396772,0.33540499210357666,0.4683530926704407,-0.013271701522171497,1.0004249811172485,0.01511362288147211,0.9954027533531189,0.007656249683350325,True,130360832,394264576,0.08892399999999157,0.08038200000000018,0.10541090000000963,0.3731776999999994,0.6499615999999975
75,train:00025628,0.1248292401432991,0.1248292401432991,0.0,0.0,0.0001,10.060140398946535,0.20141617373589776,0.13131141190754148,0.3300760090351105,0.4699741303920746,-0.012382855638861656,1.0027846097946167,0.013566136360168457,0.989067792892456,0.0034374999813735485,0.33545562624931335,0.46830320358276367,-0.012834330089390278,1.0000537633895874,0.015070630237460136,0.9953696131706238,0.007499999832361937,True,130360832,394264576,0.027655199999998104,0.09444129999999973,0.10353820000000269,0.36992319999998813,0.5969023999999905
76,train:00012602,0.10394880175590515,0.10394880175590515,0.0,0.0,0.0001,7.863698285475678,0.24539461580971897,0.07588865220808368,0.33009934425354004,0.4699987471103668,-0.011982053518295288,1.0023623704910278,0.01300877332687378,0.9892162084579468,0.003124999813735485,0.3355907201766968,0.4681008458137512,-0.012905137613415718,0.9997330904006958,0.015712972730398178,0.9950647950172424,0.007656249683350325,True,130360832,394264576,0.13777970000001005,0.0830538999999959,0.10407070000000829,0.3533417999999955,0.6840729000000039
77,train:00023818,0.10058204084634781,0.10058204084634781,0.0,0.0,0.0001,8.384357758143315,0.35947118751491763,0.14151284490484378,0.32998979091644287,0.4699154496192932,-0.01241062767803669,1.0024175643920898,0.01353687047958374,0.9887322783470154,0.003281249897554517,0.33554765582084656,0.4682003855705261,-0.012065928429365158,0.9995383024215698,0.015094779431819916,0.9952724575996399,0.0073437499813735485,True,130360832,394264576,0.09797570000000633,0.10630980000000534,0.10040499999999497,0.356487400000006,0.6651913000000036
78,train:00014869,0.07898512482643127,0.07898512482643127,0.0,0.0,0.0001,6.121972516580517,0.3203529308961772,0.051798200056978584,0.33002689480781555,0.469957560300827,-0.012037952430546284,1.0020112991333008,0.012917578220367432,0.988959014415741,0.0028124998789280653,0.33574146032333374,0.46790561079978943,-0.012538556940853596,0.9991348385810852,0.016145138069987297,0.9948174953460693,0.007656249683350325,True,130360832,394264576,0.12026079999999695,0.07496519999999407,0.10158930000000055,0.36418510000000026,0.6623577000000012
79,train:00034544,2.3305892944335938,0.8555558323860168,0.7694979906082153,0.705535352230072,0.0001,16.403026742866423,4.568046258580663,1.0259705616557373,0.3299635946750641,0.4698653221130371,-0.012166373431682587,1.001821517944336,0.013121545314788818,0.9885632991790771,0.002968749962747097,0.33578094840049744,0.467913955450058,-0.012307517230510712,0.9988170266151428,0.016014045104384422,0.9949243068695068,0.007499999832361937,True,130360832,394264576,0.1678220999999951,0.09023820000000171,0.10741600000000062,0.37254380000000253,0.7392237000000108
80,train:00023243,2.2652952671051025,0.8694155812263489,0.7149174213409424,0.6809623837471008,0.0001,24.88768441420083,4.126135182363465,1.2260829063840015,0.3297756314277649,0.46975159645080566,-0.01301596313714981,1.0020016431808472,0.014031171798706055,0.9878141283988953,0.003281249897554517,0.3358837962150574,0.4677620530128479,-0.012240730226039886,0.9987383484840393,0.016508694738149643,0.9946983456611633,0.007656249683350325,True,130360832,394264576,0.13328389999999501,0.08771500000000287,0.10733289999998874,0.36831020000001047,0.6982119999999981
81,train:00004074,0.051950886845588684,0.051950886845588684,0.0,0.0,0.0001,3.8339230199037933,0.08336590749656965,0.08109259883299795,0.32991349697113037,0.46989941596984863,-0.012046759948134422,1.0017057657241821,0.013003945350646973,0.9885679483413696,0.0026562500279396772,0.33598780632019043,0.4676124155521393,-0.012278164736926556,0.9985657334327698,0.016972186043858528,0.9944807887077332,0.007968749850988388,True,130360832,394264576,0.1552451000000019,0.08400690000000566,0.10323559999999077,0.3698422000000079,0.7149957000000029
82,train:00009495,2.401644229888916,0.8955292105674744,0.8195454478263855,0.6865696907043457,0.0001,12.901600836315433,3.5838754580397545,0.6436719368032753,0.32983091473579407,0.46981096267700195,-0.012426243163645267,1.0017789602279663,0.013508796691894531,0.9881270527839661,0.0028124998789280653,0.3359203040599823,0.4677264392375946,-0.011605720035731792,0.9985288977622986,0.016350099816918373,0.994677722454071,0.007499999832361937,True,130360832,394264576,0.14919059999999718,0.11379100000000619,0.12004190000000392,0.38591029999999193,0.7716705999999931
83,train:00017983,0.04312689229846001,0.04312689229846001,0.0,0.0,0.0001,3.3028162758531656,0.13284144142259824,0.024312150701755037,0.3297038674354553,0.4697444438934326,-0.012762469239532948,1.0017720460891724,0.013957083225250244,0.9876638054847717,0.002968749962747097,0.3359839618206024,0.4675998091697693,-0.011669495142996311,0.9983410239219666,0.016716839745640755,0.9944446086883545,0.007656249683350325,True,130360832,394264576,0.035940100000004804,0.08656530000000373,0.1037276999999932,0.4202488000000102,0.649458800000005
84,train:00030224,2.3096795082092285,0.8218687772750854,0.8505827188491821,0.6372278928756714,0.0001,19.232225706445604,3.8501336317162433,0.9175618476099294,0.32974326610565186,0.4697132110595703,-0.012658889405429363,1.0016098022460938,0.013799190521240234,0.9876649975776672,0.0028124998789280653,0.33614206314086914,0.4673619568347931,-0.01210729219019413,0.9980373382568359,0.017571600154042244,0.9940797686576843,0.008281249552965164,True,130360832,394264576,0.13981069999999818,0.09281250000000796,0.12452949999999419,0.4105083000000036,0.7724050000000062
85,train:00010516,0.03794332221150398,0.03794332221150398,0.0,0.0,0.0001,2.8940896589073755,0.16544149561758606,0.036488067326858595,0.32961809635162354,0.46962404251098633,-0.012917118147015572,1.001521348953247,0.01422339677810669,0.9871472120285034,0.002968749962747097,0.33617231249809265,0.46727263927459717,-0.012079450301826,0.9978615045547485,0.017816225066781044,0.9938860535621643,0.008437499403953552,True,130360832,394264576,0.11425579999999513,0.0836146000000042,0.11205789999999638,0.3773016000000098,0.690363600000012
86,train:00009148,2.4465911388397217,0.9490317106246948,0.8346889615058899,0.6628703474998474,0.0001,20.882402817616804,9.397961417279477,3.4887759281285873,0.32958823442459106,0.4696512520313263,-0.013078457675874233,1.0016800165176392,0.01437002420425415,0.9871545433998108,0.002968749962747097,0.33615466952323914,0.4672311842441559,-0.01189663726836443,0.9978232383728027,0.017874525859951973,0.9937341213226318,0.008281249552965164,True,130360832,394264576,0.13578210000000013,0.0905101999999971,0.11898569999999609,0.4099999000000025,0.7570911999999907
87,train:00027428,2.3304758071899414,0.9019230604171753,0.7586705684661865,0.6698821783065796,0.0001,20.015483357257082,8.52504414046281,1.8715269174835487,0.32951924204826355,0.46956536173820496,-0.01345330011099577,1.0019001960754395,0.0149918794631958,0.9867404103279114,0.003281249897554517,0.3362576365470886,0.46715259552001953,-0.011978824622929096,0.9978420734405518,0.01817607693374157,0.9937160015106201,0.008750000037252903,True,130360832,394264576,0.15669680000000596,0.08119179999999915,0.10916890000000024,0.42336629999999786,0.7707301000000086
88,train:00026158,0.039516955614089966,0.039516955614089966,0.0,0.0,0.0001,2.992948622805493,0.1350746708466147,0.030803272046506097,0.3295302987098694,0.46956852078437805,-0.013086116872727871,1.0018938779830933,0.01494598388671875,0.9867850542068481,0.002968749962747097,0.3363199830055237,0.4671463966369629,-0.01168300211429596,0.9978252649307251,0.017999621108174324,0.993828296661377,0.008593750186264515,True,130360832,394264576,0.04006749999999215,0.08025639999999612,0.1046716000000032,0.4098445000000055,0.6367569000000088
89,train:00023593,2.547492504119873,1.070119023323059,0.7907233238220215,0.6866502165794373,0.0001,15.321330614588428,5.748634187014424,3.6398942839794173,0.32947787642478943,0.46953681111335754,-0.012869637459516525,1.0019620656967163,0.015210330486297607,0.9865872859954834,0.002968749962747097,0.33626556396484375,0.4672950208187103,-0.011056984774768353,0.997866690158844,0.017202535644173622,0.9941508769989014,0.008281249552965164,True,130360832,394264576,0.09020339999999294,0.09312470000000417,0.12029499999999871,0.4047893999999985,0.709716599999993
90,train:00001912,2.3683583736419678,0.8587583303451538,0.8434836864471436,0.6661163568496704,0.0001,17.067276063254205,12.033444664462403,2.2558823678140003,0.32941484451293945,0.4694901406764984,-0.012917890213429928,1.0019166469573975,0.01542729139328003,0.9863229393959045,0.0028124998789280653,0.3364452123641968,0.46718502044677734,-0.010980199091136456,0.9977242350578308,0.01752699725329876,0.9941985607147217,0.008750000037252903,True,130360832,394264576,0.11462219999999945,0.09725889999999993,0.11826629999998772,0.3867654000000016,0.7184977000000003
91,train:00003402,0.04642026126384735,0.04642026126384735,0.0,0.0,0.0001,3.524463793449475,0.13026108112922505,0.037600103713927205,0.3296315670013428,0.4696475863456726,-0.011914256028831005,1.00162935256958,0.01422196626663208,0.9872655272483826,0.0021875000093132257,0.3366657495498657,0.4670220911502838,-0.011220244690775871,0.997593104839325,0.01809246838092804,0.994175136089325,0.009531250223517418,True,130360832,394264576,0.16390260000000012,0.08394189999999924,0.112548799999999,0.4262738999999982,0.7905621999999966
92,train:00027353,2.1376752853393555,0.8614322543144226,0.6055399179458618,0.6707032918930054,0.0001,21.76227371488376,10.239280986077006,6.9934926975943235,0.32954007387161255,0.4693787395954132,-0.012780961580574512,1.001734972000122,0.015311598777770996,0.9862633943557739,0.0028124998789280653,0.3368576169013977,0.4669035077095032,-0.01138884387910366,0.9975107908248901,0.01851481944322586,0.9942207932472229,0.009999999776482582,True,130360832,394264576,0.11659950000000663,0.09754750000000456,0.11649649999999667,0.42709310000000755,0.7623581000000001
93,train:00012684,0.04862518608570099,0.04862518608570099,0.0,0.0,0.0001,3.61204273933416,0.15544457818871169,0.029264737984268357,0.3296775221824646,0.4694865942001343,-0.012251537293195724,1.0017335414886475,0.014707744121551514,0.9868786334991455,0.002343749860301614,0.3369593620300293,0.46678537130355835,-0.011142386123538017,0.9973191022872925,0.018414584919810295,0.9940938949584961,0.010312499478459358,True,130360832,394264576,0.1114376999999962,0.0803773000000092,0.11661669999999447,0.38856870000000754,0.6994978000000032
94,train:00015582,2.46476674079895,1.0014491081237793,0.8067394495010376,0.6565781831741333,0.0001,23.64664552475358,13.56369686023926,7.165699879024544,0.32967469096183777,0.46939969062805176,-0.012623791582882404,1.0020004510879517,0.015246093273162842,0.9865973591804504,0.0026562500279396772,0.33708298206329346,0.4666477143764496,-0.011026333086192608,0.9971954226493835,0.018501505255699158,0.9939529895782471,0.010468749329447746,True,130360832,394264576,0.11127989999999954,0.08590300000000184,0.10915950000000407,0.3913641000000041,0.699046899999999
95,train:00025548,2.590566396713257,0.8417989015579224,0.8240195512771606,0.924747884273529,0.0001,26.539089950922712,5.9482495436520795,2.2592270960010654,0.3297814726829529,0.46940913796424866,-0.01271753665059805,1.0023139715194702,0.015324294567108154,0.9868298768997192,0.002968749962747097,0.33708474040031433,0.46666988730430603,-0.010837145149707794,0.9974050521850586,0.017955632880330086,0.9940254092216492,0.010468749329447746,True,130360832,394264576,0.03308889999999565,0.08950880000000438,0.11061030000000471,0.37586679999999717,0.6111639000000082
96,train:00001852,2.196739673614502,0.9983851909637451,0.5200035572052002,0.6783509850502014,0.0001,26.835834019052804,12.566470499629169,6.267354004234739,0.32990482449531555,0.469503253698349,-0.012650206685066223,1.002625823020935,0.015119969844818115,0.9873460531234741,0.002968749962747097,0.33708715438842773,0.46674981713294983,-0.010665813460946083,0.9977977275848389,0.017400145530700684,0.9942620396614075,0.010312499478459358,True,130360832,394264576,0.1381748000000016,0.11030189999999607,0.11386000000000251,0.3913940999999994,0.7587917000000033
97,train:00024108,2.0723884105682373,0.8515554666519165,0.4469295144081116,0.7739033699035645,0.0001,26.143468037800595,6.4893763223159695,3.46143619986048,0.3301691710948944,0.46952104568481445,-0.01268383301794529,1.0029118061065674,0.014827191829681396,0.9879282116889954,0.003281249897554517,0.3374328017234802,0.4665452837944031,-0.011247548274695873,0.9979814291000366,0.0180107019841671,0.994367778301239,0.01140624936670065,True,130360832,394264576,0.09088079999999366,0.09661880000000167,0.12050150000000315,0.40004309999999066,0.7088442000000015
98,train:00020192,0.07582943141460419,0.07582943141460419,0.0,0.0,0.0001,6.148773993140452,0.3438667896857157,0.11108464930906388,0.33033502101898193,0.4697737693786621,-0.012128006666898727,1.0031883716583252,0.014035701751708984,0.9890033006668091,0.003124999813735485,0.33741676807403564,0.4666717052459717,-0.01086920965462923,0.998338520526886,0.01735564135015011,0.9946982860565186,0.011249999515712261,True,130360832,394264576,0.11815300000000661,0.12787280000000578,0.1137439000000029,0.39679379999999753,0.758003599999995
99,train:00004996,2.353768825531006,0.8363977074623108,0.8166847229003906,0.7006863951683044,0.0001,12.080879488269868,5.851546756264586,1.0531864474842494,0.3305712938308716,0.46995899081230164,-0.011692681349813938,1.00351881980896,0.013354957103729248,0.9900210499763489,0.003124999813735485,0.33741316199302673,0.46677881479263306,-0.010555587708950043,0.9986445903778076,0.01681438833475113,0.9949972629547119,0.011093749664723873,True,130360832,394264576,0.11786490000000072,0.0980148000000014,0.1091148000000004,0.3735703999999913,0.7000479999999953
100,train:00003203,2.0980441570281982,0.7708413600921631,0.5931074023246765,0.7340953350067139,0.0001,21.684827549286965,11.618422775578525,4.601389219230882,0.33084577322006226,0.47005003690719604,-0.011307468637824059,1.003543734550476,0.012555122375488281,0.9908595681190491,0.002968749962747097,0.337782084941864,0.46645787358283997,-0.011049318127334118,0.9986703395843506,0.017642242833971977,0.9948184490203857,0.012187499552965164,True,130360832,394264576,0.09076890000000049,0.085277099999999,0.1226269000000002,0.4013367999999957,0.7033117999999945
101,train:00035264,2.351803779602051,0.9252794981002808,0.7224166989326477,0.7041075229644775,0.0001,17.836209381110784,3.6089199831784238,2.154885468649637,0.3313557505607605,0.47020667791366577,-0.010015996173024178,1.003501057624817,0.01101219654083252,0.9923850893974304,0.0024999999441206455,0.3375879228115082,0.4668091833591461,-0.010309156961739063,0.9986269474029541,0.016289519146084785,0.9954360723495483,0.01140624936670065,True,130360832,394264576,0.047430599999998435,0.08435599999999965,0.11356270000000279,0.3973761999999965,0.6289708999999988
102,train:00015226,0.11204908043146133,0.11204908043146133,0.0,0.0,0.0001,9.903917722619447,1.2731704193960585,0.2932460097647136,0.331153005361557,0.4701947867870331,-0.011853856965899467,1.004562258720398,0.012579739093780518,0.9918342232704163,0.004062499850988388,0.3378860354423523,0.4663546681404114,-0.010784168727695942,0.9986605048179626,0.01742558740079403,0.994736909866333,0.012187499552965164,True,130360832,394264576,0.08979599999999266,0.08228610000000458,0.11110659999999939,0.3766032999999993,0.6609789000000035
103,train:00026498,2.357516288757324,0.870461642742157,0.799119770526886,0.6879348754882812,0.0001,16.330347364168244,10.37830303008054,4.139839820279473,0.3312996029853821,0.4702892601490021,-0.012056179344654083,1.0049690008163452,0.012435615062713623,0.9923790097236633,0.004687499720603228,0.33805954456329346,0.4661303162574768,-0.010949373245239258,0.9986215233802795,0.017832379788160324,0.9944458603858948,0.012656250037252903,True,130360832,394264576,0.02651679999999601,0.09475229999999613,0.10620720000000006,0.38994280000000003,0.6184901000000025
104,train:00029468,2.2487902641296387,0.7967522144317627,0.774163007736206,0.6778751611709595,0.0001,13.445042834800711,4.4934046078803735,1.0287572440246966,0.3313778042793274,0.470427006483078,-0.011792895384132862,1.0049914121627808,0.01189887523651123,0.9929441213607788,0.0043750000186264515,0.33815479278564453,0.46592453122138977,-0.010905273258686066,0.9984930753707886,0.017824970185756683,0.9940541982650757,0.012656250037252903,True,130360832,394264576,0.12480259999999532,0.09095579999998904,0.11231240000000753,0.37492329999999185,0.7030648999999869
105,train:00001209,2.1296956539154053,0.7987291812896729,0.6281505823135376,0.7028158903121948,0.0001,19.636432232907676,7.308310008689736,3.5781789059628957,0.3315465450286865,0.4706067442893982,-0.011644124984741211,1.005319595336914,0.011644124984741211,0.9938004016876221,0.004687499720603228,0.338312566280365,0.46560075879096985,-0.011162662878632545,0.998508095741272,0.01833242177963257,0.9934481382369995,0.013124999590218067,True,130360832,394264576,0.16720160000001272,0.08987450000000763,0.11051539999999704,0.4020916999999997,0.7743065000000087
106,train:00027298,2.4699411392211914,0.9314541816711426,0.8365883827209473,0.7018985152244568,0.0001,12.162268860104364,3.3496417492934385,3.873954191618448,0.3317158818244934,0.47066396474838257,-0.011936333030462265,1.0059192180633545,0.011936333030462265,0.9942734837532043,0.005624999757856131,0.33820027112960815,0.46555295586586,-0.010600139386951923,0.9985685348510742,0.01775827817618847,0.993093729019165,0.012812499888241291,True,130360832,394264576,0.12277339999999981,0.08352279999999723,0.12335730000000922,0.40028839999999377,0.7311028000000022
107,train:00003517,2.1828861236572266,0.685173511505127,0.821135401725769,0.6765773296356201,0.0001,20.24106100481306,2.7815064692838503,6.3155633694840905,0.3317493796348572,0.4707908034324646,-0.011435776948928833,1.00568425655365,0.011435776948928833,0.994732677936554,0.004999999888241291,0.3383098542690277,0.4653356671333313,-0.010423291474580765,0.998661458492279,0.01791682094335556,0.9926952719688416,0.012968749739229679,True,130360832,394264576,0.19971160000000054,0.07656489999999394,0.1138401999999985,0.3674680999999964,0.7601655999999934
108,train:00024348,2.3623785972595215,0.8333274722099304,0.8438051342964172,0.6852460503578186,0.0001,13.008342697213928,5.662763982948484,2.6079731656594913,0.331953227519989,0.4707534611225128,-0.011866411194205284,1.0062075853347778,0.011866411194205284,0.9950085878372192,0.005781250074505806,0.3384758234024048,0.46509286761283875,-0.010030294768512249,0.9985103607177734,0.018004953861236572,0.9923417568206787,0.013124999590218067,True,130360832,394264576,0.10650720000001002,0.09833810000000653,0.12612029999999663,0.3618562000000054,0.6959211000000067
109,train:00021858,2.2942960262298584,0.7836036086082458,0.8213171362876892,0.6893752217292786,0.0001,17.524361874434177,13.055884032964698,3.7660549298344166,0.33207592368125916,0.470810204744339,-0.012273182161152363,1.00682532787323,0.012273182161152363,0.9953815340995789,0.006562499795109034,0.3384605646133423,0.465160608291626,-0.009454763494431973,0.9986448287963867,0.01762370951473713,0.9925081133842468,0.012812499888241291,True,130360832,394264576,0.09444309999999234,0.08968729999999425,0.11283840000000112,0.36397259999999676,0.6665457999999944
110,train:00001816,0.22179432213306427,0.22179432213306427,0.0,0.0,0.0001,21.891273699405104,3.516026607148057,1.1275032528921014,0.332060307264328,0.47090038657188416,-0.011920135468244553,1.0067253112792969,0.011920135468244553,0.9956225752830505,0.0064062499441206455,0.338316410779953,0.46534764766693115,-0.008688625879585743,0.9985838532447815,0.017146317288279533,0.9927593469619751,0.012343749403953552,True,130360832,394264576,0.09289840000000993,0.08215340000000992,0.10361509999999896,0.3633438999999896,0.6452371999999968
111,train:00010379,2.1958794593811035,0.8205457925796509,0.6852569580078125,0.6900768280029297,0.0001,36.467532319395254,32.08032031915142,1.509039044664473,0.33213144540786743,0.4708431363105774,-0.01195892971009016,1.0068331956863403,0.01195892971009016,0.9955966472625732,0.0064062499441206455,0.33843979239463806,0.46519365906715393,-0.00838055182248354,0.9983860850334167,0.01767687499523163,0.9925717711448669,0.01249999925494194,True,130360832,394264576,0.13875380000000348,0.08810939999999334,0.10675080000000037,0.3633264000000054,0.6995751000000041
112,train:00024293,0.19416867196559906,0.19416867196559906,0.0,0.0,0.0001,18.011518539328726,0.6629984587115878,3.2294320961549317,0.33231043815612793,0.4709487557411194,-0.011797926388680935,1.0072665214538574,0.012151704169809818,0.9962536692619324,0.006874999962747097,0.338489294052124,0.465032160282135,-0.008134816773235798,0.9982127547264099,0.01802751049399376,0.9922140836715698,0.012343749403953552,True,130360832,394264576,0.1161850999999956,0.08861339999999984,0.12117229999999779,0.3939771999999948,0.7308215999999987
113,train:00021123,2.386256217956543,0.9390746355056763,0.7581737041473389,0.6890079379081726,0.0001,45.150215576277574,13.250900456241185,37.922187397082574,0.3324010372161865,0.47096163034439087,-0.011693239212036133,1.0075386762619019,0.01253382209688425,0.996464192867279,0.007187499664723873,0.33858585357666016,0.46497613191604614,-0.007619142532348633,0.9982536435127258,0.0181325301527977,0.9922477006912231,0.012656250037252903,True,130360832,394264576,0.10095390000000748,0.08578380000000152,0.10682669999999916,0.3701788999999991,0.6701431999999983
114,train:00016549,0.14107775688171387,0.14107775688171387,0.0,0.0,0.0001,12.087892973855759,0.9226327073351586,0.4298681898107448,0.33233556151390076,0.47106683254241943,-0.011220470070838928,1.0076723098754883,0.012317133136093616,0.9966369271278381,0.007031249813735485,0.3385191559791565,0.46491387486457825,-0.008603923954069614,0.9971044063568115,0.019252315163612366,0.9919445514678955,0.011874999850988388,True,130360832,394264576,0.038243600000001265,0.08213020000000881,0.09890829999999085,0.36228630000000805,0.5847261000000117
115,train:00011499,2.1630048751831055,0.8003435134887695,0.6796771883964539,0.6829842329025269,0.0001,10.283397773529039,4.367899357048106,1.1151332822866984,0.33237898349761963,0.4711933135986328,-0.01068677008152008,1.007777452468872,0.011975073255598545,0.9971021413803101,0.006874999962747097,0.33859485387802124,0.46464309096336365,-0.009882038459181786,0.9960952401161194,0.021035419777035713,0.9913267493247986,0.011874999850988388,True,130360832,394264576,0.1718616999999938,0.07923790000000963,0.10901419999999007,0.3775554999999997,0.7409950999999921
116,train:00012547,0.09875227510929108,0.09875227510929108,0.0,0.0,0.0001,7.661662526766775,0.9352705883072058,0.06317465042761777,0.33249109983444214,0.47120171785354614,-0.010551481507718563,1.008280634880066,0.012408447451889515,0.9973345398902893,0.0073437499813735485,0.3384798765182495,0.4646543264389038,-0.010734508745372295,0.9955328702926636,0.021919867023825645,0.9911288619041443,0.011562500149011612,True,130360832,394264576,0.07616470000000675,0.10303719999998862,0.11047299999999893,0.4042715000000072,0.6978258000000039
117,train:00033311,2.173868179321289,0.8916527032852173,0.5925008654594421,0.6897146701812744,0.0001,13.054675780709404,8.163502048983286,0.31661613412963924,0.3325920104980469,0.4711998403072357,-0.010595651343464851,1.0089150667190552,0.013074899092316628,0.9974997639656067,0.008124999701976776,0.3385034203529358,0.46451908349990845,-0.011680245399475098,0.995976448059082,0.023165585473179817,0.9907886385917664,0.01140624936670065,True,130360832,394264576,0.05128000000000554,0.08826150000000155,0.12609919999999875,0.4079660999999959,0.6789893999999919
118,train:00031018,2.0065622329711914,0.8309929370880127,0.48651182651519775,0.689057469367981,0.0001,24.043157060848486,8.630069305621435,1.5620693688224951,0.33260858058929443,0.471237450838089,-0.010146565735340118,1.0087872743606567,0.012725233100354671,0.9976624846458435,0.0078125,0.3384954333305359,0.46441933512687683,-0.012402094900608063,0.9964296221733093,0.024137504398822784,0.9904854893684387,0.011093749664723873,True,130360832,394264576,0.14573939999999652,0.08295499999999834,0.12532910000000186,0.4205029999999965,0.7757114000000058
119,train:00020238,2.2731447219848633,0.8601378202438354,0.7211885452270508,0.6918182373046875,0.0001,31.304508665993872,10.090439432675593,2.827863163835431,0.3326219916343689,0.47116851806640625,-0.010135235264897346,1.009089469909668,0.013215484097599983,0.9974722862243652,0.008124999701976776,0.3384777307510376,0.4643785059452057,-0.013172605074942112,0.9968668818473816,0.02505861409008503,0.9903279542922974,0.011093749664723873,True,130360832,394264576,0.15308410000000094,0.07662220000000275,0.10665210000000513,0.404354799999993,0.7426100999999932
120,train:00017586,0.06971120834350586,0.06971120834350586,0.0,0.0,0.0001,5.173560934765554,0.24448718029077265,0.08544360904179095,0.3327378034591675,0.47113052010536194,-0.009855234995484352,1.0092662572860718,0.013486528769135475,0.9975957870483398,0.008281249552965164,0.33829984068870544,0.4645439386367798,-0.013476703315973282,0.9973335266113281,0.02514500729739666,0.9904379844665527,0.011093749664723873,True,130360832,394264576,0.04427290000000994,0.08022989999999197,0.1071979999999968,0.3738022000000001,0.6089106000000015
121,train:00026178,0.06524127721786499,0.06524127721786499,0.0,0.0,0.0001,4.80769172894304,0.2619639673826306,0.07397790888214875,0.3329756259918213,0.47105008363723755,-0.009801862761378288,1.0097960233688354,0.014140860177576542,0.9978256821632385,0.008906249888241291,0.3385550379753113,0.46411043405532837,-0.014763624407351017,0.9975666403770447,0.02733498252928257,0.9897023439407349,0.012187499552965164,True,130360832,394264576,0.0264137000000062,0.08205130000000338,0.10754529999999818,0.392444299999994,0.609710800000002
122,train:00004320,2.28521728515625,0.8230231404304504,0.7855193018913269,0.6766747832298279,0.0001,16.726251675247834,9.32596554017506,2.7128604500494307,0.33288106322288513,0.47108376026153564,-0.009290107525885105,1.009259581565857,0.013517044484615326,0.9977694749832153,0.007968749850988388,0.3384925127029419,0.4641273021697998,-0.01520284079015255,0.9979161620140076,0.027830535545945168,0.9896177649497986,0.012187499552965164,True,130360832,394264576,0.1539989999999989,0.07643140000000415,0.11352259999999603,0.3969708000000054,0.7437928000000085
123,train:00016208,2.2538676261901855,0.9611221551895142,0.6129342317581177,0.6798111200332642,0.0001,35.47692896971265,23.95279638790148,0.8899796136157261,0.3330235481262207,0.4710094630718231,-0.009531844407320023,1.0098785161972046,0.014324965886771679,0.9978057742118835,0.008906249888241291,0.33851194381713867,0.4640277028083801,-0.015601346269249916,0.9984243512153625,0.02845204621553421,0.989361584186554,0.012343749403953552,True,130360832,394264576,0.17715899999998896,0.07874089999999967,0.11102749999999162,0.4137539000000032,0.7834316000000001
124,train:00025178,0.05764801800251007,0.05764801800251007,0.0,0.0,0.0001,4.254358316897,0.08225352163886267,0.06612029049114546,0.3332425355911255,0.47102081775665283,-0.009282231330871582,1.0104089975357056,0.014937316067516804,0.9982609748840332,0.009374999441206455,0.33831918239593506,0.4641856253147125,-0.015888212248682976,0.9986439347267151,0.02841271087527275,0.9894200563430786,0.012343749403953552,True,130360832,394264576,0.1208235000000002,0.08450410000000375,0.10991869999999437,0.395047500000004,0.711594599999998
125,train:00001603,2.053887128829956,0.8436218500137329,0.5309988260269165,0.6792664527893066,0.0001,26.470775680420292,2.8542409790027503,3.355969145626651,0.33321261405944824,0.4710530638694763,-0.00871974602341652,1.0099457502365112,0.01428732555359602,0.9983336925506592,0.008750000037252903,0.338440865278244,0.4639331102371216,-0.01676524057984352,0.9989100098609924,0.029806919395923615,0.9889295697212219,0.012656250037252903,True,130360832,394264576,0.13091959999999858,0.09856220000000349,0.11464960000000701,0.4094949999999926,0.7571920000000034
126,train:00027658,0.05325022339820862,0.05325022339820862,0.0,0.0,0.0001,3.8578454313502277,0.18600444958270737,0.03387744965582518,0.3335241973400116,0.47105488181114197,-0.008689634501934052,1.0109615325927734,0.015425737015902996,0.9989175200462341,0.01015624962747097,0.33843979239463806,0.463765025138855,-0.017484422773122787,0.998924195766449,0.03066718578338623,0.9884406328201294,0.012812499888241291,True,130360832,394264576,0.11911209999999528,0.08045979999999986,0.0742510999999979,0.4261191000000082,0.7028523000000035
127,train:00000991,2.285797119140625,0.9088068604469299,0.6810181140899658,0.6959721446037292,0.0001,24.127291690836444,7.596271772645006,2.8102718667112034,0.3334093987941742,0.4711485803127289,-0.008078042417764664,1.0102174282073975,0.014346708543598652,0.9990113377571106,0.008750000037252903,0.3384331464767456,0.463633269071579,-0.018008645623922348,0.9990206360816956,0.03127198666334152,0.9880444407463074,0.012968749739229679,True,130360832,394264576,0.09753419999999835,0.11537769999999625,0.1274058999999994,0.4039573999999959,0.7455221000000023
128,train:00009989,2.338785409927368,0.8822311162948608,0.7437556982040405,0.7127986550331116,0.0001,14.811262935458714,1.8287805853565278,3.234466870612055,0.33342215418815613,0.4712235927581787,-0.00784406065940857,1.010214924812317,0.014358903281390667,0.9992550015449524,0.008593750186264515,0.3379710912704468,0.464147686958313,-0.017154641449451447,0.9990276098251343,0.02930685505270958,0.9885972738265991,0.01249999925494194,True,130360832,394264576,0.1121635000000083,0.0894250999999997,0.11813430000000835,0.44074399999999514,0.7630793000000011
129,train:00010052,2.1618247032165527,0.8232213854789734,0.6220827102661133,0.7165204286575317,0.0001,22.062413040373297,6.537458121020367,1.8071400244335232,0.3334338366985321,0.4712596535682678,-0.0076799350790679455,1.0102406740188599,0.014371868222951889,0.9993836283683777,0.008593750186264515,0.3379194140434265,0.4640175700187683,-0.017485471442341805,0.9988827109336853,0.02968159317970276,0.9881228804588318,0.01249999925494194,True,130360832,394264576,0.17433030000000826,0.08214990000000455,0.11979479999999398,0.3853122000000013,0.7627123999999981
130,train:00015662,0.05500450357794762,0.05500450357794762,0.0,0.0,0.0001,4.080253168987944,0.2481646526702616,0.09723844182874243,0.33353883028030396,0.47130143642425537,-0.007805893197655678,1.0109364986419678,0.015096250921487808,0.9996750354766846,0.009843749925494194,0.33803361654281616,0.46359559893608093,-0.018478874117136,0.9986546635627747,0.03115794248878956,0.9871428608894348,0.012812499888241291,True,130360832,394264576,0.145963100000003,0.09526299999998855,0.12317940000001215,0.37807789999999386,0.7471319999999935
131,train:00006289,2.301699638366699,0.7784532308578491,0.823323667049408,0.6999229192733765,0.0001,18.029687255821415,4.654543731953512,2.296280374169569,0.33344054222106934,0.4713439345359802,-0.007475670427083969,1.0104626417160034,0.014372515492141247,0.9996328949928284,0.008906249888241291,0.33805304765701294,0.46335846185684204,-0.018972449004650116,0.9985113143920898,0.03183405101299286,0.986504077911377,0.012812499888241291,True,130360832,394264576,0.19552140000000406,0.07871520000000487,0.10131319999999278,0.38592760000000226,0.7627246999999926
132,train:00008788,2.330326557159424,0.9038644433021545,0.7425919771194458,0.6838700771331787,0.0001,20.80004124854662,11.588140642351267,1.9652432269929638,0.3334915339946747,0.4714265763759613,-0.007341800723224878,1.0105873346328735,0.014373031444847584,0.9999716877937317,0.009062499739229679,0.33793699741363525,0.46329614520072937,-0.019247375428676605,0.9981663227081299,0.031883355230093,0.9861012697219849,0.012656250037252903,True,130360832,394264576,0.09857970000000194,0.09743860000000382,0.12681619999999327,0.4198195000000027,0.7502944999999954
133,train:00004019,2.2033987045288086,0.8247154355049133,0.6754472255706787,0.7032362222671509,0.0001,18.688992620464155,5.394287991981176,2.228615607598355,0.3334413766860962,0.47147035598754883,-0.0069833979941904545,1.0101717710494995,0.013927070423960686,1.0000238418579102,0.008124999701976776,0.33786696195602417,0.46322211623191833,-0.019423210993409157,0.9979457259178162,0.03183942660689354,0.9857558608055115,0.01249999925494194,True,130360832,394264576,0.10766209999999887,0.09408129999999915,0.11614350000000684,0.40272749999999746,0.7221163000000104
134,train:00013170,0.0772455483675003,0.0772455483675003,0.0,0.0,0.0001,6.099490490305341,0.4734801564739546,0.04192538216706078,0.3335692882537842,0.4715023338794708,-0.006844578310847282,1.0105520486831665,0.01433886680752039,1.0003576278686523,0.008750000037252903,0.3378581702709198,0.46299949288368225,-0.019720731303095818,0.9976064562797546,0.03216077387332916,0.9851091504096985,0.01249999925494194,True,130360832,394264576,0.028414900000001353,0.08303169999999227,0.1253547000000026,0.3851166000000035,0.6237595999999996
135,train:00014844,0.09059614688158035,0.09059614688158035,0.0,0.0,0.0001,7.745542906021547,0.5977499414309461,0.15888239766120554,0.3336251974105835,0.4715591371059418,-0.006529513280838728,1.010478138923645,0.01419278234243393,1.0006451606750488,0.008437499403953552,0.33777737617492676,0.46293461322784424,-0.019704436883330345,0.9973375201225281,0.031934212893247604,0.9847705364227295,0.012187499552965164,True,130360832,394264576,0.13577870000000303,0.08534499999998957,0.10287160000000029,0.358551900000009,0.6846648000000073
136,train:00025598,2.1766016483306885,0.6991094946861267,0.8053538799285889,0.6721382141113281,0.0001,20.271474283521343,7.407454095546384,3.8530641267109744,0.33383119106292725,0.4715997576713562,-0.00651306239888072,1.0112988948822021,0.015210296958684921,1.0011327266693115,0.009843749925494194,0.3376469314098358,0.4629918336868286,-0.019527435302734375,0.9971104860305786,0.03136802464723587,0.9846815466880798,0.012031249701976776,True,130360832,394264576,0.027865699999992444,0.09851839999998901,0.11380220000000918,0.4065362999999991,0.6505216999999988
137,train:00014156,2.0524611473083496,0.7453567981719971,0.6339275240898132,0.6731767058372498,0.0001,19.293202319750428,5.373046979918467,1.932939828533468,0.33372431993484497,0.4716099500656128,-0.006135063245892525,1.0105485916137695,0.014216241426765919,1.0009958744049072,0.008281249552965164,0.3378220200538635,0.46259328722953796,-0.020276714116334915,0.9969852566719055,0.032735664397478104,0.983889102935791,0.012343749403953552,True,130360832,394264576,0.1193317000000036,0.08290470000000028,0.13052079999999933,0.4259112000000016,0.7599663000000021
138,train:00025413,0.10174806416034698,0.10174806416034698,0.0,0.0,0.0001,9.381773707915565,0.3233682937945221,0.14186371731377936,0.33386993408203125,0.47166576981544495,-0.006163483951240778,1.011294960975647,0.015073006972670555,1.0014084577560425,0.009687500074505806,0.33762630820274353,0.4628472924232483,-0.019877644255757332,0.9969874024391174,0.03170780465006828,0.9842265844345093,0.012031249701976776,True,130360832,394264576,0.18285430000000247,0.08735809999998878,0.1095686000000029,0.4260653999999988,0.8104507999999981
139,train:00032891,0.0837714672088623,0.0837714672088623,0.0,0.0,0.0001,7.239138482499247,0.315351105411888,0.13665867749522717,0.333859384059906,0.471699982881546,-0.005992897320538759,1.0112404823303223,0.014924994669854641,1.0014915466308594,0.009687500074505806,0.3376288414001465,0.4627421200275421,-0.020155377686023712,0.9968900680541992,0.03199516609311104,0.9839305877685547,0.012187499552965164,True,130360832,394264576,0.13683249999999703,0.07251619999999548,0.11293949999999597,0.3761891999999989,0.6998509000000013
140,train:00025833,0.07434027642011642,0.07434027642011642,0.0,0.0,0.0001,6.291659936728825,0.3066820881953905,0.3235025549016005,0.3339603841304779,0.4717283248901367,-0.005867828615009785,1.0114902257919312,0.015090967528522015,1.0017694234848022,0.009999999776482582,0.33765730261802673,0.46258270740509033,-0.02050687186419964,0.9967926740646362,0.03242504969239235,0.9835306406021118,0.012343749403953552,True,130360832,394264576,0.03597100000000353,0.09684540000000652,0.11837669999999889,0.38067929999999706,0.6358107000000075
141,train:00008015,2.0091562271118164,0.838259220123291,0.4479581117630005,0.7229389548301697,0.0001,35.38947207026727,10.050946000898845,2.362236523392322,0.3338322639465332,0.47179555892944336,-0.005676310509443283,1.011015772819519,0.014439844526350498,1.001731276512146,0.009062499739229679,0.33747339248657227,0.4628487825393677,-0.020028460770845413,0.9967891573905945,0.03139590844511986,0.9839270114898682,0.011874999850988388,True,130360832,394264576,0.157176800000002,0.0710578000000055,0.1131515999999948,0.3785584999999969,0.7222464000000031
142,train:00020112,2.1058709621429443,0.8346942067146301,0.6001578569412231,0.6710188388824463,0.0001,28.006665010906037,8.427490166481507,2.288145978285779,0.3338112235069275,0.4717487394809723,-0.005651551298797131,1.0109690427780151,0.01452692598104477,1.0015538930892944,0.008906249888241291,0.3375743627548218,0.46259042620658875,-0.02068319357931614,0.9967634677886963,0.032289694994688034,0.9833849668502808,0.012187499552965164,True,130360832,394264576,0.1472157999999979,0.07259089999999446,0.12638780000000338,0.3899131000000011,0.7408788999999985
143,train:00003285,0.07146330177783966,0.07146330177783966,0.0,0.0,0.0001,6.814260683449643,0.6504018963254414,0.14084146224664626,0.3337444067001343,0.47172728180885315,-0.005392053164541721,1.0103741884231567,0.01382069755345583,1.001395344734192,0.0073437499813735485,0.33765411376953125,0.46243831515312195,-0.02137908525764942,0.996829628944397,0.03314290940761566,0.9831003546714783,0.012656250037252903,True,130360832,394264576,0.037764400000014575,0.09506770000001552,0.11291429999999991,0.3858060000000023,0.6349347999999964
144,train:00013789,0.05781082808971405,0.05781082808971405,0.0,0.0,0.0001,5.540403552186425,0.4544907933680898,0.08802909680131436,0.333803653717041,0.4716850519180298,-0.0054390146397054195,1.0107041597366333,0.014314410276710987,1.0013737678527832,0.007968749850988388,0.33758649230003357,0.4626033902168274,-0.021157581359148026,0.9970728158950806,0.03262409195303917,0.9834322929382324,0.01249999925494194,True,130360832,394264576,0.13585770000000252,0.07595809999997982,0.10557760000000371,0.3757171000000028,0.694396299999994
145,train:00005751,2.4353559017181396,0.7939034700393677,0.9594948291778564,0.6819576025009155,0.0001,13.84009757792702,5.687241068555038,1.1064400867923698,0.3337125778198242,0.47172147035598755,-0.005561548750847578,1.01055908203125,0.01428976934403181,1.0012961626052856,0.0078125,0.3374813199043274,0.4627740681171417,-0.021151568740606308,0.9971489310264587,0.032281432300806046,0.9837069511413574,0.012343749403953552,True,130360832,394264576,0.03464320000000498,0.07834700000000794,0.1026724000000172,0.3603580999999849,0.5776204000000007
146,train:00028911,0.047099605202674866,0.047099605202674866,0.0,0.0,0.0001,4.478629948869861,0.20460607683195545,0.16168929575080948,0.33381056785583496,0.47165822982788086,-0.00537509098649025,1.0107347965240479,0.014634445309638977,1.0013045072555542,0.007968749850988388,0.3374369740486145,0.46291059255599976,-0.021120864897966385,0.9973328709602356,0.03208122402429581,0.9840037226676941,0.012343749403953552,True,130360832,394264576,0.14542980000001648,0.08412160000000313,0.09827789999999936,0.3796581999999944,0.7132036000000141
147,train:00004064,0.04618814215064049,0.04618814215064049,0.0,0.0,0.0001,4.371573119524477,0.13909476342929572,0.2644885881614472,0.3336608111858368,0.4716510772705078,-0.0054520126432180405,1.010151743888855,0.014069685712456703,1.0010093450546265,0.006718749646097422,0.337464302778244,0.462880939245224,-0.02137255296111107,0.9974571466445923,0.03239144757390022,0.9839679002761841,0.01249999925494194,True,130360832,394264576,0.17248010000000136,0.07834610000000453,0.09853649999999448,0.4166296999999872,0.7679946999999743
148,train:00017410,2.428189277648926,0.874460756778717,0.8835989832878113,0.6701294779777527,0.0001,20.375891564581682,4.6068515433722865,1.215782523123133,0.3337467610836029,0.47159433364868164,-0.005474049597978592,1.0105763673782349,0.014781879261136055,1.0009922981262207,0.007656249683350325,0.3372620940208435,0.4632973372936249,-0.02057434618473053,0.9976781606674194,0.030984969809651375,0.9847555756568909,0.012187499552965164,True,130360832,394264576,0.09648660000001996,0.08434439999999199,0.11147550000001161,0.3732441999999878,0.6681491999999878
149,train:00015524,0.03674795478582382,0.03674795478582382,0.0,0.0,0.0001,3.7871071175574214,0.3249224800011573,0.09825159303942926,0.3337855041027069,0.4715682864189148,-0.005411082413047552,1.010604739189148,0.015055189840495586,1.0009913444519043,0.0078125,0.3373757302761078,0.46305766701698303,-0.02115403115749359,0.997661292552948,0.03191140666604042,0.9842919111251831,0.012343749403953552,True,130360832,394264576,0.029338600000016868,0.07640900000001238,0.1076836999999955,0.36714150000000245,0.5817630000000236
150,train:00020334,2.2394111156463623,0.8061070442199707,0.6572525501251221,0.7760515213012695,0.0001,30.03917888242065,10.015801752283265,1.786480243114897,0.3336956202983856,0.47157198190689087,-0.005594024434685707,1.010351300239563,0.015012271702289581,1.0008262395858765,0.0073437499813735485,0.33739110827445984,0.46300601959228516,-0.02127082273364067,0.9976854920387268,0.032105453312397,0.9841728210449219,0.01249999925494194,True,130360832,394264576,0.17883639999999446,0.08333630000001335,0.09857069999998203,0.3863162000000102,0.7490650000000016
151,train:00032470,2.4364547729492188,0.9090182781219482,0.8328840732574463,0.6945524215698242,0.0001,20.05701104608504,7.6674153296143155,2.795929035438544,0.33366602659225464,0.47160714864730835,-0.005597738549113274,1.0102994441986084,0.014998570084571838,1.0008686780929565,0.007187499664723873,0.33738216757774353,0.46302130818367004,-0.02120090276002884,0.9976633787155151,0.03204227611422539,0.984200656414032,0.012343749403953552,True,130360832,394264576,0.18951939999999468,0.08050570000000334,0.11989330000000109,0.3926814999999806,0.6961954999999875
152,train:00016579,2.276475429534912,0.8674478530883789,0.7407073378562927,0.6683200597763062,0.0001,28.659543735222545,12.22689654088133,2.9600075937934647,0.33360525965690613,0.47157546877861023,-0.005654032342135906,1.0101958513259888,0.015126710757613182,1.0006532669067383,0.007031249813735485,0.337563157081604,0.46279269456863403,-0.02138008177280426,0.9978007078170776,0.032722797244787216,0.9839053750038147,0.01249999925494194,True,130360832,394264576,0.03677569999999264,0.08321010000000229,0.11480969999999502,0.38922099999999205,0.6267978999999855
153,train:00024053,2.088207244873047,0.9190869331359863,0.44868767261505127,0.7204326391220093,0.0001,45.69000531015693,33.6387715804079,7.982041662333133,0.3338092565536499,0.47161632776260376,-0.0057355547323822975,1.0108709335327148,0.01613512821495533,1.0011441707611084,0.008593750186264515,0.33771902322769165,0.4625503718852997,-0.022136619314551353,0.9977770447731018,0.03403444588184357,0.9835159182548523,0.012968749739229679,True,130360832,394264576,0.0924701000000141,0.09055609999998637,0.10710160000002134,0.4007103999999799,0.6951061000000038
154,train:00022558,0.06177864968776703,0.06177864968776703,0.0,0.0,0.0001,5.805728003166827,0.3436891818927304,0.3127407296346066,0.33365684747695923,0.47156545519828796,-0.005760554224252701,1.0108269453048706,0.015677619725465775,1.000694990158081,0.008593750186264515,0.33788812160491943,0.4621990919113159,-0.02186424843966961,0.9976066946983337,0.034490834921598434,0.9828585386276245,0.012968749739229679,True,130360832,394264576,0.13726840000001062,0.0850315000000137,0.10851030000000605,0.3822272999999825,0.7147767999999814
155,train:00021018,0.0974079817533493,0.0974079817533493,0.0,0.0,0.0001,11.2177779773872,1.3862353466176844,0.17147586798853215,0.33323997259140015,0.47165894508361816,-0.006212064530700445,1.010436773300171,0.015151184052228928,1.000123381614685,0.007968749850988388,0.3377043902873993,0.46239569783210754,-0.021245280280709267,0.9971717000007629,0.03369051590561867,0.9830726981163025,0.012656250037252903,True,130360832,394264576,0.10394960000002129,0.08431450000000495,0.10582099999999173,0.43176740000001246,0.7293128000000024
156,train:00020743,2.640094757080078,1.010721206665039,0.9390256404876709,0.6903479695320129,0.0001,22.717178214475265,17.30857001920028,5.222198489766118,0.3330601453781128,0.47165828943252563,-0.006401470862329006,1.01039457321167,0.014906003139913082,0.9997554421424866,0.007968749850988388,0.3377888798713684,0.4621584415435791,-0.021234940737485886,0.9968750476837158,0.03418576344847679,0.9825721979141235,0.01249999925494194,True,130360832,394264576,0.12305119999999192,0.09342500000002474,0.12598429999999894,0.38769729999998503,0.7313371999999845
157,train:00023693,2.488811492919922,1.0321935415267944,0.7706606388092041,0.6859573721885681,0.0001,16.068391781777873,6.538805151597289,2.3501857415876564,0.3329707086086273,0.4716738164424896,-0.0063591026701033115,1.0105520486831665,0.014706854708492756,0.9996140003204346,0.008281249552965164,0.33763059973716736,0.46254396438598633,-0.020252954214811325,0.9970815777778625,0.03284480422735214,0.9833606481552124,0.012187499552965164,True,130360832,394264576,0.13309319999999047,0.0844756999999845,0.12336860000002048,0.40619590000000017,0.7525288000000216
158,train:00005554,2.6579935550689697,1.157688021659851,0.8036407232284546,0.6966648101806641,0.0001,18.557015821890314,7.726767051007027,2.719017479721682,0.3325938582420349,0.47179967164993286,-0.0069062476977705956,1.0101118087768555,0.01398214977234602,0.999226450920105,0.008124999701976776,0.337998628616333,0.4618583917617798,-0.021585755050182343,0.9969494938850403,0.03555561229586601,0.9821242690086365,0.013124999590218067,True,130360832,394264576,0.16037649999998393,0.08314070000000129,0.12783670000001734,0.4078870999999822,0.783730399999996
159,train:00029918,2.0274415016174316,0.8371250033378601,0.4932807683944702,0.6970359086990356,0.0001,24.233629396627475,9.609212933550518,1.9807590155368269,0.3324889540672302,0.4718298614025116,-0.006782838609069586,1.0101367235183716,0.013701134361326694,0.9991018176078796,0.008281249552965164,0.3380790650844574,0.46186554431915283,-0.021635862067341805,0.997222363948822,0.035773638635873795,0.9822949171066284,0.013281249441206455,True,130360832,394264576,0.035216899999994666,0.09928410000000554,0.11500529999997866,0.39122310000001903,0.6436257000000012
160,train:00007150,2.3517274856567383,0.8818364143371582,0.7809576988220215,0.688933253288269,0.0001,12.334997815319323,4.891052205282084,2.532639776814944,0.33235710859298706,0.4719895124435425,-0.0071299015544354916,1.0102704763412476,0.013552259653806686,0.9992826581001282,0.008593750186264515,0.3380410075187683,0.46210432052612305,-0.021327979862689972,0.9974716305732727,0.035278961062431335,0.9828975796699524,0.013281249441206455,True,130360832,394264576,0.13347740000000385,0.08334320000000162,0.14597190000000637,0.3957710999999904,0.7609968999999808
161,train:00009476,2.5869061946868896,1.0339826345443726,0.8699829578399658,0.682940661907196,0.0001,13.584566944273517,6.122794049176427,1.4561567821476982,0.3323121666908264,0.47207722067832947,-0.00723566859960556,1.0106452703475952,0.0135213453322649,0.9994248747825623,0.009062499739229679,0.3383103311061859,0.46184730529785156,-0.021860193461179733,0.99776291847229,0.03650297597050667,0.9826816916465759,0.013906249776482582,True,130360832,394264576,0.09720530000001304,0.1034381000000053,0.13710080000001312,0.4011098000000004,0.7421901000000162
162,train:00021643,2.323047637939453,0.7821712493896484,0.8453856706619263,0.6954907178878784,0.0001,14.436246731287904,6.5917427528290355,1.5587387215384663,0.3323885202407837,0.4721544086933136,-0.00697709247469902,1.0110809803009033,0.013321262784302235,0.9997916221618652,0.009687500074505806,0.33852148056030273,0.46164223551750183,-0.022359974682331085,0.9980359077453613,0.03746990114450455,0.98249751329422,0.014531250111758709,True,130360832,394264576,0.12323799999998641,0.08488099999999577,0.11341949999999201,0.4102314000000149,0.7329058999999916
163,train:00016350,0.06614276766777039,0.06614276766777039,0.0,0.0,0.0001,5.404848213522488,0.2472269334419252,0.07851979137597001,0.33223336935043335,0.47236165404319763,-0.007714820094406605,1.0112992525100708,0.013153932988643646,1.0000532865524292,0.01015624962747097,0.33851301670074463,0.46189266443252563,-0.021619487553834915,0.9985190629959106,0.036489203572273254,0.9831904172897339,0.014374999329447746,True,130360832,394264576,0.19842099999999618,0.08573090000001571,0.12205739999998855,0.4050299000000166,0.8172613000000126
164,train:00025743,0.07533971220254898,0.07533971220254898,0.0,0.0,0.0001,6.177282867654386,0.0726282191597436,0.15469760317193224,0.3323366641998291,0.47246506810188293,-0.007461924105882645,1.0117313861846924,0.012928676791489124,1.0005521774291992,0.010937499813735485,0.3385345935821533,0.4619585871696472,-0.02171890065073967,0.9986410737037659,0.03654883801937103,0.9834161996841431,0.014531250111758709,True,130360832,394264576,0.047725599999978385,0.08740889999998558,0.11351010000001338,0.3735960999999861,0.6257702000000052
165,train:00031603,0.08035582304000854,0.08035582304000854,0.0,0.0,0.0001,6.883194354811617,0.4194952859779655,0.20025934692613018,0.33225321769714355,0.472616970539093,-0.0077943517826497555,1.011704683303833,0.012505964376032352,1.0008236169815063,0.010781249962747097,0.3385944962501526,0.4619808495044708,-0.021672187373042107,0.9988470673561096,0.03658844530582428,0.9835919141769409,0.014687499962747097,True,130360832,394264576,0.16281699999998978,0.08928040000000692,0.10481769999998392,0.40245310000000245,0.7625920000000121
166,train:00002637,2.458299160003662,0.9752794504165649,0.7991681098937988,0.6838515996932983,0.0001,16.363008084738777,2.222158344664911,1.0222377874032769,0.33215147256851196,0.47281762957572937,-0.008250808343291283,1.0118459463119507,0.012286690063774586,1.0011837482452393,0.011249999515712261,0.33871662616729736,0.4618784189224243,-0.021905571222305298,0.9990136027336121,0.03709888830780983,0.9835323691368103,0.014843749813735485,True,130360832,394264576,0.13898629999999912,0.10047050000000013,0.10817240000000083,0.3687411999999881,0.7206296999999893
167,train:00002565,0.08245980739593506,0.08245980739593506,0.0,0.0,0.0001,7.069567010258348,0.42162956869707124,0.16339671855978166,0.332113653421402,0.47293585538864136,-0.00845335889607668,1.0120421648025513,0.012118490412831306,1.0014382600784302,0.011562500149011612,0.3387567400932312,0.4618784487247467,-0.021914441138505936,0.9991450905799866,0.037201836705207825,0.9836059808731079,0.014843749813735485,True,130360832,394264576,0.14125250000000733,0.07976380000002337,0.11436580000000163,0.3836417999999924,0.721133199999997
168,train:00004883,2.032902240753174,0.8501904606819153,0.48270708322525024,0.7000046372413635,0.0001,24.522474097742148,12.73325113815307,3.473642930041718,0.33210355043411255,0.4730132818222046,-0.008485270664095879,1.0120103359222412,0.012010335922241211,1.001649260520935,0.01140624936670065,0.33877119421958923,0.46191349625587463,-0.021876869723200798,0.999247670173645,0.037187546491622925,0.983730673789978,0.014843749813735485,True,130360832,394264576,0.14786589999999933,0.09155590000000302,0.1189155999999798,0.39722090000000776,0.7573816000000022
169,train:00027308,2.37097430229187,0.81186443567276,0.8194729089736938,0.7396368980407715,0.0001,13.912681106318617,4.034609122949591,1.1161951055096595,0.3321504294872284,0.4732285737991333,-0.008794102817773819,1.0130220651626587,0.013022065162658691,1.0023047924041748,0.012968749739229679,0.3388160169124603,0.46198076009750366,-0.02165326289832592,0.9994280338287354,0.03719215467572212,0.9840118288993835,0.015156249515712261,True,130360832,394264576,0.1178252999999927,0.08137930000000893,0.10952330000000643,0.41495789999999033,0.7268013000000053
170,train:00027788,0.06610634922981262,0.06610634922981262,0.0,0.0,0.0001,5.142745371055285,0.11510273263911122,0.08844505593355054,0.3322141766548157,0.47333458065986633,-0.008796840906143188,1.0133287906646729,0.013328790664672852,1.002730369567871,0.013593750074505806,0.339019775390625,0.4618285596370697,-0.02187928557395935,0.9996646642684937,0.03812145069241524,0.9839724898338318,0.015468749217689037,True,130360832,394264576,0.20130100000000084,0.11399369999998044,0.11483420000001843,0.4453776000000005,0.8809700000000191
171,train:00024518,2.111621141433716,0.8905315399169922,0.530860185623169,0.6902294158935547,0.0001,13.188920707217651,6.846391207350432,2.962286760312161,0.33219993114471436,0.47347989678382874,-0.009073412977159023,1.0133970975875854,0.01339709758758545,1.0031169652938843,0.013593750074505806,0.3393193483352661,0.4615347385406494,-0.022229360416531563,0.9999858736991882,0.03944151848554611,0.9837114810943604,0.016249999403953552,True,130360832,394264576,0.1907803999999942,0.08535810000000765,0.12303789999998571,0.4431867000000125,0.846476899999999
172,train:00009954,0.06719687581062317,0.06719687581062317,0.0,0.0,0.0001,5.5063929416993735,0.17333128790299723,0.11442643299506323,0.332202672958374,0.47366803884506226,-0.009481729939579964,1.0135245323181152,0.013524532318115234,1.003656268119812,0.013906249776482582,0.3389683961868286,0.4623320996761322,-0.020846055820584297,1.0003248453140259,0.03698263689875603,0.9853075742721558,0.015156249515712261,True,130360832,394264576,0.15649569999999358,0.07639209999999252,0.10157019999999761,0.39291620000000194,0.7288421000000085
173,train:00005036,2.3644471168518066,0.8101200461387634,0.8670597076416016,0.6872673034667969,0.0001,17.560742581988013,13.08847699195698,1.2681457515844374,0.3321668207645416,0.4739152491092682,-0.010065000504255295,1.0141046047210693,0.014104604721069336,1.004255771636963,0.014687499962747097,0.33917590975761414,0.4622434377670288,-0.021098241209983826,1.0007474422454834,0.037843987345695496,0.9854497909545898,0.015781249850988388,True,130360832,394264576,0.1622150999999974,0.0799489000000051,0.10520919999999023,0.38919369999999276,0.7407792999999856
174,train:00002046,2.081627368927002,0.8231605291366577,0.5675714015960693,0.6908953189849854,0.0001,27.65079364324751,6.821618754636334,1.611501581285996,0.33213216066360474,0.4741326570510864,-0.010573734529316425,1.014736533164978,0.014736533164978027,1.0047780275344849,0.015781249850988388,0.3392784595489502,0.4622783064842224,-0.021110113710165024,1.0011045932769775,0.038104090839624405,0.9857408404350281,0.015937499701976776,True,130360832,394264576,0.13714650000000006,0.06486840000002303,0.12790189999998347,0.4224083999999948,0.7533168999999873
175,train:00033341,0.060711175203323364,0.060711175203323364,0.0,0.0,0.0001,4.639664421359692,0.1342957846119627,0.045619106807353094,0.3321341276168823,0.4743146002292633,-0.010860083624720573,1.015462875366211,0.015462875366210938,1.005272388458252,0.016718748956918716,0.339641809463501,0.4618698060512543,-0.021881626918911934,1.0014512538909912,0.04008961096405983,0.985267698764801,0.016718748956918716,True,130360832,394264576,0.04246470000001068,0.07948149999998577,0.11437549999999419,0.3766071000000011,0.6144862999999816
176,train:00016233,0.06437627971172333,0.06437627971172333,0.0,0.0,0.0001,5.061474883580763,0.22710216067605643,0.04969598839077418,0.33207952976226807,0.4745047390460968,-0.011422189883887768,1.0157760381698608,0.01577603816986084,1.0056896209716797,0.01718750037252903,0.33970627188682556,0.4619399607181549,-0.021466802805662155,1.001846432685852,0.039936792105436325,0.9855872392654419,0.017031250521540642,True,130360832,394264576,0.18348090000000639,0.0886797999999942,0.12327819999998724,0.40968349999999987,0.8081629999999791
177,train:00007033,1.9134784936904907,0.8864584565162659,0.3294069766998291,0.6976131200790405,0.0001,41.12943200410389,25.725474610644703,7.551516865913247,0.3321110010147095,0.4745882749557495,-0.011275993660092354,1.0155365467071533,0.01553654670715332,1.0060276985168457,0.016874998807907104,0.339775025844574,0.46188920736312866,-0.021710911765694618,1.0019176006317139,0.04053681343793869,0.9855715036392212,0.017031250521540642,True,130360832,394264576,0.14303639999999973,0.11127369999999814,0.11942780000001108,0.42481039999998416,0.8028817000000004
178,train:00011607,1.9626164436340332,0.8299788236618042,0.4385450482368469,0.6940924525260925,0.0001,28.818602253519177,15.988754226160125,1.2476686487283215,0.3319133520126343,0.4749258756637573,-0.012206772342324257,1.0165069103240967,0.01650691032409668,1.0065217018127441,0.018124999478459358,0.33995911478996277,0.46176838874816895,-0.02197827771306038,1.0022820234298706,0.04188612103462219,0.9855636954307556,0.017656249925494194,True,130360832,394264576,0.11094190000000026,0.08155519999999683,0.10364329999998745,0.3709273000000053,0.6687143999999989
179,train:00004289,1.879974365234375,0.8213061690330505,0.35315680503845215,0.7055113911628723,0.0001,32.14773824143303,10.246903397451979,11.978582728850075,0.3319319486618042,0.47490575909614563,-0.011815023608505726,1.016702651977539,0.016702651977539062,1.0064918994903564,0.01796874962747097,0.3398824632167816,0.461946040391922,-0.021782975643873215,1.002362847328186,0.042015440762043,0.9859129190444946,0.017500000074505806,True,130360832,394264576,0.04150230000001898,0.08750989999998637,0.11115730000000212,0.36641640000001985,0.6082005000000095
180,train:00013206,0.07232943922281265,0.07232943922281265,0.0,0.0,0.0001,6.031295097705057,0.3700330116618546,0.15959201804062534,0.33197879791259766,0.47479915618896484,-0.011243414133787155,1.0168638229370117,0.01686382293701172,1.006276249885559,0.01796874962747097,0.33992740511894226,0.4618477523326874,-0.021761124953627586,1.0023000240325928,0.04209202900528908,0.9857251644134521,0.017500000074505806,True,130360832,394264576,0.13017379999999434,0.07975759999999354,0.09835010000000466,0.377907399999998,0.6920146000000216
181,train:00002672,2.2076969146728516,0.976171612739563,0.5390567779541016,0.6924684643745422,0.0001,28.492969199841156,13.423912945631052,2.789463073290192,0.331969290971756,0.47484201192855835,-0.011102277785539627,1.017168641090393,0.017168641090393066,1.0063588619232178,0.018124999478459358,0.33990105986595154,0.4618332087993622,-0.021684376522898674,1.002150535583496,0.04187365621328354,0.9856415390968323,0.017500000074505806,True,130360832,394264576,0.10693050000000426,0.07961720000000128,0.1010387000000037,0.3429198999999983,0.6319829999999911
182,train:00002407,1.7184512615203857,0.8078295588493347,0.21396005153656006,0.6966617703437805,0.0001,44.29819281283005,23.523292338818283,0.9004886778326836,0.3320081830024719,0.4748424291610718,-0.010750433430075645,1.0173534154891968,0.017353415489196777,1.0064375400543213,0.018437499180436134,0.3398723602294922,0.4617747366428375,-0.02163621596992016,1.001932144165039,0.04158554971218109,0.9854304790496826,0.017031250521540642,True,130360832,394264576,0.11489610000000994,0.07744250000001784,0.10712999999998374,0.3791744000000108,0.6823008000000073
183,train:00019452,2.1949827671051025,0.8671927452087402,0.6166926622390747,0.7110974192619324,0.0001,18.86375777044271,10.601432452716184,1.2211179847805138,0.332061767578125,0.4746609330177307,-0.010213389992713928,1.0172393321990967,0.01723933219909668,1.0060296058654785,0.018124999478459358,0.3396843671798706,0.46193748712539673,-0.021101830527186394,1.0017019510269165,0.04036181792616844,0.9855430722236633,0.01656249910593033,True,130360832,394264576,0.03285599999998112,0.09706890000001067,0.10912210000000755,0.381580299999996,0.6223813999999948
184,train:00033559,0.07236528396606445,0.07236528396606445,0.0,0.0,0.0001,5.851971448129353,0.3151883645409591,0.09307022405460054,0.33202630281448364,0.4745352268218994,-0.010104735381901264,1.0173141956329346,0.01731419563293457,1.005581259727478,0.018124999478459358,0.3398236632347107,0.4616892337799072,-0.021626532077789307,1.0016233921051025,0.04111438989639282,0.9851071834564209,0.016874998807907104,True,130360832,394264576,0.1456997999999885,0.07806940000000395,0.10026790000000574,0.3646088000000134,0.6905647000000101
185,train:00005833,2.29670786857605,0.7277049422264099,0.8719618916511536,0.6970410943031311,0.0001,17.770149363810546,3.5736288286022764,4.257603337163136,0.33189356327056885,0.47457993030548096,-0.01060511451214552,1.017204999923706,0.017204999923706055,1.0054277181625366,0.017812499776482582,0.33979201316833496,0.4616863429546356,-0.021532297134399414,1.001546025276184,0.0407690666615963,0.9850430488586426,0.016874998807907104,True,130360832,394264576,0.03481890000000476,0.08340820000000804,0.10909730000000195,0.3729470999999762,0.6020331999999939
186,train:00004893,0.09301114082336426,0.09301114082336426,0.0,0.0,0.0001,8.160236348729782,0.4146629162751084,0.1556294689705586,0.33186575770378113,0.4744425415992737,-0.010541784577071667,1.0167444944381714,0.016744494438171387,1.0050034523010254,0.01718750037252903,0.3397028148174286,0.46167367696762085,-0.02149016410112381,1.0013996362686157,0.04061208292841911,0.9848426580429077,0.01656249910593033,True,130360832,394264576,0.12217739999999822,0.10582009999998832,0.11326999999999998,0.4248705999999913,0.7676380000000051
187,train:00028194,2.4171836376190186,0.8499563336372375,0.8662630319595337,0.7009642124176025,0.0001,19.368027576338008,1.388328275984052,3.314920626796106,0.3320141136646271,0.47412461042404175,-0.010017131455242634,1.016521692276001,0.016521692276000977,1.0044225454330444,0.017343750223517418,0.3396238684654236,0.46166470646858215,-0.021386917680501938,1.001295804977417,0.0404265820980072,0.9846708178520203,0.01640624925494194,True,130360832,394264576,0.13514829999999733,0.09129450000000361,0.11907759999999712,0.39497080000001006,0.7419480000000078
188,train:00020349,0.10929283499717712,0.10929283499717712,0.0,0.0,0.0001,10.741743067936493,2.0836153446226637,0.2739990960980528,0.33177924156188965,0.4742836058139801,-0.010770185850560665,1.016638994216919,0.016638994216918945,1.0043604373931885,0.017031250521540642,0.33962032198905945,0.4616318941116333,-0.021238241344690323,1.0013443231582642,0.04025889188051224,0.9845770597457886,0.01640624925494194,True,130360832,394264576,0.12806050000000369,0.0900199000000157,0.10628639999998768,0.39568230000000426,0.7230825000000038
189,train:00012148,2.532413959503174,0.9654704332351685,0.7601445913314819,0.8067989349365234,0.0001,24.48543489246297,4.668141077640837,4.069664134442828,0.3317076563835144,0.4742170572280884,-0.010887082666158676,1.016343116760254,0.016343116760253906,1.0040334463119507,0.016718748956918716,0.33972442150115967,0.461431086063385,-0.021476708352565765,1.0013782978057861,0.040795307606458664,0.9842106103897095,0.01656249910593033,True,130360832,394264576,0.10449280000000272,0.08880910000002018,0.10997309999999061,0.4083899000000031,0.7145342999999968
190,train:00002632,2.254713773727417,0.8214094638824463,0.7424579858779907,0.6908463835716248,0.0001,31.225694103646315,12.957588053886706,0.665067308769726,0.33164986968040466,0.47423315048217773,-0.011016866192221642,1.016278862953186,0.016278862953186035,1.0039565563201904,0.01656249910593033,0.33977651596069336,0.4614885151386261,-0.02133103832602501,1.0016653537750244,0.04054494947195053,0.9844788312911987,0.01656249910593033,True,130360832,394264576,0.1005634999999927,0.0735768000000121,0.11063249999997993,0.4006687000000113,0.6866296999999975
191,train:00011998,0.091886006295681,0.091886006295681,0.0,0.0,0.0001,8.199964696133911,0.31004460707314113,0.19594806853411514,0.33165961503982544,0.47417545318603516,-0.010812998749315739,1.0160813331604004,0.01608133316040039,1.0038268566131592,0.01640624925494194,0.3399214744567871,0.4614112079143524,-0.02139771543443203,1.0020298957824707,0.040800176560878754,0.9845379590988159,0.01656249910593033,True,130360832,394264576,0.027600199999994857,0.0879344999999887,0.12636340000000246,0.39743559999999434,0.6404794999999979
192,train:00005980,2.411010265350342,0.8103819489479065,0.9048537015914917,0.6957746744155884,0.0001,13.11448329852054,6.053123047536647,1.459184914961758,0.3316197395324707,0.4742634892463684,-0.010917375795543194,1.0163031816482544,0.016303181648254395,1.0039780139923096,0.01656249910593033,0.3399413526058197,0.46149584650993347,-0.021192194893956184,1.0023003816604614,0.04041339457035065,0.9848187565803528,0.016718748956918716,True,130360832,394264576,0.16732469999999466,0.08374079999998685,0.12394439999999918,0.4115073000000109,0.7875587000000053
193,train:00003265,2.2797017097473145,0.8593572378158569,0.727206826210022,0.693137526512146,0.0001,28.256520018679915,10.929098170490366,2.775776552221237,0.3316386342048645,0.47418928146362305,-0.01052225474268198,1.0158133506774902,0.015813350677490234,1.0038467645645142,0.016249999403953552,0.34013837575912476,0.46125277876853943,-0.02161308377981186,1.002454400062561,0.04131607338786125,0.9845075011253357,0.016874998807907104,True,130360832,394264576,0.03646439999999984,0.08841000000001031,0.11674809999999525,0.38035659999999893,0.6232206999999903
194,train:00031456,0.08686455339193344,0.08686455339193344,0.0,0.0,0.0001,7.9960772017021196,0.27449576561223166,0.04044444268129462,0.33175504207611084,0.4741893708705902,-0.010003587231040001,1.0157235860824585,0.015723586082458496,1.0041054487228394,0.01640624925494194,0.33991774916648865,0.46147599816322327,-0.02096775360405445,1.002216100692749,0.040042292326688766,0.984728991985321,0.01640624925494194,True,130360832,394264576,0.18470030000000293,0.08176129999998238,0.1084922000000006,0.39835429999999405,0.7749536999999975
195,train:00024603,0.07571912556886673,0.07571912556886673,0.0,0.0,0.0001,6.562333935666318,0.2012659819810592,0.08521711491071624,0.3318435847759247,0.4742472469806671,-0.009793968871235847,1.0156915187835693,0.015691518783569336,1.0044678449630737,0.01640624925494194,0.3401850461959839,0.4610062539577484,-0.02155812829732895,1.0022356510162354,0.04148292914032936,0.9839083552360535,0.016874998807907104,True,130360832,394264576,0.03434770000001208,0.08961839999997778,0.12161550000001853,0.42089110000000574,0.6686874000000103
196,train:00028154,2.0270495414733887,0.8096292614936829,0.5232443809509277,0.6941759586334229,0.0001,28.81659338736207,11.748477488068417,4.2494211652002996,0.3318139910697937,0.47446590662002563,-0.010433021001517773,1.0161820650100708,0.0161820650100708,1.0049997568130493,0.017031250521540642,0.3399244248867035,0.46128368377685547,-0.02105068229138851,1.0018761157989502,0.04022669419646263,0.9842082858085632,0.01640624925494194,True,130360832,394264576,0.15019159999999943,0.08477859999999282,0.12478839999999991,0.40662059999999656,0.7679021999999804
197,train:00029478,2.212726354598999,0.8040047287940979,0.7221737504005432,0.6865478754043579,0.0001,23.348748862779043,3.7483637214675753,1.022036264859355,0.3318139314651489,0.4744511544704437,-0.010364989750087261,1.015737533569336,0.015737533569335938,1.0049961805343628,0.01640624925494194,0.339871883392334,0.4611126780509949,-0.021070579066872597,1.0015530586242676,0.04023749753832817,0.9836254715919495,0.01640624925494194,True,130360832,394264576,0.14786320000001751,0.08076470000000313,0.13527169999997568,0.43865740000001097,0.8050739999999905
198,train:00020687,0.07421564310789108,0.07421564310789108,0.0,0.0,0.0001,7.01868240113103,0.9294799144547544,0.06777730102580856,0.3317239284515381,0.4747112989425659,-0.010938853956758976,1.0161833763122559,0.01618337631225586,1.0055303573608398,0.017031250521540642,0.33959779143333435,0.4612712264060974,-0.02070802077651024,1.0010557174682617,0.03928398713469505,0.98355633020401,0.015625,True,130360832,394264576,0.13420840000000567,0.09175009999998451,0.11308240000002456,0.47280709999998294,0.8136916999999926
199,train:00019422,2.3263440132141113,0.8440574407577515,0.7945753931999207,0.687711238861084,0.0001,13.525781684333452,3.035898894542947,2.030953394151177,0.33167189359664917,0.4748249351978302,-0.011210484430193901,1.0161685943603516,0.016168594360351562,1.0057530403137207,0.017031250521540642,0.3394719958305359,0.46127066016197205,-0.020524147897958755,1.0007551908493042,0.0388948954641819,0.9833166003227234,0.015468749217689037,True,130360832,394264576,0.03857740000000831,0.08869770000001154,0.1139045999999837,0.4312141000000054,0.6733648999999957
200,train:00004171,2.447254180908203,0.9167770743370056,0.8506900668144226,0.6797870397567749,0.0001,16.362022420772572,2.268017404506612,3.918710411852191,0.3316235840320587,0.47495153546333313,-0.01146986335515976,1.0161200761795044,0.016120076179504395,1.0060245990753174,0.016874998807907104,0.33957839012145996,0.46097514033317566,-0.021086128428578377,1.0005348920822144,0.03981465473771095,0.9826857447624207,0.015468749217689037,True,130360832,394264576,0.05189419999999245,0.09462240000001998,0.12216329999998266,0.40273469999999634,0.6726524999999981
