sample_index,sample_id,component_id,rgb_weight,thermal_weight,event_weight,seed
0,frame_00192,v40c_00124,0.7904345989227295,0.07201322913169861,0.13755226135253906,2
1,frame_00193,v40c_00125,0.807086169719696,0.060762401670217514,0.13215140998363495,2
2,frame_00194,v40c_00126,0.8331344127655029,0.04305160418152809,0.12381397932767868,2
3,frame_00195,v40c_00127,0.8110450506210327,0.057570312172174454,0.13138459622859955,2
4,frame_00196,v40c_00128,0.8183261156082153,0.05248234048485756,0.12919150292873383,2
5,frame_00197,v40c_00128,0.8004870414733887,0.06453374773263931,0.13497917354106903,2
6,frame_00198,v40c_00129,0.7259518504142761,0.11742356419563293,0.15662460029125214,2
7,frame_00199,v40c_00130,0.7256532907485962,0.11686002463102341,0.1574867069721222,2
8,frame_00200,v40c_00131,0.8237966299057007,0.04780931770801544,0.12839403748512268,2
9,frame_00201,v40c_00132,0.7001124024391174,0.13499212265014648,0.1648954451084137,2
10,frame_00202,v40c_00133,0.7799580097198486,0.07655344158411026,0.1434885412454605,2
11,frame_00203,v40c_00134,0.7993558645248413,0.06349349766969681,0.13715064525604248,2
12,frame_00204,v40c_00135,0.7721203565597534,0.08225827664136887,0.1456214189529419,2
13,frame_00205,v40c_00136,0.8095688223838806,0.05651913955807686,0.1339120864868164,2
14,frame_00206,v40c_00137,0.7943847179412842,0.06687770038843155,0.1387374997138977,2
15,frame_00207,v40c_00138,0.6541701555252075,0.17120295763015747,0.17462694644927979,2
16,frame_00208,v40c_00139,0.7287595272064209,0.11509603261947632,0.15614444017410278,2
17,frame_00209,v40c_00140,0.7892202138900757,0.07206705212593079,0.13871274888515472,2
18,frame_00210,v40c_00140,0.618118166923523,0.20072239637374878,0.18115940690040588,2
19,frame_00211,v40c_00141,0.80215984582901,0.06181717664003372,0.13602299988269806,2
20,frame_00212,v40c_00142,0.7921518683433533,0.06866375356912613,0.13918431103229523,2
21,frame_00213,v40c_00143,0.7776138782501221,0.07891809940338135,0.1434679925441742,2
22,frame_00214,v40c_00144,0.7949966788291931,0.06666936725378036,0.13833385705947876,2
23,frame_00215,v40c_00145,0.7631615400314331,0.08878891170024872,0.14804963767528534,2
24,frame_00216,v40c_00146,0.8034268617630005,0.06008397415280342,0.1364891678094864,2
25,frame_00217,v40c_00145,0.7906172275543213,0.0685553327202797,0.14082735776901245,2
26,frame_00218,v40c_00147,0.7775468826293945,0.0778399333357811,0.14461316168308258,2
27,frame_00219,v40c_00148,0.7890506386756897,0.06928963959217072,0.1416597068309784,2
28,frame_00220,v40c_00149,0.7648921608924866,0.08727891743183136,0.14782898128032684,2
29,frame_00221,v40c_00150,0.6405506730079651,0.18098288774490356,0.17846637964248657,2
30,frame_00222,v40c_00151,0.6254829168319702,0.1923481971025467,0.18216891586780548,2
31,frame_00223,v40c_00152,0.76820307970047,0.0839611291885376,0.14783574640750885,2
32,frame_00224,v40c_00153,0.7795569896697998,0.07560032606124878,0.144842728972435,2
33,frame_00225,v40c_00154,0.7773227095603943,0.07747139781713486,0.14520582556724548,2
34,frame_00226,v40c_00155,0.7583941221237183,0.09120208024978638,0.15040375292301178,2
35,frame_00227,v40c_00156,0.6853001117706299,0.1454220712184906,0.16927772760391235,2
36,frame_00228,v40c_00157,0.7716100215911865,0.08144895732402802,0.1469409465789795,2
37,frame_00229,v40c_00157,0.7055964469909668,0.12911580502986908,0.16528776288032532,2
38,frame_00230,v40c_00157,0.7041725516319275,0.13064530491828918,0.16518214344978333,2
39,frame_00231,v40c_00157,0.7981806993484497,0.06342910975217819,0.13839022815227509,2
40,frame_00232,v40c_00157,0.7379275560379028,0.10595589131116867,0.15611650049686432,2
41,frame_00233,v40c_00158,0.781050443649292,0.07478783279657364,0.14416182041168213,2
42,frame_00234,v40c_00159,0.7907202243804932,0.06814949214458466,0.1411302238702774,2
43,frame_00235,v40c_00160,0.7649282217025757,0.08574584126472473,0.14932601153850555,2
44,frame_00236,v40c_00161,0.7814010977745056,0.07391460239887238,0.14468424022197723,2
45,frame_00237,v40c_00162,0.730146586894989,0.11054319888353348,0.1593102067708969,2
46,frame_00238,v40c_00163,0.7723561525344849,0.0806630402803421,0.146980881690979,2
47,frame_00239,v40c_00164,0.74454665184021,0.10060581564903259,0.15484753251075745,2
48,frame_00240,v40c_00164,0.7959040999412537,0.06499815732240677,0.13909776508808136,2
49,frame_00241,v40c_00164,0.6594579219818115,0.1660749465227127,0.174467071890831,2
50,frame_00242,v40c_00164,0.7066243290901184,0.13035300374031067,0.16302268207073212,2
51,frame_00243,v40c_00165,0.6541727185249329,0.17162291705608368,0.17420439422130585,2
52,frame_00244,v40c_00164,0.7164088487625122,0.12340668588876724,0.16018454730510712,2
53,frame_00245,v40c_00166,0.6923293471336365,0.1412639617919922,0.16640667617321014,2
54,frame_00246,v40c_00167,0.7302159070968628,0.11272770166397095,0.15705633163452148,2
55,frame_00247,v40c_00168,0.7394633293151855,0.10578068345785141,0.15475592017173767,2
56,frame_00248,v40c_00169,0.7177696824073792,0.12271233648061752,0.1595180183649063,2
57,frame_00249,v40c_00170,0.802963137626648,0.06087295711040497,0.1361638605594635,2
58,frame_00250,v40c_00171,0.6685668230056763,0.16058574616909027,0.17084749042987823,2
59,frame_00251,v40c_00172,0.7829369306564331,0.0745164230465889,0.14254659414291382,2
60,frame_00252,v40c_00173,0.7778260111808777,0.07818164676427841,0.1439923793077469,2
61,frame_00253,v40c_00174,0.7627727389335632,0.08922404050827026,0.14800317585468292,2
62,frame_00254,v40c_00174,0.72740638256073,0.11479882895946503,0.1577947735786438,2
63,frame_00255,v40c_00175,0.7243813872337341,0.11798157542943954,0.15763705968856812,2
64,frame_00417,v40c_00263,0.6664246916770935,0.156145378947258,0.1774299591779709,2
65,frame_00418,v40c_00263,0.729709804058075,0.10594861954450607,0.164341539144516,2
66,frame_00419,v40c_00263,0.7764477729797363,0.07117899507284164,0.15237322449684143,2
67,frame_00420,v40c_00263,0.7527863383293152,0.08872460573911667,0.15848904848098755,2
68,frame_00421,v40c_00263,0.7616883516311646,0.08228248357772827,0.15602917969226837,2
69,frame_00422,v40c_00263,0.7162269353866577,0.11689881235361099,0.16687420010566711,2
70,frame_00423,v40c_00263,0.7833632230758667,0.06593667715787888,0.15070012211799622,2
71,frame_00424,v40c_00263,0.7581266164779663,0.08497670292854309,0.1568966805934906,2
72,frame_00425,v40c_00263,0.6667723059654236,0.15614449977874756,0.17708317935466766,2
73,frame_00426,v40c_00263,0.763224184513092,0.0811365395784378,0.15563920140266418,2
74,frame_00427,v40c_00263,0.7573311924934387,0.08587835729122162,0.15679039061069489,2
75,frame_00428,v40c_00263,0.7487269639968872,0.0919809639453888,0.159292072057724,2
76,frame_00429,v40c_00263,0.7573366761207581,0.08556558191776276,0.1570976972579956,2
77,frame_00430,v40c_00263,0.7462502717971802,0.09390845894813538,0.15984128415584564,2
78,frame_00431,v40c_00263,0.7731726765632629,0.07375793159008026,0.15306943655014038,2
79,frame_00448,v40c_00264,0.7425633072853088,0.09586227685213089,0.16157442331314087,2
80,frame_00449,v40c_00264,0.7409584522247314,0.09696861356496811,0.16207291185855865,2
81,frame_00450,v40c_00264,0.7562447190284729,0.08505282551050186,0.1587025225162506,2
82,frame_00451,v40c_00264,0.6722777485847473,0.15030816197395325,0.17741407454013824,2
83,frame_00452,v40c_00265,0.767414927482605,0.07656834274530411,0.1560167670249939,2
84,frame_00453,v40c_00266,0.6801334619522095,0.14381110668182373,0.17605546116828918,2
85,frame_00454,v40c_00266,0.7673543691635132,0.0768255665898323,0.1558201014995575,2
86,frame_00455,v40c_00266,0.7266413569450378,0.1072397530078888,0.16611890494823456,2
87,frame_00456,v40c_00266,0.7890694737434387,0.06055615842342377,0.1503743827342987,2
88,frame_00457,v40c_00266,0.733889102935791,0.10175167769193649,0.1643591970205307,2
89,frame_00458,v40c_00265,0.7427883148193359,0.09515039622783661,0.16206121444702148,2
90,frame_00459,v40c_00265,0.6852253675460815,0.13944481313228607,0.17532987892627716,2
91,frame_00460,v40c_00265,0.7844346165657043,0.06403937935829163,0.15152603387832642,2
92,frame_00461,v40c_00265,0.7487789392471313,0.09061937034130096,0.16060170531272888,2
93,frame_00462,v40c_00266,0.769402265548706,0.07515847682952881,0.15543924272060394,2
94,frame_00463,v40c_00267,0.7726271152496338,0.07185742259025574,0.15551552176475525,2
95,frame_00464,v40c_00267,0.7639980316162109,0.07860301434993744,0.15739896893501282,2
96,frame_00465,v40c_00266,0.7856476306915283,0.06307985633611679,0.1512725055217743,2
97,frame_00466,v40c_00266,0.7354907393455505,0.10000984370708466,0.16449938714504242,2
98,frame_00467,v40c_00268,0.6837676167488098,0.14033426344394684,0.17589810490608215,2
99,frame_00468,v40c_00268,0.766578733921051,0.07679378986358643,0.15662752091884613,2
100,frame_00469,v40c_00266,0.7754004001617432,0.06982330232858658,0.15477624535560608,2
101,frame_00470,v40c_00269,0.725320041179657,0.10790624469518661,0.1667736917734146,2
102,frame_00471,v40c_00270,0.7334341406822205,0.10183576494455338,0.16473016142845154,2
103,frame_00472,v40c_00264,0.7774760127067566,0.06859605759382248,0.15392787754535675,2
104,frame_00473,v40c_00269,0.7437720894813538,0.09382431954145432,0.16240359842777252,2
105,frame_00474,v40c_00269,0.7653937935829163,0.07730621099472046,0.15730005502700806,2
106,frame_00475,v40c_00271,0.7003616094589233,0.12734265625476837,0.17229576408863068,2
107,frame_00476,v40c_00271,0.7642432451248169,0.07810013741254807,0.15765662491321564,2
108,frame_00477,v40c_00271,0.7790696024894714,0.06840593367815018,0.1525244116783142,2
109,frame_00478,v40c_00271,0.7502186894416809,0.08998600393533707,0.15979529917240143,2
110,frame_00479,v40c_00271,0.7464986443519592,0.09329719841480255,0.1602042019367218,2
111,frame_00480,v40c_00271,0.7734461426734924,0.0727185383439064,0.15383532643318176,2
112,frame_00481,v40c_00271,0.7108736634254456,0.12046337872743607,0.1686629056930542,2
113,frame_00482,v40c_00271,0.7294877171516418,0.1061343178153038,0.16437794268131256,2
114,frame_00483,v40c_00271,0.7325560450553894,0.10375503450632095,0.16368889808654785,2
115,frame_00484,v40c_00271,0.7042704224586487,0.12625452876091003,0.1694750338792801,2
116,frame_00485,v40c_00271,0.7837283611297607,0.06646887958049774,0.1498027890920639,2
117,frame_00486,v40c_00271,0.7622389197349548,0.08230068534612656,0.1554604023694992,2
118,frame_00487,v40c_00271,0.7618721127510071,0.08213941752910614,0.1559884250164032,2
119,frame_00488,v40c_00271,0.7672780752182007,0.07877145707607269,0.15395046770572662,2
120,frame_00489,v40c_00271,0.7494312524795532,0.09250186383724213,0.15806689858436584,2
121,frame_00490,v40c_00271,0.7265484929084778,0.11018431931734085,0.16326723992824554,2
122,frame_00491,v40c_00271,0.733227014541626,0.10507922619581223,0.16169379651546478,2
123,frame_00492,v40c_00271,0.7543516755104065,0.08915843814611435,0.15648992359638214,2
124,frame_00493,v40c_00271,0.7292202115058899,0.10834453999996185,0.16243523359298706,2
125,frame_00494,v40c_00271,0.7604116201400757,0.08486774563789368,0.15472063422203064,2
126,frame_00495,v40c_00271,0.7690929174423218,0.078894704580307,0.15201234817504883,2
127,frame_00496,v40c_00271,0.739439070224762,0.1007419303059578,0.15981900691986084,2
128,frame_00497,v40c_00271,0.7411866188049316,0.09946433454751968,0.15934906899929047,2
129,frame_00498,v40c_00271,0.7698418498039246,0.07847970724105835,0.1516784429550171,2
130,frame_00499,v40c_00271,0.7365913987159729,0.10281824320554733,0.1605902910232544,2
131,frame_00500,v40c_00271,0.7556066513061523,0.0885811448097229,0.15581217408180237,2
132,frame_00501,v40c_00271,0.7685063481330872,0.07891043275594711,0.1525832861661911,2
133,frame_00502,v40c_00271,0.7338851094245911,0.10474459081888199,0.1613702028989792,2
134,frame_00503,v40c_00271,0.7303512692451477,0.10820456594228745,0.16144412755966187,2
135,frame_00504,v40c_00271,0.7460707426071167,0.09653912484645844,0.15739013254642487,2
136,frame_00505,v40c_00271,0.7833928465843201,0.06868521124124527,0.14792194962501526,2
137,frame_00506,v40c_00271,0.7506372332572937,0.09334433823823929,0.15601852536201477,2
138,frame_00507,v40c_00271,0.7455707788467407,0.09752880036830902,0.15690036118030548,2
139,frame_00508,v40c_00271,0.7598789930343628,0.08641059696674347,0.15371045470237732,2
140,frame_00509,v40c_00271,0.7574753761291504,0.08781133592128754,0.15471334755420685,2
141,frame_00510,v40c_00271,0.7581436634063721,0.0871550515294075,0.15470123291015625,2
142,frame_00511,v40c_00271,0.7417762875556946,0.100526824593544,0.1576968878507614,2
143,frame_00704,v40c_00327,0.769154965877533,0.09588990360498428,0.13495510816574097,2
144,frame_00705,v40c_00328,0.7115049958229065,0.13840435445308685,0.15009073913097382,2
145,frame_00706,v40c_00328,0.7885740399360657,0.08176524937152863,0.12966077029705048,2
146,frame_00707,v40c_00327,0.8244306445121765,0.05684193596243858,0.11872735619544983,2
147,frame_00708,v40c_00329,0.6949328780174255,0.15033894777297974,0.15472812950611115,2
148,frame_00709,v40c_00330,0.8295525312423706,0.05379502847790718,0.1166524663567543,2
149,frame_00710,v40c_00330,0.6630290746688843,0.17579776048660278,0.16117319464683533,2
150,frame_00711,v40c_00330,0.8071732521057129,0.0691947489976883,0.12363193184137344,2
151,frame_00712,v40c_00330,0.796173632144928,0.07652894407510757,0.12729735672473907,2
152,frame_00713,v40c_00331,0.7443920969963074,0.11365509778261185,0.1419527381658554,2
153,frame_00714,v40c_00331,0.8065521717071533,0.06942465156316757,0.1240231916308403,2
154,frame_00715,v40c_00331,0.821721076965332,0.05916166305541992,0.11911724507808685,2
155,frame_00716,v40c_00332,0.7536625862121582,0.10635225474834442,0.13998517394065857,2
156,frame_00717,v40c_00333,0.8258972764015198,0.05602638050913811,0.11807632446289062,2
157,frame_00718,v40c_00334,0.8232768177986145,0.05823520943522453,0.11848791688680649,2
158,frame_00719,v40c_00335,0.8383080363273621,0.0484955720603466,0.11319630593061447,2
159,frame_00720,v40c_00336,0.7399987578392029,0.11665402352809906,0.14334723353385925,2
160,frame_00721,v40c_00337,0.8152889013290405,0.06379338353872299,0.12091769278049469,2
161,frame_00722,v40c_00338,0.7963010668754578,0.0773463025689125,0.12635263800621033,2
162,frame_00723,v40c_00339,0.8046377301216125,0.07137664407491684,0.12398557364940643,2
163,frame_00724,v40c_00340,0.6396072506904602,0.19043469429016113,0.16995801031589508,2
164,frame_00725,v40c_00341,0.801984965801239,0.07182522118091583,0.12618976831436157,2
165,frame_00726,v40c_00342,0.7924601435661316,0.07796747237443924,0.12957239151000977,2
166,frame_00727,v40c_00343,0.7868271470069885,0.08136545866727829,0.13180741667747498,2
167,frame_00728,v40c_00344,0.7336530685424805,0.11907369643449783,0.1472732573747635,2
168,frame_00729,v40c_00345,0.7249125838279724,0.12498809397220612,0.15009933710098267,2
169,frame_00730,v40c_00345,0.7715948820114136,0.0920717716217041,0.1363333910703659,2
170,frame_00731,v40c_00346,0.8036328554153442,0.0705304965376854,0.12583661079406738,2
171,frame_00732,v40c_00347,0.6690399050712585,0.16681839525699615,0.16414175927639008,2
172,frame_00733,v40c_00348,0.7228339314460754,0.1274484544992447,0.14971758425235748,2
173,frame_00734,v40c_00349,0.764302670955658,0.09765518456697464,0.1380421370267868,2
174,frame_00735,v40c_00350,0.7847793102264404,0.08332794904708862,0.13189277052879333,2
175,frame_00736,v40c_00351,0.7758374214172363,0.08947223424911499,0.13469034433364868,2
176,frame_00737,v40c_00352,0.8137519955635071,0.06405238807201385,0.12219563126564026,2
177,frame_00738,v40c_00353,0.7614712715148926,0.09995957463979721,0.13856922090053558,2
178,frame_00739,v40c_00354,0.7579203844070435,0.10241785645484924,0.1396617889404297,2
179,frame_00740,v40c_00355,0.806292712688446,0.06866706907749176,0.1250402182340622,2
180,frame_00741,v40c_00356,0.8282251358032227,0.05403946340084076,0.11773540079593658,2
181,frame_00742,v40c_00357,0.7018668055534363,0.141698956489563,0.15643423795700073,2
182,frame_00743,v40c_00358,0.8068270087242126,0.06821530312299728,0.12495768070220947,2
183,frame_00744,v40c_00359,0.7553116083145142,0.10327838361263275,0.1414099633693695,2
184,frame_00745,v40c_00360,0.7675714492797852,0.09431184083223343,0.13811668753623962,2
185,frame_00746,v40c_00361,0.7541848421096802,0.10406797379255295,0.14174720644950867,2
186,frame_00747,v40c_00362,0.7649738788604736,0.09638926386833191,0.13863682746887207,2
187,frame_00748,v40c_00363,0.7367669939994812,0.11609256267547607,0.1471404880285263,2
188,frame_00749,v40c_00364,0.7832133173942566,0.083767831325531,0.13301879167556763,2
189,frame_00750,v40c_00365,0.8008015751838684,0.07212576270103455,0.12707272171974182,2
190,frame_00751,v40c_00366,0.7050029635429382,0.13896550238132477,0.1560315638780594,2
191,frame_00752,v40c_00367,0.723085343837738,0.12540213763713837,0.1515125185251236,2
192,frame_00753,v40c_00368,0.7451785206794739,0.10996590554714203,0.1448555588722229,2
193,frame_00754,v40c_00369,0.7553728222846985,0.10259189456701279,0.1420353204011917,2
194,frame_00755,v40c_00370,0.8038707375526428,0.06908432394266129,0.1270449161529541,2
195,frame_00756,v40c_00371,0.6871286630630493,0.15042129158973694,0.16245007514953613,2
196,frame_00757,v40c_00372,0.7676135301589966,0.09296298772096634,0.13942347466945648,2
197,frame_00758,v40c_00373,0.7099168300628662,0.133489727973938,0.156593456864357,2
198,frame_00759,v40c_00373,0.6075510382652283,0.21070022881031036,0.18174874782562256,2
199,frame_00760,v40c_00373,0.708299458026886,0.13424015045166016,0.15746039152145386,2
200,frame_00761,v40c_00374,0.7482354640960693,0.1057642474770546,0.14600028097629547,2
201,frame_00762,v40c_00374,0.7275200486183167,0.12091545760631561,0.1515645533800125,2
202,frame_00763,v40c_00374,0.6937682032585144,0.14461952447891235,0.16161228716373444,2
203,frame_00764,v40c_00375,0.6855881810188293,0.15077537298202515,0.16363640129566193,2
204,frame_00765,v40c_00376,0.7704727649688721,0.09026718139648438,0.13926000893115997,2
205,frame_00766,v40c_00376,0.7188419103622437,0.12685135006904602,0.1543068289756775,2
206,frame_00767,v40c_00377,0.6337283253669739,0.19037504494190216,0.17589664459228516,2
207,frame_00832,v40c_00397,0.7798547148704529,0.08513763546943665,0.1350076049566269,2
208,frame_00833,v40c_00397,0.6921951174736023,0.1493038684129715,0.1585010290145874,2
209,frame_00834,v40c_00398,0.764773428440094,0.09379430115222931,0.14143222570419312,2
210,frame_00835,v40c_00399,0.7035441994667053,0.1380486786365509,0.1584070920944214,2
211,frame_00836,v40c_00400,0.7556788921356201,0.09895424544811249,0.1453668624162674,2
212,frame_00837,v40c_00401,0.7747395038604736,0.0853704884648323,0.13988998532295227,2
213,frame_00838,v40c_00402,0.6620465517044067,0.16779544949531555,0.17015793919563293,2
214,frame_00839,v40c_00403,0.6386105418205261,0.18620556592941284,0.17518383264541626,2
215,frame_00840,v40c_00404,0.5738236308097839,0.23977510631084442,0.18640127778053284,2
216,frame_00841,v40c_00405,0.512317419052124,0.2923099994659424,0.1953725516796112,2
217,frame_00842,v40c_00406,0.796492338180542,0.07114209234714508,0.13236558437347412,2
218,frame_00843,v40c_00407,0.7639472484588623,0.09406550973653793,0.14198729395866394,2
219,frame_00844,v40c_00408,0.589460551738739,0.22807088494300842,0.18246851861476898,2
220,frame_00845,v40c_00409,0.7431031465530396,0.10930603742599487,0.14759089052677155,2
221,frame_00846,v40c_00410,0.7761755585670471,0.08569537103176117,0.13812904059886932,2
222,frame_00847,v40c_00411,0.6260735988616943,0.198008194565773,0.17591816186904907,2
223,frame_00848,v40c_00412,0.7385861873626709,0.11297275125980377,0.14844101667404175,2
224,frame_00849,v40c_00413,0.6341917514801025,0.19259043037891388,0.1732177734375,2
225,frame_00850,v40c_00414,0.7804409861564636,0.08334048092365265,0.13621853291988373,2
226,frame_00851,v40c_00415,0.7574916481971741,0.1000390574336052,0.14246922731399536,2
227,frame_00852,v40c_00416,0.7826595306396484,0.0818454921245575,0.13549494743347168,2
228,frame_00853,v40c_00417,0.6380068063735962,0.19060219824314117,0.17139096558094025,2
229,frame_00854,v40c_00418,0.8226108551025391,0.05441317334771156,0.1229758933186531,2
230,frame_00855,v40c_00419,0.6438105702400208,0.18762171268463135,0.1685677468776703,2
231,frame_00856,v40c_00419,0.8209646940231323,0.05604510381817818,0.12299025058746338,2
232,frame_00857,v40c_00419,0.7746726870536804,0.08897072821855545,0.13635660707950592,2
233,frame_00858,v40c_00419,0.759409487247467,0.10012758523225784,0.1404629349708557,2
234,frame_00859,v40c_00420,0.7594835162162781,0.0995858907699585,0.14093057811260223,2
235,frame_00860,v40c_00421,0.7386980056762695,0.11415673792362213,0.14714522659778595,2
236,frame_00861,v40c_00422,0.8104740977287292,0.062295712530612946,0.12723015248775482,2
237,frame_00862,v40c_00423,0.796068012714386,0.07222199440002441,0.131710022687912,2
238,frame_00863,v40c_00424,0.7652762532234192,0.09430168569087982,0.14042198657989502,2
239,frame_00864,v40c_00424,0.7974557280540466,0.07128965854644775,0.13125468790531158,2
240,frame_00865,v40c_00425,0.8084304928779602,0.06350525468587875,0.12806424498558044,2
241,frame_00866,v40c_00426,0.8135929107666016,0.060376331210136414,0.1260308176279068,2
242,frame_00867,v40c_00427,0.8068861365318298,0.06525258719921112,0.12786120176315308,2
243,frame_00868,v40c_00428,0.7527505159378052,0.10423842817544937,0.14301109313964844,2
244,frame_00869,v40c_00429,0.7807472944259644,0.0837160274386406,0.13553664088249207,2
245,frame_00870,v40c_00429,0.7938196063041687,0.07478311657905579,0.13139721751213074,2
246,frame_00871,v40c_00429,0.7373075485229492,0.11604129523038864,0.14665116369724274,2
247,frame_00872,v40c_00429,0.8183051347732544,0.05726823955774307,0.12442667782306671,2
248,frame_00873,v40c_00430,0.7648487091064453,0.09534931182861328,0.1398020088672638,2
249,frame_00874,v40c_00431,0.8182762265205383,0.057937439531087875,0.1237863302230835,2
250,frame_00875,v40c_00432,0.7616986632347107,0.09846368432044983,0.13983765244483948,2
251,frame_00876,v40c_00433,0.8216349482536316,0.05501113086938858,0.12335388362407684,2
252,frame_00877,v40c_00434,0.8270134329795837,0.051086895167827606,0.12189976125955582,2
253,frame_00878,v40c_00435,0.7597175240516663,0.09901841729879379,0.14126403629779816,2
254,frame_00879,v40c_00436,0.6177629232406616,0.21052959561347961,0.17170746624469757,2
255,frame_00880,v40c_00437,0.767412543296814,0.09328765422105789,0.13929982483386993,2
256,frame_00881,v40c_00438,0.803996741771698,0.06639223545789719,0.12961097061634064,2
257,frame_00882,v40c_00439,0.8174757957458496,0.05744360014796257,0.1250806450843811,2
258,frame_00883,v40c_00440,0.7950822710990906,0.07328865677118301,0.13162904977798462,2
259,frame_00884,v40c_00440,0.79986572265625,0.06977786123752594,0.13035637140274048,2
260,frame_00885,v40c_00440,0.8195521235466003,0.05637579411268234,0.1240721121430397,2
261,frame_00886,v40c_00440,0.694737434387207,0.14913678169250488,0.15612578392028809,2
262,frame_00887,v40c_00440,0.8000257611274719,0.0702173039317131,0.1297568827867508,2
263,frame_00888,v40c_00440,0.7941988706588745,0.07389874011278152,0.13190233707427979,2
264,frame_00889,v40c_00440,0.7846048474311829,0.08114346116781235,0.13425171375274658,2
265,frame_00890,v40c_00441,0.7475997805595398,0.10858230292797089,0.14381788671016693,2
266,frame_00891,v40c_00442,0.8040631413459778,0.06729301810264587,0.12864382565021515,2
267,frame_00892,v40c_00443,0.7999030351638794,0.07058879733085632,0.1295081228017807,2
268,frame_00893,v40c_00444,0.7613927721977234,0.09895600378513336,0.13965123891830444,2
269,frame_00894,v40c_00444,0.6859983801841736,0.15601570904254913,0.1579858958721161,2
270,frame_00895,v40c_00444,0.5175926685333252,0.2989124655723572,0.18349488079547882,2
271,frame_00932,v40c_00454,0.7844684720039368,0.08129104226827621,0.13424046337604523,2
272,frame_00933,v40c_00454,0.8238213658332825,0.05353303998708725,0.12264561653137207,2
273,frame_00934,v40c_00454,0.721316397190094,0.12783779203891754,0.15084587037563324,2
274,frame_00935,v40c_00454,0.7353751063346863,0.11668374389410019,0.14794106781482697,2
275,frame_00936,v40c_00454,0.7605902552604675,0.09755436331033707,0.14185526967048645,2
276,frame_00937,v40c_00454,0.8096776008605957,0.061237882822752,0.1290845423936844,2
277,frame_00938,v40c_00454,0.8013875484466553,0.06643206626176834,0.13218039274215698,2
278,frame_00939,v40c_00454,0.8283693194389343,0.04824100062251091,0.1233895942568779,2
279,frame_00940,v40c_00454,0.759524405002594,0.09823723137378693,0.14223846793174744,2
280,frame_00941,v40c_00454,0.6198594570159912,0.2083454430103302,0.17179511487483978,2
281,frame_00942,v40c_00454,0.8253446817398071,0.0504816398024559,0.12417367100715637,2
282,frame_00943,v40c_00454,0.7882384657859802,0.07799427956342697,0.1337672919034958,2
283,frame_00960,v40c_00454,0.7870860695838928,0.07660399377346039,0.13630999624729156,2
284,frame_00961,v40c_00454,0.7681369185447693,0.09007632732391357,0.14178675413131714,2
285,frame_00962,v40c_00455,0.7746551632881165,0.0869775116443634,0.13836731016635895,2
286,frame_00963,v40c_00456,0.8102957606315613,0.061834920197725296,0.12786929309368134,2
287,frame_00964,v40c_00457,0.4589463770389557,0.3553152084350586,0.18573841452598572,2
288,frame_00965,v40c_00458,0.8271411061286926,0.05068336799740791,0.12217552214860916,2
289,frame_00966,v40c_00454,0.47459936141967773,0.3383375406265259,0.1870630979537964,2
290,frame_00967,v40c_00454,0.7214105725288391,0.12793229520320892,0.15065717697143555,2
291,frame_00968,v40c_00454,0.8178183436393738,0.05637572705745697,0.12580588459968567,2
292,frame_00969,v40c_00454,0.7695461511611938,0.09129716455936432,0.13915662467479706,2
293,frame_00970,v40c_00454,0.8214295506477356,0.05459393560886383,0.12397658079862595,2
294,frame_00971,v40c_00459,0.7363185882568359,0.11775042861700058,0.14593107998371124,2
295,frame_00972,v40c_00460,0.5998030304908752,0.22813278436660767,0.17206424474716187,2
296,frame_00973,v40c_00461,0.7884354591369629,0.07825594395399094,0.13330861926078796,2
297,frame_00974,v40c_00456,0.7706515789031982,0.09153315424919128,0.13781528174877167,2
298,frame_00975,v40c_00462,0.7804570198059082,0.08510256558656693,0.13444040715694427,2
299,frame_00976,v40c_00463,0.7283849716186523,0.12375999987125397,0.1478549838066101,2
300,frame_00977,v40c_00464,0.8154072165489197,0.05881156027317047,0.12578116357326508,2
301,frame_00978,v40c_00464,0.8202177286148071,0.05525197461247444,0.1245303526520729,2
302,frame_00979,v40c_00465,0.6657301783561707,0.17298325896263123,0.16128656268119812,2
303,frame_00980,v40c_00466,0.8006567358970642,0.06968534737825394,0.12965795397758484,2
304,frame_00981,v40c_00465,0.7974563837051392,0.07118494808673859,0.13135871291160583,2
305,frame_00982,v40c_00467,0.7884939908981323,0.07688964903354645,0.13461638987064362,2
306,frame_00983,v40c_00468,0.7484524846076965,0.10617522895336151,0.14537233114242554,2
307,frame_00984,v40c_00469,0.7905136942863464,0.07558594644069672,0.13390037417411804,2
308,frame_00985,v40c_00470,0.5772113800048828,0.24798938632011414,0.17479920387268066,2
309,frame_00986,v40c_00470,0.7879937291145325,0.07790113240480423,0.1341051608324051,2
310,frame_00987,v40c_00470,0.8040775060653687,0.06579545140266418,0.13012702763080597,2
311,frame_00988,v40c_00471,0.7722529172897339,0.09006507694721222,0.1376820057630539,2
312,frame_00989,v40c_00472,0.7895108461380005,0.0775311291217804,0.13295798003673553,2
313,frame_00990,v40c_00473,0.6877048015594482,0.1552884578704834,0.15700672566890717,2
314,frame_00991,v40c_00474,0.755934476852417,0.10194357484579086,0.14212195575237274,2
315,frame_00992,v40c_00474,0.7243834137916565,0.1259375959634781,0.149679034948349,2
316,frame_00993,v40c_00475,0.576038122177124,0.24712495505809784,0.17683684825897217,2
317,frame_00994,v40c_00475,0.749417781829834,0.10564769804477692,0.14493447542190552,2
318,frame_00995,v40c_00476,0.6983336210250854,0.14724098145961761,0.1544254571199417,2
319,frame_00996,v40c_00477,0.8127464652061462,0.060432784259319305,0.12682069838047028,2
320,frame_00997,v40c_00478,0.8078607320785522,0.06346634030342102,0.12867294251918793,2
321,frame_00998,v40c_00477,0.7400885224342346,0.1143638864159584,0.14554764330387115,2
322,frame_00999,v40c_00479,0.829489529132843,0.04892600327730179,0.12158438563346863,2
323,frame_01000,v40c_00480,0.6809333562850952,0.16045494377613068,0.1586116999387741,2
324,frame_01001,v40c_00481,0.5072175860404968,0.3100825548171997,0.18269985914230347,2
325,frame_01002,v40c_00480,0.8088717460632324,0.06381139159202576,0.1273169070482254,2
326,frame_01003,v40c_00481,0.7602012753486633,0.09945528954267502,0.14034347236156464,2
327,frame_01004,v40c_00481,0.7936320900917053,0.07475678622722626,0.1316111534833908,2
328,frame_01005,v40c_00482,0.7468456625938416,0.10916195064783096,0.14399245381355286,2
329,frame_01006,v40c_00483,0.8167562484741211,0.05853388085961342,0.1247098371386528,2
330,frame_01007,v40c_00483,0.7023599147796631,0.14369164407253265,0.15394841134548187,2
331,frame_01008,v40c_00484,0.668753981590271,0.17135541141033173,0.15989059209823608,2
332,frame_01009,v40c_00483,0.5570080280303955,0.2659737467765808,0.17701826989650726,2
333,frame_01010,v40c_00483,0.7827407717704773,0.08369910717010498,0.13356003165245056,2
334,frame_01011,v40c_00483,0.7581590414047241,0.10188838839530945,0.1399526596069336,2
335,frame_01012,v40c_00483,0.6703120470046997,0.16984087228775024,0.15984714031219482,2
336,frame_01013,v40c_00485,0.6439293622970581,0.1914190948009491,0.164651557803154,2
337,frame_01014,v40c_00486,0.7642196416854858,0.09704521298408508,0.1387351155281067,2
338,frame_01015,v40c_00487,0.7547503113746643,0.10400385409593582,0.14124588668346405,2
339,frame_01016,v40c_00488,0.7408556342124939,0.1141805574297905,0.1449638158082962,2
340,frame_01017,v40c_00489,0.6067731976509094,0.22137358784675598,0.1718532145023346,2
341,frame_01018,v40c_00490,0.6687538027763367,0.17093034088611603,0.1603158861398697,2
342,frame_01019,v40c_00491,0.7411881685256958,0.11411850899457932,0.1446933001279831,2
343,frame_01020,v40c_00491,0.764419674873352,0.09651234745979309,0.13906794786453247,2
344,frame_01021,v40c_00492,0.8050663471221924,0.06709782034158707,0.12783583998680115,2
345,frame_01022,v40c_00493,0.5759031176567078,0.2466224581003189,0.1774744689464569,2
346,frame_01023,v40c_00494,0.7528036236763,0.1043931245803833,0.14280326664447784,2
347,frame_01075,v40c_00526,0.6798968315124512,0.15344296395778656,0.16666018962860107,2
348,frame_01076,v40c_00526,0.5757362246513367,0.23685795068740845,0.18740586936473846,2
349,frame_01077,v40c_00526,0.586360514163971,0.22775253653526306,0.1858869194984436,2
350,frame_01078,v40c_00526,0.7238991856575012,0.12108372896909714,0.15501707792282104,2
351,frame_01079,v40c_00526,0.5676788091659546,0.2429429292678833,0.18937820196151733,2
352,frame_01167,v40c_00596,0.6892133355140686,0.14774823188781738,0.16303840279579163,2
353,frame_01168,v40c_00596,0.43825268745422363,0.3632051646709442,0.19854213297367096,2
354,frame_01169,v40c_00596,0.6678833365440369,0.1648603230714798,0.16725638508796692,2
355,frame_01170,v40c_00596,0.4697684347629547,0.33299022912979126,0.19724135100841522,2
356,frame_01171,v40c_00596,0.7109197378158569,0.13192790746688843,0.15715238451957703,2
357,frame_01172,v40c_00596,0.784420371055603,0.07837492227554321,0.13720472157001495,2
358,frame_01216,v40c_00612,0.44169318675994873,0.35978880524635315,0.19851794838905334,2
359,frame_01217,v40c_00612,0.7406505942344666,0.11144446581602097,0.1479048877954483,2
360,frame_01218,v40c_00612,0.47059234976768494,0.3329097032546997,0.19649794697761536,2
361,frame_01219,v40c_00612,0.4819783866405487,0.32238274812698364,0.19563895463943481,2
362,frame_01220,v40c_00612,0.647819459438324,0.18203943967819214,0.17014111578464508,2
363,frame_01221,v40c_00612,0.4794474244117737,0.32546159625053406,0.19509091973304749,2
364,frame_01222,v40c_00612,0.7483319640159607,0.1063091829419136,0.1453588306903839,2
365,frame_01223,v40c_00612,0.5760505199432373,0.24107150733470917,0.18287800252437592,2
366,frame_01224,v40c_00612,0.460574746131897,0.3427019417285919,0.1967233419418335,2
367,frame_01225,v40c_00612,0.5804122090339661,0.2382287234067917,0.18135903775691986,2
368,frame_01226,v40c_00612,0.6097109317779541,0.21358507871627808,0.1767040193080902,2
369,frame_01227,v40c_00612,0.6385799050331116,0.1905500739812851,0.17087002098560333,2
370,frame_01228,v40c_00612,0.7588078379631042,0.09975356608629227,0.1414385735988617,2
371,frame_01229,v40c_00612,0.6194618940353394,0.2057856023311615,0.17475248873233795,2
372,frame_01230,v40c_00612,0.6644444465637207,0.16984951496124268,0.16570600867271423,2
373,frame_01231,v40c_00612,0.7093870043754578,0.134858638048172,0.15575428307056427,2
374,frame_01232,v40c_00612,0.5612496137619019,0.2543290853500366,0.18442130088806152,2
375,frame_01233,v40c_00612,0.6951238512992859,0.1464165449142456,0.1584595888853073,2
376,frame_01234,v40c_00612,0.6864030957221985,0.15315234661102295,0.16044454276561737,2
377,frame_01235,v40c_00612,0.599668562412262,0.22267727553844452,0.17765414714813232,2
378,frame_01236,v40c_00612,0.7263813018798828,0.12359681725502014,0.15002186596393585,2
379,frame_01237,v40c_00612,0.5951721668243408,0.22630462050437927,0.1785232424736023,2
380,frame_01238,v40c_00613,0.7568170428276062,0.1010982021689415,0.1420847475528717,2
381,frame_01239,v40c_00612,0.6201559901237488,0.20526768267154694,0.1745762676000595,2
382,frame_01240,v40c_00612,0.685184121131897,0.15437494218349457,0.16044095158576965,2
383,frame_01241,v40c_00614,0.5667886734008789,0.250455766916275,0.18275554478168488,2
384,frame_01242,v40c_00615,0.6589834690093994,0.17625033855438232,0.16476623713970184,2
385,frame_01243,v40c_00616,0.6867823004722595,0.15444344282150269,0.15877430140972137,2
386,frame_01244,v40c_00617,0.6079850792884827,0.21654216945171356,0.17547278106212616,2
387,frame_01245,v40c_00618,0.7157816290855408,0.13191786408424377,0.15230052173137665,2
388,frame_01246,v40c_00618,0.7133063077926636,0.1336594671010971,0.15303419530391693,2
389,frame_01247,v40c_00618,0.6532537937164307,0.17949484288692474,0.16725139319896698,2
390,frame_01248,v40c_00618,0.7129458785057068,0.13333384692668915,0.15372031927108765,2
391,frame_01249,v40c_00618,0.54604572057724,0.26686999201774597,0.18708430230617523,2
392,frame_01250,v40c_00618,0.7590093612670898,0.09906115382909775,0.14192946255207062,2
393,frame_01251,v40c_00618,0.6137077212333679,0.21069806814193726,0.17559421062469482,2
394,frame_01252,v40c_00619,0.5701128244400024,0.24728859961032867,0.18259857594966888,2
395,frame_01253,v40c_00620,0.7814468741416931,0.08362554013729095,0.13492758572101593,2
396,frame_01254,v40c_00620,0.613523006439209,0.21123529970645905,0.17524170875549316,2
397,frame_01255,v40c_00621,0.5615960359573364,0.2545464336872101,0.18385756015777588,2
398,frame_01256,v40c_00622,0.694210946559906,0.14714476466178894,0.15864437818527222,2
399,frame_01257,v40c_00622,0.7191047072410583,0.1291010081768036,0.15179432928562164,2
400,frame_01258,v40c_00622,0.7232003211975098,0.12523405253887177,0.15156559646129608,2
401,frame_01259,v40c_00623,0.7661678194999695,0.09335710108280182,0.1404751092195511,2
402,frame_01260,v40c_00624,0.7680544853210449,0.09196972846984863,0.13997583091259003,2
403,frame_01261,v40c_00625,0.6743795871734619,0.16253666579723358,0.16308365762233734,2
404,frame_01262,v40c_00626,0.5218979120254517,0.287881076335907,0.19022102653980255,2
405,frame_01263,v40c_00627,0.7551681995391846,0.10101203620433807,0.14381977915763855,2
406,frame_01264,v40c_00628,0.7379409074783325,0.11356503516435623,0.14849403500556946,2
407,frame_01265,v40c_00629,0.7333027720451355,0.11719455569982529,0.14950263500213623,2
408,frame_01266,v40c_00630,0.6367712020874023,0.19053815305233002,0.17269064486026764,2
409,frame_01267,v40c_00630,0.667326033115387,0.16641117632389069,0.16626279056072235,2
410,frame_01268,v40c_00631,0.7865138053894043,0.07855209708213806,0.13493408262729645,2
411,frame_01269,v40c_00632,0.6577528119087219,0.17434924840927124,0.16789788007736206,2
412,frame_01270,v40c_00633,0.7271609902381897,0.12078912556171417,0.15204985439777374,2
413,frame_01271,v40c_00634,0.6856482028961182,0.15217570960521698,0.16217610239982605,2
414,frame_01272,v40c_00635,0.7168010473251343,0.12822085618972778,0.15497812628746033,2
415,frame_01273,v40c_00635,0.7192488312721252,0.12650814652442932,0.15424296259880066,2
416,frame_01274,v40c_00635,0.7192904949188232,0.12615150213241577,0.15455801784992218,2
417,frame_01275,v40c_00636,0.7316827178001404,0.11771425604820251,0.1506030559539795,2
418,frame_01276,v40c_00637,0.7826235294342041,0.08075658977031708,0.1366199404001236,2
419,frame_01277,v40c_00638,0.7306556701660156,0.11808428168296814,0.15126004815101624,2
420,frame_01278,v40c_00639,0.6887229681015015,0.1497855931520462,0.1614914834499359,2
421,frame_01279,v40c_00640,0.5443517565727234,0.2680951952934265,0.1875530481338501,2
422,frame_01317,v40c_00660,0.7511428594589233,0.1005258858203888,0.14833126962184906,2
423,frame_01318,v40c_00660,0.7628400325775146,0.09190701693296432,0.14525297284126282,2
424,frame_01920,v40c_01063,0.6146841645240784,0.2096712738275528,0.17564460635185242,2
425,frame_01921,v40c_01064,0.7462807893753052,0.10450265556573868,0.14921647310256958,2
426,frame_01922,v40c_01065,0.6253250241279602,0.20067204535007477,0.17400294542312622,2
427,frame_01923,v40c_01066,0.8105183243751526,0.057678669691085815,0.1318029910326004,2
428,frame_01924,v40c_01067,0.7703561186790466,0.08584804832935333,0.14379581809043884,2
429,frame_01925,v40c_01068,0.40569236874580383,0.3983538746833801,0.19595371186733246,2
430,frame_01926,v40c_01069,0.774385392665863,0.08291111141443253,0.14270347356796265,2
431,frame_01927,v40c_01070,0.7993019819259644,0.06472991406917572,0.13596808910369873,2
432,frame_01928,v40c_01071,0.6548835635185242,0.1736106127500534,0.17150576412677765,2
433,frame_01929,v40c_01072,0.7555580735206604,0.09570642560720444,0.1487354040145874,2
434,frame_01930,v40c_01073,0.7643641233444214,0.08893866091966629,0.1466972827911377,2
435,frame_01931,v40c_01074,0.6097598075866699,0.2100243717432022,0.18021580576896667,2
436,frame_01932,v40c_01074,0.5560463666915894,0.2559472322463989,0.18800638616085052,2
437,frame_01933,v40c_01074,0.6451711058616638,0.18120317161083221,0.17362573742866516,2
438,frame_01934,v40c_01075,0.7703577876091003,0.08523883670568466,0.14440330862998962,2
439,frame_01935,v40c_01076,0.702100932598114,0.1365235447883606,0.1613755226135254,2
440,frame_01936,v40c_01076,0.5677066445350647,0.24603044986724854,0.18626293540000916,2
441,frame_01937,v40c_01077,0.645104169845581,0.18055889010429382,0.17433702945709229,2
442,frame_01938,v40c_01078,0.8175385594367981,0.05156157165765762,0.13089987635612488,2
443,frame_01939,v40c_01079,0.5898665189743042,0.22619277238845825,0.18394072353839874,2
444,frame_01940,v40c_01080,0.694774329662323,0.14177459478378296,0.16345101594924927,2
445,frame_01941,v40c_01080,0.6645100712776184,0.16579098999500275,0.16969895362854004,2
446,frame_01942,v40c_01080,0.6004468202590942,0.21780481934547424,0.18174831569194794,2
447,frame_01943,v40c_01081,0.7546898126602173,0.09566903859376907,0.14964114129543304,2
448,frame_01944,v40c_01082,0.47443458437919617,0.327806681394577,0.19775870442390442,2
449,frame_01945,v40c_01083,0.7394510507583618,0.10633206367492676,0.15421682596206665,2
450,frame_01946,v40c_01084,0.44295504689216614,0.35601988434791565,0.2010250836610794,2
451,frame_01947,v40c_01084,0.5936983823776245,0.22164881229400635,0.18465280532836914,2
452,frame_01948,v40c_01084,0.734018087387085,0.1116672232747078,0.15431469678878784,2
453,frame_01949,v40c_01085,0.8170890808105469,0.052345387637615204,0.13056552410125732,2
454,frame_01950,v40c_01086,0.4339900612831116,0.36503592133522034,0.20097407698631287,2
455,frame_01951,v40c_01087,0.7286311984062195,0.11483164876699448,0.15653719007968903,2
456,frame_01952,v40c_01088,0.8002602458000183,0.06255348771810532,0.1371861845254898,2
457,frame_01953,v40c_01089,0.49580225348472595,0.3053129315376282,0.1988847851753235,2
458,frame_01954,v40c_01090,0.7555641531944275,0.09500838071107864,0.14942745864391327,2
459,frame_01955,v40c_01091,0.5216531753540039,0.28431734442710876,0.19402940571308136,2
460,frame_01956,v40c_01092,0.8097164630889893,0.05755622312426567,0.1327272653579712,2
461,frame_01957,v40c_01093,0.6558086276054382,0.1714947521686554,0.17269665002822876,2
462,frame_01958,v40c_01094,0.5676153302192688,0.24385057389736176,0.18853408098220825,2
463,frame_01959,v40c_01095,0.48731565475463867,0.31385576725006104,0.1988285779953003,2
464,frame_01960,v40c_01096,0.7932917475700378,0.06762506812810898,0.1390831470489502,2
465,frame_01961,v40c_01096,0.7675322890281677,0.08587419986724854,0.14659349620342255,2
466,frame_01962,v40c_01096,0.6515378355979919,0.17298997938632965,0.1754722148180008,2
467,frame_01963,v40c_01097,0.8007065057754517,0.062132641673088074,0.13716086745262146,2
468,frame_01964,v40c_01098,0.6187554001808167,0.2000889927148819,0.18115559220314026,2
469,frame_01965,v40c_01099,0.8157446384429932,0.05294286459684372,0.1313125342130661,2
470,frame_01966,v40c_01099,0.8182919025421143,0.05143000930547714,0.13027805089950562,2
471,frame_01967,v40c_01100,0.8009149432182312,0.06347621977329254,0.13560882210731506,2
472,frame_01968,v40c_01101,0.44518572092056274,0.35545119643211365,0.199363112449646,2
473,frame_01969,v40c_01100,0.8139263391494751,0.054832953959703445,0.13124080002307892,2
474,frame_01970,v40c_01102,0.7890302538871765,0.07112810760736465,0.13984157145023346,2
475,frame_01971,v40c_01103,0.6347298622131348,0.1879519373178482,0.17731814086437225,2
476,frame_01972,v40c_01104,0.8139902353286743,0.052853893488645554,0.1331559121608734,2
477,frame_01973,v40c_01104,0.8271041512489319,0.04421097785234451,0.12868480384349823,2
478,frame_01974,v40c_01105,0.7937169671058655,0.06669045984745026,0.13959255814552307,2
479,frame_01975,v40c_01106,0.7391862273216248,0.10547687113285065,0.1553369015455246,2
480,frame_01976,v40c_01107,0.8167662620544434,0.05164236202836037,0.13159137964248657,2
481,frame_01977,v40c_01108,0.6923995614051819,0.14129182696342468,0.16630862653255463,2
482,frame_01978,v40c_01109,0.7330172061920166,0.1117694079875946,0.1552133411169052,2
483,frame_01979,v40c_01109,0.6567398309707642,0.17027170956134796,0.17298848927021027,2
484,frame_01980,v40c_01110,0.6076505184173584,0.2092171311378479,0.1831323504447937,2
485,frame_01981,v40c_01111,0.4566796123981476,0.34115269780158997,0.20216767489910126,2
486,frame_01982,v40c_01112,0.5716822743415833,0.238824725151062,0.18949300050735474,2
487,frame_01983,v40c_01112,0.6782959699630737,0.15232467651367188,0.1693793535232544,2
488,frame_02112,v40c_01168,0.6676937937736511,0.1644352525472641,0.16787095367908478,2
489,frame_02113,v40c_01169,0.6988661885261536,0.14023636281490326,0.16089744865894318,2
490,frame_02114,v40c_01170,0.6672167778015137,0.16470998525619507,0.16807320713996887,2
491,frame_02115,v40c_01171,0.8028014302253723,0.06376925855875015,0.13342927396297455,2
492,frame_02116,v40c_01171,0.7544639706611633,0.09850135445594788,0.1470346748828888,2
493,frame_02117,v40c_01169,0.7884682416915894,0.07418397068977356,0.13734786212444305,2
494,frame_02118,v40c_01172,0.7224534153938293,0.12232650071382523,0.15522007644176483,2
495,frame_02119,v40c_01173,0.7088014483451843,0.1326611489057541,0.1585373729467392,2
496,frame_02120,v40c_01174,0.45768365263938904,0.3450106680393219,0.19730566442012787,2
497,frame_02121,v40c_01175,0.8006718754768372,0.06561050564050674,0.13371755182743073,2
498,frame_02122,v40c_01176,0.4923030138015747,0.3128048777580261,0.19489209353923798,2
499,frame_02123,v40c_01177,0.7548190951347351,0.09824194759130478,0.1469389796257019,2
500,frame_02124,v40c_01178,0.7485232949256897,0.10302649438381195,0.14845022559165955,2
501,frame_02125,v40c_01179,0.6857237219810486,0.15029744803905487,0.16397885978221893,2
502,frame_02126,v40c_01180,0.741077721118927,0.10871101915836334,0.15021121501922607,2
503,frame_02127,v40c_01181,0.6874439120292664,0.1493520438671112,0.16320404410362244,2
504,frame_02128,v40c_01181,0.764609694480896,0.09121645987033844,0.14417383074760437,2
505,frame_02129,v40c_01182,0.5413949489593506,0.27001169323921204,0.18859337270259857,2
506,frame_02130,v40c_01183,0.7986313700675964,0.06720101088285446,0.13416767120361328,2
507,frame_02131,v40c_01183,0.7639902830123901,0.09208735078573227,0.14392240345478058,2
508,frame_02132,v40c_01184,0.6222661137580872,0.20206153392791748,0.17567232251167297,2
509,frame_02133,v40c_01185,0.7022595405578613,0.13882535696029663,0.15891511738300323,2
510,frame_02134,v40c_01186,0.41158416867256165,0.392471045255661,0.19594480097293854,2
511,frame_02135,v40c_01184,0.7648277878761292,0.09191036224365234,0.1432618498802185,2
512,frame_02136,v40c_01187,0.6677698493003845,0.16609042882919312,0.1661396622657776,2
513,frame_02137,v40c_01187,0.7763100266456604,0.08395902067422867,0.13973098993301392,2
514,frame_02138,v40c_01187,0.7526354193687439,0.10119142383337021,0.1461731195449829,2
515,frame_02139,v40c_01187,0.5611918568611145,0.2552395164966583,0.18356870114803314,2
516,frame_02140,v40c_01188,0.798652172088623,0.06802036613225937,0.1333274245262146,2
517,frame_02141,v40c_01189,0.7467842698097229,0.10546513646841049,0.1477506160736084,2
518,frame_02142,v40c_01190,0.8097346425056458,0.0601198747754097,0.13014546036720276,2
519,frame_02143,v40c_01191,0.7790936231613159,0.08203136920928955,0.13887503743171692,2
520,frame_02144,v40c_01192,0.7058935761451721,0.1370229423046112,0.1570833921432495,2
521,frame_02145,v40c_01193,0.6132931709289551,0.2116396725177765,0.17506717145442963,2
522,frame_02146,v40c_01194,0.7801894545555115,0.08120206743478775,0.1386084109544754,2
523,frame_02147,v40c_01195,0.7877804636955261,0.07536926865577698,0.13685019314289093,2
524,frame_02148,v40c_01196,0.5468736290931702,0.2687116861343384,0.18441475927829742,2
525,frame_02149,v40c_01196,0.7199352979660034,0.12589699029922485,0.15416771173477173,2
526,frame_02150,v40c_01196,0.5463815331459045,0.2693510949611664,0.18426738679409027,2
527,frame_02151,v40c_01197,0.7608059644699097,0.09514325112104416,0.1440507471561432,2
528,frame_02152,v40c_01198,0.6716643571853638,0.16389434039592743,0.16444137692451477,2
529,frame_02153,v40c_01197,0.690383791923523,0.1488141417503357,0.1608019918203354,2
530,frame_02154,v40c_01199,0.742119550704956,0.10926124453544617,0.14861921966075897,2
531,frame_02155,v40c_01200,0.6792764067649841,0.1579800546169281,0.16274352371692657,2
532,frame_02156,v40c_01201,0.793329119682312,0.07146447151899338,0.13520647585391998,2
533,frame_02157,v40c_01202,0.7598064541816711,0.09577515721321106,0.14441846311092377,2
534,frame_02158,v40c_01203,0.7309206128120422,0.1175517588853836,0.15152768790721893,2
535,frame_02159,v40c_01204,0.6680692434310913,0.16635636985301971,0.16557441651821136,2
536,frame_02160,v40c_01205,0.7848500609397888,0.0776534155011177,0.1374964863061905,2
537,frame_02161,v40c_01205,0.7260267734527588,0.12026362121105194,0.1537095159292221,2
538,frame_02162,v40c_01205,0.7895007133483887,0.07376469671726227,0.13673453032970428,2
539,frame_02163,v40c_01206,0.8124261498451233,0.058193523436784744,0.12938034534454346,2
540,frame_02164,v40c_01207,0.6632074117660522,0.16948071122169495,0.16731195151805878,2
541,frame_02165,v40c_01208,0.7593082189559937,0.09624724835157394,0.1444445699453354,2
542,frame_02166,v40c_01209,0.7305482029914856,0.1171698197722435,0.1522819548845291,2
543,frame_02167,v40c_01210,0.7700875997543335,0.08757469058036804,0.14233769476413727,2
544,frame_02168,v40c_01211,0.7768381834030151,0.08288419246673584,0.14027753472328186,2
545,frame_02169,v40c_01212,0.7398483157157898,0.10927817225456238,0.15087348222732544,2
546,frame_02170,v40c_01213,0.754826545715332,0.09813157469034195,0.14704188704490662,2
547,frame_02171,v40c_01214,0.7937647700309753,0.07059092819690704,0.13564425706863403,2
548,frame_02172,v40c_01215,0.6066889762878418,0.21260781586170197,0.18070323765277863,2
549,frame_02173,v40c_01216,0.7387559413909912,0.10943151265382767,0.15181249380111694,2
550,frame_02174,v40c_01217,0.7102252244949341,0.1306859850883484,0.15908873081207275,2
551,frame_02175,v40c_01218,0.7405352592468262,0.10771014541387558,0.15175458788871765,2
552,frame_02176,v40c_01219,0.7948935031890869,0.06919869780540466,0.1359078288078308,2
553,frame_02177,v40c_01220,0.5241073966026306,0.2820413410663605,0.1938512772321701,2
554,frame_02178,v40c_01221,0.7930231094360352,0.07137520611286163,0.13560163974761963,2
555,frame_02179,v40c_01221,0.7160493731498718,0.12647724151611328,0.1574733406305313,2
556,frame_02180,v40c_01222,0.6754307150840759,0.15677569806575775,0.16779360175132751,2
557,frame_02181,v40c_01223,0.7475389242172241,0.10275314003229141,0.14970792829990387,2
558,frame_02182,v40c_01224,0.7236152291297913,0.11993717402219772,0.15644754469394684,2
559,frame_02183,v40c_01225,0.8006840944290161,0.06449102610349655,0.13482487201690674,2
560,frame_02184,v40c_01226,0.7710257172584534,0.0856444463133812,0.14332978427410126,2
561,frame_02185,v40c_01226,0.43433788418769836,0.36180582642555237,0.20385625958442688,2
562,frame_02186,v40c_01226,0.6220533847808838,0.1978413611650467,0.18010522425174713,2
563,frame_02187,v40c_01226,0.666608989238739,0.16207347810268402,0.17131751775741577,2
564,frame_02188,v40c_01227,0.7559306621551514,0.09575332701206207,0.14831601083278656,2
565,frame_02189,v40c_01228,0.7175377011299133,0.12311936169862747,0.15934285521507263,2
566,frame_02190,v40c_01229,0.8060771822929382,0.0609239861369133,0.13299882411956787,2
567,frame_02191,v40c_01230,0.751094400882721,0.09928996860980988,0.14961569011211395,2
568,frame_02192,v40c_01231,0.6923746466636658,0.14207980036735535,0.16554562747478485,2
569,frame_02193,v40c_01231,0.7138592600822449,0.12619824707508087,0.15994246304035187,2
570,frame_02194,v40c_01231,0.6028771996498108,0.21218125522136688,0.18494157493114471,2
571,frame_02195,v40c_01232,0.7247297763824463,0.11824944615364075,0.15702074766159058,2
572,frame_02196,v40c_01233,0.7373079657554626,0.10906602442264557,0.153625950217247,2
573,frame_02197,v40c_01234,0.6563670039176941,0.169332355260849,0.17430061101913452,2
574,frame_02198,v40c_01235,0.7180634140968323,0.12280924618244171,0.15912732481956482,2
575,frame_02199,v40c_01236,0.6274849772453308,0.19187626242637634,0.18063879013061523,2
576,frame_02200,v40c_01236,0.7166344523429871,0.12368110567331314,0.1596844494342804,2
577,frame_02201,v40c_01237,0.7613805532455444,0.09168034791946411,0.14693902432918549,2
578,frame_02202,v40c_01238,0.6218773722648621,0.19569805264472961,0.18242453038692474,2
579,frame_02203,v40c_01238,0.6943839192390442,0.13975954055786133,0.1658564954996109,2
580,frame_02204,v40c_01238,0.7122698426246643,0.12658795714378357,0.16114217042922974,2
581,frame_02205,v40c_01238,0.7513553500175476,0.0984094962477684,0.15023522078990936,2
582,frame_02206,v40c_01238,0.6777838468551636,0.15137208998203278,0.17084409296512604,2
583,frame_02207,v40c_01238,0.5128729343414307,0.28440842032432556,0.20271864533424377,2
584,frame_02208,v40c_01239,0.7324674725532532,0.11107541620731354,0.1564570665359497,2
585,frame_02209,v40c_01240,0.6610224843025208,0.1633334457874298,0.17564408481121063,2
586,frame_02210,v40c_01241,0.7166945934295654,0.12152066826820374,0.16178472340106964,2
587,frame_02211,v40c_01242,0.6836683750152588,0.1459130346775055,0.1704186052083969,2
588,frame_02212,v40c_01242,0.7632312774658203,0.08901013433933258,0.14775849878787994,2
589,frame_02213,v40c_01243,0.7249226570129395,0.1156698539853096,0.15940745174884796,2
590,frame_02214,v40c_01243,0.7111085653305054,0.12554685771465302,0.1633445918560028,2
591,frame_02215,v40c_01244,0.7617762088775635,0.08951974660158157,0.14870405197143555,2
592,frame_02216,v40c_01245,0.44863227009773254,0.33793744444847107,0.213430255651474,2
593,frame_02217,v40c_01246,0.7628991603851318,0.08871801942586899,0.14838288724422455,2
594,frame_02218,v40c_01247,0.665188193321228,0.1586497575044632,0.176161989569664,2
595,frame_02219,v40c_01248,0.7830591201782227,0.07545971870422363,0.14148105680942535,2
596,frame_02220,v40c_01249,0.7785719037055969,0.07905174046754837,0.1423763483762741,2
597,frame_02221,v40c_01250,0.7647175788879395,0.0888357162475586,0.14644667506217957,2
598,frame_02222,v40c_01249,0.6742144227027893,0.155519500374794,0.17026612162590027,2
599,frame_02223,v40c_01251,0.6961438059806824,0.14036878943443298,0.16348740458488464,2
600,frame_02224,v40c_01251,0.7000849843025208,0.13824760913848877,0.16166742146015167,2
601,frame_02225,v40c_01251,0.7809411287307739,0.08085078746080399,0.13820809125900269,2
602,frame_02226,v40c_01252,0.7152664065361023,0.12798815965652466,0.15674535930156708,2
603,frame_02227,v40c_01253,0.6900073885917664,0.14657248556613922,0.16342009603977203,2
604,frame_02228,v40c_01254,0.5701697468757629,0.24049419164657593,0.18933601677417755,2
605,frame_02229,v40c_01254,0.645512580871582,0.18091368675231934,0.17357373237609863,2
606,frame_02230,v40c_01254,0.6067817807197571,0.21122805774211884,0.1819901317358017,2
607,frame_02231,v40c_01255,0.647679328918457,0.17973215878009796,0.17258857190608978,2
608,frame_02232,v40c_01256,0.7063464522361755,0.13559097051620483,0.15806256234645844,2
609,frame_02233,v40c_01256,0.5800364017486572,0.2327616661787033,0.18720197677612305,2
610,frame_02234,v40c_01256,0.7047024965286255,0.13578909635543823,0.15950839221477509,2
611,frame_02235,v40c_01256,0.5537528991699219,0.2540341317653656,0.19221296906471252,2
612,frame_02236,v40c_01256,0.7332169413566589,0.11528030037879944,0.15150274336338043,2
613,frame_02237,v40c_01257,0.7608899474143982,0.09604310244321823,0.1430669128894806,2
614,frame_02238,v40c_01258,0.726795494556427,0.12022872269153595,0.15297579765319824,2
615,frame_02239,v40c_01259,0.749549388885498,0.10302774608135223,0.1474228948354721,2
616,frame_02240,v40c_01259,0.7520260214805603,0.10104802995920181,0.14692598581314087,2
617,frame_02241,v40c_01259,0.6374297738075256,0.18479493260383606,0.1777753382921219,2
618,frame_02242,v40c_01259,0.723454475402832,0.12146639823913574,0.15507911145687103,2
619,frame_02243,v40c_01259,0.7436652779579163,0.10747440159320831,0.1488603949546814,2
620,frame_02244,v40c_01259,0.7442272305488586,0.10716284066438675,0.1486099362373352,2
621,frame_02245,v40c_01260,0.6780869960784912,0.15458627045154572,0.16732677817344666,2
622,frame_02246,v40c_01260,0.7199344038963318,0.12444328516721725,0.15562228858470917,2
623,frame_02247,v40c_01261,0.6672080159187317,0.16268789768218994,0.17010407149791718,2
624,frame_02248,v40c_01261,0.4748537540435791,0.31849148869514465,0.20665478706359863,2
625,frame_02249,v40c_01261,0.6762635707855225,0.1553318202495575,0.16840460896492004,2
626,frame_02250,v40c_01262,0.7786723375320435,0.0828063115477562,0.13852135837078094,2
627,frame_02251,v40c_01263,0.7289152145385742,0.11767072230577469,0.15341408550739288,2
628,frame_02252,v40c_01264,0.6774435043334961,0.15546415746212006,0.16709232330322266,2
629,frame_02253,v40c_01265,0.7543874382972717,0.10070640593767166,0.1449062079191208,2
630,frame_02254,v40c_01266,0.7647839784622192,0.09280470758676529,0.1424112319946289,2
631,frame_02255,v40c_01266,0.7233603000640869,0.12223231792449951,0.15440742671489716,2
632,frame_02256,v40c_01267,0.7527995705604553,0.10098782181739807,0.14621266722679138,2
633,frame_02257,v40c_01268,0.7618053555488586,0.09441836178302765,0.14377635717391968,2
634,frame_02258,v40c_01269,0.7350187301635742,0.11359401792287827,0.15138719975948334,2
635,frame_02259,v40c_01270,0.6263636946678162,0.19506143033504486,0.17857488989830017,2
636,frame_02260,v40c_01271,0.7349397540092468,0.11508609354496002,0.14997412264347076,2
637,frame_02261,v40c_01272,0.7709240913391113,0.08935433626174927,0.13972152769565582,2
638,frame_02262,v40c_01273,0.682020902633667,0.15307208895683289,0.16490702331066132,2
639,frame_02263,v40c_01273,0.7035923600196838,0.13660532236099243,0.15980231761932373,2
640,frame_02264,v40c_01274,0.7323648929595947,0.11659935861825943,0.15103572607040405,2
641,frame_02265,v40c_01274,0.7932523488998413,0.07490162551403046,0.13184604048728943,2
642,frame_02266,v40c_01275,0.7844778299331665,0.08089617639780045,0.13462603092193604,2
643,frame_02267,v40c_01276,0.669266402721405,0.16247810423374176,0.1682555228471756,2
644,frame_02268,v40c_01277,0.7704030275344849,0.08989376574754715,0.1397031992673874,2
645,frame_02269,v40c_01278,0.8018137812614441,0.06868065148591995,0.12950552999973297,2
646,frame_02270,v40c_01279,0.6993484497070312,0.14052161574363708,0.16012993454933167,2
647,frame_02271,v40c_01279,0.76569664478302,0.09403202682733536,0.14027132093906403,2
648,frame_02272,v40c_01279,0.7352554798126221,0.11563429981470108,0.14911019802093506,2
649,frame_02273,v40c_01279,0.6947946548461914,0.14481167495250702,0.16039368510246277,2
650,frame_02274,v40c_01279,0.6678875684738159,0.16439788043498993,0.16771447658538818,2
651,frame_02275,v40c_01279,0.7602541446685791,0.09796213358640671,0.1417837142944336,2
652,frame_02276,v40c_01279,0.7481920719146729,0.10630960017442703,0.1454983949661255,2
653,frame_02277,v40c_01280,0.7842816710472107,0.08118069916963577,0.13453760743141174,2
654,frame_02278,v40c_01281,0.7798082828521729,0.08443854004144669,0.13575322926044464,2
655,frame_02279,v40c_01282,0.8044551610946655,0.06789882481098175,0.12764599919319153,2
656,frame_02280,v40c_01282,0.7900089621543884,0.07798837125301361,0.13200274109840393,2
657,frame_02281,v40c_01283,0.7541140913963318,0.10218844562768936,0.14369745552539825,2
658,frame_02282,v40c_01284,0.5433335304260254,0.26325151324272156,0.19341491162776947,2
659,frame_02283,v40c_01284,0.7362126111984253,0.11501722037792206,0.14877016842365265,2
660,frame_02284,v40c_01284,0.7094854712486267,0.13346321880817413,0.1570512354373932,2
661,frame_02285,v40c_01285,0.8058339953422546,0.06685910373926163,0.12730687856674194,2
662,frame_02286,v40c_01286,0.7674543857574463,0.0922141820192337,0.14033143222332,2
663,frame_02287,v40c_01287,0.7994310259819031,0.07096926122903824,0.12959975004196167,2
664,frame_02288,v40c_01288,0.7902550101280212,0.07705628126859665,0.13268877565860748,2
665,frame_02289,v40c_01289,0.7397361993789673,0.11130942404270172,0.14895431697368622,2
666,frame_02290,v40c_01289,0.5730801224708557,0.23734286427497864,0.18957696855068207,2
667,frame_02291,v40c_01290,0.8029663562774658,0.06859765946865082,0.12843598425388336,2
668,frame_02292,v40c_01290,0.7963667511940002,0.07348284125328064,0.13015040755271912,2
669,frame_02293,v40c_01290,0.7667543292045593,0.093197301030159,0.14004839956760406,2
670,frame_02294,v40c_01290,0.7500894665718079,0.10464507341384888,0.14526544511318207,2
671,frame_02295,v40c_01291,0.7645398378372192,0.09414583444595337,0.1413143426179886,2
672,frame_02296,v40c_01292,0.7779759168624878,0.08533798903226852,0.1366860270500183,2
673,frame_02297,v40c_01293,0.7760046720504761,0.08678937703371048,0.13720594346523285,2
674,frame_02298,v40c_01294,0.8013389110565186,0.06958123296499252,0.12907986342906952,2
675,frame_02299,v40c_01295,0.704223096370697,0.13650916516780853,0.15926776826381683,2
676,frame_02300,v40c_01296,0.7975893020629883,0.07174283266067505,0.1306678205728531,2
677,frame_02301,v40c_01297,0.6993246674537659,0.13994304835796356,0.16073234379291534,2
678,frame_02302,v40c_01298,0.7125399708747864,0.13012520968914032,0.15733478963375092,2
679,frame_02303,v40c_01299,0.7660874128341675,0.09243155270814896,0.14148105680942535,2
680,frame_02496,v40c_01398,0.7417455315589905,0.11033129692077637,0.14792324602603912,2
681,frame_02497,v40c_01398,0.7159052491188049,0.12953583896160126,0.1545589417219162,2
682,frame_02498,v40c_01398,0.6642621159553528,0.16965843737125397,0.16607947647571564,2
683,frame_02499,v40c_01398,0.7989088892936707,0.06860927492380142,0.13248182833194733,2
684,frame_02500,v40c_01398,0.7154465317726135,0.13024288415908813,0.15431061387062073,2
685,frame_02501,v40c_01398,0.8095773458480835,0.061939042061567307,0.12848356366157532,2
686,frame_02502,v40c_01398,0.8173071146011353,0.055623859167099,0.12706896662712097,2
687,frame_02503,v40c_01398,0.816128671169281,0.05650937184691429,0.1273619681596756,2
688,frame_02504,v40c_01398,0.6940799355506897,0.14576275646686554,0.16015730798244476,2
689,frame_02505,v40c_01398,0.7718973159790039,0.0880252867937088,0.1400773823261261,2
690,frame_02506,v40c_01398,0.8121780753135681,0.05919129401445389,0.1286306083202362,2
691,frame_02507,v40c_01398,0.7514691948890686,0.10336102545261383,0.14516980946063995,2
692,frame_02508,v40c_01398,0.7092349529266357,0.13496604561805725,0.15579906105995178,2
693,frame_02509,v40c_01398,0.8288848400115967,0.047983910888433456,0.12313126772642136,2
694,frame_02510,v40c_01398,0.7903540134429932,0.07508353143930435,0.1345624029636383,2
695,frame_02511,v40c_01398,0.7899415493011475,0.07492423057556152,0.1351342648267746,2
696,frame_02512,v40c_01398,0.7872913479804993,0.07642330229282379,0.13628534972667694,2
697,frame_02513,v40c_01398,0.5999994874000549,0.2209409475326538,0.17905953526496887,2
698,frame_02514,v40c_01398,0.7806150317192078,0.08160866051912308,0.13777627050876617,2
699,frame_02515,v40c_01398,0.7418600916862488,0.1102546900510788,0.14788523316383362,2
700,frame_02516,v40c_01398,0.7869876027107239,0.07674992084503174,0.13626249134540558,2
701,frame_02517,v40c_01398,0.7595696449279785,0.09672887623310089,0.143701434135437,2
702,frame_02518,v40c_01398,0.8091183304786682,0.06095564365386963,0.12992608547210693,2
703,frame_02519,v40c_01398,0.7710863947868347,0.0887097716331482,0.1402038335800171,2
704,frame_02520,v40c_01398,0.5738939046859741,0.24279770255088806,0.1833084374666214,2
705,frame_02521,v40c_01398,0.8171591758728027,0.0558592863380909,0.12698152661323547,2
706,frame_02522,v40c_01398,0.7198047637939453,0.1266065537929535,0.15358874201774597,2
707,frame_02523,v40c_01398,0.7930867075920105,0.07216595858335495,0.13474734127521515,2
708,frame_02524,v40c_01398,0.7176548838615417,0.1277589648962021,0.15458615124225616,2
709,frame_02525,v40c_01398,0.6326960325241089,0.19373920559883118,0.17356470227241516,2
710,frame_02526,v40c_01398,0.8189761638641357,0.05474726855754852,0.12627656757831573,2
711,frame_02527,v40c_01398,0.6260474920272827,0.19934411346912384,0.17460840940475464,2
712,frame_02528,v40c_01398,0.7147210836410522,0.13000637292861938,0.15527257323265076,2
713,frame_02529,v40c_01398,0.7677342891693115,0.09030239284038544,0.14196337759494781,2
714,frame_02530,v40c_01398,0.7340811491012573,0.11547012627124786,0.15044869482517242,2
715,frame_02531,v40c_01398,0.7497209310531616,0.10421683639287949,0.14606216549873352,2
716,frame_02532,v40c_01399,0.8076966404914856,0.06200450658798218,0.13029882311820984,2
717,frame_02533,v40c_01400,0.792944073677063,0.07293082028627396,0.1341250240802765,2
718,frame_02534,v40c_01401,0.8028357028961182,0.06572076678276062,0.1314435601234436,2
719,frame_02535,v40c_01402,0.7969033122062683,0.07008416205644608,0.1330125778913498,2
720,frame_02536,v40c_01403,0.6508543491363525,0.17956821620464325,0.16957740485668182,2
721,frame_02537,v40c_01404,0.7983570098876953,0.06921044737100601,0.13243244588375092,2
722,frame_02538,v40c_01404,0.6953027248382568,0.14552339911460876,0.15917392075061798,2
723,frame_02539,v40c_01405,0.7773240208625793,0.08435465395450592,0.13832129538059235,2
724,frame_02540,v40c_01406,0.8145468831062317,0.05810551717877388,0.12734760344028473,2
725,frame_02541,v40c_01405,0.7812181711196899,0.08124189078807831,0.13753992319107056,2
726,frame_02542,v40c_01405,0.7579718232154846,0.09845245629549026,0.14357569813728333,2
727,frame_02543,v40c_01405,0.7638798356056213,0.09431954473257065,0.14180058240890503,2
728,frame_02544,v40c_01407,0.7063570022583008,0.1366766095161438,0.1569664627313614,2
729,frame_02545,v40c_01405,0.7417027354240417,0.1105864942073822,0.14771078526973724,2
730,frame_02546,v40c_01405,0.8162070512771606,0.05732182040810585,0.1264711171388626,2
731,frame_02547,v40c_01405,0.5132284760475159,0.2957335412502289,0.19103795289993286,2
732,frame_02548,v40c_01405,0.7924441695213318,0.07407248765230179,0.13348332047462463,2
733,frame_02549,v40c_01408,0.6054902076721191,0.21719710528850555,0.1773127168416977,2
734,frame_02550,v40c_01408,0.7718324065208435,0.08877252787351608,0.13939504325389862,2
735,frame_02551,v40c_01409,0.7645400762557983,0.09345223009586334,0.14200769364833832,2
736,frame_02552,v40c_01410,0.7622185349464417,0.09581165760755539,0.14196978509426117,2
737,frame_02553,v40c_01410,0.6952546834945679,0.14514781534671783,0.1595974564552307,2
738,frame_02554,v40c_01410,0.5670585036277771,0.24932916462421417,0.18361231684684753,2
739,frame_02555,v40c_01411,0.7771060466766357,0.08489726483821869,0.13799665868282318,2
740,frame_02556,v40c_01411,0.7280444502830505,0.12045014649629593,0.15150539577007294,2
741,frame_02557,v40c_01411,0.7921192646026611,0.07409815490245819,0.1337825506925583,2
742,frame_02558,v40c_01411,0.7336987257003784,0.11619286239147186,0.15010838210582733,2
743,frame_02559,v40c_01412,0.7537959218025208,0.10118155181407928,0.14502252638339996,2
744,frame_02560,v40c_01412,0.6255371570587158,0.19908732175827026,0.17537552118301392,2
745,frame_02561,v40c_01413,0.7390227317810059,0.11201544106006622,0.1489618718624115,2
746,frame_02562,v40c_01414,0.7270202040672302,0.12098554521799088,0.15199416875839233,2
747,frame_02563,v40c_01415,0.7509750723838806,0.10305871069431305,0.14596626162528992,2
748,frame_02564,v40c_01415,0.6122527718544006,0.20930522680282593,0.17844201624393463,2
749,frame_02565,v40c_01415,0.7622309923171997,0.09450184553861618,0.14326710999011993,2
750,frame_02566,v40c_01416,0.7984684109687805,0.06823116540908813,0.13330042362213135,2
751,frame_02567,v40c_01417,0.7320639491081238,0.11570648849010468,0.15222959220409393,2
752,frame_02568,v40c_01418,0.7770638465881348,0.08300059288740158,0.13993559777736664,2
753,frame_02569,v40c_01419,0.630375862121582,0.1930207461118698,0.17660334706306458,2
754,frame_02570,v40c_01420,0.6374849677085876,0.18747073411941528,0.1750442534685135,2
755,frame_02571,v40c_01421,0.7699128985404968,0.08821931481361389,0.14186783134937286,2
756,frame_02572,v40c_01421,0.6509522199630737,0.1766354739665985,0.17241232097148895,2
757,frame_02573,v40c_01422,0.660897970199585,0.16936473548412323,0.16973727941513062,2
758,frame_02574,v40c_01422,0.7250353693962097,0.12056340277194977,0.15440116822719574,2
759,frame_02575,v40c_01423,0.6559056639671326,0.172596737742424,0.17149758338928223,2
760,frame_02576,v40c_01423,0.6776619553565979,0.1559147983789444,0.1664232611656189,2
761,frame_02577,v40c_01423,0.708655834197998,0.1322559267282486,0.15908822417259216,2
762,frame_02578,v40c_01423,0.6373187303543091,0.1878814548254013,0.1747998297214508,2
763,frame_02579,v40c_01424,0.674371063709259,0.15835875272750854,0.1672702133655548,2
764,frame_02580,v40c_01425,0.7384836077690125,0.11060044914484024,0.1509159356355667,2
765,frame_02581,v40c_01426,0.7498312592506409,0.10178656876087189,0.14838214218616486,2
766,frame_02582,v40c_01427,0.6943972110748291,0.1429259330034256,0.1626768708229065,2
767,frame_02583,v40c_01427,0.7242552042007446,0.12067770957946777,0.15506701171398163,2
768,frame_02584,v40c_01427,0.6556566953659058,0.17248289287090302,0.17186038196086884,2
769,frame_02585,v40c_01427,0.742355465888977,0.1073588877916336,0.15028569102287292,2
770,frame_02586,v40c_01427,0.6502978801727295,0.17637774348258972,0.1733243465423584,2
771,frame_02587,v40c_01427,0.6659947633743286,0.16424591839313507,0.1697593480348587,2
772,frame_02588,v40c_01427,0.757432758808136,0.09614608436822891,0.1464211344718933,2
773,frame_02589,v40c_01428,0.647325336933136,0.17882831394672394,0.17384633421897888,2
774,frame_02590,v40c_01429,0.7902421951293945,0.07289177179336548,0.13686612248420715,2
775,frame_02591,v40c_01430,0.6561727523803711,0.1718164086341858,0.17201082408428192,2
776,frame_02592,v40c_01431,0.5751070976257324,0.237508162856102,0.1873846799135208,2
777,frame_02593,v40c_01431,0.7442018985748291,0.10534273833036423,0.15045544505119324,2
778,frame_02594,v40c_01432,0.5860403776168823,0.22825992107391357,0.1856997013092041,2
779,frame_02595,v40c_01433,0.5880036354064941,0.22722242772579193,0.18477395176887512,2
780,frame_02596,v40c_01433,0.7525557279586792,0.09921617060899734,0.14822810888290405,2
781,frame_02597,v40c_01434,0.7072863578796387,0.13225308060646057,0.16046054661273956,2
782,frame_02598,v40c_01435,0.762504518032074,0.09198436886072159,0.14551109075546265,2
783,frame_02599,v40c_01436,0.7736677527427673,0.084197998046875,0.14213430881500244,2
784,frame_02600,v40c_01437,0.7715223431587219,0.08643627166748047,0.14204147458076477,2
785,frame_02601,v40c_01437,0.7275437712669373,0.11830747872591019,0.15414872765541077,2
786,frame_02602,v40c_01438,0.7160729169845581,0.12675373256206512,0.15717338025569916,2
787,frame_02603,v40c_01438,0.7509681582450867,0.10178589820861816,0.14724597334861755,2
788,frame_02604,v40c_01438,0.7364086508750916,0.11202535778284073,0.15156596899032593,2
789,frame_02605,v40c_01438,0.7863333225250244,0.07661477476358414,0.13705189526081085,2
790,frame_02606,v40c_01438,0.7126324772834778,0.13099347054958344,0.156373992562294,2
791,frame_02607,v40c_01439,0.7723591327667236,0.08750969171524048,0.14013119041919708,2
792,frame_02608,v40c_01440,0.7372592091560364,0.11382514238357544,0.14891567826271057,2
793,frame_02609,v40c_01441,0.7875109314918518,0.0778014063835144,0.1346876472234726,2
794,frame_02610,v40c_01442,0.5452413558959961,0.26805251836776733,0.18670618534088135,2
795,frame_02611,v40c_01443,0.6270241141319275,0.1998962014913559,0.1730797290802002,2
796,frame_02612,v40c_01443,0.780539870262146,0.0834696888923645,0.1359904408454895,2
797,frame_02613,v40c_01444,0.6034064888954163,0.21974824368953705,0.1768452525138855,2
798,frame_02614,v40c_01445,0.7159799933433533,0.13071425259113312,0.153305783867836,2
799,frame_02615,v40c_01446,0.7798174023628235,0.0838782787322998,0.13630425930023193,2
800,frame_02616,v40c_01447,0.6955588459968567,0.14594416320323944,0.15849696099758148,2
801,frame_02617,v40c_01448,0.7035532593727112,0.13978822529315948,0.1566585749387741,2
802,frame_02618,v40c_01449,0.7589651942253113,0.09869183599948883,0.14234299957752228,2
803,frame_02619,v40c_01450,0.6997863054275513,0.1427125632762909,0.15750117599964142,2
804,frame_02620,v40c_01451,0.7672866582870483,0.09240160882472992,0.14031170308589935,2
805,frame_02621,v40c_01452,0.7274463176727295,0.12242095172405243,0.15013280510902405,2
806,frame_02622,v40c_01453,0.7401604056358337,0.11253932863473892,0.14730024337768555,2
807,frame_02623,v40c_01454,0.7799098491668701,0.08285921812057495,0.1372309774160385,2
808,frame_02880,v40c_01610,0.713438093662262,0.1341942697763443,0.15236760675907135,2
809,frame_02881,v40c_01610,0.7802850604057312,0.08152598142623901,0.13818900287151337,2
810,frame_02882,v40c_01610,0.7517750263214111,0.10427111387252808,0.14395387470722198,2
811,frame_02883,v40c_01610,0.7677433490753174,0.09161834418773651,0.1406383514404297,2
812,frame_02884,v40c_01611,0.7428847551345825,0.11022846400737762,0.14688672125339508,2
813,frame_02885,v40c_01612,0.7126746773719788,0.1347944736480713,0.15253078937530518,2
814,frame_02886,v40c_01612,0.6716552376747131,0.16837449371814728,0.1599702090024948,2
815,frame_02887,v40c_01613,0.7952181100845337,0.07036922872066498,0.13441260159015656,2
816,frame_02888,v40c_01614,0.7707348465919495,0.08958061039447784,0.1396845132112503,2
817,frame_02889,v40c_01614,0.6650030612945557,0.17479658126831055,0.1602003574371338,2
818,frame_02890,v40c_01614,0.6366298794746399,0.19892796874046326,0.16444212198257446,2
819,frame_02891,v40c_01615,0.7336880564689636,0.11973167955875397,0.14658024907112122,2
820,frame_02892,v40c_01616,0.6819193959236145,0.16212226450443268,0.15595833957195282,2
821,frame_02893,v40c_01616,0.7624598145484924,0.09797724336385727,0.1395629346370697,2
822,frame_02894,v40c_01616,0.7521812319755554,0.106011301279068,0.1418074369430542,2
823,frame_02895,v40c_01616,0.7731363773345947,0.0894174799323082,0.1374460756778717,2
824,frame_02896,v40c_01616,0.624117374420166,0.208783820271492,0.16709880530834198,2
825,frame_02897,v40c_01617,0.7601283192634583,0.09716711193323135,0.14270459115505219,2
826,frame_02898,v40c_01618,0.7895151376724243,0.07542520016431808,0.135059654712677,2
827,frame_02899,v40c_01618,0.8002452254295349,0.0679631307721138,0.13179165124893188,2
828,frame_02900,v40c_01618,0.6389606595039368,0.19514870643615723,0.1658906191587448,2
829,frame_02901,v40c_01618,0.7642913460731506,0.0950709730386734,0.14063775539398193,2
830,frame_02902,v40c_01618,0.7674461603164673,0.09299872815608978,0.13955511152744293,2
831,frame_02903,v40c_01618,0.7667058706283569,0.09330601990222931,0.13998806476593018,2
832,frame_02904,v40c_01618,0.7807155847549438,0.0827818289399147,0.13650257885456085,2
833,frame_02905,v40c_01619,0.7521187663078308,0.10454776883125305,0.14333342015743256,2
834,frame_02906,v40c_01620,0.7318688631057739,0.12057242542505264,0.14755868911743164,2
835,frame_02907,v40c_01620,0.7507115602493286,0.10588361322879791,0.1434047520160675,2
836,frame_02908,v40c_01620,0.6773163080215454,0.16401170194149017,0.15867199003696442,2
837,frame_02909,v40c_01620,0.7097960114479065,0.13810427486896515,0.15209965407848358,2
838,frame_02910,v40c_01620,0.7999212741851807,0.06929551064968109,0.13078321516513824,2
839,frame_02911,v40c_01620,0.8056375980377197,0.06529433280229568,0.1290680319070816,2
840,frame_02912,v40c_01621,0.7996693849563599,0.06960593163967133,0.13072463870048523,2
841,frame_02913,v40c_01622,0.7620552778244019,0.09730707108974457,0.14063765108585358,2
842,frame_02914,v40c_01622,0.6877974271774292,0.15632428228855133,0.15587829053401947,2
843,frame_02915,v40c_01623,0.7019476294517517,0.14430926740169525,0.1537431925535202,2
844,frame_02916,v40c_01624,0.7518764138221741,0.10510315001010895,0.1430204063653946,2
845,frame_02917,v40c_01625,0.7881259322166443,0.07829034328460693,0.13358378410339355,2
846,frame_02918,v40c_01626,0.7399700284004211,0.11465153843164444,0.14537838101387024,2
847,frame_02919,v40c_01627,0.7728832364082336,0.09007737785577774,0.13703934848308563,2
848,frame_02920,v40c_01628,0.7819876074790955,0.08363322168588638,0.13437916338443756,2
849,frame_02921,v40c_01629,0.732293963432312,0.12186848372220993,0.14583750069141388,2
850,frame_02922,v40c_01630,0.7525854706764221,0.10689064115285873,0.14052389562129974,2
851,frame_02923,v40c_01631,0.7770732045173645,0.08675498515367508,0.13617171347141266,2
852,frame_02924,v40c_01632,0.7202803492546082,0.1300923228263855,0.14962734282016754,2
853,frame_02925,v40c_01633,0.6822012662887573,0.1584760546684265,0.15932273864746094,2
854,frame_02926,v40c_01633,0.7741847634315491,0.08785593509674072,0.1379593014717102,2
855,frame_02927,v40c_01633,0.7024114727973938,0.14092981815338135,0.15665876865386963,2
856,frame_02928,v40c_01634,0.7774612903594971,0.08502265065908432,0.13751603662967682,2
857,frame_02929,v40c_01634,0.7522063255310059,0.10387665778398514,0.1439170092344284,2
858,frame_02930,v40c_01635,0.768314778804779,0.09222612529993057,0.13945907354354858,2
859,frame_02931,v40c_01635,0.7521023154258728,0.10422011464834213,0.14367754757404327,2
860,frame_02932,v40c_01636,0.6958081722259521,0.14689943194389343,0.15729233622550964,2
861,frame_02933,v40c_01636,0.7295292615890503,0.12163004279136658,0.14884072542190552,2
862,frame_02934,v40c_01637,0.7422837615013123,0.11279378086328506,0.1449224054813385,2
863,frame_02935,v40c_01637,0.7823175191879272,0.08358649909496307,0.1340959221124649,2
864,frame_02936,v40c_01638,0.78009432554245,0.08552869409322739,0.13437694311141968,2
865,frame_02937,v40c_01639,0.7678996324539185,0.09439615160226822,0.1377042680978775,2
866,frame_02938,v40c_01640,0.797258734703064,0.0734248161315918,0.1293165236711502,2
867,frame_02939,v40c_01641,0.7943499088287354,0.07585983723402023,0.1297902911901474,2
868,frame_02940,v40c_01642,0.8164533972740173,0.06018901243805885,0.12335757911205292,2
869,frame_02941,v40c_01643,0.7111746668815613,0.13835462927818298,0.15047068893909454,2
870,frame_02942,v40c_01644,0.6174597144126892,0.21258041262626648,0.16995984315872192,2
871,frame_02943,v40c_01645,0.7537909746170044,0.10587698221206665,0.14033208787441254,2
872,frame_04032,v40c_02412,0.8035217523574829,0.06990181654691696,0.1265764832496643,2
873,frame_04033,v40c_02413,0.7212048172950745,0.1283327341079712,0.15046243369579315,2
874,frame_04034,v40c_02414,0.7049050331115723,0.13843397796154022,0.1566610187292099,2
875,frame_04035,v40c_02415,0.7091337442398071,0.1315099447965622,0.15935638546943665,2
876,frame_04036,v40c_02416,0.7955043911933899,0.06859651952981949,0.13589917123317719,2
877,frame_04037,v40c_02417,0.7994604110717773,0.06463391333818436,0.13590562343597412,2
878,frame_04038,v40c_02418,0.7939713001251221,0.06779567897319794,0.1382329910993576,2
879,frame_04039,v40c_02419,0.7801973223686218,0.0758146420121193,0.14398804306983948,2
880,frame_04040,v40c_02420,0.7642175555229187,0.08716105669736862,0.14862143993377686,2
881,frame_04041,v40c_02421,0.8007606267929077,0.06362424045801163,0.13561512529850006,2
882,frame_04042,v40c_02422,0.7534567713737488,0.09773622453212738,0.14880703389644623,2
883,frame_04043,v40c_02423,0.738791286945343,0.10879989713430405,0.15240880846977234,2
884,frame_04044,v40c_02424,0.7302436828613281,0.11470473557710648,0.1550516039133072,2
885,frame_04045,v40c_02425,0.7662050127983093,0.08921585232019424,0.14457914233207703,2
886,frame_04046,v40c_02426,0.7411558628082275,0.10663872957229614,0.15220536291599274,2
887,frame_04047,v40c_02427,0.7586482167243958,0.09457031637430191,0.14678150415420532,2
888,frame_04048,v40c_02428,0.7484844923019409,0.10160491615533829,0.14991049468517303,2
889,frame_04049,v40c_02429,0.5989465713500977,0.21356190741062164,0.1874915361404419,2
890,frame_04050,v40c_02430,0.7490047216415405,0.09982004761695862,0.15117524564266205,2
891,frame_04051,v40c_02431,0.6748084425926208,0.1539868414402008,0.17120467126369476,2
892,frame_04052,v40c_02432,0.7757460474967957,0.08210084587335587,0.14215314388275146,2
893,frame_04053,v40c_02433,0.653788149356842,0.170786052942276,0.17542581260204315,2
894,frame_04054,v40c_02434,0.7774362564086914,0.08241817355155945,0.14014554023742676,2
895,frame_04055,v40c_02435,0.6462579965591431,0.17705446481704712,0.17668750882148743,2
896,frame_04056,v40c_02436,0.6078325510025024,0.20816783607006073,0.18399962782859802,2
897,frame_04057,v40c_02437,0.7229565382003784,0.12038757652044296,0.15665587782859802,2
898,frame_04058,v40c_02438,0.7604701519012451,0.09414073824882507,0.1453891545534134,2
899,frame_04059,v40c_02438,0.724362313747406,0.11971132457256317,0.15592634677886963,2
900,frame_04060,v40c_02439,0.7241652607917786,0.11974441260099411,0.15609033405780792,2
901,frame_04061,v40c_02440,0.7625845074653625,0.09190913289785385,0.145506352186203,2
902,frame_04062,v40c_02440,0.7399411201477051,0.10782063007354736,0.15223829448223114,2
903,frame_04063,v40c_02441,0.7255009412765503,0.11813000589609146,0.15636903047561646,2
904,frame_04064,v40c_02442,0.7664580941200256,0.0880986824631691,0.14544320106506348,2
905,frame_04065,v40c_02443,0.7671270370483398,0.08767380565404892,0.14519907534122467,2
906,frame_04066,v40c_02444,0.7604066133499146,0.09366793930530548,0.14592546224594116,2
907,frame_04067,v40c_02445,0.7643107175827026,0.09182076901197433,0.14386849105358124,2
908,frame_04068,v40c_02446,0.7690461874008179,0.08868282288312912,0.14227105677127838,2
909,frame_04069,v40c_02446,0.7947360873222351,0.07101930677890778,0.1342446208000183,2
910,frame_04070,v40c_02447,0.7779375314712524,0.08289224654436111,0.13917018473148346,2
911,frame_04071,v40c_02448,0.7893903851509094,0.07489848881959915,0.13571111857891083,2
912,frame_04072,v40c_02449,0.7526767253875732,0.10194796323776245,0.14537525177001953,2
913,frame_04073,v40c_02450,0.8220657706260681,0.0530770942568779,0.12485714256763458,2
914,frame_04074,v40c_02451,0.7975317239761353,0.07032469660043716,0.1321435123682022,2
915,frame_04075,v40c_02452,0.7791337370872498,0.08317534625530243,0.137690931558609,2
916,frame_04076,v40c_02453,0.7988050580024719,0.06752350926399231,0.13367141783237457,2
917,nframe_01124,v40c_02482,0.09146846830844879,0.7088118195533752,0.19971968233585358,2
918,nframe_01125,v40c_02482,0.09159854054450989,0.7084609270095825,0.1999405175447464,2
919,nframe_01126,v40c_02482,0.09168898314237595,0.7079824805259705,0.20032858848571777,2
920,nframe_01127,v40c_02482,0.09164001047611237,0.7079578638076782,0.20040211081504822,2
921,nframe_01128,v40c_02482,0.09148642420768738,0.7077060341835022,0.2008075714111328,2
922,nframe_01129,v40c_02482,0.09161548316478729,0.7075409293174744,0.20084364712238312,2
923,nframe_01130,v40c_02482,0.09146977961063385,0.7077464461326599,0.20078377425670624,2
924,nframe_01131,v40c_02482,0.09121549874544144,0.7083656191825867,0.2004188895225525,2
925,nframe_01132,v40c_02482,0.09141581505537033,0.708341121673584,0.2002430409193039,2
926,nframe_01133,v40c_02482,0.09151941537857056,0.7084026336669922,0.20007799565792084,2
927,nframe_01134,v40c_02482,0.09186599403619766,0.708103597164154,0.2000304013490677,2
928,nframe_01135,v40c_02482,0.09187944233417511,0.7083957195281982,0.19972488284111023,2
929,nframe_01136,v40c_02482,0.09121402353048325,0.7097488641738892,0.1990370899438858,2
930,nframe_01137,v40c_02482,0.09144305437803268,0.70927894115448,0.19927801191806793,2
931,nframe_01138,v40c_02482,0.09109131246805191,0.7095500230789185,0.1993587166070938,2
932,nframe_01139,v40c_02482,0.09122343361377716,0.7092848420143127,0.1994917243719101,2
933,nframe_01140,v40c_02482,0.0911102369427681,0.709267795085907,0.19962191581726074,2
934,nframe_01141,v40c_02482,0.09105708450078964,0.7095064520835876,0.1994365155696869,2
935,nframe_01142,v40c_02482,0.09137899428606033,0.7093889713287354,0.1992320567369461,2
936,nframe_01143,v40c_02482,0.09138815850019455,0.7096171379089355,0.19899465143680573,2
937,nframe_01144,v40c_02483,0.0917925015091896,0.7093217372894287,0.1988857388496399,2
938,nframe_01145,v40c_02484,0.09199351072311401,0.709690272808075,0.19831621646881104,2
939,nframe_01146,v40c_02485,0.09150730818510056,0.7112343311309814,0.19725830852985382,2
940,nframe_01147,v40c_02485,0.09145157784223557,0.7112857103347778,0.1972627490758896,2
941,nframe_01148,v40c_02485,0.09051572531461716,0.7125906944274902,0.19689354300498962,2
942,nframe_01149,v40c_02485,0.09045372903347015,0.7123708128929138,0.1971755027770996,2
943,nframe_01150,v40c_02485,0.09038295596837997,0.7125015258789062,0.19711554050445557,2
944,nframe_01151,v40c_02485,0.09152811765670776,0.7109972834587097,0.1974746286869049,2
945,nframe_01168,v40c_02486,0.09109173715114594,0.7107359170913696,0.19817233085632324,2
946,nframe_01169,v40c_02487,0.09088585525751114,0.7107861042022705,0.19832806289196014,2
947,nframe_01170,v40c_02487,0.09107579290866852,0.7101795673370361,0.19874462485313416,2
948,nframe_01171,v40c_02482,0.09090730547904968,0.7102914452552795,0.19880126416683197,2
949,nframe_01172,v40c_02482,0.09046470373868942,0.7106358408927917,0.19889944791793823,2
950,nframe_01173,v40c_02482,0.0909535214304924,0.709830105304718,0.19921636581420898,2
951,nframe_01174,v40c_02488,0.09079936891794205,0.7099223732948303,0.19927826523780823,2
952,nframe_01175,v40c_02489,0.09110236167907715,0.7094200253486633,0.1994776427745819,2
953,nframe_01176,v40c_02482,0.09173194319009781,0.7083562016487122,0.19991181790828705,2
954,nframe_01184,v40c_02482,0.090340755879879,0.7096155285835266,0.2000436931848526,2
955,nframe_01185,v40c_02482,0.09035363048315048,0.7094184160232544,0.20022796094417572,2
956,nframe_01186,v40c_02490,0.0900513082742691,0.7100005149841309,0.19994810223579407,2
957,nframe_01187,v40c_02490,0.09000322222709656,0.7101843357086182,0.1998124122619629,2
958,nframe_01188,v40c_02482,0.09030386060476303,0.7097722291946411,0.19992390275001526,2
959,nframe_01189,v40c_02482,0.09049233794212341,0.7094720005989075,0.20003566145896912,2
960,nframe_01190,v40c_02482,0.09035216271877289,0.7096347212791443,0.20001304149627686,2
961,nframe_01191,v40c_02482,0.090581975877285,0.709053635597229,0.2003643959760666,2
962,nframe_01192,v40c_02482,0.09053778648376465,0.7090222835540771,0.2004399299621582,2
963,nframe_01193,v40c_02482,0.09093599766492844,0.7087303996086121,0.20033356547355652,2
964,nframe_01194,v40c_02482,0.0913807824254036,0.7085694074630737,0.20004981756210327,2
965,nframe_01195,v40c_02482,0.09103251993656158,0.7092175483703613,0.1997499018907547,2
966,nframe_01196,v40c_02482,0.09091061353683472,0.7095277309417725,0.19956167042255402,2
967,nframe_01197,v40c_02482,0.09142353385686874,0.7088958024978638,0.19968068599700928,2
968,nframe_01198,v40c_02482,0.09093372523784637,0.7098789811134338,0.1991872936487198,2
969,nframe_01199,v40c_02482,0.09144269675016403,0.7091498374938965,0.1994074434041977,2
970,nframe_01200,v40c_02482,0.09088882058858871,0.7097995281219482,0.19931168854236603,2
971,nframe_01201,v40c_02482,0.09138541668653488,0.7088230848312378,0.1997915357351303,2
972,nframe_01202,v40c_02482,0.09135159850120544,0.7087297439575195,0.19991867244243622,2
973,nframe_01203,v40c_02482,0.0912100076675415,0.7085663676261902,0.2002236545085907,2
974,nframe_01204,v40c_02482,0.09194163978099823,0.7072040438652039,0.2008543163537979,2
975,nframe_01205,v40c_02482,0.09214059263467789,0.7063316106796265,0.20152781903743744,2
976,nframe_01206,v40c_02482,0.0921880230307579,0.7060689926147461,0.2017429769039154,2
977,nframe_01207,v40c_02482,0.09186463057994843,0.7060876488685608,0.20204775035381317,2
978,nframe_01208,v40c_02482,0.09147565066814423,0.7066412568092346,0.20188309252262115,2
979,nframe_01209,v40c_02482,0.09156270325183868,0.7063406705856323,0.2020965963602066,2
980,nframe_01408,v40c_02561,0.11251991242170334,0.6886670589447021,0.1988130658864975,2
981,nframe_01409,v40c_02562,0.11149019747972488,0.690120279788971,0.19838953018188477,2
982,nframe_01410,v40c_02562,0.11330650001764297,0.6882128119468689,0.1984807401895523,2
983,nframe_01411,v40c_02563,0.11280766874551773,0.688660740852356,0.1985315978527069,2
984,nframe_01412,v40c_02564,0.11276678740978241,0.6879260540008545,0.1993071585893631,2
985,nframe_01413,v40c_02565,0.11313740164041519,0.6873307228088379,0.19953188300132751,2
986,nframe_01414,v40c_02562,0.11215534061193466,0.6892643570899963,0.1985802799463272,2
987,nframe_01415,v40c_02562,0.11195116490125656,0.6898850202560425,0.19816380739212036,2
988,nframe_01416,v40c_02562,0.11139992624521255,0.6901448369026184,0.19845521450042725,2
989,nframe_01417,v40c_02566,0.11095443367958069,0.6907508969306946,0.19829466938972473,2
990,nframe_01418,v40c_02567,0.11067987978458405,0.6912853717803955,0.19803474843502045,2
991,nframe_01419,v40c_02568,0.11076876521110535,0.6908636093139648,0.19836768507957458,2
992,nframe_01420,v40c_02568,0.11093195527791977,0.690897524356842,0.19817058742046356,2
993,nframe_01421,v40c_02569,0.11151538044214249,0.6900844573974609,0.19840013980865479,2
994,nframe_01422,v40c_02569,0.11135891079902649,0.6902611255645752,0.19837993383407593,2
995,nframe_01423,v40c_02569,0.11105360090732574,0.6904882192611694,0.19845816493034363,2
996,nframe_01424,v40c_02569,0.11071920394897461,0.6906114816665649,0.19866932928562164,2
997,nframe_01425,v40c_02570,0.11076435446739197,0.6902406215667725,0.19899503886699677,2
998,nframe_01426,v40c_02570,0.11067749559879303,0.6902660131454468,0.1990564614534378,2
999,nframe_01427,v40c_02571,0.11050049215555191,0.6909612417221069,0.19853821396827698,2
1000,nframe_01428,v40c_02571,0.11047979444265366,0.6910001635551453,0.1985199898481369,2
1001,nframe_01430,v40c_02572,0.1105814203619957,0.6910052299499512,0.19841334223747253,2
1002,nframe_01431,v40c_02572,0.11072017252445221,0.6913030743598938,0.19797676801681519,2
1003,nframe_01432,v40c_02572,0.1104583740234375,0.6917595863342285,0.19778203964233398,2
1004,nframe_01433,v40c_02572,0.11065105348825455,0.6915786862373352,0.19777026772499084,2
1005,nframe_01434,v40c_02573,0.11027444154024124,0.6921055316925049,0.1976199746131897,2
1006,nframe_01435,v40c_02573,0.11016549170017242,0.6924387216567993,0.19739578664302826,2
1007,nframe_01436,v40c_02573,0.11014798283576965,0.6929921507835388,0.19685986638069153,2
1008,nframe_01437,v40c_02574,0.11054260283708572,0.6932451725006104,0.19621223211288452,2
1009,nframe_01438,v40c_02574,0.11083094775676727,0.6927940845489502,0.19637492299079895,2
1010,nframe_01439,v40c_02574,0.11105529218912125,0.6923201680183411,0.19662456214427948,2
1011,nframe_01440,v40c_02574,0.11094500124454498,0.6926633715629578,0.19639161229133606,2
1012,nframe_01441,v40c_02575,0.11043183505535126,0.6934185028076172,0.19614970684051514,2
1013,nframe_01442,v40c_02576,0.11058230698108673,0.6928651928901672,0.19655250012874603,2
1014,nframe_01443,v40c_02577,0.11046804487705231,0.6929652690887451,0.1965666562318802,2
1015,nframe_01444,v40c_02578,0.11042780429124832,0.6929087042808533,0.1966635286808014,2
1016,nframe_01445,v40c_02578,0.11001092940568924,0.6933853626251221,0.1966036707162857,2
1017,nframe_01446,v40c_02577,0.11033996939659119,0.6934641003608704,0.19619596004486084,2
1018,nframe_01447,v40c_02577,0.11013325303792953,0.6937585473060608,0.19610823690891266,2
1019,nframe_01448,v40c_02577,0.10976756364107132,0.6942230463027954,0.19600935280323029,2
1020,nframe_01449,v40c_02577,0.10956981033086777,0.6943581700325012,0.19607198238372803,2
1021,nframe_01450,v40c_02579,0.10944029688835144,0.6951040029525757,0.1954556703567505,2
1022,nframe_01451,v40c_02579,0.1096729040145874,0.6950568556785583,0.19527025520801544,2
1023,nframe_01452,v40c_02579,0.10983358323574066,0.6950658559799194,0.1951005905866623,2
1024,nframe_01453,v40c_02580,0.10946216434240341,0.6956080794334412,0.19492973387241364,2
1025,nframe_01454,v40c_02580,0.10950375348329544,0.6957072019577026,0.19478902220726013,2
1026,nframe_01455,v40c_02579,0.10920669883489609,0.6958300471305847,0.1949632316827774,2
1027,nframe_01456,v40c_02579,0.10881657153367996,0.6963242292404175,0.19485923647880554,2
1028,nframe_01457,v40c_02579,0.10884762555360794,0.6961142420768738,0.1950380951166153,2
1029,nframe_01459,v40c_02579,0.10891043394804001,0.6965475082397461,0.1945420503616333,2
1030,nframe_01460,v40c_02579,0.10886692255735397,0.6969272494316101,0.1942058652639389,2
1031,nframe_01461,v40c_02579,0.10864784568548203,0.6971688866615295,0.19418321549892426,2
1032,nframe_01462,v40c_02581,0.1088143140077591,0.6972531080245972,0.19393259286880493,2
1033,nframe_01463,v40c_02582,0.10822352766990662,0.6981459856033325,0.19363050162792206,2
1034,nframe_01464,v40c_02582,0.10841033607721329,0.6978433728218079,0.19374628365039825,2
1035,nframe_01465,v40c_02582,0.1082533448934555,0.6988899111747742,0.19285669922828674,2
1036,nframe_01466,v40c_02582,0.10813700407743454,0.6991761326789856,0.19268685579299927,2
1037,nframe_01467,v40c_02583,0.10777285695075989,0.6992751359939575,0.1929520070552826,2
1038,nframe_01468,v40c_02584,0.10779726505279541,0.698767900466919,0.19343480467796326,2
1039,nframe_01469,v40c_02584,0.1077493205666542,0.6986935138702393,0.19355720281600952,2
1040,nframe_01470,v40c_02584,0.10750932991504669,0.698772668838501,0.19371797144412994,2
1041,nframe_01471,v40c_02585,0.10735304653644562,0.6988377571105957,0.19380919635295868,2
1042,nframe_02176,v40c_02855,0.13762381672859192,0.652812659740448,0.20956355333328247,2
1043,nframe_02177,v40c_02856,0.13831575214862823,0.652194619178772,0.209489643573761,2
1044,nframe_02178,v40c_02856,0.13779973983764648,0.653093159198761,0.20910705626010895,2
1045,nframe_02179,v40c_02856,0.13795089721679688,0.6526955962181091,0.2093534618616104,2
1046,nframe_02180,v40c_02856,0.1383673995733261,0.6521341800689697,0.20949840545654297,2
1047,nframe_02181,v40c_02856,0.13932126760482788,0.650834321975708,0.2098444104194641,2
1048,nframe_02182,v40c_02857,0.13984377682209015,0.6494103074073792,0.2107458859682083,2
1049,nframe_02183,v40c_02857,0.14083616435527802,0.6475167274475098,0.21164706349372864,2
1050,nframe_02184,v40c_02858,0.1412348747253418,0.6468399167060852,0.21192526817321777,2
1051,nframe_02185,v40c_02858,0.14235255122184753,0.6446499228477478,0.2129974514245987,2
1052,nframe_02186,v40c_02859,0.14284618198871613,0.643814206123352,0.2133396565914154,2
1053,nframe_02188,v40c_02860,0.1457166224718094,0.6392155885696411,0.2150678038597107,2
1054,nframe_02189,v40c_02860,0.14381009340286255,0.6421146392822266,0.2140752673149109,2
1055,nframe_02190,v40c_02860,0.14480648934841156,0.6413365006446838,0.2138570100069046,2
1056,nframe_02191,v40c_02860,0.14413009583950043,0.6431044340133667,0.21276551485061646,2
1057,nframe_02192,v40c_02860,0.1440354585647583,0.6437325477600098,0.21223202347755432,2
1058,nframe_02193,v40c_02860,0.14439040422439575,0.643075168132782,0.21253445744514465,2
1059,nframe_02194,v40c_02860,0.14405947923660278,0.6438454985618591,0.2120949625968933,2
1060,nframe_02195,v40c_02860,0.14406487345695496,0.6437840461730957,0.21215103566646576,2
1061,nframe_02196,v40c_02860,0.14468951523303986,0.643168032169342,0.2121424525976181,2
1062,nframe_02197,v40c_02860,0.1453094780445099,0.6423646807670593,0.21232591569423676,2
1063,nframe_02198,v40c_02861,0.1436312198638916,0.6444891095161438,0.2118796557188034,2
1064,nframe_02199,v40c_02861,0.14357374608516693,0.6447461843490601,0.2116800844669342,2
1065,nframe_02200,v40c_02862,0.13964666426181793,0.6503030061721802,0.21005038917064667,2
1066,nframe_02201,v40c_02863,0.13972164690494537,0.6504846811294556,0.20979370176792145,2
1067,nframe_02202,v40c_02863,0.14044442772865295,0.6497324109077454,0.20982320606708527,2
1068,nframe_02203,v40c_02864,0.1367146372795105,0.6557588577270508,0.20752650499343872,2
1069,nframe_02204,v40c_02864,0.13473232090473175,0.6583648324012756,0.2069029062986374,2
1070,nframe_02205,v40c_02865,0.13325797021389008,0.66058748960495,0.2061544507741928,2
1071,nframe_02206,v40c_02865,0.1344657987356186,0.6588786244392395,0.2066555917263031,2
1072,nframe_02207,v40c_02865,0.13493333756923676,0.6580688953399658,0.2069977968931198,2
1073,nframe_02208,v40c_02866,0.13219040632247925,0.662505567073822,0.20530401170253754,2
1074,nframe_02209,v40c_02866,0.1319618821144104,0.6635521054267883,0.20448598265647888,2
1075,nframe_02210,v40c_02866,0.13038593530654907,0.6663494110107422,0.20326465368270874,2
1076,nframe_02211,v40c_02866,0.13096588850021362,0.6654738187789917,0.20356030762195587,2
1077,nframe_02212,v40c_02866,0.12967099249362946,0.6672443747520447,0.20308469235897064,2
1078,nframe_02213,v40c_02867,0.1372734010219574,0.6588535904884338,0.20387299358844757,2
1079,nframe_02214,v40c_02867,0.13678105175495148,0.6599251627922058,0.20329375565052032,2
1080,nframe_02215,v40c_02868,0.1357652097940445,0.6615095734596252,0.20272518694400787,2
1081,nframe_02216,v40c_02869,0.13336186110973358,0.6649705767631531,0.20166757702827454,2
1082,nframe_02217,v40c_02869,0.1317981630563736,0.6674805879592896,0.20072124898433685,2
1083,nframe_02218,v40c_02870,0.130288764834404,0.6708449721336365,0.19886623322963715,2
1084,nframe_02219,v40c_02871,0.12889452278614044,0.6730565428733826,0.1980489194393158,2
1085,nframe_02220,v40c_02871,0.12751872837543488,0.6751195788383484,0.19736164808273315,2
1086,nframe_02221,v40c_02872,0.12712138891220093,0.6763935089111328,0.19648514688014984,2
1087,nframe_02222,v40c_02873,0.12682469189167023,0.6766719222068787,0.19650337100028992,2
1088,nframe_02223,v40c_02873,0.12599635124206543,0.6783462762832642,0.19565734267234802,2
1089,nframe_02224,v40c_02874,0.1250479519367218,0.6799608469009399,0.19499124586582184,2
1090,nframe_02225,v40c_02874,0.12295215576887131,0.6834316253662109,0.19361621141433716,2
1091,nframe_02226,v40c_02874,0.12256458401679993,0.6841220855712891,0.1933133453130722,2
1092,nframe_02227,v40c_02874,0.12236492335796356,0.6843436360359192,0.19329136610031128,2
1093,nframe_02228,v40c_02874,0.12187162786722183,0.6846204400062561,0.19350795447826385,2
1094,nframe_02229,v40c_02874,0.12048070132732391,0.6866374611854553,0.19288182258605957,2
1095,nframe_02230,v40c_02875,0.1191525012254715,0.6888015270233154,0.19204601645469666,2
1096,nframe_02231,v40c_02876,0.11593222618103027,0.6939417123794556,0.19012609124183655,2
1097,nframe_02232,v40c_02876,0.1147509515285492,0.6974703073501587,0.1877787709236145,2
1098,nframe_02233,v40c_02876,0.1143815889954567,0.6988749504089355,0.18674343824386597,2
1099,nframe_02234,v40c_02876,0.11387009918689728,0.6999794244766235,0.1861504316329956,2
1100,nframe_02235,v40c_02877,0.11318019032478333,0.7008801102638245,0.18593977391719818,2
1101,nframe_02236,v40c_02876,0.11640359461307526,0.6967963576316833,0.1868000477552414,2
1102,nframe_02237,v40c_02876,0.118357352912426,0.6938822865486145,0.18776032328605652,2
1103,nframe_02238,v40c_02876,0.11805187165737152,0.6935014128684998,0.1884467452764511,2
1104,nframe_02239,v40c_02876,0.11638425290584564,0.6953085064888,0.18830721080303192,2
1105,nframe_02419,v40c_02888,0.0938643366098404,0.7096142172813416,0.19652141630649567,2
1106,nframe_02423,v40c_02889,0.09344250708818436,0.7096434235572815,0.19691409170627594,2
1107,nframe_02424,v40c_02889,0.09368590265512466,0.7092501521110535,0.19706396758556366,2
1108,nframe_02425,v40c_02889,0.0939728319644928,0.7092469334602356,0.1967802345752716,2
1109,nframe_02426,v40c_02890,0.09492134302854538,0.7090594172477722,0.196019247174263,2
1110,nframe_02427,v40c_02890,0.09518033266067505,0.7091723680496216,0.19564726948738098,2
1111,nframe_02428,v40c_02890,0.09490767121315002,0.7095765471458435,0.19551576673984528,2
1112,nframe_02429,v40c_02890,0.09445703774690628,0.7101755142211914,0.1953674703836441,2
1113,nframe_02430,v40c_02891,0.09451407194137573,0.7103740572929382,0.19511187076568604,2
1114,nframe_02431,v40c_02892,0.0946696475148201,0.709937572479248,0.19539275765419006,2
1115,nframe_02448,v40c_02893,0.09640129655599594,0.7145359516143799,0.1890627145767212,2
1116,nframe_02449,v40c_02893,0.09581851959228516,0.715859055519104,0.1883224993944168,2
1117,nframe_02450,v40c_02893,0.09539417177438736,0.7159274816513062,0.18867835402488708,2
1118,nframe_02548,v40c_02941,0.09324922412633896,0.7192060351371765,0.18754474818706512,2
1119,nframe_02549,v40c_02941,0.09315197914838791,0.7195209264755249,0.18732716143131256,2
1120,nframe_02550,v40c_02941,0.09320202469825745,0.7191141247749329,0.1876838356256485,2
1121,nframe_02551,v40c_02941,0.09350752830505371,0.7183490991592407,0.18814341723918915,2
1122,nframe_02552,v40c_02941,0.09359598904848099,0.7184754610061646,0.18792851269245148,2
1123,nframe_02553,v40c_02941,0.09343325346708298,0.718465268611908,0.18810153007507324,2
1124,nframe_02554,v40c_02941,0.09285861253738403,0.7193224430084229,0.1878189593553543,2
1125,nframe_02555,v40c_02941,0.09332653135061264,0.718454897403717,0.1882185935974121,2
1126,nframe_02556,v40c_02941,0.0930405929684639,0.7188466191291809,0.18811282515525818,2
1127,nframe_02557,v40c_02941,0.09319042414426804,0.7188350558280945,0.1879744827747345,2
1128,nframe_02558,v40c_02941,0.09371547400951385,0.7183625102043152,0.18792204558849335,2
1129,nframe_02559,v40c_02941,0.0942801833152771,0.7170365452766418,0.18868322670459747,2
1130,nframe_02688,v40c_02987,0.12687134742736816,0.6642551422119141,0.20887351036071777,2
1131,nframe_02689,v40c_02988,0.12922172248363495,0.6601268649101257,0.2106514275074005,2
1132,nframe_02690,v40c_02989,0.13046012818813324,0.6577260494232178,0.211813822388649,2
1133,nframe_02691,v40c_02990,0.13152217864990234,0.6550835371017456,0.21339429914951324,2
1134,nframe_02692,v40c_02991,0.13382002711296082,0.6507974863052368,0.21538245677947998,2
1135,nframe_02693,v40c_02992,0.13508839905261993,0.6486607789993286,0.21625082194805145,2
1136,nframe_02694,v40c_02992,0.13575829565525055,0.6471267342567444,0.21711495518684387,2
1137,nframe_02695,v40c_02993,0.13519129157066345,0.647426962852478,0.21738174557685852,2
1138,nframe_02696,v40c_02993,0.13592371344566345,0.6457461714744568,0.21833010017871857,2
1139,nframe_02697,v40c_02994,0.13659492135047913,0.6436749696731567,0.21973009407520294,2
1140,nframe_02698,v40c_02995,0.13887329399585724,0.6401140689849854,0.22101259231567383,2
1141,nframe_02699,v40c_02995,0.14020901918411255,0.6381076574325562,0.2216833382844925,2
1142,nframe_02700,v40c_02995,0.14218729734420776,0.6354683637619019,0.22234439849853516,2
1143,nframe_02701,v40c_02996,0.14633111655712128,0.6296906471252441,0.22397828102111816,2
1144,nframe_02702,v40c_02996,0.14658482372760773,0.6291174292564392,0.22429777681827545,2
1145,nframe_02703,v40c_02996,0.14765650033950806,0.6270302534103394,0.22531327605247498,2
1146,nframe_02704,v40c_02997,0.1500791758298874,0.6229376792907715,0.22698314487934113,2
1147,nframe_02705,v40c_02997,0.15254157781600952,0.619251012802124,0.22820743918418884,2
1148,nframe_02706,v40c_02997,0.15344730019569397,0.6181062459945679,0.22844640910625458,2
1149,nframe_02707,v40c_02997,0.15383581817150116,0.6171277761459351,0.2290363758802414,2
1150,nframe_02708,v40c_02998,0.15520325303077698,0.6151188015937805,0.2296779900789261,2
1151,nframe_02709,v40c_02998,0.155231311917305,0.6147781610488892,0.22999052703380585,2
1152,nframe_02710,v40c_02999,0.15324564278125763,0.616527795791626,0.23022659122943878,2
1153,nframe_02711,v40c_03000,0.1512693464756012,0.6187143325805664,0.23001638054847717,2
1154,nframe_02712,v40c_03001,0.1500418782234192,0.6202144622802734,0.22974362969398499,2
1155,nframe_02713,v40c_03001,0.14968252182006836,0.6209807395935059,0.22933675348758698,2
1156,nframe_02714,v40c_03001,0.150832399725914,0.6202489733695984,0.2289186418056488,2
1157,nframe_02715,v40c_03002,0.15312929451465607,0.6177613139152527,0.22910942137241364,2
1158,nframe_02716,v40c_03003,0.15604250133037567,0.6137589812278748,0.23019850254058838,2
1159,nframe_02717,v40c_03004,0.15683622658252716,0.6130921840667725,0.230071559548378,2
1160,nframe_02718,v40c_03005,0.1508062779903412,0.6205168962478638,0.22867681086063385,2
1161,nframe_02719,v40c_03006,0.1464836746454239,0.6261164546012878,0.22739987075328827,2
1162,nframe_02720,v40c_03007,0.14174899458885193,0.6324053406715393,0.22584570944309235,2
1163,nframe_02721,v40c_03008,0.14195120334625244,0.6319992542266846,0.22604955732822418,2
1164,nframe_02722,v40c_03008,0.14298732578754425,0.6302787661552429,0.22673389315605164,2
1165,nframe_02723,v40c_03008,0.14285904169082642,0.6304963827133179,0.2266445904970169,2
1166,nframe_02724,v40c_03008,0.1443297415971756,0.6283298134803772,0.2273404598236084,2
1167,nframe_02725,v40c_03008,0.14550742506980896,0.6264553070068359,0.2280372530221939,2
1168,nframe_02726,v40c_03008,0.1456010490655899,0.6263266801834106,0.22807230055332184,2
1169,nframe_02727,v40c_03009,0.14580844342708588,0.6256449818611145,0.22854653000831604,2
1170,nframe_02728,v40c_03010,0.1459507942199707,0.6251858472824097,0.22886337339878082,2
1171,nframe_02729,v40c_03010,0.1461748331785202,0.6248995661735535,0.2289256453514099,2
1172,nframe_02730,v40c_03010,0.14637193083763123,0.6247142553329468,0.2289137989282608,2
1173,nframe_02731,v40c_03010,0.1462511420249939,0.6247720122337341,0.22897686064243317,2
1174,nframe_02732,v40c_03011,0.14643660187721252,0.6242480278015137,0.2293154001235962,2
1175,nframe_02733,v40c_03011,0.14689850807189941,0.6236670613288879,0.22943443059921265,2
1176,nframe_02734,v40c_03011,0.14713828265666962,0.623362123966217,0.22949953377246857,2
1177,nframe_02735,v40c_03011,0.14752240478992462,0.6227688193321228,0.22970879077911377,2
1178,nframe_02736,v40c_03011,0.14756260812282562,0.6227684020996094,0.22966903448104858,2
1179,nframe_02737,v40c_03011,0.14674463868141174,0.6237078309059143,0.22954751551151276,2
1180,nframe_02738,v40c_03011,0.14591406285762787,0.6249048113822937,0.22918112576007843,2
1181,nframe_02739,v40c_03012,0.14574116468429565,0.625284731388092,0.2289741039276123,2
1182,nframe_02740,v40c_03012,0.14561735093593597,0.6253416538238525,0.2290409952402115,2
1183,nframe_02741,v40c_03012,0.1450616717338562,0.6261628270149231,0.22877556085586548,2
1184,nframe_02742,v40c_03012,0.14579235017299652,0.6251946687698364,0.22901296615600586,2
1185,nframe_02743,v40c_03013,0.14495743811130524,0.6266608834266663,0.22838163375854492,2
1186,nframe_02744,v40c_03013,0.14422497153282166,0.627458393573761,0.22831660509109497,2
1187,nframe_02745,v40c_03013,0.14438943564891815,0.6273084282875061,0.22830209136009216,2
1188,nframe_02746,v40c_03013,0.14433783292770386,0.6274327635765076,0.2282293438911438,2
1189,nframe_02747,v40c_03014,0.14357684552669525,0.6284160614013672,0.22800704836845398,2
1190,nframe_02748,v40c_03015,0.14322686195373535,0.6291624903678894,0.22761067748069763,2
1191,nframe_02749,v40c_03016,0.14169035851955414,0.6315444707870483,0.22676518559455872,2
1192,nframe_02750,v40c_03017,0.14032068848609924,0.6337929368019104,0.22588633000850677,2
1193,nframe_02751,v40c_03017,0.1397956758737564,0.6350718140602112,0.22513249516487122,2
1194,nframe_02944,v40c_03112,0.1372445970773697,0.6470999717712402,0.21565544605255127,2
1195,nframe_02945,v40c_03112,0.13724671304225922,0.6473727226257324,0.21538054943084717,2
1196,nframe_02946,v40c_03113,0.13987599313259125,0.6440315246582031,0.21609246730804443,2
1197,nframe_02947,v40c_03113,0.13999082148075104,0.6438774466514587,0.2161317616701126,2
1198,nframe_02948,v40c_03114,0.14128515124320984,0.6423686146736145,0.21634620428085327,2
1199,nframe_02950,v40c_03114,0.14085040986537933,0.6429048180580139,0.21624480187892914,2
1200,nframe_02951,v40c_03115,0.1409790962934494,0.6423957347869873,0.2166251242160797,2
1201,nframe_02952,v40c_03115,0.14146968722343445,0.6418694853782654,0.21666085720062256,2
1202,nframe_02953,v40c_03115,0.14190396666526794,0.6413920521736145,0.21670401096343994,2
1203,nframe_02954,v40c_03116,0.14386631548404694,0.6386511921882629,0.21748247742652893,2
1204,nframe_02961,v40c_03117,0.1464368849992752,0.6351341605186462,0.21842895448207855,2
1205,nframe_03078,v40c_03119,0.15254929661750793,0.611316978931427,0.23613372445106506,2
1206,nframe_03079,v40c_03120,0.15185873210430145,0.61183762550354,0.23630362749099731,2
1207,nframe_03084,v40c_03121,0.14989590644836426,0.614051878452301,0.2360522449016571,2
1208,nframe_03086,v40c_03122,0.14860275387763977,0.6153738498687744,0.23602338135242462,2
1209,nframe_03092,v40c_03123,0.14375340938568115,0.6216602325439453,0.23458634316921234,2
1210,nframe_03093,v40c_03124,0.144072026014328,0.6215059161186218,0.23442202806472778,2
1211,nframe_03094,v40c_03123,0.14409399032592773,0.6212127804756165,0.2346932291984558,2
1212,nframe_03095,v40c_03125,0.1442440152168274,0.6210978031158447,0.2346581518650055,2
1213,nframe_03096,v40c_03126,0.14426171779632568,0.6209035515785217,0.23483474552631378,2
1214,nframe_03097,v40c_03127,0.14431127905845642,0.620432436466217,0.23525629937648773,2
1215,nframe_03098,v40c_03127,0.1442098468542099,0.6202043294906616,0.23558580875396729,2
1216,nframe_03099,v40c_03127,0.14365756511688232,0.6208973526954651,0.235445037484169,2
1217,nframe_03388,v40c_03156,0.18204089999198914,0.5805023908615112,0.23745670914649963,2
1218,nframe_03389,v40c_03156,0.18248653411865234,0.5800365209579468,0.2374769002199173,2
1219,nframe_03390,v40c_03156,0.18260733783245087,0.5798208713531494,0.23757179081439972,2
1220,nframe_03391,v40c_03156,0.18215925991535187,0.5805888772010803,0.237251877784729,2
1221,nframe_03392,v40c_03156,0.18199549615383148,0.5807082653045654,0.2372962385416031,2
1222,nframe_03393,v40c_03156,0.18123814463615417,0.5816478729248047,0.23711396753787994,2
1223,nframe_03394,v40c_03156,0.18294750154018402,0.5793557167053223,0.23769675195217133,2
1224,nframe_03395,v40c_03156,0.1824728399515152,0.5802907347679138,0.2372364103794098,2
1225,nframe_03396,v40c_03156,0.18487103283405304,0.5778627991676331,0.2372661828994751,2
1226,nframe_03397,v40c_03157,0.18456777930259705,0.5782293677330017,0.23720286786556244,2
1227,nframe_03398,v40c_03157,0.18537114560604095,0.5775251388549805,0.23710374534130096,2
1228,nframe_03399,v40c_03158,0.1858987808227539,0.5773903131484985,0.23671089112758636,2
1229,nframe_03400,v40c_03158,0.18465521931648254,0.5791881084442139,0.2361566424369812,2
1230,nframe_03401,v40c_03158,0.18554624915122986,0.5782524347305298,0.23620133101940155,2
1231,nframe_03402,v40c_03158,0.18414418399333954,0.5804513692855835,0.23540444672107697,2
1232,nframe_03403,v40c_03158,0.1812402755022049,0.5843127965927124,0.23444689810276031,2
1233,nframe_03404,v40c_03158,0.17949308454990387,0.5869612097740173,0.2335457056760788,2
1234,nframe_03405,v40c_03158,0.1781512051820755,0.5888747572898865,0.2329740822315216,2
1235,nframe_03406,v40c_03158,0.1774071455001831,0.5902853608131409,0.2323075383901596,2
1236,nframe_03408,v40c_03160,0.17181158065795898,0.5977061986923218,0.23048226535320282,2
1237,nframe_03409,v40c_03160,0.17198339104652405,0.5976510047912598,0.23036561906337738,2
1238,nframe_03410,v40c_03160,0.16872036457061768,0.6019278168678284,0.22935183346271515,2
1239,nframe_03411,v40c_03160,0.16737568378448486,0.6036665439605713,0.22895783185958862,2
1240,nframe_03412,v40c_03160,0.16603568196296692,0.6048675179481506,0.22909678518772125,2
1241,nframe_03413,v40c_03160,0.16487838327884674,0.6058729887008667,0.22924868762493134,2
1242,nframe_03420,v40c_03158,0.15655067563056946,0.6150274872779846,0.22842182219028473,2
1243,nframe_03421,v40c_03158,0.15607599914073944,0.6161619424819946,0.22776205837726593,2
1244,nframe_03422,v40c_03158,0.15571387112140656,0.6162593960762024,0.22802676260471344,2
1245,nframe_03423,v40c_03158,0.15664666891098022,0.6149340271949768,0.22841930389404297,2
1246,nframe_03424,v40c_03158,0.1561950147151947,0.6152510046958923,0.22855393588542938,2
1247,nframe_03425,v40c_03158,0.1556398570537567,0.6155253648757935,0.22883477807044983,2
1248,nframe_03426,v40c_03158,0.1544080227613449,0.6170951128005981,0.22849681973457336,2
1249,nframe_03427,v40c_03158,0.154042050242424,0.6175370812416077,0.22842085361480713,2
1250,nframe_03428,v40c_03158,0.15322473645210266,0.6183011531829834,0.22847411036491394,2
1251,nframe_03429,v40c_03158,0.15306632220745087,0.6184824705123901,0.22845123708248138,2
1252,nframe_03430,v40c_03158,0.1528046727180481,0.6187769770622253,0.22841836512088776,2
1253,nframe_03431,v40c_03158,0.1528894603252411,0.6186174750328064,0.22849306464195251,2
1254,nframe_03432,v40c_03158,0.1522076278924942,0.619499146938324,0.22829319536685944,2
1255,nframe_03433,v40c_03158,0.15173037350177765,0.6202100515365601,0.22805951535701752,2
1256,nframe_03434,v40c_03158,0.15061233937740326,0.6217362284660339,0.227651447057724,2
1257,nframe_03435,v40c_03158,0.14986161887645721,0.6223183274269104,0.22782006859779358,2
1258,nframe_03436,v40c_03158,0.14944584667682648,0.6228687167167664,0.22768543660640717,2
1259,nframe_03437,v40c_03158,0.14920806884765625,0.6233434081077576,0.22744855284690857,2
1260,nframe_03438,v40c_03158,0.14877885580062866,0.6236568689346313,0.22756429016590118,2
1261,nframe_03439,v40c_03158,0.14833776652812958,0.6241693496704102,0.2274928241968155,2
1262,nframe_03456,v40c_03166,0.14182765781879425,0.6326691508293152,0.22550317645072937,2
1263,nframe_03457,v40c_03167,0.14187730848789215,0.6328177452087402,0.22530494630336761,2
1264,nframe_03458,v40c_03166,0.14229099452495575,0.6322193145751953,0.22548967599868774,2
1265,nframe_03459,v40c_03158,0.14094211161136627,0.6343836188316345,0.2246742695569992,2
1266,nframe_03460,v40c_03158,0.14151009917259216,0.633765697479248,0.2247241884469986,2
1267,nframe_03461,v40c_03168,0.14196959137916565,0.6336892247200012,0.2243412286043167,2
1268,nframe_03462,v40c_03169,0.1431669145822525,0.6326983571052551,0.22413472831249237,2
1269,nframe_03463,v40c_03170,0.14501743018627167,0.630689799785614,0.2242928147315979,2
1270,nframe_03464,v40c_03170,0.14488543570041656,0.6309154629707336,0.22419904172420502,2
1271,nframe_03465,v40c_03158,0.14420291781425476,0.6318793892860413,0.22391769289970398,2
1272,nframe_03466,v40c_03171,0.1433565467596054,0.6332818865776062,0.22336158156394958,2
1273,nframe_03467,v40c_03171,0.14357490837574005,0.6332476139068604,0.22317750751972198,2
1274,nframe_03468,v40c_03172,0.14211218059062958,0.6345078945159912,0.22337990999221802,2
1275,nframe_03469,v40c_03158,0.14209988713264465,0.6345562934875488,0.2233438342809677,2
1276,nframe_03470,v40c_03158,0.14069178700447083,0.6372266411781311,0.22208155691623688,2
1277,nframe_03471,v40c_03158,0.1405400186777115,0.6374185681343079,0.22204138338565826,2
1278,nframe_03472,v40c_03158,0.14190582931041718,0.6358078122138977,0.22228634357452393,2
1279,nframe_03473,v40c_03158,0.14203207194805145,0.6352241039276123,0.22274379432201385,2
1280,nframe_03474,v40c_03158,0.1411856710910797,0.6359283328056335,0.22288605570793152,2
1281,nframe_03475,v40c_03158,0.14021113514900208,0.6373500823974609,0.2224387675523758,2
1282,nframe_03476,v40c_03158,0.13889434933662415,0.6396303176879883,0.22147530317306519,2
1283,nframe_03477,v40c_03158,0.13916337490081787,0.6395028829574585,0.22133374214172363,2
1284,nframe_03478,v40c_03158,0.1386970728635788,0.6397855281829834,0.2215174287557602,2
1285,nframe_03479,v40c_03158,0.1387762576341629,0.6400155425071716,0.22120822966098785,2
1286,nframe_03480,v40c_03158,0.13922351598739624,0.6394289135932922,0.22134755551815033,2
1287,nframe_03481,v40c_03158,0.13995109498500824,0.6384485363960266,0.22160033881664276,2
1288,nframe_03482,v40c_03158,0.13988420367240906,0.6384940147399902,0.2216217815876007,2
1289,nframe_03483,v40c_03158,0.14054374396800995,0.6374523639678955,0.22200387716293335,2
1290,nframe_03484,v40c_03158,0.1403045505285263,0.6379037499427795,0.22179168462753296,2
1291,nframe_03485,v40c_03158,0.14031128585338593,0.6378289461135864,0.22185979783535004,2
1292,nframe_03486,v40c_03158,0.1402638703584671,0.6379026770591736,0.2218334674835205,2
1293,nframe_03487,v40c_03158,0.1405642032623291,0.6380568146705627,0.22137902677059174,2
1294,nframe_03488,v40c_03158,0.14092934131622314,0.63774573802948,0.22132495045661926,2
1295,nframe_03489,v40c_03158,0.1403016299009323,0.6384305357933044,0.22126780450344086,2
1296,nframe_03490,v40c_03158,0.13925746083259583,0.639420747756958,0.22132176160812378,2
1297,nframe_03491,v40c_03158,0.13949081301689148,0.6390306949615479,0.22147856652736664,2
1298,nframe_03492,v40c_03158,0.138050839304924,0.6412377953529358,0.2207113653421402,2
1299,nframe_03493,v40c_03158,0.13798952102661133,0.6415758728981018,0.22043460607528687,2
1300,nframe_03494,v40c_03158,0.13856427371501923,0.6408588886260986,0.22057680785655975,2
1301,nframe_03495,v40c_03158,0.13917383551597595,0.6400778293609619,0.22074830532073975,2
1302,nframe_03496,v40c_03158,0.13772322237491608,0.6417986154556274,0.22047823667526245,2
1303,nframe_03497,v40c_03158,0.13711698353290558,0.6428517699241638,0.220031276345253,2
1304,nframe_03498,v40c_03158,0.13787296414375305,0.6420963406562805,0.22003071010112762,2
1305,nframe_03499,v40c_03158,0.13865767419338226,0.641094446182251,0.22024792432785034,2
1306,nframe_03500,v40c_03158,0.1381182074546814,0.6414641737937927,0.2204175889492035,2
1307,nframe_03501,v40c_03158,0.1394166350364685,0.6398769617080688,0.22070635855197906,2
1308,nframe_03502,v40c_03158,0.14017099142074585,0.639327347278595,0.22050172090530396,2
1309,nframe_03503,v40c_03158,0.1399146467447281,0.6394996047019958,0.22058576345443726,2
1310,nframe_03504,v40c_03158,0.14070574939250946,0.6385923027992249,0.22070194780826569,2
1311,nframe_03505,v40c_03158,0.14054037630558014,0.6388568878173828,0.22060273587703705,2
1312,nframe_03506,v40c_03158,0.13948172330856323,0.6398866176605225,0.22063161432743073,2
1313,nframe_03507,v40c_03158,0.13892033696174622,0.6405876278877258,0.22049205005168915,2
1314,nframe_03508,v40c_03173,0.13639415800571442,0.6452704668045044,0.21833539009094238,2
1315,nframe_03509,v40c_03174,0.13646472990512848,0.6449874043464661,0.21854783594608307,2
1316,nframe_03510,v40c_03174,0.13696561753749847,0.6442992687225342,0.21873512864112854,2
1317,nframe_03511,v40c_03158,0.13737986981868744,0.6434009075164795,0.21921922266483307,2
1318,nframe_03512,v40c_03158,0.13739269971847534,0.6435306072235107,0.2190767377614975,2
1319,nframe_03513,v40c_03158,0.13743770122528076,0.6435881853103638,0.21897417306900024,2
1320,nframe_03514,v40c_03158,0.13761456310749054,0.6436716318130493,0.21871377527713776,2
1321,nframe_03515,v40c_03158,0.13787078857421875,0.6433729529380798,0.21875622868537903,2
1322,nframe_03516,v40c_03158,0.13776008784770966,0.6434236168861389,0.21881628036499023,2
1323,nframe_03517,v40c_03158,0.13956546783447266,0.6415206789970398,0.21891385316848755,2
1324,nframe_03518,v40c_03158,0.13916322588920593,0.6420516967773438,0.2187851220369339,2
1325,nframe_03519,v40c_03158,0.13989794254302979,0.6413987278938293,0.21870331466197968,2
1326,nframe_03520,v40c_03158,0.13977767527103424,0.641501784324646,0.21872052550315857,2
1327,nframe_03521,v40c_03158,0.13929229974746704,0.6417220234870911,0.2189856618642807,2
1328,nframe_03522,v40c_03158,0.137803316116333,0.6434043645858765,0.21879230439662933,2
1329,nframe_03523,v40c_03175,0.13655002415180206,0.6449305415153503,0.2185194492340088,2
1330,nframe_03524,v40c_03158,0.13676053285598755,0.644945502281189,0.21829399466514587,2
1331,nframe_03525,v40c_03158,0.13702960312366486,0.6447635889053345,0.2182067483663559,2
1332,nframe_03526,v40c_03176,0.137856587767601,0.6438570022583008,0.2182864099740982,2
1333,nframe_03527,v40c_03176,0.13922050595283508,0.6422184109687805,0.2185610830783844,2
1334,nframe_03528,v40c_03177,0.13981573283672333,0.6416288614273071,0.21855534613132477,2
1335,nframe_03529,v40c_03177,0.1396097093820572,0.6417554020881653,0.2186349332332611,2
1336,nframe_03530,v40c_03178,0.14048859477043152,0.6410676836967468,0.21844375133514404,2
1337,nframe_03531,v40c_03179,0.14073921740055084,0.6404001712799072,0.21886062622070312,2
1338,nframe_03532,v40c_03179,0.13938120007514954,0.6416378617286682,0.21898096799850464,2
1339,nframe_03533,v40c_03179,0.13850492238998413,0.6424416303634644,0.21905341744422913,2
1340,nframe_03534,v40c_03180,0.13822153210639954,0.6433441638946533,0.21843425929546356,2
1341,nframe_03535,v40c_03181,0.1365801841020584,0.6451990604400635,0.2182207554578781,2
1342,nframe_03536,v40c_03182,0.13599812984466553,0.645820677280426,0.21818120777606964,2
1343,nframe_03537,v40c_03183,0.13503237068653107,0.6471899747848511,0.21777765452861786,2
1344,nframe_03538,v40c_03184,0.1349671632051468,0.6469253301620483,0.21810752153396606,2
1345,nframe_03539,v40c_03184,0.1350840926170349,0.6469303369522095,0.21798555552959442,2
1346,nframe_03540,v40c_03185,0.13434123992919922,0.6477880477905273,0.21787071228027344,2
1347,nframe_03541,v40c_03186,0.1354893296957016,0.6462340354919434,0.21827660501003265,2
1348,nframe_03628,v40c_03187,0.13733571767807007,0.6443314552307129,0.21833282709121704,2
1349,nframe_03629,v40c_03188,0.13691867887973785,0.6481895446777344,0.21489176154136658,2
1350,nframe_03630,v40c_03189,0.13794390857219696,0.6490808725357056,0.21297526359558105,2
1351,nframe_03631,v40c_03190,0.13705916702747345,0.6522845029830933,0.2106563299894333,2
1352,nframe_03632,v40c_03191,0.13683737814426422,0.6531272530555725,0.21003539860248566,2
1353,nframe_03633,v40c_03192,0.13668009638786316,0.6538983583450317,0.20942150056362152,2
1354,nframe_03634,v40c_03193,0.13703979551792145,0.6542864441871643,0.20867379009723663,2
1355,nframe_03635,v40c_03194,0.13755418360233307,0.6540771126747131,0.2083686888217926,2
1356,nframe_03636,v40c_03195,0.13743413984775543,0.6558876633644104,0.20667822659015656,2
1357,nframe_03637,v40c_03196,0.13753187656402588,0.6556863188743591,0.20678181946277618,2
1358,nframe_03638,v40c_03197,0.13801655173301697,0.6547703742980957,0.20721307396888733,2
1359,nframe_03639,v40c_03198,0.13760797679424286,0.6545263528823853,0.20786570012569427,2
1360,nframe_03640,v40c_03199,0.13768930733203888,0.6550623178482056,0.20724837481975555,2
1361,nframe_03641,v40c_03199,0.13808995485305786,0.65464186668396,0.20726816356182098,2
1362,nframe_03642,v40c_03199,0.137971892952919,0.6541615724563599,0.2078666090965271,2
1363,nframe_03643,v40c_03200,0.13769018650054932,0.6541450023651123,0.20816479623317719,2
1364,nframe_03644,v40c_03200,0.1386939138174057,0.6514904499053955,0.20981565117835999,2
1365,nframe_03645,v40c_03201,0.13934855163097382,0.6488038897514343,0.21184757351875305,2
1366,nframe_03646,v40c_03202,0.14016374945640564,0.6461338400840759,0.21370245516300201,2
1367,nframe_03647,v40c_03202,0.14204567670822144,0.6420466899871826,0.21590763330459595,2
1368,nframe_03793,v40c_03234,0.17530035972595215,0.6053968071937561,0.21930278837680817,2
1369,nframe_03794,v40c_03234,0.17260409891605377,0.6086132526397705,0.21878260374069214,2
1370,nframe_03795,v40c_03234,0.17282263934612274,0.6075347065925598,0.21964269876480103,2
1371,nframe_03796,v40c_03234,0.17162497341632843,0.6087742447853088,0.21960081160068512,2
1372,nframe_03797,v40c_03234,0.1685323864221573,0.6123958230018616,0.21907183527946472,2
1373,nframe_03798,v40c_03234,0.16555216908454895,0.6166127324104309,0.21783505380153656,2
1374,nframe_03799,v40c_03234,0.1653631031513214,0.61678147315979,0.21785539388656616,2
1375,nframe_03800,v40c_03234,0.16660887002944946,0.615260124206543,0.21813100576400757,2
1376,nframe_03801,v40c_03235,0.16754525899887085,0.6149184703826904,0.21753628551959991,2
1377,nframe_03802,v40c_03236,0.16599240899085999,0.6170190572738647,0.21698854863643646,2
1378,nframe_03803,v40c_03236,0.16471926867961884,0.6185172200202942,0.21676351130008698,2
1379,nframe_03804,v40c_03237,0.16271287202835083,0.6215258836746216,0.2157612442970276,2
1380,nframe_03805,v40c_03237,0.1582241803407669,0.6268139481544495,0.21496185660362244,2
1381,nframe_03806,v40c_03238,0.15598265826702118,0.628696084022522,0.21532122790813446,2
1382,nframe_03807,v40c_03238,0.15347157418727875,0.630841076374054,0.21568737924098969,2
1383,nframe_03808,v40c_03239,0.15144352614879608,0.6324477791786194,0.21610867977142334,2
1384,nframe_03809,v40c_03239,0.15201978385448456,0.6318157315254211,0.2161644995212555,2
1385,nframe_03810,v40c_03239,0.15041998028755188,0.6338512897491455,0.21572871506214142,2
1386,nframe_03811,v40c_03240,0.15090757608413696,0.6318950057029724,0.21719741821289062,2
1387,nframe_03812,v40c_03240,0.14999136328697205,0.6327362656593323,0.21727235615253448,2
1388,nframe_03813,v40c_03240,0.15063753724098206,0.6315146684646606,0.2178477942943573,2
1389,nframe_03814,v40c_03241,0.14980491995811462,0.632540225982666,0.21765483915805817,2
1390,nframe_03815,v40c_03242,0.15003415942192078,0.6314215064048767,0.2185443490743637,2
1391,nframe_03816,v40c_03243,0.15064075589179993,0.6301239132881165,0.21923531591892242,2
1392,nframe_03819,v40c_03244,0.1477585732936859,0.6323527097702026,0.21988870203495026,2
1393,nframe_03836,v40c_03245,0.14639714360237122,0.6342358589172363,0.21936699748039246,2
1394,nframe_03837,v40c_03246,0.14598463475704193,0.6345853805541992,0.21942998468875885,2
1395,nframe_03838,v40c_03246,0.14633266627788544,0.6343680620193481,0.2192992866039276,2
1396,nframe_03839,v40c_03247,0.14516477286815643,0.6367639899253845,0.21807123720645905,2
1397,nframe_03904,v40c_03262,0.12620434165000916,0.6599971055984497,0.21379852294921875,2
1398,nframe_03905,v40c_03263,0.12384557723999023,0.6632158160209656,0.2129386067390442,2
1399,nframe_03906,v40c_03264,0.12279863655567169,0.6649782061576843,0.21222317218780518,2
1400,nframe_03907,v40c_03265,0.12316254526376724,0.6645728349685669,0.21226459741592407,2
1401,nframe_03908,v40c_03265,0.12234596163034439,0.6657484173774719,0.2119056135416031,2
1402,nframe_03909,v40c_03266,0.12183192372322083,0.6665105223655701,0.2116575688123703,2
1403,nframe_03910,v40c_03267,0.12141075730323792,0.6671024560928345,0.21148677170276642,2
1404,nframe_03911,v40c_03267,0.1205536425113678,0.668384313583374,0.21106204390525818,2
1405,nframe_03912,v40c_03267,0.12101434171199799,0.6676346063613892,0.21135103702545166,2
1406,nframe_03913,v40c_03267,0.12260711938142776,0.6655321717262268,0.21186068654060364,2
1407,nframe_03914,v40c_03268,0.12234079837799072,0.6658016443252563,0.21185754239559174,2
1408,nframe_03915,v40c_03268,0.12204525619745255,0.6662124395370483,0.2117423117160797,2
1409,nframe_03916,v40c_03269,0.12052356451749802,0.6681790351867676,0.211297407746315,2
1410,nframe_03917,v40c_03269,0.12063967436552048,0.6674284338951111,0.21193191409111023,2
1411,nframe_03918,v40c_03269,0.12058009952306747,0.667238175868988,0.21218165755271912,2
1412,nframe_03919,v40c_03270,0.11934595555067062,0.6691529154777527,0.21150115132331848,2
1413,nframe_03920,v40c_03271,0.11899019032716751,0.6698080897331238,0.21120169758796692,2
1414,nframe_03921,v40c_03271,0.11871632933616638,0.6702952980995178,0.2109883725643158,2
1415,nframe_03922,v40c_03272,0.11913792788982391,0.669619619846344,0.2112424671649933,2
1416,nframe_03923,v40c_03273,0.11867198348045349,0.6699109077453613,0.211417093873024,2
1417,nframe_03924,v40c_03273,0.11904958635568619,0.669707179069519,0.21124324202537537,2
1418,nframe_03925,v40c_03274,0.11850741505622864,0.670549750328064,0.210942804813385,2
1419,nframe_03926,v40c_03274,0.11864472180604935,0.670354425907135,0.21100085973739624,2
1420,nframe_03927,v40c_03275,0.1184961199760437,0.670188307762146,0.2113155871629715,2
1421,nframe_03928,v40c_03276,0.11771132051944733,0.6710368990898132,0.21125182509422302,2
1422,nframe_03929,v40c_03277,0.11864542216062546,0.6693387031555176,0.21201586723327637,2
1423,nframe_03930,v40c_03278,0.11850040405988693,0.6690220236778259,0.21247756481170654,2
1424,nframe_03931,v40c_03279,0.11913768202066422,0.6678608655929565,0.21300147473812103,2
1425,nframe_03932,v40c_03280,0.12085195630788803,0.6652238965034485,0.2139241248369217,2
1426,nframe_03933,v40c_03281,0.12117598205804825,0.6650206446647644,0.21380339562892914,2
1427,nframe_03934,v40c_03282,0.12049549072980881,0.6663105487823486,0.21319393813610077,2
1428,nframe_03935,v40c_03283,0.1209990382194519,0.6654880046844482,0.21351294219493866,2
1429,nframe_03936,v40c_03284,0.11909931898117065,0.6677268743515015,0.21317380666732788,2
1430,nframe_03937,v40c_03284,0.11736193299293518,0.6698518991470337,0.21278616786003113,2
1431,nframe_03938,v40c_03284,0.11766576021909714,0.6695442199707031,0.21278999745845795,2
1432,nframe_03939,v40c_03285,0.11719705164432526,0.6700432896614075,0.2127596139907837,2
1433,nframe_03940,v40c_03286,0.11690457910299301,0.6702510118484497,0.21284443140029907,2
1434,nframe_03941,v40c_03287,0.11721532046794891,0.6700849533081055,0.21269971132278442,2
1435,nframe_03942,v40c_03288,0.11685346812009811,0.6705337762832642,0.21261276304721832,2
1436,nframe_03943,v40c_03289,0.11764033883810043,0.6692516803741455,0.21310795843601227,2
1437,nframe_03944,v40c_03290,0.11779695749282837,0.6690472364425659,0.2131558060646057,2
1438,nframe_03945,v40c_03291,0.11819107830524445,0.6685009002685547,0.21330800652503967,2
1439,nframe_03946,v40c_03292,0.1182476133108139,0.6684767007827759,0.21327567100524902,2
1440,nframe_03947,v40c_03293,0.11832088232040405,0.6683456897735596,0.21333344280719757,2
1441,nframe_03948,v40c_03294,0.11889895796775818,0.6675218939781189,0.21357916295528412,2
1442,nframe_03949,v40c_03295,0.11945261061191559,0.666851282119751,0.21369610726833344,2
1443,nframe_03950,v40c_03296,0.11889966577291489,0.6675349473953247,0.2135654091835022,2
1444,nframe_03951,v40c_03297,0.11775677651166916,0.6690256595611572,0.2132175862789154,2
1445,nframe_03952,v40c_03298,0.11845482885837555,0.6686016321182251,0.21294355392456055,2
1446,nframe_03953,v40c_03299,0.11926059424877167,0.6676769852638245,0.2130623757839203,2
1447,nframe_03954,v40c_03300,0.1201617494225502,0.6663877367973328,0.21345050632953644,2
1448,nframe_03955,v40c_03301,0.12032878398895264,0.6662302613258362,0.2134409248828888,2
1449,nframe_03956,v40c_03302,0.12062741816043854,0.6660913825035095,0.21328119933605194,2
1450,nframe_03957,v40c_03302,0.12132595479488373,0.6651661992073059,0.21350783109664917,2
1451,nframe_03958,v40c_03302,0.12193363904953003,0.6643437147140503,0.2137226164340973,2
1452,nframe_03959,v40c_03302,0.12242958694696426,0.6637101769447327,0.21386019885540009,2
1453,nframe_03960,v40c_03302,0.1219574362039566,0.6647921800613403,0.21325042843818665,2
1454,nframe_03961,v40c_03303,0.1226549968123436,0.6639159321784973,0.2134290635585785,2
1455,nframe_03962,v40c_03304,0.12307937443256378,0.6634587049484253,0.21346192061901093,2
1456,nframe_03963,v40c_03304,0.12281162291765213,0.6639299988746643,0.21325835585594177,2
1457,nframe_03964,v40c_03304,0.12371598184108734,0.6627451181411743,0.21353891491889954,2
1458,nframe_03965,v40c_03304,0.12417391687631607,0.6615206599235535,0.21430543065071106,2
1459,nframe_03966,v40c_03304,0.12475309520959854,0.6604774594306946,0.2147694081068039,2
1460,nframe_03967,v40c_03305,0.1256050020456314,0.6592068076133728,0.21518826484680176,2
1461,nframe_04097,v40c_03339,0.1692834198474884,0.6072218418121338,0.2234947681427002,2
1462,nframe_04098,v40c_03339,0.16836883127689362,0.6088082194328308,0.22282291948795319,2
1463,nframe_04099,v40c_03340,0.16721953451633453,0.6100009679794312,0.22277949750423431,2
1464,nframe_04100,v40c_03341,0.16503137350082397,0.6128413677215576,0.2221272885799408,2
1465,nframe_04101,v40c_03341,0.16404300928115845,0.6142961978912354,0.2216608077287674,2
1466,nframe_04102,v40c_03342,0.1637226939201355,0.6145733594894409,0.22170390188694,2
1467,nframe_04103,v40c_03342,0.1631440371274948,0.6149952411651611,0.22186072170734406,2
1468,nframe_04104,v40c_03343,0.16340439021587372,0.6145671010017395,0.22202849388122559,2
1469,nframe_04105,v40c_03344,0.16284111142158508,0.615330696105957,0.22182820737361908,2
1470,nframe_04106,v40c_03344,0.1627776175737381,0.615145206451416,0.2220771610736847,2
1471,nframe_04107,v40c_03345,0.16131263971328735,0.6173864603042603,0.2213008552789688,2
1472,nframe_04108,v40c_03346,0.16061149537563324,0.6183186769485474,0.22106988728046417,2
1473,nframe_04109,v40c_03346,0.1587308943271637,0.6205708384513855,0.22069823741912842,2
1474,nframe_04111,v40c_03346,0.15695644915103912,0.6223313808441162,0.22071217000484467,2
1475,nframe_04112,v40c_03347,0.15609900653362274,0.6231954097747803,0.2207055687904358,2
1476,nframe_04113,v40c_03347,0.15573638677597046,0.6237396597862244,0.22052395343780518,2
1477,nframe_04114,v40c_03347,0.15659968554973602,0.6220446825027466,0.2213556319475174,2
1478,nframe_04115,v40c_03347,0.15599681437015533,0.6227858662605286,0.2212172895669937,2
1479,nframe_04116,v40c_03348,0.15536999702453613,0.6228668689727783,0.22176314890384674,2
1480,nframe_04117,v40c_03349,0.1538894772529602,0.624793291091919,0.22131721675395966,2
1481,nframe_04118,v40c_03349,0.15367721021175385,0.6247304677963257,0.22159239649772644,2
1482,nframe_04123,v40c_03350,0.15166211128234863,0.6246499419212341,0.22368793189525604,2
1483,nframe_04132,v40c_03351,0.14609083533287048,0.6289441585540771,0.22496500611305237,2
1484,nframe_04242,v40c_03353,0.19123978912830353,0.5705990195274353,0.23816117644309998,2
1485,nframe_04243,v40c_03353,0.19128087162971497,0.5709417462348938,0.23777739703655243,2
1486,nframe_04245,v40c_03353,0.19094079732894897,0.5714347958564758,0.2376244068145752,2
1487,nframe_04246,v40c_03354,0.19055183231830597,0.5714907646179199,0.2379574179649353,2
1488,nframe_04247,v40c_03355,0.18840391933918,0.5741083025932312,0.2374877631664276,2
1489,nframe_04248,v40c_03356,0.18629902601242065,0.5772842168807983,0.2364167869091034,2
1490,nframe_04249,v40c_03356,0.18613342940807343,0.5775288939476013,0.23633770644664764,2
1491,nframe_04250,v40c_03357,0.18594810366630554,0.5777501463890076,0.2363017499446869,2
1492,nframe_04251,v40c_03357,0.18471762537956238,0.5791254043579102,0.23615697026252747,2
1493,nframe_04252,v40c_03357,0.18506787717342377,0.5785868167877197,0.2363452911376953,2
1494,nframe_04253,v40c_03358,0.18714463710784912,0.5757225751876831,0.23713283240795135,2
1495,nframe_04254,v40c_03359,0.18612785637378693,0.5779898166656494,0.23588237166404724,2
1496,nframe_04255,v40c_03360,0.18438121676445007,0.5803298950195312,0.23528893291950226,2
1497,nframe_04256,v40c_03359,0.18461179733276367,0.5804324150085449,0.234955832362175,2
1498,nframe_04257,v40c_03361,0.1833365261554718,0.5820653438568115,0.23459811508655548,2
1499,nframe_04258,v40c_03361,0.18110890686511993,0.5846798419952393,0.23421123623847961,2
1500,nframe_04259,v40c_03362,0.18094384670257568,0.5846036076545715,0.23445254564285278,2
1501,nframe_04260,v40c_03363,0.18041205406188965,0.5848860144615173,0.2347019612789154,2
1502,nframe_04261,v40c_03364,0.1791374683380127,0.5857874155044556,0.23507510125637054,2
1503,nframe_04262,v40c_03364,0.1788204461336136,0.585508406162262,0.23567114770412445,2
1504,nframe_04263,v40c_03365,0.17859594523906708,0.5859891176223755,0.23541493713855743,2
1505,nframe_04264,v40c_03365,0.17842108011245728,0.5863434672355652,0.23523548245429993,2
1506,nframe_04265,v40c_03365,0.17734600603580475,0.5876442193984985,0.23500975966453552,2
1507,nframe_04266,v40c_03364,0.1734168529510498,0.5922384262084961,0.2343447357416153,2
1508,nframe_04267,v40c_03366,0.17230571806430817,0.5937087535858154,0.23398557305335999,2
1509,nframe_04268,v40c_03367,0.17132921516895294,0.595158576965332,0.23351223766803741,2
1510,nframe_04269,v40c_03368,0.17183725535869598,0.5945813059806824,0.23358142375946045,2
1511,nframe_04270,v40c_03369,0.1681501567363739,0.5989616513252258,0.23288819193840027,2
1512,nframe_04271,v40c_03369,0.16735027730464935,0.600074827671051,0.232574924826622,2
1513,nframe_04272,v40c_03369,0.1664818972349167,0.6010742783546448,0.23244385421276093,2
1514,nframe_04273,v40c_03370,0.1655697226524353,0.6020548343658447,0.23237541317939758,2
1515,nframe_04282,v40c_03371,0.16093643009662628,0.6071804761886597,0.23188310861587524,2
1516,nframe_04425,v40c_03444,0.14251883327960968,0.6366180181503296,0.22086317837238312,2
1517,nframe_04426,v40c_03444,0.14363563060760498,0.6342179775238037,0.2221463918685913,2
1518,nframe_04544,v40c_03504,0.12229210138320923,0.6608273386955261,0.21688055992126465,2
1519,nframe_04545,v40c_03505,0.12383566796779633,0.6576951146125793,0.21846924722194672,2
1520,nframe_04546,v40c_03506,0.12418276816606522,0.6571168899536133,0.2187003344297409,2
1521,nframe_04547,v40c_03507,0.1241142675280571,0.6570236086845398,0.21886217594146729,2
1522,nframe_04548,v40c_03508,0.12372663617134094,0.6573734283447266,0.2188999205827713,2
1523,nframe_04549,v40c_03509,0.1231880933046341,0.6585081815719604,0.21830368041992188,2
1524,nframe_04550,v40c_03510,0.12358912080526352,0.6585012674331665,0.21790964901447296,2
1525,nframe_04551,v40c_03511,0.12368489801883698,0.6586726307868958,0.21764248609542847,2
1526,nframe_04552,v40c_03512,0.12416497617959976,0.6579329371452332,0.21790209412574768,2
1527,nframe_04553,v40c_03513,0.12570209801197052,0.6555811762809753,0.21871672570705414,2
1528,nframe_04554,v40c_03514,0.12560227513313293,0.6548634171485901,0.2195342481136322,2
1529,nframe_04555,v40c_03515,0.125838965177536,0.6542044281959534,0.219956636428833,2
1530,nframe_04556,v40c_03515,0.12611311674118042,0.653669536113739,0.22021737694740295,2
1531,nframe_04557,v40c_03516,0.12648513913154602,0.6530269384384155,0.22048795223236084,2
1532,nframe_04558,v40c_03517,0.12668587267398834,0.652797281742096,0.22051681578159332,2
1533,nframe_04559,v40c_03518,0.12774434685707092,0.6515570282936096,0.22069863975048065,2
1534,nframe_04560,v40c_03517,0.12666164338588715,0.6524262428283691,0.2209121435880661,2
1535,nframe_04561,v40c_03517,0.12646159529685974,0.653218686580658,0.22031977772712708,2
1536,nframe_04562,v40c_03517,0.1266215443611145,0.6531723141670227,0.2202061116695404,2
1537,nframe_04563,v40c_03517,0.12673678994178772,0.6534581184387207,0.2198050320148468,2
1538,nframe_04564,v40c_03517,0.12668026983737946,0.6539124846458435,0.21940717101097107,2
1539,nframe_04565,v40c_03519,0.1264483481645584,0.6543558835983276,0.21919579803943634,2
1540,nframe_04566,v40c_03517,0.12662771344184875,0.6540646553039551,0.21930764615535736,2
1541,nframe_04567,v40c_03520,0.12770181894302368,0.6512957215309143,0.221002459526062,2
1542,nframe_04568,v40c_03521,0.12765975296497345,0.6513044834136963,0.22103577852249146,2
1543,nframe_04569,v40c_03522,0.12798665463924408,0.6509995460510254,0.2210138589143753,2
1544,nframe_04570,v40c_03523,0.1281026303768158,0.6509963274002075,0.22090104222297668,2
1545,nframe_04571,v40c_03524,0.12783865630626678,0.651600182056427,0.2205611616373062,2
1546,nframe_04572,v40c_03525,0.12776502966880798,0.6520736217498779,0.2201613187789917,2
1547,nframe_04573,v40c_03526,0.1283360868692398,0.651148796081543,0.2205151617527008,2
1548,nframe_04574,v40c_03527,0.12844201922416687,0.6502549648284912,0.22130297124385834,2
1549,nframe_04575,v40c_03528,0.1282942146062851,0.650723397731781,0.2209824174642563,2
1550,nframe_04576,v40c_03528,0.12824532389640808,0.6506409645080566,0.22111371159553528,2
1551,nframe_04577,v40c_03529,0.12797898054122925,0.6513550877571106,0.22066594660282135,2
1552,nframe_04578,v40c_03529,0.1280512809753418,0.6516818404197693,0.22026686370372772,2
1553,nframe_04579,v40c_03530,0.1277807652950287,0.6524852514266968,0.21973401308059692,2
1554,nframe_04580,v40c_03531,0.12709282338619232,0.6534642577171326,0.21944288909435272,2
1555,nframe_04581,v40c_03532,0.12639451026916504,0.6550316214561462,0.21857388317584991,2
1556,nframe_04582,v40c_03533,0.12605193257331848,0.6559478640556335,0.21800023317337036,2
1557,nframe_04584,v40c_03534,0.12554964423179626,0.6570225954055786,0.2174278348684311,2
1558,nframe_04585,v40c_03535,0.1257305145263672,0.6569139361381531,0.21735553443431854,2
1559,nframe_04586,v40c_03536,0.12588070333003998,0.6567836999893188,0.21733564138412476,2
1560,nframe_04587,v40c_03537,0.12559542059898376,0.6578155755996704,0.21658894419670105,2
1561,nframe_04589,v40c_03538,0.12491210550069809,0.6591778993606567,0.21591006219387054,2
1562,nframe_04591,v40c_03539,0.12480054795742035,0.6597259640693665,0.2154734879732132,2
1563,nframe_04592,v40c_03540,0.12421070784330368,0.6605859994888306,0.21520327031612396,2
1564,nframe_04599,v40c_03541,0.12209133058786392,0.6630715727806091,0.21483710408210754,2
1565,nframe_04600,v40c_03542,0.1218874529004097,0.6632586717605591,0.21485386788845062,2
1566,nframe_04604,v40c_03543,0.12105987221002579,0.6655976176261902,0.21334247291088104,2
1567,nframe_04605,v40c_03543,0.12115436792373657,0.6652066707611084,0.21363896131515503,2
1568,nframe_04606,v40c_03544,0.12083815038204193,0.6658534407615662,0.21330836415290833,2
1569,nframe_04736,v40c_03570,0.14714455604553223,0.6269556879997253,0.22589977085590363,2
1570,nframe_04737,v40c_03571,0.1462794691324234,0.6285346150398254,0.22518594563007355,2
1571,nframe_04738,v40c_03571,0.14505533874034882,0.6308122277259827,0.2241324484348297,2
1572,nframe_04739,v40c_03572,0.14641910791397095,0.6296326518058777,0.22394822537899017,2
1573,nframe_04740,v40c_03573,0.14894725382328033,0.6264646053314209,0.22458811104297638,2
1574,nframe_04741,v40c_03574,0.15045304596424103,0.6247761249542236,0.22477076947689056,2
1575,nframe_04742,v40c_03574,0.15133273601531982,0.6240608096122742,0.224606454372406,2
1576,nframe_04743,v40c_03575,0.14960700273513794,0.6265487670898438,0.2238442450761795,2
1577,nframe_04744,v40c_03575,0.1480545997619629,0.6287875175476074,0.2231578230857849,2
1578,nframe_04745,v40c_03576,0.1469821184873581,0.6306557655334473,0.22236211597919464,2
1579,nframe_04746,v40c_03576,0.14336395263671875,0.6359236240386963,0.22071239352226257,2
1580,nframe_04747,v40c_03576,0.14060917496681213,0.6397057771682739,0.21968506276607513,2
1581,nframe_04748,v40c_03576,0.13796891272068024,0.6437398195266724,0.21829132735729218,2
1582,nframe_04749,v40c_03576,0.13608840107917786,0.6462624669075012,0.2176491767168045,2
1583,nframe_04750,v40c_03576,0.13357986509799957,0.6495888829231262,0.21683122217655182,2
1584,nframe_04751,v40c_03576,0.131419837474823,0.6530928015708923,0.21548737585544586,2
1585,nframe_04752,v40c_03576,0.12957067787647247,0.655809760093689,0.21461960673332214,2
1586,nframe_04753,v40c_03576,0.12517929077148438,0.6618298888206482,0.21299080550670624,2
1587,nframe_04754,v40c_03576,0.12416625767946243,0.66316819190979,0.2126656025648117,2
1588,nframe_04755,v40c_03576,0.12365380674600601,0.6638298630714417,0.21251636743545532,2
1589,nframe_04756,v40c_03576,0.12319889664649963,0.6646032929420471,0.21219785511493683,2
1590,nframe_04757,v40c_03576,0.12286676466464996,0.6652142405509949,0.21191897988319397,2
1591,nframe_04758,v40c_03576,0.12208782136440277,0.6663183569908142,0.21159382164478302,2
1592,nframe_04759,v40c_03576,0.11813265830278397,0.6724765300750732,0.209390789270401,2
1593,nframe_04760,v40c_03576,0.11587170511484146,0.6755812764167786,0.20854704082012177,2
1594,nframe_04761,v40c_03576,0.11453094333410263,0.6777535080909729,0.20771558582782745,2
1595,nframe_04762,v40c_03576,0.11307398974895477,0.6793460845947266,0.20757997035980225,2
1596,nframe_04763,v40c_03576,0.112759530544281,0.6793224215507507,0.20791806280612946,2
1597,nframe_04764,v40c_03576,0.111306332051754,0.6815569996833801,0.2071366012096405,2
1598,nframe_04765,v40c_03576,0.11097386479377747,0.6821886897087097,0.20683741569519043,2
1599,nframe_04766,v40c_03576,0.11034345626831055,0.6824734807014465,0.2071830928325653,2
1600,nframe_04767,v40c_03576,0.1102105975151062,0.6824517250061035,0.20733767747879028,2
1601,nframe_04768,v40c_03576,0.10896583646535873,0.683943510055542,0.20709064602851868,2
1602,nframe_04774,v40c_03576,0.11046520620584488,0.6823869943618774,0.20714780688285828,2
1603,nframe_04775,v40c_03576,0.1105378195643425,0.6824320554733276,0.2070300430059433,2
1604,nframe_04776,v40c_03576,0.1096542477607727,0.6828634142875671,0.20748239755630493,2
1605,nframe_04777,v40c_03576,0.10900712013244629,0.684410572052002,0.20658236742019653,2
1606,nframe_04778,v40c_03576,0.10840483754873276,0.6854561567306519,0.2061389833688736,2
1607,nframe_04779,v40c_03576,0.1077331081032753,0.6871284246444702,0.20513847470283508,2
1608,nframe_04780,v40c_03577,0.10808763653039932,0.6872342228889465,0.20467805862426758,2
1609,nframe_04781,v40c_03578,0.10791894048452377,0.687420666217804,0.2046603560447693,2
1610,nframe_04782,v40c_03579,0.10713887959718704,0.6886187791824341,0.20424239337444305,2
1611,nframe_04783,v40c_03580,0.10700693726539612,0.6893022656440735,0.2036907821893692,2
1612,nframe_04784,v40c_03581,0.1064910814166069,0.6899521350860596,0.20355680584907532,2
1613,nframe_04785,v40c_03582,0.10597552359104156,0.6906665563583374,0.20335790514945984,2
1614,nframe_04786,v40c_03583,0.10526605695486069,0.6926115155220032,0.20212244987487793,2
1615,nframe_04787,v40c_03584,0.10511922836303711,0.6925018429756165,0.20237894356250763,2
1616,nframe_04788,v40c_03585,0.10454247146844864,0.6936740279197693,0.20178358256816864,2
1617,nframe_04789,v40c_03586,0.10319475084543228,0.6957448124885559,0.20106036961078644,2
1618,nframe_04790,v40c_03587,0.10216941684484482,0.6973966956138611,0.2004338651895523,2
1619,nframe_04791,v40c_03588,0.10101363062858582,0.699683666229248,0.19930273294448853,2
1620,nframe_04792,v40c_03589,0.10045747458934784,0.7006921768188477,0.1988503634929657,2
1621,nframe_04793,v40c_03589,0.09966323524713516,0.7016268968582153,0.19870983064174652,2
1622,nframe_04794,v40c_03590,0.09926800429821014,0.7019606232643127,0.19877131283283234,2
1623,nframe_04795,v40c_03591,0.10035043954849243,0.6997058987617493,0.1999436914920807,2
1624,nframe_04864,v40c_03615,0.10202673077583313,0.7017920613288879,0.1961812525987625,2
1625,nframe_04865,v40c_03616,0.10113437473773956,0.7030072808265686,0.19585825502872467,2
1626,nframe_04866,v40c_03617,0.10036548227071762,0.7043958306312561,0.1952386200428009,2
1627,nframe_04867,v40c_03618,0.10013801604509354,0.704329252243042,0.19553273916244507,2
1628,nframe_04868,v40c_03619,0.09831994771957397,0.7067740559577942,0.19490596652030945,2
1629,nframe_04869,v40c_03620,0.09823380410671234,0.7071434259414673,0.1946226954460144,2
1630,nframe_04870,v40c_03621,0.0976337343454361,0.7078720331192017,0.19449418783187866,2
1631,nframe_04871,v40c_03622,0.09785459190607071,0.707390308380127,0.19475513696670532,2
1632,nframe_04872,v40c_03623,0.09724926203489304,0.7084802985191345,0.19427038729190826,2
1633,nframe_04873,v40c_03623,0.09760255366563797,0.7075604200363159,0.19483700394630432,2
1634,nframe_04874,v40c_03624,0.09730280935764313,0.7080368399620056,0.19466033577919006,2
1635,nframe_04875,v40c_03625,0.0966334417462349,0.7089890241622925,0.19437751173973083,2
1636,nframe_04876,v40c_03626,0.09623989462852478,0.7091447710990906,0.19461530447006226,2
1637,nframe_04877,v40c_03627,0.09640228748321533,0.7077817320823669,0.19581592082977295,2
1638,nframe_04878,v40c_03628,0.09674559533596039,0.7069907188415527,0.19626371562480927,2
1639,nframe_04879,v40c_03628,0.09663163125514984,0.7075063586235046,0.19586198031902313,2
1640,nframe_04880,v40c_03629,0.09637852013111115,0.7075126767158508,0.19610878825187683,2
1641,nframe_04881,v40c_03629,0.09630528092384338,0.7073185443878174,0.19637615978717804,2
1642,nframe_04882,v40c_03630,0.0955110415816307,0.7084523439407349,0.19603659212589264,2
1643,nframe_04883,v40c_03631,0.09379604458808899,0.711786150932312,0.1944178193807602,2
1644,nframe_04884,v40c_03632,0.09357266873121262,0.7132826447486877,0.19314472377300262,2
1645,nframe_04885,v40c_03633,0.0933385118842125,0.7146165370941162,0.19204497337341309,2
1646,nframe_04886,v40c_03634,0.09366599470376968,0.7156928777694702,0.19064117968082428,2
1647,nframe_04887,v40c_03634,0.09444522857666016,0.714977502822876,0.19057728350162506,2
1648,nframe_04906,v40c_03635,0.09608563780784607,0.720075249671936,0.1838391274213791,2
1649,nframe_04908,v40c_03636,0.09815143048763275,0.7188010215759277,0.1830475628376007,2
1650,nframe_04909,v40c_03637,0.09879518300294876,0.7172982692718506,0.18390659987926483,2
1651,nframe_04912,v40c_03638,0.10151299089193344,0.7129979133605957,0.18548910319805145,2
1652,nframe_04914,v40c_03639,0.10136093944311142,0.712260365486145,0.18637873232364655,2
1653,nframe_05548,v40c_04010,0.09201601147651672,0.7195761203765869,0.18840794265270233,2
1654,nframe_05549,v40c_04010,0.09187903255224228,0.7197263240814209,0.1883946806192398,2
1655,nframe_05632,v40c_04032,0.111040860414505,0.6786741614341736,0.2102850079536438,2
1656,nframe_05633,v40c_04033,0.11551008373498917,0.6725378632545471,0.21195198595523834,2
1657,nframe_05634,v40c_04034,0.1200605258345604,0.66623854637146,0.21370093524456024,2
1658,nframe_05635,v40c_04035,0.12386088818311691,0.6615257263183594,0.2146134227514267,2
1659,nframe_05636,v40c_04036,0.12508541345596313,0.659574568271637,0.21533998847007751,2
1660,nframe_05637,v40c_04037,0.12460402399301529,0.660062849521637,0.21533316373825073,2
1661,nframe_05638,v40c_04038,0.12341954559087753,0.66151362657547,0.2150668501853943,2
1662,nframe_05639,v40c_04039,0.12290045619010925,0.663076639175415,0.21402285993099213,2
1663,nframe_05640,v40c_04040,0.11980181932449341,0.6671770811080933,0.21302109956741333,2
1664,nframe_05641,v40c_04041,0.1198308914899826,0.6672760844230652,0.21289300918579102,2
1665,nframe_05642,v40c_04042,0.11834359914064407,0.6698538064956665,0.21180257201194763,2
1666,nframe_05643,v40c_04043,0.11642298102378845,0.6729013919830322,0.21067562699317932,2
1667,nframe_05644,v40c_04044,0.11171182245016098,0.6796820759773254,0.20860610902309418,2
1668,nframe_05645,v40c_04045,0.10828603804111481,0.6852068305015564,0.20650716125965118,2
1669,nframe_05646,v40c_04046,0.10493876039981842,0.690085768699646,0.2049754559993744,2
1670,nframe_05647,v40c_04047,0.10401134192943573,0.691988468170166,0.20400020480155945,2
1671,nframe_05648,v40c_04048,0.10353634506464005,0.6927617788314819,0.20370183885097504,2
1672,nframe_05649,v40c_04049,0.10317625850439072,0.693703830242157,0.20311987400054932,2
1673,nframe_05650,v40c_04050,0.10259862244129181,0.6945123672485352,0.20288904011249542,2
1674,nframe_05651,v40c_04051,0.10307347029447556,0.6939985752105713,0.20292796194553375,2
1675,nframe_05652,v40c_04052,0.1029396653175354,0.6942226886749268,0.20283761620521545,2
1676,nframe_05653,v40c_04053,0.10401815176010132,0.6923488974571228,0.2036329209804535,2
1677,nframe_05654,v40c_04053,0.10429602116346359,0.6920618414878845,0.20364217460155487,2
1678,nframe_05655,v40c_04054,0.10603988170623779,0.6890153288841248,0.20494477450847626,2
1679,nframe_05656,v40c_04054,0.10639940947294235,0.6886703968048096,0.20493020117282867,2
1680,nframe_05657,v40c_04055,0.10670588910579681,0.6881682276725769,0.20512594282627106,2
1681,nframe_05658,v40c_04056,0.1088765487074852,0.6844522356987,0.20667128264904022,2
1682,nframe_05659,v40c_04057,0.11005328595638275,0.6829572319984436,0.20698949694633484,2
1683,nframe_05660,v40c_04058,0.11147493124008179,0.6812568306922913,0.20726829767227173,2
1684,nframe_05661,v40c_04059,0.11203209310770035,0.6804900765419006,0.20747782289981842,2
1685,nframe_05662,v40c_04060,0.11328120529651642,0.6784716844558716,0.20824715495109558,2
1686,nframe_05663,v40c_04061,0.1153494119644165,0.6754300594329834,0.2092205435037613,2
1687,nframe_05664,v40c_04062,0.11980600655078888,0.6682522296905518,0.21194171905517578,2
1688,nframe_05665,v40c_04063,0.12180408090353012,0.6655138731002808,0.21268205344676971,2
1689,nframe_05666,v40c_04064,0.12556932866573334,0.660140872001648,0.2142897993326187,2
1690,nframe_05667,v40c_04065,0.12816478312015533,0.6560348868370056,0.21580035984516144,2
1691,nframe_05668,v40c_04066,0.1332056075334549,0.6491100192070007,0.2176843285560608,2
1692,nframe_05669,v40c_04067,0.1407649964094162,0.6374545693397522,0.2217804342508316,2
1693,nframe_05670,v40c_04068,0.14751769602298737,0.6281805038452148,0.2243017852306366,2
1694,nframe_05675,v40c_04069,0.17812344431877136,0.5878137946128845,0.23406276106834412,2
1695,nframe_05676,v40c_04070,0.1885482519865036,0.57502681016922,0.23642493784427643,2
1696,nframe_05677,v40c_04071,0.1915798932313919,0.5714607834815979,0.2369593232870102,2
1697,nframe_05678,v40c_04072,0.19437403976917267,0.5682993531227112,0.23732657730579376,2
1698,nframe_05679,v40c_04073,0.2006601244211197,0.5606376528739929,0.2387022227048874,2
1699,nframe_05680,v40c_04074,0.20949788391590118,0.5499834418296814,0.240518718957901,2
1700,nframe_05681,v40c_04075,0.21695730090141296,0.5407881140708923,0.2422546148300171,2
1701,nframe_05682,v40c_04076,0.2295413315296173,0.5268599390983582,0.24359877407550812,2
1702,nframe_05683,v40c_04076,0.22934480011463165,0.5268846750259399,0.2437705397605896,2
1703,nframe_05684,v40c_04077,0.23272541165351868,0.5228829979896545,0.24439162015914917,2
1704,nframe_05685,v40c_04078,0.23801496624946594,0.5174185633659363,0.24456645548343658,2
1705,nframe_05686,v40c_04078,0.24403132498264313,0.5104876160621643,0.24548105895519257,2
1706,nframe_05687,v40c_04079,0.2462761104106903,0.507850170135498,0.24587371945381165,2
1707,nframe_05688,v40c_04079,0.24808651208877563,0.5056881904602051,0.2462252676486969,2
1708,nframe_05689,v40c_04080,0.2469574511051178,0.5073756575584412,0.24566690623760223,2
1709,nframe_05690,v40c_04081,0.25046592950820923,0.5034682750701904,0.24606582522392273,2
1710,nframe_05691,v40c_04082,0.2471657395362854,0.5068312287330627,0.24600301682949066,2
1711,nframe_05692,v40c_04083,0.2541092336177826,0.4980691373348236,0.24782167375087738,2
1712,nframe_05693,v40c_04084,0.2582647502422333,0.4929714798927307,0.2487637847661972,2
1713,nframe_05694,v40c_04085,0.26015156507492065,0.49110934138298035,0.2487391233444214,2
1714,nframe_05695,v40c_04086,0.26195651292800903,0.48923274874687195,0.24881073832511902,2
1715,nframe_06360,v40c_04104,0.10813800245523453,0.7029714584350586,0.18889056146144867,2
1716,nframe_06372,v40c_04105,0.1249750405550003,0.6756212711334229,0.19940371811389923,2
1717,nframe_06373,v40c_04105,0.12808969616889954,0.6696249842643738,0.20228533446788788,2
1718,nframe_06377,v40c_04106,0.1374896764755249,0.6530348658561707,0.20947541296482086,2
1719,nframe_06378,v40c_04106,0.1398703008890152,0.6493676900863647,0.21076197922229767,2
1720,nframe_06379,v40c_04106,0.15106083452701569,0.6361345052719116,0.2128046751022339,2
1721,nframe_06380,v40c_04106,0.15169700980186462,0.6350027322769165,0.21330027282238007,2
1722,nframe_06381,v40c_04106,0.15224449336528778,0.6339573264122009,0.21379821002483368,2
1723,nframe_06382,v40c_04107,0.15408794581890106,0.631519615650177,0.21439245343208313,2
1724,nframe_06383,v40c_04108,0.15749084949493408,0.6263184547424316,0.21619069576263428,2
1725,nframe_06384,v40c_04109,0.16145391762256622,0.6198863983154297,0.21865972876548767,2
1726,nframe_06385,v40c_04110,0.16506357491016388,0.6146453022956848,0.2202911525964737,2
1727,nframe_06386,v40c_04111,0.16921740770339966,0.6078898906707764,0.22289270162582397,2
1728,nframe_06387,v40c_04112,0.17217637598514557,0.6032177805900574,0.22460581362247467,2
1729,nframe_06388,v40c_04113,0.173519104719162,0.60173100233078,0.22474989295005798,2
1730,nframe_06389,v40c_04114,0.17452971637248993,0.5989407896995544,0.22652950882911682,2
1731,nframe_06390,v40c_04115,0.1745741218328476,0.5979831218719482,0.22744278609752655,2
1732,nframe_06391,v40c_04115,0.1726348102092743,0.5994008183479309,0.2279643565416336,2
1733,nframe_06392,v40c_04115,0.1730605512857437,0.5979655385017395,0.2289738953113556,2
1734,nframe_06393,v40c_04115,0.17430393397808075,0.5960665345191956,0.2296295315027237,2
1735,nframe_06394,v40c_04115,0.17401351034641266,0.596157431602478,0.2298290729522705,2
1736,nframe_06395,v40c_04116,0.17536108195781708,0.5938157439231873,0.23082317411899567,2
1737,nframe_06396,v40c_04117,0.1751265674829483,0.592719316482544,0.23215410113334656,2
1738,nframe_06397,v40c_04118,0.1776255965232849,0.5880689024925232,0.2343054562807083,2
1739,nframe_06398,v40c_04119,0.17860481142997742,0.585956335067749,0.23543883860111237,2
1740,nframe_06399,v40c_04120,0.17903921008110046,0.5846217274665833,0.23633907735347748,2
1741,nframe_06400,v40c_04121,0.17840245366096497,0.584926962852478,0.2366706281900406,2
1742,nframe_06401,v40c_04122,0.1728917807340622,0.5867892503738403,0.24031899869441986,2
1743,nframe_06406,v40c_04123,0.17069011926651,0.5923196077346802,0.23699027299880981,2
1744,nframe_06407,v40c_04123,0.16873346269130707,0.5899314880371094,0.24133507907390594,2
1745,nframe_06408,v40c_04124,0.17531883716583252,0.5806204676628113,0.244060680270195,2
1746,nframe_06409,v40c_04125,0.1735369712114334,0.5838054418563843,0.2426575869321823,2
1747,nframe_06410,v40c_04126,0.17545665800571442,0.5825132727622986,0.2420300543308258,2
1748,nframe_06411,v40c_04127,0.17420491576194763,0.5841096639633179,0.24168537557125092,2
1749,nframe_06412,v40c_04128,0.1787518411874771,0.5776126384735107,0.24363549053668976,2
1750,nframe_06419,v40c_04129,0.1450737565755844,0.6338433027267456,0.2210829257965088,2
1751,nframe_06420,v40c_04130,0.1526874154806137,0.6186664700508118,0.22864612936973572,2
1752,nframe_06421,v40c_04131,0.16206204891204834,0.6052488088607788,0.23268917202949524,2
1753,nframe_06422,v40c_04132,0.16485227644443512,0.6009168028831482,0.23423095047473907,2
1754,nframe_06423,v40c_04133,0.1742839813232422,0.5902919769287109,0.23542404174804688,2
1755,nframe_06424,v40c_04133,0.175184428691864,0.5881879925727844,0.23662756383419037,2
1756,nframe_06425,v40c_04134,0.1751752644777298,0.5875246524810791,0.2373000979423523,2
1757,nframe_06426,v40c_04135,0.17295028269290924,0.5899951457977295,0.23705454170703888,2
1758,nframe_06427,v40c_04136,0.17539142072200775,0.5868561863899231,0.23775236308574677,2
1759,nframe_06428,v40c_04136,0.17780035734176636,0.5840100646018982,0.23818959295749664,2
1760,nframe_06429,v40c_04137,0.17712083458900452,0.5852593183517456,0.23761984705924988,2
1761,nframe_06430,v40c_04138,0.17825278639793396,0.5837597250938416,0.23798750340938568,2
1762,nframe_06431,v40c_04138,0.17880673706531525,0.5829001069068909,0.23829315602779388,2
1763,nframe_06432,v40c_04138,0.17845529317855835,0.5833120942115784,0.23823262751102448,2
1764,nframe_06433,v40c_04139,0.18074215948581696,0.5805855989456177,0.23867225646972656,2
1765,nframe_06434,v40c_04139,0.18147189915180206,0.579512894153595,0.23901517689228058,2
1766,nframe_06435,v40c_04139,0.18138645589351654,0.5797849297523499,0.2388286143541336,2
1767,nframe_06436,v40c_04139,0.1800851970911026,0.581254780292511,0.23866000771522522,2
1768,nframe_06437,v40c_04140,0.1804749071598053,0.5812422633171082,0.23828287422657013,2
1769,nframe_06438,v40c_04141,0.1806771457195282,0.5807964205741882,0.23852643370628357,2
1770,nframe_06439,v40c_04141,0.18130676448345184,0.5803800225257874,0.2383132129907608,2
1771,nframe_06440,v40c_04142,0.18432332575321198,0.5771197080612183,0.23855698108673096,2
1772,nframe_06441,v40c_04143,0.183833509683609,0.5786663889884949,0.2375001162290573,2
1773,nframe_06442,v40c_04144,0.18323484063148499,0.5811975002288818,0.23556764423847198,2
1774,nframe_06443,v40c_04145,0.18084955215454102,0.5835456848144531,0.23560479283332825,2
1775,nframe_06444,v40c_04146,0.1835174709558487,0.5792424082756042,0.23724010586738586,2
1776,nframe_06445,v40c_04146,0.1822420060634613,0.5797113180160522,0.23804664611816406,2
1777,nframe_06446,v40c_04147,0.1817796677350998,0.579695999622345,0.23852430284023285,2
1778,nframe_06447,v40c_04148,0.18110978603363037,0.5795341730117798,0.23935598134994507,2
1779,nframe_06448,v40c_04149,0.17943021655082703,0.5806720852851868,0.23989766836166382,2
1780,nframe_06449,v40c_04150,0.1642528772354126,0.6000595688819885,0.23568753898143768,2
1781,nframe_06450,v40c_04151,0.16559873521327972,0.5991331338882446,0.23526813089847565,2
1782,nframe_06451,v40c_04152,0.1679685413837433,0.5965925455093384,0.23543892800807953,2
1783,nframe_06452,v40c_04152,0.16804715991020203,0.596495509147644,0.2354573905467987,2
1784,nframe_06453,v40c_04153,0.1721680909395218,0.5925064086914062,0.23532547056674957,2
1785,nframe_06454,v40c_04154,0.17386430501937866,0.5918146371841431,0.2343210130929947,2
1786,nframe_06455,v40c_04155,0.17737498879432678,0.5884672999382019,0.23415769636631012,2
1787,nframe_06456,v40c_04156,0.17675788700580597,0.5906901955604553,0.23255185782909393,2
1788,nframe_06457,v40c_04157,0.17020539939403534,0.6011173129081726,0.22867730259895325,2
1789,nframe_06458,v40c_04158,0.16565895080566406,0.6075899600982666,0.22675111889839172,2
1790,nframe_06459,v40c_04159,0.16390582919120789,0.6095442175865173,0.2265499234199524,2
1791,nframe_06460,v40c_04160,0.1603185087442398,0.6139914393424988,0.22569002211093903,2
1792,nframe_06461,v40c_04161,0.15727174282073975,0.6178642511367798,0.22486397624015808,2
1793,nframe_06462,v40c_04162,0.15449394285678864,0.6218182444572449,0.2236878126859665,2
1794,nframe_06463,v40c_04163,0.15353067219257355,0.6240824460983276,0.22238686680793762,2
1795,nframe_06784,v40c_04311,0.10656819492578506,0.6933577656745911,0.20007404685020447,2
1796,nframe_06785,v40c_04311,0.10630223900079727,0.6930811405181885,0.20061661303043365,2
1797,nframe_06786,v40c_04311,0.10622729361057281,0.6928288340568542,0.20094387233257294,2
1798,nframe_06787,v40c_04312,0.10540039092302322,0.6939734816551208,0.20062610507011414,2
1799,nframe_06788,v40c_04312,0.10492416471242905,0.6942233443260193,0.20085249841213226,2
1800,nframe_06789,v40c_04313,0.10363799333572388,0.6962158679962158,0.20014618337154388,2
1801,nframe_06790,v40c_04314,0.1028980016708374,0.6972547769546509,0.1998472809791565,2
1802,nframe_06791,v40c_04315,0.10184822231531143,0.6990045309066772,0.1991472691297531,2
1803,nframe_06792,v40c_04316,0.09921783208847046,0.7044571042060852,0.19632510840892792,2
1804,nframe_06793,v40c_04316,0.09939933568239212,0.7042537927627563,0.19634684920310974,2
1805,nframe_06794,v40c_04317,0.09734465181827545,0.7082284092903137,0.19442692399024963,2
1806,nframe_06795,v40c_04317,0.09725382924079895,0.7077622413635254,0.19498397409915924,2
1807,nframe_06796,v40c_04317,0.09733492136001587,0.7069797515869141,0.19568534195423126,2
1808,nframe_06797,v40c_04317,0.09661275893449783,0.7081310749053955,0.19525614380836487,2
1809,nframe_06798,v40c_04317,0.0966152548789978,0.7078595757484436,0.1955251693725586,2
1810,nframe_06799,v40c_04317,0.09544531255960464,0.7094014883041382,0.19515319168567657,2
1811,nframe_06800,v40c_04317,0.09631405025720596,0.7087282538414001,0.1949577033519745,2
1812,nframe_06803,v40c_04317,0.09598428755998611,0.7083560228347778,0.19565966725349426,2
1813,nframe_06804,v40c_04317,0.09648461639881134,0.7079731225967407,0.19554230570793152,2
1814,nframe_06805,v40c_04317,0.095382921397686,0.709792971611023,0.19482411444187164,2
1815,nframe_06806,v40c_04317,0.09549808502197266,0.710045337677002,0.19445650279521942,2
1816,nframe_06807,v40c_04317,0.09574977308511734,0.7103131413459778,0.1939370483160019,2
1817,nframe_06808,v40c_04317,0.09580666571855545,0.7104217410087585,0.1937715858221054,2
1818,nframe_06809,v40c_04317,0.0954543948173523,0.7101390957832336,0.19440652430057526,2
1819,nframe_06810,v40c_04317,0.0956786498427391,0.7097780704498291,0.19454330205917358,2
1820,nframe_07303,v40c_04484,0.12569506466388702,0.6712659597396851,0.2030389904975891,2
1821,nframe_07309,v40c_04485,0.11982996761798859,0.6773464679718018,0.20282354950904846,2
1822,nframe_07344,v40c_04486,0.09489172697067261,0.7223520874977112,0.1827562302350998,2
1823,nframe_07345,v40c_04486,0.0948401615023613,0.7221155166625977,0.18304437398910522,2
1824,nframe_07346,v40c_04486,0.09507611393928528,0.7221810221672058,0.1827428936958313,2
1825,nframe_07347,v40c_04486,0.09499016404151917,0.7213374972343445,0.18367236852645874,2
1826,nframe_07348,v40c_04486,0.09518329799175262,0.7216101288795471,0.18320652842521667,2
1827,nframe_07349,v40c_04486,0.09549211710691452,0.7206246852874756,0.1838832050561905,2
1828,nframe_07350,v40c_04486,0.09567756950855255,0.7194647789001465,0.18485763669013977,2
1829,nframe_07351,v40c_04486,0.09615882486104965,0.7183278203010559,0.18551339209079742,2
1830,nframe_07352,v40c_04486,0.09761525690555573,0.7164425253868103,0.18594223260879517,2
1831,nframe_07353,v40c_04486,0.09821756184101105,0.7147946357727051,0.18698783218860626,2
1832,nframe_07354,v40c_04486,0.09867534786462784,0.7142928242683411,0.1870318353176117,2
1833,nframe_07355,v40c_04486,0.09892719984054565,0.7131931781768799,0.18787963688373566,2
1834,nframe_07356,v40c_04486,0.09935837239027023,0.7119307518005371,0.18871089816093445,2
1835,nframe_07357,v40c_04487,0.10013721883296967,0.7107723355293274,0.18909044563770294,2
1836,nframe_07358,v40c_04487,0.10022624582052231,0.7103993892669678,0.18937434256076813,2
1837,nframe_07359,v40c_04487,0.1009264811873436,0.7081242203712463,0.19094929099082947,2
1838,nframe_07424,v40c_04514,0.1290442794561386,0.6570184826850891,0.2139372080564499,2
1839,nframe_07425,v40c_04514,0.12840455770492554,0.657712459564209,0.21388302743434906,2
1840,nframe_07426,v40c_04515,0.12777185440063477,0.6580979824066162,0.21413016319274902,2
1841,nframe_07427,v40c_04516,0.12839236855506897,0.6569628119468689,0.21464481949806213,2
1842,nframe_07428,v40c_04516,0.1289895474910736,0.6560941338539124,0.21491630375385284,2
1843,nframe_07429,v40c_04517,0.13049866259098053,0.6554901003837585,0.21401125192642212,2
1844,nframe_07430,v40c_04518,0.13180707395076752,0.657222330570221,0.21097061038017273,2
1845,nframe_07431,v40c_04519,0.13094045221805573,0.6592370867729187,0.20982247591018677,2
1846,nframe_07432,v40c_04520,0.13201825320720673,0.6581429243087769,0.2098388671875,2
1847,nframe_07433,v40c_04520,0.13267546892166138,0.6571260690689087,0.21019847691059113,2
1848,nframe_07434,v40c_04521,0.1340203434228897,0.6548385620117188,0.21114112436771393,2
1849,nframe_07435,v40c_04522,0.1351737529039383,0.6523386836051941,0.21248753368854523,2
1850,nframe_07436,v40c_04523,0.13496869802474976,0.6512435078620911,0.2137877196073532,2
1851,nframe_07437,v40c_04524,0.13416297733783722,0.6521373987197876,0.21369963884353638,2
1852,nframe_07438,v40c_04525,0.1369347721338272,0.6478700637817383,0.2151951640844345,2
1853,nframe_07439,v40c_04526,0.1413208544254303,0.6402381062507629,0.21844103932380676,2
1854,nframe_07440,v40c_04527,0.13781772553920746,0.6427062153816223,0.21947607398033142,2
1855,nframe_07441,v40c_04528,0.13600124418735504,0.6455641984939575,0.21843455731868744,2
1856,nframe_07442,v40c_04529,0.13486887514591217,0.6461095213890076,0.21902157366275787,2
1857,nframe_07443,v40c_04530,0.13491985201835632,0.6466440558433533,0.2184361219406128,2
1858,nframe_07444,v40c_04531,0.13518118858337402,0.6462892889976501,0.21852953732013702,2
1859,nframe_07445,v40c_04532,0.13470108807086945,0.6470282077789307,0.21827076375484467,2
1860,nframe_07446,v40c_04533,0.13417871296405792,0.6479678750038147,0.2178533375263214,2
1861,nframe_07447,v40c_04534,0.13294465839862823,0.6494704484939575,0.21758486330509186,2
1862,nframe_07448,v40c_04534,0.1326744109392166,0.6498127579689026,0.21751290559768677,2
1863,nframe_07449,v40c_04535,0.1324404925107956,0.6504825353622437,0.21707694232463837,2
1864,nframe_07450,v40c_04536,0.13045942783355713,0.6538096070289612,0.21573099493980408,2
1865,nframe_07451,v40c_04537,0.13523516058921814,0.6475904583930969,0.21717438101768494,2
1866,nframe_07452,v40c_04538,0.13612522184848785,0.6479936242103577,0.2158811390399933,2
1867,nframe_07453,v40c_04539,0.13781891763210297,0.6464161276817322,0.21576495468616486,2
1868,nframe_07454,v40c_04540,0.1377842277288437,0.6474279165267944,0.21478791534900665,2
1869,nframe_07455,v40c_04541,0.13878387212753296,0.6463331580162048,0.2148830145597458,2
1870,nframe_07456,v40c_04542,0.13814449310302734,0.6475957036018372,0.2142597883939743,2
1871,nframe_07457,v40c_04543,0.13781094551086426,0.6482927203178406,0.21389640867710114,2
1872,nframe_07458,v40c_04544,0.13712053000926971,0.6494359970092773,0.21344348788261414,2
1873,nframe_07459,v40c_04544,0.1352206915616989,0.6511550545692444,0.2136242836713791,2
1874,nframe_07460,v40c_04545,0.13281747698783875,0.6545945405960083,0.21258795261383057,2
1875,nframe_07461,v40c_04546,0.1332259327173233,0.6540448069572449,0.21272924542427063,2
1876,nframe_07462,v40c_04547,0.13319677114486694,0.6539413332939148,0.21286194026470184,2
1877,nframe_07463,v40c_04547,0.13323193788528442,0.6547029614448547,0.21206510066986084,2
1878,nframe_07464,v40c_04548,0.1349738985300064,0.6526675224304199,0.2123585045337677,2
1879,nframe_07465,v40c_04549,0.13496945798397064,0.6531525254249573,0.2118779569864273,2
1880,nframe_07466,v40c_04549,0.1357937753200531,0.6520662307739258,0.21213996410369873,2
1881,nframe_07467,v40c_04550,0.13806968927383423,0.6494865417480469,0.2124437689781189,2
1882,nframe_07468,v40c_04551,0.13800397515296936,0.6497812867164612,0.21221473813056946,2
1883,nframe_07469,v40c_04552,0.13758040964603424,0.6505643129348755,0.21185526251792908,2
1884,nframe_07470,v40c_04553,0.1358586847782135,0.6525740027427673,0.21156729757785797,2
1885,nframe_07471,v40c_04554,0.13461340963840485,0.6546293497085571,0.21075718104839325,2
1886,nframe_07472,v40c_04554,0.13588595390319824,0.653197705745697,0.21091635525226593,2
1887,nframe_07473,v40c_04555,0.13933426141738892,0.6499235033988953,0.2107422649860382,2
1888,nframe_07474,v40c_04556,0.13978968560695648,0.6503603458404541,0.2098499983549118,2
1889,nframe_07475,v40c_04557,0.14049449563026428,0.6495305299758911,0.2099749892950058,2
1890,nframe_07476,v40c_04558,0.14132604002952576,0.6490373611450195,0.2096365988254547,2
1891,nframe_07477,v40c_04556,0.14056764543056488,0.6500548720359802,0.2093774527311325,2
1892,nframe_07478,v40c_04556,0.14071491360664368,0.6494861841201782,0.2097989171743393,2
1893,nframe_07479,v40c_04556,0.1414538472890854,0.6493127942085266,0.20923340320587158,2
1894,nframe_07480,v40c_04559,0.14221413433551788,0.6487564444541931,0.2090294063091278,2
1895,nframe_07481,v40c_04559,0.14132681488990784,0.6499210000038147,0.20875218510627747,2
1896,nframe_07482,v40c_04560,0.14261670410633087,0.648333728313446,0.2090495526790619,2
1897,nframe_07483,v40c_04561,0.14826831221580505,0.6398746371269226,0.21185703575611115,2
1898,nframe_07484,v40c_04562,0.1400398463010788,0.6494573354721069,0.21050280332565308,2
1899,nframe_07485,v40c_04563,0.14278705418109894,0.6459416747093201,0.21127130091190338,2
1900,nframe_07486,v40c_04564,0.13775870203971863,0.6514782905578613,0.21076303720474243,2
1901,nframe_07487,v40c_04565,0.13964328169822693,0.6497740149497986,0.2105826884508133,2
1902,nframe_07488,v40c_04566,0.1451973170042038,0.6418741941452026,0.21292848885059357,2
1903,nframe_07489,v40c_04567,0.14574745297431946,0.6406413316726685,0.2136112004518509,2
1904,nframe_07490,v40c_04568,0.14462776482105255,0.6421524882316589,0.2132197618484497,2
1905,nframe_07491,v40c_04569,0.1419103741645813,0.6452698707580566,0.21281978487968445,2
1906,nframe_07492,v40c_04570,0.14563864469528198,0.6399886012077332,0.21437273919582367,2
1907,nframe_07493,v40c_04571,0.15164580941200256,0.6331931352615356,0.2151610255241394,2
1908,nframe_07494,v40c_04572,0.15539342164993286,0.6293617486953735,0.21524487435817719,2
1909,nframe_07495,v40c_04573,0.1543225198984146,0.631014347076416,0.21466314792633057,2
1910,nframe_07496,v40c_04574,0.1544337272644043,0.6307708621025085,0.21479536592960358,2
1911,nframe_07497,v40c_04575,0.15180569887161255,0.6348103284835815,0.21338395774364471,2
1912,nframe_07498,v40c_04576,0.15389497578144073,0.6319425106048584,0.21416248381137848,2
1913,nframe_07499,v40c_04577,0.15356816351413727,0.6320810317993164,0.21435075998306274,2
1914,nframe_07500,v40c_04578,0.15716490149497986,0.6276689767837524,0.2151661515235901,2
1915,nframe_07501,v40c_04579,0.1573798954486847,0.6277064681053162,0.21491365134716034,2
1916,nframe_07502,v40c_04580,0.15839074552059174,0.6265249252319336,0.21508431434631348,2
1917,nframe_07503,v40c_04581,0.1619756817817688,0.6220788359642029,0.2159455120563507,2
1918,nframe_07504,v40c_04582,0.16138966381549835,0.6225613951683044,0.2160489410161972,2
1919,nframe_07505,v40c_04583,0.15880946815013885,0.626388669013977,0.2148018479347229,2
1920,nframe_07506,v40c_04584,0.1607780009508133,0.624069094657898,0.21515296399593353,2
1921,nframe_07507,v40c_04585,0.15951845049858093,0.6255601048469543,0.2149214744567871,2
1922,nframe_07508,v40c_04585,0.15901386737823486,0.6255489587783813,0.2154371440410614,2
1923,nframe_07509,v40c_04586,0.16202716529369354,0.6216236352920532,0.21634919941425323,2
1924,nframe_07510,v40c_04587,0.15973049402236938,0.6246557831764221,0.2156137377023697,2
1925,nframe_07511,v40c_04587,0.1600886583328247,0.6233457922935486,0.21656553447246552,2
1926,nframe_07512,v40c_04588,0.15985383093357086,0.6235532164573669,0.2165929079055786,2
1927,nframe_07513,v40c_04589,0.1612710803747177,0.6215277910232544,0.21720117330551147,2
1928,nframe_07514,v40c_04590,0.15689966082572937,0.6273272633552551,0.2157730907201767,2
1929,nframe_07515,v40c_04591,0.1558770388364792,0.6284540891647339,0.21566887199878693,2
1930,nframe_07516,v40c_04591,0.15510280430316925,0.6293738484382629,0.215523362159729,2
1931,nframe_07517,v40c_04592,0.15700796246528625,0.6271311044692993,0.21586094796657562,2
1932,nframe_07518,v40c_04593,0.15436172485351562,0.6306694746017456,0.21496877074241638,2
1933,nframe_07519,v40c_04594,0.1539226472377777,0.6311864256858826,0.2148909568786621,2
1934,nframe_07520,v40c_04594,0.15485046803951263,0.6305678486824036,0.2145816683769226,2
1935,nframe_07521,v40c_04595,0.15241529047489166,0.6339350342750549,0.2136496901512146,2
1936,nframe_07522,v40c_04596,0.14807221293449402,0.6387114524841309,0.21321634948253632,2
1937,nframe_07523,v40c_04597,0.1465328335762024,0.6406189799308777,0.21284817159175873,2
1938,nframe_07524,v40c_04598,0.14523984491825104,0.6418318152427673,0.21292835474014282,2
1939,nframe_07525,v40c_04599,0.14592838287353516,0.6406584978103638,0.21341316401958466,2
1940,nframe_07526,v40c_04600,0.1471432000398636,0.6393131613731384,0.21354365348815918,2
1941,nframe_07527,v40c_04601,0.14604763686656952,0.6409145593643188,0.21303772926330566,2
1942,nframe_07528,v40c_04602,0.14499200880527496,0.6420959234237671,0.21291203796863556,2
1943,nframe_07529,v40c_04603,0.1479480117559433,0.6374824047088623,0.21456962823867798,2
1944,nframe_07530,v40c_04604,0.14893275499343872,0.6361152529716492,0.2149519920349121,2
1945,nframe_07531,v40c_04605,0.15006990730762482,0.6348799467086792,0.2150501161813736,2
1946,nframe_07532,v40c_04606,0.14859318733215332,0.6362841725349426,0.21512266993522644,2
1947,nframe_07533,v40c_04606,0.14824065566062927,0.6367766261100769,0.21498270332813263,2
1948,nframe_07534,v40c_04607,0.14989735186100006,0.6351048350334167,0.21499782800674438,2
1949,nframe_07535,v40c_04608,0.14962735772132874,0.6353941559791565,0.21497851610183716,2
1950,nframe_07536,v40c_04609,0.1510802060365677,0.6340653896331787,0.214854434132576,2
1951,nframe_07537,v40c_04610,0.1509106457233429,0.6346560120582581,0.21443329751491547,2
1952,nframe_07538,v40c_04611,0.15237803757190704,0.6329237222671509,0.2146981805562973,2
1953,nframe_07539,v40c_04612,0.1542339324951172,0.6302390694618225,0.2155270278453827,2
1954,nframe_07540,v40c_04613,0.1524999588727951,0.6320829391479492,0.21541711688041687,2
1955,nframe_07541,v40c_04613,0.1513257622718811,0.6335259079933167,0.21514827013015747,2
1956,nframe_07542,v40c_04614,0.15157392621040344,0.6325126886367798,0.21591337025165558,2
1957,nframe_07543,v40c_04615,0.1529887467622757,0.6303588151931763,0.21665248274803162,2
1958,nframe_07544,v40c_04616,0.1516142040491104,0.6313206553459167,0.21706517040729523,2
1959,nframe_07545,v40c_04617,0.15104657411575317,0.6313579678535461,0.21759548783302307,2
1960,nframe_07546,v40c_04617,0.15021495521068573,0.6323931813240051,0.21739189326763153,2
1961,nframe_07547,v40c_04618,0.14907294511795044,0.6332826018333435,0.21764449775218964,2
1962,nframe_07548,v40c_04619,0.14698269963264465,0.6345809698104858,0.2184363454580307,2
1963,nframe_07549,v40c_04620,0.14544513821601868,0.6352398991584778,0.21931494772434235,2
1964,nframe_07550,v40c_04621,0.1459679901599884,0.6333041191101074,0.22072790563106537,2
1965,nframe_07551,v40c_04622,0.1462523639202118,0.6325990557670593,0.22114861011505127,2
1966,nframe_07616,v40c_04649,0.1475132703781128,0.6288489103317261,0.22363784909248352,2
1967,nframe_07617,v40c_04650,0.1490340530872345,0.6269798874855042,0.22398604452610016,2
1968,nframe_07618,v40c_04651,0.1507810801267624,0.6246461272239685,0.2245727777481079,2
1969,nframe_07619,v40c_04652,0.15270237624645233,0.6218441724777222,0.2254534661769867,2
1970,nframe_07620,v40c_04653,0.15407977998256683,0.6199768781661987,0.22594331204891205,2
1971,nframe_07621,v40c_04654,0.15418803691864014,0.6207700371742249,0.22504200041294098,2
1972,nframe_07623,v40c_04655,0.1532931625843048,0.6212673187255859,0.22543951869010925,2
1973,nframe_07624,v40c_04656,0.1545688509941101,0.6203708648681641,0.22506028413772583,2
1974,nframe_07625,v40c_04656,0.15633933246135712,0.6179115772247314,0.22574909031391144,2
1975,nframe_07626,v40c_04657,0.15589065849781036,0.6175761818885803,0.22653315961360931,2
1976,nframe_07627,v40c_04658,0.15725353360176086,0.6152365803718567,0.22750990092754364,2
1977,nframe_07628,v40c_04658,0.15846295654773712,0.6136302947998047,0.22790679335594177,2
1978,nframe_07629,v40c_04658,0.16010960936546326,0.6107191443443298,0.2291712611913681,2
1979,nframe_07630,v40c_04658,0.16231240332126617,0.6081098914146423,0.22957776486873627,2
1980,nframe_07631,v40c_04659,0.166029691696167,0.6033375263214111,0.23063284158706665,2
1981,nframe_07632,v40c_04659,0.17075994610786438,0.5975326299667358,0.2317073494195938,2
1982,nframe_07633,v40c_04660,0.1756078600883484,0.5918981432914734,0.23249396681785583,2
1983,nframe_07634,v40c_04660,0.17763598263263702,0.5897545218467712,0.23260948061943054,2
1984,nframe_07635,v40c_04661,0.1825481653213501,0.5844462513923645,0.233005553483963,2
1985,nframe_07636,v40c_04662,0.18222136795520782,0.5845642685890198,0.2332143634557724,2
1986,nframe_07637,v40c_04663,0.1805303543806076,0.586584746837616,0.23288492858409882,2
1987,nframe_07638,v40c_04663,0.18217602372169495,0.5842230916023254,0.23360085487365723,2
1988,nframe_07639,v40c_04664,0.1806207001209259,0.5858136415481567,0.23356567323207855,2
1989,nframe_07640,v40c_04663,0.1787623018026352,0.58734530210495,0.23389235138893127,2
1990,nframe_07641,v40c_04665,0.17767365276813507,0.5886656641960144,0.2336607277393341,2
1991,nframe_07642,v40c_04666,0.1791495531797409,0.5861412882804871,0.23470914363861084,2
1992,nframe_07643,v40c_04667,0.17991343140602112,0.585498571395874,0.23458801209926605,2
1993,nframe_07644,v40c_04668,0.178260937333107,0.5891103148460388,0.2326287180185318,2
1994,nframe_07645,v40c_04669,0.17423173785209656,0.5947834253311157,0.2309848815202713,2
1995,nframe_07646,v40c_04670,0.17298951745033264,0.596550703048706,0.2304597944021225,2
1996,nframe_07647,v40c_04671,0.16887302696704865,0.6019023060798645,0.22922466695308685,2
1997,nframe_07648,v40c_04671,0.17123425006866455,0.5989933013916016,0.2297724485397339,2
1998,nframe_07649,v40c_04672,0.16947178542613983,0.6010664105415344,0.22946177423000336,2
1999,nframe_07650,v40c_04673,0.16658543050289154,0.6051853895187378,0.22822919487953186,2
2000,nframe_07651,v40c_04674,0.16365879774093628,0.6089374423027039,0.22740378975868225,2
2001,nframe_07652,v40c_04675,0.15769019722938538,0.6166675090789795,0.22564227879047394,2
2002,nframe_07653,v40c_04676,0.15401184558868408,0.6211458444595337,0.22484232485294342,2
2003,nframe_07654,v40c_04677,0.14979122579097748,0.6259489059448242,0.2242598831653595,2
2004,nframe_07655,v40c_04677,0.15173134207725525,0.6233314275741577,0.22493721544742584,2
2005,nframe_07656,v40c_04678,0.15072505176067352,0.6246910095214844,0.22458390891551971,2
2006,nframe_07657,v40c_04678,0.15031388401985168,0.6253690719604492,0.2243170589208603,2
2007,nframe_07658,v40c_04679,0.1472807079553604,0.6295270919799805,0.22319220006465912,2
2008,nframe_07659,v40c_04680,0.14574182033538818,0.6321514248847961,0.2221067249774933,2
2009,nframe_07660,v40c_04680,0.14572632312774658,0.6327579617500305,0.22151565551757812,2
2010,nframe_07661,v40c_04680,0.14504456520080566,0.6334496140480042,0.221505805850029,2
2011,nframe_07662,v40c_04681,0.14917495846748352,0.6275416016578674,0.22328348457813263,2
2012,nframe_07663,v40c_04682,0.1490539312362671,0.6257376074790955,0.22520847618579865,2
2013,nframe_07664,v40c_04683,0.14557115733623505,0.6305659413337708,0.22386287152767181,2
2014,nframe_07665,v40c_04684,0.14485415816307068,0.6312519311904907,0.2238939106464386,2
2015,nframe_07666,v40c_04685,0.14433971047401428,0.6313493847846985,0.22431086003780365,2
2016,nframe_07667,v40c_04686,0.1414562463760376,0.6362709999084473,0.22227273881435394,2
2017,nframe_07668,v40c_04687,0.14135615527629852,0.6368666291236877,0.22177721560001373,2
2018,nframe_07669,v40c_04688,0.13748164474964142,0.6428132653236389,0.21970510482788086,2
2019,nframe_07670,v40c_04689,0.13641682267189026,0.6444358825683594,0.21914733946323395,2
2020,nframe_07671,v40c_04690,0.1363677978515625,0.6441307663917542,0.21950145065784454,2
2021,nframe_07672,v40c_04691,0.1346416473388672,0.6467713713645935,0.2185869961977005,2
2022,nframe_07673,v40c_04692,0.1341964304447174,0.6475328207015991,0.21827073395252228,2
2023,nframe_07674,v40c_04693,0.13291165232658386,0.6489136219024658,0.2181747555732727,2
2024,nframe_07675,v40c_04694,0.13383184373378754,0.6473177671432495,0.21885037422180176,2
2025,nframe_07676,v40c_04695,0.13356906175613403,0.6477406620979309,0.21869029104709625,2
2026,nframe_07677,v40c_04696,0.13474874198436737,0.6460304856300354,0.21922080218791962,2
2027,nframe_07678,v40c_04696,0.134873628616333,0.6449223160743713,0.22020404040813446,2
2028,nframe_07679,v40c_04696,0.1353061944246292,0.6440038084983826,0.22068996727466583,2
2029,nframe_07680,v40c_04696,0.13557305932044983,0.6430659890174866,0.22136099636554718,2
2030,nframe_07681,v40c_04696,0.13660843670368195,0.6412519216537476,0.22213967144489288,2
2031,nframe_07682,v40c_04697,0.13537153601646423,0.6437946557998657,0.22083379328250885,2
2032,nframe_07683,v40c_04698,0.13502030074596405,0.6445561051368713,0.2204236090183258,2
2033,nframe_07684,v40c_04699,0.1366039514541626,0.642486572265625,0.2209094911813736,2
2034,nframe_07685,v40c_04700,0.13655626773834229,0.6429708003997803,0.22047291696071625,2
2035,nframe_07686,v40c_04701,0.1362045258283615,0.6438812017440796,0.21991422772407532,2
2036,nframe_07687,v40c_04701,0.13716934621334076,0.6424716114997864,0.22035899758338928,2
2037,nframe_07688,v40c_04701,0.13645896315574646,0.6429286599159241,0.2206123322248459,2
2038,nframe_07689,v40c_04702,0.1369701474905014,0.6425057053565979,0.2205241173505783,2
2039,nframe_07690,v40c_04703,0.13982531428337097,0.6387367248535156,0.2214379757642746,2
2040,nframe_07691,v40c_04704,0.14281867444515228,0.6341214776039124,0.22305986285209656,2
2041,nframe_07692,v40c_04704,0.14314329624176025,0.6336656808853149,0.2231910079717636,2
2042,nframe_07693,v40c_04704,0.14504067599773407,0.6317080855369568,0.22325120866298676,2
2043,nframe_07694,v40c_04705,0.145126074552536,0.6313630938529968,0.22351083159446716,2
2044,nframe_07695,v40c_04706,0.14673849940299988,0.6298359632492065,0.22342553734779358,2
2045,nframe_07696,v40c_04707,0.1468929499387741,0.6295188665390015,0.2235882580280304,2
2046,nframe_07697,v40c_04708,0.1462067812681198,0.6307997107505798,0.22299350798130035,2
2047,nframe_07698,v40c_04709,0.1471373438835144,0.629105269908905,0.22375734150409698,2
2048,nframe_07699,v40c_04709,0.14596132934093475,0.631103515625,0.22293518483638763,2
2049,nframe_07700,v40c_04710,0.1442641019821167,0.6340643763542175,0.22167152166366577,2
2050,nframe_07701,v40c_04711,0.14384369552135468,0.6352922916412354,0.22086398303508759,2
2051,nframe_07702,v40c_04712,0.14611117541790009,0.6316974759101868,0.22219128906726837,2
2052,nframe_07703,v40c_04713,0.14447849988937378,0.6345410346984863,0.22098053991794586,2
2053,nframe_07704,v40c_04714,0.14460815489292145,0.6347508430480957,0.22064106166362762,2
2054,nframe_07705,v40c_04715,0.14457085728645325,0.6348204612731934,0.22060862183570862,2
2055,nframe_07706,v40c_04716,0.1448695957660675,0.6339895129203796,0.22114084661006927,2
2056,nframe_07707,v40c_04717,0.14532345533370972,0.6325885057449341,0.22208809852600098,2
2057,nframe_07708,v40c_04718,0.14537250995635986,0.6322919130325317,0.22233551740646362,2
2058,nframe_07709,v40c_04719,0.14388184249401093,0.633816659450531,0.22230148315429688,2
2059,nframe_07710,v40c_04720,0.14306636154651642,0.6345904469490051,0.22234320640563965,2
2060,nframe_07711,v40c_04721,0.14309337735176086,0.6341192722320557,0.22278735041618347,2
2061,nframe_07712,v40c_04722,0.14205697178840637,0.6362407803535461,0.2217022180557251,2
2062,nframe_07713,v40c_04723,0.14170880615711212,0.6365618109703064,0.22172942757606506,2
2063,nframe_07714,v40c_04724,0.14091090857982635,0.6377496719360352,0.2213394194841385,2
2064,nframe_07715,v40c_04725,0.14085182547569275,0.6386294960975647,0.22051863372325897,2
2065,nframe_07716,v40c_04726,0.1395893394947052,0.6397528052330017,0.22065788507461548,2
2066,nframe_07717,v40c_04727,0.13758939504623413,0.6418037414550781,0.22060684859752655,2
2067,nframe_07718,v40c_04728,0.14107561111450195,0.6374431848526001,0.22148118913173676,2
2068,nframe_07719,v40c_04729,0.13922977447509766,0.6413314342498779,0.21943879127502441,2
2069,nframe_07720,v40c_04729,0.13948512077331543,0.641010582447052,0.21950431168079376,2
2070,nframe_07721,v40c_04730,0.13856467604637146,0.6424577236175537,0.21897760033607483,2
2071,nframe_07722,v40c_04731,0.13665679097175598,0.6450669765472412,0.21827629208564758,2
2072,nframe_07723,v40c_04732,0.13523052632808685,0.6469554305076599,0.21781399846076965,2
2073,nframe_07724,v40c_04733,0.13560253381729126,0.6472299098968506,0.21716761589050293,2
2074,nframe_07725,v40c_04734,0.1336149424314499,0.6505004167556763,0.21588467061519623,2
2075,nframe_07726,v40c_04735,0.1337464153766632,0.6502848267555237,0.21596874296665192,2
2076,nframe_07727,v40c_04736,0.13556236028671265,0.6460838317871094,0.21835383772850037,2
2077,nframe_07729,v40c_04737,0.1317943036556244,0.6537225842475891,0.2144831418991089,2
2078,nframe_07730,v40c_04738,0.12784452736377716,0.661050021648407,0.21110542118549347,2
2079,nframe_07731,v40c_04739,0.12923084199428558,0.6596308946609497,0.21113824844360352,2
2080,nframe_07732,v40c_04740,0.1313605159521103,0.6565060019493103,0.21213343739509583,2
2081,nframe_07733,v40c_04740,0.13091810047626495,0.6566900014877319,0.21239188313484192,2
2082,nframe_07734,v40c_04741,0.134774312376976,0.6511066555976868,0.2141190469264984,2
2083,nframe_07735,v40c_04742,0.13569532334804535,0.6496610641479492,0.21464356780052185,2
2084,nframe_07736,v40c_04743,0.13431786000728607,0.6512894630432129,0.21439266204833984,2
2085,nframe_07737,v40c_04744,0.14059552550315857,0.6434966921806335,0.2159077674150467,2
2086,nframe_07738,v40c_04745,0.14281755685806274,0.6405195593833923,0.21666288375854492,2
2087,nframe_07739,v40c_04746,0.14177599549293518,0.6417006254196167,0.21652339398860931,2
2088,nframe_07740,v40c_04747,0.1428300440311432,0.6401218771934509,0.21704807877540588,2
2089,nframe_07741,v40c_04748,0.14351119101047516,0.6391547918319702,0.21733403205871582,2
2090,nframe_07742,v40c_04749,0.14116013050079346,0.6424399614334106,0.21639986336231232,2
2091,nframe_07743,v40c_04750,0.13986878097057343,0.6443092823028564,0.21582187712192535,2
2092,nframe_07788,v40c_04763,0.13717259466648102,0.6427386999130249,0.22008872032165527,2
2093,nframe_07789,v40c_04763,0.1408313363790512,0.6389232277870178,0.22024546563625336,2
2094,nframe_07790,v40c_04763,0.14611104130744934,0.6326457262039185,0.2212432473897934,2
2095,nframe_07795,v40c_04768,0.15340694785118103,0.6276106834411621,0.21898239850997925,2
2096,nframe_07796,v40c_04768,0.15195102989673615,0.6297435760498047,0.21830540895462036,2
2097,nframe_07833,v40c_04796,0.11680252104997635,0.6759816408157349,0.20721577107906342,2
2098,nframe_07834,v40c_04796,0.11686813831329346,0.6759122610092163,0.20721960067749023,2
2099,nframe_07835,v40c_04796,0.11912810802459717,0.6718431711196899,0.20902878046035767,2
2100,nframe_07836,v40c_04796,0.11868670582771301,0.6720831990242004,0.20923012495040894,2
2101,nframe_07837,v40c_04796,0.11864731460809708,0.6716391444206238,0.20971357822418213,2
2102,nframe_07838,v40c_04796,0.11947596818208694,0.6707583665847778,0.20976565778255463,2
2103,nframe_07839,v40c_04796,0.12018217146396637,0.6697542071342468,0.210063636302948,2
2104,nframe_07840,v40c_04796,0.11893250048160553,0.6719919443130493,0.20907554030418396,2
2105,nframe_07841,v40c_04796,0.1202273815870285,0.6704997420310974,0.20927289128303528,2
2106,nframe_07842,v40c_04796,0.12065570801496506,0.6698528528213501,0.20949143171310425,2
2107,nframe_07843,v40c_04796,0.12201230973005295,0.6677294969558716,0.21025823056697845,2
2108,nframe_07844,v40c_04796,0.12440799921751022,0.6642422080039978,0.21134977042675018,2
2109,nframe_07911,v40c_04843,0.1357390582561493,0.6463595628738403,0.21790140867233276,2
2110,nframe_07912,v40c_04843,0.13595542311668396,0.6463569402694702,0.21768762171268463,2
2111,nframe_07913,v40c_04796,0.13404102623462677,0.6497310400009155,0.2162279188632965,2
2112,nframe_07914,v40c_04796,0.13508926331996918,0.6490375399589539,0.21587321162223816,2
2113,nframe_07915,v40c_04796,0.13602004945278168,0.648007869720459,0.21597212553024292,2
2114,nframe_07936,v40c_04846,0.12452695518732071,0.6635244488716125,0.21194858849048615,2
2115,nframe_07937,v40c_04847,0.12442798912525177,0.6637126207351685,0.21185939013957977,2
2116,nframe_07938,v40c_04848,0.12314263731241226,0.6651453375816345,0.21171201765537262,2
2117,nframe_07939,v40c_04849,0.12185972183942795,0.6670243740081787,0.21111594140529633,2
2118,nframe_07940,v40c_04850,0.1216261088848114,0.6676970720291138,0.21067680418491364,2
2119,nframe_07941,v40c_04851,0.12227697670459747,0.6674354076385498,0.21028760075569153,2
2120,nframe_07942,v40c_04851,0.1231587678194046,0.6661114692687988,0.21072979271411896,2
2121,nframe_07943,v40c_04852,0.12723654508590698,0.6579890847206116,0.21477437019348145,2
2122,nframe_07944,v40c_04853,0.1289367377758026,0.6557326316833496,0.21533064544200897,2
2123,nframe_07945,v40c_04854,0.1296893209218979,0.6544790863990784,0.21583157777786255,2
2124,nframe_07946,v40c_04855,0.13068503141403198,0.6525838971138,0.21673107147216797,2
2125,nframe_07947,v40c_04856,0.13013356924057007,0.6539345979690552,0.21593183279037476,2
2126,nframe_07948,v40c_04857,0.1307256668806076,0.6537235379219055,0.21555078029632568,2
2127,nframe_07949,v40c_04857,0.13542050123214722,0.6473626494407654,0.2172168493270874,2
2128,nframe_07950,v40c_04858,0.13864612579345703,0.6434873342514038,0.21786652505397797,2
2129,nframe_07951,v40c_04859,0.13917124271392822,0.640968918800354,0.21985986828804016,2
2130,nframe_07954,v40c_04860,0.14998741447925568,0.6263972520828247,0.223615363240242,2
2131,nframe_07955,v40c_04861,0.15189135074615479,0.6240551471710205,0.2240534871816635,2
2132,nframe_07956,v40c_04862,0.1515619158744812,0.6243536472320557,0.22408440709114075,2
2133,nframe_07957,v40c_04862,0.1517762839794159,0.6244778633117676,0.22374585270881653,2
2134,nframe_07958,v40c_04863,0.15179689228534698,0.6246457695960999,0.22355730831623077,2
2135,nframe_07959,v40c_04864,0.15009678900241852,0.6276137828826904,0.22228947281837463,2
2136,nframe_07960,v40c_04865,0.14978525042533875,0.6278663277626038,0.2223484367132187,2
2137,nframe_07961,v40c_04866,0.14910991489887238,0.6281742453575134,0.222715824842453,2
2138,nframe_07962,v40c_04867,0.1489579975605011,0.6287474036216736,0.22229459881782532,2
2139,nframe_07963,v40c_04868,0.14253531396389008,0.6388580203056335,0.21860672533512115,2
2140,nframe_07964,v40c_04868,0.1417587697505951,0.639701783657074,0.21853938698768616,2
2141,nframe_07965,v40c_04869,0.1363423615694046,0.6482968330383301,0.2153608649969101,2
2142,nframe_07966,v40c_04870,0.1329134702682495,0.6536813974380493,0.21340511739253998,2
2143,nframe_07967,v40c_04871,0.13395822048187256,0.652163565158844,0.21387816965579987,2
2144,nframe_07968,v40c_04872,0.1314515322446823,0.6552262902259827,0.2133222073316574,2
2145,nframe_07969,v40c_04873,0.13010744750499725,0.6559666395187378,0.21392592787742615,2
2146,nframe_07970,v40c_04874,0.13034440577030182,0.6552885174751282,0.21436703205108643,2
2147,nframe_07971,v40c_04874,0.12971334159374237,0.6560081839561462,0.21427848935127258,2
2148,nframe_07972,v40c_04875,0.12979759275913239,0.6552539467811584,0.21494850516319275,2
2149,nframe_07973,v40c_04876,0.1282084882259369,0.6570789813995361,0.21471254527568817,2
2150,nframe_07974,v40c_04876,0.12822389602661133,0.6567391753196716,0.21503691375255585,2
2151,nframe_07975,v40c_04877,0.1276281327009201,0.6571848392486572,0.21518708765506744,2
2152,nframe_07976,v40c_04878,0.12708531320095062,0.6575937867164612,0.21532085537910461,2
2153,nframe_07977,v40c_04879,0.12655307352542877,0.6588110327720642,0.21463587880134583,2
2154,nframe_07978,v40c_04880,0.12656040489673615,0.6586664319038391,0.21477320790290833,2
2155,nframe_07979,v40c_04881,0.12573249638080597,0.6590577363967896,0.21520981192588806,2
2156,nframe_07980,v40c_04882,0.12657341361045837,0.6576552391052246,0.2157713770866394,2
2157,nframe_07981,v40c_04883,0.13324588537216187,0.6488057971000671,0.2179483324289322,2
2158,nframe_07982,v40c_04884,0.13331514596939087,0.6480588316917419,0.2186260223388672,2
2159,nframe_07983,v40c_04885,0.1334114670753479,0.6476597785949707,0.218928724527359,2
2160,nframe_07984,v40c_04886,0.13274288177490234,0.6487996578216553,0.2184574455022812,2
2161,nframe_07985,v40c_04886,0.13290037214756012,0.6482570171356201,0.21884258091449738,2
2162,nframe_07986,v40c_04887,0.1330699473619461,0.6479032039642334,0.2190268635749817,2
2163,nframe_07987,v40c_04888,0.13181756436824799,0.6498544216156006,0.21832799911499023,2
2164,nframe_07988,v40c_04889,0.13117094337940216,0.6512471437454224,0.21758191287517548,2
2165,nframe_07989,v40c_04890,0.1306987702846527,0.6517102122306824,0.2175910323858261,2
2166,nframe_07990,v40c_04891,0.13033662736415863,0.6521746516227722,0.21748873591423035,2
2167,nframe_07991,v40c_04892,0.13331541419029236,0.6475961208343506,0.21908843517303467,2
2168,nframe_07992,v40c_04893,0.13455723226070404,0.6458346247673035,0.2196081578731537,2
2169,nframe_07993,v40c_04894,0.13373319804668427,0.6472492814064026,0.21901747584342957,2
2170,nframe_07994,v40c_04895,0.13360054790973663,0.6472632884979248,0.21913617849349976,2
2171,nframe_07995,v40c_04896,0.1329984813928604,0.6483392715454102,0.21866218745708466,2
2172,nframe_07996,v40c_04897,0.13318051397800446,0.6480326652526855,0.2187868356704712,2
2173,nframe_07997,v40c_04898,0.13218770921230316,0.6499518752098083,0.21786043047904968,2
2174,nframe_07998,v40c_04899,0.132421612739563,0.6501593589782715,0.2174190729856491,2
2175,nframe_07999,v40c_04900,0.13205336034297943,0.6510009169578552,0.21694572269916534,2
2176,nframe_08506,v40c_05100,0.18713261187076569,0.5885732173919678,0.22429417073726654,2
2177,nframe_09894,v40c_05490,0.09773710370063782,0.7086324691772461,0.19363050162792206,2
2178,nframe_09895,v40c_05490,0.09703853726387024,0.7055586576461792,0.19740279018878937,2
2179,nframe_09896,v40c_05490,0.0956999734044075,0.706320583820343,0.1979794204235077,2
2180,nframe_09920,v40c_05493,0.09258230030536652,0.7044156789779663,0.20300203561782837,2
2181,nframe_09921,v40c_05493,0.0928354263305664,0.7040190696716309,0.20314554870128632,2
2182,nframe_09922,v40c_05494,0.09331469982862473,0.7037307024002075,0.20295459032058716,2
2183,nframe_09923,v40c_05495,0.094345822930336,0.7021847367286682,0.2034694254398346,2
2184,nframe_09924,v40c_05496,0.09608948975801468,0.7003186345100403,0.20359186828136444,2
2185,nframe_09925,v40c_05497,0.09668713063001633,0.699832558631897,0.2034803330898285,2
2186,nframe_09926,v40c_05497,0.09601707756519318,0.7018112540245056,0.2021716982126236,2
2187,nframe_09927,v40c_05497,0.09587298333644867,0.7024247050285339,0.2017023116350174,2
2188,nframe_09928,v40c_05497,0.09534922987222672,0.7031418681144714,0.20150892436504364,2
2189,nframe_09929,v40c_05498,0.09558547288179398,0.7025978565216064,0.20181667804718018,2
2190,nframe_09930,v40c_05499,0.09483281522989273,0.7033901214599609,0.2017771154642105,2
2191,nframe_09931,v40c_05499,0.09635711461305618,0.7009598612785339,0.20268306136131287,2
2192,nframe_09932,v40c_05500,0.09614945948123932,0.7012321352958679,0.20261839032173157,2
2193,nframe_09933,v40c_05500,0.09623119235038757,0.7013080716133118,0.20246076583862305,2
2194,nframe_09934,v40c_05501,0.0968838706612587,0.7007610201835632,0.20235519111156464,2
2195,nframe_09935,v40c_05501,0.09819767624139786,0.698858380317688,0.20294396579265594,2
2196,nframe_09936,v40c_05501,0.09793522953987122,0.6995846629142761,0.20248013734817505,2
2197,nframe_09937,v40c_05501,0.09807048738002777,0.6994235515594482,0.20250597596168518,2
2198,nframe_09938,v40c_05501,0.09900952130556107,0.6984741687774658,0.20251625776290894,2
2199,nframe_09939,v40c_05502,0.10027017444372177,0.6968967914581299,0.20283304154872894,2
2200,nframe_09940,v40c_05503,0.09906318038702011,0.6988558769226074,0.20208097994327545,2
2201,nframe_09941,v40c_05504,0.09969832748174667,0.6980017423629761,0.20229990780353546,2
2202,nframe_09942,v40c_05505,0.09927846491336823,0.698601245880127,0.2021203190088272,2
2203,nframe_09943,v40c_05504,0.09863133728504181,0.6994711756706238,0.2018975019454956,2
2204,nframe_09944,v40c_05506,0.09894988685846329,0.699358344078064,0.20169179141521454,2
2205,nframe_09948,v40c_05507,0.09921308606863022,0.6989305019378662,0.20185637474060059,2
2206,nframe_09949,v40c_05507,0.09882163256406784,0.6998496651649475,0.20132873952388763,2
2207,nframe_09950,v40c_05508,0.09703376889228821,0.7026385068893433,0.20032770931720734,2
2208,nframe_09951,v40c_05508,0.09770355373620987,0.7017562985420227,0.2005401849746704,2
2209,nframe_09952,v40c_05508,0.0981755331158638,0.701074481010437,0.2007499486207962,2
2210,nframe_09953,v40c_05509,0.099108025431633,0.6995816230773926,0.20131029188632965,2
2211,nframe_09954,v40c_05510,0.09992658346891403,0.698069155216217,0.20200419425964355,2
2212,nframe_09956,v40c_05511,0.09872512519359589,0.7016478776931763,0.19962698221206665,2
