START train/ra_static_equal_seed0 2026-07-10T23:10:49+08:00
COMMAND C:\Users\xinnan\.conda\envs\pytorch\python.exe E:\RepViT-main\rarepdet\train_early_fusion.py --model ra_static_equal --data D:\download\triair --train-split E:\RepViT-main\reproducibility\v40_expanded_adjacency_component_split_v2\manifests\v40_expanded_adjacency_component_disjoint_train.txt --val-split E:\RepViT-main\reproducibility\v40_expanded_adjacency_component_split_v2\manifests\v40_expanded_adjacency_component_disjoint_val.txt --epochs 50 --batch-size 4 --img-size 640 --device cuda --lr 1e-4 --num-workers 0 --modality-dropout 0.00 --seed 0 --out E:\RepViT-main\runs\v48_complete_ablation\training\ra_static_equal_seed0
Using device: cuda
requested_seed: 0
deterministic_algorithms: warn_only
cudnn_deterministic: True
cudnn_benchmark: False
=== TriAirDataset Summary ===
data_root: D:\download\triair
image_dir: D:\download\triair\data\images
label_dir: D:\download\triair\data\labels
split_file: E:\RepViT-main\reproducibility\v40_expanded_adjacency_component_split_v2\manifests\v40_expanded_adjacency_component_disjoint_train.txt
mode: rgbte
channels: (0, 1, 2, 3, 4)
total images: 7439
images with label txt: 7011
images without label txt: 428
empty label txt files: 1
total boxes: 22480
class distribution:
  class 0: 22480
=== TriAirDataset Summary ===
data_root: D:\download\triair
image_dir: D:\download\triair\data\images
label_dir: D:\download\triair\data\labels
split_file: E:\RepViT-main\reproducibility\v40_expanded_adjacency_component_split_v2\manifests\v40_expanded_adjacency_component_disjoint_val.txt
mode: rgbte
channels: (0, 1, 2, 3, 4)
total images: 2213
images with label txt: 1971
images without label txt: 242
empty label txt files: 0
total boxes: 5867
class distribution:
  class 0: 5867
train samples: 7439
val samples: 2213
params: 6592458
gflops: skipped (no project-compatible detector GFLOPs helper wired yet)
total train iterations per epoch: 1860
epoch 1/50 iter 1/1860 loss=2.7967 mean_loss=2.7967 classification=1.1382, bbox_regression=0.9982, bbox_ctrness=0.6603
epoch 1/50 iter 20/1860 loss=2.1172 mean_loss=2.7659 classification=0.7360, bbox_regression=0.7368, bbox_ctrness=0.6444
epoch 1/50 iter 40/1860 loss=2.0626 mean_loss=2.4518 classification=0.8227, bbox_regression=0.5583, bbox_ctrness=0.6815
epoch 1/50 iter 60/1860 loss=2.0682 mean_loss=2.3005 classification=0.7738, bbox_regression=0.6521, bbox_ctrness=0.6423
epoch 1/50 iter 80/1860 loss=1.8194 mean_loss=2.2133 classification=0.6930, bbox_regression=0.4623, bbox_ctrness=0.6641
epoch 1/50 iter 100/1860 loss=1.7655 mean_loss=2.1318 classification=0.6127, bbox_regression=0.4877, bbox_ctrness=0.6651
epoch 1/50 iter 120/1860 loss=1.7571 mean_loss=2.0551 classification=0.6434, bbox_regression=0.4730, bbox_ctrness=0.6407
epoch 1/50 iter 140/1860 loss=1.6897 mean_loss=1.9892 classification=0.6072, bbox_regression=0.4436, bbox_ctrness=0.6388
epoch 1/50 iter 160/1860 loss=1.6006 mean_loss=1.9373 classification=0.5284, bbox_regression=0.4237, bbox_ctrness=0.6485
epoch 1/50 iter 180/1860 loss=1.3632 mean_loss=1.8930 classification=0.3601, bbox_regression=0.3486, bbox_ctrness=0.6546
epoch 1/50 iter 200/1860 loss=1.4130 mean_loss=1.8505 classification=0.3588, bbox_regression=0.3882, bbox_ctrness=0.6659
epoch 1/50 iter 220/1860 loss=1.5499 mean_loss=1.8112 classification=0.4406, bbox_regression=0.4478, bbox_ctrness=0.6616
epoch 1/50 iter 240/1860 loss=1.3927 mean_loss=1.7812 classification=0.3597, bbox_regression=0.3968, bbox_ctrness=0.6361
epoch 1/50 iter 260/1860 loss=1.2835 mean_loss=1.7516 classification=0.2976, bbox_regression=0.3615, bbox_ctrness=0.6244
epoch 1/50 iter 280/1860 loss=1.3834 mean_loss=1.7281 classification=0.3816, bbox_regression=0.3871, bbox_ctrness=0.6146
epoch 1/50 iter 300/1860 loss=1.4085 mean_loss=1.7006 classification=0.3816, bbox_regression=0.3897, bbox_ctrness=0.6372
epoch 1/50 iter 320/1860 loss=1.5063 mean_loss=1.6792 classification=0.4368, bbox_regression=0.4133, bbox_ctrness=0.6563
epoch 1/50 iter 340/1860 loss=1.4753 mean_loss=1.6605 classification=0.4072, bbox_regression=0.4123, bbox_ctrness=0.6558
epoch 1/50 iter 360/1860 loss=1.2668 mean_loss=1.6413 classification=0.3092, bbox_regression=0.3313, bbox_ctrness=0.6263
epoch 1/50 iter 380/1860 loss=1.2367 mean_loss=1.6225 classification=0.3487, bbox_regression=0.2593, bbox_ctrness=0.6287
epoch 1/50 iter 400/1860 loss=1.2742 mean_loss=1.6057 classification=0.3629, bbox_regression=0.2777, bbox_ctrness=0.6336
epoch 1/50 iter 420/1860 loss=1.2279 mean_loss=1.5923 classification=0.2969, bbox_regression=0.3071, bbox_ctrness=0.6240
epoch 1/50 iter 440/1860 loss=1.2951 mean_loss=1.5782 classification=0.3525, bbox_regression=0.3021, bbox_ctrness=0.6406
epoch 1/50 iter 460/1860 loss=1.2015 mean_loss=1.5661 classification=0.2528, bbox_regression=0.3145, bbox_ctrness=0.6342
epoch 1/50 iter 480/1860 loss=1.2207 mean_loss=1.5538 classification=0.2955, bbox_regression=0.3020, bbox_ctrness=0.6232
epoch 1/50 iter 500/1860 loss=1.1141 mean_loss=1.5415 classification=0.2651, bbox_regression=0.2306, bbox_ctrness=0.6185
epoch 1/50 iter 520/1860 loss=1.3700 mean_loss=1.5297 classification=0.3567, bbox_regression=0.3657, bbox_ctrness=0.6476
epoch 1/50 iter 540/1860 loss=1.2443 mean_loss=1.5202 classification=0.3324, bbox_regression=0.2779, bbox_ctrness=0.6340
epoch 1/50 iter 560/1860 loss=1.3612 mean_loss=1.5101 classification=0.4083, bbox_regression=0.3365, bbox_ctrness=0.6164
epoch 1/50 iter 580/1860 loss=1.2616 mean_loss=1.4998 classification=0.3324, bbox_regression=0.3058, bbox_ctrness=0.6233
epoch 1/50 iter 600/1860 loss=1.2439 mean_loss=1.4908 classification=0.3143, bbox_regression=0.2801, bbox_ctrness=0.6496
epoch 1/50 iter 620/1860 loss=1.1506 mean_loss=1.4815 classification=0.2536, bbox_regression=0.2782, bbox_ctrness=0.6188
epoch 1/50 iter 640/1860 loss=1.1731 mean_loss=1.4740 classification=0.2678, bbox_regression=0.2774, bbox_ctrness=0.6280
epoch 1/50 iter 660/1860 loss=1.1929 mean_loss=1.4648 classification=0.2857, bbox_regression=0.2827, bbox_ctrness=0.6245
epoch 1/50 iter 680/1860 loss=1.2104 mean_loss=1.4580 classification=0.2797, bbox_regression=0.2942, bbox_ctrness=0.6366
epoch 1/50 iter 700/1860 loss=1.2167 mean_loss=1.4508 classification=0.2993, bbox_regression=0.2865, bbox_ctrness=0.6309
epoch 1/50 iter 720/1860 loss=1.1911 mean_loss=1.4423 classification=0.2941, bbox_regression=0.2694, bbox_ctrness=0.6275
epoch 1/50 iter 740/1860 loss=1.1731 mean_loss=1.4351 classification=0.2644, bbox_regression=0.2984, bbox_ctrness=0.6103
epoch 1/50 iter 760/1860 loss=1.1150 mean_loss=1.4296 classification=0.2132, bbox_regression=0.2636, bbox_ctrness=0.6382
epoch 1/50 iter 780/1860 loss=1.2049 mean_loss=1.4222 classification=0.2629, bbox_regression=0.3106, bbox_ctrness=0.6314
epoch 1/50 iter 800/1860 loss=1.2560 mean_loss=1.4156 classification=0.2979, bbox_regression=0.3264, bbox_ctrness=0.6316
epoch 1/50 iter 820/1860 loss=1.3495 mean_loss=1.4094 classification=0.3832, bbox_regression=0.3238, bbox_ctrness=0.6425
epoch 1/50 iter 840/1860 loss=1.0532 mean_loss=1.4034 classification=0.2189, bbox_regression=0.2132, bbox_ctrness=0.6211
epoch 1/50 iter 860/1860 loss=1.0522 mean_loss=1.3976 classification=0.2256, bbox_regression=0.2139, bbox_ctrness=0.6127
epoch 1/50 iter 880/1860 loss=1.0205 mean_loss=1.3924 classification=0.1865, bbox_regression=0.2006, bbox_ctrness=0.6334
epoch 1/50 iter 900/1860 loss=1.0934 mean_loss=1.3865 classification=0.2703, bbox_regression=0.2221, bbox_ctrness=0.6010
epoch 1/50 iter 920/1860 loss=1.1165 mean_loss=1.3804 classification=0.2690, bbox_regression=0.2235, bbox_ctrness=0.6240
epoch 1/50 iter 940/1860 loss=1.1063 mean_loss=1.3752 classification=0.2448, bbox_regression=0.2456, bbox_ctrness=0.6159
epoch 1/50 iter 960/1860 loss=1.2081 mean_loss=1.3699 classification=0.3182, bbox_regression=0.2574, bbox_ctrness=0.6326
epoch 1/50 iter 980/1860 loss=1.1354 mean_loss=1.3651 classification=0.2720, bbox_regression=0.2377, bbox_ctrness=0.6257
epoch 1/50 iter 1000/1860 loss=1.1730 mean_loss=1.3603 classification=0.2779, bbox_regression=0.2727, bbox_ctrness=0.6224
epoch 1/50 iter 1020/1860 loss=1.1014 mean_loss=1.3559 classification=0.2775, bbox_regression=0.2171, bbox_ctrness=0.6068
epoch 1/50 iter 1040/1860 loss=1.1433 mean_loss=1.3517 classification=0.2604, bbox_regression=0.2490, bbox_ctrness=0.6340
epoch 1/50 iter 1060/1860 loss=0.9752 mean_loss=1.3473 classification=0.1971, bbox_regression=0.1645, bbox_ctrness=0.6136
epoch 1/50 iter 1080/1860 loss=1.1542 mean_loss=1.3429 classification=0.2427, bbox_regression=0.2698, bbox_ctrness=0.6418
epoch 1/50 iter 1100/1860 loss=1.0284 mean_loss=1.3388 classification=0.1977, bbox_regression=0.2013, bbox_ctrness=0.6294
epoch 1/50 iter 1120/1860 loss=1.2067 mean_loss=1.3352 classification=0.3177, bbox_regression=0.2684, bbox_ctrness=0.6205
epoch 1/50 iter 1140/1860 loss=1.1970 mean_loss=1.3314 classification=0.3387, bbox_regression=0.2361, bbox_ctrness=0.6222
epoch 1/50 iter 1160/1860 loss=1.1118 mean_loss=1.3271 classification=0.2607, bbox_regression=0.2285, bbox_ctrness=0.6225
epoch 1/50 iter 1180/1860 loss=1.0301 mean_loss=1.3229 classification=0.2018, bbox_regression=0.2149, bbox_ctrness=0.6134
epoch 1/50 iter 1200/1860 loss=1.0418 mean_loss=1.3193 classification=0.1921, bbox_regression=0.2234, bbox_ctrness=0.6262
epoch 1/50 iter 1220/1860 loss=1.1908 mean_loss=1.3153 classification=0.2673, bbox_regression=0.2918, bbox_ctrness=0.6317
epoch 1/50 iter 1240/1860 loss=1.1245 mean_loss=1.3121 classification=0.2456, bbox_regression=0.2532, bbox_ctrness=0.6257
epoch 1/50 iter 1260/1860 loss=1.0120 mean_loss=1.3083 classification=0.1787, bbox_regression=0.2378, bbox_ctrness=0.5955
epoch 1/50 iter 1280/1860 loss=0.9658 mean_loss=1.3048 classification=0.1689, bbox_regression=0.1826, bbox_ctrness=0.6143
epoch 1/50 iter 1300/1860 loss=1.1181 mean_loss=1.3010 classification=0.2341, bbox_regression=0.2776, bbox_ctrness=0.6064
epoch 1/50 iter 1320/1860 loss=0.9493 mean_loss=1.2971 classification=0.1279, bbox_regression=0.2068, bbox_ctrness=0.6146
epoch 1/50 iter 1340/1860 loss=1.0911 mean_loss=1.2938 classification=0.2647, bbox_regression=0.2169, bbox_ctrness=0.6095
epoch 1/50 iter 1360/1860 loss=0.9962 mean_loss=1.2911 classification=0.1944, bbox_regression=0.1745, bbox_ctrness=0.6273
epoch 1/50 iter 1380/1860 loss=1.1401 mean_loss=1.2879 classification=0.2857, bbox_regression=0.2448, bbox_ctrness=0.6096
epoch 1/50 iter 1400/1860 loss=0.9949 mean_loss=1.2846 classification=0.1750, bbox_regression=0.1879, bbox_ctrness=0.6320
epoch 1/50 iter 1420/1860 loss=1.0950 mean_loss=1.2819 classification=0.2478, bbox_regression=0.2159, bbox_ctrness=0.6312
epoch 1/50 iter 1440/1860 loss=1.0038 mean_loss=1.2789 classification=0.1596, bbox_regression=0.2187, bbox_ctrness=0.6255
epoch 1/50 iter 1460/1860 loss=0.9908 mean_loss=1.2758 classification=0.1790, bbox_regression=0.2057, bbox_ctrness=0.6061
epoch 1/50 iter 1480/1860 loss=1.0516 mean_loss=1.2732 classification=0.2337, bbox_regression=0.2025, bbox_ctrness=0.6154
epoch 1/50 iter 1500/1860 loss=1.0110 mean_loss=1.2699 classification=0.2094, bbox_regression=0.1938, bbox_ctrness=0.6078
epoch 1/50 iter 1520/1860 loss=1.1494 mean_loss=1.2672 classification=0.3149, bbox_regression=0.1994, bbox_ctrness=0.6351
epoch 1/50 iter 1540/1860 loss=1.1146 mean_loss=1.2647 classification=0.2643, bbox_regression=0.2359, bbox_ctrness=0.6143
epoch 1/50 iter 1560/1860 loss=1.0015 mean_loss=1.2617 classification=0.1986, bbox_regression=0.1906, bbox_ctrness=0.6123
epoch 1/50 iter 1580/1860 loss=0.9511 mean_loss=1.2591 classification=0.1663, bbox_regression=0.1678, bbox_ctrness=0.6170
epoch 1/50 iter 1600/1860 loss=1.0026 mean_loss=1.2568 classification=0.2076, bbox_regression=0.1900, bbox_ctrness=0.6051
epoch 1/50 iter 1620/1860 loss=0.9761 mean_loss=1.2551 classification=0.1976, bbox_regression=0.1531, bbox_ctrness=0.6254
epoch 1/50 iter 1640/1860 loss=1.0428 mean_loss=1.2523 classification=0.2313, bbox_regression=0.2070, bbox_ctrness=0.6044
epoch 1/50 iter 1660/1860 loss=0.9891 mean_loss=1.2494 classification=0.1779, bbox_regression=0.1871, bbox_ctrness=0.6241
epoch 1/50 iter 1680/1860 loss=1.0880 mean_loss=1.2472 classification=0.2272, bbox_regression=0.2385, bbox_ctrness=0.6223
epoch 1/50 iter 1700/1860 loss=0.9656 mean_loss=1.2448 classification=0.1720, bbox_regression=0.1946, bbox_ctrness=0.5990
epoch 1/50 iter 1720/1860 loss=0.9109 mean_loss=1.2427 classification=0.1513, bbox_regression=0.1578, bbox_ctrness=0.6018
epoch 1/50 iter 1740/1860 loss=1.1320 mean_loss=1.2405 classification=0.2662, bbox_regression=0.2364, bbox_ctrness=0.6294
epoch 1/50 iter 1760/1860 loss=1.1202 mean_loss=1.2378 classification=0.2753, bbox_regression=0.2274, bbox_ctrness=0.6175
epoch 1/50 iter 1780/1860 loss=1.2219 mean_loss=1.2356 classification=0.3749, bbox_regression=0.2273, bbox_ctrness=0.6196
epoch 1/50 iter 1800/1860 loss=1.0042 mean_loss=1.2334 classification=0.1638, bbox_regression=0.2267, bbox_ctrness=0.6136
epoch 1/50 iter 1820/1860 loss=1.0280 mean_loss=1.2312 classification=0.2107, bbox_regression=0.2119, bbox_ctrness=0.6054
epoch 1/50 iter 1840/1860 loss=1.0547 mean_loss=1.2295 classification=0.1921, bbox_regression=0.2360, bbox_ctrness=0.6267
epoch 1/50 iter 1860/1860 loss=1.0413 mean_loss=1.2272 classification=0.2303, bbox_regression=0.1896, bbox_ctrness=0.6214
epoch 1 validation Precision=0.0611 Recall=0.9795 AP50=0.8619 AP75=0.5708 eval_fps=18.77 epoch_time_sec=907.3
saved checkpoint: E:\RepViT-main\runs\v48_complete_ablation\training\ra_static_equal_seed0\weights\last.pt
new best AP50=0.8619; saved checkpoint: E:\RepViT-main\runs\v48_complete_ablation\training\ra_static_equal_seed0\weights\best.pt
epoch 2/50 iter 1/1860 loss=1.1306 mean_loss=1.1306 classification=0.2355, bbox_regression=0.2750, bbox_ctrness=0.6201
epoch 2/50 iter 20/1860 loss=1.2247 mean_loss=0.9819 classification=0.3190, bbox_regression=0.2797, bbox_ctrness=0.6260
epoch 2/50 iter 40/1860 loss=0.9519 mean_loss=1.0052 classification=0.1549, bbox_regression=0.1789, bbox_ctrness=0.6181
epoch 2/50 iter 60/1860 loss=1.1050 mean_loss=1.0106 classification=0.1980, bbox_regression=0.2653, bbox_ctrness=0.6417
epoch 2/50 iter 80/1860 loss=1.0970 mean_loss=1.0099 classification=0.2459, bbox_regression=0.2283, bbox_ctrness=0.6228
epoch 2/50 iter 100/1860 loss=0.8846 mean_loss=1.0110 classification=0.1281, bbox_regression=0.1385, bbox_ctrness=0.6179
epoch 2/50 iter 120/1860 loss=1.0074 mean_loss=1.0085 classification=0.1959, bbox_regression=0.1922, bbox_ctrness=0.6193
epoch 2/50 iter 140/1860 loss=0.9117 mean_loss=1.0085 classification=0.1382, bbox_regression=0.1523, bbox_ctrness=0.6213
epoch 2/50 iter 160/1860 loss=0.9960 mean_loss=1.0060 classification=0.1560, bbox_regression=0.2194, bbox_ctrness=0.6205
epoch 2/50 iter 180/1860 loss=1.0159 mean_loss=1.0015 classification=0.2022, bbox_regression=0.2035, bbox_ctrness=0.6102
epoch 2/50 iter 200/1860 loss=0.9536 mean_loss=1.0024 classification=0.1730, bbox_regression=0.1735, bbox_ctrness=0.6071
epoch 2/50 iter 220/1860 loss=0.9074 mean_loss=1.0026 classification=0.1468, bbox_regression=0.1673, bbox_ctrness=0.5934
epoch 2/50 iter 240/1860 loss=1.0678 mean_loss=1.0035 classification=0.2268, bbox_regression=0.2204, bbox_ctrness=0.6206
epoch 2/50 iter 260/1860 loss=0.9767 mean_loss=1.0031 classification=0.1703, bbox_regression=0.2002, bbox_ctrness=0.6063
epoch 2/50 iter 280/1860 loss=0.9320 mean_loss=1.0029 classification=0.1374, bbox_regression=0.1681, bbox_ctrness=0.6265
epoch 2/50 iter 300/1860 loss=1.1489 mean_loss=0.9993 classification=0.3553, bbox_regression=0.1758, bbox_ctrness=0.6178
epoch 2/50 iter 320/1860 loss=1.0306 mean_loss=0.9983 classification=0.2239, bbox_regression=0.1841, bbox_ctrness=0.6226
epoch 2/50 iter 340/1860 loss=1.0259 mean_loss=1.0000 classification=0.2131, bbox_regression=0.2117, bbox_ctrness=0.6011
epoch 2/50 iter 360/1860 loss=1.0995 mean_loss=0.9992 classification=0.2371, bbox_regression=0.2431, bbox_ctrness=0.6192
epoch 2/50 iter 380/1860 loss=0.9920 mean_loss=0.9969 classification=0.1825, bbox_regression=0.1952, bbox_ctrness=0.6142
epoch 2/50 iter 400/1860 loss=0.9123 mean_loss=0.9979 classification=0.1455, bbox_regression=0.1510, bbox_ctrness=0.6158
epoch 2/50 iter 420/1860 loss=0.9962 mean_loss=0.9973 classification=0.1928, bbox_regression=0.1733, bbox_ctrness=0.6301
epoch 2/50 iter 440/1860 loss=0.9607 mean_loss=0.9973 classification=0.1859, bbox_regression=0.1681, bbox_ctrness=0.6067
epoch 2/50 iter 460/1860 loss=0.9456 mean_loss=0.9955 classification=0.1671, bbox_regression=0.1546, bbox_ctrness=0.6239
epoch 2/50 iter 480/1860 loss=0.9586 mean_loss=0.9938 classification=0.1693, bbox_regression=0.1822, bbox_ctrness=0.6071
epoch 2/50 iter 500/1860 loss=0.9973 mean_loss=0.9937 classification=0.1749, bbox_regression=0.1997, bbox_ctrness=0.6226
epoch 2/50 iter 520/1860 loss=1.0114 mean_loss=0.9929 classification=0.1945, bbox_regression=0.2037, bbox_ctrness=0.6131
epoch 2/50 iter 540/1860 loss=0.9098 mean_loss=0.9914 classification=0.1506, bbox_regression=0.1625, bbox_ctrness=0.5967
epoch 2/50 iter 560/1860 loss=0.9178 mean_loss=0.9902 classification=0.1374, bbox_regression=0.1597, bbox_ctrness=0.6207
epoch 2/50 iter 580/1860 loss=0.8976 mean_loss=0.9891 classification=0.1237, bbox_regression=0.1485, bbox_ctrness=0.6254
epoch 2/50 iter 600/1860 loss=0.9099 mean_loss=0.9881 classification=0.1381, bbox_regression=0.1562, bbox_ctrness=0.6155
epoch 2/50 iter 620/1860 loss=0.9240 mean_loss=0.9885 classification=0.1693, bbox_regression=0.1581, bbox_ctrness=0.5966
epoch 2/50 iter 640/1860 loss=1.1869 mean_loss=0.9873 classification=0.2537, bbox_regression=0.3047, bbox_ctrness=0.6285
epoch 2/50 iter 660/1860 loss=0.9033 mean_loss=0.9859 classification=0.1379, bbox_regression=0.1552, bbox_ctrness=0.6102
epoch 2/50 iter 680/1860 loss=0.8877 mean_loss=0.9869 classification=0.1716, bbox_regression=0.1363, bbox_ctrness=0.5798
epoch 2/50 iter 700/1860 loss=0.9443 mean_loss=0.9869 classification=0.1772, bbox_regression=0.1713, bbox_ctrness=0.5957
epoch 2/50 iter 720/1860 loss=0.9127 mean_loss=0.9862 classification=0.1478, bbox_regression=0.1682, bbox_ctrness=0.5967
epoch 2/50 iter 740/1860 loss=0.9324 mean_loss=0.9852 classification=0.1648, bbox_regression=0.1595, bbox_ctrness=0.6081
epoch 2/50 iter 760/1860 loss=0.8812 mean_loss=0.9848 classification=0.1387, bbox_regression=0.1315, bbox_ctrness=0.6110
epoch 2/50 iter 780/1860 loss=0.9254 mean_loss=0.9840 classification=0.1509, bbox_regression=0.1472, bbox_ctrness=0.6273
epoch 2/50 iter 800/1860 loss=0.9034 mean_loss=0.9831 classification=0.1314, bbox_regression=0.1506, bbox_ctrness=0.6214
epoch 2/50 iter 820/1860 loss=0.8681 mean_loss=0.9813 classification=0.1386, bbox_regression=0.1249, bbox_ctrness=0.6047
epoch 2/50 iter 840/1860 loss=0.9547 mean_loss=0.9805 classification=0.1573, bbox_regression=0.1818, bbox_ctrness=0.6155
epoch 2/50 iter 860/1860 loss=1.0455 mean_loss=0.9803 classification=0.2369, bbox_regression=0.1857, bbox_ctrness=0.6229
epoch 2/50 iter 880/1860 loss=1.0063 mean_loss=0.9798 classification=0.2201, bbox_regression=0.1874, bbox_ctrness=0.5988
epoch 2/50 iter 900/1860 loss=0.9520 mean_loss=0.9794 classification=0.1925, bbox_regression=0.1555, bbox_ctrness=0.6041
epoch 2/50 iter 920/1860 loss=0.9141 mean_loss=0.9783 classification=0.1532, bbox_regression=0.1559, bbox_ctrness=0.6050
epoch 2/50 iter 940/1860 loss=1.0891 mean_loss=0.9783 classification=0.2799, bbox_regression=0.2030, bbox_ctrness=0.6061
epoch 2/50 iter 960/1860 loss=0.8892 mean_loss=0.9774 classification=0.1336, bbox_regression=0.1403, bbox_ctrness=0.6153
epoch 2/50 iter 980/1860 loss=0.8936 mean_loss=0.9771 classification=0.1329, bbox_regression=0.1450, bbox_ctrness=0.6157
epoch 2/50 iter 1000/1860 loss=0.9319 mean_loss=0.9763 classification=0.1484, bbox_regression=0.1704, bbox_ctrness=0.6131
epoch 2/50 iter 1020/1860 loss=1.0023 mean_loss=0.9752 classification=0.1910, bbox_regression=0.1846, bbox_ctrness=0.6268
epoch 2/50 iter 1040/1860 loss=0.9917 mean_loss=0.9755 classification=0.2242, bbox_regression=0.1445, bbox_ctrness=0.6230
epoch 2/50 iter 1060/1860 loss=0.8578 mean_loss=0.9756 classification=0.1111, bbox_regression=0.1415, bbox_ctrness=0.6052
epoch 2/50 iter 1080/1860 loss=0.9245 mean_loss=0.9754 classification=0.1736, bbox_regression=0.1508, bbox_ctrness=0.6001
epoch 2/50 iter 1100/1860 loss=0.8891 mean_loss=0.9744 classification=0.1225, bbox_regression=0.1577, bbox_ctrness=0.6088
epoch 2/50 iter 1120/1860 loss=1.0074 mean_loss=0.9740 classification=0.1957, bbox_regression=0.2001, bbox_ctrness=0.6117
epoch 2/50 iter 1140/1860 loss=1.0241 mean_loss=0.9737 classification=0.2049, bbox_regression=0.1971, bbox_ctrness=0.6221
epoch 2/50 iter 1160/1860 loss=0.9940 mean_loss=0.9737 classification=0.1844, bbox_regression=0.1883, bbox_ctrness=0.6214
epoch 2/50 iter 1180/1860 loss=0.9288 mean_loss=0.9727 classification=0.1317, bbox_regression=0.1818, bbox_ctrness=0.6154
epoch 2/50 iter 1200/1860 loss=0.9450 mean_loss=0.9721 classification=0.1682, bbox_regression=0.1624, bbox_ctrness=0.6145
epoch 2/50 iter 1220/1860 loss=0.8254 mean_loss=0.9715 classification=0.0998, bbox_regression=0.1225, bbox_ctrness=0.6030
epoch 2/50 iter 1240/1860 loss=1.0016 mean_loss=0.9716 classification=0.1884, bbox_regression=0.2053, bbox_ctrness=0.6079
epoch 2/50 iter 1260/1860 loss=0.9488 mean_loss=0.9722 classification=0.1445, bbox_regression=0.1868, bbox_ctrness=0.6175
epoch 2/50 iter 1280/1860 loss=0.8536 mean_loss=0.9721 classification=0.1120, bbox_regression=0.1480, bbox_ctrness=0.5936
epoch 2/50 iter 1300/1860 loss=0.9681 mean_loss=0.9715 classification=0.1601, bbox_regression=0.1905, bbox_ctrness=0.6175
epoch 2/50 iter 1320/1860 loss=1.0493 mean_loss=0.9708 classification=0.2296, bbox_regression=0.2083, bbox_ctrness=0.6114
epoch 2/50 iter 1340/1860 loss=0.8809 mean_loss=0.9701 classification=0.1104, bbox_regression=0.1616, bbox_ctrness=0.6089
epoch 2/50 iter 1360/1860 loss=0.8313 mean_loss=0.9695 classification=0.0972, bbox_regression=0.1176, bbox_ctrness=0.6166
epoch 2/50 iter 1380/1860 loss=1.1409 mean_loss=0.9689 classification=0.2878, bbox_regression=0.2360, bbox_ctrness=0.6171
epoch 2/50 iter 1400/1860 loss=0.9529 mean_loss=0.9693 classification=0.2070, bbox_regression=0.1438, bbox_ctrness=0.6021
epoch 2/50 iter 1420/1860 loss=0.9333 mean_loss=0.9687 classification=0.1623, bbox_regression=0.1549, bbox_ctrness=0.6161
epoch 2/50 iter 1440/1860 loss=0.9277 mean_loss=0.9680 classification=0.1608, bbox_regression=0.1629, bbox_ctrness=0.6040
epoch 2/50 iter 1460/1860 loss=0.8620 mean_loss=0.9673 classification=0.1267, bbox_regression=0.1325, bbox_ctrness=0.6028
epoch 2/50 iter 1480/1860 loss=0.9302 mean_loss=0.9664 classification=0.1578, bbox_regression=0.1647, bbox_ctrness=0.6077
epoch 2/50 iter 1500/1860 loss=0.9234 mean_loss=0.9661 classification=0.1631, bbox_regression=0.1537, bbox_ctrness=0.6066
epoch 2/50 iter 1520/1860 loss=0.9746 mean_loss=0.9660 classification=0.1568, bbox_regression=0.1965, bbox_ctrness=0.6213
epoch 2/50 iter 1540/1860 loss=0.8928 mean_loss=0.9656 classification=0.1337, bbox_regression=0.1475, bbox_ctrness=0.6116
epoch 2/50 iter 1560/1860 loss=0.8847 mean_loss=0.9650 classification=0.1496, bbox_regression=0.1308, bbox_ctrness=0.6043
epoch 2/50 iter 1580/1860 loss=0.8237 mean_loss=0.9647 classification=0.0953, bbox_regression=0.1217, bbox_ctrness=0.6067
epoch 2/50 iter 1600/1860 loss=0.9402 mean_loss=0.9641 classification=0.1775, bbox_regression=0.1488, bbox_ctrness=0.6139
epoch 2/50 iter 1620/1860 loss=1.1072 mean_loss=0.9637 classification=0.2931, bbox_regression=0.2218, bbox_ctrness=0.5923
epoch 2/50 iter 1640/1860 loss=0.9556 mean_loss=0.9635 classification=0.1930, bbox_regression=0.1566, bbox_ctrness=0.6060
epoch 2/50 iter 1660/1860 loss=0.9736 mean_loss=0.9630 classification=0.1585, bbox_regression=0.1933, bbox_ctrness=0.6218
epoch 2/50 iter 1680/1860 loss=0.8506 mean_loss=0.9629 classification=0.1003, bbox_regression=0.1295, bbox_ctrness=0.6208
epoch 2/50 iter 1700/1860 loss=0.8804 mean_loss=0.9625 classification=0.1333, bbox_regression=0.1404, bbox_ctrness=0.6066
epoch 2/50 iter 1720/1860 loss=0.8518 mean_loss=0.9617 classification=0.1075, bbox_regression=0.1377, bbox_ctrness=0.6066
epoch 2/50 iter 1740/1860 loss=0.8363 mean_loss=0.9614 classification=0.0955, bbox_regression=0.1379, bbox_ctrness=0.6029
epoch 2/50 iter 1760/1860 loss=0.9045 mean_loss=0.9610 classification=0.1364, bbox_regression=0.1477, bbox_ctrness=0.6205
epoch 2/50 iter 1780/1860 loss=0.8745 mean_loss=0.9604 classification=0.1052, bbox_regression=0.1396, bbox_ctrness=0.6297
epoch 2/50 iter 1800/1860 loss=0.9675 mean_loss=0.9600 classification=0.1797, bbox_regression=0.1874, bbox_ctrness=0.6004
epoch 2/50 iter 1820/1860 loss=0.8889 mean_loss=0.9592 classification=0.1547, bbox_regression=0.1351, bbox_ctrness=0.5990
epoch 2/50 iter 1840/1860 loss=0.9062 mean_loss=0.9589 classification=0.1402, bbox_regression=0.1473, bbox_ctrness=0.6187
epoch 2/50 iter 1860/1860 loss=0.9070 mean_loss=0.9588 classification=0.1140, bbox_regression=0.1729, bbox_ctrness=0.6201
epoch 2 validation Precision=0.0943 Recall=0.9833 AP50=0.8976 AP75=0.6767 eval_fps=14.66 epoch_time_sec=901.3
saved checkpoint: E:\RepViT-main\runs\v48_complete_ablation\training\ra_static_equal_seed0\weights\last.pt
new best AP50=0.8976; saved checkpoint: E:\RepViT-main\runs\v48_complete_ablation\training\ra_static_equal_seed0\weights\best.pt
epoch 3/50 iter 1/1860 loss=0.9797 mean_loss=0.9797 classification=0.1721, bbox_regression=0.1907, bbox_ctrness=0.6169
epoch 3/50 iter 20/1860 loss=0.8971 mean_loss=0.9353 classification=0.1409, bbox_regression=0.1488, bbox_ctrness=0.6074
epoch 3/50 iter 40/1860 loss=0.8333 mean_loss=0.8987 classification=0.1192, bbox_regression=0.1221, bbox_ctrness=0.5920
epoch 3/50 iter 60/1860 loss=0.9049 mean_loss=0.9068 classification=0.1233, bbox_regression=0.1570, bbox_ctrness=0.6246
epoch 3/50 iter 80/1860 loss=0.9783 mean_loss=0.9094 classification=0.1682, bbox_regression=0.1933, bbox_ctrness=0.6167
epoch 3/50 iter 100/1860 loss=0.9382 mean_loss=0.9054 classification=0.1646, bbox_regression=0.1666, bbox_ctrness=0.6070
epoch 3/50 iter 120/1860 loss=0.8369 mean_loss=0.9066 classification=0.1245, bbox_regression=0.1169, bbox_ctrness=0.5956
epoch 3/50 iter 140/1860 loss=1.1598 mean_loss=0.9053 classification=0.3318, bbox_regression=0.2135, bbox_ctrness=0.6146
epoch 3/50 iter 160/1860 loss=1.0082 mean_loss=0.9053 classification=0.1939, bbox_regression=0.2065, bbox_ctrness=0.6078
epoch 3/50 iter 180/1860 loss=0.9507 mean_loss=0.9044 classification=0.1654, bbox_regression=0.1685, bbox_ctrness=0.6168
epoch 3/50 iter 200/1860 loss=0.8455 mean_loss=0.9022 classification=0.0848, bbox_regression=0.1425, bbox_ctrness=0.6182
epoch 3/50 iter 220/1860 loss=0.9022 mean_loss=0.9039 classification=0.1356, bbox_regression=0.1565, bbox_ctrness=0.6102
epoch 3/50 iter 240/1860 loss=0.9204 mean_loss=0.9022 classification=0.1240, bbox_regression=0.1734, bbox_ctrness=0.6231
epoch 3/50 iter 260/1860 loss=0.9094 mean_loss=0.9012 classification=0.1131, bbox_regression=0.1725, bbox_ctrness=0.6239
epoch 3/50 iter 280/1860 loss=0.8571 mean_loss=0.9010 classification=0.1062, bbox_regression=0.1267, bbox_ctrness=0.6242
epoch 3/50 iter 300/1860 loss=0.8900 mean_loss=0.9004 classification=0.1557, bbox_regression=0.1332, bbox_ctrness=0.6010
epoch 3/50 iter 320/1860 loss=0.8261 mean_loss=0.9013 classification=0.1035, bbox_regression=0.1167, bbox_ctrness=0.6059
epoch 3/50 iter 340/1860 loss=0.9441 mean_loss=0.9033 classification=0.1732, bbox_regression=0.1456, bbox_ctrness=0.6253
epoch 3/50 iter 360/1860 loss=1.0316 mean_loss=0.9047 classification=0.1897, bbox_regression=0.2139, bbox_ctrness=0.6280
epoch 3/50 iter 380/1860 loss=1.0347 mean_loss=0.9043 classification=0.2048, bbox_regression=0.2108, bbox_ctrness=0.6191
epoch 3/50 iter 400/1860 loss=0.9140 mean_loss=0.9047 classification=0.1291, bbox_regression=0.1444, bbox_ctrness=0.6405
epoch 3/50 iter 420/1860 loss=0.8128 mean_loss=0.9033 classification=0.0927, bbox_regression=0.1035, bbox_ctrness=0.6166
epoch 3/50 iter 440/1860 loss=0.8610 mean_loss=0.9025 classification=0.1245, bbox_regression=0.1339, bbox_ctrness=0.6026
epoch 3/50 iter 460/1860 loss=0.8415 mean_loss=0.9012 classification=0.1138, bbox_regression=0.1261, bbox_ctrness=0.6016
epoch 3/50 iter 480/1860 loss=1.0171 mean_loss=0.9003 classification=0.2145, bbox_regression=0.1972, bbox_ctrness=0.6054
epoch 3/50 iter 500/1860 loss=0.9149 mean_loss=0.9007 classification=0.1823, bbox_regression=0.1288, bbox_ctrness=0.6038
epoch 3/50 iter 520/1860 loss=0.7831 mean_loss=0.8998 classification=0.0976, bbox_regression=0.0978, bbox_ctrness=0.5877
epoch 3/50 iter 540/1860 loss=0.9595 mean_loss=0.8982 classification=0.1590, bbox_regression=0.1830, bbox_ctrness=0.6175
epoch 3/50 iter 560/1860 loss=0.9473 mean_loss=0.8984 classification=0.1650, bbox_regression=0.1757, bbox_ctrness=0.6066
epoch 3/50 iter 580/1860 loss=1.0075 mean_loss=0.8971 classification=0.2048, bbox_regression=0.1908, bbox_ctrness=0.6119
epoch 3/50 iter 600/1860 loss=0.8208 mean_loss=0.8965 classification=0.1303, bbox_regression=0.0926, bbox_ctrness=0.5979
epoch 3/50 iter 620/1860 loss=0.9248 mean_loss=0.8958 classification=0.1374, bbox_regression=0.1719, bbox_ctrness=0.6156
epoch 3/50 iter 640/1860 loss=0.7730 mean_loss=0.8954 classification=0.0870, bbox_regression=0.0999, bbox_ctrness=0.5861
epoch 3/50 iter 660/1860 loss=0.8851 mean_loss=0.8952 classification=0.1404, bbox_regression=0.1349, bbox_ctrness=0.6097
epoch 3/50 iter 680/1860 loss=0.9211 mean_loss=0.8944 classification=0.1739, bbox_regression=0.1546, bbox_ctrness=0.5925
epoch 3/50 iter 700/1860 loss=0.9045 mean_loss=0.8947 classification=0.1200, bbox_regression=0.1597, bbox_ctrness=0.6248
epoch 3/50 iter 720/1860 loss=0.8430 mean_loss=0.8941 classification=0.1333, bbox_regression=0.1078, bbox_ctrness=0.6018
epoch 3/50 iter 740/1860 loss=0.7553 mean_loss=0.8937 classification=0.0671, bbox_regression=0.0942, bbox_ctrness=0.5940
epoch 3/50 iter 760/1860 loss=0.8303 mean_loss=0.8935 classification=0.1068, bbox_regression=0.1224, bbox_ctrness=0.6012
epoch 3/50 iter 780/1860 loss=0.8914 mean_loss=0.8940 classification=0.1226, bbox_regression=0.1529, bbox_ctrness=0.6159
epoch 3/50 iter 800/1860 loss=0.9175 mean_loss=0.8937 classification=0.1342, bbox_regression=0.1679, bbox_ctrness=0.6154
epoch 3/50 iter 820/1860 loss=0.8459 mean_loss=0.8931 classification=0.1161, bbox_regression=0.1401, bbox_ctrness=0.5896
epoch 3/50 iter 840/1860 loss=0.8630 mean_loss=0.8923 classification=0.1482, bbox_regression=0.1215, bbox_ctrness=0.5933
epoch 3/50 iter 860/1860 loss=0.8261 mean_loss=0.8922 classification=0.1022, bbox_regression=0.1185, bbox_ctrness=0.6053
epoch 3/50 iter 880/1860 loss=0.8244 mean_loss=0.8913 classification=0.0839, bbox_regression=0.1284, bbox_ctrness=0.6122
epoch 3/50 iter 900/1860 loss=0.9985 mean_loss=0.8908 classification=0.2076, bbox_regression=0.1762, bbox_ctrness=0.6147
epoch 3/50 iter 920/1860 loss=0.9747 mean_loss=0.8905 classification=0.1614, bbox_regression=0.2025, bbox_ctrness=0.6108
epoch 3/50 iter 940/1860 loss=1.0198 mean_loss=0.8903 classification=0.2168, bbox_regression=0.1880, bbox_ctrness=0.6150
epoch 3/50 iter 960/1860 loss=0.8714 mean_loss=0.8899 classification=0.1536, bbox_regression=0.1067, bbox_ctrness=0.6111
epoch 3/50 iter 980/1860 loss=0.9158 mean_loss=0.8896 classification=0.1268, bbox_regression=0.1587, bbox_ctrness=0.6302
epoch 3/50 iter 1000/1860 loss=0.8075 mean_loss=0.8892 classification=0.0902, bbox_regression=0.1142, bbox_ctrness=0.6032
epoch 3/50 iter 1020/1860 loss=0.8318 mean_loss=0.8900 classification=0.0717, bbox_regression=0.1389, bbox_ctrness=0.6212
epoch 3/50 iter 1040/1860 loss=0.8101 mean_loss=0.8895 classification=0.0850, bbox_regression=0.1317, bbox_ctrness=0.5934
epoch 3/50 iter 1060/1860 loss=0.8555 mean_loss=0.8898 classification=0.1499, bbox_regression=0.0990, bbox_ctrness=0.6066
epoch 3/50 iter 1080/1860 loss=0.8858 mean_loss=0.8900 classification=0.1139, bbox_regression=0.1526, bbox_ctrness=0.6193
epoch 3/50 iter 1100/1860 loss=0.7754 mean_loss=0.8904 classification=0.0743, bbox_regression=0.1087, bbox_ctrness=0.5924
epoch 3/50 iter 1120/1860 loss=0.8758 mean_loss=0.8905 classification=0.1564, bbox_regression=0.1286, bbox_ctrness=0.5909
epoch 3/50 iter 1140/1860 loss=0.8069 mean_loss=0.8902 classification=0.0808, bbox_regression=0.1013, bbox_ctrness=0.6247
epoch 3/50 iter 1160/1860 loss=0.8426 mean_loss=0.8902 classification=0.1004, bbox_regression=0.1310, bbox_ctrness=0.6112
epoch 3/50 iter 1180/1860 loss=0.7540 mean_loss=0.8899 classification=0.0741, bbox_regression=0.0717, bbox_ctrness=0.6082
epoch 3/50 iter 1200/1860 loss=0.8767 mean_loss=0.8895 classification=0.1192, bbox_regression=0.1463, bbox_ctrness=0.6112
epoch 3/50 iter 1220/1860 loss=0.8032 mean_loss=0.8892 classification=0.0762, bbox_regression=0.1147, bbox_ctrness=0.6122
epoch 3/50 iter 1240/1860 loss=0.8183 mean_loss=0.8891 classification=0.0929, bbox_regression=0.1227, bbox_ctrness=0.6027
epoch 3/50 iter 1260/1860 loss=0.8015 mean_loss=0.8889 classification=0.0787, bbox_regression=0.1329, bbox_ctrness=0.5900
epoch 3/50 iter 1280/1860 loss=0.8617 mean_loss=0.8890 classification=0.1050, bbox_regression=0.1368, bbox_ctrness=0.6199
epoch 3/50 iter 1300/1860 loss=0.9185 mean_loss=0.8890 classification=0.1480, bbox_regression=0.1537, bbox_ctrness=0.6168
epoch 3/50 iter 1320/1860 loss=0.9021 mean_loss=0.8889 classification=0.1429, bbox_regression=0.1461, bbox_ctrness=0.6131
epoch 3/50 iter 1340/1860 loss=0.9987 mean_loss=0.8886 classification=0.2159, bbox_regression=0.1769, bbox_ctrness=0.6060
epoch 3/50 iter 1360/1860 loss=0.8648 mean_loss=0.8881 classification=0.0943, bbox_regression=0.1560, bbox_ctrness=0.6145
epoch 3/50 iter 1380/1860 loss=0.8558 mean_loss=0.8881 classification=0.1153, bbox_regression=0.1265, bbox_ctrness=0.6140
epoch 3/50 iter 1400/1860 loss=0.8027 mean_loss=0.8880 classification=0.0868, bbox_regression=0.1087, bbox_ctrness=0.6072
epoch 3/50 iter 1420/1860 loss=0.8259 mean_loss=0.8878 classification=0.0905, bbox_regression=0.1167, bbox_ctrness=0.6187
epoch 3/50 iter 1440/1860 loss=0.9010 mean_loss=0.8877 classification=0.1613, bbox_regression=0.1358, bbox_ctrness=0.6038
epoch 3/50 iter 1460/1860 loss=0.7510 mean_loss=0.8876 classification=0.0843, bbox_regression=0.0883, bbox_ctrness=0.5784
epoch 3/50 iter 1480/1860 loss=0.8387 mean_loss=0.8873 classification=0.1285, bbox_regression=0.1217, bbox_ctrness=0.5885
epoch 3/50 iter 1500/1860 loss=0.8339 mean_loss=0.8873 classification=0.1138, bbox_regression=0.1177, bbox_ctrness=0.6024
epoch 3/50 iter 1520/1860 loss=0.8938 mean_loss=0.8873 classification=0.1313, bbox_regression=0.1507, bbox_ctrness=0.6119
epoch 3/50 iter 1540/1860 loss=0.7953 mean_loss=0.8868 classification=0.0803, bbox_regression=0.1030, bbox_ctrness=0.6120
epoch 3/50 iter 1560/1860 loss=0.8222 mean_loss=0.8867 classification=0.0911, bbox_regression=0.1297, bbox_ctrness=0.6013
epoch 3/50 iter 1580/1860 loss=0.8550 mean_loss=0.8863 classification=0.1099, bbox_regression=0.1366, bbox_ctrness=0.6085
epoch 3/50 iter 1600/1860 loss=0.8470 mean_loss=0.8861 classification=0.1159, bbox_regression=0.1325, bbox_ctrness=0.5986
epoch 3/50 iter 1620/1860 loss=0.8507 mean_loss=0.8858 classification=0.1151, bbox_regression=0.1151, bbox_ctrness=0.6205
epoch 3/50 iter 1640/1860 loss=1.0752 mean_loss=0.8855 classification=0.2273, bbox_regression=0.2198, bbox_ctrness=0.6281
epoch 3/50 iter 1660/1860 loss=0.7917 mean_loss=0.8853 classification=0.0973, bbox_regression=0.1125, bbox_ctrness=0.5819
epoch 3/50 iter 1680/1860 loss=0.7875 mean_loss=0.8848 classification=0.0786, bbox_regression=0.1151, bbox_ctrness=0.5937
epoch 3/50 iter 1700/1860 loss=0.9476 mean_loss=0.8847 classification=0.1592, bbox_regression=0.1723, bbox_ctrness=0.6160
epoch 3/50 iter 1720/1860 loss=0.7652 mean_loss=0.8846 classification=0.0552, bbox_regression=0.0999, bbox_ctrness=0.6102
epoch 3/50 iter 1740/1860 loss=0.8194 mean_loss=0.8847 classification=0.1154, bbox_regression=0.1234, bbox_ctrness=0.5806
epoch 3/50 iter 1760/1860 loss=0.8498 mean_loss=0.8843 classification=0.1068, bbox_regression=0.1382, bbox_ctrness=0.6048
epoch 3/50 iter 1780/1860 loss=0.8668 mean_loss=0.8841 classification=0.0990, bbox_regression=0.1554, bbox_ctrness=0.6124
epoch 3/50 iter 1800/1860 loss=0.8029 mean_loss=0.8841 classification=0.0812, bbox_regression=0.1218, bbox_ctrness=0.5999
epoch 3/50 iter 1820/1860 loss=0.8621 mean_loss=0.8843 classification=0.1128, bbox_regression=0.1392, bbox_ctrness=0.6101
epoch 3/50 iter 1840/1860 loss=0.8665 mean_loss=0.8844 classification=0.1340, bbox_regression=0.1202, bbox_ctrness=0.6123
epoch 3/50 iter 1860/1860 loss=0.8099 mean_loss=0.8843 classification=0.0932, bbox_regression=0.1254, bbox_ctrness=0.5912
epoch 3 validation Precision=0.1062 Recall=0.9860 AP50=0.9166 AP75=0.7474 eval_fps=21.71 epoch_time_sec=886.8
saved checkpoint: E:\RepViT-main\runs\v48_complete_ablation\training\ra_static_equal_seed0\weights\last.pt
new best AP50=0.9166; saved checkpoint: E:\RepViT-main\runs\v48_complete_ablation\training\ra_static_equal_seed0\weights\best.pt
epoch 4/50 iter 1/1860 loss=0.8634 mean_loss=0.8634 classification=0.1179, bbox_regression=0.1248, bbox_ctrness=0.6207
epoch 4/50 iter 20/1860 loss=0.9238 mean_loss=0.8466 classification=0.1533, bbox_regression=0.1634, bbox_ctrness=0.6070
epoch 4/50 iter 40/1860 loss=0.8018 mean_loss=0.8447 classification=0.1041, bbox_regression=0.0956, bbox_ctrness=0.6021
epoch 4/50 iter 60/1860 loss=0.7761 mean_loss=0.8506 classification=0.0643, bbox_regression=0.1213, bbox_ctrness=0.5906
epoch 4/50 iter 80/1860 loss=0.8612 mean_loss=0.8504 classification=0.1257, bbox_regression=0.1341, bbox_ctrness=0.6013
epoch 4/50 iter 100/1860 loss=0.7410 mean_loss=0.8491 classification=0.0658, bbox_regression=0.0806, bbox_ctrness=0.5946
epoch 4/50 iter 120/1860 loss=0.8671 mean_loss=0.8512 classification=0.1019, bbox_regression=0.1536, bbox_ctrness=0.6116
epoch 4/50 iter 140/1860 loss=0.8354 mean_loss=0.8469 classification=0.1129, bbox_regression=0.1143, bbox_ctrness=0.6083
epoch 4/50 iter 160/1860 loss=0.8454 mean_loss=0.8453 classification=0.0998, bbox_regression=0.1311, bbox_ctrness=0.6145
epoch 4/50 iter 180/1860 loss=0.8899 mean_loss=0.8460 classification=0.1270, bbox_regression=0.1422, bbox_ctrness=0.6208
epoch 4/50 iter 200/1860 loss=0.8942 mean_loss=0.8446 classification=0.1601, bbox_regression=0.1322, bbox_ctrness=0.6020
epoch 4/50 iter 220/1860 loss=0.7998 mean_loss=0.8460 classification=0.0834, bbox_regression=0.1106, bbox_ctrness=0.6058
epoch 4/50 iter 240/1860 loss=0.8773 mean_loss=0.8442 classification=0.1187, bbox_regression=0.1485, bbox_ctrness=0.6101
epoch 4/50 iter 260/1860 loss=0.7980 mean_loss=0.8428 classification=0.0774, bbox_regression=0.1146, bbox_ctrness=0.6059
epoch 4/50 iter 280/1860 loss=0.8260 mean_loss=0.8426 classification=0.0903, bbox_regression=0.1193, bbox_ctrness=0.6164
epoch 4/50 iter 300/1860 loss=0.8470 mean_loss=0.8415 classification=0.1158, bbox_regression=0.1258, bbox_ctrness=0.6055
epoch 4/50 iter 320/1860 loss=0.8827 mean_loss=0.8417 classification=0.1612, bbox_regression=0.1194, bbox_ctrness=0.6021
epoch 4/50 iter 340/1860 loss=0.8816 mean_loss=0.8403 classification=0.1408, bbox_regression=0.1356, bbox_ctrness=0.6053
epoch 4/50 iter 360/1860 loss=0.8708 mean_loss=0.8395 classification=0.1133, bbox_regression=0.1341, bbox_ctrness=0.6234
epoch 4/50 iter 380/1860 loss=0.8654 mean_loss=0.8409 classification=0.1206, bbox_regression=0.1429, bbox_ctrness=0.6019
epoch 4/50 iter 400/1860 loss=0.7378 mean_loss=0.8410 classification=0.0681, bbox_regression=0.0808, bbox_ctrness=0.5889
epoch 4/50 iter 420/1860 loss=0.7889 mean_loss=0.8406 classification=0.0593, bbox_regression=0.1140, bbox_ctrness=0.6155
epoch 4/50 iter 440/1860 loss=0.8526 mean_loss=0.8400 classification=0.1052, bbox_regression=0.1326, bbox_ctrness=0.6148
epoch 4/50 iter 460/1860 loss=0.8659 mean_loss=0.8406 classification=0.1010, bbox_regression=0.1582, bbox_ctrness=0.6067
epoch 4/50 iter 480/1860 loss=0.7842 mean_loss=0.8411 classification=0.0286, bbox_regression=0.1284, bbox_ctrness=0.6272
epoch 4/50 iter 500/1860 loss=0.8237 mean_loss=0.8427 classification=0.0563, bbox_regression=0.1556, bbox_ctrness=0.6118
epoch 4/50 iter 520/1860 loss=0.8285 mean_loss=0.8422 classification=0.1237, bbox_regression=0.1074, bbox_ctrness=0.5974
epoch 4/50 iter 540/1860 loss=0.7951 mean_loss=0.8422 classification=0.0827, bbox_regression=0.0991, bbox_ctrness=0.6133
epoch 4/50 iter 560/1860 loss=0.8232 mean_loss=0.8433 classification=0.0864, bbox_regression=0.1207, bbox_ctrness=0.6162
epoch 4/50 iter 580/1860 loss=0.8116 mean_loss=0.8435 classification=0.0852, bbox_regression=0.1233, bbox_ctrness=0.6031
epoch 4/50 iter 600/1860 loss=0.7666 mean_loss=0.8435 classification=0.0743, bbox_regression=0.0983, bbox_ctrness=0.5941
epoch 4/50 iter 620/1860 loss=0.7867 mean_loss=0.8446 classification=0.0803, bbox_regression=0.0928, bbox_ctrness=0.6135
epoch 4/50 iter 640/1860 loss=0.8738 mean_loss=0.8445 classification=0.1052, bbox_regression=0.1509, bbox_ctrness=0.6177
epoch 4/50 iter 660/1860 loss=0.8097 mean_loss=0.8442 classification=0.0881, bbox_regression=0.1173, bbox_ctrness=0.6043
epoch 4/50 iter 680/1860 loss=0.8052 mean_loss=0.8437 classification=0.0737, bbox_regression=0.1044, bbox_ctrness=0.6271
epoch 4/50 iter 700/1860 loss=0.8621 mean_loss=0.8433 classification=0.1209, bbox_regression=0.1358, bbox_ctrness=0.6054
epoch 4/50 iter 720/1860 loss=0.8357 mean_loss=0.8428 classification=0.0861, bbox_regression=0.1369, bbox_ctrness=0.6126
epoch 4/50 iter 740/1860 loss=0.6965 mean_loss=0.8431 classification=0.0416, bbox_regression=0.0776, bbox_ctrness=0.5773
epoch 4/50 iter 760/1860 loss=0.8618 mean_loss=0.8431 classification=0.1314, bbox_regression=0.1417, bbox_ctrness=0.5887
epoch 4/50 iter 780/1860 loss=0.8177 mean_loss=0.8427 classification=0.0987, bbox_regression=0.1082, bbox_ctrness=0.6108
epoch 4/50 iter 800/1860 loss=0.8318 mean_loss=0.8422 classification=0.0935, bbox_regression=0.1225, bbox_ctrness=0.6159
epoch 4/50 iter 820/1860 loss=0.8563 mean_loss=0.8427 classification=0.1285, bbox_regression=0.1277, bbox_ctrness=0.6001
epoch 4/50 iter 840/1860 loss=0.8463 mean_loss=0.8428 classification=0.1161, bbox_regression=0.1229, bbox_ctrness=0.6073
epoch 4/50 iter 860/1860 loss=0.8678 mean_loss=0.8424 classification=0.1632, bbox_regression=0.0943, bbox_ctrness=0.6103
epoch 4/50 iter 880/1860 loss=0.7569 mean_loss=0.8423 classification=0.0600, bbox_regression=0.1022, bbox_ctrness=0.5947
epoch 4/50 iter 900/1860 loss=0.9063 mean_loss=0.8430 classification=0.1735, bbox_regression=0.1223, bbox_ctrness=0.6105
epoch 4/50 iter 920/1860 loss=0.7667 mean_loss=0.8427 classification=0.0721, bbox_regression=0.1048, bbox_ctrness=0.5898
epoch 4/50 iter 940/1860 loss=0.7886 mean_loss=0.8430 classification=0.0859, bbox_regression=0.1044, bbox_ctrness=0.5983
epoch 4/50 iter 960/1860 loss=0.8246 mean_loss=0.8432 classification=0.0952, bbox_regression=0.1119, bbox_ctrness=0.6175
epoch 4/50 iter 980/1860 loss=0.9111 mean_loss=0.8432 classification=0.1372, bbox_regression=0.1527, bbox_ctrness=0.6211
epoch 4/50 iter 1000/1860 loss=0.7417 mean_loss=0.8425 classification=0.0594, bbox_regression=0.0884, bbox_ctrness=0.5939
epoch 4/50 iter 1020/1860 loss=0.8136 mean_loss=0.8428 classification=0.0843, bbox_regression=0.1194, bbox_ctrness=0.6099
epoch 4/50 iter 1040/1860 loss=0.9680 mean_loss=0.8432 classification=0.1708, bbox_regression=0.1728, bbox_ctrness=0.6245
epoch 4/50 iter 1060/1860 loss=0.7936 mean_loss=0.8432 classification=0.0561, bbox_regression=0.1126, bbox_ctrness=0.6249
epoch 4/50 iter 1080/1860 loss=0.8877 mean_loss=0.8428 classification=0.1549, bbox_regression=0.1326, bbox_ctrness=0.6003
epoch 4/50 iter 1100/1860 loss=0.8299 mean_loss=0.8429 classification=0.0824, bbox_regression=0.1500, bbox_ctrness=0.5975
epoch 4/50 iter 1120/1860 loss=0.8352 mean_loss=0.8427 classification=0.1011, bbox_regression=0.1106, bbox_ctrness=0.6235
epoch 4/50 iter 1140/1860 loss=0.7964 mean_loss=0.8426 classification=0.0828, bbox_regression=0.1128, bbox_ctrness=0.6008
epoch 4/50 iter 1160/1860 loss=0.8686 mean_loss=0.8423 classification=0.1153, bbox_regression=0.1480, bbox_ctrness=0.6053
epoch 4/50 iter 1180/1860 loss=0.8152 mean_loss=0.8423 classification=0.1057, bbox_regression=0.1173, bbox_ctrness=0.5921
epoch 4/50 iter 1200/1860 loss=0.7750 mean_loss=0.8422 classification=0.0800, bbox_regression=0.1118, bbox_ctrness=0.5832
epoch 4/50 iter 1220/1860 loss=0.7790 mean_loss=0.8420 classification=0.0838, bbox_regression=0.0962, bbox_ctrness=0.5989
epoch 4/50 iter 1240/1860 loss=0.7956 mean_loss=0.8415 classification=0.0937, bbox_regression=0.0939, bbox_ctrness=0.6080
epoch 4/50 iter 1260/1860 loss=0.8793 mean_loss=0.8414 classification=0.1311, bbox_regression=0.1426, bbox_ctrness=0.6055
epoch 4/50 iter 1280/1860 loss=0.8202 mean_loss=0.8411 classification=0.1078, bbox_regression=0.0910, bbox_ctrness=0.6215
epoch 4/50 iter 1300/1860 loss=0.7421 mean_loss=0.8404 classification=0.0611, bbox_regression=0.0874, bbox_ctrness=0.5936
epoch 4/50 iter 1320/1860 loss=0.7825 mean_loss=0.8400 classification=0.0765, bbox_regression=0.1110, bbox_ctrness=0.5950
epoch 4/50 iter 1340/1860 loss=0.8098 mean_loss=0.8394 classification=0.0952, bbox_regression=0.1107, bbox_ctrness=0.6039
epoch 4/50 iter 1360/1860 loss=0.8470 mean_loss=0.8396 classification=0.1025, bbox_regression=0.1462, bbox_ctrness=0.5982
epoch 4/50 iter 1380/1860 loss=0.8050 mean_loss=0.8395 classification=0.0750, bbox_regression=0.1204, bbox_ctrness=0.6095
epoch 4/50 iter 1400/1860 loss=0.8356 mean_loss=0.8397 classification=0.0771, bbox_regression=0.1524, bbox_ctrness=0.6061
epoch 4/50 iter 1420/1860 loss=0.9228 mean_loss=0.8400 classification=0.1473, bbox_regression=0.1595, bbox_ctrness=0.6160
epoch 4/50 iter 1440/1860 loss=0.7785 mean_loss=0.8400 classification=0.0753, bbox_regression=0.1119, bbox_ctrness=0.5913
epoch 4/50 iter 1460/1860 loss=0.7771 mean_loss=0.8397 classification=0.0904, bbox_regression=0.0879, bbox_ctrness=0.5988
epoch 4/50 iter 1480/1860 loss=0.8727 mean_loss=0.8398 classification=0.1238, bbox_regression=0.1491, bbox_ctrness=0.5998
epoch 4/50 iter 1500/1860 loss=0.7971 mean_loss=0.8398 classification=0.0563, bbox_regression=0.1204, bbox_ctrness=0.6204
epoch 4/50 iter 1520/1860 loss=0.7069 mean_loss=0.8394 classification=0.0466, bbox_regression=0.0605, bbox_ctrness=0.5998
epoch 4/50 iter 1540/1860 loss=0.8984 mean_loss=0.8395 classification=0.1506, bbox_regression=0.1331, bbox_ctrness=0.6147
epoch 4/50 iter 1560/1860 loss=0.7647 mean_loss=0.8394 classification=0.0720, bbox_regression=0.0876, bbox_ctrness=0.6051
epoch 4/50 iter 1580/1860 loss=0.8032 mean_loss=0.8396 classification=0.0876, bbox_regression=0.1237, bbox_ctrness=0.5920
epoch 4/50 iter 1600/1860 loss=0.8169 mean_loss=0.8398 classification=0.0875, bbox_regression=0.1265, bbox_ctrness=0.6029
epoch 4/50 iter 1620/1860 loss=0.9639 mean_loss=0.8401 classification=0.1909, bbox_regression=0.1454, bbox_ctrness=0.6276
epoch 4/50 iter 1640/1860 loss=0.8425 mean_loss=0.8401 classification=0.0865, bbox_regression=0.1447, bbox_ctrness=0.6113
epoch 4/50 iter 1660/1860 loss=0.8161 mean_loss=0.8402 classification=0.0901, bbox_regression=0.1170, bbox_ctrness=0.6090
epoch 4/50 iter 1680/1860 loss=0.8419 mean_loss=0.8401 classification=0.1422, bbox_regression=0.1034, bbox_ctrness=0.5963
epoch 4/50 iter 1700/1860 loss=0.9069 mean_loss=0.8403 classification=0.1675, bbox_regression=0.1207, bbox_ctrness=0.6187
epoch 4/50 iter 1720/1860 loss=0.7765 mean_loss=0.8402 classification=0.0720, bbox_regression=0.1189, bbox_ctrness=0.5855
epoch 4/50 iter 1740/1860 loss=0.8788 mean_loss=0.8405 classification=0.1224, bbox_regression=0.1320, bbox_ctrness=0.6245
epoch 4/50 iter 1760/1860 loss=0.9053 mean_loss=0.8403 classification=0.1633, bbox_regression=0.1337, bbox_ctrness=0.6083
epoch 4/50 iter 1780/1860 loss=0.8899 mean_loss=0.8403 classification=0.1504, bbox_regression=0.1140, bbox_ctrness=0.6255
epoch 4/50 iter 1800/1860 loss=0.8875 mean_loss=0.8402 classification=0.1420, bbox_regression=0.1437, bbox_ctrness=0.6019
epoch 4/50 iter 1820/1860 loss=0.8183 mean_loss=0.8401 classification=0.0891, bbox_regression=0.1197, bbox_ctrness=0.6095
epoch 4/50 iter 1840/1860 loss=0.7990 mean_loss=0.8402 classification=0.1019, bbox_regression=0.1093, bbox_ctrness=0.5878
epoch 4/50 iter 1860/1860 loss=0.7416 mean_loss=0.8406 classification=0.0442, bbox_regression=0.0879, bbox_ctrness=0.6095
epoch 4 validation Precision=0.1379 Recall=0.9804 AP50=0.9236 AP75=0.7706 eval_fps=25.98 epoch_time_sec=849.2
saved checkpoint: E:\RepViT-main\runs\v48_complete_ablation\training\ra_static_equal_seed0\weights\last.pt
new best AP50=0.9236; saved checkpoint: E:\RepViT-main\runs\v48_complete_ablation\training\ra_static_equal_seed0\weights\best.pt
epoch 5/50 iter 1/1860 loss=0.8399 mean_loss=0.8399 classification=0.0858, bbox_regression=0.1330, bbox_ctrness=0.6212
epoch 5/50 iter 20/1860 loss=0.8513 mean_loss=0.7989 classification=0.0894, bbox_regression=0.1357, bbox_ctrness=0.6262
epoch 5/50 iter 40/1860 loss=0.8880 mean_loss=0.7996 classification=0.1290, bbox_regression=0.1484, bbox_ctrness=0.6106
epoch 5/50 iter 60/1860 loss=0.7662 mean_loss=0.8015 classification=0.0699, bbox_regression=0.0901, bbox_ctrness=0.6061
epoch 5/50 iter 80/1860 loss=0.8028 mean_loss=0.8013 classification=0.0772, bbox_regression=0.1269, bbox_ctrness=0.5986
epoch 5/50 iter 100/1860 loss=0.7457 mean_loss=0.8008 classification=0.0562, bbox_regression=0.0854, bbox_ctrness=0.6041
epoch 5/50 iter 120/1860 loss=0.8206 mean_loss=0.8047 classification=0.0949, bbox_regression=0.1095, bbox_ctrness=0.6163
epoch 5/50 iter 140/1860 loss=0.7517 mean_loss=0.8082 classification=0.0614, bbox_regression=0.0922, bbox_ctrness=0.5981
epoch 5/50 iter 160/1860 loss=0.8689 mean_loss=0.8062 classification=0.1321, bbox_regression=0.1349, bbox_ctrness=0.6020
epoch 5/50 iter 180/1860 loss=0.8118 mean_loss=0.8066 classification=0.1263, bbox_regression=0.0793, bbox_ctrness=0.6062
epoch 5/50 iter 200/1860 loss=0.8283 mean_loss=0.8077 classification=0.0779, bbox_regression=0.1279, bbox_ctrness=0.6225
epoch 5/50 iter 220/1860 loss=0.7728 mean_loss=0.8076 classification=0.0668, bbox_regression=0.0997, bbox_ctrness=0.6063
epoch 5/50 iter 240/1860 loss=0.8310 mean_loss=0.8087 classification=0.0919, bbox_regression=0.1260, bbox_ctrness=0.6131
epoch 5/50 iter 260/1860 loss=0.7851 mean_loss=0.8079 classification=0.0781, bbox_regression=0.1019, bbox_ctrness=0.6050
epoch 5/50 iter 280/1860 loss=0.8918 mean_loss=0.8085 classification=0.1362, bbox_regression=0.1360, bbox_ctrness=0.6196
epoch 5/50 iter 300/1860 loss=0.7853 mean_loss=0.8086 classification=0.0733, bbox_regression=0.1099, bbox_ctrness=0.6021
epoch 5/50 iter 320/1860 loss=0.8270 mean_loss=0.8086 classification=0.0875, bbox_regression=0.1319, bbox_ctrness=0.6075
epoch 5/50 iter 340/1860 loss=0.8001 mean_loss=0.8091 classification=0.0824, bbox_regression=0.1149, bbox_ctrness=0.6028
epoch 5/50 iter 360/1860 loss=0.8920 mean_loss=0.8087 classification=0.1573, bbox_regression=0.1257, bbox_ctrness=0.6090
epoch 5/50 iter 380/1860 loss=1.0096 mean_loss=0.8087 classification=0.1955, bbox_regression=0.2002, bbox_ctrness=0.6139
epoch 5/50 iter 400/1860 loss=0.7524 mean_loss=0.8091 classification=0.0396, bbox_regression=0.0995, bbox_ctrness=0.6133
epoch 5/50 iter 420/1860 loss=0.8837 mean_loss=0.8089 classification=0.1556, bbox_regression=0.1282, bbox_ctrness=0.5999
epoch 5/50 iter 440/1860 loss=0.7471 mean_loss=0.8091 classification=0.0605, bbox_regression=0.0825, bbox_ctrness=0.6041
epoch 5/50 iter 460/1860 loss=0.8039 mean_loss=0.8091 classification=0.1100, bbox_regression=0.0955, bbox_ctrness=0.5983
epoch 5/50 iter 480/1860 loss=0.8245 mean_loss=0.8099 classification=0.0912, bbox_regression=0.1226, bbox_ctrness=0.6106
epoch 5/50 iter 500/1860 loss=0.7624 mean_loss=0.8094 classification=0.0629, bbox_regression=0.1087, bbox_ctrness=0.5909
epoch 5/50 iter 520/1860 loss=0.7975 mean_loss=0.8093 classification=0.0787, bbox_regression=0.1137, bbox_ctrness=0.6052
epoch 5/50 iter 540/1860 loss=0.8019 mean_loss=0.8095 classification=0.0841, bbox_regression=0.1138, bbox_ctrness=0.6040
epoch 5/50 iter 560/1860 loss=0.7241 mean_loss=0.8090 classification=0.0473, bbox_regression=0.0682, bbox_ctrness=0.6086
epoch 5/50 iter 580/1860 loss=0.7982 mean_loss=0.8099 classification=0.0846, bbox_regression=0.1073, bbox_ctrness=0.6063
epoch 5/50 iter 600/1860 loss=0.8564 mean_loss=0.8094 classification=0.1031, bbox_regression=0.1545, bbox_ctrness=0.5988
epoch 5/50 iter 620/1860 loss=0.8756 mean_loss=0.8096 classification=0.1333, bbox_regression=0.1287, bbox_ctrness=0.6137
epoch 5/50 iter 640/1860 loss=0.8316 mean_loss=0.8097 classification=0.1148, bbox_regression=0.1212, bbox_ctrness=0.5956
epoch 5/50 iter 660/1860 loss=0.8300 mean_loss=0.8096 classification=0.0867, bbox_regression=0.1243, bbox_ctrness=0.6191
epoch 5/50 iter 680/1860 loss=0.8203 mean_loss=0.8095 classification=0.0662, bbox_regression=0.1371, bbox_ctrness=0.6170
epoch 5/50 iter 700/1860 loss=0.8247 mean_loss=0.8095 classification=0.0950, bbox_regression=0.1239, bbox_ctrness=0.6059
epoch 5/50 iter 720/1860 loss=0.7912 mean_loss=0.8096 classification=0.0824, bbox_regression=0.1086, bbox_ctrness=0.6002
epoch 5/50 iter 740/1860 loss=0.7660 mean_loss=0.8096 classification=0.0576, bbox_regression=0.1079, bbox_ctrness=0.6005
epoch 5/50 iter 760/1860 loss=0.8029 mean_loss=0.8099 classification=0.0720, bbox_regression=0.1212, bbox_ctrness=0.6097
epoch 5/50 iter 780/1860 loss=0.8344 mean_loss=0.8102 classification=0.1005, bbox_regression=0.1220, bbox_ctrness=0.6119
epoch 5/50 iter 800/1860 loss=0.7794 mean_loss=0.8099 classification=0.0665, bbox_regression=0.1061, bbox_ctrness=0.6068
epoch 5/50 iter 820/1860 loss=0.8883 mean_loss=0.8100 classification=0.1339, bbox_regression=0.1622, bbox_ctrness=0.5922
epoch 5/50 iter 840/1860 loss=0.7557 mean_loss=0.8095 classification=0.0685, bbox_regression=0.0838, bbox_ctrness=0.6035
epoch 5/50 iter 860/1860 loss=0.7706 mean_loss=0.8092 classification=0.0760, bbox_regression=0.0942, bbox_ctrness=0.6004
epoch 5/50 iter 880/1860 loss=0.7941 mean_loss=0.8090 classification=0.0968, bbox_regression=0.0909, bbox_ctrness=0.6064
epoch 5/50 iter 900/1860 loss=0.8201 mean_loss=0.8087 classification=0.0792, bbox_regression=0.1315, bbox_ctrness=0.6094
epoch 5/50 iter 920/1860 loss=0.8334 mean_loss=0.8089 classification=0.0983, bbox_regression=0.1298, bbox_ctrness=0.6054
epoch 5/50 iter 940/1860 loss=0.7605 mean_loss=0.8087 classification=0.0522, bbox_regression=0.0988, bbox_ctrness=0.6095
epoch 5/50 iter 960/1860 loss=0.7699 mean_loss=0.8085 classification=0.0772, bbox_regression=0.1039, bbox_ctrness=0.5888
epoch 5/50 iter 980/1860 loss=0.7893 mean_loss=0.8086 classification=0.0660, bbox_regression=0.1292, bbox_ctrness=0.5941
epoch 5/50 iter 1000/1860 loss=0.8771 mean_loss=0.8086 classification=0.1087, bbox_regression=0.1569, bbox_ctrness=0.6114
epoch 5/50 iter 1020/1860 loss=0.7928 mean_loss=0.8083 classification=0.0832, bbox_regression=0.1078, bbox_ctrness=0.6018
epoch 5/50 iter 1040/1860 loss=0.7364 mean_loss=0.8083 classification=0.0599, bbox_regression=0.0787, bbox_ctrness=0.5978
epoch 5/50 iter 1060/1860 loss=0.8215 mean_loss=0.8084 classification=0.1032, bbox_regression=0.1128, bbox_ctrness=0.6055
epoch 5/50 iter 1080/1860 loss=0.7591 mean_loss=0.8089 classification=0.0493, bbox_regression=0.1035, bbox_ctrness=0.6062
epoch 5/50 iter 1100/1860 loss=0.7940 mean_loss=0.8093 classification=0.0689, bbox_regression=0.1211, bbox_ctrness=0.6039
epoch 5/50 iter 1120/1860 loss=0.7964 mean_loss=0.8093 classification=0.0671, bbox_regression=0.1307, bbox_ctrness=0.5987
epoch 5/50 iter 1140/1860 loss=0.8331 mean_loss=0.8095 classification=0.1015, bbox_regression=0.1184, bbox_ctrness=0.6132
epoch 5/50 iter 1160/1860 loss=0.8004 mean_loss=0.8096 classification=0.0988, bbox_regression=0.0918, bbox_ctrness=0.6098
epoch 5/50 iter 1180/1860 loss=0.8475 mean_loss=0.8096 classification=0.1410, bbox_regression=0.1085, bbox_ctrness=0.5980
epoch 5/50 iter 1200/1860 loss=0.8147 mean_loss=0.8098 classification=0.1189, bbox_regression=0.0927, bbox_ctrness=0.6031
epoch 5/50 iter 1220/1860 loss=0.7678 mean_loss=0.8094 classification=0.0782, bbox_regression=0.0964, bbox_ctrness=0.5932
epoch 5/50 iter 1240/1860 loss=0.7472 mean_loss=0.8094 classification=0.0467, bbox_regression=0.1033, bbox_ctrness=0.5971
epoch 5/50 iter 1260/1860 loss=0.9129 mean_loss=0.8095 classification=0.1551, bbox_regression=0.1545, bbox_ctrness=0.6033
epoch 5/50 iter 1280/1860 loss=0.8327 mean_loss=0.8098 classification=0.1181, bbox_regression=0.1201, bbox_ctrness=0.5944
epoch 5/50 iter 1300/1860 loss=0.8719 mean_loss=0.8100 classification=0.1151, bbox_regression=0.1405, bbox_ctrness=0.6163
epoch 5/50 iter 1320/1860 loss=0.8081 mean_loss=0.8098 classification=0.0890, bbox_regression=0.1219, bbox_ctrness=0.5972
epoch 5/50 iter 1340/1860 loss=0.8077 mean_loss=0.8099 classification=0.1005, bbox_regression=0.1110, bbox_ctrness=0.5963
epoch 5/50 iter 1360/1860 loss=0.8800 mean_loss=0.8099 classification=0.1241, bbox_regression=0.1524, bbox_ctrness=0.6035
epoch 5/50 iter 1380/1860 loss=0.7779 mean_loss=0.8100 classification=0.0762, bbox_regression=0.1118, bbox_ctrness=0.5899
epoch 5/50 iter 1400/1860 loss=0.7465 mean_loss=0.8098 classification=0.0704, bbox_regression=0.0893, bbox_ctrness=0.5868
epoch 5/50 iter 1420/1860 loss=0.8626 mean_loss=0.8098 classification=0.1141, bbox_regression=0.1189, bbox_ctrness=0.6296
epoch 5/50 iter 1440/1860 loss=0.7728 mean_loss=0.8097 classification=0.0721, bbox_regression=0.0913, bbox_ctrness=0.6093
epoch 5/50 iter 1460/1860 loss=0.7549 mean_loss=0.8096 classification=0.0712, bbox_regression=0.0789, bbox_ctrness=0.6048
epoch 5/50 iter 1480/1860 loss=0.8484 mean_loss=0.8096 classification=0.0763, bbox_regression=0.1409, bbox_ctrness=0.6312
epoch 5/50 iter 1500/1860 loss=0.8046 mean_loss=0.8093 classification=0.0772, bbox_regression=0.1149, bbox_ctrness=0.6125
epoch 5/50 iter 1520/1860 loss=0.7928 mean_loss=0.8092 classification=0.0727, bbox_regression=0.1127, bbox_ctrness=0.6074
epoch 5/50 iter 1540/1860 loss=0.7469 mean_loss=0.8092 classification=0.0616, bbox_regression=0.0874, bbox_ctrness=0.5979
epoch 5/50 iter 1560/1860 loss=0.7405 mean_loss=0.8091 classification=0.0465, bbox_regression=0.1000, bbox_ctrness=0.5940
epoch 5/50 iter 1580/1860 loss=0.7465 mean_loss=0.8091 classification=0.0604, bbox_regression=0.0959, bbox_ctrness=0.5902
epoch 5/50 iter 1600/1860 loss=0.7238 mean_loss=0.8093 classification=0.0567, bbox_regression=0.0753, bbox_ctrness=0.5917
epoch 5/50 iter 1620/1860 loss=0.7380 mean_loss=0.8093 classification=0.0477, bbox_regression=0.0895, bbox_ctrness=0.6007
epoch 5/50 iter 1640/1860 loss=0.8092 mean_loss=0.8093 classification=0.0791, bbox_regression=0.1122, bbox_ctrness=0.6179
epoch 5/50 iter 1660/1860 loss=0.8216 mean_loss=0.8091 classification=0.0939, bbox_regression=0.1044, bbox_ctrness=0.6232
epoch 5/50 iter 1680/1860 loss=0.8642 mean_loss=0.8094 classification=0.1357, bbox_regression=0.1352, bbox_ctrness=0.5934
epoch 5/50 iter 1700/1860 loss=0.8384 mean_loss=0.8095 classification=0.1024, bbox_regression=0.1300, bbox_ctrness=0.6059
epoch 5/50 iter 1720/1860 loss=0.7866 mean_loss=0.8096 classification=0.0726, bbox_regression=0.0954, bbox_ctrness=0.6186
epoch 5/50 iter 1740/1860 loss=0.7733 mean_loss=0.8097 classification=0.0584, bbox_regression=0.1094, bbox_ctrness=0.6056
epoch 5/50 iter 1760/1860 loss=0.8932 mean_loss=0.8097 classification=0.1269, bbox_regression=0.1524, bbox_ctrness=0.6140
epoch 5/50 iter 1780/1860 loss=0.8150 mean_loss=0.8098 classification=0.0916, bbox_regression=0.1127, bbox_ctrness=0.6107
epoch 5/50 iter 1800/1860 loss=0.7821 mean_loss=0.8096 classification=0.0798, bbox_regression=0.1089, bbox_ctrness=0.5933
epoch 5/50 iter 1820/1860 loss=0.8390 mean_loss=0.8095 classification=0.1246, bbox_regression=0.1045, bbox_ctrness=0.6099
epoch 5/50 iter 1840/1860 loss=0.8269 mean_loss=0.8095 classification=0.1077, bbox_regression=0.1199, bbox_ctrness=0.5992
epoch 5/50 iter 1860/1860 loss=0.8519 mean_loss=0.8096 classification=0.1328, bbox_regression=0.1116, bbox_ctrness=0.6075
epoch 5 validation Precision=0.1982 Recall=0.9775 AP50=0.9283 AP75=0.8133 eval_fps=26.99 epoch_time_sec=838.7
saved checkpoint: E:\RepViT-main\runs\v48_complete_ablation\training\ra_static_equal_seed0\weights\last.pt
new best AP50=0.9283; saved checkpoint: E:\RepViT-main\runs\v48_complete_ablation\training\ra_static_equal_seed0\weights\best.pt
epoch 6/50 iter 1/1860 loss=0.7341 mean_loss=0.7341 classification=0.0394, bbox_regression=0.0799, bbox_ctrness=0.6148
epoch 6/50 iter 20/1860 loss=0.7561 mean_loss=0.7900 classification=0.0407, bbox_regression=0.1202, bbox_ctrness=0.5952
epoch 6/50 iter 40/1860 loss=0.8205 mean_loss=0.7908 classification=0.0968, bbox_regression=0.1315, bbox_ctrness=0.5922
epoch 6/50 iter 60/1860 loss=0.7693 mean_loss=0.7841 classification=0.0689, bbox_regression=0.0912, bbox_ctrness=0.6092
epoch 6/50 iter 80/1860 loss=0.7629 mean_loss=0.7847 classification=0.0584, bbox_regression=0.0823, bbox_ctrness=0.6222
epoch 6/50 iter 100/1860 loss=0.8166 mean_loss=0.7864 classification=0.1083, bbox_regression=0.1067, bbox_ctrness=0.6016
epoch 6/50 iter 120/1860 loss=0.8061 mean_loss=0.7896 classification=0.0930, bbox_regression=0.1016, bbox_ctrness=0.6116
epoch 6/50 iter 140/1860 loss=0.7736 mean_loss=0.7873 classification=0.0513, bbox_regression=0.1064, bbox_ctrness=0.6159
epoch 6/50 iter 160/1860 loss=0.7415 mean_loss=0.7878 classification=0.0645, bbox_regression=0.0757, bbox_ctrness=0.6013
epoch 6/50 iter 180/1860 loss=0.7730 mean_loss=0.7893 classification=0.0516, bbox_regression=0.1120, bbox_ctrness=0.6094
epoch 6/50 iter 200/1860 loss=0.7546 mean_loss=0.7899 classification=0.0502, bbox_regression=0.0935, bbox_ctrness=0.6109
epoch 6/50 iter 220/1860 loss=0.8081 mean_loss=0.7865 classification=0.0925, bbox_regression=0.1021, bbox_ctrness=0.6135
epoch 6/50 iter 240/1860 loss=0.8159 mean_loss=0.7859 classification=0.1175, bbox_regression=0.1046, bbox_ctrness=0.5938
epoch 6/50 iter 260/1860 loss=0.7886 mean_loss=0.7867 classification=0.0645, bbox_regression=0.1161, bbox_ctrness=0.6080
epoch 6/50 iter 280/1860 loss=0.8064 mean_loss=0.7879 classification=0.0982, bbox_regression=0.1162, bbox_ctrness=0.5920
epoch 6/50 iter 300/1860 loss=0.7559 mean_loss=0.7881 classification=0.0749, bbox_regression=0.0937, bbox_ctrness=0.5873
epoch 6/50 iter 320/1860 loss=0.7370 mean_loss=0.7883 classification=0.0581, bbox_regression=0.0991, bbox_ctrness=0.5798
epoch 6/50 iter 340/1860 loss=0.8399 mean_loss=0.7879 classification=0.0753, bbox_regression=0.1426, bbox_ctrness=0.6219
epoch 6/50 iter 360/1860 loss=0.8503 mean_loss=0.7887 classification=0.1256, bbox_regression=0.1160, bbox_ctrness=0.6086
epoch 6/50 iter 380/1860 loss=0.7440 mean_loss=0.7882 classification=0.0421, bbox_regression=0.1021, bbox_ctrness=0.5998
epoch 6/50 iter 400/1860 loss=0.8292 mean_loss=0.7879 classification=0.1020, bbox_regression=0.1176, bbox_ctrness=0.6096
epoch 6/50 iter 420/1860 loss=0.8669 mean_loss=0.7879 classification=0.1202, bbox_regression=0.1442, bbox_ctrness=0.6024
epoch 6/50 iter 440/1860 loss=0.8112 mean_loss=0.7892 classification=0.0681, bbox_regression=0.1263, bbox_ctrness=0.6168
epoch 6/50 iter 460/1860 loss=0.7563 mean_loss=0.7892 classification=0.0452, bbox_regression=0.1149, bbox_ctrness=0.5962
epoch 6/50 iter 480/1860 loss=0.7153 mean_loss=0.7883 classification=0.0496, bbox_regression=0.0762, bbox_ctrness=0.5895
epoch 6/50 iter 500/1860 loss=0.8079 mean_loss=0.7883 classification=0.0939, bbox_regression=0.1162, bbox_ctrness=0.5979
epoch 6/50 iter 520/1860 loss=0.7837 mean_loss=0.7886 classification=0.0719, bbox_regression=0.1067, bbox_ctrness=0.6051
epoch 6/50 iter 540/1860 loss=0.7174 mean_loss=0.7882 classification=0.0366, bbox_regression=0.0829, bbox_ctrness=0.5979
epoch 6/50 iter 560/1860 loss=0.7928 mean_loss=0.7879 classification=0.0785, bbox_regression=0.1146, bbox_ctrness=0.5998
epoch 6/50 iter 580/1860 loss=0.7553 mean_loss=0.7879 classification=0.0334, bbox_regression=0.1037, bbox_ctrness=0.6182
epoch 6/50 iter 600/1860 loss=0.8297 mean_loss=0.7873 classification=0.1298, bbox_regression=0.0953, bbox_ctrness=0.6045
epoch 6/50 iter 620/1860 loss=0.7790 mean_loss=0.7880 classification=0.0911, bbox_regression=0.0828, bbox_ctrness=0.6051
epoch 6/50 iter 640/1860 loss=0.8145 mean_loss=0.7888 classification=0.1047, bbox_regression=0.1016, bbox_ctrness=0.6083
epoch 6/50 iter 660/1860 loss=0.7857 mean_loss=0.7888 classification=0.1090, bbox_regression=0.0965, bbox_ctrness=0.5801
epoch 6/50 iter 680/1860 loss=0.8009 mean_loss=0.7888 classification=0.1084, bbox_regression=0.0930, bbox_ctrness=0.5994
epoch 6/50 iter 700/1860 loss=0.7469 mean_loss=0.7894 classification=0.0702, bbox_regression=0.0910, bbox_ctrness=0.5857
epoch 6/50 iter 720/1860 loss=0.7889 mean_loss=0.7894 classification=0.0824, bbox_regression=0.0930, bbox_ctrness=0.6135
epoch 6/50 iter 740/1860 loss=0.7557 mean_loss=0.7891 classification=0.0812, bbox_regression=0.0751, bbox_ctrness=0.5994
epoch 6/50 iter 760/1860 loss=0.7654 mean_loss=0.7889 classification=0.0696, bbox_regression=0.0933, bbox_ctrness=0.6025
epoch 6/50 iter 780/1860 loss=0.7979 mean_loss=0.7884 classification=0.0913, bbox_regression=0.1112, bbox_ctrness=0.5954
epoch 6/50 iter 800/1860 loss=0.8454 mean_loss=0.7882 classification=0.1067, bbox_regression=0.1168, bbox_ctrness=0.6219
epoch 6/50 iter 820/1860 loss=0.7805 mean_loss=0.7879 classification=0.0524, bbox_regression=0.1061, bbox_ctrness=0.6220
epoch 6/50 iter 840/1860 loss=0.8323 mean_loss=0.7876 classification=0.1234, bbox_regression=0.1005, bbox_ctrness=0.6084
epoch 6/50 iter 860/1860 loss=0.7334 mean_loss=0.7872 classification=0.0422, bbox_regression=0.0852, bbox_ctrness=0.6060
epoch 6/50 iter 880/1860 loss=0.7432 mean_loss=0.7870 classification=0.0547, bbox_regression=0.0884, bbox_ctrness=0.6001
epoch 6/50 iter 900/1860 loss=0.7818 mean_loss=0.7866 classification=0.0453, bbox_regression=0.1249, bbox_ctrness=0.6116
epoch 6/50 iter 920/1860 loss=0.8080 mean_loss=0.7865 classification=0.0790, bbox_regression=0.1208, bbox_ctrness=0.6081
epoch 6/50 iter 940/1860 loss=0.7176 mean_loss=0.7865 classification=0.0387, bbox_regression=0.0705, bbox_ctrness=0.6084
epoch 6/50 iter 960/1860 loss=0.7486 mean_loss=0.7861 classification=0.0616, bbox_regression=0.0840, bbox_ctrness=0.6030
epoch 6/50 iter 980/1860 loss=0.7710 mean_loss=0.7860 classification=0.0737, bbox_regression=0.1166, bbox_ctrness=0.5807
epoch 6/50 iter 1000/1860 loss=0.8905 mean_loss=0.7858 classification=0.1491, bbox_regression=0.1333, bbox_ctrness=0.6081
epoch 6/50 iter 1020/1860 loss=0.7184 mean_loss=0.7855 classification=0.0453, bbox_regression=0.0696, bbox_ctrness=0.6035
epoch 6/50 iter 1040/1860 loss=0.7675 mean_loss=0.7855 classification=0.0604, bbox_regression=0.0995, bbox_ctrness=0.6076
epoch 6/50 iter 1060/1860 loss=0.8197 mean_loss=0.7853 classification=0.1051, bbox_regression=0.1146, bbox_ctrness=0.6000
epoch 6/50 iter 1080/1860 loss=0.7894 mean_loss=0.7853 classification=0.0972, bbox_regression=0.0935, bbox_ctrness=0.5988
epoch 6/50 iter 1100/1860 loss=0.8730 mean_loss=0.7855 classification=0.1265, bbox_regression=0.1512, bbox_ctrness=0.5952
epoch 6/50 iter 1120/1860 loss=0.7512 mean_loss=0.7854 classification=0.0662, bbox_regression=0.0858, bbox_ctrness=0.5993
epoch 6/50 iter 1140/1860 loss=0.8270 mean_loss=0.7855 classification=0.0766, bbox_regression=0.1350, bbox_ctrness=0.6154
epoch 6/50 iter 1160/1860 loss=0.7993 mean_loss=0.7852 classification=0.0681, bbox_regression=0.1123, bbox_ctrness=0.6189
epoch 6/50 iter 1180/1860 loss=0.8115 mean_loss=0.7853 classification=0.0785, bbox_regression=0.1308, bbox_ctrness=0.6023
epoch 6/50 iter 1200/1860 loss=0.8175 mean_loss=0.7853 classification=0.0797, bbox_regression=0.1191, bbox_ctrness=0.6188
epoch 6/50 iter 1220/1860 loss=0.7073 mean_loss=0.7849 classification=0.0288, bbox_regression=0.0720, bbox_ctrness=0.6066
epoch 6/50 iter 1240/1860 loss=0.9961 mean_loss=0.7852 classification=0.2189, bbox_regression=0.1546, bbox_ctrness=0.6226
epoch 6/50 iter 1260/1860 loss=0.7920 mean_loss=0.7855 classification=0.0788, bbox_regression=0.1087, bbox_ctrness=0.6045
epoch 6/50 iter 1280/1860 loss=0.8042 mean_loss=0.7855 classification=0.0891, bbox_regression=0.0982, bbox_ctrness=0.6169
epoch 6/50 iter 1300/1860 loss=0.7906 mean_loss=0.7857 classification=0.0676, bbox_regression=0.1089, bbox_ctrness=0.6141
epoch 6/50 iter 1320/1860 loss=0.8064 mean_loss=0.7855 classification=0.0707, bbox_regression=0.1121, bbox_ctrness=0.6236
epoch 6/50 iter 1340/1860 loss=0.8190 mean_loss=0.7856 classification=0.1301, bbox_regression=0.1104, bbox_ctrness=0.5786
epoch 6/50 iter 1360/1860 loss=0.7664 mean_loss=0.7857 classification=0.0539, bbox_regression=0.1077, bbox_ctrness=0.6048
epoch 6/50 iter 1380/1860 loss=0.8131 mean_loss=0.7855 classification=0.0727, bbox_regression=0.1345, bbox_ctrness=0.6059
epoch 6/50 iter 1400/1860 loss=0.7304 mean_loss=0.7852 classification=0.0325, bbox_regression=0.0935, bbox_ctrness=0.6044
epoch 6/50 iter 1420/1860 loss=0.7694 mean_loss=0.7851 classification=0.0602, bbox_regression=0.1098, bbox_ctrness=0.5994
epoch 6/50 iter 1440/1860 loss=0.7488 mean_loss=0.7850 classification=0.0614, bbox_regression=0.0828, bbox_ctrness=0.6046
epoch 6/50 iter 1460/1860 loss=0.8993 mean_loss=0.7853 classification=0.1344, bbox_regression=0.1512, bbox_ctrness=0.6137
epoch 6/50 iter 1480/1860 loss=0.8389 mean_loss=0.7856 classification=0.0833, bbox_regression=0.1425, bbox_ctrness=0.6131
epoch 6/50 iter 1500/1860 loss=0.7561 mean_loss=0.7856 classification=0.0622, bbox_regression=0.1066, bbox_ctrness=0.5872
epoch 6/50 iter 1520/1860 loss=0.8763 mean_loss=0.7857 classification=0.1225, bbox_regression=0.1533, bbox_ctrness=0.6004
epoch 6/50 iter 1540/1860 loss=0.7840 mean_loss=0.7856 classification=0.0731, bbox_regression=0.1017, bbox_ctrness=0.6091
epoch 6/50 iter 1560/1860 loss=0.8316 mean_loss=0.7856 classification=0.1487, bbox_regression=0.0882, bbox_ctrness=0.5947
epoch 6/50 iter 1580/1860 loss=0.8632 mean_loss=0.7857 classification=0.0977, bbox_regression=0.1505, bbox_ctrness=0.6150
epoch 6/50 iter 1600/1860 loss=0.8214 mean_loss=0.7857 classification=0.0886, bbox_regression=0.1262, bbox_ctrness=0.6066
epoch 6/50 iter 1620/1860 loss=0.8353 mean_loss=0.7856 classification=0.0983, bbox_regression=0.1179, bbox_ctrness=0.6191
epoch 6/50 iter 1640/1860 loss=0.7919 mean_loss=0.7856 classification=0.0802, bbox_regression=0.1016, bbox_ctrness=0.6102
epoch 6/50 iter 1660/1860 loss=0.8838 mean_loss=0.7857 classification=0.1096, bbox_regression=0.1483, bbox_ctrness=0.6259
epoch 6/50 iter 1680/1860 loss=0.7445 mean_loss=0.7855 classification=0.0588, bbox_regression=0.0958, bbox_ctrness=0.5899
epoch 6/50 iter 1700/1860 loss=0.7982 mean_loss=0.7854 classification=0.0616, bbox_regression=0.1264, bbox_ctrness=0.6102
epoch 6/50 iter 1720/1860 loss=0.8028 mean_loss=0.7853 classification=0.0843, bbox_regression=0.0935, bbox_ctrness=0.6250
epoch 6/50 iter 1740/1860 loss=0.7906 mean_loss=0.7855 classification=0.0859, bbox_regression=0.1069, bbox_ctrness=0.5977
epoch 6/50 iter 1760/1860 loss=0.7476 mean_loss=0.7857 classification=0.0612, bbox_regression=0.0865, bbox_ctrness=0.5999
epoch 6/50 iter 1780/1860 loss=0.7361 mean_loss=0.7855 classification=0.0565, bbox_regression=0.0810, bbox_ctrness=0.5986
epoch 6/50 iter 1800/1860 loss=0.7626 mean_loss=0.7858 classification=0.0569, bbox_regression=0.1079, bbox_ctrness=0.5978
epoch 6/50 iter 1820/1860 loss=0.7773 mean_loss=0.7860 classification=0.0550, bbox_regression=0.1107, bbox_ctrness=0.6116
epoch 6/50 iter 1840/1860 loss=0.7229 mean_loss=0.7861 classification=0.0604, bbox_regression=0.0748, bbox_ctrness=0.5877
epoch 6/50 iter 1860/1860 loss=0.8236 mean_loss=0.7862 classification=0.1166, bbox_regression=0.1157, bbox_ctrness=0.5912
epoch 6 validation Precision=0.2610 Recall=0.9688 AP50=0.9212 AP75=0.8041 eval_fps=26.63 epoch_time_sec=830.5
saved checkpoint: E:\RepViT-main\runs\v48_complete_ablation\training\ra_static_equal_seed0\weights\last.pt
epoch 7/50 iter 1/1860 loss=0.8204 mean_loss=0.8204 classification=0.0949, bbox_regression=0.1202, bbox_ctrness=0.6052
epoch 7/50 iter 20/1860 loss=0.7648 mean_loss=0.7852 classification=0.0516, bbox_regression=0.0964, bbox_ctrness=0.6169
epoch 7/50 iter 40/1860 loss=0.7474 mean_loss=0.7758 classification=0.0449, bbox_regression=0.0886, bbox_ctrness=0.6140
epoch 7/50 iter 60/1860 loss=0.7248 mean_loss=0.7670 classification=0.0373, bbox_regression=0.0895, bbox_ctrness=0.5979
epoch 7/50 iter 80/1860 loss=0.7467 mean_loss=0.7662 classification=0.0394, bbox_regression=0.1080, bbox_ctrness=0.5993
epoch 7/50 iter 100/1860 loss=0.7505 mean_loss=0.7644 classification=0.0570, bbox_regression=0.0778, bbox_ctrness=0.6156
epoch 7/50 iter 120/1860 loss=0.7219 mean_loss=0.7656 classification=0.0306, bbox_regression=0.0983, bbox_ctrness=0.5930
epoch 7/50 iter 140/1860 loss=0.8521 mean_loss=0.7674 classification=0.1042, bbox_regression=0.1107, bbox_ctrness=0.6372
epoch 7/50 iter 160/1860 loss=0.7356 mean_loss=0.7674 classification=0.0416, bbox_regression=0.0972, bbox_ctrness=0.5968
epoch 7/50 iter 180/1860 loss=0.7808 mean_loss=0.7657 classification=0.0767, bbox_regression=0.0884, bbox_ctrness=0.6156
epoch 7/50 iter 200/1860 loss=0.7679 mean_loss=0.7661 classification=0.0687, bbox_regression=0.1023, bbox_ctrness=0.5969
epoch 7/50 iter 220/1860 loss=0.7820 mean_loss=0.7657 classification=0.0493, bbox_regression=0.1170, bbox_ctrness=0.6157
epoch 7/50 iter 240/1860 loss=0.7442 mean_loss=0.7644 classification=0.0536, bbox_regression=0.0911, bbox_ctrness=0.5995
epoch 7/50 iter 260/1860 loss=0.7368 mean_loss=0.7644 classification=0.0633, bbox_regression=0.0857, bbox_ctrness=0.5879
epoch 7/50 iter 280/1860 loss=0.7429 mean_loss=0.7633 classification=0.0495, bbox_regression=0.0843, bbox_ctrness=0.6091
epoch 7/50 iter 300/1860 loss=0.7949 mean_loss=0.7628 classification=0.1135, bbox_regression=0.0909, bbox_ctrness=0.5905
epoch 7/50 iter 320/1860 loss=0.7144 mean_loss=0.7621 classification=0.0266, bbox_regression=0.0869, bbox_ctrness=0.6008
epoch 7/50 iter 340/1860 loss=0.8456 mean_loss=0.7622 classification=0.1247, bbox_regression=0.1096, bbox_ctrness=0.6113
epoch 7/50 iter 360/1860 loss=0.8221 mean_loss=0.7619 classification=0.1063, bbox_regression=0.1182, bbox_ctrness=0.5975
epoch 7/50 iter 380/1860 loss=0.7294 mean_loss=0.7616 classification=0.0607, bbox_regression=0.0811, bbox_ctrness=0.5877
epoch 7/50 iter 400/1860 loss=0.7918 mean_loss=0.7611 classification=0.0810, bbox_regression=0.1006, bbox_ctrness=0.6102
epoch 7/50 iter 420/1860 loss=0.7718 mean_loss=0.7617 classification=0.0655, bbox_regression=0.1000, bbox_ctrness=0.6063
epoch 7/50 iter 440/1860 loss=0.7505 mean_loss=0.7614 classification=0.0370, bbox_regression=0.1031, bbox_ctrness=0.6104
epoch 7/50 iter 460/1860 loss=0.7660 mean_loss=0.7617 classification=0.0492, bbox_regression=0.1054, bbox_ctrness=0.6114
epoch 7/50 iter 480/1860 loss=0.7258 mean_loss=0.7622 classification=0.0464, bbox_regression=0.0809, bbox_ctrness=0.5985
epoch 7/50 iter 500/1860 loss=0.8611 mean_loss=0.7630 classification=0.1202, bbox_regression=0.1254, bbox_ctrness=0.6155
epoch 7/50 iter 520/1860 loss=0.8016 mean_loss=0.7630 classification=0.0761, bbox_regression=0.1234, bbox_ctrness=0.6021
epoch 7/50 iter 540/1860 loss=0.7179 mean_loss=0.7627 classification=0.0391, bbox_regression=0.0728, bbox_ctrness=0.6060
epoch 7/50 iter 560/1860 loss=0.7461 mean_loss=0.7629 classification=0.0653, bbox_regression=0.0979, bbox_ctrness=0.5829
epoch 7/50 iter 580/1860 loss=0.8494 mean_loss=0.7627 classification=0.1371, bbox_regression=0.1044, bbox_ctrness=0.6079
epoch 7/50 iter 600/1860 loss=0.7221 mean_loss=0.7621 classification=0.0457, bbox_regression=0.0668, bbox_ctrness=0.6096
epoch 7/50 iter 620/1860 loss=0.7783 mean_loss=0.7635 classification=0.1044, bbox_regression=0.0687, bbox_ctrness=0.6052
epoch 7/50 iter 640/1860 loss=0.8057 mean_loss=0.7643 classification=0.1187, bbox_regression=0.0926, bbox_ctrness=0.5944
epoch 7/50 iter 660/1860 loss=0.7444 mean_loss=0.7650 classification=0.0639, bbox_regression=0.0866, bbox_ctrness=0.5938
epoch 7/50 iter 680/1860 loss=0.7597 mean_loss=0.7653 classification=0.0562, bbox_regression=0.0939, bbox_ctrness=0.6097
epoch 7/50 iter 700/1860 loss=0.7415 mean_loss=0.7656 classification=0.0434, bbox_regression=0.0871, bbox_ctrness=0.6110
epoch 7/50 iter 720/1860 loss=0.7773 mean_loss=0.7652 classification=0.0728, bbox_regression=0.1076, bbox_ctrness=0.5969
epoch 7/50 iter 740/1860 loss=0.7339 mean_loss=0.7650 classification=0.0267, bbox_regression=0.0875, bbox_ctrness=0.6196
epoch 7/50 iter 760/1860 loss=0.7544 mean_loss=0.7648 classification=0.0687, bbox_regression=0.0885, bbox_ctrness=0.5972
epoch 7/50 iter 780/1860 loss=0.7212 mean_loss=0.7649 classification=0.0541, bbox_regression=0.0835, bbox_ctrness=0.5836
epoch 7/50 iter 800/1860 loss=0.8804 mean_loss=0.7652 classification=0.1428, bbox_regression=0.1393, bbox_ctrness=0.5983
epoch 7/50 iter 820/1860 loss=0.7235 mean_loss=0.7652 classification=0.0518, bbox_regression=0.0743, bbox_ctrness=0.5974
epoch 7/50 iter 840/1860 loss=0.7272 mean_loss=0.7652 classification=0.0459, bbox_regression=0.0756, bbox_ctrness=0.6057
epoch 7/50 iter 860/1860 loss=0.8043 mean_loss=0.7656 classification=0.0773, bbox_regression=0.1221, bbox_ctrness=0.6049
epoch 7/50 iter 880/1860 loss=0.8102 mean_loss=0.7660 classification=0.0842, bbox_regression=0.1143, bbox_ctrness=0.6116
epoch 7/50 iter 900/1860 loss=0.7263 mean_loss=0.7661 classification=0.0451, bbox_regression=0.0839, bbox_ctrness=0.5973
epoch 7/50 iter 920/1860 loss=0.8085 mean_loss=0.7663 classification=0.0765, bbox_regression=0.1353, bbox_ctrness=0.5968
epoch 7/50 iter 940/1860 loss=0.7450 mean_loss=0.7661 classification=0.0596, bbox_regression=0.0904, bbox_ctrness=0.5949
epoch 7/50 iter 960/1860 loss=0.7251 mean_loss=0.7659 classification=0.0245, bbox_regression=0.0886, bbox_ctrness=0.6119
epoch 7/50 iter 980/1860 loss=0.8112 mean_loss=0.7660 classification=0.0795, bbox_regression=0.1351, bbox_ctrness=0.5966
epoch 7/50 iter 1000/1860 loss=0.7481 mean_loss=0.7655 classification=0.0309, bbox_regression=0.1074, bbox_ctrness=0.6097
epoch 7/50 iter 1020/1860 loss=0.7367 mean_loss=0.7654 classification=0.0487, bbox_regression=0.0931, bbox_ctrness=0.5949
epoch 7/50 iter 1040/1860 loss=0.7137 mean_loss=0.7654 classification=0.0300, bbox_regression=0.0753, bbox_ctrness=0.6084
epoch 7/50 iter 1060/1860 loss=0.8916 mean_loss=0.7654 classification=0.1117, bbox_regression=0.1648, bbox_ctrness=0.6150
epoch 7/50 iter 1080/1860 loss=0.7387 mean_loss=0.7653 classification=0.0354, bbox_regression=0.0980, bbox_ctrness=0.6054
epoch 7/50 iter 1100/1860 loss=0.7345 mean_loss=0.7653 classification=0.0648, bbox_regression=0.0851, bbox_ctrness=0.5846
epoch 7/50 iter 1120/1860 loss=0.7119 mean_loss=0.7654 classification=0.0254, bbox_regression=0.0774, bbox_ctrness=0.6091
epoch 7/50 iter 1140/1860 loss=0.7568 mean_loss=0.7655 classification=0.0528, bbox_regression=0.1064, bbox_ctrness=0.5976
epoch 7/50 iter 1160/1860 loss=0.8026 mean_loss=0.7656 classification=0.0845, bbox_regression=0.0966, bbox_ctrness=0.6215
epoch 7/50 iter 1180/1860 loss=0.7593 mean_loss=0.7659 classification=0.0508, bbox_regression=0.1019, bbox_ctrness=0.6066
epoch 7/50 iter 1200/1860 loss=0.8083 mean_loss=0.7658 classification=0.0869, bbox_regression=0.1056, bbox_ctrness=0.6158
epoch 7/50 iter 1220/1860 loss=0.8646 mean_loss=0.7659 classification=0.1216, bbox_regression=0.1566, bbox_ctrness=0.5865
epoch 7/50 iter 1240/1860 loss=0.7554 mean_loss=0.7659 classification=0.0460, bbox_regression=0.1048, bbox_ctrness=0.6047
epoch 7/50 iter 1260/1860 loss=0.7492 mean_loss=0.7660 classification=0.0577, bbox_regression=0.0818, bbox_ctrness=0.6097
epoch 7/50 iter 1280/1860 loss=0.8086 mean_loss=0.7661 classification=0.0692, bbox_regression=0.1432, bbox_ctrness=0.5961
epoch 7/50 iter 1300/1860 loss=0.7523 mean_loss=0.7663 classification=0.0311, bbox_regression=0.1053, bbox_ctrness=0.6159
epoch 7/50 iter 1320/1860 loss=0.7374 mean_loss=0.7662 classification=0.0430, bbox_regression=0.0940, bbox_ctrness=0.6004
epoch 7/50 iter 1340/1860 loss=0.7268 mean_loss=0.7662 classification=0.0498, bbox_regression=0.0822, bbox_ctrness=0.5949
epoch 7/50 iter 1360/1860 loss=0.7156 mean_loss=0.7661 classification=0.0424, bbox_regression=0.0785, bbox_ctrness=0.5947
epoch 7/50 iter 1380/1860 loss=0.8749 mean_loss=0.7661 classification=0.0696, bbox_regression=0.1629, bbox_ctrness=0.6424
epoch 7/50 iter 1400/1860 loss=0.8677 mean_loss=0.7660 classification=0.1407, bbox_regression=0.1323, bbox_ctrness=0.5947
epoch 7/50 iter 1420/1860 loss=0.7986 mean_loss=0.7659 classification=0.0663, bbox_regression=0.1243, bbox_ctrness=0.6079
epoch 7/50 iter 1440/1860 loss=0.8044 mean_loss=0.7660 classification=0.1087, bbox_regression=0.1010, bbox_ctrness=0.5947
epoch 7/50 iter 1460/1860 loss=0.7883 mean_loss=0.7662 classification=0.0585, bbox_regression=0.1082, bbox_ctrness=0.6215
epoch 7/50 iter 1480/1860 loss=0.7947 mean_loss=0.7666 classification=0.0826, bbox_regression=0.1064, bbox_ctrness=0.6057
epoch 7/50 iter 1500/1860 loss=0.7782 mean_loss=0.7667 classification=0.0679, bbox_regression=0.1057, bbox_ctrness=0.6046
epoch 7/50 iter 1520/1860 loss=0.7373 mean_loss=0.7668 classification=0.0262, bbox_regression=0.0859, bbox_ctrness=0.6251
epoch 7/50 iter 1540/1860 loss=0.7627 mean_loss=0.7664 classification=0.0749, bbox_regression=0.0959, bbox_ctrness=0.5920
epoch 7/50 iter 1560/1860 loss=0.7364 mean_loss=0.7662 classification=0.0469, bbox_regression=0.0843, bbox_ctrness=0.6053
epoch 7/50 iter 1580/1860 loss=0.7468 mean_loss=0.7663 classification=0.0431, bbox_regression=0.0882, bbox_ctrness=0.6156
epoch 7/50 iter 1600/1860 loss=0.7187 mean_loss=0.7660 classification=0.0490, bbox_regression=0.0699, bbox_ctrness=0.5998
epoch 7/50 iter 1620/1860 loss=0.7677 mean_loss=0.7658 classification=0.0744, bbox_regression=0.0830, bbox_ctrness=0.6102
epoch 7/50 iter 1640/1860 loss=0.7494 mean_loss=0.7660 classification=0.0523, bbox_regression=0.1058, bbox_ctrness=0.5912
epoch 7/50 iter 1660/1860 loss=0.7384 mean_loss=0.7660 classification=0.0428, bbox_regression=0.0955, bbox_ctrness=0.6001
epoch 7/50 iter 1680/1860 loss=0.7303 mean_loss=0.7659 classification=0.0578, bbox_regression=0.0779, bbox_ctrness=0.5947
epoch 7/50 iter 1700/1860 loss=0.8154 mean_loss=0.7660 classification=0.0743, bbox_regression=0.1229, bbox_ctrness=0.6182
epoch 7/50 iter 1720/1860 loss=0.8191 mean_loss=0.7661 classification=0.1078, bbox_regression=0.1017, bbox_ctrness=0.6096
epoch 7/50 iter 1740/1860 loss=0.8501 mean_loss=0.7661 classification=0.0655, bbox_regression=0.1665, bbox_ctrness=0.6181
epoch 7/50 iter 1760/1860 loss=0.7448 mean_loss=0.7662 classification=0.0409, bbox_regression=0.0911, bbox_ctrness=0.6128
epoch 7/50 iter 1780/1860 loss=0.7632 mean_loss=0.7662 classification=0.0471, bbox_regression=0.1138, bbox_ctrness=0.6023
epoch 7/50 iter 1800/1860 loss=0.7534 mean_loss=0.7662 classification=0.0676, bbox_regression=0.0870, bbox_ctrness=0.5988
epoch 7/50 iter 1820/1860 loss=0.7235 mean_loss=0.7660 classification=0.0331, bbox_regression=0.0773, bbox_ctrness=0.6131
epoch 7/50 iter 1840/1860 loss=0.7770 mean_loss=0.7660 classification=0.0671, bbox_regression=0.1120, bbox_ctrness=0.5979
epoch 7/50 iter 1860/1860 loss=0.7987 mean_loss=0.7660 classification=0.0896, bbox_regression=0.1044, bbox_ctrness=0.6047
epoch 7 validation Precision=0.4360 Recall=0.9557 AP50=0.9128 AP75=0.7853 eval_fps=27.52 epoch_time_sec=828.4
saved checkpoint: E:\RepViT-main\runs\v48_complete_ablation\training\ra_static_equal_seed0\weights\last.pt
epoch 8/50 iter 1/1860 loss=0.7443 mean_loss=0.7443 classification=0.0515, bbox_regression=0.0900, bbox_ctrness=0.6028
epoch 8/50 iter 20/1860 loss=0.7165 mean_loss=0.7725 classification=0.0360, bbox_regression=0.1007, bbox_ctrness=0.5798
epoch 8/50 iter 40/1860 loss=0.7853 mean_loss=0.7628 classification=0.0781, bbox_regression=0.1047, bbox_ctrness=0.6025
epoch 8/50 iter 60/1860 loss=0.7748 mean_loss=0.7572 classification=0.0668, bbox_regression=0.0935, bbox_ctrness=0.6145
epoch 8/50 iter 80/1860 loss=0.7475 mean_loss=0.7521 classification=0.0326, bbox_regression=0.1105, bbox_ctrness=0.6044
epoch 8/50 iter 100/1860 loss=0.7416 mean_loss=0.7517 classification=0.0772, bbox_regression=0.0606, bbox_ctrness=0.6038
epoch 8/50 iter 120/1860 loss=0.7291 mean_loss=0.7480 classification=0.0616, bbox_regression=0.0754, bbox_ctrness=0.5921
epoch 8/50 iter 140/1860 loss=0.7280 mean_loss=0.7471 classification=0.0283, bbox_regression=0.0944, bbox_ctrness=0.6054
epoch 8/50 iter 160/1860 loss=0.7643 mean_loss=0.7472 classification=0.0771, bbox_regression=0.0969, bbox_ctrness=0.5903
epoch 8/50 iter 180/1860 loss=0.7579 mean_loss=0.7466 classification=0.0537, bbox_regression=0.0997, bbox_ctrness=0.6045
epoch 8/50 iter 200/1860 loss=0.8481 mean_loss=0.7460 classification=0.0934, bbox_regression=0.1505, bbox_ctrness=0.6042
epoch 8/50 iter 220/1860 loss=0.7399 mean_loss=0.7455 classification=0.0368, bbox_regression=0.1213, bbox_ctrness=0.5818
epoch 8/50 iter 240/1860 loss=0.7491 mean_loss=0.7462 classification=0.0420, bbox_regression=0.0944, bbox_ctrness=0.6128
epoch 8/50 iter 260/1860 loss=0.7568 mean_loss=0.7477 classification=0.0623, bbox_regression=0.0900, bbox_ctrness=0.6046
epoch 8/50 iter 280/1860 loss=0.7378 mean_loss=0.7476 classification=0.0727, bbox_regression=0.0746, bbox_ctrness=0.5904
epoch 8/50 iter 300/1860 loss=0.7052 mean_loss=0.7474 classification=0.0406, bbox_regression=0.0762, bbox_ctrness=0.5884
epoch 8/50 iter 320/1860 loss=0.7651 mean_loss=0.7471 classification=0.0651, bbox_regression=0.1048, bbox_ctrness=0.5951
epoch 8/50 iter 340/1860 loss=0.8344 mean_loss=0.7471 classification=0.1151, bbox_regression=0.1232, bbox_ctrness=0.5961
epoch 8/50 iter 360/1860 loss=0.7561 mean_loss=0.7476 classification=0.0189, bbox_regression=0.1065, bbox_ctrness=0.6307
epoch 8/50 iter 380/1860 loss=0.7048 mean_loss=0.7471 classification=0.0298, bbox_regression=0.0854, bbox_ctrness=0.5895
epoch 8/50 iter 400/1860 loss=0.6838 mean_loss=0.7467 classification=0.0322, bbox_regression=0.0650, bbox_ctrness=0.5866
epoch 8/50 iter 420/1860 loss=0.7146 mean_loss=0.7468 classification=0.0284, bbox_regression=0.0636, bbox_ctrness=0.6226
epoch 8/50 iter 440/1860 loss=0.8255 mean_loss=0.7469 classification=0.1136, bbox_regression=0.1026, bbox_ctrness=0.6093
epoch 8/50 iter 460/1860 loss=0.7524 mean_loss=0.7470 classification=0.0443, bbox_regression=0.1034, bbox_ctrness=0.6046
epoch 8/50 iter 480/1860 loss=0.7674 mean_loss=0.7467 classification=0.0513, bbox_regression=0.1069, bbox_ctrness=0.6091
epoch 8/50 iter 500/1860 loss=0.7588 mean_loss=0.7469 classification=0.0530, bbox_regression=0.0949, bbox_ctrness=0.6109
epoch 8/50 iter 520/1860 loss=0.7410 mean_loss=0.7470 classification=0.0486, bbox_regression=0.1029, bbox_ctrness=0.5895
epoch 8/50 iter 540/1860 loss=0.7149 mean_loss=0.7472 classification=0.0339, bbox_regression=0.0822, bbox_ctrness=0.5989
epoch 8/50 iter 560/1860 loss=0.7259 mean_loss=0.7472 classification=0.0548, bbox_regression=0.0790, bbox_ctrness=0.5920
epoch 8/50 iter 580/1860 loss=0.7854 mean_loss=0.7473 classification=0.0782, bbox_regression=0.1107, bbox_ctrness=0.5965
epoch 8/50 iter 600/1860 loss=0.7344 mean_loss=0.7469 classification=0.0343, bbox_regression=0.0851, bbox_ctrness=0.6151
epoch 8/50 iter 620/1860 loss=0.7242 mean_loss=0.7470 classification=0.0518, bbox_regression=0.0747, bbox_ctrness=0.5977
epoch 8/50 iter 640/1860 loss=0.7424 mean_loss=0.7474 classification=0.0583, bbox_regression=0.0800, bbox_ctrness=0.6041
epoch 8/50 iter 660/1860 loss=0.7362 mean_loss=0.7476 classification=0.0566, bbox_regression=0.0898, bbox_ctrness=0.5898
epoch 8/50 iter 680/1860 loss=0.7771 mean_loss=0.7474 classification=0.0381, bbox_regression=0.1111, bbox_ctrness=0.6278
epoch 8/50 iter 700/1860 loss=0.6732 mean_loss=0.7474 classification=0.0271, bbox_regression=0.0564, bbox_ctrness=0.5897
epoch 8/50 iter 720/1860 loss=0.7632 mean_loss=0.7474 classification=0.0688, bbox_regression=0.0931, bbox_ctrness=0.6013
epoch 8/50 iter 740/1860 loss=0.7285 mean_loss=0.7478 classification=0.0499, bbox_regression=0.0760, bbox_ctrness=0.6027
epoch 8/50 iter 760/1860 loss=0.7337 mean_loss=0.7478 classification=0.0558, bbox_regression=0.0887, bbox_ctrness=0.5891
epoch 8/50 iter 780/1860 loss=0.7295 mean_loss=0.7477 classification=0.0254, bbox_regression=0.0892, bbox_ctrness=0.6149
epoch 8/50 iter 800/1860 loss=0.7582 mean_loss=0.7475 classification=0.0713, bbox_regression=0.0894, bbox_ctrness=0.5976
epoch 8/50 iter 820/1860 loss=0.7374 mean_loss=0.7477 classification=0.0373, bbox_regression=0.0934, bbox_ctrness=0.6067
epoch 8/50 iter 840/1860 loss=0.7037 mean_loss=0.7476 classification=0.0549, bbox_regression=0.0775, bbox_ctrness=0.5714
epoch 8/50 iter 860/1860 loss=0.6992 mean_loss=0.7476 classification=0.0138, bbox_regression=0.0682, bbox_ctrness=0.6172
epoch 8/50 iter 880/1860 loss=0.7555 mean_loss=0.7479 classification=0.0399, bbox_regression=0.1077, bbox_ctrness=0.6079
epoch 8/50 iter 900/1860 loss=0.7465 mean_loss=0.7478 classification=0.0517, bbox_regression=0.1046, bbox_ctrness=0.5902
epoch 8/50 iter 920/1860 loss=0.7518 mean_loss=0.7477 classification=0.0555, bbox_regression=0.0962, bbox_ctrness=0.6001
epoch 8/50 iter 940/1860 loss=0.7343 mean_loss=0.7480 classification=0.0292, bbox_regression=0.1028, bbox_ctrness=0.6024
epoch 8/50 iter 960/1860 loss=0.7901 mean_loss=0.7483 classification=0.0765, bbox_regression=0.1097, bbox_ctrness=0.6038
epoch 8/50 iter 980/1860 loss=0.7449 mean_loss=0.7485 classification=0.0661, bbox_regression=0.0889, bbox_ctrness=0.5899
epoch 8/50 iter 1000/1860 loss=0.6981 mean_loss=0.7486 classification=0.0304, bbox_regression=0.0632, bbox_ctrness=0.6045
epoch 8/50 iter 1020/1860 loss=0.8074 mean_loss=0.7487 classification=0.0782, bbox_regression=0.1257, bbox_ctrness=0.6035
epoch 8/50 iter 1040/1860 loss=0.7486 mean_loss=0.7488 classification=0.0868, bbox_regression=0.0694, bbox_ctrness=0.5923
epoch 8/50 iter 1060/1860 loss=0.6977 mean_loss=0.7490 classification=0.0090, bbox_regression=0.0782, bbox_ctrness=0.6105
epoch 8/50 iter 1080/1860 loss=0.7133 mean_loss=0.7491 classification=0.0370, bbox_regression=0.0782, bbox_ctrness=0.5982
epoch 8/50 iter 1100/1860 loss=0.7487 mean_loss=0.7490 classification=0.0484, bbox_regression=0.0946, bbox_ctrness=0.6057
epoch 8/50 iter 1120/1860 loss=0.7106 mean_loss=0.7488 classification=0.0425, bbox_regression=0.0628, bbox_ctrness=0.6054
epoch 8/50 iter 1140/1860 loss=0.8359 mean_loss=0.7488 classification=0.0996, bbox_regression=0.1310, bbox_ctrness=0.6053
epoch 8/50 iter 1160/1860 loss=0.8144 mean_loss=0.7488 classification=0.0837, bbox_regression=0.1190, bbox_ctrness=0.6117
epoch 8/50 iter 1180/1860 loss=0.7233 mean_loss=0.7488 classification=0.0333, bbox_regression=0.0851, bbox_ctrness=0.6049
epoch 8/50 iter 1200/1860 loss=0.7228 mean_loss=0.7488 classification=0.0512, bbox_regression=0.0772, bbox_ctrness=0.5944
epoch 8/50 iter 1220/1860 loss=0.7098 mean_loss=0.7487 classification=0.0489, bbox_regression=0.0557, bbox_ctrness=0.6052
epoch 8/50 iter 1240/1860 loss=0.7225 mean_loss=0.7486 classification=0.0425, bbox_regression=0.0827, bbox_ctrness=0.5973
epoch 8/50 iter 1260/1860 loss=0.7659 mean_loss=0.7485 classification=0.0496, bbox_regression=0.1032, bbox_ctrness=0.6132
epoch 8/50 iter 1280/1860 loss=0.7860 mean_loss=0.7484 classification=0.0831, bbox_regression=0.1063, bbox_ctrness=0.5966
epoch 8/50 iter 1300/1860 loss=0.7916 mean_loss=0.7486 classification=0.0495, bbox_regression=0.1388, bbox_ctrness=0.6034
epoch 8/50 iter 1320/1860 loss=0.8244 mean_loss=0.7487 classification=0.1416, bbox_regression=0.0855, bbox_ctrness=0.5973
epoch 8/50 iter 1340/1860 loss=0.7717 mean_loss=0.7492 classification=0.0699, bbox_regression=0.1145, bbox_ctrness=0.5873
epoch 8/50 iter 1360/1860 loss=0.7018 mean_loss=0.7491 classification=0.0195, bbox_regression=0.0638, bbox_ctrness=0.6185
epoch 8/50 iter 1380/1860 loss=0.7233 mean_loss=0.7493 classification=0.0446, bbox_regression=0.0696, bbox_ctrness=0.6091
epoch 8/50 iter 1400/1860 loss=0.7310 mean_loss=0.7494 classification=0.0374, bbox_regression=0.1002, bbox_ctrness=0.5934
epoch 8/50 iter 1420/1860 loss=0.7104 mean_loss=0.7494 classification=0.0483, bbox_regression=0.0684, bbox_ctrness=0.5937
epoch 8/50 iter 1440/1860 loss=0.7586 mean_loss=0.7494 classification=0.0733, bbox_regression=0.0916, bbox_ctrness=0.5937
epoch 8/50 iter 1460/1860 loss=0.7685 mean_loss=0.7494 classification=0.0584, bbox_regression=0.1005, bbox_ctrness=0.6096
epoch 8/50 iter 1480/1860 loss=0.6974 mean_loss=0.7494 classification=0.0233, bbox_regression=0.0758, bbox_ctrness=0.5983
epoch 8/50 iter 1500/1860 loss=0.7306 mean_loss=0.7496 classification=0.0494, bbox_regression=0.0797, bbox_ctrness=0.6015
epoch 8/50 iter 1520/1860 loss=0.7064 mean_loss=0.7495 classification=0.0443, bbox_regression=0.0640, bbox_ctrness=0.5981
epoch 8/50 iter 1540/1860 loss=0.7630 mean_loss=0.7496 classification=0.0680, bbox_regression=0.0947, bbox_ctrness=0.6004
epoch 8/50 iter 1560/1860 loss=0.7525 mean_loss=0.7497 classification=0.0517, bbox_regression=0.0970, bbox_ctrness=0.6038
epoch 8/50 iter 1580/1860 loss=0.7453 mean_loss=0.7498 classification=0.0649, bbox_regression=0.0779, bbox_ctrness=0.6025
epoch 8/50 iter 1600/1860 loss=0.8178 mean_loss=0.7500 classification=0.0838, bbox_regression=0.1270, bbox_ctrness=0.6070
epoch 8/50 iter 1620/1860 loss=0.7729 mean_loss=0.7502 classification=0.0751, bbox_regression=0.0903, bbox_ctrness=0.6075
epoch 8/50 iter 1640/1860 loss=0.7040 mean_loss=0.7502 classification=0.0228, bbox_regression=0.0751, bbox_ctrness=0.6061
epoch 8/50 iter 1660/1860 loss=0.7298 mean_loss=0.7503 classification=0.0422, bbox_regression=0.0738, bbox_ctrness=0.6138
epoch 8/50 iter 1680/1860 loss=0.7276 mean_loss=0.7501 classification=0.0382, bbox_regression=0.0975, bbox_ctrness=0.5919
epoch 8/50 iter 1700/1860 loss=0.7230 mean_loss=0.7501 classification=0.0491, bbox_regression=0.0784, bbox_ctrness=0.5954
epoch 8/50 iter 1720/1860 loss=0.7317 mean_loss=0.7501 classification=0.0522, bbox_regression=0.0860, bbox_ctrness=0.5935
epoch 8/50 iter 1740/1860 loss=0.7308 mean_loss=0.7501 classification=0.0488, bbox_regression=0.0863, bbox_ctrness=0.5957
epoch 8/50 iter 1760/1860 loss=0.8759 mean_loss=0.7502 classification=0.1373, bbox_regression=0.1187, bbox_ctrness=0.6199
epoch 8/50 iter 1780/1860 loss=0.7984 mean_loss=0.7502 classification=0.0702, bbox_regression=0.1212, bbox_ctrness=0.6070
epoch 8/50 iter 1800/1860 loss=0.7956 mean_loss=0.7502 classification=0.0724, bbox_regression=0.1157, bbox_ctrness=0.6074
epoch 8/50 iter 1820/1860 loss=0.7188 mean_loss=0.7503 classification=0.0322, bbox_regression=0.1016, bbox_ctrness=0.5849
epoch 8/50 iter 1840/1860 loss=0.7533 mean_loss=0.7503 classification=0.0508, bbox_regression=0.1056, bbox_ctrness=0.5969
epoch 8/50 iter 1860/1860 loss=0.7188 mean_loss=0.7502 classification=0.0208, bbox_regression=0.0756, bbox_ctrness=0.6225
epoch 8 validation Precision=0.3059 Recall=0.9628 AP50=0.9170 AP75=0.7983 eval_fps=14.61 epoch_time_sec=923.8
saved checkpoint: E:\RepViT-main\runs\v48_complete_ablation\training\ra_static_equal_seed0\weights\last.pt
epoch 9/50 iter 1/1860 loss=0.7102 mean_loss=0.7102 classification=0.0333, bbox_regression=0.0724, bbox_ctrness=0.6045
epoch 9/50 iter 20/1860 loss=0.6881 mean_loss=0.7355 classification=0.0083, bbox_regression=0.0833, bbox_ctrness=0.5965
epoch 9/50 iter 40/1860 loss=0.7559 mean_loss=0.7305 classification=0.0775, bbox_regression=0.0855, bbox_ctrness=0.5928
epoch 9/50 iter 60/1860 loss=0.7033 mean_loss=0.7324 classification=0.0489, bbox_regression=0.0713, bbox_ctrness=0.5831
epoch 9/50 iter 80/1860 loss=0.7397 mean_loss=0.7324 classification=0.0434, bbox_regression=0.0865, bbox_ctrness=0.6098
epoch 9/50 iter 100/1860 loss=0.7202 mean_loss=0.7295 classification=0.0420, bbox_regression=0.0789, bbox_ctrness=0.5993
epoch 9/50 iter 120/1860 loss=0.7358 mean_loss=0.7314 classification=0.0376, bbox_regression=0.0997, bbox_ctrness=0.5985
epoch 9/50 iter 140/1860 loss=0.7095 mean_loss=0.7319 classification=0.0345, bbox_regression=0.0843, bbox_ctrness=0.5908
epoch 9/50 iter 160/1860 loss=0.7177 mean_loss=0.7309 classification=0.0420, bbox_regression=0.0767, bbox_ctrness=0.5990
epoch 9/50 iter 180/1860 loss=0.7794 mean_loss=0.7296 classification=0.0588, bbox_regression=0.1039, bbox_ctrness=0.6167
epoch 9/50 iter 200/1860 loss=0.7123 mean_loss=0.7287 classification=0.0316, bbox_regression=0.0823, bbox_ctrness=0.5984
epoch 9/50 iter 220/1860 loss=0.7341 mean_loss=0.7295 classification=0.0428, bbox_regression=0.0885, bbox_ctrness=0.6027
epoch 9/50 iter 240/1860 loss=0.7236 mean_loss=0.7310 classification=0.0471, bbox_regression=0.0842, bbox_ctrness=0.5924
epoch 9/50 iter 260/1860 loss=0.7304 mean_loss=0.7306 classification=0.0227, bbox_regression=0.0907, bbox_ctrness=0.6170
epoch 9/50 iter 280/1860 loss=0.7770 mean_loss=0.7309 classification=0.0749, bbox_regression=0.1091, bbox_ctrness=0.5930
epoch 9/50 iter 300/1860 loss=0.7190 mean_loss=0.7305 classification=0.0358, bbox_regression=0.0826, bbox_ctrness=0.6006
epoch 9/50 iter 320/1860 loss=0.8232 mean_loss=0.7310 classification=0.0989, bbox_regression=0.1429, bbox_ctrness=0.5813
epoch 9/50 iter 340/1860 loss=0.7674 mean_loss=0.7306 classification=0.0664, bbox_regression=0.1017, bbox_ctrness=0.5994
epoch 9/50 iter 360/1860 loss=0.7128 mean_loss=0.7301 classification=0.0266, bbox_regression=0.0917, bbox_ctrness=0.5944
epoch 9/50 iter 380/1860 loss=0.7399 mean_loss=0.7318 classification=0.0791, bbox_regression=0.0737, bbox_ctrness=0.5871
epoch 9/50 iter 400/1860 loss=0.6898 mean_loss=0.7333 classification=0.0210, bbox_regression=0.0585, bbox_ctrness=0.6103
epoch 9/50 iter 420/1860 loss=0.6843 mean_loss=0.7330 classification=0.0290, bbox_regression=0.0769, bbox_ctrness=0.5785
epoch 9/50 iter 440/1860 loss=0.6954 mean_loss=0.7335 classification=0.0219, bbox_regression=0.0862, bbox_ctrness=0.5873
epoch 9/50 iter 460/1860 loss=0.7238 mean_loss=0.7327 classification=0.0327, bbox_regression=0.0787, bbox_ctrness=0.6123
epoch 9/50 iter 480/1860 loss=0.9002 mean_loss=0.7329 classification=0.1424, bbox_regression=0.1626, bbox_ctrness=0.5952
epoch 9/50 iter 500/1860 loss=0.7352 mean_loss=0.7331 classification=0.0514, bbox_regression=0.0929, bbox_ctrness=0.5908
epoch 9/50 iter 520/1860 loss=0.7359 mean_loss=0.7332 classification=0.0489, bbox_regression=0.0887, bbox_ctrness=0.5983
epoch 9/50 iter 540/1860 loss=0.7700 mean_loss=0.7335 classification=0.0667, bbox_regression=0.1112, bbox_ctrness=0.5921
epoch 9/50 iter 560/1860 loss=0.7117 mean_loss=0.7335 classification=0.0371, bbox_regression=0.0668, bbox_ctrness=0.6079
epoch 9/50 iter 580/1860 loss=0.7235 mean_loss=0.7334 classification=0.0246, bbox_regression=0.0974, bbox_ctrness=0.6016
epoch 9/50 iter 600/1860 loss=0.7530 mean_loss=0.7330 classification=0.0329, bbox_regression=0.1101, bbox_ctrness=0.6101
epoch 9/50 iter 620/1860 loss=0.7451 mean_loss=0.7332 classification=0.0557, bbox_regression=0.0946, bbox_ctrness=0.5948
epoch 9/50 iter 640/1860 loss=0.6827 mean_loss=0.7331 classification=0.0240, bbox_regression=0.0737, bbox_ctrness=0.5850
epoch 9/50 iter 660/1860 loss=0.7243 mean_loss=0.7333 classification=0.0428, bbox_regression=0.0809, bbox_ctrness=0.6006
epoch 9/50 iter 680/1860 loss=0.7314 mean_loss=0.7332 classification=0.0235, bbox_regression=0.0961, bbox_ctrness=0.6118
epoch 9/50 iter 700/1860 loss=0.7605 mean_loss=0.7335 classification=0.0625, bbox_regression=0.1041, bbox_ctrness=0.5939
epoch 9/50 iter 720/1860 loss=0.6930 mean_loss=0.7341 classification=0.0367, bbox_regression=0.0773, bbox_ctrness=0.5790
epoch 9/50 iter 740/1860 loss=0.7015 mean_loss=0.7343 classification=0.0304, bbox_regression=0.0653, bbox_ctrness=0.6058
epoch 9/50 iter 760/1860 loss=0.6706 mean_loss=0.7343 classification=0.0340, bbox_regression=0.0653, bbox_ctrness=0.5713
epoch 9/50 iter 780/1860 loss=0.8118 mean_loss=0.7345 classification=0.1046, bbox_regression=0.0930, bbox_ctrness=0.6142
epoch 9/50 iter 800/1860 loss=0.7022 mean_loss=0.7350 classification=0.0247, bbox_regression=0.0817, bbox_ctrness=0.5958
epoch 9/50 iter 820/1860 loss=0.7025 mean_loss=0.7351 classification=0.0190, bbox_regression=0.0799, bbox_ctrness=0.6036
epoch 9/50 iter 840/1860 loss=0.7131 mean_loss=0.7351 classification=0.0331, bbox_regression=0.0709, bbox_ctrness=0.6091
epoch 9/50 iter 860/1860 loss=0.7265 mean_loss=0.7354 classification=0.0049, bbox_regression=0.0983, bbox_ctrness=0.6233
epoch 9/50 iter 880/1860 loss=0.7402 mean_loss=0.7355 classification=0.0290, bbox_regression=0.0978, bbox_ctrness=0.6133
epoch 9/50 iter 900/1860 loss=0.7202 mean_loss=0.7355 classification=0.0230, bbox_regression=0.0880, bbox_ctrness=0.6092
epoch 9/50 iter 920/1860 loss=0.7130 mean_loss=0.7356 classification=0.0375, bbox_regression=0.0856, bbox_ctrness=0.5899
epoch 9/50 iter 940/1860 loss=0.7499 mean_loss=0.7355 classification=0.0326, bbox_regression=0.1057, bbox_ctrness=0.6116
epoch 9/50 iter 960/1860 loss=0.7909 mean_loss=0.7356 classification=0.1013, bbox_regression=0.0908, bbox_ctrness=0.5987
epoch 9/50 iter 980/1860 loss=0.7405 mean_loss=0.7355 classification=0.0486, bbox_regression=0.0946, bbox_ctrness=0.5972
epoch 9/50 iter 1000/1860 loss=0.7270 mean_loss=0.7353 classification=0.0337, bbox_regression=0.0937, bbox_ctrness=0.5996
epoch 9/50 iter 1020/1860 loss=0.7555 mean_loss=0.7353 classification=0.0570, bbox_regression=0.0833, bbox_ctrness=0.6152
epoch 9/50 iter 1040/1860 loss=0.8648 mean_loss=0.7355 classification=0.1141, bbox_regression=0.1451, bbox_ctrness=0.6056
epoch 9/50 iter 1060/1860 loss=0.7229 mean_loss=0.7352 classification=0.0217, bbox_regression=0.1021, bbox_ctrness=0.5991
epoch 9/50 iter 1080/1860 loss=0.7273 mean_loss=0.7355 classification=0.0604, bbox_regression=0.0651, bbox_ctrness=0.6017
epoch 9/50 iter 1100/1860 loss=0.7561 mean_loss=0.7356 classification=0.0615, bbox_regression=0.0920, bbox_ctrness=0.6026
epoch 9/50 iter 1120/1860 loss=0.7902 mean_loss=0.7359 classification=0.0602, bbox_regression=0.1050, bbox_ctrness=0.6249
epoch 9/50 iter 1140/1860 loss=0.7629 mean_loss=0.7360 classification=0.0632, bbox_regression=0.1050, bbox_ctrness=0.5948
epoch 9/50 iter 1160/1860 loss=0.8209 mean_loss=0.7363 classification=0.0736, bbox_regression=0.1482, bbox_ctrness=0.5990
epoch 9/50 iter 1180/1860 loss=0.7176 mean_loss=0.7364 classification=0.0468, bbox_regression=0.0731, bbox_ctrness=0.5977
epoch 9/50 iter 1200/1860 loss=0.7464 mean_loss=0.7365 classification=0.0661, bbox_regression=0.0860, bbox_ctrness=0.5943
epoch 9/50 iter 1220/1860 loss=0.7999 mean_loss=0.7367 classification=0.0689, bbox_regression=0.1247, bbox_ctrness=0.6063
epoch 9/50 iter 1240/1860 loss=0.7715 mean_loss=0.7370 classification=0.0769, bbox_regression=0.0983, bbox_ctrness=0.5963
epoch 9/50 iter 1260/1860 loss=0.6956 mean_loss=0.7371 classification=0.0325, bbox_regression=0.0622, bbox_ctrness=0.6009
epoch 9/50 iter 1280/1860 loss=0.8059 mean_loss=0.7373 classification=0.0919, bbox_regression=0.0989, bbox_ctrness=0.6151
epoch 9/50 iter 1300/1860 loss=0.7395 mean_loss=0.7372 classification=0.0554, bbox_regression=0.0895, bbox_ctrness=0.5945
epoch 9/50 iter 1320/1860 loss=0.7056 mean_loss=0.7374 classification=0.0157, bbox_regression=0.0864, bbox_ctrness=0.6035
epoch 9/50 iter 1340/1860 loss=0.7530 mean_loss=0.7375 classification=0.0345, bbox_regression=0.0996, bbox_ctrness=0.6189
epoch 9/50 iter 1360/1860 loss=0.7250 mean_loss=0.7374 classification=0.0537, bbox_regression=0.0804, bbox_ctrness=0.5909
epoch 9/50 iter 1380/1860 loss=0.7428 mean_loss=0.7373 classification=0.0601, bbox_regression=0.0814, bbox_ctrness=0.6014
epoch 9/50 iter 1400/1860 loss=0.6969 mean_loss=0.7376 classification=0.0204, bbox_regression=0.0778, bbox_ctrness=0.5987
epoch 9/50 iter 1420/1860 loss=0.7008 mean_loss=0.7378 classification=0.0501, bbox_regression=0.0617, bbox_ctrness=0.5890
epoch 9/50 iter 1440/1860 loss=0.7415 mean_loss=0.7377 classification=0.0419, bbox_regression=0.0860, bbox_ctrness=0.6136
epoch 9/50 iter 1460/1860 loss=0.7211 mean_loss=0.7376 classification=0.0401, bbox_regression=0.0689, bbox_ctrness=0.6120
epoch 9/50 iter 1480/1860 loss=0.6881 mean_loss=0.7375 classification=0.0149, bbox_regression=0.0703, bbox_ctrness=0.6029
epoch 9/50 iter 1500/1860 loss=0.7652 mean_loss=0.7375 classification=0.0855, bbox_regression=0.0913, bbox_ctrness=0.5884
epoch 9/50 iter 1520/1860 loss=0.7610 mean_loss=0.7377 classification=0.0285, bbox_regression=0.1189, bbox_ctrness=0.6136
epoch 9/50 iter 1540/1860 loss=0.7442 mean_loss=0.7377 classification=0.0445, bbox_regression=0.1074, bbox_ctrness=0.5924
epoch 9/50 iter 1560/1860 loss=0.7191 mean_loss=0.7378 classification=0.0480, bbox_regression=0.0702, bbox_ctrness=0.6008
epoch 9/50 iter 1580/1860 loss=0.7215 mean_loss=0.7378 classification=0.0110, bbox_regression=0.0897, bbox_ctrness=0.6209
epoch 9/50 iter 1600/1860 loss=0.7367 mean_loss=0.7376 classification=0.0568, bbox_regression=0.0728, bbox_ctrness=0.6070
epoch 9/50 iter 1620/1860 loss=0.8149 mean_loss=0.7379 classification=0.1104, bbox_regression=0.1103, bbox_ctrness=0.5942
epoch 9/50 iter 1640/1860 loss=0.7965 mean_loss=0.7381 classification=0.0886, bbox_regression=0.1134, bbox_ctrness=0.5945
epoch 9/50 iter 1660/1860 loss=0.7329 mean_loss=0.7381 classification=0.0476, bbox_regression=0.0774, bbox_ctrness=0.6079
epoch 9/50 iter 1680/1860 loss=0.6835 mean_loss=0.7382 classification=0.0107, bbox_regression=0.0675, bbox_ctrness=0.6052
epoch 9/50 iter 1700/1860 loss=0.7228 mean_loss=0.7381 classification=0.0472, bbox_regression=0.0783, bbox_ctrness=0.5973
epoch 9/50 iter 1720/1860 loss=0.7156 mean_loss=0.7381 classification=0.0407, bbox_regression=0.0827, bbox_ctrness=0.5923
epoch 9/50 iter 1740/1860 loss=0.7921 mean_loss=0.7381 classification=0.0838, bbox_regression=0.0973, bbox_ctrness=0.6110
epoch 9/50 iter 1760/1860 loss=0.7270 mean_loss=0.7383 classification=0.0202, bbox_regression=0.0855, bbox_ctrness=0.6213
epoch 9/50 iter 1780/1860 loss=0.7461 mean_loss=0.7384 classification=0.0542, bbox_regression=0.0881, bbox_ctrness=0.6039
epoch 9/50 iter 1800/1860 loss=0.7604 mean_loss=0.7383 classification=0.0750, bbox_regression=0.0933, bbox_ctrness=0.5921
epoch 9/50 iter 1820/1860 loss=0.7130 mean_loss=0.7381 classification=0.0116, bbox_regression=0.0891, bbox_ctrness=0.6123
epoch 9/50 iter 1840/1860 loss=0.7532 mean_loss=0.7381 classification=0.0696, bbox_regression=0.0875, bbox_ctrness=0.5960
epoch 9/50 iter 1860/1860 loss=0.7519 mean_loss=0.7383 classification=0.0517, bbox_regression=0.0788, bbox_ctrness=0.6214
epoch 9 validation Precision=0.4229 Recall=0.9542 AP50=0.9140 AP75=0.8057 eval_fps=24.55 epoch_time_sec=1005.7
saved checkpoint: E:\RepViT-main\runs\v48_complete_ablation\training\ra_static_equal_seed0\weights\last.pt
epoch 10/50 iter 1/1860 loss=0.6934 mean_loss=0.6934 classification=0.0289, bbox_regression=0.0873, bbox_ctrness=0.5772
epoch 10/50 iter 20/1860 loss=0.6991 mean_loss=0.7266 classification=0.0436, bbox_regression=0.0737, bbox_ctrness=0.5818
epoch 10/50 iter 40/1860 loss=0.7114 mean_loss=0.7246 classification=0.0321, bbox_regression=0.0771, bbox_ctrness=0.6021
epoch 10/50 iter 60/1860 loss=0.6936 mean_loss=0.7273 classification=0.0371, bbox_regression=0.0725, bbox_ctrness=0.5840
epoch 10/50 iter 80/1860 loss=0.7238 mean_loss=0.7259 classification=0.0247, bbox_regression=0.0823, bbox_ctrness=0.6168
epoch 10/50 iter 100/1860 loss=0.7264 mean_loss=0.7241 classification=0.0324, bbox_regression=0.0817, bbox_ctrness=0.6123
epoch 10/50 iter 120/1860 loss=0.7333 mean_loss=0.7244 classification=0.0386, bbox_regression=0.0985, bbox_ctrness=0.5961
epoch 10/50 iter 140/1860 loss=0.7207 mean_loss=0.7231 classification=0.0260, bbox_regression=0.0745, bbox_ctrness=0.6203
epoch 10/50 iter 160/1860 loss=0.7050 mean_loss=0.7222 classification=0.0192, bbox_regression=0.0770, bbox_ctrness=0.6088
epoch 10/50 iter 180/1860 loss=0.8407 mean_loss=0.7236 classification=0.1377, bbox_regression=0.1150, bbox_ctrness=0.5881
epoch 10/50 iter 200/1860 loss=0.7051 mean_loss=0.7241 classification=0.0197, bbox_regression=0.0758, bbox_ctrness=0.6096
epoch 10/50 iter 220/1860 loss=0.7324 mean_loss=0.7240 classification=0.0377, bbox_regression=0.1061, bbox_ctrness=0.5886
epoch 10/50 iter 240/1860 loss=0.7131 mean_loss=0.7243 classification=0.0493, bbox_regression=0.0718, bbox_ctrness=0.5921
epoch 10/50 iter 260/1860 loss=0.7393 mean_loss=0.7242 classification=0.0445, bbox_regression=0.0894, bbox_ctrness=0.6055
epoch 10/50 iter 280/1860 loss=0.6980 mean_loss=0.7243 classification=0.0402, bbox_regression=0.0641, bbox_ctrness=0.5937
epoch 10/50 iter 300/1860 loss=0.8410 mean_loss=0.7243 classification=0.1341, bbox_regression=0.1103, bbox_ctrness=0.5966
epoch 10/50 iter 320/1860 loss=0.7395 mean_loss=0.7241 classification=0.0541, bbox_regression=0.0877, bbox_ctrness=0.5977
epoch 10/50 iter 340/1860 loss=0.6995 mean_loss=0.7234 classification=0.0207, bbox_regression=0.0822, bbox_ctrness=0.5966
epoch 10/50 iter 360/1860 loss=0.7456 mean_loss=0.7237 classification=0.0462, bbox_regression=0.0848, bbox_ctrness=0.6147
epoch 10/50 iter 380/1860 loss=0.7313 mean_loss=0.7236 classification=0.0322, bbox_regression=0.0880, bbox_ctrness=0.6111
epoch 10/50 iter 400/1860 loss=0.7629 mean_loss=0.7244 classification=0.0543, bbox_regression=0.1043, bbox_ctrness=0.6043
epoch 10/50 iter 420/1860 loss=0.7010 mean_loss=0.7246 classification=0.0492, bbox_regression=0.0714, bbox_ctrness=0.5804
epoch 10/50 iter 440/1860 loss=0.6934 mean_loss=0.7249 classification=0.0304, bbox_regression=0.0717, bbox_ctrness=0.5913
epoch 10/50 iter 460/1860 loss=0.7256 mean_loss=0.7248 classification=0.0440, bbox_regression=0.0804, bbox_ctrness=0.6013
epoch 10/50 iter 480/1860 loss=0.7387 mean_loss=0.7250 classification=0.0443, bbox_regression=0.0855, bbox_ctrness=0.6089
epoch 10/50 iter 500/1860 loss=0.7775 mean_loss=0.7253 classification=0.0859, bbox_regression=0.0991, bbox_ctrness=0.5925
epoch 10/50 iter 520/1860 loss=0.6969 mean_loss=0.7255 classification=0.0235, bbox_regression=0.0731, bbox_ctrness=0.6003
epoch 10/50 iter 540/1860 loss=0.7134 mean_loss=0.7258 classification=0.0582, bbox_regression=0.0649, bbox_ctrness=0.5903
epoch 10/50 iter 560/1860 loss=0.6660 mean_loss=0.7260 classification=0.0283, bbox_regression=0.0534, bbox_ctrness=0.5843
epoch 10/50 iter 580/1860 loss=0.7196 mean_loss=0.7259 classification=0.0480, bbox_regression=0.0597, bbox_ctrness=0.6118
epoch 10/50 iter 600/1860 loss=0.7919 mean_loss=0.7264 classification=0.0540, bbox_regression=0.1224, bbox_ctrness=0.6155
epoch 10/50 iter 620/1860 loss=0.6743 mean_loss=0.7262 classification=0.0168, bbox_regression=0.0598, bbox_ctrness=0.5976
epoch 10/50 iter 640/1860 loss=0.7063 mean_loss=0.7269 classification=0.0343, bbox_regression=0.0843, bbox_ctrness=0.5877
epoch 10/50 iter 660/1860 loss=0.7443 mean_loss=0.7267 classification=0.0480, bbox_regression=0.0979, bbox_ctrness=0.5985
epoch 10/50 iter 680/1860 loss=0.6898 mean_loss=0.7266 classification=0.0287, bbox_regression=0.0661, bbox_ctrness=0.5950
epoch 10/50 iter 700/1860 loss=0.7262 mean_loss=0.7261 classification=0.0306, bbox_regression=0.0843, bbox_ctrness=0.6113
epoch 10/50 iter 720/1860 loss=0.7427 mean_loss=0.7265 classification=0.0448, bbox_regression=0.0890, bbox_ctrness=0.6090
epoch 10/50 iter 740/1860 loss=0.7058 mean_loss=0.7261 classification=0.0068, bbox_regression=0.0755, bbox_ctrness=0.6235
epoch 10/50 iter 760/1860 loss=0.7008 mean_loss=0.7258 classification=0.0490, bbox_regression=0.0714, bbox_ctrness=0.5805
epoch 10/50 iter 780/1860 loss=0.7077 mean_loss=0.7256 classification=0.0266, bbox_regression=0.0647, bbox_ctrness=0.6163
epoch 10/50 iter 800/1860 loss=0.7132 mean_loss=0.7256 classification=0.0360, bbox_regression=0.0891, bbox_ctrness=0.5880
epoch 10/50 iter 820/1860 loss=0.7243 mean_loss=0.7257 classification=0.0621, bbox_regression=0.0774, bbox_ctrness=0.5848
epoch 10/50 iter 840/1860 loss=0.7374 mean_loss=0.7258 classification=0.0545, bbox_regression=0.0892, bbox_ctrness=0.5938
epoch 10/50 iter 860/1860 loss=0.7295 mean_loss=0.7263 classification=0.0531, bbox_regression=0.0698, bbox_ctrness=0.6066
epoch 10/50 iter 880/1860 loss=0.7461 mean_loss=0.7264 classification=0.0419, bbox_regression=0.0955, bbox_ctrness=0.6087
epoch 10/50 iter 900/1860 loss=0.7199 mean_loss=0.7262 classification=0.0246, bbox_regression=0.1003, bbox_ctrness=0.5950
epoch 10/50 iter 920/1860 loss=0.7056 mean_loss=0.7260 classification=0.0159, bbox_regression=0.0728, bbox_ctrness=0.6169
epoch 10/50 iter 940/1860 loss=0.6869 mean_loss=0.7261 classification=0.0101, bbox_regression=0.0759, bbox_ctrness=0.6010
epoch 10/50 iter 960/1860 loss=0.6859 mean_loss=0.7260 classification=0.0243, bbox_regression=0.0595, bbox_ctrness=0.6022
epoch 10/50 iter 980/1860 loss=0.6650 mean_loss=0.7257 classification=0.0135, bbox_regression=0.0751, bbox_ctrness=0.5765
epoch 10/50 iter 1000/1860 loss=0.7887 mean_loss=0.7258 classification=0.0887, bbox_regression=0.0774, bbox_ctrness=0.6226
epoch 10/50 iter 1020/1860 loss=0.7498 mean_loss=0.7258 classification=0.0416, bbox_regression=0.1005, bbox_ctrness=0.6076
epoch 10/50 iter 1040/1860 loss=0.7152 mean_loss=0.7258 classification=0.0411, bbox_regression=0.0754, bbox_ctrness=0.5987
epoch 10/50 iter 1060/1860 loss=0.6964 mean_loss=0.7258 classification=0.0167, bbox_regression=0.0762, bbox_ctrness=0.6034
epoch 10/50 iter 1080/1860 loss=0.6898 mean_loss=0.7259 classification=0.0166, bbox_regression=0.0668, bbox_ctrness=0.6063
epoch 10/50 iter 1100/1860 loss=0.7024 mean_loss=0.7257 classification=0.0279, bbox_regression=0.0780, bbox_ctrness=0.5964
epoch 10/50 iter 1120/1860 loss=0.7480 mean_loss=0.7257 classification=0.0481, bbox_regression=0.1184, bbox_ctrness=0.5816
epoch 10/50 iter 1140/1860 loss=0.7059 mean_loss=0.7258 classification=0.0360, bbox_regression=0.0761, bbox_ctrness=0.5938
epoch 10/50 iter 1160/1860 loss=0.7393 mean_loss=0.7260 classification=0.0494, bbox_regression=0.1066, bbox_ctrness=0.5833
epoch 10/50 iter 1180/1860 loss=0.6738 mean_loss=0.7261 classification=0.0203, bbox_regression=0.0570, bbox_ctrness=0.5965
epoch 10/50 iter 1200/1860 loss=0.6737 mean_loss=0.7261 classification=0.0207, bbox_regression=0.0696, bbox_ctrness=0.5833
epoch 10/50 iter 1220/1860 loss=0.7606 mean_loss=0.7261 classification=0.0616, bbox_regression=0.0985, bbox_ctrness=0.6004
epoch 10/50 iter 1240/1860 loss=0.7158 mean_loss=0.7262 classification=0.0436, bbox_regression=0.0737, bbox_ctrness=0.5985
epoch 10/50 iter 1260/1860 loss=0.7216 mean_loss=0.7268 classification=0.0363, bbox_regression=0.0956, bbox_ctrness=0.5897
epoch 10/50 iter 1280/1860 loss=0.6870 mean_loss=0.7269 classification=0.0171, bbox_regression=0.0647, bbox_ctrness=0.6052
epoch 10/50 iter 1300/1860 loss=0.8195 mean_loss=0.7271 classification=0.0586, bbox_regression=0.1369, bbox_ctrness=0.6240
epoch 10/50 iter 1320/1860 loss=0.7335 mean_loss=0.7273 classification=0.0315, bbox_regression=0.0782, bbox_ctrness=0.6238
epoch 10/50 iter 1340/1860 loss=0.7477 mean_loss=0.7272 classification=0.0726, bbox_regression=0.0736, bbox_ctrness=0.6015
epoch 10/50 iter 1360/1860 loss=0.7472 mean_loss=0.7273 classification=0.0453, bbox_regression=0.0940, bbox_ctrness=0.6080
epoch 10/50 iter 1380/1860 loss=0.7163 mean_loss=0.7273 classification=0.0448, bbox_regression=0.0780, bbox_ctrness=0.5935
epoch 10/50 iter 1400/1860 loss=0.7730 mean_loss=0.7274 classification=0.0425, bbox_regression=0.1171, bbox_ctrness=0.6134
epoch 10/50 iter 1420/1860 loss=0.6948 mean_loss=0.7274 classification=0.0136, bbox_regression=0.0727, bbox_ctrness=0.6085
epoch 10/50 iter 1440/1860 loss=0.7434 mean_loss=0.7274 classification=0.0554, bbox_regression=0.0877, bbox_ctrness=0.6003
epoch 10/50 iter 1460/1860 loss=0.7465 mean_loss=0.7276 classification=0.0570, bbox_regression=0.0754, bbox_ctrness=0.6141
epoch 10/50 iter 1480/1860 loss=0.7330 mean_loss=0.7277 classification=0.0412, bbox_regression=0.0829, bbox_ctrness=0.6088
epoch 10/50 iter 1500/1860 loss=0.7151 mean_loss=0.7277 classification=0.0390, bbox_regression=0.0822, bbox_ctrness=0.5939
epoch 10/50 iter 1520/1860 loss=0.7504 mean_loss=0.7279 classification=0.0847, bbox_regression=0.0824, bbox_ctrness=0.5833
epoch 10/50 iter 1540/1860 loss=0.7120 mean_loss=0.7280 classification=0.0284, bbox_regression=0.0881, bbox_ctrness=0.5955
epoch 10/50 iter 1560/1860 loss=0.7013 mean_loss=0.7279 classification=0.0397, bbox_regression=0.0604, bbox_ctrness=0.6011
epoch 10/50 iter 1580/1860 loss=0.7456 mean_loss=0.7278 classification=0.0614, bbox_regression=0.0937, bbox_ctrness=0.5905
epoch 10/50 iter 1600/1860 loss=0.8876 mean_loss=0.7279 classification=0.1677, bbox_regression=0.1264, bbox_ctrness=0.5935
epoch 10/50 iter 1620/1860 loss=0.7014 mean_loss=0.7280 classification=0.0496, bbox_regression=0.0683, bbox_ctrness=0.5835
epoch 10/50 iter 1640/1860 loss=0.6679 mean_loss=0.7281 classification=0.0110, bbox_regression=0.0541, bbox_ctrness=0.6027
epoch 10/50 iter 1660/1860 loss=0.7252 mean_loss=0.7281 classification=0.0280, bbox_regression=0.0826, bbox_ctrness=0.6146
epoch 10/50 iter 1680/1860 loss=0.6948 mean_loss=0.7281 classification=0.0130, bbox_regression=0.0837, bbox_ctrness=0.5982
epoch 10/50 iter 1700/1860 loss=0.7314 mean_loss=0.7281 classification=0.0532, bbox_regression=0.0781, bbox_ctrness=0.6002
epoch 10/50 iter 1720/1860 loss=0.7224 mean_loss=0.7281 classification=0.0365, bbox_regression=0.0855, bbox_ctrness=0.6005
epoch 10/50 iter 1740/1860 loss=0.6682 mean_loss=0.7281 classification=0.0105, bbox_regression=0.0632, bbox_ctrness=0.5946
epoch 10/50 iter 1760/1860 loss=0.7161 mean_loss=0.7280 classification=0.0242, bbox_regression=0.0901, bbox_ctrness=0.6018
epoch 10/50 iter 1780/1860 loss=0.8160 mean_loss=0.7281 classification=0.1013, bbox_regression=0.1182, bbox_ctrness=0.5965
epoch 10/50 iter 1800/1860 loss=0.7261 mean_loss=0.7282 classification=0.0512, bbox_regression=0.0707, bbox_ctrness=0.6041
epoch 10/50 iter 1820/1860 loss=0.7236 mean_loss=0.7281 classification=0.0356, bbox_regression=0.0902, bbox_ctrness=0.5979
epoch 10/50 iter 1840/1860 loss=0.7032 mean_loss=0.7281 classification=0.0147, bbox_regression=0.0739, bbox_ctrness=0.6145
epoch 10/50 iter 1860/1860 loss=0.7892 mean_loss=0.7283 classification=0.0847, bbox_regression=0.0939, bbox_ctrness=0.6106
epoch 10 validation Precision=0.4726 Recall=0.9473 AP50=0.9051 AP75=0.7898 eval_fps=24.92 epoch_time_sec=837.3
saved checkpoint: E:\RepViT-main\runs\v48_complete_ablation\training\ra_static_equal_seed0\weights\last.pt
epoch 11/50 iter 1/1860 loss=0.7223 mean_loss=0.7223 classification=0.0369, bbox_regression=0.0841, bbox_ctrness=0.6014
epoch 11/50 iter 20/1860 loss=0.6540 mean_loss=0.7163 classification=0.0198, bbox_regression=0.0611, bbox_ctrness=0.5731
epoch 11/50 iter 40/1860 loss=0.7090 mean_loss=0.7202 classification=0.0326, bbox_regression=0.0744, bbox_ctrness=0.6021
epoch 11/50 iter 60/1860 loss=0.6711 mean_loss=0.7199 classification=0.0180, bbox_regression=0.0645, bbox_ctrness=0.5886
epoch 11/50 iter 80/1860 loss=0.7103 mean_loss=0.7206 classification=0.0251, bbox_regression=0.0852, bbox_ctrness=0.6000
epoch 11/50 iter 100/1860 loss=0.7173 mean_loss=0.7201 classification=0.0215, bbox_regression=0.0829, bbox_ctrness=0.6129
epoch 11/50 iter 120/1860 loss=0.6928 mean_loss=0.7187 classification=0.0129, bbox_regression=0.0628, bbox_ctrness=0.6172
epoch 11/50 iter 140/1860 loss=0.7194 mean_loss=0.7192 classification=0.0280, bbox_regression=0.0741, bbox_ctrness=0.6173
epoch 11/50 iter 160/1860 loss=0.7017 mean_loss=0.7176 classification=0.0202, bbox_regression=0.0748, bbox_ctrness=0.6067
epoch 11/50 iter 180/1860 loss=0.7416 mean_loss=0.7172 classification=0.0428, bbox_regression=0.0832, bbox_ctrness=0.6156
epoch 11/50 iter 200/1860 loss=0.7250 mean_loss=0.7179 classification=0.0305, bbox_regression=0.0856, bbox_ctrness=0.6089
epoch 11/50 iter 220/1860 loss=0.6491 mean_loss=0.7178 classification=0.0088, bbox_regression=0.0578, bbox_ctrness=0.5825
epoch 11/50 iter 240/1860 loss=0.7077 mean_loss=0.7186 classification=0.0265, bbox_regression=0.0822, bbox_ctrness=0.5990
epoch 11/50 iter 260/1860 loss=0.6897 mean_loss=0.7176 classification=0.0089, bbox_regression=0.0763, bbox_ctrness=0.6045
epoch 11/50 iter 280/1860 loss=0.6781 mean_loss=0.7165 classification=0.0117, bbox_regression=0.0591, bbox_ctrness=0.6073
epoch 11/50 iter 300/1860 loss=0.7009 mean_loss=0.7155 classification=0.0215, bbox_regression=0.0661, bbox_ctrness=0.6133
epoch 11/50 iter 320/1860 loss=0.7366 mean_loss=0.7158 classification=0.0268, bbox_regression=0.0952, bbox_ctrness=0.6146
epoch 11/50 iter 340/1860 loss=0.7942 mean_loss=0.7155 classification=0.1031, bbox_regression=0.0939, bbox_ctrness=0.5973
epoch 11/50 iter 360/1860 loss=0.7059 mean_loss=0.7163 classification=0.0541, bbox_regression=0.0708, bbox_ctrness=0.5811
epoch 11/50 iter 380/1860 loss=0.7201 mean_loss=0.7166 classification=0.0284, bbox_regression=0.0958, bbox_ctrness=0.5959
epoch 11/50 iter 400/1860 loss=0.6694 mean_loss=0.7168 classification=0.0121, bbox_regression=0.0658, bbox_ctrness=0.5914
epoch 11/50 iter 420/1860 loss=0.7153 mean_loss=0.7169 classification=0.0172, bbox_regression=0.0839, bbox_ctrness=0.6142
epoch 11/50 iter 440/1860 loss=0.6687 mean_loss=0.7166 classification=0.0061, bbox_regression=0.0555, bbox_ctrness=0.6071
epoch 11/50 iter 460/1860 loss=0.6567 mean_loss=0.7159 classification=0.0206, bbox_regression=0.0542, bbox_ctrness=0.5819
epoch 11/50 iter 480/1860 loss=0.7034 mean_loss=0.7160 classification=0.0139, bbox_regression=0.0701, bbox_ctrness=0.6194
epoch 11/50 iter 500/1860 loss=0.6926 mean_loss=0.7154 classification=0.0221, bbox_regression=0.0714, bbox_ctrness=0.5991
epoch 11/50 iter 520/1860 loss=0.6846 mean_loss=0.7152 classification=0.0154, bbox_regression=0.0681, bbox_ctrness=0.6011
epoch 11/50 iter 540/1860 loss=0.8072 mean_loss=0.7157 classification=0.0806, bbox_regression=0.1214, bbox_ctrness=0.6051
epoch 11/50 iter 560/1860 loss=0.7204 mean_loss=0.7157 classification=0.0188, bbox_regression=0.0892, bbox_ctrness=0.6123
epoch 11/50 iter 580/1860 loss=0.7192 mean_loss=0.7159 classification=0.0259, bbox_regression=0.0934, bbox_ctrness=0.5999
epoch 11/50 iter 600/1860 loss=0.7148 mean_loss=0.7162 classification=0.0363, bbox_regression=0.0861, bbox_ctrness=0.5924
epoch 11/50 iter 620/1860 loss=0.6858 mean_loss=0.7163 classification=0.0355, bbox_regression=0.0549, bbox_ctrness=0.5953
epoch 11/50 iter 640/1860 loss=0.7108 mean_loss=0.7168 classification=0.0246, bbox_regression=0.0880, bbox_ctrness=0.5981
epoch 11/50 iter 660/1860 loss=0.6701 mean_loss=0.7168 classification=0.0211, bbox_regression=0.0681, bbox_ctrness=0.5809
epoch 11/50 iter 680/1860 loss=0.6936 mean_loss=0.7170 classification=0.0150, bbox_regression=0.0795, bbox_ctrness=0.5991
epoch 11/50 iter 700/1860 loss=0.6900 mean_loss=0.7174 classification=0.0292, bbox_regression=0.0651, bbox_ctrness=0.5957
epoch 11/50 iter 720/1860 loss=0.7151 mean_loss=0.7182 classification=0.0435, bbox_regression=0.0776, bbox_ctrness=0.5941
epoch 11/50 iter 740/1860 loss=0.7064 mean_loss=0.7185 classification=0.0317, bbox_regression=0.0758, bbox_ctrness=0.5990
epoch 11/50 iter 760/1860 loss=0.7254 mean_loss=0.7187 classification=0.0600, bbox_regression=0.0653, bbox_ctrness=0.6001
epoch 11/50 iter 780/1860 loss=0.6937 mean_loss=0.7190 classification=0.0257, bbox_regression=0.0711, bbox_ctrness=0.5970
epoch 11/50 iter 800/1860 loss=0.6951 mean_loss=0.7191 classification=0.0457, bbox_regression=0.0657, bbox_ctrness=0.5837
epoch 11/50 iter 820/1860 loss=0.7613 mean_loss=0.7190 classification=0.0469, bbox_regression=0.1087, bbox_ctrness=0.6057
epoch 11/50 iter 840/1860 loss=0.6658 mean_loss=0.7189 classification=0.0058, bbox_regression=0.0541, bbox_ctrness=0.6059
epoch 11/50 iter 860/1860 loss=0.6698 mean_loss=0.7185 classification=0.0215, bbox_regression=0.0557, bbox_ctrness=0.5925
epoch 11/50 iter 880/1860 loss=0.6782 mean_loss=0.7187 classification=0.0167, bbox_regression=0.0657, bbox_ctrness=0.5957
epoch 11/50 iter 900/1860 loss=0.6918 mean_loss=0.7188 classification=0.0213, bbox_regression=0.0828, bbox_ctrness=0.5878
epoch 11/50 iter 920/1860 loss=0.7006 mean_loss=0.7189 classification=0.0191, bbox_regression=0.0840, bbox_ctrness=0.5975
epoch 11/50 iter 940/1860 loss=0.6979 mean_loss=0.7188 classification=0.0184, bbox_regression=0.0731, bbox_ctrness=0.6063
epoch 11/50 iter 960/1860 loss=0.7323 mean_loss=0.7188 classification=0.0559, bbox_regression=0.0926, bbox_ctrness=0.5839
epoch 11/50 iter 980/1860 loss=0.7583 mean_loss=0.7189 classification=0.0633, bbox_regression=0.0993, bbox_ctrness=0.5957
epoch 11/50 iter 1000/1860 loss=0.6982 mean_loss=0.7186 classification=0.0341, bbox_regression=0.0618, bbox_ctrness=0.6023
epoch 11/50 iter 1020/1860 loss=0.6938 mean_loss=0.7187 classification=0.0231, bbox_regression=0.0656, bbox_ctrness=0.6052
epoch 11/50 iter 1040/1860 loss=0.7662 mean_loss=0.7189 classification=0.0793, bbox_regression=0.0852, bbox_ctrness=0.6017
epoch 11/50 iter 1060/1860 loss=0.6996 mean_loss=0.7188 classification=0.0283, bbox_regression=0.0701, bbox_ctrness=0.6012
epoch 11/50 iter 1080/1860 loss=0.6718 mean_loss=0.7190 classification=0.0245, bbox_regression=0.0496, bbox_ctrness=0.5977
epoch 11/50 iter 1100/1860 loss=0.7566 mean_loss=0.7191 classification=0.0660, bbox_regression=0.0893, bbox_ctrness=0.6013
epoch 11/50 iter 1120/1860 loss=0.7517 mean_loss=0.7192 classification=0.0646, bbox_regression=0.1043, bbox_ctrness=0.5829
epoch 11/50 iter 1140/1860 loss=0.6878 mean_loss=0.7191 classification=0.0204, bbox_regression=0.0651, bbox_ctrness=0.6023
epoch 11/50 iter 1160/1860 loss=0.7398 mean_loss=0.7191 classification=0.0533, bbox_regression=0.0777, bbox_ctrness=0.6088
epoch 11/50 iter 1180/1860 loss=0.7497 mean_loss=0.7191 classification=0.0576, bbox_regression=0.0949, bbox_ctrness=0.5972
epoch 11/50 iter 1200/1860 loss=0.6763 mean_loss=0.7190 classification=0.0296, bbox_regression=0.0648, bbox_ctrness=0.5819
epoch 11/50 iter 1220/1860 loss=0.7618 mean_loss=0.7190 classification=0.0542, bbox_regression=0.1011, bbox_ctrness=0.6064
epoch 11/50 iter 1240/1860 loss=0.7083 mean_loss=0.7193 classification=0.0319, bbox_regression=0.0770, bbox_ctrness=0.5994
epoch 11/50 iter 1260/1860 loss=0.7584 mean_loss=0.7194 classification=0.0837, bbox_regression=0.0558, bbox_ctrness=0.6189
epoch 11/50 iter 1280/1860 loss=0.7279 mean_loss=0.7197 classification=0.0413, bbox_regression=0.0744, bbox_ctrness=0.6123
epoch 11/50 iter 1300/1860 loss=0.7213 mean_loss=0.7198 classification=0.0245, bbox_regression=0.0800, bbox_ctrness=0.6168
epoch 11/50 iter 1320/1860 loss=0.6805 mean_loss=0.7198 classification=0.0311, bbox_regression=0.0617, bbox_ctrness=0.5876
epoch 11/50 iter 1340/1860 loss=0.6942 mean_loss=0.7197 classification=0.0295, bbox_regression=0.0658, bbox_ctrness=0.5989
epoch 11/50 iter 1360/1860 loss=0.7469 mean_loss=0.7197 classification=0.0415, bbox_regression=0.0867, bbox_ctrness=0.6187
epoch 11/50 iter 1380/1860 loss=0.6933 mean_loss=0.7196 classification=0.0236, bbox_regression=0.0729, bbox_ctrness=0.5968
epoch 11/50 iter 1400/1860 loss=0.7013 mean_loss=0.7196 classification=0.0164, bbox_regression=0.0872, bbox_ctrness=0.5977
epoch 11/50 iter 1420/1860 loss=0.6875 mean_loss=0.7195 classification=0.0164, bbox_regression=0.0585, bbox_ctrness=0.6126
epoch 11/50 iter 1440/1860 loss=0.7275 mean_loss=0.7193 classification=0.0330, bbox_regression=0.0962, bbox_ctrness=0.5983
epoch 11/50 iter 1460/1860 loss=0.6948 mean_loss=0.7192 classification=0.0319, bbox_regression=0.0751, bbox_ctrness=0.5878
epoch 11/50 iter 1480/1860 loss=0.7280 mean_loss=0.7194 classification=0.0197, bbox_regression=0.0938, bbox_ctrness=0.6145
epoch 11/50 iter 1500/1860 loss=0.7077 mean_loss=0.7194 classification=0.0372, bbox_regression=0.0707, bbox_ctrness=0.5998
epoch 11/50 iter 1520/1860 loss=0.7415 mean_loss=0.7195 classification=0.0271, bbox_regression=0.0931, bbox_ctrness=0.6213
epoch 11/50 iter 1540/1860 loss=0.7694 mean_loss=0.7196 classification=0.0661, bbox_regression=0.0857, bbox_ctrness=0.6177
epoch 11/50 iter 1560/1860 loss=0.7039 mean_loss=0.7196 classification=0.0342, bbox_regression=0.0706, bbox_ctrness=0.5990
epoch 11/50 iter 1580/1860 loss=0.7868 mean_loss=0.7198 classification=0.0822, bbox_regression=0.0958, bbox_ctrness=0.6087
epoch 11/50 iter 1600/1860 loss=0.7095 mean_loss=0.7197 classification=0.0270, bbox_regression=0.0807, bbox_ctrness=0.6018
epoch 11/50 iter 1620/1860 loss=0.7349 mean_loss=0.7198 classification=0.0564, bbox_regression=0.0876, bbox_ctrness=0.5910
epoch 11/50 iter 1640/1860 loss=0.7030 mean_loss=0.7199 classification=0.0319, bbox_regression=0.0801, bbox_ctrness=0.5909
epoch 11/50 iter 1660/1860 loss=0.6961 mean_loss=0.7198 classification=0.0331, bbox_regression=0.0780, bbox_ctrness=0.5850
epoch 11/50 iter 1680/1860 loss=0.7302 mean_loss=0.7198 classification=0.0481, bbox_regression=0.0819, bbox_ctrness=0.6002
epoch 11/50 iter 1700/1860 loss=0.6896 mean_loss=0.7199 classification=0.0315, bbox_regression=0.0683, bbox_ctrness=0.5898
epoch 11/50 iter 1720/1860 loss=0.7293 mean_loss=0.7199 classification=0.0536, bbox_regression=0.0753, bbox_ctrness=0.6003
epoch 11/50 iter 1740/1860 loss=0.7167 mean_loss=0.7199 classification=0.0244, bbox_regression=0.0788, bbox_ctrness=0.6135
epoch 11/50 iter 1760/1860 loss=0.7563 mean_loss=0.7200 classification=0.0713, bbox_regression=0.0944, bbox_ctrness=0.5906
epoch 11/50 iter 1780/1860 loss=0.7451 mean_loss=0.7202 classification=0.0497, bbox_regression=0.0932, bbox_ctrness=0.6023
epoch 11/50 iter 1800/1860 loss=0.7227 mean_loss=0.7203 classification=0.0332, bbox_regression=0.0911, bbox_ctrness=0.5984
epoch 11/50 iter 1820/1860 loss=0.6792 mean_loss=0.7203 classification=0.0203, bbox_regression=0.0609, bbox_ctrness=0.5980
epoch 11/50 iter 1840/1860 loss=0.6897 mean_loss=0.7202 classification=0.0144, bbox_regression=0.0638, bbox_ctrness=0.6114
epoch 11/50 iter 1860/1860 loss=0.7543 mean_loss=0.7203 classification=0.0328, bbox_regression=0.0962, bbox_ctrness=0.6252
epoch 11 validation Precision=0.5843 Recall=0.9490 AP50=0.9162 AP75=0.8123 eval_fps=25.22 epoch_time_sec=835.0
saved checkpoint: E:\RepViT-main\runs\v48_complete_ablation\training\ra_static_equal_seed0\weights\last.pt
epoch 12/50 iter 1/1860 loss=0.6871 mean_loss=0.6871 classification=0.0357, bbox_regression=0.0611, bbox_ctrness=0.5903
epoch 12/50 iter 20/1860 loss=0.6771 mean_loss=0.7103 classification=0.0140, bbox_regression=0.0871, bbox_ctrness=0.5761
epoch 12/50 iter 40/1860 loss=0.6872 mean_loss=0.7187 classification=0.0254, bbox_regression=0.0716, bbox_ctrness=0.5901
epoch 12/50 iter 60/1860 loss=0.6978 mean_loss=0.7153 classification=0.0198, bbox_regression=0.0789, bbox_ctrness=0.5991
epoch 12/50 iter 80/1860 loss=0.7056 mean_loss=0.7144 classification=0.0289, bbox_regression=0.0768, bbox_ctrness=0.6000
epoch 12/50 iter 100/1860 loss=0.6840 mean_loss=0.7132 classification=0.0116, bbox_regression=0.0764, bbox_ctrness=0.5960
epoch 12/50 iter 120/1860 loss=0.7095 mean_loss=0.7124 classification=0.0248, bbox_regression=0.0646, bbox_ctrness=0.6200
epoch 12/50 iter 140/1860 loss=0.7182 mean_loss=0.7110 classification=0.0347, bbox_regression=0.0843, bbox_ctrness=0.5991
epoch 12/50 iter 160/1860 loss=0.6670 mean_loss=0.7103 classification=0.0086, bbox_regression=0.0543, bbox_ctrness=0.6042
epoch 12/50 iter 180/1860 loss=0.7207 mean_loss=0.7097 classification=0.0204, bbox_regression=0.0854, bbox_ctrness=0.6149
epoch 12/50 iter 200/1860 loss=0.7251 mean_loss=0.7100 classification=0.0249, bbox_regression=0.0894, bbox_ctrness=0.6109
epoch 12/50 iter 220/1860 loss=0.7609 mean_loss=0.7105 classification=0.0446, bbox_regression=0.0916, bbox_ctrness=0.6247
epoch 12/50 iter 240/1860 loss=0.7381 mean_loss=0.7101 classification=0.0452, bbox_regression=0.0833, bbox_ctrness=0.6096
epoch 12/50 iter 260/1860 loss=0.6563 mean_loss=0.7090 classification=0.0092, bbox_regression=0.0455, bbox_ctrness=0.6016
epoch 12/50 iter 280/1860 loss=0.7291 mean_loss=0.7091 classification=0.0313, bbox_regression=0.1045, bbox_ctrness=0.5933
epoch 12/50 iter 300/1860 loss=0.6809 mean_loss=0.7092 classification=0.0183, bbox_regression=0.0669, bbox_ctrness=0.5957
epoch 12/50 iter 320/1860 loss=0.7028 mean_loss=0.7092 classification=0.0207, bbox_regression=0.0842, bbox_ctrness=0.5979
epoch 12/50 iter 340/1860 loss=0.7110 mean_loss=0.7098 classification=0.0251, bbox_regression=0.0861, bbox_ctrness=0.5998
epoch 12/50 iter 360/1860 loss=0.7723 mean_loss=0.7102 classification=0.0608, bbox_regression=0.1065, bbox_ctrness=0.6050
epoch 12/50 iter 380/1860 loss=0.6924 mean_loss=0.7098 classification=0.0169, bbox_regression=0.0862, bbox_ctrness=0.5893
epoch 12/50 iter 400/1860 loss=0.6917 mean_loss=0.7093 classification=0.0163, bbox_regression=0.0732, bbox_ctrness=0.6022
epoch 12/50 iter 420/1860 loss=0.7049 mean_loss=0.7091 classification=0.0285, bbox_regression=0.0850, bbox_ctrness=0.5914
epoch 12/50 iter 440/1860 loss=0.7546 mean_loss=0.7094 classification=0.0346, bbox_regression=0.1050, bbox_ctrness=0.6151
epoch 12/50 iter 460/1860 loss=0.7160 mean_loss=0.7099 classification=0.0387, bbox_regression=0.0931, bbox_ctrness=0.5841
epoch 12/50 iter 480/1860 loss=0.7251 mean_loss=0.7102 classification=0.0230, bbox_regression=0.0896, bbox_ctrness=0.6125
epoch 12/50 iter 500/1860 loss=0.6971 mean_loss=0.7099 classification=0.0206, bbox_regression=0.0670, bbox_ctrness=0.6095
epoch 12/50 iter 520/1860 loss=0.6652 mean_loss=0.7104 classification=0.0065, bbox_regression=0.0595, bbox_ctrness=0.5991
epoch 12/50 iter 540/1860 loss=0.6827 mean_loss=0.7110 classification=0.0105, bbox_regression=0.0589, bbox_ctrness=0.6133
epoch 12/50 iter 560/1860 loss=0.7525 mean_loss=0.7112 classification=0.0806, bbox_regression=0.0840, bbox_ctrness=0.5879
epoch 12/50 iter 580/1860 loss=0.7592 mean_loss=0.7111 classification=0.0452, bbox_regression=0.1095, bbox_ctrness=0.6045
epoch 12/50 iter 600/1860 loss=0.7219 mean_loss=0.7112 classification=0.0275, bbox_regression=0.0962, bbox_ctrness=0.5982
epoch 12/50 iter 620/1860 loss=0.6778 mean_loss=0.7109 classification=0.0291, bbox_regression=0.0634, bbox_ctrness=0.5853
epoch 12/50 iter 640/1860 loss=0.6674 mean_loss=0.7107 classification=0.0218, bbox_regression=0.0603, bbox_ctrness=0.5854
epoch 12/50 iter 660/1860 loss=0.6781 mean_loss=0.7107 classification=0.0184, bbox_regression=0.0688, bbox_ctrness=0.5910
epoch 12/50 iter 680/1860 loss=0.7124 mean_loss=0.7104 classification=0.0230, bbox_regression=0.0829, bbox_ctrness=0.6065
epoch 12/50 iter 700/1860 loss=0.7215 mean_loss=0.7108 classification=0.0378, bbox_regression=0.0832, bbox_ctrness=0.6005
epoch 12/50 iter 720/1860 loss=0.6872 mean_loss=0.7110 classification=0.0285, bbox_regression=0.0593, bbox_ctrness=0.5995
epoch 12/50 iter 740/1860 loss=0.7031 mean_loss=0.7109 classification=0.0384, bbox_regression=0.0745, bbox_ctrness=0.5902
epoch 12/50 iter 760/1860 loss=0.7375 mean_loss=0.7108 classification=0.0336, bbox_regression=0.0915, bbox_ctrness=0.6124
epoch 12/50 iter 780/1860 loss=0.6556 mean_loss=0.7108 classification=0.0264, bbox_regression=0.0510, bbox_ctrness=0.5783
epoch 12/50 iter 800/1860 loss=0.7103 mean_loss=0.7107 classification=0.0340, bbox_regression=0.0805, bbox_ctrness=0.5958
epoch 12/50 iter 820/1860 loss=0.7126 mean_loss=0.7104 classification=0.0428, bbox_regression=0.0755, bbox_ctrness=0.5942
epoch 12/50 iter 840/1860 loss=0.6868 mean_loss=0.7108 classification=0.0152, bbox_regression=0.0679, bbox_ctrness=0.6037
epoch 12/50 iter 860/1860 loss=0.6854 mean_loss=0.7109 classification=0.0090, bbox_regression=0.0627, bbox_ctrness=0.6138
epoch 12/50 iter 880/1860 loss=0.7114 mean_loss=0.7109 classification=0.0208, bbox_regression=0.0689, bbox_ctrness=0.6217
epoch 12/50 iter 900/1860 loss=0.7225 mean_loss=0.7109 classification=0.0588, bbox_regression=0.0728, bbox_ctrness=0.5909
epoch 12/50 iter 920/1860 loss=0.6993 mean_loss=0.7109 classification=0.0252, bbox_regression=0.0792, bbox_ctrness=0.5949
epoch 12/50 iter 940/1860 loss=0.6934 mean_loss=0.7108 classification=0.0406, bbox_regression=0.0709, bbox_ctrness=0.5819
epoch 12/50 iter 960/1860 loss=0.7056 mean_loss=0.7108 classification=0.0404, bbox_regression=0.0686, bbox_ctrness=0.5966
epoch 12/50 iter 980/1860 loss=0.7132 mean_loss=0.7107 classification=0.0287, bbox_regression=0.0633, bbox_ctrness=0.6212
epoch 12/50 iter 1000/1860 loss=0.7131 mean_loss=0.7107 classification=0.0269, bbox_regression=0.0716, bbox_ctrness=0.6146
epoch 12/50 iter 1020/1860 loss=0.7012 mean_loss=0.7106 classification=0.0311, bbox_regression=0.0802, bbox_ctrness=0.5900
epoch 12/50 iter 1040/1860 loss=0.6978 mean_loss=0.7107 classification=0.0464, bbox_regression=0.0575, bbox_ctrness=0.5940
epoch 12/50 iter 1060/1860 loss=0.7705 mean_loss=0.7107 classification=0.0686, bbox_regression=0.0889, bbox_ctrness=0.6130
epoch 12/50 iter 1080/1860 loss=0.7346 mean_loss=0.7105 classification=0.0315, bbox_regression=0.0972, bbox_ctrness=0.6059
epoch 12/50 iter 1100/1860 loss=0.7450 mean_loss=0.7105 classification=0.0634, bbox_regression=0.0867, bbox_ctrness=0.5949
epoch 12/50 iter 1120/1860 loss=0.7040 mean_loss=0.7104 classification=0.0308, bbox_regression=0.0689, bbox_ctrness=0.6044
epoch 12/50 iter 1140/1860 loss=0.6987 mean_loss=0.7104 classification=0.0291, bbox_regression=0.0744, bbox_ctrness=0.5952
epoch 12/50 iter 1160/1860 loss=0.7059 mean_loss=0.7104 classification=0.0319, bbox_regression=0.0754, bbox_ctrness=0.5986
epoch 12/50 iter 1180/1860 loss=0.7541 mean_loss=0.7104 classification=0.0493, bbox_regression=0.0952, bbox_ctrness=0.6097
epoch 12/50 iter 1200/1860 loss=0.6890 mean_loss=0.7106 classification=0.0256, bbox_regression=0.0673, bbox_ctrness=0.5961
epoch 12/50 iter 1220/1860 loss=0.6877 mean_loss=0.7108 classification=0.0205, bbox_regression=0.0772, bbox_ctrness=0.5900
epoch 12/50 iter 1240/1860 loss=0.6820 mean_loss=0.7109 classification=0.0146, bbox_regression=0.0664, bbox_ctrness=0.6010
epoch 12/50 iter 1260/1860 loss=0.7442 mean_loss=0.7110 classification=0.0564, bbox_regression=0.0831, bbox_ctrness=0.6046
epoch 12/50 iter 1280/1860 loss=0.7413 mean_loss=0.7112 classification=0.0679, bbox_regression=0.0930, bbox_ctrness=0.5804
epoch 12/50 iter 1300/1860 loss=0.6949 mean_loss=0.7113 classification=0.0268, bbox_regression=0.0694, bbox_ctrness=0.5987
epoch 12/50 iter 1320/1860 loss=0.7160 mean_loss=0.7113 classification=0.0446, bbox_regression=0.0720, bbox_ctrness=0.5993
epoch 12/50 iter 1340/1860 loss=0.7925 mean_loss=0.7115 classification=0.0649, bbox_regression=0.1163, bbox_ctrness=0.6113
epoch 12/50 iter 1360/1860 loss=0.7309 mean_loss=0.7116 classification=0.0313, bbox_regression=0.1021, bbox_ctrness=0.5975
epoch 12/50 iter 1380/1860 loss=0.7317 mean_loss=0.7118 classification=0.0308, bbox_regression=0.0911, bbox_ctrness=0.6098
epoch 12/50 iter 1400/1860 loss=0.7312 mean_loss=0.7121 classification=0.0487, bbox_regression=0.0879, bbox_ctrness=0.5946
epoch 12/50 iter 1420/1860 loss=0.7076 mean_loss=0.7121 classification=0.0157, bbox_regression=0.1024, bbox_ctrness=0.5895
epoch 12/50 iter 1440/1860 loss=0.7927 mean_loss=0.7121 classification=0.1181, bbox_regression=0.0810, bbox_ctrness=0.5936
epoch 12/50 iter 1460/1860 loss=0.7063 mean_loss=0.7122 classification=0.0218, bbox_regression=0.0647, bbox_ctrness=0.6198
epoch 12/50 iter 1480/1860 loss=0.7349 mean_loss=0.7122 classification=0.0388, bbox_regression=0.0985, bbox_ctrness=0.5975
epoch 12/50 iter 1500/1860 loss=0.6867 mean_loss=0.7122 classification=0.0230, bbox_regression=0.0689, bbox_ctrness=0.5947
epoch 12/50 iter 1520/1860 loss=0.6970 mean_loss=0.7123 classification=0.0163, bbox_regression=0.0688, bbox_ctrness=0.6119
epoch 12/50 iter 1540/1860 loss=0.7291 mean_loss=0.7126 classification=0.0225, bbox_regression=0.0984, bbox_ctrness=0.6083
epoch 12/50 iter 1560/1860 loss=0.6887 mean_loss=0.7126 classification=0.0194, bbox_regression=0.0729, bbox_ctrness=0.5964
epoch 12/50 iter 1580/1860 loss=0.7113 mean_loss=0.7126 classification=0.0468, bbox_regression=0.0858, bbox_ctrness=0.5788
epoch 12/50 iter 1600/1860 loss=0.6742 mean_loss=0.7125 classification=0.0116, bbox_regression=0.0647, bbox_ctrness=0.5979
epoch 12/50 iter 1620/1860 loss=0.7031 mean_loss=0.7127 classification=0.0153, bbox_regression=0.0931, bbox_ctrness=0.5947
epoch 12/50 iter 1640/1860 loss=0.7266 mean_loss=0.7126 classification=0.0597, bbox_regression=0.0735, bbox_ctrness=0.5934
epoch 12/50 iter 1660/1860 loss=0.7581 mean_loss=0.7126 classification=0.0921, bbox_regression=0.0915, bbox_ctrness=0.5744
epoch 12/50 iter 1680/1860 loss=0.7259 mean_loss=0.7128 classification=0.0543, bbox_regression=0.0726, bbox_ctrness=0.5990
epoch 12/50 iter 1700/1860 loss=0.7007 mean_loss=0.7129 classification=0.0199, bbox_regression=0.0712, bbox_ctrness=0.6097
epoch 12/50 iter 1720/1860 loss=0.7660 mean_loss=0.7129 classification=0.0477, bbox_regression=0.1076, bbox_ctrness=0.6108
epoch 12/50 iter 1740/1860 loss=0.7251 mean_loss=0.7128 classification=0.0620, bbox_regression=0.0590, bbox_ctrness=0.6041
epoch 12/50 iter 1760/1860 loss=0.7035 mean_loss=0.7129 classification=0.0225, bbox_regression=0.0843, bbox_ctrness=0.5967
epoch 12/50 iter 1780/1860 loss=0.7141 mean_loss=0.7129 classification=0.0377, bbox_regression=0.0735, bbox_ctrness=0.6029
epoch 12/50 iter 1800/1860 loss=0.6830 mean_loss=0.7129 classification=0.0184, bbox_regression=0.0635, bbox_ctrness=0.6010
epoch 12/50 iter 1820/1860 loss=0.7118 mean_loss=0.7129 classification=0.0407, bbox_regression=0.0745, bbox_ctrness=0.5967
epoch 12/50 iter 1840/1860 loss=0.7219 mean_loss=0.7133 classification=0.0285, bbox_regression=0.0860, bbox_ctrness=0.6075
epoch 12/50 iter 1860/1860 loss=0.7493 mean_loss=0.7136 classification=0.0542, bbox_regression=0.0856, bbox_ctrness=0.6095
epoch 12 validation Precision=0.2893 Recall=0.9695 AP50=0.9223 AP75=0.8113 eval_fps=24.14 epoch_time_sec=839.2
saved checkpoint: E:\RepViT-main\runs\v48_complete_ablation\training\ra_static_equal_seed0\weights\last.pt
epoch 13/50 iter 1/1860 loss=0.7049 mean_loss=0.7049 classification=0.0236, bbox_regression=0.0844, bbox_ctrness=0.5968
epoch 13/50 iter 20/1860 loss=0.7097 mean_loss=0.6986 classification=0.0293, bbox_regression=0.0701, bbox_ctrness=0.6103
epoch 13/50 iter 40/1860 loss=0.6765 mean_loss=0.7043 classification=0.0162, bbox_regression=0.0581, bbox_ctrness=0.6022
epoch 13/50 iter 60/1860 loss=0.7128 mean_loss=0.7061 classification=0.0062, bbox_regression=0.0854, bbox_ctrness=0.6213
epoch 13/50 iter 80/1860 loss=0.7081 mean_loss=0.7088 classification=0.0258, bbox_regression=0.0782, bbox_ctrness=0.6040
epoch 13/50 iter 100/1860 loss=0.6886 mean_loss=0.7046 classification=0.0102, bbox_regression=0.0685, bbox_ctrness=0.6100
epoch 13/50 iter 120/1860 loss=0.6882 mean_loss=0.7062 classification=0.0240, bbox_regression=0.0687, bbox_ctrness=0.5955
epoch 13/50 iter 140/1860 loss=0.7169 mean_loss=0.7057 classification=0.0159, bbox_regression=0.0851, bbox_ctrness=0.6158
epoch 13/50 iter 160/1860 loss=0.7914 mean_loss=0.7055 classification=0.0811, bbox_regression=0.1143, bbox_ctrness=0.5961
epoch 13/50 iter 180/1860 loss=0.7009 mean_loss=0.7056 classification=0.0270, bbox_regression=0.0812, bbox_ctrness=0.5927
epoch 13/50 iter 200/1860 loss=0.7064 mean_loss=0.7049 classification=0.0340, bbox_regression=0.0704, bbox_ctrness=0.6021
epoch 13/50 iter 220/1860 loss=0.6900 mean_loss=0.7036 classification=0.0348, bbox_regression=0.0698, bbox_ctrness=0.5855
epoch 13/50 iter 240/1860 loss=0.7020 mean_loss=0.7034 classification=0.0212, bbox_regression=0.0835, bbox_ctrness=0.5973
epoch 13/50 iter 260/1860 loss=0.6652 mean_loss=0.7034 classification=0.0021, bbox_regression=0.0635, bbox_ctrness=0.5996
epoch 13/50 iter 280/1860 loss=0.6757 mean_loss=0.7035 classification=0.0285, bbox_regression=0.0705, bbox_ctrness=0.5767
epoch 13/50 iter 300/1860 loss=0.7130 mean_loss=0.7031 classification=0.0420, bbox_regression=0.0768, bbox_ctrness=0.5943
epoch 13/50 iter 320/1860 loss=0.7132 mean_loss=0.7027 classification=0.0157, bbox_regression=0.0833, bbox_ctrness=0.6142
epoch 13/50 iter 340/1860 loss=0.6873 mean_loss=0.7036 classification=0.0452, bbox_regression=0.0553, bbox_ctrness=0.5868
epoch 13/50 iter 360/1860 loss=0.6954 mean_loss=0.7036 classification=0.0193, bbox_regression=0.0747, bbox_ctrness=0.6013
epoch 13/50 iter 380/1860 loss=0.8065 mean_loss=0.7044 classification=0.0977, bbox_regression=0.0870, bbox_ctrness=0.6218
epoch 13/50 iter 400/1860 loss=0.6918 mean_loss=0.7044 classification=0.0132, bbox_regression=0.0695, bbox_ctrness=0.6092
epoch 13/50 iter 420/1860 loss=0.6728 mean_loss=0.7043 classification=0.0269, bbox_regression=0.0695, bbox_ctrness=0.5764
epoch 13/50 iter 440/1860 loss=0.7283 mean_loss=0.7045 classification=0.0356, bbox_regression=0.0791, bbox_ctrness=0.6136
epoch 13/50 iter 460/1860 loss=0.6684 mean_loss=0.7042 classification=0.0299, bbox_regression=0.0521, bbox_ctrness=0.5864
epoch 13/50 iter 480/1860 loss=0.7051 mean_loss=0.7049 classification=0.0096, bbox_regression=0.0715, bbox_ctrness=0.6239
epoch 13/50 iter 500/1860 loss=0.6918 mean_loss=0.7046 classification=0.0183, bbox_regression=0.0750, bbox_ctrness=0.5985
epoch 13/50 iter 520/1860 loss=0.6921 mean_loss=0.7049 classification=0.0135, bbox_regression=0.0684, bbox_ctrness=0.6103
epoch 13/50 iter 540/1860 loss=0.7021 mean_loss=0.7048 classification=0.0379, bbox_regression=0.0652, bbox_ctrness=0.5989
epoch 13/50 iter 560/1860 loss=0.7046 mean_loss=0.7049 classification=0.0439, bbox_regression=0.0703, bbox_ctrness=0.5905
epoch 13/50 iter 580/1860 loss=0.7218 mean_loss=0.7048 classification=0.0259, bbox_regression=0.0993, bbox_ctrness=0.5966
epoch 13/50 iter 600/1860 loss=0.7446 mean_loss=0.7051 classification=0.0556, bbox_regression=0.0753, bbox_ctrness=0.6137
epoch 13/50 iter 620/1860 loss=0.7429 mean_loss=0.7053 classification=0.0464, bbox_regression=0.0988, bbox_ctrness=0.5977
epoch 13/50 iter 640/1860 loss=0.7386 mean_loss=0.7053 classification=0.0186, bbox_regression=0.1070, bbox_ctrness=0.6129
epoch 13/50 iter 660/1860 loss=0.6446 mean_loss=0.7051 classification=0.0088, bbox_regression=0.0653, bbox_ctrness=0.5704
epoch 13/50 iter 680/1860 loss=0.6932 mean_loss=0.7052 classification=0.0432, bbox_regression=0.0599, bbox_ctrness=0.5902
epoch 13/50 iter 700/1860 loss=0.6971 mean_loss=0.7052 classification=0.0085, bbox_regression=0.0748, bbox_ctrness=0.6137
epoch 13/50 iter 720/1860 loss=0.6766 mean_loss=0.7053 classification=0.0216, bbox_regression=0.0614, bbox_ctrness=0.5937
epoch 13/50 iter 740/1860 loss=0.7059 mean_loss=0.7053 classification=0.0068, bbox_regression=0.0843, bbox_ctrness=0.6148
epoch 13/50 iter 760/1860 loss=0.6961 mean_loss=0.7051 classification=0.0067, bbox_regression=0.0963, bbox_ctrness=0.5931
epoch 13/50 iter 780/1860 loss=0.7160 mean_loss=0.7055 classification=0.0343, bbox_regression=0.0777, bbox_ctrness=0.6040
epoch 13/50 iter 800/1860 loss=0.6782 mean_loss=0.7053 classification=0.0151, bbox_regression=0.0631, bbox_ctrness=0.6000
epoch 13/50 iter 820/1860 loss=0.7249 mean_loss=0.7052 classification=0.0248, bbox_regression=0.0770, bbox_ctrness=0.6231
epoch 13/50 iter 840/1860 loss=0.6978 mean_loss=0.7049 classification=0.0275, bbox_regression=0.0781, bbox_ctrness=0.5921
epoch 13/50 iter 860/1860 loss=0.7018 mean_loss=0.7048 classification=0.0381, bbox_regression=0.0649, bbox_ctrness=0.5988
epoch 13/50 iter 880/1860 loss=0.6888 mean_loss=0.7049 classification=0.0451, bbox_regression=0.0540, bbox_ctrness=0.5897
epoch 13/50 iter 900/1860 loss=0.6733 mean_loss=0.7049 classification=0.0138, bbox_regression=0.0622, bbox_ctrness=0.5972
epoch 13/50 iter 920/1860 loss=0.7208 mean_loss=0.7048 classification=0.0550, bbox_regression=0.0700, bbox_ctrness=0.5958
epoch 13/50 iter 940/1860 loss=0.6845 mean_loss=0.7050 classification=0.0201, bbox_regression=0.0682, bbox_ctrness=0.5962
epoch 13/50 iter 960/1860 loss=0.6952 mean_loss=0.7051 classification=0.0322, bbox_regression=0.0575, bbox_ctrness=0.6055
epoch 13/50 iter 980/1860 loss=0.7155 mean_loss=0.7053 classification=0.0156, bbox_regression=0.0791, bbox_ctrness=0.6208
epoch 13/50 iter 1000/1860 loss=0.7473 mean_loss=0.7052 classification=0.0313, bbox_regression=0.0973, bbox_ctrness=0.6187
epoch 13/50 iter 1020/1860 loss=0.6802 mean_loss=0.7052 classification=0.0160, bbox_regression=0.0640, bbox_ctrness=0.6002
epoch 13/50 iter 1040/1860 loss=0.6963 mean_loss=0.7053 classification=0.0389, bbox_regression=0.0755, bbox_ctrness=0.5819
epoch 13/50 iter 1060/1860 loss=0.7004 mean_loss=0.7053 classification=0.0503, bbox_regression=0.0537, bbox_ctrness=0.5964
epoch 13/50 iter 1080/1860 loss=0.6821 mean_loss=0.7053 classification=0.0285, bbox_regression=0.0597, bbox_ctrness=0.5940
epoch 13/50 iter 1100/1860 loss=0.6864 mean_loss=0.7051 classification=0.0237, bbox_regression=0.0644, bbox_ctrness=0.5983
epoch 13/50 iter 1120/1860 loss=0.7218 mean_loss=0.7049 classification=0.0211, bbox_regression=0.0988, bbox_ctrness=0.6020
epoch 13/50 iter 1140/1860 loss=0.6940 mean_loss=0.7050 classification=0.0181, bbox_regression=0.0613, bbox_ctrness=0.6146
epoch 13/50 iter 1160/1860 loss=0.8525 mean_loss=0.7050 classification=0.1086, bbox_regression=0.1326, bbox_ctrness=0.6113
epoch 13/50 iter 1180/1860 loss=0.7633 mean_loss=0.7051 classification=0.0435, bbox_regression=0.1049, bbox_ctrness=0.6149
epoch 13/50 iter 1200/1860 loss=0.7488 mean_loss=0.7050 classification=0.0489, bbox_regression=0.0919, bbox_ctrness=0.6080
epoch 13/50 iter 1220/1860 loss=0.7382 mean_loss=0.7051 classification=0.0348, bbox_regression=0.1015, bbox_ctrness=0.6018
epoch 13/50 iter 1240/1860 loss=0.7277 mean_loss=0.7051 classification=0.0207, bbox_regression=0.0821, bbox_ctrness=0.6248
epoch 13/50 iter 1260/1860 loss=0.7152 mean_loss=0.7049 classification=0.0216, bbox_regression=0.0869, bbox_ctrness=0.6067
epoch 13/50 iter 1280/1860 loss=0.6943 mean_loss=0.7048 classification=0.0255, bbox_regression=0.0711, bbox_ctrness=0.5978
epoch 13/50 iter 1300/1860 loss=0.7219 mean_loss=0.7048 classification=0.0300, bbox_regression=0.0775, bbox_ctrness=0.6145
epoch 13/50 iter 1320/1860 loss=0.7177 mean_loss=0.7047 classification=0.0427, bbox_regression=0.0771, bbox_ctrness=0.5979
epoch 13/50 iter 1340/1860 loss=0.6801 mean_loss=0.7045 classification=0.0152, bbox_regression=0.0759, bbox_ctrness=0.5889
epoch 13/50 iter 1360/1860 loss=0.6976 mean_loss=0.7045 classification=0.0219, bbox_regression=0.0804, bbox_ctrness=0.5953
epoch 13/50 iter 1380/1860 loss=0.7241 mean_loss=0.7047 classification=0.0699, bbox_regression=0.0750, bbox_ctrness=0.5792
epoch 13/50 iter 1400/1860 loss=0.7572 mean_loss=0.7049 classification=0.0761, bbox_regression=0.0925, bbox_ctrness=0.5886
epoch 13/50 iter 1420/1860 loss=0.7255 mean_loss=0.7051 classification=0.0353, bbox_regression=0.0818, bbox_ctrness=0.6083
epoch 13/50 iter 1440/1860 loss=0.7418 mean_loss=0.7053 classification=0.0347, bbox_regression=0.1001, bbox_ctrness=0.6070
epoch 13/50 iter 1460/1860 loss=0.7089 mean_loss=0.7055 classification=0.0401, bbox_regression=0.0695, bbox_ctrness=0.5993
epoch 13/50 iter 1480/1860 loss=0.7281 mean_loss=0.7056 classification=0.0274, bbox_regression=0.0821, bbox_ctrness=0.6185
epoch 13/50 iter 1500/1860 loss=0.7596 mean_loss=0.7055 classification=0.0600, bbox_regression=0.1046, bbox_ctrness=0.5949
epoch 13/50 iter 1520/1860 loss=0.6975 mean_loss=0.7056 classification=0.0208, bbox_regression=0.0786, bbox_ctrness=0.5981
epoch 13/50 iter 1540/1860 loss=0.6793 mean_loss=0.7056 classification=0.0160, bbox_regression=0.0574, bbox_ctrness=0.6059
epoch 13/50 iter 1560/1860 loss=0.7168 mean_loss=0.7056 classification=0.0178, bbox_regression=0.0860, bbox_ctrness=0.6129
epoch 13/50 iter 1580/1860 loss=0.6710 mean_loss=0.7055 classification=0.0066, bbox_regression=0.0487, bbox_ctrness=0.6157
epoch 13/50 iter 1600/1860 loss=0.7117 mean_loss=0.7056 classification=0.0429, bbox_regression=0.0769, bbox_ctrness=0.5919
epoch 13/50 iter 1620/1860 loss=0.7375 mean_loss=0.7055 classification=0.0458, bbox_regression=0.0868, bbox_ctrness=0.6049
epoch 13/50 iter 1640/1860 loss=0.8255 mean_loss=0.7056 classification=0.1006, bbox_regression=0.1163, bbox_ctrness=0.6087
epoch 13/50 iter 1660/1860 loss=0.6872 mean_loss=0.7057 classification=0.0153, bbox_regression=0.0675, bbox_ctrness=0.6044
epoch 13/50 iter 1680/1860 loss=0.6998 mean_loss=0.7057 classification=0.0093, bbox_regression=0.0823, bbox_ctrness=0.6082
epoch 13/50 iter 1700/1860 loss=0.6893 mean_loss=0.7057 classification=0.0153, bbox_regression=0.0671, bbox_ctrness=0.6069
epoch 13/50 iter 1720/1860 loss=0.7650 mean_loss=0.7058 classification=0.0557, bbox_regression=0.0996, bbox_ctrness=0.6097
epoch 13/50 iter 1740/1860 loss=0.7226 mean_loss=0.7057 classification=0.0320, bbox_regression=0.0896, bbox_ctrness=0.6010
epoch 13/50 iter 1760/1860 loss=0.7102 mean_loss=0.7057 classification=0.0298, bbox_regression=0.0802, bbox_ctrness=0.6001
epoch 13/50 iter 1780/1860 loss=0.7804 mean_loss=0.7060 classification=0.0952, bbox_regression=0.1015, bbox_ctrness=0.5837
epoch 13/50 iter 1800/1860 loss=0.6936 mean_loss=0.7060 classification=0.0254, bbox_regression=0.0734, bbox_ctrness=0.5948
epoch 13/50 iter 1820/1860 loss=0.6670 mean_loss=0.7061 classification=0.0034, bbox_regression=0.0449, bbox_ctrness=0.6187
epoch 13/50 iter 1840/1860 loss=0.7103 mean_loss=0.7061 classification=0.0301, bbox_regression=0.0767, bbox_ctrness=0.6035
epoch 13/50 iter 1860/1860 loss=0.6651 mean_loss=0.7061 classification=0.0125, bbox_regression=0.0595, bbox_ctrness=0.5931
epoch 13 validation Precision=0.6358 Recall=0.9294 AP50=0.9016 AP75=0.8153 eval_fps=25.09 epoch_time_sec=835.3
saved checkpoint: E:\RepViT-main\runs\v48_complete_ablation\training\ra_static_equal_seed0\weights\last.pt
epoch 14/50 iter 1/1860 loss=0.7124 mean_loss=0.7124 classification=0.0460, bbox_regression=0.0703, bbox_ctrness=0.5961
epoch 14/50 iter 20/1860 loss=0.7045 mean_loss=0.6916 classification=0.0233, bbox_regression=0.0947, bbox_ctrness=0.5866
epoch 14/50 iter 40/1860 loss=0.6521 mean_loss=0.6924 classification=0.0032, bbox_regression=0.0417, bbox_ctrness=0.6073
epoch 14/50 iter 60/1860 loss=0.6801 mean_loss=0.6938 classification=0.0195, bbox_regression=0.0526, bbox_ctrness=0.6081
epoch 14/50 iter 80/1860 loss=0.7370 mean_loss=0.6942 classification=0.0281, bbox_regression=0.0937, bbox_ctrness=0.6152
epoch 14/50 iter 100/1860 loss=0.6879 mean_loss=0.6944 classification=0.0115, bbox_regression=0.0606, bbox_ctrness=0.6159
epoch 14/50 iter 120/1860 loss=0.6985 mean_loss=0.6940 classification=0.0373, bbox_regression=0.0707, bbox_ctrness=0.5905
epoch 14/50 iter 140/1860 loss=0.6779 mean_loss=0.6944 classification=0.0210, bbox_regression=0.0752, bbox_ctrness=0.5817
epoch 14/50 iter 160/1860 loss=0.6975 mean_loss=0.6945 classification=0.0077, bbox_regression=0.0822, bbox_ctrness=0.6076
epoch 14/50 iter 180/1860 loss=0.6994 mean_loss=0.6952 classification=0.0358, bbox_regression=0.0709, bbox_ctrness=0.5927
epoch 14/50 iter 200/1860 loss=0.6950 mean_loss=0.6946 classification=0.0335, bbox_regression=0.0648, bbox_ctrness=0.5968
epoch 14/50 iter 220/1860 loss=0.6645 mean_loss=0.6944 classification=0.0144, bbox_regression=0.0623, bbox_ctrness=0.5877
epoch 14/50 iter 240/1860 loss=0.7031 mean_loss=0.6943 classification=0.0319, bbox_regression=0.0721, bbox_ctrness=0.5990
epoch 14/50 iter 260/1860 loss=0.7399 mean_loss=0.6952 classification=0.0404, bbox_regression=0.0960, bbox_ctrness=0.6035
epoch 14/50 iter 280/1860 loss=0.6868 mean_loss=0.6957 classification=0.0225, bbox_regression=0.0694, bbox_ctrness=0.5949
epoch 14/50 iter 300/1860 loss=0.6725 mean_loss=0.6960 classification=0.0069, bbox_regression=0.0621, bbox_ctrness=0.6035
epoch 14/50 iter 320/1860 loss=0.6985 mean_loss=0.6965 classification=0.0035, bbox_regression=0.0753, bbox_ctrness=0.6197
epoch 14/50 iter 340/1860 loss=0.6766 mean_loss=0.6967 classification=0.0113, bbox_regression=0.0656, bbox_ctrness=0.5998
epoch 14/50 iter 360/1860 loss=0.6827 mean_loss=0.6970 classification=0.0277, bbox_regression=0.0764, bbox_ctrness=0.5785
epoch 14/50 iter 380/1860 loss=0.6724 mean_loss=0.6966 classification=0.0098, bbox_regression=0.0623, bbox_ctrness=0.6002
epoch 14/50 iter 400/1860 loss=0.6956 mean_loss=0.6969 classification=0.0256, bbox_regression=0.0685, bbox_ctrness=0.6015
epoch 14/50 iter 420/1860 loss=0.6812 mean_loss=0.6967 classification=0.0144, bbox_regression=0.0688, bbox_ctrness=0.5980
epoch 14/50 iter 440/1860 loss=0.7134 mean_loss=0.6967 classification=0.0316, bbox_regression=0.0757, bbox_ctrness=0.6061
epoch 14/50 iter 460/1860 loss=0.6532 mean_loss=0.6965 classification=0.0115, bbox_regression=0.0591, bbox_ctrness=0.5826
epoch 14/50 iter 480/1860 loss=0.6820 mean_loss=0.6965 classification=0.0081, bbox_regression=0.0749, bbox_ctrness=0.5989
epoch 14/50 iter 500/1860 loss=0.7065 mean_loss=0.6968 classification=0.0430, bbox_regression=0.0717, bbox_ctrness=0.5919
epoch 14/50 iter 520/1860 loss=0.7251 mean_loss=0.6967 classification=0.0506, bbox_regression=0.0806, bbox_ctrness=0.5940
epoch 14/50 iter 540/1860 loss=0.7080 mean_loss=0.6963 classification=0.0136, bbox_regression=0.0910, bbox_ctrness=0.6035
epoch 14/50 iter 560/1860 loss=0.6510 mean_loss=0.6967 classification=0.0161, bbox_regression=0.0635, bbox_ctrness=0.5714
epoch 14/50 iter 580/1860 loss=0.6888 mean_loss=0.6967 classification=0.0180, bbox_regression=0.0745, bbox_ctrness=0.5962
epoch 14/50 iter 600/1860 loss=0.6887 mean_loss=0.6971 classification=0.0139, bbox_regression=0.0688, bbox_ctrness=0.6059
epoch 14/50 iter 620/1860 loss=0.6825 mean_loss=0.6972 classification=0.0064, bbox_regression=0.0706, bbox_ctrness=0.6055
epoch 14/50 iter 640/1860 loss=0.7106 mean_loss=0.6972 classification=0.0221, bbox_regression=0.0810, bbox_ctrness=0.6075
epoch 14/50 iter 660/1860 loss=0.6635 mean_loss=0.6971 classification=0.0132, bbox_regression=0.0579, bbox_ctrness=0.5925
epoch 14/50 iter 680/1860 loss=0.7027 mean_loss=0.6968 classification=0.0200, bbox_regression=0.0735, bbox_ctrness=0.6092
epoch 14/50 iter 700/1860 loss=0.6871 mean_loss=0.6968 classification=0.0027, bbox_regression=0.0659, bbox_ctrness=0.6185
epoch 14/50 iter 720/1860 loss=0.7171 mean_loss=0.6971 classification=0.0362, bbox_regression=0.0815, bbox_ctrness=0.5994
epoch 14/50 iter 740/1860 loss=0.6874 mean_loss=0.6971 classification=0.0342, bbox_regression=0.0622, bbox_ctrness=0.5911
epoch 14/50 iter 760/1860 loss=0.6892 mean_loss=0.6972 classification=0.0143, bbox_regression=0.0661, bbox_ctrness=0.6088
epoch 14/50 iter 780/1860 loss=0.6690 mean_loss=0.6970 classification=0.0056, bbox_regression=0.0536, bbox_ctrness=0.6097
epoch 14/50 iter 800/1860 loss=0.6970 mean_loss=0.6971 classification=0.0296, bbox_regression=0.0615, bbox_ctrness=0.6059
epoch 14/50 iter 820/1860 loss=0.7994 mean_loss=0.6980 classification=0.1054, bbox_regression=0.0949, bbox_ctrness=0.5991
epoch 14/50 iter 840/1860 loss=0.7256 mean_loss=0.6985 classification=0.0480, bbox_regression=0.0783, bbox_ctrness=0.5993
epoch 14/50 iter 860/1860 loss=0.6706 mean_loss=0.6986 classification=0.0231, bbox_regression=0.0557, bbox_ctrness=0.5918
epoch 14/50 iter 880/1860 loss=0.6743 mean_loss=0.6986 classification=0.0198, bbox_regression=0.0633, bbox_ctrness=0.5912
epoch 14/50 iter 900/1860 loss=0.7213 mean_loss=0.6990 classification=0.0456, bbox_regression=0.0790, bbox_ctrness=0.5967
epoch 14/50 iter 920/1860 loss=0.6394 mean_loss=0.6990 classification=0.0170, bbox_regression=0.0581, bbox_ctrness=0.5643
epoch 14/50 iter 940/1860 loss=0.6870 mean_loss=0.6990 classification=0.0377, bbox_regression=0.0670, bbox_ctrness=0.5823
epoch 14/50 iter 960/1860 loss=0.7334 mean_loss=0.6995 classification=0.0496, bbox_regression=0.0934, bbox_ctrness=0.5904
epoch 14/50 iter 980/1860 loss=0.7371 mean_loss=0.6997 classification=0.0661, bbox_regression=0.0712, bbox_ctrness=0.5998
epoch 14/50 iter 1000/1860 loss=0.6815 mean_loss=0.6996 classification=0.0135, bbox_regression=0.0744, bbox_ctrness=0.5936
epoch 14/50 iter 1020/1860 loss=0.7160 mean_loss=0.6997 classification=0.0243, bbox_regression=0.0665, bbox_ctrness=0.6252
epoch 14/50 iter 1040/1860 loss=0.7423 mean_loss=0.6997 classification=0.0414, bbox_regression=0.1002, bbox_ctrness=0.6007
epoch 14/50 iter 1060/1860 loss=0.6871 mean_loss=0.6999 classification=0.0392, bbox_regression=0.0600, bbox_ctrness=0.5879
epoch 14/50 iter 1080/1860 loss=0.6986 mean_loss=0.6999 classification=0.0215, bbox_regression=0.0738, bbox_ctrness=0.6033
epoch 14/50 iter 1100/1860 loss=0.7080 mean_loss=0.7000 classification=0.0164, bbox_regression=0.0847, bbox_ctrness=0.6069
epoch 14/50 iter 1120/1860 loss=0.6628 mean_loss=0.6998 classification=0.0107, bbox_regression=0.0591, bbox_ctrness=0.5929
epoch 14/50 iter 1140/1860 loss=0.6830 mean_loss=0.6999 classification=0.0169, bbox_regression=0.0699, bbox_ctrness=0.5962
epoch 14/50 iter 1160/1860 loss=0.6785 mean_loss=0.6999 classification=0.0045, bbox_regression=0.0760, bbox_ctrness=0.5980
epoch 14/50 iter 1180/1860 loss=0.6636 mean_loss=0.6999 classification=0.0093, bbox_regression=0.0490, bbox_ctrness=0.6052
epoch 14/50 iter 1200/1860 loss=0.6842 mean_loss=0.6998 classification=0.0296, bbox_regression=0.0667, bbox_ctrness=0.5879
epoch 14/50 iter 1220/1860 loss=0.7001 mean_loss=0.6998 classification=0.0123, bbox_regression=0.0824, bbox_ctrness=0.6055
epoch 14/50 iter 1240/1860 loss=0.6839 mean_loss=0.6998 classification=0.0231, bbox_regression=0.0638, bbox_ctrness=0.5969
epoch 14/50 iter 1260/1860 loss=0.7098 mean_loss=0.6998 classification=0.0295, bbox_regression=0.0814, bbox_ctrness=0.5989
epoch 14/50 iter 1280/1860 loss=0.6686 mean_loss=0.7000 classification=0.0041, bbox_regression=0.0636, bbox_ctrness=0.6009
epoch 14/50 iter 1300/1860 loss=0.8209 mean_loss=0.7000 classification=0.0866, bbox_regression=0.1336, bbox_ctrness=0.6007
epoch 14/50 iter 1320/1860 loss=0.7078 mean_loss=0.7000 classification=0.0420, bbox_regression=0.0743, bbox_ctrness=0.5916
epoch 14/50 iter 1340/1860 loss=0.7492 mean_loss=0.7000 classification=0.0319, bbox_regression=0.1057, bbox_ctrness=0.6117
epoch 14/50 iter 1360/1860 loss=0.7287 mean_loss=0.7000 classification=0.0493, bbox_regression=0.0776, bbox_ctrness=0.6019
epoch 14/50 iter 1380/1860 loss=0.6847 mean_loss=0.7000 classification=0.0316, bbox_regression=0.0638, bbox_ctrness=0.5893
epoch 14/50 iter 1400/1860 loss=0.6985 mean_loss=0.7000 classification=0.0365, bbox_regression=0.0665, bbox_ctrness=0.5955
epoch 14/50 iter 1420/1860 loss=0.6981 mean_loss=0.7000 classification=0.0326, bbox_regression=0.0746, bbox_ctrness=0.5908
epoch 14/50 iter 1440/1860 loss=0.7435 mean_loss=0.7001 classification=0.0537, bbox_regression=0.0846, bbox_ctrness=0.6052
epoch 14/50 iter 1460/1860 loss=0.6880 mean_loss=0.7001 classification=0.0325, bbox_regression=0.0635, bbox_ctrness=0.5920
epoch 14/50 iter 1480/1860 loss=0.6930 mean_loss=0.7001 classification=0.0197, bbox_regression=0.0751, bbox_ctrness=0.5982
epoch 14/50 iter 1500/1860 loss=0.7107 mean_loss=0.7002 classification=0.0238, bbox_regression=0.0809, bbox_ctrness=0.6060
epoch 14/50 iter 1520/1860 loss=0.7486 mean_loss=0.7003 classification=0.0730, bbox_regression=0.0803, bbox_ctrness=0.5954
epoch 14/50 iter 1540/1860 loss=0.6914 mean_loss=0.7003 classification=0.0283, bbox_regression=0.0618, bbox_ctrness=0.6014
epoch 14/50 iter 1560/1860 loss=0.7273 mean_loss=0.7003 classification=0.0308, bbox_regression=0.1002, bbox_ctrness=0.5963
epoch 14/50 iter 1580/1860 loss=0.6850 mean_loss=0.7005 classification=0.0102, bbox_regression=0.0754, bbox_ctrness=0.5994
epoch 14/50 iter 1600/1860 loss=0.6899 mean_loss=0.7006 classification=0.0213, bbox_regression=0.0741, bbox_ctrness=0.5944
epoch 14/50 iter 1620/1860 loss=0.6821 mean_loss=0.7006 classification=0.0237, bbox_regression=0.0585, bbox_ctrness=0.6000
epoch 14/50 iter 1640/1860 loss=0.6826 mean_loss=0.7005 classification=0.0154, bbox_regression=0.0694, bbox_ctrness=0.5977
epoch 14/50 iter 1660/1860 loss=0.7782 mean_loss=0.7005 classification=0.0606, bbox_regression=0.1201, bbox_ctrness=0.5975
epoch 14/50 iter 1680/1860 loss=0.7152 mean_loss=0.7006 classification=0.0560, bbox_regression=0.0702, bbox_ctrness=0.5891
epoch 14/50 iter 1700/1860 loss=0.7678 mean_loss=0.7006 classification=0.0815, bbox_regression=0.0774, bbox_ctrness=0.6089
epoch 14/50 iter 1720/1860 loss=0.7029 mean_loss=0.7006 classification=0.0231, bbox_regression=0.0830, bbox_ctrness=0.5968
epoch 14/50 iter 1740/1860 loss=0.7206 mean_loss=0.7006 classification=0.0363, bbox_regression=0.0846, bbox_ctrness=0.5997
epoch 14/50 iter 1760/1860 loss=0.7442 mean_loss=0.7006 classification=0.0238, bbox_regression=0.1124, bbox_ctrness=0.6080
epoch 14/50 iter 1780/1860 loss=0.6677 mean_loss=0.7007 classification=0.0174, bbox_regression=0.0624, bbox_ctrness=0.5879
epoch 14/50 iter 1800/1860 loss=0.7169 mean_loss=0.7008 classification=0.0439, bbox_regression=0.0624, bbox_ctrness=0.6106
epoch 14/50 iter 1820/1860 loss=0.7064 mean_loss=0.7008 classification=0.0268, bbox_regression=0.0614, bbox_ctrness=0.6182
epoch 14/50 iter 1840/1860 loss=0.6871 mean_loss=0.7009 classification=0.0334, bbox_regression=0.0708, bbox_ctrness=0.5828
epoch 14/50 iter 1860/1860 loss=0.7002 mean_loss=0.7010 classification=0.0248, bbox_regression=0.0669, bbox_ctrness=0.6086
epoch 14 validation Precision=0.4824 Recall=0.9392 AP50=0.9021 AP75=0.8073 eval_fps=24.81 epoch_time_sec=836.1
saved checkpoint: E:\RepViT-main\runs\v48_complete_ablation\training\ra_static_equal_seed0\weights\last.pt
epoch 15/50 iter 1/1860 loss=0.6815 mean_loss=0.6815 classification=0.0125, bbox_regression=0.0693, bbox_ctrness=0.5997
epoch 15/50 iter 20/1860 loss=0.7208 mean_loss=0.6950 classification=0.0406, bbox_regression=0.0809, bbox_ctrness=0.5993
epoch 15/50 iter 40/1860 loss=0.6710 mean_loss=0.6939 classification=0.0122, bbox_regression=0.0579, bbox_ctrness=0.6008
epoch 15/50 iter 60/1860 loss=0.6875 mean_loss=0.6957 classification=0.0215, bbox_regression=0.0739, bbox_ctrness=0.5921
epoch 15/50 iter 80/1860 loss=0.7162 mean_loss=0.6938 classification=0.0249, bbox_regression=0.0944, bbox_ctrness=0.5969
epoch 15/50 iter 100/1860 loss=0.7346 mean_loss=0.6942 classification=0.0318, bbox_regression=0.1016, bbox_ctrness=0.6012
epoch 15/50 iter 120/1860 loss=0.6876 mean_loss=0.6962 classification=0.0165, bbox_regression=0.0727, bbox_ctrness=0.5984
epoch 15/50 iter 140/1860 loss=0.6656 mean_loss=0.6958 classification=0.0164, bbox_regression=0.0596, bbox_ctrness=0.5896
epoch 15/50 iter 160/1860 loss=0.6951 mean_loss=0.6955 classification=0.0085, bbox_regression=0.0667, bbox_ctrness=0.6199
epoch 15/50 iter 180/1860 loss=0.6956 mean_loss=0.6948 classification=0.0242, bbox_regression=0.0707, bbox_ctrness=0.6007
epoch 15/50 iter 200/1860 loss=0.6511 mean_loss=0.6945 classification=0.0014, bbox_regression=0.0593, bbox_ctrness=0.5904
epoch 15/50 iter 220/1860 loss=0.6756 mean_loss=0.6946 classification=0.0067, bbox_regression=0.0675, bbox_ctrness=0.6014
epoch 15/50 iter 240/1860 loss=0.7100 mean_loss=0.6946 classification=0.0418, bbox_regression=0.0667, bbox_ctrness=0.6014
epoch 15/50 iter 260/1860 loss=0.6966 mean_loss=0.6950 classification=0.0196, bbox_regression=0.0753, bbox_ctrness=0.6017
epoch 15/50 iter 280/1860 loss=0.6638 mean_loss=0.6949 classification=0.0208, bbox_regression=0.0604, bbox_ctrness=0.5826
epoch 15/50 iter 300/1860 loss=0.6717 mean_loss=0.6946 classification=0.0043, bbox_regression=0.0692, bbox_ctrness=0.5982
epoch 15/50 iter 320/1860 loss=0.6704 mean_loss=0.6944 classification=0.0135, bbox_regression=0.0764, bbox_ctrness=0.5805
epoch 15/50 iter 340/1860 loss=0.7344 mean_loss=0.6940 classification=0.0680, bbox_regression=0.0659, bbox_ctrness=0.6006
epoch 15/50 iter 360/1860 loss=0.6920 mean_loss=0.6937 classification=0.0353, bbox_regression=0.0574, bbox_ctrness=0.5992
epoch 15/50 iter 380/1860 loss=0.6860 mean_loss=0.6931 classification=0.0287, bbox_regression=0.0616, bbox_ctrness=0.5957
epoch 15/50 iter 400/1860 loss=0.6720 mean_loss=0.6929 classification=0.0220, bbox_regression=0.0582, bbox_ctrness=0.5917
epoch 15/50 iter 420/1860 loss=0.6745 mean_loss=0.6925 classification=0.0153, bbox_regression=0.0756, bbox_ctrness=0.5836
epoch 15/50 iter 440/1860 loss=0.6758 mean_loss=0.6927 classification=0.0185, bbox_regression=0.0683, bbox_ctrness=0.5891
epoch 15/50 iter 460/1860 loss=0.6783 mean_loss=0.6922 classification=0.0386, bbox_regression=0.0583, bbox_ctrness=0.5814
epoch 15/50 iter 480/1860 loss=0.6948 mean_loss=0.6924 classification=0.0300, bbox_regression=0.0580, bbox_ctrness=0.6067
epoch 15/50 iter 500/1860 loss=0.6901 mean_loss=0.6925 classification=0.0097, bbox_regression=0.0734, bbox_ctrness=0.6071
epoch 15/50 iter 520/1860 loss=0.6707 mean_loss=0.6930 classification=0.0126, bbox_regression=0.0618, bbox_ctrness=0.5963
epoch 15/50 iter 540/1860 loss=0.6809 mean_loss=0.6930 classification=0.0209, bbox_regression=0.0663, bbox_ctrness=0.5938
epoch 15/50 iter 560/1860 loss=0.6742 mean_loss=0.6931 classification=0.0147, bbox_regression=0.0625, bbox_ctrness=0.5969
epoch 15/50 iter 580/1860 loss=0.7459 mean_loss=0.6931 classification=0.0716, bbox_regression=0.0771, bbox_ctrness=0.5972
epoch 15/50 iter 600/1860 loss=0.7058 mean_loss=0.6931 classification=0.0292, bbox_regression=0.0724, bbox_ctrness=0.6042
epoch 15/50 iter 620/1860 loss=0.6896 mean_loss=0.6933 classification=0.0123, bbox_regression=0.0887, bbox_ctrness=0.5886
epoch 15/50 iter 640/1860 loss=0.7023 mean_loss=0.6935 classification=0.0341, bbox_regression=0.0587, bbox_ctrness=0.6095
epoch 15/50 iter 660/1860 loss=0.6968 mean_loss=0.6935 classification=0.0289, bbox_regression=0.0730, bbox_ctrness=0.5949
epoch 15/50 iter 680/1860 loss=0.6531 mean_loss=0.6934 classification=0.0135, bbox_regression=0.0450, bbox_ctrness=0.5946
epoch 15/50 iter 700/1860 loss=0.6870 mean_loss=0.6936 classification=0.0217, bbox_regression=0.0741, bbox_ctrness=0.5912
epoch 15/50 iter 720/1860 loss=0.7034 mean_loss=0.6934 classification=0.0190, bbox_regression=0.0856, bbox_ctrness=0.5988
epoch 15/50 iter 740/1860 loss=0.6935 mean_loss=0.6934 classification=0.0171, bbox_regression=0.0662, bbox_ctrness=0.6102
epoch 15/50 iter 760/1860 loss=0.6878 mean_loss=0.6935 classification=0.0259, bbox_regression=0.0701, bbox_ctrness=0.5918
epoch 15/50 iter 780/1860 loss=0.6853 mean_loss=0.6936 classification=0.0163, bbox_regression=0.0833, bbox_ctrness=0.5857
epoch 15/50 iter 800/1860 loss=0.6862 mean_loss=0.6937 classification=0.0224, bbox_regression=0.0711, bbox_ctrness=0.5928
epoch 15/50 iter 820/1860 loss=0.7202 mean_loss=0.6938 classification=0.0338, bbox_regression=0.0814, bbox_ctrness=0.6050
epoch 15/50 iter 840/1860 loss=0.7138 mean_loss=0.6940 classification=0.0507, bbox_regression=0.0589, bbox_ctrness=0.6043
epoch 15/50 iter 860/1860 loss=0.6981 mean_loss=0.6940 classification=0.0129, bbox_regression=0.0689, bbox_ctrness=0.6163
epoch 15/50 iter 880/1860 loss=0.7099 mean_loss=0.6938 classification=0.0270, bbox_regression=0.0727, bbox_ctrness=0.6102
epoch 15/50 iter 900/1860 loss=0.6998 mean_loss=0.6940 classification=0.0262, bbox_regression=0.0824, bbox_ctrness=0.5912
epoch 15/50 iter 920/1860 loss=1.1904 mean_loss=0.6944 classification=0.5227, bbox_regression=0.0555, bbox_ctrness=0.6121
epoch 15/50 iter 940/1860 loss=0.7122 mean_loss=0.6951 classification=0.0477, bbox_regression=0.0752, bbox_ctrness=0.5893
epoch 15/50 iter 960/1860 loss=0.6942 mean_loss=0.6953 classification=0.0082, bbox_regression=0.0819, bbox_ctrness=0.6042
epoch 15/50 iter 980/1860 loss=0.7227 mean_loss=0.6955 classification=0.0294, bbox_regression=0.0810, bbox_ctrness=0.6124
epoch 15/50 iter 1000/1860 loss=0.6950 mean_loss=0.6957 classification=0.0194, bbox_regression=0.0742, bbox_ctrness=0.6014
epoch 15/50 iter 1020/1860 loss=0.7061 mean_loss=0.6957 classification=0.0259, bbox_regression=0.0718, bbox_ctrness=0.6084
epoch 15/50 iter 1040/1860 loss=0.6883 mean_loss=0.6957 classification=0.0155, bbox_regression=0.0949, bbox_ctrness=0.5780
epoch 15/50 iter 1060/1860 loss=0.6715 mean_loss=0.6958 classification=0.0102, bbox_regression=0.0646, bbox_ctrness=0.5968
epoch 15/50 iter 1080/1860 loss=0.7243 mean_loss=0.6958 classification=0.0482, bbox_regression=0.0776, bbox_ctrness=0.5985
epoch 15/50 iter 1100/1860 loss=0.6617 mean_loss=0.6958 classification=0.0015, bbox_regression=0.0563, bbox_ctrness=0.6038
epoch 15/50 iter 1120/1860 loss=0.6859 mean_loss=0.6961 classification=0.0336, bbox_regression=0.0650, bbox_ctrness=0.5873
epoch 15/50 iter 1140/1860 loss=0.6998 mean_loss=0.6960 classification=0.0209, bbox_regression=0.0696, bbox_ctrness=0.6093
epoch 15/50 iter 1160/1860 loss=0.7168 mean_loss=0.6958 classification=0.0237, bbox_regression=0.0915, bbox_ctrness=0.6016
epoch 15/50 iter 1180/1860 loss=0.6886 mean_loss=0.6957 classification=0.0215, bbox_regression=0.0760, bbox_ctrness=0.5910
epoch 15/50 iter 1200/1860 loss=0.6954 mean_loss=0.6957 classification=0.0338, bbox_regression=0.0582, bbox_ctrness=0.6034
epoch 15/50 iter 1220/1860 loss=0.7039 mean_loss=0.6957 classification=0.0119, bbox_regression=0.0895, bbox_ctrness=0.6025
epoch 15/50 iter 1240/1860 loss=0.7018 mean_loss=0.6958 classification=0.0274, bbox_regression=0.0681, bbox_ctrness=0.6063
epoch 15/50 iter 1260/1860 loss=0.7054 mean_loss=0.6959 classification=0.0242, bbox_regression=0.0869, bbox_ctrness=0.5943
epoch 15/50 iter 1280/1860 loss=0.6983 mean_loss=0.6960 classification=0.0270, bbox_regression=0.0662, bbox_ctrness=0.6052
epoch 15/50 iter 1300/1860 loss=0.6859 mean_loss=0.6961 classification=0.0085, bbox_regression=0.0718, bbox_ctrness=0.6055
epoch 15/50 iter 1320/1860 loss=0.6804 mean_loss=0.6962 classification=0.0213, bbox_regression=0.0623, bbox_ctrness=0.5968
epoch 15/50 iter 1340/1860 loss=0.6782 mean_loss=0.6962 classification=0.0141, bbox_regression=0.0678, bbox_ctrness=0.5962
epoch 15/50 iter 1360/1860 loss=0.7011 mean_loss=0.6962 classification=0.0391, bbox_regression=0.0698, bbox_ctrness=0.5922
epoch 15/50 iter 1380/1860 loss=0.6828 mean_loss=0.6964 classification=0.0204, bbox_regression=0.0652, bbox_ctrness=0.5972
epoch 15/50 iter 1400/1860 loss=0.6937 mean_loss=0.6964 classification=0.0257, bbox_regression=0.0828, bbox_ctrness=0.5852
epoch 15/50 iter 1420/1860 loss=0.7458 mean_loss=0.6966 classification=0.0205, bbox_regression=0.0996, bbox_ctrness=0.6257
epoch 15/50 iter 1440/1860 loss=0.6712 mean_loss=0.6965 classification=0.0191, bbox_regression=0.0587, bbox_ctrness=0.5934
epoch 15/50 iter 1460/1860 loss=0.6836 mean_loss=0.6966 classification=0.0099, bbox_regression=0.0752, bbox_ctrness=0.5985
epoch 15/50 iter 1480/1860 loss=0.7052 mean_loss=0.6966 classification=0.0215, bbox_regression=0.0834, bbox_ctrness=0.6004
epoch 15/50 iter 1500/1860 loss=0.7033 mean_loss=0.6965 classification=0.0091, bbox_regression=0.0747, bbox_ctrness=0.6195
epoch 15/50 iter 1520/1860 loss=0.6756 mean_loss=0.6964 classification=0.0329, bbox_regression=0.0504, bbox_ctrness=0.5922
epoch 15/50 iter 1540/1860 loss=0.7233 mean_loss=0.6963 classification=0.0331, bbox_regression=0.0849, bbox_ctrness=0.6053
epoch 15/50 iter 1560/1860 loss=0.7906 mean_loss=0.6964 classification=0.0487, bbox_regression=0.1239, bbox_ctrness=0.6181
epoch 15/50 iter 1580/1860 loss=0.7116 mean_loss=0.6964 classification=0.0229, bbox_regression=0.0838, bbox_ctrness=0.6049
epoch 15/50 iter 1600/1860 loss=0.6782 mean_loss=0.6964 classification=0.0207, bbox_regression=0.0639, bbox_ctrness=0.5936
epoch 15/50 iter 1620/1860 loss=0.6731 mean_loss=0.6965 classification=0.0196, bbox_regression=0.0617, bbox_ctrness=0.5918
epoch 15/50 iter 1640/1860 loss=0.7335 mean_loss=0.6967 classification=0.0279, bbox_regression=0.0939, bbox_ctrness=0.6116
epoch 15/50 iter 1660/1860 loss=0.7170 mean_loss=0.6968 classification=0.0373, bbox_regression=0.0811, bbox_ctrness=0.5987
epoch 15/50 iter 1680/1860 loss=0.6833 mean_loss=0.6967 classification=0.0260, bbox_regression=0.0677, bbox_ctrness=0.5896
epoch 15/50 iter 1700/1860 loss=0.6826 mean_loss=0.6967 classification=0.0131, bbox_regression=0.0707, bbox_ctrness=0.5988
epoch 15/50 iter 1720/1860 loss=0.7357 mean_loss=0.6967 classification=0.0321, bbox_regression=0.0828, bbox_ctrness=0.6208
epoch 15/50 iter 1740/1860 loss=0.6939 mean_loss=0.6967 classification=0.0192, bbox_regression=0.0768, bbox_ctrness=0.5979
epoch 15/50 iter 1760/1860 loss=0.6861 mean_loss=0.6967 classification=0.0147, bbox_regression=0.0682, bbox_ctrness=0.6032
epoch 15/50 iter 1780/1860 loss=0.6842 mean_loss=0.6967 classification=0.0208, bbox_regression=0.0553, bbox_ctrness=0.6081
epoch 15/50 iter 1800/1860 loss=0.7507 mean_loss=0.6967 classification=0.0512, bbox_regression=0.0911, bbox_ctrness=0.6084
epoch 15/50 iter 1820/1860 loss=0.6815 mean_loss=0.6967 classification=0.0130, bbox_regression=0.0770, bbox_ctrness=0.5915
epoch 15/50 iter 1840/1860 loss=0.6950 mean_loss=0.6967 classification=0.0180, bbox_regression=0.0732, bbox_ctrness=0.6039
epoch 15/50 iter 1860/1860 loss=0.7627 mean_loss=0.6967 classification=0.0491, bbox_regression=0.1004, bbox_ctrness=0.6132
epoch 15 validation Precision=0.5749 Recall=0.9460 AP50=0.9156 AP75=0.8140 eval_fps=25.00 epoch_time_sec=834.0
saved checkpoint: E:\RepViT-main\runs\v48_complete_ablation\training\ra_static_equal_seed0\weights\last.pt
epoch 16/50 iter 1/1860 loss=0.6885 mean_loss=0.6885 classification=0.0088, bbox_regression=0.0753, bbox_ctrness=0.6044
epoch 16/50 iter 20/1860 loss=0.6992 mean_loss=0.6892 classification=0.0361, bbox_regression=0.0713, bbox_ctrness=0.5917
epoch 16/50 iter 40/1860 loss=0.7152 mean_loss=0.6906 classification=0.0228, bbox_regression=0.0784, bbox_ctrness=0.6139
epoch 16/50 iter 60/1860 loss=0.6841 mean_loss=0.6918 classification=0.0124, bbox_regression=0.0751, bbox_ctrness=0.5966
epoch 16/50 iter 80/1860 loss=0.6792 mean_loss=0.6879 classification=0.0259, bbox_regression=0.0600, bbox_ctrness=0.5933
epoch 16/50 iter 100/1860 loss=0.7021 mean_loss=0.6876 classification=0.0119, bbox_regression=0.0764, bbox_ctrness=0.6137
epoch 16/50 iter 120/1860 loss=0.6914 mean_loss=0.6870 classification=0.0274, bbox_regression=0.0623, bbox_ctrness=0.6016
epoch 16/50 iter 140/1860 loss=0.6822 mean_loss=0.6864 classification=0.0063, bbox_regression=0.0655, bbox_ctrness=0.6104
epoch 16/50 iter 160/1860 loss=0.6463 mean_loss=0.6865 classification=0.0123, bbox_regression=0.0538, bbox_ctrness=0.5801
epoch 16/50 iter 180/1860 loss=0.6784 mean_loss=0.6862 classification=0.0128, bbox_regression=0.0607, bbox_ctrness=0.6048
epoch 16/50 iter 200/1860 loss=0.6742 mean_loss=0.6857 classification=0.0116, bbox_regression=0.0477, bbox_ctrness=0.6148
epoch 16/50 iter 220/1860 loss=0.7309 mean_loss=0.6855 classification=0.0782, bbox_regression=0.0655, bbox_ctrness=0.5872
epoch 16/50 iter 240/1860 loss=0.6893 mean_loss=0.6860 classification=0.0286, bbox_regression=0.0709, bbox_ctrness=0.5899
epoch 16/50 iter 260/1860 loss=0.6484 mean_loss=0.6856 classification=0.0065, bbox_regression=0.0639, bbox_ctrness=0.5780
epoch 16/50 iter 280/1860 loss=0.6721 mean_loss=0.6853 classification=0.0217, bbox_regression=0.0551, bbox_ctrness=0.5954
epoch 16/50 iter 300/1860 loss=0.6871 mean_loss=0.6851 classification=0.0155, bbox_regression=0.0717, bbox_ctrness=0.5999
epoch 16/50 iter 320/1860 loss=0.6744 mean_loss=0.6853 classification=0.0325, bbox_regression=0.0515, bbox_ctrness=0.5903
epoch 16/50 iter 340/1860 loss=0.7188 mean_loss=0.6861 classification=0.0389, bbox_regression=0.0824, bbox_ctrness=0.5975
epoch 16/50 iter 360/1860 loss=0.6690 mean_loss=0.6864 classification=0.0084, bbox_regression=0.0548, bbox_ctrness=0.6058
epoch 16/50 iter 380/1860 loss=0.6621 mean_loss=0.6867 classification=0.0065, bbox_regression=0.0661, bbox_ctrness=0.5895
epoch 16/50 iter 400/1860 loss=0.6967 mean_loss=0.6869 classification=0.0216, bbox_regression=0.0703, bbox_ctrness=0.6049
epoch 16/50 iter 420/1860 loss=0.6571 mean_loss=0.6870 classification=0.0021, bbox_regression=0.0505, bbox_ctrness=0.6044
epoch 16/50 iter 440/1860 loss=0.7028 mean_loss=0.6874 classification=0.0291, bbox_regression=0.0746, bbox_ctrness=0.5991
epoch 16/50 iter 460/1860 loss=0.6763 mean_loss=0.6872 classification=0.0032, bbox_regression=0.0663, bbox_ctrness=0.6069
epoch 16/50 iter 480/1860 loss=0.6477 mean_loss=0.6873 classification=0.0023, bbox_regression=0.0482, bbox_ctrness=0.5972
epoch 16/50 iter 500/1860 loss=0.7403 mean_loss=0.6882 classification=0.0615, bbox_regression=0.0695, bbox_ctrness=0.6093
epoch 16/50 iter 520/1860 loss=0.7193 mean_loss=0.6886 classification=0.0422, bbox_regression=0.0793, bbox_ctrness=0.5977
epoch 16/50 iter 540/1860 loss=0.6880 mean_loss=0.6887 classification=0.0035, bbox_regression=0.0795, bbox_ctrness=0.6050
epoch 16/50 iter 560/1860 loss=0.6400 mean_loss=0.6887 classification=0.0099, bbox_regression=0.0479, bbox_ctrness=0.5822
epoch 16/50 iter 580/1860 loss=0.6808 mean_loss=0.6885 classification=0.0032, bbox_regression=0.0837, bbox_ctrness=0.5939
epoch 16/50 iter 600/1860 loss=0.7000 mean_loss=0.6886 classification=0.0238, bbox_regression=0.0692, bbox_ctrness=0.6069
epoch 16/50 iter 620/1860 loss=0.6686 mean_loss=0.6885 classification=0.0037, bbox_regression=0.0505, bbox_ctrness=0.6144
epoch 16/50 iter 640/1860 loss=0.6832 mean_loss=0.6887 classification=0.0015, bbox_regression=0.0751, bbox_ctrness=0.6067
epoch 16/50 iter 660/1860 loss=0.7626 mean_loss=0.6887 classification=0.0810, bbox_regression=0.0919, bbox_ctrness=0.5898
epoch 16/50 iter 680/1860 loss=0.7373 mean_loss=0.6888 classification=0.0329, bbox_regression=0.1042, bbox_ctrness=0.6002
epoch 16/50 iter 700/1860 loss=0.7360 mean_loss=0.6889 classification=0.0438, bbox_regression=0.0973, bbox_ctrness=0.5949
epoch 16/50 iter 720/1860 loss=0.6759 mean_loss=0.6891 classification=0.0062, bbox_regression=0.0544, bbox_ctrness=0.6153
epoch 16/50 iter 740/1860 loss=0.6461 mean_loss=0.6892 classification=0.0037, bbox_regression=0.0450, bbox_ctrness=0.5974
epoch 16/50 iter 760/1860 loss=0.6931 mean_loss=0.6889 classification=0.0237, bbox_regression=0.0781, bbox_ctrness=0.5913
epoch 16/50 iter 780/1860 loss=0.6967 mean_loss=0.6890 classification=0.0253, bbox_regression=0.0630, bbox_ctrness=0.6085
epoch 16/50 iter 800/1860 loss=0.7061 mean_loss=0.6890 classification=0.0089, bbox_regression=0.0779, bbox_ctrness=0.6194
epoch 16/50 iter 820/1860 loss=0.6997 mean_loss=0.6891 classification=0.0080, bbox_regression=0.0778, bbox_ctrness=0.6139
epoch 16/50 iter 840/1860 loss=0.7096 mean_loss=0.6894 classification=0.0247, bbox_regression=0.0766, bbox_ctrness=0.6084
epoch 16/50 iter 860/1860 loss=0.6852 mean_loss=0.6897 classification=0.0291, bbox_regression=0.0635, bbox_ctrness=0.5926
epoch 16/50 iter 880/1860 loss=0.6967 mean_loss=0.6900 classification=0.0220, bbox_regression=0.0810, bbox_ctrness=0.5937
epoch 16/50 iter 900/1860 loss=0.7586 mean_loss=0.6901 classification=0.0750, bbox_regression=0.0947, bbox_ctrness=0.5888
epoch 16/50 iter 920/1860 loss=0.6778 mean_loss=0.6901 classification=0.0064, bbox_regression=0.0541, bbox_ctrness=0.6173
epoch 16/50 iter 940/1860 loss=0.7082 mean_loss=0.6903 classification=0.0244, bbox_regression=0.0810, bbox_ctrness=0.6029
epoch 16/50 iter 960/1860 loss=0.7352 mean_loss=0.6905 classification=0.0433, bbox_regression=0.0763, bbox_ctrness=0.6156
epoch 16/50 iter 980/1860 loss=0.6908 mean_loss=0.6907 classification=0.0262, bbox_regression=0.0654, bbox_ctrness=0.5991
epoch 16/50 iter 1000/1860 loss=0.7101 mean_loss=0.6910 classification=0.0415, bbox_regression=0.0673, bbox_ctrness=0.6014
epoch 16/50 iter 1020/1860 loss=0.6782 mean_loss=0.6909 classification=0.0188, bbox_regression=0.0627, bbox_ctrness=0.5967
epoch 16/50 iter 1040/1860 loss=0.6960 mean_loss=0.6910 classification=0.0091, bbox_regression=0.0774, bbox_ctrness=0.6096
epoch 16/50 iter 1060/1860 loss=0.6837 mean_loss=0.6910 classification=0.0158, bbox_regression=0.0633, bbox_ctrness=0.6046
epoch 16/50 iter 1080/1860 loss=0.7130 mean_loss=0.6912 classification=0.0159, bbox_regression=0.0790, bbox_ctrness=0.6181
epoch 16/50 iter 1100/1860 loss=0.7171 mean_loss=0.6910 classification=0.0443, bbox_regression=0.0838, bbox_ctrness=0.5891
epoch 16/50 iter 1120/1860 loss=0.7276 mean_loss=0.6912 classification=0.0383, bbox_regression=0.0859, bbox_ctrness=0.6033
epoch 16/50 iter 1140/1860 loss=0.6531 mean_loss=0.6912 classification=0.0062, bbox_regression=0.0522, bbox_ctrness=0.5947
epoch 16/50 iter 1160/1860 loss=0.6645 mean_loss=0.6910 classification=0.0177, bbox_regression=0.0586, bbox_ctrness=0.5882
epoch 16/50 iter 1180/1860 loss=0.7357 mean_loss=0.6911 classification=0.0415, bbox_regression=0.0893, bbox_ctrness=0.6049
epoch 16/50 iter 1200/1860 loss=0.6845 mean_loss=0.6911 classification=0.0080, bbox_regression=0.0637, bbox_ctrness=0.6128
epoch 16/50 iter 1220/1860 loss=0.7208 mean_loss=0.6911 classification=0.0262, bbox_regression=0.0858, bbox_ctrness=0.6088
epoch 16/50 iter 1240/1860 loss=0.7129 mean_loss=0.6912 classification=0.0333, bbox_regression=0.0761, bbox_ctrness=0.6034
epoch 16/50 iter 1260/1860 loss=0.7990 mean_loss=0.6913 classification=0.0933, bbox_regression=0.0810, bbox_ctrness=0.6247
epoch 16/50 iter 1280/1860 loss=0.6818 mean_loss=0.6912 classification=0.0174, bbox_regression=0.0632, bbox_ctrness=0.6013
epoch 16/50 iter 1300/1860 loss=0.6697 mean_loss=0.6913 classification=0.0171, bbox_regression=0.0606, bbox_ctrness=0.5920
epoch 16/50 iter 1320/1860 loss=0.6827 mean_loss=0.6912 classification=0.0224, bbox_regression=0.0728, bbox_ctrness=0.5876
epoch 16/50 iter 1340/1860 loss=0.6806 mean_loss=0.6912 classification=0.0198, bbox_regression=0.0670, bbox_ctrness=0.5938
epoch 16/50 iter 1360/1860 loss=0.6713 mean_loss=0.6912 classification=0.0155, bbox_regression=0.0593, bbox_ctrness=0.5966
epoch 16/50 iter 1380/1860 loss=0.6709 mean_loss=0.6912 classification=0.0145, bbox_regression=0.0599, bbox_ctrness=0.5965
epoch 16/50 iter 1400/1860 loss=0.6734 mean_loss=0.6911 classification=0.0053, bbox_regression=0.0588, bbox_ctrness=0.6093
epoch 16/50 iter 1420/1860 loss=0.6450 mean_loss=0.6909 classification=0.0125, bbox_regression=0.0458, bbox_ctrness=0.5866
epoch 16/50 iter 1440/1860 loss=0.6823 mean_loss=0.6909 classification=0.0130, bbox_regression=0.0620, bbox_ctrness=0.6074
epoch 16/50 iter 1460/1860 loss=0.6862 mean_loss=0.6908 classification=0.0320, bbox_regression=0.0573, bbox_ctrness=0.5969
epoch 16/50 iter 1480/1860 loss=0.6836 mean_loss=0.6908 classification=0.0105, bbox_regression=0.0674, bbox_ctrness=0.6056
epoch 16/50 iter 1500/1860 loss=0.6877 mean_loss=0.6907 classification=0.0212, bbox_regression=0.0743, bbox_ctrness=0.5922
epoch 16/50 iter 1520/1860 loss=0.6684 mean_loss=0.6909 classification=0.0095, bbox_regression=0.0628, bbox_ctrness=0.5961
epoch 16/50 iter 1540/1860 loss=0.7605 mean_loss=0.6912 classification=0.0778, bbox_regression=0.0709, bbox_ctrness=0.6118
epoch 16/50 iter 1560/1860 loss=0.6778 mean_loss=0.6913 classification=0.0130, bbox_regression=0.0675, bbox_ctrness=0.5973
epoch 16/50 iter 1580/1860 loss=0.6959 mean_loss=0.6914 classification=0.0387, bbox_regression=0.0671, bbox_ctrness=0.5901
epoch 16/50 iter 1600/1860 loss=0.6743 mean_loss=0.6913 classification=0.0166, bbox_regression=0.0601, bbox_ctrness=0.5976
epoch 16/50 iter 1620/1860 loss=0.6571 mean_loss=0.6912 classification=0.0076, bbox_regression=0.0617, bbox_ctrness=0.5878
epoch 16/50 iter 1640/1860 loss=0.6852 mean_loss=0.6912 classification=0.0302, bbox_regression=0.0614, bbox_ctrness=0.5937
epoch 16/50 iter 1660/1860 loss=0.6683 mean_loss=0.6912 classification=0.0134, bbox_regression=0.0559, bbox_ctrness=0.5990
epoch 16/50 iter 1680/1860 loss=0.6880 mean_loss=0.6912 classification=0.0266, bbox_regression=0.0713, bbox_ctrness=0.5901
epoch 16/50 iter 1700/1860 loss=0.6928 mean_loss=0.6912 classification=0.0127, bbox_regression=0.0766, bbox_ctrness=0.6035
epoch 16/50 iter 1720/1860 loss=0.6946 mean_loss=0.6911 classification=0.0220, bbox_regression=0.0718, bbox_ctrness=0.6008
epoch 16/50 iter 1740/1860 loss=0.7128 mean_loss=0.6912 classification=0.0576, bbox_regression=0.0668, bbox_ctrness=0.5885
epoch 16/50 iter 1760/1860 loss=0.7265 mean_loss=0.6913 classification=0.0612, bbox_regression=0.0655, bbox_ctrness=0.5998
epoch 16/50 iter 1780/1860 loss=0.6875 mean_loss=0.6914 classification=0.0034, bbox_regression=0.0639, bbox_ctrness=0.6202
epoch 16/50 iter 1800/1860 loss=0.7097 mean_loss=0.6914 classification=0.0166, bbox_regression=0.0804, bbox_ctrness=0.6128
epoch 16/50 iter 1820/1860 loss=0.6961 mean_loss=0.6913 classification=0.0252, bbox_regression=0.0750, bbox_ctrness=0.5959
epoch 16/50 iter 1840/1860 loss=0.7183 mean_loss=0.6914 classification=0.0328, bbox_regression=0.0752, bbox_ctrness=0.6103
epoch 16/50 iter 1860/1860 loss=0.6776 mean_loss=0.6914 classification=0.0250, bbox_regression=0.0572, bbox_ctrness=0.5953
epoch 16 validation Precision=0.5812 Recall=0.9327 AP50=0.9011 AP75=0.8070 eval_fps=25.05 epoch_time_sec=833.2
saved checkpoint: E:\RepViT-main\runs\v48_complete_ablation\training\ra_static_equal_seed0\weights\last.pt
epoch 17/50 iter 1/1860 loss=0.6866 mean_loss=0.6866 classification=0.0256, bbox_regression=0.0643, bbox_ctrness=0.5967
epoch 17/50 iter 20/1860 loss=0.6616 mean_loss=0.6845 classification=0.0018, bbox_regression=0.0410, bbox_ctrness=0.6188
epoch 17/50 iter 40/1860 loss=0.6548 mean_loss=0.6801 classification=0.0056, bbox_regression=0.0536, bbox_ctrness=0.5957
epoch 17/50 iter 60/1860 loss=0.6839 mean_loss=0.6814 classification=0.0266, bbox_regression=0.0596, bbox_ctrness=0.5977
epoch 17/50 iter 80/1860 loss=0.6835 mean_loss=0.6820 classification=0.0187, bbox_regression=0.0555, bbox_ctrness=0.6093
epoch 17/50 iter 100/1860 loss=0.6763 mean_loss=0.6806 classification=0.0112, bbox_regression=0.0573, bbox_ctrness=0.6079
epoch 17/50 iter 120/1860 loss=0.6486 mean_loss=0.6800 classification=0.0068, bbox_regression=0.0573, bbox_ctrness=0.5845
epoch 17/50 iter 140/1860 loss=0.6630 mean_loss=0.6816 classification=0.0204, bbox_regression=0.0495, bbox_ctrness=0.5930
epoch 17/50 iter 160/1860 loss=0.6652 mean_loss=0.6813 classification=0.0129, bbox_regression=0.0552, bbox_ctrness=0.5971
epoch 17/50 iter 180/1860 loss=0.7611 mean_loss=0.6823 classification=0.0379, bbox_regression=0.1014, bbox_ctrness=0.6218
epoch 17/50 iter 200/1860 loss=0.6666 mean_loss=0.6826 classification=0.0150, bbox_regression=0.0586, bbox_ctrness=0.5930
epoch 17/50 iter 220/1860 loss=0.6862 mean_loss=0.6826 classification=0.0142, bbox_regression=0.0680, bbox_ctrness=0.6041
epoch 17/50 iter 240/1860 loss=0.6777 mean_loss=0.6835 classification=0.0060, bbox_regression=0.0659, bbox_ctrness=0.6058
epoch 17/50 iter 260/1860 loss=0.6954 mean_loss=0.6834 classification=0.0058, bbox_regression=0.0809, bbox_ctrness=0.6087
epoch 17/50 iter 280/1860 loss=0.6728 mean_loss=0.6832 classification=0.0252, bbox_regression=0.0551, bbox_ctrness=0.5925
epoch 17/50 iter 300/1860 loss=0.6658 mean_loss=0.6824 classification=0.0016, bbox_regression=0.0504, bbox_ctrness=0.6138
epoch 17/50 iter 320/1860 loss=0.6966 mean_loss=0.6829 classification=0.0297, bbox_regression=0.0632, bbox_ctrness=0.6037
epoch 17/50 iter 340/1860 loss=0.6847 mean_loss=0.6830 classification=0.0189, bbox_regression=0.0713, bbox_ctrness=0.5946
epoch 17/50 iter 360/1860 loss=0.6873 mean_loss=0.6838 classification=0.0219, bbox_regression=0.0596, bbox_ctrness=0.6058
epoch 17/50 iter 380/1860 loss=0.6749 mean_loss=0.6837 classification=0.0242, bbox_regression=0.0617, bbox_ctrness=0.5890
epoch 17/50 iter 400/1860 loss=0.7106 mean_loss=0.6841 classification=0.0079, bbox_regression=0.0756, bbox_ctrness=0.6271
epoch 17/50 iter 420/1860 loss=0.6932 mean_loss=0.6845 classification=0.0033, bbox_regression=0.0632, bbox_ctrness=0.6266
epoch 17/50 iter 440/1860 loss=0.7003 mean_loss=0.6847 classification=0.0225, bbox_regression=0.0695, bbox_ctrness=0.6083
epoch 17/50 iter 460/1860 loss=0.6823 mean_loss=0.6844 classification=0.0259, bbox_regression=0.0601, bbox_ctrness=0.5964
epoch 17/50 iter 480/1860 loss=0.6904 mean_loss=0.6846 classification=0.0231, bbox_regression=0.0675, bbox_ctrness=0.5998
epoch 17/50 iter 500/1860 loss=0.6887 mean_loss=0.6849 classification=0.0117, bbox_regression=0.0656, bbox_ctrness=0.6113
epoch 17/50 iter 520/1860 loss=0.7320 mean_loss=0.6857 classification=0.0316, bbox_regression=0.0936, bbox_ctrness=0.6068
epoch 17/50 iter 540/1860 loss=0.6876 mean_loss=0.6855 classification=0.0050, bbox_regression=0.0703, bbox_ctrness=0.6123
epoch 17/50 iter 560/1860 loss=0.6890 mean_loss=0.6857 classification=0.0218, bbox_regression=0.0660, bbox_ctrness=0.6013
epoch 17/50 iter 580/1860 loss=0.6844 mean_loss=0.6861 classification=0.0257, bbox_regression=0.0631, bbox_ctrness=0.5956
epoch 17/50 iter 600/1860 loss=0.6906 mean_loss=0.6861 classification=0.0095, bbox_regression=0.0745, bbox_ctrness=0.6066
epoch 17/50 iter 620/1860 loss=0.6850 mean_loss=0.6860 classification=0.0193, bbox_regression=0.0738, bbox_ctrness=0.5919
epoch 17/50 iter 640/1860 loss=0.6826 mean_loss=0.6860 classification=0.0041, bbox_regression=0.0613, bbox_ctrness=0.6171
epoch 17/50 iter 660/1860 loss=0.6541 mean_loss=0.6856 classification=0.0120, bbox_regression=0.0608, bbox_ctrness=0.5814
epoch 17/50 iter 680/1860 loss=0.6973 mean_loss=0.6858 classification=0.0158, bbox_regression=0.0764, bbox_ctrness=0.6052
epoch 17/50 iter 700/1860 loss=0.6802 mean_loss=0.6859 classification=0.0189, bbox_regression=0.0733, bbox_ctrness=0.5880
epoch 17/50 iter 720/1860 loss=0.6921 mean_loss=0.6862 classification=0.0260, bbox_regression=0.0589, bbox_ctrness=0.6073
epoch 17/50 iter 740/1860 loss=0.6736 mean_loss=0.6861 classification=0.0133, bbox_regression=0.0614, bbox_ctrness=0.5989
epoch 17/50 iter 760/1860 loss=0.6956 mean_loss=0.6860 classification=0.0233, bbox_regression=0.0733, bbox_ctrness=0.5989
epoch 17/50 iter 780/1860 loss=0.6596 mean_loss=0.6860 classification=0.0067, bbox_regression=0.0494, bbox_ctrness=0.6034
epoch 17/50 iter 800/1860 loss=0.6830 mean_loss=0.6860 classification=0.0399, bbox_regression=0.0603, bbox_ctrness=0.5827
epoch 17/50 iter 820/1860 loss=0.6704 mean_loss=0.6861 classification=0.0123, bbox_regression=0.0565, bbox_ctrness=0.6016
epoch 17/50 iter 840/1860 loss=0.6803 mean_loss=0.6860 classification=0.0039, bbox_regression=0.0667, bbox_ctrness=0.6097
epoch 17/50 iter 860/1860 loss=0.6717 mean_loss=0.6858 classification=0.0185, bbox_regression=0.0680, bbox_ctrness=0.5852
epoch 17/50 iter 880/1860 loss=0.6795 mean_loss=0.6860 classification=0.0033, bbox_regression=0.0726, bbox_ctrness=0.6035
epoch 17/50 iter 900/1860 loss=0.6455 mean_loss=0.6859 classification=0.0155, bbox_regression=0.0436, bbox_ctrness=0.5863
epoch 17/50 iter 920/1860 loss=0.7058 mean_loss=0.6862 classification=0.0285, bbox_regression=0.0752, bbox_ctrness=0.6021
epoch 17/50 iter 940/1860 loss=0.6926 mean_loss=0.6861 classification=0.0221, bbox_regression=0.0748, bbox_ctrness=0.5957
epoch 17/50 iter 960/1860 loss=0.6711 mean_loss=0.6862 classification=0.0063, bbox_regression=0.0482, bbox_ctrness=0.6166
epoch 17/50 iter 980/1860 loss=0.6784 mean_loss=0.6865 classification=0.0268, bbox_regression=0.0645, bbox_ctrness=0.5870
epoch 17/50 iter 1000/1860 loss=0.6787 mean_loss=0.6864 classification=0.0254, bbox_regression=0.0643, bbox_ctrness=0.5890
epoch 17/50 iter 1020/1860 loss=0.7143 mean_loss=0.6866 classification=0.0547, bbox_regression=0.0631, bbox_ctrness=0.5965
epoch 17/50 iter 1040/1860 loss=0.7613 mean_loss=0.6867 classification=0.0974, bbox_regression=0.0809, bbox_ctrness=0.5831
epoch 17/50 iter 1060/1860 loss=0.6964 mean_loss=0.6868 classification=0.0094, bbox_regression=0.0612, bbox_ctrness=0.6259
epoch 17/50 iter 1080/1860 loss=0.6877 mean_loss=0.6869 classification=0.0314, bbox_regression=0.0585, bbox_ctrness=0.5977
epoch 17/50 iter 1100/1860 loss=0.6661 mean_loss=0.6869 classification=0.0120, bbox_regression=0.0571, bbox_ctrness=0.5970
epoch 17/50 iter 1120/1860 loss=0.7286 mean_loss=0.6871 classification=0.0489, bbox_regression=0.0900, bbox_ctrness=0.5897
epoch 17/50 iter 1140/1860 loss=0.6511 mean_loss=0.6872 classification=0.0074, bbox_regression=0.0544, bbox_ctrness=0.5893
epoch 17/50 iter 1160/1860 loss=0.6736 mean_loss=0.6871 classification=0.0089, bbox_regression=0.0536, bbox_ctrness=0.6111
epoch 17/50 iter 1180/1860 loss=0.6712 mean_loss=0.6871 classification=0.0178, bbox_regression=0.0580, bbox_ctrness=0.5954
epoch 17/50 iter 1200/1860 loss=0.7175 mean_loss=0.6871 classification=0.0470, bbox_regression=0.0627, bbox_ctrness=0.6078
epoch 17/50 iter 1220/1860 loss=0.6820 mean_loss=0.6874 classification=0.0320, bbox_regression=0.0537, bbox_ctrness=0.5963
epoch 17/50 iter 1240/1860 loss=0.6636 mean_loss=0.6874 classification=0.0140, bbox_regression=0.0448, bbox_ctrness=0.6048
epoch 17/50 iter 1260/1860 loss=0.6694 mean_loss=0.6875 classification=0.0178, bbox_regression=0.0564, bbox_ctrness=0.5952
epoch 17/50 iter 1280/1860 loss=0.6917 mean_loss=0.6876 classification=0.0137, bbox_regression=0.0694, bbox_ctrness=0.6086
epoch 17/50 iter 1300/1860 loss=0.7305 mean_loss=0.6877 classification=0.0670, bbox_regression=0.0557, bbox_ctrness=0.6078
epoch 17/50 iter 1320/1860 loss=0.6653 mean_loss=0.6877 classification=0.0210, bbox_regression=0.0508, bbox_ctrness=0.5935
epoch 17/50 iter 1340/1860 loss=0.6789 mean_loss=0.6877 classification=0.0199, bbox_regression=0.0557, bbox_ctrness=0.6033
epoch 17/50 iter 1360/1860 loss=0.7467 mean_loss=0.6878 classification=0.0740, bbox_regression=0.0647, bbox_ctrness=0.6080
epoch 17/50 iter 1380/1860 loss=0.6920 mean_loss=0.6881 classification=0.0260, bbox_regression=0.0578, bbox_ctrness=0.6082
epoch 17/50 iter 1400/1860 loss=0.6859 mean_loss=0.6882 classification=0.0211, bbox_regression=0.0757, bbox_ctrness=0.5891
epoch 17/50 iter 1420/1860 loss=0.6834 mean_loss=0.6882 classification=0.0065, bbox_regression=0.0596, bbox_ctrness=0.6173
epoch 17/50 iter 1440/1860 loss=0.7155 mean_loss=0.6882 classification=0.0341, bbox_regression=0.0643, bbox_ctrness=0.6171
epoch 17/50 iter 1460/1860 loss=0.6773 mean_loss=0.6881 classification=0.0080, bbox_regression=0.0622, bbox_ctrness=0.6070
epoch 17/50 iter 1480/1860 loss=0.6703 mean_loss=0.6882 classification=0.0119, bbox_regression=0.0603, bbox_ctrness=0.5981
epoch 17/50 iter 1500/1860 loss=0.6702 mean_loss=0.6881 classification=0.0142, bbox_regression=0.0688, bbox_ctrness=0.5872
epoch 17/50 iter 1520/1860 loss=0.7125 mean_loss=0.6883 classification=0.0412, bbox_regression=0.0779, bbox_ctrness=0.5933
epoch 17/50 iter 1540/1860 loss=0.6771 mean_loss=0.6883 classification=0.0130, bbox_regression=0.0583, bbox_ctrness=0.6057
epoch 17/50 iter 1560/1860 loss=0.6656 mean_loss=0.6885 classification=0.0266, bbox_regression=0.0555, bbox_ctrness=0.5835
epoch 17/50 iter 1580/1860 loss=0.6703 mean_loss=0.6886 classification=0.0187, bbox_regression=0.0677, bbox_ctrness=0.5840
epoch 17/50 iter 1600/1860 loss=0.6907 mean_loss=0.6888 classification=0.0171, bbox_regression=0.0698, bbox_ctrness=0.6037
epoch 17/50 iter 1620/1860 loss=0.7179 mean_loss=0.6888 classification=0.0109, bbox_regression=0.1037, bbox_ctrness=0.6032
epoch 17/50 iter 1640/1860 loss=0.6552 mean_loss=0.6887 classification=0.0087, bbox_regression=0.0530, bbox_ctrness=0.5935
epoch 17/50 iter 1660/1860 loss=0.6488 mean_loss=0.6888 classification=0.0202, bbox_regression=0.0477, bbox_ctrness=0.5809
epoch 17/50 iter 1680/1860 loss=0.6712 mean_loss=0.6887 classification=0.0016, bbox_regression=0.0571, bbox_ctrness=0.6125
epoch 17/50 iter 1700/1860 loss=0.6624 mean_loss=0.6886 classification=0.0026, bbox_regression=0.0419, bbox_ctrness=0.6179
epoch 17/50 iter 1720/1860 loss=0.6835 mean_loss=0.6887 classification=0.0162, bbox_regression=0.0672, bbox_ctrness=0.6001
epoch 17/50 iter 1740/1860 loss=0.6643 mean_loss=0.6887 classification=0.0211, bbox_regression=0.0522, bbox_ctrness=0.5911
epoch 17/50 iter 1760/1860 loss=0.7263 mean_loss=0.6887 classification=0.0409, bbox_regression=0.0750, bbox_ctrness=0.6105
epoch 17/50 iter 1780/1860 loss=0.6974 mean_loss=0.6887 classification=0.0151, bbox_regression=0.0665, bbox_ctrness=0.6159
epoch 17/50 iter 1800/1860 loss=0.6970 mean_loss=0.6887 classification=0.0252, bbox_regression=0.0525, bbox_ctrness=0.6192
epoch 17/50 iter 1820/1860 loss=0.6845 mean_loss=0.6888 classification=0.0204, bbox_regression=0.0731, bbox_ctrness=0.5910
epoch 17/50 iter 1840/1860 loss=0.6877 mean_loss=0.6889 classification=0.0180, bbox_regression=0.0641, bbox_ctrness=0.6056
epoch 17/50 iter 1860/1860 loss=0.6965 mean_loss=0.6890 classification=0.0148, bbox_regression=0.0720, bbox_ctrness=0.6097
epoch 17 validation Precision=0.5016 Recall=0.9499 AP50=0.9168 AP75=0.8160 eval_fps=24.71 epoch_time_sec=835.4
saved checkpoint: E:\RepViT-main\runs\v48_complete_ablation\training\ra_static_equal_seed0\weights\last.pt
epoch 18/50 iter 1/1860 loss=0.6570 mean_loss=0.6570 classification=0.0066, bbox_regression=0.0554, bbox_ctrness=0.5950
epoch 18/50 iter 20/1860 loss=0.6918 mean_loss=0.6864 classification=0.0270, bbox_regression=0.0710, bbox_ctrness=0.5938
epoch 18/50 iter 40/1860 loss=0.6545 mean_loss=0.6806 classification=0.0012, bbox_regression=0.0491, bbox_ctrness=0.6042
epoch 18/50 iter 60/1860 loss=0.6940 mean_loss=0.6818 classification=0.0215, bbox_regression=0.0692, bbox_ctrness=0.6033
epoch 18/50 iter 80/1860 loss=0.6656 mean_loss=0.6822 classification=0.0178, bbox_regression=0.0539, bbox_ctrness=0.5939
epoch 18/50 iter 100/1860 loss=0.6725 mean_loss=0.6816 classification=0.0160, bbox_regression=0.0660, bbox_ctrness=0.5905
epoch 18/50 iter 120/1860 loss=0.6694 mean_loss=0.6815 classification=0.0082, bbox_regression=0.0608, bbox_ctrness=0.6005
epoch 18/50 iter 140/1860 loss=0.6644 mean_loss=0.6820 classification=0.0073, bbox_regression=0.0600, bbox_ctrness=0.5972
epoch 18/50 iter 160/1860 loss=0.6481 mean_loss=0.6827 classification=0.0052, bbox_regression=0.0467, bbox_ctrness=0.5963
epoch 18/50 iter 180/1860 loss=0.6534 mean_loss=0.6831 classification=0.0290, bbox_regression=0.0613, bbox_ctrness=0.5631
epoch 18/50 iter 200/1860 loss=0.7358 mean_loss=0.6836 classification=0.0693, bbox_regression=0.0666, bbox_ctrness=0.5999
epoch 18/50 iter 220/1860 loss=0.6845 mean_loss=0.6844 classification=0.0157, bbox_regression=0.0678, bbox_ctrness=0.6010
epoch 18/50 iter 240/1860 loss=0.6742 mean_loss=0.6838 classification=0.0102, bbox_regression=0.0665, bbox_ctrness=0.5975
epoch 18/50 iter 260/1860 loss=0.6708 mean_loss=0.6834 classification=0.0073, bbox_regression=0.0625, bbox_ctrness=0.6009
epoch 18/50 iter 280/1860 loss=0.6790 mean_loss=0.6828 classification=0.0199, bbox_regression=0.0612, bbox_ctrness=0.5979
epoch 18/50 iter 300/1860 loss=0.6873 mean_loss=0.6826 classification=0.0039, bbox_regression=0.0739, bbox_ctrness=0.6095
epoch 18/50 iter 320/1860 loss=0.6897 mean_loss=0.6822 classification=0.0120, bbox_regression=0.0746, bbox_ctrness=0.6031
epoch 18/50 iter 340/1860 loss=0.6877 mean_loss=0.6819 classification=0.0125, bbox_regression=0.0614, bbox_ctrness=0.6137
epoch 18/50 iter 360/1860 loss=0.6784 mean_loss=0.6821 classification=0.0248, bbox_regression=0.0756, bbox_ctrness=0.5780
epoch 18/50 iter 380/1860 loss=0.7031 mean_loss=0.6826 classification=0.0064, bbox_regression=0.0896, bbox_ctrness=0.6070
epoch 18/50 iter 400/1860 loss=0.6738 mean_loss=0.6825 classification=0.0111, bbox_regression=0.0605, bbox_ctrness=0.6022
epoch 18/50 iter 420/1860 loss=0.6720 mean_loss=0.6825 classification=0.0183, bbox_regression=0.0482, bbox_ctrness=0.6055
epoch 18/50 iter 440/1860 loss=0.6817 mean_loss=0.6824 classification=0.0154, bbox_regression=0.0579, bbox_ctrness=0.6084
epoch 18/50 iter 460/1860 loss=0.7119 mean_loss=0.6831 classification=0.0586, bbox_regression=0.0566, bbox_ctrness=0.5967
epoch 18/50 iter 480/1860 loss=0.6668 mean_loss=0.6832 classification=0.0115, bbox_regression=0.0599, bbox_ctrness=0.5955
epoch 18/50 iter 500/1860 loss=0.7021 mean_loss=0.6830 classification=0.0323, bbox_regression=0.0510, bbox_ctrness=0.6188
epoch 18/50 iter 520/1860 loss=0.6936 mean_loss=0.6833 classification=0.0318, bbox_regression=0.0471, bbox_ctrness=0.6146
epoch 18/50 iter 540/1860 loss=0.6789 mean_loss=0.6834 classification=0.0079, bbox_regression=0.0796, bbox_ctrness=0.5915
epoch 18/50 iter 560/1860 loss=0.6522 mean_loss=0.6836 classification=0.0142, bbox_regression=0.0450, bbox_ctrness=0.5930
epoch 18/50 iter 580/1860 loss=0.6957 mean_loss=0.6833 classification=0.0303, bbox_regression=0.0623, bbox_ctrness=0.6031
epoch 18/50 iter 600/1860 loss=0.7060 mean_loss=0.6832 classification=0.0272, bbox_regression=0.0683, bbox_ctrness=0.6105
epoch 18/50 iter 620/1860 loss=0.6659 mean_loss=0.6830 classification=0.0200, bbox_regression=0.0426, bbox_ctrness=0.6034
epoch 18/50 iter 640/1860 loss=0.7024 mean_loss=0.6833 classification=0.0301, bbox_regression=0.0571, bbox_ctrness=0.6152
epoch 18/50 iter 660/1860 loss=0.7320 mean_loss=0.6834 classification=0.0387, bbox_regression=0.0855, bbox_ctrness=0.6078
epoch 18/50 iter 680/1860 loss=0.6984 mean_loss=0.6836 classification=0.0195, bbox_regression=0.0804, bbox_ctrness=0.5986
epoch 18/50 iter 700/1860 loss=0.6855 mean_loss=0.6838 classification=0.0205, bbox_regression=0.0648, bbox_ctrness=0.6002
epoch 18/50 iter 720/1860 loss=0.7127 mean_loss=0.6840 classification=0.0481, bbox_regression=0.0682, bbox_ctrness=0.5964
epoch 18/50 iter 740/1860 loss=0.6829 mean_loss=0.6841 classification=0.0051, bbox_regression=0.0576, bbox_ctrness=0.6202
epoch 18/50 iter 760/1860 loss=0.6568 mean_loss=0.6844 classification=0.0195, bbox_regression=0.0606, bbox_ctrness=0.5767
epoch 18/50 iter 780/1860 loss=0.7068 mean_loss=0.6846 classification=0.0249, bbox_regression=0.0721, bbox_ctrness=0.6098
epoch 18/50 iter 800/1860 loss=0.7326 mean_loss=0.6850 classification=0.0455, bbox_regression=0.0746, bbox_ctrness=0.6125
epoch 18/50 iter 820/1860 loss=0.7063 mean_loss=0.6850 classification=0.0322, bbox_regression=0.0725, bbox_ctrness=0.6016
epoch 18/50 iter 840/1860 loss=0.8269 mean_loss=0.6855 classification=0.1015, bbox_regression=0.1234, bbox_ctrness=0.6020
epoch 18/50 iter 860/1860 loss=0.7474 mean_loss=0.6858 classification=0.0596, bbox_regression=0.0700, bbox_ctrness=0.6178
epoch 18/50 iter 880/1860 loss=0.6788 mean_loss=0.6859 classification=0.0107, bbox_regression=0.0587, bbox_ctrness=0.6094
epoch 18/50 iter 900/1860 loss=0.6803 mean_loss=0.6860 classification=0.0134, bbox_regression=0.0686, bbox_ctrness=0.5982
epoch 18/50 iter 920/1860 loss=0.6730 mean_loss=0.6859 classification=0.0120, bbox_regression=0.0573, bbox_ctrness=0.6037
epoch 18/50 iter 940/1860 loss=0.7047 mean_loss=0.6860 classification=0.0521, bbox_regression=0.0679, bbox_ctrness=0.5848
epoch 18/50 iter 960/1860 loss=0.6632 mean_loss=0.6858 classification=0.0055, bbox_regression=0.0568, bbox_ctrness=0.6009
epoch 18/50 iter 980/1860 loss=0.7009 mean_loss=0.6858 classification=0.0212, bbox_regression=0.0722, bbox_ctrness=0.6076
epoch 18/50 iter 1000/1860 loss=0.6827 mean_loss=0.6860 classification=0.0193, bbox_regression=0.0687, bbox_ctrness=0.5948
epoch 18/50 iter 1020/1860 loss=0.6898 mean_loss=0.6860 classification=0.0270, bbox_regression=0.0679, bbox_ctrness=0.5949
epoch 18/50 iter 1040/1860 loss=0.6948 mean_loss=0.6862 classification=0.0200, bbox_regression=0.0799, bbox_ctrness=0.5950
epoch 18/50 iter 1060/1860 loss=0.6926 mean_loss=0.6863 classification=0.0195, bbox_regression=0.0731, bbox_ctrness=0.6000
epoch 18/50 iter 1080/1860 loss=0.6939 mean_loss=0.6862 classification=0.0282, bbox_regression=0.0770, bbox_ctrness=0.5887
epoch 18/50 iter 1100/1860 loss=0.6647 mean_loss=0.6863 classification=0.0148, bbox_regression=0.0597, bbox_ctrness=0.5903
epoch 18/50 iter 1120/1860 loss=0.6670 mean_loss=0.6863 classification=0.0008, bbox_regression=0.0577, bbox_ctrness=0.6085
epoch 18/50 iter 1140/1860 loss=0.6648 mean_loss=0.6862 classification=0.0161, bbox_regression=0.0582, bbox_ctrness=0.5905
epoch 18/50 iter 1160/1860 loss=0.6877 mean_loss=0.6861 classification=0.0214, bbox_regression=0.0686, bbox_ctrness=0.5978
epoch 18/50 iter 1180/1860 loss=0.7127 mean_loss=0.6862 classification=0.0299, bbox_regression=0.0878, bbox_ctrness=0.5950
epoch 18/50 iter 1200/1860 loss=0.6787 mean_loss=0.6864 classification=0.0152, bbox_regression=0.0666, bbox_ctrness=0.5969
epoch 18/50 iter 1220/1860 loss=0.6942 mean_loss=0.6863 classification=0.0243, bbox_regression=0.0855, bbox_ctrness=0.5844
epoch 18/50 iter 1240/1860 loss=0.6744 mean_loss=0.6862 classification=0.0031, bbox_regression=0.0692, bbox_ctrness=0.6020
epoch 18/50 iter 1260/1860 loss=0.6613 mean_loss=0.6862 classification=0.0261, bbox_regression=0.0574, bbox_ctrness=0.5778
epoch 18/50 iter 1280/1860 loss=0.6590 mean_loss=0.6861 classification=0.0028, bbox_regression=0.0559, bbox_ctrness=0.6003
epoch 18/50 iter 1300/1860 loss=0.7795 mean_loss=0.6861 classification=0.0964, bbox_regression=0.0696, bbox_ctrness=0.6135
epoch 18/50 iter 1320/1860 loss=0.6511 mean_loss=0.6861 classification=0.0113, bbox_regression=0.0511, bbox_ctrness=0.5888
epoch 18/50 iter 1340/1860 loss=0.6723 mean_loss=0.6861 classification=0.0182, bbox_regression=0.0601, bbox_ctrness=0.5940
epoch 18/50 iter 1360/1860 loss=0.7240 mean_loss=0.6861 classification=0.0270, bbox_regression=0.0939, bbox_ctrness=0.6031
epoch 18/50 iter 1380/1860 loss=0.6784 mean_loss=0.6862 classification=0.0218, bbox_regression=0.0597, bbox_ctrness=0.5969
epoch 18/50 iter 1400/1860 loss=0.6849 mean_loss=0.6861 classification=0.0222, bbox_regression=0.0601, bbox_ctrness=0.6026
epoch 18/50 iter 1420/1860 loss=0.6579 mean_loss=0.6860 classification=0.0059, bbox_regression=0.0572, bbox_ctrness=0.5947
epoch 18/50 iter 1440/1860 loss=0.6814 mean_loss=0.6858 classification=0.0155, bbox_regression=0.0686, bbox_ctrness=0.5972
epoch 18/50 iter 1460/1860 loss=0.6800 mean_loss=0.6859 classification=0.0101, bbox_regression=0.0658, bbox_ctrness=0.6041
epoch 18/50 iter 1480/1860 loss=0.7015 mean_loss=0.6858 classification=0.0598, bbox_regression=0.0594, bbox_ctrness=0.5823
epoch 18/50 iter 1500/1860 loss=0.6786 mean_loss=0.6857 classification=0.0076, bbox_regression=0.0664, bbox_ctrness=0.6047
epoch 18/50 iter 1520/1860 loss=0.7565 mean_loss=0.6857 classification=0.0986, bbox_regression=0.0653, bbox_ctrness=0.5925
epoch 18/50 iter 1540/1860 loss=0.6468 mean_loss=0.6856 classification=0.0127, bbox_regression=0.0501, bbox_ctrness=0.5840
epoch 18/50 iter 1560/1860 loss=0.7113 mean_loss=0.6856 classification=0.0375, bbox_regression=0.0749, bbox_ctrness=0.5990
epoch 18/50 iter 1580/1860 loss=0.6751 mean_loss=0.6859 classification=0.0164, bbox_regression=0.0496, bbox_ctrness=0.6091
epoch 18/50 iter 1600/1860 loss=0.7030 mean_loss=0.6859 classification=0.0382, bbox_regression=0.0737, bbox_ctrness=0.5911
epoch 18/50 iter 1620/1860 loss=0.6578 mean_loss=0.6859 classification=0.0063, bbox_regression=0.0614, bbox_ctrness=0.5901
epoch 18/50 iter 1640/1860 loss=0.7204 mean_loss=0.6859 classification=0.0508, bbox_regression=0.0708, bbox_ctrness=0.5988
epoch 18/50 iter 1660/1860 loss=0.6836 mean_loss=0.6857 classification=0.0187, bbox_regression=0.0661, bbox_ctrness=0.5987
epoch 18/50 iter 1680/1860 loss=0.6801 mean_loss=0.6858 classification=0.0138, bbox_regression=0.0755, bbox_ctrness=0.5908
epoch 18/50 iter 1700/1860 loss=0.7056 mean_loss=0.6856 classification=0.0055, bbox_regression=0.0844, bbox_ctrness=0.6157
epoch 18/50 iter 1720/1860 loss=0.6986 mean_loss=0.6856 classification=0.0155, bbox_regression=0.0800, bbox_ctrness=0.6031
epoch 18/50 iter 1740/1860 loss=0.7448 mean_loss=0.6859 classification=0.0606, bbox_regression=0.0678, bbox_ctrness=0.6164
epoch 18/50 iter 1760/1860 loss=0.6552 mean_loss=0.6860 classification=0.0090, bbox_regression=0.0538, bbox_ctrness=0.5924
epoch 18/50 iter 1780/1860 loss=0.6917 mean_loss=0.6860 classification=0.0064, bbox_regression=0.0792, bbox_ctrness=0.6060
epoch 18/50 iter 1800/1860 loss=0.6463 mean_loss=0.6861 classification=0.0105, bbox_regression=0.0533, bbox_ctrness=0.5825
epoch 18/50 iter 1820/1860 loss=0.6806 mean_loss=0.6862 classification=0.0121, bbox_regression=0.0526, bbox_ctrness=0.6160
epoch 18/50 iter 1840/1860 loss=0.6809 mean_loss=0.6862 classification=0.0096, bbox_regression=0.0689, bbox_ctrness=0.6023
epoch 18/50 iter 1860/1860 loss=0.6637 mean_loss=0.6861 classification=0.0183, bbox_regression=0.0607, bbox_ctrness=0.5846
epoch 18 validation Precision=0.6012 Recall=0.9409 AP50=0.9113 AP75=0.8187 eval_fps=25.08 epoch_time_sec=833.8
saved checkpoint: E:\RepViT-main\runs\v48_complete_ablation\training\ra_static_equal_seed0\weights\last.pt
epoch 19/50 iter 1/1860 loss=0.6360 mean_loss=0.6360 classification=0.0032, bbox_regression=0.0497, bbox_ctrness=0.5831
epoch 19/50 iter 20/1860 loss=0.6643 mean_loss=0.6702 classification=0.0013, bbox_regression=0.0494, bbox_ctrness=0.6136
epoch 19/50 iter 40/1860 loss=0.6741 mean_loss=0.6708 classification=0.0022, bbox_regression=0.0631, bbox_ctrness=0.6088
epoch 19/50 iter 60/1860 loss=0.6822 mean_loss=0.6730 classification=0.0133, bbox_regression=0.0682, bbox_ctrness=0.6008
epoch 19/50 iter 80/1860 loss=0.6563 mean_loss=0.6724 classification=0.0054, bbox_regression=0.0514, bbox_ctrness=0.5996
epoch 19/50 iter 100/1860 loss=0.6921 mean_loss=0.6733 classification=0.0279, bbox_regression=0.0652, bbox_ctrness=0.5990
epoch 19/50 iter 120/1860 loss=0.6545 mean_loss=0.6732 classification=0.0085, bbox_regression=0.0577, bbox_ctrness=0.5884
epoch 19/50 iter 140/1860 loss=0.6727 mean_loss=0.6737 classification=0.0116, bbox_regression=0.0529, bbox_ctrness=0.6082
epoch 19/50 iter 160/1860 loss=0.6829 mean_loss=0.6738 classification=0.0024, bbox_regression=0.0686, bbox_ctrness=0.6119
epoch 19/50 iter 180/1860 loss=0.6800 mean_loss=0.6737 classification=0.0229, bbox_regression=0.0703, bbox_ctrness=0.5867
epoch 19/50 iter 200/1860 loss=0.6920 mean_loss=0.6729 classification=0.0067, bbox_regression=0.0778, bbox_ctrness=0.6075
epoch 19/50 iter 220/1860 loss=0.6805 mean_loss=0.6730 classification=0.0088, bbox_regression=0.0608, bbox_ctrness=0.6109
epoch 19/50 iter 240/1860 loss=0.6742 mean_loss=0.6729 classification=0.0071, bbox_regression=0.0651, bbox_ctrness=0.6020
epoch 19/50 iter 260/1860 loss=0.6542 mean_loss=0.6729 classification=0.0011, bbox_regression=0.0481, bbox_ctrness=0.6050
epoch 19/50 iter 280/1860 loss=0.6825 mean_loss=0.6729 classification=0.0091, bbox_regression=0.0674, bbox_ctrness=0.6061
epoch 19/50 iter 300/1860 loss=0.6965 mean_loss=0.6734 classification=0.0112, bbox_regression=0.0762, bbox_ctrness=0.6090
epoch 19/50 iter 320/1860 loss=0.7718 mean_loss=0.6739 classification=0.1129, bbox_regression=0.0626, bbox_ctrness=0.5963
epoch 19/50 iter 340/1860 loss=0.6603 mean_loss=0.6741 classification=0.0069, bbox_regression=0.0555, bbox_ctrness=0.5980
epoch 19/50 iter 360/1860 loss=0.7514 mean_loss=0.6745 classification=0.0767, bbox_regression=0.0816, bbox_ctrness=0.5931
epoch 19/50 iter 380/1860 loss=0.6653 mean_loss=0.6748 classification=0.0053, bbox_regression=0.0659, bbox_ctrness=0.5941
epoch 19/50 iter 400/1860 loss=0.6505 mean_loss=0.6749 classification=0.0030, bbox_regression=0.0566, bbox_ctrness=0.5909
epoch 19/50 iter 420/1860 loss=0.7034 mean_loss=0.6753 classification=0.0176, bbox_regression=0.0698, bbox_ctrness=0.6160
epoch 19/50 iter 440/1860 loss=0.6842 mean_loss=0.6757 classification=0.0091, bbox_regression=0.0644, bbox_ctrness=0.6106
epoch 19/50 iter 460/1860 loss=0.6879 mean_loss=0.6757 classification=0.0357, bbox_regression=0.0572, bbox_ctrness=0.5950
epoch 19/50 iter 480/1860 loss=0.6872 mean_loss=0.6758 classification=0.0282, bbox_regression=0.0639, bbox_ctrness=0.5951
epoch 19/50 iter 500/1860 loss=0.6461 mean_loss=0.6758 classification=0.0048, bbox_regression=0.0445, bbox_ctrness=0.5967
epoch 19/50 iter 520/1860 loss=0.6603 mean_loss=0.6761 classification=0.0053, bbox_regression=0.0553, bbox_ctrness=0.5997
epoch 19/50 iter 540/1860 loss=0.6773 mean_loss=0.6764 classification=0.0151, bbox_regression=0.0542, bbox_ctrness=0.6080
epoch 19/50 iter 560/1860 loss=0.7011 mean_loss=0.6768 classification=0.0146, bbox_regression=0.0775, bbox_ctrness=0.6090
epoch 19/50 iter 580/1860 loss=0.6762 mean_loss=0.6770 classification=0.0067, bbox_regression=0.0532, bbox_ctrness=0.6162
epoch 19/50 iter 600/1860 loss=0.6470 mean_loss=0.6767 classification=0.0161, bbox_regression=0.0518, bbox_ctrness=0.5790
epoch 19/50 iter 620/1860 loss=0.6835 mean_loss=0.6768 classification=0.0437, bbox_regression=0.0466, bbox_ctrness=0.5932
epoch 19/50 iter 640/1860 loss=0.6766 mean_loss=0.6767 classification=0.0174, bbox_regression=0.0578, bbox_ctrness=0.6014
epoch 19/50 iter 660/1860 loss=0.6770 mean_loss=0.6765 classification=0.0221, bbox_regression=0.0551, bbox_ctrness=0.5997
epoch 19/50 iter 680/1860 loss=0.6924 mean_loss=0.6766 classification=0.0447, bbox_regression=0.0458, bbox_ctrness=0.6019
epoch 19/50 iter 700/1860 loss=0.6967 mean_loss=0.6766 classification=0.0116, bbox_regression=0.0832, bbox_ctrness=0.6018
epoch 19/50 iter 720/1860 loss=0.6797 mean_loss=0.6772 classification=0.0242, bbox_regression=0.0625, bbox_ctrness=0.5931
epoch 19/50 iter 740/1860 loss=0.6798 mean_loss=0.6774 classification=0.0188, bbox_regression=0.0574, bbox_ctrness=0.6035
epoch 19/50 iter 760/1860 loss=0.6679 mean_loss=0.6775 classification=0.0025, bbox_regression=0.0725, bbox_ctrness=0.5929
epoch 19/50 iter 780/1860 loss=0.6731 mean_loss=0.6777 classification=0.0196, bbox_regression=0.0624, bbox_ctrness=0.5912
epoch 19/50 iter 800/1860 loss=0.6713 mean_loss=0.6779 classification=0.0008, bbox_regression=0.0646, bbox_ctrness=0.6059
epoch 19/50 iter 820/1860 loss=0.7370 mean_loss=0.6781 classification=0.0291, bbox_regression=0.0975, bbox_ctrness=0.6103
epoch 19/50 iter 840/1860 loss=0.6622 mean_loss=0.6780 classification=0.0124, bbox_regression=0.0636, bbox_ctrness=0.5862
epoch 19/50 iter 860/1860 loss=0.6403 mean_loss=0.6782 classification=0.0033, bbox_regression=0.0469, bbox_ctrness=0.5900
epoch 19/50 iter 880/1860 loss=0.6716 mean_loss=0.6781 classification=0.0094, bbox_regression=0.0579, bbox_ctrness=0.6044
epoch 19/50 iter 900/1860 loss=0.6863 mean_loss=0.6781 classification=0.0123, bbox_regression=0.0641, bbox_ctrness=0.6099
epoch 19/50 iter 920/1860 loss=0.6974 mean_loss=0.6781 classification=0.0208, bbox_regression=0.0813, bbox_ctrness=0.5952
epoch 19/50 iter 940/1860 loss=0.7353 mean_loss=0.6782 classification=0.0796, bbox_regression=0.0713, bbox_ctrness=0.5845
epoch 19/50 iter 960/1860 loss=0.6859 mean_loss=0.6784 classification=0.0182, bbox_regression=0.0646, bbox_ctrness=0.6031
epoch 19/50 iter 980/1860 loss=0.6701 mean_loss=0.6787 classification=0.0087, bbox_regression=0.0553, bbox_ctrness=0.6061
epoch 19/50 iter 1000/1860 loss=0.6797 mean_loss=0.6788 classification=0.0068, bbox_regression=0.0479, bbox_ctrness=0.6250
epoch 19/50 iter 1020/1860 loss=0.6603 mean_loss=0.6789 classification=0.0048, bbox_regression=0.0561, bbox_ctrness=0.5993
epoch 19/50 iter 1040/1860 loss=0.7021 mean_loss=0.6790 classification=0.0120, bbox_regression=0.0668, bbox_ctrness=0.6233
epoch 19/50 iter 1060/1860 loss=0.6856 mean_loss=0.6790 classification=0.0232, bbox_regression=0.0670, bbox_ctrness=0.5954
epoch 19/50 iter 1080/1860 loss=0.6774 mean_loss=0.6790 classification=0.0138, bbox_regression=0.0685, bbox_ctrness=0.5951
epoch 19/50 iter 1100/1860 loss=0.6714 mean_loss=0.6789 classification=0.0242, bbox_regression=0.0537, bbox_ctrness=0.5934
epoch 19/50 iter 1120/1860 loss=0.6836 mean_loss=0.6792 classification=0.0195, bbox_regression=0.0824, bbox_ctrness=0.5817
epoch 19/50 iter 1140/1860 loss=0.6505 mean_loss=0.6792 classification=0.0050, bbox_regression=0.0540, bbox_ctrness=0.5915
epoch 19/50 iter 1160/1860 loss=0.6885 mean_loss=0.6793 classification=0.0171, bbox_regression=0.0604, bbox_ctrness=0.6110
epoch 19/50 iter 1180/1860 loss=0.6793 mean_loss=0.6792 classification=0.0148, bbox_regression=0.0610, bbox_ctrness=0.6035
epoch 19/50 iter 1200/1860 loss=0.6780 mean_loss=0.6791 classification=0.0255, bbox_regression=0.0710, bbox_ctrness=0.5815
epoch 19/50 iter 1220/1860 loss=0.6446 mean_loss=0.6790 classification=0.0047, bbox_regression=0.0504, bbox_ctrness=0.5894
epoch 19/50 iter 1240/1860 loss=0.6782 mean_loss=0.6791 classification=0.0250, bbox_regression=0.0630, bbox_ctrness=0.5902
epoch 19/50 iter 1260/1860 loss=0.6891 mean_loss=0.6793 classification=0.0368, bbox_regression=0.0658, bbox_ctrness=0.5864
epoch 19/50 iter 1280/1860 loss=0.6829 mean_loss=0.6795 classification=0.0176, bbox_regression=0.0593, bbox_ctrness=0.6060
epoch 19/50 iter 1300/1860 loss=0.6978 mean_loss=0.6796 classification=0.0091, bbox_regression=0.0648, bbox_ctrness=0.6238
epoch 19/50 iter 1320/1860 loss=0.7416 mean_loss=0.6796 classification=0.0487, bbox_regression=0.0844, bbox_ctrness=0.6085
epoch 19/50 iter 1340/1860 loss=0.6964 mean_loss=0.6798 classification=0.0155, bbox_regression=0.0636, bbox_ctrness=0.6174
epoch 19/50 iter 1360/1860 loss=0.6689 mean_loss=0.6799 classification=0.0191, bbox_regression=0.0685, bbox_ctrness=0.5814
epoch 19/50 iter 1380/1860 loss=0.7149 mean_loss=0.6800 classification=0.0519, bbox_regression=0.0580, bbox_ctrness=0.6050
epoch 19/50 iter 1400/1860 loss=0.6801 mean_loss=0.6801 classification=0.0141, bbox_regression=0.0731, bbox_ctrness=0.5930
epoch 19/50 iter 1420/1860 loss=0.6925 mean_loss=0.6802 classification=0.0227, bbox_regression=0.0687, bbox_ctrness=0.6010
epoch 19/50 iter 1440/1860 loss=0.7630 mean_loss=0.6802 classification=0.0585, bbox_regression=0.0886, bbox_ctrness=0.6160
epoch 19/50 iter 1460/1860 loss=0.6748 mean_loss=0.6802 classification=0.0339, bbox_regression=0.0524, bbox_ctrness=0.5885
epoch 19/50 iter 1480/1860 loss=0.6656 mean_loss=0.6802 classification=0.0045, bbox_regression=0.0556, bbox_ctrness=0.6055
epoch 19/50 iter 1500/1860 loss=0.7035 mean_loss=0.6801 classification=0.0151, bbox_regression=0.0761, bbox_ctrness=0.6123
epoch 19/50 iter 1520/1860 loss=0.6772 mean_loss=0.6802 classification=0.0020, bbox_regression=0.0670, bbox_ctrness=0.6081
epoch 19/50 iter 1540/1860 loss=0.7250 mean_loss=0.6802 classification=0.0530, bbox_regression=0.0729, bbox_ctrness=0.5991
epoch 19/50 iter 1560/1860 loss=0.6644 mean_loss=0.6802 classification=0.0048, bbox_regression=0.0563, bbox_ctrness=0.6033
epoch 19/50 iter 1580/1860 loss=0.6824 mean_loss=0.6803 classification=0.0354, bbox_regression=0.0618, bbox_ctrness=0.5852
epoch 19/50 iter 1600/1860 loss=0.6331 mean_loss=0.6804 classification=0.0051, bbox_regression=0.0431, bbox_ctrness=0.5849
epoch 19/50 iter 1620/1860 loss=0.6596 mean_loss=0.6804 classification=0.0091, bbox_regression=0.0440, bbox_ctrness=0.6065
epoch 19/50 iter 1640/1860 loss=0.6743 mean_loss=0.6804 classification=0.0250, bbox_regression=0.0549, bbox_ctrness=0.5944
epoch 19/50 iter 1660/1860 loss=0.6900 mean_loss=0.6804 classification=0.0259, bbox_regression=0.0700, bbox_ctrness=0.5941
epoch 19/50 iter 1680/1860 loss=0.6540 mean_loss=0.6805 classification=0.0082, bbox_regression=0.0518, bbox_ctrness=0.5940
epoch 19/50 iter 1700/1860 loss=0.7114 mean_loss=0.6807 classification=0.0165, bbox_regression=0.0898, bbox_ctrness=0.6051
epoch 19/50 iter 1720/1860 loss=0.6765 mean_loss=0.6808 classification=0.0114, bbox_regression=0.0606, bbox_ctrness=0.6045
epoch 19/50 iter 1740/1860 loss=0.6592 mean_loss=0.6808 classification=0.0126, bbox_regression=0.0593, bbox_ctrness=0.5873
epoch 19/50 iter 1760/1860 loss=0.6629 mean_loss=0.6810 classification=0.0070, bbox_regression=0.0666, bbox_ctrness=0.5892
epoch 19/50 iter 1780/1860 loss=0.6776 mean_loss=0.6810 classification=0.0148, bbox_regression=0.0574, bbox_ctrness=0.6054
epoch 19/50 iter 1800/1860 loss=0.6893 mean_loss=0.6810 classification=0.0135, bbox_regression=0.0719, bbox_ctrness=0.6039
epoch 19/50 iter 1820/1860 loss=0.6864 mean_loss=0.6810 classification=0.0278, bbox_regression=0.0634, bbox_ctrness=0.5952
epoch 19/50 iter 1840/1860 loss=0.6814 mean_loss=0.6809 classification=0.0151, bbox_regression=0.0643, bbox_ctrness=0.6019
epoch 19/50 iter 1860/1860 loss=0.7474 mean_loss=0.6809 classification=0.0537, bbox_regression=0.0617, bbox_ctrness=0.6320
epoch 19 validation Precision=0.8041 Recall=0.9013 AP50=0.8826 AP75=0.8061 eval_fps=25.52 epoch_time_sec=831.9
saved checkpoint: E:\RepViT-main\runs\v48_complete_ablation\training\ra_static_equal_seed0\weights\last.pt
epoch 20/50 iter 1/1860 loss=0.6576 mean_loss=0.6576 classification=0.0055, bbox_regression=0.0595, bbox_ctrness=0.5926
epoch 20/50 iter 20/1860 loss=0.6767 mean_loss=0.6754 classification=0.0078, bbox_regression=0.0601, bbox_ctrness=0.6088
epoch 20/50 iter 40/1860 loss=0.6764 mean_loss=0.6734 classification=0.0096, bbox_regression=0.0671, bbox_ctrness=0.5996
epoch 20/50 iter 60/1860 loss=0.6874 mean_loss=0.6737 classification=0.0102, bbox_regression=0.0797, bbox_ctrness=0.5976
epoch 20/50 iter 80/1860 loss=0.6393 mean_loss=0.6725 classification=0.0028, bbox_regression=0.0638, bbox_ctrness=0.5728
epoch 20/50 iter 100/1860 loss=0.6767 mean_loss=0.6740 classification=0.0016, bbox_regression=0.0580, bbox_ctrness=0.6171
epoch 20/50 iter 120/1860 loss=0.6872 mean_loss=0.6741 classification=0.0066, bbox_regression=0.0604, bbox_ctrness=0.6202
epoch 20/50 iter 140/1860 loss=0.6569 mean_loss=0.6748 classification=0.0042, bbox_regression=0.0534, bbox_ctrness=0.5993
epoch 20/50 iter 160/1860 loss=0.7021 mean_loss=0.6763 classification=0.0214, bbox_regression=0.0668, bbox_ctrness=0.6138
epoch 20/50 iter 180/1860 loss=0.7133 mean_loss=0.6769 classification=0.0425, bbox_regression=0.0692, bbox_ctrness=0.6016
epoch 20/50 iter 200/1860 loss=0.6816 mean_loss=0.6771 classification=0.0058, bbox_regression=0.0577, bbox_ctrness=0.6181
epoch 20/50 iter 220/1860 loss=0.6761 mean_loss=0.6778 classification=0.0022, bbox_regression=0.0643, bbox_ctrness=0.6096
epoch 20/50 iter 240/1860 loss=0.6794 mean_loss=0.6784 classification=0.0115, bbox_regression=0.0751, bbox_ctrness=0.5928
epoch 20/50 iter 260/1860 loss=0.6632 mean_loss=0.6781 classification=0.0072, bbox_regression=0.0474, bbox_ctrness=0.6087
epoch 20/50 iter 280/1860 loss=0.6536 mean_loss=0.6786 classification=0.0005, bbox_regression=0.0446, bbox_ctrness=0.6085
epoch 20/50 iter 300/1860 loss=0.6953 mean_loss=0.6787 classification=0.0123, bbox_regression=0.0728, bbox_ctrness=0.6101
epoch 20/50 iter 320/1860 loss=0.6706 mean_loss=0.6785 classification=0.0156, bbox_regression=0.0497, bbox_ctrness=0.6053
epoch 20/50 iter 340/1860 loss=0.6401 mean_loss=0.6781 classification=0.0072, bbox_regression=0.0510, bbox_ctrness=0.5818
epoch 20/50 iter 360/1860 loss=0.6823 mean_loss=0.6781 classification=0.0172, bbox_regression=0.0713, bbox_ctrness=0.5938
epoch 20/50 iter 380/1860 loss=0.6532 mean_loss=0.6776 classification=0.0012, bbox_regression=0.0454, bbox_ctrness=0.6065
epoch 20/50 iter 400/1860 loss=0.6687 mean_loss=0.6771 classification=0.0158, bbox_regression=0.0604, bbox_ctrness=0.5926
epoch 20/50 iter 420/1860 loss=0.6646 mean_loss=0.6770 classification=0.0090, bbox_regression=0.0677, bbox_ctrness=0.5880
epoch 20/50 iter 440/1860 loss=0.6694 mean_loss=0.6768 classification=0.0066, bbox_regression=0.0678, bbox_ctrness=0.5950
epoch 20/50 iter 460/1860 loss=0.6616 mean_loss=0.6762 classification=0.0017, bbox_regression=0.0554, bbox_ctrness=0.6045
epoch 20/50 iter 480/1860 loss=0.6710 mean_loss=0.6758 classification=0.0323, bbox_regression=0.0597, bbox_ctrness=0.5791
epoch 20/50 iter 500/1860 loss=0.6827 mean_loss=0.6762 classification=0.0082, bbox_regression=0.0789, bbox_ctrness=0.5956
epoch 20/50 iter 520/1860 loss=0.6745 mean_loss=0.6764 classification=0.0239, bbox_regression=0.0511, bbox_ctrness=0.5995
epoch 20/50 iter 540/1860 loss=0.7138 mean_loss=0.6768 classification=0.0417, bbox_regression=0.0819, bbox_ctrness=0.5902
epoch 20/50 iter 560/1860 loss=0.6692 mean_loss=0.6768 classification=0.0059, bbox_regression=0.0530, bbox_ctrness=0.6102
epoch 20/50 iter 580/1860 loss=0.6690 mean_loss=0.6769 classification=0.0168, bbox_regression=0.0661, bbox_ctrness=0.5862
epoch 20/50 iter 600/1860 loss=0.7235 mean_loss=0.6768 classification=0.0553, bbox_regression=0.0619, bbox_ctrness=0.6063
epoch 20/50 iter 620/1860 loss=0.7035 mean_loss=0.6768 classification=0.0284, bbox_regression=0.0877, bbox_ctrness=0.5874
epoch 20/50 iter 640/1860 loss=0.6684 mean_loss=0.6766 classification=0.0121, bbox_regression=0.0680, bbox_ctrness=0.5883
epoch 20/50 iter 660/1860 loss=0.6726 mean_loss=0.6764 classification=0.0236, bbox_regression=0.0537, bbox_ctrness=0.5954
epoch 20/50 iter 680/1860 loss=0.6985 mean_loss=0.6764 classification=0.0087, bbox_regression=0.0901, bbox_ctrness=0.5997
epoch 20/50 iter 700/1860 loss=0.6395 mean_loss=0.6760 classification=0.0058, bbox_regression=0.0442, bbox_ctrness=0.5896
epoch 20/50 iter 720/1860 loss=0.7025 mean_loss=0.6764 classification=0.0308, bbox_regression=0.0700, bbox_ctrness=0.6018
epoch 20/50 iter 740/1860 loss=0.6757 mean_loss=0.6765 classification=0.0302, bbox_regression=0.0564, bbox_ctrness=0.5891
epoch 20/50 iter 760/1860 loss=0.6805 mean_loss=0.6764 classification=0.0075, bbox_regression=0.0568, bbox_ctrness=0.6162
epoch 20/50 iter 780/1860 loss=0.7147 mean_loss=0.6767 classification=0.0218, bbox_regression=0.0924, bbox_ctrness=0.6004
epoch 20/50 iter 800/1860 loss=0.7010 mean_loss=0.6768 classification=0.0335, bbox_regression=0.0617, bbox_ctrness=0.6059
epoch 20/50 iter 820/1860 loss=0.6704 mean_loss=0.6767 classification=0.0064, bbox_regression=0.0537, bbox_ctrness=0.6102
epoch 20/50 iter 840/1860 loss=0.6730 mean_loss=0.6772 classification=0.0151, bbox_regression=0.0585, bbox_ctrness=0.5995
epoch 20/50 iter 860/1860 loss=0.6707 mean_loss=0.6773 classification=0.0006, bbox_regression=0.0411, bbox_ctrness=0.6290
epoch 20/50 iter 880/1860 loss=0.7095 mean_loss=0.6775 classification=0.0434, bbox_regression=0.0708, bbox_ctrness=0.5953
epoch 20/50 iter 900/1860 loss=0.6636 mean_loss=0.6775 classification=0.0057, bbox_regression=0.0581, bbox_ctrness=0.5998
epoch 20/50 iter 920/1860 loss=0.6539 mean_loss=0.6777 classification=0.0022, bbox_regression=0.0577, bbox_ctrness=0.5941
epoch 20/50 iter 940/1860 loss=0.7055 mean_loss=0.6779 classification=0.0248, bbox_regression=0.0687, bbox_ctrness=0.6120
epoch 20/50 iter 960/1860 loss=0.6735 mean_loss=0.6778 classification=0.0192, bbox_regression=0.0617, bbox_ctrness=0.5926
epoch 20/50 iter 980/1860 loss=0.6686 mean_loss=0.6778 classification=0.0091, bbox_regression=0.0591, bbox_ctrness=0.6004
epoch 20/50 iter 1000/1860 loss=0.6601 mean_loss=0.6778 classification=0.0056, bbox_regression=0.0559, bbox_ctrness=0.5986
epoch 20/50 iter 1020/1860 loss=0.6941 mean_loss=0.6782 classification=0.0372, bbox_regression=0.0594, bbox_ctrness=0.5975
epoch 20/50 iter 1040/1860 loss=0.6916 mean_loss=0.6785 classification=0.0253, bbox_regression=0.0658, bbox_ctrness=0.6005
epoch 20/50 iter 1060/1860 loss=0.6625 mean_loss=0.6785 classification=0.0103, bbox_regression=0.0806, bbox_ctrness=0.5716
epoch 20/50 iter 1080/1860 loss=0.6823 mean_loss=0.6784 classification=0.0226, bbox_regression=0.0642, bbox_ctrness=0.5956
epoch 20/50 iter 1100/1860 loss=0.6623 mean_loss=0.6784 classification=0.0215, bbox_regression=0.0527, bbox_ctrness=0.5881
epoch 20/50 iter 1120/1860 loss=0.7023 mean_loss=0.6785 classification=0.0601, bbox_regression=0.0475, bbox_ctrness=0.5946
epoch 20/50 iter 1140/1860 loss=0.6903 mean_loss=0.6785 classification=0.0042, bbox_regression=0.0811, bbox_ctrness=0.6051
epoch 20/50 iter 1160/1860 loss=0.6666 mean_loss=0.6783 classification=0.0052, bbox_regression=0.0571, bbox_ctrness=0.6043
epoch 20/50 iter 1180/1860 loss=0.6832 mean_loss=0.6782 classification=0.0219, bbox_regression=0.0620, bbox_ctrness=0.5994
epoch 20/50 iter 1200/1860 loss=0.6687 mean_loss=0.6783 classification=0.0155, bbox_regression=0.0619, bbox_ctrness=0.5912
epoch 20/50 iter 1220/1860 loss=0.6563 mean_loss=0.6784 classification=0.0175, bbox_regression=0.0571, bbox_ctrness=0.5817
epoch 20/50 iter 1240/1860 loss=0.6726 mean_loss=0.6784 classification=0.0114, bbox_regression=0.0646, bbox_ctrness=0.5967
epoch 20/50 iter 1260/1860 loss=0.6576 mean_loss=0.6784 classification=0.0147, bbox_regression=0.0592, bbox_ctrness=0.5836
epoch 20/50 iter 1280/1860 loss=0.6906 mean_loss=0.6784 classification=0.0143, bbox_regression=0.0698, bbox_ctrness=0.6065
epoch 20/50 iter 1300/1860 loss=0.6732 mean_loss=0.6784 classification=0.0097, bbox_regression=0.0643, bbox_ctrness=0.5992
epoch 20/50 iter 1320/1860 loss=0.6696 mean_loss=0.6783 classification=0.0235, bbox_regression=0.0607, bbox_ctrness=0.5855
epoch 20/50 iter 1340/1860 loss=0.6651 mean_loss=0.6784 classification=0.0063, bbox_regression=0.0544, bbox_ctrness=0.6044
epoch 20/50 iter 1360/1860 loss=0.6565 mean_loss=0.6783 classification=0.0096, bbox_regression=0.0551, bbox_ctrness=0.5918
epoch 20/50 iter 1380/1860 loss=0.6848 mean_loss=0.6784 classification=0.0079, bbox_regression=0.0640, bbox_ctrness=0.6129
epoch 20/50 iter 1400/1860 loss=0.6381 mean_loss=0.6785 classification=0.0147, bbox_regression=0.0626, bbox_ctrness=0.5608
epoch 20/50 iter 1420/1860 loss=0.6553 mean_loss=0.6786 classification=0.0020, bbox_regression=0.0496, bbox_ctrness=0.6037
epoch 20/50 iter 1440/1860 loss=0.7126 mean_loss=0.6786 classification=0.0454, bbox_regression=0.0690, bbox_ctrness=0.5982
epoch 20/50 iter 1460/1860 loss=0.6911 mean_loss=0.6786 classification=0.0385, bbox_regression=0.0623, bbox_ctrness=0.5903
epoch 20/50 iter 1480/1860 loss=0.6844 mean_loss=0.6786 classification=0.0072, bbox_regression=0.0656, bbox_ctrness=0.6116
epoch 20/50 iter 1500/1860 loss=0.6831 mean_loss=0.6785 classification=0.0041, bbox_regression=0.0787, bbox_ctrness=0.6003
epoch 20/50 iter 1520/1860 loss=0.6680 mean_loss=0.6785 classification=0.0057, bbox_regression=0.0586, bbox_ctrness=0.6037
epoch 20/50 iter 1540/1860 loss=0.6772 mean_loss=0.6785 classification=0.0131, bbox_regression=0.0650, bbox_ctrness=0.5991
epoch 20/50 iter 1560/1860 loss=0.6693 mean_loss=0.6784 classification=0.0047, bbox_regression=0.0504, bbox_ctrness=0.6142
epoch 20/50 iter 1580/1860 loss=0.7135 mean_loss=0.6785 classification=0.0257, bbox_regression=0.0871, bbox_ctrness=0.6008
epoch 20/50 iter 1600/1860 loss=0.6571 mean_loss=0.6784 classification=0.0147, bbox_regression=0.0621, bbox_ctrness=0.5804
epoch 20/50 iter 1620/1860 loss=0.6934 mean_loss=0.6784 classification=0.0229, bbox_regression=0.0673, bbox_ctrness=0.6032
epoch 20/50 iter 1640/1860 loss=0.7185 mean_loss=0.6784 classification=0.0535, bbox_regression=0.0525, bbox_ctrness=0.6125
epoch 20/50 iter 1660/1860 loss=0.6670 mean_loss=0.6784 classification=0.0048, bbox_regression=0.0582, bbox_ctrness=0.6039
epoch 20/50 iter 1680/1860 loss=0.6678 mean_loss=0.6784 classification=0.0215, bbox_regression=0.0601, bbox_ctrness=0.5862
epoch 20/50 iter 1700/1860 loss=0.6965 mean_loss=0.6785 classification=0.0170, bbox_regression=0.0777, bbox_ctrness=0.6018
epoch 20/50 iter 1720/1860 loss=0.7194 mean_loss=0.6786 classification=0.0303, bbox_regression=0.0674, bbox_ctrness=0.6218
epoch 20/50 iter 1740/1860 loss=0.6879 mean_loss=0.6787 classification=0.0016, bbox_regression=0.0597, bbox_ctrness=0.6266
epoch 20/50 iter 1760/1860 loss=0.6635 mean_loss=0.6789 classification=0.0104, bbox_regression=0.0594, bbox_ctrness=0.5937
epoch 20/50 iter 1780/1860 loss=0.6590 mean_loss=0.6789 classification=0.0129, bbox_regression=0.0542, bbox_ctrness=0.5919
epoch 20/50 iter 1800/1860 loss=0.6968 mean_loss=0.6789 classification=0.0204, bbox_regression=0.0745, bbox_ctrness=0.6019
epoch 20/50 iter 1820/1860 loss=0.6613 mean_loss=0.6789 classification=0.0019, bbox_regression=0.0475, bbox_ctrness=0.6119
epoch 20/50 iter 1840/1860 loss=0.6951 mean_loss=0.6790 classification=0.0194, bbox_regression=0.0702, bbox_ctrness=0.6054
epoch 20/50 iter 1860/1860 loss=0.6808 mean_loss=0.6789 classification=0.0074, bbox_regression=0.0603, bbox_ctrness=0.6130
epoch 20 validation Precision=0.5723 Recall=0.9415 AP50=0.9107 AP75=0.8118 eval_fps=25.15 epoch_time_sec=833.3
saved checkpoint: E:\RepViT-main\runs\v48_complete_ablation\training\ra_static_equal_seed0\weights\last.pt
epoch 21/50 iter 1/1860 loss=0.6547 mean_loss=0.6547 classification=0.0059, bbox_regression=0.0569, bbox_ctrness=0.5919
epoch 21/50 iter 20/1860 loss=0.6439 mean_loss=0.6717 classification=0.0064, bbox_regression=0.0537, bbox_ctrness=0.5838
epoch 21/50 iter 40/1860 loss=0.6669 mean_loss=0.6739 classification=0.0166, bbox_regression=0.0589, bbox_ctrness=0.5914
epoch 21/50 iter 60/1860 loss=0.6619 mean_loss=0.6712 classification=0.0125, bbox_regression=0.0625, bbox_ctrness=0.5869
epoch 21/50 iter 80/1860 loss=0.6494 mean_loss=0.6726 classification=0.0051, bbox_regression=0.0502, bbox_ctrness=0.5941
epoch 21/50 iter 100/1860 loss=0.6610 mean_loss=0.6710 classification=0.0057, bbox_regression=0.0579, bbox_ctrness=0.5975
epoch 21/50 iter 120/1860 loss=0.6869 mean_loss=0.6701 classification=0.0041, bbox_regression=0.0738, bbox_ctrness=0.6089
epoch 21/50 iter 140/1860 loss=0.6401 mean_loss=0.6696 classification=0.0059, bbox_regression=0.0445, bbox_ctrness=0.5896
epoch 21/50 iter 160/1860 loss=0.7154 mean_loss=0.6701 classification=0.0202, bbox_regression=0.0777, bbox_ctrness=0.6175
epoch 21/50 iter 180/1860 loss=0.6663 mean_loss=0.6709 classification=0.0054, bbox_regression=0.0631, bbox_ctrness=0.5978
epoch 21/50 iter 200/1860 loss=0.7952 mean_loss=0.6715 classification=0.0703, bbox_regression=0.1027, bbox_ctrness=0.6221
epoch 21/50 iter 220/1860 loss=0.6632 mean_loss=0.6715 classification=0.0018, bbox_regression=0.0467, bbox_ctrness=0.6147
epoch 21/50 iter 240/1860 loss=0.6456 mean_loss=0.6711 classification=0.0148, bbox_regression=0.0676, bbox_ctrness=0.5632
epoch 21/50 iter 260/1860 loss=0.6543 mean_loss=0.6711 classification=0.0076, bbox_regression=0.0309, bbox_ctrness=0.6158
epoch 21/50 iter 280/1860 loss=0.6792 mean_loss=0.6717 classification=0.0052, bbox_regression=0.0618, bbox_ctrness=0.6122
epoch 21/50 iter 300/1860 loss=0.6844 mean_loss=0.6717 classification=0.0249, bbox_regression=0.0611, bbox_ctrness=0.5984
epoch 21/50 iter 320/1860 loss=0.6975 mean_loss=0.6721 classification=0.0268, bbox_regression=0.0664, bbox_ctrness=0.6043
epoch 21/50 iter 340/1860 loss=0.6694 mean_loss=0.6722 classification=0.0077, bbox_regression=0.0582, bbox_ctrness=0.6034
epoch 21/50 iter 360/1860 loss=0.6878 mean_loss=0.6725 classification=0.0372, bbox_regression=0.0612, bbox_ctrness=0.5894
epoch 21/50 iter 380/1860 loss=0.6747 mean_loss=0.6725 classification=0.0019, bbox_regression=0.0527, bbox_ctrness=0.6201
epoch 21/50 iter 400/1860 loss=0.6792 mean_loss=0.6729 classification=0.0127, bbox_regression=0.0629, bbox_ctrness=0.6036
epoch 21/50 iter 420/1860 loss=0.6538 mean_loss=0.6724 classification=0.0122, bbox_regression=0.0512, bbox_ctrness=0.5904
epoch 21/50 iter 440/1860 loss=0.7110 mean_loss=0.6722 classification=0.0190, bbox_regression=0.0834, bbox_ctrness=0.6086
epoch 21/50 iter 460/1860 loss=0.6599 mean_loss=0.6719 classification=0.0147, bbox_regression=0.0494, bbox_ctrness=0.5957
epoch 21/50 iter 480/1860 loss=0.6688 mean_loss=0.6718 classification=0.0162, bbox_regression=0.0556, bbox_ctrness=0.5970
epoch 21/50 iter 500/1860 loss=0.6486 mean_loss=0.6718 classification=0.0140, bbox_regression=0.0476, bbox_ctrness=0.5871
epoch 21/50 iter 520/1860 loss=0.6750 mean_loss=0.6718 classification=0.0100, bbox_regression=0.0691, bbox_ctrness=0.5958
epoch 21/50 iter 540/1860 loss=0.6751 mean_loss=0.6716 classification=0.0022, bbox_regression=0.0592, bbox_ctrness=0.6137
epoch 21/50 iter 560/1860 loss=0.7052 mean_loss=0.6721 classification=0.0302, bbox_regression=0.0704, bbox_ctrness=0.6046
epoch 21/50 iter 580/1860 loss=0.7066 mean_loss=0.6719 classification=0.0537, bbox_regression=0.0621, bbox_ctrness=0.5908
epoch 21/50 iter 600/1860 loss=0.6766 mean_loss=0.6721 classification=0.0125, bbox_regression=0.0589, bbox_ctrness=0.6052
epoch 21/50 iter 620/1860 loss=0.6716 mean_loss=0.6723 classification=0.0058, bbox_regression=0.0547, bbox_ctrness=0.6111
epoch 21/50 iter 640/1860 loss=0.7448 mean_loss=0.6724 classification=0.0414, bbox_regression=0.0962, bbox_ctrness=0.6071
epoch 21/50 iter 660/1860 loss=0.6693 mean_loss=0.6722 classification=0.0040, bbox_regression=0.0535, bbox_ctrness=0.6117
epoch 21/50 iter 680/1860 loss=0.6987 mean_loss=0.6726 classification=0.0039, bbox_regression=0.0871, bbox_ctrness=0.6077
epoch 21/50 iter 700/1860 loss=0.6624 mean_loss=0.6726 classification=0.0176, bbox_regression=0.0640, bbox_ctrness=0.5809
epoch 21/50 iter 720/1860 loss=0.6724 mean_loss=0.6727 classification=0.0125, bbox_regression=0.0664, bbox_ctrness=0.5935
epoch 21/50 iter 740/1860 loss=0.6558 mean_loss=0.6726 classification=0.0064, bbox_regression=0.0510, bbox_ctrness=0.5984
epoch 21/50 iter 760/1860 loss=0.6761 mean_loss=0.6727 classification=0.0032, bbox_regression=0.0585, bbox_ctrness=0.6144
epoch 21/50 iter 780/1860 loss=0.6643 mean_loss=0.6729 classification=0.0139, bbox_regression=0.0561, bbox_ctrness=0.5942
epoch 21/50 iter 800/1860 loss=0.6438 mean_loss=0.6730 classification=0.0020, bbox_regression=0.0368, bbox_ctrness=0.6050
epoch 21/50 iter 820/1860 loss=0.6705 mean_loss=0.6730 classification=0.0163, bbox_regression=0.0648, bbox_ctrness=0.5894
epoch 21/50 iter 840/1860 loss=0.6898 mean_loss=0.6730 classification=0.0308, bbox_regression=0.0541, bbox_ctrness=0.6050
epoch 21/50 iter 860/1860 loss=0.7000 mean_loss=0.6732 classification=0.0101, bbox_regression=0.0706, bbox_ctrness=0.6193
epoch 21/50 iter 880/1860 loss=0.6734 mean_loss=0.6733 classification=0.0160, bbox_regression=0.0624, bbox_ctrness=0.5949
epoch 21/50 iter 900/1860 loss=0.6793 mean_loss=0.6736 classification=0.0121, bbox_regression=0.0670, bbox_ctrness=0.6001
epoch 21/50 iter 920/1860 loss=0.6880 mean_loss=0.6737 classification=0.0140, bbox_regression=0.0762, bbox_ctrness=0.5979
epoch 21/50 iter 940/1860 loss=0.6571 mean_loss=0.6738 classification=0.0083, bbox_regression=0.0638, bbox_ctrness=0.5850
epoch 21/50 iter 960/1860 loss=0.6231 mean_loss=0.6737 classification=0.0045, bbox_regression=0.0360, bbox_ctrness=0.5825
epoch 21/50 iter 980/1860 loss=0.6715 mean_loss=0.6736 classification=0.0090, bbox_regression=0.0596, bbox_ctrness=0.6029
epoch 21/50 iter 1000/1860 loss=0.6580 mean_loss=0.6736 classification=0.0040, bbox_regression=0.0568, bbox_ctrness=0.5972
epoch 21/50 iter 1020/1860 loss=0.6619 mean_loss=0.6735 classification=0.0136, bbox_regression=0.0550, bbox_ctrness=0.5933
epoch 21/50 iter 1040/1860 loss=0.6852 mean_loss=0.6736 classification=0.0248, bbox_regression=0.0562, bbox_ctrness=0.6042
epoch 21/50 iter 1060/1860 loss=0.6947 mean_loss=0.6736 classification=0.0076, bbox_regression=0.0780, bbox_ctrness=0.6090
epoch 21/50 iter 1080/1860 loss=0.6747 mean_loss=0.6736 classification=0.0110, bbox_regression=0.0617, bbox_ctrness=0.6020
epoch 21/50 iter 1100/1860 loss=0.6749 mean_loss=0.6736 classification=0.0134, bbox_regression=0.0481, bbox_ctrness=0.6133
epoch 21/50 iter 1120/1860 loss=0.7243 mean_loss=0.6737 classification=0.0296, bbox_regression=0.0878, bbox_ctrness=0.6069
epoch 21/50 iter 1140/1860 loss=0.6565 mean_loss=0.6738 classification=0.0100, bbox_regression=0.0496, bbox_ctrness=0.5969
epoch 21/50 iter 1160/1860 loss=0.6440 mean_loss=0.6737 classification=0.0123, bbox_regression=0.0508, bbox_ctrness=0.5809
epoch 21/50 iter 1180/1860 loss=0.6725 mean_loss=0.6738 classification=0.0192, bbox_regression=0.0601, bbox_ctrness=0.5933
epoch 21/50 iter 1200/1860 loss=0.6976 mean_loss=0.6738 classification=0.0223, bbox_regression=0.0785, bbox_ctrness=0.5969
epoch 21/50 iter 1220/1860 loss=0.6707 mean_loss=0.6738 classification=0.0108, bbox_regression=0.0616, bbox_ctrness=0.5982
epoch 21/50 iter 1240/1860 loss=0.6874 mean_loss=0.6737 classification=0.0117, bbox_regression=0.0721, bbox_ctrness=0.6036
epoch 21/50 iter 1260/1860 loss=0.6694 mean_loss=0.6737 classification=0.0096, bbox_regression=0.0578, bbox_ctrness=0.6020
epoch 21/50 iter 1280/1860 loss=0.6606 mean_loss=0.6738 classification=0.0094, bbox_regression=0.0561, bbox_ctrness=0.5952
epoch 21/50 iter 1300/1860 loss=0.6612 mean_loss=0.6738 classification=0.0076, bbox_regression=0.0610, bbox_ctrness=0.5926
epoch 21/50 iter 1320/1860 loss=0.6588 mean_loss=0.6739 classification=0.0057, bbox_regression=0.0622, bbox_ctrness=0.5909
epoch 21/50 iter 1340/1860 loss=0.6670 mean_loss=0.6740 classification=0.0032, bbox_regression=0.0536, bbox_ctrness=0.6102
epoch 21/50 iter 1360/1860 loss=0.6506 mean_loss=0.6741 classification=0.0022, bbox_regression=0.0541, bbox_ctrness=0.5942
epoch 21/50 iter 1380/1860 loss=0.6927 mean_loss=0.6740 classification=0.0204, bbox_regression=0.0758, bbox_ctrness=0.5966
epoch 21/50 iter 1400/1860 loss=0.6333 mean_loss=0.6738 classification=0.0037, bbox_regression=0.0480, bbox_ctrness=0.5816
epoch 21/50 iter 1420/1860 loss=0.6769 mean_loss=0.6739 classification=0.0320, bbox_regression=0.0618, bbox_ctrness=0.5831
epoch 21/50 iter 1440/1860 loss=0.7001 mean_loss=0.6740 classification=0.0356, bbox_regression=0.0588, bbox_ctrness=0.6056
epoch 21/50 iter 1460/1860 loss=0.6693 mean_loss=0.6739 classification=0.0117, bbox_regression=0.0546, bbox_ctrness=0.6031
epoch 21/50 iter 1480/1860 loss=0.6789 mean_loss=0.6739 classification=0.0082, bbox_regression=0.0773, bbox_ctrness=0.5934
epoch 21/50 iter 1500/1860 loss=0.6791 mean_loss=0.6740 classification=0.0120, bbox_regression=0.0705, bbox_ctrness=0.5966
epoch 21/50 iter 1520/1860 loss=0.6982 mean_loss=0.6741 classification=0.0220, bbox_regression=0.0592, bbox_ctrness=0.6169
epoch 21/50 iter 1540/1860 loss=0.6795 mean_loss=0.6744 classification=0.0038, bbox_regression=0.0613, bbox_ctrness=0.6144
epoch 21/50 iter 1560/1860 loss=0.6744 mean_loss=0.6744 classification=0.0226, bbox_regression=0.0529, bbox_ctrness=0.5989
epoch 21/50 iter 1580/1860 loss=0.7100 mean_loss=0.6748 classification=0.0275, bbox_regression=0.0753, bbox_ctrness=0.6072
epoch 21/50 iter 1600/1860 loss=0.6720 mean_loss=0.6748 classification=0.0093, bbox_regression=0.0611, bbox_ctrness=0.6016
epoch 21/50 iter 1620/1860 loss=0.6943 mean_loss=0.6749 classification=0.0311, bbox_regression=0.0596, bbox_ctrness=0.6036
epoch 21/50 iter 1640/1860 loss=0.7145 mean_loss=0.6749 classification=0.0561, bbox_regression=0.0700, bbox_ctrness=0.5885
epoch 21/50 iter 1660/1860 loss=0.6635 mean_loss=0.6749 classification=0.0181, bbox_regression=0.0533, bbox_ctrness=0.5921
epoch 21/50 iter 1680/1860 loss=0.6897 mean_loss=0.6751 classification=0.0139, bbox_regression=0.0716, bbox_ctrness=0.6042
epoch 21/50 iter 1700/1860 loss=0.6797 mean_loss=0.6750 classification=0.0234, bbox_regression=0.0597, bbox_ctrness=0.5966
epoch 21/50 iter 1720/1860 loss=0.6695 mean_loss=0.6751 classification=0.0091, bbox_regression=0.0574, bbox_ctrness=0.6030
epoch 21/50 iter 1740/1860 loss=0.6596 mean_loss=0.6751 classification=0.0046, bbox_regression=0.0516, bbox_ctrness=0.6034
epoch 21/50 iter 1760/1860 loss=0.6772 mean_loss=0.6751 classification=0.0024, bbox_regression=0.0670, bbox_ctrness=0.6078
epoch 21/50 iter 1780/1860 loss=0.6590 mean_loss=0.6751 classification=0.0088, bbox_regression=0.0570, bbox_ctrness=0.5932
epoch 21/50 iter 1800/1860 loss=0.6780 mean_loss=0.6753 classification=0.0118, bbox_regression=0.0648, bbox_ctrness=0.6014
epoch 21/50 iter 1820/1860 loss=0.6695 mean_loss=0.6753 classification=0.0161, bbox_regression=0.0497, bbox_ctrness=0.6037
epoch 21/50 iter 1840/1860 loss=0.6642 mean_loss=0.6754 classification=0.0030, bbox_regression=0.0538, bbox_ctrness=0.6075
epoch 21/50 iter 1860/1860 loss=0.6870 mean_loss=0.6755 classification=0.0111, bbox_regression=0.0715, bbox_ctrness=0.6044
epoch 21 validation Precision=0.7574 Recall=0.9129 AP50=0.8903 AP75=0.8055 eval_fps=25.47 epoch_time_sec=832.6
saved checkpoint: E:\RepViT-main\runs\v48_complete_ablation\training\ra_static_equal_seed0\weights\last.pt
epoch 22/50 iter 1/1860 loss=0.6632 mean_loss=0.6632 classification=0.0097, bbox_regression=0.0501, bbox_ctrness=0.6034
epoch 22/50 iter 20/1860 loss=0.6979 mean_loss=0.6756 classification=0.0206, bbox_regression=0.0735, bbox_ctrness=0.6038
epoch 22/50 iter 40/1860 loss=0.6906 mean_loss=0.6790 classification=0.0119, bbox_regression=0.0760, bbox_ctrness=0.6027
epoch 22/50 iter 60/1860 loss=0.6846 mean_loss=0.6791 classification=0.0046, bbox_regression=0.0813, bbox_ctrness=0.5986
epoch 22/50 iter 80/1860 loss=0.6694 mean_loss=0.6770 classification=0.0042, bbox_regression=0.0564, bbox_ctrness=0.6088
epoch 22/50 iter 100/1860 loss=0.8002 mean_loss=0.6778 classification=0.0455, bbox_regression=0.1266, bbox_ctrness=0.6281
epoch 22/50 iter 120/1860 loss=0.6769 mean_loss=0.6777 classification=0.0335, bbox_regression=0.0626, bbox_ctrness=0.5809
epoch 22/50 iter 140/1860 loss=0.6554 mean_loss=0.6759 classification=0.0018, bbox_regression=0.0472, bbox_ctrness=0.6064
epoch 22/50 iter 160/1860 loss=0.7103 mean_loss=0.6754 classification=0.0222, bbox_regression=0.0818, bbox_ctrness=0.6063
epoch 22/50 iter 180/1860 loss=0.6865 mean_loss=0.6753 classification=0.0264, bbox_regression=0.0548, bbox_ctrness=0.6053
epoch 22/50 iter 200/1860 loss=0.7055 mean_loss=0.6750 classification=0.0095, bbox_regression=0.0865, bbox_ctrness=0.6095
epoch 22/50 iter 220/1860 loss=0.6713 mean_loss=0.6747 classification=0.0064, bbox_regression=0.0538, bbox_ctrness=0.6112
epoch 22/50 iter 240/1860 loss=0.6900 mean_loss=0.6747 classification=0.0255, bbox_regression=0.0589, bbox_ctrness=0.6057
epoch 22/50 iter 260/1860 loss=0.6649 mean_loss=0.6743 classification=0.0039, bbox_regression=0.0566, bbox_ctrness=0.6044
epoch 22/50 iter 280/1860 loss=0.6741 mean_loss=0.6736 classification=0.0062, bbox_regression=0.0679, bbox_ctrness=0.6001
epoch 22/50 iter 300/1860 loss=0.6650 mean_loss=0.6730 classification=0.0011, bbox_regression=0.0567, bbox_ctrness=0.6073
epoch 22/50 iter 320/1860 loss=0.6808 mean_loss=0.6731 classification=0.0019, bbox_regression=0.0655, bbox_ctrness=0.6134
epoch 22/50 iter 340/1860 loss=0.7069 mean_loss=0.6730 classification=0.0830, bbox_regression=0.0498, bbox_ctrness=0.5741
epoch 22/50 iter 360/1860 loss=0.7125 mean_loss=0.6731 classification=0.0066, bbox_regression=0.0869, bbox_ctrness=0.6189
epoch 22/50 iter 380/1860 loss=0.6803 mean_loss=0.6730 classification=0.0142, bbox_regression=0.0674, bbox_ctrness=0.5987
epoch 22/50 iter 400/1860 loss=0.7075 mean_loss=0.6731 classification=0.0217, bbox_regression=0.0832, bbox_ctrness=0.6025
epoch 22/50 iter 420/1860 loss=0.6339 mean_loss=0.6727 classification=0.0036, bbox_regression=0.0402, bbox_ctrness=0.5901
epoch 22/50 iter 440/1860 loss=0.6518 mean_loss=0.6726 classification=0.0027, bbox_regression=0.0439, bbox_ctrness=0.6052
epoch 22/50 iter 460/1860 loss=0.6959 mean_loss=0.6724 classification=0.0199, bbox_regression=0.0861, bbox_ctrness=0.5899
epoch 22/50 iter 480/1860 loss=0.6759 mean_loss=0.6728 classification=0.0114, bbox_regression=0.0598, bbox_ctrness=0.6046
epoch 22/50 iter 500/1860 loss=0.6506 mean_loss=0.6727 classification=0.0030, bbox_regression=0.0542, bbox_ctrness=0.5934
epoch 22/50 iter 520/1860 loss=0.6549 mean_loss=0.6728 classification=0.0085, bbox_regression=0.0520, bbox_ctrness=0.5945
epoch 22/50 iter 540/1860 loss=0.6717 mean_loss=0.6723 classification=0.0014, bbox_regression=0.0572, bbox_ctrness=0.6131
epoch 22/50 iter 560/1860 loss=0.6287 mean_loss=0.6726 classification=0.0041, bbox_regression=0.0376, bbox_ctrness=0.5870
epoch 22/50 iter 580/1860 loss=0.6551 mean_loss=0.6727 classification=0.0087, bbox_regression=0.0451, bbox_ctrness=0.6013
epoch 22/50 iter 600/1860 loss=0.6552 mean_loss=0.6724 classification=0.0113, bbox_regression=0.0449, bbox_ctrness=0.5991
epoch 22/50 iter 620/1860 loss=0.7020 mean_loss=0.6725 classification=0.0323, bbox_regression=0.0691, bbox_ctrness=0.6005
epoch 22/50 iter 640/1860 loss=0.6805 mean_loss=0.6728 classification=0.0027, bbox_regression=0.0649, bbox_ctrness=0.6129
epoch 22/50 iter 660/1860 loss=0.6633 mean_loss=0.6726 classification=0.0078, bbox_regression=0.0582, bbox_ctrness=0.5973
epoch 22/50 iter 680/1860 loss=0.6908 mean_loss=0.6729 classification=0.0058, bbox_regression=0.0699, bbox_ctrness=0.6151
epoch 22/50 iter 700/1860 loss=0.6805 mean_loss=0.6728 classification=0.0028, bbox_regression=0.0659, bbox_ctrness=0.6119
epoch 22/50 iter 720/1860 loss=0.6579 mean_loss=0.6728 classification=0.0101, bbox_regression=0.0500, bbox_ctrness=0.5978
epoch 22/50 iter 740/1860 loss=0.6393 mean_loss=0.6728 classification=0.0043, bbox_regression=0.0554, bbox_ctrness=0.5797
epoch 22/50 iter 760/1860 loss=0.6826 mean_loss=0.6729 classification=0.0103, bbox_regression=0.0603, bbox_ctrness=0.6120
epoch 22/50 iter 780/1860 loss=0.6769 mean_loss=0.6730 classification=0.0079, bbox_regression=0.0568, bbox_ctrness=0.6122
epoch 22/50 iter 800/1860 loss=0.6728 mean_loss=0.6730 classification=0.0067, bbox_regression=0.0658, bbox_ctrness=0.6002
epoch 22/50 iter 820/1860 loss=0.6793 mean_loss=0.6729 classification=0.0183, bbox_regression=0.0641, bbox_ctrness=0.5968
epoch 22/50 iter 840/1860 loss=0.6648 mean_loss=0.6728 classification=0.0018, bbox_regression=0.0615, bbox_ctrness=0.6015
epoch 22/50 iter 860/1860 loss=0.6701 mean_loss=0.6728 classification=0.0085, bbox_regression=0.0711, bbox_ctrness=0.5905
epoch 22/50 iter 880/1860 loss=0.6661 mean_loss=0.6726 classification=0.0043, bbox_regression=0.0514, bbox_ctrness=0.6104
epoch 22/50 iter 900/1860 loss=0.6293 mean_loss=0.6725 classification=0.0006, bbox_regression=0.0436, bbox_ctrness=0.5850
epoch 22/50 iter 920/1860 loss=0.6432 mean_loss=0.6725 classification=0.0115, bbox_regression=0.0478, bbox_ctrness=0.5838
epoch 22/50 iter 940/1860 loss=0.6627 mean_loss=0.6725 classification=0.0108, bbox_regression=0.0538, bbox_ctrness=0.5980
epoch 22/50 iter 960/1860 loss=0.6635 mean_loss=0.6726 classification=0.0222, bbox_regression=0.0603, bbox_ctrness=0.5811
epoch 22/50 iter 980/1860 loss=0.6588 mean_loss=0.6729 classification=0.0112, bbox_regression=0.0621, bbox_ctrness=0.5855
epoch 22/50 iter 1000/1860 loss=0.7665 mean_loss=0.6736 classification=0.0893, bbox_regression=0.0745, bbox_ctrness=0.6027
epoch 22/50 iter 1020/1860 loss=0.6752 mean_loss=0.6739 classification=0.0138, bbox_regression=0.0588, bbox_ctrness=0.6027
epoch 22/50 iter 1040/1860 loss=0.6876 mean_loss=0.6740 classification=0.0206, bbox_regression=0.0795, bbox_ctrness=0.5875
epoch 22/50 iter 1060/1860 loss=0.6676 mean_loss=0.6741 classification=0.0095, bbox_regression=0.0538, bbox_ctrness=0.6044
epoch 22/50 iter 1080/1860 loss=0.6834 mean_loss=0.6741 classification=0.0056, bbox_regression=0.0655, bbox_ctrness=0.6123
epoch 22/50 iter 1100/1860 loss=0.7418 mean_loss=0.6744 classification=0.0753, bbox_regression=0.0615, bbox_ctrness=0.6050
epoch 22/50 iter 1120/1860 loss=0.6784 mean_loss=0.6744 classification=0.0058, bbox_regression=0.0628, bbox_ctrness=0.6098
epoch 22/50 iter 1140/1860 loss=0.6626 mean_loss=0.6743 classification=0.0242, bbox_regression=0.0569, bbox_ctrness=0.5815
epoch 22/50 iter 1160/1860 loss=0.6913 mean_loss=0.6743 classification=0.0096, bbox_regression=0.0738, bbox_ctrness=0.6080
epoch 22/50 iter 1180/1860 loss=0.6676 mean_loss=0.6742 classification=0.0028, bbox_regression=0.0453, bbox_ctrness=0.6195
epoch 22/50 iter 1200/1860 loss=0.6708 mean_loss=0.6743 classification=0.0049, bbox_regression=0.0597, bbox_ctrness=0.6062
epoch 22/50 iter 1220/1860 loss=0.7085 mean_loss=0.6743 classification=0.0321, bbox_regression=0.0777, bbox_ctrness=0.5987
epoch 22/50 iter 1240/1860 loss=0.6565 mean_loss=0.6743 classification=0.0094, bbox_regression=0.0550, bbox_ctrness=0.5922
epoch 22/50 iter 1260/1860 loss=0.6925 mean_loss=0.6745 classification=0.0126, bbox_regression=0.0706, bbox_ctrness=0.6094
epoch 22/50 iter 1280/1860 loss=0.6604 mean_loss=0.6744 classification=0.0078, bbox_regression=0.0588, bbox_ctrness=0.5938
epoch 22/50 iter 1300/1860 loss=0.6986 mean_loss=0.6744 classification=0.0257, bbox_regression=0.0768, bbox_ctrness=0.5961
epoch 22/50 iter 1320/1860 loss=0.6513 mean_loss=0.6744 classification=0.0181, bbox_regression=0.0450, bbox_ctrness=0.5883
epoch 22/50 iter 1340/1860 loss=0.6806 mean_loss=0.6744 classification=0.0305, bbox_regression=0.0537, bbox_ctrness=0.5964
epoch 22/50 iter 1360/1860 loss=0.6652 mean_loss=0.6743 classification=0.0128, bbox_regression=0.0566, bbox_ctrness=0.5958
epoch 22/50 iter 1380/1860 loss=0.6992 mean_loss=0.6742 classification=0.0407, bbox_regression=0.0726, bbox_ctrness=0.5859
epoch 22/50 iter 1400/1860 loss=0.6633 mean_loss=0.6742 classification=0.0089, bbox_regression=0.0531, bbox_ctrness=0.6014
epoch 22/50 iter 1420/1860 loss=0.6547 mean_loss=0.6741 classification=0.0011, bbox_regression=0.0426, bbox_ctrness=0.6110
epoch 22/50 iter 1440/1860 loss=0.6861 mean_loss=0.6741 classification=0.0034, bbox_regression=0.0680, bbox_ctrness=0.6147
epoch 22/50 iter 1460/1860 loss=0.6722 mean_loss=0.6741 classification=0.0102, bbox_regression=0.0673, bbox_ctrness=0.5947
epoch 22/50 iter 1480/1860 loss=0.6641 mean_loss=0.6741 classification=0.0178, bbox_regression=0.0529, bbox_ctrness=0.5934
epoch 22/50 iter 1500/1860 loss=0.6777 mean_loss=0.6742 classification=0.0122, bbox_regression=0.0604, bbox_ctrness=0.6051
epoch 22/50 iter 1520/1860 loss=0.6710 mean_loss=0.6742 classification=0.0178, bbox_regression=0.0457, bbox_ctrness=0.6075
epoch 22/50 iter 1540/1860 loss=0.6680 mean_loss=0.6742 classification=0.0295, bbox_regression=0.0569, bbox_ctrness=0.5816
epoch 22/50 iter 1560/1860 loss=0.6534 mean_loss=0.6743 classification=0.0109, bbox_regression=0.0529, bbox_ctrness=0.5895
epoch 22/50 iter 1580/1860 loss=0.6337 mean_loss=0.6742 classification=0.0109, bbox_regression=0.0354, bbox_ctrness=0.5874
epoch 22/50 iter 1600/1860 loss=0.7100 mean_loss=0.6743 classification=0.0072, bbox_regression=0.0618, bbox_ctrness=0.6411
epoch 22/50 iter 1620/1860 loss=0.6816 mean_loss=0.6743 classification=0.0086, bbox_regression=0.0598, bbox_ctrness=0.6133
epoch 22/50 iter 1640/1860 loss=0.6645 mean_loss=0.6744 classification=0.0105, bbox_regression=0.0541, bbox_ctrness=0.5999
epoch 22/50 iter 1660/1860 loss=0.6549 mean_loss=0.6744 classification=0.0035, bbox_regression=0.0617, bbox_ctrness=0.5897
epoch 22/50 iter 1680/1860 loss=0.6581 mean_loss=0.6743 classification=0.0078, bbox_regression=0.0525, bbox_ctrness=0.5978
epoch 22/50 iter 1700/1860 loss=0.6515 mean_loss=0.6742 classification=0.0033, bbox_regression=0.0555, bbox_ctrness=0.5927
epoch 22/50 iter 1720/1860 loss=0.6902 mean_loss=0.6741 classification=0.0201, bbox_regression=0.0950, bbox_ctrness=0.5751
epoch 22/50 iter 1740/1860 loss=0.6696 mean_loss=0.6740 classification=0.0056, bbox_regression=0.0662, bbox_ctrness=0.5977
epoch 22/50 iter 1760/1860 loss=0.7987 mean_loss=0.6741 classification=0.1009, bbox_regression=0.0816, bbox_ctrness=0.6162
epoch 22/50 iter 1780/1860 loss=0.8231 mean_loss=0.6743 classification=0.1041, bbox_regression=0.1203, bbox_ctrness=0.5987
epoch 22/50 iter 1800/1860 loss=0.6846 mean_loss=0.6743 classification=0.0213, bbox_regression=0.0669, bbox_ctrness=0.5964
epoch 22/50 iter 1820/1860 loss=0.6569 mean_loss=0.6743 classification=0.0068, bbox_regression=0.0585, bbox_ctrness=0.5915
epoch 22/50 iter 1840/1860 loss=0.6546 mean_loss=0.6743 classification=0.0072, bbox_regression=0.0421, bbox_ctrness=0.6053
epoch 22/50 iter 1860/1860 loss=0.6951 mean_loss=0.6743 classification=0.0116, bbox_regression=0.0716, bbox_ctrness=0.6119
epoch 22 validation Precision=0.7901 Recall=0.9068 AP50=0.8861 AP75=0.8040 eval_fps=25.36 epoch_time_sec=833.4
saved checkpoint: E:\RepViT-main\runs\v48_complete_ablation\training\ra_static_equal_seed0\weights\last.pt
epoch 23/50 iter 1/1860 loss=0.7208 mean_loss=0.7208 classification=0.0587, bbox_regression=0.0642, bbox_ctrness=0.5979
epoch 23/50 iter 20/1860 loss=0.6598 mean_loss=0.6747 classification=0.0047, bbox_regression=0.0578, bbox_ctrness=0.5972
epoch 23/50 iter 40/1860 loss=0.6706 mean_loss=0.6779 classification=0.0054, bbox_regression=0.0538, bbox_ctrness=0.6113
epoch 23/50 iter 60/1860 loss=0.6536 mean_loss=0.6751 classification=0.0015, bbox_regression=0.0445, bbox_ctrness=0.6077
epoch 23/50 iter 80/1860 loss=0.6515 mean_loss=0.6724 classification=0.0044, bbox_regression=0.0557, bbox_ctrness=0.5915
epoch 23/50 iter 100/1860 loss=0.6613 mean_loss=0.6691 classification=0.0197, bbox_regression=0.0601, bbox_ctrness=0.5815
epoch 23/50 iter 120/1860 loss=0.6589 mean_loss=0.6686 classification=0.0008, bbox_regression=0.0483, bbox_ctrness=0.6098
epoch 23/50 iter 140/1860 loss=0.6698 mean_loss=0.6686 classification=0.0066, bbox_regression=0.0549, bbox_ctrness=0.6083
epoch 23/50 iter 160/1860 loss=0.6558 mean_loss=0.6692 classification=0.0060, bbox_regression=0.0566, bbox_ctrness=0.5932
epoch 23/50 iter 180/1860 loss=0.6575 mean_loss=0.6685 classification=0.0076, bbox_regression=0.0465, bbox_ctrness=0.6034
epoch 23/50 iter 200/1860 loss=0.6661 mean_loss=0.6688 classification=0.0077, bbox_regression=0.0529, bbox_ctrness=0.6055
epoch 23/50 iter 220/1860 loss=0.6569 mean_loss=0.6706 classification=0.0025, bbox_regression=0.0601, bbox_ctrness=0.5942
epoch 23/50 iter 240/1860 loss=0.6569 mean_loss=0.6698 classification=0.0140, bbox_regression=0.0490, bbox_ctrness=0.5938
epoch 23/50 iter 260/1860 loss=0.6667 mean_loss=0.6690 classification=0.0063, bbox_regression=0.0552, bbox_ctrness=0.6052
epoch 23/50 iter 280/1860 loss=0.6697 mean_loss=0.6691 classification=0.0115, bbox_regression=0.0588, bbox_ctrness=0.5994
epoch 23/50 iter 300/1860 loss=0.6676 mean_loss=0.6687 classification=0.0021, bbox_regression=0.0498, bbox_ctrness=0.6157
epoch 23/50 iter 320/1860 loss=0.6785 mean_loss=0.6687 classification=0.0280, bbox_regression=0.0650, bbox_ctrness=0.5855
epoch 23/50 iter 340/1860 loss=0.6633 mean_loss=0.6681 classification=0.0083, bbox_regression=0.0593, bbox_ctrness=0.5956
epoch 23/50 iter 360/1860 loss=0.7135 mean_loss=0.6684 classification=0.0518, bbox_regression=0.0518, bbox_ctrness=0.6099
epoch 23/50 iter 380/1860 loss=0.6619 mean_loss=0.6686 classification=0.0030, bbox_regression=0.0497, bbox_ctrness=0.6092
epoch 23/50 iter 400/1860 loss=0.6678 mean_loss=0.6689 classification=0.0040, bbox_regression=0.0482, bbox_ctrness=0.6156
epoch 23/50 iter 420/1860 loss=0.6865 mean_loss=0.6685 classification=0.0092, bbox_regression=0.0778, bbox_ctrness=0.5995
epoch 23/50 iter 440/1860 loss=0.6708 mean_loss=0.6681 classification=0.0154, bbox_regression=0.0442, bbox_ctrness=0.6112
epoch 23/50 iter 460/1860 loss=0.6721 mean_loss=0.6688 classification=0.0159, bbox_regression=0.0543, bbox_ctrness=0.6019
epoch 23/50 iter 480/1860 loss=0.6302 mean_loss=0.6689 classification=0.0027, bbox_regression=0.0458, bbox_ctrness=0.5817
epoch 23/50 iter 500/1860 loss=0.6537 mean_loss=0.6692 classification=0.0066, bbox_regression=0.0572, bbox_ctrness=0.5898
epoch 23/50 iter 520/1860 loss=0.6430 mean_loss=0.6689 classification=0.0016, bbox_regression=0.0423, bbox_ctrness=0.5992
epoch 23/50 iter 540/1860 loss=0.6713 mean_loss=0.6688 classification=0.0069, bbox_regression=0.0529, bbox_ctrness=0.6115
epoch 23/50 iter 560/1860 loss=0.6883 mean_loss=0.6688 classification=0.0093, bbox_regression=0.0732, bbox_ctrness=0.6058
epoch 23/50 iter 580/1860 loss=0.6604 mean_loss=0.6687 classification=0.0097, bbox_regression=0.0679, bbox_ctrness=0.5828
epoch 23/50 iter 600/1860 loss=0.6831 mean_loss=0.6687 classification=0.0007, bbox_regression=0.0709, bbox_ctrness=0.6115
epoch 23/50 iter 620/1860 loss=0.6630 mean_loss=0.6688 classification=0.0023, bbox_regression=0.0521, bbox_ctrness=0.6086
epoch 23/50 iter 640/1860 loss=0.6559 mean_loss=0.6686 classification=0.0039, bbox_regression=0.0553, bbox_ctrness=0.5967
epoch 23/50 iter 660/1860 loss=0.6556 mean_loss=0.6686 classification=0.0074, bbox_regression=0.0546, bbox_ctrness=0.5936
epoch 23/50 iter 680/1860 loss=0.7166 mean_loss=0.6685 classification=0.0453, bbox_regression=0.0585, bbox_ctrness=0.6129
epoch 23/50 iter 700/1860 loss=0.6502 mean_loss=0.6686 classification=0.0091, bbox_regression=0.0502, bbox_ctrness=0.5909
epoch 23/50 iter 720/1860 loss=0.6878 mean_loss=0.6686 classification=0.0056, bbox_regression=0.0770, bbox_ctrness=0.6052
epoch 23/50 iter 740/1860 loss=0.6533 mean_loss=0.6687 classification=0.0064, bbox_regression=0.0494, bbox_ctrness=0.5975
epoch 23/50 iter 760/1860 loss=0.6462 mean_loss=0.6688 classification=0.0044, bbox_regression=0.0554, bbox_ctrness=0.5863
epoch 23/50 iter 780/1860 loss=0.6709 mean_loss=0.6688 classification=0.0121, bbox_regression=0.0582, bbox_ctrness=0.6006
epoch 23/50 iter 800/1860 loss=0.6518 mean_loss=0.6689 classification=0.0286, bbox_regression=0.0472, bbox_ctrness=0.5760
epoch 23/50 iter 820/1860 loss=0.6637 mean_loss=0.6692 classification=0.0054, bbox_regression=0.0548, bbox_ctrness=0.6035
epoch 23/50 iter 840/1860 loss=0.6630 mean_loss=0.6691 classification=0.0114, bbox_regression=0.0550, bbox_ctrness=0.5966
epoch 23/50 iter 860/1860 loss=0.6571 mean_loss=0.6695 classification=0.0027, bbox_regression=0.0555, bbox_ctrness=0.5988
epoch 23/50 iter 880/1860 loss=0.6742 mean_loss=0.6697 classification=0.0208, bbox_regression=0.0529, bbox_ctrness=0.6006
epoch 23/50 iter 900/1860 loss=0.6690 mean_loss=0.6698 classification=0.0101, bbox_regression=0.0594, bbox_ctrness=0.5995
epoch 23/50 iter 920/1860 loss=0.6767 mean_loss=0.6699 classification=0.0210, bbox_regression=0.0653, bbox_ctrness=0.5904
epoch 23/50 iter 940/1860 loss=0.6430 mean_loss=0.6699 classification=0.0067, bbox_regression=0.0493, bbox_ctrness=0.5870
epoch 23/50 iter 960/1860 loss=0.6749 mean_loss=0.6702 classification=0.0035, bbox_regression=0.0597, bbox_ctrness=0.6116
epoch 23/50 iter 980/1860 loss=0.6700 mean_loss=0.6703 classification=0.0018, bbox_regression=0.0602, bbox_ctrness=0.6080
epoch 23/50 iter 1000/1860 loss=0.6711 mean_loss=0.6706 classification=0.0237, bbox_regression=0.0530, bbox_ctrness=0.5945
epoch 23/50 iter 1020/1860 loss=0.6891 mean_loss=0.6709 classification=0.0444, bbox_regression=0.0480, bbox_ctrness=0.5967
epoch 23/50 iter 1040/1860 loss=0.6671 mean_loss=0.6710 classification=0.0067, bbox_regression=0.0552, bbox_ctrness=0.6052
epoch 23/50 iter 1060/1860 loss=0.6804 mean_loss=0.6712 classification=0.0101, bbox_regression=0.0609, bbox_ctrness=0.6094
epoch 23/50 iter 1080/1860 loss=0.6783 mean_loss=0.6713 classification=0.0069, bbox_regression=0.0614, bbox_ctrness=0.6100
epoch 23/50 iter 1100/1860 loss=0.7059 mean_loss=0.6714 classification=0.0517, bbox_regression=0.0578, bbox_ctrness=0.5964
epoch 23/50 iter 1120/1860 loss=0.6558 mean_loss=0.6714 classification=0.0109, bbox_regression=0.0505, bbox_ctrness=0.5944
epoch 23/50 iter 1140/1860 loss=0.6914 mean_loss=0.6713 classification=0.0358, bbox_regression=0.0573, bbox_ctrness=0.5982
epoch 23/50 iter 1160/1860 loss=0.6797 mean_loss=0.6715 classification=0.0043, bbox_regression=0.0645, bbox_ctrness=0.6109
epoch 23/50 iter 1180/1860 loss=0.6611 mean_loss=0.6715 classification=0.0034, bbox_regression=0.0451, bbox_ctrness=0.6126
epoch 23/50 iter 1200/1860 loss=0.6755 mean_loss=0.6714 classification=0.0098, bbox_regression=0.0629, bbox_ctrness=0.6028
epoch 23/50 iter 1220/1860 loss=0.6696 mean_loss=0.6713 classification=0.0188, bbox_regression=0.0549, bbox_ctrness=0.5959
epoch 23/50 iter 1240/1860 loss=0.7154 mean_loss=0.6713 classification=0.0362, bbox_regression=0.0813, bbox_ctrness=0.5979
epoch 23/50 iter 1260/1860 loss=0.7037 mean_loss=0.6714 classification=0.0297, bbox_regression=0.0574, bbox_ctrness=0.6167
epoch 23/50 iter 1280/1860 loss=0.6562 mean_loss=0.6715 classification=0.0189, bbox_regression=0.0547, bbox_ctrness=0.5826
epoch 23/50 iter 1300/1860 loss=0.6507 mean_loss=0.6716 classification=0.0155, bbox_regression=0.0435, bbox_ctrness=0.5917
epoch 23/50 iter 1320/1860 loss=0.6872 mean_loss=0.6716 classification=0.0013, bbox_regression=0.0719, bbox_ctrness=0.6140
epoch 23/50 iter 1340/1860 loss=0.6573 mean_loss=0.6715 classification=0.0139, bbox_regression=0.0511, bbox_ctrness=0.5923
epoch 23/50 iter 1360/1860 loss=0.6458 mean_loss=0.6718 classification=0.0041, bbox_regression=0.0458, bbox_ctrness=0.5959
epoch 23/50 iter 1380/1860 loss=0.6820 mean_loss=0.6718 classification=0.0201, bbox_regression=0.0684, bbox_ctrness=0.5935
epoch 23/50 iter 1400/1860 loss=0.6581 mean_loss=0.6717 classification=0.0063, bbox_regression=0.0717, bbox_ctrness=0.5800
epoch 23/50 iter 1420/1860 loss=0.6527 mean_loss=0.6718 classification=0.0033, bbox_regression=0.0482, bbox_ctrness=0.6012
epoch 23/50 iter 1440/1860 loss=0.6824 mean_loss=0.6717 classification=0.0178, bbox_regression=0.0563, bbox_ctrness=0.6084
epoch 23/50 iter 1460/1860 loss=0.6590 mean_loss=0.6717 classification=0.0034, bbox_regression=0.0570, bbox_ctrness=0.5986
epoch 23/50 iter 1480/1860 loss=0.6464 mean_loss=0.6718 classification=0.0035, bbox_regression=0.0516, bbox_ctrness=0.5913
epoch 23/50 iter 1500/1860 loss=0.6670 mean_loss=0.6718 classification=0.0069, bbox_regression=0.0554, bbox_ctrness=0.6047
epoch 23/50 iter 1520/1860 loss=0.6607 mean_loss=0.6719 classification=0.0070, bbox_regression=0.0516, bbox_ctrness=0.6021
epoch 23/50 iter 1540/1860 loss=0.6892 mean_loss=0.6718 classification=0.0331, bbox_regression=0.0475, bbox_ctrness=0.6086
epoch 23/50 iter 1560/1860 loss=0.6941 mean_loss=0.6718 classification=0.0295, bbox_regression=0.0604, bbox_ctrness=0.6043
epoch 23/50 iter 1580/1860 loss=0.6677 mean_loss=0.6718 classification=0.0258, bbox_regression=0.0463, bbox_ctrness=0.5955
epoch 23/50 iter 1600/1860 loss=0.6628 mean_loss=0.6718 classification=0.0071, bbox_regression=0.0766, bbox_ctrness=0.5792
epoch 23/50 iter 1620/1860 loss=0.6684 mean_loss=0.6718 classification=0.0149, bbox_regression=0.0625, bbox_ctrness=0.5910
epoch 23/50 iter 1640/1860 loss=0.6640 mean_loss=0.6717 classification=0.0233, bbox_regression=0.0515, bbox_ctrness=0.5892
epoch 23/50 iter 1660/1860 loss=0.6750 mean_loss=0.6717 classification=0.0319, bbox_regression=0.0531, bbox_ctrness=0.5901
epoch 23/50 iter 1680/1860 loss=0.6639 mean_loss=0.6717 classification=0.0045, bbox_regression=0.0511, bbox_ctrness=0.6084
epoch 23/50 iter 1700/1860 loss=0.6542 mean_loss=0.6716 classification=0.0069, bbox_regression=0.0606, bbox_ctrness=0.5866
epoch 23/50 iter 1720/1860 loss=0.7807 mean_loss=0.6717 classification=0.0763, bbox_regression=0.0846, bbox_ctrness=0.6198
epoch 23/50 iter 1740/1860 loss=0.6416 mean_loss=0.6719 classification=0.0039, bbox_regression=0.0458, bbox_ctrness=0.5919
epoch 23/50 iter 1760/1860 loss=0.6526 mean_loss=0.6719 classification=0.0054, bbox_regression=0.0487, bbox_ctrness=0.5985
epoch 23/50 iter 1780/1860 loss=0.6755 mean_loss=0.6720 classification=0.0277, bbox_regression=0.0595, bbox_ctrness=0.5883
epoch 23/50 iter 1800/1860 loss=0.6560 mean_loss=0.6719 classification=0.0080, bbox_regression=0.0450, bbox_ctrness=0.6029
epoch 23/50 iter 1820/1860 loss=0.6615 mean_loss=0.6719 classification=0.0070, bbox_regression=0.0603, bbox_ctrness=0.5942
epoch 23/50 iter 1840/1860 loss=0.6644 mean_loss=0.6719 classification=0.0028, bbox_regression=0.0532, bbox_ctrness=0.6084
epoch 23/50 iter 1860/1860 loss=0.6687 mean_loss=0.6718 classification=0.0037, bbox_regression=0.0831, bbox_ctrness=0.5819
epoch 23 validation Precision=0.6912 Recall=0.9267 AP50=0.9015 AP75=0.8094 eval_fps=25.24 epoch_time_sec=833.4
saved checkpoint: E:\RepViT-main\runs\v48_complete_ablation\training\ra_static_equal_seed0\weights\last.pt
epoch 24/50 iter 1/1860 loss=0.6780 mean_loss=0.6780 classification=0.0173, bbox_regression=0.0519, bbox_ctrness=0.6088
epoch 24/50 iter 20/1860 loss=0.6882 mean_loss=0.6723 classification=0.0374, bbox_regression=0.0474, bbox_ctrness=0.6034
epoch 24/50 iter 40/1860 loss=0.6669 mean_loss=0.6698 classification=0.0015, bbox_regression=0.0532, bbox_ctrness=0.6121
epoch 24/50 iter 60/1860 loss=0.6612 mean_loss=0.6683 classification=0.0126, bbox_regression=0.0569, bbox_ctrness=0.5916
epoch 24/50 iter 80/1860 loss=0.7066 mean_loss=0.6673 classification=0.0296, bbox_regression=0.0809, bbox_ctrness=0.5961
epoch 24/50 iter 100/1860 loss=0.7021 mean_loss=0.6667 classification=0.0373, bbox_regression=0.0662, bbox_ctrness=0.5986
epoch 24/50 iter 120/1860 loss=0.6680 mean_loss=0.6669 classification=0.0042, bbox_regression=0.0459, bbox_ctrness=0.6179
epoch 24/50 iter 140/1860 loss=0.7388 mean_loss=0.6667 classification=0.0665, bbox_regression=0.0591, bbox_ctrness=0.6132
epoch 24/50 iter 160/1860 loss=0.6730 mean_loss=0.6665 classification=0.0106, bbox_regression=0.0742, bbox_ctrness=0.5882
epoch 24/50 iter 180/1860 loss=0.6659 mean_loss=0.6657 classification=0.0065, bbox_regression=0.0671, bbox_ctrness=0.5922
epoch 24/50 iter 200/1860 loss=0.6497 mean_loss=0.6662 classification=0.0075, bbox_regression=0.0523, bbox_ctrness=0.5898
epoch 24/50 iter 220/1860 loss=0.6377 mean_loss=0.6667 classification=0.0062, bbox_regression=0.0373, bbox_ctrness=0.5943
epoch 24/50 iter 240/1860 loss=0.6747 mean_loss=0.6673 classification=0.0128, bbox_regression=0.0567, bbox_ctrness=0.6052
epoch 24/50 iter 260/1860 loss=0.6371 mean_loss=0.6675 classification=0.0072, bbox_regression=0.0451, bbox_ctrness=0.5848
epoch 24/50 iter 280/1860 loss=0.6557 mean_loss=0.6671 classification=0.0309, bbox_regression=0.0499, bbox_ctrness=0.5750
epoch 24/50 iter 300/1860 loss=0.6516 mean_loss=0.6670 classification=0.0030, bbox_regression=0.0713, bbox_ctrness=0.5773
epoch 24/50 iter 320/1860 loss=0.6702 mean_loss=0.6672 classification=0.0107, bbox_regression=0.0641, bbox_ctrness=0.5954
epoch 24/50 iter 340/1860 loss=0.6571 mean_loss=0.6670 classification=0.0216, bbox_regression=0.0525, bbox_ctrness=0.5830
epoch 24/50 iter 360/1860 loss=0.6933 mean_loss=0.6674 classification=0.0051, bbox_regression=0.0710, bbox_ctrness=0.6172
epoch 24/50 iter 380/1860 loss=0.6625 mean_loss=0.6673 classification=0.0092, bbox_regression=0.0479, bbox_ctrness=0.6055
epoch 24/50 iter 400/1860 loss=0.6588 mean_loss=0.6676 classification=0.0064, bbox_regression=0.0540, bbox_ctrness=0.5984
epoch 24/50 iter 420/1860 loss=0.6499 mean_loss=0.6673 classification=0.0069, bbox_regression=0.0459, bbox_ctrness=0.5971
epoch 24/50 iter 440/1860 loss=0.6357 mean_loss=0.6670 classification=0.0021, bbox_regression=0.0435, bbox_ctrness=0.5901
epoch 24/50 iter 460/1860 loss=0.7204 mean_loss=0.6673 classification=0.0552, bbox_regression=0.0588, bbox_ctrness=0.6063
epoch 24/50 iter 480/1860 loss=0.6749 mean_loss=0.6677 classification=0.0063, bbox_regression=0.0668, bbox_ctrness=0.6018
epoch 24/50 iter 500/1860 loss=0.6498 mean_loss=0.6680 classification=0.0031, bbox_regression=0.0455, bbox_ctrness=0.6012
epoch 24/50 iter 520/1860 loss=0.6478 mean_loss=0.6678 classification=0.0013, bbox_regression=0.0656, bbox_ctrness=0.5809
epoch 24/50 iter 540/1860 loss=0.6673 mean_loss=0.6678 classification=0.0184, bbox_regression=0.0442, bbox_ctrness=0.6047
epoch 24/50 iter 560/1860 loss=0.7106 mean_loss=0.6680 classification=0.0296, bbox_regression=0.0769, bbox_ctrness=0.6041
epoch 24/50 iter 580/1860 loss=0.6833 mean_loss=0.6681 classification=0.0178, bbox_regression=0.0672, bbox_ctrness=0.5983
epoch 24/50 iter 600/1860 loss=0.6646 mean_loss=0.6680 classification=0.0063, bbox_regression=0.0591, bbox_ctrness=0.5992
epoch 24/50 iter 620/1860 loss=0.6662 mean_loss=0.6681 classification=0.0180, bbox_regression=0.0491, bbox_ctrness=0.5991
epoch 24/50 iter 640/1860 loss=0.6499 mean_loss=0.6682 classification=0.0074, bbox_regression=0.0467, bbox_ctrness=0.5958
epoch 24/50 iter 660/1860 loss=0.6630 mean_loss=0.6683 classification=0.0073, bbox_regression=0.0417, bbox_ctrness=0.6140
epoch 24/50 iter 680/1860 loss=0.6773 mean_loss=0.6679 classification=0.0029, bbox_regression=0.0602, bbox_ctrness=0.6142
epoch 24/50 iter 700/1860 loss=0.6721 mean_loss=0.6681 classification=0.0252, bbox_regression=0.0570, bbox_ctrness=0.5900
epoch 24/50 iter 720/1860 loss=0.6551 mean_loss=0.6678 classification=0.0025, bbox_regression=0.0510, bbox_ctrness=0.6016
epoch 24/50 iter 740/1860 loss=0.6623 mean_loss=0.6677 classification=0.0102, bbox_regression=0.0590, bbox_ctrness=0.5931
epoch 24/50 iter 760/1860 loss=0.6889 mean_loss=0.6680 classification=0.0140, bbox_regression=0.0821, bbox_ctrness=0.5928
epoch 24/50 iter 780/1860 loss=0.6841 mean_loss=0.6681 classification=0.0202, bbox_regression=0.0600, bbox_ctrness=0.6040
epoch 24/50 iter 800/1860 loss=0.6474 mean_loss=0.6680 classification=0.0020, bbox_regression=0.0512, bbox_ctrness=0.5942
epoch 24/50 iter 820/1860 loss=0.6422 mean_loss=0.6680 classification=0.0054, bbox_regression=0.0502, bbox_ctrness=0.5867
epoch 24/50 iter 840/1860 loss=0.6703 mean_loss=0.6680 classification=0.0053, bbox_regression=0.0586, bbox_ctrness=0.6064
epoch 24/50 iter 860/1860 loss=0.7056 mean_loss=0.6681 classification=0.0543, bbox_regression=0.0638, bbox_ctrness=0.5874
epoch 24/50 iter 880/1860 loss=0.6603 mean_loss=0.6683 classification=0.0010, bbox_regression=0.0633, bbox_ctrness=0.5960
epoch 24/50 iter 900/1860 loss=0.6713 mean_loss=0.6685 classification=0.0178, bbox_regression=0.0593, bbox_ctrness=0.5942
epoch 24/50 iter 920/1860 loss=0.6742 mean_loss=0.6689 classification=0.0072, bbox_regression=0.0595, bbox_ctrness=0.6075
epoch 24/50 iter 940/1860 loss=0.7100 mean_loss=0.6690 classification=0.0293, bbox_regression=0.0739, bbox_ctrness=0.6068
epoch 24/50 iter 960/1860 loss=0.6865 mean_loss=0.6692 classification=0.0212, bbox_regression=0.0587, bbox_ctrness=0.6066
epoch 24/50 iter 980/1860 loss=0.6748 mean_loss=0.6694 classification=0.0113, bbox_regression=0.0583, bbox_ctrness=0.6052
epoch 24/50 iter 1000/1860 loss=0.6683 mean_loss=0.6694 classification=0.0091, bbox_regression=0.0654, bbox_ctrness=0.5938
epoch 24/50 iter 1020/1860 loss=0.6616 mean_loss=0.6693 classification=0.0063, bbox_regression=0.0465, bbox_ctrness=0.6088
epoch 24/50 iter 1040/1860 loss=0.6731 mean_loss=0.6694 classification=0.0064, bbox_regression=0.0551, bbox_ctrness=0.6116
epoch 24/50 iter 1060/1860 loss=0.6513 mean_loss=0.6695 classification=0.0077, bbox_regression=0.0519, bbox_ctrness=0.5917
epoch 24/50 iter 1080/1860 loss=0.6739 mean_loss=0.6696 classification=0.0107, bbox_regression=0.0582, bbox_ctrness=0.6050
epoch 24/50 iter 1100/1860 loss=0.6759 mean_loss=0.6700 classification=0.0103, bbox_regression=0.0596, bbox_ctrness=0.6060
epoch 24/50 iter 1120/1860 loss=0.6541 mean_loss=0.6699 classification=0.0053, bbox_regression=0.0555, bbox_ctrness=0.5933
epoch 24/50 iter 1140/1860 loss=0.6741 mean_loss=0.6701 classification=0.0093, bbox_regression=0.0627, bbox_ctrness=0.6021
epoch 24/50 iter 1160/1860 loss=0.6670 mean_loss=0.6701 classification=0.0063, bbox_regression=0.0615, bbox_ctrness=0.5991
epoch 24/50 iter 1180/1860 loss=0.6758 mean_loss=0.6702 classification=0.0038, bbox_regression=0.0560, bbox_ctrness=0.6160
epoch 24/50 iter 1200/1860 loss=0.6690 mean_loss=0.6702 classification=0.0104, bbox_regression=0.0608, bbox_ctrness=0.5978
epoch 24/50 iter 1220/1860 loss=0.6714 mean_loss=0.6702 classification=0.0213, bbox_regression=0.0622, bbox_ctrness=0.5879
epoch 24/50 iter 1240/1860 loss=0.6632 mean_loss=0.6702 classification=0.0190, bbox_regression=0.0538, bbox_ctrness=0.5904
epoch 24/50 iter 1260/1860 loss=0.6705 mean_loss=0.6701 classification=0.0145, bbox_regression=0.0483, bbox_ctrness=0.6078
epoch 24/50 iter 1280/1860 loss=0.6234 mean_loss=0.6701 classification=0.0073, bbox_regression=0.0503, bbox_ctrness=0.5658
epoch 24/50 iter 1300/1860 loss=0.6542 mean_loss=0.6699 classification=0.0159, bbox_regression=0.0512, bbox_ctrness=0.5872
epoch 24/50 iter 1320/1860 loss=0.6558 mean_loss=0.6698 classification=0.0041, bbox_regression=0.0444, bbox_ctrness=0.6073
epoch 24/50 iter 1340/1860 loss=0.6729 mean_loss=0.6697 classification=0.0020, bbox_regression=0.0567, bbox_ctrness=0.6142
epoch 24/50 iter 1360/1860 loss=0.6817 mean_loss=0.6697 classification=0.0027, bbox_regression=0.0661, bbox_ctrness=0.6129
epoch 24/50 iter 1380/1860 loss=0.7026 mean_loss=0.6698 classification=0.0141, bbox_regression=0.0848, bbox_ctrness=0.6037
epoch 24/50 iter 1400/1860 loss=0.6616 mean_loss=0.6696 classification=0.0025, bbox_regression=0.0522, bbox_ctrness=0.6069
epoch 24/50 iter 1420/1860 loss=0.6717 mean_loss=0.6695 classification=0.0138, bbox_regression=0.0534, bbox_ctrness=0.6045
epoch 24/50 iter 1440/1860 loss=0.6594 mean_loss=0.6698 classification=0.0204, bbox_regression=0.0528, bbox_ctrness=0.5862
epoch 24/50 iter 1460/1860 loss=0.6603 mean_loss=0.6699 classification=0.0067, bbox_regression=0.0470, bbox_ctrness=0.6067
epoch 24/50 iter 1480/1860 loss=0.6763 mean_loss=0.6698 classification=0.0186, bbox_regression=0.0618, bbox_ctrness=0.5959
epoch 24/50 iter 1500/1860 loss=0.6534 mean_loss=0.6697 classification=0.0080, bbox_regression=0.0496, bbox_ctrness=0.5958
epoch 24/50 iter 1520/1860 loss=0.6891 mean_loss=0.6697 classification=0.0376, bbox_regression=0.0547, bbox_ctrness=0.5968
epoch 24/50 iter 1540/1860 loss=0.6688 mean_loss=0.6699 classification=0.0015, bbox_regression=0.0759, bbox_ctrness=0.5914
epoch 24/50 iter 1560/1860 loss=0.6528 mean_loss=0.6700 classification=0.0136, bbox_regression=0.0494, bbox_ctrness=0.5898
epoch 24/50 iter 1580/1860 loss=0.6917 mean_loss=0.6701 classification=0.0235, bbox_regression=0.0654, bbox_ctrness=0.6028
epoch 24/50 iter 1600/1860 loss=0.6935 mean_loss=0.6701 classification=0.0262, bbox_regression=0.0672, bbox_ctrness=0.6001
epoch 24/50 iter 1620/1860 loss=0.6514 mean_loss=0.6701 classification=0.0080, bbox_regression=0.0591, bbox_ctrness=0.5844
epoch 24/50 iter 1640/1860 loss=0.6484 mean_loss=0.6701 classification=0.0016, bbox_regression=0.0418, bbox_ctrness=0.6049
epoch 24/50 iter 1660/1860 loss=0.6796 mean_loss=0.6701 classification=0.0193, bbox_regression=0.0700, bbox_ctrness=0.5903
epoch 24/50 iter 1680/1860 loss=0.6658 mean_loss=0.6702 classification=0.0100, bbox_regression=0.0461, bbox_ctrness=0.6097
epoch 24/50 iter 1700/1860 loss=0.6652 mean_loss=0.6703 classification=0.0089, bbox_regression=0.0648, bbox_ctrness=0.5916
epoch 24/50 iter 1720/1860 loss=0.6710 mean_loss=0.6703 classification=0.0112, bbox_regression=0.0597, bbox_ctrness=0.6001
epoch 24/50 iter 1740/1860 loss=0.6515 mean_loss=0.6702 classification=0.0023, bbox_regression=0.0551, bbox_ctrness=0.5941
epoch 24/50 iter 1760/1860 loss=0.6592 mean_loss=0.6700 classification=0.0101, bbox_regression=0.0485, bbox_ctrness=0.6005
epoch 24/50 iter 1780/1860 loss=0.6767 mean_loss=0.6700 classification=0.0121, bbox_regression=0.0680, bbox_ctrness=0.5966
epoch 24/50 iter 1800/1860 loss=0.6571 mean_loss=0.6700 classification=0.0041, bbox_regression=0.0594, bbox_ctrness=0.5936
epoch 24/50 iter 1820/1860 loss=0.6462 mean_loss=0.6700 classification=0.0064, bbox_regression=0.0438, bbox_ctrness=0.5960
epoch 24/50 iter 1840/1860 loss=0.6552 mean_loss=0.6699 classification=0.0080, bbox_regression=0.0457, bbox_ctrness=0.6015
epoch 24/50 iter 1860/1860 loss=0.6891 mean_loss=0.6699 classification=0.0442, bbox_regression=0.0643, bbox_ctrness=0.5806
epoch 24 validation Precision=0.6884 Recall=0.9245 AP50=0.8977 AP75=0.8063 eval_fps=25.26 epoch_time_sec=835.1
saved checkpoint: E:\RepViT-main\runs\v48_complete_ablation\training\ra_static_equal_seed0\weights\last.pt
epoch 25/50 iter 1/1860 loss=0.6625 mean_loss=0.6625 classification=0.0033, bbox_regression=0.0579, bbox_ctrness=0.6013
epoch 25/50 iter 20/1860 loss=0.6614 mean_loss=0.6718 classification=0.0023, bbox_regression=0.0558, bbox_ctrness=0.6033
epoch 25/50 iter 40/1860 loss=0.6931 mean_loss=0.6702 classification=0.0267, bbox_regression=0.0522, bbox_ctrness=0.6142
epoch 25/50 iter 60/1860 loss=0.6590 mean_loss=0.6696 classification=0.0117, bbox_regression=0.0571, bbox_ctrness=0.5902
epoch 25/50 iter 80/1860 loss=0.6661 mean_loss=0.6663 classification=0.0043, bbox_regression=0.0550, bbox_ctrness=0.6068
epoch 25/50 iter 100/1860 loss=0.6486 mean_loss=0.6646 classification=0.0025, bbox_regression=0.0439, bbox_ctrness=0.6022
epoch 25/50 iter 120/1860 loss=0.6418 mean_loss=0.6632 classification=0.0080, bbox_regression=0.0531, bbox_ctrness=0.5807
epoch 25/50 iter 140/1860 loss=0.6565 mean_loss=0.6633 classification=0.0071, bbox_regression=0.0570, bbox_ctrness=0.5924
epoch 25/50 iter 160/1860 loss=0.6666 mean_loss=0.6637 classification=0.0400, bbox_regression=0.0374, bbox_ctrness=0.5892
epoch 25/50 iter 180/1860 loss=0.7024 mean_loss=0.6656 classification=0.0302, bbox_regression=0.0748, bbox_ctrness=0.5973
epoch 25/50 iter 200/1860 loss=0.6380 mean_loss=0.6664 classification=0.0098, bbox_regression=0.0455, bbox_ctrness=0.5827
epoch 25/50 iter 220/1860 loss=0.6777 mean_loss=0.6675 classification=0.0157, bbox_regression=0.0591, bbox_ctrness=0.6029
epoch 25/50 iter 240/1860 loss=0.6642 mean_loss=0.6672 classification=0.0161, bbox_regression=0.0551, bbox_ctrness=0.5929
epoch 25/50 iter 260/1860 loss=0.6725 mean_loss=0.6670 classification=0.0084, bbox_regression=0.0532, bbox_ctrness=0.6109
epoch 25/50 iter 280/1860 loss=0.6470 mean_loss=0.6668 classification=0.0028, bbox_regression=0.0443, bbox_ctrness=0.5999
epoch 25/50 iter 300/1860 loss=0.6579 mean_loss=0.6663 classification=0.0064, bbox_regression=0.0623, bbox_ctrness=0.5892
epoch 25/50 iter 320/1860 loss=0.6616 mean_loss=0.6663 classification=0.0100, bbox_regression=0.0584, bbox_ctrness=0.5931
epoch 25/50 iter 340/1860 loss=0.6607 mean_loss=0.6664 classification=0.0054, bbox_regression=0.0475, bbox_ctrness=0.6078
epoch 25/50 iter 360/1860 loss=0.6511 mean_loss=0.6669 classification=0.0054, bbox_regression=0.0521, bbox_ctrness=0.5935
epoch 25/50 iter 380/1860 loss=0.6888 mean_loss=0.6677 classification=0.0214, bbox_regression=0.0631, bbox_ctrness=0.6043
epoch 25/50 iter 400/1860 loss=0.6706 mean_loss=0.6678 classification=0.0071, bbox_regression=0.0508, bbox_ctrness=0.6127
epoch 25/50 iter 420/1860 loss=0.6686 mean_loss=0.6679 classification=0.0034, bbox_regression=0.0532, bbox_ctrness=0.6119
epoch 25/50 iter 440/1860 loss=0.7105 mean_loss=0.6678 classification=0.0277, bbox_regression=0.0708, bbox_ctrness=0.6119
epoch 25/50 iter 460/1860 loss=0.6481 mean_loss=0.6676 classification=0.0007, bbox_regression=0.0484, bbox_ctrness=0.5990
epoch 25/50 iter 480/1860 loss=0.6627 mean_loss=0.6681 classification=0.0096, bbox_regression=0.0517, bbox_ctrness=0.6014
epoch 25/50 iter 500/1860 loss=0.6948 mean_loss=0.6686 classification=0.0209, bbox_regression=0.0725, bbox_ctrness=0.6014
epoch 25/50 iter 520/1860 loss=0.6393 mean_loss=0.6686 classification=0.0012, bbox_regression=0.0469, bbox_ctrness=0.5911
epoch 25/50 iter 540/1860 loss=0.6935 mean_loss=0.6687 classification=0.0044, bbox_regression=0.0776, bbox_ctrness=0.6115
epoch 25/50 iter 560/1860 loss=0.6705 mean_loss=0.6687 classification=0.0107, bbox_regression=0.0625, bbox_ctrness=0.5973
epoch 25/50 iter 580/1860 loss=0.6926 mean_loss=0.6687 classification=0.0135, bbox_regression=0.0820, bbox_ctrness=0.5971
epoch 25/50 iter 600/1860 loss=0.6474 mean_loss=0.6686 classification=0.0210, bbox_regression=0.0384, bbox_ctrness=0.5879
epoch 25/50 iter 620/1860 loss=0.6622 mean_loss=0.6685 classification=0.0111, bbox_regression=0.0560, bbox_ctrness=0.5951
epoch 25/50 iter 640/1860 loss=0.6663 mean_loss=0.6684 classification=0.0058, bbox_regression=0.0403, bbox_ctrness=0.6202
epoch 25/50 iter 660/1860 loss=0.6635 mean_loss=0.6683 classification=0.0065, bbox_regression=0.0512, bbox_ctrness=0.6058
epoch 25/50 iter 680/1860 loss=0.6635 mean_loss=0.6685 classification=0.0098, bbox_regression=0.0524, bbox_ctrness=0.6013
epoch 25/50 iter 700/1860 loss=0.6858 mean_loss=0.6685 classification=0.0021, bbox_regression=0.0558, bbox_ctrness=0.6278
epoch 25/50 iter 720/1860 loss=0.6509 mean_loss=0.6682 classification=0.0010, bbox_regression=0.0482, bbox_ctrness=0.6017
epoch 25/50 iter 740/1860 loss=0.6658 mean_loss=0.6680 classification=0.0115, bbox_regression=0.0530, bbox_ctrness=0.6014
epoch 25/50 iter 760/1860 loss=0.6604 mean_loss=0.6677 classification=0.0114, bbox_regression=0.0550, bbox_ctrness=0.5940
epoch 25/50 iter 780/1860 loss=0.6831 mean_loss=0.6675 classification=0.0087, bbox_regression=0.0665, bbox_ctrness=0.6078
epoch 25/50 iter 800/1860 loss=0.6395 mean_loss=0.6676 classification=0.0004, bbox_regression=0.0356, bbox_ctrness=0.6035
epoch 25/50 iter 820/1860 loss=0.6752 mean_loss=0.6675 classification=0.0164, bbox_regression=0.0513, bbox_ctrness=0.6075
epoch 25/50 iter 840/1860 loss=0.6630 mean_loss=0.6676 classification=0.0028, bbox_regression=0.0638, bbox_ctrness=0.5963
epoch 25/50 iter 860/1860 loss=0.6699 mean_loss=0.6676 classification=0.0040, bbox_regression=0.0604, bbox_ctrness=0.6055
epoch 25/50 iter 880/1860 loss=0.6437 mean_loss=0.6674 classification=0.0011, bbox_regression=0.0522, bbox_ctrness=0.5905
epoch 25/50 iter 900/1860 loss=0.6296 mean_loss=0.6673 classification=0.0077, bbox_regression=0.0376, bbox_ctrness=0.5843
epoch 25/50 iter 920/1860 loss=0.6672 mean_loss=0.6674 classification=0.0179, bbox_regression=0.0461, bbox_ctrness=0.6032
epoch 25/50 iter 940/1860 loss=0.6687 mean_loss=0.6673 classification=0.0332, bbox_regression=0.0435, bbox_ctrness=0.5920
epoch 25/50 iter 960/1860 loss=0.6685 mean_loss=0.6674 classification=0.0206, bbox_regression=0.0578, bbox_ctrness=0.5902
epoch 25/50 iter 980/1860 loss=0.7196 mean_loss=0.6675 classification=0.0155, bbox_regression=0.0941, bbox_ctrness=0.6100
epoch 25/50 iter 1000/1860 loss=0.7105 mean_loss=0.6676 classification=0.0694, bbox_regression=0.0479, bbox_ctrness=0.5932
epoch 25/50 iter 1020/1860 loss=0.6885 mean_loss=0.6676 classification=0.0078, bbox_regression=0.0596, bbox_ctrness=0.6211
epoch 25/50 iter 1040/1860 loss=0.6587 mean_loss=0.6678 classification=0.0114, bbox_regression=0.0608, bbox_ctrness=0.5865
epoch 25/50 iter 1060/1860 loss=0.6581 mean_loss=0.6678 classification=0.0100, bbox_regression=0.0481, bbox_ctrness=0.5999
epoch 25/50 iter 1080/1860 loss=0.6688 mean_loss=0.6677 classification=0.0031, bbox_regression=0.0483, bbox_ctrness=0.6174
epoch 25/50 iter 1100/1860 loss=0.6490 mean_loss=0.6680 classification=0.0084, bbox_regression=0.0558, bbox_ctrness=0.5848
epoch 25/50 iter 1120/1860 loss=0.6802 mean_loss=0.6679 classification=0.0209, bbox_regression=0.0679, bbox_ctrness=0.5914
epoch 25/50 iter 1140/1860 loss=0.6629 mean_loss=0.6681 classification=0.0058, bbox_regression=0.0444, bbox_ctrness=0.6127
epoch 25/50 iter 1160/1860 loss=0.6955 mean_loss=0.6681 classification=0.0358, bbox_regression=0.0588, bbox_ctrness=0.6010
epoch 25/50 iter 1180/1860 loss=0.6906 mean_loss=0.6680 classification=0.0036, bbox_regression=0.0581, bbox_ctrness=0.6290
epoch 25/50 iter 1200/1860 loss=0.6861 mean_loss=0.6681 classification=0.0050, bbox_regression=0.0618, bbox_ctrness=0.6193
epoch 25/50 iter 1220/1860 loss=0.6573 mean_loss=0.6679 classification=0.0040, bbox_regression=0.0448, bbox_ctrness=0.6084
epoch 25/50 iter 1240/1860 loss=0.6417 mean_loss=0.6679 classification=0.0054, bbox_regression=0.0510, bbox_ctrness=0.5852
epoch 25/50 iter 1260/1860 loss=0.6761 mean_loss=0.6679 classification=0.0036, bbox_regression=0.0824, bbox_ctrness=0.5901
epoch 25/50 iter 1280/1860 loss=0.7007 mean_loss=0.6680 classification=0.0284, bbox_regression=0.0640, bbox_ctrness=0.6084
epoch 25/50 iter 1300/1860 loss=0.6506 mean_loss=0.6681 classification=0.0049, bbox_regression=0.0365, bbox_ctrness=0.6091
epoch 25/50 iter 1320/1860 loss=0.6446 mean_loss=0.6680 classification=0.0072, bbox_regression=0.0557, bbox_ctrness=0.5817
epoch 25/50 iter 1340/1860 loss=0.6800 mean_loss=0.6680 classification=0.0006, bbox_regression=0.0445, bbox_ctrness=0.6348
epoch 25/50 iter 1360/1860 loss=0.7161 mean_loss=0.6680 classification=0.0017, bbox_regression=0.0945, bbox_ctrness=0.6199
epoch 25/50 iter 1380/1860 loss=0.6745 mean_loss=0.6681 classification=0.0122, bbox_regression=0.0548, bbox_ctrness=0.6075
epoch 25/50 iter 1400/1860 loss=0.6696 mean_loss=0.6679 classification=0.0223, bbox_regression=0.0534, bbox_ctrness=0.5938
epoch 25/50 iter 1420/1860 loss=0.6710 mean_loss=0.6679 classification=0.0053, bbox_regression=0.0569, bbox_ctrness=0.6088
epoch 25/50 iter 1440/1860 loss=0.6462 mean_loss=0.6678 classification=0.0039, bbox_regression=0.0473, bbox_ctrness=0.5949
epoch 25/50 iter 1460/1860 loss=0.6733 mean_loss=0.6677 classification=0.0286, bbox_regression=0.0637, bbox_ctrness=0.5810
epoch 25/50 iter 1480/1860 loss=0.6894 mean_loss=0.6677 classification=0.0057, bbox_regression=0.0823, bbox_ctrness=0.6014
epoch 25/50 iter 1500/1860 loss=0.6621 mean_loss=0.6677 classification=0.0059, bbox_regression=0.0528, bbox_ctrness=0.6034
epoch 25/50 iter 1520/1860 loss=0.6596 mean_loss=0.6678 classification=0.0174, bbox_regression=0.0504, bbox_ctrness=0.5917
epoch 25/50 iter 1540/1860 loss=0.6821 mean_loss=0.6679 classification=0.0080, bbox_regression=0.0678, bbox_ctrness=0.6063
epoch 25/50 iter 1560/1860 loss=0.7008 mean_loss=0.6679 classification=0.0283, bbox_regression=0.0674, bbox_ctrness=0.6051
epoch 25/50 iter 1580/1860 loss=0.6449 mean_loss=0.6679 classification=0.0010, bbox_regression=0.0521, bbox_ctrness=0.5917
epoch 25/50 iter 1600/1860 loss=0.6387 mean_loss=0.6678 classification=0.0020, bbox_regression=0.0423, bbox_ctrness=0.5945
epoch 25/50 iter 1620/1860 loss=0.6721 mean_loss=0.6678 classification=0.0077, bbox_regression=0.0582, bbox_ctrness=0.6062
epoch 25/50 iter 1640/1860 loss=0.7586 mean_loss=0.6681 classification=0.0674, bbox_regression=0.0946, bbox_ctrness=0.5967
epoch 25/50 iter 1660/1860 loss=0.6702 mean_loss=0.6683 classification=0.0040, bbox_regression=0.0556, bbox_ctrness=0.6106
epoch 25/50 iter 1680/1860 loss=0.7223 mean_loss=0.6684 classification=0.0357, bbox_regression=0.1133, bbox_ctrness=0.5734
epoch 25/50 iter 1700/1860 loss=0.6630 mean_loss=0.6684 classification=0.0056, bbox_regression=0.0493, bbox_ctrness=0.6081
epoch 25/50 iter 1720/1860 loss=0.6353 mean_loss=0.6683 classification=0.0089, bbox_regression=0.0413, bbox_ctrness=0.5852
epoch 25/50 iter 1740/1860 loss=0.6711 mean_loss=0.6682 classification=0.0064, bbox_regression=0.0546, bbox_ctrness=0.6100
epoch 25/50 iter 1760/1860 loss=0.6634 mean_loss=0.6682 classification=0.0039, bbox_regression=0.0548, bbox_ctrness=0.6047
epoch 25/50 iter 1780/1860 loss=0.7157 mean_loss=0.6683 classification=0.0535, bbox_regression=0.0645, bbox_ctrness=0.5976
epoch 25/50 iter 1800/1860 loss=0.6750 mean_loss=0.6683 classification=0.0048, bbox_regression=0.0654, bbox_ctrness=0.6049
epoch 25/50 iter 1820/1860 loss=0.6469 mean_loss=0.6683 classification=0.0019, bbox_regression=0.0506, bbox_ctrness=0.5944
epoch 25/50 iter 1840/1860 loss=0.6386 mean_loss=0.6684 classification=0.0063, bbox_regression=0.0407, bbox_ctrness=0.5916
epoch 25/50 iter 1860/1860 loss=0.7187 mean_loss=0.6684 classification=0.0283, bbox_regression=0.0818, bbox_ctrness=0.6086
epoch 25 validation Precision=0.6231 Recall=0.9427 AP50=0.9119 AP75=0.8130 eval_fps=25.13 epoch_time_sec=835.4
saved checkpoint: E:\RepViT-main\runs\v48_complete_ablation\training\ra_static_equal_seed0\weights\last.pt
epoch 26/50 iter 1/1860 loss=0.6607 mean_loss=0.6607 classification=0.0141, bbox_regression=0.0561, bbox_ctrness=0.5905
epoch 26/50 iter 20/1860 loss=0.6661 mean_loss=0.6635 classification=0.0206, bbox_regression=0.0584, bbox_ctrness=0.5871
epoch 26/50 iter 40/1860 loss=0.7308 mean_loss=0.6687 classification=0.1080, bbox_regression=0.0499, bbox_ctrness=0.5729
epoch 26/50 iter 60/1860 loss=0.6616 mean_loss=0.6686 classification=0.0092, bbox_regression=0.0466, bbox_ctrness=0.6058
epoch 26/50 iter 80/1860 loss=0.6824 mean_loss=0.6661 classification=0.0203, bbox_regression=0.0512, bbox_ctrness=0.6109
epoch 26/50 iter 100/1860 loss=0.6521 mean_loss=0.6652 classification=0.0083, bbox_regression=0.0424, bbox_ctrness=0.6015
epoch 26/50 iter 120/1860 loss=0.6681 mean_loss=0.6645 classification=0.0087, bbox_regression=0.0522, bbox_ctrness=0.6072
epoch 26/50 iter 140/1860 loss=0.6555 mean_loss=0.6641 classification=0.0002, bbox_regression=0.0420, bbox_ctrness=0.6133
epoch 26/50 iter 160/1860 loss=0.6661 mean_loss=0.6656 classification=0.0178, bbox_regression=0.0581, bbox_ctrness=0.5902
epoch 26/50 iter 180/1860 loss=0.6381 mean_loss=0.6652 classification=0.0024, bbox_regression=0.0434, bbox_ctrness=0.5923
epoch 26/50 iter 200/1860 loss=0.6689 mean_loss=0.6650 classification=0.0111, bbox_regression=0.0526, bbox_ctrness=0.6052
epoch 26/50 iter 220/1860 loss=0.6638 mean_loss=0.6647 classification=0.0072, bbox_regression=0.0482, bbox_ctrness=0.6085
epoch 26/50 iter 240/1860 loss=0.6301 mean_loss=0.6647 classification=0.0021, bbox_regression=0.0487, bbox_ctrness=0.5793
epoch 26/50 iter 260/1860 loss=0.6582 mean_loss=0.6643 classification=0.0029, bbox_regression=0.0458, bbox_ctrness=0.6095
epoch 26/50 iter 280/1860 loss=0.6561 mean_loss=0.6647 classification=0.0071, bbox_regression=0.0514, bbox_ctrness=0.5976
epoch 26/50 iter 300/1860 loss=0.6570 mean_loss=0.6646 classification=0.0059, bbox_regression=0.0545, bbox_ctrness=0.5967
epoch 26/50 iter 320/1860 loss=0.6466 mean_loss=0.6646 classification=0.0021, bbox_regression=0.0606, bbox_ctrness=0.5840
epoch 26/50 iter 340/1860 loss=0.7245 mean_loss=0.6646 classification=0.0335, bbox_regression=0.0681, bbox_ctrness=0.6228
epoch 26/50 iter 360/1860 loss=0.6743 mean_loss=0.6647 classification=0.0120, bbox_regression=0.0561, bbox_ctrness=0.6062
epoch 26/50 iter 380/1860 loss=0.6675 mean_loss=0.6650 classification=0.0238, bbox_regression=0.0430, bbox_ctrness=0.6006
epoch 26/50 iter 400/1860 loss=0.6743 mean_loss=0.6649 classification=0.0044, bbox_regression=0.0492, bbox_ctrness=0.6207
epoch 26/50 iter 420/1860 loss=0.6617 mean_loss=0.6660 classification=0.0223, bbox_regression=0.0411, bbox_ctrness=0.5984
epoch 26/50 iter 440/1860 loss=0.6634 mean_loss=0.6660 classification=0.0116, bbox_regression=0.0639, bbox_ctrness=0.5879
epoch 26/50 iter 460/1860 loss=0.6572 mean_loss=0.6659 classification=0.0063, bbox_regression=0.0480, bbox_ctrness=0.6029
epoch 26/50 iter 480/1860 loss=0.6746 mean_loss=0.6657 classification=0.0093, bbox_regression=0.0522, bbox_ctrness=0.6131
epoch 26/50 iter 500/1860 loss=0.6493 mean_loss=0.6655 classification=0.0009, bbox_regression=0.0485, bbox_ctrness=0.5999
epoch 26/50 iter 520/1860 loss=0.6227 mean_loss=0.6655 classification=0.0052, bbox_regression=0.0447, bbox_ctrness=0.5728
epoch 26/50 iter 540/1860 loss=0.6524 mean_loss=0.6658 classification=0.0016, bbox_regression=0.0543, bbox_ctrness=0.5965
epoch 26/50 iter 560/1860 loss=0.6605 mean_loss=0.6659 classification=0.0024, bbox_regression=0.0660, bbox_ctrness=0.5922
epoch 26/50 iter 580/1860 loss=0.6649 mean_loss=0.6666 classification=0.0012, bbox_regression=0.0548, bbox_ctrness=0.6089
epoch 26/50 iter 600/1860 loss=0.6556 mean_loss=0.6666 classification=0.0094, bbox_regression=0.0502, bbox_ctrness=0.5959
epoch 26/50 iter 620/1860 loss=0.6477 mean_loss=0.6665 classification=0.0173, bbox_regression=0.0398, bbox_ctrness=0.5906
epoch 26/50 iter 640/1860 loss=0.6660 mean_loss=0.6663 classification=0.0031, bbox_regression=0.0675, bbox_ctrness=0.5954
epoch 26/50 iter 660/1860 loss=0.6646 mean_loss=0.6662 classification=0.0040, bbox_regression=0.0571, bbox_ctrness=0.6035
epoch 26/50 iter 680/1860 loss=0.6762 mean_loss=0.6664 classification=0.0185, bbox_regression=0.0603, bbox_ctrness=0.5975
epoch 26/50 iter 700/1860 loss=0.6940 mean_loss=0.6663 classification=0.0013, bbox_regression=0.0751, bbox_ctrness=0.6176
epoch 26/50 iter 720/1860 loss=0.6687 mean_loss=0.6661 classification=0.0186, bbox_regression=0.0420, bbox_ctrness=0.6081
epoch 26/50 iter 740/1860 loss=0.6399 mean_loss=0.6663 classification=0.0035, bbox_regression=0.0487, bbox_ctrness=0.5877
epoch 26/50 iter 760/1860 loss=0.6661 mean_loss=0.6662 classification=0.0049, bbox_regression=0.0650, bbox_ctrness=0.5963
epoch 26/50 iter 780/1860 loss=0.6629 mean_loss=0.6659 classification=0.0093, bbox_regression=0.0598, bbox_ctrness=0.5938
epoch 26/50 iter 800/1860 loss=0.6362 mean_loss=0.6658 classification=0.0014, bbox_regression=0.0499, bbox_ctrness=0.5849
epoch 26/50 iter 820/1860 loss=0.6744 mean_loss=0.6661 classification=0.0212, bbox_regression=0.0653, bbox_ctrness=0.5879
epoch 26/50 iter 840/1860 loss=0.6615 mean_loss=0.6666 classification=0.0070, bbox_regression=0.0457, bbox_ctrness=0.6089
epoch 26/50 iter 860/1860 loss=0.6621 mean_loss=0.6669 classification=0.0099, bbox_regression=0.0505, bbox_ctrness=0.6017
epoch 26/50 iter 880/1860 loss=0.6755 mean_loss=0.6668 classification=0.0108, bbox_regression=0.0629, bbox_ctrness=0.6019
epoch 26/50 iter 900/1860 loss=0.7038 mean_loss=0.6668 classification=0.0579, bbox_regression=0.0554, bbox_ctrness=0.5906
epoch 26/50 iter 920/1860 loss=0.6633 mean_loss=0.6666 classification=0.0128, bbox_regression=0.0470, bbox_ctrness=0.6034
epoch 26/50 iter 940/1860 loss=0.6713 mean_loss=0.6664 classification=0.0160, bbox_regression=0.0543, bbox_ctrness=0.6010
epoch 26/50 iter 960/1860 loss=0.6614 mean_loss=0.6662 classification=0.0004, bbox_regression=0.0607, bbox_ctrness=0.6003
epoch 26/50 iter 980/1860 loss=0.6597 mean_loss=0.6661 classification=0.0127, bbox_regression=0.0423, bbox_ctrness=0.6046
epoch 26/50 iter 1000/1860 loss=0.6534 mean_loss=0.6661 classification=0.0120, bbox_regression=0.0469, bbox_ctrness=0.5945
epoch 26/50 iter 1020/1860 loss=0.6676 mean_loss=0.6664 classification=0.0038, bbox_regression=0.0562, bbox_ctrness=0.6076
epoch 26/50 iter 1040/1860 loss=0.6580 mean_loss=0.6664 classification=0.0169, bbox_regression=0.0534, bbox_ctrness=0.5877
epoch 26/50 iter 1060/1860 loss=0.6644 mean_loss=0.6664 classification=0.0066, bbox_regression=0.0556, bbox_ctrness=0.6021
epoch 26/50 iter 1080/1860 loss=0.6911 mean_loss=0.6663 classification=0.0083, bbox_regression=0.0734, bbox_ctrness=0.6094
epoch 26/50 iter 1100/1860 loss=0.6634 mean_loss=0.6662 classification=0.0126, bbox_regression=0.0492, bbox_ctrness=0.6016
epoch 26/50 iter 1120/1860 loss=0.6586 mean_loss=0.6662 classification=0.0020, bbox_regression=0.0565, bbox_ctrness=0.6001
epoch 26/50 iter 1140/1860 loss=0.6630 mean_loss=0.6663 classification=0.0038, bbox_regression=0.0583, bbox_ctrness=0.6009
epoch 26/50 iter 1160/1860 loss=0.6318 mean_loss=0.6661 classification=0.0116, bbox_regression=0.0355, bbox_ctrness=0.5846
epoch 26/50 iter 1180/1860 loss=0.6487 mean_loss=0.6660 classification=0.0099, bbox_regression=0.0519, bbox_ctrness=0.5869
epoch 26/50 iter 1200/1860 loss=0.6383 mean_loss=0.6661 classification=0.0062, bbox_regression=0.0373, bbox_ctrness=0.5948
epoch 26/50 iter 1220/1860 loss=0.6584 mean_loss=0.6662 classification=0.0161, bbox_regression=0.0633, bbox_ctrness=0.5790
epoch 26/50 iter 1240/1860 loss=0.6522 mean_loss=0.6662 classification=0.0194, bbox_regression=0.0484, bbox_ctrness=0.5844
epoch 26/50 iter 1260/1860 loss=0.6567 mean_loss=0.6663 classification=0.0014, bbox_regression=0.0430, bbox_ctrness=0.6123
epoch 26/50 iter 1280/1860 loss=0.6919 mean_loss=0.6662 classification=0.0186, bbox_regression=0.0681, bbox_ctrness=0.6051
epoch 26/50 iter 1300/1860 loss=0.6898 mean_loss=0.6661 classification=0.0229, bbox_regression=0.0596, bbox_ctrness=0.6072
epoch 26/50 iter 1320/1860 loss=0.6317 mean_loss=0.6661 classification=0.0082, bbox_regression=0.0480, bbox_ctrness=0.5755
epoch 26/50 iter 1340/1860 loss=0.6777 mean_loss=0.6660 classification=0.0167, bbox_regression=0.0666, bbox_ctrness=0.5945
epoch 26/50 iter 1360/1860 loss=0.6967 mean_loss=0.6661 classification=0.0386, bbox_regression=0.0583, bbox_ctrness=0.5998
epoch 26/50 iter 1380/1860 loss=0.6773 mean_loss=0.6662 classification=0.0175, bbox_regression=0.0670, bbox_ctrness=0.5927
epoch 26/50 iter 1400/1860 loss=0.6647 mean_loss=0.6663 classification=0.0087, bbox_regression=0.0567, bbox_ctrness=0.5993
epoch 26/50 iter 1420/1860 loss=0.6788 mean_loss=0.6662 classification=0.0114, bbox_regression=0.0559, bbox_ctrness=0.6115
epoch 26/50 iter 1440/1860 loss=0.6709 mean_loss=0.6664 classification=0.0248, bbox_regression=0.0600, bbox_ctrness=0.5861
epoch 26/50 iter 1460/1860 loss=0.6927 mean_loss=0.6664 classification=0.0177, bbox_regression=0.0676, bbox_ctrness=0.6073
epoch 26/50 iter 1480/1860 loss=0.6483 mean_loss=0.6665 classification=0.0082, bbox_regression=0.0416, bbox_ctrness=0.5985
epoch 26/50 iter 1500/1860 loss=0.6549 mean_loss=0.6665 classification=0.0066, bbox_regression=0.0643, bbox_ctrness=0.5840
epoch 26/50 iter 1520/1860 loss=0.6720 mean_loss=0.6665 classification=0.0082, bbox_regression=0.0558, bbox_ctrness=0.6079
epoch 26/50 iter 1540/1860 loss=0.6596 mean_loss=0.6665 classification=0.0034, bbox_regression=0.0510, bbox_ctrness=0.6052
epoch 26/50 iter 1560/1860 loss=0.6582 mean_loss=0.6664 classification=0.0006, bbox_regression=0.0404, bbox_ctrness=0.6173
epoch 26/50 iter 1580/1860 loss=0.6401 mean_loss=0.6662 classification=0.0043, bbox_regression=0.0427, bbox_ctrness=0.5932
epoch 26/50 iter 1600/1860 loss=0.6497 mean_loss=0.6662 classification=0.0040, bbox_regression=0.0514, bbox_ctrness=0.5943
epoch 26/50 iter 1620/1860 loss=0.7146 mean_loss=0.6663 classification=0.0203, bbox_regression=0.0723, bbox_ctrness=0.6220
epoch 26/50 iter 1640/1860 loss=0.6660 mean_loss=0.6664 classification=0.0147, bbox_regression=0.0521, bbox_ctrness=0.5992
epoch 26/50 iter 1660/1860 loss=0.6803 mean_loss=0.6664 classification=0.0010, bbox_regression=0.0579, bbox_ctrness=0.6213
epoch 26/50 iter 1680/1860 loss=0.6394 mean_loss=0.6663 classification=0.0029, bbox_regression=0.0415, bbox_ctrness=0.5950
epoch 26/50 iter 1700/1860 loss=0.6559 mean_loss=0.6663 classification=0.0093, bbox_regression=0.0571, bbox_ctrness=0.5895
epoch 26/50 iter 1720/1860 loss=0.6664 mean_loss=0.6662 classification=0.0083, bbox_regression=0.0573, bbox_ctrness=0.6007
epoch 26/50 iter 1740/1860 loss=0.6648 mean_loss=0.6663 classification=0.0063, bbox_regression=0.0486, bbox_ctrness=0.6100
epoch 26/50 iter 1760/1860 loss=0.6659 mean_loss=0.6663 classification=0.0097, bbox_regression=0.0528, bbox_ctrness=0.6034
epoch 26/50 iter 1780/1860 loss=0.6531 mean_loss=0.6663 classification=0.0149, bbox_regression=0.0571, bbox_ctrness=0.5811
epoch 26/50 iter 1800/1860 loss=0.6525 mean_loss=0.6664 classification=0.0045, bbox_regression=0.0512, bbox_ctrness=0.5969
epoch 26/50 iter 1820/1860 loss=0.6198 mean_loss=0.6664 classification=0.0060, bbox_regression=0.0358, bbox_ctrness=0.5781
epoch 26/50 iter 1840/1860 loss=0.6579 mean_loss=0.6664 classification=0.0095, bbox_regression=0.0452, bbox_ctrness=0.6031
epoch 26/50 iter 1860/1860 loss=0.6644 mean_loss=0.6664 classification=0.0048, bbox_regression=0.0646, bbox_ctrness=0.5950
epoch 26 validation Precision=0.6483 Recall=0.9339 AP50=0.9045 AP75=0.8190 eval_fps=25.22 epoch_time_sec=834.8
saved checkpoint: E:\RepViT-main\runs\v48_complete_ablation\training\ra_static_equal_seed0\weights\last.pt
epoch 27/50 iter 1/1860 loss=0.6759 mean_loss=0.6759 classification=0.0031, bbox_regression=0.0648, bbox_ctrness=0.6081
epoch 27/50 iter 20/1860 loss=0.6515 mean_loss=0.6601 classification=0.0035, bbox_regression=0.0429, bbox_ctrness=0.6051
epoch 27/50 iter 40/1860 loss=0.6941 mean_loss=0.6704 classification=0.0227, bbox_regression=0.0687, bbox_ctrness=0.6027
epoch 27/50 iter 60/1860 loss=0.6636 mean_loss=0.6703 classification=0.0085, bbox_regression=0.0521, bbox_ctrness=0.6030
epoch 27/50 iter 80/1860 loss=0.6384 mean_loss=0.6705 classification=0.0024, bbox_regression=0.0506, bbox_ctrness=0.5853
epoch 27/50 iter 100/1860 loss=0.6649 mean_loss=0.6700 classification=0.0025, bbox_regression=0.0541, bbox_ctrness=0.6083
epoch 27/50 iter 120/1860 loss=0.6693 mean_loss=0.6685 classification=0.0022, bbox_regression=0.0613, bbox_ctrness=0.6058
epoch 27/50 iter 140/1860 loss=0.6398 mean_loss=0.6670 classification=0.0043, bbox_regression=0.0443, bbox_ctrness=0.5912
epoch 27/50 iter 160/1860 loss=0.6699 mean_loss=0.6662 classification=0.0051, bbox_regression=0.0719, bbox_ctrness=0.5929
epoch 27/50 iter 180/1860 loss=0.6547 mean_loss=0.6657 classification=0.0013, bbox_regression=0.0614, bbox_ctrness=0.5920
epoch 27/50 iter 200/1860 loss=0.6657 mean_loss=0.6661 classification=0.0164, bbox_regression=0.0575, bbox_ctrness=0.5918
epoch 27/50 iter 220/1860 loss=0.6732 mean_loss=0.6654 classification=0.0098, bbox_regression=0.0534, bbox_ctrness=0.6100
epoch 27/50 iter 240/1860 loss=0.6995 mean_loss=0.6652 classification=0.0446, bbox_regression=0.0555, bbox_ctrness=0.5994
epoch 27/50 iter 260/1860 loss=0.6463 mean_loss=0.6654 classification=0.0008, bbox_regression=0.0473, bbox_ctrness=0.5982
epoch 27/50 iter 280/1860 loss=0.6860 mean_loss=0.6655 classification=0.0156, bbox_regression=0.0589, bbox_ctrness=0.6114
epoch 27/50 iter 300/1860 loss=0.6625 mean_loss=0.6665 classification=0.0106, bbox_regression=0.0646, bbox_ctrness=0.5873
epoch 27/50 iter 320/1860 loss=0.6555 mean_loss=0.6669 classification=0.0084, bbox_regression=0.0568, bbox_ctrness=0.5902
epoch 27/50 iter 340/1860 loss=0.6603 mean_loss=0.6669 classification=0.0008, bbox_regression=0.0313, bbox_ctrness=0.6282
epoch 27/50 iter 360/1860 loss=0.6530 mean_loss=0.6670 classification=0.0141, bbox_regression=0.0436, bbox_ctrness=0.5953
epoch 27/50 iter 380/1860 loss=0.6703 mean_loss=0.6672 classification=0.0129, bbox_regression=0.0536, bbox_ctrness=0.6038
epoch 27/50 iter 400/1860 loss=0.6525 mean_loss=0.6671 classification=0.0105, bbox_regression=0.0582, bbox_ctrness=0.5838
epoch 27/50 iter 420/1860 loss=0.6407 mean_loss=0.6667 classification=0.0072, bbox_regression=0.0472, bbox_ctrness=0.5864
epoch 27/50 iter 440/1860 loss=0.6671 mean_loss=0.6664 classification=0.0067, bbox_regression=0.0594, bbox_ctrness=0.6009
epoch 27/50 iter 460/1860 loss=0.6484 mean_loss=0.6661 classification=0.0030, bbox_regression=0.0529, bbox_ctrness=0.5926
epoch 27/50 iter 480/1860 loss=0.6537 mean_loss=0.6658 classification=0.0090, bbox_regression=0.0490, bbox_ctrness=0.5957
epoch 27/50 iter 500/1860 loss=0.6324 mean_loss=0.6659 classification=0.0061, bbox_regression=0.0441, bbox_ctrness=0.5822
epoch 27/50 iter 520/1860 loss=0.7285 mean_loss=0.6666 classification=0.0596, bbox_regression=0.0582, bbox_ctrness=0.6107
epoch 27/50 iter 540/1860 loss=0.6686 mean_loss=0.6663 classification=0.0418, bbox_regression=0.0487, bbox_ctrness=0.5781
epoch 27/50 iter 560/1860 loss=0.6624 mean_loss=0.6662 classification=0.0096, bbox_regression=0.0525, bbox_ctrness=0.6003
epoch 27/50 iter 580/1860 loss=0.6720 mean_loss=0.6661 classification=0.0178, bbox_regression=0.0661, bbox_ctrness=0.5881
epoch 27/50 iter 600/1860 loss=0.6724 mean_loss=0.6659 classification=0.0040, bbox_regression=0.0570, bbox_ctrness=0.6114
epoch 27/50 iter 620/1860 loss=0.6751 mean_loss=0.6651 classification=0.0273, bbox_regression=0.0472, bbox_ctrness=0.6006
epoch 27/50 iter 640/1860 loss=0.6722 mean_loss=0.6656 classification=0.0066, bbox_regression=0.0454, bbox_ctrness=0.6202
epoch 27/50 iter 660/1860 loss=0.6750 mean_loss=0.6656 classification=0.0146, bbox_regression=0.0596, bbox_ctrness=0.6009
epoch 27/50 iter 680/1860 loss=0.6645 mean_loss=0.6655 classification=0.0114, bbox_regression=0.0647, bbox_ctrness=0.5883
epoch 27/50 iter 700/1860 loss=0.6826 mean_loss=0.6653 classification=0.0104, bbox_regression=0.0584, bbox_ctrness=0.6138
epoch 27/50 iter 720/1860 loss=0.7152 mean_loss=0.6652 classification=0.0509, bbox_regression=0.0732, bbox_ctrness=0.5911
epoch 27/50 iter 740/1860 loss=0.6847 mean_loss=0.6652 classification=0.0248, bbox_regression=0.0874, bbox_ctrness=0.5726
epoch 27/50 iter 760/1860 loss=0.6890 mean_loss=0.6651 classification=0.0277, bbox_regression=0.0666, bbox_ctrness=0.5947
epoch 27/50 iter 780/1860 loss=0.6504 mean_loss=0.6649 classification=0.0124, bbox_regression=0.0515, bbox_ctrness=0.5866
epoch 27/50 iter 800/1860 loss=0.6759 mean_loss=0.6649 classification=0.0164, bbox_regression=0.0724, bbox_ctrness=0.5872
epoch 27/50 iter 820/1860 loss=0.6635 mean_loss=0.6647 classification=0.0228, bbox_regression=0.0537, bbox_ctrness=0.5870
epoch 27/50 iter 840/1860 loss=0.6455 mean_loss=0.6647 classification=0.0041, bbox_regression=0.0490, bbox_ctrness=0.5924
epoch 27/50 iter 860/1860 loss=0.6495 mean_loss=0.6647 classification=0.0034, bbox_regression=0.0552, bbox_ctrness=0.5909
epoch 27/50 iter 880/1860 loss=0.6648 mean_loss=0.6648 classification=0.0084, bbox_regression=0.0488, bbox_ctrness=0.6076
epoch 27/50 iter 900/1860 loss=0.7227 mean_loss=0.6650 classification=0.0141, bbox_regression=0.0903, bbox_ctrness=0.6184
epoch 27/50 iter 920/1860 loss=0.6557 mean_loss=0.6649 classification=0.0063, bbox_regression=0.0610, bbox_ctrness=0.5883
epoch 27/50 iter 940/1860 loss=0.6668 mean_loss=0.6647 classification=0.0174, bbox_regression=0.0504, bbox_ctrness=0.5990
epoch 27/50 iter 960/1860 loss=0.6191 mean_loss=0.6644 classification=0.0018, bbox_regression=0.0224, bbox_ctrness=0.5949
epoch 27/50 iter 980/1860 loss=0.6594 mean_loss=0.6645 classification=0.0073, bbox_regression=0.0656, bbox_ctrness=0.5865
epoch 27/50 iter 1000/1860 loss=0.6932 mean_loss=0.6644 classification=0.0176, bbox_regression=0.0608, bbox_ctrness=0.6148
epoch 27/50 iter 1020/1860 loss=0.6802 mean_loss=0.6644 classification=0.0302, bbox_regression=0.0616, bbox_ctrness=0.5884
epoch 27/50 iter 1040/1860 loss=0.6442 mean_loss=0.6643 classification=0.0182, bbox_regression=0.0425, bbox_ctrness=0.5834
epoch 27/50 iter 1060/1860 loss=0.6472 mean_loss=0.6643 classification=0.0097, bbox_regression=0.0487, bbox_ctrness=0.5888
epoch 27/50 iter 1080/1860 loss=0.6562 mean_loss=0.6643 classification=0.0050, bbox_regression=0.0512, bbox_ctrness=0.6001
epoch 27/50 iter 1100/1860 loss=0.6877 mean_loss=0.6642 classification=0.0513, bbox_regression=0.0544, bbox_ctrness=0.5820
epoch 27/50 iter 1120/1860 loss=0.6453 mean_loss=0.6641 classification=0.0041, bbox_regression=0.0501, bbox_ctrness=0.5911
epoch 27/50 iter 1140/1860 loss=0.6951 mean_loss=0.6642 classification=0.0252, bbox_regression=0.0619, bbox_ctrness=0.6079
epoch 27/50 iter 1160/1860 loss=0.6764 mean_loss=0.6641 classification=0.0095, bbox_regression=0.0638, bbox_ctrness=0.6030
epoch 27/50 iter 1180/1860 loss=0.6576 mean_loss=0.6641 classification=0.0044, bbox_regression=0.0585, bbox_ctrness=0.5947
epoch 27/50 iter 1200/1860 loss=0.6295 mean_loss=0.6642 classification=0.0012, bbox_regression=0.0330, bbox_ctrness=0.5954
epoch 27/50 iter 1220/1860 loss=0.6454 mean_loss=0.6642 classification=0.0050, bbox_regression=0.0518, bbox_ctrness=0.5887
epoch 27/50 iter 1240/1860 loss=0.6829 mean_loss=0.6641 classification=0.0191, bbox_regression=0.0687, bbox_ctrness=0.5951
epoch 27/50 iter 1260/1860 loss=0.7032 mean_loss=0.6640 classification=0.0079, bbox_regression=0.0782, bbox_ctrness=0.6170
epoch 27/50 iter 1280/1860 loss=0.6663 mean_loss=0.6640 classification=0.0041, bbox_regression=0.0569, bbox_ctrness=0.6053
epoch 27/50 iter 1300/1860 loss=0.6703 mean_loss=0.6639 classification=0.0027, bbox_regression=0.0534, bbox_ctrness=0.6143
epoch 27/50 iter 1320/1860 loss=0.6676 mean_loss=0.6640 classification=0.0051, bbox_regression=0.0648, bbox_ctrness=0.5977
epoch 27/50 iter 1340/1860 loss=0.6288 mean_loss=0.6640 classification=0.0042, bbox_regression=0.0341, bbox_ctrness=0.5905
epoch 27/50 iter 1360/1860 loss=0.6338 mean_loss=0.6639 classification=0.0042, bbox_regression=0.0460, bbox_ctrness=0.5835
epoch 27/50 iter 1380/1860 loss=0.6476 mean_loss=0.6638 classification=0.0046, bbox_regression=0.0545, bbox_ctrness=0.5885
epoch 27/50 iter 1400/1860 loss=0.6594 mean_loss=0.6638 classification=0.0159, bbox_regression=0.0504, bbox_ctrness=0.5931
epoch 27/50 iter 1420/1860 loss=0.6400 mean_loss=0.6638 classification=0.0036, bbox_regression=0.0504, bbox_ctrness=0.5860
epoch 27/50 iter 1440/1860 loss=0.6547 mean_loss=0.6638 classification=0.0117, bbox_regression=0.0520, bbox_ctrness=0.5910
epoch 27/50 iter 1460/1860 loss=0.6366 mean_loss=0.6637 classification=0.0042, bbox_regression=0.0425, bbox_ctrness=0.5899
epoch 27/50 iter 1480/1860 loss=0.6375 mean_loss=0.6636 classification=0.0145, bbox_regression=0.0520, bbox_ctrness=0.5710
epoch 27/50 iter 1500/1860 loss=0.6675 mean_loss=0.6636 classification=0.0064, bbox_regression=0.0496, bbox_ctrness=0.6115
epoch 27/50 iter 1520/1860 loss=0.6378 mean_loss=0.6636 classification=0.0022, bbox_regression=0.0429, bbox_ctrness=0.5927
epoch 27/50 iter 1540/1860 loss=0.6591 mean_loss=0.6636 classification=0.0046, bbox_regression=0.0461, bbox_ctrness=0.6084
epoch 27/50 iter 1560/1860 loss=0.6439 mean_loss=0.6635 classification=0.0006, bbox_regression=0.0472, bbox_ctrness=0.5960
epoch 27/50 iter 1580/1860 loss=0.6752 mean_loss=0.6636 classification=0.0028, bbox_regression=0.0604, bbox_ctrness=0.6121
epoch 27/50 iter 1600/1860 loss=0.6951 mean_loss=0.6637 classification=0.0253, bbox_regression=0.0702, bbox_ctrness=0.5997
epoch 27/50 iter 1620/1860 loss=0.6758 mean_loss=0.6638 classification=0.0149, bbox_regression=0.0615, bbox_ctrness=0.5995
epoch 27/50 iter 1640/1860 loss=0.7016 mean_loss=0.6640 classification=0.0400, bbox_regression=0.0648, bbox_ctrness=0.5968
epoch 27/50 iter 1660/1860 loss=0.6847 mean_loss=0.6640 classification=0.0100, bbox_regression=0.0680, bbox_ctrness=0.6066
epoch 27/50 iter 1680/1860 loss=0.6670 mean_loss=0.6641 classification=0.0077, bbox_regression=0.0607, bbox_ctrness=0.5986
epoch 27/50 iter 1700/1860 loss=0.6746 mean_loss=0.6641 classification=0.0148, bbox_regression=0.0564, bbox_ctrness=0.6033
epoch 27/50 iter 1720/1860 loss=0.6615 mean_loss=0.6642 classification=0.0094, bbox_regression=0.0400, bbox_ctrness=0.6122
epoch 27/50 iter 1740/1860 loss=0.6414 mean_loss=0.6641 classification=0.0066, bbox_regression=0.0483, bbox_ctrness=0.5864
epoch 27/50 iter 1760/1860 loss=0.6765 mean_loss=0.6641 classification=0.0058, bbox_regression=0.0549, bbox_ctrness=0.6157
epoch 27/50 iter 1780/1860 loss=0.6408 mean_loss=0.6641 classification=0.0015, bbox_regression=0.0468, bbox_ctrness=0.5924
epoch 27/50 iter 1800/1860 loss=0.6497 mean_loss=0.6640 classification=0.0008, bbox_regression=0.0563, bbox_ctrness=0.5926
epoch 27/50 iter 1820/1860 loss=0.6425 mean_loss=0.6639 classification=0.0048, bbox_regression=0.0584, bbox_ctrness=0.5793
epoch 27/50 iter 1840/1860 loss=0.6497 mean_loss=0.6639 classification=0.0269, bbox_regression=0.0403, bbox_ctrness=0.5825
epoch 27/50 iter 1860/1860 loss=0.6457 mean_loss=0.6639 classification=0.0045, bbox_regression=0.0460, bbox_ctrness=0.5952
epoch 27 validation Precision=0.6746 Recall=0.9178 AP50=0.8913 AP75=0.8091 eval_fps=25.23 epoch_time_sec=835.2
saved checkpoint: E:\RepViT-main\runs\v48_complete_ablation\training\ra_static_equal_seed0\weights\last.pt
epoch 28/50 iter 1/1860 loss=0.6576 mean_loss=0.6576 classification=0.0049, bbox_regression=0.0507, bbox_ctrness=0.6021
epoch 28/50 iter 20/1860 loss=0.6778 mean_loss=0.6615 classification=0.0452, bbox_regression=0.0495, bbox_ctrness=0.5832
epoch 28/50 iter 40/1860 loss=0.6715 mean_loss=0.6619 classification=0.0262, bbox_regression=0.0580, bbox_ctrness=0.5872
epoch 28/50 iter 60/1860 loss=0.7250 mean_loss=0.6608 classification=0.0730, bbox_regression=0.0577, bbox_ctrness=0.5943
epoch 28/50 iter 80/1860 loss=0.7059 mean_loss=0.6628 classification=0.0092, bbox_regression=0.0754, bbox_ctrness=0.6213
epoch 28/50 iter 100/1860 loss=0.7437 mean_loss=0.6637 classification=0.0471, bbox_regression=0.0801, bbox_ctrness=0.6165
epoch 28/50 iter 120/1860 loss=0.6729 mean_loss=0.6634 classification=0.0058, bbox_regression=0.0551, bbox_ctrness=0.6120
epoch 28/50 iter 140/1860 loss=0.6274 mean_loss=0.6623 classification=0.0011, bbox_regression=0.0449, bbox_ctrness=0.5813
epoch 28/50 iter 160/1860 loss=0.6684 mean_loss=0.6622 classification=0.0050, bbox_regression=0.0568, bbox_ctrness=0.6066
epoch 28/50 iter 180/1860 loss=0.6474 mean_loss=0.6621 classification=0.0124, bbox_regression=0.0497, bbox_ctrness=0.5853
epoch 28/50 iter 200/1860 loss=0.6676 mean_loss=0.6614 classification=0.0062, bbox_regression=0.0536, bbox_ctrness=0.6079
epoch 28/50 iter 220/1860 loss=0.6465 mean_loss=0.6610 classification=0.0030, bbox_regression=0.0403, bbox_ctrness=0.6032
epoch 28/50 iter 240/1860 loss=0.6404 mean_loss=0.6605 classification=0.0007, bbox_regression=0.0384, bbox_ctrness=0.6013
epoch 28/50 iter 260/1860 loss=0.6408 mean_loss=0.6601 classification=0.0030, bbox_regression=0.0373, bbox_ctrness=0.6005
epoch 28/50 iter 280/1860 loss=0.6800 mean_loss=0.6605 classification=0.0124, bbox_regression=0.0741, bbox_ctrness=0.5935
epoch 28/50 iter 300/1860 loss=0.6700 mean_loss=0.6603 classification=0.0149, bbox_regression=0.0506, bbox_ctrness=0.6045
epoch 28/50 iter 320/1860 loss=0.6398 mean_loss=0.6596 classification=0.0008, bbox_regression=0.0385, bbox_ctrness=0.6005
epoch 28/50 iter 340/1860 loss=0.6228 mean_loss=0.6595 classification=0.0033, bbox_regression=0.0467, bbox_ctrness=0.5727
epoch 28/50 iter 360/1860 loss=0.6665 mean_loss=0.6599 classification=0.0017, bbox_regression=0.0459, bbox_ctrness=0.6188
epoch 28/50 iter 380/1860 loss=0.6735 mean_loss=0.6602 classification=0.0077, bbox_regression=0.0629, bbox_ctrness=0.6029
epoch 28/50 iter 400/1860 loss=0.7026 mean_loss=0.6606 classification=0.0198, bbox_regression=0.0737, bbox_ctrness=0.6091
epoch 28/50 iter 420/1860 loss=0.6591 mean_loss=0.6604 classification=0.0169, bbox_regression=0.0596, bbox_ctrness=0.5826
epoch 28/50 iter 440/1860 loss=0.6721 mean_loss=0.6605 classification=0.0265, bbox_regression=0.0478, bbox_ctrness=0.5978
epoch 28/50 iter 460/1860 loss=0.6504 mean_loss=0.6607 classification=0.0042, bbox_regression=0.0443, bbox_ctrness=0.6018
epoch 28/50 iter 480/1860 loss=0.6524 mean_loss=0.6609 classification=0.0004, bbox_regression=0.0516, bbox_ctrness=0.6004
epoch 28/50 iter 500/1860 loss=0.6499 mean_loss=0.6611 classification=0.0065, bbox_regression=0.0501, bbox_ctrness=0.5933
epoch 28/50 iter 520/1860 loss=0.6673 mean_loss=0.6611 classification=0.0089, bbox_regression=0.0498, bbox_ctrness=0.6086
epoch 28/50 iter 540/1860 loss=0.6437 mean_loss=0.6608 classification=0.0032, bbox_regression=0.0484, bbox_ctrness=0.5921
epoch 28/50 iter 560/1860 loss=0.6493 mean_loss=0.6609 classification=0.0046, bbox_regression=0.0564, bbox_ctrness=0.5882
epoch 28/50 iter 580/1860 loss=0.6933 mean_loss=0.6608 classification=0.0168, bbox_regression=0.0771, bbox_ctrness=0.5994
epoch 28/50 iter 600/1860 loss=0.6523 mean_loss=0.6612 classification=0.0055, bbox_regression=0.0448, bbox_ctrness=0.6021
epoch 28/50 iter 620/1860 loss=0.6542 mean_loss=0.6612 classification=0.0070, bbox_regression=0.0578, bbox_ctrness=0.5894
epoch 28/50 iter 640/1860 loss=0.6434 mean_loss=0.6614 classification=0.0009, bbox_regression=0.0388, bbox_ctrness=0.6036
epoch 28/50 iter 660/1860 loss=0.6420 mean_loss=0.6611 classification=0.0027, bbox_regression=0.0432, bbox_ctrness=0.5961
epoch 28/50 iter 680/1860 loss=0.6602 mean_loss=0.6610 classification=0.0032, bbox_regression=0.0653, bbox_ctrness=0.5917
epoch 28/50 iter 700/1860 loss=0.6426 mean_loss=0.6610 classification=0.0030, bbox_regression=0.0432, bbox_ctrness=0.5964
epoch 28/50 iter 720/1860 loss=0.6473 mean_loss=0.6612 classification=0.0017, bbox_regression=0.0467, bbox_ctrness=0.5989
epoch 28/50 iter 740/1860 loss=0.6764 mean_loss=0.6611 classification=0.0240, bbox_regression=0.0476, bbox_ctrness=0.6048
epoch 28/50 iter 760/1860 loss=0.6576 mean_loss=0.6613 classification=0.0082, bbox_regression=0.0584, bbox_ctrness=0.5911
epoch 28/50 iter 780/1860 loss=0.6567 mean_loss=0.6615 classification=0.0047, bbox_regression=0.0538, bbox_ctrness=0.5982
epoch 28/50 iter 800/1860 loss=0.6773 mean_loss=0.6615 classification=0.0248, bbox_regression=0.0490, bbox_ctrness=0.6036
epoch 28/50 iter 820/1860 loss=0.6670 mean_loss=0.6615 classification=0.0050, bbox_regression=0.0425, bbox_ctrness=0.6195
epoch 28/50 iter 840/1860 loss=0.6709 mean_loss=0.6614 classification=0.0055, bbox_regression=0.0642, bbox_ctrness=0.6012
epoch 28/50 iter 860/1860 loss=0.6593 mean_loss=0.6614 classification=0.0012, bbox_regression=0.0658, bbox_ctrness=0.5922
epoch 28/50 iter 880/1860 loss=0.7599 mean_loss=0.6617 classification=0.1125, bbox_regression=0.0491, bbox_ctrness=0.5983
epoch 28/50 iter 900/1860 loss=0.6669 mean_loss=0.6619 classification=0.0245, bbox_regression=0.0495, bbox_ctrness=0.5928
epoch 28/50 iter 920/1860 loss=0.6671 mean_loss=0.6619 classification=0.0110, bbox_regression=0.0573, bbox_ctrness=0.5988
epoch 28/50 iter 940/1860 loss=0.6685 mean_loss=0.6621 classification=0.0036, bbox_regression=0.0606, bbox_ctrness=0.6043
epoch 28/50 iter 960/1860 loss=0.6978 mean_loss=0.6624 classification=0.0513, bbox_regression=0.0568, bbox_ctrness=0.5897
epoch 28/50 iter 980/1860 loss=0.6668 mean_loss=0.6626 classification=0.0184, bbox_regression=0.0503, bbox_ctrness=0.5981
epoch 28/50 iter 1000/1860 loss=0.6264 mean_loss=0.6625 classification=0.0028, bbox_regression=0.0349, bbox_ctrness=0.5887
epoch 28/50 iter 1020/1860 loss=0.6637 mean_loss=0.6627 classification=0.0045, bbox_regression=0.0476, bbox_ctrness=0.6115
epoch 28/50 iter 1040/1860 loss=0.6541 mean_loss=0.6626 classification=0.0116, bbox_regression=0.0473, bbox_ctrness=0.5952
epoch 28/50 iter 1060/1860 loss=0.6472 mean_loss=0.6626 classification=0.0100, bbox_regression=0.0476, bbox_ctrness=0.5896
epoch 28/50 iter 1080/1860 loss=0.6833 mean_loss=0.6625 classification=0.0009, bbox_regression=0.0678, bbox_ctrness=0.6147
epoch 28/50 iter 1100/1860 loss=0.6947 mean_loss=0.6628 classification=0.0127, bbox_regression=0.0700, bbox_ctrness=0.6121
epoch 28/50 iter 1120/1860 loss=0.6430 mean_loss=0.6628 classification=0.0032, bbox_regression=0.0437, bbox_ctrness=0.5961
epoch 28/50 iter 1140/1860 loss=0.6614 mean_loss=0.6628 classification=0.0012, bbox_regression=0.0449, bbox_ctrness=0.6154
epoch 28/50 iter 1160/1860 loss=0.6757 mean_loss=0.6630 classification=0.0050, bbox_regression=0.0464, bbox_ctrness=0.6243
epoch 28/50 iter 1180/1860 loss=0.6569 mean_loss=0.6629 classification=0.0101, bbox_regression=0.0522, bbox_ctrness=0.5945
epoch 28/50 iter 1200/1860 loss=0.6665 mean_loss=0.6632 classification=0.0128, bbox_regression=0.0603, bbox_ctrness=0.5935
epoch 28/50 iter 1220/1860 loss=0.6583 mean_loss=0.6633 classification=0.0166, bbox_regression=0.0437, bbox_ctrness=0.5980
epoch 28/50 iter 1240/1860 loss=0.6805 mean_loss=0.6635 classification=0.0182, bbox_regression=0.0581, bbox_ctrness=0.6042
epoch 28/50 iter 1260/1860 loss=0.6614 mean_loss=0.6635 classification=0.0047, bbox_regression=0.0459, bbox_ctrness=0.6108
epoch 28/50 iter 1280/1860 loss=0.6651 mean_loss=0.6636 classification=0.0022, bbox_regression=0.0528, bbox_ctrness=0.6100
epoch 28/50 iter 1300/1860 loss=0.6671 mean_loss=0.6636 classification=0.0014, bbox_regression=0.0532, bbox_ctrness=0.6125
epoch 28/50 iter 1320/1860 loss=0.6506 mean_loss=0.6635 classification=0.0073, bbox_regression=0.0394, bbox_ctrness=0.6038
epoch 28/50 iter 1340/1860 loss=0.6620 mean_loss=0.6636 classification=0.0060, bbox_regression=0.0611, bbox_ctrness=0.5948
epoch 28/50 iter 1360/1860 loss=0.6837 mean_loss=0.6637 classification=0.0046, bbox_regression=0.0665, bbox_ctrness=0.6126
epoch 28/50 iter 1380/1860 loss=0.6463 mean_loss=0.6636 classification=0.0079, bbox_regression=0.0487, bbox_ctrness=0.5898
epoch 28/50 iter 1400/1860 loss=0.6597 mean_loss=0.6637 classification=0.0043, bbox_regression=0.0545, bbox_ctrness=0.6010
epoch 28/50 iter 1420/1860 loss=0.6685 mean_loss=0.6637 classification=0.0081, bbox_regression=0.0766, bbox_ctrness=0.5837
epoch 28/50 iter 1440/1860 loss=0.6611 mean_loss=0.6638 classification=0.0073, bbox_regression=0.0563, bbox_ctrness=0.5975
epoch 28/50 iter 1460/1860 loss=0.6699 mean_loss=0.6637 classification=0.0037, bbox_regression=0.0602, bbox_ctrness=0.6060
epoch 28/50 iter 1480/1860 loss=0.6318 mean_loss=0.6637 classification=0.0081, bbox_regression=0.0402, bbox_ctrness=0.5835
epoch 28/50 iter 1500/1860 loss=0.6444 mean_loss=0.6636 classification=0.0046, bbox_regression=0.0414, bbox_ctrness=0.5984
epoch 28/50 iter 1520/1860 loss=0.6879 mean_loss=0.6636 classification=0.0207, bbox_regression=0.0714, bbox_ctrness=0.5958
epoch 28/50 iter 1540/1860 loss=0.6530 mean_loss=0.6636 classification=0.0011, bbox_regression=0.0487, bbox_ctrness=0.6033
epoch 28/50 iter 1560/1860 loss=0.6500 mean_loss=0.6636 classification=0.0019, bbox_regression=0.0514, bbox_ctrness=0.5966
epoch 28/50 iter 1580/1860 loss=0.6331 mean_loss=0.6636 classification=0.0029, bbox_regression=0.0421, bbox_ctrness=0.5882
epoch 28/50 iter 1600/1860 loss=0.6792 mean_loss=0.6635 classification=0.0185, bbox_regression=0.0636, bbox_ctrness=0.5971
epoch 28/50 iter 1620/1860 loss=0.6876 mean_loss=0.6635 classification=0.0165, bbox_regression=0.0698, bbox_ctrness=0.6013
epoch 28/50 iter 1640/1860 loss=0.6508 mean_loss=0.6637 classification=0.0016, bbox_regression=0.0452, bbox_ctrness=0.6041
epoch 28/50 iter 1660/1860 loss=0.6745 mean_loss=0.6639 classification=0.0045, bbox_regression=0.0540, bbox_ctrness=0.6160
epoch 28/50 iter 1680/1860 loss=0.6561 mean_loss=0.6639 classification=0.0045, bbox_regression=0.0551, bbox_ctrness=0.5964
epoch 28/50 iter 1700/1860 loss=0.6489 mean_loss=0.6640 classification=0.0057, bbox_regression=0.0474, bbox_ctrness=0.5958
epoch 28/50 iter 1720/1860 loss=0.6526 mean_loss=0.6640 classification=0.0098, bbox_regression=0.0443, bbox_ctrness=0.5985
epoch 28/50 iter 1740/1860 loss=0.6812 mean_loss=0.6639 classification=0.0132, bbox_regression=0.0519, bbox_ctrness=0.6162
epoch 28/50 iter 1760/1860 loss=0.6641 mean_loss=0.6639 classification=0.0147, bbox_regression=0.0544, bbox_ctrness=0.5950
epoch 28/50 iter 1780/1860 loss=0.6543 mean_loss=0.6639 classification=0.0021, bbox_regression=0.0357, bbox_ctrness=0.6165
epoch 28/50 iter 1800/1860 loss=0.6618 mean_loss=0.6639 classification=0.0053, bbox_regression=0.0615, bbox_ctrness=0.5949
epoch 28/50 iter 1820/1860 loss=0.6536 mean_loss=0.6638 classification=0.0031, bbox_regression=0.0354, bbox_ctrness=0.6150
epoch 28/50 iter 1840/1860 loss=0.6370 mean_loss=0.6638 classification=0.0021, bbox_regression=0.0510, bbox_ctrness=0.5838
epoch 28/50 iter 1860/1860 loss=0.6531 mean_loss=0.6638 classification=0.0117, bbox_regression=0.0640, bbox_ctrness=0.5774
epoch 28 validation Precision=0.7205 Recall=0.9175 AP50=0.8929 AP75=0.8084 eval_fps=25.42 epoch_time_sec=835.7
saved checkpoint: E:\RepViT-main\runs\v48_complete_ablation\training\ra_static_equal_seed0\weights\last.pt
epoch 29/50 iter 1/1860 loss=0.6955 mean_loss=0.6955 classification=0.0644, bbox_regression=0.0449, bbox_ctrness=0.5863
epoch 29/50 iter 20/1860 loss=0.6631 mean_loss=0.6602 classification=0.0033, bbox_regression=0.0422, bbox_ctrness=0.6177
epoch 29/50 iter 40/1860 loss=0.6966 mean_loss=0.6618 classification=0.0122, bbox_regression=0.0782, bbox_ctrness=0.6062
epoch 29/50 iter 60/1860 loss=0.6741 mean_loss=0.6609 classification=0.0075, bbox_regression=0.0614, bbox_ctrness=0.6052
epoch 29/50 iter 80/1860 loss=0.6404 mean_loss=0.6599 classification=0.0030, bbox_regression=0.0515, bbox_ctrness=0.5859
epoch 29/50 iter 100/1860 loss=0.7177 mean_loss=0.6613 classification=0.0647, bbox_regression=0.0585, bbox_ctrness=0.5946
epoch 29/50 iter 120/1860 loss=0.6750 mean_loss=0.6630 classification=0.0171, bbox_regression=0.0572, bbox_ctrness=0.6007
epoch 29/50 iter 140/1860 loss=0.6574 mean_loss=0.6628 classification=0.0056, bbox_regression=0.0471, bbox_ctrness=0.6047
epoch 29/50 iter 160/1860 loss=0.6519 mean_loss=0.6623 classification=0.0143, bbox_regression=0.0429, bbox_ctrness=0.5948
epoch 29/50 iter 180/1860 loss=0.6573 mean_loss=0.6614 classification=0.0024, bbox_regression=0.0507, bbox_ctrness=0.6043
epoch 29/50 iter 200/1860 loss=0.6625 mean_loss=0.6606 classification=0.0144, bbox_regression=0.0457, bbox_ctrness=0.6023
epoch 29/50 iter 220/1860 loss=0.6701 mean_loss=0.6605 classification=0.0012, bbox_regression=0.0568, bbox_ctrness=0.6121
epoch 29/50 iter 240/1860 loss=0.6600 mean_loss=0.6598 classification=0.0067, bbox_regression=0.0458, bbox_ctrness=0.6075
epoch 29/50 iter 260/1860 loss=0.6551 mean_loss=0.6594 classification=0.0103, bbox_regression=0.0490, bbox_ctrness=0.5958
epoch 29/50 iter 280/1860 loss=0.6797 mean_loss=0.6597 classification=0.0128, bbox_regression=0.0539, bbox_ctrness=0.6130
epoch 29/50 iter 300/1860 loss=0.6448 mean_loss=0.6595 classification=0.0012, bbox_regression=0.0402, bbox_ctrness=0.6034
epoch 29/50 iter 320/1860 loss=0.6571 mean_loss=0.6599 classification=0.0177, bbox_regression=0.0446, bbox_ctrness=0.5949
epoch 29/50 iter 340/1860 loss=0.6917 mean_loss=0.6595 classification=0.0326, bbox_regression=0.0557, bbox_ctrness=0.6034
epoch 29/50 iter 360/1860 loss=0.6467 mean_loss=0.6600 classification=0.0032, bbox_regression=0.0435, bbox_ctrness=0.6000
epoch 29/50 iter 380/1860 loss=0.6554 mean_loss=0.6597 classification=0.0033, bbox_regression=0.0491, bbox_ctrness=0.6031
epoch 29/50 iter 400/1860 loss=0.6570 mean_loss=0.6596 classification=0.0126, bbox_regression=0.0574, bbox_ctrness=0.5870
epoch 29/50 iter 420/1860 loss=0.6635 mean_loss=0.6597 classification=0.0032, bbox_regression=0.0622, bbox_ctrness=0.5981
epoch 29/50 iter 440/1860 loss=0.6848 mean_loss=0.6597 classification=0.0308, bbox_regression=0.0717, bbox_ctrness=0.5824
epoch 29/50 iter 460/1860 loss=0.6708 mean_loss=0.6602 classification=0.0061, bbox_regression=0.0610, bbox_ctrness=0.6037
epoch 29/50 iter 480/1860 loss=0.6508 mean_loss=0.6604 classification=0.0016, bbox_regression=0.0494, bbox_ctrness=0.5998
epoch 29/50 iter 500/1860 loss=0.6510 mean_loss=0.6604 classification=0.0147, bbox_regression=0.0476, bbox_ctrness=0.5887
epoch 29/50 iter 520/1860 loss=0.7203 mean_loss=0.6604 classification=0.0427, bbox_regression=0.0639, bbox_ctrness=0.6137
epoch 29/50 iter 540/1860 loss=0.6941 mean_loss=0.6604 classification=0.0154, bbox_regression=0.0767, bbox_ctrness=0.6020
epoch 29/50 iter 560/1860 loss=0.6601 mean_loss=0.6605 classification=0.0057, bbox_regression=0.0465, bbox_ctrness=0.6078
epoch 29/50 iter 580/1860 loss=0.6636 mean_loss=0.6603 classification=0.0332, bbox_regression=0.0433, bbox_ctrness=0.5871
epoch 29/50 iter 600/1860 loss=0.6620 mean_loss=0.6602 classification=0.0146, bbox_regression=0.0457, bbox_ctrness=0.6017
epoch 29/50 iter 620/1860 loss=0.6497 mean_loss=0.6599 classification=0.0057, bbox_regression=0.0493, bbox_ctrness=0.5947
epoch 29/50 iter 640/1860 loss=0.6341 mean_loss=0.6598 classification=0.0030, bbox_regression=0.0349, bbox_ctrness=0.5962
epoch 29/50 iter 660/1860 loss=0.6355 mean_loss=0.6599 classification=0.0011, bbox_regression=0.0396, bbox_ctrness=0.5949
epoch 29/50 iter 680/1860 loss=0.6573 mean_loss=0.6601 classification=0.0091, bbox_regression=0.0571, bbox_ctrness=0.5912
epoch 29/50 iter 700/1860 loss=0.6676 mean_loss=0.6604 classification=0.0040, bbox_regression=0.0591, bbox_ctrness=0.6045
epoch 29/50 iter 720/1860 loss=0.6253 mean_loss=0.6606 classification=0.0108, bbox_regression=0.0390, bbox_ctrness=0.5755
epoch 29/50 iter 740/1860 loss=0.6694 mean_loss=0.6607 classification=0.0074, bbox_regression=0.0547, bbox_ctrness=0.6073
epoch 29/50 iter 760/1860 loss=0.6531 mean_loss=0.6609 classification=0.0072, bbox_regression=0.0502, bbox_ctrness=0.5958
epoch 29/50 iter 780/1860 loss=0.7326 mean_loss=0.6610 classification=0.0527, bbox_regression=0.0739, bbox_ctrness=0.6061
epoch 29/50 iter 800/1860 loss=0.6523 mean_loss=0.6610 classification=0.0019, bbox_regression=0.0433, bbox_ctrness=0.6071
epoch 29/50 iter 820/1860 loss=0.6980 mean_loss=0.6609 classification=0.0478, bbox_regression=0.0439, bbox_ctrness=0.6062
epoch 29/50 iter 840/1860 loss=0.6605 mean_loss=0.6609 classification=0.0176, bbox_regression=0.0498, bbox_ctrness=0.5931
epoch 29/50 iter 860/1860 loss=0.6686 mean_loss=0.6607 classification=0.0071, bbox_regression=0.0530, bbox_ctrness=0.6086
epoch 29/50 iter 880/1860 loss=0.6512 mean_loss=0.6606 classification=0.0037, bbox_regression=0.0496, bbox_ctrness=0.5979
epoch 29/50 iter 900/1860 loss=0.6666 mean_loss=0.6605 classification=0.0127, bbox_regression=0.0567, bbox_ctrness=0.5972
epoch 29/50 iter 920/1860 loss=0.6352 mean_loss=0.6603 classification=0.0020, bbox_regression=0.0419, bbox_ctrness=0.5914
epoch 29/50 iter 940/1860 loss=0.6872 mean_loss=0.6602 classification=0.0236, bbox_regression=0.0590, bbox_ctrness=0.6046
epoch 29/50 iter 960/1860 loss=0.6573 mean_loss=0.6602 classification=0.0067, bbox_regression=0.0515, bbox_ctrness=0.5992
epoch 29/50 iter 980/1860 loss=0.7065 mean_loss=0.6603 classification=0.0278, bbox_regression=0.0584, bbox_ctrness=0.6202
epoch 29/50 iter 1000/1860 loss=0.6603 mean_loss=0.6604 classification=0.0011, bbox_regression=0.0496, bbox_ctrness=0.6096
epoch 29/50 iter 1020/1860 loss=0.6542 mean_loss=0.6606 classification=0.0160, bbox_regression=0.0431, bbox_ctrness=0.5951
epoch 29/50 iter 1040/1860 loss=0.6552 mean_loss=0.6606 classification=0.0116, bbox_regression=0.0490, bbox_ctrness=0.5946
epoch 29/50 iter 1060/1860 loss=0.6315 mean_loss=0.6606 classification=0.0030, bbox_regression=0.0476, bbox_ctrness=0.5810
epoch 29/50 iter 1080/1860 loss=0.6334 mean_loss=0.6604 classification=0.0018, bbox_regression=0.0407, bbox_ctrness=0.5909
epoch 29/50 iter 1100/1860 loss=0.6742 mean_loss=0.6605 classification=0.0239, bbox_regression=0.0482, bbox_ctrness=0.6021
epoch 29/50 iter 1120/1860 loss=0.6849 mean_loss=0.6604 classification=0.0036, bbox_regression=0.0681, bbox_ctrness=0.6131
epoch 29/50 iter 1140/1860 loss=0.6926 mean_loss=0.6604 classification=0.0401, bbox_regression=0.0480, bbox_ctrness=0.6045
epoch 29/50 iter 1160/1860 loss=0.6678 mean_loss=0.6606 classification=0.0101, bbox_regression=0.0481, bbox_ctrness=0.6096
epoch 29/50 iter 1180/1860 loss=0.6332 mean_loss=0.6604 classification=0.0044, bbox_regression=0.0395, bbox_ctrness=0.5893
epoch 29/50 iter 1200/1860 loss=0.7140 mean_loss=0.6605 classification=0.0463, bbox_regression=0.0645, bbox_ctrness=0.6031
epoch 29/50 iter 1220/1860 loss=0.6278 mean_loss=0.6604 classification=0.0040, bbox_regression=0.0376, bbox_ctrness=0.5863
epoch 29/50 iter 1240/1860 loss=0.6629 mean_loss=0.6603 classification=0.0295, bbox_regression=0.0446, bbox_ctrness=0.5888
epoch 29/50 iter 1260/1860 loss=0.6524 mean_loss=0.6603 classification=0.0069, bbox_regression=0.0523, bbox_ctrness=0.5931
epoch 29/50 iter 1280/1860 loss=0.6839 mean_loss=0.6603 classification=0.0092, bbox_regression=0.0607, bbox_ctrness=0.6140
epoch 29/50 iter 1300/1860 loss=0.6539 mean_loss=0.6603 classification=0.0089, bbox_regression=0.0512, bbox_ctrness=0.5937
epoch 29/50 iter 1320/1860 loss=0.6744 mean_loss=0.6603 classification=0.0015, bbox_regression=0.0561, bbox_ctrness=0.6168
epoch 29/50 iter 1340/1860 loss=0.6806 mean_loss=0.6607 classification=0.0232, bbox_regression=0.0465, bbox_ctrness=0.6109
epoch 29/50 iter 1360/1860 loss=0.6579 mean_loss=0.6609 classification=0.0113, bbox_regression=0.0571, bbox_ctrness=0.5894
epoch 29/50 iter 1380/1860 loss=0.6567 mean_loss=0.6609 classification=0.0057, bbox_regression=0.0487, bbox_ctrness=0.6023
epoch 29/50 iter 1400/1860 loss=0.6460 mean_loss=0.6609 classification=0.0062, bbox_regression=0.0562, bbox_ctrness=0.5837
epoch 29/50 iter 1420/1860 loss=0.7324 mean_loss=0.6611 classification=0.0634, bbox_regression=0.0718, bbox_ctrness=0.5973
epoch 29/50 iter 1440/1860 loss=0.6618 mean_loss=0.6610 classification=0.0135, bbox_regression=0.0615, bbox_ctrness=0.5868
epoch 29/50 iter 1460/1860 loss=0.6584 mean_loss=0.6609 classification=0.0057, bbox_regression=0.0668, bbox_ctrness=0.5860
epoch 29/50 iter 1480/1860 loss=0.6515 mean_loss=0.6610 classification=0.0044, bbox_regression=0.0487, bbox_ctrness=0.5984
epoch 29/50 iter 1500/1860 loss=0.6656 mean_loss=0.6611 classification=0.0046, bbox_regression=0.0612, bbox_ctrness=0.5998
epoch 29/50 iter 1520/1860 loss=0.6674 mean_loss=0.6612 classification=0.0050, bbox_regression=0.0604, bbox_ctrness=0.6021
epoch 29/50 iter 1540/1860 loss=0.6890 mean_loss=0.6612 classification=0.0259, bbox_regression=0.0587, bbox_ctrness=0.6044
epoch 29/50 iter 1560/1860 loss=0.6539 mean_loss=0.6613 classification=0.0068, bbox_regression=0.0459, bbox_ctrness=0.6012
epoch 29/50 iter 1580/1860 loss=0.6475 mean_loss=0.6613 classification=0.0090, bbox_regression=0.0497, bbox_ctrness=0.5888
epoch 29/50 iter 1600/1860 loss=0.6496 mean_loss=0.6612 classification=0.0082, bbox_regression=0.0474, bbox_ctrness=0.5940
epoch 29/50 iter 1620/1860 loss=0.6645 mean_loss=0.6611 classification=0.0102, bbox_regression=0.0580, bbox_ctrness=0.5963
epoch 29/50 iter 1640/1860 loss=0.6312 mean_loss=0.6610 classification=0.0020, bbox_regression=0.0539, bbox_ctrness=0.5753
epoch 29/50 iter 1660/1860 loss=0.6698 mean_loss=0.6609 classification=0.0023, bbox_regression=0.0480, bbox_ctrness=0.6195
epoch 29/50 iter 1680/1860 loss=0.6613 mean_loss=0.6609 classification=0.0004, bbox_regression=0.0547, bbox_ctrness=0.6063
epoch 29/50 iter 1700/1860 loss=0.6531 mean_loss=0.6612 classification=0.0076, bbox_regression=0.0422, bbox_ctrness=0.6033
epoch 29/50 iter 1720/1860 loss=0.6578 mean_loss=0.6615 classification=0.0160, bbox_regression=0.0555, bbox_ctrness=0.5862
epoch 29/50 iter 1740/1860 loss=0.6671 mean_loss=0.6616 classification=0.0225, bbox_regression=0.0578, bbox_ctrness=0.5867
epoch 29/50 iter 1760/1860 loss=0.6544 mean_loss=0.6617 classification=0.0019, bbox_regression=0.0558, bbox_ctrness=0.5967
epoch 29/50 iter 1780/1860 loss=0.6472 mean_loss=0.6617 classification=0.0039, bbox_regression=0.0509, bbox_ctrness=0.5925
epoch 29/50 iter 1800/1860 loss=0.6517 mean_loss=0.6618 classification=0.0202, bbox_regression=0.0490, bbox_ctrness=0.5825
epoch 29/50 iter 1820/1860 loss=0.6470 mean_loss=0.6617 classification=0.0097, bbox_regression=0.0461, bbox_ctrness=0.5913
epoch 29/50 iter 1840/1860 loss=0.6448 mean_loss=0.6617 classification=0.0140, bbox_regression=0.0387, bbox_ctrness=0.5921
epoch 29/50 iter 1860/1860 loss=0.6741 mean_loss=0.6619 classification=0.0037, bbox_regression=0.0655, bbox_ctrness=0.6049
epoch 29 validation Precision=0.6214 Recall=0.9398 AP50=0.9112 AP75=0.8191 eval_fps=25.11 epoch_time_sec=835.0
saved checkpoint: E:\RepViT-main\runs\v48_complete_ablation\training\ra_static_equal_seed0\weights\last.pt
epoch 30/50 iter 1/1860 loss=0.6725 mean_loss=0.6725 classification=0.0039, bbox_regression=0.0531, bbox_ctrness=0.6154
epoch 30/50 iter 20/1860 loss=0.6825 mean_loss=0.6610 classification=0.0026, bbox_regression=0.0772, bbox_ctrness=0.6027
epoch 30/50 iter 40/1860 loss=0.6384 mean_loss=0.6606 classification=0.0098, bbox_regression=0.0401, bbox_ctrness=0.5885
epoch 30/50 iter 60/1860 loss=0.6593 mean_loss=0.6588 classification=0.0036, bbox_regression=0.0591, bbox_ctrness=0.5966
epoch 30/50 iter 80/1860 loss=0.6540 mean_loss=0.6588 classification=0.0015, bbox_regression=0.0553, bbox_ctrness=0.5973
epoch 30/50 iter 100/1860 loss=0.6559 mean_loss=0.6585 classification=0.0035, bbox_regression=0.0471, bbox_ctrness=0.6053
epoch 30/50 iter 120/1860 loss=0.6385 mean_loss=0.6581 classification=0.0029, bbox_regression=0.0390, bbox_ctrness=0.5967
epoch 30/50 iter 140/1860 loss=0.6374 mean_loss=0.6565 classification=0.0045, bbox_regression=0.0440, bbox_ctrness=0.5889
epoch 30/50 iter 160/1860 loss=0.6706 mean_loss=0.6570 classification=0.0065, bbox_regression=0.0648, bbox_ctrness=0.5993
epoch 30/50 iter 180/1860 loss=0.6411 mean_loss=0.6565 classification=0.0031, bbox_regression=0.0436, bbox_ctrness=0.5944
epoch 30/50 iter 200/1860 loss=0.6685 mean_loss=0.6559 classification=0.0129, bbox_regression=0.0681, bbox_ctrness=0.5875
epoch 30/50 iter 220/1860 loss=0.6683 mean_loss=0.6564 classification=0.0004, bbox_regression=0.0550, bbox_ctrness=0.6130
epoch 30/50 iter 240/1860 loss=0.6486 mean_loss=0.6567 classification=0.0023, bbox_regression=0.0408, bbox_ctrness=0.6055
epoch 30/50 iter 260/1860 loss=0.6578 mean_loss=0.6566 classification=0.0125, bbox_regression=0.0479, bbox_ctrness=0.5974
epoch 30/50 iter 280/1860 loss=0.7415 mean_loss=0.6575 classification=0.0565, bbox_regression=0.0548, bbox_ctrness=0.6302
epoch 30/50 iter 300/1860 loss=0.6703 mean_loss=0.6586 classification=0.0044, bbox_regression=0.0699, bbox_ctrness=0.5960
epoch 30/50 iter 320/1860 loss=0.6398 mean_loss=0.6588 classification=0.0104, bbox_regression=0.0488, bbox_ctrness=0.5806
epoch 30/50 iter 340/1860 loss=0.6557 mean_loss=0.6588 classification=0.0066, bbox_regression=0.0380, bbox_ctrness=0.6112
epoch 30/50 iter 360/1860 loss=0.6529 mean_loss=0.6586 classification=0.0112, bbox_regression=0.0576, bbox_ctrness=0.5840
epoch 30/50 iter 380/1860 loss=0.6621 mean_loss=0.6586 classification=0.0138, bbox_regression=0.0506, bbox_ctrness=0.5978
epoch 30/50 iter 400/1860 loss=0.6896 mean_loss=0.6585 classification=0.0261, bbox_regression=0.0548, bbox_ctrness=0.6087
epoch 30/50 iter 420/1860 loss=0.6624 mean_loss=0.6589 classification=0.0019, bbox_regression=0.0560, bbox_ctrness=0.6044
epoch 30/50 iter 440/1860 loss=0.6621 mean_loss=0.6588 classification=0.0036, bbox_regression=0.0567, bbox_ctrness=0.6017
epoch 30/50 iter 460/1860 loss=0.6415 mean_loss=0.6587 classification=0.0029, bbox_regression=0.0427, bbox_ctrness=0.5959
epoch 30/50 iter 480/1860 loss=0.6528 mean_loss=0.6583 classification=0.0026, bbox_regression=0.0558, bbox_ctrness=0.5945
epoch 30/50 iter 500/1860 loss=0.6463 mean_loss=0.6584 classification=0.0043, bbox_regression=0.0519, bbox_ctrness=0.5901
epoch 30/50 iter 520/1860 loss=0.6631 mean_loss=0.6585 classification=0.0278, bbox_regression=0.0445, bbox_ctrness=0.5908
epoch 30/50 iter 540/1860 loss=0.6352 mean_loss=0.6584 classification=0.0021, bbox_regression=0.0446, bbox_ctrness=0.5885
epoch 30/50 iter 560/1860 loss=0.6476 mean_loss=0.6585 classification=0.0073, bbox_regression=0.0556, bbox_ctrness=0.5847
epoch 30/50 iter 580/1860 loss=0.6561 mean_loss=0.6586 classification=0.0105, bbox_regression=0.0530, bbox_ctrness=0.5926
epoch 30/50 iter 600/1860 loss=0.6784 mean_loss=0.6588 classification=0.0177, bbox_regression=0.0561, bbox_ctrness=0.6046
epoch 30/50 iter 620/1860 loss=0.6525 mean_loss=0.6588 classification=0.0020, bbox_regression=0.0521, bbox_ctrness=0.5984
epoch 30/50 iter 640/1860 loss=0.6535 mean_loss=0.6587 classification=0.0003, bbox_regression=0.0453, bbox_ctrness=0.6079
epoch 30/50 iter 660/1860 loss=0.6416 mean_loss=0.6586 classification=0.0013, bbox_regression=0.0360, bbox_ctrness=0.6043
epoch 30/50 iter 680/1860 loss=0.6269 mean_loss=0.6584 classification=0.0031, bbox_regression=0.0351, bbox_ctrness=0.5887
epoch 30/50 iter 700/1860 loss=0.8244 mean_loss=0.6585 classification=0.1525, bbox_regression=0.0722, bbox_ctrness=0.5997
epoch 30/50 iter 720/1860 loss=0.6665 mean_loss=0.6583 classification=0.0044, bbox_regression=0.0509, bbox_ctrness=0.6112
epoch 30/50 iter 740/1860 loss=0.6799 mean_loss=0.6585 classification=0.0110, bbox_regression=0.0516, bbox_ctrness=0.6173
epoch 30/50 iter 760/1860 loss=0.6413 mean_loss=0.6584 classification=0.0098, bbox_regression=0.0386, bbox_ctrness=0.5928
epoch 30/50 iter 780/1860 loss=0.6506 mean_loss=0.6585 classification=0.0191, bbox_regression=0.0391, bbox_ctrness=0.5925
epoch 30/50 iter 800/1860 loss=0.6522 mean_loss=0.6585 classification=0.0085, bbox_regression=0.0489, bbox_ctrness=0.5948
epoch 30/50 iter 820/1860 loss=0.6740 mean_loss=0.6586 classification=0.0392, bbox_regression=0.0358, bbox_ctrness=0.5989
epoch 30/50 iter 840/1860 loss=0.6449 mean_loss=0.6585 classification=0.0053, bbox_regression=0.0479, bbox_ctrness=0.5917
epoch 30/50 iter 860/1860 loss=0.6580 mean_loss=0.6585 classification=0.0104, bbox_regression=0.0540, bbox_ctrness=0.5936
epoch 30/50 iter 880/1860 loss=0.6760 mean_loss=0.6585 classification=0.0064, bbox_regression=0.0635, bbox_ctrness=0.6062
epoch 30/50 iter 900/1860 loss=0.6471 mean_loss=0.6586 classification=0.0072, bbox_regression=0.0476, bbox_ctrness=0.5923
epoch 30/50 iter 920/1860 loss=0.6413 mean_loss=0.6586 classification=0.0025, bbox_regression=0.0447, bbox_ctrness=0.5942
epoch 30/50 iter 940/1860 loss=0.6871 mean_loss=0.6585 classification=0.0379, bbox_regression=0.0519, bbox_ctrness=0.5973
epoch 30/50 iter 960/1860 loss=0.6792 mean_loss=0.6586 classification=0.0018, bbox_regression=0.0697, bbox_ctrness=0.6077
epoch 30/50 iter 980/1860 loss=0.6483 mean_loss=0.6587 classification=0.0056, bbox_regression=0.0489, bbox_ctrness=0.5938
epoch 30/50 iter 1000/1860 loss=0.6590 mean_loss=0.6586 classification=0.0021, bbox_regression=0.0487, bbox_ctrness=0.6083
epoch 30/50 iter 1020/1860 loss=0.6244 mean_loss=0.6585 classification=0.0015, bbox_regression=0.0384, bbox_ctrness=0.5845
epoch 30/50 iter 1040/1860 loss=0.6230 mean_loss=0.6585 classification=0.0002, bbox_regression=0.0351, bbox_ctrness=0.5876
epoch 30/50 iter 1060/1860 loss=0.6431 mean_loss=0.6586 classification=0.0075, bbox_regression=0.0420, bbox_ctrness=0.5936
epoch 30/50 iter 1080/1860 loss=0.6173 mean_loss=0.6584 classification=0.0023, bbox_regression=0.0368, bbox_ctrness=0.5782
epoch 30/50 iter 1100/1860 loss=0.6449 mean_loss=0.6587 classification=0.0102, bbox_regression=0.0400, bbox_ctrness=0.5947
epoch 30/50 iter 1120/1860 loss=0.6522 mean_loss=0.6587 classification=0.0061, bbox_regression=0.0629, bbox_ctrness=0.5831
epoch 30/50 iter 1140/1860 loss=0.6535 mean_loss=0.6588 classification=0.0032, bbox_regression=0.0411, bbox_ctrness=0.6092
epoch 30/50 iter 1160/1860 loss=0.6631 mean_loss=0.6589 classification=0.0024, bbox_regression=0.0570, bbox_ctrness=0.6037
epoch 30/50 iter 1180/1860 loss=0.6345 mean_loss=0.6591 classification=0.0160, bbox_regression=0.0401, bbox_ctrness=0.5784
epoch 30/50 iter 1200/1860 loss=0.6535 mean_loss=0.6592 classification=0.0054, bbox_regression=0.0452, bbox_ctrness=0.6028
epoch 30/50 iter 1220/1860 loss=0.6477 mean_loss=0.6592 classification=0.0027, bbox_regression=0.0577, bbox_ctrness=0.5874
epoch 30/50 iter 1240/1860 loss=0.6396 mean_loss=0.6592 classification=0.0012, bbox_regression=0.0387, bbox_ctrness=0.5997
epoch 30/50 iter 1260/1860 loss=0.6718 mean_loss=0.6591 classification=0.0221, bbox_regression=0.0528, bbox_ctrness=0.5968
epoch 30/50 iter 1280/1860 loss=0.6537 mean_loss=0.6591 classification=0.0039, bbox_regression=0.0546, bbox_ctrness=0.5951
epoch 30/50 iter 1300/1860 loss=0.6301 mean_loss=0.6591 classification=0.0014, bbox_regression=0.0389, bbox_ctrness=0.5898
epoch 30/50 iter 1320/1860 loss=0.6884 mean_loss=0.6590 classification=0.0001, bbox_regression=0.0687, bbox_ctrness=0.6196
epoch 30/50 iter 1340/1860 loss=0.6666 mean_loss=0.6589 classification=0.0002, bbox_regression=0.0381, bbox_ctrness=0.6283
epoch 30/50 iter 1360/1860 loss=0.6752 mean_loss=0.6590 classification=0.0229, bbox_regression=0.0543, bbox_ctrness=0.5980
epoch 30/50 iter 1380/1860 loss=0.6402 mean_loss=0.6590 classification=0.0007, bbox_regression=0.0309, bbox_ctrness=0.6086
epoch 30/50 iter 1400/1860 loss=0.7752 mean_loss=0.6592 classification=0.1203, bbox_regression=0.0603, bbox_ctrness=0.5945
epoch 30/50 iter 1420/1860 loss=0.6555 mean_loss=0.6591 classification=0.0002, bbox_regression=0.0468, bbox_ctrness=0.6085
epoch 30/50 iter 1440/1860 loss=0.6606 mean_loss=0.6591 classification=0.0263, bbox_regression=0.0459, bbox_ctrness=0.5885
epoch 30/50 iter 1460/1860 loss=0.7004 mean_loss=0.6591 classification=0.0370, bbox_regression=0.0747, bbox_ctrness=0.5887
epoch 30/50 iter 1480/1860 loss=0.6628 mean_loss=0.6591 classification=0.0167, bbox_regression=0.0597, bbox_ctrness=0.5864
epoch 30/50 iter 1500/1860 loss=0.6731 mean_loss=0.6592 classification=0.0111, bbox_regression=0.0487, bbox_ctrness=0.6132
epoch 30/50 iter 1520/1860 loss=0.6638 mean_loss=0.6591 classification=0.0015, bbox_regression=0.0699, bbox_ctrness=0.5924
epoch 30/50 iter 1540/1860 loss=0.6430 mean_loss=0.6591 classification=0.0012, bbox_regression=0.0446, bbox_ctrness=0.5972
epoch 30/50 iter 1560/1860 loss=0.6665 mean_loss=0.6593 classification=0.0087, bbox_regression=0.0526, bbox_ctrness=0.6051
epoch 30/50 iter 1580/1860 loss=0.6733 mean_loss=0.6593 classification=0.0003, bbox_regression=0.0567, bbox_ctrness=0.6163
epoch 30/50 iter 1600/1860 loss=0.6533 mean_loss=0.6592 classification=0.0012, bbox_regression=0.0486, bbox_ctrness=0.6036
epoch 30/50 iter 1620/1860 loss=0.6709 mean_loss=0.6593 classification=0.0038, bbox_regression=0.0510, bbox_ctrness=0.6161
epoch 30/50 iter 1640/1860 loss=0.6581 mean_loss=0.6593 classification=0.0048, bbox_regression=0.0421, bbox_ctrness=0.6112
epoch 30/50 iter 1660/1860 loss=0.6767 mean_loss=0.6594 classification=0.0224, bbox_regression=0.0595, bbox_ctrness=0.5948
epoch 30/50 iter 1680/1860 loss=0.6691 mean_loss=0.6593 classification=0.0160, bbox_regression=0.0613, bbox_ctrness=0.5918
epoch 30/50 iter 1700/1860 loss=0.6623 mean_loss=0.6594 classification=0.0052, bbox_regression=0.0541, bbox_ctrness=0.6030
epoch 30/50 iter 1720/1860 loss=0.6287 mean_loss=0.6596 classification=0.0018, bbox_regression=0.0461, bbox_ctrness=0.5808
epoch 30/50 iter 1740/1860 loss=0.6436 mean_loss=0.6596 classification=0.0039, bbox_regression=0.0403, bbox_ctrness=0.5993
epoch 30/50 iter 1760/1860 loss=0.6489 mean_loss=0.6596 classification=0.0119, bbox_regression=0.0391, bbox_ctrness=0.5979
epoch 30/50 iter 1780/1860 loss=0.6362 mean_loss=0.6595 classification=0.0001, bbox_regression=0.0397, bbox_ctrness=0.5965
epoch 30/50 iter 1800/1860 loss=0.6327 mean_loss=0.6596 classification=0.0080, bbox_regression=0.0410, bbox_ctrness=0.5837
epoch 30/50 iter 1820/1860 loss=0.6685 mean_loss=0.6597 classification=0.0011, bbox_regression=0.0608, bbox_ctrness=0.6066
epoch 30/50 iter 1840/1860 loss=0.6623 mean_loss=0.6597 classification=0.0054, bbox_regression=0.0598, bbox_ctrness=0.5970
epoch 30/50 iter 1860/1860 loss=0.6376 mean_loss=0.6596 classification=0.0002, bbox_regression=0.0406, bbox_ctrness=0.5967
epoch 30 validation Precision=0.7241 Recall=0.9235 AP50=0.8993 AP75=0.8159 eval_fps=25.37 epoch_time_sec=834.2
saved checkpoint: E:\RepViT-main\runs\v48_complete_ablation\training\ra_static_equal_seed0\weights\last.pt
epoch 31/50 iter 1/1860 loss=0.6455 mean_loss=0.6455 classification=0.0046, bbox_regression=0.0482, bbox_ctrness=0.5926
epoch 31/50 iter 20/1860 loss=0.6467 mean_loss=0.6520 classification=0.0113, bbox_regression=0.0569, bbox_ctrness=0.5785
epoch 31/50 iter 40/1860 loss=0.6697 mean_loss=0.6511 classification=0.0035, bbox_regression=0.0610, bbox_ctrness=0.6052
epoch 31/50 iter 60/1860 loss=0.6538 mean_loss=0.6510 classification=0.0082, bbox_regression=0.0444, bbox_ctrness=0.6012
epoch 31/50 iter 80/1860 loss=0.6610 mean_loss=0.6508 classification=0.0055, bbox_regression=0.0549, bbox_ctrness=0.6007
epoch 31/50 iter 100/1860 loss=0.6482 mean_loss=0.6503 classification=0.0003, bbox_regression=0.0425, bbox_ctrness=0.6054
epoch 31/50 iter 120/1860 loss=0.6555 mean_loss=0.6510 classification=0.0078, bbox_regression=0.0465, bbox_ctrness=0.6013
epoch 31/50 iter 140/1860 loss=0.6447 mean_loss=0.6520 classification=0.0052, bbox_regression=0.0440, bbox_ctrness=0.5955
epoch 31/50 iter 160/1860 loss=0.6575 mean_loss=0.6529 classification=0.0019, bbox_regression=0.0473, bbox_ctrness=0.6084
epoch 31/50 iter 180/1860 loss=0.6409 mean_loss=0.6528 classification=0.0013, bbox_regression=0.0505, bbox_ctrness=0.5891
epoch 31/50 iter 200/1860 loss=0.6674 mean_loss=0.6533 classification=0.0065, bbox_regression=0.0556, bbox_ctrness=0.6053
epoch 31/50 iter 220/1860 loss=0.6289 mean_loss=0.6533 classification=0.0050, bbox_regression=0.0427, bbox_ctrness=0.5812
epoch 31/50 iter 240/1860 loss=0.6686 mean_loss=0.6535 classification=0.0040, bbox_regression=0.0498, bbox_ctrness=0.6148
epoch 31/50 iter 260/1860 loss=0.6494 mean_loss=0.6531 classification=0.0021, bbox_regression=0.0551, bbox_ctrness=0.5923
epoch 31/50 iter 280/1860 loss=0.6390 mean_loss=0.6531 classification=0.0034, bbox_regression=0.0419, bbox_ctrness=0.5938
epoch 31/50 iter 300/1860 loss=0.6709 mean_loss=0.6537 classification=0.0015, bbox_regression=0.0422, bbox_ctrness=0.6273
epoch 31/50 iter 320/1860 loss=0.6668 mean_loss=0.6536 classification=0.0025, bbox_regression=0.0479, bbox_ctrness=0.6164
epoch 31/50 iter 340/1860 loss=0.6480 mean_loss=0.6537 classification=0.0023, bbox_regression=0.0443, bbox_ctrness=0.6014
epoch 31/50 iter 360/1860 loss=0.6594 mean_loss=0.6532 classification=0.0034, bbox_regression=0.0581, bbox_ctrness=0.5979
epoch 31/50 iter 380/1860 loss=0.6331 mean_loss=0.6530 classification=0.0024, bbox_regression=0.0392, bbox_ctrness=0.5914
epoch 31/50 iter 400/1860 loss=0.6593 mean_loss=0.6532 classification=0.0032, bbox_regression=0.0521, bbox_ctrness=0.6039
epoch 31/50 iter 420/1860 loss=0.6444 mean_loss=0.6530 classification=0.0012, bbox_regression=0.0477, bbox_ctrness=0.5955
epoch 31/50 iter 440/1860 loss=0.6592 mean_loss=0.6530 classification=0.0090, bbox_regression=0.0638, bbox_ctrness=0.5864
epoch 31/50 iter 460/1860 loss=0.6516 mean_loss=0.6531 classification=0.0069, bbox_regression=0.0551, bbox_ctrness=0.5896
epoch 31/50 iter 480/1860 loss=0.6581 mean_loss=0.6531 classification=0.0073, bbox_regression=0.0492, bbox_ctrness=0.6016
epoch 31/50 iter 500/1860 loss=0.6566 mean_loss=0.6530 classification=0.0010, bbox_regression=0.0485, bbox_ctrness=0.6071
epoch 31/50 iter 520/1860 loss=0.6541 mean_loss=0.6528 classification=0.0008, bbox_regression=0.0562, bbox_ctrness=0.5970
epoch 31/50 iter 540/1860 loss=0.6635 mean_loss=0.6527 classification=0.0000, bbox_regression=0.0409, bbox_ctrness=0.6227
epoch 31/50 iter 560/1860 loss=0.6381 mean_loss=0.6527 classification=0.0048, bbox_regression=0.0526, bbox_ctrness=0.5807
epoch 31/50 iter 580/1860 loss=0.6574 mean_loss=0.6529 classification=0.0007, bbox_regression=0.0454, bbox_ctrness=0.6113
epoch 31/50 iter 600/1860 loss=0.6624 mean_loss=0.6528 classification=0.0039, bbox_regression=0.0495, bbox_ctrness=0.6089
epoch 31/50 iter 620/1860 loss=0.6536 mean_loss=0.6528 classification=0.0014, bbox_regression=0.0531, bbox_ctrness=0.5991
epoch 31/50 iter 640/1860 loss=0.6432 mean_loss=0.6527 classification=0.0029, bbox_regression=0.0509, bbox_ctrness=0.5895
epoch 31/50 iter 660/1860 loss=0.6565 mean_loss=0.6529 classification=0.0004, bbox_regression=0.0404, bbox_ctrness=0.6157
epoch 31/50 iter 680/1860 loss=0.6459 mean_loss=0.6529 classification=0.0204, bbox_regression=0.0398, bbox_ctrness=0.5858
epoch 31/50 iter 700/1860 loss=0.6521 mean_loss=0.6529 classification=0.0192, bbox_regression=0.0413, bbox_ctrness=0.5915
epoch 31/50 iter 720/1860 loss=0.6622 mean_loss=0.6530 classification=0.0108, bbox_regression=0.0565, bbox_ctrness=0.5949
epoch 31/50 iter 740/1860 loss=0.6600 mean_loss=0.6531 classification=0.0027, bbox_regression=0.0637, bbox_ctrness=0.5936
epoch 31/50 iter 760/1860 loss=0.6691 mean_loss=0.6530 classification=0.0126, bbox_regression=0.0602, bbox_ctrness=0.5962
epoch 31/50 iter 780/1860 loss=0.6825 mean_loss=0.6532 classification=0.0199, bbox_regression=0.0648, bbox_ctrness=0.5978
epoch 31/50 iter 800/1860 loss=0.6603 mean_loss=0.6535 classification=0.0041, bbox_regression=0.0381, bbox_ctrness=0.6181
epoch 31/50 iter 820/1860 loss=0.6857 mean_loss=0.6539 classification=0.0203, bbox_regression=0.0511, bbox_ctrness=0.6144
epoch 31/50 iter 840/1860 loss=0.6298 mean_loss=0.6537 classification=0.0042, bbox_regression=0.0450, bbox_ctrness=0.5806
epoch 31/50 iter 860/1860 loss=0.7093 mean_loss=0.6538 classification=0.0472, bbox_regression=0.0572, bbox_ctrness=0.6049
epoch 31/50 iter 880/1860 loss=0.6478 mean_loss=0.6540 classification=0.0034, bbox_regression=0.0500, bbox_ctrness=0.5944
epoch 31/50 iter 900/1860 loss=0.6725 mean_loss=0.6541 classification=0.0044, bbox_regression=0.0651, bbox_ctrness=0.6030
epoch 31/50 iter 920/1860 loss=0.6805 mean_loss=0.6541 classification=0.0019, bbox_regression=0.0575, bbox_ctrness=0.6211
epoch 31/50 iter 940/1860 loss=0.6752 mean_loss=0.6540 classification=0.0155, bbox_regression=0.0644, bbox_ctrness=0.5954
epoch 31/50 iter 960/1860 loss=0.6424 mean_loss=0.6541 classification=0.0033, bbox_regression=0.0519, bbox_ctrness=0.5872
epoch 31/50 iter 980/1860 loss=0.6433 mean_loss=0.6541 classification=0.0001, bbox_regression=0.0423, bbox_ctrness=0.6010
epoch 31/50 iter 1000/1860 loss=0.6539 mean_loss=0.6541 classification=0.0050, bbox_regression=0.0506, bbox_ctrness=0.5984
epoch 31/50 iter 1020/1860 loss=0.6608 mean_loss=0.6542 classification=0.0003, bbox_regression=0.0515, bbox_ctrness=0.6090
epoch 31/50 iter 1040/1860 loss=0.6322 mean_loss=0.6542 classification=0.0048, bbox_regression=0.0443, bbox_ctrness=0.5831
epoch 31/50 iter 1060/1860 loss=0.6523 mean_loss=0.6543 classification=0.0008, bbox_regression=0.0559, bbox_ctrness=0.5956
epoch 31/50 iter 1080/1860 loss=0.6436 mean_loss=0.6542 classification=0.0009, bbox_regression=0.0358, bbox_ctrness=0.6069
epoch 31/50 iter 1100/1860 loss=0.6443 mean_loss=0.6541 classification=0.0044, bbox_regression=0.0506, bbox_ctrness=0.5894
epoch 31/50 iter 1120/1860 loss=0.6460 mean_loss=0.6541 classification=0.0104, bbox_regression=0.0429, bbox_ctrness=0.5926
epoch 31/50 iter 1140/1860 loss=0.7015 mean_loss=0.6542 classification=0.0275, bbox_regression=0.0543, bbox_ctrness=0.6197
epoch 31/50 iter 1160/1860 loss=0.6666 mean_loss=0.6543 classification=0.0109, bbox_regression=0.0526, bbox_ctrness=0.6030
epoch 31/50 iter 1180/1860 loss=0.6586 mean_loss=0.6542 classification=0.0036, bbox_regression=0.0480, bbox_ctrness=0.6071
epoch 31/50 iter 1200/1860 loss=0.6629 mean_loss=0.6541 classification=0.0024, bbox_regression=0.0539, bbox_ctrness=0.6066
epoch 31/50 iter 1220/1860 loss=0.6180 mean_loss=0.6542 classification=0.0034, bbox_regression=0.0356, bbox_ctrness=0.5791
epoch 31/50 iter 1240/1860 loss=0.6653 mean_loss=0.6543 classification=0.0232, bbox_regression=0.0405, bbox_ctrness=0.6017
epoch 31/50 iter 1260/1860 loss=0.6858 mean_loss=0.6545 classification=0.0351, bbox_regression=0.0635, bbox_ctrness=0.5872
epoch 31/50 iter 1280/1860 loss=0.6682 mean_loss=0.6545 classification=0.0275, bbox_regression=0.0538, bbox_ctrness=0.5869
epoch 31/50 iter 1300/1860 loss=0.6596 mean_loss=0.6547 classification=0.0069, bbox_regression=0.0591, bbox_ctrness=0.5936
epoch 31/50 iter 1320/1860 loss=0.6675 mean_loss=0.6550 classification=0.0038, bbox_regression=0.0419, bbox_ctrness=0.6218
epoch 31/50 iter 1340/1860 loss=0.6512 mean_loss=0.6551 classification=0.0010, bbox_regression=0.0447, bbox_ctrness=0.6056
epoch 31/50 iter 1360/1860 loss=0.6476 mean_loss=0.6552 classification=0.0015, bbox_regression=0.0438, bbox_ctrness=0.6023
epoch 31/50 iter 1380/1860 loss=0.6570 mean_loss=0.6553 classification=0.0165, bbox_regression=0.0449, bbox_ctrness=0.5956
epoch 31/50 iter 1400/1860 loss=0.6493 mean_loss=0.6555 classification=0.0168, bbox_regression=0.0467, bbox_ctrness=0.5859
epoch 31/50 iter 1420/1860 loss=0.6316 mean_loss=0.6556 classification=0.0059, bbox_regression=0.0475, bbox_ctrness=0.5781
epoch 31/50 iter 1440/1860 loss=0.6384 mean_loss=0.6558 classification=0.0011, bbox_regression=0.0493, bbox_ctrness=0.5880
epoch 31/50 iter 1460/1860 loss=0.6469 mean_loss=0.6560 classification=0.0032, bbox_regression=0.0505, bbox_ctrness=0.5932
epoch 31/50 iter 1480/1860 loss=0.6366 mean_loss=0.6560 classification=0.0097, bbox_regression=0.0528, bbox_ctrness=0.5740
epoch 31/50 iter 1500/1860 loss=0.6726 mean_loss=0.6561 classification=0.0026, bbox_regression=0.0551, bbox_ctrness=0.6149
epoch 31/50 iter 1520/1860 loss=0.6517 mean_loss=0.6561 classification=0.0075, bbox_regression=0.0531, bbox_ctrness=0.5912
epoch 31/50 iter 1540/1860 loss=0.6617 mean_loss=0.6561 classification=0.0101, bbox_regression=0.0589, bbox_ctrness=0.5927
epoch 31/50 iter 1560/1860 loss=0.6721 mean_loss=0.6562 classification=0.0034, bbox_regression=0.0548, bbox_ctrness=0.6139
epoch 31/50 iter 1580/1860 loss=0.6666 mean_loss=0.6564 classification=0.0272, bbox_regression=0.0526, bbox_ctrness=0.5867
epoch 31/50 iter 1600/1860 loss=0.7337 mean_loss=0.6566 classification=0.0754, bbox_regression=0.0660, bbox_ctrness=0.5923
epoch 31/50 iter 1620/1860 loss=0.6680 mean_loss=0.6566 classification=0.0082, bbox_regression=0.0536, bbox_ctrness=0.6063
epoch 31/50 iter 1640/1860 loss=0.6578 mean_loss=0.6568 classification=0.0066, bbox_regression=0.0504, bbox_ctrness=0.6008
epoch 31/50 iter 1660/1860 loss=0.6547 mean_loss=0.6570 classification=0.0073, bbox_regression=0.0483, bbox_ctrness=0.5991
epoch 31/50 iter 1680/1860 loss=0.6755 mean_loss=0.6574 classification=0.0217, bbox_regression=0.0442, bbox_ctrness=0.6097
epoch 31/50 iter 1700/1860 loss=0.6687 mean_loss=0.6576 classification=0.0042, bbox_regression=0.0583, bbox_ctrness=0.6061
epoch 31/50 iter 1720/1860 loss=0.6259 mean_loss=0.6577 classification=0.0091, bbox_regression=0.0365, bbox_ctrness=0.5803
epoch 31/50 iter 1740/1860 loss=0.6717 mean_loss=0.6579 classification=0.0082, bbox_regression=0.0632, bbox_ctrness=0.6003
epoch 31/50 iter 1760/1860 loss=0.6509 mean_loss=0.6578 classification=0.0146, bbox_regression=0.0427, bbox_ctrness=0.5936
epoch 31/50 iter 1780/1860 loss=0.6781 mean_loss=0.6579 classification=0.0176, bbox_regression=0.0608, bbox_ctrness=0.5997
epoch 31/50 iter 1800/1860 loss=0.6446 mean_loss=0.6579 classification=0.0043, bbox_regression=0.0445, bbox_ctrness=0.5958
epoch 31/50 iter 1820/1860 loss=0.6667 mean_loss=0.6580 classification=0.0023, bbox_regression=0.0565, bbox_ctrness=0.6079
epoch 31/50 iter 1840/1860 loss=0.6448 mean_loss=0.6581 classification=0.0050, bbox_regression=0.0519, bbox_ctrness=0.5879
epoch 31/50 iter 1860/1860 loss=0.6672 mean_loss=0.6581 classification=0.0165, bbox_regression=0.0448, bbox_ctrness=0.6059
epoch 31 validation Precision=0.7148 Recall=0.9149 AP50=0.8899 AP75=0.8102 eval_fps=25.39 epoch_time_sec=833.8
saved checkpoint: E:\RepViT-main\runs\v48_complete_ablation\training\ra_static_equal_seed0\weights\last.pt
epoch 32/50 iter 1/1860 loss=0.6799 mean_loss=0.6799 classification=0.0142, bbox_regression=0.0504, bbox_ctrness=0.6152
epoch 32/50 iter 20/1860 loss=0.6648 mean_loss=0.6565 classification=0.0039, bbox_regression=0.0461, bbox_ctrness=0.6147
epoch 32/50 iter 40/1860 loss=0.6245 mean_loss=0.6563 classification=0.0014, bbox_regression=0.0425, bbox_ctrness=0.5807
epoch 32/50 iter 60/1860 loss=0.6549 mean_loss=0.6550 classification=0.0012, bbox_regression=0.0489, bbox_ctrness=0.6047
epoch 32/50 iter 80/1860 loss=0.6625 mean_loss=0.6573 classification=0.0130, bbox_regression=0.0549, bbox_ctrness=0.5946
epoch 32/50 iter 100/1860 loss=0.6741 mean_loss=0.6576 classification=0.0056, bbox_regression=0.0486, bbox_ctrness=0.6199
epoch 32/50 iter 120/1860 loss=0.6150 mean_loss=0.6567 classification=0.0043, bbox_regression=0.0407, bbox_ctrness=0.5699
epoch 32/50 iter 140/1860 loss=0.6482 mean_loss=0.6570 classification=0.0008, bbox_regression=0.0412, bbox_ctrness=0.6062
epoch 32/50 iter 160/1860 loss=0.6422 mean_loss=0.6565 classification=0.0093, bbox_regression=0.0414, bbox_ctrness=0.5915
epoch 32/50 iter 180/1860 loss=0.6444 mean_loss=0.6580 classification=0.0097, bbox_regression=0.0412, bbox_ctrness=0.5935
epoch 32/50 iter 200/1860 loss=0.6953 mean_loss=0.6592 classification=0.0322, bbox_regression=0.0759, bbox_ctrness=0.5873
epoch 32/50 iter 220/1860 loss=0.6773 mean_loss=0.6600 classification=0.0151, bbox_regression=0.0552, bbox_ctrness=0.6070
epoch 32/50 iter 240/1860 loss=0.6425 mean_loss=0.6599 classification=0.0082, bbox_regression=0.0515, bbox_ctrness=0.5829
epoch 32/50 iter 260/1860 loss=0.6704 mean_loss=0.6602 classification=0.0055, bbox_regression=0.0493, bbox_ctrness=0.6156
epoch 32/50 iter 280/1860 loss=0.6522 mean_loss=0.6605 classification=0.0050, bbox_regression=0.0501, bbox_ctrness=0.5971
epoch 32/50 iter 300/1860 loss=0.6796 mean_loss=0.6603 classification=0.0223, bbox_regression=0.0614, bbox_ctrness=0.5959
epoch 32/50 iter 320/1860 loss=0.6413 mean_loss=0.6606 classification=0.0009, bbox_regression=0.0541, bbox_ctrness=0.5864
epoch 32/50 iter 340/1860 loss=0.6503 mean_loss=0.6604 classification=0.0042, bbox_regression=0.0525, bbox_ctrness=0.5935
epoch 32/50 iter 360/1860 loss=0.6460 mean_loss=0.6599 classification=0.0039, bbox_regression=0.0471, bbox_ctrness=0.5950
epoch 32/50 iter 380/1860 loss=0.6499 mean_loss=0.6598 classification=0.0005, bbox_regression=0.0441, bbox_ctrness=0.6052
epoch 32/50 iter 400/1860 loss=0.6437 mean_loss=0.6594 classification=0.0033, bbox_regression=0.0473, bbox_ctrness=0.5931
epoch 32/50 iter 420/1860 loss=0.6821 mean_loss=0.6592 classification=0.0067, bbox_regression=0.0651, bbox_ctrness=0.6104
epoch 32/50 iter 440/1860 loss=0.6630 mean_loss=0.6591 classification=0.0103, bbox_regression=0.0423, bbox_ctrness=0.6104
epoch 32/50 iter 460/1860 loss=0.6620 mean_loss=0.6590 classification=0.0025, bbox_regression=0.0552, bbox_ctrness=0.6042
epoch 32/50 iter 480/1860 loss=0.6486 mean_loss=0.6585 classification=0.0019, bbox_regression=0.0387, bbox_ctrness=0.6079
epoch 32/50 iter 500/1860 loss=0.6575 mean_loss=0.6584 classification=0.0155, bbox_regression=0.0537, bbox_ctrness=0.5883
epoch 32/50 iter 520/1860 loss=0.6683 mean_loss=0.6583 classification=0.0040, bbox_regression=0.0561, bbox_ctrness=0.6082
epoch 32/50 iter 540/1860 loss=0.6584 mean_loss=0.6582 classification=0.0003, bbox_regression=0.0498, bbox_ctrness=0.6083
epoch 32/50 iter 560/1860 loss=0.6420 mean_loss=0.6582 classification=0.0079, bbox_regression=0.0545, bbox_ctrness=0.5796
epoch 32/50 iter 580/1860 loss=0.6511 mean_loss=0.6581 classification=0.0077, bbox_regression=0.0489, bbox_ctrness=0.5946
epoch 32/50 iter 600/1860 loss=0.6513 mean_loss=0.6579 classification=0.0005, bbox_regression=0.0496, bbox_ctrness=0.6012
epoch 32/50 iter 620/1860 loss=0.6477 mean_loss=0.6580 classification=0.0008, bbox_regression=0.0466, bbox_ctrness=0.6002
epoch 32/50 iter 640/1860 loss=0.6485 mean_loss=0.6577 classification=0.0112, bbox_regression=0.0508, bbox_ctrness=0.5865
epoch 32/50 iter 660/1860 loss=0.6501 mean_loss=0.6576 classification=0.0081, bbox_regression=0.0384, bbox_ctrness=0.6037
epoch 32/50 iter 680/1860 loss=0.6910 mean_loss=0.6576 classification=0.0038, bbox_regression=0.0701, bbox_ctrness=0.6171
epoch 32/50 iter 700/1860 loss=0.6523 mean_loss=0.6575 classification=0.0070, bbox_regression=0.0566, bbox_ctrness=0.5887
epoch 32/50 iter 720/1860 loss=0.6505 mean_loss=0.6576 classification=0.0011, bbox_regression=0.0483, bbox_ctrness=0.6011
epoch 32/50 iter 740/1860 loss=0.6838 mean_loss=0.6577 classification=0.0025, bbox_regression=0.0782, bbox_ctrness=0.6031
epoch 32/50 iter 760/1860 loss=0.6790 mean_loss=0.6575 classification=0.0046, bbox_regression=0.0587, bbox_ctrness=0.6157
epoch 32/50 iter 780/1860 loss=0.6687 mean_loss=0.6579 classification=0.0095, bbox_regression=0.0399, bbox_ctrness=0.6193
epoch 32/50 iter 800/1860 loss=0.6439 mean_loss=0.6582 classification=0.0014, bbox_regression=0.0395, bbox_ctrness=0.6030
epoch 32/50 iter 820/1860 loss=0.6206 mean_loss=0.6582 classification=0.0014, bbox_regression=0.0293, bbox_ctrness=0.5899
epoch 32/50 iter 840/1860 loss=0.6499 mean_loss=0.6581 classification=0.0087, bbox_regression=0.0420, bbox_ctrness=0.5992
epoch 32/50 iter 860/1860 loss=0.6642 mean_loss=0.6580 classification=0.0050, bbox_regression=0.0458, bbox_ctrness=0.6134
epoch 32/50 iter 880/1860 loss=0.6664 mean_loss=0.6581 classification=0.0049, bbox_regression=0.0653, bbox_ctrness=0.5962
epoch 32/50 iter 900/1860 loss=0.6670 mean_loss=0.6581 classification=0.0063, bbox_regression=0.0558, bbox_ctrness=0.6049
epoch 32/50 iter 920/1860 loss=0.6719 mean_loss=0.6580 classification=0.0026, bbox_regression=0.0568, bbox_ctrness=0.6125
epoch 32/50 iter 940/1860 loss=0.6677 mean_loss=0.6580 classification=0.0135, bbox_regression=0.0644, bbox_ctrness=0.5898
epoch 32/50 iter 960/1860 loss=0.6300 mean_loss=0.6580 classification=0.0005, bbox_regression=0.0353, bbox_ctrness=0.5942
epoch 32/50 iter 980/1860 loss=0.6795 mean_loss=0.6581 classification=0.0031, bbox_regression=0.0611, bbox_ctrness=0.6153
epoch 32/50 iter 1000/1860 loss=0.6389 mean_loss=0.6580 classification=0.0020, bbox_regression=0.0383, bbox_ctrness=0.5987
epoch 32/50 iter 1020/1860 loss=0.6513 mean_loss=0.6578 classification=0.0058, bbox_regression=0.0499, bbox_ctrness=0.5955
epoch 32/50 iter 1040/1860 loss=0.6365 mean_loss=0.6576 classification=0.0060, bbox_regression=0.0473, bbox_ctrness=0.5832
epoch 32/50 iter 1060/1860 loss=0.6860 mean_loss=0.6577 classification=0.0173, bbox_regression=0.0610, bbox_ctrness=0.6077
epoch 32/50 iter 1080/1860 loss=0.6733 mean_loss=0.6577 classification=0.0013, bbox_regression=0.0557, bbox_ctrness=0.6163
epoch 32/50 iter 1100/1860 loss=0.6692 mean_loss=0.6578 classification=0.0079, bbox_regression=0.0762, bbox_ctrness=0.5851
epoch 32/50 iter 1120/1860 loss=0.8106 mean_loss=0.6580 classification=0.0872, bbox_regression=0.1138, bbox_ctrness=0.6096
epoch 32/50 iter 1140/1860 loss=0.6404 mean_loss=0.6579 classification=0.0014, bbox_regression=0.0420, bbox_ctrness=0.5970
epoch 32/50 iter 1160/1860 loss=0.6601 mean_loss=0.6579 classification=0.0074, bbox_regression=0.0467, bbox_ctrness=0.6060
epoch 32/50 iter 1180/1860 loss=0.6446 mean_loss=0.6579 classification=0.0034, bbox_regression=0.0494, bbox_ctrness=0.5917
epoch 32/50 iter 1200/1860 loss=0.6519 mean_loss=0.6580 classification=0.0013, bbox_regression=0.0517, bbox_ctrness=0.5988
epoch 32/50 iter 1220/1860 loss=0.6357 mean_loss=0.6579 classification=0.0018, bbox_regression=0.0399, bbox_ctrness=0.5940
epoch 32/50 iter 1240/1860 loss=0.6639 mean_loss=0.6579 classification=0.0112, bbox_regression=0.0439, bbox_ctrness=0.6089
epoch 32/50 iter 1260/1860 loss=0.6442 mean_loss=0.6579 classification=0.0043, bbox_regression=0.0463, bbox_ctrness=0.5936
epoch 32/50 iter 1280/1860 loss=0.6596 mean_loss=0.6580 classification=0.0030, bbox_regression=0.0502, bbox_ctrness=0.6064
epoch 32/50 iter 1300/1860 loss=0.6413 mean_loss=0.6580 classification=0.0005, bbox_regression=0.0429, bbox_ctrness=0.5978
epoch 32/50 iter 1320/1860 loss=0.6624 mean_loss=0.6580 classification=0.0138, bbox_regression=0.0607, bbox_ctrness=0.5879
epoch 32/50 iter 1340/1860 loss=0.6521 mean_loss=0.6581 classification=0.0172, bbox_regression=0.0445, bbox_ctrness=0.5904
epoch 32/50 iter 1360/1860 loss=0.6531 mean_loss=0.6580 classification=0.0038, bbox_regression=0.0508, bbox_ctrness=0.5984
epoch 32/50 iter 1380/1860 loss=0.6719 mean_loss=0.6579 classification=0.0218, bbox_regression=0.0573, bbox_ctrness=0.5928
epoch 32/50 iter 1400/1860 loss=0.6389 mean_loss=0.6579 classification=0.0019, bbox_regression=0.0415, bbox_ctrness=0.5954
epoch 32/50 iter 1420/1860 loss=0.6480 mean_loss=0.6578 classification=0.0008, bbox_regression=0.0450, bbox_ctrness=0.6023
epoch 32/50 iter 1440/1860 loss=0.6760 mean_loss=0.6577 classification=0.0119, bbox_regression=0.0654, bbox_ctrness=0.5988
epoch 32/50 iter 1460/1860 loss=0.7049 mean_loss=0.6577 classification=0.0486, bbox_regression=0.0474, bbox_ctrness=0.6089
epoch 32/50 iter 1480/1860 loss=0.6243 mean_loss=0.6576 classification=0.0040, bbox_regression=0.0397, bbox_ctrness=0.5806
epoch 32/50 iter 1500/1860 loss=0.6594 mean_loss=0.6576 classification=0.0025, bbox_regression=0.0584, bbox_ctrness=0.5985
epoch 32/50 iter 1520/1860 loss=0.6514 mean_loss=0.6576 classification=0.0031, bbox_regression=0.0537, bbox_ctrness=0.5946
epoch 32/50 iter 1540/1860 loss=0.6421 mean_loss=0.6575 classification=0.0034, bbox_regression=0.0553, bbox_ctrness=0.5834
epoch 32/50 iter 1560/1860 loss=0.6452 mean_loss=0.6574 classification=0.0089, bbox_regression=0.0501, bbox_ctrness=0.5862
epoch 32/50 iter 1580/1860 loss=0.6405 mean_loss=0.6573 classification=0.0024, bbox_regression=0.0477, bbox_ctrness=0.5904
epoch 32/50 iter 1600/1860 loss=0.6405 mean_loss=0.6572 classification=0.0027, bbox_regression=0.0425, bbox_ctrness=0.5953
epoch 32/50 iter 1620/1860 loss=0.6538 mean_loss=0.6572 classification=0.0046, bbox_regression=0.0535, bbox_ctrness=0.5958
epoch 32/50 iter 1640/1860 loss=0.6283 mean_loss=0.6572 classification=0.0013, bbox_regression=0.0424, bbox_ctrness=0.5847
epoch 32/50 iter 1660/1860 loss=0.6373 mean_loss=0.6571 classification=0.0049, bbox_regression=0.0517, bbox_ctrness=0.5807
epoch 32/50 iter 1680/1860 loss=0.6581 mean_loss=0.6571 classification=0.0003, bbox_regression=0.0471, bbox_ctrness=0.6107
epoch 32/50 iter 1700/1860 loss=0.6623 mean_loss=0.6572 classification=0.0050, bbox_regression=0.0686, bbox_ctrness=0.5887
epoch 32/50 iter 1720/1860 loss=0.6328 mean_loss=0.6573 classification=0.0068, bbox_regression=0.0472, bbox_ctrness=0.5787
epoch 32/50 iter 1740/1860 loss=0.7331 mean_loss=0.6573 classification=0.0729, bbox_regression=0.0716, bbox_ctrness=0.5886
epoch 32/50 iter 1760/1860 loss=0.6594 mean_loss=0.6572 classification=0.0155, bbox_regression=0.0527, bbox_ctrness=0.5913
epoch 32/50 iter 1780/1860 loss=0.6571 mean_loss=0.6572 classification=0.0019, bbox_regression=0.0428, bbox_ctrness=0.6123
epoch 32/50 iter 1800/1860 loss=0.6532 mean_loss=0.6573 classification=0.0032, bbox_regression=0.0509, bbox_ctrness=0.5991
epoch 32/50 iter 1820/1860 loss=0.6568 mean_loss=0.6573 classification=0.0028, bbox_regression=0.0396, bbox_ctrness=0.6144
epoch 32/50 iter 1840/1860 loss=0.6513 mean_loss=0.6573 classification=0.0018, bbox_regression=0.0441, bbox_ctrness=0.6054
epoch 32/50 iter 1860/1860 loss=0.6495 mean_loss=0.6573 classification=0.0049, bbox_regression=0.0506, bbox_ctrness=0.5940
epoch 32 validation Precision=0.7245 Recall=0.9270 AP50=0.9036 AP75=0.8233 eval_fps=25.26 epoch_time_sec=833.5
saved checkpoint: E:\RepViT-main\runs\v48_complete_ablation\training\ra_static_equal_seed0\weights\last.pt
epoch 33/50 iter 1/1860 loss=0.6423 mean_loss=0.6423 classification=0.0027, bbox_regression=0.0463, bbox_ctrness=0.5933
epoch 33/50 iter 20/1860 loss=0.6540 mean_loss=0.6525 classification=0.0062, bbox_regression=0.0390, bbox_ctrness=0.6088
epoch 33/50 iter 40/1860 loss=0.6523 mean_loss=0.6529 classification=0.0066, bbox_regression=0.0532, bbox_ctrness=0.5925
epoch 33/50 iter 60/1860 loss=0.6538 mean_loss=0.6544 classification=0.0072, bbox_regression=0.0365, bbox_ctrness=0.6101
epoch 33/50 iter 80/1860 loss=0.6701 mean_loss=0.6562 classification=0.0086, bbox_regression=0.0528, bbox_ctrness=0.6087
epoch 33/50 iter 100/1860 loss=0.6645 mean_loss=0.6556 classification=0.0009, bbox_regression=0.0510, bbox_ctrness=0.6127
epoch 33/50 iter 120/1860 loss=0.6291 mean_loss=0.6543 classification=0.0045, bbox_regression=0.0500, bbox_ctrness=0.5747
epoch 33/50 iter 140/1860 loss=0.6468 mean_loss=0.6540 classification=0.0102, bbox_regression=0.0495, bbox_ctrness=0.5871
epoch 33/50 iter 160/1860 loss=0.6657 mean_loss=0.6533 classification=0.0027, bbox_regression=0.0510, bbox_ctrness=0.6119
epoch 33/50 iter 180/1860 loss=0.6407 mean_loss=0.6538 classification=0.0045, bbox_regression=0.0493, bbox_ctrness=0.5870
epoch 33/50 iter 200/1860 loss=0.6467 mean_loss=0.6539 classification=0.0014, bbox_regression=0.0591, bbox_ctrness=0.5863
epoch 33/50 iter 220/1860 loss=0.6774 mean_loss=0.6541 classification=0.0308, bbox_regression=0.0433, bbox_ctrness=0.6033
epoch 33/50 iter 240/1860 loss=0.6681 mean_loss=0.6543 classification=0.0021, bbox_regression=0.0465, bbox_ctrness=0.6195
epoch 33/50 iter 260/1860 loss=0.6400 mean_loss=0.6539 classification=0.0015, bbox_regression=0.0415, bbox_ctrness=0.5971
epoch 33/50 iter 280/1860 loss=0.6502 mean_loss=0.6535 classification=0.0002, bbox_regression=0.0499, bbox_ctrness=0.6001
epoch 33/50 iter 300/1860 loss=0.6438 mean_loss=0.6532 classification=0.0017, bbox_regression=0.0467, bbox_ctrness=0.5953
epoch 33/50 iter 320/1860 loss=0.6677 mean_loss=0.6533 classification=0.0015, bbox_regression=0.0489, bbox_ctrness=0.6173
epoch 33/50 iter 340/1860 loss=0.6321 mean_loss=0.6535 classification=0.0039, bbox_regression=0.0425, bbox_ctrness=0.5856
epoch 33/50 iter 360/1860 loss=0.6368 mean_loss=0.6533 classification=0.0041, bbox_regression=0.0466, bbox_ctrness=0.5861
epoch 33/50 iter 380/1860 loss=0.6549 mean_loss=0.6533 classification=0.0006, bbox_regression=0.0400, bbox_ctrness=0.6142
epoch 33/50 iter 400/1860 loss=0.6630 mean_loss=0.6533 classification=0.0043, bbox_regression=0.0539, bbox_ctrness=0.6047
epoch 33/50 iter 420/1860 loss=0.6595 mean_loss=0.6530 classification=0.0001, bbox_regression=0.0425, bbox_ctrness=0.6169
epoch 33/50 iter 440/1860 loss=0.6352 mean_loss=0.6529 classification=0.0008, bbox_regression=0.0460, bbox_ctrness=0.5884
epoch 33/50 iter 460/1860 loss=0.6574 mean_loss=0.6527 classification=0.0127, bbox_regression=0.0466, bbox_ctrness=0.5981
epoch 33/50 iter 480/1860 loss=0.6338 mean_loss=0.6526 classification=0.0054, bbox_regression=0.0486, bbox_ctrness=0.5798
epoch 33/50 iter 500/1860 loss=0.6715 mean_loss=0.6527 classification=0.0037, bbox_regression=0.0526, bbox_ctrness=0.6152
epoch 33/50 iter 520/1860 loss=0.6436 mean_loss=0.6524 classification=0.0009, bbox_regression=0.0472, bbox_ctrness=0.5955
epoch 33/50 iter 540/1860 loss=0.6390 mean_loss=0.6525 classification=0.0031, bbox_regression=0.0533, bbox_ctrness=0.5826
epoch 33/50 iter 560/1860 loss=0.6555 mean_loss=0.6526 classification=0.0014, bbox_regression=0.0539, bbox_ctrness=0.6002
epoch 33/50 iter 580/1860 loss=0.6803 mean_loss=0.6527 classification=0.0054, bbox_regression=0.0684, bbox_ctrness=0.6066
epoch 33/50 iter 600/1860 loss=0.6391 mean_loss=0.6530 classification=0.0051, bbox_regression=0.0382, bbox_ctrness=0.5957
epoch 33/50 iter 620/1860 loss=0.6605 mean_loss=0.6540 classification=0.0121, bbox_regression=0.0473, bbox_ctrness=0.6011
epoch 33/50 iter 640/1860 loss=0.6939 mean_loss=0.6545 classification=0.0312, bbox_regression=0.0524, bbox_ctrness=0.6103
epoch 33/50 iter 660/1860 loss=0.6675 mean_loss=0.6544 classification=0.0049, bbox_regression=0.0459, bbox_ctrness=0.6167
epoch 33/50 iter 680/1860 loss=0.6387 mean_loss=0.6545 classification=0.0012, bbox_regression=0.0456, bbox_ctrness=0.5918
epoch 33/50 iter 700/1860 loss=0.6499 mean_loss=0.6546 classification=0.0016, bbox_regression=0.0435, bbox_ctrness=0.6048
epoch 33/50 iter 720/1860 loss=0.6543 mean_loss=0.6546 classification=0.0063, bbox_regression=0.0432, bbox_ctrness=0.6048
epoch 33/50 iter 740/1860 loss=0.6566 mean_loss=0.6548 classification=0.0288, bbox_regression=0.0469, bbox_ctrness=0.5809
epoch 33/50 iter 760/1860 loss=0.6452 mean_loss=0.6549 classification=0.0048, bbox_regression=0.0444, bbox_ctrness=0.5960
epoch 33/50 iter 780/1860 loss=0.6531 mean_loss=0.6549 classification=0.0024, bbox_regression=0.0493, bbox_ctrness=0.6015
epoch 33/50 iter 800/1860 loss=0.6601 mean_loss=0.6550 classification=0.0077, bbox_regression=0.0432, bbox_ctrness=0.6092
epoch 33/50 iter 820/1860 loss=0.6489 mean_loss=0.6551 classification=0.0013, bbox_regression=0.0399, bbox_ctrness=0.6077
epoch 33/50 iter 840/1860 loss=0.6576 mean_loss=0.6549 classification=0.0040, bbox_regression=0.0475, bbox_ctrness=0.6061
epoch 33/50 iter 860/1860 loss=0.6245 mean_loss=0.6548 classification=0.0012, bbox_regression=0.0495, bbox_ctrness=0.5738
epoch 33/50 iter 880/1860 loss=0.6490 mean_loss=0.6548 classification=0.0022, bbox_regression=0.0534, bbox_ctrness=0.5934
epoch 33/50 iter 900/1860 loss=0.6529 mean_loss=0.6547 classification=0.0030, bbox_regression=0.0485, bbox_ctrness=0.6013
epoch 33/50 iter 920/1860 loss=0.6295 mean_loss=0.6546 classification=0.0065, bbox_regression=0.0407, bbox_ctrness=0.5823
epoch 33/50 iter 940/1860 loss=0.6424 mean_loss=0.6545 classification=0.0023, bbox_regression=0.0362, bbox_ctrness=0.6039
epoch 33/50 iter 960/1860 loss=0.6630 mean_loss=0.6545 classification=0.0362, bbox_regression=0.0397, bbox_ctrness=0.5871
epoch 33/50 iter 980/1860 loss=0.6368 mean_loss=0.6546 classification=0.0054, bbox_regression=0.0446, bbox_ctrness=0.5869
epoch 33/50 iter 1000/1860 loss=0.6574 mean_loss=0.6546 classification=0.0053, bbox_regression=0.0533, bbox_ctrness=0.5989
epoch 33/50 iter 1020/1860 loss=0.6624 mean_loss=0.6546 classification=0.0048, bbox_regression=0.0571, bbox_ctrness=0.6005
epoch 33/50 iter 1040/1860 loss=0.6250 mean_loss=0.6547 classification=0.0046, bbox_regression=0.0486, bbox_ctrness=0.5718
epoch 33/50 iter 1060/1860 loss=0.6330 mean_loss=0.6548 classification=0.0087, bbox_regression=0.0507, bbox_ctrness=0.5735
epoch 33/50 iter 1080/1860 loss=0.6554 mean_loss=0.6549 classification=0.0047, bbox_regression=0.0593, bbox_ctrness=0.5914
epoch 33/50 iter 1100/1860 loss=0.6380 mean_loss=0.6548 classification=0.0007, bbox_regression=0.0413, bbox_ctrness=0.5960
epoch 33/50 iter 1120/1860 loss=0.6485 mean_loss=0.6549 classification=0.0013, bbox_regression=0.0479, bbox_ctrness=0.5993
epoch 33/50 iter 1140/1860 loss=0.6819 mean_loss=0.6550 classification=0.0070, bbox_regression=0.0606, bbox_ctrness=0.6143
epoch 33/50 iter 1160/1860 loss=0.6662 mean_loss=0.6552 classification=0.0059, bbox_regression=0.0510, bbox_ctrness=0.6093
epoch 33/50 iter 1180/1860 loss=0.6614 mean_loss=0.6551 classification=0.0157, bbox_regression=0.0532, bbox_ctrness=0.5925
epoch 33/50 iter 1200/1860 loss=0.6479 mean_loss=0.6550 classification=0.0069, bbox_regression=0.0445, bbox_ctrness=0.5965
epoch 33/50 iter 1220/1860 loss=0.6246 mean_loss=0.6550 classification=0.0050, bbox_regression=0.0412, bbox_ctrness=0.5784
epoch 33/50 iter 1240/1860 loss=0.6632 mean_loss=0.6549 classification=0.0017, bbox_regression=0.0543, bbox_ctrness=0.6072
epoch 33/50 iter 1260/1860 loss=0.6676 mean_loss=0.6549 classification=0.0091, bbox_regression=0.0536, bbox_ctrness=0.6049
epoch 33/50 iter 1280/1860 loss=0.6572 mean_loss=0.6549 classification=0.0048, bbox_regression=0.0529, bbox_ctrness=0.5996
epoch 33/50 iter 1300/1860 loss=0.6358 mean_loss=0.6550 classification=0.0041, bbox_regression=0.0397, bbox_ctrness=0.5921
epoch 33/50 iter 1320/1860 loss=0.6324 mean_loss=0.6549 classification=0.0048, bbox_regression=0.0462, bbox_ctrness=0.5814
epoch 33/50 iter 1340/1860 loss=0.6765 mean_loss=0.6550 classification=0.0091, bbox_regression=0.0630, bbox_ctrness=0.6043
epoch 33/50 iter 1360/1860 loss=0.6594 mean_loss=0.6551 classification=0.0046, bbox_regression=0.0554, bbox_ctrness=0.5993
epoch 33/50 iter 1380/1860 loss=0.6428 mean_loss=0.6552 classification=0.0069, bbox_regression=0.0423, bbox_ctrness=0.5935
epoch 33/50 iter 1400/1860 loss=0.7067 mean_loss=0.6552 classification=0.0225, bbox_regression=0.1098, bbox_ctrness=0.5744
epoch 33/50 iter 1420/1860 loss=0.6433 mean_loss=0.6553 classification=0.0177, bbox_regression=0.0430, bbox_ctrness=0.5826
epoch 33/50 iter 1440/1860 loss=0.6800 mean_loss=0.6554 classification=0.0051, bbox_regression=0.0698, bbox_ctrness=0.6052
epoch 33/50 iter 1460/1860 loss=0.6942 mean_loss=0.6554 classification=0.0199, bbox_regression=0.0734, bbox_ctrness=0.6008
epoch 33/50 iter 1480/1860 loss=0.6424 mean_loss=0.6553 classification=0.0014, bbox_regression=0.0388, bbox_ctrness=0.6022
epoch 33/50 iter 1500/1860 loss=0.6442 mean_loss=0.6554 classification=0.0123, bbox_regression=0.0365, bbox_ctrness=0.5955
epoch 33/50 iter 1520/1860 loss=0.6593 mean_loss=0.6556 classification=0.0057, bbox_regression=0.0540, bbox_ctrness=0.5995
epoch 33/50 iter 1540/1860 loss=0.6600 mean_loss=0.6556 classification=0.0052, bbox_regression=0.0498, bbox_ctrness=0.6051
epoch 33/50 iter 1560/1860 loss=0.6793 mean_loss=0.6557 classification=0.0099, bbox_regression=0.0650, bbox_ctrness=0.6044
epoch 33/50 iter 1580/1860 loss=0.7166 mean_loss=0.6558 classification=0.0483, bbox_regression=0.0594, bbox_ctrness=0.6088
epoch 33/50 iter 1600/1860 loss=0.6704 mean_loss=0.6560 classification=0.0144, bbox_regression=0.0569, bbox_ctrness=0.5991
epoch 33/50 iter 1620/1860 loss=0.6220 mean_loss=0.6561 classification=0.0002, bbox_regression=0.0440, bbox_ctrness=0.5779
epoch 33/50 iter 1640/1860 loss=0.6720 mean_loss=0.6562 classification=0.0201, bbox_regression=0.0497, bbox_ctrness=0.6022
epoch 33/50 iter 1660/1860 loss=0.6502 mean_loss=0.6562 classification=0.0046, bbox_regression=0.0463, bbox_ctrness=0.5994
epoch 33/50 iter 1680/1860 loss=0.6909 mean_loss=0.6563 classification=0.0333, bbox_regression=0.0664, bbox_ctrness=0.5912
epoch 33/50 iter 1700/1860 loss=0.6754 mean_loss=0.6563 classification=0.0143, bbox_regression=0.0555, bbox_ctrness=0.6055
epoch 33/50 iter 1720/1860 loss=0.6567 mean_loss=0.6564 classification=0.0308, bbox_regression=0.0457, bbox_ctrness=0.5802
epoch 33/50 iter 1740/1860 loss=0.6426 mean_loss=0.6565 classification=0.0008, bbox_regression=0.0476, bbox_ctrness=0.5942
epoch 33/50 iter 1760/1860 loss=0.6779 mean_loss=0.6566 classification=0.0010, bbox_regression=0.0551, bbox_ctrness=0.6219
epoch 33/50 iter 1780/1860 loss=0.6578 mean_loss=0.6565 classification=0.0008, bbox_regression=0.0492, bbox_ctrness=0.6077
epoch 33/50 iter 1800/1860 loss=0.6549 mean_loss=0.6565 classification=0.0061, bbox_regression=0.0551, bbox_ctrness=0.5936
epoch 33/50 iter 1820/1860 loss=0.6568 mean_loss=0.6565 classification=0.0075, bbox_regression=0.0496, bbox_ctrness=0.5998
epoch 33/50 iter 1840/1860 loss=0.6749 mean_loss=0.6567 classification=0.0161, bbox_regression=0.0486, bbox_ctrness=0.6102
epoch 33/50 iter 1860/1860 loss=0.6312 mean_loss=0.6567 classification=0.0078, bbox_regression=0.0484, bbox_ctrness=0.5750
epoch 33 validation Precision=0.6420 Recall=0.9293 AP50=0.8984 AP75=0.8160 eval_fps=25.12 epoch_time_sec=834.6
saved checkpoint: E:\RepViT-main\runs\v48_complete_ablation\training\ra_static_equal_seed0\weights\last.pt
epoch 34/50 iter 1/1860 loss=0.6552 mean_loss=0.6552 classification=0.0158, bbox_regression=0.0414, bbox_ctrness=0.5980
epoch 34/50 iter 20/1860 loss=0.6665 mean_loss=0.6628 classification=0.0095, bbox_regression=0.0582, bbox_ctrness=0.5988
epoch 34/50 iter 40/1860 loss=0.6574 mean_loss=0.6589 classification=0.0024, bbox_regression=0.0365, bbox_ctrness=0.6185
epoch 34/50 iter 60/1860 loss=0.6412 mean_loss=0.6580 classification=0.0028, bbox_regression=0.0586, bbox_ctrness=0.5798
epoch 34/50 iter 80/1860 loss=0.6331 mean_loss=0.6580 classification=0.0080, bbox_regression=0.0449, bbox_ctrness=0.5802
epoch 34/50 iter 100/1860 loss=0.6287 mean_loss=0.6561 classification=0.0032, bbox_regression=0.0397, bbox_ctrness=0.5859
epoch 34/50 iter 120/1860 loss=0.6516 mean_loss=0.6561 classification=0.0010, bbox_regression=0.0466, bbox_ctrness=0.6040
epoch 34/50 iter 140/1860 loss=0.6461 mean_loss=0.6541 classification=0.0014, bbox_regression=0.0439, bbox_ctrness=0.6008
epoch 34/50 iter 160/1860 loss=0.6423 mean_loss=0.6539 classification=0.0020, bbox_regression=0.0415, bbox_ctrness=0.5987
epoch 34/50 iter 180/1860 loss=0.6469 mean_loss=0.6539 classification=0.0022, bbox_regression=0.0488, bbox_ctrness=0.5959
epoch 34/50 iter 200/1860 loss=0.6551 mean_loss=0.6533 classification=0.0035, bbox_regression=0.0369, bbox_ctrness=0.6147
epoch 34/50 iter 220/1860 loss=0.6504 mean_loss=0.6535 classification=0.0022, bbox_regression=0.0386, bbox_ctrness=0.6096
epoch 34/50 iter 240/1860 loss=0.6650 mean_loss=0.6534 classification=0.0064, bbox_regression=0.0473, bbox_ctrness=0.6114
epoch 34/50 iter 260/1860 loss=0.6520 mean_loss=0.6533 classification=0.0018, bbox_regression=0.0363, bbox_ctrness=0.6140
epoch 34/50 iter 280/1860 loss=0.6487 mean_loss=0.6532 classification=0.0002, bbox_regression=0.0330, bbox_ctrness=0.6156
epoch 34/50 iter 300/1860 loss=0.6739 mean_loss=0.6530 classification=0.0029, bbox_regression=0.0452, bbox_ctrness=0.6259
epoch 34/50 iter 320/1860 loss=0.6798 mean_loss=0.6539 classification=0.0177, bbox_regression=0.0702, bbox_ctrness=0.5919
epoch 34/50 iter 340/1860 loss=0.6293 mean_loss=0.6536 classification=0.0014, bbox_regression=0.0423, bbox_ctrness=0.5857
epoch 34/50 iter 360/1860 loss=0.6421 mean_loss=0.6542 classification=0.0041, bbox_regression=0.0503, bbox_ctrness=0.5877
epoch 34/50 iter 380/1860 loss=0.6558 mean_loss=0.6544 classification=0.0024, bbox_regression=0.0449, bbox_ctrness=0.6084
epoch 34/50 iter 400/1860 loss=0.6447 mean_loss=0.6548 classification=0.0162, bbox_regression=0.0418, bbox_ctrness=0.5867
epoch 34/50 iter 420/1860 loss=0.6495 mean_loss=0.6547 classification=0.0005, bbox_regression=0.0463, bbox_ctrness=0.6027
epoch 34/50 iter 440/1860 loss=0.6948 mean_loss=0.6548 classification=0.0153, bbox_regression=0.0742, bbox_ctrness=0.6053
epoch 34/50 iter 460/1860 loss=0.6556 mean_loss=0.6549 classification=0.0038, bbox_regression=0.0428, bbox_ctrness=0.6090
epoch 34/50 iter 480/1860 loss=0.6767 mean_loss=0.6550 classification=0.0089, bbox_regression=0.0591, bbox_ctrness=0.6087
epoch 34/50 iter 500/1860 loss=0.6416 mean_loss=0.6552 classification=0.0010, bbox_regression=0.0412, bbox_ctrness=0.5994
epoch 34/50 iter 520/1860 loss=0.6599 mean_loss=0.6551 classification=0.0106, bbox_regression=0.0598, bbox_ctrness=0.5895
epoch 34/50 iter 540/1860 loss=0.6403 mean_loss=0.6553 classification=0.0046, bbox_regression=0.0440, bbox_ctrness=0.5917
epoch 34/50 iter 560/1860 loss=0.6433 mean_loss=0.6551 classification=0.0047, bbox_regression=0.0500, bbox_ctrness=0.5886
epoch 34/50 iter 580/1860 loss=0.6423 mean_loss=0.6550 classification=0.0007, bbox_regression=0.0442, bbox_ctrness=0.5974
epoch 34/50 iter 600/1860 loss=0.6419 mean_loss=0.6549 classification=0.0008, bbox_regression=0.0446, bbox_ctrness=0.5964
epoch 34/50 iter 620/1860 loss=0.6565 mean_loss=0.6547 classification=0.0060, bbox_regression=0.0578, bbox_ctrness=0.5926
epoch 34/50 iter 640/1860 loss=0.6465 mean_loss=0.6548 classification=0.0081, bbox_regression=0.0453, bbox_ctrness=0.5932
epoch 34/50 iter 660/1860 loss=0.6553 mean_loss=0.6547 classification=0.0043, bbox_regression=0.0541, bbox_ctrness=0.5970
epoch 34/50 iter 680/1860 loss=0.6680 mean_loss=0.6545 classification=0.0005, bbox_regression=0.0502, bbox_ctrness=0.6172
epoch 34/50 iter 700/1860 loss=0.6553 mean_loss=0.6546 classification=0.0141, bbox_regression=0.0473, bbox_ctrness=0.5940
epoch 34/50 iter 720/1860 loss=0.6692 mean_loss=0.6547 classification=0.0109, bbox_regression=0.0584, bbox_ctrness=0.5999
epoch 34/50 iter 740/1860 loss=0.6488 mean_loss=0.6546 classification=0.0042, bbox_regression=0.0422, bbox_ctrness=0.6023
epoch 34/50 iter 760/1860 loss=0.6593 mean_loss=0.6546 classification=0.0064, bbox_regression=0.0614, bbox_ctrness=0.5915
epoch 34/50 iter 780/1860 loss=0.6763 mean_loss=0.6550 classification=0.0028, bbox_regression=0.0662, bbox_ctrness=0.6073
epoch 34/50 iter 800/1860 loss=0.6557 mean_loss=0.6552 classification=0.0040, bbox_regression=0.0507, bbox_ctrness=0.6010
epoch 34/50 iter 820/1860 loss=0.7790 mean_loss=0.6555 classification=0.1239, bbox_regression=0.0415, bbox_ctrness=0.6136
epoch 34/50 iter 840/1860 loss=0.6567 mean_loss=0.6559 classification=0.0157, bbox_regression=0.0618, bbox_ctrness=0.5792
epoch 34/50 iter 860/1860 loss=0.7021 mean_loss=0.6560 classification=0.0355, bbox_regression=0.0661, bbox_ctrness=0.6005
epoch 34/50 iter 880/1860 loss=0.6787 mean_loss=0.6560 classification=0.0147, bbox_regression=0.0592, bbox_ctrness=0.6048
epoch 34/50 iter 900/1860 loss=0.6283 mean_loss=0.6559 classification=0.0037, bbox_regression=0.0358, bbox_ctrness=0.5888
epoch 34/50 iter 920/1860 loss=0.6400 mean_loss=0.6558 classification=0.0010, bbox_regression=0.0396, bbox_ctrness=0.5994
epoch 34/50 iter 940/1860 loss=0.6725 mean_loss=0.6559 classification=0.0098, bbox_regression=0.0842, bbox_ctrness=0.5785
epoch 34/50 iter 960/1860 loss=0.6449 mean_loss=0.6560 classification=0.0051, bbox_regression=0.0401, bbox_ctrness=0.5996
epoch 34/50 iter 980/1860 loss=0.6615 mean_loss=0.6559 classification=0.0030, bbox_regression=0.0481, bbox_ctrness=0.6104
epoch 34/50 iter 1000/1860 loss=0.6473 mean_loss=0.6558 classification=0.0073, bbox_regression=0.0467, bbox_ctrness=0.5933
epoch 34/50 iter 1020/1860 loss=0.6456 mean_loss=0.6559 classification=0.0011, bbox_regression=0.0416, bbox_ctrness=0.6029
epoch 34/50 iter 1040/1860 loss=0.6391 mean_loss=0.6558 classification=0.0010, bbox_regression=0.0453, bbox_ctrness=0.5928
epoch 34/50 iter 1060/1860 loss=0.6516 mean_loss=0.6558 classification=0.0034, bbox_regression=0.0507, bbox_ctrness=0.5976
epoch 34/50 iter 1080/1860 loss=0.6456 mean_loss=0.6557 classification=0.0026, bbox_regression=0.0453, bbox_ctrness=0.5977
epoch 34/50 iter 1100/1860 loss=0.6459 mean_loss=0.6557 classification=0.0038, bbox_regression=0.0464, bbox_ctrness=0.5956
epoch 34/50 iter 1120/1860 loss=0.6625 mean_loss=0.6556 classification=0.0001, bbox_regression=0.0447, bbox_ctrness=0.6176
epoch 34/50 iter 1140/1860 loss=0.6500 mean_loss=0.6555 classification=0.0067, bbox_regression=0.0479, bbox_ctrness=0.5955
epoch 34/50 iter 1160/1860 loss=0.6438 mean_loss=0.6555 classification=0.0040, bbox_regression=0.0441, bbox_ctrness=0.5957
epoch 34/50 iter 1180/1860 loss=0.6643 mean_loss=0.6554 classification=0.0109, bbox_regression=0.0600, bbox_ctrness=0.5934
epoch 34/50 iter 1200/1860 loss=0.6564 mean_loss=0.6554 classification=0.0076, bbox_regression=0.0601, bbox_ctrness=0.5886
epoch 34/50 iter 1220/1860 loss=0.6340 mean_loss=0.6553 classification=0.0009, bbox_regression=0.0292, bbox_ctrness=0.6038
epoch 34/50 iter 1240/1860 loss=0.6597 mean_loss=0.6553 classification=0.0019, bbox_regression=0.0582, bbox_ctrness=0.5996
epoch 34/50 iter 1260/1860 loss=0.7602 mean_loss=0.6555 classification=0.0717, bbox_regression=0.0837, bbox_ctrness=0.6048
epoch 34/50 iter 1280/1860 loss=0.6256 mean_loss=0.6555 classification=0.0010, bbox_regression=0.0345, bbox_ctrness=0.5901
epoch 34/50 iter 1300/1860 loss=0.6663 mean_loss=0.6556 classification=0.0002, bbox_regression=0.0450, bbox_ctrness=0.6211
epoch 34/50 iter 1320/1860 loss=0.6520 mean_loss=0.6556 classification=0.0030, bbox_regression=0.0512, bbox_ctrness=0.5978
epoch 34/50 iter 1340/1860 loss=0.6447 mean_loss=0.6556 classification=0.0024, bbox_regression=0.0397, bbox_ctrness=0.6025
epoch 34/50 iter 1360/1860 loss=0.6370 mean_loss=0.6556 classification=0.0081, bbox_regression=0.0425, bbox_ctrness=0.5864
epoch 34/50 iter 1380/1860 loss=0.6562 mean_loss=0.6556 classification=0.0069, bbox_regression=0.0475, bbox_ctrness=0.6019
epoch 34/50 iter 1400/1860 loss=0.6416 mean_loss=0.6556 classification=0.0008, bbox_regression=0.0487, bbox_ctrness=0.5922
epoch 34/50 iter 1420/1860 loss=0.6648 mean_loss=0.6556 classification=0.0093, bbox_regression=0.0541, bbox_ctrness=0.6014
epoch 34/50 iter 1440/1860 loss=0.6468 mean_loss=0.6556 classification=0.0102, bbox_regression=0.0508, bbox_ctrness=0.5857
epoch 34/50 iter 1460/1860 loss=0.6632 mean_loss=0.6556 classification=0.0157, bbox_regression=0.0558, bbox_ctrness=0.5918
epoch 34/50 iter 1480/1860 loss=0.6284 mean_loss=0.6555 classification=0.0072, bbox_regression=0.0390, bbox_ctrness=0.5821
epoch 34/50 iter 1500/1860 loss=0.6510 mean_loss=0.6555 classification=0.0140, bbox_regression=0.0568, bbox_ctrness=0.5803
epoch 34/50 iter 1520/1860 loss=0.6280 mean_loss=0.6554 classification=0.0055, bbox_regression=0.0434, bbox_ctrness=0.5790
epoch 34/50 iter 1540/1860 loss=0.6379 mean_loss=0.6553 classification=0.0039, bbox_regression=0.0427, bbox_ctrness=0.5913
epoch 34/50 iter 1560/1860 loss=0.6628 mean_loss=0.6553 classification=0.0020, bbox_regression=0.0469, bbox_ctrness=0.6140
epoch 34/50 iter 1580/1860 loss=0.6558 mean_loss=0.6553 classification=0.0097, bbox_regression=0.0457, bbox_ctrness=0.6004
epoch 34/50 iter 1600/1860 loss=0.6350 mean_loss=0.6553 classification=0.0027, bbox_regression=0.0417, bbox_ctrness=0.5906
epoch 34/50 iter 1620/1860 loss=0.6748 mean_loss=0.6553 classification=0.0055, bbox_regression=0.0677, bbox_ctrness=0.6015
epoch 34/50 iter 1640/1860 loss=0.6551 mean_loss=0.6554 classification=0.0023, bbox_regression=0.0594, bbox_ctrness=0.5935
epoch 34/50 iter 1660/1860 loss=0.6471 mean_loss=0.6554 classification=0.0152, bbox_regression=0.0409, bbox_ctrness=0.5910
epoch 34/50 iter 1680/1860 loss=0.6834 mean_loss=0.6554 classification=0.0001, bbox_regression=0.0494, bbox_ctrness=0.6338
epoch 34/50 iter 1700/1860 loss=0.6670 mean_loss=0.6555 classification=0.0113, bbox_regression=0.0690, bbox_ctrness=0.5867
epoch 34/50 iter 1720/1860 loss=0.6575 mean_loss=0.6554 classification=0.0029, bbox_regression=0.0472, bbox_ctrness=0.6074
epoch 34/50 iter 1740/1860 loss=0.6617 mean_loss=0.6554 classification=0.0107, bbox_regression=0.0571, bbox_ctrness=0.5939
epoch 34/50 iter 1760/1860 loss=0.6566 mean_loss=0.6554 classification=0.0141, bbox_regression=0.0440, bbox_ctrness=0.5986
epoch 34/50 iter 1780/1860 loss=0.6655 mean_loss=0.6555 classification=0.0028, bbox_regression=0.0658, bbox_ctrness=0.5969
epoch 34/50 iter 1800/1860 loss=0.6451 mean_loss=0.6555 classification=0.0006, bbox_regression=0.0453, bbox_ctrness=0.5992
epoch 34/50 iter 1820/1860 loss=0.6416 mean_loss=0.6554 classification=0.0061, bbox_regression=0.0493, bbox_ctrness=0.5862
epoch 34/50 iter 1840/1860 loss=0.6800 mean_loss=0.6554 classification=0.0103, bbox_regression=0.0446, bbox_ctrness=0.6251
epoch 34/50 iter 1860/1860 loss=0.6650 mean_loss=0.6555 classification=0.0120, bbox_regression=0.0468, bbox_ctrness=0.6062
epoch 34 validation Precision=0.6708 Recall=0.9368 AP50=0.9072 AP75=0.8237 eval_fps=25.25 epoch_time_sec=833.7
saved checkpoint: E:\RepViT-main\runs\v48_complete_ablation\training\ra_static_equal_seed0\weights\last.pt
epoch 35/50 iter 1/1860 loss=0.6716 mean_loss=0.6716 classification=0.0034, bbox_regression=0.0447, bbox_ctrness=0.6235
epoch 35/50 iter 20/1860 loss=0.6371 mean_loss=0.6501 classification=0.0017, bbox_regression=0.0468, bbox_ctrness=0.5886
epoch 35/50 iter 40/1860 loss=0.6530 mean_loss=0.6550 classification=0.0013, bbox_regression=0.0393, bbox_ctrness=0.6124
epoch 35/50 iter 60/1860 loss=0.6469 mean_loss=0.6547 classification=0.0019, bbox_regression=0.0465, bbox_ctrness=0.5984
epoch 35/50 iter 80/1860 loss=0.6386 mean_loss=0.6533 classification=0.0032, bbox_regression=0.0386, bbox_ctrness=0.5968
epoch 35/50 iter 100/1860 loss=0.6605 mean_loss=0.6525 classification=0.0015, bbox_regression=0.0485, bbox_ctrness=0.6105
epoch 35/50 iter 120/1860 loss=0.6767 mean_loss=0.6520 classification=0.0029, bbox_regression=0.0584, bbox_ctrness=0.6154
epoch 35/50 iter 140/1860 loss=0.6747 mean_loss=0.6517 classification=0.0020, bbox_regression=0.0563, bbox_ctrness=0.6165
epoch 35/50 iter 160/1860 loss=0.6559 mean_loss=0.6511 classification=0.0054, bbox_regression=0.0479, bbox_ctrness=0.6026
epoch 35/50 iter 180/1860 loss=0.6565 mean_loss=0.6521 classification=0.0009, bbox_regression=0.0449, bbox_ctrness=0.6108
epoch 35/50 iter 200/1860 loss=0.6528 mean_loss=0.6515 classification=0.0042, bbox_regression=0.0509, bbox_ctrness=0.5976
epoch 35/50 iter 220/1860 loss=0.6575 mean_loss=0.6519 classification=0.0018, bbox_regression=0.0413, bbox_ctrness=0.6144
epoch 35/50 iter 240/1860 loss=0.6736 mean_loss=0.6519 classification=0.0011, bbox_regression=0.0589, bbox_ctrness=0.6136
epoch 35/50 iter 260/1860 loss=0.6736 mean_loss=0.6526 classification=0.0004, bbox_regression=0.0584, bbox_ctrness=0.6148
epoch 35/50 iter 280/1860 loss=0.6257 mean_loss=0.6527 classification=0.0033, bbox_regression=0.0396, bbox_ctrness=0.5827
epoch 35/50 iter 300/1860 loss=0.6361 mean_loss=0.6528 classification=0.0142, bbox_regression=0.0308, bbox_ctrness=0.5911
epoch 35/50 iter 320/1860 loss=0.6373 mean_loss=0.6525 classification=0.0055, bbox_regression=0.0480, bbox_ctrness=0.5838
epoch 35/50 iter 340/1860 loss=0.6407 mean_loss=0.6524 classification=0.0036, bbox_regression=0.0378, bbox_ctrness=0.5993
epoch 35/50 iter 360/1860 loss=0.6416 mean_loss=0.6523 classification=0.0027, bbox_regression=0.0455, bbox_ctrness=0.5934
epoch 35/50 iter 380/1860 loss=0.6590 mean_loss=0.6522 classification=0.0047, bbox_regression=0.0503, bbox_ctrness=0.6040
epoch 35/50 iter 400/1860 loss=0.6560 mean_loss=0.6523 classification=0.0060, bbox_regression=0.0496, bbox_ctrness=0.6004
epoch 35/50 iter 420/1860 loss=0.6315 mean_loss=0.6522 classification=0.0025, bbox_regression=0.0402, bbox_ctrness=0.5889
epoch 35/50 iter 440/1860 loss=0.6925 mean_loss=0.6525 classification=0.0174, bbox_regression=0.0718, bbox_ctrness=0.6033
epoch 35/50 iter 460/1860 loss=0.6334 mean_loss=0.6527 classification=0.0041, bbox_regression=0.0390, bbox_ctrness=0.5903
epoch 35/50 iter 480/1860 loss=0.6448 mean_loss=0.6529 classification=0.0148, bbox_regression=0.0355, bbox_ctrness=0.5945
epoch 35/50 iter 500/1860 loss=0.6577 mean_loss=0.6529 classification=0.0176, bbox_regression=0.0411, bbox_ctrness=0.5990
epoch 35/50 iter 520/1860 loss=0.6539 mean_loss=0.6529 classification=0.0122, bbox_regression=0.0410, bbox_ctrness=0.6007
epoch 35/50 iter 540/1860 loss=0.6461 mean_loss=0.6529 classification=0.0003, bbox_regression=0.0511, bbox_ctrness=0.5947
epoch 35/50 iter 560/1860 loss=0.6475 mean_loss=0.6528 classification=0.0022, bbox_regression=0.0467, bbox_ctrness=0.5985
epoch 35/50 iter 580/1860 loss=0.6485 mean_loss=0.6527 classification=0.0096, bbox_regression=0.0483, bbox_ctrness=0.5906
epoch 35/50 iter 600/1860 loss=0.6592 mean_loss=0.6524 classification=0.0013, bbox_regression=0.0453, bbox_ctrness=0.6125
epoch 35/50 iter 620/1860 loss=0.6377 mean_loss=0.6524 classification=0.0012, bbox_regression=0.0288, bbox_ctrness=0.6077
epoch 35/50 iter 640/1860 loss=0.6328 mean_loss=0.6522 classification=0.0013, bbox_regression=0.0431, bbox_ctrness=0.5883
epoch 35/50 iter 660/1860 loss=0.6508 mean_loss=0.6523 classification=0.0033, bbox_regression=0.0538, bbox_ctrness=0.5937
epoch 35/50 iter 680/1860 loss=0.6374 mean_loss=0.6525 classification=0.0105, bbox_regression=0.0480, bbox_ctrness=0.5788
epoch 35/50 iter 700/1860 loss=0.6603 mean_loss=0.6526 classification=0.0144, bbox_regression=0.0544, bbox_ctrness=0.5915
epoch 35/50 iter 720/1860 loss=0.6477 mean_loss=0.6527 classification=0.0001, bbox_regression=0.0375, bbox_ctrness=0.6101
epoch 35/50 iter 740/1860 loss=0.6435 mean_loss=0.6528 classification=0.0096, bbox_regression=0.0357, bbox_ctrness=0.5981
epoch 35/50 iter 760/1860 loss=0.6430 mean_loss=0.6527 classification=0.0020, bbox_regression=0.0384, bbox_ctrness=0.6026
epoch 35/50 iter 780/1860 loss=0.6512 mean_loss=0.6526 classification=0.0044, bbox_regression=0.0434, bbox_ctrness=0.6035
epoch 35/50 iter 800/1860 loss=0.6960 mean_loss=0.6528 classification=0.0338, bbox_regression=0.0533, bbox_ctrness=0.6089
epoch 35/50 iter 820/1860 loss=0.6482 mean_loss=0.6529 classification=0.0017, bbox_regression=0.0540, bbox_ctrness=0.5925
epoch 35/50 iter 840/1860 loss=0.7074 mean_loss=0.6531 classification=0.0472, bbox_regression=0.0475, bbox_ctrness=0.6126
epoch 35/50 iter 860/1860 loss=0.6730 mean_loss=0.6532 classification=0.0171, bbox_regression=0.0679, bbox_ctrness=0.5881
epoch 35/50 iter 880/1860 loss=0.6440 mean_loss=0.6532 classification=0.0021, bbox_regression=0.0328, bbox_ctrness=0.6091
epoch 35/50 iter 900/1860 loss=0.6491 mean_loss=0.6531 classification=0.0004, bbox_regression=0.0444, bbox_ctrness=0.6044
epoch 35/50 iter 920/1860 loss=0.6538 mean_loss=0.6530 classification=0.0142, bbox_regression=0.0419, bbox_ctrness=0.5976
epoch 35/50 iter 940/1860 loss=0.6516 mean_loss=0.6529 classification=0.0003, bbox_regression=0.0362, bbox_ctrness=0.6151
epoch 35/50 iter 960/1860 loss=0.8829 mean_loss=0.6532 classification=0.1464, bbox_regression=0.1134, bbox_ctrness=0.6232
epoch 35/50 iter 980/1860 loss=0.6417 mean_loss=0.6531 classification=0.0017, bbox_regression=0.0397, bbox_ctrness=0.6003
epoch 35/50 iter 1000/1860 loss=0.6662 mean_loss=0.6531 classification=0.0048, bbox_regression=0.0681, bbox_ctrness=0.5933
epoch 35/50 iter 1020/1860 loss=0.6438 mean_loss=0.6531 classification=0.0079, bbox_regression=0.0361, bbox_ctrness=0.5998
epoch 35/50 iter 1040/1860 loss=0.7230 mean_loss=0.6534 classification=0.0748, bbox_regression=0.0496, bbox_ctrness=0.5986
epoch 35/50 iter 1060/1860 loss=0.6397 mean_loss=0.6536 classification=0.0014, bbox_regression=0.0428, bbox_ctrness=0.5954
epoch 35/50 iter 1080/1860 loss=0.6648 mean_loss=0.6538 classification=0.0056, bbox_regression=0.0736, bbox_ctrness=0.5855
epoch 35/50 iter 1100/1860 loss=0.6431 mean_loss=0.6538 classification=0.0004, bbox_regression=0.0342, bbox_ctrness=0.6086
epoch 35/50 iter 1120/1860 loss=0.6426 mean_loss=0.6537 classification=0.0054, bbox_regression=0.0447, bbox_ctrness=0.5925
epoch 35/50 iter 1140/1860 loss=0.6403 mean_loss=0.6537 classification=0.0058, bbox_regression=0.0304, bbox_ctrness=0.6041
epoch 35/50 iter 1160/1860 loss=0.6371 mean_loss=0.6537 classification=0.0024, bbox_regression=0.0412, bbox_ctrness=0.5935
epoch 35/50 iter 1180/1860 loss=0.6392 mean_loss=0.6537 classification=0.0051, bbox_regression=0.0512, bbox_ctrness=0.5829
epoch 35/50 iter 1200/1860 loss=0.6723 mean_loss=0.6537 classification=0.0015, bbox_regression=0.0631, bbox_ctrness=0.6076
epoch 35/50 iter 1220/1860 loss=0.6378 mean_loss=0.6538 classification=0.0043, bbox_regression=0.0371, bbox_ctrness=0.5964
epoch 35/50 iter 1240/1860 loss=0.7494 mean_loss=0.6539 classification=0.1105, bbox_regression=0.0539, bbox_ctrness=0.5850
epoch 35/50 iter 1260/1860 loss=0.6588 mean_loss=0.6540 classification=0.0202, bbox_regression=0.0492, bbox_ctrness=0.5893
epoch 35/50 iter 1280/1860 loss=0.6911 mean_loss=0.6540 classification=0.0235, bbox_regression=0.0668, bbox_ctrness=0.6007
epoch 35/50 iter 1300/1860 loss=0.6446 mean_loss=0.6541 classification=0.0033, bbox_regression=0.0457, bbox_ctrness=0.5956
epoch 35/50 iter 1320/1860 loss=0.6626 mean_loss=0.6541 classification=0.0030, bbox_regression=0.0442, bbox_ctrness=0.6154
epoch 35/50 iter 1340/1860 loss=0.6899 mean_loss=0.6542 classification=0.0450, bbox_regression=0.0448, bbox_ctrness=0.6001
epoch 35/50 iter 1360/1860 loss=0.6671 mean_loss=0.6544 classification=0.0014, bbox_regression=0.0592, bbox_ctrness=0.6065
epoch 35/50 iter 1380/1860 loss=0.6165 mean_loss=0.6543 classification=0.0057, bbox_regression=0.0430, bbox_ctrness=0.5677
epoch 35/50 iter 1400/1860 loss=0.6756 mean_loss=0.6543 classification=0.0069, bbox_regression=0.0628, bbox_ctrness=0.6059
epoch 35/50 iter 1420/1860 loss=0.6460 mean_loss=0.6542 classification=0.0029, bbox_regression=0.0517, bbox_ctrness=0.5915
epoch 35/50 iter 1440/1860 loss=0.6389 mean_loss=0.6543 classification=0.0050, bbox_regression=0.0389, bbox_ctrness=0.5951
epoch 35/50 iter 1460/1860 loss=0.6404 mean_loss=0.6544 classification=0.0028, bbox_regression=0.0482, bbox_ctrness=0.5894
epoch 35/50 iter 1480/1860 loss=0.6575 mean_loss=0.6544 classification=0.0041, bbox_regression=0.0526, bbox_ctrness=0.6009
epoch 35/50 iter 1500/1860 loss=0.6219 mean_loss=0.6544 classification=0.0010, bbox_regression=0.0357, bbox_ctrness=0.5853
epoch 35/50 iter 1520/1860 loss=0.6543 mean_loss=0.6544 classification=0.0026, bbox_regression=0.0354, bbox_ctrness=0.6163
epoch 35/50 iter 1540/1860 loss=0.6482 mean_loss=0.6544 classification=0.0019, bbox_regression=0.0396, bbox_ctrness=0.6068
epoch 35/50 iter 1560/1860 loss=0.6529 mean_loss=0.6544 classification=0.0016, bbox_regression=0.0444, bbox_ctrness=0.6068
epoch 35/50 iter 1580/1860 loss=0.6179 mean_loss=0.6544 classification=0.0007, bbox_regression=0.0431, bbox_ctrness=0.5740
epoch 35/50 iter 1600/1860 loss=0.6481 mean_loss=0.6543 classification=0.0073, bbox_regression=0.0451, bbox_ctrness=0.5956
epoch 35/50 iter 1620/1860 loss=0.6364 mean_loss=0.6543 classification=0.0016, bbox_regression=0.0387, bbox_ctrness=0.5961
epoch 35/50 iter 1640/1860 loss=0.6620 mean_loss=0.6544 classification=0.0028, bbox_regression=0.0395, bbox_ctrness=0.6196
epoch 35/50 iter 1660/1860 loss=0.6426 mean_loss=0.6543 classification=0.0012, bbox_regression=0.0478, bbox_ctrness=0.5936
epoch 35/50 iter 1680/1860 loss=0.6542 mean_loss=0.6542 classification=0.0096, bbox_regression=0.0539, bbox_ctrness=0.5908
epoch 35/50 iter 1700/1860 loss=0.6818 mean_loss=0.6542 classification=0.0078, bbox_regression=0.0679, bbox_ctrness=0.6061
epoch 35/50 iter 1720/1860 loss=0.6463 mean_loss=0.6542 classification=0.0058, bbox_regression=0.0365, bbox_ctrness=0.6040
epoch 35/50 iter 1740/1860 loss=0.6294 mean_loss=0.6541 classification=0.0016, bbox_regression=0.0311, bbox_ctrness=0.5966
epoch 35/50 iter 1760/1860 loss=0.6354 mean_loss=0.6542 classification=0.0026, bbox_regression=0.0389, bbox_ctrness=0.5939
epoch 35/50 iter 1780/1860 loss=0.6508 mean_loss=0.6541 classification=0.0010, bbox_regression=0.0443, bbox_ctrness=0.6055
epoch 35/50 iter 1800/1860 loss=0.6440 mean_loss=0.6541 classification=0.0049, bbox_regression=0.0368, bbox_ctrness=0.6023
epoch 35/50 iter 1820/1860 loss=0.6494 mean_loss=0.6542 classification=0.0039, bbox_regression=0.0425, bbox_ctrness=0.6030
epoch 35/50 iter 1840/1860 loss=0.6576 mean_loss=0.6542 classification=0.0002, bbox_regression=0.0435, bbox_ctrness=0.6140
epoch 35/50 iter 1860/1860 loss=0.6612 mean_loss=0.6543 classification=0.0214, bbox_regression=0.0447, bbox_ctrness=0.5951
epoch 35 validation Precision=0.7508 Recall=0.9131 AP50=0.8900 AP75=0.8125 eval_fps=25.46 epoch_time_sec=834.0
saved checkpoint: E:\RepViT-main\runs\v48_complete_ablation\training\ra_static_equal_seed0\weights\last.pt
epoch 36/50 iter 1/1860 loss=0.6488 mean_loss=0.6488 classification=0.0044, bbox_regression=0.0529, bbox_ctrness=0.5915
epoch 36/50 iter 20/1860 loss=0.6580 mean_loss=0.6532 classification=0.0013, bbox_regression=0.0443, bbox_ctrness=0.6123
epoch 36/50 iter 40/1860 loss=0.6763 mean_loss=0.6498 classification=0.0364, bbox_regression=0.0501, bbox_ctrness=0.5899
epoch 36/50 iter 60/1860 loss=0.6397 mean_loss=0.6496 classification=0.0012, bbox_regression=0.0489, bbox_ctrness=0.5896
epoch 36/50 iter 80/1860 loss=0.6589 mean_loss=0.6499 classification=0.0136, bbox_regression=0.0549, bbox_ctrness=0.5904
epoch 36/50 iter 100/1860 loss=0.6504 mean_loss=0.6514 classification=0.0000, bbox_regression=0.0369, bbox_ctrness=0.6135
epoch 36/50 iter 120/1860 loss=0.6358 mean_loss=0.6507 classification=0.0114, bbox_regression=0.0409, bbox_ctrness=0.5835
epoch 36/50 iter 140/1860 loss=0.6307 mean_loss=0.6519 classification=0.0011, bbox_regression=0.0387, bbox_ctrness=0.5909
epoch 36/50 iter 160/1860 loss=0.6342 mean_loss=0.6520 classification=0.0006, bbox_regression=0.0392, bbox_ctrness=0.5944
epoch 36/50 iter 180/1860 loss=0.6130 mean_loss=0.6514 classification=0.0070, bbox_regression=0.0485, bbox_ctrness=0.5575
epoch 36/50 iter 200/1860 loss=0.6339 mean_loss=0.6507 classification=0.0037, bbox_regression=0.0438, bbox_ctrness=0.5863
epoch 36/50 iter 220/1860 loss=0.6382 mean_loss=0.6523 classification=0.0063, bbox_regression=0.0436, bbox_ctrness=0.5883
epoch 36/50 iter 240/1860 loss=0.6665 mean_loss=0.6526 classification=0.0078, bbox_regression=0.0534, bbox_ctrness=0.6052
epoch 36/50 iter 260/1860 loss=0.6779 mean_loss=0.6522 classification=0.0003, bbox_regression=0.0597, bbox_ctrness=0.6179
epoch 36/50 iter 280/1860 loss=0.6794 mean_loss=0.6520 classification=0.0034, bbox_regression=0.0649, bbox_ctrness=0.6111
epoch 36/50 iter 300/1860 loss=0.6610 mean_loss=0.6521 classification=0.0055, bbox_regression=0.0660, bbox_ctrness=0.5895
epoch 36/50 iter 320/1860 loss=0.6556 mean_loss=0.6521 classification=0.0109, bbox_regression=0.0524, bbox_ctrness=0.5922
epoch 36/50 iter 340/1860 loss=0.6395 mean_loss=0.6518 classification=0.0035, bbox_regression=0.0446, bbox_ctrness=0.5914
epoch 36/50 iter 360/1860 loss=0.6571 mean_loss=0.6515 classification=0.0171, bbox_regression=0.0509, bbox_ctrness=0.5891
epoch 36/50 iter 380/1860 loss=0.6574 mean_loss=0.6513 classification=0.0028, bbox_regression=0.0455, bbox_ctrness=0.6091
epoch 36/50 iter 400/1860 loss=0.6397 mean_loss=0.6513 classification=0.0052, bbox_regression=0.0396, bbox_ctrness=0.5950
epoch 36/50 iter 420/1860 loss=0.6360 mean_loss=0.6513 classification=0.0020, bbox_regression=0.0447, bbox_ctrness=0.5893
epoch 36/50 iter 440/1860 loss=0.6680 mean_loss=0.6512 classification=0.0008, bbox_regression=0.0448, bbox_ctrness=0.6224
epoch 36/50 iter 460/1860 loss=0.8199 mean_loss=0.6514 classification=0.1520, bbox_regression=0.0715, bbox_ctrness=0.5964
epoch 36/50 iter 480/1860 loss=0.6418 mean_loss=0.6515 classification=0.0008, bbox_regression=0.0320, bbox_ctrness=0.6089
epoch 36/50 iter 500/1860 loss=0.6330 mean_loss=0.6517 classification=0.0081, bbox_regression=0.0359, bbox_ctrness=0.5890
epoch 36/50 iter 520/1860 loss=0.6802 mean_loss=0.6522 classification=0.0387, bbox_regression=0.0528, bbox_ctrness=0.5888
epoch 36/50 iter 540/1860 loss=0.6441 mean_loss=0.6519 classification=0.0020, bbox_regression=0.0387, bbox_ctrness=0.6034
epoch 36/50 iter 560/1860 loss=0.6484 mean_loss=0.6518 classification=0.0024, bbox_regression=0.0376, bbox_ctrness=0.6085
epoch 36/50 iter 580/1860 loss=0.6449 mean_loss=0.6517 classification=0.0126, bbox_regression=0.0461, bbox_ctrness=0.5862
epoch 36/50 iter 600/1860 loss=0.6860 mean_loss=0.6518 classification=0.0057, bbox_regression=0.0817, bbox_ctrness=0.5986
epoch 36/50 iter 620/1860 loss=0.6515 mean_loss=0.6521 classification=0.0025, bbox_regression=0.0559, bbox_ctrness=0.5931
epoch 36/50 iter 640/1860 loss=0.6467 mean_loss=0.6518 classification=0.0026, bbox_regression=0.0368, bbox_ctrness=0.6072
epoch 36/50 iter 660/1860 loss=0.6579 mean_loss=0.6518 classification=0.0018, bbox_regression=0.0573, bbox_ctrness=0.5989
epoch 36/50 iter 680/1860 loss=0.6572 mean_loss=0.6517 classification=0.0106, bbox_regression=0.0468, bbox_ctrness=0.5998
epoch 36/50 iter 700/1860 loss=0.6279 mean_loss=0.6517 classification=0.0049, bbox_regression=0.0326, bbox_ctrness=0.5905
epoch 36/50 iter 720/1860 loss=0.6647 mean_loss=0.6515 classification=0.0096, bbox_regression=0.0497, bbox_ctrness=0.6054
epoch 36/50 iter 740/1860 loss=0.6537 mean_loss=0.6516 classification=0.0011, bbox_regression=0.0435, bbox_ctrness=0.6091
epoch 36/50 iter 760/1860 loss=0.6510 mean_loss=0.6516 classification=0.0046, bbox_regression=0.0527, bbox_ctrness=0.5937
epoch 36/50 iter 780/1860 loss=0.6341 mean_loss=0.6515 classification=0.0013, bbox_regression=0.0409, bbox_ctrness=0.5919
epoch 36/50 iter 800/1860 loss=0.6579 mean_loss=0.6515 classification=0.0089, bbox_regression=0.0520, bbox_ctrness=0.5970
epoch 36/50 iter 820/1860 loss=0.6488 mean_loss=0.6516 classification=0.0057, bbox_regression=0.0465, bbox_ctrness=0.5966
epoch 36/50 iter 840/1860 loss=0.6097 mean_loss=0.6515 classification=0.0008, bbox_regression=0.0352, bbox_ctrness=0.5738
epoch 36/50 iter 860/1860 loss=0.6579 mean_loss=0.6515 classification=0.0099, bbox_regression=0.0539, bbox_ctrness=0.5942
epoch 36/50 iter 880/1860 loss=0.6290 mean_loss=0.6514 classification=0.0032, bbox_regression=0.0344, bbox_ctrness=0.5914
epoch 36/50 iter 900/1860 loss=0.6681 mean_loss=0.6513 classification=0.0071, bbox_regression=0.0508, bbox_ctrness=0.6102
epoch 36/50 iter 920/1860 loss=0.6519 mean_loss=0.6514 classification=0.0099, bbox_regression=0.0458, bbox_ctrness=0.5962
epoch 36/50 iter 940/1860 loss=0.6659 mean_loss=0.6513 classification=0.0062, bbox_regression=0.0626, bbox_ctrness=0.5971
epoch 36/50 iter 960/1860 loss=0.6475 mean_loss=0.6514 classification=0.0006, bbox_regression=0.0476, bbox_ctrness=0.5993
epoch 36/50 iter 980/1860 loss=0.6641 mean_loss=0.6513 classification=0.0276, bbox_regression=0.0412, bbox_ctrness=0.5954
epoch 36/50 iter 1000/1860 loss=0.6618 mean_loss=0.6512 classification=0.0005, bbox_regression=0.0469, bbox_ctrness=0.6145
epoch 36/50 iter 1020/1860 loss=0.6350 mean_loss=0.6511 classification=0.0015, bbox_regression=0.0437, bbox_ctrness=0.5899
epoch 36/50 iter 1040/1860 loss=0.6718 mean_loss=0.6511 classification=0.0066, bbox_regression=0.0835, bbox_ctrness=0.5817
epoch 36/50 iter 1060/1860 loss=0.6574 mean_loss=0.6519 classification=0.0137, bbox_regression=0.0377, bbox_ctrness=0.6059
epoch 36/50 iter 1080/1860 loss=0.6542 mean_loss=0.6520 classification=0.0119, bbox_regression=0.0747, bbox_ctrness=0.5676
epoch 36/50 iter 1100/1860 loss=0.6465 mean_loss=0.6521 classification=0.0077, bbox_regression=0.0356, bbox_ctrness=0.6032
epoch 36/50 iter 1120/1860 loss=0.6663 mean_loss=0.6523 classification=0.0125, bbox_regression=0.0644, bbox_ctrness=0.5894
epoch 36/50 iter 1140/1860 loss=0.6731 mean_loss=0.6524 classification=0.0419, bbox_regression=0.0559, bbox_ctrness=0.5754
epoch 36/50 iter 1160/1860 loss=0.6526 mean_loss=0.6525 classification=0.0008, bbox_regression=0.0467, bbox_ctrness=0.6052
epoch 36/50 iter 1180/1860 loss=0.6488 mean_loss=0.6525 classification=0.0057, bbox_regression=0.0507, bbox_ctrness=0.5924
epoch 36/50 iter 1200/1860 loss=0.6703 mean_loss=0.6525 classification=0.0042, bbox_regression=0.0544, bbox_ctrness=0.6117
epoch 36/50 iter 1220/1860 loss=0.6358 mean_loss=0.6526 classification=0.0074, bbox_regression=0.0432, bbox_ctrness=0.5852
epoch 36/50 iter 1240/1860 loss=0.6367 mean_loss=0.6526 classification=0.0123, bbox_regression=0.0416, bbox_ctrness=0.5828
epoch 36/50 iter 1260/1860 loss=0.6611 mean_loss=0.6525 classification=0.0032, bbox_regression=0.0451, bbox_ctrness=0.6128
epoch 36/50 iter 1280/1860 loss=0.6369 mean_loss=0.6525 classification=0.0038, bbox_regression=0.0457, bbox_ctrness=0.5874
epoch 36/50 iter 1300/1860 loss=0.6686 mean_loss=0.6524 classification=0.0006, bbox_regression=0.0468, bbox_ctrness=0.6212
epoch 36/50 iter 1320/1860 loss=0.6669 mean_loss=0.6524 classification=0.0010, bbox_regression=0.0424, bbox_ctrness=0.6235
epoch 36/50 iter 1340/1860 loss=0.6322 mean_loss=0.6525 classification=0.0020, bbox_regression=0.0250, bbox_ctrness=0.6052
epoch 36/50 iter 1360/1860 loss=0.6524 mean_loss=0.6526 classification=0.0023, bbox_regression=0.0472, bbox_ctrness=0.6029
epoch 36/50 iter 1380/1860 loss=0.6314 mean_loss=0.6526 classification=0.0045, bbox_regression=0.0417, bbox_ctrness=0.5851
epoch 36/50 iter 1400/1860 loss=0.6625 mean_loss=0.6526 classification=0.0009, bbox_regression=0.0403, bbox_ctrness=0.6212
epoch 36/50 iter 1420/1860 loss=0.6601 mean_loss=0.6528 classification=0.0117, bbox_regression=0.0485, bbox_ctrness=0.5999
epoch 36/50 iter 1440/1860 loss=0.6457 mean_loss=0.6528 classification=0.0008, bbox_regression=0.0464, bbox_ctrness=0.5984
epoch 36/50 iter 1460/1860 loss=0.6296 mean_loss=0.6527 classification=0.0027, bbox_regression=0.0483, bbox_ctrness=0.5787
epoch 36/50 iter 1480/1860 loss=0.6597 mean_loss=0.6527 classification=0.0060, bbox_regression=0.0571, bbox_ctrness=0.5966
epoch 36/50 iter 1500/1860 loss=0.6538 mean_loss=0.6526 classification=0.0001, bbox_regression=0.0388, bbox_ctrness=0.6149
epoch 36/50 iter 1520/1860 loss=0.6440 mean_loss=0.6526 classification=0.0029, bbox_regression=0.0383, bbox_ctrness=0.6027
epoch 36/50 iter 1540/1860 loss=0.6512 mean_loss=0.6525 classification=0.0012, bbox_regression=0.0332, bbox_ctrness=0.6168
epoch 36/50 iter 1560/1860 loss=0.6453 mean_loss=0.6524 classification=0.0084, bbox_regression=0.0497, bbox_ctrness=0.5872
epoch 36/50 iter 1580/1860 loss=0.6248 mean_loss=0.6525 classification=0.0015, bbox_regression=0.0396, bbox_ctrness=0.5837
epoch 36/50 iter 1600/1860 loss=0.6594 mean_loss=0.6525 classification=0.0015, bbox_regression=0.0497, bbox_ctrness=0.6082
epoch 36/50 iter 1620/1860 loss=0.6409 mean_loss=0.6525 classification=0.0102, bbox_regression=0.0397, bbox_ctrness=0.5910
epoch 36/50 iter 1640/1860 loss=0.6551 mean_loss=0.6525 classification=0.0032, bbox_regression=0.0458, bbox_ctrness=0.6061
epoch 36/50 iter 1660/1860 loss=0.6586 mean_loss=0.6525 classification=0.0167, bbox_regression=0.0390, bbox_ctrness=0.6030
epoch 36/50 iter 1680/1860 loss=0.6224 mean_loss=0.6525 classification=0.0025, bbox_regression=0.0397, bbox_ctrness=0.5803
epoch 36/50 iter 1700/1860 loss=0.6553 mean_loss=0.6525 classification=0.0038, bbox_regression=0.0505, bbox_ctrness=0.6010
epoch 36/50 iter 1720/1860 loss=0.6618 mean_loss=0.6525 classification=0.0047, bbox_regression=0.0476, bbox_ctrness=0.6095
epoch 36/50 iter 1740/1860 loss=0.6554 mean_loss=0.6525 classification=0.0040, bbox_regression=0.0531, bbox_ctrness=0.5983
epoch 36/50 iter 1760/1860 loss=0.6628 mean_loss=0.6525 classification=0.0018, bbox_regression=0.0555, bbox_ctrness=0.6055
epoch 36/50 iter 1780/1860 loss=0.6655 mean_loss=0.6526 classification=0.0027, bbox_regression=0.0435, bbox_ctrness=0.6193
epoch 36/50 iter 1800/1860 loss=0.6435 mean_loss=0.6527 classification=0.0062, bbox_regression=0.0458, bbox_ctrness=0.5915
epoch 36/50 iter 1820/1860 loss=0.6759 mean_loss=0.6527 classification=0.0031, bbox_regression=0.0598, bbox_ctrness=0.6130
epoch 36/50 iter 1840/1860 loss=0.6290 mean_loss=0.6527 classification=0.0016, bbox_regression=0.0378, bbox_ctrness=0.5896
epoch 36/50 iter 1860/1860 loss=0.6339 mean_loss=0.6527 classification=0.0048, bbox_regression=0.0485, bbox_ctrness=0.5807
epoch 36 validation Precision=0.6364 Recall=0.9269 AP50=0.8983 AP75=0.8212 eval_fps=24.16 epoch_time_sec=860.9
saved checkpoint: E:\RepViT-main\runs\v48_complete_ablation\training\ra_static_equal_seed0\weights\last.pt
epoch 37/50 iter 1/1860 loss=0.6295 mean_loss=0.6295 classification=0.0068, bbox_regression=0.0356, bbox_ctrness=0.5872
epoch 37/50 iter 20/1860 loss=0.6655 mean_loss=0.6442 classification=0.0128, bbox_regression=0.0560, bbox_ctrness=0.5966
epoch 37/50 iter 40/1860 loss=0.6642 mean_loss=0.6479 classification=0.0022, bbox_regression=0.0489, bbox_ctrness=0.6131
epoch 37/50 iter 60/1860 loss=0.6321 mean_loss=0.6479 classification=0.0078, bbox_regression=0.0444, bbox_ctrness=0.5800
epoch 37/50 iter 80/1860 loss=0.6367 mean_loss=0.6477 classification=0.0019, bbox_regression=0.0424, bbox_ctrness=0.5925
epoch 37/50 iter 100/1860 loss=0.6516 mean_loss=0.6479 classification=0.0130, bbox_regression=0.0456, bbox_ctrness=0.5930
epoch 37/50 iter 120/1860 loss=0.6512 mean_loss=0.6480 classification=0.0054, bbox_regression=0.0417, bbox_ctrness=0.6042
epoch 37/50 iter 140/1860 loss=0.6365 mean_loss=0.6479 classification=0.0014, bbox_regression=0.0425, bbox_ctrness=0.5926
epoch 37/50 iter 160/1860 loss=0.6493 mean_loss=0.6482 classification=0.0007, bbox_regression=0.0545, bbox_ctrness=0.5941
epoch 37/50 iter 180/1860 loss=0.6560 mean_loss=0.6488 classification=0.0134, bbox_regression=0.0457, bbox_ctrness=0.5970
epoch 37/50 iter 200/1860 loss=0.6627 mean_loss=0.6492 classification=0.0058, bbox_regression=0.0438, bbox_ctrness=0.6131
epoch 37/50 iter 220/1860 loss=0.6532 mean_loss=0.6494 classification=0.0073, bbox_regression=0.0481, bbox_ctrness=0.5978
epoch 37/50 iter 240/1860 loss=0.6338 mean_loss=0.6486 classification=0.0001, bbox_regression=0.0413, bbox_ctrness=0.5924
epoch 37/50 iter 260/1860 loss=0.6704 mean_loss=0.6485 classification=0.0076, bbox_regression=0.0526, bbox_ctrness=0.6102
epoch 37/50 iter 280/1860 loss=0.7306 mean_loss=0.6494 classification=0.0990, bbox_regression=0.0408, bbox_ctrness=0.5908
epoch 37/50 iter 300/1860 loss=0.6320 mean_loss=0.6504 classification=0.0056, bbox_regression=0.0444, bbox_ctrness=0.5820
epoch 37/50 iter 320/1860 loss=0.6535 mean_loss=0.6503 classification=0.0012, bbox_regression=0.0505, bbox_ctrness=0.6018
epoch 37/50 iter 340/1860 loss=0.6514 mean_loss=0.6509 classification=0.0007, bbox_regression=0.0402, bbox_ctrness=0.6105
epoch 37/50 iter 360/1860 loss=0.6455 mean_loss=0.6512 classification=0.0003, bbox_regression=0.0309, bbox_ctrness=0.6143
epoch 37/50 iter 380/1860 loss=0.6729 mean_loss=0.6518 classification=0.0066, bbox_regression=0.0641, bbox_ctrness=0.6023
epoch 37/50 iter 400/1860 loss=0.6514 mean_loss=0.6517 classification=0.0059, bbox_regression=0.0517, bbox_ctrness=0.5938
epoch 37/50 iter 420/1860 loss=0.6736 mean_loss=0.6521 classification=0.0077, bbox_regression=0.0644, bbox_ctrness=0.6016
epoch 37/50 iter 440/1860 loss=0.6434 mean_loss=0.6520 classification=0.0021, bbox_regression=0.0544, bbox_ctrness=0.5868
epoch 37/50 iter 460/1860 loss=0.6732 mean_loss=0.6525 classification=0.0042, bbox_regression=0.0538, bbox_ctrness=0.6152
epoch 37/50 iter 480/1860 loss=0.6297 mean_loss=0.6527 classification=0.0023, bbox_regression=0.0357, bbox_ctrness=0.5918
epoch 37/50 iter 500/1860 loss=0.6484 mean_loss=0.6527 classification=0.0002, bbox_regression=0.0442, bbox_ctrness=0.6041
epoch 37/50 iter 520/1860 loss=0.6356 mean_loss=0.6525 classification=0.0007, bbox_regression=0.0397, bbox_ctrness=0.5952
epoch 37/50 iter 540/1860 loss=0.6613 mean_loss=0.6525 classification=0.0231, bbox_regression=0.0379, bbox_ctrness=0.6002
epoch 37/50 iter 560/1860 loss=0.6506 mean_loss=0.6524 classification=0.0011, bbox_regression=0.0449, bbox_ctrness=0.6046
epoch 37/50 iter 580/1860 loss=0.6620 mean_loss=0.6528 classification=0.0051, bbox_regression=0.0473, bbox_ctrness=0.6096
epoch 37/50 iter 600/1860 loss=0.6411 mean_loss=0.6530 classification=0.0009, bbox_regression=0.0442, bbox_ctrness=0.5960
epoch 37/50 iter 620/1860 loss=0.6559 mean_loss=0.6533 classification=0.0024, bbox_regression=0.0426, bbox_ctrness=0.6109
epoch 37/50 iter 640/1860 loss=0.6443 mean_loss=0.6531 classification=0.0023, bbox_regression=0.0571, bbox_ctrness=0.5849
epoch 37/50 iter 660/1860 loss=0.6370 mean_loss=0.6530 classification=0.0014, bbox_regression=0.0415, bbox_ctrness=0.5941
epoch 37/50 iter 680/1860 loss=0.6528 mean_loss=0.6530 classification=0.0009, bbox_regression=0.0466, bbox_ctrness=0.6054
epoch 37/50 iter 700/1860 loss=0.7100 mean_loss=0.6532 classification=0.0095, bbox_regression=0.0968, bbox_ctrness=0.6036
epoch 37/50 iter 720/1860 loss=0.6426 mean_loss=0.6531 classification=0.0028, bbox_regression=0.0416, bbox_ctrness=0.5982
epoch 37/50 iter 740/1860 loss=0.6603 mean_loss=0.6534 classification=0.0022, bbox_regression=0.0476, bbox_ctrness=0.6105
epoch 37/50 iter 760/1860 loss=0.6426 mean_loss=0.6534 classification=0.0021, bbox_regression=0.0413, bbox_ctrness=0.5992
epoch 37/50 iter 780/1860 loss=0.6407 mean_loss=0.6535 classification=0.0023, bbox_regression=0.0402, bbox_ctrness=0.5982
epoch 37/50 iter 800/1860 loss=0.6362 mean_loss=0.6537 classification=0.0022, bbox_regression=0.0564, bbox_ctrness=0.5776
epoch 37/50 iter 820/1860 loss=0.6582 mean_loss=0.6538 classification=0.0044, bbox_regression=0.0523, bbox_ctrness=0.6015
epoch 37/50 iter 840/1860 loss=0.6397 mean_loss=0.6538 classification=0.0099, bbox_regression=0.0478, bbox_ctrness=0.5820
epoch 37/50 iter 860/1860 loss=0.6618 mean_loss=0.6538 classification=0.0055, bbox_regression=0.0437, bbox_ctrness=0.6126
epoch 37/50 iter 880/1860 loss=0.6661 mean_loss=0.6537 classification=0.0029, bbox_regression=0.0467, bbox_ctrness=0.6166
epoch 37/50 iter 900/1860 loss=0.7253 mean_loss=0.6539 classification=0.0335, bbox_regression=0.0798, bbox_ctrness=0.6120
epoch 37/50 iter 920/1860 loss=0.6639 mean_loss=0.6539 classification=0.0027, bbox_regression=0.0436, bbox_ctrness=0.6176
epoch 37/50 iter 940/1860 loss=0.6786 mean_loss=0.6543 classification=0.0089, bbox_regression=0.0602, bbox_ctrness=0.6095
epoch 37/50 iter 960/1860 loss=0.6425 mean_loss=0.6543 classification=0.0023, bbox_regression=0.0483, bbox_ctrness=0.5919
epoch 37/50 iter 980/1860 loss=0.6502 mean_loss=0.6544 classification=0.0007, bbox_regression=0.0507, bbox_ctrness=0.5988
epoch 37/50 iter 1000/1860 loss=0.6597 mean_loss=0.6546 classification=0.0017, bbox_regression=0.0538, bbox_ctrness=0.6042
epoch 37/50 iter 1020/1860 loss=0.6460 mean_loss=0.6546 classification=0.0015, bbox_regression=0.0399, bbox_ctrness=0.6047
epoch 37/50 iter 1040/1860 loss=0.6575 mean_loss=0.6546 classification=0.0013, bbox_regression=0.0474, bbox_ctrness=0.6088
epoch 37/50 iter 1060/1860 loss=0.6511 mean_loss=0.6545 classification=0.0009, bbox_regression=0.0496, bbox_ctrness=0.6006
epoch 37/50 iter 1080/1860 loss=0.6279 mean_loss=0.6545 classification=0.0024, bbox_regression=0.0377, bbox_ctrness=0.5877
epoch 37/50 iter 1100/1860 loss=0.6450 mean_loss=0.6545 classification=0.0064, bbox_regression=0.0421, bbox_ctrness=0.5965
epoch 37/50 iter 1120/1860 loss=0.6382 mean_loss=0.6544 classification=0.0008, bbox_regression=0.0394, bbox_ctrness=0.5981
epoch 37/50 iter 1140/1860 loss=0.6500 mean_loss=0.6546 classification=0.0023, bbox_regression=0.0460, bbox_ctrness=0.6017
epoch 37/50 iter 1160/1860 loss=0.6358 mean_loss=0.6545 classification=0.0071, bbox_regression=0.0385, bbox_ctrness=0.5902
epoch 37/50 iter 1180/1860 loss=0.6516 mean_loss=0.6545 classification=0.0024, bbox_regression=0.0372, bbox_ctrness=0.6120
epoch 37/50 iter 1200/1860 loss=0.6437 mean_loss=0.6544 classification=0.0011, bbox_regression=0.0390, bbox_ctrness=0.6035
epoch 37/50 iter 1220/1860 loss=0.6391 mean_loss=0.6543 classification=0.0005, bbox_regression=0.0293, bbox_ctrness=0.6093
epoch 37/50 iter 1240/1860 loss=0.6492 mean_loss=0.6542 classification=0.0086, bbox_regression=0.0468, bbox_ctrness=0.5939
epoch 37/50 iter 1260/1860 loss=0.6733 mean_loss=0.6541 classification=0.0433, bbox_regression=0.0525, bbox_ctrness=0.5776
epoch 37/50 iter 1280/1860 loss=0.6840 mean_loss=0.6541 classification=0.0144, bbox_regression=0.0672, bbox_ctrness=0.6024
epoch 37/50 iter 1300/1860 loss=0.6702 mean_loss=0.6541 classification=0.0036, bbox_regression=0.0612, bbox_ctrness=0.6054
epoch 37/50 iter 1320/1860 loss=0.6358 mean_loss=0.6542 classification=0.0080, bbox_regression=0.0407, bbox_ctrness=0.5872
epoch 37/50 iter 1340/1860 loss=0.6604 mean_loss=0.6545 classification=0.0036, bbox_regression=0.0519, bbox_ctrness=0.6049
epoch 37/50 iter 1360/1860 loss=0.6647 mean_loss=0.6545 classification=0.0017, bbox_regression=0.0471, bbox_ctrness=0.6158
epoch 37/50 iter 1380/1860 loss=0.6610 mean_loss=0.6545 classification=0.0056, bbox_regression=0.0518, bbox_ctrness=0.6036
epoch 37/50 iter 1400/1860 loss=0.6391 mean_loss=0.6545 classification=0.0008, bbox_regression=0.0383, bbox_ctrness=0.6001
epoch 37/50 iter 1420/1860 loss=0.6232 mean_loss=0.6546 classification=0.0024, bbox_regression=0.0435, bbox_ctrness=0.5773
epoch 37/50 iter 1440/1860 loss=0.6470 mean_loss=0.6546 classification=0.0119, bbox_regression=0.0496, bbox_ctrness=0.5855
epoch 37/50 iter 1460/1860 loss=0.6381 mean_loss=0.6546 classification=0.0042, bbox_regression=0.0378, bbox_ctrness=0.5961
epoch 37/50 iter 1480/1860 loss=0.6496 mean_loss=0.6545 classification=0.0095, bbox_regression=0.0531, bbox_ctrness=0.5871
epoch 37/50 iter 1500/1860 loss=0.6365 mean_loss=0.6544 classification=0.0038, bbox_regression=0.0362, bbox_ctrness=0.5965
epoch 37/50 iter 1520/1860 loss=0.6598 mean_loss=0.6544 classification=0.0051, bbox_regression=0.0417, bbox_ctrness=0.6131
epoch 37/50 iter 1540/1860 loss=0.6303 mean_loss=0.6544 classification=0.0058, bbox_regression=0.0427, bbox_ctrness=0.5817
epoch 37/50 iter 1560/1860 loss=0.6701 mean_loss=0.6545 classification=0.0127, bbox_regression=0.0732, bbox_ctrness=0.5841
epoch 37/50 iter 1580/1860 loss=0.6623 mean_loss=0.6545 classification=0.0227, bbox_regression=0.0512, bbox_ctrness=0.5884
epoch 37/50 iter 1600/1860 loss=0.6345 mean_loss=0.6544 classification=0.0186, bbox_regression=0.0326, bbox_ctrness=0.5833
epoch 37/50 iter 1620/1860 loss=0.6725 mean_loss=0.6544 classification=0.0046, bbox_regression=0.0501, bbox_ctrness=0.6178
epoch 37/50 iter 1640/1860 loss=0.6432 mean_loss=0.6544 classification=0.0051, bbox_regression=0.0485, bbox_ctrness=0.5897
epoch 37/50 iter 1660/1860 loss=0.6428 mean_loss=0.6543 classification=0.0035, bbox_regression=0.0449, bbox_ctrness=0.5945
epoch 37/50 iter 1680/1860 loss=0.6387 mean_loss=0.6542 classification=0.0010, bbox_regression=0.0475, bbox_ctrness=0.5902
epoch 37/50 iter 1700/1860 loss=0.6320 mean_loss=0.6542 classification=0.0035, bbox_regression=0.0490, bbox_ctrness=0.5795
epoch 37/50 iter 1720/1860 loss=0.6122 mean_loss=0.6541 classification=0.0009, bbox_regression=0.0369, bbox_ctrness=0.5745
epoch 37/50 iter 1740/1860 loss=0.6432 mean_loss=0.6541 classification=0.0003, bbox_regression=0.0332, bbox_ctrness=0.6097
epoch 37/50 iter 1760/1860 loss=0.6471 mean_loss=0.6541 classification=0.0020, bbox_regression=0.0429, bbox_ctrness=0.6022
epoch 37/50 iter 1780/1860 loss=0.6411 mean_loss=0.6541 classification=0.0041, bbox_regression=0.0499, bbox_ctrness=0.5871
epoch 37/50 iter 1800/1860 loss=0.6568 mean_loss=0.6541 classification=0.0204, bbox_regression=0.0483, bbox_ctrness=0.5880
epoch 37/50 iter 1820/1860 loss=0.6647 mean_loss=0.6541 classification=0.0002, bbox_regression=0.0461, bbox_ctrness=0.6184
epoch 37/50 iter 1840/1860 loss=0.6420 mean_loss=0.6541 classification=0.0025, bbox_regression=0.0420, bbox_ctrness=0.5975
epoch 37/50 iter 1860/1860 loss=0.6296 mean_loss=0.6541 classification=0.0047, bbox_regression=0.0361, bbox_ctrness=0.5888
epoch 37 validation Precision=0.7861 Recall=0.9126 AP50=0.8926 AP75=0.8221 eval_fps=25.27 epoch_time_sec=841.9
saved checkpoint: E:\RepViT-main\runs\v48_complete_ablation\training\ra_static_equal_seed0\weights\last.pt
epoch 38/50 iter 1/1860 loss=0.6360 mean_loss=0.6360 classification=0.0024, bbox_regression=0.0398, bbox_ctrness=0.5938
epoch 38/50 iter 20/1860 loss=0.6377 mean_loss=0.6510 classification=0.0005, bbox_regression=0.0379, bbox_ctrness=0.5993
epoch 38/50 iter 40/1860 loss=0.6568 mean_loss=0.6503 classification=0.0019, bbox_regression=0.0445, bbox_ctrness=0.6104
epoch 38/50 iter 60/1860 loss=0.6382 mean_loss=0.6517 classification=0.0035, bbox_regression=0.0378, bbox_ctrness=0.5969
epoch 38/50 iter 80/1860 loss=0.6561 mean_loss=0.6517 classification=0.0013, bbox_regression=0.0458, bbox_ctrness=0.6090
epoch 38/50 iter 100/1860 loss=0.6738 mean_loss=0.6526 classification=0.0019, bbox_regression=0.0540, bbox_ctrness=0.6180
epoch 38/50 iter 120/1860 loss=0.6543 mean_loss=0.6517 classification=0.0031, bbox_regression=0.0384, bbox_ctrness=0.6128
epoch 38/50 iter 140/1860 loss=0.6423 mean_loss=0.6497 classification=0.0014, bbox_regression=0.0412, bbox_ctrness=0.5997
epoch 38/50 iter 160/1860 loss=0.6485 mean_loss=0.6488 classification=0.0005, bbox_regression=0.0397, bbox_ctrness=0.6083
epoch 38/50 iter 180/1860 loss=0.6483 mean_loss=0.6491 classification=0.0038, bbox_regression=0.0547, bbox_ctrness=0.5898
epoch 38/50 iter 200/1860 loss=0.6325 mean_loss=0.6487 classification=0.0012, bbox_regression=0.0341, bbox_ctrness=0.5971
epoch 38/50 iter 220/1860 loss=0.6523 mean_loss=0.6489 classification=0.0097, bbox_regression=0.0416, bbox_ctrness=0.6010
epoch 38/50 iter 240/1860 loss=0.6655 mean_loss=0.6489 classification=0.0112, bbox_regression=0.0535, bbox_ctrness=0.6008
epoch 38/50 iter 260/1860 loss=0.6778 mean_loss=0.6491 classification=0.0210, bbox_regression=0.0635, bbox_ctrness=0.5934
epoch 38/50 iter 280/1860 loss=0.6361 mean_loss=0.6495 classification=0.0090, bbox_regression=0.0406, bbox_ctrness=0.5866
epoch 38/50 iter 300/1860 loss=0.6263 mean_loss=0.6496 classification=0.0014, bbox_regression=0.0459, bbox_ctrness=0.5789
epoch 38/50 iter 320/1860 loss=0.6474 mean_loss=0.6497 classification=0.0047, bbox_regression=0.0370, bbox_ctrness=0.6058
epoch 38/50 iter 340/1860 loss=0.7131 mean_loss=0.6497 classification=0.0114, bbox_regression=0.0540, bbox_ctrness=0.6477
epoch 38/50 iter 360/1860 loss=0.6419 mean_loss=0.6498 classification=0.0093, bbox_regression=0.0381, bbox_ctrness=0.5945
epoch 38/50 iter 380/1860 loss=0.6738 mean_loss=0.6499 classification=0.0036, bbox_regression=0.0617, bbox_ctrness=0.6085
epoch 38/50 iter 400/1860 loss=0.6583 mean_loss=0.6499 classification=0.0018, bbox_regression=0.0567, bbox_ctrness=0.5998
epoch 38/50 iter 420/1860 loss=0.6458 mean_loss=0.6500 classification=0.0015, bbox_regression=0.0357, bbox_ctrness=0.6087
epoch 38/50 iter 440/1860 loss=0.6371 mean_loss=0.6500 classification=0.0039, bbox_regression=0.0450, bbox_ctrness=0.5882
epoch 38/50 iter 460/1860 loss=0.6667 mean_loss=0.6501 classification=0.0107, bbox_regression=0.0462, bbox_ctrness=0.6098
epoch 38/50 iter 480/1860 loss=0.6338 mean_loss=0.6500 classification=0.0067, bbox_regression=0.0428, bbox_ctrness=0.5842
epoch 38/50 iter 500/1860 loss=0.6576 mean_loss=0.6500 classification=0.0071, bbox_regression=0.0490, bbox_ctrness=0.6015
epoch 38/50 iter 520/1860 loss=0.6319 mean_loss=0.6498 classification=0.0007, bbox_regression=0.0358, bbox_ctrness=0.5954
epoch 38/50 iter 540/1860 loss=0.6511 mean_loss=0.6498 classification=0.0026, bbox_regression=0.0471, bbox_ctrness=0.6013
epoch 38/50 iter 560/1860 loss=0.6164 mean_loss=0.6497 classification=0.0012, bbox_regression=0.0381, bbox_ctrness=0.5771
epoch 38/50 iter 580/1860 loss=0.6969 mean_loss=0.6499 classification=0.0344, bbox_regression=0.0604, bbox_ctrness=0.6021
epoch 38/50 iter 600/1860 loss=0.6595 mean_loss=0.6499 classification=0.0164, bbox_regression=0.0425, bbox_ctrness=0.6006
epoch 38/50 iter 620/1860 loss=0.6491 mean_loss=0.6501 classification=0.0045, bbox_regression=0.0479, bbox_ctrness=0.5967
epoch 38/50 iter 640/1860 loss=0.6358 mean_loss=0.6503 classification=0.0036, bbox_regression=0.0450, bbox_ctrness=0.5872
epoch 38/50 iter 660/1860 loss=0.6372 mean_loss=0.6502 classification=0.0065, bbox_regression=0.0349, bbox_ctrness=0.5959
epoch 38/50 iter 680/1860 loss=0.6268 mean_loss=0.6500 classification=0.0002, bbox_regression=0.0335, bbox_ctrness=0.5931
epoch 38/50 iter 700/1860 loss=0.6505 mean_loss=0.6498 classification=0.0003, bbox_regression=0.0335, bbox_ctrness=0.6167
epoch 38/50 iter 720/1860 loss=0.6336 mean_loss=0.6497 classification=0.0013, bbox_regression=0.0477, bbox_ctrness=0.5847
epoch 38/50 iter 740/1860 loss=0.6436 mean_loss=0.6500 classification=0.0020, bbox_regression=0.0416, bbox_ctrness=0.6000
epoch 38/50 iter 760/1860 loss=0.6570 mean_loss=0.6502 classification=0.0010, bbox_regression=0.0503, bbox_ctrness=0.6057
epoch 38/50 iter 780/1860 loss=0.6309 mean_loss=0.6506 classification=0.0015, bbox_regression=0.0275, bbox_ctrness=0.6019
epoch 38/50 iter 800/1860 loss=0.6530 mean_loss=0.6507 classification=0.0055, bbox_regression=0.0521, bbox_ctrness=0.5954
epoch 38/50 iter 820/1860 loss=0.6462 mean_loss=0.6508 classification=0.0030, bbox_regression=0.0415, bbox_ctrness=0.6017
epoch 38/50 iter 840/1860 loss=0.6385 mean_loss=0.6510 classification=0.0044, bbox_regression=0.0380, bbox_ctrness=0.5961
epoch 38/50 iter 860/1860 loss=0.6515 mean_loss=0.6508 classification=0.0022, bbox_regression=0.0470, bbox_ctrness=0.6023
epoch 38/50 iter 880/1860 loss=0.6400 mean_loss=0.6507 classification=0.0057, bbox_regression=0.0418, bbox_ctrness=0.5925
epoch 38/50 iter 900/1860 loss=0.6094 mean_loss=0.6505 classification=0.0006, bbox_regression=0.0270, bbox_ctrness=0.5818
epoch 38/50 iter 920/1860 loss=0.6495 mean_loss=0.6505 classification=0.0016, bbox_regression=0.0436, bbox_ctrness=0.6043
epoch 38/50 iter 940/1860 loss=0.6570 mean_loss=0.6504 classification=0.0027, bbox_regression=0.0393, bbox_ctrness=0.6149
epoch 38/50 iter 960/1860 loss=0.6528 mean_loss=0.6503 classification=0.0030, bbox_regression=0.0483, bbox_ctrness=0.6016
epoch 38/50 iter 980/1860 loss=0.6291 mean_loss=0.6504 classification=0.0025, bbox_regression=0.0334, bbox_ctrness=0.5932
epoch 38/50 iter 1000/1860 loss=0.6564 mean_loss=0.6503 classification=0.0119, bbox_regression=0.0550, bbox_ctrness=0.5895
epoch 38/50 iter 1020/1860 loss=0.6638 mean_loss=0.6505 classification=0.0126, bbox_regression=0.0467, bbox_ctrness=0.6045
epoch 38/50 iter 1040/1860 loss=0.6384 mean_loss=0.6504 classification=0.0068, bbox_regression=0.0470, bbox_ctrness=0.5846
epoch 38/50 iter 1060/1860 loss=0.6595 mean_loss=0.6505 classification=0.0055, bbox_regression=0.0622, bbox_ctrness=0.5918
epoch 38/50 iter 1080/1860 loss=0.6417 mean_loss=0.6505 classification=0.0029, bbox_regression=0.0462, bbox_ctrness=0.5927
epoch 38/50 iter 1100/1860 loss=0.6584 mean_loss=0.6506 classification=0.0110, bbox_regression=0.0546, bbox_ctrness=0.5928
epoch 38/50 iter 1120/1860 loss=0.6542 mean_loss=0.6506 classification=0.0007, bbox_regression=0.0636, bbox_ctrness=0.5900
epoch 38/50 iter 1140/1860 loss=0.6440 mean_loss=0.6505 classification=0.0049, bbox_regression=0.0441, bbox_ctrness=0.5951
epoch 38/50 iter 1160/1860 loss=0.6490 mean_loss=0.6504 classification=0.0034, bbox_regression=0.0448, bbox_ctrness=0.6008
epoch 38/50 iter 1180/1860 loss=0.6253 mean_loss=0.6504 classification=0.0002, bbox_regression=0.0428, bbox_ctrness=0.5823
epoch 38/50 iter 1200/1860 loss=0.6573 mean_loss=0.6504 classification=0.0136, bbox_regression=0.0403, bbox_ctrness=0.6034
epoch 38/50 iter 1220/1860 loss=0.6699 mean_loss=0.6504 classification=0.0095, bbox_regression=0.0543, bbox_ctrness=0.6061
epoch 38/50 iter 1240/1860 loss=0.6436 mean_loss=0.6503 classification=0.0005, bbox_regression=0.0428, bbox_ctrness=0.6002
epoch 38/50 iter 1260/1860 loss=0.6259 mean_loss=0.6503 classification=0.0033, bbox_regression=0.0374, bbox_ctrness=0.5853
epoch 38/50 iter 1280/1860 loss=0.6418 mean_loss=0.6502 classification=0.0015, bbox_regression=0.0444, bbox_ctrness=0.5959
epoch 38/50 iter 1300/1860 loss=0.6359 mean_loss=0.6503 classification=0.0014, bbox_regression=0.0471, bbox_ctrness=0.5875
epoch 38/50 iter 1320/1860 loss=0.6480 mean_loss=0.6502 classification=0.0026, bbox_regression=0.0391, bbox_ctrness=0.6063
epoch 38/50 iter 1340/1860 loss=0.6368 mean_loss=0.6503 classification=0.0078, bbox_regression=0.0398, bbox_ctrness=0.5891
epoch 38/50 iter 1360/1860 loss=0.6722 mean_loss=0.6505 classification=0.0097, bbox_regression=0.0646, bbox_ctrness=0.5979
epoch 38/50 iter 1380/1860 loss=0.6428 mean_loss=0.6505 classification=0.0094, bbox_regression=0.0427, bbox_ctrness=0.5907
epoch 38/50 iter 1400/1860 loss=0.6877 mean_loss=0.6506 classification=0.0365, bbox_regression=0.0576, bbox_ctrness=0.5936
epoch 38/50 iter 1420/1860 loss=0.6493 mean_loss=0.6505 classification=0.0150, bbox_regression=0.0413, bbox_ctrness=0.5930
epoch 38/50 iter 1440/1860 loss=0.6345 mean_loss=0.6505 classification=0.0011, bbox_regression=0.0476, bbox_ctrness=0.5859
epoch 38/50 iter 1460/1860 loss=0.6636 mean_loss=0.6506 classification=0.0011, bbox_regression=0.0459, bbox_ctrness=0.6166
epoch 38/50 iter 1480/1860 loss=0.6553 mean_loss=0.6505 classification=0.0052, bbox_regression=0.0471, bbox_ctrness=0.6031
epoch 38/50 iter 1500/1860 loss=0.6655 mean_loss=0.6505 classification=0.0149, bbox_regression=0.0508, bbox_ctrness=0.5999
epoch 38/50 iter 1520/1860 loss=0.6426 mean_loss=0.6504 classification=0.0009, bbox_regression=0.0393, bbox_ctrness=0.6023
epoch 38/50 iter 1540/1860 loss=0.6456 mean_loss=0.6504 classification=0.0199, bbox_regression=0.0446, bbox_ctrness=0.5812
epoch 38/50 iter 1560/1860 loss=0.6621 mean_loss=0.6504 classification=0.0035, bbox_regression=0.0570, bbox_ctrness=0.6016
epoch 38/50 iter 1580/1860 loss=0.6668 mean_loss=0.6504 classification=0.0061, bbox_regression=0.0503, bbox_ctrness=0.6104
epoch 38/50 iter 1600/1860 loss=0.6669 mean_loss=0.6503 classification=0.0059, bbox_regression=0.0617, bbox_ctrness=0.5993
epoch 38/50 iter 1620/1860 loss=0.6647 mean_loss=0.6503 classification=0.0005, bbox_regression=0.0506, bbox_ctrness=0.6136
epoch 38/50 iter 1640/1860 loss=0.6481 mean_loss=0.6504 classification=0.0075, bbox_regression=0.0411, bbox_ctrness=0.5995
epoch 38/50 iter 1660/1860 loss=0.6479 mean_loss=0.6504 classification=0.0003, bbox_regression=0.0387, bbox_ctrness=0.6090
epoch 38/50 iter 1680/1860 loss=0.6561 mean_loss=0.6505 classification=0.0054, bbox_regression=0.0571, bbox_ctrness=0.5936
epoch 38/50 iter 1700/1860 loss=0.6500 mean_loss=0.6505 classification=0.0055, bbox_regression=0.0485, bbox_ctrness=0.5960
epoch 38/50 iter 1720/1860 loss=0.6619 mean_loss=0.6504 classification=0.0025, bbox_regression=0.0537, bbox_ctrness=0.6058
epoch 38/50 iter 1740/1860 loss=0.6438 mean_loss=0.6504 classification=0.0122, bbox_regression=0.0358, bbox_ctrness=0.5959
epoch 38/50 iter 1760/1860 loss=0.6519 mean_loss=0.6505 classification=0.0102, bbox_regression=0.0418, bbox_ctrness=0.5999
epoch 38/50 iter 1780/1860 loss=0.6252 mean_loss=0.6506 classification=0.0053, bbox_regression=0.0363, bbox_ctrness=0.5836
epoch 38/50 iter 1800/1860 loss=0.6417 mean_loss=0.6506 classification=0.0027, bbox_regression=0.0486, bbox_ctrness=0.5904
epoch 38/50 iter 1820/1860 loss=0.6518 mean_loss=0.6506 classification=0.0005, bbox_regression=0.0398, bbox_ctrness=0.6114
epoch 38/50 iter 1840/1860 loss=0.6525 mean_loss=0.6506 classification=0.0029, bbox_regression=0.0519, bbox_ctrness=0.5976
epoch 38/50 iter 1860/1860 loss=0.6454 mean_loss=0.6506 classification=0.0023, bbox_regression=0.0446, bbox_ctrness=0.5985
epoch 38 validation Precision=0.6523 Recall=0.9189 AP50=0.8902 AP75=0.8159 eval_fps=14.93 epoch_time_sec=911.8
saved checkpoint: E:\RepViT-main\runs\v48_complete_ablation\training\ra_static_equal_seed0\weights\last.pt
epoch 39/50 iter 1/1860 loss=0.7318 mean_loss=0.7318 classification=0.0415, bbox_regression=0.0815, bbox_ctrness=0.6088
epoch 39/50 iter 20/1860 loss=0.6694 mean_loss=0.6571 classification=0.0403, bbox_regression=0.0483, bbox_ctrness=0.5807
epoch 39/50 iter 40/1860 loss=0.6517 mean_loss=0.6545 classification=0.0009, bbox_regression=0.0324, bbox_ctrness=0.6183
epoch 39/50 iter 60/1860 loss=0.6654 mean_loss=0.6560 classification=0.0025, bbox_regression=0.0364, bbox_ctrness=0.6265
epoch 39/50 iter 80/1860 loss=0.6626 mean_loss=0.6547 classification=0.0023, bbox_regression=0.0509, bbox_ctrness=0.6093
epoch 39/50 iter 100/1860 loss=0.6672 mean_loss=0.6542 classification=0.0018, bbox_regression=0.0570, bbox_ctrness=0.6083
epoch 39/50 iter 120/1860 loss=0.6454 mean_loss=0.6528 classification=0.0094, bbox_regression=0.0478, bbox_ctrness=0.5882
epoch 39/50 iter 140/1860 loss=0.6294 mean_loss=0.6522 classification=0.0006, bbox_regression=0.0327, bbox_ctrness=0.5961
epoch 39/50 iter 160/1860 loss=0.6347 mean_loss=0.6511 classification=0.0044, bbox_regression=0.0549, bbox_ctrness=0.5754
epoch 39/50 iter 180/1860 loss=0.6470 mean_loss=0.6509 classification=0.0000, bbox_regression=0.0331, bbox_ctrness=0.6138
epoch 39/50 iter 200/1860 loss=0.6577 mean_loss=0.6506 classification=0.0010, bbox_regression=0.0461, bbox_ctrness=0.6107
epoch 39/50 iter 220/1860 loss=0.6501 mean_loss=0.6504 classification=0.0023, bbox_regression=0.0389, bbox_ctrness=0.6089
epoch 39/50 iter 240/1860 loss=0.6271 mean_loss=0.6498 classification=0.0009, bbox_regression=0.0446, bbox_ctrness=0.5816
epoch 39/50 iter 260/1860 loss=0.6493 mean_loss=0.6497 classification=0.0036, bbox_regression=0.0470, bbox_ctrness=0.5987
epoch 39/50 iter 280/1860 loss=0.6453 mean_loss=0.6492 classification=0.0057, bbox_regression=0.0427, bbox_ctrness=0.5969
epoch 39/50 iter 300/1860 loss=0.6077 mean_loss=0.6492 classification=0.0007, bbox_regression=0.0346, bbox_ctrness=0.5724
epoch 39/50 iter 320/1860 loss=0.6534 mean_loss=0.6497 classification=0.0070, bbox_regression=0.0548, bbox_ctrness=0.5916
epoch 39/50 iter 340/1860 loss=0.6700 mean_loss=0.6498 classification=0.0015, bbox_regression=0.0648, bbox_ctrness=0.6037
epoch 39/50 iter 360/1860 loss=0.6401 mean_loss=0.6496 classification=0.0004, bbox_regression=0.0356, bbox_ctrness=0.6042
epoch 39/50 iter 380/1860 loss=0.6263 mean_loss=0.6493 classification=0.0016, bbox_regression=0.0366, bbox_ctrness=0.5881
epoch 39/50 iter 400/1860 loss=0.6385 mean_loss=0.6492 classification=0.0009, bbox_regression=0.0406, bbox_ctrness=0.5970
epoch 39/50 iter 420/1860 loss=0.6471 mean_loss=0.6491 classification=0.0020, bbox_regression=0.0474, bbox_ctrness=0.5976
epoch 39/50 iter 440/1860 loss=0.6213 mean_loss=0.6491 classification=0.0026, bbox_regression=0.0374, bbox_ctrness=0.5813
epoch 39/50 iter 460/1860 loss=0.6449 mean_loss=0.6491 classification=0.0020, bbox_regression=0.0353, bbox_ctrness=0.6076
epoch 39/50 iter 480/1860 loss=0.6318 mean_loss=0.6491 classification=0.0031, bbox_regression=0.0404, bbox_ctrness=0.5882
epoch 39/50 iter 500/1860 loss=0.6348 mean_loss=0.6490 classification=0.0079, bbox_regression=0.0369, bbox_ctrness=0.5900
epoch 39/50 iter 520/1860 loss=0.6448 mean_loss=0.6486 classification=0.0007, bbox_regression=0.0378, bbox_ctrness=0.6063
epoch 39/50 iter 540/1860 loss=0.6759 mean_loss=0.6486 classification=0.0335, bbox_regression=0.0315, bbox_ctrness=0.6108
epoch 39/50 iter 560/1860 loss=0.6595 mean_loss=0.6487 classification=0.0201, bbox_regression=0.0430, bbox_ctrness=0.5964
epoch 39/50 iter 580/1860 loss=0.6344 mean_loss=0.6488 classification=0.0029, bbox_regression=0.0431, bbox_ctrness=0.5884
epoch 39/50 iter 600/1860 loss=0.6361 mean_loss=0.6487 classification=0.0123, bbox_regression=0.0442, bbox_ctrness=0.5797
epoch 39/50 iter 620/1860 loss=0.6338 mean_loss=0.6485 classification=0.0063, bbox_regression=0.0436, bbox_ctrness=0.5839
epoch 39/50 iter 640/1860 loss=0.6484 mean_loss=0.6486 classification=0.0024, bbox_regression=0.0547, bbox_ctrness=0.5914
epoch 39/50 iter 660/1860 loss=0.6732 mean_loss=0.6486 classification=0.0225, bbox_regression=0.0518, bbox_ctrness=0.5989
epoch 39/50 iter 680/1860 loss=0.6811 mean_loss=0.6489 classification=0.0123, bbox_regression=0.0655, bbox_ctrness=0.6033
epoch 39/50 iter 700/1860 loss=0.6487 mean_loss=0.6492 classification=0.0028, bbox_regression=0.0453, bbox_ctrness=0.6006
epoch 39/50 iter 720/1860 loss=0.6294 mean_loss=0.6492 classification=0.0004, bbox_regression=0.0290, bbox_ctrness=0.5999
epoch 39/50 iter 740/1860 loss=0.6742 mean_loss=0.6493 classification=0.0026, bbox_regression=0.0591, bbox_ctrness=0.6125
epoch 39/50 iter 760/1860 loss=0.6729 mean_loss=0.6494 classification=0.0314, bbox_regression=0.0506, bbox_ctrness=0.5909
epoch 39/50 iter 780/1860 loss=0.6401 mean_loss=0.6494 classification=0.0033, bbox_regression=0.0410, bbox_ctrness=0.5958
epoch 39/50 iter 800/1860 loss=0.6297 mean_loss=0.6493 classification=0.0037, bbox_regression=0.0374, bbox_ctrness=0.5886
epoch 39/50 iter 820/1860 loss=0.6492 mean_loss=0.6491 classification=0.0015, bbox_regression=0.0491, bbox_ctrness=0.5986
epoch 39/50 iter 840/1860 loss=0.6555 mean_loss=0.6491 classification=0.0019, bbox_regression=0.0406, bbox_ctrness=0.6130
epoch 39/50 iter 860/1860 loss=0.6786 mean_loss=0.6493 classification=0.0170, bbox_regression=0.0513, bbox_ctrness=0.6103
epoch 39/50 iter 880/1860 loss=0.6314 mean_loss=0.6494 classification=0.0051, bbox_regression=0.0379, bbox_ctrness=0.5883
epoch 39/50 iter 900/1860 loss=0.6421 mean_loss=0.6493 classification=0.0040, bbox_regression=0.0418, bbox_ctrness=0.5963
epoch 39/50 iter 920/1860 loss=0.6617 mean_loss=0.6494 classification=0.0042, bbox_regression=0.0622, bbox_ctrness=0.5953
epoch 39/50 iter 940/1860 loss=0.6609 mean_loss=0.6495 classification=0.0019, bbox_regression=0.0584, bbox_ctrness=0.6005
epoch 39/50 iter 960/1860 loss=0.6598 mean_loss=0.6494 classification=0.0016, bbox_regression=0.0434, bbox_ctrness=0.6147
epoch 39/50 iter 980/1860 loss=0.6828 mean_loss=0.6494 classification=0.0078, bbox_regression=0.0635, bbox_ctrness=0.6115
epoch 39/50 iter 1000/1860 loss=0.6628 mean_loss=0.6494 classification=0.0022, bbox_regression=0.0468, bbox_ctrness=0.6138
epoch 39/50 iter 1020/1860 loss=0.6406 mean_loss=0.6493 classification=0.0079, bbox_regression=0.0461, bbox_ctrness=0.5866
epoch 39/50 iter 1040/1860 loss=0.6348 mean_loss=0.6493 classification=0.0124, bbox_regression=0.0379, bbox_ctrness=0.5845
epoch 39/50 iter 1060/1860 loss=0.6823 mean_loss=0.6493 classification=0.0001, bbox_regression=0.0670, bbox_ctrness=0.6153
epoch 39/50 iter 1080/1860 loss=0.6326 mean_loss=0.6492 classification=0.0003, bbox_regression=0.0377, bbox_ctrness=0.5945
epoch 39/50 iter 1100/1860 loss=0.6528 mean_loss=0.6492 classification=0.0007, bbox_regression=0.0424, bbox_ctrness=0.6097
epoch 39/50 iter 1120/1860 loss=0.6546 mean_loss=0.6492 classification=0.0045, bbox_regression=0.0534, bbox_ctrness=0.5967
epoch 39/50 iter 1140/1860 loss=0.6475 mean_loss=0.6494 classification=0.0008, bbox_regression=0.0510, bbox_ctrness=0.5957
epoch 39/50 iter 1160/1860 loss=0.7271 mean_loss=0.6497 classification=0.0827, bbox_regression=0.0544, bbox_ctrness=0.5900
epoch 39/50 iter 1180/1860 loss=0.6408 mean_loss=0.6500 classification=0.0046, bbox_regression=0.0547, bbox_ctrness=0.5816
epoch 39/50 iter 1200/1860 loss=0.6746 mean_loss=0.6502 classification=0.0152, bbox_regression=0.0496, bbox_ctrness=0.6099
epoch 39/50 iter 1220/1860 loss=0.6586 mean_loss=0.6503 classification=0.0179, bbox_regression=0.0429, bbox_ctrness=0.5978
epoch 39/50 iter 1240/1860 loss=0.6389 mean_loss=0.6503 classification=0.0020, bbox_regression=0.0527, bbox_ctrness=0.5842
epoch 39/50 iter 1260/1860 loss=0.6174 mean_loss=0.6504 classification=0.0006, bbox_regression=0.0349, bbox_ctrness=0.5818
epoch 39/50 iter 1280/1860 loss=0.6438 mean_loss=0.6504 classification=0.0007, bbox_regression=0.0364, bbox_ctrness=0.6067
epoch 39/50 iter 1300/1860 loss=0.6318 mean_loss=0.6504 classification=0.0054, bbox_regression=0.0404, bbox_ctrness=0.5859
epoch 39/50 iter 1320/1860 loss=0.6450 mean_loss=0.6505 classification=0.0020, bbox_regression=0.0494, bbox_ctrness=0.5935
epoch 39/50 iter 1340/1860 loss=0.6656 mean_loss=0.6505 classification=0.0193, bbox_regression=0.0508, bbox_ctrness=0.5955
epoch 39/50 iter 1360/1860 loss=0.6508 mean_loss=0.6505 classification=0.0063, bbox_regression=0.0382, bbox_ctrness=0.6063
epoch 39/50 iter 1380/1860 loss=0.6340 mean_loss=0.6504 classification=0.0046, bbox_regression=0.0438, bbox_ctrness=0.5857
epoch 39/50 iter 1400/1860 loss=0.6586 mean_loss=0.6505 classification=0.0077, bbox_regression=0.0494, bbox_ctrness=0.6015
epoch 39/50 iter 1420/1860 loss=0.6460 mean_loss=0.6505 classification=0.0127, bbox_regression=0.0466, bbox_ctrness=0.5868
epoch 39/50 iter 1440/1860 loss=0.6553 mean_loss=0.6504 classification=0.0051, bbox_regression=0.0389, bbox_ctrness=0.6114
epoch 39/50 iter 1460/1860 loss=0.6284 mean_loss=0.6505 classification=0.0006, bbox_regression=0.0397, bbox_ctrness=0.5881
epoch 39/50 iter 1480/1860 loss=0.6558 mean_loss=0.6505 classification=0.0006, bbox_regression=0.0474, bbox_ctrness=0.6078
epoch 39/50 iter 1500/1860 loss=0.6654 mean_loss=0.6504 classification=0.0089, bbox_regression=0.0431, bbox_ctrness=0.6135
epoch 39/50 iter 1520/1860 loss=0.6499 mean_loss=0.6503 classification=0.0083, bbox_regression=0.0472, bbox_ctrness=0.5944
epoch 39/50 iter 1540/1860 loss=0.6357 mean_loss=0.6502 classification=0.0020, bbox_regression=0.0402, bbox_ctrness=0.5935
epoch 39/50 iter 1560/1860 loss=0.6660 mean_loss=0.6503 classification=0.0010, bbox_regression=0.0531, bbox_ctrness=0.6119
epoch 39/50 iter 1580/1860 loss=0.6664 mean_loss=0.6505 classification=0.0076, bbox_regression=0.0507, bbox_ctrness=0.6080
epoch 39/50 iter 1600/1860 loss=0.6480 mean_loss=0.6504 classification=0.0025, bbox_regression=0.0462, bbox_ctrness=0.5993
epoch 39/50 iter 1620/1860 loss=0.6336 mean_loss=0.6504 classification=0.0052, bbox_regression=0.0357, bbox_ctrness=0.5927
epoch 39/50 iter 1640/1860 loss=0.6378 mean_loss=0.6504 classification=0.0098, bbox_regression=0.0402, bbox_ctrness=0.5878
epoch 39/50 iter 1660/1860 loss=0.6744 mean_loss=0.6506 classification=0.0116, bbox_regression=0.0573, bbox_ctrness=0.6055
epoch 39/50 iter 1680/1860 loss=0.6499 mean_loss=0.6506 classification=0.0012, bbox_regression=0.0450, bbox_ctrness=0.6037
epoch 39/50 iter 1700/1860 loss=0.7973 mean_loss=0.6506 classification=0.1523, bbox_regression=0.0525, bbox_ctrness=0.5925
epoch 39/50 iter 1720/1860 loss=0.6488 mean_loss=0.6507 classification=0.0084, bbox_regression=0.0389, bbox_ctrness=0.6015
epoch 39/50 iter 1740/1860 loss=0.6775 mean_loss=0.6508 classification=0.0135, bbox_regression=0.0576, bbox_ctrness=0.6065
epoch 39/50 iter 1760/1860 loss=0.6289 mean_loss=0.6508 classification=0.0029, bbox_regression=0.0358, bbox_ctrness=0.5901
epoch 39/50 iter 1780/1860 loss=0.6520 mean_loss=0.6509 classification=0.0071, bbox_regression=0.0513, bbox_ctrness=0.5936
epoch 39/50 iter 1800/1860 loss=0.6599 mean_loss=0.6508 classification=0.0009, bbox_regression=0.0478, bbox_ctrness=0.6112
epoch 39/50 iter 1820/1860 loss=0.6280 mean_loss=0.6509 classification=0.0073, bbox_regression=0.0403, bbox_ctrness=0.5804
epoch 39/50 iter 1840/1860 loss=0.6419 mean_loss=0.6508 classification=0.0018, bbox_regression=0.0526, bbox_ctrness=0.5876
epoch 39/50 iter 1860/1860 loss=0.6911 mean_loss=0.6508 classification=0.0099, bbox_regression=0.0646, bbox_ctrness=0.6166
epoch 39 validation Precision=0.7658 Recall=0.9032 AP50=0.8823 AP75=0.8113 eval_fps=25.04 epoch_time_sec=1037.1
saved checkpoint: E:\RepViT-main\runs\v48_complete_ablation\training\ra_static_equal_seed0\weights\last.pt
epoch 40/50 iter 1/1860 loss=0.6397 mean_loss=0.6397 classification=0.0009, bbox_regression=0.0442, bbox_ctrness=0.5946
epoch 40/50 iter 20/1860 loss=0.6251 mean_loss=0.6574 classification=0.0024, bbox_regression=0.0418, bbox_ctrness=0.5809
epoch 40/50 iter 40/1860 loss=0.7296 mean_loss=0.6549 classification=0.0459, bbox_regression=0.0753, bbox_ctrness=0.6084
epoch 40/50 iter 60/1860 loss=0.6594 mean_loss=0.6523 classification=0.0018, bbox_regression=0.0500, bbox_ctrness=0.6076
epoch 40/50 iter 80/1860 loss=0.6457 mean_loss=0.6512 classification=0.0026, bbox_regression=0.0443, bbox_ctrness=0.5988
epoch 40/50 iter 100/1860 loss=0.6917 mean_loss=0.6533 classification=0.0287, bbox_regression=0.0573, bbox_ctrness=0.6057
epoch 40/50 iter 120/1860 loss=0.6357 mean_loss=0.6550 classification=0.0068, bbox_regression=0.0339, bbox_ctrness=0.5951
epoch 40/50 iter 140/1860 loss=0.6404 mean_loss=0.6537 classification=0.0043, bbox_regression=0.0453, bbox_ctrness=0.5909
epoch 40/50 iter 160/1860 loss=0.6420 mean_loss=0.6528 classification=0.0025, bbox_regression=0.0454, bbox_ctrness=0.5941
epoch 40/50 iter 180/1860 loss=0.6337 mean_loss=0.6532 classification=0.0028, bbox_regression=0.0304, bbox_ctrness=0.6005
epoch 40/50 iter 200/1860 loss=0.6519 mean_loss=0.6525 classification=0.0014, bbox_regression=0.0460, bbox_ctrness=0.6045
epoch 40/50 iter 220/1860 loss=0.6464 mean_loss=0.6521 classification=0.0006, bbox_regression=0.0410, bbox_ctrness=0.6047
epoch 40/50 iter 240/1860 loss=0.6363 mean_loss=0.6512 classification=0.0135, bbox_regression=0.0366, bbox_ctrness=0.5862
epoch 40/50 iter 260/1860 loss=0.6461 mean_loss=0.6511 classification=0.0008, bbox_regression=0.0484, bbox_ctrness=0.5969
epoch 40/50 iter 280/1860 loss=0.6194 mean_loss=0.6505 classification=0.0023, bbox_regression=0.0434, bbox_ctrness=0.5737
epoch 40/50 iter 300/1860 loss=0.6493 mean_loss=0.6500 classification=0.0096, bbox_regression=0.0470, bbox_ctrness=0.5927
epoch 40/50 iter 320/1860 loss=0.6398 mean_loss=0.6494 classification=0.0043, bbox_regression=0.0421, bbox_ctrness=0.5934
epoch 40/50 iter 340/1860 loss=0.6475 mean_loss=0.6495 classification=0.0008, bbox_regression=0.0509, bbox_ctrness=0.5958
epoch 40/50 iter 360/1860 loss=0.6525 mean_loss=0.6492 classification=0.0016, bbox_regression=0.0506, bbox_ctrness=0.6003
epoch 40/50 iter 380/1860 loss=0.6478 mean_loss=0.6489 classification=0.0053, bbox_regression=0.0466, bbox_ctrness=0.5959
epoch 40/50 iter 400/1860 loss=0.6537 mean_loss=0.6485 classification=0.0152, bbox_regression=0.0361, bbox_ctrness=0.6023
epoch 40/50 iter 420/1860 loss=0.6345 mean_loss=0.6480 classification=0.0007, bbox_regression=0.0336, bbox_ctrness=0.6001
epoch 40/50 iter 440/1860 loss=0.6877 mean_loss=0.6480 classification=0.0239, bbox_regression=0.0525, bbox_ctrness=0.6114
epoch 40/50 iter 460/1860 loss=0.6550 mean_loss=0.6482 classification=0.0053, bbox_regression=0.0473, bbox_ctrness=0.6023
epoch 40/50 iter 480/1860 loss=0.6666 mean_loss=0.6481 classification=0.0221, bbox_regression=0.0563, bbox_ctrness=0.5882
epoch 40/50 iter 500/1860 loss=0.6364 mean_loss=0.6480 classification=0.0032, bbox_regression=0.0378, bbox_ctrness=0.5954
epoch 40/50 iter 520/1860 loss=0.6278 mean_loss=0.6480 classification=0.0013, bbox_regression=0.0342, bbox_ctrness=0.5923
epoch 40/50 iter 540/1860 loss=0.6512 mean_loss=0.6482 classification=0.0010, bbox_regression=0.0427, bbox_ctrness=0.6075
epoch 40/50 iter 560/1860 loss=0.6641 mean_loss=0.6483 classification=0.0007, bbox_regression=0.0455, bbox_ctrness=0.6179
epoch 40/50 iter 580/1860 loss=0.6574 mean_loss=0.6480 classification=0.0014, bbox_regression=0.0541, bbox_ctrness=0.6019
epoch 40/50 iter 600/1860 loss=0.6603 mean_loss=0.6481 classification=0.0050, bbox_regression=0.0572, bbox_ctrness=0.5982
epoch 40/50 iter 620/1860 loss=0.6705 mean_loss=0.6481 classification=0.0011, bbox_regression=0.0573, bbox_ctrness=0.6122
epoch 40/50 iter 640/1860 loss=0.6252 mean_loss=0.6481 classification=0.0012, bbox_regression=0.0316, bbox_ctrness=0.5924
epoch 40/50 iter 660/1860 loss=0.6473 mean_loss=0.6478 classification=0.0030, bbox_regression=0.0404, bbox_ctrness=0.6039
epoch 40/50 iter 680/1860 loss=0.7002 mean_loss=0.6478 classification=0.0418, bbox_regression=0.0557, bbox_ctrness=0.6027
epoch 40/50 iter 700/1860 loss=0.6687 mean_loss=0.6479 classification=0.0031, bbox_regression=0.0574, bbox_ctrness=0.6082
epoch 40/50 iter 720/1860 loss=0.6552 mean_loss=0.6477 classification=0.0032, bbox_regression=0.0449, bbox_ctrness=0.6071
epoch 40/50 iter 740/1860 loss=0.6462 mean_loss=0.6475 classification=0.0093, bbox_regression=0.0474, bbox_ctrness=0.5895
epoch 40/50 iter 760/1860 loss=0.6589 mean_loss=0.6476 classification=0.0027, bbox_regression=0.0537, bbox_ctrness=0.6025
epoch 40/50 iter 780/1860 loss=0.6544 mean_loss=0.6476 classification=0.0019, bbox_regression=0.0481, bbox_ctrness=0.6044
epoch 40/50 iter 800/1860 loss=0.6485 mean_loss=0.6476 classification=0.0025, bbox_regression=0.0464, bbox_ctrness=0.5996
epoch 40/50 iter 820/1860 loss=0.6612 mean_loss=0.6474 classification=0.0114, bbox_regression=0.0493, bbox_ctrness=0.6005
epoch 40/50 iter 840/1860 loss=0.6333 mean_loss=0.6473 classification=0.0027, bbox_regression=0.0376, bbox_ctrness=0.5930
epoch 40/50 iter 860/1860 loss=0.6277 mean_loss=0.6473 classification=0.0027, bbox_regression=0.0356, bbox_ctrness=0.5894
epoch 40/50 iter 880/1860 loss=0.6448 mean_loss=0.6473 classification=0.0040, bbox_regression=0.0393, bbox_ctrness=0.6016
epoch 40/50 iter 900/1860 loss=0.6376 mean_loss=0.6472 classification=0.0064, bbox_regression=0.0504, bbox_ctrness=0.5808
epoch 40/50 iter 920/1860 loss=0.6208 mean_loss=0.6473 classification=0.0017, bbox_regression=0.0381, bbox_ctrness=0.5810
epoch 40/50 iter 940/1860 loss=0.6619 mean_loss=0.6475 classification=0.0076, bbox_regression=0.0616, bbox_ctrness=0.5926
epoch 40/50 iter 960/1860 loss=0.6347 mean_loss=0.6478 classification=0.0032, bbox_regression=0.0453, bbox_ctrness=0.5863
epoch 40/50 iter 980/1860 loss=0.6465 mean_loss=0.6480 classification=0.0015, bbox_regression=0.0371, bbox_ctrness=0.6079
epoch 40/50 iter 1000/1860 loss=0.6499 mean_loss=0.6481 classification=0.0027, bbox_regression=0.0450, bbox_ctrness=0.6022
epoch 40/50 iter 1020/1860 loss=0.6579 mean_loss=0.6483 classification=0.0093, bbox_regression=0.0474, bbox_ctrness=0.6012
epoch 40/50 iter 1040/1860 loss=0.6320 mean_loss=0.6487 classification=0.0042, bbox_regression=0.0493, bbox_ctrness=0.5784
epoch 40/50 iter 1060/1860 loss=0.6656 mean_loss=0.6488 classification=0.0050, bbox_regression=0.0632, bbox_ctrness=0.5974
epoch 40/50 iter 1080/1860 loss=0.6818 mean_loss=0.6488 classification=0.0107, bbox_regression=0.0572, bbox_ctrness=0.6140
epoch 40/50 iter 1100/1860 loss=0.6648 mean_loss=0.6489 classification=0.0303, bbox_regression=0.0395, bbox_ctrness=0.5950
epoch 40/50 iter 1120/1860 loss=0.6311 mean_loss=0.6490 classification=0.0075, bbox_regression=0.0367, bbox_ctrness=0.5869
epoch 40/50 iter 1140/1860 loss=0.6825 mean_loss=0.6491 classification=0.0001, bbox_regression=0.0492, bbox_ctrness=0.6332
epoch 40/50 iter 1160/1860 loss=0.6662 mean_loss=0.6491 classification=0.0043, bbox_regression=0.0622, bbox_ctrness=0.5997
epoch 40/50 iter 1180/1860 loss=0.7086 mean_loss=0.6493 classification=0.0557, bbox_regression=0.0441, bbox_ctrness=0.6088
epoch 40/50 iter 1200/1860 loss=0.6676 mean_loss=0.6492 classification=0.0011, bbox_regression=0.0471, bbox_ctrness=0.6194
epoch 40/50 iter 1220/1860 loss=0.6594 mean_loss=0.6493 classification=0.0032, bbox_regression=0.0510, bbox_ctrness=0.6052
epoch 40/50 iter 1240/1860 loss=0.6545 mean_loss=0.6492 classification=0.0027, bbox_regression=0.0605, bbox_ctrness=0.5913
epoch 40/50 iter 1260/1860 loss=0.6527 mean_loss=0.6494 classification=0.0083, bbox_regression=0.0446, bbox_ctrness=0.5999
epoch 40/50 iter 1280/1860 loss=0.6488 mean_loss=0.6495 classification=0.0005, bbox_regression=0.0447, bbox_ctrness=0.6036
epoch 40/50 iter 1300/1860 loss=0.6552 mean_loss=0.6495 classification=0.0013, bbox_regression=0.0508, bbox_ctrness=0.6031
epoch 40/50 iter 1320/1860 loss=0.6919 mean_loss=0.6496 classification=0.0376, bbox_regression=0.0533, bbox_ctrness=0.6010
epoch 40/50 iter 1340/1860 loss=0.6354 mean_loss=0.6497 classification=0.0020, bbox_regression=0.0710, bbox_ctrness=0.5624
epoch 40/50 iter 1360/1860 loss=0.6424 mean_loss=0.6497 classification=0.0027, bbox_regression=0.0489, bbox_ctrness=0.5908
epoch 40/50 iter 1380/1860 loss=0.6274 mean_loss=0.6497 classification=0.0005, bbox_regression=0.0406, bbox_ctrness=0.5863
epoch 40/50 iter 1400/1860 loss=0.6662 mean_loss=0.6497 classification=0.0164, bbox_regression=0.0491, bbox_ctrness=0.6007
epoch 40/50 iter 1420/1860 loss=0.6513 mean_loss=0.6498 classification=0.0003, bbox_regression=0.0369, bbox_ctrness=0.6142
epoch 40/50 iter 1440/1860 loss=0.6714 mean_loss=0.6499 classification=0.0070, bbox_regression=0.0492, bbox_ctrness=0.6152
epoch 40/50 iter 1460/1860 loss=0.6389 mean_loss=0.6500 classification=0.0060, bbox_regression=0.0409, bbox_ctrness=0.5920
epoch 40/50 iter 1480/1860 loss=0.6663 mean_loss=0.6500 classification=0.0024, bbox_regression=0.0568, bbox_ctrness=0.6071
epoch 40/50 iter 1500/1860 loss=0.6425 mean_loss=0.6500 classification=0.0156, bbox_regression=0.0401, bbox_ctrness=0.5868
epoch 40/50 iter 1520/1860 loss=0.6754 mean_loss=0.6501 classification=0.0206, bbox_regression=0.0508, bbox_ctrness=0.6041
epoch 40/50 iter 1540/1860 loss=0.6230 mean_loss=0.6501 classification=0.0005, bbox_regression=0.0413, bbox_ctrness=0.5812
epoch 40/50 iter 1560/1860 loss=0.6535 mean_loss=0.6502 classification=0.0088, bbox_regression=0.0483, bbox_ctrness=0.5965
epoch 40/50 iter 1580/1860 loss=0.6434 mean_loss=0.6502 classification=0.0008, bbox_regression=0.0383, bbox_ctrness=0.6042
epoch 40/50 iter 1600/1860 loss=0.6597 mean_loss=0.6502 classification=0.0089, bbox_regression=0.0452, bbox_ctrness=0.6056
epoch 40/50 iter 1620/1860 loss=0.6330 mean_loss=0.6502 classification=0.0075, bbox_regression=0.0432, bbox_ctrness=0.5823
epoch 40/50 iter 1640/1860 loss=0.6320 mean_loss=0.6502 classification=0.0040, bbox_regression=0.0441, bbox_ctrness=0.5839
epoch 40/50 iter 1660/1860 loss=0.6658 mean_loss=0.6503 classification=0.0265, bbox_regression=0.0519, bbox_ctrness=0.5873
epoch 40/50 iter 1680/1860 loss=0.6718 mean_loss=0.6504 classification=0.0227, bbox_regression=0.0431, bbox_ctrness=0.6059
epoch 40/50 iter 1700/1860 loss=0.6643 mean_loss=0.6504 classification=0.0160, bbox_regression=0.0489, bbox_ctrness=0.5994
epoch 40/50 iter 1720/1860 loss=0.6592 mean_loss=0.6506 classification=0.0043, bbox_regression=0.0425, bbox_ctrness=0.6123
epoch 40/50 iter 1740/1860 loss=0.6723 mean_loss=0.6506 classification=0.0226, bbox_regression=0.0590, bbox_ctrness=0.5907
epoch 40/50 iter 1760/1860 loss=0.6367 mean_loss=0.6507 classification=0.0138, bbox_regression=0.0381, bbox_ctrness=0.5849
epoch 40/50 iter 1780/1860 loss=0.6042 mean_loss=0.6506 classification=0.0039, bbox_regression=0.0282, bbox_ctrness=0.5722
epoch 40/50 iter 1800/1860 loss=0.6857 mean_loss=0.6508 classification=0.0012, bbox_regression=0.0699, bbox_ctrness=0.6146
epoch 40/50 iter 1820/1860 loss=0.6282 mean_loss=0.6508 classification=0.0069, bbox_regression=0.0382, bbox_ctrness=0.5832
epoch 40/50 iter 1840/1860 loss=0.6535 mean_loss=0.6508 classification=0.0007, bbox_regression=0.0310, bbox_ctrness=0.6218
epoch 40/50 iter 1860/1860 loss=0.6544 mean_loss=0.6507 classification=0.0151, bbox_regression=0.0500, bbox_ctrness=0.5893
epoch 40 validation Precision=0.7603 Recall=0.9138 AP50=0.8904 AP75=0.8146 eval_fps=24.07 epoch_time_sec=876.0
saved checkpoint: E:\RepViT-main\runs\v48_complete_ablation\training\ra_static_equal_seed0\weights\last.pt
epoch 41/50 iter 1/1860 loss=0.6569 mean_loss=0.6569 classification=0.0005, bbox_regression=0.0396, bbox_ctrness=0.6168
epoch 41/50 iter 20/1860 loss=0.6437 mean_loss=0.6437 classification=0.0052, bbox_regression=0.0336, bbox_ctrness=0.6049
epoch 41/50 iter 40/1860 loss=0.6238 mean_loss=0.6445 classification=0.0013, bbox_regression=0.0353, bbox_ctrness=0.5872
epoch 41/50 iter 60/1860 loss=0.6475 mean_loss=0.6432 classification=0.0017, bbox_regression=0.0466, bbox_ctrness=0.5992
epoch 41/50 iter 80/1860 loss=0.6525 mean_loss=0.6435 classification=0.0048, bbox_regression=0.0402, bbox_ctrness=0.6074
epoch 41/50 iter 100/1860 loss=0.6239 mean_loss=0.6433 classification=0.0013, bbox_regression=0.0393, bbox_ctrness=0.5833
epoch 41/50 iter 120/1860 loss=0.6553 mean_loss=0.6443 classification=0.0001, bbox_regression=0.0355, bbox_ctrness=0.6196
epoch 41/50 iter 140/1860 loss=0.6283 mean_loss=0.6448 classification=0.0018, bbox_regression=0.0243, bbox_ctrness=0.6021
epoch 41/50 iter 160/1860 loss=0.6223 mean_loss=0.6456 classification=0.0022, bbox_regression=0.0412, bbox_ctrness=0.5789
epoch 41/50 iter 180/1860 loss=0.7035 mean_loss=0.6458 classification=0.0708, bbox_regression=0.0426, bbox_ctrness=0.5902
epoch 41/50 iter 200/1860 loss=0.6746 mean_loss=0.6462 classification=0.0257, bbox_regression=0.0498, bbox_ctrness=0.5992
epoch 41/50 iter 220/1860 loss=0.6862 mean_loss=0.6465 classification=0.0418, bbox_regression=0.0551, bbox_ctrness=0.5892
epoch 41/50 iter 240/1860 loss=0.6508 mean_loss=0.6469 classification=0.0040, bbox_regression=0.0496, bbox_ctrness=0.5971
epoch 41/50 iter 260/1860 loss=0.6415 mean_loss=0.6469 classification=0.0022, bbox_regression=0.0415, bbox_ctrness=0.5978
epoch 41/50 iter 280/1860 loss=0.6509 mean_loss=0.6465 classification=0.0006, bbox_regression=0.0466, bbox_ctrness=0.6036
epoch 41/50 iter 300/1860 loss=0.6595 mean_loss=0.6460 classification=0.0217, bbox_regression=0.0432, bbox_ctrness=0.5945
epoch 41/50 iter 320/1860 loss=0.6499 mean_loss=0.6455 classification=0.0035, bbox_regression=0.0496, bbox_ctrness=0.5968
epoch 41/50 iter 340/1860 loss=0.6751 mean_loss=0.6457 classification=0.0097, bbox_regression=0.0662, bbox_ctrness=0.5992
epoch 41/50 iter 360/1860 loss=0.6615 mean_loss=0.6468 classification=0.0007, bbox_regression=0.0433, bbox_ctrness=0.6175
epoch 41/50 iter 380/1860 loss=0.6466 mean_loss=0.6467 classification=0.0021, bbox_regression=0.0468, bbox_ctrness=0.5977
epoch 41/50 iter 400/1860 loss=0.6531 mean_loss=0.6466 classification=0.0129, bbox_regression=0.0465, bbox_ctrness=0.5937
epoch 41/50 iter 420/1860 loss=0.6696 mean_loss=0.6468 classification=0.0033, bbox_regression=0.0677, bbox_ctrness=0.5986
epoch 41/50 iter 440/1860 loss=0.6644 mean_loss=0.6469 classification=0.0085, bbox_regression=0.0440, bbox_ctrness=0.6120
epoch 41/50 iter 460/1860 loss=0.6582 mean_loss=0.6471 classification=0.0073, bbox_regression=0.0476, bbox_ctrness=0.6033
epoch 41/50 iter 480/1860 loss=0.6277 mean_loss=0.6474 classification=0.0030, bbox_regression=0.0504, bbox_ctrness=0.5743
epoch 41/50 iter 500/1860 loss=0.6557 mean_loss=0.6479 classification=0.0112, bbox_regression=0.0584, bbox_ctrness=0.5861
epoch 41/50 iter 520/1860 loss=0.6362 mean_loss=0.6485 classification=0.0009, bbox_regression=0.0440, bbox_ctrness=0.5913
epoch 41/50 iter 540/1860 loss=0.6361 mean_loss=0.6487 classification=0.0015, bbox_regression=0.0452, bbox_ctrness=0.5894
epoch 41/50 iter 560/1860 loss=0.6406 mean_loss=0.6490 classification=0.0108, bbox_regression=0.0493, bbox_ctrness=0.5805
epoch 41/50 iter 580/1860 loss=0.6500 mean_loss=0.6493 classification=0.0007, bbox_regression=0.0470, bbox_ctrness=0.6023
epoch 41/50 iter 600/1860 loss=0.6579 mean_loss=0.6496 classification=0.0088, bbox_regression=0.0452, bbox_ctrness=0.6040
epoch 41/50 iter 620/1860 loss=0.6380 mean_loss=0.6497 classification=0.0016, bbox_regression=0.0428, bbox_ctrness=0.5935
epoch 41/50 iter 640/1860 loss=0.5970 mean_loss=0.6496 classification=0.0089, bbox_regression=0.0460, bbox_ctrness=0.5422
epoch 41/50 iter 660/1860 loss=0.6352 mean_loss=0.6497 classification=0.0052, bbox_regression=0.0349, bbox_ctrness=0.5951
epoch 41/50 iter 680/1860 loss=0.6389 mean_loss=0.6496 classification=0.0032, bbox_regression=0.0433, bbox_ctrness=0.5924
epoch 41/50 iter 700/1860 loss=0.6198 mean_loss=0.6496 classification=0.0016, bbox_regression=0.0413, bbox_ctrness=0.5770
epoch 41/50 iter 720/1860 loss=0.6655 mean_loss=0.6496 classification=0.0003, bbox_regression=0.0434, bbox_ctrness=0.6219
epoch 41/50 iter 740/1860 loss=0.6226 mean_loss=0.6494 classification=0.0020, bbox_regression=0.0342, bbox_ctrness=0.5865
epoch 41/50 iter 760/1860 loss=0.6515 mean_loss=0.6494 classification=0.0011, bbox_regression=0.0488, bbox_ctrness=0.6016
epoch 41/50 iter 780/1860 loss=0.6343 mean_loss=0.6494 classification=0.0003, bbox_regression=0.0325, bbox_ctrness=0.6015
epoch 41/50 iter 800/1860 loss=0.6490 mean_loss=0.6495 classification=0.0076, bbox_regression=0.0553, bbox_ctrness=0.5861
epoch 41/50 iter 820/1860 loss=0.6319 mean_loss=0.6495 classification=0.0009, bbox_regression=0.0370, bbox_ctrness=0.5940
epoch 41/50 iter 840/1860 loss=0.6280 mean_loss=0.6496 classification=0.0045, bbox_regression=0.0441, bbox_ctrness=0.5794
epoch 41/50 iter 860/1860 loss=0.6418 mean_loss=0.6494 classification=0.0045, bbox_regression=0.0356, bbox_ctrness=0.6017
epoch 41/50 iter 880/1860 loss=0.6483 mean_loss=0.6496 classification=0.0104, bbox_regression=0.0453, bbox_ctrness=0.5926
epoch 41/50 iter 900/1860 loss=0.6530 mean_loss=0.6497 classification=0.0003, bbox_regression=0.0404, bbox_ctrness=0.6124
epoch 41/50 iter 920/1860 loss=0.6420 mean_loss=0.6496 classification=0.0035, bbox_regression=0.0393, bbox_ctrness=0.5992
epoch 41/50 iter 940/1860 loss=0.6366 mean_loss=0.6496 classification=0.0008, bbox_regression=0.0447, bbox_ctrness=0.5912
epoch 41/50 iter 960/1860 loss=0.6329 mean_loss=0.6498 classification=0.0040, bbox_regression=0.0414, bbox_ctrness=0.5876
epoch 41/50 iter 980/1860 loss=0.6443 mean_loss=0.6497 classification=0.0003, bbox_regression=0.0411, bbox_ctrness=0.6029
epoch 41/50 iter 1000/1860 loss=0.6346 mean_loss=0.6500 classification=0.0078, bbox_regression=0.0422, bbox_ctrness=0.5846
epoch 41/50 iter 1020/1860 loss=0.6690 mean_loss=0.6501 classification=0.0071, bbox_regression=0.0504, bbox_ctrness=0.6115
epoch 41/50 iter 1040/1860 loss=0.6418 mean_loss=0.6500 classification=0.0039, bbox_regression=0.0503, bbox_ctrness=0.5875
epoch 41/50 iter 1060/1860 loss=0.6377 mean_loss=0.6499 classification=0.0006, bbox_regression=0.0327, bbox_ctrness=0.6044
epoch 41/50 iter 1080/1860 loss=0.6544 mean_loss=0.6498 classification=0.0030, bbox_regression=0.0520, bbox_ctrness=0.5994
epoch 41/50 iter 1100/1860 loss=0.6560 mean_loss=0.6498 classification=0.0005, bbox_regression=0.0506, bbox_ctrness=0.6048
epoch 41/50 iter 1120/1860 loss=0.6578 mean_loss=0.6500 classification=0.0147, bbox_regression=0.0441, bbox_ctrness=0.5990
epoch 41/50 iter 1140/1860 loss=0.6341 mean_loss=0.6500 classification=0.0016, bbox_regression=0.0375, bbox_ctrness=0.5950
epoch 41/50 iter 1160/1860 loss=0.6254 mean_loss=0.6500 classification=0.0035, bbox_regression=0.0408, bbox_ctrness=0.5810
epoch 41/50 iter 1180/1860 loss=0.6668 mean_loss=0.6500 classification=0.0077, bbox_regression=0.0643, bbox_ctrness=0.5948
epoch 41/50 iter 1200/1860 loss=0.6317 mean_loss=0.6499 classification=0.0016, bbox_regression=0.0428, bbox_ctrness=0.5873
epoch 41/50 iter 1220/1860 loss=0.6557 mean_loss=0.6499 classification=0.0028, bbox_regression=0.0514, bbox_ctrness=0.6015
epoch 41/50 iter 1240/1860 loss=0.6515 mean_loss=0.6499 classification=0.0043, bbox_regression=0.0475, bbox_ctrness=0.5997
epoch 41/50 iter 1260/1860 loss=0.6889 mean_loss=0.6499 classification=0.0076, bbox_regression=0.0641, bbox_ctrness=0.6172
epoch 41/50 iter 1280/1860 loss=0.6271 mean_loss=0.6499 classification=0.0015, bbox_regression=0.0410, bbox_ctrness=0.5846
epoch 41/50 iter 1300/1860 loss=0.6388 mean_loss=0.6499 classification=0.0004, bbox_regression=0.0412, bbox_ctrness=0.5972
epoch 41/50 iter 1320/1860 loss=0.6387 mean_loss=0.6501 classification=0.0076, bbox_regression=0.0370, bbox_ctrness=0.5941
epoch 41/50 iter 1340/1860 loss=0.6586 mean_loss=0.6500 classification=0.0005, bbox_regression=0.0438, bbox_ctrness=0.6142
epoch 41/50 iter 1360/1860 loss=0.6565 mean_loss=0.6501 classification=0.0057, bbox_regression=0.0424, bbox_ctrness=0.6084
epoch 41/50 iter 1380/1860 loss=0.6479 mean_loss=0.6501 classification=0.0106, bbox_regression=0.0531, bbox_ctrness=0.5842
epoch 41/50 iter 1400/1860 loss=0.6221 mean_loss=0.6500 classification=0.0044, bbox_regression=0.0299, bbox_ctrness=0.5878
epoch 41/50 iter 1420/1860 loss=0.6456 mean_loss=0.6501 classification=0.0108, bbox_regression=0.0392, bbox_ctrness=0.5956
epoch 41/50 iter 1440/1860 loss=0.6555 mean_loss=0.6502 classification=0.0026, bbox_regression=0.0478, bbox_ctrness=0.6051
epoch 41/50 iter 1460/1860 loss=0.6640 mean_loss=0.6503 classification=0.0019, bbox_regression=0.0455, bbox_ctrness=0.6166
epoch 41/50 iter 1480/1860 loss=0.6507 mean_loss=0.6502 classification=0.0063, bbox_regression=0.0409, bbox_ctrness=0.6035
epoch 41/50 iter 1500/1860 loss=0.6497 mean_loss=0.6502 classification=0.0002, bbox_regression=0.0414, bbox_ctrness=0.6081
epoch 41/50 iter 1520/1860 loss=0.6170 mean_loss=0.6501 classification=0.0009, bbox_regression=0.0322, bbox_ctrness=0.5839
epoch 41/50 iter 1540/1860 loss=0.6301 mean_loss=0.6501 classification=0.0010, bbox_regression=0.0355, bbox_ctrness=0.5935
epoch 41/50 iter 1560/1860 loss=0.6333 mean_loss=0.6501 classification=0.0023, bbox_regression=0.0446, bbox_ctrness=0.5864
epoch 41/50 iter 1580/1860 loss=0.6545 mean_loss=0.6500 classification=0.0009, bbox_regression=0.0524, bbox_ctrness=0.6011
epoch 41/50 iter 1600/1860 loss=0.6482 mean_loss=0.6501 classification=0.0013, bbox_regression=0.0514, bbox_ctrness=0.5956
epoch 41/50 iter 1620/1860 loss=0.6287 mean_loss=0.6501 classification=0.0008, bbox_regression=0.0315, bbox_ctrness=0.5965
epoch 41/50 iter 1640/1860 loss=0.6585 mean_loss=0.6500 classification=0.0092, bbox_regression=0.0595, bbox_ctrness=0.5898
epoch 41/50 iter 1660/1860 loss=0.6288 mean_loss=0.6500 classification=0.0019, bbox_regression=0.0371, bbox_ctrness=0.5898
epoch 41/50 iter 1680/1860 loss=0.6293 mean_loss=0.6500 classification=0.0016, bbox_regression=0.0349, bbox_ctrness=0.5927
epoch 41/50 iter 1700/1860 loss=0.6457 mean_loss=0.6499 classification=0.0010, bbox_regression=0.0400, bbox_ctrness=0.6047
epoch 41/50 iter 1720/1860 loss=0.6599 mean_loss=0.6499 classification=0.0019, bbox_regression=0.0487, bbox_ctrness=0.6093
epoch 41/50 iter 1740/1860 loss=0.6173 mean_loss=0.6499 classification=0.0016, bbox_regression=0.0388, bbox_ctrness=0.5769
epoch 41/50 iter 1760/1860 loss=0.6801 mean_loss=0.6500 classification=0.0025, bbox_regression=0.0571, bbox_ctrness=0.6206
epoch 41/50 iter 1780/1860 loss=0.6996 mean_loss=0.6500 classification=0.0604, bbox_regression=0.0399, bbox_ctrness=0.5994
epoch 41/50 iter 1800/1860 loss=0.6378 mean_loss=0.6499 classification=0.0046, bbox_regression=0.0428, bbox_ctrness=0.5904
epoch 41/50 iter 1820/1860 loss=0.6725 mean_loss=0.6499 classification=0.0023, bbox_regression=0.0615, bbox_ctrness=0.6087
epoch 41/50 iter 1840/1860 loss=0.6380 mean_loss=0.6500 classification=0.0052, bbox_regression=0.0370, bbox_ctrness=0.5958
epoch 41/50 iter 1860/1860 loss=0.6478 mean_loss=0.6499 classification=0.0012, bbox_regression=0.0311, bbox_ctrness=0.6155
epoch 41 validation Precision=0.7001 Recall=0.9160 AP50=0.8927 AP75=0.8183 eval_fps=24.50 epoch_time_sec=863.9
saved checkpoint: E:\RepViT-main\runs\v48_complete_ablation\training\ra_static_equal_seed0\weights\last.pt
epoch 42/50 iter 1/1860 loss=0.6343 mean_loss=0.6343 classification=0.0024, bbox_regression=0.0324, bbox_ctrness=0.5994
epoch 42/50 iter 20/1860 loss=0.6236 mean_loss=0.6441 classification=0.0009, bbox_regression=0.0272, bbox_ctrness=0.5955
epoch 42/50 iter 40/1860 loss=0.6378 mean_loss=0.6452 classification=0.0030, bbox_regression=0.0425, bbox_ctrness=0.5923
epoch 42/50 iter 60/1860 loss=0.6434 mean_loss=0.6440 classification=0.0082, bbox_regression=0.0376, bbox_ctrness=0.5976
epoch 42/50 iter 80/1860 loss=0.6372 mean_loss=0.6423 classification=0.0014, bbox_regression=0.0408, bbox_ctrness=0.5949
epoch 42/50 iter 100/1860 loss=0.6463 mean_loss=0.6420 classification=0.0006, bbox_regression=0.0394, bbox_ctrness=0.6063
epoch 42/50 iter 120/1860 loss=0.6528 mean_loss=0.6419 classification=0.0012, bbox_regression=0.0464, bbox_ctrness=0.6052
epoch 42/50 iter 140/1860 loss=0.6666 mean_loss=0.6419 classification=0.0003, bbox_regression=0.0441, bbox_ctrness=0.6222
epoch 42/50 iter 160/1860 loss=0.6761 mean_loss=0.6424 classification=0.0061, bbox_regression=0.0554, bbox_ctrness=0.6146
epoch 42/50 iter 180/1860 loss=0.6342 mean_loss=0.6438 classification=0.0002, bbox_regression=0.0392, bbox_ctrness=0.5948
epoch 42/50 iter 200/1860 loss=0.6656 mean_loss=0.6438 classification=0.0021, bbox_regression=0.0446, bbox_ctrness=0.6189
epoch 42/50 iter 220/1860 loss=0.6663 mean_loss=0.6448 classification=0.0002, bbox_regression=0.0457, bbox_ctrness=0.6205
epoch 42/50 iter 240/1860 loss=0.6586 mean_loss=0.6447 classification=0.0033, bbox_regression=0.0499, bbox_ctrness=0.6054
epoch 42/50 iter 260/1860 loss=0.6475 mean_loss=0.6450 classification=0.0099, bbox_regression=0.0388, bbox_ctrness=0.5988
epoch 42/50 iter 280/1860 loss=0.6406 mean_loss=0.6447 classification=0.0015, bbox_regression=0.0466, bbox_ctrness=0.5924
epoch 42/50 iter 300/1860 loss=0.6390 mean_loss=0.6448 classification=0.0031, bbox_regression=0.0362, bbox_ctrness=0.5997
epoch 42/50 iter 320/1860 loss=0.6366 mean_loss=0.6450 classification=0.0018, bbox_regression=0.0403, bbox_ctrness=0.5945
epoch 42/50 iter 340/1860 loss=0.6541 mean_loss=0.6451 classification=0.0113, bbox_regression=0.0453, bbox_ctrness=0.5974
epoch 42/50 iter 360/1860 loss=0.6456 mean_loss=0.6452 classification=0.0003, bbox_regression=0.0375, bbox_ctrness=0.6078
epoch 42/50 iter 380/1860 loss=0.6384 mean_loss=0.6454 classification=0.0043, bbox_regression=0.0327, bbox_ctrness=0.6015
epoch 42/50 iter 400/1860 loss=0.6444 mean_loss=0.6454 classification=0.0020, bbox_regression=0.0408, bbox_ctrness=0.6016
epoch 42/50 iter 420/1860 loss=0.6464 mean_loss=0.6459 classification=0.0096, bbox_regression=0.0405, bbox_ctrness=0.5963
epoch 42/50 iter 440/1860 loss=0.6384 mean_loss=0.6458 classification=0.0005, bbox_regression=0.0372, bbox_ctrness=0.6006
epoch 42/50 iter 460/1860 loss=0.6526 mean_loss=0.6458 classification=0.0027, bbox_regression=0.0498, bbox_ctrness=0.6001
epoch 42/50 iter 480/1860 loss=0.6417 mean_loss=0.6459 classification=0.0008, bbox_regression=0.0408, bbox_ctrness=0.6001
epoch 42/50 iter 500/1860 loss=0.6458 mean_loss=0.6461 classification=0.0005, bbox_regression=0.0439, bbox_ctrness=0.6013
epoch 42/50 iter 520/1860 loss=0.6335 mean_loss=0.6462 classification=0.0012, bbox_regression=0.0344, bbox_ctrness=0.5979
epoch 42/50 iter 540/1860 loss=0.6667 mean_loss=0.6462 classification=0.0352, bbox_regression=0.0409, bbox_ctrness=0.5905
epoch 42/50 iter 560/1860 loss=0.6351 mean_loss=0.6462 classification=0.0002, bbox_regression=0.0396, bbox_ctrness=0.5953
epoch 42/50 iter 580/1860 loss=0.6610 mean_loss=0.6463 classification=0.0170, bbox_regression=0.0513, bbox_ctrness=0.5927
epoch 42/50 iter 600/1860 loss=0.6135 mean_loss=0.6462 classification=0.0015, bbox_regression=0.0236, bbox_ctrness=0.5884
epoch 42/50 iter 620/1860 loss=0.6433 mean_loss=0.6460 classification=0.0001, bbox_regression=0.0359, bbox_ctrness=0.6074
epoch 42/50 iter 640/1860 loss=0.6298 mean_loss=0.6459 classification=0.0014, bbox_regression=0.0379, bbox_ctrness=0.5905
epoch 42/50 iter 660/1860 loss=0.6552 mean_loss=0.6460 classification=0.0033, bbox_regression=0.0506, bbox_ctrness=0.6013
epoch 42/50 iter 680/1860 loss=0.6490 mean_loss=0.6461 classification=0.0014, bbox_regression=0.0432, bbox_ctrness=0.6044
epoch 42/50 iter 700/1860 loss=0.6476 mean_loss=0.6463 classification=0.0061, bbox_regression=0.0484, bbox_ctrness=0.5931
epoch 42/50 iter 720/1860 loss=0.6350 mean_loss=0.6465 classification=0.0001, bbox_regression=0.0448, bbox_ctrness=0.5901
epoch 42/50 iter 740/1860 loss=0.6339 mean_loss=0.6465 classification=0.0001, bbox_regression=0.0380, bbox_ctrness=0.5959
epoch 42/50 iter 760/1860 loss=0.6491 mean_loss=0.6467 classification=0.0170, bbox_regression=0.0412, bbox_ctrness=0.5909
epoch 42/50 iter 780/1860 loss=0.6585 mean_loss=0.6467 classification=0.0049, bbox_regression=0.0401, bbox_ctrness=0.6136
epoch 42/50 iter 800/1860 loss=0.6627 mean_loss=0.6467 classification=0.0017, bbox_regression=0.0497, bbox_ctrness=0.6113
epoch 42/50 iter 820/1860 loss=0.6905 mean_loss=0.6468 classification=0.0491, bbox_regression=0.0402, bbox_ctrness=0.6012
epoch 42/50 iter 840/1860 loss=0.6358 mean_loss=0.6466 classification=0.0022, bbox_regression=0.0441, bbox_ctrness=0.5894
epoch 42/50 iter 860/1860 loss=0.6577 mean_loss=0.6467 classification=0.0003, bbox_regression=0.0412, bbox_ctrness=0.6161
epoch 42/50 iter 880/1860 loss=0.6406 mean_loss=0.6468 classification=0.0072, bbox_regression=0.0362, bbox_ctrness=0.5971
epoch 42/50 iter 900/1860 loss=0.6419 mean_loss=0.6468 classification=0.0026, bbox_regression=0.0430, bbox_ctrness=0.5963
epoch 42/50 iter 920/1860 loss=0.6343 mean_loss=0.6467 classification=0.0015, bbox_regression=0.0480, bbox_ctrness=0.5849
epoch 42/50 iter 940/1860 loss=0.6555 mean_loss=0.6466 classification=0.0248, bbox_regression=0.0432, bbox_ctrness=0.5875
epoch 42/50 iter 960/1860 loss=0.6307 mean_loss=0.6466 classification=0.0010, bbox_regression=0.0379, bbox_ctrness=0.5918
epoch 42/50 iter 980/1860 loss=0.6397 mean_loss=0.6465 classification=0.0003, bbox_regression=0.0426, bbox_ctrness=0.5968
epoch 42/50 iter 1000/1860 loss=0.6555 mean_loss=0.6465 classification=0.0026, bbox_regression=0.0455, bbox_ctrness=0.6074
epoch 42/50 iter 1020/1860 loss=0.6534 mean_loss=0.6465 classification=0.0151, bbox_regression=0.0413, bbox_ctrness=0.5970
epoch 42/50 iter 1040/1860 loss=0.6530 mean_loss=0.6464 classification=0.0014, bbox_regression=0.0377, bbox_ctrness=0.6139
epoch 42/50 iter 1060/1860 loss=0.6638 mean_loss=0.6464 classification=0.0007, bbox_regression=0.0591, bbox_ctrness=0.6040
epoch 42/50 iter 1080/1860 loss=0.6410 mean_loss=0.6465 classification=0.0045, bbox_regression=0.0459, bbox_ctrness=0.5906
epoch 42/50 iter 1100/1860 loss=0.6274 mean_loss=0.6465 classification=0.0009, bbox_regression=0.0323, bbox_ctrness=0.5941
epoch 42/50 iter 1120/1860 loss=0.6283 mean_loss=0.6465 classification=0.0039, bbox_regression=0.0366, bbox_ctrness=0.5878
epoch 42/50 iter 1140/1860 loss=0.6546 mean_loss=0.6469 classification=0.0147, bbox_regression=0.0579, bbox_ctrness=0.5821
epoch 42/50 iter 1160/1860 loss=0.6458 mean_loss=0.6470 classification=0.0052, bbox_regression=0.0410, bbox_ctrness=0.5996
epoch 42/50 iter 1180/1860 loss=0.6379 mean_loss=0.6469 classification=0.0043, bbox_regression=0.0492, bbox_ctrness=0.5844
epoch 42/50 iter 1200/1860 loss=0.6135 mean_loss=0.6469 classification=0.0008, bbox_regression=0.0302, bbox_ctrness=0.5826
epoch 42/50 iter 1220/1860 loss=0.7018 mean_loss=0.6470 classification=0.0621, bbox_regression=0.0441, bbox_ctrness=0.5956
epoch 42/50 iter 1240/1860 loss=0.6227 mean_loss=0.6469 classification=0.0048, bbox_regression=0.0357, bbox_ctrness=0.5822
epoch 42/50 iter 1260/1860 loss=0.6510 mean_loss=0.6469 classification=0.0010, bbox_regression=0.0416, bbox_ctrness=0.6084
epoch 42/50 iter 1280/1860 loss=0.6504 mean_loss=0.6469 classification=0.0006, bbox_regression=0.0429, bbox_ctrness=0.6069
epoch 42/50 iter 1300/1860 loss=0.6725 mean_loss=0.6469 classification=0.0019, bbox_regression=0.0630, bbox_ctrness=0.6075
epoch 42/50 iter 1320/1860 loss=0.6504 mean_loss=0.6469 classification=0.0011, bbox_regression=0.0376, bbox_ctrness=0.6117
epoch 42/50 iter 1340/1860 loss=0.6429 mean_loss=0.6468 classification=0.0005, bbox_regression=0.0320, bbox_ctrness=0.6104
epoch 42/50 iter 1360/1860 loss=0.6576 mean_loss=0.6468 classification=0.0076, bbox_regression=0.0448, bbox_ctrness=0.6052
epoch 42/50 iter 1380/1860 loss=0.6379 mean_loss=0.6468 classification=0.0004, bbox_regression=0.0466, bbox_ctrness=0.5909
epoch 42/50 iter 1400/1860 loss=0.6312 mean_loss=0.6468 classification=0.0015, bbox_regression=0.0371, bbox_ctrness=0.5926
epoch 42/50 iter 1420/1860 loss=0.6681 mean_loss=0.6469 classification=0.0058, bbox_regression=0.0518, bbox_ctrness=0.6105
epoch 42/50 iter 1440/1860 loss=0.6223 mean_loss=0.6468 classification=0.0002, bbox_regression=0.0313, bbox_ctrness=0.5908
epoch 42/50 iter 1460/1860 loss=0.6578 mean_loss=0.6468 classification=0.0051, bbox_regression=0.0508, bbox_ctrness=0.6019
epoch 42/50 iter 1480/1860 loss=0.6219 mean_loss=0.6470 classification=0.0022, bbox_regression=0.0386, bbox_ctrness=0.5810
epoch 42/50 iter 1500/1860 loss=0.6494 mean_loss=0.6469 classification=0.0070, bbox_regression=0.0406, bbox_ctrness=0.6018
epoch 42/50 iter 1520/1860 loss=0.6290 mean_loss=0.6468 classification=0.0027, bbox_regression=0.0424, bbox_ctrness=0.5839
epoch 42/50 iter 1540/1860 loss=0.6434 mean_loss=0.6468 classification=0.0004, bbox_regression=0.0368, bbox_ctrness=0.6061
epoch 42/50 iter 1560/1860 loss=0.6556 mean_loss=0.6468 classification=0.0154, bbox_regression=0.0525, bbox_ctrness=0.5877
epoch 42/50 iter 1580/1860 loss=0.6602 mean_loss=0.6468 classification=0.0198, bbox_regression=0.0431, bbox_ctrness=0.5972
epoch 42/50 iter 1600/1860 loss=0.6539 mean_loss=0.6468 classification=0.0060, bbox_regression=0.0494, bbox_ctrness=0.5985
epoch 42/50 iter 1620/1860 loss=0.6584 mean_loss=0.6468 classification=0.0049, bbox_regression=0.0472, bbox_ctrness=0.6063
epoch 42/50 iter 1640/1860 loss=0.6334 mean_loss=0.6468 classification=0.0044, bbox_regression=0.0390, bbox_ctrness=0.5900
epoch 42/50 iter 1660/1860 loss=0.6264 mean_loss=0.6467 classification=0.0053, bbox_regression=0.0338, bbox_ctrness=0.5874
epoch 42/50 iter 1680/1860 loss=0.6397 mean_loss=0.6466 classification=0.0008, bbox_regression=0.0484, bbox_ctrness=0.5905
epoch 42/50 iter 1700/1860 loss=0.6425 mean_loss=0.6467 classification=0.0004, bbox_regression=0.0373, bbox_ctrness=0.6048
epoch 42/50 iter 1720/1860 loss=0.6623 mean_loss=0.6467 classification=0.0040, bbox_regression=0.0577, bbox_ctrness=0.6007
epoch 42/50 iter 1740/1860 loss=0.6565 mean_loss=0.6468 classification=0.0021, bbox_regression=0.0650, bbox_ctrness=0.5894
epoch 42/50 iter 1760/1860 loss=0.6383 mean_loss=0.6467 classification=0.0037, bbox_regression=0.0374, bbox_ctrness=0.5973
epoch 42/50 iter 1780/1860 loss=0.6410 mean_loss=0.6468 classification=0.0047, bbox_regression=0.0406, bbox_ctrness=0.5957
epoch 42/50 iter 1800/1860 loss=0.6633 mean_loss=0.6469 classification=0.0029, bbox_regression=0.0590, bbox_ctrness=0.6013
epoch 42/50 iter 1820/1860 loss=0.6212 mean_loss=0.6469 classification=0.0018, bbox_regression=0.0357, bbox_ctrness=0.5837
epoch 42/50 iter 1840/1860 loss=0.6278 mean_loss=0.6469 classification=0.0016, bbox_regression=0.0385, bbox_ctrness=0.5878
epoch 42/50 iter 1860/1860 loss=0.6576 mean_loss=0.6469 classification=0.0250, bbox_regression=0.0420, bbox_ctrness=0.5906
epoch 42 validation Precision=0.7775 Recall=0.9110 AP50=0.8901 AP75=0.8184 eval_fps=25.25 epoch_time_sec=857.5
saved checkpoint: E:\RepViT-main\runs\v48_complete_ablation\training\ra_static_equal_seed0\weights\last.pt
epoch 43/50 iter 1/1860 loss=0.6359 mean_loss=0.6359 classification=0.0016, bbox_regression=0.0560, bbox_ctrness=0.5784
epoch 43/50 iter 20/1860 loss=0.6475 mean_loss=0.6491 classification=0.0121, bbox_regression=0.0404, bbox_ctrness=0.5951
epoch 43/50 iter 40/1860 loss=0.6385 mean_loss=0.6497 classification=0.0006, bbox_regression=0.0426, bbox_ctrness=0.5953
epoch 43/50 iter 60/1860 loss=0.6399 mean_loss=0.6487 classification=0.0008, bbox_regression=0.0436, bbox_ctrness=0.5955
epoch 43/50 iter 80/1860 loss=0.6365 mean_loss=0.6494 classification=0.0006, bbox_regression=0.0362, bbox_ctrness=0.5996
epoch 43/50 iter 100/1860 loss=0.6412 mean_loss=0.6480 classification=0.0013, bbox_regression=0.0443, bbox_ctrness=0.5956
epoch 43/50 iter 120/1860 loss=0.6613 mean_loss=0.6472 classification=0.0023, bbox_regression=0.0423, bbox_ctrness=0.6167
epoch 43/50 iter 140/1860 loss=0.6274 mean_loss=0.6461 classification=0.0019, bbox_regression=0.0336, bbox_ctrness=0.5920
epoch 43/50 iter 160/1860 loss=0.6365 mean_loss=0.6459 classification=0.0017, bbox_regression=0.0415, bbox_ctrness=0.5933
epoch 43/50 iter 180/1860 loss=0.6562 mean_loss=0.6460 classification=0.0013, bbox_regression=0.0412, bbox_ctrness=0.6137
epoch 43/50 iter 200/1860 loss=0.6207 mean_loss=0.6452 classification=0.0008, bbox_regression=0.0346, bbox_ctrness=0.5853
epoch 43/50 iter 220/1860 loss=0.6665 mean_loss=0.6458 classification=0.0334, bbox_regression=0.0477, bbox_ctrness=0.5854
epoch 43/50 iter 240/1860 loss=0.6317 mean_loss=0.6462 classification=0.0015, bbox_regression=0.0441, bbox_ctrness=0.5861
epoch 43/50 iter 260/1860 loss=0.6502 mean_loss=0.6459 classification=0.0005, bbox_regression=0.0308, bbox_ctrness=0.6188
epoch 43/50 iter 280/1860 loss=0.6322 mean_loss=0.6454 classification=0.0015, bbox_regression=0.0411, bbox_ctrness=0.5896
epoch 43/50 iter 300/1860 loss=0.6418 mean_loss=0.6454 classification=0.0005, bbox_regression=0.0401, bbox_ctrness=0.6011
epoch 43/50 iter 320/1860 loss=0.6552 mean_loss=0.6459 classification=0.0082, bbox_regression=0.0570, bbox_ctrness=0.5900
epoch 43/50 iter 340/1860 loss=0.6420 mean_loss=0.6459 classification=0.0004, bbox_regression=0.0401, bbox_ctrness=0.6015
epoch 43/50 iter 360/1860 loss=0.6631 mean_loss=0.6461 classification=0.0147, bbox_regression=0.0405, bbox_ctrness=0.6079
epoch 43/50 iter 380/1860 loss=0.6544 mean_loss=0.6460 classification=0.0035, bbox_regression=0.0468, bbox_ctrness=0.6041
epoch 43/50 iter 400/1860 loss=0.6530 mean_loss=0.6460 classification=0.0011, bbox_regression=0.0345, bbox_ctrness=0.6174
epoch 43/50 iter 420/1860 loss=0.6516 mean_loss=0.6458 classification=0.0008, bbox_regression=0.0453, bbox_ctrness=0.6055
epoch 43/50 iter 440/1860 loss=0.6313 mean_loss=0.6458 classification=0.0052, bbox_regression=0.0321, bbox_ctrness=0.5940
epoch 43/50 iter 460/1860 loss=0.6285 mean_loss=0.6457 classification=0.0006, bbox_regression=0.0361, bbox_ctrness=0.5918
epoch 43/50 iter 480/1860 loss=0.6392 mean_loss=0.6455 classification=0.0003, bbox_regression=0.0360, bbox_ctrness=0.6030
epoch 43/50 iter 500/1860 loss=0.6372 mean_loss=0.6453 classification=0.0073, bbox_regression=0.0444, bbox_ctrness=0.5855
epoch 43/50 iter 520/1860 loss=0.6683 mean_loss=0.6454 classification=0.0081, bbox_regression=0.0446, bbox_ctrness=0.6155
epoch 43/50 iter 540/1860 loss=0.6425 mean_loss=0.6457 classification=0.0026, bbox_regression=0.0430, bbox_ctrness=0.5969
epoch 43/50 iter 560/1860 loss=0.6557 mean_loss=0.6458 classification=0.0024, bbox_regression=0.0410, bbox_ctrness=0.6123
epoch 43/50 iter 580/1860 loss=0.6193 mean_loss=0.6456 classification=0.0008, bbox_regression=0.0368, bbox_ctrness=0.5816
epoch 43/50 iter 600/1860 loss=0.6247 mean_loss=0.6456 classification=0.0010, bbox_regression=0.0277, bbox_ctrness=0.5960
epoch 43/50 iter 620/1860 loss=0.6516 mean_loss=0.6456 classification=0.0012, bbox_regression=0.0471, bbox_ctrness=0.6033
epoch 43/50 iter 640/1860 loss=0.6610 mean_loss=0.6457 classification=0.0057, bbox_regression=0.0459, bbox_ctrness=0.6094
epoch 43/50 iter 660/1860 loss=0.6333 mean_loss=0.6457 classification=0.0071, bbox_regression=0.0313, bbox_ctrness=0.5949
epoch 43/50 iter 680/1860 loss=0.6441 mean_loss=0.6457 classification=0.0032, bbox_regression=0.0427, bbox_ctrness=0.5982
epoch 43/50 iter 700/1860 loss=0.6228 mean_loss=0.6457 classification=0.0041, bbox_regression=0.0341, bbox_ctrness=0.5846
epoch 43/50 iter 720/1860 loss=0.6467 mean_loss=0.6457 classification=0.0015, bbox_regression=0.0410, bbox_ctrness=0.6042
epoch 43/50 iter 740/1860 loss=0.6388 mean_loss=0.6456 classification=0.0058, bbox_regression=0.0397, bbox_ctrness=0.5933
epoch 43/50 iter 760/1860 loss=0.6658 mean_loss=0.6457 classification=0.0115, bbox_regression=0.0474, bbox_ctrness=0.6069
epoch 43/50 iter 780/1860 loss=0.6672 mean_loss=0.6458 classification=0.0111, bbox_regression=0.0386, bbox_ctrness=0.6175
epoch 43/50 iter 800/1860 loss=0.6388 mean_loss=0.6458 classification=0.0009, bbox_regression=0.0295, bbox_ctrness=0.6085
epoch 43/50 iter 820/1860 loss=0.6530 mean_loss=0.6460 classification=0.0005, bbox_regression=0.0385, bbox_ctrness=0.6139
epoch 43/50 iter 840/1860 loss=0.6275 mean_loss=0.6461 classification=0.0045, bbox_regression=0.0390, bbox_ctrness=0.5840
epoch 43/50 iter 860/1860 loss=0.6671 mean_loss=0.6462 classification=0.0180, bbox_regression=0.0454, bbox_ctrness=0.6037
epoch 43/50 iter 880/1860 loss=0.6797 mean_loss=0.6462 classification=0.0264, bbox_regression=0.0627, bbox_ctrness=0.5905
epoch 43/50 iter 900/1860 loss=0.6346 mean_loss=0.6461 classification=0.0018, bbox_regression=0.0337, bbox_ctrness=0.5991
epoch 43/50 iter 920/1860 loss=0.6413 mean_loss=0.6462 classification=0.0044, bbox_regression=0.0406, bbox_ctrness=0.5963
epoch 43/50 iter 940/1860 loss=0.6123 mean_loss=0.6462 classification=0.0003, bbox_regression=0.0266, bbox_ctrness=0.5854
epoch 43/50 iter 960/1860 loss=0.6284 mean_loss=0.6463 classification=0.0053, bbox_regression=0.0445, bbox_ctrness=0.5785
epoch 43/50 iter 980/1860 loss=0.6162 mean_loss=0.6465 classification=0.0045, bbox_regression=0.0363, bbox_ctrness=0.5754
epoch 43/50 iter 1000/1860 loss=0.6501 mean_loss=0.6465 classification=0.0062, bbox_regression=0.0482, bbox_ctrness=0.5957
epoch 43/50 iter 1020/1860 loss=0.6346 mean_loss=0.6466 classification=0.0040, bbox_regression=0.0387, bbox_ctrness=0.5919
epoch 43/50 iter 1040/1860 loss=0.6468 mean_loss=0.6465 classification=0.0010, bbox_regression=0.0469, bbox_ctrness=0.5989
epoch 43/50 iter 1060/1860 loss=0.6268 mean_loss=0.6464 classification=0.0018, bbox_regression=0.0341, bbox_ctrness=0.5909
epoch 43/50 iter 1080/1860 loss=0.6596 mean_loss=0.6464 classification=0.0063, bbox_regression=0.0530, bbox_ctrness=0.6002
epoch 43/50 iter 1100/1860 loss=0.6402 mean_loss=0.6465 classification=0.0043, bbox_regression=0.0416, bbox_ctrness=0.5943
epoch 43/50 iter 1120/1860 loss=0.6316 mean_loss=0.6465 classification=0.0023, bbox_regression=0.0381, bbox_ctrness=0.5911
epoch 43/50 iter 1140/1860 loss=0.6641 mean_loss=0.6465 classification=0.0004, bbox_regression=0.0542, bbox_ctrness=0.6095
epoch 43/50 iter 1160/1860 loss=0.6563 mean_loss=0.6465 classification=0.0002, bbox_regression=0.0434, bbox_ctrness=0.6128
epoch 43/50 iter 1180/1860 loss=0.6427 mean_loss=0.6464 classification=0.0017, bbox_regression=0.0456, bbox_ctrness=0.5955
epoch 43/50 iter 1200/1860 loss=0.6445 mean_loss=0.6463 classification=0.0005, bbox_regression=0.0451, bbox_ctrness=0.5988
epoch 43/50 iter 1220/1860 loss=0.6675 mean_loss=0.6462 classification=0.0029, bbox_regression=0.0530, bbox_ctrness=0.6115
epoch 43/50 iter 1240/1860 loss=0.6659 mean_loss=0.6462 classification=0.0231, bbox_regression=0.0395, bbox_ctrness=0.6033
epoch 43/50 iter 1260/1860 loss=0.6711 mean_loss=0.6462 classification=0.0023, bbox_regression=0.0448, bbox_ctrness=0.6239
epoch 43/50 iter 1280/1860 loss=0.6347 mean_loss=0.6462 classification=0.0003, bbox_regression=0.0313, bbox_ctrness=0.6031
epoch 43/50 iter 1300/1860 loss=0.6641 mean_loss=0.6463 classification=0.0187, bbox_regression=0.0454, bbox_ctrness=0.6000
epoch 43/50 iter 1320/1860 loss=0.6982 mean_loss=0.6464 classification=0.0203, bbox_regression=0.0598, bbox_ctrness=0.6181
epoch 43/50 iter 1340/1860 loss=0.6442 mean_loss=0.6465 classification=0.0069, bbox_regression=0.0432, bbox_ctrness=0.5941
epoch 43/50 iter 1360/1860 loss=0.6505 mean_loss=0.6467 classification=0.0013, bbox_regression=0.0392, bbox_ctrness=0.6101
epoch 43/50 iter 1380/1860 loss=0.6383 mean_loss=0.6468 classification=0.0006, bbox_regression=0.0353, bbox_ctrness=0.6024
epoch 43/50 iter 1400/1860 loss=0.6355 mean_loss=0.6468 classification=0.0038, bbox_regression=0.0446, bbox_ctrness=0.5870
epoch 43/50 iter 1420/1860 loss=0.6387 mean_loss=0.6466 classification=0.0005, bbox_regression=0.0356, bbox_ctrness=0.6026
epoch 43/50 iter 1440/1860 loss=0.6207 mean_loss=0.6466 classification=0.0022, bbox_regression=0.0430, bbox_ctrness=0.5755
epoch 43/50 iter 1460/1860 loss=0.6456 mean_loss=0.6466 classification=0.0041, bbox_regression=0.0392, bbox_ctrness=0.6023
epoch 43/50 iter 1480/1860 loss=0.6363 mean_loss=0.6466 classification=0.0016, bbox_regression=0.0391, bbox_ctrness=0.5956
epoch 43/50 iter 1500/1860 loss=0.6649 mean_loss=0.6466 classification=0.0004, bbox_regression=0.0532, bbox_ctrness=0.6113
epoch 43/50 iter 1520/1860 loss=0.6490 mean_loss=0.6465 classification=0.0021, bbox_regression=0.0509, bbox_ctrness=0.5960
epoch 43/50 iter 1540/1860 loss=0.6263 mean_loss=0.6465 classification=0.0012, bbox_regression=0.0386, bbox_ctrness=0.5865
epoch 43/50 iter 1560/1860 loss=0.6464 mean_loss=0.6465 classification=0.0015, bbox_regression=0.0604, bbox_ctrness=0.5844
epoch 43/50 iter 1580/1860 loss=0.6482 mean_loss=0.6465 classification=0.0033, bbox_regression=0.0454, bbox_ctrness=0.5996
epoch 43/50 iter 1600/1860 loss=0.6366 mean_loss=0.6465 classification=0.0006, bbox_regression=0.0418, bbox_ctrness=0.5942
epoch 43/50 iter 1620/1860 loss=0.6589 mean_loss=0.6466 classification=0.0091, bbox_regression=0.0550, bbox_ctrness=0.5948
epoch 43/50 iter 1640/1860 loss=0.6355 mean_loss=0.6466 classification=0.0029, bbox_regression=0.0411, bbox_ctrness=0.5915
epoch 43/50 iter 1660/1860 loss=0.6310 mean_loss=0.6466 classification=0.0018, bbox_regression=0.0387, bbox_ctrness=0.5904
epoch 43/50 iter 1680/1860 loss=0.6444 mean_loss=0.6466 classification=0.0008, bbox_regression=0.0442, bbox_ctrness=0.5995
epoch 43/50 iter 1700/1860 loss=0.6468 mean_loss=0.6465 classification=0.0002, bbox_regression=0.0429, bbox_ctrness=0.6037
epoch 43/50 iter 1720/1860 loss=0.6199 mean_loss=0.6465 classification=0.0017, bbox_regression=0.0362, bbox_ctrness=0.5820
epoch 43/50 iter 1740/1860 loss=0.6582 mean_loss=0.6464 classification=0.0052, bbox_regression=0.0307, bbox_ctrness=0.6223
epoch 43/50 iter 1760/1860 loss=0.6511 mean_loss=0.6464 classification=0.0100, bbox_regression=0.0353, bbox_ctrness=0.6058
epoch 43/50 iter 1780/1860 loss=0.6466 mean_loss=0.6463 classification=0.0015, bbox_regression=0.0464, bbox_ctrness=0.5987
epoch 43/50 iter 1800/1860 loss=0.6409 mean_loss=0.6463 classification=0.0007, bbox_regression=0.0386, bbox_ctrness=0.6016
epoch 43/50 iter 1820/1860 loss=0.6325 mean_loss=0.6462 classification=0.0038, bbox_regression=0.0398, bbox_ctrness=0.5890
epoch 43/50 iter 1840/1860 loss=0.6353 mean_loss=0.6462 classification=0.0013, bbox_regression=0.0406, bbox_ctrness=0.5935
epoch 43/50 iter 1860/1860 loss=0.6424 mean_loss=0.6462 classification=0.0011, bbox_regression=0.0342, bbox_ctrness=0.6071
epoch 43 validation Precision=0.8026 Recall=0.9095 AP50=0.8882 AP75=0.8198 eval_fps=25.51 epoch_time_sec=856.5
saved checkpoint: E:\RepViT-main\runs\v48_complete_ablation\training\ra_static_equal_seed0\weights\last.pt
epoch 44/50 iter 1/1860 loss=0.6246 mean_loss=0.6246 classification=0.0010, bbox_regression=0.0322, bbox_ctrness=0.5913
epoch 44/50 iter 20/1860 loss=0.6452 mean_loss=0.6510 classification=0.0074, bbox_regression=0.0444, bbox_ctrness=0.5934
epoch 44/50 iter 40/1860 loss=0.6550 mean_loss=0.6503 classification=0.0032, bbox_regression=0.0449, bbox_ctrness=0.6069
epoch 44/50 iter 60/1860 loss=0.6908 mean_loss=0.6474 classification=0.0195, bbox_regression=0.0507, bbox_ctrness=0.6207
epoch 44/50 iter 80/1860 loss=0.6496 mean_loss=0.6478 classification=0.0020, bbox_regression=0.0423, bbox_ctrness=0.6053
epoch 44/50 iter 100/1860 loss=0.6434 mean_loss=0.6485 classification=0.0022, bbox_regression=0.0485, bbox_ctrness=0.5927
epoch 44/50 iter 120/1860 loss=0.6429 mean_loss=0.6476 classification=0.0003, bbox_regression=0.0446, bbox_ctrness=0.5981
epoch 44/50 iter 140/1860 loss=0.6231 mean_loss=0.6463 classification=0.0018, bbox_regression=0.0383, bbox_ctrness=0.5830
epoch 44/50 iter 160/1860 loss=0.6322 mean_loss=0.6466 classification=0.0016, bbox_regression=0.0411, bbox_ctrness=0.5895
epoch 44/50 iter 180/1860 loss=0.6487 mean_loss=0.6468 classification=0.0011, bbox_regression=0.0441, bbox_ctrness=0.6035
epoch 44/50 iter 200/1860 loss=0.6622 mean_loss=0.6461 classification=0.0025, bbox_regression=0.0454, bbox_ctrness=0.6144
epoch 44/50 iter 220/1860 loss=0.6538 mean_loss=0.6459 classification=0.0033, bbox_regression=0.0485, bbox_ctrness=0.6019
epoch 44/50 iter 240/1860 loss=0.6397 mean_loss=0.6455 classification=0.0116, bbox_regression=0.0350, bbox_ctrness=0.5930
epoch 44/50 iter 260/1860 loss=0.6538 mean_loss=0.6447 classification=0.0003, bbox_regression=0.0469, bbox_ctrness=0.6066
epoch 44/50 iter 280/1860 loss=0.6467 mean_loss=0.6444 classification=0.0025, bbox_regression=0.0409, bbox_ctrness=0.6032
epoch 44/50 iter 300/1860 loss=0.6414 mean_loss=0.6447 classification=0.0026, bbox_regression=0.0360, bbox_ctrness=0.6028
epoch 44/50 iter 320/1860 loss=0.7539 mean_loss=0.6450 classification=0.0865, bbox_regression=0.0665, bbox_ctrness=0.6009
epoch 44/50 iter 340/1860 loss=0.6204 mean_loss=0.6446 classification=0.0006, bbox_regression=0.0304, bbox_ctrness=0.5894
epoch 44/50 iter 360/1860 loss=0.6631 mean_loss=0.6444 classification=0.0100, bbox_regression=0.0484, bbox_ctrness=0.6047
epoch 44/50 iter 380/1860 loss=0.6413 mean_loss=0.6451 classification=0.0037, bbox_regression=0.0362, bbox_ctrness=0.6014
epoch 44/50 iter 400/1860 loss=0.6401 mean_loss=0.6452 classification=0.0021, bbox_regression=0.0405, bbox_ctrness=0.5976
epoch 44/50 iter 420/1860 loss=0.6348 mean_loss=0.6453 classification=0.0035, bbox_regression=0.0420, bbox_ctrness=0.5893
epoch 44/50 iter 440/1860 loss=0.6413 mean_loss=0.6455 classification=0.0096, bbox_regression=0.0368, bbox_ctrness=0.5949
epoch 44/50 iter 460/1860 loss=0.6629 mean_loss=0.6453 classification=0.0036, bbox_regression=0.0555, bbox_ctrness=0.6038
epoch 44/50 iter 480/1860 loss=0.6419 mean_loss=0.6452 classification=0.0008, bbox_regression=0.0379, bbox_ctrness=0.6032
epoch 44/50 iter 500/1860 loss=0.6298 mean_loss=0.6453 classification=0.0022, bbox_regression=0.0366, bbox_ctrness=0.5910
epoch 44/50 iter 520/1860 loss=0.6564 mean_loss=0.6451 classification=0.0002, bbox_regression=0.0430, bbox_ctrness=0.6132
epoch 44/50 iter 540/1860 loss=0.6350 mean_loss=0.6448 classification=0.0005, bbox_regression=0.0407, bbox_ctrness=0.5938
epoch 44/50 iter 560/1860 loss=0.6401 mean_loss=0.6448 classification=0.0004, bbox_regression=0.0368, bbox_ctrness=0.6029
epoch 44/50 iter 580/1860 loss=0.6471 mean_loss=0.6449 classification=0.0002, bbox_regression=0.0365, bbox_ctrness=0.6104
epoch 44/50 iter 600/1860 loss=0.6466 mean_loss=0.6448 classification=0.0009, bbox_regression=0.0340, bbox_ctrness=0.6118
epoch 44/50 iter 620/1860 loss=0.6474 mean_loss=0.6448 classification=0.0015, bbox_regression=0.0430, bbox_ctrness=0.6030
epoch 44/50 iter 640/1860 loss=0.6500 mean_loss=0.6449 classification=0.0003, bbox_regression=0.0344, bbox_ctrness=0.6153
epoch 44/50 iter 660/1860 loss=0.6319 mean_loss=0.6448 classification=0.0045, bbox_regression=0.0391, bbox_ctrness=0.5882
epoch 44/50 iter 680/1860 loss=0.6541 mean_loss=0.6448 classification=0.0003, bbox_regression=0.0469, bbox_ctrness=0.6069
epoch 44/50 iter 700/1860 loss=0.6622 mean_loss=0.6447 classification=0.0004, bbox_regression=0.0389, bbox_ctrness=0.6229
epoch 44/50 iter 720/1860 loss=0.6382 mean_loss=0.6447 classification=0.0013, bbox_regression=0.0403, bbox_ctrness=0.5966
epoch 44/50 iter 740/1860 loss=0.6441 mean_loss=0.6446 classification=0.0078, bbox_regression=0.0300, bbox_ctrness=0.6062
epoch 44/50 iter 760/1860 loss=0.6362 mean_loss=0.6445 classification=0.0005, bbox_regression=0.0394, bbox_ctrness=0.5964
epoch 44/50 iter 780/1860 loss=0.6704 mean_loss=0.6445 classification=0.0184, bbox_regression=0.0442, bbox_ctrness=0.6078
epoch 44/50 iter 800/1860 loss=0.6446 mean_loss=0.6445 classification=0.0008, bbox_regression=0.0403, bbox_ctrness=0.6036
epoch 44/50 iter 820/1860 loss=0.6360 mean_loss=0.6445 classification=0.0009, bbox_regression=0.0414, bbox_ctrness=0.5937
epoch 44/50 iter 840/1860 loss=0.6321 mean_loss=0.6445 classification=0.0061, bbox_regression=0.0401, bbox_ctrness=0.5859
epoch 44/50 iter 860/1860 loss=0.6297 mean_loss=0.6447 classification=0.0019, bbox_regression=0.0332, bbox_ctrness=0.5945
epoch 44/50 iter 880/1860 loss=0.6298 mean_loss=0.6447 classification=0.0015, bbox_regression=0.0450, bbox_ctrness=0.5833
epoch 44/50 iter 900/1860 loss=0.6695 mean_loss=0.6447 classification=0.0061, bbox_regression=0.0589, bbox_ctrness=0.6045
epoch 44/50 iter 920/1860 loss=0.7072 mean_loss=0.6449 classification=0.0705, bbox_regression=0.0433, bbox_ctrness=0.5934
epoch 44/50 iter 940/1860 loss=0.6500 mean_loss=0.6451 classification=0.0032, bbox_regression=0.0476, bbox_ctrness=0.5992
epoch 44/50 iter 960/1860 loss=0.6325 mean_loss=0.6449 classification=0.0022, bbox_regression=0.0402, bbox_ctrness=0.5901
epoch 44/50 iter 980/1860 loss=0.7500 mean_loss=0.6452 classification=0.0837, bbox_regression=0.0507, bbox_ctrness=0.6157
epoch 44/50 iter 1000/1860 loss=0.6435 mean_loss=0.6452 classification=0.0046, bbox_regression=0.0413, bbox_ctrness=0.5975
epoch 44/50 iter 1020/1860 loss=0.6230 mean_loss=0.6453 classification=0.0045, bbox_regression=0.0373, bbox_ctrness=0.5812
epoch 44/50 iter 1040/1860 loss=0.6359 mean_loss=0.6454 classification=0.0032, bbox_regression=0.0364, bbox_ctrness=0.5963
epoch 44/50 iter 1060/1860 loss=0.6554 mean_loss=0.6455 classification=0.0154, bbox_regression=0.0417, bbox_ctrness=0.5983
epoch 44/50 iter 1080/1860 loss=0.6369 mean_loss=0.6455 classification=0.0023, bbox_regression=0.0346, bbox_ctrness=0.6000
epoch 44/50 iter 1100/1860 loss=0.6573 mean_loss=0.6455 classification=0.0174, bbox_regression=0.0441, bbox_ctrness=0.5957
epoch 44/50 iter 1120/1860 loss=0.6414 mean_loss=0.6456 classification=0.0008, bbox_regression=0.0294, bbox_ctrness=0.6113
epoch 44/50 iter 1140/1860 loss=0.6469 mean_loss=0.6458 classification=0.0024, bbox_regression=0.0351, bbox_ctrness=0.6093
epoch 44/50 iter 1160/1860 loss=0.6624 mean_loss=0.6459 classification=0.0171, bbox_regression=0.0366, bbox_ctrness=0.6087
epoch 44/50 iter 1180/1860 loss=0.6281 mean_loss=0.6460 classification=0.0030, bbox_regression=0.0389, bbox_ctrness=0.5862
epoch 44/50 iter 1200/1860 loss=0.6327 mean_loss=0.6460 classification=0.0046, bbox_regression=0.0425, bbox_ctrness=0.5856
epoch 44/50 iter 1220/1860 loss=0.6358 mean_loss=0.6461 classification=0.0016, bbox_regression=0.0398, bbox_ctrness=0.5945
epoch 44/50 iter 1240/1860 loss=0.6633 mean_loss=0.6461 classification=0.0051, bbox_regression=0.0491, bbox_ctrness=0.6091
epoch 44/50 iter 1260/1860 loss=0.6461 mean_loss=0.6461 classification=0.0007, bbox_regression=0.0492, bbox_ctrness=0.5963
epoch 44/50 iter 1280/1860 loss=0.6086 mean_loss=0.6460 classification=0.0008, bbox_regression=0.0362, bbox_ctrness=0.5715
epoch 44/50 iter 1300/1860 loss=0.6467 mean_loss=0.6459 classification=0.0020, bbox_regression=0.0465, bbox_ctrness=0.5981
epoch 44/50 iter 1320/1860 loss=0.6648 mean_loss=0.6460 classification=0.0094, bbox_regression=0.0504, bbox_ctrness=0.6050
epoch 44/50 iter 1340/1860 loss=0.6384 mean_loss=0.6460 classification=0.0047, bbox_regression=0.0441, bbox_ctrness=0.5896
epoch 44/50 iter 1360/1860 loss=0.6632 mean_loss=0.6460 classification=0.0288, bbox_regression=0.0397, bbox_ctrness=0.5947
epoch 44/50 iter 1380/1860 loss=0.6691 mean_loss=0.6461 classification=0.0004, bbox_regression=0.0566, bbox_ctrness=0.6121
epoch 44/50 iter 1400/1860 loss=0.6349 mean_loss=0.6460 classification=0.0047, bbox_regression=0.0351, bbox_ctrness=0.5951
epoch 44/50 iter 1420/1860 loss=0.6338 mean_loss=0.6461 classification=0.0002, bbox_regression=0.0359, bbox_ctrness=0.5978
epoch 44/50 iter 1440/1860 loss=0.6856 mean_loss=0.6461 classification=0.0126, bbox_regression=0.0851, bbox_ctrness=0.5879
epoch 44/50 iter 1460/1860 loss=0.6477 mean_loss=0.6461 classification=0.0044, bbox_regression=0.0447, bbox_ctrness=0.5987
epoch 44/50 iter 1480/1860 loss=0.6557 mean_loss=0.6462 classification=0.0078, bbox_regression=0.0554, bbox_ctrness=0.5925
epoch 44/50 iter 1500/1860 loss=0.6824 mean_loss=0.6462 classification=0.0135, bbox_regression=0.0461, bbox_ctrness=0.6228
epoch 44/50 iter 1520/1860 loss=0.6296 mean_loss=0.6462 classification=0.0027, bbox_regression=0.0395, bbox_ctrness=0.5874
epoch 44/50 iter 1540/1860 loss=0.6278 mean_loss=0.6462 classification=0.0004, bbox_regression=0.0325, bbox_ctrness=0.5949
epoch 44/50 iter 1560/1860 loss=0.6699 mean_loss=0.6463 classification=0.0052, bbox_regression=0.0428, bbox_ctrness=0.6219
epoch 44/50 iter 1580/1860 loss=0.6509 mean_loss=0.6463 classification=0.0027, bbox_regression=0.0320, bbox_ctrness=0.6162
epoch 44/50 iter 1600/1860 loss=0.6369 mean_loss=0.6463 classification=0.0061, bbox_regression=0.0321, bbox_ctrness=0.5987
epoch 44/50 iter 1620/1860 loss=0.6826 mean_loss=0.6463 classification=0.0032, bbox_regression=0.0714, bbox_ctrness=0.6080
epoch 44/50 iter 1640/1860 loss=0.6831 mean_loss=0.6464 classification=0.0363, bbox_regression=0.0485, bbox_ctrness=0.5982
epoch 44/50 iter 1660/1860 loss=0.6645 mean_loss=0.6464 classification=0.0136, bbox_regression=0.0543, bbox_ctrness=0.5966
epoch 44/50 iter 1680/1860 loss=0.6386 mean_loss=0.6464 classification=0.0001, bbox_regression=0.0331, bbox_ctrness=0.6054
epoch 44/50 iter 1700/1860 loss=0.6496 mean_loss=0.6463 classification=0.0044, bbox_regression=0.0576, bbox_ctrness=0.5876
epoch 44/50 iter 1720/1860 loss=0.6274 mean_loss=0.6462 classification=0.0025, bbox_regression=0.0364, bbox_ctrness=0.5885
epoch 44/50 iter 1740/1860 loss=0.6408 mean_loss=0.6462 classification=0.0030, bbox_regression=0.0511, bbox_ctrness=0.5867
epoch 44/50 iter 1760/1860 loss=0.6332 mean_loss=0.6462 classification=0.0098, bbox_regression=0.0422, bbox_ctrness=0.5813
epoch 44/50 iter 1780/1860 loss=0.6545 mean_loss=0.6462 classification=0.0060, bbox_regression=0.0520, bbox_ctrness=0.5965
epoch 44/50 iter 1800/1860 loss=0.6510 mean_loss=0.6463 classification=0.0005, bbox_regression=0.0414, bbox_ctrness=0.6092
epoch 44/50 iter 1820/1860 loss=0.6452 mean_loss=0.6464 classification=0.0076, bbox_regression=0.0439, bbox_ctrness=0.5937
epoch 44/50 iter 1840/1860 loss=0.6657 mean_loss=0.6464 classification=0.0133, bbox_regression=0.0475, bbox_ctrness=0.6050
epoch 44/50 iter 1860/1860 loss=0.6409 mean_loss=0.6464 classification=0.0004, bbox_regression=0.0373, bbox_ctrness=0.6031
epoch 44 validation Precision=0.7181 Recall=0.9086 AP50=0.8813 AP75=0.8001 eval_fps=20.94 epoch_time_sec=896.0
saved checkpoint: E:\RepViT-main\runs\v48_complete_ablation\training\ra_static_equal_seed0\weights\last.pt
epoch 45/50 iter 1/1860 loss=0.6222 mean_loss=0.6222 classification=0.0092, bbox_regression=0.0358, bbox_ctrness=0.5772
epoch 45/50 iter 20/1860 loss=0.6605 mean_loss=0.6515 classification=0.0054, bbox_regression=0.0375, bbox_ctrness=0.6176
epoch 45/50 iter 40/1860 loss=0.6443 mean_loss=0.6469 classification=0.0007, bbox_regression=0.0429, bbox_ctrness=0.6007
epoch 45/50 iter 60/1860 loss=0.6431 mean_loss=0.6486 classification=0.0134, bbox_regression=0.0359, bbox_ctrness=0.5938
epoch 45/50 iter 80/1860 loss=0.6454 mean_loss=0.6463 classification=0.0039, bbox_regression=0.0441, bbox_ctrness=0.5974
epoch 45/50 iter 100/1860 loss=0.6283 mean_loss=0.6442 classification=0.0034, bbox_regression=0.0484, bbox_ctrness=0.5765
epoch 45/50 iter 120/1860 loss=0.6535 mean_loss=0.6438 classification=0.0058, bbox_regression=0.0531, bbox_ctrness=0.5945
epoch 45/50 iter 140/1860 loss=0.6636 mean_loss=0.6441 classification=0.0050, bbox_regression=0.0595, bbox_ctrness=0.5991
epoch 45/50 iter 160/1860 loss=0.6266 mean_loss=0.6440 classification=0.0021, bbox_regression=0.0323, bbox_ctrness=0.5921
epoch 45/50 iter 180/1860 loss=0.6427 mean_loss=0.6437 classification=0.0109, bbox_regression=0.0417, bbox_ctrness=0.5901
epoch 45/50 iter 200/1860 loss=0.6271 mean_loss=0.6430 classification=0.0046, bbox_regression=0.0337, bbox_ctrness=0.5888
epoch 45/50 iter 220/1860 loss=0.6422 mean_loss=0.6426 classification=0.0032, bbox_regression=0.0445, bbox_ctrness=0.5945
epoch 45/50 iter 240/1860 loss=0.6949 mean_loss=0.6435 classification=0.0289, bbox_regression=0.0479, bbox_ctrness=0.6182
epoch 45/50 iter 260/1860 loss=0.6520 mean_loss=0.6435 classification=0.0015, bbox_regression=0.0409, bbox_ctrness=0.6095
epoch 45/50 iter 280/1860 loss=0.6613 mean_loss=0.6437 classification=0.0001, bbox_regression=0.0413, bbox_ctrness=0.6198
epoch 45/50 iter 300/1860 loss=0.6536 mean_loss=0.6443 classification=0.0046, bbox_regression=0.0439, bbox_ctrness=0.6051
epoch 45/50 iter 320/1860 loss=0.6648 mean_loss=0.6445 classification=0.0023, bbox_regression=0.0528, bbox_ctrness=0.6097
epoch 45/50 iter 340/1860 loss=0.6358 mean_loss=0.6445 classification=0.0024, bbox_regression=0.0363, bbox_ctrness=0.5971
epoch 45/50 iter 360/1860 loss=0.6403 mean_loss=0.6449 classification=0.0027, bbox_regression=0.0482, bbox_ctrness=0.5893
epoch 45/50 iter 380/1860 loss=0.6609 mean_loss=0.6453 classification=0.0013, bbox_regression=0.0555, bbox_ctrness=0.6040
epoch 45/50 iter 400/1860 loss=0.6488 mean_loss=0.6454 classification=0.0029, bbox_regression=0.0490, bbox_ctrness=0.5969
epoch 45/50 iter 420/1860 loss=0.6402 mean_loss=0.6453 classification=0.0073, bbox_regression=0.0477, bbox_ctrness=0.5852
epoch 45/50 iter 440/1860 loss=0.6483 mean_loss=0.6457 classification=0.0036, bbox_regression=0.0517, bbox_ctrness=0.5930
epoch 45/50 iter 460/1860 loss=0.6775 mean_loss=0.6461 classification=0.0144, bbox_regression=0.0586, bbox_ctrness=0.6045
epoch 45/50 iter 480/1860 loss=0.6576 mean_loss=0.6464 classification=0.0008, bbox_regression=0.0400, bbox_ctrness=0.6168
epoch 45/50 iter 500/1860 loss=0.6517 mean_loss=0.6465 classification=0.0021, bbox_regression=0.0470, bbox_ctrness=0.6027
epoch 45/50 iter 520/1860 loss=0.6550 mean_loss=0.6464 classification=0.0011, bbox_regression=0.0482, bbox_ctrness=0.6057
epoch 45/50 iter 540/1860 loss=0.6528 mean_loss=0.6464 classification=0.0258, bbox_regression=0.0428, bbox_ctrness=0.5842
epoch 45/50 iter 560/1860 loss=0.6254 mean_loss=0.6463 classification=0.0011, bbox_regression=0.0351, bbox_ctrness=0.5892
epoch 45/50 iter 580/1860 loss=0.6547 mean_loss=0.6463 classification=0.0061, bbox_regression=0.0419, bbox_ctrness=0.6068
epoch 45/50 iter 600/1860 loss=0.6572 mean_loss=0.6464 classification=0.0204, bbox_regression=0.0470, bbox_ctrness=0.5898
epoch 45/50 iter 620/1860 loss=0.6602 mean_loss=0.6462 classification=0.0047, bbox_regression=0.0519, bbox_ctrness=0.6035
epoch 45/50 iter 640/1860 loss=0.6139 mean_loss=0.6459 classification=0.0033, bbox_regression=0.0350, bbox_ctrness=0.5756
epoch 45/50 iter 660/1860 loss=0.6313 mean_loss=0.6459 classification=0.0012, bbox_regression=0.0378, bbox_ctrness=0.5923
epoch 45/50 iter 680/1860 loss=0.6454 mean_loss=0.6461 classification=0.0011, bbox_regression=0.0452, bbox_ctrness=0.5991
epoch 45/50 iter 700/1860 loss=0.6572 mean_loss=0.6460 classification=0.0004, bbox_regression=0.0317, bbox_ctrness=0.6251
epoch 45/50 iter 720/1860 loss=0.6298 mean_loss=0.6459 classification=0.0020, bbox_regression=0.0352, bbox_ctrness=0.5926
epoch 45/50 iter 740/1860 loss=0.6368 mean_loss=0.6460 classification=0.0086, bbox_regression=0.0397, bbox_ctrness=0.5885
epoch 45/50 iter 760/1860 loss=0.6480 mean_loss=0.6463 classification=0.0070, bbox_regression=0.0391, bbox_ctrness=0.6019
epoch 45/50 iter 780/1860 loss=0.6442 mean_loss=0.6463 classification=0.0031, bbox_regression=0.0454, bbox_ctrness=0.5957
epoch 45/50 iter 800/1860 loss=0.6653 mean_loss=0.6464 classification=0.0031, bbox_regression=0.0497, bbox_ctrness=0.6125
epoch 45/50 iter 820/1860 loss=0.6628 mean_loss=0.6466 classification=0.0096, bbox_regression=0.0423, bbox_ctrness=0.6110
epoch 45/50 iter 840/1860 loss=0.6529 mean_loss=0.6466 classification=0.0004, bbox_regression=0.0421, bbox_ctrness=0.6104
epoch 45/50 iter 860/1860 loss=0.6521 mean_loss=0.6466 classification=0.0008, bbox_regression=0.0456, bbox_ctrness=0.6057
epoch 45/50 iter 880/1860 loss=0.6507 mean_loss=0.6466 classification=0.0038, bbox_regression=0.0436, bbox_ctrness=0.6033
epoch 45/50 iter 900/1860 loss=0.6613 mean_loss=0.6465 classification=0.0227, bbox_regression=0.0444, bbox_ctrness=0.5941
epoch 45/50 iter 920/1860 loss=0.6795 mean_loss=0.6466 classification=0.0085, bbox_regression=0.0720, bbox_ctrness=0.5990
epoch 45/50 iter 940/1860 loss=0.6287 mean_loss=0.6466 classification=0.0084, bbox_regression=0.0368, bbox_ctrness=0.5836
epoch 45/50 iter 960/1860 loss=0.6163 mean_loss=0.6467 classification=0.0052, bbox_regression=0.0370, bbox_ctrness=0.5741
epoch 45/50 iter 980/1860 loss=0.6688 mean_loss=0.6467 classification=0.0137, bbox_regression=0.0471, bbox_ctrness=0.6079
epoch 45/50 iter 1000/1860 loss=0.6636 mean_loss=0.6467 classification=0.0036, bbox_regression=0.0448, bbox_ctrness=0.6152
epoch 45/50 iter 1020/1860 loss=0.6415 mean_loss=0.6468 classification=0.0005, bbox_regression=0.0480, bbox_ctrness=0.5930
epoch 45/50 iter 1040/1860 loss=0.6354 mean_loss=0.6467 classification=0.0049, bbox_regression=0.0417, bbox_ctrness=0.5888
epoch 45/50 iter 1060/1860 loss=0.6658 mean_loss=0.6467 classification=0.0066, bbox_regression=0.0429, bbox_ctrness=0.6163
epoch 45/50 iter 1080/1860 loss=0.6366 mean_loss=0.6466 classification=0.0007, bbox_regression=0.0352, bbox_ctrness=0.6006
epoch 45/50 iter 1100/1860 loss=0.6258 mean_loss=0.6465 classification=0.0058, bbox_regression=0.0317, bbox_ctrness=0.5883
epoch 45/50 iter 1120/1860 loss=0.6322 mean_loss=0.6465 classification=0.0008, bbox_regression=0.0430, bbox_ctrness=0.5883
epoch 45/50 iter 1140/1860 loss=0.6509 mean_loss=0.6465 classification=0.0131, bbox_regression=0.0468, bbox_ctrness=0.5909
epoch 45/50 iter 1160/1860 loss=0.6253 mean_loss=0.6466 classification=0.0023, bbox_regression=0.0324, bbox_ctrness=0.5906
epoch 45/50 iter 1180/1860 loss=0.6518 mean_loss=0.6465 classification=0.0056, bbox_regression=0.0499, bbox_ctrness=0.5963
epoch 45/50 iter 1200/1860 loss=0.6183 mean_loss=0.6464 classification=0.0024, bbox_regression=0.0310, bbox_ctrness=0.5848
epoch 45/50 iter 1220/1860 loss=0.6502 mean_loss=0.6463 classification=0.0049, bbox_regression=0.0343, bbox_ctrness=0.6111
epoch 45/50 iter 1240/1860 loss=0.6502 mean_loss=0.6463 classification=0.0132, bbox_regression=0.0502, bbox_ctrness=0.5868
epoch 45/50 iter 1260/1860 loss=0.6572 mean_loss=0.6465 classification=0.0022, bbox_regression=0.0541, bbox_ctrness=0.6009
epoch 45/50 iter 1280/1860 loss=0.6316 mean_loss=0.6465 classification=0.0004, bbox_regression=0.0382, bbox_ctrness=0.5930
epoch 45/50 iter 1300/1860 loss=0.6311 mean_loss=0.6465 classification=0.0023, bbox_regression=0.0375, bbox_ctrness=0.5913
epoch 45/50 iter 1320/1860 loss=0.6446 mean_loss=0.6466 classification=0.0006, bbox_regression=0.0361, bbox_ctrness=0.6079
epoch 45/50 iter 1340/1860 loss=0.6334 mean_loss=0.6466 classification=0.0005, bbox_regression=0.0371, bbox_ctrness=0.5958
epoch 45/50 iter 1360/1860 loss=0.6770 mean_loss=0.6468 classification=0.0275, bbox_regression=0.0448, bbox_ctrness=0.6047
epoch 45/50 iter 1380/1860 loss=0.6313 mean_loss=0.6469 classification=0.0031, bbox_regression=0.0429, bbox_ctrness=0.5853
epoch 45/50 iter 1400/1860 loss=0.6395 mean_loss=0.6470 classification=0.0010, bbox_regression=0.0510, bbox_ctrness=0.5874
epoch 45/50 iter 1420/1860 loss=0.6286 mean_loss=0.6470 classification=0.0059, bbox_regression=0.0356, bbox_ctrness=0.5871
epoch 45/50 iter 1440/1860 loss=0.6504 mean_loss=0.6470 classification=0.0012, bbox_regression=0.0490, bbox_ctrness=0.6001
epoch 45/50 iter 1460/1860 loss=0.6496 mean_loss=0.6469 classification=0.0022, bbox_regression=0.0526, bbox_ctrness=0.5948
epoch 45/50 iter 1480/1860 loss=0.6574 mean_loss=0.6468 classification=0.0021, bbox_regression=0.0626, bbox_ctrness=0.5926
epoch 45/50 iter 1500/1860 loss=0.6326 mean_loss=0.6467 classification=0.0068, bbox_regression=0.0359, bbox_ctrness=0.5899
epoch 45/50 iter 1520/1860 loss=0.6424 mean_loss=0.6467 classification=0.0036, bbox_regression=0.0444, bbox_ctrness=0.5943
epoch 45/50 iter 1540/1860 loss=0.6372 mean_loss=0.6465 classification=0.0002, bbox_regression=0.0371, bbox_ctrness=0.5998
epoch 45/50 iter 1560/1860 loss=0.6369 mean_loss=0.6465 classification=0.0045, bbox_regression=0.0442, bbox_ctrness=0.5882
epoch 45/50 iter 1580/1860 loss=0.6409 mean_loss=0.6465 classification=0.0047, bbox_regression=0.0390, bbox_ctrness=0.5972
epoch 45/50 iter 1600/1860 loss=0.6465 mean_loss=0.6465 classification=0.0032, bbox_regression=0.0396, bbox_ctrness=0.6037
epoch 45/50 iter 1620/1860 loss=0.6493 mean_loss=0.6466 classification=0.0051, bbox_regression=0.0446, bbox_ctrness=0.5996
epoch 45/50 iter 1640/1860 loss=0.6213 mean_loss=0.6466 classification=0.0032, bbox_regression=0.0374, bbox_ctrness=0.5807
epoch 45/50 iter 1660/1860 loss=0.6455 mean_loss=0.6467 classification=0.0093, bbox_regression=0.0402, bbox_ctrness=0.5961
epoch 45/50 iter 1680/1860 loss=0.6505 mean_loss=0.6467 classification=0.0069, bbox_regression=0.0434, bbox_ctrness=0.6002
epoch 45/50 iter 1700/1860 loss=0.6437 mean_loss=0.6468 classification=0.0118, bbox_regression=0.0357, bbox_ctrness=0.5962
epoch 45/50 iter 1720/1860 loss=0.6144 mean_loss=0.6469 classification=0.0019, bbox_regression=0.0346, bbox_ctrness=0.5779
epoch 45/50 iter 1740/1860 loss=0.6182 mean_loss=0.6468 classification=0.0029, bbox_regression=0.0303, bbox_ctrness=0.5849
epoch 45/50 iter 1760/1860 loss=0.6268 mean_loss=0.6468 classification=0.0020, bbox_regression=0.0357, bbox_ctrness=0.5891
epoch 45/50 iter 1780/1860 loss=0.6255 mean_loss=0.6468 classification=0.0031, bbox_regression=0.0377, bbox_ctrness=0.5847
epoch 45/50 iter 1800/1860 loss=0.6540 mean_loss=0.6467 classification=0.0016, bbox_regression=0.0529, bbox_ctrness=0.5994
epoch 45/50 iter 1820/1860 loss=0.6485 mean_loss=0.6467 classification=0.0029, bbox_regression=0.0397, bbox_ctrness=0.6059
epoch 45/50 iter 1840/1860 loss=0.6417 mean_loss=0.6468 classification=0.0056, bbox_regression=0.0470, bbox_ctrness=0.5892
epoch 45/50 iter 1860/1860 loss=0.6329 mean_loss=0.6469 classification=0.0007, bbox_regression=0.0409, bbox_ctrness=0.5914
epoch 45 validation Precision=0.7405 Recall=0.9182 AP50=0.8947 AP75=0.8217 eval_fps=21.11 epoch_time_sec=916.9
saved checkpoint: E:\RepViT-main\runs\v48_complete_ablation\training\ra_static_equal_seed0\weights\last.pt
epoch 46/50 iter 1/1860 loss=0.6601 mean_loss=0.6601 classification=0.0016, bbox_regression=0.0419, bbox_ctrness=0.6166
epoch 46/50 iter 20/1860 loss=0.6237 mean_loss=0.6415 classification=0.0044, bbox_regression=0.0344, bbox_ctrness=0.5848
epoch 46/50 iter 40/1860 loss=0.6504 mean_loss=0.6448 classification=0.0044, bbox_regression=0.0358, bbox_ctrness=0.6102
epoch 46/50 iter 60/1860 loss=0.6218 mean_loss=0.6445 classification=0.0005, bbox_regression=0.0328, bbox_ctrness=0.5884
epoch 46/50 iter 80/1860 loss=0.6371 mean_loss=0.6447 classification=0.0008, bbox_regression=0.0391, bbox_ctrness=0.5972
epoch 46/50 iter 100/1860 loss=0.6473 mean_loss=0.6447 classification=0.0003, bbox_regression=0.0447, bbox_ctrness=0.6023
epoch 46/50 iter 120/1860 loss=0.6370 mean_loss=0.6446 classification=0.0008, bbox_regression=0.0356, bbox_ctrness=0.6006
epoch 46/50 iter 140/1860 loss=0.6374 mean_loss=0.6440 classification=0.0050, bbox_regression=0.0338, bbox_ctrness=0.5987
epoch 46/50 iter 160/1860 loss=0.6333 mean_loss=0.6433 classification=0.0009, bbox_regression=0.0415, bbox_ctrness=0.5910
epoch 46/50 iter 180/1860 loss=0.6259 mean_loss=0.6428 classification=0.0007, bbox_regression=0.0436, bbox_ctrness=0.5816
epoch 46/50 iter 200/1860 loss=0.6168 mean_loss=0.6421 classification=0.0002, bbox_regression=0.0371, bbox_ctrness=0.5795
epoch 46/50 iter 220/1860 loss=0.6588 mean_loss=0.6424 classification=0.0218, bbox_regression=0.0417, bbox_ctrness=0.5953
epoch 46/50 iter 240/1860 loss=0.6505 mean_loss=0.6428 classification=0.0107, bbox_regression=0.0398, bbox_ctrness=0.6000
epoch 46/50 iter 260/1860 loss=0.6476 mean_loss=0.6428 classification=0.0016, bbox_regression=0.0325, bbox_ctrness=0.6134
epoch 46/50 iter 280/1860 loss=0.6229 mean_loss=0.6430 classification=0.0012, bbox_regression=0.0314, bbox_ctrness=0.5903
epoch 46/50 iter 300/1860 loss=0.6656 mean_loss=0.6433 classification=0.0007, bbox_regression=0.0500, bbox_ctrness=0.6149
epoch 46/50 iter 320/1860 loss=0.6639 mean_loss=0.6436 classification=0.0019, bbox_regression=0.0479, bbox_ctrness=0.6141
epoch 46/50 iter 340/1860 loss=0.6440 mean_loss=0.6441 classification=0.0031, bbox_regression=0.0326, bbox_ctrness=0.6082
epoch 46/50 iter 360/1860 loss=0.6532 mean_loss=0.6439 classification=0.0005, bbox_regression=0.0421, bbox_ctrness=0.6106
epoch 46/50 iter 380/1860 loss=0.6672 mean_loss=0.6437 classification=0.0008, bbox_regression=0.0554, bbox_ctrness=0.6111
epoch 46/50 iter 400/1860 loss=0.6241 mean_loss=0.6436 classification=0.0014, bbox_regression=0.0330, bbox_ctrness=0.5897
epoch 46/50 iter 420/1860 loss=0.6480 mean_loss=0.6439 classification=0.0051, bbox_regression=0.0464, bbox_ctrness=0.5965
epoch 46/50 iter 440/1860 loss=0.6419 mean_loss=0.6437 classification=0.0016, bbox_regression=0.0420, bbox_ctrness=0.5983
epoch 46/50 iter 460/1860 loss=0.6122 mean_loss=0.6436 classification=0.0022, bbox_regression=0.0359, bbox_ctrness=0.5741
epoch 46/50 iter 480/1860 loss=0.6448 mean_loss=0.6434 classification=0.0003, bbox_regression=0.0409, bbox_ctrness=0.6037
epoch 46/50 iter 500/1860 loss=0.6437 mean_loss=0.6437 classification=0.0023, bbox_regression=0.0367, bbox_ctrness=0.6047
epoch 46/50 iter 520/1860 loss=0.6379 mean_loss=0.6438 classification=0.0105, bbox_regression=0.0443, bbox_ctrness=0.5831
epoch 46/50 iter 540/1860 loss=0.6648 mean_loss=0.6438 classification=0.0142, bbox_regression=0.0385, bbox_ctrness=0.6121
epoch 46/50 iter 560/1860 loss=0.6309 mean_loss=0.6437 classification=0.0008, bbox_regression=0.0380, bbox_ctrness=0.5921
epoch 46/50 iter 580/1860 loss=0.6653 mean_loss=0.6436 classification=0.0109, bbox_regression=0.0448, bbox_ctrness=0.6096
epoch 46/50 iter 600/1860 loss=0.6366 mean_loss=0.6436 classification=0.0005, bbox_regression=0.0362, bbox_ctrness=0.6000
epoch 46/50 iter 620/1860 loss=0.6431 mean_loss=0.6435 classification=0.0034, bbox_regression=0.0470, bbox_ctrness=0.5927
epoch 46/50 iter 640/1860 loss=0.6425 mean_loss=0.6434 classification=0.0016, bbox_regression=0.0335, bbox_ctrness=0.6074
epoch 46/50 iter 660/1860 loss=0.6503 mean_loss=0.6433 classification=0.0115, bbox_regression=0.0467, bbox_ctrness=0.5920
epoch 46/50 iter 680/1860 loss=0.6573 mean_loss=0.6433 classification=0.0076, bbox_regression=0.0344, bbox_ctrness=0.6153
epoch 46/50 iter 700/1860 loss=0.6391 mean_loss=0.6432 classification=0.0010, bbox_regression=0.0386, bbox_ctrness=0.5995
epoch 46/50 iter 720/1860 loss=0.6508 mean_loss=0.6433 classification=0.0020, bbox_regression=0.0401, bbox_ctrness=0.6087
epoch 46/50 iter 740/1860 loss=0.6272 mean_loss=0.6433 classification=0.0017, bbox_regression=0.0358, bbox_ctrness=0.5897
epoch 46/50 iter 760/1860 loss=0.6344 mean_loss=0.6434 classification=0.0073, bbox_regression=0.0335, bbox_ctrness=0.5937
epoch 46/50 iter 780/1860 loss=0.6256 mean_loss=0.6433 classification=0.0030, bbox_regression=0.0409, bbox_ctrness=0.5816
epoch 46/50 iter 800/1860 loss=0.6616 mean_loss=0.6433 classification=0.0104, bbox_regression=0.0362, bbox_ctrness=0.6149
epoch 46/50 iter 820/1860 loss=0.6456 mean_loss=0.6432 classification=0.0007, bbox_regression=0.0453, bbox_ctrness=0.5996
epoch 46/50 iter 840/1860 loss=0.6531 mean_loss=0.6434 classification=0.0047, bbox_regression=0.0486, bbox_ctrness=0.5998
epoch 46/50 iter 860/1860 loss=0.6390 mean_loss=0.6433 classification=0.0011, bbox_regression=0.0358, bbox_ctrness=0.6021
epoch 46/50 iter 880/1860 loss=0.6395 mean_loss=0.6434 classification=0.0021, bbox_regression=0.0398, bbox_ctrness=0.5976
epoch 46/50 iter 900/1860 loss=0.6776 mean_loss=0.6434 classification=0.0222, bbox_regression=0.0385, bbox_ctrness=0.6168
epoch 46/50 iter 920/1860 loss=0.6226 mean_loss=0.6435 classification=0.0028, bbox_regression=0.0315, bbox_ctrness=0.5883
epoch 46/50 iter 940/1860 loss=0.6314 mean_loss=0.6433 classification=0.0043, bbox_regression=0.0375, bbox_ctrness=0.5897
epoch 46/50 iter 960/1860 loss=0.6250 mean_loss=0.6434 classification=0.0017, bbox_regression=0.0357, bbox_ctrness=0.5877
epoch 46/50 iter 980/1860 loss=0.6381 mean_loss=0.6434 classification=0.0021, bbox_regression=0.0438, bbox_ctrness=0.5922
epoch 46/50 iter 1000/1860 loss=0.6238 mean_loss=0.6434 classification=0.0001, bbox_regression=0.0262, bbox_ctrness=0.5975
epoch 46/50 iter 1020/1860 loss=0.6321 mean_loss=0.6434 classification=0.0012, bbox_regression=0.0380, bbox_ctrness=0.5929
epoch 46/50 iter 1040/1860 loss=0.6189 mean_loss=0.6433 classification=0.0012, bbox_regression=0.0367, bbox_ctrness=0.5810
epoch 46/50 iter 1060/1860 loss=0.6525 mean_loss=0.6435 classification=0.0024, bbox_regression=0.0408, bbox_ctrness=0.6093
epoch 46/50 iter 1080/1860 loss=0.7178 mean_loss=0.6436 classification=0.0690, bbox_regression=0.0416, bbox_ctrness=0.6072
epoch 46/50 iter 1100/1860 loss=0.6531 mean_loss=0.6436 classification=0.0053, bbox_regression=0.0453, bbox_ctrness=0.6024
epoch 46/50 iter 1120/1860 loss=0.6450 mean_loss=0.6436 classification=0.0017, bbox_regression=0.0380, bbox_ctrness=0.6053
epoch 46/50 iter 1140/1860 loss=0.6338 mean_loss=0.6436 classification=0.0006, bbox_regression=0.0363, bbox_ctrness=0.5969
epoch 46/50 iter 1160/1860 loss=0.6435 mean_loss=0.6436 classification=0.0070, bbox_regression=0.0391, bbox_ctrness=0.5974
epoch 46/50 iter 1180/1860 loss=0.6261 mean_loss=0.6436 classification=0.0059, bbox_regression=0.0336, bbox_ctrness=0.5867
epoch 46/50 iter 1200/1860 loss=0.6443 mean_loss=0.6436 classification=0.0074, bbox_regression=0.0379, bbox_ctrness=0.5991
epoch 46/50 iter 1220/1860 loss=0.6189 mean_loss=0.6435 classification=0.0007, bbox_regression=0.0296, bbox_ctrness=0.5886
epoch 46/50 iter 1240/1860 loss=0.6476 mean_loss=0.6435 classification=0.0047, bbox_regression=0.0583, bbox_ctrness=0.5846
epoch 46/50 iter 1260/1860 loss=0.6299 mean_loss=0.6437 classification=0.0025, bbox_regression=0.0345, bbox_ctrness=0.5929
epoch 46/50 iter 1280/1860 loss=0.6157 mean_loss=0.6437 classification=0.0037, bbox_regression=0.0416, bbox_ctrness=0.5704
epoch 46/50 iter 1300/1860 loss=0.6361 mean_loss=0.6439 classification=0.0039, bbox_regression=0.0456, bbox_ctrness=0.5867
epoch 46/50 iter 1320/1860 loss=0.6181 mean_loss=0.6439 classification=0.0009, bbox_regression=0.0386, bbox_ctrness=0.5786
epoch 46/50 iter 1340/1860 loss=0.7901 mean_loss=0.6441 classification=0.1306, bbox_regression=0.0689, bbox_ctrness=0.5906
epoch 46/50 iter 1360/1860 loss=0.6503 mean_loss=0.6441 classification=0.0021, bbox_regression=0.0478, bbox_ctrness=0.6004
epoch 46/50 iter 1380/1860 loss=0.6592 mean_loss=0.6442 classification=0.0002, bbox_regression=0.0542, bbox_ctrness=0.6048
epoch 46/50 iter 1400/1860 loss=0.6548 mean_loss=0.6442 classification=0.0077, bbox_regression=0.0516, bbox_ctrness=0.5955
epoch 46/50 iter 1420/1860 loss=0.6520 mean_loss=0.6443 classification=0.0024, bbox_regression=0.0442, bbox_ctrness=0.6053
epoch 46/50 iter 1440/1860 loss=0.6264 mean_loss=0.6443 classification=0.0007, bbox_regression=0.0287, bbox_ctrness=0.5969
epoch 46/50 iter 1460/1860 loss=0.6335 mean_loss=0.6442 classification=0.0037, bbox_regression=0.0341, bbox_ctrness=0.5956
epoch 46/50 iter 1480/1860 loss=0.6197 mean_loss=0.6442 classification=0.0024, bbox_regression=0.0308, bbox_ctrness=0.5865
epoch 46/50 iter 1500/1860 loss=0.6518 mean_loss=0.6442 classification=0.0005, bbox_regression=0.0403, bbox_ctrness=0.6109
epoch 46/50 iter 1520/1860 loss=0.6662 mean_loss=0.6442 classification=0.0051, bbox_regression=0.0512, bbox_ctrness=0.6099
epoch 46/50 iter 1540/1860 loss=0.6411 mean_loss=0.6442 classification=0.0027, bbox_regression=0.0433, bbox_ctrness=0.5951
epoch 46/50 iter 1560/1860 loss=0.6444 mean_loss=0.6443 classification=0.0061, bbox_regression=0.0416, bbox_ctrness=0.5967
epoch 46/50 iter 1580/1860 loss=0.6897 mean_loss=0.6444 classification=0.0137, bbox_regression=0.0678, bbox_ctrness=0.6082
epoch 46/50 iter 1600/1860 loss=0.6277 mean_loss=0.6444 classification=0.0019, bbox_regression=0.0407, bbox_ctrness=0.5852
epoch 46/50 iter 1620/1860 loss=0.6574 mean_loss=0.6444 classification=0.0285, bbox_regression=0.0317, bbox_ctrness=0.5972
epoch 46/50 iter 1640/1860 loss=0.6441 mean_loss=0.6445 classification=0.0014, bbox_regression=0.0427, bbox_ctrness=0.6000
epoch 46/50 iter 1660/1860 loss=0.6537 mean_loss=0.6445 classification=0.0013, bbox_regression=0.0454, bbox_ctrness=0.6070
epoch 46/50 iter 1680/1860 loss=0.6422 mean_loss=0.6445 classification=0.0016, bbox_regression=0.0477, bbox_ctrness=0.5929
epoch 46/50 iter 1700/1860 loss=0.6707 mean_loss=0.6446 classification=0.0056, bbox_regression=0.0549, bbox_ctrness=0.6102
epoch 46/50 iter 1720/1860 loss=0.6334 mean_loss=0.6446 classification=0.0026, bbox_regression=0.0409, bbox_ctrness=0.5898
epoch 46/50 iter 1740/1860 loss=0.6570 mean_loss=0.6446 classification=0.0039, bbox_regression=0.0433, bbox_ctrness=0.6098
epoch 46/50 iter 1760/1860 loss=0.6497 mean_loss=0.6446 classification=0.0024, bbox_regression=0.0496, bbox_ctrness=0.5977
epoch 46/50 iter 1780/1860 loss=0.7026 mean_loss=0.6447 classification=0.0700, bbox_regression=0.0420, bbox_ctrness=0.5905
epoch 46/50 iter 1800/1860 loss=0.6500 mean_loss=0.6448 classification=0.0123, bbox_regression=0.0441, bbox_ctrness=0.5937
epoch 46/50 iter 1820/1860 loss=0.6482 mean_loss=0.6448 classification=0.0007, bbox_regression=0.0354, bbox_ctrness=0.6120
epoch 46/50 iter 1840/1860 loss=0.6847 mean_loss=0.6448 classification=0.0315, bbox_regression=0.0369, bbox_ctrness=0.6164
epoch 46/50 iter 1860/1860 loss=0.6356 mean_loss=0.6449 classification=0.0002, bbox_regression=0.0304, bbox_ctrness=0.6049
epoch 46 validation Precision=0.7903 Recall=0.9109 AP50=0.8880 AP75=0.8143 eval_fps=21.08 epoch_time_sec=922.4
saved checkpoint: E:\RepViT-main\runs\v48_complete_ablation\training\ra_static_equal_seed0\weights\last.pt
epoch 47/50 iter 1/1860 loss=0.6389 mean_loss=0.6389 classification=0.0012, bbox_regression=0.0547, bbox_ctrness=0.5831
epoch 47/50 iter 20/1860 loss=0.6506 mean_loss=0.6497 classification=0.0058, bbox_regression=0.0242, bbox_ctrness=0.6206
epoch 47/50 iter 40/1860 loss=0.6338 mean_loss=0.6487 classification=0.0038, bbox_regression=0.0422, bbox_ctrness=0.5878
epoch 47/50 iter 60/1860 loss=0.6386 mean_loss=0.6489 classification=0.0041, bbox_regression=0.0447, bbox_ctrness=0.5898
epoch 47/50 iter 80/1860 loss=0.6516 mean_loss=0.6469 classification=0.0005, bbox_regression=0.0437, bbox_ctrness=0.6074
epoch 47/50 iter 100/1860 loss=0.6293 mean_loss=0.6459 classification=0.0016, bbox_regression=0.0344, bbox_ctrness=0.5933
epoch 47/50 iter 120/1860 loss=0.6678 mean_loss=0.6451 classification=0.0007, bbox_regression=0.0486, bbox_ctrness=0.6185
epoch 47/50 iter 140/1860 loss=0.6274 mean_loss=0.6445 classification=0.0035, bbox_regression=0.0400, bbox_ctrness=0.5839
epoch 47/50 iter 160/1860 loss=0.6569 mean_loss=0.6439 classification=0.0091, bbox_regression=0.0511, bbox_ctrness=0.5967
epoch 47/50 iter 180/1860 loss=0.6468 mean_loss=0.6444 classification=0.0002, bbox_regression=0.0376, bbox_ctrness=0.6091
epoch 47/50 iter 200/1860 loss=0.6397 mean_loss=0.6444 classification=0.0018, bbox_regression=0.0444, bbox_ctrness=0.5935
epoch 47/50 iter 220/1860 loss=0.6514 mean_loss=0.6454 classification=0.0074, bbox_regression=0.0466, bbox_ctrness=0.5974
epoch 47/50 iter 240/1860 loss=0.6527 mean_loss=0.6454 classification=0.0024, bbox_regression=0.0489, bbox_ctrness=0.6014
epoch 47/50 iter 260/1860 loss=0.6370 mean_loss=0.6453 classification=0.0032, bbox_regression=0.0466, bbox_ctrness=0.5872
epoch 47/50 iter 280/1860 loss=0.6605 mean_loss=0.6453 classification=0.0146, bbox_regression=0.0434, bbox_ctrness=0.6025
epoch 47/50 iter 300/1860 loss=0.6397 mean_loss=0.6459 classification=0.0008, bbox_regression=0.0338, bbox_ctrness=0.6051
epoch 47/50 iter 320/1860 loss=0.6461 mean_loss=0.6458 classification=0.0011, bbox_regression=0.0375, bbox_ctrness=0.6075
epoch 47/50 iter 340/1860 loss=0.6558 mean_loss=0.6460 classification=0.0016, bbox_regression=0.0435, bbox_ctrness=0.6107
epoch 47/50 iter 360/1860 loss=0.6426 mean_loss=0.6456 classification=0.0029, bbox_regression=0.0399, bbox_ctrness=0.5999
epoch 47/50 iter 380/1860 loss=0.6236 mean_loss=0.6463 classification=0.0020, bbox_regression=0.0432, bbox_ctrness=0.5783
epoch 47/50 iter 400/1860 loss=0.6418 mean_loss=0.6466 classification=0.0012, bbox_regression=0.0373, bbox_ctrness=0.6033
epoch 47/50 iter 420/1860 loss=0.6536 mean_loss=0.6463 classification=0.0006, bbox_regression=0.0396, bbox_ctrness=0.6134
epoch 47/50 iter 440/1860 loss=0.6645 mean_loss=0.6462 classification=0.0167, bbox_regression=0.0606, bbox_ctrness=0.5871
epoch 47/50 iter 460/1860 loss=0.6514 mean_loss=0.6462 classification=0.0144, bbox_regression=0.0439, bbox_ctrness=0.5932
epoch 47/50 iter 480/1860 loss=0.6472 mean_loss=0.6462 classification=0.0109, bbox_regression=0.0446, bbox_ctrness=0.5917
epoch 47/50 iter 500/1860 loss=0.6392 mean_loss=0.6462 classification=0.0017, bbox_regression=0.0352, bbox_ctrness=0.6023
epoch 47/50 iter 520/1860 loss=0.6594 mean_loss=0.6464 classification=0.0139, bbox_regression=0.0404, bbox_ctrness=0.6051
epoch 47/50 iter 540/1860 loss=0.6313 mean_loss=0.6464 classification=0.0007, bbox_regression=0.0366, bbox_ctrness=0.5941
epoch 47/50 iter 560/1860 loss=0.6452 mean_loss=0.6464 classification=0.0069, bbox_regression=0.0367, bbox_ctrness=0.6017
epoch 47/50 iter 580/1860 loss=0.6507 mean_loss=0.6470 classification=0.0082, bbox_regression=0.0440, bbox_ctrness=0.5986
epoch 47/50 iter 600/1860 loss=0.8591 mean_loss=0.6473 classification=0.1392, bbox_regression=0.1039, bbox_ctrness=0.6161
epoch 47/50 iter 620/1860 loss=0.6212 mean_loss=0.6472 classification=0.0007, bbox_regression=0.0352, bbox_ctrness=0.5853
epoch 47/50 iter 640/1860 loss=0.6441 mean_loss=0.6470 classification=0.0071, bbox_regression=0.0499, bbox_ctrness=0.5871
epoch 47/50 iter 660/1860 loss=0.6340 mean_loss=0.6470 classification=0.0007, bbox_regression=0.0309, bbox_ctrness=0.6024
epoch 47/50 iter 680/1860 loss=0.6495 mean_loss=0.6471 classification=0.0052, bbox_regression=0.0349, bbox_ctrness=0.6094
epoch 47/50 iter 700/1860 loss=0.6243 mean_loss=0.6471 classification=0.0056, bbox_regression=0.0373, bbox_ctrness=0.5814
epoch 47/50 iter 720/1860 loss=0.6722 mean_loss=0.6473 classification=0.0116, bbox_regression=0.0565, bbox_ctrness=0.6041
epoch 47/50 iter 740/1860 loss=0.6499 mean_loss=0.6475 classification=0.0039, bbox_regression=0.0492, bbox_ctrness=0.5969
epoch 47/50 iter 760/1860 loss=0.6785 mean_loss=0.6476 classification=0.0097, bbox_regression=0.0515, bbox_ctrness=0.6173
epoch 47/50 iter 780/1860 loss=0.6341 mean_loss=0.6477 classification=0.0013, bbox_regression=0.0349, bbox_ctrness=0.5979
epoch 47/50 iter 800/1860 loss=0.6470 mean_loss=0.6475 classification=0.0032, bbox_regression=0.0413, bbox_ctrness=0.6025
epoch 47/50 iter 820/1860 loss=0.6354 mean_loss=0.6475 classification=0.0002, bbox_regression=0.0397, bbox_ctrness=0.5955
epoch 47/50 iter 840/1860 loss=0.6373 mean_loss=0.6473 classification=0.0001, bbox_regression=0.0338, bbox_ctrness=0.6034
epoch 47/50 iter 860/1860 loss=0.6385 mean_loss=0.6472 classification=0.0012, bbox_regression=0.0488, bbox_ctrness=0.5884
epoch 47/50 iter 880/1860 loss=0.6238 mean_loss=0.6469 classification=0.0014, bbox_regression=0.0425, bbox_ctrness=0.5800
epoch 47/50 iter 900/1860 loss=0.6401 mean_loss=0.6470 classification=0.0014, bbox_regression=0.0351, bbox_ctrness=0.6035
epoch 47/50 iter 920/1860 loss=0.6400 mean_loss=0.6473 classification=0.0021, bbox_regression=0.0342, bbox_ctrness=0.6036
epoch 47/50 iter 940/1860 loss=0.6366 mean_loss=0.6472 classification=0.0075, bbox_regression=0.0420, bbox_ctrness=0.5871
epoch 47/50 iter 960/1860 loss=0.6376 mean_loss=0.6471 classification=0.0007, bbox_regression=0.0393, bbox_ctrness=0.5976
epoch 47/50 iter 980/1860 loss=0.6372 mean_loss=0.6469 classification=0.0013, bbox_regression=0.0400, bbox_ctrness=0.5958
epoch 47/50 iter 1000/1860 loss=0.6342 mean_loss=0.6467 classification=0.0027, bbox_regression=0.0434, bbox_ctrness=0.5880
epoch 47/50 iter 1020/1860 loss=0.6392 mean_loss=0.6466 classification=0.0026, bbox_regression=0.0261, bbox_ctrness=0.6105
epoch 47/50 iter 1040/1860 loss=0.6300 mean_loss=0.6464 classification=0.0001, bbox_regression=0.0332, bbox_ctrness=0.5967
epoch 47/50 iter 1060/1860 loss=0.6340 mean_loss=0.6463 classification=0.0025, bbox_regression=0.0407, bbox_ctrness=0.5908
epoch 47/50 iter 1080/1860 loss=0.6336 mean_loss=0.6462 classification=0.0001, bbox_regression=0.0382, bbox_ctrness=0.5953
epoch 47/50 iter 1100/1860 loss=0.6698 mean_loss=0.6462 classification=0.0052, bbox_regression=0.0733, bbox_ctrness=0.5913
epoch 47/50 iter 1120/1860 loss=0.6313 mean_loss=0.6462 classification=0.0022, bbox_regression=0.0389, bbox_ctrness=0.5902
epoch 47/50 iter 1140/1860 loss=0.6479 mean_loss=0.6460 classification=0.0021, bbox_regression=0.0444, bbox_ctrness=0.6014
epoch 47/50 iter 1160/1860 loss=0.6621 mean_loss=0.6460 classification=0.0004, bbox_regression=0.0504, bbox_ctrness=0.6113
epoch 47/50 iter 1180/1860 loss=0.6470 mean_loss=0.6459 classification=0.0083, bbox_regression=0.0410, bbox_ctrness=0.5976
epoch 47/50 iter 1200/1860 loss=0.6330 mean_loss=0.6459 classification=0.0003, bbox_regression=0.0337, bbox_ctrness=0.5990
epoch 47/50 iter 1220/1860 loss=0.6297 mean_loss=0.6458 classification=0.0003, bbox_regression=0.0301, bbox_ctrness=0.5994
epoch 47/50 iter 1240/1860 loss=0.6654 mean_loss=0.6458 classification=0.0066, bbox_regression=0.0582, bbox_ctrness=0.6006
epoch 47/50 iter 1260/1860 loss=0.6464 mean_loss=0.6457 classification=0.0035, bbox_regression=0.0493, bbox_ctrness=0.5936
epoch 47/50 iter 1280/1860 loss=0.6283 mean_loss=0.6457 classification=0.0007, bbox_regression=0.0427, bbox_ctrness=0.5850
epoch 47/50 iter 1300/1860 loss=0.6440 mean_loss=0.6458 classification=0.0133, bbox_regression=0.0332, bbox_ctrness=0.5976
epoch 47/50 iter 1320/1860 loss=0.6356 mean_loss=0.6458 classification=0.0002, bbox_regression=0.0370, bbox_ctrness=0.5983
epoch 47/50 iter 1340/1860 loss=0.6724 mean_loss=0.6460 classification=0.0151, bbox_regression=0.0497, bbox_ctrness=0.6076
epoch 47/50 iter 1360/1860 loss=0.6390 mean_loss=0.6462 classification=0.0084, bbox_regression=0.0320, bbox_ctrness=0.5986
epoch 47/50 iter 1380/1860 loss=0.6460 mean_loss=0.6464 classification=0.0150, bbox_regression=0.0477, bbox_ctrness=0.5833
epoch 47/50 iter 1400/1860 loss=0.6705 mean_loss=0.6465 classification=0.0099, bbox_regression=0.0535, bbox_ctrness=0.6072
epoch 47/50 iter 1420/1860 loss=0.6508 mean_loss=0.6466 classification=0.0020, bbox_regression=0.0431, bbox_ctrness=0.6058
epoch 47/50 iter 1440/1860 loss=0.6807 mean_loss=0.6466 classification=0.0339, bbox_regression=0.0392, bbox_ctrness=0.6075
epoch 47/50 iter 1460/1860 loss=0.6580 mean_loss=0.6466 classification=0.0080, bbox_regression=0.0497, bbox_ctrness=0.6004
epoch 47/50 iter 1480/1860 loss=0.6307 mean_loss=0.6465 classification=0.0020, bbox_regression=0.0468, bbox_ctrness=0.5820
epoch 47/50 iter 1500/1860 loss=0.6423 mean_loss=0.6465 classification=0.0006, bbox_regression=0.0316, bbox_ctrness=0.6101
epoch 47/50 iter 1520/1860 loss=0.6490 mean_loss=0.6465 classification=0.0033, bbox_regression=0.0560, bbox_ctrness=0.5896
epoch 47/50 iter 1540/1860 loss=0.6645 mean_loss=0.6465 classification=0.0031, bbox_regression=0.0481, bbox_ctrness=0.6134
epoch 47/50 iter 1560/1860 loss=0.6356 mean_loss=0.6466 classification=0.0096, bbox_regression=0.0462, bbox_ctrness=0.5798
epoch 47/50 iter 1580/1860 loss=0.6605 mean_loss=0.6465 classification=0.0020, bbox_regression=0.0458, bbox_ctrness=0.6127
epoch 47/50 iter 1600/1860 loss=0.6561 mean_loss=0.6465 classification=0.0002, bbox_regression=0.0419, bbox_ctrness=0.6140
epoch 47/50 iter 1620/1860 loss=0.6447 mean_loss=0.6467 classification=0.0012, bbox_regression=0.0426, bbox_ctrness=0.6008
epoch 47/50 iter 1640/1860 loss=0.6500 mean_loss=0.6467 classification=0.0083, bbox_regression=0.0434, bbox_ctrness=0.5983
epoch 47/50 iter 1660/1860 loss=0.6207 mean_loss=0.6465 classification=0.0028, bbox_regression=0.0279, bbox_ctrness=0.5899
epoch 47/50 iter 1680/1860 loss=0.6372 mean_loss=0.6465 classification=0.0017, bbox_regression=0.0475, bbox_ctrness=0.5880
epoch 47/50 iter 1700/1860 loss=0.6641 mean_loss=0.6465 classification=0.0208, bbox_regression=0.0557, bbox_ctrness=0.5876
epoch 47/50 iter 1720/1860 loss=0.6392 mean_loss=0.6465 classification=0.0021, bbox_regression=0.0378, bbox_ctrness=0.5993
epoch 47/50 iter 1740/1860 loss=0.6631 mean_loss=0.6465 classification=0.0139, bbox_regression=0.0532, bbox_ctrness=0.5959
epoch 47/50 iter 1760/1860 loss=0.6490 mean_loss=0.6465 classification=0.0021, bbox_regression=0.0384, bbox_ctrness=0.6086
epoch 47/50 iter 1780/1860 loss=0.6451 mean_loss=0.6465 classification=0.0019, bbox_regression=0.0390, bbox_ctrness=0.6041
epoch 47/50 iter 1800/1860 loss=0.6311 mean_loss=0.6464 classification=0.0015, bbox_regression=0.0370, bbox_ctrness=0.5927
epoch 47/50 iter 1820/1860 loss=0.6359 mean_loss=0.6463 classification=0.0001, bbox_regression=0.0417, bbox_ctrness=0.5941
epoch 47/50 iter 1840/1860 loss=0.6466 mean_loss=0.6463 classification=0.0148, bbox_regression=0.0312, bbox_ctrness=0.6006
epoch 47/50 iter 1860/1860 loss=0.6546 mean_loss=0.6462 classification=0.0223, bbox_regression=0.0446, bbox_ctrness=0.5876
epoch 47 validation Precision=0.7429 Recall=0.9165 AP50=0.8942 AP75=0.8101 eval_fps=21.25 epoch_time_sec=915.3
saved checkpoint: E:\RepViT-main\runs\v48_complete_ablation\training\ra_static_equal_seed0\weights\last.pt
epoch 48/50 iter 1/1860 loss=0.6555 mean_loss=0.6555 classification=0.0003, bbox_regression=0.0494, bbox_ctrness=0.6058
epoch 48/50 iter 20/1860 loss=0.6343 mean_loss=0.6387 classification=0.0006, bbox_regression=0.0353, bbox_ctrness=0.5984
epoch 48/50 iter 40/1860 loss=0.6486 mean_loss=0.6397 classification=0.0002, bbox_regression=0.0385, bbox_ctrness=0.6099
epoch 48/50 iter 60/1860 loss=0.6507 mean_loss=0.6397 classification=0.0030, bbox_regression=0.0482, bbox_ctrness=0.5995
epoch 48/50 iter 80/1860 loss=0.6357 mean_loss=0.6414 classification=0.0023, bbox_regression=0.0416, bbox_ctrness=0.5917
epoch 48/50 iter 100/1860 loss=0.6559 mean_loss=0.6419 classification=0.0034, bbox_regression=0.0635, bbox_ctrness=0.5889
epoch 48/50 iter 120/1860 loss=0.6316 mean_loss=0.6436 classification=0.0001, bbox_regression=0.0323, bbox_ctrness=0.5992
epoch 48/50 iter 140/1860 loss=0.6284 mean_loss=0.6439 classification=0.0021, bbox_regression=0.0397, bbox_ctrness=0.5867
epoch 48/50 iter 160/1860 loss=0.6155 mean_loss=0.6434 classification=0.0021, bbox_regression=0.0336, bbox_ctrness=0.5799
epoch 48/50 iter 180/1860 loss=0.6629 mean_loss=0.6438 classification=0.0134, bbox_regression=0.0507, bbox_ctrness=0.5988
epoch 48/50 iter 200/1860 loss=0.6372 mean_loss=0.6438 classification=0.0013, bbox_regression=0.0338, bbox_ctrness=0.6020
epoch 48/50 iter 220/1860 loss=0.6490 mean_loss=0.6430 classification=0.0004, bbox_regression=0.0411, bbox_ctrness=0.6075
epoch 48/50 iter 240/1860 loss=0.6334 mean_loss=0.6427 classification=0.0012, bbox_regression=0.0410, bbox_ctrness=0.5913
epoch 48/50 iter 260/1860 loss=0.6526 mean_loss=0.6425 classification=0.0004, bbox_regression=0.0478, bbox_ctrness=0.6044
epoch 48/50 iter 280/1860 loss=0.6450 mean_loss=0.6421 classification=0.0027, bbox_regression=0.0508, bbox_ctrness=0.5915
epoch 48/50 iter 300/1860 loss=0.6206 mean_loss=0.6419 classification=0.0000, bbox_regression=0.0340, bbox_ctrness=0.5865
epoch 48/50 iter 320/1860 loss=0.6688 mean_loss=0.6417 classification=0.0055, bbox_regression=0.0451, bbox_ctrness=0.6182
epoch 48/50 iter 340/1860 loss=0.6345 mean_loss=0.6413 classification=0.0003, bbox_regression=0.0338, bbox_ctrness=0.6004
epoch 48/50 iter 360/1860 loss=0.6395 mean_loss=0.6415 classification=0.0053, bbox_regression=0.0406, bbox_ctrness=0.5935
epoch 48/50 iter 380/1860 loss=0.6336 mean_loss=0.6415 classification=0.0066, bbox_regression=0.0412, bbox_ctrness=0.5858
epoch 48/50 iter 400/1860 loss=0.6268 mean_loss=0.6415 classification=0.0008, bbox_regression=0.0290, bbox_ctrness=0.5969
epoch 48/50 iter 420/1860 loss=0.6701 mean_loss=0.6415 classification=0.0166, bbox_regression=0.0632, bbox_ctrness=0.5902
epoch 48/50 iter 440/1860 loss=0.6514 mean_loss=0.6415 classification=0.0102, bbox_regression=0.0465, bbox_ctrness=0.5947
epoch 48/50 iter 460/1860 loss=0.6349 mean_loss=0.6415 classification=0.0004, bbox_regression=0.0345, bbox_ctrness=0.6000
epoch 48/50 iter 480/1860 loss=0.6272 mean_loss=0.6414 classification=0.0023, bbox_regression=0.0421, bbox_ctrness=0.5828
epoch 48/50 iter 500/1860 loss=0.6393 mean_loss=0.6414 classification=0.0034, bbox_regression=0.0401, bbox_ctrness=0.5958
epoch 48/50 iter 520/1860 loss=0.6087 mean_loss=0.6414 classification=0.0008, bbox_regression=0.0238, bbox_ctrness=0.5842
epoch 48/50 iter 540/1860 loss=0.6361 mean_loss=0.6418 classification=0.0066, bbox_regression=0.0395, bbox_ctrness=0.5900
epoch 48/50 iter 560/1860 loss=0.6493 mean_loss=0.6419 classification=0.0137, bbox_regression=0.0380, bbox_ctrness=0.5975
epoch 48/50 iter 580/1860 loss=0.6598 mean_loss=0.6420 classification=0.0052, bbox_regression=0.0527, bbox_ctrness=0.6019
epoch 48/50 iter 600/1860 loss=0.6331 mean_loss=0.6424 classification=0.0028, bbox_regression=0.0376, bbox_ctrness=0.5927
epoch 48/50 iter 620/1860 loss=0.6290 mean_loss=0.6427 classification=0.0024, bbox_regression=0.0392, bbox_ctrness=0.5874
epoch 48/50 iter 640/1860 loss=0.6368 mean_loss=0.6426 classification=0.0007, bbox_regression=0.0372, bbox_ctrness=0.5989
epoch 48/50 iter 660/1860 loss=0.6472 mean_loss=0.6427 classification=0.0014, bbox_regression=0.0433, bbox_ctrness=0.6025
epoch 48/50 iter 680/1860 loss=0.6339 mean_loss=0.6427 classification=0.0026, bbox_regression=0.0337, bbox_ctrness=0.5976
epoch 48/50 iter 700/1860 loss=0.6568 mean_loss=0.6427 classification=0.0077, bbox_regression=0.0502, bbox_ctrness=0.5989
epoch 48/50 iter 720/1860 loss=0.6394 mean_loss=0.6428 classification=0.0017, bbox_regression=0.0426, bbox_ctrness=0.5950
epoch 48/50 iter 740/1860 loss=0.6192 mean_loss=0.6429 classification=0.0017, bbox_regression=0.0355, bbox_ctrness=0.5820
epoch 48/50 iter 760/1860 loss=0.6367 mean_loss=0.6431 classification=0.0031, bbox_regression=0.0346, bbox_ctrness=0.5990
epoch 48/50 iter 780/1860 loss=0.6441 mean_loss=0.6430 classification=0.0042, bbox_regression=0.0472, bbox_ctrness=0.5928
epoch 48/50 iter 800/1860 loss=0.6186 mean_loss=0.6428 classification=0.0008, bbox_regression=0.0296, bbox_ctrness=0.5882
epoch 48/50 iter 820/1860 loss=0.6478 mean_loss=0.6429 classification=0.0036, bbox_regression=0.0453, bbox_ctrness=0.5989
epoch 48/50 iter 840/1860 loss=0.6423 mean_loss=0.6430 classification=0.0030, bbox_regression=0.0407, bbox_ctrness=0.5986
epoch 48/50 iter 860/1860 loss=0.6455 mean_loss=0.6430 classification=0.0002, bbox_regression=0.0426, bbox_ctrness=0.6027
epoch 48/50 iter 880/1860 loss=0.6664 mean_loss=0.6431 classification=0.0026, bbox_regression=0.0481, bbox_ctrness=0.6157
epoch 48/50 iter 900/1860 loss=0.6358 mean_loss=0.6432 classification=0.0065, bbox_regression=0.0359, bbox_ctrness=0.5934
epoch 48/50 iter 920/1860 loss=0.6549 mean_loss=0.6432 classification=0.0277, bbox_regression=0.0372, bbox_ctrness=0.5899
epoch 48/50 iter 940/1860 loss=0.6305 mean_loss=0.6432 classification=0.0002, bbox_regression=0.0315, bbox_ctrness=0.5988
epoch 48/50 iter 960/1860 loss=0.6852 mean_loss=0.6432 classification=0.0432, bbox_regression=0.0372, bbox_ctrness=0.6048
epoch 48/50 iter 980/1860 loss=0.6434 mean_loss=0.6432 classification=0.0010, bbox_regression=0.0374, bbox_ctrness=0.6050
epoch 48/50 iter 1000/1860 loss=0.6614 mean_loss=0.6433 classification=0.0013, bbox_regression=0.0468, bbox_ctrness=0.6133
epoch 48/50 iter 1020/1860 loss=0.6347 mean_loss=0.6435 classification=0.0067, bbox_regression=0.0382, bbox_ctrness=0.5899
epoch 48/50 iter 1040/1860 loss=0.6636 mean_loss=0.6435 classification=0.0013, bbox_regression=0.0579, bbox_ctrness=0.6044
epoch 48/50 iter 1060/1860 loss=0.6313 mean_loss=0.6436 classification=0.0036, bbox_regression=0.0364, bbox_ctrness=0.5912
epoch 48/50 iter 1080/1860 loss=0.6491 mean_loss=0.6436 classification=0.0028, bbox_regression=0.0362, bbox_ctrness=0.6101
epoch 48/50 iter 1100/1860 loss=0.6712 mean_loss=0.6438 classification=0.0017, bbox_regression=0.0441, bbox_ctrness=0.6254
epoch 48/50 iter 1120/1860 loss=0.7382 mean_loss=0.6440 classification=0.0819, bbox_regression=0.0336, bbox_ctrness=0.6227
epoch 48/50 iter 1140/1860 loss=0.6394 mean_loss=0.6440 classification=0.0132, bbox_regression=0.0396, bbox_ctrness=0.5866
epoch 48/50 iter 1160/1860 loss=0.6375 mean_loss=0.6440 classification=0.0044, bbox_regression=0.0382, bbox_ctrness=0.5949
epoch 48/50 iter 1180/1860 loss=0.6450 mean_loss=0.6440 classification=0.0007, bbox_regression=0.0377, bbox_ctrness=0.6067
epoch 48/50 iter 1200/1860 loss=0.6629 mean_loss=0.6442 classification=0.0122, bbox_regression=0.0413, bbox_ctrness=0.6094
epoch 48/50 iter 1220/1860 loss=0.6347 mean_loss=0.6443 classification=0.0027, bbox_regression=0.0430, bbox_ctrness=0.5890
epoch 48/50 iter 1240/1860 loss=0.6518 mean_loss=0.6443 classification=0.0128, bbox_regression=0.0435, bbox_ctrness=0.5955
epoch 48/50 iter 1260/1860 loss=0.6505 mean_loss=0.6442 classification=0.0024, bbox_regression=0.0397, bbox_ctrness=0.6084
epoch 48/50 iter 1280/1860 loss=0.6486 mean_loss=0.6442 classification=0.0098, bbox_regression=0.0435, bbox_ctrness=0.5953
epoch 48/50 iter 1300/1860 loss=0.6641 mean_loss=0.6443 classification=0.0029, bbox_regression=0.0618, bbox_ctrness=0.5995
epoch 48/50 iter 1320/1860 loss=0.6592 mean_loss=0.6442 classification=0.0005, bbox_regression=0.0370, bbox_ctrness=0.6218
epoch 48/50 iter 1340/1860 loss=0.6279 mean_loss=0.6443 classification=0.0004, bbox_regression=0.0351, bbox_ctrness=0.5924
epoch 48/50 iter 1360/1860 loss=0.6390 mean_loss=0.6444 classification=0.0006, bbox_regression=0.0442, bbox_ctrness=0.5942
epoch 48/50 iter 1380/1860 loss=0.6711 mean_loss=0.6445 classification=0.0097, bbox_regression=0.0547, bbox_ctrness=0.6067
epoch 48/50 iter 1400/1860 loss=0.6552 mean_loss=0.6444 classification=0.0179, bbox_regression=0.0418, bbox_ctrness=0.5955
epoch 48/50 iter 1420/1860 loss=0.6464 mean_loss=0.6446 classification=0.0083, bbox_regression=0.0489, bbox_ctrness=0.5892
epoch 48/50 iter 1440/1860 loss=0.6571 mean_loss=0.6445 classification=0.0080, bbox_regression=0.0531, bbox_ctrness=0.5961
epoch 48/50 iter 1460/1860 loss=0.7506 mean_loss=0.6446 classification=0.0890, bbox_regression=0.0481, bbox_ctrness=0.6135
epoch 48/50 iter 1480/1860 loss=0.6395 mean_loss=0.6446 classification=0.0004, bbox_regression=0.0330, bbox_ctrness=0.6061
epoch 48/50 iter 1500/1860 loss=0.6271 mean_loss=0.6447 classification=0.0033, bbox_regression=0.0406, bbox_ctrness=0.5832
epoch 48/50 iter 1520/1860 loss=0.6374 mean_loss=0.6447 classification=0.0011, bbox_regression=0.0418, bbox_ctrness=0.5944
epoch 48/50 iter 1540/1860 loss=0.6290 mean_loss=0.6447 classification=0.0012, bbox_regression=0.0447, bbox_ctrness=0.5831
epoch 48/50 iter 1560/1860 loss=0.6370 mean_loss=0.6448 classification=0.0064, bbox_regression=0.0367, bbox_ctrness=0.5940
epoch 48/50 iter 1580/1860 loss=0.6326 mean_loss=0.6448 classification=0.0017, bbox_regression=0.0437, bbox_ctrness=0.5873
epoch 48/50 iter 1600/1860 loss=0.6885 mean_loss=0.6448 classification=0.0290, bbox_regression=0.0719, bbox_ctrness=0.5877
epoch 48/50 iter 1620/1860 loss=0.6209 mean_loss=0.6449 classification=0.0032, bbox_regression=0.0313, bbox_ctrness=0.5865
epoch 48/50 iter 1640/1860 loss=0.6392 mean_loss=0.6450 classification=0.0089, bbox_regression=0.0400, bbox_ctrness=0.5903
epoch 48/50 iter 1660/1860 loss=0.6297 mean_loss=0.6450 classification=0.0030, bbox_regression=0.0459, bbox_ctrness=0.5808
epoch 48/50 iter 1680/1860 loss=0.6457 mean_loss=0.6451 classification=0.0025, bbox_regression=0.0518, bbox_ctrness=0.5914
epoch 48/50 iter 1700/1860 loss=0.6296 mean_loss=0.6452 classification=0.0050, bbox_regression=0.0428, bbox_ctrness=0.5818
epoch 48/50 iter 1720/1860 loss=0.6513 mean_loss=0.6452 classification=0.0018, bbox_regression=0.0444, bbox_ctrness=0.6051
epoch 48/50 iter 1740/1860 loss=0.6538 mean_loss=0.6453 classification=0.0020, bbox_regression=0.0426, bbox_ctrness=0.6093
epoch 48/50 iter 1760/1860 loss=0.6205 mean_loss=0.6453 classification=0.0039, bbox_regression=0.0362, bbox_ctrness=0.5804
epoch 48/50 iter 1780/1860 loss=0.6989 mean_loss=0.6453 classification=0.0628, bbox_regression=0.0430, bbox_ctrness=0.5930
epoch 48/50 iter 1800/1860 loss=0.6559 mean_loss=0.6453 classification=0.0134, bbox_regression=0.0460, bbox_ctrness=0.5964
epoch 48/50 iter 1820/1860 loss=0.6452 mean_loss=0.6454 classification=0.0010, bbox_regression=0.0344, bbox_ctrness=0.6099
epoch 48/50 iter 1840/1860 loss=0.6589 mean_loss=0.6454 classification=0.0014, bbox_regression=0.0437, bbox_ctrness=0.6138
epoch 48/50 iter 1860/1860 loss=0.6396 mean_loss=0.6453 classification=0.0048, bbox_regression=0.0415, bbox_ctrness=0.5933
epoch 48 validation Precision=0.7692 Recall=0.9086 AP50=0.8875 AP75=0.8172 eval_fps=21.07 epoch_time_sec=928.9
saved checkpoint: E:\RepViT-main\runs\v48_complete_ablation\training\ra_static_equal_seed0\weights\last.pt
epoch 49/50 iter 1/1860 loss=0.6449 mean_loss=0.6449 classification=0.0012, bbox_regression=0.0346, bbox_ctrness=0.6091
epoch 49/50 iter 20/1860 loss=0.6440 mean_loss=0.6434 classification=0.0044, bbox_regression=0.0511, bbox_ctrness=0.5885
epoch 49/50 iter 40/1860 loss=0.6230 mean_loss=0.6427 classification=0.0013, bbox_regression=0.0341, bbox_ctrness=0.5875
epoch 49/50 iter 60/1860 loss=0.6425 mean_loss=0.6414 classification=0.0007, bbox_regression=0.0389, bbox_ctrness=0.6029
epoch 49/50 iter 80/1860 loss=0.6430 mean_loss=0.6408 classification=0.0003, bbox_regression=0.0449, bbox_ctrness=0.5979
epoch 49/50 iter 100/1860 loss=0.6508 mean_loss=0.6397 classification=0.0010, bbox_regression=0.0521, bbox_ctrness=0.5978
epoch 49/50 iter 120/1860 loss=0.6466 mean_loss=0.6406 classification=0.0052, bbox_regression=0.0503, bbox_ctrness=0.5912
epoch 49/50 iter 140/1860 loss=0.6485 mean_loss=0.6408 classification=0.0020, bbox_regression=0.0380, bbox_ctrness=0.6084
epoch 49/50 iter 160/1860 loss=0.6790 mean_loss=0.6415 classification=0.0325, bbox_regression=0.0528, bbox_ctrness=0.5936
epoch 49/50 iter 180/1860 loss=0.6296 mean_loss=0.6411 classification=0.0024, bbox_regression=0.0380, bbox_ctrness=0.5893
epoch 49/50 iter 200/1860 loss=0.6350 mean_loss=0.6411 classification=0.0003, bbox_regression=0.0345, bbox_ctrness=0.6003
epoch 49/50 iter 220/1860 loss=0.6530 mean_loss=0.6407 classification=0.0000, bbox_regression=0.0323, bbox_ctrness=0.6207
epoch 49/50 iter 240/1860 loss=0.6174 mean_loss=0.6406 classification=0.0001, bbox_regression=0.0276, bbox_ctrness=0.5897
epoch 49/50 iter 260/1860 loss=0.6598 mean_loss=0.6404 classification=0.0077, bbox_regression=0.0435, bbox_ctrness=0.6086
epoch 49/50 iter 280/1860 loss=0.6363 mean_loss=0.6406 classification=0.0031, bbox_regression=0.0371, bbox_ctrness=0.5961
epoch 49/50 iter 300/1860 loss=0.6348 mean_loss=0.6407 classification=0.0019, bbox_regression=0.0419, bbox_ctrness=0.5910
epoch 49/50 iter 320/1860 loss=0.6196 mean_loss=0.6405 classification=0.0061, bbox_regression=0.0336, bbox_ctrness=0.5798
epoch 49/50 iter 340/1860 loss=0.6465 mean_loss=0.6408 classification=0.0003, bbox_regression=0.0341, bbox_ctrness=0.6121
epoch 49/50 iter 360/1860 loss=0.6367 mean_loss=0.6408 classification=0.0018, bbox_regression=0.0308, bbox_ctrness=0.6041
epoch 49/50 iter 380/1860 loss=0.6497 mean_loss=0.6410 classification=0.0060, bbox_regression=0.0363, bbox_ctrness=0.6074
epoch 49/50 iter 400/1860 loss=0.6424 mean_loss=0.6413 classification=0.0129, bbox_regression=0.0407, bbox_ctrness=0.5888
epoch 49/50 iter 420/1860 loss=0.6639 mean_loss=0.6415 classification=0.0048, bbox_regression=0.0493, bbox_ctrness=0.6098
epoch 49/50 iter 440/1860 loss=0.6185 mean_loss=0.6416 classification=0.0007, bbox_regression=0.0383, bbox_ctrness=0.5795
epoch 49/50 iter 460/1860 loss=0.5943 mean_loss=0.6414 classification=0.0005, bbox_regression=0.0327, bbox_ctrness=0.5610
epoch 49/50 iter 480/1860 loss=0.6353 mean_loss=0.6413 classification=0.0021, bbox_regression=0.0492, bbox_ctrness=0.5839
epoch 49/50 iter 500/1860 loss=0.6585 mean_loss=0.6411 classification=0.0000, bbox_regression=0.0347, bbox_ctrness=0.6238
epoch 49/50 iter 520/1860 loss=0.6456 mean_loss=0.6411 classification=0.0000, bbox_regression=0.0352, bbox_ctrness=0.6103
epoch 49/50 iter 540/1860 loss=0.6490 mean_loss=0.6411 classification=0.0012, bbox_regression=0.0481, bbox_ctrness=0.5997
epoch 49/50 iter 560/1860 loss=0.6365 mean_loss=0.6412 classification=0.0009, bbox_regression=0.0430, bbox_ctrness=0.5926
epoch 49/50 iter 580/1860 loss=0.6446 mean_loss=0.6414 classification=0.0093, bbox_regression=0.0354, bbox_ctrness=0.5999
epoch 49/50 iter 600/1860 loss=0.6394 mean_loss=0.6416 classification=0.0091, bbox_regression=0.0374, bbox_ctrness=0.5929
epoch 49/50 iter 620/1860 loss=0.6465 mean_loss=0.6418 classification=0.0037, bbox_regression=0.0364, bbox_ctrness=0.6064
epoch 49/50 iter 640/1860 loss=0.6571 mean_loss=0.6420 classification=0.0017, bbox_regression=0.0569, bbox_ctrness=0.5985
epoch 49/50 iter 660/1860 loss=0.6544 mean_loss=0.6421 classification=0.0041, bbox_regression=0.0486, bbox_ctrness=0.6017
epoch 49/50 iter 680/1860 loss=0.6424 mean_loss=0.6421 classification=0.0005, bbox_regression=0.0473, bbox_ctrness=0.5945
epoch 49/50 iter 700/1860 loss=0.6237 mean_loss=0.6422 classification=0.0044, bbox_regression=0.0314, bbox_ctrness=0.5878
epoch 49/50 iter 720/1860 loss=0.6444 mean_loss=0.6424 classification=0.0017, bbox_regression=0.0409, bbox_ctrness=0.6018
epoch 49/50 iter 740/1860 loss=0.6302 mean_loss=0.6423 classification=0.0017, bbox_regression=0.0346, bbox_ctrness=0.5939
epoch 49/50 iter 760/1860 loss=0.6414 mean_loss=0.6423 classification=0.0011, bbox_regression=0.0394, bbox_ctrness=0.6009
epoch 49/50 iter 780/1860 loss=0.6382 mean_loss=0.6422 classification=0.0020, bbox_regression=0.0307, bbox_ctrness=0.6054
epoch 49/50 iter 800/1860 loss=0.6322 mean_loss=0.6422 classification=0.0025, bbox_regression=0.0403, bbox_ctrness=0.5894
epoch 49/50 iter 820/1860 loss=0.6267 mean_loss=0.6423 classification=0.0014, bbox_regression=0.0414, bbox_ctrness=0.5839
epoch 49/50 iter 840/1860 loss=0.6348 mean_loss=0.6423 classification=0.0011, bbox_regression=0.0337, bbox_ctrness=0.6000
epoch 49/50 iter 860/1860 loss=0.6471 mean_loss=0.6425 classification=0.0034, bbox_regression=0.0380, bbox_ctrness=0.6057
epoch 49/50 iter 880/1860 loss=0.6487 mean_loss=0.6426 classification=0.0049, bbox_regression=0.0318, bbox_ctrness=0.6120
epoch 49/50 iter 900/1860 loss=0.6110 mean_loss=0.6428 classification=0.0011, bbox_regression=0.0399, bbox_ctrness=0.5700
epoch 49/50 iter 920/1860 loss=0.6451 mean_loss=0.6430 classification=0.0090, bbox_regression=0.0378, bbox_ctrness=0.5983
epoch 49/50 iter 940/1860 loss=0.6589 mean_loss=0.6431 classification=0.0043, bbox_regression=0.0653, bbox_ctrness=0.5892
epoch 49/50 iter 960/1860 loss=0.6544 mean_loss=0.6431 classification=0.0022, bbox_regression=0.0596, bbox_ctrness=0.5926
epoch 49/50 iter 980/1860 loss=0.6422 mean_loss=0.6432 classification=0.0042, bbox_regression=0.0400, bbox_ctrness=0.5981
epoch 49/50 iter 1000/1860 loss=0.6289 mean_loss=0.6432 classification=0.0010, bbox_regression=0.0296, bbox_ctrness=0.5983
epoch 49/50 iter 1020/1860 loss=0.6418 mean_loss=0.6432 classification=0.0049, bbox_regression=0.0403, bbox_ctrness=0.5965
epoch 49/50 iter 1040/1860 loss=0.6398 mean_loss=0.6432 classification=0.0004, bbox_regression=0.0483, bbox_ctrness=0.5910
epoch 49/50 iter 1060/1860 loss=0.6623 mean_loss=0.6433 classification=0.0058, bbox_regression=0.0494, bbox_ctrness=0.6071
epoch 49/50 iter 1080/1860 loss=0.6399 mean_loss=0.6434 classification=0.0009, bbox_regression=0.0301, bbox_ctrness=0.6090
epoch 49/50 iter 1100/1860 loss=0.6420 mean_loss=0.6433 classification=0.0021, bbox_regression=0.0406, bbox_ctrness=0.5993
epoch 49/50 iter 1120/1860 loss=0.6375 mean_loss=0.6432 classification=0.0018, bbox_regression=0.0404, bbox_ctrness=0.5953
epoch 49/50 iter 1140/1860 loss=0.6331 mean_loss=0.6432 classification=0.0042, bbox_regression=0.0382, bbox_ctrness=0.5908
epoch 49/50 iter 1160/1860 loss=0.6330 mean_loss=0.6431 classification=0.0029, bbox_regression=0.0433, bbox_ctrness=0.5867
epoch 49/50 iter 1180/1860 loss=0.6559 mean_loss=0.6430 classification=0.0001, bbox_regression=0.0455, bbox_ctrness=0.6103
epoch 49/50 iter 1200/1860 loss=0.6551 mean_loss=0.6430 classification=0.0023, bbox_regression=0.0390, bbox_ctrness=0.6138
epoch 49/50 iter 1220/1860 loss=0.6505 mean_loss=0.6429 classification=0.0066, bbox_regression=0.0573, bbox_ctrness=0.5866
epoch 49/50 iter 1240/1860 loss=0.6471 mean_loss=0.6429 classification=0.0019, bbox_regression=0.0387, bbox_ctrness=0.6064
epoch 49/50 iter 1260/1860 loss=0.6369 mean_loss=0.6428 classification=0.0005, bbox_regression=0.0421, bbox_ctrness=0.5944
epoch 49/50 iter 1280/1860 loss=0.6316 mean_loss=0.6427 classification=0.0001, bbox_regression=0.0324, bbox_ctrness=0.5991
epoch 49/50 iter 1300/1860 loss=0.6244 mean_loss=0.6426 classification=0.0005, bbox_regression=0.0372, bbox_ctrness=0.5866
epoch 49/50 iter 1320/1860 loss=0.6265 mean_loss=0.6427 classification=0.0006, bbox_regression=0.0360, bbox_ctrness=0.5898
epoch 49/50 iter 1340/1860 loss=0.6429 mean_loss=0.6426 classification=0.0006, bbox_regression=0.0365, bbox_ctrness=0.6058
epoch 49/50 iter 1360/1860 loss=0.6318 mean_loss=0.6425 classification=0.0026, bbox_regression=0.0384, bbox_ctrness=0.5908
epoch 49/50 iter 1380/1860 loss=0.6357 mean_loss=0.6425 classification=0.0008, bbox_regression=0.0397, bbox_ctrness=0.5951
epoch 49/50 iter 1400/1860 loss=0.6273 mean_loss=0.6424 classification=0.0004, bbox_regression=0.0304, bbox_ctrness=0.5965
epoch 49/50 iter 1420/1860 loss=0.6301 mean_loss=0.6426 classification=0.0009, bbox_regression=0.0359, bbox_ctrness=0.5934
epoch 49/50 iter 1440/1860 loss=0.6453 mean_loss=0.6426 classification=0.0018, bbox_regression=0.0490, bbox_ctrness=0.5945
epoch 49/50 iter 1460/1860 loss=0.6568 mean_loss=0.6427 classification=0.0047, bbox_regression=0.0431, bbox_ctrness=0.6090
epoch 49/50 iter 1480/1860 loss=0.6196 mean_loss=0.6428 classification=0.0012, bbox_regression=0.0330, bbox_ctrness=0.5854
epoch 49/50 iter 1500/1860 loss=0.6476 mean_loss=0.6428 classification=0.0004, bbox_regression=0.0362, bbox_ctrness=0.6110
epoch 49/50 iter 1520/1860 loss=0.6410 mean_loss=0.6429 classification=0.0006, bbox_regression=0.0368, bbox_ctrness=0.6036
epoch 49/50 iter 1540/1860 loss=0.6490 mean_loss=0.6429 classification=0.0042, bbox_regression=0.0501, bbox_ctrness=0.5947
epoch 49/50 iter 1560/1860 loss=0.6350 mean_loss=0.6429 classification=0.0010, bbox_regression=0.0416, bbox_ctrness=0.5924
epoch 49/50 iter 1580/1860 loss=0.6482 mean_loss=0.6430 classification=0.0003, bbox_regression=0.0377, bbox_ctrness=0.6101
epoch 49/50 iter 1600/1860 loss=0.6547 mean_loss=0.6429 classification=0.0018, bbox_regression=0.0377, bbox_ctrness=0.6153
epoch 49/50 iter 1620/1860 loss=0.6176 mean_loss=0.6428 classification=0.0008, bbox_regression=0.0358, bbox_ctrness=0.5810
epoch 49/50 iter 1640/1860 loss=0.6343 mean_loss=0.6428 classification=0.0012, bbox_regression=0.0562, bbox_ctrness=0.5769
epoch 49/50 iter 1660/1860 loss=0.6316 mean_loss=0.6428 classification=0.0000, bbox_regression=0.0344, bbox_ctrness=0.5972
epoch 49/50 iter 1680/1860 loss=0.6341 mean_loss=0.6428 classification=0.0028, bbox_regression=0.0420, bbox_ctrness=0.5893
epoch 49/50 iter 1700/1860 loss=0.6614 mean_loss=0.6428 classification=0.0017, bbox_regression=0.0469, bbox_ctrness=0.6129
epoch 49/50 iter 1720/1860 loss=0.6153 mean_loss=0.6427 classification=0.0004, bbox_regression=0.0302, bbox_ctrness=0.5847
epoch 49/50 iter 1740/1860 loss=0.6377 mean_loss=0.6427 classification=0.0004, bbox_regression=0.0414, bbox_ctrness=0.5959
epoch 49/50 iter 1760/1860 loss=0.6397 mean_loss=0.6427 classification=0.0059, bbox_regression=0.0473, bbox_ctrness=0.5865
epoch 49/50 iter 1780/1860 loss=0.6351 mean_loss=0.6426 classification=0.0001, bbox_regression=0.0309, bbox_ctrness=0.6041
epoch 49/50 iter 1800/1860 loss=0.6295 mean_loss=0.6426 classification=0.0001, bbox_regression=0.0338, bbox_ctrness=0.5957
epoch 49/50 iter 1820/1860 loss=0.6309 mean_loss=0.6426 classification=0.0004, bbox_regression=0.0336, bbox_ctrness=0.5969
epoch 49/50 iter 1840/1860 loss=0.6440 mean_loss=0.6426 classification=0.0019, bbox_regression=0.0478, bbox_ctrness=0.5943
epoch 49/50 iter 1860/1860 loss=0.6750 mean_loss=0.6426 classification=0.0022, bbox_regression=0.0705, bbox_ctrness=0.6024
epoch 49 validation Precision=0.7933 Recall=0.9049 AP50=0.8830 AP75=0.8154 eval_fps=21.16 epoch_time_sec=916.8
saved checkpoint: E:\RepViT-main\runs\v48_complete_ablation\training\ra_static_equal_seed0\weights\last.pt
epoch 50/50 iter 1/1860 loss=0.6421 mean_loss=0.6421 classification=0.0078, bbox_regression=0.0397, bbox_ctrness=0.5946
epoch 50/50 iter 20/1860 loss=0.6368 mean_loss=0.6435 classification=0.0138, bbox_regression=0.0356, bbox_ctrness=0.5873
epoch 50/50 iter 40/1860 loss=0.6451 mean_loss=0.6460 classification=0.0018, bbox_regression=0.0498, bbox_ctrness=0.5935
epoch 50/50 iter 60/1860 loss=0.6420 mean_loss=0.6482 classification=0.0004, bbox_regression=0.0316, bbox_ctrness=0.6100
epoch 50/50 iter 80/1860 loss=0.6416 mean_loss=0.6467 classification=0.0022, bbox_regression=0.0458, bbox_ctrness=0.5936
epoch 50/50 iter 100/1860 loss=0.6496 mean_loss=0.6475 classification=0.0025, bbox_regression=0.0563, bbox_ctrness=0.5907
epoch 50/50 iter 120/1860 loss=0.6419 mean_loss=0.6467 classification=0.0054, bbox_regression=0.0362, bbox_ctrness=0.6004
epoch 50/50 iter 140/1860 loss=0.6332 mean_loss=0.6460 classification=0.0004, bbox_regression=0.0307, bbox_ctrness=0.6021
epoch 50/50 iter 160/1860 loss=0.6165 mean_loss=0.6453 classification=0.0016, bbox_regression=0.0408, bbox_ctrness=0.5741
epoch 50/50 iter 180/1860 loss=0.6793 mean_loss=0.6444 classification=0.0009, bbox_regression=0.0759, bbox_ctrness=0.6025
epoch 50/50 iter 200/1860 loss=0.6390 mean_loss=0.6440 classification=0.0003, bbox_regression=0.0392, bbox_ctrness=0.5995
epoch 50/50 iter 220/1860 loss=0.6443 mean_loss=0.6435 classification=0.0028, bbox_regression=0.0467, bbox_ctrness=0.5947
epoch 50/50 iter 240/1860 loss=0.7114 mean_loss=0.6433 classification=0.0611, bbox_regression=0.0462, bbox_ctrness=0.6040
epoch 50/50 iter 260/1860 loss=0.6178 mean_loss=0.6431 classification=0.0010, bbox_regression=0.0316, bbox_ctrness=0.5853
epoch 50/50 iter 280/1860 loss=0.6234 mean_loss=0.6429 classification=0.0021, bbox_regression=0.0346, bbox_ctrness=0.5867
epoch 50/50 iter 300/1860 loss=0.6615 mean_loss=0.6433 classification=0.0154, bbox_regression=0.0480, bbox_ctrness=0.5981
epoch 50/50 iter 320/1860 loss=0.6420 mean_loss=0.6432 classification=0.0129, bbox_regression=0.0382, bbox_ctrness=0.5909
epoch 50/50 iter 340/1860 loss=0.6194 mean_loss=0.6430 classification=0.0077, bbox_regression=0.0324, bbox_ctrness=0.5792
epoch 50/50 iter 360/1860 loss=0.6588 mean_loss=0.6429 classification=0.0020, bbox_regression=0.0528, bbox_ctrness=0.6040
epoch 50/50 iter 380/1860 loss=0.6545 mean_loss=0.6428 classification=0.0008, bbox_regression=0.0481, bbox_ctrness=0.6056
epoch 50/50 iter 400/1860 loss=0.6246 mean_loss=0.6429 classification=0.0015, bbox_regression=0.0333, bbox_ctrness=0.5898
epoch 50/50 iter 420/1860 loss=0.6611 mean_loss=0.6431 classification=0.0257, bbox_regression=0.0480, bbox_ctrness=0.5874
epoch 50/50 iter 440/1860 loss=0.6526 mean_loss=0.6429 classification=0.0061, bbox_regression=0.0382, bbox_ctrness=0.6083
epoch 50/50 iter 460/1860 loss=0.6533 mean_loss=0.6428 classification=0.0006, bbox_regression=0.0401, bbox_ctrness=0.6126
epoch 50/50 iter 480/1860 loss=0.6205 mean_loss=0.6426 classification=0.0014, bbox_regression=0.0371, bbox_ctrness=0.5819
epoch 50/50 iter 500/1860 loss=0.6486 mean_loss=0.6424 classification=0.0063, bbox_regression=0.0444, bbox_ctrness=0.5979
epoch 50/50 iter 520/1860 loss=0.6186 mean_loss=0.6424 classification=0.0046, bbox_regression=0.0321, bbox_ctrness=0.5819
epoch 50/50 iter 540/1860 loss=0.6291 mean_loss=0.6424 classification=0.0062, bbox_regression=0.0438, bbox_ctrness=0.5791
epoch 50/50 iter 560/1860 loss=0.6446 mean_loss=0.6426 classification=0.0005, bbox_regression=0.0392, bbox_ctrness=0.6049
epoch 50/50 iter 580/1860 loss=0.6330 mean_loss=0.6426 classification=0.0026, bbox_regression=0.0410, bbox_ctrness=0.5895
epoch 50/50 iter 600/1860 loss=0.6482 mean_loss=0.6425 classification=0.0013, bbox_regression=0.0502, bbox_ctrness=0.5967
epoch 50/50 iter 620/1860 loss=0.6321 mean_loss=0.6424 classification=0.0009, bbox_regression=0.0317, bbox_ctrness=0.5995
epoch 50/50 iter 640/1860 loss=0.6399 mean_loss=0.6422 classification=0.0000, bbox_regression=0.0396, bbox_ctrness=0.6002
epoch 50/50 iter 660/1860 loss=0.6588 mean_loss=0.6423 classification=0.0010, bbox_regression=0.0519, bbox_ctrness=0.6060
epoch 50/50 iter 680/1860 loss=0.6397 mean_loss=0.6423 classification=0.0009, bbox_regression=0.0417, bbox_ctrness=0.5971
epoch 50/50 iter 700/1860 loss=0.6371 mean_loss=0.6423 classification=0.0002, bbox_regression=0.0396, bbox_ctrness=0.5973
epoch 50/50 iter 720/1860 loss=0.6317 mean_loss=0.6422 classification=0.0007, bbox_regression=0.0318, bbox_ctrness=0.5992
epoch 50/50 iter 740/1860 loss=0.6459 mean_loss=0.6421 classification=0.0001, bbox_regression=0.0381, bbox_ctrness=0.6077
epoch 50/50 iter 760/1860 loss=0.6559 mean_loss=0.6421 classification=0.0009, bbox_regression=0.0353, bbox_ctrness=0.6198
epoch 50/50 iter 780/1860 loss=0.6408 mean_loss=0.6420 classification=0.0003, bbox_regression=0.0365, bbox_ctrness=0.6040
epoch 50/50 iter 800/1860 loss=0.6456 mean_loss=0.6419 classification=0.0003, bbox_regression=0.0420, bbox_ctrness=0.6033
epoch 50/50 iter 820/1860 loss=0.6509 mean_loss=0.6420 classification=0.0007, bbox_regression=0.0432, bbox_ctrness=0.6070
epoch 50/50 iter 840/1860 loss=0.6286 mean_loss=0.6420 classification=0.0007, bbox_regression=0.0343, bbox_ctrness=0.5936
epoch 50/50 iter 860/1860 loss=0.6376 mean_loss=0.6419 classification=0.0001, bbox_regression=0.0300, bbox_ctrness=0.6075
epoch 50/50 iter 880/1860 loss=0.6529 mean_loss=0.6419 classification=0.0014, bbox_regression=0.0465, bbox_ctrness=0.6050
epoch 50/50 iter 900/1860 loss=0.6339 mean_loss=0.6418 classification=0.0029, bbox_regression=0.0421, bbox_ctrness=0.5889
epoch 50/50 iter 920/1860 loss=0.6470 mean_loss=0.6419 classification=0.0050, bbox_regression=0.0476, bbox_ctrness=0.5943
epoch 50/50 iter 940/1860 loss=0.6249 mean_loss=0.6419 classification=0.0004, bbox_regression=0.0383, bbox_ctrness=0.5861
epoch 50/50 iter 960/1860 loss=0.6404 mean_loss=0.6419 classification=0.0016, bbox_regression=0.0369, bbox_ctrness=0.6019
epoch 50/50 iter 980/1860 loss=0.6394 mean_loss=0.6419 classification=0.0016, bbox_regression=0.0396, bbox_ctrness=0.5982
epoch 50/50 iter 1000/1860 loss=0.6458 mean_loss=0.6419 classification=0.0052, bbox_regression=0.0396, bbox_ctrness=0.6009
epoch 50/50 iter 1020/1860 loss=0.6349 mean_loss=0.6418 classification=0.0052, bbox_regression=0.0356, bbox_ctrness=0.5942
epoch 50/50 iter 1040/1860 loss=0.6526 mean_loss=0.6419 classification=0.0039, bbox_regression=0.0379, bbox_ctrness=0.6108
epoch 50/50 iter 1060/1860 loss=0.6608 mean_loss=0.6419 classification=0.0007, bbox_regression=0.0420, bbox_ctrness=0.6182
epoch 50/50 iter 1080/1860 loss=0.6290 mean_loss=0.6421 classification=0.0029, bbox_regression=0.0365, bbox_ctrness=0.5897
epoch 50/50 iter 1100/1860 loss=0.6455 mean_loss=0.6426 classification=0.0118, bbox_regression=0.0353, bbox_ctrness=0.5984
epoch 50/50 iter 1120/1860 loss=0.6267 mean_loss=0.6427 classification=0.0047, bbox_regression=0.0376, bbox_ctrness=0.5845
epoch 50/50 iter 1140/1860 loss=0.6480 mean_loss=0.6427 classification=0.0065, bbox_regression=0.0372, bbox_ctrness=0.6044
epoch 50/50 iter 1160/1860 loss=0.6563 mean_loss=0.6427 classification=0.0097, bbox_regression=0.0492, bbox_ctrness=0.5974
epoch 50/50 iter 1180/1860 loss=0.6686 mean_loss=0.6429 classification=0.0246, bbox_regression=0.0490, bbox_ctrness=0.5950
epoch 50/50 iter 1200/1860 loss=0.6193 mean_loss=0.6429 classification=0.0030, bbox_regression=0.0351, bbox_ctrness=0.5812
epoch 50/50 iter 1220/1860 loss=0.6818 mean_loss=0.6429 classification=0.0453, bbox_regression=0.0368, bbox_ctrness=0.5997
epoch 50/50 iter 1240/1860 loss=0.6568 mean_loss=0.6431 classification=0.0012, bbox_regression=0.0445, bbox_ctrness=0.6111
epoch 50/50 iter 1260/1860 loss=0.6502 mean_loss=0.6431 classification=0.0090, bbox_regression=0.0308, bbox_ctrness=0.6103
epoch 50/50 iter 1280/1860 loss=0.6285 mean_loss=0.6430 classification=0.0004, bbox_regression=0.0349, bbox_ctrness=0.5932
epoch 50/50 iter 1300/1860 loss=0.6433 mean_loss=0.6431 classification=0.0026, bbox_regression=0.0413, bbox_ctrness=0.5994
epoch 50/50 iter 1320/1860 loss=0.7135 mean_loss=0.6431 classification=0.0325, bbox_regression=0.0686, bbox_ctrness=0.6124
epoch 50/50 iter 1340/1860 loss=0.6388 mean_loss=0.6430 classification=0.0006, bbox_regression=0.0330, bbox_ctrness=0.6052
epoch 50/50 iter 1360/1860 loss=0.6443 mean_loss=0.6430 classification=0.0013, bbox_regression=0.0429, bbox_ctrness=0.6001
epoch 50/50 iter 1380/1860 loss=0.6719 mean_loss=0.6429 classification=0.0320, bbox_regression=0.0306, bbox_ctrness=0.6093
epoch 50/50 iter 1400/1860 loss=0.6298 mean_loss=0.6427 classification=0.0006, bbox_regression=0.0335, bbox_ctrness=0.5957
epoch 50/50 iter 1420/1860 loss=0.6487 mean_loss=0.6428 classification=0.0013, bbox_regression=0.0476, bbox_ctrness=0.5998
epoch 50/50 iter 1440/1860 loss=0.6371 mean_loss=0.6427 classification=0.0022, bbox_regression=0.0429, bbox_ctrness=0.5919
epoch 50/50 iter 1460/1860 loss=0.6517 mean_loss=0.6427 classification=0.0007, bbox_regression=0.0427, bbox_ctrness=0.6082
epoch 50/50 iter 1480/1860 loss=0.6348 mean_loss=0.6427 classification=0.0008, bbox_regression=0.0390, bbox_ctrness=0.5950
epoch 50/50 iter 1500/1860 loss=0.6280 mean_loss=0.6428 classification=0.0051, bbox_regression=0.0380, bbox_ctrness=0.5848
epoch 50/50 iter 1520/1860 loss=0.6117 mean_loss=0.6430 classification=0.0014, bbox_regression=0.0295, bbox_ctrness=0.5808
epoch 50/50 iter 1540/1860 loss=0.6441 mean_loss=0.6430 classification=0.0016, bbox_regression=0.0404, bbox_ctrness=0.6021
epoch 50/50 iter 1560/1860 loss=0.6147 mean_loss=0.6430 classification=0.0046, bbox_regression=0.0253, bbox_ctrness=0.5847
epoch 50/50 iter 1580/1860 loss=0.6169 mean_loss=0.6429 classification=0.0016, bbox_regression=0.0367, bbox_ctrness=0.5786
epoch 50/50 iter 1600/1860 loss=0.6360 mean_loss=0.6429 classification=0.0024, bbox_regression=0.0397, bbox_ctrness=0.5940
epoch 50/50 iter 1620/1860 loss=0.6527 mean_loss=0.6430 classification=0.0012, bbox_regression=0.0432, bbox_ctrness=0.6083
epoch 50/50 iter 1640/1860 loss=0.6402 mean_loss=0.6430 classification=0.0005, bbox_regression=0.0444, bbox_ctrness=0.5953
epoch 50/50 iter 1660/1860 loss=0.6295 mean_loss=0.6430 classification=0.0004, bbox_regression=0.0329, bbox_ctrness=0.5963
epoch 50/50 iter 1680/1860 loss=0.6469 mean_loss=0.6430 classification=0.0038, bbox_regression=0.0464, bbox_ctrness=0.5968
epoch 50/50 iter 1700/1860 loss=0.6418 mean_loss=0.6430 classification=0.0047, bbox_regression=0.0460, bbox_ctrness=0.5910
epoch 50/50 iter 1720/1860 loss=0.6415 mean_loss=0.6430 classification=0.0046, bbox_regression=0.0480, bbox_ctrness=0.5889
epoch 50/50 iter 1740/1860 loss=0.6402 mean_loss=0.6429 classification=0.0084, bbox_regression=0.0384, bbox_ctrness=0.5934
epoch 50/50 iter 1760/1860 loss=0.6640 mean_loss=0.6430 classification=0.0013, bbox_regression=0.0451, bbox_ctrness=0.6175
epoch 50/50 iter 1780/1860 loss=0.6597 mean_loss=0.6430 classification=0.0003, bbox_regression=0.0323, bbox_ctrness=0.6271
epoch 50/50 iter 1800/1860 loss=0.6663 mean_loss=0.6430 classification=0.0140, bbox_regression=0.0467, bbox_ctrness=0.6057
epoch 50/50 iter 1820/1860 loss=0.6661 mean_loss=0.6430 classification=0.0051, bbox_regression=0.0541, bbox_ctrness=0.6069
epoch 50/50 iter 1840/1860 loss=0.6142 mean_loss=0.6430 classification=0.0009, bbox_regression=0.0313, bbox_ctrness=0.5820
epoch 50/50 iter 1860/1860 loss=0.6350 mean_loss=0.6430 classification=0.0017, bbox_regression=0.0375, bbox_ctrness=0.5958
epoch 50 validation Precision=0.7881 Recall=0.9161 AP50=0.8954 AP75=0.8238 eval_fps=21.89 epoch_time_sec=912.9
saved checkpoint: E:\RepViT-main\runs\v48_complete_ablation\training\ra_static_equal_seed0\weights\last.pt
Training complete.
END train/ra_static_equal_seed0 return_code=0 elapsed_seconds=43396.201 2026-07-11T11:14:06+08:00
START eval/ra_static_equal_seed0 2026-07-11T11:14:06+08:00
COMMAND C:\Users\xinnan\.conda\envs\pytorch\python.exe E:\RepViT-main\rarepdet\tools\eval_coco_map.py --run-id ra_static_equal_seed0 --protocol ablation_devval --variant ra_static_equal --model ra_static_equal --seed 0 --modality-dropout 0.00 --data D:\download\triair --split-file E:\RepViT-main\reproducibility\v40_expanded_adjacency_component_split_v2\manifests\v40_expanded_adjacency_component_disjoint_val.txt --weights E:\RepViT-main\runs\v48_complete_ablation\training\ra_static_equal_seed0\weights\best.pt --img-size 640 --device cuda --batch-size 4 --num-workers 0 --detector-score-thr 0.001 --metric-score-thr 0.50 --nms-thresh 0.6 --detections-per-img 100 --out-json E:\RepViT-main\runs\v48_complete_ablation\raw\devval\ra_static_equal_seed0.json
=== TriAirDataset Summary ===
data_root: D:\download\triair
image_dir: D:\download\triair\data\images
label_dir: D:\download\triair\data\labels
split_file: E:\RepViT-main\reproducibility\v40_expanded_adjacency_component_split_v2\manifests\v40_expanded_adjacency_component_disjoint_val.txt
mode: rgbte
channels: (0, 1, 2, 3, 4)
total images: 2213
images with label txt: 1971
images without label txt: 242
empty label txt files: 0
total boxes: 5867
class distribution:
  class 0: 5867
inference batch 1/554
inference batch 100/554
inference batch 200/554
inference batch 300/554
inference batch 400/554
inference batch 500/554
inference batch 554/554
{
  "run_id": "ra_static_equal_seed0",
  "protocol": "ablation_devval",
  "ap50_95": 0.6704922216699691,
  "ap50": 0.9257471280176998,
  "ap75": 0.8114438617017127
}
saved: E:\RepViT-main\runs\v48_complete_ablation\raw\devval\ra_static_equal_seed0.json
saved: E:\RepViT-main\runs\v48_complete_ablation\raw\devval\ra_static_equal_seed0.csv
saved: E:\RepViT-main\runs\v48_complete_ablation\raw\devval\ra_static_equal_seed0.txt
END eval/ra_static_equal_seed0 return_code=0 elapsed_seconds=255.320 2026-07-11T11:18:21+08:00
