edge_id,source_type,source_cluster_id,source_pair_id,human_final_label,sample_id_a,sample_id_b,partition_a,partition_b,cross_partition_in_v39,v40_component_id,original_exact_match,original_phash_le4,original_dhash_le4,human_id_distance
orig_000001,original_phash,,,,frame_00002,frame_00003,TRAIN,TRAIN,no,v40c_00003,no,yes,no,
orig_000002,original_phash,,,,frame_00009,frame_00010,TRAIN,TRAIN,no,v40c_00009,no,yes,no,
orig_000003,original_dhash,,,,frame_00010,frame_00011,TRAIN,TRAIN,no,v40c_00009,no,no,yes,
orig_000004,original_phash,,,,frame_00014,frame_00015,TRAIN,TRAIN,no,v40c_00012,no,yes,no,
orig_000005,original_phash,,,,frame_00016,frame_00017,TRAIN,TRAIN,no,v40c_00013,no,yes,no,
orig_000006,original_phash,,,,frame_00016,frame_00018,TRAIN,TRAIN,no,v40c_00013,no,yes,no,
orig_000007,original_phash,,,,frame_00017,frame_00018,TRAIN,TRAIN,no,v40c_00013,no,yes,no,
orig_000008,original_phash,,,,frame_00018,frame_00019,TRAIN,TRAIN,no,v40c_00013,no,yes,no,
orig_000009,original_phash,,,,frame_00018,frame_00020,TRAIN,TRAIN,no,v40c_00013,no,yes,no,
orig_000010,original_phash,,,,frame_00023,frame_00024,TRAIN,TRAIN,no,v40c_00016,no,yes,no,
orig_000011,original_phash,,,,frame_00027,frame_00028,TRAIN,TRAIN,no,v40c_00019,no,yes,no,
orig_000012,original_dhash,,,,frame_00031,frame_00032,TRAIN,TRAIN,no,v40c_00022,no,no,yes,
orig_000013,original_phash,,,,frame_00043,frame_00044,TRAIN,TRAIN,no,v40c_00033,no,yes,no,
orig_000014,original_phash,,,,frame_00051,frame_00052,TRAIN,TRAIN,no,v40c_00040,no,yes,yes,
orig_000015,original_phash,,,,frame_00051,frame_00053,TRAIN,TRAIN,no,v40c_00040,no,yes,no,
orig_000016,original_phash,,,,frame_00056,frame_00057,TRAIN,TRAIN,no,v40c_00043,no,yes,no,
orig_000017,original_phash,,,,frame_00058,frame_00059,TRAIN,TRAIN,no,v40c_00044,no,yes,no,
orig_000018,original_dhash,,,,frame_00066,frame_00067,TRAIN,TRAIN,no,v40c_00051,no,no,yes,
orig_000019,original_phash,,,,frame_00077,frame_00078,TRAIN,TRAIN,no,v40c_00061,no,yes,no,
orig_000020,original_phash,,,,frame_00079,frame_00080,TRAIN,TRAIN,no,v40c_00062,no,yes,no,
orig_000021,original_phash,,,,frame_00080,frame_00081,TRAIN,TRAIN,no,v40c_00062,no,yes,no,
orig_000022,original_phash,,,,frame_00087,frame_00088,TRAIN,TRAIN,no,v40c_00068,no,yes,no,
orig_000023,original_phash,,,,frame_00089,frame_00090,TRAIN,TRAIN,no,v40c_00069,no,yes,no,
orig_000024,original_phash,,,,frame_00091,frame_00092,TRAIN,TRAIN,no,v40c_00070,no,yes,no,
orig_000025,original_dhash,,,,frame_00095,frame_00096,TRAIN,TRAIN,no,v40c_00073,no,no,yes,
orig_000026,original_dhash,,,,frame_00095,frame_00099,TRAIN,TRAIN,no,v40c_00073,no,no,yes,
orig_000027,original_dhash,,,,frame_00095,frame_00100,TRAIN,TRAIN,no,v40c_00073,no,no,yes,
orig_000028,original_dhash,,,,frame_00096,frame_00099,TRAIN,TRAIN,no,v40c_00073,no,no,yes,
orig_000029,original_dhash,,,,frame_00096,frame_00100,TRAIN,TRAIN,no,v40c_00073,no,no,yes,
orig_000030,original_phash,,,,frame_00097,frame_00098,TRAIN,TRAIN,no,v40c_00073,no,yes,yes,
orig_000031,original_phash,,,,frame_00097,frame_00099,TRAIN,TRAIN,no,v40c_00073,no,yes,yes,
orig_000032,original_phash,,,,frame_00097,frame_00100,TRAIN,TRAIN,no,v40c_00073,no,yes,no,
orig_000033,original_phash,,,,frame_00098,frame_00099,TRAIN,TRAIN,no,v40c_00073,no,yes,yes,
orig_000034,original_phash,,,,frame_00098,frame_00100,TRAIN,TRAIN,no,v40c_00073,no,yes,no,
orig_000035,original_phash,,,,frame_00099,frame_00100,TRAIN,TRAIN,no,v40c_00073,no,yes,yes,
orig_000036,original_phash,,,,frame_00103,frame_00104,TRAIN,TRAIN,no,v40c_00076,no,yes,no,
orig_000037,original_phash,,,,frame_00103,frame_00105,TRAIN,TRAIN,no,v40c_00076,no,yes,no,
orig_000038,original_phash,,,,frame_00104,frame_00105,TRAIN,TRAIN,no,v40c_00076,no,yes,no,
orig_000039,original_phash,,,,frame_00105,frame_00106,TRAIN,TRAIN,no,v40c_00076,no,yes,no,
orig_000040,original_phash,,,,frame_00107,frame_00108,TRAIN,TRAIN,no,v40c_00077,no,yes,no,
orig_000041,original_phash,,,,frame_00108,frame_00109,TRAIN,TRAIN,no,v40c_00077,no,yes,no,
orig_000042,original_phash,,,,frame_00114,frame_00116,TRAIN,TRAIN,no,v40c_00082,no,yes,yes,
orig_000043,original_phash,,,,frame_00114,frame_00117,TRAIN,TRAIN,no,v40c_00082,no,yes,no,
orig_000044,original_phash,,,,frame_00114,frame_00118,TRAIN,TRAIN,no,v40c_00082,no,yes,no,
orig_000045,original_phash,,,,frame_00115,frame_00116,TRAIN,TRAIN,no,v40c_00082,no,yes,no,
orig_000046,original_phash,,,,frame_00115,frame_00117,TRAIN,TRAIN,no,v40c_00082,no,yes,no,
orig_000047,original_phash,,,,frame_00115,frame_00118,TRAIN,TRAIN,no,v40c_00082,no,yes,no,
orig_000048,original_phash,,,,frame_00116,frame_00117,TRAIN,TRAIN,no,v40c_00082,no,yes,no,
orig_000049,original_phash,,,,frame_00116,frame_00118,TRAIN,TRAIN,no,v40c_00082,no,yes,no,
orig_000050,original_phash,,,,frame_00116,frame_00119,TRAIN,TRAIN,no,v40c_00082,no,yes,no,
orig_000051,original_phash,,,,frame_00117,frame_00118,TRAIN,TRAIN,no,v40c_00082,no,yes,no,
orig_000052,original_phash,,,,frame_00117,frame_00119,TRAIN,TRAIN,no,v40c_00082,no,yes,no,
orig_000053,original_phash,,,,frame_00117,frame_00120,TRAIN,TRAIN,no,v40c_00082,no,yes,no,
orig_000054,original_phash,,,,frame_00118,frame_00119,TRAIN,TRAIN,no,v40c_00082,no,yes,no,
orig_000055,original_phash,,,,frame_00125,frame_00126,TRAIN,TRAIN,no,v40c_00087,no,yes,no,
orig_000056,original_phash,,,,frame_00127,frame_00128,TRAIN,TRAIN,no,v40c_00088,no,yes,no,
orig_000057,original_phash,,,,frame_00130,frame_00131,TRAIN,TRAIN,no,v40c_00090,no,yes,no,
orig_000058,original_phash,,,,frame_00132,frame_00133,TRAIN,TRAIN,no,v40c_00091,no,yes,no,
orig_000059,original_phash,,,,frame_00140,frame_00141,TRAIN,TRAIN,no,v40c_00098,no,yes,no,
orig_000060,original_phash,,,,frame_00143,frame_00144,TRAIN,TRAIN,no,v40c_00100,no,yes,no,
orig_000061,original_phash,,,,frame_00146,frame_00147,TRAIN,TRAIN,no,v40c_00102,no,yes,no,
orig_000062,original_phash,,,,frame_00147,frame_00148,TRAIN,TRAIN,no,v40c_00102,no,yes,no,
orig_000063,original_phash,,,,frame_00158,frame_00159,TRAIN,TRAIN,no,v40c_00112,no,yes,no,
orig_000064,original_phash,,,,frame_00160,frame_00161,TRAIN,TRAIN,no,v40c_00113,no,yes,no,
orig_000065,original_phash,,,,frame_00160,frame_00163,TRAIN,TRAIN,no,v40c_00113,no,yes,no,
orig_000066,original_phash,,,,frame_00161,frame_00163,TRAIN,TRAIN,no,v40c_00113,no,yes,no,
orig_000067,original_phash,,,,frame_00170,frame_00171,TRAIN,TRAIN,no,v40c_00121,no,yes,no,
orig_000068,original_phash,,,,frame_00172,frame_00174,TRAIN,TRAIN,no,v40c_00122,no,yes,no,
orig_000069,original_phash,,,,frame_00173,frame_00175,TRAIN,TRAIN,no,v40c_00123,no,yes,no,
orig_000070,original_phash,,,,frame_00196,frame_00197,VALIDATION,VALIDATION,no,v40c_00128,no,yes,no,
orig_000071,original_phash,,,,frame_00209,frame_00210,VALIDATION,VALIDATION,no,v40c_00140,no,yes,no,
orig_000072,original_phash,,,,frame_00215,frame_00217,VALIDATION,VALIDATION,no,v40c_00145,no,yes,no,
orig_000073,original_phash,,,,frame_00228,frame_00229,VALIDATION,VALIDATION,no,v40c_00157,no,yes,no,
orig_000074,original_phash,,,,frame_00229,frame_00230,VALIDATION,VALIDATION,no,v40c_00157,no,yes,no,
orig_000075,original_phash,,,,frame_00230,frame_00232,VALIDATION,VALIDATION,no,v40c_00157,no,yes,no,
orig_000076,original_phash,,,,frame_00231,frame_00232,VALIDATION,VALIDATION,no,v40c_00157,no,yes,no,
orig_000077,original_dhash,,,,frame_00239,frame_00242,VALIDATION,VALIDATION,no,v40c_00164,no,no,yes,
orig_000078,original_phash,,,,frame_00240,frame_00242,VALIDATION,VALIDATION,no,v40c_00164,no,yes,no,
orig_000079,original_phash,,,,frame_00241,frame_00242,VALIDATION,VALIDATION,no,v40c_00164,no,yes,no,
orig_000080,original_phash,,,,frame_00241,frame_00244,VALIDATION,VALIDATION,no,v40c_00164,no,yes,no,
orig_000081,original_phash,,,,frame_00253,frame_00254,VALIDATION,VALIDATION,no,v40c_00174,no,yes,no,
orig_000082,original_phash,,,,frame_00296,frame_00297,TRAIN,TRAIN,no,v40c_00200,no,yes,no,
orig_000083,original_phash,,,,frame_00302,frame_00303,TRAIN,TRAIN,no,v40c_00205,no,yes,no,
orig_000084,original_phash,,,,frame_00304,frame_00305,TRAIN,TRAIN,no,v40c_00206,no,yes,no,
orig_000085,original_phash,,,,frame_00308,frame_00309,TRAIN,TRAIN,no,v40c_00209,no,yes,no,
orig_000086,original_phash,,,,frame_00310,frame_00311,TRAIN,TRAIN,no,v40c_00210,no,yes,no,
orig_000087,original_phash,,,,frame_00310,frame_00312,TRAIN,TRAIN,no,v40c_00210,no,yes,no,
orig_000088,original_phash,,,,frame_00311,frame_00312,TRAIN,TRAIN,no,v40c_00210,no,yes,no,
orig_000089,original_phash,,,,frame_00332,frame_00333,TRAIN,TRAIN,no,v40c_00230,no,yes,no,
orig_000090,original_phash,,,,frame_00335,frame_00336,TRAIN,TRAIN,no,v40c_00232,no,yes,no,
orig_000091,original_dhash,,,,frame_00347,frame_00381,TRAIN,TRAIN,no,v40c_00243,no,no,yes,
orig_000092,original_dhash,,,,frame_00347,frame_00386,TRAIN,TRAIN,no,v40c_00243,no,no,yes,
orig_000093,original_dhash,,,,frame_00347,frame_00394,TRAIN,TRAIN,no,v40c_00243,no,no,yes,
orig_000094,original_dhash,,,,frame_00347,frame_00395,TRAIN,TRAIN,no,v40c_00243,no,no,yes,
orig_000095,original_dhash,,,,frame_00348,frame_00371,TRAIN,TRAIN,no,v40c_00243,no,no,yes,
orig_000096,original_dhash,,,,frame_00348,frame_00379,TRAIN,TRAIN,no,v40c_00243,no,no,yes,
orig_000097,original_dhash,,,,frame_00348,frame_00388,TRAIN,TRAIN,no,v40c_00243,no,no,yes,
orig_000098,original_dhash,,,,frame_00353,frame_00356,TRAIN,TRAIN,no,v40c_00248,no,no,yes,
orig_000099,original_phash,,,,frame_00358,frame_00360,TRAIN,TRAIN,no,v40c_00252,no,yes,yes,
orig_000100,original_dhash,,,,frame_00358,frame_00361,TRAIN,TRAIN,no,v40c_00252,no,no,yes,
orig_000101,original_dhash,,,,frame_00358,frame_00384,TRAIN,TRAIN,no,v40c_00252,no,no,yes,
orig_000102,original_dhash,,,,frame_00360,frame_00384,TRAIN,TRAIN,no,v40c_00252,no,no,yes,
orig_000103,original_dhash,,,,frame_00361,frame_00384,TRAIN,TRAIN,no,v40c_00252,no,no,yes,
orig_000104,original_dhash,,,,frame_00363,frame_00364,TRAIN,TRAIN,no,v40c_00243,no,no,yes,
orig_000105,original_dhash,,,,frame_00363,frame_00372,TRAIN,TRAIN,no,v40c_00243,no,no,yes,
orig_000106,original_dhash,,,,frame_00364,frame_00365,TRAIN,TRAIN,no,v40c_00243,no,no,yes,
orig_000107,original_dhash,,,,frame_00364,frame_00368,TRAIN,TRAIN,no,v40c_00243,no,no,yes,
orig_000108,original_dhash,,,,frame_00365,frame_00366,TRAIN,TRAIN,no,v40c_00243,no,no,yes,
orig_000109,original_dhash,,,,frame_00365,frame_00367,TRAIN,TRAIN,no,v40c_00243,no,no,yes,
orig_000110,original_phash,,,,frame_00366,frame_00367,TRAIN,TRAIN,no,v40c_00243,no,yes,no,
orig_000111,original_dhash,,,,frame_00368,frame_00369,TRAIN,TRAIN,no,v40c_00243,no,no,yes,
orig_000112,original_dhash,,,,frame_00368,frame_00370,TRAIN,TRAIN,no,v40c_00243,no,no,yes,
orig_000113,original_dhash,,,,frame_00369,frame_00370,TRAIN,TRAIN,no,v40c_00243,no,no,yes,
orig_000114,original_phash,,,,frame_00370,frame_00371,TRAIN,TRAIN,no,v40c_00243,no,yes,no,
orig_000115,original_dhash,,,,frame_00374,frame_00377,TRAIN,TRAIN,no,v40c_00243,no,no,yes,
orig_000116,original_dhash,,,,frame_00374,frame_00386,TRAIN,TRAIN,no,v40c_00243,no,no,yes,
orig_000117,original_phash,,,,frame_00375,frame_00376,TRAIN,TRAIN,no,v40c_00256,no,yes,yes,
orig_000118,original_dhash,,,,frame_00377,frame_00378,TRAIN,TRAIN,no,v40c_00243,no,no,yes,
orig_000119,original_dhash,,,,frame_00377,frame_00379,TRAIN,TRAIN,no,v40c_00243,no,no,yes,
orig_000120,original_dhash,,,,frame_00378,frame_00379,TRAIN,TRAIN,no,v40c_00243,no,no,yes,
orig_000121,original_dhash,,,,frame_00379,frame_00386,TRAIN,TRAIN,no,v40c_00243,no,no,yes,
orig_000122,original_dhash,,,,frame_00380,frame_00381,TRAIN,TRAIN,no,v40c_00243,no,no,yes,
orig_000123,original_phash,,,,frame_00381,frame_00382,TRAIN,TRAIN,no,v40c_00243,no,yes,yes,
orig_000124,original_dhash,,,,frame_00381,frame_00386,TRAIN,TRAIN,no,v40c_00243,no,no,yes,
orig_000125,original_dhash,,,,frame_00381,frame_00388,TRAIN,TRAIN,no,v40c_00243,no,no,yes,
orig_000126,original_dhash,,,,frame_00381,frame_00393,TRAIN,TRAIN,no,v40c_00243,no,no,yes,
orig_000127,original_dhash,,,,frame_00381,frame_00394,TRAIN,TRAIN,no,v40c_00243,no,no,yes,
orig_000128,original_dhash,,,,frame_00381,frame_00395,TRAIN,TRAIN,no,v40c_00243,no,no,yes,
orig_000129,original_dhash,,,,frame_00381,frame_00396,TRAIN,TRAIN,no,v40c_00243,no,no,yes,
orig_000130,original_dhash,,,,frame_00381,frame_00397,TRAIN,TRAIN,no,v40c_00243,no,no,yes,
orig_000131,original_dhash,,,,frame_00382,frame_00383,TRAIN,TRAIN,no,v40c_00243,no,no,yes,
orig_000132,original_dhash,,,,frame_00382,frame_00396,TRAIN,TRAIN,no,v40c_00243,no,no,yes,
orig_000133,original_phash,,,,frame_00383,frame_00388,TRAIN,TRAIN,no,v40c_00243,no,yes,no,
orig_000134,original_phash,,,,frame_00385,frame_00389,TRAIN,TRAIN,no,v40c_00243,no,yes,no,
orig_000135,original_phash,,,,frame_00385,frame_00390,TRAIN,TRAIN,no,v40c_00243,no,yes,no,
orig_000136,original_dhash,,,,frame_00387,frame_00388,TRAIN,TRAIN,no,v40c_00243,no,no,yes,
orig_000137,original_phash,,,,frame_00388,frame_00391,TRAIN,TRAIN,no,v40c_00243,no,yes,yes,
orig_000138,original_phash,,,,frame_00389,frame_00390,TRAIN,TRAIN,no,v40c_00243,no,yes,no,
orig_000139,original_dhash,,,,frame_00390,frame_00391,TRAIN,TRAIN,no,v40c_00243,no,no,yes,
orig_000140,original_dhash,,,,frame_00391,frame_00397,TRAIN,TRAIN,no,v40c_00243,no,no,yes,
orig_000141,original_phash,,,,frame_00392,frame_00393,TRAIN,TRAIN,no,v40c_00243,no,yes,no,
orig_000142,original_dhash,,,,frame_00392,frame_00394,TRAIN,TRAIN,no,v40c_00243,no,no,yes,
orig_000143,original_phash,,,,frame_00392,frame_00395,TRAIN,TRAIN,no,v40c_00243,no,yes,no,
orig_000144,original_phash,,,,frame_00392,frame_00396,TRAIN,TRAIN,no,v40c_00243,no,yes,no,
orig_000145,original_phash,,,,frame_00392,frame_00397,TRAIN,TRAIN,no,v40c_00243,no,yes,no,
orig_000146,original_phash,,,,frame_00392,frame_00398,TRAIN,TRAIN,no,v40c_00243,no,yes,no,
orig_000147,original_phash,,,,frame_00393,frame_00394,TRAIN,TRAIN,no,v40c_00243,no,yes,no,
orig_000148,original_phash,,,,frame_00393,frame_00395,TRAIN,TRAIN,no,v40c_00243,no,yes,yes,
orig_000149,original_dhash,,,,frame_00393,frame_00396,TRAIN,TRAIN,no,v40c_00243,no,no,yes,
orig_000150,original_dhash,,,,frame_00393,frame_00398,TRAIN,TRAIN,no,v40c_00243,no,no,yes,
orig_000151,original_phash,,,,frame_00394,frame_00395,TRAIN,TRAIN,no,v40c_00243,no,yes,yes,
orig_000152,original_dhash,,,,frame_00395,frame_00396,TRAIN,TRAIN,no,v40c_00243,no,no,yes,
orig_000153,original_phash,,,,frame_00397,frame_00399,TRAIN,TRAIN,no,v40c_00243,no,yes,no,
orig_000154,original_phash,,,,frame_00399,frame_00400,TRAIN,TRAIN,no,v40c_00243,no,yes,yes,
orig_000155,original_dhash,,,,frame_00399,frame_00401,TRAIN,TRAIN,no,v40c_00243,no,no,yes,
orig_000156,original_phash,,,,frame_00400,frame_00401,TRAIN,TRAIN,no,v40c_00243,no,yes,yes,
orig_000157,original_phash,,,,frame_00402,frame_00404,TRAIN,TRAIN,no,v40c_00257,no,yes,no,
orig_000158,original_dhash,,,,frame_00404,frame_00410,TRAIN,TRAIN,no,v40c_00257,no,no,yes,
orig_000159,original_dhash,,,,frame_00405,frame_00406,TRAIN,TRAIN,no,v40c_00259,no,no,yes,
orig_000160,original_dhash,,,,frame_00405,frame_00407,TRAIN,TRAIN,no,v40c_00259,no,no,yes,
orig_000161,original_phash,,,,frame_00406,frame_00407,TRAIN,TRAIN,no,v40c_00259,no,yes,yes,
orig_000162,original_dhash,,,,frame_00409,frame_00412,TRAIN,TRAIN,no,v40c_00261,no,no,yes,
orig_000163,original_dhash,,,,frame_00410,frame_00411,TRAIN,TRAIN,no,v40c_00257,no,no,yes,
orig_000164,original_phash,,,,frame_00410,frame_00415,TRAIN,TRAIN,no,v40c_00257,no,yes,no,
orig_000165,original_phash,,,,frame_00414,frame_00415,TRAIN,TRAIN,no,v40c_00257,no,yes,yes,
orig_000166,original_phash,,,,frame_00414,frame_00416,TRAIN,TRAIN,no,v40c_00257,no,yes,yes,
orig_000167,original_dhash,,,,frame_00415,frame_00416,TRAIN,TRAIN,no,v40c_00257,no,no,yes,
orig_000168,original_phash,,,,frame_00418,frame_00419,VALIDATION,VALIDATION,no,v40c_00263,no,yes,no,
orig_000169,original_phash,,,,frame_00419,frame_00420,VALIDATION,VALIDATION,no,v40c_00263,no,yes,no,
orig_000170,original_phash,,,,frame_00419,frame_00423,VALIDATION,VALIDATION,no,v40c_00263,no,yes,no,
orig_000171,original_phash,,,,frame_00420,frame_00421,VALIDATION,VALIDATION,no,v40c_00263,no,yes,no,
orig_000172,original_phash,,,,frame_00420,frame_00422,VALIDATION,VALIDATION,no,v40c_00263,no,yes,no,
orig_000173,original_phash,,,,frame_00420,frame_00423,VALIDATION,VALIDATION,no,v40c_00263,no,yes,no,
orig_000174,original_phash,,,,frame_00420,frame_00424,VALIDATION,VALIDATION,no,v40c_00263,no,yes,no,
orig_000175,original_phash,,,,frame_00421,frame_00422,VALIDATION,VALIDATION,no,v40c_00263,no,yes,no,
orig_000176,original_phash,,,,frame_00421,frame_00423,VALIDATION,VALIDATION,no,v40c_00263,no,yes,no,
orig_000177,original_phash,,,,frame_00421,frame_00424,VALIDATION,VALIDATION,no,v40c_00263,no,yes,no,
orig_000178,original_phash,,,,frame_00422,frame_00423,VALIDATION,VALIDATION,no,v40c_00263,no,yes,yes,
orig_000179,original_phash,,,,frame_00423,frame_00424,VALIDATION,VALIDATION,no,v40c_00263,no,yes,no,
orig_000180,original_dhash,,,,frame_00425,frame_00426,VALIDATION,VALIDATION,no,v40c_00263,no,no,yes,
orig_000181,original_phash,,,,frame_00427,frame_00428,VALIDATION,VALIDATION,no,v40c_00263,no,yes,yes,
orig_000182,original_dhash,,,,frame_00430,frame_00431,TRAIN,TRAIN,no,v40c_00263,no,no,yes,
orig_000183,original_phash,,,,frame_00448,frame_00449,VALIDATION,VALIDATION,no,v40c_00264,no,yes,yes,
orig_000184,original_phash,,,,frame_00448,frame_00450,VALIDATION,VALIDATION,no,v40c_00264,no,yes,yes,
orig_000185,original_phash,,,,frame_00448,frame_00451,VALIDATION,VALIDATION,no,v40c_00264,no,yes,no,
orig_000186,original_dhash,,,,frame_00449,frame_00450,VALIDATION,VALIDATION,no,v40c_00264,no,no,yes,
orig_000187,original_phash,,,,frame_00449,frame_00451,VALIDATION,VALIDATION,no,v40c_00264,no,yes,no,
orig_000188,original_dhash,,,,frame_00451,frame_00472,VALIDATION,VALIDATION,no,v40c_00264,no,no,yes,
orig_000189,original_phash,,,,frame_00452,frame_00458,VALIDATION,VALIDATION,no,v40c_00265,no,yes,no,
orig_000190,original_phash,,,,frame_00452,frame_00459,VALIDATION,VALIDATION,no,v40c_00265,no,yes,no,
orig_000191,original_phash,,,,frame_00452,frame_00460,VALIDATION,VALIDATION,no,v40c_00265,no,yes,no,
orig_000192,original_phash,,,,frame_00452,frame_00461,VALIDATION,VALIDATION,no,v40c_00265,no,yes,no,
orig_000193,original_dhash,,,,frame_00453,frame_00454,VALIDATION,VALIDATION,no,v40c_00266,no,no,yes,
orig_000194,original_dhash,,,,frame_00453,frame_00456,VALIDATION,VALIDATION,no,v40c_00266,no,no,yes,
orig_000195,original_dhash,,,,frame_00453,frame_00457,VALIDATION,VALIDATION,no,v40c_00266,no,no,yes,
orig_000196,original_dhash,,,,frame_00454,frame_00455,VALIDATION,VALIDATION,no,v40c_00266,no,no,yes,
orig_000197,original_phash,,,,frame_00454,frame_00456,VALIDATION,VALIDATION,no,v40c_00266,no,yes,yes,
orig_000198,original_dhash,,,,frame_00454,frame_00457,VALIDATION,VALIDATION,no,v40c_00266,no,no,yes,
orig_000199,original_dhash,,,,frame_00454,frame_00462,VALIDATION,VALIDATION,no,v40c_00266,no,no,yes,
orig_000200,original_dhash,,,,frame_00455,frame_00456,VALIDATION,VALIDATION,no,v40c_00266,no,no,yes,
orig_000201,original_dhash,,,,frame_00456,frame_00457,VALIDATION,VALIDATION,no,v40c_00266,no,no,yes,
orig_000202,original_phash,,,,frame_00457,frame_00462,VALIDATION,VALIDATION,no,v40c_00266,no,yes,no,
orig_000203,original_phash,,,,frame_00457,frame_00465,VALIDATION,VALIDATION,no,v40c_00266,no,yes,no,
orig_000204,original_phash,,,,frame_00457,frame_00469,VALIDATION,VALIDATION,no,v40c_00266,no,yes,no,
orig_000205,original_phash,,,,frame_00458,frame_00459,VALIDATION,VALIDATION,no,v40c_00265,no,yes,yes,
orig_000206,original_phash,,,,frame_00458,frame_00460,VALIDATION,VALIDATION,no,v40c_00265,no,yes,no,
orig_000207,original_phash,,,,frame_00458,frame_00461,VALIDATION,VALIDATION,no,v40c_00265,no,yes,yes,
orig_000208,original_phash,,,,frame_00459,frame_00460,VALIDATION,VALIDATION,no,v40c_00265,no,yes,no,
orig_000209,original_phash,,,,frame_00459,frame_00461,VALIDATION,VALIDATION,no,v40c_00265,no,yes,yes,
orig_000210,original_phash,,,,frame_00460,frame_00461,VALIDATION,VALIDATION,no,v40c_00265,no,yes,no,
orig_000211,original_phash,,,,frame_00462,frame_00465,VALIDATION,VALIDATION,no,v40c_00266,no,yes,no,
orig_000212,original_phash,,,,frame_00462,frame_00466,VALIDATION,VALIDATION,no,v40c_00266,no,yes,no,
orig_000213,original_phash,,,,frame_00462,frame_00469,VALIDATION,VALIDATION,no,v40c_00266,no,yes,no,
orig_000214,original_phash,,,,frame_00463,frame_00464,VALIDATION,VALIDATION,no,v40c_00267,no,yes,yes,
orig_000215,original_phash,,,,frame_00465,frame_00466,VALIDATION,VALIDATION,no,v40c_00266,no,yes,no,
orig_000216,original_phash,,,,frame_00465,frame_00469,VALIDATION,VALIDATION,no,v40c_00266,no,yes,no,
orig_000217,original_phash,,,,frame_00466,frame_00469,VALIDATION,VALIDATION,no,v40c_00266,no,yes,no,
orig_000218,original_dhash,,,,frame_00467,frame_00468,VALIDATION,VALIDATION,no,v40c_00268,no,no,yes,
orig_000219,original_phash,,,,frame_00470,frame_00473,VALIDATION,VALIDATION,no,v40c_00269,no,yes,no,
orig_000220,original_dhash,,,,frame_00473,frame_00474,VALIDATION,VALIDATION,no,v40c_00269,no,no,yes,
orig_000221,original_phash,,,,frame_00476,frame_00479,VALIDATION,VALIDATION,no,v40c_00271,no,yes,no,
orig_000222,original_phash,,,,frame_00479,frame_00484,VALIDATION,VALIDATION,no,v40c_00271,no,yes,no,
orig_000223,original_phash,,,,frame_00481,frame_00482,VALIDATION,VALIDATION,no,v40c_00271,no,yes,no,
orig_000224,original_phash,,,,frame_00483,frame_00484,VALIDATION,VALIDATION,no,v40c_00271,no,yes,yes,
orig_000225,original_dhash,,,,frame_00485,frame_00486,VALIDATION,VALIDATION,no,v40c_00271,no,no,yes,
orig_000226,original_phash,,,,frame_00486,frame_00487,VALIDATION,VALIDATION,no,v40c_00271,no,yes,yes,
orig_000227,original_phash,,,,frame_00488,frame_00489,VALIDATION,VALIDATION,no,v40c_00271,no,yes,no,
orig_000228,original_phash,,,,frame_00491,frame_00492,TRAIN,TRAIN,no,v40c_00271,no,yes,no,
orig_000229,original_phash,,,,frame_00491,frame_00493,TRAIN,TRAIN,no,v40c_00271,no,yes,no,
orig_000230,original_phash,,,,frame_00492,frame_00493,TRAIN,TRAIN,no,v40c_00271,no,yes,no,
orig_000231,original_phash,,,,frame_00494,frame_00495,VALIDATION,VALIDATION,no,v40c_00271,no,yes,no,
orig_000232,original_phash,,,,frame_00496,frame_00497,VALIDATION,VALIDATION,no,v40c_00271,no,yes,yes,
orig_000233,original_phash,,,,frame_00496,frame_00498,VALIDATION,VALIDATION,no,v40c_00271,no,yes,no,
orig_000234,original_phash,,,,frame_00496,frame_00499,VALIDATION,VALIDATION,no,v40c_00271,no,yes,no,
orig_000235,original_phash,,,,frame_00496,frame_00500,VALIDATION,VALIDATION,no,v40c_00271,no,yes,no,
orig_000236,original_phash,,,,frame_00497,frame_00498,VALIDATION,VALIDATION,no,v40c_00271,no,yes,no,
orig_000237,original_phash,,,,frame_00497,frame_00499,VALIDATION,VALIDATION,no,v40c_00271,no,yes,no,
orig_000238,original_phash,,,,frame_00497,frame_00500,VALIDATION,VALIDATION,no,v40c_00271,no,yes,no,
orig_000239,original_phash,,,,frame_00497,frame_00501,VALIDATION,VALIDATION,no,v40c_00271,no,yes,no,
orig_000240,original_phash,,,,frame_00498,frame_00499,VALIDATION,VALIDATION,no,v40c_00271,no,yes,no,
orig_000241,original_phash,,,,frame_00498,frame_00500,VALIDATION,VALIDATION,no,v40c_00271,no,yes,no,
orig_000242,original_phash,,,,frame_00498,frame_00501,VALIDATION,VALIDATION,no,v40c_00271,no,yes,no,
orig_000243,original_phash,,,,frame_00498,frame_00502,VALIDATION,VALIDATION,no,v40c_00271,no,yes,no,
orig_000244,original_phash,,,,frame_00499,frame_00500,VALIDATION,VALIDATION,no,v40c_00271,no,yes,yes,
orig_000245,original_phash,,,,frame_00499,frame_00501,VALIDATION,VALIDATION,no,v40c_00271,no,yes,no,
orig_000246,original_phash,,,,frame_00500,frame_00501,VALIDATION,VALIDATION,no,v40c_00271,no,yes,yes,
orig_000247,original_phash,,,,frame_00501,frame_00502,VALIDATION,VALIDATION,no,v40c_00271,no,yes,no,
orig_000248,original_phash,,,,frame_00503,frame_00504,TRAIN,TRAIN,no,v40c_00271,no,yes,no,
orig_000249,original_phash,,,,frame_00503,frame_00505,TRAIN,TRAIN,no,v40c_00271,no,yes,no,
orig_000250,original_phash,,,,frame_00504,frame_00505,TRAIN,TRAIN,no,v40c_00271,no,yes,yes,
orig_000251,original_phash,,,,frame_00505,frame_00509,TRAIN,TRAIN,no,v40c_00271,no,yes,no,
orig_000252,original_phash,,,,frame_00505,frame_00510,TRAIN,TRAIN,no,v40c_00271,no,yes,no,
orig_000253,original_phash,,,,frame_00506,frame_00507,TRAIN,TRAIN,no,v40c_00271,no,yes,no,
orig_000254,original_phash,,,,frame_00506,frame_00509,TRAIN,TRAIN,no,v40c_00271,no,yes,yes,
orig_000255,original_dhash,,,,frame_00506,frame_00510,TRAIN,TRAIN,no,v40c_00271,no,no,yes,
orig_000256,original_phash,,,,frame_00507,frame_00508,TRAIN,TRAIN,no,v40c_00271,no,yes,no,
orig_000257,original_phash,,,,frame_00508,frame_00509,TRAIN,TRAIN,no,v40c_00271,no,yes,no,
orig_000258,original_phash,,,,frame_00509,frame_00510,TRAIN,TRAIN,no,v40c_00271,no,yes,no,
orig_000259,original_phash,,,,frame_00528,frame_00529,TRAIN,TRAIN,no,v40c_00272,no,yes,yes,
orig_000260,original_phash,,,,frame_00528,frame_00530,TRAIN,TRAIN,no,v40c_00272,no,yes,yes,
orig_000261,original_phash,,,,frame_00529,frame_00530,TRAIN,TRAIN,no,v40c_00272,no,yes,yes,
orig_000262,original_dhash,,,,frame_00529,frame_00533,TRAIN,TRAIN,no,v40c_00272,no,no,yes,
orig_000263,original_dhash,,,,frame_00530,frame_00533,TRAIN,TRAIN,no,v40c_00272,no,no,yes,
orig_000264,original_phash,,,,frame_00531,frame_00532,TRAIN,TRAIN,no,v40c_00272,no,yes,yes,
orig_000265,original_phash,,,,frame_00531,frame_00533,TRAIN,TRAIN,no,v40c_00272,no,yes,yes,
orig_000266,original_phash,,,,frame_00531,frame_00534,TRAIN,TRAIN,no,v40c_00272,no,yes,no,
orig_000267,original_phash,,,,frame_00531,frame_00535,TRAIN,TRAIN,no,v40c_00272,no,yes,no,
orig_000268,original_phash,,,,frame_00532,frame_00533,TRAIN,TRAIN,no,v40c_00272,no,yes,no,
orig_000269,original_phash,,,,frame_00532,frame_00539,TRAIN,TRAIN,no,v40c_00272,no,yes,no,
orig_000270,original_dhash,,,,frame_00532,frame_00550,TRAIN,TRAIN,no,v40c_00272,no,no,yes,
orig_000271,original_phash,,,,frame_00533,frame_00534,TRAIN,TRAIN,no,v40c_00272,no,yes,no,
orig_000272,original_phash,,,,frame_00533,frame_00535,TRAIN,TRAIN,no,v40c_00272,no,yes,no,
orig_000273,original_phash,,,,frame_00533,frame_00538,TRAIN,TRAIN,no,v40c_00272,no,yes,no,
orig_000274,original_dhash,,,,frame_00535,frame_00536,TRAIN,TRAIN,no,v40c_00272,no,no,yes,
orig_000275,original_dhash,,,,frame_00535,frame_00537,TRAIN,TRAIN,no,v40c_00272,no,no,yes,
orig_000276,original_phash,,,,frame_00535,frame_00538,TRAIN,TRAIN,no,v40c_00272,no,yes,yes,
orig_000277,original_phash,,,,frame_00535,frame_00540,TRAIN,TRAIN,no,v40c_00272,no,yes,no,
orig_000278,original_phash,,,,frame_00536,frame_00537,TRAIN,TRAIN,no,v40c_00272,no,yes,yes,
orig_000279,original_dhash,,,,frame_00536,frame_00538,TRAIN,TRAIN,no,v40c_00272,no,no,yes,
orig_000280,original_phash,,,,frame_00537,frame_00538,TRAIN,TRAIN,no,v40c_00272,no,yes,yes,
orig_000281,original_phash,,,,frame_00538,frame_00539,TRAIN,TRAIN,no,v40c_00272,no,yes,no,
orig_000282,original_phash,,,,frame_00542,frame_00543,TRAIN,TRAIN,no,v40c_00272,no,yes,yes,
orig_000283,original_phash,,,,frame_00542,frame_00544,TRAIN,TRAIN,no,v40c_00272,no,yes,yes,
orig_000284,original_phash,,,,frame_00542,frame_00546,TRAIN,TRAIN,no,v40c_00272,no,yes,no,
orig_000285,original_phash,,,,frame_00542,frame_00547,TRAIN,TRAIN,no,v40c_00272,no,yes,yes,
orig_000286,original_phash,,,,frame_00542,frame_00550,TRAIN,TRAIN,no,v40c_00272,no,yes,no,
orig_000287,original_phash,,,,frame_00542,frame_00552,TRAIN,TRAIN,no,v40c_00272,no,yes,no,
orig_000288,original_phash,,,,frame_00542,frame_00554,TRAIN,TRAIN,no,v40c_00272,no,yes,no,
orig_000289,original_phash,,,,frame_00543,frame_00544,TRAIN,TRAIN,no,v40c_00272,no,yes,no,
orig_000290,original_phash,,,,frame_00543,frame_00545,TRAIN,TRAIN,no,v40c_00272,no,yes,yes,
orig_000291,original_phash,,,,frame_00543,frame_00546,TRAIN,TRAIN,no,v40c_00272,no,yes,no,
orig_000292,original_phash,,,,frame_00543,frame_00547,TRAIN,TRAIN,no,v40c_00272,no,yes,no,
orig_000293,original_phash,,,,frame_00543,frame_00548,TRAIN,TRAIN,no,v40c_00272,no,yes,no,
orig_000294,original_phash,,,,frame_00543,frame_00549,TRAIN,TRAIN,no,v40c_00272,no,yes,yes,
orig_000295,original_phash,,,,frame_00543,frame_00550,TRAIN,TRAIN,no,v40c_00272,no,yes,yes,
orig_000296,original_phash,,,,frame_00543,frame_00554,TRAIN,TRAIN,no,v40c_00272,no,yes,no,
orig_000297,original_phash,,,,frame_00543,frame_00555,TRAIN,TRAIN,no,v40c_00272,no,yes,no,
orig_000298,original_phash,,,,frame_00544,frame_00545,TRAIN,TRAIN,no,v40c_00272,no,yes,no,
orig_000299,original_phash,,,,frame_00544,frame_00546,TRAIN,TRAIN,no,v40c_00272,no,yes,yes,
orig_000300,original_phash,,,,frame_00544,frame_00547,TRAIN,TRAIN,no,v40c_00272,no,yes,yes,
orig_000301,original_phash,,,,frame_00544,frame_00548,TRAIN,TRAIN,no,v40c_00272,no,yes,no,
orig_000302,original_phash,,,,frame_00544,frame_00549,TRAIN,TRAIN,no,v40c_00272,no,yes,no,
orig_000303,original_phash,,,,frame_00544,frame_00550,TRAIN,TRAIN,no,v40c_00272,no,yes,no,
orig_000304,original_dhash,,,,frame_00544,frame_00551,TRAIN,TRAIN,no,v40c_00272,no,no,yes,
orig_000305,original_phash,,,,frame_00544,frame_00555,TRAIN,TRAIN,no,v40c_00272,no,yes,no,
orig_000306,original_phash,,,,frame_00545,frame_00546,TRAIN,TRAIN,no,v40c_00272,no,yes,no,
orig_000307,original_phash,,,,frame_00545,frame_00547,TRAIN,TRAIN,no,v40c_00272,no,yes,no,
orig_000308,original_phash,,,,frame_00545,frame_00548,TRAIN,TRAIN,no,v40c_00272,no,yes,yes,
orig_000309,original_phash,,,,frame_00545,frame_00549,TRAIN,TRAIN,no,v40c_00272,no,yes,yes,
orig_000310,original_phash,,,,frame_00545,frame_00550,TRAIN,TRAIN,no,v40c_00272,no,yes,yes,
orig_000311,original_phash,,,,frame_00545,frame_00555,TRAIN,TRAIN,no,v40c_00272,no,yes,no,
orig_000312,original_phash,,,,frame_00546,frame_00547,TRAIN,TRAIN,no,v40c_00272,no,yes,yes,
orig_000313,original_phash,,,,frame_00546,frame_00548,TRAIN,TRAIN,no,v40c_00272,no,yes,no,
orig_000314,original_phash,,,,frame_00546,frame_00549,TRAIN,TRAIN,no,v40c_00272,no,yes,no,
orig_000315,original_phash,,,,frame_00546,frame_00550,TRAIN,TRAIN,no,v40c_00272,no,yes,yes,
orig_000316,original_dhash,,,,frame_00546,frame_00551,TRAIN,TRAIN,no,v40c_00272,no,no,yes,
orig_000317,original_phash,,,,frame_00546,frame_00555,TRAIN,TRAIN,no,v40c_00272,no,yes,no,
orig_000318,original_phash,,,,frame_00547,frame_00548,TRAIN,TRAIN,no,v40c_00272,no,yes,no,
orig_000319,original_phash,,,,frame_00547,frame_00549,TRAIN,TRAIN,no,v40c_00272,no,yes,no,
orig_000320,original_phash,,,,frame_00547,frame_00550,TRAIN,TRAIN,no,v40c_00272,no,yes,no,
orig_000321,original_phash,,,,frame_00547,frame_00555,TRAIN,TRAIN,no,v40c_00272,no,yes,no,
orig_000322,original_phash,,,,frame_00548,frame_00549,TRAIN,TRAIN,no,v40c_00272,no,yes,yes,
orig_000323,original_phash,,,,frame_00548,frame_00550,TRAIN,TRAIN,no,v40c_00272,no,yes,yes,
orig_000324,original_phash,,,,frame_00548,frame_00555,TRAIN,TRAIN,no,v40c_00272,no,yes,no,
orig_000325,original_phash,,,,frame_00549,frame_00550,TRAIN,TRAIN,no,v40c_00272,no,yes,yes,
orig_000326,original_phash,,,,frame_00549,frame_00555,TRAIN,TRAIN,no,v40c_00272,no,yes,no,
orig_000327,original_dhash,,,,frame_00550,frame_00551,TRAIN,TRAIN,no,v40c_00272,no,no,yes,
orig_000328,original_phash,,,,frame_00550,frame_00555,TRAIN,TRAIN,no,v40c_00272,no,yes,no,
orig_000329,original_phash,,,,frame_00551,frame_00554,TRAIN,TRAIN,no,v40c_00272,no,yes,no,
orig_000330,original_phash,,,,frame_00552,frame_00553,TRAIN,TRAIN,no,v40c_00272,no,yes,no,
orig_000331,original_phash,,,,frame_00552,frame_00554,TRAIN,TRAIN,no,v40c_00272,no,yes,yes,
orig_000332,original_phash,,,,frame_00552,frame_00557,TRAIN,TRAIN,no,v40c_00272,no,yes,no,
orig_000333,original_phash,,,,frame_00554,frame_00557,TRAIN,TRAIN,no,v40c_00272,no,yes,no,
orig_000334,original_dhash,,,,frame_00559,frame_00560,TRAIN,TRAIN,no,v40c_00276,no,no,yes,
orig_000335,original_phash,,,,frame_00559,frame_00563,TRAIN,TRAIN,no,v40c_00276,no,yes,no,
orig_000336,original_phash,,,,frame_00559,frame_00564,TRAIN,TRAIN,no,v40c_00276,no,yes,no,
orig_000337,original_phash,,,,frame_00560,frame_00561,TRAIN,TRAIN,no,v40c_00276,no,yes,no,
orig_000338,original_phash,,,,frame_00560,frame_00562,TRAIN,TRAIN,no,v40c_00276,no,yes,yes,
orig_000339,original_phash,,,,frame_00561,frame_00562,TRAIN,TRAIN,no,v40c_00276,no,yes,no,
orig_000340,original_phash,,,,frame_00562,frame_00563,TRAIN,TRAIN,no,v40c_00276,no,yes,no,
orig_000341,original_phash,,,,frame_00563,frame_00564,TRAIN,TRAIN,no,v40c_00276,no,yes,no,
orig_000342,original_phash,,,,frame_00567,frame_00568,TRAIN,TRAIN,no,v40c_00279,no,yes,yes,
orig_000343,original_phash,,,,frame_00568,frame_00569,TRAIN,TRAIN,no,v40c_00279,no,yes,no,
orig_000344,original_phash,,,,frame_00568,frame_00573,TRAIN,TRAIN,no,v40c_00279,no,yes,no,
orig_000345,original_dhash,,,,frame_00569,frame_00570,TRAIN,TRAIN,no,v40c_00279,no,no,yes,
orig_000346,original_phash,,,,frame_00569,frame_00573,TRAIN,TRAIN,no,v40c_00279,no,yes,yes,
orig_000347,original_phash,,,,frame_00569,frame_00574,TRAIN,TRAIN,no,v40c_00279,no,yes,no,
orig_000348,original_dhash,,,,frame_00570,frame_00572,TRAIN,TRAIN,no,v40c_00279,no,no,yes,
orig_000349,original_phash,,,,frame_00570,frame_00573,TRAIN,TRAIN,no,v40c_00279,no,yes,no,
orig_000350,original_phash,,,,frame_00571,frame_00572,TRAIN,TRAIN,no,v40c_00279,no,yes,no,
orig_000351,original_phash,,,,frame_00573,frame_00574,TRAIN,TRAIN,no,v40c_00279,no,yes,no,
orig_000352,original_phash,,,,frame_00575,frame_00576,TRAIN,TRAIN,no,v40c_00280,no,yes,no,
orig_000353,original_phash,,,,frame_00575,frame_00577,TRAIN,TRAIN,no,v40c_00280,no,yes,no,
orig_000354,original_phash,,,,frame_00575,frame_00578,TRAIN,TRAIN,no,v40c_00280,no,yes,no,
orig_000355,original_phash,,,,frame_00576,frame_00577,TRAIN,TRAIN,no,v40c_00280,no,yes,no,
orig_000356,original_dhash,,,,frame_00580,frame_00590,TRAIN,TRAIN,no,v40c_00282,no,no,yes,
orig_000357,original_dhash,,,,frame_00580,frame_00591,TRAIN,TRAIN,no,v40c_00282,no,no,yes,
orig_000358,original_dhash,,,,frame_00580,frame_00592,TRAIN,TRAIN,no,v40c_00282,no,no,yes,
orig_000359,original_phash,,,,frame_00581,frame_00582,TRAIN,TRAIN,no,v40c_00283,no,yes,no,
orig_000360,original_phash,,,,frame_00581,frame_00594,TRAIN,TRAIN,no,v40c_00283,no,yes,no,
orig_000361,original_phash,,,,frame_00581,frame_00606,TRAIN,TRAIN,no,v40c_00283,no,yes,no,
orig_000362,original_phash,,,,frame_00581,frame_00607,TRAIN,TRAIN,no,v40c_00283,no,yes,no,
orig_000363,original_phash,,,,frame_00581,frame_00608,TRAIN,TRAIN,no,v40c_00283,no,yes,no,
orig_000364,original_phash,,,,frame_00581,frame_00609,TRAIN,TRAIN,no,v40c_00283,no,yes,no,
orig_000365,original_phash,,,,frame_00581,frame_00610,TRAIN,TRAIN,no,v40c_00283,no,yes,no,
orig_000366,original_phash,,,,frame_00581,frame_00612,TRAIN,TRAIN,no,v40c_00283,no,yes,no,
orig_000367,original_phash,,,,frame_00582,frame_00594,TRAIN,TRAIN,no,v40c_00283,no,yes,yes,
orig_000368,original_phash,,,,frame_00582,frame_00606,TRAIN,TRAIN,no,v40c_00283,no,yes,no,
orig_000369,original_phash,,,,frame_00582,frame_00607,TRAIN,TRAIN,no,v40c_00283,no,yes,no,
orig_000370,original_phash,,,,frame_00582,frame_00608,TRAIN,TRAIN,no,v40c_00283,no,yes,no,
orig_000371,original_phash,,,,frame_00582,frame_00609,TRAIN,TRAIN,no,v40c_00283,no,yes,no,
orig_000372,original_phash,,,,frame_00582,frame_00610,TRAIN,TRAIN,no,v40c_00283,no,yes,no,
orig_000373,original_phash,,,,frame_00582,frame_00611,TRAIN,TRAIN,no,v40c_00283,no,yes,no,
orig_000374,original_phash,,,,frame_00582,frame_00612,TRAIN,TRAIN,no,v40c_00283,no,yes,no,
orig_000375,original_phash,,,,frame_00583,frame_00584,TRAIN,TRAIN,no,v40c_00282,no,yes,yes,
orig_000376,original_dhash,,,,frame_00583,frame_00587,TRAIN,TRAIN,no,v40c_00282,no,no,yes,
orig_000377,original_phash,,,,frame_00583,frame_00588,TRAIN,TRAIN,no,v40c_00282,no,yes,yes,
orig_000378,original_dhash,,,,frame_00583,frame_00589,TRAIN,TRAIN,no,v40c_00282,no,no,yes,
orig_000379,original_dhash,,,,frame_00583,frame_00591,TRAIN,TRAIN,no,v40c_00282,no,no,yes,
orig_000380,original_dhash,,,,frame_00583,frame_00593,TRAIN,TRAIN,no,v40c_00282,no,no,yes,
orig_000381,original_dhash,,,,frame_00584,frame_00587,TRAIN,TRAIN,no,v40c_00282,no,no,yes,
orig_000382,original_phash,,,,frame_00584,frame_00588,TRAIN,TRAIN,no,v40c_00282,no,yes,yes,
orig_000383,original_phash,,,,frame_00585,frame_00586,TRAIN,TRAIN,no,v40c_00282,no,yes,yes,
orig_000384,original_dhash,,,,frame_00585,frame_00587,TRAIN,TRAIN,no,v40c_00282,no,no,yes,
orig_000385,original_dhash,,,,frame_00585,frame_00588,TRAIN,TRAIN,no,v40c_00282,no,no,yes,
orig_000386,original_dhash,,,,frame_00587,frame_00588,TRAIN,TRAIN,no,v40c_00282,no,no,yes,
orig_000387,original_phash,,,,frame_00587,frame_00590,TRAIN,TRAIN,no,v40c_00282,no,yes,no,
orig_000388,original_phash,,,,frame_00587,frame_00591,TRAIN,TRAIN,no,v40c_00282,no,yes,yes,
orig_000389,original_phash,,,,frame_00587,frame_00592,TRAIN,TRAIN,no,v40c_00282,no,yes,no,
orig_000390,original_phash,,,,frame_00588,frame_00589,TRAIN,TRAIN,no,v40c_00282,no,yes,yes,
orig_000391,original_dhash,,,,frame_00588,frame_00591,TRAIN,TRAIN,no,v40c_00282,no,no,yes,
orig_000392,original_phash,,,,frame_00588,frame_00593,TRAIN,TRAIN,no,v40c_00282,no,yes,yes,
orig_000393,original_phash,,,,frame_00589,frame_00590,TRAIN,TRAIN,no,v40c_00282,no,yes,yes,
orig_000394,original_phash,,,,frame_00589,frame_00591,TRAIN,TRAIN,no,v40c_00282,no,yes,yes,
orig_000395,original_dhash,,,,frame_00589,frame_00592,TRAIN,TRAIN,no,v40c_00282,no,no,yes,
orig_000396,original_phash,,,,frame_00589,frame_00593,TRAIN,TRAIN,no,v40c_00282,no,yes,yes,
orig_000397,original_phash,,,,frame_00590,frame_00591,TRAIN,TRAIN,no,v40c_00282,no,yes,yes,
orig_000398,original_phash,,,,frame_00590,frame_00592,TRAIN,TRAIN,no,v40c_00282,no,yes,yes,
orig_000399,original_dhash,,,,frame_00590,frame_00593,TRAIN,TRAIN,no,v40c_00282,no,no,yes,
orig_000400,original_phash,,,,frame_00591,frame_00592,TRAIN,TRAIN,no,v40c_00282,no,yes,yes,
orig_000401,original_dhash,,,,frame_00591,frame_00593,TRAIN,TRAIN,no,v40c_00282,no,no,yes,
orig_000402,original_dhash,,,,frame_00592,frame_00593,TRAIN,TRAIN,no,v40c_00282,no,no,yes,
orig_000403,original_phash,,,,frame_00594,frame_00606,TRAIN,TRAIN,no,v40c_00283,no,yes,no,
orig_000404,original_phash,,,,frame_00594,frame_00607,TRAIN,TRAIN,no,v40c_00283,no,yes,no,
orig_000405,original_phash,,,,frame_00594,frame_00608,TRAIN,TRAIN,no,v40c_00283,no,yes,no,
orig_000406,original_phash,,,,frame_00594,frame_00609,TRAIN,TRAIN,no,v40c_00283,no,yes,no,
orig_000407,original_phash,,,,frame_00594,frame_00610,TRAIN,TRAIN,no,v40c_00283,no,yes,no,
orig_000408,original_phash,,,,frame_00594,frame_00611,TRAIN,TRAIN,no,v40c_00283,no,yes,no,
orig_000409,original_phash,,,,frame_00594,frame_00612,TRAIN,TRAIN,no,v40c_00283,no,yes,no,
orig_000410,original_phash,,,,frame_00595,frame_00596,TRAIN,TRAIN,no,v40c_00283,no,yes,no,
orig_000411,original_dhash,,,,frame_00595,frame_00599,TRAIN,TRAIN,no,v40c_00283,no,no,yes,
orig_000412,original_phash,,,,frame_00595,frame_00604,TRAIN,TRAIN,no,v40c_00283,no,yes,no,
orig_000413,original_dhash,,,,frame_00595,frame_00616,TRAIN,TRAIN,no,v40c_00283,no,no,yes,
orig_000414,original_dhash,,,,frame_00595,frame_00618,TRAIN,TRAIN,no,v40c_00283,no,no,yes,
orig_000415,original_dhash,,,,frame_00596,frame_00597,TRAIN,TRAIN,no,v40c_00283,no,no,yes,
orig_000416,original_dhash,,,,frame_00596,frame_00599,TRAIN,TRAIN,no,v40c_00283,no,no,yes,
orig_000417,original_phash,,,,frame_00596,frame_00604,TRAIN,TRAIN,no,v40c_00283,no,yes,no,
orig_000418,original_phash,,,,frame_00596,frame_00613,TRAIN,TRAIN,no,v40c_00283,no,yes,no,
orig_000419,original_dhash,,,,frame_00596,frame_00618,TRAIN,TRAIN,no,v40c_00283,no,no,yes,
orig_000420,original_phash,,,,frame_00596,frame_00622,TRAIN,TRAIN,no,v40c_00283,no,yes,no,
orig_000421,original_phash,,,,frame_00597,frame_00598,TRAIN,TRAIN,no,v40c_00283,no,yes,no,
orig_000422,original_phash,,,,frame_00597,frame_00599,TRAIN,TRAIN,no,v40c_00283,no,yes,yes,
orig_000423,original_dhash,,,,frame_00597,frame_00604,TRAIN,TRAIN,no,v40c_00283,no,no,yes,
orig_000424,original_phash,,,,frame_00597,frame_00605,TRAIN,TRAIN,no,v40c_00283,no,yes,no,
orig_000425,original_dhash,,,,frame_00597,frame_00616,TRAIN,TRAIN,no,v40c_00283,no,no,yes,
orig_000426,original_phash,,,,frame_00597,frame_00617,TRAIN,TRAIN,no,v40c_00283,no,yes,no,
orig_000427,original_phash,,,,frame_00597,frame_00618,TRAIN,TRAIN,no,v40c_00283,no,yes,yes,
orig_000428,original_phash,,,,frame_00598,frame_00599,TRAIN,TRAIN,no,v40c_00283,no,yes,no,
orig_000429,original_phash,,,,frame_00598,frame_00600,TRAIN,TRAIN,no,v40c_00283,no,yes,no,
orig_000430,original_phash,,,,frame_00598,frame_00605,TRAIN,TRAIN,no,v40c_00283,no,yes,no,
orig_000431,original_phash,,,,frame_00598,frame_00617,TRAIN,TRAIN,no,v40c_00283,no,yes,no,
orig_000432,original_phash,,,,frame_00598,frame_00618,TRAIN,TRAIN,no,v40c_00283,no,yes,no,
orig_000433,original_dhash,,,,frame_00598,frame_00619,TRAIN,TRAIN,no,v40c_00283,no,no,yes,
orig_000434,original_dhash,,,,frame_00599,frame_00616,TRAIN,TRAIN,no,v40c_00283,no,no,yes,
orig_000435,original_phash,,,,frame_00599,frame_00617,TRAIN,TRAIN,no,v40c_00283,no,yes,yes,
orig_000436,original_phash,,,,frame_00599,frame_00618,TRAIN,TRAIN,no,v40c_00283,no,yes,yes,
orig_000437,original_dhash,,,,frame_00599,frame_00619,TRAIN,TRAIN,no,v40c_00283,no,no,yes,
orig_000438,original_phash,,,,frame_00601,frame_00602,TRAIN,TRAIN,no,v40c_00283,no,yes,no,
orig_000439,original_phash,,,,frame_00601,frame_00603,TRAIN,TRAIN,no,v40c_00283,no,yes,yes,
orig_000440,original_phash,,,,frame_00601,frame_00614,TRAIN,TRAIN,no,v40c_00283,no,yes,yes,
orig_000441,original_dhash,,,,frame_00601,frame_00620,TRAIN,TRAIN,no,v40c_00283,no,no,yes,
orig_000442,original_phash,,,,frame_00601,frame_00622,TRAIN,TRAIN,no,v40c_00283,no,yes,no,
orig_000443,original_phash,,,,frame_00602,frame_00603,TRAIN,TRAIN,no,v40c_00283,no,yes,yes,
orig_000444,original_phash,,,,frame_00602,frame_00604,TRAIN,TRAIN,no,v40c_00283,no,yes,no,
orig_000445,original_phash,,,,frame_00602,frame_00613,TRAIN,TRAIN,no,v40c_00283,no,yes,yes,
orig_000446,original_phash,,,,frame_00602,frame_00614,TRAIN,TRAIN,no,v40c_00283,no,yes,no,
orig_000447,original_phash,,,,frame_00602,frame_00615,TRAIN,TRAIN,no,v40c_00283,no,yes,no,
orig_000448,original_phash,,,,frame_00602,frame_00621,TRAIN,TRAIN,no,v40c_00283,no,yes,no,
orig_000449,original_phash,,,,frame_00602,frame_00622,TRAIN,TRAIN,no,v40c_00283,no,yes,yes,
orig_000450,original_dhash,,,,frame_00602,frame_00623,TRAIN,TRAIN,no,v40c_00283,no,no,yes,
orig_000451,original_phash,,,,frame_00603,frame_00604,TRAIN,TRAIN,no,v40c_00283,no,yes,no,
orig_000452,original_phash,,,,frame_00603,frame_00613,TRAIN,TRAIN,no,v40c_00283,no,yes,no,
orig_000453,original_phash,,,,frame_00603,frame_00614,TRAIN,TRAIN,no,v40c_00283,no,yes,no,
orig_000454,original_phash,,,,frame_00603,frame_00615,TRAIN,TRAIN,no,v40c_00283,no,yes,no,
orig_000455,original_phash,,,,frame_00603,frame_00621,TRAIN,TRAIN,no,v40c_00283,no,yes,no,
orig_000456,original_phash,,,,frame_00603,frame_00622,TRAIN,TRAIN,no,v40c_00283,no,yes,no,
orig_000457,original_phash,,,,frame_00604,frame_00605,TRAIN,TRAIN,no,v40c_00283,no,yes,no,
orig_000458,original_phash,,,,frame_00604,frame_00614,TRAIN,TRAIN,no,v40c_00283,no,yes,no,
orig_000459,original_phash,,,,frame_00604,frame_00615,TRAIN,TRAIN,no,v40c_00283,no,yes,yes,
orig_000460,original_phash,,,,frame_00604,frame_00616,TRAIN,TRAIN,no,v40c_00283,no,yes,yes,
orig_000461,original_phash,,,,frame_00604,frame_00617,TRAIN,TRAIN,no,v40c_00283,no,yes,no,
orig_000462,original_phash,,,,frame_00604,frame_00618,TRAIN,TRAIN,no,v40c_00283,no,yes,no,
orig_000463,original_phash,,,,frame_00604,frame_00619,TRAIN,TRAIN,no,v40c_00283,no,yes,no,
orig_000464,original_phash,,,,frame_00604,frame_00621,TRAIN,TRAIN,no,v40c_00283,no,yes,yes,
orig_000465,original_phash,,,,frame_00605,frame_00606,TRAIN,TRAIN,no,v40c_00283,no,yes,no,
orig_000466,original_phash,,,,frame_00605,frame_00607,TRAIN,TRAIN,no,v40c_00283,no,yes,yes,
orig_000467,original_phash,,,,frame_00605,frame_00608,TRAIN,TRAIN,no,v40c_00283,no,yes,yes,
orig_000468,original_phash,,,,frame_00605,frame_00609,TRAIN,TRAIN,no,v40c_00283,no,yes,yes,
orig_000469,original_dhash,,,,frame_00605,frame_00612,TRAIN,TRAIN,no,v40c_00283,no,no,yes,
orig_000470,original_phash,,,,frame_00605,frame_00616,TRAIN,TRAIN,no,v40c_00283,no,yes,no,
orig_000471,original_phash,,,,frame_00605,frame_00617,TRAIN,TRAIN,no,v40c_00283,no,yes,no,
orig_000472,original_phash,,,,frame_00605,frame_00618,TRAIN,TRAIN,no,v40c_00283,no,yes,no,
orig_000473,original_phash,,,,frame_00606,frame_00607,TRAIN,TRAIN,no,v40c_00283,no,yes,yes,
orig_000474,original_phash,,,,frame_00606,frame_00608,TRAIN,TRAIN,no,v40c_00283,no,yes,no,
orig_000475,original_phash,,,,frame_00606,frame_00609,TRAIN,TRAIN,no,v40c_00283,no,yes,yes,
orig_000476,original_phash,,,,frame_00606,frame_00610,TRAIN,TRAIN,no,v40c_00283,no,yes,no,
orig_000477,original_phash,,,,frame_00606,frame_00612,TRAIN,TRAIN,no,v40c_00283,no,yes,yes,
orig_000478,original_phash,,,,frame_00607,frame_00608,TRAIN,TRAIN,no,v40c_00283,no,yes,yes,
orig_000479,original_phash,,,,frame_00607,frame_00609,TRAIN,TRAIN,no,v40c_00283,no,yes,yes,
orig_000480,original_phash,,,,frame_00607,frame_00610,TRAIN,TRAIN,no,v40c_00283,no,yes,no,
orig_000481,original_phash,,,,frame_00607,frame_00611,TRAIN,TRAIN,no,v40c_00283,no,yes,no,
orig_000482,original_phash,,,,frame_00607,frame_00612,TRAIN,TRAIN,no,v40c_00283,no,yes,yes,
orig_000483,original_phash,,,,frame_00607,frame_00617,TRAIN,TRAIN,no,v40c_00283,no,yes,no,
orig_000484,original_phash,,,,frame_00608,frame_00609,TRAIN,TRAIN,no,v40c_00283,no,yes,yes,
orig_000485,original_phash,,,,frame_00608,frame_00610,TRAIN,TRAIN,no,v40c_00283,no,yes,no,
orig_000486,original_phash,,,,frame_00608,frame_00612,TRAIN,TRAIN,no,v40c_00283,no,yes,yes,
orig_000487,original_phash,,,,frame_00608,frame_00617,TRAIN,TRAIN,no,v40c_00283,no,yes,no,
orig_000488,original_phash,,,,frame_00609,frame_00610,TRAIN,TRAIN,no,v40c_00283,no,yes,no,
orig_000489,original_phash,,,,frame_00609,frame_00611,TRAIN,TRAIN,no,v40c_00283,no,yes,no,
orig_000490,original_phash,,,,frame_00609,frame_00612,TRAIN,TRAIN,no,v40c_00283,no,yes,yes,
orig_000491,original_phash,,,,frame_00610,frame_00611,TRAIN,TRAIN,no,v40c_00283,no,yes,yes,
orig_000492,original_phash,,,,frame_00610,frame_00612,TRAIN,TRAIN,no,v40c_00283,no,yes,yes,
orig_000493,original_phash,,,,frame_00611,frame_00612,TRAIN,TRAIN,no,v40c_00283,no,yes,yes,
orig_000494,original_phash,,,,frame_00611,frame_00614,TRAIN,TRAIN,no,v40c_00283,no,yes,no,
orig_000495,original_phash,,,,frame_00613,frame_00614,TRAIN,TRAIN,no,v40c_00283,no,yes,no,
orig_000496,original_phash,,,,frame_00613,frame_00619,TRAIN,TRAIN,no,v40c_00283,no,yes,no,
orig_000497,original_phash,,,,frame_00613,frame_00622,TRAIN,TRAIN,no,v40c_00283,no,yes,no,
orig_000498,original_phash,,,,frame_00614,frame_00615,TRAIN,TRAIN,no,v40c_00283,no,yes,no,
orig_000499,original_phash,,,,frame_00614,frame_00619,TRAIN,TRAIN,no,v40c_00283,no,yes,no,
orig_000500,original_phash,,,,frame_00614,frame_00620,TRAIN,TRAIN,no,v40c_00283,no,yes,yes,
orig_000501,original_phash,,,,frame_00614,frame_00621,TRAIN,TRAIN,no,v40c_00283,no,yes,no,
orig_000502,original_phash,,,,frame_00615,frame_00616,TRAIN,TRAIN,no,v40c_00283,no,yes,no,
orig_000503,original_phash,,,,frame_00615,frame_00617,TRAIN,TRAIN,no,v40c_00283,no,yes,no,
orig_000504,original_phash,,,,frame_00615,frame_00618,TRAIN,TRAIN,no,v40c_00283,no,yes,no,
orig_000505,original_phash,,,,frame_00615,frame_00619,TRAIN,TRAIN,no,v40c_00283,no,yes,no,
orig_000506,original_phash,,,,frame_00615,frame_00621,TRAIN,TRAIN,no,v40c_00283,no,yes,yes,
orig_000507,original_phash,,,,frame_00616,frame_00617,TRAIN,TRAIN,no,v40c_00283,no,yes,yes,
orig_000508,original_phash,,,,frame_00616,frame_00618,TRAIN,TRAIN,no,v40c_00283,no,yes,yes,
orig_000509,original_dhash,,,,frame_00616,frame_00619,TRAIN,TRAIN,no,v40c_00283,no,no,yes,
orig_000510,original_phash,,,,frame_00616,frame_00621,TRAIN,TRAIN,no,v40c_00283,no,yes,no,
orig_000511,original_phash,,,,frame_00617,frame_00618,TRAIN,TRAIN,no,v40c_00283,no,yes,yes,
orig_000512,original_dhash,,,,frame_00617,frame_00619,TRAIN,TRAIN,no,v40c_00283,no,no,yes,
orig_000513,original_phash,,,,frame_00617,frame_00621,TRAIN,TRAIN,no,v40c_00283,no,yes,no,
orig_000514,original_dhash,,,,frame_00618,frame_00619,TRAIN,TRAIN,no,v40c_00283,no,no,yes,
orig_000515,original_phash,,,,frame_00618,frame_00621,TRAIN,TRAIN,no,v40c_00283,no,yes,no,
orig_000516,original_phash,,,,frame_00619,frame_00620,TRAIN,TRAIN,no,v40c_00283,no,yes,yes,
orig_000517,original_phash,,,,frame_00619,frame_00621,TRAIN,TRAIN,no,v40c_00283,no,yes,no,
orig_000518,original_dhash,,,,frame_00620,frame_00622,TRAIN,TRAIN,no,v40c_00283,no,no,yes,
orig_000519,original_phash,,,,frame_00622,frame_00623,TRAIN,TRAIN,no,v40c_00283,no,yes,yes,
orig_000520,original_dhash,,,,frame_00622,frame_00624,TRAIN,TRAIN,no,v40c_00283,no,no,yes,
orig_000521,original_phash,,,,frame_00623,frame_00624,TRAIN,TRAIN,no,v40c_00283,no,yes,no,
orig_000522,original_phash,,,,frame_00625,frame_00626,TRAIN,TRAIN,no,v40c_00284,no,yes,yes,
orig_000523,original_phash,,,,frame_00625,frame_00627,TRAIN,TRAIN,no,v40c_00284,no,yes,yes,
orig_000524,original_dhash,,,,frame_00625,frame_00628,TRAIN,TRAIN,no,v40c_00284,no,no,yes,
orig_000525,original_phash,,,,frame_00626,frame_00627,TRAIN,TRAIN,no,v40c_00284,no,yes,yes,
orig_000526,original_phash,,,,frame_00626,frame_00628,TRAIN,TRAIN,no,v40c_00284,no,yes,yes,
orig_000527,original_dhash,,,,frame_00626,frame_00629,TRAIN,TRAIN,no,v40c_00284,no,no,yes,
orig_000528,original_phash,,,,frame_00627,frame_00628,TRAIN,TRAIN,no,v40c_00284,no,yes,yes,
orig_000529,original_dhash,,,,frame_00627,frame_00629,TRAIN,TRAIN,no,v40c_00284,no,no,yes,
orig_000530,original_dhash,,,,frame_00628,frame_00629,TRAIN,TRAIN,no,v40c_00284,no,no,yes,
orig_000531,original_dhash,,,,frame_00628,frame_00631,TRAIN,TRAIN,no,v40c_00284,no,no,yes,
orig_000532,original_phash,,,,frame_00629,frame_00630,TRAIN,TRAIN,no,v40c_00284,no,yes,yes,
orig_000533,original_phash,,,,frame_00629,frame_00632,TRAIN,TRAIN,no,v40c_00284,no,yes,no,
orig_000534,original_phash,,,,frame_00633,frame_00634,TRAIN,TRAIN,no,v40c_00285,no,yes,no,
orig_000535,original_phash,,,,frame_00634,frame_00635,TRAIN,TRAIN,no,v40c_00285,no,yes,no,
orig_000536,original_phash,,,,frame_00641,frame_00642,TRAIN,TRAIN,no,v40c_00291,no,yes,yes,
orig_000537,original_phash,,,,frame_00641,frame_00643,TRAIN,TRAIN,no,v40c_00291,no,yes,no,
orig_000538,original_phash,,,,frame_00642,frame_00643,TRAIN,TRAIN,no,v40c_00291,no,yes,no,
orig_000539,original_dhash,,,,frame_00646,frame_00647,TRAIN,TRAIN,no,v40c_00294,no,no,yes,
orig_000540,original_phash,,,,frame_00647,frame_00648,TRAIN,TRAIN,no,v40c_00294,no,yes,no,
orig_000541,original_phash,,,,frame_00648,frame_00649,TRAIN,TRAIN,no,v40c_00294,no,yes,no,
orig_000542,original_phash,,,,frame_00652,frame_00653,TRAIN,TRAIN,no,v40c_00297,no,yes,no,
orig_000543,original_phash,,,,frame_00652,frame_00654,TRAIN,TRAIN,no,v40c_00297,no,yes,no,
orig_000544,original_phash,,,,frame_00659,frame_00660,TRAIN,TRAIN,no,v40c_00302,no,yes,no,
orig_000545,original_phash,,,,frame_00671,frame_00672,TRAIN,TRAIN,no,v40c_00313,no,yes,no,
orig_000546,original_phash,,,,frame_00679,frame_00680,TRAIN,TRAIN,no,v40c_00320,no,yes,no,
orig_000547,original_phash,,,,frame_00679,frame_00681,TRAIN,TRAIN,no,v40c_00320,no,yes,no,
orig_000548,original_phash,,,,frame_00704,frame_00707,VALIDATION,VALIDATION,no,v40c_00327,no,yes,no,
orig_000549,original_dhash,,,,frame_00705,frame_00706,VALIDATION,VALIDATION,no,v40c_00328,no,no,yes,
orig_000550,original_phash,,,,frame_00709,frame_00710,VALIDATION,VALIDATION,no,v40c_00330,no,yes,no,
orig_000551,original_phash,,,,frame_00709,frame_00711,VALIDATION,VALIDATION,no,v40c_00330,no,yes,no,
orig_000552,original_phash,,,,frame_00709,frame_00712,VALIDATION,VALIDATION,no,v40c_00330,no,yes,no,
orig_000553,original_phash,,,,frame_00710,frame_00711,VALIDATION,VALIDATION,no,v40c_00330,no,yes,no,
orig_000554,original_phash,,,,frame_00710,frame_00712,VALIDATION,VALIDATION,no,v40c_00330,no,yes,no,
orig_000555,original_phash,,,,frame_00711,frame_00712,VALIDATION,VALIDATION,no,v40c_00330,no,yes,no,
orig_000556,original_phash,,,,frame_00713,frame_00714,VALIDATION,VALIDATION,no,v40c_00331,no,yes,yes,
orig_000557,original_phash,,,,frame_00713,frame_00715,VALIDATION,VALIDATION,no,v40c_00331,no,yes,no,
orig_000558,original_phash,,,,frame_00714,frame_00715,VALIDATION,VALIDATION,no,v40c_00331,no,yes,no,
orig_000559,original_dhash,,,,frame_00729,frame_00730,VALIDATION,VALIDATION,no,v40c_00345,no,no,yes,
orig_000560,original_phash,,,,frame_00758,frame_00759,VALIDATION,VALIDATION,no,v40c_00373,no,yes,no,
orig_000561,original_phash,,,,frame_00759,frame_00760,VALIDATION,VALIDATION,no,v40c_00373,no,yes,yes,
orig_000562,original_phash,,,,frame_00761,frame_00762,VALIDATION,VALIDATION,no,v40c_00374,no,yes,no,
orig_000563,original_phash,,,,frame_00762,frame_00763,VALIDATION,VALIDATION,no,v40c_00374,no,yes,no,
orig_000564,original_phash,,,,frame_00765,frame_00766,VALIDATION,VALIDATION,no,v40c_00376,no,yes,no,
orig_000565,original_phash,,,,frame_00787,frame_00788,TRAIN,TRAIN,no,v40c_00381,no,yes,no,
orig_000566,original_dhash,,,,frame_00788,frame_00789,TRAIN,TRAIN,no,v40c_00381,no,no,yes,
orig_000567,original_phash,,,,frame_00789,frame_00790,TRAIN,TRAIN,no,v40c_00381,no,yes,no,
orig_000568,original_phash,,,,frame_00789,frame_00791,TRAIN,TRAIN,no,v40c_00381,no,yes,no,
orig_000569,original_phash,,,,frame_00790,frame_00791,TRAIN,TRAIN,no,v40c_00381,no,yes,yes,
orig_000570,original_phash,,,,frame_00790,frame_00792,TRAIN,TRAIN,no,v40c_00381,no,yes,no,
orig_000571,original_phash,,,,frame_00791,frame_00792,TRAIN,TRAIN,no,v40c_00381,no,yes,no,
orig_000572,original_phash,,,,frame_00792,frame_00793,TRAIN,TRAIN,no,v40c_00381,no,yes,no,
orig_000573,original_phash,,,,frame_00799,frame_00800,TRAIN,TRAIN,no,v40c_00387,no,yes,no,
orig_000574,original_phash,,,,frame_00806,frame_00808,TRAIN,TRAIN,no,v40c_00393,no,yes,no,
orig_000575,original_phash,,,,frame_00808,frame_00810,TRAIN,TRAIN,no,v40c_00393,no,yes,no,
orig_000576,original_phash,,,,frame_00809,frame_00810,TRAIN,TRAIN,no,v40c_00393,no,yes,no,
orig_000577,original_phash,,,,frame_00810,frame_00813,TRAIN,TRAIN,no,v40c_00393,no,yes,no,
orig_000578,original_phash,,,,frame_00811,frame_00812,TRAIN,TRAIN,no,v40c_00393,no,yes,no,
orig_000579,original_phash,,,,frame_00812,frame_00813,TRAIN,TRAIN,no,v40c_00393,no,yes,no,
orig_000580,original_phash,,,,frame_00832,frame_00833,VALIDATION,VALIDATION,no,v40c_00397,no,yes,no,
orig_000581,original_phash,,,,frame_00855,frame_00858,VALIDATION,VALIDATION,no,v40c_00419,no,yes,no,
orig_000582,original_phash,,,,frame_00856,frame_00858,VALIDATION,VALIDATION,no,v40c_00419,no,yes,no,
orig_000583,original_phash,,,,frame_00857,frame_00858,VALIDATION,VALIDATION,no,v40c_00419,no,yes,yes,
orig_000584,original_phash,,,,frame_00863,frame_00864,VALIDATION,VALIDATION,no,v40c_00424,no,yes,no,
orig_000585,original_phash,,,,frame_00869,frame_00870,VALIDATION,VALIDATION,no,v40c_00429,no,yes,no,
orig_000586,original_phash,,,,frame_00869,frame_00872,VALIDATION,VALIDATION,no,v40c_00429,no,yes,no,
orig_000587,original_phash,,,,frame_00870,frame_00872,VALIDATION,VALIDATION,no,v40c_00429,no,yes,no,
orig_000588,original_phash,,,,frame_00871,frame_00872,VALIDATION,VALIDATION,no,v40c_00429,no,yes,no,
orig_000589,original_phash,,,,frame_00883,frame_00884,VALIDATION,VALIDATION,no,v40c_00440,no,yes,no,
orig_000590,original_phash,,,,frame_00884,frame_00885,VALIDATION,VALIDATION,no,v40c_00440,no,yes,no,
orig_000591,original_phash,,,,frame_00884,frame_00886,VALIDATION,VALIDATION,no,v40c_00440,no,yes,no,
orig_000592,original_phash,,,,frame_00886,frame_00887,VALIDATION,VALIDATION,no,v40c_00440,no,yes,yes,
orig_000593,original_phash,,,,frame_00887,frame_00888,VALIDATION,VALIDATION,no,v40c_00440,no,yes,no,
orig_000594,original_phash,,,,frame_00888,frame_00889,VALIDATION,VALIDATION,no,v40c_00440,no,yes,no,
orig_000595,original_phash,,,,frame_00893,frame_00894,VALIDATION,VALIDATION,no,v40c_00444,no,yes,no,
orig_000596,original_phash,,,,frame_00893,frame_00895,VALIDATION,VALIDATION,no,v40c_00444,no,yes,no,
orig_000597,original_phash,,,,frame_00894,frame_00895,VALIDATION,VALIDATION,no,v40c_00444,no,yes,yes,
orig_000598,original_phash,,,,frame_00912,frame_00915,TRAIN,TRAIN,no,v40c_00445,no,yes,no,
orig_000599,original_dhash,,,,frame_00913,frame_00915,TRAIN,TRAIN,no,v40c_00445,no,no,yes,
orig_000600,original_phash,,,,frame_00916,frame_00917,TRAIN,TRAIN,no,v40c_00447,no,yes,no,
orig_000601,original_phash,,,,frame_00920,frame_00921,TRAIN,TRAIN,no,v40c_00450,no,yes,no,
orig_000602,original_phash,,,,frame_00921,frame_00922,TRAIN,TRAIN,no,v40c_00450,no,yes,no,
orig_000603,original_phash,,,,frame_00921,frame_00924,TRAIN,TRAIN,no,v40c_00450,no,yes,no,
orig_000604,original_phash,,,,frame_00922,frame_00923,TRAIN,TRAIN,no,v40c_00450,no,yes,yes,
orig_000605,original_phash,,,,frame_00922,frame_00924,TRAIN,TRAIN,no,v40c_00450,no,yes,yes,
orig_000606,original_phash,,,,frame_00922,frame_00925,TRAIN,TRAIN,no,v40c_00450,no,yes,no,
orig_000607,original_phash,,,,frame_00923,frame_00924,TRAIN,TRAIN,no,v40c_00450,no,yes,yes,
orig_000608,original_phash,,,,frame_00924,frame_00925,TRAIN,TRAIN,no,v40c_00450,no,yes,no,
orig_000609,original_dhash,,,,frame_00926,frame_00927,TRAIN,TRAIN,no,v40c_00451,no,no,yes,
orig_000610,original_dhash,,,,frame_00926,frame_00929,TRAIN,TRAIN,no,v40c_00451,no,no,yes,
orig_000611,original_dhash,,,,frame_00927,frame_00928,TRAIN,TRAIN,no,v40c_00451,no,no,yes,
orig_000612,original_dhash,,,,frame_00927,frame_00929,TRAIN,TRAIN,no,v40c_00451,no,no,yes,
orig_000613,original_phash,,,,frame_00933,frame_00940,VALIDATION,VALIDATION,no,v40c_00454,no,yes,no,
orig_000614,original_phash,,,,frame_00933,frame_00961,VALIDATION,VALIDATION,no,v40c_00454,no,yes,no,
orig_000615,original_phash,,,,frame_00933,frame_00969,VALIDATION,VALIDATION,no,v40c_00454,no,yes,no,
orig_000616,original_phash,,,,frame_00934,frame_00941,VALIDATION,VALIDATION,no,v40c_00454,no,yes,no,
orig_000617,original_phash,,,,frame_00934,frame_00961,VALIDATION,VALIDATION,no,v40c_00454,no,yes,no,
orig_000618,original_phash,,,,frame_00934,frame_00968,VALIDATION,VALIDATION,no,v40c_00454,no,yes,no,
orig_000619,original_phash,,,,frame_00934,frame_00969,VALIDATION,VALIDATION,no,v40c_00454,no,yes,no,
orig_000620,original_phash,,,,frame_00935,frame_00936,VALIDATION,VALIDATION,no,v40c_00454,no,yes,no,
orig_000621,original_phash,,,,frame_00935,frame_00941,VALIDATION,VALIDATION,no,v40c_00454,no,yes,no,
orig_000622,original_phash,,,,frame_00935,frame_00960,VALIDATION,VALIDATION,no,v40c_00454,no,yes,no,
orig_000623,original_dhash,,,,frame_00936,frame_00937,VALIDATION,VALIDATION,no,v40c_00454,no,no,yes,
orig_000624,original_phash,,,,frame_00940,frame_00961,VALIDATION,VALIDATION,no,v40c_00454,no,yes,no,
orig_000625,original_phash,,,,frame_00941,frame_00942,VALIDATION,VALIDATION,no,v40c_00454,no,yes,no,
orig_000626,original_phash,,,,frame_00963,frame_00974,VALIDATION,VALIDATION,no,v40c_00456,no,yes,no,
orig_000627,original_phash,,,,frame_00966,frame_00967,VALIDATION,VALIDATION,no,v40c_00454,no,yes,no,
orig_000628,original_phash,,,,frame_00967,frame_00968,VALIDATION,VALIDATION,no,v40c_00454,no,yes,no,
orig_000629,original_phash,,,,frame_00968,frame_00969,VALIDATION,VALIDATION,no,v40c_00454,no,yes,no,
orig_000630,original_phash,,,,frame_00969,frame_00970,VALIDATION,VALIDATION,no,v40c_00454,no,yes,no,
orig_000631,original_dhash,,,,frame_00977,frame_00978,VALIDATION,VALIDATION,no,v40c_00464,no,no,yes,
orig_000632,original_dhash,,,,frame_00979,frame_00981,VALIDATION,VALIDATION,no,v40c_00465,no,no,yes,
orig_000633,original_phash,,,,frame_00985,frame_00987,VALIDATION,VALIDATION,no,v40c_00470,no,yes,no,
orig_000634,original_phash,,,,frame_00986,frame_00987,VALIDATION,VALIDATION,no,v40c_00470,no,yes,yes,
orig_000635,original_phash,,,,frame_00991,frame_00992,VALIDATION,VALIDATION,no,v40c_00474,no,yes,no,
orig_000636,original_phash,,,,frame_00993,frame_00994,VALIDATION,VALIDATION,no,v40c_00475,no,yes,no,
orig_000637,original_dhash,,,,frame_00996,frame_00998,VALIDATION,VALIDATION,no,v40c_00477,no,no,yes,
orig_000638,original_dhash,,,,frame_01000,frame_01002,VALIDATION,VALIDATION,no,v40c_00480,no,no,yes,
orig_000639,original_dhash,,,,frame_01001,frame_01004,VALIDATION,VALIDATION,no,v40c_00481,no,no,yes,
orig_000640,original_phash,,,,frame_01003,frame_01004,VALIDATION,VALIDATION,no,v40c_00481,no,yes,no,
orig_000641,original_phash,,,,frame_01006,frame_01010,VALIDATION,VALIDATION,no,v40c_00483,no,yes,no,
orig_000642,original_phash,,,,frame_01007,frame_01009,VALIDATION,VALIDATION,no,v40c_00483,no,yes,no,
orig_000643,original_phash,,,,frame_01007,frame_01010,VALIDATION,VALIDATION,no,v40c_00483,no,yes,no,
orig_000644,original_phash,,,,frame_01007,frame_01011,VALIDATION,VALIDATION,no,v40c_00483,no,yes,no,
orig_000645,original_phash,,,,frame_01007,frame_01012,VALIDATION,VALIDATION,no,v40c_00483,no,yes,no,
orig_000646,original_phash,,,,frame_01009,frame_01012,VALIDATION,VALIDATION,no,v40c_00483,no,yes,no,
orig_000647,original_phash,,,,frame_01010,frame_01011,VALIDATION,VALIDATION,no,v40c_00483,no,yes,yes,
orig_000648,original_phash,,,,frame_01010,frame_01012,VALIDATION,VALIDATION,no,v40c_00483,no,yes,no,
orig_000649,original_phash,,,,frame_01011,frame_01012,VALIDATION,VALIDATION,no,v40c_00483,no,yes,no,
orig_000650,original_phash,,,,frame_01019,frame_01020,VALIDATION,VALIDATION,no,v40c_00491,no,yes,no,
orig_000651,original_phash,,,,frame_01041,frame_01042,TRAIN,TRAIN,no,v40c_00496,no,yes,no,
orig_000652,original_phash,,,,frame_01042,frame_01044,TRAIN,TRAIN,no,v40c_00496,no,yes,no,
orig_000653,original_phash,,,,frame_01045,frame_01047,TRAIN,TRAIN,no,v40c_00498,no,yes,no,
orig_000654,original_dhash,,,,frame_01073,frame_01074,TRAIN,TRAIN,no,v40c_00525,no,no,yes,
orig_000655,original_phash,,,,frame_01076,frame_01077,VALIDATION,VALIDATION,no,v40c_00526,no,yes,yes,
orig_000656,original_phash,,,,frame_01076,frame_01078,VALIDATION,VALIDATION,no,v40c_00526,no,yes,yes,
orig_000657,original_phash,,,,frame_01077,frame_01078,VALIDATION,VALIDATION,no,v40c_00526,no,yes,yes,
orig_000658,original_dhash,,,,frame_01086,frame_01087,TRAIN,TRAIN,no,v40c_00533,no,no,yes,
orig_000659,original_phash,,,,frame_01091,frame_01092,TRAIN,TRAIN,no,v40c_00536,no,yes,yes,
orig_000660,original_phash,,,,frame_01091,frame_01093,TRAIN,TRAIN,no,v40c_00536,no,yes,yes,
orig_000661,original_phash,,,,frame_01092,frame_01093,TRAIN,TRAIN,no,v40c_00536,no,yes,no,
orig_000662,original_phash,,,,frame_01094,frame_01101,TRAIN,TRAIN,no,v40c_00537,no,yes,no,
orig_000663,original_phash,,,,frame_01096,frame_01098,TRAIN,TRAIN,no,v40c_00539,no,yes,no,
orig_000664,original_dhash,,,,frame_01104,frame_01106,TRAIN,TRAIN,no,v40c_00545,no,no,yes,
orig_000665,original_phash,,,,frame_01105,frame_01106,TRAIN,TRAIN,no,v40c_00545,no,yes,yes,
orig_000666,original_dhash,,,,frame_01105,frame_01107,TRAIN,TRAIN,no,v40c_00545,no,no,yes,
orig_000667,original_dhash,,,,frame_01106,frame_01107,TRAIN,TRAIN,no,v40c_00545,no,no,yes,
orig_000668,original_phash,,,,frame_01121,frame_01122,TRAIN,TRAIN,no,v40c_00558,no,yes,no,
orig_000669,original_phash,,,,frame_01121,frame_01123,TRAIN,TRAIN,no,v40c_00558,no,yes,no,
orig_000670,original_phash,,,,frame_01121,frame_01124,TRAIN,TRAIN,no,v40c_00558,no,yes,no,
orig_000671,original_phash,,,,frame_01122,frame_01123,TRAIN,TRAIN,no,v40c_00558,no,yes,yes,
orig_000672,original_phash,,,,frame_01122,frame_01124,TRAIN,TRAIN,no,v40c_00558,no,yes,no,
orig_000673,original_phash,,,,frame_01123,frame_01124,TRAIN,TRAIN,no,v40c_00558,no,yes,no,
orig_000674,original_phash,,,,frame_01132,frame_01135,TRAIN,TRAIN,no,v40c_00566,no,yes,no,
orig_000675,original_dhash,,,,frame_01133,frame_01134,TRAIN,TRAIN,no,v40c_00566,no,no,yes,
orig_000676,original_phash,,,,frame_01133,frame_01135,TRAIN,TRAIN,no,v40c_00566,no,yes,yes,
orig_000677,original_dhash,,,,frame_01158,frame_01159,TRAIN,TRAIN,no,v40c_00589,no,no,yes,
orig_000678,original_phash,,,,frame_01163,frame_01164,TRAIN,TRAIN,no,v40c_00593,no,yes,yes,
orig_000679,original_dhash,,,,frame_01168,frame_01169,VALIDATION,VALIDATION,no,v40c_00596,no,no,yes,
orig_000680,original_dhash,,,,frame_01169,frame_01170,VALIDATION,VALIDATION,no,v40c_00596,no,no,yes,
orig_000681,original_dhash,,,,frame_01169,frame_01171,VALIDATION,VALIDATION,no,v40c_00596,no,no,yes,
orig_000682,original_phash,,,,frame_01170,frame_01171,VALIDATION,VALIDATION,no,v40c_00596,no,yes,yes,
orig_000683,original_phash,,,,frame_01178,frame_01179,VALIDATION,VALIDATION,no,v40c_00601,no,yes,no,
orig_000684,original_phash,,,,frame_01186,frame_01187,TRAIN,TRAIN,no,v40c_00607,no,yes,no,
orig_000685,original_phash,,,,frame_01188,frame_01189,TRAIN,TRAIN,no,v40c_00608,no,yes,no,
orig_000686,original_phash,,,,frame_01188,frame_01195,TRAIN,TRAIN,no,v40c_00608,no,yes,no,
orig_000687,original_phash,,,,frame_01189,frame_01192,TRAIN,TRAIN,no,v40c_00608,no,yes,no,
orig_000688,original_phash,,,,frame_01189,frame_01195,TRAIN,TRAIN,no,v40c_00608,no,yes,no,
orig_000689,original_phash,,,,frame_01191,frame_01195,TRAIN,TRAIN,no,v40c_00608,no,yes,no,
orig_000690,original_phash,,,,frame_01191,frame_01196,TRAIN,TRAIN,no,v40c_00608,no,yes,no,
orig_000691,original_phash,,,,frame_01192,frame_01195,TRAIN,TRAIN,no,v40c_00608,no,yes,no,
orig_000692,original_phash,,,,frame_01192,frame_01196,TRAIN,TRAIN,no,v40c_00608,no,yes,no,
orig_000693,original_phash,,,,frame_01193,frame_01194,TRAIN,TRAIN,no,v40c_00608,no,yes,no,
orig_000694,original_phash,,,,frame_01193,frame_01195,TRAIN,TRAIN,no,v40c_00608,no,yes,no,
orig_000695,original_phash,,,,frame_01194,frame_01195,TRAIN,TRAIN,no,v40c_00608,no,yes,yes,
orig_000696,original_phash,,,,frame_01195,frame_01196,TRAIN,TRAIN,no,v40c_00608,no,yes,no,
orig_000697,original_phash,,,,frame_01196,frame_01197,TRAIN,TRAIN,no,v40c_00608,no,yes,no,
orig_000698,original_phash,,,,frame_01217,frame_01218,VALIDATION,VALIDATION,no,v40c_00612,no,yes,no,
orig_000699,original_phash,,,,frame_01219,frame_01220,VALIDATION,VALIDATION,no,v40c_00612,no,yes,yes,
orig_000700,original_phash,,,,frame_01223,frame_01224,VALIDATION,VALIDATION,no,v40c_00612,no,yes,no,
orig_000701,original_phash,,,,frame_01224,frame_01225,VALIDATION,VALIDATION,no,v40c_00612,no,yes,no,
orig_000702,original_phash,,,,frame_01225,frame_01226,VALIDATION,VALIDATION,no,v40c_00612,no,yes,no,
orig_000703,original_phash,,,,frame_01227,frame_01228,VALIDATION,VALIDATION,no,v40c_00612,no,yes,no,
orig_000704,original_phash,,,,frame_01230,frame_01235,VALIDATION,VALIDATION,no,v40c_00612,no,yes,no,
orig_000705,original_phash,,,,frame_01230,frame_01236,VALIDATION,VALIDATION,no,v40c_00612,no,yes,no,
orig_000706,original_phash,,,,frame_01231,frame_01234,VALIDATION,VALIDATION,no,v40c_00612,no,yes,no,
orig_000707,original_phash,,,,frame_01234,frame_01235,VALIDATION,VALIDATION,no,v40c_00612,no,yes,no,
orig_000708,original_phash,,,,frame_01234,frame_01236,VALIDATION,VALIDATION,no,v40c_00612,no,yes,no,
orig_000709,original_phash,,,,frame_01234,frame_01237,VALIDATION,VALIDATION,no,v40c_00612,no,yes,yes,
orig_000710,original_phash,,,,frame_01235,frame_01236,VALIDATION,VALIDATION,no,v40c_00612,no,yes,yes,
orig_000711,original_phash,,,,frame_01237,frame_01239,VALIDATION,VALIDATION,no,v40c_00612,no,yes,no,
orig_000712,original_phash,,,,frame_01237,frame_01240,VALIDATION,VALIDATION,no,v40c_00612,no,yes,no,
orig_000713,original_phash,,,,frame_01245,frame_01246,VALIDATION,VALIDATION,no,v40c_00618,no,yes,no,
orig_000714,original_phash,,,,frame_01245,frame_01247,VALIDATION,VALIDATION,no,v40c_00618,no,yes,no,
orig_000715,original_phash,,,,frame_01246,frame_01247,VALIDATION,VALIDATION,no,v40c_00618,no,yes,no,
orig_000716,original_phash,,,,frame_01247,frame_01248,VALIDATION,VALIDATION,no,v40c_00618,no,yes,yes,
orig_000717,original_phash,,,,frame_01247,frame_01249,VALIDATION,VALIDATION,no,v40c_00618,no,yes,no,
orig_000718,original_phash,,,,frame_01248,frame_01249,VALIDATION,VALIDATION,no,v40c_00618,no,yes,yes,
orig_000719,original_phash,,,,frame_01248,frame_01250,VALIDATION,VALIDATION,no,v40c_00618,no,yes,no,
orig_000720,original_phash,,,,frame_01250,frame_01251,VALIDATION,VALIDATION,no,v40c_00618,no,yes,no,
orig_000721,original_phash,,,,frame_01253,frame_01254,VALIDATION,VALIDATION,no,v40c_00620,no,yes,no,
orig_000722,original_phash,,,,frame_01256,frame_01257,VALIDATION,VALIDATION,no,v40c_00622,no,yes,yes,
orig_000723,original_dhash,,,,frame_01257,frame_01258,VALIDATION,VALIDATION,no,v40c_00622,no,no,yes,
orig_000724,original_phash,,,,frame_01266,frame_01267,VALIDATION,VALIDATION,no,v40c_00630,no,yes,no,
orig_000725,original_dhash,,,,frame_01272,frame_01273,VALIDATION,VALIDATION,no,v40c_00635,no,no,yes,
orig_000726,original_dhash,,,,frame_01272,frame_01274,VALIDATION,VALIDATION,no,v40c_00635,no,no,yes,
orig_000727,original_phash,,,,frame_01273,frame_01274,VALIDATION,VALIDATION,no,v40c_00635,no,yes,yes,
orig_000728,original_phash,,,,frame_01303,frame_01304,TRAIN,TRAIN,no,v40c_00648,no,yes,yes,
orig_000729,original_phash,,,,frame_01303,frame_01305,TRAIN,TRAIN,no,v40c_00648,no,yes,yes,
orig_000730,original_phash,,,,frame_01304,frame_01305,TRAIN,TRAIN,no,v40c_00648,no,yes,yes,
orig_000731,original_dhash,,,,frame_01332,frame_01333,TRAIN,TRAIN,no,v40c_00674,no,no,yes,
orig_000732,original_phash,,,,frame_01358,frame_01359,TRAIN,TRAIN,no,v40c_00699,no,yes,no,
orig_000733,original_phash,,,,frame_01377,frame_01378,TRAIN,TRAIN,no,v40c_00717,no,yes,no,
orig_000734,original_phash,,,,frame_01387,frame_01388,TRAIN,TRAIN,no,v40c_00726,no,yes,no,
orig_000735,original_phash,,,,frame_01387,frame_01389,TRAIN,TRAIN,no,v40c_00726,no,yes,no,
orig_000736,original_phash,,,,frame_01388,frame_01389,TRAIN,TRAIN,no,v40c_00726,no,yes,no,
orig_000737,original_dhash,,,,frame_01390,frame_01391,TRAIN,TRAIN,no,v40c_00727,no,no,yes,
orig_000738,original_phash,,,,frame_01390,frame_01392,TRAIN,TRAIN,no,v40c_00727,no,yes,no,
orig_000739,original_phash,,,,frame_01394,frame_01395,TRAIN,TRAIN,no,v40c_00729,no,yes,yes,
orig_000740,original_phash,,,,frame_01400,frame_01401,TRAIN,TRAIN,no,v40c_00734,no,yes,no,
orig_000741,original_phash,,,,frame_01403,frame_01404,TRAIN,TRAIN,no,v40c_00736,no,yes,yes,
orig_000742,original_phash,,,,frame_01404,frame_01405,TRAIN,TRAIN,no,v40c_00736,no,yes,no,
orig_000743,original_phash,,,,frame_01406,frame_01407,TRAIN,TRAIN,no,v40c_00737,no,yes,yes,
orig_000744,original_phash,,,,frame_01415,frame_01416,TRAIN,TRAIN,no,v40c_00745,no,yes,yes,
orig_000745,original_dhash,,,,frame_01416,frame_01417,TRAIN,TRAIN,no,v40c_00745,no,no,yes,
orig_000746,original_dhash,,,,frame_01425,frame_01426,TRAIN,TRAIN,no,v40c_00753,no,no,yes,
orig_000747,original_phash,,,,frame_01425,frame_01427,TRAIN,TRAIN,no,v40c_00753,no,yes,no,
orig_000748,original_phash,,,,frame_01426,frame_01427,TRAIN,TRAIN,no,v40c_00753,no,yes,no,
orig_000749,original_phash,,,,frame_01426,frame_01428,TRAIN,TRAIN,no,v40c_00753,no,yes,no,
orig_000750,original_phash,,,,frame_01427,frame_01428,TRAIN,TRAIN,no,v40c_00753,no,yes,no,
orig_000751,original_phash,,,,frame_01445,frame_01446,TRAIN,TRAIN,no,v40c_00770,no,yes,no,
orig_000752,original_phash,,,,frame_01454,frame_01455,TRAIN,TRAIN,no,v40c_00778,no,yes,no,
orig_000753,original_phash,,,,frame_01454,frame_01456,TRAIN,TRAIN,no,v40c_00778,no,yes,no,
orig_000754,original_phash,,,,frame_01455,frame_01456,TRAIN,TRAIN,no,v40c_00778,no,yes,no,
orig_000755,original_phash,,,,frame_01462,frame_01463,TRAIN,TRAIN,no,v40c_00784,no,yes,no,
orig_000756,original_phash,,,,frame_01472,frame_01473,TRAIN,TRAIN,no,v40c_00793,no,yes,no,
orig_000757,original_phash,,,,frame_01486,frame_01487,TRAIN,TRAIN,no,v40c_00806,no,yes,no,
orig_000758,original_phash,,,,frame_01488,frame_01489,TRAIN,TRAIN,no,v40c_00807,no,yes,no,
orig_000759,original_phash,,,,frame_01490,frame_01491,TRAIN,TRAIN,no,v40c_00808,no,yes,no,
orig_000760,original_phash,,,,frame_01494,frame_01495,TRAIN,TRAIN,no,v40c_00811,no,yes,no,
orig_000761,original_phash,,,,frame_01498,frame_01499,TRAIN,TRAIN,no,v40c_00814,no,yes,no,
orig_000762,original_phash,,,,frame_01498,frame_01500,TRAIN,TRAIN,no,v40c_00814,no,yes,no,
orig_000763,original_phash,,,,frame_01498,frame_01501,TRAIN,TRAIN,no,v40c_00814,no,yes,no,
orig_000764,original_phash,,,,frame_01499,frame_01500,TRAIN,TRAIN,no,v40c_00814,no,yes,no,
orig_000765,original_phash,,,,frame_01499,frame_01501,TRAIN,TRAIN,no,v40c_00814,no,yes,no,
orig_000766,original_phash,,,,frame_01509,frame_01510,TRAIN,TRAIN,no,v40c_00822,no,yes,no,
orig_000767,original_phash,,,,frame_01524,frame_01525,TRAIN,TRAIN,no,v40c_00836,no,yes,no,
orig_000768,original_phash,,,,frame_01536,frame_01537,TRAIN,TRAIN,no,v40c_00847,no,yes,no,
orig_000769,original_phash,,,,frame_01541,frame_01542,TRAIN,TRAIN,no,v40c_00851,no,yes,no,
orig_000770,original_phash,,,,frame_01562,frame_01563,TRAIN,TRAIN,no,v40c_00871,no,yes,no,
orig_000771,original_phash,,,,frame_01567,frame_01568,TRAIN,TRAIN,no,v40c_00875,no,yes,no,
orig_000772,original_phash,,,,frame_01568,frame_01569,TRAIN,TRAIN,no,v40c_00875,no,yes,no,
orig_000773,original_phash,,,,frame_01576,frame_01577,TRAIN,TRAIN,no,v40c_00882,no,yes,no,
orig_000774,original_phash,,,,frame_01576,frame_01578,TRAIN,TRAIN,no,v40c_00882,no,yes,no,
orig_000775,original_phash,,,,frame_01577,frame_01578,TRAIN,TRAIN,no,v40c_00882,no,yes,no,
orig_000776,original_phash,,,,frame_01583,frame_01584,TRAIN,TRAIN,no,v40c_00887,no,yes,no,
orig_000777,original_phash,,,,frame_01584,frame_01585,TRAIN,TRAIN,no,v40c_00887,no,yes,no,
orig_000778,original_phash,,,,frame_01584,frame_01586,TRAIN,TRAIN,no,v40c_00887,no,yes,no,
orig_000779,original_phash,,,,frame_01585,frame_01586,TRAIN,TRAIN,no,v40c_00887,no,yes,no,
orig_000780,original_phash,,,,frame_01586,frame_01588,TRAIN,TRAIN,no,v40c_00887,no,yes,no,
orig_000781,original_phash,,,,frame_01587,frame_01588,TRAIN,TRAIN,no,v40c_00887,no,yes,no,
orig_000782,original_phash,,,,frame_01595,frame_01596,TRAIN,TRAIN,no,v40c_00894,no,yes,no,
orig_000783,original_phash,,,,frame_01595,frame_01599,TRAIN,TRAIN,no,v40c_00894,no,yes,no,
orig_000784,original_phash,,,,frame_01596,frame_01597,TRAIN,TRAIN,no,v40c_00894,no,yes,no,
orig_000785,original_phash,,,,frame_01596,frame_01599,TRAIN,TRAIN,no,v40c_00894,no,yes,no,
orig_000786,original_phash,,,,frame_01597,frame_01599,TRAIN,TRAIN,no,v40c_00894,no,yes,no,
orig_000787,original_phash,,,,frame_01598,frame_01599,TRAIN,TRAIN,no,v40c_00894,no,yes,yes,
orig_000788,original_phash,,,,frame_01604,frame_01605,TRAIN,TRAIN,no,v40c_00899,no,yes,no,
orig_000789,original_phash,,,,frame_01606,frame_01607,TRAIN,TRAIN,no,v40c_00900,no,yes,no,
orig_000790,original_phash,,,,frame_01610,frame_01611,TRAIN,TRAIN,no,v40c_00903,no,yes,no,
orig_000791,original_phash,,,,frame_01613,frame_01614,TRAIN,TRAIN,no,v40c_00905,no,yes,no,
orig_000792,original_phash,,,,frame_01614,frame_01615,TRAIN,TRAIN,no,v40c_00905,no,yes,no,
orig_000793,original_phash,,,,frame_01614,frame_01616,TRAIN,TRAIN,no,v40c_00905,no,yes,no,
orig_000794,original_phash,,,,frame_01615,frame_01616,TRAIN,TRAIN,no,v40c_00905,no,yes,no,
orig_000795,original_phash,,,,frame_01617,frame_01620,TRAIN,TRAIN,no,v40c_00906,no,yes,no,
orig_000796,original_phash,,,,frame_01621,frame_01622,TRAIN,TRAIN,no,v40c_00909,no,yes,no,
orig_000797,original_phash,,,,frame_01625,frame_01626,TRAIN,TRAIN,no,v40c_00912,no,yes,no,
orig_000798,original_phash,,,,frame_01625,frame_01627,TRAIN,TRAIN,no,v40c_00912,no,yes,no,
orig_000799,original_phash,,,,frame_01626,frame_01627,TRAIN,TRAIN,no,v40c_00912,no,yes,no,
orig_000800,original_phash,,,,frame_01627,frame_01632,TRAIN,TRAIN,no,v40c_00912,no,yes,no,
orig_000801,original_phash,,,,frame_01629,frame_01630,TRAIN,TRAIN,no,v40c_00912,no,yes,no,
orig_000802,original_phash,,,,frame_01629,frame_01631,TRAIN,TRAIN,no,v40c_00912,no,yes,no,
orig_000803,original_phash,,,,frame_01629,frame_01632,TRAIN,TRAIN,no,v40c_00912,no,yes,no,
orig_000804,original_phash,,,,frame_01630,frame_01631,TRAIN,TRAIN,no,v40c_00912,no,yes,yes,
orig_000805,original_phash,,,,frame_01640,frame_01645,TRAIN,TRAIN,no,v40c_00921,no,yes,no,
orig_000806,original_phash,,,,frame_01641,frame_01642,TRAIN,TRAIN,no,v40c_00922,no,yes,no,
orig_000807,original_phash,,,,frame_01641,frame_01643,TRAIN,TRAIN,no,v40c_00922,no,yes,no,
orig_000808,original_phash,,,,frame_01642,frame_01643,TRAIN,TRAIN,no,v40c_00922,no,yes,no,
orig_000809,original_phash,,,,frame_01642,frame_01644,TRAIN,TRAIN,no,v40c_00922,no,yes,no,
orig_000810,original_phash,,,,frame_01643,frame_01644,TRAIN,TRAIN,no,v40c_00922,no,yes,no,
orig_000811,original_phash,,,,frame_01655,frame_01656,TRAIN,TRAIN,no,v40c_00932,no,yes,yes,
orig_000812,original_phash,,,,frame_01657,frame_01658,TRAIN,TRAIN,no,v40c_00933,no,yes,yes,
orig_000813,original_phash,,,,frame_01659,frame_01660,TRAIN,TRAIN,no,v40c_00934,no,yes,no,
orig_000814,original_phash,,,,frame_01659,frame_01661,TRAIN,TRAIN,no,v40c_00934,no,yes,no,
orig_000815,original_phash,,,,frame_01660,frame_01661,TRAIN,TRAIN,no,v40c_00934,no,yes,no,
orig_000816,original_phash,,,,frame_01662,frame_01663,TRAIN,TRAIN,no,v40c_00935,no,yes,no,
orig_000817,original_phash,,,,frame_01664,frame_01665,TRAIN,TRAIN,no,v40c_00936,no,yes,no,
orig_000818,original_phash,,,,frame_01672,frame_01673,TRAIN,TRAIN,no,v40c_00943,no,yes,no,
orig_000819,original_phash,,,,frame_01675,frame_01676,TRAIN,TRAIN,no,v40c_00945,no,yes,yes,
orig_000820,original_phash,,,,frame_01677,frame_01678,TRAIN,TRAIN,no,v40c_00946,no,yes,no,
orig_000821,original_phash,,,,frame_01684,frame_01685,TRAIN,TRAIN,no,v40c_00952,no,yes,no,
orig_000822,original_phash,,,,frame_01685,frame_01686,TRAIN,TRAIN,no,v40c_00952,no,yes,no,
orig_000823,original_phash,,,,frame_01685,frame_01687,TRAIN,TRAIN,no,v40c_00952,no,yes,no,
orig_000824,original_phash,,,,frame_01686,frame_01687,TRAIN,TRAIN,no,v40c_00952,no,yes,no,
orig_000825,original_phash,,,,frame_01687,frame_01688,TRAIN,TRAIN,no,v40c_00952,no,yes,no,
orig_000826,original_phash,,,,frame_01688,frame_01689,TRAIN,TRAIN,no,v40c_00952,no,yes,yes,
orig_000827,original_phash,,,,frame_01688,frame_01690,TRAIN,TRAIN,no,v40c_00952,no,yes,no,
orig_000828,original_phash,,,,frame_01690,frame_01691,TRAIN,TRAIN,no,v40c_00952,no,yes,no,
orig_000829,original_phash,,,,frame_01691,frame_01692,TRAIN,TRAIN,no,v40c_00952,no,yes,no,
orig_000830,original_phash,,,,frame_01691,frame_01693,TRAIN,TRAIN,no,v40c_00952,no,yes,no,
orig_000831,original_phash,,,,frame_01693,frame_01694,TRAIN,TRAIN,no,v40c_00952,no,yes,no,
orig_000832,original_dhash,,,,frame_01703,frame_01704,TRAIN,TRAIN,no,v40c_00961,no,no,yes,
orig_000833,original_phash,,,,frame_01706,frame_01707,TRAIN,TRAIN,no,v40c_00963,no,yes,no,
orig_000834,original_phash,,,,frame_01707,frame_01708,TRAIN,TRAIN,no,v40c_00963,no,yes,no,
orig_000835,original_phash,,,,frame_01711,frame_01712,TRAIN,TRAIN,no,v40c_00966,no,yes,no,
orig_000836,original_phash,,,,frame_01711,frame_01713,TRAIN,TRAIN,no,v40c_00966,no,yes,no,
orig_000837,original_phash,,,,frame_01712,frame_01713,TRAIN,TRAIN,no,v40c_00966,no,yes,no,
orig_000838,original_phash,,,,frame_01713,frame_01714,TRAIN,TRAIN,no,v40c_00966,no,yes,yes,
orig_000839,original_phash,,,,frame_01716,frame_01717,TRAIN,TRAIN,no,v40c_00968,no,yes,no,
orig_000840,original_phash,,,,frame_01716,frame_01718,TRAIN,TRAIN,no,v40c_00968,no,yes,no,
orig_000841,original_phash,,,,frame_01717,frame_01718,TRAIN,TRAIN,no,v40c_00968,no,yes,yes,
orig_000842,original_dhash,,,,frame_01718,frame_01719,TRAIN,TRAIN,no,v40c_00968,no,no,yes,
orig_000843,original_phash,,,,frame_01725,frame_01726,TRAIN,TRAIN,no,v40c_00974,no,yes,no,
orig_000844,original_phash,,,,frame_01729,frame_01730,TRAIN,TRAIN,no,v40c_00977,no,yes,no,
orig_000845,original_phash,,,,frame_01731,frame_01733,TRAIN,TRAIN,no,v40c_00978,no,yes,no,
orig_000846,original_phash,,,,frame_01734,frame_01735,TRAIN,TRAIN,no,v40c_00980,no,yes,yes,
orig_000847,original_phash,,,,frame_01734,frame_01736,TRAIN,TRAIN,no,v40c_00980,no,yes,yes,
orig_000848,original_phash,,,,frame_01735,frame_01736,TRAIN,TRAIN,no,v40c_00980,no,yes,no,
orig_000849,original_phash,,,,frame_01735,frame_01737,TRAIN,TRAIN,no,v40c_00980,no,yes,no,
orig_000850,original_phash,,,,frame_01740,frame_01742,TRAIN,TRAIN,no,v40c_00983,no,yes,no,
orig_000851,original_dhash,,,,frame_01742,frame_01745,TRAIN,TRAIN,no,v40c_00983,no,no,yes,
orig_000852,original_phash,,,,frame_01743,frame_01745,TRAIN,TRAIN,no,v40c_00983,no,yes,no,
orig_000853,original_phash,,,,frame_01750,frame_01751,TRAIN,TRAIN,no,v40c_00990,no,yes,no,
orig_000854,original_phash,,,,frame_01751,frame_01752,TRAIN,TRAIN,no,v40c_00990,no,yes,no,
orig_000855,original_phash,,,,frame_01756,frame_01757,TRAIN,TRAIN,no,v40c_00994,no,yes,no,
orig_000856,original_phash,,,,frame_01762,frame_01763,TRAIN,TRAIN,no,v40c_00999,no,yes,no,
orig_000857,original_phash,,,,frame_01762,frame_01764,TRAIN,TRAIN,no,v40c_00999,no,yes,no,
orig_000858,original_phash,,,,frame_01763,frame_01764,TRAIN,TRAIN,no,v40c_00999,no,yes,no,
orig_000859,original_phash,,,,frame_01764,frame_01765,TRAIN,TRAIN,no,v40c_00999,no,yes,no,
orig_000860,original_phash,,,,frame_01765,frame_01766,TRAIN,TRAIN,no,v40c_00999,no,yes,no,
orig_000861,original_phash,,,,frame_01766,frame_01767,TRAIN,TRAIN,no,v40c_00999,no,yes,no,
orig_000862,original_phash,,,,frame_01774,frame_01775,TRAIN,TRAIN,no,v40c_01006,no,yes,no,
orig_000863,original_phash,,,,frame_01774,frame_01776,TRAIN,TRAIN,no,v40c_01006,no,yes,no,
orig_000864,original_phash,,,,frame_01776,frame_01777,TRAIN,TRAIN,no,v40c_01006,no,yes,no,
orig_000865,original_phash,,,,frame_01783,frame_01785,TRAIN,TRAIN,no,v40c_01012,no,yes,no,
orig_000866,original_phash,,,,frame_01784,frame_01785,TRAIN,TRAIN,no,v40c_01012,no,yes,no,
orig_000867,original_phash,,,,frame_01784,frame_01786,TRAIN,TRAIN,no,v40c_01012,no,yes,no,
orig_000868,original_phash,,,,frame_01785,frame_01786,TRAIN,TRAIN,no,v40c_01012,no,yes,no,
orig_000869,original_phash,,,,frame_01789,frame_01790,TRAIN,TRAIN,no,v40c_01015,no,yes,no,
orig_000870,original_phash,,,,frame_01789,frame_01791,TRAIN,TRAIN,no,v40c_01015,no,yes,no,
orig_000871,original_phash,,,,frame_01789,frame_01792,TRAIN,TRAIN,no,v40c_01015,no,yes,no,
orig_000872,original_phash,,,,frame_01790,frame_01791,TRAIN,TRAIN,no,v40c_01015,no,yes,no,
orig_000873,original_phash,,,,frame_01791,frame_01792,TRAIN,TRAIN,no,v40c_01015,no,yes,no,
orig_000874,original_phash,,,,frame_01797,frame_01798,TRAIN,TRAIN,no,v40c_01020,no,yes,no,
orig_000875,original_phash,,,,frame_01798,frame_01800,TRAIN,TRAIN,no,v40c_01020,no,yes,no,
orig_000876,original_phash,,,,frame_01798,frame_01801,TRAIN,TRAIN,no,v40c_01020,no,yes,no,
orig_000877,original_dhash,,,,frame_01799,frame_01800,TRAIN,TRAIN,no,v40c_01020,no,no,yes,
orig_000878,original_phash,,,,frame_01800,frame_01801,TRAIN,TRAIN,no,v40c_01020,no,yes,no,
orig_000879,original_dhash,,,,frame_01802,frame_01803,TRAIN,TRAIN,no,v40c_01021,no,no,yes,
orig_000880,original_dhash,,,,frame_01803,frame_01804,TRAIN,TRAIN,no,v40c_01021,no,no,yes,
orig_000881,original_dhash,,,,frame_01803,frame_01806,TRAIN,TRAIN,no,v40c_01021,no,no,yes,
orig_000882,original_dhash,,,,frame_01804,frame_01805,TRAIN,TRAIN,no,v40c_01021,no,no,yes,
orig_000883,original_phash,,,,frame_01804,frame_01806,TRAIN,TRAIN,no,v40c_01021,no,yes,yes,
orig_000884,original_phash,,,,frame_01804,frame_01807,TRAIN,TRAIN,no,v40c_01021,no,yes,no,
orig_000885,original_phash,,,,frame_01805,frame_01806,TRAIN,TRAIN,no,v40c_01021,no,yes,yes,
orig_000886,original_phash,,,,frame_01805,frame_01807,TRAIN,TRAIN,no,v40c_01021,no,yes,no,
orig_000887,original_phash,,,,frame_01806,frame_01807,TRAIN,TRAIN,no,v40c_01021,no,yes,no,
orig_000888,original_phash,,,,frame_01809,frame_01810,TRAIN,TRAIN,no,v40c_01023,no,yes,no,
orig_000889,original_phash,,,,frame_01816,frame_01817,TRAIN,TRAIN,no,v40c_01029,no,yes,no,
orig_000890,original_phash,,,,frame_01819,frame_01820,TRAIN,TRAIN,no,v40c_01031,no,yes,no,
orig_000891,original_phash,,,,frame_01820,frame_01821,TRAIN,TRAIN,no,v40c_01031,no,yes,no,
orig_000892,original_phash,,,,frame_01822,frame_01823,TRAIN,TRAIN,no,v40c_01032,no,yes,no,
orig_000893,original_phash,,,,frame_01824,frame_01825,TRAIN,TRAIN,no,v40c_01033,no,yes,yes,
orig_000894,original_dhash,,,,frame_01824,frame_01826,TRAIN,TRAIN,no,v40c_01033,no,no,yes,
orig_000895,original_phash,,,,frame_01825,frame_01826,TRAIN,TRAIN,no,v40c_01033,no,yes,yes,
orig_000896,original_phash,,,,frame_01826,frame_01827,TRAIN,TRAIN,no,v40c_01033,no,yes,no,
orig_000897,original_phash,,,,frame_01828,frame_01829,TRAIN,TRAIN,no,v40c_01034,no,yes,no,
orig_000898,original_phash,,,,frame_01828,frame_01830,TRAIN,TRAIN,no,v40c_01034,no,yes,no,
orig_000899,original_phash,,,,frame_01828,frame_01831,TRAIN,TRAIN,no,v40c_01034,no,yes,no,
orig_000900,original_phash,,,,frame_01828,frame_01832,TRAIN,TRAIN,no,v40c_01034,no,yes,no,
orig_000901,original_phash,,,,frame_01828,frame_01833,TRAIN,TRAIN,no,v40c_01034,no,yes,no,
orig_000902,original_phash,,,,frame_01829,frame_01830,TRAIN,TRAIN,no,v40c_01034,no,yes,yes,
orig_000903,original_phash,,,,frame_01829,frame_01831,TRAIN,TRAIN,no,v40c_01034,no,yes,no,
orig_000904,original_phash,,,,frame_01829,frame_01832,TRAIN,TRAIN,no,v40c_01034,no,yes,no,
orig_000905,original_phash,,,,frame_01830,frame_01831,TRAIN,TRAIN,no,v40c_01034,no,yes,no,
orig_000906,original_phash,,,,frame_01830,frame_01832,TRAIN,TRAIN,no,v40c_01034,no,yes,yes,
orig_000907,original_phash,,,,frame_01830,frame_01833,TRAIN,TRAIN,no,v40c_01034,no,yes,no,
orig_000908,original_phash,,,,frame_01831,frame_01832,TRAIN,TRAIN,no,v40c_01034,no,yes,yes,
orig_000909,original_phash,,,,frame_01831,frame_01833,TRAIN,TRAIN,no,v40c_01034,no,yes,no,
orig_000910,original_phash,,,,frame_01832,frame_01833,TRAIN,TRAIN,no,v40c_01034,no,yes,no,
orig_000911,original_phash,,,,frame_01832,frame_01834,TRAIN,TRAIN,no,v40c_01034,no,yes,no,
orig_000912,original_phash,,,,frame_01832,frame_01835,TRAIN,TRAIN,no,v40c_01034,no,yes,no,
orig_000913,original_phash,,,,frame_01833,frame_01834,TRAIN,TRAIN,no,v40c_01034,no,yes,no,
orig_000914,original_phash,,,,frame_01833,frame_01835,TRAIN,TRAIN,no,v40c_01034,no,yes,no,
orig_000915,original_dhash,,,,frame_01833,frame_01841,TRAIN,TRAIN,no,v40c_01034,no,no,yes,
orig_000916,original_phash,,,,frame_01834,frame_01835,TRAIN,TRAIN,no,v40c_01034,no,yes,no,
orig_000917,original_phash,,,,frame_01836,frame_01837,TRAIN,TRAIN,no,v40c_01034,no,yes,no,
orig_000918,original_phash,,,,frame_01836,frame_01838,TRAIN,TRAIN,no,v40c_01034,no,yes,yes,
orig_000919,original_phash,,,,frame_01836,frame_01839,TRAIN,TRAIN,no,v40c_01034,no,yes,no,
orig_000920,original_phash,,,,frame_01837,frame_01838,TRAIN,TRAIN,no,v40c_01034,no,yes,yes,
orig_000921,original_phash,,,,frame_01837,frame_01839,TRAIN,TRAIN,no,v40c_01034,no,yes,yes,
orig_000922,original_phash,,,,frame_01837,frame_01840,TRAIN,TRAIN,no,v40c_01034,no,yes,yes,
orig_000923,original_phash,,,,frame_01837,frame_01841,TRAIN,TRAIN,no,v40c_01034,no,yes,yes,
orig_000924,original_phash,,,,frame_01837,frame_01842,TRAIN,TRAIN,no,v40c_01034,no,yes,no,
orig_000925,original_phash,,,,frame_01837,frame_01843,TRAIN,TRAIN,no,v40c_01034,no,yes,no,
orig_000926,original_phash,,,,frame_01837,frame_01848,TRAIN,TRAIN,no,v40c_01034,no,yes,no,
orig_000927,original_phash,,,,frame_01838,frame_01839,TRAIN,TRAIN,no,v40c_01034,no,yes,yes,
orig_000928,original_phash,,,,frame_01838,frame_01840,TRAIN,TRAIN,no,v40c_01034,no,yes,no,
orig_000929,original_phash,,,,frame_01838,frame_01841,TRAIN,TRAIN,no,v40c_01034,no,yes,yes,
orig_000930,original_phash,,,,frame_01838,frame_01842,TRAIN,TRAIN,no,v40c_01034,no,yes,yes,
orig_000931,original_phash,,,,frame_01838,frame_01843,TRAIN,TRAIN,no,v40c_01034,no,yes,no,
orig_000932,original_phash,,,,frame_01838,frame_01848,TRAIN,TRAIN,no,v40c_01034,no,yes,no,
orig_000933,original_phash,,,,frame_01839,frame_01840,TRAIN,TRAIN,no,v40c_01034,no,yes,yes,
orig_000934,original_phash,,,,frame_01839,frame_01841,TRAIN,TRAIN,no,v40c_01034,no,yes,yes,
orig_000935,original_phash,,,,frame_01839,frame_01842,TRAIN,TRAIN,no,v40c_01034,no,yes,yes,
orig_000936,original_phash,,,,frame_01839,frame_01843,TRAIN,TRAIN,no,v40c_01034,no,yes,no,
orig_000937,original_phash,,,,frame_01839,frame_01848,TRAIN,TRAIN,no,v40c_01034,no,yes,no,
orig_000938,original_phash,,,,frame_01840,frame_01841,TRAIN,TRAIN,no,v40c_01034,no,yes,yes,
orig_000939,original_phash,,,,frame_01840,frame_01842,TRAIN,TRAIN,no,v40c_01034,no,yes,no,
orig_000940,original_phash,,,,frame_01840,frame_01843,TRAIN,TRAIN,no,v40c_01034,no,yes,no,
orig_000941,original_phash,,,,frame_01840,frame_01848,TRAIN,TRAIN,no,v40c_01034,no,yes,no,
orig_000942,original_phash,,,,frame_01841,frame_01842,TRAIN,TRAIN,no,v40c_01034,no,yes,yes,
orig_000943,original_phash,,,,frame_01841,frame_01843,TRAIN,TRAIN,no,v40c_01034,no,yes,no,
orig_000944,original_phash,,,,frame_01841,frame_01848,TRAIN,TRAIN,no,v40c_01034,no,yes,no,
orig_000945,original_phash,,,,frame_01841,frame_01849,TRAIN,TRAIN,no,v40c_01034,no,yes,no,
orig_000946,original_phash,,,,frame_01842,frame_01843,TRAIN,TRAIN,no,v40c_01034,no,yes,no,
orig_000947,original_dhash,,,,frame_01842,frame_01844,TRAIN,TRAIN,no,v40c_01034,no,no,yes,
orig_000948,original_phash,,,,frame_01842,frame_01848,TRAIN,TRAIN,no,v40c_01034,no,yes,no,
orig_000949,original_phash,,,,frame_01842,frame_01849,TRAIN,TRAIN,no,v40c_01034,no,yes,no,
orig_000950,original_phash,,,,frame_01843,frame_01848,TRAIN,TRAIN,no,v40c_01034,no,yes,no,
orig_000951,original_phash,,,,frame_01843,frame_01849,TRAIN,TRAIN,no,v40c_01034,no,yes,no,
orig_000952,original_phash,,,,frame_01844,frame_01845,TRAIN,TRAIN,no,v40c_01034,no,yes,no,
orig_000953,original_phash,,,,frame_01844,frame_01847,TRAIN,TRAIN,no,v40c_01034,no,yes,no,
orig_000954,original_phash,,,,frame_01845,frame_01846,TRAIN,TRAIN,no,v40c_01034,no,yes,no,
orig_000955,original_phash,,,,frame_01845,frame_01847,TRAIN,TRAIN,no,v40c_01034,no,yes,yes,
orig_000956,original_dhash,,,,frame_01846,frame_01847,TRAIN,TRAIN,no,v40c_01034,no,no,yes,
orig_000957,original_phash,,,,frame_01846,frame_01852,TRAIN,TRAIN,no,v40c_01034,no,yes,no,
orig_000958,original_dhash,,,,frame_01847,frame_01848,TRAIN,TRAIN,no,v40c_01034,no,no,yes,
orig_000959,original_dhash,,,,frame_01847,frame_01849,TRAIN,TRAIN,no,v40c_01034,no,no,yes,
orig_000960,original_phash,,,,frame_01848,frame_01849,TRAIN,TRAIN,no,v40c_01034,no,yes,no,
orig_000961,original_phash,,,,frame_01849,frame_01850,TRAIN,TRAIN,no,v40c_01034,no,yes,yes,
orig_000962,original_phash,,,,frame_01849,frame_01851,TRAIN,TRAIN,no,v40c_01034,no,yes,yes,
orig_000963,original_dhash,,,,frame_01850,frame_01851,TRAIN,TRAIN,no,v40c_01034,no,no,yes,
orig_000964,original_phash,,,,frame_01854,frame_01857,TRAIN,TRAIN,no,v40c_01036,no,yes,no,
orig_000965,original_dhash,,,,frame_01855,frame_01856,TRAIN,TRAIN,no,v40c_01036,no,no,yes,
orig_000966,original_phash,,,,frame_01856,frame_01857,TRAIN,TRAIN,no,v40c_01036,no,yes,no,
orig_000967,original_dhash,,,,frame_01861,frame_01864,TRAIN,TRAIN,no,v40c_01040,no,no,yes,
orig_000968,original_phash,,,,frame_01862,frame_01864,TRAIN,TRAIN,no,v40c_01040,no,yes,no,
orig_000969,original_phash,,,,frame_01863,frame_01864,TRAIN,TRAIN,no,v40c_01040,no,yes,no,
orig_000970,original_phash,,,,frame_01863,frame_01865,TRAIN,TRAIN,no,v40c_01040,no,yes,no,
orig_000971,original_phash,,,,frame_01863,frame_01866,TRAIN,TRAIN,no,v40c_01040,no,yes,no,
orig_000972,original_phash,,,,frame_01864,frame_01865,TRAIN,TRAIN,no,v40c_01040,no,yes,yes,
orig_000973,original_phash,,,,frame_01865,frame_01866,TRAIN,TRAIN,no,v40c_01040,no,yes,no,
orig_000974,original_phash,,,,frame_01866,frame_01867,TRAIN,TRAIN,no,v40c_01040,no,yes,no,
orig_000975,original_dhash,,,,frame_01867,frame_01868,TRAIN,TRAIN,no,v40c_01040,no,no,yes,
orig_000976,original_dhash,,,,frame_01872,frame_01873,TRAIN,TRAIN,no,v40c_01044,no,no,yes,
orig_000977,original_dhash,,,,frame_01879,frame_01882,TRAIN,TRAIN,no,v40c_01050,no,no,yes,
orig_000978,original_dhash,,,,frame_01880,frame_01881,TRAIN,TRAIN,no,v40c_01051,no,no,yes,
orig_000979,original_dhash,,,,frame_01883,frame_01885,TRAIN,TRAIN,no,v40c_01052,no,no,yes,
orig_000980,original_dhash,,,,frame_01883,frame_01899,TRAIN,TRAIN,no,v40c_01052,no,no,yes,
orig_000981,original_dhash,,,,frame_01889,frame_01890,TRAIN,TRAIN,no,v40c_01057,no,no,yes,
orig_000982,original_dhash,,,,frame_01892,frame_01894,TRAIN,TRAIN,no,v40c_01059,no,no,yes,
orig_000983,original_dhash,,,,frame_01892,frame_01895,TRAIN,TRAIN,no,v40c_01059,no,no,yes,
orig_000984,original_phash,,,,frame_01893,frame_01894,TRAIN,TRAIN,no,v40c_01059,no,yes,no,
orig_000985,original_dhash,,,,frame_01896,frame_01899,TRAIN,TRAIN,no,v40c_01052,no,no,yes,
orig_000986,original_dhash,,,,frame_01897,frame_01898,TRAIN,TRAIN,no,v40c_01052,no,no,yes,
orig_000987,original_dhash,,,,frame_01898,frame_01899,TRAIN,TRAIN,no,v40c_01052,no,no,yes,
orig_000988,original_phash,,,,frame_01900,frame_01902,TRAIN,TRAIN,no,v40c_01060,no,yes,no,
orig_000989,original_phash,,,,frame_01931,frame_01932,VALIDATION,VALIDATION,no,v40c_01074,no,yes,no,
orig_000990,original_phash,,,,frame_01932,frame_01933,VALIDATION,VALIDATION,no,v40c_01074,no,yes,no,
orig_000991,original_phash,,,,frame_01935,frame_01936,VALIDATION,VALIDATION,no,v40c_01076,no,yes,no,
orig_000992,original_phash,,,,frame_01940,frame_01941,VALIDATION,VALIDATION,no,v40c_01080,no,yes,no,
orig_000993,original_phash,,,,frame_01940,frame_01942,VALIDATION,VALIDATION,no,v40c_01080,no,yes,no,
orig_000994,original_phash,,,,frame_01941,frame_01942,VALIDATION,VALIDATION,no,v40c_01080,no,yes,no,
orig_000995,original_phash,,,,frame_01946,frame_01947,VALIDATION,VALIDATION,no,v40c_01084,no,yes,no,
orig_000996,original_phash,,,,frame_01946,frame_01948,VALIDATION,VALIDATION,no,v40c_01084,no,yes,no,
orig_000997,original_phash,,,,frame_01947,frame_01948,VALIDATION,VALIDATION,no,v40c_01084,no,yes,no,
orig_000998,original_dhash,,,,frame_01960,frame_01961,VALIDATION,VALIDATION,no,v40c_01096,no,no,yes,
orig_000999,original_phash,,,,frame_01960,frame_01962,VALIDATION,VALIDATION,no,v40c_01096,no,yes,no,
orig_001000,original_phash,,,,frame_01961,frame_01962,VALIDATION,VALIDATION,no,v40c_01096,no,yes,no,
orig_001001,original_phash,,,,frame_01965,frame_01966,VALIDATION,VALIDATION,no,v40c_01099,no,yes,no,
orig_001002,original_phash,,,,frame_01967,frame_01969,VALIDATION,VALIDATION,no,v40c_01100,no,yes,no,
orig_001003,original_phash,,,,frame_01972,frame_01973,VALIDATION,VALIDATION,no,v40c_01104,no,yes,no,
orig_001004,original_phash,,,,frame_01978,frame_01979,VALIDATION,VALIDATION,no,v40c_01109,no,yes,no,
orig_001005,original_dhash,,,,frame_01982,frame_01983,VALIDATION,VALIDATION,no,v40c_01112,no,no,yes,
orig_001006,original_phash,,,,frame_02000,frame_02001,TRAIN,TRAIN,no,v40c_01113,no,yes,no,
orig_001007,original_phash,,,,frame_02001,frame_02002,TRAIN,TRAIN,no,v40c_01113,no,yes,no,
orig_001008,original_phash,,,,frame_02002,frame_02003,TRAIN,TRAIN,no,v40c_01113,no,yes,no,
orig_001009,original_phash,,,,frame_02006,frame_02007,TRAIN,TRAIN,no,v40c_01116,no,yes,no,
orig_001010,original_dhash,,,,frame_02010,frame_02011,TRAIN,TRAIN,no,v40c_01119,no,no,yes,
orig_001011,original_phash,,,,frame_02010,frame_02012,TRAIN,TRAIN,no,v40c_01119,no,yes,no,
orig_001012,original_dhash,,,,frame_02011,frame_02012,TRAIN,TRAIN,no,v40c_01119,no,no,yes,
orig_001013,original_phash,,,,frame_02014,frame_02015,TRAIN,TRAIN,no,v40c_01121,no,yes,no,
orig_001014,original_phash,,,,frame_02016,frame_02017,TRAIN,TRAIN,no,v40c_01122,no,yes,no,
orig_001015,original_phash,,,,frame_02017,frame_02019,TRAIN,TRAIN,no,v40c_01122,no,yes,no,
orig_001016,original_phash,,,,frame_02018,frame_02019,TRAIN,TRAIN,no,v40c_01122,no,yes,no,
orig_001017,original_dhash,,,,frame_02022,frame_02023,TRAIN,TRAIN,no,v40c_01125,no,no,yes,
orig_001018,original_phash,,,,frame_02024,frame_02025,TRAIN,TRAIN,no,v40c_01126,no,yes,yes,
orig_001019,original_phash,,,,frame_02024,frame_02026,TRAIN,TRAIN,no,v40c_01126,no,yes,no,
orig_001020,original_phash,,,,frame_02025,frame_02026,TRAIN,TRAIN,no,v40c_01126,no,yes,no,
orig_001021,original_phash,,,,frame_02028,frame_02034,TRAIN,TRAIN,no,v40c_01128,no,yes,no,
orig_001022,original_phash,,,,frame_02029,frame_02030,TRAIN,TRAIN,no,v40c_01129,no,yes,no,
orig_001023,original_phash,,,,frame_02029,frame_02031,TRAIN,TRAIN,no,v40c_01129,no,yes,no,
orig_001024,original_phash,,,,frame_02030,frame_02031,TRAIN,TRAIN,no,v40c_01129,no,yes,yes,
orig_001025,original_phash,,,,frame_02032,frame_02033,TRAIN,TRAIN,no,v40c_01128,no,yes,no,
orig_001026,original_dhash,,,,frame_02033,frame_02034,TRAIN,TRAIN,no,v40c_01128,no,no,yes,
orig_001027,original_phash,,,,frame_02036,frame_02037,TRAIN,TRAIN,no,v40c_01131,no,yes,no,
orig_001028,original_dhash,,,,frame_02038,frame_02039,TRAIN,TRAIN,no,v40c_01132,no,no,yes,
orig_001029,original_phash,,,,frame_02041,frame_02043,TRAIN,TRAIN,no,v40c_01134,no,yes,no,
orig_001030,original_dhash,,,,frame_02041,frame_02046,TRAIN,TRAIN,no,v40c_01134,no,no,yes,
orig_001031,original_phash,,,,frame_02042,frame_02043,TRAIN,TRAIN,no,v40c_01134,no,yes,yes,
orig_001032,original_dhash,,,,frame_02042,frame_02045,TRAIN,TRAIN,no,v40c_01134,no,no,yes,
orig_001033,original_phash,,,,frame_02042,frame_02046,TRAIN,TRAIN,no,v40c_01134,no,yes,yes,
orig_001034,original_dhash,,,,frame_02043,frame_02045,TRAIN,TRAIN,no,v40c_01134,no,no,yes,
orig_001035,original_phash,,,,frame_02043,frame_02046,TRAIN,TRAIN,no,v40c_01134,no,yes,yes,
orig_001036,original_phash,,,,frame_02044,frame_02045,TRAIN,TRAIN,no,v40c_01134,no,yes,yes,
orig_001037,original_dhash,,,,frame_02044,frame_02046,TRAIN,TRAIN,no,v40c_01134,no,no,yes,
orig_001038,original_dhash,,,,frame_02045,frame_02046,TRAIN,TRAIN,no,v40c_01134,no,no,yes,
orig_001039,original_phash,,,,frame_02051,frame_02052,TRAIN,TRAIN,no,v40c_01139,no,yes,yes,
orig_001040,original_phash,,,,frame_02055,frame_02056,TRAIN,TRAIN,no,v40c_01142,no,yes,no,
orig_001041,original_phash,,,,frame_02056,frame_02057,TRAIN,TRAIN,no,v40c_01142,no,yes,yes,
orig_001042,original_phash,,,,frame_02057,frame_02058,TRAIN,TRAIN,no,v40c_01142,no,yes,no,
orig_001043,original_dhash,,,,frame_02061,frame_02062,TRAIN,TRAIN,no,v40c_01145,no,no,yes,
orig_001044,original_dhash,,,,frame_02063,frame_02064,TRAIN,TRAIN,no,v40c_01146,no,no,yes,
orig_001045,original_phash,,,,frame_02068,frame_02070,TRAIN,TRAIN,no,v40c_01150,no,yes,no,
orig_001046,original_dhash,,,,frame_02070,frame_02071,TRAIN,TRAIN,no,v40c_01150,no,no,yes,
orig_001047,original_phash,,,,frame_02072,frame_02077,TRAIN,TRAIN,no,v40c_01152,no,yes,no,
orig_001048,original_phash,,,,frame_02074,frame_02075,TRAIN,TRAIN,no,v40c_01154,no,yes,no,
orig_001049,original_dhash,,,,frame_02075,frame_02076,TRAIN,TRAIN,no,v40c_01154,no,no,yes,
orig_001050,original_dhash,,,,frame_02077,frame_02079,TRAIN,TRAIN,no,v40c_01152,no,no,yes,
orig_001051,original_dhash,,,,frame_02078,frame_02079,TRAIN,TRAIN,no,v40c_01152,no,no,yes,
orig_001052,original_dhash,,,,frame_02083,frame_02084,TRAIN,TRAIN,no,v40c_01158,no,no,yes,
orig_001053,original_dhash,,,,frame_02085,frame_02086,TRAIN,TRAIN,no,v40c_01159,no,no,yes,
orig_001054,original_phash,,,,frame_02094,frame_02095,TRAIN,TRAIN,no,v40c_01167,no,yes,no,
orig_001055,original_dhash,,,,frame_02113,frame_02117,VALIDATION,VALIDATION,no,v40c_01169,no,no,yes,
orig_001056,original_phash,,,,frame_02115,frame_02116,VALIDATION,VALIDATION,no,v40c_01171,no,yes,no,
orig_001057,original_dhash,,,,frame_02127,frame_02128,VALIDATION,VALIDATION,no,v40c_01181,no,no,yes,
orig_001058,original_phash,,,,frame_02130,frame_02131,VALIDATION,VALIDATION,no,v40c_01183,no,yes,no,
orig_001059,original_phash,,,,frame_02132,frame_02135,VALIDATION,VALIDATION,no,v40c_01184,no,yes,no,
orig_001060,original_phash,,,,frame_02136,frame_02137,VALIDATION,VALIDATION,no,v40c_01187,no,yes,no,
orig_001061,original_phash,,,,frame_02136,frame_02138,VALIDATION,VALIDATION,no,v40c_01187,no,yes,no,
orig_001062,original_phash,,,,frame_02136,frame_02139,VALIDATION,VALIDATION,no,v40c_01187,no,yes,no,
orig_001063,original_phash,,,,frame_02137,frame_02138,VALIDATION,VALIDATION,no,v40c_01187,no,yes,no,
orig_001064,original_phash,,,,frame_02137,frame_02139,VALIDATION,VALIDATION,no,v40c_01187,no,yes,no,
orig_001065,original_phash,,,,frame_02138,frame_02139,VALIDATION,VALIDATION,no,v40c_01187,no,yes,no,
orig_001066,original_phash,,,,frame_02148,frame_02149,VALIDATION,VALIDATION,no,v40c_01196,no,yes,no,
orig_001067,original_phash,,,,frame_02149,frame_02150,VALIDATION,VALIDATION,no,v40c_01196,no,yes,no,
orig_001068,original_phash,,,,frame_02151,frame_02153,VALIDATION,VALIDATION,no,v40c_01197,no,yes,no,
orig_001069,original_phash,,,,frame_02160,frame_02161,VALIDATION,VALIDATION,no,v40c_01205,no,yes,no,
orig_001070,original_phash,,,,frame_02160,frame_02162,VALIDATION,VALIDATION,no,v40c_01205,no,yes,no,
orig_001071,original_phash,,,,frame_02161,frame_02162,VALIDATION,VALIDATION,no,v40c_01205,no,yes,no,
orig_001072,original_phash,,,,frame_02178,frame_02179,VALIDATION,VALIDATION,no,v40c_01221,no,yes,no,
orig_001073,original_dhash,,,,frame_02184,frame_02185,VALIDATION,VALIDATION,no,v40c_01226,no,no,yes,
orig_001074,original_phash,,,,frame_02185,frame_02186,VALIDATION,VALIDATION,no,v40c_01226,no,yes,no,
orig_001075,original_phash,,,,frame_02185,frame_02187,VALIDATION,VALIDATION,no,v40c_01226,no,yes,no,
orig_001076,original_phash,,,,frame_02186,frame_02187,VALIDATION,VALIDATION,no,v40c_01226,no,yes,no,
orig_001077,original_phash,,,,frame_02192,frame_02193,VALIDATION,VALIDATION,no,v40c_01231,no,yes,no,
orig_001078,original_phash,,,,frame_02192,frame_02194,VALIDATION,VALIDATION,no,v40c_01231,no,yes,no,
orig_001079,original_phash,,,,frame_02193,frame_02194,VALIDATION,VALIDATION,no,v40c_01231,no,yes,no,
orig_001080,original_phash,,,,frame_02199,frame_02200,VALIDATION,VALIDATION,no,v40c_01236,no,yes,no,
orig_001081,original_phash,,,,frame_02202,frame_02205,VALIDATION,VALIDATION,no,v40c_01238,no,yes,no,
orig_001082,original_phash,,,,frame_02203,frame_02204,VALIDATION,VALIDATION,no,v40c_01238,no,yes,no,
orig_001083,original_phash,,,,frame_02203,frame_02205,VALIDATION,VALIDATION,no,v40c_01238,no,yes,no,
orig_001084,original_phash,,,,frame_02205,frame_02206,VALIDATION,VALIDATION,no,v40c_01238,no,yes,no,
orig_001085,original_phash,,,,frame_02206,frame_02207,VALIDATION,VALIDATION,no,v40c_01238,no,yes,no,
orig_001086,original_phash,,,,frame_02211,frame_02212,VALIDATION,VALIDATION,no,v40c_01242,no,yes,no,
orig_001087,original_phash,,,,frame_02213,frame_02214,VALIDATION,VALIDATION,no,v40c_01243,no,yes,no,
orig_001088,original_phash,,,,frame_02220,frame_02222,VALIDATION,VALIDATION,no,v40c_01249,no,yes,no,
orig_001089,original_phash,,,,frame_02223,frame_02224,VALIDATION,VALIDATION,no,v40c_01251,no,yes,no,
orig_001090,original_phash,,,,frame_02224,frame_02225,VALIDATION,VALIDATION,no,v40c_01251,no,yes,no,
orig_001091,original_phash,,,,frame_02228,frame_02229,VALIDATION,VALIDATION,no,v40c_01254,no,yes,no,
orig_001092,original_phash,,,,frame_02228,frame_02230,VALIDATION,VALIDATION,no,v40c_01254,no,yes,no,
orig_001093,original_phash,,,,frame_02229,frame_02230,VALIDATION,VALIDATION,no,v40c_01254,no,yes,yes,
orig_001094,original_phash,,,,frame_02232,frame_02233,VALIDATION,VALIDATION,no,v40c_01256,no,yes,no,
orig_001095,original_phash,,,,frame_02232,frame_02234,VALIDATION,VALIDATION,no,v40c_01256,no,yes,no,
orig_001096,original_phash,,,,frame_02234,frame_02236,VALIDATION,VALIDATION,no,v40c_01256,no,yes,no,
orig_001097,original_phash,,,,frame_02235,frame_02236,VALIDATION,VALIDATION,no,v40c_01256,no,yes,no,
orig_001098,original_phash,,,,frame_02239,frame_02241,VALIDATION,VALIDATION,no,v40c_01259,no,yes,no,
orig_001099,original_phash,,,,frame_02239,frame_02242,VALIDATION,VALIDATION,no,v40c_01259,no,yes,no,
orig_001100,original_phash,,,,frame_02239,frame_02243,VALIDATION,VALIDATION,no,v40c_01259,no,yes,no,
orig_001101,original_phash,,,,frame_02240,frame_02241,VALIDATION,VALIDATION,no,v40c_01259,no,yes,no,
orig_001102,original_phash,,,,frame_02240,frame_02242,VALIDATION,VALIDATION,no,v40c_01259,no,yes,no,
orig_001103,original_phash,,,,frame_02240,frame_02243,VALIDATION,VALIDATION,no,v40c_01259,no,yes,no,
orig_001104,original_phash,,,,frame_02241,frame_02242,VALIDATION,VALIDATION,no,v40c_01259,no,yes,no,
orig_001105,original_phash,,,,frame_02241,frame_02243,VALIDATION,VALIDATION,no,v40c_01259,no,yes,no,
orig_001106,original_phash,,,,frame_02242,frame_02243,VALIDATION,VALIDATION,no,v40c_01259,no,yes,no,
orig_001107,original_phash,,,,frame_02242,frame_02244,VALIDATION,VALIDATION,no,v40c_01259,no,yes,no,
orig_001108,original_phash,,,,frame_02243,frame_02244,VALIDATION,VALIDATION,no,v40c_01259,no,yes,no,
orig_001109,original_phash,,,,frame_02245,frame_02246,VALIDATION,VALIDATION,no,v40c_01260,no,yes,no,
orig_001110,original_phash,,,,frame_02247,frame_02248,VALIDATION,VALIDATION,no,v40c_01261,no,yes,no,
orig_001111,original_phash,,,,frame_02248,frame_02249,VALIDATION,VALIDATION,no,v40c_01261,no,yes,no,
orig_001112,original_phash,,,,frame_02254,frame_02255,VALIDATION,VALIDATION,no,v40c_01266,no,yes,no,
orig_001113,original_phash,,,,frame_02262,frame_02263,VALIDATION,VALIDATION,no,v40c_01273,no,yes,no,
orig_001114,original_phash,,,,frame_02264,frame_02265,VALIDATION,VALIDATION,no,v40c_01274,no,yes,no,
orig_001115,original_phash,,,,frame_02270,frame_02272,VALIDATION,VALIDATION,no,v40c_01279,no,yes,no,
orig_001116,original_phash,,,,frame_02270,frame_02274,VALIDATION,VALIDATION,no,v40c_01279,no,yes,no,
orig_001117,original_phash,,,,frame_02271,frame_02272,VALIDATION,VALIDATION,no,v40c_01279,no,yes,no,
orig_001118,original_phash,,,,frame_02271,frame_02274,VALIDATION,VALIDATION,no,v40c_01279,no,yes,no,
orig_001119,original_phash,,,,frame_02272,frame_02273,VALIDATION,VALIDATION,no,v40c_01279,no,yes,no,
orig_001120,original_phash,,,,frame_02272,frame_02274,VALIDATION,VALIDATION,no,v40c_01279,no,yes,no,
orig_001121,original_phash,,,,frame_02273,frame_02274,VALIDATION,VALIDATION,no,v40c_01279,no,yes,no,
orig_001122,original_phash,,,,frame_02273,frame_02275,VALIDATION,VALIDATION,no,v40c_01279,no,yes,no,
orig_001123,original_phash,,,,frame_02275,frame_02276,VALIDATION,VALIDATION,no,v40c_01279,no,yes,no,
orig_001124,original_phash,,,,frame_02279,frame_02280,VALIDATION,VALIDATION,no,v40c_01282,no,yes,no,
orig_001125,original_dhash,,,,frame_02282,frame_02283,VALIDATION,VALIDATION,no,v40c_01284,no,no,yes,
orig_001126,original_dhash,,,,frame_02283,frame_02284,VALIDATION,VALIDATION,no,v40c_01284,no,no,yes,
orig_001127,original_phash,,,,frame_02289,frame_02290,VALIDATION,VALIDATION,no,v40c_01289,no,yes,no,
orig_001128,original_phash,,,,frame_02291,frame_02292,VALIDATION,VALIDATION,no,v40c_01290,no,yes,no,
orig_001129,original_phash,,,,frame_02292,frame_02293,VALIDATION,VALIDATION,no,v40c_01290,no,yes,no,
orig_001130,original_phash,,,,frame_02292,frame_02294,VALIDATION,VALIDATION,no,v40c_01290,no,yes,no,
orig_001131,original_phash,,,,frame_02293,frame_02294,VALIDATION,VALIDATION,no,v40c_01290,no,yes,yes,
orig_001132,original_phash,,,,frame_02321,frame_02322,TRAIN,TRAIN,no,v40c_01301,no,yes,yes,
orig_001133,original_dhash,,,,frame_02323,frame_02324,TRAIN,TRAIN,no,v40c_01302,no,no,yes,
orig_001134,original_phash,,,,frame_02333,frame_02334,TRAIN,TRAIN,no,v40c_01311,no,yes,yes,
orig_001135,original_dhash,,,,frame_02333,frame_02335,TRAIN,TRAIN,no,v40c_01311,no,no,yes,
orig_001136,original_dhash,,,,frame_02333,frame_02336,TRAIN,TRAIN,no,v40c_01311,no,no,yes,
orig_001137,original_dhash,,,,frame_02333,frame_02337,TRAIN,TRAIN,no,v40c_01311,no,no,yes,
orig_001138,original_phash,,,,frame_02334,frame_02335,TRAIN,TRAIN,no,v40c_01311,no,yes,yes,
orig_001139,original_phash,,,,frame_02334,frame_02337,TRAIN,TRAIN,no,v40c_01311,no,yes,yes,
orig_001140,original_dhash,,,,frame_02335,frame_02337,TRAIN,TRAIN,no,v40c_01311,no,no,yes,
orig_001141,original_phash,,,,frame_02336,frame_02337,TRAIN,TRAIN,no,v40c_01311,no,yes,yes,
orig_001142,original_phash,,,,frame_02347,frame_02348,TRAIN,TRAIN,no,v40c_01321,no,yes,no,
orig_001143,original_dhash,,,,frame_02348,frame_02349,TRAIN,TRAIN,no,v40c_01321,no,no,yes,
orig_001144,original_dhash,,,,frame_02356,frame_02357,TRAIN,TRAIN,no,v40c_01328,no,no,yes,
orig_001145,original_dhash,,,,frame_02360,frame_02361,TRAIN,TRAIN,no,v40c_01331,no,no,yes,
orig_001146,original_dhash,,,,frame_02362,frame_02364,TRAIN,TRAIN,no,v40c_01332,no,no,yes,
orig_001147,original_dhash,,,,frame_02362,frame_02366,TRAIN,TRAIN,no,v40c_01332,no,no,yes,
orig_001148,original_dhash,,,,frame_02363,frame_02364,TRAIN,TRAIN,no,v40c_01332,no,no,yes,
orig_001149,original_dhash,,,,frame_02364,frame_02365,TRAIN,TRAIN,no,v40c_01332,no,no,yes,
orig_001150,original_dhash,,,,frame_02367,frame_02368,TRAIN,TRAIN,no,v40c_01333,no,no,yes,
orig_001151,original_phash,,,,frame_02368,frame_02369,TRAIN,TRAIN,no,v40c_01333,no,yes,no,
orig_001152,original_dhash,,,,frame_02371,frame_02372,TRAIN,TRAIN,no,v40c_01335,no,no,yes,
orig_001153,original_phash,,,,frame_02372,frame_02373,TRAIN,TRAIN,no,v40c_01335,no,yes,yes,
orig_001154,original_dhash,,,,frame_02373,frame_02374,TRAIN,TRAIN,no,v40c_01335,no,no,yes,
orig_001155,original_phash,,,,frame_02390,frame_02391,TRAIN,TRAIN,no,v40c_01351,no,yes,no,
orig_001156,original_dhash,,,,frame_02392,frame_02394,TRAIN,TRAIN,no,v40c_01352,no,no,yes,
orig_001157,original_phash,,,,frame_02393,frame_02394,TRAIN,TRAIN,no,v40c_01352,no,yes,yes,
orig_001158,original_phash,,,,frame_02398,frame_02408,TRAIN,TRAIN,no,v40c_01356,no,yes,yes,
orig_001159,original_dhash,,,,frame_02399,frame_02405,TRAIN,TRAIN,no,v40c_01357,no,no,yes,
orig_001160,original_dhash,,,,frame_02399,frame_02409,TRAIN,TRAIN,no,v40c_01357,no,no,yes,
orig_001161,original_phash,,,,frame_02401,frame_02402,TRAIN,TRAIN,no,v40c_01359,no,yes,yes,
orig_001162,original_phash,,,,frame_02406,frame_02407,TRAIN,TRAIN,no,v40c_01362,no,yes,no,
orig_001163,original_dhash,,,,frame_02409,frame_02410,TRAIN,TRAIN,no,v40c_01357,no,no,yes,
orig_001164,original_phash,,,,frame_02415,frame_02418,TRAIN,TRAIN,no,v40c_01367,no,yes,no,
orig_001165,original_phash,,,,frame_02416,frame_02417,TRAIN,TRAIN,no,v40c_01368,no,yes,no,
orig_001166,original_phash,,,,frame_02427,frame_02428,TRAIN,TRAIN,no,v40c_01377,no,yes,no,
orig_001167,original_phash,,,,frame_02427,frame_02429,TRAIN,TRAIN,no,v40c_01377,no,yes,no,
orig_001168,original_phash,,,,frame_02429,frame_02430,TRAIN,TRAIN,no,v40c_01377,no,yes,no,
orig_001169,original_dhash,,,,frame_02432,frame_02433,TRAIN,TRAIN,no,v40c_01379,no,no,yes,
orig_001170,original_dhash,,,,frame_02432,frame_02434,TRAIN,TRAIN,no,v40c_01379,no,no,yes,
orig_001171,original_dhash,,,,frame_02433,frame_02434,TRAIN,TRAIN,no,v40c_01379,no,no,yes,
orig_001172,original_phash,,,,frame_02441,frame_02442,TRAIN,TRAIN,no,v40c_01386,no,yes,yes,
orig_001173,original_phash,,,,frame_02441,frame_02444,TRAIN,TRAIN,no,v40c_01386,no,yes,no,
orig_001174,original_phash,,,,frame_02442,frame_02444,TRAIN,TRAIN,no,v40c_01386,no,yes,no,
orig_001175,original_phash,,,,frame_02443,frame_02444,TRAIN,TRAIN,no,v40c_01386,no,yes,yes,
orig_001176,original_phash,,,,frame_02444,frame_02445,TRAIN,TRAIN,no,v40c_01386,no,yes,no,
orig_001177,original_dhash,,,,frame_02448,frame_02449,TRAIN,TRAIN,no,v40c_01389,no,no,yes,
orig_001178,original_phash,,,,frame_02449,frame_02450,TRAIN,TRAIN,no,v40c_01389,no,yes,no,
orig_001179,original_phash,,,,frame_02452,frame_02455,TRAIN,TRAIN,no,v40c_01391,no,yes,no,
orig_001180,original_phash,,,,frame_02453,frame_02454,TRAIN,TRAIN,no,v40c_01391,no,yes,no,
orig_001181,original_phash,,,,frame_02453,frame_02455,TRAIN,TRAIN,no,v40c_01391,no,yes,no,
orig_001182,original_phash,,,,frame_02454,frame_02455,TRAIN,TRAIN,no,v40c_01391,no,yes,no,
orig_001183,original_dhash,,,,frame_02456,frame_02457,TRAIN,TRAIN,no,v40c_01392,no,no,yes,
orig_001184,original_dhash,,,,frame_02458,frame_02459,TRAIN,TRAIN,no,v40c_01393,no,no,yes,
orig_001185,original_phash,,,,frame_02459,frame_02460,TRAIN,TRAIN,no,v40c_01393,no,yes,no,
orig_001186,original_phash,,,,frame_02460,frame_02461,TRAIN,TRAIN,no,v40c_01393,no,yes,no,
orig_001187,original_phash,,,,frame_02460,frame_02462,TRAIN,TRAIN,no,v40c_01393,no,yes,no,
orig_001188,original_phash,,,,frame_02461,frame_02463,TRAIN,TRAIN,no,v40c_01393,no,yes,no,
orig_001189,original_phash,,,,frame_02462,frame_02463,TRAIN,TRAIN,no,v40c_01393,no,yes,no,
orig_001190,original_phash,,,,frame_02463,frame_02464,TRAIN,TRAIN,no,v40c_01393,no,yes,no,
orig_001191,original_phash,,,,frame_02464,frame_02465,TRAIN,TRAIN,no,v40c_01393,no,yes,no,
orig_001192,original_dhash,,,,frame_02464,frame_02466,TRAIN,TRAIN,no,v40c_01393,no,no,yes,
orig_001193,original_dhash,,,,frame_02465,frame_02466,TRAIN,TRAIN,no,v40c_01393,no,no,yes,
orig_001194,original_phash,,,,frame_02467,frame_02468,TRAIN,TRAIN,no,v40c_01394,no,yes,yes,
orig_001195,original_phash,,,,frame_02467,frame_02469,TRAIN,TRAIN,no,v40c_01394,no,yes,no,
orig_001196,original_phash,,,,frame_02467,frame_02473,TRAIN,TRAIN,no,v40c_01394,no,yes,no,
orig_001197,original_phash,,,,frame_02468,frame_02469,TRAIN,TRAIN,no,v40c_01394,no,yes,no,
orig_001198,original_phash,,,,frame_02468,frame_02473,TRAIN,TRAIN,no,v40c_01394,no,yes,no,
orig_001199,original_dhash,,,,frame_02469,frame_02472,TRAIN,TRAIN,no,v40c_01394,no,no,yes,
orig_001200,original_phash,,,,frame_02469,frame_02473,TRAIN,TRAIN,no,v40c_01394,no,yes,yes,
orig_001201,original_phash,,,,frame_02470,frame_02471,TRAIN,TRAIN,no,v40c_01394,no,yes,no,
orig_001202,original_phash,,,,frame_02470,frame_02472,TRAIN,TRAIN,no,v40c_01394,no,yes,no,
orig_001203,original_phash,,,,frame_02470,frame_02474,TRAIN,TRAIN,no,v40c_01394,no,yes,yes,
orig_001204,original_phash,,,,frame_02470,frame_02475,TRAIN,TRAIN,no,v40c_01394,no,yes,no,
orig_001205,original_phash,,,,frame_02471,frame_02472,TRAIN,TRAIN,no,v40c_01394,no,yes,no,
orig_001206,original_phash,,,,frame_02471,frame_02474,TRAIN,TRAIN,no,v40c_01394,no,yes,no,
orig_001207,original_phash,,,,frame_02471,frame_02475,TRAIN,TRAIN,no,v40c_01394,no,yes,no,
orig_001208,original_phash,,,,frame_02471,frame_02476,TRAIN,TRAIN,no,v40c_01394,no,yes,no,
orig_001209,original_dhash,,,,frame_02472,frame_02473,TRAIN,TRAIN,no,v40c_01394,no,no,yes,
orig_001210,original_phash,,,,frame_02472,frame_02474,TRAIN,TRAIN,no,v40c_01394,no,yes,no,
orig_001211,original_phash,,,,frame_02472,frame_02475,TRAIN,TRAIN,no,v40c_01394,no,yes,no,
orig_001212,original_dhash,,,,frame_02473,frame_02474,TRAIN,TRAIN,no,v40c_01394,no,no,yes,
orig_001213,original_phash,,,,frame_02474,frame_02475,TRAIN,TRAIN,no,v40c_01394,no,yes,no,
orig_001214,original_dhash,,,,frame_02474,frame_02476,TRAIN,TRAIN,no,v40c_01394,no,no,yes,
orig_001215,original_dhash,,,,frame_02475,frame_02476,TRAIN,TRAIN,no,v40c_01394,no,no,yes,
orig_001216,original_phash,,,,frame_02496,frame_02497,VALIDATION,VALIDATION,no,v40c_01398,no,yes,no,
orig_001217,original_dhash,,,,frame_02497,frame_02498,VALIDATION,VALIDATION,no,v40c_01398,no,no,yes,
orig_001218,original_dhash,,,,frame_02500,frame_02501,VALIDATION,VALIDATION,no,v40c_01398,no,no,yes,
orig_001219,original_dhash,,,,frame_02500,frame_02502,VALIDATION,VALIDATION,no,v40c_01398,no,no,yes,
orig_001220,original_dhash,,,,frame_02501,frame_02502,VALIDATION,VALIDATION,no,v40c_01398,no,no,yes,
orig_001221,original_dhash,,,,frame_02505,frame_02507,VALIDATION,VALIDATION,no,v40c_01398,no,no,yes,
orig_001222,original_dhash,,,,frame_02505,frame_02508,VALIDATION,VALIDATION,no,v40c_01398,no,no,yes,
orig_001223,original_phash,,,,frame_02505,frame_02509,VALIDATION,VALIDATION,no,v40c_01398,no,yes,yes,
orig_001224,original_dhash,,,,frame_02506,frame_02507,VALIDATION,VALIDATION,no,v40c_01398,no,no,yes,
orig_001225,original_dhash,,,,frame_02506,frame_02508,VALIDATION,VALIDATION,no,v40c_01398,no,no,yes,
orig_001226,original_dhash,,,,frame_02506,frame_02509,VALIDATION,VALIDATION,no,v40c_01398,no,no,yes,
orig_001227,original_dhash,,,,frame_02506,frame_02511,VALIDATION,VALIDATION,no,v40c_01398,no,no,yes,
orig_001228,original_phash,,,,frame_02507,frame_02508,VALIDATION,VALIDATION,no,v40c_01398,no,yes,yes,
orig_001229,original_dhash,,,,frame_02507,frame_02509,VALIDATION,VALIDATION,no,v40c_01398,no,no,yes,
orig_001230,original_dhash,,,,frame_02507,frame_02511,VALIDATION,VALIDATION,no,v40c_01398,no,no,yes,
orig_001231,original_phash,,,,frame_02508,frame_02509,VALIDATION,VALIDATION,no,v40c_01398,no,yes,yes,
orig_001232,original_dhash,,,,frame_02508,frame_02511,VALIDATION,VALIDATION,no,v40c_01398,no,no,yes,
orig_001233,original_dhash,,,,frame_02509,frame_02511,VALIDATION,VALIDATION,no,v40c_01398,no,no,yes,
orig_001234,original_dhash,,,,frame_02511,frame_02512,VALIDATION,VALIDATION,no,v40c_01398,no,no,yes,
orig_001235,original_phash,,,,frame_02518,frame_02519,VALIDATION,VALIDATION,no,v40c_01398,no,yes,no,
orig_001236,original_phash,,,,frame_02518,frame_02520,VALIDATION,VALIDATION,no,v40c_01398,no,yes,no,
orig_001237,original_phash,,,,frame_02518,frame_02521,VALIDATION,VALIDATION,no,v40c_01398,no,yes,yes,
orig_001238,original_phash,,,,frame_02519,frame_02520,VALIDATION,VALIDATION,no,v40c_01398,no,yes,no,
orig_001239,original_phash,,,,frame_02519,frame_02521,VALIDATION,VALIDATION,no,v40c_01398,no,yes,yes,
orig_001240,original_phash,,,,frame_02520,frame_02521,VALIDATION,VALIDATION,no,v40c_01398,no,yes,yes,
orig_001241,original_dhash,,,,frame_02523,frame_02524,VALIDATION,VALIDATION,no,v40c_01398,no,no,yes,
orig_001242,original_dhash,,,,frame_02523,frame_02525,VALIDATION,VALIDATION,no,v40c_01398,no,no,yes,
orig_001243,original_phash,,,,frame_02525,frame_02526,VALIDATION,VALIDATION,no,v40c_01398,no,yes,no,
orig_001244,original_phash,,,,frame_02526,frame_02527,VALIDATION,VALIDATION,no,v40c_01398,no,yes,yes,
orig_001245,original_phash,,,,frame_02526,frame_02528,VALIDATION,VALIDATION,no,v40c_01398,no,yes,yes,
orig_001246,original_phash,,,,frame_02526,frame_02529,VALIDATION,VALIDATION,no,v40c_01398,no,yes,yes,
orig_001247,original_phash,,,,frame_02526,frame_02530,VALIDATION,VALIDATION,no,v40c_01398,no,yes,no,
orig_001248,original_phash,,,,frame_02527,frame_02528,VALIDATION,VALIDATION,no,v40c_01398,no,yes,yes,
orig_001249,original_phash,,,,frame_02527,frame_02529,VALIDATION,VALIDATION,no,v40c_01398,no,yes,yes,
orig_001250,original_phash,,,,frame_02528,frame_02529,VALIDATION,VALIDATION,no,v40c_01398,no,yes,yes,
orig_001251,original_phash,,,,frame_02530,frame_02531,VALIDATION,VALIDATION,no,v40c_01398,no,yes,no,
orig_001252,original_dhash,,,,frame_02537,frame_02538,VALIDATION,VALIDATION,no,v40c_01404,no,no,yes,
orig_001253,original_phash,,,,frame_02539,frame_02541,VALIDATION,VALIDATION,no,v40c_01405,no,yes,no,
orig_001254,original_phash,,,,frame_02541,frame_02542,VALIDATION,VALIDATION,no,v40c_01405,no,yes,no,
orig_001255,original_phash,,,,frame_02541,frame_02546,VALIDATION,VALIDATION,no,v40c_01405,no,yes,no,
orig_001256,original_phash,,,,frame_02542,frame_02543,VALIDATION,VALIDATION,no,v40c_01405,no,yes,no,
orig_001257,original_phash,,,,frame_02542,frame_02545,VALIDATION,VALIDATION,no,v40c_01405,no,yes,no,
orig_001258,original_phash,,,,frame_02545,frame_02546,VALIDATION,VALIDATION,no,v40c_01405,no,yes,no,
orig_001259,original_phash,,,,frame_02546,frame_02547,VALIDATION,VALIDATION,no,v40c_01405,no,yes,no,
orig_001260,original_phash,,,,frame_02547,frame_02548,VALIDATION,VALIDATION,no,v40c_01405,no,yes,no,
orig_001261,original_dhash,,,,frame_02549,frame_02550,VALIDATION,VALIDATION,no,v40c_01408,no,no,yes,
orig_001262,original_phash,,,,frame_02552,frame_02553,VALIDATION,VALIDATION,no,v40c_01410,no,yes,yes,
orig_001263,original_phash,,,,frame_02553,frame_02554,VALIDATION,VALIDATION,no,v40c_01410,no,yes,yes,
orig_001264,original_phash,,,,frame_02555,frame_02556,VALIDATION,VALIDATION,no,v40c_01411,no,yes,yes,
orig_001265,original_phash,,,,frame_02555,frame_02557,VALIDATION,VALIDATION,no,v40c_01411,no,yes,no,
orig_001266,original_phash,,,,frame_02555,frame_02558,VALIDATION,VALIDATION,no,v40c_01411,no,yes,no,
orig_001267,original_phash,,,,frame_02556,frame_02558,VALIDATION,VALIDATION,no,v40c_01411,no,yes,no,
orig_001268,original_dhash,,,,frame_02557,frame_02558,VALIDATION,VALIDATION,no,v40c_01411,no,no,yes,
orig_001269,original_phash,,,,frame_02559,frame_02560,VALIDATION,VALIDATION,no,v40c_01412,no,yes,yes,
orig_001270,original_phash,,,,frame_02563,frame_02564,VALIDATION,VALIDATION,no,v40c_01415,no,yes,yes,
orig_001271,original_phash,,,,frame_02563,frame_02565,VALIDATION,VALIDATION,no,v40c_01415,no,yes,no,
orig_001272,original_phash,,,,frame_02564,frame_02565,VALIDATION,VALIDATION,no,v40c_01415,no,yes,yes,
orig_001273,original_phash,,,,frame_02571,frame_02572,VALIDATION,VALIDATION,no,v40c_01421,no,yes,no,
orig_001274,original_phash,,,,frame_02573,frame_02574,VALIDATION,VALIDATION,no,v40c_01422,no,yes,yes,
orig_001275,original_dhash,,,,frame_02575,frame_02576,VALIDATION,VALIDATION,no,v40c_01423,no,no,yes,
orig_001276,original_phash,,,,frame_02576,frame_02577,VALIDATION,VALIDATION,no,v40c_01423,no,yes,yes,
orig_001277,original_phash,,,,frame_02577,frame_02578,VALIDATION,VALIDATION,no,v40c_01423,no,yes,no,
orig_001278,original_phash,,,,frame_02582,frame_02583,VALIDATION,VALIDATION,no,v40c_01427,no,yes,no,
orig_001279,original_phash,,,,frame_02582,frame_02584,VALIDATION,VALIDATION,no,v40c_01427,no,yes,no,
orig_001280,original_phash,,,,frame_02582,frame_02586,VALIDATION,VALIDATION,no,v40c_01427,no,yes,no,
orig_001281,original_phash,,,,frame_02582,frame_02587,VALIDATION,VALIDATION,no,v40c_01427,no,yes,no,
orig_001282,original_phash,,,,frame_02583,frame_02584,VALIDATION,VALIDATION,no,v40c_01427,no,yes,yes,
orig_001283,original_phash,,,,frame_02583,frame_02585,VALIDATION,VALIDATION,no,v40c_01427,no,yes,yes,
orig_001284,original_phash,,,,frame_02583,frame_02586,VALIDATION,VALIDATION,no,v40c_01427,no,yes,no,
orig_001285,original_phash,,,,frame_02583,frame_02587,VALIDATION,VALIDATION,no,v40c_01427,no,yes,no,
orig_001286,original_phash,,,,frame_02583,frame_02588,VALIDATION,VALIDATION,no,v40c_01427,no,yes,no,
orig_001287,original_phash,,,,frame_02584,frame_02585,VALIDATION,VALIDATION,no,v40c_01427,no,yes,yes,
orig_001288,original_phash,,,,frame_02584,frame_02586,VALIDATION,VALIDATION,no,v40c_01427,no,yes,no,
orig_001289,original_phash,,,,frame_02584,frame_02587,VALIDATION,VALIDATION,no,v40c_01427,no,yes,no,
orig_001290,original_phash,,,,frame_02584,frame_02588,VALIDATION,VALIDATION,no,v40c_01427,no,yes,no,
orig_001291,original_phash,,,,frame_02585,frame_02586,VALIDATION,VALIDATION,no,v40c_01427,no,yes,no,
orig_001292,original_phash,,,,frame_02585,frame_02587,VALIDATION,VALIDATION,no,v40c_01427,no,yes,no,
orig_001293,original_phash,,,,frame_02585,frame_02588,VALIDATION,VALIDATION,no,v40c_01427,no,yes,no,
orig_001294,original_phash,,,,frame_02586,frame_02587,VALIDATION,VALIDATION,no,v40c_01427,no,yes,no,
orig_001295,original_phash,,,,frame_02586,frame_02588,VALIDATION,VALIDATION,no,v40c_01427,no,yes,no,
orig_001296,original_phash,,,,frame_02587,frame_02588,VALIDATION,VALIDATION,no,v40c_01427,no,yes,no,
orig_001297,original_phash,,,,frame_02592,frame_02593,VALIDATION,VALIDATION,no,v40c_01431,no,yes,no,
orig_001298,original_phash,,,,frame_02595,frame_02596,VALIDATION,VALIDATION,no,v40c_01433,no,yes,no,
orig_001299,original_phash,,,,frame_02600,frame_02601,VALIDATION,VALIDATION,no,v40c_01437,no,yes,yes,
orig_001300,original_phash,,,,frame_02602,frame_02603,VALIDATION,VALIDATION,no,v40c_01438,no,yes,no,
orig_001301,original_phash,,,,frame_02602,frame_02605,VALIDATION,VALIDATION,no,v40c_01438,no,yes,no,
orig_001302,original_phash,,,,frame_02604,frame_02605,VALIDATION,VALIDATION,no,v40c_01438,no,yes,no,
orig_001303,original_phash,,,,frame_02605,frame_02606,VALIDATION,VALIDATION,no,v40c_01438,no,yes,no,
orig_001304,original_phash,,,,frame_02611,frame_02612,VALIDATION,VALIDATION,no,v40c_01443,no,yes,no,
orig_001305,original_phash,,,,frame_02644,frame_02645,TRAIN,TRAIN,no,v40c_01459,no,yes,no,
orig_001306,original_phash,,,,frame_02645,frame_02646,TRAIN,TRAIN,no,v40c_01459,no,yes,no,
orig_001307,original_phash,,,,frame_02651,frame_02652,TRAIN,TRAIN,no,v40c_01464,no,yes,no,
orig_001308,original_phash,,,,frame_02654,frame_02655,TRAIN,TRAIN,no,v40c_01466,no,yes,no,
orig_001309,original_dhash,,,,frame_02657,frame_02658,TRAIN,TRAIN,no,v40c_01468,no,no,yes,
orig_001310,original_dhash,,,,frame_02679,frame_02685,TRAIN,TRAIN,no,v40c_01489,no,no,yes,
orig_001311,original_phash,,,,frame_02682,frame_02683,TRAIN,TRAIN,no,v40c_01492,no,yes,yes,
orig_001312,original_dhash,,,,frame_02685,frame_02686,TRAIN,TRAIN,no,v40c_01489,no,no,yes,
orig_001313,original_phash,,,,frame_02703,frame_02704,TRAIN,TRAIN,no,v40c_01510,no,yes,no,
orig_001314,original_phash,,,,frame_02714,frame_02715,TRAIN,TRAIN,no,v40c_01520,no,yes,no,
orig_001315,original_phash,,,,frame_02718,frame_02719,TRAIN,TRAIN,no,v40c_01523,no,yes,no,
orig_001316,original_phash,,,,frame_02720,frame_02721,TRAIN,TRAIN,no,v40c_01524,no,yes,no,
orig_001317,original_phash,,,,frame_02730,frame_02731,TRAIN,TRAIN,no,v40c_01533,no,yes,no,
orig_001318,original_phash,,,,frame_02736,frame_02737,TRAIN,TRAIN,no,v40c_01538,no,yes,no,
orig_001319,original_phash,,,,frame_02745,frame_02746,TRAIN,TRAIN,no,v40c_01546,no,yes,no,
orig_001320,original_phash,,,,frame_02750,frame_02751,TRAIN,TRAIN,no,v40c_01550,no,yes,no,
orig_001321,original_phash,,,,frame_02759,frame_02760,TRAIN,TRAIN,no,v40c_01558,no,yes,yes,
orig_001322,original_phash,,,,frame_02759,frame_02762,TRAIN,TRAIN,no,v40c_01558,no,yes,yes,
orig_001323,original_phash,,,,frame_02760,frame_02762,TRAIN,TRAIN,no,v40c_01558,no,yes,yes,
orig_001324,original_phash,,,,frame_02770,frame_02771,TRAIN,TRAIN,no,v40c_01567,no,yes,yes,
orig_001325,original_phash,,,,frame_02771,frame_02772,TRAIN,TRAIN,no,v40c_01567,no,yes,no,
orig_001326,original_phash,,,,frame_02773,frame_02774,TRAIN,TRAIN,no,v40c_01568,no,yes,yes,
orig_001327,original_phash,,,,frame_02774,frame_02775,TRAIN,TRAIN,no,v40c_01568,no,yes,no,
orig_001328,original_dhash,,,,frame_02774,frame_02776,TRAIN,TRAIN,no,v40c_01568,no,no,yes,
orig_001329,original_phash,,,,frame_02776,frame_02778,TRAIN,TRAIN,no,v40c_01568,no,yes,no,
orig_001330,original_phash,,,,frame_02777,frame_02778,TRAIN,TRAIN,no,v40c_01568,no,yes,yes,
orig_001331,original_dhash,,,,frame_02780,frame_02782,TRAIN,TRAIN,no,v40c_01570,no,no,yes,
orig_001332,original_dhash,,,,frame_02783,frame_02788,TRAIN,TRAIN,no,v40c_01572,no,no,yes,
orig_001333,original_dhash,,,,frame_02785,frame_02790,TRAIN,TRAIN,no,v40c_01574,no,no,yes,
orig_001334,original_dhash,,,,frame_02786,frame_02796,TRAIN,TRAIN,no,v40c_01574,no,no,yes,
orig_001335,original_dhash,,,,frame_02786,frame_02798,TRAIN,TRAIN,no,v40c_01574,no,no,yes,
orig_001336,original_dhash,,,,frame_02786,frame_02799,TRAIN,TRAIN,no,v40c_01574,no,no,yes,
orig_001337,original_dhash,,,,frame_02786,frame_02800,TRAIN,TRAIN,no,v40c_01574,no,no,yes,
orig_001338,original_dhash,,,,frame_02786,frame_02801,TRAIN,TRAIN,no,v40c_01574,no,no,yes,
orig_001339,original_dhash,,,,frame_02789,frame_02790,TRAIN,TRAIN,no,v40c_01574,no,no,yes,
orig_001340,original_dhash,,,,frame_02789,frame_02795,TRAIN,TRAIN,no,v40c_01574,no,no,yes,
orig_001341,original_dhash,,,,frame_02789,frame_02796,TRAIN,TRAIN,no,v40c_01574,no,no,yes,
orig_001342,original_dhash,,,,frame_02789,frame_02799,TRAIN,TRAIN,no,v40c_01574,no,no,yes,
orig_001343,original_dhash,,,,frame_02789,frame_02800,TRAIN,TRAIN,no,v40c_01574,no,no,yes,
orig_001344,original_dhash,,,,frame_02790,frame_02794,TRAIN,TRAIN,no,v40c_01574,no,no,yes,
orig_001345,original_dhash,,,,frame_02790,frame_02795,TRAIN,TRAIN,no,v40c_01574,no,no,yes,
orig_001346,original_dhash,,,,frame_02790,frame_02796,TRAIN,TRAIN,no,v40c_01574,no,no,yes,
orig_001347,original_dhash,,,,frame_02790,frame_02800,TRAIN,TRAIN,no,v40c_01574,no,no,yes,
orig_001348,original_dhash,,,,frame_02794,frame_02795,TRAIN,TRAIN,no,v40c_01574,no,no,yes,
orig_001349,original_dhash,,,,frame_02794,frame_02796,TRAIN,TRAIN,no,v40c_01574,no,no,yes,
orig_001350,original_dhash,,,,frame_02794,frame_02800,TRAIN,TRAIN,no,v40c_01574,no,no,yes,
orig_001351,original_dhash,,,,frame_02795,frame_02796,TRAIN,TRAIN,no,v40c_01574,no,no,yes,
orig_001352,original_dhash,,,,frame_02795,frame_02799,TRAIN,TRAIN,no,v40c_01574,no,no,yes,
orig_001353,original_dhash,,,,frame_02795,frame_02800,TRAIN,TRAIN,no,v40c_01574,no,no,yes,
orig_001354,original_dhash,,,,frame_02796,frame_02798,TRAIN,TRAIN,no,v40c_01574,no,no,yes,
orig_001355,original_dhash,,,,frame_02796,frame_02799,TRAIN,TRAIN,no,v40c_01574,no,no,yes,
orig_001356,original_dhash,,,,frame_02796,frame_02800,TRAIN,TRAIN,no,v40c_01574,no,no,yes,
orig_001357,original_dhash,,,,frame_02796,frame_02801,TRAIN,TRAIN,no,v40c_01574,no,no,yes,
orig_001358,original_dhash,,,,frame_02797,frame_02801,TRAIN,TRAIN,no,v40c_01574,no,no,yes,
orig_001359,original_phash,,,,frame_02798,frame_02799,TRAIN,TRAIN,no,v40c_01574,no,yes,yes,
orig_001360,original_dhash,,,,frame_02798,frame_02801,TRAIN,TRAIN,no,v40c_01574,no,no,yes,
orig_001361,original_dhash,,,,frame_02799,frame_02800,TRAIN,TRAIN,no,v40c_01574,no,no,yes,
orig_001362,original_dhash,,,,frame_02799,frame_02801,TRAIN,TRAIN,no,v40c_01574,no,no,yes,
orig_001363,original_dhash,,,,frame_02800,frame_02801,TRAIN,TRAIN,no,v40c_01574,no,no,yes,
orig_001364,original_dhash,,,,frame_02803,frame_02807,TRAIN,TRAIN,no,v40c_01580,no,no,yes,
orig_001365,original_dhash,,,,frame_02803,frame_02808,TRAIN,TRAIN,no,v40c_01580,no,no,yes,
orig_001366,original_dhash,,,,frame_02803,frame_02809,TRAIN,TRAIN,no,v40c_01580,no,no,yes,
orig_001367,original_dhash,,,,frame_02803,frame_02821,TRAIN,TRAIN,no,v40c_01580,no,no,yes,
orig_001368,original_dhash,,,,frame_02806,frame_02809,TRAIN,TRAIN,no,v40c_01580,no,no,yes,
orig_001369,original_dhash,,,,frame_02807,frame_02808,TRAIN,TRAIN,no,v40c_01580,no,no,yes,
orig_001370,original_dhash,,,,frame_02807,frame_02809,TRAIN,TRAIN,no,v40c_01580,no,no,yes,
orig_001371,original_dhash,,,,frame_02808,frame_02809,TRAIN,TRAIN,no,v40c_01580,no,no,yes,
orig_001372,original_dhash,,,,frame_02810,frame_02811,TRAIN,TRAIN,no,v40c_01583,no,no,yes,
orig_001373,original_dhash,,,,frame_02810,frame_02819,TRAIN,TRAIN,no,v40c_01583,no,no,yes,
orig_001374,original_dhash,,,,frame_02811,frame_02819,TRAIN,TRAIN,no,v40c_01583,no,no,yes,
orig_001375,original_dhash,,,,frame_02814,frame_02815,TRAIN,TRAIN,no,v40c_01586,no,no,yes,
orig_001376,original_phash,,,,frame_02829,frame_02830,TRAIN,TRAIN,no,v40c_01598,no,yes,no,
orig_001377,original_dhash,,,,frame_02832,frame_02833,TRAIN,TRAIN,no,v40c_01600,no,no,yes,
orig_001378,original_phash,,,,frame_02832,frame_02834,TRAIN,TRAIN,no,v40c_01600,no,yes,no,
orig_001379,original_dhash,,,,frame_02832,frame_02835,TRAIN,TRAIN,no,v40c_01600,no,no,yes,
orig_001380,original_dhash,,,,frame_02832,frame_02836,TRAIN,TRAIN,no,v40c_01600,no,no,yes,
orig_001381,original_phash,,,,frame_02833,frame_02834,TRAIN,TRAIN,no,v40c_01600,no,yes,yes,
orig_001382,original_dhash,,,,frame_02833,frame_02835,TRAIN,TRAIN,no,v40c_01600,no,no,yes,
orig_001383,original_dhash,,,,frame_02834,frame_02835,TRAIN,TRAIN,no,v40c_01600,no,no,yes,
orig_001384,original_phash,,,,frame_02834,frame_02844,TRAIN,TRAIN,no,v40c_01600,no,yes,no,
orig_001385,original_phash,,,,frame_02837,frame_02838,TRAIN,TRAIN,no,v40c_01601,no,yes,no,
orig_001386,original_dhash,,,,frame_02838,frame_02840,TRAIN,TRAIN,no,v40c_01601,no,no,yes,
orig_001387,original_dhash,,,,frame_02838,frame_02841,TRAIN,TRAIN,no,v40c_01601,no,no,yes,
orig_001388,original_phash,,,,frame_02840,frame_02841,TRAIN,TRAIN,no,v40c_01601,no,yes,yes,
orig_001389,original_phash,,,,frame_02842,frame_02843,TRAIN,TRAIN,no,v40c_01600,no,yes,no,
orig_001390,original_dhash,,,,frame_02843,frame_02844,TRAIN,TRAIN,no,v40c_01600,no,no,yes,
orig_001391,original_dhash,,,,frame_02843,frame_02845,TRAIN,TRAIN,no,v40c_01600,no,no,yes,
orig_001392,original_dhash,,,,frame_02843,frame_02854,TRAIN,TRAIN,no,v40c_01600,no,no,yes,
orig_001393,original_dhash,,,,frame_02843,frame_02858,TRAIN,TRAIN,no,v40c_01600,no,no,yes,
orig_001394,original_dhash,,,,frame_02849,frame_02850,TRAIN,TRAIN,no,v40c_01606,no,no,yes,
orig_001395,original_dhash,,,,frame_02854,frame_02855,TRAIN,TRAIN,no,v40c_01600,no,no,yes,
orig_001396,original_dhash,,,,frame_02854,frame_02858,TRAIN,TRAIN,no,v40c_01600,no,no,yes,
orig_001397,original_dhash,,,,frame_02855,frame_02856,TRAIN,TRAIN,no,v40c_01600,no,no,yes,
orig_001398,original_dhash,,,,frame_02857,frame_02858,TRAIN,TRAIN,no,v40c_01600,no,no,yes,
orig_001399,original_dhash,,,,frame_02858,frame_02859,TRAIN,TRAIN,no,v40c_01600,no,no,yes,
orig_001400,original_dhash,,,,frame_02858,frame_02861,TRAIN,TRAIN,no,v40c_01600,no,no,yes,
orig_001401,original_dhash,,,,frame_02860,frame_02861,TRAIN,TRAIN,no,v40c_01600,no,no,yes,
orig_001402,original_phash,,,,frame_02861,frame_02862,TRAIN,TRAIN,no,v40c_01600,no,yes,yes,
orig_001403,original_dhash,,,,frame_02861,frame_02863,TRAIN,TRAIN,no,v40c_01600,no,no,yes,
orig_001404,original_dhash,,,,frame_02862,frame_02863,TRAIN,TRAIN,no,v40c_01600,no,no,yes,
orig_001405,original_phash,,,,frame_02880,frame_02881,VALIDATION,VALIDATION,no,v40c_01610,no,yes,no,
orig_001406,original_dhash,,,,frame_02881,frame_02882,VALIDATION,VALIDATION,no,v40c_01610,no,no,yes,
orig_001407,original_dhash,,,,frame_02882,frame_02883,VALIDATION,VALIDATION,no,v40c_01610,no,no,yes,
orig_001408,original_phash,,,,frame_02885,frame_02886,VALIDATION,VALIDATION,no,v40c_01612,no,yes,no,
orig_001409,original_phash,,,,frame_02888,frame_02889,VALIDATION,VALIDATION,no,v40c_01614,no,yes,no,
orig_001410,original_dhash,,,,frame_02889,frame_02890,VALIDATION,VALIDATION,no,v40c_01614,no,no,yes,
orig_001411,original_phash,,,,frame_02892,frame_02894,VALIDATION,VALIDATION,no,v40c_01616,no,yes,no,
orig_001412,original_dhash,,,,frame_02893,frame_02894,VALIDATION,VALIDATION,no,v40c_01616,no,no,yes,
orig_001413,original_phash,,,,frame_02894,frame_02895,VALIDATION,VALIDATION,no,v40c_01616,no,yes,no,
orig_001414,original_phash,,,,frame_02894,frame_02896,VALIDATION,VALIDATION,no,v40c_01616,no,yes,no,
orig_001415,original_phash,,,,frame_02895,frame_02896,VALIDATION,VALIDATION,no,v40c_01616,no,yes,no,
orig_001416,original_phash,,,,frame_02898,frame_02899,VALIDATION,VALIDATION,no,v40c_01618,no,yes,no,
orig_001417,original_phash,,,,frame_02899,frame_02900,VALIDATION,VALIDATION,no,v40c_01618,no,yes,no,
orig_001418,original_dhash,,,,frame_02900,frame_02901,VALIDATION,VALIDATION,no,v40c_01618,no,no,yes,
orig_001419,original_phash,,,,frame_02901,frame_02902,VALIDATION,VALIDATION,no,v40c_01618,no,yes,no,
orig_001420,original_phash,,,,frame_02902,frame_02903,VALIDATION,VALIDATION,no,v40c_01618,no,yes,no,
orig_001421,original_phash,,,,frame_02903,frame_02904,VALIDATION,VALIDATION,no,v40c_01618,no,yes,no,
orig_001422,original_phash,,,,frame_02906,frame_02907,VALIDATION,VALIDATION,no,v40c_01620,no,yes,no,
orig_001423,original_phash,,,,frame_02907,frame_02908,VALIDATION,VALIDATION,no,v40c_01620,no,yes,no,
orig_001424,original_phash,,,,frame_02908,frame_02909,VALIDATION,VALIDATION,no,v40c_01620,no,yes,yes,
orig_001425,original_phash,,,,frame_02908,frame_02910,VALIDATION,VALIDATION,no,v40c_01620,no,yes,no,
orig_001426,original_phash,,,,frame_02909,frame_02910,VALIDATION,VALIDATION,no,v40c_01620,no,yes,no,
orig_001427,original_phash,,,,frame_02910,frame_02911,VALIDATION,VALIDATION,no,v40c_01620,no,yes,no,
orig_001428,original_phash,,,,frame_02913,frame_02914,VALIDATION,VALIDATION,no,v40c_01622,no,yes,yes,
orig_001429,original_phash,,,,frame_02925,frame_02926,VALIDATION,VALIDATION,no,v40c_01633,no,yes,no,
orig_001430,original_phash,,,,frame_02925,frame_02927,VALIDATION,VALIDATION,no,v40c_01633,no,yes,no,
orig_001431,original_phash,,,,frame_02926,frame_02927,VALIDATION,VALIDATION,no,v40c_01633,no,yes,no,
orig_001432,original_phash,,,,frame_02928,frame_02929,VALIDATION,VALIDATION,no,v40c_01634,no,yes,no,
orig_001433,original_phash,,,,frame_02930,frame_02931,VALIDATION,VALIDATION,no,v40c_01635,no,yes,no,
orig_001434,original_phash,,,,frame_02932,frame_02933,VALIDATION,VALIDATION,no,v40c_01636,no,yes,yes,
orig_001435,original_phash,,,,frame_02934,frame_02935,VALIDATION,VALIDATION,no,v40c_01637,no,yes,no,
orig_001436,original_dhash,,,,frame_02963,frame_02964,TRAIN,TRAIN,no,v40c_01649,no,no,yes,
orig_001437,original_phash,,,,frame_02966,frame_02967,TRAIN,TRAIN,no,v40c_01651,no,yes,no,
orig_001438,original_phash,,,,frame_02985,frame_02986,TRAIN,TRAIN,no,v40c_01669,no,yes,no,
orig_001439,original_phash,,,,frame_02985,frame_02987,TRAIN,TRAIN,no,v40c_01669,no,yes,no,
orig_001440,original_phash,,,,frame_02987,frame_02988,TRAIN,TRAIN,no,v40c_01669,no,yes,no,
orig_001441,original_phash,,,,frame_02990,frame_02991,TRAIN,TRAIN,no,v40c_01671,no,yes,no,
orig_001442,original_phash,,,,frame_02995,frame_02996,TRAIN,TRAIN,no,v40c_01675,no,yes,no,
orig_001443,original_phash,,,,frame_03001,frame_03002,TRAIN,TRAIN,no,v40c_01680,no,yes,no,
orig_001444,original_phash,,,,frame_03005,frame_03006,TRAIN,TRAIN,no,v40c_01683,no,yes,no,
orig_001445,original_phash,,,,frame_03022,frame_03023,TRAIN,TRAIN,no,v40c_01699,no,yes,no,
orig_001446,original_phash,,,,frame_03030,frame_03031,TRAIN,TRAIN,no,v40c_01706,no,yes,yes,
orig_001447,original_phash,,,,frame_03031,frame_03032,TRAIN,TRAIN,no,v40c_01706,no,yes,no,
orig_001448,original_phash,,,,frame_03032,frame_03033,TRAIN,TRAIN,no,v40c_01706,no,yes,no,
orig_001449,original_dhash,,,,frame_03035,frame_03036,TRAIN,TRAIN,no,v40c_01708,no,no,yes,
orig_001450,original_phash,,,,frame_03036,frame_03037,TRAIN,TRAIN,no,v40c_01708,no,yes,no,
orig_001451,original_phash,,,,frame_03037,frame_03038,TRAIN,TRAIN,no,v40c_01708,no,yes,no,
orig_001452,original_phash,,,,frame_03041,frame_03042,TRAIN,TRAIN,no,v40c_01711,no,yes,no,
orig_001453,original_dhash,,,,frame_03046,frame_03047,TRAIN,TRAIN,no,v40c_01715,no,no,yes,
orig_001454,original_phash,,,,frame_03047,frame_03048,TRAIN,TRAIN,no,v40c_01715,no,yes,no,
orig_001455,original_phash,,,,frame_03049,frame_03050,TRAIN,TRAIN,no,v40c_01716,no,yes,no,
orig_001456,original_phash,,,,frame_03052,frame_03053,TRAIN,TRAIN,no,v40c_01718,no,yes,no,
orig_001457,original_phash,,,,frame_03054,frame_03055,TRAIN,TRAIN,no,v40c_01719,no,yes,no,
orig_001458,original_phash,,,,frame_03060,frame_03061,TRAIN,TRAIN,no,v40c_01724,no,yes,no,
orig_001459,original_dhash,,,,frame_03060,frame_03067,TRAIN,TRAIN,no,v40c_01724,no,no,yes,
orig_001460,original_phash,,,,frame_03061,frame_03063,TRAIN,TRAIN,no,v40c_01724,no,yes,no,
orig_001461,original_phash,,,,frame_03061,frame_03064,TRAIN,TRAIN,no,v40c_01724,no,yes,no,
orig_001462,original_dhash,,,,frame_03062,frame_03063,TRAIN,TRAIN,no,v40c_01724,no,no,yes,
orig_001463,original_phash,,,,frame_03063,frame_03064,TRAIN,TRAIN,no,v40c_01724,no,yes,no,
orig_001464,original_phash,,,,frame_03065,frame_03066,TRAIN,TRAIN,no,v40c_01724,no,yes,no,
orig_001465,original_phash,,,,frame_03066,frame_03067,TRAIN,TRAIN,no,v40c_01724,no,yes,no,
orig_001466,original_dhash,,,,frame_03077,frame_03078,TRAIN,TRAIN,no,v40c_01734,no,no,yes,
orig_001467,original_phash,,,,frame_03079,frame_03080,TRAIN,TRAIN,no,v40c_01735,no,yes,no,
orig_001468,original_dhash,,,,frame_03079,frame_03083,TRAIN,TRAIN,no,v40c_01735,no,no,yes,
orig_001469,original_dhash,,,,frame_03079,frame_03084,TRAIN,TRAIN,no,v40c_01735,no,no,yes,
orig_001470,original_dhash,,,,frame_03083,frame_03084,TRAIN,TRAIN,no,v40c_01735,no,no,yes,
orig_001471,original_dhash,,,,frame_03093,frame_03094,TRAIN,TRAIN,no,v40c_01746,no,no,yes,
orig_001472,original_dhash,,,,frame_03111,frame_03112,TRAIN,TRAIN,no,v40c_01763,no,no,yes,
orig_001473,original_dhash,,,,frame_03124,frame_03125,TRAIN,TRAIN,no,v40c_01775,no,no,yes,
orig_001474,original_phash,,,,frame_03127,frame_03128,TRAIN,TRAIN,no,v40c_01777,no,yes,no,
orig_001475,original_dhash,,,,frame_03148,frame_03149,TRAIN,TRAIN,no,v40c_01797,no,no,yes,
orig_001476,original_dhash,,,,frame_03148,frame_03151,TRAIN,TRAIN,no,v40c_01797,no,no,yes,
orig_001477,original_dhash,,,,frame_03149,frame_03151,TRAIN,TRAIN,no,v40c_01797,no,no,yes,
orig_001478,original_phash,,,,frame_03154,frame_03155,TRAIN,TRAIN,no,v40c_01801,no,yes,no,
orig_001479,original_dhash,,,,frame_03154,frame_03159,TRAIN,TRAIN,no,v40c_01801,no,no,yes,
orig_001480,original_phash,,,,frame_03156,frame_03157,TRAIN,TRAIN,no,v40c_01802,no,yes,no,
orig_001481,original_phash,,,,frame_03156,frame_03158,TRAIN,TRAIN,no,v40c_01802,no,yes,yes,
orig_001482,original_phash,,,,frame_03157,frame_03158,TRAIN,TRAIN,no,v40c_01802,no,yes,no,
orig_001483,original_phash,,,,frame_03160,frame_03162,TRAIN,TRAIN,no,v40c_01803,no,yes,no,
orig_001484,original_phash,,,,frame_03163,frame_03164,TRAIN,TRAIN,no,v40c_01805,no,yes,no,
orig_001485,original_phash,,,,frame_03168,frame_03169,TRAIN,TRAIN,no,v40c_01809,no,yes,no,
orig_001486,original_phash,,,,frame_03170,frame_03171,TRAIN,TRAIN,no,v40c_01810,no,yes,no,
orig_001487,original_phash,,,,frame_03172,frame_03173,TRAIN,TRAIN,no,v40c_01811,no,yes,yes,
orig_001488,original_phash,,,,frame_03176,frame_03177,TRAIN,TRAIN,no,v40c_01814,no,yes,yes,
orig_001489,original_phash,,,,frame_03182,frame_03186,TRAIN,TRAIN,no,v40c_01819,no,yes,no,
orig_001490,original_phash,,,,frame_03198,frame_03199,TRAIN,TRAIN,no,v40c_01834,no,yes,no,
orig_001491,original_phash,,,,frame_03204,frame_03205,TRAIN,TRAIN,no,v40c_01839,no,yes,no,
orig_001492,original_phash,,,,frame_03204,frame_03207,TRAIN,TRAIN,no,v40c_01839,no,yes,no,
orig_001493,original_phash,,,,frame_03204,frame_03208,TRAIN,TRAIN,no,v40c_01839,no,yes,no,
orig_001494,original_phash,,,,frame_03205,frame_03207,TRAIN,TRAIN,no,v40c_01839,no,yes,no,
orig_001495,original_phash,,,,frame_03205,frame_03208,TRAIN,TRAIN,no,v40c_01839,no,yes,no,
orig_001496,original_phash,,,,frame_03206,frame_03207,TRAIN,TRAIN,no,v40c_01839,no,yes,no,
orig_001497,original_phash,,,,frame_03207,frame_03208,TRAIN,TRAIN,no,v40c_01839,no,yes,no,
orig_001498,original_phash,,,,frame_03214,frame_03215,TRAIN,TRAIN,no,v40c_01845,no,yes,no,
orig_001499,original_dhash,,,,frame_03215,frame_03216,TRAIN,TRAIN,no,v40c_01845,no,no,yes,
orig_001500,original_phash,,,,frame_03217,frame_03220,TRAIN,TRAIN,no,v40c_01846,no,yes,no,
orig_001501,original_phash,,,,frame_03222,frame_03223,TRAIN,TRAIN,no,v40c_01850,no,yes,no,
orig_001502,original_phash,,,,frame_03225,frame_03226,TRAIN,TRAIN,no,v40c_01852,no,yes,yes,
orig_001503,original_phash,,,,frame_03227,frame_03228,TRAIN,TRAIN,no,v40c_01853,no,yes,no,
orig_001504,original_phash,,,,frame_03228,frame_03241,TRAIN,TRAIN,no,v40c_01853,no,yes,no,
orig_001505,original_phash,,,,frame_03228,frame_03242,TRAIN,TRAIN,no,v40c_01853,no,yes,no,
orig_001506,original_phash,,,,frame_03229,frame_03230,TRAIN,TRAIN,no,v40c_01854,no,yes,no,
orig_001507,original_phash,,,,frame_03232,frame_03233,TRAIN,TRAIN,no,v40c_01856,no,yes,yes,
orig_001508,original_phash,,,,frame_03236,frame_03239,TRAIN,TRAIN,no,v40c_01853,no,yes,no,
orig_001509,original_phash,,,,frame_03236,frame_03240,TRAIN,TRAIN,no,v40c_01853,no,yes,no,
orig_001510,original_phash,,,,frame_03237,frame_03238,TRAIN,TRAIN,no,v40c_01853,no,yes,yes,
orig_001511,original_phash,,,,frame_03237,frame_03239,TRAIN,TRAIN,no,v40c_01853,no,yes,yes,
orig_001512,original_phash,,,,frame_03237,frame_03245,TRAIN,TRAIN,no,v40c_01853,no,yes,no,
orig_001513,original_phash,,,,frame_03238,frame_03239,TRAIN,TRAIN,no,v40c_01853,no,yes,yes,
orig_001514,original_phash,,,,frame_03238,frame_03245,TRAIN,TRAIN,no,v40c_01853,no,yes,no,
orig_001515,original_phash,,,,frame_03239,frame_03240,TRAIN,TRAIN,no,v40c_01853,no,yes,no,
orig_001516,original_phash,,,,frame_03240,frame_03241,TRAIN,TRAIN,no,v40c_01853,no,yes,no,
orig_001517,original_phash,,,,frame_03240,frame_03242,TRAIN,TRAIN,no,v40c_01853,no,yes,no,
orig_001518,original_phash,,,,frame_03241,frame_03242,TRAIN,TRAIN,no,v40c_01853,no,yes,no,
orig_001519,original_phash,,,,frame_03250,frame_03253,TRAIN,TRAIN,no,v40c_01865,no,yes,no,
orig_001520,original_phash,,,,frame_03259,frame_03260,TRAIN,TRAIN,no,v40c_01873,no,yes,no,
orig_001521,original_phash,,,,frame_03268,frame_03269,TRAIN,TRAIN,no,v40c_01881,no,yes,no,
orig_001522,original_dhash,,,,frame_03268,frame_03270,TRAIN,TRAIN,no,v40c_01881,no,no,yes,
orig_001523,original_phash,,,,frame_03286,frame_03290,TRAIN,TRAIN,no,v40c_01897,no,yes,no,
orig_001524,original_phash,,,,frame_03296,frame_03297,TRAIN,TRAIN,no,v40c_01906,no,yes,no,
orig_001525,original_dhash,,,,frame_03297,frame_03298,TRAIN,TRAIN,no,v40c_01906,no,no,yes,
orig_001526,original_phash,,,,frame_03301,frame_03302,TRAIN,TRAIN,no,v40c_01909,no,yes,no,
orig_001527,original_dhash,,,,frame_03302,frame_03303,TRAIN,TRAIN,no,v40c_01909,no,no,yes,
orig_001528,original_phash,,,,frame_03316,frame_03317,TRAIN,TRAIN,no,v40c_01922,no,yes,no,
orig_001529,original_phash,,,,frame_03325,frame_03327,TRAIN,TRAIN,no,v40c_01930,no,yes,no,
orig_001530,original_phash,,,,frame_03328,frame_03329,TRAIN,TRAIN,no,v40c_01932,no,yes,no,
orig_001531,original_phash,,,,frame_03330,frame_03332,TRAIN,TRAIN,no,v40c_01933,no,yes,no,
orig_001532,original_phash,,,,frame_03332,frame_03333,TRAIN,TRAIN,no,v40c_01933,no,yes,no,
orig_001533,original_phash,,,,frame_03332,frame_03334,TRAIN,TRAIN,no,v40c_01933,no,yes,no,
orig_001534,original_phash,,,,frame_03333,frame_03334,TRAIN,TRAIN,no,v40c_01933,no,yes,no,
orig_001535,original_phash,,,,frame_03333,frame_03336,TRAIN,TRAIN,no,v40c_01933,no,yes,no,
orig_001536,original_phash,,,,frame_03334,frame_03336,TRAIN,TRAIN,no,v40c_01933,no,yes,no,
orig_001537,original_phash,,,,frame_03335,frame_03336,TRAIN,TRAIN,no,v40c_01933,no,yes,no,
orig_001538,original_phash,,,,frame_03342,frame_03345,TRAIN,TRAIN,no,v40c_01940,no,yes,no,
orig_001539,original_dhash,,,,frame_03345,frame_03346,TRAIN,TRAIN,no,v40c_01940,no,no,yes,
orig_001540,original_phash,,,,frame_03349,frame_03350,TRAIN,TRAIN,no,v40c_01945,no,yes,no,
orig_001541,original_phash,,,,frame_03349,frame_03351,TRAIN,TRAIN,no,v40c_01945,no,yes,no,
orig_001542,original_phash,,,,frame_03349,frame_03352,TRAIN,TRAIN,no,v40c_01945,no,yes,no,
orig_001543,original_phash,,,,frame_03350,frame_03351,TRAIN,TRAIN,no,v40c_01945,no,yes,yes,
orig_001544,original_phash,,,,frame_03350,frame_03352,TRAIN,TRAIN,no,v40c_01945,no,yes,yes,
orig_001545,original_phash,,,,frame_03351,frame_03352,TRAIN,TRAIN,no,v40c_01945,no,yes,no,
orig_001546,original_dhash,,,,frame_03354,frame_03355,TRAIN,TRAIN,no,v40c_01947,no,no,yes,
orig_001547,original_phash,,,,frame_03355,frame_03356,TRAIN,TRAIN,no,v40c_01947,no,yes,no,
orig_001548,original_phash,,,,frame_03355,frame_03357,TRAIN,TRAIN,no,v40c_01947,no,yes,no,
orig_001549,original_phash,,,,frame_03356,frame_03357,TRAIN,TRAIN,no,v40c_01947,no,yes,no,
orig_001550,original_phash,,,,frame_03356,frame_03358,TRAIN,TRAIN,no,v40c_01947,no,yes,no,
orig_001551,original_phash,,,,frame_03357,frame_03358,TRAIN,TRAIN,no,v40c_01947,no,yes,no,
orig_001552,original_phash,,,,frame_03358,frame_03359,TRAIN,TRAIN,no,v40c_01947,no,yes,no,
orig_001553,original_phash,,,,frame_03359,frame_03360,TRAIN,TRAIN,no,v40c_01947,no,yes,no,
orig_001554,original_phash,,,,frame_03361,frame_03367,TRAIN,TRAIN,no,v40c_01948,no,yes,no,
orig_001555,original_phash,,,,frame_03361,frame_03368,TRAIN,TRAIN,no,v40c_01948,no,yes,no,
orig_001556,original_dhash,,,,frame_03362,frame_03365,TRAIN,TRAIN,no,v40c_01948,no,no,yes,
orig_001557,original_phash,,,,frame_03363,frame_03364,TRAIN,TRAIN,no,v40c_01948,no,yes,no,
orig_001558,original_dhash,,,,frame_03364,frame_03365,TRAIN,TRAIN,no,v40c_01948,no,no,yes,
orig_001559,original_phash,,,,frame_03365,frame_03366,TRAIN,TRAIN,no,v40c_01948,no,yes,no,
orig_001560,original_phash,,,,frame_03365,frame_03367,TRAIN,TRAIN,no,v40c_01948,no,yes,no,
orig_001561,original_phash,,,,frame_03366,frame_03367,TRAIN,TRAIN,no,v40c_01948,no,yes,yes,
orig_001562,original_phash,,,,frame_03373,frame_03374,TRAIN,TRAIN,no,v40c_01953,no,yes,no,
orig_001563,original_phash,,,,frame_03373,frame_03375,TRAIN,TRAIN,no,v40c_01953,no,yes,no,
orig_001564,original_phash,,,,frame_03376,frame_03377,TRAIN,TRAIN,no,v40c_01954,no,yes,no,
orig_001565,original_dhash,,,,frame_03378,frame_03379,TRAIN,TRAIN,no,v40c_01955,no,no,yes,
orig_001566,original_phash,,,,frame_03387,frame_03388,TRAIN,TRAIN,no,v40c_01963,no,yes,no,
orig_001567,original_phash,,,,frame_03390,frame_03393,TRAIN,TRAIN,no,v40c_01965,no,yes,no,
orig_001568,original_phash,,,,frame_03396,frame_03397,TRAIN,TRAIN,no,v40c_01970,no,yes,no,
orig_001569,original_phash,,,,frame_03401,frame_03402,TRAIN,TRAIN,no,v40c_01974,no,yes,no,
orig_001570,original_phash,,,,frame_03406,frame_03407,TRAIN,TRAIN,no,v40c_01978,no,yes,no,
orig_001571,original_dhash,,,,frame_03414,frame_03416,TRAIN,TRAIN,no,v40c_01985,no,no,yes,
orig_001572,original_phash,,,,frame_03415,frame_03416,TRAIN,TRAIN,no,v40c_01985,no,yes,no,
orig_001573,original_phash,,,,frame_03417,frame_03418,TRAIN,TRAIN,no,v40c_01986,no,yes,yes,
orig_001574,original_phash,,,,frame_03417,frame_03419,TRAIN,TRAIN,no,v40c_01986,no,yes,no,
orig_001575,original_phash,,,,frame_03418,frame_03419,TRAIN,TRAIN,no,v40c_01986,no,yes,no,
orig_001576,original_phash,,,,frame_03422,frame_03423,TRAIN,TRAIN,no,v40c_01989,no,yes,yes,
orig_001577,original_dhash,,,,frame_03422,frame_03424,TRAIN,TRAIN,no,v40c_01989,no,no,yes,
orig_001578,original_dhash,,,,frame_03423,frame_03424,TRAIN,TRAIN,no,v40c_01989,no,no,yes,
orig_001579,original_phash,,,,frame_03427,frame_03428,TRAIN,TRAIN,no,v40c_01992,no,yes,yes,
orig_001580,original_dhash,,,,frame_03430,frame_03431,TRAIN,TRAIN,no,v40c_01994,no,no,yes,
orig_001581,original_phash,,,,frame_03433,frame_03434,TRAIN,TRAIN,no,v40c_01996,no,yes,no,
orig_001582,original_phash,,,,frame_03435,frame_03436,TRAIN,TRAIN,no,v40c_01997,no,yes,no,
orig_001583,original_dhash,,,,frame_03442,frame_03443,TRAIN,TRAIN,no,v40c_02003,no,no,yes,
orig_001584,original_phash,,,,frame_03442,frame_03444,TRAIN,TRAIN,no,v40c_02003,no,yes,yes,
orig_001585,original_phash,,,,frame_03442,frame_03445,TRAIN,TRAIN,no,v40c_02003,no,yes,no,
orig_001586,original_dhash,,,,frame_03443,frame_03444,TRAIN,TRAIN,no,v40c_02003,no,no,yes,
orig_001587,original_dhash,,,,frame_03443,frame_03445,TRAIN,TRAIN,no,v40c_02003,no,no,yes,
orig_001588,original_phash,,,,frame_03444,frame_03445,TRAIN,TRAIN,no,v40c_02003,no,yes,yes,
orig_001589,original_phash,,,,frame_03446,frame_03447,TRAIN,TRAIN,no,v40c_02004,no,yes,no,
orig_001590,original_phash,,,,frame_03448,frame_03449,TRAIN,TRAIN,no,v40c_02005,no,yes,no,
orig_001591,original_phash,,,,frame_03448,frame_03450,TRAIN,TRAIN,no,v40c_02005,no,yes,no,
orig_001592,original_phash,,,,frame_03448,frame_03451,TRAIN,TRAIN,no,v40c_02005,no,yes,no,
orig_001593,original_phash,,,,frame_03448,frame_03452,TRAIN,TRAIN,no,v40c_02005,no,yes,no,
orig_001594,original_phash,,,,frame_03449,frame_03450,TRAIN,TRAIN,no,v40c_02005,no,yes,no,
orig_001595,original_phash,,,,frame_03450,frame_03451,TRAIN,TRAIN,no,v40c_02005,no,yes,no,
orig_001596,original_phash,,,,frame_03450,frame_03452,TRAIN,TRAIN,no,v40c_02005,no,yes,no,
orig_001597,original_phash,,,,frame_03451,frame_03452,TRAIN,TRAIN,no,v40c_02005,no,yes,no,
orig_001598,original_phash,,,,frame_03451,frame_03453,TRAIN,TRAIN,no,v40c_02005,no,yes,no,
orig_001599,original_phash,,,,frame_03465,frame_03466,TRAIN,TRAIN,no,v40c_02017,no,yes,no,
orig_001600,original_phash,,,,frame_03465,frame_03467,TRAIN,TRAIN,no,v40c_02017,no,yes,no,
orig_001601,original_phash,,,,frame_03466,frame_03467,TRAIN,TRAIN,no,v40c_02017,no,yes,no,
orig_001602,original_phash,,,,frame_03469,frame_03471,TRAIN,TRAIN,no,v40c_02019,no,yes,no,
orig_001603,original_dhash,,,,frame_03472,frame_03473,TRAIN,TRAIN,no,v40c_02021,no,no,yes,
orig_001604,original_phash,,,,frame_03478,frame_03479,TRAIN,TRAIN,no,v40c_02026,no,yes,no,
orig_001605,original_phash,,,,frame_03478,frame_03485,TRAIN,TRAIN,no,v40c_02026,no,yes,no,
orig_001606,original_phash,,,,frame_03479,frame_03480,TRAIN,TRAIN,no,v40c_02026,no,yes,no,
orig_001607,original_phash,,,,frame_03479,frame_03481,TRAIN,TRAIN,no,v40c_02026,no,yes,no,
orig_001608,original_phash,,,,frame_03479,frame_03485,TRAIN,TRAIN,no,v40c_02026,no,yes,no,
orig_001609,original_phash,,,,frame_03479,frame_03486,TRAIN,TRAIN,no,v40c_02026,no,yes,no,
orig_001610,original_phash,,,,frame_03480,frame_03481,TRAIN,TRAIN,no,v40c_02026,no,yes,no,
orig_001611,original_phash,,,,frame_03481,frame_03482,TRAIN,TRAIN,no,v40c_02026,no,yes,no,
orig_001612,original_phash,,,,frame_03481,frame_03483,TRAIN,TRAIN,no,v40c_02026,no,yes,no,
orig_001613,original_phash,,,,frame_03481,frame_03484,TRAIN,TRAIN,no,v40c_02026,no,yes,no,
orig_001614,original_phash,,,,frame_03481,frame_03485,TRAIN,TRAIN,no,v40c_02026,no,yes,no,
orig_001615,original_phash,,,,frame_03482,frame_03483,TRAIN,TRAIN,no,v40c_02026,no,yes,no,
orig_001616,original_phash,,,,frame_03482,frame_03484,TRAIN,TRAIN,no,v40c_02026,no,yes,no,
orig_001617,original_phash,,,,frame_03483,frame_03484,TRAIN,TRAIN,no,v40c_02026,no,yes,no,
orig_001618,original_phash,,,,frame_03483,frame_03485,TRAIN,TRAIN,no,v40c_02026,no,yes,no,
orig_001619,original_phash,,,,frame_03484,frame_03485,TRAIN,TRAIN,no,v40c_02026,no,yes,no,
orig_001620,original_phash,,,,frame_03484,frame_03486,TRAIN,TRAIN,no,v40c_02026,no,yes,no,
orig_001621,original_phash,,,,frame_03485,frame_03486,TRAIN,TRAIN,no,v40c_02026,no,yes,no,
orig_001622,original_phash,,,,frame_03485,frame_03487,TRAIN,TRAIN,no,v40c_02026,no,yes,no,
orig_001623,original_phash,,,,frame_03486,frame_03487,TRAIN,TRAIN,no,v40c_02026,no,yes,no,
orig_001624,original_dhash,,,,frame_03487,frame_03488,TRAIN,TRAIN,no,v40c_02026,no,no,yes,
orig_001625,original_phash,,,,frame_03489,frame_03490,TRAIN,TRAIN,no,v40c_02027,no,yes,no,
orig_001626,original_phash,,,,frame_03492,frame_03493,TRAIN,TRAIN,no,v40c_02029,no,yes,no,
orig_001627,original_dhash,,,,frame_03494,frame_03495,TRAIN,TRAIN,no,v40c_02030,no,no,yes,
orig_001628,original_phash,,,,frame_03499,frame_03500,TRAIN,TRAIN,no,v40c_02034,no,yes,no,
orig_001629,original_phash,,,,frame_03502,frame_03503,TRAIN,TRAIN,no,v40c_02036,no,yes,no,
orig_001630,original_phash,,,,frame_03505,frame_03506,TRAIN,TRAIN,no,v40c_02038,no,yes,no,
orig_001631,original_phash,,,,frame_03508,frame_03509,TRAIN,TRAIN,no,v40c_02040,no,yes,yes,
orig_001632,original_phash,,,,frame_03508,frame_03510,TRAIN,TRAIN,no,v40c_02040,no,yes,no,
orig_001633,original_phash,,,,frame_03509,frame_03510,TRAIN,TRAIN,no,v40c_02040,no,yes,yes,
orig_001634,original_dhash,,,,frame_03510,frame_03511,TRAIN,TRAIN,no,v40c_02040,no,no,yes,
orig_001635,original_phash,,,,frame_03511,frame_03512,TRAIN,TRAIN,no,v40c_02040,no,yes,yes,
orig_001636,original_phash,,,,frame_03511,frame_03513,TRAIN,TRAIN,no,v40c_02040,no,yes,no,
orig_001637,original_phash,,,,frame_03511,frame_03514,TRAIN,TRAIN,no,v40c_02040,no,yes,no,
orig_001638,original_phash,,,,frame_03512,frame_03513,TRAIN,TRAIN,no,v40c_02040,no,yes,yes,
orig_001639,original_phash,,,,frame_03512,frame_03514,TRAIN,TRAIN,no,v40c_02040,no,yes,no,
orig_001640,original_phash,,,,frame_03513,frame_03514,TRAIN,TRAIN,no,v40c_02040,no,yes,no,
orig_001641,original_dhash,,,,frame_03517,frame_03518,TRAIN,TRAIN,no,v40c_02043,no,no,yes,
orig_001642,original_phash,,,,frame_03519,frame_03520,TRAIN,TRAIN,no,v40c_02044,no,yes,no,
orig_001643,original_phash,,,,frame_03520,frame_03521,TRAIN,TRAIN,no,v40c_02044,no,yes,no,
orig_001644,original_phash,,,,frame_03520,frame_03522,TRAIN,TRAIN,no,v40c_02044,no,yes,no,
orig_001645,original_phash,,,,frame_03521,frame_03522,TRAIN,TRAIN,no,v40c_02044,no,yes,no,
orig_001646,original_phash,,,,frame_03521,frame_03525,TRAIN,TRAIN,no,v40c_02044,no,yes,no,
orig_001647,original_phash,,,,frame_03522,frame_03525,TRAIN,TRAIN,no,v40c_02044,no,yes,no,
orig_001648,original_dhash,,,,frame_03524,frame_03525,TRAIN,TRAIN,no,v40c_02044,no,no,yes,
orig_001649,original_phash,,,,frame_03526,frame_03527,TRAIN,TRAIN,no,v40c_02046,no,yes,no,
orig_001650,original_phash,,,,frame_03530,frame_03531,TRAIN,TRAIN,no,v40c_02049,no,yes,no,
orig_001651,original_phash,,,,frame_03533,frame_03534,TRAIN,TRAIN,no,v40c_02051,no,yes,no,
orig_001652,original_phash,,,,frame_03537,frame_03538,TRAIN,TRAIN,no,v40c_02054,no,yes,no,
orig_001653,original_dhash,,,,frame_03540,frame_03541,TRAIN,TRAIN,no,v40c_02056,no,no,yes,
orig_001654,original_dhash,,,,frame_03542,frame_03543,TRAIN,TRAIN,no,v40c_02057,no,no,yes,
orig_001655,original_phash,,,,frame_03544,frame_03545,TRAIN,TRAIN,no,v40c_02058,no,yes,no,
orig_001656,original_phash,,,,frame_03544,frame_03546,TRAIN,TRAIN,no,v40c_02058,no,yes,no,
orig_001657,original_phash,,,,frame_03544,frame_03547,TRAIN,TRAIN,no,v40c_02058,no,yes,no,
orig_001658,original_phash,,,,frame_03545,frame_03546,TRAIN,TRAIN,no,v40c_02058,no,yes,no,
orig_001659,original_phash,,,,frame_03545,frame_03547,TRAIN,TRAIN,no,v40c_02058,no,yes,no,
orig_001660,original_phash,,,,frame_03546,frame_03547,TRAIN,TRAIN,no,v40c_02058,no,yes,yes,
orig_001661,original_dhash,,,,frame_03546,frame_03548,TRAIN,TRAIN,no,v40c_02058,no,no,yes,
orig_001662,original_dhash,,,,frame_03547,frame_03548,TRAIN,TRAIN,no,v40c_02058,no,no,yes,
orig_001663,original_dhash,,,,frame_03554,frame_03556,TRAIN,TRAIN,no,v40c_02064,no,no,yes,
orig_001664,original_phash,,,,frame_03554,frame_03559,TRAIN,TRAIN,no,v40c_02064,no,yes,no,
orig_001665,original_dhash,,,,frame_03555,frame_03556,TRAIN,TRAIN,no,v40c_02064,no,no,yes,
orig_001666,original_dhash,,,,frame_03555,frame_03558,TRAIN,TRAIN,no,v40c_02064,no,no,yes,
orig_001667,original_dhash,,,,frame_03556,frame_03557,TRAIN,TRAIN,no,v40c_02064,no,no,yes,
orig_001668,original_phash,,,,frame_03556,frame_03558,TRAIN,TRAIN,no,v40c_02064,no,yes,yes,
orig_001669,original_dhash,,,,frame_03558,frame_03565,TRAIN,TRAIN,no,v40c_02064,no,no,yes,
orig_001670,original_dhash,,,,frame_03559,frame_03560,TRAIN,TRAIN,no,v40c_02064,no,no,yes,
orig_001671,original_phash,,,,frame_03559,frame_03561,TRAIN,TRAIN,no,v40c_02064,no,yes,no,
orig_001672,original_phash,,,,frame_03559,frame_03563,TRAIN,TRAIN,no,v40c_02064,no,yes,yes,
orig_001673,original_dhash,,,,frame_03560,frame_03561,TRAIN,TRAIN,no,v40c_02064,no,no,yes,
orig_001674,original_phash,,,,frame_03562,frame_03563,TRAIN,TRAIN,no,v40c_02064,no,yes,yes,
orig_001675,original_phash,,,,frame_03562,frame_03565,TRAIN,TRAIN,no,v40c_02064,no,yes,no,
orig_001676,original_phash,,,,frame_03563,frame_03564,TRAIN,TRAIN,no,v40c_02064,no,yes,no,
orig_001677,original_phash,,,,frame_03563,frame_03565,TRAIN,TRAIN,no,v40c_02064,no,yes,no,
orig_001678,original_phash,,,,frame_03563,frame_03566,TRAIN,TRAIN,no,v40c_02064,no,yes,no,
orig_001679,original_phash,,,,frame_03564,frame_03565,TRAIN,TRAIN,no,v40c_02064,no,yes,yes,
orig_001680,original_phash,,,,frame_03564,frame_03566,TRAIN,TRAIN,no,v40c_02064,no,yes,yes,
orig_001681,original_dhash,,,,frame_03564,frame_03577,TRAIN,TRAIN,no,v40c_02064,no,no,yes,
orig_001682,original_dhash,,,,frame_03564,frame_03587,TRAIN,TRAIN,no,v40c_02064,no,no,yes,
orig_001683,original_phash,,,,frame_03565,frame_03566,TRAIN,TRAIN,no,v40c_02064,no,yes,yes,
orig_001684,original_phash,,,,frame_03565,frame_03567,TRAIN,TRAIN,no,v40c_02064,no,yes,yes,
orig_001685,original_dhash,,,,frame_03565,frame_03569,TRAIN,TRAIN,no,v40c_02064,no,no,yes,
orig_001686,original_dhash,,,,frame_03566,frame_03567,TRAIN,TRAIN,no,v40c_02064,no,no,yes,
orig_001687,original_dhash,,,,frame_03567,frame_03568,TRAIN,TRAIN,no,v40c_02064,no,no,yes,
orig_001688,original_dhash,,,,frame_03567,frame_03569,TRAIN,TRAIN,no,v40c_02064,no,no,yes,
orig_001689,original_dhash,,,,frame_03571,frame_03572,TRAIN,TRAIN,no,v40c_02066,no,no,yes,
orig_001690,original_dhash,,,,frame_03574,frame_03575,TRAIN,TRAIN,no,v40c_02064,no,no,yes,
orig_001691,original_dhash,,,,frame_03574,frame_03576,TRAIN,TRAIN,no,v40c_02064,no,no,yes,
orig_001692,original_dhash,,,,frame_03575,frame_03576,TRAIN,TRAIN,no,v40c_02064,no,no,yes,
orig_001693,original_dhash,,,,frame_03575,frame_03577,TRAIN,TRAIN,no,v40c_02064,no,no,yes,
orig_001694,original_phash,,,,frame_03576,frame_03577,TRAIN,TRAIN,no,v40c_02064,no,yes,yes,
orig_001695,original_phash,,,,frame_03577,frame_03579,TRAIN,TRAIN,no,v40c_02064,no,yes,no,
orig_001696,original_phash,,,,frame_03578,frame_03579,TRAIN,TRAIN,no,v40c_02064,no,yes,yes,
orig_001697,original_phash,,,,frame_03578,frame_03580,TRAIN,TRAIN,no,v40c_02064,no,yes,no,
orig_001698,original_phash,,,,frame_03587,frame_03588,TRAIN,TRAIN,no,v40c_02064,no,yes,no,
orig_001699,original_phash,,,,frame_03590,frame_03591,TRAIN,TRAIN,no,v40c_02075,no,yes,yes,
orig_001700,original_phash,,,,frame_03591,frame_03592,TRAIN,TRAIN,no,v40c_02075,no,yes,no,
orig_001701,original_dhash,,,,frame_03592,frame_03594,TRAIN,TRAIN,no,v40c_02075,no,no,yes,
orig_001702,original_dhash,,,,frame_03594,frame_03595,TRAIN,TRAIN,no,v40c_02075,no,no,yes,
orig_001703,original_dhash,,,,frame_03594,frame_03596,TRAIN,TRAIN,no,v40c_02075,no,no,yes,
orig_001704,original_dhash,,,,frame_03594,frame_03597,TRAIN,TRAIN,no,v40c_02075,no,no,yes,
orig_001705,original_dhash,,,,frame_03594,frame_03598,TRAIN,TRAIN,no,v40c_02075,no,no,yes,
orig_001706,original_phash,,,,frame_03595,frame_03596,TRAIN,TRAIN,no,v40c_02075,no,yes,yes,
orig_001707,original_dhash,,,,frame_03595,frame_03597,TRAIN,TRAIN,no,v40c_02075,no,no,yes,
orig_001708,original_dhash,,,,frame_03596,frame_03597,TRAIN,TRAIN,no,v40c_02075,no,no,yes,
orig_001709,original_dhash,,,,frame_03597,frame_03598,TRAIN,TRAIN,no,v40c_02075,no,no,yes,
orig_001710,original_dhash,,,,frame_03597,frame_03599,TRAIN,TRAIN,no,v40c_02075,no,no,yes,
orig_001711,original_dhash,,,,frame_03598,frame_03599,TRAIN,TRAIN,no,v40c_02075,no,no,yes,
orig_001712,original_dhash,,,,frame_03599,frame_03600,TRAIN,TRAIN,no,v40c_02075,no,no,yes,
orig_001713,original_dhash,,,,frame_03599,frame_03601,TRAIN,TRAIN,no,v40c_02075,no,no,yes,
orig_001714,original_dhash,,,,frame_03600,frame_03601,TRAIN,TRAIN,no,v40c_02075,no,no,yes,
orig_001715,original_phash,,,,frame_03606,frame_03607,TRAIN,TRAIN,no,v40c_02081,no,yes,no,
orig_001716,original_dhash,,,,frame_03606,frame_03608,TRAIN,TRAIN,no,v40c_02081,no,no,yes,
orig_001717,original_phash,,,,frame_03609,frame_03610,TRAIN,TRAIN,no,v40c_02082,no,yes,yes,
orig_001718,original_phash,,,,frame_03609,frame_03611,TRAIN,TRAIN,no,v40c_02082,no,yes,no,
orig_001719,original_dhash,,,,frame_03610,frame_03611,TRAIN,TRAIN,no,v40c_02082,no,no,yes,
orig_001720,original_dhash,,,,frame_03611,frame_03612,TRAIN,TRAIN,no,v40c_02082,no,no,yes,
orig_001721,original_phash,,,,frame_03611,frame_03613,TRAIN,TRAIN,no,v40c_02082,no,yes,no,
orig_001722,original_dhash,,,,frame_03612,frame_03613,TRAIN,TRAIN,no,v40c_02082,no,no,yes,
orig_001723,original_phash,,,,frame_03615,frame_03616,TRAIN,TRAIN,no,v40c_02084,no,yes,no,
orig_001724,original_phash,,,,frame_03616,frame_03617,TRAIN,TRAIN,no,v40c_02084,no,yes,no,
orig_001725,original_phash,,,,frame_03616,frame_03618,TRAIN,TRAIN,no,v40c_02084,no,yes,no,
orig_001726,original_phash,,,,frame_03626,frame_03628,TRAIN,TRAIN,no,v40c_02092,no,yes,no,
orig_001727,original_phash,,,,frame_03626,frame_03629,TRAIN,TRAIN,no,v40c_02092,no,yes,no,
orig_001728,original_phash,,,,frame_03627,frame_03628,TRAIN,TRAIN,no,v40c_02092,no,yes,no,
orig_001729,original_phash,,,,frame_03635,frame_03636,TRAIN,TRAIN,no,v40c_02098,no,yes,no,
orig_001730,original_phash,,,,frame_03635,frame_03637,TRAIN,TRAIN,no,v40c_02098,no,yes,no,
orig_001731,original_phash,,,,frame_03635,frame_03638,TRAIN,TRAIN,no,v40c_02098,no,yes,no,
orig_001732,original_phash,,,,frame_03635,frame_03639,TRAIN,TRAIN,no,v40c_02098,no,yes,no,
orig_001733,original_phash,,,,frame_03636,frame_03637,TRAIN,TRAIN,no,v40c_02098,no,yes,no,
orig_001734,original_phash,,,,frame_03636,frame_03638,TRAIN,TRAIN,no,v40c_02098,no,yes,no,
orig_001735,original_phash,,,,frame_03637,frame_03638,TRAIN,TRAIN,no,v40c_02098,no,yes,no,
orig_001736,original_phash,,,,frame_03638,frame_03639,TRAIN,TRAIN,no,v40c_02098,no,yes,no,
orig_001737,original_phash,,,,frame_03683,frame_03684,TRAIN,TRAIN,no,v40c_02142,no,yes,no,
orig_001738,original_phash,,,,frame_03687,frame_03688,TRAIN,TRAIN,no,v40c_02145,no,yes,no,
orig_001739,original_phash,,,,frame_03688,frame_03714,TRAIN,TRAIN,no,v40c_02145,no,yes,no,
orig_001740,original_phash,,,,frame_03688,frame_03716,TRAIN,TRAIN,no,v40c_02145,no,yes,no,
orig_001741,original_phash,,,,frame_03692,frame_03713,TRAIN,TRAIN,no,v40c_02149,no,yes,yes,
orig_001742,original_dhash,,,,frame_03694,frame_03710,TRAIN,TRAIN,no,v40c_02151,no,no,yes,
orig_001743,original_dhash,,,,frame_03696,frame_03697,TRAIN,TRAIN,no,v40c_02151,no,no,yes,
orig_001744,original_dhash,,,,frame_03696,frame_03707,TRAIN,TRAIN,no,v40c_02151,no,no,yes,
orig_001745,original_dhash,,,,frame_03697,frame_03707,TRAIN,TRAIN,no,v40c_02151,no,no,yes,
orig_001746,original_phash,,,,frame_03699,frame_03700,TRAIN,TRAIN,no,v40c_02154,no,yes,no,
orig_001747,original_phash,,,,frame_03700,frame_03701,TRAIN,TRAIN,no,v40c_02154,no,yes,no,
orig_001748,original_phash,,,,frame_03706,frame_03707,TRAIN,TRAIN,no,v40c_02151,no,yes,no,
orig_001749,original_phash,,,,frame_03706,frame_03709,TRAIN,TRAIN,no,v40c_02151,no,yes,no,
orig_001750,original_phash,,,,frame_03706,frame_03710,TRAIN,TRAIN,no,v40c_02151,no,yes,no,
orig_001751,original_phash,,,,frame_03707,frame_03709,TRAIN,TRAIN,no,v40c_02151,no,yes,no,
orig_001752,original_phash,,,,frame_03722,frame_03724,TRAIN,TRAIN,no,v40c_02168,no,yes,no,
orig_001753,original_phash,,,,frame_03722,frame_03726,TRAIN,TRAIN,no,v40c_02168,no,yes,no,
orig_001754,original_phash,,,,frame_03724,frame_03725,TRAIN,TRAIN,no,v40c_02168,no,yes,no,
orig_001755,original_phash,,,,frame_03724,frame_03726,TRAIN,TRAIN,no,v40c_02168,no,yes,no,
orig_001756,original_phash,,,,frame_03725,frame_03726,TRAIN,TRAIN,no,v40c_02168,no,yes,no,
orig_001757,original_phash,,,,frame_03726,frame_03727,TRAIN,TRAIN,no,v40c_02168,no,yes,no,
orig_001758,original_dhash,,,,frame_03747,frame_03748,TRAIN,TRAIN,no,v40c_02189,no,no,yes,
orig_001759,original_phash,,,,frame_03748,frame_03749,TRAIN,TRAIN,no,v40c_02189,no,yes,yes,
orig_001760,original_dhash,,,,frame_03748,frame_03751,TRAIN,TRAIN,no,v40c_02189,no,no,yes,
orig_001761,original_phash,,,,frame_03749,frame_03750,TRAIN,TRAIN,no,v40c_02189,no,yes,yes,
orig_001762,original_phash,,,,frame_03749,frame_03751,TRAIN,TRAIN,no,v40c_02189,no,yes,yes,
orig_001763,original_phash,,,,frame_03752,frame_03753,TRAIN,TRAIN,no,v40c_02190,no,yes,no,
orig_001764,original_phash,,,,frame_03754,frame_03755,TRAIN,TRAIN,no,v40c_02191,no,yes,yes,
orig_001765,original_dhash,,,,frame_03756,frame_03775,TRAIN,TRAIN,no,v40c_02192,no,no,yes,
orig_001766,original_phash,,,,frame_03769,frame_03770,TRAIN,TRAIN,no,v40c_02205,no,yes,no,
orig_001767,original_phash,,,,frame_03802,frame_03803,TRAIN,TRAIN,no,v40c_02236,no,yes,no,
orig_001768,original_phash,,,,frame_03816,frame_03817,TRAIN,TRAIN,no,v40c_02249,no,yes,no,
orig_001769,original_phash,,,,frame_03817,frame_03819,TRAIN,TRAIN,no,v40c_02249,no,yes,no,
orig_001770,original_phash,,,,frame_03839,frame_03840,TRAIN,TRAIN,no,v40c_02270,no,yes,yes,
orig_001771,original_phash,,,,frame_03856,frame_03857,TRAIN,TRAIN,no,v40c_02286,no,yes,no,
orig_001772,original_dhash,,,,frame_03857,frame_03858,TRAIN,TRAIN,no,v40c_02286,no,no,yes,
orig_001773,original_phash,,,,frame_03865,frame_03866,TRAIN,TRAIN,no,v40c_02293,no,yes,yes,
orig_001774,original_phash,,,,frame_03868,frame_03869,TRAIN,TRAIN,no,v40c_02295,no,yes,no,
orig_001775,original_dhash,,,,frame_03870,frame_03871,TRAIN,TRAIN,no,v40c_02296,no,no,yes,
orig_001776,original_phash,,,,frame_03872,frame_03873,TRAIN,TRAIN,no,v40c_02297,no,yes,no,
orig_001777,original_phash,,,,frame_03873,frame_03874,TRAIN,TRAIN,no,v40c_02297,no,yes,no,
orig_001778,original_phash,,,,frame_03886,frame_03887,TRAIN,TRAIN,no,v40c_02309,no,yes,yes,
orig_001779,original_phash,,,,frame_03893,frame_03894,TRAIN,TRAIN,no,v40c_02315,no,yes,no,
orig_001780,original_phash,,,,frame_03896,frame_03897,TRAIN,TRAIN,no,v40c_02317,no,yes,yes,
orig_001781,original_phash,,,,frame_03900,frame_03901,TRAIN,TRAIN,no,v40c_02320,no,yes,yes,
orig_001782,original_phash,,,,frame_03900,frame_03902,TRAIN,TRAIN,no,v40c_02320,no,yes,no,
orig_001783,original_phash,,,,frame_03901,frame_03902,TRAIN,TRAIN,no,v40c_02320,no,yes,no,
orig_001784,original_phash,,,,frame_03905,frame_03906,TRAIN,TRAIN,no,v40c_02323,no,yes,no,
orig_001785,original_phash,,,,frame_03905,frame_03907,TRAIN,TRAIN,no,v40c_02323,no,yes,no,
orig_001786,original_phash,,,,frame_03906,frame_03907,TRAIN,TRAIN,no,v40c_02323,no,yes,no,
orig_001787,original_phash,,,,frame_03911,frame_03912,TRAIN,TRAIN,no,v40c_02327,no,yes,no,
orig_001788,original_phash,,,,frame_03912,frame_03913,TRAIN,TRAIN,no,v40c_02327,no,yes,no,
orig_001789,original_phash,,,,frame_03913,frame_03914,TRAIN,TRAIN,no,v40c_02327,no,yes,no,
orig_001790,original_phash,,,,frame_03915,frame_03916,TRAIN,TRAIN,no,v40c_02328,no,yes,no,
orig_001791,original_phash,,,,frame_03918,frame_03919,TRAIN,TRAIN,no,v40c_02330,no,yes,no,
orig_001792,original_phash,,,,frame_03918,frame_03920,TRAIN,TRAIN,no,v40c_02330,no,yes,no,
orig_001793,original_phash,,,,frame_03918,frame_03921,TRAIN,TRAIN,no,v40c_02330,no,yes,no,
orig_001794,original_phash,,,,frame_03919,frame_03920,TRAIN,TRAIN,no,v40c_02330,no,yes,no,
orig_001795,original_phash,,,,frame_03929,frame_03930,TRAIN,TRAIN,no,v40c_02338,no,yes,no,
orig_001796,original_phash,,,,frame_03937,frame_03938,TRAIN,TRAIN,no,v40c_02345,no,yes,no,
orig_001797,original_phash,,,,frame_03940,frame_03942,TRAIN,TRAIN,no,v40c_02347,no,yes,no,
orig_001798,original_phash,,,,frame_03941,frame_03942,TRAIN,TRAIN,no,v40c_02347,no,yes,no,
orig_001799,original_phash,,,,frame_03948,frame_03949,TRAIN,TRAIN,no,v40c_02353,no,yes,no,
orig_001800,original_phash,,,,frame_03969,frame_03970,TRAIN,TRAIN,no,v40c_02373,no,yes,no,
orig_001801,original_phash,,,,frame_03969,frame_03971,TRAIN,TRAIN,no,v40c_02373,no,yes,no,
orig_001802,original_phash,,,,frame_03970,frame_03971,TRAIN,TRAIN,no,v40c_02373,no,yes,no,
orig_001803,original_phash,,,,frame_03971,frame_03972,TRAIN,TRAIN,no,v40c_02373,no,yes,no,
orig_001804,original_phash,,,,frame_03971,frame_03973,TRAIN,TRAIN,no,v40c_02373,no,yes,no,
orig_001805,original_phash,,,,frame_03972,frame_03973,TRAIN,TRAIN,no,v40c_02373,no,yes,no,
orig_001806,original_phash,,,,frame_03976,frame_03977,TRAIN,TRAIN,no,v40c_02376,no,yes,no,
orig_001807,original_phash,,,,frame_03978,frame_03979,TRAIN,TRAIN,no,v40c_02377,no,yes,no,
orig_001808,original_phash,,,,frame_03996,frame_03997,TRAIN,TRAIN,no,v40c_02394,no,yes,no,
orig_001809,original_phash,,,,frame_03999,frame_04000,TRAIN,TRAIN,no,v40c_02396,no,yes,no,
orig_001810,original_phash,,,,frame_04058,frame_04059,VALIDATION,VALIDATION,no,v40c_02438,no,yes,no,
orig_001811,original_phash,,,,frame_04061,frame_04062,VALIDATION,VALIDATION,no,v40c_02440,no,yes,no,
orig_001812,original_phash,,,,frame_04068,frame_04069,VALIDATION,VALIDATION,no,v40c_02446,no,yes,no,
orig_001813,original_phash,,,,nframe_00710,nframe_00723,TRAIN,TRAIN,no,v40c_02455,no,yes,no,
orig_001814,original_phash,,,,nframe_00710,nframe_00769,TRAIN,TRAIN,no,v40c_02455,no,yes,no,
orig_001815,original_phash,,,,nframe_00710,nframe_00771,TRAIN,TRAIN,no,v40c_02455,no,yes,no,
orig_001816,original_phash,,,,nframe_00710,nframe_00772,TRAIN,TRAIN,no,v40c_02455,no,yes,no,
orig_001817,original_phash,,,,nframe_00710,nframe_00773,TRAIN,TRAIN,no,v40c_02455,no,yes,no,
orig_001818,original_phash,,,,nframe_00710,nframe_00777,TRAIN,TRAIN,no,v40c_02455,no,yes,no,
orig_001819,original_phash,,,,nframe_00710,nframe_00778,TRAIN,TRAIN,no,v40c_02455,no,yes,no,
orig_001820,original_phash,,,,nframe_00710,nframe_00787,TRAIN,TRAIN,no,v40c_02455,no,yes,no,
orig_001821,original_phash,,,,nframe_00723,nframe_00725,TRAIN,TRAIN,no,v40c_02455,no,yes,no,
orig_001822,original_phash,,,,nframe_00723,nframe_00727,TRAIN,TRAIN,no,v40c_02455,no,yes,no,
orig_001823,original_phash,,,,nframe_00723,nframe_00731,TRAIN,TRAIN,no,v40c_02455,no,yes,no,
orig_001824,original_phash,,,,nframe_00723,nframe_00732,TRAIN,TRAIN,no,v40c_02455,no,yes,no,
orig_001825,original_phash,,,,nframe_00723,nframe_00733,TRAIN,TRAIN,no,v40c_02455,no,yes,no,
orig_001826,original_phash,,,,nframe_00723,nframe_00769,TRAIN,TRAIN,no,v40c_02455,no,yes,no,
orig_001827,original_phash,,,,nframe_00723,nframe_00771,TRAIN,TRAIN,no,v40c_02455,no,yes,no,
orig_001828,original_phash,,,,nframe_00723,nframe_00772,TRAIN,TRAIN,no,v40c_02455,no,yes,no,
orig_001829,original_phash,,,,nframe_00723,nframe_00773,TRAIN,TRAIN,no,v40c_02455,no,yes,no,
orig_001830,original_phash,,,,nframe_00723,nframe_00777,TRAIN,TRAIN,no,v40c_02455,no,yes,no,
orig_001831,original_phash,,,,nframe_00723,nframe_00778,TRAIN,TRAIN,no,v40c_02455,no,yes,no,
orig_001832,original_phash,,,,nframe_00723,nframe_00784,TRAIN,TRAIN,no,v40c_02455,no,yes,no,
orig_001833,original_phash,,,,nframe_00723,nframe_00786,TRAIN,TRAIN,no,v40c_02455,no,yes,no,
orig_001834,original_phash,,,,nframe_00723,nframe_00787,TRAIN,TRAIN,no,v40c_02455,no,yes,no,
orig_001835,original_phash,,,,nframe_00723,nframe_00789,TRAIN,TRAIN,no,v40c_02455,no,yes,no,
orig_001836,original_phash,,,,nframe_00723,nframe_00791,TRAIN,TRAIN,no,v40c_02455,no,yes,no,
orig_001837,original_phash,,,,nframe_00723,nframe_00792,TRAIN,TRAIN,no,v40c_02455,no,yes,no,
orig_001838,original_phash,,,,nframe_00723,nframe_00793,TRAIN,TRAIN,no,v40c_02455,no,yes,no,
orig_001839,original_phash,,,,nframe_00723,nframe_00794,TRAIN,TRAIN,no,v40c_02455,no,yes,no,
orig_001840,original_phash,,,,nframe_00723,nframe_00795,TRAIN,TRAIN,no,v40c_02455,no,yes,no,
orig_001841,original_phash,,,,nframe_00723,nframe_00796,TRAIN,TRAIN,no,v40c_02455,no,yes,no,
orig_001842,original_phash,,,,nframe_00723,nframe_00806,TRAIN,TRAIN,no,v40c_02455,no,yes,no,
orig_001843,original_phash,,,,nframe_00725,nframe_00727,TRAIN,TRAIN,no,v40c_02455,no,yes,no,
orig_001844,original_phash,,,,nframe_00725,nframe_00731,TRAIN,TRAIN,no,v40c_02455,no,yes,no,
orig_001845,original_phash,,,,nframe_00725,nframe_00732,TRAIN,TRAIN,no,v40c_02455,no,yes,no,
orig_001846,original_phash,,,,nframe_00725,nframe_00733,TRAIN,TRAIN,no,v40c_02455,no,yes,no,
orig_001847,original_phash,,,,nframe_00725,nframe_00734,TRAIN,TRAIN,no,v40c_02455,no,yes,no,
orig_001848,original_phash,,,,nframe_00725,nframe_00735,TRAIN,TRAIN,no,v40c_02455,no,yes,no,
orig_001849,original_phash,,,,nframe_00725,nframe_00750,TRAIN,TRAIN,no,v40c_02455,no,yes,no,
orig_001850,original_phash,,,,nframe_00725,nframe_00789,TRAIN,TRAIN,no,v40c_02455,no,yes,no,
orig_001851,original_phash,,,,nframe_00725,nframe_00790,TRAIN,TRAIN,no,v40c_02455,no,yes,no,
orig_001852,original_phash,,,,nframe_00725,nframe_00791,TRAIN,TRAIN,no,v40c_02455,no,yes,no,
orig_001853,original_phash,,,,nframe_00725,nframe_00792,TRAIN,TRAIN,no,v40c_02455,no,yes,no,
orig_001854,original_phash,,,,nframe_00725,nframe_00793,TRAIN,TRAIN,no,v40c_02455,no,yes,no,
orig_001855,original_phash,,,,nframe_00725,nframe_00794,TRAIN,TRAIN,no,v40c_02455,no,yes,no,
orig_001856,original_phash,,,,nframe_00725,nframe_00795,TRAIN,TRAIN,no,v40c_02455,no,yes,no,
orig_001857,original_phash,,,,nframe_00725,nframe_00796,TRAIN,TRAIN,no,v40c_02455,no,yes,no,
orig_001858,original_phash,,,,nframe_00725,nframe_00797,TRAIN,TRAIN,no,v40c_02455,no,yes,no,
orig_001859,original_phash,,,,nframe_00725,nframe_00803,TRAIN,TRAIN,no,v40c_02455,no,yes,no,
orig_001860,original_phash,,,,nframe_00725,nframe_00804,TRAIN,TRAIN,no,v40c_02455,no,yes,no,
orig_001861,original_phash,,,,nframe_00725,nframe_00805,TRAIN,TRAIN,no,v40c_02455,no,yes,no,
orig_001862,original_phash,,,,nframe_00725,nframe_00806,TRAIN,TRAIN,no,v40c_02455,no,yes,no,
orig_001863,original_phash,,,,nframe_00727,nframe_00731,TRAIN,TRAIN,no,v40c_02455,no,yes,no,
orig_001864,original_phash,,,,nframe_00727,nframe_00732,TRAIN,TRAIN,no,v40c_02455,no,yes,no,
orig_001865,original_phash,,,,nframe_00727,nframe_00733,TRAIN,TRAIN,no,v40c_02455,no,yes,no,
orig_001866,original_phash,,,,nframe_00727,nframe_00734,TRAIN,TRAIN,no,v40c_02455,no,yes,no,
orig_001867,original_phash,,,,nframe_00727,nframe_00735,TRAIN,TRAIN,no,v40c_02455,no,yes,no,
orig_001868,original_phash,,,,nframe_00727,nframe_00750,TRAIN,TRAIN,no,v40c_02455,no,yes,no,
orig_001869,original_phash,,,,nframe_00727,nframe_00789,TRAIN,TRAIN,no,v40c_02455,no,yes,no,
orig_001870,original_phash,,,,nframe_00727,nframe_00790,TRAIN,TRAIN,no,v40c_02455,no,yes,no,
orig_001871,original_phash,,,,nframe_00727,nframe_00791,TRAIN,TRAIN,no,v40c_02455,no,yes,no,
orig_001872,original_phash,,,,nframe_00727,nframe_00792,TRAIN,TRAIN,no,v40c_02455,no,yes,no,
orig_001873,original_phash,,,,nframe_00727,nframe_00793,TRAIN,TRAIN,no,v40c_02455,no,yes,no,
orig_001874,original_phash,,,,nframe_00727,nframe_00794,TRAIN,TRAIN,no,v40c_02455,no,yes,no,
orig_001875,original_phash,,,,nframe_00727,nframe_00795,TRAIN,TRAIN,no,v40c_02455,no,yes,no,
orig_001876,original_phash,,,,nframe_00727,nframe_00796,TRAIN,TRAIN,no,v40c_02455,no,yes,no,
orig_001877,original_phash,,,,nframe_00727,nframe_00797,TRAIN,TRAIN,no,v40c_02455,no,yes,no,
orig_001878,original_phash,,,,nframe_00727,nframe_00803,TRAIN,TRAIN,no,v40c_02455,no,yes,no,
orig_001879,original_phash,,,,nframe_00727,nframe_00804,TRAIN,TRAIN,no,v40c_02455,no,yes,no,
orig_001880,original_phash,,,,nframe_00727,nframe_00805,TRAIN,TRAIN,no,v40c_02455,no,yes,no,
orig_001881,original_phash,,,,nframe_00727,nframe_00806,TRAIN,TRAIN,no,v40c_02455,no,yes,no,
orig_001882,original_phash,,,,nframe_00728,nframe_00729,TRAIN,TRAIN,no,v40c_02455,no,yes,no,
orig_001883,original_phash,,,,nframe_00728,nframe_00730,TRAIN,TRAIN,no,v40c_02455,no,yes,no,
orig_001884,original_phash,,,,nframe_00728,nframe_00798,TRAIN,TRAIN,no,v40c_02455,no,yes,no,
orig_001885,original_phash,,,,nframe_00728,nframe_00801,TRAIN,TRAIN,no,v40c_02455,no,yes,no,
orig_001886,original_phash,,,,nframe_00729,nframe_00730,TRAIN,TRAIN,no,v40c_02455,no,yes,no,
orig_001887,original_phash,,,,nframe_00730,nframe_00798,TRAIN,TRAIN,no,v40c_02455,no,yes,no,
orig_001888,original_phash,,,,nframe_00730,nframe_00801,TRAIN,TRAIN,no,v40c_02455,no,yes,no,
orig_001889,original_phash,,,,nframe_00731,nframe_00732,TRAIN,TRAIN,no,v40c_02455,no,yes,no,
orig_001890,original_phash,,,,nframe_00731,nframe_00733,TRAIN,TRAIN,no,v40c_02455,no,yes,no,
orig_001891,original_phash,,,,nframe_00731,nframe_00734,TRAIN,TRAIN,no,v40c_02455,no,yes,no,
orig_001892,original_phash,,,,nframe_00731,nframe_00735,TRAIN,TRAIN,no,v40c_02455,no,yes,no,
orig_001893,original_phash,,,,nframe_00731,nframe_00750,TRAIN,TRAIN,no,v40c_02455,no,yes,no,
orig_001894,original_phash,,,,nframe_00731,nframe_00789,TRAIN,TRAIN,no,v40c_02455,no,yes,no,
orig_001895,original_phash,,,,nframe_00731,nframe_00790,TRAIN,TRAIN,no,v40c_02455,no,yes,no,
orig_001896,original_phash,,,,nframe_00731,nframe_00791,TRAIN,TRAIN,no,v40c_02455,no,yes,no,
orig_001897,original_phash,,,,nframe_00731,nframe_00792,TRAIN,TRAIN,no,v40c_02455,no,yes,no,
orig_001898,original_phash,,,,nframe_00731,nframe_00793,TRAIN,TRAIN,no,v40c_02455,no,yes,no,
orig_001899,original_phash,,,,nframe_00731,nframe_00794,TRAIN,TRAIN,no,v40c_02455,no,yes,no,
orig_001900,original_phash,,,,nframe_00731,nframe_00795,TRAIN,TRAIN,no,v40c_02455,no,yes,no,
orig_001901,original_phash,,,,nframe_00731,nframe_00796,TRAIN,TRAIN,no,v40c_02455,no,yes,no,
orig_001902,original_phash,,,,nframe_00731,nframe_00797,TRAIN,TRAIN,no,v40c_02455,no,yes,no,
orig_001903,original_phash,,,,nframe_00731,nframe_00803,TRAIN,TRAIN,no,v40c_02455,no,yes,no,
orig_001904,original_phash,,,,nframe_00731,nframe_00804,TRAIN,TRAIN,no,v40c_02455,no,yes,no,
orig_001905,original_phash,,,,nframe_00731,nframe_00805,TRAIN,TRAIN,no,v40c_02455,no,yes,no,
orig_001906,original_phash,,,,nframe_00731,nframe_00806,TRAIN,TRAIN,no,v40c_02455,no,yes,no,
orig_001907,original_phash,,,,nframe_00732,nframe_00733,TRAIN,TRAIN,no,v40c_02455,no,yes,no,
orig_001908,original_phash,,,,nframe_00732,nframe_00734,TRAIN,TRAIN,no,v40c_02455,no,yes,no,
orig_001909,original_phash,,,,nframe_00732,nframe_00777,TRAIN,TRAIN,no,v40c_02455,no,yes,no,
orig_001910,original_phash,,,,nframe_00732,nframe_00778,TRAIN,TRAIN,no,v40c_02455,no,yes,no,
orig_001911,original_phash,,,,nframe_00732,nframe_00787,TRAIN,TRAIN,no,v40c_02455,no,yes,no,
orig_001912,original_phash,,,,nframe_00732,nframe_00789,TRAIN,TRAIN,no,v40c_02455,no,yes,no,
orig_001913,original_phash,,,,nframe_00732,nframe_00791,TRAIN,TRAIN,no,v40c_02455,no,yes,no,
orig_001914,original_phash,,,,nframe_00732,nframe_00792,TRAIN,TRAIN,no,v40c_02455,no,yes,no,
orig_001915,original_phash,,,,nframe_00732,nframe_00793,TRAIN,TRAIN,no,v40c_02455,no,yes,no,
orig_001916,original_phash,,,,nframe_00732,nframe_00794,TRAIN,TRAIN,no,v40c_02455,no,yes,no,
orig_001917,original_phash,,,,nframe_00732,nframe_00795,TRAIN,TRAIN,no,v40c_02455,no,yes,no,
orig_001918,original_phash,,,,nframe_00732,nframe_00796,TRAIN,TRAIN,no,v40c_02455,no,yes,no,
orig_001919,original_phash,,,,nframe_00732,nframe_00803,TRAIN,TRAIN,no,v40c_02455,no,yes,no,
orig_001920,original_phash,,,,nframe_00732,nframe_00804,TRAIN,TRAIN,no,v40c_02455,no,yes,no,
orig_001921,original_phash,,,,nframe_00732,nframe_00805,TRAIN,TRAIN,no,v40c_02455,no,yes,no,
orig_001922,original_phash,,,,nframe_00732,nframe_00806,TRAIN,TRAIN,no,v40c_02455,no,yes,no,
orig_001923,original_phash,,,,nframe_00733,nframe_00734,TRAIN,TRAIN,no,v40c_02455,no,yes,no,
orig_001924,original_phash,,,,nframe_00733,nframe_00735,TRAIN,TRAIN,no,v40c_02455,no,yes,no,
orig_001925,original_phash,,,,nframe_00733,nframe_00750,TRAIN,TRAIN,no,v40c_02455,no,yes,no,
orig_001926,original_phash,,,,nframe_00733,nframe_00789,TRAIN,TRAIN,no,v40c_02455,no,yes,no,
orig_001927,original_phash,,,,nframe_00733,nframe_00790,TRAIN,TRAIN,no,v40c_02455,no,yes,no,
orig_001928,original_phash,,,,nframe_00733,nframe_00791,TRAIN,TRAIN,no,v40c_02455,no,yes,no,
orig_001929,original_phash,,,,nframe_00733,nframe_00792,TRAIN,TRAIN,no,v40c_02455,no,yes,no,
orig_001930,original_phash,,,,nframe_00733,nframe_00793,TRAIN,TRAIN,no,v40c_02455,no,yes,no,
orig_001931,original_phash,,,,nframe_00733,nframe_00794,TRAIN,TRAIN,no,v40c_02455,no,yes,no,
orig_001932,original_phash,,,,nframe_00733,nframe_00795,TRAIN,TRAIN,no,v40c_02455,no,yes,no,
orig_001933,original_phash,,,,nframe_00733,nframe_00796,TRAIN,TRAIN,no,v40c_02455,no,yes,no,
orig_001934,original_phash,,,,nframe_00733,nframe_00797,TRAIN,TRAIN,no,v40c_02455,no,yes,no,
orig_001935,original_phash,,,,nframe_00733,nframe_00803,TRAIN,TRAIN,no,v40c_02455,no,yes,no,
orig_001936,original_phash,,,,nframe_00733,nframe_00804,TRAIN,TRAIN,no,v40c_02455,no,yes,no,
orig_001937,original_phash,,,,nframe_00733,nframe_00805,TRAIN,TRAIN,no,v40c_02455,no,yes,no,
orig_001938,original_phash,,,,nframe_00733,nframe_00806,TRAIN,TRAIN,no,v40c_02455,no,yes,no,
orig_001939,original_phash,,,,nframe_00734,nframe_00735,TRAIN,TRAIN,no,v40c_02455,no,yes,no,
orig_001940,original_phash,,,,nframe_00734,nframe_00743,TRAIN,TRAIN,no,v40c_02455,no,yes,no,
orig_001941,original_phash,,,,nframe_00734,nframe_00750,TRAIN,TRAIN,no,v40c_02455,no,yes,no,
orig_001942,original_phash,,,,nframe_00734,nframe_00755,TRAIN,TRAIN,no,v40c_02455,no,yes,no,
orig_001943,original_phash,,,,nframe_00734,nframe_00756,TRAIN,TRAIN,no,v40c_02455,no,yes,no,
orig_001944,original_phash,,,,nframe_00734,nframe_00789,TRAIN,TRAIN,no,v40c_02455,no,yes,no,
orig_001945,original_phash,,,,nframe_00734,nframe_00791,TRAIN,TRAIN,no,v40c_02455,no,yes,no,
orig_001946,original_phash,,,,nframe_00734,nframe_00792,TRAIN,TRAIN,no,v40c_02455,no,yes,no,
orig_001947,original_phash,,,,nframe_00734,nframe_00793,TRAIN,TRAIN,no,v40c_02455,no,yes,no,
orig_001948,original_phash,,,,nframe_00734,nframe_00794,TRAIN,TRAIN,no,v40c_02455,no,yes,no,
orig_001949,original_phash,,,,nframe_00734,nframe_00795,TRAIN,TRAIN,no,v40c_02455,no,yes,no,
orig_001950,original_phash,,,,nframe_00734,nframe_00796,TRAIN,TRAIN,no,v40c_02455,no,yes,no,
orig_001951,original_phash,,,,nframe_00734,nframe_00797,TRAIN,TRAIN,no,v40c_02455,no,yes,no,
orig_001952,original_phash,,,,nframe_00734,nframe_00803,TRAIN,TRAIN,no,v40c_02455,no,yes,no,
orig_001953,original_phash,,,,nframe_00734,nframe_00806,TRAIN,TRAIN,no,v40c_02455,no,yes,no,
orig_001954,original_phash,,,,nframe_00734,nframe_00807,TRAIN,TRAIN,no,v40c_02455,no,yes,no,
orig_001955,original_phash,,,,nframe_00734,nframe_00808,TRAIN,TRAIN,no,v40c_02455,no,yes,no,
orig_001956,original_phash,,,,nframe_00735,nframe_00743,TRAIN,TRAIN,no,v40c_02455,no,yes,no,
orig_001957,original_phash,,,,nframe_00735,nframe_00748,TRAIN,TRAIN,no,v40c_02455,no,yes,no,
orig_001958,original_phash,,,,nframe_00735,nframe_00749,TRAIN,TRAIN,no,v40c_02455,no,yes,no,
orig_001959,original_phash,,,,nframe_00735,nframe_00750,TRAIN,TRAIN,no,v40c_02455,no,yes,no,
orig_001960,original_phash,,,,nframe_00735,nframe_00807,TRAIN,TRAIN,no,v40c_02455,no,yes,no,
orig_001961,original_phash,,,,nframe_00735,nframe_00808,TRAIN,TRAIN,no,v40c_02455,no,yes,no,
orig_001962,original_phash,,,,nframe_00736,nframe_00737,TRAIN,TRAIN,no,v40c_02455,no,yes,no,
orig_001963,original_phash,,,,nframe_00736,nframe_00738,TRAIN,TRAIN,no,v40c_02455,no,yes,no,
orig_001964,original_phash,,,,nframe_00736,nframe_00739,TRAIN,TRAIN,no,v40c_02455,no,yes,no,
orig_001965,original_phash,,,,nframe_00736,nframe_00740,TRAIN,TRAIN,no,v40c_02455,no,yes,no,
orig_001966,original_phash,,,,nframe_00736,nframe_00741,TRAIN,TRAIN,no,v40c_02455,no,yes,no,
orig_001967,original_phash,,,,nframe_00736,nframe_00745,TRAIN,TRAIN,no,v40c_02455,no,yes,no,
orig_001968,original_phash,,,,nframe_00736,nframe_00746,TRAIN,TRAIN,no,v40c_02455,no,yes,no,
orig_001969,original_phash,,,,nframe_00736,nframe_00747,TRAIN,TRAIN,no,v40c_02455,no,yes,no,
orig_001970,original_phash,,,,nframe_00736,nframe_00751,TRAIN,TRAIN,no,v40c_02455,no,yes,no,
orig_001971,original_phash,,,,nframe_00736,nframe_00753,TRAIN,TRAIN,no,v40c_02455,no,yes,no,
orig_001972,original_phash,,,,nframe_00736,nframe_00754,TRAIN,TRAIN,no,v40c_02455,no,yes,no,
orig_001973,original_phash,,,,nframe_00736,nframe_00757,TRAIN,TRAIN,no,v40c_02455,no,yes,no,
orig_001974,original_phash,,,,nframe_00737,nframe_00738,TRAIN,TRAIN,no,v40c_02455,no,yes,no,
orig_001975,original_phash,,,,nframe_00737,nframe_00739,TRAIN,TRAIN,no,v40c_02455,no,yes,no,
orig_001976,original_phash,,,,nframe_00737,nframe_00740,TRAIN,TRAIN,no,v40c_02455,no,yes,no,
orig_001977,original_phash,,,,nframe_00737,nframe_00741,TRAIN,TRAIN,no,v40c_02455,no,yes,no,
orig_001978,original_phash,,,,nframe_00737,nframe_00751,TRAIN,TRAIN,no,v40c_02455,no,yes,no,
orig_001979,original_phash,,,,nframe_00737,nframe_00811,TRAIN,TRAIN,no,v40c_02455,no,yes,no,
orig_001980,original_phash,,,,nframe_00738,nframe_00739,TRAIN,TRAIN,no,v40c_02455,no,yes,yes,
orig_001981,original_phash,,,,nframe_00738,nframe_00740,TRAIN,TRAIN,no,v40c_02455,no,yes,no,
orig_001982,original_phash,,,,nframe_00738,nframe_00741,TRAIN,TRAIN,no,v40c_02455,no,yes,no,
orig_001983,original_phash,,,,nframe_00738,nframe_00742,TRAIN,TRAIN,no,v40c_02455,no,yes,no,
orig_001984,original_phash,,,,nframe_00738,nframe_00745,TRAIN,TRAIN,no,v40c_02455,no,yes,no,
orig_001985,original_phash,,,,nframe_00738,nframe_00746,TRAIN,TRAIN,no,v40c_02455,no,yes,no,
orig_001986,original_phash,,,,nframe_00738,nframe_00747,TRAIN,TRAIN,no,v40c_02455,no,yes,no,
orig_001987,original_phash,,,,nframe_00738,nframe_00751,TRAIN,TRAIN,no,v40c_02455,no,yes,no,
orig_001988,original_phash,,,,nframe_00738,nframe_00753,TRAIN,TRAIN,no,v40c_02455,no,yes,no,
orig_001989,original_phash,,,,nframe_00738,nframe_00754,TRAIN,TRAIN,no,v40c_02455,no,yes,no,
orig_001990,original_phash,,,,nframe_00739,nframe_00740,TRAIN,TRAIN,no,v40c_02455,no,yes,no,
orig_001991,original_phash,,,,nframe_00739,nframe_00741,TRAIN,TRAIN,no,v40c_02455,no,yes,no,
orig_001992,original_phash,,,,nframe_00739,nframe_00742,TRAIN,TRAIN,no,v40c_02455,no,yes,no,
orig_001993,original_phash,,,,nframe_00739,nframe_00745,TRAIN,TRAIN,no,v40c_02455,no,yes,no,
orig_001994,original_phash,,,,nframe_00739,nframe_00746,TRAIN,TRAIN,no,v40c_02455,no,yes,no,
orig_001995,original_phash,,,,nframe_00739,nframe_00747,TRAIN,TRAIN,no,v40c_02455,no,yes,no,
orig_001996,original_phash,,,,nframe_00739,nframe_00751,TRAIN,TRAIN,no,v40c_02455,no,yes,no,
orig_001997,original_phash,,,,nframe_00739,nframe_00753,TRAIN,TRAIN,no,v40c_02455,no,yes,no,
orig_001998,original_phash,,,,nframe_00739,nframe_00754,TRAIN,TRAIN,no,v40c_02455,no,yes,no,
orig_001999,original_phash,,,,nframe_00740,nframe_00741,TRAIN,TRAIN,no,v40c_02455,no,yes,no,
orig_002000,original_phash,,,,nframe_00740,nframe_00742,TRAIN,TRAIN,no,v40c_02455,no,yes,no,
orig_002001,original_phash,,,,nframe_00740,nframe_00745,TRAIN,TRAIN,no,v40c_02455,no,yes,no,
orig_002002,original_phash,,,,nframe_00740,nframe_00746,TRAIN,TRAIN,no,v40c_02455,no,yes,no,
orig_002003,original_phash,,,,nframe_00740,nframe_00747,TRAIN,TRAIN,no,v40c_02455,no,yes,no,
orig_002004,original_phash,,,,nframe_00740,nframe_00751,TRAIN,TRAIN,no,v40c_02455,no,yes,no,
orig_002005,original_phash,,,,nframe_00740,nframe_00753,TRAIN,TRAIN,no,v40c_02455,no,yes,no,
orig_002006,original_phash,,,,nframe_00740,nframe_00754,TRAIN,TRAIN,no,v40c_02455,no,yes,no,
orig_002007,original_phash,,,,nframe_00741,nframe_00742,TRAIN,TRAIN,no,v40c_02455,no,yes,no,
orig_002008,original_phash,,,,nframe_00741,nframe_00751,TRAIN,TRAIN,no,v40c_02455,no,yes,no,
orig_002009,original_phash,,,,nframe_00741,nframe_00801,TRAIN,TRAIN,no,v40c_02455,no,yes,no,
orig_002010,original_phash,,,,nframe_00742,nframe_00753,TRAIN,TRAIN,no,v40c_02455,no,yes,no,
orig_002011,original_phash,,,,nframe_00742,nframe_00755,TRAIN,TRAIN,no,v40c_02455,no,yes,no,
orig_002012,original_phash,,,,nframe_00742,nframe_00756,TRAIN,TRAIN,no,v40c_02455,no,yes,no,
orig_002013,original_phash,,,,nframe_00743,nframe_00744,TRAIN,TRAIN,no,v40c_02455,no,yes,no,
orig_002014,original_phash,,,,nframe_00743,nframe_00748,TRAIN,TRAIN,no,v40c_02455,no,yes,no,
orig_002015,original_phash,,,,nframe_00743,nframe_00749,TRAIN,TRAIN,no,v40c_02455,no,yes,no,
orig_002016,original_phash,,,,nframe_00743,nframe_00750,TRAIN,TRAIN,no,v40c_02455,no,yes,no,
orig_002017,original_phash,,,,nframe_00743,nframe_00807,TRAIN,TRAIN,no,v40c_02455,no,yes,no,
orig_002018,original_phash,,,,nframe_00743,nframe_00808,TRAIN,TRAIN,no,v40c_02455,no,yes,no,
orig_002019,original_phash,,,,nframe_00743,nframe_00809,TRAIN,TRAIN,no,v40c_02455,no,yes,no,
orig_002020,original_phash,,,,nframe_00743,nframe_00812,TRAIN,TRAIN,no,v40c_02455,no,yes,no,
orig_002021,original_phash,,,,nframe_00743,nframe_00813,TRAIN,TRAIN,no,v40c_02455,no,yes,no,
orig_002022,original_phash,,,,nframe_00744,nframe_00748,TRAIN,TRAIN,no,v40c_02455,no,yes,no,
orig_002023,original_phash,,,,nframe_00744,nframe_00749,TRAIN,TRAIN,no,v40c_02455,no,yes,no,
orig_002024,original_phash,,,,nframe_00744,nframe_00753,TRAIN,TRAIN,no,v40c_02455,no,yes,no,
orig_002025,original_phash,,,,nframe_00744,nframe_00809,TRAIN,TRAIN,no,v40c_02455,no,yes,no,
orig_002026,original_phash,,,,nframe_00744,nframe_00812,TRAIN,TRAIN,no,v40c_02455,no,yes,no,
orig_002027,original_phash,,,,nframe_00744,nframe_00813,TRAIN,TRAIN,no,v40c_02455,no,yes,no,
orig_002028,original_phash,,,,nframe_00745,nframe_00746,TRAIN,TRAIN,no,v40c_02455,no,yes,no,
orig_002029,original_phash,,,,nframe_00745,nframe_00747,TRAIN,TRAIN,no,v40c_02455,no,yes,no,
orig_002030,original_phash,,,,nframe_00746,nframe_00747,TRAIN,TRAIN,no,v40c_02455,no,yes,no,
orig_002031,original_phash,,,,nframe_00747,nframe_00809,TRAIN,TRAIN,no,v40c_02455,no,yes,no,
orig_002032,original_phash,,,,nframe_00747,nframe_00812,TRAIN,TRAIN,no,v40c_02455,no,yes,no,
orig_002033,original_phash,,,,nframe_00747,nframe_00813,TRAIN,TRAIN,no,v40c_02455,no,yes,no,
orig_002034,original_exact,,,,nframe_00748,nframe_00749,TRAIN,TRAIN,no,v40c_02455,yes,yes,yes,
orig_002035,original_phash,,,,nframe_00748,nframe_00750,TRAIN,TRAIN,no,v40c_02455,no,yes,no,
orig_002036,original_phash,,,,nframe_00748,nframe_00809,TRAIN,TRAIN,no,v40c_02455,no,yes,no,
orig_002037,original_phash,,,,nframe_00748,nframe_00812,TRAIN,TRAIN,no,v40c_02455,no,yes,no,
orig_002038,original_phash,,,,nframe_00748,nframe_00813,TRAIN,TRAIN,no,v40c_02455,no,yes,no,
orig_002039,original_phash,,,,nframe_00748,nframe_09902,TRAIN,TRAIN,no,v40c_02455,no,yes,no,
orig_002040,original_phash,,,,nframe_00749,nframe_00750,TRAIN,TRAIN,no,v40c_02455,no,yes,no,
orig_002041,original_phash,,,,nframe_00749,nframe_00809,TRAIN,TRAIN,no,v40c_02455,no,yes,no,
orig_002042,original_phash,,,,nframe_00749,nframe_00812,TRAIN,TRAIN,no,v40c_02455,no,yes,no,
orig_002043,original_phash,,,,nframe_00749,nframe_00813,TRAIN,TRAIN,no,v40c_02455,no,yes,no,
orig_002044,original_phash,,,,nframe_00749,nframe_09902,TRAIN,TRAIN,no,v40c_02455,no,yes,no,
orig_002045,original_phash,,,,nframe_00750,nframe_00807,TRAIN,TRAIN,no,v40c_02455,no,yes,no,
orig_002046,original_phash,,,,nframe_00750,nframe_00808,TRAIN,TRAIN,no,v40c_02455,no,yes,no,
orig_002047,original_phash,,,,nframe_00751,nframe_00811,TRAIN,TRAIN,no,v40c_02455,no,yes,no,
orig_002048,original_phash,,,,nframe_00753,nframe_00754,TRAIN,TRAIN,no,v40c_02455,no,yes,no,
orig_002049,original_phash,,,,nframe_00753,nframe_00755,TRAIN,TRAIN,no,v40c_02455,no,yes,no,
orig_002050,original_phash,,,,nframe_00753,nframe_00756,TRAIN,TRAIN,no,v40c_02455,no,yes,no,
orig_002051,original_phash,,,,nframe_00754,nframe_00755,TRAIN,TRAIN,no,v40c_02455,no,yes,no,
orig_002052,original_phash,,,,nframe_00754,nframe_00756,TRAIN,TRAIN,no,v40c_02455,no,yes,no,
orig_002053,original_phash,,,,nframe_00754,nframe_00757,TRAIN,TRAIN,no,v40c_02455,no,yes,no,
orig_002054,original_exact,,,,nframe_00755,nframe_00756,TRAIN,TRAIN,no,v40c_02455,yes,yes,yes,
orig_002055,original_phash,,,,nframe_00755,nframe_00757,TRAIN,TRAIN,no,v40c_02455,no,yes,no,
orig_002056,original_phash,,,,nframe_00755,nframe_00758,TRAIN,TRAIN,no,v40c_02455,no,yes,no,
orig_002057,original_phash,,,,nframe_00755,nframe_00790,TRAIN,TRAIN,no,v40c_02455,no,yes,no,
orig_002058,original_phash,,,,nframe_00755,nframe_00797,TRAIN,TRAIN,no,v40c_02455,no,yes,no,
orig_002059,original_phash,,,,nframe_00755,nframe_00798,TRAIN,TRAIN,no,v40c_02455,no,yes,no,
orig_002060,original_phash,,,,nframe_00755,nframe_00803,TRAIN,TRAIN,no,v40c_02455,no,yes,no,
orig_002061,original_phash,,,,nframe_00756,nframe_00757,TRAIN,TRAIN,no,v40c_02455,no,yes,no,
orig_002062,original_phash,,,,nframe_00756,nframe_00758,TRAIN,TRAIN,no,v40c_02455,no,yes,no,
orig_002063,original_phash,,,,nframe_00756,nframe_00790,TRAIN,TRAIN,no,v40c_02455,no,yes,no,
orig_002064,original_phash,,,,nframe_00756,nframe_00797,TRAIN,TRAIN,no,v40c_02455,no,yes,no,
orig_002065,original_phash,,,,nframe_00756,nframe_00798,TRAIN,TRAIN,no,v40c_02455,no,yes,no,
orig_002066,original_phash,,,,nframe_00756,nframe_00803,TRAIN,TRAIN,no,v40c_02455,no,yes,no,
orig_002067,original_phash,,,,nframe_00757,nframe_00758,TRAIN,TRAIN,no,v40c_02455,no,yes,no,
orig_002068,original_phash,,,,nframe_00757,nframe_00797,TRAIN,TRAIN,no,v40c_02455,no,yes,no,
orig_002069,original_phash,,,,nframe_00757,nframe_00798,TRAIN,TRAIN,no,v40c_02455,no,yes,no,
orig_002070,original_phash,,,,nframe_00757,nframe_00799,TRAIN,TRAIN,no,v40c_02455,no,yes,no,
orig_002071,original_phash,,,,nframe_00757,nframe_00800,TRAIN,TRAIN,no,v40c_02455,no,yes,no,
orig_002072,original_phash,,,,nframe_00757,nframe_00801,TRAIN,TRAIN,no,v40c_02455,no,yes,no,
orig_002073,original_phash,,,,nframe_00757,nframe_00802,TRAIN,TRAIN,no,v40c_02455,no,yes,no,
orig_002074,original_phash,,,,nframe_00758,nframe_00790,TRAIN,TRAIN,no,v40c_02455,no,yes,no,
orig_002075,original_phash,,,,nframe_00758,nframe_00797,TRAIN,TRAIN,no,v40c_02455,no,yes,no,
orig_002076,original_phash,,,,nframe_00758,nframe_00798,TRAIN,TRAIN,no,v40c_02455,no,yes,no,
orig_002077,original_phash,,,,nframe_00768,nframe_00769,TRAIN,TRAIN,no,v40c_02455,no,yes,no,
orig_002078,original_phash,,,,nframe_00768,nframe_00770,TRAIN,TRAIN,no,v40c_02455,no,yes,no,
orig_002079,original_phash,,,,nframe_00768,nframe_00771,TRAIN,TRAIN,no,v40c_02455,no,yes,no,
orig_002080,original_phash,,,,nframe_00768,nframe_00772,TRAIN,TRAIN,no,v40c_02455,no,yes,no,
orig_002081,original_phash,,,,nframe_00768,nframe_00773,TRAIN,TRAIN,no,v40c_02455,no,yes,no,
orig_002082,original_phash,,,,nframe_00769,nframe_00770,TRAIN,TRAIN,no,v40c_02455,no,yes,no,
orig_002083,original_phash,,,,nframe_00769,nframe_00771,TRAIN,TRAIN,no,v40c_02455,no,yes,no,
orig_002084,original_phash,,,,nframe_00769,nframe_00772,TRAIN,TRAIN,no,v40c_02455,no,yes,no,
orig_002085,original_phash,,,,nframe_00769,nframe_00773,TRAIN,TRAIN,no,v40c_02455,no,yes,no,
orig_002086,original_phash,,,,nframe_00769,nframe_00777,TRAIN,TRAIN,no,v40c_02455,no,yes,no,
orig_002087,original_phash,,,,nframe_00769,nframe_00778,TRAIN,TRAIN,no,v40c_02455,no,yes,no,
orig_002088,original_phash,,,,nframe_00769,nframe_00784,TRAIN,TRAIN,no,v40c_02455,no,yes,no,
orig_002089,original_phash,,,,nframe_00769,nframe_00786,TRAIN,TRAIN,no,v40c_02455,no,yes,no,
orig_002090,original_phash,,,,nframe_00769,nframe_00787,TRAIN,TRAIN,no,v40c_02455,no,yes,no,
orig_002091,original_phash,,,,nframe_00770,nframe_00771,TRAIN,TRAIN,no,v40c_02455,no,yes,no,
orig_002092,original_phash,,,,nframe_00771,nframe_00772,TRAIN,TRAIN,no,v40c_02455,no,yes,no,
orig_002093,original_phash,,,,nframe_00771,nframe_00773,TRAIN,TRAIN,no,v40c_02455,no,yes,no,
orig_002094,original_phash,,,,nframe_00771,nframe_00777,TRAIN,TRAIN,no,v40c_02455,no,yes,no,
orig_002095,original_phash,,,,nframe_00771,nframe_00778,TRAIN,TRAIN,no,v40c_02455,no,yes,no,
orig_002096,original_phash,,,,nframe_00771,nframe_00784,TRAIN,TRAIN,no,v40c_02455,no,yes,no,
orig_002097,original_phash,,,,nframe_00771,nframe_00786,TRAIN,TRAIN,no,v40c_02455,no,yes,no,
orig_002098,original_phash,,,,nframe_00771,nframe_00787,TRAIN,TRAIN,no,v40c_02455,no,yes,no,
orig_002099,original_exact,,,,nframe_00772,nframe_00773,TRAIN,TRAIN,no,v40c_02455,yes,yes,yes,
orig_002100,original_phash,,,,nframe_00772,nframe_00777,TRAIN,TRAIN,no,v40c_02455,no,yes,no,
orig_002101,original_phash,,,,nframe_00772,nframe_00778,TRAIN,TRAIN,no,v40c_02455,no,yes,no,
orig_002102,original_phash,,,,nframe_00772,nframe_00784,TRAIN,TRAIN,no,v40c_02455,no,yes,no,
orig_002103,original_phash,,,,nframe_00772,nframe_00786,TRAIN,TRAIN,no,v40c_02455,no,yes,no,
orig_002104,original_phash,,,,nframe_00772,nframe_00787,TRAIN,TRAIN,no,v40c_02455,no,yes,no,
orig_002105,original_phash,,,,nframe_00773,nframe_00777,TRAIN,TRAIN,no,v40c_02455,no,yes,no,
orig_002106,original_phash,,,,nframe_00773,nframe_00778,TRAIN,TRAIN,no,v40c_02455,no,yes,no,
orig_002107,original_phash,,,,nframe_00773,nframe_00784,TRAIN,TRAIN,no,v40c_02455,no,yes,no,
orig_002108,original_phash,,,,nframe_00773,nframe_00786,TRAIN,TRAIN,no,v40c_02455,no,yes,no,
orig_002109,original_phash,,,,nframe_00773,nframe_00787,TRAIN,TRAIN,no,v40c_02455,no,yes,no,
orig_002110,original_exact,,,,nframe_00777,nframe_00778,TRAIN,TRAIN,no,v40c_02455,yes,yes,yes,
orig_002111,original_phash,,,,nframe_00777,nframe_00784,TRAIN,TRAIN,no,v40c_02455,no,yes,no,
orig_002112,original_phash,,,,nframe_00777,nframe_00786,TRAIN,TRAIN,no,v40c_02455,no,yes,no,
orig_002113,original_phash,,,,nframe_00777,nframe_00787,TRAIN,TRAIN,no,v40c_02455,no,yes,no,
orig_002114,original_phash,,,,nframe_00777,nframe_00789,TRAIN,TRAIN,no,v40c_02455,no,yes,no,
orig_002115,original_phash,,,,nframe_00777,nframe_00792,TRAIN,TRAIN,no,v40c_02455,no,yes,no,
orig_002116,original_phash,,,,nframe_00777,nframe_00793,TRAIN,TRAIN,no,v40c_02455,no,yes,no,
orig_002117,original_phash,,,,nframe_00777,nframe_00794,TRAIN,TRAIN,no,v40c_02455,no,yes,no,
orig_002118,original_phash,,,,nframe_00778,nframe_00784,TRAIN,TRAIN,no,v40c_02455,no,yes,no,
orig_002119,original_phash,,,,nframe_00778,nframe_00786,TRAIN,TRAIN,no,v40c_02455,no,yes,no,
orig_002120,original_phash,,,,nframe_00778,nframe_00787,TRAIN,TRAIN,no,v40c_02455,no,yes,no,
orig_002121,original_phash,,,,nframe_00778,nframe_00789,TRAIN,TRAIN,no,v40c_02455,no,yes,no,
orig_002122,original_phash,,,,nframe_00778,nframe_00792,TRAIN,TRAIN,no,v40c_02455,no,yes,no,
orig_002123,original_phash,,,,nframe_00778,nframe_00793,TRAIN,TRAIN,no,v40c_02455,no,yes,no,
orig_002124,original_phash,,,,nframe_00778,nframe_00794,TRAIN,TRAIN,no,v40c_02455,no,yes,no,
orig_002125,original_exact,,,,nframe_00779,nframe_00780,TRAIN,TRAIN,no,v40c_02458,yes,yes,yes,
orig_002126,original_phash,,,,nframe_00784,nframe_00786,TRAIN,TRAIN,no,v40c_02455,no,yes,no,
orig_002127,original_phash,,,,nframe_00784,nframe_00787,TRAIN,TRAIN,no,v40c_02455,no,yes,no,
orig_002128,original_phash,,,,nframe_00786,nframe_00787,TRAIN,TRAIN,no,v40c_02455,no,yes,no,
orig_002129,original_phash,,,,nframe_00787,nframe_00789,TRAIN,TRAIN,no,v40c_02455,no,yes,no,
orig_002130,original_phash,,,,nframe_00787,nframe_00792,TRAIN,TRAIN,no,v40c_02455,no,yes,no,
orig_002131,original_phash,,,,nframe_00787,nframe_00793,TRAIN,TRAIN,no,v40c_02455,no,yes,no,
orig_002132,original_phash,,,,nframe_00787,nframe_00794,TRAIN,TRAIN,no,v40c_02455,no,yes,no,
orig_002133,original_phash,,,,nframe_00789,nframe_00791,TRAIN,TRAIN,no,v40c_02455,no,yes,no,
orig_002134,original_phash,,,,nframe_00789,nframe_00792,TRAIN,TRAIN,no,v40c_02455,no,yes,no,
orig_002135,original_phash,,,,nframe_00789,nframe_00793,TRAIN,TRAIN,no,v40c_02455,no,yes,no,
orig_002136,original_phash,,,,nframe_00789,nframe_00794,TRAIN,TRAIN,no,v40c_02455,no,yes,no,
orig_002137,original_phash,,,,nframe_00789,nframe_00795,TRAIN,TRAIN,no,v40c_02455,no,yes,no,
orig_002138,original_phash,,,,nframe_00789,nframe_00796,TRAIN,TRAIN,no,v40c_02455,no,yes,no,
orig_002139,original_phash,,,,nframe_00789,nframe_00803,TRAIN,TRAIN,no,v40c_02455,no,yes,no,
orig_002140,original_phash,,,,nframe_00789,nframe_00804,TRAIN,TRAIN,no,v40c_02455,no,yes,no,
orig_002141,original_phash,,,,nframe_00789,nframe_00805,TRAIN,TRAIN,no,v40c_02455,no,yes,no,
orig_002142,original_phash,,,,nframe_00789,nframe_00806,TRAIN,TRAIN,no,v40c_02455,no,yes,no,
orig_002143,original_phash,,,,nframe_00790,nframe_00796,TRAIN,TRAIN,no,v40c_02455,no,yes,no,
orig_002144,original_phash,,,,nframe_00790,nframe_00797,TRAIN,TRAIN,no,v40c_02455,no,yes,no,
orig_002145,original_phash,,,,nframe_00790,nframe_00803,TRAIN,TRAIN,no,v40c_02455,no,yes,no,
orig_002146,original_phash,,,,nframe_00790,nframe_00806,TRAIN,TRAIN,no,v40c_02455,no,yes,no,
orig_002147,original_phash,,,,nframe_00791,nframe_00792,TRAIN,TRAIN,no,v40c_02455,no,yes,no,
orig_002148,original_phash,,,,nframe_00791,nframe_00793,TRAIN,TRAIN,no,v40c_02455,no,yes,no,
orig_002149,original_phash,,,,nframe_00791,nframe_00794,TRAIN,TRAIN,no,v40c_02455,no,yes,no,
orig_002150,original_phash,,,,nframe_00791,nframe_00795,TRAIN,TRAIN,no,v40c_02455,no,yes,no,
orig_002151,original_phash,,,,nframe_00791,nframe_00796,TRAIN,TRAIN,no,v40c_02455,no,yes,no,
orig_002152,original_phash,,,,nframe_00791,nframe_00803,TRAIN,TRAIN,no,v40c_02455,no,yes,no,
orig_002153,original_phash,,,,nframe_00791,nframe_00804,TRAIN,TRAIN,no,v40c_02455,no,yes,no,
orig_002154,original_phash,,,,nframe_00791,nframe_00805,TRAIN,TRAIN,no,v40c_02455,no,yes,no,
orig_002155,original_phash,,,,nframe_00791,nframe_00806,TRAIN,TRAIN,no,v40c_02455,no,yes,no,
orig_002156,original_phash,,,,nframe_00792,nframe_00793,TRAIN,TRAIN,no,v40c_02455,no,yes,no,
orig_002157,original_phash,,,,nframe_00792,nframe_00794,TRAIN,TRAIN,no,v40c_02455,no,yes,no,
orig_002158,original_phash,,,,nframe_00792,nframe_00795,TRAIN,TRAIN,no,v40c_02455,no,yes,no,
orig_002159,original_phash,,,,nframe_00792,nframe_00796,TRAIN,TRAIN,no,v40c_02455,no,yes,no,
orig_002160,original_phash,,,,nframe_00792,nframe_00803,TRAIN,TRAIN,no,v40c_02455,no,yes,no,
orig_002161,original_phash,,,,nframe_00792,nframe_00804,TRAIN,TRAIN,no,v40c_02455,no,yes,no,
orig_002162,original_phash,,,,nframe_00792,nframe_00805,TRAIN,TRAIN,no,v40c_02455,no,yes,no,
orig_002163,original_phash,,,,nframe_00792,nframe_00806,TRAIN,TRAIN,no,v40c_02455,no,yes,no,
orig_002164,original_phash,,,,nframe_00793,nframe_00794,TRAIN,TRAIN,no,v40c_02455,no,yes,no,
orig_002165,original_phash,,,,nframe_00793,nframe_00795,TRAIN,TRAIN,no,v40c_02455,no,yes,no,
orig_002166,original_phash,,,,nframe_00793,nframe_00796,TRAIN,TRAIN,no,v40c_02455,no,yes,no,
orig_002167,original_phash,,,,nframe_00793,nframe_00803,TRAIN,TRAIN,no,v40c_02455,no,yes,no,
orig_002168,original_phash,,,,nframe_00793,nframe_00804,TRAIN,TRAIN,no,v40c_02455,no,yes,no,
orig_002169,original_phash,,,,nframe_00793,nframe_00805,TRAIN,TRAIN,no,v40c_02455,no,yes,no,
orig_002170,original_phash,,,,nframe_00793,nframe_00806,TRAIN,TRAIN,no,v40c_02455,no,yes,no,
orig_002171,original_phash,,,,nframe_00794,nframe_00795,TRAIN,TRAIN,no,v40c_02455,no,yes,no,
orig_002172,original_phash,,,,nframe_00794,nframe_00796,TRAIN,TRAIN,no,v40c_02455,no,yes,no,
orig_002173,original_phash,,,,nframe_00794,nframe_00803,TRAIN,TRAIN,no,v40c_02455,no,yes,no,
orig_002174,original_phash,,,,nframe_00794,nframe_00804,TRAIN,TRAIN,no,v40c_02455,no,yes,no,
orig_002175,original_phash,,,,nframe_00794,nframe_00805,TRAIN,TRAIN,no,v40c_02455,no,yes,no,
orig_002176,original_phash,,,,nframe_00794,nframe_00806,TRAIN,TRAIN,no,v40c_02455,no,yes,no,
orig_002177,original_phash,,,,nframe_00795,nframe_00796,TRAIN,TRAIN,no,v40c_02455,no,yes,no,
orig_002178,original_phash,,,,nframe_00795,nframe_00803,TRAIN,TRAIN,no,v40c_02455,no,yes,no,
orig_002179,original_phash,,,,nframe_00795,nframe_00804,TRAIN,TRAIN,no,v40c_02455,no,yes,no,
orig_002180,original_phash,,,,nframe_00795,nframe_00805,TRAIN,TRAIN,no,v40c_02455,no,yes,no,
orig_002181,original_phash,,,,nframe_00795,nframe_00806,TRAIN,TRAIN,no,v40c_02455,no,yes,no,
orig_002182,original_phash,,,,nframe_00796,nframe_00797,TRAIN,TRAIN,no,v40c_02455,no,yes,no,
orig_002183,original_phash,,,,nframe_00796,nframe_00803,TRAIN,TRAIN,no,v40c_02455,no,yes,no,
orig_002184,original_phash,,,,nframe_00796,nframe_00804,TRAIN,TRAIN,no,v40c_02455,no,yes,no,
orig_002185,original_phash,,,,nframe_00796,nframe_00805,TRAIN,TRAIN,no,v40c_02455,no,yes,no,
orig_002186,original_phash,,,,nframe_00796,nframe_00806,TRAIN,TRAIN,no,v40c_02455,no,yes,no,
orig_002187,original_phash,,,,nframe_00797,nframe_00798,TRAIN,TRAIN,no,v40c_02455,no,yes,no,
orig_002188,original_phash,,,,nframe_00797,nframe_00803,TRAIN,TRAIN,no,v40c_02455,no,yes,no,
orig_002189,original_phash,,,,nframe_00797,nframe_00806,TRAIN,TRAIN,no,v40c_02455,no,yes,no,
orig_002190,original_phash,,,,nframe_00798,nframe_00799,TRAIN,TRAIN,no,v40c_02455,no,yes,no,
orig_002191,original_phash,,,,nframe_00798,nframe_00800,TRAIN,TRAIN,no,v40c_02455,no,yes,no,
orig_002192,original_phash,,,,nframe_00798,nframe_00801,TRAIN,TRAIN,no,v40c_02455,no,yes,no,
orig_002193,original_phash,,,,nframe_00798,nframe_00802,TRAIN,TRAIN,no,v40c_02455,no,yes,no,
orig_002194,original_phash,,,,nframe_00799,nframe_00800,TRAIN,TRAIN,no,v40c_02455,no,yes,no,
orig_002195,original_phash,,,,nframe_00799,nframe_00801,TRAIN,TRAIN,no,v40c_02455,no,yes,no,
orig_002196,original_phash,,,,nframe_00799,nframe_00802,TRAIN,TRAIN,no,v40c_02455,no,yes,no,
orig_002197,original_phash,,,,nframe_00800,nframe_00801,TRAIN,TRAIN,no,v40c_02455,no,yes,no,
orig_002198,original_phash,,,,nframe_00800,nframe_00802,TRAIN,TRAIN,no,v40c_02455,no,yes,no,
orig_002199,original_phash,,,,nframe_00801,nframe_00802,TRAIN,TRAIN,no,v40c_02455,no,yes,no,
orig_002200,original_phash,,,,nframe_00803,nframe_00804,TRAIN,TRAIN,no,v40c_02455,no,yes,no,
orig_002201,original_phash,,,,nframe_00803,nframe_00805,TRAIN,TRAIN,no,v40c_02455,no,yes,no,
orig_002202,original_phash,,,,nframe_00803,nframe_00806,TRAIN,TRAIN,no,v40c_02455,no,yes,no,
orig_002203,original_phash,,,,nframe_00804,nframe_00805,TRAIN,TRAIN,no,v40c_02455,no,yes,no,
orig_002204,original_phash,,,,nframe_00804,nframe_00806,TRAIN,TRAIN,no,v40c_02455,no,yes,no,
orig_002205,original_phash,,,,nframe_00805,nframe_00806,TRAIN,TRAIN,no,v40c_02455,no,yes,no,
orig_002206,original_exact,,,,nframe_00807,nframe_00808,TRAIN,TRAIN,no,v40c_02455,yes,yes,yes,
orig_002207,original_phash,,,,nframe_00807,nframe_00809,TRAIN,TRAIN,no,v40c_02455,no,yes,no,
orig_002208,original_phash,,,,nframe_00807,nframe_00812,TRAIN,TRAIN,no,v40c_02455,no,yes,no,
orig_002209,original_phash,,,,nframe_00807,nframe_00813,TRAIN,TRAIN,no,v40c_02455,no,yes,no,
orig_002210,original_phash,,,,nframe_00807,nframe_00814,TRAIN,TRAIN,no,v40c_02455,no,yes,no,
orig_002211,original_phash,,,,nframe_00807,nframe_00815,TRAIN,TRAIN,no,v40c_02455,no,yes,no,
orig_002212,original_phash,,,,nframe_00808,nframe_00809,TRAIN,TRAIN,no,v40c_02455,no,yes,no,
orig_002213,original_phash,,,,nframe_00808,nframe_00812,TRAIN,TRAIN,no,v40c_02455,no,yes,no,
orig_002214,original_phash,,,,nframe_00808,nframe_00813,TRAIN,TRAIN,no,v40c_02455,no,yes,no,
orig_002215,original_phash,,,,nframe_00808,nframe_00814,TRAIN,TRAIN,no,v40c_02455,no,yes,no,
orig_002216,original_phash,,,,nframe_00808,nframe_00815,TRAIN,TRAIN,no,v40c_02455,no,yes,no,
orig_002217,original_phash,,,,nframe_00809,nframe_00812,TRAIN,TRAIN,no,v40c_02455,no,yes,no,
orig_002218,original_phash,,,,nframe_00809,nframe_00813,TRAIN,TRAIN,no,v40c_02455,no,yes,no,
orig_002219,original_phash,,,,nframe_00809,nframe_00814,TRAIN,TRAIN,no,v40c_02455,no,yes,no,
orig_002220,original_phash,,,,nframe_00809,nframe_00815,TRAIN,TRAIN,no,v40c_02455,no,yes,no,
orig_002221,original_phash,,,,nframe_00812,nframe_00813,TRAIN,TRAIN,no,v40c_02455,no,yes,no,
orig_002222,original_phash,,,,nframe_00812,nframe_00814,TRAIN,TRAIN,no,v40c_02455,no,yes,no,
orig_002223,original_phash,,,,nframe_00812,nframe_00815,TRAIN,TRAIN,no,v40c_02455,no,yes,no,
orig_002224,original_phash,,,,nframe_00813,nframe_00814,TRAIN,TRAIN,no,v40c_02455,no,yes,yes,
orig_002225,original_phash,,,,nframe_00813,nframe_00815,TRAIN,TRAIN,no,v40c_02455,no,yes,yes,
orig_002226,original_exact,,,,nframe_00814,nframe_00815,TRAIN,TRAIN,no,v40c_02455,yes,yes,yes,
orig_002227,original_phash,,,,nframe_00832,nframe_00843,TRAIN,TRAIN,no,v40c_02460,no,yes,no,
orig_002228,original_exact,,,,nframe_00833,nframe_00834,TRAIN,TRAIN,no,v40c_02461,yes,yes,yes,
orig_002229,original_phash,,,,nframe_00833,nframe_00835,TRAIN,TRAIN,no,v40c_02461,no,yes,no,
orig_002230,original_phash,,,,nframe_00833,nframe_00836,TRAIN,TRAIN,no,v40c_02461,no,yes,no,
orig_002231,original_phash,,,,nframe_00833,nframe_00837,TRAIN,TRAIN,no,v40c_02461,no,yes,no,
orig_002232,original_phash,,,,nframe_00833,nframe_00844,TRAIN,TRAIN,no,v40c_02461,no,yes,no,
orig_002233,original_phash,,,,nframe_00833,nframe_00845,TRAIN,TRAIN,no,v40c_02461,no,yes,no,
orig_002234,original_phash,,,,nframe_00833,nframe_00846,TRAIN,TRAIN,no,v40c_02461,no,yes,no,
orig_002235,original_phash,,,,nframe_00833,nframe_00847,TRAIN,TRAIN,no,v40c_02461,no,yes,no,
orig_002236,original_phash,,,,nframe_00833,nframe_00856,TRAIN,TRAIN,no,v40c_02461,no,yes,no,
orig_002237,original_phash,,,,nframe_00833,nframe_00869,TRAIN,TRAIN,no,v40c_02461,no,yes,no,
orig_002238,original_phash,,,,nframe_00833,nframe_00870,TRAIN,TRAIN,no,v40c_02461,no,yes,no,
orig_002239,original_phash,,,,nframe_00834,nframe_00835,TRAIN,TRAIN,no,v40c_02461,no,yes,no,
orig_002240,original_phash,,,,nframe_00834,nframe_00836,TRAIN,TRAIN,no,v40c_02461,no,yes,no,
orig_002241,original_phash,,,,nframe_00834,nframe_00837,TRAIN,TRAIN,no,v40c_02461,no,yes,no,
orig_002242,original_phash,,,,nframe_00834,nframe_00844,TRAIN,TRAIN,no,v40c_02461,no,yes,no,
orig_002243,original_phash,,,,nframe_00834,nframe_00845,TRAIN,TRAIN,no,v40c_02461,no,yes,no,
orig_002244,original_phash,,,,nframe_00834,nframe_00846,TRAIN,TRAIN,no,v40c_02461,no,yes,no,
orig_002245,original_phash,,,,nframe_00834,nframe_00847,TRAIN,TRAIN,no,v40c_02461,no,yes,no,
orig_002246,original_phash,,,,nframe_00834,nframe_00856,TRAIN,TRAIN,no,v40c_02461,no,yes,no,
orig_002247,original_phash,,,,nframe_00834,nframe_00869,TRAIN,TRAIN,no,v40c_02461,no,yes,no,
orig_002248,original_phash,,,,nframe_00834,nframe_00870,TRAIN,TRAIN,no,v40c_02461,no,yes,no,
orig_002249,original_phash,,,,nframe_00835,nframe_00836,TRAIN,TRAIN,no,v40c_02461,no,yes,no,
orig_002250,original_phash,,,,nframe_00835,nframe_00837,TRAIN,TRAIN,no,v40c_02461,no,yes,no,
orig_002251,original_phash,,,,nframe_00835,nframe_00842,TRAIN,TRAIN,no,v40c_02461,no,yes,no,
orig_002252,original_phash,,,,nframe_00835,nframe_00844,TRAIN,TRAIN,no,v40c_02461,no,yes,no,
orig_002253,original_phash,,,,nframe_00835,nframe_00845,TRAIN,TRAIN,no,v40c_02461,no,yes,no,
orig_002254,original_phash,,,,nframe_00835,nframe_00846,TRAIN,TRAIN,no,v40c_02461,no,yes,no,
orig_002255,original_phash,,,,nframe_00835,nframe_00847,TRAIN,TRAIN,no,v40c_02461,no,yes,no,
orig_002256,original_phash,,,,nframe_00835,nframe_00860,TRAIN,TRAIN,no,v40c_02461,no,yes,no,
orig_002257,original_phash,,,,nframe_00835,nframe_00861,TRAIN,TRAIN,no,v40c_02461,no,yes,no,
orig_002258,original_phash,,,,nframe_00835,nframe_00862,TRAIN,TRAIN,no,v40c_02461,no,yes,no,
orig_002259,original_phash,,,,nframe_00835,nframe_00869,TRAIN,TRAIN,no,v40c_02461,no,yes,no,
orig_002260,original_phash,,,,nframe_00835,nframe_00870,TRAIN,TRAIN,no,v40c_02461,no,yes,no,
orig_002261,original_phash,,,,nframe_00835,nframe_00872,TRAIN,TRAIN,no,v40c_02461,no,yes,no,
orig_002262,original_phash,,,,nframe_00835,nframe_00873,TRAIN,TRAIN,no,v40c_02461,no,yes,no,
orig_002263,original_exact,,,,nframe_00836,nframe_00837,TRAIN,TRAIN,no,v40c_02461,yes,yes,yes,
orig_002264,original_phash,,,,nframe_00836,nframe_00838,TRAIN,TRAIN,no,v40c_02461,no,yes,no,
orig_002265,original_phash,,,,nframe_00836,nframe_00840,TRAIN,TRAIN,no,v40c_02461,no,yes,no,
orig_002266,original_phash,,,,nframe_00836,nframe_00841,TRAIN,TRAIN,no,v40c_02461,no,yes,no,
orig_002267,original_phash,,,,nframe_00836,nframe_00842,TRAIN,TRAIN,no,v40c_02461,no,yes,no,
orig_002268,original_phash,,,,nframe_00836,nframe_00844,TRAIN,TRAIN,no,v40c_02461,no,yes,no,
orig_002269,original_phash,,,,nframe_00836,nframe_00845,TRAIN,TRAIN,no,v40c_02461,no,yes,no,
orig_002270,original_phash,,,,nframe_00836,nframe_00846,TRAIN,TRAIN,no,v40c_02461,no,yes,no,
orig_002271,original_phash,,,,nframe_00836,nframe_00847,TRAIN,TRAIN,no,v40c_02461,no,yes,no,
orig_002272,original_phash,,,,nframe_00836,nframe_00855,TRAIN,TRAIN,no,v40c_02461,no,yes,no,
orig_002273,original_phash,,,,nframe_00836,nframe_00860,TRAIN,TRAIN,no,v40c_02461,no,yes,no,
orig_002274,original_phash,,,,nframe_00836,nframe_00861,TRAIN,TRAIN,no,v40c_02461,no,yes,no,
orig_002275,original_phash,,,,nframe_00836,nframe_00862,TRAIN,TRAIN,no,v40c_02461,no,yes,no,
orig_002276,original_phash,,,,nframe_00836,nframe_00870,TRAIN,TRAIN,no,v40c_02461,no,yes,no,
orig_002277,original_phash,,,,nframe_00836,nframe_00872,TRAIN,TRAIN,no,v40c_02461,no,yes,no,
orig_002278,original_phash,,,,nframe_00836,nframe_00873,TRAIN,TRAIN,no,v40c_02461,no,yes,no,
orig_002279,original_phash,,,,nframe_00837,nframe_00838,TRAIN,TRAIN,no,v40c_02461,no,yes,no,
orig_002280,original_phash,,,,nframe_00837,nframe_00840,TRAIN,TRAIN,no,v40c_02461,no,yes,no,
orig_002281,original_phash,,,,nframe_00837,nframe_00841,TRAIN,TRAIN,no,v40c_02461,no,yes,no,
orig_002282,original_phash,,,,nframe_00837,nframe_00842,TRAIN,TRAIN,no,v40c_02461,no,yes,no,
orig_002283,original_phash,,,,nframe_00837,nframe_00844,TRAIN,TRAIN,no,v40c_02461,no,yes,no,
orig_002284,original_phash,,,,nframe_00837,nframe_00845,TRAIN,TRAIN,no,v40c_02461,no,yes,no,
orig_002285,original_phash,,,,nframe_00837,nframe_00846,TRAIN,TRAIN,no,v40c_02461,no,yes,no,
orig_002286,original_phash,,,,nframe_00837,nframe_00847,TRAIN,TRAIN,no,v40c_02461,no,yes,no,
orig_002287,original_phash,,,,nframe_00837,nframe_00855,TRAIN,TRAIN,no,v40c_02461,no,yes,no,
orig_002288,original_phash,,,,nframe_00837,nframe_00860,TRAIN,TRAIN,no,v40c_02461,no,yes,no,
orig_002289,original_phash,,,,nframe_00837,nframe_00861,TRAIN,TRAIN,no,v40c_02461,no,yes,no,
orig_002290,original_phash,,,,nframe_00837,nframe_00862,TRAIN,TRAIN,no,v40c_02461,no,yes,no,
orig_002291,original_phash,,,,nframe_00837,nframe_00870,TRAIN,TRAIN,no,v40c_02461,no,yes,no,
orig_002292,original_phash,,,,nframe_00837,nframe_00872,TRAIN,TRAIN,no,v40c_02461,no,yes,no,
orig_002293,original_phash,,,,nframe_00837,nframe_00873,TRAIN,TRAIN,no,v40c_02461,no,yes,no,
orig_002294,original_phash,,,,nframe_00838,nframe_00839,TRAIN,TRAIN,no,v40c_02461,no,yes,no,
orig_002295,original_phash,,,,nframe_00838,nframe_00840,TRAIN,TRAIN,no,v40c_02461,no,yes,no,
orig_002296,original_phash,,,,nframe_00838,nframe_00841,TRAIN,TRAIN,no,v40c_02461,no,yes,no,
orig_002297,original_phash,,,,nframe_00838,nframe_00842,TRAIN,TRAIN,no,v40c_02461,no,yes,no,
orig_002298,original_phash,,,,nframe_00838,nframe_00844,TRAIN,TRAIN,no,v40c_02461,no,yes,no,
orig_002299,original_phash,,,,nframe_00838,nframe_00845,TRAIN,TRAIN,no,v40c_02461,no,yes,no,
orig_002300,original_phash,,,,nframe_00838,nframe_00846,TRAIN,TRAIN,no,v40c_02461,no,yes,no,
orig_002301,original_phash,,,,nframe_00838,nframe_00847,TRAIN,TRAIN,no,v40c_02461,no,yes,no,
orig_002302,original_phash,,,,nframe_00838,nframe_00854,TRAIN,TRAIN,no,v40c_02461,no,yes,no,
orig_002303,original_phash,,,,nframe_00838,nframe_00855,TRAIN,TRAIN,no,v40c_02461,no,yes,no,
orig_002304,original_phash,,,,nframe_00838,nframe_00856,TRAIN,TRAIN,no,v40c_02461,no,yes,no,
orig_002305,original_phash,,,,nframe_00838,nframe_00857,TRAIN,TRAIN,no,v40c_02461,no,yes,no,
orig_002306,original_phash,,,,nframe_00838,nframe_00858,TRAIN,TRAIN,no,v40c_02461,no,yes,no,
orig_002307,original_phash,,,,nframe_00838,nframe_00860,TRAIN,TRAIN,no,v40c_02461,no,yes,no,
orig_002308,original_phash,,,,nframe_00838,nframe_00861,TRAIN,TRAIN,no,v40c_02461,no,yes,no,
orig_002309,original_phash,,,,nframe_00838,nframe_00870,TRAIN,TRAIN,no,v40c_02461,no,yes,no,
orig_002310,original_phash,,,,nframe_00838,nframe_00872,TRAIN,TRAIN,no,v40c_02461,no,yes,no,
orig_002311,original_phash,,,,nframe_00838,nframe_00873,TRAIN,TRAIN,no,v40c_02461,no,yes,no,
orig_002312,original_phash,,,,nframe_00839,nframe_00840,TRAIN,TRAIN,no,v40c_02461,no,yes,no,
orig_002313,original_phash,,,,nframe_00839,nframe_00841,TRAIN,TRAIN,no,v40c_02461,no,yes,no,
orig_002314,original_phash,,,,nframe_00839,nframe_00855,TRAIN,TRAIN,no,v40c_02461,no,yes,no,
orig_002315,original_phash,,,,nframe_00840,nframe_00841,TRAIN,TRAIN,no,v40c_02461,no,yes,no,
orig_002316,original_phash,,,,nframe_00840,nframe_00842,TRAIN,TRAIN,no,v40c_02461,no,yes,no,
orig_002317,original_phash,,,,nframe_00840,nframe_00844,TRAIN,TRAIN,no,v40c_02461,no,yes,no,
orig_002318,original_phash,,,,nframe_00840,nframe_00845,TRAIN,TRAIN,no,v40c_02461,no,yes,no,
orig_002319,original_phash,,,,nframe_00840,nframe_00846,TRAIN,TRAIN,no,v40c_02461,no,yes,no,
orig_002320,original_phash,,,,nframe_00840,nframe_00847,TRAIN,TRAIN,no,v40c_02461,no,yes,no,
orig_002321,original_phash,,,,nframe_00840,nframe_00854,TRAIN,TRAIN,no,v40c_02461,no,yes,no,
orig_002322,original_phash,,,,nframe_00840,nframe_00855,TRAIN,TRAIN,no,v40c_02461,no,yes,no,
orig_002323,original_phash,,,,nframe_00840,nframe_00856,TRAIN,TRAIN,no,v40c_02461,no,yes,no,
orig_002324,original_phash,,,,nframe_00840,nframe_00860,TRAIN,TRAIN,no,v40c_02461,no,yes,no,
orig_002325,original_phash,,,,nframe_00840,nframe_00861,TRAIN,TRAIN,no,v40c_02461,no,yes,no,
orig_002326,original_phash,,,,nframe_00840,nframe_00870,TRAIN,TRAIN,no,v40c_02461,no,yes,no,
orig_002327,original_phash,,,,nframe_00840,nframe_00872,TRAIN,TRAIN,no,v40c_02461,no,yes,no,
orig_002328,original_phash,,,,nframe_00840,nframe_00873,TRAIN,TRAIN,no,v40c_02461,no,yes,no,
orig_002329,original_phash,,,,nframe_00841,nframe_00855,TRAIN,TRAIN,no,v40c_02461,no,yes,no,
orig_002330,original_phash,,,,nframe_00842,nframe_00844,TRAIN,TRAIN,no,v40c_02461,no,yes,no,
orig_002331,original_phash,,,,nframe_00842,nframe_00845,TRAIN,TRAIN,no,v40c_02461,no,yes,no,
orig_002332,original_phash,,,,nframe_00842,nframe_00846,TRAIN,TRAIN,no,v40c_02461,no,yes,no,
orig_002333,original_phash,,,,nframe_00842,nframe_00847,TRAIN,TRAIN,no,v40c_02461,no,yes,no,
orig_002334,original_phash,,,,nframe_00842,nframe_00848,TRAIN,TRAIN,no,v40c_02461,no,yes,no,
orig_002335,original_phash,,,,nframe_00842,nframe_00849,TRAIN,TRAIN,no,v40c_02461,no,yes,no,
orig_002336,original_phash,,,,nframe_00842,nframe_00855,TRAIN,TRAIN,no,v40c_02461,no,yes,no,
orig_002337,original_phash,,,,nframe_00842,nframe_00860,TRAIN,TRAIN,no,v40c_02461,no,yes,no,
orig_002338,original_phash,,,,nframe_00842,nframe_00861,TRAIN,TRAIN,no,v40c_02461,no,yes,no,
orig_002339,original_phash,,,,nframe_00842,nframe_00862,TRAIN,TRAIN,no,v40c_02461,no,yes,no,
orig_002340,original_phash,,,,nframe_00842,nframe_00865,TRAIN,TRAIN,no,v40c_02461,no,yes,no,
orig_002341,original_phash,,,,nframe_00842,nframe_00868,TRAIN,TRAIN,no,v40c_02461,no,yes,no,
orig_002342,original_phash,,,,nframe_00842,nframe_00869,TRAIN,TRAIN,no,v40c_02461,no,yes,no,
orig_002343,original_phash,,,,nframe_00842,nframe_00870,TRAIN,TRAIN,no,v40c_02461,no,yes,no,
orig_002344,original_phash,,,,nframe_00842,nframe_00871,TRAIN,TRAIN,no,v40c_02461,no,yes,no,
orig_002345,original_phash,,,,nframe_00842,nframe_00872,TRAIN,TRAIN,no,v40c_02461,no,yes,no,
orig_002346,original_phash,,,,nframe_00842,nframe_00873,TRAIN,TRAIN,no,v40c_02461,no,yes,no,
orig_002347,original_phash,,,,nframe_00842,nframe_00874,TRAIN,TRAIN,no,v40c_02461,no,yes,no,
orig_002348,original_phash,,,,nframe_00844,nframe_00845,TRAIN,TRAIN,no,v40c_02461,no,yes,no,
orig_002349,original_phash,,,,nframe_00844,nframe_00846,TRAIN,TRAIN,no,v40c_02461,no,yes,no,
orig_002350,original_phash,,,,nframe_00844,nframe_00847,TRAIN,TRAIN,no,v40c_02461,no,yes,no,
orig_002351,original_phash,,,,nframe_00844,nframe_00854,TRAIN,TRAIN,no,v40c_02461,no,yes,no,
orig_002352,original_phash,,,,nframe_00844,nframe_00855,TRAIN,TRAIN,no,v40c_02461,no,yes,no,
orig_002353,original_phash,,,,nframe_00844,nframe_00856,TRAIN,TRAIN,no,v40c_02461,no,yes,no,
orig_002354,original_phash,,,,nframe_00844,nframe_00860,TRAIN,TRAIN,no,v40c_02461,no,yes,no,
orig_002355,original_phash,,,,nframe_00844,nframe_00861,TRAIN,TRAIN,no,v40c_02461,no,yes,no,
orig_002356,original_phash,,,,nframe_00844,nframe_00869,TRAIN,TRAIN,no,v40c_02461,no,yes,no,
orig_002357,original_phash,,,,nframe_00844,nframe_00870,TRAIN,TRAIN,no,v40c_02461,no,yes,no,
orig_002358,original_phash,,,,nframe_00844,nframe_00872,TRAIN,TRAIN,no,v40c_02461,no,yes,no,
orig_002359,original_phash,,,,nframe_00844,nframe_00873,TRAIN,TRAIN,no,v40c_02461,no,yes,no,
orig_002360,original_exact,,,,nframe_00845,nframe_00846,TRAIN,TRAIN,no,v40c_02461,yes,yes,yes,
orig_002361,original_phash,,,,nframe_00845,nframe_00847,TRAIN,TRAIN,no,v40c_02461,no,yes,no,
orig_002362,original_phash,,,,nframe_00845,nframe_00855,TRAIN,TRAIN,no,v40c_02461,no,yes,no,
orig_002363,original_phash,,,,nframe_00845,nframe_00856,TRAIN,TRAIN,no,v40c_02461,no,yes,no,
orig_002364,original_phash,,,,nframe_00845,nframe_00860,TRAIN,TRAIN,no,v40c_02461,no,yes,no,
orig_002365,original_phash,,,,nframe_00845,nframe_00861,TRAIN,TRAIN,no,v40c_02461,no,yes,no,
orig_002366,original_phash,,,,nframe_00845,nframe_00862,TRAIN,TRAIN,no,v40c_02461,no,yes,no,
orig_002367,original_phash,,,,nframe_00845,nframe_00868,TRAIN,TRAIN,no,v40c_02461,no,yes,no,
orig_002368,original_phash,,,,nframe_00845,nframe_00869,TRAIN,TRAIN,no,v40c_02461,no,yes,no,
orig_002369,original_phash,,,,nframe_00845,nframe_00870,TRAIN,TRAIN,no,v40c_02461,no,yes,no,
orig_002370,original_phash,,,,nframe_00845,nframe_00871,TRAIN,TRAIN,no,v40c_02461,no,yes,no,
orig_002371,original_phash,,,,nframe_00845,nframe_00872,TRAIN,TRAIN,no,v40c_02461,no,yes,no,
orig_002372,original_phash,,,,nframe_00845,nframe_00873,TRAIN,TRAIN,no,v40c_02461,no,yes,no,
orig_002373,original_phash,,,,nframe_00845,nframe_00874,TRAIN,TRAIN,no,v40c_02461,no,yes,no,
orig_002374,original_phash,,,,nframe_00846,nframe_00847,TRAIN,TRAIN,no,v40c_02461,no,yes,no,
orig_002375,original_phash,,,,nframe_00846,nframe_00855,TRAIN,TRAIN,no,v40c_02461,no,yes,no,
orig_002376,original_phash,,,,nframe_00846,nframe_00856,TRAIN,TRAIN,no,v40c_02461,no,yes,no,
orig_002377,original_phash,,,,nframe_00846,nframe_00860,TRAIN,TRAIN,no,v40c_02461,no,yes,no,
orig_002378,original_phash,,,,nframe_00846,nframe_00861,TRAIN,TRAIN,no,v40c_02461,no,yes,no,
orig_002379,original_phash,,,,nframe_00846,nframe_00862,TRAIN,TRAIN,no,v40c_02461,no,yes,no,
orig_002380,original_phash,,,,nframe_00846,nframe_00868,TRAIN,TRAIN,no,v40c_02461,no,yes,no,
orig_002381,original_phash,,,,nframe_00846,nframe_00869,TRAIN,TRAIN,no,v40c_02461,no,yes,no,
orig_002382,original_phash,,,,nframe_00846,nframe_00870,TRAIN,TRAIN,no,v40c_02461,no,yes,no,
orig_002383,original_phash,,,,nframe_00846,nframe_00871,TRAIN,TRAIN,no,v40c_02461,no,yes,no,
orig_002384,original_phash,,,,nframe_00846,nframe_00872,TRAIN,TRAIN,no,v40c_02461,no,yes,no,
orig_002385,original_phash,,,,nframe_00846,nframe_00873,TRAIN,TRAIN,no,v40c_02461,no,yes,no,
orig_002386,original_phash,,,,nframe_00846,nframe_00874,TRAIN,TRAIN,no,v40c_02461,no,yes,no,
orig_002387,original_phash,,,,nframe_00847,nframe_00855,TRAIN,TRAIN,no,v40c_02461,no,yes,no,
orig_002388,original_phash,,,,nframe_00847,nframe_00856,TRAIN,TRAIN,no,v40c_02461,no,yes,no,
orig_002389,original_phash,,,,nframe_00847,nframe_00860,TRAIN,TRAIN,no,v40c_02461,no,yes,no,
orig_002390,original_phash,,,,nframe_00847,nframe_00861,TRAIN,TRAIN,no,v40c_02461,no,yes,no,
orig_002391,original_phash,,,,nframe_00847,nframe_00862,TRAIN,TRAIN,no,v40c_02461,no,yes,no,
orig_002392,original_phash,,,,nframe_00847,nframe_00868,TRAIN,TRAIN,no,v40c_02461,no,yes,no,
orig_002393,original_phash,,,,nframe_00847,nframe_00869,TRAIN,TRAIN,no,v40c_02461,no,yes,no,
orig_002394,original_phash,,,,nframe_00847,nframe_00870,TRAIN,TRAIN,no,v40c_02461,no,yes,no,
orig_002395,original_phash,,,,nframe_00847,nframe_00871,TRAIN,TRAIN,no,v40c_02461,no,yes,no,
orig_002396,original_phash,,,,nframe_00847,nframe_00872,TRAIN,TRAIN,no,v40c_02461,no,yes,no,
orig_002397,original_phash,,,,nframe_00847,nframe_00873,TRAIN,TRAIN,no,v40c_02461,no,yes,no,
orig_002398,original_phash,,,,nframe_00847,nframe_00874,TRAIN,TRAIN,no,v40c_02461,no,yes,no,
orig_002399,original_exact,,,,nframe_00848,nframe_00849,TRAIN,TRAIN,no,v40c_02461,yes,yes,yes,
orig_002400,original_phash,,,,nframe_00848,nframe_00851,TRAIN,TRAIN,no,v40c_02461,no,yes,no,
orig_002401,original_phash,,,,nframe_00848,nframe_00860,TRAIN,TRAIN,no,v40c_02461,no,yes,no,
orig_002402,original_phash,,,,nframe_00848,nframe_00861,TRAIN,TRAIN,no,v40c_02461,no,yes,no,
orig_002403,original_phash,,,,nframe_00848,nframe_00863,TRAIN,TRAIN,no,v40c_02461,no,yes,no,
orig_002404,original_phash,,,,nframe_00848,nframe_00864,TRAIN,TRAIN,no,v40c_02461,no,yes,no,
orig_002405,original_phash,,,,nframe_00848,nframe_00865,TRAIN,TRAIN,no,v40c_02461,no,yes,no,
orig_002406,original_phash,,,,nframe_00848,nframe_00866,TRAIN,TRAIN,no,v40c_02461,no,yes,no,
orig_002407,original_phash,,,,nframe_00848,nframe_00868,TRAIN,TRAIN,no,v40c_02461,no,yes,no,
orig_002408,original_phash,,,,nframe_00848,nframe_00871,TRAIN,TRAIN,no,v40c_02461,no,yes,no,
orig_002409,original_phash,,,,nframe_00848,nframe_00872,TRAIN,TRAIN,no,v40c_02461,no,yes,no,
orig_002410,original_phash,,,,nframe_00848,nframe_00873,TRAIN,TRAIN,no,v40c_02461,no,yes,no,
orig_002411,original_phash,,,,nframe_00849,nframe_00851,TRAIN,TRAIN,no,v40c_02461,no,yes,no,
orig_002412,original_phash,,,,nframe_00849,nframe_00860,TRAIN,TRAIN,no,v40c_02461,no,yes,no,
orig_002413,original_phash,,,,nframe_00849,nframe_00861,TRAIN,TRAIN,no,v40c_02461,no,yes,no,
orig_002414,original_phash,,,,nframe_00849,nframe_00863,TRAIN,TRAIN,no,v40c_02461,no,yes,no,
orig_002415,original_phash,,,,nframe_00849,nframe_00864,TRAIN,TRAIN,no,v40c_02461,no,yes,no,
orig_002416,original_phash,,,,nframe_00849,nframe_00865,TRAIN,TRAIN,no,v40c_02461,no,yes,no,
orig_002417,original_phash,,,,nframe_00849,nframe_00866,TRAIN,TRAIN,no,v40c_02461,no,yes,no,
orig_002418,original_phash,,,,nframe_00849,nframe_00868,TRAIN,TRAIN,no,v40c_02461,no,yes,no,
orig_002419,original_phash,,,,nframe_00849,nframe_00871,TRAIN,TRAIN,no,v40c_02461,no,yes,no,
orig_002420,original_phash,,,,nframe_00849,nframe_00872,TRAIN,TRAIN,no,v40c_02461,no,yes,no,
orig_002421,original_phash,,,,nframe_00849,nframe_00873,TRAIN,TRAIN,no,v40c_02461,no,yes,no,
orig_002422,original_phash,,,,nframe_00850,nframe_00851,TRAIN,TRAIN,no,v40c_02461,no,yes,no,
orig_002423,original_phash,,,,nframe_00850,nframe_00852,TRAIN,TRAIN,no,v40c_02461,no,yes,no,
orig_002424,original_phash,,,,nframe_00850,nframe_00853,TRAIN,TRAIN,no,v40c_02461,no,yes,no,
orig_002425,original_phash,,,,nframe_00850,nframe_00854,TRAIN,TRAIN,no,v40c_02461,no,yes,yes,
orig_002426,original_phash,,,,nframe_00850,nframe_00855,TRAIN,TRAIN,no,v40c_02461,no,yes,no,
orig_002427,original_phash,,,,nframe_00850,nframe_00860,TRAIN,TRAIN,no,v40c_02461,no,yes,no,
orig_002428,original_phash,,,,nframe_00850,nframe_00862,TRAIN,TRAIN,no,v40c_02461,no,yes,no,
orig_002429,original_phash,,,,nframe_00851,nframe_00852,TRAIN,TRAIN,no,v40c_02461,no,yes,no,
orig_002430,original_phash,,,,nframe_00851,nframe_00853,TRAIN,TRAIN,no,v40c_02461,no,yes,no,
orig_002431,original_phash,,,,nframe_00851,nframe_00855,TRAIN,TRAIN,no,v40c_02461,no,yes,no,
orig_002432,original_phash,,,,nframe_00851,nframe_00860,TRAIN,TRAIN,no,v40c_02461,no,yes,no,
orig_002433,original_phash,,,,nframe_00851,nframe_00861,TRAIN,TRAIN,no,v40c_02461,no,yes,no,
orig_002434,original_phash,,,,nframe_00851,nframe_00862,TRAIN,TRAIN,no,v40c_02461,no,yes,no,
orig_002435,original_phash,,,,nframe_00851,nframe_00868,TRAIN,TRAIN,no,v40c_02461,no,yes,no,
orig_002436,original_phash,,,,nframe_00851,nframe_00871,TRAIN,TRAIN,no,v40c_02461,no,yes,no,
orig_002437,original_phash,,,,nframe_00851,nframe_00872,TRAIN,TRAIN,no,v40c_02461,no,yes,no,
orig_002438,original_phash,,,,nframe_00851,nframe_00873,TRAIN,TRAIN,no,v40c_02461,no,yes,no,
orig_002439,original_phash,,,,nframe_00851,nframe_00878,TRAIN,TRAIN,no,v40c_02461,no,yes,no,
orig_002440,original_phash,,,,nframe_00852,nframe_00853,TRAIN,TRAIN,no,v40c_02461,no,yes,no,
orig_002441,original_phash,,,,nframe_00852,nframe_00861,TRAIN,TRAIN,no,v40c_02461,no,yes,no,
orig_002442,original_phash,,,,nframe_00852,nframe_00862,TRAIN,TRAIN,no,v40c_02461,no,yes,no,
orig_002443,original_phash,,,,nframe_00852,nframe_00872,TRAIN,TRAIN,no,v40c_02461,no,yes,no,
orig_002444,original_phash,,,,nframe_00852,nframe_00873,TRAIN,TRAIN,no,v40c_02461,no,yes,no,
orig_002445,original_phash,,,,nframe_00852,nframe_00877,TRAIN,TRAIN,no,v40c_02461,no,yes,no,
orig_002446,original_phash,,,,nframe_00852,nframe_00878,TRAIN,TRAIN,no,v40c_02461,no,yes,no,
orig_002447,original_phash,,,,nframe_00852,nframe_00879,TRAIN,TRAIN,no,v40c_02461,no,yes,no,
orig_002448,original_phash,,,,nframe_00852,nframe_00889,TRAIN,TRAIN,no,v40c_02461,no,yes,no,
orig_002449,original_phash,,,,nframe_00852,nframe_00892,TRAIN,TRAIN,no,v40c_02461,no,yes,no,
orig_002450,original_phash,,,,nframe_00853,nframe_00861,TRAIN,TRAIN,no,v40c_02461,no,yes,no,
orig_002451,original_phash,,,,nframe_00853,nframe_00862,TRAIN,TRAIN,no,v40c_02461,no,yes,no,
orig_002452,original_phash,,,,nframe_00853,nframe_00872,TRAIN,TRAIN,no,v40c_02461,no,yes,no,
orig_002453,original_phash,,,,nframe_00853,nframe_00873,TRAIN,TRAIN,no,v40c_02461,no,yes,no,
orig_002454,original_phash,,,,nframe_00853,nframe_00878,TRAIN,TRAIN,no,v40c_02461,no,yes,no,
orig_002455,original_phash,,,,nframe_00854,nframe_00855,TRAIN,TRAIN,no,v40c_02461,no,yes,no,
orig_002456,original_phash,,,,nframe_00854,nframe_00860,TRAIN,TRAIN,no,v40c_02461,no,yes,no,
orig_002457,original_phash,,,,nframe_00855,nframe_00856,TRAIN,TRAIN,no,v40c_02461,no,yes,no,
orig_002458,original_phash,,,,nframe_00855,nframe_00860,TRAIN,TRAIN,no,v40c_02461,no,yes,no,
orig_002459,original_phash,,,,nframe_00855,nframe_00861,TRAIN,TRAIN,no,v40c_02461,no,yes,no,
orig_002460,original_phash,,,,nframe_00855,nframe_00868,TRAIN,TRAIN,no,v40c_02461,no,yes,no,
orig_002461,original_phash,,,,nframe_00855,nframe_00870,TRAIN,TRAIN,no,v40c_02461,no,yes,no,
orig_002462,original_phash,,,,nframe_00855,nframe_00871,TRAIN,TRAIN,no,v40c_02461,no,yes,no,
orig_002463,original_phash,,,,nframe_00855,nframe_00872,TRAIN,TRAIN,no,v40c_02461,no,yes,no,
orig_002464,original_phash,,,,nframe_00855,nframe_00873,TRAIN,TRAIN,no,v40c_02461,no,yes,no,
orig_002465,original_phash,,,,nframe_00856,nframe_00857,TRAIN,TRAIN,no,v40c_02461,no,yes,no,
orig_002466,original_phash,,,,nframe_00856,nframe_00858,TRAIN,TRAIN,no,v40c_02461,no,yes,no,
orig_002467,original_phash,,,,nframe_00856,nframe_00859,TRAIN,TRAIN,no,v40c_02461,no,yes,no,
orig_002468,original_phash,,,,nframe_00856,nframe_00869,TRAIN,TRAIN,no,v40c_02461,no,yes,no,
orig_002469,original_phash,,,,nframe_00856,nframe_00870,TRAIN,TRAIN,no,v40c_02461,no,yes,no,
orig_002470,original_phash,,,,nframe_00857,nframe_00858,TRAIN,TRAIN,no,v40c_02461,no,yes,no,
orig_002471,original_phash,,,,nframe_00857,nframe_00859,TRAIN,TRAIN,no,v40c_02461,no,yes,no,
orig_002472,original_phash,,,,nframe_00858,nframe_00859,TRAIN,TRAIN,no,v40c_02461,no,yes,no,
orig_002473,original_phash,,,,nframe_00859,nframe_00870,TRAIN,TRAIN,no,v40c_02461,no,yes,no,
orig_002474,original_phash,,,,nframe_00860,nframe_00861,TRAIN,TRAIN,no,v40c_02461,no,yes,no,
orig_002475,original_phash,,,,nframe_00860,nframe_00862,TRAIN,TRAIN,no,v40c_02461,no,yes,no,
orig_002476,original_phash,,,,nframe_00860,nframe_00866,TRAIN,TRAIN,no,v40c_02461,no,yes,no,
orig_002477,original_phash,,,,nframe_00860,nframe_00867,TRAIN,TRAIN,no,v40c_02461,no,yes,no,
orig_002478,original_phash,,,,nframe_00860,nframe_00868,TRAIN,TRAIN,no,v40c_02461,no,yes,no,
orig_002479,original_phash,,,,nframe_00860,nframe_00869,TRAIN,TRAIN,no,v40c_02461,no,yes,no,
orig_002480,original_phash,,,,nframe_00860,nframe_00870,TRAIN,TRAIN,no,v40c_02461,no,yes,no,
orig_002481,original_phash,,,,nframe_00860,nframe_00871,TRAIN,TRAIN,no,v40c_02461,no,yes,no,
orig_002482,original_phash,,,,nframe_00860,nframe_00872,TRAIN,TRAIN,no,v40c_02461,no,yes,no,
orig_002483,original_phash,,,,nframe_00860,nframe_00873,TRAIN,TRAIN,no,v40c_02461,no,yes,no,
orig_002484,original_phash,,,,nframe_00860,nframe_00874,TRAIN,TRAIN,no,v40c_02461,no,yes,no,
orig_002485,original_phash,,,,nframe_00861,nframe_00862,TRAIN,TRAIN,no,v40c_02461,no,yes,yes,
orig_002486,original_phash,,,,nframe_00861,nframe_00868,TRAIN,TRAIN,no,v40c_02461,no,yes,no,
orig_002487,original_phash,,,,nframe_00861,nframe_00869,TRAIN,TRAIN,no,v40c_02461,no,yes,no,
orig_002488,original_phash,,,,nframe_00861,nframe_00870,TRAIN,TRAIN,no,v40c_02461,no,yes,no,
orig_002489,original_phash,,,,nframe_00861,nframe_00871,TRAIN,TRAIN,no,v40c_02461,no,yes,no,
orig_002490,original_phash,,,,nframe_00861,nframe_00872,TRAIN,TRAIN,no,v40c_02461,no,yes,no,
orig_002491,original_phash,,,,nframe_00861,nframe_00873,TRAIN,TRAIN,no,v40c_02461,no,yes,no,
orig_002492,original_phash,,,,nframe_00861,nframe_00874,TRAIN,TRAIN,no,v40c_02461,no,yes,no,
orig_002493,original_phash,,,,nframe_00861,nframe_00878,TRAIN,TRAIN,no,v40c_02461,no,yes,no,
orig_002494,original_phash,,,,nframe_00861,nframe_00879,TRAIN,TRAIN,no,v40c_02461,no,yes,no,
orig_002495,original_phash,,,,nframe_00862,nframe_00865,TRAIN,TRAIN,no,v40c_02461,no,yes,no,
orig_002496,original_phash,,,,nframe_00862,nframe_00866,TRAIN,TRAIN,no,v40c_02461,no,yes,no,
orig_002497,original_phash,,,,nframe_00862,nframe_00867,TRAIN,TRAIN,no,v40c_02461,no,yes,no,
orig_002498,original_phash,,,,nframe_00862,nframe_00870,TRAIN,TRAIN,no,v40c_02461,no,yes,no,
orig_002499,original_phash,,,,nframe_00862,nframe_00872,TRAIN,TRAIN,no,v40c_02461,no,yes,no,
orig_002500,original_phash,,,,nframe_00862,nframe_00873,TRAIN,TRAIN,no,v40c_02461,no,yes,no,
orig_002501,original_phash,,,,nframe_00862,nframe_00878,TRAIN,TRAIN,no,v40c_02461,no,yes,no,
orig_002502,original_phash,,,,nframe_00863,nframe_00864,TRAIN,TRAIN,no,v40c_02461,no,yes,no,
orig_002503,original_phash,,,,nframe_00865,nframe_00866,TRAIN,TRAIN,no,v40c_02461,no,yes,no,
orig_002504,original_phash,,,,nframe_00865,nframe_00878,TRAIN,TRAIN,no,v40c_02461,no,yes,no,
orig_002505,original_phash,,,,nframe_00866,nframe_00867,TRAIN,TRAIN,no,v40c_02461,no,yes,no,
orig_002506,original_phash,,,,nframe_00866,nframe_00878,TRAIN,TRAIN,no,v40c_02461,no,yes,no,
orig_002507,original_phash,,,,nframe_00868,nframe_00869,TRAIN,TRAIN,no,v40c_02461,no,yes,no,
orig_002508,original_phash,,,,nframe_00868,nframe_00870,TRAIN,TRAIN,no,v40c_02461,no,yes,no,
orig_002509,original_phash,,,,nframe_00868,nframe_00871,TRAIN,TRAIN,no,v40c_02461,no,yes,no,
orig_002510,original_phash,,,,nframe_00868,nframe_00872,TRAIN,TRAIN,no,v40c_02461,no,yes,no,
orig_002511,original_phash,,,,nframe_00868,nframe_00873,TRAIN,TRAIN,no,v40c_02461,no,yes,no,
orig_002512,original_phash,,,,nframe_00868,nframe_00874,TRAIN,TRAIN,no,v40c_02461,no,yes,no,
orig_002513,original_phash,,,,nframe_00869,nframe_00870,TRAIN,TRAIN,no,v40c_02461,no,yes,no,
orig_002514,original_phash,,,,nframe_00869,nframe_00872,TRAIN,TRAIN,no,v40c_02461,no,yes,no,
orig_002515,original_phash,,,,nframe_00869,nframe_00873,TRAIN,TRAIN,no,v40c_02461,no,yes,no,
orig_002516,original_phash,,,,nframe_00870,nframe_00871,TRAIN,TRAIN,no,v40c_02461,no,yes,no,
orig_002517,original_phash,,,,nframe_00870,nframe_00872,TRAIN,TRAIN,no,v40c_02461,no,yes,no,
orig_002518,original_phash,,,,nframe_00870,nframe_00873,TRAIN,TRAIN,no,v40c_02461,no,yes,no,
orig_002519,original_phash,,,,nframe_00870,nframe_00874,TRAIN,TRAIN,no,v40c_02461,no,yes,no,
orig_002520,original_phash,,,,nframe_00871,nframe_00872,TRAIN,TRAIN,no,v40c_02461,no,yes,no,
orig_002521,original_phash,,,,nframe_00871,nframe_00873,TRAIN,TRAIN,no,v40c_02461,no,yes,no,
orig_002522,original_phash,,,,nframe_00871,nframe_00874,TRAIN,TRAIN,no,v40c_02461,no,yes,no,
orig_002523,original_phash,,,,nframe_00871,nframe_00879,TRAIN,TRAIN,no,v40c_02461,no,yes,no,
orig_002524,original_phash,,,,nframe_00872,nframe_00873,TRAIN,TRAIN,no,v40c_02461,no,yes,no,
orig_002525,original_phash,,,,nframe_00872,nframe_00874,TRAIN,TRAIN,no,v40c_02461,no,yes,no,
orig_002526,original_phash,,,,nframe_00872,nframe_00878,TRAIN,TRAIN,no,v40c_02461,no,yes,no,
orig_002527,original_phash,,,,nframe_00872,nframe_00879,TRAIN,TRAIN,no,v40c_02461,no,yes,no,
orig_002528,original_phash,,,,nframe_00873,nframe_00874,TRAIN,TRAIN,no,v40c_02461,no,yes,no,
orig_002529,original_phash,,,,nframe_00873,nframe_00878,TRAIN,TRAIN,no,v40c_02461,no,yes,no,
orig_002530,original_phash,,,,nframe_00873,nframe_00879,TRAIN,TRAIN,no,v40c_02461,no,yes,no,
orig_002531,original_phash,,,,nframe_00874,nframe_00879,TRAIN,TRAIN,no,v40c_02461,no,yes,no,
orig_002532,original_phash,,,,nframe_00874,nframe_00880,TRAIN,TRAIN,no,v40c_02461,no,yes,no,
orig_002533,original_phash,,,,nframe_00874,nframe_00881,TRAIN,TRAIN,no,v40c_02461,no,yes,no,
orig_002534,original_phash,,,,nframe_00874,nframe_00884,TRAIN,TRAIN,no,v40c_02461,no,yes,no,
orig_002535,original_phash,,,,nframe_00874,nframe_00885,TRAIN,TRAIN,no,v40c_02461,no,yes,no,
orig_002536,original_phash,,,,nframe_00874,nframe_00889,TRAIN,TRAIN,no,v40c_02461,no,yes,no,
orig_002537,original_phash,,,,nframe_00875,nframe_00876,TRAIN,TRAIN,no,v40c_02461,no,yes,yes,
orig_002538,original_phash,,,,nframe_00875,nframe_00881,TRAIN,TRAIN,no,v40c_02461,no,yes,no,
orig_002539,original_phash,,,,nframe_00875,nframe_00882,TRAIN,TRAIN,no,v40c_02461,no,yes,no,
orig_002540,original_phash,,,,nframe_00875,nframe_00884,TRAIN,TRAIN,no,v40c_02461,no,yes,no,
orig_002541,original_phash,,,,nframe_00875,nframe_00885,TRAIN,TRAIN,no,v40c_02461,no,yes,no,
orig_002542,original_phash,,,,nframe_00875,nframe_00886,TRAIN,TRAIN,no,v40c_02461,no,yes,no,
orig_002543,original_phash,,,,nframe_00875,nframe_00892,TRAIN,TRAIN,no,v40c_02461,no,yes,no,
orig_002544,original_phash,,,,nframe_00876,nframe_00881,TRAIN,TRAIN,no,v40c_02461,no,yes,no,
orig_002545,original_phash,,,,nframe_00876,nframe_00882,TRAIN,TRAIN,no,v40c_02461,no,yes,no,
orig_002546,original_phash,,,,nframe_00876,nframe_00884,TRAIN,TRAIN,no,v40c_02461,no,yes,no,
orig_002547,original_phash,,,,nframe_00876,nframe_00885,TRAIN,TRAIN,no,v40c_02461,no,yes,no,
orig_002548,original_phash,,,,nframe_00876,nframe_00892,TRAIN,TRAIN,no,v40c_02461,no,yes,no,
orig_002549,original_phash,,,,nframe_00876,nframe_00893,TRAIN,TRAIN,no,v40c_02461,no,yes,no,
orig_002550,original_phash,,,,nframe_00877,nframe_00878,TRAIN,TRAIN,no,v40c_02461,no,yes,no,
orig_002551,original_phash,,,,nframe_00877,nframe_00889,TRAIN,TRAIN,no,v40c_02461,no,yes,no,
orig_002552,original_phash,,,,nframe_00877,nframe_00890,TRAIN,TRAIN,no,v40c_02461,no,yes,no,
orig_002553,original_phash,,,,nframe_00877,nframe_00891,TRAIN,TRAIN,no,v40c_02461,no,yes,no,
orig_002554,original_phash,,,,nframe_00877,nframe_00892,TRAIN,TRAIN,no,v40c_02461,no,yes,no,
orig_002555,original_phash,,,,nframe_00878,nframe_00879,TRAIN,TRAIN,no,v40c_02461,no,yes,no,
orig_002556,original_phash,,,,nframe_00878,nframe_00880,TRAIN,TRAIN,no,v40c_02461,no,yes,no,
orig_002557,original_phash,,,,nframe_00878,nframe_00881,TRAIN,TRAIN,no,v40c_02461,no,yes,no,
orig_002558,original_phash,,,,nframe_00878,nframe_00882,TRAIN,TRAIN,no,v40c_02461,no,yes,no,
orig_002559,original_phash,,,,nframe_00878,nframe_00884,TRAIN,TRAIN,no,v40c_02461,no,yes,no,
orig_002560,original_phash,,,,nframe_00878,nframe_00885,TRAIN,TRAIN,no,v40c_02461,no,yes,no,
orig_002561,original_phash,,,,nframe_00878,nframe_00889,TRAIN,TRAIN,no,v40c_02461,no,yes,no,
orig_002562,original_phash,,,,nframe_00878,nframe_00890,TRAIN,TRAIN,no,v40c_02461,no,yes,no,
orig_002563,original_phash,,,,nframe_00878,nframe_00891,TRAIN,TRAIN,no,v40c_02461,no,yes,no,
orig_002564,original_phash,,,,nframe_00878,nframe_00892,TRAIN,TRAIN,no,v40c_02461,no,yes,no,
orig_002565,original_phash,,,,nframe_00879,nframe_00880,TRAIN,TRAIN,no,v40c_02461,no,yes,no,
orig_002566,original_phash,,,,nframe_00879,nframe_00881,TRAIN,TRAIN,no,v40c_02461,no,yes,no,
orig_002567,original_phash,,,,nframe_00879,nframe_00882,TRAIN,TRAIN,no,v40c_02461,no,yes,no,
orig_002568,original_phash,,,,nframe_00879,nframe_00883,TRAIN,TRAIN,no,v40c_02461,no,yes,no,
orig_002569,original_phash,,,,nframe_00879,nframe_00884,TRAIN,TRAIN,no,v40c_02461,no,yes,no,
orig_002570,original_phash,,,,nframe_00879,nframe_00885,TRAIN,TRAIN,no,v40c_02461,no,yes,no,
orig_002571,original_phash,,,,nframe_00879,nframe_00887,TRAIN,TRAIN,no,v40c_02461,no,yes,no,
orig_002572,original_phash,,,,nframe_00879,nframe_00888,TRAIN,TRAIN,no,v40c_02461,no,yes,no,
orig_002573,original_phash,,,,nframe_00879,nframe_00889,TRAIN,TRAIN,no,v40c_02461,no,yes,no,
orig_002574,original_phash,,,,nframe_00879,nframe_00890,TRAIN,TRAIN,no,v40c_02461,no,yes,no,
orig_002575,original_phash,,,,nframe_00879,nframe_00891,TRAIN,TRAIN,no,v40c_02461,no,yes,no,
orig_002576,original_phash,,,,nframe_00879,nframe_00892,TRAIN,TRAIN,no,v40c_02461,no,yes,no,
orig_002577,original_phash,,,,nframe_00879,nframe_00893,TRAIN,TRAIN,no,v40c_02461,no,yes,no,
orig_002578,original_phash,,,,nframe_00880,nframe_00881,TRAIN,TRAIN,no,v40c_02461,no,yes,no,
orig_002579,original_phash,,,,nframe_00880,nframe_00882,TRAIN,TRAIN,no,v40c_02461,no,yes,no,
orig_002580,original_phash,,,,nframe_00880,nframe_00883,TRAIN,TRAIN,no,v40c_02461,no,yes,no,
orig_002581,original_phash,,,,nframe_00880,nframe_00884,TRAIN,TRAIN,no,v40c_02461,no,yes,no,
orig_002582,original_phash,,,,nframe_00880,nframe_00885,TRAIN,TRAIN,no,v40c_02461,no,yes,no,
orig_002583,original_phash,,,,nframe_00880,nframe_00886,TRAIN,TRAIN,no,v40c_02461,no,yes,no,
orig_002584,original_phash,,,,nframe_00880,nframe_00887,TRAIN,TRAIN,no,v40c_02461,no,yes,no,
orig_002585,original_phash,,,,nframe_00880,nframe_00888,TRAIN,TRAIN,no,v40c_02461,no,yes,no,
orig_002586,original_phash,,,,nframe_00880,nframe_00889,TRAIN,TRAIN,no,v40c_02461,no,yes,no,
orig_002587,original_phash,,,,nframe_00880,nframe_00890,TRAIN,TRAIN,no,v40c_02461,no,yes,no,
orig_002588,original_phash,,,,nframe_00880,nframe_00891,TRAIN,TRAIN,no,v40c_02461,no,yes,no,
orig_002589,original_phash,,,,nframe_00880,nframe_00892,TRAIN,TRAIN,no,v40c_02461,no,yes,no,
orig_002590,original_phash,,,,nframe_00881,nframe_00882,TRAIN,TRAIN,no,v40c_02461,no,yes,no,
orig_002591,original_phash,,,,nframe_00881,nframe_00883,TRAIN,TRAIN,no,v40c_02461,no,yes,no,
orig_002592,original_phash,,,,nframe_00881,nframe_00884,TRAIN,TRAIN,no,v40c_02461,no,yes,no,
orig_002593,original_phash,,,,nframe_00881,nframe_00885,TRAIN,TRAIN,no,v40c_02461,no,yes,no,
orig_002594,original_phash,,,,nframe_00881,nframe_00886,TRAIN,TRAIN,no,v40c_02461,no,yes,no,
orig_002595,original_phash,,,,nframe_00881,nframe_00887,TRAIN,TRAIN,no,v40c_02461,no,yes,no,
orig_002596,original_phash,,,,nframe_00881,nframe_00888,TRAIN,TRAIN,no,v40c_02461,no,yes,no,
orig_002597,original_phash,,,,nframe_00881,nframe_00889,TRAIN,TRAIN,no,v40c_02461,no,yes,no,
orig_002598,original_phash,,,,nframe_00881,nframe_00890,TRAIN,TRAIN,no,v40c_02461,no,yes,no,
orig_002599,original_phash,,,,nframe_00881,nframe_00891,TRAIN,TRAIN,no,v40c_02461,no,yes,no,
orig_002600,original_phash,,,,nframe_00881,nframe_00892,TRAIN,TRAIN,no,v40c_02461,no,yes,no,
orig_002601,original_phash,,,,nframe_00881,nframe_00893,TRAIN,TRAIN,no,v40c_02461,no,yes,no,
orig_002602,original_phash,,,,nframe_00881,nframe_00895,TRAIN,TRAIN,no,v40c_02461,no,yes,no,
orig_002603,original_phash,,,,nframe_00882,nframe_00883,TRAIN,TRAIN,no,v40c_02461,no,yes,no,
orig_002604,original_phash,,,,nframe_00882,nframe_00884,TRAIN,TRAIN,no,v40c_02461,no,yes,no,
orig_002605,original_phash,,,,nframe_00882,nframe_00885,TRAIN,TRAIN,no,v40c_02461,no,yes,no,
orig_002606,original_phash,,,,nframe_00882,nframe_00886,TRAIN,TRAIN,no,v40c_02461,no,yes,no,
orig_002607,original_phash,,,,nframe_00882,nframe_00887,TRAIN,TRAIN,no,v40c_02461,no,yes,no,
orig_002608,original_phash,,,,nframe_00882,nframe_00888,TRAIN,TRAIN,no,v40c_02461,no,yes,no,
orig_002609,original_phash,,,,nframe_00882,nframe_00889,TRAIN,TRAIN,no,v40c_02461,no,yes,no,
orig_002610,original_phash,,,,nframe_00882,nframe_00892,TRAIN,TRAIN,no,v40c_02461,no,yes,no,
orig_002611,original_phash,,,,nframe_00883,nframe_00884,TRAIN,TRAIN,no,v40c_02461,no,yes,no,
orig_002612,original_phash,,,,nframe_00883,nframe_00885,TRAIN,TRAIN,no,v40c_02461,no,yes,no,
orig_002613,original_phash,,,,nframe_00883,nframe_00886,TRAIN,TRAIN,no,v40c_02461,no,yes,no,
orig_002614,original_phash,,,,nframe_00883,nframe_00887,TRAIN,TRAIN,no,v40c_02461,no,yes,yes,
orig_002615,original_phash,,,,nframe_00883,nframe_00888,TRAIN,TRAIN,no,v40c_02461,no,yes,yes,
orig_002616,original_phash,,,,nframe_00883,nframe_00889,TRAIN,TRAIN,no,v40c_02461,no,yes,no,
orig_002617,original_phash,,,,nframe_00883,nframe_00892,TRAIN,TRAIN,no,v40c_02461,no,yes,no,
orig_002618,original_phash,,,,nframe_00883,nframe_00895,TRAIN,TRAIN,no,v40c_02461,no,yes,no,
orig_002619,original_exact,,,,nframe_00884,nframe_00885,TRAIN,TRAIN,no,v40c_02461,yes,yes,yes,
orig_002620,original_phash,,,,nframe_00884,nframe_00886,TRAIN,TRAIN,no,v40c_02461,no,yes,no,
orig_002621,original_phash,,,,nframe_00884,nframe_00887,TRAIN,TRAIN,no,v40c_02461,no,yes,no,
orig_002622,original_phash,,,,nframe_00884,nframe_00888,TRAIN,TRAIN,no,v40c_02461,no,yes,no,
orig_002623,original_phash,,,,nframe_00884,nframe_00889,TRAIN,TRAIN,no,v40c_02461,no,yes,no,
orig_002624,original_phash,,,,nframe_00884,nframe_00890,TRAIN,TRAIN,no,v40c_02461,no,yes,no,
orig_002625,original_phash,,,,nframe_00884,nframe_00891,TRAIN,TRAIN,no,v40c_02461,no,yes,no,
orig_002626,original_phash,,,,nframe_00884,nframe_00892,TRAIN,TRAIN,no,v40c_02461,no,yes,no,
orig_002627,original_phash,,,,nframe_00884,nframe_00893,TRAIN,TRAIN,no,v40c_02461,no,yes,no,
orig_002628,original_phash,,,,nframe_00884,nframe_00895,TRAIN,TRAIN,no,v40c_02461,no,yes,no,
orig_002629,original_phash,,,,nframe_00885,nframe_00886,TRAIN,TRAIN,no,v40c_02461,no,yes,no,
orig_002630,original_phash,,,,nframe_00885,nframe_00887,TRAIN,TRAIN,no,v40c_02461,no,yes,no,
orig_002631,original_phash,,,,nframe_00885,nframe_00888,TRAIN,TRAIN,no,v40c_02461,no,yes,no,
orig_002632,original_phash,,,,nframe_00885,nframe_00889,TRAIN,TRAIN,no,v40c_02461,no,yes,no,
orig_002633,original_phash,,,,nframe_00885,nframe_00890,TRAIN,TRAIN,no,v40c_02461,no,yes,no,
orig_002634,original_phash,,,,nframe_00885,nframe_00891,TRAIN,TRAIN,no,v40c_02461,no,yes,no,
orig_002635,original_phash,,,,nframe_00885,nframe_00892,TRAIN,TRAIN,no,v40c_02461,no,yes,no,
orig_002636,original_phash,,,,nframe_00885,nframe_00893,TRAIN,TRAIN,no,v40c_02461,no,yes,no,
orig_002637,original_phash,,,,nframe_00885,nframe_00895,TRAIN,TRAIN,no,v40c_02461,no,yes,no,
orig_002638,original_phash,,,,nframe_00886,nframe_00887,TRAIN,TRAIN,no,v40c_02461,no,yes,no,
orig_002639,original_phash,,,,nframe_00886,nframe_00888,TRAIN,TRAIN,no,v40c_02461,no,yes,no,
orig_002640,original_exact,,,,nframe_00887,nframe_00888,TRAIN,TRAIN,no,v40c_02461,yes,yes,yes,
orig_002641,original_phash,,,,nframe_00887,nframe_00889,TRAIN,TRAIN,no,v40c_02461,no,yes,no,
orig_002642,original_phash,,,,nframe_00887,nframe_00892,TRAIN,TRAIN,no,v40c_02461,no,yes,no,
orig_002643,original_phash,,,,nframe_00888,nframe_00889,TRAIN,TRAIN,no,v40c_02461,no,yes,no,
orig_002644,original_phash,,,,nframe_00888,nframe_00892,TRAIN,TRAIN,no,v40c_02461,no,yes,no,
orig_002645,original_phash,,,,nframe_00889,nframe_00890,TRAIN,TRAIN,no,v40c_02461,no,yes,no,
orig_002646,original_phash,,,,nframe_00889,nframe_00891,TRAIN,TRAIN,no,v40c_02461,no,yes,no,
orig_002647,original_phash,,,,nframe_00889,nframe_00892,TRAIN,TRAIN,no,v40c_02461,no,yes,no,
orig_002648,original_phash,,,,nframe_00890,nframe_00891,TRAIN,TRAIN,no,v40c_02461,no,yes,no,
orig_002649,original_phash,,,,nframe_00890,nframe_00892,TRAIN,TRAIN,no,v40c_02461,no,yes,no,
orig_002650,original_phash,,,,nframe_00891,nframe_00892,TRAIN,TRAIN,no,v40c_02461,no,yes,no,
orig_002651,original_phash,,,,nframe_00893,nframe_00894,TRAIN,TRAIN,no,v40c_02461,no,yes,no,
orig_002652,original_phash,,,,nframe_00893,nframe_00895,TRAIN,TRAIN,no,v40c_02461,no,yes,no,
orig_002653,original_phash,,,,nframe_00894,nframe_00895,TRAIN,TRAIN,no,v40c_02461,no,yes,no,
orig_002654,original_phash,,,,nframe_00912,nframe_00913,TRAIN,TRAIN,no,v40c_02462,no,yes,no,
orig_002655,original_phash,,,,nframe_00912,nframe_00914,TRAIN,TRAIN,no,v40c_02462,no,yes,no,
orig_002656,original_phash,,,,nframe_00912,nframe_00916,TRAIN,TRAIN,no,v40c_02462,no,yes,no,
orig_002657,original_phash,,,,nframe_00912,nframe_00917,TRAIN,TRAIN,no,v40c_02462,no,yes,no,
orig_002658,original_phash,,,,nframe_00912,nframe_00921,TRAIN,TRAIN,no,v40c_02462,no,yes,no,
orig_002659,original_phash,,,,nframe_00913,nframe_00914,TRAIN,TRAIN,no,v40c_02462,no,yes,no,
orig_002660,original_phash,,,,nframe_00913,nframe_00916,TRAIN,TRAIN,no,v40c_02462,no,yes,no,
orig_002661,original_phash,,,,nframe_00914,nframe_00915,TRAIN,TRAIN,no,v40c_02462,no,yes,no,
orig_002662,original_phash,,,,nframe_00915,nframe_00916,TRAIN,TRAIN,no,v40c_02462,no,yes,no,
orig_002663,original_phash,,,,nframe_00915,nframe_00920,TRAIN,TRAIN,no,v40c_02462,no,yes,no,
orig_002664,original_phash,,,,nframe_00916,nframe_00917,TRAIN,TRAIN,no,v40c_02462,no,yes,no,
orig_002665,original_phash,,,,nframe_00916,nframe_00920,TRAIN,TRAIN,no,v40c_02462,no,yes,no,
orig_002666,original_phash,,,,nframe_00917,nframe_00921,TRAIN,TRAIN,no,v40c_02462,no,yes,no,
orig_002667,original_phash,,,,nframe_00919,nframe_00920,TRAIN,TRAIN,no,v40c_02462,no,yes,no,
orig_002668,original_exact,,,,nframe_00922,nframe_00923,TRAIN,TRAIN,no,v40c_02464,yes,yes,yes,
orig_002669,original_phash,,,,nframe_00926,nframe_00927,TRAIN,TRAIN,no,v40c_02467,no,yes,no,
orig_002670,original_exact,,,,nframe_00928,nframe_00929,TRAIN,TRAIN,no,v40c_02468,yes,yes,yes,
orig_002671,original_phash,,,,nframe_00928,nframe_00934,TRAIN,TRAIN,no,v40c_02468,no,yes,no,
orig_002672,original_phash,,,,nframe_00928,nframe_00935,TRAIN,TRAIN,no,v40c_02468,no,yes,no,
orig_002673,original_phash,,,,nframe_00928,nframe_00936,TRAIN,TRAIN,no,v40c_02468,no,yes,no,
orig_002674,original_phash,,,,nframe_00928,nframe_00937,TRAIN,TRAIN,no,v40c_02468,no,yes,no,
orig_002675,original_phash,,,,nframe_00929,nframe_00934,TRAIN,TRAIN,no,v40c_02468,no,yes,no,
orig_002676,original_phash,,,,nframe_00929,nframe_00935,TRAIN,TRAIN,no,v40c_02468,no,yes,no,
orig_002677,original_phash,,,,nframe_00929,nframe_00936,TRAIN,TRAIN,no,v40c_02468,no,yes,no,
orig_002678,original_phash,,,,nframe_00929,nframe_00937,TRAIN,TRAIN,no,v40c_02468,no,yes,no,
orig_002679,original_phash,,,,nframe_00930,nframe_00931,TRAIN,TRAIN,no,v40c_02469,no,yes,no,
orig_002680,original_phash,,,,nframe_00930,nframe_00932,TRAIN,TRAIN,no,v40c_02469,no,yes,no,
orig_002681,original_phash,,,,nframe_00931,nframe_00932,TRAIN,TRAIN,no,v40c_02469,no,yes,no,
orig_002682,original_phash,,,,nframe_00934,nframe_00935,TRAIN,TRAIN,no,v40c_02468,no,yes,no,
orig_002683,original_phash,,,,nframe_00934,nframe_00936,TRAIN,TRAIN,no,v40c_02468,no,yes,no,
orig_002684,original_phash,,,,nframe_00934,nframe_00937,TRAIN,TRAIN,no,v40c_02468,no,yes,no,
orig_002685,original_dhash,,,,nframe_00934,nframe_00938,TRAIN,TRAIN,no,v40c_02468,no,no,yes,
orig_002686,original_phash,,,,nframe_00935,nframe_00936,TRAIN,TRAIN,no,v40c_02468,no,yes,yes,
orig_002687,original_phash,,,,nframe_00935,nframe_00937,TRAIN,TRAIN,no,v40c_02468,no,yes,no,
orig_002688,original_phash,,,,nframe_00936,nframe_00937,TRAIN,TRAIN,no,v40c_02468,no,yes,no,
orig_002689,original_phash,,,,nframe_00938,nframe_00945,TRAIN,TRAIN,no,v40c_02468,no,yes,no,
orig_002690,original_phash,,,,nframe_00938,nframe_00947,TRAIN,TRAIN,no,v40c_02468,no,yes,yes,
orig_002691,original_phash,,,,nframe_00939,nframe_00940,TRAIN,TRAIN,no,v40c_02468,no,yes,no,
orig_002692,original_phash,,,,nframe_00939,nframe_00943,TRAIN,TRAIN,no,v40c_02468,no,yes,no,
orig_002693,original_phash,,,,nframe_00939,nframe_00944,TRAIN,TRAIN,no,v40c_02468,no,yes,yes,
orig_002694,original_phash,,,,nframe_00939,nframe_00947,TRAIN,TRAIN,no,v40c_02468,no,yes,no,
orig_002695,original_phash,,,,nframe_00939,nframe_00950,TRAIN,TRAIN,no,v40c_02468,no,yes,no,
orig_002696,original_phash,,,,nframe_00939,nframe_00951,TRAIN,TRAIN,no,v40c_02468,no,yes,no,
orig_002697,original_phash,,,,nframe_00939,nframe_00952,TRAIN,TRAIN,no,v40c_02468,no,yes,no,
orig_002698,original_phash,,,,nframe_00939,nframe_01036,TRAIN,TRAIN,no,v40c_02468,no,yes,no,
orig_002699,original_phash,,,,nframe_00939,nframe_01037,TRAIN,TRAIN,no,v40c_02468,no,yes,no,
orig_002700,original_phash,,,,nframe_00939,nframe_01085,TRAIN,TRAIN,no,v40c_02468,no,yes,no,
orig_002701,original_phash,,,,nframe_00939,nframe_01086,TRAIN,TRAIN,no,v40c_02468,no,yes,no,
orig_002702,original_phash,,,,nframe_00940,nframe_00941,TRAIN,TRAIN,no,v40c_02468,no,yes,no,
orig_002703,original_phash,,,,nframe_00940,nframe_00942,TRAIN,TRAIN,no,v40c_02468,no,yes,no,
orig_002704,original_phash,,,,nframe_00940,nframe_00943,TRAIN,TRAIN,no,v40c_02468,no,yes,no,
orig_002705,original_phash,,,,nframe_00940,nframe_00953,TRAIN,TRAIN,no,v40c_02468,no,yes,no,
orig_002706,original_phash,,,,nframe_00940,nframe_01036,TRAIN,TRAIN,no,v40c_02468,no,yes,no,
orig_002707,original_phash,,,,nframe_00940,nframe_01037,TRAIN,TRAIN,no,v40c_02468,no,yes,no,
orig_002708,original_phash,,,,nframe_00941,nframe_00942,TRAIN,TRAIN,no,v40c_02468,no,yes,no,
orig_002709,original_phash,,,,nframe_00941,nframe_00943,TRAIN,TRAIN,no,v40c_02468,no,yes,no,
orig_002710,original_phash,,,,nframe_00941,nframe_00950,TRAIN,TRAIN,no,v40c_02468,no,yes,no,
orig_002711,original_phash,,,,nframe_00941,nframe_00952,TRAIN,TRAIN,no,v40c_02468,no,yes,no,
orig_002712,original_phash,,,,nframe_00941,nframe_00953,TRAIN,TRAIN,no,v40c_02468,no,yes,no,
orig_002713,original_phash,,,,nframe_00941,nframe_00955,TRAIN,TRAIN,no,v40c_02468,no,yes,no,
orig_002714,original_phash,,,,nframe_00941,nframe_00957,TRAIN,TRAIN,no,v40c_02468,no,yes,no,
orig_002715,original_phash,,,,nframe_00941,nframe_00958,TRAIN,TRAIN,no,v40c_02468,no,yes,no,
orig_002716,original_phash,,,,nframe_00941,nframe_00996,TRAIN,TRAIN,no,v40c_02468,no,yes,no,
orig_002717,original_phash,,,,nframe_00941,nframe_00997,TRAIN,TRAIN,no,v40c_02468,no,yes,no,
orig_002718,original_phash,,,,nframe_00941,nframe_00999,TRAIN,TRAIN,no,v40c_02468,no,yes,no,
orig_002719,original_phash,,,,nframe_00941,nframe_01000,TRAIN,TRAIN,no,v40c_02468,no,yes,no,
orig_002720,original_phash,,,,nframe_00941,nframe_01001,TRAIN,TRAIN,no,v40c_02468,no,yes,no,
orig_002721,original_phash,,,,nframe_00941,nframe_01005,TRAIN,TRAIN,no,v40c_02468,no,yes,no,
orig_002722,original_phash,,,,nframe_00941,nframe_01006,TRAIN,TRAIN,no,v40c_02468,no,yes,no,
orig_002723,original_phash,,,,nframe_00941,nframe_01040,TRAIN,TRAIN,no,v40c_02468,no,yes,no,
orig_002724,original_phash,,,,nframe_00941,nframe_01043,TRAIN,TRAIN,no,v40c_02468,no,yes,no,
orig_002725,original_phash,,,,nframe_00941,nframe_01044,TRAIN,TRAIN,no,v40c_02468,no,yes,no,
orig_002726,original_phash,,,,nframe_00941,nframe_01045,TRAIN,TRAIN,no,v40c_02468,no,yes,no,
orig_002727,original_phash,,,,nframe_00941,nframe_01054,TRAIN,TRAIN,no,v40c_02468,no,yes,no,
orig_002728,original_phash,,,,nframe_00941,nframe_01055,TRAIN,TRAIN,no,v40c_02468,no,yes,no,
orig_002729,original_phash,,,,nframe_00941,nframe_01058,TRAIN,TRAIN,no,v40c_02468,no,yes,no,
orig_002730,original_phash,,,,nframe_00941,nframe_01067,TRAIN,TRAIN,no,v40c_02468,no,yes,no,
orig_002731,original_phash,,,,nframe_00941,nframe_01071,TRAIN,TRAIN,no,v40c_02468,no,yes,no,
orig_002732,original_phash,,,,nframe_00941,nframe_01075,TRAIN,TRAIN,no,v40c_02468,no,yes,no,
orig_002733,original_phash,,,,nframe_00941,nframe_01076,TRAIN,TRAIN,no,v40c_02468,no,yes,no,
orig_002734,original_phash,,,,nframe_00942,nframe_00943,TRAIN,TRAIN,no,v40c_02468,no,yes,no,
orig_002735,original_dhash,,,,nframe_00942,nframe_00944,TRAIN,TRAIN,no,v40c_02468,no,no,yes,
orig_002736,original_phash,,,,nframe_00942,nframe_00953,TRAIN,TRAIN,no,v40c_02468,no,yes,no,
orig_002737,original_phash,,,,nframe_00943,nframe_00944,TRAIN,TRAIN,no,v40c_02468,no,yes,no,
orig_002738,original_phash,,,,nframe_00943,nframe_00947,TRAIN,TRAIN,no,v40c_02468,no,yes,no,
orig_002739,original_phash,,,,nframe_00943,nframe_00948,TRAIN,TRAIN,no,v40c_02468,no,yes,no,
orig_002740,original_phash,,,,nframe_00943,nframe_00950,TRAIN,TRAIN,no,v40c_02468,no,yes,no,
orig_002741,original_phash,,,,nframe_00943,nframe_00951,TRAIN,TRAIN,no,v40c_02468,no,yes,no,
orig_002742,original_phash,,,,nframe_00943,nframe_00952,TRAIN,TRAIN,no,v40c_02468,no,yes,no,
orig_002743,original_phash,,,,nframe_00943,nframe_00953,TRAIN,TRAIN,no,v40c_02468,no,yes,no,
orig_002744,original_phash,,,,nframe_00943,nframe_00955,TRAIN,TRAIN,no,v40c_02468,no,yes,no,
orig_002745,original_phash,,,,nframe_00943,nframe_00957,TRAIN,TRAIN,no,v40c_02468,no,yes,no,
orig_002746,original_phash,,,,nframe_00943,nframe_00958,TRAIN,TRAIN,no,v40c_02468,no,yes,no,
orig_002747,original_phash,,,,nframe_00943,nframe_00996,TRAIN,TRAIN,no,v40c_02468,no,yes,no,
orig_002748,original_phash,,,,nframe_00943,nframe_00997,TRAIN,TRAIN,no,v40c_02468,no,yes,no,
orig_002749,original_phash,,,,nframe_00943,nframe_00999,TRAIN,TRAIN,no,v40c_02468,no,yes,no,
orig_002750,original_phash,,,,nframe_00943,nframe_01000,TRAIN,TRAIN,no,v40c_02468,no,yes,no,
orig_002751,original_phash,,,,nframe_00943,nframe_01005,TRAIN,TRAIN,no,v40c_02468,no,yes,no,
orig_002752,original_phash,,,,nframe_00943,nframe_01006,TRAIN,TRAIN,no,v40c_02468,no,yes,no,
orig_002753,original_phash,,,,nframe_00943,nframe_01007,TRAIN,TRAIN,no,v40c_02468,no,yes,no,
orig_002754,original_phash,,,,nframe_00943,nframe_01036,TRAIN,TRAIN,no,v40c_02468,no,yes,no,
orig_002755,original_phash,,,,nframe_00943,nframe_01037,TRAIN,TRAIN,no,v40c_02468,no,yes,no,
orig_002756,original_phash,,,,nframe_00943,nframe_01043,TRAIN,TRAIN,no,v40c_02468,no,yes,no,
orig_002757,original_phash,,,,nframe_00943,nframe_01044,TRAIN,TRAIN,no,v40c_02468,no,yes,no,
orig_002758,original_phash,,,,nframe_00943,nframe_01045,TRAIN,TRAIN,no,v40c_02468,no,yes,no,
orig_002759,original_phash,,,,nframe_00943,nframe_01046,TRAIN,TRAIN,no,v40c_02468,no,yes,no,
orig_002760,original_phash,,,,nframe_00943,nframe_01058,TRAIN,TRAIN,no,v40c_02468,no,yes,no,
orig_002761,original_phash,,,,nframe_00943,nframe_01060,TRAIN,TRAIN,no,v40c_02468,no,yes,no,
orig_002762,original_phash,,,,nframe_00943,nframe_01061,TRAIN,TRAIN,no,v40c_02468,no,yes,no,
orig_002763,original_phash,,,,nframe_00943,nframe_01062,TRAIN,TRAIN,no,v40c_02468,no,yes,no,
orig_002764,original_phash,,,,nframe_00943,nframe_01066,TRAIN,TRAIN,no,v40c_02468,no,yes,no,
orig_002765,original_phash,,,,nframe_00943,nframe_01067,TRAIN,TRAIN,no,v40c_02468,no,yes,no,
orig_002766,original_phash,,,,nframe_00943,nframe_01075,TRAIN,TRAIN,no,v40c_02468,no,yes,no,
orig_002767,original_phash,,,,nframe_00943,nframe_01076,TRAIN,TRAIN,no,v40c_02468,no,yes,no,
orig_002768,original_phash,,,,nframe_00943,nframe_01081,TRAIN,TRAIN,no,v40c_02468,no,yes,no,
orig_002769,original_phash,,,,nframe_00943,nframe_01082,TRAIN,TRAIN,no,v40c_02468,no,yes,no,
orig_002770,original_phash,,,,nframe_00943,nframe_01083,TRAIN,TRAIN,no,v40c_02468,no,yes,no,
orig_002771,original_phash,,,,nframe_00943,nframe_01084,TRAIN,TRAIN,no,v40c_02468,no,yes,no,
orig_002772,original_phash,,,,nframe_00943,nframe_01085,TRAIN,TRAIN,no,v40c_02468,no,yes,no,
orig_002773,original_phash,,,,nframe_00943,nframe_01086,TRAIN,TRAIN,no,v40c_02468,no,yes,no,
orig_002774,original_phash,,,,nframe_00943,nframe_01087,TRAIN,TRAIN,no,v40c_02468,no,yes,no,
orig_002775,original_phash,,,,nframe_00943,nframe_01088,TRAIN,TRAIN,no,v40c_02468,no,yes,no,
orig_002776,original_phash,,,,nframe_00944,nframe_00947,TRAIN,TRAIN,no,v40c_02468,no,yes,no,
orig_002777,original_phash,,,,nframe_00944,nframe_00950,TRAIN,TRAIN,no,v40c_02468,no,yes,no,
orig_002778,original_phash,,,,nframe_00944,nframe_00951,TRAIN,TRAIN,no,v40c_02468,no,yes,no,
orig_002779,original_phash,,,,nframe_00944,nframe_00952,TRAIN,TRAIN,no,v40c_02468,no,yes,no,
orig_002780,original_phash,,,,nframe_00944,nframe_01061,TRAIN,TRAIN,no,v40c_02468,no,yes,no,
orig_002781,original_phash,,,,nframe_00944,nframe_01062,TRAIN,TRAIN,no,v40c_02468,no,yes,no,
orig_002782,original_phash,,,,nframe_00944,nframe_01082,TRAIN,TRAIN,no,v40c_02468,no,yes,no,
orig_002783,original_phash,,,,nframe_00944,nframe_01083,TRAIN,TRAIN,no,v40c_02468,no,yes,no,
orig_002784,original_phash,,,,nframe_00944,nframe_01084,TRAIN,TRAIN,no,v40c_02468,no,yes,no,
orig_002785,original_phash,,,,nframe_00944,nframe_01085,TRAIN,TRAIN,no,v40c_02468,no,yes,no,
orig_002786,original_phash,,,,nframe_00944,nframe_01086,TRAIN,TRAIN,no,v40c_02468,no,yes,no,
orig_002787,original_phash,,,,nframe_00944,nframe_01088,TRAIN,TRAIN,no,v40c_02468,no,yes,no,
orig_002788,original_phash,,,,nframe_00945,nframe_00947,TRAIN,TRAIN,no,v40c_02468,no,yes,no,
orig_002789,original_phash,,,,nframe_00947,nframe_00950,TRAIN,TRAIN,no,v40c_02468,no,yes,no,
orig_002790,original_phash,,,,nframe_00947,nframe_00951,TRAIN,TRAIN,no,v40c_02468,no,yes,no,
orig_002791,original_phash,,,,nframe_00947,nframe_00952,TRAIN,TRAIN,no,v40c_02468,no,yes,no,
orig_002792,original_phash,,,,nframe_00947,nframe_01060,TRAIN,TRAIN,no,v40c_02468,no,yes,no,
orig_002793,original_phash,,,,nframe_00947,nframe_01081,TRAIN,TRAIN,no,v40c_02468,no,yes,no,
orig_002794,original_phash,,,,nframe_00947,nframe_01085,TRAIN,TRAIN,no,v40c_02468,no,yes,no,
orig_002795,original_phash,,,,nframe_00947,nframe_01086,TRAIN,TRAIN,no,v40c_02468,no,yes,no,
orig_002796,original_phash,,,,nframe_00947,nframe_01089,TRAIN,TRAIN,no,v40c_02468,no,yes,no,
orig_002797,original_phash,,,,nframe_00948,nframe_00950,TRAIN,TRAIN,no,v40c_02468,no,yes,no,
orig_002798,original_phash,,,,nframe_00948,nframe_00951,TRAIN,TRAIN,no,v40c_02468,no,yes,no,
orig_002799,original_phash,,,,nframe_00948,nframe_00952,TRAIN,TRAIN,no,v40c_02468,no,yes,no,
orig_002800,original_phash,,,,nframe_00948,nframe_00953,TRAIN,TRAIN,no,v40c_02468,no,yes,no,
orig_002801,original_phash,,,,nframe_00948,nframe_00955,TRAIN,TRAIN,no,v40c_02468,no,yes,no,
orig_002802,original_phash,,,,nframe_00948,nframe_00957,TRAIN,TRAIN,no,v40c_02468,no,yes,no,
orig_002803,original_phash,,,,nframe_00948,nframe_00958,TRAIN,TRAIN,no,v40c_02468,no,yes,no,
orig_002804,original_phash,,,,nframe_00948,nframe_00996,TRAIN,TRAIN,no,v40c_02468,no,yes,no,
orig_002805,original_phash,,,,nframe_00948,nframe_00997,TRAIN,TRAIN,no,v40c_02468,no,yes,no,
orig_002806,original_phash,,,,nframe_00948,nframe_01000,TRAIN,TRAIN,no,v40c_02468,no,yes,no,
orig_002807,original_phash,,,,nframe_00948,nframe_01005,TRAIN,TRAIN,no,v40c_02468,no,yes,no,
orig_002808,original_phash,,,,nframe_00948,nframe_01006,TRAIN,TRAIN,no,v40c_02468,no,yes,no,
orig_002809,original_phash,,,,nframe_00948,nframe_01007,TRAIN,TRAIN,no,v40c_02468,no,yes,no,
orig_002810,original_phash,,,,nframe_00948,nframe_01035,TRAIN,TRAIN,no,v40c_02468,no,yes,no,
orig_002811,original_phash,,,,nframe_00948,nframe_01036,TRAIN,TRAIN,no,v40c_02468,no,yes,no,
orig_002812,original_phash,,,,nframe_00948,nframe_01037,TRAIN,TRAIN,no,v40c_02468,no,yes,no,
orig_002813,original_phash,,,,nframe_00948,nframe_01043,TRAIN,TRAIN,no,v40c_02468,no,yes,no,
orig_002814,original_phash,,,,nframe_00948,nframe_01044,TRAIN,TRAIN,no,v40c_02468,no,yes,no,
orig_002815,original_phash,,,,nframe_00948,nframe_01058,TRAIN,TRAIN,no,v40c_02468,no,yes,no,
orig_002816,original_phash,,,,nframe_00948,nframe_01067,TRAIN,TRAIN,no,v40c_02468,no,yes,no,
orig_002817,original_phash,,,,nframe_00948,nframe_01071,TRAIN,TRAIN,no,v40c_02468,no,yes,no,
orig_002818,original_phash,,,,nframe_00948,nframe_01075,TRAIN,TRAIN,no,v40c_02468,no,yes,no,
orig_002819,original_phash,,,,nframe_00948,nframe_01076,TRAIN,TRAIN,no,v40c_02468,no,yes,no,
orig_002820,original_phash,,,,nframe_00949,nframe_00956,TRAIN,TRAIN,no,v40c_02468,no,yes,no,
orig_002821,original_phash,,,,nframe_00949,nframe_01069,TRAIN,TRAIN,no,v40c_02468,no,yes,no,
orig_002822,original_phash,,,,nframe_00950,nframe_00951,TRAIN,TRAIN,no,v40c_02468,no,yes,no,
orig_002823,original_phash,,,,nframe_00950,nframe_00952,TRAIN,TRAIN,no,v40c_02468,no,yes,no,
orig_002824,original_phash,,,,nframe_00950,nframe_00953,TRAIN,TRAIN,no,v40c_02468,no,yes,no,
orig_002825,original_phash,,,,nframe_00950,nframe_00955,TRAIN,TRAIN,no,v40c_02468,no,yes,no,
orig_002826,original_phash,,,,nframe_00950,nframe_00957,TRAIN,TRAIN,no,v40c_02468,no,yes,no,
orig_002827,original_phash,,,,nframe_00950,nframe_00958,TRAIN,TRAIN,no,v40c_02468,no,yes,no,
orig_002828,original_phash,,,,nframe_00950,nframe_00996,TRAIN,TRAIN,no,v40c_02468,no,yes,no,
orig_002829,original_phash,,,,nframe_00950,nframe_00997,TRAIN,TRAIN,no,v40c_02468,no,yes,no,
orig_002830,original_phash,,,,nframe_00950,nframe_00999,TRAIN,TRAIN,no,v40c_02468,no,yes,no,
orig_002831,original_phash,,,,nframe_00950,nframe_01000,TRAIN,TRAIN,no,v40c_02468,no,yes,no,
orig_002832,original_phash,,,,nframe_00950,nframe_01005,TRAIN,TRAIN,no,v40c_02468,no,yes,no,
orig_002833,original_phash,,,,nframe_00950,nframe_01006,TRAIN,TRAIN,no,v40c_02468,no,yes,no,
orig_002834,original_phash,,,,nframe_00950,nframe_01007,TRAIN,TRAIN,no,v40c_02468,no,yes,no,
orig_002835,original_phash,,,,nframe_00950,nframe_01036,TRAIN,TRAIN,no,v40c_02468,no,yes,no,
orig_002836,original_phash,,,,nframe_00950,nframe_01037,TRAIN,TRAIN,no,v40c_02468,no,yes,no,
orig_002837,original_phash,,,,nframe_00950,nframe_01043,TRAIN,TRAIN,no,v40c_02468,no,yes,no,
orig_002838,original_phash,,,,nframe_00950,nframe_01044,TRAIN,TRAIN,no,v40c_02468,no,yes,no,
orig_002839,original_phash,,,,nframe_00950,nframe_01045,TRAIN,TRAIN,no,v40c_02468,no,yes,no,
orig_002840,original_phash,,,,nframe_00950,nframe_01046,TRAIN,TRAIN,no,v40c_02468,no,yes,no,
orig_002841,original_phash,,,,nframe_00950,nframe_01058,TRAIN,TRAIN,no,v40c_02468,no,yes,no,
orig_002842,original_phash,,,,nframe_00950,nframe_01060,TRAIN,TRAIN,no,v40c_02468,no,yes,no,
orig_002843,original_phash,,,,nframe_00950,nframe_01061,TRAIN,TRAIN,no,v40c_02468,no,yes,no,
orig_002844,original_phash,,,,nframe_00950,nframe_01062,TRAIN,TRAIN,no,v40c_02468,no,yes,no,
orig_002845,original_phash,,,,nframe_00950,nframe_01067,TRAIN,TRAIN,no,v40c_02468,no,yes,no,
orig_002846,original_phash,,,,nframe_00950,nframe_01075,TRAIN,TRAIN,no,v40c_02468,no,yes,no,
orig_002847,original_phash,,,,nframe_00950,nframe_01076,TRAIN,TRAIN,no,v40c_02468,no,yes,no,
orig_002848,original_phash,,,,nframe_00950,nframe_01081,TRAIN,TRAIN,no,v40c_02468,no,yes,no,
orig_002849,original_phash,,,,nframe_00950,nframe_01082,TRAIN,TRAIN,no,v40c_02468,no,yes,no,
orig_002850,original_phash,,,,nframe_00950,nframe_01083,TRAIN,TRAIN,no,v40c_02468,no,yes,no,
orig_002851,original_phash,,,,nframe_00950,nframe_01084,TRAIN,TRAIN,no,v40c_02468,no,yes,no,
orig_002852,original_phash,,,,nframe_00950,nframe_01085,TRAIN,TRAIN,no,v40c_02468,no,yes,no,
orig_002853,original_phash,,,,nframe_00950,nframe_01086,TRAIN,TRAIN,no,v40c_02468,no,yes,no,
orig_002854,original_phash,,,,nframe_00950,nframe_01087,TRAIN,TRAIN,no,v40c_02468,no,yes,no,
orig_002855,original_phash,,,,nframe_00950,nframe_01088,TRAIN,TRAIN,no,v40c_02468,no,yes,no,
orig_002856,original_phash,,,,nframe_00951,nframe_00952,TRAIN,TRAIN,no,v40c_02468,no,yes,no,
orig_002857,original_phash,,,,nframe_00951,nframe_00953,TRAIN,TRAIN,no,v40c_02468,no,yes,no,
orig_002858,original_phash,,,,nframe_00951,nframe_00955,TRAIN,TRAIN,no,v40c_02468,no,yes,no,
orig_002859,original_phash,,,,nframe_00951,nframe_01000,TRAIN,TRAIN,no,v40c_02468,no,yes,no,
orig_002860,original_phash,,,,nframe_00951,nframe_01036,TRAIN,TRAIN,no,v40c_02468,no,yes,no,
orig_002861,original_phash,,,,nframe_00951,nframe_01037,TRAIN,TRAIN,no,v40c_02468,no,yes,no,
orig_002862,original_phash,,,,nframe_00951,nframe_01043,TRAIN,TRAIN,no,v40c_02468,no,yes,no,
orig_002863,original_phash,,,,nframe_00951,nframe_01044,TRAIN,TRAIN,no,v40c_02468,no,yes,no,
orig_002864,original_phash,,,,nframe_00951,nframe_01067,TRAIN,TRAIN,no,v40c_02468,no,yes,no,
orig_002865,original_phash,,,,nframe_00951,nframe_01085,TRAIN,TRAIN,no,v40c_02468,no,yes,no,
orig_002866,original_phash,,,,nframe_00951,nframe_01086,TRAIN,TRAIN,no,v40c_02468,no,yes,no,
orig_002867,original_phash,,,,nframe_00952,nframe_00953,TRAIN,TRAIN,no,v40c_02468,no,yes,yes,
orig_002868,original_phash,,,,nframe_00952,nframe_00955,TRAIN,TRAIN,no,v40c_02468,no,yes,no,
orig_002869,original_phash,,,,nframe_00952,nframe_00957,TRAIN,TRAIN,no,v40c_02468,no,yes,no,
orig_002870,original_phash,,,,nframe_00952,nframe_00958,TRAIN,TRAIN,no,v40c_02468,no,yes,no,
orig_002871,original_phash,,,,nframe_00952,nframe_00996,TRAIN,TRAIN,no,v40c_02468,no,yes,no,
orig_002872,original_phash,,,,nframe_00952,nframe_00997,TRAIN,TRAIN,no,v40c_02468,no,yes,no,
orig_002873,original_phash,,,,nframe_00952,nframe_00999,TRAIN,TRAIN,no,v40c_02468,no,yes,no,
orig_002874,original_phash,,,,nframe_00952,nframe_01000,TRAIN,TRAIN,no,v40c_02468,no,yes,no,
orig_002875,original_phash,,,,nframe_00952,nframe_01005,TRAIN,TRAIN,no,v40c_02468,no,yes,no,
orig_002876,original_phash,,,,nframe_00952,nframe_01006,TRAIN,TRAIN,no,v40c_02468,no,yes,no,
orig_002877,original_phash,,,,nframe_00952,nframe_01007,TRAIN,TRAIN,no,v40c_02468,no,yes,no,
orig_002878,original_phash,,,,nframe_00952,nframe_01036,TRAIN,TRAIN,no,v40c_02468,no,yes,no,
orig_002879,original_phash,,,,nframe_00952,nframe_01037,TRAIN,TRAIN,no,v40c_02468,no,yes,no,
orig_002880,original_phash,,,,nframe_00952,nframe_01043,TRAIN,TRAIN,no,v40c_02468,no,yes,no,
orig_002881,original_phash,,,,nframe_00952,nframe_01044,TRAIN,TRAIN,no,v40c_02468,no,yes,no,
orig_002882,original_phash,,,,nframe_00952,nframe_01045,TRAIN,TRAIN,no,v40c_02468,no,yes,no,
orig_002883,original_phash,,,,nframe_00952,nframe_01046,TRAIN,TRAIN,no,v40c_02468,no,yes,no,
orig_002884,original_phash,,,,nframe_00952,nframe_01058,TRAIN,TRAIN,no,v40c_02468,no,yes,no,
orig_002885,original_phash,,,,nframe_00952,nframe_01060,TRAIN,TRAIN,no,v40c_02468,no,yes,no,
orig_002886,original_phash,,,,nframe_00952,nframe_01061,TRAIN,TRAIN,no,v40c_02468,no,yes,no,
orig_002887,original_phash,,,,nframe_00952,nframe_01062,TRAIN,TRAIN,no,v40c_02468,no,yes,no,
orig_002888,original_phash,,,,nframe_00952,nframe_01067,TRAIN,TRAIN,no,v40c_02468,no,yes,no,
orig_002889,original_phash,,,,nframe_00952,nframe_01075,TRAIN,TRAIN,no,v40c_02468,no,yes,no,
orig_002890,original_phash,,,,nframe_00952,nframe_01076,TRAIN,TRAIN,no,v40c_02468,no,yes,no,
orig_002891,original_phash,,,,nframe_00952,nframe_01081,TRAIN,TRAIN,no,v40c_02468,no,yes,no,
orig_002892,original_phash,,,,nframe_00952,nframe_01082,TRAIN,TRAIN,no,v40c_02468,no,yes,no,
orig_002893,original_phash,,,,nframe_00952,nframe_01083,TRAIN,TRAIN,no,v40c_02468,no,yes,no,
orig_002894,original_phash,,,,nframe_00952,nframe_01084,TRAIN,TRAIN,no,v40c_02468,no,yes,no,
orig_002895,original_phash,,,,nframe_00952,nframe_01085,TRAIN,TRAIN,no,v40c_02468,no,yes,no,
orig_002896,original_phash,,,,nframe_00952,nframe_01086,TRAIN,TRAIN,no,v40c_02468,no,yes,no,
orig_002897,original_phash,,,,nframe_00952,nframe_01087,TRAIN,TRAIN,no,v40c_02468,no,yes,no,
orig_002898,original_phash,,,,nframe_00952,nframe_01088,TRAIN,TRAIN,no,v40c_02468,no,yes,no,
orig_002899,original_phash,,,,nframe_00953,nframe_00955,TRAIN,TRAIN,no,v40c_02468,no,yes,no,
orig_002900,original_phash,,,,nframe_00953,nframe_00957,TRAIN,TRAIN,no,v40c_02468,no,yes,no,
orig_002901,original_phash,,,,nframe_00953,nframe_00958,TRAIN,TRAIN,no,v40c_02468,no,yes,no,
orig_002902,original_phash,,,,nframe_00953,nframe_00959,TRAIN,TRAIN,no,v40c_02468,no,yes,no,
orig_002903,original_phash,,,,nframe_00953,nframe_00986,TRAIN,TRAIN,no,v40c_02468,no,yes,no,
orig_002904,original_phash,,,,nframe_00953,nframe_00996,TRAIN,TRAIN,no,v40c_02468,no,yes,no,
orig_002905,original_phash,,,,nframe_00953,nframe_00997,TRAIN,TRAIN,no,v40c_02468,no,yes,no,
orig_002906,original_phash,,,,nframe_00953,nframe_00999,TRAIN,TRAIN,no,v40c_02468,no,yes,no,
orig_002907,original_phash,,,,nframe_00953,nframe_01000,TRAIN,TRAIN,no,v40c_02468,no,yes,no,
orig_002908,original_phash,,,,nframe_00953,nframe_01001,TRAIN,TRAIN,no,v40c_02468,no,yes,no,
orig_002909,original_phash,,,,nframe_00953,nframe_01005,TRAIN,TRAIN,no,v40c_02468,no,yes,no,
orig_002910,original_phash,,,,nframe_00953,nframe_01006,TRAIN,TRAIN,no,v40c_02468,no,yes,no,
orig_002911,original_phash,,,,nframe_00953,nframe_01007,TRAIN,TRAIN,no,v40c_02468,no,yes,no,
orig_002912,original_phash,,,,nframe_00953,nframe_01035,TRAIN,TRAIN,no,v40c_02468,no,yes,no,
orig_002913,original_phash,,,,nframe_00953,nframe_01036,TRAIN,TRAIN,no,v40c_02468,no,yes,no,
orig_002914,original_phash,,,,nframe_00953,nframe_01037,TRAIN,TRAIN,no,v40c_02468,no,yes,no,
orig_002915,original_phash,,,,nframe_00953,nframe_01040,TRAIN,TRAIN,no,v40c_02468,no,yes,no,
orig_002916,original_phash,,,,nframe_00953,nframe_01043,TRAIN,TRAIN,no,v40c_02468,no,yes,no,
orig_002917,original_phash,,,,nframe_00953,nframe_01044,TRAIN,TRAIN,no,v40c_02468,no,yes,no,
orig_002918,original_phash,,,,nframe_00953,nframe_01045,TRAIN,TRAIN,no,v40c_02468,no,yes,no,
orig_002919,original_phash,,,,nframe_00953,nframe_01046,TRAIN,TRAIN,no,v40c_02468,no,yes,no,
orig_002920,original_phash,,,,nframe_00953,nframe_01054,TRAIN,TRAIN,no,v40c_02468,no,yes,no,
orig_002921,original_phash,,,,nframe_00953,nframe_01055,TRAIN,TRAIN,no,v40c_02468,no,yes,no,
orig_002922,original_phash,,,,nframe_00953,nframe_01058,TRAIN,TRAIN,no,v40c_02468,no,yes,no,
orig_002923,original_phash,,,,nframe_00953,nframe_01067,TRAIN,TRAIN,no,v40c_02468,no,yes,no,
orig_002924,original_phash,,,,nframe_00953,nframe_01071,TRAIN,TRAIN,no,v40c_02468,no,yes,no,
orig_002925,original_phash,,,,nframe_00953,nframe_01075,TRAIN,TRAIN,no,v40c_02468,no,yes,no,
orig_002926,original_phash,,,,nframe_00953,nframe_01076,TRAIN,TRAIN,no,v40c_02468,no,yes,no,
orig_002927,original_phash,,,,nframe_00954,nframe_00955,TRAIN,TRAIN,no,v40c_02468,no,yes,no,
orig_002928,original_phash,,,,nframe_00955,nframe_00957,TRAIN,TRAIN,no,v40c_02468,no,yes,no,
orig_002929,original_phash,,,,nframe_00955,nframe_00958,TRAIN,TRAIN,no,v40c_02468,no,yes,no,
orig_002930,original_phash,,,,nframe_00955,nframe_00996,TRAIN,TRAIN,no,v40c_02468,no,yes,no,
orig_002931,original_phash,,,,nframe_00955,nframe_00997,TRAIN,TRAIN,no,v40c_02468,no,yes,no,
orig_002932,original_phash,,,,nframe_00955,nframe_01000,TRAIN,TRAIN,no,v40c_02468,no,yes,no,
orig_002933,original_phash,,,,nframe_00955,nframe_01001,TRAIN,TRAIN,no,v40c_02468,no,yes,no,
orig_002934,original_phash,,,,nframe_00955,nframe_01005,TRAIN,TRAIN,no,v40c_02468,no,yes,no,
orig_002935,original_phash,,,,nframe_00955,nframe_01006,TRAIN,TRAIN,no,v40c_02468,no,yes,no,
orig_002936,original_phash,,,,nframe_00955,nframe_01040,TRAIN,TRAIN,no,v40c_02468,no,yes,no,
orig_002937,original_phash,,,,nframe_00955,nframe_01043,TRAIN,TRAIN,no,v40c_02468,no,yes,no,
orig_002938,original_phash,,,,nframe_00955,nframe_01044,TRAIN,TRAIN,no,v40c_02468,no,yes,no,
orig_002939,original_phash,,,,nframe_00955,nframe_01054,TRAIN,TRAIN,no,v40c_02468,no,yes,no,
orig_002940,original_phash,,,,nframe_00955,nframe_01055,TRAIN,TRAIN,no,v40c_02468,no,yes,no,
orig_002941,original_phash,,,,nframe_00955,nframe_01058,TRAIN,TRAIN,no,v40c_02468,no,yes,no,
orig_002942,original_phash,,,,nframe_00955,nframe_01067,TRAIN,TRAIN,no,v40c_02468,no,yes,no,
orig_002943,original_phash,,,,nframe_00955,nframe_01071,TRAIN,TRAIN,no,v40c_02468,no,yes,no,
orig_002944,original_phash,,,,nframe_00955,nframe_01075,TRAIN,TRAIN,no,v40c_02468,no,yes,no,
orig_002945,original_phash,,,,nframe_00955,nframe_01076,TRAIN,TRAIN,no,v40c_02468,no,yes,no,
orig_002946,original_phash,,,,nframe_00956,nframe_00976,TRAIN,TRAIN,no,v40c_02468,no,yes,no,
orig_002947,original_dhash,,,,nframe_00956,nframe_00988,TRAIN,TRAIN,no,v40c_02468,no,no,yes,
orig_002948,original_dhash,,,,nframe_00956,nframe_00990,TRAIN,TRAIN,no,v40c_02468,no,no,yes,
orig_002949,original_phash,,,,nframe_00956,nframe_00995,TRAIN,TRAIN,no,v40c_02468,no,yes,no,
orig_002950,original_phash,,,,nframe_00956,nframe_01002,TRAIN,TRAIN,no,v40c_02468,no,yes,no,
orig_002951,original_phash,,,,nframe_00956,nframe_01003,TRAIN,TRAIN,no,v40c_02468,no,yes,no,
orig_002952,original_phash,,,,nframe_00956,nframe_01004,TRAIN,TRAIN,no,v40c_02468,no,yes,no,
orig_002953,original_phash,,,,nframe_00956,nframe_01025,TRAIN,TRAIN,no,v40c_02468,no,yes,no,
orig_002954,original_phash,,,,nframe_00956,nframe_01031,TRAIN,TRAIN,no,v40c_02468,no,yes,no,
orig_002955,original_phash,,,,nframe_00956,nframe_01032,TRAIN,TRAIN,no,v40c_02468,no,yes,no,
orig_002956,original_phash,,,,nframe_00956,nframe_01034,TRAIN,TRAIN,no,v40c_02468,no,yes,no,
orig_002957,original_phash,,,,nframe_00956,nframe_01039,TRAIN,TRAIN,no,v40c_02468,no,yes,no,
orig_002958,original_phash,,,,nframe_00956,nframe_01048,TRAIN,TRAIN,no,v40c_02468,no,yes,no,
orig_002959,original_phash,,,,nframe_00956,nframe_01052,TRAIN,TRAIN,no,v40c_02468,no,yes,no,
orig_002960,original_phash,,,,nframe_00956,nframe_01059,TRAIN,TRAIN,no,v40c_02468,no,yes,no,
orig_002961,original_phash,,,,nframe_00956,nframe_01068,TRAIN,TRAIN,no,v40c_02468,no,yes,no,
orig_002962,original_phash,,,,nframe_00956,nframe_01069,TRAIN,TRAIN,no,v40c_02468,no,yes,no,
orig_002963,original_phash,,,,nframe_00956,nframe_01070,TRAIN,TRAIN,no,v40c_02468,no,yes,no,
orig_002964,original_phash,,,,nframe_00956,nframe_01072,TRAIN,TRAIN,no,v40c_02468,no,yes,no,
orig_002965,original_phash,,,,nframe_00956,nframe_01073,TRAIN,TRAIN,no,v40c_02468,no,yes,no,
orig_002966,original_phash,,,,nframe_00956,nframe_01074,TRAIN,TRAIN,no,v40c_02468,no,yes,no,
orig_002967,original_dhash,,,,nframe_00956,nframe_01075,TRAIN,TRAIN,no,v40c_02468,no,no,yes,
orig_002968,original_phash,,,,nframe_00956,nframe_01077,TRAIN,TRAIN,no,v40c_02468,no,yes,no,
orig_002969,original_phash,,,,nframe_00956,nframe_01078,TRAIN,TRAIN,no,v40c_02468,no,yes,no,
orig_002970,original_phash,,,,nframe_00956,nframe_01079,TRAIN,TRAIN,no,v40c_02468,no,yes,no,
orig_002971,original_phash,,,,nframe_00957,nframe_00958,TRAIN,TRAIN,no,v40c_02468,no,yes,no,
orig_002972,original_phash,,,,nframe_00957,nframe_00985,TRAIN,TRAIN,no,v40c_02468,no,yes,no,
orig_002973,original_phash,,,,nframe_00957,nframe_00996,TRAIN,TRAIN,no,v40c_02468,no,yes,no,
orig_002974,original_phash,,,,nframe_00957,nframe_00997,TRAIN,TRAIN,no,v40c_02468,no,yes,no,
orig_002975,original_phash,,,,nframe_00957,nframe_01000,TRAIN,TRAIN,no,v40c_02468,no,yes,no,
orig_002976,original_phash,,,,nframe_00957,nframe_01001,TRAIN,TRAIN,no,v40c_02468,no,yes,no,
orig_002977,original_phash,,,,nframe_00957,nframe_01005,TRAIN,TRAIN,no,v40c_02468,no,yes,no,
orig_002978,original_phash,,,,nframe_00957,nframe_01006,TRAIN,TRAIN,no,v40c_02468,no,yes,no,
orig_002979,original_phash,,,,nframe_00957,nframe_01007,TRAIN,TRAIN,no,v40c_02468,no,yes,no,
orig_002980,original_phash,,,,nframe_00957,nframe_01027,TRAIN,TRAIN,no,v40c_02468,no,yes,no,
orig_002981,original_phash,,,,nframe_00957,nframe_01035,TRAIN,TRAIN,no,v40c_02468,no,yes,no,
orig_002982,original_phash,,,,nframe_00957,nframe_01036,TRAIN,TRAIN,no,v40c_02468,no,yes,no,
orig_002983,original_phash,,,,nframe_00957,nframe_01037,TRAIN,TRAIN,no,v40c_02468,no,yes,no,
orig_002984,original_phash,,,,nframe_00957,nframe_01040,TRAIN,TRAIN,no,v40c_02468,no,yes,no,
orig_002985,original_phash,,,,nframe_00957,nframe_01043,TRAIN,TRAIN,no,v40c_02468,no,yes,no,
orig_002986,original_phash,,,,nframe_00957,nframe_01044,TRAIN,TRAIN,no,v40c_02468,no,yes,no,
orig_002987,original_phash,,,,nframe_00957,nframe_01054,TRAIN,TRAIN,no,v40c_02468,no,yes,no,
orig_002988,original_phash,,,,nframe_00957,nframe_01055,TRAIN,TRAIN,no,v40c_02468,no,yes,no,
orig_002989,original_phash,,,,nframe_00957,nframe_01058,TRAIN,TRAIN,no,v40c_02468,no,yes,no,
orig_002990,original_phash,,,,nframe_00957,nframe_01067,TRAIN,TRAIN,no,v40c_02468,no,yes,no,
orig_002991,original_phash,,,,nframe_00957,nframe_01071,TRAIN,TRAIN,no,v40c_02468,no,yes,no,
orig_002992,original_phash,,,,nframe_00957,nframe_01075,TRAIN,TRAIN,no,v40c_02468,no,yes,no,
orig_002993,original_phash,,,,nframe_00957,nframe_01076,TRAIN,TRAIN,no,v40c_02468,no,yes,no,
orig_002994,original_phash,,,,nframe_00958,nframe_00985,TRAIN,TRAIN,no,v40c_02468,no,yes,no,
orig_002995,original_phash,,,,nframe_00958,nframe_00996,TRAIN,TRAIN,no,v40c_02468,no,yes,no,
orig_002996,original_phash,,,,nframe_00958,nframe_00997,TRAIN,TRAIN,no,v40c_02468,no,yes,no,
orig_002997,original_phash,,,,nframe_00958,nframe_01000,TRAIN,TRAIN,no,v40c_02468,no,yes,no,
orig_002998,original_phash,,,,nframe_00958,nframe_01001,TRAIN,TRAIN,no,v40c_02468,no,yes,no,
orig_002999,original_phash,,,,nframe_00958,nframe_01005,TRAIN,TRAIN,no,v40c_02468,no,yes,no,
orig_003000,original_phash,,,,nframe_00958,nframe_01006,TRAIN,TRAIN,no,v40c_02468,no,yes,no,
orig_003001,original_phash,,,,nframe_00958,nframe_01007,TRAIN,TRAIN,no,v40c_02468,no,yes,no,
orig_003002,original_phash,,,,nframe_00958,nframe_01027,TRAIN,TRAIN,no,v40c_02468,no,yes,no,
orig_003003,original_phash,,,,nframe_00958,nframe_01035,TRAIN,TRAIN,no,v40c_02468,no,yes,no,
orig_003004,original_phash,,,,nframe_00958,nframe_01036,TRAIN,TRAIN,no,v40c_02468,no,yes,no,
orig_003005,original_phash,,,,nframe_00958,nframe_01037,TRAIN,TRAIN,no,v40c_02468,no,yes,no,
orig_003006,original_phash,,,,nframe_00958,nframe_01040,TRAIN,TRAIN,no,v40c_02468,no,yes,no,
orig_003007,original_phash,,,,nframe_00958,nframe_01043,TRAIN,TRAIN,no,v40c_02468,no,yes,no,
orig_003008,original_phash,,,,nframe_00958,nframe_01044,TRAIN,TRAIN,no,v40c_02468,no,yes,no,
orig_003009,original_phash,,,,nframe_00958,nframe_01054,TRAIN,TRAIN,no,v40c_02468,no,yes,no,
orig_003010,original_phash,,,,nframe_00958,nframe_01055,TRAIN,TRAIN,no,v40c_02468,no,yes,no,
orig_003011,original_phash,,,,nframe_00958,nframe_01058,TRAIN,TRAIN,no,v40c_02468,no,yes,no,
orig_003012,original_phash,,,,nframe_00958,nframe_01067,TRAIN,TRAIN,no,v40c_02468,no,yes,no,
orig_003013,original_phash,,,,nframe_00958,nframe_01071,TRAIN,TRAIN,no,v40c_02468,no,yes,no,
orig_003014,original_phash,,,,nframe_00958,nframe_01075,TRAIN,TRAIN,no,v40c_02468,no,yes,no,
orig_003015,original_phash,,,,nframe_00958,nframe_01076,TRAIN,TRAIN,no,v40c_02468,no,yes,no,
orig_003016,original_phash,,,,nframe_00959,nframe_00985,TRAIN,TRAIN,no,v40c_02468,no,yes,no,
orig_003017,original_phash,,,,nframe_00959,nframe_00986,TRAIN,TRAIN,no,v40c_02468,no,yes,no,
orig_003018,original_phash,,,,nframe_00959,nframe_00988,TRAIN,TRAIN,no,v40c_02468,no,yes,no,
orig_003019,original_phash,,,,nframe_00959,nframe_01027,TRAIN,TRAIN,no,v40c_02468,no,yes,no,
orig_003020,original_phash,,,,nframe_00962,nframe_00965,TRAIN,TRAIN,no,v40c_02468,no,yes,no,
orig_003021,original_phash,,,,nframe_00962,nframe_00966,TRAIN,TRAIN,no,v40c_02468,no,yes,no,
orig_003022,original_phash,,,,nframe_00962,nframe_00969,TRAIN,TRAIN,no,v40c_02468,no,yes,no,
orig_003023,original_phash,,,,nframe_00962,nframe_00970,TRAIN,TRAIN,no,v40c_02468,no,yes,no,
orig_003024,original_phash,,,,nframe_00962,nframe_00971,TRAIN,TRAIN,no,v40c_02468,no,yes,no,
orig_003025,original_phash,,,,nframe_00963,nframe_00964,TRAIN,TRAIN,no,v40c_02474,no,yes,no,
orig_003026,original_phash,,,,nframe_00963,nframe_00982,TRAIN,TRAIN,no,v40c_02474,no,yes,no,
orig_003027,original_phash,,,,nframe_00964,nframe_00982,TRAIN,TRAIN,no,v40c_02474,no,yes,no,
orig_003028,original_phash,,,,nframe_00965,nframe_00966,TRAIN,TRAIN,no,v40c_02468,no,yes,no,
orig_003029,original_phash,,,,nframe_00965,nframe_00969,TRAIN,TRAIN,no,v40c_02468,no,yes,no,
orig_003030,original_phash,,,,nframe_00965,nframe_00970,TRAIN,TRAIN,no,v40c_02468,no,yes,yes,
orig_003031,original_phash,,,,nframe_00965,nframe_00971,TRAIN,TRAIN,no,v40c_02468,no,yes,no,
orig_003032,original_phash,,,,nframe_00965,nframe_00974,TRAIN,TRAIN,no,v40c_02468,no,yes,no,
orig_003033,original_phash,,,,nframe_00965,nframe_00977,TRAIN,TRAIN,no,v40c_02468,no,yes,no,
orig_003034,original_phash,,,,nframe_00965,nframe_00983,TRAIN,TRAIN,no,v40c_02468,no,yes,no,
orig_003035,original_phash,,,,nframe_00965,nframe_00984,TRAIN,TRAIN,no,v40c_02468,no,yes,no,
orig_003036,original_phash,,,,nframe_00965,nframe_01028,TRAIN,TRAIN,no,v40c_02468,no,yes,no,
orig_003037,original_phash,,,,nframe_00966,nframe_00969,TRAIN,TRAIN,no,v40c_02468,no,yes,no,
orig_003038,original_phash,,,,nframe_00966,nframe_00970,TRAIN,TRAIN,no,v40c_02468,no,yes,no,
orig_003039,original_phash,,,,nframe_00966,nframe_00971,TRAIN,TRAIN,no,v40c_02468,no,yes,no,
orig_003040,original_phash,,,,nframe_00966,nframe_00974,TRAIN,TRAIN,no,v40c_02468,no,yes,no,
orig_003041,original_phash,,,,nframe_00966,nframe_00977,TRAIN,TRAIN,no,v40c_02468,no,yes,no,
orig_003042,original_phash,,,,nframe_00966,nframe_00983,TRAIN,TRAIN,no,v40c_02468,no,yes,no,
orig_003043,original_phash,,,,nframe_00966,nframe_00984,TRAIN,TRAIN,no,v40c_02468,no,yes,no,
orig_003044,original_phash,,,,nframe_00966,nframe_01028,TRAIN,TRAIN,no,v40c_02468,no,yes,no,
orig_003045,original_phash,,,,nframe_00966,nframe_01029,TRAIN,TRAIN,no,v40c_02468,no,yes,no,
orig_003046,original_phash,,,,nframe_00967,nframe_00968,TRAIN,TRAIN,no,v40c_02468,no,yes,no,
orig_003047,original_phash,,,,nframe_00967,nframe_00972,TRAIN,TRAIN,no,v40c_02468,no,yes,no,
orig_003048,original_dhash,,,,nframe_00968,nframe_00969,TRAIN,TRAIN,no,v40c_02468,no,no,yes,
orig_003049,original_phash,,,,nframe_00968,nframe_00972,TRAIN,TRAIN,no,v40c_02468,no,yes,no,
orig_003050,original_phash,,,,nframe_00969,nframe_00970,TRAIN,TRAIN,no,v40c_02468,no,yes,no,
orig_003051,original_phash,,,,nframe_00969,nframe_00971,TRAIN,TRAIN,no,v40c_02468,no,yes,no,
orig_003052,original_phash,,,,nframe_00969,nframe_00974,TRAIN,TRAIN,no,v40c_02468,no,yes,no,
orig_003053,original_phash,,,,nframe_00970,nframe_00971,TRAIN,TRAIN,no,v40c_02468,no,yes,no,
orig_003054,original_phash,,,,nframe_00970,nframe_00974,TRAIN,TRAIN,no,v40c_02468,no,yes,no,
orig_003055,original_phash,,,,nframe_00970,nframe_00977,TRAIN,TRAIN,no,v40c_02468,no,yes,no,
orig_003056,original_phash,,,,nframe_00970,nframe_00983,TRAIN,TRAIN,no,v40c_02468,no,yes,no,
orig_003057,original_phash,,,,nframe_00970,nframe_00984,TRAIN,TRAIN,no,v40c_02468,no,yes,no,
orig_003058,original_phash,,,,nframe_00970,nframe_01028,TRAIN,TRAIN,no,v40c_02468,no,yes,no,
orig_003059,original_phash,,,,nframe_00971,nframe_00974,TRAIN,TRAIN,no,v40c_02468,no,yes,no,
orig_003060,original_phash,,,,nframe_00971,nframe_00977,TRAIN,TRAIN,no,v40c_02468,no,yes,no,
orig_003061,original_phash,,,,nframe_00971,nframe_00983,TRAIN,TRAIN,no,v40c_02468,no,yes,no,
orig_003062,original_phash,,,,nframe_00971,nframe_00984,TRAIN,TRAIN,no,v40c_02468,no,yes,no,
orig_003063,original_phash,,,,nframe_00971,nframe_01028,TRAIN,TRAIN,no,v40c_02468,no,yes,no,
orig_003064,original_phash,,,,nframe_00971,nframe_01029,TRAIN,TRAIN,no,v40c_02468,no,yes,no,
orig_003065,original_dhash,,,,nframe_00972,nframe_00978,TRAIN,TRAIN,no,v40c_02468,no,no,yes,
orig_003066,original_phash,,,,nframe_00974,nframe_00977,TRAIN,TRAIN,no,v40c_02468,no,yes,no,
orig_003067,original_phash,,,,nframe_00974,nframe_00983,TRAIN,TRAIN,no,v40c_02468,no,yes,no,
orig_003068,original_phash,,,,nframe_00974,nframe_00984,TRAIN,TRAIN,no,v40c_02468,no,yes,no,
orig_003069,original_phash,,,,nframe_00974,nframe_01028,TRAIN,TRAIN,no,v40c_02468,no,yes,no,
orig_003070,original_phash,,,,nframe_00975,nframe_01052,TRAIN,TRAIN,no,v40c_02468,no,yes,no,
orig_003071,original_phash,,,,nframe_00976,nframe_00995,TRAIN,TRAIN,no,v40c_02468,no,yes,no,
orig_003072,original_phash,,,,nframe_00976,nframe_01002,TRAIN,TRAIN,no,v40c_02468,no,yes,no,
orig_003073,original_phash,,,,nframe_00976,nframe_01003,TRAIN,TRAIN,no,v40c_02468,no,yes,no,
orig_003074,original_phash,,,,nframe_00976,nframe_01004,TRAIN,TRAIN,no,v40c_02468,no,yes,no,
orig_003075,original_phash,,,,nframe_00976,nframe_01024,TRAIN,TRAIN,no,v40c_02468,no,yes,no,
orig_003076,original_phash,,,,nframe_00976,nframe_01025,TRAIN,TRAIN,no,v40c_02468,no,yes,no,
orig_003077,original_phash,,,,nframe_00976,nframe_01030,TRAIN,TRAIN,no,v40c_02468,no,yes,no,
orig_003078,original_phash,,,,nframe_00976,nframe_01031,TRAIN,TRAIN,no,v40c_02468,no,yes,no,
orig_003079,original_phash,,,,nframe_00976,nframe_01032,TRAIN,TRAIN,no,v40c_02468,no,yes,no,
orig_003080,original_phash,,,,nframe_00976,nframe_01034,TRAIN,TRAIN,no,v40c_02468,no,yes,no,
orig_003081,original_phash,,,,nframe_00976,nframe_01039,TRAIN,TRAIN,no,v40c_02468,no,yes,no,
orig_003082,original_phash,,,,nframe_00976,nframe_01048,TRAIN,TRAIN,no,v40c_02468,no,yes,no,
orig_003083,original_phash,,,,nframe_00976,nframe_01052,TRAIN,TRAIN,no,v40c_02468,no,yes,no,
orig_003084,original_phash,,,,nframe_00976,nframe_01053,TRAIN,TRAIN,no,v40c_02468,no,yes,no,
orig_003085,original_phash,,,,nframe_00976,nframe_01068,TRAIN,TRAIN,no,v40c_02468,no,yes,no,
orig_003086,original_phash,,,,nframe_00976,nframe_01069,TRAIN,TRAIN,no,v40c_02468,no,yes,no,
orig_003087,original_phash,,,,nframe_00976,nframe_01070,TRAIN,TRAIN,no,v40c_02468,no,yes,no,
orig_003088,original_phash,,,,nframe_00976,nframe_01072,TRAIN,TRAIN,no,v40c_02468,no,yes,no,
orig_003089,original_phash,,,,nframe_00976,nframe_01073,TRAIN,TRAIN,no,v40c_02468,no,yes,no,
orig_003090,original_phash,,,,nframe_00976,nframe_01074,TRAIN,TRAIN,no,v40c_02468,no,yes,no,
orig_003091,original_phash,,,,nframe_00977,nframe_00983,TRAIN,TRAIN,no,v40c_02468,no,yes,no,
orig_003092,original_phash,,,,nframe_00977,nframe_00984,TRAIN,TRAIN,no,v40c_02468,no,yes,no,
orig_003093,original_phash,,,,nframe_00977,nframe_00985,TRAIN,TRAIN,no,v40c_02468,no,yes,no,
orig_003094,original_phash,,,,nframe_00977,nframe_01028,TRAIN,TRAIN,no,v40c_02468,no,yes,no,
orig_003095,original_dhash,,,,nframe_00977,nframe_01043,TRAIN,TRAIN,no,v40c_02468,no,no,yes,
orig_003096,original_dhash,,,,nframe_00977,nframe_01044,TRAIN,TRAIN,no,v40c_02468,no,no,yes,
orig_003097,original_phash,,,,nframe_00983,nframe_00984,TRAIN,TRAIN,no,v40c_02468,no,yes,no,
orig_003098,original_phash,,,,nframe_00983,nframe_00985,TRAIN,TRAIN,no,v40c_02468,no,yes,no,
orig_003099,original_phash,,,,nframe_00983,nframe_01027,TRAIN,TRAIN,no,v40c_02468,no,yes,no,
orig_003100,original_phash,,,,nframe_00983,nframe_01028,TRAIN,TRAIN,no,v40c_02468,no,yes,no,
orig_003101,original_phash,,,,nframe_00984,nframe_01027,TRAIN,TRAIN,no,v40c_02468,no,yes,no,
orig_003102,original_phash,,,,nframe_00984,nframe_01028,TRAIN,TRAIN,no,v40c_02468,no,yes,no,
orig_003103,original_phash,,,,nframe_00984,nframe_01029,TRAIN,TRAIN,no,v40c_02468,no,yes,no,
orig_003104,original_phash,,,,nframe_00985,nframe_00988,TRAIN,TRAIN,no,v40c_02468,no,yes,no,
orig_003105,original_phash,,,,nframe_00985,nframe_01027,TRAIN,TRAIN,no,v40c_02468,no,yes,no,
orig_003106,original_phash,,,,nframe_00985,nframe_01058,TRAIN,TRAIN,no,v40c_02468,no,yes,no,
orig_003107,original_phash,,,,nframe_00985,nframe_01071,TRAIN,TRAIN,no,v40c_02468,no,yes,no,
orig_003108,original_phash,,,,nframe_00985,nframe_01075,TRAIN,TRAIN,no,v40c_02468,no,yes,no,
orig_003109,original_phash,,,,nframe_00985,nframe_01076,TRAIN,TRAIN,no,v40c_02468,no,yes,no,
orig_003110,original_phash,,,,nframe_00986,nframe_00987,TRAIN,TRAIN,no,v40c_02468,no,yes,no,
orig_003111,original_phash,,,,nframe_00986,nframe_00988,TRAIN,TRAIN,no,v40c_02468,no,yes,no,
orig_003112,original_phash,,,,nframe_00986,nframe_00989,TRAIN,TRAIN,no,v40c_02468,no,yes,no,
orig_003113,original_phash,,,,nframe_00986,nframe_01027,TRAIN,TRAIN,no,v40c_02468,no,yes,no,
orig_003114,original_phash,,,,nframe_00986,nframe_01066,TRAIN,TRAIN,no,v40c_02468,no,yes,no,
orig_003115,original_phash,,,,nframe_00987,nframe_00998,TRAIN,TRAIN,no,v40c_02468,no,yes,no,
orig_003116,original_phash,,,,nframe_00987,nframe_00999,TRAIN,TRAIN,no,v40c_02468,no,yes,no,
orig_003117,original_phash,,,,nframe_00987,nframe_01043,TRAIN,TRAIN,no,v40c_02468,no,yes,no,
orig_003118,original_phash,,,,nframe_00987,nframe_01044,TRAIN,TRAIN,no,v40c_02468,no,yes,no,
orig_003119,original_phash,,,,nframe_00987,nframe_01045,TRAIN,TRAIN,no,v40c_02468,no,yes,no,
orig_003120,original_dhash,,,,nframe_00987,nframe_01064,TRAIN,TRAIN,no,v40c_02468,no,no,yes,
orig_003121,original_phash,,,,nframe_00987,nframe_01066,TRAIN,TRAIN,no,v40c_02468,no,yes,no,
orig_003122,original_dhash,,,,nframe_00987,nframe_01077,TRAIN,TRAIN,no,v40c_02468,no,no,yes,
orig_003123,original_dhash,,,,nframe_00987,nframe_01078,TRAIN,TRAIN,no,v40c_02468,no,no,yes,
orig_003124,original_dhash,,,,nframe_00988,nframe_01006,TRAIN,TRAIN,no,v40c_02468,no,no,yes,
orig_003125,original_phash,,,,nframe_00988,nframe_01027,TRAIN,TRAIN,no,v40c_02468,no,yes,no,
orig_003126,original_dhash,,,,nframe_00989,nframe_00992,TRAIN,TRAIN,no,v40c_02468,no,no,yes,
orig_003127,original_phash,,,,nframe_00989,nframe_00997,TRAIN,TRAIN,no,v40c_02468,no,yes,no,
orig_003128,original_phash,,,,nframe_00989,nframe_01001,TRAIN,TRAIN,no,v40c_02468,no,yes,no,
orig_003129,original_phash,,,,nframe_00989,nframe_01005,TRAIN,TRAIN,no,v40c_02468,no,yes,no,
orig_003130,original_phash,,,,nframe_00989,nframe_01006,TRAIN,TRAIN,no,v40c_02468,no,yes,no,
orig_003131,original_phash,,,,nframe_00989,nframe_01026,TRAIN,TRAIN,no,v40c_02468,no,yes,no,
orig_003132,original_phash,,,,nframe_00989,nframe_01027,TRAIN,TRAIN,no,v40c_02468,no,yes,no,
orig_003133,original_phash,,,,nframe_00989,nframe_01029,TRAIN,TRAIN,no,v40c_02468,no,yes,no,
orig_003134,original_phash,,,,nframe_00989,nframe_01040,TRAIN,TRAIN,no,v40c_02468,no,yes,no,
orig_003135,original_phash,,,,nframe_00989,nframe_01054,TRAIN,TRAIN,no,v40c_02468,no,yes,no,
orig_003136,original_phash,,,,nframe_00989,nframe_01055,TRAIN,TRAIN,no,v40c_02468,no,yes,no,
orig_003137,original_phash,,,,nframe_00989,nframe_01071,TRAIN,TRAIN,no,v40c_02468,no,yes,no,
orig_003138,original_phash,,,,nframe_00990,nframe_00991,TRAIN,TRAIN,no,v40c_02468,no,yes,no,
orig_003139,original_dhash,,,,nframe_00990,nframe_00992,TRAIN,TRAIN,no,v40c_02468,no,no,yes,
orig_003140,original_phash,,,,nframe_00990,nframe_01024,TRAIN,TRAIN,no,v40c_02468,no,yes,no,
orig_003141,original_phash,,,,nframe_00990,nframe_01025,TRAIN,TRAIN,no,v40c_02468,no,yes,no,
orig_003142,original_phash,,,,nframe_00990,nframe_01026,TRAIN,TRAIN,no,v40c_02468,no,yes,no,
orig_003143,original_phash,,,,nframe_00990,nframe_01030,TRAIN,TRAIN,no,v40c_02468,no,yes,no,
orig_003144,original_phash,,,,nframe_00990,nframe_01031,TRAIN,TRAIN,no,v40c_02468,no,yes,no,
orig_003145,original_phash,,,,nframe_00990,nframe_01032,TRAIN,TRAIN,no,v40c_02468,no,yes,no,
orig_003146,original_phash,,,,nframe_00990,nframe_01033,TRAIN,TRAIN,no,v40c_02468,no,yes,yes,
orig_003147,original_phash,,,,nframe_00990,nframe_01034,TRAIN,TRAIN,no,v40c_02468,no,yes,no,
orig_003148,original_phash,,,,nframe_00990,nframe_01070,TRAIN,TRAIN,no,v40c_02468,no,yes,no,
orig_003149,original_phash,,,,nframe_00990,nframe_01074,TRAIN,TRAIN,no,v40c_02468,no,yes,no,
orig_003150,original_phash,,,,nframe_00991,nframe_01024,TRAIN,TRAIN,no,v40c_02468,no,yes,no,
orig_003151,original_phash,,,,nframe_00991,nframe_01026,TRAIN,TRAIN,no,v40c_02468,no,yes,no,
orig_003152,original_phash,,,,nframe_00991,nframe_01030,TRAIN,TRAIN,no,v40c_02468,no,yes,no,
orig_003153,original_phash,,,,nframe_00991,nframe_01032,TRAIN,TRAIN,no,v40c_02468,no,yes,no,
orig_003154,original_phash,,,,nframe_00991,nframe_01033,TRAIN,TRAIN,no,v40c_02468,no,yes,no,
orig_003155,original_phash,,,,nframe_00991,nframe_01034,TRAIN,TRAIN,no,v40c_02468,no,yes,no,
orig_003156,original_phash,,,,nframe_00991,nframe_01070,TRAIN,TRAIN,no,v40c_02468,no,yes,no,
orig_003157,original_phash,,,,nframe_00991,nframe_01074,TRAIN,TRAIN,no,v40c_02468,no,yes,no,
orig_003158,original_phash,,,,nframe_00992,nframe_00993,TRAIN,TRAIN,no,v40c_02468,no,yes,yes,
orig_003159,original_phash,,,,nframe_00992,nframe_00994,TRAIN,TRAIN,no,v40c_02468,no,yes,no,
orig_003160,original_phash,,,,nframe_00992,nframe_00995,TRAIN,TRAIN,no,v40c_02468,no,yes,no,
orig_003161,original_phash,,,,nframe_00992,nframe_01002,TRAIN,TRAIN,no,v40c_02468,no,yes,no,
orig_003162,original_phash,,,,nframe_00992,nframe_01003,TRAIN,TRAIN,no,v40c_02468,no,yes,no,
orig_003163,original_phash,,,,nframe_00992,nframe_01004,TRAIN,TRAIN,no,v40c_02468,no,yes,no,
orig_003164,original_dhash,,,,nframe_00992,nframe_01006,TRAIN,TRAIN,no,v40c_02468,no,no,yes,
orig_003165,original_phash,,,,nframe_00992,nframe_01025,TRAIN,TRAIN,no,v40c_02468,no,yes,no,
orig_003166,original_phash,,,,nframe_00992,nframe_01031,TRAIN,TRAIN,no,v40c_02468,no,yes,no,
orig_003167,original_dhash,,,,nframe_00992,nframe_01033,TRAIN,TRAIN,no,v40c_02468,no,no,yes,
orig_003168,original_phash,,,,nframe_00992,nframe_01068,TRAIN,TRAIN,no,v40c_02468,no,yes,no,
orig_003169,original_phash,,,,nframe_00992,nframe_01072,TRAIN,TRAIN,no,v40c_02468,no,yes,no,
orig_003170,original_phash,,,,nframe_00992,nframe_01073,TRAIN,TRAIN,no,v40c_02468,no,yes,no,
orig_003171,original_phash,,,,nframe_00993,nframe_00994,TRAIN,TRAIN,no,v40c_02468,no,yes,no,
orig_003172,original_phash,,,,nframe_00993,nframe_00995,TRAIN,TRAIN,no,v40c_02468,no,yes,no,
orig_003173,original_phash,,,,nframe_00993,nframe_01002,TRAIN,TRAIN,no,v40c_02468,no,yes,no,
orig_003174,original_phash,,,,nframe_00993,nframe_01003,TRAIN,TRAIN,no,v40c_02468,no,yes,no,
orig_003175,original_phash,,,,nframe_00993,nframe_01004,TRAIN,TRAIN,no,v40c_02468,no,yes,no,
orig_003176,original_phash,,,,nframe_00993,nframe_01025,TRAIN,TRAIN,no,v40c_02468,no,yes,no,
orig_003177,original_phash,,,,nframe_00993,nframe_01030,TRAIN,TRAIN,no,v40c_02468,no,yes,no,
orig_003178,original_phash,,,,nframe_00993,nframe_01031,TRAIN,TRAIN,no,v40c_02468,no,yes,no,
orig_003179,original_phash,,,,nframe_00993,nframe_01032,TRAIN,TRAIN,no,v40c_02468,no,yes,no,
orig_003180,original_phash,,,,nframe_00993,nframe_01039,TRAIN,TRAIN,no,v40c_02468,no,yes,no,
orig_003181,original_phash,,,,nframe_00993,nframe_01068,TRAIN,TRAIN,no,v40c_02468,no,yes,no,
orig_003182,original_phash,,,,nframe_00993,nframe_01072,TRAIN,TRAIN,no,v40c_02468,no,yes,no,
orig_003183,original_phash,,,,nframe_00993,nframe_01073,TRAIN,TRAIN,no,v40c_02468,no,yes,no,
orig_003184,original_phash,,,,nframe_00994,nframe_00995,TRAIN,TRAIN,no,v40c_02468,no,yes,yes,
orig_003185,original_phash,,,,nframe_00994,nframe_01002,TRAIN,TRAIN,no,v40c_02468,no,yes,no,
orig_003186,original_phash,,,,nframe_00994,nframe_01003,TRAIN,TRAIN,no,v40c_02468,no,yes,no,
orig_003187,original_phash,,,,nframe_00994,nframe_01004,TRAIN,TRAIN,no,v40c_02468,no,yes,no,
orig_003188,original_phash,,,,nframe_00994,nframe_01025,TRAIN,TRAIN,no,v40c_02468,no,yes,no,
orig_003189,original_phash,,,,nframe_00994,nframe_01030,TRAIN,TRAIN,no,v40c_02468,no,yes,no,
orig_003190,original_phash,,,,nframe_00994,nframe_01031,TRAIN,TRAIN,no,v40c_02468,no,yes,no,
orig_003191,original_phash,,,,nframe_00994,nframe_01032,TRAIN,TRAIN,no,v40c_02468,no,yes,no,
orig_003192,original_phash,,,,nframe_00994,nframe_01039,TRAIN,TRAIN,no,v40c_02468,no,yes,no,
orig_003193,original_phash,,,,nframe_00994,nframe_01068,TRAIN,TRAIN,no,v40c_02468,no,yes,no,
orig_003194,original_phash,,,,nframe_00994,nframe_01072,TRAIN,TRAIN,no,v40c_02468,no,yes,no,
orig_003195,original_phash,,,,nframe_00994,nframe_01073,TRAIN,TRAIN,no,v40c_02468,no,yes,no,
orig_003196,original_phash,,,,nframe_00995,nframe_01002,TRAIN,TRAIN,no,v40c_02468,no,yes,no,
orig_003197,original_phash,,,,nframe_00995,nframe_01003,TRAIN,TRAIN,no,v40c_02468,no,yes,no,
orig_003198,original_phash,,,,nframe_00995,nframe_01004,TRAIN,TRAIN,no,v40c_02468,no,yes,no,
orig_003199,original_phash,,,,nframe_00995,nframe_01025,TRAIN,TRAIN,no,v40c_02468,no,yes,no,
orig_003200,original_phash,,,,nframe_00995,nframe_01030,TRAIN,TRAIN,no,v40c_02468,no,yes,no,
orig_003201,original_phash,,,,nframe_00995,nframe_01031,TRAIN,TRAIN,no,v40c_02468,no,yes,no,
orig_003202,original_phash,,,,nframe_00995,nframe_01032,TRAIN,TRAIN,no,v40c_02468,no,yes,no,
orig_003203,original_dhash,,,,nframe_00995,nframe_01037,TRAIN,TRAIN,no,v40c_02468,no,no,yes,
orig_003204,original_phash,,,,nframe_00995,nframe_01039,TRAIN,TRAIN,no,v40c_02468,no,yes,no,
orig_003205,original_phash,,,,nframe_00995,nframe_01052,TRAIN,TRAIN,no,v40c_02468,no,yes,no,
orig_003206,original_phash,,,,nframe_00995,nframe_01059,TRAIN,TRAIN,no,v40c_02468,no,yes,no,
orig_003207,original_phash,,,,nframe_00995,nframe_01068,TRAIN,TRAIN,no,v40c_02468,no,yes,no,
orig_003208,original_phash,,,,nframe_00995,nframe_01069,TRAIN,TRAIN,no,v40c_02468,no,yes,no,
orig_003209,original_phash,,,,nframe_00995,nframe_01072,TRAIN,TRAIN,no,v40c_02468,no,yes,no,
orig_003210,original_phash,,,,nframe_00995,nframe_01073,TRAIN,TRAIN,no,v40c_02468,no,yes,no,
orig_003211,original_phash,,,,nframe_00995,nframe_01074,TRAIN,TRAIN,no,v40c_02468,no,yes,no,
orig_003212,original_phash,,,,nframe_00995,nframe_01077,TRAIN,TRAIN,no,v40c_02468,no,yes,no,
orig_003213,original_phash,,,,nframe_00995,nframe_01078,TRAIN,TRAIN,no,v40c_02468,no,yes,no,
orig_003214,original_phash,,,,nframe_00995,nframe_01079,TRAIN,TRAIN,no,v40c_02468,no,yes,no,
orig_003215,original_phash,,,,nframe_00996,nframe_00997,TRAIN,TRAIN,no,v40c_02468,no,yes,no,
orig_003216,original_phash,,,,nframe_00996,nframe_01000,TRAIN,TRAIN,no,v40c_02468,no,yes,no,
orig_003217,original_phash,,,,nframe_00996,nframe_01001,TRAIN,TRAIN,no,v40c_02468,no,yes,no,
orig_003218,original_phash,,,,nframe_00996,nframe_01005,TRAIN,TRAIN,no,v40c_02468,no,yes,no,
orig_003219,original_phash,,,,nframe_00996,nframe_01006,TRAIN,TRAIN,no,v40c_02468,no,yes,no,
orig_003220,original_phash,,,,nframe_00996,nframe_01007,TRAIN,TRAIN,no,v40c_02468,no,yes,no,
orig_003221,original_phash,,,,nframe_00996,nframe_01035,TRAIN,TRAIN,no,v40c_02468,no,yes,no,
orig_003222,original_phash,,,,nframe_00996,nframe_01036,TRAIN,TRAIN,no,v40c_02468,no,yes,no,
orig_003223,original_phash,,,,nframe_00996,nframe_01037,TRAIN,TRAIN,no,v40c_02468,no,yes,no,
orig_003224,original_phash,,,,nframe_00996,nframe_01040,TRAIN,TRAIN,no,v40c_02468,no,yes,no,
orig_003225,original_phash,,,,nframe_00996,nframe_01043,TRAIN,TRAIN,no,v40c_02468,no,yes,no,
orig_003226,original_phash,,,,nframe_00996,nframe_01044,TRAIN,TRAIN,no,v40c_02468,no,yes,no,
orig_003227,original_phash,,,,nframe_00996,nframe_01054,TRAIN,TRAIN,no,v40c_02468,no,yes,no,
orig_003228,original_phash,,,,nframe_00996,nframe_01055,TRAIN,TRAIN,no,v40c_02468,no,yes,no,
orig_003229,original_phash,,,,nframe_00996,nframe_01058,TRAIN,TRAIN,no,v40c_02468,no,yes,no,
orig_003230,original_phash,,,,nframe_00996,nframe_01067,TRAIN,TRAIN,no,v40c_02468,no,yes,no,
orig_003231,original_phash,,,,nframe_00996,nframe_01071,TRAIN,TRAIN,no,v40c_02468,no,yes,no,
orig_003232,original_phash,,,,nframe_00996,nframe_01075,TRAIN,TRAIN,no,v40c_02468,no,yes,no,
orig_003233,original_phash,,,,nframe_00996,nframe_01076,TRAIN,TRAIN,no,v40c_02468,no,yes,no,
orig_003234,original_phash,,,,nframe_00997,nframe_01000,TRAIN,TRAIN,no,v40c_02468,no,yes,no,
orig_003235,original_phash,,,,nframe_00997,nframe_01001,TRAIN,TRAIN,no,v40c_02468,no,yes,no,
orig_003236,original_phash,,,,nframe_00997,nframe_01005,TRAIN,TRAIN,no,v40c_02468,no,yes,no,
orig_003237,original_phash,,,,nframe_00997,nframe_01006,TRAIN,TRAIN,no,v40c_02468,no,yes,no,
orig_003238,original_phash,,,,nframe_00997,nframe_01007,TRAIN,TRAIN,no,v40c_02468,no,yes,no,
orig_003239,original_phash,,,,nframe_00997,nframe_01035,TRAIN,TRAIN,no,v40c_02468,no,yes,no,
orig_003240,original_phash,,,,nframe_00997,nframe_01036,TRAIN,TRAIN,no,v40c_02468,no,yes,no,
orig_003241,original_phash,,,,nframe_00997,nframe_01037,TRAIN,TRAIN,no,v40c_02468,no,yes,no,
orig_003242,original_phash,,,,nframe_00997,nframe_01038,TRAIN,TRAIN,no,v40c_02468,no,yes,no,
orig_003243,original_phash,,,,nframe_00997,nframe_01040,TRAIN,TRAIN,no,v40c_02468,no,yes,no,
orig_003244,original_phash,,,,nframe_00997,nframe_01041,TRAIN,TRAIN,no,v40c_02468,no,yes,no,
orig_003245,original_phash,,,,nframe_00997,nframe_01043,TRAIN,TRAIN,no,v40c_02468,no,yes,no,
orig_003246,original_phash,,,,nframe_00997,nframe_01044,TRAIN,TRAIN,no,v40c_02468,no,yes,no,
orig_003247,original_phash,,,,nframe_00997,nframe_01054,TRAIN,TRAIN,no,v40c_02468,no,yes,no,
orig_003248,original_phash,,,,nframe_00997,nframe_01055,TRAIN,TRAIN,no,v40c_02468,no,yes,no,
orig_003249,original_phash,,,,nframe_00997,nframe_01058,TRAIN,TRAIN,no,v40c_02468,no,yes,no,
orig_003250,original_phash,,,,nframe_00997,nframe_01067,TRAIN,TRAIN,no,v40c_02468,no,yes,no,
orig_003251,original_phash,,,,nframe_00997,nframe_01071,TRAIN,TRAIN,no,v40c_02468,no,yes,no,
orig_003252,original_phash,,,,nframe_00997,nframe_01075,TRAIN,TRAIN,no,v40c_02468,no,yes,no,
orig_003253,original_phash,,,,nframe_00997,nframe_01076,TRAIN,TRAIN,no,v40c_02468,no,yes,no,
orig_003254,original_phash,,,,nframe_00998,nframe_00999,TRAIN,TRAIN,no,v40c_02468,no,yes,no,
orig_003255,original_phash,,,,nframe_00998,nframe_01000,TRAIN,TRAIN,no,v40c_02468,no,yes,no,
orig_003256,original_phash,,,,nframe_00998,nframe_01007,TRAIN,TRAIN,no,v40c_02468,no,yes,yes,
orig_003257,original_phash,,,,nframe_00998,nframe_01043,TRAIN,TRAIN,no,v40c_02468,no,yes,no,
orig_003258,original_phash,,,,nframe_00998,nframe_01044,TRAIN,TRAIN,no,v40c_02468,no,yes,no,
orig_003259,original_phash,,,,nframe_00998,nframe_01045,TRAIN,TRAIN,no,v40c_02468,no,yes,no,
orig_003260,original_phash,,,,nframe_00998,nframe_01056,TRAIN,TRAIN,no,v40c_02468,no,yes,yes,
orig_003261,original_phash,,,,nframe_00998,nframe_01067,TRAIN,TRAIN,no,v40c_02468,no,yes,no,
orig_003262,original_phash,,,,nframe_00999,nframe_01000,TRAIN,TRAIN,no,v40c_02468,no,yes,no,
orig_003263,original_phash,,,,nframe_00999,nframe_01043,TRAIN,TRAIN,no,v40c_02468,no,yes,no,
orig_003264,original_phash,,,,nframe_00999,nframe_01044,TRAIN,TRAIN,no,v40c_02468,no,yes,no,
orig_003265,original_phash,,,,nframe_00999,nframe_01045,TRAIN,TRAIN,no,v40c_02468,no,yes,no,
orig_003266,original_phash,,,,nframe_00999,nframe_01066,TRAIN,TRAIN,no,v40c_02468,no,yes,no,
orig_003267,original_phash,,,,nframe_00999,nframe_01067,TRAIN,TRAIN,no,v40c_02468,no,yes,no,
orig_003268,original_phash,,,,nframe_00999,nframe_01087,TRAIN,TRAIN,no,v40c_02468,no,yes,no,
orig_003269,original_phash,,,,nframe_01000,nframe_01001,TRAIN,TRAIN,no,v40c_02468,no,yes,no,
orig_003270,original_phash,,,,nframe_01000,nframe_01005,TRAIN,TRAIN,no,v40c_02468,no,yes,no,
orig_003271,original_phash,,,,nframe_01000,nframe_01006,TRAIN,TRAIN,no,v40c_02468,no,yes,no,
orig_003272,original_phash,,,,nframe_01000,nframe_01007,TRAIN,TRAIN,no,v40c_02468,no,yes,no,
orig_003273,original_phash,,,,nframe_01000,nframe_01035,TRAIN,TRAIN,no,v40c_02468,no,yes,no,
orig_003274,original_phash,,,,nframe_01000,nframe_01036,TRAIN,TRAIN,no,v40c_02468,no,yes,no,
orig_003275,original_phash,,,,nframe_01000,nframe_01037,TRAIN,TRAIN,no,v40c_02468,no,yes,no,
orig_003276,original_phash,,,,nframe_01000,nframe_01038,TRAIN,TRAIN,no,v40c_02468,no,yes,no,
orig_003277,original_phash,,,,nframe_01000,nframe_01040,TRAIN,TRAIN,no,v40c_02468,no,yes,no,
orig_003278,original_phash,,,,nframe_01000,nframe_01043,TRAIN,TRAIN,no,v40c_02468,no,yes,no,
orig_003279,original_phash,,,,nframe_01000,nframe_01044,TRAIN,TRAIN,no,v40c_02468,no,yes,no,
orig_003280,original_phash,,,,nframe_01000,nframe_01045,TRAIN,TRAIN,no,v40c_02468,no,yes,no,
orig_003281,original_phash,,,,nframe_01000,nframe_01046,TRAIN,TRAIN,no,v40c_02468,no,yes,no,
orig_003282,original_phash,,,,nframe_01000,nframe_01054,TRAIN,TRAIN,no,v40c_02468,no,yes,no,
orig_003283,original_phash,,,,nframe_01000,nframe_01055,TRAIN,TRAIN,no,v40c_02468,no,yes,no,
orig_003284,original_phash,,,,nframe_01000,nframe_01058,TRAIN,TRAIN,no,v40c_02468,no,yes,no,
orig_003285,original_phash,,,,nframe_01000,nframe_01067,TRAIN,TRAIN,no,v40c_02468,no,yes,no,
orig_003286,original_phash,,,,nframe_01000,nframe_01071,TRAIN,TRAIN,no,v40c_02468,no,yes,no,
orig_003287,original_phash,,,,nframe_01000,nframe_01075,TRAIN,TRAIN,no,v40c_02468,no,yes,no,
orig_003288,original_phash,,,,nframe_01000,nframe_01076,TRAIN,TRAIN,no,v40c_02468,no,yes,no,
orig_003289,original_dhash,,,,nframe_01001,nframe_01002,TRAIN,TRAIN,no,v40c_02468,no,no,yes,
orig_003290,original_phash,,,,nframe_01001,nframe_01005,TRAIN,TRAIN,no,v40c_02468,no,yes,no,
orig_003291,original_phash,,,,nframe_01001,nframe_01006,TRAIN,TRAIN,no,v40c_02468,no,yes,no,
orig_003292,original_phash,,,,nframe_01001,nframe_01036,TRAIN,TRAIN,no,v40c_02468,no,yes,no,
orig_003293,original_phash,,,,nframe_01001,nframe_01037,TRAIN,TRAIN,no,v40c_02468,no,yes,yes,
orig_003294,original_phash,,,,nframe_01001,nframe_01040,TRAIN,TRAIN,no,v40c_02468,no,yes,no,
orig_003295,original_dhash,,,,nframe_01001,nframe_01043,TRAIN,TRAIN,no,v40c_02468,no,no,yes,
orig_003296,original_dhash,,,,nframe_01001,nframe_01044,TRAIN,TRAIN,no,v40c_02468,no,no,yes,
orig_003297,original_phash,,,,nframe_01001,nframe_01054,TRAIN,TRAIN,no,v40c_02468,no,yes,no,
orig_003298,original_phash,,,,nframe_01001,nframe_01055,TRAIN,TRAIN,no,v40c_02468,no,yes,no,
orig_003299,original_phash,,,,nframe_01001,nframe_01058,TRAIN,TRAIN,no,v40c_02468,no,yes,no,
orig_003300,original_phash,,,,nframe_01001,nframe_01067,TRAIN,TRAIN,no,v40c_02468,no,yes,no,
orig_003301,original_dhash,,,,nframe_01001,nframe_01068,TRAIN,TRAIN,no,v40c_02468,no,no,yes,
orig_003302,original_dhash,,,,nframe_01001,nframe_01070,TRAIN,TRAIN,no,v40c_02468,no,no,yes,
orig_003303,original_phash,,,,nframe_01001,nframe_01071,TRAIN,TRAIN,no,v40c_02468,no,yes,no,
orig_003304,original_phash,,,,nframe_01001,nframe_01075,TRAIN,TRAIN,no,v40c_02468,no,yes,no,
orig_003305,original_phash,,,,nframe_01001,nframe_01076,TRAIN,TRAIN,no,v40c_02468,no,yes,no,
orig_003306,original_phash,,,,nframe_01002,nframe_01003,TRAIN,TRAIN,no,v40c_02468,no,yes,no,
orig_003307,original_phash,,,,nframe_01002,nframe_01004,TRAIN,TRAIN,no,v40c_02468,no,yes,no,
orig_003308,original_phash,,,,nframe_01002,nframe_01025,TRAIN,TRAIN,no,v40c_02468,no,yes,no,
orig_003309,original_phash,,,,nframe_01002,nframe_01030,TRAIN,TRAIN,no,v40c_02468,no,yes,no,
orig_003310,original_phash,,,,nframe_01002,nframe_01031,TRAIN,TRAIN,no,v40c_02468,no,yes,no,
orig_003311,original_phash,,,,nframe_01002,nframe_01032,TRAIN,TRAIN,no,v40c_02468,no,yes,no,
orig_003312,original_phash,,,,nframe_01002,nframe_01039,TRAIN,TRAIN,no,v40c_02468,no,yes,no,
orig_003313,original_phash,,,,nframe_01002,nframe_01052,TRAIN,TRAIN,no,v40c_02468,no,yes,no,
orig_003314,original_dhash,,,,nframe_01002,nframe_01054,TRAIN,TRAIN,no,v40c_02468,no,no,yes,
orig_003315,original_dhash,,,,nframe_01002,nframe_01055,TRAIN,TRAIN,no,v40c_02468,no,no,yes,
orig_003316,original_phash,,,,nframe_01002,nframe_01059,TRAIN,TRAIN,no,v40c_02468,no,yes,no,
orig_003317,original_phash,,,,nframe_01002,nframe_01068,TRAIN,TRAIN,no,v40c_02468,no,yes,yes,
orig_003318,original_phash,,,,nframe_01002,nframe_01069,TRAIN,TRAIN,no,v40c_02468,no,yes,no,
orig_003319,original_phash,,,,nframe_01002,nframe_01072,TRAIN,TRAIN,no,v40c_02468,no,yes,no,
orig_003320,original_phash,,,,nframe_01002,nframe_01073,TRAIN,TRAIN,no,v40c_02468,no,yes,no,
orig_003321,original_phash,,,,nframe_01002,nframe_01074,TRAIN,TRAIN,no,v40c_02468,no,yes,no,
orig_003322,original_phash,,,,nframe_01002,nframe_01077,TRAIN,TRAIN,no,v40c_02468,no,yes,no,
orig_003323,original_phash,,,,nframe_01002,nframe_01078,TRAIN,TRAIN,no,v40c_02468,no,yes,no,
orig_003324,original_phash,,,,nframe_01002,nframe_01079,TRAIN,TRAIN,no,v40c_02468,no,yes,no,
orig_003325,original_phash,,,,nframe_01003,nframe_01004,TRAIN,TRAIN,no,v40c_02468,no,yes,no,
orig_003326,original_phash,,,,nframe_01003,nframe_01025,TRAIN,TRAIN,no,v40c_02468,no,yes,no,
orig_003327,original_phash,,,,nframe_01003,nframe_01030,TRAIN,TRAIN,no,v40c_02468,no,yes,no,
orig_003328,original_phash,,,,nframe_01003,nframe_01031,TRAIN,TRAIN,no,v40c_02468,no,yes,no,
orig_003329,original_phash,,,,nframe_01003,nframe_01032,TRAIN,TRAIN,no,v40c_02468,no,yes,no,
orig_003330,original_phash,,,,nframe_01003,nframe_01039,TRAIN,TRAIN,no,v40c_02468,no,yes,no,
orig_003331,original_phash,,,,nframe_01003,nframe_01052,TRAIN,TRAIN,no,v40c_02468,no,yes,no,
orig_003332,original_phash,,,,nframe_01003,nframe_01059,TRAIN,TRAIN,no,v40c_02468,no,yes,no,
orig_003333,original_phash,,,,nframe_01003,nframe_01068,TRAIN,TRAIN,no,v40c_02468,no,yes,no,
orig_003334,original_phash,,,,nframe_01003,nframe_01069,TRAIN,TRAIN,no,v40c_02468,no,yes,no,
orig_003335,original_phash,,,,nframe_01003,nframe_01072,TRAIN,TRAIN,no,v40c_02468,no,yes,no,
orig_003336,original_phash,,,,nframe_01003,nframe_01073,TRAIN,TRAIN,no,v40c_02468,no,yes,no,
orig_003337,original_phash,,,,nframe_01003,nframe_01074,TRAIN,TRAIN,no,v40c_02468,no,yes,no,
orig_003338,original_phash,,,,nframe_01003,nframe_01077,TRAIN,TRAIN,no,v40c_02468,no,yes,no,
orig_003339,original_phash,,,,nframe_01003,nframe_01078,TRAIN,TRAIN,no,v40c_02468,no,yes,no,
orig_003340,original_phash,,,,nframe_01003,nframe_01079,TRAIN,TRAIN,no,v40c_02468,no,yes,no,
orig_003341,original_phash,,,,nframe_01004,nframe_01025,TRAIN,TRAIN,no,v40c_02468,no,yes,no,
orig_003342,original_phash,,,,nframe_01004,nframe_01030,TRAIN,TRAIN,no,v40c_02468,no,yes,no,
orig_003343,original_phash,,,,nframe_01004,nframe_01031,TRAIN,TRAIN,no,v40c_02468,no,yes,no,
orig_003344,original_phash,,,,nframe_01004,nframe_01032,TRAIN,TRAIN,no,v40c_02468,no,yes,no,
orig_003345,original_phash,,,,nframe_01004,nframe_01039,TRAIN,TRAIN,no,v40c_02468,no,yes,no,
orig_003346,original_phash,,,,nframe_01004,nframe_01052,TRAIN,TRAIN,no,v40c_02468,no,yes,no,
orig_003347,original_phash,,,,nframe_01004,nframe_01059,TRAIN,TRAIN,no,v40c_02468,no,yes,no,
orig_003348,original_phash,,,,nframe_01004,nframe_01068,TRAIN,TRAIN,no,v40c_02468,no,yes,no,
orig_003349,original_phash,,,,nframe_01004,nframe_01069,TRAIN,TRAIN,no,v40c_02468,no,yes,no,
orig_003350,original_phash,,,,nframe_01004,nframe_01072,TRAIN,TRAIN,no,v40c_02468,no,yes,no,
orig_003351,original_phash,,,,nframe_01004,nframe_01073,TRAIN,TRAIN,no,v40c_02468,no,yes,no,
orig_003352,original_phash,,,,nframe_01004,nframe_01074,TRAIN,TRAIN,no,v40c_02468,no,yes,no,
orig_003353,original_phash,,,,nframe_01004,nframe_01077,TRAIN,TRAIN,no,v40c_02468,no,yes,no,
orig_003354,original_phash,,,,nframe_01004,nframe_01078,TRAIN,TRAIN,no,v40c_02468,no,yes,no,
orig_003355,original_phash,,,,nframe_01004,nframe_01079,TRAIN,TRAIN,no,v40c_02468,no,yes,no,
orig_003356,original_phash,,,,nframe_01005,nframe_01006,TRAIN,TRAIN,no,v40c_02468,no,yes,no,
orig_003357,original_phash,,,,nframe_01005,nframe_01007,TRAIN,TRAIN,no,v40c_02468,no,yes,no,
orig_003358,original_phash,,,,nframe_01005,nframe_01035,TRAIN,TRAIN,no,v40c_02468,no,yes,no,
orig_003359,original_phash,,,,nframe_01005,nframe_01036,TRAIN,TRAIN,no,v40c_02468,no,yes,no,
orig_003360,original_phash,,,,nframe_01005,nframe_01037,TRAIN,TRAIN,no,v40c_02468,no,yes,no,
orig_003361,original_phash,,,,nframe_01005,nframe_01038,TRAIN,TRAIN,no,v40c_02468,no,yes,no,
orig_003362,original_phash,,,,nframe_01005,nframe_01040,TRAIN,TRAIN,no,v40c_02468,no,yes,no,
orig_003363,original_phash,,,,nframe_01005,nframe_01041,TRAIN,TRAIN,no,v40c_02468,no,yes,no,
orig_003364,original_phash,,,,nframe_01005,nframe_01043,TRAIN,TRAIN,no,v40c_02468,no,yes,no,
orig_003365,original_phash,,,,nframe_01005,nframe_01044,TRAIN,TRAIN,no,v40c_02468,no,yes,no,
orig_003366,original_phash,,,,nframe_01005,nframe_01054,TRAIN,TRAIN,no,v40c_02468,no,yes,no,
orig_003367,original_phash,,,,nframe_01005,nframe_01055,TRAIN,TRAIN,no,v40c_02468,no,yes,no,
orig_003368,original_phash,,,,nframe_01005,nframe_01058,TRAIN,TRAIN,no,v40c_02468,no,yes,no,
orig_003369,original_phash,,,,nframe_01005,nframe_01067,TRAIN,TRAIN,no,v40c_02468,no,yes,no,
orig_003370,original_phash,,,,nframe_01005,nframe_01071,TRAIN,TRAIN,no,v40c_02468,no,yes,no,
orig_003371,original_phash,,,,nframe_01005,nframe_01075,TRAIN,TRAIN,no,v40c_02468,no,yes,no,
orig_003372,original_phash,,,,nframe_01005,nframe_01076,TRAIN,TRAIN,no,v40c_02468,no,yes,no,
orig_003373,original_phash,,,,nframe_01006,nframe_01007,TRAIN,TRAIN,no,v40c_02468,no,yes,no,
orig_003374,original_phash,,,,nframe_01006,nframe_01035,TRAIN,TRAIN,no,v40c_02468,no,yes,no,
orig_003375,original_phash,,,,nframe_01006,nframe_01036,TRAIN,TRAIN,no,v40c_02468,no,yes,no,
orig_003376,original_phash,,,,nframe_01006,nframe_01037,TRAIN,TRAIN,no,v40c_02468,no,yes,no,
orig_003377,original_phash,,,,nframe_01006,nframe_01038,TRAIN,TRAIN,no,v40c_02468,no,yes,no,
orig_003378,original_phash,,,,nframe_01006,nframe_01040,TRAIN,TRAIN,no,v40c_02468,no,yes,no,
orig_003379,original_phash,,,,nframe_01006,nframe_01041,TRAIN,TRAIN,no,v40c_02468,no,yes,no,
orig_003380,original_phash,,,,nframe_01006,nframe_01043,TRAIN,TRAIN,no,v40c_02468,no,yes,no,
orig_003381,original_phash,,,,nframe_01006,nframe_01044,TRAIN,TRAIN,no,v40c_02468,no,yes,no,
orig_003382,original_phash,,,,nframe_01006,nframe_01054,TRAIN,TRAIN,no,v40c_02468,no,yes,no,
orig_003383,original_phash,,,,nframe_01006,nframe_01055,TRAIN,TRAIN,no,v40c_02468,no,yes,no,
orig_003384,original_phash,,,,nframe_01006,nframe_01058,TRAIN,TRAIN,no,v40c_02468,no,yes,no,
orig_003385,original_phash,,,,nframe_01006,nframe_01067,TRAIN,TRAIN,no,v40c_02468,no,yes,no,
orig_003386,original_phash,,,,nframe_01006,nframe_01071,TRAIN,TRAIN,no,v40c_02468,no,yes,no,
orig_003387,original_phash,,,,nframe_01006,nframe_01075,TRAIN,TRAIN,no,v40c_02468,no,yes,no,
orig_003388,original_phash,,,,nframe_01006,nframe_01076,TRAIN,TRAIN,no,v40c_02468,no,yes,no,
orig_003389,original_phash,,,,nframe_01007,nframe_01035,TRAIN,TRAIN,no,v40c_02468,no,yes,no,
orig_003390,original_phash,,,,nframe_01007,nframe_01036,TRAIN,TRAIN,no,v40c_02468,no,yes,no,
orig_003391,original_phash,,,,nframe_01007,nframe_01037,TRAIN,TRAIN,no,v40c_02468,no,yes,no,
orig_003392,original_phash,,,,nframe_01007,nframe_01038,TRAIN,TRAIN,no,v40c_02468,no,yes,no,
orig_003393,original_phash,,,,nframe_01007,nframe_01040,TRAIN,TRAIN,no,v40c_02468,no,yes,no,
orig_003394,original_phash,,,,nframe_01007,nframe_01041,TRAIN,TRAIN,no,v40c_02468,no,yes,no,
orig_003395,original_phash,,,,nframe_01007,nframe_01043,TRAIN,TRAIN,no,v40c_02468,no,yes,no,
orig_003396,original_phash,,,,nframe_01007,nframe_01044,TRAIN,TRAIN,no,v40c_02468,no,yes,no,
orig_003397,original_phash,,,,nframe_01007,nframe_01045,TRAIN,TRAIN,no,v40c_02468,no,yes,no,
orig_003398,original_phash,,,,nframe_01007,nframe_01046,TRAIN,TRAIN,no,v40c_02468,no,yes,no,
orig_003399,original_phash,,,,nframe_01007,nframe_01047,TRAIN,TRAIN,no,v40c_02468,no,yes,no,
orig_003400,original_phash,,,,nframe_01007,nframe_01049,TRAIN,TRAIN,no,v40c_02468,no,yes,no,
orig_003401,original_phash,,,,nframe_01007,nframe_01054,TRAIN,TRAIN,no,v40c_02468,no,yes,no,
orig_003402,original_phash,,,,nframe_01007,nframe_01055,TRAIN,TRAIN,no,v40c_02468,no,yes,no,
orig_003403,original_phash,,,,nframe_01007,nframe_01056,TRAIN,TRAIN,no,v40c_02468,no,yes,no,
orig_003404,original_phash,,,,nframe_01007,nframe_01058,TRAIN,TRAIN,no,v40c_02468,no,yes,no,
orig_003405,original_phash,,,,nframe_01007,nframe_01067,TRAIN,TRAIN,no,v40c_02468,no,yes,no,
orig_003406,original_phash,,,,nframe_01007,nframe_01075,TRAIN,TRAIN,no,v40c_02468,no,yes,no,
orig_003407,original_phash,,,,nframe_01007,nframe_01076,TRAIN,TRAIN,no,v40c_02468,no,yes,no,
orig_003408,original_phash,,,,nframe_01024,nframe_01025,TRAIN,TRAIN,no,v40c_02468,no,yes,no,
orig_003409,original_phash,,,,nframe_01024,nframe_01026,TRAIN,TRAIN,no,v40c_02468,no,yes,no,
orig_003410,original_dhash,,,,nframe_01024,nframe_01029,TRAIN,TRAIN,no,v40c_02468,no,no,yes,
orig_003411,original_phash,,,,nframe_01024,nframe_01030,TRAIN,TRAIN,no,v40c_02468,no,yes,no,
orig_003412,original_phash,,,,nframe_01024,nframe_01031,TRAIN,TRAIN,no,v40c_02468,no,yes,no,
orig_003413,original_phash,,,,nframe_01024,nframe_01032,TRAIN,TRAIN,no,v40c_02468,no,yes,no,
orig_003414,original_phash,,,,nframe_01024,nframe_01033,TRAIN,TRAIN,no,v40c_02468,no,yes,no,
orig_003415,original_phash,,,,nframe_01024,nframe_01034,TRAIN,TRAIN,no,v40c_02468,no,yes,no,
orig_003416,original_phash,,,,nframe_01024,nframe_01070,TRAIN,TRAIN,no,v40c_02468,no,yes,no,
orig_003417,original_phash,,,,nframe_01024,nframe_01074,TRAIN,TRAIN,no,v40c_02468,no,yes,no,
orig_003418,original_dhash,,,,nframe_01025,nframe_01026,TRAIN,TRAIN,no,v40c_02468,no,no,yes,
orig_003419,original_phash,,,,nframe_01025,nframe_01030,TRAIN,TRAIN,no,v40c_02468,no,yes,no,
orig_003420,original_phash,,,,nframe_01025,nframe_01031,TRAIN,TRAIN,no,v40c_02468,no,yes,no,
orig_003421,original_phash,,,,nframe_01025,nframe_01032,TRAIN,TRAIN,no,v40c_02468,no,yes,no,
orig_003422,original_phash,,,,nframe_01025,nframe_01039,TRAIN,TRAIN,no,v40c_02468,no,yes,no,
orig_003423,original_phash,,,,nframe_01025,nframe_01048,TRAIN,TRAIN,no,v40c_02468,no,yes,no,
orig_003424,original_phash,,,,nframe_01025,nframe_01052,TRAIN,TRAIN,no,v40c_02468,no,yes,no,
orig_003425,original_phash,,,,nframe_01025,nframe_01068,TRAIN,TRAIN,no,v40c_02468,no,yes,no,
orig_003426,original_phash,,,,nframe_01025,nframe_01069,TRAIN,TRAIN,no,v40c_02468,no,yes,no,
orig_003427,original_phash,,,,nframe_01025,nframe_01072,TRAIN,TRAIN,no,v40c_02468,no,yes,no,
orig_003428,original_phash,,,,nframe_01025,nframe_01073,TRAIN,TRAIN,no,v40c_02468,no,yes,no,
orig_003429,original_phash,,,,nframe_01025,nframe_01074,TRAIN,TRAIN,no,v40c_02468,no,yes,no,
orig_003430,original_phash,,,,nframe_01026,nframe_01029,TRAIN,TRAIN,no,v40c_02468,no,yes,no,
orig_003431,original_phash,,,,nframe_01026,nframe_01033,TRAIN,TRAIN,no,v40c_02468,no,yes,no,
orig_003432,original_phash,,,,nframe_01026,nframe_01034,TRAIN,TRAIN,no,v40c_02468,no,yes,no,
orig_003433,original_phash,,,,nframe_01026,nframe_01035,TRAIN,TRAIN,no,v40c_02468,no,yes,no,
orig_003434,original_phash,,,,nframe_01026,nframe_01038,TRAIN,TRAIN,no,v40c_02468,no,yes,no,
orig_003435,original_phash,,,,nframe_01026,nframe_01040,TRAIN,TRAIN,no,v40c_02468,no,yes,no,
orig_003436,original_phash,,,,nframe_01026,nframe_01041,TRAIN,TRAIN,no,v40c_02468,no,yes,no,
orig_003437,original_phash,,,,nframe_01026,nframe_01054,TRAIN,TRAIN,no,v40c_02468,no,yes,no,
orig_003438,original_phash,,,,nframe_01026,nframe_01055,TRAIN,TRAIN,no,v40c_02468,no,yes,no,
orig_003439,original_phash,,,,nframe_01026,nframe_01070,TRAIN,TRAIN,no,v40c_02468,no,yes,no,
orig_003440,original_phash,,,,nframe_01027,nframe_01028,TRAIN,TRAIN,no,v40c_02468,no,yes,no,
orig_003441,original_phash,,,,nframe_01027,nframe_01029,TRAIN,TRAIN,no,v40c_02468,no,yes,no,
orig_003442,original_phash,,,,nframe_01027,nframe_01058,TRAIN,TRAIN,no,v40c_02468,no,yes,no,
orig_003443,original_phash,,,,nframe_01027,nframe_01071,TRAIN,TRAIN,no,v40c_02468,no,yes,no,
orig_003444,original_phash,,,,nframe_01027,nframe_01075,TRAIN,TRAIN,no,v40c_02468,no,yes,no,
orig_003445,original_phash,,,,nframe_01027,nframe_01076,TRAIN,TRAIN,no,v40c_02468,no,yes,no,
orig_003446,original_phash,,,,nframe_01028,nframe_01029,TRAIN,TRAIN,no,v40c_02468,no,yes,no,
orig_003447,original_dhash,,,,nframe_01028,nframe_01068,TRAIN,TRAIN,no,v40c_02468,no,no,yes,
orig_003448,original_phash,,,,nframe_01029,nframe_01033,TRAIN,TRAIN,no,v40c_02468,no,yes,yes,
orig_003449,original_dhash,,,,nframe_01029,nframe_01043,TRAIN,TRAIN,no,v40c_02468,no,no,yes,
orig_003450,original_dhash,,,,nframe_01029,nframe_01044,TRAIN,TRAIN,no,v40c_02468,no,no,yes,
orig_003451,original_dhash,,,,nframe_01029,nframe_01068,TRAIN,TRAIN,no,v40c_02468,no,no,yes,
orig_003452,original_dhash,,,,nframe_01029,nframe_01070,TRAIN,TRAIN,no,v40c_02468,no,no,yes,
orig_003453,original_phash,,,,nframe_01030,nframe_01031,TRAIN,TRAIN,no,v40c_02468,no,yes,no,
orig_003454,original_phash,,,,nframe_01030,nframe_01032,TRAIN,TRAIN,no,v40c_02468,no,yes,no,
orig_003455,original_phash,,,,nframe_01030,nframe_01033,TRAIN,TRAIN,no,v40c_02468,no,yes,no,
orig_003456,original_phash,,,,nframe_01030,nframe_01034,TRAIN,TRAIN,no,v40c_02468,no,yes,no,
orig_003457,original_phash,,,,nframe_01030,nframe_01039,TRAIN,TRAIN,no,v40c_02468,no,yes,no,
orig_003458,original_phash,,,,nframe_01030,nframe_01052,TRAIN,TRAIN,no,v40c_02468,no,yes,no,
orig_003459,original_phash,,,,nframe_01030,nframe_01053,TRAIN,TRAIN,no,v40c_02468,no,yes,no,
orig_003460,original_phash,,,,nframe_01030,nframe_01068,TRAIN,TRAIN,no,v40c_02468,no,yes,no,
orig_003461,original_phash,,,,nframe_01030,nframe_01070,TRAIN,TRAIN,no,v40c_02468,no,yes,no,
orig_003462,original_phash,,,,nframe_01030,nframe_01072,TRAIN,TRAIN,no,v40c_02468,no,yes,no,
orig_003463,original_phash,,,,nframe_01030,nframe_01073,TRAIN,TRAIN,no,v40c_02468,no,yes,no,
orig_003464,original_phash,,,,nframe_01030,nframe_01074,TRAIN,TRAIN,no,v40c_02468,no,yes,no,
orig_003465,original_phash,,,,nframe_01031,nframe_01032,TRAIN,TRAIN,no,v40c_02468,no,yes,no,
orig_003466,original_phash,,,,nframe_01031,nframe_01039,TRAIN,TRAIN,no,v40c_02468,no,yes,no,
orig_003467,original_phash,,,,nframe_01031,nframe_01048,TRAIN,TRAIN,no,v40c_02468,no,yes,no,
orig_003468,original_phash,,,,nframe_01031,nframe_01052,TRAIN,TRAIN,no,v40c_02468,no,yes,no,
orig_003469,original_phash,,,,nframe_01031,nframe_01068,TRAIN,TRAIN,no,v40c_02468,no,yes,no,
orig_003470,original_phash,,,,nframe_01031,nframe_01069,TRAIN,TRAIN,no,v40c_02468,no,yes,no,
orig_003471,original_phash,,,,nframe_01031,nframe_01072,TRAIN,TRAIN,no,v40c_02468,no,yes,no,
orig_003472,original_phash,,,,nframe_01031,nframe_01073,TRAIN,TRAIN,no,v40c_02468,no,yes,no,
orig_003473,original_phash,,,,nframe_01031,nframe_01074,TRAIN,TRAIN,no,v40c_02468,no,yes,no,
orig_003474,original_phash,,,,nframe_01032,nframe_01033,TRAIN,TRAIN,no,v40c_02468,no,yes,no,
orig_003475,original_phash,,,,nframe_01032,nframe_01034,TRAIN,TRAIN,no,v40c_02468,no,yes,no,
orig_003476,original_phash,,,,nframe_01032,nframe_01039,TRAIN,TRAIN,no,v40c_02468,no,yes,no,
orig_003477,original_phash,,,,nframe_01032,nframe_01052,TRAIN,TRAIN,no,v40c_02468,no,yes,no,
orig_003478,original_phash,,,,nframe_01032,nframe_01053,TRAIN,TRAIN,no,v40c_02468,no,yes,no,
orig_003479,original_phash,,,,nframe_01032,nframe_01068,TRAIN,TRAIN,no,v40c_02468,no,yes,no,
orig_003480,original_phash,,,,nframe_01032,nframe_01069,TRAIN,TRAIN,no,v40c_02468,no,yes,no,
orig_003481,original_phash,,,,nframe_01032,nframe_01070,TRAIN,TRAIN,no,v40c_02468,no,yes,no,
orig_003482,original_phash,,,,nframe_01032,nframe_01072,TRAIN,TRAIN,no,v40c_02468,no,yes,no,
orig_003483,original_phash,,,,nframe_01032,nframe_01073,TRAIN,TRAIN,no,v40c_02468,no,yes,no,
orig_003484,original_phash,,,,nframe_01032,nframe_01074,TRAIN,TRAIN,no,v40c_02468,no,yes,no,
orig_003485,original_phash,,,,nframe_01033,nframe_01034,TRAIN,TRAIN,no,v40c_02468,no,yes,no,
orig_003486,original_dhash,,,,nframe_01033,nframe_01043,TRAIN,TRAIN,no,v40c_02468,no,no,yes,
orig_003487,original_dhash,,,,nframe_01033,nframe_01044,TRAIN,TRAIN,no,v40c_02468,no,no,yes,
orig_003488,original_phash,,,,nframe_01033,nframe_01070,TRAIN,TRAIN,no,v40c_02468,no,yes,no,
orig_003489,original_phash,,,,nframe_01033,nframe_01074,TRAIN,TRAIN,no,v40c_02468,no,yes,no,
orig_003490,original_phash,,,,nframe_01034,nframe_01035,TRAIN,TRAIN,no,v40c_02468,no,yes,no,
orig_003491,original_phash,,,,nframe_01034,nframe_01038,TRAIN,TRAIN,no,v40c_02468,no,yes,no,
orig_003492,original_phash,,,,nframe_01034,nframe_01040,TRAIN,TRAIN,no,v40c_02468,no,yes,no,
orig_003493,original_phash,,,,nframe_01034,nframe_01041,TRAIN,TRAIN,no,v40c_02468,no,yes,no,
orig_003494,original_phash,,,,nframe_01034,nframe_01052,TRAIN,TRAIN,no,v40c_02468,no,yes,no,
orig_003495,original_phash,,,,nframe_01034,nframe_01053,TRAIN,TRAIN,no,v40c_02468,no,yes,no,
orig_003496,original_phash,,,,nframe_01034,nframe_01054,TRAIN,TRAIN,no,v40c_02468,no,yes,no,
orig_003497,original_phash,,,,nframe_01034,nframe_01055,TRAIN,TRAIN,no,v40c_02468,no,yes,no,
orig_003498,original_phash,,,,nframe_01034,nframe_01069,TRAIN,TRAIN,no,v40c_02468,no,yes,no,
orig_003499,original_phash,,,,nframe_01034,nframe_01070,TRAIN,TRAIN,no,v40c_02468,no,yes,no,
orig_003500,original_phash,,,,nframe_01034,nframe_01074,TRAIN,TRAIN,no,v40c_02468,no,yes,no,
orig_003501,original_phash,,,,nframe_01034,nframe_01080,TRAIN,TRAIN,no,v40c_02468,no,yes,no,
orig_003502,original_phash,,,,nframe_01035,nframe_01038,TRAIN,TRAIN,no,v40c_02468,no,yes,no,
orig_003503,original_phash,,,,nframe_01035,nframe_01040,TRAIN,TRAIN,no,v40c_02468,no,yes,no,
orig_003504,original_phash,,,,nframe_01035,nframe_01041,TRAIN,TRAIN,no,v40c_02468,no,yes,no,
orig_003505,original_dhash,,,,nframe_01035,nframe_01045,TRAIN,TRAIN,no,v40c_02468,no,no,yes,
orig_003506,original_phash,,,,nframe_01035,nframe_01054,TRAIN,TRAIN,no,v40c_02468,no,yes,no,
orig_003507,original_phash,,,,nframe_01035,nframe_01055,TRAIN,TRAIN,no,v40c_02468,no,yes,no,
orig_003508,original_phash,,,,nframe_01035,nframe_01058,TRAIN,TRAIN,no,v40c_02468,no,yes,no,
orig_003509,original_phash,,,,nframe_01035,nframe_01067,TRAIN,TRAIN,no,v40c_02468,no,yes,no,
orig_003510,original_phash,,,,nframe_01035,nframe_01070,TRAIN,TRAIN,no,v40c_02468,no,yes,no,
orig_003511,original_phash,,,,nframe_01035,nframe_01071,TRAIN,TRAIN,no,v40c_02468,no,yes,no,
orig_003512,original_phash,,,,nframe_01035,nframe_01075,TRAIN,TRAIN,no,v40c_02468,no,yes,no,
orig_003513,original_phash,,,,nframe_01035,nframe_01076,TRAIN,TRAIN,no,v40c_02468,no,yes,no,
orig_003514,original_phash,,,,nframe_01036,nframe_01037,TRAIN,TRAIN,no,v40c_02468,no,yes,no,
orig_003515,original_phash,,,,nframe_01036,nframe_01043,TRAIN,TRAIN,no,v40c_02468,no,yes,no,
orig_003516,original_phash,,,,nframe_01036,nframe_01044,TRAIN,TRAIN,no,v40c_02468,no,yes,no,
orig_003517,original_phash,,,,nframe_01036,nframe_01058,TRAIN,TRAIN,no,v40c_02468,no,yes,no,
orig_003518,original_phash,,,,nframe_01036,nframe_01067,TRAIN,TRAIN,no,v40c_02468,no,yes,no,
orig_003519,original_phash,,,,nframe_01036,nframe_01071,TRAIN,TRAIN,no,v40c_02468,no,yes,no,
orig_003520,original_phash,,,,nframe_01036,nframe_01075,TRAIN,TRAIN,no,v40c_02468,no,yes,no,
orig_003521,original_phash,,,,nframe_01036,nframe_01076,TRAIN,TRAIN,no,v40c_02468,no,yes,no,
orig_003522,original_phash,,,,nframe_01037,nframe_01043,TRAIN,TRAIN,no,v40c_02468,no,yes,no,
orig_003523,original_phash,,,,nframe_01037,nframe_01044,TRAIN,TRAIN,no,v40c_02468,no,yes,no,
orig_003524,original_phash,,,,nframe_01037,nframe_01058,TRAIN,TRAIN,no,v40c_02468,no,yes,no,
orig_003525,original_phash,,,,nframe_01037,nframe_01067,TRAIN,TRAIN,no,v40c_02468,no,yes,no,
orig_003526,original_dhash,,,,nframe_01037,nframe_01070,TRAIN,TRAIN,no,v40c_02468,no,no,yes,
orig_003527,original_phash,,,,nframe_01037,nframe_01071,TRAIN,TRAIN,no,v40c_02468,no,yes,no,
orig_003528,original_phash,,,,nframe_01037,nframe_01075,TRAIN,TRAIN,no,v40c_02468,no,yes,no,
orig_003529,original_phash,,,,nframe_01037,nframe_01076,TRAIN,TRAIN,no,v40c_02468,no,yes,no,
orig_003530,original_phash,,,,nframe_01038,nframe_01040,TRAIN,TRAIN,no,v40c_02468,no,yes,no,
orig_003531,original_phash,,,,nframe_01038,nframe_01041,TRAIN,TRAIN,no,v40c_02468,no,yes,no,
orig_003532,original_phash,,,,nframe_01038,nframe_01043,TRAIN,TRAIN,no,v40c_02468,no,yes,no,
orig_003533,original_phash,,,,nframe_01038,nframe_01044,TRAIN,TRAIN,no,v40c_02468,no,yes,no,
orig_003534,original_phash,,,,nframe_01038,nframe_01046,TRAIN,TRAIN,no,v40c_02468,no,yes,no,
orig_003535,original_phash,,,,nframe_01038,nframe_01047,TRAIN,TRAIN,no,v40c_02468,no,yes,no,
orig_003536,original_phash,,,,nframe_01038,nframe_01049,TRAIN,TRAIN,no,v40c_02468,no,yes,no,
orig_003537,original_phash,,,,nframe_01038,nframe_01054,TRAIN,TRAIN,no,v40c_02468,no,yes,no,
orig_003538,original_phash,,,,nframe_01038,nframe_01055,TRAIN,TRAIN,no,v40c_02468,no,yes,no,
orig_003539,original_phash,,,,nframe_01038,nframe_01056,TRAIN,TRAIN,no,v40c_02468,no,yes,no,
orig_003540,original_phash,,,,nframe_01038,nframe_01067,TRAIN,TRAIN,no,v40c_02468,no,yes,no,
orig_003541,original_phash,,,,nframe_01038,nframe_01070,TRAIN,TRAIN,no,v40c_02468,no,yes,no,
orig_003542,original_phash,,,,nframe_01038,nframe_01080,TRAIN,TRAIN,no,v40c_02468,no,yes,no,
orig_003543,original_phash,,,,nframe_01039,nframe_01047,TRAIN,TRAIN,no,v40c_02468,no,yes,no,
orig_003544,original_phash,,,,nframe_01039,nframe_01048,TRAIN,TRAIN,no,v40c_02468,no,yes,no,
orig_003545,original_phash,,,,nframe_01039,nframe_01052,TRAIN,TRAIN,no,v40c_02468,no,yes,no,
orig_003546,original_phash,,,,nframe_01039,nframe_01059,TRAIN,TRAIN,no,v40c_02468,no,yes,no,
orig_003547,original_phash,,,,nframe_01039,nframe_01068,TRAIN,TRAIN,no,v40c_02468,no,yes,no,
orig_003548,original_phash,,,,nframe_01039,nframe_01069,TRAIN,TRAIN,no,v40c_02468,no,yes,no,
orig_003549,original_phash,,,,nframe_01039,nframe_01072,TRAIN,TRAIN,no,v40c_02468,no,yes,no,
orig_003550,original_phash,,,,nframe_01039,nframe_01073,TRAIN,TRAIN,no,v40c_02468,no,yes,no,
orig_003551,original_phash,,,,nframe_01039,nframe_01074,TRAIN,TRAIN,no,v40c_02468,no,yes,no,
orig_003552,original_phash,,,,nframe_01039,nframe_01077,TRAIN,TRAIN,no,v40c_02468,no,yes,no,
orig_003553,original_phash,,,,nframe_01039,nframe_01078,TRAIN,TRAIN,no,v40c_02468,no,yes,no,
orig_003554,original_phash,,,,nframe_01039,nframe_01079,TRAIN,TRAIN,no,v40c_02468,no,yes,no,
orig_003555,original_phash,,,,nframe_01040,nframe_01041,TRAIN,TRAIN,no,v40c_02468,no,yes,no,
orig_003556,original_phash,,,,nframe_01040,nframe_01043,TRAIN,TRAIN,no,v40c_02468,no,yes,no,
orig_003557,original_phash,,,,nframe_01040,nframe_01044,TRAIN,TRAIN,no,v40c_02468,no,yes,no,
orig_003558,original_dhash,,,,nframe_01040,nframe_01049,TRAIN,TRAIN,no,v40c_02468,no,no,yes,
orig_003559,original_phash,,,,nframe_01040,nframe_01054,TRAIN,TRAIN,no,v40c_02468,no,yes,no,
orig_003560,original_phash,,,,nframe_01040,nframe_01055,TRAIN,TRAIN,no,v40c_02468,no,yes,no,
orig_003561,original_phash,,,,nframe_01040,nframe_01058,TRAIN,TRAIN,no,v40c_02468,no,yes,no,
orig_003562,original_phash,,,,nframe_01040,nframe_01067,TRAIN,TRAIN,no,v40c_02468,no,yes,no,
orig_003563,original_phash,,,,nframe_01040,nframe_01070,TRAIN,TRAIN,no,v40c_02468,no,yes,no,
orig_003564,original_phash,,,,nframe_01040,nframe_01071,TRAIN,TRAIN,no,v40c_02468,no,yes,no,
orig_003565,original_phash,,,,nframe_01040,nframe_01075,TRAIN,TRAIN,no,v40c_02468,no,yes,no,
orig_003566,original_phash,,,,nframe_01040,nframe_01076,TRAIN,TRAIN,no,v40c_02468,no,yes,no,
orig_003567,original_phash,,,,nframe_01041,nframe_01054,TRAIN,TRAIN,no,v40c_02468,no,yes,no,
orig_003568,original_phash,,,,nframe_01041,nframe_01055,TRAIN,TRAIN,no,v40c_02468,no,yes,no,
orig_003569,original_phash,,,,nframe_01041,nframe_01056,TRAIN,TRAIN,no,v40c_02468,no,yes,no,
orig_003570,original_phash,,,,nframe_01041,nframe_01070,TRAIN,TRAIN,no,v40c_02468,no,yes,no,
orig_003571,original_phash,,,,nframe_01042,nframe_01048,TRAIN,TRAIN,no,v40c_02468,no,yes,no,
orig_003572,original_phash,,,,nframe_01042,nframe_01049,TRAIN,TRAIN,no,v40c_02468,no,yes,no,
orig_003573,original_phash,,,,nframe_01042,nframe_01080,TRAIN,TRAIN,no,v40c_02468,no,yes,no,
orig_003574,original_exact,,,,nframe_01043,nframe_01044,TRAIN,TRAIN,no,v40c_02468,yes,yes,yes,
orig_003575,original_phash,,,,nframe_01043,nframe_01045,TRAIN,TRAIN,no,v40c_02468,no,yes,no,
orig_003576,original_phash,,,,nframe_01043,nframe_01046,TRAIN,TRAIN,no,v40c_02468,no,yes,no,
orig_003577,original_phash,,,,nframe_01043,nframe_01054,TRAIN,TRAIN,no,v40c_02468,no,yes,no,
orig_003578,original_phash,,,,nframe_01043,nframe_01055,TRAIN,TRAIN,no,v40c_02468,no,yes,no,
orig_003579,original_phash,,,,nframe_01043,nframe_01058,TRAIN,TRAIN,no,v40c_02468,no,yes,no,
orig_003580,original_phash,,,,nframe_01043,nframe_01060,TRAIN,TRAIN,no,v40c_02468,no,yes,no,
orig_003581,original_phash,,,,nframe_01043,nframe_01061,TRAIN,TRAIN,no,v40c_02468,no,yes,no,
orig_003582,original_phash,,,,nframe_01043,nframe_01067,TRAIN,TRAIN,no,v40c_02468,no,yes,no,
orig_003583,original_phash,,,,nframe_01043,nframe_01075,TRAIN,TRAIN,no,v40c_02468,no,yes,no,
orig_003584,original_phash,,,,nframe_01043,nframe_01076,TRAIN,TRAIN,no,v40c_02468,no,yes,no,
orig_003585,original_phash,,,,nframe_01043,nframe_01081,TRAIN,TRAIN,no,v40c_02468,no,yes,no,
orig_003586,original_phash,,,,nframe_01043,nframe_01082,TRAIN,TRAIN,no,v40c_02468,no,yes,no,
orig_003587,original_phash,,,,nframe_01043,nframe_01083,TRAIN,TRAIN,no,v40c_02468,no,yes,no,
orig_003588,original_phash,,,,nframe_01043,nframe_01084,TRAIN,TRAIN,no,v40c_02468,no,yes,no,
orig_003589,original_phash,,,,nframe_01043,nframe_01086,TRAIN,TRAIN,no,v40c_02468,no,yes,no,
orig_003590,original_phash,,,,nframe_01043,nframe_01087,TRAIN,TRAIN,no,v40c_02468,no,yes,no,
orig_003591,original_phash,,,,nframe_01043,nframe_01088,TRAIN,TRAIN,no,v40c_02468,no,yes,no,
orig_003592,original_phash,,,,nframe_01044,nframe_01045,TRAIN,TRAIN,no,v40c_02468,no,yes,no,
orig_003593,original_phash,,,,nframe_01044,nframe_01046,TRAIN,TRAIN,no,v40c_02468,no,yes,no,
orig_003594,original_phash,,,,nframe_01044,nframe_01054,TRAIN,TRAIN,no,v40c_02468,no,yes,no,
orig_003595,original_phash,,,,nframe_01044,nframe_01055,TRAIN,TRAIN,no,v40c_02468,no,yes,no,
orig_003596,original_phash,,,,nframe_01044,nframe_01058,TRAIN,TRAIN,no,v40c_02468,no,yes,no,
orig_003597,original_phash,,,,nframe_01044,nframe_01060,TRAIN,TRAIN,no,v40c_02468,no,yes,no,
orig_003598,original_phash,,,,nframe_01044,nframe_01061,TRAIN,TRAIN,no,v40c_02468,no,yes,no,
orig_003599,original_phash,,,,nframe_01044,nframe_01067,TRAIN,TRAIN,no,v40c_02468,no,yes,no,
orig_003600,original_phash,,,,nframe_01044,nframe_01075,TRAIN,TRAIN,no,v40c_02468,no,yes,no,
orig_003601,original_phash,,,,nframe_01044,nframe_01076,TRAIN,TRAIN,no,v40c_02468,no,yes,no,
orig_003602,original_phash,,,,nframe_01044,nframe_01081,TRAIN,TRAIN,no,v40c_02468,no,yes,no,
orig_003603,original_phash,,,,nframe_01044,nframe_01082,TRAIN,TRAIN,no,v40c_02468,no,yes,no,
orig_003604,original_phash,,,,nframe_01044,nframe_01083,TRAIN,TRAIN,no,v40c_02468,no,yes,no,
orig_003605,original_phash,,,,nframe_01044,nframe_01084,TRAIN,TRAIN,no,v40c_02468,no,yes,no,
orig_003606,original_phash,,,,nframe_01044,nframe_01086,TRAIN,TRAIN,no,v40c_02468,no,yes,no,
orig_003607,original_phash,,,,nframe_01044,nframe_01087,TRAIN,TRAIN,no,v40c_02468,no,yes,no,
orig_003608,original_phash,,,,nframe_01044,nframe_01088,TRAIN,TRAIN,no,v40c_02468,no,yes,no,
orig_003609,original_phash,,,,nframe_01045,nframe_01046,TRAIN,TRAIN,no,v40c_02468,no,yes,no,
orig_003610,original_phash,,,,nframe_01045,nframe_01056,TRAIN,TRAIN,no,v40c_02468,no,yes,no,
orig_003611,original_phash,,,,nframe_01045,nframe_01060,TRAIN,TRAIN,no,v40c_02468,no,yes,no,
orig_003612,original_phash,,,,nframe_01045,nframe_01061,TRAIN,TRAIN,no,v40c_02468,no,yes,no,
orig_003613,original_phash,,,,nframe_01045,nframe_01067,TRAIN,TRAIN,no,v40c_02468,no,yes,no,
orig_003614,original_phash,,,,nframe_01045,nframe_01081,TRAIN,TRAIN,no,v40c_02468,no,yes,no,
orig_003615,original_phash,,,,nframe_01045,nframe_01082,TRAIN,TRAIN,no,v40c_02468,no,yes,no,
orig_003616,original_phash,,,,nframe_01045,nframe_01083,TRAIN,TRAIN,no,v40c_02468,no,yes,no,
orig_003617,original_phash,,,,nframe_01045,nframe_01084,TRAIN,TRAIN,no,v40c_02468,no,yes,no,
orig_003618,original_phash,,,,nframe_01045,nframe_01086,TRAIN,TRAIN,no,v40c_02468,no,yes,no,
orig_003619,original_phash,,,,nframe_01045,nframe_01087,TRAIN,TRAIN,no,v40c_02468,no,yes,no,
orig_003620,original_phash,,,,nframe_01045,nframe_01088,TRAIN,TRAIN,no,v40c_02468,no,yes,no,
orig_003621,original_phash,,,,nframe_01045,nframe_01091,TRAIN,TRAIN,no,v40c_02468,no,yes,no,
orig_003622,original_phash,,,,nframe_01046,nframe_01049,TRAIN,TRAIN,no,v40c_02468,no,yes,no,
orig_003623,original_phash,,,,nframe_01046,nframe_01060,TRAIN,TRAIN,no,v40c_02468,no,yes,no,
orig_003624,original_phash,,,,nframe_01046,nframe_01061,TRAIN,TRAIN,no,v40c_02468,no,yes,no,
orig_003625,original_phash,,,,nframe_01046,nframe_01067,TRAIN,TRAIN,no,v40c_02468,no,yes,no,
orig_003626,original_phash,,,,nframe_01046,nframe_01081,TRAIN,TRAIN,no,v40c_02468,no,yes,no,
orig_003627,original_phash,,,,nframe_01046,nframe_01082,TRAIN,TRAIN,no,v40c_02468,no,yes,no,
orig_003628,original_phash,,,,nframe_01046,nframe_01083,TRAIN,TRAIN,no,v40c_02468,no,yes,no,
orig_003629,original_phash,,,,nframe_01046,nframe_01084,TRAIN,TRAIN,no,v40c_02468,no,yes,no,
orig_003630,original_phash,,,,nframe_01046,nframe_01086,TRAIN,TRAIN,no,v40c_02468,no,yes,no,
orig_003631,original_phash,,,,nframe_01046,nframe_01087,TRAIN,TRAIN,no,v40c_02468,no,yes,no,
orig_003632,original_phash,,,,nframe_01046,nframe_01088,TRAIN,TRAIN,no,v40c_02468,no,yes,no,
orig_003633,original_phash,,,,nframe_01047,nframe_01048,TRAIN,TRAIN,no,v40c_02468,no,yes,no,
orig_003634,original_phash,,,,nframe_01047,nframe_01049,TRAIN,TRAIN,no,v40c_02468,no,yes,no,
orig_003635,original_phash,,,,nframe_01047,nframe_01059,TRAIN,TRAIN,no,v40c_02468,no,yes,no,
orig_003636,original_dhash,,,,nframe_01048,nframe_01049,TRAIN,TRAIN,no,v40c_02468,no,no,yes,
orig_003637,original_phash,,,,nframe_01048,nframe_01059,TRAIN,TRAIN,no,v40c_02468,no,yes,no,
orig_003638,original_phash,,,,nframe_01048,nframe_01069,TRAIN,TRAIN,no,v40c_02468,no,yes,no,
orig_003639,original_phash,,,,nframe_01048,nframe_01080,TRAIN,TRAIN,no,v40c_02468,no,yes,no,
orig_003640,original_phash,,,,nframe_01049,nframe_01057,TRAIN,TRAIN,no,v40c_02468,no,yes,no,
orig_003641,original_phash,,,,nframe_01049,nframe_01059,TRAIN,TRAIN,no,v40c_02468,no,yes,no,
orig_003642,original_phash,,,,nframe_01049,nframe_01080,TRAIN,TRAIN,no,v40c_02468,no,yes,no,
orig_003643,original_phash,,,,nframe_01052,nframe_01053,TRAIN,TRAIN,no,v40c_02468,no,yes,no,
orig_003644,original_phash,,,,nframe_01052,nframe_01068,TRAIN,TRAIN,no,v40c_02468,no,yes,no,
orig_003645,original_phash,,,,nframe_01052,nframe_01069,TRAIN,TRAIN,no,v40c_02468,no,yes,no,
orig_003646,original_phash,,,,nframe_01052,nframe_01070,TRAIN,TRAIN,no,v40c_02468,no,yes,no,
orig_003647,original_phash,,,,nframe_01052,nframe_01072,TRAIN,TRAIN,no,v40c_02468,no,yes,no,
orig_003648,original_phash,,,,nframe_01052,nframe_01073,TRAIN,TRAIN,no,v40c_02468,no,yes,no,
orig_003649,original_phash,,,,nframe_01052,nframe_01074,TRAIN,TRAIN,no,v40c_02468,no,yes,no,
orig_003650,original_phash,,,,nframe_01053,nframe_01070,TRAIN,TRAIN,no,v40c_02468,no,yes,no,
orig_003651,original_phash,,,,nframe_01053,nframe_01074,TRAIN,TRAIN,no,v40c_02468,no,yes,no,
orig_003652,original_exact,,,,nframe_01054,nframe_01055,TRAIN,TRAIN,no,v40c_02468,yes,yes,yes,
orig_003653,original_phash,,,,nframe_01054,nframe_01058,TRAIN,TRAIN,no,v40c_02468,no,yes,no,
orig_003654,original_dhash,,,,nframe_01054,nframe_01063,TRAIN,TRAIN,no,v40c_02468,no,no,yes,
orig_003655,original_phash,,,,nframe_01054,nframe_01067,TRAIN,TRAIN,no,v40c_02468,no,yes,no,
orig_003656,original_dhash,,,,nframe_01054,nframe_01068,TRAIN,TRAIN,no,v40c_02468,no,no,yes,
orig_003657,original_phash,,,,nframe_01054,nframe_01070,TRAIN,TRAIN,no,v40c_02468,no,yes,no,
orig_003658,original_phash,,,,nframe_01054,nframe_01071,TRAIN,TRAIN,no,v40c_02468,no,yes,no,
orig_003659,original_phash,,,,nframe_01054,nframe_01075,TRAIN,TRAIN,no,v40c_02468,no,yes,no,
orig_003660,original_phash,,,,nframe_01054,nframe_01076,TRAIN,TRAIN,no,v40c_02468,no,yes,no,
orig_003661,original_phash,,,,nframe_01055,nframe_01058,TRAIN,TRAIN,no,v40c_02468,no,yes,no,
orig_003662,original_dhash,,,,nframe_01055,nframe_01063,TRAIN,TRAIN,no,v40c_02468,no,no,yes,
orig_003663,original_phash,,,,nframe_01055,nframe_01067,TRAIN,TRAIN,no,v40c_02468,no,yes,no,
orig_003664,original_dhash,,,,nframe_01055,nframe_01068,TRAIN,TRAIN,no,v40c_02468,no,no,yes,
orig_003665,original_phash,,,,nframe_01055,nframe_01070,TRAIN,TRAIN,no,v40c_02468,no,yes,no,
orig_003666,original_phash,,,,nframe_01055,nframe_01071,TRAIN,TRAIN,no,v40c_02468,no,yes,no,
orig_003667,original_phash,,,,nframe_01055,nframe_01075,TRAIN,TRAIN,no,v40c_02468,no,yes,no,
orig_003668,original_phash,,,,nframe_01055,nframe_01076,TRAIN,TRAIN,no,v40c_02468,no,yes,no,
orig_003669,original_dhash,,,,nframe_01058,nframe_01064,TRAIN,TRAIN,no,v40c_02468,no,no,yes,
orig_003670,original_phash,,,,nframe_01058,nframe_01067,TRAIN,TRAIN,no,v40c_02468,no,yes,no,
orig_003671,original_phash,,,,nframe_01058,nframe_01071,TRAIN,TRAIN,no,v40c_02468,no,yes,no,
orig_003672,original_phash,,,,nframe_01058,nframe_01075,TRAIN,TRAIN,no,v40c_02468,no,yes,no,
orig_003673,original_phash,,,,nframe_01058,nframe_01076,TRAIN,TRAIN,no,v40c_02468,no,yes,no,
orig_003674,original_dhash,,,,nframe_01058,nframe_01083,TRAIN,TRAIN,no,v40c_02468,no,no,yes,
orig_003675,original_phash,,,,nframe_01059,nframe_01068,TRAIN,TRAIN,no,v40c_02468,no,yes,no,
orig_003676,original_phash,,,,nframe_01059,nframe_01069,TRAIN,TRAIN,no,v40c_02468,no,yes,no,
orig_003677,original_phash,,,,nframe_01059,nframe_01072,TRAIN,TRAIN,no,v40c_02468,no,yes,no,
orig_003678,original_phash,,,,nframe_01059,nframe_01073,TRAIN,TRAIN,no,v40c_02468,no,yes,no,
orig_003679,original_phash,,,,nframe_01059,nframe_01077,TRAIN,TRAIN,no,v40c_02468,no,yes,no,
orig_003680,original_phash,,,,nframe_01059,nframe_01078,TRAIN,TRAIN,no,v40c_02468,no,yes,no,
orig_003681,original_phash,,,,nframe_01059,nframe_01079,TRAIN,TRAIN,no,v40c_02468,no,yes,no,
orig_003682,original_phash,,,,nframe_01059,nframe_01080,TRAIN,TRAIN,no,v40c_02468,no,yes,no,
orig_003683,original_dhash,,,,nframe_01059,nframe_01082,TRAIN,TRAIN,no,v40c_02468,no,no,yes,
orig_003684,original_phash,,,,nframe_01060,nframe_01061,TRAIN,TRAIN,no,v40c_02468,no,yes,no,
orig_003685,original_phash,,,,nframe_01060,nframe_01062,TRAIN,TRAIN,no,v40c_02468,no,yes,no,
orig_003686,original_dhash,,,,nframe_01060,nframe_01077,TRAIN,TRAIN,no,v40c_02468,no,no,yes,
orig_003687,original_dhash,,,,nframe_01060,nframe_01078,TRAIN,TRAIN,no,v40c_02468,no,no,yes,
orig_003688,original_phash,,,,nframe_01060,nframe_01081,TRAIN,TRAIN,no,v40c_02468,no,yes,yes,
orig_003689,original_phash,,,,nframe_01060,nframe_01082,TRAIN,TRAIN,no,v40c_02468,no,yes,yes,
orig_003690,original_phash,,,,nframe_01060,nframe_01083,TRAIN,TRAIN,no,v40c_02468,no,yes,no,
orig_003691,original_phash,,,,nframe_01060,nframe_01084,TRAIN,TRAIN,no,v40c_02468,no,yes,no,
orig_003692,original_phash,,,,nframe_01060,nframe_01085,TRAIN,TRAIN,no,v40c_02468,no,yes,no,
orig_003693,original_phash,,,,nframe_01060,nframe_01086,TRAIN,TRAIN,no,v40c_02468,no,yes,no,
orig_003694,original_phash,,,,nframe_01060,nframe_01087,TRAIN,TRAIN,no,v40c_02468,no,yes,no,
orig_003695,original_phash,,,,nframe_01060,nframe_01088,TRAIN,TRAIN,no,v40c_02468,no,yes,yes,
orig_003696,original_phash,,,,nframe_01060,nframe_01089,TRAIN,TRAIN,no,v40c_02468,no,yes,no,
orig_003697,original_dhash,,,,nframe_01060,nframe_01090,TRAIN,TRAIN,no,v40c_02468,no,no,yes,
orig_003698,original_phash,,,,nframe_01060,nframe_01091,TRAIN,TRAIN,no,v40c_02468,no,yes,no,
orig_003699,original_phash,,,,nframe_01061,nframe_01062,TRAIN,TRAIN,no,v40c_02468,no,yes,no,
orig_003700,original_phash,,,,nframe_01061,nframe_01081,TRAIN,TRAIN,no,v40c_02468,no,yes,yes,
orig_003701,original_phash,,,,nframe_01061,nframe_01082,TRAIN,TRAIN,no,v40c_02468,no,yes,no,
orig_003702,original_phash,,,,nframe_01061,nframe_01083,TRAIN,TRAIN,no,v40c_02468,no,yes,no,
orig_003703,original_phash,,,,nframe_01061,nframe_01084,TRAIN,TRAIN,no,v40c_02468,no,yes,no,
orig_003704,original_phash,,,,nframe_01061,nframe_01085,TRAIN,TRAIN,no,v40c_02468,no,yes,no,
orig_003705,original_phash,,,,nframe_01061,nframe_01086,TRAIN,TRAIN,no,v40c_02468,no,yes,no,
orig_003706,original_phash,,,,nframe_01061,nframe_01087,TRAIN,TRAIN,no,v40c_02468,no,yes,no,
orig_003707,original_phash,,,,nframe_01061,nframe_01088,TRAIN,TRAIN,no,v40c_02468,no,yes,no,
orig_003708,original_phash,,,,nframe_01061,nframe_01089,TRAIN,TRAIN,no,v40c_02468,no,yes,no,
orig_003709,original_phash,,,,nframe_01061,nframe_01091,TRAIN,TRAIN,no,v40c_02468,no,yes,no,
orig_003710,original_dhash,,,,nframe_01062,nframe_01076,TRAIN,TRAIN,no,v40c_02468,no,no,yes,
orig_003711,original_phash,,,,nframe_01062,nframe_01081,TRAIN,TRAIN,no,v40c_02468,no,yes,no,
orig_003712,original_phash,,,,nframe_01062,nframe_01082,TRAIN,TRAIN,no,v40c_02468,no,yes,no,
orig_003713,original_phash,,,,nframe_01062,nframe_01083,TRAIN,TRAIN,no,v40c_02468,no,yes,no,
orig_003714,original_phash,,,,nframe_01062,nframe_01084,TRAIN,TRAIN,no,v40c_02468,no,yes,no,
orig_003715,original_phash,,,,nframe_01062,nframe_01085,TRAIN,TRAIN,no,v40c_02468,no,yes,no,
orig_003716,original_phash,,,,nframe_01062,nframe_01086,TRAIN,TRAIN,no,v40c_02468,no,yes,no,
orig_003717,original_phash,,,,nframe_01062,nframe_01087,TRAIN,TRAIN,no,v40c_02468,no,yes,no,
orig_003718,original_phash,,,,nframe_01062,nframe_01088,TRAIN,TRAIN,no,v40c_02468,no,yes,no,
orig_003719,original_phash,,,,nframe_01062,nframe_01090,TRAIN,TRAIN,no,v40c_02468,no,yes,no,
orig_003720,original_phash,,,,nframe_01063,nframe_01064,TRAIN,TRAIN,no,v40c_02468,no,yes,no,
orig_003721,original_phash,,,,nframe_01067,nframe_01071,TRAIN,TRAIN,no,v40c_02468,no,yes,no,
orig_003722,original_phash,,,,nframe_01067,nframe_01075,TRAIN,TRAIN,no,v40c_02468,no,yes,no,
orig_003723,original_phash,,,,nframe_01067,nframe_01076,TRAIN,TRAIN,no,v40c_02468,no,yes,no,
orig_003724,original_phash,,,,nframe_01068,nframe_01069,TRAIN,TRAIN,no,v40c_02468,no,yes,no,
orig_003725,original_dhash,,,,nframe_01068,nframe_01070,TRAIN,TRAIN,no,v40c_02468,no,no,yes,
orig_003726,original_phash,,,,nframe_01068,nframe_01072,TRAIN,TRAIN,no,v40c_02468,no,yes,no,
orig_003727,original_phash,,,,nframe_01068,nframe_01073,TRAIN,TRAIN,no,v40c_02468,no,yes,no,
orig_003728,original_phash,,,,nframe_01068,nframe_01074,TRAIN,TRAIN,no,v40c_02468,no,yes,no,
orig_003729,original_phash,,,,nframe_01068,nframe_01077,TRAIN,TRAIN,no,v40c_02468,no,yes,no,
orig_003730,original_phash,,,,nframe_01068,nframe_01078,TRAIN,TRAIN,no,v40c_02468,no,yes,no,
orig_003731,original_phash,,,,nframe_01068,nframe_01079,TRAIN,TRAIN,no,v40c_02468,no,yes,no,
orig_003732,original_phash,,,,nframe_01069,nframe_01070,TRAIN,TRAIN,no,v40c_02468,no,yes,no,
orig_003733,original_phash,,,,nframe_01069,nframe_01072,TRAIN,TRAIN,no,v40c_02468,no,yes,no,
orig_003734,original_phash,,,,nframe_01069,nframe_01073,TRAIN,TRAIN,no,v40c_02468,no,yes,no,
orig_003735,original_phash,,,,nframe_01069,nframe_01074,TRAIN,TRAIN,no,v40c_02468,no,yes,no,
orig_003736,original_phash,,,,nframe_01069,nframe_01077,TRAIN,TRAIN,no,v40c_02468,no,yes,no,
orig_003737,original_phash,,,,nframe_01069,nframe_01078,TRAIN,TRAIN,no,v40c_02468,no,yes,no,
orig_003738,original_phash,,,,nframe_01069,nframe_01079,TRAIN,TRAIN,no,v40c_02468,no,yes,no,
orig_003739,original_phash,,,,nframe_01070,nframe_01074,TRAIN,TRAIN,no,v40c_02468,no,yes,no,
orig_003740,original_phash,,,,nframe_01070,nframe_01080,TRAIN,TRAIN,no,v40c_02468,no,yes,no,
orig_003741,original_phash,,,,nframe_01071,nframe_01075,TRAIN,TRAIN,no,v40c_02468,no,yes,no,
orig_003742,original_phash,,,,nframe_01071,nframe_01076,TRAIN,TRAIN,no,v40c_02468,no,yes,no,
orig_003743,original_phash,,,,nframe_01072,nframe_01073,TRAIN,TRAIN,no,v40c_02468,no,yes,no,
orig_003744,original_phash,,,,nframe_01072,nframe_01074,TRAIN,TRAIN,no,v40c_02468,no,yes,no,
orig_003745,original_phash,,,,nframe_01072,nframe_01077,TRAIN,TRAIN,no,v40c_02468,no,yes,no,
orig_003746,original_phash,,,,nframe_01072,nframe_01078,TRAIN,TRAIN,no,v40c_02468,no,yes,no,
orig_003747,original_phash,,,,nframe_01072,nframe_01079,TRAIN,TRAIN,no,v40c_02468,no,yes,no,
orig_003748,original_phash,,,,nframe_01073,nframe_01074,TRAIN,TRAIN,no,v40c_02468,no,yes,no,
orig_003749,original_phash,,,,nframe_01073,nframe_01077,TRAIN,TRAIN,no,v40c_02468,no,yes,no,
orig_003750,original_phash,,,,nframe_01073,nframe_01078,TRAIN,TRAIN,no,v40c_02468,no,yes,no,
orig_003751,original_phash,,,,nframe_01073,nframe_01079,TRAIN,TRAIN,no,v40c_02468,no,yes,no,
orig_003752,original_phash,,,,nframe_01075,nframe_01076,TRAIN,TRAIN,no,v40c_02468,no,yes,no,
orig_003753,original_dhash,,,,nframe_01076,nframe_01086,TRAIN,TRAIN,no,v40c_02468,no,no,yes,
orig_003754,original_exact,,,,nframe_01077,nframe_01078,TRAIN,TRAIN,no,v40c_02468,yes,yes,yes,
orig_003755,original_phash,,,,nframe_01077,nframe_01079,TRAIN,TRAIN,no,v40c_02468,no,yes,no,
orig_003756,original_dhash,,,,nframe_01077,nframe_01081,TRAIN,TRAIN,no,v40c_02468,no,no,yes,
orig_003757,original_dhash,,,,nframe_01077,nframe_01084,TRAIN,TRAIN,no,v40c_02468,no,no,yes,
orig_003758,original_dhash,,,,nframe_01077,nframe_01086,TRAIN,TRAIN,no,v40c_02468,no,no,yes,
orig_003759,original_dhash,,,,nframe_01077,nframe_01088,TRAIN,TRAIN,no,v40c_02468,no,no,yes,
orig_003760,original_dhash,,,,nframe_01077,nframe_01089,TRAIN,TRAIN,no,v40c_02468,no,no,yes,
orig_003761,original_phash,,,,nframe_01078,nframe_01079,TRAIN,TRAIN,no,v40c_02468,no,yes,no,
orig_003762,original_dhash,,,,nframe_01078,nframe_01081,TRAIN,TRAIN,no,v40c_02468,no,no,yes,
orig_003763,original_dhash,,,,nframe_01078,nframe_01084,TRAIN,TRAIN,no,v40c_02468,no,no,yes,
orig_003764,original_dhash,,,,nframe_01078,nframe_01086,TRAIN,TRAIN,no,v40c_02468,no,no,yes,
orig_003765,original_dhash,,,,nframe_01078,nframe_01088,TRAIN,TRAIN,no,v40c_02468,no,no,yes,
orig_003766,original_dhash,,,,nframe_01078,nframe_01089,TRAIN,TRAIN,no,v40c_02468,no,no,yes,
orig_003767,original_dhash,,,,nframe_01079,nframe_01082,TRAIN,TRAIN,no,v40c_02468,no,no,yes,
orig_003768,original_dhash,,,,nframe_01079,nframe_01088,TRAIN,TRAIN,no,v40c_02468,no,no,yes,
orig_003769,original_dhash,,,,nframe_01080,nframe_01082,TRAIN,TRAIN,no,v40c_02468,no,no,yes,
orig_003770,original_dhash,,,,nframe_01080,nframe_01088,TRAIN,TRAIN,no,v40c_02468,no,no,yes,
orig_003771,original_phash,,,,nframe_01081,nframe_01082,TRAIN,TRAIN,no,v40c_02468,no,yes,no,
orig_003772,original_phash,,,,nframe_01081,nframe_01083,TRAIN,TRAIN,no,v40c_02468,no,yes,no,
orig_003773,original_phash,,,,nframe_01081,nframe_01084,TRAIN,TRAIN,no,v40c_02468,no,yes,no,
orig_003774,original_phash,,,,nframe_01081,nframe_01085,TRAIN,TRAIN,no,v40c_02468,no,yes,no,
orig_003775,original_phash,,,,nframe_01081,nframe_01086,TRAIN,TRAIN,no,v40c_02468,no,yes,no,
orig_003776,original_phash,,,,nframe_01081,nframe_01087,TRAIN,TRAIN,no,v40c_02468,no,yes,yes,
orig_003777,original_phash,,,,nframe_01081,nframe_01088,TRAIN,TRAIN,no,v40c_02468,no,yes,yes,
orig_003778,original_phash,,,,nframe_01081,nframe_01089,TRAIN,TRAIN,no,v40c_02468,no,yes,yes,
orig_003779,original_phash,,,,nframe_01081,nframe_01091,TRAIN,TRAIN,no,v40c_02468,no,yes,no,
orig_003780,original_phash,,,,nframe_01082,nframe_01083,TRAIN,TRAIN,no,v40c_02468,no,yes,no,
orig_003781,original_phash,,,,nframe_01082,nframe_01084,TRAIN,TRAIN,no,v40c_02468,no,yes,no,
orig_003782,original_phash,,,,nframe_01082,nframe_01085,TRAIN,TRAIN,no,v40c_02468,no,yes,no,
orig_003783,original_phash,,,,nframe_01082,nframe_01086,TRAIN,TRAIN,no,v40c_02468,no,yes,no,
orig_003784,original_phash,,,,nframe_01082,nframe_01087,TRAIN,TRAIN,no,v40c_02468,no,yes,no,
orig_003785,original_phash,,,,nframe_01082,nframe_01088,TRAIN,TRAIN,no,v40c_02468,no,yes,yes,
orig_003786,original_phash,,,,nframe_01082,nframe_01089,TRAIN,TRAIN,no,v40c_02468,no,yes,no,
orig_003787,original_phash,,,,nframe_01082,nframe_01091,TRAIN,TRAIN,no,v40c_02468,no,yes,no,
orig_003788,original_phash,,,,nframe_01083,nframe_01084,TRAIN,TRAIN,no,v40c_02468,no,yes,no,
orig_003789,original_phash,,,,nframe_01083,nframe_01085,TRAIN,TRAIN,no,v40c_02468,no,yes,no,
orig_003790,original_phash,,,,nframe_01083,nframe_01086,TRAIN,TRAIN,no,v40c_02468,no,yes,no,
orig_003791,original_phash,,,,nframe_01083,nframe_01087,TRAIN,TRAIN,no,v40c_02468,no,yes,no,
orig_003792,original_phash,,,,nframe_01083,nframe_01088,TRAIN,TRAIN,no,v40c_02468,no,yes,no,
orig_003793,original_phash,,,,nframe_01083,nframe_01089,TRAIN,TRAIN,no,v40c_02468,no,yes,yes,
orig_003794,original_phash,,,,nframe_01083,nframe_01091,TRAIN,TRAIN,no,v40c_02468,no,yes,no,
orig_003795,original_phash,,,,nframe_01084,nframe_01085,TRAIN,TRAIN,no,v40c_02468,no,yes,no,
orig_003796,original_phash,,,,nframe_01084,nframe_01086,TRAIN,TRAIN,no,v40c_02468,no,yes,yes,
orig_003797,original_phash,,,,nframe_01084,nframe_01087,TRAIN,TRAIN,no,v40c_02468,no,yes,no,
orig_003798,original_phash,,,,nframe_01084,nframe_01088,TRAIN,TRAIN,no,v40c_02468,no,yes,no,
orig_003799,original_phash,,,,nframe_01084,nframe_01089,TRAIN,TRAIN,no,v40c_02468,no,yes,no,
orig_003800,original_dhash,,,,nframe_01084,nframe_01090,TRAIN,TRAIN,no,v40c_02468,no,no,yes,
orig_003801,original_phash,,,,nframe_01084,nframe_01091,TRAIN,TRAIN,no,v40c_02468,no,yes,no,
orig_003802,original_phash,,,,nframe_01085,nframe_01086,TRAIN,TRAIN,no,v40c_02468,no,yes,no,
orig_003803,original_phash,,,,nframe_01085,nframe_01087,TRAIN,TRAIN,no,v40c_02468,no,yes,no,
orig_003804,original_phash,,,,nframe_01085,nframe_01088,TRAIN,TRAIN,no,v40c_02468,no,yes,no,
orig_003805,original_phash,,,,nframe_01085,nframe_01089,TRAIN,TRAIN,no,v40c_02468,no,yes,no,
orig_003806,original_phash,,,,nframe_01085,nframe_01090,TRAIN,TRAIN,no,v40c_02468,no,yes,no,
orig_003807,original_phash,,,,nframe_01085,nframe_01091,TRAIN,TRAIN,no,v40c_02468,no,yes,no,
orig_003808,original_phash,,,,nframe_01086,nframe_01087,TRAIN,TRAIN,no,v40c_02468,no,yes,no,
orig_003809,original_phash,,,,nframe_01086,nframe_01088,TRAIN,TRAIN,no,v40c_02468,no,yes,no,
orig_003810,original_phash,,,,nframe_01086,nframe_01089,TRAIN,TRAIN,no,v40c_02468,no,yes,yes,
orig_003811,original_phash,,,,nframe_01086,nframe_01090,TRAIN,TRAIN,no,v40c_02468,no,yes,yes,
orig_003812,original_phash,,,,nframe_01086,nframe_01091,TRAIN,TRAIN,no,v40c_02468,no,yes,no,
orig_003813,original_phash,,,,nframe_01087,nframe_01088,TRAIN,TRAIN,no,v40c_02468,no,yes,no,
orig_003814,original_phash,,,,nframe_01087,nframe_01089,TRAIN,TRAIN,no,v40c_02468,no,yes,no,
orig_003815,original_phash,,,,nframe_01087,nframe_01091,TRAIN,TRAIN,no,v40c_02468,no,yes,no,
orig_003816,original_phash,,,,nframe_01088,nframe_01089,TRAIN,TRAIN,no,v40c_02468,no,yes,yes,
orig_003817,original_phash,,,,nframe_01088,nframe_01091,TRAIN,TRAIN,no,v40c_02468,no,yes,no,
orig_003818,original_phash,,,,nframe_01089,nframe_01090,TRAIN,TRAIN,no,v40c_02468,no,yes,no,
orig_003819,original_phash,,,,nframe_01089,nframe_01091,TRAIN,TRAIN,no,v40c_02468,no,yes,no,
orig_003820,original_phash,,,,nframe_01090,nframe_01091,TRAIN,TRAIN,no,v40c_02468,no,yes,no,
orig_003821,original_phash,,,,nframe_01093,nframe_01095,VALIDATION,VALIDATION,no,v40c_02468,no,yes,no,
orig_003822,original_phash,,,,nframe_01093,nframe_01097,VALIDATION,VALIDATION,no,v40c_02468,no,yes,no,
orig_003823,original_phash,,,,nframe_01094,nframe_01095,VALIDATION,VALIDATION,no,v40c_02468,no,yes,no,
orig_003824,original_phash,,,,nframe_01094,nframe_01096,VALIDATION,VALIDATION,no,v40c_02468,no,yes,no,
orig_003825,original_phash,,,,nframe_01094,nframe_01097,VALIDATION,VALIDATION,no,v40c_02468,no,yes,no,
orig_003826,original_phash,,,,nframe_01094,nframe_01098,VALIDATION,VALIDATION,no,v40c_02468,no,yes,no,
orig_003827,original_phash,,,,nframe_01094,nframe_02532,VALIDATION,VALIDATION,no,v40c_02468,no,yes,no,
orig_003828,original_phash,,,,nframe_01094,nframe_02535,VALIDATION,VALIDATION,no,v40c_02468,no,yes,no,
orig_003829,original_phash,,,,nframe_01095,nframe_01096,VALIDATION,VALIDATION,no,v40c_02468,no,yes,no,
orig_003830,original_phash,,,,nframe_01095,nframe_01097,VALIDATION,VALIDATION,no,v40c_02468,no,yes,no,
orig_003831,original_phash,,,,nframe_01096,nframe_01097,VALIDATION,VALIDATION,no,v40c_02468,no,yes,no,
orig_003832,original_phash,,,,nframe_01096,nframe_01098,VALIDATION,VALIDATION,no,v40c_02468,no,yes,no,
orig_003833,original_phash,,,,nframe_01096,nframe_02532,VALIDATION,VALIDATION,no,v40c_02468,no,yes,no,
orig_003834,original_phash,,,,nframe_01096,nframe_02535,VALIDATION,VALIDATION,no,v40c_02468,no,yes,no,
orig_003835,original_dhash,,,,nframe_01097,nframe_01098,VALIDATION,VALIDATION,no,v40c_02468,no,no,yes,
orig_003836,original_phash,,,,nframe_01097,nframe_01099,VALIDATION,VALIDATION,no,v40c_02468,no,yes,no,
orig_003837,original_phash,,,,nframe_01097,nframe_01102,VALIDATION,VALIDATION,no,v40c_02468,no,yes,no,
orig_003838,original_phash,,,,nframe_01098,nframe_02533,VALIDATION,VALIDATION,no,v40c_02468,no,yes,no,
orig_003839,original_phash,,,,nframe_01098,nframe_02534,VALIDATION,VALIDATION,no,v40c_02468,no,yes,no,
orig_003840,original_phash,,,,nframe_01098,nframe_02535,VALIDATION,VALIDATION,no,v40c_02468,no,yes,no,
orig_003841,original_phash,,,,nframe_01098,nframe_02536,VALIDATION,VALIDATION,no,v40c_02468,no,yes,no,
orig_003842,original_phash,,,,nframe_01098,nframe_02537,VALIDATION,VALIDATION,no,v40c_02468,no,yes,no,
orig_003843,original_phash,,,,nframe_01098,nframe_02538,VALIDATION,VALIDATION,no,v40c_02468,no,yes,no,
orig_003844,original_phash,,,,nframe_01098,nframe_02539,VALIDATION,VALIDATION,no,v40c_02468,no,yes,no,
orig_003845,original_phash,,,,nframe_01099,nframe_01100,VALIDATION,VALIDATION,no,v40c_02468,no,yes,no,
orig_003846,original_phash,,,,nframe_01099,nframe_01101,VALIDATION,VALIDATION,no,v40c_02468,no,yes,no,
orig_003847,original_phash,,,,nframe_01099,nframe_01102,VALIDATION,VALIDATION,no,v40c_02468,no,yes,no,
orig_003848,original_phash,,,,nframe_01100,nframe_01101,VALIDATION,VALIDATION,no,v40c_02468,no,yes,no,
orig_003849,original_phash,,,,nframe_01100,nframe_01102,VALIDATION,VALIDATION,no,v40c_02468,no,yes,no,
orig_003850,original_phash,,,,nframe_01101,nframe_01102,VALIDATION,VALIDATION,no,v40c_02468,no,yes,no,
orig_003851,original_phash,,,,nframe_01106,nframe_01107,VALIDATION,VALIDATION,no,v40c_02468,no,yes,no,
orig_003852,original_phash,,,,nframe_01109,nframe_01110,VALIDATION,VALIDATION,no,v40c_02468,no,yes,no,
orig_003853,original_phash,,,,nframe_01109,nframe_01111,VALIDATION,VALIDATION,no,v40c_02468,no,yes,no,
orig_003854,original_phash,,,,nframe_01109,nframe_01112,VALIDATION,VALIDATION,no,v40c_02468,no,yes,no,
orig_003855,original_phash,,,,nframe_01109,nframe_01113,VALIDATION,VALIDATION,no,v40c_02468,no,yes,no,
orig_003856,original_phash,,,,nframe_01110,nframe_01111,VALIDATION,VALIDATION,no,v40c_02468,no,yes,no,
orig_003857,original_phash,,,,nframe_01110,nframe_01112,VALIDATION,VALIDATION,no,v40c_02468,no,yes,no,
orig_003858,original_phash,,,,nframe_01110,nframe_01113,VALIDATION,VALIDATION,no,v40c_02468,no,yes,no,
orig_003859,original_phash,,,,nframe_01111,nframe_01112,VALIDATION,VALIDATION,no,v40c_02468,no,yes,no,
orig_003860,original_phash,,,,nframe_01111,nframe_01113,VALIDATION,VALIDATION,no,v40c_02468,no,yes,no,
orig_003861,original_phash,,,,nframe_01112,nframe_01113,VALIDATION,VALIDATION,no,v40c_02468,no,yes,no,
orig_003862,original_phash,,,,nframe_01113,nframe_01115,VALIDATION,VALIDATION,no,v40c_02468,no,yes,no,
orig_003863,original_phash,,,,nframe_01115,nframe_01116,VALIDATION,VALIDATION,no,v40c_02468,no,yes,no,
orig_003864,original_dhash,,,,nframe_01116,nframe_01117,VALIDATION,VALIDATION,no,v40c_02468,no,no,yes,
orig_003865,original_phash,,,,nframe_01119,nframe_01120,TRAIN,TRAIN,no,v40c_02468,no,yes,no,
orig_003866,original_phash,,,,nframe_01121,nframe_01123,VALIDATION,VALIDATION,no,v40c_02468,no,yes,no,
orig_003867,original_exact,,,,nframe_01124,nframe_01125,VALIDATION,VALIDATION,no,v40c_02482,yes,yes,yes,
orig_003868,original_phash,,,,nframe_01127,nframe_01128,VALIDATION,VALIDATION,no,v40c_02482,no,yes,no,
orig_003869,original_phash,,,,nframe_01130,nframe_01205,VALIDATION,VALIDATION,no,v40c_02482,no,yes,no,
orig_003870,original_phash,,,,nframe_01132,nframe_01189,VALIDATION,VALIDATION,no,v40c_02482,no,yes,no,
orig_003871,original_phash,,,,nframe_01132,nframe_01190,VALIDATION,VALIDATION,no,v40c_02482,no,yes,no,
orig_003872,original_phash,,,,nframe_01132,nframe_01191,VALIDATION,VALIDATION,no,v40c_02482,no,yes,no,
orig_003873,original_phash,,,,nframe_01132,nframe_01192,VALIDATION,VALIDATION,no,v40c_02482,no,yes,no,
orig_003874,original_phash,,,,nframe_01132,nframe_01193,VALIDATION,VALIDATION,no,v40c_02482,no,yes,no,
orig_003875,original_phash,,,,nframe_01134,nframe_01135,VALIDATION,VALIDATION,no,v40c_02482,no,yes,no,
orig_003876,original_phash,,,,nframe_01134,nframe_01137,VALIDATION,VALIDATION,no,v40c_02482,no,yes,no,
orig_003877,original_phash,,,,nframe_01134,nframe_01138,VALIDATION,VALIDATION,no,v40c_02482,no,yes,no,
orig_003878,original_phash,,,,nframe_01134,nframe_01171,VALIDATION,VALIDATION,no,v40c_02482,no,yes,no,
orig_003879,original_phash,,,,nframe_01134,nframe_01193,VALIDATION,VALIDATION,no,v40c_02482,no,yes,no,
orig_003880,original_phash,,,,nframe_01134,nframe_01199,VALIDATION,VALIDATION,no,v40c_02482,no,yes,no,
orig_003881,original_phash,,,,nframe_01134,nframe_01200,VALIDATION,VALIDATION,no,v40c_02482,no,yes,no,
orig_003882,original_phash,,,,nframe_01135,nframe_01136,VALIDATION,VALIDATION,no,v40c_02482,no,yes,no,
orig_003883,original_phash,,,,nframe_01135,nframe_01137,VALIDATION,VALIDATION,no,v40c_02482,no,yes,no,
orig_003884,original_phash,,,,nframe_01135,nframe_01138,VALIDATION,VALIDATION,no,v40c_02482,no,yes,no,
orig_003885,original_phash,,,,nframe_01135,nframe_01171,VALIDATION,VALIDATION,no,v40c_02482,no,yes,no,
orig_003886,original_phash,,,,nframe_01135,nframe_01191,VALIDATION,VALIDATION,no,v40c_02482,no,yes,no,
orig_003887,original_phash,,,,nframe_01135,nframe_01192,VALIDATION,VALIDATION,no,v40c_02482,no,yes,no,
orig_003888,original_phash,,,,nframe_01135,nframe_01193,VALIDATION,VALIDATION,no,v40c_02482,no,yes,no,
orig_003889,original_phash,,,,nframe_01135,nframe_01199,VALIDATION,VALIDATION,no,v40c_02482,no,yes,no,
orig_003890,original_phash,,,,nframe_01135,nframe_01200,VALIDATION,VALIDATION,no,v40c_02482,no,yes,no,
orig_003891,original_phash,,,,nframe_01136,nframe_01193,VALIDATION,VALIDATION,no,v40c_02482,no,yes,no,
orig_003892,original_exact,,,,nframe_01137,nframe_01138,VALIDATION,VALIDATION,no,v40c_02482,yes,yes,yes,
orig_003893,original_phash,,,,nframe_01137,nframe_01171,VALIDATION,VALIDATION,no,v40c_02482,no,yes,no,
orig_003894,original_phash,,,,nframe_01137,nframe_01193,VALIDATION,VALIDATION,no,v40c_02482,no,yes,no,
orig_003895,original_phash,,,,nframe_01137,nframe_01199,VALIDATION,VALIDATION,no,v40c_02482,no,yes,no,
orig_003896,original_phash,,,,nframe_01137,nframe_01200,VALIDATION,VALIDATION,no,v40c_02482,no,yes,no,
orig_003897,original_phash,,,,nframe_01138,nframe_01171,VALIDATION,VALIDATION,no,v40c_02482,no,yes,no,
orig_003898,original_phash,,,,nframe_01138,nframe_01193,VALIDATION,VALIDATION,no,v40c_02482,no,yes,no,
orig_003899,original_phash,,,,nframe_01138,nframe_01199,VALIDATION,VALIDATION,no,v40c_02482,no,yes,no,
orig_003900,original_phash,,,,nframe_01138,nframe_01200,VALIDATION,VALIDATION,no,v40c_02482,no,yes,no,
orig_003901,original_exact,,,,nframe_01139,nframe_01140,VALIDATION,VALIDATION,no,v40c_02482,yes,yes,yes,
orig_003902,original_phash,,,,nframe_01139,nframe_01172,VALIDATION,VALIDATION,no,v40c_02482,no,yes,yes,
orig_003903,original_phash,,,,nframe_01139,nframe_01176,VALIDATION,VALIDATION,no,v40c_02482,no,yes,no,
orig_003904,original_phash,,,,nframe_01140,nframe_01172,VALIDATION,VALIDATION,no,v40c_02482,no,yes,yes,
orig_003905,original_phash,,,,nframe_01140,nframe_01176,VALIDATION,VALIDATION,no,v40c_02482,no,yes,no,
orig_003906,original_phash,,,,nframe_01142,nframe_01143,VALIDATION,VALIDATION,no,v40c_02482,no,yes,yes,
orig_003907,original_phash,,,,nframe_01142,nframe_01194,VALIDATION,VALIDATION,no,v40c_02482,no,yes,no,
orig_003908,original_phash,,,,nframe_01142,nframe_01195,VALIDATION,VALIDATION,no,v40c_02482,no,yes,no,
orig_003909,original_phash,,,,nframe_01142,nframe_01196,VALIDATION,VALIDATION,no,v40c_02482,no,yes,no,
orig_003910,original_phash,,,,nframe_01142,nframe_01197,VALIDATION,VALIDATION,no,v40c_02482,no,yes,no,
orig_003911,original_dhash,,,,nframe_01142,nframe_01201,VALIDATION,VALIDATION,no,v40c_02482,no,no,yes,
orig_003912,original_phash,,,,nframe_01143,nframe_01194,VALIDATION,VALIDATION,no,v40c_02482,no,yes,no,
orig_003913,original_phash,,,,nframe_01143,nframe_01195,VALIDATION,VALIDATION,no,v40c_02482,no,yes,no,
orig_003914,original_phash,,,,nframe_01143,nframe_01196,VALIDATION,VALIDATION,no,v40c_02482,no,yes,yes,
orig_003915,original_phash,,,,nframe_01143,nframe_01197,VALIDATION,VALIDATION,no,v40c_02482,no,yes,yes,
orig_003916,original_phash,,,,nframe_01143,nframe_01198,VALIDATION,VALIDATION,no,v40c_02482,no,yes,no,
orig_003917,original_dhash,,,,nframe_01143,nframe_01201,VALIDATION,VALIDATION,no,v40c_02482,no,no,yes,
orig_003918,original_phash,,,,nframe_01146,nframe_01147,VALIDATION,VALIDATION,no,v40c_02485,no,yes,no,
orig_003919,original_phash,,,,nframe_01146,nframe_01148,VALIDATION,VALIDATION,no,v40c_02485,no,yes,no,
orig_003920,original_phash,,,,nframe_01146,nframe_01149,VALIDATION,VALIDATION,no,v40c_02485,no,yes,no,
orig_003921,original_phash,,,,nframe_01146,nframe_01150,VALIDATION,VALIDATION,no,v40c_02485,no,yes,no,
orig_003922,original_phash,,,,nframe_01146,nframe_01151,VALIDATION,VALIDATION,no,v40c_02485,no,yes,no,
orig_003923,original_exact,,,,nframe_01147,nframe_01148,VALIDATION,VALIDATION,no,v40c_02485,yes,yes,yes,
orig_003924,original_phash,,,,nframe_01147,nframe_01149,VALIDATION,VALIDATION,no,v40c_02485,no,yes,no,
orig_003925,original_phash,,,,nframe_01147,nframe_01150,VALIDATION,VALIDATION,no,v40c_02485,no,yes,no,
orig_003926,original_phash,,,,nframe_01147,nframe_01151,VALIDATION,VALIDATION,no,v40c_02485,no,yes,no,
orig_003927,original_phash,,,,nframe_01148,nframe_01149,VALIDATION,VALIDATION,no,v40c_02485,no,yes,no,
orig_003928,original_phash,,,,nframe_01148,nframe_01150,VALIDATION,VALIDATION,no,v40c_02485,no,yes,no,
orig_003929,original_phash,,,,nframe_01148,nframe_01151,VALIDATION,VALIDATION,no,v40c_02485,no,yes,no,
orig_003930,original_phash,,,,nframe_01149,nframe_01150,VALIDATION,VALIDATION,no,v40c_02485,no,yes,no,
orig_003931,original_phash,,,,nframe_01149,nframe_01151,VALIDATION,VALIDATION,no,v40c_02485,no,yes,no,
orig_003932,original_phash,,,,nframe_01150,nframe_01151,VALIDATION,VALIDATION,no,v40c_02485,no,yes,no,
orig_003933,original_phash,,,,nframe_01169,nframe_01170,VALIDATION,VALIDATION,no,v40c_02487,no,yes,no,
orig_003934,original_phash,,,,nframe_01171,nframe_01193,VALIDATION,VALIDATION,no,v40c_02482,no,yes,no,
orig_003935,original_phash,,,,nframe_01171,nframe_01199,VALIDATION,VALIDATION,no,v40c_02482,no,yes,no,
orig_003936,original_phash,,,,nframe_01171,nframe_01200,VALIDATION,VALIDATION,no,v40c_02482,no,yes,no,
orig_003937,original_phash,,,,nframe_01172,nframe_01176,VALIDATION,VALIDATION,no,v40c_02482,no,yes,no,
orig_003938,original_phash,,,,nframe_01172,nframe_01193,VALIDATION,VALIDATION,no,v40c_02482,no,yes,no,
orig_003939,original_phash,,,,nframe_01172,nframe_01199,VALIDATION,VALIDATION,no,v40c_02482,no,yes,no,
orig_003940,original_phash,,,,nframe_01172,nframe_01200,VALIDATION,VALIDATION,no,v40c_02482,no,yes,no,
orig_003941,original_phash,,,,nframe_01172,nframe_01201,VALIDATION,VALIDATION,no,v40c_02482,no,yes,no,
orig_003942,original_phash,,,,nframe_01172,nframe_01202,VALIDATION,VALIDATION,no,v40c_02482,no,yes,no,
orig_003943,original_phash,,,,nframe_01173,nframe_01176,VALIDATION,VALIDATION,no,v40c_02482,no,yes,no,
orig_003944,original_phash,,,,nframe_01173,nframe_01195,VALIDATION,VALIDATION,no,v40c_02482,no,yes,no,
orig_003945,original_phash,,,,nframe_01173,nframe_01201,VALIDATION,VALIDATION,no,v40c_02482,no,yes,no,
orig_003946,original_phash,,,,nframe_01173,nframe_01202,VALIDATION,VALIDATION,no,v40c_02482,no,yes,no,
orig_003947,original_phash,,,,nframe_01176,nframe_01201,VALIDATION,VALIDATION,no,v40c_02482,no,yes,no,
orig_003948,original_phash,,,,nframe_01176,nframe_01202,VALIDATION,VALIDATION,no,v40c_02482,no,yes,yes,
orig_003949,original_phash,,,,nframe_01184,nframe_01185,VALIDATION,VALIDATION,no,v40c_02482,no,yes,no,
orig_003950,original_phash,,,,nframe_01184,nframe_01188,VALIDATION,VALIDATION,no,v40c_02482,no,yes,no,
orig_003951,original_phash,,,,nframe_01184,nframe_01189,VALIDATION,VALIDATION,no,v40c_02482,no,yes,no,
orig_003952,original_phash,,,,nframe_01184,nframe_01190,VALIDATION,VALIDATION,no,v40c_02482,no,yes,no,
orig_003953,original_phash,,,,nframe_01184,nframe_01191,VALIDATION,VALIDATION,no,v40c_02482,no,yes,no,
orig_003954,original_phash,,,,nframe_01184,nframe_01192,VALIDATION,VALIDATION,no,v40c_02482,no,yes,no,
orig_003955,original_phash,,,,nframe_01184,nframe_01193,VALIDATION,VALIDATION,no,v40c_02482,no,yes,no,
orig_003956,original_phash,,,,nframe_01184,nframe_01199,VALIDATION,VALIDATION,no,v40c_02482,no,yes,no,
orig_003957,original_phash,,,,nframe_01184,nframe_01200,VALIDATION,VALIDATION,no,v40c_02482,no,yes,no,
orig_003958,original_phash,,,,nframe_01185,nframe_01188,VALIDATION,VALIDATION,no,v40c_02482,no,yes,no,
orig_003959,original_phash,,,,nframe_01185,nframe_01189,VALIDATION,VALIDATION,no,v40c_02482,no,yes,no,
orig_003960,original_phash,,,,nframe_01185,nframe_01190,VALIDATION,VALIDATION,no,v40c_02482,no,yes,no,
orig_003961,original_phash,,,,nframe_01185,nframe_01191,VALIDATION,VALIDATION,no,v40c_02482,no,yes,no,
orig_003962,original_phash,,,,nframe_01185,nframe_01192,VALIDATION,VALIDATION,no,v40c_02482,no,yes,no,
orig_003963,original_phash,,,,nframe_01185,nframe_01193,VALIDATION,VALIDATION,no,v40c_02482,no,yes,no,
orig_003964,original_phash,,,,nframe_01185,nframe_01199,VALIDATION,VALIDATION,no,v40c_02482,no,yes,no,
orig_003965,original_phash,,,,nframe_01185,nframe_01200,VALIDATION,VALIDATION,no,v40c_02482,no,yes,no,
orig_003966,original_exact,,,,nframe_01186,nframe_01187,VALIDATION,VALIDATION,no,v40c_02490,yes,yes,yes,
orig_003967,original_phash,,,,nframe_01188,nframe_01189,VALIDATION,VALIDATION,no,v40c_02482,no,yes,no,
orig_003968,original_phash,,,,nframe_01188,nframe_01190,VALIDATION,VALIDATION,no,v40c_02482,no,yes,no,
orig_003969,original_phash,,,,nframe_01188,nframe_01191,VALIDATION,VALIDATION,no,v40c_02482,no,yes,no,
orig_003970,original_phash,,,,nframe_01188,nframe_01192,VALIDATION,VALIDATION,no,v40c_02482,no,yes,no,
orig_003971,original_phash,,,,nframe_01188,nframe_01193,VALIDATION,VALIDATION,no,v40c_02482,no,yes,no,
orig_003972,original_phash,,,,nframe_01188,nframe_01199,VALIDATION,VALIDATION,no,v40c_02482,no,yes,no,
orig_003973,original_phash,,,,nframe_01188,nframe_01200,VALIDATION,VALIDATION,no,v40c_02482,no,yes,no,
orig_003974,original_exact,,,,nframe_01189,nframe_01190,VALIDATION,VALIDATION,no,v40c_02482,yes,yes,yes,
orig_003975,original_phash,,,,nframe_01189,nframe_01191,VALIDATION,VALIDATION,no,v40c_02482,no,yes,no,
orig_003976,original_phash,,,,nframe_01189,nframe_01192,VALIDATION,VALIDATION,no,v40c_02482,no,yes,no,
orig_003977,original_phash,,,,nframe_01189,nframe_01193,VALIDATION,VALIDATION,no,v40c_02482,no,yes,no,
orig_003978,original_phash,,,,nframe_01189,nframe_01199,VALIDATION,VALIDATION,no,v40c_02482,no,yes,no,
orig_003979,original_phash,,,,nframe_01189,nframe_01200,VALIDATION,VALIDATION,no,v40c_02482,no,yes,no,
orig_003980,original_phash,,,,nframe_01190,nframe_01191,VALIDATION,VALIDATION,no,v40c_02482,no,yes,no,
orig_003981,original_phash,,,,nframe_01190,nframe_01192,VALIDATION,VALIDATION,no,v40c_02482,no,yes,no,
orig_003982,original_phash,,,,nframe_01190,nframe_01193,VALIDATION,VALIDATION,no,v40c_02482,no,yes,no,
orig_003983,original_phash,,,,nframe_01190,nframe_01199,VALIDATION,VALIDATION,no,v40c_02482,no,yes,no,
orig_003984,original_phash,,,,nframe_01190,nframe_01200,VALIDATION,VALIDATION,no,v40c_02482,no,yes,no,
orig_003985,original_exact,,,,nframe_01191,nframe_01192,VALIDATION,VALIDATION,no,v40c_02482,yes,yes,yes,
orig_003986,original_phash,,,,nframe_01191,nframe_01193,VALIDATION,VALIDATION,no,v40c_02482,no,yes,no,
orig_003987,original_phash,,,,nframe_01191,nframe_01199,VALIDATION,VALIDATION,no,v40c_02482,no,yes,no,
orig_003988,original_phash,,,,nframe_01191,nframe_01200,VALIDATION,VALIDATION,no,v40c_02482,no,yes,no,
orig_003989,original_phash,,,,nframe_01192,nframe_01193,VALIDATION,VALIDATION,no,v40c_02482,no,yes,no,
orig_003990,original_phash,,,,nframe_01192,nframe_01199,VALIDATION,VALIDATION,no,v40c_02482,no,yes,no,
orig_003991,original_phash,,,,nframe_01192,nframe_01200,VALIDATION,VALIDATION,no,v40c_02482,no,yes,no,
orig_003992,original_phash,,,,nframe_01193,nframe_01199,VALIDATION,VALIDATION,no,v40c_02482,no,yes,no,
orig_003993,original_phash,,,,nframe_01193,nframe_01200,VALIDATION,VALIDATION,no,v40c_02482,no,yes,no,
orig_003994,original_phash,,,,nframe_01194,nframe_01195,VALIDATION,VALIDATION,no,v40c_02482,no,yes,no,
orig_003995,original_phash,,,,nframe_01194,nframe_01196,VALIDATION,VALIDATION,no,v40c_02482,no,yes,no,
orig_003996,original_phash,,,,nframe_01194,nframe_01197,VALIDATION,VALIDATION,no,v40c_02482,no,yes,no,
orig_003997,original_phash,,,,nframe_01194,nframe_01198,VALIDATION,VALIDATION,no,v40c_02482,no,yes,no,
orig_003998,original_phash,,,,nframe_01194,nframe_01201,VALIDATION,VALIDATION,no,v40c_02482,no,yes,no,
orig_003999,original_phash,,,,nframe_01194,nframe_01202,VALIDATION,VALIDATION,no,v40c_02482,no,yes,no,
orig_004000,original_phash,,,,nframe_01195,nframe_01196,VALIDATION,VALIDATION,no,v40c_02482,no,yes,no,
orig_004001,original_phash,,,,nframe_01195,nframe_01197,VALIDATION,VALIDATION,no,v40c_02482,no,yes,no,
orig_004002,original_exact,,,,nframe_01196,nframe_01197,VALIDATION,VALIDATION,no,v40c_02482,yes,yes,yes,
orig_004003,original_phash,,,,nframe_01196,nframe_01198,VALIDATION,VALIDATION,no,v40c_02482,no,yes,yes,
orig_004004,original_phash,,,,nframe_01197,nframe_01198,VALIDATION,VALIDATION,no,v40c_02482,no,yes,yes,
orig_004005,original_exact,,,,nframe_01199,nframe_01200,VALIDATION,VALIDATION,no,v40c_02482,yes,yes,yes,
orig_004006,original_dhash,,,,nframe_01199,nframe_01201,VALIDATION,VALIDATION,no,v40c_02482,no,no,yes,
orig_004007,original_dhash,,,,nframe_01200,nframe_01201,VALIDATION,VALIDATION,no,v40c_02482,no,no,yes,
orig_004008,original_phash,,,,nframe_01201,nframe_01202,VALIDATION,VALIDATION,no,v40c_02482,no,yes,no,
orig_004009,original_phash,,,,nframe_01203,nframe_01204,VALIDATION,VALIDATION,no,v40c_02482,no,yes,no,
orig_004010,original_phash,,,,nframe_01205,nframe_01206,VALIDATION,VALIDATION,no,v40c_02482,no,yes,no,
orig_004011,original_phash,,,,nframe_01207,nframe_01208,TRAIN,TRAIN,no,v40c_02482,no,yes,no,
orig_004012,original_phash,,,,nframe_01207,nframe_01209,TRAIN,TRAIN,no,v40c_02482,no,yes,no,
orig_004013,original_phash,,,,nframe_01208,nframe_01209,TRAIN,TRAIN,no,v40c_02482,no,yes,no,
orig_004014,original_exact,,,,nframe_01214,nframe_01215,TRAIN,TRAIN,no,v40c_02495,yes,yes,yes,
orig_004015,original_exact,,,,nframe_01217,nframe_01218,TRAIN,TRAIN,no,v40c_02497,yes,yes,yes,
orig_004016,original_dhash,,,,nframe_01219,nframe_01220,TRAIN,TRAIN,no,v40c_02498,no,no,yes,
orig_004017,original_phash,,,,nframe_01220,nframe_01221,TRAIN,TRAIN,no,v40c_02498,no,yes,no,
orig_004018,original_phash,,,,nframe_01221,nframe_01222,TRAIN,TRAIN,no,v40c_02498,no,yes,no,
orig_004019,original_dhash,,,,nframe_01223,nframe_01224,TRAIN,TRAIN,no,v40c_02499,no,no,yes,
orig_004020,original_dhash,,,,nframe_01223,nframe_01225,TRAIN,TRAIN,no,v40c_02499,no,no,yes,
orig_004021,original_phash,,,,nframe_01224,nframe_01225,TRAIN,TRAIN,no,v40c_02499,no,yes,no,
orig_004022,original_phash,,,,nframe_01224,nframe_01226,TRAIN,TRAIN,no,v40c_02499,no,yes,no,
orig_004023,original_phash,,,,nframe_01224,nframe_01227,TRAIN,TRAIN,no,v40c_02499,no,yes,no,
orig_004024,original_phash,,,,nframe_01225,nframe_01227,TRAIN,TRAIN,no,v40c_02499,no,yes,no,
orig_004025,original_phash,,,,nframe_01226,nframe_01227,TRAIN,TRAIN,no,v40c_02499,no,yes,no,
orig_004026,original_exact,,,,nframe_01230,nframe_01231,TRAIN,TRAIN,no,v40c_02502,yes,yes,yes,
orig_004027,original_phash,,,,nframe_01233,nframe_01236,TRAIN,TRAIN,no,v40c_02504,no,yes,no,
orig_004028,original_phash,,,,nframe_01233,nframe_01237,TRAIN,TRAIN,no,v40c_02504,no,yes,no,
orig_004029,original_phash,,,,nframe_01234,nframe_01235,TRAIN,TRAIN,no,v40c_02504,no,yes,yes,
orig_004030,original_phash,,,,nframe_01234,nframe_01236,TRAIN,TRAIN,no,v40c_02504,no,yes,no,
orig_004031,original_phash,,,,nframe_01234,nframe_01237,TRAIN,TRAIN,no,v40c_02504,no,yes,no,
orig_004032,original_phash,,,,nframe_01234,nframe_01238,TRAIN,TRAIN,no,v40c_02504,no,yes,no,
orig_004033,original_phash,,,,nframe_01235,nframe_01236,TRAIN,TRAIN,no,v40c_02504,no,yes,no,
orig_004034,original_phash,,,,nframe_01235,nframe_01237,TRAIN,TRAIN,no,v40c_02504,no,yes,no,
orig_004035,original_phash,,,,nframe_01235,nframe_01238,TRAIN,TRAIN,no,v40c_02504,no,yes,no,
orig_004036,original_exact,,,,nframe_01236,nframe_01237,TRAIN,TRAIN,no,v40c_02504,yes,yes,yes,
orig_004037,original_exact,,,,nframe_01239,nframe_01240,TRAIN,TRAIN,no,v40c_02505,yes,yes,yes,
orig_004038,original_phash,,,,nframe_01239,nframe_01241,TRAIN,TRAIN,no,v40c_02505,no,yes,no,
orig_004039,original_phash,,,,nframe_01240,nframe_01241,TRAIN,TRAIN,no,v40c_02505,no,yes,no,
orig_004040,original_phash,,,,nframe_01241,nframe_01242,TRAIN,TRAIN,no,v40c_02505,no,yes,no,
orig_004041,original_phash,,,,nframe_01241,nframe_01243,TRAIN,TRAIN,no,v40c_02505,no,yes,no,
orig_004042,original_phash,,,,nframe_01246,nframe_01247,TRAIN,TRAIN,no,v40c_02508,no,yes,no,
orig_004043,original_dhash,,,,nframe_01246,nframe_01249,TRAIN,TRAIN,no,v40c_02508,no,no,yes,
orig_004044,original_dhash,,,,nframe_01246,nframe_01250,TRAIN,TRAIN,no,v40c_02508,no,no,yes,
orig_004045,original_dhash,,,,nframe_01247,nframe_01248,TRAIN,TRAIN,no,v40c_02508,no,no,yes,
orig_004046,original_dhash,,,,nframe_01247,nframe_01249,TRAIN,TRAIN,no,v40c_02508,no,no,yes,
orig_004047,original_dhash,,,,nframe_01247,nframe_01250,TRAIN,TRAIN,no,v40c_02508,no,no,yes,
orig_004048,original_dhash,,,,nframe_01247,nframe_01251,TRAIN,TRAIN,no,v40c_02508,no,no,yes,
orig_004049,original_dhash,,,,nframe_01248,nframe_01249,TRAIN,TRAIN,no,v40c_02508,no,no,yes,
orig_004050,original_dhash,,,,nframe_01248,nframe_01250,TRAIN,TRAIN,no,v40c_02508,no,no,yes,
orig_004051,original_dhash,,,,nframe_01248,nframe_01251,TRAIN,TRAIN,no,v40c_02508,no,no,yes,
orig_004052,original_exact,,,,nframe_01249,nframe_01250,TRAIN,TRAIN,no,v40c_02508,yes,yes,yes,
orig_004053,original_dhash,,,,nframe_01249,nframe_01251,TRAIN,TRAIN,no,v40c_02508,no,no,yes,
orig_004054,original_dhash,,,,nframe_01250,nframe_01251,TRAIN,TRAIN,no,v40c_02508,no,no,yes,
orig_004055,original_dhash,,,,nframe_01252,nframe_01253,TRAIN,TRAIN,no,v40c_02509,no,no,yes,
orig_004056,original_dhash,,,,nframe_01252,nframe_01254,TRAIN,TRAIN,no,v40c_02509,no,no,yes,
orig_004057,original_dhash,,,,nframe_01252,nframe_01258,TRAIN,TRAIN,no,v40c_02509,no,no,yes,
orig_004058,original_dhash,,,,nframe_01252,nframe_01259,TRAIN,TRAIN,no,v40c_02509,no,no,yes,
orig_004059,original_dhash,,,,nframe_01252,nframe_01260,TRAIN,TRAIN,no,v40c_02509,no,no,yes,
orig_004060,original_phash,,,,nframe_01253,nframe_01254,TRAIN,TRAIN,no,v40c_02509,no,yes,yes,
orig_004061,original_dhash,,,,nframe_01253,nframe_01259,TRAIN,TRAIN,no,v40c_02509,no,no,yes,
orig_004062,original_dhash,,,,nframe_01254,nframe_01258,TRAIN,TRAIN,no,v40c_02509,no,no,yes,
orig_004063,original_dhash,,,,nframe_01254,nframe_01259,TRAIN,TRAIN,no,v40c_02509,no,no,yes,
orig_004064,original_dhash,,,,nframe_01254,nframe_01260,TRAIN,TRAIN,no,v40c_02509,no,no,yes,
orig_004065,original_phash,,,,nframe_01256,nframe_01257,TRAIN,TRAIN,no,v40c_02509,no,yes,no,
orig_004066,original_phash,,,,nframe_01256,nframe_01258,TRAIN,TRAIN,no,v40c_02509,no,yes,no,
orig_004067,original_dhash,,,,nframe_01258,nframe_01259,TRAIN,TRAIN,no,v40c_02509,no,no,yes,
orig_004068,original_dhash,,,,nframe_01259,nframe_01260,TRAIN,TRAIN,no,v40c_02509,no,no,yes,
orig_004069,original_phash,,,,nframe_01260,nframe_01261,TRAIN,TRAIN,no,v40c_02509,no,yes,no,
orig_004070,original_phash,,,,nframe_01260,nframe_01262,TRAIN,TRAIN,no,v40c_02509,no,yes,no,
orig_004071,original_phash,,,,nframe_01260,nframe_01264,TRAIN,TRAIN,no,v40c_02509,no,yes,no,
orig_004072,original_phash,,,,nframe_01260,nframe_01265,TRAIN,TRAIN,no,v40c_02509,no,yes,no,
orig_004073,original_phash,,,,nframe_01261,nframe_01262,TRAIN,TRAIN,no,v40c_02509,no,yes,no,
orig_004074,original_phash,,,,nframe_01261,nframe_01263,TRAIN,TRAIN,no,v40c_02509,no,yes,no,
orig_004075,original_phash,,,,nframe_01261,nframe_01265,TRAIN,TRAIN,no,v40c_02509,no,yes,no,
orig_004076,original_phash,,,,nframe_01262,nframe_01263,TRAIN,TRAIN,no,v40c_02509,no,yes,no,
orig_004077,original_phash,,,,nframe_01262,nframe_01264,TRAIN,TRAIN,no,v40c_02509,no,yes,yes,
orig_004078,original_phash,,,,nframe_01262,nframe_01265,TRAIN,TRAIN,no,v40c_02509,no,yes,no,
orig_004079,original_dhash,,,,nframe_01263,nframe_01264,TRAIN,TRAIN,no,v40c_02509,no,no,yes,
orig_004080,original_phash,,,,nframe_01263,nframe_01265,TRAIN,TRAIN,no,v40c_02509,no,yes,no,
orig_004081,original_phash,,,,nframe_01266,nframe_01267,VALIDATION,VALIDATION,no,v40c_02509,no,yes,no,
orig_004082,original_exact,,,,nframe_01269,nframe_01270,TRAIN,TRAIN,no,v40c_02511,yes,yes,yes,
orig_004083,original_phash,,,,nframe_01269,nframe_01271,TRAIN,TRAIN,no,v40c_02511,no,yes,no,
orig_004084,original_phash,,,,nframe_01269,nframe_01272,TRAIN,TRAIN,no,v40c_02511,no,yes,no,
orig_004085,original_phash,,,,nframe_01269,nframe_01273,TRAIN,TRAIN,no,v40c_02511,no,yes,no,
orig_004086,original_phash,,,,nframe_01269,nframe_01274,TRAIN,TRAIN,no,v40c_02511,no,yes,no,
orig_004087,original_phash,,,,nframe_01270,nframe_01271,TRAIN,TRAIN,no,v40c_02511,no,yes,no,
orig_004088,original_phash,,,,nframe_01270,nframe_01272,TRAIN,TRAIN,no,v40c_02511,no,yes,no,
orig_004089,original_phash,,,,nframe_01270,nframe_01273,TRAIN,TRAIN,no,v40c_02511,no,yes,no,
orig_004090,original_phash,,,,nframe_01270,nframe_01274,TRAIN,TRAIN,no,v40c_02511,no,yes,no,
orig_004091,original_phash,,,,nframe_01271,nframe_01272,TRAIN,TRAIN,no,v40c_02511,no,yes,no,
orig_004092,original_phash,,,,nframe_01271,nframe_01273,TRAIN,TRAIN,no,v40c_02511,no,yes,no,
orig_004093,original_phash,,,,nframe_01271,nframe_01274,TRAIN,TRAIN,no,v40c_02511,no,yes,no,
orig_004094,original_phash,,,,nframe_01272,nframe_01273,TRAIN,TRAIN,no,v40c_02511,no,yes,no,
orig_004095,original_phash,,,,nframe_01272,nframe_01274,TRAIN,TRAIN,no,v40c_02511,no,yes,no,
orig_004096,original_phash,,,,nframe_01273,nframe_01274,TRAIN,TRAIN,no,v40c_02511,no,yes,no,
orig_004097,original_dhash,,,,nframe_01273,nframe_01275,TRAIN,TRAIN,no,v40c_02511,no,no,yes,
orig_004098,original_dhash,,,,nframe_01273,nframe_01276,TRAIN,TRAIN,no,v40c_02511,no,no,yes,
orig_004099,original_phash,,,,nframe_01275,nframe_01276,TRAIN,TRAIN,no,v40c_02511,no,yes,no,
orig_004100,original_phash,,,,nframe_01277,nframe_01278,TRAIN,TRAIN,no,v40c_02512,no,yes,no,
orig_004101,original_phash,,,,nframe_01279,nframe_01280,TRAIN,TRAIN,no,v40c_02513,no,yes,no,
orig_004102,original_exact,,,,nframe_01281,nframe_01282,TRAIN,TRAIN,no,v40c_02514,yes,yes,yes,
orig_004103,original_phash,,,,nframe_01281,nframe_01283,TRAIN,TRAIN,no,v40c_02514,no,yes,no,
orig_004104,original_phash,,,,nframe_01282,nframe_01283,TRAIN,TRAIN,no,v40c_02514,no,yes,no,
orig_004105,original_phash,,,,nframe_01285,nframe_01286,TRAIN,TRAIN,no,v40c_02516,no,yes,no,
orig_004106,original_phash,,,,nframe_01285,nframe_01291,TRAIN,TRAIN,no,v40c_02516,no,yes,no,
orig_004107,original_phash,,,,nframe_01285,nframe_01292,TRAIN,TRAIN,no,v40c_02516,no,yes,no,
orig_004108,original_phash,,,,nframe_01285,nframe_01293,TRAIN,TRAIN,no,v40c_02516,no,yes,no,
orig_004109,original_phash,,,,nframe_01285,nframe_01294,TRAIN,TRAIN,no,v40c_02516,no,yes,no,
orig_004110,original_phash,,,,nframe_01285,nframe_01295,TRAIN,TRAIN,no,v40c_02516,no,yes,no,
orig_004111,original_phash,,,,nframe_01286,nframe_01287,TRAIN,TRAIN,no,v40c_02516,no,yes,no,
orig_004112,original_phash,,,,nframe_01286,nframe_01288,TRAIN,TRAIN,no,v40c_02516,no,yes,no,
orig_004113,original_phash,,,,nframe_01286,nframe_01291,TRAIN,TRAIN,no,v40c_02516,no,yes,no,
orig_004114,original_phash,,,,nframe_01286,nframe_01292,TRAIN,TRAIN,no,v40c_02516,no,yes,no,
orig_004115,original_phash,,,,nframe_01286,nframe_01293,TRAIN,TRAIN,no,v40c_02516,no,yes,no,
orig_004116,original_phash,,,,nframe_01288,nframe_01289,TRAIN,TRAIN,no,v40c_02516,no,yes,yes,
orig_004117,original_phash,,,,nframe_01288,nframe_01290,TRAIN,TRAIN,no,v40c_02516,no,yes,no,
orig_004118,original_phash,,,,nframe_01288,nframe_01291,TRAIN,TRAIN,no,v40c_02516,no,yes,no,
orig_004119,original_phash,,,,nframe_01288,nframe_01292,TRAIN,TRAIN,no,v40c_02516,no,yes,no,
orig_004120,original_phash,,,,nframe_01288,nframe_01293,TRAIN,TRAIN,no,v40c_02516,no,yes,no,
orig_004121,original_phash,,,,nframe_01288,nframe_01294,TRAIN,TRAIN,no,v40c_02516,no,yes,no,
orig_004122,original_phash,,,,nframe_01288,nframe_01295,TRAIN,TRAIN,no,v40c_02516,no,yes,no,
orig_004123,original_phash,,,,nframe_01289,nframe_01290,TRAIN,TRAIN,no,v40c_02516,no,yes,no,
orig_004124,original_phash,,,,nframe_01290,nframe_01291,TRAIN,TRAIN,no,v40c_02516,no,yes,no,
orig_004125,original_phash,,,,nframe_01290,nframe_01292,TRAIN,TRAIN,no,v40c_02516,no,yes,no,
orig_004126,original_phash,,,,nframe_01290,nframe_01293,TRAIN,TRAIN,no,v40c_02516,no,yes,yes,
orig_004127,original_phash,,,,nframe_01290,nframe_01294,TRAIN,TRAIN,no,v40c_02516,no,yes,yes,
orig_004128,original_phash,,,,nframe_01290,nframe_01295,TRAIN,TRAIN,no,v40c_02516,no,yes,yes,
orig_004129,original_phash,,,,nframe_01291,nframe_01292,TRAIN,TRAIN,no,v40c_02516,no,yes,no,
orig_004130,original_phash,,,,nframe_01291,nframe_01293,TRAIN,TRAIN,no,v40c_02516,no,yes,no,
orig_004131,original_phash,,,,nframe_01291,nframe_01294,TRAIN,TRAIN,no,v40c_02516,no,yes,no,
orig_004132,original_phash,,,,nframe_01291,nframe_01295,TRAIN,TRAIN,no,v40c_02516,no,yes,no,
orig_004133,original_phash,,,,nframe_01292,nframe_01293,TRAIN,TRAIN,no,v40c_02516,no,yes,no,
orig_004134,original_phash,,,,nframe_01292,nframe_01294,TRAIN,TRAIN,no,v40c_02516,no,yes,no,
orig_004135,original_phash,,,,nframe_01292,nframe_01295,TRAIN,TRAIN,no,v40c_02516,no,yes,no,
orig_004136,original_phash,,,,nframe_01293,nframe_01294,TRAIN,TRAIN,no,v40c_02516,no,yes,yes,
orig_004137,original_phash,,,,nframe_01293,nframe_01295,TRAIN,TRAIN,no,v40c_02516,no,yes,yes,
orig_004138,original_exact,,,,nframe_01294,nframe_01295,TRAIN,TRAIN,no,v40c_02516,yes,yes,yes,
orig_004139,original_dhash,,,,nframe_01294,nframe_01296,TRAIN,TRAIN,no,v40c_02516,no,no,yes,
orig_004140,original_dhash,,,,nframe_01295,nframe_01296,TRAIN,TRAIN,no,v40c_02516,no,no,yes,
orig_004141,original_phash,,,,nframe_01296,nframe_01298,TRAIN,TRAIN,no,v40c_02516,no,yes,no,
orig_004142,original_phash,,,,nframe_01296,nframe_01302,TRAIN,TRAIN,no,v40c_02516,no,yes,no,
orig_004143,original_phash,,,,nframe_01298,nframe_01299,TRAIN,TRAIN,no,v40c_02516,no,yes,no,
orig_004144,original_phash,,,,nframe_01298,nframe_01300,TRAIN,TRAIN,no,v40c_02516,no,yes,no,
orig_004145,original_phash,,,,nframe_01298,nframe_01301,TRAIN,TRAIN,no,v40c_02516,no,yes,no,
orig_004146,original_phash,,,,nframe_01298,nframe_01302,TRAIN,TRAIN,no,v40c_02516,no,yes,no,
orig_004147,original_phash,,,,nframe_01299,nframe_01300,TRAIN,TRAIN,no,v40c_02516,no,yes,no,
orig_004148,original_phash,,,,nframe_01299,nframe_01301,TRAIN,TRAIN,no,v40c_02516,no,yes,no,
orig_004149,original_phash,,,,nframe_01299,nframe_01302,TRAIN,TRAIN,no,v40c_02516,no,yes,no,
orig_004150,original_exact,,,,nframe_01300,nframe_01301,TRAIN,TRAIN,no,v40c_02516,yes,yes,yes,
orig_004151,original_phash,,,,nframe_01300,nframe_01302,TRAIN,TRAIN,no,v40c_02516,no,yes,no,
orig_004152,original_phash,,,,nframe_01301,nframe_01302,TRAIN,TRAIN,no,v40c_02516,no,yes,no,
orig_004153,original_phash,,,,nframe_01304,nframe_01305,TRAIN,TRAIN,no,v40c_02519,no,yes,no,
orig_004154,original_phash,,,,nframe_01304,nframe_01306,TRAIN,TRAIN,no,v40c_02519,no,yes,no,
orig_004155,original_exact,,,,nframe_01305,nframe_01306,TRAIN,TRAIN,no,v40c_02519,yes,yes,yes,
orig_004156,original_phash,,,,nframe_01308,nframe_01309,TRAIN,TRAIN,no,v40c_02521,no,yes,no,
orig_004157,original_phash,,,,nframe_01310,nframe_01311,TRAIN,TRAIN,no,v40c_02522,no,yes,no,
orig_004158,original_phash,,,,nframe_01312,nframe_01317,TRAIN,TRAIN,no,v40c_02523,no,yes,no,
orig_004159,original_phash,,,,nframe_01314,nframe_01315,TRAIN,TRAIN,no,v40c_02524,no,yes,no,
orig_004160,original_phash,,,,nframe_01314,nframe_01319,TRAIN,TRAIN,no,v40c_02524,no,yes,no,
orig_004161,original_phash,,,,nframe_01315,nframe_01316,TRAIN,TRAIN,no,v40c_02524,no,yes,no,
orig_004162,original_phash,,,,nframe_01317,nframe_01318,TRAIN,TRAIN,no,v40c_02523,no,yes,yes,
orig_004163,original_phash,,,,nframe_01319,nframe_01320,TRAIN,TRAIN,no,v40c_02524,no,yes,yes,
orig_004164,original_phash,,,,nframe_01320,nframe_01321,TRAIN,TRAIN,no,v40c_02524,no,yes,yes,
orig_004165,original_phash,,,,nframe_01320,nframe_01322,TRAIN,TRAIN,no,v40c_02524,no,yes,no,
orig_004166,original_phash,,,,nframe_01321,nframe_01322,TRAIN,TRAIN,no,v40c_02524,no,yes,no,
orig_004167,original_phash,,,,nframe_01323,nframe_01324,TRAIN,TRAIN,no,v40c_02525,no,yes,no,
orig_004168,original_phash,,,,nframe_01324,nframe_01325,TRAIN,TRAIN,no,v40c_02525,no,yes,no,
orig_004169,original_phash,,,,nframe_01324,nframe_01326,TRAIN,TRAIN,no,v40c_02525,no,yes,no,
orig_004170,original_phash,,,,nframe_01325,nframe_01326,TRAIN,TRAIN,no,v40c_02525,no,yes,no,
orig_004171,original_phash,,,,nframe_01325,nframe_01327,TRAIN,TRAIN,no,v40c_02525,no,yes,no,
orig_004172,original_phash,,,,nframe_01326,nframe_01327,TRAIN,TRAIN,no,v40c_02525,no,yes,no,
orig_004173,original_phash,,,,nframe_01328,nframe_01331,TRAIN,TRAIN,no,v40c_02526,no,yes,no,
orig_004174,original_phash,,,,nframe_01329,nframe_01330,TRAIN,TRAIN,no,v40c_02526,no,yes,no,
orig_004175,original_phash,,,,nframe_01329,nframe_01331,TRAIN,TRAIN,no,v40c_02526,no,yes,no,
orig_004176,original_phash,,,,nframe_01329,nframe_01332,TRAIN,TRAIN,no,v40c_02526,no,yes,no,
orig_004177,original_phash,,,,nframe_01329,nframe_01333,TRAIN,TRAIN,no,v40c_02526,no,yes,no,
orig_004178,original_phash,,,,nframe_01329,nframe_01334,TRAIN,TRAIN,no,v40c_02526,no,yes,no,
orig_004179,original_phash,,,,nframe_01329,nframe_01335,TRAIN,TRAIN,no,v40c_02526,no,yes,no,
orig_004180,original_phash,,,,nframe_01330,nframe_01331,TRAIN,TRAIN,no,v40c_02526,no,yes,no,
orig_004181,original_phash,,,,nframe_01330,nframe_01332,TRAIN,TRAIN,no,v40c_02526,no,yes,no,
orig_004182,original_phash,,,,nframe_01330,nframe_01333,TRAIN,TRAIN,no,v40c_02526,no,yes,no,
orig_004183,original_phash,,,,nframe_01330,nframe_01334,TRAIN,TRAIN,no,v40c_02526,no,yes,no,
orig_004184,original_phash,,,,nframe_01330,nframe_01335,TRAIN,TRAIN,no,v40c_02526,no,yes,no,
orig_004185,original_phash,,,,nframe_01331,nframe_01332,TRAIN,TRAIN,no,v40c_02526,no,yes,no,
orig_004186,original_phash,,,,nframe_01331,nframe_01333,TRAIN,TRAIN,no,v40c_02526,no,yes,no,
orig_004187,original_phash,,,,nframe_01331,nframe_01334,TRAIN,TRAIN,no,v40c_02526,no,yes,no,
orig_004188,original_phash,,,,nframe_01331,nframe_01335,TRAIN,TRAIN,no,v40c_02526,no,yes,no,
orig_004189,original_phash,,,,nframe_01332,nframe_01333,TRAIN,TRAIN,no,v40c_02526,no,yes,no,
orig_004190,original_phash,,,,nframe_01332,nframe_01334,TRAIN,TRAIN,no,v40c_02526,no,yes,no,
orig_004191,original_phash,,,,nframe_01332,nframe_01335,TRAIN,TRAIN,no,v40c_02526,no,yes,no,
orig_004192,original_phash,,,,nframe_01333,nframe_01334,TRAIN,TRAIN,no,v40c_02526,no,yes,no,
orig_004193,original_phash,,,,nframe_01333,nframe_01335,TRAIN,TRAIN,no,v40c_02526,no,yes,no,
orig_004194,original_exact,,,,nframe_01334,nframe_01335,TRAIN,TRAIN,no,v40c_02526,yes,yes,yes,
orig_004195,original_phash,,,,nframe_01337,nframe_01338,TRAIN,TRAIN,no,v40c_02528,no,yes,no,
orig_004196,original_phash,,,,nframe_01340,nframe_01341,TRAIN,TRAIN,no,v40c_02530,no,yes,no,
orig_004197,original_phash,,,,nframe_01342,nframe_01343,TRAIN,TRAIN,no,v40c_02531,no,yes,no,
orig_004198,original_phash,,,,nframe_01344,nframe_01345,TRAIN,TRAIN,no,v40c_02532,no,yes,no,
orig_004199,original_phash,,,,nframe_01344,nframe_01347,TRAIN,TRAIN,no,v40c_02532,no,yes,no,
orig_004200,original_phash,,,,nframe_01344,nframe_01348,TRAIN,TRAIN,no,v40c_02532,no,yes,no,
orig_004201,original_phash,,,,nframe_01345,nframe_01346,TRAIN,TRAIN,no,v40c_02532,no,yes,no,
orig_004202,original_exact,,,,nframe_01347,nframe_01348,TRAIN,TRAIN,no,v40c_02532,yes,yes,yes,
orig_004203,original_phash,,,,nframe_01351,nframe_01352,TRAIN,TRAIN,no,v40c_02535,no,yes,no,
orig_004204,original_phash,,,,nframe_01351,nframe_01353,TRAIN,TRAIN,no,v40c_02535,no,yes,no,
orig_004205,original_exact,,,,nframe_01352,nframe_01353,TRAIN,TRAIN,no,v40c_02535,yes,yes,yes,
orig_004206,original_exact,,,,nframe_01359,nframe_01360,TRAIN,TRAIN,no,v40c_02541,yes,yes,yes,
orig_004207,original_phash,,,,nframe_01365,nframe_01366,TRAIN,TRAIN,no,v40c_02546,no,yes,no,
orig_004208,original_phash,,,,nframe_01366,nframe_01367,TRAIN,TRAIN,no,v40c_02546,no,yes,no,
orig_004209,original_phash,,,,nframe_01369,nframe_01370,TRAIN,TRAIN,no,v40c_02548,no,yes,no,
orig_004210,original_phash,,,,nframe_01371,nframe_01372,TRAIN,TRAIN,no,v40c_02549,no,yes,no,
orig_004211,original_phash,,,,nframe_01372,nframe_01373,TRAIN,TRAIN,no,v40c_02549,no,yes,no,
orig_004212,original_phash,,,,nframe_01372,nframe_01374,TRAIN,TRAIN,no,v40c_02549,no,yes,yes,
orig_004213,original_phash,,,,nframe_01372,nframe_01375,TRAIN,TRAIN,no,v40c_02549,no,yes,yes,
orig_004214,original_phash,,,,nframe_01372,nframe_01376,TRAIN,TRAIN,no,v40c_02549,no,yes,yes,
orig_004215,original_phash,,,,nframe_01373,nframe_01374,TRAIN,TRAIN,no,v40c_02549,no,yes,yes,
orig_004216,original_dhash,,,,nframe_01373,nframe_01375,TRAIN,TRAIN,no,v40c_02549,no,no,yes,
orig_004217,original_dhash,,,,nframe_01373,nframe_01376,TRAIN,TRAIN,no,v40c_02549,no,no,yes,
orig_004218,original_phash,,,,nframe_01374,nframe_01375,TRAIN,TRAIN,no,v40c_02549,no,yes,yes,
orig_004219,original_phash,,,,nframe_01374,nframe_01376,TRAIN,TRAIN,no,v40c_02549,no,yes,yes,
orig_004220,original_exact,,,,nframe_01375,nframe_01376,TRAIN,TRAIN,no,v40c_02549,yes,yes,yes,
orig_004221,original_exact,,,,nframe_01377,nframe_01378,TRAIN,TRAIN,no,v40c_02550,yes,yes,yes,
orig_004222,original_exact,,,,nframe_01381,nframe_01382,TRAIN,TRAIN,no,v40c_02553,yes,yes,yes,
orig_004223,original_phash,,,,nframe_01381,nframe_01384,TRAIN,TRAIN,no,v40c_02553,no,yes,no,
orig_004224,original_phash,,,,nframe_01382,nframe_01384,TRAIN,TRAIN,no,v40c_02553,no,yes,no,
orig_004225,original_exact,,,,nframe_01386,nframe_01387,TRAIN,TRAIN,no,v40c_02556,yes,yes,yes,
orig_004226,original_phash,,,,nframe_01409,nframe_01410,VALIDATION,VALIDATION,no,v40c_02562,no,yes,no,
orig_004227,original_phash,,,,nframe_01409,nframe_01415,VALIDATION,VALIDATION,no,v40c_02562,no,yes,no,
orig_004228,original_phash,,,,nframe_01409,nframe_01416,VALIDATION,VALIDATION,no,v40c_02562,no,yes,no,
orig_004229,original_phash,,,,nframe_01410,nframe_01415,VALIDATION,VALIDATION,no,v40c_02562,no,yes,no,
orig_004230,original_phash,,,,nframe_01410,nframe_01416,VALIDATION,VALIDATION,no,v40c_02562,no,yes,no,
orig_004231,original_phash,,,,nframe_01414,nframe_01415,VALIDATION,VALIDATION,no,v40c_02562,no,yes,no,
orig_004232,original_phash,,,,nframe_01414,nframe_01416,VALIDATION,VALIDATION,no,v40c_02562,no,yes,no,
orig_004233,original_phash,,,,nframe_01415,nframe_01416,VALIDATION,VALIDATION,no,v40c_02562,no,yes,no,
orig_004234,original_exact,,,,nframe_01419,nframe_01420,VALIDATION,VALIDATION,no,v40c_02568,yes,yes,yes,
orig_004235,original_phash,,,,nframe_01421,nframe_01422,VALIDATION,VALIDATION,no,v40c_02569,no,yes,yes,
orig_004236,original_phash,,,,nframe_01421,nframe_01423,VALIDATION,VALIDATION,no,v40c_02569,no,yes,no,
orig_004237,original_phash,,,,nframe_01421,nframe_01424,VALIDATION,VALIDATION,no,v40c_02569,no,yes,no,
orig_004238,original_phash,,,,nframe_01422,nframe_01423,VALIDATION,VALIDATION,no,v40c_02569,no,yes,no,
orig_004239,original_phash,,,,nframe_01422,nframe_01424,VALIDATION,VALIDATION,no,v40c_02569,no,yes,no,
orig_004240,original_exact,,,,nframe_01423,nframe_01424,VALIDATION,VALIDATION,no,v40c_02569,yes,yes,yes,
orig_004241,original_exact,,,,nframe_01425,nframe_01426,VALIDATION,VALIDATION,no,v40c_02570,yes,yes,yes,
orig_004242,original_exact,,,,nframe_01427,nframe_01428,VALIDATION,VALIDATION,no,v40c_02571,yes,yes,yes,
orig_004243,original_dhash,,,,nframe_01430,nframe_01431,VALIDATION,VALIDATION,no,v40c_02572,no,no,yes,
orig_004244,original_phash,,,,nframe_01431,nframe_01432,VALIDATION,VALIDATION,no,v40c_02572,no,yes,yes,
orig_004245,original_phash,,,,nframe_01431,nframe_01433,VALIDATION,VALIDATION,no,v40c_02572,no,yes,yes,
orig_004246,original_exact,,,,nframe_01432,nframe_01433,VALIDATION,VALIDATION,no,v40c_02572,yes,yes,yes,
orig_004247,original_dhash,,,,nframe_01434,nframe_01435,VALIDATION,VALIDATION,no,v40c_02573,no,no,yes,
orig_004248,original_dhash,,,,nframe_01434,nframe_01436,VALIDATION,VALIDATION,no,v40c_02573,no,no,yes,
orig_004249,original_exact,,,,nframe_01435,nframe_01436,VALIDATION,VALIDATION,no,v40c_02573,yes,yes,yes,
orig_004250,original_phash,,,,nframe_01437,nframe_01438,VALIDATION,VALIDATION,no,v40c_02574,no,yes,no,
orig_004251,original_phash,,,,nframe_01437,nframe_01439,VALIDATION,VALIDATION,no,v40c_02574,no,yes,no,
orig_004252,original_exact,,,,nframe_01438,nframe_01439,VALIDATION,VALIDATION,no,v40c_02574,yes,yes,yes,
orig_004253,original_phash,,,,nframe_01438,nframe_01440,VALIDATION,VALIDATION,no,v40c_02574,no,yes,no,
orig_004254,original_phash,,,,nframe_01439,nframe_01440,VALIDATION,VALIDATION,no,v40c_02574,no,yes,no,
orig_004255,original_dhash,,,,nframe_01443,nframe_01446,VALIDATION,VALIDATION,no,v40c_02577,no,no,yes,
orig_004256,original_dhash,,,,nframe_01443,nframe_01447,VALIDATION,VALIDATION,no,v40c_02577,no,no,yes,
orig_004257,original_exact,,,,nframe_01444,nframe_01445,VALIDATION,VALIDATION,no,v40c_02578,yes,yes,yes,
orig_004258,original_exact,,,,nframe_01446,nframe_01447,VALIDATION,VALIDATION,no,v40c_02577,yes,yes,yes,
orig_004259,original_phash,,,,nframe_01446,nframe_01448,VALIDATION,VALIDATION,no,v40c_02577,no,yes,no,
orig_004260,original_phash,,,,nframe_01447,nframe_01448,VALIDATION,VALIDATION,no,v40c_02577,no,yes,no,
orig_004261,original_dhash,,,,nframe_01448,nframe_01449,VALIDATION,VALIDATION,no,v40c_02577,no,no,yes,
orig_004262,original_phash,,,,nframe_01450,nframe_01451,VALIDATION,VALIDATION,no,v40c_02579,no,yes,no,
orig_004263,original_dhash,,,,nframe_01450,nframe_01452,VALIDATION,VALIDATION,no,v40c_02579,no,no,yes,
orig_004264,original_phash,,,,nframe_01451,nframe_01452,VALIDATION,VALIDATION,no,v40c_02579,no,yes,no,
orig_004265,original_phash,,,,nframe_01452,nframe_01455,VALIDATION,VALIDATION,no,v40c_02579,no,yes,yes,
orig_004266,original_phash,,,,nframe_01453,nframe_01454,VALIDATION,VALIDATION,no,v40c_02580,no,yes,no,
orig_004267,original_dhash,,,,nframe_01455,nframe_01456,VALIDATION,VALIDATION,no,v40c_02579,no,no,yes,
orig_004268,original_phash,,,,nframe_01456,nframe_01457,VALIDATION,VALIDATION,no,v40c_02579,no,yes,no,
orig_004269,original_phash,,,,nframe_01456,nframe_01459,VALIDATION,VALIDATION,no,v40c_02579,no,yes,no,
orig_004270,original_phash,,,,nframe_01456,nframe_01460,VALIDATION,VALIDATION,no,v40c_02579,no,yes,no,
orig_004271,original_phash,,,,nframe_01457,nframe_01459,VALIDATION,VALIDATION,no,v40c_02579,no,yes,no,
orig_004272,original_phash,,,,nframe_01457,nframe_01460,VALIDATION,VALIDATION,no,v40c_02579,no,yes,no,
orig_004273,original_phash,,,,nframe_01457,nframe_01461,VALIDATION,VALIDATION,no,v40c_02579,no,yes,no,
orig_004274,original_phash,,,,nframe_01459,nframe_01460,VALIDATION,VALIDATION,no,v40c_02579,no,yes,no,
orig_004275,original_phash,,,,nframe_01460,nframe_01461,VALIDATION,VALIDATION,no,v40c_02579,no,yes,no,
orig_004276,original_phash,,,,nframe_01463,nframe_01464,VALIDATION,VALIDATION,no,v40c_02582,no,yes,no,
orig_004277,original_phash,,,,nframe_01464,nframe_01465,VALIDATION,VALIDATION,no,v40c_02582,no,yes,yes,
orig_004278,original_phash,,,,nframe_01465,nframe_01466,VALIDATION,VALIDATION,no,v40c_02582,no,yes,no,
orig_004279,original_phash,,,,nframe_01468,nframe_01469,VALIDATION,VALIDATION,no,v40c_02584,no,yes,yes,
orig_004280,original_phash,,,,nframe_01468,nframe_01470,VALIDATION,VALIDATION,no,v40c_02584,no,yes,no,
orig_004281,original_phash,,,,nframe_01469,nframe_01470,VALIDATION,VALIDATION,no,v40c_02584,no,yes,no,
orig_004282,original_dhash,,,,nframe_01488,nframe_01489,TRAIN,TRAIN,no,v40c_02586,no,no,yes,
orig_004283,original_phash,,,,nframe_01489,nframe_01490,TRAIN,TRAIN,no,v40c_02586,no,yes,yes,
orig_004284,original_dhash,,,,nframe_01490,nframe_01491,TRAIN,TRAIN,no,v40c_02586,no,no,yes,
orig_004285,original_phash,,,,nframe_01491,nframe_01492,TRAIN,TRAIN,no,v40c_02586,no,yes,no,
orig_004286,original_phash,,,,nframe_01493,nframe_01494,TRAIN,TRAIN,no,v40c_02587,no,yes,yes,
orig_004287,original_phash,,,,nframe_01493,nframe_01495,TRAIN,TRAIN,no,v40c_02587,no,yes,no,
orig_004288,original_phash,,,,nframe_01494,nframe_01495,TRAIN,TRAIN,no,v40c_02587,no,yes,yes,
orig_004289,original_exact,,,,nframe_01496,nframe_01497,TRAIN,TRAIN,no,v40c_02588,yes,yes,yes,
orig_004290,original_dhash,,,,nframe_01499,nframe_01500,TRAIN,TRAIN,no,v40c_02590,no,no,yes,
orig_004291,original_phash,,,,nframe_01502,nframe_01503,TRAIN,TRAIN,no,v40c_02592,no,yes,no,
orig_004292,original_dhash,,,,nframe_01506,nframe_01508,TRAIN,TRAIN,no,v40c_02595,no,no,yes,
orig_004293,original_phash,,,,nframe_01507,nframe_01508,TRAIN,TRAIN,no,v40c_02595,no,yes,yes,
orig_004294,original_phash,,,,nframe_01509,nframe_01510,TRAIN,TRAIN,no,v40c_02596,no,yes,no,
orig_004295,original_phash,,,,nframe_01514,nframe_01516,TRAIN,TRAIN,no,v40c_02600,no,yes,no,
orig_004296,original_phash,,,,nframe_01515,nframe_01516,TRAIN,TRAIN,no,v40c_02600,no,yes,no,
orig_004297,original_phash,,,,nframe_01523,nframe_01524,TRAIN,TRAIN,no,v40c_02607,no,yes,no,
orig_004298,original_phash,,,,nframe_01525,nframe_01526,TRAIN,TRAIN,no,v40c_02608,no,yes,no,
orig_004299,original_phash,,,,nframe_01525,nframe_01527,TRAIN,TRAIN,no,v40c_02608,no,yes,no,
orig_004300,original_exact,,,,nframe_01526,nframe_01527,TRAIN,TRAIN,no,v40c_02608,yes,yes,yes,
orig_004301,original_phash,,,,nframe_01528,nframe_01529,TRAIN,TRAIN,no,v40c_02609,no,yes,yes,
orig_004302,original_phash,,,,nframe_01529,nframe_01531,TRAIN,TRAIN,no,v40c_02609,no,yes,no,
orig_004303,original_phash,,,,nframe_01530,nframe_01532,TRAIN,TRAIN,no,v40c_02609,no,yes,yes,
orig_004304,original_phash,,,,nframe_01531,nframe_01532,TRAIN,TRAIN,no,v40c_02609,no,yes,no,
orig_004305,original_phash,,,,nframe_01531,nframe_01533,TRAIN,TRAIN,no,v40c_02609,no,yes,no,
orig_004306,original_phash,,,,nframe_01532,nframe_01533,TRAIN,TRAIN,no,v40c_02609,no,yes,no,
orig_004307,original_phash,,,,nframe_01533,nframe_01534,TRAIN,TRAIN,no,v40c_02609,no,yes,no,
orig_004308,original_dhash,,,,nframe_01535,nframe_01537,TRAIN,TRAIN,no,v40c_02610,no,no,yes,
orig_004309,original_phash,,,,nframe_01536,nframe_01537,TRAIN,TRAIN,no,v40c_02610,no,yes,no,
orig_004310,original_dhash,,,,nframe_01538,nframe_01539,TRAIN,TRAIN,no,v40c_02611,no,no,yes,
orig_004311,original_phash,,,,nframe_01539,nframe_01540,TRAIN,TRAIN,no,v40c_02611,no,yes,no,
orig_004312,original_phash,,,,nframe_01545,nframe_01546,TRAIN,TRAIN,no,v40c_02615,no,yes,no,
orig_004313,original_phash,,,,nframe_01548,nframe_01549,TRAIN,TRAIN,no,v40c_02617,no,yes,no,
orig_004314,original_phash,,,,nframe_01552,nframe_01553,TRAIN,TRAIN,no,v40c_02619,no,yes,no,
orig_004315,original_phash,,,,nframe_01552,nframe_01554,TRAIN,TRAIN,no,v40c_02619,no,yes,no,
orig_004316,original_phash,,,,nframe_01552,nframe_01555,TRAIN,TRAIN,no,v40c_02619,no,yes,no,
orig_004317,original_phash,,,,nframe_01553,nframe_01554,TRAIN,TRAIN,no,v40c_02619,no,yes,no,
orig_004318,original_phash,,,,nframe_01553,nframe_01555,TRAIN,TRAIN,no,v40c_02619,no,yes,no,
orig_004319,original_exact,,,,nframe_01554,nframe_01555,TRAIN,TRAIN,no,v40c_02619,yes,yes,yes,
orig_004320,original_phash,,,,nframe_01558,nframe_01559,TRAIN,TRAIN,no,v40c_02622,no,yes,no,
orig_004321,original_phash,,,,nframe_01562,nframe_01563,TRAIN,TRAIN,no,v40c_02625,no,yes,no,
orig_004322,original_phash,,,,nframe_01565,nframe_01566,TRAIN,TRAIN,no,v40c_02627,no,yes,no,
orig_004323,original_phash,,,,nframe_01566,nframe_01567,TRAIN,TRAIN,no,v40c_02627,no,yes,no,
orig_004324,original_exact,,,,nframe_01568,nframe_01569,TRAIN,TRAIN,no,v40c_02628,yes,yes,yes,
orig_004325,original_phash,,,,nframe_01568,nframe_01570,TRAIN,TRAIN,no,v40c_02628,no,yes,no,
orig_004326,original_phash,,,,nframe_01569,nframe_01570,TRAIN,TRAIN,no,v40c_02628,no,yes,no,
orig_004327,original_phash,,,,nframe_01575,nframe_01576,TRAIN,TRAIN,no,v40c_02633,no,yes,no,
orig_004328,original_exact,,,,nframe_01581,nframe_01582,TRAIN,TRAIN,no,v40c_02638,yes,yes,yes,
orig_004329,original_phash,,,,nframe_01584,nframe_01586,TRAIN,TRAIN,no,v40c_02640,no,yes,no,
orig_004330,original_phash,,,,nframe_01588,nframe_01643,TRAIN,TRAIN,no,v40c_02643,no,yes,no,
orig_004331,original_phash,,,,nframe_01588,nframe_01644,TRAIN,TRAIN,no,v40c_02643,no,yes,no,
orig_004332,original_phash,,,,nframe_01589,nframe_01591,TRAIN,TRAIN,no,v40c_02644,no,yes,no,
orig_004333,original_phash,,,,nframe_01590,nframe_01591,TRAIN,TRAIN,no,v40c_02644,no,yes,no,
orig_004334,original_exact,,,,nframe_01593,nframe_01594,TRAIN,TRAIN,no,v40c_02646,yes,yes,yes,
orig_004335,original_phash,,,,nframe_01595,nframe_01642,TRAIN,TRAIN,no,v40c_02643,no,yes,no,
orig_004336,original_phash,,,,nframe_01595,nframe_01643,TRAIN,TRAIN,no,v40c_02643,no,yes,no,
orig_004337,original_phash,,,,nframe_01595,nframe_01650,TRAIN,TRAIN,no,v40c_02643,no,yes,no,
orig_004338,original_phash,,,,nframe_01595,nframe_01651,TRAIN,TRAIN,no,v40c_02643,no,yes,no,
orig_004339,original_phash,,,,nframe_01596,nframe_01640,TRAIN,TRAIN,no,v40c_02643,no,yes,no,
orig_004340,original_phash,,,,nframe_01596,nframe_01642,TRAIN,TRAIN,no,v40c_02643,no,yes,no,
orig_004341,original_phash,,,,nframe_01597,nframe_01598,TRAIN,TRAIN,no,v40c_02647,no,yes,no,
orig_004342,original_phash,,,,nframe_01597,nframe_01612,TRAIN,TRAIN,no,v40c_02647,no,yes,no,
orig_004343,original_phash,,,,nframe_01597,nframe_01613,TRAIN,TRAIN,no,v40c_02647,no,yes,no,
orig_004344,original_phash,,,,nframe_01597,nframe_01614,TRAIN,TRAIN,no,v40c_02647,no,yes,no,
orig_004345,original_phash,,,,nframe_01597,nframe_01615,TRAIN,TRAIN,no,v40c_02647,no,yes,no,
orig_004346,original_phash,,,,nframe_01597,nframe_01622,TRAIN,TRAIN,no,v40c_02647,no,yes,no,
orig_004347,original_phash,,,,nframe_01597,nframe_01633,TRAIN,TRAIN,no,v40c_02647,no,yes,no,
orig_004348,original_phash,,,,nframe_01597,nframe_01634,TRAIN,TRAIN,no,v40c_02647,no,yes,no,
orig_004349,original_phash,,,,nframe_01598,nframe_01599,TRAIN,TRAIN,no,v40c_02647,no,yes,no,
orig_004350,original_phash,,,,nframe_01598,nframe_01603,TRAIN,TRAIN,no,v40c_02647,no,yes,no,
orig_004351,original_phash,,,,nframe_01598,nframe_01611,TRAIN,TRAIN,no,v40c_02647,no,yes,no,
orig_004352,original_phash,,,,nframe_01598,nframe_01612,TRAIN,TRAIN,no,v40c_02647,no,yes,no,
orig_004353,original_phash,,,,nframe_01598,nframe_01613,TRAIN,TRAIN,no,v40c_02647,no,yes,no,
orig_004354,original_phash,,,,nframe_01598,nframe_01614,TRAIN,TRAIN,no,v40c_02647,no,yes,no,
orig_004355,original_phash,,,,nframe_01598,nframe_01615,TRAIN,TRAIN,no,v40c_02647,no,yes,no,
orig_004356,original_phash,,,,nframe_01598,nframe_01622,TRAIN,TRAIN,no,v40c_02647,no,yes,no,
orig_004357,original_phash,,,,nframe_01598,nframe_01633,TRAIN,TRAIN,no,v40c_02647,no,yes,no,
orig_004358,original_phash,,,,nframe_01598,nframe_01634,TRAIN,TRAIN,no,v40c_02647,no,yes,no,
orig_004359,original_phash,,,,nframe_01598,nframe_01635,TRAIN,TRAIN,no,v40c_02647,no,yes,no,
orig_004360,original_phash,,,,nframe_01599,nframe_01600,TRAIN,TRAIN,no,v40c_02647,no,yes,no,
orig_004361,original_phash,,,,nframe_01599,nframe_01601,TRAIN,TRAIN,no,v40c_02647,no,yes,no,
orig_004362,original_phash,,,,nframe_01599,nframe_01603,TRAIN,TRAIN,no,v40c_02647,no,yes,no,
orig_004363,original_phash,,,,nframe_01599,nframe_01604,TRAIN,TRAIN,no,v40c_02647,no,yes,no,
orig_004364,original_phash,,,,nframe_01599,nframe_01605,TRAIN,TRAIN,no,v40c_02647,no,yes,no,
orig_004365,original_phash,,,,nframe_01599,nframe_01611,TRAIN,TRAIN,no,v40c_02647,no,yes,no,
orig_004366,original_phash,,,,nframe_01599,nframe_01612,TRAIN,TRAIN,no,v40c_02647,no,yes,no,
orig_004367,original_phash,,,,nframe_01599,nframe_01613,TRAIN,TRAIN,no,v40c_02647,no,yes,no,
orig_004368,original_phash,,,,nframe_01599,nframe_01614,TRAIN,TRAIN,no,v40c_02647,no,yes,no,
orig_004369,original_phash,,,,nframe_01599,nframe_01616,TRAIN,TRAIN,no,v40c_02647,no,yes,no,
orig_004370,original_phash,,,,nframe_01599,nframe_01622,TRAIN,TRAIN,no,v40c_02647,no,yes,no,
orig_004371,original_phash,,,,nframe_01599,nframe_01632,TRAIN,TRAIN,no,v40c_02647,no,yes,no,
orig_004372,original_phash,,,,nframe_01599,nframe_01633,TRAIN,TRAIN,no,v40c_02647,no,yes,no,
orig_004373,original_phash,,,,nframe_01599,nframe_01634,TRAIN,TRAIN,no,v40c_02647,no,yes,no,
orig_004374,original_phash,,,,nframe_01599,nframe_01635,TRAIN,TRAIN,no,v40c_02647,no,yes,no,
orig_004375,original_phash,,,,nframe_01600,nframe_01601,TRAIN,TRAIN,no,v40c_02647,no,yes,no,
orig_004376,original_phash,,,,nframe_01600,nframe_01602,TRAIN,TRAIN,no,v40c_02647,no,yes,no,
orig_004377,original_phash,,,,nframe_01600,nframe_01603,TRAIN,TRAIN,no,v40c_02647,no,yes,no,
orig_004378,original_phash,,,,nframe_01600,nframe_01614,TRAIN,TRAIN,no,v40c_02647,no,yes,no,
orig_004379,original_phash,,,,nframe_01600,nframe_01633,TRAIN,TRAIN,no,v40c_02647,no,yes,no,
orig_004380,original_phash,,,,nframe_01600,nframe_01634,TRAIN,TRAIN,no,v40c_02647,no,yes,no,
orig_004381,original_phash,,,,nframe_01600,nframe_01635,TRAIN,TRAIN,no,v40c_02647,no,yes,no,
orig_004382,original_phash,,,,nframe_01601,nframe_01602,TRAIN,TRAIN,no,v40c_02647,no,yes,yes,
orig_004383,original_phash,,,,nframe_01601,nframe_01603,TRAIN,TRAIN,no,v40c_02647,no,yes,no,
orig_004384,original_phash,,,,nframe_01601,nframe_01614,TRAIN,TRAIN,no,v40c_02647,no,yes,no,
orig_004385,original_phash,,,,nframe_01601,nframe_01633,TRAIN,TRAIN,no,v40c_02647,no,yes,no,
orig_004386,original_phash,,,,nframe_01601,nframe_01634,TRAIN,TRAIN,no,v40c_02647,no,yes,no,
orig_004387,original_phash,,,,nframe_01601,nframe_01635,TRAIN,TRAIN,no,v40c_02647,no,yes,no,
orig_004388,original_phash,,,,nframe_01602,nframe_01603,TRAIN,TRAIN,no,v40c_02647,no,yes,no,
orig_004389,original_phash,,,,nframe_01602,nframe_01614,TRAIN,TRAIN,no,v40c_02647,no,yes,no,
orig_004390,original_phash,,,,nframe_01602,nframe_01635,TRAIN,TRAIN,no,v40c_02647,no,yes,no,
orig_004391,original_phash,,,,nframe_01603,nframe_01604,TRAIN,TRAIN,no,v40c_02647,no,yes,no,
orig_004392,original_phash,,,,nframe_01603,nframe_01605,TRAIN,TRAIN,no,v40c_02647,no,yes,no,
orig_004393,original_phash,,,,nframe_01603,nframe_01612,TRAIN,TRAIN,no,v40c_02647,no,yes,no,
orig_004394,original_phash,,,,nframe_01603,nframe_01613,TRAIN,TRAIN,no,v40c_02647,no,yes,no,
orig_004395,original_phash,,,,nframe_01603,nframe_01614,TRAIN,TRAIN,no,v40c_02647,no,yes,no,
orig_004396,original_phash,,,,nframe_01603,nframe_01616,TRAIN,TRAIN,no,v40c_02647,no,yes,no,
orig_004397,original_phash,,,,nframe_01603,nframe_01633,TRAIN,TRAIN,no,v40c_02647,no,yes,no,
orig_004398,original_phash,,,,nframe_01603,nframe_01634,TRAIN,TRAIN,no,v40c_02647,no,yes,no,
orig_004399,original_phash,,,,nframe_01603,nframe_01635,TRAIN,TRAIN,no,v40c_02647,no,yes,no,
orig_004400,original_phash,,,,nframe_01604,nframe_01605,TRAIN,TRAIN,no,v40c_02647,no,yes,no,
orig_004401,original_phash,,,,nframe_01604,nframe_01608,TRAIN,TRAIN,no,v40c_02647,no,yes,no,
orig_004402,original_phash,,,,nframe_01604,nframe_01611,TRAIN,TRAIN,no,v40c_02647,no,yes,no,
orig_004403,original_phash,,,,nframe_01604,nframe_01612,TRAIN,TRAIN,no,v40c_02647,no,yes,no,
orig_004404,original_phash,,,,nframe_01604,nframe_01613,TRAIN,TRAIN,no,v40c_02647,no,yes,no,
orig_004405,original_phash,,,,nframe_01604,nframe_01616,TRAIN,TRAIN,no,v40c_02647,no,yes,no,
orig_004406,original_phash,,,,nframe_01604,nframe_01622,TRAIN,TRAIN,no,v40c_02647,no,yes,no,
orig_004407,original_phash,,,,nframe_01604,nframe_01632,TRAIN,TRAIN,no,v40c_02647,no,yes,no,
orig_004408,original_phash,,,,nframe_01605,nframe_01608,TRAIN,TRAIN,no,v40c_02647,no,yes,no,
orig_004409,original_phash,,,,nframe_01605,nframe_01609,TRAIN,TRAIN,no,v40c_02647,no,yes,no,
orig_004410,original_phash,,,,nframe_01605,nframe_01610,TRAIN,TRAIN,no,v40c_02647,no,yes,no,
orig_004411,original_phash,,,,nframe_01605,nframe_01611,TRAIN,TRAIN,no,v40c_02647,no,yes,no,
orig_004412,original_phash,,,,nframe_01605,nframe_01612,TRAIN,TRAIN,no,v40c_02647,no,yes,no,
orig_004413,original_phash,,,,nframe_01605,nframe_01613,TRAIN,TRAIN,no,v40c_02647,no,yes,no,
orig_004414,original_phash,,,,nframe_01605,nframe_01616,TRAIN,TRAIN,no,v40c_02647,no,yes,no,
orig_004415,original_phash,,,,nframe_01605,nframe_01617,TRAIN,TRAIN,no,v40c_02647,no,yes,no,
orig_004416,original_phash,,,,nframe_01605,nframe_01622,TRAIN,TRAIN,no,v40c_02647,no,yes,no,
orig_004417,original_phash,,,,nframe_01605,nframe_01623,TRAIN,TRAIN,no,v40c_02647,no,yes,no,
orig_004418,original_phash,,,,nframe_01605,nframe_01632,TRAIN,TRAIN,no,v40c_02647,no,yes,no,
orig_004419,original_phash,,,,nframe_01606,nframe_01607,TRAIN,TRAIN,no,v40c_02647,no,yes,no,
orig_004420,original_phash,,,,nframe_01606,nframe_01608,TRAIN,TRAIN,no,v40c_02647,no,yes,no,
orig_004421,original_phash,,,,nframe_01606,nframe_01618,TRAIN,TRAIN,no,v40c_02647,no,yes,no,
orig_004422,original_phash,,,,nframe_01607,nframe_01608,TRAIN,TRAIN,no,v40c_02647,no,yes,no,
orig_004423,original_phash,,,,nframe_01607,nframe_01609,TRAIN,TRAIN,no,v40c_02647,no,yes,no,
orig_004424,original_phash,,,,nframe_01607,nframe_01618,TRAIN,TRAIN,no,v40c_02647,no,yes,no,
orig_004425,original_phash,,,,nframe_01608,nframe_01609,TRAIN,TRAIN,no,v40c_02647,no,yes,no,
orig_004426,original_phash,,,,nframe_01608,nframe_01616,TRAIN,TRAIN,no,v40c_02647,no,yes,no,
orig_004427,original_phash,,,,nframe_01608,nframe_01618,TRAIN,TRAIN,no,v40c_02647,no,yes,no,
orig_004428,original_phash,,,,nframe_01608,nframe_01623,TRAIN,TRAIN,no,v40c_02647,no,yes,no,
orig_004429,original_phash,,,,nframe_01608,nframe_01625,TRAIN,TRAIN,no,v40c_02647,no,yes,no,
orig_004430,original_phash,,,,nframe_01608,nframe_01626,TRAIN,TRAIN,no,v40c_02647,no,yes,no,
orig_004431,original_phash,,,,nframe_01608,nframe_01627,TRAIN,TRAIN,no,v40c_02647,no,yes,no,
orig_004432,original_phash,,,,nframe_01609,nframe_01610,TRAIN,TRAIN,no,v40c_02647,no,yes,no,
orig_004433,original_phash,,,,nframe_01609,nframe_01611,TRAIN,TRAIN,no,v40c_02647,no,yes,no,
orig_004434,original_phash,,,,nframe_01609,nframe_01612,TRAIN,TRAIN,no,v40c_02647,no,yes,no,
orig_004435,original_phash,,,,nframe_01609,nframe_01613,TRAIN,TRAIN,no,v40c_02647,no,yes,no,
orig_004436,original_phash,,,,nframe_01609,nframe_01617,TRAIN,TRAIN,no,v40c_02647,no,yes,no,
orig_004437,original_phash,,,,nframe_01609,nframe_01618,TRAIN,TRAIN,no,v40c_02647,no,yes,no,
orig_004438,original_phash,,,,nframe_01609,nframe_01622,TRAIN,TRAIN,no,v40c_02647,no,yes,no,
orig_004439,original_phash,,,,nframe_01609,nframe_01623,TRAIN,TRAIN,no,v40c_02647,no,yes,no,
orig_004440,original_phash,,,,nframe_01609,nframe_01626,TRAIN,TRAIN,no,v40c_02647,no,yes,no,
orig_004441,original_phash,,,,nframe_01609,nframe_01627,TRAIN,TRAIN,no,v40c_02647,no,yes,no,
orig_004442,original_phash,,,,nframe_01609,nframe_01629,TRAIN,TRAIN,no,v40c_02647,no,yes,no,
orig_004443,original_phash,,,,nframe_01610,nframe_01611,TRAIN,TRAIN,no,v40c_02647,no,yes,no,
orig_004444,original_phash,,,,nframe_01610,nframe_01612,TRAIN,TRAIN,no,v40c_02647,no,yes,no,
orig_004445,original_phash,,,,nframe_01610,nframe_01613,TRAIN,TRAIN,no,v40c_02647,no,yes,no,
orig_004446,original_phash,,,,nframe_01610,nframe_01614,TRAIN,TRAIN,no,v40c_02647,no,yes,no,
orig_004447,original_phash,,,,nframe_01610,nframe_01615,TRAIN,TRAIN,no,v40c_02647,no,yes,no,
orig_004448,original_phash,,,,nframe_01610,nframe_01617,TRAIN,TRAIN,no,v40c_02647,no,yes,no,
orig_004449,original_phash,,,,nframe_01610,nframe_01619,TRAIN,TRAIN,no,v40c_02647,no,yes,no,
orig_004450,original_phash,,,,nframe_01610,nframe_01620,TRAIN,TRAIN,no,v40c_02647,no,yes,no,
orig_004451,original_phash,,,,nframe_01610,nframe_01621,TRAIN,TRAIN,no,v40c_02647,no,yes,no,
orig_004452,original_phash,,,,nframe_01610,nframe_01622,TRAIN,TRAIN,no,v40c_02647,no,yes,no,
orig_004453,original_phash,,,,nframe_01610,nframe_01623,TRAIN,TRAIN,no,v40c_02647,no,yes,no,
orig_004454,original_phash,,,,nframe_01611,nframe_01612,TRAIN,TRAIN,no,v40c_02647,no,yes,no,
orig_004455,original_phash,,,,nframe_01611,nframe_01613,TRAIN,TRAIN,no,v40c_02647,no,yes,no,
orig_004456,original_phash,,,,nframe_01611,nframe_01614,TRAIN,TRAIN,no,v40c_02647,no,yes,no,
orig_004457,original_phash,,,,nframe_01611,nframe_01615,TRAIN,TRAIN,no,v40c_02647,no,yes,no,
orig_004458,original_phash,,,,nframe_01611,nframe_01616,TRAIN,TRAIN,no,v40c_02647,no,yes,no,
orig_004459,original_phash,,,,nframe_01611,nframe_01617,TRAIN,TRAIN,no,v40c_02647,no,yes,no,
orig_004460,original_phash,,,,nframe_01611,nframe_01618,TRAIN,TRAIN,no,v40c_02647,no,yes,no,
orig_004461,original_phash,,,,nframe_01611,nframe_01619,TRAIN,TRAIN,no,v40c_02647,no,yes,no,
orig_004462,original_phash,,,,nframe_01611,nframe_01621,TRAIN,TRAIN,no,v40c_02647,no,yes,no,
orig_004463,original_phash,,,,nframe_01611,nframe_01622,TRAIN,TRAIN,no,v40c_02647,no,yes,no,
orig_004464,original_phash,,,,nframe_01611,nframe_01623,TRAIN,TRAIN,no,v40c_02647,no,yes,no,
orig_004465,original_exact,,,,nframe_01612,nframe_01613,TRAIN,TRAIN,no,v40c_02647,yes,yes,yes,
orig_004466,original_phash,,,,nframe_01612,nframe_01614,TRAIN,TRAIN,no,v40c_02647,no,yes,no,
orig_004467,original_phash,,,,nframe_01612,nframe_01615,TRAIN,TRAIN,no,v40c_02647,no,yes,no,
orig_004468,original_phash,,,,nframe_01612,nframe_01616,TRAIN,TRAIN,no,v40c_02647,no,yes,no,
orig_004469,original_phash,,,,nframe_01612,nframe_01617,TRAIN,TRAIN,no,v40c_02647,no,yes,no,
orig_004470,original_phash,,,,nframe_01612,nframe_01618,TRAIN,TRAIN,no,v40c_02647,no,yes,no,
orig_004471,original_phash,,,,nframe_01612,nframe_01619,TRAIN,TRAIN,no,v40c_02647,no,yes,no,
orig_004472,original_phash,,,,nframe_01612,nframe_01621,TRAIN,TRAIN,no,v40c_02647,no,yes,no,
orig_004473,original_phash,,,,nframe_01612,nframe_01622,TRAIN,TRAIN,no,v40c_02647,no,yes,no,
orig_004474,original_phash,,,,nframe_01612,nframe_01623,TRAIN,TRAIN,no,v40c_02647,no,yes,no,
orig_004475,original_phash,,,,nframe_01612,nframe_01633,TRAIN,TRAIN,no,v40c_02647,no,yes,no,
orig_004476,original_phash,,,,nframe_01612,nframe_01634,TRAIN,TRAIN,no,v40c_02647,no,yes,no,
orig_004477,original_phash,,,,nframe_01613,nframe_01614,TRAIN,TRAIN,no,v40c_02647,no,yes,no,
orig_004478,original_phash,,,,nframe_01613,nframe_01615,TRAIN,TRAIN,no,v40c_02647,no,yes,no,
orig_004479,original_phash,,,,nframe_01613,nframe_01616,TRAIN,TRAIN,no,v40c_02647,no,yes,no,
orig_004480,original_phash,,,,nframe_01613,nframe_01617,TRAIN,TRAIN,no,v40c_02647,no,yes,no,
orig_004481,original_phash,,,,nframe_01613,nframe_01618,TRAIN,TRAIN,no,v40c_02647,no,yes,no,
orig_004482,original_phash,,,,nframe_01613,nframe_01619,TRAIN,TRAIN,no,v40c_02647,no,yes,no,
orig_004483,original_phash,,,,nframe_01613,nframe_01621,TRAIN,TRAIN,no,v40c_02647,no,yes,no,
orig_004484,original_phash,,,,nframe_01613,nframe_01622,TRAIN,TRAIN,no,v40c_02647,no,yes,no,
orig_004485,original_phash,,,,nframe_01613,nframe_01623,TRAIN,TRAIN,no,v40c_02647,no,yes,no,
orig_004486,original_phash,,,,nframe_01613,nframe_01633,TRAIN,TRAIN,no,v40c_02647,no,yes,no,
orig_004487,original_phash,,,,nframe_01613,nframe_01634,TRAIN,TRAIN,no,v40c_02647,no,yes,no,
orig_004488,original_phash,,,,nframe_01614,nframe_01615,TRAIN,TRAIN,no,v40c_02647,no,yes,no,
orig_004489,original_phash,,,,nframe_01614,nframe_01617,TRAIN,TRAIN,no,v40c_02647,no,yes,no,
orig_004490,original_phash,,,,nframe_01614,nframe_01619,TRAIN,TRAIN,no,v40c_02647,no,yes,no,
orig_004491,original_phash,,,,nframe_01614,nframe_01621,TRAIN,TRAIN,no,v40c_02647,no,yes,no,
orig_004492,original_phash,,,,nframe_01614,nframe_01622,TRAIN,TRAIN,no,v40c_02647,no,yes,no,
orig_004493,original_phash,,,,nframe_01614,nframe_01623,TRAIN,TRAIN,no,v40c_02647,no,yes,no,
orig_004494,original_phash,,,,nframe_01614,nframe_01633,TRAIN,TRAIN,no,v40c_02647,no,yes,no,
orig_004495,original_phash,,,,nframe_01614,nframe_01634,TRAIN,TRAIN,no,v40c_02647,no,yes,no,
orig_004496,original_phash,,,,nframe_01615,nframe_01617,TRAIN,TRAIN,no,v40c_02647,no,yes,no,
orig_004497,original_phash,,,,nframe_01615,nframe_01619,TRAIN,TRAIN,no,v40c_02647,no,yes,no,
orig_004498,original_phash,,,,nframe_01615,nframe_01621,TRAIN,TRAIN,no,v40c_02647,no,yes,no,
orig_004499,original_phash,,,,nframe_01615,nframe_01622,TRAIN,TRAIN,no,v40c_02647,no,yes,no,
orig_004500,original_phash,,,,nframe_01615,nframe_01623,TRAIN,TRAIN,no,v40c_02647,no,yes,no,
orig_004501,original_phash,,,,nframe_01616,nframe_01622,TRAIN,TRAIN,no,v40c_02647,no,yes,no,
orig_004502,original_phash,,,,nframe_01616,nframe_01632,TRAIN,TRAIN,no,v40c_02647,no,yes,no,
orig_004503,original_phash,,,,nframe_01617,nframe_01619,TRAIN,TRAIN,no,v40c_02647,no,yes,no,
orig_004504,original_phash,,,,nframe_01617,nframe_01620,TRAIN,TRAIN,no,v40c_02647,no,yes,no,
orig_004505,original_phash,,,,nframe_01617,nframe_01621,TRAIN,TRAIN,no,v40c_02647,no,yes,no,
orig_004506,original_phash,,,,nframe_01617,nframe_01622,TRAIN,TRAIN,no,v40c_02647,no,yes,no,
orig_004507,original_phash,,,,nframe_01617,nframe_01623,TRAIN,TRAIN,no,v40c_02647,no,yes,no,
orig_004508,original_phash,,,,nframe_01618,nframe_01619,TRAIN,TRAIN,no,v40c_02647,no,yes,no,
orig_004509,original_phash,,,,nframe_01618,nframe_01621,TRAIN,TRAIN,no,v40c_02647,no,yes,no,
orig_004510,original_phash,,,,nframe_01618,nframe_01622,TRAIN,TRAIN,no,v40c_02647,no,yes,no,
orig_004511,original_phash,,,,nframe_01618,nframe_01623,TRAIN,TRAIN,no,v40c_02647,no,yes,no,
orig_004512,original_phash,,,,nframe_01618,nframe_01629,TRAIN,TRAIN,no,v40c_02647,no,yes,no,
orig_004513,original_phash,,,,nframe_01619,nframe_01620,TRAIN,TRAIN,no,v40c_02647,no,yes,no,
orig_004514,original_phash,,,,nframe_01619,nframe_01621,TRAIN,TRAIN,no,v40c_02647,no,yes,no,
orig_004515,original_phash,,,,nframe_01619,nframe_01622,TRAIN,TRAIN,no,v40c_02647,no,yes,no,
orig_004516,original_phash,,,,nframe_01619,nframe_01623,TRAIN,TRAIN,no,v40c_02647,no,yes,no,
orig_004517,original_phash,,,,nframe_01620,nframe_01621,TRAIN,TRAIN,no,v40c_02647,no,yes,no,
orig_004518,original_phash,,,,nframe_01620,nframe_01622,TRAIN,TRAIN,no,v40c_02647,no,yes,no,
orig_004519,original_phash,,,,nframe_01621,nframe_01622,TRAIN,TRAIN,no,v40c_02647,no,yes,no,
orig_004520,original_phash,,,,nframe_01621,nframe_01623,TRAIN,TRAIN,no,v40c_02647,no,yes,no,
orig_004521,original_phash,,,,nframe_01622,nframe_01623,TRAIN,TRAIN,no,v40c_02647,no,yes,no,
orig_004522,original_phash,,,,nframe_01624,nframe_01625,TRAIN,TRAIN,no,v40c_02647,no,yes,no,
orig_004523,original_phash,,,,nframe_01624,nframe_01626,TRAIN,TRAIN,no,v40c_02647,no,yes,no,
orig_004524,original_phash,,,,nframe_01624,nframe_01627,TRAIN,TRAIN,no,v40c_02647,no,yes,no,
orig_004525,original_phash,,,,nframe_01625,nframe_01626,TRAIN,TRAIN,no,v40c_02647,no,yes,yes,
orig_004526,original_phash,,,,nframe_01625,nframe_01627,TRAIN,TRAIN,no,v40c_02647,no,yes,yes,
orig_004527,original_exact,,,,nframe_01626,nframe_01627,TRAIN,TRAIN,no,v40c_02647,yes,yes,yes,
orig_004528,original_phash,,,,nframe_01626,nframe_01628,TRAIN,TRAIN,no,v40c_02647,no,yes,no,
orig_004529,original_phash,,,,nframe_01626,nframe_01629,TRAIN,TRAIN,no,v40c_02647,no,yes,no,
orig_004530,original_phash,,,,nframe_01626,nframe_01630,TRAIN,TRAIN,no,v40c_02647,no,yes,no,
orig_004531,original_phash,,,,nframe_01627,nframe_01628,TRAIN,TRAIN,no,v40c_02647,no,yes,no,
orig_004532,original_phash,,,,nframe_01627,nframe_01629,TRAIN,TRAIN,no,v40c_02647,no,yes,no,
orig_004533,original_phash,,,,nframe_01627,nframe_01630,TRAIN,TRAIN,no,v40c_02647,no,yes,no,
orig_004534,original_phash,,,,nframe_01628,nframe_01629,TRAIN,TRAIN,no,v40c_02647,no,yes,yes,
orig_004535,original_phash,,,,nframe_01628,nframe_01630,TRAIN,TRAIN,no,v40c_02647,no,yes,no,
orig_004536,original_phash,,,,nframe_01628,nframe_01631,TRAIN,TRAIN,no,v40c_02647,no,yes,no,
orig_004537,original_phash,,,,nframe_01629,nframe_01630,TRAIN,TRAIN,no,v40c_02647,no,yes,no,
orig_004538,original_phash,,,,nframe_01631,nframe_01632,TRAIN,TRAIN,no,v40c_02647,no,yes,no,
orig_004539,original_phash,,,,nframe_01633,nframe_01634,TRAIN,TRAIN,no,v40c_02647,no,yes,no,
orig_004540,original_phash,,,,nframe_01633,nframe_01635,TRAIN,TRAIN,no,v40c_02647,no,yes,no,
orig_004541,original_phash,,,,nframe_01634,nframe_01635,TRAIN,TRAIN,no,v40c_02647,no,yes,no,
orig_004542,original_exact,,,,nframe_01636,nframe_01637,TRAIN,TRAIN,no,v40c_02648,yes,yes,yes,
orig_004543,original_phash,,,,nframe_01636,nframe_01638,TRAIN,TRAIN,no,v40c_02648,no,yes,no,
orig_004544,original_phash,,,,nframe_01637,nframe_01638,TRAIN,TRAIN,no,v40c_02648,no,yes,no,
orig_004545,original_phash,,,,nframe_01640,nframe_01641,TRAIN,TRAIN,no,v40c_02643,no,yes,no,
orig_004546,original_phash,,,,nframe_01640,nframe_01642,TRAIN,TRAIN,no,v40c_02643,no,yes,no,
orig_004547,original_phash,,,,nframe_01641,nframe_01642,TRAIN,TRAIN,no,v40c_02643,no,yes,no,
orig_004548,original_phash,,,,nframe_01641,nframe_01643,TRAIN,TRAIN,no,v40c_02643,no,yes,no,
orig_004549,original_phash,,,,nframe_01643,nframe_01644,TRAIN,TRAIN,no,v40c_02643,no,yes,no,
orig_004550,original_exact,,,,nframe_01653,nframe_01654,TRAIN,TRAIN,no,v40c_02656,yes,yes,yes,
orig_004551,original_dhash,,,,nframe_01657,nframe_01659,TRAIN,TRAIN,no,v40c_02659,no,no,yes,
orig_004552,original_phash,,,,nframe_01658,nframe_01659,TRAIN,TRAIN,no,v40c_02659,no,yes,no,
orig_004553,original_phash,,,,nframe_01662,nframe_01672,TRAIN,TRAIN,no,v40c_02662,no,yes,no,
orig_004554,original_phash,,,,nframe_01662,nframe_01673,TRAIN,TRAIN,no,v40c_02662,no,yes,no,
orig_004555,original_exact,,,,nframe_01663,nframe_01664,TRAIN,TRAIN,no,v40c_02663,yes,yes,yes,
orig_004556,original_phash,,,,nframe_01667,nframe_01668,TRAIN,TRAIN,no,v40c_02666,no,yes,no,
orig_004557,original_phash,,,,nframe_01669,nframe_01670,TRAIN,TRAIN,no,v40c_02667,no,yes,no,
orig_004558,original_dhash,,,,nframe_01670,nframe_01671,TRAIN,TRAIN,no,v40c_02667,no,no,yes,
orig_004559,original_phash,,,,nframe_01674,nframe_01675,TRAIN,TRAIN,no,v40c_02668,no,yes,no,
orig_004560,original_phash,,,,nframe_01674,nframe_01677,TRAIN,TRAIN,no,v40c_02668,no,yes,no,
orig_004561,original_phash,,,,nframe_01675,nframe_01676,TRAIN,TRAIN,no,v40c_02668,no,yes,no,
orig_004562,original_phash,,,,nframe_01675,nframe_01677,TRAIN,TRAIN,no,v40c_02668,no,yes,yes,
orig_004563,original_phash,,,,nframe_01675,nframe_01678,TRAIN,TRAIN,no,v40c_02668,no,yes,no,
orig_004564,original_phash,,,,nframe_01675,nframe_01680,TRAIN,TRAIN,no,v40c_02668,no,yes,no,
orig_004565,original_phash,,,,nframe_01676,nframe_01677,TRAIN,TRAIN,no,v40c_02668,no,yes,no,
orig_004566,original_phash,,,,nframe_01676,nframe_01678,TRAIN,TRAIN,no,v40c_02668,no,yes,no,
orig_004567,original_phash,,,,nframe_01677,nframe_01678,TRAIN,TRAIN,no,v40c_02668,no,yes,no,
orig_004568,original_phash,,,,nframe_01677,nframe_01680,TRAIN,TRAIN,no,v40c_02668,no,yes,no,
orig_004569,original_phash,,,,nframe_01678,nframe_01679,TRAIN,TRAIN,no,v40c_02668,no,yes,no,
orig_004570,original_phash,,,,nframe_01683,nframe_01684,TRAIN,TRAIN,no,v40c_02671,no,yes,no,
orig_004571,original_dhash,,,,nframe_01684,nframe_01685,TRAIN,TRAIN,no,v40c_02671,no,no,yes,
orig_004572,original_dhash,,,,nframe_01685,nframe_01686,TRAIN,TRAIN,no,v40c_02671,no,no,yes,
orig_004573,original_phash,,,,nframe_01686,nframe_01687,TRAIN,TRAIN,no,v40c_02671,no,yes,no,
orig_004574,original_phash,,,,nframe_01688,nframe_01689,TRAIN,TRAIN,no,v40c_02672,no,yes,no,
orig_004575,original_phash,,,,nframe_01689,nframe_01690,TRAIN,TRAIN,no,v40c_02672,no,yes,no,
orig_004576,original_phash,,,,nframe_01692,nframe_01693,TRAIN,TRAIN,no,v40c_02674,no,yes,no,
orig_004577,original_phash,,,,nframe_01692,nframe_01697,TRAIN,TRAIN,no,v40c_02674,no,yes,no,
orig_004578,original_phash,,,,nframe_01693,nframe_01694,TRAIN,TRAIN,no,v40c_02674,no,yes,no,
orig_004579,original_phash,,,,nframe_01693,nframe_01695,TRAIN,TRAIN,no,v40c_02674,no,yes,no,
orig_004580,original_phash,,,,nframe_01693,nframe_01696,TRAIN,TRAIN,no,v40c_02674,no,yes,no,
orig_004581,original_phash,,,,nframe_01693,nframe_01697,TRAIN,TRAIN,no,v40c_02674,no,yes,no,
orig_004582,original_phash,,,,nframe_01694,nframe_01695,TRAIN,TRAIN,no,v40c_02674,no,yes,no,
orig_004583,original_phash,,,,nframe_01694,nframe_01696,TRAIN,TRAIN,no,v40c_02674,no,yes,no,
orig_004584,original_phash,,,,nframe_01694,nframe_01697,TRAIN,TRAIN,no,v40c_02674,no,yes,no,
orig_004585,original_phash,,,,nframe_01695,nframe_01696,TRAIN,TRAIN,no,v40c_02674,no,yes,no,
orig_004586,original_phash,,,,nframe_01696,nframe_01697,TRAIN,TRAIN,no,v40c_02674,no,yes,no,
orig_004587,original_phash,,,,nframe_01697,nframe_01698,TRAIN,TRAIN,no,v40c_02674,no,yes,no,
orig_004588,original_phash,,,,nframe_01698,nframe_01699,TRAIN,TRAIN,no,v40c_02674,no,yes,no,
orig_004589,original_phash,,,,nframe_01698,nframe_01700,TRAIN,TRAIN,no,v40c_02674,no,yes,no,
orig_004590,original_phash,,,,nframe_01699,nframe_01700,TRAIN,TRAIN,no,v40c_02674,no,yes,no,
orig_004591,original_phash,,,,nframe_01699,nframe_01701,TRAIN,TRAIN,no,v40c_02674,no,yes,no,
orig_004592,original_phash,,,,nframe_01700,nframe_01701,TRAIN,TRAIN,no,v40c_02674,no,yes,yes,
orig_004593,original_dhash,,,,nframe_01701,nframe_01703,TRAIN,TRAIN,no,v40c_02674,no,no,yes,
orig_004594,original_phash,,,,nframe_01702,nframe_01703,TRAIN,TRAIN,no,v40c_02674,no,yes,yes,
orig_004595,original_phash,,,,nframe_01702,nframe_01704,TRAIN,TRAIN,no,v40c_02674,no,yes,yes,
orig_004596,original_phash,,,,nframe_01702,nframe_01705,TRAIN,TRAIN,no,v40c_02674,no,yes,no,
orig_004597,original_phash,,,,nframe_01702,nframe_01706,TRAIN,TRAIN,no,v40c_02674,no,yes,no,
orig_004598,original_phash,,,,nframe_01703,nframe_01704,TRAIN,TRAIN,no,v40c_02674,no,yes,yes,
orig_004599,original_phash,,,,nframe_01703,nframe_01705,TRAIN,TRAIN,no,v40c_02674,no,yes,no,
orig_004600,original_phash,,,,nframe_01703,nframe_01706,TRAIN,TRAIN,no,v40c_02674,no,yes,no,
orig_004601,original_phash,,,,nframe_01704,nframe_01705,TRAIN,TRAIN,no,v40c_02674,no,yes,no,
orig_004602,original_phash,,,,nframe_01704,nframe_01706,TRAIN,TRAIN,no,v40c_02674,no,yes,no,
orig_004603,original_phash,,,,nframe_01705,nframe_01706,TRAIN,TRAIN,no,v40c_02674,no,yes,no,
orig_004604,original_exact,,,,nframe_01707,nframe_01708,TRAIN,TRAIN,no,v40c_02675,yes,yes,yes,
orig_004605,original_exact,,,,nframe_01711,nframe_01712,TRAIN,TRAIN,no,v40c_02678,yes,yes,yes,
orig_004606,original_phash,,,,nframe_01715,nframe_01716,TRAIN,TRAIN,no,v40c_02681,no,yes,yes,
orig_004607,original_phash,,,,nframe_01715,nframe_01717,TRAIN,TRAIN,no,v40c_02681,no,yes,no,
orig_004608,original_phash,,,,nframe_01715,nframe_01718,TRAIN,TRAIN,no,v40c_02681,no,yes,no,
orig_004609,original_phash,,,,nframe_01716,nframe_01717,TRAIN,TRAIN,no,v40c_02681,no,yes,no,
orig_004610,original_phash,,,,nframe_01716,nframe_01718,TRAIN,TRAIN,no,v40c_02681,no,yes,no,
orig_004611,original_phash,,,,nframe_01716,nframe_01719,TRAIN,TRAIN,no,v40c_02681,no,yes,no,
orig_004612,original_phash,,,,nframe_01717,nframe_01718,TRAIN,TRAIN,no,v40c_02681,no,yes,no,
orig_004613,original_exact,,,,nframe_01724,nframe_01725,TRAIN,TRAIN,no,v40c_02686,yes,yes,yes,
orig_004614,original_phash,,,,nframe_01724,nframe_01726,TRAIN,TRAIN,no,v40c_02686,no,yes,no,
orig_004615,original_phash,,,,nframe_01725,nframe_01726,TRAIN,TRAIN,no,v40c_02686,no,yes,no,
orig_004616,original_phash,,,,nframe_01726,nframe_01727,TRAIN,TRAIN,no,v40c_02686,no,yes,no,
orig_004617,original_phash,,,,nframe_01726,nframe_01729,TRAIN,TRAIN,no,v40c_02686,no,yes,no,
orig_004618,original_phash,,,,nframe_01726,nframe_01730,TRAIN,TRAIN,no,v40c_02686,no,yes,no,
orig_004619,original_phash,,,,nframe_01727,nframe_01729,TRAIN,TRAIN,no,v40c_02686,no,yes,no,
orig_004620,original_phash,,,,nframe_01727,nframe_01730,TRAIN,TRAIN,no,v40c_02686,no,yes,no,
orig_004621,original_phash,,,,nframe_01728,nframe_01729,TRAIN,TRAIN,no,v40c_02686,no,yes,no,
orig_004622,original_phash,,,,nframe_01728,nframe_01730,TRAIN,TRAIN,no,v40c_02686,no,yes,no,
orig_004623,original_exact,,,,nframe_01729,nframe_01730,TRAIN,TRAIN,no,v40c_02686,yes,yes,yes,
orig_004624,original_phash,,,,nframe_01729,nframe_01731,TRAIN,TRAIN,no,v40c_02686,no,yes,no,
orig_004625,original_phash,,,,nframe_01729,nframe_01732,TRAIN,TRAIN,no,v40c_02686,no,yes,no,
orig_004626,original_phash,,,,nframe_01730,nframe_01731,TRAIN,TRAIN,no,v40c_02686,no,yes,no,
orig_004627,original_phash,,,,nframe_01730,nframe_01732,TRAIN,TRAIN,no,v40c_02686,no,yes,no,
orig_004628,original_phash,,,,nframe_01731,nframe_01732,TRAIN,TRAIN,no,v40c_02686,no,yes,no,
orig_004629,original_dhash,,,,nframe_01733,nframe_01734,TRAIN,TRAIN,no,v40c_02687,no,no,yes,
orig_004630,original_exact,,,,nframe_01735,nframe_01736,TRAIN,TRAIN,no,v40c_02688,yes,yes,yes,
orig_004631,original_phash,,,,nframe_01735,nframe_01737,TRAIN,TRAIN,no,v40c_02688,no,yes,no,
orig_004632,original_phash,,,,nframe_01735,nframe_01738,TRAIN,TRAIN,no,v40c_02688,no,yes,no,
orig_004633,original_phash,,,,nframe_01735,nframe_01739,TRAIN,TRAIN,no,v40c_02688,no,yes,no,
orig_004634,original_phash,,,,nframe_01736,nframe_01737,TRAIN,TRAIN,no,v40c_02688,no,yes,no,
orig_004635,original_phash,,,,nframe_01736,nframe_01738,TRAIN,TRAIN,no,v40c_02688,no,yes,no,
orig_004636,original_phash,,,,nframe_01736,nframe_01739,TRAIN,TRAIN,no,v40c_02688,no,yes,no,
orig_004637,original_phash,,,,nframe_01737,nframe_01738,TRAIN,TRAIN,no,v40c_02688,no,yes,yes,
orig_004638,original_phash,,,,nframe_01737,nframe_01739,TRAIN,TRAIN,no,v40c_02688,no,yes,no,
orig_004639,original_phash,,,,nframe_01738,nframe_01739,TRAIN,TRAIN,no,v40c_02688,no,yes,no,
orig_004640,original_phash,,,,nframe_01740,nframe_01741,TRAIN,TRAIN,no,v40c_02689,no,yes,no,
orig_004641,original_phash,,,,nframe_01741,nframe_01742,TRAIN,TRAIN,no,v40c_02689,no,yes,no,
orig_004642,original_phash,,,,nframe_01743,nframe_01744,TRAIN,TRAIN,no,v40c_02690,no,yes,no,
orig_004643,original_phash,,,,nframe_01744,nframe_01745,TRAIN,TRAIN,no,v40c_02690,no,yes,no,
orig_004644,original_phash,,,,nframe_01744,nframe_01746,TRAIN,TRAIN,no,v40c_02690,no,yes,no,
orig_004645,original_phash,,,,nframe_01745,nframe_01746,TRAIN,TRAIN,no,v40c_02690,no,yes,no,
orig_004646,original_phash,,,,nframe_01745,nframe_01750,TRAIN,TRAIN,no,v40c_02690,no,yes,no,
orig_004647,original_phash,,,,nframe_01745,nframe_01751,TRAIN,TRAIN,no,v40c_02690,no,yes,no,
orig_004648,original_phash,,,,nframe_01746,nframe_01751,TRAIN,TRAIN,no,v40c_02690,no,yes,no,
orig_004649,original_phash,,,,nframe_01746,nframe_01752,TRAIN,TRAIN,no,v40c_02690,no,yes,no,
orig_004650,original_phash,,,,nframe_01747,nframe_01748,TRAIN,TRAIN,no,v40c_02691,no,yes,no,
orig_004651,original_phash,,,,nframe_01747,nframe_01749,TRAIN,TRAIN,no,v40c_02691,no,yes,no,
orig_004652,original_phash,,,,nframe_01747,nframe_01763,TRAIN,TRAIN,no,v40c_02691,no,yes,no,
orig_004653,original_phash,,,,nframe_01748,nframe_01749,TRAIN,TRAIN,no,v40c_02691,no,yes,no,
orig_004654,original_phash,,,,nframe_01748,nframe_01763,TRAIN,TRAIN,no,v40c_02691,no,yes,no,
orig_004655,original_phash,,,,nframe_01750,nframe_01751,TRAIN,TRAIN,no,v40c_02690,no,yes,yes,
orig_004656,original_phash,,,,nframe_01752,nframe_01753,TRAIN,TRAIN,no,v40c_02690,no,yes,yes,
orig_004657,original_dhash,,,,nframe_01752,nframe_01754,TRAIN,TRAIN,no,v40c_02690,no,no,yes,
orig_004658,original_dhash,,,,nframe_01752,nframe_01755,TRAIN,TRAIN,no,v40c_02690,no,no,yes,
orig_004659,original_dhash,,,,nframe_01752,nframe_01756,TRAIN,TRAIN,no,v40c_02690,no,no,yes,
orig_004660,original_dhash,,,,nframe_01752,nframe_01762,TRAIN,TRAIN,no,v40c_02690,no,no,yes,
orig_004661,original_phash,,,,nframe_01753,nframe_01754,TRAIN,TRAIN,no,v40c_02690,no,yes,no,
orig_004662,original_phash,,,,nframe_01753,nframe_01755,TRAIN,TRAIN,no,v40c_02690,no,yes,yes,
orig_004663,original_phash,,,,nframe_01753,nframe_01756,TRAIN,TRAIN,no,v40c_02690,no,yes,yes,
orig_004664,original_dhash,,,,nframe_01753,nframe_01757,TRAIN,TRAIN,no,v40c_02690,no,no,yes,
orig_004665,original_phash,,,,nframe_01754,nframe_01755,TRAIN,TRAIN,no,v40c_02690,no,yes,yes,
orig_004666,original_phash,,,,nframe_01754,nframe_01756,TRAIN,TRAIN,no,v40c_02690,no,yes,yes,
orig_004667,original_dhash,,,,nframe_01754,nframe_01762,TRAIN,TRAIN,no,v40c_02690,no,no,yes,
orig_004668,original_phash,,,,nframe_01755,nframe_01756,TRAIN,TRAIN,no,v40c_02690,no,yes,yes,
orig_004669,original_dhash,,,,nframe_01755,nframe_01757,TRAIN,TRAIN,no,v40c_02690,no,no,yes,
orig_004670,original_dhash,,,,nframe_01756,nframe_01757,TRAIN,TRAIN,no,v40c_02690,no,no,yes,
orig_004671,original_phash,,,,nframe_01757,nframe_01758,TRAIN,TRAIN,no,v40c_02690,no,yes,no,
orig_004672,original_phash,,,,nframe_01757,nframe_01761,TRAIN,TRAIN,no,v40c_02690,no,yes,no,
orig_004673,original_phash,,,,nframe_01757,nframe_01762,TRAIN,TRAIN,no,v40c_02690,no,yes,no,
orig_004674,original_phash,,,,nframe_01758,nframe_01759,TRAIN,TRAIN,no,v40c_02690,no,yes,yes,
orig_004675,original_phash,,,,nframe_01758,nframe_01760,TRAIN,TRAIN,no,v40c_02690,no,yes,no,
orig_004676,original_phash,,,,nframe_01758,nframe_01761,TRAIN,TRAIN,no,v40c_02690,no,yes,no,
orig_004677,original_phash,,,,nframe_01759,nframe_01760,TRAIN,TRAIN,no,v40c_02690,no,yes,no,
orig_004678,original_phash,,,,nframe_01759,nframe_01761,TRAIN,TRAIN,no,v40c_02690,no,yes,no,
orig_004679,original_phash,,,,nframe_01760,nframe_01761,TRAIN,TRAIN,no,v40c_02690,no,yes,no,
orig_004680,original_phash,,,,nframe_01761,nframe_01762,TRAIN,TRAIN,no,v40c_02690,no,yes,no,
orig_004681,original_phash,,,,nframe_01766,nframe_01767,TRAIN,TRAIN,no,v40c_02694,no,yes,yes,
orig_004682,original_phash,,,,nframe_01766,nframe_01771,TRAIN,TRAIN,no,v40c_02694,no,yes,no,
orig_004683,original_dhash,,,,nframe_01767,nframe_01768,TRAIN,TRAIN,no,v40c_02694,no,no,yes,
orig_004684,original_phash,,,,nframe_01768,nframe_01769,TRAIN,TRAIN,no,v40c_02694,no,yes,no,
orig_004685,original_phash,,,,nframe_01770,nframe_01771,TRAIN,TRAIN,no,v40c_02694,no,yes,no,
orig_004686,original_phash,,,,nframe_01770,nframe_01772,TRAIN,TRAIN,no,v40c_02694,no,yes,no,
orig_004687,original_phash,,,,nframe_01770,nframe_01773,TRAIN,TRAIN,no,v40c_02694,no,yes,no,
orig_004688,original_phash,,,,nframe_01770,nframe_01774,TRAIN,TRAIN,no,v40c_02694,no,yes,no,
orig_004689,original_phash,,,,nframe_01771,nframe_01772,TRAIN,TRAIN,no,v40c_02694,no,yes,no,
orig_004690,original_phash,,,,nframe_01771,nframe_01774,TRAIN,TRAIN,no,v40c_02694,no,yes,no,
orig_004691,original_phash,,,,nframe_01772,nframe_01773,TRAIN,TRAIN,no,v40c_02694,no,yes,no,
orig_004692,original_phash,,,,nframe_01772,nframe_01774,TRAIN,TRAIN,no,v40c_02694,no,yes,no,
orig_004693,original_phash,,,,nframe_01773,nframe_01774,TRAIN,TRAIN,no,v40c_02694,no,yes,no,
orig_004694,original_phash,,,,nframe_01774,nframe_01775,TRAIN,TRAIN,no,v40c_02694,no,yes,no,
orig_004695,original_phash,,,,nframe_01775,nframe_01776,TRAIN,TRAIN,no,v40c_02694,no,yes,no,
orig_004696,original_phash,,,,nframe_01775,nframe_01777,TRAIN,TRAIN,no,v40c_02694,no,yes,no,
orig_004697,original_phash,,,,nframe_01775,nframe_01778,TRAIN,TRAIN,no,v40c_02694,no,yes,no,
orig_004698,original_phash,,,,nframe_01775,nframe_01779,TRAIN,TRAIN,no,v40c_02694,no,yes,no,
orig_004699,original_phash,,,,nframe_01775,nframe_01780,TRAIN,TRAIN,no,v40c_02694,no,yes,no,
orig_004700,original_phash,,,,nframe_01776,nframe_01777,TRAIN,TRAIN,no,v40c_02694,no,yes,yes,
orig_004701,original_phash,,,,nframe_01776,nframe_01778,TRAIN,TRAIN,no,v40c_02694,no,yes,no,
orig_004702,original_phash,,,,nframe_01776,nframe_01779,TRAIN,TRAIN,no,v40c_02694,no,yes,no,
orig_004703,original_phash,,,,nframe_01776,nframe_01780,TRAIN,TRAIN,no,v40c_02694,no,yes,no,
orig_004704,original_phash,,,,nframe_01776,nframe_01781,TRAIN,TRAIN,no,v40c_02694,no,yes,no,
orig_004705,original_phash,,,,nframe_01776,nframe_01782,TRAIN,TRAIN,no,v40c_02694,no,yes,no,
orig_004706,original_phash,,,,nframe_01776,nframe_01783,TRAIN,TRAIN,no,v40c_02694,no,yes,no,
orig_004707,original_phash,,,,nframe_01777,nframe_01778,TRAIN,TRAIN,no,v40c_02694,no,yes,no,
orig_004708,original_phash,,,,nframe_01777,nframe_01779,TRAIN,TRAIN,no,v40c_02694,no,yes,no,
orig_004709,original_phash,,,,nframe_01777,nframe_01780,TRAIN,TRAIN,no,v40c_02694,no,yes,no,
orig_004710,original_phash,,,,nframe_01778,nframe_01779,TRAIN,TRAIN,no,v40c_02694,no,yes,no,
orig_004711,original_phash,,,,nframe_01778,nframe_01780,TRAIN,TRAIN,no,v40c_02694,no,yes,no,
orig_004712,original_phash,,,,nframe_01778,nframe_01781,TRAIN,TRAIN,no,v40c_02694,no,yes,no,
orig_004713,original_phash,,,,nframe_01778,nframe_01782,TRAIN,TRAIN,no,v40c_02694,no,yes,no,
orig_004714,original_phash,,,,nframe_01778,nframe_01783,TRAIN,TRAIN,no,v40c_02694,no,yes,no,
orig_004715,original_phash,,,,nframe_01779,nframe_01780,TRAIN,TRAIN,no,v40c_02694,no,yes,no,
orig_004716,original_phash,,,,nframe_01779,nframe_01781,TRAIN,TRAIN,no,v40c_02694,no,yes,no,
orig_004717,original_phash,,,,nframe_01779,nframe_01782,TRAIN,TRAIN,no,v40c_02694,no,yes,no,
orig_004718,original_phash,,,,nframe_01779,nframe_01783,TRAIN,TRAIN,no,v40c_02694,no,yes,no,
orig_004719,original_phash,,,,nframe_01780,nframe_01781,TRAIN,TRAIN,no,v40c_02694,no,yes,no,
orig_004720,original_phash,,,,nframe_01780,nframe_01782,TRAIN,TRAIN,no,v40c_02694,no,yes,no,
orig_004721,original_phash,,,,nframe_01780,nframe_01783,TRAIN,TRAIN,no,v40c_02694,no,yes,no,
orig_004722,original_phash,,,,nframe_01781,nframe_01782,TRAIN,TRAIN,no,v40c_02694,no,yes,no,
orig_004723,original_phash,,,,nframe_01781,nframe_01783,TRAIN,TRAIN,no,v40c_02694,no,yes,no,
orig_004724,original_phash,,,,nframe_01781,nframe_01784,TRAIN,TRAIN,no,v40c_02694,no,yes,no,
orig_004725,original_phash,,,,nframe_01781,nframe_01785,TRAIN,TRAIN,no,v40c_02694,no,yes,no,
orig_004726,original_phash,,,,nframe_01782,nframe_01783,TRAIN,TRAIN,no,v40c_02694,no,yes,no,
orig_004727,original_phash,,,,nframe_01782,nframe_01784,TRAIN,TRAIN,no,v40c_02694,no,yes,no,
orig_004728,original_phash,,,,nframe_01782,nframe_01785,TRAIN,TRAIN,no,v40c_02694,no,yes,no,
orig_004729,original_phash,,,,nframe_01783,nframe_01784,TRAIN,TRAIN,no,v40c_02694,no,yes,no,
orig_004730,original_phash,,,,nframe_01783,nframe_01785,TRAIN,TRAIN,no,v40c_02694,no,yes,no,
orig_004731,original_phash,,,,nframe_01787,nframe_01788,TRAIN,TRAIN,no,v40c_02696,no,yes,no,
orig_004732,original_phash,,,,nframe_01788,nframe_01789,TRAIN,TRAIN,no,v40c_02696,no,yes,no,
orig_004733,original_phash,,,,nframe_01788,nframe_01790,TRAIN,TRAIN,no,v40c_02696,no,yes,yes,
orig_004734,original_dhash,,,,nframe_01788,nframe_01791,TRAIN,TRAIN,no,v40c_02696,no,no,yes,
orig_004735,original_dhash,,,,nframe_01788,nframe_01792,TRAIN,TRAIN,no,v40c_02696,no,no,yes,
orig_004736,original_dhash,,,,nframe_01788,nframe_01795,TRAIN,TRAIN,no,v40c_02696,no,no,yes,
orig_004737,original_phash,,,,nframe_01789,nframe_01790,TRAIN,TRAIN,no,v40c_02696,no,yes,yes,
orig_004738,original_dhash,,,,nframe_01789,nframe_01795,TRAIN,TRAIN,no,v40c_02696,no,no,yes,
orig_004739,original_phash,,,,nframe_01790,nframe_01791,TRAIN,TRAIN,no,v40c_02696,no,yes,yes,
orig_004740,original_dhash,,,,nframe_01791,nframe_01792,TRAIN,TRAIN,no,v40c_02696,no,no,yes,
orig_004741,original_dhash,,,,nframe_01791,nframe_01795,TRAIN,TRAIN,no,v40c_02696,no,no,yes,
orig_004742,original_phash,,,,nframe_01792,nframe_01793,TRAIN,TRAIN,no,v40c_02696,no,yes,yes,
orig_004743,original_phash,,,,nframe_01792,nframe_01794,TRAIN,TRAIN,no,v40c_02696,no,yes,no,
orig_004744,original_phash,,,,nframe_01792,nframe_01795,TRAIN,TRAIN,no,v40c_02696,no,yes,yes,
orig_004745,original_phash,,,,nframe_01792,nframe_01797,TRAIN,TRAIN,no,v40c_02696,no,yes,no,
orig_004746,original_phash,,,,nframe_01792,nframe_01798,TRAIN,TRAIN,no,v40c_02696,no,yes,no,
orig_004747,original_phash,,,,nframe_01793,nframe_01794,TRAIN,TRAIN,no,v40c_02696,no,yes,no,
orig_004748,original_phash,,,,nframe_01793,nframe_01795,TRAIN,TRAIN,no,v40c_02696,no,yes,yes,
orig_004749,original_phash,,,,nframe_01794,nframe_01795,TRAIN,TRAIN,no,v40c_02696,no,yes,no,
orig_004750,original_dhash,,,,nframe_01795,nframe_01796,TRAIN,TRAIN,no,v40c_02696,no,no,yes,
orig_004751,original_phash,,,,nframe_01795,nframe_01797,TRAIN,TRAIN,no,v40c_02696,no,yes,no,
orig_004752,original_phash,,,,nframe_01795,nframe_01798,TRAIN,TRAIN,no,v40c_02696,no,yes,no,
orig_004753,original_phash,,,,nframe_01796,nframe_01797,TRAIN,TRAIN,no,v40c_02696,no,yes,no,
orig_004754,original_phash,,,,nframe_01797,nframe_01798,TRAIN,TRAIN,no,v40c_02696,no,yes,no,
orig_004755,original_dhash,,,,nframe_01802,nframe_01803,TRAIN,TRAIN,no,v40c_02700,no,no,yes,
orig_004756,original_phash,,,,nframe_01802,nframe_01807,TRAIN,TRAIN,no,v40c_02700,no,yes,no,
orig_004757,original_phash,,,,nframe_01803,nframe_01804,TRAIN,TRAIN,no,v40c_02700,no,yes,no,
orig_004758,original_phash,,,,nframe_01803,nframe_01805,TRAIN,TRAIN,no,v40c_02700,no,yes,no,
orig_004759,original_phash,,,,nframe_01803,nframe_01806,TRAIN,TRAIN,no,v40c_02700,no,yes,no,
orig_004760,original_phash,,,,nframe_01803,nframe_01807,TRAIN,TRAIN,no,v40c_02700,no,yes,no,
orig_004761,original_phash,,,,nframe_01803,nframe_01808,TRAIN,TRAIN,no,v40c_02700,no,yes,no,
orig_004762,original_phash,,,,nframe_01804,nframe_01805,TRAIN,TRAIN,no,v40c_02700,no,yes,no,
orig_004763,original_phash,,,,nframe_01804,nframe_01806,TRAIN,TRAIN,no,v40c_02700,no,yes,no,
orig_004764,original_phash,,,,nframe_01804,nframe_01807,TRAIN,TRAIN,no,v40c_02700,no,yes,no,
orig_004765,original_phash,,,,nframe_01804,nframe_01808,TRAIN,TRAIN,no,v40c_02700,no,yes,no,
orig_004766,original_phash,,,,nframe_01805,nframe_01806,TRAIN,TRAIN,no,v40c_02700,no,yes,no,
orig_004767,original_phash,,,,nframe_01805,nframe_01807,TRAIN,TRAIN,no,v40c_02700,no,yes,no,
orig_004768,original_phash,,,,nframe_01805,nframe_01808,TRAIN,TRAIN,no,v40c_02700,no,yes,no,
orig_004769,original_phash,,,,nframe_01806,nframe_01807,TRAIN,TRAIN,no,v40c_02700,no,yes,no,
orig_004770,original_phash,,,,nframe_01806,nframe_01808,TRAIN,TRAIN,no,v40c_02700,no,yes,no,
orig_004771,original_phash,,,,nframe_01807,nframe_01808,TRAIN,TRAIN,no,v40c_02700,no,yes,no,
orig_004772,original_phash,,,,nframe_01807,nframe_01809,TRAIN,TRAIN,no,v40c_02700,no,yes,no,
orig_004773,original_phash,,,,nframe_01807,nframe_01810,TRAIN,TRAIN,no,v40c_02700,no,yes,no,
orig_004774,original_phash,,,,nframe_01808,nframe_01809,TRAIN,TRAIN,no,v40c_02700,no,yes,no,
orig_004775,original_phash,,,,nframe_01808,nframe_01810,TRAIN,TRAIN,no,v40c_02700,no,yes,no,
orig_004776,original_phash,,,,nframe_01808,nframe_01811,TRAIN,TRAIN,no,v40c_02700,no,yes,no,
orig_004777,original_phash,,,,nframe_01809,nframe_01810,TRAIN,TRAIN,no,v40c_02700,no,yes,no,
orig_004778,original_phash,,,,nframe_01809,nframe_01811,TRAIN,TRAIN,no,v40c_02700,no,yes,no,
orig_004779,original_phash,,,,nframe_01810,nframe_01811,TRAIN,TRAIN,no,v40c_02700,no,yes,yes,
orig_004780,original_phash,,,,nframe_01810,nframe_01812,TRAIN,TRAIN,no,v40c_02700,no,yes,no,
orig_004781,original_phash,,,,nframe_01810,nframe_01813,TRAIN,TRAIN,no,v40c_02700,no,yes,no,
orig_004782,original_phash,,,,nframe_01811,nframe_01812,TRAIN,TRAIN,no,v40c_02700,no,yes,no,
orig_004783,original_phash,,,,nframe_01811,nframe_01813,TRAIN,TRAIN,no,v40c_02700,no,yes,no,
orig_004784,original_phash,,,,nframe_01812,nframe_01813,TRAIN,TRAIN,no,v40c_02700,no,yes,yes,
orig_004785,original_phash,,,,nframe_01812,nframe_01814,TRAIN,TRAIN,no,v40c_02700,no,yes,no,
orig_004786,original_phash,,,,nframe_01812,nframe_01816,TRAIN,TRAIN,no,v40c_02700,no,yes,no,
orig_004787,original_phash,,,,nframe_01813,nframe_01814,TRAIN,TRAIN,no,v40c_02700,no,yes,yes,
orig_004788,original_phash,,,,nframe_01814,nframe_01815,TRAIN,TRAIN,no,v40c_02700,no,yes,no,
orig_004789,original_phash,,,,nframe_01814,nframe_01816,TRAIN,TRAIN,no,v40c_02700,no,yes,no,
orig_004790,original_phash,,,,nframe_01815,nframe_01816,TRAIN,TRAIN,no,v40c_02700,no,yes,no,
orig_004791,original_phash,,,,nframe_01816,nframe_01817,TRAIN,TRAIN,no,v40c_02700,no,yes,no,
orig_004792,original_exact,,,,nframe_01818,nframe_01819,TRAIN,TRAIN,no,v40c_02701,yes,yes,yes,
orig_004793,original_phash,,,,nframe_01818,nframe_01820,TRAIN,TRAIN,no,v40c_02701,no,yes,no,
orig_004794,original_phash,,,,nframe_01819,nframe_01820,TRAIN,TRAIN,no,v40c_02701,no,yes,no,
orig_004795,original_phash,,,,nframe_01822,nframe_01823,TRAIN,TRAIN,no,v40c_02703,no,yes,no,
orig_004796,original_phash,,,,nframe_01823,nframe_01824,TRAIN,TRAIN,no,v40c_02703,no,yes,no,
orig_004797,original_phash,,,,nframe_01824,nframe_01825,TRAIN,TRAIN,no,v40c_02703,no,yes,no,
orig_004798,original_phash,,,,nframe_01825,nframe_01826,TRAIN,TRAIN,no,v40c_02703,no,yes,yes,
orig_004799,original_phash,,,,nframe_01826,nframe_01827,TRAIN,TRAIN,no,v40c_02703,no,yes,yes,
orig_004800,original_phash,,,,nframe_01827,nframe_01828,TRAIN,TRAIN,no,v40c_02703,no,yes,no,
orig_004801,original_exact,,,,nframe_01829,nframe_01830,TRAIN,TRAIN,no,v40c_02704,yes,yes,yes,
orig_004802,original_phash,,,,nframe_01829,nframe_01831,TRAIN,TRAIN,no,v40c_02704,no,yes,no,
orig_004803,original_phash,,,,nframe_01830,nframe_01831,TRAIN,TRAIN,no,v40c_02704,no,yes,no,
orig_004804,original_phash,,,,nframe_01831,nframe_01832,TRAIN,TRAIN,no,v40c_02704,no,yes,no,
orig_004805,original_phash,,,,nframe_01834,nframe_01835,TRAIN,TRAIN,no,v40c_02705,no,yes,no,
orig_004806,original_phash,,,,nframe_01836,nframe_01837,TRAIN,TRAIN,no,v40c_02706,no,yes,no,
orig_004807,original_phash,,,,nframe_01838,nframe_01839,TRAIN,TRAIN,no,v40c_02707,no,yes,no,
orig_004808,original_phash,,,,nframe_01840,nframe_01841,TRAIN,TRAIN,no,v40c_02708,no,yes,no,
orig_004809,original_phash,,,,nframe_01841,nframe_01842,TRAIN,TRAIN,no,v40c_02708,no,yes,no,
orig_004810,original_phash,,,,nframe_01841,nframe_01843,TRAIN,TRAIN,no,v40c_02708,no,yes,no,
orig_004811,original_phash,,,,nframe_01842,nframe_01843,TRAIN,TRAIN,no,v40c_02708,no,yes,no,
orig_004812,original_phash,,,,nframe_01843,nframe_01844,TRAIN,TRAIN,no,v40c_02708,no,yes,no,
orig_004813,original_phash,,,,nframe_01846,nframe_01847,TRAIN,TRAIN,no,v40c_02710,no,yes,no,
orig_004814,original_phash,,,,nframe_01846,nframe_01848,TRAIN,TRAIN,no,v40c_02710,no,yes,no,
orig_004815,original_phash,,,,nframe_01846,nframe_01849,TRAIN,TRAIN,no,v40c_02710,no,yes,no,
orig_004816,original_phash,,,,nframe_01846,nframe_01850,TRAIN,TRAIN,no,v40c_02710,no,yes,no,
orig_004817,original_phash,,,,nframe_01846,nframe_01852,TRAIN,TRAIN,no,v40c_02710,no,yes,no,
orig_004818,original_phash,,,,nframe_01847,nframe_01848,TRAIN,TRAIN,no,v40c_02710,no,yes,no,
orig_004819,original_phash,,,,nframe_01847,nframe_01849,TRAIN,TRAIN,no,v40c_02710,no,yes,no,
orig_004820,original_phash,,,,nframe_01847,nframe_01850,TRAIN,TRAIN,no,v40c_02710,no,yes,no,
orig_004821,original_phash,,,,nframe_01848,nframe_01849,TRAIN,TRAIN,no,v40c_02710,no,yes,no,
orig_004822,original_phash,,,,nframe_01848,nframe_01850,TRAIN,TRAIN,no,v40c_02710,no,yes,no,
orig_004823,original_phash,,,,nframe_01848,nframe_01852,TRAIN,TRAIN,no,v40c_02710,no,yes,no,
orig_004824,original_phash,,,,nframe_01849,nframe_01850,TRAIN,TRAIN,no,v40c_02710,no,yes,no,
orig_004825,original_phash,,,,nframe_01849,nframe_01852,TRAIN,TRAIN,no,v40c_02710,no,yes,no,
orig_004826,original_phash,,,,nframe_01850,nframe_01852,TRAIN,TRAIN,no,v40c_02710,no,yes,no,
orig_004827,original_phash,,,,nframe_01852,nframe_01853,TRAIN,TRAIN,no,v40c_02710,no,yes,no,
orig_004828,original_phash,,,,nframe_01855,nframe_01856,TRAIN,TRAIN,no,v40c_02712,no,yes,no,
orig_004829,original_phash,,,,nframe_01855,nframe_01857,TRAIN,TRAIN,no,v40c_02712,no,yes,no,
orig_004830,original_phash,,,,nframe_01855,nframe_01858,TRAIN,TRAIN,no,v40c_02712,no,yes,no,
orig_004831,original_phash,,,,nframe_01856,nframe_01857,TRAIN,TRAIN,no,v40c_02712,no,yes,no,
orig_004832,original_phash,,,,nframe_01856,nframe_01858,TRAIN,TRAIN,no,v40c_02712,no,yes,no,
orig_004833,original_phash,,,,nframe_01857,nframe_01858,TRAIN,TRAIN,no,v40c_02712,no,yes,no,
orig_004834,original_phash,,,,nframe_01860,nframe_01861,TRAIN,TRAIN,no,v40c_02714,no,yes,no,
orig_004835,original_phash,,,,nframe_01862,nframe_01863,TRAIN,TRAIN,no,v40c_02715,no,yes,yes,
orig_004836,original_phash,,,,nframe_01862,nframe_01864,TRAIN,TRAIN,no,v40c_02715,no,yes,no,
orig_004837,original_phash,,,,nframe_01862,nframe_01865,TRAIN,TRAIN,no,v40c_02715,no,yes,no,
orig_004838,original_phash,,,,nframe_01864,nframe_01865,TRAIN,TRAIN,no,v40c_02715,no,yes,no,
orig_004839,original_phash,,,,nframe_01866,nframe_01867,TRAIN,TRAIN,no,v40c_02716,no,yes,no,
orig_004840,original_phash,,,,nframe_01869,nframe_01870,TRAIN,TRAIN,no,v40c_02718,no,yes,no,
orig_004841,original_exact,,,,nframe_01871,nframe_01872,TRAIN,TRAIN,no,v40c_02719,yes,yes,yes,
orig_004842,original_phash,,,,nframe_01873,nframe_01874,TRAIN,TRAIN,no,v40c_02720,no,yes,no,
orig_004843,original_phash,,,,nframe_01874,nframe_01875,TRAIN,TRAIN,no,v40c_02720,no,yes,no,
orig_004844,original_exact,,,,nframe_01878,nframe_01879,TRAIN,TRAIN,no,v40c_02723,yes,yes,yes,
orig_004845,original_phash,,,,nframe_01881,nframe_01882,TRAIN,TRAIN,no,v40c_02725,no,yes,no,
orig_004846,original_dhash,,,,nframe_01882,nframe_01883,TRAIN,TRAIN,no,v40c_02725,no,no,yes,
orig_004847,original_phash,,,,nframe_01883,nframe_01884,TRAIN,TRAIN,no,v40c_02725,no,yes,no,
orig_004848,original_dhash,,,,nframe_01886,nframe_01887,TRAIN,TRAIN,no,v40c_02727,no,no,yes,
orig_004849,original_phash,,,,nframe_01888,nframe_01889,TRAIN,TRAIN,no,v40c_02728,no,yes,no,
orig_004850,original_phash,,,,nframe_01893,nframe_01894,TRAIN,TRAIN,no,v40c_02732,no,yes,no,
orig_004851,original_phash,,,,nframe_01894,nframe_01895,TRAIN,TRAIN,no,v40c_02732,no,yes,no,
orig_004852,original_phash,,,,nframe_01895,nframe_01896,TRAIN,TRAIN,no,v40c_02732,no,yes,yes,
orig_004853,original_phash,,,,nframe_01895,nframe_01897,TRAIN,TRAIN,no,v40c_02732,no,yes,yes,
orig_004854,original_phash,,,,nframe_01895,nframe_01898,TRAIN,TRAIN,no,v40c_02732,no,yes,no,
orig_004855,original_phash,,,,nframe_01895,nframe_01899,TRAIN,TRAIN,no,v40c_02732,no,yes,no,
orig_004856,original_phash,,,,nframe_01896,nframe_01897,TRAIN,TRAIN,no,v40c_02732,no,yes,yes,
orig_004857,original_phash,,,,nframe_01896,nframe_01898,TRAIN,TRAIN,no,v40c_02732,no,yes,no,
orig_004858,original_phash,,,,nframe_01896,nframe_01899,TRAIN,TRAIN,no,v40c_02732,no,yes,no,
orig_004859,original_phash,,,,nframe_01897,nframe_01898,TRAIN,TRAIN,no,v40c_02732,no,yes,no,
orig_004860,original_phash,,,,nframe_01897,nframe_01899,TRAIN,TRAIN,no,v40c_02732,no,yes,no,
orig_004861,original_phash,,,,nframe_01898,nframe_01899,TRAIN,TRAIN,no,v40c_02732,no,yes,no,
orig_004862,original_phash,,,,nframe_01902,nframe_01909,TRAIN,TRAIN,no,v40c_02735,no,yes,no,
orig_004863,original_phash,,,,nframe_01903,nframe_01904,TRAIN,TRAIN,no,v40c_02736,no,yes,no,
orig_004864,original_phash,,,,nframe_01903,nframe_01905,TRAIN,TRAIN,no,v40c_02736,no,yes,no,
orig_004865,original_phash,,,,nframe_01903,nframe_01906,TRAIN,TRAIN,no,v40c_02736,no,yes,no,
orig_004866,original_phash,,,,nframe_01903,nframe_01907,TRAIN,TRAIN,no,v40c_02736,no,yes,yes,
orig_004867,original_phash,,,,nframe_01903,nframe_01908,TRAIN,TRAIN,no,v40c_02736,no,yes,no,
orig_004868,original_phash,,,,nframe_01904,nframe_01905,TRAIN,TRAIN,no,v40c_02736,no,yes,yes,
orig_004869,original_phash,,,,nframe_01904,nframe_01906,TRAIN,TRAIN,no,v40c_02736,no,yes,yes,
orig_004870,original_phash,,,,nframe_01904,nframe_01907,TRAIN,TRAIN,no,v40c_02736,no,yes,yes,
orig_004871,original_phash,,,,nframe_01904,nframe_01908,TRAIN,TRAIN,no,v40c_02736,no,yes,no,
orig_004872,original_phash,,,,nframe_01905,nframe_01906,TRAIN,TRAIN,no,v40c_02736,no,yes,yes,
orig_004873,original_phash,,,,nframe_01905,nframe_01907,TRAIN,TRAIN,no,v40c_02736,no,yes,no,
orig_004874,original_phash,,,,nframe_01906,nframe_01907,TRAIN,TRAIN,no,v40c_02736,no,yes,no,
orig_004875,original_phash,,,,nframe_01907,nframe_01908,TRAIN,TRAIN,no,v40c_02736,no,yes,no,
orig_004876,original_phash,,,,nframe_01910,nframe_01911,TRAIN,TRAIN,no,v40c_02737,no,yes,yes,
orig_004877,original_phash,,,,nframe_01910,nframe_01912,TRAIN,TRAIN,no,v40c_02737,no,yes,no,
orig_004878,original_phash,,,,nframe_01911,nframe_01912,TRAIN,TRAIN,no,v40c_02737,no,yes,no,
orig_004879,original_phash,,,,nframe_01912,nframe_01913,TRAIN,TRAIN,no,v40c_02737,no,yes,no,
orig_004880,original_dhash,,,,nframe_01913,nframe_01914,TRAIN,TRAIN,no,v40c_02737,no,no,yes,
orig_004881,original_dhash,,,,nframe_01913,nframe_01915,TRAIN,TRAIN,no,v40c_02737,no,no,yes,
orig_004882,original_phash,,,,nframe_01913,nframe_01916,TRAIN,TRAIN,no,v40c_02737,no,yes,no,
orig_004883,original_phash,,,,nframe_01913,nframe_01917,TRAIN,TRAIN,no,v40c_02737,no,yes,no,
orig_004884,original_phash,,,,nframe_01914,nframe_01915,TRAIN,TRAIN,no,v40c_02737,no,yes,yes,
orig_004885,original_phash,,,,nframe_01914,nframe_01916,TRAIN,TRAIN,no,v40c_02737,no,yes,no,
orig_004886,original_phash,,,,nframe_01915,nframe_01916,TRAIN,TRAIN,no,v40c_02737,no,yes,no,
orig_004887,original_dhash,,,,nframe_01916,nframe_01917,TRAIN,TRAIN,no,v40c_02737,no,no,yes,
orig_004888,original_phash,,,,nframe_01919,nframe_01920,TRAIN,TRAIN,no,v40c_02739,no,yes,no,
orig_004889,original_phash,,,,nframe_01922,nframe_01923,TRAIN,TRAIN,no,v40c_02741,no,yes,no,
orig_004890,original_dhash,,,,nframe_01926,nframe_01927,TRAIN,TRAIN,no,v40c_02744,no,no,yes,
orig_004891,original_phash,,,,nframe_01927,nframe_01928,TRAIN,TRAIN,no,v40c_02744,no,yes,yes,
orig_004892,original_phash,,,,nframe_01928,nframe_01929,TRAIN,TRAIN,no,v40c_02744,no,yes,no,
orig_004893,original_dhash,,,,nframe_01929,nframe_01930,TRAIN,TRAIN,no,v40c_02744,no,no,yes,
orig_004894,original_dhash,,,,nframe_01930,nframe_01931,TRAIN,TRAIN,no,v40c_02744,no,no,yes,
orig_004895,original_phash,,,,nframe_01941,nframe_01942,TRAIN,TRAIN,no,v40c_02748,no,yes,no,
orig_004896,original_phash,,,,nframe_01944,nframe_01945,TRAIN,TRAIN,no,v40c_02750,no,yes,no,
orig_004897,original_phash,,,,nframe_01946,nframe_01947,TRAIN,TRAIN,no,v40c_02751,no,yes,no,
orig_004898,original_phash,,,,nframe_01946,nframe_01948,TRAIN,TRAIN,no,v40c_02751,no,yes,no,
orig_004899,original_phash,,,,nframe_01947,nframe_01948,TRAIN,TRAIN,no,v40c_02751,no,yes,yes,
orig_004900,original_dhash,,,,nframe_01947,nframe_01949,TRAIN,TRAIN,no,v40c_02751,no,no,yes,
orig_004901,original_phash,,,,nframe_01951,nframe_01952,TRAIN,TRAIN,no,v40c_02753,no,yes,no,
orig_004902,original_phash,,,,nframe_01956,nframe_01957,TRAIN,TRAIN,no,v40c_02757,no,yes,yes,
orig_004903,original_phash,,,,nframe_01956,nframe_01958,TRAIN,TRAIN,no,v40c_02757,no,yes,no,
orig_004904,original_phash,,,,nframe_01956,nframe_01959,TRAIN,TRAIN,no,v40c_02757,no,yes,no,
orig_004905,original_phash,,,,nframe_01957,nframe_01958,TRAIN,TRAIN,no,v40c_02757,no,yes,no,
orig_004906,original_phash,,,,nframe_01957,nframe_01959,TRAIN,TRAIN,no,v40c_02757,no,yes,no,
orig_004907,original_exact,,,,nframe_01958,nframe_01959,TRAIN,TRAIN,no,v40c_02757,yes,yes,yes,
orig_004908,original_phash,,,,nframe_01958,nframe_01960,TRAIN,TRAIN,no,v40c_02757,no,yes,no,
orig_004909,original_phash,,,,nframe_01958,nframe_01961,TRAIN,TRAIN,no,v40c_02757,no,yes,no,
orig_004910,original_phash,,,,nframe_01959,nframe_01960,TRAIN,TRAIN,no,v40c_02757,no,yes,no,
orig_004911,original_phash,,,,nframe_01959,nframe_01961,TRAIN,TRAIN,no,v40c_02757,no,yes,no,
orig_004912,original_phash,,,,nframe_01960,nframe_01961,TRAIN,TRAIN,no,v40c_02757,no,yes,no,
orig_004913,original_exact,,,,nframe_01962,nframe_01963,TRAIN,TRAIN,no,v40c_02758,yes,yes,yes,
orig_004914,original_phash,,,,nframe_01962,nframe_01964,TRAIN,TRAIN,no,v40c_02758,no,yes,no,
orig_004915,original_phash,,,,nframe_01962,nframe_01965,TRAIN,TRAIN,no,v40c_02758,no,yes,no,
orig_004916,original_phash,,,,nframe_01962,nframe_01966,TRAIN,TRAIN,no,v40c_02758,no,yes,no,
orig_004917,original_phash,,,,nframe_01963,nframe_01964,TRAIN,TRAIN,no,v40c_02758,no,yes,no,
orig_004918,original_phash,,,,nframe_01963,nframe_01965,TRAIN,TRAIN,no,v40c_02758,no,yes,no,
orig_004919,original_phash,,,,nframe_01963,nframe_01966,TRAIN,TRAIN,no,v40c_02758,no,yes,no,
orig_004920,original_phash,,,,nframe_01964,nframe_01965,TRAIN,TRAIN,no,v40c_02758,no,yes,no,
orig_004921,original_phash,,,,nframe_01964,nframe_01966,TRAIN,TRAIN,no,v40c_02758,no,yes,no,
orig_004922,original_exact,,,,nframe_01965,nframe_01966,TRAIN,TRAIN,no,v40c_02758,yes,yes,yes,
orig_004923,original_phash,,,,nframe_01965,nframe_01969,TRAIN,TRAIN,no,v40c_02758,no,yes,no,
orig_004924,original_phash,,,,nframe_01966,nframe_01969,TRAIN,TRAIN,no,v40c_02758,no,yes,no,
orig_004925,original_phash,,,,nframe_01968,nframe_01969,TRAIN,TRAIN,no,v40c_02758,no,yes,no,
orig_004926,original_exact,,,,nframe_01970,nframe_01971,TRAIN,TRAIN,no,v40c_02760,yes,yes,yes,
orig_004927,original_phash,,,,nframe_01974,nframe_01975,TRAIN,TRAIN,no,v40c_02763,no,yes,no,
orig_004928,original_phash,,,,nframe_01976,nframe_01977,TRAIN,TRAIN,no,v40c_02764,no,yes,no,
orig_004929,original_phash,,,,nframe_01976,nframe_01978,TRAIN,TRAIN,no,v40c_02764,no,yes,no,
orig_004930,original_phash,,,,nframe_01979,nframe_01980,TRAIN,TRAIN,no,v40c_02765,no,yes,no,
orig_004931,original_phash,,,,nframe_01986,nframe_01987,TRAIN,TRAIN,no,v40c_02771,no,yes,no,
orig_004932,original_phash,,,,nframe_01987,nframe_01988,TRAIN,TRAIN,no,v40c_02771,no,yes,no,
orig_004933,original_phash,,,,nframe_01989,nframe_01990,TRAIN,TRAIN,no,v40c_02772,no,yes,no,
orig_004934,original_phash,,,,nframe_01989,nframe_01991,TRAIN,TRAIN,no,v40c_02772,no,yes,no,
orig_004935,original_phash,,,,nframe_01990,nframe_01991,TRAIN,TRAIN,no,v40c_02772,no,yes,no,
orig_004936,original_exact,,,,nframe_01992,nframe_01993,TRAIN,TRAIN,no,v40c_02773,yes,yes,yes,
orig_004937,original_phash,,,,nframe_01995,nframe_01996,TRAIN,TRAIN,no,v40c_02775,no,yes,no,
orig_004938,original_phash,,,,nframe_01997,nframe_01998,TRAIN,TRAIN,no,v40c_02776,no,yes,yes,
orig_004939,original_phash,,,,nframe_01997,nframe_02005,TRAIN,TRAIN,no,v40c_02776,no,yes,no,
orig_004940,original_phash,,,,nframe_01997,nframe_02006,TRAIN,TRAIN,no,v40c_02776,no,yes,no,
orig_004941,original_phash,,,,nframe_01999,nframe_02003,TRAIN,TRAIN,no,v40c_02777,no,yes,no,
orig_004942,original_phash,,,,nframe_02000,nframe_02003,TRAIN,TRAIN,no,v40c_02777,no,yes,no,
orig_004943,original_exact,,,,nframe_02001,nframe_02002,TRAIN,TRAIN,no,v40c_02778,yes,yes,yes,
orig_004944,original_exact,,,,nframe_02005,nframe_02006,TRAIN,TRAIN,no,v40c_02776,yes,yes,yes,
orig_004945,original_exact,,,,nframe_02008,nframe_02009,TRAIN,TRAIN,no,v40c_02781,yes,yes,yes,
orig_004946,original_phash,,,,nframe_02008,nframe_02010,TRAIN,TRAIN,no,v40c_02781,no,yes,no,
orig_004947,original_phash,,,,nframe_02009,nframe_02010,TRAIN,TRAIN,no,v40c_02781,no,yes,no,
orig_004948,original_exact,,,,nframe_02011,nframe_02012,TRAIN,TRAIN,no,v40c_02782,yes,yes,yes,
orig_004949,original_phash,,,,nframe_02013,nframe_02014,TRAIN,TRAIN,no,v40c_02783,no,yes,no,
orig_004950,original_phash,,,,nframe_02017,nframe_02018,TRAIN,TRAIN,no,v40c_02786,no,yes,no,
orig_004951,original_phash,,,,nframe_02019,nframe_02020,TRAIN,TRAIN,no,v40c_02787,no,yes,no,
orig_004952,original_exact,,,,nframe_02022,nframe_02023,TRAIN,TRAIN,no,v40c_02789,yes,yes,yes,
orig_004953,original_phash,,,,nframe_02024,nframe_02027,TRAIN,TRAIN,no,v40c_02790,no,yes,no,
orig_004954,original_phash,,,,nframe_02034,nframe_02035,TRAIN,TRAIN,no,v40c_02799,no,yes,no,
orig_004955,original_phash,,,,nframe_02034,nframe_02036,TRAIN,TRAIN,no,v40c_02799,no,yes,no,
orig_004956,original_phash,,,,nframe_02034,nframe_02037,TRAIN,TRAIN,no,v40c_02799,no,yes,no,
orig_004957,original_phash,,,,nframe_02035,nframe_02036,TRAIN,TRAIN,no,v40c_02799,no,yes,no,
orig_004958,original_phash,,,,nframe_02035,nframe_02037,TRAIN,TRAIN,no,v40c_02799,no,yes,no,
orig_004959,original_phash,,,,nframe_02036,nframe_02037,TRAIN,TRAIN,no,v40c_02799,no,yes,no,
orig_004960,original_phash,,,,nframe_02043,nframe_02044,TRAIN,TRAIN,no,v40c_02805,no,yes,no,
orig_004961,original_phash,,,,nframe_02044,nframe_02045,TRAIN,TRAIN,no,v40c_02805,no,yes,no,
orig_004962,original_phash,,,,nframe_02044,nframe_02046,TRAIN,TRAIN,no,v40c_02805,no,yes,no,
orig_004963,original_phash,,,,nframe_02045,nframe_02046,TRAIN,TRAIN,no,v40c_02805,no,yes,no,
orig_004964,original_phash,,,,nframe_02045,nframe_02047,TRAIN,TRAIN,no,v40c_02805,no,yes,no,
orig_004965,original_phash,,,,nframe_02046,nframe_02047,TRAIN,TRAIN,no,v40c_02805,no,yes,no,
orig_004966,original_phash,,,,nframe_02047,nframe_02048,TRAIN,TRAIN,no,v40c_02805,no,yes,no,
orig_004967,original_phash,,,,nframe_02048,nframe_02049,TRAIN,TRAIN,no,v40c_02805,no,yes,no,
orig_004968,original_phash,,,,nframe_02049,nframe_02051,TRAIN,TRAIN,no,v40c_02805,no,yes,no,
orig_004969,original_phash,,,,nframe_02050,nframe_02051,TRAIN,TRAIN,no,v40c_02805,no,yes,no,
orig_004970,original_phash,,,,nframe_02052,nframe_02053,TRAIN,TRAIN,no,v40c_02806,no,yes,no,
orig_004971,original_phash,,,,nframe_02053,nframe_02054,TRAIN,TRAIN,no,v40c_02806,no,yes,no,
orig_004972,original_exact,,,,nframe_02057,nframe_02058,TRAIN,TRAIN,no,v40c_02809,yes,yes,yes,
orig_004973,original_phash,,,,nframe_02063,nframe_02064,TRAIN,TRAIN,no,v40c_02814,no,yes,no,
orig_004974,original_phash,,,,nframe_02063,nframe_02065,TRAIN,TRAIN,no,v40c_02814,no,yes,no,
orig_004975,original_phash,,,,nframe_02063,nframe_02071,TRAIN,TRAIN,no,v40c_02814,no,yes,no,
orig_004976,original_phash,,,,nframe_02064,nframe_02065,TRAIN,TRAIN,no,v40c_02814,no,yes,no,
orig_004977,original_phash,,,,nframe_02074,nframe_02075,TRAIN,TRAIN,no,v40c_02822,no,yes,no,
orig_004978,original_exact,,,,nframe_02077,nframe_02078,TRAIN,TRAIN,no,v40c_02824,yes,yes,yes,
orig_004979,original_exact,,,,nframe_02088,nframe_02089,TRAIN,TRAIN,no,v40c_02833,yes,yes,yes,
orig_004980,original_phash,,,,nframe_02091,nframe_02092,TRAIN,TRAIN,no,v40c_02835,no,yes,no,
orig_004981,original_phash,,,,nframe_02091,nframe_02095,TRAIN,TRAIN,no,v40c_02835,no,yes,no,
orig_004982,original_phash,,,,nframe_02094,nframe_02095,TRAIN,TRAIN,no,v40c_02835,no,yes,no,
orig_004983,original_phash,,,,nframe_02094,nframe_02096,TRAIN,TRAIN,no,v40c_02835,no,yes,no,
orig_004984,original_phash,,,,nframe_02095,nframe_02096,TRAIN,TRAIN,no,v40c_02835,no,yes,no,
orig_004985,original_exact,,,,nframe_02097,nframe_02098,TRAIN,TRAIN,no,v40c_02837,yes,yes,yes,
orig_004986,original_phash,,,,nframe_02100,nframe_02101,TRAIN,TRAIN,no,v40c_02839,no,yes,no,
orig_004987,original_phash,,,,nframe_02102,nframe_02103,TRAIN,TRAIN,no,v40c_02840,no,yes,no,
orig_004988,original_phash,,,,nframe_02104,nframe_02105,TRAIN,TRAIN,no,v40c_02841,no,yes,no,
orig_004989,original_phash,,,,nframe_02104,nframe_02106,TRAIN,TRAIN,no,v40c_02841,no,yes,no,
orig_004990,original_phash,,,,nframe_02105,nframe_02106,TRAIN,TRAIN,no,v40c_02841,no,yes,no,
orig_004991,original_phash,,,,nframe_02106,nframe_02107,TRAIN,TRAIN,no,v40c_02841,no,yes,no,
orig_004992,original_phash,,,,nframe_02107,nframe_02108,TRAIN,TRAIN,no,v40c_02841,no,yes,no,
orig_004993,original_phash,,,,nframe_02112,nframe_02113,TRAIN,TRAIN,no,v40c_02845,no,yes,no,
orig_004994,original_exact,,,,nframe_02114,nframe_02115,TRAIN,TRAIN,no,v40c_02846,yes,yes,yes,
orig_004995,original_phash,,,,nframe_02114,nframe_02116,TRAIN,TRAIN,no,v40c_02846,no,yes,no,
orig_004996,original_phash,,,,nframe_02114,nframe_02118,TRAIN,TRAIN,no,v40c_02846,no,yes,no,
orig_004997,original_phash,,,,nframe_02115,nframe_02116,TRAIN,TRAIN,no,v40c_02846,no,yes,no,
orig_004998,original_phash,,,,nframe_02115,nframe_02118,TRAIN,TRAIN,no,v40c_02846,no,yes,no,
orig_004999,original_phash,,,,nframe_02117,nframe_02119,TRAIN,TRAIN,no,v40c_02847,no,yes,no,
orig_005000,original_phash,,,,nframe_02120,nframe_02126,TRAIN,TRAIN,no,v40c_02848,no,yes,no,
orig_005001,original_phash,,,,nframe_02121,nframe_02122,TRAIN,TRAIN,no,v40c_02848,no,yes,yes,
orig_005002,original_phash,,,,nframe_02121,nframe_02123,TRAIN,TRAIN,no,v40c_02848,no,yes,no,
orig_005003,original_phash,,,,nframe_02121,nframe_02124,TRAIN,TRAIN,no,v40c_02848,no,yes,no,
orig_005004,original_phash,,,,nframe_02122,nframe_02123,TRAIN,TRAIN,no,v40c_02848,no,yes,no,
orig_005005,original_phash,,,,nframe_02122,nframe_02124,TRAIN,TRAIN,no,v40c_02848,no,yes,no,
orig_005006,original_phash,,,,nframe_02123,nframe_02124,TRAIN,TRAIN,no,v40c_02848,no,yes,no,
orig_005007,original_phash,,,,nframe_02124,nframe_02125,TRAIN,TRAIN,no,v40c_02848,no,yes,no,
orig_005008,original_phash,,,,nframe_02124,nframe_02128,TRAIN,TRAIN,no,v40c_02848,no,yes,no,
orig_005009,original_phash,,,,nframe_02124,nframe_02129,TRAIN,TRAIN,no,v40c_02848,no,yes,no,
orig_005010,original_phash,,,,nframe_02125,nframe_02126,TRAIN,TRAIN,no,v40c_02848,no,yes,no,
orig_005011,original_phash,,,,nframe_02125,nframe_02127,TRAIN,TRAIN,no,v40c_02848,no,yes,no,
orig_005012,original_phash,,,,nframe_02125,nframe_02128,TRAIN,TRAIN,no,v40c_02848,no,yes,no,
orig_005013,original_phash,,,,nframe_02125,nframe_02129,TRAIN,TRAIN,no,v40c_02848,no,yes,no,
orig_005014,original_phash,,,,nframe_02126,nframe_02127,TRAIN,TRAIN,no,v40c_02848,no,yes,no,
orig_005015,original_phash,,,,nframe_02126,nframe_02128,TRAIN,TRAIN,no,v40c_02848,no,yes,no,
orig_005016,original_phash,,,,nframe_02126,nframe_02129,TRAIN,TRAIN,no,v40c_02848,no,yes,no,
orig_005017,original_phash,,,,nframe_02127,nframe_02128,TRAIN,TRAIN,no,v40c_02848,no,yes,no,
orig_005018,original_phash,,,,nframe_02127,nframe_02129,TRAIN,TRAIN,no,v40c_02848,no,yes,no,
orig_005019,original_exact,,,,nframe_02128,nframe_02129,TRAIN,TRAIN,no,v40c_02848,yes,yes,yes,
orig_005020,original_phash,,,,nframe_02130,nframe_02131,TRAIN,TRAIN,no,v40c_02849,no,yes,no,
orig_005021,original_phash,,,,nframe_02130,nframe_02132,TRAIN,TRAIN,no,v40c_02849,no,yes,no,
orig_005022,original_phash,,,,nframe_02130,nframe_02133,TRAIN,TRAIN,no,v40c_02849,no,yes,no,
orig_005023,original_phash,,,,nframe_02130,nframe_02134,TRAIN,TRAIN,no,v40c_02849,no,yes,no,
orig_005024,original_phash,,,,nframe_02130,nframe_02135,TRAIN,TRAIN,no,v40c_02849,no,yes,no,
orig_005025,original_phash,,,,nframe_02131,nframe_02132,TRAIN,TRAIN,no,v40c_02849,no,yes,no,
orig_005026,original_phash,,,,nframe_02131,nframe_02133,TRAIN,TRAIN,no,v40c_02849,no,yes,no,
orig_005027,original_phash,,,,nframe_02131,nframe_02134,TRAIN,TRAIN,no,v40c_02849,no,yes,no,
orig_005028,original_phash,,,,nframe_02131,nframe_02135,TRAIN,TRAIN,no,v40c_02849,no,yes,no,
orig_005029,original_phash,,,,nframe_02132,nframe_02133,TRAIN,TRAIN,no,v40c_02849,no,yes,no,
orig_005030,original_phash,,,,nframe_02132,nframe_02134,TRAIN,TRAIN,no,v40c_02849,no,yes,no,
orig_005031,original_phash,,,,nframe_02132,nframe_02135,TRAIN,TRAIN,no,v40c_02849,no,yes,no,
orig_005032,original_phash,,,,nframe_02133,nframe_02134,TRAIN,TRAIN,no,v40c_02849,no,yes,no,
orig_005033,original_phash,,,,nframe_02133,nframe_02135,TRAIN,TRAIN,no,v40c_02849,no,yes,no,
orig_005034,original_phash,,,,nframe_02134,nframe_02135,TRAIN,TRAIN,no,v40c_02849,no,yes,no,
orig_005035,original_phash,,,,nframe_02136,nframe_02137,TRAIN,TRAIN,no,v40c_02850,no,yes,no,
orig_005036,original_phash,,,,nframe_02136,nframe_02138,TRAIN,TRAIN,no,v40c_02850,no,yes,no,
orig_005037,original_phash,,,,nframe_02136,nframe_02139,TRAIN,TRAIN,no,v40c_02850,no,yes,no,
orig_005038,original_phash,,,,nframe_02137,nframe_02138,TRAIN,TRAIN,no,v40c_02850,no,yes,no,
orig_005039,original_phash,,,,nframe_02137,nframe_02139,TRAIN,TRAIN,no,v40c_02850,no,yes,no,
orig_005040,original_phash,,,,nframe_02138,nframe_02139,TRAIN,TRAIN,no,v40c_02850,no,yes,no,
orig_005041,original_dhash,,,,nframe_02139,nframe_02140,TRAIN,TRAIN,no,v40c_02850,no,no,yes,
orig_005042,original_dhash,,,,nframe_02139,nframe_02141,TRAIN,TRAIN,no,v40c_02850,no,no,yes,
orig_005043,original_dhash,,,,nframe_02139,nframe_02142,TRAIN,TRAIN,no,v40c_02850,no,no,yes,
orig_005044,original_exact,,,,nframe_02140,nframe_02141,TRAIN,TRAIN,no,v40c_02850,yes,yes,yes,
orig_005045,original_dhash,,,,nframe_02140,nframe_02142,TRAIN,TRAIN,no,v40c_02850,no,no,yes,
orig_005046,original_dhash,,,,nframe_02141,nframe_02142,TRAIN,TRAIN,no,v40c_02850,no,no,yes,
orig_005047,original_dhash,,,,nframe_02142,nframe_02143,TRAIN,TRAIN,no,v40c_02850,no,no,yes,
orig_005048,original_phash,,,,nframe_02143,nframe_02144,TRAIN,TRAIN,no,v40c_02850,no,yes,no,
orig_005049,original_phash,,,,nframe_02143,nframe_02145,TRAIN,TRAIN,no,v40c_02850,no,yes,no,
orig_005050,original_phash,,,,nframe_02143,nframe_02146,TRAIN,TRAIN,no,v40c_02850,no,yes,no,
orig_005051,original_exact,,,,nframe_02144,nframe_02145,TRAIN,TRAIN,no,v40c_02850,yes,yes,yes,
orig_005052,original_phash,,,,nframe_02144,nframe_02146,TRAIN,TRAIN,no,v40c_02850,no,yes,no,
orig_005053,original_phash,,,,nframe_02145,nframe_02146,TRAIN,TRAIN,no,v40c_02850,no,yes,no,
orig_005054,original_phash,,,,nframe_02146,nframe_02147,TRAIN,TRAIN,no,v40c_02850,no,yes,no,
orig_005055,original_phash,,,,nframe_02147,nframe_02148,TRAIN,TRAIN,no,v40c_02850,no,yes,no,
orig_005056,original_phash,,,,nframe_02147,nframe_02149,TRAIN,TRAIN,no,v40c_02850,no,yes,no,
orig_005057,original_phash,,,,nframe_02147,nframe_02150,TRAIN,TRAIN,no,v40c_02850,no,yes,no,
orig_005058,original_phash,,,,nframe_02147,nframe_02151,TRAIN,TRAIN,no,v40c_02850,no,yes,no,
orig_005059,original_phash,,,,nframe_02148,nframe_02149,TRAIN,TRAIN,no,v40c_02850,no,yes,no,
orig_005060,original_phash,,,,nframe_02148,nframe_02150,TRAIN,TRAIN,no,v40c_02850,no,yes,no,
orig_005061,original_phash,,,,nframe_02148,nframe_02151,TRAIN,TRAIN,no,v40c_02850,no,yes,no,
orig_005062,original_phash,,,,nframe_02148,nframe_02153,TRAIN,TRAIN,no,v40c_02850,no,yes,no,
orig_005063,original_phash,,,,nframe_02149,nframe_02150,TRAIN,TRAIN,no,v40c_02850,no,yes,no,
orig_005064,original_phash,,,,nframe_02149,nframe_02151,TRAIN,TRAIN,no,v40c_02850,no,yes,no,
orig_005065,original_phash,,,,nframe_02149,nframe_02153,TRAIN,TRAIN,no,v40c_02850,no,yes,no,
orig_005066,original_phash,,,,nframe_02150,nframe_02151,TRAIN,TRAIN,no,v40c_02850,no,yes,no,
orig_005067,original_phash,,,,nframe_02150,nframe_02153,TRAIN,TRAIN,no,v40c_02850,no,yes,no,
orig_005068,original_phash,,,,nframe_02151,nframe_02153,TRAIN,TRAIN,no,v40c_02850,no,yes,no,
orig_005069,original_phash,,,,nframe_02154,nframe_02155,TRAIN,TRAIN,no,v40c_02852,no,yes,no,
orig_005070,original_phash,,,,nframe_02155,nframe_02156,TRAIN,TRAIN,no,v40c_02852,no,yes,no,
orig_005071,original_phash,,,,nframe_02155,nframe_02157,TRAIN,TRAIN,no,v40c_02852,no,yes,no,
orig_005072,original_exact,,,,nframe_02156,nframe_02157,TRAIN,TRAIN,no,v40c_02852,yes,yes,yes,
orig_005073,original_phash,,,,nframe_02177,nframe_02179,VALIDATION,VALIDATION,no,v40c_02856,no,yes,no,
orig_005074,original_phash,,,,nframe_02178,nframe_02179,VALIDATION,VALIDATION,no,v40c_02856,no,yes,no,
orig_005075,original_phash,,,,nframe_02179,nframe_02180,VALIDATION,VALIDATION,no,v40c_02856,no,yes,no,
orig_005076,original_phash,,,,nframe_02179,nframe_02181,VALIDATION,VALIDATION,no,v40c_02856,no,yes,no,
orig_005077,original_phash,,,,nframe_02180,nframe_02181,VALIDATION,VALIDATION,no,v40c_02856,no,yes,no,
orig_005078,original_exact,,,,nframe_02182,nframe_02183,VALIDATION,VALIDATION,no,v40c_02857,yes,yes,yes,
orig_005079,original_phash,,,,nframe_02184,nframe_02185,VALIDATION,VALIDATION,no,v40c_02858,no,yes,no,
orig_005080,original_phash,,,,nframe_02188,nframe_02189,VALIDATION,VALIDATION,no,v40c_02860,no,yes,no,
orig_005081,original_phash,,,,nframe_02189,nframe_02190,VALIDATION,VALIDATION,no,v40c_02860,no,yes,no,
orig_005082,original_phash,,,,nframe_02190,nframe_02191,VALIDATION,VALIDATION,no,v40c_02860,no,yes,no,
orig_005083,original_phash,,,,nframe_02191,nframe_02192,VALIDATION,VALIDATION,no,v40c_02860,no,yes,no,
orig_005084,original_phash,,,,nframe_02192,nframe_02193,VALIDATION,VALIDATION,no,v40c_02860,no,yes,no,
orig_005085,original_phash,,,,nframe_02193,nframe_02194,VALIDATION,VALIDATION,no,v40c_02860,no,yes,no,
orig_005086,original_phash,,,,nframe_02193,nframe_02195,VALIDATION,VALIDATION,no,v40c_02860,no,yes,no,
orig_005087,original_phash,,,,nframe_02193,nframe_02196,VALIDATION,VALIDATION,no,v40c_02860,no,yes,no,
orig_005088,original_phash,,,,nframe_02193,nframe_02197,VALIDATION,VALIDATION,no,v40c_02860,no,yes,no,
orig_005089,original_phash,,,,nframe_02194,nframe_02195,VALIDATION,VALIDATION,no,v40c_02860,no,yes,no,
orig_005090,original_phash,,,,nframe_02194,nframe_02196,VALIDATION,VALIDATION,no,v40c_02860,no,yes,no,
orig_005091,original_phash,,,,nframe_02194,nframe_02197,VALIDATION,VALIDATION,no,v40c_02860,no,yes,no,
orig_005092,original_phash,,,,nframe_02195,nframe_02196,VALIDATION,VALIDATION,no,v40c_02860,no,yes,no,
orig_005093,original_phash,,,,nframe_02195,nframe_02197,VALIDATION,VALIDATION,no,v40c_02860,no,yes,no,
orig_005094,original_phash,,,,nframe_02196,nframe_02197,VALIDATION,VALIDATION,no,v40c_02860,no,yes,no,
orig_005095,original_phash,,,,nframe_02198,nframe_02199,VALIDATION,VALIDATION,no,v40c_02861,no,yes,no,
orig_005096,original_phash,,,,nframe_02201,nframe_02202,VALIDATION,VALIDATION,no,v40c_02863,no,yes,no,
orig_005097,original_phash,,,,nframe_02203,nframe_02204,VALIDATION,VALIDATION,no,v40c_02864,no,yes,yes,
orig_005098,original_phash,,,,nframe_02205,nframe_02206,VALIDATION,VALIDATION,no,v40c_02865,no,yes,yes,
orig_005099,original_dhash,,,,nframe_02206,nframe_02207,VALIDATION,VALIDATION,no,v40c_02865,no,no,yes,
orig_005100,original_phash,,,,nframe_02208,nframe_02209,VALIDATION,VALIDATION,no,v40c_02866,no,yes,no,
orig_005101,original_phash,,,,nframe_02209,nframe_02210,VALIDATION,VALIDATION,no,v40c_02866,no,yes,no,
orig_005102,original_phash,,,,nframe_02210,nframe_02211,VALIDATION,VALIDATION,no,v40c_02866,no,yes,no,
orig_005103,original_phash,,,,nframe_02210,nframe_02212,VALIDATION,VALIDATION,no,v40c_02866,no,yes,yes,
orig_005104,original_phash,,,,nframe_02211,nframe_02212,VALIDATION,VALIDATION,no,v40c_02866,no,yes,yes,
orig_005105,original_exact,,,,nframe_02213,nframe_02214,VALIDATION,VALIDATION,no,v40c_02867,yes,yes,yes,
orig_005106,original_phash,,,,nframe_02216,nframe_02217,VALIDATION,VALIDATION,no,v40c_02869,no,yes,no,
orig_005107,original_phash,,,,nframe_02219,nframe_02220,VALIDATION,VALIDATION,no,v40c_02871,no,yes,yes,
orig_005108,original_dhash,,,,nframe_02222,nframe_02223,VALIDATION,VALIDATION,no,v40c_02873,no,no,yes,
orig_005109,original_phash,,,,nframe_02224,nframe_02225,VALIDATION,VALIDATION,no,v40c_02874,no,yes,yes,
orig_005110,original_phash,,,,nframe_02224,nframe_02226,VALIDATION,VALIDATION,no,v40c_02874,no,yes,yes,
orig_005111,original_exact,,,,nframe_02225,nframe_02226,VALIDATION,VALIDATION,no,v40c_02874,yes,yes,yes,
orig_005112,original_phash,,,,nframe_02225,nframe_02227,VALIDATION,VALIDATION,no,v40c_02874,no,yes,no,
orig_005113,original_dhash,,,,nframe_02225,nframe_02228,VALIDATION,VALIDATION,no,v40c_02874,no,no,yes,
orig_005114,original_phash,,,,nframe_02226,nframe_02227,VALIDATION,VALIDATION,no,v40c_02874,no,yes,no,
orig_005115,original_dhash,,,,nframe_02226,nframe_02228,VALIDATION,VALIDATION,no,v40c_02874,no,no,yes,
orig_005116,original_dhash,,,,nframe_02227,nframe_02228,VALIDATION,VALIDATION,no,v40c_02874,no,no,yes,
orig_005117,original_phash,,,,nframe_02228,nframe_02229,VALIDATION,VALIDATION,no,v40c_02874,no,yes,no,
orig_005118,original_dhash,,,,nframe_02231,nframe_02232,VALIDATION,VALIDATION,no,v40c_02876,no,no,yes,
orig_005119,original_dhash,,,,nframe_02231,nframe_02239,VALIDATION,VALIDATION,no,v40c_02876,no,no,yes,
orig_005120,original_phash,,,,nframe_02232,nframe_02233,VALIDATION,VALIDATION,no,v40c_02876,no,yes,yes,
orig_005121,original_dhash,,,,nframe_02232,nframe_02236,VALIDATION,VALIDATION,no,v40c_02876,no,no,yes,
orig_005122,original_phash,,,,nframe_02233,nframe_02236,VALIDATION,VALIDATION,no,v40c_02876,no,yes,yes,
orig_005123,original_phash,,,,nframe_02234,nframe_02236,VALIDATION,VALIDATION,no,v40c_02876,no,yes,yes,
orig_005124,original_phash,,,,nframe_02237,nframe_02238,VALIDATION,VALIDATION,no,v40c_02876,no,yes,no,
orig_005125,original_dhash,,,,nframe_02238,nframe_02239,VALIDATION,VALIDATION,no,v40c_02876,no,no,yes,
orig_005126,original_dhash,,,,nframe_02256,nframe_02257,TRAIN,TRAIN,no,v40c_02878,no,no,yes,
orig_005127,original_dhash,,,,nframe_02256,nframe_02258,TRAIN,TRAIN,no,v40c_02878,no,no,yes,
orig_005128,original_phash,,,,nframe_02257,nframe_02258,TRAIN,TRAIN,no,v40c_02878,no,yes,yes,
orig_005129,original_phash,,,,nframe_02261,nframe_02262,TRAIN,TRAIN,no,v40c_02880,no,yes,yes,
orig_005130,original_phash,,,,nframe_02261,nframe_02264,TRAIN,TRAIN,no,v40c_02880,no,yes,no,
orig_005131,original_phash,,,,nframe_02261,nframe_02265,TRAIN,TRAIN,no,v40c_02880,no,yes,no,
orig_005132,original_phash,,,,nframe_02262,nframe_02263,TRAIN,TRAIN,no,v40c_02880,no,yes,yes,
orig_005133,original_phash,,,,nframe_02263,nframe_02264,TRAIN,TRAIN,no,v40c_02880,no,yes,no,
orig_005134,original_dhash,,,,nframe_02263,nframe_02265,TRAIN,TRAIN,no,v40c_02880,no,no,yes,
orig_005135,original_phash,,,,nframe_02264,nframe_02265,TRAIN,TRAIN,no,v40c_02880,no,yes,no,
orig_005136,original_phash,,,,nframe_02264,nframe_02267,TRAIN,TRAIN,no,v40c_02880,no,yes,no,
orig_005137,original_phash,,,,nframe_02264,nframe_02268,TRAIN,TRAIN,no,v40c_02880,no,yes,no,
orig_005138,original_phash,,,,nframe_02266,nframe_02267,TRAIN,TRAIN,no,v40c_02880,no,yes,no,
orig_005139,original_phash,,,,nframe_02266,nframe_02268,TRAIN,TRAIN,no,v40c_02880,no,yes,no,
orig_005140,original_exact,,,,nframe_02267,nframe_02268,TRAIN,TRAIN,no,v40c_02880,yes,yes,yes,
orig_005141,original_dhash,,,,nframe_02269,nframe_02270,TRAIN,TRAIN,no,v40c_02881,no,no,yes,
orig_005142,original_dhash,,,,nframe_02269,nframe_02271,TRAIN,TRAIN,no,v40c_02881,no,no,yes,
orig_005143,original_dhash,,,,nframe_02270,nframe_02271,TRAIN,TRAIN,no,v40c_02881,no,no,yes,
orig_005144,original_phash,,,,nframe_02271,nframe_02272,TRAIN,TRAIN,no,v40c_02881,no,yes,yes,
orig_005145,original_phash,,,,nframe_02271,nframe_02273,TRAIN,TRAIN,no,v40c_02881,no,yes,no,
orig_005146,original_dhash,,,,nframe_02271,nframe_02274,TRAIN,TRAIN,no,v40c_02881,no,no,yes,
orig_005147,original_phash,,,,nframe_02272,nframe_02273,TRAIN,TRAIN,no,v40c_02881,no,yes,no,
orig_005148,original_phash,,,,nframe_02272,nframe_02274,TRAIN,TRAIN,no,v40c_02881,no,yes,no,
orig_005149,original_phash,,,,nframe_02272,nframe_02275,TRAIN,TRAIN,no,v40c_02881,no,yes,no,
orig_005150,original_phash,,,,nframe_02272,nframe_02276,TRAIN,TRAIN,no,v40c_02881,no,yes,no,
orig_005151,original_phash,,,,nframe_02273,nframe_02274,TRAIN,TRAIN,no,v40c_02881,no,yes,no,
orig_005152,original_phash,,,,nframe_02273,nframe_02275,TRAIN,TRAIN,no,v40c_02881,no,yes,no,
orig_005153,original_phash,,,,nframe_02273,nframe_02276,TRAIN,TRAIN,no,v40c_02881,no,yes,no,
orig_005154,original_phash,,,,nframe_02273,nframe_02277,TRAIN,TRAIN,no,v40c_02881,no,yes,no,
orig_005155,original_phash,,,,nframe_02273,nframe_02278,TRAIN,TRAIN,no,v40c_02881,no,yes,no,
orig_005156,original_phash,,,,nframe_02274,nframe_02275,TRAIN,TRAIN,no,v40c_02881,no,yes,yes,
orig_005157,original_phash,,,,nframe_02274,nframe_02276,TRAIN,TRAIN,no,v40c_02881,no,yes,yes,
orig_005158,original_phash,,,,nframe_02274,nframe_02277,TRAIN,TRAIN,no,v40c_02881,no,yes,yes,
orig_005159,original_phash,,,,nframe_02274,nframe_02278,TRAIN,TRAIN,no,v40c_02881,no,yes,no,
orig_005160,original_phash,,,,nframe_02275,nframe_02276,TRAIN,TRAIN,no,v40c_02881,no,yes,yes,
orig_005161,original_phash,,,,nframe_02275,nframe_02277,TRAIN,TRAIN,no,v40c_02881,no,yes,no,
orig_005162,original_phash,,,,nframe_02275,nframe_02278,TRAIN,TRAIN,no,v40c_02881,no,yes,no,
orig_005163,original_phash,,,,nframe_02276,nframe_02277,TRAIN,TRAIN,no,v40c_02881,no,yes,yes,
orig_005164,original_phash,,,,nframe_02276,nframe_02278,TRAIN,TRAIN,no,v40c_02881,no,yes,no,
orig_005165,original_phash,,,,nframe_02277,nframe_02278,TRAIN,TRAIN,no,v40c_02881,no,yes,no,
orig_005166,original_dhash,,,,nframe_02278,nframe_02281,TRAIN,TRAIN,no,v40c_02881,no,no,yes,
orig_005167,original_dhash,,,,nframe_02278,nframe_02282,TRAIN,TRAIN,no,v40c_02881,no,no,yes,
orig_005168,original_dhash,,,,nframe_02278,nframe_02283,TRAIN,TRAIN,no,v40c_02881,no,no,yes,
orig_005169,original_exact,,,,nframe_02279,nframe_02280,TRAIN,TRAIN,no,v40c_02881,yes,yes,yes,
orig_005170,original_phash,,,,nframe_02279,nframe_02281,TRAIN,TRAIN,no,v40c_02881,no,yes,yes,
orig_005171,original_phash,,,,nframe_02279,nframe_02282,TRAIN,TRAIN,no,v40c_02881,no,yes,yes,
orig_005172,original_dhash,,,,nframe_02279,nframe_02283,TRAIN,TRAIN,no,v40c_02881,no,no,yes,
orig_005173,original_phash,,,,nframe_02279,nframe_02284,TRAIN,TRAIN,no,v40c_02881,no,yes,no,
orig_005174,original_phash,,,,nframe_02279,nframe_02285,TRAIN,TRAIN,no,v40c_02881,no,yes,no,
orig_005175,original_dhash,,,,nframe_02279,nframe_02291,TRAIN,TRAIN,no,v40c_02881,no,no,yes,
orig_005176,original_phash,,,,nframe_02280,nframe_02281,TRAIN,TRAIN,no,v40c_02881,no,yes,yes,
orig_005177,original_phash,,,,nframe_02280,nframe_02282,TRAIN,TRAIN,no,v40c_02881,no,yes,yes,
orig_005178,original_dhash,,,,nframe_02280,nframe_02283,TRAIN,TRAIN,no,v40c_02881,no,no,yes,
orig_005179,original_phash,,,,nframe_02280,nframe_02284,TRAIN,TRAIN,no,v40c_02881,no,yes,no,
orig_005180,original_phash,,,,nframe_02280,nframe_02285,TRAIN,TRAIN,no,v40c_02881,no,yes,no,
orig_005181,original_dhash,,,,nframe_02280,nframe_02291,TRAIN,TRAIN,no,v40c_02881,no,no,yes,
orig_005182,original_phash,,,,nframe_02281,nframe_02282,TRAIN,TRAIN,no,v40c_02881,no,yes,yes,
orig_005183,original_dhash,,,,nframe_02281,nframe_02283,TRAIN,TRAIN,no,v40c_02881,no,no,yes,
orig_005184,original_phash,,,,nframe_02281,nframe_02285,TRAIN,TRAIN,no,v40c_02881,no,yes,no,
orig_005185,original_dhash,,,,nframe_02281,nframe_02291,TRAIN,TRAIN,no,v40c_02881,no,no,yes,
orig_005186,original_dhash,,,,nframe_02282,nframe_02283,TRAIN,TRAIN,no,v40c_02881,no,no,yes,
orig_005187,original_phash,,,,nframe_02282,nframe_02284,TRAIN,TRAIN,no,v40c_02881,no,yes,no,
orig_005188,original_phash,,,,nframe_02282,nframe_02285,TRAIN,TRAIN,no,v40c_02881,no,yes,no,
orig_005189,original_dhash,,,,nframe_02282,nframe_02291,TRAIN,TRAIN,no,v40c_02881,no,no,yes,
orig_005190,original_phash,,,,nframe_02284,nframe_02285,TRAIN,TRAIN,no,v40c_02881,no,yes,no,
orig_005191,original_dhash,,,,nframe_02285,nframe_02286,TRAIN,TRAIN,no,v40c_02881,no,no,yes,
orig_005192,original_dhash,,,,nframe_02285,nframe_02287,TRAIN,TRAIN,no,v40c_02881,no,no,yes,
orig_005193,original_dhash,,,,nframe_02285,nframe_02289,TRAIN,TRAIN,no,v40c_02881,no,no,yes,
orig_005194,original_dhash,,,,nframe_02285,nframe_02294,TRAIN,TRAIN,no,v40c_02881,no,no,yes,
orig_005195,original_phash,,,,nframe_02286,nframe_02287,TRAIN,TRAIN,no,v40c_02881,no,yes,yes,
orig_005196,original_dhash,,,,nframe_02286,nframe_02289,TRAIN,TRAIN,no,v40c_02881,no,no,yes,
orig_005197,original_dhash,,,,nframe_02286,nframe_02294,TRAIN,TRAIN,no,v40c_02881,no,no,yes,
orig_005198,original_dhash,,,,nframe_02287,nframe_02288,TRAIN,TRAIN,no,v40c_02881,no,no,yes,
orig_005199,original_dhash,,,,nframe_02287,nframe_02289,TRAIN,TRAIN,no,v40c_02881,no,no,yes,
orig_005200,original_phash,,,,nframe_02288,nframe_02296,TRAIN,TRAIN,no,v40c_02881,no,yes,no,
orig_005201,original_phash,,,,nframe_02288,nframe_02297,TRAIN,TRAIN,no,v40c_02881,no,yes,no,
orig_005202,original_dhash,,,,nframe_02289,nframe_02294,TRAIN,TRAIN,no,v40c_02881,no,no,yes,
orig_005203,original_dhash,,,,nframe_02290,nframe_02293,TRAIN,TRAIN,no,v40c_02881,no,no,yes,
orig_005204,original_dhash,,,,nframe_02290,nframe_02294,TRAIN,TRAIN,no,v40c_02881,no,no,yes,
orig_005205,original_phash,,,,nframe_02291,nframe_02292,TRAIN,TRAIN,no,v40c_02881,no,yes,no,
orig_005206,original_dhash,,,,nframe_02293,nframe_02294,TRAIN,TRAIN,no,v40c_02881,no,no,yes,
orig_005207,original_phash,,,,nframe_02293,nframe_02298,TRAIN,TRAIN,no,v40c_02881,no,yes,no,
orig_005208,original_phash,,,,nframe_02294,nframe_02295,TRAIN,TRAIN,no,v40c_02881,no,yes,no,
orig_005209,original_phash,,,,nframe_02294,nframe_02298,TRAIN,TRAIN,no,v40c_02881,no,yes,no,
orig_005210,original_phash,,,,nframe_02295,nframe_02296,TRAIN,TRAIN,no,v40c_02881,no,yes,no,
orig_005211,original_phash,,,,nframe_02295,nframe_02297,TRAIN,TRAIN,no,v40c_02881,no,yes,no,
orig_005212,original_exact,,,,nframe_02296,nframe_02297,TRAIN,TRAIN,no,v40c_02881,yes,yes,yes,
orig_005213,original_phash,,,,nframe_02300,nframe_02301,TRAIN,TRAIN,no,v40c_02883,no,yes,no,
orig_005214,original_phash,,,,nframe_02300,nframe_02302,TRAIN,TRAIN,no,v40c_02883,no,yes,no,
orig_005215,original_phash,,,,nframe_02300,nframe_02303,TRAIN,TRAIN,no,v40c_02883,no,yes,no,
orig_005216,original_phash,,,,nframe_02300,nframe_02327,TRAIN,TRAIN,no,v40c_02883,no,yes,no,
orig_005217,original_phash,,,,nframe_02300,nframe_02330,TRAIN,TRAIN,no,v40c_02883,no,yes,no,
orig_005218,original_phash,,,,nframe_02300,nframe_02331,TRAIN,TRAIN,no,v40c_02883,no,yes,no,
orig_005219,original_phash,,,,nframe_02300,nframe_02332,TRAIN,TRAIN,no,v40c_02883,no,yes,no,
orig_005220,original_phash,,,,nframe_02300,nframe_02333,TRAIN,TRAIN,no,v40c_02883,no,yes,no,
orig_005221,original_phash,,,,nframe_02301,nframe_02302,TRAIN,TRAIN,no,v40c_02883,no,yes,no,
orig_005222,original_phash,,,,nframe_02301,nframe_02303,TRAIN,TRAIN,no,v40c_02883,no,yes,no,
orig_005223,original_phash,,,,nframe_02301,nframe_02327,TRAIN,TRAIN,no,v40c_02883,no,yes,no,
orig_005224,original_phash,,,,nframe_02301,nframe_02330,TRAIN,TRAIN,no,v40c_02883,no,yes,no,
orig_005225,original_phash,,,,nframe_02301,nframe_02331,TRAIN,TRAIN,no,v40c_02883,no,yes,no,
orig_005226,original_phash,,,,nframe_02301,nframe_02332,TRAIN,TRAIN,no,v40c_02883,no,yes,no,
orig_005227,original_phash,,,,nframe_02301,nframe_02333,TRAIN,TRAIN,no,v40c_02883,no,yes,no,
orig_005228,original_phash,,,,nframe_02302,nframe_02303,TRAIN,TRAIN,no,v40c_02883,no,yes,no,
orig_005229,original_phash,,,,nframe_02302,nframe_02327,TRAIN,TRAIN,no,v40c_02883,no,yes,no,
orig_005230,original_phash,,,,nframe_02302,nframe_02330,TRAIN,TRAIN,no,v40c_02883,no,yes,no,
orig_005231,original_phash,,,,nframe_02302,nframe_02331,TRAIN,TRAIN,no,v40c_02883,no,yes,no,
orig_005232,original_phash,,,,nframe_02302,nframe_02332,TRAIN,TRAIN,no,v40c_02883,no,yes,no,
orig_005233,original_phash,,,,nframe_02302,nframe_02333,TRAIN,TRAIN,no,v40c_02883,no,yes,no,
orig_005234,original_phash,,,,nframe_02303,nframe_02304,TRAIN,TRAIN,no,v40c_02883,no,yes,no,
orig_005235,original_phash,,,,nframe_02304,nframe_02305,TRAIN,TRAIN,no,v40c_02883,no,yes,no,
orig_005236,original_phash,,,,nframe_02304,nframe_02306,TRAIN,TRAIN,no,v40c_02883,no,yes,no,
orig_005237,original_phash,,,,nframe_02304,nframe_02310,TRAIN,TRAIN,no,v40c_02883,no,yes,no,
orig_005238,original_phash,,,,nframe_02305,nframe_02306,TRAIN,TRAIN,no,v40c_02883,no,yes,no,
orig_005239,original_phash,,,,nframe_02305,nframe_02310,TRAIN,TRAIN,no,v40c_02883,no,yes,no,
orig_005240,original_phash,,,,nframe_02307,nframe_02308,TRAIN,TRAIN,no,v40c_02883,no,yes,yes,
orig_005241,original_phash,,,,nframe_02307,nframe_02311,TRAIN,TRAIN,no,v40c_02883,no,yes,no,
orig_005242,original_phash,,,,nframe_02307,nframe_02312,TRAIN,TRAIN,no,v40c_02883,no,yes,no,
orig_005243,original_phash,,,,nframe_02307,nframe_02313,TRAIN,TRAIN,no,v40c_02883,no,yes,no,
orig_005244,original_phash,,,,nframe_02307,nframe_02314,TRAIN,TRAIN,no,v40c_02883,no,yes,no,
orig_005245,original_phash,,,,nframe_02307,nframe_02315,TRAIN,TRAIN,no,v40c_02883,no,yes,no,
orig_005246,original_phash,,,,nframe_02308,nframe_02310,TRAIN,TRAIN,no,v40c_02883,no,yes,no,
orig_005247,original_phash,,,,nframe_02308,nframe_02311,TRAIN,TRAIN,no,v40c_02883,no,yes,no,
orig_005248,original_phash,,,,nframe_02308,nframe_02312,TRAIN,TRAIN,no,v40c_02883,no,yes,no,
orig_005249,original_phash,,,,nframe_02308,nframe_02313,TRAIN,TRAIN,no,v40c_02883,no,yes,no,
orig_005250,original_phash,,,,nframe_02310,nframe_02311,TRAIN,TRAIN,no,v40c_02883,no,yes,no,
orig_005251,original_phash,,,,nframe_02311,nframe_02312,TRAIN,TRAIN,no,v40c_02883,no,yes,no,
orig_005252,original_phash,,,,nframe_02311,nframe_02313,TRAIN,TRAIN,no,v40c_02883,no,yes,no,
orig_005253,original_phash,,,,nframe_02311,nframe_02315,TRAIN,TRAIN,no,v40c_02883,no,yes,no,
orig_005254,original_phash,,,,nframe_02312,nframe_02313,TRAIN,TRAIN,no,v40c_02883,no,yes,no,
orig_005255,original_phash,,,,nframe_02312,nframe_02315,TRAIN,TRAIN,no,v40c_02883,no,yes,no,
orig_005256,original_phash,,,,nframe_02313,nframe_02314,TRAIN,TRAIN,no,v40c_02883,no,yes,no,
orig_005257,original_phash,,,,nframe_02313,nframe_02315,TRAIN,TRAIN,no,v40c_02883,no,yes,no,
orig_005258,original_phash,,,,nframe_02314,nframe_02315,TRAIN,TRAIN,no,v40c_02883,no,yes,no,
orig_005259,original_phash,,,,nframe_02316,nframe_02317,TRAIN,TRAIN,no,v40c_02884,no,yes,no,
orig_005260,original_phash,,,,nframe_02316,nframe_02318,TRAIN,TRAIN,no,v40c_02884,no,yes,no,
orig_005261,original_phash,,,,nframe_02319,nframe_02320,TRAIN,TRAIN,no,v40c_02885,no,yes,no,
orig_005262,original_phash,,,,nframe_02320,nframe_02323,TRAIN,TRAIN,no,v40c_02885,no,yes,no,
orig_005263,original_phash,,,,nframe_02322,nframe_02323,TRAIN,TRAIN,no,v40c_02885,no,yes,no,
orig_005264,original_dhash,,,,nframe_02322,nframe_02324,TRAIN,TRAIN,no,v40c_02885,no,no,yes,
orig_005265,original_phash,,,,nframe_02327,nframe_02330,TRAIN,TRAIN,no,v40c_02883,no,yes,no,
orig_005266,original_phash,,,,nframe_02327,nframe_02331,TRAIN,TRAIN,no,v40c_02883,no,yes,no,
orig_005267,original_phash,,,,nframe_02327,nframe_02332,TRAIN,TRAIN,no,v40c_02883,no,yes,no,
orig_005268,original_phash,,,,nframe_02327,nframe_02333,TRAIN,TRAIN,no,v40c_02883,no,yes,no,
orig_005269,original_phash,,,,nframe_02327,nframe_02335,TRAIN,TRAIN,no,v40c_02883,no,yes,no,
orig_005270,original_phash,,,,nframe_02327,nframe_02596,TRAIN,TRAIN,no,v40c_02883,no,yes,no,
orig_005271,original_phash,,,,nframe_02327,nframe_08886,TRAIN,TRAIN,no,v40c_02883,no,yes,no,
orig_005272,original_phash,,,,nframe_02327,nframe_09869,TRAIN,TRAIN,no,v40c_02883,no,yes,no,
orig_005273,original_phash,,,,nframe_02330,nframe_02331,TRAIN,TRAIN,no,v40c_02883,no,yes,yes,
orig_005274,original_phash,,,,nframe_02330,nframe_02332,TRAIN,TRAIN,no,v40c_02883,no,yes,no,
orig_005275,original_phash,,,,nframe_02330,nframe_02333,TRAIN,TRAIN,no,v40c_02883,no,yes,no,
orig_005276,original_phash,,,,nframe_02330,nframe_02335,TRAIN,TRAIN,no,v40c_02883,no,yes,no,
orig_005277,original_phash,,,,nframe_02330,nframe_02596,TRAIN,TRAIN,no,v40c_02883,no,yes,no,
orig_005278,original_phash,,,,nframe_02330,nframe_08886,TRAIN,TRAIN,no,v40c_02883,no,yes,no,
orig_005279,original_dhash,,,,nframe_02330,nframe_09797,TRAIN,TRAIN,no,v40c_02883,no,no,yes,
orig_005280,original_dhash,,,,nframe_02330,nframe_09800,TRAIN,TRAIN,no,v40c_02883,no,no,yes,
orig_005281,original_phash,,,,nframe_02330,nframe_09869,TRAIN,TRAIN,no,v40c_02883,no,yes,no,
orig_005282,original_phash,,,,nframe_02331,nframe_02332,TRAIN,TRAIN,no,v40c_02883,no,yes,no,
orig_005283,original_phash,,,,nframe_02331,nframe_02333,TRAIN,TRAIN,no,v40c_02883,no,yes,no,
orig_005284,original_phash,,,,nframe_02331,nframe_02335,TRAIN,TRAIN,no,v40c_02883,no,yes,no,
orig_005285,original_phash,,,,nframe_02331,nframe_02596,TRAIN,TRAIN,no,v40c_02883,no,yes,no,
orig_005286,original_phash,,,,nframe_02331,nframe_08886,TRAIN,TRAIN,no,v40c_02883,no,yes,no,
orig_005287,original_dhash,,,,nframe_02331,nframe_09800,TRAIN,TRAIN,no,v40c_02883,no,no,yes,
orig_005288,original_phash,,,,nframe_02331,nframe_09869,TRAIN,TRAIN,no,v40c_02883,no,yes,no,
orig_005289,original_phash,,,,nframe_02332,nframe_02333,TRAIN,TRAIN,no,v40c_02883,no,yes,no,
orig_005290,original_phash,,,,nframe_02332,nframe_02335,TRAIN,TRAIN,no,v40c_02883,no,yes,no,
orig_005291,original_phash,,,,nframe_02332,nframe_02596,TRAIN,TRAIN,no,v40c_02883,no,yes,no,
orig_005292,original_phash,,,,nframe_02332,nframe_08886,TRAIN,TRAIN,no,v40c_02883,no,yes,no,
orig_005293,original_phash,,,,nframe_02332,nframe_09869,TRAIN,TRAIN,no,v40c_02883,no,yes,no,
orig_005294,original_phash,,,,nframe_02333,nframe_02335,TRAIN,TRAIN,no,v40c_02883,no,yes,no,
orig_005295,original_phash,,,,nframe_02333,nframe_02596,TRAIN,TRAIN,no,v40c_02883,no,yes,no,
orig_005296,original_phash,,,,nframe_02333,nframe_08886,TRAIN,TRAIN,no,v40c_02883,no,yes,no,
orig_005297,original_phash,,,,nframe_02333,nframe_09869,TRAIN,TRAIN,no,v40c_02883,no,yes,no,
orig_005298,original_dhash,,,,nframe_02335,nframe_02356,TRAIN,TRAIN,no,v40c_02883,no,no,yes,
orig_005299,original_phash,,,,nframe_02335,nframe_08886,TRAIN,TRAIN,no,v40c_02883,no,yes,no,
orig_005300,original_phash,,,,nframe_02335,nframe_09869,TRAIN,TRAIN,no,v40c_02883,no,yes,no,
orig_005301,original_phash,,,,nframe_02345,nframe_02346,TRAIN,TRAIN,no,v40c_02883,no,yes,no,
orig_005302,original_dhash,,,,nframe_02345,nframe_09793,TRAIN,TRAIN,no,v40c_02883,no,no,yes,
orig_005303,original_dhash,,,,nframe_02345,nframe_09795,TRAIN,TRAIN,no,v40c_02883,no,no,yes,
orig_005304,original_dhash,,,,nframe_02345,nframe_09796,TRAIN,TRAIN,no,v40c_02883,no,no,yes,
orig_005305,original_dhash,,,,nframe_02345,nframe_09800,TRAIN,TRAIN,no,v40c_02883,no,no,yes,
orig_005306,original_dhash,,,,nframe_02345,nframe_09804,TRAIN,TRAIN,no,v40c_02883,no,no,yes,
orig_005307,original_dhash,,,,nframe_02345,nframe_09805,TRAIN,TRAIN,no,v40c_02883,no,no,yes,
orig_005308,original_dhash,,,,nframe_02345,nframe_09807,TRAIN,TRAIN,no,v40c_02883,no,no,yes,
orig_005309,original_phash,,,,nframe_02347,nframe_02353,TRAIN,TRAIN,no,v40c_02883,no,yes,no,
orig_005310,original_phash,,,,nframe_02347,nframe_02374,TRAIN,TRAIN,no,v40c_02883,no,yes,no,
orig_005311,original_phash,,,,nframe_02347,nframe_09794,TRAIN,TRAIN,no,v40c_02883,no,yes,no,
orig_005312,original_phash,,,,nframe_02353,nframe_02374,TRAIN,TRAIN,no,v40c_02883,no,yes,no,
orig_005313,original_phash,,,,nframe_02353,nframe_09793,TRAIN,TRAIN,no,v40c_02883,no,yes,no,
orig_005314,original_phash,,,,nframe_02353,nframe_09794,TRAIN,TRAIN,no,v40c_02883,no,yes,no,
orig_005315,original_dhash,,,,nframe_02355,nframe_02356,TRAIN,TRAIN,no,v40c_02883,no,no,yes,
orig_005316,original_phash,,,,nframe_02374,nframe_09794,TRAIN,TRAIN,no,v40c_02883,no,yes,no,
orig_005317,original_phash,,,,nframe_02423,nframe_02424,VALIDATION,VALIDATION,no,v40c_02889,no,yes,no,
orig_005318,original_phash,,,,nframe_02423,nframe_02425,VALIDATION,VALIDATION,no,v40c_02889,no,yes,no,
orig_005319,original_exact,,,,nframe_02424,nframe_02425,VALIDATION,VALIDATION,no,v40c_02889,yes,yes,yes,
orig_005320,original_phash,,,,nframe_02426,nframe_02427,VALIDATION,VALIDATION,no,v40c_02890,no,yes,yes,
orig_005321,original_phash,,,,nframe_02426,nframe_02428,VALIDATION,VALIDATION,no,v40c_02890,no,yes,no,
orig_005322,original_phash,,,,nframe_02427,nframe_02428,VALIDATION,VALIDATION,no,v40c_02890,no,yes,no,
orig_005323,original_phash,,,,nframe_02428,nframe_02429,VALIDATION,VALIDATION,no,v40c_02890,no,yes,no,
orig_005324,original_phash,,,,nframe_02455,nframe_02456,TRAIN,TRAIN,no,v40c_02898,no,yes,no,
orig_005325,original_phash,,,,nframe_02463,nframe_02467,TRAIN,TRAIN,no,v40c_02905,no,yes,no,
orig_005326,original_phash,,,,nframe_02469,nframe_02470,TRAIN,TRAIN,no,v40c_02910,no,yes,no,
orig_005327,original_phash,,,,nframe_02470,nframe_02471,TRAIN,TRAIN,no,v40c_02910,no,yes,no,
orig_005328,original_exact,,,,nframe_02472,nframe_02473,TRAIN,TRAIN,no,v40c_02911,yes,yes,yes,
orig_005329,original_phash,,,,nframe_02474,nframe_02475,TRAIN,TRAIN,no,v40c_02912,no,yes,no,
orig_005330,original_phash,,,,nframe_02474,nframe_02486,TRAIN,TRAIN,no,v40c_02912,no,yes,no,
orig_005331,original_phash,,,,nframe_02474,nframe_02487,TRAIN,TRAIN,no,v40c_02912,no,yes,no,
orig_005332,original_phash,,,,nframe_02475,nframe_02486,TRAIN,TRAIN,no,v40c_02912,no,yes,no,
orig_005333,original_phash,,,,nframe_02475,nframe_02487,TRAIN,TRAIN,no,v40c_02912,no,yes,no,
orig_005334,original_phash,,,,nframe_02476,nframe_02488,TRAIN,TRAIN,no,v40c_02913,no,yes,no,
orig_005335,original_phash,,,,nframe_02477,nframe_02485,TRAIN,TRAIN,no,v40c_02913,no,yes,no,
orig_005336,original_phash,,,,nframe_02478,nframe_02488,TRAIN,TRAIN,no,v40c_02913,no,yes,no,
orig_005337,original_phash,,,,nframe_02478,nframe_02489,TRAIN,TRAIN,no,v40c_02913,no,yes,no,
orig_005338,original_exact,,,,nframe_02479,nframe_02480,TRAIN,TRAIN,no,v40c_02914,yes,yes,yes,
orig_005339,original_phash,,,,nframe_02482,nframe_02483,TRAIN,TRAIN,no,v40c_02913,no,yes,no,
orig_005340,original_phash,,,,nframe_02482,nframe_02484,TRAIN,TRAIN,no,v40c_02913,no,yes,no,
orig_005341,original_phash,,,,nframe_02483,nframe_02484,TRAIN,TRAIN,no,v40c_02913,no,yes,no,
orig_005342,original_phash,,,,nframe_02484,nframe_02485,TRAIN,TRAIN,no,v40c_02913,no,yes,no,
orig_005343,original_phash,,,,nframe_02484,nframe_02489,TRAIN,TRAIN,no,v40c_02913,no,yes,no,
orig_005344,original_phash,,,,nframe_02485,nframe_02489,TRAIN,TRAIN,no,v40c_02913,no,yes,no,
orig_005345,original_exact,,,,nframe_02486,nframe_02487,TRAIN,TRAIN,no,v40c_02912,yes,yes,yes,
orig_005346,original_phash,,,,nframe_02498,nframe_02499,TRAIN,TRAIN,no,v40c_02924,no,yes,no,
orig_005347,original_phash,,,,nframe_02501,nframe_02510,TRAIN,TRAIN,no,v40c_02926,no,yes,no,
orig_005348,original_phash,,,,nframe_02502,nframe_02509,TRAIN,TRAIN,no,v40c_02927,no,yes,no,
orig_005349,original_exact,,,,nframe_02511,nframe_02512,TRAIN,TRAIN,no,v40c_02934,yes,yes,yes,
orig_005350,original_exact,,,,nframe_02513,nframe_02514,TRAIN,TRAIN,no,v40c_02935,yes,yes,yes,
orig_005351,original_phash,,,,nframe_02513,nframe_02515,TRAIN,TRAIN,no,v40c_02935,no,yes,no,
orig_005352,original_phash,,,,nframe_02513,nframe_02518,TRAIN,TRAIN,no,v40c_02935,no,yes,no,
orig_005353,original_phash,,,,nframe_02513,nframe_02519,TRAIN,TRAIN,no,v40c_02935,no,yes,yes,
orig_005354,original_phash,,,,nframe_02513,nframe_02520,TRAIN,TRAIN,no,v40c_02935,no,yes,no,
orig_005355,original_phash,,,,nframe_02514,nframe_02515,TRAIN,TRAIN,no,v40c_02935,no,yes,no,
orig_005356,original_phash,,,,nframe_02514,nframe_02518,TRAIN,TRAIN,no,v40c_02935,no,yes,no,
orig_005357,original_phash,,,,nframe_02514,nframe_02519,TRAIN,TRAIN,no,v40c_02935,no,yes,yes,
orig_005358,original_phash,,,,nframe_02514,nframe_02520,TRAIN,TRAIN,no,v40c_02935,no,yes,no,
orig_005359,original_phash,,,,nframe_02515,nframe_02520,TRAIN,TRAIN,no,v40c_02935,no,yes,no,
orig_005360,original_phash,,,,nframe_02516,nframe_02517,TRAIN,TRAIN,no,v40c_02936,no,yes,no,
orig_005361,original_phash,,,,nframe_02518,nframe_02519,TRAIN,TRAIN,no,v40c_02935,no,yes,no,
orig_005362,original_phash,,,,nframe_02520,nframe_02521,TRAIN,TRAIN,no,v40c_02935,no,yes,no,
orig_005363,original_phash,,,,nframe_02521,nframe_02522,TRAIN,TRAIN,no,v40c_02935,no,yes,no,
orig_005364,original_phash,,,,nframe_02524,nframe_02527,TRAIN,TRAIN,no,v40c_02468,no,yes,no,
orig_005365,original_dhash,,,,nframe_02526,nframe_02527,TRAIN,TRAIN,no,v40c_02468,no,no,yes,
orig_005366,original_phash,,,,nframe_02528,nframe_02529,VALIDATION,VALIDATION,no,v40c_02468,no,yes,no,
orig_005367,original_phash,,,,nframe_02529,nframe_02532,VALIDATION,VALIDATION,no,v40c_02468,no,yes,no,
orig_005368,original_phash,,,,nframe_02531,nframe_02532,VALIDATION,VALIDATION,no,v40c_02468,no,yes,no,
orig_005369,original_phash,,,,nframe_02531,nframe_02533,VALIDATION,VALIDATION,no,v40c_02468,no,yes,no,
orig_005370,original_phash,,,,nframe_02531,nframe_02534,VALIDATION,VALIDATION,no,v40c_02468,no,yes,no,
orig_005371,original_phash,,,,nframe_02531,nframe_02540,VALIDATION,VALIDATION,no,v40c_02468,no,yes,no,
orig_005372,original_phash,,,,nframe_02532,nframe_02533,VALIDATION,VALIDATION,no,v40c_02468,no,yes,no,
orig_005373,original_phash,,,,nframe_02532,nframe_02534,VALIDATION,VALIDATION,no,v40c_02468,no,yes,no,
orig_005374,original_phash,,,,nframe_02532,nframe_02535,VALIDATION,VALIDATION,no,v40c_02468,no,yes,no,
orig_005375,original_phash,,,,nframe_02532,nframe_02538,VALIDATION,VALIDATION,no,v40c_02468,no,yes,no,
orig_005376,original_phash,,,,nframe_02532,nframe_02539,VALIDATION,VALIDATION,no,v40c_02468,no,yes,no,
orig_005377,original_phash,,,,nframe_02532,nframe_02540,VALIDATION,VALIDATION,no,v40c_02468,no,yes,no,
orig_005378,original_phash,,,,nframe_02533,nframe_02534,VALIDATION,VALIDATION,no,v40c_02468,no,yes,no,
orig_005379,original_phash,,,,nframe_02533,nframe_02535,VALIDATION,VALIDATION,no,v40c_02468,no,yes,no,
orig_005380,original_phash,,,,nframe_02533,nframe_02536,VALIDATION,VALIDATION,no,v40c_02468,no,yes,no,
orig_005381,original_phash,,,,nframe_02533,nframe_02537,VALIDATION,VALIDATION,no,v40c_02468,no,yes,no,
orig_005382,original_phash,,,,nframe_02533,nframe_02538,VALIDATION,VALIDATION,no,v40c_02468,no,yes,no,
orig_005383,original_phash,,,,nframe_02533,nframe_02539,VALIDATION,VALIDATION,no,v40c_02468,no,yes,no,
orig_005384,original_phash,,,,nframe_02533,nframe_02540,VALIDATION,VALIDATION,no,v40c_02468,no,yes,no,
orig_005385,original_phash,,,,nframe_02534,nframe_02535,VALIDATION,VALIDATION,no,v40c_02468,no,yes,no,
orig_005386,original_phash,,,,nframe_02534,nframe_02536,VALIDATION,VALIDATION,no,v40c_02468,no,yes,no,
orig_005387,original_phash,,,,nframe_02534,nframe_02537,VALIDATION,VALIDATION,no,v40c_02468,no,yes,no,
orig_005388,original_phash,,,,nframe_02534,nframe_02538,VALIDATION,VALIDATION,no,v40c_02468,no,yes,no,
orig_005389,original_phash,,,,nframe_02534,nframe_02539,VALIDATION,VALIDATION,no,v40c_02468,no,yes,no,
orig_005390,original_phash,,,,nframe_02534,nframe_02540,VALIDATION,VALIDATION,no,v40c_02468,no,yes,no,
orig_005391,original_phash,,,,nframe_02535,nframe_02536,VALIDATION,VALIDATION,no,v40c_02468,no,yes,no,
orig_005392,original_phash,,,,nframe_02535,nframe_02537,VALIDATION,VALIDATION,no,v40c_02468,no,yes,no,
orig_005393,original_phash,,,,nframe_02535,nframe_02538,VALIDATION,VALIDATION,no,v40c_02468,no,yes,no,
orig_005394,original_phash,,,,nframe_02535,nframe_02539,VALIDATION,VALIDATION,no,v40c_02468,no,yes,no,
orig_005395,original_phash,,,,nframe_02535,nframe_02540,VALIDATION,VALIDATION,no,v40c_02468,no,yes,no,
orig_005396,original_exact,,,,nframe_02536,nframe_02537,VALIDATION,VALIDATION,no,v40c_02468,yes,yes,yes,
orig_005397,original_phash,,,,nframe_02536,nframe_02538,VALIDATION,VALIDATION,no,v40c_02468,no,yes,no,
orig_005398,original_phash,,,,nframe_02536,nframe_02539,VALIDATION,VALIDATION,no,v40c_02468,no,yes,no,
orig_005399,original_phash,,,,nframe_02537,nframe_02538,VALIDATION,VALIDATION,no,v40c_02468,no,yes,no,
orig_005400,original_phash,,,,nframe_02537,nframe_02539,VALIDATION,VALIDATION,no,v40c_02468,no,yes,no,
orig_005401,original_phash,,,,nframe_02538,nframe_02539,VALIDATION,VALIDATION,no,v40c_02468,no,yes,no,
orig_005402,original_phash,,,,nframe_02538,nframe_02540,VALIDATION,VALIDATION,no,v40c_02468,no,yes,no,
orig_005403,original_phash,,,,nframe_02539,nframe_02540,VALIDATION,VALIDATION,no,v40c_02468,no,yes,no,
orig_005404,original_phash,,,,nframe_02541,nframe_02543,TRAIN,TRAIN,no,v40c_02468,no,yes,no,
orig_005405,original_phash,,,,nframe_02543,nframe_02545,TRAIN,TRAIN,no,v40c_02468,no,yes,no,
orig_005406,original_phash,,,,nframe_02544,nframe_02545,TRAIN,TRAIN,no,v40c_02468,no,yes,no,
orig_005407,original_phash,,,,nframe_02544,nframe_02546,TRAIN,TRAIN,no,v40c_02468,no,yes,no,
orig_005408,original_exact,,,,nframe_02548,nframe_02549,TRAIN,TRAIN,no,v40c_02941,yes,yes,yes,
orig_005409,original_phash,,,,nframe_02550,nframe_02551,VALIDATION,VALIDATION,no,v40c_02941,no,yes,no,
orig_005410,original_phash,,,,nframe_02550,nframe_02552,VALIDATION,VALIDATION,no,v40c_02941,no,yes,no,
orig_005411,original_phash,,,,nframe_02550,nframe_02553,VALIDATION,VALIDATION,no,v40c_02941,no,yes,no,
orig_005412,original_phash,,,,nframe_02550,nframe_02554,VALIDATION,VALIDATION,no,v40c_02941,no,yes,no,
orig_005413,original_phash,,,,nframe_02551,nframe_02552,VALIDATION,VALIDATION,no,v40c_02941,no,yes,no,
orig_005414,original_phash,,,,nframe_02551,nframe_02553,VALIDATION,VALIDATION,no,v40c_02941,no,yes,no,
orig_005415,original_phash,,,,nframe_02551,nframe_02554,VALIDATION,VALIDATION,no,v40c_02941,no,yes,no,
orig_005416,original_exact,,,,nframe_02552,nframe_02553,VALIDATION,VALIDATION,no,v40c_02941,yes,yes,yes,
orig_005417,original_phash,,,,nframe_02552,nframe_02554,VALIDATION,VALIDATION,no,v40c_02941,no,yes,no,
orig_005418,original_phash,,,,nframe_02553,nframe_02554,VALIDATION,VALIDATION,no,v40c_02941,no,yes,no,
orig_005419,original_phash,,,,nframe_02554,nframe_02555,VALIDATION,VALIDATION,no,v40c_02941,no,yes,no,
orig_005420,original_phash,,,,nframe_02554,nframe_02556,VALIDATION,VALIDATION,no,v40c_02941,no,yes,no,
orig_005421,original_phash,,,,nframe_02555,nframe_02556,VALIDATION,VALIDATION,no,v40c_02941,no,yes,no,
orig_005422,original_phash,,,,nframe_02555,nframe_02557,VALIDATION,VALIDATION,no,v40c_02941,no,yes,no,
orig_005423,original_phash,,,,nframe_02555,nframe_02558,VALIDATION,VALIDATION,no,v40c_02941,no,yes,no,
orig_005424,original_phash,,,,nframe_02556,nframe_02557,VALIDATION,VALIDATION,no,v40c_02941,no,yes,no,
orig_005425,original_phash,,,,nframe_02556,nframe_02558,VALIDATION,VALIDATION,no,v40c_02941,no,yes,no,
orig_005426,original_phash,,,,nframe_02557,nframe_02558,VALIDATION,VALIDATION,no,v40c_02941,no,yes,no,
orig_005427,original_phash,,,,nframe_02564,nframe_02569,TRAIN,TRAIN,no,v40c_02946,no,yes,no,
orig_005428,original_phash,,,,nframe_02564,nframe_02570,TRAIN,TRAIN,no,v40c_02946,no,yes,no,
orig_005429,original_phash,,,,nframe_02565,nframe_02566,TRAIN,TRAIN,no,v40c_02946,no,yes,no,
orig_005430,original_phash,,,,nframe_02565,nframe_02567,TRAIN,TRAIN,no,v40c_02946,no,yes,no,
orig_005431,original_phash,,,,nframe_02565,nframe_02568,TRAIN,TRAIN,no,v40c_02946,no,yes,no,
orig_005432,original_phash,,,,nframe_02565,nframe_02569,TRAIN,TRAIN,no,v40c_02946,no,yes,no,
orig_005433,original_exact,,,,nframe_02566,nframe_02567,TRAIN,TRAIN,no,v40c_02946,yes,yes,yes,
orig_005434,original_phash,,,,nframe_02566,nframe_02568,TRAIN,TRAIN,no,v40c_02946,no,yes,no,
orig_005435,original_phash,,,,nframe_02566,nframe_02569,TRAIN,TRAIN,no,v40c_02946,no,yes,no,
orig_005436,original_phash,,,,nframe_02567,nframe_02568,TRAIN,TRAIN,no,v40c_02946,no,yes,no,
orig_005437,original_phash,,,,nframe_02567,nframe_02569,TRAIN,TRAIN,no,v40c_02946,no,yes,no,
orig_005438,original_phash,,,,nframe_02568,nframe_02569,TRAIN,TRAIN,no,v40c_02946,no,yes,no,
orig_005439,original_phash,,,,nframe_02569,nframe_02570,TRAIN,TRAIN,no,v40c_02946,no,yes,no,
orig_005440,original_exact,,,,nframe_02574,nframe_02575,TRAIN,TRAIN,no,v40c_02950,yes,yes,yes,
orig_005441,original_phash,,,,nframe_02574,nframe_02576,TRAIN,TRAIN,no,v40c_02950,no,yes,no,
orig_005442,original_phash,,,,nframe_02574,nframe_02577,TRAIN,TRAIN,no,v40c_02950,no,yes,no,
orig_005443,original_phash,,,,nframe_02575,nframe_02576,TRAIN,TRAIN,no,v40c_02950,no,yes,no,
orig_005444,original_phash,,,,nframe_02575,nframe_02577,TRAIN,TRAIN,no,v40c_02950,no,yes,no,
orig_005445,original_phash,,,,nframe_02576,nframe_02577,TRAIN,TRAIN,no,v40c_02950,no,yes,no,
orig_005446,original_phash,,,,nframe_02576,nframe_02578,TRAIN,TRAIN,no,v40c_02950,no,yes,no,
orig_005447,original_phash,,,,nframe_02576,nframe_02579,TRAIN,TRAIN,no,v40c_02950,no,yes,no,
orig_005448,original_phash,,,,nframe_02576,nframe_02580,TRAIN,TRAIN,no,v40c_02950,no,yes,no,
orig_005449,original_phash,,,,nframe_02577,nframe_02578,TRAIN,TRAIN,no,v40c_02950,no,yes,no,
orig_005450,original_phash,,,,nframe_02577,nframe_02579,TRAIN,TRAIN,no,v40c_02950,no,yes,no,
orig_005451,original_phash,,,,nframe_02577,nframe_02580,TRAIN,TRAIN,no,v40c_02950,no,yes,no,
orig_005452,original_exact,,,,nframe_02578,nframe_02579,TRAIN,TRAIN,no,v40c_02950,yes,yes,yes,
orig_005453,original_phash,,,,nframe_02578,nframe_02580,TRAIN,TRAIN,no,v40c_02950,no,yes,no,
orig_005454,original_phash,,,,nframe_02579,nframe_02580,TRAIN,TRAIN,no,v40c_02950,no,yes,no,
orig_005455,original_phash,,,,nframe_02581,nframe_02582,TRAIN,TRAIN,no,v40c_02951,no,yes,no,
orig_005456,original_phash,,,,nframe_02582,nframe_02585,TRAIN,TRAIN,no,v40c_02951,no,yes,no,
orig_005457,original_exact,,,,nframe_02583,nframe_02584,TRAIN,TRAIN,no,v40c_02952,yes,yes,yes,
orig_005458,original_phash,,,,nframe_02586,nframe_02587,TRAIN,TRAIN,no,v40c_02953,no,yes,no,
orig_005459,original_phash,,,,nframe_02587,nframe_02588,TRAIN,TRAIN,no,v40c_02953,no,yes,no,
orig_005460,original_phash,,,,nframe_02589,nframe_02590,TRAIN,TRAIN,no,v40c_02954,no,yes,no,
orig_005461,original_exact,,,,nframe_02592,nframe_02593,TRAIN,TRAIN,no,v40c_02956,yes,yes,yes,
orig_005462,original_phash,,,,nframe_02594,nframe_02595,TRAIN,TRAIN,no,v40c_02883,no,yes,no,
orig_005463,original_phash,,,,nframe_02594,nframe_02596,TRAIN,TRAIN,no,v40c_02883,no,yes,no,
orig_005464,original_phash,,,,nframe_02595,nframe_02596,TRAIN,TRAIN,no,v40c_02883,no,yes,no,
orig_005465,original_phash,,,,nframe_02597,nframe_02603,TRAIN,TRAIN,no,v40c_02957,no,yes,no,
orig_005466,original_phash,,,,nframe_02597,nframe_02604,TRAIN,TRAIN,no,v40c_02957,no,yes,no,
orig_005467,original_phash,,,,nframe_02598,nframe_02599,TRAIN,TRAIN,no,v40c_02957,no,yes,no,
orig_005468,original_phash,,,,nframe_02598,nframe_02600,TRAIN,TRAIN,no,v40c_02957,no,yes,no,
orig_005469,original_phash,,,,nframe_02598,nframe_02601,TRAIN,TRAIN,no,v40c_02957,no,yes,no,
orig_005470,original_phash,,,,nframe_02598,nframe_02602,TRAIN,TRAIN,no,v40c_02957,no,yes,no,
orig_005471,original_phash,,,,nframe_02598,nframe_02603,TRAIN,TRAIN,no,v40c_02957,no,yes,no,
orig_005472,original_phash,,,,nframe_02600,nframe_02601,TRAIN,TRAIN,no,v40c_02957,no,yes,no,
orig_005473,original_phash,,,,nframe_02600,nframe_02602,TRAIN,TRAIN,no,v40c_02957,no,yes,no,
orig_005474,original_exact,,,,nframe_02601,nframe_02602,TRAIN,TRAIN,no,v40c_02957,yes,yes,yes,
orig_005475,original_phash,,,,nframe_02604,nframe_02605,TRAIN,TRAIN,no,v40c_02957,no,yes,no,
orig_005476,original_phash,,,,nframe_02606,nframe_02607,TRAIN,TRAIN,no,v40c_02958,no,yes,no,
orig_005477,original_phash,,,,nframe_02610,nframe_02611,TRAIN,TRAIN,no,v40c_02961,no,yes,no,
orig_005478,original_phash,,,,nframe_02610,nframe_02612,TRAIN,TRAIN,no,v40c_02961,no,yes,no,
orig_005479,original_phash,,,,nframe_02611,nframe_02612,TRAIN,TRAIN,no,v40c_02961,no,yes,no,
orig_005480,original_phash,,,,nframe_02611,nframe_02614,TRAIN,TRAIN,no,v40c_02961,no,yes,no,
orig_005481,original_phash,,,,nframe_02611,nframe_02616,TRAIN,TRAIN,no,v40c_02961,no,yes,no,
orig_005482,original_phash,,,,nframe_02611,nframe_02621,TRAIN,TRAIN,no,v40c_02961,no,yes,no,
orig_005483,original_phash,,,,nframe_02612,nframe_02613,TRAIN,TRAIN,no,v40c_02961,no,yes,no,
orig_005484,original_phash,,,,nframe_02612,nframe_02614,TRAIN,TRAIN,no,v40c_02961,no,yes,no,
orig_005485,original_phash,,,,nframe_02612,nframe_02616,TRAIN,TRAIN,no,v40c_02961,no,yes,no,
orig_005486,original_phash,,,,nframe_02612,nframe_02618,TRAIN,TRAIN,no,v40c_02961,no,yes,no,
orig_005487,original_phash,,,,nframe_02613,nframe_02614,TRAIN,TRAIN,no,v40c_02961,no,yes,no,
orig_005488,original_phash,,,,nframe_02613,nframe_02622,TRAIN,TRAIN,no,v40c_02961,no,yes,no,
orig_005489,original_phash,,,,nframe_02613,nframe_02624,TRAIN,TRAIN,no,v40c_02961,no,yes,no,
orig_005490,original_phash,,,,nframe_02613,nframe_02625,TRAIN,TRAIN,no,v40c_02961,no,yes,no,
orig_005491,original_phash,,,,nframe_02614,nframe_02621,TRAIN,TRAIN,no,v40c_02961,no,yes,no,
orig_005492,original_phash,,,,nframe_02614,nframe_02622,TRAIN,TRAIN,no,v40c_02961,no,yes,no,
orig_005493,original_phash,,,,nframe_02614,nframe_02625,TRAIN,TRAIN,no,v40c_02961,no,yes,no,
orig_005494,original_phash,,,,nframe_02616,nframe_02621,TRAIN,TRAIN,no,v40c_02961,no,yes,no,
orig_005495,original_exact,,,,nframe_02619,nframe_02620,TRAIN,TRAIN,no,v40c_02964,yes,yes,yes,
orig_005496,original_phash,,,,nframe_02621,nframe_02625,TRAIN,TRAIN,no,v40c_02961,no,yes,no,
orig_005497,original_phash,,,,nframe_02622,nframe_02623,TRAIN,TRAIN,no,v40c_02961,no,yes,no,
orig_005498,original_phash,,,,nframe_02629,nframe_02630,TRAIN,TRAIN,no,v40c_02968,no,yes,no,
orig_005499,original_phash,,,,nframe_02632,nframe_02633,TRAIN,TRAIN,no,v40c_02970,no,yes,no,
orig_005500,original_phash,,,,nframe_02632,nframe_02634,TRAIN,TRAIN,no,v40c_02970,no,yes,no,
orig_005501,original_exact,,,,nframe_02633,nframe_02634,TRAIN,TRAIN,no,v40c_02970,yes,yes,yes,
orig_005502,original_phash,,,,nframe_02633,nframe_02635,TRAIN,TRAIN,no,v40c_02970,no,yes,no,
orig_005503,original_phash,,,,nframe_02634,nframe_02635,TRAIN,TRAIN,no,v40c_02970,no,yes,no,
orig_005504,original_phash,,,,nframe_02637,nframe_02638,TRAIN,TRAIN,no,v40c_02972,no,yes,no,
orig_005505,original_phash,,,,nframe_02638,nframe_02639,TRAIN,TRAIN,no,v40c_02972,no,yes,no,
orig_005506,original_phash,,,,nframe_02640,nframe_02641,TRAIN,TRAIN,no,v40c_02973,no,yes,no,
orig_005507,original_phash,,,,nframe_02642,nframe_02643,TRAIN,TRAIN,no,v40c_02974,no,yes,no,
orig_005508,original_phash,,,,nframe_02642,nframe_02644,TRAIN,TRAIN,no,v40c_02974,no,yes,no,
orig_005509,original_phash,,,,nframe_02643,nframe_02644,TRAIN,TRAIN,no,v40c_02974,no,yes,no,
orig_005510,original_phash,,,,nframe_02645,nframe_02646,TRAIN,TRAIN,no,v40c_02975,no,yes,no,
orig_005511,original_phash,,,,nframe_02647,nframe_02652,TRAIN,TRAIN,no,v40c_02976,no,yes,no,
orig_005512,original_phash,,,,nframe_02648,nframe_02650,TRAIN,TRAIN,no,v40c_02976,no,yes,no,
orig_005513,original_phash,,,,nframe_02648,nframe_02651,TRAIN,TRAIN,no,v40c_02976,no,yes,no,
orig_005514,original_phash,,,,nframe_02648,nframe_02652,TRAIN,TRAIN,no,v40c_02976,no,yes,no,
orig_005515,original_phash,,,,nframe_02650,nframe_02651,TRAIN,TRAIN,no,v40c_02976,no,yes,no,
orig_005516,original_phash,,,,nframe_02650,nframe_02652,TRAIN,TRAIN,no,v40c_02976,no,yes,no,
orig_005517,original_phash,,,,nframe_02650,nframe_02653,TRAIN,TRAIN,no,v40c_02976,no,yes,no,
orig_005518,original_phash,,,,nframe_02650,nframe_02654,TRAIN,TRAIN,no,v40c_02976,no,yes,no,
orig_005519,original_phash,,,,nframe_02651,nframe_02652,TRAIN,TRAIN,no,v40c_02976,no,yes,no,
orig_005520,original_phash,,,,nframe_02651,nframe_02653,TRAIN,TRAIN,no,v40c_02976,no,yes,no,
orig_005521,original_phash,,,,nframe_02651,nframe_02654,TRAIN,TRAIN,no,v40c_02976,no,yes,no,
orig_005522,original_phash,,,,nframe_02652,nframe_02653,TRAIN,TRAIN,no,v40c_02976,no,yes,no,
orig_005523,original_phash,,,,nframe_02652,nframe_02654,TRAIN,TRAIN,no,v40c_02976,no,yes,no,
orig_005524,original_phash,,,,nframe_02653,nframe_02654,TRAIN,TRAIN,no,v40c_02976,no,yes,no,
orig_005525,original_phash,,,,nframe_02653,nframe_02655,TRAIN,TRAIN,no,v40c_02976,no,yes,no,
orig_005526,original_phash,,,,nframe_02654,nframe_02655,TRAIN,TRAIN,no,v40c_02976,no,yes,no,
orig_005527,original_phash,,,,nframe_02654,nframe_02656,TRAIN,TRAIN,no,v40c_02976,no,yes,no,
orig_005528,original_phash,,,,nframe_02655,nframe_02656,TRAIN,TRAIN,no,v40c_02976,no,yes,no,
orig_005529,original_phash,,,,nframe_02655,nframe_02657,TRAIN,TRAIN,no,v40c_02976,no,yes,no,
orig_005530,original_phash,,,,nframe_02656,nframe_02657,TRAIN,TRAIN,no,v40c_02976,no,yes,no,
orig_005531,original_phash,,,,nframe_02659,nframe_02660,TRAIN,TRAIN,no,v40c_02979,no,yes,no,
orig_005532,original_exact,,,,nframe_02664,nframe_02665,TRAIN,TRAIN,no,v40c_02983,yes,yes,yes,
orig_005533,original_phash,,,,nframe_02664,nframe_02666,TRAIN,TRAIN,no,v40c_02983,no,yes,no,
orig_005534,original_phash,,,,nframe_02665,nframe_02666,TRAIN,TRAIN,no,v40c_02983,no,yes,no,
orig_005535,original_exact,,,,nframe_02667,nframe_02668,TRAIN,TRAIN,no,v40c_02984,yes,yes,yes,
orig_005536,original_phash,,,,nframe_02667,nframe_02669,TRAIN,TRAIN,no,v40c_02984,no,yes,no,
orig_005537,original_phash,,,,nframe_02668,nframe_02669,TRAIN,TRAIN,no,v40c_02984,no,yes,no,
orig_005538,original_phash,,,,nframe_02693,nframe_02694,VALIDATION,VALIDATION,no,v40c_02992,no,yes,no,
orig_005539,original_phash,,,,nframe_02695,nframe_02696,VALIDATION,VALIDATION,no,v40c_02993,no,yes,no,
orig_005540,original_phash,,,,nframe_02698,nframe_02699,VALIDATION,VALIDATION,no,v40c_02995,no,yes,no,
orig_005541,original_phash,,,,nframe_02699,nframe_02700,VALIDATION,VALIDATION,no,v40c_02995,no,yes,no,
orig_005542,original_exact,,,,nframe_02701,nframe_02702,VALIDATION,VALIDATION,no,v40c_02996,yes,yes,yes,
orig_005543,original_phash,,,,nframe_02701,nframe_02703,VALIDATION,VALIDATION,no,v40c_02996,no,yes,no,
orig_005544,original_phash,,,,nframe_02702,nframe_02703,VALIDATION,VALIDATION,no,v40c_02996,no,yes,no,
orig_005545,original_phash,,,,nframe_02704,nframe_02705,VALIDATION,VALIDATION,no,v40c_02997,no,yes,no,
orig_005546,original_phash,,,,nframe_02705,nframe_02706,VALIDATION,VALIDATION,no,v40c_02997,no,yes,no,
orig_005547,original_phash,,,,nframe_02705,nframe_02707,VALIDATION,VALIDATION,no,v40c_02997,no,yes,no,
orig_005548,original_exact,,,,nframe_02706,nframe_02707,VALIDATION,VALIDATION,no,v40c_02997,yes,yes,yes,
orig_005549,original_phash,,,,nframe_02708,nframe_02709,VALIDATION,VALIDATION,no,v40c_02998,no,yes,no,
orig_005550,original_phash,,,,nframe_02712,nframe_02713,VALIDATION,VALIDATION,no,v40c_03001,no,yes,no,
orig_005551,original_phash,,,,nframe_02713,nframe_02714,VALIDATION,VALIDATION,no,v40c_03001,no,yes,no,
orig_005552,original_phash,,,,nframe_02721,nframe_02722,VALIDATION,VALIDATION,no,v40c_03008,no,yes,no,
orig_005553,original_phash,,,,nframe_02722,nframe_02723,VALIDATION,VALIDATION,no,v40c_03008,no,yes,yes,
orig_005554,original_phash,,,,nframe_02722,nframe_02725,VALIDATION,VALIDATION,no,v40c_03008,no,yes,no,
orig_005555,original_phash,,,,nframe_02722,nframe_02726,VALIDATION,VALIDATION,no,v40c_03008,no,yes,no,
orig_005556,original_dhash,,,,nframe_02723,nframe_02724,VALIDATION,VALIDATION,no,v40c_03008,no,no,yes,
orig_005557,original_phash,,,,nframe_02724,nframe_02725,VALIDATION,VALIDATION,no,v40c_03008,no,yes,no,
orig_005558,original_phash,,,,nframe_02724,nframe_02726,VALIDATION,VALIDATION,no,v40c_03008,no,yes,no,
orig_005559,original_exact,,,,nframe_02725,nframe_02726,VALIDATION,VALIDATION,no,v40c_03008,yes,yes,yes,
orig_005560,original_exact,,,,nframe_02728,nframe_02729,VALIDATION,VALIDATION,no,v40c_03010,yes,yes,yes,
orig_005561,original_phash,,,,nframe_02728,nframe_02730,VALIDATION,VALIDATION,no,v40c_03010,no,yes,no,
orig_005562,original_phash,,,,nframe_02728,nframe_02731,VALIDATION,VALIDATION,no,v40c_03010,no,yes,no,
orig_005563,original_phash,,,,nframe_02729,nframe_02730,VALIDATION,VALIDATION,no,v40c_03010,no,yes,no,
orig_005564,original_phash,,,,nframe_02729,nframe_02731,VALIDATION,VALIDATION,no,v40c_03010,no,yes,no,
orig_005565,original_phash,,,,nframe_02730,nframe_02731,VALIDATION,VALIDATION,no,v40c_03010,no,yes,yes,
orig_005566,original_phash,,,,nframe_02732,nframe_02733,VALIDATION,VALIDATION,no,v40c_03011,no,yes,no,
orig_005567,original_phash,,,,nframe_02732,nframe_02734,VALIDATION,VALIDATION,no,v40c_03011,no,yes,no,
orig_005568,original_phash,,,,nframe_02733,nframe_02734,VALIDATION,VALIDATION,no,v40c_03011,no,yes,no,
orig_005569,original_phash,,,,nframe_02734,nframe_02735,VALIDATION,VALIDATION,no,v40c_03011,no,yes,no,
orig_005570,original_phash,,,,nframe_02735,nframe_02736,VALIDATION,VALIDATION,no,v40c_03011,no,yes,no,
orig_005571,original_dhash,,,,nframe_02736,nframe_02737,VALIDATION,VALIDATION,no,v40c_03011,no,no,yes,
orig_005572,original_dhash,,,,nframe_02737,nframe_02738,VALIDATION,VALIDATION,no,v40c_03011,no,no,yes,
orig_005573,original_exact,,,,nframe_02739,nframe_02740,VALIDATION,VALIDATION,no,v40c_03012,yes,yes,yes,
orig_005574,original_phash,,,,nframe_02739,nframe_02741,VALIDATION,VALIDATION,no,v40c_03012,no,yes,no,
orig_005575,original_phash,,,,nframe_02739,nframe_02742,VALIDATION,VALIDATION,no,v40c_03012,no,yes,no,
orig_005576,original_phash,,,,nframe_02740,nframe_02741,VALIDATION,VALIDATION,no,v40c_03012,no,yes,no,
orig_005577,original_phash,,,,nframe_02740,nframe_02742,VALIDATION,VALIDATION,no,v40c_03012,no,yes,no,
orig_005578,original_phash,,,,nframe_02743,nframe_02744,VALIDATION,VALIDATION,no,v40c_03013,no,yes,no,
orig_005579,original_dhash,,,,nframe_02743,nframe_02745,VALIDATION,VALIDATION,no,v40c_03013,no,no,yes,
orig_005580,original_phash,,,,nframe_02744,nframe_02745,VALIDATION,VALIDATION,no,v40c_03013,no,yes,yes,
orig_005581,original_phash,,,,nframe_02745,nframe_02746,VALIDATION,VALIDATION,no,v40c_03013,no,yes,no,
orig_005582,original_phash,,,,nframe_02750,nframe_02751,VALIDATION,VALIDATION,no,v40c_03017,no,yes,no,
orig_005583,original_dhash,,,,nframe_02769,nframe_02775,TRAIN,TRAIN,no,v40c_03018,no,no,yes,
orig_005584,original_phash,,,,nframe_02770,nframe_02771,TRAIN,TRAIN,no,v40c_03019,no,yes,no,
orig_005585,original_phash,,,,nframe_02770,nframe_02772,TRAIN,TRAIN,no,v40c_03019,no,yes,no,
orig_005586,original_phash,,,,nframe_02770,nframe_02773,TRAIN,TRAIN,no,v40c_03019,no,yes,no,
orig_005587,original_phash,,,,nframe_02771,nframe_02772,TRAIN,TRAIN,no,v40c_03019,no,yes,yes,
orig_005588,original_phash,,,,nframe_02771,nframe_02773,TRAIN,TRAIN,no,v40c_03019,no,yes,no,
orig_005589,original_phash,,,,nframe_02772,nframe_02773,TRAIN,TRAIN,no,v40c_03019,no,yes,no,
orig_005590,original_phash,,,,nframe_02779,nframe_02780,TRAIN,TRAIN,no,v40c_03024,no,yes,no,
orig_005591,original_phash,,,,nframe_02780,nframe_02781,TRAIN,TRAIN,no,v40c_03024,no,yes,no,
orig_005592,original_phash,,,,nframe_02781,nframe_02782,TRAIN,TRAIN,no,v40c_03024,no,yes,no,
orig_005593,original_phash,,,,nframe_02781,nframe_02783,TRAIN,TRAIN,no,v40c_03024,no,yes,no,
orig_005594,original_dhash,,,,nframe_02781,nframe_02786,TRAIN,TRAIN,no,v40c_03024,no,no,yes,
orig_005595,original_exact,,,,nframe_02782,nframe_02783,TRAIN,TRAIN,no,v40c_03024,yes,yes,yes,
orig_005596,original_phash,,,,nframe_02782,nframe_02784,TRAIN,TRAIN,no,v40c_03024,no,yes,yes,
orig_005597,original_phash,,,,nframe_02783,nframe_02784,TRAIN,TRAIN,no,v40c_03024,no,yes,yes,
orig_005598,original_phash,,,,nframe_02785,nframe_02786,TRAIN,TRAIN,no,v40c_03024,no,yes,no,
orig_005599,original_phash,,,,nframe_02785,nframe_02787,TRAIN,TRAIN,no,v40c_03024,no,yes,no,
orig_005600,original_phash,,,,nframe_02785,nframe_02788,TRAIN,TRAIN,no,v40c_03024,no,yes,no,
orig_005601,original_phash,,,,nframe_02786,nframe_02787,TRAIN,TRAIN,no,v40c_03024,no,yes,no,
orig_005602,original_phash,,,,nframe_02786,nframe_02788,TRAIN,TRAIN,no,v40c_03024,no,yes,no,
orig_005603,original_phash,,,,nframe_02786,nframe_02789,TRAIN,TRAIN,no,v40c_03024,no,yes,no,
orig_005604,original_exact,,,,nframe_02787,nframe_02788,TRAIN,TRAIN,no,v40c_03024,yes,yes,yes,
orig_005605,original_dhash,,,,nframe_02792,nframe_02794,TRAIN,TRAIN,no,v40c_03027,no,no,yes,
orig_005606,original_phash,,,,nframe_02793,nframe_02794,TRAIN,TRAIN,no,v40c_03027,no,yes,no,
orig_005607,original_phash,,,,nframe_02793,nframe_02796,TRAIN,TRAIN,no,v40c_03027,no,yes,no,
orig_005608,original_phash,,,,nframe_02794,nframe_02796,TRAIN,TRAIN,no,v40c_03027,no,yes,no,
orig_005609,original_phash,,,,nframe_02805,nframe_02806,TRAIN,TRAIN,no,v40c_03037,no,yes,no,
orig_005610,original_phash,,,,nframe_02805,nframe_02807,TRAIN,TRAIN,no,v40c_03037,no,yes,no,
orig_005611,original_phash,,,,nframe_02806,nframe_02807,TRAIN,TRAIN,no,v40c_03037,no,yes,no,
orig_005612,original_phash,,,,nframe_02809,nframe_02810,TRAIN,TRAIN,no,v40c_03039,no,yes,no,
orig_005613,original_phash,,,,nframe_02815,nframe_02816,TRAIN,TRAIN,no,v40c_03044,no,yes,no,
orig_005614,original_exact,,,,nframe_02817,nframe_02818,TRAIN,TRAIN,no,v40c_03045,yes,yes,yes,
orig_005615,original_phash,,,,nframe_02817,nframe_02819,TRAIN,TRAIN,no,v40c_03045,no,yes,no,
orig_005616,original_phash,,,,nframe_02818,nframe_02819,TRAIN,TRAIN,no,v40c_03045,no,yes,no,
orig_005617,original_phash,,,,nframe_02825,nframe_02826,TRAIN,TRAIN,no,v40c_03051,no,yes,no,
orig_005618,original_phash,,,,nframe_02829,nframe_02830,TRAIN,TRAIN,no,v40c_03054,no,yes,no,
orig_005619,original_phash,,,,nframe_02831,nframe_02836,TRAIN,TRAIN,no,v40c_03055,no,yes,no,
orig_005620,original_phash,,,,nframe_02833,nframe_02835,TRAIN,TRAIN,no,v40c_03057,no,yes,no,
orig_005621,original_phash,,,,nframe_02837,nframe_02838,TRAIN,TRAIN,no,v40c_03059,no,yes,no,
orig_005622,original_phash,,,,nframe_02837,nframe_02839,TRAIN,TRAIN,no,v40c_03059,no,yes,no,
orig_005623,original_phash,,,,nframe_02838,nframe_02839,TRAIN,TRAIN,no,v40c_03059,no,yes,no,
orig_005624,original_phash,,,,nframe_02840,nframe_02841,TRAIN,TRAIN,no,v40c_03060,no,yes,no,
orig_005625,original_phash,,,,nframe_02840,nframe_02842,TRAIN,TRAIN,no,v40c_03060,no,yes,no,
orig_005626,original_phash,,,,nframe_02843,nframe_02844,TRAIN,TRAIN,no,v40c_03061,no,yes,no,
orig_005627,original_exact,,,,nframe_02846,nframe_02847,TRAIN,TRAIN,no,v40c_03063,yes,yes,yes,
orig_005628,original_exact,,,,nframe_02850,nframe_02851,TRAIN,TRAIN,no,v40c_03066,yes,yes,yes,
orig_005629,original_exact,,,,nframe_02864,nframe_02865,TRAIN,TRAIN,no,v40c_03079,yes,yes,yes,
orig_005630,original_phash,,,,nframe_02866,nframe_02869,TRAIN,TRAIN,no,v40c_03080,no,yes,no,
orig_005631,original_phash,,,,nframe_02866,nframe_02870,TRAIN,TRAIN,no,v40c_03080,no,yes,no,
orig_005632,original_exact,,,,nframe_02867,nframe_02868,TRAIN,TRAIN,no,v40c_03081,yes,yes,yes,
orig_005633,original_exact,,,,nframe_02869,nframe_02870,TRAIN,TRAIN,no,v40c_03080,yes,yes,yes,
orig_005634,original_phash,,,,nframe_02869,nframe_02872,TRAIN,TRAIN,no,v40c_03080,no,yes,no,
orig_005635,original_phash,,,,nframe_02870,nframe_02872,TRAIN,TRAIN,no,v40c_03080,no,yes,no,
orig_005636,original_phash,,,,nframe_02871,nframe_02872,TRAIN,TRAIN,no,v40c_03080,no,yes,no,
orig_005637,original_phash,,,,nframe_02872,nframe_02873,TRAIN,TRAIN,no,v40c_03080,no,yes,no,
orig_005638,original_phash,,,,nframe_02875,nframe_02876,TRAIN,TRAIN,no,v40c_03083,no,yes,no,
orig_005639,original_phash,,,,nframe_02880,nframe_02881,TRAIN,TRAIN,no,v40c_03087,no,yes,no,
orig_005640,original_phash,,,,nframe_02880,nframe_02882,TRAIN,TRAIN,no,v40c_03087,no,yes,no,
orig_005641,original_phash,,,,nframe_02881,nframe_02882,TRAIN,TRAIN,no,v40c_03087,no,yes,no,
orig_005642,original_phash,,,,nframe_02882,nframe_02883,TRAIN,TRAIN,no,v40c_03087,no,yes,no,
orig_005643,original_phash,,,,nframe_02883,nframe_02884,TRAIN,TRAIN,no,v40c_03087,no,yes,no,
orig_005644,original_phash,,,,nframe_02884,nframe_02885,TRAIN,TRAIN,no,v40c_03087,no,yes,no,
orig_005645,original_exact,,,,nframe_02890,nframe_02891,TRAIN,TRAIN,no,v40c_03092,yes,yes,yes,
orig_005646,original_phash,,,,nframe_02893,nframe_02894,TRAIN,TRAIN,no,v40c_03094,no,yes,no,
orig_005647,original_phash,,,,nframe_02897,nframe_02898,TRAIN,TRAIN,no,v40c_03097,no,yes,no,
orig_005648,original_phash,,,,nframe_02897,nframe_02899,TRAIN,TRAIN,no,v40c_03097,no,yes,no,
orig_005649,original_phash,,,,nframe_02898,nframe_02899,TRAIN,TRAIN,no,v40c_03097,no,yes,no,
orig_005650,original_phash,,,,nframe_02899,nframe_02900,TRAIN,TRAIN,no,v40c_03097,no,yes,no,
orig_005651,original_phash,,,,nframe_02899,nframe_02901,TRAIN,TRAIN,no,v40c_03097,no,yes,no,
orig_005652,original_exact,,,,nframe_02900,nframe_02901,TRAIN,TRAIN,no,v40c_03097,yes,yes,yes,
orig_005653,original_phash,,,,nframe_02909,nframe_02910,TRAIN,TRAIN,no,v40c_03105,no,yes,no,
orig_005654,original_phash,,,,nframe_02909,nframe_02911,TRAIN,TRAIN,no,v40c_03105,no,yes,no,
orig_005655,original_dhash,,,,nframe_02909,nframe_02912,TRAIN,TRAIN,no,v40c_03105,no,no,yes,
orig_005656,original_phash,,,,nframe_02909,nframe_02913,TRAIN,TRAIN,no,v40c_03105,no,yes,no,
orig_005657,original_phash,,,,nframe_02910,nframe_02911,TRAIN,TRAIN,no,v40c_03105,no,yes,no,
orig_005658,original_phash,,,,nframe_02911,nframe_02912,TRAIN,TRAIN,no,v40c_03105,no,yes,no,
orig_005659,original_phash,,,,nframe_02913,nframe_02914,TRAIN,TRAIN,no,v40c_03105,no,yes,no,
orig_005660,original_phash,,,,nframe_02915,nframe_02918,TRAIN,TRAIN,no,v40c_03106,no,yes,no,
orig_005661,original_phash,,,,nframe_02915,nframe_02919,TRAIN,TRAIN,no,v40c_03106,no,yes,no,
orig_005662,original_phash,,,,nframe_02916,nframe_02918,TRAIN,TRAIN,no,v40c_03106,no,yes,no,
orig_005663,original_phash,,,,nframe_02916,nframe_02919,TRAIN,TRAIN,no,v40c_03106,no,yes,no,
orig_005664,original_phash,,,,nframe_02916,nframe_02920,TRAIN,TRAIN,no,v40c_03106,no,yes,no,
orig_005665,original_phash,,,,nframe_02922,nframe_02923,TRAIN,TRAIN,no,v40c_03108,no,yes,no,
orig_005666,original_phash,,,,nframe_02922,nframe_02924,TRAIN,TRAIN,no,v40c_03108,no,yes,no,
orig_005667,original_phash,,,,nframe_02923,nframe_02924,TRAIN,TRAIN,no,v40c_03108,no,yes,no,
orig_005668,original_phash,,,,nframe_02944,nframe_02945,VALIDATION,VALIDATION,no,v40c_03112,no,yes,no,
orig_005669,original_exact,,,,nframe_02946,nframe_02947,VALIDATION,VALIDATION,no,v40c_03113,yes,yes,yes,
orig_005670,original_phash,,,,nframe_02948,nframe_02950,VALIDATION,VALIDATION,no,v40c_03114,no,yes,no,
orig_005671,original_phash,,,,nframe_02951,nframe_02952,VALIDATION,VALIDATION,no,v40c_03115,no,yes,no,
orig_005672,original_phash,,,,nframe_02951,nframe_02953,VALIDATION,VALIDATION,no,v40c_03115,no,yes,no,
orig_005673,original_exact,,,,nframe_02952,nframe_02953,VALIDATION,VALIDATION,no,v40c_03115,yes,yes,yes,
orig_005674,original_phash,,,,nframe_03092,nframe_03094,VALIDATION,VALIDATION,no,v40c_03123,no,yes,no,
orig_005675,original_phash,,,,nframe_03097,nframe_03098,VALIDATION,VALIDATION,no,v40c_03127,no,yes,yes,
orig_005676,original_phash,,,,nframe_03097,nframe_03099,VALIDATION,VALIDATION,no,v40c_03127,no,yes,no,
orig_005677,original_phash,,,,nframe_03098,nframe_03099,VALIDATION,VALIDATION,no,v40c_03127,no,yes,no,
orig_005678,original_phash,,,,nframe_03277,nframe_03278,TRAIN,TRAIN,no,v40c_03130,no,yes,yes,
orig_005679,original_dhash,,,,nframe_03277,nframe_03285,TRAIN,TRAIN,no,v40c_03130,no,no,yes,
orig_005680,original_dhash,,,,nframe_03277,nframe_03298,TRAIN,TRAIN,no,v40c_03130,no,no,yes,
orig_005681,original_dhash,,,,nframe_03278,nframe_03285,TRAIN,TRAIN,no,v40c_03130,no,no,yes,
orig_005682,original_dhash,,,,nframe_03279,nframe_03285,TRAIN,TRAIN,no,v40c_03130,no,no,yes,
orig_005683,original_phash,,,,nframe_03280,nframe_03281,TRAIN,TRAIN,no,v40c_03130,no,yes,yes,
orig_005684,original_dhash,,,,nframe_03280,nframe_03299,TRAIN,TRAIN,no,v40c_03130,no,no,yes,
orig_005685,original_dhash,,,,nframe_03280,nframe_03352,TRAIN,TRAIN,no,v40c_03130,no,no,yes,
orig_005686,original_dhash,,,,nframe_03280,nframe_03377,TRAIN,TRAIN,no,v40c_03130,no,no,yes,
orig_005687,original_dhash,,,,nframe_03281,nframe_03377,TRAIN,TRAIN,no,v40c_03130,no,no,yes,
orig_005688,original_phash,,,,nframe_03282,nframe_03285,TRAIN,TRAIN,no,v40c_03130,no,yes,no,
orig_005689,original_dhash,,,,nframe_03286,nframe_03349,TRAIN,TRAIN,no,v40c_03130,no,no,yes,
orig_005690,original_exact,,,,nframe_03287,nframe_03288,TRAIN,TRAIN,no,v40c_03133,yes,yes,yes,
orig_005691,original_exact,,,,nframe_03289,nframe_03290,TRAIN,TRAIN,no,v40c_03134,yes,yes,yes,
orig_005692,original_phash,,,,nframe_03291,nframe_03292,TRAIN,TRAIN,no,v40c_03135,no,yes,no,
orig_005693,original_dhash,,,,nframe_03295,nframe_03296,TRAIN,TRAIN,no,v40c_03130,no,no,yes,
orig_005694,original_dhash,,,,nframe_03295,nframe_03359,TRAIN,TRAIN,no,v40c_03130,no,no,yes,
orig_005695,original_dhash,,,,nframe_03296,nframe_03303,TRAIN,TRAIN,no,v40c_03130,no,no,yes,
orig_005696,original_dhash,,,,nframe_03296,nframe_03350,TRAIN,TRAIN,no,v40c_03130,no,no,yes,
orig_005697,original_dhash,,,,nframe_03296,nframe_03355,TRAIN,TRAIN,no,v40c_03130,no,no,yes,
orig_005698,original_dhash,,,,nframe_03296,nframe_03361,TRAIN,TRAIN,no,v40c_03130,no,no,yes,
orig_005699,original_dhash,,,,nframe_03296,nframe_03362,TRAIN,TRAIN,no,v40c_03130,no,no,yes,
orig_005700,original_dhash,,,,nframe_03297,nframe_03298,TRAIN,TRAIN,no,v40c_03130,no,no,yes,
orig_005701,original_dhash,,,,nframe_03297,nframe_03374,TRAIN,TRAIN,no,v40c_03130,no,no,yes,
orig_005702,original_dhash,,,,nframe_03298,nframe_03375,TRAIN,TRAIN,no,v40c_03130,no,no,yes,
orig_005703,original_dhash,,,,nframe_03298,nframe_03376,TRAIN,TRAIN,no,v40c_03130,no,no,yes,
orig_005704,original_dhash,,,,nframe_03298,nframe_03378,TRAIN,TRAIN,no,v40c_03130,no,no,yes,
orig_005705,original_dhash,,,,nframe_03298,nframe_03379,TRAIN,TRAIN,no,v40c_03130,no,no,yes,
orig_005706,original_exact,,,,nframe_03301,nframe_03302,TRAIN,TRAIN,no,v40c_03130,yes,yes,yes,
orig_005707,original_dhash,,,,nframe_03301,nframe_03351,TRAIN,TRAIN,no,v40c_03130,no,no,yes,
orig_005708,original_dhash,,,,nframe_03302,nframe_03351,TRAIN,TRAIN,no,v40c_03130,no,no,yes,
orig_005709,original_dhash,,,,nframe_03303,nframe_03349,TRAIN,TRAIN,no,v40c_03130,no,no,yes,
orig_005710,original_dhash,,,,nframe_03303,nframe_03350,TRAIN,TRAIN,no,v40c_03130,no,no,yes,
orig_005711,original_dhash,,,,nframe_03303,nframe_03355,TRAIN,TRAIN,no,v40c_03130,no,no,yes,
orig_005712,original_dhash,,,,nframe_03303,nframe_03361,TRAIN,TRAIN,no,v40c_03130,no,no,yes,
orig_005713,original_dhash,,,,nframe_03303,nframe_03362,TRAIN,TRAIN,no,v40c_03130,no,no,yes,
orig_005714,original_dhash,,,,nframe_03306,nframe_03307,TRAIN,TRAIN,no,v40c_03141,no,no,yes,
orig_005715,original_phash,,,,nframe_03307,nframe_03309,TRAIN,TRAIN,no,v40c_03141,no,yes,yes,
orig_005716,original_phash,,,,nframe_03307,nframe_03310,TRAIN,TRAIN,no,v40c_03141,no,yes,yes,
orig_005717,original_exact,,,,nframe_03309,nframe_03310,TRAIN,TRAIN,no,v40c_03141,yes,yes,yes,
orig_005718,original_dhash,,,,nframe_03309,nframe_03311,TRAIN,TRAIN,no,v40c_03141,no,no,yes,
orig_005719,original_dhash,,,,nframe_03310,nframe_03311,TRAIN,TRAIN,no,v40c_03141,no,no,yes,
orig_005720,original_phash,,,,nframe_03313,nframe_03314,TRAIN,TRAIN,no,v40c_03130,no,yes,yes,
orig_005721,original_phash,,,,nframe_03313,nframe_03315,TRAIN,TRAIN,no,v40c_03130,no,yes,no,
orig_005722,original_phash,,,,nframe_03314,nframe_03315,TRAIN,TRAIN,no,v40c_03130,no,yes,yes,
orig_005723,original_dhash,,,,nframe_03314,nframe_03348,TRAIN,TRAIN,no,v40c_03130,no,no,yes,
orig_005724,original_dhash,,,,nframe_03315,nframe_03316,TRAIN,TRAIN,no,v40c_03130,no,no,yes,
orig_005725,original_dhash,,,,nframe_03315,nframe_03348,TRAIN,TRAIN,no,v40c_03130,no,no,yes,
orig_005726,original_dhash,,,,nframe_03315,nframe_03350,TRAIN,TRAIN,no,v40c_03130,no,no,yes,
orig_005727,original_dhash,,,,nframe_03315,nframe_03359,TRAIN,TRAIN,no,v40c_03130,no,no,yes,
orig_005728,original_dhash,,,,nframe_03315,nframe_03360,TRAIN,TRAIN,no,v40c_03130,no,no,yes,
orig_005729,original_dhash,,,,nframe_03315,nframe_03361,TRAIN,TRAIN,no,v40c_03130,no,no,yes,
orig_005730,original_dhash,,,,nframe_03315,nframe_03363,TRAIN,TRAIN,no,v40c_03130,no,no,yes,
orig_005731,original_dhash,,,,nframe_03315,nframe_03364,TRAIN,TRAIN,no,v40c_03130,no,no,yes,
orig_005732,original_dhash,,,,nframe_03315,nframe_03371,TRAIN,TRAIN,no,v40c_03130,no,no,yes,
orig_005733,original_dhash,,,,nframe_03315,nframe_03372,TRAIN,TRAIN,no,v40c_03130,no,no,yes,
orig_005734,original_dhash,,,,nframe_03315,nframe_03373,TRAIN,TRAIN,no,v40c_03130,no,no,yes,
orig_005735,original_dhash,,,,nframe_03315,nframe_03374,TRAIN,TRAIN,no,v40c_03130,no,no,yes,
orig_005736,original_dhash,,,,nframe_03315,nframe_03382,TRAIN,TRAIN,no,v40c_03130,no,no,yes,
orig_005737,original_dhash,,,,nframe_03315,nframe_03383,TRAIN,TRAIN,no,v40c_03130,no,no,yes,
orig_005738,original_dhash,,,,nframe_03315,nframe_03384,TRAIN,TRAIN,no,v40c_03130,no,no,yes,
orig_005739,original_dhash,,,,nframe_03316,nframe_03317,TRAIN,TRAIN,no,v40c_03130,no,no,yes,
orig_005740,original_dhash,,,,nframe_03316,nframe_03318,TRAIN,TRAIN,no,v40c_03130,no,no,yes,
orig_005741,original_dhash,,,,nframe_03316,nframe_03360,TRAIN,TRAIN,no,v40c_03130,no,no,yes,
orig_005742,original_dhash,,,,nframe_03316,nframe_03382,TRAIN,TRAIN,no,v40c_03130,no,no,yes,
orig_005743,original_exact,,,,nframe_03317,nframe_03318,TRAIN,TRAIN,no,v40c_03130,yes,yes,yes,
orig_005744,original_dhash,,,,nframe_03317,nframe_03372,TRAIN,TRAIN,no,v40c_03130,no,no,yes,
orig_005745,original_dhash,,,,nframe_03317,nframe_03373,TRAIN,TRAIN,no,v40c_03130,no,no,yes,
orig_005746,original_dhash,,,,nframe_03318,nframe_03372,TRAIN,TRAIN,no,v40c_03130,no,no,yes,
orig_005747,original_dhash,,,,nframe_03318,nframe_03373,TRAIN,TRAIN,no,v40c_03130,no,no,yes,
orig_005748,original_phash,,,,nframe_03321,nframe_03322,TRAIN,TRAIN,no,v40c_03146,no,yes,no,
orig_005749,original_dhash,,,,nframe_03333,nframe_03342,TRAIN,TRAIN,no,v40c_03152,no,no,yes,
orig_005750,original_exact,,,,nframe_03334,nframe_03335,TRAIN,TRAIN,no,v40c_03130,yes,yes,yes,
orig_005751,original_phash,,,,nframe_03334,nframe_03337,TRAIN,TRAIN,no,v40c_03130,no,yes,no,
orig_005752,original_phash,,,,nframe_03335,nframe_03337,TRAIN,TRAIN,no,v40c_03130,no,yes,no,
orig_005753,original_phash,,,,nframe_03336,nframe_03337,TRAIN,TRAIN,no,v40c_03130,no,yes,yes,
orig_005754,original_dhash,,,,nframe_03336,nframe_03347,TRAIN,TRAIN,no,v40c_03130,no,no,yes,
orig_005755,original_phash,,,,nframe_03336,nframe_03348,TRAIN,TRAIN,no,v40c_03130,no,yes,no,
orig_005756,original_dhash,,,,nframe_03337,nframe_03347,TRAIN,TRAIN,no,v40c_03130,no,no,yes,
orig_005757,original_phash,,,,nframe_03337,nframe_03348,TRAIN,TRAIN,no,v40c_03130,no,yes,yes,
orig_005758,original_dhash,,,,nframe_03337,nframe_03349,TRAIN,TRAIN,no,v40c_03130,no,no,yes,
orig_005759,original_dhash,,,,nframe_03338,nframe_03339,TRAIN,TRAIN,no,v40c_03152,no,no,yes,
orig_005760,original_phash,,,,nframe_03339,nframe_03340,TRAIN,TRAIN,no,v40c_03152,no,yes,no,
orig_005761,original_phash,,,,nframe_03340,nframe_03341,TRAIN,TRAIN,no,v40c_03152,no,yes,yes,
orig_005762,original_phash,,,,nframe_03340,nframe_03342,TRAIN,TRAIN,no,v40c_03152,no,yes,no,
orig_005763,original_phash,,,,nframe_03340,nframe_03343,TRAIN,TRAIN,no,v40c_03152,no,yes,no,
orig_005764,original_phash,,,,nframe_03341,nframe_03342,TRAIN,TRAIN,no,v40c_03152,no,yes,no,
orig_005765,original_phash,,,,nframe_03341,nframe_03343,TRAIN,TRAIN,no,v40c_03152,no,yes,no,
orig_005766,original_phash,,,,nframe_03342,nframe_03343,TRAIN,TRAIN,no,v40c_03152,no,yes,no,
orig_005767,original_phash,,,,nframe_03346,nframe_03348,TRAIN,TRAIN,no,v40c_03130,no,yes,no,
orig_005768,original_phash,,,,nframe_03347,nframe_03348,TRAIN,TRAIN,no,v40c_03130,no,yes,no,
orig_005769,original_dhash,,,,nframe_03347,nframe_03349,TRAIN,TRAIN,no,v40c_03130,no,no,yes,
orig_005770,original_dhash,,,,nframe_03348,nframe_03349,TRAIN,TRAIN,no,v40c_03130,no,no,yes,
orig_005771,original_dhash,,,,nframe_03348,nframe_03359,TRAIN,TRAIN,no,v40c_03130,no,no,yes,
orig_005772,original_dhash,,,,nframe_03348,nframe_03360,TRAIN,TRAIN,no,v40c_03130,no,no,yes,
orig_005773,original_dhash,,,,nframe_03350,nframe_03351,TRAIN,TRAIN,no,v40c_03130,no,no,yes,
orig_005774,original_dhash,,,,nframe_03350,nframe_03354,TRAIN,TRAIN,no,v40c_03130,no,no,yes,
orig_005775,original_dhash,,,,nframe_03350,nframe_03355,TRAIN,TRAIN,no,v40c_03130,no,no,yes,
orig_005776,original_dhash,,,,nframe_03350,nframe_03356,TRAIN,TRAIN,no,v40c_03130,no,no,yes,
orig_005777,original_dhash,,,,nframe_03350,nframe_03359,TRAIN,TRAIN,no,v40c_03130,no,no,yes,
orig_005778,original_dhash,,,,nframe_03350,nframe_03360,TRAIN,TRAIN,no,v40c_03130,no,no,yes,
orig_005779,original_dhash,,,,nframe_03350,nframe_03361,TRAIN,TRAIN,no,v40c_03130,no,no,yes,
orig_005780,original_dhash,,,,nframe_03350,nframe_03362,TRAIN,TRAIN,no,v40c_03130,no,no,yes,
orig_005781,original_dhash,,,,nframe_03350,nframe_03363,TRAIN,TRAIN,no,v40c_03130,no,no,yes,
orig_005782,original_dhash,,,,nframe_03350,nframe_03364,TRAIN,TRAIN,no,v40c_03130,no,no,yes,
orig_005783,original_dhash,,,,nframe_03350,nframe_03371,TRAIN,TRAIN,no,v40c_03130,no,no,yes,
orig_005784,original_dhash,,,,nframe_03350,nframe_03372,TRAIN,TRAIN,no,v40c_03130,no,no,yes,
orig_005785,original_dhash,,,,nframe_03350,nframe_03373,TRAIN,TRAIN,no,v40c_03130,no,no,yes,
orig_005786,original_dhash,,,,nframe_03350,nframe_03374,TRAIN,TRAIN,no,v40c_03130,no,no,yes,
orig_005787,original_dhash,,,,nframe_03350,nframe_03380,TRAIN,TRAIN,no,v40c_03130,no,no,yes,
orig_005788,original_dhash,,,,nframe_03350,nframe_03384,TRAIN,TRAIN,no,v40c_03130,no,no,yes,
orig_005789,original_dhash,,,,nframe_03351,nframe_03353,TRAIN,TRAIN,no,v40c_03130,no,no,yes,
orig_005790,original_dhash,,,,nframe_03351,nframe_03354,TRAIN,TRAIN,no,v40c_03130,no,no,yes,
orig_005791,original_dhash,,,,nframe_03351,nframe_03372,TRAIN,TRAIN,no,v40c_03130,no,no,yes,
orig_005792,original_dhash,,,,nframe_03351,nframe_03373,TRAIN,TRAIN,no,v40c_03130,no,no,yes,
orig_005793,original_dhash,,,,nframe_03351,nframe_03374,TRAIN,TRAIN,no,v40c_03130,no,no,yes,
orig_005794,original_dhash,,,,nframe_03351,nframe_03376,TRAIN,TRAIN,no,v40c_03130,no,no,yes,
orig_005795,original_dhash,,,,nframe_03351,nframe_03377,TRAIN,TRAIN,no,v40c_03130,no,no,yes,
orig_005796,original_dhash,,,,nframe_03352,nframe_03377,TRAIN,TRAIN,no,v40c_03130,no,no,yes,
orig_005797,original_dhash,,,,nframe_03352,nframe_03378,TRAIN,TRAIN,no,v40c_03130,no,no,yes,
orig_005798,original_phash,,,,nframe_03353,nframe_03354,TRAIN,TRAIN,no,v40c_03130,no,yes,yes,
orig_005799,original_dhash,,,,nframe_03353,nframe_03355,TRAIN,TRAIN,no,v40c_03130,no,no,yes,
orig_005800,original_dhash,,,,nframe_03353,nframe_03362,TRAIN,TRAIN,no,v40c_03130,no,no,yes,
orig_005801,original_dhash,,,,nframe_03353,nframe_03376,TRAIN,TRAIN,no,v40c_03130,no,no,yes,
orig_005802,original_dhash,,,,nframe_03353,nframe_03378,TRAIN,TRAIN,no,v40c_03130,no,no,yes,
orig_005803,original_dhash,,,,nframe_03354,nframe_03355,TRAIN,TRAIN,no,v40c_03130,no,no,yes,
orig_005804,original_dhash,,,,nframe_03354,nframe_03362,TRAIN,TRAIN,no,v40c_03130,no,no,yes,
orig_005805,original_dhash,,,,nframe_03354,nframe_03372,TRAIN,TRAIN,no,v40c_03130,no,no,yes,
orig_005806,original_dhash,,,,nframe_03354,nframe_03373,TRAIN,TRAIN,no,v40c_03130,no,no,yes,
orig_005807,original_dhash,,,,nframe_03354,nframe_03374,TRAIN,TRAIN,no,v40c_03130,no,no,yes,
orig_005808,original_phash,,,,nframe_03355,nframe_03356,TRAIN,TRAIN,no,v40c_03130,no,yes,yes,
orig_005809,original_phash,,,,nframe_03355,nframe_03357,TRAIN,TRAIN,no,v40c_03130,no,yes,no,
orig_005810,original_dhash,,,,nframe_03355,nframe_03361,TRAIN,TRAIN,no,v40c_03130,no,no,yes,
orig_005811,original_dhash,,,,nframe_03355,nframe_03362,TRAIN,TRAIN,no,v40c_03130,no,no,yes,
orig_005812,original_dhash,,,,nframe_03355,nframe_03363,TRAIN,TRAIN,no,v40c_03130,no,no,yes,
orig_005813,original_dhash,,,,nframe_03355,nframe_03364,TRAIN,TRAIN,no,v40c_03130,no,no,yes,
orig_005814,original_phash,,,,nframe_03356,nframe_03357,TRAIN,TRAIN,no,v40c_03130,no,yes,no,
orig_005815,original_dhash,,,,nframe_03356,nframe_03363,TRAIN,TRAIN,no,v40c_03130,no,no,yes,
orig_005816,original_dhash,,,,nframe_03356,nframe_03364,TRAIN,TRAIN,no,v40c_03130,no,no,yes,
orig_005817,original_dhash,,,,nframe_03357,nframe_03358,TRAIN,TRAIN,no,v40c_03130,no,no,yes,
orig_005818,original_dhash,,,,nframe_03357,nframe_03359,TRAIN,TRAIN,no,v40c_03130,no,no,yes,
orig_005819,original_phash,,,,nframe_03358,nframe_03359,TRAIN,TRAIN,no,v40c_03130,no,yes,no,
orig_005820,original_dhash,,,,nframe_03359,nframe_03360,TRAIN,TRAIN,no,v40c_03130,no,no,yes,
orig_005821,original_dhash,,,,nframe_03359,nframe_03361,TRAIN,TRAIN,no,v40c_03130,no,no,yes,
orig_005822,original_dhash,,,,nframe_03359,nframe_03362,TRAIN,TRAIN,no,v40c_03130,no,no,yes,
orig_005823,original_dhash,,,,nframe_03359,nframe_03363,TRAIN,TRAIN,no,v40c_03130,no,no,yes,
orig_005824,original_dhash,,,,nframe_03359,nframe_03364,TRAIN,TRAIN,no,v40c_03130,no,no,yes,
orig_005825,original_dhash,,,,nframe_03359,nframe_03384,TRAIN,TRAIN,no,v40c_03130,no,no,yes,
orig_005826,original_dhash,,,,nframe_03360,nframe_03361,TRAIN,TRAIN,no,v40c_03130,no,no,yes,
orig_005827,original_dhash,,,,nframe_03360,nframe_03363,TRAIN,TRAIN,no,v40c_03130,no,no,yes,
orig_005828,original_dhash,,,,nframe_03360,nframe_03364,TRAIN,TRAIN,no,v40c_03130,no,no,yes,
orig_005829,original_dhash,,,,nframe_03360,nframe_03365,TRAIN,TRAIN,no,v40c_03130,no,no,yes,
orig_005830,original_dhash,,,,nframe_03360,nframe_03384,TRAIN,TRAIN,no,v40c_03130,no,no,yes,
orig_005831,original_dhash,,,,nframe_03361,nframe_03362,TRAIN,TRAIN,no,v40c_03130,no,no,yes,
orig_005832,original_dhash,,,,nframe_03361,nframe_03363,TRAIN,TRAIN,no,v40c_03130,no,no,yes,
orig_005833,original_dhash,,,,nframe_03361,nframe_03364,TRAIN,TRAIN,no,v40c_03130,no,no,yes,
orig_005834,original_dhash,,,,nframe_03361,nframe_03365,TRAIN,TRAIN,no,v40c_03130,no,no,yes,
orig_005835,original_dhash,,,,nframe_03361,nframe_03371,TRAIN,TRAIN,no,v40c_03130,no,no,yes,
orig_005836,original_dhash,,,,nframe_03361,nframe_03380,TRAIN,TRAIN,no,v40c_03130,no,no,yes,
orig_005837,original_dhash,,,,nframe_03361,nframe_03383,TRAIN,TRAIN,no,v40c_03130,no,no,yes,
orig_005838,original_dhash,,,,nframe_03361,nframe_03384,TRAIN,TRAIN,no,v40c_03130,no,no,yes,
orig_005839,original_phash,,,,nframe_03362,nframe_03363,TRAIN,TRAIN,no,v40c_03130,no,yes,yes,
orig_005840,original_phash,,,,nframe_03362,nframe_03364,TRAIN,TRAIN,no,v40c_03130,no,yes,yes,
orig_005841,original_phash,,,,nframe_03362,nframe_03366,TRAIN,TRAIN,no,v40c_03130,no,yes,no,
orig_005842,original_phash,,,,nframe_03362,nframe_03367,TRAIN,TRAIN,no,v40c_03130,no,yes,no,
orig_005843,original_dhash,,,,nframe_03362,nframe_03371,TRAIN,TRAIN,no,v40c_03130,no,no,yes,
orig_005844,original_dhash,,,,nframe_03362,nframe_03372,TRAIN,TRAIN,no,v40c_03130,no,no,yes,
orig_005845,original_dhash,,,,nframe_03362,nframe_03373,TRAIN,TRAIN,no,v40c_03130,no,no,yes,
orig_005846,original_exact,,,,nframe_03363,nframe_03364,TRAIN,TRAIN,no,v40c_03130,yes,yes,yes,
orig_005847,original_dhash,,,,nframe_03363,nframe_03365,TRAIN,TRAIN,no,v40c_03130,no,no,yes,
orig_005848,original_dhash,,,,nframe_03363,nframe_03380,TRAIN,TRAIN,no,v40c_03130,no,no,yes,
orig_005849,original_dhash,,,,nframe_03363,nframe_03384,TRAIN,TRAIN,no,v40c_03130,no,no,yes,
orig_005850,original_dhash,,,,nframe_03364,nframe_03365,TRAIN,TRAIN,no,v40c_03130,no,no,yes,
orig_005851,original_dhash,,,,nframe_03364,nframe_03380,TRAIN,TRAIN,no,v40c_03130,no,no,yes,
orig_005852,original_dhash,,,,nframe_03364,nframe_03384,TRAIN,TRAIN,no,v40c_03130,no,no,yes,
orig_005853,original_dhash,,,,nframe_03365,nframe_03381,TRAIN,TRAIN,no,v40c_03130,no,no,yes,
orig_005854,original_dhash,,,,nframe_03365,nframe_03383,TRAIN,TRAIN,no,v40c_03130,no,no,yes,
orig_005855,original_dhash,,,,nframe_03365,nframe_03384,TRAIN,TRAIN,no,v40c_03130,no,no,yes,
orig_005856,original_dhash,,,,nframe_03365,nframe_03385,TRAIN,TRAIN,no,v40c_03130,no,no,yes,
orig_005857,original_dhash,,,,nframe_03365,nframe_03386,TRAIN,TRAIN,no,v40c_03130,no,no,yes,
orig_005858,original_phash,,,,nframe_03366,nframe_03367,TRAIN,TRAIN,no,v40c_03130,no,yes,no,
orig_005859,original_phash,,,,nframe_03369,nframe_03372,TRAIN,TRAIN,no,v40c_03130,no,yes,no,
orig_005860,original_phash,,,,nframe_03369,nframe_03373,TRAIN,TRAIN,no,v40c_03130,no,yes,no,
orig_005861,original_phash,,,,nframe_03369,nframe_03374,TRAIN,TRAIN,no,v40c_03130,no,yes,no,
orig_005862,original_phash,,,,nframe_03369,nframe_03381,TRAIN,TRAIN,no,v40c_03130,no,yes,no,
orig_005863,original_dhash,,,,nframe_03370,nframe_03371,TRAIN,TRAIN,no,v40c_03130,no,no,yes,
orig_005864,original_dhash,,,,nframe_03371,nframe_03372,TRAIN,TRAIN,no,v40c_03130,no,no,yes,
orig_005865,original_dhash,,,,nframe_03371,nframe_03373,TRAIN,TRAIN,no,v40c_03130,no,no,yes,
orig_005866,original_dhash,,,,nframe_03371,nframe_03374,TRAIN,TRAIN,no,v40c_03130,no,no,yes,
orig_005867,original_exact,,,,nframe_03372,nframe_03373,TRAIN,TRAIN,no,v40c_03130,yes,yes,yes,
orig_005868,original_phash,,,,nframe_03372,nframe_03374,TRAIN,TRAIN,no,v40c_03130,no,yes,yes,
orig_005869,original_phash,,,,nframe_03373,nframe_03374,TRAIN,TRAIN,no,v40c_03130,no,yes,yes,
orig_005870,original_dhash,,,,nframe_03374,nframe_03375,TRAIN,TRAIN,no,v40c_03130,no,no,yes,
orig_005871,original_dhash,,,,nframe_03375,nframe_03376,TRAIN,TRAIN,no,v40c_03130,no,no,yes,
orig_005872,original_dhash,,,,nframe_03375,nframe_03377,TRAIN,TRAIN,no,v40c_03130,no,no,yes,
orig_005873,original_dhash,,,,nframe_03375,nframe_03379,TRAIN,TRAIN,no,v40c_03130,no,no,yes,
orig_005874,original_phash,,,,nframe_03376,nframe_03377,TRAIN,TRAIN,no,v40c_03130,no,yes,yes,
orig_005875,original_dhash,,,,nframe_03376,nframe_03378,TRAIN,TRAIN,no,v40c_03130,no,no,yes,
orig_005876,original_dhash,,,,nframe_03376,nframe_03379,TRAIN,TRAIN,no,v40c_03130,no,no,yes,
orig_005877,original_dhash,,,,nframe_03377,nframe_03378,TRAIN,TRAIN,no,v40c_03130,no,no,yes,
orig_005878,original_phash,,,,nframe_03378,nframe_03379,TRAIN,TRAIN,no,v40c_03130,no,yes,yes,
orig_005879,original_dhash,,,,nframe_03380,nframe_03381,TRAIN,TRAIN,no,v40c_03130,no,no,yes,
orig_005880,original_dhash,,,,nframe_03380,nframe_03384,TRAIN,TRAIN,no,v40c_03130,no,no,yes,
orig_005881,original_phash,,,,nframe_03380,nframe_03385,TRAIN,TRAIN,no,v40c_03130,no,yes,yes,
orig_005882,original_dhash,,,,nframe_03381,nframe_03384,TRAIN,TRAIN,no,v40c_03130,no,no,yes,
orig_005883,original_dhash,,,,nframe_03381,nframe_03385,TRAIN,TRAIN,no,v40c_03130,no,no,yes,
orig_005884,original_phash,,,,nframe_03381,nframe_03386,TRAIN,TRAIN,no,v40c_03130,no,yes,yes,
orig_005885,original_phash,,,,nframe_03382,nframe_03383,TRAIN,TRAIN,no,v40c_03130,no,yes,yes,
orig_005886,original_dhash,,,,nframe_03382,nframe_03384,TRAIN,TRAIN,no,v40c_03130,no,no,yes,
orig_005887,original_phash,,,,nframe_03383,nframe_03384,TRAIN,TRAIN,no,v40c_03130,no,yes,yes,
orig_005888,original_dhash,,,,nframe_03383,nframe_03386,TRAIN,TRAIN,no,v40c_03130,no,no,yes,
orig_005889,original_phash,,,,nframe_03383,nframe_03387,TRAIN,TRAIN,no,v40c_03130,no,yes,no,
orig_005890,original_phash,,,,nframe_03384,nframe_03386,TRAIN,TRAIN,no,v40c_03130,no,yes,yes,
orig_005891,original_dhash,,,,nframe_03385,nframe_03386,TRAIN,TRAIN,no,v40c_03130,no,no,yes,
orig_005892,original_phash,,,,nframe_03386,nframe_03387,TRAIN,TRAIN,no,v40c_03130,no,yes,no,
orig_005893,original_exact,,,,nframe_03388,nframe_03389,TRAIN,TRAIN,no,v40c_03156,yes,yes,yes,
orig_005894,original_dhash,,,,nframe_03390,nframe_03391,VALIDATION,VALIDATION,no,v40c_03156,no,no,yes,
orig_005895,original_dhash,,,,nframe_03391,nframe_03392,VALIDATION,VALIDATION,no,v40c_03156,no,no,yes,
orig_005896,original_dhash,,,,nframe_03391,nframe_03393,VALIDATION,VALIDATION,no,v40c_03156,no,no,yes,
orig_005897,original_dhash,,,,nframe_03392,nframe_03393,VALIDATION,VALIDATION,no,v40c_03156,no,no,yes,
orig_005898,original_dhash,,,,nframe_03393,nframe_03396,VALIDATION,VALIDATION,no,v40c_03156,no,no,yes,
orig_005899,original_dhash,,,,nframe_03394,nframe_03395,TRAIN,TRAIN,no,v40c_03156,no,no,yes,
orig_005900,original_exact,,,,nframe_03400,nframe_03401,VALIDATION,VALIDATION,no,v40c_03158,yes,yes,yes,
orig_005901,original_dhash,,,,nframe_03400,nframe_03426,VALIDATION,VALIDATION,no,v40c_03158,no,no,yes,
orig_005902,original_dhash,,,,nframe_03400,nframe_03433,VALIDATION,VALIDATION,no,v40c_03158,no,no,yes,
orig_005903,original_dhash,,,,nframe_03401,nframe_03426,VALIDATION,VALIDATION,no,v40c_03158,no,no,yes,
orig_005904,original_dhash,,,,nframe_03401,nframe_03433,VALIDATION,VALIDATION,no,v40c_03158,no,no,yes,
orig_005905,original_dhash,,,,nframe_03402,nframe_03403,VALIDATION,VALIDATION,no,v40c_03158,no,no,yes,
orig_005906,original_dhash,,,,nframe_03403,nframe_03426,VALIDATION,VALIDATION,no,v40c_03158,no,no,yes,
orig_005907,original_dhash,,,,nframe_03404,nframe_03405,VALIDATION,VALIDATION,no,v40c_03158,no,no,yes,
orig_005908,original_dhash,,,,nframe_03404,nframe_03428,VALIDATION,VALIDATION,no,v40c_03158,no,no,yes,
orig_005909,original_dhash,,,,nframe_03405,nframe_03428,VALIDATION,VALIDATION,no,v40c_03158,no,no,yes,
orig_005910,original_exact,,,,nframe_03408,nframe_03409,TRAIN,TRAIN,no,v40c_03160,yes,yes,yes,
orig_005911,original_phash,,,,nframe_03410,nframe_03411,VALIDATION,VALIDATION,no,v40c_03160,no,yes,no,
orig_005912,original_dhash,,,,nframe_03411,nframe_03412,VALIDATION,VALIDATION,no,v40c_03160,no,no,yes,
orig_005913,original_phash,,,,nframe_03414,nframe_03415,TRAIN,TRAIN,no,v40c_03161,no,yes,no,
orig_005914,original_dhash,,,,nframe_03421,nframe_03422,VALIDATION,VALIDATION,no,v40c_03158,no,no,yes,
orig_005915,original_dhash,,,,nframe_03421,nframe_03423,VALIDATION,VALIDATION,no,v40c_03158,no,no,yes,
orig_005916,original_dhash,,,,nframe_03421,nframe_03424,VALIDATION,VALIDATION,no,v40c_03158,no,no,yes,
orig_005917,original_dhash,,,,nframe_03421,nframe_03481,VALIDATION,VALIDATION,no,v40c_03158,no,no,yes,
orig_005918,original_dhash,,,,nframe_03421,nframe_03498,VALIDATION,VALIDATION,no,v40c_03158,no,no,yes,
orig_005919,original_dhash,,,,nframe_03422,nframe_03423,VALIDATION,VALIDATION,no,v40c_03158,no,no,yes,
orig_005920,original_dhash,,,,nframe_03422,nframe_03424,VALIDATION,VALIDATION,no,v40c_03158,no,no,yes,
orig_005921,original_dhash,,,,nframe_03422,nframe_03481,VALIDATION,VALIDATION,no,v40c_03158,no,no,yes,
orig_005922,original_dhash,,,,nframe_03423,nframe_03481,VALIDATION,VALIDATION,no,v40c_03158,no,no,yes,
orig_005923,original_dhash,,,,nframe_03425,nframe_03427,VALIDATION,VALIDATION,no,v40c_03158,no,no,yes,
orig_005924,original_dhash,,,,nframe_03425,nframe_03429,VALIDATION,VALIDATION,no,v40c_03158,no,no,yes,
orig_005925,original_dhash,,,,nframe_03425,nframe_03430,VALIDATION,VALIDATION,no,v40c_03158,no,no,yes,
orig_005926,original_dhash,,,,nframe_03425,nframe_03431,VALIDATION,VALIDATION,no,v40c_03158,no,no,yes,
orig_005927,original_dhash,,,,nframe_03426,nframe_03427,VALIDATION,VALIDATION,no,v40c_03158,no,no,yes,
orig_005928,original_dhash,,,,nframe_03426,nframe_03428,VALIDATION,VALIDATION,no,v40c_03158,no,no,yes,
orig_005929,original_dhash,,,,nframe_03426,nframe_03433,VALIDATION,VALIDATION,no,v40c_03158,no,no,yes,
orig_005930,original_phash,,,,nframe_03427,nframe_03428,VALIDATION,VALIDATION,no,v40c_03158,no,yes,yes,
orig_005931,original_dhash,,,,nframe_03427,nframe_03429,VALIDATION,VALIDATION,no,v40c_03158,no,no,yes,
orig_005932,original_dhash,,,,nframe_03427,nframe_03430,VALIDATION,VALIDATION,no,v40c_03158,no,no,yes,
orig_005933,original_dhash,,,,nframe_03427,nframe_03431,VALIDATION,VALIDATION,no,v40c_03158,no,no,yes,
orig_005934,original_phash,,,,nframe_03427,nframe_03432,VALIDATION,VALIDATION,no,v40c_03158,no,yes,yes,
orig_005935,original_dhash,,,,nframe_03427,nframe_03433,VALIDATION,VALIDATION,no,v40c_03158,no,no,yes,
orig_005936,original_phash,,,,nframe_03428,nframe_03432,VALIDATION,VALIDATION,no,v40c_03158,no,yes,yes,
orig_005937,original_dhash,,,,nframe_03428,nframe_03433,VALIDATION,VALIDATION,no,v40c_03158,no,no,yes,
orig_005938,original_phash,,,,nframe_03429,nframe_03430,VALIDATION,VALIDATION,no,v40c_03158,no,yes,yes,
orig_005939,original_phash,,,,nframe_03429,nframe_03431,VALIDATION,VALIDATION,no,v40c_03158,no,yes,yes,
orig_005940,original_phash,,,,nframe_03430,nframe_03431,VALIDATION,VALIDATION,no,v40c_03158,no,yes,yes,
orig_005941,original_dhash,,,,nframe_03432,nframe_03433,VALIDATION,VALIDATION,no,v40c_03158,no,no,yes,
orig_005942,original_dhash,,,,nframe_03433,nframe_03434,VALIDATION,VALIDATION,no,v40c_03158,no,no,yes,
orig_005943,original_phash,,,,nframe_03435,nframe_03438,VALIDATION,VALIDATION,no,v40c_03158,no,yes,yes,
orig_005944,original_dhash,,,,nframe_03435,nframe_03439,VALIDATION,VALIDATION,no,v40c_03158,no,no,yes,
orig_005945,original_dhash,,,,nframe_03436,nframe_03437,VALIDATION,VALIDATION,no,v40c_03158,no,no,yes,
orig_005946,original_dhash,,,,nframe_03436,nframe_03438,VALIDATION,VALIDATION,no,v40c_03158,no,no,yes,
orig_005947,original_phash,,,,nframe_03436,nframe_03439,VALIDATION,VALIDATION,no,v40c_03158,no,yes,no,
orig_005948,original_phash,,,,nframe_03437,nframe_03438,VALIDATION,VALIDATION,no,v40c_03158,no,yes,no,
orig_005949,original_dhash,,,,nframe_03438,nframe_03439,VALIDATION,VALIDATION,no,v40c_03158,no,no,yes,
orig_005950,original_dhash,,,,nframe_03456,nframe_03458,VALIDATION,VALIDATION,no,v40c_03166,no,no,yes,
orig_005951,original_dhash,,,,nframe_03459,nframe_03460,VALIDATION,VALIDATION,no,v40c_03158,no,no,yes,
orig_005952,original_dhash,,,,nframe_03459,nframe_03482,VALIDATION,VALIDATION,no,v40c_03158,no,no,yes,
orig_005953,original_phash,,,,nframe_03463,nframe_03464,VALIDATION,VALIDATION,no,v40c_03170,no,yes,no,
orig_005954,original_dhash,,,,nframe_03465,nframe_03473,VALIDATION,VALIDATION,no,v40c_03158,no,no,yes,
orig_005955,original_exact,,,,nframe_03466,nframe_03467,VALIDATION,VALIDATION,no,v40c_03171,yes,yes,yes,
orig_005956,original_dhash,,,,nframe_03469,nframe_03470,VALIDATION,VALIDATION,no,v40c_03158,no,no,yes,
orig_005957,original_dhash,,,,nframe_03469,nframe_03483,VALIDATION,VALIDATION,no,v40c_03158,no,no,yes,
orig_005958,original_dhash,,,,nframe_03470,nframe_03471,VALIDATION,VALIDATION,no,v40c_03158,no,no,yes,
orig_005959,original_dhash,,,,nframe_03470,nframe_03483,VALIDATION,VALIDATION,no,v40c_03158,no,no,yes,
orig_005960,original_dhash,,,,nframe_03470,nframe_03485,VALIDATION,VALIDATION,no,v40c_03158,no,no,yes,
orig_005961,original_dhash,,,,nframe_03470,nframe_03486,VALIDATION,VALIDATION,no,v40c_03158,no,no,yes,
orig_005962,original_dhash,,,,nframe_03471,nframe_03474,VALIDATION,VALIDATION,no,v40c_03158,no,no,yes,
orig_005963,original_dhash,,,,nframe_03471,nframe_03486,VALIDATION,VALIDATION,no,v40c_03158,no,no,yes,
orig_005964,original_exact,,,,nframe_03476,nframe_03477,VALIDATION,VALIDATION,no,v40c_03158,yes,yes,yes,
orig_005965,original_exact,,,,nframe_03478,nframe_03479,VALIDATION,VALIDATION,no,v40c_03158,yes,yes,yes,
orig_005966,original_dhash,,,,nframe_03481,nframe_03498,VALIDATION,VALIDATION,no,v40c_03158,no,no,yes,
orig_005967,original_dhash,,,,nframe_03483,nframe_03484,VALIDATION,VALIDATION,no,v40c_03158,no,no,yes,
orig_005968,original_dhash,,,,nframe_03483,nframe_03485,VALIDATION,VALIDATION,no,v40c_03158,no,no,yes,
orig_005969,original_dhash,,,,nframe_03484,nframe_03485,VALIDATION,VALIDATION,no,v40c_03158,no,no,yes,
orig_005970,original_phash,,,,nframe_03487,nframe_03488,TRAIN,TRAIN,no,v40c_03158,no,yes,no,
orig_005971,original_dhash,,,,nframe_03487,nframe_03489,TRAIN,TRAIN,no,v40c_03158,no,no,yes,
orig_005972,original_phash,,,,nframe_03488,nframe_03489,TRAIN,TRAIN,no,v40c_03158,no,yes,no,
orig_005973,original_exact,,,,nframe_03490,nframe_03491,VALIDATION,VALIDATION,no,v40c_03158,yes,yes,yes,
orig_005974,original_dhash,,,,nframe_03492,nframe_03493,VALIDATION,VALIDATION,no,v40c_03158,no,no,yes,
orig_005975,original_dhash,,,,nframe_03492,nframe_03496,VALIDATION,VALIDATION,no,v40c_03158,no,no,yes,
orig_005976,original_dhash,,,,nframe_03492,nframe_03499,VALIDATION,VALIDATION,no,v40c_03158,no,no,yes,
orig_005977,original_dhash,,,,nframe_03492,nframe_03500,VALIDATION,VALIDATION,no,v40c_03158,no,no,yes,
orig_005978,original_dhash,,,,nframe_03493,nframe_03495,VALIDATION,VALIDATION,no,v40c_03158,no,no,yes,
orig_005979,original_dhash,,,,nframe_03493,nframe_03496,VALIDATION,VALIDATION,no,v40c_03158,no,no,yes,
orig_005980,original_dhash,,,,nframe_03493,nframe_03499,VALIDATION,VALIDATION,no,v40c_03158,no,no,yes,
orig_005981,original_dhash,,,,nframe_03493,nframe_03500,VALIDATION,VALIDATION,no,v40c_03158,no,no,yes,
orig_005982,original_phash,,,,nframe_03494,nframe_03495,VALIDATION,VALIDATION,no,v40c_03158,no,yes,yes,
orig_005983,original_phash,,,,nframe_03496,nframe_03499,VALIDATION,VALIDATION,no,v40c_03158,no,yes,yes,
orig_005984,original_phash,,,,nframe_03496,nframe_03500,VALIDATION,VALIDATION,no,v40c_03158,no,yes,yes,
orig_005985,original_dhash,,,,nframe_03497,nframe_03498,VALIDATION,VALIDATION,no,v40c_03158,no,no,yes,
orig_005986,original_dhash,,,,nframe_03497,nframe_03499,VALIDATION,VALIDATION,no,v40c_03158,no,no,yes,
orig_005987,original_dhash,,,,nframe_03497,nframe_03500,VALIDATION,VALIDATION,no,v40c_03158,no,no,yes,
orig_005988,original_exact,,,,nframe_03499,nframe_03500,VALIDATION,VALIDATION,no,v40c_03158,yes,yes,yes,
orig_005989,original_dhash,,,,nframe_03501,nframe_03507,VALIDATION,VALIDATION,no,v40c_03158,no,no,yes,
orig_005990,original_exact,,,,nframe_03502,nframe_03503,VALIDATION,VALIDATION,no,v40c_03158,yes,yes,yes,
orig_005991,original_dhash,,,,nframe_03502,nframe_03504,VALIDATION,VALIDATION,no,v40c_03158,no,no,yes,
orig_005992,original_dhash,,,,nframe_03503,nframe_03504,VALIDATION,VALIDATION,no,v40c_03158,no,no,yes,
orig_005993,original_dhash,,,,nframe_03504,nframe_03505,VALIDATION,VALIDATION,no,v40c_03158,no,no,yes,
orig_005994,original_dhash,,,,nframe_03504,nframe_03506,VALIDATION,VALIDATION,no,v40c_03158,no,no,yes,
orig_005995,original_dhash,,,,nframe_03505,nframe_03506,VALIDATION,VALIDATION,no,v40c_03158,no,no,yes,
orig_005996,original_phash,,,,nframe_03506,nframe_03512,VALIDATION,VALIDATION,no,v40c_03158,no,yes,no,
orig_005997,original_phash,,,,nframe_03509,nframe_03510,VALIDATION,VALIDATION,no,v40c_03174,no,yes,no,
orig_005998,original_phash,,,,nframe_03511,nframe_03512,VALIDATION,VALIDATION,no,v40c_03158,no,yes,yes,
orig_005999,original_phash,,,,nframe_03511,nframe_03513,VALIDATION,VALIDATION,no,v40c_03158,no,yes,yes,
orig_006000,original_dhash,,,,nframe_03512,nframe_03513,VALIDATION,VALIDATION,no,v40c_03158,no,no,yes,
orig_006001,original_dhash,,,,nframe_03513,nframe_03514,VALIDATION,VALIDATION,no,v40c_03158,no,no,yes,
orig_006002,original_dhash,,,,nframe_03513,nframe_03515,VALIDATION,VALIDATION,no,v40c_03158,no,no,yes,
orig_006003,original_dhash,,,,nframe_03513,nframe_03525,VALIDATION,VALIDATION,no,v40c_03158,no,no,yes,
orig_006004,original_dhash,,,,nframe_03514,nframe_03515,VALIDATION,VALIDATION,no,v40c_03158,no,no,yes,
orig_006005,original_dhash,,,,nframe_03514,nframe_03525,VALIDATION,VALIDATION,no,v40c_03158,no,no,yes,
orig_006006,original_phash,,,,nframe_03515,nframe_03516,VALIDATION,VALIDATION,no,v40c_03158,no,yes,yes,
orig_006007,original_dhash,,,,nframe_03515,nframe_03522,VALIDATION,VALIDATION,no,v40c_03158,no,no,yes,
orig_006008,original_dhash,,,,nframe_03515,nframe_03525,VALIDATION,VALIDATION,no,v40c_03158,no,no,yes,
orig_006009,original_dhash,,,,nframe_03516,nframe_03517,VALIDATION,VALIDATION,no,v40c_03158,no,no,yes,
orig_006010,original_dhash,,,,nframe_03516,nframe_03518,VALIDATION,VALIDATION,no,v40c_03158,no,no,yes,
orig_006011,original_dhash,,,,nframe_03516,nframe_03522,VALIDATION,VALIDATION,no,v40c_03158,no,no,yes,
orig_006012,original_exact,,,,nframe_03517,nframe_03518,VALIDATION,VALIDATION,no,v40c_03158,yes,yes,yes,
orig_006013,original_phash,,,,nframe_03517,nframe_03520,VALIDATION,VALIDATION,no,v40c_03158,no,yes,no,
orig_006014,original_phash,,,,nframe_03517,nframe_03521,VALIDATION,VALIDATION,no,v40c_03158,no,yes,yes,
orig_006015,original_phash,,,,nframe_03518,nframe_03520,VALIDATION,VALIDATION,no,v40c_03158,no,yes,no,
orig_006016,original_phash,,,,nframe_03518,nframe_03521,VALIDATION,VALIDATION,no,v40c_03158,no,yes,yes,
orig_006017,original_phash,,,,nframe_03519,nframe_03520,VALIDATION,VALIDATION,no,v40c_03158,no,yes,no,
orig_006018,original_phash,,,,nframe_03519,nframe_03522,VALIDATION,VALIDATION,no,v40c_03158,no,yes,no,
orig_006019,original_phash,,,,nframe_03520,nframe_03521,VALIDATION,VALIDATION,no,v40c_03158,no,yes,no,
orig_006020,original_phash,,,,nframe_03522,nframe_03524,VALIDATION,VALIDATION,no,v40c_03158,no,yes,no,
orig_006021,original_phash,,,,nframe_03526,nframe_03527,VALIDATION,VALIDATION,no,v40c_03176,no,yes,no,
orig_006022,original_exact,,,,nframe_03528,nframe_03529,VALIDATION,VALIDATION,no,v40c_03177,yes,yes,yes,
orig_006023,original_phash,,,,nframe_03531,nframe_03532,VALIDATION,VALIDATION,no,v40c_03179,no,yes,no,
orig_006024,original_dhash,,,,nframe_03532,nframe_03533,VALIDATION,VALIDATION,no,v40c_03179,no,no,yes,
orig_006025,original_dhash,,,,nframe_03538,nframe_03539,VALIDATION,VALIDATION,no,v40c_03184,no,no,yes,
orig_006026,original_dhash,,,,nframe_03640,nframe_03641,VALIDATION,VALIDATION,no,v40c_03199,no,no,yes,
orig_006027,original_phash,,,,nframe_03641,nframe_03642,VALIDATION,VALIDATION,no,v40c_03199,no,yes,no,
orig_006028,original_phash,,,,nframe_03643,nframe_03644,VALIDATION,VALIDATION,no,v40c_03200,no,yes,no,
orig_006029,original_phash,,,,nframe_03646,nframe_03647,VALIDATION,VALIDATION,no,v40c_03202,no,yes,no,
orig_006030,original_exact,,,,nframe_03669,nframe_03670,TRAIN,TRAIN,no,v40c_03207,yes,yes,yes,
orig_006031,original_phash,,,,nframe_03673,nframe_03674,TRAIN,TRAIN,no,v40c_03210,no,yes,no,
orig_006032,original_phash,,,,nframe_03678,nframe_03679,TRAIN,TRAIN,no,v40c_03214,no,yes,no,
orig_006033,original_exact,,,,nframe_03681,nframe_03682,TRAIN,TRAIN,no,v40c_03216,yes,yes,yes,
orig_006034,original_exact,,,,nframe_03689,nframe_03690,TRAIN,TRAIN,no,v40c_03223,yes,yes,yes,
orig_006035,original_exact,,,,nframe_03692,nframe_03693,TRAIN,TRAIN,no,v40c_03225,yes,yes,yes,
orig_006036,original_phash,,,,nframe_03692,nframe_03696,TRAIN,TRAIN,no,v40c_03225,no,yes,no,
orig_006037,original_phash,,,,nframe_03692,nframe_03697,TRAIN,TRAIN,no,v40c_03225,no,yes,no,
orig_006038,original_phash,,,,nframe_03692,nframe_03698,TRAIN,TRAIN,no,v40c_03225,no,yes,no,
orig_006039,original_phash,,,,nframe_03693,nframe_03696,TRAIN,TRAIN,no,v40c_03225,no,yes,no,
orig_006040,original_phash,,,,nframe_03693,nframe_03697,TRAIN,TRAIN,no,v40c_03225,no,yes,no,
orig_006041,original_phash,,,,nframe_03693,nframe_03698,TRAIN,TRAIN,no,v40c_03225,no,yes,no,
orig_006042,original_phash,,,,nframe_03696,nframe_03697,TRAIN,TRAIN,no,v40c_03225,no,yes,no,
orig_006043,original_phash,,,,nframe_03697,nframe_03698,TRAIN,TRAIN,no,v40c_03225,no,yes,no,
orig_006044,original_phash,,,,nframe_03700,nframe_03701,TRAIN,TRAIN,no,v40c_03229,no,yes,no,
orig_006045,original_phash,,,,nframe_03793,nframe_03794,VALIDATION,VALIDATION,no,v40c_03234,no,yes,no,
orig_006046,original_phash,,,,nframe_03794,nframe_03795,VALIDATION,VALIDATION,no,v40c_03234,no,yes,no,
orig_006047,original_phash,,,,nframe_03794,nframe_03796,VALIDATION,VALIDATION,no,v40c_03234,no,yes,no,
orig_006048,original_dhash,,,,nframe_03794,nframe_03797,VALIDATION,VALIDATION,no,v40c_03234,no,no,yes,
orig_006049,original_exact,,,,nframe_03795,nframe_03796,VALIDATION,VALIDATION,no,v40c_03234,yes,yes,yes,
orig_006050,original_dhash,,,,nframe_03795,nframe_03797,VALIDATION,VALIDATION,no,v40c_03234,no,no,yes,
orig_006051,original_dhash,,,,nframe_03796,nframe_03797,VALIDATION,VALIDATION,no,v40c_03234,no,no,yes,
orig_006052,original_dhash,,,,nframe_03797,nframe_03798,VALIDATION,VALIDATION,no,v40c_03234,no,no,yes,
orig_006053,original_dhash,,,,nframe_03797,nframe_03799,VALIDATION,VALIDATION,no,v40c_03234,no,no,yes,
orig_006054,original_dhash,,,,nframe_03797,nframe_03800,VALIDATION,VALIDATION,no,v40c_03234,no,no,yes,
orig_006055,original_phash,,,,nframe_03798,nframe_03799,VALIDATION,VALIDATION,no,v40c_03234,no,yes,yes,
orig_006056,original_phash,,,,nframe_03798,nframe_03800,VALIDATION,VALIDATION,no,v40c_03234,no,yes,yes,
orig_006057,original_phash,,,,nframe_03799,nframe_03800,VALIDATION,VALIDATION,no,v40c_03234,no,yes,yes,
orig_006058,original_exact,,,,nframe_03802,nframe_03803,VALIDATION,VALIDATION,no,v40c_03236,yes,yes,yes,
orig_006059,original_dhash,,,,nframe_03804,nframe_03805,VALIDATION,VALIDATION,no,v40c_03237,no,no,yes,
orig_006060,original_phash,,,,nframe_03806,nframe_03807,VALIDATION,VALIDATION,no,v40c_03238,no,yes,no,
orig_006061,original_exact,,,,nframe_03808,nframe_03809,VALIDATION,VALIDATION,no,v40c_03239,yes,yes,yes,
orig_006062,original_phash,,,,nframe_03808,nframe_03810,VALIDATION,VALIDATION,no,v40c_03239,no,yes,yes,
orig_006063,original_phash,,,,nframe_03809,nframe_03810,VALIDATION,VALIDATION,no,v40c_03239,no,yes,yes,
orig_006064,original_dhash,,,,nframe_03811,nframe_03812,VALIDATION,VALIDATION,no,v40c_03240,no,no,yes,
orig_006065,original_phash,,,,nframe_03812,nframe_03813,VALIDATION,VALIDATION,no,v40c_03240,no,yes,no,
orig_006066,original_exact,,,,nframe_03837,nframe_03838,VALIDATION,VALIDATION,no,v40c_03246,yes,yes,yes,
orig_006067,original_phash,,,,nframe_03856,nframe_03857,TRAIN,TRAIN,no,v40c_03248,no,yes,no,
orig_006068,original_phash,,,,nframe_03856,nframe_03858,TRAIN,TRAIN,no,v40c_03248,no,yes,no,
orig_006069,original_phash,,,,nframe_03857,nframe_03858,TRAIN,TRAIN,no,v40c_03248,no,yes,no,
orig_006070,original_exact,,,,nframe_03859,nframe_03860,TRAIN,TRAIN,no,v40c_03249,yes,yes,yes,
orig_006071,original_exact,,,,nframe_03861,nframe_03862,TRAIN,TRAIN,no,v40c_03250,yes,yes,yes,
orig_006072,original_phash,,,,nframe_03866,nframe_03867,TRAIN,TRAIN,no,v40c_03254,no,yes,no,
orig_006073,original_phash,,,,nframe_03870,nframe_03871,TRAIN,TRAIN,no,v40c_03257,no,yes,no,
orig_006074,original_phash,,,,nframe_03872,nframe_03874,TRAIN,TRAIN,no,v40c_03258,no,yes,no,
orig_006075,original_dhash,,,,nframe_03873,nframe_03874,TRAIN,TRAIN,no,v40c_03258,no,no,yes,
orig_006076,original_exact,,,,nframe_03876,nframe_03877,TRAIN,TRAIN,no,v40c_03260,yes,yes,yes,
orig_006077,original_phash,,,,nframe_03878,nframe_03882,TRAIN,TRAIN,no,v40c_03261,no,yes,no,
orig_006078,original_dhash,,,,nframe_03879,nframe_03880,TRAIN,TRAIN,no,v40c_03261,no,no,yes,
orig_006079,original_dhash,,,,nframe_03880,nframe_03881,TRAIN,TRAIN,no,v40c_03261,no,no,yes,
orig_006080,original_dhash,,,,nframe_03881,nframe_03882,TRAIN,TRAIN,no,v40c_03261,no,no,yes,
orig_006081,original_dhash,,,,nframe_03881,nframe_03884,TRAIN,TRAIN,no,v40c_03261,no,no,yes,
orig_006082,original_phash,,,,nframe_03882,nframe_03883,TRAIN,TRAIN,no,v40c_03261,no,yes,yes,
orig_006083,original_dhash,,,,nframe_03882,nframe_03884,TRAIN,TRAIN,no,v40c_03261,no,no,yes,
orig_006084,original_phash,,,,nframe_03884,nframe_03885,TRAIN,TRAIN,no,v40c_03261,no,yes,no,
orig_006085,original_phash,,,,nframe_03884,nframe_03886,TRAIN,TRAIN,no,v40c_03261,no,yes,no,
orig_006086,original_phash,,,,nframe_03886,nframe_03887,TRAIN,TRAIN,no,v40c_03261,no,yes,no,
orig_006087,original_phash,,,,nframe_03907,nframe_03908,VALIDATION,VALIDATION,no,v40c_03265,no,yes,no,
orig_006088,original_phash,,,,nframe_03910,nframe_03911,VALIDATION,VALIDATION,no,v40c_03267,no,yes,no,
orig_006089,original_phash,,,,nframe_03910,nframe_03912,VALIDATION,VALIDATION,no,v40c_03267,no,yes,no,
orig_006090,original_phash,,,,nframe_03911,nframe_03912,VALIDATION,VALIDATION,no,v40c_03267,no,yes,no,
orig_006091,original_phash,,,,nframe_03912,nframe_03913,VALIDATION,VALIDATION,no,v40c_03267,no,yes,no,
orig_006092,original_exact,,,,nframe_03914,nframe_03915,VALIDATION,VALIDATION,no,v40c_03268,yes,yes,yes,
orig_006093,original_phash,,,,nframe_03916,nframe_03917,VALIDATION,VALIDATION,no,v40c_03269,no,yes,no,
orig_006094,original_phash,,,,nframe_03916,nframe_03918,VALIDATION,VALIDATION,no,v40c_03269,no,yes,no,
orig_006095,original_exact,,,,nframe_03917,nframe_03918,VALIDATION,VALIDATION,no,v40c_03269,yes,yes,yes,
orig_006096,original_exact,,,,nframe_03920,nframe_03921,VALIDATION,VALIDATION,no,v40c_03271,yes,yes,yes,
orig_006097,original_exact,,,,nframe_03923,nframe_03924,VALIDATION,VALIDATION,no,v40c_03273,yes,yes,yes,
orig_006098,original_exact,,,,nframe_03925,nframe_03926,VALIDATION,VALIDATION,no,v40c_03274,yes,yes,yes,
orig_006099,original_phash,,,,nframe_03936,nframe_03937,VALIDATION,VALIDATION,no,v40c_03284,no,yes,no,
orig_006100,original_phash,,,,nframe_03936,nframe_03938,VALIDATION,VALIDATION,no,v40c_03284,no,yes,no,
orig_006101,original_phash,,,,nframe_03956,nframe_03957,VALIDATION,VALIDATION,no,v40c_03302,no,yes,no,
orig_006102,original_phash,,,,nframe_03956,nframe_03958,VALIDATION,VALIDATION,no,v40c_03302,no,yes,no,
orig_006103,original_phash,,,,nframe_03957,nframe_03958,VALIDATION,VALIDATION,no,v40c_03302,no,yes,no,
orig_006104,original_phash,,,,nframe_03957,nframe_03959,VALIDATION,VALIDATION,no,v40c_03302,no,yes,no,
orig_006105,original_phash,,,,nframe_03957,nframe_03960,VALIDATION,VALIDATION,no,v40c_03302,no,yes,no,
orig_006106,original_exact,,,,nframe_03959,nframe_03960,VALIDATION,VALIDATION,no,v40c_03302,yes,yes,yes,
orig_006107,original_phash,,,,nframe_03962,nframe_03963,VALIDATION,VALIDATION,no,v40c_03304,no,yes,no,
orig_006108,original_phash,,,,nframe_03963,nframe_03964,VALIDATION,VALIDATION,no,v40c_03304,no,yes,no,
orig_006109,original_phash,,,,nframe_03963,nframe_03965,VALIDATION,VALIDATION,no,v40c_03304,no,yes,no,
orig_006110,original_phash,,,,nframe_03964,nframe_03965,VALIDATION,VALIDATION,no,v40c_03304,no,yes,no,
orig_006111,original_phash,,,,nframe_03964,nframe_03966,VALIDATION,VALIDATION,no,v40c_03304,no,yes,no,
orig_006112,original_phash,,,,nframe_03965,nframe_03966,VALIDATION,VALIDATION,no,v40c_03304,no,yes,no,
orig_006113,original_dhash,,,,nframe_03985,nframe_03986,TRAIN,TRAIN,no,v40c_03307,no,no,yes,
orig_006114,original_phash,,,,nframe_03985,nframe_03988,TRAIN,TRAIN,no,v40c_03307,no,yes,no,
orig_006115,original_phash,,,,nframe_03987,nframe_03988,TRAIN,TRAIN,no,v40c_03307,no,yes,no,
orig_006116,original_phash,,,,nframe_03989,nframe_03990,TRAIN,TRAIN,no,v40c_03308,no,yes,no,
orig_006117,original_phash,,,,nframe_03990,nframe_03991,TRAIN,TRAIN,no,v40c_03308,no,yes,no,
orig_006118,original_phash,,,,nframe_03992,nframe_03993,TRAIN,TRAIN,no,v40c_03309,no,yes,no,
orig_006119,original_exact,,,,nframe_04001,nframe_04002,TRAIN,TRAIN,no,v40c_03317,yes,yes,yes,
orig_006120,original_phash,,,,nframe_04003,nframe_04004,TRAIN,TRAIN,no,v40c_03318,no,yes,no,
orig_006121,original_phash,,,,nframe_04003,nframe_04005,TRAIN,TRAIN,no,v40c_03318,no,yes,no,
orig_006122,original_exact,,,,nframe_04004,nframe_04005,TRAIN,TRAIN,no,v40c_03318,yes,yes,yes,
orig_006123,original_exact,,,,nframe_04006,nframe_04007,TRAIN,TRAIN,no,v40c_03319,yes,yes,yes,
orig_006124,original_phash,,,,nframe_04009,nframe_04011,TRAIN,TRAIN,no,v40c_03321,no,yes,no,
orig_006125,original_phash,,,,nframe_04015,nframe_04016,TRAIN,TRAIN,no,v40c_03326,no,yes,no,
orig_006126,original_phash,,,,nframe_04015,nframe_04017,TRAIN,TRAIN,no,v40c_03326,no,yes,no,
orig_006127,original_phash,,,,nframe_04016,nframe_04017,TRAIN,TRAIN,no,v40c_03326,no,yes,no,
orig_006128,original_phash,,,,nframe_04016,nframe_04020,TRAIN,TRAIN,no,v40c_03326,no,yes,no,
orig_006129,original_phash,,,,nframe_04017,nframe_04020,TRAIN,TRAIN,no,v40c_03326,no,yes,no,
orig_006130,original_phash,,,,nframe_04021,nframe_04024,TRAIN,TRAIN,no,v40c_03329,no,yes,no,
orig_006131,original_phash,,,,nframe_04021,nframe_04025,TRAIN,TRAIN,no,v40c_03329,no,yes,no,
orig_006132,original_phash,,,,nframe_04022,nframe_04023,TRAIN,TRAIN,no,v40c_03330,no,yes,no,
orig_006133,original_phash,,,,nframe_04024,nframe_04025,TRAIN,TRAIN,no,v40c_03329,no,yes,no,
orig_006134,original_phash,,,,nframe_04097,nframe_04098,VALIDATION,VALIDATION,no,v40c_03339,no,yes,no,
orig_006135,original_dhash,,,,nframe_04100,nframe_04101,VALIDATION,VALIDATION,no,v40c_03341,no,no,yes,
orig_006136,original_exact,,,,nframe_04102,nframe_04103,VALIDATION,VALIDATION,no,v40c_03342,yes,yes,yes,
orig_006137,original_exact,,,,nframe_04105,nframe_04106,VALIDATION,VALIDATION,no,v40c_03344,yes,yes,yes,
orig_006138,original_dhash,,,,nframe_04108,nframe_04109,VALIDATION,VALIDATION,no,v40c_03346,no,no,yes,
orig_006139,original_dhash,,,,nframe_04109,nframe_04111,VALIDATION,VALIDATION,no,v40c_03346,no,no,yes,
orig_006140,original_phash,,,,nframe_04112,nframe_04113,VALIDATION,VALIDATION,no,v40c_03347,no,yes,yes,
orig_006141,original_dhash,,,,nframe_04112,nframe_04114,VALIDATION,VALIDATION,no,v40c_03347,no,no,yes,
orig_006142,original_dhash,,,,nframe_04113,nframe_04114,VALIDATION,VALIDATION,no,v40c_03347,no,no,yes,
orig_006143,original_dhash,,,,nframe_04113,nframe_04115,VALIDATION,VALIDATION,no,v40c_03347,no,no,yes,
orig_006144,original_phash,,,,nframe_04114,nframe_04115,VALIDATION,VALIDATION,no,v40c_03347,no,yes,yes,
orig_006145,original_exact,,,,nframe_04117,nframe_04118,VALIDATION,VALIDATION,no,v40c_03349,yes,yes,yes,
orig_006146,original_dhash,,,,nframe_04242,nframe_04243,VALIDATION,VALIDATION,no,v40c_03353,no,no,yes,
orig_006147,original_dhash,,,,nframe_04243,nframe_04245,VALIDATION,VALIDATION,no,v40c_03353,no,no,yes,
orig_006148,original_phash,,,,nframe_04248,nframe_04249,VALIDATION,VALIDATION,no,v40c_03356,no,yes,yes,
orig_006149,original_dhash,,,,nframe_04250,nframe_04251,VALIDATION,VALIDATION,no,v40c_03357,no,no,yes,
orig_006150,original_phash,,,,nframe_04251,nframe_04252,VALIDATION,VALIDATION,no,v40c_03357,no,yes,no,
orig_006151,original_phash,,,,nframe_04254,nframe_04256,VALIDATION,VALIDATION,no,v40c_03359,no,yes,no,
orig_006152,original_phash,,,,nframe_04257,nframe_04258,VALIDATION,VALIDATION,no,v40c_03361,no,yes,no,
orig_006153,original_exact,,,,nframe_04261,nframe_04262,VALIDATION,VALIDATION,no,v40c_03364,yes,yes,yes,
orig_006154,original_dhash,,,,nframe_04261,nframe_04266,VALIDATION,VALIDATION,no,v40c_03364,no,no,yes,
orig_006155,original_dhash,,,,nframe_04262,nframe_04266,VALIDATION,VALIDATION,no,v40c_03364,no,no,yes,
orig_006156,original_exact,,,,nframe_04263,nframe_04264,VALIDATION,VALIDATION,no,v40c_03365,yes,yes,yes,
orig_006157,original_phash,,,,nframe_04263,nframe_04265,VALIDATION,VALIDATION,no,v40c_03365,no,yes,no,
orig_006158,original_phash,,,,nframe_04264,nframe_04265,VALIDATION,VALIDATION,no,v40c_03365,no,yes,no,
orig_006159,original_dhash,,,,nframe_04270,nframe_04271,VALIDATION,VALIDATION,no,v40c_03369,no,no,yes,
orig_006160,original_phash,,,,nframe_04271,nframe_04272,VALIDATION,VALIDATION,no,v40c_03369,no,yes,no,
orig_006161,original_phash,,,,nframe_04299,nframe_04300,TRAIN,TRAIN,no,v40c_03372,no,yes,yes,
orig_006162,original_exact,,,,nframe_04301,nframe_04302,TRAIN,TRAIN,no,v40c_03373,yes,yes,yes,
orig_006163,original_phash,,,,nframe_04303,nframe_04304,TRAIN,TRAIN,no,v40c_03374,no,yes,no,
orig_006164,original_exact,,,,nframe_04309,nframe_04310,TRAIN,TRAIN,no,v40c_03379,yes,yes,yes,
orig_006165,original_dhash,,,,nframe_04309,nframe_04312,TRAIN,TRAIN,no,v40c_03379,no,no,yes,
orig_006166,original_dhash,,,,nframe_04310,nframe_04312,TRAIN,TRAIN,no,v40c_03379,no,no,yes,
orig_006167,original_phash,,,,nframe_04313,nframe_04314,TRAIN,TRAIN,no,v40c_03381,no,yes,no,
orig_006168,original_phash,,,,nframe_04314,nframe_04315,TRAIN,TRAIN,no,v40c_03381,no,yes,no,
orig_006169,original_phash,,,,nframe_04314,nframe_04317,TRAIN,TRAIN,no,v40c_03381,no,yes,no,
orig_006170,original_phash,,,,nframe_04315,nframe_04317,TRAIN,TRAIN,no,v40c_03381,no,yes,no,
orig_006171,original_dhash,,,,nframe_04315,nframe_04322,TRAIN,TRAIN,no,v40c_03381,no,no,yes,
orig_006172,original_phash,,,,nframe_04322,nframe_04328,TRAIN,TRAIN,no,v40c_03381,no,yes,no,
orig_006173,original_exact,,,,nframe_04323,nframe_04324,TRAIN,TRAIN,no,v40c_03386,yes,yes,yes,
orig_006174,original_exact,,,,nframe_04325,nframe_04326,TRAIN,TRAIN,no,v40c_03387,yes,yes,yes,
orig_006175,original_phash,,,,nframe_04327,nframe_04330,TRAIN,TRAIN,no,v40c_03388,no,yes,no,
orig_006176,original_phash,,,,nframe_04331,nframe_04332,TRAIN,TRAIN,no,v40c_03390,no,yes,no,
orig_006177,original_exact,,,,nframe_04333,nframe_04334,TRAIN,TRAIN,no,v40c_03391,yes,yes,yes,
orig_006178,original_phash,,,,nframe_04335,nframe_04336,TRAIN,TRAIN,no,v40c_03392,no,yes,no,
orig_006179,original_phash,,,,nframe_04337,nframe_04338,TRAIN,TRAIN,no,v40c_03393,no,yes,no,
orig_006180,original_phash,,,,nframe_04337,nframe_04339,TRAIN,TRAIN,no,v40c_03393,no,yes,no,
orig_006181,original_exact,,,,nframe_04338,nframe_04339,TRAIN,TRAIN,no,v40c_03393,yes,yes,yes,
orig_006182,original_phash,,,,nframe_04338,nframe_04341,TRAIN,TRAIN,no,v40c_03393,no,yes,no,
orig_006183,original_phash,,,,nframe_04339,nframe_04341,TRAIN,TRAIN,no,v40c_03393,no,yes,no,
orig_006184,original_phash,,,,nframe_04340,nframe_04341,TRAIN,TRAIN,no,v40c_03393,no,yes,no,
orig_006185,original_phash,,,,nframe_04341,nframe_04342,TRAIN,TRAIN,no,v40c_03393,no,yes,no,
orig_006186,original_phash,,,,nframe_04342,nframe_04343,TRAIN,TRAIN,no,v40c_03393,no,yes,no,
orig_006187,original_phash,,,,nframe_04342,nframe_04345,TRAIN,TRAIN,no,v40c_03393,no,yes,no,
orig_006188,original_phash,,,,nframe_04342,nframe_04347,TRAIN,TRAIN,no,v40c_03393,no,yes,no,
orig_006189,original_phash,,,,nframe_04343,nframe_04344,TRAIN,TRAIN,no,v40c_03393,no,yes,no,
orig_006190,original_phash,,,,nframe_04345,nframe_04346,TRAIN,TRAIN,no,v40c_03393,no,yes,no,
orig_006191,original_phash,,,,nframe_04345,nframe_04347,TRAIN,TRAIN,no,v40c_03393,no,yes,no,
orig_006192,original_phash,,,,nframe_04346,nframe_04347,TRAIN,TRAIN,no,v40c_03393,no,yes,no,
orig_006193,original_phash,,,,nframe_04346,nframe_04348,TRAIN,TRAIN,no,v40c_03393,no,yes,no,
orig_006194,original_phash,,,,nframe_04346,nframe_04349,TRAIN,TRAIN,no,v40c_03393,no,yes,no,
orig_006195,original_phash,,,,nframe_04348,nframe_04349,TRAIN,TRAIN,no,v40c_03393,no,yes,no,
orig_006196,original_phash,,,,nframe_04348,nframe_04350,TRAIN,TRAIN,no,v40c_03393,no,yes,no,
orig_006197,original_phash,,,,nframe_04349,nframe_04350,TRAIN,TRAIN,no,v40c_03393,no,yes,no,
orig_006198,original_phash,,,,nframe_04355,nframe_04356,TRAIN,TRAIN,no,v40c_03398,no,yes,no,
orig_006199,original_phash,,,,nframe_04355,nframe_04357,TRAIN,TRAIN,no,v40c_03398,no,yes,no,
orig_006200,original_phash,,,,nframe_04356,nframe_04357,TRAIN,TRAIN,no,v40c_03398,no,yes,no,
orig_006201,original_phash,,,,nframe_04356,nframe_04358,TRAIN,TRAIN,no,v40c_03398,no,yes,no,
orig_006202,original_phash,,,,nframe_04356,nframe_04359,TRAIN,TRAIN,no,v40c_03398,no,yes,no,
orig_006203,original_phash,,,,nframe_04358,nframe_04359,TRAIN,TRAIN,no,v40c_03398,no,yes,no,
orig_006204,original_exact,,,,nframe_04360,nframe_04361,TRAIN,TRAIN,no,v40c_03399,yes,yes,yes,
orig_006205,original_phash,,,,nframe_04362,nframe_04363,TRAIN,TRAIN,no,v40c_03400,no,yes,no,
orig_006206,original_phash,,,,nframe_04364,nframe_04365,TRAIN,TRAIN,no,v40c_03401,no,yes,no,
orig_006207,original_phash,,,,nframe_04364,nframe_04366,TRAIN,TRAIN,no,v40c_03401,no,yes,no,
orig_006208,original_phash,,,,nframe_04367,nframe_04368,TRAIN,TRAIN,no,v40c_03402,no,yes,no,
orig_006209,original_dhash,,,,nframe_04371,nframe_04372,TRAIN,TRAIN,no,v40c_03405,no,no,yes,
orig_006210,original_dhash,,,,nframe_04378,nframe_04380,TRAIN,TRAIN,no,v40c_03411,no,no,yes,
orig_006211,original_dhash,,,,nframe_04378,nframe_04381,TRAIN,TRAIN,no,v40c_03411,no,no,yes,
orig_006212,original_exact,,,,nframe_04380,nframe_04381,TRAIN,TRAIN,no,v40c_03411,yes,yes,yes,
orig_006213,original_dhash,,,,nframe_04380,nframe_04384,TRAIN,TRAIN,no,v40c_03411,no,no,yes,
orig_006214,original_dhash,,,,nframe_04381,nframe_04384,TRAIN,TRAIN,no,v40c_03411,no,no,yes,
orig_006215,original_phash,,,,nframe_04382,nframe_04383,TRAIN,TRAIN,no,v40c_03413,no,yes,no,
orig_006216,original_phash,,,,nframe_04389,nframe_04390,TRAIN,TRAIN,no,v40c_03418,no,yes,no,
orig_006217,original_phash,,,,nframe_04389,nframe_04391,TRAIN,TRAIN,no,v40c_03418,no,yes,no,
orig_006218,original_phash,,,,nframe_04390,nframe_04391,TRAIN,TRAIN,no,v40c_03418,no,yes,no,
orig_006219,original_phash,,,,nframe_04401,nframe_04402,TRAIN,TRAIN,no,v40c_03428,no,yes,no,
orig_006220,original_exact,,,,nframe_04403,nframe_04404,TRAIN,TRAIN,no,v40c_03429,yes,yes,yes,
orig_006221,original_exact,,,,nframe_04405,nframe_04406,TRAIN,TRAIN,no,v40c_03430,yes,yes,yes,
orig_006222,original_phash,,,,nframe_04411,nframe_04412,TRAIN,TRAIN,no,v40c_03435,no,yes,no,
orig_006223,original_phash,,,,nframe_04414,nframe_04415,TRAIN,TRAIN,no,v40c_03437,no,yes,no,
orig_006224,original_phash,,,,nframe_04415,nframe_04416,TRAIN,TRAIN,no,v40c_03437,no,yes,no,
orig_006225,original_exact,,,,nframe_04418,nframe_04419,TRAIN,TRAIN,no,v40c_03439,yes,yes,yes,
orig_006226,original_phash,,,,nframe_04423,nframe_04424,TRAIN,TRAIN,no,v40c_03443,no,yes,no,
orig_006227,original_phash,,,,nframe_04442,nframe_04443,TRAIN,TRAIN,no,v40c_03460,no,yes,no,
orig_006228,original_phash,,,,nframe_04443,nframe_04444,TRAIN,TRAIN,no,v40c_03460,no,yes,yes,
orig_006229,original_dhash,,,,nframe_04443,nframe_04445,TRAIN,TRAIN,no,v40c_03460,no,no,yes,
orig_006230,original_dhash,,,,nframe_04444,nframe_04445,TRAIN,TRAIN,no,v40c_03460,no,no,yes,
orig_006231,original_phash,,,,nframe_04445,nframe_04446,TRAIN,TRAIN,no,v40c_03460,no,yes,no,
orig_006232,original_phash,,,,nframe_04447,nframe_04449,TRAIN,TRAIN,no,v40c_03461,no,yes,no,
orig_006233,original_dhash,,,,nframe_04449,nframe_04450,TRAIN,TRAIN,no,v40c_03461,no,no,yes,
orig_006234,original_phash,,,,nframe_04453,nframe_04454,TRAIN,TRAIN,no,v40c_03465,no,yes,no,
orig_006235,original_phash,,,,nframe_04453,nframe_04455,TRAIN,TRAIN,no,v40c_03465,no,yes,no,
orig_006236,original_phash,,,,nframe_04454,nframe_04455,TRAIN,TRAIN,no,v40c_03465,no,yes,no,
orig_006237,original_phash,,,,nframe_04455,nframe_04456,TRAIN,TRAIN,no,v40c_03465,no,yes,no,
orig_006238,original_phash,,,,nframe_04456,nframe_04457,TRAIN,TRAIN,no,v40c_03465,no,yes,no,
orig_006239,original_dhash,,,,nframe_04461,nframe_04462,TRAIN,TRAIN,no,v40c_03469,no,no,yes,
orig_006240,original_phash,,,,nframe_04461,nframe_04465,TRAIN,TRAIN,no,v40c_03469,no,yes,no,
orig_006241,original_dhash,,,,nframe_04464,nframe_04465,TRAIN,TRAIN,no,v40c_03469,no,no,yes,
orig_006242,original_phash,,,,nframe_04467,nframe_04468,TRAIN,TRAIN,no,v40c_03472,no,yes,no,
orig_006243,original_phash,,,,nframe_04469,nframe_04470,TRAIN,TRAIN,no,v40c_03473,no,yes,no,
orig_006244,original_phash,,,,nframe_04469,nframe_04471,TRAIN,TRAIN,no,v40c_03473,no,yes,no,
orig_006245,original_phash,,,,nframe_04470,nframe_04471,TRAIN,TRAIN,no,v40c_03473,no,yes,no,
orig_006246,original_phash,,,,nframe_04474,nframe_04475,TRAIN,TRAIN,no,v40c_03476,no,yes,no,
orig_006247,original_phash,,,,nframe_04474,nframe_04476,TRAIN,TRAIN,no,v40c_03476,no,yes,no,
orig_006248,original_exact,,,,nframe_04475,nframe_04476,TRAIN,TRAIN,no,v40c_03476,yes,yes,yes,
orig_006249,original_dhash,,,,nframe_04475,nframe_04477,TRAIN,TRAIN,no,v40c_03476,no,no,yes,
orig_006250,original_dhash,,,,nframe_04476,nframe_04477,TRAIN,TRAIN,no,v40c_03476,no,no,yes,
orig_006251,original_phash,,,,nframe_04478,nframe_04479,TRAIN,TRAIN,no,v40c_03477,no,yes,no,
orig_006252,original_phash,,,,nframe_04478,nframe_04480,TRAIN,TRAIN,no,v40c_03477,no,yes,no,
orig_006253,original_phash,,,,nframe_04479,nframe_04480,TRAIN,TRAIN,no,v40c_03477,no,yes,no,
orig_006254,original_phash,,,,nframe_04481,nframe_04482,TRAIN,TRAIN,no,v40c_03478,no,yes,no,
orig_006255,original_phash,,,,nframe_04482,nframe_04483,TRAIN,TRAIN,no,v40c_03478,no,yes,no,
orig_006256,original_phash,,,,nframe_04482,nframe_04484,TRAIN,TRAIN,no,v40c_03478,no,yes,no,
orig_006257,original_phash,,,,nframe_04482,nframe_04485,TRAIN,TRAIN,no,v40c_03478,no,yes,no,
orig_006258,original_exact,,,,nframe_04484,nframe_04485,TRAIN,TRAIN,no,v40c_03478,yes,yes,yes,
orig_006259,original_dhash,,,,nframe_04490,nframe_04491,TRAIN,TRAIN,no,v40c_03483,no,no,yes,
orig_006260,original_phash,,,,nframe_04490,nframe_04498,TRAIN,TRAIN,no,v40c_03483,no,yes,no,
orig_006261,original_phash,,,,nframe_04492,nframe_04499,TRAIN,TRAIN,no,v40c_03484,no,yes,no,
orig_006262,original_phash,,,,nframe_04493,nframe_04497,TRAIN,TRAIN,no,v40c_03483,no,yes,no,
orig_006263,original_exact,,,,nframe_04495,nframe_04496,TRAIN,TRAIN,no,v40c_03486,yes,yes,yes,
orig_006264,original_phash,,,,nframe_04497,nframe_04498,TRAIN,TRAIN,no,v40c_03483,no,yes,no,
orig_006265,original_phash,,,,nframe_04501,nframe_04502,TRAIN,TRAIN,no,v40c_03488,no,yes,no,
orig_006266,original_phash,,,,nframe_04508,nframe_04509,TRAIN,TRAIN,no,v40c_03494,no,yes,no,
orig_006267,original_phash,,,,nframe_04508,nframe_04511,TRAIN,TRAIN,no,v40c_03494,no,yes,no,
orig_006268,original_phash,,,,nframe_04508,nframe_04512,TRAIN,TRAIN,no,v40c_03494,no,yes,no,
orig_006269,original_phash,,,,nframe_04509,nframe_04511,TRAIN,TRAIN,no,v40c_03494,no,yes,no,
orig_006270,original_phash,,,,nframe_04509,nframe_04512,TRAIN,TRAIN,no,v40c_03494,no,yes,no,
orig_006271,original_exact,,,,nframe_04511,nframe_04512,TRAIN,TRAIN,no,v40c_03494,yes,yes,yes,
orig_006272,original_dhash,,,,nframe_04514,nframe_04517,TRAIN,TRAIN,no,v40c_03497,no,no,yes,
orig_006273,original_dhash,,,,nframe_04515,nframe_04516,TRAIN,TRAIN,no,v40c_03497,no,no,yes,
orig_006274,original_phash,,,,nframe_04515,nframe_04517,TRAIN,TRAIN,no,v40c_03497,no,yes,yes,
orig_006275,original_phash,,,,nframe_04516,nframe_04517,TRAIN,TRAIN,no,v40c_03497,no,yes,yes,
orig_006276,original_phash,,,,nframe_04520,nframe_04521,TRAIN,TRAIN,no,v40c_03500,no,yes,no,
orig_006277,original_exact,,,,nframe_04522,nframe_04523,TRAIN,TRAIN,no,v40c_03501,yes,yes,yes,
orig_006278,original_dhash,,,,nframe_04524,nframe_04525,TRAIN,TRAIN,no,v40c_03502,no,no,yes,
orig_006279,original_phash,,,,nframe_04526,nframe_04527,TRAIN,TRAIN,no,v40c_03503,no,yes,no,
orig_006280,original_phash,,,,nframe_04555,nframe_04556,VALIDATION,VALIDATION,no,v40c_03515,no,yes,no,
orig_006281,original_phash,,,,nframe_04558,nframe_04561,VALIDATION,VALIDATION,no,v40c_03517,no,yes,no,
orig_006282,original_phash,,,,nframe_04558,nframe_04562,VALIDATION,VALIDATION,no,v40c_03517,no,yes,no,
orig_006283,original_phash,,,,nframe_04558,nframe_04563,VALIDATION,VALIDATION,no,v40c_03517,no,yes,no,
orig_006284,original_phash,,,,nframe_04558,nframe_04564,VALIDATION,VALIDATION,no,v40c_03517,no,yes,no,
orig_006285,original_phash,,,,nframe_04558,nframe_04566,VALIDATION,VALIDATION,no,v40c_03517,no,yes,no,
orig_006286,original_phash,,,,nframe_04560,nframe_04561,VALIDATION,VALIDATION,no,v40c_03517,no,yes,no,
orig_006287,original_phash,,,,nframe_04561,nframe_04562,VALIDATION,VALIDATION,no,v40c_03517,no,yes,no,
orig_006288,original_phash,,,,nframe_04561,nframe_04563,VALIDATION,VALIDATION,no,v40c_03517,no,yes,no,
orig_006289,original_phash,,,,nframe_04561,nframe_04564,VALIDATION,VALIDATION,no,v40c_03517,no,yes,no,
orig_006290,original_phash,,,,nframe_04561,nframe_04566,VALIDATION,VALIDATION,no,v40c_03517,no,yes,no,
orig_006291,original_phash,,,,nframe_04562,nframe_04563,VALIDATION,VALIDATION,no,v40c_03517,no,yes,no,
orig_006292,original_phash,,,,nframe_04562,nframe_04564,VALIDATION,VALIDATION,no,v40c_03517,no,yes,no,
orig_006293,original_phash,,,,nframe_04562,nframe_04566,VALIDATION,VALIDATION,no,v40c_03517,no,yes,no,
orig_006294,original_exact,,,,nframe_04563,nframe_04564,VALIDATION,VALIDATION,no,v40c_03517,yes,yes,yes,
orig_006295,original_phash,,,,nframe_04563,nframe_04566,VALIDATION,VALIDATION,no,v40c_03517,no,yes,no,
orig_006296,original_phash,,,,nframe_04564,nframe_04566,VALIDATION,VALIDATION,no,v40c_03517,no,yes,no,
orig_006297,original_phash,,,,nframe_04575,nframe_04576,VALIDATION,VALIDATION,no,v40c_03528,no,yes,no,
orig_006298,original_exact,,,,nframe_04577,nframe_04578,VALIDATION,VALIDATION,no,v40c_03529,yes,yes,yes,
orig_006299,original_exact,,,,nframe_04604,nframe_04605,VALIDATION,VALIDATION,no,v40c_03543,yes,yes,yes,
orig_006300,original_exact,,,,nframe_04679,nframe_04680,TRAIN,TRAIN,no,v40c_03547,yes,yes,yes,
orig_006301,original_phash,,,,nframe_04698,nframe_04699,TRAIN,TRAIN,no,v40c_03558,no,yes,no,
orig_006302,original_phash,,,,nframe_04701,nframe_04702,TRAIN,TRAIN,no,v40c_03560,no,yes,no,
orig_006303,original_phash,,,,nframe_04702,nframe_04703,TRAIN,TRAIN,no,v40c_03560,no,yes,no,
orig_006304,original_phash,,,,nframe_04703,nframe_04704,TRAIN,TRAIN,no,v40c_03560,no,yes,no,
orig_006305,original_exact,,,,nframe_04706,nframe_04707,TRAIN,TRAIN,no,v40c_03562,yes,yes,yes,
orig_006306,original_phash,,,,nframe_04710,nframe_04711,TRAIN,TRAIN,no,v40c_03565,no,yes,no,
orig_006307,original_phash,,,,nframe_04711,nframe_04712,TRAIN,TRAIN,no,v40c_03565,no,yes,no,
orig_006308,original_phash,,,,nframe_04715,nframe_04716,TRAIN,TRAIN,no,v40c_03568,no,yes,no,
orig_006309,original_phash,,,,nframe_04715,nframe_04717,TRAIN,TRAIN,no,v40c_03568,no,yes,no,
orig_006310,original_exact,,,,nframe_04716,nframe_04717,TRAIN,TRAIN,no,v40c_03568,yes,yes,yes,
orig_006311,original_phash,,,,nframe_04718,nframe_04719,TRAIN,TRAIN,no,v40c_03569,no,yes,no,
orig_006312,original_phash,,,,nframe_04737,nframe_04738,VALIDATION,VALIDATION,no,v40c_03571,no,yes,no,
orig_006313,original_phash,,,,nframe_04741,nframe_04742,VALIDATION,VALIDATION,no,v40c_03574,no,yes,no,
orig_006314,original_phash,,,,nframe_04743,nframe_04744,VALIDATION,VALIDATION,no,v40c_03575,no,yes,no,
orig_006315,original_phash,,,,nframe_04746,nframe_04747,VALIDATION,VALIDATION,no,v40c_03576,no,yes,no,
orig_006316,original_phash,,,,nframe_04753,nframe_04754,VALIDATION,VALIDATION,no,v40c_03576,no,yes,no,
orig_006317,original_phash,,,,nframe_04753,nframe_04755,VALIDATION,VALIDATION,no,v40c_03576,no,yes,no,
orig_006318,original_exact,,,,nframe_04754,nframe_04755,VALIDATION,VALIDATION,no,v40c_03576,yes,yes,yes,
orig_006319,original_phash,,,,nframe_04754,nframe_04756,VALIDATION,VALIDATION,no,v40c_03576,no,yes,no,
orig_006320,original_phash,,,,nframe_04755,nframe_04756,VALIDATION,VALIDATION,no,v40c_03576,no,yes,no,
orig_006321,original_phash,,,,nframe_04756,nframe_04757,VALIDATION,VALIDATION,no,v40c_03576,no,yes,no,
orig_006322,original_phash,,,,nframe_04761,nframe_04762,TRAIN,TRAIN,no,v40c_03576,no,yes,no,
orig_006323,original_phash,,,,nframe_04761,nframe_04763,TRAIN,TRAIN,no,v40c_03576,no,yes,no,
orig_006324,original_phash,,,,nframe_04762,nframe_04763,TRAIN,TRAIN,no,v40c_03576,no,yes,no,
orig_006325,original_exact,,,,nframe_04764,nframe_04765,VALIDATION,VALIDATION,no,v40c_03576,yes,yes,yes,
orig_006326,original_exact,,,,nframe_04792,nframe_04793,VALIDATION,VALIDATION,no,v40c_03589,yes,yes,yes,
orig_006327,original_phash,,,,nframe_04816,nframe_04950,TRAIN,TRAIN,no,v40c_03595,no,yes,no,
orig_006328,original_exact,,,,nframe_04817,nframe_04818,TRAIN,TRAIN,no,v40c_03596,yes,yes,yes,
orig_006329,original_phash,,,,nframe_04819,nframe_04821,TRAIN,TRAIN,no,v40c_03597,no,yes,no,
orig_006330,original_phash,,,,nframe_04831,nframe_04832,TRAIN,TRAIN,no,v40c_03603,no,yes,no,
orig_006331,original_phash,,,,nframe_04842,nframe_04843,TRAIN,TRAIN,no,v40c_03613,no,yes,no,
orig_006332,original_phash,,,,nframe_04843,nframe_04844,TRAIN,TRAIN,no,v40c_03613,no,yes,no,
orig_006333,original_phash,,,,nframe_04845,nframe_04846,TRAIN,TRAIN,no,v40c_03614,no,yes,no,
orig_006334,original_phash,,,,nframe_04846,nframe_04847,TRAIN,TRAIN,no,v40c_03614,no,yes,no,
orig_006335,original_exact,,,,nframe_04872,nframe_04873,VALIDATION,VALIDATION,no,v40c_03623,yes,yes,yes,
orig_006336,original_phash,,,,nframe_04878,nframe_04879,VALIDATION,VALIDATION,no,v40c_03628,no,yes,no,
orig_006337,original_exact,,,,nframe_04880,nframe_04881,VALIDATION,VALIDATION,no,v40c_03629,yes,yes,yes,
orig_006338,original_phash,,,,nframe_04886,nframe_04887,VALIDATION,VALIDATION,no,v40c_03634,no,yes,no,
orig_006339,original_phash,,,,nframe_04956,nframe_04957,TRAIN,TRAIN,no,v40c_03662,no,yes,no,
orig_006340,original_exact,,,,nframe_04979,nframe_04980,TRAIN,TRAIN,no,v40c_03684,yes,yes,yes,
orig_006341,original_exact,,,,nframe_05001,nframe_05002,TRAIN,TRAIN,no,v40c_03704,yes,yes,yes,
orig_006342,original_exact,,,,nframe_05003,nframe_05004,TRAIN,TRAIN,no,v40c_03705,yes,yes,yes,
orig_006343,original_exact,,,,nframe_05035,nframe_05036,TRAIN,TRAIN,no,v40c_03736,yes,yes,yes,
orig_006344,original_phash,,,,nframe_05041,nframe_05042,TRAIN,TRAIN,no,v40c_03741,no,yes,no,
orig_006345,original_phash,,,,nframe_05047,nframe_05048,TRAIN,TRAIN,no,v40c_03746,no,yes,no,
orig_006346,original_exact,,,,nframe_05051,nframe_05052,TRAIN,TRAIN,no,v40c_03749,yes,yes,yes,
orig_006347,original_exact,,,,nframe_05053,nframe_05054,TRAIN,TRAIN,no,v40c_03750,yes,yes,yes,
orig_006348,original_phash,,,,nframe_05067,nframe_05068,TRAIN,TRAIN,no,v40c_03763,no,yes,no,
orig_006349,original_phash,,,,nframe_05073,nframe_05074,TRAIN,TRAIN,no,v40c_03768,no,yes,no,
orig_006350,original_phash,,,,nframe_05077,nframe_05078,TRAIN,TRAIN,no,v40c_03771,no,yes,no,
orig_006351,original_phash,,,,nframe_05078,nframe_05079,TRAIN,TRAIN,no,v40c_03771,no,yes,no,
orig_006352,original_exact,,,,nframe_05084,nframe_05085,TRAIN,TRAIN,no,v40c_03776,yes,yes,yes,
orig_006353,original_phash,,,,nframe_05092,nframe_05093,TRAIN,TRAIN,no,v40c_03783,no,yes,no,
orig_006354,original_phash,,,,nframe_05093,nframe_05094,TRAIN,TRAIN,no,v40c_03783,no,yes,no,
orig_006355,original_exact,,,,nframe_05096,nframe_05097,TRAIN,TRAIN,no,v40c_03785,yes,yes,yes,
orig_006356,original_dhash,,,,nframe_05110,nframe_05111,TRAIN,TRAIN,no,v40c_03798,no,no,yes,
orig_006357,original_phash,,,,nframe_05118,nframe_05119,TRAIN,TRAIN,no,v40c_03805,no,yes,no,
orig_006358,original_phash,,,,nframe_05118,nframe_05120,TRAIN,TRAIN,no,v40c_03805,no,yes,no,
orig_006359,original_phash,,,,nframe_05119,nframe_05120,TRAIN,TRAIN,no,v40c_03805,no,yes,no,
orig_006360,original_exact,,,,nframe_05121,nframe_05122,TRAIN,TRAIN,no,v40c_03806,yes,yes,yes,
orig_006361,original_phash,,,,nframe_05121,nframe_05123,TRAIN,TRAIN,no,v40c_03806,no,yes,no,
orig_006362,original_phash,,,,nframe_05122,nframe_05123,TRAIN,TRAIN,no,v40c_03806,no,yes,no,
orig_006363,original_phash,,,,nframe_05123,nframe_05124,TRAIN,TRAIN,no,v40c_03806,no,yes,no,
orig_006364,original_phash,,,,nframe_05126,nframe_05127,TRAIN,TRAIN,no,v40c_03808,no,yes,no,
orig_006365,original_phash,,,,nframe_05127,nframe_05128,TRAIN,TRAIN,no,v40c_03808,no,yes,no,
orig_006366,original_phash,,,,nframe_05127,nframe_05129,TRAIN,TRAIN,no,v40c_03808,no,yes,no,
orig_006367,original_phash,,,,nframe_05127,nframe_05130,TRAIN,TRAIN,no,v40c_03808,no,yes,no,
orig_006368,original_phash,,,,nframe_05128,nframe_05129,TRAIN,TRAIN,no,v40c_03808,no,yes,no,
orig_006369,original_phash,,,,nframe_05128,nframe_05130,TRAIN,TRAIN,no,v40c_03808,no,yes,no,
orig_006370,original_phash,,,,nframe_05129,nframe_05130,TRAIN,TRAIN,no,v40c_03808,no,yes,no,
orig_006371,original_phash,,,,nframe_05132,nframe_05134,TRAIN,TRAIN,no,v40c_03810,no,yes,no,
orig_006372,original_phash,,,,nframe_05134,nframe_05135,TRAIN,TRAIN,no,v40c_03810,no,yes,no,
orig_006373,original_phash,,,,nframe_05137,nframe_05138,TRAIN,TRAIN,no,v40c_03813,no,yes,no,
orig_006374,original_phash,,,,nframe_05140,nframe_05141,TRAIN,TRAIN,no,v40c_03815,no,yes,no,
orig_006375,original_phash,,,,nframe_05140,nframe_05142,TRAIN,TRAIN,no,v40c_03815,no,yes,no,
orig_006376,original_phash,,,,nframe_05140,nframe_05143,TRAIN,TRAIN,no,v40c_03815,no,yes,no,
orig_006377,original_phash,,,,nframe_05141,nframe_05142,TRAIN,TRAIN,no,v40c_03815,no,yes,no,
orig_006378,original_phash,,,,nframe_05141,nframe_05143,TRAIN,TRAIN,no,v40c_03815,no,yes,no,
orig_006379,original_phash,,,,nframe_05142,nframe_05143,TRAIN,TRAIN,no,v40c_03815,no,yes,no,
orig_006380,original_phash,,,,nframe_05143,nframe_05144,TRAIN,TRAIN,no,v40c_03815,no,yes,no,
orig_006381,original_phash,,,,nframe_05149,nframe_05150,TRAIN,TRAIN,no,v40c_03820,no,yes,no,
orig_006382,original_phash,,,,nframe_05150,nframe_05151,TRAIN,TRAIN,no,v40c_03820,no,yes,yes,
orig_006383,original_phash,,,,nframe_05150,nframe_05152,TRAIN,TRAIN,no,v40c_03820,no,yes,no,
orig_006384,original_phash,,,,nframe_05153,nframe_05154,TRAIN,TRAIN,no,v40c_03821,no,yes,no,
orig_006385,original_phash,,,,nframe_05153,nframe_05155,TRAIN,TRAIN,no,v40c_03821,no,yes,no,
orig_006386,original_phash,,,,nframe_05154,nframe_05155,TRAIN,TRAIN,no,v40c_03821,no,yes,yes,
orig_006387,original_dhash,,,,nframe_05154,nframe_05156,TRAIN,TRAIN,no,v40c_03821,no,no,yes,
orig_006388,original_phash,,,,nframe_05155,nframe_05156,TRAIN,TRAIN,no,v40c_03821,no,yes,yes,
orig_006389,original_phash,,,,nframe_05159,nframe_05160,TRAIN,TRAIN,no,v40c_03824,no,yes,no,
orig_006390,original_dhash,,,,nframe_05164,nframe_05165,TRAIN,TRAIN,no,v40c_03828,no,no,yes,
orig_006391,original_phash,,,,nframe_05164,nframe_05168,TRAIN,TRAIN,no,v40c_03828,no,yes,no,
orig_006392,original_phash,,,,nframe_05164,nframe_05169,TRAIN,TRAIN,no,v40c_03828,no,yes,no,
orig_006393,original_phash,,,,nframe_05165,nframe_05166,TRAIN,TRAIN,no,v40c_03828,no,yes,no,
orig_006394,original_phash,,,,nframe_05165,nframe_05167,TRAIN,TRAIN,no,v40c_03828,no,yes,no,
orig_006395,original_phash,,,,nframe_05165,nframe_05170,TRAIN,TRAIN,no,v40c_03828,no,yes,no,
orig_006396,original_exact,,,,nframe_05166,nframe_05167,TRAIN,TRAIN,no,v40c_03828,yes,yes,yes,
orig_006397,original_phash,,,,nframe_05166,nframe_05170,TRAIN,TRAIN,no,v40c_03828,no,yes,no,
orig_006398,original_phash,,,,nframe_05167,nframe_05170,TRAIN,TRAIN,no,v40c_03828,no,yes,no,
orig_006399,original_phash,,,,nframe_05168,nframe_05169,TRAIN,TRAIN,no,v40c_03828,no,yes,yes,
orig_006400,original_exact,,,,nframe_05171,nframe_05172,TRAIN,TRAIN,no,v40c_03829,yes,yes,yes,
orig_006401,original_phash,,,,nframe_05174,nframe_05175,TRAIN,TRAIN,no,v40c_03831,no,yes,no,
orig_006402,original_phash,,,,nframe_05174,nframe_05176,TRAIN,TRAIN,no,v40c_03831,no,yes,no,
orig_006403,original_phash,,,,nframe_05175,nframe_05176,TRAIN,TRAIN,no,v40c_03831,no,yes,no,
orig_006404,original_phash,,,,nframe_05176,nframe_05177,TRAIN,TRAIN,no,v40c_03831,no,yes,no,
orig_006405,original_phash,,,,nframe_05176,nframe_05178,TRAIN,TRAIN,no,v40c_03831,no,yes,no,
orig_006406,original_phash,,,,nframe_05176,nframe_05179,TRAIN,TRAIN,no,v40c_03831,no,yes,no,
orig_006407,original_dhash,,,,nframe_05177,nframe_05178,TRAIN,TRAIN,no,v40c_03831,no,no,yes,
orig_006408,original_dhash,,,,nframe_05177,nframe_05179,TRAIN,TRAIN,no,v40c_03831,no,no,yes,
orig_006409,original_exact,,,,nframe_05178,nframe_05179,TRAIN,TRAIN,no,v40c_03831,yes,yes,yes,
orig_006410,original_exact,,,,nframe_05180,nframe_05181,TRAIN,TRAIN,no,v40c_03832,yes,yes,yes,
orig_006411,original_phash,,,,nframe_05184,nframe_05185,TRAIN,TRAIN,no,v40c_03835,no,yes,no,
orig_006412,original_dhash,,,,nframe_05185,nframe_05190,TRAIN,TRAIN,no,v40c_03835,no,no,yes,
orig_006413,original_phash,,,,nframe_05186,nframe_05191,TRAIN,TRAIN,no,v40c_03836,no,yes,no,
orig_006414,original_phash,,,,nframe_05186,nframe_05192,TRAIN,TRAIN,no,v40c_03836,no,yes,no,
orig_006415,original_phash,,,,nframe_05186,nframe_05193,TRAIN,TRAIN,no,v40c_03836,no,yes,no,
orig_006416,original_phash,,,,nframe_05187,nframe_05188,TRAIN,TRAIN,no,v40c_03835,no,yes,no,
orig_006417,original_phash,,,,nframe_05188,nframe_05189,TRAIN,TRAIN,no,v40c_03835,no,yes,no,
orig_006418,original_phash,,,,nframe_05188,nframe_05190,TRAIN,TRAIN,no,v40c_03835,no,yes,no,
orig_006419,original_phash,,,,nframe_05189,nframe_05190,TRAIN,TRAIN,no,v40c_03835,no,yes,no,
orig_006420,original_exact,,,,nframe_05191,nframe_05192,TRAIN,TRAIN,no,v40c_03836,yes,yes,yes,
orig_006421,original_dhash,,,,nframe_05194,nframe_05196,TRAIN,TRAIN,no,v40c_03837,no,no,yes,
orig_006422,original_phash,,,,nframe_05196,nframe_05197,TRAIN,TRAIN,no,v40c_03837,no,yes,yes,
orig_006423,original_phash,,,,nframe_05198,nframe_05199,TRAIN,TRAIN,no,v40c_03838,no,yes,no,
orig_006424,original_phash,,,,nframe_05200,nframe_05201,TRAIN,TRAIN,no,v40c_03839,no,yes,no,
orig_006425,original_phash,,,,nframe_05202,nframe_05203,TRAIN,TRAIN,no,v40c_03840,no,yes,no,
orig_006426,original_phash,,,,nframe_05208,nframe_05209,TRAIN,TRAIN,no,v40c_03845,no,yes,no,
orig_006427,original_phash,,,,nframe_05214,nframe_05215,TRAIN,TRAIN,no,v40c_03849,no,yes,no,
orig_006428,original_phash,,,,nframe_05222,nframe_05223,TRAIN,TRAIN,no,v40c_03855,no,yes,no,
orig_006429,original_phash,,,,nframe_05229,nframe_05230,TRAIN,TRAIN,no,v40c_03861,no,yes,no,
orig_006430,original_phash,,,,nframe_05230,nframe_05232,TRAIN,TRAIN,no,v40c_03861,no,yes,no,
orig_006431,original_phash,,,,nframe_05232,nframe_05233,TRAIN,TRAIN,no,v40c_03861,no,yes,yes,
orig_006432,original_phash,,,,nframe_05232,nframe_05234,TRAIN,TRAIN,no,v40c_03861,no,yes,yes,
orig_006433,original_exact,,,,nframe_05233,nframe_05234,TRAIN,TRAIN,no,v40c_03861,yes,yes,yes,
orig_006434,original_phash,,,,nframe_05233,nframe_05236,TRAIN,TRAIN,no,v40c_03861,no,yes,no,
orig_006435,original_phash,,,,nframe_05234,nframe_05236,TRAIN,TRAIN,no,v40c_03861,no,yes,no,
orig_006436,original_phash,,,,nframe_05237,nframe_05238,TRAIN,TRAIN,no,v40c_03864,no,yes,no,
orig_006437,original_exact,,,,nframe_05250,nframe_05251,TRAIN,TRAIN,no,v40c_03876,yes,yes,yes,
orig_006438,original_exact,,,,nframe_05255,nframe_05256,TRAIN,TRAIN,no,v40c_03880,yes,yes,yes,
orig_006439,original_phash,,,,nframe_05255,nframe_05257,TRAIN,TRAIN,no,v40c_03880,no,yes,no,
orig_006440,original_phash,,,,nframe_05256,nframe_05257,TRAIN,TRAIN,no,v40c_03880,no,yes,no,
orig_006441,original_phash,,,,nframe_05260,nframe_05261,TRAIN,TRAIN,no,v40c_03883,no,yes,no,
orig_006442,original_exact,,,,nframe_05262,nframe_05263,TRAIN,TRAIN,no,v40c_03884,yes,yes,yes,
orig_006443,original_exact,,,,nframe_05268,nframe_05269,TRAIN,TRAIN,no,v40c_03889,yes,yes,yes,
orig_006444,original_phash,,,,nframe_05268,nframe_05270,TRAIN,TRAIN,no,v40c_03889,no,yes,no,
orig_006445,original_phash,,,,nframe_05269,nframe_05270,TRAIN,TRAIN,no,v40c_03889,no,yes,no,
orig_006446,original_phash,,,,nframe_05272,nframe_05273,TRAIN,TRAIN,no,v40c_03891,no,yes,no,
orig_006447,original_dhash,,,,nframe_05275,nframe_05276,TRAIN,TRAIN,no,v40c_03893,no,no,yes,
orig_006448,original_phash,,,,nframe_05276,nframe_05277,TRAIN,TRAIN,no,v40c_03893,no,yes,no,
orig_006449,original_phash,,,,nframe_05278,nframe_05279,TRAIN,TRAIN,no,v40c_03894,no,yes,no,
orig_006450,original_exact,,,,nframe_05280,nframe_05281,TRAIN,TRAIN,no,v40c_03895,yes,yes,yes,
orig_006451,original_exact,,,,nframe_05282,nframe_05283,TRAIN,TRAIN,no,v40c_03896,yes,yes,yes,
orig_006452,original_phash,,,,nframe_05287,nframe_05288,TRAIN,TRAIN,no,v40c_03900,no,yes,no,
orig_006453,original_dhash,,,,nframe_05298,nframe_05334,TRAIN,TRAIN,no,v40c_03910,no,no,yes,
orig_006454,original_dhash,,,,nframe_05298,nframe_05335,TRAIN,TRAIN,no,v40c_03910,no,no,yes,
orig_006455,original_phash,,,,nframe_05307,nframe_05308,TRAIN,TRAIN,no,v40c_03919,no,yes,no,
orig_006456,original_phash,,,,nframe_05307,nframe_05309,TRAIN,TRAIN,no,v40c_03919,no,yes,no,
orig_006457,original_phash,,,,nframe_05312,nframe_05313,TRAIN,TRAIN,no,v40c_03922,no,yes,no,
orig_006458,original_phash,,,,nframe_05316,nframe_05317,TRAIN,TRAIN,no,v40c_03925,no,yes,yes,
orig_006459,original_dhash,,,,nframe_05321,nframe_05322,TRAIN,TRAIN,no,v40c_03929,no,no,yes,
orig_006460,original_phash,,,,nframe_05326,nframe_05327,TRAIN,TRAIN,no,v40c_03933,no,yes,no,
orig_006461,original_phash,,,,nframe_05326,nframe_05382,TRAIN,TRAIN,no,v40c_03933,no,yes,no,
orig_006462,original_phash,,,,nframe_05328,nframe_05379,TRAIN,TRAIN,no,v40c_03933,no,yes,no,
orig_006463,original_phash,,,,nframe_05329,nframe_05330,TRAIN,TRAIN,no,v40c_03910,no,yes,no,
orig_006464,original_phash,,,,nframe_05330,nframe_05331,TRAIN,TRAIN,no,v40c_03910,no,yes,no,
orig_006465,original_phash,,,,nframe_05330,nframe_05340,TRAIN,TRAIN,no,v40c_03910,no,yes,no,
orig_006466,original_phash,,,,nframe_05331,nframe_05332,TRAIN,TRAIN,no,v40c_03910,no,yes,no,
orig_006467,original_phash,,,,nframe_05331,nframe_05333,TRAIN,TRAIN,no,v40c_03910,no,yes,no,
orig_006468,original_phash,,,,nframe_05331,nframe_05334,TRAIN,TRAIN,no,v40c_03910,no,yes,no,
orig_006469,original_phash,,,,nframe_05331,nframe_05339,TRAIN,TRAIN,no,v40c_03910,no,yes,no,
orig_006470,original_phash,,,,nframe_05331,nframe_05340,TRAIN,TRAIN,no,v40c_03910,no,yes,no,
orig_006471,original_phash,,,,nframe_05331,nframe_05341,TRAIN,TRAIN,no,v40c_03910,no,yes,no,
orig_006472,original_phash,,,,nframe_05331,nframe_05342,TRAIN,TRAIN,no,v40c_03910,no,yes,no,
orig_006473,original_phash,,,,nframe_05331,nframe_05343,TRAIN,TRAIN,no,v40c_03910,no,yes,no,
orig_006474,original_phash,,,,nframe_05331,nframe_05349,TRAIN,TRAIN,no,v40c_03910,no,yes,no,
orig_006475,original_phash,,,,nframe_05331,nframe_05350,TRAIN,TRAIN,no,v40c_03910,no,yes,no,
orig_006476,original_phash,,,,nframe_05331,nframe_05351,TRAIN,TRAIN,no,v40c_03910,no,yes,no,
orig_006477,original_phash,,,,nframe_05331,nframe_05365,TRAIN,TRAIN,no,v40c_03910,no,yes,no,
orig_006478,original_phash,,,,nframe_05331,nframe_05368,TRAIN,TRAIN,no,v40c_03910,no,yes,no,
orig_006479,original_phash,,,,nframe_05331,nframe_05369,TRAIN,TRAIN,no,v40c_03910,no,yes,no,
orig_006480,original_phash,,,,nframe_05331,nframe_05370,TRAIN,TRAIN,no,v40c_03910,no,yes,no,
orig_006481,original_phash,,,,nframe_05331,nframe_05371,TRAIN,TRAIN,no,v40c_03910,no,yes,no,
orig_006482,original_phash,,,,nframe_05331,nframe_05372,TRAIN,TRAIN,no,v40c_03910,no,yes,no,
orig_006483,original_phash,,,,nframe_05331,nframe_05373,TRAIN,TRAIN,no,v40c_03910,no,yes,no,
orig_006484,original_exact,,,,nframe_05332,nframe_05333,TRAIN,TRAIN,no,v40c_03910,yes,yes,yes,
orig_006485,original_phash,,,,nframe_05332,nframe_05334,TRAIN,TRAIN,no,v40c_03910,no,yes,no,
orig_006486,original_phash,,,,nframe_05332,nframe_05335,TRAIN,TRAIN,no,v40c_03910,no,yes,no,
orig_006487,original_phash,,,,nframe_05332,nframe_05336,TRAIN,TRAIN,no,v40c_03910,no,yes,no,
orig_006488,original_phash,,,,nframe_05332,nframe_05337,TRAIN,TRAIN,no,v40c_03910,no,yes,no,
orig_006489,original_phash,,,,nframe_05332,nframe_05338,TRAIN,TRAIN,no,v40c_03910,no,yes,no,
orig_006490,original_phash,,,,nframe_05332,nframe_05339,TRAIN,TRAIN,no,v40c_03910,no,yes,no,
orig_006491,original_phash,,,,nframe_05332,nframe_05340,TRAIN,TRAIN,no,v40c_03910,no,yes,no,
orig_006492,original_phash,,,,nframe_05333,nframe_05334,TRAIN,TRAIN,no,v40c_03910,no,yes,no,
orig_006493,original_phash,,,,nframe_05333,nframe_05335,TRAIN,TRAIN,no,v40c_03910,no,yes,no,
orig_006494,original_phash,,,,nframe_05333,nframe_05336,TRAIN,TRAIN,no,v40c_03910,no,yes,no,
orig_006495,original_phash,,,,nframe_05333,nframe_05337,TRAIN,TRAIN,no,v40c_03910,no,yes,no,
orig_006496,original_phash,,,,nframe_05333,nframe_05338,TRAIN,TRAIN,no,v40c_03910,no,yes,no,
orig_006497,original_phash,,,,nframe_05333,nframe_05339,TRAIN,TRAIN,no,v40c_03910,no,yes,no,
orig_006498,original_phash,,,,nframe_05333,nframe_05340,TRAIN,TRAIN,no,v40c_03910,no,yes,no,
orig_006499,original_phash,,,,nframe_05334,nframe_05335,TRAIN,TRAIN,no,v40c_03910,no,yes,yes,
orig_006500,original_phash,,,,nframe_05334,nframe_05336,TRAIN,TRAIN,no,v40c_03910,no,yes,no,
orig_006501,original_phash,,,,nframe_05334,nframe_05337,TRAIN,TRAIN,no,v40c_03910,no,yes,no,
orig_006502,original_phash,,,,nframe_05334,nframe_05338,TRAIN,TRAIN,no,v40c_03910,no,yes,no,
orig_006503,original_phash,,,,nframe_05334,nframe_05339,TRAIN,TRAIN,no,v40c_03910,no,yes,no,
orig_006504,original_phash,,,,nframe_05334,nframe_05340,TRAIN,TRAIN,no,v40c_03910,no,yes,no,
orig_006505,original_phash,,,,nframe_05335,nframe_05336,TRAIN,TRAIN,no,v40c_03910,no,yes,no,
orig_006506,original_phash,,,,nframe_05335,nframe_05337,TRAIN,TRAIN,no,v40c_03910,no,yes,no,
orig_006507,original_phash,,,,nframe_05335,nframe_05338,TRAIN,TRAIN,no,v40c_03910,no,yes,no,
orig_006508,original_phash,,,,nframe_05335,nframe_05339,TRAIN,TRAIN,no,v40c_03910,no,yes,no,
orig_006509,original_phash,,,,nframe_05336,nframe_05337,TRAIN,TRAIN,no,v40c_03910,no,yes,no,
orig_006510,original_phash,,,,nframe_05336,nframe_05338,TRAIN,TRAIN,no,v40c_03910,no,yes,no,
orig_006511,original_phash,,,,nframe_05336,nframe_05339,TRAIN,TRAIN,no,v40c_03910,no,yes,no,
orig_006512,original_exact,,,,nframe_05337,nframe_05338,TRAIN,TRAIN,no,v40c_03910,yes,yes,yes,
orig_006513,original_phash,,,,nframe_05337,nframe_05339,TRAIN,TRAIN,no,v40c_03910,no,yes,no,
orig_006514,original_phash,,,,nframe_05338,nframe_05339,TRAIN,TRAIN,no,v40c_03910,no,yes,no,
orig_006515,original_phash,,,,nframe_05339,nframe_05340,TRAIN,TRAIN,no,v40c_03910,no,yes,no,
orig_006516,original_phash,,,,nframe_05339,nframe_05341,TRAIN,TRAIN,no,v40c_03910,no,yes,no,
orig_006517,original_phash,,,,nframe_05340,nframe_05341,TRAIN,TRAIN,no,v40c_03910,no,yes,no,
orig_006518,original_phash,,,,nframe_05340,nframe_05342,TRAIN,TRAIN,no,v40c_03910,no,yes,no,
orig_006519,original_phash,,,,nframe_05340,nframe_05343,TRAIN,TRAIN,no,v40c_03910,no,yes,no,
orig_006520,original_phash,,,,nframe_05340,nframe_05349,TRAIN,TRAIN,no,v40c_03910,no,yes,no,
orig_006521,original_phash,,,,nframe_05340,nframe_05350,TRAIN,TRAIN,no,v40c_03910,no,yes,no,
orig_006522,original_phash,,,,nframe_05340,nframe_05351,TRAIN,TRAIN,no,v40c_03910,no,yes,no,
orig_006523,original_phash,,,,nframe_05340,nframe_05365,TRAIN,TRAIN,no,v40c_03910,no,yes,no,
orig_006524,original_phash,,,,nframe_05340,nframe_05368,TRAIN,TRAIN,no,v40c_03910,no,yes,no,
orig_006525,original_phash,,,,nframe_05340,nframe_05369,TRAIN,TRAIN,no,v40c_03910,no,yes,no,
orig_006526,original_phash,,,,nframe_05340,nframe_05370,TRAIN,TRAIN,no,v40c_03910,no,yes,no,
orig_006527,original_phash,,,,nframe_05340,nframe_05371,TRAIN,TRAIN,no,v40c_03910,no,yes,no,
orig_006528,original_phash,,,,nframe_05340,nframe_05372,TRAIN,TRAIN,no,v40c_03910,no,yes,no,
orig_006529,original_phash,,,,nframe_05340,nframe_05373,TRAIN,TRAIN,no,v40c_03910,no,yes,no,
orig_006530,original_phash,,,,nframe_05341,nframe_05342,TRAIN,TRAIN,no,v40c_03910,no,yes,no,
orig_006531,original_phash,,,,nframe_05341,nframe_05343,TRAIN,TRAIN,no,v40c_03910,no,yes,no,
orig_006532,original_phash,,,,nframe_05341,nframe_05345,TRAIN,TRAIN,no,v40c_03910,no,yes,no,
orig_006533,original_phash,,,,nframe_05341,nframe_05346,TRAIN,TRAIN,no,v40c_03910,no,yes,no,
orig_006534,original_phash,,,,nframe_05341,nframe_05347,TRAIN,TRAIN,no,v40c_03910,no,yes,no,
orig_006535,original_phash,,,,nframe_05341,nframe_05348,TRAIN,TRAIN,no,v40c_03910,no,yes,no,
orig_006536,original_phash,,,,nframe_05341,nframe_05349,TRAIN,TRAIN,no,v40c_03910,no,yes,no,
orig_006537,original_phash,,,,nframe_05341,nframe_05350,TRAIN,TRAIN,no,v40c_03910,no,yes,no,
orig_006538,original_phash,,,,nframe_05341,nframe_05351,TRAIN,TRAIN,no,v40c_03910,no,yes,no,
orig_006539,original_phash,,,,nframe_05341,nframe_05364,TRAIN,TRAIN,no,v40c_03910,no,yes,no,
orig_006540,original_phash,,,,nframe_05341,nframe_05365,TRAIN,TRAIN,no,v40c_03910,no,yes,no,
orig_006541,original_phash,,,,nframe_05341,nframe_05367,TRAIN,TRAIN,no,v40c_03910,no,yes,no,
orig_006542,original_phash,,,,nframe_05341,nframe_05368,TRAIN,TRAIN,no,v40c_03910,no,yes,no,
orig_006543,original_phash,,,,nframe_05341,nframe_05369,TRAIN,TRAIN,no,v40c_03910,no,yes,no,
orig_006544,original_phash,,,,nframe_05341,nframe_05370,TRAIN,TRAIN,no,v40c_03910,no,yes,no,
orig_006545,original_phash,,,,nframe_05341,nframe_05371,TRAIN,TRAIN,no,v40c_03910,no,yes,no,
orig_006546,original_phash,,,,nframe_05341,nframe_05372,TRAIN,TRAIN,no,v40c_03910,no,yes,no,
orig_006547,original_phash,,,,nframe_05341,nframe_05373,TRAIN,TRAIN,no,v40c_03910,no,yes,no,
orig_006548,original_exact,,,,nframe_05342,nframe_05343,TRAIN,TRAIN,no,v40c_03910,yes,yes,yes,
orig_006549,original_phash,,,,nframe_05342,nframe_05344,TRAIN,TRAIN,no,v40c_03910,no,yes,no,
orig_006550,original_phash,,,,nframe_05342,nframe_05345,TRAIN,TRAIN,no,v40c_03910,no,yes,no,
orig_006551,original_phash,,,,nframe_05342,nframe_05346,TRAIN,TRAIN,no,v40c_03910,no,yes,no,
orig_006552,original_phash,,,,nframe_05342,nframe_05347,TRAIN,TRAIN,no,v40c_03910,no,yes,no,
orig_006553,original_phash,,,,nframe_05342,nframe_05349,TRAIN,TRAIN,no,v40c_03910,no,yes,no,
orig_006554,original_phash,,,,nframe_05342,nframe_05350,TRAIN,TRAIN,no,v40c_03910,no,yes,no,
orig_006555,original_phash,,,,nframe_05342,nframe_05351,TRAIN,TRAIN,no,v40c_03910,no,yes,no,
orig_006556,original_phash,,,,nframe_05342,nframe_05365,TRAIN,TRAIN,no,v40c_03910,no,yes,no,
orig_006557,original_phash,,,,nframe_05342,nframe_05368,TRAIN,TRAIN,no,v40c_03910,no,yes,no,
orig_006558,original_phash,,,,nframe_05342,nframe_05369,TRAIN,TRAIN,no,v40c_03910,no,yes,no,
orig_006559,original_phash,,,,nframe_05342,nframe_05370,TRAIN,TRAIN,no,v40c_03910,no,yes,no,
orig_006560,original_phash,,,,nframe_05342,nframe_05371,TRAIN,TRAIN,no,v40c_03910,no,yes,no,
orig_006561,original_phash,,,,nframe_05342,nframe_05372,TRAIN,TRAIN,no,v40c_03910,no,yes,no,
orig_006562,original_phash,,,,nframe_05342,nframe_05373,TRAIN,TRAIN,no,v40c_03910,no,yes,no,
orig_006563,original_phash,,,,nframe_05343,nframe_05344,TRAIN,TRAIN,no,v40c_03910,no,yes,no,
orig_006564,original_phash,,,,nframe_05343,nframe_05345,TRAIN,TRAIN,no,v40c_03910,no,yes,no,
orig_006565,original_phash,,,,nframe_05343,nframe_05346,TRAIN,TRAIN,no,v40c_03910,no,yes,no,
orig_006566,original_phash,,,,nframe_05343,nframe_05347,TRAIN,TRAIN,no,v40c_03910,no,yes,no,
orig_006567,original_phash,,,,nframe_05343,nframe_05349,TRAIN,TRAIN,no,v40c_03910,no,yes,no,
orig_006568,original_phash,,,,nframe_05343,nframe_05350,TRAIN,TRAIN,no,v40c_03910,no,yes,no,
orig_006569,original_phash,,,,nframe_05343,nframe_05351,TRAIN,TRAIN,no,v40c_03910,no,yes,no,
orig_006570,original_phash,,,,nframe_05343,nframe_05365,TRAIN,TRAIN,no,v40c_03910,no,yes,no,
orig_006571,original_phash,,,,nframe_05343,nframe_05368,TRAIN,TRAIN,no,v40c_03910,no,yes,no,
orig_006572,original_phash,,,,nframe_05343,nframe_05369,TRAIN,TRAIN,no,v40c_03910,no,yes,no,
orig_006573,original_phash,,,,nframe_05343,nframe_05370,TRAIN,TRAIN,no,v40c_03910,no,yes,no,
orig_006574,original_phash,,,,nframe_05343,nframe_05371,TRAIN,TRAIN,no,v40c_03910,no,yes,no,
orig_006575,original_phash,,,,nframe_05343,nframe_05372,TRAIN,TRAIN,no,v40c_03910,no,yes,no,
orig_006576,original_phash,,,,nframe_05343,nframe_05373,TRAIN,TRAIN,no,v40c_03910,no,yes,no,
orig_006577,original_phash,,,,nframe_05344,nframe_05345,TRAIN,TRAIN,no,v40c_03910,no,yes,no,
orig_006578,original_phash,,,,nframe_05344,nframe_05346,TRAIN,TRAIN,no,v40c_03910,no,yes,no,
orig_006579,original_phash,,,,nframe_05344,nframe_05347,TRAIN,TRAIN,no,v40c_03910,no,yes,no,
orig_006580,original_phash,,,,nframe_05344,nframe_05348,TRAIN,TRAIN,no,v40c_03910,no,yes,no,
orig_006581,original_phash,,,,nframe_05344,nframe_05349,TRAIN,TRAIN,no,v40c_03910,no,yes,no,
orig_006582,original_phash,,,,nframe_05344,nframe_05350,TRAIN,TRAIN,no,v40c_03910,no,yes,no,
orig_006583,original_phash,,,,nframe_05344,nframe_05351,TRAIN,TRAIN,no,v40c_03910,no,yes,no,
orig_006584,original_phash,,,,nframe_05344,nframe_05354,TRAIN,TRAIN,no,v40c_03910,no,yes,no,
orig_006585,original_phash,,,,nframe_05344,nframe_05355,TRAIN,TRAIN,no,v40c_03910,no,yes,no,
orig_006586,original_phash,,,,nframe_05344,nframe_05356,TRAIN,TRAIN,no,v40c_03910,no,yes,no,
orig_006587,original_phash,,,,nframe_05344,nframe_05357,TRAIN,TRAIN,no,v40c_03910,no,yes,no,
orig_006588,original_phash,,,,nframe_05344,nframe_05359,TRAIN,TRAIN,no,v40c_03910,no,yes,no,
orig_006589,original_phash,,,,nframe_05344,nframe_05362,TRAIN,TRAIN,no,v40c_03910,no,yes,no,
orig_006590,original_phash,,,,nframe_05344,nframe_05363,TRAIN,TRAIN,no,v40c_03910,no,yes,no,
orig_006591,original_phash,,,,nframe_05344,nframe_05364,TRAIN,TRAIN,no,v40c_03910,no,yes,no,
orig_006592,original_phash,,,,nframe_05344,nframe_05365,TRAIN,TRAIN,no,v40c_03910,no,yes,no,
orig_006593,original_phash,,,,nframe_05344,nframe_05368,TRAIN,TRAIN,no,v40c_03910,no,yes,no,
orig_006594,original_phash,,,,nframe_05344,nframe_05369,TRAIN,TRAIN,no,v40c_03910,no,yes,no,
orig_006595,original_phash,,,,nframe_05344,nframe_05370,TRAIN,TRAIN,no,v40c_03910,no,yes,no,
orig_006596,original_phash,,,,nframe_05344,nframe_05371,TRAIN,TRAIN,no,v40c_03910,no,yes,no,
orig_006597,original_phash,,,,nframe_05344,nframe_05372,TRAIN,TRAIN,no,v40c_03910,no,yes,no,
orig_006598,original_phash,,,,nframe_05345,nframe_05346,TRAIN,TRAIN,no,v40c_03910,no,yes,no,
orig_006599,original_phash,,,,nframe_05345,nframe_05347,TRAIN,TRAIN,no,v40c_03910,no,yes,yes,
orig_006600,original_phash,,,,nframe_05345,nframe_05348,TRAIN,TRAIN,no,v40c_03910,no,yes,no,
orig_006601,original_phash,,,,nframe_05345,nframe_05349,TRAIN,TRAIN,no,v40c_03910,no,yes,no,
orig_006602,original_phash,,,,nframe_05345,nframe_05350,TRAIN,TRAIN,no,v40c_03910,no,yes,no,
orig_006603,original_phash,,,,nframe_05345,nframe_05351,TRAIN,TRAIN,no,v40c_03910,no,yes,no,
orig_006604,original_phash,,,,nframe_05345,nframe_05354,TRAIN,TRAIN,no,v40c_03910,no,yes,no,
orig_006605,original_phash,,,,nframe_05345,nframe_05355,TRAIN,TRAIN,no,v40c_03910,no,yes,no,
orig_006606,original_phash,,,,nframe_05345,nframe_05356,TRAIN,TRAIN,no,v40c_03910,no,yes,no,
orig_006607,original_phash,,,,nframe_05345,nframe_05357,TRAIN,TRAIN,no,v40c_03910,no,yes,no,
orig_006608,original_phash,,,,nframe_05345,nframe_05359,TRAIN,TRAIN,no,v40c_03910,no,yes,no,
orig_006609,original_phash,,,,nframe_05345,nframe_05362,TRAIN,TRAIN,no,v40c_03910,no,yes,no,
orig_006610,original_phash,,,,nframe_05345,nframe_05363,TRAIN,TRAIN,no,v40c_03910,no,yes,no,
orig_006611,original_phash,,,,nframe_05345,nframe_05364,TRAIN,TRAIN,no,v40c_03910,no,yes,no,
orig_006612,original_phash,,,,nframe_05345,nframe_05365,TRAIN,TRAIN,no,v40c_03910,no,yes,no,
orig_006613,original_phash,,,,nframe_05345,nframe_05367,TRAIN,TRAIN,no,v40c_03910,no,yes,no,
orig_006614,original_phash,,,,nframe_05345,nframe_05368,TRAIN,TRAIN,no,v40c_03910,no,yes,no,
orig_006615,original_phash,,,,nframe_05345,nframe_05369,TRAIN,TRAIN,no,v40c_03910,no,yes,no,
orig_006616,original_phash,,,,nframe_05345,nframe_05370,TRAIN,TRAIN,no,v40c_03910,no,yes,no,
orig_006617,original_phash,,,,nframe_05345,nframe_05371,TRAIN,TRAIN,no,v40c_03910,no,yes,no,
orig_006618,original_phash,,,,nframe_05345,nframe_05372,TRAIN,TRAIN,no,v40c_03910,no,yes,no,
orig_006619,original_phash,,,,nframe_05346,nframe_05347,TRAIN,TRAIN,no,v40c_03910,no,yes,no,
orig_006620,original_phash,,,,nframe_05346,nframe_05348,TRAIN,TRAIN,no,v40c_03910,no,yes,no,
orig_006621,original_phash,,,,nframe_05346,nframe_05349,TRAIN,TRAIN,no,v40c_03910,no,yes,no,
orig_006622,original_phash,,,,nframe_05346,nframe_05350,TRAIN,TRAIN,no,v40c_03910,no,yes,no,
orig_006623,original_phash,,,,nframe_05346,nframe_05351,TRAIN,TRAIN,no,v40c_03910,no,yes,yes,
orig_006624,original_phash,,,,nframe_05346,nframe_05354,TRAIN,TRAIN,no,v40c_03910,no,yes,no,
orig_006625,original_phash,,,,nframe_05346,nframe_05355,TRAIN,TRAIN,no,v40c_03910,no,yes,no,
orig_006626,original_phash,,,,nframe_05346,nframe_05356,TRAIN,TRAIN,no,v40c_03910,no,yes,no,
orig_006627,original_phash,,,,nframe_05346,nframe_05357,TRAIN,TRAIN,no,v40c_03910,no,yes,no,
orig_006628,original_phash,,,,nframe_05346,nframe_05359,TRAIN,TRAIN,no,v40c_03910,no,yes,no,
orig_006629,original_phash,,,,nframe_05346,nframe_05362,TRAIN,TRAIN,no,v40c_03910,no,yes,no,
orig_006630,original_phash,,,,nframe_05346,nframe_05363,TRAIN,TRAIN,no,v40c_03910,no,yes,no,
orig_006631,original_phash,,,,nframe_05346,nframe_05364,TRAIN,TRAIN,no,v40c_03910,no,yes,no,
orig_006632,original_phash,,,,nframe_05346,nframe_05365,TRAIN,TRAIN,no,v40c_03910,no,yes,no,
orig_006633,original_phash,,,,nframe_05346,nframe_05367,TRAIN,TRAIN,no,v40c_03910,no,yes,no,
orig_006634,original_phash,,,,nframe_05346,nframe_05368,TRAIN,TRAIN,no,v40c_03910,no,yes,no,
orig_006635,original_phash,,,,nframe_05346,nframe_05369,TRAIN,TRAIN,no,v40c_03910,no,yes,no,
orig_006636,original_phash,,,,nframe_05346,nframe_05370,TRAIN,TRAIN,no,v40c_03910,no,yes,no,
orig_006637,original_phash,,,,nframe_05346,nframe_05371,TRAIN,TRAIN,no,v40c_03910,no,yes,no,
orig_006638,original_phash,,,,nframe_05346,nframe_05372,TRAIN,TRAIN,no,v40c_03910,no,yes,no,
orig_006639,original_phash,,,,nframe_05347,nframe_05348,TRAIN,TRAIN,no,v40c_03910,no,yes,no,
orig_006640,original_phash,,,,nframe_05347,nframe_05349,TRAIN,TRAIN,no,v40c_03910,no,yes,no,
orig_006641,original_phash,,,,nframe_05347,nframe_05350,TRAIN,TRAIN,no,v40c_03910,no,yes,no,
orig_006642,original_phash,,,,nframe_05347,nframe_05351,TRAIN,TRAIN,no,v40c_03910,no,yes,no,
orig_006643,original_phash,,,,nframe_05347,nframe_05354,TRAIN,TRAIN,no,v40c_03910,no,yes,no,
orig_006644,original_phash,,,,nframe_05347,nframe_05355,TRAIN,TRAIN,no,v40c_03910,no,yes,no,
orig_006645,original_phash,,,,nframe_05347,nframe_05356,TRAIN,TRAIN,no,v40c_03910,no,yes,no,
orig_006646,original_phash,,,,nframe_05347,nframe_05357,TRAIN,TRAIN,no,v40c_03910,no,yes,no,
orig_006647,original_phash,,,,nframe_05347,nframe_05359,TRAIN,TRAIN,no,v40c_03910,no,yes,no,
orig_006648,original_phash,,,,nframe_05347,nframe_05362,TRAIN,TRAIN,no,v40c_03910,no,yes,no,
orig_006649,original_phash,,,,nframe_05347,nframe_05363,TRAIN,TRAIN,no,v40c_03910,no,yes,no,
orig_006650,original_phash,,,,nframe_05347,nframe_05364,TRAIN,TRAIN,no,v40c_03910,no,yes,no,
orig_006651,original_phash,,,,nframe_05347,nframe_05365,TRAIN,TRAIN,no,v40c_03910,no,yes,no,
orig_006652,original_phash,,,,nframe_05347,nframe_05367,TRAIN,TRAIN,no,v40c_03910,no,yes,no,
orig_006653,original_phash,,,,nframe_05347,nframe_05368,TRAIN,TRAIN,no,v40c_03910,no,yes,no,
orig_006654,original_phash,,,,nframe_05347,nframe_05369,TRAIN,TRAIN,no,v40c_03910,no,yes,no,
orig_006655,original_phash,,,,nframe_05347,nframe_05370,TRAIN,TRAIN,no,v40c_03910,no,yes,no,
orig_006656,original_phash,,,,nframe_05347,nframe_05371,TRAIN,TRAIN,no,v40c_03910,no,yes,no,
orig_006657,original_phash,,,,nframe_05347,nframe_05372,TRAIN,TRAIN,no,v40c_03910,no,yes,no,
orig_006658,original_phash,,,,nframe_05348,nframe_05349,TRAIN,TRAIN,no,v40c_03910,no,yes,no,
orig_006659,original_phash,,,,nframe_05348,nframe_05350,TRAIN,TRAIN,no,v40c_03910,no,yes,no,
orig_006660,original_phash,,,,nframe_05348,nframe_05351,TRAIN,TRAIN,no,v40c_03910,no,yes,yes,
orig_006661,original_phash,,,,nframe_05348,nframe_05354,TRAIN,TRAIN,no,v40c_03910,no,yes,no,
orig_006662,original_phash,,,,nframe_05348,nframe_05364,TRAIN,TRAIN,no,v40c_03910,no,yes,no,
orig_006663,original_phash,,,,nframe_05348,nframe_05365,TRAIN,TRAIN,no,v40c_03910,no,yes,no,
orig_006664,original_phash,,,,nframe_05348,nframe_05366,TRAIN,TRAIN,no,v40c_03910,no,yes,no,
orig_006665,original_phash,,,,nframe_05348,nframe_05367,TRAIN,TRAIN,no,v40c_03910,no,yes,no,
orig_006666,original_phash,,,,nframe_05348,nframe_05368,TRAIN,TRAIN,no,v40c_03910,no,yes,no,
orig_006667,original_phash,,,,nframe_05348,nframe_05369,TRAIN,TRAIN,no,v40c_03910,no,yes,no,
orig_006668,original_phash,,,,nframe_05348,nframe_05370,TRAIN,TRAIN,no,v40c_03910,no,yes,no,
orig_006669,original_phash,,,,nframe_05348,nframe_05371,TRAIN,TRAIN,no,v40c_03910,no,yes,no,
orig_006670,original_phash,,,,nframe_05349,nframe_05350,TRAIN,TRAIN,no,v40c_03910,no,yes,no,
orig_006671,original_phash,,,,nframe_05349,nframe_05351,TRAIN,TRAIN,no,v40c_03910,no,yes,no,
orig_006672,original_phash,,,,nframe_05349,nframe_05354,TRAIN,TRAIN,no,v40c_03910,no,yes,no,
orig_006673,original_phash,,,,nframe_05349,nframe_05355,TRAIN,TRAIN,no,v40c_03910,no,yes,no,
orig_006674,original_phash,,,,nframe_05349,nframe_05356,TRAIN,TRAIN,no,v40c_03910,no,yes,no,
orig_006675,original_phash,,,,nframe_05349,nframe_05357,TRAIN,TRAIN,no,v40c_03910,no,yes,no,
orig_006676,original_phash,,,,nframe_05349,nframe_05359,TRAIN,TRAIN,no,v40c_03910,no,yes,no,
orig_006677,original_phash,,,,nframe_05349,nframe_05362,TRAIN,TRAIN,no,v40c_03910,no,yes,no,
orig_006678,original_phash,,,,nframe_05349,nframe_05363,TRAIN,TRAIN,no,v40c_03910,no,yes,no,
orig_006679,original_phash,,,,nframe_05349,nframe_05364,TRAIN,TRAIN,no,v40c_03910,no,yes,no,
orig_006680,original_phash,,,,nframe_05349,nframe_05365,TRAIN,TRAIN,no,v40c_03910,no,yes,no,
orig_006681,original_phash,,,,nframe_05349,nframe_05366,TRAIN,TRAIN,no,v40c_03910,no,yes,no,
orig_006682,original_phash,,,,nframe_05349,nframe_05367,TRAIN,TRAIN,no,v40c_03910,no,yes,no,
orig_006683,original_phash,,,,nframe_05349,nframe_05368,TRAIN,TRAIN,no,v40c_03910,no,yes,no,
orig_006684,original_phash,,,,nframe_05349,nframe_05369,TRAIN,TRAIN,no,v40c_03910,no,yes,no,
orig_006685,original_phash,,,,nframe_05349,nframe_05370,TRAIN,TRAIN,no,v40c_03910,no,yes,no,
orig_006686,original_phash,,,,nframe_05349,nframe_05371,TRAIN,TRAIN,no,v40c_03910,no,yes,no,
orig_006687,original_phash,,,,nframe_05349,nframe_05372,TRAIN,TRAIN,no,v40c_03910,no,yes,no,
orig_006688,original_phash,,,,nframe_05349,nframe_05373,TRAIN,TRAIN,no,v40c_03910,no,yes,no,
orig_006689,original_phash,,,,nframe_05350,nframe_05351,TRAIN,TRAIN,no,v40c_03910,no,yes,no,
orig_006690,original_phash,,,,nframe_05350,nframe_05354,TRAIN,TRAIN,no,v40c_03910,no,yes,no,
orig_006691,original_phash,,,,nframe_05350,nframe_05355,TRAIN,TRAIN,no,v40c_03910,no,yes,no,
orig_006692,original_phash,,,,nframe_05350,nframe_05356,TRAIN,TRAIN,no,v40c_03910,no,yes,no,
orig_006693,original_phash,,,,nframe_05350,nframe_05357,TRAIN,TRAIN,no,v40c_03910,no,yes,no,
orig_006694,original_phash,,,,nframe_05350,nframe_05359,TRAIN,TRAIN,no,v40c_03910,no,yes,no,
orig_006695,original_phash,,,,nframe_05350,nframe_05362,TRAIN,TRAIN,no,v40c_03910,no,yes,no,
orig_006696,original_phash,,,,nframe_05350,nframe_05363,TRAIN,TRAIN,no,v40c_03910,no,yes,no,
orig_006697,original_phash,,,,nframe_05350,nframe_05364,TRAIN,TRAIN,no,v40c_03910,no,yes,no,
orig_006698,original_phash,,,,nframe_05350,nframe_05365,TRAIN,TRAIN,no,v40c_03910,no,yes,no,
orig_006699,original_phash,,,,nframe_05350,nframe_05366,TRAIN,TRAIN,no,v40c_03910,no,yes,no,
orig_006700,original_phash,,,,nframe_05350,nframe_05367,TRAIN,TRAIN,no,v40c_03910,no,yes,no,
orig_006701,original_phash,,,,nframe_05350,nframe_05368,TRAIN,TRAIN,no,v40c_03910,no,yes,no,
orig_006702,original_phash,,,,nframe_05350,nframe_05369,TRAIN,TRAIN,no,v40c_03910,no,yes,no,
orig_006703,original_phash,,,,nframe_05350,nframe_05370,TRAIN,TRAIN,no,v40c_03910,no,yes,no,
orig_006704,original_phash,,,,nframe_05350,nframe_05371,TRAIN,TRAIN,no,v40c_03910,no,yes,no,
orig_006705,original_phash,,,,nframe_05350,nframe_05372,TRAIN,TRAIN,no,v40c_03910,no,yes,no,
orig_006706,original_phash,,,,nframe_05350,nframe_05373,TRAIN,TRAIN,no,v40c_03910,no,yes,no,
orig_006707,original_phash,,,,nframe_05351,nframe_05354,TRAIN,TRAIN,no,v40c_03910,no,yes,no,
orig_006708,original_phash,,,,nframe_05351,nframe_05355,TRAIN,TRAIN,no,v40c_03910,no,yes,no,
orig_006709,original_phash,,,,nframe_05351,nframe_05356,TRAIN,TRAIN,no,v40c_03910,no,yes,no,
orig_006710,original_phash,,,,nframe_05351,nframe_05357,TRAIN,TRAIN,no,v40c_03910,no,yes,no,
orig_006711,original_phash,,,,nframe_05351,nframe_05359,TRAIN,TRAIN,no,v40c_03910,no,yes,no,
orig_006712,original_phash,,,,nframe_05351,nframe_05362,TRAIN,TRAIN,no,v40c_03910,no,yes,no,
orig_006713,original_phash,,,,nframe_05351,nframe_05363,TRAIN,TRAIN,no,v40c_03910,no,yes,no,
orig_006714,original_phash,,,,nframe_05351,nframe_05364,TRAIN,TRAIN,no,v40c_03910,no,yes,no,
orig_006715,original_phash,,,,nframe_05351,nframe_05365,TRAIN,TRAIN,no,v40c_03910,no,yes,no,
orig_006716,original_phash,,,,nframe_05351,nframe_05366,TRAIN,TRAIN,no,v40c_03910,no,yes,no,
orig_006717,original_phash,,,,nframe_05351,nframe_05367,TRAIN,TRAIN,no,v40c_03910,no,yes,no,
orig_006718,original_phash,,,,nframe_05351,nframe_05368,TRAIN,TRAIN,no,v40c_03910,no,yes,no,
orig_006719,original_phash,,,,nframe_05351,nframe_05369,TRAIN,TRAIN,no,v40c_03910,no,yes,no,
orig_006720,original_phash,,,,nframe_05351,nframe_05370,TRAIN,TRAIN,no,v40c_03910,no,yes,no,
orig_006721,original_phash,,,,nframe_05351,nframe_05371,TRAIN,TRAIN,no,v40c_03910,no,yes,no,
orig_006722,original_phash,,,,nframe_05351,nframe_05372,TRAIN,TRAIN,no,v40c_03910,no,yes,no,
orig_006723,original_phash,,,,nframe_05351,nframe_05373,TRAIN,TRAIN,no,v40c_03910,no,yes,no,
orig_006724,original_phash,,,,nframe_05352,nframe_05353,TRAIN,TRAIN,no,v40c_03910,no,yes,no,
orig_006725,original_phash,,,,nframe_05352,nframe_05355,TRAIN,TRAIN,no,v40c_03910,no,yes,no,
orig_006726,original_phash,,,,nframe_05352,nframe_05356,TRAIN,TRAIN,no,v40c_03910,no,yes,no,
orig_006727,original_phash,,,,nframe_05352,nframe_05357,TRAIN,TRAIN,no,v40c_03910,no,yes,no,
orig_006728,original_phash,,,,nframe_05352,nframe_05359,TRAIN,TRAIN,no,v40c_03910,no,yes,no,
orig_006729,original_phash,,,,nframe_05352,nframe_05362,TRAIN,TRAIN,no,v40c_03910,no,yes,no,
orig_006730,original_phash,,,,nframe_05353,nframe_05354,TRAIN,TRAIN,no,v40c_03910,no,yes,no,
orig_006731,original_phash,,,,nframe_05353,nframe_05355,TRAIN,TRAIN,no,v40c_03910,no,yes,no,
orig_006732,original_phash,,,,nframe_05353,nframe_05356,TRAIN,TRAIN,no,v40c_03910,no,yes,no,
orig_006733,original_phash,,,,nframe_05353,nframe_05357,TRAIN,TRAIN,no,v40c_03910,no,yes,no,
orig_006734,original_phash,,,,nframe_05353,nframe_05358,TRAIN,TRAIN,no,v40c_03910,no,yes,no,
orig_006735,original_phash,,,,nframe_05353,nframe_05359,TRAIN,TRAIN,no,v40c_03910,no,yes,no,
orig_006736,original_phash,,,,nframe_05353,nframe_05360,TRAIN,TRAIN,no,v40c_03910,no,yes,no,
orig_006737,original_phash,,,,nframe_05353,nframe_05361,TRAIN,TRAIN,no,v40c_03910,no,yes,no,
orig_006738,original_phash,,,,nframe_05353,nframe_05362,TRAIN,TRAIN,no,v40c_03910,no,yes,no,
orig_006739,original_phash,,,,nframe_05353,nframe_05363,TRAIN,TRAIN,no,v40c_03910,no,yes,no,
orig_006740,original_phash,,,,nframe_05354,nframe_05355,TRAIN,TRAIN,no,v40c_03910,no,yes,no,
orig_006741,original_phash,,,,nframe_05354,nframe_05356,TRAIN,TRAIN,no,v40c_03910,no,yes,no,
orig_006742,original_phash,,,,nframe_05354,nframe_05357,TRAIN,TRAIN,no,v40c_03910,no,yes,no,
orig_006743,original_phash,,,,nframe_05354,nframe_05358,TRAIN,TRAIN,no,v40c_03910,no,yes,no,
orig_006744,original_phash,,,,nframe_05354,nframe_05359,TRAIN,TRAIN,no,v40c_03910,no,yes,no,
orig_006745,original_phash,,,,nframe_05354,nframe_05360,TRAIN,TRAIN,no,v40c_03910,no,yes,no,
orig_006746,original_phash,,,,nframe_05354,nframe_05361,TRAIN,TRAIN,no,v40c_03910,no,yes,no,
orig_006747,original_phash,,,,nframe_05354,nframe_05362,TRAIN,TRAIN,no,v40c_03910,no,yes,no,
orig_006748,original_phash,,,,nframe_05354,nframe_05363,TRAIN,TRAIN,no,v40c_03910,no,yes,no,
orig_006749,original_phash,,,,nframe_05354,nframe_05364,TRAIN,TRAIN,no,v40c_03910,no,yes,no,
orig_006750,original_phash,,,,nframe_05354,nframe_05365,TRAIN,TRAIN,no,v40c_03910,no,yes,no,
orig_006751,original_phash,,,,nframe_05354,nframe_05368,TRAIN,TRAIN,no,v40c_03910,no,yes,no,
orig_006752,original_phash,,,,nframe_05354,nframe_05369,TRAIN,TRAIN,no,v40c_03910,no,yes,no,
orig_006753,original_phash,,,,nframe_05354,nframe_05370,TRAIN,TRAIN,no,v40c_03910,no,yes,no,
orig_006754,original_phash,,,,nframe_05354,nframe_05371,TRAIN,TRAIN,no,v40c_03910,no,yes,no,
orig_006755,original_phash,,,,nframe_05355,nframe_05356,TRAIN,TRAIN,no,v40c_03910,no,yes,no,
orig_006756,original_phash,,,,nframe_05355,nframe_05357,TRAIN,TRAIN,no,v40c_03910,no,yes,no,
orig_006757,original_phash,,,,nframe_05355,nframe_05358,TRAIN,TRAIN,no,v40c_03910,no,yes,no,
orig_006758,original_phash,,,,nframe_05355,nframe_05359,TRAIN,TRAIN,no,v40c_03910,no,yes,no,
orig_006759,original_phash,,,,nframe_05355,nframe_05360,TRAIN,TRAIN,no,v40c_03910,no,yes,no,
orig_006760,original_phash,,,,nframe_05355,nframe_05361,TRAIN,TRAIN,no,v40c_03910,no,yes,no,
orig_006761,original_phash,,,,nframe_05355,nframe_05362,TRAIN,TRAIN,no,v40c_03910,no,yes,no,
orig_006762,original_phash,,,,nframe_05355,nframe_05363,TRAIN,TRAIN,no,v40c_03910,no,yes,no,
orig_006763,original_phash,,,,nframe_05355,nframe_05364,TRAIN,TRAIN,no,v40c_03910,no,yes,no,
orig_006764,original_phash,,,,nframe_05355,nframe_05365,TRAIN,TRAIN,no,v40c_03910,no,yes,no,
orig_006765,original_phash,,,,nframe_05355,nframe_05366,TRAIN,TRAIN,no,v40c_03910,no,yes,no,
orig_006766,original_phash,,,,nframe_05355,nframe_05368,TRAIN,TRAIN,no,v40c_03910,no,yes,no,
orig_006767,original_phash,,,,nframe_05355,nframe_05369,TRAIN,TRAIN,no,v40c_03910,no,yes,no,
orig_006768,original_phash,,,,nframe_05355,nframe_05370,TRAIN,TRAIN,no,v40c_03910,no,yes,no,
orig_006769,original_phash,,,,nframe_05355,nframe_05371,TRAIN,TRAIN,no,v40c_03910,no,yes,no,
orig_006770,original_phash,,,,nframe_05356,nframe_05357,TRAIN,TRAIN,no,v40c_03910,no,yes,no,
orig_006771,original_phash,,,,nframe_05356,nframe_05358,TRAIN,TRAIN,no,v40c_03910,no,yes,yes,
orig_006772,original_phash,,,,nframe_05356,nframe_05359,TRAIN,TRAIN,no,v40c_03910,no,yes,no,
orig_006773,original_phash,,,,nframe_05356,nframe_05360,TRAIN,TRAIN,no,v40c_03910,no,yes,no,
orig_006774,original_phash,,,,nframe_05356,nframe_05361,TRAIN,TRAIN,no,v40c_03910,no,yes,no,
orig_006775,original_phash,,,,nframe_05356,nframe_05362,TRAIN,TRAIN,no,v40c_03910,no,yes,no,
orig_006776,original_phash,,,,nframe_05356,nframe_05363,TRAIN,TRAIN,no,v40c_03910,no,yes,no,
orig_006777,original_phash,,,,nframe_05356,nframe_05364,TRAIN,TRAIN,no,v40c_03910,no,yes,no,
orig_006778,original_phash,,,,nframe_05356,nframe_05365,TRAIN,TRAIN,no,v40c_03910,no,yes,no,
orig_006779,original_phash,,,,nframe_05356,nframe_05366,TRAIN,TRAIN,no,v40c_03910,no,yes,no,
orig_006780,original_phash,,,,nframe_05356,nframe_05368,TRAIN,TRAIN,no,v40c_03910,no,yes,no,
orig_006781,original_phash,,,,nframe_05356,nframe_05369,TRAIN,TRAIN,no,v40c_03910,no,yes,no,
orig_006782,original_phash,,,,nframe_05356,nframe_05370,TRAIN,TRAIN,no,v40c_03910,no,yes,no,
orig_006783,original_phash,,,,nframe_05356,nframe_05371,TRAIN,TRAIN,no,v40c_03910,no,yes,no,
orig_006784,original_phash,,,,nframe_05357,nframe_05358,TRAIN,TRAIN,no,v40c_03910,no,yes,no,
orig_006785,original_phash,,,,nframe_05357,nframe_05359,TRAIN,TRAIN,no,v40c_03910,no,yes,no,
orig_006786,original_phash,,,,nframe_05357,nframe_05360,TRAIN,TRAIN,no,v40c_03910,no,yes,no,
orig_006787,original_phash,,,,nframe_05357,nframe_05361,TRAIN,TRAIN,no,v40c_03910,no,yes,no,
orig_006788,original_phash,,,,nframe_05357,nframe_05362,TRAIN,TRAIN,no,v40c_03910,no,yes,no,
orig_006789,original_phash,,,,nframe_05357,nframe_05363,TRAIN,TRAIN,no,v40c_03910,no,yes,no,
orig_006790,original_phash,,,,nframe_05357,nframe_05364,TRAIN,TRAIN,no,v40c_03910,no,yes,no,
orig_006791,original_phash,,,,nframe_05357,nframe_05365,TRAIN,TRAIN,no,v40c_03910,no,yes,no,
orig_006792,original_phash,,,,nframe_05357,nframe_05366,TRAIN,TRAIN,no,v40c_03910,no,yes,no,
orig_006793,original_phash,,,,nframe_05357,nframe_05368,TRAIN,TRAIN,no,v40c_03910,no,yes,no,
orig_006794,original_phash,,,,nframe_05357,nframe_05369,TRAIN,TRAIN,no,v40c_03910,no,yes,no,
orig_006795,original_phash,,,,nframe_05357,nframe_05370,TRAIN,TRAIN,no,v40c_03910,no,yes,no,
orig_006796,original_phash,,,,nframe_05357,nframe_05371,TRAIN,TRAIN,no,v40c_03910,no,yes,no,
orig_006797,original_phash,,,,nframe_05358,nframe_05359,TRAIN,TRAIN,no,v40c_03910,no,yes,no,
orig_006798,original_phash,,,,nframe_05358,nframe_05360,TRAIN,TRAIN,no,v40c_03910,no,yes,no,
orig_006799,original_phash,,,,nframe_05358,nframe_05361,TRAIN,TRAIN,no,v40c_03910,no,yes,no,
orig_006800,original_phash,,,,nframe_05358,nframe_05362,TRAIN,TRAIN,no,v40c_03910,no,yes,no,
orig_006801,original_phash,,,,nframe_05358,nframe_05363,TRAIN,TRAIN,no,v40c_03910,no,yes,no,
orig_006802,original_phash,,,,nframe_05359,nframe_05360,TRAIN,TRAIN,no,v40c_03910,no,yes,no,
orig_006803,original_phash,,,,nframe_05359,nframe_05361,TRAIN,TRAIN,no,v40c_03910,no,yes,no,
orig_006804,original_phash,,,,nframe_05359,nframe_05362,TRAIN,TRAIN,no,v40c_03910,no,yes,yes,
orig_006805,original_phash,,,,nframe_05359,nframe_05363,TRAIN,TRAIN,no,v40c_03910,no,yes,no,
orig_006806,original_phash,,,,nframe_05359,nframe_05364,TRAIN,TRAIN,no,v40c_03910,no,yes,no,
orig_006807,original_phash,,,,nframe_05359,nframe_05365,TRAIN,TRAIN,no,v40c_03910,no,yes,no,
orig_006808,original_phash,,,,nframe_05359,nframe_05366,TRAIN,TRAIN,no,v40c_03910,no,yes,no,
orig_006809,original_phash,,,,nframe_05359,nframe_05368,TRAIN,TRAIN,no,v40c_03910,no,yes,no,
orig_006810,original_phash,,,,nframe_05359,nframe_05369,TRAIN,TRAIN,no,v40c_03910,no,yes,no,
orig_006811,original_phash,,,,nframe_05359,nframe_05370,TRAIN,TRAIN,no,v40c_03910,no,yes,no,
orig_006812,original_phash,,,,nframe_05359,nframe_05371,TRAIN,TRAIN,no,v40c_03910,no,yes,no,
orig_006813,original_phash,,,,nframe_05360,nframe_05361,TRAIN,TRAIN,no,v40c_03910,no,yes,no,
orig_006814,original_phash,,,,nframe_05360,nframe_05362,TRAIN,TRAIN,no,v40c_03910,no,yes,no,
orig_006815,original_phash,,,,nframe_05360,nframe_05363,TRAIN,TRAIN,no,v40c_03910,no,yes,no,
orig_006816,original_phash,,,,nframe_05361,nframe_05362,TRAIN,TRAIN,no,v40c_03910,no,yes,no,
orig_006817,original_phash,,,,nframe_05361,nframe_05363,TRAIN,TRAIN,no,v40c_03910,no,yes,no,
orig_006818,original_phash,,,,nframe_05362,nframe_05363,TRAIN,TRAIN,no,v40c_03910,no,yes,no,
orig_006819,original_phash,,,,nframe_05362,nframe_05364,TRAIN,TRAIN,no,v40c_03910,no,yes,no,
orig_006820,original_phash,,,,nframe_05362,nframe_05365,TRAIN,TRAIN,no,v40c_03910,no,yes,no,
orig_006821,original_phash,,,,nframe_05362,nframe_05368,TRAIN,TRAIN,no,v40c_03910,no,yes,no,
orig_006822,original_phash,,,,nframe_05362,nframe_05369,TRAIN,TRAIN,no,v40c_03910,no,yes,no,
orig_006823,original_phash,,,,nframe_05362,nframe_05370,TRAIN,TRAIN,no,v40c_03910,no,yes,no,
orig_006824,original_phash,,,,nframe_05362,nframe_05371,TRAIN,TRAIN,no,v40c_03910,no,yes,no,
orig_006825,original_phash,,,,nframe_05363,nframe_05364,TRAIN,TRAIN,no,v40c_03910,no,yes,no,
orig_006826,original_phash,,,,nframe_05363,nframe_05365,TRAIN,TRAIN,no,v40c_03910,no,yes,no,
orig_006827,original_phash,,,,nframe_05363,nframe_05366,TRAIN,TRAIN,no,v40c_03910,no,yes,no,
orig_006828,original_phash,,,,nframe_05363,nframe_05368,TRAIN,TRAIN,no,v40c_03910,no,yes,no,
orig_006829,original_phash,,,,nframe_05363,nframe_05369,TRAIN,TRAIN,no,v40c_03910,no,yes,no,
orig_006830,original_phash,,,,nframe_05363,nframe_05370,TRAIN,TRAIN,no,v40c_03910,no,yes,no,
orig_006831,original_phash,,,,nframe_05363,nframe_05371,TRAIN,TRAIN,no,v40c_03910,no,yes,no,
orig_006832,original_phash,,,,nframe_05364,nframe_05365,TRAIN,TRAIN,no,v40c_03910,no,yes,no,
orig_006833,original_phash,,,,nframe_05364,nframe_05366,TRAIN,TRAIN,no,v40c_03910,no,yes,no,
orig_006834,original_phash,,,,nframe_05364,nframe_05367,TRAIN,TRAIN,no,v40c_03910,no,yes,no,
orig_006835,original_phash,,,,nframe_05364,nframe_05368,TRAIN,TRAIN,no,v40c_03910,no,yes,no,
orig_006836,original_phash,,,,nframe_05364,nframe_05369,TRAIN,TRAIN,no,v40c_03910,no,yes,no,
orig_006837,original_phash,,,,nframe_05364,nframe_05370,TRAIN,TRAIN,no,v40c_03910,no,yes,no,
orig_006838,original_phash,,,,nframe_05364,nframe_05371,TRAIN,TRAIN,no,v40c_03910,no,yes,no,
orig_006839,original_phash,,,,nframe_05365,nframe_05366,TRAIN,TRAIN,no,v40c_03910,no,yes,no,
orig_006840,original_phash,,,,nframe_05365,nframe_05367,TRAIN,TRAIN,no,v40c_03910,no,yes,no,
orig_006841,original_phash,,,,nframe_05365,nframe_05368,TRAIN,TRAIN,no,v40c_03910,no,yes,no,
orig_006842,original_phash,,,,nframe_05365,nframe_05369,TRAIN,TRAIN,no,v40c_03910,no,yes,no,
orig_006843,original_phash,,,,nframe_05365,nframe_05370,TRAIN,TRAIN,no,v40c_03910,no,yes,no,
orig_006844,original_phash,,,,nframe_05365,nframe_05371,TRAIN,TRAIN,no,v40c_03910,no,yes,no,
orig_006845,original_phash,,,,nframe_05365,nframe_05372,TRAIN,TRAIN,no,v40c_03910,no,yes,no,
orig_006846,original_phash,,,,nframe_05365,nframe_05373,TRAIN,TRAIN,no,v40c_03910,no,yes,no,
orig_006847,original_phash,,,,nframe_05366,nframe_05367,TRAIN,TRAIN,no,v40c_03910,no,yes,no,
orig_006848,original_phash,,,,nframe_05367,nframe_05368,TRAIN,TRAIN,no,v40c_03910,no,yes,no,
orig_006849,original_phash,,,,nframe_05367,nframe_05369,TRAIN,TRAIN,no,v40c_03910,no,yes,no,
orig_006850,original_phash,,,,nframe_05367,nframe_05370,TRAIN,TRAIN,no,v40c_03910,no,yes,no,
orig_006851,original_phash,,,,nframe_05367,nframe_05371,TRAIN,TRAIN,no,v40c_03910,no,yes,no,
orig_006852,original_phash,,,,nframe_05368,nframe_05369,TRAIN,TRAIN,no,v40c_03910,no,yes,no,
orig_006853,original_phash,,,,nframe_05368,nframe_05370,TRAIN,TRAIN,no,v40c_03910,no,yes,no,
orig_006854,original_phash,,,,nframe_05368,nframe_05371,TRAIN,TRAIN,no,v40c_03910,no,yes,no,
orig_006855,original_phash,,,,nframe_05368,nframe_05372,TRAIN,TRAIN,no,v40c_03910,no,yes,no,
orig_006856,original_phash,,,,nframe_05368,nframe_05373,TRAIN,TRAIN,no,v40c_03910,no,yes,no,
orig_006857,original_phash,,,,nframe_05369,nframe_05370,TRAIN,TRAIN,no,v40c_03910,no,yes,no,
orig_006858,original_phash,,,,nframe_05369,nframe_05371,TRAIN,TRAIN,no,v40c_03910,no,yes,no,
orig_006859,original_phash,,,,nframe_05369,nframe_05372,TRAIN,TRAIN,no,v40c_03910,no,yes,no,
orig_006860,original_phash,,,,nframe_05369,nframe_05373,TRAIN,TRAIN,no,v40c_03910,no,yes,no,
orig_006861,original_phash,,,,nframe_05370,nframe_05371,TRAIN,TRAIN,no,v40c_03910,no,yes,no,
orig_006862,original_phash,,,,nframe_05370,nframe_05372,TRAIN,TRAIN,no,v40c_03910,no,yes,no,
orig_006863,original_phash,,,,nframe_05370,nframe_05373,TRAIN,TRAIN,no,v40c_03910,no,yes,no,
orig_006864,original_phash,,,,nframe_05371,nframe_05372,TRAIN,TRAIN,no,v40c_03910,no,yes,no,
orig_006865,original_phash,,,,nframe_05371,nframe_05373,TRAIN,TRAIN,no,v40c_03910,no,yes,no,
orig_006866,original_phash,,,,nframe_05372,nframe_05373,TRAIN,TRAIN,no,v40c_03910,no,yes,no,
orig_006867,original_phash,,,,nframe_05376,nframe_05377,TRAIN,TRAIN,no,v40c_03933,no,yes,no,
orig_006868,original_phash,,,,nframe_05376,nframe_05379,TRAIN,TRAIN,no,v40c_03933,no,yes,no,
orig_006869,original_phash,,,,nframe_05376,nframe_05380,TRAIN,TRAIN,no,v40c_03933,no,yes,no,
orig_006870,original_phash,,,,nframe_05376,nframe_05381,TRAIN,TRAIN,no,v40c_03933,no,yes,no,
orig_006871,original_phash,,,,nframe_05377,nframe_05378,TRAIN,TRAIN,no,v40c_03933,no,yes,no,
orig_006872,original_phash,,,,nframe_05377,nframe_05380,TRAIN,TRAIN,no,v40c_03933,no,yes,no,
orig_006873,original_phash,,,,nframe_05377,nframe_05381,TRAIN,TRAIN,no,v40c_03933,no,yes,no,
orig_006874,original_phash,,,,nframe_05378,nframe_05381,TRAIN,TRAIN,no,v40c_03933,no,yes,no,
orig_006875,original_phash,,,,nframe_05378,nframe_05382,TRAIN,TRAIN,no,v40c_03933,no,yes,no,
orig_006876,original_phash,,,,nframe_05379,nframe_05380,TRAIN,TRAIN,no,v40c_03933,no,yes,yes,
orig_006877,original_phash,,,,nframe_05380,nframe_05381,TRAIN,TRAIN,no,v40c_03933,no,yes,no,
orig_006878,original_phash,,,,nframe_05381,nframe_05382,TRAIN,TRAIN,no,v40c_03933,no,yes,no,
orig_006879,original_phash,,,,nframe_05382,nframe_05383,TRAIN,TRAIN,no,v40c_03933,no,yes,no,
orig_006880,original_phash,,,,nframe_05383,nframe_05384,TRAIN,TRAIN,no,v40c_03933,no,yes,no,
orig_006881,original_phash,,,,nframe_05383,nframe_05385,TRAIN,TRAIN,no,v40c_03933,no,yes,no,
orig_006882,original_phash,,,,nframe_05384,nframe_05385,TRAIN,TRAIN,no,v40c_03933,no,yes,no,
orig_006883,original_phash,,,,nframe_05385,nframe_05386,TRAIN,TRAIN,no,v40c_03933,no,yes,no,
orig_006884,original_phash,,,,nframe_05386,nframe_05387,TRAIN,TRAIN,no,v40c_03933,no,yes,no,
orig_006885,original_exact,,,,nframe_05390,nframe_05391,TRAIN,TRAIN,no,v40c_03938,yes,yes,yes,
orig_006886,original_phash,,,,nframe_05390,nframe_05393,TRAIN,TRAIN,no,v40c_03938,no,yes,no,
orig_006887,original_phash,,,,nframe_05391,nframe_05393,TRAIN,TRAIN,no,v40c_03938,no,yes,no,
orig_006888,original_phash,,,,nframe_05392,nframe_05393,TRAIN,TRAIN,no,v40c_03938,no,yes,no,
orig_006889,original_dhash,,,,nframe_05393,nframe_05394,TRAIN,TRAIN,no,v40c_03938,no,no,yes,
orig_006890,original_phash,,,,nframe_05401,nframe_05402,TRAIN,TRAIN,no,v40c_03945,no,yes,no,
orig_006891,original_phash,,,,nframe_05403,nframe_05404,TRAIN,TRAIN,no,v40c_03946,no,yes,no,
orig_006892,original_phash,,,,nframe_05411,nframe_05412,TRAIN,TRAIN,no,v40c_03952,no,yes,no,
orig_006893,original_dhash,,,,nframe_05413,nframe_09797,TRAIN,TRAIN,no,v40c_02883,no,no,yes,
orig_006894,original_dhash,,,,nframe_05414,nframe_09793,TRAIN,TRAIN,no,v40c_02883,no,no,yes,
orig_006895,original_dhash,,,,nframe_05414,nframe_09795,TRAIN,TRAIN,no,v40c_02883,no,no,yes,
orig_006896,original_dhash,,,,nframe_05414,nframe_09796,TRAIN,TRAIN,no,v40c_02883,no,no,yes,
orig_006897,original_dhash,,,,nframe_05414,nframe_09800,TRAIN,TRAIN,no,v40c_02883,no,no,yes,
orig_006898,original_dhash,,,,nframe_05414,nframe_09804,TRAIN,TRAIN,no,v40c_02883,no,no,yes,
orig_006899,original_dhash,,,,nframe_05414,nframe_09805,TRAIN,TRAIN,no,v40c_02883,no,no,yes,
orig_006900,original_dhash,,,,nframe_05414,nframe_09807,TRAIN,TRAIN,no,v40c_02883,no,no,yes,
orig_006901,original_exact,,,,nframe_05419,nframe_05420,TRAIN,TRAIN,no,v40c_03957,yes,yes,yes,
orig_006902,original_phash,,,,nframe_05421,nframe_05422,TRAIN,TRAIN,no,v40c_03958,no,yes,no,
orig_006903,original_phash,,,,nframe_05421,nframe_05423,TRAIN,TRAIN,no,v40c_03958,no,yes,no,
orig_006904,original_phash,,,,nframe_05421,nframe_05424,TRAIN,TRAIN,no,v40c_03958,no,yes,no,
orig_006905,original_phash,,,,nframe_05421,nframe_05425,TRAIN,TRAIN,no,v40c_03958,no,yes,no,
orig_006906,original_phash,,,,nframe_05421,nframe_05426,TRAIN,TRAIN,no,v40c_03958,no,yes,no,
orig_006907,original_phash,,,,nframe_05421,nframe_05427,TRAIN,TRAIN,no,v40c_03958,no,yes,no,
orig_006908,original_phash,,,,nframe_05421,nframe_05428,TRAIN,TRAIN,no,v40c_03958,no,yes,no,
orig_006909,original_phash,,,,nframe_05421,nframe_05429,TRAIN,TRAIN,no,v40c_03958,no,yes,no,
orig_006910,original_phash,,,,nframe_05421,nframe_05430,TRAIN,TRAIN,no,v40c_03958,no,yes,no,
orig_006911,original_phash,,,,nframe_05422,nframe_05423,TRAIN,TRAIN,no,v40c_03958,no,yes,no,
orig_006912,original_phash,,,,nframe_05422,nframe_05424,TRAIN,TRAIN,no,v40c_03958,no,yes,no,
orig_006913,original_phash,,,,nframe_05422,nframe_05425,TRAIN,TRAIN,no,v40c_03958,no,yes,no,
orig_006914,original_phash,,,,nframe_05422,nframe_05429,TRAIN,TRAIN,no,v40c_03958,no,yes,no,
orig_006915,original_phash,,,,nframe_05422,nframe_05430,TRAIN,TRAIN,no,v40c_03958,no,yes,no,
orig_006916,original_phash,,,,nframe_05423,nframe_05424,TRAIN,TRAIN,no,v40c_03958,no,yes,no,
orig_006917,original_phash,,,,nframe_05423,nframe_05425,TRAIN,TRAIN,no,v40c_03958,no,yes,no,
orig_006918,original_phash,,,,nframe_05423,nframe_05426,TRAIN,TRAIN,no,v40c_03958,no,yes,no,
orig_006919,original_phash,,,,nframe_05423,nframe_05427,TRAIN,TRAIN,no,v40c_03958,no,yes,no,
orig_006920,original_phash,,,,nframe_05423,nframe_05428,TRAIN,TRAIN,no,v40c_03958,no,yes,no,
orig_006921,original_phash,,,,nframe_05423,nframe_05429,TRAIN,TRAIN,no,v40c_03958,no,yes,no,
orig_006922,original_phash,,,,nframe_05423,nframe_05430,TRAIN,TRAIN,no,v40c_03958,no,yes,no,
orig_006923,original_phash,,,,nframe_05423,nframe_05440,TRAIN,TRAIN,no,v40c_03958,no,yes,no,
orig_006924,original_phash,,,,nframe_05424,nframe_05425,TRAIN,TRAIN,no,v40c_03958,no,yes,no,
orig_006925,original_phash,,,,nframe_05424,nframe_05426,TRAIN,TRAIN,no,v40c_03958,no,yes,no,
orig_006926,original_phash,,,,nframe_05424,nframe_05427,TRAIN,TRAIN,no,v40c_03958,no,yes,no,
orig_006927,original_phash,,,,nframe_05424,nframe_05428,TRAIN,TRAIN,no,v40c_03958,no,yes,no,
orig_006928,original_phash,,,,nframe_05424,nframe_05429,TRAIN,TRAIN,no,v40c_03958,no,yes,no,
orig_006929,original_phash,,,,nframe_05424,nframe_05430,TRAIN,TRAIN,no,v40c_03958,no,yes,no,
orig_006930,original_phash,,,,nframe_05425,nframe_05426,TRAIN,TRAIN,no,v40c_03958,no,yes,no,
orig_006931,original_phash,,,,nframe_05425,nframe_05427,TRAIN,TRAIN,no,v40c_03958,no,yes,no,
orig_006932,original_phash,,,,nframe_05425,nframe_05428,TRAIN,TRAIN,no,v40c_03958,no,yes,no,
orig_006933,original_phash,,,,nframe_05425,nframe_05429,TRAIN,TRAIN,no,v40c_03958,no,yes,no,
orig_006934,original_phash,,,,nframe_05425,nframe_05430,TRAIN,TRAIN,no,v40c_03958,no,yes,no,
orig_006935,original_phash,,,,nframe_05425,nframe_05440,TRAIN,TRAIN,no,v40c_03958,no,yes,no,
orig_006936,original_exact,,,,nframe_05426,nframe_05427,TRAIN,TRAIN,no,v40c_03958,yes,yes,yes,
orig_006937,original_phash,,,,nframe_05426,nframe_05428,TRAIN,TRAIN,no,v40c_03958,no,yes,no,
orig_006938,original_phash,,,,nframe_05426,nframe_05432,TRAIN,TRAIN,no,v40c_03958,no,yes,no,
orig_006939,original_phash,,,,nframe_05426,nframe_05440,TRAIN,TRAIN,no,v40c_03958,no,yes,no,
orig_006940,original_phash,,,,nframe_05427,nframe_05428,TRAIN,TRAIN,no,v40c_03958,no,yes,no,
orig_006941,original_phash,,,,nframe_05427,nframe_05432,TRAIN,TRAIN,no,v40c_03958,no,yes,no,
orig_006942,original_phash,,,,nframe_05427,nframe_05440,TRAIN,TRAIN,no,v40c_03958,no,yes,no,
orig_006943,original_phash,,,,nframe_05428,nframe_05429,TRAIN,TRAIN,no,v40c_03958,no,yes,no,
orig_006944,original_phash,,,,nframe_05429,nframe_05430,TRAIN,TRAIN,no,v40c_03958,no,yes,no,
orig_006945,original_phash,,,,nframe_05430,nframe_05431,TRAIN,TRAIN,no,v40c_03958,no,yes,no,
orig_006946,original_phash,,,,nframe_05431,nframe_05432,TRAIN,TRAIN,no,v40c_03958,no,yes,no,
orig_006947,original_phash,,,,nframe_05431,nframe_05439,TRAIN,TRAIN,no,v40c_03958,no,yes,no,
orig_006948,original_phash,,,,nframe_05432,nframe_05433,TRAIN,TRAIN,no,v40c_03958,no,yes,no,
orig_006949,original_phash,,,,nframe_05432,nframe_05437,TRAIN,TRAIN,no,v40c_03958,no,yes,no,
orig_006950,original_phash,,,,nframe_05432,nframe_05438,TRAIN,TRAIN,no,v40c_03958,no,yes,no,
orig_006951,original_phash,,,,nframe_05432,nframe_05439,TRAIN,TRAIN,no,v40c_03958,no,yes,no,
orig_006952,original_phash,,,,nframe_05432,nframe_05440,TRAIN,TRAIN,no,v40c_03958,no,yes,no,
orig_006953,original_phash,,,,nframe_05432,nframe_05441,TRAIN,TRAIN,no,v40c_03958,no,yes,no,
orig_006954,original_phash,,,,nframe_05432,nframe_05442,TRAIN,TRAIN,no,v40c_03958,no,yes,no,
orig_006955,original_phash,,,,nframe_05433,nframe_05434,TRAIN,TRAIN,no,v40c_03958,no,yes,no,
orig_006956,original_phash,,,,nframe_05433,nframe_05437,TRAIN,TRAIN,no,v40c_03958,no,yes,no,
orig_006957,original_phash,,,,nframe_05433,nframe_05438,TRAIN,TRAIN,no,v40c_03958,no,yes,no,
orig_006958,original_phash,,,,nframe_05433,nframe_05440,TRAIN,TRAIN,no,v40c_03958,no,yes,no,
orig_006959,original_phash,,,,nframe_05433,nframe_05441,TRAIN,TRAIN,no,v40c_03958,no,yes,yes,
orig_006960,original_phash,,,,nframe_05433,nframe_05442,TRAIN,TRAIN,no,v40c_03958,no,yes,yes,
orig_006961,original_phash,,,,nframe_05433,nframe_05443,TRAIN,TRAIN,no,v40c_03958,no,yes,no,
orig_006962,original_phash,,,,nframe_05434,nframe_05435,TRAIN,TRAIN,no,v40c_03958,no,yes,no,
orig_006963,original_phash,,,,nframe_05434,nframe_05436,TRAIN,TRAIN,no,v40c_03958,no,yes,no,
orig_006964,original_phash,,,,nframe_05434,nframe_05437,TRAIN,TRAIN,no,v40c_03958,no,yes,no,
orig_006965,original_phash,,,,nframe_05434,nframe_05438,TRAIN,TRAIN,no,v40c_03958,no,yes,no,
orig_006966,original_phash,,,,nframe_05434,nframe_05443,TRAIN,TRAIN,no,v40c_03958,no,yes,no,
orig_006967,original_exact,,,,nframe_05435,nframe_05436,TRAIN,TRAIN,no,v40c_03958,yes,yes,yes,
orig_006968,original_phash,,,,nframe_05435,nframe_05444,TRAIN,TRAIN,no,v40c_03958,no,yes,no,
orig_006969,original_phash,,,,nframe_05436,nframe_05444,TRAIN,TRAIN,no,v40c_03958,no,yes,no,
orig_006970,original_exact,,,,nframe_05437,nframe_05438,TRAIN,TRAIN,no,v40c_03958,yes,yes,yes,
orig_006971,original_phash,,,,nframe_05437,nframe_05440,TRAIN,TRAIN,no,v40c_03958,no,yes,no,
orig_006972,original_phash,,,,nframe_05437,nframe_05441,TRAIN,TRAIN,no,v40c_03958,no,yes,no,
orig_006973,original_phash,,,,nframe_05437,nframe_05442,TRAIN,TRAIN,no,v40c_03958,no,yes,no,
orig_006974,original_phash,,,,nframe_05437,nframe_05443,TRAIN,TRAIN,no,v40c_03958,no,yes,no,
orig_006975,original_phash,,,,nframe_05438,nframe_05440,TRAIN,TRAIN,no,v40c_03958,no,yes,no,
orig_006976,original_phash,,,,nframe_05438,nframe_05441,TRAIN,TRAIN,no,v40c_03958,no,yes,no,
orig_006977,original_phash,,,,nframe_05438,nframe_05442,TRAIN,TRAIN,no,v40c_03958,no,yes,no,
orig_006978,original_phash,,,,nframe_05438,nframe_05443,TRAIN,TRAIN,no,v40c_03958,no,yes,no,
orig_006979,original_phash,,,,nframe_05439,nframe_05440,TRAIN,TRAIN,no,v40c_03958,no,yes,no,
orig_006980,original_phash,,,,nframe_05439,nframe_05441,TRAIN,TRAIN,no,v40c_03958,no,yes,no,
orig_006981,original_phash,,,,nframe_05439,nframe_05442,TRAIN,TRAIN,no,v40c_03958,no,yes,no,
orig_006982,original_phash,,,,nframe_05440,nframe_05441,TRAIN,TRAIN,no,v40c_03958,no,yes,no,
orig_006983,original_phash,,,,nframe_05440,nframe_05442,TRAIN,TRAIN,no,v40c_03958,no,yes,no,
orig_006984,original_exact,,,,nframe_05441,nframe_05442,TRAIN,TRAIN,no,v40c_03958,yes,yes,yes,
orig_006985,original_phash,,,,nframe_05448,nframe_05449,TRAIN,TRAIN,no,v40c_03962,no,yes,no,
orig_006986,original_phash,,,,nframe_05448,nframe_05450,TRAIN,TRAIN,no,v40c_03962,no,yes,no,
orig_006987,original_phash,,,,nframe_05448,nframe_05451,TRAIN,TRAIN,no,v40c_03962,no,yes,no,
orig_006988,original_phash,,,,nframe_05449,nframe_05450,TRAIN,TRAIN,no,v40c_03962,no,yes,yes,
orig_006989,original_phash,,,,nframe_05449,nframe_05451,TRAIN,TRAIN,no,v40c_03962,no,yes,yes,
orig_006990,original_exact,,,,nframe_05450,nframe_05451,TRAIN,TRAIN,no,v40c_03962,yes,yes,yes,
orig_006991,original_phash,,,,nframe_05455,nframe_05456,TRAIN,TRAIN,no,v40c_03965,no,yes,no,
orig_006992,original_exact,,,,nframe_05457,nframe_05458,TRAIN,TRAIN,no,v40c_03966,yes,yes,yes,
orig_006993,original_phash,,,,nframe_05457,nframe_05459,TRAIN,TRAIN,no,v40c_03966,no,yes,no,
orig_006994,original_phash,,,,nframe_05458,nframe_05459,TRAIN,TRAIN,no,v40c_03966,no,yes,no,
orig_006995,original_phash,,,,nframe_05461,nframe_05462,TRAIN,TRAIN,no,v40c_03968,no,yes,no,
orig_006996,original_phash,,,,nframe_05461,nframe_05463,TRAIN,TRAIN,no,v40c_03968,no,yes,no,
orig_006997,original_phash,,,,nframe_05462,nframe_05463,TRAIN,TRAIN,no,v40c_03968,no,yes,no,
orig_006998,original_phash,,,,nframe_05468,nframe_05483,TRAIN,TRAIN,no,v40c_03973,no,yes,no,
orig_006999,original_phash,,,,nframe_05468,nframe_05484,TRAIN,TRAIN,no,v40c_03973,no,yes,no,
orig_007000,original_phash,,,,nframe_05468,nframe_05485,TRAIN,TRAIN,no,v40c_03973,no,yes,no,
orig_007001,original_phash,,,,nframe_05468,nframe_05486,TRAIN,TRAIN,no,v40c_03973,no,yes,no,
orig_007002,original_dhash,,,,nframe_05468,nframe_05488,TRAIN,TRAIN,no,v40c_03973,no,no,yes,
orig_007003,original_dhash,,,,nframe_05468,nframe_05489,TRAIN,TRAIN,no,v40c_03973,no,no,yes,
orig_007004,original_exact,,,,nframe_05469,nframe_05470,TRAIN,TRAIN,no,v40c_03974,yes,yes,yes,
orig_007005,original_phash,,,,nframe_05471,nframe_05480,TRAIN,TRAIN,no,v40c_03975,no,yes,no,
orig_007006,original_phash,,,,nframe_05473,nframe_05480,TRAIN,TRAIN,no,v40c_03975,no,yes,no,
orig_007007,original_phash,,,,nframe_05474,nframe_05475,TRAIN,TRAIN,no,v40c_03975,no,yes,no,
orig_007008,original_phash,,,,nframe_05474,nframe_05476,TRAIN,TRAIN,no,v40c_03975,no,yes,no,
orig_007009,original_phash,,,,nframe_05474,nframe_05477,TRAIN,TRAIN,no,v40c_03975,no,yes,no,
orig_007010,original_phash,,,,nframe_05474,nframe_05479,TRAIN,TRAIN,no,v40c_03975,no,yes,no,
orig_007011,original_phash,,,,nframe_05474,nframe_05481,TRAIN,TRAIN,no,v40c_03975,no,yes,no,
orig_007012,original_phash,,,,nframe_05475,nframe_05476,TRAIN,TRAIN,no,v40c_03975,no,yes,no,
orig_007013,original_phash,,,,nframe_05475,nframe_05477,TRAIN,TRAIN,no,v40c_03975,no,yes,no,
orig_007014,original_phash,,,,nframe_05475,nframe_05478,TRAIN,TRAIN,no,v40c_03975,no,yes,no,
orig_007015,original_phash,,,,nframe_05476,nframe_05477,TRAIN,TRAIN,no,v40c_03975,no,yes,no,
orig_007016,original_phash,,,,nframe_05476,nframe_05478,TRAIN,TRAIN,no,v40c_03975,no,yes,no,
orig_007017,original_phash,,,,nframe_05477,nframe_05478,TRAIN,TRAIN,no,v40c_03975,no,yes,no,
orig_007018,original_phash,,,,nframe_05479,nframe_05480,TRAIN,TRAIN,no,v40c_03975,no,yes,no,
orig_007019,original_phash,,,,nframe_05479,nframe_05481,TRAIN,TRAIN,no,v40c_03975,no,yes,no,
orig_007020,original_phash,,,,nframe_05480,nframe_05481,TRAIN,TRAIN,no,v40c_03975,no,yes,no,
orig_007021,original_phash,,,,nframe_05482,nframe_05484,TRAIN,TRAIN,no,v40c_03973,no,yes,no,
orig_007022,original_phash,,,,nframe_05482,nframe_05485,TRAIN,TRAIN,no,v40c_03973,no,yes,no,
orig_007023,original_phash,,,,nframe_05482,nframe_05487,TRAIN,TRAIN,no,v40c_03973,no,yes,no,
orig_007024,original_phash,,,,nframe_05483,nframe_05484,TRAIN,TRAIN,no,v40c_03973,no,yes,yes,
orig_007025,original_phash,,,,nframe_05483,nframe_05485,TRAIN,TRAIN,no,v40c_03973,no,yes,yes,
orig_007026,original_phash,,,,nframe_05483,nframe_05486,TRAIN,TRAIN,no,v40c_03973,no,yes,no,
orig_007027,original_phash,,,,nframe_05483,nframe_05487,TRAIN,TRAIN,no,v40c_03973,no,yes,no,
orig_007028,original_phash,,,,nframe_05483,nframe_05488,TRAIN,TRAIN,no,v40c_03973,no,yes,no,
orig_007029,original_exact,,,,nframe_05484,nframe_05485,TRAIN,TRAIN,no,v40c_03973,yes,yes,yes,
orig_007030,original_phash,,,,nframe_05484,nframe_05486,TRAIN,TRAIN,no,v40c_03973,no,yes,no,
orig_007031,original_phash,,,,nframe_05484,nframe_05487,TRAIN,TRAIN,no,v40c_03973,no,yes,no,
orig_007032,original_phash,,,,nframe_05485,nframe_05486,TRAIN,TRAIN,no,v40c_03973,no,yes,no,
orig_007033,original_phash,,,,nframe_05485,nframe_05487,TRAIN,TRAIN,no,v40c_03973,no,yes,no,
orig_007034,original_phash,,,,nframe_05486,nframe_05487,TRAIN,TRAIN,no,v40c_03973,no,yes,yes,
orig_007035,original_phash,,,,nframe_05488,nframe_05489,TRAIN,TRAIN,no,v40c_03973,no,yes,yes,
orig_007036,original_phash,,,,nframe_05489,nframe_05490,TRAIN,TRAIN,no,v40c_03973,no,yes,no,
orig_007037,original_dhash,,,,nframe_05492,nframe_05493,TRAIN,TRAIN,no,v40c_03978,no,no,yes,
orig_007038,original_phash,,,,nframe_05494,nframe_05495,TRAIN,TRAIN,no,v40c_03979,no,yes,no,
orig_007039,original_phash,,,,nframe_05495,nframe_05496,TRAIN,TRAIN,no,v40c_03979,no,yes,no,
orig_007040,original_phash,,,,nframe_05497,nframe_05498,TRAIN,TRAIN,no,v40c_03980,no,yes,no,
orig_007041,original_phash,,,,nframe_05499,nframe_05500,TRAIN,TRAIN,no,v40c_03981,no,yes,no,
orig_007042,original_phash,,,,nframe_05500,nframe_05501,TRAIN,TRAIN,no,v40c_03981,no,yes,no,
orig_007043,original_phash,,,,nframe_05501,nframe_05502,TRAIN,TRAIN,no,v40c_03981,no,yes,no,
orig_007044,original_phash,,,,nframe_05503,nframe_05504,TRAIN,TRAIN,no,v40c_03982,no,yes,no,
orig_007045,original_phash,,,,nframe_05504,nframe_05505,TRAIN,TRAIN,no,v40c_03982,no,yes,no,
orig_007046,original_exact,,,,nframe_05515,nframe_05516,TRAIN,TRAIN,no,v40c_03992,yes,yes,yes,
orig_007047,original_exact,,,,nframe_05519,nframe_05520,TRAIN,TRAIN,no,v40c_03995,yes,yes,yes,
orig_007048,original_phash,,,,nframe_05519,nframe_05521,TRAIN,TRAIN,no,v40c_03995,no,yes,no,
orig_007049,original_phash,,,,nframe_05520,nframe_05521,TRAIN,TRAIN,no,v40c_03995,no,yes,no,
orig_007050,original_exact,,,,nframe_05522,nframe_05523,TRAIN,TRAIN,no,v40c_03996,yes,yes,yes,
orig_007051,original_phash,,,,nframe_05522,nframe_05524,TRAIN,TRAIN,no,v40c_03996,no,yes,no,
orig_007052,original_phash,,,,nframe_05523,nframe_05524,TRAIN,TRAIN,no,v40c_03996,no,yes,no,
orig_007053,original_exact,,,,nframe_05529,nframe_05530,TRAIN,TRAIN,no,v40c_04001,yes,yes,yes,
orig_007054,original_phash,,,,nframe_05529,nframe_05531,TRAIN,TRAIN,no,v40c_04001,no,yes,no,
orig_007055,original_phash,,,,nframe_05530,nframe_05531,TRAIN,TRAIN,no,v40c_04001,no,yes,no,
orig_007056,original_phash,,,,nframe_05532,nframe_05533,TRAIN,TRAIN,no,v40c_04002,no,yes,no,
orig_007057,original_phash,,,,nframe_05533,nframe_05534,TRAIN,TRAIN,no,v40c_04002,no,yes,no,
orig_007058,original_phash,,,,nframe_05533,nframe_05535,TRAIN,TRAIN,no,v40c_04002,no,yes,no,
orig_007059,original_phash,,,,nframe_05534,nframe_05535,TRAIN,TRAIN,no,v40c_04002,no,yes,no,
orig_007060,original_phash,,,,nframe_05535,nframe_05536,TRAIN,TRAIN,no,v40c_04002,no,yes,no,
orig_007061,original_phash,,,,nframe_05535,nframe_05537,TRAIN,TRAIN,no,v40c_04002,no,yes,no,
orig_007062,original_phash,,,,nframe_05536,nframe_05537,TRAIN,TRAIN,no,v40c_04002,no,yes,no,
orig_007063,original_exact,,,,nframe_05543,nframe_05544,TRAIN,TRAIN,no,v40c_04008,yes,yes,yes,
orig_007064,original_dhash,,,,nframe_05547,nframe_09797,TRAIN,TRAIN,no,v40c_02883,no,no,yes,
orig_007065,original_dhash,,,,nframe_05550,nframe_09793,TRAIN,TRAIN,no,v40c_02883,no,no,yes,
orig_007066,original_dhash,,,,nframe_05550,nframe_09795,TRAIN,TRAIN,no,v40c_02883,no,no,yes,
orig_007067,original_dhash,,,,nframe_05550,nframe_09796,TRAIN,TRAIN,no,v40c_02883,no,no,yes,
orig_007068,original_dhash,,,,nframe_05550,nframe_09797,TRAIN,TRAIN,no,v40c_02883,no,no,yes,
orig_007069,original_dhash,,,,nframe_05550,nframe_09801,TRAIN,TRAIN,no,v40c_02883,no,no,yes,
orig_007070,original_dhash,,,,nframe_05550,nframe_09804,TRAIN,TRAIN,no,v40c_02883,no,no,yes,
orig_007071,original_dhash,,,,nframe_05550,nframe_09805,TRAIN,TRAIN,no,v40c_02883,no,no,yes,
orig_007072,original_dhash,,,,nframe_05550,nframe_09806,TRAIN,TRAIN,no,v40c_02883,no,no,yes,
orig_007073,original_dhash,,,,nframe_05550,nframe_09807,TRAIN,TRAIN,no,v40c_02883,no,no,yes,
orig_007074,original_phash,,,,nframe_05552,nframe_05553,TRAIN,TRAIN,no,v40c_02883,no,yes,no,
orig_007075,original_dhash,,,,nframe_05552,nframe_09410,TRAIN,TRAIN,no,v40c_02883,no,no,yes,
orig_007076,original_dhash,,,,nframe_05552,nframe_09411,TRAIN,TRAIN,no,v40c_02883,no,no,yes,
orig_007077,original_dhash,,,,nframe_05556,nframe_09421,TRAIN,TRAIN,no,v40c_04014,no,no,yes,
orig_007078,original_dhash,,,,nframe_05556,nframe_09422,TRAIN,TRAIN,no,v40c_04014,no,no,yes,
orig_007079,original_exact,,,,nframe_05562,nframe_05563,TRAIN,TRAIN,no,v40c_04019,yes,yes,yes,
orig_007080,original_exact,,,,nframe_05603,nframe_05604,TRAIN,TRAIN,no,v40c_04025,yes,yes,yes,
orig_007081,original_phash,,,,nframe_05607,nframe_05608,TRAIN,TRAIN,no,v40c_04028,no,yes,no,
orig_007082,original_exact,,,,nframe_05653,nframe_05654,VALIDATION,VALIDATION,no,v40c_04053,yes,yes,yes,
orig_007083,original_exact,,,,nframe_05655,nframe_05656,VALIDATION,VALIDATION,no,v40c_04054,yes,yes,yes,
orig_007084,original_exact,,,,nframe_05682,nframe_05683,VALIDATION,VALIDATION,no,v40c_04076,yes,yes,yes,
orig_007085,original_phash,,,,nframe_05685,nframe_05686,VALIDATION,VALIDATION,no,v40c_04078,no,yes,no,
orig_007086,original_phash,,,,nframe_05687,nframe_05688,VALIDATION,VALIDATION,no,v40c_04079,no,yes,no,
orig_007087,original_phash,,,,nframe_05712,nframe_05713,TRAIN,TRAIN,no,v40c_04087,no,yes,no,
orig_007088,original_phash,,,,nframe_05714,nframe_05715,TRAIN,TRAIN,no,v40c_04088,no,yes,no,
orig_007089,original_phash,,,,nframe_05719,nframe_05720,TRAIN,TRAIN,no,v40c_04092,no,yes,no,
orig_007090,original_phash,,,,nframe_05724,nframe_05725,TRAIN,TRAIN,no,v40c_04096,no,yes,no,
orig_007091,original_phash,,,,nframe_05726,nframe_05727,TRAIN,TRAIN,no,v40c_04097,no,yes,no,
orig_007092,original_phash,,,,nframe_05728,nframe_05729,TRAIN,TRAIN,no,v40c_04098,no,yes,no,
orig_007093,original_phash,,,,nframe_05731,nframe_05732,TRAIN,TRAIN,no,v40c_04100,no,yes,no,
orig_007094,original_phash,,,,nframe_05732,nframe_05733,TRAIN,TRAIN,no,v40c_04100,no,yes,no,
orig_007095,original_phash,,,,nframe_06372,nframe_06373,VALIDATION,VALIDATION,no,v40c_04105,no,yes,no,
orig_007096,original_phash,,,,nframe_06377,nframe_06378,VALIDATION,VALIDATION,no,v40c_04106,no,yes,no,
orig_007097,original_phash,,,,nframe_06378,nframe_06379,VALIDATION,VALIDATION,no,v40c_04106,no,yes,no,
orig_007098,original_phash,,,,nframe_06379,nframe_06380,VALIDATION,VALIDATION,no,v40c_04106,no,yes,no,
orig_007099,original_phash,,,,nframe_06380,nframe_06381,VALIDATION,VALIDATION,no,v40c_04106,no,yes,no,
orig_007100,original_phash,,,,nframe_06390,nframe_06391,VALIDATION,VALIDATION,no,v40c_04115,no,yes,no,
orig_007101,original_phash,,,,nframe_06391,nframe_06392,VALIDATION,VALIDATION,no,v40c_04115,no,yes,no,
orig_007102,original_phash,,,,nframe_06391,nframe_06393,VALIDATION,VALIDATION,no,v40c_04115,no,yes,no,
orig_007103,original_phash,,,,nframe_06391,nframe_06394,VALIDATION,VALIDATION,no,v40c_04115,no,yes,no,
orig_007104,original_phash,,,,nframe_06392,nframe_06393,VALIDATION,VALIDATION,no,v40c_04115,no,yes,no,
orig_007105,original_phash,,,,nframe_06392,nframe_06394,VALIDATION,VALIDATION,no,v40c_04115,no,yes,no,
orig_007106,original_phash,,,,nframe_06393,nframe_06394,VALIDATION,VALIDATION,no,v40c_04115,no,yes,no,
orig_007107,original_exact,,,,nframe_06406,nframe_06407,VALIDATION,VALIDATION,no,v40c_04123,yes,yes,yes,
orig_007108,original_phash,,,,nframe_06423,nframe_06424,VALIDATION,VALIDATION,no,v40c_04133,no,yes,no,
orig_007109,original_phash,,,,nframe_06427,nframe_06428,VALIDATION,VALIDATION,no,v40c_04136,no,yes,no,
orig_007110,original_phash,,,,nframe_06430,nframe_06431,VALIDATION,VALIDATION,no,v40c_04138,no,yes,no,
orig_007111,original_phash,,,,nframe_06431,nframe_06432,VALIDATION,VALIDATION,no,v40c_04138,no,yes,no,
orig_007112,original_phash,,,,nframe_06433,nframe_06434,VALIDATION,VALIDATION,no,v40c_04139,no,yes,no,
orig_007113,original_phash,,,,nframe_06433,nframe_06435,VALIDATION,VALIDATION,no,v40c_04139,no,yes,no,
orig_007114,original_exact,,,,nframe_06434,nframe_06435,VALIDATION,VALIDATION,no,v40c_04139,yes,yes,yes,
orig_007115,original_phash,,,,nframe_06434,nframe_06436,VALIDATION,VALIDATION,no,v40c_04139,no,yes,no,
orig_007116,original_phash,,,,nframe_06435,nframe_06436,VALIDATION,VALIDATION,no,v40c_04139,no,yes,no,
orig_007117,original_exact,,,,nframe_06438,nframe_06439,VALIDATION,VALIDATION,no,v40c_04141,yes,yes,yes,
orig_007118,original_exact,,,,nframe_06444,nframe_06445,VALIDATION,VALIDATION,no,v40c_04146,yes,yes,yes,
orig_007119,original_exact,,,,nframe_06451,nframe_06452,VALIDATION,VALIDATION,no,v40c_04152,yes,yes,yes,
orig_007120,original_phash,,,,nframe_06483,nframe_06484,TRAIN,TRAIN,no,v40c_04167,no,yes,no,
orig_007121,original_exact,,,,nframe_06487,nframe_06488,TRAIN,TRAIN,no,v40c_04170,yes,yes,yes,
orig_007122,original_dhash,,,,nframe_06518,nframe_06519,TRAIN,TRAIN,no,v40c_04194,no,no,yes,
orig_007123,original_phash,,,,nframe_06519,nframe_06520,TRAIN,TRAIN,no,v40c_04194,no,yes,no,
orig_007124,original_phash,,,,nframe_06522,nframe_06523,TRAIN,TRAIN,no,v40c_04196,no,yes,yes,
orig_007125,original_exact,,,,nframe_06531,nframe_06532,TRAIN,TRAIN,no,v40c_04204,yes,yes,yes,
orig_007126,original_exact,,,,nframe_06561,nframe_06562,TRAIN,TRAIN,no,v40c_04233,yes,yes,yes,
orig_007127,original_exact,,,,nframe_06563,nframe_06564,TRAIN,TRAIN,no,v40c_04234,yes,yes,yes,
orig_007128,original_phash,,,,nframe_06566,nframe_06567,TRAIN,TRAIN,no,v40c_04236,no,yes,no,
orig_007129,original_exact,,,,nframe_06568,nframe_06569,TRAIN,TRAIN,no,v40c_04237,yes,yes,yes,
orig_007130,original_phash,,,,nframe_06573,nframe_06574,TRAIN,TRAIN,no,v40c_04241,no,yes,no,
orig_007131,original_phash,,,,nframe_06573,nframe_06575,TRAIN,TRAIN,no,v40c_04241,no,yes,no,
orig_007132,original_exact,,,,nframe_06574,nframe_06575,TRAIN,TRAIN,no,v40c_04241,yes,yes,yes,
orig_007133,original_dhash,,,,nframe_06578,nframe_06579,VALIDATION,VALIDATION,no,v40c_04243,no,no,yes,
orig_007134,original_phash,,,,nframe_06613,nframe_06614,TRAIN,TRAIN,no,v40c_04259,no,yes,no,
orig_007135,original_exact,,,,nframe_06621,nframe_06622,TRAIN,TRAIN,no,v40c_04266,yes,yes,yes,
orig_007136,original_exact,,,,nframe_06624,nframe_06625,TRAIN,TRAIN,no,v40c_04268,yes,yes,yes,
orig_007137,original_exact,,,,nframe_06629,nframe_06630,TRAIN,TRAIN,no,v40c_04272,yes,yes,yes,
orig_007138,original_exact,,,,nframe_06634,nframe_06635,TRAIN,TRAIN,no,v40c_04276,yes,yes,yes,
orig_007139,original_phash,,,,nframe_06637,nframe_06638,TRAIN,TRAIN,no,v40c_04278,no,yes,no,
orig_007140,original_dhash,,,,nframe_06660,nframe_06661,TRAIN,TRAIN,no,v40c_04285,no,no,yes,
orig_007141,original_dhash,,,,nframe_06662,nframe_06663,TRAIN,TRAIN,no,v40c_04286,no,no,yes,
orig_007142,original_dhash,,,,nframe_06663,nframe_06664,TRAIN,TRAIN,no,v40c_04286,no,no,yes,
orig_007143,original_exact,,,,nframe_06667,nframe_06668,TRAIN,TRAIN,no,v40c_04289,yes,yes,yes,
orig_007144,original_dhash,,,,nframe_06667,nframe_06669,TRAIN,TRAIN,no,v40c_04289,no,no,yes,
orig_007145,original_dhash,,,,nframe_06668,nframe_06669,TRAIN,TRAIN,no,v40c_04289,no,no,yes,
orig_007146,original_phash,,,,nframe_06669,nframe_06673,TRAIN,TRAIN,no,v40c_04289,no,yes,no,
orig_007147,original_phash,,,,nframe_06669,nframe_06674,TRAIN,TRAIN,no,v40c_04289,no,yes,no,
orig_007148,original_exact,,,,nframe_06670,nframe_06671,VALIDATION,VALIDATION,no,v40c_04289,yes,yes,yes,
orig_007149,original_phash,,,,nframe_06673,nframe_06674,TRAIN,TRAIN,no,v40c_04289,no,yes,no,
orig_007150,original_phash,,,,nframe_06675,nframe_06676,TRAIN,TRAIN,no,v40c_04290,no,yes,yes,
orig_007151,original_dhash,,,,nframe_06675,nframe_06678,TRAIN,TRAIN,no,v40c_04290,no,no,yes,
orig_007152,original_dhash,,,,nframe_06675,nframe_06679,TRAIN,TRAIN,no,v40c_04290,no,no,yes,
orig_007153,original_exact,,,,nframe_06678,nframe_06679,TRAIN,TRAIN,no,v40c_04290,yes,yes,yes,
orig_007154,original_exact,,,,nframe_06680,nframe_06681,TRAIN,TRAIN,no,v40c_04292,yes,yes,yes,
orig_007155,original_exact,,,,nframe_06727,nframe_06728,TRAIN,TRAIN,no,v40c_04301,yes,yes,yes,
orig_007156,original_exact,,,,nframe_06755,nframe_06756,TRAIN,TRAIN,no,v40c_04308,yes,yes,yes,
orig_007157,original_phash,,,,nframe_06755,nframe_09563,TRAIN,TRAIN,no,v40c_04308,no,yes,no,
orig_007158,original_phash,,,,nframe_06756,nframe_09563,TRAIN,TRAIN,no,v40c_04308,no,yes,no,
orig_007159,original_exact,,,,nframe_06784,nframe_06785,VALIDATION,VALIDATION,no,v40c_04311,yes,yes,yes,
orig_007160,original_phash,,,,nframe_06784,nframe_06786,VALIDATION,VALIDATION,no,v40c_04311,no,yes,no,
orig_007161,original_phash,,,,nframe_06785,nframe_06786,VALIDATION,VALIDATION,no,v40c_04311,no,yes,no,
orig_007162,original_exact,,,,nframe_06787,nframe_06788,VALIDATION,VALIDATION,no,v40c_04312,yes,yes,yes,
orig_007163,original_exact,,,,nframe_06792,nframe_06793,VALIDATION,VALIDATION,no,v40c_04316,yes,yes,yes,
orig_007164,original_exact,,,,nframe_06795,nframe_06796,VALIDATION,VALIDATION,no,v40c_04317,yes,yes,yes,
orig_007165,original_exact,,,,nframe_06797,nframe_06798,VALIDATION,VALIDATION,no,v40c_04317,yes,yes,yes,
orig_007166,original_exact,,,,nframe_06936,nframe_06937,TRAIN,TRAIN,no,v40c_04329,yes,yes,yes,
orig_007167,original_exact,,,,nframe_06938,nframe_06939,TRAIN,TRAIN,no,v40c_04330,yes,yes,yes,
orig_007168,original_exact,,,,nframe_06961,nframe_06962,TRAIN,TRAIN,no,v40c_04350,yes,yes,yes,
orig_007169,original_phash,,,,nframe_06963,nframe_08361,TRAIN,TRAIN,no,v40c_04351,no,yes,no,
orig_007170,original_phash,,,,nframe_06963,nframe_08362,TRAIN,TRAIN,no,v40c_04351,no,yes,no,
orig_007171,original_phash,,,,nframe_06963,nframe_08363,TRAIN,TRAIN,no,v40c_04351,no,yes,no,
orig_007172,original_dhash,,,,nframe_06964,nframe_06965,TRAIN,TRAIN,no,v40c_04352,no,no,yes,
orig_007173,original_exact,,,,nframe_06974,nframe_06975,TRAIN,TRAIN,no,v40c_04361,yes,yes,yes,
orig_007174,original_exact,,,,nframe_06981,nframe_06982,TRAIN,TRAIN,no,v40c_04366,yes,yes,yes,
orig_007175,original_exact,,,,nframe_06984,nframe_06985,TRAIN,TRAIN,no,v40c_04368,yes,yes,yes,
orig_007176,original_exact,,,,nframe_06986,nframe_06987,TRAIN,TRAIN,no,v40c_04369,yes,yes,yes,
orig_007177,original_phash,,,,nframe_06989,nframe_06990,TRAIN,TRAIN,no,v40c_04371,no,yes,no,
orig_007178,original_dhash,,,,nframe_06993,nframe_06994,TRAIN,TRAIN,no,v40c_04374,no,no,yes,
orig_007179,original_phash,,,,nframe_06995,nframe_06996,TRAIN,TRAIN,no,v40c_04375,no,yes,no,
orig_007180,original_exact,,,,nframe_06997,nframe_06998,TRAIN,TRAIN,no,v40c_04376,yes,yes,yes,
orig_007181,original_exact,,,,nframe_06999,nframe_07000,TRAIN,TRAIN,no,v40c_04377,yes,yes,yes,
orig_007182,original_exact,,,,nframe_07005,nframe_07006,TRAIN,TRAIN,no,v40c_04382,yes,yes,yes,
orig_007183,original_phash,,,,nframe_07009,nframe_07010,VALIDATION,VALIDATION,no,v40c_04384,no,yes,no,
orig_007184,original_phash,,,,nframe_07021,nframe_07022,TRAIN,TRAIN,no,v40c_04391,no,yes,no,
orig_007185,original_phash,,,,nframe_07022,nframe_07023,TRAIN,TRAIN,no,v40c_04391,no,yes,no,
orig_007186,original_phash,,,,nframe_07122,nframe_07123,TRAIN,TRAIN,no,v40c_04401,no,yes,no,
orig_007187,original_phash,,,,nframe_07122,nframe_07124,TRAIN,TRAIN,no,v40c_04401,no,yes,no,
orig_007188,original_phash,,,,nframe_07123,nframe_07124,TRAIN,TRAIN,no,v40c_04401,no,yes,no,
orig_007189,original_phash,,,,nframe_07124,nframe_07125,TRAIN,TRAIN,no,v40c_04401,no,yes,no,
orig_007190,original_phash,,,,nframe_07126,nframe_07127,TRAIN,TRAIN,no,v40c_04402,no,yes,no,
orig_007191,original_phash,,,,nframe_07127,nframe_07128,TRAIN,TRAIN,no,v40c_04402,no,yes,no,
orig_007192,original_phash,,,,nframe_07127,nframe_07129,TRAIN,TRAIN,no,v40c_04402,no,yes,no,
orig_007193,original_phash,,,,nframe_07127,nframe_07130,TRAIN,TRAIN,no,v40c_04402,no,yes,no,
orig_007194,original_phash,,,,nframe_07128,nframe_07129,TRAIN,TRAIN,no,v40c_04402,no,yes,no,
orig_007195,original_phash,,,,nframe_07128,nframe_07130,TRAIN,TRAIN,no,v40c_04402,no,yes,no,
orig_007196,original_phash,,,,nframe_07128,nframe_07131,TRAIN,TRAIN,no,v40c_04402,no,yes,no,
orig_007197,original_phash,,,,nframe_07128,nframe_07132,TRAIN,TRAIN,no,v40c_04402,no,yes,no,
orig_007198,original_phash,,,,nframe_07128,nframe_07133,TRAIN,TRAIN,no,v40c_04402,no,yes,no,
orig_007199,original_phash,,,,nframe_07129,nframe_07130,TRAIN,TRAIN,no,v40c_04402,no,yes,no,
orig_007200,original_phash,,,,nframe_07129,nframe_07131,TRAIN,TRAIN,no,v40c_04402,no,yes,no,
orig_007201,original_phash,,,,nframe_07129,nframe_07132,TRAIN,TRAIN,no,v40c_04402,no,yes,no,
orig_007202,original_phash,,,,nframe_07129,nframe_07133,TRAIN,TRAIN,no,v40c_04402,no,yes,no,
orig_007203,original_phash,,,,nframe_07130,nframe_07131,TRAIN,TRAIN,no,v40c_04402,no,yes,no,
orig_007204,original_phash,,,,nframe_07130,nframe_07132,TRAIN,TRAIN,no,v40c_04402,no,yes,no,
orig_007205,original_phash,,,,nframe_07130,nframe_07133,TRAIN,TRAIN,no,v40c_04402,no,yes,no,
orig_007206,original_exact,,,,nframe_07131,nframe_07132,TRAIN,TRAIN,no,v40c_04402,yes,yes,yes,
orig_007207,original_exact,,,,nframe_07139,nframe_07140,TRAIN,TRAIN,no,v40c_04408,yes,yes,yes,
orig_007208,original_phash,,,,nframe_07142,nframe_07143,TRAIN,TRAIN,no,v40c_04410,no,yes,no,
orig_007209,original_exact,,,,nframe_07144,nframe_07145,TRAIN,TRAIN,no,v40c_04411,yes,yes,yes,
orig_007210,original_phash,,,,nframe_07151,nframe_07152,TRAIN,TRAIN,no,v40c_04417,no,yes,no,
orig_007211,original_phash,,,,nframe_07153,nframe_07154,TRAIN,TRAIN,no,v40c_04418,no,yes,no,
orig_007212,original_phash,,,,nframe_07153,nframe_07155,TRAIN,TRAIN,no,v40c_04418,no,yes,no,
orig_007213,original_exact,,,,nframe_07154,nframe_07155,TRAIN,TRAIN,no,v40c_04418,yes,yes,yes,
orig_007214,original_phash,,,,nframe_07159,nframe_07160,TRAIN,TRAIN,no,v40c_04422,no,yes,no,
orig_007215,original_phash,,,,nframe_07159,nframe_07161,TRAIN,TRAIN,no,v40c_04422,no,yes,no,
orig_007216,original_phash,,,,nframe_07160,nframe_07161,TRAIN,TRAIN,no,v40c_04422,no,yes,no,
orig_007217,original_phash,,,,nframe_07161,nframe_07163,TRAIN,TRAIN,no,v40c_04422,no,yes,no,
orig_007218,original_phash,,,,nframe_07163,nframe_07164,TRAIN,TRAIN,no,v40c_04422,no,yes,no,
orig_007219,original_phash,,,,nframe_07164,nframe_07165,TRAIN,TRAIN,no,v40c_04422,no,yes,no,
orig_007220,original_phash,,,,nframe_07167,nframe_07168,TRAIN,TRAIN,no,v40c_04425,no,yes,no,
orig_007221,original_phash,,,,nframe_07167,nframe_07169,TRAIN,TRAIN,no,v40c_04425,no,yes,no,
orig_007222,original_phash,,,,nframe_07167,nframe_07170,TRAIN,TRAIN,no,v40c_04425,no,yes,no,
orig_007223,original_phash,,,,nframe_07168,nframe_07169,TRAIN,TRAIN,no,v40c_04425,no,yes,no,
orig_007224,original_phash,,,,nframe_07168,nframe_07170,TRAIN,TRAIN,no,v40c_04425,no,yes,no,
orig_007225,original_phash,,,,nframe_07169,nframe_07170,TRAIN,TRAIN,no,v40c_04425,no,yes,no,
orig_007226,original_exact,,,,nframe_07172,nframe_07173,TRAIN,TRAIN,no,v40c_04427,yes,yes,yes,
orig_007227,original_exact,,,,nframe_07175,nframe_07176,TRAIN,TRAIN,no,v40c_04429,yes,yes,yes,
orig_007228,original_phash,,,,nframe_07190,nframe_07191,TRAIN,TRAIN,no,v40c_04442,no,yes,no,
orig_007229,original_phash,,,,nframe_07192,nframe_07193,TRAIN,TRAIN,no,v40c_04443,no,yes,no,
orig_007230,original_phash,,,,nframe_07194,nframe_07195,TRAIN,TRAIN,no,v40c_04444,no,yes,no,
orig_007231,original_phash,,,,nframe_07201,nframe_07202,TRAIN,TRAIN,no,v40c_04448,no,yes,no,
orig_007232,original_phash,,,,nframe_07205,nframe_07206,TRAIN,TRAIN,no,v40c_04451,no,yes,no,
orig_007233,original_phash,,,,nframe_07207,nframe_07208,TRAIN,TRAIN,no,v40c_04452,no,yes,no,
orig_007234,original_phash,,,,nframe_07207,nframe_07209,TRAIN,TRAIN,no,v40c_04452,no,yes,no,
orig_007235,original_phash,,,,nframe_07208,nframe_07209,TRAIN,TRAIN,no,v40c_04452,no,yes,no,
orig_007236,original_phash,,,,nframe_07213,nframe_07214,TRAIN,TRAIN,no,v40c_04456,no,yes,no,
orig_007237,original_phash,,,,nframe_07222,nframe_07223,TRAIN,TRAIN,no,v40c_04464,no,yes,no,
orig_007238,original_phash,,,,nframe_07225,nframe_07226,TRAIN,TRAIN,no,v40c_04466,no,yes,no,
orig_007239,original_dhash,,,,nframe_07227,nframe_07228,TRAIN,TRAIN,no,v40c_04467,no,no,yes,
orig_007240,original_dhash,,,,nframe_07227,nframe_07229,TRAIN,TRAIN,no,v40c_04467,no,no,yes,
orig_007241,original_phash,,,,nframe_07228,nframe_07229,TRAIN,TRAIN,no,v40c_04467,no,yes,no,
orig_007242,original_phash,,,,nframe_07234,nframe_07235,TRAIN,TRAIN,no,v40c_04472,no,yes,no,
orig_007243,original_phash,,,,nframe_07234,nframe_07236,TRAIN,TRAIN,no,v40c_04472,no,yes,no,
orig_007244,original_exact,,,,nframe_07235,nframe_07236,TRAIN,TRAIN,no,v40c_04472,yes,yes,yes,
orig_007245,original_phash,,,,nframe_07237,nframe_07238,TRAIN,TRAIN,no,v40c_04473,no,yes,no,
orig_007246,original_phash,,,,nframe_07238,nframe_07239,TRAIN,TRAIN,no,v40c_04473,no,yes,no,
orig_007247,original_phash,,,,nframe_07240,nframe_07241,TRAIN,TRAIN,no,v40c_04474,no,yes,yes,
orig_007248,original_phash,,,,nframe_07240,nframe_07242,TRAIN,TRAIN,no,v40c_04474,no,yes,no,
orig_007249,original_phash,,,,nframe_07241,nframe_07242,TRAIN,TRAIN,no,v40c_04474,no,yes,no,
orig_007250,original_phash,,,,nframe_07243,nframe_07244,TRAIN,TRAIN,no,v40c_04475,no,yes,no,
orig_007251,original_phash,,,,nframe_07245,nframe_07246,TRAIN,TRAIN,no,v40c_04476,no,yes,no,
orig_007252,original_phash,,,,nframe_07246,nframe_07247,TRAIN,TRAIN,no,v40c_04476,no,yes,no,
orig_007253,original_phash,,,,nframe_07247,nframe_07248,TRAIN,TRAIN,no,v40c_04476,no,yes,no,
orig_007254,original_phash,,,,nframe_07248,nframe_07249,TRAIN,TRAIN,no,v40c_04476,no,yes,no,
orig_007255,original_phash,,,,nframe_07249,nframe_07250,TRAIN,TRAIN,no,v40c_04476,no,yes,no,
orig_007256,original_phash,,,,nframe_07253,nframe_07254,TRAIN,TRAIN,no,v40c_04479,no,yes,yes,
orig_007257,original_phash,,,,nframe_07255,nframe_07256,TRAIN,TRAIN,no,v40c_04480,no,yes,no,
orig_007258,original_phash,,,,nframe_07256,nframe_07257,TRAIN,TRAIN,no,v40c_04480,no,yes,no,
orig_007259,original_phash,,,,nframe_07260,nframe_07261,TRAIN,TRAIN,no,v40c_04483,no,yes,no,
orig_007260,original_phash,,,,nframe_07260,nframe_07262,TRAIN,TRAIN,no,v40c_04483,no,yes,no,
orig_007261,original_phash,,,,nframe_07261,nframe_07262,TRAIN,TRAIN,no,v40c_04483,no,yes,no,
orig_007262,original_phash,,,,nframe_07346,nframe_07347,VALIDATION,VALIDATION,no,v40c_04486,no,yes,no,
orig_007263,original_dhash,,,,nframe_07346,nframe_07348,VALIDATION,VALIDATION,no,v40c_04486,no,no,yes,
orig_007264,original_dhash,,,,nframe_07346,nframe_07349,VALIDATION,VALIDATION,no,v40c_04486,no,no,yes,
orig_007265,original_phash,,,,nframe_07348,nframe_07349,VALIDATION,VALIDATION,no,v40c_04486,no,yes,no,
orig_007266,original_phash,,,,nframe_07349,nframe_07350,VALIDATION,VALIDATION,no,v40c_04486,no,yes,no,
orig_007267,original_phash,,,,nframe_07352,nframe_07353,VALIDATION,VALIDATION,no,v40c_04486,no,yes,no,
orig_007268,original_phash,,,,nframe_07354,nframe_07355,VALIDATION,VALIDATION,no,v40c_04486,no,yes,no,
orig_007269,original_phash,,,,nframe_07358,nframe_07359,VALIDATION,VALIDATION,no,v40c_04487,no,yes,no,
orig_007270,original_phash,,,,nframe_07380,nframe_07381,TRAIN,TRAIN,no,v40c_04492,no,yes,no,
orig_007271,original_exact,,,,nframe_07382,nframe_07383,TRAIN,TRAIN,no,v40c_04493,yes,yes,yes,
orig_007272,original_phash,,,,nframe_07396,nframe_07397,TRAIN,TRAIN,no,v40c_04506,no,yes,no,
orig_007273,original_phash,,,,nframe_07396,nframe_07398,TRAIN,TRAIN,no,v40c_04506,no,yes,no,
orig_007274,original_phash,,,,nframe_07397,nframe_07398,TRAIN,TRAIN,no,v40c_04506,no,yes,no,
orig_007275,original_exact,,,,nframe_07400,nframe_07401,TRAIN,TRAIN,no,v40c_04508,yes,yes,yes,
orig_007276,original_phash,,,,nframe_07404,nframe_07405,TRAIN,TRAIN,no,v40c_04511,no,yes,no,
orig_007277,original_exact,,,,nframe_07424,nframe_07425,VALIDATION,VALIDATION,no,v40c_04514,yes,yes,yes,
orig_007278,original_exact,,,,nframe_07427,nframe_07428,VALIDATION,VALIDATION,no,v40c_04516,yes,yes,yes,
orig_007279,original_phash,,,,nframe_07432,nframe_07433,VALIDATION,VALIDATION,no,v40c_04520,no,yes,no,
orig_007280,original_exact,,,,nframe_07447,nframe_07448,VALIDATION,VALIDATION,no,v40c_04534,yes,yes,yes,
orig_007281,original_exact,,,,nframe_07458,nframe_07459,VALIDATION,VALIDATION,no,v40c_04544,yes,yes,yes,
orig_007282,original_exact,,,,nframe_07462,nframe_07463,VALIDATION,VALIDATION,no,v40c_04547,yes,yes,yes,
orig_007283,original_exact,,,,nframe_07465,nframe_07466,VALIDATION,VALIDATION,no,v40c_04549,yes,yes,yes,
orig_007284,original_phash,,,,nframe_07471,nframe_07472,VALIDATION,VALIDATION,no,v40c_04554,no,yes,no,
orig_007285,original_dhash,,,,nframe_07474,nframe_07477,VALIDATION,VALIDATION,no,v40c_04556,no,no,yes,
orig_007286,original_dhash,,,,nframe_07477,nframe_07479,VALIDATION,VALIDATION,no,v40c_04556,no,no,yes,
orig_007287,original_phash,,,,nframe_07478,nframe_07479,VALIDATION,VALIDATION,no,v40c_04556,no,yes,no,
orig_007288,original_phash,,,,nframe_07480,nframe_07481,VALIDATION,VALIDATION,no,v40c_04559,no,yes,no,
orig_007289,original_exact,,,,nframe_07507,nframe_07508,VALIDATION,VALIDATION,no,v40c_04585,yes,yes,yes,
orig_007290,original_exact,,,,nframe_07510,nframe_07511,VALIDATION,VALIDATION,no,v40c_04587,yes,yes,yes,
orig_007291,original_exact,,,,nframe_07515,nframe_07516,VALIDATION,VALIDATION,no,v40c_04591,yes,yes,yes,
orig_007292,original_dhash,,,,nframe_07519,nframe_07520,VALIDATION,VALIDATION,no,v40c_04594,no,no,yes,
orig_007293,original_exact,,,,nframe_07532,nframe_07533,VALIDATION,VALIDATION,no,v40c_04606,yes,yes,yes,
orig_007294,original_exact,,,,nframe_07540,nframe_07541,VALIDATION,VALIDATION,no,v40c_04613,yes,yes,yes,
orig_007295,original_exact,,,,nframe_07545,nframe_07546,VALIDATION,VALIDATION,no,v40c_04617,yes,yes,yes,
orig_007296,original_phash,,,,nframe_07569,nframe_07570,TRAIN,TRAIN,no,v40c_04624,no,yes,no,
orig_007297,original_phash,,,,nframe_07569,nframe_07571,TRAIN,TRAIN,no,v40c_04624,no,yes,no,
orig_007298,original_exact,,,,nframe_07570,nframe_07571,TRAIN,TRAIN,no,v40c_04624,yes,yes,yes,
orig_007299,original_exact,,,,nframe_07573,nframe_07574,TRAIN,TRAIN,no,v40c_04626,yes,yes,yes,
orig_007300,original_dhash,,,,nframe_07575,nframe_07576,TRAIN,TRAIN,no,v40c_04627,no,no,yes,
orig_007301,original_exact,,,,nframe_07577,nframe_07578,TRAIN,TRAIN,no,v40c_04628,yes,yes,yes,
orig_007302,original_dhash,,,,nframe_07594,nframe_07595,TRAIN,TRAIN,no,v40c_04644,no,no,yes,
orig_007303,original_phash,,,,nframe_07624,nframe_07625,VALIDATION,VALIDATION,no,v40c_04656,no,yes,no,
orig_007304,original_dhash,,,,nframe_07627,nframe_07628,VALIDATION,VALIDATION,no,v40c_04658,no,no,yes,
orig_007305,original_phash,,,,nframe_07628,nframe_07629,VALIDATION,VALIDATION,no,v40c_04658,no,yes,yes,
orig_007306,original_phash,,,,nframe_07629,nframe_07630,VALIDATION,VALIDATION,no,v40c_04658,no,yes,no,
orig_007307,original_phash,,,,nframe_07631,nframe_07632,VALIDATION,VALIDATION,no,v40c_04659,no,yes,no,
orig_007308,original_exact,,,,nframe_07633,nframe_07634,VALIDATION,VALIDATION,no,v40c_04660,yes,yes,yes,
orig_007309,original_dhash,,,,nframe_07637,nframe_07638,VALIDATION,VALIDATION,no,v40c_04663,no,no,yes,
orig_007310,original_dhash,,,,nframe_07637,nframe_07640,VALIDATION,VALIDATION,no,v40c_04663,no,no,yes,
orig_007311,original_exact,,,,nframe_07647,nframe_07648,VALIDATION,VALIDATION,no,v40c_04671,yes,yes,yes,
orig_007312,original_exact,,,,nframe_07654,nframe_07655,VALIDATION,VALIDATION,no,v40c_04677,yes,yes,yes,
orig_007313,original_exact,,,,nframe_07656,nframe_07657,VALIDATION,VALIDATION,no,v40c_04678,yes,yes,yes,
orig_007314,original_phash,,,,nframe_07659,nframe_07660,VALIDATION,VALIDATION,no,v40c_04680,no,yes,no,
orig_007315,original_phash,,,,nframe_07659,nframe_07661,VALIDATION,VALIDATION,no,v40c_04680,no,yes,no,
orig_007316,original_phash,,,,nframe_07660,nframe_07661,VALIDATION,VALIDATION,no,v40c_04680,no,yes,no,
orig_007317,original_dhash,,,,nframe_07677,nframe_07678,VALIDATION,VALIDATION,no,v40c_04696,no,no,yes,
orig_007318,original_dhash,,,,nframe_07677,nframe_07680,VALIDATION,VALIDATION,no,v40c_04696,no,no,yes,
orig_007319,original_phash,,,,nframe_07678,nframe_07679,VALIDATION,VALIDATION,no,v40c_04696,no,yes,no,
orig_007320,original_dhash,,,,nframe_07678,nframe_07680,VALIDATION,VALIDATION,no,v40c_04696,no,no,yes,
orig_007321,original_phash,,,,nframe_07679,nframe_07680,VALIDATION,VALIDATION,no,v40c_04696,no,yes,yes,
orig_007322,original_phash,,,,nframe_07680,nframe_07681,VALIDATION,VALIDATION,no,v40c_04696,no,yes,no,
orig_007323,original_phash,,,,nframe_07686,nframe_07687,VALIDATION,VALIDATION,no,v40c_04701,no,yes,no,
orig_007324,original_phash,,,,nframe_07687,nframe_07688,VALIDATION,VALIDATION,no,v40c_04701,no,yes,no,
orig_007325,original_dhash,,,,nframe_07691,nframe_07692,VALIDATION,VALIDATION,no,v40c_04704,no,no,yes,
orig_007326,original_dhash,,,,nframe_07691,nframe_07693,VALIDATION,VALIDATION,no,v40c_04704,no,no,yes,
orig_007327,original_dhash,,,,nframe_07692,nframe_07693,VALIDATION,VALIDATION,no,v40c_04704,no,no,yes,
orig_007328,original_exact,,,,nframe_07698,nframe_07699,VALIDATION,VALIDATION,no,v40c_04709,yes,yes,yes,
orig_007329,original_exact,,,,nframe_07719,nframe_07720,VALIDATION,VALIDATION,no,v40c_04729,yes,yes,yes,
orig_007330,original_exact,,,,nframe_07732,nframe_07733,VALIDATION,VALIDATION,no,v40c_04740,yes,yes,yes,
orig_007331,original_exact,,,,nframe_07760,nframe_07761,TRAIN,TRAIN,no,v40c_04751,yes,yes,yes,
orig_007332,original_dhash,,,,nframe_07765,nframe_07766,TRAIN,TRAIN,no,v40c_04755,no,no,yes,
orig_007333,original_exact,,,,nframe_07768,nframe_07769,TRAIN,TRAIN,no,v40c_04757,yes,yes,yes,
orig_007334,original_phash,,,,nframe_07775,nframe_07776,TRAIN,TRAIN,no,v40c_04762,no,yes,no,
orig_007335,original_exact,,,,nframe_07797,nframe_07798,TRAIN,TRAIN,no,v40c_04769,yes,yes,yes,
orig_007336,original_dhash,,,,nframe_07809,nframe_07810,TRAIN,TRAIN,no,v40c_04780,no,no,yes,
orig_007337,original_dhash,,,,nframe_07819,nframe_07821,TRAIN,TRAIN,no,v40c_04784,no,no,yes,
orig_007338,original_exact,,,,nframe_07823,nframe_07824,TRAIN,TRAIN,no,v40c_04787,yes,yes,yes,
orig_007339,original_dhash,,,,nframe_07834,nframe_07839,VALIDATION,VALIDATION,no,v40c_04796,no,no,yes,
orig_007340,original_dhash,,,,nframe_07834,nframe_07844,VALIDATION,VALIDATION,no,v40c_04796,no,no,yes,
orig_007341,original_exact,,,,nframe_07835,nframe_07836,VALIDATION,VALIDATION,no,v40c_04796,yes,yes,yes,
orig_007342,original_dhash,,,,nframe_07840,nframe_07841,VALIDATION,VALIDATION,no,v40c_04796,no,no,yes,
orig_007343,original_dhash,,,,nframe_07840,nframe_07842,VALIDATION,VALIDATION,no,v40c_04796,no,no,yes,
orig_007344,original_dhash,,,,nframe_07841,nframe_07842,VALIDATION,VALIDATION,no,v40c_04796,no,no,yes,
orig_007345,original_dhash,,,,nframe_07841,nframe_07843,VALIDATION,VALIDATION,no,v40c_04796,no,no,yes,
orig_007346,original_dhash,,,,nframe_07841,nframe_07913,VALIDATION,VALIDATION,no,v40c_04796,no,no,yes,
orig_007347,original_dhash,,,,nframe_07855,nframe_07856,TRAIN,TRAIN,no,v40c_04798,no,no,yes,
orig_007348,original_dhash,,,,nframe_07855,nframe_07857,TRAIN,TRAIN,no,v40c_04798,no,no,yes,
orig_007349,original_dhash,,,,nframe_07856,nframe_07857,TRAIN,TRAIN,no,v40c_04798,no,no,yes,
orig_007350,original_phash,,,,nframe_07859,nframe_07860,TRAIN,TRAIN,no,v40c_04800,no,yes,no,
orig_007351,original_phash,,,,nframe_07859,nframe_07861,TRAIN,TRAIN,no,v40c_04800,no,yes,no,
orig_007352,original_exact,,,,nframe_07860,nframe_07861,TRAIN,TRAIN,no,v40c_04800,yes,yes,yes,
orig_007353,original_exact,,,,nframe_07880,nframe_07881,TRAIN,TRAIN,no,v40c_04819,yes,yes,yes,
orig_007354,original_phash,,,,nframe_07894,nframe_07895,TRAIN,TRAIN,no,v40c_04831,no,yes,no,
orig_007355,original_dhash,,,,nframe_07894,nframe_07898,TRAIN,TRAIN,no,v40c_04831,no,no,yes,
orig_007356,original_exact,,,,nframe_07896,nframe_07897,TRAIN,TRAIN,no,v40c_04832,yes,yes,yes,
orig_007357,original_dhash,,,,nframe_07899,nframe_07900,TRAIN,TRAIN,no,v40c_04833,no,no,yes,
orig_007358,original_dhash,,,,nframe_07899,nframe_07901,TRAIN,TRAIN,no,v40c_04833,no,no,yes,
orig_007359,original_exact,,,,nframe_07900,nframe_07901,TRAIN,TRAIN,no,v40c_04833,yes,yes,yes,
orig_007360,original_exact,,,,nframe_07914,nframe_07915,TRAIN,TRAIN,no,v40c_04796,yes,yes,yes,
orig_007361,original_exact,,,,nframe_07916,nframe_07917,TRAIN,TRAIN,no,v40c_04844,yes,yes,yes,
orig_007362,original_exact,,,,nframe_07918,nframe_07919,TRAIN,TRAIN,no,v40c_04845,yes,yes,yes,
orig_007363,original_dhash,,,,nframe_07941,nframe_07942,VALIDATION,VALIDATION,no,v40c_04851,no,no,yes,
orig_007364,original_phash,,,,nframe_07948,nframe_07949,VALIDATION,VALIDATION,no,v40c_04857,no,yes,no,
orig_007365,original_exact,,,,nframe_07956,nframe_07957,VALIDATION,VALIDATION,no,v40c_04862,yes,yes,yes,
orig_007366,original_exact,,,,nframe_07963,nframe_07964,VALIDATION,VALIDATION,no,v40c_04868,yes,yes,yes,
orig_007367,original_exact,,,,nframe_07970,nframe_07971,VALIDATION,VALIDATION,no,v40c_04874,yes,yes,yes,
orig_007368,original_exact,,,,nframe_07973,nframe_07974,VALIDATION,VALIDATION,no,v40c_04876,yes,yes,yes,
orig_007369,original_phash,,,,nframe_07984,nframe_07985,VALIDATION,VALIDATION,no,v40c_04886,no,yes,no,
orig_007370,original_phash,,,,nframe_08016,nframe_08017,TRAIN,TRAIN,no,v40c_04901,no,yes,no,
orig_007371,original_phash,,,,nframe_08016,nframe_08018,TRAIN,TRAIN,no,v40c_04901,no,yes,no,
orig_007372,original_exact,,,,nframe_08017,nframe_08018,TRAIN,TRAIN,no,v40c_04901,yes,yes,yes,
orig_007373,original_phash,,,,nframe_08019,nframe_08020,TRAIN,TRAIN,no,v40c_04902,no,yes,no,
orig_007374,original_phash,,,,nframe_08021,nframe_08022,TRAIN,TRAIN,no,v40c_04903,no,yes,no,
orig_007375,original_phash,,,,nframe_08024,nframe_08025,TRAIN,TRAIN,no,v40c_04905,no,yes,no,
orig_007376,original_phash,,,,nframe_08025,nframe_08026,TRAIN,TRAIN,no,v40c_04905,no,yes,no,
orig_007377,original_exact,,,,nframe_08027,nframe_08028,TRAIN,TRAIN,no,v40c_04906,yes,yes,yes,
orig_007378,original_phash,,,,nframe_08031,nframe_08032,TRAIN,TRAIN,no,v40c_04909,no,yes,no,
orig_007379,original_exact,,,,nframe_08048,nframe_08049,TRAIN,TRAIN,no,v40c_04925,yes,yes,yes,
orig_007380,original_exact,,,,nframe_08052,nframe_08053,TRAIN,TRAIN,no,v40c_04928,yes,yes,yes,
orig_007381,original_exact,,,,nframe_08191,nframe_08192,TRAIN,TRAIN,no,v40c_04947,yes,yes,yes,
orig_007382,original_phash,,,,nframe_08193,nframe_08194,TRAIN,TRAIN,no,v40c_04948,no,yes,no,
orig_007383,original_phash,,,,nframe_08194,nframe_08195,TRAIN,TRAIN,no,v40c_04948,no,yes,no,
orig_007384,original_phash,,,,nframe_08194,nframe_08196,TRAIN,TRAIN,no,v40c_04948,no,yes,no,
orig_007385,original_exact,,,,nframe_08195,nframe_08196,TRAIN,TRAIN,no,v40c_04948,yes,yes,yes,
orig_007386,original_phash,,,,nframe_08200,nframe_08201,TRAIN,TRAIN,no,v40c_04952,no,yes,no,
orig_007387,original_exact,,,,nframe_08203,nframe_08204,TRAIN,TRAIN,no,v40c_04954,yes,yes,yes,
orig_007388,original_exact,,,,nframe_08205,nframe_08206,TRAIN,TRAIN,no,v40c_04955,yes,yes,yes,
orig_007389,original_phash,,,,nframe_08208,nframe_08209,TRAIN,TRAIN,no,v40c_04957,no,yes,no,
orig_007390,original_phash,,,,nframe_08209,nframe_08210,TRAIN,TRAIN,no,v40c_04957,no,yes,no,
orig_007391,original_phash,,,,nframe_08209,nframe_08211,TRAIN,TRAIN,no,v40c_04957,no,yes,no,
orig_007392,original_exact,,,,nframe_08210,nframe_08211,TRAIN,TRAIN,no,v40c_04957,yes,yes,yes,
orig_007393,original_phash,,,,nframe_08210,nframe_08212,TRAIN,TRAIN,no,v40c_04957,no,yes,no,
orig_007394,original_phash,,,,nframe_08211,nframe_08212,TRAIN,TRAIN,no,v40c_04957,no,yes,no,
orig_007395,original_phash,,,,nframe_08213,nframe_08214,TRAIN,TRAIN,no,v40c_04958,no,yes,no,
orig_007396,original_exact,,,,nframe_08215,nframe_08216,TRAIN,TRAIN,no,v40c_04959,yes,yes,yes,
orig_007397,original_phash,,,,nframe_08217,nframe_08221,TRAIN,TRAIN,no,v40c_04960,no,yes,no,
orig_007398,original_phash,,,,nframe_08217,nframe_08222,TRAIN,TRAIN,no,v40c_04960,no,yes,no,
orig_007399,original_exact,,,,nframe_08218,nframe_08219,TRAIN,TRAIN,no,v40c_04961,yes,yes,yes,
orig_007400,original_phash,,,,nframe_08218,nframe_08223,TRAIN,TRAIN,no,v40c_04961,no,yes,yes,
orig_007401,original_phash,,,,nframe_08218,nframe_08224,TRAIN,TRAIN,no,v40c_04961,no,yes,no,
orig_007402,original_phash,,,,nframe_08219,nframe_08223,TRAIN,TRAIN,no,v40c_04961,no,yes,yes,
orig_007403,original_phash,,,,nframe_08219,nframe_08224,TRAIN,TRAIN,no,v40c_04961,no,yes,no,
orig_007404,original_phash,,,,nframe_08220,nframe_08221,TRAIN,TRAIN,no,v40c_04960,no,yes,no,
orig_007405,original_phash,,,,nframe_08220,nframe_08222,TRAIN,TRAIN,no,v40c_04960,no,yes,no,
orig_007406,original_phash,,,,nframe_08221,nframe_08222,TRAIN,TRAIN,no,v40c_04960,no,yes,no,
orig_007407,original_phash,,,,nframe_08223,nframe_08224,TRAIN,TRAIN,no,v40c_04961,no,yes,no,
orig_007408,original_phash,,,,nframe_08231,nframe_08232,TRAIN,TRAIN,no,v40c_04968,no,yes,no,
orig_007409,original_phash,,,,nframe_08232,nframe_08233,TRAIN,TRAIN,no,v40c_04968,no,yes,no,
orig_007410,original_exact,,,,nframe_08237,nframe_08238,TRAIN,TRAIN,no,v40c_04972,yes,yes,yes,
orig_007411,original_phash,,,,nframe_08243,nframe_08244,TRAIN,TRAIN,no,v40c_04977,no,yes,no,
orig_007412,original_exact,,,,nframe_08247,nframe_08248,TRAIN,TRAIN,no,v40c_04980,yes,yes,yes,
orig_007413,original_exact,,,,nframe_08251,nframe_08252,TRAIN,TRAIN,no,v40c_04983,yes,yes,yes,
orig_007414,original_phash,,,,nframe_08254,nframe_08255,TRAIN,TRAIN,no,v40c_04985,no,yes,no,
orig_007415,original_phash,,,,nframe_08259,nframe_08261,TRAIN,TRAIN,no,v40c_04989,no,yes,no,
orig_007416,original_phash,,,,nframe_08260,nframe_08261,TRAIN,TRAIN,no,v40c_04989,no,yes,no,
orig_007417,original_exact,,,,nframe_08262,nframe_08263,TRAIN,TRAIN,no,v40c_04990,yes,yes,yes,
orig_007418,original_exact,,,,nframe_08264,nframe_08265,TRAIN,TRAIN,no,v40c_04991,yes,yes,yes,
orig_007419,original_phash,,,,nframe_08269,nframe_08270,TRAIN,TRAIN,no,v40c_04995,no,yes,no,
orig_007420,original_exact,,,,nframe_08274,nframe_08275,TRAIN,TRAIN,no,v40c_04999,yes,yes,yes,
orig_007421,original_phash,,,,nframe_08276,nframe_08277,TRAIN,TRAIN,no,v40c_05000,no,yes,no,
orig_007422,original_phash,,,,nframe_08277,nframe_08278,TRAIN,TRAIN,no,v40c_05000,no,yes,no,
orig_007423,original_phash,,,,nframe_08281,nframe_08282,TRAIN,TRAIN,no,v40c_05003,no,yes,no,
orig_007424,original_phash,,,,nframe_08282,nframe_08283,TRAIN,TRAIN,no,v40c_05003,no,yes,no,
orig_007425,original_phash,,,,nframe_08287,nframe_08288,TRAIN,TRAIN,no,v40c_05007,no,yes,no,
orig_007426,original_phash,,,,nframe_08288,nframe_08289,TRAIN,TRAIN,no,v40c_05007,no,yes,no,
orig_007427,original_phash,,,,nframe_08288,nframe_08290,TRAIN,TRAIN,no,v40c_05007,no,yes,no,
orig_007428,original_phash,,,,nframe_08288,nframe_08291,TRAIN,TRAIN,no,v40c_05007,no,yes,no,
orig_007429,original_phash,,,,nframe_08289,nframe_08290,TRAIN,TRAIN,no,v40c_05007,no,yes,no,
orig_007430,original_phash,,,,nframe_08289,nframe_08291,TRAIN,TRAIN,no,v40c_05007,no,yes,no,
orig_007431,original_exact,,,,nframe_08290,nframe_08291,TRAIN,TRAIN,no,v40c_05007,yes,yes,yes,
orig_007432,original_phash,,,,nframe_08293,nframe_08299,TRAIN,TRAIN,no,v40c_05009,no,yes,no,
orig_007433,original_phash,,,,nframe_08293,nframe_08300,TRAIN,TRAIN,no,v40c_05009,no,yes,no,
orig_007434,original_phash,,,,nframe_08293,nframe_08301,TRAIN,TRAIN,no,v40c_05009,no,yes,no,
orig_007435,original_phash,,,,nframe_08294,nframe_08295,TRAIN,TRAIN,no,v40c_05010,no,yes,no,
orig_007436,original_phash,,,,nframe_08294,nframe_08296,TRAIN,TRAIN,no,v40c_05010,no,yes,no,
orig_007437,original_phash,,,,nframe_08294,nframe_08297,TRAIN,TRAIN,no,v40c_05010,no,yes,no,
orig_007438,original_phash,,,,nframe_08294,nframe_08298,TRAIN,TRAIN,no,v40c_05010,no,yes,no,
orig_007439,original_exact,,,,nframe_08295,nframe_08296,TRAIN,TRAIN,no,v40c_05010,yes,yes,yes,
orig_007440,original_phash,,,,nframe_08295,nframe_08297,TRAIN,TRAIN,no,v40c_05010,no,yes,no,
orig_007441,original_phash,,,,nframe_08295,nframe_08298,TRAIN,TRAIN,no,v40c_05010,no,yes,no,
orig_007442,original_phash,,,,nframe_08296,nframe_08297,TRAIN,TRAIN,no,v40c_05010,no,yes,no,
orig_007443,original_phash,,,,nframe_08296,nframe_08298,TRAIN,TRAIN,no,v40c_05010,no,yes,no,
orig_007444,original_exact,,,,nframe_08297,nframe_08298,TRAIN,TRAIN,no,v40c_05010,yes,yes,yes,
orig_007445,original_phash,,,,nframe_08299,nframe_08300,TRAIN,TRAIN,no,v40c_05009,no,yes,no,
orig_007446,original_phash,,,,nframe_08299,nframe_08301,TRAIN,TRAIN,no,v40c_05009,no,yes,no,
orig_007447,original_exact,,,,nframe_08300,nframe_08301,TRAIN,TRAIN,no,v40c_05009,yes,yes,yes,
orig_007448,original_exact,,,,nframe_08302,nframe_08303,TRAIN,TRAIN,no,v40c_05011,yes,yes,yes,
orig_007449,original_phash,,,,nframe_08305,nframe_08306,TRAIN,TRAIN,no,v40c_05013,no,yes,no,
orig_007450,original_phash,,,,nframe_08306,nframe_08307,TRAIN,TRAIN,no,v40c_05013,no,yes,no,
orig_007451,original_phash,,,,nframe_08308,nframe_08309,TRAIN,TRAIN,no,v40c_05014,no,yes,no,
orig_007452,original_phash,,,,nframe_08311,nframe_08312,TRAIN,TRAIN,no,v40c_05016,no,yes,no,
orig_007453,original_phash,,,,nframe_08313,nframe_08314,TRAIN,TRAIN,no,v40c_05017,no,yes,no,
orig_007454,original_phash,,,,nframe_08315,nframe_08316,TRAIN,TRAIN,no,v40c_05018,no,yes,no,
orig_007455,original_phash,,,,nframe_08317,nframe_08318,TRAIN,TRAIN,no,v40c_05019,no,yes,no,
orig_007456,original_phash,,,,nframe_08322,nframe_08323,TRAIN,TRAIN,no,v40c_05022,no,yes,no,
orig_007457,original_phash,,,,nframe_08322,nframe_08324,TRAIN,TRAIN,no,v40c_05022,no,yes,no,
orig_007458,original_phash,,,,nframe_08322,nframe_08325,TRAIN,TRAIN,no,v40c_05022,no,yes,no,
orig_007459,original_phash,,,,nframe_08322,nframe_08326,TRAIN,TRAIN,no,v40c_05022,no,yes,no,
orig_007460,original_phash,,,,nframe_08323,nframe_08324,TRAIN,TRAIN,no,v40c_05022,no,yes,no,
orig_007461,original_phash,,,,nframe_08323,nframe_08325,TRAIN,TRAIN,no,v40c_05022,no,yes,no,
orig_007462,original_phash,,,,nframe_08323,nframe_08326,TRAIN,TRAIN,no,v40c_05022,no,yes,no,
orig_007463,original_phash,,,,nframe_08326,nframe_08327,TRAIN,TRAIN,no,v40c_05022,no,yes,no,
orig_007464,original_phash,,,,nframe_08328,nframe_08329,TRAIN,TRAIN,no,v40c_05023,no,yes,no,
orig_007465,original_phash,,,,nframe_08334,nframe_08335,TRAIN,TRAIN,no,v40c_05027,no,yes,no,
orig_007466,original_exact,,,,nframe_08336,nframe_08337,TRAIN,TRAIN,no,v40c_05028,yes,yes,yes,
orig_007467,original_phash,,,,nframe_08336,nframe_08338,TRAIN,TRAIN,no,v40c_05028,no,yes,no,
orig_007468,original_phash,,,,nframe_08337,nframe_08338,TRAIN,TRAIN,no,v40c_05028,no,yes,no,
orig_007469,original_phash,,,,nframe_08338,nframe_08339,TRAIN,TRAIN,no,v40c_05028,no,yes,no,
orig_007470,original_phash,,,,nframe_08340,nframe_08341,TRAIN,TRAIN,no,v40c_05029,no,yes,no,
orig_007471,original_phash,,,,nframe_08341,nframe_08342,TRAIN,TRAIN,no,v40c_05029,no,yes,no,
orig_007472,original_phash,,,,nframe_08343,nframe_08344,TRAIN,TRAIN,no,v40c_05030,no,yes,no,
orig_007473,original_phash,,,,nframe_08347,nframe_08348,TRAIN,TRAIN,no,v40c_05033,no,yes,no,
orig_007474,original_phash,,,,nframe_08350,nframe_08351,TRAIN,TRAIN,no,v40c_05035,no,yes,no,
orig_007475,original_phash,,,,nframe_08350,nframe_08352,TRAIN,TRAIN,no,v40c_05035,no,yes,no,
orig_007476,original_phash,,,,nframe_08350,nframe_08353,TRAIN,TRAIN,no,v40c_05035,no,yes,no,
orig_007477,original_phash,,,,nframe_08350,nframe_08354,TRAIN,TRAIN,no,v40c_05035,no,yes,no,
orig_007478,original_phash,,,,nframe_08350,nframe_08355,TRAIN,TRAIN,no,v40c_05035,no,yes,no,
orig_007479,original_phash,,,,nframe_08351,nframe_08352,TRAIN,TRAIN,no,v40c_05035,no,yes,no,
orig_007480,original_phash,,,,nframe_08351,nframe_08353,TRAIN,TRAIN,no,v40c_05035,no,yes,no,
orig_007481,original_phash,,,,nframe_08351,nframe_08354,TRAIN,TRAIN,no,v40c_05035,no,yes,no,
orig_007482,original_phash,,,,nframe_08351,nframe_08355,TRAIN,TRAIN,no,v40c_05035,no,yes,no,
orig_007483,original_phash,,,,nframe_08352,nframe_08353,TRAIN,TRAIN,no,v40c_05035,no,yes,no,
orig_007484,original_phash,,,,nframe_08352,nframe_08354,TRAIN,TRAIN,no,v40c_05035,no,yes,no,
orig_007485,original_phash,,,,nframe_08352,nframe_08355,TRAIN,TRAIN,no,v40c_05035,no,yes,no,
orig_007486,original_phash,,,,nframe_08353,nframe_08354,TRAIN,TRAIN,no,v40c_05035,no,yes,no,
orig_007487,original_phash,,,,nframe_08353,nframe_08355,TRAIN,TRAIN,no,v40c_05035,no,yes,no,
orig_007488,original_exact,,,,nframe_08354,nframe_08355,TRAIN,TRAIN,no,v40c_05035,yes,yes,yes,
orig_007489,original_exact,,,,nframe_08356,nframe_08357,TRAIN,TRAIN,no,v40c_05036,yes,yes,yes,
orig_007490,original_phash,,,,nframe_08356,nframe_08359,TRAIN,TRAIN,no,v40c_05036,no,yes,no,
orig_007491,original_phash,,,,nframe_08357,nframe_08359,TRAIN,TRAIN,no,v40c_05036,no,yes,no,
orig_007492,original_phash,,,,nframe_08358,nframe_08359,TRAIN,TRAIN,no,v40c_05036,no,yes,no,
orig_007493,original_phash,,,,nframe_08360,nframe_08361,TRAIN,TRAIN,no,v40c_04351,no,yes,no,
orig_007494,original_phash,,,,nframe_08360,nframe_08362,TRAIN,TRAIN,no,v40c_04351,no,yes,no,
orig_007495,original_exact,,,,nframe_08361,nframe_08362,TRAIN,TRAIN,no,v40c_04351,yes,yes,yes,
orig_007496,original_phash,,,,nframe_08361,nframe_08363,TRAIN,TRAIN,no,v40c_04351,no,yes,no,
orig_007497,original_phash,,,,nframe_08361,nframe_08364,TRAIN,TRAIN,no,v40c_04351,no,yes,no,
orig_007498,original_phash,,,,nframe_08361,nframe_08369,TRAIN,TRAIN,no,v40c_04351,no,yes,no,
orig_007499,original_phash,,,,nframe_08361,nframe_08372,TRAIN,TRAIN,no,v40c_04351,no,yes,no,
orig_007500,original_phash,,,,nframe_08361,nframe_08373,TRAIN,TRAIN,no,v40c_04351,no,yes,no,
orig_007501,original_phash,,,,nframe_08361,nframe_09870,TRAIN,TRAIN,no,v40c_04351,no,yes,no,
orig_007502,original_phash,,,,nframe_08362,nframe_08363,TRAIN,TRAIN,no,v40c_04351,no,yes,no,
orig_007503,original_phash,,,,nframe_08362,nframe_08364,TRAIN,TRAIN,no,v40c_04351,no,yes,no,
orig_007504,original_phash,,,,nframe_08362,nframe_08369,TRAIN,TRAIN,no,v40c_04351,no,yes,no,
orig_007505,original_phash,,,,nframe_08362,nframe_08372,TRAIN,TRAIN,no,v40c_04351,no,yes,no,
orig_007506,original_phash,,,,nframe_08362,nframe_08373,TRAIN,TRAIN,no,v40c_04351,no,yes,no,
orig_007507,original_phash,,,,nframe_08362,nframe_09870,TRAIN,TRAIN,no,v40c_04351,no,yes,no,
orig_007508,original_phash,,,,nframe_08363,nframe_08364,TRAIN,TRAIN,no,v40c_04351,no,yes,no,
orig_007509,original_phash,,,,nframe_08363,nframe_08369,TRAIN,TRAIN,no,v40c_04351,no,yes,no,
orig_007510,original_phash,,,,nframe_08363,nframe_08372,TRAIN,TRAIN,no,v40c_04351,no,yes,no,
orig_007511,original_phash,,,,nframe_08363,nframe_08373,TRAIN,TRAIN,no,v40c_04351,no,yes,no,
orig_007512,original_phash,,,,nframe_08363,nframe_08375,TRAIN,TRAIN,no,v40c_04351,no,yes,no,
orig_007513,original_phash,,,,nframe_08363,nframe_09870,TRAIN,TRAIN,no,v40c_04351,no,yes,no,
orig_007514,original_phash,,,,nframe_08364,nframe_08365,TRAIN,TRAIN,no,v40c_04351,no,yes,no,
orig_007515,original_phash,,,,nframe_08364,nframe_08369,TRAIN,TRAIN,no,v40c_04351,no,yes,no,
orig_007516,original_phash,,,,nframe_08364,nframe_08370,TRAIN,TRAIN,no,v40c_04351,no,yes,no,
orig_007517,original_phash,,,,nframe_08364,nframe_08372,TRAIN,TRAIN,no,v40c_04351,no,yes,no,
orig_007518,original_phash,,,,nframe_08364,nframe_08373,TRAIN,TRAIN,no,v40c_04351,no,yes,no,
orig_007519,original_phash,,,,nframe_08364,nframe_09870,TRAIN,TRAIN,no,v40c_04351,no,yes,no,
orig_007520,original_phash,,,,nframe_08365,nframe_08366,TRAIN,TRAIN,no,v40c_04351,no,yes,no,
orig_007521,original_phash,,,,nframe_08365,nframe_08367,TRAIN,TRAIN,no,v40c_04351,no,yes,no,
orig_007522,original_phash,,,,nframe_08365,nframe_08368,TRAIN,TRAIN,no,v40c_04351,no,yes,no,
orig_007523,original_phash,,,,nframe_08365,nframe_08369,TRAIN,TRAIN,no,v40c_04351,no,yes,no,
orig_007524,original_phash,,,,nframe_08365,nframe_08370,TRAIN,TRAIN,no,v40c_04351,no,yes,no,
orig_007525,original_phash,,,,nframe_08365,nframe_08371,TRAIN,TRAIN,no,v40c_04351,no,yes,no,
orig_007526,original_phash,,,,nframe_08366,nframe_08367,TRAIN,TRAIN,no,v40c_04351,no,yes,no,
orig_007527,original_phash,,,,nframe_08366,nframe_08368,TRAIN,TRAIN,no,v40c_04351,no,yes,no,
orig_007528,original_phash,,,,nframe_08367,nframe_08368,TRAIN,TRAIN,no,v40c_04351,no,yes,no,
orig_007529,original_phash,,,,nframe_08367,nframe_08370,TRAIN,TRAIN,no,v40c_04351,no,yes,no,
orig_007530,original_phash,,,,nframe_08367,nframe_08371,TRAIN,TRAIN,no,v40c_04351,no,yes,no,
orig_007531,original_phash,,,,nframe_08368,nframe_08370,TRAIN,TRAIN,no,v40c_04351,no,yes,no,
orig_007532,original_phash,,,,nframe_08368,nframe_08371,TRAIN,TRAIN,no,v40c_04351,no,yes,no,
orig_007533,original_phash,,,,nframe_08369,nframe_08370,TRAIN,TRAIN,no,v40c_04351,no,yes,no,
orig_007534,original_phash,,,,nframe_08369,nframe_08371,TRAIN,TRAIN,no,v40c_04351,no,yes,no,
orig_007535,original_phash,,,,nframe_08369,nframe_08372,TRAIN,TRAIN,no,v40c_04351,no,yes,no,
orig_007536,original_phash,,,,nframe_08369,nframe_08373,TRAIN,TRAIN,no,v40c_04351,no,yes,no,
orig_007537,original_phash,,,,nframe_08370,nframe_08371,TRAIN,TRAIN,no,v40c_04351,no,yes,no,
orig_007538,original_phash,,,,nframe_08372,nframe_08373,TRAIN,TRAIN,no,v40c_04351,no,yes,no,
orig_007539,original_phash,,,,nframe_08372,nframe_08375,TRAIN,TRAIN,no,v40c_04351,no,yes,no,
orig_007540,original_phash,,,,nframe_08372,nframe_09870,TRAIN,TRAIN,no,v40c_04351,no,yes,no,
orig_007541,original_phash,,,,nframe_08373,nframe_08374,TRAIN,TRAIN,no,v40c_04351,no,yes,no,
orig_007542,original_phash,,,,nframe_08373,nframe_08375,TRAIN,TRAIN,no,v40c_04351,no,yes,no,
orig_007543,original_phash,,,,nframe_08373,nframe_09870,TRAIN,TRAIN,no,v40c_04351,no,yes,no,
orig_007544,original_phash,,,,nframe_08374,nframe_08375,TRAIN,TRAIN,no,v40c_04351,no,yes,no,
orig_007545,original_phash,,,,nframe_08378,nframe_08384,TRAIN,TRAIN,no,v40c_05039,no,yes,no,
orig_007546,original_phash,,,,nframe_08378,nframe_08385,TRAIN,TRAIN,no,v40c_05039,no,yes,no,
orig_007547,original_phash,,,,nframe_08379,nframe_08382,TRAIN,TRAIN,no,v40c_05040,no,yes,no,
orig_007548,original_phash,,,,nframe_08380,nframe_08381,TRAIN,TRAIN,no,v40c_05041,no,yes,no,
orig_007549,original_phash,,,,nframe_08385,nframe_08386,TRAIN,TRAIN,no,v40c_05039,no,yes,no,
orig_007550,original_exact,,,,nframe_08389,nframe_08390,TRAIN,TRAIN,no,v40c_05045,yes,yes,yes,
orig_007551,original_phash,,,,nframe_08391,nframe_08393,TRAIN,TRAIN,no,v40c_05046,no,yes,no,
orig_007552,original_phash,,,,nframe_08392,nframe_08393,TRAIN,TRAIN,no,v40c_05046,no,yes,no,
orig_007553,original_phash,,,,nframe_08392,nframe_08394,TRAIN,TRAIN,no,v40c_05046,no,yes,no,
orig_007554,original_phash,,,,nframe_08392,nframe_08395,TRAIN,TRAIN,no,v40c_05046,no,yes,no,
orig_007555,original_phash,,,,nframe_08392,nframe_08396,TRAIN,TRAIN,no,v40c_05046,no,yes,no,
orig_007556,original_phash,,,,nframe_08393,nframe_08394,TRAIN,TRAIN,no,v40c_05046,no,yes,no,
orig_007557,original_phash,,,,nframe_08394,nframe_08395,TRAIN,TRAIN,no,v40c_05046,no,yes,no,
orig_007558,original_phash,,,,nframe_08395,nframe_08396,TRAIN,TRAIN,no,v40c_05046,no,yes,no,
orig_007559,original_phash,,,,nframe_08395,nframe_08397,TRAIN,TRAIN,no,v40c_05046,no,yes,no,
orig_007560,original_phash,,,,nframe_08396,nframe_08397,TRAIN,TRAIN,no,v40c_05046,no,yes,no,
orig_007561,original_phash,,,,nframe_08396,nframe_08400,TRAIN,TRAIN,no,v40c_05046,no,yes,no,
orig_007562,original_phash,,,,nframe_08397,nframe_08398,TRAIN,TRAIN,no,v40c_05046,no,yes,no,
orig_007563,original_phash,,,,nframe_08397,nframe_08399,TRAIN,TRAIN,no,v40c_05046,no,yes,no,
orig_007564,original_exact,,,,nframe_08398,nframe_08399,TRAIN,TRAIN,no,v40c_05046,yes,yes,yes,
orig_007565,original_phash,,,,nframe_08406,nframe_08409,TRAIN,TRAIN,no,v40c_05047,no,yes,no,
orig_007566,original_exact,,,,nframe_08407,nframe_08408,TRAIN,TRAIN,no,v40c_05048,yes,yes,yes,
orig_007567,original_exact,,,,nframe_08410,nframe_08411,TRAIN,TRAIN,no,v40c_05049,yes,yes,yes,
orig_007568,original_exact,,,,nframe_08413,nframe_08414,TRAIN,TRAIN,no,v40c_05051,yes,yes,yes,
orig_007569,original_phash,,,,nframe_08415,nframe_08416,TRAIN,TRAIN,no,v40c_05052,no,yes,no,
orig_007570,original_phash,,,,nframe_08424,nframe_08425,TRAIN,TRAIN,no,v40c_05060,no,yes,no,
orig_007571,original_phash,,,,nframe_08426,nframe_08427,TRAIN,TRAIN,no,v40c_05061,no,yes,no,
orig_007572,original_phash,,,,nframe_08431,nframe_08432,TRAIN,TRAIN,no,v40c_05065,no,yes,no,
orig_007573,original_phash,,,,nframe_08431,nframe_08433,TRAIN,TRAIN,no,v40c_05065,no,yes,no,
orig_007574,original_phash,,,,nframe_08431,nframe_08437,TRAIN,TRAIN,no,v40c_05065,no,yes,no,
orig_007575,original_phash,,,,nframe_08431,nframe_08438,TRAIN,TRAIN,no,v40c_05065,no,yes,no,
orig_007576,original_phash,,,,nframe_08432,nframe_08433,TRAIN,TRAIN,no,v40c_05065,no,yes,no,
orig_007577,original_phash,,,,nframe_08432,nframe_08434,TRAIN,TRAIN,no,v40c_05065,no,yes,no,
orig_007578,original_phash,,,,nframe_08432,nframe_08435,TRAIN,TRAIN,no,v40c_05065,no,yes,no,
orig_007579,original_phash,,,,nframe_08432,nframe_08436,TRAIN,TRAIN,no,v40c_05065,no,yes,no,
orig_007580,original_phash,,,,nframe_08432,nframe_08437,TRAIN,TRAIN,no,v40c_05065,no,yes,no,
orig_007581,original_phash,,,,nframe_08432,nframe_08438,TRAIN,TRAIN,no,v40c_05065,no,yes,no,
orig_007582,original_phash,,,,nframe_08433,nframe_08437,TRAIN,TRAIN,no,v40c_05065,no,yes,no,
orig_007583,original_phash,,,,nframe_08433,nframe_08438,TRAIN,TRAIN,no,v40c_05065,no,yes,no,
orig_007584,original_exact,,,,nframe_08434,nframe_08435,TRAIN,TRAIN,no,v40c_05065,yes,yes,yes,
orig_007585,original_phash,,,,nframe_08434,nframe_08436,TRAIN,TRAIN,no,v40c_05065,no,yes,no,
orig_007586,original_phash,,,,nframe_08435,nframe_08436,TRAIN,TRAIN,no,v40c_05065,no,yes,no,
orig_007587,original_phash,,,,nframe_08437,nframe_08438,TRAIN,TRAIN,no,v40c_05065,no,yes,no,
orig_007588,original_phash,,,,nframe_08437,nframe_08439,TRAIN,TRAIN,no,v40c_05065,no,yes,no,
orig_007589,original_phash,,,,nframe_08438,nframe_08439,TRAIN,TRAIN,no,v40c_05065,no,yes,no,
orig_007590,original_phash,,,,nframe_08443,nframe_08444,TRAIN,TRAIN,no,v40c_05069,no,yes,no,
orig_007591,original_phash,,,,nframe_08444,nframe_08445,TRAIN,TRAIN,no,v40c_05069,no,yes,no,
orig_007592,original_exact,,,,nframe_08450,nframe_08451,TRAIN,TRAIN,no,v40c_05074,yes,yes,yes,
orig_007593,original_phash,,,,nframe_08452,nframe_08453,TRAIN,TRAIN,no,v40c_05075,no,yes,no,
orig_007594,original_phash,,,,nframe_08454,nframe_08455,TRAIN,TRAIN,no,v40c_05076,no,yes,no,
orig_007595,original_phash,,,,nframe_08456,nframe_08457,TRAIN,TRAIN,no,v40c_05077,no,yes,no,
orig_007596,original_phash,,,,nframe_08459,nframe_08460,TRAIN,TRAIN,no,v40c_05079,no,yes,no,
orig_007597,original_phash,,,,nframe_08459,nframe_08461,TRAIN,TRAIN,no,v40c_05079,no,yes,no,
orig_007598,original_exact,,,,nframe_08460,nframe_08461,TRAIN,TRAIN,no,v40c_05079,yes,yes,yes,
orig_007599,original_phash,,,,nframe_08460,nframe_08462,TRAIN,TRAIN,no,v40c_05079,no,yes,no,
orig_007600,original_phash,,,,nframe_08461,nframe_08462,TRAIN,TRAIN,no,v40c_05079,no,yes,no,
orig_007601,original_phash,,,,nframe_08463,nframe_08464,TRAIN,TRAIN,no,v40c_05080,no,yes,no,
orig_007602,original_phash,,,,nframe_08464,nframe_08465,TRAIN,TRAIN,no,v40c_05080,no,yes,no,
orig_007603,original_phash,,,,nframe_08471,nframe_08472,TRAIN,TRAIN,no,v40c_05086,no,yes,no,
orig_007604,original_phash,,,,nframe_08474,nframe_08475,TRAIN,TRAIN,no,v40c_05088,no,yes,no,
orig_007605,original_exact,,,,nframe_08476,nframe_08477,TRAIN,TRAIN,no,v40c_05089,yes,yes,yes,
orig_007606,original_phash,,,,nframe_08479,nframe_08480,TRAIN,TRAIN,no,v40c_05091,no,yes,no,
orig_007607,original_phash,,,,nframe_08479,nframe_08481,TRAIN,TRAIN,no,v40c_05091,no,yes,no,
orig_007608,original_phash,,,,nframe_08481,nframe_08482,TRAIN,TRAIN,no,v40c_05091,no,yes,no,
orig_007609,original_phash,,,,nframe_08481,nframe_08484,TRAIN,TRAIN,no,v40c_05091,no,yes,no,
orig_007610,original_phash,,,,nframe_08481,nframe_08485,TRAIN,TRAIN,no,v40c_05091,no,yes,no,
orig_007611,original_phash,,,,nframe_08481,nframe_08486,TRAIN,TRAIN,no,v40c_05091,no,yes,no,
orig_007612,original_phash,,,,nframe_08481,nframe_08487,TRAIN,TRAIN,no,v40c_05091,no,yes,no,
orig_007613,original_phash,,,,nframe_08481,nframe_08488,TRAIN,TRAIN,no,v40c_05091,no,yes,no,
orig_007614,original_phash,,,,nframe_08482,nframe_08483,TRAIN,TRAIN,no,v40c_05091,no,yes,no,
orig_007615,original_phash,,,,nframe_08482,nframe_08484,TRAIN,TRAIN,no,v40c_05091,no,yes,no,
orig_007616,original_phash,,,,nframe_08482,nframe_08485,TRAIN,TRAIN,no,v40c_05091,no,yes,no,
orig_007617,original_phash,,,,nframe_08482,nframe_08486,TRAIN,TRAIN,no,v40c_05091,no,yes,no,
orig_007618,original_phash,,,,nframe_08483,nframe_08484,TRAIN,TRAIN,no,v40c_05091,no,yes,no,
orig_007619,original_phash,,,,nframe_08483,nframe_08485,TRAIN,TRAIN,no,v40c_05091,no,yes,no,
orig_007620,original_phash,,,,nframe_08483,nframe_08486,TRAIN,TRAIN,no,v40c_05091,no,yes,no,
orig_007621,original_phash,,,,nframe_08484,nframe_08485,TRAIN,TRAIN,no,v40c_05091,no,yes,no,
orig_007622,original_phash,,,,nframe_08484,nframe_08486,TRAIN,TRAIN,no,v40c_05091,no,yes,no,
orig_007623,original_phash,,,,nframe_08485,nframe_08486,TRAIN,TRAIN,no,v40c_05091,no,yes,no,
orig_007624,original_exact,,,,nframe_08487,nframe_08488,TRAIN,TRAIN,no,v40c_05091,yes,yes,yes,
orig_007625,original_phash,,,,nframe_08489,nframe_08490,TRAIN,TRAIN,no,v40c_05092,no,yes,no,
orig_007626,original_phash,,,,nframe_08489,nframe_08491,TRAIN,TRAIN,no,v40c_05092,no,yes,no,
orig_007627,original_phash,,,,nframe_08489,nframe_08492,TRAIN,TRAIN,no,v40c_05092,no,yes,no,
orig_007628,original_phash,,,,nframe_08489,nframe_08493,TRAIN,TRAIN,no,v40c_05092,no,yes,no,
orig_007629,original_phash,,,,nframe_08490,nframe_08491,TRAIN,TRAIN,no,v40c_05092,no,yes,no,
orig_007630,original_phash,,,,nframe_08490,nframe_08492,TRAIN,TRAIN,no,v40c_05092,no,yes,no,
orig_007631,original_phash,,,,nframe_08490,nframe_08493,TRAIN,TRAIN,no,v40c_05092,no,yes,no,
orig_007632,original_phash,,,,nframe_08490,nframe_08494,TRAIN,TRAIN,no,v40c_05092,no,yes,no,
orig_007633,original_phash,,,,nframe_08491,nframe_08492,TRAIN,TRAIN,no,v40c_05092,no,yes,no,
orig_007634,original_phash,,,,nframe_08491,nframe_08493,TRAIN,TRAIN,no,v40c_05092,no,yes,no,
orig_007635,original_phash,,,,nframe_08492,nframe_08493,TRAIN,TRAIN,no,v40c_05092,no,yes,no,
orig_007636,original_phash,,,,nframe_08493,nframe_08494,TRAIN,TRAIN,no,v40c_05092,no,yes,no,
orig_007637,original_phash,,,,nframe_08493,nframe_08495,TRAIN,TRAIN,no,v40c_05092,no,yes,no,
orig_007638,original_phash,,,,nframe_08494,nframe_08496,TRAIN,TRAIN,no,v40c_05092,no,yes,no,
orig_007639,original_phash,,,,nframe_08495,nframe_08496,TRAIN,TRAIN,no,v40c_05092,no,yes,no,
orig_007640,original_phash,,,,nframe_08502,nframe_08504,TRAIN,TRAIN,no,v40c_05098,no,yes,no,
orig_007641,original_dhash,,,,nframe_08503,nframe_08504,TRAIN,TRAIN,no,v40c_05098,no,no,yes,
orig_007642,original_phash,,,,nframe_08507,nframe_08508,TRAIN,TRAIN,no,v40c_05101,no,yes,no,
orig_007643,original_phash,,,,nframe_08507,nframe_08509,TRAIN,TRAIN,no,v40c_05101,no,yes,no,
orig_007644,original_phash,,,,nframe_08508,nframe_08509,TRAIN,TRAIN,no,v40c_05101,no,yes,no,
orig_007645,original_phash,,,,nframe_08509,nframe_08510,TRAIN,TRAIN,no,v40c_05101,no,yes,no,
orig_007646,original_exact,,,,nframe_08512,nframe_08513,TRAIN,TRAIN,no,v40c_05103,yes,yes,yes,
orig_007647,original_phash,,,,nframe_08512,nframe_08516,TRAIN,TRAIN,no,v40c_05103,no,yes,no,
orig_007648,original_phash,,,,nframe_08512,nframe_08517,TRAIN,TRAIN,no,v40c_05103,no,yes,no,
orig_007649,original_phash,,,,nframe_08512,nframe_08518,TRAIN,TRAIN,no,v40c_05103,no,yes,no,
orig_007650,original_phash,,,,nframe_08512,nframe_08519,TRAIN,TRAIN,no,v40c_05103,no,yes,no,
orig_007651,original_phash,,,,nframe_08513,nframe_08516,TRAIN,TRAIN,no,v40c_05103,no,yes,no,
orig_007652,original_phash,,,,nframe_08513,nframe_08517,TRAIN,TRAIN,no,v40c_05103,no,yes,no,
orig_007653,original_phash,,,,nframe_08513,nframe_08518,TRAIN,TRAIN,no,v40c_05103,no,yes,no,
orig_007654,original_phash,,,,nframe_08513,nframe_08519,TRAIN,TRAIN,no,v40c_05103,no,yes,no,
orig_007655,original_phash,,,,nframe_08514,nframe_08515,TRAIN,TRAIN,no,v40c_05103,no,yes,yes,
orig_007656,original_phash,,,,nframe_08514,nframe_08516,TRAIN,TRAIN,no,v40c_05103,no,yes,no,
orig_007657,original_phash,,,,nframe_08515,nframe_08516,TRAIN,TRAIN,no,v40c_05103,no,yes,yes,
orig_007658,original_phash,,,,nframe_08515,nframe_08518,TRAIN,TRAIN,no,v40c_05103,no,yes,no,
orig_007659,original_phash,,,,nframe_08515,nframe_08519,TRAIN,TRAIN,no,v40c_05103,no,yes,no,
orig_007660,original_phash,,,,nframe_08516,nframe_08518,TRAIN,TRAIN,no,v40c_05103,no,yes,no,
orig_007661,original_phash,,,,nframe_08516,nframe_08519,TRAIN,TRAIN,no,v40c_05103,no,yes,no,
orig_007662,original_phash,,,,nframe_08517,nframe_08518,TRAIN,TRAIN,no,v40c_05103,no,yes,no,
orig_007663,original_phash,,,,nframe_08517,nframe_08519,TRAIN,TRAIN,no,v40c_05103,no,yes,no,
orig_007664,original_phash,,,,nframe_08518,nframe_08519,TRAIN,TRAIN,no,v40c_05103,no,yes,no,
orig_007665,original_phash,,,,nframe_08518,nframe_08521,TRAIN,TRAIN,no,v40c_05103,no,yes,no,
orig_007666,original_phash,,,,nframe_08519,nframe_08520,TRAIN,TRAIN,no,v40c_05103,no,yes,no,
orig_007667,original_phash,,,,nframe_08519,nframe_08521,TRAIN,TRAIN,no,v40c_05103,no,yes,no,
orig_007668,original_exact,,,,nframe_08522,nframe_08523,TRAIN,TRAIN,no,v40c_05104,yes,yes,yes,
orig_007669,original_phash,,,,nframe_08527,nframe_08528,TRAIN,TRAIN,no,v40c_05108,no,yes,no,
orig_007670,original_phash,,,,nframe_08527,nframe_08529,TRAIN,TRAIN,no,v40c_05108,no,yes,no,
orig_007671,original_phash,,,,nframe_08527,nframe_08530,TRAIN,TRAIN,no,v40c_05108,no,yes,no,
orig_007672,original_phash,,,,nframe_08528,nframe_08529,TRAIN,TRAIN,no,v40c_05108,no,yes,no,
orig_007673,original_phash,,,,nframe_08528,nframe_08530,TRAIN,TRAIN,no,v40c_05108,no,yes,no,
orig_007674,original_phash,,,,nframe_08528,nframe_08531,TRAIN,TRAIN,no,v40c_05108,no,yes,no,
orig_007675,original_phash,,,,nframe_08528,nframe_08532,TRAIN,TRAIN,no,v40c_05108,no,yes,no,
orig_007676,original_phash,,,,nframe_08528,nframe_08533,TRAIN,TRAIN,no,v40c_05108,no,yes,no,
orig_007677,original_exact,,,,nframe_08529,nframe_08530,TRAIN,TRAIN,no,v40c_05108,yes,yes,yes,
orig_007678,original_phash,,,,nframe_08529,nframe_08531,TRAIN,TRAIN,no,v40c_05108,no,yes,no,
orig_007679,original_phash,,,,nframe_08529,nframe_08532,TRAIN,TRAIN,no,v40c_05108,no,yes,no,
orig_007680,original_phash,,,,nframe_08529,nframe_08533,TRAIN,TRAIN,no,v40c_05108,no,yes,no,
orig_007681,original_phash,,,,nframe_08530,nframe_08531,TRAIN,TRAIN,no,v40c_05108,no,yes,no,
orig_007682,original_phash,,,,nframe_08530,nframe_08532,TRAIN,TRAIN,no,v40c_05108,no,yes,no,
orig_007683,original_phash,,,,nframe_08530,nframe_08533,TRAIN,TRAIN,no,v40c_05108,no,yes,no,
orig_007684,original_phash,,,,nframe_08531,nframe_08532,TRAIN,TRAIN,no,v40c_05108,no,yes,no,
orig_007685,original_phash,,,,nframe_08531,nframe_08533,TRAIN,TRAIN,no,v40c_05108,no,yes,no,
orig_007686,original_phash,,,,nframe_08532,nframe_08533,TRAIN,TRAIN,no,v40c_05108,no,yes,no,
orig_007687,original_exact,,,,nframe_08535,nframe_08536,TRAIN,TRAIN,no,v40c_05110,yes,yes,yes,
orig_007688,original_exact,,,,nframe_08537,nframe_08538,TRAIN,TRAIN,no,v40c_05111,yes,yes,yes,
orig_007689,original_phash,,,,nframe_08537,nframe_08539,TRAIN,TRAIN,no,v40c_05111,no,yes,no,
orig_007690,original_phash,,,,nframe_08537,nframe_08540,TRAIN,TRAIN,no,v40c_05111,no,yes,no,
orig_007691,original_phash,,,,nframe_08537,nframe_08541,TRAIN,TRAIN,no,v40c_05111,no,yes,no,
orig_007692,original_phash,,,,nframe_08538,nframe_08539,TRAIN,TRAIN,no,v40c_05111,no,yes,no,
orig_007693,original_phash,,,,nframe_08538,nframe_08540,TRAIN,TRAIN,no,v40c_05111,no,yes,no,
orig_007694,original_phash,,,,nframe_08538,nframe_08541,TRAIN,TRAIN,no,v40c_05111,no,yes,no,
orig_007695,original_phash,,,,nframe_08539,nframe_08540,TRAIN,TRAIN,no,v40c_05111,no,yes,no,
orig_007696,original_phash,,,,nframe_08539,nframe_08541,TRAIN,TRAIN,no,v40c_05111,no,yes,no,
orig_007697,original_phash,,,,nframe_08540,nframe_08541,TRAIN,TRAIN,no,v40c_05111,no,yes,no,
orig_007698,original_phash,,,,nframe_08541,nframe_08542,TRAIN,TRAIN,no,v40c_05111,no,yes,yes,
orig_007699,original_phash,,,,nframe_08541,nframe_08543,TRAIN,TRAIN,no,v40c_05111,no,yes,no,
orig_007700,original_phash,,,,nframe_08542,nframe_08543,TRAIN,TRAIN,no,v40c_05111,no,yes,no,
orig_007701,original_phash,,,,nframe_08543,nframe_08544,TRAIN,TRAIN,no,v40c_05111,no,yes,no,
orig_007702,original_phash,,,,nframe_08547,nframe_08548,TRAIN,TRAIN,no,v40c_05114,no,yes,no,
orig_007703,original_phash,,,,nframe_08555,nframe_08556,TRAIN,TRAIN,no,v40c_05121,no,yes,no,
orig_007704,original_phash,,,,nframe_08555,nframe_08557,TRAIN,TRAIN,no,v40c_05121,no,yes,no,
orig_007705,original_phash,,,,nframe_08556,nframe_08557,TRAIN,TRAIN,no,v40c_05121,no,yes,yes,
orig_007706,original_phash,,,,nframe_08556,nframe_08558,TRAIN,TRAIN,no,v40c_05121,no,yes,no,
orig_007707,original_phash,,,,nframe_08557,nframe_08558,TRAIN,TRAIN,no,v40c_05121,no,yes,no,
orig_007708,original_phash,,,,nframe_08558,nframe_08561,TRAIN,TRAIN,no,v40c_05121,no,yes,yes,
orig_007709,original_exact,,,,nframe_08559,nframe_08560,TRAIN,TRAIN,no,v40c_05121,yes,yes,yes,
orig_007710,original_phash,,,,nframe_08559,nframe_08561,TRAIN,TRAIN,no,v40c_05121,no,yes,yes,
orig_007711,original_phash,,,,nframe_08559,nframe_08562,TRAIN,TRAIN,no,v40c_05121,no,yes,no,
orig_007712,original_phash,,,,nframe_08559,nframe_08563,TRAIN,TRAIN,no,v40c_05121,no,yes,no,
orig_007713,original_phash,,,,nframe_08560,nframe_08561,TRAIN,TRAIN,no,v40c_05121,no,yes,yes,
orig_007714,original_phash,,,,nframe_08560,nframe_08562,TRAIN,TRAIN,no,v40c_05121,no,yes,no,
orig_007715,original_phash,,,,nframe_08560,nframe_08563,TRAIN,TRAIN,no,v40c_05121,no,yes,no,
orig_007716,original_phash,,,,nframe_08561,nframe_08562,TRAIN,TRAIN,no,v40c_05121,no,yes,yes,
orig_007717,original_phash,,,,nframe_08561,nframe_08563,TRAIN,TRAIN,no,v40c_05121,no,yes,no,
orig_007718,original_phash,,,,nframe_08562,nframe_08563,TRAIN,TRAIN,no,v40c_05121,no,yes,no,
orig_007719,original_phash,,,,nframe_08567,nframe_08568,TRAIN,TRAIN,no,v40c_05124,no,yes,no,
orig_007720,original_exact,,,,nframe_08569,nframe_08570,TRAIN,TRAIN,no,v40c_05125,yes,yes,yes,
orig_007721,original_exact,,,,nframe_08571,nframe_08572,TRAIN,TRAIN,no,v40c_05126,yes,yes,yes,
orig_007722,original_phash,,,,nframe_08573,nframe_08578,TRAIN,TRAIN,no,v40c_05127,no,yes,no,
orig_007723,original_phash,,,,nframe_08573,nframe_08579,TRAIN,TRAIN,no,v40c_05127,no,yes,no,
orig_007724,original_phash,,,,nframe_08574,nframe_08575,TRAIN,TRAIN,no,v40c_05127,no,yes,no,
orig_007725,original_phash,,,,nframe_08574,nframe_08576,TRAIN,TRAIN,no,v40c_05127,no,yes,no,
orig_007726,original_phash,,,,nframe_08574,nframe_08577,TRAIN,TRAIN,no,v40c_05127,no,yes,no,
orig_007727,original_phash,,,,nframe_08574,nframe_08579,TRAIN,TRAIN,no,v40c_05127,no,yes,no,
orig_007728,original_phash,,,,nframe_08574,nframe_08580,TRAIN,TRAIN,no,v40c_05127,no,yes,no,
orig_007729,original_phash,,,,nframe_08575,nframe_08576,TRAIN,TRAIN,no,v40c_05127,no,yes,yes,
orig_007730,original_phash,,,,nframe_08575,nframe_08577,TRAIN,TRAIN,no,v40c_05127,no,yes,yes,
orig_007731,original_phash,,,,nframe_08576,nframe_08577,TRAIN,TRAIN,no,v40c_05127,no,yes,yes,
orig_007732,original_phash,,,,nframe_08576,nframe_08582,TRAIN,TRAIN,no,v40c_05127,no,yes,no,
orig_007733,original_phash,,,,nframe_08577,nframe_08582,TRAIN,TRAIN,no,v40c_05127,no,yes,no,
orig_007734,original_phash,,,,nframe_08578,nframe_08579,TRAIN,TRAIN,no,v40c_05127,no,yes,no,
orig_007735,original_phash,,,,nframe_08578,nframe_08591,TRAIN,TRAIN,no,v40c_05127,no,yes,no,
orig_007736,original_phash,,,,nframe_08581,nframe_08587,TRAIN,TRAIN,no,v40c_05128,no,yes,no,
orig_007737,original_phash,,,,nframe_08581,nframe_08590,TRAIN,TRAIN,no,v40c_05128,no,yes,no,
orig_007738,original_exact,,,,nframe_08583,nframe_08584,TRAIN,TRAIN,no,v40c_05129,yes,yes,yes,
orig_007739,original_phash,,,,nframe_08586,nframe_08587,TRAIN,TRAIN,no,v40c_05128,no,yes,no,
orig_007740,original_phash,,,,nframe_08586,nframe_08590,TRAIN,TRAIN,no,v40c_05128,no,yes,no,
orig_007741,original_dhash,,,,nframe_08587,nframe_08588,TRAIN,TRAIN,no,v40c_05128,no,no,yes,
orig_007742,original_dhash,,,,nframe_08587,nframe_08589,TRAIN,TRAIN,no,v40c_05128,no,no,yes,
orig_007743,original_phash,,,,nframe_08587,nframe_08590,TRAIN,TRAIN,no,v40c_05128,no,yes,no,
orig_007744,original_phash,,,,nframe_08587,nframe_08593,TRAIN,TRAIN,no,v40c_05128,no,yes,no,
orig_007745,original_phash,,,,nframe_08587,nframe_08594,TRAIN,TRAIN,no,v40c_05128,no,yes,no,
orig_007746,original_phash,,,,nframe_08587,nframe_08595,TRAIN,TRAIN,no,v40c_05128,no,yes,no,
orig_007747,original_exact,,,,nframe_08588,nframe_08589,TRAIN,TRAIN,no,v40c_05128,yes,yes,yes,
orig_007748,original_phash,,,,nframe_08590,nframe_08592,TRAIN,TRAIN,no,v40c_05128,no,yes,no,
orig_007749,original_phash,,,,nframe_08592,nframe_08593,TRAIN,TRAIN,no,v40c_05128,no,yes,no,
orig_007750,original_phash,,,,nframe_08592,nframe_08594,TRAIN,TRAIN,no,v40c_05128,no,yes,no,
orig_007751,original_phash,,,,nframe_08593,nframe_08594,TRAIN,TRAIN,no,v40c_05128,no,yes,no,
orig_007752,original_phash,,,,nframe_08593,nframe_08595,TRAIN,TRAIN,no,v40c_05128,no,yes,no,
orig_007753,original_phash,,,,nframe_08593,nframe_08596,TRAIN,TRAIN,no,v40c_05128,no,yes,no,
orig_007754,original_phash,,,,nframe_08594,nframe_08595,TRAIN,TRAIN,no,v40c_05128,no,yes,no,
orig_007755,original_phash,,,,nframe_08594,nframe_08596,TRAIN,TRAIN,no,v40c_05128,no,yes,no,
orig_007756,original_phash,,,,nframe_08595,nframe_08596,TRAIN,TRAIN,no,v40c_05128,no,yes,no,
orig_007757,original_phash,,,,nframe_08598,nframe_08599,TRAIN,TRAIN,no,v40c_05132,no,yes,yes,
orig_007758,original_phash,,,,nframe_08599,nframe_08601,TRAIN,TRAIN,no,v40c_05132,no,yes,no,
orig_007759,original_phash,,,,nframe_08600,nframe_08601,TRAIN,TRAIN,no,v40c_05132,no,yes,no,
orig_007760,original_phash,,,,nframe_08600,nframe_08602,TRAIN,TRAIN,no,v40c_05132,no,yes,no,
orig_007761,original_phash,,,,nframe_08601,nframe_08602,TRAIN,TRAIN,no,v40c_05132,no,yes,no,
orig_007762,original_phash,,,,nframe_08601,nframe_08603,TRAIN,TRAIN,no,v40c_05132,no,yes,no,
orig_007763,original_phash,,,,nframe_08601,nframe_08604,TRAIN,TRAIN,no,v40c_05132,no,yes,no,
orig_007764,original_phash,,,,nframe_08601,nframe_08605,TRAIN,TRAIN,no,v40c_05132,no,yes,no,
orig_007765,original_phash,,,,nframe_08602,nframe_08603,TRAIN,TRAIN,no,v40c_05132,no,yes,no,
orig_007766,original_phash,,,,nframe_08602,nframe_08604,TRAIN,TRAIN,no,v40c_05132,no,yes,no,
orig_007767,original_phash,,,,nframe_08602,nframe_08605,TRAIN,TRAIN,no,v40c_05132,no,yes,no,
orig_007768,original_phash,,,,nframe_08602,nframe_08606,TRAIN,TRAIN,no,v40c_05132,no,yes,no,
orig_007769,original_phash,,,,nframe_08603,nframe_08604,TRAIN,TRAIN,no,v40c_05132,no,yes,no,
orig_007770,original_phash,,,,nframe_08603,nframe_08605,TRAIN,TRAIN,no,v40c_05132,no,yes,no,
orig_007771,original_phash,,,,nframe_08603,nframe_08606,TRAIN,TRAIN,no,v40c_05132,no,yes,no,
orig_007772,original_phash,,,,nframe_08604,nframe_08605,TRAIN,TRAIN,no,v40c_05132,no,yes,no,
orig_007773,original_phash,,,,nframe_08604,nframe_08606,TRAIN,TRAIN,no,v40c_05132,no,yes,no,
orig_007774,original_phash,,,,nframe_08605,nframe_08606,TRAIN,TRAIN,no,v40c_05132,no,yes,yes,
orig_007775,original_phash,,,,nframe_08610,nframe_08650,TRAIN,TRAIN,no,v40c_05136,no,yes,no,
orig_007776,original_phash,,,,nframe_08616,nframe_08741,TRAIN,TRAIN,no,v40c_05139,no,yes,no,
orig_007777,original_exact,,,,nframe_08619,nframe_08620,TRAIN,TRAIN,no,v40c_05142,yes,yes,yes,
orig_007778,original_phash,,,,nframe_08621,nframe_08622,TRAIN,TRAIN,no,v40c_05143,no,yes,no,
orig_007779,original_phash,,,,nframe_08623,nframe_08624,TRAIN,TRAIN,no,v40c_05144,no,yes,no,
orig_007780,original_phash,,,,nframe_08625,nframe_08626,TRAIN,TRAIN,no,v40c_05145,no,yes,no,
orig_007781,original_phash,,,,nframe_08625,nframe_08627,TRAIN,TRAIN,no,v40c_05145,no,yes,no,
orig_007782,original_phash,,,,nframe_08626,nframe_08627,TRAIN,TRAIN,no,v40c_05145,no,yes,no,
orig_007783,original_exact,,,,nframe_08628,nframe_08629,TRAIN,TRAIN,no,v40c_05146,yes,yes,yes,
orig_007784,original_phash,,,,nframe_08630,nframe_08631,TRAIN,TRAIN,no,v40c_05147,no,yes,no,
orig_007785,original_phash,,,,nframe_08630,nframe_08632,TRAIN,TRAIN,no,v40c_05147,no,yes,no,
orig_007786,original_phash,,,,nframe_08631,nframe_08632,TRAIN,TRAIN,no,v40c_05147,no,yes,no,
orig_007787,original_phash,,,,nframe_08634,nframe_08679,TRAIN,TRAIN,no,v40c_05149,no,yes,no,
orig_007788,original_phash,,,,nframe_08634,nframe_08680,TRAIN,TRAIN,no,v40c_05149,no,yes,no,
orig_007789,original_phash,,,,nframe_08634,nframe_08686,TRAIN,TRAIN,no,v40c_05149,no,yes,no,
orig_007790,original_phash,,,,nframe_08635,nframe_08659,TRAIN,TRAIN,no,v40c_05149,no,yes,yes,
orig_007791,original_phash,,,,nframe_08635,nframe_08680,TRAIN,TRAIN,no,v40c_05149,no,yes,no,
orig_007792,original_phash,,,,nframe_08635,nframe_08681,TRAIN,TRAIN,no,v40c_05149,no,yes,no,
orig_007793,original_phash,,,,nframe_08635,nframe_08682,TRAIN,TRAIN,no,v40c_05149,no,yes,no,
orig_007794,original_phash,,,,nframe_08635,nframe_08683,TRAIN,TRAIN,no,v40c_05149,no,yes,no,
orig_007795,original_phash,,,,nframe_08635,nframe_08684,TRAIN,TRAIN,no,v40c_05149,no,yes,no,
orig_007796,original_phash,,,,nframe_08635,nframe_08685,TRAIN,TRAIN,no,v40c_05149,no,yes,no,
orig_007797,original_phash,,,,nframe_08635,nframe_08686,TRAIN,TRAIN,no,v40c_05149,no,yes,no,
orig_007798,original_phash,,,,nframe_08636,nframe_08642,TRAIN,TRAIN,no,v40c_05149,no,yes,no,
orig_007799,original_phash,,,,nframe_08636,nframe_08660,TRAIN,TRAIN,no,v40c_05149,no,yes,no,
orig_007800,original_phash,,,,nframe_08636,nframe_08683,TRAIN,TRAIN,no,v40c_05149,no,yes,yes,
orig_007801,original_exact,,,,nframe_08637,nframe_08638,TRAIN,TRAIN,no,v40c_05150,yes,yes,yes,
orig_007802,original_phash,,,,nframe_08637,nframe_08645,TRAIN,TRAIN,no,v40c_05150,no,yes,no,
orig_007803,original_phash,,,,nframe_08637,nframe_08648,TRAIN,TRAIN,no,v40c_05150,no,yes,no,
orig_007804,original_phash,,,,nframe_08638,nframe_08645,TRAIN,TRAIN,no,v40c_05150,no,yes,no,
orig_007805,original_phash,,,,nframe_08638,nframe_08648,TRAIN,TRAIN,no,v40c_05150,no,yes,no,
orig_007806,original_phash,,,,nframe_08639,nframe_08644,TRAIN,TRAIN,no,v40c_05150,no,yes,no,
orig_007807,original_phash,,,,nframe_08639,nframe_08645,TRAIN,TRAIN,no,v40c_05150,no,yes,no,
orig_007808,original_phash,,,,nframe_08639,nframe_08646,TRAIN,TRAIN,no,v40c_05150,no,yes,no,
orig_007809,original_phash,,,,nframe_08639,nframe_08647,TRAIN,TRAIN,no,v40c_05150,no,yes,no,
orig_007810,original_phash,,,,nframe_08639,nframe_08648,TRAIN,TRAIN,no,v40c_05150,no,yes,no,
orig_007811,original_phash,,,,nframe_08640,nframe_08641,TRAIN,TRAIN,no,v40c_05149,no,yes,no,
orig_007812,original_phash,,,,nframe_08640,nframe_08643,TRAIN,TRAIN,no,v40c_05149,no,yes,no,
orig_007813,original_phash,,,,nframe_08641,nframe_08642,TRAIN,TRAIN,no,v40c_05149,no,yes,no,
orig_007814,original_phash,,,,nframe_08641,nframe_08643,TRAIN,TRAIN,no,v40c_05149,no,yes,no,
orig_007815,original_phash,,,,nframe_08641,nframe_08681,TRAIN,TRAIN,no,v40c_05149,no,yes,no,
orig_007816,original_phash,,,,nframe_08642,nframe_08660,TRAIN,TRAIN,no,v40c_05149,no,yes,no,
orig_007817,original_phash,,,,nframe_08642,nframe_08681,TRAIN,TRAIN,no,v40c_05149,no,yes,no,
orig_007818,original_phash,,,,nframe_08644,nframe_08645,TRAIN,TRAIN,no,v40c_05150,no,yes,yes,
orig_007819,original_phash,,,,nframe_08644,nframe_08646,TRAIN,TRAIN,no,v40c_05150,no,yes,no,
orig_007820,original_phash,,,,nframe_08645,nframe_08646,TRAIN,TRAIN,no,v40c_05150,no,yes,no,
orig_007821,original_phash,,,,nframe_08646,nframe_08647,TRAIN,TRAIN,no,v40c_05150,no,yes,no,
orig_007822,original_phash,,,,nframe_08646,nframe_08648,TRAIN,TRAIN,no,v40c_05150,no,yes,no,
orig_007823,original_phash,,,,nframe_08647,nframe_08648,TRAIN,TRAIN,no,v40c_05150,no,yes,no,
orig_007824,original_dhash,,,,nframe_08648,nframe_08661,TRAIN,TRAIN,no,v40c_05150,no,no,yes,
orig_007825,original_phash,,,,nframe_08653,nframe_08669,TRAIN,TRAIN,no,v40c_05154,no,yes,no,
orig_007826,original_phash,,,,nframe_08653,nframe_08670,TRAIN,TRAIN,no,v40c_05154,no,yes,no,
orig_007827,original_phash,,,,nframe_08654,nframe_08655,TRAIN,TRAIN,no,v40c_05155,no,yes,no,
orig_007828,original_phash,,,,nframe_08655,nframe_08656,TRAIN,TRAIN,no,v40c_05155,no,yes,no,
orig_007829,original_phash,,,,nframe_08655,nframe_08668,TRAIN,TRAIN,no,v40c_05155,no,yes,no,
orig_007830,original_phash,,,,nframe_08658,nframe_08659,TRAIN,TRAIN,no,v40c_05149,no,yes,yes,
orig_007831,original_phash,,,,nframe_08659,nframe_08680,TRAIN,TRAIN,no,v40c_05149,no,yes,no,
orig_007832,original_phash,,,,nframe_08659,nframe_08681,TRAIN,TRAIN,no,v40c_05149,no,yes,no,
orig_007833,original_phash,,,,nframe_08659,nframe_08682,TRAIN,TRAIN,no,v40c_05149,no,yes,no,
orig_007834,original_phash,,,,nframe_08659,nframe_08683,TRAIN,TRAIN,no,v40c_05149,no,yes,no,
orig_007835,original_phash,,,,nframe_08659,nframe_08684,TRAIN,TRAIN,no,v40c_05149,no,yes,no,
orig_007836,original_phash,,,,nframe_08659,nframe_08685,TRAIN,TRAIN,no,v40c_05149,no,yes,no,
orig_007837,original_phash,,,,nframe_08659,nframe_08686,TRAIN,TRAIN,no,v40c_05149,no,yes,no,
orig_007838,original_phash,,,,nframe_08660,nframe_08683,TRAIN,TRAIN,no,v40c_05149,no,yes,no,
orig_007839,original_phash,,,,nframe_08663,nframe_08664,TRAIN,TRAIN,no,v40c_05158,no,yes,no,
orig_007840,original_phash,,,,nframe_08665,nframe_08666,TRAIN,TRAIN,no,v40c_05159,no,yes,no,
orig_007841,original_exact,,,,nframe_08669,nframe_08670,TRAIN,TRAIN,no,v40c_05154,yes,yes,yes,
orig_007842,original_phash,,,,nframe_08672,nframe_08673,TRAIN,TRAIN,no,v40c_05162,no,yes,no,
orig_007843,original_exact,,,,nframe_08674,nframe_08675,TRAIN,TRAIN,no,v40c_05163,yes,yes,yes,
orig_007844,original_phash,,,,nframe_08674,nframe_08676,TRAIN,TRAIN,no,v40c_05163,no,yes,no,
orig_007845,original_phash,,,,nframe_08675,nframe_08676,TRAIN,TRAIN,no,v40c_05163,no,yes,no,
orig_007846,original_exact,,,,nframe_08677,nframe_08678,TRAIN,TRAIN,no,v40c_05149,yes,yes,yes,
orig_007847,original_phash,,,,nframe_08677,nframe_08679,TRAIN,TRAIN,no,v40c_05149,no,yes,no,
orig_007848,original_phash,,,,nframe_08677,nframe_08687,TRAIN,TRAIN,no,v40c_05149,no,yes,no,
orig_007849,original_phash,,,,nframe_08678,nframe_08679,TRAIN,TRAIN,no,v40c_05149,no,yes,no,
orig_007850,original_phash,,,,nframe_08678,nframe_08687,TRAIN,TRAIN,no,v40c_05149,no,yes,no,
orig_007851,original_phash,,,,nframe_08679,nframe_08680,TRAIN,TRAIN,no,v40c_05149,no,yes,no,
orig_007852,original_dhash,,,,nframe_08679,nframe_08686,TRAIN,TRAIN,no,v40c_05149,no,no,yes,
orig_007853,original_phash,,,,nframe_08679,nframe_08687,TRAIN,TRAIN,no,v40c_05149,no,yes,yes,
orig_007854,original_phash,,,,nframe_08680,nframe_08684,TRAIN,TRAIN,no,v40c_05149,no,yes,no,
orig_007855,original_phash,,,,nframe_08680,nframe_08685,TRAIN,TRAIN,no,v40c_05149,no,yes,no,
orig_007856,original_phash,,,,nframe_08680,nframe_08686,TRAIN,TRAIN,no,v40c_05149,no,yes,no,
orig_007857,original_phash,,,,nframe_08681,nframe_08682,TRAIN,TRAIN,no,v40c_05149,no,yes,no,
orig_007858,original_phash,,,,nframe_08681,nframe_08683,TRAIN,TRAIN,no,v40c_05149,no,yes,no,
orig_007859,original_phash,,,,nframe_08681,nframe_08684,TRAIN,TRAIN,no,v40c_05149,no,yes,no,
orig_007860,original_phash,,,,nframe_08681,nframe_08685,TRAIN,TRAIN,no,v40c_05149,no,yes,no,
orig_007861,original_phash,,,,nframe_08682,nframe_08683,TRAIN,TRAIN,no,v40c_05149,no,yes,no,
orig_007862,original_phash,,,,nframe_08682,nframe_08684,TRAIN,TRAIN,no,v40c_05149,no,yes,no,
orig_007863,original_phash,,,,nframe_08682,nframe_08685,TRAIN,TRAIN,no,v40c_05149,no,yes,no,
orig_007864,original_phash,,,,nframe_08683,nframe_08684,TRAIN,TRAIN,no,v40c_05149,no,yes,yes,
orig_007865,original_phash,,,,nframe_08683,nframe_08685,TRAIN,TRAIN,no,v40c_05149,no,yes,no,
orig_007866,original_phash,,,,nframe_08684,nframe_08685,TRAIN,TRAIN,no,v40c_05149,no,yes,no,
orig_007867,original_phash,,,,nframe_08684,nframe_08686,TRAIN,TRAIN,no,v40c_05149,no,yes,no,
orig_007868,original_phash,,,,nframe_08685,nframe_08686,TRAIN,TRAIN,no,v40c_05149,no,yes,no,
orig_007869,original_phash,,,,nframe_08689,nframe_08690,TRAIN,TRAIN,no,v40c_05165,no,yes,no,
orig_007870,original_phash,,,,nframe_08689,nframe_08691,TRAIN,TRAIN,no,v40c_05165,no,yes,no,
orig_007871,original_exact,,,,nframe_08690,nframe_08691,TRAIN,TRAIN,no,v40c_05165,yes,yes,yes,
orig_007872,original_phash,,,,nframe_08692,nframe_08701,TRAIN,TRAIN,no,v40c_05166,no,yes,no,
orig_007873,original_phash,,,,nframe_08693,nframe_08694,TRAIN,TRAIN,no,v40c_05166,no,yes,no,
orig_007874,original_phash,,,,nframe_08694,nframe_08701,TRAIN,TRAIN,no,v40c_05166,no,yes,no,
orig_007875,original_phash,,,,nframe_08694,nframe_08703,TRAIN,TRAIN,no,v40c_05166,no,yes,no,
orig_007876,original_phash,,,,nframe_08694,nframe_08704,TRAIN,TRAIN,no,v40c_05166,no,yes,no,
orig_007877,original_phash,,,,nframe_08694,nframe_08705,TRAIN,TRAIN,no,v40c_05166,no,yes,no,
orig_007878,original_phash,,,,nframe_08695,nframe_08696,TRAIN,TRAIN,no,v40c_05166,no,yes,no,
orig_007879,original_phash,,,,nframe_08695,nframe_08697,TRAIN,TRAIN,no,v40c_05166,no,yes,no,
orig_007880,original_phash,,,,nframe_08695,nframe_08698,TRAIN,TRAIN,no,v40c_05166,no,yes,no,
orig_007881,original_phash,,,,nframe_08695,nframe_08700,TRAIN,TRAIN,no,v40c_05166,no,yes,no,
orig_007882,original_phash,,,,nframe_08695,nframe_08703,TRAIN,TRAIN,no,v40c_05166,no,yes,no,
orig_007883,original_phash,,,,nframe_08696,nframe_08697,TRAIN,TRAIN,no,v40c_05166,no,yes,no,
orig_007884,original_phash,,,,nframe_08696,nframe_08698,TRAIN,TRAIN,no,v40c_05166,no,yes,no,
orig_007885,original_exact,,,,nframe_08697,nframe_08698,TRAIN,TRAIN,no,v40c_05166,yes,yes,yes,
orig_007886,original_phash,,,,nframe_08697,nframe_08699,TRAIN,TRAIN,no,v40c_05166,no,yes,no,
orig_007887,original_phash,,,,nframe_08698,nframe_08699,TRAIN,TRAIN,no,v40c_05166,no,yes,no,
orig_007888,original_phash,,,,nframe_08699,nframe_08703,TRAIN,TRAIN,no,v40c_05166,no,yes,no,
orig_007889,original_phash,,,,nframe_08700,nframe_08701,TRAIN,TRAIN,no,v40c_05166,no,yes,no,
orig_007890,original_phash,,,,nframe_08700,nframe_08702,TRAIN,TRAIN,no,v40c_05166,no,yes,no,
orig_007891,original_phash,,,,nframe_08700,nframe_08703,TRAIN,TRAIN,no,v40c_05166,no,yes,no,
orig_007892,original_phash,,,,nframe_08700,nframe_08704,TRAIN,TRAIN,no,v40c_05166,no,yes,no,
orig_007893,original_phash,,,,nframe_08700,nframe_08705,TRAIN,TRAIN,no,v40c_05166,no,yes,no,
orig_007894,original_phash,,,,nframe_08701,nframe_08702,TRAIN,TRAIN,no,v40c_05166,no,yes,no,
orig_007895,original_phash,,,,nframe_08701,nframe_08703,TRAIN,TRAIN,no,v40c_05166,no,yes,no,
orig_007896,original_phash,,,,nframe_08701,nframe_08704,TRAIN,TRAIN,no,v40c_05166,no,yes,no,
orig_007897,original_phash,,,,nframe_08701,nframe_08705,TRAIN,TRAIN,no,v40c_05166,no,yes,no,
orig_007898,original_phash,,,,nframe_08702,nframe_08703,TRAIN,TRAIN,no,v40c_05166,no,yes,no,
orig_007899,original_phash,,,,nframe_08702,nframe_08704,TRAIN,TRAIN,no,v40c_05166,no,yes,no,
orig_007900,original_phash,,,,nframe_08702,nframe_08705,TRAIN,TRAIN,no,v40c_05166,no,yes,no,
orig_007901,original_phash,,,,nframe_08703,nframe_08704,TRAIN,TRAIN,no,v40c_05166,no,yes,yes,
orig_007902,original_phash,,,,nframe_08703,nframe_08705,TRAIN,TRAIN,no,v40c_05166,no,yes,no,
orig_007903,original_phash,,,,nframe_08704,nframe_08705,TRAIN,TRAIN,no,v40c_05166,no,yes,no,
orig_007904,original_phash,,,,nframe_08708,nframe_08709,TRAIN,TRAIN,no,v40c_05169,no,yes,no,
orig_007905,original_phash,,,,nframe_08708,nframe_08710,TRAIN,TRAIN,no,v40c_05169,no,yes,no,
orig_007906,original_phash,,,,nframe_08708,nframe_08711,TRAIN,TRAIN,no,v40c_05169,no,yes,no,
orig_007907,original_phash,,,,nframe_08708,nframe_08712,TRAIN,TRAIN,no,v40c_05169,no,yes,no,
orig_007908,original_phash,,,,nframe_08708,nframe_08713,TRAIN,TRAIN,no,v40c_05169,no,yes,no,
orig_007909,original_exact,,,,nframe_08709,nframe_08710,TRAIN,TRAIN,no,v40c_05169,yes,yes,yes,
orig_007910,original_phash,,,,nframe_08709,nframe_08711,TRAIN,TRAIN,no,v40c_05169,no,yes,yes,
orig_007911,original_phash,,,,nframe_08709,nframe_08712,TRAIN,TRAIN,no,v40c_05169,no,yes,no,
orig_007912,original_phash,,,,nframe_08709,nframe_08713,TRAIN,TRAIN,no,v40c_05169,no,yes,no,
orig_007913,original_phash,,,,nframe_08710,nframe_08711,TRAIN,TRAIN,no,v40c_05169,no,yes,yes,
orig_007914,original_phash,,,,nframe_08710,nframe_08712,TRAIN,TRAIN,no,v40c_05169,no,yes,no,
orig_007915,original_phash,,,,nframe_08710,nframe_08713,TRAIN,TRAIN,no,v40c_05169,no,yes,no,
orig_007916,original_phash,,,,nframe_08711,nframe_08712,TRAIN,TRAIN,no,v40c_05169,no,yes,no,
orig_007917,original_phash,,,,nframe_08711,nframe_08713,TRAIN,TRAIN,no,v40c_05169,no,yes,no,
orig_007918,original_phash,,,,nframe_08712,nframe_08713,TRAIN,TRAIN,no,v40c_05169,no,yes,no,
orig_007919,original_phash,,,,nframe_08715,nframe_08716,TRAIN,TRAIN,no,v40c_05171,no,yes,no,
orig_007920,original_phash,,,,nframe_08716,nframe_08717,TRAIN,TRAIN,no,v40c_05171,no,yes,no,
orig_007921,original_phash,,,,nframe_08717,nframe_08718,TRAIN,TRAIN,no,v40c_05171,no,yes,no,
orig_007922,original_phash,,,,nframe_08717,nframe_08719,TRAIN,TRAIN,no,v40c_05171,no,yes,no,
orig_007923,original_phash,,,,nframe_08717,nframe_08720,TRAIN,TRAIN,no,v40c_05171,no,yes,no,
orig_007924,original_phash,,,,nframe_08717,nframe_08721,TRAIN,TRAIN,no,v40c_05171,no,yes,no,
orig_007925,original_phash,,,,nframe_08718,nframe_08719,TRAIN,TRAIN,no,v40c_05171,no,yes,no,
orig_007926,original_phash,,,,nframe_08718,nframe_08720,TRAIN,TRAIN,no,v40c_05171,no,yes,no,
orig_007927,original_phash,,,,nframe_08718,nframe_08721,TRAIN,TRAIN,no,v40c_05171,no,yes,no,
orig_007928,original_phash,,,,nframe_08719,nframe_08720,TRAIN,TRAIN,no,v40c_05171,no,yes,no,
orig_007929,original_phash,,,,nframe_08719,nframe_08721,TRAIN,TRAIN,no,v40c_05171,no,yes,no,
orig_007930,original_phash,,,,nframe_08719,nframe_08722,TRAIN,TRAIN,no,v40c_05171,no,yes,no,
orig_007931,original_phash,,,,nframe_08720,nframe_08721,TRAIN,TRAIN,no,v40c_05171,no,yes,no,
orig_007932,original_phash,,,,nframe_08720,nframe_08722,TRAIN,TRAIN,no,v40c_05171,no,yes,no,
orig_007933,original_phash,,,,nframe_08722,nframe_08723,TRAIN,TRAIN,no,v40c_05171,no,yes,no,
orig_007934,original_phash,,,,nframe_08724,nframe_08725,TRAIN,TRAIN,no,v40c_05172,no,yes,no,
orig_007935,original_phash,,,,nframe_08726,nframe_08728,TRAIN,TRAIN,no,v40c_05173,no,yes,no,
orig_007936,original_phash,,,,nframe_08726,nframe_08730,TRAIN,TRAIN,no,v40c_05173,no,yes,no,
orig_007937,original_phash,,,,nframe_08726,nframe_08731,TRAIN,TRAIN,no,v40c_05173,no,yes,no,
orig_007938,original_phash,,,,nframe_08726,nframe_08732,TRAIN,TRAIN,no,v40c_05173,no,yes,no,
orig_007939,original_dhash,,,,nframe_08727,nframe_08728,TRAIN,TRAIN,no,v40c_05173,no,no,yes,
orig_007940,original_phash,,,,nframe_08728,nframe_08729,TRAIN,TRAIN,no,v40c_05173,no,yes,no,
orig_007941,original_phash,,,,nframe_08728,nframe_08730,TRAIN,TRAIN,no,v40c_05173,no,yes,no,
orig_007942,original_phash,,,,nframe_08730,nframe_08731,TRAIN,TRAIN,no,v40c_05173,no,yes,no,
orig_007943,original_phash,,,,nframe_08730,nframe_08732,TRAIN,TRAIN,no,v40c_05173,no,yes,no,
orig_007944,original_exact,,,,nframe_08731,nframe_08732,TRAIN,TRAIN,no,v40c_05173,yes,yes,yes,
orig_007945,original_dhash,,,,nframe_08731,nframe_08733,TRAIN,TRAIN,no,v40c_05173,no,no,yes,
orig_007946,original_dhash,,,,nframe_08732,nframe_08733,TRAIN,TRAIN,no,v40c_05173,no,no,yes,
orig_007947,original_phash,,,,nframe_08735,nframe_08736,TRAIN,TRAIN,no,v40c_05175,no,yes,no,
orig_007948,original_exact,,,,nframe_08737,nframe_08738,TRAIN,TRAIN,no,v40c_05139,yes,yes,yes,
orig_007949,original_phash,,,,nframe_08737,nframe_08739,TRAIN,TRAIN,no,v40c_05139,no,yes,yes,
orig_007950,original_phash,,,,nframe_08738,nframe_08739,TRAIN,TRAIN,no,v40c_05139,no,yes,yes,
orig_007951,original_dhash,,,,nframe_08739,nframe_08740,TRAIN,TRAIN,no,v40c_05139,no,no,yes,
orig_007952,original_phash,,,,nframe_08740,nframe_08741,TRAIN,TRAIN,no,v40c_05139,no,yes,no,
orig_007953,original_phash,,,,nframe_08742,nframe_08743,TRAIN,TRAIN,no,v40c_05176,no,yes,no,
orig_007954,original_phash,,,,nframe_08743,nframe_08744,TRAIN,TRAIN,no,v40c_05176,no,yes,no,
orig_007955,original_phash,,,,nframe_08743,nframe_08746,TRAIN,TRAIN,no,v40c_05176,no,yes,no,
orig_007956,original_phash,,,,nframe_08744,nframe_08745,TRAIN,TRAIN,no,v40c_05176,no,yes,no,
orig_007957,original_phash,,,,nframe_08744,nframe_08746,TRAIN,TRAIN,no,v40c_05176,no,yes,no,
orig_007958,original_phash,,,,nframe_08744,nframe_08747,TRAIN,TRAIN,no,v40c_05176,no,yes,yes,
orig_007959,original_phash,,,,nframe_08744,nframe_08748,TRAIN,TRAIN,no,v40c_05176,no,yes,no,
orig_007960,original_phash,,,,nframe_08745,nframe_08746,TRAIN,TRAIN,no,v40c_05176,no,yes,no,
orig_007961,original_phash,,,,nframe_08745,nframe_08747,TRAIN,TRAIN,no,v40c_05176,no,yes,no,
orig_007962,original_phash,,,,nframe_08745,nframe_08748,TRAIN,TRAIN,no,v40c_05176,no,yes,no,
orig_007963,original_phash,,,,nframe_08746,nframe_08747,TRAIN,TRAIN,no,v40c_05176,no,yes,no,
orig_007964,original_phash,,,,nframe_08746,nframe_08748,TRAIN,TRAIN,no,v40c_05176,no,yes,no,
orig_007965,original_phash,,,,nframe_08747,nframe_08748,TRAIN,TRAIN,no,v40c_05176,no,yes,no,
orig_007966,original_phash,,,,nframe_08747,nframe_08750,TRAIN,TRAIN,no,v40c_05176,no,yes,no,
orig_007967,original_phash,,,,nframe_08748,nframe_08749,TRAIN,TRAIN,no,v40c_05176,no,yes,no,
orig_007968,original_phash,,,,nframe_08748,nframe_08751,TRAIN,TRAIN,no,v40c_05176,no,yes,no,
orig_007969,original_phash,,,,nframe_08749,nframe_08750,TRAIN,TRAIN,no,v40c_05176,no,yes,no,
orig_007970,original_phash,,,,nframe_08749,nframe_08751,TRAIN,TRAIN,no,v40c_05176,no,yes,no,
orig_007971,original_phash,,,,nframe_08749,nframe_08752,TRAIN,TRAIN,no,v40c_05176,no,yes,no,
orig_007972,original_phash,,,,nframe_08750,nframe_08751,TRAIN,TRAIN,no,v40c_05176,no,yes,no,
orig_007973,original_phash,,,,nframe_08751,nframe_08752,TRAIN,TRAIN,no,v40c_05176,no,yes,no,
orig_007974,original_exact,,,,nframe_08753,nframe_08754,TRAIN,TRAIN,no,v40c_05177,yes,yes,yes,
orig_007975,original_phash,,,,nframe_08755,nframe_08756,TRAIN,TRAIN,no,v40c_05178,no,yes,no,
orig_007976,original_phash,,,,nframe_08755,nframe_08757,TRAIN,TRAIN,no,v40c_05178,no,yes,no,
orig_007977,original_phash,,,,nframe_08756,nframe_08757,TRAIN,TRAIN,no,v40c_05178,no,yes,no,
orig_007978,original_exact,,,,nframe_08761,nframe_08762,TRAIN,TRAIN,no,v40c_05181,yes,yes,yes,
orig_007979,original_phash,,,,nframe_08871,nframe_08874,TRAIN,TRAIN,no,v40c_05184,no,yes,no,
orig_007980,original_phash,,,,nframe_08871,nframe_08875,TRAIN,TRAIN,no,v40c_05184,no,yes,no,
orig_007981,original_phash,,,,nframe_08872,nframe_08875,TRAIN,TRAIN,no,v40c_05184,no,yes,no,
orig_007982,original_phash,,,,nframe_08873,nframe_08874,TRAIN,TRAIN,no,v40c_05184,no,yes,no,
orig_007983,original_phash,,,,nframe_08873,nframe_08875,TRAIN,TRAIN,no,v40c_05184,no,yes,no,
orig_007984,original_phash,,,,nframe_08873,nframe_08876,TRAIN,TRAIN,no,v40c_05184,no,yes,no,
orig_007985,original_phash,,,,nframe_08873,nframe_08877,TRAIN,TRAIN,no,v40c_05184,no,yes,no,
orig_007986,original_phash,,,,nframe_08873,nframe_08878,TRAIN,TRAIN,no,v40c_05184,no,yes,no,
orig_007987,original_phash,,,,nframe_08873,nframe_08880,TRAIN,TRAIN,no,v40c_05184,no,yes,no,
orig_007988,original_phash,,,,nframe_08874,nframe_08875,TRAIN,TRAIN,no,v40c_05184,no,yes,no,
orig_007989,original_phash,,,,nframe_08874,nframe_08876,TRAIN,TRAIN,no,v40c_05184,no,yes,no,
orig_007990,original_phash,,,,nframe_08874,nframe_08877,TRAIN,TRAIN,no,v40c_05184,no,yes,no,
orig_007991,original_phash,,,,nframe_08874,nframe_08878,TRAIN,TRAIN,no,v40c_05184,no,yes,no,
orig_007992,original_phash,,,,nframe_08874,nframe_08880,TRAIN,TRAIN,no,v40c_05184,no,yes,no,
orig_007993,original_phash,,,,nframe_08874,nframe_08882,TRAIN,TRAIN,no,v40c_05184,no,yes,no,
orig_007994,original_phash,,,,nframe_08875,nframe_08877,TRAIN,TRAIN,no,v40c_05184,no,yes,no,
orig_007995,original_phash,,,,nframe_08876,nframe_08877,TRAIN,TRAIN,no,v40c_05184,no,yes,no,
orig_007996,original_phash,,,,nframe_08877,nframe_08878,TRAIN,TRAIN,no,v40c_05184,no,yes,no,
orig_007997,original_phash,,,,nframe_08877,nframe_08880,TRAIN,TRAIN,no,v40c_05184,no,yes,no,
orig_007998,original_phash,,,,nframe_08878,nframe_08880,TRAIN,TRAIN,no,v40c_05184,no,yes,no,
orig_007999,original_phash,,,,nframe_08878,nframe_08882,TRAIN,TRAIN,no,v40c_05184,no,yes,no,
orig_008000,original_phash,,,,nframe_08880,nframe_08882,TRAIN,TRAIN,no,v40c_05184,no,yes,no,
orig_008001,original_phash,,,,nframe_08882,nframe_08883,TRAIN,TRAIN,no,v40c_05184,no,yes,no,
orig_008002,original_exact,,,,nframe_08884,nframe_08885,TRAIN,TRAIN,no,v40c_05187,yes,yes,yes,
orig_008003,original_phash,,,,nframe_08884,nframe_08889,TRAIN,TRAIN,no,v40c_05187,no,yes,no,
orig_008004,original_phash,,,,nframe_08885,nframe_08889,TRAIN,TRAIN,no,v40c_05187,no,yes,no,
orig_008005,original_phash,,,,nframe_08886,nframe_09869,TRAIN,TRAIN,no,v40c_02883,no,yes,no,
orig_008006,original_phash,,,,nframe_08889,nframe_08890,TRAIN,TRAIN,no,v40c_05187,no,yes,no,
orig_008007,original_phash,,,,nframe_08891,nframe_08892,TRAIN,TRAIN,no,v40c_05190,no,yes,no,
orig_008008,original_phash,,,,nframe_08891,nframe_08894,TRAIN,TRAIN,no,v40c_05190,no,yes,no,
orig_008009,original_phash,,,,nframe_08892,nframe_08893,TRAIN,TRAIN,no,v40c_05190,no,yes,no,
orig_008010,original_phash,,,,nframe_08892,nframe_08894,TRAIN,TRAIN,no,v40c_05190,no,yes,no,
orig_008011,original_phash,,,,nframe_08892,nframe_08895,TRAIN,TRAIN,no,v40c_05190,no,yes,no,
orig_008012,original_phash,,,,nframe_08893,nframe_08894,TRAIN,TRAIN,no,v40c_05190,no,yes,no,
orig_008013,original_phash,,,,nframe_08893,nframe_08895,TRAIN,TRAIN,no,v40c_05190,no,yes,no,
orig_008014,original_phash,,,,nframe_08894,nframe_08895,TRAIN,TRAIN,no,v40c_05190,no,yes,no,
orig_008015,original_exact,,,,nframe_08898,nframe_08899,TRAIN,TRAIN,no,v40c_05193,yes,yes,yes,
orig_008016,original_phash,,,,nframe_08898,nframe_08900,TRAIN,TRAIN,no,v40c_05193,no,yes,no,
orig_008017,original_phash,,,,nframe_08899,nframe_08900,TRAIN,TRAIN,no,v40c_05193,no,yes,no,
orig_008018,original_phash,,,,nframe_08900,nframe_08901,TRAIN,TRAIN,no,v40c_05193,no,yes,no,
orig_008019,original_phash,,,,nframe_08900,nframe_08904,TRAIN,TRAIN,no,v40c_05193,no,yes,no,
orig_008020,original_phash,,,,nframe_08901,nframe_08902,TRAIN,TRAIN,no,v40c_05193,no,yes,no,
orig_008021,original_phash,,,,nframe_08901,nframe_08903,TRAIN,TRAIN,no,v40c_05193,no,yes,no,
orig_008022,original_phash,,,,nframe_08901,nframe_08904,TRAIN,TRAIN,no,v40c_05193,no,yes,no,
orig_008023,original_phash,,,,nframe_08901,nframe_08905,TRAIN,TRAIN,no,v40c_05193,no,yes,no,
orig_008024,original_phash,,,,nframe_08902,nframe_08903,TRAIN,TRAIN,no,v40c_05193,no,yes,no,
orig_008025,original_phash,,,,nframe_08902,nframe_08904,TRAIN,TRAIN,no,v40c_05193,no,yes,no,
orig_008026,original_phash,,,,nframe_08902,nframe_08905,TRAIN,TRAIN,no,v40c_05193,no,yes,no,
orig_008027,original_phash,,,,nframe_08903,nframe_08904,TRAIN,TRAIN,no,v40c_05193,no,yes,no,
orig_008028,original_phash,,,,nframe_08903,nframe_08905,TRAIN,TRAIN,no,v40c_05193,no,yes,no,
orig_008029,original_phash,,,,nframe_08904,nframe_08905,TRAIN,TRAIN,no,v40c_05193,no,yes,no,
orig_008030,original_exact,,,,nframe_08906,nframe_08907,TRAIN,TRAIN,no,v40c_05194,yes,yes,yes,
orig_008031,original_phash,,,,nframe_08906,nframe_08908,TRAIN,TRAIN,no,v40c_05194,no,yes,no,
orig_008032,original_phash,,,,nframe_08907,nframe_08908,TRAIN,TRAIN,no,v40c_05194,no,yes,no,
orig_008033,original_phash,,,,nframe_08908,nframe_08909,TRAIN,TRAIN,no,v40c_05194,no,yes,no,
orig_008034,original_phash,,,,nframe_08908,nframe_08910,TRAIN,TRAIN,no,v40c_05194,no,yes,no,
orig_008035,original_phash,,,,nframe_08909,nframe_08910,TRAIN,TRAIN,no,v40c_05194,no,yes,no,
orig_008036,original_phash,,,,nframe_08910,nframe_08911,TRAIN,TRAIN,no,v40c_05194,no,yes,no,
orig_008037,original_phash,,,,nframe_08912,nframe_08913,TRAIN,TRAIN,no,v40c_05195,no,yes,no,
orig_008038,original_phash,,,,nframe_08913,nframe_08914,TRAIN,TRAIN,no,v40c_05195,no,yes,no,
orig_008039,original_phash,,,,nframe_08913,nframe_08915,TRAIN,TRAIN,no,v40c_05195,no,yes,no,
orig_008040,original_exact,,,,nframe_08914,nframe_08915,TRAIN,TRAIN,no,v40c_05195,yes,yes,yes,
orig_008041,original_phash,,,,nframe_08917,nframe_08918,TRAIN,TRAIN,no,v40c_05196,no,yes,no,
orig_008042,original_phash,,,,nframe_08917,nframe_08919,TRAIN,TRAIN,no,v40c_05196,no,yes,no,
orig_008043,original_phash,,,,nframe_08918,nframe_08919,TRAIN,TRAIN,no,v40c_05196,no,yes,no,
orig_008044,original_phash,,,,nframe_08919,nframe_08920,TRAIN,TRAIN,no,v40c_05196,no,yes,no,
orig_008045,original_exact,,,,nframe_08921,nframe_08922,TRAIN,TRAIN,no,v40c_05197,yes,yes,yes,
orig_008046,original_phash,,,,nframe_08921,nframe_08923,TRAIN,TRAIN,no,v40c_05197,no,yes,no,
orig_008047,original_phash,,,,nframe_08921,nframe_08924,TRAIN,TRAIN,no,v40c_05197,no,yes,no,
orig_008048,original_phash,,,,nframe_08922,nframe_08923,TRAIN,TRAIN,no,v40c_05197,no,yes,no,
orig_008049,original_phash,,,,nframe_08922,nframe_08924,TRAIN,TRAIN,no,v40c_05197,no,yes,no,
orig_008050,original_phash,,,,nframe_08923,nframe_08924,TRAIN,TRAIN,no,v40c_05197,no,yes,no,
orig_008051,original_phash,,,,nframe_08925,nframe_08926,TRAIN,TRAIN,no,v40c_05198,no,yes,no,
orig_008052,original_phash,,,,nframe_08927,nframe_08928,TRAIN,TRAIN,no,v40c_05199,no,yes,no,
orig_008053,original_phash,,,,nframe_08927,nframe_08929,TRAIN,TRAIN,no,v40c_05199,no,yes,no,
orig_008054,original_phash,,,,nframe_08927,nframe_08930,TRAIN,TRAIN,no,v40c_05199,no,yes,no,
orig_008055,original_phash,,,,nframe_08927,nframe_09483,TRAIN,TRAIN,no,v40c_05199,no,yes,no,
orig_008056,original_phash,,,,nframe_08928,nframe_08929,TRAIN,TRAIN,no,v40c_05199,no,yes,no,
orig_008057,original_phash,,,,nframe_08928,nframe_08930,TRAIN,TRAIN,no,v40c_05199,no,yes,no,
orig_008058,original_phash,,,,nframe_08928,nframe_09483,TRAIN,TRAIN,no,v40c_05199,no,yes,no,
orig_008059,original_phash,,,,nframe_08929,nframe_08930,TRAIN,TRAIN,no,v40c_05199,no,yes,no,
orig_008060,original_phash,,,,nframe_08929,nframe_09483,TRAIN,TRAIN,no,v40c_05199,no,yes,no,
orig_008061,original_phash,,,,nframe_08930,nframe_09483,TRAIN,TRAIN,no,v40c_05199,no,yes,no,
orig_008062,original_phash,,,,nframe_08932,nframe_08933,TRAIN,TRAIN,no,v40c_05201,no,yes,no,
orig_008063,original_phash,,,,nframe_08935,nframe_08936,TRAIN,TRAIN,no,v40c_05203,no,yes,no,
orig_008064,original_phash,,,,nframe_08935,nframe_08937,TRAIN,TRAIN,no,v40c_05203,no,yes,no,
orig_008065,original_phash,,,,nframe_08935,nframe_08938,TRAIN,TRAIN,no,v40c_05203,no,yes,no,
orig_008066,original_dhash,,,,nframe_08935,nframe_08939,TRAIN,TRAIN,no,v40c_05203,no,no,yes,
orig_008067,original_phash,,,,nframe_08936,nframe_08937,TRAIN,TRAIN,no,v40c_05203,no,yes,yes,
orig_008068,original_phash,,,,nframe_08936,nframe_08938,TRAIN,TRAIN,no,v40c_05203,no,yes,no,
orig_008069,original_phash,,,,nframe_08936,nframe_08939,TRAIN,TRAIN,no,v40c_05203,no,yes,yes,
orig_008070,original_phash,,,,nframe_08936,nframe_08940,TRAIN,TRAIN,no,v40c_05203,no,yes,yes,
orig_008071,original_phash,,,,nframe_08936,nframe_08941,TRAIN,TRAIN,no,v40c_05203,no,yes,no,
orig_008072,original_phash,,,,nframe_08937,nframe_08938,TRAIN,TRAIN,no,v40c_05203,no,yes,no,
orig_008073,original_phash,,,,nframe_08937,nframe_08939,TRAIN,TRAIN,no,v40c_05203,no,yes,yes,
orig_008074,original_phash,,,,nframe_08937,nframe_08940,TRAIN,TRAIN,no,v40c_05203,no,yes,no,
orig_008075,original_phash,,,,nframe_08937,nframe_08941,TRAIN,TRAIN,no,v40c_05203,no,yes,no,
orig_008076,original_phash,,,,nframe_08938,nframe_08939,TRAIN,TRAIN,no,v40c_05203,no,yes,no,
orig_008077,original_phash,,,,nframe_08938,nframe_08940,TRAIN,TRAIN,no,v40c_05203,no,yes,no,
orig_008078,original_phash,,,,nframe_08938,nframe_08941,TRAIN,TRAIN,no,v40c_05203,no,yes,no,
orig_008079,original_phash,,,,nframe_08939,nframe_08940,TRAIN,TRAIN,no,v40c_05203,no,yes,no,
orig_008080,original_phash,,,,nframe_08939,nframe_08941,TRAIN,TRAIN,no,v40c_05203,no,yes,no,
orig_008081,original_phash,,,,nframe_08939,nframe_08942,TRAIN,TRAIN,no,v40c_05203,no,yes,no,
orig_008082,original_phash,,,,nframe_08940,nframe_08941,TRAIN,TRAIN,no,v40c_05203,no,yes,no,
orig_008083,original_phash,,,,nframe_08940,nframe_08942,TRAIN,TRAIN,no,v40c_05203,no,yes,no,
orig_008084,original_phash,,,,nframe_08941,nframe_08942,TRAIN,TRAIN,no,v40c_05203,no,yes,no,
orig_008085,original_phash,,,,nframe_08941,nframe_08943,TRAIN,TRAIN,no,v40c_05203,no,yes,no,
orig_008086,original_phash,,,,nframe_08942,nframe_08943,TRAIN,TRAIN,no,v40c_05203,no,yes,no,
orig_008087,original_phash,,,,nframe_08944,nframe_08945,TRAIN,TRAIN,no,v40c_05204,no,yes,no,
orig_008088,original_phash,,,,nframe_08947,nframe_08948,TRAIN,TRAIN,no,v40c_05206,no,yes,no,
orig_008089,original_phash,,,,nframe_08949,nframe_08950,TRAIN,TRAIN,no,v40c_05207,no,yes,no,
orig_008090,original_phash,,,,nframe_08949,nframe_08951,TRAIN,TRAIN,no,v40c_05207,no,yes,no,
orig_008091,original_phash,,,,nframe_08949,nframe_08952,TRAIN,TRAIN,no,v40c_05207,no,yes,no,
orig_008092,original_phash,,,,nframe_08950,nframe_08951,TRAIN,TRAIN,no,v40c_05207,no,yes,no,
orig_008093,original_phash,,,,nframe_08950,nframe_08952,TRAIN,TRAIN,no,v40c_05207,no,yes,no,
orig_008094,original_phash,,,,nframe_08951,nframe_08952,TRAIN,TRAIN,no,v40c_05207,no,yes,no,
orig_008095,original_phash,,,,nframe_08953,nframe_08954,TRAIN,TRAIN,no,v40c_05208,no,yes,no,
orig_008096,original_phash,,,,nframe_08954,nframe_08955,TRAIN,TRAIN,no,v40c_05208,no,yes,no,
orig_008097,original_phash,,,,nframe_08955,nframe_08956,TRAIN,TRAIN,no,v40c_05208,no,yes,no,
orig_008098,original_phash,,,,nframe_08956,nframe_08957,TRAIN,TRAIN,no,v40c_05208,no,yes,no,
orig_008099,original_phash,,,,nframe_08957,nframe_08958,TRAIN,TRAIN,no,v40c_05208,no,yes,no,
orig_008100,original_phash,,,,nframe_08959,nframe_08960,TRAIN,TRAIN,no,v40c_05209,no,yes,no,
orig_008101,original_phash,,,,nframe_08959,nframe_08961,TRAIN,TRAIN,no,v40c_05209,no,yes,yes,
orig_008102,original_phash,,,,nframe_08959,nframe_08962,TRAIN,TRAIN,no,v40c_05209,no,yes,no,
orig_008103,original_phash,,,,nframe_08959,nframe_08963,TRAIN,TRAIN,no,v40c_05209,no,yes,yes,
orig_008104,original_phash,,,,nframe_08959,nframe_08964,TRAIN,TRAIN,no,v40c_05209,no,yes,no,
orig_008105,original_dhash,,,,nframe_08959,nframe_08965,TRAIN,TRAIN,no,v40c_05209,no,no,yes,
orig_008106,original_phash,,,,nframe_08960,nframe_08961,TRAIN,TRAIN,no,v40c_05209,no,yes,yes,
orig_008107,original_phash,,,,nframe_08960,nframe_08962,TRAIN,TRAIN,no,v40c_05209,no,yes,no,
orig_008108,original_phash,,,,nframe_08960,nframe_08963,TRAIN,TRAIN,no,v40c_05209,no,yes,no,
orig_008109,original_phash,,,,nframe_08960,nframe_08964,TRAIN,TRAIN,no,v40c_05209,no,yes,no,
orig_008110,original_phash,,,,nframe_08960,nframe_08966,TRAIN,TRAIN,no,v40c_05209,no,yes,no,
orig_008111,original_phash,,,,nframe_08961,nframe_08962,TRAIN,TRAIN,no,v40c_05209,no,yes,no,
orig_008112,original_phash,,,,nframe_08961,nframe_08963,TRAIN,TRAIN,no,v40c_05209,no,yes,no,
orig_008113,original_phash,,,,nframe_08961,nframe_08964,TRAIN,TRAIN,no,v40c_05209,no,yes,no,
orig_008114,original_phash,,,,nframe_08961,nframe_08965,TRAIN,TRAIN,no,v40c_05209,no,yes,yes,
orig_008115,original_phash,,,,nframe_08961,nframe_08966,TRAIN,TRAIN,no,v40c_05209,no,yes,no,
orig_008116,original_phash,,,,nframe_08962,nframe_08963,TRAIN,TRAIN,no,v40c_05209,no,yes,no,
orig_008117,original_phash,,,,nframe_08962,nframe_08964,TRAIN,TRAIN,no,v40c_05209,no,yes,no,
orig_008118,original_phash,,,,nframe_08962,nframe_08965,TRAIN,TRAIN,no,v40c_05209,no,yes,no,
orig_008119,original_phash,,,,nframe_08962,nframe_08966,TRAIN,TRAIN,no,v40c_05209,no,yes,no,
orig_008120,original_phash,,,,nframe_08963,nframe_08964,TRAIN,TRAIN,no,v40c_05209,no,yes,yes,
orig_008121,original_phash,,,,nframe_08963,nframe_08965,TRAIN,TRAIN,no,v40c_05209,no,yes,yes,
orig_008122,original_phash,,,,nframe_08963,nframe_08966,TRAIN,TRAIN,no,v40c_05209,no,yes,no,
orig_008123,original_phash,,,,nframe_08964,nframe_08965,TRAIN,TRAIN,no,v40c_05209,no,yes,no,
orig_008124,original_phash,,,,nframe_08964,nframe_08966,TRAIN,TRAIN,no,v40c_05209,no,yes,no,
orig_008125,original_phash,,,,nframe_08965,nframe_08966,TRAIN,TRAIN,no,v40c_05209,no,yes,yes,
orig_008126,original_phash,,,,nframe_08966,nframe_08967,TRAIN,TRAIN,no,v40c_05209,no,yes,no,
orig_008127,original_phash,,,,nframe_08967,nframe_08968,TRAIN,TRAIN,no,v40c_05209,no,yes,yes,
orig_008128,original_phash,,,,nframe_08967,nframe_08969,TRAIN,TRAIN,no,v40c_05209,no,yes,no,
orig_008129,original_phash,,,,nframe_08968,nframe_08969,TRAIN,TRAIN,no,v40c_05209,no,yes,yes,
orig_008130,original_phash,,,,nframe_08970,nframe_08971,TRAIN,TRAIN,no,v40c_05210,no,yes,yes,
orig_008131,original_phash,,,,nframe_08970,nframe_08972,TRAIN,TRAIN,no,v40c_05210,no,yes,no,
orig_008132,original_phash,,,,nframe_08971,nframe_08972,TRAIN,TRAIN,no,v40c_05210,no,yes,no,
orig_008133,original_phash,,,,nframe_08972,nframe_08973,TRAIN,TRAIN,no,v40c_05210,no,yes,no,
orig_008134,original_phash,,,,nframe_08972,nframe_08974,TRAIN,TRAIN,no,v40c_05210,no,yes,no,
orig_008135,original_phash,,,,nframe_08972,nframe_08980,TRAIN,TRAIN,no,v40c_05210,no,yes,no,
orig_008136,original_phash,,,,nframe_08972,nframe_08981,TRAIN,TRAIN,no,v40c_05210,no,yes,no,
orig_008137,original_phash,,,,nframe_08972,nframe_08984,TRAIN,TRAIN,no,v40c_05210,no,yes,no,
orig_008138,original_phash,,,,nframe_08973,nframe_08974,TRAIN,TRAIN,no,v40c_05210,no,yes,no,
orig_008139,original_phash,,,,nframe_08973,nframe_08975,TRAIN,TRAIN,no,v40c_05210,no,yes,no,
orig_008140,original_phash,,,,nframe_08973,nframe_08979,TRAIN,TRAIN,no,v40c_05210,no,yes,no,
orig_008141,original_phash,,,,nframe_08973,nframe_08980,TRAIN,TRAIN,no,v40c_05210,no,yes,no,
orig_008142,original_phash,,,,nframe_08973,nframe_08981,TRAIN,TRAIN,no,v40c_05210,no,yes,no,
orig_008143,original_phash,,,,nframe_08973,nframe_08984,TRAIN,TRAIN,no,v40c_05210,no,yes,no,
orig_008144,original_phash,,,,nframe_08974,nframe_08975,TRAIN,TRAIN,no,v40c_05210,no,yes,no,
orig_008145,original_phash,,,,nframe_08974,nframe_08979,TRAIN,TRAIN,no,v40c_05210,no,yes,no,
orig_008146,original_phash,,,,nframe_08974,nframe_08980,TRAIN,TRAIN,no,v40c_05210,no,yes,no,
orig_008147,original_phash,,,,nframe_08974,nframe_08981,TRAIN,TRAIN,no,v40c_05210,no,yes,no,
orig_008148,original_phash,,,,nframe_08974,nframe_08982,TRAIN,TRAIN,no,v40c_05210,no,yes,no,
orig_008149,original_phash,,,,nframe_08974,nframe_08983,TRAIN,TRAIN,no,v40c_05210,no,yes,no,
orig_008150,original_phash,,,,nframe_08974,nframe_08984,TRAIN,TRAIN,no,v40c_05210,no,yes,no,
orig_008151,original_phash,,,,nframe_08974,nframe_08985,TRAIN,TRAIN,no,v40c_05210,no,yes,no,
orig_008152,original_phash,,,,nframe_08974,nframe_08986,TRAIN,TRAIN,no,v40c_05210,no,yes,no,
orig_008153,original_phash,,,,nframe_08975,nframe_08976,TRAIN,TRAIN,no,v40c_05210,no,yes,no,
orig_008154,original_phash,,,,nframe_08975,nframe_08978,TRAIN,TRAIN,no,v40c_05210,no,yes,no,
orig_008155,original_phash,,,,nframe_08975,nframe_08979,TRAIN,TRAIN,no,v40c_05210,no,yes,no,
orig_008156,original_phash,,,,nframe_08975,nframe_08980,TRAIN,TRAIN,no,v40c_05210,no,yes,no,
orig_008157,original_phash,,,,nframe_08975,nframe_08981,TRAIN,TRAIN,no,v40c_05210,no,yes,no,
orig_008158,original_phash,,,,nframe_08976,nframe_08977,TRAIN,TRAIN,no,v40c_05210,no,yes,yes,
orig_008159,original_phash,,,,nframe_08976,nframe_08978,TRAIN,TRAIN,no,v40c_05210,no,yes,no,
orig_008160,original_phash,,,,nframe_08976,nframe_08979,TRAIN,TRAIN,no,v40c_05210,no,yes,no,
orig_008161,original_phash,,,,nframe_08977,nframe_08978,TRAIN,TRAIN,no,v40c_05210,no,yes,no,
orig_008162,original_phash,,,,nframe_08977,nframe_08979,TRAIN,TRAIN,no,v40c_05210,no,yes,no,
orig_008163,original_phash,,,,nframe_08978,nframe_08979,TRAIN,TRAIN,no,v40c_05210,no,yes,no,
orig_008164,original_phash,,,,nframe_08980,nframe_08981,TRAIN,TRAIN,no,v40c_05210,no,yes,no,
orig_008165,original_phash,,,,nframe_08980,nframe_08982,TRAIN,TRAIN,no,v40c_05210,no,yes,no,
orig_008166,original_phash,,,,nframe_08980,nframe_08983,TRAIN,TRAIN,no,v40c_05210,no,yes,no,
orig_008167,original_phash,,,,nframe_08980,nframe_08984,TRAIN,TRAIN,no,v40c_05210,no,yes,no,
orig_008168,original_phash,,,,nframe_08980,nframe_08985,TRAIN,TRAIN,no,v40c_05210,no,yes,no,
orig_008169,original_phash,,,,nframe_08980,nframe_08986,TRAIN,TRAIN,no,v40c_05210,no,yes,no,
orig_008170,original_phash,,,,nframe_08981,nframe_08982,TRAIN,TRAIN,no,v40c_05210,no,yes,no,
orig_008171,original_phash,,,,nframe_08981,nframe_08983,TRAIN,TRAIN,no,v40c_05210,no,yes,yes,
orig_008172,original_phash,,,,nframe_08981,nframe_08984,TRAIN,TRAIN,no,v40c_05210,no,yes,no,
orig_008173,original_phash,,,,nframe_08981,nframe_08985,TRAIN,TRAIN,no,v40c_05210,no,yes,no,
orig_008174,original_phash,,,,nframe_08981,nframe_08986,TRAIN,TRAIN,no,v40c_05210,no,yes,no,
orig_008175,original_phash,,,,nframe_08981,nframe_08987,TRAIN,TRAIN,no,v40c_05210,no,yes,no,
orig_008176,original_phash,,,,nframe_08982,nframe_08983,TRAIN,TRAIN,no,v40c_05210,no,yes,no,
orig_008177,original_phash,,,,nframe_08982,nframe_08984,TRAIN,TRAIN,no,v40c_05210,no,yes,no,
orig_008178,original_phash,,,,nframe_08982,nframe_08985,TRAIN,TRAIN,no,v40c_05210,no,yes,no,
orig_008179,original_phash,,,,nframe_08982,nframe_08986,TRAIN,TRAIN,no,v40c_05210,no,yes,no,
orig_008180,original_phash,,,,nframe_08982,nframe_08987,TRAIN,TRAIN,no,v40c_05210,no,yes,no,
orig_008181,original_phash,,,,nframe_08983,nframe_08984,TRAIN,TRAIN,no,v40c_05210,no,yes,no,
orig_008182,original_phash,,,,nframe_08983,nframe_08985,TRAIN,TRAIN,no,v40c_05210,no,yes,no,
orig_008183,original_phash,,,,nframe_08983,nframe_08986,TRAIN,TRAIN,no,v40c_05210,no,yes,no,
orig_008184,original_phash,,,,nframe_08983,nframe_08987,TRAIN,TRAIN,no,v40c_05210,no,yes,no,
orig_008185,original_phash,,,,nframe_08984,nframe_08985,TRAIN,TRAIN,no,v40c_05210,no,yes,yes,
orig_008186,original_phash,,,,nframe_08984,nframe_08986,TRAIN,TRAIN,no,v40c_05210,no,yes,no,
orig_008187,original_phash,,,,nframe_08984,nframe_08987,TRAIN,TRAIN,no,v40c_05210,no,yes,no,
orig_008188,original_phash,,,,nframe_08984,nframe_08988,TRAIN,TRAIN,no,v40c_05210,no,yes,no,
orig_008189,original_phash,,,,nframe_08985,nframe_08986,TRAIN,TRAIN,no,v40c_05210,no,yes,yes,
orig_008190,original_phash,,,,nframe_08985,nframe_08987,TRAIN,TRAIN,no,v40c_05210,no,yes,yes,
orig_008191,original_phash,,,,nframe_08986,nframe_08987,TRAIN,TRAIN,no,v40c_05210,no,yes,no,
orig_008192,original_phash,,,,nframe_08989,nframe_08990,TRAIN,TRAIN,no,v40c_05211,no,yes,no,
orig_008193,original_phash,,,,nframe_08991,nframe_08992,TRAIN,TRAIN,no,v40c_05212,no,yes,yes,
orig_008194,original_phash,,,,nframe_08992,nframe_08993,TRAIN,TRAIN,no,v40c_05212,no,yes,no,
orig_008195,original_phash,,,,nframe_08993,nframe_08994,TRAIN,TRAIN,no,v40c_05212,no,yes,no,
orig_008196,original_phash,,,,nframe_08995,nframe_08996,TRAIN,TRAIN,no,v40c_05213,no,yes,no,
orig_008197,original_phash,,,,nframe_08996,nframe_08997,TRAIN,TRAIN,no,v40c_05213,no,yes,no,
orig_008198,original_phash,,,,nframe_08999,nframe_09000,TRAIN,TRAIN,no,v40c_05215,no,yes,yes,
orig_008199,original_dhash,,,,nframe_09003,nframe_09004,TRAIN,TRAIN,no,v40c_05218,no,no,yes,
orig_008200,original_exact,,,,nframe_09007,nframe_09008,TRAIN,TRAIN,no,v40c_05221,yes,yes,yes,
orig_008201,original_dhash,,,,nframe_09010,nframe_09011,TRAIN,TRAIN,no,v40c_05222,no,no,yes,
orig_008202,original_dhash,,,,nframe_09012,nframe_09013,TRAIN,TRAIN,no,v40c_05223,no,no,yes,
orig_008203,original_phash,,,,nframe_09025,nframe_09026,TRAIN,TRAIN,no,v40c_05235,no,yes,no,
orig_008204,original_dhash,,,,nframe_09027,nframe_09028,TRAIN,TRAIN,no,v40c_05236,no,no,yes,
orig_008205,original_phash,,,,nframe_09032,nframe_09033,TRAIN,TRAIN,no,v40c_05240,no,yes,no,
orig_008206,original_exact,,,,nframe_09034,nframe_09035,TRAIN,TRAIN,no,v40c_05241,yes,yes,yes,
orig_008207,original_exact,,,,nframe_09053,nframe_09054,TRAIN,TRAIN,no,v40c_05245,yes,yes,yes,
orig_008208,original_phash,,,,nframe_09096,nframe_09097,TRAIN,TRAIN,no,v40c_05254,no,yes,no,
orig_008209,original_dhash,,,,nframe_09097,nframe_09098,TRAIN,TRAIN,no,v40c_05254,no,no,yes,
orig_008210,original_dhash,,,,nframe_09097,nframe_09099,TRAIN,TRAIN,no,v40c_05254,no,no,yes,
orig_008211,original_phash,,,,nframe_09103,nframe_09104,TRAIN,TRAIN,no,v40c_05257,no,yes,yes,
orig_008212,original_phash,,,,nframe_09111,nframe_09112,TRAIN,TRAIN,no,v40c_05260,no,yes,no,
orig_008213,original_phash,,,,nframe_09120,nframe_09121,TRAIN,TRAIN,no,v40c_05268,no,yes,no,
orig_008214,original_exact,,,,nframe_09128,nframe_09129,TRAIN,TRAIN,no,v40c_05275,yes,yes,yes,
orig_008215,original_phash,,,,nframe_09128,nframe_09130,TRAIN,TRAIN,no,v40c_05275,no,yes,no,
orig_008216,original_phash,,,,nframe_09129,nframe_09130,TRAIN,TRAIN,no,v40c_05275,no,yes,no,
orig_008217,original_exact,,,,nframe_09131,nframe_09132,TRAIN,TRAIN,no,v40c_05276,yes,yes,yes,
orig_008218,original_phash,,,,nframe_09131,nframe_09133,TRAIN,TRAIN,no,v40c_05276,no,yes,yes,
orig_008219,original_phash,,,,nframe_09132,nframe_09133,TRAIN,TRAIN,no,v40c_05276,no,yes,yes,
orig_008220,original_phash,,,,nframe_09135,nframe_09136,TRAIN,TRAIN,no,v40c_05278,no,yes,no,
orig_008221,original_dhash,,,,nframe_09136,nframe_09138,TRAIN,TRAIN,no,v40c_05278,no,no,yes,
orig_008222,original_dhash,,,,nframe_09136,nframe_09139,TRAIN,TRAIN,no,v40c_05278,no,no,yes,
orig_008223,original_phash,,,,nframe_09138,nframe_09139,TRAIN,TRAIN,no,v40c_05278,no,yes,yes,
orig_008224,original_phash,,,,nframe_09138,nframe_09140,TRAIN,TRAIN,no,v40c_05278,no,yes,no,
orig_008225,original_phash,,,,nframe_09139,nframe_09140,TRAIN,TRAIN,no,v40c_05278,no,yes,no,
orig_008226,original_exact,,,,nframe_09141,nframe_09142,TRAIN,TRAIN,no,v40c_05280,yes,yes,yes,
orig_008227,original_phash,,,,nframe_09141,nframe_09143,TRAIN,TRAIN,no,v40c_05280,no,yes,no,
orig_008228,original_phash,,,,nframe_09142,nframe_09143,TRAIN,TRAIN,no,v40c_05280,no,yes,no,
orig_008229,original_phash,,,,nframe_09145,nframe_09146,TRAIN,TRAIN,no,v40c_05282,no,yes,yes,
orig_008230,original_phash,,,,nframe_09145,nframe_09147,TRAIN,TRAIN,no,v40c_05282,no,yes,no,
orig_008231,original_phash,,,,nframe_09146,nframe_09147,TRAIN,TRAIN,no,v40c_05282,no,yes,no,
orig_008232,original_phash,,,,nframe_09147,nframe_09148,TRAIN,TRAIN,no,v40c_05282,no,yes,no,
orig_008233,original_phash,,,,nframe_09151,nframe_09152,TRAIN,TRAIN,no,v40c_05285,no,yes,no,
orig_008234,original_phash,,,,nframe_09151,nframe_09153,TRAIN,TRAIN,no,v40c_05285,no,yes,no,
orig_008235,original_phash,,,,nframe_09152,nframe_09153,TRAIN,TRAIN,no,v40c_05285,no,yes,no,
orig_008236,original_dhash,,,,nframe_09155,nframe_09156,TRAIN,TRAIN,no,v40c_05287,no,no,yes,
orig_008237,original_phash,,,,nframe_09156,nframe_09157,TRAIN,TRAIN,no,v40c_05287,no,yes,yes,
orig_008238,original_dhash,,,,nframe_09156,nframe_09164,TRAIN,TRAIN,no,v40c_05287,no,no,yes,
orig_008239,original_dhash,,,,nframe_09160,nframe_09161,TRAIN,TRAIN,no,v40c_05290,no,no,yes,
orig_008240,original_dhash,,,,nframe_09160,nframe_09162,TRAIN,TRAIN,no,v40c_05290,no,no,yes,
orig_008241,original_dhash,,,,nframe_09161,nframe_09162,TRAIN,TRAIN,no,v40c_05290,no,no,yes,
orig_008242,original_dhash,,,,nframe_09163,nframe_09164,TRAIN,TRAIN,no,v40c_05287,no,no,yes,
orig_008243,original_dhash,,,,nframe_09163,nframe_09165,TRAIN,TRAIN,no,v40c_05287,no,no,yes,
orig_008244,original_phash,,,,nframe_09163,nframe_09166,TRAIN,TRAIN,no,v40c_05287,no,yes,no,
orig_008245,original_phash,,,,nframe_09164,nframe_09165,TRAIN,TRAIN,no,v40c_05287,no,yes,yes,
orig_008246,original_dhash,,,,nframe_09169,nframe_09170,TRAIN,TRAIN,no,v40c_05293,no,no,yes,
orig_008247,original_dhash,,,,nframe_09173,nframe_09174,TRAIN,TRAIN,no,v40c_05295,no,no,yes,
orig_008248,original_phash,,,,nframe_09174,nframe_09175,TRAIN,TRAIN,no,v40c_05295,no,yes,no,
orig_008249,original_phash,,,,nframe_09175,nframe_09176,TRAIN,TRAIN,no,v40c_05295,no,yes,no,
orig_008250,original_phash,,,,nframe_09175,nframe_09177,TRAIN,TRAIN,no,v40c_05295,no,yes,no,
orig_008251,original_phash,,,,nframe_09176,nframe_09177,TRAIN,TRAIN,no,v40c_05295,no,yes,no,
orig_008252,original_phash,,,,nframe_09180,nframe_09181,TRAIN,TRAIN,no,v40c_05298,no,yes,no,
orig_008253,original_dhash,,,,nframe_09181,nframe_09184,TRAIN,TRAIN,no,v40c_05298,no,no,yes,
orig_008254,original_exact,,,,nframe_09182,nframe_09183,TRAIN,TRAIN,no,v40c_05299,yes,yes,yes,
orig_008255,original_phash,,,,nframe_09205,nframe_09206,TRAIN,TRAIN,no,v40c_05302,no,yes,yes,
orig_008256,original_dhash,,,,nframe_09214,nframe_09215,TRAIN,TRAIN,no,v40c_05310,no,no,yes,
orig_008257,original_phash,,,,nframe_09222,nframe_09223,TRAIN,TRAIN,no,v40c_05317,no,yes,no,
orig_008258,original_phash,,,,nframe_09245,nframe_09246,TRAIN,TRAIN,no,v40c_05339,no,yes,no,
orig_008259,original_exact,,,,nframe_09254,nframe_09255,TRAIN,TRAIN,no,v40c_05347,yes,yes,yes,
orig_008260,original_phash,,,,nframe_09280,nframe_09281,TRAIN,TRAIN,no,v40c_05352,no,yes,no,
orig_008261,original_phash,,,,nframe_09282,nframe_09283,TRAIN,TRAIN,no,v40c_05353,no,yes,no,
orig_008262,original_phash,,,,nframe_09284,nframe_09285,TRAIN,TRAIN,no,v40c_05354,no,yes,no,
orig_008263,original_phash,,,,nframe_09350,nframe_09351,TRAIN,TRAIN,no,v40c_05370,no,yes,no,
orig_008264,original_phash,,,,nframe_09351,nframe_09352,TRAIN,TRAIN,no,v40c_05370,no,yes,no,
orig_008265,original_phash,,,,nframe_09351,nframe_09353,TRAIN,TRAIN,no,v40c_05370,no,yes,no,
orig_008266,original_phash,,,,nframe_09352,nframe_09353,TRAIN,TRAIN,no,v40c_05370,no,yes,no,
orig_008267,original_phash,,,,nframe_09353,nframe_09355,TRAIN,TRAIN,no,v40c_05370,no,yes,no,
orig_008268,original_exact,,,,nframe_09359,nframe_09360,TRAIN,TRAIN,no,v40c_05374,yes,yes,yes,
orig_008269,original_phash,,,,nframe_09361,nframe_09362,VALIDATION,VALIDATION,no,v40c_05374,no,yes,no,
orig_008270,original_phash,,,,nframe_09362,nframe_09363,VALIDATION,VALIDATION,no,v40c_05374,no,yes,no,
orig_008271,original_phash,,,,nframe_09364,nframe_09365,TRAIN,TRAIN,no,v40c_05374,no,yes,yes,
orig_008272,original_dhash,,,,nframe_09364,nframe_09368,TRAIN,TRAIN,no,v40c_05374,no,no,yes,
orig_008273,original_exact,,,,nframe_09366,nframe_09367,TRAIN,TRAIN,no,v40c_05375,yes,yes,yes,
orig_008274,original_dhash,,,,nframe_09384,nframe_09385,TRAIN,TRAIN,no,v40c_05377,no,no,yes,
orig_008275,original_exact,,,,nframe_09386,nframe_09387,TRAIN,TRAIN,no,v40c_05378,yes,yes,yes,
orig_008276,original_phash,,,,nframe_09386,nframe_09388,TRAIN,TRAIN,no,v40c_05378,no,yes,no,
orig_008277,original_phash,,,,nframe_09386,nframe_09389,TRAIN,TRAIN,no,v40c_05378,no,yes,no,
orig_008278,original_phash,,,,nframe_09387,nframe_09388,TRAIN,TRAIN,no,v40c_05378,no,yes,no,
orig_008279,original_phash,,,,nframe_09387,nframe_09389,TRAIN,TRAIN,no,v40c_05378,no,yes,no,
orig_008280,original_phash,,,,nframe_09388,nframe_09389,TRAIN,TRAIN,no,v40c_05378,no,yes,no,
orig_008281,original_phash,,,,nframe_09388,nframe_09390,TRAIN,TRAIN,no,v40c_05378,no,yes,no,
orig_008282,original_phash,,,,nframe_09390,nframe_09391,TRAIN,TRAIN,no,v40c_05378,no,yes,no,
orig_008283,original_phash,,,,nframe_09391,nframe_09392,TRAIN,TRAIN,no,v40c_05378,no,yes,no,
orig_008284,original_phash,,,,nframe_09391,nframe_09393,TRAIN,TRAIN,no,v40c_05378,no,yes,no,
orig_008285,original_phash,,,,nframe_09392,nframe_09394,TRAIN,TRAIN,no,v40c_05378,no,yes,no,
orig_008286,original_phash,,,,nframe_09394,nframe_09395,TRAIN,TRAIN,no,v40c_05378,no,yes,no,
orig_008287,original_exact,,,,nframe_09397,nframe_09398,TRAIN,TRAIN,no,v40c_05380,yes,yes,yes,
orig_008288,original_phash,,,,nframe_09400,nframe_09401,TRAIN,TRAIN,no,v40c_05382,no,yes,no,
orig_008289,original_phash,,,,nframe_09402,nframe_09405,TRAIN,TRAIN,no,v40c_05383,no,yes,no,
orig_008290,original_phash,,,,nframe_09403,nframe_09404,TRAIN,TRAIN,no,v40c_05383,no,yes,no,
orig_008291,original_phash,,,,nframe_09404,nframe_09405,TRAIN,TRAIN,no,v40c_05383,no,yes,no,
orig_008292,original_phash,,,,nframe_09406,nframe_09407,TRAIN,TRAIN,no,v40c_02883,no,yes,no,
orig_008293,original_phash,,,,nframe_09407,nframe_09410,TRAIN,TRAIN,no,v40c_02883,no,yes,no,
orig_008294,original_phash,,,,nframe_09407,nframe_09411,TRAIN,TRAIN,no,v40c_02883,no,yes,no,
orig_008295,original_phash,,,,nframe_09408,nframe_09410,TRAIN,TRAIN,no,v40c_02883,no,yes,no,
orig_008296,original_phash,,,,nframe_09408,nframe_09411,TRAIN,TRAIN,no,v40c_02883,no,yes,no,
orig_008297,original_exact,,,,nframe_09410,nframe_09411,TRAIN,TRAIN,no,v40c_02883,yes,yes,yes,
orig_008298,original_dhash,,,,nframe_09410,nframe_09793,TRAIN,TRAIN,no,v40c_02883,no,no,yes,
orig_008299,original_dhash,,,,nframe_09410,nframe_09795,TRAIN,TRAIN,no,v40c_02883,no,no,yes,
orig_008300,original_dhash,,,,nframe_09410,nframe_09796,TRAIN,TRAIN,no,v40c_02883,no,no,yes,
orig_008301,original_dhash,,,,nframe_09410,nframe_09797,TRAIN,TRAIN,no,v40c_02883,no,no,yes,
orig_008302,original_dhash,,,,nframe_09410,nframe_09801,TRAIN,TRAIN,no,v40c_02883,no,no,yes,
orig_008303,original_dhash,,,,nframe_09410,nframe_09804,TRAIN,TRAIN,no,v40c_02883,no,no,yes,
orig_008304,original_dhash,,,,nframe_09410,nframe_09805,TRAIN,TRAIN,no,v40c_02883,no,no,yes,
orig_008305,original_dhash,,,,nframe_09410,nframe_09806,TRAIN,TRAIN,no,v40c_02883,no,no,yes,
orig_008306,original_dhash,,,,nframe_09410,nframe_09807,TRAIN,TRAIN,no,v40c_02883,no,no,yes,
orig_008307,original_dhash,,,,nframe_09411,nframe_09793,TRAIN,TRAIN,no,v40c_02883,no,no,yes,
orig_008308,original_dhash,,,,nframe_09411,nframe_09795,TRAIN,TRAIN,no,v40c_02883,no,no,yes,
orig_008309,original_dhash,,,,nframe_09411,nframe_09796,TRAIN,TRAIN,no,v40c_02883,no,no,yes,
orig_008310,original_dhash,,,,nframe_09411,nframe_09797,TRAIN,TRAIN,no,v40c_02883,no,no,yes,
orig_008311,original_dhash,,,,nframe_09411,nframe_09801,TRAIN,TRAIN,no,v40c_02883,no,no,yes,
orig_008312,original_dhash,,,,nframe_09411,nframe_09804,TRAIN,TRAIN,no,v40c_02883,no,no,yes,
orig_008313,original_dhash,,,,nframe_09411,nframe_09805,TRAIN,TRAIN,no,v40c_02883,no,no,yes,
orig_008314,original_dhash,,,,nframe_09411,nframe_09806,TRAIN,TRAIN,no,v40c_02883,no,no,yes,
orig_008315,original_dhash,,,,nframe_09411,nframe_09807,TRAIN,TRAIN,no,v40c_02883,no,no,yes,
orig_008316,original_exact,,,,nframe_09412,nframe_09413,TRAIN,TRAIN,no,v40c_05385,yes,yes,yes,
orig_008317,original_phash,,,,nframe_09414,nframe_09416,TRAIN,TRAIN,no,v40c_05386,no,yes,no,
orig_008318,original_phash,,,,nframe_09414,nframe_09417,TRAIN,TRAIN,no,v40c_05386,no,yes,no,
orig_008319,original_phash,,,,nframe_09416,nframe_09417,TRAIN,TRAIN,no,v40c_05386,no,yes,no,
orig_008320,original_phash,,,,nframe_09418,nframe_09419,TRAIN,TRAIN,no,v40c_04014,no,yes,no,
orig_008321,original_phash,,,,nframe_09419,nframe_09420,TRAIN,TRAIN,no,v40c_04014,no,yes,no,
orig_008322,original_phash,,,,nframe_09419,nframe_09421,TRAIN,TRAIN,no,v40c_04014,no,yes,no,
orig_008323,original_phash,,,,nframe_09420,nframe_09421,TRAIN,TRAIN,no,v40c_04014,no,yes,no,
orig_008324,original_exact,,,,nframe_09438,nframe_09439,TRAIN,TRAIN,no,v40c_05400,yes,yes,yes,
orig_008325,original_phash,,,,nframe_09438,nframe_09440,TRAIN,TRAIN,no,v40c_05400,no,yes,no,
orig_008326,original_dhash,,,,nframe_09438,nframe_09441,TRAIN,TRAIN,no,v40c_05400,no,no,yes,
orig_008327,original_dhash,,,,nframe_09438,nframe_09442,TRAIN,TRAIN,no,v40c_05400,no,no,yes,
orig_008328,original_phash,,,,nframe_09439,nframe_09440,TRAIN,TRAIN,no,v40c_05400,no,yes,no,
orig_008329,original_dhash,,,,nframe_09439,nframe_09441,TRAIN,TRAIN,no,v40c_05400,no,no,yes,
orig_008330,original_dhash,,,,nframe_09439,nframe_09442,TRAIN,TRAIN,no,v40c_05400,no,no,yes,
orig_008331,original_exact,,,,nframe_09441,nframe_09442,TRAIN,TRAIN,no,v40c_05400,yes,yes,yes,
orig_008332,original_phash,,,,nframe_09443,nframe_09444,TRAIN,TRAIN,no,v40c_05401,no,yes,no,
orig_008333,original_phash,,,,nframe_09443,nframe_09445,TRAIN,TRAIN,no,v40c_05401,no,yes,no,
orig_008334,original_phash,,,,nframe_09444,nframe_09445,TRAIN,TRAIN,no,v40c_05401,no,yes,no,
orig_008335,original_phash,,,,nframe_09445,nframe_09447,TRAIN,TRAIN,no,v40c_05401,no,yes,no,
orig_008336,original_phash,,,,nframe_09448,nframe_09449,TRAIN,TRAIN,no,v40c_05402,no,yes,no,
orig_008337,original_phash,,,,nframe_09484,nframe_09485,TRAIN,TRAIN,no,v40c_05406,no,yes,no,
orig_008338,original_phash,,,,nframe_09599,nframe_09600,TRAIN,TRAIN,no,v40c_05423,no,yes,no,
orig_008339,original_phash,,,,nframe_09600,nframe_09601,TRAIN,TRAIN,no,v40c_05423,no,yes,no,
orig_008340,original_phash,,,,nframe_09609,nframe_09610,TRAIN,TRAIN,no,v40c_05428,no,yes,no,
orig_008341,original_phash,,,,nframe_09613,nframe_09614,TRAIN,TRAIN,no,v40c_05431,no,yes,no,
orig_008342,original_exact,,,,nframe_09620,nframe_09621,TRAIN,TRAIN,no,v40c_05436,yes,yes,yes,
orig_008343,original_exact,,,,nframe_09622,nframe_09623,TRAIN,TRAIN,no,v40c_05437,yes,yes,yes,
orig_008344,original_exact,,,,nframe_09633,nframe_09634,TRAIN,TRAIN,no,v40c_05446,yes,yes,yes,
orig_008345,original_dhash,,,,nframe_09633,nframe_09635,TRAIN,TRAIN,no,v40c_05446,no,no,yes,
orig_008346,original_dhash,,,,nframe_09634,nframe_09635,TRAIN,TRAIN,no,v40c_05446,no,no,yes,
orig_008347,original_phash,,,,nframe_09793,nframe_09794,TRAIN,TRAIN,no,v40c_02883,no,yes,yes,
orig_008348,original_dhash,,,,nframe_09793,nframe_09795,TRAIN,TRAIN,no,v40c_02883,no,no,yes,
orig_008349,original_dhash,,,,nframe_09793,nframe_09796,TRAIN,TRAIN,no,v40c_02883,no,no,yes,
orig_008350,original_dhash,,,,nframe_09793,nframe_09797,TRAIN,TRAIN,no,v40c_02883,no,no,yes,
orig_008351,original_dhash,,,,nframe_09793,nframe_09798,TRAIN,TRAIN,no,v40c_02883,no,no,yes,
orig_008352,original_dhash,,,,nframe_09793,nframe_09799,TRAIN,TRAIN,no,v40c_02883,no,no,yes,
orig_008353,original_dhash,,,,nframe_09793,nframe_09800,TRAIN,TRAIN,no,v40c_02883,no,no,yes,
orig_008354,original_dhash,,,,nframe_09793,nframe_09801,TRAIN,TRAIN,no,v40c_02883,no,no,yes,
orig_008355,original_dhash,,,,nframe_09793,nframe_09802,TRAIN,TRAIN,no,v40c_02883,no,no,yes,
orig_008356,original_dhash,,,,nframe_09793,nframe_09803,TRAIN,TRAIN,no,v40c_02883,no,no,yes,
orig_008357,original_dhash,,,,nframe_09793,nframe_09804,TRAIN,TRAIN,no,v40c_02883,no,no,yes,
orig_008358,original_dhash,,,,nframe_09793,nframe_09805,TRAIN,TRAIN,no,v40c_02883,no,no,yes,
orig_008359,original_dhash,,,,nframe_09793,nframe_09806,TRAIN,TRAIN,no,v40c_02883,no,no,yes,
orig_008360,original_dhash,,,,nframe_09793,nframe_09807,TRAIN,TRAIN,no,v40c_02883,no,no,yes,
orig_008361,original_dhash,,,,nframe_09793,nframe_09815,TRAIN,TRAIN,no,v40c_02883,no,no,yes,
orig_008362,original_dhash,,,,nframe_09793,nframe_09816,TRAIN,TRAIN,no,v40c_02883,no,no,yes,
orig_008363,original_dhash,,,,nframe_09793,nframe_09817,TRAIN,TRAIN,no,v40c_02883,no,no,yes,
orig_008364,original_dhash,,,,nframe_09793,nframe_09818,TRAIN,TRAIN,no,v40c_02883,no,no,yes,
orig_008365,original_dhash,,,,nframe_09793,nframe_09819,TRAIN,TRAIN,no,v40c_02883,no,no,yes,
orig_008366,original_dhash,,,,nframe_09793,nframe_09820,TRAIN,TRAIN,no,v40c_02883,no,no,yes,
orig_008367,original_dhash,,,,nframe_09794,nframe_09795,TRAIN,TRAIN,no,v40c_02883,no,no,yes,
orig_008368,original_dhash,,,,nframe_09794,nframe_09796,TRAIN,TRAIN,no,v40c_02883,no,no,yes,
orig_008369,original_dhash,,,,nframe_09794,nframe_09797,TRAIN,TRAIN,no,v40c_02883,no,no,yes,
orig_008370,original_dhash,,,,nframe_09794,nframe_09798,TRAIN,TRAIN,no,v40c_02883,no,no,yes,
orig_008371,original_dhash,,,,nframe_09794,nframe_09800,TRAIN,TRAIN,no,v40c_02883,no,no,yes,
orig_008372,original_dhash,,,,nframe_09794,nframe_09801,TRAIN,TRAIN,no,v40c_02883,no,no,yes,
orig_008373,original_dhash,,,,nframe_09794,nframe_09802,TRAIN,TRAIN,no,v40c_02883,no,no,yes,
orig_008374,original_dhash,,,,nframe_09794,nframe_09803,TRAIN,TRAIN,no,v40c_02883,no,no,yes,
orig_008375,original_dhash,,,,nframe_09794,nframe_09804,TRAIN,TRAIN,no,v40c_02883,no,no,yes,
orig_008376,original_dhash,,,,nframe_09794,nframe_09805,TRAIN,TRAIN,no,v40c_02883,no,no,yes,
orig_008377,original_dhash,,,,nframe_09794,nframe_09806,TRAIN,TRAIN,no,v40c_02883,no,no,yes,
orig_008378,original_dhash,,,,nframe_09794,nframe_09807,TRAIN,TRAIN,no,v40c_02883,no,no,yes,
orig_008379,original_dhash,,,,nframe_09794,nframe_09816,TRAIN,TRAIN,no,v40c_02883,no,no,yes,
orig_008380,original_dhash,,,,nframe_09794,nframe_09817,TRAIN,TRAIN,no,v40c_02883,no,no,yes,
orig_008381,original_exact,,,,nframe_09795,nframe_09796,TRAIN,TRAIN,no,v40c_02883,yes,yes,yes,
orig_008382,original_dhash,,,,nframe_09795,nframe_09797,TRAIN,TRAIN,no,v40c_02883,no,no,yes,
orig_008383,original_dhash,,,,nframe_09795,nframe_09798,TRAIN,TRAIN,no,v40c_02883,no,no,yes,
orig_008384,original_dhash,,,,nframe_09795,nframe_09799,TRAIN,TRAIN,no,v40c_02883,no,no,yes,
orig_008385,original_dhash,,,,nframe_09795,nframe_09800,TRAIN,TRAIN,no,v40c_02883,no,no,yes,
orig_008386,original_dhash,,,,nframe_09795,nframe_09801,TRAIN,TRAIN,no,v40c_02883,no,no,yes,
orig_008387,original_dhash,,,,nframe_09795,nframe_09802,TRAIN,TRAIN,no,v40c_02883,no,no,yes,
orig_008388,original_dhash,,,,nframe_09795,nframe_09803,TRAIN,TRAIN,no,v40c_02883,no,no,yes,
orig_008389,original_dhash,,,,nframe_09795,nframe_09804,TRAIN,TRAIN,no,v40c_02883,no,no,yes,
orig_008390,original_dhash,,,,nframe_09795,nframe_09805,TRAIN,TRAIN,no,v40c_02883,no,no,yes,
orig_008391,original_dhash,,,,nframe_09795,nframe_09806,TRAIN,TRAIN,no,v40c_02883,no,no,yes,
orig_008392,original_dhash,,,,nframe_09795,nframe_09807,TRAIN,TRAIN,no,v40c_02883,no,no,yes,
orig_008393,original_dhash,,,,nframe_09795,nframe_09815,TRAIN,TRAIN,no,v40c_02883,no,no,yes,
orig_008394,original_dhash,,,,nframe_09795,nframe_09816,TRAIN,TRAIN,no,v40c_02883,no,no,yes,
orig_008395,original_dhash,,,,nframe_09795,nframe_09817,TRAIN,TRAIN,no,v40c_02883,no,no,yes,
orig_008396,original_dhash,,,,nframe_09795,nframe_09818,TRAIN,TRAIN,no,v40c_02883,no,no,yes,
orig_008397,original_dhash,,,,nframe_09795,nframe_09819,TRAIN,TRAIN,no,v40c_02883,no,no,yes,
orig_008398,original_dhash,,,,nframe_09795,nframe_09820,TRAIN,TRAIN,no,v40c_02883,no,no,yes,
orig_008399,original_dhash,,,,nframe_09796,nframe_09797,TRAIN,TRAIN,no,v40c_02883,no,no,yes,
orig_008400,original_dhash,,,,nframe_09796,nframe_09798,TRAIN,TRAIN,no,v40c_02883,no,no,yes,
orig_008401,original_dhash,,,,nframe_09796,nframe_09799,TRAIN,TRAIN,no,v40c_02883,no,no,yes,
orig_008402,original_dhash,,,,nframe_09796,nframe_09800,TRAIN,TRAIN,no,v40c_02883,no,no,yes,
orig_008403,original_dhash,,,,nframe_09796,nframe_09801,TRAIN,TRAIN,no,v40c_02883,no,no,yes,
orig_008404,original_dhash,,,,nframe_09796,nframe_09802,TRAIN,TRAIN,no,v40c_02883,no,no,yes,
orig_008405,original_dhash,,,,nframe_09796,nframe_09803,TRAIN,TRAIN,no,v40c_02883,no,no,yes,
orig_008406,original_dhash,,,,nframe_09796,nframe_09804,TRAIN,TRAIN,no,v40c_02883,no,no,yes,
orig_008407,original_dhash,,,,nframe_09796,nframe_09805,TRAIN,TRAIN,no,v40c_02883,no,no,yes,
orig_008408,original_dhash,,,,nframe_09796,nframe_09806,TRAIN,TRAIN,no,v40c_02883,no,no,yes,
orig_008409,original_dhash,,,,nframe_09796,nframe_09807,TRAIN,TRAIN,no,v40c_02883,no,no,yes,
orig_008410,original_dhash,,,,nframe_09796,nframe_09815,TRAIN,TRAIN,no,v40c_02883,no,no,yes,
orig_008411,original_dhash,,,,nframe_09796,nframe_09816,TRAIN,TRAIN,no,v40c_02883,no,no,yes,
orig_008412,original_dhash,,,,nframe_09796,nframe_09817,TRAIN,TRAIN,no,v40c_02883,no,no,yes,
orig_008413,original_dhash,,,,nframe_09796,nframe_09818,TRAIN,TRAIN,no,v40c_02883,no,no,yes,
orig_008414,original_dhash,,,,nframe_09796,nframe_09819,TRAIN,TRAIN,no,v40c_02883,no,no,yes,
orig_008415,original_dhash,,,,nframe_09796,nframe_09820,TRAIN,TRAIN,no,v40c_02883,no,no,yes,
orig_008416,original_dhash,,,,nframe_09797,nframe_09798,TRAIN,TRAIN,no,v40c_02883,no,no,yes,
orig_008417,original_dhash,,,,nframe_09797,nframe_09799,TRAIN,TRAIN,no,v40c_02883,no,no,yes,
orig_008418,original_dhash,,,,nframe_09797,nframe_09800,TRAIN,TRAIN,no,v40c_02883,no,no,yes,
orig_008419,original_dhash,,,,nframe_09797,nframe_09801,TRAIN,TRAIN,no,v40c_02883,no,no,yes,
orig_008420,original_dhash,,,,nframe_09797,nframe_09802,TRAIN,TRAIN,no,v40c_02883,no,no,yes,
orig_008421,original_dhash,,,,nframe_09797,nframe_09803,TRAIN,TRAIN,no,v40c_02883,no,no,yes,
orig_008422,original_dhash,,,,nframe_09797,nframe_09804,TRAIN,TRAIN,no,v40c_02883,no,no,yes,
orig_008423,original_dhash,,,,nframe_09797,nframe_09805,TRAIN,TRAIN,no,v40c_02883,no,no,yes,
orig_008424,original_dhash,,,,nframe_09797,nframe_09806,TRAIN,TRAIN,no,v40c_02883,no,no,yes,
orig_008425,original_dhash,,,,nframe_09797,nframe_09807,TRAIN,TRAIN,no,v40c_02883,no,no,yes,
orig_008426,original_dhash,,,,nframe_09797,nframe_09815,TRAIN,TRAIN,no,v40c_02883,no,no,yes,
orig_008427,original_dhash,,,,nframe_09797,nframe_09816,TRAIN,TRAIN,no,v40c_02883,no,no,yes,
orig_008428,original_dhash,,,,nframe_09797,nframe_09817,TRAIN,TRAIN,no,v40c_02883,no,no,yes,
orig_008429,original_dhash,,,,nframe_09798,nframe_09800,TRAIN,TRAIN,no,v40c_02883,no,no,yes,
orig_008430,original_dhash,,,,nframe_09798,nframe_09801,TRAIN,TRAIN,no,v40c_02883,no,no,yes,
orig_008431,original_dhash,,,,nframe_09798,nframe_09802,TRAIN,TRAIN,no,v40c_02883,no,no,yes,
orig_008432,original_dhash,,,,nframe_09798,nframe_09803,TRAIN,TRAIN,no,v40c_02883,no,no,yes,
orig_008433,original_dhash,,,,nframe_09798,nframe_09804,TRAIN,TRAIN,no,v40c_02883,no,no,yes,
orig_008434,original_dhash,,,,nframe_09798,nframe_09805,TRAIN,TRAIN,no,v40c_02883,no,no,yes,
orig_008435,original_dhash,,,,nframe_09798,nframe_09806,TRAIN,TRAIN,no,v40c_02883,no,no,yes,
orig_008436,original_dhash,,,,nframe_09798,nframe_09807,TRAIN,TRAIN,no,v40c_02883,no,no,yes,
orig_008437,original_dhash,,,,nframe_09798,nframe_09816,TRAIN,TRAIN,no,v40c_02883,no,no,yes,
orig_008438,original_dhash,,,,nframe_09798,nframe_09817,TRAIN,TRAIN,no,v40c_02883,no,no,yes,
orig_008439,original_dhash,,,,nframe_09799,nframe_09800,TRAIN,TRAIN,no,v40c_02883,no,no,yes,
orig_008440,original_dhash,,,,nframe_09799,nframe_09801,TRAIN,TRAIN,no,v40c_02883,no,no,yes,
orig_008441,original_dhash,,,,nframe_09799,nframe_09804,TRAIN,TRAIN,no,v40c_02883,no,no,yes,
orig_008442,original_dhash,,,,nframe_09799,nframe_09805,TRAIN,TRAIN,no,v40c_02883,no,no,yes,
orig_008443,original_dhash,,,,nframe_09799,nframe_09806,TRAIN,TRAIN,no,v40c_02883,no,no,yes,
orig_008444,original_dhash,,,,nframe_09799,nframe_09807,TRAIN,TRAIN,no,v40c_02883,no,no,yes,
orig_008445,original_dhash,,,,nframe_09800,nframe_09801,TRAIN,TRAIN,no,v40c_02883,no,no,yes,
orig_008446,original_dhash,,,,nframe_09800,nframe_09802,TRAIN,TRAIN,no,v40c_02883,no,no,yes,
orig_008447,original_dhash,,,,nframe_09800,nframe_09803,TRAIN,TRAIN,no,v40c_02883,no,no,yes,
orig_008448,original_dhash,,,,nframe_09800,nframe_09804,TRAIN,TRAIN,no,v40c_02883,no,no,yes,
orig_008449,original_dhash,,,,nframe_09800,nframe_09805,TRAIN,TRAIN,no,v40c_02883,no,no,yes,
orig_008450,original_dhash,,,,nframe_09800,nframe_09806,TRAIN,TRAIN,no,v40c_02883,no,no,yes,
orig_008451,original_dhash,,,,nframe_09800,nframe_09807,TRAIN,TRAIN,no,v40c_02883,no,no,yes,
orig_008452,original_dhash,,,,nframe_09800,nframe_09816,TRAIN,TRAIN,no,v40c_02883,no,no,yes,
orig_008453,original_dhash,,,,nframe_09800,nframe_09817,TRAIN,TRAIN,no,v40c_02883,no,no,yes,
orig_008454,original_dhash,,,,nframe_09801,nframe_09802,TRAIN,TRAIN,no,v40c_02883,no,no,yes,
orig_008455,original_dhash,,,,nframe_09801,nframe_09803,TRAIN,TRAIN,no,v40c_02883,no,no,yes,
orig_008456,original_dhash,,,,nframe_09801,nframe_09804,TRAIN,TRAIN,no,v40c_02883,no,no,yes,
orig_008457,original_dhash,,,,nframe_09801,nframe_09805,TRAIN,TRAIN,no,v40c_02883,no,no,yes,
orig_008458,original_dhash,,,,nframe_09801,nframe_09806,TRAIN,TRAIN,no,v40c_02883,no,no,yes,
orig_008459,original_dhash,,,,nframe_09801,nframe_09807,TRAIN,TRAIN,no,v40c_02883,no,no,yes,
orig_008460,original_dhash,,,,nframe_09801,nframe_09815,TRAIN,TRAIN,no,v40c_02883,no,no,yes,
orig_008461,original_dhash,,,,nframe_09801,nframe_09817,TRAIN,TRAIN,no,v40c_02883,no,no,yes,
orig_008462,original_dhash,,,,nframe_09802,nframe_09803,TRAIN,TRAIN,no,v40c_02883,no,no,yes,
orig_008463,original_dhash,,,,nframe_09802,nframe_09804,TRAIN,TRAIN,no,v40c_02883,no,no,yes,
orig_008464,original_dhash,,,,nframe_09802,nframe_09805,TRAIN,TRAIN,no,v40c_02883,no,no,yes,
orig_008465,original_dhash,,,,nframe_09802,nframe_09806,TRAIN,TRAIN,no,v40c_02883,no,no,yes,
orig_008466,original_dhash,,,,nframe_09802,nframe_09807,TRAIN,TRAIN,no,v40c_02883,no,no,yes,
orig_008467,original_dhash,,,,nframe_09803,nframe_09804,TRAIN,TRAIN,no,v40c_02883,no,no,yes,
orig_008468,original_dhash,,,,nframe_09803,nframe_09805,TRAIN,TRAIN,no,v40c_02883,no,no,yes,
orig_008469,original_dhash,,,,nframe_09803,nframe_09806,TRAIN,TRAIN,no,v40c_02883,no,no,yes,
orig_008470,original_dhash,,,,nframe_09803,nframe_09807,TRAIN,TRAIN,no,v40c_02883,no,no,yes,
orig_008471,original_dhash,,,,nframe_09803,nframe_09816,TRAIN,TRAIN,no,v40c_02883,no,no,yes,
orig_008472,original_dhash,,,,nframe_09803,nframe_09817,TRAIN,TRAIN,no,v40c_02883,no,no,yes,
orig_008473,original_dhash,,,,nframe_09804,nframe_09805,TRAIN,TRAIN,no,v40c_02883,no,no,yes,
orig_008474,original_dhash,,,,nframe_09804,nframe_09806,TRAIN,TRAIN,no,v40c_02883,no,no,yes,
orig_008475,original_dhash,,,,nframe_09804,nframe_09807,TRAIN,TRAIN,no,v40c_02883,no,no,yes,
orig_008476,original_dhash,,,,nframe_09804,nframe_09815,TRAIN,TRAIN,no,v40c_02883,no,no,yes,
orig_008477,original_dhash,,,,nframe_09804,nframe_09816,TRAIN,TRAIN,no,v40c_02883,no,no,yes,
orig_008478,original_dhash,,,,nframe_09804,nframe_09817,TRAIN,TRAIN,no,v40c_02883,no,no,yes,
orig_008479,original_dhash,,,,nframe_09804,nframe_09818,TRAIN,TRAIN,no,v40c_02883,no,no,yes,
orig_008480,original_dhash,,,,nframe_09804,nframe_09819,TRAIN,TRAIN,no,v40c_02883,no,no,yes,
orig_008481,original_dhash,,,,nframe_09804,nframe_09820,TRAIN,TRAIN,no,v40c_02883,no,no,yes,
orig_008482,original_dhash,,,,nframe_09805,nframe_09806,TRAIN,TRAIN,no,v40c_02883,no,no,yes,
orig_008483,original_dhash,,,,nframe_09805,nframe_09807,TRAIN,TRAIN,no,v40c_02883,no,no,yes,
orig_008484,original_dhash,,,,nframe_09805,nframe_09815,TRAIN,TRAIN,no,v40c_02883,no,no,yes,
orig_008485,original_dhash,,,,nframe_09805,nframe_09816,TRAIN,TRAIN,no,v40c_02883,no,no,yes,
orig_008486,original_dhash,,,,nframe_09805,nframe_09817,TRAIN,TRAIN,no,v40c_02883,no,no,yes,
orig_008487,original_dhash,,,,nframe_09805,nframe_09818,TRAIN,TRAIN,no,v40c_02883,no,no,yes,
orig_008488,original_dhash,,,,nframe_09805,nframe_09819,TRAIN,TRAIN,no,v40c_02883,no,no,yes,
orig_008489,original_dhash,,,,nframe_09805,nframe_09820,TRAIN,TRAIN,no,v40c_02883,no,no,yes,
orig_008490,original_dhash,,,,nframe_09806,nframe_09807,TRAIN,TRAIN,no,v40c_02883,no,no,yes,
orig_008491,original_dhash,,,,nframe_09806,nframe_09815,TRAIN,TRAIN,no,v40c_02883,no,no,yes,
orig_008492,original_dhash,,,,nframe_09806,nframe_09817,TRAIN,TRAIN,no,v40c_02883,no,no,yes,
orig_008493,original_dhash,,,,nframe_09807,nframe_09815,TRAIN,TRAIN,no,v40c_02883,no,no,yes,
orig_008494,original_dhash,,,,nframe_09807,nframe_09816,TRAIN,TRAIN,no,v40c_02883,no,no,yes,
orig_008495,original_dhash,,,,nframe_09807,nframe_09817,TRAIN,TRAIN,no,v40c_02883,no,no,yes,
orig_008496,original_dhash,,,,nframe_09807,nframe_09818,TRAIN,TRAIN,no,v40c_02883,no,no,yes,
orig_008497,original_dhash,,,,nframe_09807,nframe_09819,TRAIN,TRAIN,no,v40c_02883,no,no,yes,
orig_008498,original_dhash,,,,nframe_09807,nframe_09820,TRAIN,TRAIN,no,v40c_02883,no,no,yes,
orig_008499,original_dhash,,,,nframe_09815,nframe_09816,TRAIN,TRAIN,no,v40c_02883,no,no,yes,
orig_008500,original_dhash,,,,nframe_09815,nframe_09817,TRAIN,TRAIN,no,v40c_02883,no,no,yes,
orig_008501,original_dhash,,,,nframe_09815,nframe_09818,TRAIN,TRAIN,no,v40c_02883,no,no,yes,
orig_008502,original_dhash,,,,nframe_09815,nframe_09819,TRAIN,TRAIN,no,v40c_02883,no,no,yes,
orig_008503,original_dhash,,,,nframe_09815,nframe_09820,TRAIN,TRAIN,no,v40c_02883,no,no,yes,
orig_008504,original_phash,,,,nframe_09816,nframe_09817,TRAIN,TRAIN,no,v40c_02883,no,yes,yes,
orig_008505,original_dhash,,,,nframe_09816,nframe_09818,TRAIN,TRAIN,no,v40c_02883,no,no,yes,
orig_008506,original_dhash,,,,nframe_09817,nframe_09818,TRAIN,TRAIN,no,v40c_02883,no,no,yes,
orig_008507,original_dhash,,,,nframe_09818,nframe_09819,TRAIN,TRAIN,no,v40c_02883,no,no,yes,
orig_008508,original_dhash,,,,nframe_09818,nframe_09820,TRAIN,TRAIN,no,v40c_02883,no,no,yes,
orig_008509,original_exact,,,,nframe_09819,nframe_09820,TRAIN,TRAIN,no,v40c_02883,yes,yes,yes,
orig_008510,original_dhash,,,,nframe_09819,nframe_09821,TRAIN,TRAIN,no,v40c_02883,no,no,yes,
orig_008511,original_dhash,,,,nframe_09819,nframe_09822,TRAIN,TRAIN,no,v40c_02883,no,no,yes,
orig_008512,original_dhash,,,,nframe_09819,nframe_09825,TRAIN,TRAIN,no,v40c_02883,no,no,yes,
orig_008513,original_dhash,,,,nframe_09820,nframe_09821,TRAIN,TRAIN,no,v40c_02883,no,no,yes,
orig_008514,original_dhash,,,,nframe_09820,nframe_09822,TRAIN,TRAIN,no,v40c_02883,no,no,yes,
orig_008515,original_dhash,,,,nframe_09820,nframe_09825,TRAIN,TRAIN,no,v40c_02883,no,no,yes,
orig_008516,original_phash,,,,nframe_09821,nframe_09822,TRAIN,TRAIN,no,v40c_02883,no,yes,yes,
orig_008517,original_phash,,,,nframe_09821,nframe_09824,TRAIN,TRAIN,no,v40c_02883,no,yes,no,
orig_008518,original_phash,,,,nframe_09821,nframe_09825,TRAIN,TRAIN,no,v40c_02883,no,yes,yes,
orig_008519,original_phash,,,,nframe_09822,nframe_09823,TRAIN,TRAIN,no,v40c_02883,no,yes,yes,
orig_008520,original_phash,,,,nframe_09822,nframe_09824,TRAIN,TRAIN,no,v40c_02883,no,yes,yes,
orig_008521,original_phash,,,,nframe_09822,nframe_09825,TRAIN,TRAIN,no,v40c_02883,no,yes,no,
orig_008522,original_phash,,,,nframe_09823,nframe_09824,TRAIN,TRAIN,no,v40c_02883,no,yes,yes,
orig_008523,original_dhash,,,,nframe_09824,nframe_09827,TRAIN,TRAIN,no,v40c_02883,no,no,yes,
orig_008524,original_dhash,,,,nframe_09824,nframe_09828,TRAIN,TRAIN,no,v40c_02883,no,no,yes,
orig_008525,original_dhash,,,,nframe_09824,nframe_09829,TRAIN,TRAIN,no,v40c_02883,no,no,yes,
orig_008526,original_phash,,,,nframe_09826,nframe_09827,TRAIN,TRAIN,no,v40c_02883,no,yes,no,
orig_008527,original_exact,,,,nframe_09828,nframe_09829,TRAIN,TRAIN,no,v40c_02883,yes,yes,yes,
orig_008528,original_phash,,,,nframe_09828,nframe_09830,TRAIN,TRAIN,no,v40c_02883,no,yes,no,
orig_008529,original_phash,,,,nframe_09829,nframe_09830,TRAIN,TRAIN,no,v40c_02883,no,yes,no,
orig_008530,original_exact,,,,nframe_09832,nframe_09833,TRAIN,TRAIN,no,v40c_05449,yes,yes,yes,
orig_008531,original_dhash,,,,nframe_09832,nframe_09834,TRAIN,TRAIN,no,v40c_05449,no,no,yes,
orig_008532,original_dhash,,,,nframe_09833,nframe_09834,TRAIN,TRAIN,no,v40c_05449,no,no,yes,
orig_008533,original_exact,,,,nframe_09835,nframe_09836,TRAIN,TRAIN,no,v40c_05450,yes,yes,yes,
orig_008534,original_exact,,,,nframe_09840,nframe_09841,TRAIN,TRAIN,no,v40c_05454,yes,yes,yes,
orig_008535,original_phash,,,,nframe_09842,nframe_09843,TRAIN,TRAIN,no,v40c_05455,no,yes,no,
orig_008536,original_phash,,,,nframe_09842,nframe_09844,TRAIN,TRAIN,no,v40c_05455,no,yes,no,
orig_008537,original_exact,,,,nframe_09843,nframe_09844,TRAIN,TRAIN,no,v40c_05455,yes,yes,yes,
orig_008538,original_phash,,,,nframe_09845,nframe_09846,TRAIN,TRAIN,no,v40c_05456,no,yes,no,
orig_008539,original_phash,,,,nframe_09847,nframe_09848,TRAIN,TRAIN,no,v40c_05457,no,yes,no,
orig_008540,original_phash,,,,nframe_09849,nframe_09850,TRAIN,TRAIN,no,v40c_05458,no,yes,no,
orig_008541,original_phash,,,,nframe_09853,nframe_09854,TRAIN,TRAIN,no,v40c_05461,no,yes,no,
orig_008542,original_phash,,,,nframe_09853,nframe_09855,TRAIN,TRAIN,no,v40c_05461,no,yes,no,
orig_008543,original_phash,,,,nframe_09854,nframe_09855,TRAIN,TRAIN,no,v40c_05461,no,yes,no,
orig_008544,original_phash,,,,nframe_09857,nframe_09858,TRAIN,TRAIN,no,v40c_05463,no,yes,no,
orig_008545,original_phash,,,,nframe_09858,nframe_09859,TRAIN,TRAIN,no,v40c_05463,no,yes,no,
orig_008546,original_phash,,,,nframe_09859,nframe_09860,TRAIN,TRAIN,no,v40c_05463,no,yes,no,
orig_008547,original_phash,,,,nframe_09860,nframe_09861,TRAIN,TRAIN,no,v40c_05463,no,yes,no,
orig_008548,original_phash,,,,nframe_09860,nframe_09862,TRAIN,TRAIN,no,v40c_05463,no,yes,no,
orig_008549,original_phash,,,,nframe_09861,nframe_09862,TRAIN,TRAIN,no,v40c_05463,no,yes,no,
orig_008550,original_exact,,,,nframe_09873,nframe_09874,TRAIN,TRAIN,no,v40c_05472,yes,yes,yes,
orig_008551,original_phash,,,,nframe_09890,nframe_09891,TRAIN,TRAIN,no,v40c_05488,no,yes,no,
orig_008552,original_phash,,,,nframe_09892,nframe_09893,TRAIN,TRAIN,no,v40c_05489,no,yes,no,
orig_008553,original_exact,,,,nframe_09895,nframe_09896,VALIDATION,VALIDATION,no,v40c_05490,yes,yes,yes,
orig_008554,original_phash,,,,nframe_09920,nframe_09921,VALIDATION,VALIDATION,no,v40c_05493,no,yes,no,
orig_008555,original_phash,,,,nframe_09925,nframe_09926,VALIDATION,VALIDATION,no,v40c_05497,no,yes,no,
orig_008556,original_phash,,,,nframe_09925,nframe_09927,VALIDATION,VALIDATION,no,v40c_05497,no,yes,no,
orig_008557,original_phash,,,,nframe_09925,nframe_09928,VALIDATION,VALIDATION,no,v40c_05497,no,yes,no,
orig_008558,original_exact,,,,nframe_09926,nframe_09927,VALIDATION,VALIDATION,no,v40c_05497,yes,yes,yes,
orig_008559,original_phash,,,,nframe_09926,nframe_09928,VALIDATION,VALIDATION,no,v40c_05497,no,yes,no,
orig_008560,original_phash,,,,nframe_09927,nframe_09928,VALIDATION,VALIDATION,no,v40c_05497,no,yes,no,
orig_008561,original_phash,,,,nframe_09930,nframe_09931,VALIDATION,VALIDATION,no,v40c_05499,no,yes,no,
orig_008562,original_exact,,,,nframe_09932,nframe_09933,VALIDATION,VALIDATION,no,v40c_05500,yes,yes,yes,
orig_008563,original_phash,,,,nframe_09934,nframe_09935,VALIDATION,VALIDATION,no,v40c_05501,no,yes,no,
orig_008564,original_phash,,,,nframe_09935,nframe_09936,VALIDATION,VALIDATION,no,v40c_05501,no,yes,no,
orig_008565,original_phash,,,,nframe_09935,nframe_09937,VALIDATION,VALIDATION,no,v40c_05501,no,yes,no,
orig_008566,original_phash,,,,nframe_09935,nframe_09938,VALIDATION,VALIDATION,no,v40c_05501,no,yes,no,
orig_008567,original_phash,,,,nframe_09936,nframe_09937,VALIDATION,VALIDATION,no,v40c_05501,no,yes,no,
orig_008568,original_phash,,,,nframe_09936,nframe_09938,VALIDATION,VALIDATION,no,v40c_05501,no,yes,no,
orig_008569,original_phash,,,,nframe_09937,nframe_09938,VALIDATION,VALIDATION,no,v40c_05501,no,yes,no,
orig_008570,original_phash,,,,nframe_09941,nframe_09943,VALIDATION,VALIDATION,no,v40c_05504,no,yes,no,
orig_008571,original_phash,,,,nframe_09948,nframe_09949,VALIDATION,VALIDATION,no,v40c_05507,no,yes,no,
orig_008572,original_phash,,,,nframe_09950,nframe_09951,VALIDATION,VALIDATION,no,v40c_05508,no,yes,no,
orig_008573,original_phash,,,,nframe_09950,nframe_09952,VALIDATION,VALIDATION,no,v40c_05508,no,yes,no,
orig_008574,original_exact,,,,nframe_09951,nframe_09952,VALIDATION,VALIDATION,no,v40c_05508,yes,yes,yes,
hafp_000001,human_adjudicated_filename_proximity,fpc_0001,fp_0001,adjacent_or_near_identical,frame_00417,frame_00418,TRAIN,VALIDATION,yes,v40c_00263,no,no,no,1
hafp_000002,human_adjudicated_filename_proximity,fpc_0001,fp_0021,adjacent_or_near_identical,frame_00417,frame_00419,TRAIN,VALIDATION,yes,v40c_00263,no,no,no,2
hafp_000003,human_adjudicated_filename_proximity,fpc_0001,fp_0034,adjacent_or_near_identical,frame_00417,frame_00420,TRAIN,VALIDATION,yes,v40c_00263,no,no,no,3
hafp_000004,human_adjudicated_filename_proximity,fpc_0001,fp_0044,adjacent_or_near_identical,frame_00417,frame_00421,TRAIN,VALIDATION,yes,v40c_00263,no,no,no,4
hafp_000005,human_adjudicated_filename_proximity,fpc_0001,fp_0054,adjacent_or_near_identical,frame_00417,frame_00422,TRAIN,VALIDATION,yes,v40c_00263,no,no,no,5
hafp_000006,human_adjudicated_filename_proximity,fpc_0001,fp_0063,adjacent_or_near_identical,frame_00417,frame_00423,TRAIN,VALIDATION,yes,v40c_00263,no,no,no,6
hafp_000007,human_adjudicated_filename_proximity,fpc_0002,fp_0064,adjacent_or_near_identical,frame_00424,frame_00430,VALIDATION,TRAIN,yes,v40c_00263,no,no,no,6
hafp_000008,human_adjudicated_filename_proximity,fpc_0002,fp_0055,adjacent_or_near_identical,frame_00425,frame_00430,VALIDATION,TRAIN,yes,v40c_00263,no,no,no,5
hafp_000009,human_adjudicated_filename_proximity,fpc_0002,fp_0045,adjacent_or_near_identical,frame_00426,frame_00430,VALIDATION,TRAIN,yes,v40c_00263,no,no,no,4
hafp_000010,human_adjudicated_filename_proximity,fpc_0002,fp_0035,adjacent_or_near_identical,frame_00427,frame_00430,VALIDATION,TRAIN,yes,v40c_00263,no,no,no,3
hafp_000011,human_adjudicated_filename_proximity,fpc_0002,fp_0022,adjacent_or_near_identical,frame_00428,frame_00430,VALIDATION,TRAIN,yes,v40c_00263,no,no,no,2
hafp_000012,human_adjudicated_filename_proximity,fpc_0002,fp_0002,adjacent_or_near_identical,frame_00429,frame_00430,VALIDATION,TRAIN,yes,v40c_00263,no,no,no,1
hafp_000013,human_adjudicated_filename_proximity,fpc_0003,fp_0111,adjacent_or_near_identical,frame_00475,frame_00491,VALIDATION,TRAIN,yes,v40c_00271,no,no,no,16
hafp_000014,human_adjudicated_filename_proximity,fpc_0003,fp_0107,adjacent_or_near_identical,frame_00476,frame_00491,VALIDATION,TRAIN,yes,v40c_00271,no,no,no,15
hafp_000015,human_adjudicated_filename_proximity,fpc_0003,fp_0103,adjacent_or_near_identical,frame_00477,frame_00491,VALIDATION,TRAIN,yes,v40c_00271,no,no,no,14
hafp_000016,human_adjudicated_filename_proximity,fpc_0003,fp_0099,adjacent_or_near_identical,frame_00478,frame_00491,VALIDATION,TRAIN,yes,v40c_00271,no,no,no,13
hafp_000017,human_adjudicated_filename_proximity,fpc_0003,fp_0095,adjacent_or_near_identical,frame_00479,frame_00491,VALIDATION,TRAIN,yes,v40c_00271,no,no,no,12
hafp_000018,human_adjudicated_filename_proximity,fpc_0003,fp_0090,adjacent_or_near_identical,frame_00480,frame_00491,VALIDATION,TRAIN,yes,v40c_00271,no,no,no,11
hafp_000019,human_adjudicated_filename_proximity,fpc_0003,fp_0085,adjacent_or_near_identical,frame_00481,frame_00491,VALIDATION,TRAIN,yes,v40c_00271,no,no,no,10
hafp_000020,human_adjudicated_filename_proximity,fpc_0003,fp_0080,adjacent_or_near_identical,frame_00482,frame_00491,VALIDATION,TRAIN,yes,v40c_00271,no,no,no,9
hafp_000021,human_adjudicated_filename_proximity,fpc_0003,fp_0075,adjacent_or_near_identical,frame_00483,frame_00491,VALIDATION,TRAIN,yes,v40c_00271,no,no,no,8
hafp_000022,human_adjudicated_filename_proximity,fpc_0003,fp_0070,adjacent_or_near_identical,frame_00484,frame_00491,VALIDATION,TRAIN,yes,v40c_00271,no,no,no,7
hafp_000023,human_adjudicated_filename_proximity,fpc_0003,fp_0065,adjacent_or_near_identical,frame_00485,frame_00491,VALIDATION,TRAIN,yes,v40c_00271,no,no,no,6
hafp_000024,human_adjudicated_filename_proximity,fpc_0003,fp_0056,adjacent_or_near_identical,frame_00486,frame_00491,VALIDATION,TRAIN,yes,v40c_00271,no,no,no,5
hafp_000025,human_adjudicated_filename_proximity,fpc_0003,fp_0046,adjacent_or_near_identical,frame_00487,frame_00491,VALIDATION,TRAIN,yes,v40c_00271,no,no,no,4
hafp_000026,human_adjudicated_filename_proximity,fpc_0003,fp_0036,adjacent_or_near_identical,frame_00488,frame_00491,VALIDATION,TRAIN,yes,v40c_00271,no,no,no,3
hafp_000027,human_adjudicated_filename_proximity,fpc_0003,fp_0023,adjacent_or_near_identical,frame_00489,frame_00491,VALIDATION,TRAIN,yes,v40c_00271,no,no,no,2
hafp_000028,human_adjudicated_filename_proximity,fpc_0003,fp_0003,adjacent_or_near_identical,frame_00490,frame_00491,VALIDATION,TRAIN,yes,v40c_00271,no,no,no,1
hafp_000029,human_adjudicated_filename_proximity,fpc_0004,fp_0004,adjacent_or_near_identical,frame_00493,frame_00494,TRAIN,VALIDATION,yes,v40c_00271,no,no,no,1
hafp_000030,human_adjudicated_filename_proximity,fpc_0004,fp_0024,adjacent_or_near_identical,frame_00493,frame_00495,TRAIN,VALIDATION,yes,v40c_00271,no,no,no,2
hafp_000031,human_adjudicated_filename_proximity,fpc_0004,fp_0037,adjacent_or_near_identical,frame_00493,frame_00496,TRAIN,VALIDATION,yes,v40c_00271,no,no,no,3
hafp_000032,human_adjudicated_filename_proximity,fpc_0004,fp_0047,adjacent_or_near_identical,frame_00493,frame_00497,TRAIN,VALIDATION,yes,v40c_00271,no,no,no,4
hafp_000033,human_adjudicated_filename_proximity,fpc_0004,fp_0057,adjacent_or_near_identical,frame_00493,frame_00498,TRAIN,VALIDATION,yes,v40c_00271,no,no,no,5
hafp_000034,human_adjudicated_filename_proximity,fpc_0005,fp_0048,adjacent_or_near_identical,frame_00499,frame_00503,VALIDATION,TRAIN,yes,v40c_00271,no,no,no,4
hafp_000035,human_adjudicated_filename_proximity,fpc_0005,fp_0038,adjacent_or_near_identical,frame_00500,frame_00503,VALIDATION,TRAIN,yes,v40c_00271,no,no,no,3
hafp_000036,human_adjudicated_filename_proximity,fpc_0005,fp_0025,adjacent_or_near_identical,frame_00501,frame_00503,VALIDATION,TRAIN,yes,v40c_00271,no,no,no,2
hafp_000037,human_adjudicated_filename_proximity,fpc_0005,fp_0005,adjacent_or_near_identical,frame_00502,frame_00503,VALIDATION,TRAIN,yes,v40c_00271,no,no,no,1
hafp_000038,human_adjudicated_filename_proximity,fpc_0006,fp_0006,adjacent_or_near_identical,frame_00510,frame_00511,TRAIN,VALIDATION,yes,v40c_00271,no,no,no,1
hafp_000039,human_adjudicated_filename_proximity,fpc_0007,fp_0007,adjacent_or_near_identical,frame_00932,frame_00933,TRAIN,VALIDATION,yes,v40c_00454,no,no,no,1
hafp_000040,human_adjudicated_filename_proximity,fpc_0007,fp_0026,adjacent_or_near_identical,frame_00932,frame_00934,TRAIN,VALIDATION,yes,v40c_00454,no,no,no,2
hafp_000041,human_adjudicated_filename_proximity,fpc_0007,fp_0039,adjacent_or_near_identical,frame_00932,frame_00935,TRAIN,VALIDATION,yes,v40c_00454,no,no,no,3
hafp_000042,human_adjudicated_filename_proximity,fpc_0007,fp_0049,adjacent_or_near_identical,frame_00932,frame_00936,TRAIN,VALIDATION,yes,v40c_00454,no,no,no,4
hafp_000043,human_adjudicated_filename_proximity,fpc_0007,fp_0058,adjacent_or_near_identical,frame_00932,frame_00937,TRAIN,VALIDATION,yes,v40c_00454,no,no,no,5
hafp_000044,human_adjudicated_filename_proximity,fpc_0007,fp_0066,adjacent_or_near_identical,frame_00932,frame_00938,TRAIN,VALIDATION,yes,v40c_00454,no,no,no,6
hafp_000045,human_adjudicated_filename_proximity,fpc_0007,fp_0071,adjacent_or_near_identical,frame_00932,frame_00939,TRAIN,VALIDATION,yes,v40c_00454,no,no,no,7
hafp_000046,human_adjudicated_filename_proximity,fpc_0007,fp_0076,adjacent_or_near_identical,frame_00932,frame_00940,TRAIN,VALIDATION,yes,v40c_00454,no,no,no,8
hafp_000047,human_adjudicated_filename_proximity,fpc_0007,fp_0081,adjacent_or_near_identical,frame_00932,frame_00941,TRAIN,VALIDATION,yes,v40c_00454,no,no,no,9
hafp_000048,human_adjudicated_filename_proximity,fpc_0007,fp_0086,adjacent_or_near_identical,frame_00932,frame_00942,TRAIN,VALIDATION,yes,v40c_00454,no,no,no,10
hafp_000049,human_adjudicated_filename_proximity,fpc_0007,fp_0091,adjacent_or_near_identical,frame_00932,frame_00943,TRAIN,VALIDATION,yes,v40c_00454,no,no,no,11
hafp_000050,human_adjudicated_filename_proximity,fpc_0008,fp_0008,adjacent_or_near_identical,frame_01075,frame_01076,TRAIN,VALIDATION,yes,v40c_00526,no,no,no,1
hafp_000051,human_adjudicated_filename_proximity,fpc_0008,fp_0027,adjacent_or_near_identical,frame_01075,frame_01077,TRAIN,VALIDATION,yes,v40c_00526,no,no,no,2
hafp_000052,human_adjudicated_filename_proximity,fpc_0009,fp_0009,adjacent_or_near_identical,frame_01078,frame_01079,VALIDATION,TRAIN,yes,v40c_00526,no,no,no,1
hafp_000053,human_adjudicated_filename_proximity,fpc_0010,fp_0010,adjacent_or_near_identical,frame_01087,frame_01088,TRAIN,VALIDATION,yes,v40c_00533,no,no,no,1
hafp_000054,human_adjudicated_filename_proximity,fpc_0011,fp_0011,adjacent_or_near_identical,frame_01112,frame_01113,TRAIN,VALIDATION,yes,v40c_00550,no,no,no,1
hafp_000055,human_adjudicated_filename_proximity,fpc_0012,fp_0012,adjacent_or_near_identical,frame_01167,frame_01168,TRAIN,VALIDATION,yes,v40c_00596,no,no,no,1
hafp_000056,human_adjudicated_filename_proximity,fpc_0012,fp_0028,adjacent_or_near_identical,frame_01167,frame_01169,TRAIN,VALIDATION,yes,v40c_00596,no,no,no,2
hafp_000057,human_adjudicated_filename_proximity,fpc_0013,fp_0029,adjacent_or_near_identical,frame_01170,frame_01172,VALIDATION,TRAIN,yes,v40c_00596,no,no,no,2
hafp_000058,human_adjudicated_filename_proximity,fpc_0013,fp_0013,adjacent_or_near_identical,frame_01171,frame_01172,VALIDATION,TRAIN,yes,v40c_00596,no,no,no,1
hafp_000059,human_adjudicated_filename_proximity,fpc_0014,fp_0014,adjacent_or_near_identical,frame_01177,frame_01178,TRAIN,VALIDATION,yes,v40c_00601,no,no,no,1
hafp_000060,human_adjudicated_filename_proximity,fpc_0015,fp_0015,adjacent_or_near_identical,frame_01179,frame_01180,VALIDATION,TRAIN,yes,v40c_00601,no,no,no,1
hafp_000061,human_adjudicated_filename_proximity,fpc_0016,fp_0059,adjacent_or_near_identical,frame_01216,frame_01221,VALIDATION,TRAIN,yes,v40c_00612,no,no,no,5
hafp_000062,human_adjudicated_filename_proximity,fpc_0016,fp_0050,adjacent_or_near_identical,frame_01217,frame_01221,VALIDATION,TRAIN,yes,v40c_00612,no,no,no,4
hafp_000063,human_adjudicated_filename_proximity,fpc_0016,fp_0040,adjacent_or_near_identical,frame_01218,frame_01221,VALIDATION,TRAIN,yes,v40c_00612,no,no,no,3
hafp_000064,human_adjudicated_filename_proximity,fpc_0016,fp_0030,adjacent_or_near_identical,frame_01219,frame_01221,VALIDATION,TRAIN,yes,v40c_00612,no,no,no,2
hafp_000065,human_adjudicated_filename_proximity,fpc_0016,fp_0016,adjacent_or_near_identical,frame_01220,frame_01221,VALIDATION,TRAIN,yes,v40c_00612,no,no,no,1
hafp_000066,human_adjudicated_filename_proximity,fpc_0016,fp_0017,adjacent_or_near_identical,frame_01221,frame_01222,TRAIN,VALIDATION,yes,v40c_00612,no,no,no,1
hafp_000067,human_adjudicated_filename_proximity,fpc_0016,fp_0031,adjacent_or_near_identical,frame_01221,frame_01223,TRAIN,VALIDATION,yes,v40c_00612,no,no,no,2
hafp_000068,human_adjudicated_filename_proximity,fpc_0016,fp_0041,adjacent_or_near_identical,frame_01221,frame_01224,TRAIN,VALIDATION,yes,v40c_00612,no,no,no,3
hafp_000069,human_adjudicated_filename_proximity,fpc_0016,fp_0051,adjacent_or_near_identical,frame_01221,frame_01225,TRAIN,VALIDATION,yes,v40c_00612,no,no,no,4
hafp_000070,human_adjudicated_filename_proximity,fpc_0016,fp_0060,adjacent_or_near_identical,frame_01221,frame_01226,TRAIN,VALIDATION,yes,v40c_00612,no,no,no,5
hafp_000071,human_adjudicated_filename_proximity,fpc_0016,fp_0067,adjacent_or_near_identical,frame_01221,frame_01227,TRAIN,VALIDATION,yes,v40c_00612,no,no,no,6
hafp_000072,human_adjudicated_filename_proximity,fpc_0016,fp_0072,adjacent_or_near_identical,frame_01221,frame_01228,TRAIN,VALIDATION,yes,v40c_00612,no,no,no,7
hafp_000073,human_adjudicated_filename_proximity,fpc_0016,fp_0077,adjacent_or_near_identical,frame_01221,frame_01229,TRAIN,VALIDATION,yes,v40c_00612,no,no,no,8
hafp_000074,human_adjudicated_filename_proximity,fpc_0016,fp_0082,adjacent_or_near_identical,frame_01221,frame_01230,TRAIN,VALIDATION,yes,v40c_00612,no,no,no,9
hafp_000075,human_adjudicated_filename_proximity,fpc_0016,fp_0087,adjacent_or_near_identical,frame_01221,frame_01231,TRAIN,VALIDATION,yes,v40c_00612,no,no,no,10
hafp_000076,human_adjudicated_filename_proximity,fpc_0016,fp_0092,adjacent_or_near_identical,frame_01221,frame_01232,TRAIN,VALIDATION,yes,v40c_00612,no,no,no,11
hafp_000077,human_adjudicated_filename_proximity,fpc_0016,fp_0096,adjacent_or_near_identical,frame_01221,frame_01233,TRAIN,VALIDATION,yes,v40c_00612,no,no,no,12
hafp_000078,human_adjudicated_filename_proximity,fpc_0016,fp_0100,adjacent_or_near_identical,frame_01221,frame_01234,TRAIN,VALIDATION,yes,v40c_00612,no,no,no,13
hafp_000079,human_adjudicated_filename_proximity,fpc_0016,fp_0104,adjacent_or_near_identical,frame_01221,frame_01235,TRAIN,VALIDATION,yes,v40c_00612,no,no,no,14
hafp_000080,human_adjudicated_filename_proximity,fpc_0016,fp_0108,adjacent_or_near_identical,frame_01221,frame_01236,TRAIN,VALIDATION,yes,v40c_00612,no,no,no,15
hafp_000081,human_adjudicated_filename_proximity,fpc_0016,fp_0112,adjacent_or_near_identical,frame_01221,frame_01237,TRAIN,VALIDATION,yes,v40c_00612,no,no,no,16
hafp_000082,human_adjudicated_filename_proximity,fpc_0017,fp_0018,adjacent_or_near_identical,frame_01317,frame_01318,TRAIN,VALIDATION,yes,v40c_00660,no,no,no,1
hafp_000083,human_adjudicated_filename_proximity,fpc_0018,fp_0113,adjacent_or_near_identical,frame_02498,frame_02514,VALIDATION,TRAIN,yes,v40c_01398,no,no,no,16
hafp_000084,human_adjudicated_filename_proximity,fpc_0018,fp_0109,adjacent_or_near_identical,frame_02499,frame_02514,VALIDATION,TRAIN,yes,v40c_01398,no,no,no,15
hafp_000085,human_adjudicated_filename_proximity,fpc_0018,fp_0105,adjacent_or_near_identical,frame_02500,frame_02514,VALIDATION,TRAIN,yes,v40c_01398,no,no,no,14
hafp_000086,human_adjudicated_filename_proximity,fpc_0018,fp_0101,adjacent_or_near_identical,frame_02501,frame_02514,VALIDATION,TRAIN,yes,v40c_01398,no,no,no,13
hafp_000087,human_adjudicated_filename_proximity,fpc_0018,fp_0097,adjacent_or_near_identical,frame_02502,frame_02514,VALIDATION,TRAIN,yes,v40c_01398,no,no,no,12
hafp_000088,human_adjudicated_filename_proximity,fpc_0018,fp_0093,adjacent_or_near_identical,frame_02503,frame_02514,VALIDATION,TRAIN,yes,v40c_01398,no,no,no,11
hafp_000089,human_adjudicated_filename_proximity,fpc_0018,fp_0088,adjacent_or_near_identical,frame_02504,frame_02514,VALIDATION,TRAIN,yes,v40c_01398,no,no,no,10
hafp_000090,human_adjudicated_filename_proximity,fpc_0018,fp_0083,adjacent_or_near_identical,frame_02505,frame_02514,VALIDATION,TRAIN,yes,v40c_01398,no,no,no,9
hafp_000091,human_adjudicated_filename_proximity,fpc_0018,fp_0078,adjacent_or_near_identical,frame_02506,frame_02514,VALIDATION,TRAIN,yes,v40c_01398,no,no,no,8
hafp_000092,human_adjudicated_filename_proximity,fpc_0018,fp_0073,adjacent_or_near_identical,frame_02507,frame_02514,VALIDATION,TRAIN,yes,v40c_01398,no,no,no,7
hafp_000093,human_adjudicated_filename_proximity,fpc_0018,fp_0068,adjacent_or_near_identical,frame_02508,frame_02514,VALIDATION,TRAIN,yes,v40c_01398,no,no,no,6
hafp_000094,human_adjudicated_filename_proximity,fpc_0018,fp_0061,adjacent_or_near_identical,frame_02509,frame_02514,VALIDATION,TRAIN,yes,v40c_01398,no,no,no,5
hafp_000095,human_adjudicated_filename_proximity,fpc_0018,fp_0052,adjacent_or_near_identical,frame_02510,frame_02514,VALIDATION,TRAIN,yes,v40c_01398,no,no,no,4
hafp_000096,human_adjudicated_filename_proximity,fpc_0018,fp_0042,adjacent_or_near_identical,frame_02511,frame_02514,VALIDATION,TRAIN,yes,v40c_01398,no,no,no,3
hafp_000097,human_adjudicated_filename_proximity,fpc_0018,fp_0032,adjacent_or_near_identical,frame_02512,frame_02514,VALIDATION,TRAIN,yes,v40c_01398,no,no,no,2
hafp_000098,human_adjudicated_filename_proximity,fpc_0018,fp_0019,adjacent_or_near_identical,frame_02513,frame_02514,VALIDATION,TRAIN,yes,v40c_01398,no,no,no,1
hafp_000099,human_adjudicated_filename_proximity,fpc_0018,fp_0020,adjacent_or_near_identical,frame_02514,frame_02515,TRAIN,VALIDATION,yes,v40c_01398,no,no,no,1
hafp_000100,human_adjudicated_filename_proximity,fpc_0018,fp_0033,adjacent_or_near_identical,frame_02514,frame_02516,TRAIN,VALIDATION,yes,v40c_01398,no,no,no,2
hafp_000101,human_adjudicated_filename_proximity,fpc_0018,fp_0043,adjacent_or_near_identical,frame_02514,frame_02517,TRAIN,VALIDATION,yes,v40c_01398,no,no,no,3
hafp_000102,human_adjudicated_filename_proximity,fpc_0018,fp_0053,adjacent_or_near_identical,frame_02514,frame_02518,TRAIN,VALIDATION,yes,v40c_01398,no,no,no,4
hafp_000103,human_adjudicated_filename_proximity,fpc_0018,fp_0062,adjacent_or_near_identical,frame_02514,frame_02519,TRAIN,VALIDATION,yes,v40c_01398,no,no,no,5
hafp_000104,human_adjudicated_filename_proximity,fpc_0018,fp_0069,adjacent_or_near_identical,frame_02514,frame_02520,TRAIN,VALIDATION,yes,v40c_01398,no,no,no,6
hafp_000105,human_adjudicated_filename_proximity,fpc_0018,fp_0074,adjacent_or_near_identical,frame_02514,frame_02521,TRAIN,VALIDATION,yes,v40c_01398,no,no,no,7
hafp_000106,human_adjudicated_filename_proximity,fpc_0018,fp_0079,adjacent_or_near_identical,frame_02514,frame_02522,TRAIN,VALIDATION,yes,v40c_01398,no,no,no,8
hafp_000107,human_adjudicated_filename_proximity,fpc_0018,fp_0084,adjacent_or_near_identical,frame_02514,frame_02523,TRAIN,VALIDATION,yes,v40c_01398,no,no,no,9
hafp_000108,human_adjudicated_filename_proximity,fpc_0018,fp_0089,adjacent_or_near_identical,frame_02514,frame_02524,TRAIN,VALIDATION,yes,v40c_01398,no,no,no,10
hafp_000109,human_adjudicated_filename_proximity,fpc_0018,fp_0094,adjacent_or_near_identical,frame_02514,frame_02525,TRAIN,VALIDATION,yes,v40c_01398,no,no,no,11
hafp_000110,human_adjudicated_filename_proximity,fpc_0018,fp_0098,adjacent_or_near_identical,frame_02514,frame_02526,TRAIN,VALIDATION,yes,v40c_01398,no,no,no,12
hafp_000111,human_adjudicated_filename_proximity,fpc_0018,fp_0102,adjacent_or_near_identical,frame_02514,frame_02527,TRAIN,VALIDATION,yes,v40c_01398,no,no,no,13
hafp_000112,human_adjudicated_filename_proximity,fpc_0018,fp_0106,adjacent_or_near_identical,frame_02514,frame_02528,TRAIN,VALIDATION,yes,v40c_01398,no,no,no,14
hafp_000113,human_adjudicated_filename_proximity,fpc_0018,fp_0110,adjacent_or_near_identical,frame_02514,frame_02529,TRAIN,VALIDATION,yes,v40c_01398,no,no,no,15
hafp_000114,human_adjudicated_filename_proximity,fpc_0018,fp_0114,adjacent_or_near_identical,frame_02514,frame_02530,TRAIN,VALIDATION,yes,v40c_01398,no,no,no,16
hafp_000115,human_adjudicated_filename_proximity,fpc_0019,fp_0115,adjacent_or_near_identical,nframe_01091,nframe_01092,TRAIN,VALIDATION,yes,v40c_02468,no,no,no,1
hafp_000116,human_adjudicated_filename_proximity,fpc_0019,fp_0171,adjacent_or_near_identical,nframe_01091,nframe_01093,TRAIN,VALIDATION,yes,v40c_02468,no,no,no,2
hafp_000117,human_adjudicated_filename_proximity,fpc_0019,fp_0202,adjacent_or_near_identical,nframe_01091,nframe_01094,TRAIN,VALIDATION,yes,v40c_02468,no,no,no,3
hafp_000118,human_adjudicated_filename_proximity,fpc_0019,fp_0223,adjacent_or_near_identical,nframe_01091,nframe_01095,TRAIN,VALIDATION,yes,v40c_02468,no,no,no,4
hafp_000119,human_adjudicated_filename_proximity,fpc_0019,fp_0241,adjacent_or_near_identical,nframe_01091,nframe_01096,TRAIN,VALIDATION,yes,v40c_02468,no,no,no,5
hafp_000120,human_adjudicated_filename_proximity,fpc_0019,fp_0258,adjacent_or_near_identical,nframe_01091,nframe_01097,TRAIN,VALIDATION,yes,v40c_02468,no,no,no,6
hafp_000121,human_adjudicated_filename_proximity,fpc_0020,fp_0259,adjacent_or_near_identical,nframe_01098,nframe_01104,VALIDATION,TRAIN,yes,v40c_02468,no,no,no,6
hafp_000122,human_adjudicated_filename_proximity,fpc_0020,fp_0242,adjacent_or_near_identical,nframe_01099,nframe_01104,VALIDATION,TRAIN,yes,v40c_02468,no,no,no,5
hafp_000123,human_adjudicated_filename_proximity,fpc_0020,fp_0224,adjacent_or_near_identical,nframe_01100,nframe_01104,VALIDATION,TRAIN,yes,v40c_02468,no,no,no,4
hafp_000124,human_adjudicated_filename_proximity,fpc_0020,fp_0203,adjacent_or_near_identical,nframe_01101,nframe_01104,VALIDATION,TRAIN,yes,v40c_02468,no,no,no,3
hafp_000125,human_adjudicated_filename_proximity,fpc_0020,fp_0172,adjacent_or_near_identical,nframe_01102,nframe_01104,VALIDATION,TRAIN,yes,v40c_02468,no,no,no,2
hafp_000126,human_adjudicated_filename_proximity,fpc_0020,fp_0116,adjacent_or_near_identical,nframe_01103,nframe_01104,VALIDATION,TRAIN,yes,v40c_02468,no,no,no,1
hafp_000127,human_adjudicated_filename_proximity,fpc_0020,fp_0117,adjacent_or_near_identical,nframe_01104,nframe_01105,TRAIN,VALIDATION,yes,v40c_02468,no,no,no,1
hafp_000128,human_adjudicated_filename_proximity,fpc_0020,fp_0173,adjacent_or_near_identical,nframe_01104,nframe_01106,TRAIN,VALIDATION,yes,v40c_02468,no,no,no,2
hafp_000129,human_adjudicated_filename_proximity,fpc_0020,fp_0204,adjacent_or_near_identical,nframe_01104,nframe_01107,TRAIN,VALIDATION,yes,v40c_02468,no,no,no,3
hafp_000130,human_adjudicated_filename_proximity,fpc_0020,fp_0225,adjacent_or_near_identical,nframe_01104,nframe_01108,TRAIN,VALIDATION,yes,v40c_02468,no,no,no,4
hafp_000131,human_adjudicated_filename_proximity,fpc_0020,fp_0243,adjacent_or_near_identical,nframe_01104,nframe_01109,TRAIN,VALIDATION,yes,v40c_02468,no,no,no,5
hafp_000132,human_adjudicated_filename_proximity,fpc_0020,fp_0260,adjacent_or_near_identical,nframe_01104,nframe_01110,TRAIN,VALIDATION,yes,v40c_02468,no,no,no,6
hafp_000133,human_adjudicated_filename_proximity,fpc_0020,fp_0271,adjacent_or_near_identical,nframe_01104,nframe_01111,TRAIN,VALIDATION,yes,v40c_02468,no,no,no,7
hafp_000134,human_adjudicated_filename_proximity,fpc_0021,fp_0272,adjacent_or_near_identical,nframe_01112,nframe_01119,VALIDATION,TRAIN,yes,v40c_02468,no,no,no,7
hafp_000135,human_adjudicated_filename_proximity,fpc_0021,fp_0261,adjacent_or_near_identical,nframe_01113,nframe_01119,VALIDATION,TRAIN,yes,v40c_02468,no,no,no,6
hafp_000136,human_adjudicated_filename_proximity,fpc_0021,fp_0244,adjacent_or_near_identical,nframe_01114,nframe_01119,VALIDATION,TRAIN,yes,v40c_02468,no,no,no,5
hafp_000137,human_adjudicated_filename_proximity,fpc_0021,fp_0226,adjacent_or_near_identical,nframe_01115,nframe_01119,VALIDATION,TRAIN,yes,v40c_02468,no,no,no,4
hafp_000138,human_adjudicated_filename_proximity,fpc_0021,fp_0205,adjacent_or_near_identical,nframe_01116,nframe_01119,VALIDATION,TRAIN,yes,v40c_02468,no,no,no,3
hafp_000139,human_adjudicated_filename_proximity,fpc_0021,fp_0174,adjacent_or_near_identical,nframe_01117,nframe_01119,VALIDATION,TRAIN,yes,v40c_02468,no,no,no,2
hafp_000140,human_adjudicated_filename_proximity,fpc_0021,fp_0118,adjacent_or_near_identical,nframe_01118,nframe_01119,VALIDATION,TRAIN,yes,v40c_02468,no,no,no,1
hafp_000141,human_adjudicated_filename_proximity,fpc_0022,fp_0119,adjacent_or_near_identical,nframe_01120,nframe_01121,TRAIN,VALIDATION,yes,v40c_02468,no,no,no,1
hafp_000142,human_adjudicated_filename_proximity,fpc_0022,fp_0175,adjacent_or_near_identical,nframe_01120,nframe_01122,TRAIN,VALIDATION,yes,v40c_02468,no,no,no,2
hafp_000143,human_adjudicated_filename_proximity,fpc_0022,fp_0206,adjacent_or_near_identical,nframe_01120,nframe_01123,TRAIN,VALIDATION,yes,v40c_02468,no,no,no,3
hafp_000144,human_adjudicated_filename_proximity,fpc_0023,fp_0176,adjacent_or_near_identical,nframe_01124,nframe_01126,VALIDATION,TRAIN,yes,v40c_02482,no,no,no,2
hafp_000145,human_adjudicated_filename_proximity,fpc_0023,fp_0120,adjacent_or_near_identical,nframe_01125,nframe_01126,VALIDATION,TRAIN,yes,v40c_02482,no,no,no,1
hafp_000146,human_adjudicated_filename_proximity,fpc_0023,fp_0121,adjacent_or_near_identical,nframe_01126,nframe_01127,TRAIN,VALIDATION,yes,v40c_02482,no,no,no,1
hafp_000147,human_adjudicated_filename_proximity,fpc_0023,fp_0177,adjacent_or_near_identical,nframe_01126,nframe_01128,TRAIN,VALIDATION,yes,v40c_02482,no,no,no,2
hafp_000148,human_adjudicated_filename_proximity,fpc_0023,fp_0207,adjacent_or_near_identical,nframe_01126,nframe_01129,TRAIN,VALIDATION,yes,v40c_02482,no,no,no,3
hafp_000149,human_adjudicated_filename_proximity,fpc_0023,fp_0227,adjacent_or_near_identical,nframe_01126,nframe_01130,TRAIN,VALIDATION,yes,v40c_02482,no,no,no,4
hafp_000150,human_adjudicated_filename_proximity,fpc_0023,fp_0245,adjacent_or_near_identical,nframe_01126,nframe_01131,TRAIN,VALIDATION,yes,v40c_02482,no,no,no,5
hafp_000151,human_adjudicated_filename_proximity,fpc_0023,fp_0262,adjacent_or_near_identical,nframe_01126,nframe_01132,TRAIN,VALIDATION,yes,v40c_02482,no,no,no,6
hafp_000152,human_adjudicated_filename_proximity,fpc_0023,fp_0273,adjacent_or_near_identical,nframe_01126,nframe_01133,TRAIN,VALIDATION,yes,v40c_02482,no,no,no,7
hafp_000153,human_adjudicated_filename_proximity,fpc_0023,fp_0282,adjacent_or_near_identical,nframe_01126,nframe_01134,TRAIN,VALIDATION,yes,v40c_02482,no,no,no,8
hafp_000154,human_adjudicated_filename_proximity,fpc_0023,fp_0289,adjacent_or_near_identical,nframe_01126,nframe_01135,TRAIN,VALIDATION,yes,v40c_02482,no,no,no,9
hafp_000155,human_adjudicated_filename_proximity,fpc_0023,fp_0296,adjacent_or_near_identical,nframe_01126,nframe_01136,TRAIN,VALIDATION,yes,v40c_02482,no,no,no,10
hafp_000156,human_adjudicated_filename_proximity,fpc_0023,fp_0304,adjacent_or_near_identical,nframe_01126,nframe_01137,TRAIN,VALIDATION,yes,v40c_02482,no,no,no,11
hafp_000157,human_adjudicated_filename_proximity,fpc_0023,fp_0313,adjacent_or_near_identical,nframe_01126,nframe_01138,TRAIN,VALIDATION,yes,v40c_02482,no,no,no,12
hafp_000158,human_adjudicated_filename_proximity,fpc_0023,fp_0322,adjacent_or_near_identical,nframe_01126,nframe_01139,TRAIN,VALIDATION,yes,v40c_02482,no,no,no,13
hafp_000159,human_adjudicated_filename_proximity,fpc_0023,fp_0330,adjacent_or_near_identical,nframe_01126,nframe_01140,TRAIN,VALIDATION,yes,v40c_02482,no,no,no,14
hafp_000160,human_adjudicated_filename_proximity,fpc_0023,fp_0338,adjacent_or_near_identical,nframe_01126,nframe_01141,TRAIN,VALIDATION,yes,v40c_02482,no,no,no,15
hafp_000161,human_adjudicated_filename_proximity,fpc_0023,fp_0346,adjacent_or_near_identical,nframe_01126,nframe_01142,TRAIN,VALIDATION,yes,v40c_02482,no,no,no,16
hafp_000162,human_adjudicated_filename_proximity,fpc_0024,fp_0347,adjacent_or_near_identical,nframe_01191,nframe_01207,VALIDATION,TRAIN,yes,v40c_02482,no,no,no,16
hafp_000163,human_adjudicated_filename_proximity,fpc_0024,fp_0339,adjacent_or_near_identical,nframe_01192,nframe_01207,VALIDATION,TRAIN,yes,v40c_02482,no,no,no,15
hafp_000164,human_adjudicated_filename_proximity,fpc_0024,fp_0331,adjacent_or_near_identical,nframe_01193,nframe_01207,VALIDATION,TRAIN,yes,v40c_02482,no,no,no,14
hafp_000165,human_adjudicated_filename_proximity,fpc_0024,fp_0323,adjacent_or_near_identical,nframe_01194,nframe_01207,VALIDATION,TRAIN,yes,v40c_02482,no,no,no,13
hafp_000166,human_adjudicated_filename_proximity,fpc_0024,fp_0314,adjacent_or_near_identical,nframe_01195,nframe_01207,VALIDATION,TRAIN,yes,v40c_02482,no,no,no,12
hafp_000167,human_adjudicated_filename_proximity,fpc_0024,fp_0305,adjacent_or_near_identical,nframe_01196,nframe_01207,VALIDATION,TRAIN,yes,v40c_02482,no,no,no,11
hafp_000168,human_adjudicated_filename_proximity,fpc_0024,fp_0297,adjacent_or_near_identical,nframe_01197,nframe_01207,VALIDATION,TRAIN,yes,v40c_02482,no,no,no,10
hafp_000169,human_adjudicated_filename_proximity,fpc_0024,fp_0290,adjacent_or_near_identical,nframe_01198,nframe_01207,VALIDATION,TRAIN,yes,v40c_02482,no,no,no,9
hafp_000170,human_adjudicated_filename_proximity,fpc_0024,fp_0283,adjacent_or_near_identical,nframe_01199,nframe_01207,VALIDATION,TRAIN,yes,v40c_02482,no,no,no,8
hafp_000171,human_adjudicated_filename_proximity,fpc_0024,fp_0274,adjacent_or_near_identical,nframe_01200,nframe_01207,VALIDATION,TRAIN,yes,v40c_02482,no,no,no,7
hafp_000172,human_adjudicated_filename_proximity,fpc_0024,fp_0263,adjacent_or_near_identical,nframe_01201,nframe_01207,VALIDATION,TRAIN,yes,v40c_02482,no,no,no,6
hafp_000173,human_adjudicated_filename_proximity,fpc_0024,fp_0246,adjacent_or_near_identical,nframe_01202,nframe_01207,VALIDATION,TRAIN,yes,v40c_02482,no,no,no,5
hafp_000174,human_adjudicated_filename_proximity,fpc_0024,fp_0228,adjacent_or_near_identical,nframe_01203,nframe_01207,VALIDATION,TRAIN,yes,v40c_02482,no,no,no,4
hafp_000175,human_adjudicated_filename_proximity,fpc_0024,fp_0208,adjacent_or_near_identical,nframe_01204,nframe_01207,VALIDATION,TRAIN,yes,v40c_02482,no,no,no,3
hafp_000176,human_adjudicated_filename_proximity,fpc_0024,fp_0178,adjacent_or_near_identical,nframe_01205,nframe_01207,VALIDATION,TRAIN,yes,v40c_02482,no,no,no,2
hafp_000177,human_adjudicated_filename_proximity,fpc_0024,fp_0122,adjacent_or_near_identical,nframe_01206,nframe_01207,VALIDATION,TRAIN,yes,v40c_02482,no,no,no,1
hafp_000178,human_adjudicated_filename_proximity,fpc_0025,fp_0123,adjacent_or_near_identical,nframe_01265,nframe_01266,TRAIN,VALIDATION,yes,v40c_02509,no,no,no,1
hafp_000179,human_adjudicated_filename_proximity,fpc_0026,fp_0124,adjacent_or_near_identical,nframe_01267,nframe_01268,VALIDATION,TRAIN,yes,v40c_02509,no,no,no,1
hafp_000180,human_adjudicated_filename_proximity,fpc_0027,fp_0179,adjacent_or_near_identical,nframe_02448,nframe_02450,VALIDATION,TRAIN,yes,v40c_02893,no,no,no,2
hafp_000181,human_adjudicated_filename_proximity,fpc_0027,fp_0125,adjacent_or_near_identical,nframe_02449,nframe_02450,VALIDATION,TRAIN,yes,v40c_02893,no,no,no,1
hafp_000182,human_adjudicated_filename_proximity,fpc_0028,fp_0126,adjacent_or_near_identical,nframe_02527,nframe_02528,TRAIN,VALIDATION,yes,v40c_02468,no,no,no,1
hafp_000183,human_adjudicated_filename_proximity,fpc_0029,fp_0127,adjacent_or_near_identical,nframe_02529,nframe_02530,VALIDATION,TRAIN,yes,v40c_02468,no,no,no,1
hafp_000184,human_adjudicated_filename_proximity,fpc_0029,fp_0128,adjacent_or_near_identical,nframe_02530,nframe_02531,TRAIN,VALIDATION,yes,v40c_02468,no,no,no,1
hafp_000185,human_adjudicated_filename_proximity,fpc_0029,fp_0180,adjacent_or_near_identical,nframe_02530,nframe_02532,TRAIN,VALIDATION,yes,v40c_02468,no,no,no,2
hafp_000186,human_adjudicated_filename_proximity,fpc_0029,fp_0209,adjacent_or_near_identical,nframe_02530,nframe_02533,TRAIN,VALIDATION,yes,v40c_02468,no,no,no,3
hafp_000187,human_adjudicated_filename_proximity,fpc_0029,fp_0229,adjacent_or_near_identical,nframe_02530,nframe_02534,TRAIN,VALIDATION,yes,v40c_02468,no,no,no,4
hafp_000188,human_adjudicated_filename_proximity,fpc_0029,fp_0247,adjacent_or_near_identical,nframe_02530,nframe_02535,TRAIN,VALIDATION,yes,v40c_02468,no,no,no,5
hafp_000189,human_adjudicated_filename_proximity,fpc_0030,fp_0248,adjacent_or_near_identical,nframe_02536,nframe_02541,VALIDATION,TRAIN,yes,v40c_02468,no,no,no,5
hafp_000190,human_adjudicated_filename_proximity,fpc_0030,fp_0230,adjacent_or_near_identical,nframe_02537,nframe_02541,VALIDATION,TRAIN,yes,v40c_02468,no,no,no,4
hafp_000191,human_adjudicated_filename_proximity,fpc_0030,fp_0210,adjacent_or_near_identical,nframe_02538,nframe_02541,VALIDATION,TRAIN,yes,v40c_02468,no,no,no,3
hafp_000192,human_adjudicated_filename_proximity,fpc_0030,fp_0181,adjacent_or_near_identical,nframe_02539,nframe_02541,VALIDATION,TRAIN,yes,v40c_02468,no,no,no,2
hafp_000193,human_adjudicated_filename_proximity,fpc_0030,fp_0129,adjacent_or_near_identical,nframe_02540,nframe_02541,VALIDATION,TRAIN,yes,v40c_02468,no,no,no,1
hafp_000194,human_adjudicated_filename_proximity,fpc_0031,fp_0130,adjacent_or_near_identical,nframe_02549,nframe_02550,TRAIN,VALIDATION,yes,v40c_02941,no,no,no,1
hafp_000195,human_adjudicated_filename_proximity,fpc_0031,fp_0182,adjacent_or_near_identical,nframe_02549,nframe_02551,TRAIN,VALIDATION,yes,v40c_02941,no,no,no,2
hafp_000196,human_adjudicated_filename_proximity,fpc_0031,fp_0211,adjacent_or_near_identical,nframe_02549,nframe_02552,TRAIN,VALIDATION,yes,v40c_02941,no,no,no,3
hafp_000197,human_adjudicated_filename_proximity,fpc_0031,fp_0231,adjacent_or_near_identical,nframe_02549,nframe_02553,TRAIN,VALIDATION,yes,v40c_02941,no,no,no,4
hafp_000198,human_adjudicated_filename_proximity,fpc_0031,fp_0249,adjacent_or_near_identical,nframe_02549,nframe_02554,TRAIN,VALIDATION,yes,v40c_02941,no,no,no,5
hafp_000199,human_adjudicated_filename_proximity,fpc_0032,fp_0232,adjacent_or_near_identical,nframe_02555,nframe_02559,VALIDATION,TRAIN,yes,v40c_02941,no,no,no,4
hafp_000200,human_adjudicated_filename_proximity,fpc_0032,fp_0212,adjacent_or_near_identical,nframe_02556,nframe_02559,VALIDATION,TRAIN,yes,v40c_02941,no,no,no,3
hafp_000201,human_adjudicated_filename_proximity,fpc_0032,fp_0183,adjacent_or_near_identical,nframe_02557,nframe_02559,VALIDATION,TRAIN,yes,v40c_02941,no,no,no,2
hafp_000202,human_adjudicated_filename_proximity,fpc_0032,fp_0131,adjacent_or_near_identical,nframe_02558,nframe_02559,VALIDATION,TRAIN,yes,v40c_02941,no,no,no,1
hafp_000203,human_adjudicated_filename_proximity,fpc_0033,fp_0132,adjacent_or_near_identical,nframe_02768,nframe_02769,VALIDATION,TRAIN,yes,v40c_03018,no,no,no,1
hafp_000204,human_adjudicated_filename_proximity,fpc_0034,fp_0133,adjacent_or_near_identical,nframe_03331,nframe_03332,VALIDATION,TRAIN,yes,v40c_03151,no,no,no,1
hafp_000205,human_adjudicated_filename_proximity,fpc_0035,fp_0134,adjacent_or_near_identical,nframe_03389,nframe_03390,TRAIN,VALIDATION,yes,v40c_03156,no,no,no,1
hafp_000206,human_adjudicated_filename_proximity,fpc_0035,fp_0184,adjacent_or_near_identical,nframe_03389,nframe_03391,TRAIN,VALIDATION,yes,v40c_03156,no,no,no,2
hafp_000207,human_adjudicated_filename_proximity,fpc_0036,fp_0185,adjacent_or_near_identical,nframe_03392,nframe_03394,VALIDATION,TRAIN,yes,v40c_03156,no,no,no,2
hafp_000208,human_adjudicated_filename_proximity,fpc_0036,fp_0135,adjacent_or_near_identical,nframe_03393,nframe_03394,VALIDATION,TRAIN,yes,v40c_03156,no,no,no,1
hafp_000209,human_adjudicated_filename_proximity,fpc_0037,fp_0136,adjacent_or_near_identical,nframe_03395,nframe_03396,TRAIN,VALIDATION,yes,v40c_03156,no,no,no,1
hafp_000210,human_adjudicated_filename_proximity,fpc_0038,fp_0137,adjacent_or_near_identical,nframe_03397,nframe_03398,TRAIN,VALIDATION,yes,v40c_03157,no,no,no,1
hafp_000211,human_adjudicated_filename_proximity,fpc_0039,fp_0138,adjacent_or_near_identical,nframe_03399,nframe_03400,TRAIN,VALIDATION,yes,v40c_03158,no,no,no,1
hafp_000212,human_adjudicated_filename_proximity,fpc_0039,fp_0186,adjacent_or_near_identical,nframe_03399,nframe_03401,TRAIN,VALIDATION,yes,v40c_03158,no,no,no,2
hafp_000213,human_adjudicated_filename_proximity,fpc_0039,fp_0213,adjacent_or_near_identical,nframe_03399,nframe_03402,TRAIN,VALIDATION,yes,v40c_03158,no,no,no,3
hafp_000214,human_adjudicated_filename_proximity,fpc_0040,fp_0214,adjacent_or_near_identical,nframe_03403,nframe_03406,VALIDATION,TRAIN,yes,v40c_03158,no,no,no,3
hafp_000215,human_adjudicated_filename_proximity,fpc_0040,fp_0187,adjacent_or_near_identical,nframe_03404,nframe_03406,VALIDATION,TRAIN,yes,v40c_03158,no,no,no,2
hafp_000216,human_adjudicated_filename_proximity,fpc_0040,fp_0139,adjacent_or_near_identical,nframe_03405,nframe_03406,VALIDATION,TRAIN,yes,v40c_03158,no,no,no,1
hafp_000217,human_adjudicated_filename_proximity,fpc_0041,fp_0140,adjacent_or_near_identical,nframe_03409,nframe_03410,TRAIN,VALIDATION,yes,v40c_03160,no,no,no,1
hafp_000218,human_adjudicated_filename_proximity,fpc_0041,fp_0188,adjacent_or_near_identical,nframe_03409,nframe_03411,TRAIN,VALIDATION,yes,v40c_03160,no,no,no,2
hafp_000219,human_adjudicated_filename_proximity,fpc_0042,fp_0141,adjacent_or_near_identical,nframe_03412,nframe_03413,VALIDATION,TRAIN,yes,v40c_03160,no,no,no,1
hafp_000220,human_adjudicated_filename_proximity,fpc_0043,fp_0142,adjacent_or_near_identical,nframe_03420,nframe_03421,TRAIN,VALIDATION,yes,v40c_03158,no,no,no,1
hafp_000221,human_adjudicated_filename_proximity,fpc_0043,fp_0189,adjacent_or_near_identical,nframe_03420,nframe_03422,TRAIN,VALIDATION,yes,v40c_03158,no,no,no,2
hafp_000222,human_adjudicated_filename_proximity,fpc_0043,fp_0215,adjacent_or_near_identical,nframe_03420,nframe_03423,TRAIN,VALIDATION,yes,v40c_03158,no,no,no,3
hafp_000223,human_adjudicated_filename_proximity,fpc_0043,fp_0233,adjacent_or_near_identical,nframe_03420,nframe_03424,TRAIN,VALIDATION,yes,v40c_03158,no,no,no,4
hafp_000224,human_adjudicated_filename_proximity,fpc_0043,fp_0250,adjacent_or_near_identical,nframe_03420,nframe_03425,TRAIN,VALIDATION,yes,v40c_03158,no,no,no,5
hafp_000225,human_adjudicated_filename_proximity,fpc_0043,fp_0264,adjacent_or_near_identical,nframe_03420,nframe_03426,TRAIN,VALIDATION,yes,v40c_03158,no,no,no,6
hafp_000226,human_adjudicated_filename_proximity,fpc_0043,fp_0275,adjacent_or_near_identical,nframe_03420,nframe_03427,TRAIN,VALIDATION,yes,v40c_03158,no,no,no,7
hafp_000227,human_adjudicated_filename_proximity,fpc_0043,fp_0284,adjacent_or_near_identical,nframe_03420,nframe_03428,TRAIN,VALIDATION,yes,v40c_03158,no,no,no,8
hafp_000228,human_adjudicated_filename_proximity,fpc_0043,fp_0291,adjacent_or_near_identical,nframe_03420,nframe_03429,TRAIN,VALIDATION,yes,v40c_03158,no,no,no,9
hafp_000229,human_adjudicated_filename_proximity,fpc_0043,fp_0298,adjacent_or_near_identical,nframe_03420,nframe_03430,TRAIN,VALIDATION,yes,v40c_03158,no,no,no,10
hafp_000230,human_adjudicated_filename_proximity,fpc_0043,fp_0306,adjacent_or_near_identical,nframe_03420,nframe_03431,TRAIN,VALIDATION,yes,v40c_03158,no,no,no,11
hafp_000231,human_adjudicated_filename_proximity,fpc_0043,fp_0315,adjacent_or_near_identical,nframe_03420,nframe_03432,TRAIN,VALIDATION,yes,v40c_03158,no,no,no,12
hafp_000232,human_adjudicated_filename_proximity,fpc_0043,fp_0324,adjacent_or_near_identical,nframe_03420,nframe_03433,TRAIN,VALIDATION,yes,v40c_03158,no,no,no,13
hafp_000233,human_adjudicated_filename_proximity,fpc_0043,fp_0332,adjacent_or_near_identical,nframe_03420,nframe_03434,TRAIN,VALIDATION,yes,v40c_03158,no,no,no,14
hafp_000234,human_adjudicated_filename_proximity,fpc_0043,fp_0340,adjacent_or_near_identical,nframe_03420,nframe_03435,TRAIN,VALIDATION,yes,v40c_03158,no,no,no,15
hafp_000235,human_adjudicated_filename_proximity,fpc_0043,fp_0348,adjacent_or_near_identical,nframe_03420,nframe_03436,TRAIN,VALIDATION,yes,v40c_03158,no,no,no,16
hafp_000236,human_adjudicated_filename_proximity,fpc_0044,fp_0349,adjacent_or_near_identical,nframe_03471,nframe_03487,VALIDATION,TRAIN,yes,v40c_03158,no,no,no,16
hafp_000237,human_adjudicated_filename_proximity,fpc_0044,fp_0341,adjacent_or_near_identical,nframe_03472,nframe_03487,VALIDATION,TRAIN,yes,v40c_03158,no,no,no,15
hafp_000238,human_adjudicated_filename_proximity,fpc_0044,fp_0333,adjacent_or_near_identical,nframe_03473,nframe_03487,VALIDATION,TRAIN,yes,v40c_03158,no,no,no,14
hafp_000239,human_adjudicated_filename_proximity,fpc_0044,fp_0325,adjacent_or_near_identical,nframe_03474,nframe_03487,VALIDATION,TRAIN,yes,v40c_03158,no,no,no,13
hafp_000240,human_adjudicated_filename_proximity,fpc_0044,fp_0316,adjacent_or_near_identical,nframe_03475,nframe_03487,VALIDATION,TRAIN,yes,v40c_03158,no,no,no,12
hafp_000241,human_adjudicated_filename_proximity,fpc_0044,fp_0307,adjacent_or_near_identical,nframe_03476,nframe_03487,VALIDATION,TRAIN,yes,v40c_03158,no,no,no,11
hafp_000242,human_adjudicated_filename_proximity,fpc_0044,fp_0299,adjacent_or_near_identical,nframe_03477,nframe_03487,VALIDATION,TRAIN,yes,v40c_03158,no,no,no,10
hafp_000243,human_adjudicated_filename_proximity,fpc_0044,fp_0292,adjacent_or_near_identical,nframe_03478,nframe_03487,VALIDATION,TRAIN,yes,v40c_03158,no,no,no,9
hafp_000244,human_adjudicated_filename_proximity,fpc_0044,fp_0285,adjacent_or_near_identical,nframe_03479,nframe_03487,VALIDATION,TRAIN,yes,v40c_03158,no,no,no,8
hafp_000245,human_adjudicated_filename_proximity,fpc_0044,fp_0276,adjacent_or_near_identical,nframe_03480,nframe_03487,VALIDATION,TRAIN,yes,v40c_03158,no,no,no,7
hafp_000246,human_adjudicated_filename_proximity,fpc_0044,fp_0265,adjacent_or_near_identical,nframe_03481,nframe_03487,VALIDATION,TRAIN,yes,v40c_03158,no,no,no,6
hafp_000247,human_adjudicated_filename_proximity,fpc_0044,fp_0251,adjacent_or_near_identical,nframe_03482,nframe_03487,VALIDATION,TRAIN,yes,v40c_03158,no,no,no,5
hafp_000248,human_adjudicated_filename_proximity,fpc_0044,fp_0234,adjacent_or_near_identical,nframe_03483,nframe_03487,VALIDATION,TRAIN,yes,v40c_03158,no,no,no,4
hafp_000249,human_adjudicated_filename_proximity,fpc_0044,fp_0216,adjacent_or_near_identical,nframe_03484,nframe_03487,VALIDATION,TRAIN,yes,v40c_03158,no,no,no,3
hafp_000250,human_adjudicated_filename_proximity,fpc_0044,fp_0190,adjacent_or_near_identical,nframe_03485,nframe_03487,VALIDATION,TRAIN,yes,v40c_03158,no,no,no,2
hafp_000251,human_adjudicated_filename_proximity,fpc_0044,fp_0143,adjacent_or_near_identical,nframe_03486,nframe_03487,VALIDATION,TRAIN,yes,v40c_03158,no,no,no,1
hafp_000252,human_adjudicated_filename_proximity,fpc_0045,fp_0144,adjacent_or_near_identical,nframe_03489,nframe_03490,TRAIN,VALIDATION,yes,v40c_03158,no,no,no,1
hafp_000253,human_adjudicated_filename_proximity,fpc_0045,fp_0191,adjacent_or_near_identical,nframe_03489,nframe_03491,TRAIN,VALIDATION,yes,v40c_03158,no,no,no,2
hafp_000254,human_adjudicated_filename_proximity,fpc_0045,fp_0217,adjacent_or_near_identical,nframe_03489,nframe_03492,TRAIN,VALIDATION,yes,v40c_03158,no,no,no,3
hafp_000255,human_adjudicated_filename_proximity,fpc_0045,fp_0235,adjacent_or_near_identical,nframe_03489,nframe_03493,TRAIN,VALIDATION,yes,v40c_03158,no,no,no,4
hafp_000256,human_adjudicated_filename_proximity,fpc_0045,fp_0252,adjacent_or_near_identical,nframe_03489,nframe_03494,TRAIN,VALIDATION,yes,v40c_03158,no,no,no,5
hafp_000257,human_adjudicated_filename_proximity,fpc_0045,fp_0266,adjacent_or_near_identical,nframe_03489,nframe_03495,TRAIN,VALIDATION,yes,v40c_03158,no,no,no,6
hafp_000258,human_adjudicated_filename_proximity,fpc_0045,fp_0277,adjacent_or_near_identical,nframe_03489,nframe_03496,TRAIN,VALIDATION,yes,v40c_03158,no,no,no,7
hafp_000259,human_adjudicated_filename_proximity,fpc_0045,fp_0286,adjacent_or_near_identical,nframe_03489,nframe_03497,TRAIN,VALIDATION,yes,v40c_03158,no,no,no,8
hafp_000260,human_adjudicated_filename_proximity,fpc_0045,fp_0293,adjacent_or_near_identical,nframe_03489,nframe_03498,TRAIN,VALIDATION,yes,v40c_03158,no,no,no,9
hafp_000261,human_adjudicated_filename_proximity,fpc_0045,fp_0300,adjacent_or_near_identical,nframe_03489,nframe_03499,TRAIN,VALIDATION,yes,v40c_03158,no,no,no,10
hafp_000262,human_adjudicated_filename_proximity,fpc_0045,fp_0308,adjacent_or_near_identical,nframe_03489,nframe_03500,TRAIN,VALIDATION,yes,v40c_03158,no,no,no,11
hafp_000263,human_adjudicated_filename_proximity,fpc_0045,fp_0317,adjacent_or_near_identical,nframe_03489,nframe_03501,TRAIN,VALIDATION,yes,v40c_03158,no,no,no,12
hafp_000264,human_adjudicated_filename_proximity,fpc_0045,fp_0326,adjacent_or_near_identical,nframe_03489,nframe_03502,TRAIN,VALIDATION,yes,v40c_03158,no,no,no,13
hafp_000265,human_adjudicated_filename_proximity,fpc_0045,fp_0334,adjacent_or_near_identical,nframe_03489,nframe_03503,TRAIN,VALIDATION,yes,v40c_03158,no,no,no,14
hafp_000266,human_adjudicated_filename_proximity,fpc_0045,fp_0342,adjacent_or_near_identical,nframe_03489,nframe_03504,TRAIN,VALIDATION,yes,v40c_03158,no,no,no,15
hafp_000267,human_adjudicated_filename_proximity,fpc_0045,fp_0350,adjacent_or_near_identical,nframe_03489,nframe_03505,TRAIN,VALIDATION,yes,v40c_03158,no,no,no,16
hafp_000268,human_adjudicated_filename_proximity,fpc_0046,fp_0145,adjacent_or_near_identical,nframe_04425,nframe_04426,TRAIN,VALIDATION,yes,v40c_03444,no,no,no,1
hafp_000269,human_adjudicated_filename_proximity,fpc_0047,fp_0351,adjacent_or_near_identical,nframe_04745,nframe_04761,VALIDATION,TRAIN,yes,v40c_03576,no,no,no,16
hafp_000270,human_adjudicated_filename_proximity,fpc_0047,fp_0343,adjacent_or_near_identical,nframe_04746,nframe_04761,VALIDATION,TRAIN,yes,v40c_03576,no,no,no,15
hafp_000271,human_adjudicated_filename_proximity,fpc_0047,fp_0335,adjacent_or_near_identical,nframe_04747,nframe_04761,VALIDATION,TRAIN,yes,v40c_03576,no,no,no,14
hafp_000272,human_adjudicated_filename_proximity,fpc_0047,fp_0327,adjacent_or_near_identical,nframe_04748,nframe_04761,VALIDATION,TRAIN,yes,v40c_03576,no,no,no,13
hafp_000273,human_adjudicated_filename_proximity,fpc_0047,fp_0318,adjacent_or_near_identical,nframe_04749,nframe_04761,VALIDATION,TRAIN,yes,v40c_03576,no,no,no,12
hafp_000274,human_adjudicated_filename_proximity,fpc_0047,fp_0309,adjacent_or_near_identical,nframe_04750,nframe_04761,VALIDATION,TRAIN,yes,v40c_03576,no,no,no,11
hafp_000275,human_adjudicated_filename_proximity,fpc_0047,fp_0301,adjacent_or_near_identical,nframe_04751,nframe_04761,VALIDATION,TRAIN,yes,v40c_03576,no,no,no,10
hafp_000276,human_adjudicated_filename_proximity,fpc_0047,fp_0294,adjacent_or_near_identical,nframe_04752,nframe_04761,VALIDATION,TRAIN,yes,v40c_03576,no,no,no,9
hafp_000277,human_adjudicated_filename_proximity,fpc_0047,fp_0287,adjacent_or_near_identical,nframe_04753,nframe_04761,VALIDATION,TRAIN,yes,v40c_03576,no,no,no,8
hafp_000278,human_adjudicated_filename_proximity,fpc_0047,fp_0278,adjacent_or_near_identical,nframe_04754,nframe_04761,VALIDATION,TRAIN,yes,v40c_03576,no,no,no,7
hafp_000279,human_adjudicated_filename_proximity,fpc_0047,fp_0267,adjacent_or_near_identical,nframe_04755,nframe_04761,VALIDATION,TRAIN,yes,v40c_03576,no,no,no,6
hafp_000280,human_adjudicated_filename_proximity,fpc_0047,fp_0253,adjacent_or_near_identical,nframe_04756,nframe_04761,VALIDATION,TRAIN,yes,v40c_03576,no,no,no,5
hafp_000281,human_adjudicated_filename_proximity,fpc_0047,fp_0236,adjacent_or_near_identical,nframe_04757,nframe_04761,VALIDATION,TRAIN,yes,v40c_03576,no,no,no,4
hafp_000282,human_adjudicated_filename_proximity,fpc_0047,fp_0218,adjacent_or_near_identical,nframe_04758,nframe_04761,VALIDATION,TRAIN,yes,v40c_03576,no,no,no,3
hafp_000283,human_adjudicated_filename_proximity,fpc_0047,fp_0192,adjacent_or_near_identical,nframe_04759,nframe_04761,VALIDATION,TRAIN,yes,v40c_03576,no,no,no,2
hafp_000284,human_adjudicated_filename_proximity,fpc_0047,fp_0146,adjacent_or_near_identical,nframe_04760,nframe_04761,VALIDATION,TRAIN,yes,v40c_03576,no,no,no,1
hafp_000285,human_adjudicated_filename_proximity,fpc_0048,fp_0147,adjacent_or_near_identical,nframe_04763,nframe_04764,TRAIN,VALIDATION,yes,v40c_03576,no,no,no,1
hafp_000286,human_adjudicated_filename_proximity,fpc_0048,fp_0193,adjacent_or_near_identical,nframe_04763,nframe_04765,TRAIN,VALIDATION,yes,v40c_03576,no,no,no,2
hafp_000287,human_adjudicated_filename_proximity,fpc_0048,fp_0219,adjacent_or_near_identical,nframe_04763,nframe_04766,TRAIN,VALIDATION,yes,v40c_03576,no,no,no,3
hafp_000288,human_adjudicated_filename_proximity,fpc_0048,fp_0237,adjacent_or_near_identical,nframe_04763,nframe_04767,TRAIN,VALIDATION,yes,v40c_03576,no,no,no,4
hafp_000289,human_adjudicated_filename_proximity,fpc_0048,fp_0254,adjacent_or_near_identical,nframe_04763,nframe_04768,TRAIN,VALIDATION,yes,v40c_03576,no,no,no,5
hafp_000290,human_adjudicated_filename_proximity,fpc_0048,fp_0310,adjacent_or_near_identical,nframe_04763,nframe_04774,TRAIN,VALIDATION,yes,v40c_03576,no,no,no,11
hafp_000291,human_adjudicated_filename_proximity,fpc_0048,fp_0319,adjacent_or_near_identical,nframe_04763,nframe_04775,TRAIN,VALIDATION,yes,v40c_03576,no,no,no,12
hafp_000292,human_adjudicated_filename_proximity,fpc_0048,fp_0328,adjacent_or_near_identical,nframe_04763,nframe_04776,TRAIN,VALIDATION,yes,v40c_03576,no,no,no,13
hafp_000293,human_adjudicated_filename_proximity,fpc_0048,fp_0336,adjacent_or_near_identical,nframe_04763,nframe_04777,TRAIN,VALIDATION,yes,v40c_03576,no,no,no,14
hafp_000294,human_adjudicated_filename_proximity,fpc_0048,fp_0344,adjacent_or_near_identical,nframe_04763,nframe_04778,TRAIN,VALIDATION,yes,v40c_03576,no,no,no,15
hafp_000295,human_adjudicated_filename_proximity,fpc_0048,fp_0352,adjacent_or_near_identical,nframe_04763,nframe_04779,TRAIN,VALIDATION,yes,v40c_03576,no,no,no,16
hafp_000296,human_adjudicated_filename_proximity,fpc_0049,fp_0148,adjacent_or_near_identical,nframe_05544,nframe_05545,TRAIN,VALIDATION,yes,v40c_04008,no,no,no,1
hafp_000297,human_adjudicated_filename_proximity,fpc_0050,fp_0149,adjacent_or_near_identical,nframe_05548,nframe_05549,TRAIN,VALIDATION,yes,v40c_04010,no,no,no,1
hafp_000298,human_adjudicated_filename_proximity,fpc_0051,fp_0150,adjacent_or_near_identical,nframe_06577,nframe_06578,TRAIN,VALIDATION,yes,v40c_04243,no,no,no,1
hafp_000299,human_adjudicated_filename_proximity,fpc_0052,fp_0151,adjacent_or_near_identical,nframe_06579,nframe_06580,VALIDATION,TRAIN,yes,v40c_04243,no,no,no,1
hafp_000300,human_adjudicated_filename_proximity,fpc_0053,fp_0152,adjacent_or_near_identical,nframe_06669,nframe_06670,TRAIN,VALIDATION,yes,v40c_04289,no,no,no,1
hafp_000301,human_adjudicated_filename_proximity,fpc_0054,fp_0153,adjacent_or_near_identical,nframe_06671,nframe_06672,VALIDATION,TRAIN,yes,v40c_04289,no,no,no,1
hafp_000302,human_adjudicated_filename_proximity,fpc_0055,fp_0353,adjacent_or_near_identical,nframe_06794,nframe_06810,VALIDATION,TRAIN,yes,v40c_04317,no,no,no,16
hafp_000303,human_adjudicated_filename_proximity,fpc_0055,fp_0345,adjacent_or_near_identical,nframe_06795,nframe_06810,VALIDATION,TRAIN,yes,v40c_04317,no,no,no,15
hafp_000304,human_adjudicated_filename_proximity,fpc_0055,fp_0337,adjacent_or_near_identical,nframe_06796,nframe_06810,VALIDATION,TRAIN,yes,v40c_04317,no,no,no,14
hafp_000305,human_adjudicated_filename_proximity,fpc_0055,fp_0329,adjacent_or_near_identical,nframe_06797,nframe_06810,VALIDATION,TRAIN,yes,v40c_04317,no,no,no,13
hafp_000306,human_adjudicated_filename_proximity,fpc_0055,fp_0320,adjacent_or_near_identical,nframe_06798,nframe_06810,VALIDATION,TRAIN,yes,v40c_04317,no,no,no,12
hafp_000307,human_adjudicated_filename_proximity,fpc_0055,fp_0311,adjacent_or_near_identical,nframe_06799,nframe_06810,VALIDATION,TRAIN,yes,v40c_04317,no,no,no,11
hafp_000308,human_adjudicated_filename_proximity,fpc_0055,fp_0302,adjacent_or_near_identical,nframe_06800,nframe_06810,VALIDATION,TRAIN,yes,v40c_04317,no,no,no,10
hafp_000309,human_adjudicated_filename_proximity,fpc_0055,fp_0279,adjacent_or_near_identical,nframe_06803,nframe_06810,VALIDATION,TRAIN,yes,v40c_04317,no,no,no,7
hafp_000310,human_adjudicated_filename_proximity,fpc_0055,fp_0268,adjacent_or_near_identical,nframe_06804,nframe_06810,VALIDATION,TRAIN,yes,v40c_04317,no,no,no,6
hafp_000311,human_adjudicated_filename_proximity,fpc_0055,fp_0255,adjacent_or_near_identical,nframe_06805,nframe_06810,VALIDATION,TRAIN,yes,v40c_04317,no,no,no,5
hafp_000312,human_adjudicated_filename_proximity,fpc_0055,fp_0238,adjacent_or_near_identical,nframe_06806,nframe_06810,VALIDATION,TRAIN,yes,v40c_04317,no,no,no,4
hafp_000313,human_adjudicated_filename_proximity,fpc_0055,fp_0220,adjacent_or_near_identical,nframe_06807,nframe_06810,VALIDATION,TRAIN,yes,v40c_04317,no,no,no,3
hafp_000314,human_adjudicated_filename_proximity,fpc_0055,fp_0194,adjacent_or_near_identical,nframe_06808,nframe_06810,VALIDATION,TRAIN,yes,v40c_04317,no,no,no,2
hafp_000315,human_adjudicated_filename_proximity,fpc_0055,fp_0154,adjacent_or_near_identical,nframe_06809,nframe_06810,VALIDATION,TRAIN,yes,v40c_04317,no,no,no,1
hafp_000316,human_adjudicated_filename_proximity,fpc_0056,fp_0155,adjacent_or_near_identical,nframe_07008,nframe_07009,TRAIN,VALIDATION,yes,v40c_04384,no,no,no,1
hafp_000317,human_adjudicated_filename_proximity,fpc_0057,fp_0156,adjacent_or_near_identical,nframe_07010,nframe_07011,VALIDATION,TRAIN,yes,v40c_04384,no,no,no,1
hafp_000318,human_adjudicated_filename_proximity,fpc_0058,fp_0321,adjacent_or_near_identical,nframe_07344,nframe_07356,VALIDATION,TRAIN,yes,v40c_04486,no,no,no,12
hafp_000319,human_adjudicated_filename_proximity,fpc_0058,fp_0312,adjacent_or_near_identical,nframe_07345,nframe_07356,VALIDATION,TRAIN,yes,v40c_04486,no,no,no,11
hafp_000320,human_adjudicated_filename_proximity,fpc_0058,fp_0303,adjacent_or_near_identical,nframe_07346,nframe_07356,VALIDATION,TRAIN,yes,v40c_04486,no,no,no,10
hafp_000321,human_adjudicated_filename_proximity,fpc_0058,fp_0295,adjacent_or_near_identical,nframe_07347,nframe_07356,VALIDATION,TRAIN,yes,v40c_04486,no,no,no,9
hafp_000322,human_adjudicated_filename_proximity,fpc_0058,fp_0288,adjacent_or_near_identical,nframe_07348,nframe_07356,VALIDATION,TRAIN,yes,v40c_04486,no,no,no,8
hafp_000323,human_adjudicated_filename_proximity,fpc_0058,fp_0280,adjacent_or_near_identical,nframe_07349,nframe_07356,VALIDATION,TRAIN,yes,v40c_04486,no,no,no,7
hafp_000324,human_adjudicated_filename_proximity,fpc_0058,fp_0269,adjacent_or_near_identical,nframe_07350,nframe_07356,VALIDATION,TRAIN,yes,v40c_04486,no,no,no,6
hafp_000325,human_adjudicated_filename_proximity,fpc_0058,fp_0256,adjacent_or_near_identical,nframe_07351,nframe_07356,VALIDATION,TRAIN,yes,v40c_04486,no,no,no,5
hafp_000326,human_adjudicated_filename_proximity,fpc_0058,fp_0239,adjacent_or_near_identical,nframe_07352,nframe_07356,VALIDATION,TRAIN,yes,v40c_04486,no,no,no,4
hafp_000327,human_adjudicated_filename_proximity,fpc_0058,fp_0221,adjacent_or_near_identical,nframe_07353,nframe_07356,VALIDATION,TRAIN,yes,v40c_04486,no,no,no,3
hafp_000328,human_adjudicated_filename_proximity,fpc_0058,fp_0195,adjacent_or_near_identical,nframe_07354,nframe_07356,VALIDATION,TRAIN,yes,v40c_04486,no,no,no,2
hafp_000329,human_adjudicated_filename_proximity,fpc_0058,fp_0157,adjacent_or_near_identical,nframe_07355,nframe_07356,VALIDATION,TRAIN,yes,v40c_04486,no,no,no,1
hafp_000330,human_adjudicated_filename_proximity,fpc_0059,fp_0158,adjacent_or_near_identical,nframe_07357,nframe_07358,TRAIN,VALIDATION,yes,v40c_04487,no,no,no,1
hafp_000331,human_adjudicated_filename_proximity,fpc_0059,fp_0196,adjacent_or_near_identical,nframe_07357,nframe_07359,TRAIN,VALIDATION,yes,v40c_04487,no,no,no,2
hafp_000332,human_adjudicated_filename_proximity,fpc_0060,fp_0197,adjacent_or_near_identical,nframe_07788,nframe_07790,VALIDATION,TRAIN,yes,v40c_04763,no,no,no,2
hafp_000333,human_adjudicated_filename_proximity,fpc_0060,fp_0159,adjacent_or_near_identical,nframe_07789,nframe_07790,VALIDATION,TRAIN,yes,v40c_04763,no,no,no,1
hafp_000334,human_adjudicated_filename_proximity,fpc_0061,fp_0160,adjacent_or_near_identical,nframe_07795,nframe_07796,TRAIN,VALIDATION,yes,v40c_04768,no,no,no,1
hafp_000335,human_adjudicated_filename_proximity,fpc_0062,fp_0161,adjacent_or_near_identical,nframe_07833,nframe_07834,TRAIN,VALIDATION,yes,v40c_04796,no,no,no,1
hafp_000336,human_adjudicated_filename_proximity,fpc_0062,fp_0198,adjacent_or_near_identical,nframe_07833,nframe_07835,TRAIN,VALIDATION,yes,v40c_04796,no,no,no,2
hafp_000337,human_adjudicated_filename_proximity,fpc_0063,fp_0162,adjacent_or_near_identical,nframe_07836,nframe_07837,VALIDATION,TRAIN,yes,v40c_04796,no,no,no,1
hafp_000338,human_adjudicated_filename_proximity,fpc_0063,fp_0163,adjacent_or_near_identical,nframe_07837,nframe_07838,TRAIN,VALIDATION,yes,v40c_04796,no,no,no,1
hafp_000339,human_adjudicated_filename_proximity,fpc_0063,fp_0199,adjacent_or_near_identical,nframe_07837,nframe_07839,TRAIN,VALIDATION,yes,v40c_04796,no,no,no,2
hafp_000340,human_adjudicated_filename_proximity,fpc_0063,fp_0222,adjacent_or_near_identical,nframe_07837,nframe_07840,TRAIN,VALIDATION,yes,v40c_04796,no,no,no,3
hafp_000341,human_adjudicated_filename_proximity,fpc_0063,fp_0240,adjacent_or_near_identical,nframe_07837,nframe_07841,TRAIN,VALIDATION,yes,v40c_04796,no,no,no,4
hafp_000342,human_adjudicated_filename_proximity,fpc_0063,fp_0257,adjacent_or_near_identical,nframe_07837,nframe_07842,TRAIN,VALIDATION,yes,v40c_04796,no,no,no,5
hafp_000343,human_adjudicated_filename_proximity,fpc_0063,fp_0270,adjacent_or_near_identical,nframe_07837,nframe_07843,TRAIN,VALIDATION,yes,v40c_04796,no,no,no,6
hafp_000344,human_adjudicated_filename_proximity,fpc_0063,fp_0281,adjacent_or_near_identical,nframe_07837,nframe_07844,TRAIN,VALIDATION,yes,v40c_04796,no,no,no,7
hafp_000345,human_adjudicated_filename_proximity,fpc_0064,fp_0164,adjacent_or_near_identical,nframe_07911,nframe_07912,TRAIN,VALIDATION,yes,v40c_04843,no,no,no,1
hafp_000346,human_adjudicated_filename_proximity,fpc_0065,fp_0165,adjacent_or_near_identical,nframe_07913,nframe_07914,VALIDATION,TRAIN,yes,v40c_04796,no,no,no,1
hafp_000347,human_adjudicated_filename_proximity,fpc_0066,fp_0166,adjacent_or_near_identical,nframe_09360,nframe_09361,TRAIN,VALIDATION,yes,v40c_05374,no,no,no,1
hafp_000348,human_adjudicated_filename_proximity,fpc_0066,fp_0200,adjacent_or_near_identical,nframe_09360,nframe_09362,TRAIN,VALIDATION,yes,v40c_05374,no,no,no,2
hafp_000349,human_adjudicated_filename_proximity,fpc_0067,fp_0167,adjacent_or_near_identical,nframe_09363,nframe_09364,VALIDATION,TRAIN,yes,v40c_05374,no,no,no,1
hafp_000350,human_adjudicated_filename_proximity,fpc_0068,fp_0168,adjacent_or_near_identical,nframe_09432,nframe_09433,TRAIN,VALIDATION,yes,v40c_05396,no,no,no,1
hafp_000351,human_adjudicated_filename_proximity,fpc_0069,fp_0169,adjacent_or_near_identical,nframe_09434,nframe_09435,VALIDATION,TRAIN,yes,v40c_05397,no,no,no,1
hafp_000352,human_adjudicated_filename_proximity,fpc_0070,fp_0170,adjacent_or_near_identical,nframe_09894,nframe_09895,TRAIN,VALIDATION,yes,v40c_05490,no,no,no,1
hafp_000353,human_adjudicated_filename_proximity,fpc_0070,fp_0201,adjacent_or_near_identical,nframe_09894,nframe_09896,TRAIN,VALIDATION,yes,v40c_05490,no,no,no,2
