START train/ra_stems_project_seed2 2026-07-13T01:31:37+08:00
COMMAND C:\Users\xinnan\.conda\envs\pytorch\python.exe E:\RepViT-main\rarepdet\train_early_fusion.py --model ra_stems_project --data D:\download\triair --train-split E:\RepViT-main\reproducibility\v40_expanded_adjacency_component_split_v2\manifests\v40_expanded_adjacency_component_disjoint_train.txt --val-split E:\RepViT-main\reproducibility\v40_expanded_adjacency_component_split_v2\manifests\v40_expanded_adjacency_component_disjoint_val.txt --epochs 50 --batch-size 4 --img-size 640 --device cuda --lr 1e-4 --num-workers 0 --modality-dropout 0.00 --seed 2 --out E:\RepViT-main\runs\v48_complete_ablation\training\ra_stems_project_seed2
Using device: cuda
requested_seed: 2
deterministic_algorithms: warn_only
cudnn_deterministic: True
cudnn_benchmark: False
=== TriAirDataset Summary ===
data_root: D:\download\triair
image_dir: D:\download\triair\data\images
label_dir: D:\download\triair\data\labels
split_file: E:\RepViT-main\reproducibility\v40_expanded_adjacency_component_split_v2\manifests\v40_expanded_adjacency_component_disjoint_train.txt
mode: rgbte
channels: (0, 1, 2, 3, 4)
total images: 7439
images with label txt: 7011
images without label txt: 428
empty label txt files: 1
total boxes: 22480
class distribution:
  class 0: 22480
=== TriAirDataset Summary ===
data_root: D:\download\triair
image_dir: D:\download\triair\data\images
label_dir: D:\download\triair\data\labels
split_file: E:\RepViT-main\reproducibility\v40_expanded_adjacency_component_split_v2\manifests\v40_expanded_adjacency_component_disjoint_val.txt
mode: rgbte
channels: (0, 1, 2, 3, 4)
total images: 2213
images with label txt: 1971
images without label txt: 242
empty label txt files: 0
total boxes: 5867
class distribution:
  class 0: 5867
train samples: 7439
val samples: 2213
params: 6593242
gflops: skipped (no project-compatible detector GFLOPs helper wired yet)
total train iterations per epoch: 1860
epoch 1/50 iter 1/1860 loss=2.7844 mean_loss=2.7844 classification=1.0722, bbox_regression=0.9986, bbox_ctrness=0.7136
epoch 1/50 iter 20/1860 loss=2.1899 mean_loss=2.6581 classification=0.9766, bbox_regression=0.5840, bbox_ctrness=0.6293
epoch 1/50 iter 40/1860 loss=1.9790 mean_loss=2.4022 classification=0.7738, bbox_regression=0.5513, bbox_ctrness=0.6539
epoch 1/50 iter 60/1860 loss=2.0970 mean_loss=2.2580 classification=0.8075, bbox_regression=0.6208, bbox_ctrness=0.6687
epoch 1/50 iter 80/1860 loss=1.9316 mean_loss=2.1613 classification=0.7664, bbox_regression=0.5387, bbox_ctrness=0.6265
epoch 1/50 iter 100/1860 loss=1.8160 mean_loss=2.0783 classification=0.6211, bbox_regression=0.5100, bbox_ctrness=0.6849
epoch 1/50 iter 120/1860 loss=1.4627 mean_loss=2.0042 classification=0.3866, bbox_regression=0.4087, bbox_ctrness=0.6673
epoch 1/50 iter 140/1860 loss=1.7245 mean_loss=1.9457 classification=0.5152, bbox_regression=0.5238, bbox_ctrness=0.6855
epoch 1/50 iter 160/1860 loss=1.3510 mean_loss=1.8937 classification=0.3362, bbox_regression=0.3825, bbox_ctrness=0.6323
epoch 1/50 iter 180/1860 loss=1.5464 mean_loss=1.8517 classification=0.4397, bbox_regression=0.4512, bbox_ctrness=0.6556
epoch 1/50 iter 200/1860 loss=1.5712 mean_loss=1.8116 classification=0.5061, bbox_regression=0.4295, bbox_ctrness=0.6356
epoch 1/50 iter 220/1860 loss=1.3736 mean_loss=1.7757 classification=0.3522, bbox_regression=0.3798, bbox_ctrness=0.6416
epoch 1/50 iter 240/1860 loss=1.2457 mean_loss=1.7449 classification=0.2678, bbox_regression=0.3406, bbox_ctrness=0.6373
epoch 1/50 iter 260/1860 loss=1.4227 mean_loss=1.7196 classification=0.4136, bbox_regression=0.3722, bbox_ctrness=0.6369
epoch 1/50 iter 280/1860 loss=1.3275 mean_loss=1.6957 classification=0.3203, bbox_regression=0.3483, bbox_ctrness=0.6589
epoch 1/50 iter 300/1860 loss=1.3070 mean_loss=1.6724 classification=0.3165, bbox_regression=0.3522, bbox_ctrness=0.6383
epoch 1/50 iter 320/1860 loss=1.3106 mean_loss=1.6503 classification=0.3769, bbox_regression=0.3193, bbox_ctrness=0.6144
epoch 1/50 iter 340/1860 loss=1.3027 mean_loss=1.6335 classification=0.3990, bbox_regression=0.2978, bbox_ctrness=0.6058
epoch 1/50 iter 360/1860 loss=1.3028 mean_loss=1.6157 classification=0.2451, bbox_regression=0.4044, bbox_ctrness=0.6534
epoch 1/50 iter 380/1860 loss=1.3334 mean_loss=1.5985 classification=0.3140, bbox_regression=0.3692, bbox_ctrness=0.6502
epoch 1/50 iter 400/1860 loss=1.4142 mean_loss=1.5823 classification=0.4125, bbox_regression=0.3582, bbox_ctrness=0.6435
epoch 1/50 iter 420/1860 loss=1.2668 mean_loss=1.5690 classification=0.3196, bbox_regression=0.3188, bbox_ctrness=0.6284
epoch 1/50 iter 440/1860 loss=1.1431 mean_loss=1.5547 classification=0.2643, bbox_regression=0.2659, bbox_ctrness=0.6129
epoch 1/50 iter 460/1860 loss=1.4977 mean_loss=1.5434 classification=0.4801, bbox_regression=0.3909, bbox_ctrness=0.6267
epoch 1/50 iter 480/1860 loss=1.2305 mean_loss=1.5310 classification=0.2966, bbox_regression=0.2890, bbox_ctrness=0.6449
epoch 1/50 iter 500/1860 loss=1.2032 mean_loss=1.5193 classification=0.2519, bbox_regression=0.3113, bbox_ctrness=0.6400
epoch 1/50 iter 520/1860 loss=1.1478 mean_loss=1.5078 classification=0.2816, bbox_regression=0.2450, bbox_ctrness=0.6213
epoch 1/50 iter 540/1860 loss=1.1225 mean_loss=1.4986 classification=0.2378, bbox_regression=0.2607, bbox_ctrness=0.6240
epoch 1/50 iter 560/1860 loss=1.2615 mean_loss=1.4913 classification=0.3106, bbox_regression=0.3373, bbox_ctrness=0.6136
epoch 1/50 iter 580/1860 loss=1.1020 mean_loss=1.4822 classification=0.2319, bbox_regression=0.2528, bbox_ctrness=0.6172
epoch 1/50 iter 600/1860 loss=1.1343 mean_loss=1.4737 classification=0.2573, bbox_regression=0.2598, bbox_ctrness=0.6172
epoch 1/50 iter 620/1860 loss=1.0728 mean_loss=1.4640 classification=0.2484, bbox_regression=0.2008, bbox_ctrness=0.6236
epoch 1/50 iter 640/1860 loss=1.0828 mean_loss=1.4553 classification=0.2251, bbox_regression=0.2470, bbox_ctrness=0.6107
epoch 1/50 iter 660/1860 loss=1.1302 mean_loss=1.4475 classification=0.2454, bbox_regression=0.2781, bbox_ctrness=0.6067
epoch 1/50 iter 680/1860 loss=1.2235 mean_loss=1.4399 classification=0.3334, bbox_regression=0.2692, bbox_ctrness=0.6209
epoch 1/50 iter 700/1860 loss=1.1365 mean_loss=1.4324 classification=0.2435, bbox_regression=0.2603, bbox_ctrness=0.6326
epoch 1/50 iter 720/1860 loss=1.1944 mean_loss=1.4259 classification=0.2936, bbox_regression=0.2772, bbox_ctrness=0.6236
epoch 1/50 iter 740/1860 loss=1.2722 mean_loss=1.4192 classification=0.3269, bbox_regression=0.3082, bbox_ctrness=0.6371
epoch 1/50 iter 760/1860 loss=1.1425 mean_loss=1.4121 classification=0.2237, bbox_regression=0.2855, bbox_ctrness=0.6333
epoch 1/50 iter 780/1860 loss=1.2359 mean_loss=1.4057 classification=0.3475, bbox_regression=0.2706, bbox_ctrness=0.6178
epoch 1/50 iter 800/1860 loss=1.1368 mean_loss=1.3990 classification=0.2821, bbox_regression=0.2461, bbox_ctrness=0.6087
epoch 1/50 iter 820/1860 loss=1.0660 mean_loss=1.3931 classification=0.2058, bbox_regression=0.2292, bbox_ctrness=0.6310
epoch 1/50 iter 840/1860 loss=1.0430 mean_loss=1.3880 classification=0.2297, bbox_regression=0.2047, bbox_ctrness=0.6086
epoch 1/50 iter 860/1860 loss=1.1581 mean_loss=1.3830 classification=0.2522, bbox_regression=0.2774, bbox_ctrness=0.6285
epoch 1/50 iter 880/1860 loss=1.2277 mean_loss=1.3782 classification=0.3055, bbox_regression=0.2832, bbox_ctrness=0.6389
epoch 1/50 iter 900/1860 loss=1.1563 mean_loss=1.3737 classification=0.2246, bbox_regression=0.3090, bbox_ctrness=0.6227
epoch 1/50 iter 920/1860 loss=1.0538 mean_loss=1.3686 classification=0.1965, bbox_regression=0.2342, bbox_ctrness=0.6230
epoch 1/50 iter 940/1860 loss=1.2706 mean_loss=1.3635 classification=0.3444, bbox_regression=0.3011, bbox_ctrness=0.6251
epoch 1/50 iter 960/1860 loss=1.1139 mean_loss=1.3584 classification=0.2599, bbox_regression=0.2248, bbox_ctrness=0.6292
epoch 1/50 iter 980/1860 loss=1.0622 mean_loss=1.3542 classification=0.2265, bbox_regression=0.2027, bbox_ctrness=0.6329
epoch 1/50 iter 1000/1860 loss=1.1506 mean_loss=1.3498 classification=0.2444, bbox_regression=0.2824, bbox_ctrness=0.6238
epoch 1/50 iter 1020/1860 loss=1.1457 mean_loss=1.3457 classification=0.2584, bbox_regression=0.2611, bbox_ctrness=0.6262
epoch 1/50 iter 1040/1860 loss=1.2352 mean_loss=1.3411 classification=0.3263, bbox_regression=0.2796, bbox_ctrness=0.6293
epoch 1/50 iter 1060/1860 loss=1.1169 mean_loss=1.3366 classification=0.2626, bbox_regression=0.2491, bbox_ctrness=0.6052
epoch 1/50 iter 1080/1860 loss=1.1046 mean_loss=1.3328 classification=0.2278, bbox_regression=0.2576, bbox_ctrness=0.6192
epoch 1/50 iter 1100/1860 loss=1.0201 mean_loss=1.3290 classification=0.1918, bbox_regression=0.2068, bbox_ctrness=0.6215
epoch 1/50 iter 1120/1860 loss=1.1676 mean_loss=1.3258 classification=0.2572, bbox_regression=0.2819, bbox_ctrness=0.6284
epoch 1/50 iter 1140/1860 loss=1.0363 mean_loss=1.3215 classification=0.2044, bbox_regression=0.2266, bbox_ctrness=0.6053
epoch 1/50 iter 1160/1860 loss=1.0234 mean_loss=1.3176 classification=0.2005, bbox_regression=0.2211, bbox_ctrness=0.6018
epoch 1/50 iter 1180/1860 loss=1.1892 mean_loss=1.3141 classification=0.2759, bbox_regression=0.2848, bbox_ctrness=0.6285
epoch 1/50 iter 1200/1860 loss=0.9526 mean_loss=1.3098 classification=0.1437, bbox_regression=0.1933, bbox_ctrness=0.6157
epoch 1/50 iter 1220/1860 loss=1.0241 mean_loss=1.3061 classification=0.2239, bbox_regression=0.1994, bbox_ctrness=0.6008
epoch 1/50 iter 1240/1860 loss=1.1921 mean_loss=1.3031 classification=0.3144, bbox_regression=0.2499, bbox_ctrness=0.6278
epoch 1/50 iter 1260/1860 loss=1.1747 mean_loss=1.2994 classification=0.2279, bbox_regression=0.3147, bbox_ctrness=0.6321
epoch 1/50 iter 1280/1860 loss=0.9673 mean_loss=1.2954 classification=0.1630, bbox_regression=0.1932, bbox_ctrness=0.6111
epoch 1/50 iter 1300/1860 loss=1.0050 mean_loss=1.2922 classification=0.2086, bbox_regression=0.1966, bbox_ctrness=0.5998
epoch 1/50 iter 1320/1860 loss=0.9771 mean_loss=1.2887 classification=0.1626, bbox_regression=0.1960, bbox_ctrness=0.6185
epoch 1/50 iter 1340/1860 loss=0.9426 mean_loss=1.2856 classification=0.1698, bbox_regression=0.1514, bbox_ctrness=0.6215
epoch 1/50 iter 1360/1860 loss=1.2183 mean_loss=1.2827 classification=0.3018, bbox_regression=0.2794, bbox_ctrness=0.6371
epoch 1/50 iter 1380/1860 loss=1.0762 mean_loss=1.2795 classification=0.2284, bbox_regression=0.2260, bbox_ctrness=0.6218
epoch 1/50 iter 1400/1860 loss=0.9949 mean_loss=1.2760 classification=0.1982, bbox_regression=0.1940, bbox_ctrness=0.6027
epoch 1/50 iter 1420/1860 loss=1.3136 mean_loss=1.2731 classification=0.3991, bbox_regression=0.2983, bbox_ctrness=0.6162
epoch 1/50 iter 1440/1860 loss=0.9149 mean_loss=1.2707 classification=0.1580, bbox_regression=0.1366, bbox_ctrness=0.6202
epoch 1/50 iter 1460/1860 loss=0.9776 mean_loss=1.2674 classification=0.2197, bbox_regression=0.1590, bbox_ctrness=0.5989
epoch 1/50 iter 1480/1860 loss=1.1115 mean_loss=1.2641 classification=0.2441, bbox_regression=0.2592, bbox_ctrness=0.6083
epoch 1/50 iter 1500/1860 loss=0.9909 mean_loss=1.2615 classification=0.1861, bbox_regression=0.1956, bbox_ctrness=0.6092
epoch 1/50 iter 1520/1860 loss=1.0696 mean_loss=1.2586 classification=0.2345, bbox_regression=0.2233, bbox_ctrness=0.6118
epoch 1/50 iter 1540/1860 loss=1.0311 mean_loss=1.2556 classification=0.2047, bbox_regression=0.2152, bbox_ctrness=0.6112
epoch 1/50 iter 1560/1860 loss=0.9759 mean_loss=1.2530 classification=0.1411, bbox_regression=0.2094, bbox_ctrness=0.6254
epoch 1/50 iter 1580/1860 loss=1.0460 mean_loss=1.2504 classification=0.1954, bbox_regression=0.2202, bbox_ctrness=0.6305
epoch 1/50 iter 1600/1860 loss=0.9390 mean_loss=1.2475 classification=0.1508, bbox_regression=0.1770, bbox_ctrness=0.6112
epoch 1/50 iter 1620/1860 loss=0.9097 mean_loss=1.2449 classification=0.1503, bbox_regression=0.1497, bbox_ctrness=0.6097
epoch 1/50 iter 1640/1860 loss=0.9722 mean_loss=1.2422 classification=0.1695, bbox_regression=0.1896, bbox_ctrness=0.6131
epoch 1/50 iter 1660/1860 loss=0.9767 mean_loss=1.2402 classification=0.1720, bbox_regression=0.1854, bbox_ctrness=0.6193
epoch 1/50 iter 1680/1860 loss=0.9810 mean_loss=1.2375 classification=0.2123, bbox_regression=0.1590, bbox_ctrness=0.6096
epoch 1/50 iter 1700/1860 loss=1.0161 mean_loss=1.2348 classification=0.1912, bbox_regression=0.2105, bbox_ctrness=0.6145
epoch 1/50 iter 1720/1860 loss=1.1494 mean_loss=1.2324 classification=0.2888, bbox_regression=0.2218, bbox_ctrness=0.6388
epoch 1/50 iter 1740/1860 loss=1.0326 mean_loss=1.2300 classification=0.2294, bbox_regression=0.1798, bbox_ctrness=0.6234
epoch 1/50 iter 1760/1860 loss=0.9320 mean_loss=1.2277 classification=0.1620, bbox_regression=0.1690, bbox_ctrness=0.6010
epoch 1/50 iter 1780/1860 loss=1.0445 mean_loss=1.2252 classification=0.1894, bbox_regression=0.2323, bbox_ctrness=0.6228
epoch 1/50 iter 1800/1860 loss=1.0283 mean_loss=1.2231 classification=0.2118, bbox_regression=0.2030, bbox_ctrness=0.6135
epoch 1/50 iter 1820/1860 loss=0.9676 mean_loss=1.2209 classification=0.1722, bbox_regression=0.1710, bbox_ctrness=0.6243
epoch 1/50 iter 1840/1860 loss=1.0627 mean_loss=1.2184 classification=0.2399, bbox_regression=0.2150, bbox_ctrness=0.6079
epoch 1/50 iter 1860/1860 loss=0.9619 mean_loss=1.2164 classification=0.1713, bbox_regression=0.1724, bbox_ctrness=0.6182
epoch 1 validation Precision=0.0503 Recall=0.9838 AP50=0.8857 AP75=0.6048 eval_fps=11.04 epoch_time_sec=1014.2
saved checkpoint: E:\RepViT-main\runs\v48_complete_ablation\training\ra_stems_project_seed2\weights\last.pt
new best AP50=0.8857; saved checkpoint: E:\RepViT-main\runs\v48_complete_ablation\training\ra_stems_project_seed2\weights\best.pt
epoch 2/50 iter 1/1860 loss=0.9258 mean_loss=0.9258 classification=0.1376, bbox_regression=0.1666, bbox_ctrness=0.6215
epoch 2/50 iter 20/1860 loss=0.9925 mean_loss=0.9854 classification=0.1869, bbox_regression=0.1865, bbox_ctrness=0.6191
epoch 2/50 iter 40/1860 loss=1.0028 mean_loss=0.9837 classification=0.1908, bbox_regression=0.1993, bbox_ctrness=0.6127
epoch 2/50 iter 60/1860 loss=0.9776 mean_loss=0.9949 classification=0.1655, bbox_regression=0.1994, bbox_ctrness=0.6126
epoch 2/50 iter 80/1860 loss=0.8456 mean_loss=0.9817 classification=0.1061, bbox_regression=0.1331, bbox_ctrness=0.6064
epoch 2/50 iter 100/1860 loss=1.0133 mean_loss=0.9817 classification=0.1881, bbox_regression=0.1980, bbox_ctrness=0.6273
epoch 2/50 iter 120/1860 loss=1.0188 mean_loss=0.9826 classification=0.1869, bbox_regression=0.2123, bbox_ctrness=0.6196
epoch 2/50 iter 140/1860 loss=1.0089 mean_loss=0.9866 classification=0.1893, bbox_regression=0.2057, bbox_ctrness=0.6138
epoch 2/50 iter 160/1860 loss=1.1579 mean_loss=0.9863 classification=0.2874, bbox_regression=0.2428, bbox_ctrness=0.6277
epoch 2/50 iter 180/1860 loss=1.0265 mean_loss=0.9862 classification=0.1685, bbox_regression=0.2373, bbox_ctrness=0.6207
epoch 2/50 iter 200/1860 loss=1.0206 mean_loss=0.9866 classification=0.2018, bbox_regression=0.2050, bbox_ctrness=0.6138
epoch 2/50 iter 220/1860 loss=1.0161 mean_loss=0.9828 classification=0.2074, bbox_regression=0.1891, bbox_ctrness=0.6197
epoch 2/50 iter 240/1860 loss=0.9488 mean_loss=0.9843 classification=0.1771, bbox_regression=0.1636, bbox_ctrness=0.6080
epoch 2/50 iter 260/1860 loss=0.8591 mean_loss=0.9838 classification=0.0802, bbox_regression=0.1560, bbox_ctrness=0.6228
epoch 2/50 iter 280/1860 loss=0.9720 mean_loss=0.9837 classification=0.1693, bbox_regression=0.1746, bbox_ctrness=0.6280
epoch 2/50 iter 300/1860 loss=0.9573 mean_loss=0.9837 classification=0.1785, bbox_regression=0.1591, bbox_ctrness=0.6197
epoch 2/50 iter 320/1860 loss=0.8969 mean_loss=0.9824 classification=0.1365, bbox_regression=0.1558, bbox_ctrness=0.6047
epoch 2/50 iter 340/1860 loss=1.1092 mean_loss=0.9835 classification=0.2458, bbox_regression=0.2365, bbox_ctrness=0.6269
epoch 2/50 iter 360/1860 loss=0.8611 mean_loss=0.9836 classification=0.0997, bbox_regression=0.1380, bbox_ctrness=0.6235
epoch 2/50 iter 380/1860 loss=0.8967 mean_loss=0.9820 classification=0.1192, bbox_regression=0.1652, bbox_ctrness=0.6123
epoch 2/50 iter 400/1860 loss=0.9635 mean_loss=0.9813 classification=0.1516, bbox_regression=0.1925, bbox_ctrness=0.6194
epoch 2/50 iter 420/1860 loss=0.8652 mean_loss=0.9796 classification=0.1294, bbox_regression=0.1476, bbox_ctrness=0.5883
epoch 2/50 iter 440/1860 loss=0.8990 mean_loss=0.9777 classification=0.1521, bbox_regression=0.1452, bbox_ctrness=0.6017
epoch 2/50 iter 460/1860 loss=0.8796 mean_loss=0.9777 classification=0.1373, bbox_regression=0.1508, bbox_ctrness=0.5916
epoch 2/50 iter 480/1860 loss=1.0046 mean_loss=0.9769 classification=0.1928, bbox_regression=0.1900, bbox_ctrness=0.6219
epoch 2/50 iter 500/1860 loss=0.9145 mean_loss=0.9753 classification=0.1464, bbox_regression=0.1568, bbox_ctrness=0.6113
epoch 2/50 iter 520/1860 loss=0.9190 mean_loss=0.9731 classification=0.1598, bbox_regression=0.1637, bbox_ctrness=0.5954
epoch 2/50 iter 540/1860 loss=1.1073 mean_loss=0.9721 classification=0.2791, bbox_regression=0.2286, bbox_ctrness=0.5996
epoch 2/50 iter 560/1860 loss=0.8940 mean_loss=0.9715 classification=0.1113, bbox_regression=0.1572, bbox_ctrness=0.6255
epoch 2/50 iter 580/1860 loss=0.8835 mean_loss=0.9711 classification=0.1172, bbox_regression=0.1567, bbox_ctrness=0.6096
epoch 2/50 iter 600/1860 loss=0.9639 mean_loss=0.9700 classification=0.1757, bbox_regression=0.1830, bbox_ctrness=0.6052
epoch 2/50 iter 620/1860 loss=0.9990 mean_loss=0.9697 classification=0.1980, bbox_regression=0.1839, bbox_ctrness=0.6171
epoch 2/50 iter 640/1860 loss=1.0097 mean_loss=0.9685 classification=0.1939, bbox_regression=0.1959, bbox_ctrness=0.6199
epoch 2/50 iter 660/1860 loss=1.0541 mean_loss=0.9680 classification=0.2190, bbox_regression=0.2024, bbox_ctrness=0.6327
epoch 2/50 iter 680/1860 loss=0.8861 mean_loss=0.9669 classification=0.1433, bbox_regression=0.1392, bbox_ctrness=0.6036
epoch 2/50 iter 700/1860 loss=0.9888 mean_loss=0.9664 classification=0.1934, bbox_regression=0.1788, bbox_ctrness=0.6166
epoch 2/50 iter 720/1860 loss=0.9368 mean_loss=0.9659 classification=0.1504, bbox_regression=0.1742, bbox_ctrness=0.6121
epoch 2/50 iter 740/1860 loss=0.8745 mean_loss=0.9660 classification=0.1098, bbox_regression=0.1601, bbox_ctrness=0.6045
epoch 2/50 iter 760/1860 loss=0.9279 mean_loss=0.9649 classification=0.1305, bbox_regression=0.1874, bbox_ctrness=0.6100
epoch 2/50 iter 780/1860 loss=0.9433 mean_loss=0.9646 classification=0.1642, bbox_regression=0.1613, bbox_ctrness=0.6179
epoch 2/50 iter 800/1860 loss=1.0426 mean_loss=0.9642 classification=0.2240, bbox_regression=0.1995, bbox_ctrness=0.6191
epoch 2/50 iter 820/1860 loss=0.8620 mean_loss=0.9633 classification=0.1102, bbox_regression=0.1312, bbox_ctrness=0.6206
epoch 2/50 iter 840/1860 loss=1.1993 mean_loss=0.9634 classification=0.3112, bbox_regression=0.2693, bbox_ctrness=0.6188
epoch 2/50 iter 860/1860 loss=0.9947 mean_loss=0.9627 classification=0.2245, bbox_regression=0.1675, bbox_ctrness=0.6027
epoch 2/50 iter 880/1860 loss=0.9292 mean_loss=0.9625 classification=0.1598, bbox_regression=0.1499, bbox_ctrness=0.6196
epoch 2/50 iter 900/1860 loss=1.0251 mean_loss=0.9628 classification=0.1925, bbox_regression=0.2257, bbox_ctrness=0.6070
epoch 2/50 iter 920/1860 loss=0.9440 mean_loss=0.9618 classification=0.1506, bbox_regression=0.1708, bbox_ctrness=0.6226
epoch 2/50 iter 940/1860 loss=1.0144 mean_loss=0.9620 classification=0.1867, bbox_regression=0.2090, bbox_ctrness=0.6187
epoch 2/50 iter 960/1860 loss=0.9830 mean_loss=0.9613 classification=0.1777, bbox_regression=0.1788, bbox_ctrness=0.6265
epoch 2/50 iter 980/1860 loss=0.8466 mean_loss=0.9608 classification=0.0876, bbox_regression=0.1345, bbox_ctrness=0.6246
epoch 2/50 iter 1000/1860 loss=1.0673 mean_loss=0.9607 classification=0.2196, bbox_regression=0.2182, bbox_ctrness=0.6295
epoch 2/50 iter 1020/1860 loss=0.9962 mean_loss=0.9610 classification=0.1980, bbox_regression=0.1955, bbox_ctrness=0.6026
epoch 2/50 iter 1040/1860 loss=0.9896 mean_loss=0.9610 classification=0.2458, bbox_regression=0.1296, bbox_ctrness=0.6141
epoch 2/50 iter 1060/1860 loss=0.8607 mean_loss=0.9604 classification=0.1167, bbox_regression=0.1334, bbox_ctrness=0.6106
epoch 2/50 iter 1080/1860 loss=0.8600 mean_loss=0.9594 classification=0.1306, bbox_regression=0.1260, bbox_ctrness=0.6034
epoch 2/50 iter 1100/1860 loss=0.9595 mean_loss=0.9587 classification=0.1679, bbox_regression=0.1804, bbox_ctrness=0.6113
epoch 2/50 iter 1120/1860 loss=0.9039 mean_loss=0.9579 classification=0.1090, bbox_regression=0.1740, bbox_ctrness=0.6210
epoch 2/50 iter 1140/1860 loss=0.9861 mean_loss=0.9576 classification=0.1473, bbox_regression=0.1966, bbox_ctrness=0.6422
epoch 2/50 iter 1160/1860 loss=0.8865 mean_loss=0.9574 classification=0.1216, bbox_regression=0.1520, bbox_ctrness=0.6129
epoch 2/50 iter 1180/1860 loss=1.0813 mean_loss=0.9579 classification=0.2137, bbox_regression=0.2428, bbox_ctrness=0.6248
epoch 2/50 iter 1200/1860 loss=0.9826 mean_loss=0.9584 classification=0.1925, bbox_regression=0.1810, bbox_ctrness=0.6092
epoch 2/50 iter 1220/1860 loss=0.8766 mean_loss=0.9580 classification=0.1063, bbox_regression=0.1533, bbox_ctrness=0.6171
epoch 2/50 iter 1240/1860 loss=0.8492 mean_loss=0.9576 classification=0.0774, bbox_regression=0.1544, bbox_ctrness=0.6175
epoch 2/50 iter 1260/1860 loss=0.8444 mean_loss=0.9569 classification=0.1273, bbox_regression=0.1265, bbox_ctrness=0.5907
epoch 2/50 iter 1280/1860 loss=0.9803 mean_loss=0.9568 classification=0.1861, bbox_regression=0.1663, bbox_ctrness=0.6279
epoch 2/50 iter 1300/1860 loss=0.9397 mean_loss=0.9562 classification=0.1590, bbox_regression=0.1674, bbox_ctrness=0.6133
epoch 2/50 iter 1320/1860 loss=0.9243 mean_loss=0.9553 classification=0.1402, bbox_regression=0.1639, bbox_ctrness=0.6202
epoch 2/50 iter 1340/1860 loss=0.9875 mean_loss=0.9546 classification=0.2127, bbox_regression=0.1788, bbox_ctrness=0.5959
epoch 2/50 iter 1360/1860 loss=1.0800 mean_loss=0.9539 classification=0.2509, bbox_regression=0.1977, bbox_ctrness=0.6314
epoch 2/50 iter 1380/1860 loss=0.8917 mean_loss=0.9537 classification=0.1347, bbox_regression=0.1474, bbox_ctrness=0.6096
epoch 2/50 iter 1400/1860 loss=0.8414 mean_loss=0.9530 classification=0.0771, bbox_regression=0.1314, bbox_ctrness=0.6329
epoch 2/50 iter 1420/1860 loss=0.8133 mean_loss=0.9527 classification=0.0926, bbox_regression=0.1146, bbox_ctrness=0.6062
epoch 2/50 iter 1440/1860 loss=0.8685 mean_loss=0.9525 classification=0.1443, bbox_regression=0.1238, bbox_ctrness=0.6003
epoch 2/50 iter 1460/1860 loss=0.9298 mean_loss=0.9519 classification=0.1707, bbox_regression=0.1674, bbox_ctrness=0.5916
epoch 2/50 iter 1480/1860 loss=0.8375 mean_loss=0.9510 classification=0.1135, bbox_regression=0.1216, bbox_ctrness=0.6024
epoch 2/50 iter 1500/1860 loss=0.8013 mean_loss=0.9505 classification=0.0944, bbox_regression=0.1113, bbox_ctrness=0.5955
epoch 2/50 iter 1520/1860 loss=0.8666 mean_loss=0.9502 classification=0.1143, bbox_regression=0.1379, bbox_ctrness=0.6144
epoch 2/50 iter 1540/1860 loss=0.8585 mean_loss=0.9501 classification=0.1280, bbox_regression=0.1206, bbox_ctrness=0.6099
epoch 2/50 iter 1560/1860 loss=0.8984 mean_loss=0.9495 classification=0.1438, bbox_regression=0.1547, bbox_ctrness=0.5999
epoch 2/50 iter 1580/1860 loss=0.9272 mean_loss=0.9491 classification=0.1679, bbox_regression=0.1531, bbox_ctrness=0.6062
epoch 2/50 iter 1600/1860 loss=0.7886 mean_loss=0.9487 classification=0.0974, bbox_regression=0.0985, bbox_ctrness=0.5928
epoch 2/50 iter 1620/1860 loss=0.9821 mean_loss=0.9483 classification=0.1992, bbox_regression=0.1713, bbox_ctrness=0.6116
epoch 2/50 iter 1640/1860 loss=0.8250 mean_loss=0.9480 classification=0.0937, bbox_regression=0.1250, bbox_ctrness=0.6064
epoch 2/50 iter 1660/1860 loss=0.9012 mean_loss=0.9478 classification=0.1161, bbox_regression=0.1758, bbox_ctrness=0.6093
epoch 2/50 iter 1680/1860 loss=0.9394 mean_loss=0.9472 classification=0.1767, bbox_regression=0.1472, bbox_ctrness=0.6155
epoch 2/50 iter 1700/1860 loss=0.9245 mean_loss=0.9472 classification=0.1361, bbox_regression=0.1895, bbox_ctrness=0.5988
epoch 2/50 iter 1720/1860 loss=0.9078 mean_loss=0.9472 classification=0.1194, bbox_regression=0.1655, bbox_ctrness=0.6229
epoch 2/50 iter 1740/1860 loss=0.8719 mean_loss=0.9469 classification=0.1133, bbox_regression=0.1470, bbox_ctrness=0.6116
epoch 2/50 iter 1760/1860 loss=0.9033 mean_loss=0.9464 classification=0.1146, bbox_regression=0.1839, bbox_ctrness=0.6048
epoch 2/50 iter 1780/1860 loss=1.0096 mean_loss=0.9458 classification=0.1867, bbox_regression=0.2130, bbox_ctrness=0.6099
epoch 2/50 iter 1800/1860 loss=1.2620 mean_loss=0.9455 classification=0.3454, bbox_regression=0.2772, bbox_ctrness=0.6395
epoch 2/50 iter 1820/1860 loss=0.8839 mean_loss=0.9450 classification=0.1298, bbox_regression=0.1397, bbox_ctrness=0.6143
epoch 2/50 iter 1840/1860 loss=0.9193 mean_loss=0.9444 classification=0.1539, bbox_regression=0.1575, bbox_ctrness=0.6080
epoch 2/50 iter 1860/1860 loss=0.9139 mean_loss=0.9441 classification=0.1807, bbox_regression=0.1416, bbox_ctrness=0.5916
epoch 2 validation Precision=0.1502 Recall=0.9806 AP50=0.9242 AP75=0.7362 eval_fps=16.66 epoch_time_sec=933.2
saved checkpoint: E:\RepViT-main\runs\v48_complete_ablation\training\ra_stems_project_seed2\weights\last.pt
new best AP50=0.9242; saved checkpoint: E:\RepViT-main\runs\v48_complete_ablation\training\ra_stems_project_seed2\weights\best.pt
epoch 3/50 iter 1/1860 loss=0.8438 mean_loss=0.8438 classification=0.1073, bbox_regression=0.1432, bbox_ctrness=0.5933
epoch 3/50 iter 20/1860 loss=0.9380 mean_loss=0.8905 classification=0.1706, bbox_regression=0.1744, bbox_ctrness=0.5930
epoch 3/50 iter 40/1860 loss=0.7781 mean_loss=0.8859 classification=0.0579, bbox_regression=0.1108, bbox_ctrness=0.6094
epoch 3/50 iter 60/1860 loss=0.9531 mean_loss=0.8830 classification=0.1661, bbox_regression=0.1766, bbox_ctrness=0.6105
epoch 3/50 iter 80/1860 loss=1.0501 mean_loss=0.8886 classification=0.2315, bbox_regression=0.2021, bbox_ctrness=0.6165
epoch 3/50 iter 100/1860 loss=0.9851 mean_loss=0.8875 classification=0.1599, bbox_regression=0.2153, bbox_ctrness=0.6099
epoch 3/50 iter 120/1860 loss=0.8851 mean_loss=0.8861 classification=0.1293, bbox_regression=0.1517, bbox_ctrness=0.6041
epoch 3/50 iter 140/1860 loss=0.8010 mean_loss=0.8881 classification=0.0690, bbox_regression=0.1216, bbox_ctrness=0.6104
epoch 3/50 iter 160/1860 loss=0.8378 mean_loss=0.8868 classification=0.1140, bbox_regression=0.1106, bbox_ctrness=0.6132
epoch 3/50 iter 180/1860 loss=0.8428 mean_loss=0.8854 classification=0.0822, bbox_regression=0.1414, bbox_ctrness=0.6192
epoch 3/50 iter 200/1860 loss=0.8165 mean_loss=0.8844 classification=0.0901, bbox_regression=0.1116, bbox_ctrness=0.6149
epoch 3/50 iter 220/1860 loss=0.8362 mean_loss=0.8823 classification=0.0927, bbox_regression=0.1357, bbox_ctrness=0.6077
epoch 3/50 iter 240/1860 loss=0.8778 mean_loss=0.8833 classification=0.1204, bbox_regression=0.1235, bbox_ctrness=0.6339
epoch 3/50 iter 260/1860 loss=0.8676 mean_loss=0.8841 classification=0.1192, bbox_regression=0.1382, bbox_ctrness=0.6102
epoch 3/50 iter 280/1860 loss=0.9265 mean_loss=0.8826 classification=0.1464, bbox_regression=0.1602, bbox_ctrness=0.6199
epoch 3/50 iter 300/1860 loss=0.9209 mean_loss=0.8835 classification=0.1357, bbox_regression=0.1813, bbox_ctrness=0.6040
epoch 3/50 iter 320/1860 loss=0.8504 mean_loss=0.8825 classification=0.1128, bbox_regression=0.1329, bbox_ctrness=0.6046
epoch 3/50 iter 340/1860 loss=0.9176 mean_loss=0.8823 classification=0.1600, bbox_regression=0.1509, bbox_ctrness=0.6066
epoch 3/50 iter 360/1860 loss=0.9458 mean_loss=0.8826 classification=0.1853, bbox_regression=0.1595, bbox_ctrness=0.6010
epoch 3/50 iter 380/1860 loss=0.8224 mean_loss=0.8807 classification=0.0889, bbox_regression=0.1258, bbox_ctrness=0.6078
epoch 3/50 iter 400/1860 loss=0.8559 mean_loss=0.8805 classification=0.1208, bbox_regression=0.1301, bbox_ctrness=0.6050
epoch 3/50 iter 420/1860 loss=0.9577 mean_loss=0.8804 classification=0.1896, bbox_regression=0.1594, bbox_ctrness=0.6087
epoch 3/50 iter 440/1860 loss=0.8228 mean_loss=0.8803 classification=0.0807, bbox_regression=0.1298, bbox_ctrness=0.6123
epoch 3/50 iter 460/1860 loss=0.8839 mean_loss=0.8808 classification=0.1317, bbox_regression=0.1522, bbox_ctrness=0.6000
epoch 3/50 iter 480/1860 loss=0.9165 mean_loss=0.8806 classification=0.1584, bbox_regression=0.1444, bbox_ctrness=0.6136
epoch 3/50 iter 500/1860 loss=0.8755 mean_loss=0.8810 classification=0.1213, bbox_regression=0.1460, bbox_ctrness=0.6081
epoch 3/50 iter 520/1860 loss=0.8556 mean_loss=0.8802 classification=0.1094, bbox_regression=0.1209, bbox_ctrness=0.6253
epoch 3/50 iter 540/1860 loss=0.9782 mean_loss=0.8828 classification=0.1697, bbox_regression=0.1659, bbox_ctrness=0.6426
epoch 3/50 iter 560/1860 loss=0.8738 mean_loss=0.8828 classification=0.1250, bbox_regression=0.1365, bbox_ctrness=0.6124
epoch 3/50 iter 580/1860 loss=0.8501 mean_loss=0.8827 classification=0.0997, bbox_regression=0.1422, bbox_ctrness=0.6082
epoch 3/50 iter 600/1860 loss=0.8525 mean_loss=0.8825 classification=0.0923, bbox_regression=0.1423, bbox_ctrness=0.6179
epoch 3/50 iter 620/1860 loss=0.8335 mean_loss=0.8817 classification=0.1287, bbox_regression=0.1141, bbox_ctrness=0.5907
epoch 3/50 iter 640/1860 loss=0.8372 mean_loss=0.8816 classification=0.1003, bbox_regression=0.1315, bbox_ctrness=0.6054
epoch 3/50 iter 660/1860 loss=0.8777 mean_loss=0.8817 classification=0.1281, bbox_regression=0.1420, bbox_ctrness=0.6076
epoch 3/50 iter 680/1860 loss=0.8841 mean_loss=0.8817 classification=0.1519, bbox_regression=0.1224, bbox_ctrness=0.6098
epoch 3/50 iter 700/1860 loss=0.7906 mean_loss=0.8807 classification=0.0951, bbox_regression=0.1051, bbox_ctrness=0.5904
epoch 3/50 iter 720/1860 loss=0.8955 mean_loss=0.8800 classification=0.1419, bbox_regression=0.1479, bbox_ctrness=0.6056
epoch 3/50 iter 740/1860 loss=0.8066 mean_loss=0.8798 classification=0.1218, bbox_regression=0.0905, bbox_ctrness=0.5943
epoch 3/50 iter 760/1860 loss=0.8837 mean_loss=0.8791 classification=0.1318, bbox_regression=0.1360, bbox_ctrness=0.6159
epoch 3/50 iter 780/1860 loss=0.8137 mean_loss=0.8790 classification=0.0940, bbox_regression=0.1164, bbox_ctrness=0.6033
epoch 3/50 iter 800/1860 loss=1.1154 mean_loss=0.8789 classification=0.3029, bbox_regression=0.2002, bbox_ctrness=0.6123
epoch 3/50 iter 820/1860 loss=0.8577 mean_loss=0.8784 classification=0.1330, bbox_regression=0.1097, bbox_ctrness=0.6149
epoch 3/50 iter 840/1860 loss=0.9047 mean_loss=0.8784 classification=0.1552, bbox_regression=0.1528, bbox_ctrness=0.5968
epoch 3/50 iter 860/1860 loss=0.8229 mean_loss=0.8780 classification=0.0846, bbox_regression=0.1322, bbox_ctrness=0.6061
epoch 3/50 iter 880/1860 loss=0.8066 mean_loss=0.8772 classification=0.0795, bbox_regression=0.1121, bbox_ctrness=0.6150
epoch 3/50 iter 900/1860 loss=0.8192 mean_loss=0.8768 classification=0.1006, bbox_regression=0.0896, bbox_ctrness=0.6289
epoch 3/50 iter 920/1860 loss=0.9676 mean_loss=0.8768 classification=0.1943, bbox_regression=0.1549, bbox_ctrness=0.6184
epoch 3/50 iter 940/1860 loss=0.7959 mean_loss=0.8766 classification=0.0806, bbox_regression=0.1157, bbox_ctrness=0.5996
epoch 3/50 iter 960/1860 loss=0.8127 mean_loss=0.8765 classification=0.1002, bbox_regression=0.1157, bbox_ctrness=0.5968
epoch 3/50 iter 980/1860 loss=0.9283 mean_loss=0.8762 classification=0.2450, bbox_regression=0.0941, bbox_ctrness=0.5893
epoch 3/50 iter 1000/1860 loss=0.9130 mean_loss=0.8764 classification=0.1638, bbox_regression=0.1430, bbox_ctrness=0.6062
epoch 3/50 iter 1020/1860 loss=0.8580 mean_loss=0.8764 classification=0.1132, bbox_regression=0.1245, bbox_ctrness=0.6203
epoch 3/50 iter 1040/1860 loss=0.8424 mean_loss=0.8769 classification=0.1185, bbox_regression=0.1282, bbox_ctrness=0.5957
epoch 3/50 iter 1060/1860 loss=0.8328 mean_loss=0.8765 classification=0.1005, bbox_regression=0.1220, bbox_ctrness=0.6104
epoch 3/50 iter 1080/1860 loss=0.8320 mean_loss=0.8766 classification=0.1176, bbox_regression=0.1220, bbox_ctrness=0.5924
epoch 3/50 iter 1100/1860 loss=0.8822 mean_loss=0.8762 classification=0.1317, bbox_regression=0.1404, bbox_ctrness=0.6101
epoch 3/50 iter 1120/1860 loss=0.8772 mean_loss=0.8767 classification=0.1398, bbox_regression=0.1425, bbox_ctrness=0.5949
epoch 3/50 iter 1140/1860 loss=0.9205 mean_loss=0.8768 classification=0.1611, bbox_regression=0.1650, bbox_ctrness=0.5944
epoch 3/50 iter 1160/1860 loss=0.8056 mean_loss=0.8767 classification=0.0946, bbox_regression=0.0896, bbox_ctrness=0.6214
epoch 3/50 iter 1180/1860 loss=0.9241 mean_loss=0.8770 classification=0.1573, bbox_regression=0.1574, bbox_ctrness=0.6093
epoch 3/50 iter 1200/1860 loss=0.8591 mean_loss=0.8765 classification=0.0925, bbox_regression=0.1411, bbox_ctrness=0.6255
epoch 3/50 iter 1220/1860 loss=0.7712 mean_loss=0.8760 classification=0.0757, bbox_regression=0.0940, bbox_ctrness=0.6015
epoch 3/50 iter 1240/1860 loss=0.8938 mean_loss=0.8757 classification=0.1453, bbox_regression=0.1414, bbox_ctrness=0.6071
epoch 3/50 iter 1260/1860 loss=0.9294 mean_loss=0.8757 classification=0.1519, bbox_regression=0.1705, bbox_ctrness=0.6069
epoch 3/50 iter 1280/1860 loss=0.8469 mean_loss=0.8756 classification=0.1018, bbox_regression=0.1293, bbox_ctrness=0.6158
epoch 3/50 iter 1300/1860 loss=0.8435 mean_loss=0.8759 classification=0.0913, bbox_regression=0.1425, bbox_ctrness=0.6097
epoch 3/50 iter 1320/1860 loss=0.8294 mean_loss=0.8756 classification=0.0945, bbox_regression=0.1323, bbox_ctrness=0.6027
epoch 3/50 iter 1340/1860 loss=0.8156 mean_loss=0.8754 classification=0.0964, bbox_regression=0.1032, bbox_ctrness=0.6161
epoch 3/50 iter 1360/1860 loss=0.9379 mean_loss=0.8755 classification=0.1758, bbox_regression=0.1503, bbox_ctrness=0.6118
epoch 3/50 iter 1380/1860 loss=0.9138 mean_loss=0.8754 classification=0.1539, bbox_regression=0.1439, bbox_ctrness=0.6160
epoch 3/50 iter 1400/1860 loss=0.8430 mean_loss=0.8756 classification=0.1205, bbox_regression=0.1321, bbox_ctrness=0.5904
epoch 3/50 iter 1420/1860 loss=0.8262 mean_loss=0.8755 classification=0.1050, bbox_regression=0.1267, bbox_ctrness=0.5945
epoch 3/50 iter 1440/1860 loss=0.8194 mean_loss=0.8750 classification=0.1050, bbox_regression=0.1166, bbox_ctrness=0.5978
epoch 3/50 iter 1460/1860 loss=0.8755 mean_loss=0.8747 classification=0.1456, bbox_regression=0.1387, bbox_ctrness=0.5912
epoch 3/50 iter 1480/1860 loss=0.8069 mean_loss=0.8745 classification=0.0912, bbox_regression=0.1095, bbox_ctrness=0.6061
epoch 3/50 iter 1500/1860 loss=1.6275 mean_loss=0.8750 classification=0.6670, bbox_regression=0.3246, bbox_ctrness=0.6359
epoch 3/50 iter 1520/1860 loss=0.8834 mean_loss=0.8749 classification=0.1390, bbox_regression=0.1342, bbox_ctrness=0.6101
epoch 3/50 iter 1540/1860 loss=0.9525 mean_loss=0.8749 classification=0.1778, bbox_regression=0.1683, bbox_ctrness=0.6064
epoch 3/50 iter 1560/1860 loss=0.9563 mean_loss=0.8750 classification=0.1765, bbox_regression=0.1738, bbox_ctrness=0.6059
epoch 3/50 iter 1580/1860 loss=0.8421 mean_loss=0.8748 classification=0.0978, bbox_regression=0.1333, bbox_ctrness=0.6110
epoch 3/50 iter 1600/1860 loss=0.8744 mean_loss=0.8748 classification=0.1411, bbox_regression=0.1408, bbox_ctrness=0.5925
epoch 3/50 iter 1620/1860 loss=0.8056 mean_loss=0.8745 classification=0.0733, bbox_regression=0.1192, bbox_ctrness=0.6131
epoch 3/50 iter 1640/1860 loss=0.8049 mean_loss=0.8745 classification=0.0908, bbox_regression=0.0990, bbox_ctrness=0.6150
epoch 3/50 iter 1660/1860 loss=0.8363 mean_loss=0.8745 classification=0.0824, bbox_regression=0.1340, bbox_ctrness=0.6200
epoch 3/50 iter 1680/1860 loss=0.8359 mean_loss=0.8743 classification=0.0952, bbox_regression=0.1262, bbox_ctrness=0.6145
epoch 3/50 iter 1700/1860 loss=0.8512 mean_loss=0.8740 classification=0.1198, bbox_regression=0.1275, bbox_ctrness=0.6039
epoch 3/50 iter 1720/1860 loss=0.7190 mean_loss=0.8735 classification=0.0399, bbox_regression=0.0781, bbox_ctrness=0.6010
epoch 3/50 iter 1740/1860 loss=0.7737 mean_loss=0.8728 classification=0.0743, bbox_regression=0.0933, bbox_ctrness=0.6061
epoch 3/50 iter 1760/1860 loss=0.7984 mean_loss=0.8729 classification=0.1077, bbox_regression=0.0939, bbox_ctrness=0.5967
epoch 3/50 iter 1780/1860 loss=0.7531 mean_loss=0.8724 classification=0.0814, bbox_regression=0.0801, bbox_ctrness=0.5915
epoch 3/50 iter 1800/1860 loss=0.9836 mean_loss=0.8722 classification=0.1551, bbox_regression=0.2106, bbox_ctrness=0.6179
epoch 3/50 iter 1820/1860 loss=0.7561 mean_loss=0.8722 classification=0.0701, bbox_regression=0.0959, bbox_ctrness=0.5901
epoch 3/50 iter 1840/1860 loss=0.8557 mean_loss=0.8719 classification=0.1170, bbox_regression=0.1262, bbox_ctrness=0.6124
epoch 3/50 iter 1860/1860 loss=0.7730 mean_loss=0.8717 classification=0.0642, bbox_regression=0.1085, bbox_ctrness=0.6004
epoch 3 validation Precision=0.1759 Recall=0.9777 AP50=0.9314 AP75=0.7935 eval_fps=16.81 epoch_time_sec=929.8
saved checkpoint: E:\RepViT-main\runs\v48_complete_ablation\training\ra_stems_project_seed2\weights\last.pt
new best AP50=0.9314; saved checkpoint: E:\RepViT-main\runs\v48_complete_ablation\training\ra_stems_project_seed2\weights\best.pt
epoch 4/50 iter 1/1860 loss=0.8124 mean_loss=0.8124 classification=0.0816, bbox_regression=0.1160, bbox_ctrness=0.6147
epoch 4/50 iter 20/1860 loss=0.8352 mean_loss=0.8486 classification=0.0971, bbox_regression=0.1368, bbox_ctrness=0.6013
epoch 4/50 iter 40/1860 loss=0.8331 mean_loss=0.8365 classification=0.1013, bbox_regression=0.1192, bbox_ctrness=0.6126
epoch 4/50 iter 60/1860 loss=0.8236 mean_loss=0.8373 classification=0.0953, bbox_regression=0.1100, bbox_ctrness=0.6183
epoch 4/50 iter 80/1860 loss=0.8887 mean_loss=0.8315 classification=0.1437, bbox_regression=0.1173, bbox_ctrness=0.6277
epoch 4/50 iter 100/1860 loss=0.8331 mean_loss=0.8273 classification=0.0937, bbox_regression=0.1202, bbox_ctrness=0.6192
epoch 4/50 iter 120/1860 loss=0.7529 mean_loss=0.8255 classification=0.0498, bbox_regression=0.0955, bbox_ctrness=0.6077
epoch 4/50 iter 140/1860 loss=0.8295 mean_loss=0.8245 classification=0.1072, bbox_regression=0.1305, bbox_ctrness=0.5918
epoch 4/50 iter 160/1860 loss=0.8750 mean_loss=0.8293 classification=0.1299, bbox_regression=0.1334, bbox_ctrness=0.6118
epoch 4/50 iter 180/1860 loss=0.7989 mean_loss=0.8281 classification=0.0885, bbox_regression=0.1130, bbox_ctrness=0.5974
epoch 4/50 iter 200/1860 loss=0.9323 mean_loss=0.8294 classification=0.2097, bbox_regression=0.1188, bbox_ctrness=0.6038
epoch 4/50 iter 220/1860 loss=0.8125 mean_loss=0.8297 classification=0.0892, bbox_regression=0.1313, bbox_ctrness=0.5920
epoch 4/50 iter 240/1860 loss=0.9781 mean_loss=0.8296 classification=0.2084, bbox_regression=0.1657, bbox_ctrness=0.6040
epoch 4/50 iter 260/1860 loss=0.8546 mean_loss=0.8296 classification=0.1292, bbox_regression=0.1251, bbox_ctrness=0.6003
epoch 4/50 iter 280/1860 loss=0.8611 mean_loss=0.8302 classification=0.1289, bbox_regression=0.1303, bbox_ctrness=0.6019
epoch 4/50 iter 300/1860 loss=0.8659 mean_loss=0.8312 classification=0.1005, bbox_regression=0.1438, bbox_ctrness=0.6216
epoch 4/50 iter 320/1860 loss=0.8190 mean_loss=0.8322 classification=0.0758, bbox_regression=0.1221, bbox_ctrness=0.6211
epoch 4/50 iter 340/1860 loss=0.7982 mean_loss=0.8320 classification=0.0869, bbox_regression=0.0980, bbox_ctrness=0.6133
epoch 4/50 iter 360/1860 loss=0.8940 mean_loss=0.8317 classification=0.1305, bbox_regression=0.1473, bbox_ctrness=0.6162
epoch 4/50 iter 380/1860 loss=0.9302 mean_loss=0.8327 classification=0.1460, bbox_regression=0.1614, bbox_ctrness=0.6228
epoch 4/50 iter 400/1860 loss=0.8412 mean_loss=0.8330 classification=0.1128, bbox_regression=0.1232, bbox_ctrness=0.6052
epoch 4/50 iter 420/1860 loss=0.8520 mean_loss=0.8338 classification=0.1044, bbox_regression=0.1405, bbox_ctrness=0.6071
epoch 4/50 iter 440/1860 loss=0.8692 mean_loss=0.8346 classification=0.1045, bbox_regression=0.1422, bbox_ctrness=0.6224
epoch 4/50 iter 460/1860 loss=0.8192 mean_loss=0.8340 classification=0.1090, bbox_regression=0.1026, bbox_ctrness=0.6075
epoch 4/50 iter 480/1860 loss=0.8299 mean_loss=0.8337 classification=0.1051, bbox_regression=0.1314, bbox_ctrness=0.5933
epoch 4/50 iter 500/1860 loss=1.0258 mean_loss=0.8344 classification=0.2210, bbox_regression=0.1924, bbox_ctrness=0.6124
epoch 4/50 iter 520/1860 loss=0.7841 mean_loss=0.8352 classification=0.0649, bbox_regression=0.0993, bbox_ctrness=0.6199
epoch 4/50 iter 540/1860 loss=0.7963 mean_loss=0.8346 classification=0.0924, bbox_regression=0.1016, bbox_ctrness=0.6023
epoch 4/50 iter 560/1860 loss=0.8751 mean_loss=0.8352 classification=0.1333, bbox_regression=0.1345, bbox_ctrness=0.6073
epoch 4/50 iter 580/1860 loss=0.8448 mean_loss=0.8356 classification=0.1336, bbox_regression=0.1039, bbox_ctrness=0.6073
epoch 4/50 iter 600/1860 loss=0.9258 mean_loss=0.8355 classification=0.1580, bbox_regression=0.1321, bbox_ctrness=0.6356
epoch 4/50 iter 620/1860 loss=0.8527 mean_loss=0.8350 classification=0.0982, bbox_regression=0.1392, bbox_ctrness=0.6152
epoch 4/50 iter 640/1860 loss=0.9492 mean_loss=0.8343 classification=0.2011, bbox_regression=0.1383, bbox_ctrness=0.6098
epoch 4/50 iter 660/1860 loss=0.8548 mean_loss=0.8338 classification=0.1171, bbox_regression=0.1348, bbox_ctrness=0.6028
epoch 4/50 iter 680/1860 loss=0.8217 mean_loss=0.8333 classification=0.1181, bbox_regression=0.1037, bbox_ctrness=0.5999
epoch 4/50 iter 700/1860 loss=0.7954 mean_loss=0.8335 classification=0.0683, bbox_regression=0.1192, bbox_ctrness=0.6079
epoch 4/50 iter 720/1860 loss=0.8477 mean_loss=0.8331 classification=0.1337, bbox_regression=0.1097, bbox_ctrness=0.6042
epoch 4/50 iter 740/1860 loss=0.9099 mean_loss=0.8330 classification=0.1403, bbox_regression=0.1681, bbox_ctrness=0.6015
epoch 4/50 iter 760/1860 loss=0.7995 mean_loss=0.8327 classification=0.0812, bbox_regression=0.1046, bbox_ctrness=0.6136
epoch 4/50 iter 780/1860 loss=0.9222 mean_loss=0.8329 classification=0.1844, bbox_regression=0.1348, bbox_ctrness=0.6030
epoch 4/50 iter 800/1860 loss=0.8482 mean_loss=0.8330 classification=0.1045, bbox_regression=0.1345, bbox_ctrness=0.6091
epoch 4/50 iter 820/1860 loss=0.7827 mean_loss=0.8340 classification=0.0702, bbox_regression=0.1056, bbox_ctrness=0.6069
epoch 4/50 iter 840/1860 loss=0.7584 mean_loss=0.8346 classification=0.0680, bbox_regression=0.0863, bbox_ctrness=0.6040
epoch 4/50 iter 860/1860 loss=0.9384 mean_loss=0.8350 classification=0.1567, bbox_regression=0.1713, bbox_ctrness=0.6104
epoch 4/50 iter 880/1860 loss=0.8609 mean_loss=0.8351 classification=0.1056, bbox_regression=0.1266, bbox_ctrness=0.6287
epoch 4/50 iter 900/1860 loss=0.7760 mean_loss=0.8351 classification=0.0773, bbox_regression=0.1098, bbox_ctrness=0.5888
epoch 4/50 iter 920/1860 loss=0.7766 mean_loss=0.8349 classification=0.0776, bbox_regression=0.1101, bbox_ctrness=0.5890
epoch 4/50 iter 940/1860 loss=0.8849 mean_loss=0.8347 classification=0.1311, bbox_regression=0.1482, bbox_ctrness=0.6056
epoch 4/50 iter 960/1860 loss=0.8738 mean_loss=0.8342 classification=0.1218, bbox_regression=0.1423, bbox_ctrness=0.6097
epoch 4/50 iter 980/1860 loss=0.8850 mean_loss=0.8343 classification=0.1460, bbox_regression=0.1423, bbox_ctrness=0.5967
epoch 4/50 iter 1000/1860 loss=0.7973 mean_loss=0.8342 classification=0.0682, bbox_regression=0.1021, bbox_ctrness=0.6270
epoch 4/50 iter 1020/1860 loss=0.8349 mean_loss=0.8340 classification=0.0724, bbox_regression=0.1298, bbox_ctrness=0.6327
epoch 4/50 iter 1040/1860 loss=0.7997 mean_loss=0.8334 classification=0.0732, bbox_regression=0.1172, bbox_ctrness=0.6092
epoch 4/50 iter 1060/1860 loss=0.8443 mean_loss=0.8336 classification=0.1478, bbox_regression=0.1039, bbox_ctrness=0.5925
epoch 4/50 iter 1080/1860 loss=0.7689 mean_loss=0.8331 classification=0.0687, bbox_regression=0.0959, bbox_ctrness=0.6042
epoch 4/50 iter 1100/1860 loss=0.8234 mean_loss=0.8326 classification=0.1036, bbox_regression=0.1155, bbox_ctrness=0.6043
epoch 4/50 iter 1120/1860 loss=0.8526 mean_loss=0.8327 classification=0.1016, bbox_regression=0.1433, bbox_ctrness=0.6077
epoch 4/50 iter 1140/1860 loss=1.0664 mean_loss=0.8327 classification=0.1805, bbox_regression=0.2400, bbox_ctrness=0.6459
epoch 4/50 iter 1160/1860 loss=0.7908 mean_loss=0.8325 classification=0.0974, bbox_regression=0.1002, bbox_ctrness=0.5932
epoch 4/50 iter 1180/1860 loss=0.8663 mean_loss=0.8325 classification=0.1017, bbox_regression=0.1455, bbox_ctrness=0.6192
epoch 4/50 iter 1200/1860 loss=0.8731 mean_loss=0.8326 classification=0.1181, bbox_regression=0.1423, bbox_ctrness=0.6128
epoch 4/50 iter 1220/1860 loss=0.7678 mean_loss=0.8324 classification=0.0815, bbox_regression=0.0892, bbox_ctrness=0.5972
epoch 4/50 iter 1240/1860 loss=0.8441 mean_loss=0.8323 classification=0.1040, bbox_regression=0.1302, bbox_ctrness=0.6100
epoch 4/50 iter 1260/1860 loss=0.9395 mean_loss=0.8321 classification=0.1577, bbox_regression=0.1575, bbox_ctrness=0.6243
epoch 4/50 iter 1280/1860 loss=0.7742 mean_loss=0.8318 classification=0.0397, bbox_regression=0.1167, bbox_ctrness=0.6178
epoch 4/50 iter 1300/1860 loss=0.8228 mean_loss=0.8317 classification=0.1244, bbox_regression=0.1009, bbox_ctrness=0.5975
epoch 4/50 iter 1320/1860 loss=0.7844 mean_loss=0.8312 classification=0.0796, bbox_regression=0.1116, bbox_ctrness=0.5931
epoch 4/50 iter 1340/1860 loss=0.8629 mean_loss=0.8312 classification=0.1175, bbox_regression=0.1395, bbox_ctrness=0.6058
epoch 4/50 iter 1360/1860 loss=0.8238 mean_loss=0.8310 classification=0.0989, bbox_regression=0.1227, bbox_ctrness=0.6021
epoch 4/50 iter 1380/1860 loss=0.8220 mean_loss=0.8314 classification=0.0948, bbox_regression=0.1377, bbox_ctrness=0.5896
epoch 4/50 iter 1400/1860 loss=0.8804 mean_loss=0.8313 classification=0.1280, bbox_regression=0.1328, bbox_ctrness=0.6196
epoch 4/50 iter 1420/1860 loss=0.8048 mean_loss=0.8310 classification=0.1052, bbox_regression=0.1011, bbox_ctrness=0.5985
epoch 4/50 iter 1440/1860 loss=0.9344 mean_loss=0.8309 classification=0.1687, bbox_regression=0.1615, bbox_ctrness=0.6042
epoch 4/50 iter 1460/1860 loss=0.8617 mean_loss=0.8310 classification=0.1094, bbox_regression=0.1280, bbox_ctrness=0.6243
epoch 4/50 iter 1480/1860 loss=0.7711 mean_loss=0.8307 classification=0.0827, bbox_regression=0.0908, bbox_ctrness=0.5976
epoch 4/50 iter 1500/1860 loss=0.8521 mean_loss=0.8303 classification=0.0832, bbox_regression=0.1470, bbox_ctrness=0.6219
epoch 4/50 iter 1520/1860 loss=0.7822 mean_loss=0.8300 classification=0.0678, bbox_regression=0.1066, bbox_ctrness=0.6079
epoch 4/50 iter 1540/1860 loss=0.8814 mean_loss=0.8299 classification=0.1471, bbox_regression=0.1374, bbox_ctrness=0.5969
epoch 4/50 iter 1560/1860 loss=0.8602 mean_loss=0.8299 classification=0.1190, bbox_regression=0.1199, bbox_ctrness=0.6213
epoch 4/50 iter 1580/1860 loss=0.9254 mean_loss=0.8297 classification=0.1640, bbox_regression=0.1549, bbox_ctrness=0.6064
epoch 4/50 iter 1600/1860 loss=0.8042 mean_loss=0.8293 classification=0.0998, bbox_regression=0.1148, bbox_ctrness=0.5896
epoch 4/50 iter 1620/1860 loss=0.8244 mean_loss=0.8292 classification=0.1235, bbox_regression=0.1057, bbox_ctrness=0.5953
epoch 4/50 iter 1640/1860 loss=0.8096 mean_loss=0.8291 classification=0.1049, bbox_regression=0.0950, bbox_ctrness=0.6097
epoch 4/50 iter 1660/1860 loss=0.7835 mean_loss=0.8289 classification=0.0727, bbox_regression=0.0996, bbox_ctrness=0.6112
epoch 4/50 iter 1680/1860 loss=0.7657 mean_loss=0.8289 classification=0.0594, bbox_regression=0.0953, bbox_ctrness=0.6110
epoch 4/50 iter 1700/1860 loss=0.8682 mean_loss=0.8289 classification=0.1426, bbox_regression=0.1207, bbox_ctrness=0.6049
epoch 4/50 iter 1720/1860 loss=0.7916 mean_loss=0.8288 classification=0.0918, bbox_regression=0.1108, bbox_ctrness=0.5890
epoch 4/50 iter 1740/1860 loss=0.7798 mean_loss=0.8285 classification=0.0750, bbox_regression=0.1049, bbox_ctrness=0.5999
epoch 4/50 iter 1760/1860 loss=0.8651 mean_loss=0.8286 classification=0.1398, bbox_regression=0.1249, bbox_ctrness=0.6004
epoch 4/50 iter 1780/1860 loss=0.7878 mean_loss=0.8285 classification=0.0761, bbox_regression=0.1098, bbox_ctrness=0.6019
epoch 4/50 iter 1800/1860 loss=0.8853 mean_loss=0.8284 classification=0.1627, bbox_regression=0.1161, bbox_ctrness=0.6066
epoch 4/50 iter 1820/1860 loss=0.8333 mean_loss=0.8283 classification=0.0920, bbox_regression=0.1226, bbox_ctrness=0.6187
epoch 4/50 iter 1840/1860 loss=0.8289 mean_loss=0.8281 classification=0.0879, bbox_regression=0.1318, bbox_ctrness=0.6092
epoch 4/50 iter 1860/1860 loss=0.8229 mean_loss=0.8279 classification=0.1125, bbox_regression=0.1137, bbox_ctrness=0.5966
epoch 4 validation Precision=0.3156 Recall=0.9787 AP50=0.9458 AP75=0.8182 eval_fps=13.23 epoch_time_sec=966.9
saved checkpoint: E:\RepViT-main\runs\v48_complete_ablation\training\ra_stems_project_seed2\weights\last.pt
new best AP50=0.9458; saved checkpoint: E:\RepViT-main\runs\v48_complete_ablation\training\ra_stems_project_seed2\weights\best.pt
epoch 5/50 iter 1/1860 loss=0.7705 mean_loss=0.7705 classification=0.0592, bbox_regression=0.1053, bbox_ctrness=0.6059
epoch 5/50 iter 20/1860 loss=0.7552 mean_loss=0.7962 classification=0.0695, bbox_regression=0.0862, bbox_ctrness=0.5995
epoch 5/50 iter 40/1860 loss=0.8507 mean_loss=0.8041 classification=0.1084, bbox_regression=0.1407, bbox_ctrness=0.6016
epoch 5/50 iter 60/1860 loss=0.7644 mean_loss=0.7989 classification=0.0747, bbox_regression=0.1022, bbox_ctrness=0.5875
epoch 5/50 iter 80/1860 loss=0.7989 mean_loss=0.7981 classification=0.0807, bbox_regression=0.1174, bbox_ctrness=0.6008
epoch 5/50 iter 100/1860 loss=0.7906 mean_loss=0.7974 classification=0.0901, bbox_regression=0.1108, bbox_ctrness=0.5897
epoch 5/50 iter 120/1860 loss=0.8331 mean_loss=0.7965 classification=0.1058, bbox_regression=0.1160, bbox_ctrness=0.6113
epoch 5/50 iter 140/1860 loss=0.7633 mean_loss=0.7990 classification=0.0604, bbox_regression=0.1103, bbox_ctrness=0.5926
epoch 5/50 iter 160/1860 loss=0.7950 mean_loss=0.8011 classification=0.1160, bbox_regression=0.0793, bbox_ctrness=0.5997
epoch 5/50 iter 180/1860 loss=0.8921 mean_loss=0.8011 classification=0.1415, bbox_regression=0.1417, bbox_ctrness=0.6089
epoch 5/50 iter 200/1860 loss=0.7731 mean_loss=0.8004 classification=0.0674, bbox_regression=0.1023, bbox_ctrness=0.6034
epoch 5/50 iter 220/1860 loss=0.7316 mean_loss=0.7989 classification=0.0320, bbox_regression=0.0871, bbox_ctrness=0.6124
epoch 5/50 iter 240/1860 loss=0.7829 mean_loss=0.7987 classification=0.0658, bbox_regression=0.1130, bbox_ctrness=0.6041
epoch 5/50 iter 260/1860 loss=0.8287 mean_loss=0.7988 classification=0.1341, bbox_regression=0.0936, bbox_ctrness=0.6009
epoch 5/50 iter 280/1860 loss=0.8668 mean_loss=0.7990 classification=0.1394, bbox_regression=0.1163, bbox_ctrness=0.6112
epoch 5/50 iter 300/1860 loss=0.8687 mean_loss=0.7990 classification=0.1281, bbox_regression=0.1326, bbox_ctrness=0.6079
epoch 5/50 iter 320/1860 loss=0.7637 mean_loss=0.7998 classification=0.0620, bbox_regression=0.1101, bbox_ctrness=0.5915
epoch 5/50 iter 340/1860 loss=0.7374 mean_loss=0.7992 classification=0.0587, bbox_regression=0.0972, bbox_ctrness=0.5815
epoch 5/50 iter 360/1860 loss=0.7507 mean_loss=0.7996 classification=0.0674, bbox_regression=0.0849, bbox_ctrness=0.5984
epoch 5/50 iter 380/1860 loss=0.8598 mean_loss=0.7994 classification=0.1184, bbox_regression=0.1278, bbox_ctrness=0.6136
epoch 5/50 iter 400/1860 loss=0.6998 mean_loss=0.7988 classification=0.0379, bbox_regression=0.0659, bbox_ctrness=0.5960
epoch 5/50 iter 420/1860 loss=0.7958 mean_loss=0.7985 classification=0.0662, bbox_regression=0.1203, bbox_ctrness=0.6093
epoch 5/50 iter 440/1860 loss=0.8159 mean_loss=0.7985 classification=0.0939, bbox_regression=0.1198, bbox_ctrness=0.6021
epoch 5/50 iter 460/1860 loss=0.7533 mean_loss=0.7981 classification=0.0480, bbox_regression=0.0936, bbox_ctrness=0.6117
epoch 5/50 iter 480/1860 loss=0.8598 mean_loss=0.7986 classification=0.1042, bbox_regression=0.1439, bbox_ctrness=0.6117
epoch 5/50 iter 500/1860 loss=0.7155 mean_loss=0.7989 classification=0.0306, bbox_regression=0.0753, bbox_ctrness=0.6096
epoch 5/50 iter 520/1860 loss=0.8283 mean_loss=0.8001 classification=0.0847, bbox_regression=0.1309, bbox_ctrness=0.6126
epoch 5/50 iter 540/1860 loss=0.8168 mean_loss=0.8004 classification=0.1145, bbox_regression=0.1172, bbox_ctrness=0.5851
epoch 5/50 iter 560/1860 loss=0.8209 mean_loss=0.8012 classification=0.1240, bbox_regression=0.1060, bbox_ctrness=0.5909
epoch 5/50 iter 580/1860 loss=0.7379 mean_loss=0.8009 classification=0.0452, bbox_regression=0.0835, bbox_ctrness=0.6092
epoch 5/50 iter 600/1860 loss=0.8689 mean_loss=0.8013 classification=0.1398, bbox_regression=0.1336, bbox_ctrness=0.5954
epoch 5/50 iter 620/1860 loss=0.8951 mean_loss=0.8016 classification=0.1385, bbox_regression=0.1487, bbox_ctrness=0.6079
epoch 5/50 iter 640/1860 loss=0.7376 mean_loss=0.8014 classification=0.0395, bbox_regression=0.0880, bbox_ctrness=0.6101
epoch 5/50 iter 660/1860 loss=0.9215 mean_loss=0.8010 classification=0.1819, bbox_regression=0.1467, bbox_ctrness=0.5929
epoch 5/50 iter 680/1860 loss=0.7861 mean_loss=0.8013 classification=0.0838, bbox_regression=0.0904, bbox_ctrness=0.6120
epoch 5/50 iter 700/1860 loss=0.8466 mean_loss=0.8017 classification=0.1317, bbox_regression=0.1044, bbox_ctrness=0.6104
epoch 5/50 iter 720/1860 loss=0.7627 mean_loss=0.8011 classification=0.0891, bbox_regression=0.0811, bbox_ctrness=0.5925
epoch 5/50 iter 740/1860 loss=0.8156 mean_loss=0.8013 classification=0.0954, bbox_regression=0.1078, bbox_ctrness=0.6124
epoch 5/50 iter 760/1860 loss=0.7423 mean_loss=0.8007 classification=0.0415, bbox_regression=0.0930, bbox_ctrness=0.6079
epoch 5/50 iter 780/1860 loss=0.9249 mean_loss=0.8010 classification=0.1469, bbox_regression=0.1603, bbox_ctrness=0.6177
epoch 5/50 iter 800/1860 loss=0.7639 mean_loss=0.8009 classification=0.0726, bbox_regression=0.0916, bbox_ctrness=0.5998
epoch 5/50 iter 820/1860 loss=0.7685 mean_loss=0.8010 classification=0.0772, bbox_regression=0.0813, bbox_ctrness=0.6099
epoch 5/50 iter 840/1860 loss=0.8418 mean_loss=0.8017 classification=0.1172, bbox_regression=0.1189, bbox_ctrness=0.6057
epoch 5/50 iter 860/1860 loss=0.8788 mean_loss=0.8017 classification=0.1557, bbox_regression=0.1207, bbox_ctrness=0.6024
epoch 5/50 iter 880/1860 loss=0.8493 mean_loss=0.8017 classification=0.1073, bbox_regression=0.1328, bbox_ctrness=0.6092
epoch 5/50 iter 900/1860 loss=0.7542 mean_loss=0.8016 classification=0.0375, bbox_regression=0.0986, bbox_ctrness=0.6181
epoch 5/50 iter 920/1860 loss=0.8457 mean_loss=0.8012 classification=0.1097, bbox_regression=0.1249, bbox_ctrness=0.6111
epoch 5/50 iter 940/1860 loss=0.7467 mean_loss=0.8008 classification=0.0368, bbox_regression=0.0930, bbox_ctrness=0.6170
epoch 5/50 iter 960/1860 loss=0.7685 mean_loss=0.8007 classification=0.0827, bbox_regression=0.0858, bbox_ctrness=0.6000
epoch 5/50 iter 980/1860 loss=0.8241 mean_loss=0.8008 classification=0.1215, bbox_regression=0.0915, bbox_ctrness=0.6111
epoch 5/50 iter 1000/1860 loss=0.7290 mean_loss=0.8008 classification=0.0166, bbox_regression=0.0861, bbox_ctrness=0.6263
epoch 5/50 iter 1020/1860 loss=0.7794 mean_loss=0.8008 classification=0.0479, bbox_regression=0.1214, bbox_ctrness=0.6101
epoch 5/50 iter 1040/1860 loss=0.7907 mean_loss=0.8013 classification=0.0637, bbox_regression=0.1088, bbox_ctrness=0.6183
epoch 5/50 iter 1060/1860 loss=0.8260 mean_loss=0.8016 classification=0.1112, bbox_regression=0.1173, bbox_ctrness=0.5974
epoch 5/50 iter 1080/1860 loss=0.7485 mean_loss=0.8011 classification=0.0610, bbox_regression=0.0786, bbox_ctrness=0.6088
epoch 5/50 iter 1100/1860 loss=0.7707 mean_loss=0.8010 classification=0.0749, bbox_regression=0.0946, bbox_ctrness=0.6011
epoch 5/50 iter 1120/1860 loss=0.8187 mean_loss=0.8011 classification=0.1136, bbox_regression=0.1132, bbox_ctrness=0.5919
epoch 5/50 iter 1140/1860 loss=0.8781 mean_loss=0.8007 classification=0.1497, bbox_regression=0.1202, bbox_ctrness=0.6083
epoch 5/50 iter 1160/1860 loss=0.7980 mean_loss=0.8007 classification=0.0857, bbox_regression=0.1097, bbox_ctrness=0.6025
epoch 5/50 iter 1180/1860 loss=0.8962 mean_loss=0.8005 classification=0.1237, bbox_regression=0.1713, bbox_ctrness=0.6012
epoch 5/50 iter 1200/1860 loss=0.8040 mean_loss=0.8006 classification=0.0841, bbox_regression=0.1216, bbox_ctrness=0.5983
epoch 5/50 iter 1220/1860 loss=0.8196 mean_loss=0.8006 classification=0.0963, bbox_regression=0.1228, bbox_ctrness=0.6006
epoch 5/50 iter 1240/1860 loss=0.7675 mean_loss=0.8004 classification=0.0802, bbox_regression=0.0925, bbox_ctrness=0.5948
epoch 5/50 iter 1260/1860 loss=0.8138 mean_loss=0.8004 classification=0.0895, bbox_regression=0.1159, bbox_ctrness=0.6084
epoch 5/50 iter 1280/1860 loss=0.7726 mean_loss=0.8005 classification=0.0700, bbox_regression=0.1057, bbox_ctrness=0.5970
epoch 5/50 iter 1300/1860 loss=0.7336 mean_loss=0.8003 classification=0.0422, bbox_regression=0.0912, bbox_ctrness=0.6002
epoch 5/50 iter 1320/1860 loss=0.9024 mean_loss=0.8004 classification=0.1730, bbox_regression=0.1386, bbox_ctrness=0.5908
epoch 5/50 iter 1340/1860 loss=0.8558 mean_loss=0.8007 classification=0.1078, bbox_regression=0.1358, bbox_ctrness=0.6122
epoch 5/50 iter 1360/1860 loss=0.7229 mean_loss=0.8006 classification=0.0421, bbox_regression=0.0700, bbox_ctrness=0.6108
epoch 5/50 iter 1380/1860 loss=0.8325 mean_loss=0.8007 classification=0.0796, bbox_regression=0.1381, bbox_ctrness=0.6148
epoch 5/50 iter 1400/1860 loss=0.8463 mean_loss=0.8004 classification=0.1022, bbox_regression=0.1467, bbox_ctrness=0.5974
epoch 5/50 iter 1420/1860 loss=0.8603 mean_loss=0.8002 classification=0.0897, bbox_regression=0.1635, bbox_ctrness=0.6071
epoch 5/50 iter 1440/1860 loss=0.8947 mean_loss=0.8000 classification=0.1243, bbox_regression=0.1465, bbox_ctrness=0.6239
epoch 5/50 iter 1460/1860 loss=0.7667 mean_loss=0.8003 classification=0.0622, bbox_regression=0.1055, bbox_ctrness=0.5989
epoch 5/50 iter 1480/1860 loss=0.7616 mean_loss=0.8003 classification=0.0528, bbox_regression=0.1152, bbox_ctrness=0.5936
epoch 5/50 iter 1500/1860 loss=0.8835 mean_loss=0.8004 classification=0.1613, bbox_regression=0.1240, bbox_ctrness=0.5983
epoch 5/50 iter 1520/1860 loss=0.7300 mean_loss=0.8005 classification=0.0582, bbox_regression=0.0693, bbox_ctrness=0.6024
epoch 5/50 iter 1540/1860 loss=0.7603 mean_loss=0.8003 classification=0.0662, bbox_regression=0.0892, bbox_ctrness=0.6049
epoch 5/50 iter 1560/1860 loss=0.7708 mean_loss=0.8003 classification=0.0419, bbox_regression=0.1149, bbox_ctrness=0.6140
epoch 5/50 iter 1580/1860 loss=0.7874 mean_loss=0.8003 classification=0.0893, bbox_regression=0.0995, bbox_ctrness=0.5987
epoch 5/50 iter 1600/1860 loss=0.7771 mean_loss=0.8001 classification=0.0512, bbox_regression=0.1136, bbox_ctrness=0.6123
epoch 5/50 iter 1620/1860 loss=0.8402 mean_loss=0.8001 classification=0.1091, bbox_regression=0.1218, bbox_ctrness=0.6093
epoch 5/50 iter 1640/1860 loss=0.7973 mean_loss=0.8001 classification=0.0803, bbox_regression=0.1115, bbox_ctrness=0.6055
epoch 5/50 iter 1660/1860 loss=0.7781 mean_loss=0.8001 classification=0.0767, bbox_regression=0.0883, bbox_ctrness=0.6130
epoch 5/50 iter 1680/1860 loss=0.7740 mean_loss=0.7999 classification=0.0522, bbox_regression=0.1032, bbox_ctrness=0.6186
epoch 5/50 iter 1700/1860 loss=0.7618 mean_loss=0.8000 classification=0.0633, bbox_regression=0.0976, bbox_ctrness=0.6009
epoch 5/50 iter 1720/1860 loss=0.8529 mean_loss=0.8002 classification=0.1205, bbox_regression=0.1420, bbox_ctrness=0.5903
epoch 5/50 iter 1740/1860 loss=0.7661 mean_loss=0.8003 classification=0.0628, bbox_regression=0.1021, bbox_ctrness=0.6012
epoch 5/50 iter 1760/1860 loss=0.7641 mean_loss=0.8004 classification=0.0970, bbox_regression=0.0710, bbox_ctrness=0.5960
epoch 5/50 iter 1780/1860 loss=0.8126 mean_loss=0.8006 classification=0.0927, bbox_regression=0.1235, bbox_ctrness=0.5964
epoch 5/50 iter 1800/1860 loss=0.7777 mean_loss=0.8007 classification=0.0811, bbox_regression=0.0976, bbox_ctrness=0.5990
epoch 5/50 iter 1820/1860 loss=0.7538 mean_loss=0.8004 classification=0.0588, bbox_regression=0.0853, bbox_ctrness=0.6098
epoch 5/50 iter 1840/1860 loss=0.8134 mean_loss=0.8005 classification=0.1027, bbox_regression=0.1094, bbox_ctrness=0.6012
epoch 5/50 iter 1860/1860 loss=0.8601 mean_loss=0.8004 classification=0.0820, bbox_regression=0.1373, bbox_ctrness=0.6408
epoch 5 validation Precision=0.2487 Recall=0.9821 AP50=0.9462 AP75=0.8143 eval_fps=18.22 epoch_time_sec=1079.2
saved checkpoint: E:\RepViT-main\runs\v48_complete_ablation\training\ra_stems_project_seed2\weights\last.pt
new best AP50=0.9462; saved checkpoint: E:\RepViT-main\runs\v48_complete_ablation\training\ra_stems_project_seed2\weights\best.pt
epoch 6/50 iter 1/1860 loss=0.8256 mean_loss=0.8256 classification=0.1033, bbox_regression=0.1072, bbox_ctrness=0.6151
epoch 6/50 iter 20/1860 loss=0.8080 mean_loss=0.8029 classification=0.1138, bbox_regression=0.0995, bbox_ctrness=0.5946
epoch 6/50 iter 40/1860 loss=0.8640 mean_loss=0.7883 classification=0.1415, bbox_regression=0.1235, bbox_ctrness=0.5990
epoch 6/50 iter 60/1860 loss=0.7850 mean_loss=0.7815 classification=0.0619, bbox_regression=0.1190, bbox_ctrness=0.6041
epoch 6/50 iter 80/1860 loss=0.7904 mean_loss=0.7852 classification=0.0831, bbox_regression=0.1008, bbox_ctrness=0.6065
epoch 6/50 iter 100/1860 loss=0.7211 mean_loss=0.7807 classification=0.0365, bbox_regression=0.0917, bbox_ctrness=0.5928
epoch 6/50 iter 120/1860 loss=0.7849 mean_loss=0.7776 classification=0.0814, bbox_regression=0.1155, bbox_ctrness=0.5880
epoch 6/50 iter 140/1860 loss=0.7854 mean_loss=0.7777 classification=0.0820, bbox_regression=0.1040, bbox_ctrness=0.5995
epoch 6/50 iter 160/1860 loss=0.7853 mean_loss=0.7765 classification=0.0555, bbox_regression=0.1183, bbox_ctrness=0.6114
epoch 6/50 iter 180/1860 loss=0.7898 mean_loss=0.7752 classification=0.0961, bbox_regression=0.0951, bbox_ctrness=0.5986
epoch 6/50 iter 200/1860 loss=0.7658 mean_loss=0.7738 classification=0.0817, bbox_regression=0.0836, bbox_ctrness=0.6005
epoch 6/50 iter 220/1860 loss=0.7766 mean_loss=0.7723 classification=0.0802, bbox_regression=0.0888, bbox_ctrness=0.6076
epoch 6/50 iter 240/1860 loss=0.7821 mean_loss=0.7711 classification=0.0839, bbox_regression=0.1000, bbox_ctrness=0.5983
epoch 6/50 iter 260/1860 loss=0.8249 mean_loss=0.7712 classification=0.1378, bbox_regression=0.0968, bbox_ctrness=0.5903
epoch 6/50 iter 280/1860 loss=0.7203 mean_loss=0.7708 classification=0.0423, bbox_regression=0.0846, bbox_ctrness=0.5934
epoch 6/50 iter 300/1860 loss=0.7951 mean_loss=0.7723 classification=0.0671, bbox_regression=0.1223, bbox_ctrness=0.6056
epoch 6/50 iter 320/1860 loss=0.8189 mean_loss=0.7734 classification=0.0920, bbox_regression=0.1293, bbox_ctrness=0.5976
epoch 6/50 iter 340/1860 loss=0.8093 mean_loss=0.7736 classification=0.1004, bbox_regression=0.1123, bbox_ctrness=0.5966
epoch 6/50 iter 360/1860 loss=0.8639 mean_loss=0.7730 classification=0.1074, bbox_regression=0.1527, bbox_ctrness=0.6039
epoch 6/50 iter 380/1860 loss=0.7576 mean_loss=0.7725 classification=0.0749, bbox_regression=0.0861, bbox_ctrness=0.5966
epoch 6/50 iter 400/1860 loss=0.8229 mean_loss=0.7721 classification=0.1124, bbox_regression=0.1102, bbox_ctrness=0.6002
epoch 6/50 iter 420/1860 loss=0.8028 mean_loss=0.7723 classification=0.0927, bbox_regression=0.1149, bbox_ctrness=0.5953
epoch 6/50 iter 440/1860 loss=0.7484 mean_loss=0.7720 classification=0.0712, bbox_regression=0.0946, bbox_ctrness=0.5826
epoch 6/50 iter 460/1860 loss=0.8207 mean_loss=0.7716 classification=0.1261, bbox_regression=0.0898, bbox_ctrness=0.6048
epoch 6/50 iter 480/1860 loss=0.7446 mean_loss=0.7713 classification=0.0459, bbox_regression=0.0818, bbox_ctrness=0.6168
epoch 6/50 iter 500/1860 loss=0.7750 mean_loss=0.7714 classification=0.0800, bbox_regression=0.0929, bbox_ctrness=0.6021
epoch 6/50 iter 520/1860 loss=0.8484 mean_loss=0.7718 classification=0.1066, bbox_regression=0.1273, bbox_ctrness=0.6145
epoch 6/50 iter 540/1860 loss=0.9070 mean_loss=0.7720 classification=0.1736, bbox_regression=0.1337, bbox_ctrness=0.5996
epoch 6/50 iter 560/1860 loss=0.7503 mean_loss=0.7717 classification=0.0655, bbox_regression=0.0923, bbox_ctrness=0.5925
epoch 6/50 iter 580/1860 loss=0.7632 mean_loss=0.7719 classification=0.0616, bbox_regression=0.1029, bbox_ctrness=0.5987
epoch 6/50 iter 600/1860 loss=0.7739 mean_loss=0.7720 classification=0.0909, bbox_regression=0.0952, bbox_ctrness=0.5878
epoch 6/50 iter 620/1860 loss=0.7165 mean_loss=0.7718 classification=0.0442, bbox_regression=0.0830, bbox_ctrness=0.5893
epoch 6/50 iter 640/1860 loss=0.7478 mean_loss=0.7715 classification=0.0689, bbox_regression=0.0717, bbox_ctrness=0.6073
epoch 6/50 iter 660/1860 loss=0.7519 mean_loss=0.7714 classification=0.0549, bbox_regression=0.0899, bbox_ctrness=0.6071
epoch 6/50 iter 680/1860 loss=0.7433 mean_loss=0.7716 classification=0.0449, bbox_regression=0.0890, bbox_ctrness=0.6094
epoch 6/50 iter 700/1860 loss=0.8384 mean_loss=0.7719 classification=0.1152, bbox_regression=0.1143, bbox_ctrness=0.6088
epoch 6/50 iter 720/1860 loss=0.8529 mean_loss=0.7720 classification=0.1226, bbox_regression=0.1140, bbox_ctrness=0.6163
epoch 6/50 iter 740/1860 loss=0.7623 mean_loss=0.7724 classification=0.0854, bbox_regression=0.0777, bbox_ctrness=0.5992
epoch 6/50 iter 760/1860 loss=0.8015 mean_loss=0.7725 classification=0.0753, bbox_regression=0.1170, bbox_ctrness=0.6091
epoch 6/50 iter 780/1860 loss=0.8022 mean_loss=0.7727 classification=0.0846, bbox_regression=0.1102, bbox_ctrness=0.6073
epoch 6/50 iter 800/1860 loss=0.8012 mean_loss=0.7730 classification=0.0943, bbox_regression=0.1025, bbox_ctrness=0.6044
epoch 6/50 iter 820/1860 loss=0.7833 mean_loss=0.7730 classification=0.0729, bbox_regression=0.0989, bbox_ctrness=0.6115
epoch 6/50 iter 840/1860 loss=0.7286 mean_loss=0.7732 classification=0.0166, bbox_regression=0.0894, bbox_ctrness=0.6225
epoch 6/50 iter 860/1860 loss=0.7423 mean_loss=0.7729 classification=0.0474, bbox_regression=0.0873, bbox_ctrness=0.6076
epoch 6/50 iter 880/1860 loss=0.8936 mean_loss=0.7729 classification=0.1539, bbox_regression=0.1350, bbox_ctrness=0.6047
epoch 6/50 iter 900/1860 loss=0.7599 mean_loss=0.7725 classification=0.0725, bbox_regression=0.0859, bbox_ctrness=0.6016
epoch 6/50 iter 920/1860 loss=0.8097 mean_loss=0.7725 classification=0.0999, bbox_regression=0.1096, bbox_ctrness=0.6001
epoch 6/50 iter 940/1860 loss=0.7887 mean_loss=0.7728 classification=0.0756, bbox_regression=0.1018, bbox_ctrness=0.6113
epoch 6/50 iter 960/1860 loss=0.7482 mean_loss=0.7727 classification=0.0451, bbox_regression=0.0951, bbox_ctrness=0.6079
epoch 6/50 iter 980/1860 loss=0.8075 mean_loss=0.7726 classification=0.0823, bbox_regression=0.1201, bbox_ctrness=0.6052
epoch 6/50 iter 1000/1860 loss=0.7333 mean_loss=0.7726 classification=0.0577, bbox_regression=0.0746, bbox_ctrness=0.6010
epoch 6/50 iter 1020/1860 loss=0.8473 mean_loss=0.7729 classification=0.0843, bbox_regression=0.1466, bbox_ctrness=0.6164
epoch 6/50 iter 1040/1860 loss=0.7312 mean_loss=0.7727 classification=0.0641, bbox_regression=0.0626, bbox_ctrness=0.6044
epoch 6/50 iter 1060/1860 loss=0.7709 mean_loss=0.7727 classification=0.0807, bbox_regression=0.0872, bbox_ctrness=0.6030
epoch 6/50 iter 1080/1860 loss=0.7967 mean_loss=0.7729 classification=0.0666, bbox_regression=0.1181, bbox_ctrness=0.6120
epoch 6/50 iter 1100/1860 loss=0.7638 mean_loss=0.7729 classification=0.0718, bbox_regression=0.0973, bbox_ctrness=0.5948
epoch 6/50 iter 1120/1860 loss=0.8145 mean_loss=0.7730 classification=0.0974, bbox_regression=0.1143, bbox_ctrness=0.6028
epoch 6/50 iter 1140/1860 loss=0.7498 mean_loss=0.7732 classification=0.0723, bbox_regression=0.0884, bbox_ctrness=0.5890
epoch 6/50 iter 1160/1860 loss=0.8251 mean_loss=0.7733 classification=0.1164, bbox_regression=0.1045, bbox_ctrness=0.6042
epoch 6/50 iter 1180/1860 loss=0.7688 mean_loss=0.7734 classification=0.0661, bbox_regression=0.0999, bbox_ctrness=0.6028
epoch 6/50 iter 1200/1860 loss=0.7268 mean_loss=0.7733 classification=0.0370, bbox_regression=0.0767, bbox_ctrness=0.6131
epoch 6/50 iter 1220/1860 loss=0.7503 mean_loss=0.7734 classification=0.0544, bbox_regression=0.1046, bbox_ctrness=0.5912
epoch 6/50 iter 1240/1860 loss=0.8560 mean_loss=0.7735 classification=0.1080, bbox_regression=0.1238, bbox_ctrness=0.6241
epoch 6/50 iter 1260/1860 loss=0.8783 mean_loss=0.7748 classification=0.1757, bbox_regression=0.0967, bbox_ctrness=0.6059
epoch 6/50 iter 1280/1860 loss=0.8270 mean_loss=0.7753 classification=0.1004, bbox_regression=0.1135, bbox_ctrness=0.6131
epoch 6/50 iter 1300/1860 loss=0.8198 mean_loss=0.7758 classification=0.0963, bbox_regression=0.1293, bbox_ctrness=0.5942
epoch 6/50 iter 1320/1860 loss=0.7626 mean_loss=0.7758 classification=0.0544, bbox_regression=0.0933, bbox_ctrness=0.6148
epoch 6/50 iter 1340/1860 loss=0.8148 mean_loss=0.7760 classification=0.0969, bbox_regression=0.1154, bbox_ctrness=0.6025
epoch 6/50 iter 1360/1860 loss=0.7484 mean_loss=0.7761 classification=0.0393, bbox_regression=0.0981, bbox_ctrness=0.6110
epoch 6/50 iter 1380/1860 loss=0.8577 mean_loss=0.7763 classification=0.1576, bbox_regression=0.1084, bbox_ctrness=0.5918
epoch 6/50 iter 1400/1860 loss=0.7202 mean_loss=0.7762 classification=0.0579, bbox_regression=0.0773, bbox_ctrness=0.5849
epoch 6/50 iter 1420/1860 loss=0.7878 mean_loss=0.7762 classification=0.0814, bbox_regression=0.0940, bbox_ctrness=0.6123
epoch 6/50 iter 1440/1860 loss=0.8133 mean_loss=0.7766 classification=0.0833, bbox_regression=0.1268, bbox_ctrness=0.6031
epoch 6/50 iter 1460/1860 loss=0.7591 mean_loss=0.7768 classification=0.0689, bbox_regression=0.0909, bbox_ctrness=0.5993
epoch 6/50 iter 1480/1860 loss=0.7817 mean_loss=0.7767 classification=0.0651, bbox_regression=0.1106, bbox_ctrness=0.6061
epoch 6/50 iter 1500/1860 loss=0.7389 mean_loss=0.7768 classification=0.0495, bbox_regression=0.0808, bbox_ctrness=0.6086
epoch 6/50 iter 1520/1860 loss=0.8395 mean_loss=0.7769 classification=0.1042, bbox_regression=0.1349, bbox_ctrness=0.6005
epoch 6/50 iter 1540/1860 loss=0.7112 mean_loss=0.7769 classification=0.0604, bbox_regression=0.0702, bbox_ctrness=0.5806
epoch 6/50 iter 1560/1860 loss=0.9322 mean_loss=0.7768 classification=0.1684, bbox_regression=0.1532, bbox_ctrness=0.6106
epoch 6/50 iter 1580/1860 loss=0.7739 mean_loss=0.7771 classification=0.0332, bbox_regression=0.1238, bbox_ctrness=0.6169
epoch 6/50 iter 1600/1860 loss=0.7586 mean_loss=0.7770 classification=0.0654, bbox_regression=0.0846, bbox_ctrness=0.6086
epoch 6/50 iter 1620/1860 loss=0.7311 mean_loss=0.7768 classification=0.0452, bbox_regression=0.0775, bbox_ctrness=0.6084
epoch 6/50 iter 1640/1860 loss=0.8645 mean_loss=0.7769 classification=0.1023, bbox_regression=0.1373, bbox_ctrness=0.6249
epoch 6/50 iter 1660/1860 loss=0.8745 mean_loss=0.7770 classification=0.1259, bbox_regression=0.1463, bbox_ctrness=0.6023
epoch 6/50 iter 1680/1860 loss=0.7490 mean_loss=0.7771 classification=0.0606, bbox_regression=0.0914, bbox_ctrness=0.5971
epoch 6/50 iter 1700/1860 loss=0.8572 mean_loss=0.7770 classification=0.1479, bbox_regression=0.1122, bbox_ctrness=0.5971
epoch 6/50 iter 1720/1860 loss=0.8219 mean_loss=0.7770 classification=0.1105, bbox_regression=0.0929, bbox_ctrness=0.6186
epoch 6/50 iter 1740/1860 loss=0.7315 mean_loss=0.7769 classification=0.0570, bbox_regression=0.0833, bbox_ctrness=0.5913
epoch 6/50 iter 1760/1860 loss=0.8084 mean_loss=0.7770 classification=0.1107, bbox_regression=0.1008, bbox_ctrness=0.5969
epoch 6/50 iter 1780/1860 loss=0.8453 mean_loss=0.7770 classification=0.1209, bbox_regression=0.1206, bbox_ctrness=0.6037
epoch 6/50 iter 1800/1860 loss=0.8533 mean_loss=0.7770 classification=0.1408, bbox_regression=0.0996, bbox_ctrness=0.6130
epoch 6/50 iter 1820/1860 loss=0.7617 mean_loss=0.7771 classification=0.0541, bbox_regression=0.0962, bbox_ctrness=0.6113
epoch 6/50 iter 1840/1860 loss=0.7686 mean_loss=0.7770 classification=0.0776, bbox_regression=0.0983, bbox_ctrness=0.5927
epoch 6/50 iter 1860/1860 loss=0.7364 mean_loss=0.7768 classification=0.0547, bbox_regression=0.0778, bbox_ctrness=0.6039
epoch 6 validation Precision=0.2489 Recall=0.9830 AP50=0.9482 AP75=0.8465 eval_fps=18.52 epoch_time_sec=923.6
saved checkpoint: E:\RepViT-main\runs\v48_complete_ablation\training\ra_stems_project_seed2\weights\last.pt
new best AP50=0.9482; saved checkpoint: E:\RepViT-main\runs\v48_complete_ablation\training\ra_stems_project_seed2\weights\best.pt
epoch 7/50 iter 1/1860 loss=0.7944 mean_loss=0.7944 classification=0.0820, bbox_regression=0.1126, bbox_ctrness=0.5998
epoch 7/50 iter 20/1860 loss=0.7726 mean_loss=0.7468 classification=0.0734, bbox_regression=0.1038, bbox_ctrness=0.5954
epoch 7/50 iter 40/1860 loss=0.7372 mean_loss=0.7489 classification=0.0319, bbox_regression=0.0974, bbox_ctrness=0.6079
epoch 7/50 iter 60/1860 loss=0.7782 mean_loss=0.7492 classification=0.0691, bbox_regression=0.1050, bbox_ctrness=0.6041
epoch 7/50 iter 80/1860 loss=0.7611 mean_loss=0.7516 classification=0.0618, bbox_regression=0.1026, bbox_ctrness=0.5967
epoch 7/50 iter 100/1860 loss=0.7320 mean_loss=0.7516 classification=0.0498, bbox_regression=0.0916, bbox_ctrness=0.5907
epoch 7/50 iter 120/1860 loss=0.6701 mean_loss=0.7505 classification=0.0104, bbox_regression=0.0699, bbox_ctrness=0.5898
epoch 7/50 iter 140/1860 loss=0.7244 mean_loss=0.7499 classification=0.0518, bbox_regression=0.0845, bbox_ctrness=0.5881
epoch 7/50 iter 160/1860 loss=0.7278 mean_loss=0.7512 classification=0.0300, bbox_regression=0.0933, bbox_ctrness=0.6045
epoch 7/50 iter 180/1860 loss=0.7203 mean_loss=0.7509 classification=0.0443, bbox_regression=0.0795, bbox_ctrness=0.5965
epoch 7/50 iter 200/1860 loss=0.7194 mean_loss=0.7504 classification=0.0332, bbox_regression=0.0817, bbox_ctrness=0.6046
epoch 7/50 iter 220/1860 loss=0.7671 mean_loss=0.7508 classification=0.0747, bbox_regression=0.0823, bbox_ctrness=0.6101
epoch 7/50 iter 240/1860 loss=0.7748 mean_loss=0.7511 classification=0.0767, bbox_regression=0.0993, bbox_ctrness=0.5988
epoch 7/50 iter 260/1860 loss=0.7693 mean_loss=0.7524 classification=0.0798, bbox_regression=0.0812, bbox_ctrness=0.6083
epoch 7/50 iter 280/1860 loss=0.7596 mean_loss=0.7521 classification=0.0612, bbox_regression=0.0882, bbox_ctrness=0.6101
epoch 7/50 iter 300/1860 loss=0.7945 mean_loss=0.7515 classification=0.0880, bbox_regression=0.0877, bbox_ctrness=0.6187
epoch 7/50 iter 320/1860 loss=0.7354 mean_loss=0.7511 classification=0.0499, bbox_regression=0.0823, bbox_ctrness=0.6032
epoch 7/50 iter 340/1860 loss=0.7284 mean_loss=0.7508 classification=0.0620, bbox_regression=0.0760, bbox_ctrness=0.5904
epoch 7/50 iter 360/1860 loss=0.7325 mean_loss=0.7512 classification=0.0386, bbox_regression=0.0909, bbox_ctrness=0.6030
epoch 7/50 iter 380/1860 loss=0.7647 mean_loss=0.7522 classification=0.0728, bbox_regression=0.0967, bbox_ctrness=0.5952
epoch 7/50 iter 400/1860 loss=0.7519 mean_loss=0.7530 classification=0.0559, bbox_regression=0.0963, bbox_ctrness=0.5997
epoch 7/50 iter 420/1860 loss=0.7449 mean_loss=0.7528 classification=0.0398, bbox_regression=0.0990, bbox_ctrness=0.6061
epoch 7/50 iter 440/1860 loss=0.7705 mean_loss=0.7523 classification=0.0728, bbox_regression=0.1031, bbox_ctrness=0.5946
epoch 7/50 iter 460/1860 loss=0.7634 mean_loss=0.7522 classification=0.0440, bbox_regression=0.1151, bbox_ctrness=0.6044
epoch 7/50 iter 480/1860 loss=0.7019 mean_loss=0.7520 classification=0.0521, bbox_regression=0.0638, bbox_ctrness=0.5860
epoch 7/50 iter 500/1860 loss=0.7383 mean_loss=0.7522 classification=0.0356, bbox_regression=0.0932, bbox_ctrness=0.6095
epoch 7/50 iter 520/1860 loss=0.7540 mean_loss=0.7524 classification=0.0368, bbox_regression=0.1109, bbox_ctrness=0.6064
epoch 7/50 iter 540/1860 loss=0.7358 mean_loss=0.7529 classification=0.0236, bbox_regression=0.1022, bbox_ctrness=0.6100
epoch 7/50 iter 560/1860 loss=0.7370 mean_loss=0.7530 classification=0.0662, bbox_regression=0.0955, bbox_ctrness=0.5752
epoch 7/50 iter 580/1860 loss=0.7382 mean_loss=0.7526 classification=0.0218, bbox_regression=0.0963, bbox_ctrness=0.6201
epoch 7/50 iter 600/1860 loss=0.7740 mean_loss=0.7527 classification=0.0551, bbox_regression=0.1119, bbox_ctrness=0.6071
epoch 7/50 iter 620/1860 loss=0.7056 mean_loss=0.7527 classification=0.0327, bbox_regression=0.0670, bbox_ctrness=0.6059
epoch 7/50 iter 640/1860 loss=0.7373 mean_loss=0.7529 classification=0.0597, bbox_regression=0.0924, bbox_ctrness=0.5852
epoch 7/50 iter 660/1860 loss=0.7790 mean_loss=0.7538 classification=0.0721, bbox_regression=0.1030, bbox_ctrness=0.6039
epoch 7/50 iter 680/1860 loss=0.7675 mean_loss=0.7538 classification=0.0621, bbox_regression=0.0828, bbox_ctrness=0.6226
epoch 7/50 iter 700/1860 loss=0.7314 mean_loss=0.7540 classification=0.0562, bbox_regression=0.0587, bbox_ctrness=0.6166
epoch 7/50 iter 720/1860 loss=0.7529 mean_loss=0.7544 classification=0.0620, bbox_regression=0.0951, bbox_ctrness=0.5957
epoch 7/50 iter 740/1860 loss=0.7616 mean_loss=0.7549 classification=0.0712, bbox_regression=0.0899, bbox_ctrness=0.6005
epoch 7/50 iter 760/1860 loss=0.7894 mean_loss=0.7548 classification=0.0651, bbox_regression=0.1086, bbox_ctrness=0.6158
epoch 7/50 iter 780/1860 loss=0.7705 mean_loss=0.7547 classification=0.0795, bbox_regression=0.0932, bbox_ctrness=0.5978
epoch 7/50 iter 800/1860 loss=0.7580 mean_loss=0.7545 classification=0.0563, bbox_regression=0.0787, bbox_ctrness=0.6231
epoch 7/50 iter 820/1860 loss=0.8427 mean_loss=0.7542 classification=0.1087, bbox_regression=0.1395, bbox_ctrness=0.5946
epoch 7/50 iter 840/1860 loss=0.7364 mean_loss=0.7542 classification=0.0582, bbox_regression=0.0861, bbox_ctrness=0.5921
epoch 7/50 iter 860/1860 loss=0.7652 mean_loss=0.7541 classification=0.0750, bbox_regression=0.0923, bbox_ctrness=0.5979
epoch 7/50 iter 880/1860 loss=0.7092 mean_loss=0.7545 classification=0.0388, bbox_regression=0.0649, bbox_ctrness=0.6055
epoch 7/50 iter 900/1860 loss=0.7361 mean_loss=0.7547 classification=0.0454, bbox_regression=0.0760, bbox_ctrness=0.6147
epoch 7/50 iter 920/1860 loss=0.7490 mean_loss=0.7550 classification=0.0626, bbox_regression=0.0954, bbox_ctrness=0.5910
epoch 7/50 iter 940/1860 loss=0.9561 mean_loss=0.7553 classification=0.2080, bbox_regression=0.1533, bbox_ctrness=0.5948
epoch 7/50 iter 960/1860 loss=0.7244 mean_loss=0.7551 classification=0.0474, bbox_regression=0.0734, bbox_ctrness=0.6035
epoch 7/50 iter 980/1860 loss=0.8113 mean_loss=0.7553 classification=0.0872, bbox_regression=0.1041, bbox_ctrness=0.6201
epoch 7/50 iter 1000/1860 loss=0.7807 mean_loss=0.7552 classification=0.0690, bbox_regression=0.1108, bbox_ctrness=0.6009
epoch 7/50 iter 1020/1860 loss=0.7510 mean_loss=0.7555 classification=0.0864, bbox_regression=0.0726, bbox_ctrness=0.5920
epoch 7/50 iter 1040/1860 loss=0.9453 mean_loss=0.7556 classification=0.1495, bbox_regression=0.1606, bbox_ctrness=0.6351
epoch 7/50 iter 1060/1860 loss=0.7652 mean_loss=0.7555 classification=0.0633, bbox_regression=0.0895, bbox_ctrness=0.6124
epoch 7/50 iter 1080/1860 loss=0.7439 mean_loss=0.7555 classification=0.0427, bbox_regression=0.0906, bbox_ctrness=0.6106
epoch 7/50 iter 1100/1860 loss=0.7179 mean_loss=0.7554 classification=0.0391, bbox_regression=0.0740, bbox_ctrness=0.6048
epoch 7/50 iter 1120/1860 loss=0.7124 mean_loss=0.7554 classification=0.0430, bbox_regression=0.0662, bbox_ctrness=0.6032
epoch 7/50 iter 1140/1860 loss=0.7302 mean_loss=0.7554 classification=0.0463, bbox_regression=0.0900, bbox_ctrness=0.5939
epoch 7/50 iter 1160/1860 loss=0.9235 mean_loss=0.7557 classification=0.1570, bbox_regression=0.1523, bbox_ctrness=0.6142
epoch 7/50 iter 1180/1860 loss=0.8719 mean_loss=0.7559 classification=0.1355, bbox_regression=0.1353, bbox_ctrness=0.6011
epoch 7/50 iter 1200/1860 loss=0.7472 mean_loss=0.7562 classification=0.0572, bbox_regression=0.0936, bbox_ctrness=0.5965
epoch 7/50 iter 1220/1860 loss=0.7415 mean_loss=0.7566 classification=0.0596, bbox_regression=0.0790, bbox_ctrness=0.6030
epoch 7/50 iter 1240/1860 loss=0.8213 mean_loss=0.7570 classification=0.1058, bbox_regression=0.1186, bbox_ctrness=0.5969
epoch 7/50 iter 1260/1860 loss=0.7188 mean_loss=0.7572 classification=0.0403, bbox_regression=0.0711, bbox_ctrness=0.6073
epoch 7/50 iter 1280/1860 loss=0.7372 mean_loss=0.7573 classification=0.0459, bbox_regression=0.0930, bbox_ctrness=0.5984
epoch 7/50 iter 1300/1860 loss=0.9093 mean_loss=0.7575 classification=0.1537, bbox_regression=0.1424, bbox_ctrness=0.6132
epoch 7/50 iter 1320/1860 loss=0.7212 mean_loss=0.7573 classification=0.0501, bbox_regression=0.0769, bbox_ctrness=0.5941
epoch 7/50 iter 1340/1860 loss=0.8013 mean_loss=0.7573 classification=0.0904, bbox_regression=0.1113, bbox_ctrness=0.5996
epoch 7/50 iter 1360/1860 loss=0.7238 mean_loss=0.7572 classification=0.0340, bbox_regression=0.0740, bbox_ctrness=0.6158
epoch 7/50 iter 1380/1860 loss=0.8127 mean_loss=0.7575 classification=0.1018, bbox_regression=0.0977, bbox_ctrness=0.6132
epoch 7/50 iter 1400/1860 loss=0.7315 mean_loss=0.7577 classification=0.0503, bbox_regression=0.0906, bbox_ctrness=0.5906
epoch 7/50 iter 1420/1860 loss=0.7004 mean_loss=0.7576 classification=0.0364, bbox_regression=0.0756, bbox_ctrness=0.5884
epoch 7/50 iter 1440/1860 loss=0.7957 mean_loss=0.7577 classification=0.0818, bbox_regression=0.1049, bbox_ctrness=0.6090
epoch 7/50 iter 1460/1860 loss=0.7989 mean_loss=0.7581 classification=0.0879, bbox_regression=0.1127, bbox_ctrness=0.5983
epoch 7/50 iter 1480/1860 loss=0.7910 mean_loss=0.7581 classification=0.1031, bbox_regression=0.0902, bbox_ctrness=0.5977
epoch 7/50 iter 1500/1860 loss=0.7686 mean_loss=0.7583 classification=0.0742, bbox_regression=0.0996, bbox_ctrness=0.5948
epoch 7/50 iter 1520/1860 loss=0.7072 mean_loss=0.7584 classification=0.0224, bbox_regression=0.0598, bbox_ctrness=0.6249
epoch 7/50 iter 1540/1860 loss=0.7102 mean_loss=0.7586 classification=0.0414, bbox_regression=0.0805, bbox_ctrness=0.5883
epoch 7/50 iter 1560/1860 loss=0.7732 mean_loss=0.7587 classification=0.1122, bbox_regression=0.0702, bbox_ctrness=0.5908
epoch 7/50 iter 1580/1860 loss=0.7560 mean_loss=0.7589 classification=0.0650, bbox_regression=0.0843, bbox_ctrness=0.6066
epoch 7/50 iter 1600/1860 loss=0.7591 mean_loss=0.7590 classification=0.0717, bbox_regression=0.0850, bbox_ctrness=0.6024
epoch 7/50 iter 1620/1860 loss=0.7271 mean_loss=0.7589 classification=0.0610, bbox_regression=0.0730, bbox_ctrness=0.5931
epoch 7/50 iter 1640/1860 loss=0.7657 mean_loss=0.7587 classification=0.0721, bbox_regression=0.0947, bbox_ctrness=0.5990
epoch 7/50 iter 1660/1860 loss=0.7300 mean_loss=0.7586 classification=0.0537, bbox_regression=0.0817, bbox_ctrness=0.5945
epoch 7/50 iter 1680/1860 loss=0.7315 mean_loss=0.7587 classification=0.0632, bbox_regression=0.0740, bbox_ctrness=0.5943
epoch 7/50 iter 1700/1860 loss=0.7367 mean_loss=0.7589 classification=0.0515, bbox_regression=0.0890, bbox_ctrness=0.5963
epoch 7/50 iter 1720/1860 loss=0.7599 mean_loss=0.7588 classification=0.0579, bbox_regression=0.0990, bbox_ctrness=0.6029
epoch 7/50 iter 1740/1860 loss=0.8303 mean_loss=0.7588 classification=0.1079, bbox_regression=0.1225, bbox_ctrness=0.5999
epoch 7/50 iter 1760/1860 loss=0.6915 mean_loss=0.7588 classification=0.0323, bbox_regression=0.0653, bbox_ctrness=0.5939
epoch 7/50 iter 1780/1860 loss=0.7156 mean_loss=0.7586 classification=0.0433, bbox_regression=0.0805, bbox_ctrness=0.5917
epoch 7/50 iter 1800/1860 loss=0.7633 mean_loss=0.7585 classification=0.0745, bbox_regression=0.0827, bbox_ctrness=0.6062
epoch 7/50 iter 1820/1860 loss=0.8061 mean_loss=0.7586 classification=0.1107, bbox_regression=0.0989, bbox_ctrness=0.5965
epoch 7/50 iter 1840/1860 loss=0.7308 mean_loss=0.7584 classification=0.0532, bbox_regression=0.0879, bbox_ctrness=0.5897
epoch 7/50 iter 1860/1860 loss=0.7242 mean_loss=0.7583 classification=0.0437, bbox_regression=0.0801, bbox_ctrness=0.6004
epoch 7 validation Precision=0.2902 Recall=0.9795 AP50=0.9448 AP75=0.8423 eval_fps=19.19 epoch_time_sec=926.3
saved checkpoint: E:\RepViT-main\runs\v48_complete_ablation\training\ra_stems_project_seed2\weights\last.pt
epoch 8/50 iter 1/1860 loss=0.7421 mean_loss=0.7421 classification=0.0489, bbox_regression=0.0909, bbox_ctrness=0.6023
epoch 8/50 iter 20/1860 loss=0.7445 mean_loss=0.7293 classification=0.0652, bbox_regression=0.0818, bbox_ctrness=0.5975
epoch 8/50 iter 40/1860 loss=0.6989 mean_loss=0.7292 classification=0.0315, bbox_regression=0.0783, bbox_ctrness=0.5892
epoch 8/50 iter 60/1860 loss=0.7332 mean_loss=0.7309 classification=0.0615, bbox_regression=0.0788, bbox_ctrness=0.5929
epoch 8/50 iter 80/1860 loss=0.6777 mean_loss=0.7324 classification=0.0034, bbox_regression=0.0682, bbox_ctrness=0.6060
epoch 8/50 iter 100/1860 loss=0.6705 mean_loss=0.7345 classification=0.0057, bbox_regression=0.0634, bbox_ctrness=0.6014
epoch 8/50 iter 120/1860 loss=0.7698 mean_loss=0.7374 classification=0.0800, bbox_regression=0.0814, bbox_ctrness=0.6084
epoch 8/50 iter 140/1860 loss=0.7675 mean_loss=0.7384 classification=0.0744, bbox_regression=0.1014, bbox_ctrness=0.5917
epoch 8/50 iter 160/1860 loss=0.7133 mean_loss=0.7385 classification=0.0471, bbox_regression=0.0708, bbox_ctrness=0.5954
epoch 8/50 iter 180/1860 loss=0.8137 mean_loss=0.7388 classification=0.1249, bbox_regression=0.1010, bbox_ctrness=0.5878
epoch 8/50 iter 200/1860 loss=0.7523 mean_loss=0.7399 classification=0.0390, bbox_regression=0.1083, bbox_ctrness=0.6050
epoch 8/50 iter 220/1860 loss=0.8170 mean_loss=0.7396 classification=0.0804, bbox_regression=0.1305, bbox_ctrness=0.6061
epoch 8/50 iter 240/1860 loss=0.7604 mean_loss=0.7387 classification=0.0654, bbox_regression=0.0853, bbox_ctrness=0.6098
epoch 8/50 iter 260/1860 loss=0.7400 mean_loss=0.7384 classification=0.0469, bbox_regression=0.0946, bbox_ctrness=0.5984
epoch 8/50 iter 280/1860 loss=0.6836 mean_loss=0.7385 classification=0.0272, bbox_regression=0.0788, bbox_ctrness=0.5776
epoch 8/50 iter 300/1860 loss=0.7308 mean_loss=0.7392 classification=0.0583, bbox_regression=0.0843, bbox_ctrness=0.5882
epoch 8/50 iter 320/1860 loss=0.7617 mean_loss=0.7394 classification=0.0364, bbox_regression=0.1079, bbox_ctrness=0.6174
epoch 8/50 iter 340/1860 loss=0.7715 mean_loss=0.7392 classification=0.0978, bbox_regression=0.0937, bbox_ctrness=0.5801
epoch 8/50 iter 360/1860 loss=0.7771 mean_loss=0.7393 classification=0.0299, bbox_regression=0.1228, bbox_ctrness=0.6244
epoch 8/50 iter 380/1860 loss=0.7779 mean_loss=0.7410 classification=0.0767, bbox_regression=0.0996, bbox_ctrness=0.6016
epoch 8/50 iter 400/1860 loss=0.7547 mean_loss=0.7403 classification=0.0627, bbox_regression=0.0808, bbox_ctrness=0.6113
epoch 8/50 iter 420/1860 loss=0.7062 mean_loss=0.7400 classification=0.0466, bbox_regression=0.0717, bbox_ctrness=0.5880
epoch 8/50 iter 440/1860 loss=0.7017 mean_loss=0.7395 classification=0.0323, bbox_regression=0.0480, bbox_ctrness=0.6214
epoch 8/50 iter 460/1860 loss=0.7268 mean_loss=0.7394 classification=0.0454, bbox_regression=0.0778, bbox_ctrness=0.6036
epoch 8/50 iter 480/1860 loss=0.7556 mean_loss=0.7401 classification=0.0566, bbox_regression=0.0970, bbox_ctrness=0.6021
epoch 8/50 iter 500/1860 loss=0.6920 mean_loss=0.7399 classification=0.0190, bbox_regression=0.0673, bbox_ctrness=0.6057
epoch 8/50 iter 520/1860 loss=0.7130 mean_loss=0.7397 classification=0.0282, bbox_regression=0.0707, bbox_ctrness=0.6141
epoch 8/50 iter 540/1860 loss=0.7797 mean_loss=0.7402 classification=0.0859, bbox_regression=0.0903, bbox_ctrness=0.6036
epoch 8/50 iter 560/1860 loss=0.7961 mean_loss=0.7404 classification=0.1002, bbox_regression=0.1046, bbox_ctrness=0.5913
epoch 8/50 iter 580/1860 loss=0.7258 mean_loss=0.7409 classification=0.0446, bbox_regression=0.0795, bbox_ctrness=0.6017
epoch 8/50 iter 600/1860 loss=0.7392 mean_loss=0.7411 classification=0.0497, bbox_regression=0.0866, bbox_ctrness=0.6029
epoch 8/50 iter 620/1860 loss=0.6963 mean_loss=0.7411 classification=0.0347, bbox_regression=0.0636, bbox_ctrness=0.5980
epoch 8/50 iter 640/1860 loss=0.7344 mean_loss=0.7412 classification=0.0553, bbox_regression=0.0921, bbox_ctrness=0.5871
epoch 8/50 iter 660/1860 loss=0.7129 mean_loss=0.7410 classification=0.0281, bbox_regression=0.0818, bbox_ctrness=0.6029
epoch 8/50 iter 680/1860 loss=0.7468 mean_loss=0.7411 classification=0.0486, bbox_regression=0.0841, bbox_ctrness=0.6141
epoch 8/50 iter 700/1860 loss=0.7757 mean_loss=0.7411 classification=0.1071, bbox_regression=0.0526, bbox_ctrness=0.6160
epoch 8/50 iter 720/1860 loss=0.7325 mean_loss=0.7410 classification=0.0550, bbox_regression=0.0882, bbox_ctrness=0.5893
epoch 8/50 iter 740/1860 loss=0.7180 mean_loss=0.7408 classification=0.0323, bbox_regression=0.0844, bbox_ctrness=0.6013
epoch 8/50 iter 760/1860 loss=0.7495 mean_loss=0.7408 classification=0.0622, bbox_regression=0.0875, bbox_ctrness=0.5998
epoch 8/50 iter 780/1860 loss=0.7394 mean_loss=0.7410 classification=0.0632, bbox_regression=0.0786, bbox_ctrness=0.5976
epoch 8/50 iter 800/1860 loss=0.7522 mean_loss=0.7407 classification=0.0682, bbox_regression=0.0917, bbox_ctrness=0.5923
epoch 8/50 iter 820/1860 loss=0.7358 mean_loss=0.7404 classification=0.0403, bbox_regression=0.0825, bbox_ctrness=0.6130
epoch 8/50 iter 840/1860 loss=0.7998 mean_loss=0.7403 classification=0.0813, bbox_regression=0.1194, bbox_ctrness=0.5990
epoch 8/50 iter 860/1860 loss=0.7545 mean_loss=0.7401 classification=0.0429, bbox_regression=0.1023, bbox_ctrness=0.6092
epoch 8/50 iter 880/1860 loss=0.7805 mean_loss=0.7402 classification=0.0445, bbox_regression=0.1174, bbox_ctrness=0.6186
epoch 8/50 iter 900/1860 loss=0.8025 mean_loss=0.7402 classification=0.0774, bbox_regression=0.1278, bbox_ctrness=0.5974
epoch 8/50 iter 920/1860 loss=0.7199 mean_loss=0.7400 classification=0.0515, bbox_regression=0.0692, bbox_ctrness=0.5992
epoch 8/50 iter 940/1860 loss=0.7373 mean_loss=0.7401 classification=0.0450, bbox_regression=0.0859, bbox_ctrness=0.6064
epoch 8/50 iter 960/1860 loss=0.6952 mean_loss=0.7400 classification=0.0263, bbox_regression=0.0721, bbox_ctrness=0.5968
epoch 8/50 iter 980/1860 loss=0.6978 mean_loss=0.7400 classification=0.0395, bbox_regression=0.0517, bbox_ctrness=0.6066
epoch 8/50 iter 1000/1860 loss=0.9150 mean_loss=0.7404 classification=0.1387, bbox_regression=0.1651, bbox_ctrness=0.6112
epoch 8/50 iter 1020/1860 loss=0.6917 mean_loss=0.7406 classification=0.0209, bbox_regression=0.0758, bbox_ctrness=0.5950
epoch 8/50 iter 1040/1860 loss=0.7223 mean_loss=0.7408 classification=0.0426, bbox_regression=0.0844, bbox_ctrness=0.5953
epoch 8/50 iter 1060/1860 loss=0.7718 mean_loss=0.7407 classification=0.0645, bbox_regression=0.1034, bbox_ctrness=0.6039
epoch 8/50 iter 1080/1860 loss=0.6947 mean_loss=0.7406 classification=0.0371, bbox_regression=0.0566, bbox_ctrness=0.6009
epoch 8/50 iter 1100/1860 loss=0.7624 mean_loss=0.7408 classification=0.0451, bbox_regression=0.1060, bbox_ctrness=0.6113
epoch 8/50 iter 1120/1860 loss=0.7322 mean_loss=0.7407 classification=0.0737, bbox_regression=0.0694, bbox_ctrness=0.5891
epoch 8/50 iter 1140/1860 loss=0.7244 mean_loss=0.7405 classification=0.0477, bbox_regression=0.0763, bbox_ctrness=0.6004
epoch 8/50 iter 1160/1860 loss=0.7208 mean_loss=0.7406 classification=0.0296, bbox_regression=0.0946, bbox_ctrness=0.5965
epoch 8/50 iter 1180/1860 loss=0.7128 mean_loss=0.7406 classification=0.0351, bbox_regression=0.0797, bbox_ctrness=0.5980
epoch 8/50 iter 1200/1860 loss=0.7470 mean_loss=0.7408 classification=0.0642, bbox_regression=0.0822, bbox_ctrness=0.6006
epoch 8/50 iter 1220/1860 loss=0.9462 mean_loss=0.7410 classification=0.1822, bbox_regression=0.1574, bbox_ctrness=0.6065
epoch 8/50 iter 1240/1860 loss=0.7145 mean_loss=0.7410 classification=0.0297, bbox_regression=0.0770, bbox_ctrness=0.6078
epoch 8/50 iter 1260/1860 loss=0.7150 mean_loss=0.7409 classification=0.0299, bbox_regression=0.0805, bbox_ctrness=0.6046
epoch 8/50 iter 1280/1860 loss=0.7804 mean_loss=0.7413 classification=0.0604, bbox_regression=0.1161, bbox_ctrness=0.6039
epoch 8/50 iter 1300/1860 loss=0.7423 mean_loss=0.7416 classification=0.0551, bbox_regression=0.0837, bbox_ctrness=0.6036
epoch 8/50 iter 1320/1860 loss=0.7351 mean_loss=0.7419 classification=0.0333, bbox_regression=0.0890, bbox_ctrness=0.6128
epoch 8/50 iter 1340/1860 loss=0.7154 mean_loss=0.7418 classification=0.0465, bbox_regression=0.0658, bbox_ctrness=0.6031
epoch 8/50 iter 1360/1860 loss=0.7077 mean_loss=0.7418 classification=0.0209, bbox_regression=0.0677, bbox_ctrness=0.6191
epoch 8/50 iter 1380/1860 loss=0.7273 mean_loss=0.7417 classification=0.0491, bbox_regression=0.0794, bbox_ctrness=0.5988
epoch 8/50 iter 1400/1860 loss=0.7663 mean_loss=0.7415 classification=0.0440, bbox_regression=0.1046, bbox_ctrness=0.6178
epoch 8/50 iter 1420/1860 loss=0.7364 mean_loss=0.7416 classification=0.0470, bbox_regression=0.0826, bbox_ctrness=0.6068
epoch 8/50 iter 1440/1860 loss=0.7134 mean_loss=0.7416 classification=0.0373, bbox_regression=0.0768, bbox_ctrness=0.5993
epoch 8/50 iter 1460/1860 loss=0.7032 mean_loss=0.7417 classification=0.0334, bbox_regression=0.0802, bbox_ctrness=0.5896
epoch 8/50 iter 1480/1860 loss=0.7184 mean_loss=0.7416 classification=0.0477, bbox_regression=0.0633, bbox_ctrness=0.6074
epoch 8/50 iter 1500/1860 loss=0.7632 mean_loss=0.7421 classification=0.0873, bbox_regression=0.0785, bbox_ctrness=0.5974
epoch 8/50 iter 1520/1860 loss=0.7047 mean_loss=0.7423 classification=0.0556, bbox_regression=0.0580, bbox_ctrness=0.5911
epoch 8/50 iter 1540/1860 loss=0.7760 mean_loss=0.7425 classification=0.0715, bbox_regression=0.1009, bbox_ctrness=0.6036
epoch 8/50 iter 1560/1860 loss=0.7147 mean_loss=0.7426 classification=0.0165, bbox_regression=0.0825, bbox_ctrness=0.6158
epoch 8/50 iter 1580/1860 loss=0.6742 mean_loss=0.7426 classification=0.0286, bbox_regression=0.0681, bbox_ctrness=0.5775
epoch 8/50 iter 1600/1860 loss=0.7377 mean_loss=0.7425 classification=0.0301, bbox_regression=0.0955, bbox_ctrness=0.6121
epoch 8/50 iter 1620/1860 loss=0.7347 mean_loss=0.7423 classification=0.0557, bbox_regression=0.0754, bbox_ctrness=0.6035
epoch 8/50 iter 1640/1860 loss=0.8434 mean_loss=0.7425 classification=0.1395, bbox_regression=0.1033, bbox_ctrness=0.6006
epoch 8/50 iter 1660/1860 loss=0.7812 mean_loss=0.7425 classification=0.0738, bbox_regression=0.0988, bbox_ctrness=0.6086
epoch 8/50 iter 1680/1860 loss=0.7304 mean_loss=0.7425 classification=0.0582, bbox_regression=0.0694, bbox_ctrness=0.6028
epoch 8/50 iter 1700/1860 loss=0.6953 mean_loss=0.7427 classification=0.0434, bbox_regression=0.0608, bbox_ctrness=0.5910
epoch 8/50 iter 1720/1860 loss=0.7164 mean_loss=0.7426 classification=0.0383, bbox_regression=0.0633, bbox_ctrness=0.6147
epoch 8/50 iter 1740/1860 loss=0.7621 mean_loss=0.7426 classification=0.0706, bbox_regression=0.0866, bbox_ctrness=0.6049
epoch 8/50 iter 1760/1860 loss=0.7312 mean_loss=0.7425 classification=0.0376, bbox_regression=0.0765, bbox_ctrness=0.6171
epoch 8/50 iter 1780/1860 loss=0.7690 mean_loss=0.7425 classification=0.0754, bbox_regression=0.0915, bbox_ctrness=0.6021
epoch 8/50 iter 1800/1860 loss=0.7167 mean_loss=0.7425 classification=0.0194, bbox_regression=0.0761, bbox_ctrness=0.6212
epoch 8/50 iter 1820/1860 loss=0.6778 mean_loss=0.7423 classification=0.0381, bbox_regression=0.0492, bbox_ctrness=0.5905
epoch 8/50 iter 1840/1860 loss=0.7876 mean_loss=0.7425 classification=0.1021, bbox_regression=0.0917, bbox_ctrness=0.5939
epoch 8/50 iter 1860/1860 loss=0.8158 mean_loss=0.7425 classification=0.1133, bbox_regression=0.1043, bbox_ctrness=0.5982
epoch 8 validation Precision=0.2798 Recall=0.9772 AP50=0.9389 AP75=0.8485 eval_fps=18.69 epoch_time_sec=934.0
saved checkpoint: E:\RepViT-main\runs\v48_complete_ablation\training\ra_stems_project_seed2\weights\last.pt
epoch 9/50 iter 1/1860 loss=0.7196 mean_loss=0.7196 classification=0.0242, bbox_regression=0.0901, bbox_ctrness=0.6053
epoch 9/50 iter 20/1860 loss=0.7433 mean_loss=0.7247 classification=0.0346, bbox_regression=0.0962, bbox_ctrness=0.6125
epoch 9/50 iter 40/1860 loss=0.6954 mean_loss=0.7187 classification=0.0151, bbox_regression=0.0715, bbox_ctrness=0.6088
epoch 9/50 iter 60/1860 loss=0.7131 mean_loss=0.7198 classification=0.0223, bbox_regression=0.0776, bbox_ctrness=0.6131
epoch 9/50 iter 80/1860 loss=0.7153 mean_loss=0.7211 classification=0.0359, bbox_regression=0.0875, bbox_ctrness=0.5920
epoch 9/50 iter 100/1860 loss=0.7565 mean_loss=0.7201 classification=0.0617, bbox_regression=0.0950, bbox_ctrness=0.5998
epoch 9/50 iter 120/1860 loss=0.7390 mean_loss=0.7204 classification=0.0345, bbox_regression=0.0943, bbox_ctrness=0.6102
epoch 9/50 iter 140/1860 loss=0.7220 mean_loss=0.7196 classification=0.0349, bbox_regression=0.0892, bbox_ctrness=0.5979
epoch 9/50 iter 160/1860 loss=0.6895 mean_loss=0.7192 classification=0.0150, bbox_regression=0.0733, bbox_ctrness=0.6012
epoch 9/50 iter 180/1860 loss=0.7454 mean_loss=0.7210 classification=0.0353, bbox_regression=0.0868, bbox_ctrness=0.6233
epoch 9/50 iter 200/1860 loss=0.7142 mean_loss=0.7209 classification=0.0356, bbox_regression=0.0739, bbox_ctrness=0.6047
epoch 9/50 iter 220/1860 loss=0.6882 mean_loss=0.7205 classification=0.0194, bbox_regression=0.0656, bbox_ctrness=0.6031
epoch 9/50 iter 240/1860 loss=0.7082 mean_loss=0.7211 classification=0.0288, bbox_regression=0.0749, bbox_ctrness=0.6045
epoch 9/50 iter 260/1860 loss=0.7490 mean_loss=0.7231 classification=0.0645, bbox_regression=0.0833, bbox_ctrness=0.6012
epoch 9/50 iter 280/1860 loss=0.7418 mean_loss=0.7239 classification=0.0293, bbox_regression=0.1061, bbox_ctrness=0.6064
epoch 9/50 iter 300/1860 loss=0.7288 mean_loss=0.7239 classification=0.0462, bbox_regression=0.0768, bbox_ctrness=0.6059
epoch 9/50 iter 320/1860 loss=0.7003 mean_loss=0.7233 classification=0.0307, bbox_regression=0.0695, bbox_ctrness=0.6002
epoch 9/50 iter 340/1860 loss=0.7272 mean_loss=0.7235 classification=0.0299, bbox_regression=0.0905, bbox_ctrness=0.6069
epoch 9/50 iter 360/1860 loss=0.7513 mean_loss=0.7238 classification=0.0582, bbox_regression=0.0977, bbox_ctrness=0.5953
epoch 9/50 iter 380/1860 loss=0.7003 mean_loss=0.7237 classification=0.0258, bbox_regression=0.0776, bbox_ctrness=0.5968
epoch 9/50 iter 400/1860 loss=0.7058 mean_loss=0.7234 classification=0.0394, bbox_regression=0.0747, bbox_ctrness=0.5917
epoch 9/50 iter 420/1860 loss=0.7176 mean_loss=0.7243 classification=0.0424, bbox_regression=0.0773, bbox_ctrness=0.5980
epoch 9/50 iter 440/1860 loss=0.7080 mean_loss=0.7242 classification=0.0395, bbox_regression=0.0714, bbox_ctrness=0.5972
epoch 9/50 iter 460/1860 loss=0.7150 mean_loss=0.7242 classification=0.0091, bbox_regression=0.0941, bbox_ctrness=0.6117
epoch 9/50 iter 480/1860 loss=0.7159 mean_loss=0.7244 classification=0.0493, bbox_regression=0.0712, bbox_ctrness=0.5955
epoch 9/50 iter 500/1860 loss=0.7672 mean_loss=0.7249 classification=0.0624, bbox_regression=0.0954, bbox_ctrness=0.6093
epoch 9/50 iter 520/1860 loss=0.7357 mean_loss=0.7249 classification=0.0500, bbox_regression=0.0839, bbox_ctrness=0.6019
epoch 9/50 iter 540/1860 loss=0.7713 mean_loss=0.7252 classification=0.0734, bbox_regression=0.0877, bbox_ctrness=0.6101
epoch 9/50 iter 560/1860 loss=0.7450 mean_loss=0.7251 classification=0.0516, bbox_regression=0.0979, bbox_ctrness=0.5954
epoch 9/50 iter 580/1860 loss=0.7131 mean_loss=0.7252 classification=0.0226, bbox_regression=0.0771, bbox_ctrness=0.6135
epoch 9/50 iter 600/1860 loss=0.6900 mean_loss=0.7251 classification=0.0190, bbox_regression=0.0712, bbox_ctrness=0.5998
epoch 9/50 iter 620/1860 loss=0.7916 mean_loss=0.7249 classification=0.0984, bbox_regression=0.0932, bbox_ctrness=0.6000
epoch 9/50 iter 640/1860 loss=0.7259 mean_loss=0.7251 classification=0.0503, bbox_regression=0.0741, bbox_ctrness=0.6015
epoch 9/50 iter 660/1860 loss=0.7339 mean_loss=0.7251 classification=0.0507, bbox_regression=0.0880, bbox_ctrness=0.5953
epoch 9/50 iter 680/1860 loss=0.7180 mean_loss=0.7249 classification=0.0341, bbox_regression=0.0891, bbox_ctrness=0.5948
epoch 9/50 iter 700/1860 loss=0.7148 mean_loss=0.7249 classification=0.0230, bbox_regression=0.0723, bbox_ctrness=0.6195
epoch 9/50 iter 720/1860 loss=0.6700 mean_loss=0.7255 classification=0.0350, bbox_regression=0.0438, bbox_ctrness=0.5911
epoch 9/50 iter 740/1860 loss=0.7221 mean_loss=0.7260 classification=0.0561, bbox_regression=0.0723, bbox_ctrness=0.5937
epoch 9/50 iter 760/1860 loss=0.7564 mean_loss=0.7267 classification=0.0574, bbox_regression=0.1009, bbox_ctrness=0.5981
epoch 9/50 iter 780/1860 loss=0.7151 mean_loss=0.7269 classification=0.0154, bbox_regression=0.0877, bbox_ctrness=0.6119
epoch 9/50 iter 800/1860 loss=0.7194 mean_loss=0.7268 classification=0.0572, bbox_regression=0.0855, bbox_ctrness=0.5767
epoch 9/50 iter 820/1860 loss=0.7169 mean_loss=0.7271 classification=0.0333, bbox_regression=0.0641, bbox_ctrness=0.6195
epoch 9/50 iter 840/1860 loss=0.7288 mean_loss=0.7272 classification=0.0288, bbox_regression=0.0866, bbox_ctrness=0.6134
epoch 9/50 iter 860/1860 loss=0.7244 mean_loss=0.7270 classification=0.0507, bbox_regression=0.0824, bbox_ctrness=0.5912
epoch 9/50 iter 880/1860 loss=0.7574 mean_loss=0.7274 classification=0.0484, bbox_regression=0.1179, bbox_ctrness=0.5912
epoch 9/50 iter 900/1860 loss=0.7253 mean_loss=0.7276 classification=0.0357, bbox_regression=0.0768, bbox_ctrness=0.6129
epoch 9/50 iter 920/1860 loss=0.7392 mean_loss=0.7276 classification=0.0665, bbox_regression=0.0767, bbox_ctrness=0.5960
epoch 9/50 iter 940/1860 loss=0.7362 mean_loss=0.7275 classification=0.0488, bbox_regression=0.0899, bbox_ctrness=0.5975
epoch 9/50 iter 960/1860 loss=0.7466 mean_loss=0.7275 classification=0.0502, bbox_regression=0.0913, bbox_ctrness=0.6052
epoch 9/50 iter 980/1860 loss=0.7412 mean_loss=0.7280 classification=0.0522, bbox_regression=0.0837, bbox_ctrness=0.6053
epoch 9/50 iter 1000/1860 loss=0.7262 mean_loss=0.7280 classification=0.0230, bbox_regression=0.0951, bbox_ctrness=0.6081
epoch 9/50 iter 1020/1860 loss=0.7654 mean_loss=0.7280 classification=0.0341, bbox_regression=0.1133, bbox_ctrness=0.6180
epoch 9/50 iter 1040/1860 loss=0.7616 mean_loss=0.7282 classification=0.0449, bbox_regression=0.1163, bbox_ctrness=0.6004
epoch 9/50 iter 1060/1860 loss=0.6858 mean_loss=0.7282 classification=0.0225, bbox_regression=0.0845, bbox_ctrness=0.5789
epoch 9/50 iter 1080/1860 loss=0.7684 mean_loss=0.7283 classification=0.0530, bbox_regression=0.1093, bbox_ctrness=0.6062
epoch 9/50 iter 1100/1860 loss=0.6928 mean_loss=0.7284 classification=0.0296, bbox_regression=0.0746, bbox_ctrness=0.5886
epoch 9/50 iter 1120/1860 loss=0.7054 mean_loss=0.7284 classification=0.0290, bbox_regression=0.0810, bbox_ctrness=0.5954
epoch 9/50 iter 1140/1860 loss=0.7153 mean_loss=0.7283 classification=0.0218, bbox_regression=0.0917, bbox_ctrness=0.6017
epoch 9/50 iter 1160/1860 loss=0.7071 mean_loss=0.7285 classification=0.0361, bbox_regression=0.0848, bbox_ctrness=0.5862
epoch 9/50 iter 1180/1860 loss=0.7447 mean_loss=0.7286 classification=0.0582, bbox_regression=0.0786, bbox_ctrness=0.6079
epoch 9/50 iter 1200/1860 loss=0.7318 mean_loss=0.7292 classification=0.0685, bbox_regression=0.0859, bbox_ctrness=0.5774
epoch 9/50 iter 1220/1860 loss=0.7435 mean_loss=0.7293 classification=0.0634, bbox_regression=0.0963, bbox_ctrness=0.5838
epoch 9/50 iter 1240/1860 loss=0.7285 mean_loss=0.7295 classification=0.0594, bbox_regression=0.0826, bbox_ctrness=0.5864
epoch 9/50 iter 1260/1860 loss=0.7175 mean_loss=0.7296 classification=0.0363, bbox_regression=0.0849, bbox_ctrness=0.5963
epoch 9/50 iter 1280/1860 loss=0.7019 mean_loss=0.7295 classification=0.0149, bbox_regression=0.0706, bbox_ctrness=0.6163
epoch 9/50 iter 1300/1860 loss=0.7235 mean_loss=0.7295 classification=0.0426, bbox_regression=0.0773, bbox_ctrness=0.6036
epoch 9/50 iter 1320/1860 loss=0.7504 mean_loss=0.7296 classification=0.0567, bbox_regression=0.0844, bbox_ctrness=0.6093
epoch 9/50 iter 1340/1860 loss=0.7247 mean_loss=0.7297 classification=0.0338, bbox_regression=0.0812, bbox_ctrness=0.6096
epoch 9/50 iter 1360/1860 loss=0.7374 mean_loss=0.7298 classification=0.0478, bbox_regression=0.0871, bbox_ctrness=0.6026
epoch 9/50 iter 1380/1860 loss=0.7757 mean_loss=0.7301 classification=0.0561, bbox_regression=0.1115, bbox_ctrness=0.6082
epoch 9/50 iter 1400/1860 loss=0.7069 mean_loss=0.7301 classification=0.0243, bbox_regression=0.0919, bbox_ctrness=0.5906
epoch 9/50 iter 1420/1860 loss=0.7560 mean_loss=0.7301 classification=0.0645, bbox_regression=0.1037, bbox_ctrness=0.5878
epoch 9/50 iter 1440/1860 loss=0.7795 mean_loss=0.7303 classification=0.0521, bbox_regression=0.1070, bbox_ctrness=0.6204
epoch 9/50 iter 1460/1860 loss=0.6935 mean_loss=0.7303 classification=0.0331, bbox_regression=0.0714, bbox_ctrness=0.5890
epoch 9/50 iter 1480/1860 loss=0.7691 mean_loss=0.7305 classification=0.0805, bbox_regression=0.0687, bbox_ctrness=0.6199
epoch 9/50 iter 1500/1860 loss=0.7365 mean_loss=0.7306 classification=0.0459, bbox_regression=0.0717, bbox_ctrness=0.6189
epoch 9/50 iter 1520/1860 loss=0.7652 mean_loss=0.7308 classification=0.0350, bbox_regression=0.1133, bbox_ctrness=0.6169
epoch 9/50 iter 1540/1860 loss=0.7157 mean_loss=0.7307 classification=0.0282, bbox_regression=0.0751, bbox_ctrness=0.6124
epoch 9/50 iter 1560/1860 loss=0.7276 mean_loss=0.7306 classification=0.0324, bbox_regression=0.1003, bbox_ctrness=0.5948
epoch 9/50 iter 1580/1860 loss=0.6946 mean_loss=0.7307 classification=0.0309, bbox_regression=0.0761, bbox_ctrness=0.5877
epoch 9/50 iter 1600/1860 loss=0.7273 mean_loss=0.7308 classification=0.0256, bbox_regression=0.0875, bbox_ctrness=0.6141
epoch 9/50 iter 1620/1860 loss=0.7043 mean_loss=0.7308 classification=0.0286, bbox_regression=0.0662, bbox_ctrness=0.6095
epoch 9/50 iter 1640/1860 loss=0.8106 mean_loss=0.7307 classification=0.0881, bbox_regression=0.1230, bbox_ctrness=0.5995
epoch 9/50 iter 1660/1860 loss=0.7367 mean_loss=0.7309 classification=0.0535, bbox_regression=0.0866, bbox_ctrness=0.5966
epoch 9/50 iter 1680/1860 loss=0.7330 mean_loss=0.7310 classification=0.0584, bbox_regression=0.0814, bbox_ctrness=0.5932
epoch 9/50 iter 1700/1860 loss=0.7132 mean_loss=0.7310 classification=0.0656, bbox_regression=0.0604, bbox_ctrness=0.5871
epoch 9/50 iter 1720/1860 loss=0.7361 mean_loss=0.7311 classification=0.0738, bbox_regression=0.0777, bbox_ctrness=0.5846
epoch 9/50 iter 1740/1860 loss=0.7058 mean_loss=0.7312 classification=0.0255, bbox_regression=0.0768, bbox_ctrness=0.6035
epoch 9/50 iter 1760/1860 loss=0.7232 mean_loss=0.7313 classification=0.0293, bbox_regression=0.0955, bbox_ctrness=0.5984
epoch 9/50 iter 1780/1860 loss=0.7189 mean_loss=0.7314 classification=0.0615, bbox_regression=0.0676, bbox_ctrness=0.5898
epoch 9/50 iter 1800/1860 loss=0.7093 mean_loss=0.7314 classification=0.0196, bbox_regression=0.0808, bbox_ctrness=0.6089
epoch 9/50 iter 1820/1860 loss=0.7089 mean_loss=0.7313 classification=0.0269, bbox_regression=0.0797, bbox_ctrness=0.6023
epoch 9/50 iter 1840/1860 loss=0.7182 mean_loss=0.7314 classification=0.0303, bbox_regression=0.0859, bbox_ctrness=0.6020
epoch 9/50 iter 1860/1860 loss=0.6676 mean_loss=0.7314 classification=0.0202, bbox_regression=0.0646, bbox_ctrness=0.5828
epoch 9 validation Precision=0.4168 Recall=0.9661 AP50=0.9382 AP75=0.8451 eval_fps=19.75 epoch_time_sec=922.1
saved checkpoint: E:\RepViT-main\runs\v48_complete_ablation\training\ra_stems_project_seed2\weights\last.pt
epoch 10/50 iter 1/1860 loss=0.7647 mean_loss=0.7647 classification=0.0780, bbox_regression=0.0931, bbox_ctrness=0.5936
epoch 10/50 iter 20/1860 loss=0.7222 mean_loss=0.7249 classification=0.0459, bbox_regression=0.0785, bbox_ctrness=0.5978
epoch 10/50 iter 40/1860 loss=0.7002 mean_loss=0.7177 classification=0.0189, bbox_regression=0.0767, bbox_ctrness=0.6045
epoch 10/50 iter 60/1860 loss=0.7214 mean_loss=0.7178 classification=0.0374, bbox_regression=0.0825, bbox_ctrness=0.6015
epoch 10/50 iter 80/1860 loss=0.7264 mean_loss=0.7175 classification=0.0464, bbox_regression=0.0857, bbox_ctrness=0.5944
epoch 10/50 iter 100/1860 loss=0.7603 mean_loss=0.7157 classification=0.0444, bbox_regression=0.1173, bbox_ctrness=0.5987
epoch 10/50 iter 120/1860 loss=0.6915 mean_loss=0.7172 classification=0.0159, bbox_regression=0.0760, bbox_ctrness=0.5996
epoch 10/50 iter 140/1860 loss=0.7034 mean_loss=0.7157 classification=0.0223, bbox_regression=0.0704, bbox_ctrness=0.6107
epoch 10/50 iter 160/1860 loss=0.6965 mean_loss=0.7159 classification=0.0302, bbox_regression=0.0611, bbox_ctrness=0.6052
epoch 10/50 iter 180/1860 loss=0.7053 mean_loss=0.7158 classification=0.0159, bbox_regression=0.0713, bbox_ctrness=0.6181
epoch 10/50 iter 200/1860 loss=0.7081 mean_loss=0.7157 classification=0.0229, bbox_regression=0.0757, bbox_ctrness=0.6094
epoch 10/50 iter 220/1860 loss=0.7107 mean_loss=0.7163 classification=0.0316, bbox_regression=0.0798, bbox_ctrness=0.5993
epoch 10/50 iter 240/1860 loss=0.7017 mean_loss=0.7161 classification=0.0104, bbox_regression=0.0746, bbox_ctrness=0.6167
epoch 10/50 iter 260/1860 loss=0.6740 mean_loss=0.7149 classification=0.0285, bbox_regression=0.0512, bbox_ctrness=0.5943
epoch 10/50 iter 280/1860 loss=0.7585 mean_loss=0.7150 classification=0.0553, bbox_regression=0.0951, bbox_ctrness=0.6081
epoch 10/50 iter 300/1860 loss=0.7091 mean_loss=0.7155 classification=0.0448, bbox_regression=0.0706, bbox_ctrness=0.5938
epoch 10/50 iter 320/1860 loss=0.7607 mean_loss=0.7157 classification=0.0665, bbox_regression=0.0948, bbox_ctrness=0.5994
epoch 10/50 iter 340/1860 loss=0.6879 mean_loss=0.7160 classification=0.0063, bbox_regression=0.0748, bbox_ctrness=0.6069
epoch 10/50 iter 360/1860 loss=0.7125 mean_loss=0.7158 classification=0.0307, bbox_regression=0.0724, bbox_ctrness=0.6094
epoch 10/50 iter 380/1860 loss=0.7066 mean_loss=0.7161 classification=0.0176, bbox_regression=0.0834, bbox_ctrness=0.6055
epoch 10/50 iter 400/1860 loss=0.7127 mean_loss=0.7164 classification=0.0372, bbox_regression=0.0836, bbox_ctrness=0.5918
epoch 10/50 iter 420/1860 loss=0.6771 mean_loss=0.7176 classification=0.0203, bbox_regression=0.0661, bbox_ctrness=0.5907
epoch 10/50 iter 440/1860 loss=0.7179 mean_loss=0.7182 classification=0.0412, bbox_regression=0.0851, bbox_ctrness=0.5917
epoch 10/50 iter 460/1860 loss=0.6668 mean_loss=0.7178 classification=0.0092, bbox_regression=0.0535, bbox_ctrness=0.6041
epoch 10/50 iter 480/1860 loss=0.6790 mean_loss=0.7174 classification=0.0078, bbox_regression=0.0723, bbox_ctrness=0.5988
epoch 10/50 iter 500/1860 loss=0.7380 mean_loss=0.7174 classification=0.0679, bbox_regression=0.0753, bbox_ctrness=0.5949
epoch 10/50 iter 520/1860 loss=0.7342 mean_loss=0.7180 classification=0.0462, bbox_regression=0.0694, bbox_ctrness=0.6186
epoch 10/50 iter 540/1860 loss=0.6948 mean_loss=0.7180 classification=0.0222, bbox_regression=0.0710, bbox_ctrness=0.6016
epoch 10/50 iter 560/1860 loss=0.7097 mean_loss=0.7181 classification=0.0386, bbox_regression=0.0746, bbox_ctrness=0.5965
epoch 10/50 iter 580/1860 loss=0.7103 mean_loss=0.7178 classification=0.0282, bbox_regression=0.0960, bbox_ctrness=0.5861
epoch 10/50 iter 600/1860 loss=0.7061 mean_loss=0.7176 classification=0.0341, bbox_regression=0.0816, bbox_ctrness=0.5905
epoch 10/50 iter 620/1860 loss=0.7055 mean_loss=0.7175 classification=0.0239, bbox_regression=0.0784, bbox_ctrness=0.6033
epoch 10/50 iter 640/1860 loss=0.7244 mean_loss=0.7179 classification=0.0401, bbox_regression=0.0914, bbox_ctrness=0.5929
epoch 10/50 iter 660/1860 loss=0.7148 mean_loss=0.7182 classification=0.0545, bbox_regression=0.0653, bbox_ctrness=0.5949
epoch 10/50 iter 680/1860 loss=0.7641 mean_loss=0.7180 classification=0.0819, bbox_regression=0.0928, bbox_ctrness=0.5894
epoch 10/50 iter 700/1860 loss=0.7702 mean_loss=0.7179 classification=0.0694, bbox_regression=0.0938, bbox_ctrness=0.6070
epoch 10/50 iter 720/1860 loss=0.6853 mean_loss=0.7179 classification=0.0446, bbox_regression=0.0621, bbox_ctrness=0.5786
epoch 10/50 iter 740/1860 loss=0.7293 mean_loss=0.7182 classification=0.0649, bbox_regression=0.0751, bbox_ctrness=0.5893
epoch 10/50 iter 760/1860 loss=0.6947 mean_loss=0.7181 classification=0.0359, bbox_regression=0.0633, bbox_ctrness=0.5954
epoch 10/50 iter 780/1860 loss=0.6524 mean_loss=0.7183 classification=0.0071, bbox_regression=0.0453, bbox_ctrness=0.6000
epoch 10/50 iter 800/1860 loss=0.8327 mean_loss=0.7183 classification=0.1276, bbox_regression=0.1086, bbox_ctrness=0.5965
epoch 10/50 iter 820/1860 loss=0.7041 mean_loss=0.7183 classification=0.0264, bbox_regression=0.0686, bbox_ctrness=0.6092
epoch 10/50 iter 840/1860 loss=0.7324 mean_loss=0.7187 classification=0.0532, bbox_regression=0.0726, bbox_ctrness=0.6066
epoch 10/50 iter 860/1860 loss=0.7483 mean_loss=0.7187 classification=0.0620, bbox_regression=0.0958, bbox_ctrness=0.5904
epoch 10/50 iter 880/1860 loss=0.6950 mean_loss=0.7186 classification=0.0457, bbox_regression=0.0676, bbox_ctrness=0.5817
epoch 10/50 iter 900/1860 loss=0.7410 mean_loss=0.7187 classification=0.0411, bbox_regression=0.0799, bbox_ctrness=0.6199
epoch 10/50 iter 920/1860 loss=0.7264 mean_loss=0.7187 classification=0.0595, bbox_regression=0.0724, bbox_ctrness=0.5944
epoch 10/50 iter 940/1860 loss=0.7556 mean_loss=0.7188 classification=0.0808, bbox_regression=0.0743, bbox_ctrness=0.6006
epoch 10/50 iter 960/1860 loss=0.7813 mean_loss=0.7191 classification=0.0869, bbox_regression=0.0836, bbox_ctrness=0.6108
epoch 10/50 iter 980/1860 loss=0.7168 mean_loss=0.7191 classification=0.0345, bbox_regression=0.0777, bbox_ctrness=0.6047
epoch 10/50 iter 1000/1860 loss=0.7155 mean_loss=0.7192 classification=0.0108, bbox_regression=0.0889, bbox_ctrness=0.6157
epoch 10/50 iter 1020/1860 loss=0.7530 mean_loss=0.7191 classification=0.0511, bbox_regression=0.0929, bbox_ctrness=0.6091
epoch 10/50 iter 1040/1860 loss=0.7062 mean_loss=0.7192 classification=0.0135, bbox_regression=0.0748, bbox_ctrness=0.6179
epoch 10/50 iter 1060/1860 loss=0.6851 mean_loss=0.7191 classification=0.0285, bbox_regression=0.0639, bbox_ctrness=0.5926
epoch 10/50 iter 1080/1860 loss=0.7288 mean_loss=0.7192 classification=0.0391, bbox_regression=0.0893, bbox_ctrness=0.6003
epoch 10/50 iter 1100/1860 loss=0.6931 mean_loss=0.7194 classification=0.0217, bbox_regression=0.0676, bbox_ctrness=0.6038
epoch 10/50 iter 1120/1860 loss=0.7081 mean_loss=0.7195 classification=0.0330, bbox_regression=0.0764, bbox_ctrness=0.5987
epoch 10/50 iter 1140/1860 loss=0.7127 mean_loss=0.7193 classification=0.0309, bbox_regression=0.0814, bbox_ctrness=0.6004
epoch 10/50 iter 1160/1860 loss=0.6959 mean_loss=0.7190 classification=0.0234, bbox_regression=0.0731, bbox_ctrness=0.5993
epoch 10/50 iter 1180/1860 loss=0.7096 mean_loss=0.7189 classification=0.0341, bbox_regression=0.0804, bbox_ctrness=0.5951
epoch 10/50 iter 1200/1860 loss=0.6965 mean_loss=0.7190 classification=0.0185, bbox_regression=0.0624, bbox_ctrness=0.6157
epoch 10/50 iter 1220/1860 loss=0.6957 mean_loss=0.7191 classification=0.0144, bbox_regression=0.0733, bbox_ctrness=0.6080
epoch 10/50 iter 1240/1860 loss=0.7230 mean_loss=0.7193 classification=0.0390, bbox_regression=0.0774, bbox_ctrness=0.6065
epoch 10/50 iter 1260/1860 loss=0.7052 mean_loss=0.7195 classification=0.0331, bbox_regression=0.0689, bbox_ctrness=0.6032
epoch 10/50 iter 1280/1860 loss=0.7327 mean_loss=0.7196 classification=0.0312, bbox_regression=0.1036, bbox_ctrness=0.5979
epoch 10/50 iter 1300/1860 loss=0.6855 mean_loss=0.7197 classification=0.0367, bbox_regression=0.0655, bbox_ctrness=0.5833
epoch 10/50 iter 1320/1860 loss=0.6998 mean_loss=0.7199 classification=0.0235, bbox_regression=0.0723, bbox_ctrness=0.6041
epoch 10/50 iter 1340/1860 loss=0.7579 mean_loss=0.7199 classification=0.0798, bbox_regression=0.0896, bbox_ctrness=0.5886
epoch 10/50 iter 1360/1860 loss=0.7691 mean_loss=0.7201 classification=0.0692, bbox_regression=0.0943, bbox_ctrness=0.6056
epoch 10/50 iter 1380/1860 loss=0.7067 mean_loss=0.7203 classification=0.0276, bbox_regression=0.0772, bbox_ctrness=0.6020
epoch 10/50 iter 1400/1860 loss=0.7841 mean_loss=0.7203 classification=0.0629, bbox_regression=0.1244, bbox_ctrness=0.5967
epoch 10/50 iter 1420/1860 loss=0.7430 mean_loss=0.7203 classification=0.0606, bbox_regression=0.0814, bbox_ctrness=0.6010
epoch 10/50 iter 1440/1860 loss=0.7313 mean_loss=0.7206 classification=0.0662, bbox_regression=0.0684, bbox_ctrness=0.5966
epoch 10/50 iter 1460/1860 loss=0.7105 mean_loss=0.7205 classification=0.0273, bbox_regression=0.0714, bbox_ctrness=0.6118
epoch 10/50 iter 1480/1860 loss=0.7540 mean_loss=0.7208 classification=0.0605, bbox_regression=0.0936, bbox_ctrness=0.5999
epoch 10/50 iter 1500/1860 loss=0.7385 mean_loss=0.7207 classification=0.0462, bbox_regression=0.0894, bbox_ctrness=0.6028
epoch 10/50 iter 1520/1860 loss=0.7008 mean_loss=0.7207 classification=0.0168, bbox_regression=0.0841, bbox_ctrness=0.5999
epoch 10/50 iter 1540/1860 loss=0.7099 mean_loss=0.7205 classification=0.0255, bbox_regression=0.0694, bbox_ctrness=0.6150
epoch 10/50 iter 1560/1860 loss=0.6979 mean_loss=0.7204 classification=0.0187, bbox_regression=0.0774, bbox_ctrness=0.6017
epoch 10/50 iter 1580/1860 loss=0.8325 mean_loss=0.7206 classification=0.1453, bbox_regression=0.0907, bbox_ctrness=0.5964
epoch 10/50 iter 1600/1860 loss=0.7405 mean_loss=0.7207 classification=0.0472, bbox_regression=0.0820, bbox_ctrness=0.6113
epoch 10/50 iter 1620/1860 loss=0.7054 mean_loss=0.7209 classification=0.0353, bbox_regression=0.0754, bbox_ctrness=0.5947
epoch 10/50 iter 1640/1860 loss=0.7844 mean_loss=0.7211 classification=0.0907, bbox_regression=0.0931, bbox_ctrness=0.6006
epoch 10/50 iter 1660/1860 loss=0.7190 mean_loss=0.7211 classification=0.0423, bbox_regression=0.0703, bbox_ctrness=0.6064
epoch 10/50 iter 1680/1860 loss=0.7552 mean_loss=0.7213 classification=0.0775, bbox_regression=0.0886, bbox_ctrness=0.5891
epoch 10/50 iter 1700/1860 loss=0.6958 mean_loss=0.7213 classification=0.0147, bbox_regression=0.0642, bbox_ctrness=0.6169
epoch 10/50 iter 1720/1860 loss=0.6673 mean_loss=0.7213 classification=0.0141, bbox_regression=0.0554, bbox_ctrness=0.5978
epoch 10/50 iter 1740/1860 loss=0.8121 mean_loss=0.7213 classification=0.1134, bbox_regression=0.0926, bbox_ctrness=0.6061
epoch 10/50 iter 1760/1860 loss=0.7382 mean_loss=0.7214 classification=0.0413, bbox_regression=0.0957, bbox_ctrness=0.6012
epoch 10/50 iter 1780/1860 loss=0.8152 mean_loss=0.7215 classification=0.1006, bbox_regression=0.1083, bbox_ctrness=0.6063
epoch 10/50 iter 1800/1860 loss=0.7351 mean_loss=0.7213 classification=0.0332, bbox_regression=0.1010, bbox_ctrness=0.6009
epoch 10/50 iter 1820/1860 loss=0.7022 mean_loss=0.7214 classification=0.0349, bbox_regression=0.0692, bbox_ctrness=0.5981
epoch 10/50 iter 1840/1860 loss=0.6937 mean_loss=0.7214 classification=0.0215, bbox_regression=0.0688, bbox_ctrness=0.6035
epoch 10/50 iter 1860/1860 loss=0.7289 mean_loss=0.7215 classification=0.0439, bbox_regression=0.0748, bbox_ctrness=0.6102
epoch 10 validation Precision=0.4057 Recall=0.9736 AP50=0.9444 AP75=0.8468 eval_fps=19.72 epoch_time_sec=925.9
saved checkpoint: E:\RepViT-main\runs\v48_complete_ablation\training\ra_stems_project_seed2\weights\last.pt
epoch 11/50 iter 1/1860 loss=0.6841 mean_loss=0.6841 classification=0.0144, bbox_regression=0.0606, bbox_ctrness=0.6092
epoch 11/50 iter 20/1860 loss=0.7247 mean_loss=0.7041 classification=0.0341, bbox_regression=0.0815, bbox_ctrness=0.6091
epoch 11/50 iter 40/1860 loss=0.7143 mean_loss=0.7017 classification=0.0245, bbox_regression=0.0805, bbox_ctrness=0.6094
epoch 11/50 iter 60/1860 loss=0.7001 mean_loss=0.7012 classification=0.0158, bbox_regression=0.0878, bbox_ctrness=0.5966
epoch 11/50 iter 80/1860 loss=0.7243 mean_loss=0.7015 classification=0.0413, bbox_regression=0.0837, bbox_ctrness=0.5992
epoch 11/50 iter 100/1860 loss=0.6885 mean_loss=0.7034 classification=0.0303, bbox_regression=0.0727, bbox_ctrness=0.5855
epoch 11/50 iter 120/1860 loss=0.7120 mean_loss=0.7040 classification=0.0241, bbox_regression=0.0755, bbox_ctrness=0.6124
epoch 11/50 iter 140/1860 loss=0.6977 mean_loss=0.7034 classification=0.0399, bbox_regression=0.0586, bbox_ctrness=0.5992
epoch 11/50 iter 160/1860 loss=0.8662 mean_loss=0.7043 classification=0.1691, bbox_regression=0.0914, bbox_ctrness=0.6058
epoch 11/50 iter 180/1860 loss=0.7898 mean_loss=0.7049 classification=0.0603, bbox_regression=0.1287, bbox_ctrness=0.6009
epoch 11/50 iter 200/1860 loss=0.7220 mean_loss=0.7047 classification=0.0802, bbox_regression=0.0597, bbox_ctrness=0.5820
epoch 11/50 iter 220/1860 loss=0.7106 mean_loss=0.7048 classification=0.0331, bbox_regression=0.0867, bbox_ctrness=0.5907
epoch 11/50 iter 240/1860 loss=0.7456 mean_loss=0.7055 classification=0.0484, bbox_regression=0.0801, bbox_ctrness=0.6171
epoch 11/50 iter 260/1860 loss=0.7256 mean_loss=0.7052 classification=0.0466, bbox_regression=0.0772, bbox_ctrness=0.6018
epoch 11/50 iter 280/1860 loss=0.7006 mean_loss=0.7061 classification=0.0448, bbox_regression=0.0619, bbox_ctrness=0.5939
epoch 11/50 iter 300/1860 loss=0.7098 mean_loss=0.7059 classification=0.0262, bbox_regression=0.0848, bbox_ctrness=0.5988
epoch 11/50 iter 320/1860 loss=0.7518 mean_loss=0.7064 classification=0.0494, bbox_regression=0.1037, bbox_ctrness=0.5987
epoch 11/50 iter 340/1860 loss=0.6877 mean_loss=0.7067 classification=0.0233, bbox_regression=0.0667, bbox_ctrness=0.5977
epoch 11/50 iter 360/1860 loss=0.7069 mean_loss=0.7064 classification=0.0393, bbox_regression=0.0746, bbox_ctrness=0.5930
epoch 11/50 iter 380/1860 loss=0.7022 mean_loss=0.7066 classification=0.0271, bbox_regression=0.0777, bbox_ctrness=0.5975
epoch 11/50 iter 400/1860 loss=0.7010 mean_loss=0.7065 classification=0.0243, bbox_regression=0.0698, bbox_ctrness=0.6070
epoch 11/50 iter 420/1860 loss=0.7723 mean_loss=0.7071 classification=0.0932, bbox_regression=0.0774, bbox_ctrness=0.6017
epoch 11/50 iter 440/1860 loss=0.6690 mean_loss=0.7071 classification=0.0065, bbox_regression=0.0625, bbox_ctrness=0.6000
epoch 11/50 iter 460/1860 loss=0.6991 mean_loss=0.7071 classification=0.0205, bbox_regression=0.0787, bbox_ctrness=0.5999
epoch 11/50 iter 480/1860 loss=0.7680 mean_loss=0.7075 classification=0.0697, bbox_regression=0.0870, bbox_ctrness=0.6113
epoch 11/50 iter 500/1860 loss=0.7157 mean_loss=0.7078 classification=0.0359, bbox_regression=0.0807, bbox_ctrness=0.5992
epoch 11/50 iter 520/1860 loss=0.6752 mean_loss=0.7077 classification=0.0219, bbox_regression=0.0612, bbox_ctrness=0.5920
epoch 11/50 iter 540/1860 loss=0.7069 mean_loss=0.7078 classification=0.0303, bbox_regression=0.0929, bbox_ctrness=0.5838
epoch 11/50 iter 560/1860 loss=0.7142 mean_loss=0.7079 classification=0.0095, bbox_regression=0.0942, bbox_ctrness=0.6105
epoch 11/50 iter 580/1860 loss=0.6524 mean_loss=0.7081 classification=0.0067, bbox_regression=0.0436, bbox_ctrness=0.6021
epoch 11/50 iter 600/1860 loss=0.7056 mean_loss=0.7083 classification=0.0283, bbox_regression=0.0709, bbox_ctrness=0.6064
epoch 11/50 iter 620/1860 loss=0.6710 mean_loss=0.7082 classification=0.0163, bbox_regression=0.0673, bbox_ctrness=0.5873
epoch 11/50 iter 640/1860 loss=0.8098 mean_loss=0.7088 classification=0.0830, bbox_regression=0.1315, bbox_ctrness=0.5953
epoch 11/50 iter 660/1860 loss=0.7046 mean_loss=0.7094 classification=0.0236, bbox_regression=0.0675, bbox_ctrness=0.6136
epoch 11/50 iter 680/1860 loss=0.7248 mean_loss=0.7098 classification=0.0398, bbox_regression=0.0762, bbox_ctrness=0.6089
epoch 11/50 iter 700/1860 loss=0.7237 mean_loss=0.7101 classification=0.0246, bbox_regression=0.0846, bbox_ctrness=0.6144
epoch 11/50 iter 720/1860 loss=0.7190 mean_loss=0.7104 classification=0.0299, bbox_regression=0.1077, bbox_ctrness=0.5814
epoch 11/50 iter 740/1860 loss=0.6954 mean_loss=0.7108 classification=0.0111, bbox_regression=0.0805, bbox_ctrness=0.6038
epoch 11/50 iter 760/1860 loss=0.6932 mean_loss=0.7108 classification=0.0309, bbox_regression=0.0705, bbox_ctrness=0.5918
epoch 11/50 iter 780/1860 loss=0.6735 mean_loss=0.7107 classification=0.0105, bbox_regression=0.0692, bbox_ctrness=0.5938
epoch 11/50 iter 800/1860 loss=0.7732 mean_loss=0.7109 classification=0.0748, bbox_regression=0.0964, bbox_ctrness=0.6020
epoch 11/50 iter 820/1860 loss=0.6892 mean_loss=0.7109 classification=0.0275, bbox_regression=0.0654, bbox_ctrness=0.5964
epoch 11/50 iter 840/1860 loss=0.7175 mean_loss=0.7110 classification=0.0310, bbox_regression=0.0776, bbox_ctrness=0.6089
epoch 11/50 iter 860/1860 loss=0.7001 mean_loss=0.7108 classification=0.0155, bbox_regression=0.0754, bbox_ctrness=0.6091
epoch 11/50 iter 880/1860 loss=0.7477 mean_loss=0.7109 classification=0.0603, bbox_regression=0.0882, bbox_ctrness=0.5992
epoch 11/50 iter 900/1860 loss=0.6885 mean_loss=0.7108 classification=0.0083, bbox_regression=0.0778, bbox_ctrness=0.6023
epoch 11/50 iter 920/1860 loss=0.7025 mean_loss=0.7110 classification=0.0264, bbox_regression=0.0942, bbox_ctrness=0.5819
epoch 11/50 iter 940/1860 loss=0.6878 mean_loss=0.7108 classification=0.0266, bbox_regression=0.0668, bbox_ctrness=0.5943
epoch 11/50 iter 960/1860 loss=0.7209 mean_loss=0.7107 classification=0.0413, bbox_regression=0.0809, bbox_ctrness=0.5987
epoch 11/50 iter 980/1860 loss=0.7012 mean_loss=0.7109 classification=0.0382, bbox_regression=0.0521, bbox_ctrness=0.6108
epoch 11/50 iter 1000/1860 loss=0.7070 mean_loss=0.7111 classification=0.0108, bbox_regression=0.1048, bbox_ctrness=0.5914
epoch 11/50 iter 1020/1860 loss=0.6918 mean_loss=0.7111 classification=0.0148, bbox_regression=0.0702, bbox_ctrness=0.6067
epoch 11/50 iter 1040/1860 loss=0.7132 mean_loss=0.7112 classification=0.0464, bbox_regression=0.0653, bbox_ctrness=0.6016
epoch 11/50 iter 1060/1860 loss=0.7015 mean_loss=0.7113 classification=0.0304, bbox_regression=0.0677, bbox_ctrness=0.6034
epoch 11/50 iter 1080/1860 loss=0.6902 mean_loss=0.7112 classification=0.0122, bbox_regression=0.0658, bbox_ctrness=0.6122
epoch 11/50 iter 1100/1860 loss=0.7224 mean_loss=0.7114 classification=0.0346, bbox_regression=0.0779, bbox_ctrness=0.6099
epoch 11/50 iter 1120/1860 loss=0.7108 mean_loss=0.7114 classification=0.0315, bbox_regression=0.0829, bbox_ctrness=0.5964
epoch 11/50 iter 1140/1860 loss=0.7045 mean_loss=0.7113 classification=0.0336, bbox_regression=0.0708, bbox_ctrness=0.6001
epoch 11/50 iter 1160/1860 loss=0.7066 mean_loss=0.7115 classification=0.0216, bbox_regression=0.0740, bbox_ctrness=0.6111
epoch 11/50 iter 1180/1860 loss=0.6837 mean_loss=0.7116 classification=0.0053, bbox_regression=0.0550, bbox_ctrness=0.6234
epoch 11/50 iter 1200/1860 loss=0.6739 mean_loss=0.7117 classification=0.0186, bbox_regression=0.0628, bbox_ctrness=0.5924
epoch 11/50 iter 1220/1860 loss=0.6652 mean_loss=0.7116 classification=0.0331, bbox_regression=0.0452, bbox_ctrness=0.5869
epoch 11/50 iter 1240/1860 loss=0.7075 mean_loss=0.7117 classification=0.0277, bbox_regression=0.0959, bbox_ctrness=0.5840
epoch 11/50 iter 1260/1860 loss=0.7109 mean_loss=0.7117 classification=0.0312, bbox_regression=0.0777, bbox_ctrness=0.6020
epoch 11/50 iter 1280/1860 loss=0.7098 mean_loss=0.7116 classification=0.0347, bbox_regression=0.0658, bbox_ctrness=0.6093
epoch 11/50 iter 1300/1860 loss=0.6821 mean_loss=0.7117 classification=0.0286, bbox_regression=0.0595, bbox_ctrness=0.5941
epoch 11/50 iter 1320/1860 loss=0.7092 mean_loss=0.7118 classification=0.0431, bbox_regression=0.0745, bbox_ctrness=0.5916
epoch 11/50 iter 1340/1860 loss=0.7683 mean_loss=0.7118 classification=0.0652, bbox_regression=0.1000, bbox_ctrness=0.6031
epoch 11/50 iter 1360/1860 loss=0.6957 mean_loss=0.7119 classification=0.0271, bbox_regression=0.0587, bbox_ctrness=0.6099
epoch 11/50 iter 1380/1860 loss=0.6713 mean_loss=0.7119 classification=0.0204, bbox_regression=0.0650, bbox_ctrness=0.5860
epoch 11/50 iter 1400/1860 loss=0.6944 mean_loss=0.7118 classification=0.0376, bbox_regression=0.0586, bbox_ctrness=0.5981
epoch 11/50 iter 1420/1860 loss=0.7528 mean_loss=0.7119 classification=0.0723, bbox_regression=0.0650, bbox_ctrness=0.6155
epoch 11/50 iter 1440/1860 loss=0.7504 mean_loss=0.7122 classification=0.0477, bbox_regression=0.1075, bbox_ctrness=0.5952
epoch 11/50 iter 1460/1860 loss=0.6628 mean_loss=0.7122 classification=0.0196, bbox_regression=0.0654, bbox_ctrness=0.5777
epoch 11/50 iter 1480/1860 loss=0.6840 mean_loss=0.7122 classification=0.0272, bbox_regression=0.0596, bbox_ctrness=0.5973
epoch 11/50 iter 1500/1860 loss=0.6895 mean_loss=0.7123 classification=0.0125, bbox_regression=0.0731, bbox_ctrness=0.6039
epoch 11/50 iter 1520/1860 loss=0.7424 mean_loss=0.7123 classification=0.0464, bbox_regression=0.0939, bbox_ctrness=0.6021
epoch 11/50 iter 1540/1860 loss=0.6919 mean_loss=0.7124 classification=0.0219, bbox_regression=0.0748, bbox_ctrness=0.5951
epoch 11/50 iter 1560/1860 loss=0.7317 mean_loss=0.7123 classification=0.0364, bbox_regression=0.0965, bbox_ctrness=0.5988
epoch 11/50 iter 1580/1860 loss=0.7007 mean_loss=0.7124 classification=0.0207, bbox_regression=0.0646, bbox_ctrness=0.6154
epoch 11/50 iter 1600/1860 loss=0.6800 mean_loss=0.7126 classification=0.0158, bbox_regression=0.0717, bbox_ctrness=0.5925
epoch 11/50 iter 1620/1860 loss=0.6947 mean_loss=0.7125 classification=0.0152, bbox_regression=0.0699, bbox_ctrness=0.6095
epoch 11/50 iter 1640/1860 loss=0.7638 mean_loss=0.7126 classification=0.0553, bbox_regression=0.1088, bbox_ctrness=0.5998
epoch 11/50 iter 1660/1860 loss=0.7290 mean_loss=0.7128 classification=0.0387, bbox_regression=0.0904, bbox_ctrness=0.5998
epoch 11/50 iter 1680/1860 loss=0.6587 mean_loss=0.7128 classification=0.0134, bbox_regression=0.0518, bbox_ctrness=0.5936
epoch 11/50 iter 1700/1860 loss=0.6871 mean_loss=0.7126 classification=0.0217, bbox_regression=0.0675, bbox_ctrness=0.5979
epoch 11/50 iter 1720/1860 loss=0.7074 mean_loss=0.7127 classification=0.0402, bbox_regression=0.0803, bbox_ctrness=0.5869
epoch 11/50 iter 1740/1860 loss=0.7278 mean_loss=0.7128 classification=0.0241, bbox_regression=0.0947, bbox_ctrness=0.6090
epoch 11/50 iter 1760/1860 loss=0.7034 mean_loss=0.7128 classification=0.0346, bbox_regression=0.0827, bbox_ctrness=0.5861
epoch 11/50 iter 1780/1860 loss=0.6658 mean_loss=0.7127 classification=0.0239, bbox_regression=0.0424, bbox_ctrness=0.5995
epoch 11/50 iter 1800/1860 loss=0.7137 mean_loss=0.7128 classification=0.0294, bbox_regression=0.0841, bbox_ctrness=0.6002
epoch 11/50 iter 1820/1860 loss=0.7027 mean_loss=0.7128 classification=0.0408, bbox_regression=0.0721, bbox_ctrness=0.5898
epoch 11/50 iter 1840/1860 loss=0.6756 mean_loss=0.7130 classification=0.0240, bbox_regression=0.0644, bbox_ctrness=0.5873
epoch 11/50 iter 1860/1860 loss=0.6894 mean_loss=0.7129 classification=0.0166, bbox_regression=0.0563, bbox_ctrness=0.6165
epoch 11 validation Precision=0.5938 Recall=0.9634 AP50=0.9370 AP75=0.8477 eval_fps=20.73 epoch_time_sec=922.0
saved checkpoint: E:\RepViT-main\runs\v48_complete_ablation\training\ra_stems_project_seed2\weights\last.pt
epoch 12/50 iter 1/1860 loss=0.6659 mean_loss=0.6659 classification=0.0270, bbox_regression=0.0635, bbox_ctrness=0.5754
epoch 12/50 iter 20/1860 loss=0.6964 mean_loss=0.6921 classification=0.0133, bbox_regression=0.0686, bbox_ctrness=0.6145
epoch 12/50 iter 40/1860 loss=0.7241 mean_loss=0.6982 classification=0.0531, bbox_regression=0.0849, bbox_ctrness=0.5860
epoch 12/50 iter 60/1860 loss=0.7172 mean_loss=0.6996 classification=0.0117, bbox_regression=0.0756, bbox_ctrness=0.6300
epoch 12/50 iter 80/1860 loss=0.6866 mean_loss=0.6991 classification=0.0162, bbox_regression=0.0578, bbox_ctrness=0.6127
epoch 12/50 iter 100/1860 loss=0.7255 mean_loss=0.7017 classification=0.0362, bbox_regression=0.0769, bbox_ctrness=0.6125
epoch 12/50 iter 120/1860 loss=0.7414 mean_loss=0.7004 classification=0.0515, bbox_regression=0.0853, bbox_ctrness=0.6047
epoch 12/50 iter 140/1860 loss=0.6891 mean_loss=0.6991 classification=0.0061, bbox_regression=0.0734, bbox_ctrness=0.6096
epoch 12/50 iter 160/1860 loss=0.6971 mean_loss=0.6998 classification=0.0134, bbox_regression=0.0789, bbox_ctrness=0.6048
epoch 12/50 iter 180/1860 loss=0.7106 mean_loss=0.7010 classification=0.0192, bbox_regression=0.0887, bbox_ctrness=0.6026
epoch 12/50 iter 200/1860 loss=0.6821 mean_loss=0.7020 classification=0.0336, bbox_regression=0.0621, bbox_ctrness=0.5864
epoch 12/50 iter 220/1860 loss=0.7092 mean_loss=0.7020 classification=0.0362, bbox_regression=0.0731, bbox_ctrness=0.5998
epoch 12/50 iter 240/1860 loss=0.7218 mean_loss=0.7026 classification=0.0308, bbox_regression=0.0875, bbox_ctrness=0.6035
epoch 12/50 iter 260/1860 loss=0.8106 mean_loss=0.7038 classification=0.1181, bbox_regression=0.1101, bbox_ctrness=0.5823
epoch 12/50 iter 280/1860 loss=0.6731 mean_loss=0.7037 classification=0.0168, bbox_regression=0.0694, bbox_ctrness=0.5869
epoch 12/50 iter 300/1860 loss=0.7268 mean_loss=0.7033 classification=0.0243, bbox_regression=0.0821, bbox_ctrness=0.6204
epoch 12/50 iter 320/1860 loss=0.7284 mean_loss=0.7034 classification=0.0208, bbox_regression=0.0876, bbox_ctrness=0.6200
epoch 12/50 iter 340/1860 loss=0.6946 mean_loss=0.7034 classification=0.0207, bbox_regression=0.0753, bbox_ctrness=0.5986
epoch 12/50 iter 360/1860 loss=0.6797 mean_loss=0.7039 classification=0.0279, bbox_regression=0.0793, bbox_ctrness=0.5725
epoch 12/50 iter 380/1860 loss=0.7093 mean_loss=0.7036 classification=0.0324, bbox_regression=0.0802, bbox_ctrness=0.5967
epoch 12/50 iter 400/1860 loss=0.6920 mean_loss=0.7030 classification=0.0301, bbox_regression=0.0638, bbox_ctrness=0.5980
epoch 12/50 iter 420/1860 loss=0.6853 mean_loss=0.7028 classification=0.0180, bbox_regression=0.0665, bbox_ctrness=0.6007
epoch 12/50 iter 440/1860 loss=0.7336 mean_loss=0.7029 classification=0.0477, bbox_regression=0.0784, bbox_ctrness=0.6075
epoch 12/50 iter 460/1860 loss=0.6907 mean_loss=0.7033 classification=0.0230, bbox_regression=0.0684, bbox_ctrness=0.5994
epoch 12/50 iter 480/1860 loss=0.7170 mean_loss=0.7031 classification=0.0464, bbox_regression=0.0716, bbox_ctrness=0.5991
epoch 12/50 iter 500/1860 loss=0.6741 mean_loss=0.7032 classification=0.0229, bbox_regression=0.0702, bbox_ctrness=0.5809
epoch 12/50 iter 520/1860 loss=0.6763 mean_loss=0.7036 classification=0.0052, bbox_regression=0.0604, bbox_ctrness=0.6107
epoch 12/50 iter 540/1860 loss=0.7179 mean_loss=0.7040 classification=0.0374, bbox_regression=0.0611, bbox_ctrness=0.6194
epoch 12/50 iter 560/1860 loss=0.6666 mean_loss=0.7042 classification=0.0139, bbox_regression=0.0614, bbox_ctrness=0.5913
epoch 12/50 iter 580/1860 loss=0.7358 mean_loss=0.7041 classification=0.0494, bbox_regression=0.0887, bbox_ctrness=0.5977
epoch 12/50 iter 600/1860 loss=0.6955 mean_loss=0.7042 classification=0.0232, bbox_regression=0.0688, bbox_ctrness=0.6035
epoch 12/50 iter 620/1860 loss=0.7125 mean_loss=0.7041 classification=0.0312, bbox_regression=0.0823, bbox_ctrness=0.5991
epoch 12/50 iter 640/1860 loss=0.7093 mean_loss=0.7043 classification=0.0491, bbox_regression=0.0771, bbox_ctrness=0.5831
epoch 12/50 iter 660/1860 loss=0.7085 mean_loss=0.7046 classification=0.0370, bbox_regression=0.0718, bbox_ctrness=0.5996
epoch 12/50 iter 680/1860 loss=0.6800 mean_loss=0.7046 classification=0.0429, bbox_regression=0.0595, bbox_ctrness=0.5776
epoch 12/50 iter 700/1860 loss=0.6739 mean_loss=0.7046 classification=0.0252, bbox_regression=0.0556, bbox_ctrness=0.5931
epoch 12/50 iter 720/1860 loss=0.7495 mean_loss=0.7048 classification=0.0369, bbox_regression=0.1212, bbox_ctrness=0.5915
epoch 12/50 iter 740/1860 loss=0.6649 mean_loss=0.7047 classification=0.0246, bbox_regression=0.0490, bbox_ctrness=0.5913
epoch 12/50 iter 760/1860 loss=0.7018 mean_loss=0.7048 classification=0.0157, bbox_regression=0.0810, bbox_ctrness=0.6051
epoch 12/50 iter 780/1860 loss=0.6606 mean_loss=0.7048 classification=0.0107, bbox_regression=0.0635, bbox_ctrness=0.5864
epoch 12/50 iter 800/1860 loss=0.6848 mean_loss=0.7047 classification=0.0190, bbox_regression=0.0643, bbox_ctrness=0.6015
epoch 12/50 iter 820/1860 loss=0.7701 mean_loss=0.7045 classification=0.0621, bbox_regression=0.0912, bbox_ctrness=0.6168
epoch 12/50 iter 840/1860 loss=0.7011 mean_loss=0.7045 classification=0.0290, bbox_regression=0.0731, bbox_ctrness=0.5990
epoch 12/50 iter 860/1860 loss=0.7008 mean_loss=0.7045 classification=0.0261, bbox_regression=0.0680, bbox_ctrness=0.6067
epoch 12/50 iter 880/1860 loss=0.6911 mean_loss=0.7046 classification=0.0365, bbox_regression=0.0638, bbox_ctrness=0.5909
epoch 12/50 iter 900/1860 loss=0.6725 mean_loss=0.7045 classification=0.0059, bbox_regression=0.0658, bbox_ctrness=0.6008
epoch 12/50 iter 920/1860 loss=0.6889 mean_loss=0.7047 classification=0.0270, bbox_regression=0.0652, bbox_ctrness=0.5967
epoch 12/50 iter 940/1860 loss=0.6866 mean_loss=0.7047 classification=0.0181, bbox_regression=0.0631, bbox_ctrness=0.6054
epoch 12/50 iter 960/1860 loss=0.6848 mean_loss=0.7046 classification=0.0259, bbox_regression=0.0669, bbox_ctrness=0.5921
epoch 12/50 iter 980/1860 loss=0.7017 mean_loss=0.7049 classification=0.0294, bbox_regression=0.0626, bbox_ctrness=0.6097
epoch 12/50 iter 1000/1860 loss=0.7102 mean_loss=0.7047 classification=0.0301, bbox_regression=0.0504, bbox_ctrness=0.6297
epoch 12/50 iter 1020/1860 loss=0.7119 mean_loss=0.7048 classification=0.0218, bbox_regression=0.0691, bbox_ctrness=0.6209
epoch 12/50 iter 1040/1860 loss=0.6916 mean_loss=0.7050 classification=0.0371, bbox_regression=0.0638, bbox_ctrness=0.5907
epoch 12/50 iter 1060/1860 loss=0.7045 mean_loss=0.7051 classification=0.0293, bbox_regression=0.0716, bbox_ctrness=0.6035
epoch 12/50 iter 1080/1860 loss=0.6708 mean_loss=0.7051 classification=0.0101, bbox_regression=0.0642, bbox_ctrness=0.5966
epoch 12/50 iter 1100/1860 loss=0.6904 mean_loss=0.7049 classification=0.0225, bbox_regression=0.0626, bbox_ctrness=0.6053
epoch 12/50 iter 1120/1860 loss=0.7262 mean_loss=0.7050 classification=0.0511, bbox_regression=0.0682, bbox_ctrness=0.6070
epoch 12/50 iter 1140/1860 loss=0.6635 mean_loss=0.7052 classification=0.0101, bbox_regression=0.0594, bbox_ctrness=0.5940
epoch 12/50 iter 1160/1860 loss=0.7055 mean_loss=0.7051 classification=0.0279, bbox_regression=0.0874, bbox_ctrness=0.5903
epoch 12/50 iter 1180/1860 loss=0.6804 mean_loss=0.7049 classification=0.0172, bbox_regression=0.0641, bbox_ctrness=0.5991
epoch 12/50 iter 1200/1860 loss=0.6902 mean_loss=0.7051 classification=0.0109, bbox_regression=0.0624, bbox_ctrness=0.6169
epoch 12/50 iter 1220/1860 loss=0.7056 mean_loss=0.7050 classification=0.0392, bbox_regression=0.0840, bbox_ctrness=0.5825
epoch 12/50 iter 1240/1860 loss=0.7502 mean_loss=0.7051 classification=0.0617, bbox_regression=0.0875, bbox_ctrness=0.6009
epoch 12/50 iter 1260/1860 loss=0.7259 mean_loss=0.7052 classification=0.0526, bbox_regression=0.0903, bbox_ctrness=0.5830
epoch 12/50 iter 1280/1860 loss=0.7089 mean_loss=0.7053 classification=0.0274, bbox_regression=0.0854, bbox_ctrness=0.5960
epoch 12/50 iter 1300/1860 loss=0.7264 mean_loss=0.7054 classification=0.0264, bbox_regression=0.1022, bbox_ctrness=0.5978
epoch 12/50 iter 1320/1860 loss=0.7134 mean_loss=0.7053 classification=0.0465, bbox_regression=0.0712, bbox_ctrness=0.5957
epoch 12/50 iter 1340/1860 loss=0.8020 mean_loss=0.7055 classification=0.0848, bbox_regression=0.1068, bbox_ctrness=0.6104
epoch 12/50 iter 1360/1860 loss=0.7089 mean_loss=0.7053 classification=0.0332, bbox_regression=0.0783, bbox_ctrness=0.5974
epoch 12/50 iter 1380/1860 loss=0.7316 mean_loss=0.7056 classification=0.0354, bbox_regression=0.0914, bbox_ctrness=0.6049
epoch 12/50 iter 1400/1860 loss=0.7093 mean_loss=0.7057 classification=0.0060, bbox_regression=0.0687, bbox_ctrness=0.6345
epoch 12/50 iter 1420/1860 loss=0.7470 mean_loss=0.7057 classification=0.0666, bbox_regression=0.0767, bbox_ctrness=0.6037
epoch 12/50 iter 1440/1860 loss=0.7103 mean_loss=0.7056 classification=0.0319, bbox_regression=0.0778, bbox_ctrness=0.6005
epoch 12/50 iter 1460/1860 loss=0.7202 mean_loss=0.7056 classification=0.0322, bbox_regression=0.0879, bbox_ctrness=0.6001
epoch 12/50 iter 1480/1860 loss=0.6980 mean_loss=0.7056 classification=0.0225, bbox_regression=0.0721, bbox_ctrness=0.6033
epoch 12/50 iter 1500/1860 loss=0.6782 mean_loss=0.7055 classification=0.0054, bbox_regression=0.0698, bbox_ctrness=0.6030
epoch 12/50 iter 1520/1860 loss=0.7040 mean_loss=0.7055 classification=0.0101, bbox_regression=0.0842, bbox_ctrness=0.6097
epoch 12/50 iter 1540/1860 loss=0.7191 mean_loss=0.7058 classification=0.0475, bbox_regression=0.0907, bbox_ctrness=0.5809
epoch 12/50 iter 1560/1860 loss=0.7246 mean_loss=0.7057 classification=0.0438, bbox_regression=0.0747, bbox_ctrness=0.6062
epoch 12/50 iter 1580/1860 loss=0.7716 mean_loss=0.7057 classification=0.0627, bbox_regression=0.1071, bbox_ctrness=0.6018
epoch 12/50 iter 1600/1860 loss=0.7351 mean_loss=0.7057 classification=0.0299, bbox_regression=0.0916, bbox_ctrness=0.6136
epoch 12/50 iter 1620/1860 loss=0.7070 mean_loss=0.7058 classification=0.0104, bbox_regression=0.0841, bbox_ctrness=0.6124
epoch 12/50 iter 1640/1860 loss=0.6872 mean_loss=0.7058 classification=0.0153, bbox_regression=0.0601, bbox_ctrness=0.6117
epoch 12/50 iter 1660/1860 loss=0.7121 mean_loss=0.7059 classification=0.0180, bbox_regression=0.0867, bbox_ctrness=0.6073
epoch 12/50 iter 1680/1860 loss=0.7070 mean_loss=0.7064 classification=0.0487, bbox_regression=0.0699, bbox_ctrness=0.5883
epoch 12/50 iter 1700/1860 loss=0.7481 mean_loss=0.7064 classification=0.0467, bbox_regression=0.1000, bbox_ctrness=0.6014
epoch 12/50 iter 1720/1860 loss=0.7240 mean_loss=0.7064 classification=0.0272, bbox_regression=0.1060, bbox_ctrness=0.5908
epoch 12/50 iter 1740/1860 loss=0.7151 mean_loss=0.7063 classification=0.0346, bbox_regression=0.0801, bbox_ctrness=0.6004
epoch 12/50 iter 1760/1860 loss=0.7313 mean_loss=0.7064 classification=0.0326, bbox_regression=0.0983, bbox_ctrness=0.6005
epoch 12/50 iter 1780/1860 loss=0.7306 mean_loss=0.7063 classification=0.0604, bbox_regression=0.0748, bbox_ctrness=0.5953
epoch 12/50 iter 1800/1860 loss=0.7382 mean_loss=0.7063 classification=0.0361, bbox_regression=0.0923, bbox_ctrness=0.6098
epoch 12/50 iter 1820/1860 loss=0.6904 mean_loss=0.7062 classification=0.0205, bbox_regression=0.0838, bbox_ctrness=0.5860
epoch 12/50 iter 1840/1860 loss=0.7155 mean_loss=0.7061 classification=0.0365, bbox_regression=0.0742, bbox_ctrness=0.6048
epoch 12/50 iter 1860/1860 loss=0.7000 mean_loss=0.7062 classification=0.0317, bbox_regression=0.0554, bbox_ctrness=0.6129
epoch 12 validation Precision=0.6707 Recall=0.9502 AP50=0.9309 AP75=0.8442 eval_fps=20.80 epoch_time_sec=908.9
saved checkpoint: E:\RepViT-main\runs\v48_complete_ablation\training\ra_stems_project_seed2\weights\last.pt
epoch 13/50 iter 1/1860 loss=0.6957 mean_loss=0.6957 classification=0.0343, bbox_regression=0.0672, bbox_ctrness=0.5942
epoch 13/50 iter 20/1860 loss=0.7458 mean_loss=0.6962 classification=0.0524, bbox_regression=0.0820, bbox_ctrness=0.6114
epoch 13/50 iter 40/1860 loss=0.6690 mean_loss=0.6930 classification=0.0188, bbox_regression=0.0612, bbox_ctrness=0.5891
epoch 13/50 iter 60/1860 loss=0.6903 mean_loss=0.6942 classification=0.0334, bbox_regression=0.0654, bbox_ctrness=0.5915
epoch 13/50 iter 80/1860 loss=0.6785 mean_loss=0.6915 classification=0.0209, bbox_regression=0.0712, bbox_ctrness=0.5864
epoch 13/50 iter 100/1860 loss=0.6973 mean_loss=0.6930 classification=0.0241, bbox_regression=0.0913, bbox_ctrness=0.5819
epoch 13/50 iter 120/1860 loss=0.7335 mean_loss=0.6954 classification=0.0462, bbox_regression=0.0826, bbox_ctrness=0.6047
epoch 13/50 iter 140/1860 loss=0.6760 mean_loss=0.6962 classification=0.0208, bbox_regression=0.0648, bbox_ctrness=0.5905
epoch 13/50 iter 160/1860 loss=0.7178 mean_loss=0.6967 classification=0.0176, bbox_regression=0.0825, bbox_ctrness=0.6176
epoch 13/50 iter 180/1860 loss=0.7710 mean_loss=0.6965 classification=0.0842, bbox_regression=0.0918, bbox_ctrness=0.5950
epoch 13/50 iter 200/1860 loss=0.6767 mean_loss=0.6955 classification=0.0302, bbox_regression=0.0667, bbox_ctrness=0.5798
epoch 13/50 iter 220/1860 loss=0.7218 mean_loss=0.6962 classification=0.0309, bbox_regression=0.0928, bbox_ctrness=0.5981
epoch 13/50 iter 240/1860 loss=0.6801 mean_loss=0.6964 classification=0.0065, bbox_regression=0.0813, bbox_ctrness=0.5923
epoch 13/50 iter 260/1860 loss=0.6786 mean_loss=0.6961 classification=0.0071, bbox_regression=0.0548, bbox_ctrness=0.6167
epoch 13/50 iter 280/1860 loss=0.6853 mean_loss=0.6959 classification=0.0216, bbox_regression=0.0645, bbox_ctrness=0.5991
epoch 13/50 iter 300/1860 loss=0.6898 mean_loss=0.6948 classification=0.0271, bbox_regression=0.0569, bbox_ctrness=0.6058
epoch 13/50 iter 320/1860 loss=0.6987 mean_loss=0.6946 classification=0.0297, bbox_regression=0.0752, bbox_ctrness=0.5938
epoch 13/50 iter 340/1860 loss=0.6816 mean_loss=0.6947 classification=0.0127, bbox_regression=0.0614, bbox_ctrness=0.6075
epoch 13/50 iter 360/1860 loss=0.6849 mean_loss=0.6946 classification=0.0101, bbox_regression=0.0646, bbox_ctrness=0.6102
epoch 13/50 iter 380/1860 loss=0.7984 mean_loss=0.6952 classification=0.0926, bbox_regression=0.1110, bbox_ctrness=0.5947
epoch 13/50 iter 400/1860 loss=0.6685 mean_loss=0.6956 classification=0.0174, bbox_regression=0.0594, bbox_ctrness=0.5917
epoch 13/50 iter 420/1860 loss=0.6890 mean_loss=0.6964 classification=0.0155, bbox_regression=0.0649, bbox_ctrness=0.6086
epoch 13/50 iter 440/1860 loss=0.6795 mean_loss=0.6966 classification=0.0164, bbox_regression=0.0596, bbox_ctrness=0.6035
epoch 13/50 iter 460/1860 loss=0.7302 mean_loss=0.6970 classification=0.0436, bbox_regression=0.0927, bbox_ctrness=0.5939
epoch 13/50 iter 480/1860 loss=0.6980 mean_loss=0.6974 classification=0.0171, bbox_regression=0.0844, bbox_ctrness=0.5964
epoch 13/50 iter 500/1860 loss=0.6840 mean_loss=0.6975 classification=0.0359, bbox_regression=0.0675, bbox_ctrness=0.5806
epoch 13/50 iter 520/1860 loss=0.6885 mean_loss=0.6973 classification=0.0149, bbox_regression=0.0669, bbox_ctrness=0.6067
epoch 13/50 iter 540/1860 loss=0.6998 mean_loss=0.6975 classification=0.0157, bbox_regression=0.0840, bbox_ctrness=0.6001
epoch 13/50 iter 560/1860 loss=0.6817 mean_loss=0.6981 classification=0.0193, bbox_regression=0.0679, bbox_ctrness=0.5946
epoch 13/50 iter 580/1860 loss=0.6945 mean_loss=0.6987 classification=0.0181, bbox_regression=0.0647, bbox_ctrness=0.6118
epoch 13/50 iter 600/1860 loss=0.7566 mean_loss=0.6990 classification=0.0466, bbox_regression=0.0944, bbox_ctrness=0.6156
epoch 13/50 iter 620/1860 loss=0.6856 mean_loss=0.6990 classification=0.0254, bbox_regression=0.0634, bbox_ctrness=0.5969
epoch 13/50 iter 640/1860 loss=0.6938 mean_loss=0.6990 classification=0.0169, bbox_regression=0.0718, bbox_ctrness=0.6052
epoch 13/50 iter 660/1860 loss=0.7033 mean_loss=0.6994 classification=0.0182, bbox_regression=0.0756, bbox_ctrness=0.6095
epoch 13/50 iter 680/1860 loss=0.6930 mean_loss=0.6991 classification=0.0227, bbox_regression=0.0670, bbox_ctrness=0.6034
epoch 13/50 iter 700/1860 loss=0.6992 mean_loss=0.6991 classification=0.0142, bbox_regression=0.0757, bbox_ctrness=0.6093
epoch 13/50 iter 720/1860 loss=0.6762 mean_loss=0.6991 classification=0.0227, bbox_regression=0.0787, bbox_ctrness=0.5749
epoch 13/50 iter 740/1860 loss=0.6500 mean_loss=0.6991 classification=0.0196, bbox_regression=0.0481, bbox_ctrness=0.5823
epoch 13/50 iter 760/1860 loss=0.6996 mean_loss=0.6991 classification=0.0204, bbox_regression=0.0672, bbox_ctrness=0.6121
epoch 13/50 iter 780/1860 loss=0.7530 mean_loss=0.6992 classification=0.0526, bbox_regression=0.0933, bbox_ctrness=0.6071
epoch 13/50 iter 800/1860 loss=0.6751 mean_loss=0.6991 classification=0.0170, bbox_regression=0.0633, bbox_ctrness=0.5948
epoch 13/50 iter 820/1860 loss=0.7196 mean_loss=0.6991 classification=0.0446, bbox_regression=0.0631, bbox_ctrness=0.6119
epoch 13/50 iter 840/1860 loss=0.7469 mean_loss=0.6995 classification=0.0652, bbox_regression=0.0697, bbox_ctrness=0.6120
epoch 13/50 iter 860/1860 loss=0.6888 mean_loss=0.6996 classification=0.0231, bbox_regression=0.0647, bbox_ctrness=0.6011
epoch 13/50 iter 880/1860 loss=0.7075 mean_loss=0.6997 classification=0.0479, bbox_regression=0.0805, bbox_ctrness=0.5791
epoch 13/50 iter 900/1860 loss=0.7101 mean_loss=0.6998 classification=0.0146, bbox_regression=0.0863, bbox_ctrness=0.6092
epoch 13/50 iter 920/1860 loss=0.6852 mean_loss=0.6996 classification=0.0258, bbox_regression=0.0766, bbox_ctrness=0.5828
epoch 13/50 iter 940/1860 loss=0.6958 mean_loss=0.6996 classification=0.0330, bbox_regression=0.0553, bbox_ctrness=0.6076
epoch 13/50 iter 960/1860 loss=0.7315 mean_loss=0.7000 classification=0.0588, bbox_regression=0.0785, bbox_ctrness=0.5941
epoch 13/50 iter 980/1860 loss=0.6742 mean_loss=0.7000 classification=0.0206, bbox_regression=0.0631, bbox_ctrness=0.5905
epoch 13/50 iter 1000/1860 loss=0.7118 mean_loss=0.6999 classification=0.0365, bbox_regression=0.0630, bbox_ctrness=0.6123
epoch 13/50 iter 1020/1860 loss=0.7244 mean_loss=0.6999 classification=0.0236, bbox_regression=0.0898, bbox_ctrness=0.6111
epoch 13/50 iter 1040/1860 loss=0.7216 mean_loss=0.6998 classification=0.0273, bbox_regression=0.0871, bbox_ctrness=0.6072
epoch 13/50 iter 1060/1860 loss=0.6727 mean_loss=0.6997 classification=0.0172, bbox_regression=0.0629, bbox_ctrness=0.5925
epoch 13/50 iter 1080/1860 loss=0.6905 mean_loss=0.6997 classification=0.0256, bbox_regression=0.0664, bbox_ctrness=0.5985
epoch 13/50 iter 1100/1860 loss=0.6727 mean_loss=0.6995 classification=0.0084, bbox_regression=0.0727, bbox_ctrness=0.5916
epoch 13/50 iter 1120/1860 loss=0.6991 mean_loss=0.6994 classification=0.0155, bbox_regression=0.0777, bbox_ctrness=0.6059
epoch 13/50 iter 1140/1860 loss=0.6908 mean_loss=0.6992 classification=0.0185, bbox_regression=0.0671, bbox_ctrness=0.6053
epoch 13/50 iter 1160/1860 loss=0.7522 mean_loss=0.6991 classification=0.0479, bbox_regression=0.0862, bbox_ctrness=0.6181
epoch 13/50 iter 1180/1860 loss=0.7177 mean_loss=0.6991 classification=0.0325, bbox_regression=0.0721, bbox_ctrness=0.6131
epoch 13/50 iter 1200/1860 loss=0.7196 mean_loss=0.6991 classification=0.0290, bbox_regression=0.0911, bbox_ctrness=0.5994
epoch 13/50 iter 1220/1860 loss=0.6812 mean_loss=0.6991 classification=0.0219, bbox_regression=0.0605, bbox_ctrness=0.5988
epoch 13/50 iter 1240/1860 loss=0.7422 mean_loss=0.6994 classification=0.0554, bbox_regression=0.0890, bbox_ctrness=0.5978
epoch 13/50 iter 1260/1860 loss=0.6960 mean_loss=0.6996 classification=0.0116, bbox_regression=0.0709, bbox_ctrness=0.6135
epoch 13/50 iter 1280/1860 loss=0.7021 mean_loss=0.6995 classification=0.0293, bbox_regression=0.0759, bbox_ctrness=0.5969
epoch 13/50 iter 1300/1860 loss=0.6826 mean_loss=0.6996 classification=0.0155, bbox_regression=0.0622, bbox_ctrness=0.6049
epoch 13/50 iter 1320/1860 loss=0.6646 mean_loss=0.6996 classification=0.0121, bbox_regression=0.0630, bbox_ctrness=0.5895
epoch 13/50 iter 1340/1860 loss=0.7457 mean_loss=0.6997 classification=0.0577, bbox_regression=0.0845, bbox_ctrness=0.6035
epoch 13/50 iter 1360/1860 loss=0.9142 mean_loss=0.6998 classification=0.1305, bbox_regression=0.1641, bbox_ctrness=0.6196
epoch 13/50 iter 1380/1860 loss=0.6709 mean_loss=0.6998 classification=0.0348, bbox_regression=0.0522, bbox_ctrness=0.5839
epoch 13/50 iter 1400/1860 loss=0.7134 mean_loss=0.6999 classification=0.0326, bbox_regression=0.0757, bbox_ctrness=0.6051
epoch 13/50 iter 1420/1860 loss=0.7370 mean_loss=0.6998 classification=0.0202, bbox_regression=0.0847, bbox_ctrness=0.6321
epoch 13/50 iter 1440/1860 loss=0.6986 mean_loss=0.6999 classification=0.0109, bbox_regression=0.0736, bbox_ctrness=0.6142
epoch 13/50 iter 1460/1860 loss=0.6783 mean_loss=0.6998 classification=0.0054, bbox_regression=0.0664, bbox_ctrness=0.6065
epoch 13/50 iter 1480/1860 loss=0.6846 mean_loss=0.7001 classification=0.0280, bbox_regression=0.0607, bbox_ctrness=0.5958
epoch 13/50 iter 1500/1860 loss=0.7219 mean_loss=0.7002 classification=0.0477, bbox_regression=0.0820, bbox_ctrness=0.5923
epoch 13/50 iter 1520/1860 loss=0.7271 mean_loss=0.7002 classification=0.0300, bbox_regression=0.1096, bbox_ctrness=0.5875
epoch 13/50 iter 1540/1860 loss=0.7994 mean_loss=0.7004 classification=0.0750, bbox_regression=0.1061, bbox_ctrness=0.6183
epoch 13/50 iter 1560/1860 loss=0.7301 mean_loss=0.7005 classification=0.0493, bbox_regression=0.0844, bbox_ctrness=0.5964
epoch 13/50 iter 1580/1860 loss=0.6805 mean_loss=0.7005 classification=0.0362, bbox_regression=0.0556, bbox_ctrness=0.5886
epoch 13/50 iter 1600/1860 loss=0.6876 mean_loss=0.7005 classification=0.0220, bbox_regression=0.0678, bbox_ctrness=0.5978
epoch 13/50 iter 1620/1860 loss=0.6730 mean_loss=0.7004 classification=0.0280, bbox_regression=0.0481, bbox_ctrness=0.5969
epoch 13/50 iter 1640/1860 loss=0.6573 mean_loss=0.7004 classification=0.0102, bbox_regression=0.0486, bbox_ctrness=0.5985
epoch 13/50 iter 1660/1860 loss=0.6744 mean_loss=0.7005 classification=0.0216, bbox_regression=0.0662, bbox_ctrness=0.5865
epoch 13/50 iter 1680/1860 loss=0.6864 mean_loss=0.7005 classification=0.0130, bbox_regression=0.0726, bbox_ctrness=0.6009
epoch 13/50 iter 1700/1860 loss=0.7816 mean_loss=0.7007 classification=0.0856, bbox_regression=0.0932, bbox_ctrness=0.6029
epoch 13/50 iter 1720/1860 loss=0.7091 mean_loss=0.7006 classification=0.0246, bbox_regression=0.0824, bbox_ctrness=0.6022
epoch 13/50 iter 1740/1860 loss=0.7464 mean_loss=0.7008 classification=0.0403, bbox_regression=0.0898, bbox_ctrness=0.6163
epoch 13/50 iter 1760/1860 loss=0.6893 mean_loss=0.7009 classification=0.0443, bbox_regression=0.0611, bbox_ctrness=0.5840
epoch 13/50 iter 1780/1860 loss=0.7396 mean_loss=0.7010 classification=0.0593, bbox_regression=0.0893, bbox_ctrness=0.5910
epoch 13/50 iter 1800/1860 loss=0.6735 mean_loss=0.7009 classification=0.0393, bbox_regression=0.0577, bbox_ctrness=0.5766
epoch 13/50 iter 1820/1860 loss=0.6854 mean_loss=0.7009 classification=0.0224, bbox_regression=0.0658, bbox_ctrness=0.5972
epoch 13/50 iter 1840/1860 loss=0.7019 mean_loss=0.7008 classification=0.0370, bbox_regression=0.0639, bbox_ctrness=0.6009
epoch 13/50 iter 1860/1860 loss=0.6796 mean_loss=0.7009 classification=0.0235, bbox_regression=0.0602, bbox_ctrness=0.5959
epoch 13 validation Precision=0.6075 Recall=0.9611 AP50=0.9398 AP75=0.8498 eval_fps=20.80 epoch_time_sec=918.1
saved checkpoint: E:\RepViT-main\runs\v48_complete_ablation\training\ra_stems_project_seed2\weights\last.pt
epoch 14/50 iter 1/1860 loss=0.6751 mean_loss=0.6751 classification=0.0177, bbox_regression=0.0646, bbox_ctrness=0.5927
epoch 14/50 iter 20/1860 loss=0.6991 mean_loss=0.6988 classification=0.0425, bbox_regression=0.0667, bbox_ctrness=0.5899
epoch 14/50 iter 40/1860 loss=0.6748 mean_loss=0.6952 classification=0.0096, bbox_regression=0.0561, bbox_ctrness=0.6091
epoch 14/50 iter 60/1860 loss=0.6873 mean_loss=0.6934 classification=0.0251, bbox_regression=0.0717, bbox_ctrness=0.5905
epoch 14/50 iter 80/1860 loss=0.6906 mean_loss=0.6924 classification=0.0142, bbox_regression=0.0726, bbox_ctrness=0.6039
epoch 14/50 iter 100/1860 loss=0.7012 mean_loss=0.6929 classification=0.0192, bbox_regression=0.0682, bbox_ctrness=0.6139
epoch 14/50 iter 120/1860 loss=0.6716 mean_loss=0.6925 classification=0.0169, bbox_regression=0.0548, bbox_ctrness=0.5999
epoch 14/50 iter 140/1860 loss=0.6917 mean_loss=0.6916 classification=0.0218, bbox_regression=0.0725, bbox_ctrness=0.5974
epoch 14/50 iter 160/1860 loss=0.6577 mean_loss=0.6914 classification=0.0142, bbox_regression=0.0451, bbox_ctrness=0.5985
epoch 14/50 iter 180/1860 loss=0.6774 mean_loss=0.6924 classification=0.0328, bbox_regression=0.0648, bbox_ctrness=0.5798
epoch 14/50 iter 200/1860 loss=0.6864 mean_loss=0.6931 classification=0.0124, bbox_regression=0.0712, bbox_ctrness=0.6028
epoch 14/50 iter 220/1860 loss=0.6906 mean_loss=0.6926 classification=0.0205, bbox_regression=0.0734, bbox_ctrness=0.5967
epoch 14/50 iter 240/1860 loss=0.6602 mean_loss=0.6930 classification=0.0245, bbox_regression=0.0491, bbox_ctrness=0.5865
epoch 14/50 iter 260/1860 loss=0.6861 mean_loss=0.6933 classification=0.0149, bbox_regression=0.0764, bbox_ctrness=0.5947
epoch 14/50 iter 280/1860 loss=0.6680 mean_loss=0.6933 classification=0.0133, bbox_regression=0.0613, bbox_ctrness=0.5935
epoch 14/50 iter 300/1860 loss=0.7334 mean_loss=0.6926 classification=0.0217, bbox_regression=0.1002, bbox_ctrness=0.6114
epoch 14/50 iter 320/1860 loss=0.6937 mean_loss=0.6929 classification=0.0172, bbox_regression=0.0708, bbox_ctrness=0.6058
epoch 14/50 iter 340/1860 loss=0.7089 mean_loss=0.6928 classification=0.0324, bbox_regression=0.0750, bbox_ctrness=0.6015
epoch 14/50 iter 360/1860 loss=0.6818 mean_loss=0.6924 classification=0.0039, bbox_regression=0.0580, bbox_ctrness=0.6198
epoch 14/50 iter 380/1860 loss=0.6883 mean_loss=0.6918 classification=0.0264, bbox_regression=0.0678, bbox_ctrness=0.5942
epoch 14/50 iter 400/1860 loss=0.6740 mean_loss=0.6917 classification=0.0116, bbox_regression=0.0649, bbox_ctrness=0.5975
epoch 14/50 iter 420/1860 loss=0.6694 mean_loss=0.6918 classification=0.0043, bbox_regression=0.0640, bbox_ctrness=0.6011
epoch 14/50 iter 440/1860 loss=0.6765 mean_loss=0.6919 classification=0.0152, bbox_regression=0.0535, bbox_ctrness=0.6077
epoch 14/50 iter 460/1860 loss=0.6891 mean_loss=0.6919 classification=0.0137, bbox_regression=0.0703, bbox_ctrness=0.6051
epoch 14/50 iter 480/1860 loss=0.6717 mean_loss=0.6913 classification=0.0190, bbox_regression=0.0546, bbox_ctrness=0.5982
epoch 14/50 iter 500/1860 loss=0.6723 mean_loss=0.6910 classification=0.0088, bbox_regression=0.0575, bbox_ctrness=0.6059
epoch 14/50 iter 520/1860 loss=0.6606 mean_loss=0.6907 classification=0.0008, bbox_regression=0.0575, bbox_ctrness=0.6022
epoch 14/50 iter 540/1860 loss=0.6780 mean_loss=0.6908 classification=0.0152, bbox_regression=0.0649, bbox_ctrness=0.5979
epoch 14/50 iter 560/1860 loss=0.6996 mean_loss=0.6913 classification=0.0428, bbox_regression=0.0625, bbox_ctrness=0.5943
epoch 14/50 iter 580/1860 loss=0.7289 mean_loss=0.6922 classification=0.0417, bbox_regression=0.0883, bbox_ctrness=0.5989
epoch 14/50 iter 600/1860 loss=0.7380 mean_loss=0.6921 classification=0.0603, bbox_regression=0.0909, bbox_ctrness=0.5869
epoch 14/50 iter 620/1860 loss=0.7123 mean_loss=0.6924 classification=0.0312, bbox_regression=0.0715, bbox_ctrness=0.6096
epoch 14/50 iter 640/1860 loss=0.6697 mean_loss=0.6924 classification=0.0100, bbox_regression=0.0730, bbox_ctrness=0.5868
epoch 14/50 iter 660/1860 loss=0.7076 mean_loss=0.6925 classification=0.0312, bbox_regression=0.0821, bbox_ctrness=0.5943
epoch 14/50 iter 680/1860 loss=0.6823 mean_loss=0.6924 classification=0.0249, bbox_regression=0.0685, bbox_ctrness=0.5888
epoch 14/50 iter 700/1860 loss=0.6571 mean_loss=0.6922 classification=0.0133, bbox_regression=0.0571, bbox_ctrness=0.5867
epoch 14/50 iter 720/1860 loss=0.7175 mean_loss=0.6922 classification=0.0383, bbox_regression=0.0853, bbox_ctrness=0.5939
epoch 14/50 iter 740/1860 loss=0.6845 mean_loss=0.6924 classification=0.0288, bbox_regression=0.0714, bbox_ctrness=0.5843
epoch 14/50 iter 760/1860 loss=0.7116 mean_loss=0.6928 classification=0.0304, bbox_regression=0.0862, bbox_ctrness=0.5950
epoch 14/50 iter 780/1860 loss=0.6836 mean_loss=0.6933 classification=0.0122, bbox_regression=0.0704, bbox_ctrness=0.6010
epoch 14/50 iter 800/1860 loss=0.6589 mean_loss=0.6932 classification=0.0143, bbox_regression=0.0542, bbox_ctrness=0.5904
epoch 14/50 iter 820/1860 loss=0.6949 mean_loss=0.6931 classification=0.0162, bbox_regression=0.0754, bbox_ctrness=0.6033
epoch 14/50 iter 840/1860 loss=0.6878 mean_loss=0.6931 classification=0.0196, bbox_regression=0.0619, bbox_ctrness=0.6063
epoch 14/50 iter 860/1860 loss=0.7414 mean_loss=0.6930 classification=0.0519, bbox_regression=0.0905, bbox_ctrness=0.5989
epoch 14/50 iter 880/1860 loss=0.7104 mean_loss=0.6934 classification=0.0270, bbox_regression=0.0826, bbox_ctrness=0.6008
epoch 14/50 iter 900/1860 loss=0.6784 mean_loss=0.6935 classification=0.0203, bbox_regression=0.0574, bbox_ctrness=0.6008
epoch 14/50 iter 920/1860 loss=0.6726 mean_loss=0.6934 classification=0.0152, bbox_regression=0.0603, bbox_ctrness=0.5971
epoch 14/50 iter 940/1860 loss=0.6515 mean_loss=0.6932 classification=0.0222, bbox_regression=0.0472, bbox_ctrness=0.5820
epoch 14/50 iter 960/1860 loss=0.6892 mean_loss=0.6932 classification=0.0125, bbox_regression=0.0670, bbox_ctrness=0.6097
epoch 14/50 iter 980/1860 loss=0.7092 mean_loss=0.6931 classification=0.0210, bbox_regression=0.0775, bbox_ctrness=0.6107
epoch 14/50 iter 1000/1860 loss=0.7043 mean_loss=0.6931 classification=0.0230, bbox_regression=0.0895, bbox_ctrness=0.5918
epoch 14/50 iter 1020/1860 loss=0.6942 mean_loss=0.6929 classification=0.0336, bbox_regression=0.0599, bbox_ctrness=0.6007
epoch 14/50 iter 1040/1860 loss=0.7358 mean_loss=0.6931 classification=0.0815, bbox_regression=0.0671, bbox_ctrness=0.5872
epoch 14/50 iter 1060/1860 loss=0.6904 mean_loss=0.6929 classification=0.0242, bbox_regression=0.0772, bbox_ctrness=0.5890
epoch 14/50 iter 1080/1860 loss=0.6588 mean_loss=0.6930 classification=0.0243, bbox_regression=0.0522, bbox_ctrness=0.5823
epoch 14/50 iter 1100/1860 loss=0.7299 mean_loss=0.6928 classification=0.0247, bbox_regression=0.0854, bbox_ctrness=0.6198
epoch 14/50 iter 1120/1860 loss=0.6798 mean_loss=0.6931 classification=0.0208, bbox_regression=0.0642, bbox_ctrness=0.5948
epoch 14/50 iter 1140/1860 loss=0.6728 mean_loss=0.6930 classification=0.0391, bbox_regression=0.0525, bbox_ctrness=0.5812
epoch 14/50 iter 1160/1860 loss=0.7005 mean_loss=0.6932 classification=0.0256, bbox_regression=0.0777, bbox_ctrness=0.5971
epoch 14/50 iter 1180/1860 loss=0.6974 mean_loss=0.6933 classification=0.0351, bbox_regression=0.0773, bbox_ctrness=0.5851
epoch 14/50 iter 1200/1860 loss=0.6575 mean_loss=0.6932 classification=0.0084, bbox_regression=0.0530, bbox_ctrness=0.5960
epoch 14/50 iter 1220/1860 loss=0.6579 mean_loss=0.6932 classification=0.0124, bbox_regression=0.0627, bbox_ctrness=0.5828
epoch 14/50 iter 1240/1860 loss=0.7125 mean_loss=0.6934 classification=0.0202, bbox_regression=0.0869, bbox_ctrness=0.6055
epoch 14/50 iter 1260/1860 loss=0.6878 mean_loss=0.6935 classification=0.0104, bbox_regression=0.0620, bbox_ctrness=0.6154
epoch 14/50 iter 1280/1860 loss=0.6922 mean_loss=0.6937 classification=0.0268, bbox_regression=0.0671, bbox_ctrness=0.5982
epoch 14/50 iter 1300/1860 loss=0.6701 mean_loss=0.6940 classification=0.0183, bbox_regression=0.0615, bbox_ctrness=0.5904
epoch 14/50 iter 1320/1860 loss=0.6660 mean_loss=0.6942 classification=0.0183, bbox_regression=0.0615, bbox_ctrness=0.5862
epoch 14/50 iter 1340/1860 loss=0.6763 mean_loss=0.6941 classification=0.0120, bbox_regression=0.0693, bbox_ctrness=0.5950
epoch 14/50 iter 1360/1860 loss=0.9171 mean_loss=0.6941 classification=0.1492, bbox_regression=0.1521, bbox_ctrness=0.6158
epoch 14/50 iter 1380/1860 loss=0.6904 mean_loss=0.6941 classification=0.0117, bbox_regression=0.0745, bbox_ctrness=0.6043
epoch 14/50 iter 1400/1860 loss=0.7825 mean_loss=0.6940 classification=0.0761, bbox_regression=0.0924, bbox_ctrness=0.6141
epoch 14/50 iter 1420/1860 loss=0.7110 mean_loss=0.6941 classification=0.0438, bbox_regression=0.0745, bbox_ctrness=0.5927
epoch 14/50 iter 1440/1860 loss=0.6952 mean_loss=0.6940 classification=0.0296, bbox_regression=0.0723, bbox_ctrness=0.5933
epoch 14/50 iter 1460/1860 loss=0.6882 mean_loss=0.6939 classification=0.0107, bbox_regression=0.0762, bbox_ctrness=0.6013
epoch 14/50 iter 1480/1860 loss=0.6821 mean_loss=0.6939 classification=0.0121, bbox_regression=0.0673, bbox_ctrness=0.6027
epoch 14/50 iter 1500/1860 loss=0.7393 mean_loss=0.6939 classification=0.0555, bbox_regression=0.0865, bbox_ctrness=0.5973
epoch 14/50 iter 1520/1860 loss=0.6759 mean_loss=0.6937 classification=0.0314, bbox_regression=0.0603, bbox_ctrness=0.5842
epoch 14/50 iter 1540/1860 loss=0.6989 mean_loss=0.6935 classification=0.0181, bbox_regression=0.0683, bbox_ctrness=0.6125
epoch 14/50 iter 1560/1860 loss=0.6664 mean_loss=0.6936 classification=0.0086, bbox_regression=0.0587, bbox_ctrness=0.5991
epoch 14/50 iter 1580/1860 loss=0.6712 mean_loss=0.6937 classification=0.0227, bbox_regression=0.0576, bbox_ctrness=0.5909
epoch 14/50 iter 1600/1860 loss=0.6913 mean_loss=0.6937 classification=0.0250, bbox_regression=0.0628, bbox_ctrness=0.6035
epoch 14/50 iter 1620/1860 loss=0.6655 mean_loss=0.6937 classification=0.0200, bbox_regression=0.0656, bbox_ctrness=0.5800
epoch 14/50 iter 1640/1860 loss=0.6938 mean_loss=0.6938 classification=0.0409, bbox_regression=0.0623, bbox_ctrness=0.5906
epoch 14/50 iter 1660/1860 loss=0.7243 mean_loss=0.6938 classification=0.0205, bbox_regression=0.0929, bbox_ctrness=0.6108
epoch 14/50 iter 1680/1860 loss=0.6684 mean_loss=0.6939 classification=0.0102, bbox_regression=0.0645, bbox_ctrness=0.5937
epoch 14/50 iter 1700/1860 loss=0.7034 mean_loss=0.6939 classification=0.0346, bbox_regression=0.0618, bbox_ctrness=0.6069
epoch 14/50 iter 1720/1860 loss=0.7262 mean_loss=0.6939 classification=0.0366, bbox_regression=0.0804, bbox_ctrness=0.6092
epoch 14/50 iter 1740/1860 loss=0.7453 mean_loss=0.6940 classification=0.0602, bbox_regression=0.0789, bbox_ctrness=0.6062
epoch 14/50 iter 1760/1860 loss=0.6763 mean_loss=0.6942 classification=0.0099, bbox_regression=0.0508, bbox_ctrness=0.6155
epoch 14/50 iter 1780/1860 loss=0.7337 mean_loss=0.6942 classification=0.0504, bbox_regression=0.0822, bbox_ctrness=0.6010
epoch 14/50 iter 1800/1860 loss=0.7414 mean_loss=0.6943 classification=0.0564, bbox_regression=0.0807, bbox_ctrness=0.6044
epoch 14/50 iter 1820/1860 loss=0.6832 mean_loss=0.6943 classification=0.0390, bbox_regression=0.0674, bbox_ctrness=0.5767
epoch 14/50 iter 1840/1860 loss=0.6950 mean_loss=0.6944 classification=0.0228, bbox_regression=0.0616, bbox_ctrness=0.6106
epoch 14/50 iter 1860/1860 loss=0.7006 mean_loss=0.6946 classification=0.0277, bbox_regression=0.0623, bbox_ctrness=0.6106
epoch 14 validation Precision=0.5745 Recall=0.9557 AP50=0.9299 AP75=0.8472 eval_fps=20.52 epoch_time_sec=893.6
saved checkpoint: E:\RepViT-main\runs\v48_complete_ablation\training\ra_stems_project_seed2\weights\last.pt
epoch 15/50 iter 1/1860 loss=0.6949 mean_loss=0.6949 classification=0.0201, bbox_regression=0.0758, bbox_ctrness=0.5990
epoch 15/50 iter 20/1860 loss=0.6535 mean_loss=0.6886 classification=0.0177, bbox_regression=0.0511, bbox_ctrness=0.5847
epoch 15/50 iter 40/1860 loss=0.7385 mean_loss=0.6882 classification=0.0379, bbox_regression=0.0979, bbox_ctrness=0.6026
epoch 15/50 iter 60/1860 loss=0.6609 mean_loss=0.6862 classification=0.0063, bbox_regression=0.0506, bbox_ctrness=0.6040
epoch 15/50 iter 80/1860 loss=0.6704 mean_loss=0.6863 classification=0.0081, bbox_regression=0.0639, bbox_ctrness=0.5984
epoch 15/50 iter 100/1860 loss=0.6814 mean_loss=0.6852 classification=0.0161, bbox_regression=0.0712, bbox_ctrness=0.5942
epoch 15/50 iter 120/1860 loss=0.6958 mean_loss=0.6837 classification=0.0291, bbox_regression=0.0701, bbox_ctrness=0.5965
epoch 15/50 iter 140/1860 loss=0.6775 mean_loss=0.6840 classification=0.0206, bbox_regression=0.0545, bbox_ctrness=0.6025
epoch 15/50 iter 160/1860 loss=0.6765 mean_loss=0.6862 classification=0.0133, bbox_regression=0.0578, bbox_ctrness=0.6054
epoch 15/50 iter 180/1860 loss=0.6639 mean_loss=0.6863 classification=0.0138, bbox_regression=0.0794, bbox_ctrness=0.5707
epoch 15/50 iter 200/1860 loss=0.7684 mean_loss=0.6877 classification=0.0749, bbox_regression=0.0718, bbox_ctrness=0.6217
epoch 15/50 iter 220/1860 loss=0.6711 mean_loss=0.6876 classification=0.0174, bbox_regression=0.0594, bbox_ctrness=0.5942
epoch 15/50 iter 240/1860 loss=0.6600 mean_loss=0.6875 classification=0.0162, bbox_regression=0.0501, bbox_ctrness=0.5937
epoch 15/50 iter 260/1860 loss=0.6667 mean_loss=0.6863 classification=0.0082, bbox_regression=0.0496, bbox_ctrness=0.6089
epoch 15/50 iter 280/1860 loss=0.6591 mean_loss=0.6860 classification=0.0194, bbox_regression=0.0555, bbox_ctrness=0.5842
epoch 15/50 iter 300/1860 loss=0.6703 mean_loss=0.6863 classification=0.0130, bbox_regression=0.0598, bbox_ctrness=0.5975
epoch 15/50 iter 320/1860 loss=0.6821 mean_loss=0.6868 classification=0.0148, bbox_regression=0.0646, bbox_ctrness=0.6027
epoch 15/50 iter 340/1860 loss=0.6891 mean_loss=0.6867 classification=0.0226, bbox_regression=0.0756, bbox_ctrness=0.5909
epoch 15/50 iter 360/1860 loss=0.7018 mean_loss=0.6867 classification=0.0291, bbox_regression=0.0624, bbox_ctrness=0.6103
epoch 15/50 iter 380/1860 loss=0.7223 mean_loss=0.6864 classification=0.0444, bbox_regression=0.0749, bbox_ctrness=0.6030
epoch 15/50 iter 400/1860 loss=0.6901 mean_loss=0.6865 classification=0.0387, bbox_regression=0.0629, bbox_ctrness=0.5885
epoch 15/50 iter 420/1860 loss=0.7699 mean_loss=0.6867 classification=0.0903, bbox_regression=0.0761, bbox_ctrness=0.6036
epoch 15/50 iter 440/1860 loss=0.6582 mean_loss=0.6875 classification=0.0282, bbox_regression=0.0521, bbox_ctrness=0.5779
epoch 15/50 iter 460/1860 loss=0.6822 mean_loss=0.6870 classification=0.0202, bbox_regression=0.0591, bbox_ctrness=0.6029
epoch 15/50 iter 480/1860 loss=0.6642 mean_loss=0.6868 classification=0.0203, bbox_regression=0.0573, bbox_ctrness=0.5865
epoch 15/50 iter 500/1860 loss=0.6990 mean_loss=0.6870 classification=0.0337, bbox_regression=0.0749, bbox_ctrness=0.5905
epoch 15/50 iter 520/1860 loss=0.6525 mean_loss=0.6870 classification=0.0089, bbox_regression=0.0538, bbox_ctrness=0.5898
epoch 15/50 iter 540/1860 loss=0.6797 mean_loss=0.6867 classification=0.0194, bbox_regression=0.0602, bbox_ctrness=0.6001
epoch 15/50 iter 560/1860 loss=0.7116 mean_loss=0.6867 classification=0.0243, bbox_regression=0.0691, bbox_ctrness=0.6182
epoch 15/50 iter 580/1860 loss=0.6814 mean_loss=0.6866 classification=0.0128, bbox_regression=0.0668, bbox_ctrness=0.6018
epoch 15/50 iter 600/1860 loss=0.6945 mean_loss=0.6866 classification=0.0240, bbox_regression=0.0648, bbox_ctrness=0.6056
epoch 15/50 iter 620/1860 loss=0.7050 mean_loss=0.6868 classification=0.0314, bbox_regression=0.0720, bbox_ctrness=0.6017
epoch 15/50 iter 640/1860 loss=0.6865 mean_loss=0.6869 classification=0.0174, bbox_regression=0.0626, bbox_ctrness=0.6065
epoch 15/50 iter 660/1860 loss=0.6600 mean_loss=0.6869 classification=0.0045, bbox_regression=0.0694, bbox_ctrness=0.5861
epoch 15/50 iter 680/1860 loss=0.7821 mean_loss=0.6871 classification=0.0983, bbox_regression=0.0862, bbox_ctrness=0.5977
epoch 15/50 iter 700/1860 loss=0.7545 mean_loss=0.6871 classification=0.0834, bbox_regression=0.0804, bbox_ctrness=0.5907
epoch 15/50 iter 720/1860 loss=0.6890 mean_loss=0.6874 classification=0.0279, bbox_regression=0.0625, bbox_ctrness=0.5986
epoch 15/50 iter 740/1860 loss=0.6470 mean_loss=0.6872 classification=0.0200, bbox_regression=0.0420, bbox_ctrness=0.5850
epoch 15/50 iter 760/1860 loss=0.6839 mean_loss=0.6871 classification=0.0193, bbox_regression=0.0667, bbox_ctrness=0.5979
epoch 15/50 iter 780/1860 loss=0.6636 mean_loss=0.6869 classification=0.0180, bbox_regression=0.0595, bbox_ctrness=0.5861
epoch 15/50 iter 800/1860 loss=0.6846 mean_loss=0.6870 classification=0.0201, bbox_regression=0.0590, bbox_ctrness=0.6054
epoch 15/50 iter 820/1860 loss=0.7061 mean_loss=0.6874 classification=0.0208, bbox_regression=0.0847, bbox_ctrness=0.6006
epoch 15/50 iter 840/1860 loss=0.6945 mean_loss=0.6876 classification=0.0114, bbox_regression=0.0656, bbox_ctrness=0.6176
epoch 15/50 iter 860/1860 loss=0.6862 mean_loss=0.6876 classification=0.0017, bbox_regression=0.0676, bbox_ctrness=0.6169
epoch 15/50 iter 880/1860 loss=0.6897 mean_loss=0.6879 classification=0.0162, bbox_regression=0.0731, bbox_ctrness=0.6003
epoch 15/50 iter 900/1860 loss=0.6699 mean_loss=0.6878 classification=0.0092, bbox_regression=0.0596, bbox_ctrness=0.6012
epoch 15/50 iter 920/1860 loss=0.7033 mean_loss=0.6876 classification=0.0142, bbox_regression=0.0791, bbox_ctrness=0.6100
epoch 15/50 iter 940/1860 loss=0.6618 mean_loss=0.6875 classification=0.0086, bbox_regression=0.0601, bbox_ctrness=0.5931
epoch 15/50 iter 960/1860 loss=0.7298 mean_loss=0.6879 classification=0.0526, bbox_regression=0.0689, bbox_ctrness=0.6082
epoch 15/50 iter 980/1860 loss=0.6678 mean_loss=0.6880 classification=0.0185, bbox_regression=0.0602, bbox_ctrness=0.5892
epoch 15/50 iter 1000/1860 loss=0.6620 mean_loss=0.6882 classification=0.0103, bbox_regression=0.0570, bbox_ctrness=0.5948
epoch 15/50 iter 1020/1860 loss=0.6864 mean_loss=0.6882 classification=0.0314, bbox_regression=0.0592, bbox_ctrness=0.5957
epoch 15/50 iter 1040/1860 loss=0.7255 mean_loss=0.6884 classification=0.0690, bbox_regression=0.0597, bbox_ctrness=0.5968
epoch 15/50 iter 1060/1860 loss=0.7070 mean_loss=0.6886 classification=0.0163, bbox_regression=0.0805, bbox_ctrness=0.6102
epoch 15/50 iter 1080/1860 loss=0.6662 mean_loss=0.6885 classification=0.0164, bbox_regression=0.0554, bbox_ctrness=0.5944
epoch 15/50 iter 1100/1860 loss=0.6882 mean_loss=0.6887 classification=0.0217, bbox_regression=0.0801, bbox_ctrness=0.5865
epoch 15/50 iter 1120/1860 loss=0.6717 mean_loss=0.6888 classification=0.0072, bbox_regression=0.0666, bbox_ctrness=0.5978
epoch 15/50 iter 1140/1860 loss=0.6904 mean_loss=0.6888 classification=0.0174, bbox_regression=0.0605, bbox_ctrness=0.6125
epoch 15/50 iter 1160/1860 loss=0.6718 mean_loss=0.6888 classification=0.0188, bbox_regression=0.0600, bbox_ctrness=0.5931
epoch 15/50 iter 1180/1860 loss=0.6769 mean_loss=0.6888 classification=0.0055, bbox_regression=0.0591, bbox_ctrness=0.6123
epoch 15/50 iter 1200/1860 loss=0.7090 mean_loss=0.6888 classification=0.0302, bbox_regression=0.0788, bbox_ctrness=0.6000
epoch 15/50 iter 1220/1860 loss=0.7165 mean_loss=0.6888 classification=0.0331, bbox_regression=0.0774, bbox_ctrness=0.6060
epoch 15/50 iter 1240/1860 loss=0.6539 mean_loss=0.6887 classification=0.0220, bbox_regression=0.0503, bbox_ctrness=0.5816
epoch 15/50 iter 1260/1860 loss=0.7687 mean_loss=0.6887 classification=0.0915, bbox_regression=0.0728, bbox_ctrness=0.6043
epoch 15/50 iter 1280/1860 loss=0.6779 mean_loss=0.6886 classification=0.0143, bbox_regression=0.0612, bbox_ctrness=0.6024
epoch 15/50 iter 1300/1860 loss=0.7320 mean_loss=0.6888 classification=0.0402, bbox_regression=0.0812, bbox_ctrness=0.6106
epoch 15/50 iter 1320/1860 loss=0.6707 mean_loss=0.6887 classification=0.0158, bbox_regression=0.0638, bbox_ctrness=0.5911
epoch 15/50 iter 1340/1860 loss=0.6836 mean_loss=0.6885 classification=0.0071, bbox_regression=0.0723, bbox_ctrness=0.6042
epoch 15/50 iter 1360/1860 loss=0.6940 mean_loss=0.6885 classification=0.0175, bbox_regression=0.0632, bbox_ctrness=0.6133
epoch 15/50 iter 1380/1860 loss=0.7081 mean_loss=0.6886 classification=0.0285, bbox_regression=0.0743, bbox_ctrness=0.6053
epoch 15/50 iter 1400/1860 loss=0.6663 mean_loss=0.6887 classification=0.0231, bbox_regression=0.0588, bbox_ctrness=0.5844
epoch 15/50 iter 1420/1860 loss=0.6769 mean_loss=0.6887 classification=0.0058, bbox_regression=0.0649, bbox_ctrness=0.6062
epoch 15/50 iter 1440/1860 loss=0.6707 mean_loss=0.6887 classification=0.0028, bbox_regression=0.0660, bbox_ctrness=0.6019
epoch 15/50 iter 1460/1860 loss=0.6923 mean_loss=0.6889 classification=0.0195, bbox_regression=0.0765, bbox_ctrness=0.5963
epoch 15/50 iter 1480/1860 loss=0.6671 mean_loss=0.6891 classification=0.0021, bbox_regression=0.0600, bbox_ctrness=0.6050
epoch 15/50 iter 1500/1860 loss=0.7196 mean_loss=0.6892 classification=0.0313, bbox_regression=0.0844, bbox_ctrness=0.6039
epoch 15/50 iter 1520/1860 loss=0.6996 mean_loss=0.6892 classification=0.0317, bbox_regression=0.0620, bbox_ctrness=0.6060
epoch 15/50 iter 1540/1860 loss=0.6349 mean_loss=0.6891 classification=0.0077, bbox_regression=0.0489, bbox_ctrness=0.5783
epoch 15/50 iter 1560/1860 loss=0.6943 mean_loss=0.6891 classification=0.0176, bbox_regression=0.0746, bbox_ctrness=0.6022
epoch 15/50 iter 1580/1860 loss=0.6930 mean_loss=0.6892 classification=0.0174, bbox_regression=0.0725, bbox_ctrness=0.6031
epoch 15/50 iter 1600/1860 loss=0.7529 mean_loss=0.6894 classification=0.0745, bbox_regression=0.0904, bbox_ctrness=0.5879
epoch 15/50 iter 1620/1860 loss=0.6792 mean_loss=0.6894 classification=0.0117, bbox_regression=0.0698, bbox_ctrness=0.5978
epoch 15/50 iter 1640/1860 loss=0.6753 mean_loss=0.6894 classification=0.0089, bbox_regression=0.0633, bbox_ctrness=0.6030
epoch 15/50 iter 1660/1860 loss=0.7159 mean_loss=0.6895 classification=0.0385, bbox_regression=0.0839, bbox_ctrness=0.5935
epoch 15/50 iter 1680/1860 loss=0.6788 mean_loss=0.6895 classification=0.0139, bbox_regression=0.0632, bbox_ctrness=0.6017
epoch 15/50 iter 1700/1860 loss=0.6747 mean_loss=0.6895 classification=0.0147, bbox_regression=0.0515, bbox_ctrness=0.6085
epoch 15/50 iter 1720/1860 loss=0.6843 mean_loss=0.6895 classification=0.0120, bbox_regression=0.0569, bbox_ctrness=0.6154
epoch 15/50 iter 1740/1860 loss=0.6939 mean_loss=0.6896 classification=0.0262, bbox_regression=0.0691, bbox_ctrness=0.5986
epoch 15/50 iter 1760/1860 loss=0.6609 mean_loss=0.6899 classification=0.0047, bbox_regression=0.0584, bbox_ctrness=0.5978
epoch 15/50 iter 1780/1860 loss=0.6657 mean_loss=0.6900 classification=0.0367, bbox_regression=0.0552, bbox_ctrness=0.5739
epoch 15/50 iter 1800/1860 loss=0.7171 mean_loss=0.6900 classification=0.0339, bbox_regression=0.0911, bbox_ctrness=0.5921
epoch 15/50 iter 1820/1860 loss=0.6835 mean_loss=0.6900 classification=0.0204, bbox_regression=0.0625, bbox_ctrness=0.6006
epoch 15/50 iter 1840/1860 loss=0.8168 mean_loss=0.6903 classification=0.1067, bbox_regression=0.1191, bbox_ctrness=0.5910
epoch 15/50 iter 1860/1860 loss=0.6687 mean_loss=0.6903 classification=0.0187, bbox_regression=0.0474, bbox_ctrness=0.6026
epoch 15 validation Precision=0.6354 Recall=0.9420 AP50=0.9136 AP75=0.8314 eval_fps=20.85 epoch_time_sec=913.4
saved checkpoint: E:\RepViT-main\runs\v48_complete_ablation\training\ra_stems_project_seed2\weights\last.pt
epoch 16/50 iter 1/1860 loss=0.6693 mean_loss=0.6693 classification=0.0112, bbox_regression=0.0589, bbox_ctrness=0.5992
epoch 16/50 iter 20/1860 loss=0.6473 mean_loss=0.6946 classification=0.0124, bbox_regression=0.0656, bbox_ctrness=0.5693
epoch 16/50 iter 40/1860 loss=0.6855 mean_loss=0.6903 classification=0.0142, bbox_regression=0.0599, bbox_ctrness=0.6113
epoch 16/50 iter 60/1860 loss=0.6749 mean_loss=0.6888 classification=0.0166, bbox_regression=0.0565, bbox_ctrness=0.6018
epoch 16/50 iter 80/1860 loss=0.6882 mean_loss=0.6880 classification=0.0084, bbox_regression=0.0700, bbox_ctrness=0.6097
epoch 16/50 iter 100/1860 loss=0.7047 mean_loss=0.6860 classification=0.0292, bbox_regression=0.0727, bbox_ctrness=0.6027
epoch 16/50 iter 120/1860 loss=0.6824 mean_loss=0.6849 classification=0.0188, bbox_regression=0.0710, bbox_ctrness=0.5926
epoch 16/50 iter 140/1860 loss=0.6536 mean_loss=0.6842 classification=0.0085, bbox_regression=0.0578, bbox_ctrness=0.5872
epoch 16/50 iter 160/1860 loss=0.6794 mean_loss=0.6840 classification=0.0196, bbox_regression=0.0661, bbox_ctrness=0.5938
epoch 16/50 iter 180/1860 loss=0.7675 mean_loss=0.6836 classification=0.0860, bbox_regression=0.0799, bbox_ctrness=0.6016
epoch 16/50 iter 200/1860 loss=0.6653 mean_loss=0.6831 classification=0.0065, bbox_regression=0.0449, bbox_ctrness=0.6139
epoch 16/50 iter 220/1860 loss=0.6982 mean_loss=0.6829 classification=0.0105, bbox_regression=0.0736, bbox_ctrness=0.6141
epoch 16/50 iter 240/1860 loss=0.6649 mean_loss=0.6835 classification=0.0055, bbox_regression=0.0540, bbox_ctrness=0.6054
epoch 16/50 iter 260/1860 loss=0.7437 mean_loss=0.6835 classification=0.0415, bbox_regression=0.0827, bbox_ctrness=0.6195
epoch 16/50 iter 280/1860 loss=0.6871 mean_loss=0.6838 classification=0.0049, bbox_regression=0.0628, bbox_ctrness=0.6193
epoch 16/50 iter 300/1860 loss=0.6958 mean_loss=0.6842 classification=0.0204, bbox_regression=0.0736, bbox_ctrness=0.6018
epoch 16/50 iter 320/1860 loss=0.6752 mean_loss=0.6847 classification=0.0202, bbox_regression=0.0674, bbox_ctrness=0.5876
epoch 16/50 iter 340/1860 loss=0.6932 mean_loss=0.6856 classification=0.0081, bbox_regression=0.0804, bbox_ctrness=0.6047
epoch 16/50 iter 360/1860 loss=0.7166 mean_loss=0.6861 classification=0.0119, bbox_regression=0.0872, bbox_ctrness=0.6175
epoch 16/50 iter 380/1860 loss=0.6978 mean_loss=0.6869 classification=0.0353, bbox_regression=0.0623, bbox_ctrness=0.6001
epoch 16/50 iter 400/1860 loss=0.6916 mean_loss=0.6876 classification=0.0336, bbox_regression=0.0674, bbox_ctrness=0.5905
epoch 16/50 iter 420/1860 loss=0.7791 mean_loss=0.6884 classification=0.0838, bbox_regression=0.0949, bbox_ctrness=0.6004
epoch 16/50 iter 440/1860 loss=0.6869 mean_loss=0.6883 classification=0.0097, bbox_regression=0.0767, bbox_ctrness=0.6005
epoch 16/50 iter 460/1860 loss=0.6884 mean_loss=0.6882 classification=0.0137, bbox_regression=0.0730, bbox_ctrness=0.6017
epoch 16/50 iter 480/1860 loss=0.6966 mean_loss=0.6880 classification=0.0122, bbox_regression=0.0649, bbox_ctrness=0.6195
epoch 16/50 iter 500/1860 loss=0.6763 mean_loss=0.6883 classification=0.0142, bbox_regression=0.0566, bbox_ctrness=0.6054
epoch 16/50 iter 520/1860 loss=0.6810 mean_loss=0.6882 classification=0.0171, bbox_regression=0.0579, bbox_ctrness=0.6060
epoch 16/50 iter 540/1860 loss=0.6647 mean_loss=0.6883 classification=0.0072, bbox_regression=0.0572, bbox_ctrness=0.6003
epoch 16/50 iter 560/1860 loss=0.6742 mean_loss=0.6887 classification=0.0143, bbox_regression=0.0584, bbox_ctrness=0.6014
epoch 16/50 iter 580/1860 loss=0.7203 mean_loss=0.6893 classification=0.0529, bbox_regression=0.0849, bbox_ctrness=0.5824
epoch 16/50 iter 600/1860 loss=0.6470 mean_loss=0.6890 classification=0.0155, bbox_regression=0.0530, bbox_ctrness=0.5785
epoch 16/50 iter 620/1860 loss=0.6963 mean_loss=0.6886 classification=0.0291, bbox_regression=0.0717, bbox_ctrness=0.5955
epoch 16/50 iter 640/1860 loss=0.6986 mean_loss=0.6887 classification=0.0526, bbox_regression=0.0797, bbox_ctrness=0.5663
epoch 16/50 iter 660/1860 loss=0.6777 mean_loss=0.6884 classification=0.0105, bbox_regression=0.0564, bbox_ctrness=0.6109
epoch 16/50 iter 680/1860 loss=0.7232 mean_loss=0.6882 classification=0.0364, bbox_regression=0.0787, bbox_ctrness=0.6081
epoch 16/50 iter 700/1860 loss=0.6636 mean_loss=0.6880 classification=0.0066, bbox_regression=0.0560, bbox_ctrness=0.6011
epoch 16/50 iter 720/1860 loss=0.6500 mean_loss=0.6878 classification=0.0092, bbox_regression=0.0517, bbox_ctrness=0.5892
epoch 16/50 iter 740/1860 loss=0.6681 mean_loss=0.6877 classification=0.0137, bbox_regression=0.0601, bbox_ctrness=0.5944
epoch 16/50 iter 760/1860 loss=0.6656 mean_loss=0.6875 classification=0.0096, bbox_regression=0.0553, bbox_ctrness=0.6007
epoch 16/50 iter 780/1860 loss=0.6856 mean_loss=0.6875 classification=0.0025, bbox_regression=0.0653, bbox_ctrness=0.6178
epoch 16/50 iter 800/1860 loss=0.6843 mean_loss=0.6873 classification=0.0227, bbox_regression=0.0604, bbox_ctrness=0.6012
epoch 16/50 iter 820/1860 loss=0.6862 mean_loss=0.6875 classification=0.0091, bbox_regression=0.0643, bbox_ctrness=0.6129
epoch 16/50 iter 840/1860 loss=0.7323 mean_loss=0.6875 classification=0.0462, bbox_regression=0.0909, bbox_ctrness=0.5952
epoch 16/50 iter 860/1860 loss=0.7141 mean_loss=0.6875 classification=0.0505, bbox_regression=0.0705, bbox_ctrness=0.5931
epoch 16/50 iter 880/1860 loss=0.6895 mean_loss=0.6873 classification=0.0244, bbox_regression=0.0690, bbox_ctrness=0.5961
epoch 16/50 iter 900/1860 loss=0.6536 mean_loss=0.6874 classification=0.0160, bbox_regression=0.0503, bbox_ctrness=0.5874
epoch 16/50 iter 920/1860 loss=0.6960 mean_loss=0.6870 classification=0.0323, bbox_regression=0.0559, bbox_ctrness=0.6077
epoch 16/50 iter 940/1860 loss=0.7027 mean_loss=0.6870 classification=0.0202, bbox_regression=0.0751, bbox_ctrness=0.6074
epoch 16/50 iter 960/1860 loss=0.6756 mean_loss=0.6870 classification=0.0093, bbox_regression=0.0644, bbox_ctrness=0.6018
epoch 16/50 iter 980/1860 loss=0.7312 mean_loss=0.6870 classification=0.0570, bbox_regression=0.0736, bbox_ctrness=0.6006
epoch 16/50 iter 1000/1860 loss=0.6694 mean_loss=0.6869 classification=0.0069, bbox_regression=0.0648, bbox_ctrness=0.5978
epoch 16/50 iter 1020/1860 loss=0.6861 mean_loss=0.6869 classification=0.0160, bbox_regression=0.0657, bbox_ctrness=0.6044
epoch 16/50 iter 1040/1860 loss=0.6964 mean_loss=0.6870 classification=0.0071, bbox_regression=0.0643, bbox_ctrness=0.6250
epoch 16/50 iter 1060/1860 loss=0.7104 mean_loss=0.6868 classification=0.0349, bbox_regression=0.0822, bbox_ctrness=0.5934
epoch 16/50 iter 1080/1860 loss=0.7120 mean_loss=0.6871 classification=0.0248, bbox_regression=0.0768, bbox_ctrness=0.6104
epoch 16/50 iter 1100/1860 loss=0.6454 mean_loss=0.6870 classification=0.0039, bbox_regression=0.0502, bbox_ctrness=0.5913
epoch 16/50 iter 1120/1860 loss=0.6866 mean_loss=0.6870 classification=0.0151, bbox_regression=0.0637, bbox_ctrness=0.6078
epoch 16/50 iter 1140/1860 loss=0.6797 mean_loss=0.6870 classification=0.0051, bbox_regression=0.0670, bbox_ctrness=0.6075
epoch 16/50 iter 1160/1860 loss=0.6773 mean_loss=0.6870 classification=0.0193, bbox_regression=0.0678, bbox_ctrness=0.5903
epoch 16/50 iter 1180/1860 loss=0.6477 mean_loss=0.6869 classification=0.0110, bbox_regression=0.0505, bbox_ctrness=0.5862
epoch 16/50 iter 1200/1860 loss=0.6822 mean_loss=0.6869 classification=0.0166, bbox_regression=0.0696, bbox_ctrness=0.5960
epoch 16/50 iter 1220/1860 loss=0.6611 mean_loss=0.6867 classification=0.0247, bbox_regression=0.0570, bbox_ctrness=0.5794
epoch 16/50 iter 1240/1860 loss=0.7575 mean_loss=0.6867 classification=0.0830, bbox_regression=0.0628, bbox_ctrness=0.6117
epoch 16/50 iter 1260/1860 loss=0.6945 mean_loss=0.6869 classification=0.0411, bbox_regression=0.0757, bbox_ctrness=0.5777
epoch 16/50 iter 1280/1860 loss=0.6758 mean_loss=0.6869 classification=0.0081, bbox_regression=0.0618, bbox_ctrness=0.6060
epoch 16/50 iter 1300/1860 loss=0.6955 mean_loss=0.6871 classification=0.0311, bbox_regression=0.0619, bbox_ctrness=0.6025
epoch 16/50 iter 1320/1860 loss=0.6690 mean_loss=0.6872 classification=0.0041, bbox_regression=0.0576, bbox_ctrness=0.6073
epoch 16/50 iter 1340/1860 loss=0.6750 mean_loss=0.6872 classification=0.0067, bbox_regression=0.0519, bbox_ctrness=0.6164
epoch 16/50 iter 1360/1860 loss=0.7089 mean_loss=0.6872 classification=0.0337, bbox_regression=0.0713, bbox_ctrness=0.6040
epoch 16/50 iter 1380/1860 loss=0.6805 mean_loss=0.6874 classification=0.0089, bbox_regression=0.0690, bbox_ctrness=0.6025
epoch 16/50 iter 1400/1860 loss=0.7045 mean_loss=0.6875 classification=0.0210, bbox_regression=0.0826, bbox_ctrness=0.6010
epoch 16/50 iter 1420/1860 loss=0.6988 mean_loss=0.6876 classification=0.0168, bbox_regression=0.0799, bbox_ctrness=0.6020
epoch 16/50 iter 1440/1860 loss=0.6701 mean_loss=0.6876 classification=0.0102, bbox_regression=0.0667, bbox_ctrness=0.5932
epoch 16/50 iter 1460/1860 loss=0.6637 mean_loss=0.6875 classification=0.0035, bbox_regression=0.0619, bbox_ctrness=0.5984
epoch 16/50 iter 1480/1860 loss=0.6744 mean_loss=0.6874 classification=0.0220, bbox_regression=0.0600, bbox_ctrness=0.5924
epoch 16/50 iter 1500/1860 loss=0.6769 mean_loss=0.6872 classification=0.0031, bbox_regression=0.0624, bbox_ctrness=0.6114
epoch 16/50 iter 1520/1860 loss=0.7714 mean_loss=0.6873 classification=0.0504, bbox_regression=0.1121, bbox_ctrness=0.6089
epoch 16/50 iter 1540/1860 loss=0.6953 mean_loss=0.6874 classification=0.0281, bbox_regression=0.0726, bbox_ctrness=0.5946
epoch 16/50 iter 1560/1860 loss=0.6903 mean_loss=0.6874 classification=0.0173, bbox_regression=0.0686, bbox_ctrness=0.6044
epoch 16/50 iter 1580/1860 loss=0.6992 mean_loss=0.6874 classification=0.0213, bbox_regression=0.0755, bbox_ctrness=0.6025
epoch 16/50 iter 1600/1860 loss=0.7110 mean_loss=0.6874 classification=0.0180, bbox_regression=0.0870, bbox_ctrness=0.6059
epoch 16/50 iter 1620/1860 loss=0.7171 mean_loss=0.6875 classification=0.0372, bbox_regression=0.0752, bbox_ctrness=0.6047
epoch 16/50 iter 1640/1860 loss=0.7420 mean_loss=0.6876 classification=0.0505, bbox_regression=0.0838, bbox_ctrness=0.6078
epoch 16/50 iter 1660/1860 loss=0.6586 mean_loss=0.6875 classification=0.0078, bbox_regression=0.0592, bbox_ctrness=0.5916
epoch 16/50 iter 1680/1860 loss=0.6820 mean_loss=0.6875 classification=0.0104, bbox_regression=0.0556, bbox_ctrness=0.6160
epoch 16/50 iter 1700/1860 loss=0.7488 mean_loss=0.6876 classification=0.0540, bbox_regression=0.0899, bbox_ctrness=0.6049
epoch 16/50 iter 1720/1860 loss=0.6862 mean_loss=0.6874 classification=0.0258, bbox_regression=0.0657, bbox_ctrness=0.5947
epoch 16/50 iter 1740/1860 loss=0.6785 mean_loss=0.6875 classification=0.0124, bbox_regression=0.0557, bbox_ctrness=0.6104
epoch 16/50 iter 1760/1860 loss=0.7089 mean_loss=0.6874 classification=0.0234, bbox_regression=0.0847, bbox_ctrness=0.6007
epoch 16/50 iter 1780/1860 loss=0.6753 mean_loss=0.6872 classification=0.0022, bbox_regression=0.0775, bbox_ctrness=0.5956
epoch 16/50 iter 1800/1860 loss=0.6859 mean_loss=0.6872 classification=0.0134, bbox_regression=0.0638, bbox_ctrness=0.6088
epoch 16/50 iter 1820/1860 loss=0.6622 mean_loss=0.6872 classification=0.0113, bbox_regression=0.0516, bbox_ctrness=0.5993
epoch 16/50 iter 1840/1860 loss=0.6760 mean_loss=0.6872 classification=0.0126, bbox_regression=0.0683, bbox_ctrness=0.5952
epoch 16/50 iter 1860/1860 loss=0.6831 mean_loss=0.6872 classification=0.0240, bbox_regression=0.0606, bbox_ctrness=0.5985
epoch 16 validation Precision=0.6299 Recall=0.9526 AP50=0.9298 AP75=0.8460 eval_fps=20.74 epoch_time_sec=917.3
saved checkpoint: E:\RepViT-main\runs\v48_complete_ablation\training\ra_stems_project_seed2\weights\last.pt
epoch 17/50 iter 1/1860 loss=0.7202 mean_loss=0.7202 classification=0.0713, bbox_regression=0.0586, bbox_ctrness=0.5903
epoch 17/50 iter 20/1860 loss=0.7168 mean_loss=0.6892 classification=0.0766, bbox_regression=0.0425, bbox_ctrness=0.5977
epoch 17/50 iter 40/1860 loss=0.6936 mean_loss=0.6797 classification=0.0486, bbox_regression=0.0568, bbox_ctrness=0.5882
epoch 17/50 iter 60/1860 loss=0.7637 mean_loss=0.6791 classification=0.0225, bbox_regression=0.1380, bbox_ctrness=0.6032
epoch 17/50 iter 80/1860 loss=0.6919 mean_loss=0.6791 classification=0.0343, bbox_regression=0.0677, bbox_ctrness=0.5899
epoch 17/50 iter 100/1860 loss=0.6648 mean_loss=0.6802 classification=0.0100, bbox_regression=0.0561, bbox_ctrness=0.5987
epoch 17/50 iter 120/1860 loss=0.6653 mean_loss=0.6793 classification=0.0082, bbox_regression=0.0566, bbox_ctrness=0.6004
epoch 17/50 iter 140/1860 loss=0.6640 mean_loss=0.6800 classification=0.0098, bbox_regression=0.0599, bbox_ctrness=0.5943
epoch 17/50 iter 160/1860 loss=0.6689 mean_loss=0.6795 classification=0.0161, bbox_regression=0.0594, bbox_ctrness=0.5935
epoch 17/50 iter 180/1860 loss=0.7359 mean_loss=0.6806 classification=0.0380, bbox_regression=0.0959, bbox_ctrness=0.6020
epoch 17/50 iter 200/1860 loss=0.6759 mean_loss=0.6798 classification=0.0266, bbox_regression=0.0541, bbox_ctrness=0.5952
epoch 17/50 iter 220/1860 loss=0.7330 mean_loss=0.6800 classification=0.0649, bbox_regression=0.0637, bbox_ctrness=0.6045
epoch 17/50 iter 240/1860 loss=0.6847 mean_loss=0.6818 classification=0.0107, bbox_regression=0.0612, bbox_ctrness=0.6128
epoch 17/50 iter 260/1860 loss=0.6651 mean_loss=0.6808 classification=0.0204, bbox_regression=0.0440, bbox_ctrness=0.6007
epoch 17/50 iter 280/1860 loss=0.6967 mean_loss=0.6807 classification=0.0259, bbox_regression=0.0818, bbox_ctrness=0.5890
epoch 17/50 iter 300/1860 loss=0.6845 mean_loss=0.6807 classification=0.0041, bbox_regression=0.0747, bbox_ctrness=0.6057
epoch 17/50 iter 320/1860 loss=0.7693 mean_loss=0.6806 classification=0.0588, bbox_regression=0.0914, bbox_ctrness=0.6191
epoch 17/50 iter 340/1860 loss=0.7327 mean_loss=0.6816 classification=0.0440, bbox_regression=0.0841, bbox_ctrness=0.6046
epoch 17/50 iter 360/1860 loss=0.6647 mean_loss=0.6818 classification=0.0188, bbox_regression=0.0543, bbox_ctrness=0.5917
epoch 17/50 iter 380/1860 loss=0.6775 mean_loss=0.6816 classification=0.0121, bbox_regression=0.0473, bbox_ctrness=0.6182
epoch 17/50 iter 400/1860 loss=0.6822 mean_loss=0.6816 classification=0.0006, bbox_regression=0.0600, bbox_ctrness=0.6216
epoch 17/50 iter 420/1860 loss=0.6675 mean_loss=0.6813 classification=0.0099, bbox_regression=0.0634, bbox_ctrness=0.5943
epoch 17/50 iter 440/1860 loss=0.7037 mean_loss=0.6814 classification=0.0056, bbox_regression=0.0729, bbox_ctrness=0.6251
epoch 17/50 iter 460/1860 loss=0.6818 mean_loss=0.6812 classification=0.0290, bbox_regression=0.0586, bbox_ctrness=0.5942
epoch 17/50 iter 480/1860 loss=0.7112 mean_loss=0.6815 classification=0.0349, bbox_regression=0.0876, bbox_ctrness=0.5887
epoch 17/50 iter 500/1860 loss=0.6715 mean_loss=0.6817 classification=0.0129, bbox_regression=0.0453, bbox_ctrness=0.6133
epoch 17/50 iter 520/1860 loss=0.6457 mean_loss=0.6818 classification=0.0160, bbox_regression=0.0499, bbox_ctrness=0.5798
epoch 17/50 iter 540/1860 loss=0.6632 mean_loss=0.6819 classification=0.0120, bbox_regression=0.0637, bbox_ctrness=0.5875
epoch 17/50 iter 560/1860 loss=0.6798 mean_loss=0.6822 classification=0.0164, bbox_regression=0.0551, bbox_ctrness=0.6083
epoch 17/50 iter 580/1860 loss=0.6929 mean_loss=0.6824 classification=0.0275, bbox_regression=0.0704, bbox_ctrness=0.5950
epoch 17/50 iter 600/1860 loss=0.6675 mean_loss=0.6828 classification=0.0164, bbox_regression=0.0517, bbox_ctrness=0.5994
epoch 17/50 iter 620/1860 loss=0.6630 mean_loss=0.6827 classification=0.0056, bbox_regression=0.0509, bbox_ctrness=0.6064
epoch 17/50 iter 640/1860 loss=0.6899 mean_loss=0.6824 classification=0.0192, bbox_regression=0.0714, bbox_ctrness=0.5992
epoch 17/50 iter 660/1860 loss=0.6491 mean_loss=0.6824 classification=0.0180, bbox_regression=0.0521, bbox_ctrness=0.5790
epoch 17/50 iter 680/1860 loss=0.6936 mean_loss=0.6826 classification=0.0142, bbox_regression=0.0773, bbox_ctrness=0.6021
epoch 17/50 iter 700/1860 loss=0.6837 mean_loss=0.6825 classification=0.0207, bbox_regression=0.0697, bbox_ctrness=0.5933
epoch 17/50 iter 720/1860 loss=0.6838 mean_loss=0.6827 classification=0.0225, bbox_regression=0.0651, bbox_ctrness=0.5963
epoch 17/50 iter 740/1860 loss=0.6730 mean_loss=0.6825 classification=0.0136, bbox_regression=0.0614, bbox_ctrness=0.5981
epoch 17/50 iter 760/1860 loss=0.6842 mean_loss=0.6824 classification=0.0225, bbox_regression=0.0697, bbox_ctrness=0.5920
epoch 17/50 iter 780/1860 loss=0.6651 mean_loss=0.6820 classification=0.0080, bbox_regression=0.0489, bbox_ctrness=0.6082
epoch 17/50 iter 800/1860 loss=0.6813 mean_loss=0.6821 classification=0.0095, bbox_regression=0.0651, bbox_ctrness=0.6067
epoch 17/50 iter 820/1860 loss=0.6667 mean_loss=0.6819 classification=0.0246, bbox_regression=0.0566, bbox_ctrness=0.5855
epoch 17/50 iter 840/1860 loss=0.6757 mean_loss=0.6817 classification=0.0081, bbox_regression=0.0606, bbox_ctrness=0.6069
epoch 17/50 iter 860/1860 loss=0.6894 mean_loss=0.6818 classification=0.0204, bbox_regression=0.0709, bbox_ctrness=0.5981
epoch 17/50 iter 880/1860 loss=0.6491 mean_loss=0.6818 classification=0.0016, bbox_regression=0.0625, bbox_ctrness=0.5850
epoch 17/50 iter 900/1860 loss=0.6881 mean_loss=0.6818 classification=0.0119, bbox_regression=0.0704, bbox_ctrness=0.6057
epoch 17/50 iter 920/1860 loss=0.6752 mean_loss=0.6818 classification=0.0252, bbox_regression=0.0525, bbox_ctrness=0.5975
epoch 17/50 iter 940/1860 loss=0.6950 mean_loss=0.6822 classification=0.0225, bbox_regression=0.0717, bbox_ctrness=0.6009
epoch 17/50 iter 960/1860 loss=0.6792 mean_loss=0.6822 classification=0.0151, bbox_regression=0.0746, bbox_ctrness=0.5896
epoch 17/50 iter 980/1860 loss=0.6873 mean_loss=0.6821 classification=0.0204, bbox_regression=0.0735, bbox_ctrness=0.5934
epoch 17/50 iter 1000/1860 loss=0.6836 mean_loss=0.6822 classification=0.0151, bbox_regression=0.0639, bbox_ctrness=0.6045
epoch 17/50 iter 1020/1860 loss=0.6614 mean_loss=0.6822 classification=0.0098, bbox_regression=0.0672, bbox_ctrness=0.5844
epoch 17/50 iter 1040/1860 loss=0.6645 mean_loss=0.6822 classification=0.0160, bbox_regression=0.0602, bbox_ctrness=0.5883
epoch 17/50 iter 1060/1860 loss=0.6889 mean_loss=0.6822 classification=0.0174, bbox_regression=0.0608, bbox_ctrness=0.6107
epoch 17/50 iter 1080/1860 loss=0.6884 mean_loss=0.6822 classification=0.0312, bbox_regression=0.0591, bbox_ctrness=0.5980
epoch 17/50 iter 1100/1860 loss=0.6689 mean_loss=0.6823 classification=0.0189, bbox_regression=0.0669, bbox_ctrness=0.5831
epoch 17/50 iter 1120/1860 loss=0.6947 mean_loss=0.6822 classification=0.0070, bbox_regression=0.0629, bbox_ctrness=0.6248
epoch 17/50 iter 1140/1860 loss=0.6705 mean_loss=0.6822 classification=0.0089, bbox_regression=0.0569, bbox_ctrness=0.6047
epoch 17/50 iter 1160/1860 loss=0.6746 mean_loss=0.6820 classification=0.0066, bbox_regression=0.0637, bbox_ctrness=0.6043
epoch 17/50 iter 1180/1860 loss=0.6706 mean_loss=0.6819 classification=0.0291, bbox_regression=0.0537, bbox_ctrness=0.5879
epoch 17/50 iter 1200/1860 loss=0.7285 mean_loss=0.6820 classification=0.0438, bbox_regression=0.0869, bbox_ctrness=0.5978
epoch 17/50 iter 1220/1860 loss=0.6720 mean_loss=0.6819 classification=0.0293, bbox_regression=0.0584, bbox_ctrness=0.5843
epoch 17/50 iter 1240/1860 loss=0.6361 mean_loss=0.6818 classification=0.0016, bbox_regression=0.0463, bbox_ctrness=0.5882
epoch 17/50 iter 1260/1860 loss=0.6643 mean_loss=0.6817 classification=0.0143, bbox_regression=0.0577, bbox_ctrness=0.5923
epoch 17/50 iter 1280/1860 loss=0.6972 mean_loss=0.6818 classification=0.0101, bbox_regression=0.0722, bbox_ctrness=0.6148
epoch 17/50 iter 1300/1860 loss=0.6960 mean_loss=0.6819 classification=0.0287, bbox_regression=0.0597, bbox_ctrness=0.6076
epoch 17/50 iter 1320/1860 loss=0.7186 mean_loss=0.6820 classification=0.0289, bbox_regression=0.0940, bbox_ctrness=0.5957
epoch 17/50 iter 1340/1860 loss=0.6666 mean_loss=0.6819 classification=0.0049, bbox_regression=0.0606, bbox_ctrness=0.6011
epoch 17/50 iter 1360/1860 loss=0.6454 mean_loss=0.6821 classification=0.0064, bbox_regression=0.0460, bbox_ctrness=0.5929
epoch 17/50 iter 1380/1860 loss=0.7127 mean_loss=0.6822 classification=0.0197, bbox_regression=0.0801, bbox_ctrness=0.6130
epoch 17/50 iter 1400/1860 loss=0.6674 mean_loss=0.6822 classification=0.0207, bbox_regression=0.0590, bbox_ctrness=0.5877
epoch 17/50 iter 1420/1860 loss=0.6526 mean_loss=0.6821 classification=0.0121, bbox_regression=0.0486, bbox_ctrness=0.5920
epoch 17/50 iter 1440/1860 loss=0.6871 mean_loss=0.6822 classification=0.0096, bbox_regression=0.0711, bbox_ctrness=0.6064
epoch 17/50 iter 1460/1860 loss=0.6768 mean_loss=0.6822 classification=0.0107, bbox_regression=0.0761, bbox_ctrness=0.5900
epoch 17/50 iter 1480/1860 loss=0.6857 mean_loss=0.6823 classification=0.0115, bbox_regression=0.0625, bbox_ctrness=0.6118
epoch 17/50 iter 1500/1860 loss=0.6859 mean_loss=0.6824 classification=0.0236, bbox_regression=0.0545, bbox_ctrness=0.6078
epoch 17/50 iter 1520/1860 loss=0.6705 mean_loss=0.6826 classification=0.0045, bbox_regression=0.0570, bbox_ctrness=0.6090
epoch 17/50 iter 1540/1860 loss=0.6548 mean_loss=0.6825 classification=0.0084, bbox_regression=0.0476, bbox_ctrness=0.5988
epoch 17/50 iter 1560/1860 loss=0.7168 mean_loss=0.6825 classification=0.0472, bbox_regression=0.0677, bbox_ctrness=0.6018
epoch 17/50 iter 1580/1860 loss=0.6642 mean_loss=0.6825 classification=0.0008, bbox_regression=0.0579, bbox_ctrness=0.6054
epoch 17/50 iter 1600/1860 loss=0.6698 mean_loss=0.6825 classification=0.0106, bbox_regression=0.0584, bbox_ctrness=0.6009
epoch 17/50 iter 1620/1860 loss=0.6632 mean_loss=0.6825 classification=0.0066, bbox_regression=0.0492, bbox_ctrness=0.6074
epoch 17/50 iter 1640/1860 loss=0.6888 mean_loss=0.6826 classification=0.0045, bbox_regression=0.0783, bbox_ctrness=0.6061
epoch 17/50 iter 1660/1860 loss=0.6755 mean_loss=0.6826 classification=0.0102, bbox_regression=0.0655, bbox_ctrness=0.5998
epoch 17/50 iter 1680/1860 loss=0.6937 mean_loss=0.6826 classification=0.0156, bbox_regression=0.0758, bbox_ctrness=0.6024
epoch 17/50 iter 1700/1860 loss=0.6946 mean_loss=0.6827 classification=0.0210, bbox_regression=0.0618, bbox_ctrness=0.6117
epoch 17/50 iter 1720/1860 loss=0.7383 mean_loss=0.6828 classification=0.0472, bbox_regression=0.0943, bbox_ctrness=0.5967
epoch 17/50 iter 1740/1860 loss=0.6829 mean_loss=0.6828 classification=0.0285, bbox_regression=0.0549, bbox_ctrness=0.5995
epoch 17/50 iter 1760/1860 loss=0.6685 mean_loss=0.6827 classification=0.0145, bbox_regression=0.0471, bbox_ctrness=0.6069
epoch 17/50 iter 1780/1860 loss=0.6571 mean_loss=0.6827 classification=0.0095, bbox_regression=0.0555, bbox_ctrness=0.5921
epoch 17/50 iter 1800/1860 loss=0.7010 mean_loss=0.6828 classification=0.0062, bbox_regression=0.0768, bbox_ctrness=0.6181
epoch 17/50 iter 1820/1860 loss=0.6924 mean_loss=0.6829 classification=0.0373, bbox_regression=0.0578, bbox_ctrness=0.5973
epoch 17/50 iter 1840/1860 loss=0.7260 mean_loss=0.6830 classification=0.0594, bbox_regression=0.0539, bbox_ctrness=0.6127
epoch 17/50 iter 1860/1860 loss=0.6840 mean_loss=0.6831 classification=0.0308, bbox_regression=0.0589, bbox_ctrness=0.5944
epoch 17 validation Precision=0.5066 Recall=0.9668 AP50=0.9375 AP75=0.8588 eval_fps=20.08 epoch_time_sec=920.7
saved checkpoint: E:\RepViT-main\runs\v48_complete_ablation\training\ra_stems_project_seed2\weights\last.pt
epoch 18/50 iter 1/1860 loss=0.6742 mean_loss=0.6742 classification=0.0157, bbox_regression=0.0670, bbox_ctrness=0.5915
epoch 18/50 iter 20/1860 loss=0.6726 mean_loss=0.6735 classification=0.0098, bbox_regression=0.0589, bbox_ctrness=0.6039
epoch 18/50 iter 40/1860 loss=0.6490 mean_loss=0.6738 classification=0.0041, bbox_regression=0.0509, bbox_ctrness=0.5940
epoch 18/50 iter 60/1860 loss=0.6716 mean_loss=0.6711 classification=0.0048, bbox_regression=0.0645, bbox_ctrness=0.6023
epoch 18/50 iter 80/1860 loss=0.6728 mean_loss=0.6724 classification=0.0138, bbox_regression=0.0643, bbox_ctrness=0.5947
epoch 18/50 iter 100/1860 loss=0.6847 mean_loss=0.6735 classification=0.0085, bbox_regression=0.0645, bbox_ctrness=0.6117
epoch 18/50 iter 120/1860 loss=0.6420 mean_loss=0.6736 classification=0.0069, bbox_regression=0.0528, bbox_ctrness=0.5822
epoch 18/50 iter 140/1860 loss=0.6581 mean_loss=0.6737 classification=0.0066, bbox_regression=0.0518, bbox_ctrness=0.5997
epoch 18/50 iter 160/1860 loss=0.6725 mean_loss=0.6749 classification=0.0248, bbox_regression=0.0550, bbox_ctrness=0.5928
epoch 18/50 iter 180/1860 loss=0.6957 mean_loss=0.6753 classification=0.0050, bbox_regression=0.0785, bbox_ctrness=0.6121
epoch 18/50 iter 200/1860 loss=0.6817 mean_loss=0.6768 classification=0.0033, bbox_regression=0.0674, bbox_ctrness=0.6111
epoch 18/50 iter 220/1860 loss=0.6791 mean_loss=0.6773 classification=0.0197, bbox_regression=0.0464, bbox_ctrness=0.6131
epoch 18/50 iter 240/1860 loss=0.6913 mean_loss=0.6774 classification=0.0013, bbox_regression=0.0801, bbox_ctrness=0.6099
epoch 18/50 iter 260/1860 loss=0.6633 mean_loss=0.6774 classification=0.0080, bbox_regression=0.0556, bbox_ctrness=0.5997
epoch 18/50 iter 280/1860 loss=0.6917 mean_loss=0.6774 classification=0.0062, bbox_regression=0.0642, bbox_ctrness=0.6213
epoch 18/50 iter 300/1860 loss=0.6744 mean_loss=0.6775 classification=0.0055, bbox_regression=0.0684, bbox_ctrness=0.6005
epoch 18/50 iter 320/1860 loss=0.6629 mean_loss=0.6773 classification=0.0022, bbox_regression=0.0543, bbox_ctrness=0.6064
epoch 18/50 iter 340/1860 loss=0.6654 mean_loss=0.6778 classification=0.0060, bbox_regression=0.0626, bbox_ctrness=0.5968
epoch 18/50 iter 360/1860 loss=0.6950 mean_loss=0.6777 classification=0.0220, bbox_regression=0.0763, bbox_ctrness=0.5968
epoch 18/50 iter 380/1860 loss=0.6979 mean_loss=0.6783 classification=0.0400, bbox_regression=0.0569, bbox_ctrness=0.6010
epoch 18/50 iter 400/1860 loss=0.6776 mean_loss=0.6779 classification=0.0113, bbox_regression=0.0641, bbox_ctrness=0.6022
epoch 18/50 iter 420/1860 loss=0.6732 mean_loss=0.6778 classification=0.0119, bbox_regression=0.0464, bbox_ctrness=0.6149
epoch 18/50 iter 440/1860 loss=0.6515 mean_loss=0.6774 classification=0.0206, bbox_regression=0.0454, bbox_ctrness=0.5856
epoch 18/50 iter 460/1860 loss=0.6833 mean_loss=0.6773 classification=0.0252, bbox_regression=0.0635, bbox_ctrness=0.5946
epoch 18/50 iter 480/1860 loss=0.6978 mean_loss=0.6775 classification=0.0480, bbox_regression=0.0631, bbox_ctrness=0.5867
epoch 18/50 iter 500/1860 loss=0.6966 mean_loss=0.6782 classification=0.0259, bbox_regression=0.0642, bbox_ctrness=0.6064
epoch 18/50 iter 520/1860 loss=0.6827 mean_loss=0.6786 classification=0.0060, bbox_regression=0.0604, bbox_ctrness=0.6164
epoch 18/50 iter 540/1860 loss=0.6709 mean_loss=0.6789 classification=0.0149, bbox_regression=0.0614, bbox_ctrness=0.5946
epoch 18/50 iter 560/1860 loss=0.6633 mean_loss=0.6788 classification=0.0117, bbox_regression=0.0545, bbox_ctrness=0.5971
epoch 18/50 iter 580/1860 loss=0.6781 mean_loss=0.6787 classification=0.0167, bbox_regression=0.0578, bbox_ctrness=0.6036
epoch 18/50 iter 600/1860 loss=0.6606 mean_loss=0.6791 classification=0.0089, bbox_regression=0.0546, bbox_ctrness=0.5971
epoch 18/50 iter 620/1860 loss=0.6678 mean_loss=0.6791 classification=0.0089, bbox_regression=0.0678, bbox_ctrness=0.5911
epoch 18/50 iter 640/1860 loss=0.6963 mean_loss=0.6790 classification=0.0173, bbox_regression=0.0769, bbox_ctrness=0.6021
epoch 18/50 iter 660/1860 loss=0.6798 mean_loss=0.6787 classification=0.0161, bbox_regression=0.0518, bbox_ctrness=0.6119
epoch 18/50 iter 680/1860 loss=0.7053 mean_loss=0.6788 classification=0.0210, bbox_regression=0.0838, bbox_ctrness=0.6006
epoch 18/50 iter 700/1860 loss=0.6482 mean_loss=0.6789 classification=0.0104, bbox_regression=0.0445, bbox_ctrness=0.5933
epoch 18/50 iter 720/1860 loss=0.6626 mean_loss=0.6788 classification=0.0152, bbox_regression=0.0581, bbox_ctrness=0.5894
epoch 18/50 iter 740/1860 loss=0.6537 mean_loss=0.6785 classification=0.0190, bbox_regression=0.0553, bbox_ctrness=0.5793
epoch 18/50 iter 760/1860 loss=0.6827 mean_loss=0.6787 classification=0.0028, bbox_regression=0.0738, bbox_ctrness=0.6061
epoch 18/50 iter 780/1860 loss=0.7208 mean_loss=0.6789 classification=0.0479, bbox_regression=0.0732, bbox_ctrness=0.5997
epoch 18/50 iter 800/1860 loss=0.6903 mean_loss=0.6786 classification=0.0137, bbox_regression=0.0697, bbox_ctrness=0.6069
epoch 18/50 iter 820/1860 loss=0.6707 mean_loss=0.6787 classification=0.0067, bbox_regression=0.0547, bbox_ctrness=0.6093
epoch 18/50 iter 840/1860 loss=0.6492 mean_loss=0.6787 classification=0.0058, bbox_regression=0.0486, bbox_ctrness=0.5948
epoch 18/50 iter 860/1860 loss=0.6587 mean_loss=0.6787 classification=0.0178, bbox_regression=0.0561, bbox_ctrness=0.5848
epoch 18/50 iter 880/1860 loss=0.6907 mean_loss=0.6787 classification=0.0370, bbox_regression=0.0604, bbox_ctrness=0.5932
epoch 18/50 iter 900/1860 loss=0.6643 mean_loss=0.6787 classification=0.0042, bbox_regression=0.0721, bbox_ctrness=0.5880
epoch 18/50 iter 920/1860 loss=0.6711 mean_loss=0.6787 classification=0.0116, bbox_regression=0.0633, bbox_ctrness=0.5961
epoch 18/50 iter 940/1860 loss=0.7111 mean_loss=0.6787 classification=0.0314, bbox_regression=0.0721, bbox_ctrness=0.6076
epoch 18/50 iter 960/1860 loss=0.6472 mean_loss=0.6784 classification=0.0082, bbox_regression=0.0498, bbox_ctrness=0.5891
epoch 18/50 iter 980/1860 loss=0.6700 mean_loss=0.6788 classification=0.0084, bbox_regression=0.0600, bbox_ctrness=0.6016
epoch 18/50 iter 1000/1860 loss=0.6602 mean_loss=0.6787 classification=0.0161, bbox_regression=0.0448, bbox_ctrness=0.5993
epoch 18/50 iter 1020/1860 loss=0.7178 mean_loss=0.6787 classification=0.0390, bbox_regression=0.0573, bbox_ctrness=0.6215
epoch 18/50 iter 1040/1860 loss=0.6948 mean_loss=0.6787 classification=0.0131, bbox_regression=0.0674, bbox_ctrness=0.6143
epoch 18/50 iter 1060/1860 loss=0.7211 mean_loss=0.6791 classification=0.0487, bbox_regression=0.0738, bbox_ctrness=0.5985
epoch 18/50 iter 1080/1860 loss=0.7045 mean_loss=0.6793 classification=0.0289, bbox_regression=0.0684, bbox_ctrness=0.6073
epoch 18/50 iter 1100/1860 loss=0.6814 mean_loss=0.6796 classification=0.0266, bbox_regression=0.0482, bbox_ctrness=0.6067
epoch 18/50 iter 1120/1860 loss=0.6588 mean_loss=0.6795 classification=0.0102, bbox_regression=0.0506, bbox_ctrness=0.5980
epoch 18/50 iter 1140/1860 loss=0.7893 mean_loss=0.6798 classification=0.0800, bbox_regression=0.1098, bbox_ctrness=0.5995
epoch 18/50 iter 1160/1860 loss=0.7250 mean_loss=0.6801 classification=0.0584, bbox_regression=0.0682, bbox_ctrness=0.5985
epoch 18/50 iter 1180/1860 loss=0.7070 mean_loss=0.6801 classification=0.0478, bbox_regression=0.0551, bbox_ctrness=0.6041
epoch 18/50 iter 1200/1860 loss=0.6932 mean_loss=0.6802 classification=0.0051, bbox_regression=0.0623, bbox_ctrness=0.6258
epoch 18/50 iter 1220/1860 loss=0.6863 mean_loss=0.6805 classification=0.0187, bbox_regression=0.0616, bbox_ctrness=0.6060
epoch 18/50 iter 1240/1860 loss=0.7289 mean_loss=0.6804 classification=0.0594, bbox_regression=0.0595, bbox_ctrness=0.6101
epoch 18/50 iter 1260/1860 loss=0.6833 mean_loss=0.6805 classification=0.0170, bbox_regression=0.0639, bbox_ctrness=0.6023
epoch 18/50 iter 1280/1860 loss=0.6832 mean_loss=0.6805 classification=0.0126, bbox_regression=0.0639, bbox_ctrness=0.6067
epoch 18/50 iter 1300/1860 loss=0.6772 mean_loss=0.6804 classification=0.0128, bbox_regression=0.0614, bbox_ctrness=0.6031
epoch 18/50 iter 1320/1860 loss=0.6892 mean_loss=0.6803 classification=0.0166, bbox_regression=0.0644, bbox_ctrness=0.6083
epoch 18/50 iter 1340/1860 loss=0.6581 mean_loss=0.6801 classification=0.0076, bbox_regression=0.0537, bbox_ctrness=0.5967
epoch 18/50 iter 1360/1860 loss=0.6777 mean_loss=0.6800 classification=0.0179, bbox_regression=0.0544, bbox_ctrness=0.6054
epoch 18/50 iter 1380/1860 loss=0.6663 mean_loss=0.6800 classification=0.0206, bbox_regression=0.0537, bbox_ctrness=0.5920
epoch 18/50 iter 1400/1860 loss=0.6673 mean_loss=0.6799 classification=0.0024, bbox_regression=0.0508, bbox_ctrness=0.6140
epoch 18/50 iter 1420/1860 loss=0.7057 mean_loss=0.6800 classification=0.0289, bbox_regression=0.0834, bbox_ctrness=0.5935
epoch 18/50 iter 1440/1860 loss=0.6985 mean_loss=0.6799 classification=0.0179, bbox_regression=0.0658, bbox_ctrness=0.6148
epoch 18/50 iter 1460/1860 loss=0.6949 mean_loss=0.6799 classification=0.0310, bbox_regression=0.0658, bbox_ctrness=0.5980
epoch 18/50 iter 1480/1860 loss=0.8791 mean_loss=0.6801 classification=0.1125, bbox_regression=0.1332, bbox_ctrness=0.6334
epoch 18/50 iter 1500/1860 loss=0.6672 mean_loss=0.6802 classification=0.0097, bbox_regression=0.0669, bbox_ctrness=0.5906
epoch 18/50 iter 1520/1860 loss=0.6713 mean_loss=0.6802 classification=0.0036, bbox_regression=0.0620, bbox_ctrness=0.6057
epoch 18/50 iter 1540/1860 loss=0.6775 mean_loss=0.6800 classification=0.0230, bbox_regression=0.0684, bbox_ctrness=0.5860
epoch 18/50 iter 1560/1860 loss=0.7050 mean_loss=0.6800 classification=0.0192, bbox_regression=0.0688, bbox_ctrness=0.6170
epoch 18/50 iter 1580/1860 loss=0.7913 mean_loss=0.6800 classification=0.1341, bbox_regression=0.0591, bbox_ctrness=0.5981
epoch 18/50 iter 1600/1860 loss=0.6776 mean_loss=0.6801 classification=0.0216, bbox_regression=0.0543, bbox_ctrness=0.6017
epoch 18/50 iter 1620/1860 loss=0.6563 mean_loss=0.6801 classification=0.0165, bbox_regression=0.0465, bbox_ctrness=0.5933
epoch 18/50 iter 1640/1860 loss=0.6964 mean_loss=0.6801 classification=0.0261, bbox_regression=0.0820, bbox_ctrness=0.5883
epoch 18/50 iter 1660/1860 loss=0.6620 mean_loss=0.6801 classification=0.0154, bbox_regression=0.0650, bbox_ctrness=0.5816
epoch 18/50 iter 1680/1860 loss=0.6602 mean_loss=0.6802 classification=0.0160, bbox_regression=0.0533, bbox_ctrness=0.5910
epoch 18/50 iter 1700/1860 loss=0.6503 mean_loss=0.6801 classification=0.0019, bbox_regression=0.0456, bbox_ctrness=0.6028
epoch 18/50 iter 1720/1860 loss=0.6804 mean_loss=0.6801 classification=0.0137, bbox_regression=0.0694, bbox_ctrness=0.5974
epoch 18/50 iter 1740/1860 loss=0.6662 mean_loss=0.6800 classification=0.0087, bbox_regression=0.0628, bbox_ctrness=0.5947
epoch 18/50 iter 1760/1860 loss=0.6668 mean_loss=0.6799 classification=0.0057, bbox_regression=0.0538, bbox_ctrness=0.6074
epoch 18/50 iter 1780/1860 loss=0.6471 mean_loss=0.6800 classification=0.0060, bbox_regression=0.0492, bbox_ctrness=0.5919
epoch 18/50 iter 1800/1860 loss=0.6605 mean_loss=0.6799 classification=0.0139, bbox_regression=0.0580, bbox_ctrness=0.5886
epoch 18/50 iter 1820/1860 loss=0.7040 mean_loss=0.6800 classification=0.0208, bbox_regression=0.0646, bbox_ctrness=0.6186
epoch 18/50 iter 1840/1860 loss=0.7034 mean_loss=0.6801 classification=0.0302, bbox_regression=0.0744, bbox_ctrness=0.5987
epoch 18/50 iter 1860/1860 loss=0.6742 mean_loss=0.6800 classification=0.0056, bbox_regression=0.0426, bbox_ctrness=0.6260
epoch 18 validation Precision=0.7250 Recall=0.9325 AP50=0.9140 AP75=0.8362 eval_fps=21.16 epoch_time_sec=903.4
saved checkpoint: E:\RepViT-main\runs\v48_complete_ablation\training\ra_stems_project_seed2\weights\last.pt
epoch 19/50 iter 1/1860 loss=0.6617 mean_loss=0.6617 classification=0.0037, bbox_regression=0.0591, bbox_ctrness=0.5988
epoch 19/50 iter 20/1860 loss=0.7111 mean_loss=0.6782 classification=0.0687, bbox_regression=0.0575, bbox_ctrness=0.5850
epoch 19/50 iter 40/1860 loss=0.6647 mean_loss=0.6715 classification=0.0251, bbox_regression=0.0472, bbox_ctrness=0.5924
epoch 19/50 iter 60/1860 loss=0.6554 mean_loss=0.6756 classification=0.0080, bbox_regression=0.0534, bbox_ctrness=0.5940
epoch 19/50 iter 80/1860 loss=0.6619 mean_loss=0.6766 classification=0.0043, bbox_regression=0.0541, bbox_ctrness=0.6034
epoch 19/50 iter 100/1860 loss=0.6634 mean_loss=0.6746 classification=0.0070, bbox_regression=0.0563, bbox_ctrness=0.6000
epoch 19/50 iter 120/1860 loss=0.6799 mean_loss=0.6729 classification=0.0198, bbox_regression=0.0555, bbox_ctrness=0.6045
epoch 19/50 iter 140/1860 loss=0.6948 mean_loss=0.6727 classification=0.0195, bbox_regression=0.0536, bbox_ctrness=0.6217
epoch 19/50 iter 160/1860 loss=0.6703 mean_loss=0.6729 classification=0.0284, bbox_regression=0.0603, bbox_ctrness=0.5815
epoch 19/50 iter 180/1860 loss=0.6499 mean_loss=0.6727 classification=0.0037, bbox_regression=0.0469, bbox_ctrness=0.5994
epoch 19/50 iter 200/1860 loss=0.6627 mean_loss=0.6727 classification=0.0119, bbox_regression=0.0637, bbox_ctrness=0.5871
epoch 19/50 iter 220/1860 loss=0.6545 mean_loss=0.6729 classification=0.0018, bbox_regression=0.0682, bbox_ctrness=0.5844
epoch 19/50 iter 240/1860 loss=0.7260 mean_loss=0.6746 classification=0.0461, bbox_regression=0.0847, bbox_ctrness=0.5952
epoch 19/50 iter 260/1860 loss=0.6714 mean_loss=0.6754 classification=0.0159, bbox_regression=0.0737, bbox_ctrness=0.5818
epoch 19/50 iter 280/1860 loss=0.6733 mean_loss=0.6755 classification=0.0037, bbox_regression=0.0547, bbox_ctrness=0.6149
epoch 19/50 iter 300/1860 loss=0.6855 mean_loss=0.6752 classification=0.0109, bbox_regression=0.0673, bbox_ctrness=0.6073
epoch 19/50 iter 320/1860 loss=0.6871 mean_loss=0.6751 classification=0.0196, bbox_regression=0.0622, bbox_ctrness=0.6053
epoch 19/50 iter 340/1860 loss=0.6583 mean_loss=0.6745 classification=0.0133, bbox_regression=0.0475, bbox_ctrness=0.5975
epoch 19/50 iter 360/1860 loss=0.7371 mean_loss=0.6747 classification=0.0301, bbox_regression=0.0949, bbox_ctrness=0.6121
epoch 19/50 iter 380/1860 loss=0.6575 mean_loss=0.6745 classification=0.0075, bbox_regression=0.0533, bbox_ctrness=0.5966
epoch 19/50 iter 400/1860 loss=0.6513 mean_loss=0.6745 classification=0.0141, bbox_regression=0.0461, bbox_ctrness=0.5912
epoch 19/50 iter 420/1860 loss=0.7164 mean_loss=0.6742 classification=0.0441, bbox_regression=0.0730, bbox_ctrness=0.5993
epoch 19/50 iter 440/1860 loss=0.6679 mean_loss=0.6744 classification=0.0197, bbox_regression=0.0558, bbox_ctrness=0.5923
epoch 19/50 iter 460/1860 loss=0.6624 mean_loss=0.6748 classification=0.0207, bbox_regression=0.0540, bbox_ctrness=0.5877
epoch 19/50 iter 480/1860 loss=0.6689 mean_loss=0.6752 classification=0.0095, bbox_regression=0.0595, bbox_ctrness=0.5999
epoch 19/50 iter 500/1860 loss=0.6684 mean_loss=0.6753 classification=0.0029, bbox_regression=0.0535, bbox_ctrness=0.6121
epoch 19/50 iter 520/1860 loss=0.6579 mean_loss=0.6754 classification=0.0040, bbox_regression=0.0668, bbox_ctrness=0.5871
epoch 19/50 iter 540/1860 loss=0.6670 mean_loss=0.6760 classification=0.0143, bbox_regression=0.0389, bbox_ctrness=0.6138
epoch 19/50 iter 560/1860 loss=0.6673 mean_loss=0.6761 classification=0.0098, bbox_regression=0.0636, bbox_ctrness=0.5938
epoch 19/50 iter 580/1860 loss=0.6948 mean_loss=0.6760 classification=0.0291, bbox_regression=0.0537, bbox_ctrness=0.6119
epoch 19/50 iter 600/1860 loss=0.6441 mean_loss=0.6762 classification=0.0078, bbox_regression=0.0425, bbox_ctrness=0.5938
epoch 19/50 iter 620/1860 loss=0.6471 mean_loss=0.6762 classification=0.0051, bbox_regression=0.0558, bbox_ctrness=0.5863
epoch 19/50 iter 640/1860 loss=0.6749 mean_loss=0.6759 classification=0.0209, bbox_regression=0.0548, bbox_ctrness=0.5993
epoch 19/50 iter 660/1860 loss=0.7016 mean_loss=0.6758 classification=0.0260, bbox_regression=0.0780, bbox_ctrness=0.5976
epoch 19/50 iter 680/1860 loss=0.6834 mean_loss=0.6759 classification=0.0234, bbox_regression=0.0614, bbox_ctrness=0.5986
epoch 19/50 iter 700/1860 loss=0.7338 mean_loss=0.6762 classification=0.0357, bbox_regression=0.0769, bbox_ctrness=0.6212
epoch 19/50 iter 720/1860 loss=0.6574 mean_loss=0.6761 classification=0.0198, bbox_regression=0.0469, bbox_ctrness=0.5907
epoch 19/50 iter 740/1860 loss=0.6573 mean_loss=0.6759 classification=0.0005, bbox_regression=0.0511, bbox_ctrness=0.6057
epoch 19/50 iter 760/1860 loss=0.6739 mean_loss=0.6759 classification=0.0100, bbox_regression=0.0492, bbox_ctrness=0.6147
epoch 19/50 iter 780/1860 loss=0.7267 mean_loss=0.6764 classification=0.0400, bbox_regression=0.0593, bbox_ctrness=0.6273
epoch 19/50 iter 800/1860 loss=0.6760 mean_loss=0.6764 classification=0.0091, bbox_regression=0.0661, bbox_ctrness=0.6008
epoch 19/50 iter 820/1860 loss=0.6873 mean_loss=0.6762 classification=0.0042, bbox_regression=0.0605, bbox_ctrness=0.6226
epoch 19/50 iter 840/1860 loss=0.7195 mean_loss=0.6761 classification=0.0475, bbox_regression=0.0691, bbox_ctrness=0.6028
epoch 19/50 iter 860/1860 loss=0.6878 mean_loss=0.6762 classification=0.0037, bbox_regression=0.0759, bbox_ctrness=0.6082
epoch 19/50 iter 880/1860 loss=0.6749 mean_loss=0.6761 classification=0.0145, bbox_regression=0.0650, bbox_ctrness=0.5954
epoch 19/50 iter 900/1860 loss=0.6301 mean_loss=0.6760 classification=0.0079, bbox_regression=0.0413, bbox_ctrness=0.5809
epoch 19/50 iter 920/1860 loss=0.6920 mean_loss=0.6762 classification=0.0207, bbox_regression=0.0692, bbox_ctrness=0.6021
epoch 19/50 iter 940/1860 loss=0.6636 mean_loss=0.6761 classification=0.0083, bbox_regression=0.0632, bbox_ctrness=0.5921
epoch 19/50 iter 960/1860 loss=0.6687 mean_loss=0.6760 classification=0.0028, bbox_regression=0.0479, bbox_ctrness=0.6180
epoch 19/50 iter 980/1860 loss=0.6551 mean_loss=0.6761 classification=0.0013, bbox_regression=0.0491, bbox_ctrness=0.6048
epoch 19/50 iter 1000/1860 loss=0.6648 mean_loss=0.6760 classification=0.0134, bbox_regression=0.0501, bbox_ctrness=0.6013
epoch 19/50 iter 1020/1860 loss=0.6729 mean_loss=0.6760 classification=0.0081, bbox_regression=0.0686, bbox_ctrness=0.5962
epoch 19/50 iter 1040/1860 loss=0.7252 mean_loss=0.6761 classification=0.0507, bbox_regression=0.0856, bbox_ctrness=0.5889
epoch 19/50 iter 1060/1860 loss=0.6555 mean_loss=0.6761 classification=0.0055, bbox_regression=0.0500, bbox_ctrness=0.6000
epoch 19/50 iter 1080/1860 loss=0.6934 mean_loss=0.6762 classification=0.0170, bbox_regression=0.0751, bbox_ctrness=0.6013
epoch 19/50 iter 1100/1860 loss=0.6844 mean_loss=0.6762 classification=0.0082, bbox_regression=0.0523, bbox_ctrness=0.6240
epoch 19/50 iter 1120/1860 loss=0.6645 mean_loss=0.6764 classification=0.0120, bbox_regression=0.0513, bbox_ctrness=0.6012
epoch 19/50 iter 1140/1860 loss=0.6731 mean_loss=0.6765 classification=0.0173, bbox_regression=0.0544, bbox_ctrness=0.6014
epoch 19/50 iter 1160/1860 loss=0.6786 mean_loss=0.6765 classification=0.0238, bbox_regression=0.0578, bbox_ctrness=0.5970
epoch 19/50 iter 1180/1860 loss=0.6853 mean_loss=0.6767 classification=0.0091, bbox_regression=0.0693, bbox_ctrness=0.6069
epoch 19/50 iter 1200/1860 loss=0.7000 mean_loss=0.6768 classification=0.0269, bbox_regression=0.0689, bbox_ctrness=0.6043
epoch 19/50 iter 1220/1860 loss=0.7026 mean_loss=0.6769 classification=0.0194, bbox_regression=0.0868, bbox_ctrness=0.5964
epoch 19/50 iter 1240/1860 loss=0.6516 mean_loss=0.6769 classification=0.0031, bbox_regression=0.0511, bbox_ctrness=0.5975
epoch 19/50 iter 1260/1860 loss=0.6609 mean_loss=0.6771 classification=0.0127, bbox_regression=0.0467, bbox_ctrness=0.6015
epoch 19/50 iter 1280/1860 loss=0.6721 mean_loss=0.6773 classification=0.0226, bbox_regression=0.0520, bbox_ctrness=0.5974
epoch 19/50 iter 1300/1860 loss=0.6729 mean_loss=0.6773 classification=0.0080, bbox_regression=0.0542, bbox_ctrness=0.6106
epoch 19/50 iter 1320/1860 loss=0.6890 mean_loss=0.6773 classification=0.0203, bbox_regression=0.0672, bbox_ctrness=0.6015
epoch 19/50 iter 1340/1860 loss=0.6819 mean_loss=0.6773 classification=0.0046, bbox_regression=0.0587, bbox_ctrness=0.6187
epoch 19/50 iter 1360/1860 loss=0.6690 mean_loss=0.6774 classification=0.0252, bbox_regression=0.0525, bbox_ctrness=0.5913
epoch 19/50 iter 1380/1860 loss=0.6769 mean_loss=0.6775 classification=0.0161, bbox_regression=0.0608, bbox_ctrness=0.6000
epoch 19/50 iter 1400/1860 loss=0.6640 mean_loss=0.6776 classification=0.0120, bbox_regression=0.0623, bbox_ctrness=0.5897
epoch 19/50 iter 1420/1860 loss=0.6559 mean_loss=0.6777 classification=0.0086, bbox_regression=0.0502, bbox_ctrness=0.5970
epoch 19/50 iter 1440/1860 loss=0.6798 mean_loss=0.6776 classification=0.0103, bbox_regression=0.0673, bbox_ctrness=0.6023
epoch 19/50 iter 1460/1860 loss=0.7152 mean_loss=0.6776 classification=0.0612, bbox_regression=0.0648, bbox_ctrness=0.5891
epoch 19/50 iter 1480/1860 loss=0.6724 mean_loss=0.6778 classification=0.0155, bbox_regression=0.0576, bbox_ctrness=0.5993
epoch 19/50 iter 1500/1860 loss=0.6778 mean_loss=0.6777 classification=0.0223, bbox_regression=0.0671, bbox_ctrness=0.5884
epoch 19/50 iter 1520/1860 loss=0.6698 mean_loss=0.6778 classification=0.0036, bbox_regression=0.0685, bbox_ctrness=0.5977
epoch 19/50 iter 1540/1860 loss=0.6797 mean_loss=0.6776 classification=0.0143, bbox_regression=0.0511, bbox_ctrness=0.6143
epoch 19/50 iter 1560/1860 loss=0.6592 mean_loss=0.6776 classification=0.0080, bbox_regression=0.0652, bbox_ctrness=0.5859
epoch 19/50 iter 1580/1860 loss=0.7668 mean_loss=0.6776 classification=0.0207, bbox_regression=0.1421, bbox_ctrness=0.6039
epoch 19/50 iter 1600/1860 loss=0.6468 mean_loss=0.6776 classification=0.0136, bbox_regression=0.0505, bbox_ctrness=0.5827
epoch 19/50 iter 1620/1860 loss=0.6574 mean_loss=0.6776 classification=0.0165, bbox_regression=0.0541, bbox_ctrness=0.5868
epoch 19/50 iter 1640/1860 loss=0.6702 mean_loss=0.6777 classification=0.0200, bbox_regression=0.0592, bbox_ctrness=0.5910
epoch 19/50 iter 1660/1860 loss=0.6566 mean_loss=0.6777 classification=0.0188, bbox_regression=0.0545, bbox_ctrness=0.5833
epoch 19/50 iter 1680/1860 loss=0.6367 mean_loss=0.6775 classification=0.0031, bbox_regression=0.0528, bbox_ctrness=0.5807
epoch 19/50 iter 1700/1860 loss=0.7121 mean_loss=0.6777 classification=0.0533, bbox_regression=0.0552, bbox_ctrness=0.6037
epoch 19/50 iter 1720/1860 loss=0.6844 mean_loss=0.6778 classification=0.0175, bbox_regression=0.0527, bbox_ctrness=0.6142
epoch 19/50 iter 1740/1860 loss=0.6846 mean_loss=0.6780 classification=0.0118, bbox_regression=0.0629, bbox_ctrness=0.6098
epoch 19/50 iter 1760/1860 loss=0.6632 mean_loss=0.6780 classification=0.0107, bbox_regression=0.0515, bbox_ctrness=0.6009
epoch 19/50 iter 1780/1860 loss=0.7639 mean_loss=0.6781 classification=0.0829, bbox_regression=0.0738, bbox_ctrness=0.6071
epoch 19/50 iter 1800/1860 loss=0.6488 mean_loss=0.6781 classification=0.0075, bbox_regression=0.0486, bbox_ctrness=0.5927
epoch 19/50 iter 1820/1860 loss=0.6611 mean_loss=0.6782 classification=0.0175, bbox_regression=0.0542, bbox_ctrness=0.5895
epoch 19/50 iter 1840/1860 loss=0.6555 mean_loss=0.6782 classification=0.0050, bbox_regression=0.0535, bbox_ctrness=0.5970
epoch 19/50 iter 1860/1860 loss=0.6747 mean_loss=0.6783 classification=0.0165, bbox_regression=0.0588, bbox_ctrness=0.5994
epoch 19 validation Precision=0.5801 Recall=0.9564 AP50=0.9300 AP75=0.8528 eval_fps=20.73 epoch_time_sec=912.1
saved checkpoint: E:\RepViT-main\runs\v48_complete_ablation\training\ra_stems_project_seed2\weights\last.pt
epoch 20/50 iter 1/1860 loss=0.6424 mean_loss=0.6424 classification=0.0101, bbox_regression=0.0554, bbox_ctrness=0.5768
epoch 20/50 iter 20/1860 loss=0.6410 mean_loss=0.6653 classification=0.0025, bbox_regression=0.0491, bbox_ctrness=0.5894
epoch 20/50 iter 40/1860 loss=0.6531 mean_loss=0.6673 classification=0.0094, bbox_regression=0.0580, bbox_ctrness=0.5857
epoch 20/50 iter 60/1860 loss=0.6608 mean_loss=0.6658 classification=0.0065, bbox_regression=0.0551, bbox_ctrness=0.5992
epoch 20/50 iter 80/1860 loss=0.6521 mean_loss=0.6658 classification=0.0008, bbox_regression=0.0427, bbox_ctrness=0.6086
epoch 20/50 iter 100/1860 loss=0.6638 mean_loss=0.6671 classification=0.0042, bbox_regression=0.0639, bbox_ctrness=0.5958
epoch 20/50 iter 120/1860 loss=0.6837 mean_loss=0.6689 classification=0.0032, bbox_regression=0.0625, bbox_ctrness=0.6180
epoch 20/50 iter 140/1860 loss=0.7095 mean_loss=0.6687 classification=0.0531, bbox_regression=0.0543, bbox_ctrness=0.6021
epoch 20/50 iter 160/1860 loss=0.6696 mean_loss=0.6687 classification=0.0084, bbox_regression=0.0619, bbox_ctrness=0.5993
epoch 20/50 iter 180/1860 loss=0.6579 mean_loss=0.6692 classification=0.0044, bbox_regression=0.0564, bbox_ctrness=0.5971
epoch 20/50 iter 200/1860 loss=0.6882 mean_loss=0.6693 classification=0.0225, bbox_regression=0.0672, bbox_ctrness=0.5985
epoch 20/50 iter 220/1860 loss=0.6593 mean_loss=0.6705 classification=0.0059, bbox_regression=0.0652, bbox_ctrness=0.5882
epoch 20/50 iter 240/1860 loss=0.6570 mean_loss=0.6707 classification=0.0077, bbox_regression=0.0577, bbox_ctrness=0.5917
epoch 20/50 iter 260/1860 loss=0.6399 mean_loss=0.6709 classification=0.0133, bbox_regression=0.0501, bbox_ctrness=0.5765
epoch 20/50 iter 280/1860 loss=0.6998 mean_loss=0.6715 classification=0.0195, bbox_regression=0.0625, bbox_ctrness=0.6178
epoch 20/50 iter 300/1860 loss=0.6546 mean_loss=0.6717 classification=0.0037, bbox_regression=0.0416, bbox_ctrness=0.6092
epoch 20/50 iter 320/1860 loss=0.6727 mean_loss=0.6718 classification=0.0097, bbox_regression=0.0648, bbox_ctrness=0.5982
epoch 20/50 iter 340/1860 loss=0.6889 mean_loss=0.6722 classification=0.0037, bbox_regression=0.0602, bbox_ctrness=0.6249
epoch 20/50 iter 360/1860 loss=0.6641 mean_loss=0.6726 classification=0.0042, bbox_regression=0.0456, bbox_ctrness=0.6144
epoch 20/50 iter 380/1860 loss=0.6684 mean_loss=0.6725 classification=0.0108, bbox_regression=0.0618, bbox_ctrness=0.5959
epoch 20/50 iter 400/1860 loss=0.6719 mean_loss=0.6726 classification=0.0148, bbox_regression=0.0486, bbox_ctrness=0.6086
epoch 20/50 iter 420/1860 loss=0.6663 mean_loss=0.6726 classification=0.0044, bbox_regression=0.0431, bbox_ctrness=0.6187
epoch 20/50 iter 440/1860 loss=0.6678 mean_loss=0.6723 classification=0.0014, bbox_regression=0.0503, bbox_ctrness=0.6161
epoch 20/50 iter 460/1860 loss=0.6469 mean_loss=0.6722 classification=0.0024, bbox_regression=0.0478, bbox_ctrness=0.5967
epoch 20/50 iter 480/1860 loss=0.7111 mean_loss=0.6722 classification=0.0334, bbox_regression=0.0785, bbox_ctrness=0.5991
epoch 20/50 iter 500/1860 loss=0.6505 mean_loss=0.6723 classification=0.0065, bbox_regression=0.0456, bbox_ctrness=0.5984
epoch 20/50 iter 520/1860 loss=0.6698 mean_loss=0.6720 classification=0.0392, bbox_regression=0.0502, bbox_ctrness=0.5805
epoch 20/50 iter 540/1860 loss=0.6795 mean_loss=0.6720 classification=0.0184, bbox_regression=0.0600, bbox_ctrness=0.6011
epoch 20/50 iter 560/1860 loss=0.6825 mean_loss=0.6716 classification=0.0090, bbox_regression=0.0597, bbox_ctrness=0.6138
epoch 20/50 iter 580/1860 loss=0.6860 mean_loss=0.6717 classification=0.0157, bbox_regression=0.0604, bbox_ctrness=0.6099
epoch 20/50 iter 600/1860 loss=0.6801 mean_loss=0.6720 classification=0.0078, bbox_regression=0.0472, bbox_ctrness=0.6250
epoch 20/50 iter 620/1860 loss=0.6645 mean_loss=0.6719 classification=0.0124, bbox_regression=0.0446, bbox_ctrness=0.6076
epoch 20/50 iter 640/1860 loss=0.6795 mean_loss=0.6716 classification=0.0005, bbox_regression=0.0557, bbox_ctrness=0.6233
epoch 20/50 iter 660/1860 loss=0.6591 mean_loss=0.6715 classification=0.0048, bbox_regression=0.0441, bbox_ctrness=0.6101
epoch 20/50 iter 680/1860 loss=0.6925 mean_loss=0.6715 classification=0.0139, bbox_regression=0.0655, bbox_ctrness=0.6131
epoch 20/50 iter 700/1860 loss=0.6923 mean_loss=0.6718 classification=0.0223, bbox_regression=0.0721, bbox_ctrness=0.5980
epoch 20/50 iter 720/1860 loss=0.6703 mean_loss=0.6720 classification=0.0022, bbox_regression=0.0578, bbox_ctrness=0.6103
epoch 20/50 iter 740/1860 loss=0.6767 mean_loss=0.6720 classification=0.0219, bbox_regression=0.0631, bbox_ctrness=0.5917
epoch 20/50 iter 760/1860 loss=0.6666 mean_loss=0.6721 classification=0.0019, bbox_regression=0.0411, bbox_ctrness=0.6236
epoch 20/50 iter 780/1860 loss=0.6732 mean_loss=0.6722 classification=0.0102, bbox_regression=0.0700, bbox_ctrness=0.5930
epoch 20/50 iter 800/1860 loss=0.6929 mean_loss=0.6720 classification=0.0087, bbox_regression=0.0706, bbox_ctrness=0.6136
epoch 20/50 iter 820/1860 loss=0.6575 mean_loss=0.6720 classification=0.0032, bbox_regression=0.0510, bbox_ctrness=0.6034
epoch 20/50 iter 840/1860 loss=0.6516 mean_loss=0.6721 classification=0.0181, bbox_regression=0.0471, bbox_ctrness=0.5863
epoch 20/50 iter 860/1860 loss=0.7060 mean_loss=0.6722 classification=0.0523, bbox_regression=0.0610, bbox_ctrness=0.5928
epoch 20/50 iter 880/1860 loss=0.7074 mean_loss=0.6724 classification=0.0597, bbox_regression=0.0482, bbox_ctrness=0.5994
epoch 20/50 iter 900/1860 loss=0.6828 mean_loss=0.6723 classification=0.0204, bbox_regression=0.0664, bbox_ctrness=0.5961
epoch 20/50 iter 920/1860 loss=0.6759 mean_loss=0.6723 classification=0.0139, bbox_regression=0.0632, bbox_ctrness=0.5988
epoch 20/50 iter 940/1860 loss=0.6713 mean_loss=0.6723 classification=0.0176, bbox_regression=0.0694, bbox_ctrness=0.5843
epoch 20/50 iter 960/1860 loss=0.6583 mean_loss=0.6723 classification=0.0178, bbox_regression=0.0392, bbox_ctrness=0.6013
epoch 20/50 iter 980/1860 loss=0.6740 mean_loss=0.6723 classification=0.0010, bbox_regression=0.0568, bbox_ctrness=0.6162
epoch 20/50 iter 1000/1860 loss=0.6602 mean_loss=0.6724 classification=0.0071, bbox_regression=0.0550, bbox_ctrness=0.5981
epoch 20/50 iter 1020/1860 loss=0.6711 mean_loss=0.6723 classification=0.0164, bbox_regression=0.0545, bbox_ctrness=0.6002
epoch 20/50 iter 1040/1860 loss=0.6500 mean_loss=0.6723 classification=0.0031, bbox_regression=0.0467, bbox_ctrness=0.6002
epoch 20/50 iter 1060/1860 loss=0.7209 mean_loss=0.6723 classification=0.0139, bbox_regression=0.0927, bbox_ctrness=0.6144
epoch 20/50 iter 1080/1860 loss=0.6475 mean_loss=0.6724 classification=0.0042, bbox_regression=0.0470, bbox_ctrness=0.5963
epoch 20/50 iter 1100/1860 loss=0.6733 mean_loss=0.6724 classification=0.0091, bbox_regression=0.0574, bbox_ctrness=0.6068
epoch 20/50 iter 1120/1860 loss=0.6877 mean_loss=0.6725 classification=0.0141, bbox_regression=0.0722, bbox_ctrness=0.6014
epoch 20/50 iter 1140/1860 loss=0.6772 mean_loss=0.6723 classification=0.0072, bbox_regression=0.0627, bbox_ctrness=0.6074
epoch 20/50 iter 1160/1860 loss=0.6772 mean_loss=0.6725 classification=0.0293, bbox_regression=0.0551, bbox_ctrness=0.5928
epoch 20/50 iter 1180/1860 loss=0.6646 mean_loss=0.6725 classification=0.0144, bbox_regression=0.0508, bbox_ctrness=0.5995
epoch 20/50 iter 1200/1860 loss=0.6610 mean_loss=0.6727 classification=0.0192, bbox_regression=0.0578, bbox_ctrness=0.5840
epoch 20/50 iter 1220/1860 loss=0.6825 mean_loss=0.6729 classification=0.0243, bbox_regression=0.0638, bbox_ctrness=0.5944
epoch 20/50 iter 1240/1860 loss=0.6757 mean_loss=0.6730 classification=0.0076, bbox_regression=0.0513, bbox_ctrness=0.6168
epoch 20/50 iter 1260/1860 loss=0.6940 mean_loss=0.6729 classification=0.0243, bbox_regression=0.0670, bbox_ctrness=0.6027
epoch 20/50 iter 1280/1860 loss=0.6880 mean_loss=0.6730 classification=0.0250, bbox_regression=0.0536, bbox_ctrness=0.6094
epoch 20/50 iter 1300/1860 loss=0.6861 mean_loss=0.6730 classification=0.0166, bbox_regression=0.0649, bbox_ctrness=0.6047
epoch 20/50 iter 1320/1860 loss=0.6582 mean_loss=0.6731 classification=0.0029, bbox_regression=0.0570, bbox_ctrness=0.5982
epoch 20/50 iter 1340/1860 loss=0.6861 mean_loss=0.6731 classification=0.0028, bbox_regression=0.0602, bbox_ctrness=0.6231
epoch 20/50 iter 1360/1860 loss=0.7083 mean_loss=0.6731 classification=0.0133, bbox_regression=0.0840, bbox_ctrness=0.6110
epoch 20/50 iter 1380/1860 loss=0.6957 mean_loss=0.6732 classification=0.0207, bbox_regression=0.0647, bbox_ctrness=0.6103
epoch 20/50 iter 1400/1860 loss=0.6533 mean_loss=0.6732 classification=0.0051, bbox_regression=0.0517, bbox_ctrness=0.5966
epoch 20/50 iter 1420/1860 loss=0.6814 mean_loss=0.6733 classification=0.0217, bbox_regression=0.0719, bbox_ctrness=0.5878
epoch 20/50 iter 1440/1860 loss=0.6648 mean_loss=0.6733 classification=0.0203, bbox_regression=0.0659, bbox_ctrness=0.5786
epoch 20/50 iter 1460/1860 loss=0.6847 mean_loss=0.6732 classification=0.0153, bbox_regression=0.0584, bbox_ctrness=0.6110
epoch 20/50 iter 1480/1860 loss=0.6463 mean_loss=0.6731 classification=0.0083, bbox_regression=0.0495, bbox_ctrness=0.5886
epoch 20/50 iter 1500/1860 loss=0.6655 mean_loss=0.6731 classification=0.0138, bbox_regression=0.0581, bbox_ctrness=0.5937
epoch 20/50 iter 1520/1860 loss=0.6729 mean_loss=0.6730 classification=0.0044, bbox_regression=0.0644, bbox_ctrness=0.6042
epoch 20/50 iter 1540/1860 loss=0.6607 mean_loss=0.6731 classification=0.0030, bbox_regression=0.0483, bbox_ctrness=0.6094
epoch 20/50 iter 1560/1860 loss=0.6838 mean_loss=0.6730 classification=0.0187, bbox_regression=0.0613, bbox_ctrness=0.6038
epoch 20/50 iter 1580/1860 loss=0.6704 mean_loss=0.6730 classification=0.0080, bbox_regression=0.0556, bbox_ctrness=0.6068
epoch 20/50 iter 1600/1860 loss=0.7017 mean_loss=0.6731 classification=0.0433, bbox_regression=0.0545, bbox_ctrness=0.6039
epoch 20/50 iter 1620/1860 loss=0.7150 mean_loss=0.6733 classification=0.0629, bbox_regression=0.0517, bbox_ctrness=0.6005
epoch 20/50 iter 1640/1860 loss=0.6713 mean_loss=0.6733 classification=0.0180, bbox_regression=0.0547, bbox_ctrness=0.5986
epoch 20/50 iter 1660/1860 loss=0.6603 mean_loss=0.6733 classification=0.0110, bbox_regression=0.0555, bbox_ctrness=0.5939
epoch 20/50 iter 1680/1860 loss=0.6712 mean_loss=0.6734 classification=0.0049, bbox_regression=0.0598, bbox_ctrness=0.6065
epoch 20/50 iter 1700/1860 loss=0.6699 mean_loss=0.6734 classification=0.0012, bbox_regression=0.0653, bbox_ctrness=0.6034
epoch 20/50 iter 1720/1860 loss=0.6774 mean_loss=0.6734 classification=0.0349, bbox_regression=0.0486, bbox_ctrness=0.5939
epoch 20/50 iter 1740/1860 loss=0.6767 mean_loss=0.6733 classification=0.0163, bbox_regression=0.0663, bbox_ctrness=0.5941
epoch 20/50 iter 1760/1860 loss=0.6575 mean_loss=0.6733 classification=0.0099, bbox_regression=0.0438, bbox_ctrness=0.6038
epoch 20/50 iter 1780/1860 loss=0.6536 mean_loss=0.6733 classification=0.0046, bbox_regression=0.0509, bbox_ctrness=0.5981
epoch 20/50 iter 1800/1860 loss=0.6542 mean_loss=0.6733 classification=0.0070, bbox_regression=0.0473, bbox_ctrness=0.5999
epoch 20/50 iter 1820/1860 loss=0.6913 mean_loss=0.6735 classification=0.0358, bbox_regression=0.0579, bbox_ctrness=0.5975
epoch 20/50 iter 1840/1860 loss=0.6770 mean_loss=0.6735 classification=0.0033, bbox_regression=0.0555, bbox_ctrness=0.6182
epoch 20/50 iter 1860/1860 loss=0.6529 mean_loss=0.6736 classification=0.0098, bbox_regression=0.0584, bbox_ctrness=0.5847
epoch 20 validation Precision=0.7669 Recall=0.9291 AP50=0.9105 AP75=0.8377 eval_fps=21.43 epoch_time_sec=906.8
saved checkpoint: E:\RepViT-main\runs\v48_complete_ablation\training\ra_stems_project_seed2\weights\last.pt
epoch 21/50 iter 1/1860 loss=0.6501 mean_loss=0.6501 classification=0.0065, bbox_regression=0.0565, bbox_ctrness=0.5871
epoch 21/50 iter 20/1860 loss=0.6848 mean_loss=0.6697 classification=0.0052, bbox_regression=0.0662, bbox_ctrness=0.6134
epoch 21/50 iter 40/1860 loss=0.6541 mean_loss=0.6670 classification=0.0157, bbox_regression=0.0473, bbox_ctrness=0.5911
epoch 21/50 iter 60/1860 loss=0.6895 mean_loss=0.6662 classification=0.0162, bbox_regression=0.0636, bbox_ctrness=0.6097
epoch 21/50 iter 80/1860 loss=0.6580 mean_loss=0.6667 classification=0.0070, bbox_regression=0.0567, bbox_ctrness=0.5944
epoch 21/50 iter 100/1860 loss=0.6825 mean_loss=0.6669 classification=0.0045, bbox_regression=0.0590, bbox_ctrness=0.6189
epoch 21/50 iter 120/1860 loss=0.6655 mean_loss=0.6674 classification=0.0031, bbox_regression=0.0575, bbox_ctrness=0.6049
epoch 21/50 iter 140/1860 loss=0.6454 mean_loss=0.6695 classification=0.0005, bbox_regression=0.0477, bbox_ctrness=0.5973
epoch 21/50 iter 160/1860 loss=0.6461 mean_loss=0.6689 classification=0.0080, bbox_regression=0.0503, bbox_ctrness=0.5878
epoch 21/50 iter 180/1860 loss=0.6627 mean_loss=0.6693 classification=0.0169, bbox_regression=0.0533, bbox_ctrness=0.5925
epoch 21/50 iter 200/1860 loss=0.6438 mean_loss=0.6696 classification=0.0161, bbox_regression=0.0406, bbox_ctrness=0.5872
epoch 21/50 iter 220/1860 loss=0.6472 mean_loss=0.6701 classification=0.0247, bbox_regression=0.0397, bbox_ctrness=0.5828
epoch 21/50 iter 240/1860 loss=0.6423 mean_loss=0.6699 classification=0.0070, bbox_regression=0.0451, bbox_ctrness=0.5901
epoch 21/50 iter 260/1860 loss=0.6629 mean_loss=0.6694 classification=0.0053, bbox_regression=0.0553, bbox_ctrness=0.6024
epoch 21/50 iter 280/1860 loss=0.7361 mean_loss=0.6691 classification=0.0167, bbox_regression=0.0981, bbox_ctrness=0.6212
epoch 21/50 iter 300/1860 loss=0.6594 mean_loss=0.6689 classification=0.0203, bbox_regression=0.0608, bbox_ctrness=0.5783
epoch 21/50 iter 320/1860 loss=0.6956 mean_loss=0.6689 classification=0.0269, bbox_regression=0.0675, bbox_ctrness=0.6012
epoch 21/50 iter 340/1860 loss=0.6787 mean_loss=0.6695 classification=0.0156, bbox_regression=0.0621, bbox_ctrness=0.6010
epoch 21/50 iter 360/1860 loss=0.6647 mean_loss=0.6696 classification=0.0101, bbox_regression=0.0640, bbox_ctrness=0.5905
epoch 21/50 iter 380/1860 loss=0.6666 mean_loss=0.6705 classification=0.0143, bbox_regression=0.0522, bbox_ctrness=0.6000
epoch 21/50 iter 400/1860 loss=0.6755 mean_loss=0.6712 classification=0.0209, bbox_regression=0.0622, bbox_ctrness=0.5924
epoch 21/50 iter 420/1860 loss=0.6898 mean_loss=0.6716 classification=0.0262, bbox_regression=0.0624, bbox_ctrness=0.6012
epoch 21/50 iter 440/1860 loss=0.6562 mean_loss=0.6717 classification=0.0137, bbox_regression=0.0490, bbox_ctrness=0.5935
epoch 21/50 iter 460/1860 loss=0.6722 mean_loss=0.6718 classification=0.0117, bbox_regression=0.0582, bbox_ctrness=0.6024
epoch 21/50 iter 480/1860 loss=0.6825 mean_loss=0.6721 classification=0.0106, bbox_regression=0.0802, bbox_ctrness=0.5917
epoch 21/50 iter 500/1860 loss=0.6701 mean_loss=0.6718 classification=0.0142, bbox_regression=0.0566, bbox_ctrness=0.5992
epoch 21/50 iter 520/1860 loss=0.7220 mean_loss=0.6719 classification=0.0277, bbox_regression=0.0829, bbox_ctrness=0.6113
epoch 21/50 iter 540/1860 loss=0.6552 mean_loss=0.6718 classification=0.0044, bbox_regression=0.0507, bbox_ctrness=0.6001
epoch 21/50 iter 560/1860 loss=0.6771 mean_loss=0.6718 classification=0.0338, bbox_regression=0.0575, bbox_ctrness=0.5858
epoch 21/50 iter 580/1860 loss=0.6598 mean_loss=0.6716 classification=0.0054, bbox_regression=0.0548, bbox_ctrness=0.5997
epoch 21/50 iter 600/1860 loss=0.6910 mean_loss=0.6718 classification=0.0173, bbox_regression=0.0694, bbox_ctrness=0.6043
epoch 21/50 iter 620/1860 loss=0.6906 mean_loss=0.6717 classification=0.0109, bbox_regression=0.0732, bbox_ctrness=0.6066
epoch 21/50 iter 640/1860 loss=0.6948 mean_loss=0.6717 classification=0.0158, bbox_regression=0.0780, bbox_ctrness=0.6009
epoch 21/50 iter 660/1860 loss=0.6631 mean_loss=0.6716 classification=0.0047, bbox_regression=0.0533, bbox_ctrness=0.6051
epoch 21/50 iter 680/1860 loss=0.6784 mean_loss=0.6715 classification=0.0105, bbox_regression=0.0646, bbox_ctrness=0.6032
epoch 21/50 iter 700/1860 loss=0.6500 mean_loss=0.6715 classification=0.0101, bbox_regression=0.0481, bbox_ctrness=0.5918
epoch 21/50 iter 720/1860 loss=0.6672 mean_loss=0.6716 classification=0.0017, bbox_regression=0.0575, bbox_ctrness=0.6080
epoch 21/50 iter 740/1860 loss=0.6609 mean_loss=0.6717 classification=0.0021, bbox_regression=0.0607, bbox_ctrness=0.5980
epoch 21/50 iter 760/1860 loss=0.6804 mean_loss=0.6719 classification=0.0289, bbox_regression=0.0524, bbox_ctrness=0.5991
epoch 21/50 iter 780/1860 loss=0.6641 mean_loss=0.6720 classification=0.0191, bbox_regression=0.0569, bbox_ctrness=0.5881
epoch 21/50 iter 800/1860 loss=0.6613 mean_loss=0.6719 classification=0.0130, bbox_regression=0.0637, bbox_ctrness=0.5845
epoch 21/50 iter 820/1860 loss=0.6269 mean_loss=0.6718 classification=0.0035, bbox_regression=0.0465, bbox_ctrness=0.5769
epoch 21/50 iter 840/1860 loss=0.6747 mean_loss=0.6717 classification=0.0011, bbox_regression=0.0532, bbox_ctrness=0.6204
epoch 21/50 iter 860/1860 loss=0.6260 mean_loss=0.6715 classification=0.0016, bbox_regression=0.0465, bbox_ctrness=0.5780
epoch 21/50 iter 880/1860 loss=0.6330 mean_loss=0.6714 classification=0.0053, bbox_regression=0.0509, bbox_ctrness=0.5768
epoch 21/50 iter 900/1860 loss=0.7954 mean_loss=0.6715 classification=0.1299, bbox_regression=0.0714, bbox_ctrness=0.5941
epoch 21/50 iter 920/1860 loss=0.6536 mean_loss=0.6716 classification=0.0113, bbox_regression=0.0494, bbox_ctrness=0.5930
epoch 21/50 iter 940/1860 loss=0.6555 mean_loss=0.6715 classification=0.0031, bbox_regression=0.0546, bbox_ctrness=0.5979
epoch 21/50 iter 960/1860 loss=0.6600 mean_loss=0.6714 classification=0.0095, bbox_regression=0.0650, bbox_ctrness=0.5855
epoch 21/50 iter 980/1860 loss=0.6771 mean_loss=0.6713 classification=0.0148, bbox_regression=0.0692, bbox_ctrness=0.5932
epoch 21/50 iter 1000/1860 loss=0.6622 mean_loss=0.6711 classification=0.0062, bbox_regression=0.0494, bbox_ctrness=0.6065
epoch 21/50 iter 1020/1860 loss=0.6808 mean_loss=0.6711 classification=0.0307, bbox_regression=0.0457, bbox_ctrness=0.6043
epoch 21/50 iter 1040/1860 loss=0.6630 mean_loss=0.6712 classification=0.0186, bbox_regression=0.0443, bbox_ctrness=0.6001
epoch 21/50 iter 1060/1860 loss=0.6993 mean_loss=0.6715 classification=0.0052, bbox_regression=0.0718, bbox_ctrness=0.6223
epoch 21/50 iter 1080/1860 loss=0.6575 mean_loss=0.6714 classification=0.0187, bbox_regression=0.0499, bbox_ctrness=0.5890
epoch 21/50 iter 1100/1860 loss=0.6636 mean_loss=0.6714 classification=0.0032, bbox_regression=0.0534, bbox_ctrness=0.6070
epoch 21/50 iter 1120/1860 loss=0.7001 mean_loss=0.6713 classification=0.0327, bbox_regression=0.0738, bbox_ctrness=0.5936
epoch 21/50 iter 1140/1860 loss=0.6835 mean_loss=0.6712 classification=0.0111, bbox_regression=0.0675, bbox_ctrness=0.6050
epoch 21/50 iter 1160/1860 loss=0.6714 mean_loss=0.6713 classification=0.0231, bbox_regression=0.0571, bbox_ctrness=0.5911
epoch 21/50 iter 1180/1860 loss=0.6919 mean_loss=0.6715 classification=0.0083, bbox_regression=0.0765, bbox_ctrness=0.6071
epoch 21/50 iter 1200/1860 loss=0.6610 mean_loss=0.6714 classification=0.0182, bbox_regression=0.0499, bbox_ctrness=0.5930
epoch 21/50 iter 1220/1860 loss=0.6649 mean_loss=0.6715 classification=0.0064, bbox_regression=0.0542, bbox_ctrness=0.6043
epoch 21/50 iter 1240/1860 loss=0.6495 mean_loss=0.6714 classification=0.0112, bbox_regression=0.0589, bbox_ctrness=0.5795
epoch 21/50 iter 1260/1860 loss=0.6956 mean_loss=0.6714 classification=0.0200, bbox_regression=0.0775, bbox_ctrness=0.5981
epoch 21/50 iter 1280/1860 loss=0.6892 mean_loss=0.6713 classification=0.0020, bbox_regression=0.0866, bbox_ctrness=0.6006
epoch 21/50 iter 1300/1860 loss=0.6557 mean_loss=0.6713 classification=0.0003, bbox_regression=0.0480, bbox_ctrness=0.6074
epoch 21/50 iter 1320/1860 loss=0.6944 mean_loss=0.6712 classification=0.0130, bbox_regression=0.0843, bbox_ctrness=0.5971
epoch 21/50 iter 1340/1860 loss=0.6583 mean_loss=0.6711 classification=0.0117, bbox_regression=0.0540, bbox_ctrness=0.5926
epoch 21/50 iter 1360/1860 loss=0.6905 mean_loss=0.6711 classification=0.0124, bbox_regression=0.0667, bbox_ctrness=0.6115
epoch 21/50 iter 1380/1860 loss=0.6586 mean_loss=0.6711 classification=0.0095, bbox_regression=0.0637, bbox_ctrness=0.5854
epoch 21/50 iter 1400/1860 loss=0.6803 mean_loss=0.6709 classification=0.0111, bbox_regression=0.0571, bbox_ctrness=0.6121
epoch 21/50 iter 1420/1860 loss=0.6811 mean_loss=0.6710 classification=0.0166, bbox_regression=0.0586, bbox_ctrness=0.6059
epoch 21/50 iter 1440/1860 loss=0.6761 mean_loss=0.6710 classification=0.0117, bbox_regression=0.0559, bbox_ctrness=0.6085
epoch 21/50 iter 1460/1860 loss=0.7405 mean_loss=0.6711 classification=0.0883, bbox_regression=0.0548, bbox_ctrness=0.5974
epoch 21/50 iter 1480/1860 loss=0.6669 mean_loss=0.6711 classification=0.0104, bbox_regression=0.0636, bbox_ctrness=0.5929
epoch 21/50 iter 1500/1860 loss=0.6682 mean_loss=0.6710 classification=0.0047, bbox_regression=0.0609, bbox_ctrness=0.6026
epoch 21/50 iter 1520/1860 loss=0.6793 mean_loss=0.6709 classification=0.0171, bbox_regression=0.0643, bbox_ctrness=0.5979
epoch 21/50 iter 1540/1860 loss=0.6724 mean_loss=0.6708 classification=0.0064, bbox_regression=0.0629, bbox_ctrness=0.6030
epoch 21/50 iter 1560/1860 loss=0.6569 mean_loss=0.6707 classification=0.0041, bbox_regression=0.0420, bbox_ctrness=0.6108
epoch 21/50 iter 1580/1860 loss=0.7242 mean_loss=0.6710 classification=0.0003, bbox_regression=0.1050, bbox_ctrness=0.6189
epoch 21/50 iter 1600/1860 loss=0.6770 mean_loss=0.6711 classification=0.0117, bbox_regression=0.0584, bbox_ctrness=0.6069
epoch 21/50 iter 1620/1860 loss=0.6644 mean_loss=0.6711 classification=0.0081, bbox_regression=0.0547, bbox_ctrness=0.6016
epoch 21/50 iter 1640/1860 loss=0.6744 mean_loss=0.6711 classification=0.0118, bbox_regression=0.0564, bbox_ctrness=0.6062
epoch 21/50 iter 1660/1860 loss=0.6795 mean_loss=0.6712 classification=0.0151, bbox_regression=0.0702, bbox_ctrness=0.5942
epoch 21/50 iter 1680/1860 loss=0.6618 mean_loss=0.6712 classification=0.0023, bbox_regression=0.0586, bbox_ctrness=0.6010
epoch 21/50 iter 1700/1860 loss=0.6913 mean_loss=0.6712 classification=0.0250, bbox_regression=0.0699, bbox_ctrness=0.5964
epoch 21/50 iter 1720/1860 loss=0.6771 mean_loss=0.6712 classification=0.0087, bbox_regression=0.0606, bbox_ctrness=0.6078
epoch 21/50 iter 1740/1860 loss=0.6589 mean_loss=0.6712 classification=0.0065, bbox_regression=0.0553, bbox_ctrness=0.5971
epoch 21/50 iter 1760/1860 loss=0.6620 mean_loss=0.6711 classification=0.0075, bbox_regression=0.0491, bbox_ctrness=0.6055
epoch 21/50 iter 1780/1860 loss=0.6595 mean_loss=0.6711 classification=0.0088, bbox_regression=0.0546, bbox_ctrness=0.5961
epoch 21/50 iter 1800/1860 loss=0.6845 mean_loss=0.6712 classification=0.0241, bbox_regression=0.0516, bbox_ctrness=0.6088
epoch 21/50 iter 1820/1860 loss=0.6723 mean_loss=0.6714 classification=0.0262, bbox_regression=0.0646, bbox_ctrness=0.5814
epoch 21/50 iter 1840/1860 loss=0.7127 mean_loss=0.6717 classification=0.0324, bbox_regression=0.0769, bbox_ctrness=0.6034
epoch 21/50 iter 1860/1860 loss=0.6665 mean_loss=0.6718 classification=0.0050, bbox_regression=0.0509, bbox_ctrness=0.6106
epoch 21 validation Precision=0.4389 Recall=0.9678 AP50=0.9348 AP75=0.8575 eval_fps=20.09 epoch_time_sec=908.5
saved checkpoint: E:\RepViT-main\runs\v48_complete_ablation\training\ra_stems_project_seed2\weights\last.pt
epoch 22/50 iter 1/1860 loss=0.6589 mean_loss=0.6589 classification=0.0035, bbox_regression=0.0551, bbox_ctrness=0.6003
epoch 22/50 iter 20/1860 loss=0.6689 mean_loss=0.6694 classification=0.0096, bbox_regression=0.0605, bbox_ctrness=0.5988
epoch 22/50 iter 40/1860 loss=0.6404 mean_loss=0.6684 classification=0.0022, bbox_regression=0.0466, bbox_ctrness=0.5916
epoch 22/50 iter 60/1860 loss=0.6768 mean_loss=0.6681 classification=0.0025, bbox_regression=0.0526, bbox_ctrness=0.6217
epoch 22/50 iter 80/1860 loss=0.6788 mean_loss=0.6667 classification=0.0026, bbox_regression=0.0786, bbox_ctrness=0.5977
epoch 22/50 iter 100/1860 loss=0.6829 mean_loss=0.6672 classification=0.0185, bbox_regression=0.0594, bbox_ctrness=0.6050
epoch 22/50 iter 120/1860 loss=0.6443 mean_loss=0.6675 classification=0.0120, bbox_regression=0.0428, bbox_ctrness=0.5895
epoch 22/50 iter 140/1860 loss=0.6522 mean_loss=0.6683 classification=0.0022, bbox_regression=0.0543, bbox_ctrness=0.5957
epoch 22/50 iter 160/1860 loss=0.6607 mean_loss=0.6682 classification=0.0100, bbox_regression=0.0475, bbox_ctrness=0.6031
epoch 22/50 iter 180/1860 loss=0.6847 mean_loss=0.6687 classification=0.0278, bbox_regression=0.0622, bbox_ctrness=0.5947
epoch 22/50 iter 200/1860 loss=0.6588 mean_loss=0.6683 classification=0.0016, bbox_regression=0.0362, bbox_ctrness=0.6210
epoch 22/50 iter 220/1860 loss=0.6531 mean_loss=0.6684 classification=0.0068, bbox_regression=0.0511, bbox_ctrness=0.5951
epoch 22/50 iter 240/1860 loss=0.6549 mean_loss=0.6681 classification=0.0148, bbox_regression=0.0482, bbox_ctrness=0.5919
epoch 22/50 iter 260/1860 loss=0.6291 mean_loss=0.6679 classification=0.0010, bbox_regression=0.0453, bbox_ctrness=0.5828
epoch 22/50 iter 280/1860 loss=0.6670 mean_loss=0.6676 classification=0.0072, bbox_regression=0.0511, bbox_ctrness=0.6087
epoch 22/50 iter 300/1860 loss=0.6513 mean_loss=0.6678 classification=0.0042, bbox_regression=0.0499, bbox_ctrness=0.5972
epoch 22/50 iter 320/1860 loss=0.6719 mean_loss=0.6675 classification=0.0038, bbox_regression=0.0710, bbox_ctrness=0.5971
epoch 22/50 iter 340/1860 loss=0.6489 mean_loss=0.6674 classification=0.0121, bbox_regression=0.0488, bbox_ctrness=0.5880
epoch 22/50 iter 360/1860 loss=0.6419 mean_loss=0.6674 classification=0.0066, bbox_regression=0.0475, bbox_ctrness=0.5877
epoch 22/50 iter 380/1860 loss=0.6464 mean_loss=0.6672 classification=0.0020, bbox_regression=0.0447, bbox_ctrness=0.5997
epoch 22/50 iter 400/1860 loss=0.6407 mean_loss=0.6668 classification=0.0012, bbox_regression=0.0441, bbox_ctrness=0.5954
epoch 22/50 iter 420/1860 loss=0.6701 mean_loss=0.6666 classification=0.0048, bbox_regression=0.0632, bbox_ctrness=0.6020
epoch 22/50 iter 440/1860 loss=0.6719 mean_loss=0.6668 classification=0.0222, bbox_regression=0.0536, bbox_ctrness=0.5960
epoch 22/50 iter 460/1860 loss=0.6702 mean_loss=0.6668 classification=0.0051, bbox_regression=0.0590, bbox_ctrness=0.6061
epoch 22/50 iter 480/1860 loss=0.6873 mean_loss=0.6671 classification=0.0128, bbox_regression=0.0639, bbox_ctrness=0.6106
epoch 22/50 iter 500/1860 loss=0.6551 mean_loss=0.6670 classification=0.0110, bbox_regression=0.0569, bbox_ctrness=0.5872
epoch 22/50 iter 520/1860 loss=0.6947 mean_loss=0.6669 classification=0.0186, bbox_regression=0.0709, bbox_ctrness=0.6052
epoch 22/50 iter 540/1860 loss=0.6494 mean_loss=0.6664 classification=0.0016, bbox_regression=0.0445, bbox_ctrness=0.6033
epoch 22/50 iter 560/1860 loss=0.6836 mean_loss=0.6666 classification=0.0048, bbox_regression=0.0602, bbox_ctrness=0.6186
epoch 22/50 iter 580/1860 loss=0.6734 mean_loss=0.6666 classification=0.0132, bbox_regression=0.0677, bbox_ctrness=0.5926
epoch 22/50 iter 600/1860 loss=0.6964 mean_loss=0.6670 classification=0.0512, bbox_regression=0.0511, bbox_ctrness=0.5941
epoch 22/50 iter 620/1860 loss=0.6690 mean_loss=0.6671 classification=0.0203, bbox_regression=0.0546, bbox_ctrness=0.5941
epoch 22/50 iter 640/1860 loss=0.6482 mean_loss=0.6671 classification=0.0090, bbox_regression=0.0448, bbox_ctrness=0.5944
epoch 22/50 iter 660/1860 loss=0.6448 mean_loss=0.6672 classification=0.0097, bbox_regression=0.0464, bbox_ctrness=0.5887
epoch 22/50 iter 680/1860 loss=0.6585 mean_loss=0.6674 classification=0.0120, bbox_regression=0.0648, bbox_ctrness=0.5816
epoch 22/50 iter 700/1860 loss=0.6588 mean_loss=0.6677 classification=0.0031, bbox_regression=0.0502, bbox_ctrness=0.6055
epoch 22/50 iter 720/1860 loss=0.6500 mean_loss=0.6677 classification=0.0122, bbox_regression=0.0562, bbox_ctrness=0.5816
epoch 22/50 iter 740/1860 loss=0.6878 mean_loss=0.6680 classification=0.0174, bbox_regression=0.0568, bbox_ctrness=0.6136
epoch 22/50 iter 760/1860 loss=0.6597 mean_loss=0.6681 classification=0.0059, bbox_regression=0.0575, bbox_ctrness=0.5963
epoch 22/50 iter 780/1860 loss=0.6762 mean_loss=0.6683 classification=0.0165, bbox_regression=0.0646, bbox_ctrness=0.5951
epoch 22/50 iter 800/1860 loss=0.6632 mean_loss=0.6682 classification=0.0051, bbox_regression=0.0504, bbox_ctrness=0.6077
epoch 22/50 iter 820/1860 loss=0.6638 mean_loss=0.6682 classification=0.0076, bbox_regression=0.0571, bbox_ctrness=0.5990
epoch 22/50 iter 840/1860 loss=0.6764 mean_loss=0.6684 classification=0.0178, bbox_regression=0.0577, bbox_ctrness=0.6009
epoch 22/50 iter 860/1860 loss=0.6518 mean_loss=0.6685 classification=0.0023, bbox_regression=0.0390, bbox_ctrness=0.6105
epoch 22/50 iter 880/1860 loss=0.6655 mean_loss=0.6686 classification=0.0106, bbox_regression=0.0608, bbox_ctrness=0.5941
epoch 22/50 iter 900/1860 loss=0.6831 mean_loss=0.6686 classification=0.0016, bbox_regression=0.0629, bbox_ctrness=0.6186
epoch 22/50 iter 920/1860 loss=0.6617 mean_loss=0.6686 classification=0.0237, bbox_regression=0.0618, bbox_ctrness=0.5762
epoch 22/50 iter 940/1860 loss=0.6535 mean_loss=0.6687 classification=0.0010, bbox_regression=0.0542, bbox_ctrness=0.5983
epoch 22/50 iter 960/1860 loss=0.6712 mean_loss=0.6687 classification=0.0078, bbox_regression=0.0615, bbox_ctrness=0.6019
epoch 22/50 iter 980/1860 loss=0.6635 mean_loss=0.6686 classification=0.0010, bbox_regression=0.0547, bbox_ctrness=0.6077
epoch 22/50 iter 1000/1860 loss=0.6820 mean_loss=0.6688 classification=0.0168, bbox_regression=0.0634, bbox_ctrness=0.6017
epoch 22/50 iter 1020/1860 loss=0.6646 mean_loss=0.6691 classification=0.0084, bbox_regression=0.0630, bbox_ctrness=0.5932
epoch 22/50 iter 1040/1860 loss=0.6736 mean_loss=0.6695 classification=0.0216, bbox_regression=0.0551, bbox_ctrness=0.5969
epoch 22/50 iter 1060/1860 loss=0.6600 mean_loss=0.6697 classification=0.0033, bbox_regression=0.0584, bbox_ctrness=0.5983
epoch 22/50 iter 1080/1860 loss=0.6858 mean_loss=0.6697 classification=0.0077, bbox_regression=0.0677, bbox_ctrness=0.6104
epoch 22/50 iter 1100/1860 loss=0.6702 mean_loss=0.6697 classification=0.0067, bbox_regression=0.0649, bbox_ctrness=0.5986
epoch 22/50 iter 1120/1860 loss=0.6843 mean_loss=0.6696 classification=0.0151, bbox_regression=0.0704, bbox_ctrness=0.5988
epoch 22/50 iter 1140/1860 loss=0.6600 mean_loss=0.6695 classification=0.0118, bbox_regression=0.0488, bbox_ctrness=0.5994
epoch 22/50 iter 1160/1860 loss=0.6637 mean_loss=0.6696 classification=0.0056, bbox_regression=0.0597, bbox_ctrness=0.5984
epoch 22/50 iter 1180/1860 loss=0.6492 mean_loss=0.6698 classification=0.0069, bbox_regression=0.0446, bbox_ctrness=0.5977
epoch 22/50 iter 1200/1860 loss=0.6859 mean_loss=0.6698 classification=0.0141, bbox_regression=0.0675, bbox_ctrness=0.6043
epoch 22/50 iter 1220/1860 loss=0.6461 mean_loss=0.6698 classification=0.0021, bbox_regression=0.0375, bbox_ctrness=0.6065
epoch 22/50 iter 1240/1860 loss=0.6595 mean_loss=0.6698 classification=0.0182, bbox_regression=0.0455, bbox_ctrness=0.5957
epoch 22/50 iter 1260/1860 loss=0.6626 mean_loss=0.6697 classification=0.0236, bbox_regression=0.0544, bbox_ctrness=0.5847
epoch 22/50 iter 1280/1860 loss=0.6512 mean_loss=0.6697 classification=0.0087, bbox_regression=0.0500, bbox_ctrness=0.5925
epoch 22/50 iter 1300/1860 loss=0.6270 mean_loss=0.6696 classification=0.0035, bbox_regression=0.0446, bbox_ctrness=0.5789
epoch 22/50 iter 1320/1860 loss=0.6451 mean_loss=0.6695 classification=0.0153, bbox_regression=0.0476, bbox_ctrness=0.5822
epoch 22/50 iter 1340/1860 loss=0.6491 mean_loss=0.6693 classification=0.0073, bbox_regression=0.0411, bbox_ctrness=0.6007
epoch 22/50 iter 1360/1860 loss=0.6978 mean_loss=0.6693 classification=0.0361, bbox_regression=0.0709, bbox_ctrness=0.5909
epoch 22/50 iter 1380/1860 loss=0.6545 mean_loss=0.6694 classification=0.0183, bbox_regression=0.0546, bbox_ctrness=0.5816
epoch 22/50 iter 1400/1860 loss=0.6692 mean_loss=0.6694 classification=0.0051, bbox_regression=0.0617, bbox_ctrness=0.6024
epoch 22/50 iter 1420/1860 loss=0.6695 mean_loss=0.6695 classification=0.0133, bbox_regression=0.0680, bbox_ctrness=0.5883
epoch 22/50 iter 1440/1860 loss=0.6731 mean_loss=0.6695 classification=0.0261, bbox_regression=0.0492, bbox_ctrness=0.5978
epoch 22/50 iter 1460/1860 loss=0.6440 mean_loss=0.6694 classification=0.0076, bbox_regression=0.0550, bbox_ctrness=0.5814
epoch 22/50 iter 1480/1860 loss=0.6641 mean_loss=0.6694 classification=0.0045, bbox_regression=0.0531, bbox_ctrness=0.6065
epoch 22/50 iter 1500/1860 loss=0.6429 mean_loss=0.6694 classification=0.0031, bbox_regression=0.0410, bbox_ctrness=0.5988
epoch 22/50 iter 1520/1860 loss=0.6427 mean_loss=0.6695 classification=0.0025, bbox_regression=0.0474, bbox_ctrness=0.5928
epoch 22/50 iter 1540/1860 loss=0.6421 mean_loss=0.6696 classification=0.0121, bbox_regression=0.0474, bbox_ctrness=0.5826
epoch 22/50 iter 1560/1860 loss=0.6674 mean_loss=0.6696 classification=0.0058, bbox_regression=0.0615, bbox_ctrness=0.6002
epoch 22/50 iter 1580/1860 loss=0.6895 mean_loss=0.6696 classification=0.0180, bbox_regression=0.0576, bbox_ctrness=0.6139
epoch 22/50 iter 1600/1860 loss=0.6939 mean_loss=0.6697 classification=0.0362, bbox_regression=0.0639, bbox_ctrness=0.5938
epoch 22/50 iter 1620/1860 loss=0.6492 mean_loss=0.6697 classification=0.0019, bbox_regression=0.0486, bbox_ctrness=0.5987
epoch 22/50 iter 1640/1860 loss=0.6746 mean_loss=0.6698 classification=0.0073, bbox_regression=0.0636, bbox_ctrness=0.6036
epoch 22/50 iter 1660/1860 loss=0.6885 mean_loss=0.6700 classification=0.0073, bbox_regression=0.0681, bbox_ctrness=0.6130
epoch 22/50 iter 1680/1860 loss=0.6659 mean_loss=0.6700 classification=0.0285, bbox_regression=0.0575, bbox_ctrness=0.5799
epoch 22/50 iter 1700/1860 loss=0.6484 mean_loss=0.6699 classification=0.0064, bbox_regression=0.0610, bbox_ctrness=0.5810
epoch 22/50 iter 1720/1860 loss=0.6774 mean_loss=0.6699 classification=0.0031, bbox_regression=0.0536, bbox_ctrness=0.6207
epoch 22/50 iter 1740/1860 loss=0.6761 mean_loss=0.6699 classification=0.0307, bbox_regression=0.0372, bbox_ctrness=0.6082
epoch 22/50 iter 1760/1860 loss=0.6889 mean_loss=0.6699 classification=0.0241, bbox_regression=0.0544, bbox_ctrness=0.6105
epoch 22/50 iter 1780/1860 loss=0.6587 mean_loss=0.6699 classification=0.0092, bbox_regression=0.0573, bbox_ctrness=0.5922
epoch 22/50 iter 1800/1860 loss=0.6772 mean_loss=0.6700 classification=0.0190, bbox_regression=0.0472, bbox_ctrness=0.6110
epoch 22/50 iter 1820/1860 loss=0.6739 mean_loss=0.6700 classification=0.0182, bbox_regression=0.0564, bbox_ctrness=0.5993
epoch 22/50 iter 1840/1860 loss=0.6682 mean_loss=0.6700 classification=0.0129, bbox_regression=0.0688, bbox_ctrness=0.5865
epoch 22/50 iter 1860/1860 loss=0.6408 mean_loss=0.6701 classification=0.0033, bbox_regression=0.0497, bbox_ctrness=0.5879
epoch 22 validation Precision=0.7082 Recall=0.9363 AP50=0.9158 AP75=0.8424 eval_fps=21.64 epoch_time_sec=905.4
saved checkpoint: E:\RepViT-main\runs\v48_complete_ablation\training\ra_stems_project_seed2\weights\last.pt
epoch 23/50 iter 1/1860 loss=0.6666 mean_loss=0.6666 classification=0.0035, bbox_regression=0.0492, bbox_ctrness=0.6139
epoch 23/50 iter 20/1860 loss=0.6580 mean_loss=0.6617 classification=0.0028, bbox_regression=0.0409, bbox_ctrness=0.6143
epoch 23/50 iter 40/1860 loss=0.6875 mean_loss=0.6655 classification=0.0155, bbox_regression=0.0711, bbox_ctrness=0.6008
epoch 23/50 iter 60/1860 loss=0.6752 mean_loss=0.6655 classification=0.0087, bbox_regression=0.0621, bbox_ctrness=0.6044
epoch 23/50 iter 80/1860 loss=0.6739 mean_loss=0.6666 classification=0.0081, bbox_regression=0.0638, bbox_ctrness=0.6019
epoch 23/50 iter 100/1860 loss=0.6246 mean_loss=0.6674 classification=0.0040, bbox_regression=0.0466, bbox_ctrness=0.5740
epoch 23/50 iter 120/1860 loss=0.6493 mean_loss=0.6674 classification=0.0146, bbox_regression=0.0421, bbox_ctrness=0.5925
epoch 23/50 iter 140/1860 loss=0.6531 mean_loss=0.6675 classification=0.0074, bbox_regression=0.0383, bbox_ctrness=0.6074
epoch 23/50 iter 160/1860 loss=0.6483 mean_loss=0.6667 classification=0.0047, bbox_regression=0.0679, bbox_ctrness=0.5758
epoch 23/50 iter 180/1860 loss=0.6690 mean_loss=0.6668 classification=0.0103, bbox_regression=0.0564, bbox_ctrness=0.6022
epoch 23/50 iter 200/1860 loss=0.7032 mean_loss=0.6667 classification=0.0294, bbox_regression=0.0646, bbox_ctrness=0.6091
epoch 23/50 iter 220/1860 loss=0.6624 mean_loss=0.6672 classification=0.0046, bbox_regression=0.0511, bbox_ctrness=0.6068
epoch 23/50 iter 240/1860 loss=0.6710 mean_loss=0.6675 classification=0.0085, bbox_regression=0.0592, bbox_ctrness=0.6033
epoch 23/50 iter 260/1860 loss=0.6585 mean_loss=0.6674 classification=0.0057, bbox_regression=0.0440, bbox_ctrness=0.6087
epoch 23/50 iter 280/1860 loss=0.6840 mean_loss=0.6685 classification=0.0248, bbox_regression=0.0573, bbox_ctrness=0.6019
epoch 23/50 iter 300/1860 loss=0.6656 mean_loss=0.6681 classification=0.0091, bbox_regression=0.0624, bbox_ctrness=0.5940
epoch 23/50 iter 320/1860 loss=0.6318 mean_loss=0.6680 classification=0.0073, bbox_regression=0.0409, bbox_ctrness=0.5836
epoch 23/50 iter 340/1860 loss=0.6570 mean_loss=0.6675 classification=0.0134, bbox_regression=0.0553, bbox_ctrness=0.5884
epoch 23/50 iter 360/1860 loss=0.6675 mean_loss=0.6676 classification=0.0231, bbox_regression=0.0469, bbox_ctrness=0.5975
epoch 23/50 iter 380/1860 loss=0.6687 mean_loss=0.6674 classification=0.0114, bbox_regression=0.0557, bbox_ctrness=0.6016
epoch 23/50 iter 400/1860 loss=0.6646 mean_loss=0.6673 classification=0.0133, bbox_regression=0.0644, bbox_ctrness=0.5869
epoch 23/50 iter 420/1860 loss=0.6608 mean_loss=0.6674 classification=0.0175, bbox_regression=0.0559, bbox_ctrness=0.5873
epoch 23/50 iter 440/1860 loss=0.6485 mean_loss=0.6672 classification=0.0040, bbox_regression=0.0664, bbox_ctrness=0.5782
epoch 23/50 iter 460/1860 loss=0.6915 mean_loss=0.6682 classification=0.0507, bbox_regression=0.0583, bbox_ctrness=0.5825
epoch 23/50 iter 480/1860 loss=0.6713 mean_loss=0.6685 classification=0.0110, bbox_regression=0.0646, bbox_ctrness=0.5958
epoch 23/50 iter 500/1860 loss=0.6730 mean_loss=0.6684 classification=0.0048, bbox_regression=0.0538, bbox_ctrness=0.6144
epoch 23/50 iter 520/1860 loss=0.7110 mean_loss=0.6687 classification=0.0177, bbox_regression=0.0930, bbox_ctrness=0.6004
epoch 23/50 iter 540/1860 loss=0.6928 mean_loss=0.6695 classification=0.0301, bbox_regression=0.0656, bbox_ctrness=0.5972
epoch 23/50 iter 560/1860 loss=0.7345 mean_loss=0.6695 classification=0.0841, bbox_regression=0.0665, bbox_ctrness=0.5838
epoch 23/50 iter 580/1860 loss=0.6851 mean_loss=0.6698 classification=0.0105, bbox_regression=0.0684, bbox_ctrness=0.6062
epoch 23/50 iter 600/1860 loss=0.6421 mean_loss=0.6697 classification=0.0019, bbox_regression=0.0432, bbox_ctrness=0.5970
epoch 23/50 iter 620/1860 loss=0.6465 mean_loss=0.6696 classification=0.0099, bbox_regression=0.0459, bbox_ctrness=0.5907
epoch 23/50 iter 640/1860 loss=0.6798 mean_loss=0.6697 classification=0.0436, bbox_regression=0.0581, bbox_ctrness=0.5782
epoch 23/50 iter 660/1860 loss=0.6465 mean_loss=0.6695 classification=0.0139, bbox_regression=0.0581, bbox_ctrness=0.5745
epoch 23/50 iter 680/1860 loss=0.6531 mean_loss=0.6694 classification=0.0035, bbox_regression=0.0411, bbox_ctrness=0.6085
epoch 23/50 iter 700/1860 loss=0.6600 mean_loss=0.6697 classification=0.0179, bbox_regression=0.0548, bbox_ctrness=0.5873
epoch 23/50 iter 720/1860 loss=0.6799 mean_loss=0.6697 classification=0.0313, bbox_regression=0.0544, bbox_ctrness=0.5942
epoch 23/50 iter 740/1860 loss=0.6804 mean_loss=0.6697 classification=0.0055, bbox_regression=0.0552, bbox_ctrness=0.6197
epoch 23/50 iter 760/1860 loss=0.6832 mean_loss=0.6696 classification=0.0021, bbox_regression=0.0714, bbox_ctrness=0.6097
epoch 23/50 iter 780/1860 loss=0.6451 mean_loss=0.6697 classification=0.0107, bbox_regression=0.0463, bbox_ctrness=0.5880
epoch 23/50 iter 800/1860 loss=0.6683 mean_loss=0.6698 classification=0.0151, bbox_regression=0.0590, bbox_ctrness=0.5941
epoch 23/50 iter 820/1860 loss=0.6779 mean_loss=0.6699 classification=0.0057, bbox_regression=0.0633, bbox_ctrness=0.6089
epoch 23/50 iter 840/1860 loss=0.6828 mean_loss=0.6699 classification=0.0213, bbox_regression=0.0615, bbox_ctrness=0.6000
epoch 23/50 iter 860/1860 loss=0.6376 mean_loss=0.6697 classification=0.0008, bbox_regression=0.0536, bbox_ctrness=0.5831
epoch 23/50 iter 880/1860 loss=0.6713 mean_loss=0.6699 classification=0.0041, bbox_regression=0.0651, bbox_ctrness=0.6021
epoch 23/50 iter 900/1860 loss=0.6928 mean_loss=0.6698 classification=0.0205, bbox_regression=0.0701, bbox_ctrness=0.6021
epoch 23/50 iter 920/1860 loss=0.6830 mean_loss=0.6697 classification=0.0069, bbox_regression=0.0587, bbox_ctrness=0.6174
epoch 23/50 iter 940/1860 loss=0.6429 mean_loss=0.6696 classification=0.0052, bbox_regression=0.0443, bbox_ctrness=0.5934
epoch 23/50 iter 960/1860 loss=0.7104 mean_loss=0.6696 classification=0.0345, bbox_regression=0.0734, bbox_ctrness=0.6025
epoch 23/50 iter 980/1860 loss=0.6658 mean_loss=0.6697 classification=0.0211, bbox_regression=0.0437, bbox_ctrness=0.6009
epoch 23/50 iter 1000/1860 loss=0.6528 mean_loss=0.6696 classification=0.0127, bbox_regression=0.0496, bbox_ctrness=0.5905
epoch 23/50 iter 1020/1860 loss=0.7562 mean_loss=0.6698 classification=0.0737, bbox_regression=0.0730, bbox_ctrness=0.6095
epoch 23/50 iter 1040/1860 loss=0.6667 mean_loss=0.6701 classification=0.0246, bbox_regression=0.0524, bbox_ctrness=0.5897
epoch 23/50 iter 1060/1860 loss=0.6276 mean_loss=0.6702 classification=0.0074, bbox_regression=0.0370, bbox_ctrness=0.5832
epoch 23/50 iter 1080/1860 loss=0.6678 mean_loss=0.6700 classification=0.0139, bbox_regression=0.0487, bbox_ctrness=0.6051
epoch 23/50 iter 1100/1860 loss=0.6983 mean_loss=0.6699 classification=0.0498, bbox_regression=0.0548, bbox_ctrness=0.5937
epoch 23/50 iter 1120/1860 loss=0.6415 mean_loss=0.6697 classification=0.0067, bbox_regression=0.0496, bbox_ctrness=0.5852
epoch 23/50 iter 1140/1860 loss=0.6305 mean_loss=0.6699 classification=0.0009, bbox_regression=0.0448, bbox_ctrness=0.5847
epoch 23/50 iter 1160/1860 loss=0.6953 mean_loss=0.6700 classification=0.0227, bbox_regression=0.0732, bbox_ctrness=0.5994
epoch 23/50 iter 1180/1860 loss=0.6826 mean_loss=0.6701 classification=0.0178, bbox_regression=0.0571, bbox_ctrness=0.6078
epoch 23/50 iter 1200/1860 loss=0.6658 mean_loss=0.6701 classification=0.0228, bbox_regression=0.0388, bbox_ctrness=0.6042
epoch 23/50 iter 1220/1860 loss=0.6687 mean_loss=0.6701 classification=0.0200, bbox_regression=0.0607, bbox_ctrness=0.5880
epoch 23/50 iter 1240/1860 loss=0.6844 mean_loss=0.6701 classification=0.0016, bbox_regression=0.0739, bbox_ctrness=0.6088
epoch 23/50 iter 1260/1860 loss=0.6561 mean_loss=0.6701 classification=0.0096, bbox_regression=0.0483, bbox_ctrness=0.5982
epoch 23/50 iter 1280/1860 loss=0.6637 mean_loss=0.6701 classification=0.0100, bbox_regression=0.0499, bbox_ctrness=0.6038
epoch 23/50 iter 1300/1860 loss=0.6596 mean_loss=0.6700 classification=0.0198, bbox_regression=0.0651, bbox_ctrness=0.5747
epoch 23/50 iter 1320/1860 loss=0.6585 mean_loss=0.6700 classification=0.0059, bbox_regression=0.0588, bbox_ctrness=0.5938
epoch 23/50 iter 1340/1860 loss=0.6658 mean_loss=0.6700 classification=0.0354, bbox_regression=0.0586, bbox_ctrness=0.5718
epoch 23/50 iter 1360/1860 loss=0.6660 mean_loss=0.6699 classification=0.0181, bbox_regression=0.0543, bbox_ctrness=0.5936
epoch 23/50 iter 1380/1860 loss=0.6745 mean_loss=0.6698 classification=0.0027, bbox_regression=0.0658, bbox_ctrness=0.6061
epoch 23/50 iter 1400/1860 loss=0.6509 mean_loss=0.6698 classification=0.0100, bbox_regression=0.0533, bbox_ctrness=0.5876
epoch 23/50 iter 1420/1860 loss=0.6441 mean_loss=0.6697 classification=0.0042, bbox_regression=0.0486, bbox_ctrness=0.5912
epoch 23/50 iter 1440/1860 loss=0.6590 mean_loss=0.6696 classification=0.0054, bbox_regression=0.0523, bbox_ctrness=0.6013
epoch 23/50 iter 1460/1860 loss=0.6851 mean_loss=0.6696 classification=0.0284, bbox_regression=0.0637, bbox_ctrness=0.5930
epoch 23/50 iter 1480/1860 loss=0.6542 mean_loss=0.6696 classification=0.0153, bbox_regression=0.0430, bbox_ctrness=0.5958
epoch 23/50 iter 1500/1860 loss=0.7148 mean_loss=0.6696 classification=0.0494, bbox_regression=0.0645, bbox_ctrness=0.6008
epoch 23/50 iter 1520/1860 loss=0.7306 mean_loss=0.6696 classification=0.0215, bbox_regression=0.0975, bbox_ctrness=0.6116
epoch 23/50 iter 1540/1860 loss=0.6609 mean_loss=0.6696 classification=0.0143, bbox_regression=0.0609, bbox_ctrness=0.5857
epoch 23/50 iter 1560/1860 loss=0.6919 mean_loss=0.6697 classification=0.0202, bbox_regression=0.0807, bbox_ctrness=0.5911
epoch 23/50 iter 1580/1860 loss=0.7530 mean_loss=0.6697 classification=0.0827, bbox_regression=0.0809, bbox_ctrness=0.5894
epoch 23/50 iter 1600/1860 loss=0.6693 mean_loss=0.6697 classification=0.0030, bbox_regression=0.0524, bbox_ctrness=0.6139
epoch 23/50 iter 1620/1860 loss=0.6592 mean_loss=0.6698 classification=0.0063, bbox_regression=0.0558, bbox_ctrness=0.5972
epoch 23/50 iter 1640/1860 loss=0.6400 mean_loss=0.6697 classification=0.0081, bbox_regression=0.0521, bbox_ctrness=0.5798
epoch 23/50 iter 1660/1860 loss=0.6596 mean_loss=0.6696 classification=0.0028, bbox_regression=0.0522, bbox_ctrness=0.6047
epoch 23/50 iter 1680/1860 loss=0.6261 mean_loss=0.6696 classification=0.0018, bbox_regression=0.0371, bbox_ctrness=0.5872
epoch 23/50 iter 1700/1860 loss=0.6793 mean_loss=0.6696 classification=0.0047, bbox_regression=0.0619, bbox_ctrness=0.6127
epoch 23/50 iter 1720/1860 loss=0.6788 mean_loss=0.6696 classification=0.0096, bbox_regression=0.0685, bbox_ctrness=0.6007
epoch 23/50 iter 1740/1860 loss=0.7138 mean_loss=0.6695 classification=0.0433, bbox_regression=0.0687, bbox_ctrness=0.6017
epoch 23/50 iter 1760/1860 loss=0.6444 mean_loss=0.6695 classification=0.0145, bbox_regression=0.0373, bbox_ctrness=0.5926
epoch 23/50 iter 1780/1860 loss=0.6596 mean_loss=0.6694 classification=0.0098, bbox_regression=0.0560, bbox_ctrness=0.5938
epoch 23/50 iter 1800/1860 loss=0.6756 mean_loss=0.6696 classification=0.0025, bbox_regression=0.0640, bbox_ctrness=0.6091
epoch 23/50 iter 1820/1860 loss=0.6702 mean_loss=0.6696 classification=0.0123, bbox_regression=0.0610, bbox_ctrness=0.5968
epoch 23/50 iter 1840/1860 loss=0.6664 mean_loss=0.6696 classification=0.0145, bbox_regression=0.0569, bbox_ctrness=0.5950
epoch 23/50 iter 1860/1860 loss=0.6624 mean_loss=0.6695 classification=0.0111, bbox_regression=0.0631, bbox_ctrness=0.5883
epoch 23 validation Precision=0.6526 Recall=0.9495 AP50=0.9267 AP75=0.8515 eval_fps=21.35 epoch_time_sec=911.7
saved checkpoint: E:\RepViT-main\runs\v48_complete_ablation\training\ra_stems_project_seed2\weights\last.pt
epoch 24/50 iter 1/1860 loss=0.6647 mean_loss=0.6647 classification=0.0190, bbox_regression=0.0505, bbox_ctrness=0.5951
epoch 24/50 iter 20/1860 loss=0.7173 mean_loss=0.6603 classification=0.0438, bbox_regression=0.0732, bbox_ctrness=0.6003
epoch 24/50 iter 40/1860 loss=0.6806 mean_loss=0.6589 classification=0.0044, bbox_regression=0.0659, bbox_ctrness=0.6102
epoch 24/50 iter 60/1860 loss=0.6419 mean_loss=0.6592 classification=0.0077, bbox_regression=0.0486, bbox_ctrness=0.5856
epoch 24/50 iter 80/1860 loss=0.6517 mean_loss=0.6616 classification=0.0060, bbox_regression=0.0629, bbox_ctrness=0.5829
epoch 24/50 iter 100/1860 loss=0.6433 mean_loss=0.6623 classification=0.0121, bbox_regression=0.0430, bbox_ctrness=0.5882
epoch 24/50 iter 120/1860 loss=0.6928 mean_loss=0.6627 classification=0.0344, bbox_regression=0.0596, bbox_ctrness=0.5987
epoch 24/50 iter 140/1860 loss=0.6638 mean_loss=0.6629 classification=0.0068, bbox_regression=0.0513, bbox_ctrness=0.6056
epoch 24/50 iter 160/1860 loss=0.6664 mean_loss=0.6639 classification=0.0163, bbox_regression=0.0561, bbox_ctrness=0.5940
epoch 24/50 iter 180/1860 loss=0.6612 mean_loss=0.6642 classification=0.0130, bbox_regression=0.0552, bbox_ctrness=0.5930
epoch 24/50 iter 200/1860 loss=0.6634 mean_loss=0.6642 classification=0.0016, bbox_regression=0.0516, bbox_ctrness=0.6103
epoch 24/50 iter 220/1860 loss=0.6563 mean_loss=0.6641 classification=0.0089, bbox_regression=0.0542, bbox_ctrness=0.5931
epoch 24/50 iter 240/1860 loss=0.6486 mean_loss=0.6641 classification=0.0048, bbox_regression=0.0450, bbox_ctrness=0.5989
epoch 24/50 iter 260/1860 loss=0.6573 mean_loss=0.6635 classification=0.0059, bbox_regression=0.0597, bbox_ctrness=0.5917
epoch 24/50 iter 280/1860 loss=0.6502 mean_loss=0.6629 classification=0.0013, bbox_regression=0.0345, bbox_ctrness=0.6144
epoch 24/50 iter 300/1860 loss=0.6922 mean_loss=0.6629 classification=0.0043, bbox_regression=0.0698, bbox_ctrness=0.6181
epoch 24/50 iter 320/1860 loss=0.6556 mean_loss=0.6625 classification=0.0006, bbox_regression=0.0495, bbox_ctrness=0.6055
epoch 24/50 iter 340/1860 loss=0.6428 mean_loss=0.6627 classification=0.0096, bbox_regression=0.0455, bbox_ctrness=0.5876
epoch 24/50 iter 360/1860 loss=0.6641 mean_loss=0.6630 classification=0.0115, bbox_regression=0.0637, bbox_ctrness=0.5890
epoch 24/50 iter 380/1860 loss=0.6610 mean_loss=0.6633 classification=0.0081, bbox_regression=0.0604, bbox_ctrness=0.5926
epoch 24/50 iter 400/1860 loss=0.6846 mean_loss=0.6635 classification=0.0048, bbox_regression=0.0631, bbox_ctrness=0.6167
epoch 24/50 iter 420/1860 loss=0.6693 mean_loss=0.6643 classification=0.0032, bbox_regression=0.0646, bbox_ctrness=0.6015
epoch 24/50 iter 440/1860 loss=0.6553 mean_loss=0.6645 classification=0.0010, bbox_regression=0.0626, bbox_ctrness=0.5917
epoch 24/50 iter 460/1860 loss=0.6442 mean_loss=0.6643 classification=0.0035, bbox_regression=0.0481, bbox_ctrness=0.5926
epoch 24/50 iter 480/1860 loss=0.6616 mean_loss=0.6642 classification=0.0047, bbox_regression=0.0488, bbox_ctrness=0.6081
epoch 24/50 iter 500/1860 loss=0.6438 mean_loss=0.6644 classification=0.0034, bbox_regression=0.0550, bbox_ctrness=0.5854
epoch 24/50 iter 520/1860 loss=0.6874 mean_loss=0.6647 classification=0.0044, bbox_regression=0.0706, bbox_ctrness=0.6124
epoch 24/50 iter 540/1860 loss=0.6827 mean_loss=0.6650 classification=0.0158, bbox_regression=0.0573, bbox_ctrness=0.6096
epoch 24/50 iter 560/1860 loss=0.6723 mean_loss=0.6647 classification=0.0186, bbox_regression=0.0474, bbox_ctrness=0.6063
epoch 24/50 iter 580/1860 loss=0.6657 mean_loss=0.6647 classification=0.0014, bbox_regression=0.0547, bbox_ctrness=0.6097
epoch 24/50 iter 600/1860 loss=0.6803 mean_loss=0.6646 classification=0.0106, bbox_regression=0.0647, bbox_ctrness=0.6049
epoch 24/50 iter 620/1860 loss=0.6747 mean_loss=0.6645 classification=0.0148, bbox_regression=0.0677, bbox_ctrness=0.5922
epoch 24/50 iter 640/1860 loss=0.6439 mean_loss=0.6644 classification=0.0036, bbox_regression=0.0512, bbox_ctrness=0.5891
epoch 24/50 iter 660/1860 loss=0.6562 mean_loss=0.6643 classification=0.0001, bbox_regression=0.0371, bbox_ctrness=0.6189
epoch 24/50 iter 680/1860 loss=0.6733 mean_loss=0.6645 classification=0.0070, bbox_regression=0.0503, bbox_ctrness=0.6160
epoch 24/50 iter 700/1860 loss=0.6560 mean_loss=0.6645 classification=0.0033, bbox_regression=0.0536, bbox_ctrness=0.5991
epoch 24/50 iter 720/1860 loss=0.6652 mean_loss=0.6648 classification=0.0177, bbox_regression=0.0529, bbox_ctrness=0.5946
epoch 24/50 iter 740/1860 loss=0.6587 mean_loss=0.6647 classification=0.0071, bbox_regression=0.0485, bbox_ctrness=0.6031
epoch 24/50 iter 760/1860 loss=0.6357 mean_loss=0.6649 classification=0.0037, bbox_regression=0.0400, bbox_ctrness=0.5920
epoch 24/50 iter 780/1860 loss=0.6710 mean_loss=0.6649 classification=0.0250, bbox_regression=0.0449, bbox_ctrness=0.6011
epoch 24/50 iter 800/1860 loss=0.6536 mean_loss=0.6651 classification=0.0049, bbox_regression=0.0567, bbox_ctrness=0.5920
epoch 24/50 iter 820/1860 loss=0.6798 mean_loss=0.6651 classification=0.0057, bbox_regression=0.0586, bbox_ctrness=0.6155
epoch 24/50 iter 840/1860 loss=0.6922 mean_loss=0.6652 classification=0.0190, bbox_regression=0.0679, bbox_ctrness=0.6053
epoch 24/50 iter 860/1860 loss=0.6364 mean_loss=0.6654 classification=0.0056, bbox_regression=0.0422, bbox_ctrness=0.5887
epoch 24/50 iter 880/1860 loss=0.6523 mean_loss=0.6653 classification=0.0118, bbox_regression=0.0505, bbox_ctrness=0.5900
epoch 24/50 iter 900/1860 loss=0.6676 mean_loss=0.6653 classification=0.0017, bbox_regression=0.0708, bbox_ctrness=0.5951
epoch 24/50 iter 920/1860 loss=0.6784 mean_loss=0.6653 classification=0.0251, bbox_regression=0.0677, bbox_ctrness=0.5856
epoch 24/50 iter 940/1860 loss=0.6727 mean_loss=0.6654 classification=0.0174, bbox_regression=0.0481, bbox_ctrness=0.6072
epoch 24/50 iter 960/1860 loss=0.6147 mean_loss=0.6653 classification=0.0051, bbox_regression=0.0341, bbox_ctrness=0.5755
epoch 24/50 iter 980/1860 loss=0.6391 mean_loss=0.6654 classification=0.0064, bbox_regression=0.0415, bbox_ctrness=0.5912
epoch 24/50 iter 1000/1860 loss=0.6425 mean_loss=0.6655 classification=0.0083, bbox_regression=0.0440, bbox_ctrness=0.5902
epoch 24/50 iter 1020/1860 loss=0.6586 mean_loss=0.6654 classification=0.0217, bbox_regression=0.0506, bbox_ctrness=0.5863
epoch 24/50 iter 1040/1860 loss=0.7202 mean_loss=0.6656 classification=0.0615, bbox_regression=0.0420, bbox_ctrness=0.6166
epoch 24/50 iter 1060/1860 loss=0.6703 mean_loss=0.6657 classification=0.0121, bbox_regression=0.0754, bbox_ctrness=0.5829
epoch 24/50 iter 1080/1860 loss=0.6448 mean_loss=0.6656 classification=0.0023, bbox_regression=0.0497, bbox_ctrness=0.5927
epoch 24/50 iter 1100/1860 loss=0.7676 mean_loss=0.6657 classification=0.0612, bbox_regression=0.0947, bbox_ctrness=0.6117
epoch 24/50 iter 1120/1860 loss=0.6879 mean_loss=0.6657 classification=0.0204, bbox_regression=0.0751, bbox_ctrness=0.5925
epoch 24/50 iter 1140/1860 loss=0.6471 mean_loss=0.6654 classification=0.0030, bbox_regression=0.0519, bbox_ctrness=0.5922
epoch 24/50 iter 1160/1860 loss=0.6844 mean_loss=0.6654 classification=0.0018, bbox_regression=0.0624, bbox_ctrness=0.6202
epoch 24/50 iter 1180/1860 loss=0.6700 mean_loss=0.6654 classification=0.0367, bbox_regression=0.0554, bbox_ctrness=0.5778
epoch 24/50 iter 1200/1860 loss=0.6689 mean_loss=0.6655 classification=0.0078, bbox_regression=0.0636, bbox_ctrness=0.5976
epoch 24/50 iter 1220/1860 loss=0.6641 mean_loss=0.6655 classification=0.0207, bbox_regression=0.0466, bbox_ctrness=0.5969
epoch 24/50 iter 1240/1860 loss=0.6592 mean_loss=0.6655 classification=0.0246, bbox_regression=0.0453, bbox_ctrness=0.5893
epoch 24/50 iter 1260/1860 loss=0.6609 mean_loss=0.6654 classification=0.0178, bbox_regression=0.0464, bbox_ctrness=0.5968
epoch 24/50 iter 1280/1860 loss=0.6468 mean_loss=0.6654 classification=0.0027, bbox_regression=0.0460, bbox_ctrness=0.5980
epoch 24/50 iter 1300/1860 loss=0.6801 mean_loss=0.6653 classification=0.0234, bbox_regression=0.0676, bbox_ctrness=0.5891
epoch 24/50 iter 1320/1860 loss=0.6563 mean_loss=0.6652 classification=0.0019, bbox_regression=0.0534, bbox_ctrness=0.6011
epoch 24/50 iter 1340/1860 loss=0.6371 mean_loss=0.6651 classification=0.0032, bbox_regression=0.0552, bbox_ctrness=0.5788
epoch 24/50 iter 1360/1860 loss=0.6688 mean_loss=0.6651 classification=0.0124, bbox_regression=0.0507, bbox_ctrness=0.6057
epoch 24/50 iter 1380/1860 loss=0.7044 mean_loss=0.6652 classification=0.0258, bbox_regression=0.0694, bbox_ctrness=0.6092
epoch 24/50 iter 1400/1860 loss=0.6775 mean_loss=0.6653 classification=0.0013, bbox_regression=0.0556, bbox_ctrness=0.6206
epoch 24/50 iter 1420/1860 loss=0.6572 mean_loss=0.6653 classification=0.0041, bbox_regression=0.0647, bbox_ctrness=0.5884
epoch 24/50 iter 1440/1860 loss=0.6483 mean_loss=0.6652 classification=0.0087, bbox_regression=0.0350, bbox_ctrness=0.6046
epoch 24/50 iter 1460/1860 loss=0.6539 mean_loss=0.6652 classification=0.0014, bbox_regression=0.0491, bbox_ctrness=0.6034
epoch 24/50 iter 1480/1860 loss=0.7446 mean_loss=0.6652 classification=0.0257, bbox_regression=0.1127, bbox_ctrness=0.6062
epoch 24/50 iter 1500/1860 loss=0.6665 mean_loss=0.6653 classification=0.0080, bbox_regression=0.0572, bbox_ctrness=0.6014
epoch 24/50 iter 1520/1860 loss=0.6604 mean_loss=0.6653 classification=0.0073, bbox_regression=0.0499, bbox_ctrness=0.6032
epoch 24/50 iter 1540/1860 loss=0.7003 mean_loss=0.6654 classification=0.0367, bbox_regression=0.0671, bbox_ctrness=0.5965
epoch 24/50 iter 1560/1860 loss=0.6528 mean_loss=0.6654 classification=0.0044, bbox_regression=0.0502, bbox_ctrness=0.5982
epoch 24/50 iter 1580/1860 loss=0.6704 mean_loss=0.6655 classification=0.0250, bbox_regression=0.0410, bbox_ctrness=0.6044
epoch 24/50 iter 1600/1860 loss=0.6628 mean_loss=0.6655 classification=0.0006, bbox_regression=0.0421, bbox_ctrness=0.6201
epoch 24/50 iter 1620/1860 loss=0.6865 mean_loss=0.6654 classification=0.0189, bbox_regression=0.0723, bbox_ctrness=0.5952
epoch 24/50 iter 1640/1860 loss=0.6627 mean_loss=0.6654 classification=0.0078, bbox_regression=0.0582, bbox_ctrness=0.5967
epoch 24/50 iter 1660/1860 loss=0.6543 mean_loss=0.6654 classification=0.0087, bbox_regression=0.0637, bbox_ctrness=0.5819
epoch 24/50 iter 1680/1860 loss=0.6674 mean_loss=0.6653 classification=0.0073, bbox_regression=0.0574, bbox_ctrness=0.6027
epoch 24/50 iter 1700/1860 loss=0.6580 mean_loss=0.6652 classification=0.0090, bbox_regression=0.0593, bbox_ctrness=0.5897
epoch 24/50 iter 1720/1860 loss=0.6552 mean_loss=0.6651 classification=0.0116, bbox_regression=0.0487, bbox_ctrness=0.5949
epoch 24/50 iter 1740/1860 loss=0.6605 mean_loss=0.6651 classification=0.0131, bbox_regression=0.0415, bbox_ctrness=0.6060
epoch 24/50 iter 1760/1860 loss=0.6529 mean_loss=0.6651 classification=0.0105, bbox_regression=0.0536, bbox_ctrness=0.5888
epoch 24/50 iter 1780/1860 loss=0.7241 mean_loss=0.6652 classification=0.0497, bbox_regression=0.0694, bbox_ctrness=0.6050
epoch 24/50 iter 1800/1860 loss=0.6434 mean_loss=0.6652 classification=0.0208, bbox_regression=0.0416, bbox_ctrness=0.5811
epoch 24/50 iter 1820/1860 loss=0.6377 mean_loss=0.6651 classification=0.0026, bbox_regression=0.0482, bbox_ctrness=0.5869
epoch 24/50 iter 1840/1860 loss=0.6855 mean_loss=0.6650 classification=0.0195, bbox_regression=0.0568, bbox_ctrness=0.6092
epoch 24/50 iter 1860/1860 loss=0.6763 mean_loss=0.6650 classification=0.0210, bbox_regression=0.0419, bbox_ctrness=0.6135
epoch 24 validation Precision=0.6698 Recall=0.9443 AP50=0.9201 AP75=0.8457 eval_fps=21.42 epoch_time_sec=900.7
saved checkpoint: E:\RepViT-main\runs\v48_complete_ablation\training\ra_stems_project_seed2\weights\last.pt
epoch 25/50 iter 1/1860 loss=0.6544 mean_loss=0.6544 classification=0.0052, bbox_regression=0.0571, bbox_ctrness=0.5921
epoch 25/50 iter 20/1860 loss=0.6641 mean_loss=0.6652 classification=0.0108, bbox_regression=0.0598, bbox_ctrness=0.5935
epoch 25/50 iter 40/1860 loss=0.6486 mean_loss=0.6584 classification=0.0029, bbox_regression=0.0467, bbox_ctrness=0.5989
epoch 25/50 iter 60/1860 loss=0.6663 mean_loss=0.6623 classification=0.0075, bbox_regression=0.0486, bbox_ctrness=0.6102
epoch 25/50 iter 80/1860 loss=0.6645 mean_loss=0.6653 classification=0.0079, bbox_regression=0.0514, bbox_ctrness=0.6053
epoch 25/50 iter 100/1860 loss=0.6460 mean_loss=0.6673 classification=0.0151, bbox_regression=0.0504, bbox_ctrness=0.5805
epoch 25/50 iter 120/1860 loss=0.6415 mean_loss=0.6675 classification=0.0074, bbox_regression=0.0441, bbox_ctrness=0.5899
epoch 25/50 iter 140/1860 loss=0.6419 mean_loss=0.6670 classification=0.0036, bbox_regression=0.0523, bbox_ctrness=0.5860
epoch 25/50 iter 160/1860 loss=0.6692 mean_loss=0.6666 classification=0.0079, bbox_regression=0.0513, bbox_ctrness=0.6100
epoch 25/50 iter 180/1860 loss=0.6625 mean_loss=0.6660 classification=0.0116, bbox_regression=0.0517, bbox_ctrness=0.5992
epoch 25/50 iter 200/1860 loss=0.6635 mean_loss=0.6654 classification=0.0080, bbox_regression=0.0571, bbox_ctrness=0.5984
epoch 25/50 iter 220/1860 loss=0.6647 mean_loss=0.6644 classification=0.0246, bbox_regression=0.0531, bbox_ctrness=0.5870
epoch 25/50 iter 240/1860 loss=0.6611 mean_loss=0.6642 classification=0.0063, bbox_regression=0.0596, bbox_ctrness=0.5952
epoch 25/50 iter 260/1860 loss=0.6367 mean_loss=0.6635 classification=0.0008, bbox_regression=0.0454, bbox_ctrness=0.5906
epoch 25/50 iter 280/1860 loss=0.6622 mean_loss=0.6633 classification=0.0043, bbox_regression=0.0585, bbox_ctrness=0.5995
epoch 25/50 iter 300/1860 loss=0.6861 mean_loss=0.6629 classification=0.0420, bbox_regression=0.0403, bbox_ctrness=0.6038
epoch 25/50 iter 320/1860 loss=0.6697 mean_loss=0.6630 classification=0.0057, bbox_regression=0.0498, bbox_ctrness=0.6142
epoch 25/50 iter 340/1860 loss=0.6547 mean_loss=0.6634 classification=0.0078, bbox_regression=0.0495, bbox_ctrness=0.5975
epoch 25/50 iter 360/1860 loss=0.6382 mean_loss=0.6628 classification=0.0017, bbox_regression=0.0506, bbox_ctrness=0.5859
epoch 25/50 iter 380/1860 loss=0.6623 mean_loss=0.6626 classification=0.0027, bbox_regression=0.0591, bbox_ctrness=0.6004
epoch 25/50 iter 400/1860 loss=0.6596 mean_loss=0.6627 classification=0.0024, bbox_regression=0.0500, bbox_ctrness=0.6072
epoch 25/50 iter 420/1860 loss=0.6730 mean_loss=0.6625 classification=0.0205, bbox_regression=0.0466, bbox_ctrness=0.6059
epoch 25/50 iter 440/1860 loss=0.6339 mean_loss=0.6627 classification=0.0045, bbox_regression=0.0386, bbox_ctrness=0.5909
epoch 25/50 iter 460/1860 loss=0.6550 mean_loss=0.6627 classification=0.0132, bbox_regression=0.0545, bbox_ctrness=0.5873
epoch 25/50 iter 480/1860 loss=0.6508 mean_loss=0.6627 classification=0.0038, bbox_regression=0.0434, bbox_ctrness=0.6036
epoch 25/50 iter 500/1860 loss=0.6804 mean_loss=0.6630 classification=0.0142, bbox_regression=0.0699, bbox_ctrness=0.5964
epoch 25/50 iter 520/1860 loss=0.6443 mean_loss=0.6633 classification=0.0015, bbox_regression=0.0532, bbox_ctrness=0.5896
epoch 25/50 iter 540/1860 loss=0.6680 mean_loss=0.6631 classification=0.0089, bbox_regression=0.0699, bbox_ctrness=0.5892
epoch 25/50 iter 560/1860 loss=0.6532 mean_loss=0.6628 classification=0.0040, bbox_regression=0.0606, bbox_ctrness=0.5886
epoch 25/50 iter 580/1860 loss=0.6646 mean_loss=0.6629 classification=0.0050, bbox_regression=0.0525, bbox_ctrness=0.6071
epoch 25/50 iter 600/1860 loss=0.6461 mean_loss=0.6629 classification=0.0016, bbox_regression=0.0364, bbox_ctrness=0.6082
epoch 25/50 iter 620/1860 loss=0.6728 mean_loss=0.6632 classification=0.0114, bbox_regression=0.0628, bbox_ctrness=0.5986
epoch 25/50 iter 640/1860 loss=0.6743 mean_loss=0.6633 classification=0.0150, bbox_regression=0.0642, bbox_ctrness=0.5951
epoch 25/50 iter 660/1860 loss=0.6529 mean_loss=0.6635 classification=0.0099, bbox_regression=0.0588, bbox_ctrness=0.5842
epoch 25/50 iter 680/1860 loss=0.6525 mean_loss=0.6632 classification=0.0019, bbox_regression=0.0416, bbox_ctrness=0.6090
epoch 25/50 iter 700/1860 loss=0.6469 mean_loss=0.6633 classification=0.0043, bbox_regression=0.0469, bbox_ctrness=0.5957
epoch 25/50 iter 720/1860 loss=0.6690 mean_loss=0.6631 classification=0.0006, bbox_regression=0.0522, bbox_ctrness=0.6162
epoch 25/50 iter 740/1860 loss=0.6787 mean_loss=0.6632 classification=0.0152, bbox_regression=0.0653, bbox_ctrness=0.5983
epoch 25/50 iter 760/1860 loss=0.6950 mean_loss=0.6632 classification=0.0556, bbox_regression=0.0594, bbox_ctrness=0.5800
epoch 25/50 iter 780/1860 loss=0.6936 mean_loss=0.6632 classification=0.0079, bbox_regression=0.0665, bbox_ctrness=0.6192
epoch 25/50 iter 800/1860 loss=0.6402 mean_loss=0.6631 classification=0.0018, bbox_regression=0.0425, bbox_ctrness=0.5958
epoch 25/50 iter 820/1860 loss=0.6959 mean_loss=0.6632 classification=0.0303, bbox_regression=0.0531, bbox_ctrness=0.6125
epoch 25/50 iter 840/1860 loss=0.6733 mean_loss=0.6631 classification=0.0199, bbox_regression=0.0602, bbox_ctrness=0.5932
epoch 25/50 iter 860/1860 loss=0.6278 mean_loss=0.6630 classification=0.0026, bbox_regression=0.0496, bbox_ctrness=0.5756
epoch 25/50 iter 880/1860 loss=0.6505 mean_loss=0.6628 classification=0.0025, bbox_regression=0.0577, bbox_ctrness=0.5903
epoch 25/50 iter 900/1860 loss=0.6379 mean_loss=0.6629 classification=0.0103, bbox_regression=0.0409, bbox_ctrness=0.5867
epoch 25/50 iter 920/1860 loss=0.6595 mean_loss=0.6630 classification=0.0114, bbox_regression=0.0559, bbox_ctrness=0.5922
epoch 25/50 iter 940/1860 loss=0.6687 mean_loss=0.6631 classification=0.0078, bbox_regression=0.0646, bbox_ctrness=0.5963
epoch 25/50 iter 960/1860 loss=0.7244 mean_loss=0.6630 classification=0.0329, bbox_regression=0.0750, bbox_ctrness=0.6164
epoch 25/50 iter 980/1860 loss=0.6757 mean_loss=0.6629 classification=0.0196, bbox_regression=0.0656, bbox_ctrness=0.5906
epoch 25/50 iter 1000/1860 loss=0.6681 mean_loss=0.6629 classification=0.0076, bbox_regression=0.0536, bbox_ctrness=0.6069
epoch 25/50 iter 1020/1860 loss=0.6406 mean_loss=0.6628 classification=0.0045, bbox_regression=0.0542, bbox_ctrness=0.5819
epoch 25/50 iter 1040/1860 loss=0.6880 mean_loss=0.6629 classification=0.0223, bbox_regression=0.0631, bbox_ctrness=0.6026
epoch 25/50 iter 1060/1860 loss=0.6633 mean_loss=0.6631 classification=0.0056, bbox_regression=0.0601, bbox_ctrness=0.5976
epoch 25/50 iter 1080/1860 loss=0.6475 mean_loss=0.6632 classification=0.0024, bbox_regression=0.0514, bbox_ctrness=0.5937
epoch 25/50 iter 1100/1860 loss=0.6491 mean_loss=0.6631 classification=0.0051, bbox_regression=0.0382, bbox_ctrness=0.6057
epoch 25/50 iter 1120/1860 loss=0.6701 mean_loss=0.6631 classification=0.0010, bbox_regression=0.0528, bbox_ctrness=0.6163
epoch 25/50 iter 1140/1860 loss=0.6608 mean_loss=0.6632 classification=0.0052, bbox_regression=0.0599, bbox_ctrness=0.5958
epoch 25/50 iter 1160/1860 loss=0.6620 mean_loss=0.6632 classification=0.0055, bbox_regression=0.0518, bbox_ctrness=0.6047
epoch 25/50 iter 1180/1860 loss=0.6592 mean_loss=0.6632 classification=0.0115, bbox_regression=0.0682, bbox_ctrness=0.5796
epoch 25/50 iter 1200/1860 loss=0.6771 mean_loss=0.6632 classification=0.0140, bbox_regression=0.0725, bbox_ctrness=0.5906
epoch 25/50 iter 1220/1860 loss=0.6539 mean_loss=0.6633 classification=0.0062, bbox_regression=0.0493, bbox_ctrness=0.5984
epoch 25/50 iter 1240/1860 loss=0.6561 mean_loss=0.6635 classification=0.0058, bbox_regression=0.0585, bbox_ctrness=0.5918
epoch 25/50 iter 1260/1860 loss=0.6499 mean_loss=0.6635 classification=0.0034, bbox_regression=0.0494, bbox_ctrness=0.5971
epoch 25/50 iter 1280/1860 loss=0.6339 mean_loss=0.6635 classification=0.0004, bbox_regression=0.0408, bbox_ctrness=0.5926
epoch 25/50 iter 1300/1860 loss=0.6645 mean_loss=0.6635 classification=0.0156, bbox_regression=0.0581, bbox_ctrness=0.5908
epoch 25/50 iter 1320/1860 loss=0.6649 mean_loss=0.6635 classification=0.0359, bbox_regression=0.0360, bbox_ctrness=0.5930
epoch 25/50 iter 1340/1860 loss=0.7517 mean_loss=0.6635 classification=0.0976, bbox_regression=0.0533, bbox_ctrness=0.6008
epoch 25/50 iter 1360/1860 loss=0.6572 mean_loss=0.6635 classification=0.0019, bbox_regression=0.0469, bbox_ctrness=0.6085
epoch 25/50 iter 1380/1860 loss=0.6753 mean_loss=0.6635 classification=0.0045, bbox_regression=0.0555, bbox_ctrness=0.6154
epoch 25/50 iter 1400/1860 loss=0.6590 mean_loss=0.6635 classification=0.0053, bbox_regression=0.0551, bbox_ctrness=0.5986
epoch 25/50 iter 1420/1860 loss=0.6708 mean_loss=0.6638 classification=0.0027, bbox_regression=0.0483, bbox_ctrness=0.6198
epoch 25/50 iter 1440/1860 loss=0.6423 mean_loss=0.6639 classification=0.0043, bbox_regression=0.0509, bbox_ctrness=0.5871
epoch 25/50 iter 1460/1860 loss=0.6532 mean_loss=0.6639 classification=0.0044, bbox_regression=0.0506, bbox_ctrness=0.5982
epoch 25/50 iter 1480/1860 loss=0.6666 mean_loss=0.6641 classification=0.0282, bbox_regression=0.0506, bbox_ctrness=0.5878
epoch 25/50 iter 1500/1860 loss=0.6743 mean_loss=0.6641 classification=0.0322, bbox_regression=0.0505, bbox_ctrness=0.5915
epoch 25/50 iter 1520/1860 loss=0.6596 mean_loss=0.6640 classification=0.0094, bbox_regression=0.0492, bbox_ctrness=0.6009
epoch 25/50 iter 1540/1860 loss=0.6691 mean_loss=0.6641 classification=0.0086, bbox_regression=0.0679, bbox_ctrness=0.5926
epoch 25/50 iter 1560/1860 loss=0.6734 mean_loss=0.6640 classification=0.0006, bbox_regression=0.0407, bbox_ctrness=0.6321
epoch 25/50 iter 1580/1860 loss=0.6539 mean_loss=0.6639 classification=0.0130, bbox_regression=0.0504, bbox_ctrness=0.5905
epoch 25/50 iter 1600/1860 loss=0.6772 mean_loss=0.6639 classification=0.0115, bbox_regression=0.0504, bbox_ctrness=0.6153
epoch 25/50 iter 1620/1860 loss=0.6620 mean_loss=0.6639 classification=0.0124, bbox_regression=0.0604, bbox_ctrness=0.5892
epoch 25/50 iter 1640/1860 loss=0.6327 mean_loss=0.6638 classification=0.0097, bbox_regression=0.0467, bbox_ctrness=0.5762
epoch 25/50 iter 1660/1860 loss=0.6687 mean_loss=0.6638 classification=0.0092, bbox_regression=0.0628, bbox_ctrness=0.5968
epoch 25/50 iter 1680/1860 loss=0.6576 mean_loss=0.6639 classification=0.0229, bbox_regression=0.0563, bbox_ctrness=0.5785
epoch 25/50 iter 1700/1860 loss=0.6580 mean_loss=0.6640 classification=0.0020, bbox_regression=0.0388, bbox_ctrness=0.6172
epoch 25/50 iter 1720/1860 loss=0.7167 mean_loss=0.6639 classification=0.0244, bbox_regression=0.0606, bbox_ctrness=0.6317
epoch 25/50 iter 1740/1860 loss=0.6670 mean_loss=0.6640 classification=0.0223, bbox_regression=0.0475, bbox_ctrness=0.5972
epoch 25/50 iter 1760/1860 loss=0.6562 mean_loss=0.6640 classification=0.0013, bbox_regression=0.0497, bbox_ctrness=0.6052
epoch 25/50 iter 1780/1860 loss=0.6851 mean_loss=0.6641 classification=0.0106, bbox_regression=0.0614, bbox_ctrness=0.6131
epoch 25/50 iter 1800/1860 loss=0.6749 mean_loss=0.6643 classification=0.0053, bbox_regression=0.0525, bbox_ctrness=0.6171
epoch 25/50 iter 1820/1860 loss=0.6630 mean_loss=0.6642 classification=0.0099, bbox_regression=0.0560, bbox_ctrness=0.5970
epoch 25/50 iter 1840/1860 loss=0.6456 mean_loss=0.6642 classification=0.0044, bbox_regression=0.0357, bbox_ctrness=0.6056
epoch 25/50 iter 1860/1860 loss=0.6292 mean_loss=0.6642 classification=0.0189, bbox_regression=0.0378, bbox_ctrness=0.5724
epoch 25 validation Precision=0.8014 Recall=0.9238 AP50=0.9066 AP75=0.8383 eval_fps=21.64 epoch_time_sec=906.4
saved checkpoint: E:\RepViT-main\runs\v48_complete_ablation\training\ra_stems_project_seed2\weights\last.pt
epoch 26/50 iter 1/1860 loss=0.6483 mean_loss=0.6483 classification=0.0157, bbox_regression=0.0410, bbox_ctrness=0.5916
epoch 26/50 iter 20/1860 loss=0.6560 mean_loss=0.6575 classification=0.0111, bbox_regression=0.0535, bbox_ctrness=0.5914
epoch 26/50 iter 40/1860 loss=0.6885 mean_loss=0.6623 classification=0.0182, bbox_regression=0.0568, bbox_ctrness=0.6135
epoch 26/50 iter 60/1860 loss=0.6360 mean_loss=0.6624 classification=0.0048, bbox_regression=0.0483, bbox_ctrness=0.5829
epoch 26/50 iter 80/1860 loss=0.6453 mean_loss=0.6605 classification=0.0103, bbox_regression=0.0457, bbox_ctrness=0.5893
epoch 26/50 iter 100/1860 loss=0.7277 mean_loss=0.6607 classification=0.0299, bbox_regression=0.0778, bbox_ctrness=0.6199
epoch 26/50 iter 120/1860 loss=0.6618 mean_loss=0.6600 classification=0.0043, bbox_regression=0.0525, bbox_ctrness=0.6050
epoch 26/50 iter 140/1860 loss=0.6536 mean_loss=0.6596 classification=0.0104, bbox_regression=0.0633, bbox_ctrness=0.5799
epoch 26/50 iter 160/1860 loss=0.6759 mean_loss=0.6595 classification=0.0188, bbox_regression=0.0471, bbox_ctrness=0.6100
epoch 26/50 iter 180/1860 loss=0.6878 mean_loss=0.6597 classification=0.0149, bbox_regression=0.0539, bbox_ctrness=0.6190
epoch 26/50 iter 200/1860 loss=0.6575 mean_loss=0.6592 classification=0.0107, bbox_regression=0.0508, bbox_ctrness=0.5960
epoch 26/50 iter 220/1860 loss=0.6601 mean_loss=0.6594 classification=0.0039, bbox_regression=0.0660, bbox_ctrness=0.5902
epoch 26/50 iter 240/1860 loss=0.6705 mean_loss=0.6600 classification=0.0105, bbox_regression=0.0602, bbox_ctrness=0.5998
epoch 26/50 iter 260/1860 loss=0.6779 mean_loss=0.6609 classification=0.0016, bbox_regression=0.0671, bbox_ctrness=0.6092
epoch 26/50 iter 280/1860 loss=0.6359 mean_loss=0.6606 classification=0.0037, bbox_regression=0.0460, bbox_ctrness=0.5862
epoch 26/50 iter 300/1860 loss=0.6473 mean_loss=0.6603 classification=0.0010, bbox_regression=0.0371, bbox_ctrness=0.6091
epoch 26/50 iter 320/1860 loss=0.6653 mean_loss=0.6598 classification=0.0078, bbox_regression=0.0632, bbox_ctrness=0.5943
epoch 26/50 iter 340/1860 loss=0.6380 mean_loss=0.6596 classification=0.0045, bbox_regression=0.0342, bbox_ctrness=0.5993
epoch 26/50 iter 360/1860 loss=0.7257 mean_loss=0.6617 classification=0.0500, bbox_regression=0.0758, bbox_ctrness=0.5999
epoch 26/50 iter 380/1860 loss=0.6547 mean_loss=0.6620 classification=0.0061, bbox_regression=0.0602, bbox_ctrness=0.5884
epoch 26/50 iter 400/1860 loss=0.6495 mean_loss=0.6624 classification=0.0112, bbox_regression=0.0442, bbox_ctrness=0.5940
epoch 26/50 iter 420/1860 loss=0.6721 mean_loss=0.6621 classification=0.0041, bbox_regression=0.0560, bbox_ctrness=0.6121
epoch 26/50 iter 440/1860 loss=0.6798 mean_loss=0.6619 classification=0.0351, bbox_regression=0.0590, bbox_ctrness=0.5857
epoch 26/50 iter 460/1860 loss=0.6463 mean_loss=0.6620 classification=0.0088, bbox_regression=0.0523, bbox_ctrness=0.5852
epoch 26/50 iter 480/1860 loss=0.6372 mean_loss=0.6618 classification=0.0146, bbox_regression=0.0440, bbox_ctrness=0.5786
epoch 26/50 iter 500/1860 loss=0.6414 mean_loss=0.6621 classification=0.0030, bbox_regression=0.0421, bbox_ctrness=0.5962
epoch 26/50 iter 520/1860 loss=0.6419 mean_loss=0.6618 classification=0.0009, bbox_regression=0.0503, bbox_ctrness=0.5906
epoch 26/50 iter 540/1860 loss=0.6699 mean_loss=0.6615 classification=0.0068, bbox_regression=0.0590, bbox_ctrness=0.6041
epoch 26/50 iter 560/1860 loss=0.6418 mean_loss=0.6614 classification=0.0139, bbox_regression=0.0398, bbox_ctrness=0.5881
epoch 26/50 iter 580/1860 loss=0.6458 mean_loss=0.6613 classification=0.0003, bbox_regression=0.0394, bbox_ctrness=0.6061
epoch 26/50 iter 600/1860 loss=0.6579 mean_loss=0.6610 classification=0.0031, bbox_regression=0.0572, bbox_ctrness=0.5977
epoch 26/50 iter 620/1860 loss=0.6455 mean_loss=0.6609 classification=0.0015, bbox_regression=0.0471, bbox_ctrness=0.5969
epoch 26/50 iter 640/1860 loss=0.6604 mean_loss=0.6607 classification=0.0018, bbox_regression=0.0416, bbox_ctrness=0.6170
epoch 26/50 iter 660/1860 loss=0.6588 mean_loss=0.6606 classification=0.0091, bbox_regression=0.0724, bbox_ctrness=0.5772
epoch 26/50 iter 680/1860 loss=0.6808 mean_loss=0.6608 classification=0.0072, bbox_regression=0.0632, bbox_ctrness=0.6105
epoch 26/50 iter 700/1860 loss=0.6619 mean_loss=0.6609 classification=0.0054, bbox_regression=0.0512, bbox_ctrness=0.6053
epoch 26/50 iter 720/1860 loss=0.6783 mean_loss=0.6609 classification=0.0103, bbox_regression=0.0634, bbox_ctrness=0.6046
epoch 26/50 iter 740/1860 loss=0.6835 mean_loss=0.6611 classification=0.0376, bbox_regression=0.0513, bbox_ctrness=0.5947
epoch 26/50 iter 760/1860 loss=0.6377 mean_loss=0.6611 classification=0.0039, bbox_regression=0.0388, bbox_ctrness=0.5951
epoch 26/50 iter 780/1860 loss=0.6947 mean_loss=0.6613 classification=0.0465, bbox_regression=0.0529, bbox_ctrness=0.5953
epoch 26/50 iter 800/1860 loss=0.6479 mean_loss=0.6613 classification=0.0020, bbox_regression=0.0489, bbox_ctrness=0.5971
epoch 26/50 iter 820/1860 loss=0.6517 mean_loss=0.6612 classification=0.0179, bbox_regression=0.0517, bbox_ctrness=0.5820
epoch 26/50 iter 840/1860 loss=0.6174 mean_loss=0.6612 classification=0.0026, bbox_regression=0.0346, bbox_ctrness=0.5802
epoch 26/50 iter 860/1860 loss=0.6554 mean_loss=0.6611 classification=0.0031, bbox_regression=0.0546, bbox_ctrness=0.5977
epoch 26/50 iter 880/1860 loss=0.6851 mean_loss=0.6610 classification=0.0180, bbox_regression=0.0560, bbox_ctrness=0.6110
epoch 26/50 iter 900/1860 loss=0.6682 mean_loss=0.6608 classification=0.0037, bbox_regression=0.0493, bbox_ctrness=0.6151
epoch 26/50 iter 920/1860 loss=0.6482 mean_loss=0.6609 classification=0.0039, bbox_regression=0.0511, bbox_ctrness=0.5932
epoch 26/50 iter 940/1860 loss=0.6694 mean_loss=0.6609 classification=0.0200, bbox_regression=0.0505, bbox_ctrness=0.5989
epoch 26/50 iter 960/1860 loss=0.6496 mean_loss=0.6609 classification=0.0092, bbox_regression=0.0499, bbox_ctrness=0.5905
epoch 26/50 iter 980/1860 loss=0.6747 mean_loss=0.6610 classification=0.0019, bbox_regression=0.0666, bbox_ctrness=0.6061
epoch 26/50 iter 1000/1860 loss=0.6628 mean_loss=0.6610 classification=0.0033, bbox_regression=0.0605, bbox_ctrness=0.5990
epoch 26/50 iter 1020/1860 loss=0.6509 mean_loss=0.6610 classification=0.0099, bbox_regression=0.0487, bbox_ctrness=0.5923
epoch 26/50 iter 1040/1860 loss=0.6679 mean_loss=0.6611 classification=0.0216, bbox_regression=0.0508, bbox_ctrness=0.5955
epoch 26/50 iter 1060/1860 loss=0.6482 mean_loss=0.6611 classification=0.0057, bbox_regression=0.0470, bbox_ctrness=0.5956
epoch 26/50 iter 1080/1860 loss=0.6688 mean_loss=0.6612 classification=0.0090, bbox_regression=0.0559, bbox_ctrness=0.6040
epoch 26/50 iter 1100/1860 loss=0.6556 mean_loss=0.6611 classification=0.0136, bbox_regression=0.0447, bbox_ctrness=0.5972
epoch 26/50 iter 1120/1860 loss=0.6221 mean_loss=0.6611 classification=0.0033, bbox_regression=0.0366, bbox_ctrness=0.5822
epoch 26/50 iter 1140/1860 loss=0.6699 mean_loss=0.6610 classification=0.0161, bbox_regression=0.0538, bbox_ctrness=0.6000
epoch 26/50 iter 1160/1860 loss=0.6676 mean_loss=0.6609 classification=0.0007, bbox_regression=0.0536, bbox_ctrness=0.6133
epoch 26/50 iter 1180/1860 loss=0.6782 mean_loss=0.6608 classification=0.0512, bbox_regression=0.0447, bbox_ctrness=0.5823
epoch 26/50 iter 1200/1860 loss=0.6634 mean_loss=0.6609 classification=0.0143, bbox_regression=0.0506, bbox_ctrness=0.5986
epoch 26/50 iter 1220/1860 loss=0.6609 mean_loss=0.6609 classification=0.0032, bbox_regression=0.0561, bbox_ctrness=0.6016
epoch 26/50 iter 1240/1860 loss=0.6603 mean_loss=0.6609 classification=0.0086, bbox_regression=0.0561, bbox_ctrness=0.5956
epoch 26/50 iter 1260/1860 loss=0.6611 mean_loss=0.6608 classification=0.0072, bbox_regression=0.0626, bbox_ctrness=0.5913
epoch 26/50 iter 1280/1860 loss=0.6554 mean_loss=0.6608 classification=0.0152, bbox_regression=0.0496, bbox_ctrness=0.5907
epoch 26/50 iter 1300/1860 loss=0.6526 mean_loss=0.6609 classification=0.0031, bbox_regression=0.0506, bbox_ctrness=0.5990
epoch 26/50 iter 1320/1860 loss=0.6507 mean_loss=0.6609 classification=0.0022, bbox_regression=0.0346, bbox_ctrness=0.6139
epoch 26/50 iter 1340/1860 loss=0.6759 mean_loss=0.6609 classification=0.0236, bbox_regression=0.0595, bbox_ctrness=0.5928
epoch 26/50 iter 1360/1860 loss=0.6825 mean_loss=0.6609 classification=0.0128, bbox_regression=0.0661, bbox_ctrness=0.6036
epoch 26/50 iter 1380/1860 loss=0.6595 mean_loss=0.6609 classification=0.0160, bbox_regression=0.0479, bbox_ctrness=0.5956
epoch 26/50 iter 1400/1860 loss=0.6664 mean_loss=0.6610 classification=0.0293, bbox_regression=0.0629, bbox_ctrness=0.5742
epoch 26/50 iter 1420/1860 loss=0.7478 mean_loss=0.6613 classification=0.0986, bbox_regression=0.0576, bbox_ctrness=0.5916
epoch 26/50 iter 1440/1860 loss=0.6546 mean_loss=0.6615 classification=0.0123, bbox_regression=0.0493, bbox_ctrness=0.5930
epoch 26/50 iter 1460/1860 loss=0.6462 mean_loss=0.6616 classification=0.0105, bbox_regression=0.0411, bbox_ctrness=0.5946
epoch 26/50 iter 1480/1860 loss=0.6379 mean_loss=0.6617 classification=0.0053, bbox_regression=0.0397, bbox_ctrness=0.5929
epoch 26/50 iter 1500/1860 loss=0.6725 mean_loss=0.6617 classification=0.0344, bbox_regression=0.0485, bbox_ctrness=0.5896
epoch 26/50 iter 1520/1860 loss=0.6644 mean_loss=0.6616 classification=0.0106, bbox_regression=0.0516, bbox_ctrness=0.6023
epoch 26/50 iter 1540/1860 loss=0.7158 mean_loss=0.6618 classification=0.0513, bbox_regression=0.0619, bbox_ctrness=0.6026
epoch 26/50 iter 1560/1860 loss=0.7040 mean_loss=0.6619 classification=0.0232, bbox_regression=0.0829, bbox_ctrness=0.5980
epoch 26/50 iter 1580/1860 loss=0.6461 mean_loss=0.6620 classification=0.0072, bbox_regression=0.0512, bbox_ctrness=0.5877
epoch 26/50 iter 1600/1860 loss=0.6503 mean_loss=0.6620 classification=0.0024, bbox_regression=0.0534, bbox_ctrness=0.5945
epoch 26/50 iter 1620/1860 loss=0.7483 mean_loss=0.6621 classification=0.0809, bbox_regression=0.0577, bbox_ctrness=0.6097
epoch 26/50 iter 1640/1860 loss=0.7003 mean_loss=0.6622 classification=0.0303, bbox_regression=0.0634, bbox_ctrness=0.6066
epoch 26/50 iter 1660/1860 loss=0.6721 mean_loss=0.6624 classification=0.0046, bbox_regression=0.0573, bbox_ctrness=0.6102
epoch 26/50 iter 1680/1860 loss=0.6733 mean_loss=0.6624 classification=0.0245, bbox_regression=0.0460, bbox_ctrness=0.6028
epoch 26/50 iter 1700/1860 loss=0.6449 mean_loss=0.6625 classification=0.0118, bbox_regression=0.0522, bbox_ctrness=0.5809
epoch 26/50 iter 1720/1860 loss=0.6724 mean_loss=0.6627 classification=0.0062, bbox_regression=0.0609, bbox_ctrness=0.6053
epoch 26/50 iter 1740/1860 loss=0.6556 mean_loss=0.6626 classification=0.0080, bbox_regression=0.0566, bbox_ctrness=0.5911
epoch 26/50 iter 1760/1860 loss=0.6578 mean_loss=0.6626 classification=0.0086, bbox_regression=0.0525, bbox_ctrness=0.5968
epoch 26/50 iter 1780/1860 loss=0.7233 mean_loss=0.6627 classification=0.0466, bbox_regression=0.0563, bbox_ctrness=0.6205
epoch 26/50 iter 1800/1860 loss=0.6844 mean_loss=0.6630 classification=0.0160, bbox_regression=0.0565, bbox_ctrness=0.6119
epoch 26/50 iter 1820/1860 loss=0.6614 mean_loss=0.6631 classification=0.0045, bbox_regression=0.0471, bbox_ctrness=0.6098
epoch 26/50 iter 1840/1860 loss=0.6500 mean_loss=0.6632 classification=0.0024, bbox_regression=0.0445, bbox_ctrness=0.6032
epoch 26/50 iter 1860/1860 loss=0.6695 mean_loss=0.6634 classification=0.0289, bbox_regression=0.0529, bbox_ctrness=0.5878
epoch 26 validation Precision=0.6216 Recall=0.9495 AP50=0.9254 AP75=0.8485 eval_fps=20.30 epoch_time_sec=901.3
saved checkpoint: E:\RepViT-main\runs\v48_complete_ablation\training\ra_stems_project_seed2\weights\last.pt
epoch 27/50 iter 1/1860 loss=0.6515 mean_loss=0.6515 classification=0.0086, bbox_regression=0.0480, bbox_ctrness=0.5949
epoch 27/50 iter 20/1860 loss=0.6854 mean_loss=0.6667 classification=0.0156, bbox_regression=0.0660, bbox_ctrness=0.6038
epoch 27/50 iter 40/1860 loss=0.6684 mean_loss=0.6662 classification=0.0080, bbox_regression=0.0531, bbox_ctrness=0.6073
epoch 27/50 iter 60/1860 loss=0.6363 mean_loss=0.6623 classification=0.0128, bbox_regression=0.0438, bbox_ctrness=0.5796
epoch 27/50 iter 80/1860 loss=0.6915 mean_loss=0.6630 classification=0.0087, bbox_regression=0.0732, bbox_ctrness=0.6096
epoch 27/50 iter 100/1860 loss=0.6734 mean_loss=0.6625 classification=0.0071, bbox_regression=0.0530, bbox_ctrness=0.6133
epoch 27/50 iter 120/1860 loss=0.6979 mean_loss=0.6621 classification=0.0221, bbox_regression=0.0655, bbox_ctrness=0.6103
epoch 27/50 iter 140/1860 loss=0.6764 mean_loss=0.6607 classification=0.0115, bbox_regression=0.0615, bbox_ctrness=0.6034
epoch 27/50 iter 160/1860 loss=0.6958 mean_loss=0.6612 classification=0.0069, bbox_regression=0.0901, bbox_ctrness=0.5989
epoch 27/50 iter 180/1860 loss=0.6351 mean_loss=0.6612 classification=0.0038, bbox_regression=0.0392, bbox_ctrness=0.5921
epoch 27/50 iter 200/1860 loss=0.6267 mean_loss=0.6600 classification=0.0081, bbox_regression=0.0441, bbox_ctrness=0.5745
epoch 27/50 iter 220/1860 loss=0.6443 mean_loss=0.6596 classification=0.0044, bbox_regression=0.0393, bbox_ctrness=0.6006
epoch 27/50 iter 240/1860 loss=0.6401 mean_loss=0.6599 classification=0.0081, bbox_regression=0.0442, bbox_ctrness=0.5878
epoch 27/50 iter 260/1860 loss=0.6591 mean_loss=0.6594 classification=0.0051, bbox_regression=0.0555, bbox_ctrness=0.5985
epoch 27/50 iter 280/1860 loss=0.6629 mean_loss=0.6593 classification=0.0004, bbox_regression=0.0437, bbox_ctrness=0.6188
epoch 27/50 iter 300/1860 loss=0.6509 mean_loss=0.6595 classification=0.0033, bbox_regression=0.0517, bbox_ctrness=0.5959
epoch 27/50 iter 320/1860 loss=0.6577 mean_loss=0.6593 classification=0.0035, bbox_regression=0.0532, bbox_ctrness=0.6010
epoch 27/50 iter 340/1860 loss=0.6501 mean_loss=0.6592 classification=0.0075, bbox_regression=0.0464, bbox_ctrness=0.5962
epoch 27/50 iter 360/1860 loss=0.6516 mean_loss=0.6590 classification=0.0019, bbox_regression=0.0358, bbox_ctrness=0.6139
epoch 27/50 iter 380/1860 loss=0.6370 mean_loss=0.6587 classification=0.0011, bbox_regression=0.0479, bbox_ctrness=0.5880
epoch 27/50 iter 400/1860 loss=0.6637 mean_loss=0.6595 classification=0.0028, bbox_regression=0.0483, bbox_ctrness=0.6126
epoch 27/50 iter 420/1860 loss=0.7143 mean_loss=0.6602 classification=0.0634, bbox_regression=0.0453, bbox_ctrness=0.6056
epoch 27/50 iter 440/1860 loss=0.6599 mean_loss=0.6598 classification=0.0063, bbox_regression=0.0597, bbox_ctrness=0.5939
epoch 27/50 iter 460/1860 loss=0.6656 mean_loss=0.6598 classification=0.0095, bbox_regression=0.0579, bbox_ctrness=0.5981
epoch 27/50 iter 480/1860 loss=0.6630 mean_loss=0.6598 classification=0.0187, bbox_regression=0.0408, bbox_ctrness=0.6035
epoch 27/50 iter 500/1860 loss=0.7090 mean_loss=0.6599 classification=0.0576, bbox_regression=0.0569, bbox_ctrness=0.5946
epoch 27/50 iter 520/1860 loss=0.6543 mean_loss=0.6603 classification=0.0052, bbox_regression=0.0480, bbox_ctrness=0.6011
epoch 27/50 iter 540/1860 loss=0.6488 mean_loss=0.6601 classification=0.0041, bbox_regression=0.0558, bbox_ctrness=0.5889
epoch 27/50 iter 560/1860 loss=0.6580 mean_loss=0.6602 classification=0.0021, bbox_regression=0.0503, bbox_ctrness=0.6056
epoch 27/50 iter 580/1860 loss=0.6523 mean_loss=0.6601 classification=0.0045, bbox_regression=0.0575, bbox_ctrness=0.5904
epoch 27/50 iter 600/1860 loss=0.6446 mean_loss=0.6601 classification=0.0024, bbox_regression=0.0458, bbox_ctrness=0.5964
epoch 27/50 iter 620/1860 loss=0.6703 mean_loss=0.6601 classification=0.0079, bbox_regression=0.0570, bbox_ctrness=0.6053
epoch 27/50 iter 640/1860 loss=0.6599 mean_loss=0.6602 classification=0.0022, bbox_regression=0.0553, bbox_ctrness=0.6024
epoch 27/50 iter 660/1860 loss=0.6498 mean_loss=0.6605 classification=0.0079, bbox_regression=0.0472, bbox_ctrness=0.5946
epoch 27/50 iter 680/1860 loss=0.6485 mean_loss=0.6607 classification=0.0022, bbox_regression=0.0475, bbox_ctrness=0.5989
epoch 27/50 iter 700/1860 loss=0.6478 mean_loss=0.6607 classification=0.0079, bbox_regression=0.0513, bbox_ctrness=0.5886
epoch 27/50 iter 720/1860 loss=0.6845 mean_loss=0.6605 classification=0.0155, bbox_regression=0.0608, bbox_ctrness=0.6082
epoch 27/50 iter 740/1860 loss=0.6527 mean_loss=0.6604 classification=0.0036, bbox_regression=0.0480, bbox_ctrness=0.6010
epoch 27/50 iter 760/1860 loss=0.6511 mean_loss=0.6603 classification=0.0064, bbox_regression=0.0542, bbox_ctrness=0.5905
epoch 27/50 iter 780/1860 loss=0.6759 mean_loss=0.6604 classification=0.0146, bbox_regression=0.0609, bbox_ctrness=0.6003
epoch 27/50 iter 800/1860 loss=0.6664 mean_loss=0.6603 classification=0.0057, bbox_regression=0.0554, bbox_ctrness=0.6053
epoch 27/50 iter 820/1860 loss=0.6572 mean_loss=0.6603 classification=0.0020, bbox_regression=0.0419, bbox_ctrness=0.6133
epoch 27/50 iter 840/1860 loss=0.6611 mean_loss=0.6601 classification=0.0052, bbox_regression=0.0523, bbox_ctrness=0.6036
epoch 27/50 iter 860/1860 loss=0.6691 mean_loss=0.6604 classification=0.0007, bbox_regression=0.0552, bbox_ctrness=0.6132
epoch 27/50 iter 880/1860 loss=0.6465 mean_loss=0.6603 classification=0.0013, bbox_regression=0.0465, bbox_ctrness=0.5987
epoch 27/50 iter 900/1860 loss=0.6572 mean_loss=0.6601 classification=0.0088, bbox_regression=0.0556, bbox_ctrness=0.5928
epoch 27/50 iter 920/1860 loss=0.6479 mean_loss=0.6600 classification=0.0094, bbox_regression=0.0448, bbox_ctrness=0.5937
epoch 27/50 iter 940/1860 loss=0.6196 mean_loss=0.6600 classification=0.0015, bbox_regression=0.0395, bbox_ctrness=0.5785
epoch 27/50 iter 960/1860 loss=0.6550 mean_loss=0.6603 classification=0.0042, bbox_regression=0.0520, bbox_ctrness=0.5988
epoch 27/50 iter 980/1860 loss=0.6508 mean_loss=0.6604 classification=0.0166, bbox_regression=0.0450, bbox_ctrness=0.5892
epoch 27/50 iter 1000/1860 loss=0.6403 mean_loss=0.6604 classification=0.0050, bbox_regression=0.0460, bbox_ctrness=0.5894
epoch 27/50 iter 1020/1860 loss=0.6557 mean_loss=0.6604 classification=0.0052, bbox_regression=0.0456, bbox_ctrness=0.6049
epoch 27/50 iter 1040/1860 loss=0.6601 mean_loss=0.6604 classification=0.0045, bbox_regression=0.0454, bbox_ctrness=0.6102
epoch 27/50 iter 1060/1860 loss=0.6579 mean_loss=0.6605 classification=0.0042, bbox_regression=0.0504, bbox_ctrness=0.6033
epoch 27/50 iter 1080/1860 loss=0.6985 mean_loss=0.6605 classification=0.0013, bbox_regression=0.0829, bbox_ctrness=0.6144
epoch 27/50 iter 1100/1860 loss=0.6560 mean_loss=0.6604 classification=0.0040, bbox_regression=0.0528, bbox_ctrness=0.5991
epoch 27/50 iter 1120/1860 loss=0.6686 mean_loss=0.6605 classification=0.0051, bbox_regression=0.0609, bbox_ctrness=0.6026
epoch 27/50 iter 1140/1860 loss=0.6568 mean_loss=0.6607 classification=0.0068, bbox_regression=0.0543, bbox_ctrness=0.5956
epoch 27/50 iter 1160/1860 loss=0.6474 mean_loss=0.6607 classification=0.0047, bbox_regression=0.0479, bbox_ctrness=0.5948
epoch 27/50 iter 1180/1860 loss=0.6287 mean_loss=0.6605 classification=0.0004, bbox_regression=0.0493, bbox_ctrness=0.5790
epoch 27/50 iter 1200/1860 loss=0.6646 mean_loss=0.6605 classification=0.0001, bbox_regression=0.0497, bbox_ctrness=0.6148
epoch 27/50 iter 1220/1860 loss=0.6508 mean_loss=0.6604 classification=0.0032, bbox_regression=0.0527, bbox_ctrness=0.5949
epoch 27/50 iter 1240/1860 loss=0.6648 mean_loss=0.6604 classification=0.0042, bbox_regression=0.0572, bbox_ctrness=0.6034
epoch 27/50 iter 1260/1860 loss=0.6609 mean_loss=0.6605 classification=0.0041, bbox_regression=0.0632, bbox_ctrness=0.5936
epoch 27/50 iter 1280/1860 loss=0.6483 mean_loss=0.6605 classification=0.0133, bbox_regression=0.0506, bbox_ctrness=0.5843
epoch 27/50 iter 1300/1860 loss=0.6780 mean_loss=0.6605 classification=0.0040, bbox_regression=0.0593, bbox_ctrness=0.6147
epoch 27/50 iter 1320/1860 loss=0.6703 mean_loss=0.6606 classification=0.0176, bbox_regression=0.0449, bbox_ctrness=0.6078
epoch 27/50 iter 1340/1860 loss=0.6419 mean_loss=0.6606 classification=0.0034, bbox_regression=0.0438, bbox_ctrness=0.5946
epoch 27/50 iter 1360/1860 loss=0.6464 mean_loss=0.6607 classification=0.0096, bbox_regression=0.0491, bbox_ctrness=0.5877
epoch 27/50 iter 1380/1860 loss=0.6712 mean_loss=0.6607 classification=0.0185, bbox_regression=0.0533, bbox_ctrness=0.5994
epoch 27/50 iter 1400/1860 loss=0.6460 mean_loss=0.6608 classification=0.0052, bbox_regression=0.0425, bbox_ctrness=0.5984
epoch 27/50 iter 1420/1860 loss=0.6532 mean_loss=0.6608 classification=0.0039, bbox_regression=0.0518, bbox_ctrness=0.5975
epoch 27/50 iter 1440/1860 loss=0.6303 mean_loss=0.6608 classification=0.0057, bbox_regression=0.0431, bbox_ctrness=0.5815
epoch 27/50 iter 1460/1860 loss=0.6812 mean_loss=0.6607 classification=0.0138, bbox_regression=0.0641, bbox_ctrness=0.6033
epoch 27/50 iter 1480/1860 loss=0.6407 mean_loss=0.6606 classification=0.0078, bbox_regression=0.0413, bbox_ctrness=0.5915
epoch 27/50 iter 1500/1860 loss=0.6608 mean_loss=0.6605 classification=0.0043, bbox_regression=0.0582, bbox_ctrness=0.5984
epoch 27/50 iter 1520/1860 loss=0.6315 mean_loss=0.6605 classification=0.0028, bbox_regression=0.0417, bbox_ctrness=0.5869
epoch 27/50 iter 1540/1860 loss=0.6243 mean_loss=0.6604 classification=0.0047, bbox_regression=0.0373, bbox_ctrness=0.5822
epoch 27/50 iter 1560/1860 loss=0.6663 mean_loss=0.6604 classification=0.0238, bbox_regression=0.0515, bbox_ctrness=0.5910
epoch 27/50 iter 1580/1860 loss=0.6527 mean_loss=0.6603 classification=0.0087, bbox_regression=0.0379, bbox_ctrness=0.6061
epoch 27/50 iter 1600/1860 loss=0.6573 mean_loss=0.6603 classification=0.0018, bbox_regression=0.0599, bbox_ctrness=0.5957
epoch 27/50 iter 1620/1860 loss=0.6536 mean_loss=0.6603 classification=0.0092, bbox_regression=0.0502, bbox_ctrness=0.5942
epoch 27/50 iter 1640/1860 loss=0.6441 mean_loss=0.6602 classification=0.0029, bbox_regression=0.0533, bbox_ctrness=0.5878
epoch 27/50 iter 1660/1860 loss=0.6628 mean_loss=0.6603 classification=0.0082, bbox_regression=0.0499, bbox_ctrness=0.6047
epoch 27/50 iter 1680/1860 loss=0.6531 mean_loss=0.6603 classification=0.0077, bbox_regression=0.0596, bbox_ctrness=0.5858
epoch 27/50 iter 1700/1860 loss=0.6639 mean_loss=0.6603 classification=0.0015, bbox_regression=0.0591, bbox_ctrness=0.6034
epoch 27/50 iter 1720/1860 loss=0.6584 mean_loss=0.6603 classification=0.0085, bbox_regression=0.0604, bbox_ctrness=0.5894
epoch 27/50 iter 1740/1860 loss=0.6531 mean_loss=0.6603 classification=0.0065, bbox_regression=0.0454, bbox_ctrness=0.6012
epoch 27/50 iter 1760/1860 loss=0.6477 mean_loss=0.6604 classification=0.0057, bbox_regression=0.0417, bbox_ctrness=0.6003
epoch 27/50 iter 1780/1860 loss=0.6739 mean_loss=0.6604 classification=0.0098, bbox_regression=0.0565, bbox_ctrness=0.6076
epoch 27/50 iter 1800/1860 loss=0.6492 mean_loss=0.6604 classification=0.0046, bbox_regression=0.0485, bbox_ctrness=0.5961
epoch 27/50 iter 1820/1860 loss=0.6481 mean_loss=0.6604 classification=0.0110, bbox_regression=0.0585, bbox_ctrness=0.5787
epoch 27/50 iter 1840/1860 loss=0.6313 mean_loss=0.6604 classification=0.0011, bbox_regression=0.0404, bbox_ctrness=0.5898
epoch 27/50 iter 1860/1860 loss=0.6376 mean_loss=0.6604 classification=0.0069, bbox_regression=0.0542, bbox_ctrness=0.5764
epoch 27 validation Precision=0.7023 Recall=0.9388 AP50=0.9167 AP75=0.8417 eval_fps=13.07 epoch_time_sec=1075.8
saved checkpoint: E:\RepViT-main\runs\v48_complete_ablation\training\ra_stems_project_seed2\weights\last.pt
epoch 28/50 iter 1/1860 loss=0.6472 mean_loss=0.6472 classification=0.0037, bbox_regression=0.0468, bbox_ctrness=0.5967
epoch 28/50 iter 20/1860 loss=0.6575 mean_loss=0.6591 classification=0.0111, bbox_regression=0.0500, bbox_ctrness=0.5964
epoch 28/50 iter 40/1860 loss=0.6339 mean_loss=0.6562 classification=0.0039, bbox_regression=0.0368, bbox_ctrness=0.5932
epoch 28/50 iter 60/1860 loss=0.6296 mean_loss=0.6572 classification=0.0010, bbox_regression=0.0370, bbox_ctrness=0.5916
epoch 28/50 iter 80/1860 loss=0.6376 mean_loss=0.6561 classification=0.0019, bbox_regression=0.0422, bbox_ctrness=0.5935
epoch 28/50 iter 100/1860 loss=0.6464 mean_loss=0.6557 classification=0.0026, bbox_regression=0.0495, bbox_ctrness=0.5942
epoch 28/50 iter 120/1860 loss=0.6530 mean_loss=0.6544 classification=0.0049, bbox_regression=0.0608, bbox_ctrness=0.5873
epoch 28/50 iter 140/1860 loss=0.6804 mean_loss=0.6547 classification=0.0499, bbox_regression=0.0449, bbox_ctrness=0.5855
epoch 28/50 iter 160/1860 loss=0.6579 mean_loss=0.6545 classification=0.0020, bbox_regression=0.0471, bbox_ctrness=0.6088
epoch 28/50 iter 180/1860 loss=0.6378 mean_loss=0.6539 classification=0.0006, bbox_regression=0.0412, bbox_ctrness=0.5961
epoch 28/50 iter 200/1860 loss=0.6409 mean_loss=0.6539 classification=0.0010, bbox_regression=0.0483, bbox_ctrness=0.5916
epoch 28/50 iter 220/1860 loss=0.6369 mean_loss=0.6542 classification=0.0041, bbox_regression=0.0356, bbox_ctrness=0.5972
epoch 28/50 iter 240/1860 loss=0.6668 mean_loss=0.6545 classification=0.0127, bbox_regression=0.0592, bbox_ctrness=0.5949
epoch 28/50 iter 260/1860 loss=0.6402 mean_loss=0.6545 classification=0.0098, bbox_regression=0.0420, bbox_ctrness=0.5884
epoch 28/50 iter 280/1860 loss=0.6709 mean_loss=0.6547 classification=0.0145, bbox_regression=0.0629, bbox_ctrness=0.5935
epoch 28/50 iter 300/1860 loss=0.6560 mean_loss=0.6550 classification=0.0152, bbox_regression=0.0512, bbox_ctrness=0.5896
epoch 28/50 iter 320/1860 loss=0.6929 mean_loss=0.6554 classification=0.0031, bbox_regression=0.0785, bbox_ctrness=0.6113
epoch 28/50 iter 340/1860 loss=0.6543 mean_loss=0.6557 classification=0.0190, bbox_regression=0.0509, bbox_ctrness=0.5844
epoch 28/50 iter 360/1860 loss=0.6743 mean_loss=0.6558 classification=0.0009, bbox_regression=0.0619, bbox_ctrness=0.6115
epoch 28/50 iter 380/1860 loss=0.6449 mean_loss=0.6556 classification=0.0024, bbox_regression=0.0421, bbox_ctrness=0.6004
epoch 28/50 iter 400/1860 loss=0.6349 mean_loss=0.6557 classification=0.0018, bbox_regression=0.0468, bbox_ctrness=0.5863
epoch 28/50 iter 420/1860 loss=0.6338 mean_loss=0.6557 classification=0.0109, bbox_regression=0.0407, bbox_ctrness=0.5822
epoch 28/50 iter 440/1860 loss=0.6683 mean_loss=0.6558 classification=0.0060, bbox_regression=0.0401, bbox_ctrness=0.6222
epoch 28/50 iter 460/1860 loss=0.6709 mean_loss=0.6558 classification=0.0067, bbox_regression=0.0652, bbox_ctrness=0.5990
epoch 28/50 iter 480/1860 loss=0.6823 mean_loss=0.6561 classification=0.0046, bbox_regression=0.0796, bbox_ctrness=0.5981
epoch 28/50 iter 500/1860 loss=0.6602 mean_loss=0.6560 classification=0.0048, bbox_regression=0.0578, bbox_ctrness=0.5976
epoch 28/50 iter 520/1860 loss=0.6484 mean_loss=0.6560 classification=0.0108, bbox_regression=0.0409, bbox_ctrness=0.5967
epoch 28/50 iter 540/1860 loss=0.6649 mean_loss=0.6563 classification=0.0018, bbox_regression=0.0713, bbox_ctrness=0.5918
epoch 28/50 iter 560/1860 loss=0.6731 mean_loss=0.6565 classification=0.0292, bbox_regression=0.0590, bbox_ctrness=0.5849
epoch 28/50 iter 580/1860 loss=0.6559 mean_loss=0.6568 classification=0.0062, bbox_regression=0.0471, bbox_ctrness=0.6025
epoch 28/50 iter 600/1860 loss=0.6519 mean_loss=0.6566 classification=0.0018, bbox_regression=0.0341, bbox_ctrness=0.6160
epoch 28/50 iter 620/1860 loss=0.6578 mean_loss=0.6566 classification=0.0034, bbox_regression=0.0494, bbox_ctrness=0.6050
epoch 28/50 iter 640/1860 loss=0.6897 mean_loss=0.6565 classification=0.0144, bbox_regression=0.0664, bbox_ctrness=0.6089
epoch 28/50 iter 660/1860 loss=0.6526 mean_loss=0.6567 classification=0.0013, bbox_regression=0.0365, bbox_ctrness=0.6148
epoch 28/50 iter 680/1860 loss=0.6711 mean_loss=0.6571 classification=0.0065, bbox_regression=0.0787, bbox_ctrness=0.5859
epoch 28/50 iter 700/1860 loss=0.6541 mean_loss=0.6571 classification=0.0066, bbox_regression=0.0482, bbox_ctrness=0.5993
epoch 28/50 iter 720/1860 loss=0.6752 mean_loss=0.6574 classification=0.0214, bbox_regression=0.0487, bbox_ctrness=0.6051
epoch 28/50 iter 740/1860 loss=0.6830 mean_loss=0.6574 classification=0.0188, bbox_regression=0.0615, bbox_ctrness=0.6027
epoch 28/50 iter 760/1860 loss=0.6539 mean_loss=0.6574 classification=0.0038, bbox_regression=0.0370, bbox_ctrness=0.6131
epoch 28/50 iter 780/1860 loss=0.6743 mean_loss=0.6576 classification=0.0190, bbox_regression=0.0667, bbox_ctrness=0.5886
epoch 28/50 iter 800/1860 loss=0.6618 mean_loss=0.6577 classification=0.0059, bbox_regression=0.0458, bbox_ctrness=0.6101
epoch 28/50 iter 820/1860 loss=0.6403 mean_loss=0.6576 classification=0.0027, bbox_regression=0.0418, bbox_ctrness=0.5958
epoch 28/50 iter 840/1860 loss=0.6333 mean_loss=0.6576 classification=0.0040, bbox_regression=0.0411, bbox_ctrness=0.5882
epoch 28/50 iter 860/1860 loss=0.6703 mean_loss=0.6575 classification=0.0004, bbox_regression=0.0441, bbox_ctrness=0.6258
epoch 28/50 iter 880/1860 loss=0.6447 mean_loss=0.6577 classification=0.0082, bbox_regression=0.0525, bbox_ctrness=0.5839
epoch 28/50 iter 900/1860 loss=0.6392 mean_loss=0.6578 classification=0.0041, bbox_regression=0.0343, bbox_ctrness=0.6008
epoch 28/50 iter 920/1860 loss=0.6568 mean_loss=0.6580 classification=0.0099, bbox_regression=0.0474, bbox_ctrness=0.5995
epoch 28/50 iter 940/1860 loss=0.6558 mean_loss=0.6579 classification=0.0146, bbox_regression=0.0481, bbox_ctrness=0.5930
epoch 28/50 iter 960/1860 loss=0.6499 mean_loss=0.6578 classification=0.0071, bbox_regression=0.0480, bbox_ctrness=0.5947
epoch 28/50 iter 980/1860 loss=0.6789 mean_loss=0.6578 classification=0.0200, bbox_regression=0.0649, bbox_ctrness=0.5940
epoch 28/50 iter 1000/1860 loss=0.6551 mean_loss=0.6578 classification=0.0035, bbox_regression=0.0519, bbox_ctrness=0.5997
epoch 28/50 iter 1020/1860 loss=0.6527 mean_loss=0.6577 classification=0.0031, bbox_regression=0.0524, bbox_ctrness=0.5972
epoch 28/50 iter 1040/1860 loss=0.6596 mean_loss=0.6577 classification=0.0057, bbox_regression=0.0570, bbox_ctrness=0.5969
epoch 28/50 iter 1060/1860 loss=0.6829 mean_loss=0.6577 classification=0.0202, bbox_regression=0.0480, bbox_ctrness=0.6147
epoch 28/50 iter 1080/1860 loss=0.6589 mean_loss=0.6577 classification=0.0042, bbox_regression=0.0483, bbox_ctrness=0.6064
epoch 28/50 iter 1100/1860 loss=0.6530 mean_loss=0.6578 classification=0.0102, bbox_regression=0.0449, bbox_ctrness=0.5979
epoch 28/50 iter 1120/1860 loss=0.6825 mean_loss=0.6577 classification=0.0262, bbox_regression=0.0537, bbox_ctrness=0.6026
epoch 28/50 iter 1140/1860 loss=0.6610 mean_loss=0.6577 classification=0.0004, bbox_regression=0.0474, bbox_ctrness=0.6133
epoch 28/50 iter 1160/1860 loss=0.6651 mean_loss=0.6577 classification=0.0196, bbox_regression=0.0469, bbox_ctrness=0.5986
epoch 28/50 iter 1180/1860 loss=0.6765 mean_loss=0.6576 classification=0.0149, bbox_regression=0.0576, bbox_ctrness=0.6040
epoch 28/50 iter 1200/1860 loss=0.7172 mean_loss=0.6575 classification=0.0777, bbox_regression=0.0514, bbox_ctrness=0.5881
epoch 28/50 iter 1220/1860 loss=0.6643 mean_loss=0.6575 classification=0.0030, bbox_regression=0.0629, bbox_ctrness=0.5984
epoch 28/50 iter 1240/1860 loss=0.6737 mean_loss=0.6576 classification=0.0049, bbox_regression=0.0421, bbox_ctrness=0.6267
epoch 28/50 iter 1260/1860 loss=0.6429 mean_loss=0.6576 classification=0.0017, bbox_regression=0.0468, bbox_ctrness=0.5944
epoch 28/50 iter 1280/1860 loss=0.6657 mean_loss=0.6577 classification=0.0282, bbox_regression=0.0454, bbox_ctrness=0.5921
epoch 28/50 iter 1300/1860 loss=0.6381 mean_loss=0.6577 classification=0.0008, bbox_regression=0.0609, bbox_ctrness=0.5764
epoch 28/50 iter 1320/1860 loss=0.6429 mean_loss=0.6577 classification=0.0066, bbox_regression=0.0509, bbox_ctrness=0.5853
epoch 28/50 iter 1340/1860 loss=0.6345 mean_loss=0.6577 classification=0.0048, bbox_regression=0.0391, bbox_ctrness=0.5906
epoch 28/50 iter 1360/1860 loss=0.6466 mean_loss=0.6576 classification=0.0019, bbox_regression=0.0620, bbox_ctrness=0.5827
epoch 28/50 iter 1380/1860 loss=0.6646 mean_loss=0.6576 classification=0.0038, bbox_regression=0.0529, bbox_ctrness=0.6078
epoch 28/50 iter 1400/1860 loss=0.6404 mean_loss=0.6575 classification=0.0042, bbox_regression=0.0449, bbox_ctrness=0.5912
epoch 28/50 iter 1420/1860 loss=0.6908 mean_loss=0.6576 classification=0.0252, bbox_regression=0.0648, bbox_ctrness=0.6008
epoch 28/50 iter 1440/1860 loss=0.6601 mean_loss=0.6580 classification=0.0110, bbox_regression=0.0500, bbox_ctrness=0.5991
epoch 28/50 iter 1460/1860 loss=0.7107 mean_loss=0.6581 classification=0.0220, bbox_regression=0.0886, bbox_ctrness=0.6000
epoch 28/50 iter 1480/1860 loss=0.6234 mean_loss=0.6581 classification=0.0011, bbox_regression=0.0406, bbox_ctrness=0.5818
epoch 28/50 iter 1500/1860 loss=0.6459 mean_loss=0.6581 classification=0.0016, bbox_regression=0.0527, bbox_ctrness=0.5916
epoch 28/50 iter 1520/1860 loss=0.6451 mean_loss=0.6582 classification=0.0027, bbox_regression=0.0614, bbox_ctrness=0.5811
epoch 28/50 iter 1540/1860 loss=0.6560 mean_loss=0.6582 classification=0.0047, bbox_regression=0.0590, bbox_ctrness=0.5922
epoch 28/50 iter 1560/1860 loss=0.6580 mean_loss=0.6581 classification=0.0007, bbox_regression=0.0534, bbox_ctrness=0.6039
epoch 28/50 iter 1580/1860 loss=0.6366 mean_loss=0.6582 classification=0.0063, bbox_regression=0.0502, bbox_ctrness=0.5802
epoch 28/50 iter 1600/1860 loss=0.6471 mean_loss=0.6584 classification=0.0033, bbox_regression=0.0554, bbox_ctrness=0.5883
epoch 28/50 iter 1620/1860 loss=0.7305 mean_loss=0.6585 classification=0.0863, bbox_regression=0.0633, bbox_ctrness=0.5808
epoch 28/50 iter 1640/1860 loss=0.6944 mean_loss=0.6589 classification=0.0195, bbox_regression=0.0635, bbox_ctrness=0.6113
epoch 28/50 iter 1660/1860 loss=0.6840 mean_loss=0.6592 classification=0.0331, bbox_regression=0.0513, bbox_ctrness=0.5996
epoch 28/50 iter 1680/1860 loss=0.6686 mean_loss=0.6593 classification=0.0043, bbox_regression=0.0528, bbox_ctrness=0.6115
epoch 28/50 iter 1700/1860 loss=0.7124 mean_loss=0.6593 classification=0.0550, bbox_regression=0.0671, bbox_ctrness=0.5903
epoch 28/50 iter 1720/1860 loss=0.6475 mean_loss=0.6595 classification=0.0104, bbox_regression=0.0439, bbox_ctrness=0.5932
epoch 28/50 iter 1740/1860 loss=0.6494 mean_loss=0.6595 classification=0.0094, bbox_regression=0.0485, bbox_ctrness=0.5916
epoch 28/50 iter 1760/1860 loss=0.7003 mean_loss=0.6596 classification=0.0349, bbox_regression=0.0498, bbox_ctrness=0.6156
epoch 28/50 iter 1780/1860 loss=0.6522 mean_loss=0.6597 classification=0.0153, bbox_regression=0.0442, bbox_ctrness=0.5927
epoch 28/50 iter 1800/1860 loss=0.6565 mean_loss=0.6597 classification=0.0022, bbox_regression=0.0504, bbox_ctrness=0.6039
epoch 28/50 iter 1820/1860 loss=0.6448 mean_loss=0.6596 classification=0.0029, bbox_regression=0.0507, bbox_ctrness=0.5912
epoch 28/50 iter 1840/1860 loss=0.6799 mean_loss=0.6597 classification=0.0048, bbox_regression=0.0497, bbox_ctrness=0.6254
epoch 28/50 iter 1860/1860 loss=0.6345 mean_loss=0.6598 classification=0.0025, bbox_regression=0.0407, bbox_ctrness=0.5913
epoch 28 validation Precision=0.7153 Recall=0.9334 AP50=0.9126 AP75=0.8365 eval_fps=20.27 epoch_time_sec=1003.9
saved checkpoint: E:\RepViT-main\runs\v48_complete_ablation\training\ra_stems_project_seed2\weights\last.pt
epoch 29/50 iter 1/1860 loss=0.6649 mean_loss=0.6649 classification=0.0058, bbox_regression=0.0477, bbox_ctrness=0.6114
epoch 29/50 iter 20/1860 loss=0.6383 mean_loss=0.6608 classification=0.0019, bbox_regression=0.0471, bbox_ctrness=0.5892
epoch 29/50 iter 40/1860 loss=0.6654 mean_loss=0.6568 classification=0.0031, bbox_regression=0.0468, bbox_ctrness=0.6155
epoch 29/50 iter 60/1860 loss=0.6423 mean_loss=0.6578 classification=0.0030, bbox_regression=0.0487, bbox_ctrness=0.5906
epoch 29/50 iter 80/1860 loss=0.6493 mean_loss=0.6576 classification=0.0068, bbox_regression=0.0563, bbox_ctrness=0.5862
epoch 29/50 iter 100/1860 loss=0.6567 mean_loss=0.6566 classification=0.0022, bbox_regression=0.0443, bbox_ctrness=0.6101
epoch 29/50 iter 120/1860 loss=0.6595 mean_loss=0.6575 classification=0.0056, bbox_regression=0.0546, bbox_ctrness=0.5993
epoch 29/50 iter 140/1860 loss=0.6424 mean_loss=0.6573 classification=0.0073, bbox_regression=0.0514, bbox_ctrness=0.5838
epoch 29/50 iter 160/1860 loss=0.6446 mean_loss=0.6567 classification=0.0081, bbox_regression=0.0397, bbox_ctrness=0.5968
epoch 29/50 iter 180/1860 loss=0.6636 mean_loss=0.6565 classification=0.0034, bbox_regression=0.0469, bbox_ctrness=0.6133
epoch 29/50 iter 200/1860 loss=0.7104 mean_loss=0.6569 classification=0.0422, bbox_regression=0.0666, bbox_ctrness=0.6016
epoch 29/50 iter 220/1860 loss=0.6658 mean_loss=0.6573 classification=0.0230, bbox_regression=0.0579, bbox_ctrness=0.5849
epoch 29/50 iter 240/1860 loss=0.6724 mean_loss=0.6578 classification=0.0172, bbox_regression=0.0598, bbox_ctrness=0.5954
epoch 29/50 iter 260/1860 loss=0.7156 mean_loss=0.6577 classification=0.0587, bbox_regression=0.0471, bbox_ctrness=0.6098
epoch 29/50 iter 280/1860 loss=0.6463 mean_loss=0.6573 classification=0.0064, bbox_regression=0.0506, bbox_ctrness=0.5893
epoch 29/50 iter 300/1860 loss=0.6759 mean_loss=0.6572 classification=0.0194, bbox_regression=0.0623, bbox_ctrness=0.5942
epoch 29/50 iter 320/1860 loss=0.6425 mean_loss=0.6569 classification=0.0006, bbox_regression=0.0377, bbox_ctrness=0.6042
epoch 29/50 iter 340/1860 loss=0.7815 mean_loss=0.6577 classification=0.1028, bbox_regression=0.0527, bbox_ctrness=0.6260
epoch 29/50 iter 360/1860 loss=0.6756 mean_loss=0.6582 classification=0.0052, bbox_regression=0.0652, bbox_ctrness=0.6053
epoch 29/50 iter 380/1860 loss=0.6298 mean_loss=0.6581 classification=0.0043, bbox_regression=0.0350, bbox_ctrness=0.5906
epoch 29/50 iter 400/1860 loss=0.6516 mean_loss=0.6579 classification=0.0114, bbox_regression=0.0486, bbox_ctrness=0.5917
epoch 29/50 iter 420/1860 loss=0.6461 mean_loss=0.6585 classification=0.0103, bbox_regression=0.0487, bbox_ctrness=0.5871
epoch 29/50 iter 440/1860 loss=0.6625 mean_loss=0.6582 classification=0.0104, bbox_regression=0.0458, bbox_ctrness=0.6063
epoch 29/50 iter 460/1860 loss=0.6487 mean_loss=0.6580 classification=0.0060, bbox_regression=0.0469, bbox_ctrness=0.5958
epoch 29/50 iter 480/1860 loss=0.6518 mean_loss=0.6577 classification=0.0010, bbox_regression=0.0449, bbox_ctrness=0.6059
epoch 29/50 iter 500/1860 loss=0.6524 mean_loss=0.6575 classification=0.0086, bbox_regression=0.0486, bbox_ctrness=0.5952
epoch 29/50 iter 520/1860 loss=0.6353 mean_loss=0.6577 classification=0.0038, bbox_regression=0.0400, bbox_ctrness=0.5915
epoch 29/50 iter 540/1860 loss=0.6576 mean_loss=0.6578 classification=0.0085, bbox_regression=0.0582, bbox_ctrness=0.5909
epoch 29/50 iter 560/1860 loss=0.6527 mean_loss=0.6578 classification=0.0017, bbox_regression=0.0416, bbox_ctrness=0.6095
epoch 29/50 iter 580/1860 loss=0.6592 mean_loss=0.6576 classification=0.0115, bbox_regression=0.0522, bbox_ctrness=0.5955
epoch 29/50 iter 600/1860 loss=0.6625 mean_loss=0.6577 classification=0.0250, bbox_regression=0.0357, bbox_ctrness=0.6018
epoch 29/50 iter 620/1860 loss=0.6168 mean_loss=0.6578 classification=0.0142, bbox_regression=0.0415, bbox_ctrness=0.5611
epoch 29/50 iter 640/1860 loss=0.6443 mean_loss=0.6578 classification=0.0024, bbox_regression=0.0486, bbox_ctrness=0.5933
epoch 29/50 iter 660/1860 loss=0.6652 mean_loss=0.6576 classification=0.0063, bbox_regression=0.0523, bbox_ctrness=0.6066
epoch 29/50 iter 680/1860 loss=0.6531 mean_loss=0.6575 classification=0.0197, bbox_regression=0.0422, bbox_ctrness=0.5912
epoch 29/50 iter 700/1860 loss=0.6671 mean_loss=0.6575 classification=0.0035, bbox_regression=0.0672, bbox_ctrness=0.5964
epoch 29/50 iter 720/1860 loss=0.6727 mean_loss=0.6577 classification=0.0073, bbox_regression=0.0679, bbox_ctrness=0.5974
epoch 29/50 iter 740/1860 loss=0.6597 mean_loss=0.6579 classification=0.0018, bbox_regression=0.0529, bbox_ctrness=0.6050
epoch 29/50 iter 760/1860 loss=0.6639 mean_loss=0.6579 classification=0.0046, bbox_regression=0.0611, bbox_ctrness=0.5982
epoch 29/50 iter 780/1860 loss=0.6454 mean_loss=0.6579 classification=0.0038, bbox_regression=0.0433, bbox_ctrness=0.5983
epoch 29/50 iter 800/1860 loss=0.6392 mean_loss=0.6579 classification=0.0036, bbox_regression=0.0456, bbox_ctrness=0.5900
epoch 29/50 iter 820/1860 loss=0.6479 mean_loss=0.6578 classification=0.0074, bbox_regression=0.0561, bbox_ctrness=0.5844
epoch 29/50 iter 840/1860 loss=0.6330 mean_loss=0.6576 classification=0.0017, bbox_regression=0.0452, bbox_ctrness=0.5860
epoch 29/50 iter 860/1860 loss=0.6501 mean_loss=0.6574 classification=0.0004, bbox_regression=0.0438, bbox_ctrness=0.6059
epoch 29/50 iter 880/1860 loss=0.6435 mean_loss=0.6573 classification=0.0097, bbox_regression=0.0576, bbox_ctrness=0.5762
epoch 29/50 iter 900/1860 loss=0.6493 mean_loss=0.6572 classification=0.0100, bbox_regression=0.0430, bbox_ctrness=0.5963
epoch 29/50 iter 920/1860 loss=0.6820 mean_loss=0.6570 classification=0.0322, bbox_regression=0.0484, bbox_ctrness=0.6015
epoch 29/50 iter 940/1860 loss=0.6933 mean_loss=0.6571 classification=0.0223, bbox_regression=0.0698, bbox_ctrness=0.6012
epoch 29/50 iter 960/1860 loss=0.6513 mean_loss=0.6571 classification=0.0034, bbox_regression=0.0461, bbox_ctrness=0.6018
epoch 29/50 iter 980/1860 loss=0.6280 mean_loss=0.6572 classification=0.0038, bbox_regression=0.0400, bbox_ctrness=0.5842
epoch 29/50 iter 1000/1860 loss=0.6534 mean_loss=0.6573 classification=0.0042, bbox_regression=0.0533, bbox_ctrness=0.5958
epoch 29/50 iter 1020/1860 loss=0.6560 mean_loss=0.6572 classification=0.0086, bbox_regression=0.0475, bbox_ctrness=0.5999
epoch 29/50 iter 1040/1860 loss=0.6452 mean_loss=0.6573 classification=0.0024, bbox_regression=0.0443, bbox_ctrness=0.5985
epoch 29/50 iter 1060/1860 loss=0.6558 mean_loss=0.6573 classification=0.0071, bbox_regression=0.0393, bbox_ctrness=0.6094
epoch 29/50 iter 1080/1860 loss=0.6532 mean_loss=0.6571 classification=0.0008, bbox_regression=0.0462, bbox_ctrness=0.6062
epoch 29/50 iter 1100/1860 loss=0.6524 mean_loss=0.6570 classification=0.0026, bbox_regression=0.0484, bbox_ctrness=0.6015
epoch 29/50 iter 1120/1860 loss=0.6556 mean_loss=0.6570 classification=0.0182, bbox_regression=0.0471, bbox_ctrness=0.5903
epoch 29/50 iter 1140/1860 loss=0.6475 mean_loss=0.6570 classification=0.0073, bbox_regression=0.0551, bbox_ctrness=0.5850
epoch 29/50 iter 1160/1860 loss=0.6527 mean_loss=0.6571 classification=0.0062, bbox_regression=0.0492, bbox_ctrness=0.5972
epoch 29/50 iter 1180/1860 loss=0.6649 mean_loss=0.6571 classification=0.0003, bbox_regression=0.0525, bbox_ctrness=0.6122
epoch 29/50 iter 1200/1860 loss=0.6442 mean_loss=0.6570 classification=0.0067, bbox_regression=0.0380, bbox_ctrness=0.5996
epoch 29/50 iter 1220/1860 loss=0.6954 mean_loss=0.6570 classification=0.0121, bbox_regression=0.0732, bbox_ctrness=0.6101
epoch 29/50 iter 1240/1860 loss=0.6618 mean_loss=0.6569 classification=0.0012, bbox_regression=0.0417, bbox_ctrness=0.6188
epoch 29/50 iter 1260/1860 loss=0.6489 mean_loss=0.6568 classification=0.0038, bbox_regression=0.0472, bbox_ctrness=0.5979
epoch 29/50 iter 1280/1860 loss=0.6377 mean_loss=0.6568 classification=0.0060, bbox_regression=0.0447, bbox_ctrness=0.5871
epoch 29/50 iter 1300/1860 loss=0.6328 mean_loss=0.6566 classification=0.0012, bbox_regression=0.0365, bbox_ctrness=0.5951
epoch 29/50 iter 1320/1860 loss=0.6282 mean_loss=0.6567 classification=0.0030, bbox_regression=0.0374, bbox_ctrness=0.5877
epoch 29/50 iter 1340/1860 loss=0.6714 mean_loss=0.6568 classification=0.0087, bbox_regression=0.0697, bbox_ctrness=0.5930
epoch 29/50 iter 1360/1860 loss=0.6500 mean_loss=0.6568 classification=0.0020, bbox_regression=0.0502, bbox_ctrness=0.5978
epoch 29/50 iter 1380/1860 loss=0.6414 mean_loss=0.6568 classification=0.0055, bbox_regression=0.0472, bbox_ctrness=0.5887
epoch 29/50 iter 1400/1860 loss=0.6353 mean_loss=0.6567 classification=0.0014, bbox_regression=0.0345, bbox_ctrness=0.5994
epoch 29/50 iter 1420/1860 loss=0.6657 mean_loss=0.6568 classification=0.0456, bbox_regression=0.0362, bbox_ctrness=0.5839
epoch 29/50 iter 1440/1860 loss=0.6511 mean_loss=0.6568 classification=0.0002, bbox_regression=0.0427, bbox_ctrness=0.6082
epoch 29/50 iter 1460/1860 loss=0.6533 mean_loss=0.6567 classification=0.0018, bbox_regression=0.0337, bbox_ctrness=0.6178
epoch 29/50 iter 1480/1860 loss=0.6530 mean_loss=0.6568 classification=0.0024, bbox_regression=0.0476, bbox_ctrness=0.6031
epoch 29/50 iter 1500/1860 loss=0.6717 mean_loss=0.6568 classification=0.0255, bbox_regression=0.0588, bbox_ctrness=0.5874
epoch 29/50 iter 1520/1860 loss=0.6447 mean_loss=0.6568 classification=0.0027, bbox_regression=0.0614, bbox_ctrness=0.5806
epoch 29/50 iter 1540/1860 loss=0.6884 mean_loss=0.6568 classification=0.0392, bbox_regression=0.0504, bbox_ctrness=0.5988
epoch 29/50 iter 1560/1860 loss=0.6710 mean_loss=0.6569 classification=0.0328, bbox_regression=0.0447, bbox_ctrness=0.5936
epoch 29/50 iter 1580/1860 loss=0.6562 mean_loss=0.6570 classification=0.0094, bbox_regression=0.0578, bbox_ctrness=0.5891
epoch 29/50 iter 1600/1860 loss=0.6895 mean_loss=0.6572 classification=0.0203, bbox_regression=0.0479, bbox_ctrness=0.6214
epoch 29/50 iter 1620/1860 loss=0.6782 mean_loss=0.6572 classification=0.0358, bbox_regression=0.0483, bbox_ctrness=0.5940
epoch 29/50 iter 1640/1860 loss=0.6639 mean_loss=0.6572 classification=0.0003, bbox_regression=0.0482, bbox_ctrness=0.6154
epoch 29/50 iter 1660/1860 loss=0.6603 mean_loss=0.6572 classification=0.0116, bbox_regression=0.0436, bbox_ctrness=0.6051
epoch 29/50 iter 1680/1860 loss=0.6415 mean_loss=0.6573 classification=0.0116, bbox_regression=0.0363, bbox_ctrness=0.5936
epoch 29/50 iter 1700/1860 loss=0.6508 mean_loss=0.6572 classification=0.0012, bbox_regression=0.0500, bbox_ctrness=0.5995
epoch 29/50 iter 1720/1860 loss=0.6504 mean_loss=0.6572 classification=0.0072, bbox_regression=0.0457, bbox_ctrness=0.5975
epoch 29/50 iter 1740/1860 loss=0.6701 mean_loss=0.6573 classification=0.0209, bbox_regression=0.0427, bbox_ctrness=0.6066
epoch 29/50 iter 1760/1860 loss=0.6550 mean_loss=0.6573 classification=0.0080, bbox_regression=0.0480, bbox_ctrness=0.5990
epoch 29/50 iter 1780/1860 loss=0.6559 mean_loss=0.6574 classification=0.0090, bbox_regression=0.0549, bbox_ctrness=0.5921
epoch 29/50 iter 1800/1860 loss=0.6647 mean_loss=0.6574 classification=0.0072, bbox_regression=0.0621, bbox_ctrness=0.5954
epoch 29/50 iter 1820/1860 loss=0.6569 mean_loss=0.6574 classification=0.0205, bbox_regression=0.0445, bbox_ctrness=0.5920
epoch 29/50 iter 1840/1860 loss=0.6659 mean_loss=0.6575 classification=0.0044, bbox_regression=0.0452, bbox_ctrness=0.6164
epoch 29/50 iter 1860/1860 loss=0.6768 mean_loss=0.6573 classification=0.0016, bbox_regression=0.0517, bbox_ctrness=0.6235
epoch 29 validation Precision=0.6816 Recall=0.9441 AP50=0.9209 AP75=0.8508 eval_fps=20.10 epoch_time_sec=926.0
saved checkpoint: E:\RepViT-main\runs\v48_complete_ablation\training\ra_stems_project_seed2\weights\last.pt
epoch 30/50 iter 1/1860 loss=0.6531 mean_loss=0.6531 classification=0.0018, bbox_regression=0.0602, bbox_ctrness=0.5911
epoch 30/50 iter 20/1860 loss=0.6335 mean_loss=0.6528 classification=0.0046, bbox_regression=0.0446, bbox_ctrness=0.5843
epoch 30/50 iter 40/1860 loss=0.6457 mean_loss=0.6524 classification=0.0084, bbox_regression=0.0319, bbox_ctrness=0.6054
epoch 30/50 iter 60/1860 loss=0.6690 mean_loss=0.6529 classification=0.0069, bbox_regression=0.0523, bbox_ctrness=0.6098
epoch 30/50 iter 80/1860 loss=0.6394 mean_loss=0.6536 classification=0.0100, bbox_regression=0.0392, bbox_ctrness=0.5902
epoch 30/50 iter 100/1860 loss=0.6337 mean_loss=0.6536 classification=0.0031, bbox_regression=0.0456, bbox_ctrness=0.5850
epoch 30/50 iter 120/1860 loss=0.6546 mean_loss=0.6539 classification=0.0089, bbox_regression=0.0481, bbox_ctrness=0.5975
epoch 30/50 iter 140/1860 loss=0.6451 mean_loss=0.6536 classification=0.0016, bbox_regression=0.0391, bbox_ctrness=0.6044
epoch 30/50 iter 160/1860 loss=0.6382 mean_loss=0.6541 classification=0.0012, bbox_regression=0.0390, bbox_ctrness=0.5980
epoch 30/50 iter 180/1860 loss=0.6443 mean_loss=0.6546 classification=0.0024, bbox_regression=0.0412, bbox_ctrness=0.6007
epoch 30/50 iter 200/1860 loss=0.6235 mean_loss=0.6540 classification=0.0023, bbox_regression=0.0446, bbox_ctrness=0.5766
epoch 30/50 iter 220/1860 loss=0.6506 mean_loss=0.6538 classification=0.0048, bbox_regression=0.0534, bbox_ctrness=0.5924
epoch 30/50 iter 240/1860 loss=0.6298 mean_loss=0.6539 classification=0.0049, bbox_regression=0.0418, bbox_ctrness=0.5831
epoch 30/50 iter 260/1860 loss=0.6440 mean_loss=0.6537 classification=0.0054, bbox_regression=0.0425, bbox_ctrness=0.5960
epoch 30/50 iter 280/1860 loss=0.6420 mean_loss=0.6536 classification=0.0024, bbox_regression=0.0468, bbox_ctrness=0.5929
epoch 30/50 iter 300/1860 loss=0.6624 mean_loss=0.6537 classification=0.0200, bbox_regression=0.0498, bbox_ctrness=0.5926
epoch 30/50 iter 320/1860 loss=0.6434 mean_loss=0.6531 classification=0.0061, bbox_regression=0.0395, bbox_ctrness=0.5978
epoch 30/50 iter 340/1860 loss=0.6439 mean_loss=0.6534 classification=0.0084, bbox_regression=0.0469, bbox_ctrness=0.5886
epoch 30/50 iter 360/1860 loss=0.6488 mean_loss=0.6537 classification=0.0015, bbox_regression=0.0441, bbox_ctrness=0.6031
epoch 30/50 iter 380/1860 loss=0.6375 mean_loss=0.6536 classification=0.0188, bbox_regression=0.0417, bbox_ctrness=0.5771
epoch 30/50 iter 400/1860 loss=0.6799 mean_loss=0.6540 classification=0.0301, bbox_regression=0.0427, bbox_ctrness=0.6071
epoch 30/50 iter 420/1860 loss=0.6456 mean_loss=0.6542 classification=0.0068, bbox_regression=0.0504, bbox_ctrness=0.5884
epoch 30/50 iter 440/1860 loss=0.6498 mean_loss=0.6541 classification=0.0098, bbox_regression=0.0422, bbox_ctrness=0.5978
epoch 30/50 iter 460/1860 loss=0.6539 mean_loss=0.6543 classification=0.0030, bbox_regression=0.0499, bbox_ctrness=0.6009
epoch 30/50 iter 480/1860 loss=0.6974 mean_loss=0.6544 classification=0.0207, bbox_regression=0.0719, bbox_ctrness=0.6048
epoch 30/50 iter 500/1860 loss=0.6385 mean_loss=0.6545 classification=0.0045, bbox_regression=0.0484, bbox_ctrness=0.5857
epoch 30/50 iter 520/1860 loss=0.6433 mean_loss=0.6544 classification=0.0098, bbox_regression=0.0488, bbox_ctrness=0.5847
epoch 30/50 iter 540/1860 loss=0.6503 mean_loss=0.6546 classification=0.0044, bbox_regression=0.0522, bbox_ctrness=0.5937
epoch 30/50 iter 560/1860 loss=0.6279 mean_loss=0.6548 classification=0.0048, bbox_regression=0.0413, bbox_ctrness=0.5817
epoch 30/50 iter 580/1860 loss=0.6493 mean_loss=0.6547 classification=0.0005, bbox_regression=0.0385, bbox_ctrness=0.6104
epoch 30/50 iter 600/1860 loss=0.6559 mean_loss=0.6547 classification=0.0033, bbox_regression=0.0495, bbox_ctrness=0.6031
epoch 30/50 iter 620/1860 loss=0.6570 mean_loss=0.6544 classification=0.0076, bbox_regression=0.0557, bbox_ctrness=0.5937
epoch 30/50 iter 640/1860 loss=0.6394 mean_loss=0.6545 classification=0.0010, bbox_regression=0.0454, bbox_ctrness=0.5929
epoch 30/50 iter 660/1860 loss=0.6635 mean_loss=0.6544 classification=0.0109, bbox_regression=0.0612, bbox_ctrness=0.5913
epoch 30/50 iter 680/1860 loss=0.6544 mean_loss=0.6544 classification=0.0108, bbox_regression=0.0530, bbox_ctrness=0.5906
epoch 30/50 iter 700/1860 loss=0.6350 mean_loss=0.6544 classification=0.0149, bbox_regression=0.0353, bbox_ctrness=0.5849
epoch 30/50 iter 720/1860 loss=0.6599 mean_loss=0.6544 classification=0.0089, bbox_regression=0.0516, bbox_ctrness=0.5994
epoch 30/50 iter 740/1860 loss=0.6334 mean_loss=0.6545 classification=0.0026, bbox_regression=0.0376, bbox_ctrness=0.5933
epoch 30/50 iter 760/1860 loss=0.6728 mean_loss=0.6546 classification=0.0020, bbox_regression=0.0598, bbox_ctrness=0.6111
epoch 30/50 iter 780/1860 loss=0.6369 mean_loss=0.6546 classification=0.0012, bbox_regression=0.0417, bbox_ctrness=0.5941
epoch 30/50 iter 800/1860 loss=0.6319 mean_loss=0.6544 classification=0.0043, bbox_regression=0.0454, bbox_ctrness=0.5822
epoch 30/50 iter 820/1860 loss=0.6575 mean_loss=0.6545 classification=0.0212, bbox_regression=0.0502, bbox_ctrness=0.5862
epoch 30/50 iter 840/1860 loss=0.7062 mean_loss=0.6546 classification=0.0691, bbox_regression=0.0620, bbox_ctrness=0.5752
epoch 30/50 iter 860/1860 loss=0.6545 mean_loss=0.6547 classification=0.0006, bbox_regression=0.0493, bbox_ctrness=0.6046
epoch 30/50 iter 880/1860 loss=0.6610 mean_loss=0.6548 classification=0.0006, bbox_regression=0.0497, bbox_ctrness=0.6108
epoch 30/50 iter 900/1860 loss=0.6359 mean_loss=0.6546 classification=0.0015, bbox_regression=0.0437, bbox_ctrness=0.5906
epoch 30/50 iter 920/1860 loss=0.6672 mean_loss=0.6544 classification=0.0067, bbox_regression=0.0533, bbox_ctrness=0.6073
epoch 30/50 iter 940/1860 loss=0.6289 mean_loss=0.6543 classification=0.0025, bbox_regression=0.0360, bbox_ctrness=0.5903
epoch 30/50 iter 960/1860 loss=0.6411 mean_loss=0.6542 classification=0.0014, bbox_regression=0.0432, bbox_ctrness=0.5966
epoch 30/50 iter 980/1860 loss=0.6612 mean_loss=0.6542 classification=0.0135, bbox_regression=0.0501, bbox_ctrness=0.5976
epoch 30/50 iter 1000/1860 loss=0.6413 mean_loss=0.6542 classification=0.0003, bbox_regression=0.0401, bbox_ctrness=0.6009
epoch 30/50 iter 1020/1860 loss=0.6645 mean_loss=0.6542 classification=0.0087, bbox_regression=0.0706, bbox_ctrness=0.5852
epoch 30/50 iter 1040/1860 loss=0.6670 mean_loss=0.6541 classification=0.0131, bbox_regression=0.0470, bbox_ctrness=0.6068
epoch 30/50 iter 1060/1860 loss=0.7184 mean_loss=0.6542 classification=0.0333, bbox_regression=0.0856, bbox_ctrness=0.5995
epoch 30/50 iter 1080/1860 loss=0.6631 mean_loss=0.6544 classification=0.0103, bbox_regression=0.0522, bbox_ctrness=0.6006
epoch 30/50 iter 1100/1860 loss=0.6390 mean_loss=0.6544 classification=0.0018, bbox_regression=0.0523, bbox_ctrness=0.5848
epoch 30/50 iter 1120/1860 loss=0.6568 mean_loss=0.6544 classification=0.0033, bbox_regression=0.0545, bbox_ctrness=0.5990
epoch 30/50 iter 1140/1860 loss=0.6357 mean_loss=0.6543 classification=0.0046, bbox_regression=0.0380, bbox_ctrness=0.5932
epoch 30/50 iter 1160/1860 loss=0.6605 mean_loss=0.6542 classification=0.0017, bbox_regression=0.0549, bbox_ctrness=0.6040
epoch 30/50 iter 1180/1860 loss=0.6277 mean_loss=0.6541 classification=0.0025, bbox_regression=0.0372, bbox_ctrness=0.5880
epoch 30/50 iter 1200/1860 loss=0.6471 mean_loss=0.6540 classification=0.0011, bbox_regression=0.0554, bbox_ctrness=0.5905
epoch 30/50 iter 1220/1860 loss=0.6688 mean_loss=0.6540 classification=0.0314, bbox_regression=0.0475, bbox_ctrness=0.5899
epoch 30/50 iter 1240/1860 loss=0.6574 mean_loss=0.6540 classification=0.0018, bbox_regression=0.0464, bbox_ctrness=0.6092
epoch 30/50 iter 1260/1860 loss=0.6657 mean_loss=0.6540 classification=0.0192, bbox_regression=0.0476, bbox_ctrness=0.5989
epoch 30/50 iter 1280/1860 loss=0.6371 mean_loss=0.6540 classification=0.0003, bbox_regression=0.0447, bbox_ctrness=0.5921
epoch 30/50 iter 1300/1860 loss=0.6676 mean_loss=0.6541 classification=0.0119, bbox_regression=0.0527, bbox_ctrness=0.6030
epoch 30/50 iter 1320/1860 loss=0.6655 mean_loss=0.6541 classification=0.0258, bbox_regression=0.0485, bbox_ctrness=0.5912
epoch 30/50 iter 1340/1860 loss=0.6432 mean_loss=0.6542 classification=0.0068, bbox_regression=0.0436, bbox_ctrness=0.5928
epoch 30/50 iter 1360/1860 loss=0.6698 mean_loss=0.6544 classification=0.0048, bbox_regression=0.0633, bbox_ctrness=0.6017
epoch 30/50 iter 1380/1860 loss=0.6564 mean_loss=0.6547 classification=0.0059, bbox_regression=0.0522, bbox_ctrness=0.5983
epoch 30/50 iter 1400/1860 loss=0.6661 mean_loss=0.6548 classification=0.0091, bbox_regression=0.0461, bbox_ctrness=0.6109
epoch 30/50 iter 1420/1860 loss=0.6549 mean_loss=0.6547 classification=0.0057, bbox_regression=0.0559, bbox_ctrness=0.5933
epoch 30/50 iter 1440/1860 loss=0.6480 mean_loss=0.6548 classification=0.0097, bbox_regression=0.0443, bbox_ctrness=0.5941
epoch 30/50 iter 1460/1860 loss=0.6640 mean_loss=0.6549 classification=0.0025, bbox_regression=0.0622, bbox_ctrness=0.5994
epoch 30/50 iter 1480/1860 loss=0.6687 mean_loss=0.6550 classification=0.0122, bbox_regression=0.0582, bbox_ctrness=0.5984
epoch 30/50 iter 1500/1860 loss=0.6632 mean_loss=0.6550 classification=0.0026, bbox_regression=0.0463, bbox_ctrness=0.6143
epoch 30/50 iter 1520/1860 loss=0.6397 mean_loss=0.6549 classification=0.0020, bbox_regression=0.0331, bbox_ctrness=0.6046
epoch 30/50 iter 1540/1860 loss=0.6484 mean_loss=0.6549 classification=0.0050, bbox_regression=0.0550, bbox_ctrness=0.5883
epoch 30/50 iter 1560/1860 loss=0.6894 mean_loss=0.6549 classification=0.0201, bbox_regression=0.0739, bbox_ctrness=0.5954
epoch 30/50 iter 1580/1860 loss=0.6718 mean_loss=0.6549 classification=0.0258, bbox_regression=0.0530, bbox_ctrness=0.5930
epoch 30/50 iter 1600/1860 loss=0.6506 mean_loss=0.6549 classification=0.0036, bbox_regression=0.0487, bbox_ctrness=0.5983
epoch 30/50 iter 1620/1860 loss=0.6731 mean_loss=0.6551 classification=0.0079, bbox_regression=0.0563, bbox_ctrness=0.6088
epoch 30/50 iter 1640/1860 loss=0.6511 mean_loss=0.6552 classification=0.0036, bbox_regression=0.0392, bbox_ctrness=0.6083
epoch 30/50 iter 1660/1860 loss=0.6413 mean_loss=0.6552 classification=0.0027, bbox_regression=0.0363, bbox_ctrness=0.6023
epoch 30/50 iter 1680/1860 loss=0.6686 mean_loss=0.6553 classification=0.0111, bbox_regression=0.0697, bbox_ctrness=0.5877
epoch 30/50 iter 1700/1860 loss=0.6577 mean_loss=0.6552 classification=0.0023, bbox_regression=0.0546, bbox_ctrness=0.6008
epoch 30/50 iter 1720/1860 loss=0.6518 mean_loss=0.6552 classification=0.0105, bbox_regression=0.0565, bbox_ctrness=0.5847
epoch 30/50 iter 1740/1860 loss=0.6481 mean_loss=0.6552 classification=0.0091, bbox_regression=0.0577, bbox_ctrness=0.5813
epoch 30/50 iter 1760/1860 loss=0.6445 mean_loss=0.6552 classification=0.0015, bbox_regression=0.0473, bbox_ctrness=0.5958
epoch 30/50 iter 1780/1860 loss=0.6374 mean_loss=0.6552 classification=0.0073, bbox_regression=0.0449, bbox_ctrness=0.5852
epoch 30/50 iter 1800/1860 loss=0.6711 mean_loss=0.6553 classification=0.0178, bbox_regression=0.0550, bbox_ctrness=0.5984
epoch 30/50 iter 1820/1860 loss=0.6542 mean_loss=0.6553 classification=0.0047, bbox_regression=0.0514, bbox_ctrness=0.5981
epoch 30/50 iter 1840/1860 loss=0.6419 mean_loss=0.6554 classification=0.0007, bbox_regression=0.0383, bbox_ctrness=0.6028
epoch 30/50 iter 1860/1860 loss=0.6732 mean_loss=0.6555 classification=0.0124, bbox_regression=0.0492, bbox_ctrness=0.6116
epoch 30 validation Precision=0.7821 Recall=0.9269 AP50=0.9098 AP75=0.8473 eval_fps=20.55 epoch_time_sec=924.5
saved checkpoint: E:\RepViT-main\runs\v48_complete_ablation\training\ra_stems_project_seed2\weights\last.pt
epoch 31/50 iter 1/1860 loss=0.6633 mean_loss=0.6633 classification=0.0093, bbox_regression=0.0581, bbox_ctrness=0.5959
epoch 31/50 iter 20/1860 loss=0.6765 mean_loss=0.6564 classification=0.0102, bbox_regression=0.0646, bbox_ctrness=0.6017
epoch 31/50 iter 40/1860 loss=0.6506 mean_loss=0.6659 classification=0.0080, bbox_regression=0.0477, bbox_ctrness=0.5949
epoch 31/50 iter 60/1860 loss=0.6407 mean_loss=0.6618 classification=0.0012, bbox_regression=0.0299, bbox_ctrness=0.6097
epoch 31/50 iter 80/1860 loss=0.6482 mean_loss=0.6603 classification=0.0061, bbox_regression=0.0563, bbox_ctrness=0.5859
epoch 31/50 iter 100/1860 loss=0.6668 mean_loss=0.6593 classification=0.0031, bbox_regression=0.0608, bbox_ctrness=0.6029
epoch 31/50 iter 120/1860 loss=0.6425 mean_loss=0.6585 classification=0.0013, bbox_regression=0.0453, bbox_ctrness=0.5959
epoch 31/50 iter 140/1860 loss=0.6343 mean_loss=0.6580 classification=0.0005, bbox_regression=0.0429, bbox_ctrness=0.5908
epoch 31/50 iter 160/1860 loss=0.6747 mean_loss=0.6578 classification=0.0022, bbox_regression=0.0702, bbox_ctrness=0.6024
epoch 31/50 iter 180/1860 loss=0.6686 mean_loss=0.6574 classification=0.0016, bbox_regression=0.0518, bbox_ctrness=0.6153
epoch 31/50 iter 200/1860 loss=0.6450 mean_loss=0.6574 classification=0.0022, bbox_regression=0.0400, bbox_ctrness=0.6028
epoch 31/50 iter 220/1860 loss=0.6717 mean_loss=0.6573 classification=0.0025, bbox_regression=0.0561, bbox_ctrness=0.6131
epoch 31/50 iter 240/1860 loss=0.6436 mean_loss=0.6572 classification=0.0018, bbox_regression=0.0477, bbox_ctrness=0.5942
epoch 31/50 iter 260/1860 loss=0.6680 mean_loss=0.6571 classification=0.0044, bbox_regression=0.0541, bbox_ctrness=0.6096
epoch 31/50 iter 280/1860 loss=0.6728 mean_loss=0.6566 classification=0.0026, bbox_regression=0.0513, bbox_ctrness=0.6190
epoch 31/50 iter 300/1860 loss=0.5984 mean_loss=0.6562 classification=0.0008, bbox_regression=0.0307, bbox_ctrness=0.5668
epoch 31/50 iter 320/1860 loss=0.6518 mean_loss=0.6556 classification=0.0028, bbox_regression=0.0318, bbox_ctrness=0.6173
epoch 31/50 iter 340/1860 loss=0.6477 mean_loss=0.6556 classification=0.0006, bbox_regression=0.0465, bbox_ctrness=0.6006
epoch 31/50 iter 360/1860 loss=0.6233 mean_loss=0.6554 classification=0.0017, bbox_regression=0.0341, bbox_ctrness=0.5875
epoch 31/50 iter 380/1860 loss=0.6616 mean_loss=0.6553 classification=0.0048, bbox_regression=0.0653, bbox_ctrness=0.5914
epoch 31/50 iter 400/1860 loss=0.6556 mean_loss=0.6551 classification=0.0027, bbox_regression=0.0547, bbox_ctrness=0.5982
epoch 31/50 iter 420/1860 loss=0.6454 mean_loss=0.6548 classification=0.0009, bbox_regression=0.0431, bbox_ctrness=0.6014
epoch 31/50 iter 440/1860 loss=0.6670 mean_loss=0.6546 classification=0.0072, bbox_regression=0.0579, bbox_ctrness=0.6019
epoch 31/50 iter 460/1860 loss=0.6660 mean_loss=0.6547 classification=0.0076, bbox_regression=0.0421, bbox_ctrness=0.6162
epoch 31/50 iter 480/1860 loss=0.6332 mean_loss=0.6543 classification=0.0032, bbox_regression=0.0407, bbox_ctrness=0.5893
epoch 31/50 iter 500/1860 loss=0.6520 mean_loss=0.6544 classification=0.0008, bbox_regression=0.0459, bbox_ctrness=0.6054
epoch 31/50 iter 520/1860 loss=0.6597 mean_loss=0.6544 classification=0.0077, bbox_regression=0.0466, bbox_ctrness=0.6054
epoch 31/50 iter 540/1860 loss=0.6398 mean_loss=0.6545 classification=0.0028, bbox_regression=0.0435, bbox_ctrness=0.5935
epoch 31/50 iter 560/1860 loss=0.7184 mean_loss=0.6545 classification=0.0446, bbox_regression=0.0581, bbox_ctrness=0.6157
epoch 31/50 iter 580/1860 loss=0.6429 mean_loss=0.6544 classification=0.0070, bbox_regression=0.0462, bbox_ctrness=0.5896
epoch 31/50 iter 600/1860 loss=0.6513 mean_loss=0.6542 classification=0.0033, bbox_regression=0.0542, bbox_ctrness=0.5938
epoch 31/50 iter 620/1860 loss=0.6522 mean_loss=0.6541 classification=0.0058, bbox_regression=0.0492, bbox_ctrness=0.5972
epoch 31/50 iter 640/1860 loss=0.6564 mean_loss=0.6542 classification=0.0003, bbox_regression=0.0532, bbox_ctrness=0.6028
epoch 31/50 iter 660/1860 loss=0.6526 mean_loss=0.6542 classification=0.0185, bbox_regression=0.0401, bbox_ctrness=0.5939
epoch 31/50 iter 680/1860 loss=0.6333 mean_loss=0.6542 classification=0.0067, bbox_regression=0.0394, bbox_ctrness=0.5872
epoch 31/50 iter 700/1860 loss=0.6637 mean_loss=0.6542 classification=0.0197, bbox_regression=0.0531, bbox_ctrness=0.5910
epoch 31/50 iter 720/1860 loss=0.6377 mean_loss=0.6541 classification=0.0020, bbox_regression=0.0493, bbox_ctrness=0.5863
epoch 31/50 iter 740/1860 loss=0.6519 mean_loss=0.6540 classification=0.0004, bbox_regression=0.0445, bbox_ctrness=0.6070
epoch 31/50 iter 760/1860 loss=0.6325 mean_loss=0.6539 classification=0.0015, bbox_regression=0.0300, bbox_ctrness=0.6010
epoch 31/50 iter 780/1860 loss=0.6683 mean_loss=0.6542 classification=0.0073, bbox_regression=0.0480, bbox_ctrness=0.6130
epoch 31/50 iter 800/1860 loss=0.6424 mean_loss=0.6542 classification=0.0026, bbox_regression=0.0361, bbox_ctrness=0.6036
epoch 31/50 iter 820/1860 loss=0.7090 mean_loss=0.6544 classification=0.0564, bbox_regression=0.0452, bbox_ctrness=0.6074
epoch 31/50 iter 840/1860 loss=0.6372 mean_loss=0.6546 classification=0.0029, bbox_regression=0.0468, bbox_ctrness=0.5875
epoch 31/50 iter 860/1860 loss=0.6528 mean_loss=0.6546 classification=0.0035, bbox_regression=0.0491, bbox_ctrness=0.6001
epoch 31/50 iter 880/1860 loss=0.6537 mean_loss=0.6548 classification=0.0039, bbox_regression=0.0415, bbox_ctrness=0.6083
epoch 31/50 iter 900/1860 loss=0.6428 mean_loss=0.6550 classification=0.0046, bbox_regression=0.0498, bbox_ctrness=0.5884
epoch 31/50 iter 920/1860 loss=0.6763 mean_loss=0.6551 classification=0.0313, bbox_regression=0.0403, bbox_ctrness=0.6048
epoch 31/50 iter 940/1860 loss=0.6450 mean_loss=0.6552 classification=0.0005, bbox_regression=0.0403, bbox_ctrness=0.6042
epoch 31/50 iter 960/1860 loss=0.6665 mean_loss=0.6552 classification=0.0134, bbox_regression=0.0446, bbox_ctrness=0.6086
epoch 31/50 iter 980/1860 loss=0.6468 mean_loss=0.6552 classification=0.0021, bbox_regression=0.0406, bbox_ctrness=0.6041
epoch 31/50 iter 1000/1860 loss=0.6492 mean_loss=0.6551 classification=0.0108, bbox_regression=0.0346, bbox_ctrness=0.6037
epoch 31/50 iter 1020/1860 loss=0.6748 mean_loss=0.6551 classification=0.0093, bbox_regression=0.0465, bbox_ctrness=0.6191
epoch 31/50 iter 1040/1860 loss=0.6582 mean_loss=0.6552 classification=0.0014, bbox_regression=0.0469, bbox_ctrness=0.6099
epoch 31/50 iter 1060/1860 loss=0.6297 mean_loss=0.6551 classification=0.0072, bbox_regression=0.0360, bbox_ctrness=0.5865
epoch 31/50 iter 1080/1860 loss=0.6493 mean_loss=0.6550 classification=0.0094, bbox_regression=0.0475, bbox_ctrness=0.5924
epoch 31/50 iter 1100/1860 loss=0.6852 mean_loss=0.6550 classification=0.0300, bbox_regression=0.0564, bbox_ctrness=0.5987
epoch 31/50 iter 1120/1860 loss=0.6436 mean_loss=0.6549 classification=0.0188, bbox_regression=0.0497, bbox_ctrness=0.5751
epoch 31/50 iter 1140/1860 loss=0.6922 mean_loss=0.6549 classification=0.0146, bbox_regression=0.0736, bbox_ctrness=0.6040
epoch 31/50 iter 1160/1860 loss=0.6405 mean_loss=0.6549 classification=0.0032, bbox_regression=0.0505, bbox_ctrness=0.5869
epoch 31/50 iter 1180/1860 loss=0.6539 mean_loss=0.6550 classification=0.0057, bbox_regression=0.0478, bbox_ctrness=0.6005
epoch 31/50 iter 1200/1860 loss=0.6572 mean_loss=0.6550 classification=0.0050, bbox_regression=0.0513, bbox_ctrness=0.6010
epoch 31/50 iter 1220/1860 loss=0.6391 mean_loss=0.6550 classification=0.0008, bbox_regression=0.0423, bbox_ctrness=0.5960
epoch 31/50 iter 1240/1860 loss=0.6568 mean_loss=0.6550 classification=0.0011, bbox_regression=0.0492, bbox_ctrness=0.6065
epoch 31/50 iter 1260/1860 loss=0.6719 mean_loss=0.6550 classification=0.0169, bbox_regression=0.0469, bbox_ctrness=0.6081
epoch 31/50 iter 1280/1860 loss=0.6765 mean_loss=0.6550 classification=0.0065, bbox_regression=0.0528, bbox_ctrness=0.6172
epoch 31/50 iter 1300/1860 loss=0.6574 mean_loss=0.6552 classification=0.0015, bbox_regression=0.0602, bbox_ctrness=0.5957
epoch 31/50 iter 1320/1860 loss=0.6475 mean_loss=0.6551 classification=0.0078, bbox_regression=0.0453, bbox_ctrness=0.5943
epoch 31/50 iter 1340/1860 loss=0.6529 mean_loss=0.6552 classification=0.0022, bbox_regression=0.0387, bbox_ctrness=0.6121
epoch 31/50 iter 1360/1860 loss=0.6278 mean_loss=0.6550 classification=0.0016, bbox_regression=0.0418, bbox_ctrness=0.5845
epoch 31/50 iter 1380/1860 loss=0.6472 mean_loss=0.6550 classification=0.0015, bbox_regression=0.0432, bbox_ctrness=0.6025
epoch 31/50 iter 1400/1860 loss=0.6572 mean_loss=0.6551 classification=0.0109, bbox_regression=0.0345, bbox_ctrness=0.6118
epoch 31/50 iter 1420/1860 loss=0.6701 mean_loss=0.6550 classification=0.0002, bbox_regression=0.0595, bbox_ctrness=0.6103
epoch 31/50 iter 1440/1860 loss=0.6739 mean_loss=0.6551 classification=0.0026, bbox_regression=0.0699, bbox_ctrness=0.6015
epoch 31/50 iter 1460/1860 loss=0.6568 mean_loss=0.6553 classification=0.0100, bbox_regression=0.0492, bbox_ctrness=0.5977
epoch 31/50 iter 1480/1860 loss=0.6719 mean_loss=0.6555 classification=0.0052, bbox_regression=0.0649, bbox_ctrness=0.6018
epoch 31/50 iter 1500/1860 loss=0.6526 mean_loss=0.6556 classification=0.0042, bbox_regression=0.0496, bbox_ctrness=0.5989
epoch 31/50 iter 1520/1860 loss=0.6509 mean_loss=0.6556 classification=0.0047, bbox_regression=0.0437, bbox_ctrness=0.6025
epoch 31/50 iter 1540/1860 loss=0.6854 mean_loss=0.6557 classification=0.0344, bbox_regression=0.0595, bbox_ctrness=0.5915
epoch 31/50 iter 1560/1860 loss=0.6645 mean_loss=0.6558 classification=0.0045, bbox_regression=0.0473, bbox_ctrness=0.6126
epoch 31/50 iter 1580/1860 loss=0.6499 mean_loss=0.6557 classification=0.0046, bbox_regression=0.0458, bbox_ctrness=0.5995
epoch 31/50 iter 1600/1860 loss=0.6754 mean_loss=0.6558 classification=0.0002, bbox_regression=0.0517, bbox_ctrness=0.6236
epoch 31/50 iter 1620/1860 loss=0.6657 mean_loss=0.6558 classification=0.0148, bbox_regression=0.0539, bbox_ctrness=0.5970
epoch 31/50 iter 1640/1860 loss=0.6537 mean_loss=0.6558 classification=0.0051, bbox_regression=0.0574, bbox_ctrness=0.5912
epoch 31/50 iter 1660/1860 loss=0.6336 mean_loss=0.6558 classification=0.0007, bbox_regression=0.0301, bbox_ctrness=0.6029
epoch 31/50 iter 1680/1860 loss=0.6539 mean_loss=0.6558 classification=0.0038, bbox_regression=0.0514, bbox_ctrness=0.5988
epoch 31/50 iter 1700/1860 loss=0.6378 mean_loss=0.6557 classification=0.0062, bbox_regression=0.0416, bbox_ctrness=0.5901
epoch 31/50 iter 1720/1860 loss=0.6472 mean_loss=0.6557 classification=0.0127, bbox_regression=0.0489, bbox_ctrness=0.5856
epoch 31/50 iter 1740/1860 loss=0.6423 mean_loss=0.6557 classification=0.0017, bbox_regression=0.0397, bbox_ctrness=0.6009
epoch 31/50 iter 1760/1860 loss=0.6454 mean_loss=0.6557 classification=0.0008, bbox_regression=0.0474, bbox_ctrness=0.5973
epoch 31/50 iter 1780/1860 loss=0.6720 mean_loss=0.6558 classification=0.0068, bbox_regression=0.0637, bbox_ctrness=0.6015
epoch 31/50 iter 1800/1860 loss=0.6470 mean_loss=0.6558 classification=0.0079, bbox_regression=0.0401, bbox_ctrness=0.5990
epoch 31/50 iter 1820/1860 loss=0.6474 mean_loss=0.6558 classification=0.0104, bbox_regression=0.0420, bbox_ctrness=0.5950
epoch 31/50 iter 1840/1860 loss=0.6428 mean_loss=0.6558 classification=0.0158, bbox_regression=0.0513, bbox_ctrness=0.5757
epoch 31/50 iter 1860/1860 loss=0.6403 mean_loss=0.6558 classification=0.0031, bbox_regression=0.0392, bbox_ctrness=0.5979
epoch 31 validation Precision=0.7929 Recall=0.9255 AP50=0.9095 AP75=0.8398 eval_fps=20.39 epoch_time_sec=949.0
saved checkpoint: E:\RepViT-main\runs\v48_complete_ablation\training\ra_stems_project_seed2\weights\last.pt
epoch 32/50 iter 1/1860 loss=0.6481 mean_loss=0.6481 classification=0.0010, bbox_regression=0.0351, bbox_ctrness=0.6120
epoch 32/50 iter 20/1860 loss=0.6745 mean_loss=0.6535 classification=0.0201, bbox_regression=0.0604, bbox_ctrness=0.5940
epoch 32/50 iter 40/1860 loss=0.6538 mean_loss=0.6513 classification=0.0006, bbox_regression=0.0272, bbox_ctrness=0.6260
epoch 32/50 iter 60/1860 loss=0.6490 mean_loss=0.6573 classification=0.0002, bbox_regression=0.0383, bbox_ctrness=0.6104
epoch 32/50 iter 80/1860 loss=0.6663 mean_loss=0.6575 classification=0.0088, bbox_regression=0.0483, bbox_ctrness=0.6093
epoch 32/50 iter 100/1860 loss=0.6327 mean_loss=0.6558 classification=0.0034, bbox_regression=0.0393, bbox_ctrness=0.5900
epoch 32/50 iter 120/1860 loss=0.6656 mean_loss=0.6556 classification=0.0029, bbox_regression=0.0639, bbox_ctrness=0.5988
epoch 32/50 iter 140/1860 loss=0.6460 mean_loss=0.6555 classification=0.0051, bbox_regression=0.0448, bbox_ctrness=0.5961
epoch 32/50 iter 160/1860 loss=0.6573 mean_loss=0.6547 classification=0.0052, bbox_regression=0.0493, bbox_ctrness=0.6028
epoch 32/50 iter 180/1860 loss=0.6556 mean_loss=0.6542 classification=0.0021, bbox_regression=0.0428, bbox_ctrness=0.6107
epoch 32/50 iter 200/1860 loss=0.6357 mean_loss=0.6532 classification=0.0132, bbox_regression=0.0382, bbox_ctrness=0.5843
epoch 32/50 iter 220/1860 loss=0.6687 mean_loss=0.6534 classification=0.0007, bbox_regression=0.0522, bbox_ctrness=0.6158
epoch 32/50 iter 240/1860 loss=0.6521 mean_loss=0.6531 classification=0.0045, bbox_regression=0.0460, bbox_ctrness=0.6016
epoch 32/50 iter 260/1860 loss=0.6369 mean_loss=0.6527 classification=0.0012, bbox_regression=0.0341, bbox_ctrness=0.6016
epoch 32/50 iter 280/1860 loss=0.6307 mean_loss=0.6528 classification=0.0012, bbox_regression=0.0509, bbox_ctrness=0.5786
epoch 32/50 iter 300/1860 loss=0.6651 mean_loss=0.6530 classification=0.0128, bbox_regression=0.0382, bbox_ctrness=0.6142
epoch 32/50 iter 320/1860 loss=0.6331 mean_loss=0.6532 classification=0.0054, bbox_regression=0.0496, bbox_ctrness=0.5781
epoch 32/50 iter 340/1860 loss=0.6330 mean_loss=0.6535 classification=0.0032, bbox_regression=0.0446, bbox_ctrness=0.5853
epoch 32/50 iter 360/1860 loss=0.6500 mean_loss=0.6538 classification=0.0062, bbox_regression=0.0395, bbox_ctrness=0.6043
epoch 32/50 iter 380/1860 loss=0.6653 mean_loss=0.6541 classification=0.0023, bbox_regression=0.0575, bbox_ctrness=0.6055
epoch 32/50 iter 400/1860 loss=0.6522 mean_loss=0.6544 classification=0.0061, bbox_regression=0.0490, bbox_ctrness=0.5971
epoch 32/50 iter 420/1860 loss=0.6564 mean_loss=0.6543 classification=0.0082, bbox_regression=0.0447, bbox_ctrness=0.6035
epoch 32/50 iter 440/1860 loss=0.6656 mean_loss=0.6545 classification=0.0030, bbox_regression=0.0499, bbox_ctrness=0.6127
epoch 32/50 iter 460/1860 loss=0.6566 mean_loss=0.6545 classification=0.0125, bbox_regression=0.0517, bbox_ctrness=0.5925
epoch 32/50 iter 480/1860 loss=0.6240 mean_loss=0.6544 classification=0.0023, bbox_regression=0.0418, bbox_ctrness=0.5799
epoch 32/50 iter 500/1860 loss=0.6621 mean_loss=0.6547 classification=0.0017, bbox_regression=0.0558, bbox_ctrness=0.6046
epoch 32/50 iter 520/1860 loss=0.6471 mean_loss=0.6547 classification=0.0116, bbox_regression=0.0442, bbox_ctrness=0.5914
epoch 32/50 iter 540/1860 loss=0.6326 mean_loss=0.6544 classification=0.0006, bbox_regression=0.0348, bbox_ctrness=0.5972
epoch 32/50 iter 560/1860 loss=0.6196 mean_loss=0.6541 classification=0.0097, bbox_regression=0.0336, bbox_ctrness=0.5763
epoch 32/50 iter 580/1860 loss=0.6673 mean_loss=0.6539 classification=0.0136, bbox_regression=0.0674, bbox_ctrness=0.5863
epoch 32/50 iter 600/1860 loss=0.6610 mean_loss=0.6539 classification=0.0032, bbox_regression=0.0506, bbox_ctrness=0.6072
epoch 32/50 iter 620/1860 loss=0.6282 mean_loss=0.6536 classification=0.0003, bbox_regression=0.0444, bbox_ctrness=0.5834
epoch 32/50 iter 640/1860 loss=0.6440 mean_loss=0.6536 classification=0.0001, bbox_regression=0.0401, bbox_ctrness=0.6038
epoch 32/50 iter 660/1860 loss=0.6353 mean_loss=0.6533 classification=0.0003, bbox_regression=0.0531, bbox_ctrness=0.5819
epoch 32/50 iter 680/1860 loss=0.6268 mean_loss=0.6535 classification=0.0015, bbox_regression=0.0399, bbox_ctrness=0.5855
epoch 32/50 iter 700/1860 loss=0.6219 mean_loss=0.6534 classification=0.0011, bbox_regression=0.0468, bbox_ctrness=0.5740
epoch 32/50 iter 720/1860 loss=0.6440 mean_loss=0.6535 classification=0.0004, bbox_regression=0.0430, bbox_ctrness=0.6006
epoch 32/50 iter 740/1860 loss=0.6286 mean_loss=0.6536 classification=0.0133, bbox_regression=0.0405, bbox_ctrness=0.5749
epoch 32/50 iter 760/1860 loss=0.6235 mean_loss=0.6535 classification=0.0087, bbox_regression=0.0384, bbox_ctrness=0.5764
epoch 32/50 iter 780/1860 loss=0.6516 mean_loss=0.6538 classification=0.0021, bbox_regression=0.0438, bbox_ctrness=0.6057
epoch 32/50 iter 800/1860 loss=0.6850 mean_loss=0.6538 classification=0.0241, bbox_regression=0.0711, bbox_ctrness=0.5898
epoch 32/50 iter 820/1860 loss=0.6632 mean_loss=0.6537 classification=0.0076, bbox_regression=0.0594, bbox_ctrness=0.5961
epoch 32/50 iter 840/1860 loss=0.6254 mean_loss=0.6536 classification=0.0007, bbox_regression=0.0405, bbox_ctrness=0.5841
epoch 32/50 iter 860/1860 loss=0.6461 mean_loss=0.6538 classification=0.0040, bbox_regression=0.0431, bbox_ctrness=0.5990
epoch 32/50 iter 880/1860 loss=0.6579 mean_loss=0.6537 classification=0.0024, bbox_regression=0.0461, bbox_ctrness=0.6094
epoch 32/50 iter 900/1860 loss=0.6414 mean_loss=0.6536 classification=0.0009, bbox_regression=0.0389, bbox_ctrness=0.6016
epoch 32/50 iter 920/1860 loss=0.7115 mean_loss=0.6537 classification=0.0375, bbox_regression=0.0731, bbox_ctrness=0.6009
epoch 32/50 iter 940/1860 loss=0.6358 mean_loss=0.6538 classification=0.0017, bbox_regression=0.0395, bbox_ctrness=0.5946
epoch 32/50 iter 960/1860 loss=0.6540 mean_loss=0.6540 classification=0.0015, bbox_regression=0.0383, bbox_ctrness=0.6142
epoch 32/50 iter 980/1860 loss=0.6292 mean_loss=0.6539 classification=0.0019, bbox_regression=0.0346, bbox_ctrness=0.5926
epoch 32/50 iter 1000/1860 loss=0.6660 mean_loss=0.6538 classification=0.0165, bbox_regression=0.0495, bbox_ctrness=0.6000
epoch 32/50 iter 1020/1860 loss=0.6233 mean_loss=0.6540 classification=0.0011, bbox_regression=0.0392, bbox_ctrness=0.5830
epoch 32/50 iter 1040/1860 loss=0.6819 mean_loss=0.6540 classification=0.0288, bbox_regression=0.0444, bbox_ctrness=0.6087
epoch 32/50 iter 1060/1860 loss=0.6617 mean_loss=0.6540 classification=0.0059, bbox_regression=0.0491, bbox_ctrness=0.6068
epoch 32/50 iter 1080/1860 loss=0.6731 mean_loss=0.6539 classification=0.0033, bbox_regression=0.0463, bbox_ctrness=0.6235
epoch 32/50 iter 1100/1860 loss=0.6343 mean_loss=0.6539 classification=0.0013, bbox_regression=0.0576, bbox_ctrness=0.5754
epoch 32/50 iter 1120/1860 loss=0.6350 mean_loss=0.6537 classification=0.0013, bbox_regression=0.0282, bbox_ctrness=0.6055
epoch 32/50 iter 1140/1860 loss=0.6416 mean_loss=0.6537 classification=0.0052, bbox_regression=0.0437, bbox_ctrness=0.5927
epoch 32/50 iter 1160/1860 loss=0.6570 mean_loss=0.6536 classification=0.0038, bbox_regression=0.0544, bbox_ctrness=0.5988
epoch 32/50 iter 1180/1860 loss=0.6527 mean_loss=0.6535 classification=0.0052, bbox_regression=0.0355, bbox_ctrness=0.6121
epoch 32/50 iter 1200/1860 loss=0.6356 mean_loss=0.6536 classification=0.0011, bbox_regression=0.0460, bbox_ctrness=0.5885
epoch 32/50 iter 1220/1860 loss=0.6827 mean_loss=0.6537 classification=0.0161, bbox_regression=0.0613, bbox_ctrness=0.6053
epoch 32/50 iter 1240/1860 loss=0.6429 mean_loss=0.6538 classification=0.0027, bbox_regression=0.0388, bbox_ctrness=0.6014
epoch 32/50 iter 1260/1860 loss=0.6635 mean_loss=0.6538 classification=0.0064, bbox_regression=0.0567, bbox_ctrness=0.6003
epoch 32/50 iter 1280/1860 loss=0.6461 mean_loss=0.6538 classification=0.0031, bbox_regression=0.0481, bbox_ctrness=0.5948
epoch 32/50 iter 1300/1860 loss=0.6373 mean_loss=0.6538 classification=0.0061, bbox_regression=0.0429, bbox_ctrness=0.5884
epoch 32/50 iter 1320/1860 loss=0.6419 mean_loss=0.6537 classification=0.0045, bbox_regression=0.0484, bbox_ctrness=0.5890
epoch 32/50 iter 1340/1860 loss=0.6575 mean_loss=0.6538 classification=0.0129, bbox_regression=0.0445, bbox_ctrness=0.6000
epoch 32/50 iter 1360/1860 loss=0.6299 mean_loss=0.6537 classification=0.0008, bbox_regression=0.0385, bbox_ctrness=0.5906
epoch 32/50 iter 1380/1860 loss=0.6538 mean_loss=0.6537 classification=0.0090, bbox_regression=0.0443, bbox_ctrness=0.6005
epoch 32/50 iter 1400/1860 loss=0.6387 mean_loss=0.6536 classification=0.0015, bbox_regression=0.0405, bbox_ctrness=0.5967
epoch 32/50 iter 1420/1860 loss=0.6627 mean_loss=0.6537 classification=0.0002, bbox_regression=0.0445, bbox_ctrness=0.6180
epoch 32/50 iter 1440/1860 loss=0.6593 mean_loss=0.6537 classification=0.0048, bbox_regression=0.0470, bbox_ctrness=0.6075
epoch 32/50 iter 1460/1860 loss=0.6504 mean_loss=0.6537 classification=0.0019, bbox_regression=0.0589, bbox_ctrness=0.5896
epoch 32/50 iter 1480/1860 loss=0.6661 mean_loss=0.6537 classification=0.0257, bbox_regression=0.0446, bbox_ctrness=0.5959
epoch 32/50 iter 1500/1860 loss=0.6404 mean_loss=0.6536 classification=0.0049, bbox_regression=0.0420, bbox_ctrness=0.5935
epoch 32/50 iter 1520/1860 loss=0.6506 mean_loss=0.6537 classification=0.0156, bbox_regression=0.0386, bbox_ctrness=0.5964
epoch 32/50 iter 1540/1860 loss=0.6594 mean_loss=0.6537 classification=0.0017, bbox_regression=0.0433, bbox_ctrness=0.6144
epoch 32/50 iter 1560/1860 loss=0.6594 mean_loss=0.6538 classification=0.0108, bbox_regression=0.0621, bbox_ctrness=0.5865
epoch 32/50 iter 1580/1860 loss=0.6713 mean_loss=0.6539 classification=0.0161, bbox_regression=0.0543, bbox_ctrness=0.6009
epoch 32/50 iter 1600/1860 loss=0.6590 mean_loss=0.6541 classification=0.0056, bbox_regression=0.0491, bbox_ctrness=0.6044
epoch 32/50 iter 1620/1860 loss=0.6538 mean_loss=0.6541 classification=0.0069, bbox_regression=0.0447, bbox_ctrness=0.6022
epoch 32/50 iter 1640/1860 loss=0.6506 mean_loss=0.6541 classification=0.0195, bbox_regression=0.0483, bbox_ctrness=0.5828
epoch 32/50 iter 1660/1860 loss=0.6533 mean_loss=0.6541 classification=0.0056, bbox_regression=0.0447, bbox_ctrness=0.6030
epoch 32/50 iter 1680/1860 loss=0.6736 mean_loss=0.6541 classification=0.0018, bbox_regression=0.0538, bbox_ctrness=0.6180
epoch 32/50 iter 1700/1860 loss=0.6501 mean_loss=0.6541 classification=0.0065, bbox_regression=0.0551, bbox_ctrness=0.5885
epoch 32/50 iter 1720/1860 loss=0.6152 mean_loss=0.6542 classification=0.0036, bbox_regression=0.0337, bbox_ctrness=0.5780
epoch 32/50 iter 1740/1860 loss=0.6476 mean_loss=0.6542 classification=0.0090, bbox_regression=0.0447, bbox_ctrness=0.5939
epoch 32/50 iter 1760/1860 loss=0.6557 mean_loss=0.6543 classification=0.0011, bbox_regression=0.0584, bbox_ctrness=0.5962
epoch 32/50 iter 1780/1860 loss=0.6288 mean_loss=0.6544 classification=0.0064, bbox_regression=0.0435, bbox_ctrness=0.5789
epoch 32/50 iter 1800/1860 loss=0.6463 mean_loss=0.6545 classification=0.0073, bbox_regression=0.0559, bbox_ctrness=0.5832
epoch 32/50 iter 1820/1860 loss=0.6685 mean_loss=0.6545 classification=0.0158, bbox_regression=0.0517, bbox_ctrness=0.6010
epoch 32/50 iter 1840/1860 loss=0.6667 mean_loss=0.6545 classification=0.0085, bbox_regression=0.0522, bbox_ctrness=0.6060
epoch 32/50 iter 1860/1860 loss=0.6504 mean_loss=0.6545 classification=0.0031, bbox_regression=0.0533, bbox_ctrness=0.5940
epoch 32 validation Precision=0.7988 Recall=0.9213 AP50=0.9041 AP75=0.8359 eval_fps=20.33 epoch_time_sec=940.4
saved checkpoint: E:\RepViT-main\runs\v48_complete_ablation\training\ra_stems_project_seed2\weights\last.pt
epoch 33/50 iter 1/1860 loss=0.6327 mean_loss=0.6327 classification=0.0075, bbox_regression=0.0469, bbox_ctrness=0.5783
epoch 33/50 iter 20/1860 loss=0.6311 mean_loss=0.6465 classification=0.0042, bbox_regression=0.0360, bbox_ctrness=0.5908
epoch 33/50 iter 40/1860 loss=0.6328 mean_loss=0.6474 classification=0.0043, bbox_regression=0.0327, bbox_ctrness=0.5958
epoch 33/50 iter 60/1860 loss=0.6157 mean_loss=0.6471 classification=0.0008, bbox_regression=0.0399, bbox_ctrness=0.5749
epoch 33/50 iter 80/1860 loss=0.6547 mean_loss=0.6488 classification=0.0040, bbox_regression=0.0578, bbox_ctrness=0.5929
epoch 33/50 iter 100/1860 loss=0.6637 mean_loss=0.6489 classification=0.0003, bbox_regression=0.0620, bbox_ctrness=0.6014
epoch 33/50 iter 120/1860 loss=0.6383 mean_loss=0.6489 classification=0.0024, bbox_regression=0.0334, bbox_ctrness=0.6025
epoch 33/50 iter 140/1860 loss=0.6463 mean_loss=0.6506 classification=0.0105, bbox_regression=0.0430, bbox_ctrness=0.5928
epoch 33/50 iter 160/1860 loss=0.6310 mean_loss=0.6506 classification=0.0008, bbox_regression=0.0425, bbox_ctrness=0.5877
epoch 33/50 iter 180/1860 loss=0.6587 mean_loss=0.6512 classification=0.0024, bbox_regression=0.0494, bbox_ctrness=0.6069
epoch 33/50 iter 200/1860 loss=0.6541 mean_loss=0.6519 classification=0.0042, bbox_regression=0.0656, bbox_ctrness=0.5843
epoch 33/50 iter 220/1860 loss=0.6827 mean_loss=0.6528 classification=0.0198, bbox_regression=0.0590, bbox_ctrness=0.6039
epoch 33/50 iter 240/1860 loss=0.6824 mean_loss=0.6527 classification=0.0002, bbox_regression=0.0670, bbox_ctrness=0.6151
epoch 33/50 iter 260/1860 loss=0.6394 mean_loss=0.6526 classification=0.0029, bbox_regression=0.0454, bbox_ctrness=0.5911
epoch 33/50 iter 280/1860 loss=0.6400 mean_loss=0.6521 classification=0.0004, bbox_regression=0.0405, bbox_ctrness=0.5991
epoch 33/50 iter 300/1860 loss=0.6657 mean_loss=0.6522 classification=0.0011, bbox_regression=0.0626, bbox_ctrness=0.6020
epoch 33/50 iter 320/1860 loss=0.6513 mean_loss=0.6526 classification=0.0013, bbox_regression=0.0433, bbox_ctrness=0.6067
epoch 33/50 iter 340/1860 loss=0.6551 mean_loss=0.6525 classification=0.0093, bbox_regression=0.0531, bbox_ctrness=0.5928
epoch 33/50 iter 360/1860 loss=0.6632 mean_loss=0.6523 classification=0.0080, bbox_regression=0.0565, bbox_ctrness=0.5987
epoch 33/50 iter 380/1860 loss=0.6353 mean_loss=0.6521 classification=0.0010, bbox_regression=0.0435, bbox_ctrness=0.5909
epoch 33/50 iter 400/1860 loss=0.6504 mean_loss=0.6528 classification=0.0039, bbox_regression=0.0529, bbox_ctrness=0.5937
epoch 33/50 iter 420/1860 loss=0.6469 mean_loss=0.6529 classification=0.0028, bbox_regression=0.0485, bbox_ctrness=0.5955
epoch 33/50 iter 440/1860 loss=0.6421 mean_loss=0.6531 classification=0.0023, bbox_regression=0.0307, bbox_ctrness=0.6092
epoch 33/50 iter 460/1860 loss=0.6441 mean_loss=0.6529 classification=0.0001, bbox_regression=0.0445, bbox_ctrness=0.5994
epoch 33/50 iter 480/1860 loss=0.6214 mean_loss=0.6528 classification=0.0047, bbox_regression=0.0394, bbox_ctrness=0.5773
epoch 33/50 iter 500/1860 loss=0.6432 mean_loss=0.6529 classification=0.0093, bbox_regression=0.0418, bbox_ctrness=0.5921
epoch 33/50 iter 520/1860 loss=0.6772 mean_loss=0.6525 classification=0.0116, bbox_regression=0.0480, bbox_ctrness=0.6176
epoch 33/50 iter 540/1860 loss=0.6489 mean_loss=0.6524 classification=0.0017, bbox_regression=0.0457, bbox_ctrness=0.6015
epoch 33/50 iter 560/1860 loss=0.6553 mean_loss=0.6527 classification=0.0034, bbox_regression=0.0437, bbox_ctrness=0.6083
epoch 33/50 iter 580/1860 loss=0.6702 mean_loss=0.6526 classification=0.0235, bbox_regression=0.0514, bbox_ctrness=0.5953
epoch 33/50 iter 600/1860 loss=0.6295 mean_loss=0.6527 classification=0.0021, bbox_regression=0.0430, bbox_ctrness=0.5844
epoch 33/50 iter 620/1860 loss=0.7619 mean_loss=0.6530 classification=0.1130, bbox_regression=0.0571, bbox_ctrness=0.5918
epoch 33/50 iter 640/1860 loss=0.6537 mean_loss=0.6530 classification=0.0025, bbox_regression=0.0485, bbox_ctrness=0.6027
epoch 33/50 iter 660/1860 loss=0.6411 mean_loss=0.6532 classification=0.0081, bbox_regression=0.0427, bbox_ctrness=0.5902
epoch 33/50 iter 680/1860 loss=0.6444 mean_loss=0.6531 classification=0.0040, bbox_regression=0.0490, bbox_ctrness=0.5915
epoch 33/50 iter 700/1860 loss=0.6923 mean_loss=0.6531 classification=0.0269, bbox_regression=0.0610, bbox_ctrness=0.6044
epoch 33/50 iter 720/1860 loss=0.6569 mean_loss=0.6531 classification=0.0169, bbox_regression=0.0341, bbox_ctrness=0.6060
epoch 33/50 iter 740/1860 loss=0.6525 mean_loss=0.6530 classification=0.0044, bbox_regression=0.0531, bbox_ctrness=0.5950
epoch 33/50 iter 760/1860 loss=0.6416 mean_loss=0.6529 classification=0.0011, bbox_regression=0.0442, bbox_ctrness=0.5963
epoch 33/50 iter 780/1860 loss=0.6522 mean_loss=0.6528 classification=0.0003, bbox_regression=0.0365, bbox_ctrness=0.6153
epoch 33/50 iter 800/1860 loss=0.6568 mean_loss=0.6527 classification=0.0040, bbox_regression=0.0498, bbox_ctrness=0.6030
epoch 33/50 iter 820/1860 loss=0.6458 mean_loss=0.6527 classification=0.0004, bbox_regression=0.0405, bbox_ctrness=0.6048
epoch 33/50 iter 840/1860 loss=0.6210 mean_loss=0.6526 classification=0.0035, bbox_regression=0.0386, bbox_ctrness=0.5789
epoch 33/50 iter 860/1860 loss=0.6615 mean_loss=0.6526 classification=0.0027, bbox_regression=0.0374, bbox_ctrness=0.6214
epoch 33/50 iter 880/1860 loss=0.6330 mean_loss=0.6525 classification=0.0026, bbox_regression=0.0316, bbox_ctrness=0.5988
epoch 33/50 iter 900/1860 loss=0.6343 mean_loss=0.6524 classification=0.0048, bbox_regression=0.0389, bbox_ctrness=0.5906
epoch 33/50 iter 920/1860 loss=0.6569 mean_loss=0.6526 classification=0.0041, bbox_regression=0.0361, bbox_ctrness=0.6167
epoch 33/50 iter 940/1860 loss=0.6240 mean_loss=0.6527 classification=0.0014, bbox_regression=0.0372, bbox_ctrness=0.5855
epoch 33/50 iter 960/1860 loss=0.6609 mean_loss=0.6527 classification=0.0034, bbox_regression=0.0404, bbox_ctrness=0.6170
epoch 33/50 iter 980/1860 loss=0.6491 mean_loss=0.6526 classification=0.0024, bbox_regression=0.0470, bbox_ctrness=0.5997
epoch 33/50 iter 1000/1860 loss=0.6480 mean_loss=0.6524 classification=0.0225, bbox_regression=0.0404, bbox_ctrness=0.5852
epoch 33/50 iter 1020/1860 loss=0.6530 mean_loss=0.6524 classification=0.0027, bbox_regression=0.0433, bbox_ctrness=0.6071
epoch 33/50 iter 1040/1860 loss=0.6455 mean_loss=0.6523 classification=0.0006, bbox_regression=0.0428, bbox_ctrness=0.6022
epoch 33/50 iter 1060/1860 loss=0.6343 mean_loss=0.6524 classification=0.0032, bbox_regression=0.0374, bbox_ctrness=0.5937
epoch 33/50 iter 1080/1860 loss=0.6690 mean_loss=0.6524 classification=0.0399, bbox_regression=0.0476, bbox_ctrness=0.5815
epoch 33/50 iter 1100/1860 loss=0.6582 mean_loss=0.6524 classification=0.0055, bbox_regression=0.0509, bbox_ctrness=0.6017
epoch 33/50 iter 1120/1860 loss=0.6427 mean_loss=0.6523 classification=0.0001, bbox_regression=0.0377, bbox_ctrness=0.6049
epoch 33/50 iter 1140/1860 loss=0.6696 mean_loss=0.6523 classification=0.0008, bbox_regression=0.0545, bbox_ctrness=0.6143
epoch 33/50 iter 1160/1860 loss=0.6461 mean_loss=0.6522 classification=0.0036, bbox_regression=0.0525, bbox_ctrness=0.5900
epoch 33/50 iter 1180/1860 loss=0.6560 mean_loss=0.6523 classification=0.0028, bbox_regression=0.0518, bbox_ctrness=0.6014
epoch 33/50 iter 1200/1860 loss=0.6821 mean_loss=0.6525 classification=0.0053, bbox_regression=0.0635, bbox_ctrness=0.6133
epoch 33/50 iter 1220/1860 loss=0.6403 mean_loss=0.6525 classification=0.0062, bbox_regression=0.0532, bbox_ctrness=0.5810
epoch 33/50 iter 1240/1860 loss=0.6508 mean_loss=0.6525 classification=0.0039, bbox_regression=0.0500, bbox_ctrness=0.5970
epoch 33/50 iter 1260/1860 loss=0.6544 mean_loss=0.6525 classification=0.0097, bbox_regression=0.0488, bbox_ctrness=0.5958
epoch 33/50 iter 1280/1860 loss=0.6552 mean_loss=0.6524 classification=0.0052, bbox_regression=0.0509, bbox_ctrness=0.5990
epoch 33/50 iter 1300/1860 loss=0.6311 mean_loss=0.6524 classification=0.0027, bbox_regression=0.0387, bbox_ctrness=0.5896
epoch 33/50 iter 1320/1860 loss=0.6439 mean_loss=0.6523 classification=0.0022, bbox_regression=0.0347, bbox_ctrness=0.6071
epoch 33/50 iter 1340/1860 loss=0.6455 mean_loss=0.6523 classification=0.0032, bbox_regression=0.0392, bbox_ctrness=0.6031
epoch 33/50 iter 1360/1860 loss=0.6798 mean_loss=0.6524 classification=0.0148, bbox_regression=0.0477, bbox_ctrness=0.6174
epoch 33/50 iter 1380/1860 loss=0.6855 mean_loss=0.6524 classification=0.0171, bbox_regression=0.0576, bbox_ctrness=0.6108
epoch 33/50 iter 1400/1860 loss=0.6574 mean_loss=0.6525 classification=0.0185, bbox_regression=0.0416, bbox_ctrness=0.5973
epoch 33/50 iter 1420/1860 loss=0.6659 mean_loss=0.6524 classification=0.0043, bbox_regression=0.0595, bbox_ctrness=0.6021
epoch 33/50 iter 1440/1860 loss=0.6407 mean_loss=0.6525 classification=0.0013, bbox_regression=0.0410, bbox_ctrness=0.5984
epoch 33/50 iter 1460/1860 loss=0.6840 mean_loss=0.6525 classification=0.0043, bbox_regression=0.0681, bbox_ctrness=0.6116
epoch 33/50 iter 1480/1860 loss=0.6454 mean_loss=0.6527 classification=0.0070, bbox_regression=0.0525, bbox_ctrness=0.5859
epoch 33/50 iter 1500/1860 loss=0.6902 mean_loss=0.6528 classification=0.0274, bbox_regression=0.0770, bbox_ctrness=0.5858
epoch 33/50 iter 1520/1860 loss=0.6582 mean_loss=0.6528 classification=0.0047, bbox_regression=0.0545, bbox_ctrness=0.5990
epoch 33/50 iter 1540/1860 loss=0.7198 mean_loss=0.6528 classification=0.0207, bbox_regression=0.1012, bbox_ctrness=0.5979
epoch 33/50 iter 1560/1860 loss=0.6510 mean_loss=0.6529 classification=0.0173, bbox_regression=0.0425, bbox_ctrness=0.5911
epoch 33/50 iter 1580/1860 loss=0.6703 mean_loss=0.6529 classification=0.0208, bbox_regression=0.0509, bbox_ctrness=0.5987
epoch 33/50 iter 1600/1860 loss=0.6584 mean_loss=0.6529 classification=0.0014, bbox_regression=0.0417, bbox_ctrness=0.6153
epoch 33/50 iter 1620/1860 loss=0.6417 mean_loss=0.6529 classification=0.0084, bbox_regression=0.0449, bbox_ctrness=0.5884
epoch 33/50 iter 1640/1860 loss=0.6837 mean_loss=0.6529 classification=0.0007, bbox_regression=0.0562, bbox_ctrness=0.6268
epoch 33/50 iter 1660/1860 loss=0.6498 mean_loss=0.6529 classification=0.0019, bbox_regression=0.0396, bbox_ctrness=0.6083
epoch 33/50 iter 1680/1860 loss=0.6440 mean_loss=0.6529 classification=0.0059, bbox_regression=0.0538, bbox_ctrness=0.5843
epoch 33/50 iter 1700/1860 loss=0.6705 mean_loss=0.6529 classification=0.0233, bbox_regression=0.0440, bbox_ctrness=0.6032
epoch 33/50 iter 1720/1860 loss=0.6498 mean_loss=0.6529 classification=0.0034, bbox_regression=0.0506, bbox_ctrness=0.5958
epoch 33/50 iter 1740/1860 loss=0.6510 mean_loss=0.6529 classification=0.0050, bbox_regression=0.0410, bbox_ctrness=0.6050
epoch 33/50 iter 1760/1860 loss=0.6723 mean_loss=0.6529 classification=0.0057, bbox_regression=0.0538, bbox_ctrness=0.6128
epoch 33/50 iter 1780/1860 loss=0.6727 mean_loss=0.6529 classification=0.0062, bbox_regression=0.0512, bbox_ctrness=0.6153
epoch 33/50 iter 1800/1860 loss=0.6471 mean_loss=0.6529 classification=0.0025, bbox_regression=0.0366, bbox_ctrness=0.6080
epoch 33/50 iter 1820/1860 loss=0.6697 mean_loss=0.6529 classification=0.0091, bbox_regression=0.0451, bbox_ctrness=0.6156
epoch 33/50 iter 1840/1860 loss=0.6459 mean_loss=0.6529 classification=0.0020, bbox_regression=0.0367, bbox_ctrness=0.6072
epoch 33/50 iter 1860/1860 loss=0.6764 mean_loss=0.6531 classification=0.0354, bbox_regression=0.0535, bbox_ctrness=0.5874
epoch 33 validation Precision=0.7758 Recall=0.9286 AP50=0.9110 AP75=0.8445 eval_fps=19.40 epoch_time_sec=959.4
saved checkpoint: E:\RepViT-main\runs\v48_complete_ablation\training\ra_stems_project_seed2\weights\last.pt
epoch 34/50 iter 1/1860 loss=0.6917 mean_loss=0.6917 classification=0.0362, bbox_regression=0.0610, bbox_ctrness=0.5945
epoch 34/50 iter 20/1860 loss=0.6521 mean_loss=0.6581 classification=0.0063, bbox_regression=0.0396, bbox_ctrness=0.6062
epoch 34/50 iter 40/1860 loss=0.6566 mean_loss=0.6576 classification=0.0084, bbox_regression=0.0492, bbox_ctrness=0.5989
epoch 34/50 iter 60/1860 loss=0.6471 mean_loss=0.6582 classification=0.0121, bbox_regression=0.0505, bbox_ctrness=0.5846
epoch 34/50 iter 80/1860 loss=0.6497 mean_loss=0.6563 classification=0.0005, bbox_regression=0.0472, bbox_ctrness=0.6019
epoch 34/50 iter 100/1860 loss=0.6423 mean_loss=0.6552 classification=0.0023, bbox_regression=0.0471, bbox_ctrness=0.5929
epoch 34/50 iter 120/1860 loss=0.6661 mean_loss=0.6535 classification=0.0278, bbox_regression=0.0475, bbox_ctrness=0.5908
epoch 34/50 iter 140/1860 loss=0.6332 mean_loss=0.6528 classification=0.0019, bbox_regression=0.0364, bbox_ctrness=0.5949
epoch 34/50 iter 160/1860 loss=0.6376 mean_loss=0.6516 classification=0.0028, bbox_regression=0.0386, bbox_ctrness=0.5963
epoch 34/50 iter 180/1860 loss=0.6790 mean_loss=0.6511 classification=0.0245, bbox_regression=0.0439, bbox_ctrness=0.6107
epoch 34/50 iter 200/1860 loss=0.6449 mean_loss=0.6519 classification=0.0013, bbox_regression=0.0453, bbox_ctrness=0.5983
epoch 34/50 iter 220/1860 loss=0.6552 mean_loss=0.6524 classification=0.0007, bbox_regression=0.0446, bbox_ctrness=0.6099
epoch 34/50 iter 240/1860 loss=0.6498 mean_loss=0.6525 classification=0.0002, bbox_regression=0.0357, bbox_ctrness=0.6139
epoch 34/50 iter 260/1860 loss=0.7757 mean_loss=0.6525 classification=0.1084, bbox_regression=0.0521, bbox_ctrness=0.6152
epoch 34/50 iter 280/1860 loss=0.6641 mean_loss=0.6524 classification=0.0074, bbox_regression=0.0504, bbox_ctrness=0.6063
epoch 34/50 iter 300/1860 loss=0.6847 mean_loss=0.6520 classification=0.0151, bbox_regression=0.0652, bbox_ctrness=0.6044
epoch 34/50 iter 320/1860 loss=0.6580 mean_loss=0.6517 classification=0.0001, bbox_regression=0.0398, bbox_ctrness=0.6181
epoch 34/50 iter 340/1860 loss=0.6557 mean_loss=0.6517 classification=0.0019, bbox_regression=0.0476, bbox_ctrness=0.6061
epoch 34/50 iter 360/1860 loss=0.6436 mean_loss=0.6519 classification=0.0015, bbox_regression=0.0491, bbox_ctrness=0.5930
epoch 34/50 iter 380/1860 loss=0.6467 mean_loss=0.6523 classification=0.0033, bbox_regression=0.0509, bbox_ctrness=0.5925
epoch 34/50 iter 400/1860 loss=0.6461 mean_loss=0.6521 classification=0.0013, bbox_regression=0.0423, bbox_ctrness=0.6025
epoch 34/50 iter 420/1860 loss=0.6582 mean_loss=0.6519 classification=0.0006, bbox_regression=0.0441, bbox_ctrness=0.6135
epoch 34/50 iter 440/1860 loss=0.6449 mean_loss=0.6515 classification=0.0079, bbox_regression=0.0336, bbox_ctrness=0.6034
epoch 34/50 iter 460/1860 loss=0.6660 mean_loss=0.6514 classification=0.0012, bbox_regression=0.0496, bbox_ctrness=0.6152
epoch 34/50 iter 480/1860 loss=0.6372 mean_loss=0.6512 classification=0.0026, bbox_regression=0.0406, bbox_ctrness=0.5941
epoch 34/50 iter 500/1860 loss=0.6363 mean_loss=0.6512 classification=0.0020, bbox_regression=0.0420, bbox_ctrness=0.5922
epoch 34/50 iter 520/1860 loss=0.6548 mean_loss=0.6510 classification=0.0021, bbox_regression=0.0552, bbox_ctrness=0.5975
epoch 34/50 iter 540/1860 loss=0.6385 mean_loss=0.6509 classification=0.0178, bbox_regression=0.0392, bbox_ctrness=0.5814
epoch 34/50 iter 560/1860 loss=0.6662 mean_loss=0.6508 classification=0.0003, bbox_regression=0.0403, bbox_ctrness=0.6255
epoch 34/50 iter 580/1860 loss=0.6476 mean_loss=0.6509 classification=0.0038, bbox_regression=0.0470, bbox_ctrness=0.5968
epoch 34/50 iter 600/1860 loss=0.6488 mean_loss=0.6509 classification=0.0009, bbox_regression=0.0373, bbox_ctrness=0.6106
epoch 34/50 iter 620/1860 loss=0.6316 mean_loss=0.6509 classification=0.0009, bbox_regression=0.0417, bbox_ctrness=0.5891
epoch 34/50 iter 640/1860 loss=0.6676 mean_loss=0.6507 classification=0.0215, bbox_regression=0.0434, bbox_ctrness=0.6027
epoch 34/50 iter 660/1860 loss=0.6571 mean_loss=0.6506 classification=0.0230, bbox_regression=0.0362, bbox_ctrness=0.5979
epoch 34/50 iter 680/1860 loss=0.6316 mean_loss=0.6504 classification=0.0025, bbox_regression=0.0479, bbox_ctrness=0.5812
epoch 34/50 iter 700/1860 loss=0.6298 mean_loss=0.6503 classification=0.0006, bbox_regression=0.0435, bbox_ctrness=0.5857
epoch 34/50 iter 720/1860 loss=0.6475 mean_loss=0.6501 classification=0.0061, bbox_regression=0.0452, bbox_ctrness=0.5962
epoch 34/50 iter 740/1860 loss=0.6469 mean_loss=0.6501 classification=0.0059, bbox_regression=0.0524, bbox_ctrness=0.5886
epoch 34/50 iter 760/1860 loss=0.6506 mean_loss=0.6501 classification=0.0001, bbox_regression=0.0554, bbox_ctrness=0.5950
epoch 34/50 iter 780/1860 loss=0.6540 mean_loss=0.6501 classification=0.0291, bbox_regression=0.0424, bbox_ctrness=0.5824
epoch 34/50 iter 800/1860 loss=0.6325 mean_loss=0.6501 classification=0.0027, bbox_regression=0.0448, bbox_ctrness=0.5849
epoch 34/50 iter 820/1860 loss=0.6599 mean_loss=0.6501 classification=0.0106, bbox_regression=0.0457, bbox_ctrness=0.6037
epoch 34/50 iter 840/1860 loss=0.6671 mean_loss=0.6503 classification=0.0040, bbox_regression=0.0560, bbox_ctrness=0.6070
epoch 34/50 iter 860/1860 loss=0.6318 mean_loss=0.6504 classification=0.0097, bbox_regression=0.0452, bbox_ctrness=0.5769
epoch 34/50 iter 880/1860 loss=0.6686 mean_loss=0.6503 classification=0.0064, bbox_regression=0.0592, bbox_ctrness=0.6029
epoch 34/50 iter 900/1860 loss=0.6632 mean_loss=0.6505 classification=0.0013, bbox_regression=0.0533, bbox_ctrness=0.6085
epoch 34/50 iter 920/1860 loss=0.6340 mean_loss=0.6505 classification=0.0059, bbox_regression=0.0493, bbox_ctrness=0.5788
epoch 34/50 iter 940/1860 loss=0.6389 mean_loss=0.6504 classification=0.0031, bbox_regression=0.0303, bbox_ctrness=0.6054
epoch 34/50 iter 960/1860 loss=0.6422 mean_loss=0.6504 classification=0.0010, bbox_regression=0.0353, bbox_ctrness=0.6059
epoch 34/50 iter 980/1860 loss=0.6623 mean_loss=0.6505 classification=0.0238, bbox_regression=0.0379, bbox_ctrness=0.6006
epoch 34/50 iter 1000/1860 loss=0.6411 mean_loss=0.6505 classification=0.0001, bbox_regression=0.0510, bbox_ctrness=0.5899
epoch 34/50 iter 1020/1860 loss=0.6605 mean_loss=0.6504 classification=0.0134, bbox_regression=0.0327, bbox_ctrness=0.6144
epoch 34/50 iter 1040/1860 loss=0.6407 mean_loss=0.6505 classification=0.0017, bbox_regression=0.0400, bbox_ctrness=0.5989
epoch 34/50 iter 1060/1860 loss=0.6590 mean_loss=0.6505 classification=0.0069, bbox_regression=0.0597, bbox_ctrness=0.5923
epoch 34/50 iter 1080/1860 loss=0.6392 mean_loss=0.6509 classification=0.0018, bbox_regression=0.0371, bbox_ctrness=0.6003
epoch 34/50 iter 1100/1860 loss=0.6563 mean_loss=0.6508 classification=0.0068, bbox_regression=0.0418, bbox_ctrness=0.6077
epoch 34/50 iter 1120/1860 loss=0.6671 mean_loss=0.6509 classification=0.0010, bbox_regression=0.0564, bbox_ctrness=0.6097
epoch 34/50 iter 1140/1860 loss=0.6542 mean_loss=0.6509 classification=0.0028, bbox_regression=0.0540, bbox_ctrness=0.5974
epoch 34/50 iter 1160/1860 loss=0.6317 mean_loss=0.6509 classification=0.0015, bbox_regression=0.0312, bbox_ctrness=0.5990
epoch 34/50 iter 1180/1860 loss=0.6519 mean_loss=0.6510 classification=0.0014, bbox_regression=0.0399, bbox_ctrness=0.6106
epoch 34/50 iter 1200/1860 loss=0.6543 mean_loss=0.6510 classification=0.0040, bbox_regression=0.0415, bbox_ctrness=0.6088
epoch 34/50 iter 1220/1860 loss=0.6342 mean_loss=0.6509 classification=0.0021, bbox_regression=0.0360, bbox_ctrness=0.5961
epoch 34/50 iter 1240/1860 loss=0.6126 mean_loss=0.6512 classification=0.0025, bbox_regression=0.0380, bbox_ctrness=0.5721
epoch 34/50 iter 1260/1860 loss=0.6541 mean_loss=0.6511 classification=0.0015, bbox_regression=0.0439, bbox_ctrness=0.6087
epoch 34/50 iter 1280/1860 loss=0.6648 mean_loss=0.6511 classification=0.0056, bbox_regression=0.0537, bbox_ctrness=0.6054
epoch 34/50 iter 1300/1860 loss=0.6325 mean_loss=0.6510 classification=0.0017, bbox_regression=0.0344, bbox_ctrness=0.5964
epoch 34/50 iter 1320/1860 loss=0.6388 mean_loss=0.6510 classification=0.0038, bbox_regression=0.0368, bbox_ctrness=0.5982
epoch 34/50 iter 1340/1860 loss=0.6359 mean_loss=0.6510 classification=0.0051, bbox_regression=0.0407, bbox_ctrness=0.5901
epoch 34/50 iter 1360/1860 loss=0.6547 mean_loss=0.6510 classification=0.0014, bbox_regression=0.0534, bbox_ctrness=0.5999
epoch 34/50 iter 1380/1860 loss=0.6475 mean_loss=0.6511 classification=0.0088, bbox_regression=0.0326, bbox_ctrness=0.6061
epoch 34/50 iter 1400/1860 loss=0.6489 mean_loss=0.6510 classification=0.0027, bbox_regression=0.0460, bbox_ctrness=0.6001
epoch 34/50 iter 1420/1860 loss=0.6510 mean_loss=0.6511 classification=0.0031, bbox_regression=0.0516, bbox_ctrness=0.5963
epoch 34/50 iter 1440/1860 loss=0.6604 mean_loss=0.6512 classification=0.0045, bbox_regression=0.0629, bbox_ctrness=0.5930
epoch 34/50 iter 1460/1860 loss=0.6343 mean_loss=0.6513 classification=0.0018, bbox_regression=0.0351, bbox_ctrness=0.5974
epoch 34/50 iter 1480/1860 loss=0.6589 mean_loss=0.6513 classification=0.0110, bbox_regression=0.0477, bbox_ctrness=0.6003
epoch 34/50 iter 1500/1860 loss=0.6426 mean_loss=0.6514 classification=0.0031, bbox_regression=0.0545, bbox_ctrness=0.5849
epoch 34/50 iter 1520/1860 loss=0.6357 mean_loss=0.6513 classification=0.0029, bbox_regression=0.0436, bbox_ctrness=0.5893
epoch 34/50 iter 1540/1860 loss=0.6605 mean_loss=0.6513 classification=0.0063, bbox_regression=0.0504, bbox_ctrness=0.6038
epoch 34/50 iter 1560/1860 loss=0.6764 mean_loss=0.6512 classification=0.0185, bbox_regression=0.0472, bbox_ctrness=0.6107
epoch 34/50 iter 1580/1860 loss=0.6486 mean_loss=0.6512 classification=0.0007, bbox_regression=0.0448, bbox_ctrness=0.6030
epoch 34/50 iter 1600/1860 loss=0.6683 mean_loss=0.6514 classification=0.0174, bbox_regression=0.0505, bbox_ctrness=0.6004
epoch 34/50 iter 1620/1860 loss=0.6583 mean_loss=0.6515 classification=0.0053, bbox_regression=0.0491, bbox_ctrness=0.6039
epoch 34/50 iter 1640/1860 loss=0.6651 mean_loss=0.6516 classification=0.0025, bbox_regression=0.0465, bbox_ctrness=0.6160
epoch 34/50 iter 1660/1860 loss=0.6335 mean_loss=0.6515 classification=0.0010, bbox_regression=0.0340, bbox_ctrness=0.5985
epoch 34/50 iter 1680/1860 loss=0.6345 mean_loss=0.6515 classification=0.0047, bbox_regression=0.0366, bbox_ctrness=0.5932
epoch 34/50 iter 1700/1860 loss=0.6450 mean_loss=0.6515 classification=0.0059, bbox_regression=0.0487, bbox_ctrness=0.5903
epoch 34/50 iter 1720/1860 loss=0.6238 mean_loss=0.6516 classification=0.0011, bbox_regression=0.0380, bbox_ctrness=0.5847
epoch 34/50 iter 1740/1860 loss=0.6965 mean_loss=0.6516 classification=0.0154, bbox_regression=0.0888, bbox_ctrness=0.5923
epoch 34/50 iter 1760/1860 loss=0.6795 mean_loss=0.6516 classification=0.0092, bbox_regression=0.0550, bbox_ctrness=0.6153
epoch 34/50 iter 1780/1860 loss=0.6761 mean_loss=0.6516 classification=0.0106, bbox_regression=0.0685, bbox_ctrness=0.5969
epoch 34/50 iter 1800/1860 loss=0.6322 mean_loss=0.6516 classification=0.0044, bbox_regression=0.0398, bbox_ctrness=0.5879
epoch 34/50 iter 1820/1860 loss=0.6397 mean_loss=0.6516 classification=0.0002, bbox_regression=0.0391, bbox_ctrness=0.6003
epoch 34/50 iter 1840/1860 loss=0.6415 mean_loss=0.6515 classification=0.0024, bbox_regression=0.0376, bbox_ctrness=0.6015
epoch 34/50 iter 1860/1860 loss=0.6608 mean_loss=0.6515 classification=0.0008, bbox_regression=0.0400, bbox_ctrness=0.6200
epoch 34 validation Precision=0.7085 Recall=0.9356 AP50=0.9124 AP75=0.8422 eval_fps=20.29 epoch_time_sec=940.2
saved checkpoint: E:\RepViT-main\runs\v48_complete_ablation\training\ra_stems_project_seed2\weights\last.pt
epoch 35/50 iter 1/1860 loss=0.6506 mean_loss=0.6506 classification=0.0087, bbox_regression=0.0500, bbox_ctrness=0.5918
epoch 35/50 iter 20/1860 loss=0.6438 mean_loss=0.6626 classification=0.0028, bbox_regression=0.0329, bbox_ctrness=0.6081
epoch 35/50 iter 40/1860 loss=0.6451 mean_loss=0.6588 classification=0.0025, bbox_regression=0.0458, bbox_ctrness=0.5968
epoch 35/50 iter 60/1860 loss=0.6784 mean_loss=0.6565 classification=0.0135, bbox_regression=0.0464, bbox_ctrness=0.6185
epoch 35/50 iter 80/1860 loss=0.6676 mean_loss=0.6556 classification=0.0094, bbox_regression=0.0431, bbox_ctrness=0.6150
epoch 35/50 iter 100/1860 loss=0.6484 mean_loss=0.6569 classification=0.0012, bbox_regression=0.0398, bbox_ctrness=0.6074
epoch 35/50 iter 120/1860 loss=0.6715 mean_loss=0.6573 classification=0.0015, bbox_regression=0.0456, bbox_ctrness=0.6243
epoch 35/50 iter 140/1860 loss=0.6452 mean_loss=0.6564 classification=0.0006, bbox_regression=0.0452, bbox_ctrness=0.5993
epoch 35/50 iter 160/1860 loss=0.6214 mean_loss=0.6553 classification=0.0005, bbox_regression=0.0471, bbox_ctrness=0.5737
epoch 35/50 iter 180/1860 loss=0.6369 mean_loss=0.6551 classification=0.0055, bbox_regression=0.0492, bbox_ctrness=0.5823
epoch 35/50 iter 200/1860 loss=0.6652 mean_loss=0.6552 classification=0.0024, bbox_regression=0.0423, bbox_ctrness=0.6205
epoch 35/50 iter 220/1860 loss=0.6467 mean_loss=0.6546 classification=0.0065, bbox_regression=0.0390, bbox_ctrness=0.6012
epoch 35/50 iter 240/1860 loss=0.6515 mean_loss=0.6539 classification=0.0005, bbox_regression=0.0318, bbox_ctrness=0.6192
epoch 35/50 iter 260/1860 loss=0.6308 mean_loss=0.6540 classification=0.0036, bbox_regression=0.0451, bbox_ctrness=0.5821
epoch 35/50 iter 280/1860 loss=0.6450 mean_loss=0.6538 classification=0.0021, bbox_regression=0.0432, bbox_ctrness=0.5997
epoch 35/50 iter 300/1860 loss=0.6286 mean_loss=0.6538 classification=0.0028, bbox_regression=0.0428, bbox_ctrness=0.5831
epoch 35/50 iter 320/1860 loss=0.6232 mean_loss=0.6532 classification=0.0012, bbox_regression=0.0350, bbox_ctrness=0.5870
epoch 35/50 iter 340/1860 loss=0.6288 mean_loss=0.6525 classification=0.0020, bbox_regression=0.0398, bbox_ctrness=0.5870
epoch 35/50 iter 360/1860 loss=0.6308 mean_loss=0.6520 classification=0.0197, bbox_regression=0.0429, bbox_ctrness=0.5682
epoch 35/50 iter 380/1860 loss=0.6887 mean_loss=0.6518 classification=0.0307, bbox_regression=0.0600, bbox_ctrness=0.5980
epoch 35/50 iter 400/1860 loss=0.6629 mean_loss=0.6519 classification=0.0009, bbox_regression=0.0433, bbox_ctrness=0.6187
epoch 35/50 iter 420/1860 loss=0.6399 mean_loss=0.6517 classification=0.0002, bbox_regression=0.0406, bbox_ctrness=0.5990
epoch 35/50 iter 440/1860 loss=0.6426 mean_loss=0.6514 classification=0.0043, bbox_regression=0.0317, bbox_ctrness=0.6066
epoch 35/50 iter 460/1860 loss=0.6440 mean_loss=0.6511 classification=0.0004, bbox_regression=0.0457, bbox_ctrness=0.5980
epoch 35/50 iter 480/1860 loss=0.6172 mean_loss=0.6515 classification=0.0083, bbox_regression=0.0304, bbox_ctrness=0.5784
epoch 35/50 iter 500/1860 loss=0.6299 mean_loss=0.6513 classification=0.0011, bbox_regression=0.0368, bbox_ctrness=0.5920
epoch 35/50 iter 520/1860 loss=0.6732 mean_loss=0.6513 classification=0.0273, bbox_regression=0.0442, bbox_ctrness=0.6018
epoch 35/50 iter 540/1860 loss=0.6389 mean_loss=0.6512 classification=0.0054, bbox_regression=0.0318, bbox_ctrness=0.6016
epoch 35/50 iter 560/1860 loss=0.6564 mean_loss=0.6511 classification=0.0060, bbox_regression=0.0427, bbox_ctrness=0.6077
epoch 35/50 iter 580/1860 loss=0.6368 mean_loss=0.6509 classification=0.0047, bbox_regression=0.0469, bbox_ctrness=0.5852
epoch 35/50 iter 600/1860 loss=0.6297 mean_loss=0.6508 classification=0.0001, bbox_regression=0.0572, bbox_ctrness=0.5724
epoch 35/50 iter 620/1860 loss=0.6493 mean_loss=0.6508 classification=0.0049, bbox_regression=0.0442, bbox_ctrness=0.6002
epoch 35/50 iter 640/1860 loss=0.6262 mean_loss=0.6509 classification=0.0026, bbox_regression=0.0370, bbox_ctrness=0.5866
epoch 35/50 iter 660/1860 loss=0.6490 mean_loss=0.6508 classification=0.0050, bbox_regression=0.0385, bbox_ctrness=0.6055
epoch 35/50 iter 680/1860 loss=0.6246 mean_loss=0.6507 classification=0.0022, bbox_regression=0.0364, bbox_ctrness=0.5860
epoch 35/50 iter 700/1860 loss=0.6607 mean_loss=0.6510 classification=0.0078, bbox_regression=0.0449, bbox_ctrness=0.6080
epoch 35/50 iter 720/1860 loss=0.6958 mean_loss=0.6511 classification=0.0170, bbox_regression=0.0837, bbox_ctrness=0.5950
epoch 35/50 iter 740/1860 loss=0.6559 mean_loss=0.6511 classification=0.0080, bbox_regression=0.0433, bbox_ctrness=0.6047
epoch 35/50 iter 760/1860 loss=0.6578 mean_loss=0.6512 classification=0.0109, bbox_regression=0.0472, bbox_ctrness=0.5997
epoch 35/50 iter 780/1860 loss=0.6333 mean_loss=0.6511 classification=0.0065, bbox_regression=0.0382, bbox_ctrness=0.5886
epoch 35/50 iter 800/1860 loss=0.6305 mean_loss=0.6510 classification=0.0010, bbox_regression=0.0342, bbox_ctrness=0.5954
epoch 35/50 iter 820/1860 loss=0.6639 mean_loss=0.6509 classification=0.0064, bbox_regression=0.0492, bbox_ctrness=0.6083
epoch 35/50 iter 840/1860 loss=0.6357 mean_loss=0.6510 classification=0.0013, bbox_regression=0.0436, bbox_ctrness=0.5908
epoch 35/50 iter 860/1860 loss=0.6461 mean_loss=0.6510 classification=0.0016, bbox_regression=0.0383, bbox_ctrness=0.6063
epoch 35/50 iter 880/1860 loss=0.6462 mean_loss=0.6509 classification=0.0104, bbox_regression=0.0390, bbox_ctrness=0.5968
epoch 35/50 iter 900/1860 loss=0.6366 mean_loss=0.6511 classification=0.0033, bbox_regression=0.0427, bbox_ctrness=0.5906
epoch 35/50 iter 920/1860 loss=0.6671 mean_loss=0.6512 classification=0.0047, bbox_regression=0.0681, bbox_ctrness=0.5943
epoch 35/50 iter 940/1860 loss=0.6486 mean_loss=0.6513 classification=0.0024, bbox_regression=0.0451, bbox_ctrness=0.6011
epoch 35/50 iter 960/1860 loss=0.6575 mean_loss=0.6514 classification=0.0006, bbox_regression=0.0361, bbox_ctrness=0.6208
epoch 35/50 iter 980/1860 loss=0.6539 mean_loss=0.6514 classification=0.0002, bbox_regression=0.0372, bbox_ctrness=0.6165
epoch 35/50 iter 1000/1860 loss=0.6601 mean_loss=0.6516 classification=0.0020, bbox_regression=0.0536, bbox_ctrness=0.6045
epoch 35/50 iter 1020/1860 loss=0.6373 mean_loss=0.6515 classification=0.0021, bbox_regression=0.0449, bbox_ctrness=0.5904
epoch 35/50 iter 1040/1860 loss=0.6682 mean_loss=0.6516 classification=0.0024, bbox_regression=0.0537, bbox_ctrness=0.6121
epoch 35/50 iter 1060/1860 loss=0.6610 mean_loss=0.6517 classification=0.0271, bbox_regression=0.0432, bbox_ctrness=0.5908
epoch 35/50 iter 1080/1860 loss=0.6780 mean_loss=0.6516 classification=0.0095, bbox_regression=0.0499, bbox_ctrness=0.6186
epoch 35/50 iter 1100/1860 loss=0.6484 mean_loss=0.6516 classification=0.0049, bbox_regression=0.0533, bbox_ctrness=0.5902
epoch 35/50 iter 1120/1860 loss=0.6441 mean_loss=0.6515 classification=0.0063, bbox_regression=0.0415, bbox_ctrness=0.5963
epoch 35/50 iter 1140/1860 loss=0.6762 mean_loss=0.6516 classification=0.0490, bbox_regression=0.0416, bbox_ctrness=0.5856
epoch 35/50 iter 1160/1860 loss=0.6608 mean_loss=0.6517 classification=0.0104, bbox_regression=0.0580, bbox_ctrness=0.5924
epoch 35/50 iter 1180/1860 loss=0.6430 mean_loss=0.6517 classification=0.0116, bbox_regression=0.0463, bbox_ctrness=0.5851
epoch 35/50 iter 1200/1860 loss=0.6538 mean_loss=0.6517 classification=0.0041, bbox_regression=0.0505, bbox_ctrness=0.5992
epoch 35/50 iter 1220/1860 loss=0.6364 mean_loss=0.6517 classification=0.0023, bbox_regression=0.0461, bbox_ctrness=0.5880
epoch 35/50 iter 1240/1860 loss=0.6601 mean_loss=0.6517 classification=0.0265, bbox_regression=0.0501, bbox_ctrness=0.5835
epoch 35/50 iter 1260/1860 loss=0.6465 mean_loss=0.6516 classification=0.0030, bbox_regression=0.0452, bbox_ctrness=0.5983
epoch 35/50 iter 1280/1860 loss=0.6436 mean_loss=0.6516 classification=0.0003, bbox_regression=0.0360, bbox_ctrness=0.6072
epoch 35/50 iter 1300/1860 loss=0.7001 mean_loss=0.6516 classification=0.0275, bbox_regression=0.0720, bbox_ctrness=0.6006
epoch 35/50 iter 1320/1860 loss=0.6327 mean_loss=0.6515 classification=0.0011, bbox_regression=0.0254, bbox_ctrness=0.6062
epoch 35/50 iter 1340/1860 loss=0.6320 mean_loss=0.6515 classification=0.0007, bbox_regression=0.0473, bbox_ctrness=0.5841
epoch 35/50 iter 1360/1860 loss=0.6539 mean_loss=0.6515 classification=0.0127, bbox_regression=0.0559, bbox_ctrness=0.5853
epoch 35/50 iter 1380/1860 loss=0.6423 mean_loss=0.6515 classification=0.0031, bbox_regression=0.0465, bbox_ctrness=0.5927
epoch 35/50 iter 1400/1860 loss=0.6499 mean_loss=0.6514 classification=0.0024, bbox_regression=0.0466, bbox_ctrness=0.6009
epoch 35/50 iter 1420/1860 loss=0.6586 mean_loss=0.6513 classification=0.0180, bbox_regression=0.0341, bbox_ctrness=0.6066
epoch 35/50 iter 1440/1860 loss=0.6586 mean_loss=0.6512 classification=0.0152, bbox_regression=0.0425, bbox_ctrness=0.6009
epoch 35/50 iter 1460/1860 loss=0.6535 mean_loss=0.6511 classification=0.0024, bbox_regression=0.0444, bbox_ctrness=0.6067
epoch 35/50 iter 1480/1860 loss=0.6359 mean_loss=0.6512 classification=0.0024, bbox_regression=0.0283, bbox_ctrness=0.6052
epoch 35/50 iter 1500/1860 loss=0.6532 mean_loss=0.6512 classification=0.0026, bbox_regression=0.0377, bbox_ctrness=0.6130
epoch 35/50 iter 1520/1860 loss=0.6524 mean_loss=0.6512 classification=0.0028, bbox_regression=0.0364, bbox_ctrness=0.6133
epoch 35/50 iter 1540/1860 loss=0.6364 mean_loss=0.6511 classification=0.0026, bbox_regression=0.0342, bbox_ctrness=0.5996
epoch 35/50 iter 1560/1860 loss=0.6458 mean_loss=0.6511 classification=0.0063, bbox_regression=0.0431, bbox_ctrness=0.5964
epoch 35/50 iter 1580/1860 loss=0.6741 mean_loss=0.6512 classification=0.0060, bbox_regression=0.0534, bbox_ctrness=0.6147
epoch 35/50 iter 1600/1860 loss=0.6592 mean_loss=0.6511 classification=0.0004, bbox_regression=0.0402, bbox_ctrness=0.6186
epoch 35/50 iter 1620/1860 loss=0.6311 mean_loss=0.6511 classification=0.0099, bbox_regression=0.0494, bbox_ctrness=0.5718
epoch 35/50 iter 1640/1860 loss=0.6307 mean_loss=0.6511 classification=0.0044, bbox_regression=0.0349, bbox_ctrness=0.5914
epoch 35/50 iter 1660/1860 loss=0.6315 mean_loss=0.6511 classification=0.0054, bbox_regression=0.0355, bbox_ctrness=0.5906
epoch 35/50 iter 1680/1860 loss=0.6404 mean_loss=0.6511 classification=0.0021, bbox_regression=0.0455, bbox_ctrness=0.5929
epoch 35/50 iter 1700/1860 loss=0.6461 mean_loss=0.6511 classification=0.0024, bbox_regression=0.0605, bbox_ctrness=0.5831
epoch 35/50 iter 1720/1860 loss=0.6497 mean_loss=0.6511 classification=0.0019, bbox_regression=0.0415, bbox_ctrness=0.6063
epoch 35/50 iter 1740/1860 loss=0.6388 mean_loss=0.6510 classification=0.0102, bbox_regression=0.0396, bbox_ctrness=0.5891
epoch 35/50 iter 1760/1860 loss=0.6674 mean_loss=0.6510 classification=0.0142, bbox_regression=0.0645, bbox_ctrness=0.5887
epoch 35/50 iter 1780/1860 loss=0.6594 mean_loss=0.6511 classification=0.0097, bbox_regression=0.0506, bbox_ctrness=0.5991
epoch 35/50 iter 1800/1860 loss=0.6519 mean_loss=0.6510 classification=0.0030, bbox_regression=0.0464, bbox_ctrness=0.6026
epoch 35/50 iter 1820/1860 loss=0.6309 mean_loss=0.6513 classification=0.0021, bbox_regression=0.0344, bbox_ctrness=0.5944
epoch 35/50 iter 1840/1860 loss=0.6111 mean_loss=0.6513 classification=0.0045, bbox_regression=0.0415, bbox_ctrness=0.5651
epoch 35/50 iter 1860/1860 loss=0.6604 mean_loss=0.6514 classification=0.0046, bbox_regression=0.0515, bbox_ctrness=0.6044
epoch 35 validation Precision=0.7283 Recall=0.9301 AP50=0.9102 AP75=0.8451 eval_fps=19.91 epoch_time_sec=936.3
saved checkpoint: E:\RepViT-main\runs\v48_complete_ablation\training\ra_stems_project_seed2\weights\last.pt
epoch 36/50 iter 1/1860 loss=0.6619 mean_loss=0.6619 classification=0.0061, bbox_regression=0.0549, bbox_ctrness=0.6009
epoch 36/50 iter 20/1860 loss=0.6604 mean_loss=0.6548 classification=0.0081, bbox_regression=0.0544, bbox_ctrness=0.5979
epoch 36/50 iter 40/1860 loss=0.6636 mean_loss=0.6512 classification=0.0016, bbox_regression=0.0681, bbox_ctrness=0.5939
epoch 36/50 iter 60/1860 loss=0.6543 mean_loss=0.6502 classification=0.0007, bbox_regression=0.0359, bbox_ctrness=0.6178
epoch 36/50 iter 80/1860 loss=0.6656 mean_loss=0.6497 classification=0.0109, bbox_regression=0.0502, bbox_ctrness=0.6045
epoch 36/50 iter 100/1860 loss=0.6456 mean_loss=0.6495 classification=0.0040, bbox_regression=0.0576, bbox_ctrness=0.5841
epoch 36/50 iter 120/1860 loss=0.6407 mean_loss=0.6490 classification=0.0014, bbox_regression=0.0466, bbox_ctrness=0.5927
epoch 36/50 iter 140/1860 loss=0.6471 mean_loss=0.6483 classification=0.0007, bbox_regression=0.0330, bbox_ctrness=0.6134
epoch 36/50 iter 160/1860 loss=0.6265 mean_loss=0.6477 classification=0.0005, bbox_regression=0.0366, bbox_ctrness=0.5894
epoch 36/50 iter 180/1860 loss=0.6445 mean_loss=0.6474 classification=0.0005, bbox_regression=0.0303, bbox_ctrness=0.6137
epoch 36/50 iter 200/1860 loss=0.6396 mean_loss=0.6470 classification=0.0021, bbox_regression=0.0534, bbox_ctrness=0.5841
epoch 36/50 iter 220/1860 loss=0.6427 mean_loss=0.6481 classification=0.0117, bbox_regression=0.0355, bbox_ctrness=0.5955
epoch 36/50 iter 240/1860 loss=0.6492 mean_loss=0.6487 classification=0.0063, bbox_regression=0.0456, bbox_ctrness=0.5973
epoch 36/50 iter 260/1860 loss=0.6691 mean_loss=0.6496 classification=0.0271, bbox_regression=0.0407, bbox_ctrness=0.6013
epoch 36/50 iter 280/1860 loss=0.6518 mean_loss=0.6497 classification=0.0021, bbox_regression=0.0496, bbox_ctrness=0.6000
epoch 36/50 iter 300/1860 loss=0.6413 mean_loss=0.6503 classification=0.0118, bbox_regression=0.0321, bbox_ctrness=0.5974
epoch 36/50 iter 320/1860 loss=0.6643 mean_loss=0.6505 classification=0.0009, bbox_regression=0.0432, bbox_ctrness=0.6202
epoch 36/50 iter 340/1860 loss=0.6454 mean_loss=0.6505 classification=0.0085, bbox_regression=0.0382, bbox_ctrness=0.5987
epoch 36/50 iter 360/1860 loss=0.6526 mean_loss=0.6514 classification=0.0077, bbox_regression=0.0435, bbox_ctrness=0.6014
epoch 36/50 iter 380/1860 loss=0.6401 mean_loss=0.6511 classification=0.0037, bbox_regression=0.0499, bbox_ctrness=0.5866
epoch 36/50 iter 400/1860 loss=0.6317 mean_loss=0.6510 classification=0.0080, bbox_regression=0.0373, bbox_ctrness=0.5864
epoch 36/50 iter 420/1860 loss=0.6677 mean_loss=0.6508 classification=0.0185, bbox_regression=0.0559, bbox_ctrness=0.5933
epoch 36/50 iter 440/1860 loss=0.6330 mean_loss=0.6504 classification=0.0008, bbox_regression=0.0306, bbox_ctrness=0.6016
epoch 36/50 iter 460/1860 loss=0.6547 mean_loss=0.6508 classification=0.0014, bbox_regression=0.0469, bbox_ctrness=0.6064
epoch 36/50 iter 480/1860 loss=0.6763 mean_loss=0.6508 classification=0.0187, bbox_regression=0.0434, bbox_ctrness=0.6142
epoch 36/50 iter 500/1860 loss=0.6481 mean_loss=0.6508 classification=0.0018, bbox_regression=0.0514, bbox_ctrness=0.5949
epoch 36/50 iter 520/1860 loss=0.6415 mean_loss=0.6505 classification=0.0005, bbox_regression=0.0385, bbox_ctrness=0.6026
epoch 36/50 iter 540/1860 loss=0.6394 mean_loss=0.6506 classification=0.0137, bbox_regression=0.0387, bbox_ctrness=0.5869
epoch 36/50 iter 560/1860 loss=0.6542 mean_loss=0.6504 classification=0.0001, bbox_regression=0.0285, bbox_ctrness=0.6256
epoch 36/50 iter 580/1860 loss=0.6736 mean_loss=0.6504 classification=0.0048, bbox_regression=0.0783, bbox_ctrness=0.5905
epoch 36/50 iter 600/1860 loss=0.6650 mean_loss=0.6504 classification=0.0069, bbox_regression=0.0465, bbox_ctrness=0.6116
epoch 36/50 iter 620/1860 loss=0.6526 mean_loss=0.6503 classification=0.0015, bbox_regression=0.0374, bbox_ctrness=0.6137
epoch 36/50 iter 640/1860 loss=0.6344 mean_loss=0.6501 classification=0.0004, bbox_regression=0.0402, bbox_ctrness=0.5939
epoch 36/50 iter 660/1860 loss=0.6562 mean_loss=0.6503 classification=0.0079, bbox_regression=0.0559, bbox_ctrness=0.5925
epoch 36/50 iter 680/1860 loss=0.6382 mean_loss=0.6502 classification=0.0017, bbox_regression=0.0336, bbox_ctrness=0.6029
epoch 36/50 iter 700/1860 loss=0.6315 mean_loss=0.6502 classification=0.0042, bbox_regression=0.0371, bbox_ctrness=0.5902
epoch 36/50 iter 720/1860 loss=0.6543 mean_loss=0.6501 classification=0.0002, bbox_regression=0.0398, bbox_ctrness=0.6143
epoch 36/50 iter 740/1860 loss=0.6394 mean_loss=0.6499 classification=0.0023, bbox_regression=0.0394, bbox_ctrness=0.5977
epoch 36/50 iter 760/1860 loss=0.6511 mean_loss=0.6496 classification=0.0007, bbox_regression=0.0471, bbox_ctrness=0.6033
epoch 36/50 iter 780/1860 loss=0.6417 mean_loss=0.6495 classification=0.0020, bbox_regression=0.0408, bbox_ctrness=0.5989
epoch 36/50 iter 800/1860 loss=0.6246 mean_loss=0.6493 classification=0.0045, bbox_regression=0.0355, bbox_ctrness=0.5846
epoch 36/50 iter 820/1860 loss=0.6430 mean_loss=0.6493 classification=0.0015, bbox_regression=0.0462, bbox_ctrness=0.5953
epoch 36/50 iter 840/1860 loss=0.6264 mean_loss=0.6492 classification=0.0009, bbox_regression=0.0332, bbox_ctrness=0.5923
epoch 36/50 iter 860/1860 loss=0.6392 mean_loss=0.6495 classification=0.0147, bbox_regression=0.0410, bbox_ctrness=0.5835
epoch 36/50 iter 880/1860 loss=0.6345 mean_loss=0.6493 classification=0.0042, bbox_regression=0.0281, bbox_ctrness=0.6022
epoch 36/50 iter 900/1860 loss=0.6439 mean_loss=0.6493 classification=0.0018, bbox_regression=0.0422, bbox_ctrness=0.5999
epoch 36/50 iter 920/1860 loss=0.6578 mean_loss=0.6493 classification=0.0016, bbox_regression=0.0560, bbox_ctrness=0.6002
epoch 36/50 iter 940/1860 loss=0.6424 mean_loss=0.6495 classification=0.0006, bbox_regression=0.0501, bbox_ctrness=0.5917
epoch 36/50 iter 960/1860 loss=0.6606 mean_loss=0.6497 classification=0.0107, bbox_regression=0.0532, bbox_ctrness=0.5966
epoch 36/50 iter 980/1860 loss=0.6604 mean_loss=0.6497 classification=0.0008, bbox_regression=0.0456, bbox_ctrness=0.6140
epoch 36/50 iter 1000/1860 loss=0.6635 mean_loss=0.6498 classification=0.0019, bbox_regression=0.0534, bbox_ctrness=0.6082
epoch 36/50 iter 1020/1860 loss=0.6499 mean_loss=0.6497 classification=0.0006, bbox_regression=0.0496, bbox_ctrness=0.5996
epoch 36/50 iter 1040/1860 loss=0.6555 mean_loss=0.6496 classification=0.0026, bbox_regression=0.0454, bbox_ctrness=0.6075
epoch 36/50 iter 1060/1860 loss=0.6700 mean_loss=0.6496 classification=0.0088, bbox_regression=0.0461, bbox_ctrness=0.6151
epoch 36/50 iter 1080/1860 loss=0.6421 mean_loss=0.6495 classification=0.0062, bbox_regression=0.0536, bbox_ctrness=0.5824
epoch 36/50 iter 1100/1860 loss=0.6481 mean_loss=0.6494 classification=0.0071, bbox_regression=0.0394, bbox_ctrness=0.6017
epoch 36/50 iter 1120/1860 loss=0.6369 mean_loss=0.6494 classification=0.0011, bbox_regression=0.0354, bbox_ctrness=0.6004
epoch 36/50 iter 1140/1860 loss=0.6501 mean_loss=0.6493 classification=0.0007, bbox_regression=0.0339, bbox_ctrness=0.6155
epoch 36/50 iter 1160/1860 loss=0.6520 mean_loss=0.6493 classification=0.0032, bbox_regression=0.0478, bbox_ctrness=0.6010
epoch 36/50 iter 1180/1860 loss=0.6251 mean_loss=0.6493 classification=0.0018, bbox_regression=0.0388, bbox_ctrness=0.5846
epoch 36/50 iter 1200/1860 loss=0.6472 mean_loss=0.6492 classification=0.0063, bbox_regression=0.0443, bbox_ctrness=0.5966
epoch 36/50 iter 1220/1860 loss=0.6647 mean_loss=0.6493 classification=0.0021, bbox_regression=0.0638, bbox_ctrness=0.5987
epoch 36/50 iter 1240/1860 loss=0.6622 mean_loss=0.6494 classification=0.0242, bbox_regression=0.0495, bbox_ctrness=0.5885
epoch 36/50 iter 1260/1860 loss=0.6750 mean_loss=0.6494 classification=0.0090, bbox_regression=0.0598, bbox_ctrness=0.6062
epoch 36/50 iter 1280/1860 loss=0.6231 mean_loss=0.6495 classification=0.0030, bbox_regression=0.0347, bbox_ctrness=0.5854
epoch 36/50 iter 1300/1860 loss=0.6453 mean_loss=0.6495 classification=0.0079, bbox_regression=0.0385, bbox_ctrness=0.5988
epoch 36/50 iter 1320/1860 loss=0.6537 mean_loss=0.6496 classification=0.0034, bbox_regression=0.0558, bbox_ctrness=0.5945
epoch 36/50 iter 1340/1860 loss=0.6528 mean_loss=0.6495 classification=0.0012, bbox_regression=0.0546, bbox_ctrness=0.5970
epoch 36/50 iter 1360/1860 loss=0.6420 mean_loss=0.6495 classification=0.0026, bbox_regression=0.0427, bbox_ctrness=0.5967
epoch 36/50 iter 1380/1860 loss=0.6559 mean_loss=0.6494 classification=0.0089, bbox_regression=0.0413, bbox_ctrness=0.6056
epoch 36/50 iter 1400/1860 loss=0.6588 mean_loss=0.6494 classification=0.0036, bbox_regression=0.0399, bbox_ctrness=0.6153
epoch 36/50 iter 1420/1860 loss=0.6499 mean_loss=0.6494 classification=0.0014, bbox_regression=0.0363, bbox_ctrness=0.6121
epoch 36/50 iter 1440/1860 loss=0.6353 mean_loss=0.6493 classification=0.0013, bbox_regression=0.0396, bbox_ctrness=0.5944
epoch 36/50 iter 1460/1860 loss=0.6551 mean_loss=0.6492 classification=0.0002, bbox_regression=0.0436, bbox_ctrness=0.6113
epoch 36/50 iter 1480/1860 loss=0.6467 mean_loss=0.6492 classification=0.0005, bbox_regression=0.0465, bbox_ctrness=0.5996
epoch 36/50 iter 1500/1860 loss=0.6706 mean_loss=0.6492 classification=0.0130, bbox_regression=0.0740, bbox_ctrness=0.5836
epoch 36/50 iter 1520/1860 loss=0.6449 mean_loss=0.6493 classification=0.0115, bbox_regression=0.0367, bbox_ctrness=0.5968
epoch 36/50 iter 1540/1860 loss=0.6567 mean_loss=0.6493 classification=0.0002, bbox_regression=0.0306, bbox_ctrness=0.6260
epoch 36/50 iter 1560/1860 loss=0.6363 mean_loss=0.6497 classification=0.0118, bbox_regression=0.0429, bbox_ctrness=0.5815
epoch 36/50 iter 1580/1860 loss=0.6397 mean_loss=0.6500 classification=0.0138, bbox_regression=0.0490, bbox_ctrness=0.5769
epoch 36/50 iter 1600/1860 loss=0.6519 mean_loss=0.6501 classification=0.0070, bbox_regression=0.0541, bbox_ctrness=0.5908
epoch 36/50 iter 1620/1860 loss=0.6704 mean_loss=0.6502 classification=0.0173, bbox_regression=0.0541, bbox_ctrness=0.5990
epoch 36/50 iter 1640/1860 loss=0.6646 mean_loss=0.6502 classification=0.0264, bbox_regression=0.0476, bbox_ctrness=0.5906
epoch 36/50 iter 1660/1860 loss=0.8733 mean_loss=0.6504 classification=0.2140, bbox_regression=0.0543, bbox_ctrness=0.6050
epoch 36/50 iter 1680/1860 loss=0.6698 mean_loss=0.6506 classification=0.0028, bbox_regression=0.0524, bbox_ctrness=0.6146
epoch 36/50 iter 1700/1860 loss=0.6496 mean_loss=0.6506 classification=0.0070, bbox_regression=0.0447, bbox_ctrness=0.5978
epoch 36/50 iter 1720/1860 loss=0.6803 mean_loss=0.6506 classification=0.0231, bbox_regression=0.0632, bbox_ctrness=0.5940
epoch 36/50 iter 1740/1860 loss=0.6852 mean_loss=0.6506 classification=0.0184, bbox_regression=0.0692, bbox_ctrness=0.5976
epoch 36/50 iter 1760/1860 loss=0.6577 mean_loss=0.6507 classification=0.0014, bbox_regression=0.0451, bbox_ctrness=0.6111
epoch 36/50 iter 1780/1860 loss=0.6579 mean_loss=0.6508 classification=0.0052, bbox_regression=0.0417, bbox_ctrness=0.6110
epoch 36/50 iter 1800/1860 loss=0.6423 mean_loss=0.6508 classification=0.0011, bbox_regression=0.0481, bbox_ctrness=0.5931
epoch 36/50 iter 1820/1860 loss=0.6669 mean_loss=0.6508 classification=0.0021, bbox_regression=0.0687, bbox_ctrness=0.5961
epoch 36/50 iter 1840/1860 loss=0.6620 mean_loss=0.6509 classification=0.0178, bbox_regression=0.0562, bbox_ctrness=0.5880
epoch 36/50 iter 1860/1860 loss=0.6656 mean_loss=0.6510 classification=0.0053, bbox_regression=0.0601, bbox_ctrness=0.6003
epoch 36 validation Precision=0.6192 Recall=0.9405 AP50=0.9153 AP75=0.8459 eval_fps=20.66 epoch_time_sec=938.2
saved checkpoint: E:\RepViT-main\runs\v48_complete_ablation\training\ra_stems_project_seed2\weights\last.pt
epoch 37/50 iter 1/1860 loss=0.6565 mean_loss=0.6565 classification=0.0141, bbox_regression=0.0502, bbox_ctrness=0.5921
epoch 37/50 iter 20/1860 loss=0.6451 mean_loss=0.6519 classification=0.0091, bbox_regression=0.0522, bbox_ctrness=0.5838
epoch 37/50 iter 40/1860 loss=0.6354 mean_loss=0.6525 classification=0.0014, bbox_regression=0.0464, bbox_ctrness=0.5875
epoch 37/50 iter 60/1860 loss=0.6412 mean_loss=0.6517 classification=0.0008, bbox_regression=0.0428, bbox_ctrness=0.5976
epoch 37/50 iter 80/1860 loss=0.6465 mean_loss=0.6507 classification=0.0020, bbox_regression=0.0353, bbox_ctrness=0.6092
epoch 37/50 iter 100/1860 loss=0.6280 mean_loss=0.6508 classification=0.0005, bbox_regression=0.0307, bbox_ctrness=0.5969
epoch 37/50 iter 120/1860 loss=0.6597 mean_loss=0.6506 classification=0.0016, bbox_regression=0.0529, bbox_ctrness=0.6052
epoch 37/50 iter 140/1860 loss=0.6365 mean_loss=0.6499 classification=0.0032, bbox_regression=0.0408, bbox_ctrness=0.5925
epoch 37/50 iter 160/1860 loss=0.6445 mean_loss=0.6497 classification=0.0005, bbox_regression=0.0316, bbox_ctrness=0.6124
epoch 37/50 iter 180/1860 loss=0.6610 mean_loss=0.6490 classification=0.0015, bbox_regression=0.0505, bbox_ctrness=0.6090
epoch 37/50 iter 200/1860 loss=0.6569 mean_loss=0.6487 classification=0.0016, bbox_regression=0.0401, bbox_ctrness=0.6152
epoch 37/50 iter 220/1860 loss=0.6307 mean_loss=0.6488 classification=0.0031, bbox_regression=0.0415, bbox_ctrness=0.5861
epoch 37/50 iter 240/1860 loss=0.6466 mean_loss=0.6495 classification=0.0056, bbox_regression=0.0465, bbox_ctrness=0.5945
epoch 37/50 iter 260/1860 loss=0.6564 mean_loss=0.6495 classification=0.0071, bbox_regression=0.0420, bbox_ctrness=0.6073
epoch 37/50 iter 280/1860 loss=0.6459 mean_loss=0.6490 classification=0.0068, bbox_regression=0.0456, bbox_ctrness=0.5935
epoch 37/50 iter 300/1860 loss=0.6520 mean_loss=0.6492 classification=0.0007, bbox_regression=0.0501, bbox_ctrness=0.6012
epoch 37/50 iter 320/1860 loss=0.6461 mean_loss=0.6492 classification=0.0004, bbox_regression=0.0561, bbox_ctrness=0.5896
epoch 37/50 iter 340/1860 loss=0.6630 mean_loss=0.6491 classification=0.0050, bbox_regression=0.0458, bbox_ctrness=0.6121
epoch 37/50 iter 360/1860 loss=0.6359 mean_loss=0.6490 classification=0.0013, bbox_regression=0.0453, bbox_ctrness=0.5893
epoch 37/50 iter 380/1860 loss=0.6664 mean_loss=0.6487 classification=0.0269, bbox_regression=0.0413, bbox_ctrness=0.5982
epoch 37/50 iter 400/1860 loss=0.6299 mean_loss=0.6485 classification=0.0012, bbox_regression=0.0411, bbox_ctrness=0.5876
epoch 37/50 iter 420/1860 loss=0.6277 mean_loss=0.6484 classification=0.0014, bbox_regression=0.0414, bbox_ctrness=0.5848
epoch 37/50 iter 440/1860 loss=0.6341 mean_loss=0.6486 classification=0.0095, bbox_regression=0.0432, bbox_ctrness=0.5814
epoch 37/50 iter 460/1860 loss=0.7517 mean_loss=0.6492 classification=0.0823, bbox_regression=0.0689, bbox_ctrness=0.6006
epoch 37/50 iter 480/1860 loss=0.6512 mean_loss=0.6494 classification=0.0010, bbox_regression=0.0442, bbox_ctrness=0.6059
epoch 37/50 iter 500/1860 loss=0.6472 mean_loss=0.6499 classification=0.0007, bbox_regression=0.0344, bbox_ctrness=0.6120
epoch 37/50 iter 520/1860 loss=0.6317 mean_loss=0.6499 classification=0.0007, bbox_regression=0.0460, bbox_ctrness=0.5850
epoch 37/50 iter 540/1860 loss=0.6471 mean_loss=0.6498 classification=0.0021, bbox_regression=0.0332, bbox_ctrness=0.6118
epoch 37/50 iter 560/1860 loss=0.6521 mean_loss=0.6499 classification=0.0190, bbox_regression=0.0439, bbox_ctrness=0.5892
epoch 37/50 iter 580/1860 loss=0.6448 mean_loss=0.6497 classification=0.0088, bbox_regression=0.0385, bbox_ctrness=0.5975
epoch 37/50 iter 600/1860 loss=0.6066 mean_loss=0.6496 classification=0.0037, bbox_regression=0.0339, bbox_ctrness=0.5691
epoch 37/50 iter 620/1860 loss=0.6287 mean_loss=0.6496 classification=0.0020, bbox_regression=0.0401, bbox_ctrness=0.5866
epoch 37/50 iter 640/1860 loss=0.6522 mean_loss=0.6496 classification=0.0058, bbox_regression=0.0449, bbox_ctrness=0.6015
epoch 37/50 iter 660/1860 loss=0.6401 mean_loss=0.6497 classification=0.0018, bbox_regression=0.0411, bbox_ctrness=0.5972
epoch 37/50 iter 680/1860 loss=0.6665 mean_loss=0.6497 classification=0.0068, bbox_regression=0.0607, bbox_ctrness=0.5990
epoch 37/50 iter 700/1860 loss=0.7023 mean_loss=0.6496 classification=0.0128, bbox_regression=0.0837, bbox_ctrness=0.6057
epoch 37/50 iter 720/1860 loss=0.7235 mean_loss=0.6497 classification=0.0799, bbox_regression=0.0551, bbox_ctrness=0.5885
epoch 37/50 iter 740/1860 loss=0.6773 mean_loss=0.6496 classification=0.0090, bbox_regression=0.0557, bbox_ctrness=0.6126
epoch 37/50 iter 760/1860 loss=0.6658 mean_loss=0.6499 classification=0.0083, bbox_regression=0.0521, bbox_ctrness=0.6054
epoch 37/50 iter 780/1860 loss=0.6291 mean_loss=0.6501 classification=0.0019, bbox_regression=0.0453, bbox_ctrness=0.5819
epoch 37/50 iter 800/1860 loss=0.6924 mean_loss=0.6499 classification=0.0011, bbox_regression=0.0608, bbox_ctrness=0.6305
epoch 37/50 iter 820/1860 loss=0.6302 mean_loss=0.6498 classification=0.0021, bbox_regression=0.0414, bbox_ctrness=0.5867
epoch 37/50 iter 840/1860 loss=0.6520 mean_loss=0.6497 classification=0.0002, bbox_regression=0.0381, bbox_ctrness=0.6137
epoch 37/50 iter 860/1860 loss=0.6458 mean_loss=0.6496 classification=0.0054, bbox_regression=0.0415, bbox_ctrness=0.5988
epoch 37/50 iter 880/1860 loss=0.6352 mean_loss=0.6498 classification=0.0011, bbox_regression=0.0418, bbox_ctrness=0.5923
epoch 37/50 iter 900/1860 loss=0.6384 mean_loss=0.6497 classification=0.0006, bbox_regression=0.0375, bbox_ctrness=0.6002
epoch 37/50 iter 920/1860 loss=0.6492 mean_loss=0.6495 classification=0.0065, bbox_regression=0.0527, bbox_ctrness=0.5900
epoch 37/50 iter 940/1860 loss=0.6455 mean_loss=0.6493 classification=0.0066, bbox_regression=0.0330, bbox_ctrness=0.6059
epoch 37/50 iter 960/1860 loss=0.6291 mean_loss=0.6494 classification=0.0006, bbox_regression=0.0358, bbox_ctrness=0.5926
epoch 37/50 iter 980/1860 loss=0.6703 mean_loss=0.6494 classification=0.0164, bbox_regression=0.0553, bbox_ctrness=0.5986
epoch 37/50 iter 1000/1860 loss=0.6380 mean_loss=0.6494 classification=0.0005, bbox_regression=0.0422, bbox_ctrness=0.5953
epoch 37/50 iter 1020/1860 loss=0.6421 mean_loss=0.6494 classification=0.0008, bbox_regression=0.0253, bbox_ctrness=0.6161
epoch 37/50 iter 1040/1860 loss=0.6552 mean_loss=0.6493 classification=0.0064, bbox_regression=0.0426, bbox_ctrness=0.6062
epoch 37/50 iter 1060/1860 loss=0.6221 mean_loss=0.6493 classification=0.0003, bbox_regression=0.0309, bbox_ctrness=0.5909
epoch 37/50 iter 1080/1860 loss=0.6702 mean_loss=0.6493 classification=0.0069, bbox_regression=0.0614, bbox_ctrness=0.6019
epoch 37/50 iter 1100/1860 loss=0.6572 mean_loss=0.6494 classification=0.0221, bbox_regression=0.0437, bbox_ctrness=0.5913
epoch 37/50 iter 1120/1860 loss=0.6592 mean_loss=0.6494 classification=0.0055, bbox_regression=0.0451, bbox_ctrness=0.6086
epoch 37/50 iter 1140/1860 loss=0.6374 mean_loss=0.6493 classification=0.0040, bbox_regression=0.0417, bbox_ctrness=0.5917
epoch 37/50 iter 1160/1860 loss=0.6808 mean_loss=0.6494 classification=0.0070, bbox_regression=0.0549, bbox_ctrness=0.6190
epoch 37/50 iter 1180/1860 loss=0.6567 mean_loss=0.6495 classification=0.0040, bbox_regression=0.0504, bbox_ctrness=0.6024
epoch 37/50 iter 1200/1860 loss=0.6424 mean_loss=0.6496 classification=0.0063, bbox_regression=0.0391, bbox_ctrness=0.5970
epoch 37/50 iter 1220/1860 loss=0.6527 mean_loss=0.6495 classification=0.0029, bbox_regression=0.0503, bbox_ctrness=0.5995
epoch 37/50 iter 1240/1860 loss=0.6428 mean_loss=0.6496 classification=0.0008, bbox_regression=0.0452, bbox_ctrness=0.5968
epoch 37/50 iter 1260/1860 loss=0.6176 mean_loss=0.6496 classification=0.0008, bbox_regression=0.0357, bbox_ctrness=0.5812
epoch 37/50 iter 1280/1860 loss=0.6435 mean_loss=0.6496 classification=0.0047, bbox_regression=0.0362, bbox_ctrness=0.6026
epoch 37/50 iter 1300/1860 loss=0.6604 mean_loss=0.6495 classification=0.0010, bbox_regression=0.0430, bbox_ctrness=0.6163
epoch 37/50 iter 1320/1860 loss=0.6562 mean_loss=0.6495 classification=0.0159, bbox_regression=0.0368, bbox_ctrness=0.6034
epoch 37/50 iter 1340/1860 loss=0.6545 mean_loss=0.6495 classification=0.0203, bbox_regression=0.0433, bbox_ctrness=0.5908
epoch 37/50 iter 1360/1860 loss=0.6232 mean_loss=0.6495 classification=0.0020, bbox_regression=0.0414, bbox_ctrness=0.5797
epoch 37/50 iter 1380/1860 loss=0.6306 mean_loss=0.6494 classification=0.0015, bbox_regression=0.0413, bbox_ctrness=0.5877
epoch 37/50 iter 1400/1860 loss=0.6512 mean_loss=0.6493 classification=0.0025, bbox_regression=0.0352, bbox_ctrness=0.6135
epoch 37/50 iter 1420/1860 loss=0.6433 mean_loss=0.6494 classification=0.0016, bbox_regression=0.0439, bbox_ctrness=0.5977
epoch 37/50 iter 1440/1860 loss=0.6420 mean_loss=0.6495 classification=0.0039, bbox_regression=0.0440, bbox_ctrness=0.5941
epoch 37/50 iter 1460/1860 loss=0.6541 mean_loss=0.6496 classification=0.0057, bbox_regression=0.0406, bbox_ctrness=0.6078
epoch 37/50 iter 1480/1860 loss=0.6527 mean_loss=0.6496 classification=0.0044, bbox_regression=0.0506, bbox_ctrness=0.5977
epoch 37/50 iter 1500/1860 loss=0.6529 mean_loss=0.6496 classification=0.0017, bbox_regression=0.0511, bbox_ctrness=0.6001
epoch 37/50 iter 1520/1860 loss=0.6427 mean_loss=0.6496 classification=0.0015, bbox_regression=0.0346, bbox_ctrness=0.6065
epoch 37/50 iter 1540/1860 loss=0.6378 mean_loss=0.6496 classification=0.0045, bbox_regression=0.0425, bbox_ctrness=0.5908
epoch 37/50 iter 1560/1860 loss=0.6145 mean_loss=0.6495 classification=0.0007, bbox_regression=0.0327, bbox_ctrness=0.5811
epoch 37/50 iter 1580/1860 loss=0.6497 mean_loss=0.6496 classification=0.0020, bbox_regression=0.0403, bbox_ctrness=0.6074
epoch 37/50 iter 1600/1860 loss=0.6394 mean_loss=0.6496 classification=0.0040, bbox_regression=0.0409, bbox_ctrness=0.5946
epoch 37/50 iter 1620/1860 loss=0.6491 mean_loss=0.6496 classification=0.0019, bbox_regression=0.0415, bbox_ctrness=0.6057
epoch 37/50 iter 1640/1860 loss=0.6483 mean_loss=0.6496 classification=0.0035, bbox_regression=0.0391, bbox_ctrness=0.6057
epoch 37/50 iter 1660/1860 loss=0.6676 mean_loss=0.6496 classification=0.0258, bbox_regression=0.0428, bbox_ctrness=0.5991
epoch 37/50 iter 1680/1860 loss=0.6577 mean_loss=0.6496 classification=0.0051, bbox_regression=0.0585, bbox_ctrness=0.5941
epoch 37/50 iter 1700/1860 loss=0.6477 mean_loss=0.6496 classification=0.0099, bbox_regression=0.0436, bbox_ctrness=0.5942
epoch 37/50 iter 1720/1860 loss=0.6576 mean_loss=0.6497 classification=0.0041, bbox_regression=0.0550, bbox_ctrness=0.5985
epoch 37/50 iter 1740/1860 loss=0.6521 mean_loss=0.6497 classification=0.0004, bbox_regression=0.0359, bbox_ctrness=0.6158
epoch 37/50 iter 1760/1860 loss=0.6550 mean_loss=0.6497 classification=0.0203, bbox_regression=0.0412, bbox_ctrness=0.5936
epoch 37/50 iter 1780/1860 loss=0.6512 mean_loss=0.6497 classification=0.0023, bbox_regression=0.0451, bbox_ctrness=0.6037
epoch 37/50 iter 1800/1860 loss=0.6621 mean_loss=0.6499 classification=0.0168, bbox_regression=0.0539, bbox_ctrness=0.5914
epoch 37/50 iter 1820/1860 loss=0.6894 mean_loss=0.6502 classification=0.0048, bbox_regression=0.0543, bbox_ctrness=0.6303
epoch 37/50 iter 1840/1860 loss=0.6613 mean_loss=0.6503 classification=0.0007, bbox_regression=0.0429, bbox_ctrness=0.6177
epoch 37/50 iter 1860/1860 loss=0.6636 mean_loss=0.6503 classification=0.0123, bbox_regression=0.0547, bbox_ctrness=0.5966
epoch 37 validation Precision=0.7068 Recall=0.9451 AP50=0.9235 AP75=0.8492 eval_fps=21.09 epoch_time_sec=918.4
saved checkpoint: E:\RepViT-main\runs\v48_complete_ablation\training\ra_stems_project_seed2\weights\last.pt
epoch 38/50 iter 1/1860 loss=0.6410 mean_loss=0.6410 classification=0.0012, bbox_regression=0.0367, bbox_ctrness=0.6031
epoch 38/50 iter 20/1860 loss=0.6455 mean_loss=0.6484 classification=0.0028, bbox_regression=0.0367, bbox_ctrness=0.6060
epoch 38/50 iter 40/1860 loss=0.6598 mean_loss=0.6466 classification=0.0004, bbox_regression=0.0420, bbox_ctrness=0.6173
epoch 38/50 iter 60/1860 loss=0.6507 mean_loss=0.6481 classification=0.0134, bbox_regression=0.0488, bbox_ctrness=0.5885
epoch 38/50 iter 80/1860 loss=0.6339 mean_loss=0.6478 classification=0.0018, bbox_regression=0.0429, bbox_ctrness=0.5892
epoch 38/50 iter 100/1860 loss=0.6613 mean_loss=0.6481 classification=0.0014, bbox_regression=0.0534, bbox_ctrness=0.6065
epoch 38/50 iter 120/1860 loss=0.6461 mean_loss=0.6479 classification=0.0124, bbox_regression=0.0374, bbox_ctrness=0.5962
epoch 38/50 iter 140/1860 loss=0.6550 mean_loss=0.6491 classification=0.0047, bbox_regression=0.0522, bbox_ctrness=0.5981
epoch 38/50 iter 160/1860 loss=0.6457 mean_loss=0.6497 classification=0.0018, bbox_regression=0.0399, bbox_ctrness=0.6040
epoch 38/50 iter 180/1860 loss=0.6314 mean_loss=0.6495 classification=0.0069, bbox_regression=0.0406, bbox_ctrness=0.5839
epoch 38/50 iter 200/1860 loss=0.6433 mean_loss=0.6502 classification=0.0037, bbox_regression=0.0382, bbox_ctrness=0.6014
epoch 38/50 iter 220/1860 loss=0.6398 mean_loss=0.6500 classification=0.0015, bbox_regression=0.0469, bbox_ctrness=0.5914
epoch 38/50 iter 240/1860 loss=0.6560 mean_loss=0.6497 classification=0.0073, bbox_regression=0.0430, bbox_ctrness=0.6058
epoch 38/50 iter 260/1860 loss=0.6460 mean_loss=0.6501 classification=0.0024, bbox_regression=0.0428, bbox_ctrness=0.6008
epoch 38/50 iter 280/1860 loss=0.6505 mean_loss=0.6499 classification=0.0033, bbox_regression=0.0469, bbox_ctrness=0.6003
epoch 38/50 iter 300/1860 loss=0.6574 mean_loss=0.6497 classification=0.0050, bbox_regression=0.0507, bbox_ctrness=0.6017
epoch 38/50 iter 320/1860 loss=0.6608 mean_loss=0.6494 classification=0.0080, bbox_regression=0.0436, bbox_ctrness=0.6093
epoch 38/50 iter 340/1860 loss=0.6295 mean_loss=0.6489 classification=0.0004, bbox_regression=0.0411, bbox_ctrness=0.5880
epoch 38/50 iter 360/1860 loss=0.6414 mean_loss=0.6485 classification=0.0009, bbox_regression=0.0453, bbox_ctrness=0.5952
epoch 38/50 iter 380/1860 loss=0.6305 mean_loss=0.6485 classification=0.0018, bbox_regression=0.0491, bbox_ctrness=0.5796
epoch 38/50 iter 400/1860 loss=0.6382 mean_loss=0.6488 classification=0.0049, bbox_regression=0.0432, bbox_ctrness=0.5901
epoch 38/50 iter 420/1860 loss=0.6602 mean_loss=0.6486 classification=0.0018, bbox_regression=0.0515, bbox_ctrness=0.6069
epoch 38/50 iter 440/1860 loss=0.6475 mean_loss=0.6485 classification=0.0035, bbox_regression=0.0313, bbox_ctrness=0.6127
epoch 38/50 iter 460/1860 loss=0.6145 mean_loss=0.6480 classification=0.0018, bbox_regression=0.0339, bbox_ctrness=0.5787
epoch 38/50 iter 480/1860 loss=0.6884 mean_loss=0.6481 classification=0.0003, bbox_regression=0.0689, bbox_ctrness=0.6192
epoch 38/50 iter 500/1860 loss=0.6230 mean_loss=0.6482 classification=0.0024, bbox_regression=0.0388, bbox_ctrness=0.5817
epoch 38/50 iter 520/1860 loss=0.6244 mean_loss=0.6480 classification=0.0168, bbox_regression=0.0329, bbox_ctrness=0.5747
epoch 38/50 iter 540/1860 loss=0.6555 mean_loss=0.6481 classification=0.0008, bbox_regression=0.0388, bbox_ctrness=0.6159
epoch 38/50 iter 560/1860 loss=0.6533 mean_loss=0.6482 classification=0.0080, bbox_regression=0.0472, bbox_ctrness=0.5980
epoch 38/50 iter 580/1860 loss=0.6497 mean_loss=0.6481 classification=0.0010, bbox_regression=0.0474, bbox_ctrness=0.6013
epoch 38/50 iter 600/1860 loss=0.6347 mean_loss=0.6481 classification=0.0015, bbox_regression=0.0428, bbox_ctrness=0.5905
epoch 38/50 iter 620/1860 loss=0.6261 mean_loss=0.6481 classification=0.0121, bbox_regression=0.0372, bbox_ctrness=0.5767
epoch 38/50 iter 640/1860 loss=0.6459 mean_loss=0.6481 classification=0.0056, bbox_regression=0.0442, bbox_ctrness=0.5962
epoch 38/50 iter 660/1860 loss=0.6579 mean_loss=0.6481 classification=0.0105, bbox_regression=0.0553, bbox_ctrness=0.5920
epoch 38/50 iter 680/1860 loss=0.6399 mean_loss=0.6480 classification=0.0022, bbox_regression=0.0404, bbox_ctrness=0.5973
epoch 38/50 iter 700/1860 loss=0.6595 mean_loss=0.6480 classification=0.0128, bbox_regression=0.0507, bbox_ctrness=0.5960
epoch 38/50 iter 720/1860 loss=0.6740 mean_loss=0.6479 classification=0.0003, bbox_regression=0.0516, bbox_ctrness=0.6221
epoch 38/50 iter 740/1860 loss=0.6450 mean_loss=0.6480 classification=0.0007, bbox_regression=0.0396, bbox_ctrness=0.6047
epoch 38/50 iter 760/1860 loss=0.6474 mean_loss=0.6480 classification=0.0118, bbox_regression=0.0408, bbox_ctrness=0.5948
epoch 38/50 iter 780/1860 loss=0.6506 mean_loss=0.6479 classification=0.0032, bbox_regression=0.0454, bbox_ctrness=0.6021
epoch 38/50 iter 800/1860 loss=0.6593 mean_loss=0.6479 classification=0.0002, bbox_regression=0.0477, bbox_ctrness=0.6114
epoch 38/50 iter 820/1860 loss=0.6464 mean_loss=0.6477 classification=0.0006, bbox_regression=0.0474, bbox_ctrness=0.5983
epoch 38/50 iter 840/1860 loss=0.6487 mean_loss=0.6476 classification=0.0058, bbox_regression=0.0482, bbox_ctrness=0.5947
epoch 38/50 iter 860/1860 loss=0.6355 mean_loss=0.6477 classification=0.0013, bbox_regression=0.0329, bbox_ctrness=0.6013
epoch 38/50 iter 880/1860 loss=0.6217 mean_loss=0.6476 classification=0.0010, bbox_regression=0.0310, bbox_ctrness=0.5898
epoch 38/50 iter 900/1860 loss=0.6517 mean_loss=0.6476 classification=0.0110, bbox_regression=0.0453, bbox_ctrness=0.5954
epoch 38/50 iter 920/1860 loss=0.6556 mean_loss=0.6476 classification=0.0001, bbox_regression=0.0377, bbox_ctrness=0.6178
epoch 38/50 iter 940/1860 loss=0.6494 mean_loss=0.6476 classification=0.0046, bbox_regression=0.0545, bbox_ctrness=0.5903
epoch 38/50 iter 960/1860 loss=0.6759 mean_loss=0.6475 classification=0.0125, bbox_regression=0.0730, bbox_ctrness=0.5903
epoch 38/50 iter 980/1860 loss=0.6170 mean_loss=0.6477 classification=0.0004, bbox_regression=0.0430, bbox_ctrness=0.5737
epoch 38/50 iter 1000/1860 loss=0.6268 mean_loss=0.6475 classification=0.0033, bbox_regression=0.0353, bbox_ctrness=0.5882
epoch 38/50 iter 1020/1860 loss=0.6466 mean_loss=0.6476 classification=0.0020, bbox_regression=0.0472, bbox_ctrness=0.5974
epoch 38/50 iter 1040/1860 loss=0.6275 mean_loss=0.6476 classification=0.0010, bbox_regression=0.0405, bbox_ctrness=0.5860
epoch 38/50 iter 1060/1860 loss=0.6800 mean_loss=0.6477 classification=0.0054, bbox_regression=0.0626, bbox_ctrness=0.6120
epoch 38/50 iter 1080/1860 loss=0.6347 mean_loss=0.6475 classification=0.0026, bbox_regression=0.0416, bbox_ctrness=0.5905
epoch 38/50 iter 1100/1860 loss=0.6470 mean_loss=0.6474 classification=0.0004, bbox_regression=0.0415, bbox_ctrness=0.6051
epoch 38/50 iter 1120/1860 loss=0.6301 mean_loss=0.6473 classification=0.0001, bbox_regression=0.0345, bbox_ctrness=0.5955
epoch 38/50 iter 1140/1860 loss=0.6358 mean_loss=0.6473 classification=0.0064, bbox_regression=0.0387, bbox_ctrness=0.5907
epoch 38/50 iter 1160/1860 loss=0.6396 mean_loss=0.6475 classification=0.0029, bbox_regression=0.0400, bbox_ctrness=0.5968
epoch 38/50 iter 1180/1860 loss=0.6868 mean_loss=0.6479 classification=0.0351, bbox_regression=0.0406, bbox_ctrness=0.6111
epoch 38/50 iter 1200/1860 loss=0.6430 mean_loss=0.6481 classification=0.0037, bbox_regression=0.0629, bbox_ctrness=0.5764
epoch 38/50 iter 1220/1860 loss=0.6997 mean_loss=0.6483 classification=0.0294, bbox_regression=0.0579, bbox_ctrness=0.6125
epoch 38/50 iter 1240/1860 loss=0.6442 mean_loss=0.6485 classification=0.0092, bbox_regression=0.0433, bbox_ctrness=0.5917
epoch 38/50 iter 1260/1860 loss=0.6440 mean_loss=0.6485 classification=0.0014, bbox_regression=0.0366, bbox_ctrness=0.6060
epoch 38/50 iter 1280/1860 loss=0.6504 mean_loss=0.6486 classification=0.0081, bbox_regression=0.0472, bbox_ctrness=0.5951
epoch 38/50 iter 1300/1860 loss=0.6571 mean_loss=0.6486 classification=0.0029, bbox_regression=0.0355, bbox_ctrness=0.6188
epoch 38/50 iter 1320/1860 loss=0.6748 mean_loss=0.6486 classification=0.0244, bbox_regression=0.0521, bbox_ctrness=0.5983
epoch 38/50 iter 1340/1860 loss=0.6377 mean_loss=0.6485 classification=0.0016, bbox_regression=0.0381, bbox_ctrness=0.5979
epoch 38/50 iter 1360/1860 loss=0.6556 mean_loss=0.6484 classification=0.0011, bbox_regression=0.0459, bbox_ctrness=0.6086
epoch 38/50 iter 1380/1860 loss=0.6535 mean_loss=0.6484 classification=0.0038, bbox_regression=0.0504, bbox_ctrness=0.5994
epoch 38/50 iter 1400/1860 loss=0.6758 mean_loss=0.6483 classification=0.0025, bbox_regression=0.0629, bbox_ctrness=0.6105
epoch 38/50 iter 1420/1860 loss=0.6379 mean_loss=0.6482 classification=0.0018, bbox_regression=0.0305, bbox_ctrness=0.6056
epoch 38/50 iter 1440/1860 loss=0.6424 mean_loss=0.6481 classification=0.0032, bbox_regression=0.0464, bbox_ctrness=0.5928
epoch 38/50 iter 1460/1860 loss=0.6338 mean_loss=0.6482 classification=0.0022, bbox_regression=0.0453, bbox_ctrness=0.5863
epoch 38/50 iter 1480/1860 loss=0.7566 mean_loss=0.6483 classification=0.0464, bbox_regression=0.0779, bbox_ctrness=0.6322
epoch 38/50 iter 1500/1860 loss=0.6297 mean_loss=0.6483 classification=0.0035, bbox_regression=0.0374, bbox_ctrness=0.5888
epoch 38/50 iter 1520/1860 loss=0.6321 mean_loss=0.6483 classification=0.0028, bbox_regression=0.0513, bbox_ctrness=0.5780
epoch 38/50 iter 1540/1860 loss=0.6401 mean_loss=0.6483 classification=0.0042, bbox_regression=0.0350, bbox_ctrness=0.6010
epoch 38/50 iter 1560/1860 loss=0.6587 mean_loss=0.6482 classification=0.0028, bbox_regression=0.0609, bbox_ctrness=0.5949
epoch 38/50 iter 1580/1860 loss=0.6129 mean_loss=0.6481 classification=0.0015, bbox_regression=0.0325, bbox_ctrness=0.5789
epoch 38/50 iter 1600/1860 loss=0.6589 mean_loss=0.6481 classification=0.0014, bbox_regression=0.0450, bbox_ctrness=0.6125
epoch 38/50 iter 1620/1860 loss=0.6528 mean_loss=0.6480 classification=0.0023, bbox_regression=0.0473, bbox_ctrness=0.6032
epoch 38/50 iter 1640/1860 loss=0.6347 mean_loss=0.6480 classification=0.0030, bbox_regression=0.0416, bbox_ctrness=0.5901
epoch 38/50 iter 1660/1860 loss=0.6206 mean_loss=0.6481 classification=0.0007, bbox_regression=0.0342, bbox_ctrness=0.5858
epoch 38/50 iter 1680/1860 loss=0.6660 mean_loss=0.6481 classification=0.0133, bbox_regression=0.0384, bbox_ctrness=0.6143
epoch 38/50 iter 1700/1860 loss=0.6442 mean_loss=0.6481 classification=0.0018, bbox_regression=0.0425, bbox_ctrness=0.5999
epoch 38/50 iter 1720/1860 loss=0.6503 mean_loss=0.6481 classification=0.0048, bbox_regression=0.0500, bbox_ctrness=0.5954
epoch 38/50 iter 1740/1860 loss=0.6421 mean_loss=0.6482 classification=0.0015, bbox_regression=0.0473, bbox_ctrness=0.5933
epoch 38/50 iter 1760/1860 loss=0.6297 mean_loss=0.6482 classification=0.0075, bbox_regression=0.0397, bbox_ctrness=0.5825
epoch 38/50 iter 1780/1860 loss=0.6338 mean_loss=0.6483 classification=0.0106, bbox_regression=0.0472, bbox_ctrness=0.5760
epoch 38/50 iter 1800/1860 loss=0.6490 mean_loss=0.6483 classification=0.0027, bbox_regression=0.0405, bbox_ctrness=0.6058
epoch 38/50 iter 1820/1860 loss=0.6428 mean_loss=0.6485 classification=0.0056, bbox_regression=0.0428, bbox_ctrness=0.5944
epoch 38/50 iter 1840/1860 loss=0.6378 mean_loss=0.6484 classification=0.0032, bbox_regression=0.0402, bbox_ctrness=0.5944
epoch 38/50 iter 1860/1860 loss=0.6373 mean_loss=0.6484 classification=0.0031, bbox_regression=0.0332, bbox_ctrness=0.6010
epoch 38 validation Precision=0.6467 Recall=0.9495 AP50=0.9257 AP75=0.8592 eval_fps=20.96 epoch_time_sec=923.6
saved checkpoint: E:\RepViT-main\runs\v48_complete_ablation\training\ra_stems_project_seed2\weights\last.pt
epoch 39/50 iter 1/1860 loss=0.6543 mean_loss=0.6543 classification=0.0035, bbox_regression=0.0362, bbox_ctrness=0.6146
epoch 39/50 iter 20/1860 loss=0.6120 mean_loss=0.6421 classification=0.0006, bbox_regression=0.0320, bbox_ctrness=0.5794
epoch 39/50 iter 40/1860 loss=0.6418 mean_loss=0.6425 classification=0.0069, bbox_regression=0.0459, bbox_ctrness=0.5890
epoch 39/50 iter 60/1860 loss=0.6299 mean_loss=0.6432 classification=0.0027, bbox_regression=0.0470, bbox_ctrness=0.5802
epoch 39/50 iter 80/1860 loss=0.6471 mean_loss=0.6431 classification=0.0034, bbox_regression=0.0375, bbox_ctrness=0.6063
epoch 39/50 iter 100/1860 loss=0.6530 mean_loss=0.6446 classification=0.0072, bbox_regression=0.0367, bbox_ctrness=0.6091
epoch 39/50 iter 120/1860 loss=0.6324 mean_loss=0.6444 classification=0.0040, bbox_regression=0.0345, bbox_ctrness=0.5938
epoch 39/50 iter 140/1860 loss=0.6311 mean_loss=0.6436 classification=0.0010, bbox_regression=0.0390, bbox_ctrness=0.5912
epoch 39/50 iter 160/1860 loss=0.6418 mean_loss=0.6437 classification=0.0006, bbox_regression=0.0369, bbox_ctrness=0.6043
epoch 39/50 iter 180/1860 loss=0.6416 mean_loss=0.6433 classification=0.0014, bbox_regression=0.0439, bbox_ctrness=0.5964
epoch 39/50 iter 200/1860 loss=0.6293 mean_loss=0.6430 classification=0.0012, bbox_regression=0.0388, bbox_ctrness=0.5893
epoch 39/50 iter 220/1860 loss=0.6495 mean_loss=0.6425 classification=0.0002, bbox_regression=0.0373, bbox_ctrness=0.6120
epoch 39/50 iter 240/1860 loss=0.7032 mean_loss=0.6428 classification=0.0512, bbox_regression=0.0458, bbox_ctrness=0.6062
epoch 39/50 iter 260/1860 loss=0.6607 mean_loss=0.6430 classification=0.0000, bbox_regression=0.0517, bbox_ctrness=0.6089
epoch 39/50 iter 280/1860 loss=0.6193 mean_loss=0.6429 classification=0.0047, bbox_regression=0.0287, bbox_ctrness=0.5859
epoch 39/50 iter 300/1860 loss=0.6630 mean_loss=0.6435 classification=0.0172, bbox_regression=0.0515, bbox_ctrness=0.5943
epoch 39/50 iter 320/1860 loss=0.6292 mean_loss=0.6440 classification=0.0006, bbox_regression=0.0334, bbox_ctrness=0.5952
epoch 39/50 iter 340/1860 loss=0.6396 mean_loss=0.6437 classification=0.0090, bbox_regression=0.0464, bbox_ctrness=0.5842
epoch 39/50 iter 360/1860 loss=0.6256 mean_loss=0.6437 classification=0.0088, bbox_regression=0.0322, bbox_ctrness=0.5846
epoch 39/50 iter 380/1860 loss=0.6159 mean_loss=0.6439 classification=0.0002, bbox_regression=0.0341, bbox_ctrness=0.5816
epoch 39/50 iter 400/1860 loss=0.6999 mean_loss=0.6439 classification=0.0476, bbox_regression=0.0416, bbox_ctrness=0.6107
epoch 39/50 iter 420/1860 loss=0.6329 mean_loss=0.6438 classification=0.0005, bbox_regression=0.0374, bbox_ctrness=0.5950
epoch 39/50 iter 440/1860 loss=0.6673 mean_loss=0.6441 classification=0.0030, bbox_regression=0.0536, bbox_ctrness=0.6107
epoch 39/50 iter 460/1860 loss=0.6377 mean_loss=0.6438 classification=0.0046, bbox_regression=0.0479, bbox_ctrness=0.5852
epoch 39/50 iter 480/1860 loss=0.6482 mean_loss=0.6439 classification=0.0017, bbox_regression=0.0529, bbox_ctrness=0.5936
epoch 39/50 iter 500/1860 loss=0.6617 mean_loss=0.6440 classification=0.0082, bbox_regression=0.0498, bbox_ctrness=0.6036
epoch 39/50 iter 520/1860 loss=0.6541 mean_loss=0.6441 classification=0.0022, bbox_regression=0.0513, bbox_ctrness=0.6005
epoch 39/50 iter 540/1860 loss=0.6294 mean_loss=0.6441 classification=0.0006, bbox_regression=0.0331, bbox_ctrness=0.5957
epoch 39/50 iter 560/1860 loss=0.6221 mean_loss=0.6444 classification=0.0019, bbox_regression=0.0367, bbox_ctrness=0.5835
epoch 39/50 iter 580/1860 loss=0.6374 mean_loss=0.6444 classification=0.0032, bbox_regression=0.0325, bbox_ctrness=0.6017
epoch 39/50 iter 600/1860 loss=0.6570 mean_loss=0.6444 classification=0.0025, bbox_regression=0.0502, bbox_ctrness=0.6043
epoch 39/50 iter 620/1860 loss=0.6523 mean_loss=0.6443 classification=0.0101, bbox_regression=0.0547, bbox_ctrness=0.5875
epoch 39/50 iter 640/1860 loss=0.6210 mean_loss=0.6443 classification=0.0007, bbox_regression=0.0342, bbox_ctrness=0.5861
epoch 39/50 iter 660/1860 loss=0.6310 mean_loss=0.6444 classification=0.0003, bbox_regression=0.0332, bbox_ctrness=0.5975
epoch 39/50 iter 680/1860 loss=0.6393 mean_loss=0.6446 classification=0.0108, bbox_regression=0.0380, bbox_ctrness=0.5906
epoch 39/50 iter 700/1860 loss=0.6373 mean_loss=0.6449 classification=0.0007, bbox_regression=0.0326, bbox_ctrness=0.6040
epoch 39/50 iter 720/1860 loss=0.6429 mean_loss=0.6449 classification=0.0012, bbox_regression=0.0476, bbox_ctrness=0.5941
epoch 39/50 iter 740/1860 loss=0.6500 mean_loss=0.6450 classification=0.0240, bbox_regression=0.0354, bbox_ctrness=0.5907
epoch 39/50 iter 760/1860 loss=0.6391 mean_loss=0.6449 classification=0.0049, bbox_regression=0.0485, bbox_ctrness=0.5857
epoch 39/50 iter 780/1860 loss=0.6458 mean_loss=0.6449 classification=0.0014, bbox_regression=0.0468, bbox_ctrness=0.5975
epoch 39/50 iter 800/1860 loss=0.6406 mean_loss=0.6451 classification=0.0016, bbox_regression=0.0408, bbox_ctrness=0.5982
epoch 39/50 iter 820/1860 loss=0.6289 mean_loss=0.6450 classification=0.0016, bbox_regression=0.0430, bbox_ctrness=0.5844
epoch 39/50 iter 840/1860 loss=0.6642 mean_loss=0.6452 classification=0.0201, bbox_regression=0.0427, bbox_ctrness=0.6014
epoch 39/50 iter 860/1860 loss=0.6352 mean_loss=0.6452 classification=0.0008, bbox_regression=0.0371, bbox_ctrness=0.5973
epoch 39/50 iter 880/1860 loss=0.6306 mean_loss=0.6451 classification=0.0034, bbox_regression=0.0407, bbox_ctrness=0.5864
epoch 39/50 iter 900/1860 loss=0.6386 mean_loss=0.6452 classification=0.0043, bbox_regression=0.0452, bbox_ctrness=0.5890
epoch 39/50 iter 920/1860 loss=0.6370 mean_loss=0.6451 classification=0.0003, bbox_regression=0.0358, bbox_ctrness=0.6009
epoch 39/50 iter 940/1860 loss=0.6461 mean_loss=0.6452 classification=0.0039, bbox_regression=0.0362, bbox_ctrness=0.6061
epoch 39/50 iter 960/1860 loss=0.6289 mean_loss=0.6452 classification=0.0015, bbox_regression=0.0419, bbox_ctrness=0.5855
epoch 39/50 iter 980/1860 loss=0.6082 mean_loss=0.6451 classification=0.0024, bbox_regression=0.0283, bbox_ctrness=0.5775
epoch 39/50 iter 1000/1860 loss=0.7198 mean_loss=0.6455 classification=0.0649, bbox_regression=0.0614, bbox_ctrness=0.5935
epoch 39/50 iter 1020/1860 loss=0.6343 mean_loss=0.6455 classification=0.0123, bbox_regression=0.0416, bbox_ctrness=0.5804
epoch 39/50 iter 1040/1860 loss=0.6443 mean_loss=0.6455 classification=0.0080, bbox_regression=0.0403, bbox_ctrness=0.5960
epoch 39/50 iter 1060/1860 loss=0.6380 mean_loss=0.6455 classification=0.0042, bbox_regression=0.0352, bbox_ctrness=0.5986
epoch 39/50 iter 1080/1860 loss=0.6515 mean_loss=0.6455 classification=0.0017, bbox_regression=0.0586, bbox_ctrness=0.5912
epoch 39/50 iter 1100/1860 loss=0.6395 mean_loss=0.6455 classification=0.0006, bbox_regression=0.0335, bbox_ctrness=0.6054
epoch 39/50 iter 1120/1860 loss=0.6549 mean_loss=0.6454 classification=0.0120, bbox_regression=0.0454, bbox_ctrness=0.5975
epoch 39/50 iter 1140/1860 loss=0.6729 mean_loss=0.6455 classification=0.0108, bbox_regression=0.0474, bbox_ctrness=0.6147
epoch 39/50 iter 1160/1860 loss=0.6420 mean_loss=0.6455 classification=0.0009, bbox_regression=0.0438, bbox_ctrness=0.5973
epoch 39/50 iter 1180/1860 loss=0.6164 mean_loss=0.6456 classification=0.0023, bbox_regression=0.0310, bbox_ctrness=0.5831
epoch 39/50 iter 1200/1860 loss=0.6315 mean_loss=0.6455 classification=0.0028, bbox_regression=0.0419, bbox_ctrness=0.5868
epoch 39/50 iter 1220/1860 loss=0.6516 mean_loss=0.6457 classification=0.0040, bbox_regression=0.0419, bbox_ctrness=0.6057
epoch 39/50 iter 1240/1860 loss=0.6317 mean_loss=0.6457 classification=0.0020, bbox_regression=0.0348, bbox_ctrness=0.5948
epoch 39/50 iter 1260/1860 loss=0.6716 mean_loss=0.6457 classification=0.0017, bbox_regression=0.0525, bbox_ctrness=0.6173
epoch 39/50 iter 1280/1860 loss=0.7174 mean_loss=0.6458 classification=0.0028, bbox_regression=0.0875, bbox_ctrness=0.6271
epoch 39/50 iter 1300/1860 loss=0.6399 mean_loss=0.6457 classification=0.0025, bbox_regression=0.0465, bbox_ctrness=0.5910
epoch 39/50 iter 1320/1860 loss=0.6327 mean_loss=0.6458 classification=0.0005, bbox_regression=0.0357, bbox_ctrness=0.5965
epoch 39/50 iter 1340/1860 loss=0.6481 mean_loss=0.6457 classification=0.0071, bbox_regression=0.0386, bbox_ctrness=0.6024
epoch 39/50 iter 1360/1860 loss=0.6561 mean_loss=0.6457 classification=0.0001, bbox_regression=0.0439, bbox_ctrness=0.6121
epoch 39/50 iter 1380/1860 loss=0.6346 mean_loss=0.6458 classification=0.0123, bbox_regression=0.0359, bbox_ctrness=0.5864
epoch 39/50 iter 1400/1860 loss=0.6503 mean_loss=0.6459 classification=0.0017, bbox_regression=0.0375, bbox_ctrness=0.6111
epoch 39/50 iter 1420/1860 loss=0.6482 mean_loss=0.6458 classification=0.0055, bbox_regression=0.0478, bbox_ctrness=0.5949
epoch 39/50 iter 1440/1860 loss=0.6345 mean_loss=0.6458 classification=0.0063, bbox_regression=0.0405, bbox_ctrness=0.5877
epoch 39/50 iter 1460/1860 loss=0.6343 mean_loss=0.6457 classification=0.0015, bbox_regression=0.0366, bbox_ctrness=0.5962
epoch 39/50 iter 1480/1860 loss=0.6435 mean_loss=0.6457 classification=0.0003, bbox_regression=0.0421, bbox_ctrness=0.6011
epoch 39/50 iter 1500/1860 loss=0.6248 mean_loss=0.6457 classification=0.0012, bbox_regression=0.0337, bbox_ctrness=0.5899
epoch 39/50 iter 1520/1860 loss=0.6250 mean_loss=0.6457 classification=0.0021, bbox_regression=0.0354, bbox_ctrness=0.5874
epoch 39/50 iter 1540/1860 loss=0.6163 mean_loss=0.6456 classification=0.0015, bbox_regression=0.0349, bbox_ctrness=0.5799
epoch 39/50 iter 1560/1860 loss=0.6281 mean_loss=0.6456 classification=0.0004, bbox_regression=0.0366, bbox_ctrness=0.5911
epoch 39/50 iter 1580/1860 loss=0.6533 mean_loss=0.6457 classification=0.0022, bbox_regression=0.0512, bbox_ctrness=0.5999
epoch 39/50 iter 1600/1860 loss=0.6427 mean_loss=0.6457 classification=0.0165, bbox_regression=0.0413, bbox_ctrness=0.5849
epoch 39/50 iter 1620/1860 loss=0.6252 mean_loss=0.6456 classification=0.0029, bbox_regression=0.0411, bbox_ctrness=0.5812
epoch 39/50 iter 1640/1860 loss=0.6486 mean_loss=0.6457 classification=0.0006, bbox_regression=0.0435, bbox_ctrness=0.6045
epoch 39/50 iter 1660/1860 loss=0.6796 mean_loss=0.6457 classification=0.0049, bbox_regression=0.0599, bbox_ctrness=0.6148
epoch 39/50 iter 1680/1860 loss=0.6408 mean_loss=0.6456 classification=0.0010, bbox_regression=0.0375, bbox_ctrness=0.6022
epoch 39/50 iter 1700/1860 loss=0.6287 mean_loss=0.6456 classification=0.0003, bbox_regression=0.0353, bbox_ctrness=0.5931
epoch 39/50 iter 1720/1860 loss=0.6789 mean_loss=0.6456 classification=0.0256, bbox_regression=0.0664, bbox_ctrness=0.5869
epoch 39/50 iter 1740/1860 loss=0.6535 mean_loss=0.6455 classification=0.0013, bbox_regression=0.0504, bbox_ctrness=0.6017
epoch 39/50 iter 1760/1860 loss=0.6654 mean_loss=0.6456 classification=0.0021, bbox_regression=0.0587, bbox_ctrness=0.6046
epoch 39/50 iter 1780/1860 loss=0.6448 mean_loss=0.6456 classification=0.0017, bbox_regression=0.0402, bbox_ctrness=0.6029
epoch 39/50 iter 1800/1860 loss=0.6452 mean_loss=0.6457 classification=0.0002, bbox_regression=0.0350, bbox_ctrness=0.6101
epoch 39/50 iter 1820/1860 loss=0.6682 mean_loss=0.6458 classification=0.0016, bbox_regression=0.0464, bbox_ctrness=0.6202
epoch 39/50 iter 1840/1860 loss=0.6313 mean_loss=0.6458 classification=0.0015, bbox_regression=0.0394, bbox_ctrness=0.5904
epoch 39/50 iter 1860/1860 loss=0.6317 mean_loss=0.6458 classification=0.0016, bbox_regression=0.0442, bbox_ctrness=0.5859
epoch 39 validation Precision=0.8446 Recall=0.9136 AP50=0.8973 AP75=0.8399 eval_fps=20.41 epoch_time_sec=929.9
saved checkpoint: E:\RepViT-main\runs\v48_complete_ablation\training\ra_stems_project_seed2\weights\last.pt
epoch 40/50 iter 1/1860 loss=0.6502 mean_loss=0.6502 classification=0.0018, bbox_regression=0.0342, bbox_ctrness=0.6141
epoch 40/50 iter 20/1860 loss=0.6516 mean_loss=0.6462 classification=0.0004, bbox_regression=0.0456, bbox_ctrness=0.6056
epoch 40/50 iter 40/1860 loss=0.6446 mean_loss=0.6449 classification=0.0035, bbox_regression=0.0426, bbox_ctrness=0.5986
epoch 40/50 iter 60/1860 loss=0.6534 mean_loss=0.6462 classification=0.0035, bbox_regression=0.0474, bbox_ctrness=0.6025
epoch 40/50 iter 80/1860 loss=0.6669 mean_loss=0.6466 classification=0.0332, bbox_regression=0.0395, bbox_ctrness=0.5942
epoch 40/50 iter 100/1860 loss=0.6385 mean_loss=0.6458 classification=0.0005, bbox_regression=0.0431, bbox_ctrness=0.5949
epoch 40/50 iter 120/1860 loss=0.6597 mean_loss=0.6465 classification=0.0082, bbox_regression=0.0548, bbox_ctrness=0.5968
epoch 40/50 iter 140/1860 loss=0.6630 mean_loss=0.6465 classification=0.0137, bbox_regression=0.0484, bbox_ctrness=0.6008
epoch 40/50 iter 160/1860 loss=0.6340 mean_loss=0.6451 classification=0.0005, bbox_regression=0.0413, bbox_ctrness=0.5923
epoch 40/50 iter 180/1860 loss=0.6731 mean_loss=0.6451 classification=0.0156, bbox_regression=0.0425, bbox_ctrness=0.6150
epoch 40/50 iter 200/1860 loss=0.6217 mean_loss=0.6446 classification=0.0004, bbox_regression=0.0263, bbox_ctrness=0.5949
epoch 40/50 iter 220/1860 loss=0.6596 mean_loss=0.6440 classification=0.0199, bbox_regression=0.0461, bbox_ctrness=0.5935
epoch 40/50 iter 240/1860 loss=0.6322 mean_loss=0.6437 classification=0.0011, bbox_regression=0.0392, bbox_ctrness=0.5919
epoch 40/50 iter 260/1860 loss=0.6312 mean_loss=0.6440 classification=0.0054, bbox_regression=0.0368, bbox_ctrness=0.5891
epoch 40/50 iter 280/1860 loss=0.6340 mean_loss=0.6439 classification=0.0005, bbox_regression=0.0361, bbox_ctrness=0.5974
epoch 40/50 iter 300/1860 loss=0.6382 mean_loss=0.6435 classification=0.0014, bbox_regression=0.0339, bbox_ctrness=0.6029
epoch 40/50 iter 320/1860 loss=0.6258 mean_loss=0.6434 classification=0.0009, bbox_regression=0.0336, bbox_ctrness=0.5913
epoch 40/50 iter 340/1860 loss=0.6532 mean_loss=0.6433 classification=0.0014, bbox_regression=0.0416, bbox_ctrness=0.6102
epoch 40/50 iter 360/1860 loss=0.6403 mean_loss=0.6434 classification=0.0029, bbox_regression=0.0419, bbox_ctrness=0.5954
epoch 40/50 iter 380/1860 loss=0.6589 mean_loss=0.6432 classification=0.0001, bbox_regression=0.0480, bbox_ctrness=0.6108
epoch 40/50 iter 400/1860 loss=0.6435 mean_loss=0.6431 classification=0.0015, bbox_regression=0.0524, bbox_ctrness=0.5897
epoch 40/50 iter 420/1860 loss=0.6767 mean_loss=0.6431 classification=0.0015, bbox_regression=0.0497, bbox_ctrness=0.6256
epoch 40/50 iter 440/1860 loss=0.6402 mean_loss=0.6430 classification=0.0048, bbox_regression=0.0440, bbox_ctrness=0.5913
epoch 40/50 iter 460/1860 loss=0.6091 mean_loss=0.6429 classification=0.0012, bbox_regression=0.0343, bbox_ctrness=0.5737
epoch 40/50 iter 480/1860 loss=0.6384 mean_loss=0.6431 classification=0.0051, bbox_regression=0.0357, bbox_ctrness=0.5976
epoch 40/50 iter 500/1860 loss=0.6404 mean_loss=0.6435 classification=0.0087, bbox_regression=0.0368, bbox_ctrness=0.5949
epoch 40/50 iter 520/1860 loss=0.6431 mean_loss=0.6441 classification=0.0045, bbox_regression=0.0536, bbox_ctrness=0.5850
epoch 40/50 iter 540/1860 loss=0.6614 mean_loss=0.6446 classification=0.0106, bbox_regression=0.0427, bbox_ctrness=0.6080
epoch 40/50 iter 560/1860 loss=0.6493 mean_loss=0.6447 classification=0.0011, bbox_regression=0.0374, bbox_ctrness=0.6108
epoch 40/50 iter 580/1860 loss=0.7362 mean_loss=0.6450 classification=0.0461, bbox_regression=0.0735, bbox_ctrness=0.6167
epoch 40/50 iter 600/1860 loss=0.6397 mean_loss=0.6450 classification=0.0026, bbox_regression=0.0411, bbox_ctrness=0.5959
epoch 40/50 iter 620/1860 loss=0.6525 mean_loss=0.6450 classification=0.0007, bbox_regression=0.0486, bbox_ctrness=0.6032
epoch 40/50 iter 640/1860 loss=0.6398 mean_loss=0.6453 classification=0.0010, bbox_regression=0.0447, bbox_ctrness=0.5941
epoch 40/50 iter 660/1860 loss=0.6468 mean_loss=0.6455 classification=0.0019, bbox_regression=0.0424, bbox_ctrness=0.6026
epoch 40/50 iter 680/1860 loss=0.6412 mean_loss=0.6456 classification=0.0052, bbox_regression=0.0328, bbox_ctrness=0.6031
epoch 40/50 iter 700/1860 loss=0.6490 mean_loss=0.6457 classification=0.0002, bbox_regression=0.0455, bbox_ctrness=0.6033
epoch 40/50 iter 720/1860 loss=0.6496 mean_loss=0.6454 classification=0.0014, bbox_regression=0.0390, bbox_ctrness=0.6092
epoch 40/50 iter 740/1860 loss=0.6504 mean_loss=0.6453 classification=0.0032, bbox_regression=0.0384, bbox_ctrness=0.6089
epoch 40/50 iter 760/1860 loss=0.6421 mean_loss=0.6453 classification=0.0056, bbox_regression=0.0352, bbox_ctrness=0.6013
epoch 40/50 iter 780/1860 loss=0.6498 mean_loss=0.6455 classification=0.0156, bbox_regression=0.0448, bbox_ctrness=0.5894
epoch 40/50 iter 800/1860 loss=0.6507 mean_loss=0.6453 classification=0.0016, bbox_regression=0.0463, bbox_ctrness=0.6028
epoch 40/50 iter 820/1860 loss=0.7782 mean_loss=0.6456 classification=0.0814, bbox_regression=0.0956, bbox_ctrness=0.6013
epoch 40/50 iter 840/1860 loss=0.6385 mean_loss=0.6456 classification=0.0058, bbox_regression=0.0414, bbox_ctrness=0.5913
epoch 40/50 iter 860/1860 loss=0.6740 mean_loss=0.6458 classification=0.0056, bbox_regression=0.0464, bbox_ctrness=0.6220
epoch 40/50 iter 880/1860 loss=0.6484 mean_loss=0.6459 classification=0.0064, bbox_regression=0.0469, bbox_ctrness=0.5951
epoch 40/50 iter 900/1860 loss=0.6659 mean_loss=0.6460 classification=0.0054, bbox_regression=0.0615, bbox_ctrness=0.5990
epoch 40/50 iter 920/1860 loss=0.6538 mean_loss=0.6460 classification=0.0109, bbox_regression=0.0461, bbox_ctrness=0.5968
epoch 40/50 iter 940/1860 loss=0.6631 mean_loss=0.6461 classification=0.0013, bbox_regression=0.0442, bbox_ctrness=0.6177
epoch 40/50 iter 960/1860 loss=0.6096 mean_loss=0.6460 classification=0.0005, bbox_regression=0.0393, bbox_ctrness=0.5699
epoch 40/50 iter 980/1860 loss=0.6434 mean_loss=0.6461 classification=0.0063, bbox_regression=0.0382, bbox_ctrness=0.5990
epoch 40/50 iter 1000/1860 loss=0.6563 mean_loss=0.6463 classification=0.0032, bbox_regression=0.0424, bbox_ctrness=0.6108
epoch 40/50 iter 1020/1860 loss=0.6543 mean_loss=0.6463 classification=0.0005, bbox_regression=0.0482, bbox_ctrness=0.6056
epoch 40/50 iter 1040/1860 loss=0.6568 mean_loss=0.6463 classification=0.0053, bbox_regression=0.0533, bbox_ctrness=0.5983
epoch 40/50 iter 1060/1860 loss=0.6509 mean_loss=0.6464 classification=0.0038, bbox_regression=0.0386, bbox_ctrness=0.6084
epoch 40/50 iter 1080/1860 loss=0.7904 mean_loss=0.6466 classification=0.1425, bbox_regression=0.0503, bbox_ctrness=0.5976
epoch 40/50 iter 1100/1860 loss=0.6184 mean_loss=0.6466 classification=0.0019, bbox_regression=0.0315, bbox_ctrness=0.5850
epoch 40/50 iter 1120/1860 loss=0.6376 mean_loss=0.6465 classification=0.0037, bbox_regression=0.0345, bbox_ctrness=0.5993
epoch 40/50 iter 1140/1860 loss=0.6430 mean_loss=0.6465 classification=0.0018, bbox_regression=0.0408, bbox_ctrness=0.6004
epoch 40/50 iter 1160/1860 loss=0.6554 mean_loss=0.6466 classification=0.0195, bbox_regression=0.0536, bbox_ctrness=0.5822
epoch 40/50 iter 1180/1860 loss=0.6460 mean_loss=0.6466 classification=0.0112, bbox_regression=0.0462, bbox_ctrness=0.5886
epoch 40/50 iter 1200/1860 loss=0.6385 mean_loss=0.6467 classification=0.0032, bbox_regression=0.0438, bbox_ctrness=0.5915
epoch 40/50 iter 1220/1860 loss=0.6674 mean_loss=0.6469 classification=0.0162, bbox_regression=0.0473, bbox_ctrness=0.6039
epoch 40/50 iter 1240/1860 loss=0.6536 mean_loss=0.6470 classification=0.0037, bbox_regression=0.0384, bbox_ctrness=0.6114
epoch 40/50 iter 1260/1860 loss=0.6643 mean_loss=0.6472 classification=0.0042, bbox_regression=0.0578, bbox_ctrness=0.6023
epoch 40/50 iter 1280/1860 loss=0.6483 mean_loss=0.6472 classification=0.0011, bbox_regression=0.0474, bbox_ctrness=0.5998
epoch 40/50 iter 1300/1860 loss=0.6384 mean_loss=0.6472 classification=0.0069, bbox_regression=0.0451, bbox_ctrness=0.5864
epoch 40/50 iter 1320/1860 loss=0.6472 mean_loss=0.6471 classification=0.0026, bbox_regression=0.0358, bbox_ctrness=0.6089
epoch 40/50 iter 1340/1860 loss=0.6669 mean_loss=0.6471 classification=0.0006, bbox_regression=0.0529, bbox_ctrness=0.6134
epoch 40/50 iter 1360/1860 loss=0.6457 mean_loss=0.6471 classification=0.0123, bbox_regression=0.0367, bbox_ctrness=0.5967
epoch 40/50 iter 1380/1860 loss=0.7525 mean_loss=0.6472 classification=0.0766, bbox_regression=0.0760, bbox_ctrness=0.5999
epoch 40/50 iter 1400/1860 loss=0.6316 mean_loss=0.6473 classification=0.0014, bbox_regression=0.0442, bbox_ctrness=0.5860
epoch 40/50 iter 1420/1860 loss=0.6387 mean_loss=0.6474 classification=0.0065, bbox_regression=0.0379, bbox_ctrness=0.5943
epoch 40/50 iter 1440/1860 loss=0.6447 mean_loss=0.6474 classification=0.0043, bbox_regression=0.0321, bbox_ctrness=0.6083
epoch 40/50 iter 1460/1860 loss=0.6272 mean_loss=0.6476 classification=0.0025, bbox_regression=0.0409, bbox_ctrness=0.5838
epoch 40/50 iter 1480/1860 loss=0.6327 mean_loss=0.6476 classification=0.0042, bbox_regression=0.0385, bbox_ctrness=0.5900
epoch 40/50 iter 1500/1860 loss=0.6371 mean_loss=0.6476 classification=0.0045, bbox_regression=0.0361, bbox_ctrness=0.5965
epoch 40/50 iter 1520/1860 loss=0.6527 mean_loss=0.6476 classification=0.0040, bbox_regression=0.0597, bbox_ctrness=0.5890
epoch 40/50 iter 1540/1860 loss=0.6462 mean_loss=0.6476 classification=0.0051, bbox_regression=0.0405, bbox_ctrness=0.6006
epoch 40/50 iter 1560/1860 loss=0.6503 mean_loss=0.6475 classification=0.0030, bbox_regression=0.0399, bbox_ctrness=0.6074
epoch 40/50 iter 1580/1860 loss=0.6617 mean_loss=0.6476 classification=0.0115, bbox_regression=0.0515, bbox_ctrness=0.5986
epoch 40/50 iter 1600/1860 loss=0.6575 mean_loss=0.6476 classification=0.0094, bbox_regression=0.0421, bbox_ctrness=0.6061
epoch 40/50 iter 1620/1860 loss=0.6444 mean_loss=0.6477 classification=0.0015, bbox_regression=0.0406, bbox_ctrness=0.6023
epoch 40/50 iter 1640/1860 loss=0.6464 mean_loss=0.6477 classification=0.0046, bbox_regression=0.0431, bbox_ctrness=0.5987
epoch 40/50 iter 1660/1860 loss=0.7254 mean_loss=0.6479 classification=0.0904, bbox_regression=0.0500, bbox_ctrness=0.5849
epoch 40/50 iter 1680/1860 loss=0.6427 mean_loss=0.6478 classification=0.0253, bbox_regression=0.0300, bbox_ctrness=0.5874
epoch 40/50 iter 1700/1860 loss=0.6273 mean_loss=0.6478 classification=0.0057, bbox_regression=0.0368, bbox_ctrness=0.5847
epoch 40/50 iter 1720/1860 loss=0.6216 mean_loss=0.6478 classification=0.0012, bbox_regression=0.0341, bbox_ctrness=0.5863
epoch 40/50 iter 1740/1860 loss=0.6408 mean_loss=0.6477 classification=0.0007, bbox_regression=0.0345, bbox_ctrness=0.6055
epoch 40/50 iter 1760/1860 loss=0.6460 mean_loss=0.6477 classification=0.0119, bbox_regression=0.0465, bbox_ctrness=0.5876
epoch 40/50 iter 1780/1860 loss=0.6521 mean_loss=0.6477 classification=0.0048, bbox_regression=0.0547, bbox_ctrness=0.5927
epoch 40/50 iter 1800/1860 loss=0.6504 mean_loss=0.6476 classification=0.0012, bbox_regression=0.0387, bbox_ctrness=0.6105
epoch 40/50 iter 1820/1860 loss=0.6425 mean_loss=0.6477 classification=0.0014, bbox_regression=0.0350, bbox_ctrness=0.6061
epoch 40/50 iter 1840/1860 loss=0.6770 mean_loss=0.6477 classification=0.0242, bbox_regression=0.0546, bbox_ctrness=0.5982
epoch 40/50 iter 1860/1860 loss=0.6508 mean_loss=0.6477 classification=0.0012, bbox_regression=0.0353, bbox_ctrness=0.6143
epoch 40 validation Precision=0.8134 Recall=0.9299 AP50=0.9134 AP75=0.8494 eval_fps=21.29 epoch_time_sec=940.3
saved checkpoint: E:\RepViT-main\runs\v48_complete_ablation\training\ra_stems_project_seed2\weights\last.pt
epoch 41/50 iter 1/1860 loss=0.6467 mean_loss=0.6467 classification=0.0084, bbox_regression=0.0528, bbox_ctrness=0.5855
epoch 41/50 iter 20/1860 loss=0.6528 mean_loss=0.6445 classification=0.0019, bbox_regression=0.0408, bbox_ctrness=0.6101
epoch 41/50 iter 40/1860 loss=0.6377 mean_loss=0.6425 classification=0.0076, bbox_regression=0.0420, bbox_ctrness=0.5881
epoch 41/50 iter 60/1860 loss=0.6357 mean_loss=0.6422 classification=0.0003, bbox_regression=0.0275, bbox_ctrness=0.6079
epoch 41/50 iter 80/1860 loss=0.6604 mean_loss=0.6423 classification=0.0085, bbox_regression=0.0419, bbox_ctrness=0.6099
epoch 41/50 iter 100/1860 loss=0.6260 mean_loss=0.6424 classification=0.0040, bbox_regression=0.0418, bbox_ctrness=0.5802
epoch 41/50 iter 120/1860 loss=0.6623 mean_loss=0.6435 classification=0.0001, bbox_regression=0.0418, bbox_ctrness=0.6205
epoch 41/50 iter 140/1860 loss=0.6444 mean_loss=0.6437 classification=0.0050, bbox_regression=0.0365, bbox_ctrness=0.6028
epoch 41/50 iter 160/1860 loss=0.6279 mean_loss=0.6433 classification=0.0045, bbox_regression=0.0422, bbox_ctrness=0.5812
epoch 41/50 iter 180/1860 loss=0.6593 mean_loss=0.6431 classification=0.0189, bbox_regression=0.0307, bbox_ctrness=0.6097
epoch 41/50 iter 200/1860 loss=0.6584 mean_loss=0.6440 classification=0.0000, bbox_regression=0.0392, bbox_ctrness=0.6192
epoch 41/50 iter 220/1860 loss=0.6432 mean_loss=0.6442 classification=0.0028, bbox_regression=0.0437, bbox_ctrness=0.5968
epoch 41/50 iter 240/1860 loss=0.6400 mean_loss=0.6446 classification=0.0033, bbox_regression=0.0364, bbox_ctrness=0.6004
epoch 41/50 iter 260/1860 loss=0.6415 mean_loss=0.6452 classification=0.0008, bbox_regression=0.0410, bbox_ctrness=0.5996
epoch 41/50 iter 280/1860 loss=0.6301 mean_loss=0.6451 classification=0.0017, bbox_regression=0.0400, bbox_ctrness=0.5884
epoch 41/50 iter 300/1860 loss=0.6544 mean_loss=0.6464 classification=0.0006, bbox_regression=0.0415, bbox_ctrness=0.6124
epoch 41/50 iter 320/1860 loss=0.6321 mean_loss=0.6464 classification=0.0064, bbox_regression=0.0451, bbox_ctrness=0.5806
epoch 41/50 iter 340/1860 loss=0.6424 mean_loss=0.6464 classification=0.0039, bbox_regression=0.0422, bbox_ctrness=0.5963
epoch 41/50 iter 360/1860 loss=0.6582 mean_loss=0.6465 classification=0.0017, bbox_regression=0.0449, bbox_ctrness=0.6115
epoch 41/50 iter 380/1860 loss=0.6234 mean_loss=0.6463 classification=0.0017, bbox_regression=0.0376, bbox_ctrness=0.5841
epoch 41/50 iter 400/1860 loss=0.6429 mean_loss=0.6461 classification=0.0020, bbox_regression=0.0355, bbox_ctrness=0.6054
epoch 41/50 iter 420/1860 loss=0.6257 mean_loss=0.6461 classification=0.0016, bbox_regression=0.0413, bbox_ctrness=0.5828
epoch 41/50 iter 440/1860 loss=0.6431 mean_loss=0.6460 classification=0.0085, bbox_regression=0.0473, bbox_ctrness=0.5873
epoch 41/50 iter 460/1860 loss=0.6537 mean_loss=0.6461 classification=0.0036, bbox_regression=0.0516, bbox_ctrness=0.5986
epoch 41/50 iter 480/1860 loss=0.6395 mean_loss=0.6460 classification=0.0033, bbox_regression=0.0362, bbox_ctrness=0.6000
epoch 41/50 iter 500/1860 loss=0.6475 mean_loss=0.6459 classification=0.0019, bbox_regression=0.0410, bbox_ctrness=0.6047
epoch 41/50 iter 520/1860 loss=0.6354 mean_loss=0.6458 classification=0.0016, bbox_regression=0.0388, bbox_ctrness=0.5949
epoch 41/50 iter 540/1860 loss=0.6602 mean_loss=0.6462 classification=0.0026, bbox_regression=0.0533, bbox_ctrness=0.6043
epoch 41/50 iter 560/1860 loss=0.6543 mean_loss=0.6464 classification=0.0137, bbox_regression=0.0481, bbox_ctrness=0.5925
epoch 41/50 iter 580/1860 loss=0.6651 mean_loss=0.6468 classification=0.0241, bbox_regression=0.0452, bbox_ctrness=0.5957
epoch 41/50 iter 600/1860 loss=0.6647 mean_loss=0.6468 classification=0.0061, bbox_regression=0.0641, bbox_ctrness=0.5945
epoch 41/50 iter 620/1860 loss=0.6473 mean_loss=0.6467 classification=0.0045, bbox_regression=0.0418, bbox_ctrness=0.6009
epoch 41/50 iter 640/1860 loss=0.6406 mean_loss=0.6467 classification=0.0087, bbox_regression=0.0406, bbox_ctrness=0.5913
epoch 41/50 iter 660/1860 loss=0.6491 mean_loss=0.6466 classification=0.0107, bbox_regression=0.0472, bbox_ctrness=0.5912
epoch 41/50 iter 680/1860 loss=0.6401 mean_loss=0.6466 classification=0.0027, bbox_regression=0.0319, bbox_ctrness=0.6056
epoch 41/50 iter 700/1860 loss=0.6365 mean_loss=0.6463 classification=0.0005, bbox_regression=0.0389, bbox_ctrness=0.5972
epoch 41/50 iter 720/1860 loss=0.6419 mean_loss=0.6461 classification=0.0014, bbox_regression=0.0347, bbox_ctrness=0.6059
epoch 41/50 iter 740/1860 loss=0.6991 mean_loss=0.6462 classification=0.0064, bbox_regression=0.0670, bbox_ctrness=0.6257
epoch 41/50 iter 760/1860 loss=0.6536 mean_loss=0.6460 classification=0.0004, bbox_regression=0.0396, bbox_ctrness=0.6137
epoch 41/50 iter 780/1860 loss=0.6517 mean_loss=0.6459 classification=0.0019, bbox_regression=0.0728, bbox_ctrness=0.5770
epoch 41/50 iter 800/1860 loss=0.6295 mean_loss=0.6459 classification=0.0008, bbox_regression=0.0352, bbox_ctrness=0.5935
epoch 41/50 iter 820/1860 loss=0.6359 mean_loss=0.6457 classification=0.0012, bbox_regression=0.0385, bbox_ctrness=0.5963
epoch 41/50 iter 840/1860 loss=0.6568 mean_loss=0.6456 classification=0.0050, bbox_regression=0.0421, bbox_ctrness=0.6097
epoch 41/50 iter 860/1860 loss=0.6127 mean_loss=0.6456 classification=0.0013, bbox_regression=0.0347, bbox_ctrness=0.5767
epoch 41/50 iter 880/1860 loss=0.6298 mean_loss=0.6454 classification=0.0122, bbox_regression=0.0302, bbox_ctrness=0.5874
epoch 41/50 iter 900/1860 loss=0.6548 mean_loss=0.6454 classification=0.0044, bbox_regression=0.0460, bbox_ctrness=0.6043
epoch 41/50 iter 920/1860 loss=0.6397 mean_loss=0.6455 classification=0.0037, bbox_regression=0.0476, bbox_ctrness=0.5884
epoch 41/50 iter 940/1860 loss=0.6403 mean_loss=0.6459 classification=0.0116, bbox_regression=0.0521, bbox_ctrness=0.5765
epoch 41/50 iter 960/1860 loss=0.6087 mean_loss=0.6459 classification=0.0010, bbox_regression=0.0260, bbox_ctrness=0.5817
epoch 41/50 iter 980/1860 loss=0.6517 mean_loss=0.6461 classification=0.0026, bbox_regression=0.0446, bbox_ctrness=0.6045
epoch 41/50 iter 1000/1860 loss=0.6501 mean_loss=0.6461 classification=0.0085, bbox_regression=0.0393, bbox_ctrness=0.6023
epoch 41/50 iter 1020/1860 loss=0.6467 mean_loss=0.6463 classification=0.0034, bbox_regression=0.0487, bbox_ctrness=0.5945
epoch 41/50 iter 1040/1860 loss=0.6585 mean_loss=0.6462 classification=0.0111, bbox_regression=0.0369, bbox_ctrness=0.6104
epoch 41/50 iter 1060/1860 loss=0.6494 mean_loss=0.6462 classification=0.0088, bbox_regression=0.0341, bbox_ctrness=0.6066
epoch 41/50 iter 1080/1860 loss=0.6589 mean_loss=0.6463 classification=0.0022, bbox_regression=0.0358, bbox_ctrness=0.6208
epoch 41/50 iter 1100/1860 loss=0.6393 mean_loss=0.6462 classification=0.0036, bbox_regression=0.0370, bbox_ctrness=0.5987
epoch 41/50 iter 1120/1860 loss=0.6502 mean_loss=0.6463 classification=0.0085, bbox_regression=0.0565, bbox_ctrness=0.5852
epoch 41/50 iter 1140/1860 loss=0.6438 mean_loss=0.6464 classification=0.0018, bbox_regression=0.0403, bbox_ctrness=0.6017
epoch 41/50 iter 1160/1860 loss=0.6453 mean_loss=0.6464 classification=0.0019, bbox_regression=0.0547, bbox_ctrness=0.5888
epoch 41/50 iter 1180/1860 loss=0.6425 mean_loss=0.6464 classification=0.0054, bbox_regression=0.0366, bbox_ctrness=0.6005
epoch 41/50 iter 1200/1860 loss=0.6470 mean_loss=0.6464 classification=0.0071, bbox_regression=0.0549, bbox_ctrness=0.5850
epoch 41/50 iter 1220/1860 loss=0.6470 mean_loss=0.6463 classification=0.0002, bbox_regression=0.0302, bbox_ctrness=0.6166
epoch 41/50 iter 1240/1860 loss=0.6620 mean_loss=0.6464 classification=0.0003, bbox_regression=0.0394, bbox_ctrness=0.6223
epoch 41/50 iter 1260/1860 loss=0.6440 mean_loss=0.6465 classification=0.0006, bbox_regression=0.0470, bbox_ctrness=0.5963
epoch 41/50 iter 1280/1860 loss=0.6521 mean_loss=0.6466 classification=0.0043, bbox_regression=0.0427, bbox_ctrness=0.6052
epoch 41/50 iter 1300/1860 loss=0.6630 mean_loss=0.6466 classification=0.0018, bbox_regression=0.0438, bbox_ctrness=0.6174
epoch 41/50 iter 1320/1860 loss=0.6662 mean_loss=0.6466 classification=0.0031, bbox_regression=0.0646, bbox_ctrness=0.5985
epoch 41/50 iter 1340/1860 loss=0.6238 mean_loss=0.6465 classification=0.0012, bbox_regression=0.0366, bbox_ctrness=0.5859
epoch 41/50 iter 1360/1860 loss=0.6590 mean_loss=0.6464 classification=0.0001, bbox_regression=0.0432, bbox_ctrness=0.6157
epoch 41/50 iter 1380/1860 loss=0.6484 mean_loss=0.6463 classification=0.0006, bbox_regression=0.0473, bbox_ctrness=0.6006
epoch 41/50 iter 1400/1860 loss=0.6495 mean_loss=0.6463 classification=0.0105, bbox_regression=0.0489, bbox_ctrness=0.5901
epoch 41/50 iter 1420/1860 loss=0.6302 mean_loss=0.6462 classification=0.0056, bbox_regression=0.0359, bbox_ctrness=0.5887
epoch 41/50 iter 1440/1860 loss=0.6444 mean_loss=0.6465 classification=0.0058, bbox_regression=0.0506, bbox_ctrness=0.5880
epoch 41/50 iter 1460/1860 loss=0.6294 mean_loss=0.6466 classification=0.0012, bbox_regression=0.0293, bbox_ctrness=0.5988
epoch 41/50 iter 1480/1860 loss=0.6732 mean_loss=0.6467 classification=0.0208, bbox_regression=0.0485, bbox_ctrness=0.6038
epoch 41/50 iter 1500/1860 loss=0.6164 mean_loss=0.6467 classification=0.0011, bbox_regression=0.0343, bbox_ctrness=0.5810
epoch 41/50 iter 1520/1860 loss=0.6512 mean_loss=0.6468 classification=0.0014, bbox_regression=0.0423, bbox_ctrness=0.6074
epoch 41/50 iter 1540/1860 loss=0.6797 mean_loss=0.6469 classification=0.0432, bbox_regression=0.0363, bbox_ctrness=0.6001
epoch 41/50 iter 1560/1860 loss=0.7880 mean_loss=0.6469 classification=0.1413, bbox_regression=0.0487, bbox_ctrness=0.5980
epoch 41/50 iter 1580/1860 loss=0.6468 mean_loss=0.6470 classification=0.0090, bbox_regression=0.0424, bbox_ctrness=0.5954
epoch 41/50 iter 1600/1860 loss=0.6377 mean_loss=0.6470 classification=0.0023, bbox_regression=0.0350, bbox_ctrness=0.6005
epoch 41/50 iter 1620/1860 loss=0.6464 mean_loss=0.6471 classification=0.0092, bbox_regression=0.0446, bbox_ctrness=0.5926
epoch 41/50 iter 1640/1860 loss=0.6644 mean_loss=0.6471 classification=0.0174, bbox_regression=0.0431, bbox_ctrness=0.6039
epoch 41/50 iter 1660/1860 loss=0.6715 mean_loss=0.6471 classification=0.0122, bbox_regression=0.0454, bbox_ctrness=0.6139
epoch 41/50 iter 1680/1860 loss=0.6987 mean_loss=0.6470 classification=0.0300, bbox_regression=0.0555, bbox_ctrness=0.6132
epoch 41/50 iter 1700/1860 loss=0.6393 mean_loss=0.6470 classification=0.0067, bbox_regression=0.0424, bbox_ctrness=0.5902
epoch 41/50 iter 1720/1860 loss=0.6407 mean_loss=0.6469 classification=0.0117, bbox_regression=0.0403, bbox_ctrness=0.5886
epoch 41/50 iter 1740/1860 loss=0.6451 mean_loss=0.6469 classification=0.0071, bbox_regression=0.0479, bbox_ctrness=0.5900
epoch 41/50 iter 1760/1860 loss=0.6507 mean_loss=0.6469 classification=0.0135, bbox_regression=0.0452, bbox_ctrness=0.5920
epoch 41/50 iter 1780/1860 loss=0.6388 mean_loss=0.6469 classification=0.0010, bbox_regression=0.0392, bbox_ctrness=0.5986
epoch 41/50 iter 1800/1860 loss=0.6384 mean_loss=0.6468 classification=0.0124, bbox_regression=0.0467, bbox_ctrness=0.5793
epoch 41/50 iter 1820/1860 loss=0.6344 mean_loss=0.6469 classification=0.0037, bbox_regression=0.0364, bbox_ctrness=0.5943
epoch 41/50 iter 1840/1860 loss=0.6497 mean_loss=0.6468 classification=0.0073, bbox_regression=0.0555, bbox_ctrness=0.5870
epoch 41/50 iter 1860/1860 loss=0.6448 mean_loss=0.6468 classification=0.0016, bbox_regression=0.0484, bbox_ctrness=0.5949
epoch 41 validation Precision=0.7868 Recall=0.9223 AP50=0.9041 AP75=0.8424 eval_fps=21.01 epoch_time_sec=926.9
saved checkpoint: E:\RepViT-main\runs\v48_complete_ablation\training\ra_stems_project_seed2\weights\last.pt
epoch 42/50 iter 1/1860 loss=0.6220 mean_loss=0.6220 classification=0.0002, bbox_regression=0.0366, bbox_ctrness=0.5853
epoch 42/50 iter 20/1860 loss=0.6396 mean_loss=0.6379 classification=0.0056, bbox_regression=0.0402, bbox_ctrness=0.5938
epoch 42/50 iter 40/1860 loss=0.6361 mean_loss=0.6397 classification=0.0027, bbox_regression=0.0435, bbox_ctrness=0.5899
epoch 42/50 iter 60/1860 loss=0.6397 mean_loss=0.6424 classification=0.0041, bbox_regression=0.0374, bbox_ctrness=0.5982
epoch 42/50 iter 80/1860 loss=0.6272 mean_loss=0.6422 classification=0.0011, bbox_regression=0.0321, bbox_ctrness=0.5940
epoch 42/50 iter 100/1860 loss=0.6310 mean_loss=0.6411 classification=0.0023, bbox_regression=0.0356, bbox_ctrness=0.5931
epoch 42/50 iter 120/1860 loss=0.6397 mean_loss=0.6422 classification=0.0031, bbox_regression=0.0339, bbox_ctrness=0.6028
epoch 42/50 iter 140/1860 loss=0.6474 mean_loss=0.6425 classification=0.0005, bbox_regression=0.0348, bbox_ctrness=0.6121
epoch 42/50 iter 160/1860 loss=0.6600 mean_loss=0.6422 classification=0.0371, bbox_regression=0.0403, bbox_ctrness=0.5826
epoch 42/50 iter 180/1860 loss=0.6281 mean_loss=0.6430 classification=0.0000, bbox_regression=0.0315, bbox_ctrness=0.5965
epoch 42/50 iter 200/1860 loss=0.6341 mean_loss=0.6429 classification=0.0004, bbox_regression=0.0349, bbox_ctrness=0.5987
epoch 42/50 iter 220/1860 loss=0.6301 mean_loss=0.6431 classification=0.0013, bbox_regression=0.0322, bbox_ctrness=0.5966
epoch 42/50 iter 240/1860 loss=0.6508 mean_loss=0.6429 classification=0.0017, bbox_regression=0.0427, bbox_ctrness=0.6064
epoch 42/50 iter 260/1860 loss=0.6548 mean_loss=0.6430 classification=0.0002, bbox_regression=0.0379, bbox_ctrness=0.6167
epoch 42/50 iter 280/1860 loss=0.6234 mean_loss=0.6432 classification=0.0008, bbox_regression=0.0298, bbox_ctrness=0.5928
epoch 42/50 iter 300/1860 loss=0.6605 mean_loss=0.6430 classification=0.0202, bbox_regression=0.0536, bbox_ctrness=0.5867
epoch 42/50 iter 320/1860 loss=0.6375 mean_loss=0.6429 classification=0.0013, bbox_regression=0.0445, bbox_ctrness=0.5918
epoch 42/50 iter 340/1860 loss=0.6363 mean_loss=0.6426 classification=0.0002, bbox_regression=0.0442, bbox_ctrness=0.5920
epoch 42/50 iter 360/1860 loss=0.6545 mean_loss=0.6426 classification=0.0049, bbox_regression=0.0410, bbox_ctrness=0.6086
epoch 42/50 iter 380/1860 loss=0.6625 mean_loss=0.6426 classification=0.0045, bbox_regression=0.0492, bbox_ctrness=0.6088
epoch 42/50 iter 400/1860 loss=0.6472 mean_loss=0.6429 classification=0.0003, bbox_regression=0.0341, bbox_ctrness=0.6129
epoch 42/50 iter 420/1860 loss=0.6379 mean_loss=0.6430 classification=0.0019, bbox_regression=0.0394, bbox_ctrness=0.5965
epoch 42/50 iter 440/1860 loss=0.6801 mean_loss=0.6432 classification=0.0022, bbox_regression=0.0776, bbox_ctrness=0.6002
epoch 42/50 iter 460/1860 loss=0.6468 mean_loss=0.6434 classification=0.0004, bbox_regression=0.0374, bbox_ctrness=0.6090
epoch 42/50 iter 480/1860 loss=0.6398 mean_loss=0.6432 classification=0.0006, bbox_regression=0.0305, bbox_ctrness=0.6087
epoch 42/50 iter 500/1860 loss=0.6468 mean_loss=0.6432 classification=0.0003, bbox_regression=0.0453, bbox_ctrness=0.6012
epoch 42/50 iter 520/1860 loss=0.6381 mean_loss=0.6431 classification=0.0042, bbox_regression=0.0496, bbox_ctrness=0.5843
epoch 42/50 iter 540/1860 loss=0.6205 mean_loss=0.6431 classification=0.0023, bbox_regression=0.0348, bbox_ctrness=0.5834
epoch 42/50 iter 560/1860 loss=0.6504 mean_loss=0.6431 classification=0.0015, bbox_regression=0.0435, bbox_ctrness=0.6054
epoch 42/50 iter 580/1860 loss=0.6887 mean_loss=0.6434 classification=0.0641, bbox_regression=0.0383, bbox_ctrness=0.5863
epoch 42/50 iter 600/1860 loss=0.6384 mean_loss=0.6434 classification=0.0009, bbox_regression=0.0389, bbox_ctrness=0.5986
epoch 42/50 iter 620/1860 loss=0.6461 mean_loss=0.6435 classification=0.0018, bbox_regression=0.0468, bbox_ctrness=0.5974
epoch 42/50 iter 640/1860 loss=0.6753 mean_loss=0.6435 classification=0.0055, bbox_regression=0.0541, bbox_ctrness=0.6157
epoch 42/50 iter 660/1860 loss=0.6823 mean_loss=0.6437 classification=0.0218, bbox_regression=0.0462, bbox_ctrness=0.6143
epoch 42/50 iter 680/1860 loss=0.6527 mean_loss=0.6438 classification=0.0014, bbox_regression=0.0556, bbox_ctrness=0.5957
epoch 42/50 iter 700/1860 loss=0.6387 mean_loss=0.6440 classification=0.0112, bbox_regression=0.0390, bbox_ctrness=0.5885
epoch 42/50 iter 720/1860 loss=0.6146 mean_loss=0.6443 classification=0.0006, bbox_regression=0.0245, bbox_ctrness=0.5895
epoch 42/50 iter 740/1860 loss=0.6428 mean_loss=0.6443 classification=0.0033, bbox_regression=0.0435, bbox_ctrness=0.5960
epoch 42/50 iter 760/1860 loss=0.6860 mean_loss=0.6444 classification=0.0001, bbox_regression=0.0556, bbox_ctrness=0.6303
epoch 42/50 iter 780/1860 loss=0.6411 mean_loss=0.6444 classification=0.0116, bbox_regression=0.0353, bbox_ctrness=0.5941
epoch 42/50 iter 800/1860 loss=0.6587 mean_loss=0.6443 classification=0.0037, bbox_regression=0.0445, bbox_ctrness=0.6105
epoch 42/50 iter 820/1860 loss=0.6440 mean_loss=0.6443 classification=0.0032, bbox_regression=0.0457, bbox_ctrness=0.5951
epoch 42/50 iter 840/1860 loss=0.6452 mean_loss=0.6441 classification=0.0024, bbox_regression=0.0341, bbox_ctrness=0.6087
epoch 42/50 iter 860/1860 loss=0.6252 mean_loss=0.6442 classification=0.0012, bbox_regression=0.0343, bbox_ctrness=0.5897
epoch 42/50 iter 880/1860 loss=0.6371 mean_loss=0.6442 classification=0.0008, bbox_regression=0.0379, bbox_ctrness=0.5985
epoch 42/50 iter 900/1860 loss=0.6443 mean_loss=0.6442 classification=0.0004, bbox_regression=0.0356, bbox_ctrness=0.6083
epoch 42/50 iter 920/1860 loss=0.6576 mean_loss=0.6444 classification=0.0008, bbox_regression=0.0441, bbox_ctrness=0.6126
epoch 42/50 iter 940/1860 loss=0.6556 mean_loss=0.6444 classification=0.0018, bbox_regression=0.0496, bbox_ctrness=0.6042
epoch 42/50 iter 960/1860 loss=0.6315 mean_loss=0.6444 classification=0.0024, bbox_regression=0.0347, bbox_ctrness=0.5944
epoch 42/50 iter 980/1860 loss=0.6530 mean_loss=0.6445 classification=0.0019, bbox_regression=0.0467, bbox_ctrness=0.6045
epoch 42/50 iter 1000/1860 loss=0.6444 mean_loss=0.6445 classification=0.0009, bbox_regression=0.0394, bbox_ctrness=0.6041
epoch 42/50 iter 1020/1860 loss=0.6274 mean_loss=0.6444 classification=0.0020, bbox_regression=0.0358, bbox_ctrness=0.5896
epoch 42/50 iter 1040/1860 loss=0.6648 mean_loss=0.6444 classification=0.0046, bbox_regression=0.0590, bbox_ctrness=0.6012
epoch 42/50 iter 1060/1860 loss=0.6292 mean_loss=0.6443 classification=0.0008, bbox_regression=0.0337, bbox_ctrness=0.5947
epoch 42/50 iter 1080/1860 loss=0.6480 mean_loss=0.6444 classification=0.0025, bbox_regression=0.0441, bbox_ctrness=0.6013
epoch 42/50 iter 1100/1860 loss=0.6410 mean_loss=0.6443 classification=0.0029, bbox_regression=0.0408, bbox_ctrness=0.5972
epoch 42/50 iter 1120/1860 loss=0.6465 mean_loss=0.6442 classification=0.0005, bbox_regression=0.0408, bbox_ctrness=0.6051
epoch 42/50 iter 1140/1860 loss=0.6507 mean_loss=0.6442 classification=0.0078, bbox_regression=0.0536, bbox_ctrness=0.5893
epoch 42/50 iter 1160/1860 loss=0.6465 mean_loss=0.6440 classification=0.0002, bbox_regression=0.0407, bbox_ctrness=0.6056
epoch 42/50 iter 1180/1860 loss=0.6504 mean_loss=0.6440 classification=0.0039, bbox_regression=0.0689, bbox_ctrness=0.5776
epoch 42/50 iter 1200/1860 loss=0.6240 mean_loss=0.6440 classification=0.0022, bbox_regression=0.0409, bbox_ctrness=0.5809
epoch 42/50 iter 1220/1860 loss=0.6250 mean_loss=0.6439 classification=0.0007, bbox_regression=0.0331, bbox_ctrness=0.5912
epoch 42/50 iter 1240/1860 loss=0.6302 mean_loss=0.6439 classification=0.0022, bbox_regression=0.0390, bbox_ctrness=0.5890
epoch 42/50 iter 1260/1860 loss=0.6532 mean_loss=0.6441 classification=0.0067, bbox_regression=0.0482, bbox_ctrness=0.5983
epoch 42/50 iter 1280/1860 loss=0.6538 mean_loss=0.6441 classification=0.0036, bbox_regression=0.0507, bbox_ctrness=0.5995
epoch 42/50 iter 1300/1860 loss=0.6393 mean_loss=0.6441 classification=0.0122, bbox_regression=0.0405, bbox_ctrness=0.5867
epoch 42/50 iter 1320/1860 loss=0.6260 mean_loss=0.6442 classification=0.0023, bbox_regression=0.0374, bbox_ctrness=0.5862
epoch 42/50 iter 1340/1860 loss=0.6680 mean_loss=0.6442 classification=0.0021, bbox_regression=0.0434, bbox_ctrness=0.6225
epoch 42/50 iter 1360/1860 loss=0.6219 mean_loss=0.6442 classification=0.0018, bbox_regression=0.0387, bbox_ctrness=0.5814
epoch 42/50 iter 1380/1860 loss=0.7211 mean_loss=0.6444 classification=0.0700, bbox_regression=0.0379, bbox_ctrness=0.6132
epoch 42/50 iter 1400/1860 loss=0.6427 mean_loss=0.6446 classification=0.0068, bbox_regression=0.0323, bbox_ctrness=0.6036
epoch 42/50 iter 1420/1860 loss=0.6416 mean_loss=0.6448 classification=0.0060, bbox_regression=0.0331, bbox_ctrness=0.6025
epoch 42/50 iter 1440/1860 loss=0.6627 mean_loss=0.6448 classification=0.0051, bbox_regression=0.0480, bbox_ctrness=0.6095
epoch 42/50 iter 1460/1860 loss=0.6761 mean_loss=0.6448 classification=0.0404, bbox_regression=0.0571, bbox_ctrness=0.5786
epoch 42/50 iter 1480/1860 loss=0.6479 mean_loss=0.6447 classification=0.0014, bbox_regression=0.0334, bbox_ctrness=0.6132
epoch 42/50 iter 1500/1860 loss=0.6555 mean_loss=0.6447 classification=0.0023, bbox_regression=0.0461, bbox_ctrness=0.6072
epoch 42/50 iter 1520/1860 loss=0.6416 mean_loss=0.6447 classification=0.0043, bbox_regression=0.0576, bbox_ctrness=0.5796
epoch 42/50 iter 1540/1860 loss=0.6431 mean_loss=0.6449 classification=0.0015, bbox_regression=0.0418, bbox_ctrness=0.5998
epoch 42/50 iter 1560/1860 loss=0.6439 mean_loss=0.6449 classification=0.0016, bbox_regression=0.0359, bbox_ctrness=0.6064
epoch 42/50 iter 1580/1860 loss=0.6459 mean_loss=0.6450 classification=0.0009, bbox_regression=0.0433, bbox_ctrness=0.6018
epoch 42/50 iter 1600/1860 loss=0.6158 mean_loss=0.6450 classification=0.0019, bbox_regression=0.0367, bbox_ctrness=0.5772
epoch 42/50 iter 1620/1860 loss=0.6870 mean_loss=0.6450 classification=0.0347, bbox_regression=0.0502, bbox_ctrness=0.6021
epoch 42/50 iter 1640/1860 loss=0.6568 mean_loss=0.6451 classification=0.0014, bbox_regression=0.0462, bbox_ctrness=0.6092
epoch 42/50 iter 1660/1860 loss=0.6406 mean_loss=0.6452 classification=0.0171, bbox_regression=0.0349, bbox_ctrness=0.5887
epoch 42/50 iter 1680/1860 loss=0.6859 mean_loss=0.6452 classification=0.0208, bbox_regression=0.0615, bbox_ctrness=0.6036
epoch 42/50 iter 1700/1860 loss=0.6346 mean_loss=0.6452 classification=0.0035, bbox_regression=0.0379, bbox_ctrness=0.5933
epoch 42/50 iter 1720/1860 loss=0.6607 mean_loss=0.6453 classification=0.0026, bbox_regression=0.0461, bbox_ctrness=0.6120
epoch 42/50 iter 1740/1860 loss=0.6568 mean_loss=0.6454 classification=0.0026, bbox_regression=0.0489, bbox_ctrness=0.6053
epoch 42/50 iter 1760/1860 loss=0.6424 mean_loss=0.6454 classification=0.0022, bbox_regression=0.0368, bbox_ctrness=0.6033
epoch 42/50 iter 1780/1860 loss=0.6325 mean_loss=0.6454 classification=0.0030, bbox_regression=0.0341, bbox_ctrness=0.5953
epoch 42/50 iter 1800/1860 loss=0.6639 mean_loss=0.6454 classification=0.0105, bbox_regression=0.0503, bbox_ctrness=0.6031
epoch 42/50 iter 1820/1860 loss=0.6440 mean_loss=0.6455 classification=0.0017, bbox_regression=0.0359, bbox_ctrness=0.6064
epoch 42/50 iter 1840/1860 loss=0.6468 mean_loss=0.6455 classification=0.0016, bbox_regression=0.0483, bbox_ctrness=0.5969
epoch 42/50 iter 1860/1860 loss=0.6477 mean_loss=0.6455 classification=0.0086, bbox_regression=0.0474, bbox_ctrness=0.5917
epoch 42 validation Precision=0.8295 Recall=0.9052 AP50=0.8888 AP75=0.8326 eval_fps=13.65 epoch_time_sec=1097.9
saved checkpoint: E:\RepViT-main\runs\v48_complete_ablation\training\ra_stems_project_seed2\weights\last.pt
epoch 43/50 iter 1/1860 loss=0.6256 mean_loss=0.6256 classification=0.0010, bbox_regression=0.0349, bbox_ctrness=0.5897
epoch 43/50 iter 20/1860 loss=0.6355 mean_loss=0.6494 classification=0.0015, bbox_regression=0.0304, bbox_ctrness=0.6037
epoch 43/50 iter 40/1860 loss=0.6387 mean_loss=0.6476 classification=0.0003, bbox_regression=0.0452, bbox_ctrness=0.5931
epoch 43/50 iter 60/1860 loss=0.6613 mean_loss=0.6503 classification=0.0024, bbox_regression=0.0460, bbox_ctrness=0.6129
epoch 43/50 iter 80/1860 loss=0.6267 mean_loss=0.6485 classification=0.0006, bbox_regression=0.0417, bbox_ctrness=0.5844
epoch 43/50 iter 100/1860 loss=0.6313 mean_loss=0.6474 classification=0.0009, bbox_regression=0.0329, bbox_ctrness=0.5976
epoch 43/50 iter 120/1860 loss=0.6367 mean_loss=0.6462 classification=0.0002, bbox_regression=0.0302, bbox_ctrness=0.6063
epoch 43/50 iter 140/1860 loss=0.6272 mean_loss=0.6450 classification=0.0003, bbox_regression=0.0307, bbox_ctrness=0.5961
epoch 43/50 iter 160/1860 loss=0.6365 mean_loss=0.6445 classification=0.0156, bbox_regression=0.0429, bbox_ctrness=0.5780
epoch 43/50 iter 180/1860 loss=0.6431 mean_loss=0.6445 classification=0.0002, bbox_regression=0.0353, bbox_ctrness=0.6077
epoch 43/50 iter 200/1860 loss=0.6502 mean_loss=0.6444 classification=0.0051, bbox_regression=0.0406, bbox_ctrness=0.6045
epoch 43/50 iter 220/1860 loss=0.6434 mean_loss=0.6447 classification=0.0018, bbox_regression=0.0441, bbox_ctrness=0.5974
epoch 43/50 iter 240/1860 loss=0.6309 mean_loss=0.6441 classification=0.0030, bbox_regression=0.0336, bbox_ctrness=0.5944
epoch 43/50 iter 260/1860 loss=0.6459 mean_loss=0.6440 classification=0.0012, bbox_regression=0.0428, bbox_ctrness=0.6019
epoch 43/50 iter 280/1860 loss=0.6446 mean_loss=0.6435 classification=0.0010, bbox_regression=0.0370, bbox_ctrness=0.6065
epoch 43/50 iter 300/1860 loss=0.6510 mean_loss=0.6435 classification=0.0096, bbox_regression=0.0420, bbox_ctrness=0.5994
epoch 43/50 iter 320/1860 loss=0.6476 mean_loss=0.6437 classification=0.0020, bbox_regression=0.0394, bbox_ctrness=0.6063
epoch 43/50 iter 340/1860 loss=0.6366 mean_loss=0.6439 classification=0.0069, bbox_regression=0.0359, bbox_ctrness=0.5939
epoch 43/50 iter 360/1860 loss=0.6400 mean_loss=0.6444 classification=0.0055, bbox_regression=0.0395, bbox_ctrness=0.5950
epoch 43/50 iter 380/1860 loss=0.6492 mean_loss=0.6446 classification=0.0225, bbox_regression=0.0378, bbox_ctrness=0.5889
epoch 43/50 iter 400/1860 loss=0.6467 mean_loss=0.6448 classification=0.0041, bbox_regression=0.0382, bbox_ctrness=0.6044
epoch 43/50 iter 420/1860 loss=0.6388 mean_loss=0.6451 classification=0.0148, bbox_regression=0.0408, bbox_ctrness=0.5831
epoch 43/50 iter 440/1860 loss=0.6293 mean_loss=0.6450 classification=0.0006, bbox_regression=0.0364, bbox_ctrness=0.5923
epoch 43/50 iter 460/1860 loss=0.6800 mean_loss=0.6450 classification=0.0578, bbox_regression=0.0435, bbox_ctrness=0.5788
epoch 43/50 iter 480/1860 loss=0.6637 mean_loss=0.6454 classification=0.0083, bbox_regression=0.0449, bbox_ctrness=0.6105
epoch 43/50 iter 500/1860 loss=0.6473 mean_loss=0.6456 classification=0.0040, bbox_regression=0.0480, bbox_ctrness=0.5952
epoch 43/50 iter 520/1860 loss=0.6584 mean_loss=0.6454 classification=0.0062, bbox_regression=0.0419, bbox_ctrness=0.6103
epoch 43/50 iter 540/1860 loss=0.6500 mean_loss=0.6454 classification=0.0001, bbox_regression=0.0376, bbox_ctrness=0.6122
epoch 43/50 iter 560/1860 loss=0.6256 mean_loss=0.6457 classification=0.0015, bbox_regression=0.0392, bbox_ctrness=0.5850
epoch 43/50 iter 580/1860 loss=0.6112 mean_loss=0.6456 classification=0.0062, bbox_regression=0.0362, bbox_ctrness=0.5688
epoch 43/50 iter 600/1860 loss=0.6258 mean_loss=0.6456 classification=0.0024, bbox_regression=0.0398, bbox_ctrness=0.5836
epoch 43/50 iter 620/1860 loss=0.6445 mean_loss=0.6455 classification=0.0088, bbox_regression=0.0454, bbox_ctrness=0.5903
epoch 43/50 iter 640/1860 loss=0.6406 mean_loss=0.6454 classification=0.0007, bbox_regression=0.0422, bbox_ctrness=0.5976
epoch 43/50 iter 660/1860 loss=0.6358 mean_loss=0.6453 classification=0.0025, bbox_regression=0.0390, bbox_ctrness=0.5942
epoch 43/50 iter 680/1860 loss=0.6554 mean_loss=0.6450 classification=0.0001, bbox_regression=0.0357, bbox_ctrness=0.6195
epoch 43/50 iter 700/1860 loss=0.6488 mean_loss=0.6449 classification=0.0015, bbox_regression=0.0406, bbox_ctrness=0.6066
epoch 43/50 iter 720/1860 loss=0.6436 mean_loss=0.6449 classification=0.0076, bbox_regression=0.0380, bbox_ctrness=0.5981
epoch 43/50 iter 740/1860 loss=0.6459 mean_loss=0.6449 classification=0.0095, bbox_regression=0.0418, bbox_ctrness=0.5947
epoch 43/50 iter 760/1860 loss=0.6564 mean_loss=0.6449 classification=0.0005, bbox_regression=0.0520, bbox_ctrness=0.6039
epoch 43/50 iter 780/1860 loss=0.6410 mean_loss=0.6449 classification=0.0024, bbox_regression=0.0355, bbox_ctrness=0.6030
epoch 43/50 iter 800/1860 loss=0.6430 mean_loss=0.6449 classification=0.0017, bbox_regression=0.0418, bbox_ctrness=0.5996
epoch 43/50 iter 820/1860 loss=0.6410 mean_loss=0.6449 classification=0.0013, bbox_regression=0.0368, bbox_ctrness=0.6029
epoch 43/50 iter 840/1860 loss=0.6145 mean_loss=0.6448 classification=0.0014, bbox_regression=0.0297, bbox_ctrness=0.5833
epoch 43/50 iter 860/1860 loss=0.6328 mean_loss=0.6447 classification=0.0011, bbox_regression=0.0339, bbox_ctrness=0.5978
epoch 43/50 iter 880/1860 loss=0.6357 mean_loss=0.6446 classification=0.0015, bbox_regression=0.0382, bbox_ctrness=0.5959
epoch 43/50 iter 900/1860 loss=0.6405 mean_loss=0.6445 classification=0.0010, bbox_regression=0.0369, bbox_ctrness=0.6026
epoch 43/50 iter 920/1860 loss=0.6245 mean_loss=0.6443 classification=0.0007, bbox_regression=0.0403, bbox_ctrness=0.5835
epoch 43/50 iter 940/1860 loss=0.6353 mean_loss=0.6443 classification=0.0057, bbox_regression=0.0415, bbox_ctrness=0.5881
epoch 43/50 iter 960/1860 loss=0.6352 mean_loss=0.6442 classification=0.0007, bbox_regression=0.0432, bbox_ctrness=0.5913
epoch 43/50 iter 980/1860 loss=0.6368 mean_loss=0.6441 classification=0.0032, bbox_regression=0.0358, bbox_ctrness=0.5978
epoch 43/50 iter 1000/1860 loss=0.6315 mean_loss=0.6440 classification=0.0000, bbox_regression=0.0272, bbox_ctrness=0.6043
epoch 43/50 iter 1020/1860 loss=0.6508 mean_loss=0.6440 classification=0.0018, bbox_regression=0.0493, bbox_ctrness=0.5997
epoch 43/50 iter 1040/1860 loss=0.6509 mean_loss=0.6440 classification=0.0003, bbox_regression=0.0398, bbox_ctrness=0.6107
epoch 43/50 iter 1060/1860 loss=0.6370 mean_loss=0.6441 classification=0.0059, bbox_regression=0.0361, bbox_ctrness=0.5951
epoch 43/50 iter 1080/1860 loss=0.6441 mean_loss=0.6441 classification=0.0040, bbox_regression=0.0507, bbox_ctrness=0.5895
epoch 43/50 iter 1100/1860 loss=0.6515 mean_loss=0.6440 classification=0.0004, bbox_regression=0.0465, bbox_ctrness=0.6047
epoch 43/50 iter 1120/1860 loss=0.6408 mean_loss=0.6440 classification=0.0093, bbox_regression=0.0288, bbox_ctrness=0.6027
epoch 43/50 iter 1140/1860 loss=0.6463 mean_loss=0.6441 classification=0.0012, bbox_regression=0.0411, bbox_ctrness=0.6039
epoch 43/50 iter 1160/1860 loss=0.6369 mean_loss=0.6441 classification=0.0001, bbox_regression=0.0347, bbox_ctrness=0.6022
epoch 43/50 iter 1180/1860 loss=0.6446 mean_loss=0.6439 classification=0.0001, bbox_regression=0.0451, bbox_ctrness=0.5995
epoch 43/50 iter 1200/1860 loss=0.6364 mean_loss=0.6438 classification=0.0025, bbox_regression=0.0307, bbox_ctrness=0.6033
epoch 43/50 iter 1220/1860 loss=0.6352 mean_loss=0.6437 classification=0.0001, bbox_regression=0.0357, bbox_ctrness=0.5993
epoch 43/50 iter 1240/1860 loss=0.6440 mean_loss=0.6436 classification=0.0052, bbox_regression=0.0364, bbox_ctrness=0.6025
epoch 43/50 iter 1260/1860 loss=0.6383 mean_loss=0.6436 classification=0.0015, bbox_regression=0.0388, bbox_ctrness=0.5980
epoch 43/50 iter 1280/1860 loss=0.6359 mean_loss=0.6436 classification=0.0029, bbox_regression=0.0414, bbox_ctrness=0.5916
epoch 43/50 iter 1300/1860 loss=0.6327 mean_loss=0.6436 classification=0.0004, bbox_regression=0.0400, bbox_ctrness=0.5924
epoch 43/50 iter 1320/1860 loss=0.6543 mean_loss=0.6438 classification=0.0022, bbox_regression=0.0382, bbox_ctrness=0.6139
epoch 43/50 iter 1340/1860 loss=0.6703 mean_loss=0.6439 classification=0.0004, bbox_regression=0.0623, bbox_ctrness=0.6076
epoch 43/50 iter 1360/1860 loss=0.6596 mean_loss=0.6440 classification=0.0109, bbox_regression=0.0421, bbox_ctrness=0.6066
epoch 43/50 iter 1380/1860 loss=0.6622 mean_loss=0.6441 classification=0.0027, bbox_regression=0.0487, bbox_ctrness=0.6109
epoch 43/50 iter 1400/1860 loss=0.6526 mean_loss=0.6442 classification=0.0026, bbox_regression=0.0459, bbox_ctrness=0.6041
epoch 43/50 iter 1420/1860 loss=0.6419 mean_loss=0.6443 classification=0.0009, bbox_regression=0.0386, bbox_ctrness=0.6024
epoch 43/50 iter 1440/1860 loss=0.6478 mean_loss=0.6443 classification=0.0029, bbox_regression=0.0460, bbox_ctrness=0.5989
epoch 43/50 iter 1460/1860 loss=0.6199 mean_loss=0.6442 classification=0.0015, bbox_regression=0.0323, bbox_ctrness=0.5861
epoch 43/50 iter 1480/1860 loss=0.6654 mean_loss=0.6442 classification=0.0034, bbox_regression=0.0469, bbox_ctrness=0.6151
epoch 43/50 iter 1500/1860 loss=0.6783 mean_loss=0.6441 classification=0.0010, bbox_regression=0.0436, bbox_ctrness=0.6336
epoch 43/50 iter 1520/1860 loss=0.6212 mean_loss=0.6443 classification=0.0015, bbox_regression=0.0393, bbox_ctrness=0.5804
epoch 43/50 iter 1540/1860 loss=0.6447 mean_loss=0.6444 classification=0.0043, bbox_regression=0.0393, bbox_ctrness=0.6012
epoch 43/50 iter 1560/1860 loss=0.6425 mean_loss=0.6444 classification=0.0038, bbox_regression=0.0416, bbox_ctrness=0.5971
epoch 43/50 iter 1580/1860 loss=0.6563 mean_loss=0.6444 classification=0.0002, bbox_regression=0.0415, bbox_ctrness=0.6146
epoch 43/50 iter 1600/1860 loss=0.6339 mean_loss=0.6446 classification=0.0133, bbox_regression=0.0323, bbox_ctrness=0.5883
epoch 43/50 iter 1620/1860 loss=0.6510 mean_loss=0.6447 classification=0.0003, bbox_regression=0.0344, bbox_ctrness=0.6163
epoch 43/50 iter 1640/1860 loss=0.6472 mean_loss=0.6447 classification=0.0009, bbox_regression=0.0479, bbox_ctrness=0.5984
epoch 43/50 iter 1660/1860 loss=0.6269 mean_loss=0.6448 classification=0.0028, bbox_regression=0.0375, bbox_ctrness=0.5865
epoch 43/50 iter 1680/1860 loss=0.6540 mean_loss=0.6447 classification=0.0007, bbox_regression=0.0466, bbox_ctrness=0.6067
epoch 43/50 iter 1700/1860 loss=0.6498 mean_loss=0.6447 classification=0.0120, bbox_regression=0.0546, bbox_ctrness=0.5833
epoch 43/50 iter 1720/1860 loss=0.6488 mean_loss=0.6447 classification=0.0061, bbox_regression=0.0411, bbox_ctrness=0.6015
epoch 43/50 iter 1740/1860 loss=0.6512 mean_loss=0.6448 classification=0.0006, bbox_regression=0.0413, bbox_ctrness=0.6093
epoch 43/50 iter 1760/1860 loss=0.6615 mean_loss=0.6447 classification=0.0435, bbox_regression=0.0345, bbox_ctrness=0.5835
epoch 43/50 iter 1780/1860 loss=0.6587 mean_loss=0.6447 classification=0.0302, bbox_regression=0.0419, bbox_ctrness=0.5865
epoch 43/50 iter 1800/1860 loss=0.6542 mean_loss=0.6448 classification=0.0018, bbox_regression=0.0534, bbox_ctrness=0.5991
epoch 43/50 iter 1820/1860 loss=0.6415 mean_loss=0.6449 classification=0.0101, bbox_regression=0.0410, bbox_ctrness=0.5904
epoch 43/50 iter 1840/1860 loss=0.6325 mean_loss=0.6449 classification=0.0046, bbox_regression=0.0353, bbox_ctrness=0.5926
epoch 43/50 iter 1860/1860 loss=0.6598 mean_loss=0.6451 classification=0.0038, bbox_regression=0.0543, bbox_ctrness=0.6017
epoch 43 validation Precision=0.7578 Recall=0.9245 AP50=0.9053 AP75=0.8423 eval_fps=20.56 epoch_time_sec=1000.8
saved checkpoint: E:\RepViT-main\runs\v48_complete_ablation\training\ra_stems_project_seed2\weights\last.pt
epoch 44/50 iter 1/1860 loss=0.6465 mean_loss=0.6465 classification=0.0013, bbox_regression=0.0366, bbox_ctrness=0.6087
epoch 44/50 iter 20/1860 loss=0.6608 mean_loss=0.6477 classification=0.0045, bbox_regression=0.0500, bbox_ctrness=0.6063
epoch 44/50 iter 40/1860 loss=0.6516 mean_loss=0.6464 classification=0.0042, bbox_regression=0.0456, bbox_ctrness=0.6017
epoch 44/50 iter 60/1860 loss=0.6431 mean_loss=0.6462 classification=0.0047, bbox_regression=0.0422, bbox_ctrness=0.5961
epoch 44/50 iter 80/1860 loss=0.6456 mean_loss=0.6439 classification=0.0056, bbox_regression=0.0431, bbox_ctrness=0.5969
epoch 44/50 iter 100/1860 loss=0.6503 mean_loss=0.6434 classification=0.0020, bbox_regression=0.0379, bbox_ctrness=0.6104
epoch 44/50 iter 120/1860 loss=0.6376 mean_loss=0.6447 classification=0.0006, bbox_regression=0.0307, bbox_ctrness=0.6063
epoch 44/50 iter 140/1860 loss=0.6220 mean_loss=0.6446 classification=0.0010, bbox_regression=0.0344, bbox_ctrness=0.5866
epoch 44/50 iter 160/1860 loss=0.6442 mean_loss=0.6444 classification=0.0090, bbox_regression=0.0406, bbox_ctrness=0.5946
epoch 44/50 iter 180/1860 loss=0.6400 mean_loss=0.6448 classification=0.0005, bbox_regression=0.0375, bbox_ctrness=0.6019
epoch 44/50 iter 200/1860 loss=0.6444 mean_loss=0.6447 classification=0.0041, bbox_regression=0.0512, bbox_ctrness=0.5891
epoch 44/50 iter 220/1860 loss=0.6516 mean_loss=0.6449 classification=0.0021, bbox_regression=0.0476, bbox_ctrness=0.6019
epoch 44/50 iter 240/1860 loss=0.6309 mean_loss=0.6447 classification=0.0008, bbox_regression=0.0451, bbox_ctrness=0.5851
epoch 44/50 iter 260/1860 loss=0.6406 mean_loss=0.6444 classification=0.0009, bbox_regression=0.0385, bbox_ctrness=0.6012
epoch 44/50 iter 280/1860 loss=0.6567 mean_loss=0.6445 classification=0.0015, bbox_regression=0.0492, bbox_ctrness=0.6060
epoch 44/50 iter 300/1860 loss=0.6271 mean_loss=0.6443 classification=0.0012, bbox_regression=0.0396, bbox_ctrness=0.5863
epoch 44/50 iter 320/1860 loss=0.6329 mean_loss=0.6438 classification=0.0009, bbox_regression=0.0308, bbox_ctrness=0.6012
epoch 44/50 iter 340/1860 loss=0.6445 mean_loss=0.6437 classification=0.0030, bbox_regression=0.0435, bbox_ctrness=0.5980
epoch 44/50 iter 360/1860 loss=0.6315 mean_loss=0.6434 classification=0.0003, bbox_regression=0.0413, bbox_ctrness=0.5899
epoch 44/50 iter 380/1860 loss=0.6268 mean_loss=0.6442 classification=0.0015, bbox_regression=0.0376, bbox_ctrness=0.5877
epoch 44/50 iter 400/1860 loss=0.6418 mean_loss=0.6451 classification=0.0029, bbox_regression=0.0342, bbox_ctrness=0.6048
epoch 44/50 iter 420/1860 loss=0.6480 mean_loss=0.6459 classification=0.0072, bbox_regression=0.0447, bbox_ctrness=0.5962
epoch 44/50 iter 440/1860 loss=0.6276 mean_loss=0.6458 classification=0.0073, bbox_regression=0.0322, bbox_ctrness=0.5881
epoch 44/50 iter 460/1860 loss=0.6481 mean_loss=0.6460 classification=0.0053, bbox_regression=0.0469, bbox_ctrness=0.5959
epoch 44/50 iter 480/1860 loss=0.6329 mean_loss=0.6458 classification=0.0024, bbox_regression=0.0381, bbox_ctrness=0.5924
epoch 44/50 iter 500/1860 loss=0.6346 mean_loss=0.6456 classification=0.0025, bbox_regression=0.0497, bbox_ctrness=0.5824
epoch 44/50 iter 520/1860 loss=0.6408 mean_loss=0.6453 classification=0.0030, bbox_regression=0.0380, bbox_ctrness=0.5999
epoch 44/50 iter 540/1860 loss=0.6219 mean_loss=0.6458 classification=0.0011, bbox_regression=0.0375, bbox_ctrness=0.5833
epoch 44/50 iter 560/1860 loss=0.6201 mean_loss=0.6455 classification=0.0009, bbox_regression=0.0339, bbox_ctrness=0.5853
epoch 44/50 iter 580/1860 loss=0.6291 mean_loss=0.6453 classification=0.0014, bbox_regression=0.0419, bbox_ctrness=0.5858
epoch 44/50 iter 600/1860 loss=0.6514 mean_loss=0.6451 classification=0.0016, bbox_regression=0.0439, bbox_ctrness=0.6060
epoch 44/50 iter 620/1860 loss=0.6419 mean_loss=0.6447 classification=0.0007, bbox_regression=0.0370, bbox_ctrness=0.6041
epoch 44/50 iter 640/1860 loss=0.6508 mean_loss=0.6448 classification=0.0003, bbox_regression=0.0418, bbox_ctrness=0.6087
epoch 44/50 iter 660/1860 loss=0.6870 mean_loss=0.6446 classification=0.0308, bbox_regression=0.0491, bbox_ctrness=0.6071
epoch 44/50 iter 680/1860 loss=0.6333 mean_loss=0.6443 classification=0.0006, bbox_regression=0.0380, bbox_ctrness=0.5946
epoch 44/50 iter 700/1860 loss=0.6548 mean_loss=0.6440 classification=0.0113, bbox_regression=0.0445, bbox_ctrness=0.5990
epoch 44/50 iter 720/1860 loss=0.6509 mean_loss=0.6440 classification=0.0179, bbox_regression=0.0448, bbox_ctrness=0.5883
epoch 44/50 iter 740/1860 loss=0.6534 mean_loss=0.6439 classification=0.0047, bbox_regression=0.0517, bbox_ctrness=0.5970
epoch 44/50 iter 760/1860 loss=0.6550 mean_loss=0.6439 classification=0.0032, bbox_regression=0.0537, bbox_ctrness=0.5982
epoch 44/50 iter 780/1860 loss=0.6330 mean_loss=0.6438 classification=0.0004, bbox_regression=0.0356, bbox_ctrness=0.5970
epoch 44/50 iter 800/1860 loss=0.6487 mean_loss=0.6437 classification=0.0001, bbox_regression=0.0409, bbox_ctrness=0.6076
epoch 44/50 iter 820/1860 loss=0.6585 mean_loss=0.6437 classification=0.0004, bbox_regression=0.0435, bbox_ctrness=0.6146
epoch 44/50 iter 840/1860 loss=0.6684 mean_loss=0.6436 classification=0.0011, bbox_regression=0.0320, bbox_ctrness=0.6352
epoch 44/50 iter 860/1860 loss=0.6364 mean_loss=0.6435 classification=0.0012, bbox_regression=0.0343, bbox_ctrness=0.6009
epoch 44/50 iter 880/1860 loss=0.6434 mean_loss=0.6436 classification=0.0057, bbox_regression=0.0416, bbox_ctrness=0.5960
epoch 44/50 iter 900/1860 loss=0.6413 mean_loss=0.6436 classification=0.0025, bbox_regression=0.0403, bbox_ctrness=0.5985
epoch 44/50 iter 920/1860 loss=0.6402 mean_loss=0.6436 classification=0.0017, bbox_regression=0.0464, bbox_ctrness=0.5920
epoch 44/50 iter 940/1860 loss=0.6470 mean_loss=0.6438 classification=0.0053, bbox_regression=0.0439, bbox_ctrness=0.5979
epoch 44/50 iter 960/1860 loss=0.6590 mean_loss=0.6438 classification=0.0033, bbox_regression=0.0493, bbox_ctrness=0.6064
epoch 44/50 iter 980/1860 loss=0.6560 mean_loss=0.6435 classification=0.0015, bbox_regression=0.0449, bbox_ctrness=0.6096
epoch 44/50 iter 1000/1860 loss=0.6292 mean_loss=0.6436 classification=0.0057, bbox_regression=0.0337, bbox_ctrness=0.5898
epoch 44/50 iter 1020/1860 loss=0.6691 mean_loss=0.6436 classification=0.0011, bbox_regression=0.0529, bbox_ctrness=0.6151
epoch 44/50 iter 1040/1860 loss=0.6375 mean_loss=0.6435 classification=0.0041, bbox_regression=0.0438, bbox_ctrness=0.5897
epoch 44/50 iter 1060/1860 loss=0.6384 mean_loss=0.6435 classification=0.0021, bbox_regression=0.0443, bbox_ctrness=0.5919
epoch 44/50 iter 1080/1860 loss=0.6719 mean_loss=0.6435 classification=0.0179, bbox_regression=0.0404, bbox_ctrness=0.6135
epoch 44/50 iter 1100/1860 loss=0.6573 mean_loss=0.6435 classification=0.0045, bbox_regression=0.0360, bbox_ctrness=0.6169
epoch 44/50 iter 1120/1860 loss=0.6407 mean_loss=0.6435 classification=0.0026, bbox_regression=0.0484, bbox_ctrness=0.5897
epoch 44/50 iter 1140/1860 loss=0.6542 mean_loss=0.6434 classification=0.0004, bbox_regression=0.0400, bbox_ctrness=0.6137
epoch 44/50 iter 1160/1860 loss=0.6329 mean_loss=0.6433 classification=0.0046, bbox_regression=0.0396, bbox_ctrness=0.5887
epoch 44/50 iter 1180/1860 loss=0.6410 mean_loss=0.6432 classification=0.0059, bbox_regression=0.0429, bbox_ctrness=0.5922
epoch 44/50 iter 1200/1860 loss=0.6298 mean_loss=0.6431 classification=0.0006, bbox_regression=0.0292, bbox_ctrness=0.6000
epoch 44/50 iter 1220/1860 loss=0.6671 mean_loss=0.6431 classification=0.0157, bbox_regression=0.0364, bbox_ctrness=0.6150
epoch 44/50 iter 1240/1860 loss=0.6516 mean_loss=0.6432 classification=0.0058, bbox_regression=0.0587, bbox_ctrness=0.5871
epoch 44/50 iter 1260/1860 loss=0.6338 mean_loss=0.6432 classification=0.0092, bbox_regression=0.0375, bbox_ctrness=0.5871
epoch 44/50 iter 1280/1860 loss=0.6227 mean_loss=0.6433 classification=0.0038, bbox_regression=0.0311, bbox_ctrness=0.5878
epoch 44/50 iter 1300/1860 loss=0.6386 mean_loss=0.6435 classification=0.0016, bbox_regression=0.0386, bbox_ctrness=0.5984
epoch 44/50 iter 1320/1860 loss=0.6577 mean_loss=0.6435 classification=0.0022, bbox_regression=0.0402, bbox_ctrness=0.6152
epoch 44/50 iter 1340/1860 loss=0.6607 mean_loss=0.6435 classification=0.0006, bbox_regression=0.0494, bbox_ctrness=0.6107
epoch 44/50 iter 1360/1860 loss=0.6539 mean_loss=0.6435 classification=0.0069, bbox_regression=0.0331, bbox_ctrness=0.6140
epoch 44/50 iter 1380/1860 loss=0.6444 mean_loss=0.6435 classification=0.0093, bbox_regression=0.0444, bbox_ctrness=0.5906
epoch 44/50 iter 1400/1860 loss=0.6362 mean_loss=0.6435 classification=0.0061, bbox_regression=0.0449, bbox_ctrness=0.5852
epoch 44/50 iter 1420/1860 loss=0.6676 mean_loss=0.6436 classification=0.0058, bbox_regression=0.0556, bbox_ctrness=0.6062
epoch 44/50 iter 1440/1860 loss=0.6526 mean_loss=0.6438 classification=0.0091, bbox_regression=0.0445, bbox_ctrness=0.5991
epoch 44/50 iter 1460/1860 loss=0.6696 mean_loss=0.6439 classification=0.0020, bbox_regression=0.0427, bbox_ctrness=0.6249
epoch 44/50 iter 1480/1860 loss=0.6403 mean_loss=0.6439 classification=0.0072, bbox_regression=0.0423, bbox_ctrness=0.5908
epoch 44/50 iter 1500/1860 loss=0.6385 mean_loss=0.6439 classification=0.0098, bbox_regression=0.0403, bbox_ctrness=0.5884
epoch 44/50 iter 1520/1860 loss=0.6348 mean_loss=0.6439 classification=0.0209, bbox_regression=0.0299, bbox_ctrness=0.5840
epoch 44/50 iter 1540/1860 loss=0.6690 mean_loss=0.6438 classification=0.0023, bbox_regression=0.0489, bbox_ctrness=0.6178
epoch 44/50 iter 1560/1860 loss=0.6470 mean_loss=0.6439 classification=0.0037, bbox_regression=0.0450, bbox_ctrness=0.5983
epoch 44/50 iter 1580/1860 loss=0.6455 mean_loss=0.6439 classification=0.0083, bbox_regression=0.0512, bbox_ctrness=0.5860
epoch 44/50 iter 1600/1860 loss=0.6787 mean_loss=0.6440 classification=0.0091, bbox_regression=0.0653, bbox_ctrness=0.6042
epoch 44/50 iter 1620/1860 loss=0.6197 mean_loss=0.6440 classification=0.0009, bbox_regression=0.0341, bbox_ctrness=0.5848
epoch 44/50 iter 1640/1860 loss=0.6084 mean_loss=0.6440 classification=0.0044, bbox_regression=0.0429, bbox_ctrness=0.5611
epoch 44/50 iter 1660/1860 loss=0.6703 mean_loss=0.6440 classification=0.0015, bbox_regression=0.0519, bbox_ctrness=0.6169
epoch 44/50 iter 1680/1860 loss=0.6252 mean_loss=0.6439 classification=0.0013, bbox_regression=0.0337, bbox_ctrness=0.5902
epoch 44/50 iter 1700/1860 loss=0.6579 mean_loss=0.6441 classification=0.0149, bbox_regression=0.0369, bbox_ctrness=0.6061
epoch 44/50 iter 1720/1860 loss=0.6651 mean_loss=0.6441 classification=0.0318, bbox_regression=0.0408, bbox_ctrness=0.5925
epoch 44/50 iter 1740/1860 loss=0.6500 mean_loss=0.6441 classification=0.0024, bbox_regression=0.0459, bbox_ctrness=0.6017
epoch 44/50 iter 1760/1860 loss=0.6533 mean_loss=0.6442 classification=0.0005, bbox_regression=0.0411, bbox_ctrness=0.6117
epoch 44/50 iter 1780/1860 loss=0.6625 mean_loss=0.6443 classification=0.0234, bbox_regression=0.0363, bbox_ctrness=0.6028
epoch 44/50 iter 1800/1860 loss=0.6161 mean_loss=0.6442 classification=0.0020, bbox_regression=0.0307, bbox_ctrness=0.5834
epoch 44/50 iter 1820/1860 loss=0.6533 mean_loss=0.6443 classification=0.0154, bbox_regression=0.0450, bbox_ctrness=0.5928
epoch 44/50 iter 1840/1860 loss=0.6669 mean_loss=0.6442 classification=0.0001, bbox_regression=0.0442, bbox_ctrness=0.6226
epoch 44/50 iter 1860/1860 loss=0.6683 mean_loss=0.6441 classification=0.0021, bbox_regression=0.0547, bbox_ctrness=0.6115
epoch 44 validation Precision=0.8349 Recall=0.9139 AP50=0.8993 AP75=0.8451 eval_fps=20.49 epoch_time_sec=941.0
saved checkpoint: E:\RepViT-main\runs\v48_complete_ablation\training\ra_stems_project_seed2\weights\last.pt
epoch 45/50 iter 1/1860 loss=0.6332 mean_loss=0.6332 classification=0.0003, bbox_regression=0.0345, bbox_ctrness=0.5984
epoch 45/50 iter 20/1860 loss=0.6539 mean_loss=0.6449 classification=0.0002, bbox_regression=0.0443, bbox_ctrness=0.6095
epoch 45/50 iter 40/1860 loss=0.6608 mean_loss=0.6434 classification=0.0005, bbox_regression=0.0379, bbox_ctrness=0.6224
epoch 45/50 iter 60/1860 loss=0.6550 mean_loss=0.6439 classification=0.0004, bbox_regression=0.0354, bbox_ctrness=0.6192
epoch 45/50 iter 80/1860 loss=0.6483 mean_loss=0.6442 classification=0.0071, bbox_regression=0.0467, bbox_ctrness=0.5945
epoch 45/50 iter 100/1860 loss=0.6236 mean_loss=0.6433 classification=0.0003, bbox_regression=0.0319, bbox_ctrness=0.5914
epoch 45/50 iter 120/1860 loss=0.6177 mean_loss=0.6420 classification=0.0023, bbox_regression=0.0363, bbox_ctrness=0.5792
epoch 45/50 iter 140/1860 loss=0.7168 mean_loss=0.6414 classification=0.0659, bbox_regression=0.0422, bbox_ctrness=0.6087
epoch 45/50 iter 160/1860 loss=0.6492 mean_loss=0.6417 classification=0.0041, bbox_regression=0.0371, bbox_ctrness=0.6080
epoch 45/50 iter 180/1860 loss=0.6674 mean_loss=0.6416 classification=0.0026, bbox_regression=0.0485, bbox_ctrness=0.6163
epoch 45/50 iter 200/1860 loss=0.6345 mean_loss=0.6415 classification=0.0008, bbox_regression=0.0306, bbox_ctrness=0.6031
epoch 45/50 iter 220/1860 loss=0.6385 mean_loss=0.6413 classification=0.0044, bbox_regression=0.0345, bbox_ctrness=0.5996
epoch 45/50 iter 240/1860 loss=0.6297 mean_loss=0.6415 classification=0.0002, bbox_regression=0.0342, bbox_ctrness=0.5953
epoch 45/50 iter 260/1860 loss=0.6028 mean_loss=0.6414 classification=0.0000, bbox_regression=0.0196, bbox_ctrness=0.5832
epoch 45/50 iter 280/1860 loss=0.6500 mean_loss=0.6416 classification=0.0038, bbox_regression=0.0395, bbox_ctrness=0.6067
epoch 45/50 iter 300/1860 loss=0.6196 mean_loss=0.6415 classification=0.0023, bbox_regression=0.0401, bbox_ctrness=0.5771
epoch 45/50 iter 320/1860 loss=0.6583 mean_loss=0.6419 classification=0.0017, bbox_regression=0.0410, bbox_ctrness=0.6156
epoch 45/50 iter 340/1860 loss=0.6286 mean_loss=0.6422 classification=0.0022, bbox_regression=0.0325, bbox_ctrness=0.5939
epoch 45/50 iter 360/1860 loss=0.6510 mean_loss=0.6426 classification=0.0017, bbox_regression=0.0410, bbox_ctrness=0.6082
epoch 45/50 iter 380/1860 loss=0.6514 mean_loss=0.6428 classification=0.0011, bbox_regression=0.0392, bbox_ctrness=0.6111
epoch 45/50 iter 400/1860 loss=0.6467 mean_loss=0.6427 classification=0.0030, bbox_regression=0.0434, bbox_ctrness=0.6004
epoch 45/50 iter 420/1860 loss=0.6463 mean_loss=0.6429 classification=0.0012, bbox_regression=0.0451, bbox_ctrness=0.5999
epoch 45/50 iter 440/1860 loss=0.6506 mean_loss=0.6429 classification=0.0120, bbox_regression=0.0463, bbox_ctrness=0.5924
epoch 45/50 iter 460/1860 loss=0.6298 mean_loss=0.6429 classification=0.0008, bbox_regression=0.0309, bbox_ctrness=0.5981
epoch 45/50 iter 480/1860 loss=0.6216 mean_loss=0.6431 classification=0.0019, bbox_regression=0.0296, bbox_ctrness=0.5901
epoch 45/50 iter 500/1860 loss=0.6184 mean_loss=0.6430 classification=0.0037, bbox_regression=0.0353, bbox_ctrness=0.5795
epoch 45/50 iter 520/1860 loss=0.6169 mean_loss=0.6432 classification=0.0031, bbox_regression=0.0335, bbox_ctrness=0.5803
epoch 45/50 iter 540/1860 loss=0.6246 mean_loss=0.6432 classification=0.0004, bbox_regression=0.0352, bbox_ctrness=0.5890
epoch 45/50 iter 560/1860 loss=0.6399 mean_loss=0.6432 classification=0.0009, bbox_regression=0.0368, bbox_ctrness=0.6022
epoch 45/50 iter 580/1860 loss=0.6395 mean_loss=0.6433 classification=0.0014, bbox_regression=0.0377, bbox_ctrness=0.6005
epoch 45/50 iter 600/1860 loss=0.6847 mean_loss=0.6432 classification=0.0468, bbox_regression=0.0448, bbox_ctrness=0.5931
epoch 45/50 iter 620/1860 loss=0.6513 mean_loss=0.6431 classification=0.0019, bbox_regression=0.0436, bbox_ctrness=0.6059
epoch 45/50 iter 640/1860 loss=0.6318 mean_loss=0.6431 classification=0.0005, bbox_regression=0.0410, bbox_ctrness=0.5903
epoch 45/50 iter 660/1860 loss=0.6437 mean_loss=0.6429 classification=0.0004, bbox_regression=0.0323, bbox_ctrness=0.6110
epoch 45/50 iter 680/1860 loss=0.6348 mean_loss=0.6428 classification=0.0072, bbox_regression=0.0342, bbox_ctrness=0.5934
epoch 45/50 iter 700/1860 loss=0.6339 mean_loss=0.6427 classification=0.0004, bbox_regression=0.0380, bbox_ctrness=0.5955
epoch 45/50 iter 720/1860 loss=0.6503 mean_loss=0.6427 classification=0.0050, bbox_regression=0.0436, bbox_ctrness=0.6016
epoch 45/50 iter 740/1860 loss=0.6461 mean_loss=0.6429 classification=0.0002, bbox_regression=0.0414, bbox_ctrness=0.6045
epoch 45/50 iter 760/1860 loss=0.6387 mean_loss=0.6427 classification=0.0019, bbox_regression=0.0539, bbox_ctrness=0.5828
epoch 45/50 iter 780/1860 loss=0.6333 mean_loss=0.6427 classification=0.0003, bbox_regression=0.0351, bbox_ctrness=0.5979
epoch 45/50 iter 800/1860 loss=0.6546 mean_loss=0.6427 classification=0.0006, bbox_regression=0.0588, bbox_ctrness=0.5952
epoch 45/50 iter 820/1860 loss=0.6528 mean_loss=0.6427 classification=0.0051, bbox_regression=0.0444, bbox_ctrness=0.6032
epoch 45/50 iter 840/1860 loss=0.6399 mean_loss=0.6426 classification=0.0002, bbox_regression=0.0375, bbox_ctrness=0.6022
epoch 45/50 iter 860/1860 loss=0.6348 mean_loss=0.6426 classification=0.0002, bbox_regression=0.0417, bbox_ctrness=0.5928
epoch 45/50 iter 880/1860 loss=0.6361 mean_loss=0.6425 classification=0.0009, bbox_regression=0.0370, bbox_ctrness=0.5981
epoch 45/50 iter 900/1860 loss=0.6415 mean_loss=0.6425 classification=0.0021, bbox_regression=0.0267, bbox_ctrness=0.6127
epoch 45/50 iter 920/1860 loss=0.6313 mean_loss=0.6425 classification=0.0004, bbox_regression=0.0300, bbox_ctrness=0.6009
epoch 45/50 iter 940/1860 loss=0.6554 mean_loss=0.6424 classification=0.0007, bbox_regression=0.0389, bbox_ctrness=0.6158
epoch 45/50 iter 960/1860 loss=0.6346 mean_loss=0.6425 classification=0.0018, bbox_regression=0.0478, bbox_ctrness=0.5850
epoch 45/50 iter 980/1860 loss=0.6437 mean_loss=0.6424 classification=0.0014, bbox_regression=0.0435, bbox_ctrness=0.5988
epoch 45/50 iter 1000/1860 loss=0.6428 mean_loss=0.6425 classification=0.0020, bbox_regression=0.0521, bbox_ctrness=0.5886
epoch 45/50 iter 1020/1860 loss=0.6323 mean_loss=0.6425 classification=0.0010, bbox_regression=0.0346, bbox_ctrness=0.5967
epoch 45/50 iter 1040/1860 loss=0.6642 mean_loss=0.6424 classification=0.0170, bbox_regression=0.0452, bbox_ctrness=0.6021
epoch 45/50 iter 1060/1860 loss=0.7043 mean_loss=0.6424 classification=0.0207, bbox_regression=0.0744, bbox_ctrness=0.6092
epoch 45/50 iter 1080/1860 loss=0.7456 mean_loss=0.6425 classification=0.0848, bbox_regression=0.0516, bbox_ctrness=0.6091
epoch 45/50 iter 1100/1860 loss=0.6331 mean_loss=0.6424 classification=0.0007, bbox_regression=0.0405, bbox_ctrness=0.5919
epoch 45/50 iter 1120/1860 loss=0.6403 mean_loss=0.6424 classification=0.0017, bbox_regression=0.0453, bbox_ctrness=0.5934
epoch 45/50 iter 1140/1860 loss=0.6484 mean_loss=0.6424 classification=0.0007, bbox_regression=0.0370, bbox_ctrness=0.6107
epoch 45/50 iter 1160/1860 loss=0.6398 mean_loss=0.6426 classification=0.0094, bbox_regression=0.0369, bbox_ctrness=0.5935
epoch 45/50 iter 1180/1860 loss=0.6337 mean_loss=0.6426 classification=0.0007, bbox_regression=0.0484, bbox_ctrness=0.5847
epoch 45/50 iter 1200/1860 loss=0.6722 mean_loss=0.6426 classification=0.0334, bbox_regression=0.0482, bbox_ctrness=0.5905
epoch 45/50 iter 1220/1860 loss=0.6222 mean_loss=0.6427 classification=0.0012, bbox_regression=0.0384, bbox_ctrness=0.5826
epoch 45/50 iter 1240/1860 loss=0.6406 mean_loss=0.6427 classification=0.0011, bbox_regression=0.0299, bbox_ctrness=0.6095
epoch 45/50 iter 1260/1860 loss=0.6521 mean_loss=0.6426 classification=0.0009, bbox_regression=0.0445, bbox_ctrness=0.6067
epoch 45/50 iter 1280/1860 loss=0.6318 mean_loss=0.6427 classification=0.0015, bbox_regression=0.0437, bbox_ctrness=0.5866
epoch 45/50 iter 1300/1860 loss=0.6293 mean_loss=0.6426 classification=0.0054, bbox_regression=0.0274, bbox_ctrness=0.5965
epoch 45/50 iter 1320/1860 loss=0.6293 mean_loss=0.6426 classification=0.0032, bbox_regression=0.0384, bbox_ctrness=0.5877
epoch 45/50 iter 1340/1860 loss=0.6136 mean_loss=0.6426 classification=0.0009, bbox_regression=0.0302, bbox_ctrness=0.5826
epoch 45/50 iter 1360/1860 loss=0.6506 mean_loss=0.6426 classification=0.0060, bbox_regression=0.0327, bbox_ctrness=0.6119
epoch 45/50 iter 1380/1860 loss=0.6454 mean_loss=0.6427 classification=0.0002, bbox_regression=0.0354, bbox_ctrness=0.6097
epoch 45/50 iter 1400/1860 loss=0.6605 mean_loss=0.6427 classification=0.0001, bbox_regression=0.0413, bbox_ctrness=0.6191
epoch 45/50 iter 1420/1860 loss=0.6392 mean_loss=0.6427 classification=0.0001, bbox_regression=0.0268, bbox_ctrness=0.6123
epoch 45/50 iter 1440/1860 loss=0.6178 mean_loss=0.6427 classification=0.0039, bbox_regression=0.0341, bbox_ctrness=0.5798
epoch 45/50 iter 1460/1860 loss=0.6552 mean_loss=0.6427 classification=0.0096, bbox_regression=0.0392, bbox_ctrness=0.6063
epoch 45/50 iter 1480/1860 loss=0.6458 mean_loss=0.6427 classification=0.0039, bbox_regression=0.0362, bbox_ctrness=0.6057
epoch 45/50 iter 1500/1860 loss=0.6268 mean_loss=0.6427 classification=0.0020, bbox_regression=0.0398, bbox_ctrness=0.5850
epoch 45/50 iter 1520/1860 loss=0.6369 mean_loss=0.6427 classification=0.0011, bbox_regression=0.0384, bbox_ctrness=0.5975
epoch 45/50 iter 1540/1860 loss=0.6294 mean_loss=0.6426 classification=0.0036, bbox_regression=0.0320, bbox_ctrness=0.5938
epoch 45/50 iter 1560/1860 loss=0.6289 mean_loss=0.6426 classification=0.0011, bbox_regression=0.0398, bbox_ctrness=0.5880
epoch 45/50 iter 1580/1860 loss=0.6554 mean_loss=0.6426 classification=0.0004, bbox_regression=0.0470, bbox_ctrness=0.6080
epoch 45/50 iter 1600/1860 loss=0.6370 mean_loss=0.6426 classification=0.0006, bbox_regression=0.0370, bbox_ctrness=0.5995
epoch 45/50 iter 1620/1860 loss=0.6346 mean_loss=0.6426 classification=0.0049, bbox_regression=0.0408, bbox_ctrness=0.5890
epoch 45/50 iter 1640/1860 loss=0.6297 mean_loss=0.6425 classification=0.0016, bbox_regression=0.0380, bbox_ctrness=0.5901
epoch 45/50 iter 1660/1860 loss=0.6415 mean_loss=0.6425 classification=0.0112, bbox_regression=0.0479, bbox_ctrness=0.5824
epoch 45/50 iter 1680/1860 loss=0.6419 mean_loss=0.6425 classification=0.0014, bbox_regression=0.0503, bbox_ctrness=0.5903
epoch 45/50 iter 1700/1860 loss=0.6234 mean_loss=0.6425 classification=0.0006, bbox_regression=0.0403, bbox_ctrness=0.5825
epoch 45/50 iter 1720/1860 loss=0.6534 mean_loss=0.6425 classification=0.0007, bbox_regression=0.0373, bbox_ctrness=0.6154
epoch 45/50 iter 1740/1860 loss=0.6403 mean_loss=0.6424 classification=0.0079, bbox_regression=0.0366, bbox_ctrness=0.5957
epoch 45/50 iter 1760/1860 loss=0.6224 mean_loss=0.6423 classification=0.0010, bbox_regression=0.0393, bbox_ctrness=0.5821
epoch 45/50 iter 1780/1860 loss=0.6442 mean_loss=0.6423 classification=0.0009, bbox_regression=0.0434, bbox_ctrness=0.6000
epoch 45/50 iter 1800/1860 loss=0.6374 mean_loss=0.6423 classification=0.0024, bbox_regression=0.0390, bbox_ctrness=0.5960
epoch 45/50 iter 1820/1860 loss=0.6433 mean_loss=0.6423 classification=0.0005, bbox_regression=0.0343, bbox_ctrness=0.6085
epoch 45/50 iter 1840/1860 loss=0.6700 mean_loss=0.6424 classification=0.0053, bbox_regression=0.0600, bbox_ctrness=0.6047
epoch 45/50 iter 1860/1860 loss=0.6385 mean_loss=0.6424 classification=0.0046, bbox_regression=0.0384, bbox_ctrness=0.5955
epoch 45 validation Precision=0.8150 Recall=0.9248 AP50=0.9080 AP75=0.8486 eval_fps=20.45 epoch_time_sec=935.5
saved checkpoint: E:\RepViT-main\runs\v48_complete_ablation\training\ra_stems_project_seed2\weights\last.pt
epoch 46/50 iter 1/1860 loss=0.6253 mean_loss=0.6253 classification=0.0006, bbox_regression=0.0375, bbox_ctrness=0.5871
epoch 46/50 iter 20/1860 loss=0.6439 mean_loss=0.6379 classification=0.0006, bbox_regression=0.0416, bbox_ctrness=0.6017
epoch 46/50 iter 40/1860 loss=0.6465 mean_loss=0.6365 classification=0.0029, bbox_regression=0.0456, bbox_ctrness=0.5980
epoch 46/50 iter 60/1860 loss=0.6402 mean_loss=0.6373 classification=0.0002, bbox_regression=0.0337, bbox_ctrness=0.6063
epoch 46/50 iter 80/1860 loss=0.6605 mean_loss=0.6393 classification=0.0083, bbox_regression=0.0494, bbox_ctrness=0.6028
epoch 46/50 iter 100/1860 loss=0.6351 mean_loss=0.6405 classification=0.0012, bbox_regression=0.0453, bbox_ctrness=0.5885
epoch 46/50 iter 120/1860 loss=0.6230 mean_loss=0.6403 classification=0.0011, bbox_regression=0.0336, bbox_ctrness=0.5883
epoch 46/50 iter 140/1860 loss=0.6406 mean_loss=0.6411 classification=0.0011, bbox_regression=0.0347, bbox_ctrness=0.6049
epoch 46/50 iter 160/1860 loss=0.6445 mean_loss=0.6409 classification=0.0008, bbox_regression=0.0420, bbox_ctrness=0.6018
epoch 46/50 iter 180/1860 loss=0.6958 mean_loss=0.6408 classification=0.0369, bbox_regression=0.0882, bbox_ctrness=0.5707
epoch 46/50 iter 200/1860 loss=0.6378 mean_loss=0.6411 classification=0.0016, bbox_regression=0.0397, bbox_ctrness=0.5965
epoch 46/50 iter 220/1860 loss=0.6386 mean_loss=0.6413 classification=0.0011, bbox_regression=0.0501, bbox_ctrness=0.5874
epoch 46/50 iter 240/1860 loss=0.6458 mean_loss=0.6411 classification=0.0026, bbox_regression=0.0447, bbox_ctrness=0.5984
epoch 46/50 iter 260/1860 loss=0.6530 mean_loss=0.6414 classification=0.0024, bbox_regression=0.0422, bbox_ctrness=0.6083
epoch 46/50 iter 280/1860 loss=0.6442 mean_loss=0.6416 classification=0.0004, bbox_regression=0.0428, bbox_ctrness=0.6011
epoch 46/50 iter 300/1860 loss=0.6487 mean_loss=0.6416 classification=0.0045, bbox_regression=0.0527, bbox_ctrness=0.5915
epoch 46/50 iter 320/1860 loss=0.6545 mean_loss=0.6414 classification=0.0007, bbox_regression=0.0493, bbox_ctrness=0.6046
epoch 46/50 iter 340/1860 loss=0.6553 mean_loss=0.6413 classification=0.0015, bbox_regression=0.0434, bbox_ctrness=0.6104
epoch 46/50 iter 360/1860 loss=0.6366 mean_loss=0.6414 classification=0.0046, bbox_regression=0.0367, bbox_ctrness=0.5953
epoch 46/50 iter 380/1860 loss=0.6266 mean_loss=0.6413 classification=0.0039, bbox_regression=0.0324, bbox_ctrness=0.5903
epoch 46/50 iter 400/1860 loss=0.6237 mean_loss=0.6412 classification=0.0042, bbox_regression=0.0429, bbox_ctrness=0.5766
epoch 46/50 iter 420/1860 loss=0.6209 mean_loss=0.6410 classification=0.0040, bbox_regression=0.0267, bbox_ctrness=0.5901
epoch 46/50 iter 440/1860 loss=0.6431 mean_loss=0.6410 classification=0.0056, bbox_regression=0.0502, bbox_ctrness=0.5873
epoch 46/50 iter 460/1860 loss=0.6484 mean_loss=0.6413 classification=0.0004, bbox_regression=0.0450, bbox_ctrness=0.6030
epoch 46/50 iter 480/1860 loss=0.6431 mean_loss=0.6415 classification=0.0010, bbox_regression=0.0535, bbox_ctrness=0.5886
epoch 46/50 iter 500/1860 loss=0.6282 mean_loss=0.6414 classification=0.0046, bbox_regression=0.0298, bbox_ctrness=0.5938
epoch 46/50 iter 520/1860 loss=0.6411 mean_loss=0.6416 classification=0.0019, bbox_regression=0.0385, bbox_ctrness=0.6008
epoch 46/50 iter 540/1860 loss=0.6336 mean_loss=0.6418 classification=0.0008, bbox_regression=0.0316, bbox_ctrness=0.6013
epoch 46/50 iter 560/1860 loss=0.6545 mean_loss=0.6418 classification=0.0005, bbox_regression=0.0460, bbox_ctrness=0.6080
epoch 46/50 iter 580/1860 loss=0.6472 mean_loss=0.6420 classification=0.0015, bbox_regression=0.0362, bbox_ctrness=0.6095
epoch 46/50 iter 600/1860 loss=0.6389 mean_loss=0.6419 classification=0.0013, bbox_regression=0.0373, bbox_ctrness=0.6003
epoch 46/50 iter 620/1860 loss=0.6887 mean_loss=0.6420 classification=0.0667, bbox_regression=0.0393, bbox_ctrness=0.5828
epoch 46/50 iter 640/1860 loss=0.6408 mean_loss=0.6418 classification=0.0016, bbox_regression=0.0362, bbox_ctrness=0.6030
epoch 46/50 iter 660/1860 loss=0.6234 mean_loss=0.6418 classification=0.0006, bbox_regression=0.0281, bbox_ctrness=0.5947
epoch 46/50 iter 680/1860 loss=0.6603 mean_loss=0.6419 classification=0.0011, bbox_regression=0.0526, bbox_ctrness=0.6066
epoch 46/50 iter 700/1860 loss=0.6353 mean_loss=0.6419 classification=0.0024, bbox_regression=0.0335, bbox_ctrness=0.5994
epoch 46/50 iter 720/1860 loss=0.6311 mean_loss=0.6419 classification=0.0004, bbox_regression=0.0343, bbox_ctrness=0.5964
epoch 46/50 iter 740/1860 loss=0.6416 mean_loss=0.6418 classification=0.0006, bbox_regression=0.0428, bbox_ctrness=0.5983
epoch 46/50 iter 760/1860 loss=0.6404 mean_loss=0.6420 classification=0.0025, bbox_regression=0.0451, bbox_ctrness=0.5927
epoch 46/50 iter 780/1860 loss=0.6457 mean_loss=0.6423 classification=0.0048, bbox_regression=0.0445, bbox_ctrness=0.5963
epoch 46/50 iter 800/1860 loss=0.6546 mean_loss=0.6423 classification=0.0020, bbox_regression=0.0425, bbox_ctrness=0.6102
epoch 46/50 iter 820/1860 loss=0.6494 mean_loss=0.6425 classification=0.0027, bbox_regression=0.0371, bbox_ctrness=0.6096
epoch 46/50 iter 840/1860 loss=0.6278 mean_loss=0.6426 classification=0.0061, bbox_regression=0.0446, bbox_ctrness=0.5771
epoch 46/50 iter 860/1860 loss=0.6520 mean_loss=0.6428 classification=0.0111, bbox_regression=0.0443, bbox_ctrness=0.5965
epoch 46/50 iter 880/1860 loss=0.6386 mean_loss=0.6429 classification=0.0053, bbox_regression=0.0345, bbox_ctrness=0.5988
epoch 46/50 iter 900/1860 loss=0.6446 mean_loss=0.6431 classification=0.0027, bbox_regression=0.0426, bbox_ctrness=0.5993
epoch 46/50 iter 920/1860 loss=0.6451 mean_loss=0.6433 classification=0.0082, bbox_regression=0.0414, bbox_ctrness=0.5955
epoch 46/50 iter 940/1860 loss=0.6414 mean_loss=0.6433 classification=0.0012, bbox_regression=0.0480, bbox_ctrness=0.5923
epoch 46/50 iter 960/1860 loss=0.6290 mean_loss=0.6433 classification=0.0056, bbox_regression=0.0388, bbox_ctrness=0.5846
epoch 46/50 iter 980/1860 loss=0.6526 mean_loss=0.6434 classification=0.0011, bbox_regression=0.0493, bbox_ctrness=0.6023
epoch 46/50 iter 1000/1860 loss=0.6267 mean_loss=0.6434 classification=0.0012, bbox_regression=0.0364, bbox_ctrness=0.5891
epoch 46/50 iter 1020/1860 loss=0.6484 mean_loss=0.6434 classification=0.0026, bbox_regression=0.0516, bbox_ctrness=0.5942
epoch 46/50 iter 1040/1860 loss=0.6452 mean_loss=0.6433 classification=0.0013, bbox_regression=0.0375, bbox_ctrness=0.6064
epoch 46/50 iter 1060/1860 loss=0.6504 mean_loss=0.6434 classification=0.0035, bbox_regression=0.0390, bbox_ctrness=0.6079
epoch 46/50 iter 1080/1860 loss=0.6228 mean_loss=0.6434 classification=0.0053, bbox_regression=0.0294, bbox_ctrness=0.5881
epoch 46/50 iter 1100/1860 loss=0.6331 mean_loss=0.6434 classification=0.0006, bbox_regression=0.0395, bbox_ctrness=0.5930
epoch 46/50 iter 1120/1860 loss=0.6393 mean_loss=0.6435 classification=0.0036, bbox_regression=0.0501, bbox_ctrness=0.5855
epoch 46/50 iter 1140/1860 loss=0.6517 mean_loss=0.6435 classification=0.0041, bbox_regression=0.0390, bbox_ctrness=0.6086
epoch 46/50 iter 1160/1860 loss=0.6447 mean_loss=0.6435 classification=0.0024, bbox_regression=0.0417, bbox_ctrness=0.6006
epoch 46/50 iter 1180/1860 loss=0.6477 mean_loss=0.6435 classification=0.0035, bbox_regression=0.0378, bbox_ctrness=0.6064
epoch 46/50 iter 1200/1860 loss=0.6547 mean_loss=0.6435 classification=0.0003, bbox_regression=0.0457, bbox_ctrness=0.6087
epoch 46/50 iter 1220/1860 loss=0.6376 mean_loss=0.6434 classification=0.0057, bbox_regression=0.0429, bbox_ctrness=0.5891
epoch 46/50 iter 1240/1860 loss=0.6155 mean_loss=0.6433 classification=0.0006, bbox_regression=0.0353, bbox_ctrness=0.5796
epoch 46/50 iter 1260/1860 loss=0.6608 mean_loss=0.6434 classification=0.0099, bbox_regression=0.0493, bbox_ctrness=0.6016
epoch 46/50 iter 1280/1860 loss=0.6472 mean_loss=0.6435 classification=0.0013, bbox_regression=0.0409, bbox_ctrness=0.6050
epoch 46/50 iter 1300/1860 loss=0.6389 mean_loss=0.6435 classification=0.0023, bbox_regression=0.0364, bbox_ctrness=0.6001
epoch 46/50 iter 1320/1860 loss=0.6476 mean_loss=0.6435 classification=0.0004, bbox_regression=0.0375, bbox_ctrness=0.6097
epoch 46/50 iter 1340/1860 loss=0.6453 mean_loss=0.6435 classification=0.0014, bbox_regression=0.0408, bbox_ctrness=0.6032
epoch 46/50 iter 1360/1860 loss=0.6614 mean_loss=0.6436 classification=0.0247, bbox_regression=0.0466, bbox_ctrness=0.5900
epoch 46/50 iter 1380/1860 loss=0.6435 mean_loss=0.6436 classification=0.0023, bbox_regression=0.0412, bbox_ctrness=0.5999
epoch 46/50 iter 1400/1860 loss=0.6632 mean_loss=0.6440 classification=0.0098, bbox_regression=0.0428, bbox_ctrness=0.6106
epoch 46/50 iter 1420/1860 loss=0.7355 mean_loss=0.6442 classification=0.1169, bbox_regression=0.0366, bbox_ctrness=0.5820
epoch 46/50 iter 1440/1860 loss=0.6439 mean_loss=0.6445 classification=0.0177, bbox_regression=0.0427, bbox_ctrness=0.5836
epoch 46/50 iter 1460/1860 loss=0.6611 mean_loss=0.6446 classification=0.0141, bbox_regression=0.0517, bbox_ctrness=0.5954
epoch 46/50 iter 1480/1860 loss=0.6730 mean_loss=0.6446 classification=0.0133, bbox_regression=0.0535, bbox_ctrness=0.6061
epoch 46/50 iter 1500/1860 loss=0.6617 mean_loss=0.6447 classification=0.0097, bbox_regression=0.0545, bbox_ctrness=0.5975
epoch 46/50 iter 1520/1860 loss=0.6670 mean_loss=0.6450 classification=0.0154, bbox_regression=0.0423, bbox_ctrness=0.6094
epoch 46/50 iter 1540/1860 loss=0.6244 mean_loss=0.6450 classification=0.0048, bbox_regression=0.0329, bbox_ctrness=0.5867
epoch 46/50 iter 1560/1860 loss=0.6361 mean_loss=0.6451 classification=0.0102, bbox_regression=0.0374, bbox_ctrness=0.5885
epoch 46/50 iter 1580/1860 loss=0.6304 mean_loss=0.6451 classification=0.0006, bbox_regression=0.0393, bbox_ctrness=0.5904
epoch 46/50 iter 1600/1860 loss=0.6784 mean_loss=0.6453 classification=0.0279, bbox_regression=0.0461, bbox_ctrness=0.6044
epoch 46/50 iter 1620/1860 loss=0.6582 mean_loss=0.6453 classification=0.0236, bbox_regression=0.0450, bbox_ctrness=0.5895
epoch 46/50 iter 1640/1860 loss=0.6413 mean_loss=0.6454 classification=0.0053, bbox_regression=0.0346, bbox_ctrness=0.6013
epoch 46/50 iter 1660/1860 loss=0.6427 mean_loss=0.6454 classification=0.0022, bbox_regression=0.0331, bbox_ctrness=0.6074
epoch 46/50 iter 1680/1860 loss=0.6358 mean_loss=0.6453 classification=0.0091, bbox_regression=0.0371, bbox_ctrness=0.5896
epoch 46/50 iter 1700/1860 loss=0.6627 mean_loss=0.6454 classification=0.0041, bbox_regression=0.0414, bbox_ctrness=0.6172
epoch 46/50 iter 1720/1860 loss=0.6528 mean_loss=0.6454 classification=0.0094, bbox_regression=0.0363, bbox_ctrness=0.6071
epoch 46/50 iter 1740/1860 loss=0.6390 mean_loss=0.6454 classification=0.0020, bbox_regression=0.0470, bbox_ctrness=0.5900
epoch 46/50 iter 1760/1860 loss=0.6325 mean_loss=0.6454 classification=0.0007, bbox_regression=0.0296, bbox_ctrness=0.6023
epoch 46/50 iter 1780/1860 loss=0.6395 mean_loss=0.6455 classification=0.0016, bbox_regression=0.0309, bbox_ctrness=0.6070
epoch 46/50 iter 1800/1860 loss=0.6451 mean_loss=0.6454 classification=0.0037, bbox_regression=0.0466, bbox_ctrness=0.5948
epoch 46/50 iter 1820/1860 loss=0.6338 mean_loss=0.6454 classification=0.0019, bbox_regression=0.0387, bbox_ctrness=0.5931
epoch 46/50 iter 1840/1860 loss=0.6388 mean_loss=0.6453 classification=0.0013, bbox_regression=0.0400, bbox_ctrness=0.5975
epoch 46/50 iter 1860/1860 loss=0.6660 mean_loss=0.6453 classification=0.0010, bbox_regression=0.0567, bbox_ctrness=0.6083
epoch 46 validation Precision=0.6810 Recall=0.9468 AP50=0.9247 AP75=0.8527 eval_fps=21.03 epoch_time_sec=916.2
saved checkpoint: E:\RepViT-main\runs\v48_complete_ablation\training\ra_stems_project_seed2\weights\last.pt
epoch 47/50 iter 1/1860 loss=0.6359 mean_loss=0.6359 classification=0.0001, bbox_regression=0.0359, bbox_ctrness=0.5999
epoch 47/50 iter 20/1860 loss=0.6317 mean_loss=0.6392 classification=0.0005, bbox_regression=0.0309, bbox_ctrness=0.6004
epoch 47/50 iter 40/1860 loss=0.6700 mean_loss=0.6419 classification=0.0133, bbox_regression=0.0492, bbox_ctrness=0.6076
epoch 47/50 iter 60/1860 loss=0.6332 mean_loss=0.6432 classification=0.0012, bbox_regression=0.0367, bbox_ctrness=0.5952
epoch 47/50 iter 80/1860 loss=0.6446 mean_loss=0.6423 classification=0.0028, bbox_regression=0.0472, bbox_ctrness=0.5946
epoch 47/50 iter 100/1860 loss=0.6513 mean_loss=0.6417 classification=0.0008, bbox_regression=0.0391, bbox_ctrness=0.6114
epoch 47/50 iter 120/1860 loss=0.6505 mean_loss=0.6397 classification=0.0004, bbox_regression=0.0435, bbox_ctrness=0.6066
epoch 47/50 iter 140/1860 loss=0.6012 mean_loss=0.6392 classification=0.0009, bbox_regression=0.0276, bbox_ctrness=0.5726
epoch 47/50 iter 160/1860 loss=0.6380 mean_loss=0.6395 classification=0.0008, bbox_regression=0.0293, bbox_ctrness=0.6080
epoch 47/50 iter 180/1860 loss=0.6322 mean_loss=0.6392 classification=0.0009, bbox_regression=0.0410, bbox_ctrness=0.5903
epoch 47/50 iter 200/1860 loss=0.6662 mean_loss=0.6393 classification=0.0072, bbox_regression=0.0390, bbox_ctrness=0.6200
epoch 47/50 iter 220/1860 loss=0.6386 mean_loss=0.6392 classification=0.0005, bbox_regression=0.0430, bbox_ctrness=0.5951
epoch 47/50 iter 240/1860 loss=0.6363 mean_loss=0.6393 classification=0.0006, bbox_regression=0.0390, bbox_ctrness=0.5966
epoch 47/50 iter 260/1860 loss=0.6512 mean_loss=0.6394 classification=0.0001, bbox_regression=0.0388, bbox_ctrness=0.6123
epoch 47/50 iter 280/1860 loss=0.6427 mean_loss=0.6392 classification=0.0008, bbox_regression=0.0299, bbox_ctrness=0.6121
epoch 47/50 iter 300/1860 loss=0.6283 mean_loss=0.6397 classification=0.0018, bbox_regression=0.0493, bbox_ctrness=0.5773
epoch 47/50 iter 320/1860 loss=0.6366 mean_loss=0.6402 classification=0.0007, bbox_regression=0.0394, bbox_ctrness=0.5965
epoch 47/50 iter 340/1860 loss=0.6383 mean_loss=0.6405 classification=0.0025, bbox_regression=0.0419, bbox_ctrness=0.5938
epoch 47/50 iter 360/1860 loss=0.6311 mean_loss=0.6404 classification=0.0012, bbox_regression=0.0338, bbox_ctrness=0.5962
epoch 47/50 iter 380/1860 loss=0.6447 mean_loss=0.6403 classification=0.0004, bbox_regression=0.0382, bbox_ctrness=0.6061
epoch 47/50 iter 400/1860 loss=0.6372 mean_loss=0.6402 classification=0.0008, bbox_regression=0.0440, bbox_ctrness=0.5924
epoch 47/50 iter 420/1860 loss=0.6499 mean_loss=0.6412 classification=0.0081, bbox_regression=0.0375, bbox_ctrness=0.6043
epoch 47/50 iter 440/1860 loss=0.6420 mean_loss=0.6412 classification=0.0003, bbox_regression=0.0357, bbox_ctrness=0.6060
epoch 47/50 iter 460/1860 loss=0.6306 mean_loss=0.6413 classification=0.0018, bbox_regression=0.0365, bbox_ctrness=0.5923
epoch 47/50 iter 480/1860 loss=0.6655 mean_loss=0.6412 classification=0.0014, bbox_regression=0.0460, bbox_ctrness=0.6181
epoch 47/50 iter 500/1860 loss=0.6322 mean_loss=0.6412 classification=0.0007, bbox_regression=0.0392, bbox_ctrness=0.5923
epoch 47/50 iter 520/1860 loss=0.6346 mean_loss=0.6412 classification=0.0014, bbox_regression=0.0331, bbox_ctrness=0.6000
epoch 47/50 iter 540/1860 loss=0.6119 mean_loss=0.6411 classification=0.0058, bbox_regression=0.0203, bbox_ctrness=0.5858
epoch 47/50 iter 560/1860 loss=0.6338 mean_loss=0.6408 classification=0.0004, bbox_regression=0.0344, bbox_ctrness=0.5991
epoch 47/50 iter 580/1860 loss=0.6398 mean_loss=0.6409 classification=0.0016, bbox_regression=0.0496, bbox_ctrness=0.5885
epoch 47/50 iter 600/1860 loss=0.6310 mean_loss=0.6409 classification=0.0007, bbox_regression=0.0361, bbox_ctrness=0.5942
epoch 47/50 iter 620/1860 loss=0.6533 mean_loss=0.6410 classification=0.0074, bbox_regression=0.0454, bbox_ctrness=0.6005
epoch 47/50 iter 640/1860 loss=0.6570 mean_loss=0.6410 classification=0.0177, bbox_regression=0.0498, bbox_ctrness=0.5895
epoch 47/50 iter 660/1860 loss=0.6724 mean_loss=0.6411 classification=0.0045, bbox_regression=0.0538, bbox_ctrness=0.6141
epoch 47/50 iter 680/1860 loss=0.6252 mean_loss=0.6410 classification=0.0001, bbox_regression=0.0306, bbox_ctrness=0.5944
epoch 47/50 iter 700/1860 loss=0.6374 mean_loss=0.6411 classification=0.0080, bbox_regression=0.0322, bbox_ctrness=0.5972
epoch 47/50 iter 720/1860 loss=0.6389 mean_loss=0.6410 classification=0.0016, bbox_regression=0.0352, bbox_ctrness=0.6021
epoch 47/50 iter 740/1860 loss=0.6380 mean_loss=0.6411 classification=0.0016, bbox_regression=0.0336, bbox_ctrness=0.6029
epoch 47/50 iter 760/1860 loss=0.6343 mean_loss=0.6411 classification=0.0066, bbox_regression=0.0336, bbox_ctrness=0.5942
epoch 47/50 iter 780/1860 loss=0.6456 mean_loss=0.6410 classification=0.0028, bbox_regression=0.0399, bbox_ctrness=0.6029
epoch 47/50 iter 800/1860 loss=0.6231 mean_loss=0.6410 classification=0.0057, bbox_regression=0.0341, bbox_ctrness=0.5833
epoch 47/50 iter 820/1860 loss=0.6261 mean_loss=0.6411 classification=0.0010, bbox_regression=0.0368, bbox_ctrness=0.5883
epoch 47/50 iter 840/1860 loss=0.6058 mean_loss=0.6409 classification=0.0010, bbox_regression=0.0270, bbox_ctrness=0.5778
epoch 47/50 iter 860/1860 loss=0.6517 mean_loss=0.6407 classification=0.0019, bbox_regression=0.0499, bbox_ctrness=0.5999
epoch 47/50 iter 880/1860 loss=0.6478 mean_loss=0.6406 classification=0.0034, bbox_regression=0.0426, bbox_ctrness=0.6018
epoch 47/50 iter 900/1860 loss=0.6221 mean_loss=0.6406 classification=0.0006, bbox_regression=0.0384, bbox_ctrness=0.5830
epoch 47/50 iter 920/1860 loss=0.6393 mean_loss=0.6407 classification=0.0004, bbox_regression=0.0347, bbox_ctrness=0.6042
epoch 47/50 iter 940/1860 loss=0.6526 mean_loss=0.6406 classification=0.0005, bbox_regression=0.0329, bbox_ctrness=0.6192
epoch 47/50 iter 960/1860 loss=0.6642 mean_loss=0.6406 classification=0.0126, bbox_regression=0.0431, bbox_ctrness=0.6085
epoch 47/50 iter 980/1860 loss=0.6400 mean_loss=0.6406 classification=0.0018, bbox_regression=0.0410, bbox_ctrness=0.5972
epoch 47/50 iter 1000/1860 loss=0.6184 mean_loss=0.6405 classification=0.0018, bbox_regression=0.0336, bbox_ctrness=0.5831
epoch 47/50 iter 1020/1860 loss=0.6326 mean_loss=0.6405 classification=0.0015, bbox_regression=0.0346, bbox_ctrness=0.5965
epoch 47/50 iter 1040/1860 loss=0.6443 mean_loss=0.6405 classification=0.0000, bbox_regression=0.0437, bbox_ctrness=0.6005
epoch 47/50 iter 1060/1860 loss=0.6410 mean_loss=0.6406 classification=0.0036, bbox_regression=0.0437, bbox_ctrness=0.5937
epoch 47/50 iter 1080/1860 loss=0.6631 mean_loss=0.6406 classification=0.0007, bbox_regression=0.0397, bbox_ctrness=0.6227
epoch 47/50 iter 1100/1860 loss=0.6373 mean_loss=0.6406 classification=0.0011, bbox_regression=0.0422, bbox_ctrness=0.5940
epoch 47/50 iter 1120/1860 loss=0.6309 mean_loss=0.6407 classification=0.0006, bbox_regression=0.0383, bbox_ctrness=0.5921
epoch 47/50 iter 1140/1860 loss=0.6607 mean_loss=0.6408 classification=0.0007, bbox_regression=0.0486, bbox_ctrness=0.6114
epoch 47/50 iter 1160/1860 loss=0.6325 mean_loss=0.6409 classification=0.0056, bbox_regression=0.0617, bbox_ctrness=0.5652
epoch 47/50 iter 1180/1860 loss=0.6358 mean_loss=0.6408 classification=0.0018, bbox_regression=0.0387, bbox_ctrness=0.5952
epoch 47/50 iter 1200/1860 loss=0.6474 mean_loss=0.6408 classification=0.0056, bbox_regression=0.0523, bbox_ctrness=0.5895
epoch 47/50 iter 1220/1860 loss=0.6383 mean_loss=0.6408 classification=0.0023, bbox_regression=0.0358, bbox_ctrness=0.6003
epoch 47/50 iter 1240/1860 loss=0.6196 mean_loss=0.6407 classification=0.0017, bbox_regression=0.0288, bbox_ctrness=0.5892
epoch 47/50 iter 1260/1860 loss=0.6644 mean_loss=0.6408 classification=0.0091, bbox_regression=0.0467, bbox_ctrness=0.6087
epoch 47/50 iter 1280/1860 loss=0.6273 mean_loss=0.6407 classification=0.0136, bbox_regression=0.0486, bbox_ctrness=0.5652
epoch 47/50 iter 1300/1860 loss=0.6356 mean_loss=0.6406 classification=0.0006, bbox_regression=0.0328, bbox_ctrness=0.6023
epoch 47/50 iter 1320/1860 loss=0.6347 mean_loss=0.6406 classification=0.0082, bbox_regression=0.0431, bbox_ctrness=0.5834
epoch 47/50 iter 1340/1860 loss=0.6554 mean_loss=0.6406 classification=0.0010, bbox_regression=0.0504, bbox_ctrness=0.6040
epoch 47/50 iter 1360/1860 loss=0.6340 mean_loss=0.6407 classification=0.0039, bbox_regression=0.0305, bbox_ctrness=0.5996
epoch 47/50 iter 1380/1860 loss=0.6211 mean_loss=0.6407 classification=0.0020, bbox_regression=0.0418, bbox_ctrness=0.5773
epoch 47/50 iter 1400/1860 loss=0.6211 mean_loss=0.6409 classification=0.0022, bbox_regression=0.0452, bbox_ctrness=0.5737
epoch 47/50 iter 1420/1860 loss=0.6432 mean_loss=0.6410 classification=0.0112, bbox_regression=0.0376, bbox_ctrness=0.5944
epoch 47/50 iter 1440/1860 loss=0.6477 mean_loss=0.6410 classification=0.0028, bbox_regression=0.0476, bbox_ctrness=0.5973
epoch 47/50 iter 1460/1860 loss=0.6289 mean_loss=0.6410 classification=0.0014, bbox_regression=0.0359, bbox_ctrness=0.5916
epoch 47/50 iter 1480/1860 loss=0.6380 mean_loss=0.6410 classification=0.0017, bbox_regression=0.0379, bbox_ctrness=0.5984
epoch 47/50 iter 1500/1860 loss=0.6508 mean_loss=0.6409 classification=0.0029, bbox_regression=0.0596, bbox_ctrness=0.5883
epoch 47/50 iter 1520/1860 loss=0.6334 mean_loss=0.6410 classification=0.0005, bbox_regression=0.0247, bbox_ctrness=0.6081
epoch 47/50 iter 1540/1860 loss=0.6497 mean_loss=0.6411 classification=0.0037, bbox_regression=0.0595, bbox_ctrness=0.5864
epoch 47/50 iter 1560/1860 loss=0.6371 mean_loss=0.6411 classification=0.0064, bbox_regression=0.0387, bbox_ctrness=0.5920
epoch 47/50 iter 1580/1860 loss=0.6492 mean_loss=0.6412 classification=0.0004, bbox_regression=0.0420, bbox_ctrness=0.6069
epoch 47/50 iter 1600/1860 loss=0.6392 mean_loss=0.6412 classification=0.0035, bbox_regression=0.0360, bbox_ctrness=0.5997
epoch 47/50 iter 1620/1860 loss=0.6541 mean_loss=0.6413 classification=0.0002, bbox_regression=0.0301, bbox_ctrness=0.6237
epoch 47/50 iter 1640/1860 loss=0.6599 mean_loss=0.6414 classification=0.0052, bbox_regression=0.0398, bbox_ctrness=0.6148
epoch 47/50 iter 1660/1860 loss=0.6189 mean_loss=0.6414 classification=0.0010, bbox_regression=0.0311, bbox_ctrness=0.5868
epoch 47/50 iter 1680/1860 loss=0.6220 mean_loss=0.6414 classification=0.0062, bbox_regression=0.0342, bbox_ctrness=0.5816
epoch 47/50 iter 1700/1860 loss=0.6313 mean_loss=0.6413 classification=0.0029, bbox_regression=0.0322, bbox_ctrness=0.5962
epoch 47/50 iter 1720/1860 loss=0.6179 mean_loss=0.6413 classification=0.0009, bbox_regression=0.0343, bbox_ctrness=0.5826
epoch 47/50 iter 1740/1860 loss=0.6366 mean_loss=0.6413 classification=0.0033, bbox_regression=0.0360, bbox_ctrness=0.5973
epoch 47/50 iter 1760/1860 loss=0.6217 mean_loss=0.6414 classification=0.0022, bbox_regression=0.0371, bbox_ctrness=0.5824
epoch 47/50 iter 1780/1860 loss=0.6559 mean_loss=0.6414 classification=0.0108, bbox_regression=0.0454, bbox_ctrness=0.5997
epoch 47/50 iter 1800/1860 loss=0.6568 mean_loss=0.6415 classification=0.0075, bbox_regression=0.0512, bbox_ctrness=0.5981
epoch 47/50 iter 1820/1860 loss=0.6503 mean_loss=0.6416 classification=0.0023, bbox_regression=0.0333, bbox_ctrness=0.6147
epoch 47/50 iter 1840/1860 loss=0.6553 mean_loss=0.6417 classification=0.0014, bbox_regression=0.0549, bbox_ctrness=0.5990
epoch 47/50 iter 1860/1860 loss=0.6460 mean_loss=0.6417 classification=0.0102, bbox_regression=0.0328, bbox_ctrness=0.6029
epoch 47 validation Precision=0.8219 Recall=0.9117 AP50=0.8961 AP75=0.8353 eval_fps=21.04 epoch_time_sec=925.2
saved checkpoint: E:\RepViT-main\runs\v48_complete_ablation\training\ra_stems_project_seed2\weights\last.pt
epoch 48/50 iter 1/1860 loss=0.6421 mean_loss=0.6421 classification=0.0029, bbox_regression=0.0397, bbox_ctrness=0.5996
epoch 48/50 iter 20/1860 loss=0.6367 mean_loss=0.6447 classification=0.0086, bbox_regression=0.0323, bbox_ctrness=0.5957
epoch 48/50 iter 40/1860 loss=0.6598 mean_loss=0.6412 classification=0.0054, bbox_regression=0.0502, bbox_ctrness=0.6042
epoch 48/50 iter 60/1860 loss=0.6277 mean_loss=0.6384 classification=0.0020, bbox_regression=0.0410, bbox_ctrness=0.5846
epoch 48/50 iter 80/1860 loss=0.6466 mean_loss=0.6387 classification=0.0007, bbox_regression=0.0390, bbox_ctrness=0.6069
epoch 48/50 iter 100/1860 loss=0.6258 mean_loss=0.6379 classification=0.0061, bbox_regression=0.0380, bbox_ctrness=0.5817
epoch 48/50 iter 120/1860 loss=0.6310 mean_loss=0.6386 classification=0.0002, bbox_regression=0.0327, bbox_ctrness=0.5981
epoch 48/50 iter 140/1860 loss=0.6579 mean_loss=0.6389 classification=0.0021, bbox_regression=0.0473, bbox_ctrness=0.6086
epoch 48/50 iter 160/1860 loss=0.6268 mean_loss=0.6385 classification=0.0010, bbox_regression=0.0336, bbox_ctrness=0.5921
epoch 48/50 iter 180/1860 loss=0.6407 mean_loss=0.6392 classification=0.0094, bbox_regression=0.0322, bbox_ctrness=0.5990
epoch 48/50 iter 200/1860 loss=0.6387 mean_loss=0.6394 classification=0.0039, bbox_regression=0.0460, bbox_ctrness=0.5888
epoch 48/50 iter 220/1860 loss=0.6278 mean_loss=0.6397 classification=0.0066, bbox_regression=0.0312, bbox_ctrness=0.5900
epoch 48/50 iter 240/1860 loss=0.6151 mean_loss=0.6402 classification=0.0045, bbox_regression=0.0302, bbox_ctrness=0.5804
epoch 48/50 iter 260/1860 loss=0.6441 mean_loss=0.6411 classification=0.0044, bbox_regression=0.0363, bbox_ctrness=0.6033
epoch 48/50 iter 280/1860 loss=0.6681 mean_loss=0.6428 classification=0.0223, bbox_regression=0.0464, bbox_ctrness=0.5994
epoch 48/50 iter 300/1860 loss=0.6449 mean_loss=0.6426 classification=0.0036, bbox_regression=0.0505, bbox_ctrness=0.5908
epoch 48/50 iter 320/1860 loss=0.6337 mean_loss=0.6426 classification=0.0026, bbox_regression=0.0489, bbox_ctrness=0.5822
epoch 48/50 iter 340/1860 loss=0.6573 mean_loss=0.6423 classification=0.0051, bbox_regression=0.0406, bbox_ctrness=0.6115
epoch 48/50 iter 360/1860 loss=0.6318 mean_loss=0.6422 classification=0.0003, bbox_regression=0.0334, bbox_ctrness=0.5980
epoch 48/50 iter 380/1860 loss=0.6216 mean_loss=0.6419 classification=0.0002, bbox_regression=0.0356, bbox_ctrness=0.5858
epoch 48/50 iter 400/1860 loss=0.6259 mean_loss=0.6417 classification=0.0029, bbox_regression=0.0321, bbox_ctrness=0.5909
epoch 48/50 iter 420/1860 loss=0.6582 mean_loss=0.6416 classification=0.0059, bbox_regression=0.0499, bbox_ctrness=0.6023
epoch 48/50 iter 440/1860 loss=0.6546 mean_loss=0.6416 classification=0.0011, bbox_regression=0.0391, bbox_ctrness=0.6143
epoch 48/50 iter 460/1860 loss=0.6348 mean_loss=0.6414 classification=0.0003, bbox_regression=0.0274, bbox_ctrness=0.6071
epoch 48/50 iter 480/1860 loss=0.6292 mean_loss=0.6414 classification=0.0022, bbox_regression=0.0333, bbox_ctrness=0.5937
epoch 48/50 iter 500/1860 loss=0.6396 mean_loss=0.6413 classification=0.0016, bbox_regression=0.0427, bbox_ctrness=0.5953
epoch 48/50 iter 520/1860 loss=0.6451 mean_loss=0.6412 classification=0.0004, bbox_regression=0.0421, bbox_ctrness=0.6026
epoch 48/50 iter 540/1860 loss=0.6331 mean_loss=0.6412 classification=0.0012, bbox_regression=0.0382, bbox_ctrness=0.5938
epoch 48/50 iter 560/1860 loss=0.6452 mean_loss=0.6415 classification=0.0002, bbox_regression=0.0298, bbox_ctrness=0.6152
epoch 48/50 iter 580/1860 loss=0.6060 mean_loss=0.6417 classification=0.0005, bbox_regression=0.0294, bbox_ctrness=0.5761
epoch 48/50 iter 600/1860 loss=0.6494 mean_loss=0.6420 classification=0.0044, bbox_regression=0.0452, bbox_ctrness=0.5998
epoch 48/50 iter 620/1860 loss=0.6400 mean_loss=0.6421 classification=0.0037, bbox_regression=0.0365, bbox_ctrness=0.5997
epoch 48/50 iter 640/1860 loss=0.6235 mean_loss=0.6420 classification=0.0123, bbox_regression=0.0254, bbox_ctrness=0.5858
epoch 48/50 iter 660/1860 loss=0.6228 mean_loss=0.6422 classification=0.0011, bbox_regression=0.0342, bbox_ctrness=0.5875
epoch 48/50 iter 680/1860 loss=0.6275 mean_loss=0.6421 classification=0.0019, bbox_regression=0.0353, bbox_ctrness=0.5903
epoch 48/50 iter 700/1860 loss=0.6393 mean_loss=0.6420 classification=0.0015, bbox_regression=0.0338, bbox_ctrness=0.6040
epoch 48/50 iter 720/1860 loss=0.6269 mean_loss=0.6419 classification=0.0011, bbox_regression=0.0310, bbox_ctrness=0.5948
epoch 48/50 iter 740/1860 loss=0.6419 mean_loss=0.6418 classification=0.0081, bbox_regression=0.0356, bbox_ctrness=0.5982
epoch 48/50 iter 760/1860 loss=0.6230 mean_loss=0.6416 classification=0.0002, bbox_regression=0.0273, bbox_ctrness=0.5955
epoch 48/50 iter 780/1860 loss=0.6397 mean_loss=0.6416 classification=0.0004, bbox_regression=0.0317, bbox_ctrness=0.6076
epoch 48/50 iter 800/1860 loss=0.6274 mean_loss=0.6415 classification=0.0008, bbox_regression=0.0380, bbox_ctrness=0.5885
epoch 48/50 iter 820/1860 loss=0.6359 mean_loss=0.6414 classification=0.0218, bbox_regression=0.0342, bbox_ctrness=0.5800
epoch 48/50 iter 840/1860 loss=0.6465 mean_loss=0.6414 classification=0.0024, bbox_regression=0.0443, bbox_ctrness=0.5998
epoch 48/50 iter 860/1860 loss=0.6786 mean_loss=0.6415 classification=0.0294, bbox_regression=0.0519, bbox_ctrness=0.5974
epoch 48/50 iter 880/1860 loss=0.6329 mean_loss=0.6416 classification=0.0014, bbox_regression=0.0359, bbox_ctrness=0.5955
epoch 48/50 iter 900/1860 loss=0.6550 mean_loss=0.6418 classification=0.0007, bbox_regression=0.0509, bbox_ctrness=0.6034
epoch 48/50 iter 920/1860 loss=0.6423 mean_loss=0.6419 classification=0.0011, bbox_regression=0.0413, bbox_ctrness=0.5999
epoch 48/50 iter 940/1860 loss=0.6395 mean_loss=0.6418 classification=0.0005, bbox_regression=0.0325, bbox_ctrness=0.6065
epoch 48/50 iter 960/1860 loss=0.6426 mean_loss=0.6417 classification=0.0008, bbox_regression=0.0437, bbox_ctrness=0.5981
epoch 48/50 iter 980/1860 loss=0.6159 mean_loss=0.6414 classification=0.0030, bbox_regression=0.0411, bbox_ctrness=0.5718
epoch 48/50 iter 1000/1860 loss=0.6290 mean_loss=0.6415 classification=0.0074, bbox_regression=0.0323, bbox_ctrness=0.5892
epoch 48/50 iter 1020/1860 loss=0.6441 mean_loss=0.6415 classification=0.0013, bbox_regression=0.0434, bbox_ctrness=0.5994
epoch 48/50 iter 1040/1860 loss=0.6346 mean_loss=0.6415 classification=0.0002, bbox_regression=0.0398, bbox_ctrness=0.5946
epoch 48/50 iter 1060/1860 loss=0.6164 mean_loss=0.6414 classification=0.0005, bbox_regression=0.0320, bbox_ctrness=0.5838
epoch 48/50 iter 1080/1860 loss=0.6330 mean_loss=0.6413 classification=0.0004, bbox_regression=0.0494, bbox_ctrness=0.5832
epoch 48/50 iter 1100/1860 loss=0.6452 mean_loss=0.6413 classification=0.0241, bbox_regression=0.0356, bbox_ctrness=0.5855
epoch 48/50 iter 1120/1860 loss=0.6398 mean_loss=0.6414 classification=0.0040, bbox_regression=0.0298, bbox_ctrness=0.6060
epoch 48/50 iter 1140/1860 loss=0.6207 mean_loss=0.6414 classification=0.0061, bbox_regression=0.0407, bbox_ctrness=0.5740
epoch 48/50 iter 1160/1860 loss=0.6343 mean_loss=0.6414 classification=0.0001, bbox_regression=0.0330, bbox_ctrness=0.6012
epoch 48/50 iter 1180/1860 loss=0.6329 mean_loss=0.6413 classification=0.0019, bbox_regression=0.0341, bbox_ctrness=0.5968
epoch 48/50 iter 1200/1860 loss=0.6340 mean_loss=0.6413 classification=0.0001, bbox_regression=0.0241, bbox_ctrness=0.6098
epoch 48/50 iter 1220/1860 loss=0.6424 mean_loss=0.6413 classification=0.0006, bbox_regression=0.0456, bbox_ctrness=0.5962
epoch 48/50 iter 1240/1860 loss=0.6409 mean_loss=0.6414 classification=0.0063, bbox_regression=0.0276, bbox_ctrness=0.6069
epoch 48/50 iter 1260/1860 loss=0.6391 mean_loss=0.6413 classification=0.0013, bbox_regression=0.0382, bbox_ctrness=0.5996
epoch 48/50 iter 1280/1860 loss=0.6314 mean_loss=0.6414 classification=0.0038, bbox_regression=0.0318, bbox_ctrness=0.5957
epoch 48/50 iter 1300/1860 loss=0.6659 mean_loss=0.6413 classification=0.0397, bbox_regression=0.0297, bbox_ctrness=0.5965
epoch 48/50 iter 1320/1860 loss=0.6693 mean_loss=0.6414 classification=0.0304, bbox_regression=0.0412, bbox_ctrness=0.5977
epoch 48/50 iter 1340/1860 loss=0.6390 mean_loss=0.6413 classification=0.0015, bbox_regression=0.0308, bbox_ctrness=0.6066
epoch 48/50 iter 1360/1860 loss=0.6151 mean_loss=0.6412 classification=0.0020, bbox_regression=0.0282, bbox_ctrness=0.5850
epoch 48/50 iter 1380/1860 loss=0.6382 mean_loss=0.6411 classification=0.0034, bbox_regression=0.0316, bbox_ctrness=0.6032
epoch 48/50 iter 1400/1860 loss=0.6521 mean_loss=0.6411 classification=0.0019, bbox_regression=0.0334, bbox_ctrness=0.6168
epoch 48/50 iter 1420/1860 loss=0.6409 mean_loss=0.6411 classification=0.0038, bbox_regression=0.0405, bbox_ctrness=0.5966
epoch 48/50 iter 1440/1860 loss=0.6506 mean_loss=0.6411 classification=0.0036, bbox_regression=0.0411, bbox_ctrness=0.6059
epoch 48/50 iter 1460/1860 loss=0.6406 mean_loss=0.6411 classification=0.0017, bbox_regression=0.0354, bbox_ctrness=0.6035
epoch 48/50 iter 1480/1860 loss=0.6394 mean_loss=0.6410 classification=0.0030, bbox_regression=0.0356, bbox_ctrness=0.6008
epoch 48/50 iter 1500/1860 loss=0.6315 mean_loss=0.6410 classification=0.0055, bbox_regression=0.0316, bbox_ctrness=0.5944
epoch 48/50 iter 1520/1860 loss=0.6142 mean_loss=0.6409 classification=0.0027, bbox_regression=0.0350, bbox_ctrness=0.5765
epoch 48/50 iter 1540/1860 loss=0.6489 mean_loss=0.6410 classification=0.0006, bbox_regression=0.0501, bbox_ctrness=0.5983
epoch 48/50 iter 1560/1860 loss=0.6308 mean_loss=0.6410 classification=0.0010, bbox_regression=0.0398, bbox_ctrness=0.5901
epoch 48/50 iter 1580/1860 loss=0.6396 mean_loss=0.6410 classification=0.0017, bbox_regression=0.0372, bbox_ctrness=0.6007
epoch 48/50 iter 1600/1860 loss=0.6484 mean_loss=0.6410 classification=0.0027, bbox_regression=0.0379, bbox_ctrness=0.6078
epoch 48/50 iter 1620/1860 loss=0.6641 mean_loss=0.6410 classification=0.0003, bbox_regression=0.0556, bbox_ctrness=0.6082
epoch 48/50 iter 1640/1860 loss=0.6393 mean_loss=0.6410 classification=0.0006, bbox_regression=0.0406, bbox_ctrness=0.5981
epoch 48/50 iter 1660/1860 loss=0.6846 mean_loss=0.6411 classification=0.0479, bbox_regression=0.0500, bbox_ctrness=0.5867
epoch 48/50 iter 1680/1860 loss=0.6348 mean_loss=0.6411 classification=0.0079, bbox_regression=0.0433, bbox_ctrness=0.5836
epoch 48/50 iter 1700/1860 loss=0.6283 mean_loss=0.6411 classification=0.0034, bbox_regression=0.0405, bbox_ctrness=0.5845
epoch 48/50 iter 1720/1860 loss=0.6677 mean_loss=0.6412 classification=0.0272, bbox_regression=0.0385, bbox_ctrness=0.6020
epoch 48/50 iter 1740/1860 loss=0.6486 mean_loss=0.6412 classification=0.0134, bbox_regression=0.0444, bbox_ctrness=0.5908
epoch 48/50 iter 1760/1860 loss=0.6436 mean_loss=0.6413 classification=0.0007, bbox_regression=0.0404, bbox_ctrness=0.6024
epoch 48/50 iter 1780/1860 loss=0.7487 mean_loss=0.6414 classification=0.1113, bbox_regression=0.0352, bbox_ctrness=0.6022
epoch 48/50 iter 1800/1860 loss=0.6372 mean_loss=0.6415 classification=0.0017, bbox_regression=0.0455, bbox_ctrness=0.5900
epoch 48/50 iter 1820/1860 loss=0.6437 mean_loss=0.6415 classification=0.0013, bbox_regression=0.0433, bbox_ctrness=0.5992
epoch 48/50 iter 1840/1860 loss=0.6683 mean_loss=0.6416 classification=0.0164, bbox_regression=0.0506, bbox_ctrness=0.6013
epoch 48/50 iter 1860/1860 loss=0.6424 mean_loss=0.6416 classification=0.0044, bbox_regression=0.0422, bbox_ctrness=0.5958
epoch 48 validation Precision=0.5839 Recall=0.9497 AP50=0.9224 AP75=0.8549 eval_fps=20.67 epoch_time_sec=931.3
saved checkpoint: E:\RepViT-main\runs\v48_complete_ablation\training\ra_stems_project_seed2\weights\last.pt
epoch 49/50 iter 1/1860 loss=0.6413 mean_loss=0.6413 classification=0.0028, bbox_regression=0.0469, bbox_ctrness=0.5916
epoch 49/50 iter 20/1860 loss=0.6266 mean_loss=0.6437 classification=0.0031, bbox_regression=0.0380, bbox_ctrness=0.5856
epoch 49/50 iter 40/1860 loss=0.6340 mean_loss=0.6442 classification=0.0015, bbox_regression=0.0365, bbox_ctrness=0.5961
epoch 49/50 iter 60/1860 loss=0.6504 mean_loss=0.6424 classification=0.0020, bbox_regression=0.0368, bbox_ctrness=0.6116
epoch 49/50 iter 80/1860 loss=0.6448 mean_loss=0.6418 classification=0.0026, bbox_regression=0.0457, bbox_ctrness=0.5965
epoch 49/50 iter 100/1860 loss=0.6439 mean_loss=0.6422 classification=0.0005, bbox_regression=0.0329, bbox_ctrness=0.6105
epoch 49/50 iter 120/1860 loss=0.7138 mean_loss=0.6421 classification=0.0644, bbox_regression=0.0470, bbox_ctrness=0.6024
epoch 49/50 iter 140/1860 loss=0.6583 mean_loss=0.6425 classification=0.0002, bbox_regression=0.0458, bbox_ctrness=0.6123
epoch 49/50 iter 160/1860 loss=0.6375 mean_loss=0.6420 classification=0.0065, bbox_regression=0.0591, bbox_ctrness=0.5719
epoch 49/50 iter 180/1860 loss=0.6426 mean_loss=0.6421 classification=0.0005, bbox_regression=0.0355, bbox_ctrness=0.6066
epoch 49/50 iter 200/1860 loss=0.6549 mean_loss=0.6419 classification=0.0012, bbox_regression=0.0283, bbox_ctrness=0.6254
epoch 49/50 iter 220/1860 loss=0.6675 mean_loss=0.6420 classification=0.0306, bbox_regression=0.0388, bbox_ctrness=0.5981
epoch 49/50 iter 240/1860 loss=0.6392 mean_loss=0.6425 classification=0.0020, bbox_regression=0.0373, bbox_ctrness=0.6000
epoch 49/50 iter 260/1860 loss=0.6405 mean_loss=0.6425 classification=0.0028, bbox_regression=0.0362, bbox_ctrness=0.6016
epoch 49/50 iter 280/1860 loss=0.7552 mean_loss=0.6430 classification=0.1225, bbox_regression=0.0499, bbox_ctrness=0.5829
epoch 49/50 iter 300/1860 loss=0.6486 mean_loss=0.6428 classification=0.0046, bbox_regression=0.0420, bbox_ctrness=0.6020
epoch 49/50 iter 320/1860 loss=0.6236 mean_loss=0.6426 classification=0.0063, bbox_regression=0.0277, bbox_ctrness=0.5896
epoch 49/50 iter 340/1860 loss=0.6371 mean_loss=0.6430 classification=0.0061, bbox_regression=0.0406, bbox_ctrness=0.5904
epoch 49/50 iter 360/1860 loss=0.6346 mean_loss=0.6426 classification=0.0014, bbox_regression=0.0337, bbox_ctrness=0.5995
epoch 49/50 iter 380/1860 loss=0.6485 mean_loss=0.6425 classification=0.0022, bbox_regression=0.0395, bbox_ctrness=0.6068
epoch 49/50 iter 400/1860 loss=0.6556 mean_loss=0.6423 classification=0.0010, bbox_regression=0.0379, bbox_ctrness=0.6166
epoch 49/50 iter 420/1860 loss=0.6232 mean_loss=0.6422 classification=0.0028, bbox_regression=0.0363, bbox_ctrness=0.5841
epoch 49/50 iter 440/1860 loss=0.6389 mean_loss=0.6425 classification=0.0001, bbox_regression=0.0249, bbox_ctrness=0.6139
epoch 49/50 iter 460/1860 loss=0.6456 mean_loss=0.6426 classification=0.0026, bbox_regression=0.0477, bbox_ctrness=0.5953
epoch 49/50 iter 480/1860 loss=0.6356 mean_loss=0.6423 classification=0.0030, bbox_regression=0.0312, bbox_ctrness=0.6014
epoch 49/50 iter 500/1860 loss=0.6441 mean_loss=0.6422 classification=0.0040, bbox_regression=0.0421, bbox_ctrness=0.5980
epoch 49/50 iter 520/1860 loss=0.6559 mean_loss=0.6422 classification=0.0080, bbox_regression=0.0349, bbox_ctrness=0.6130
epoch 49/50 iter 540/1860 loss=0.6435 mean_loss=0.6421 classification=0.0012, bbox_regression=0.0309, bbox_ctrness=0.6115
epoch 49/50 iter 560/1860 loss=0.6143 mean_loss=0.6416 classification=0.0029, bbox_regression=0.0411, bbox_ctrness=0.5704
epoch 49/50 iter 580/1860 loss=0.6544 mean_loss=0.6416 classification=0.0017, bbox_regression=0.0465, bbox_ctrness=0.6061
epoch 49/50 iter 600/1860 loss=0.6344 mean_loss=0.6414 classification=0.0002, bbox_regression=0.0296, bbox_ctrness=0.6046
epoch 49/50 iter 620/1860 loss=0.6161 mean_loss=0.6413 classification=0.0054, bbox_regression=0.0338, bbox_ctrness=0.5770
epoch 49/50 iter 640/1860 loss=0.6465 mean_loss=0.6414 classification=0.0012, bbox_regression=0.0415, bbox_ctrness=0.6038
epoch 49/50 iter 660/1860 loss=0.6412 mean_loss=0.6416 classification=0.0005, bbox_regression=0.0394, bbox_ctrness=0.6013
epoch 49/50 iter 680/1860 loss=0.6294 mean_loss=0.6416 classification=0.0037, bbox_regression=0.0364, bbox_ctrness=0.5892
epoch 49/50 iter 700/1860 loss=0.6609 mean_loss=0.6416 classification=0.0423, bbox_regression=0.0426, bbox_ctrness=0.5760
epoch 49/50 iter 720/1860 loss=0.6440 mean_loss=0.6415 classification=0.0054, bbox_regression=0.0392, bbox_ctrness=0.5994
epoch 49/50 iter 740/1860 loss=0.6567 mean_loss=0.6416 classification=0.0059, bbox_regression=0.0504, bbox_ctrness=0.6004
epoch 49/50 iter 760/1860 loss=0.6308 mean_loss=0.6415 classification=0.0084, bbox_regression=0.0353, bbox_ctrness=0.5871
epoch 49/50 iter 780/1860 loss=0.6476 mean_loss=0.6416 classification=0.0053, bbox_regression=0.0376, bbox_ctrness=0.6047
epoch 49/50 iter 800/1860 loss=0.6354 mean_loss=0.6417 classification=0.0027, bbox_regression=0.0374, bbox_ctrness=0.5953
epoch 49/50 iter 820/1860 loss=0.6682 mean_loss=0.6417 classification=0.0114, bbox_regression=0.0624, bbox_ctrness=0.5945
epoch 49/50 iter 840/1860 loss=0.5998 mean_loss=0.6416 classification=0.0006, bbox_regression=0.0301, bbox_ctrness=0.5692
epoch 49/50 iter 860/1860 loss=0.6243 mean_loss=0.6415 classification=0.0076, bbox_regression=0.0269, bbox_ctrness=0.5898
epoch 49/50 iter 880/1860 loss=0.6301 mean_loss=0.6416 classification=0.0007, bbox_regression=0.0354, bbox_ctrness=0.5940
epoch 49/50 iter 900/1860 loss=0.6262 mean_loss=0.6414 classification=0.0004, bbox_regression=0.0273, bbox_ctrness=0.5984
epoch 49/50 iter 920/1860 loss=0.6526 mean_loss=0.6413 classification=0.0080, bbox_regression=0.0320, bbox_ctrness=0.6125
epoch 49/50 iter 940/1860 loss=0.6295 mean_loss=0.6412 classification=0.0013, bbox_regression=0.0276, bbox_ctrness=0.6006
epoch 49/50 iter 960/1860 loss=0.6255 mean_loss=0.6412 classification=0.0002, bbox_regression=0.0357, bbox_ctrness=0.5896
epoch 49/50 iter 980/1860 loss=0.6330 mean_loss=0.6411 classification=0.0008, bbox_regression=0.0296, bbox_ctrness=0.6026
epoch 49/50 iter 1000/1860 loss=0.6330 mean_loss=0.6412 classification=0.0004, bbox_regression=0.0343, bbox_ctrness=0.5983
epoch 49/50 iter 1020/1860 loss=0.6633 mean_loss=0.6417 classification=0.0080, bbox_regression=0.0480, bbox_ctrness=0.6074
epoch 49/50 iter 1040/1860 loss=0.6507 mean_loss=0.6419 classification=0.0166, bbox_regression=0.0367, bbox_ctrness=0.5974
epoch 49/50 iter 1060/1860 loss=0.6484 mean_loss=0.6422 classification=0.0049, bbox_regression=0.0351, bbox_ctrness=0.6084
epoch 49/50 iter 1080/1860 loss=0.6446 mean_loss=0.6423 classification=0.0112, bbox_regression=0.0340, bbox_ctrness=0.5994
epoch 49/50 iter 1100/1860 loss=0.6499 mean_loss=0.6423 classification=0.0015, bbox_regression=0.0390, bbox_ctrness=0.6094
epoch 49/50 iter 1120/1860 loss=0.6492 mean_loss=0.6424 classification=0.0048, bbox_regression=0.0287, bbox_ctrness=0.6156
epoch 49/50 iter 1140/1860 loss=0.6523 mean_loss=0.6425 classification=0.0070, bbox_regression=0.0359, bbox_ctrness=0.6093
epoch 49/50 iter 1160/1860 loss=0.6372 mean_loss=0.6427 classification=0.0010, bbox_regression=0.0403, bbox_ctrness=0.5960
epoch 49/50 iter 1180/1860 loss=0.6363 mean_loss=0.6428 classification=0.0084, bbox_regression=0.0421, bbox_ctrness=0.5857
epoch 49/50 iter 1200/1860 loss=0.6328 mean_loss=0.6429 classification=0.0121, bbox_regression=0.0416, bbox_ctrness=0.5791
epoch 49/50 iter 1220/1860 loss=0.6428 mean_loss=0.6430 classification=0.0056, bbox_regression=0.0441, bbox_ctrness=0.5931
epoch 49/50 iter 1240/1860 loss=0.6458 mean_loss=0.6430 classification=0.0063, bbox_regression=0.0483, bbox_ctrness=0.5912
epoch 49/50 iter 1260/1860 loss=0.6458 mean_loss=0.6431 classification=0.0014, bbox_regression=0.0442, bbox_ctrness=0.6001
epoch 49/50 iter 1280/1860 loss=0.6316 mean_loss=0.6431 classification=0.0023, bbox_regression=0.0366, bbox_ctrness=0.5928
epoch 49/50 iter 1300/1860 loss=0.6540 mean_loss=0.6432 classification=0.0006, bbox_regression=0.0567, bbox_ctrness=0.5967
epoch 49/50 iter 1320/1860 loss=0.6168 mean_loss=0.6432 classification=0.0001, bbox_regression=0.0289, bbox_ctrness=0.5878
epoch 49/50 iter 1340/1860 loss=0.6404 mean_loss=0.6431 classification=0.0009, bbox_regression=0.0369, bbox_ctrness=0.6027
epoch 49/50 iter 1360/1860 loss=0.6634 mean_loss=0.6434 classification=0.0292, bbox_regression=0.0375, bbox_ctrness=0.5967
epoch 49/50 iter 1380/1860 loss=0.6483 mean_loss=0.6434 classification=0.0016, bbox_regression=0.0448, bbox_ctrness=0.6019
epoch 49/50 iter 1400/1860 loss=0.6404 mean_loss=0.6433 classification=0.0009, bbox_regression=0.0437, bbox_ctrness=0.5958
epoch 49/50 iter 1420/1860 loss=0.6502 mean_loss=0.6433 classification=0.0036, bbox_regression=0.0331, bbox_ctrness=0.6135
epoch 49/50 iter 1440/1860 loss=0.6410 mean_loss=0.6432 classification=0.0090, bbox_regression=0.0386, bbox_ctrness=0.5933
epoch 49/50 iter 1460/1860 loss=0.6422 mean_loss=0.6433 classification=0.0015, bbox_regression=0.0462, bbox_ctrness=0.5945
epoch 49/50 iter 1480/1860 loss=0.6142 mean_loss=0.6432 classification=0.0079, bbox_regression=0.0301, bbox_ctrness=0.5762
epoch 49/50 iter 1500/1860 loss=0.6436 mean_loss=0.6432 classification=0.0028, bbox_regression=0.0379, bbox_ctrness=0.6029
epoch 49/50 iter 1520/1860 loss=0.6244 mean_loss=0.6432 classification=0.0011, bbox_regression=0.0340, bbox_ctrness=0.5893
epoch 49/50 iter 1540/1860 loss=0.6438 mean_loss=0.6432 classification=0.0024, bbox_regression=0.0457, bbox_ctrness=0.5956
epoch 49/50 iter 1560/1860 loss=0.6444 mean_loss=0.6431 classification=0.0004, bbox_regression=0.0417, bbox_ctrness=0.6024
epoch 49/50 iter 1580/1860 loss=0.6262 mean_loss=0.6431 classification=0.0019, bbox_regression=0.0344, bbox_ctrness=0.5898
epoch 49/50 iter 1600/1860 loss=0.6401 mean_loss=0.6432 classification=0.0029, bbox_regression=0.0446, bbox_ctrness=0.5926
epoch 49/50 iter 1620/1860 loss=0.6466 mean_loss=0.6431 classification=0.0010, bbox_regression=0.0334, bbox_ctrness=0.6122
epoch 49/50 iter 1640/1860 loss=0.6305 mean_loss=0.6430 classification=0.0016, bbox_regression=0.0471, bbox_ctrness=0.5819
epoch 49/50 iter 1660/1860 loss=0.6213 mean_loss=0.6430 classification=0.0009, bbox_regression=0.0351, bbox_ctrness=0.5853
epoch 49/50 iter 1680/1860 loss=0.6484 mean_loss=0.6429 classification=0.0015, bbox_regression=0.0352, bbox_ctrness=0.6117
epoch 49/50 iter 1700/1860 loss=0.6342 mean_loss=0.6429 classification=0.0018, bbox_regression=0.0363, bbox_ctrness=0.5960
epoch 49/50 iter 1720/1860 loss=0.6297 mean_loss=0.6429 classification=0.0033, bbox_regression=0.0329, bbox_ctrness=0.5934
epoch 49/50 iter 1740/1860 loss=0.6529 mean_loss=0.6429 classification=0.0023, bbox_regression=0.0374, bbox_ctrness=0.6132
epoch 49/50 iter 1760/1860 loss=0.6384 mean_loss=0.6429 classification=0.0041, bbox_regression=0.0358, bbox_ctrness=0.5986
epoch 49/50 iter 1780/1860 loss=0.6528 mean_loss=0.6429 classification=0.0003, bbox_regression=0.0361, bbox_ctrness=0.6164
epoch 49/50 iter 1800/1860 loss=0.6533 mean_loss=0.6429 classification=0.0014, bbox_regression=0.0467, bbox_ctrness=0.6052
epoch 49/50 iter 1820/1860 loss=0.6319 mean_loss=0.6429 classification=0.0027, bbox_regression=0.0345, bbox_ctrness=0.5948
epoch 49/50 iter 1840/1860 loss=0.6470 mean_loss=0.6430 classification=0.0015, bbox_regression=0.0421, bbox_ctrness=0.6034
epoch 49/50 iter 1860/1860 loss=0.6267 mean_loss=0.6430 classification=0.0027, bbox_regression=0.0391, bbox_ctrness=0.5850
epoch 49 validation Precision=0.8437 Recall=0.9151 AP50=0.9015 AP75=0.8454 eval_fps=21.53 epoch_time_sec=916.7
saved checkpoint: E:\RepViT-main\runs\v48_complete_ablation\training\ra_stems_project_seed2\weights\last.pt
epoch 50/50 iter 1/1860 loss=0.6420 mean_loss=0.6420 classification=0.0034, bbox_regression=0.0341, bbox_ctrness=0.6045
epoch 50/50 iter 20/1860 loss=0.6338 mean_loss=0.6337 classification=0.0015, bbox_regression=0.0439, bbox_ctrness=0.5884
epoch 50/50 iter 40/1860 loss=0.6125 mean_loss=0.6355 classification=0.0012, bbox_regression=0.0256, bbox_ctrness=0.5857
epoch 50/50 iter 60/1860 loss=0.6746 mean_loss=0.6365 classification=0.0082, bbox_regression=0.0510, bbox_ctrness=0.6153
epoch 50/50 iter 80/1860 loss=0.6361 mean_loss=0.6372 classification=0.0111, bbox_regression=0.0454, bbox_ctrness=0.5796
epoch 50/50 iter 100/1860 loss=0.6377 mean_loss=0.6367 classification=0.0016, bbox_regression=0.0358, bbox_ctrness=0.6004
epoch 50/50 iter 120/1860 loss=0.6331 mean_loss=0.6367 classification=0.0006, bbox_regression=0.0343, bbox_ctrness=0.5981
epoch 50/50 iter 140/1860 loss=0.6609 mean_loss=0.6379 classification=0.0039, bbox_regression=0.0568, bbox_ctrness=0.6003
epoch 50/50 iter 160/1860 loss=0.6471 mean_loss=0.6378 classification=0.0019, bbox_regression=0.0343, bbox_ctrness=0.6109
epoch 50/50 iter 180/1860 loss=0.6345 mean_loss=0.6383 classification=0.0017, bbox_regression=0.0371, bbox_ctrness=0.5958
epoch 50/50 iter 200/1860 loss=0.6439 mean_loss=0.6378 classification=0.0002, bbox_regression=0.0285, bbox_ctrness=0.6151
epoch 50/50 iter 220/1860 loss=0.6351 mean_loss=0.6379 classification=0.0012, bbox_regression=0.0405, bbox_ctrness=0.5934
epoch 50/50 iter 240/1860 loss=0.6640 mean_loss=0.6380 classification=0.0030, bbox_regression=0.0438, bbox_ctrness=0.6172
epoch 50/50 iter 260/1860 loss=0.6469 mean_loss=0.6380 classification=0.0019, bbox_regression=0.0395, bbox_ctrness=0.6054
epoch 50/50 iter 280/1860 loss=0.6217 mean_loss=0.6375 classification=0.0023, bbox_regression=0.0397, bbox_ctrness=0.5797
epoch 50/50 iter 300/1860 loss=0.6476 mean_loss=0.6375 classification=0.0021, bbox_regression=0.0573, bbox_ctrness=0.5883
epoch 50/50 iter 320/1860 loss=0.6208 mean_loss=0.6377 classification=0.0002, bbox_regression=0.0317, bbox_ctrness=0.5889
epoch 50/50 iter 340/1860 loss=0.6699 mean_loss=0.6377 classification=0.0195, bbox_regression=0.0470, bbox_ctrness=0.6034
epoch 50/50 iter 360/1860 loss=0.6494 mean_loss=0.6379 classification=0.0004, bbox_regression=0.0262, bbox_ctrness=0.6228
epoch 50/50 iter 380/1860 loss=0.6365 mean_loss=0.6379 classification=0.0009, bbox_regression=0.0346, bbox_ctrness=0.6010
epoch 50/50 iter 400/1860 loss=0.6390 mean_loss=0.6379 classification=0.0030, bbox_regression=0.0300, bbox_ctrness=0.6060
epoch 50/50 iter 420/1860 loss=0.6388 mean_loss=0.6380 classification=0.0059, bbox_regression=0.0312, bbox_ctrness=0.6017
epoch 50/50 iter 440/1860 loss=0.6313 mean_loss=0.6379 classification=0.0013, bbox_regression=0.0370, bbox_ctrness=0.5930
epoch 50/50 iter 460/1860 loss=0.6317 mean_loss=0.6379 classification=0.0066, bbox_regression=0.0424, bbox_ctrness=0.5828
epoch 50/50 iter 480/1860 loss=0.6321 mean_loss=0.6375 classification=0.0010, bbox_regression=0.0320, bbox_ctrness=0.5991
epoch 50/50 iter 500/1860 loss=0.6198 mean_loss=0.6374 classification=0.0025, bbox_regression=0.0294, bbox_ctrness=0.5879
epoch 50/50 iter 520/1860 loss=0.6174 mean_loss=0.6371 classification=0.0015, bbox_regression=0.0328, bbox_ctrness=0.5831
epoch 50/50 iter 540/1860 loss=0.6312 mean_loss=0.6373 classification=0.0060, bbox_regression=0.0317, bbox_ctrness=0.5935
epoch 50/50 iter 560/1860 loss=0.6432 mean_loss=0.6375 classification=0.0003, bbox_regression=0.0394, bbox_ctrness=0.6034
epoch 50/50 iter 580/1860 loss=0.6414 mean_loss=0.6378 classification=0.0023, bbox_regression=0.0387, bbox_ctrness=0.6004
epoch 50/50 iter 600/1860 loss=0.6203 mean_loss=0.6378 classification=0.0023, bbox_regression=0.0343, bbox_ctrness=0.5837
epoch 50/50 iter 620/1860 loss=0.6563 mean_loss=0.6377 classification=0.0159, bbox_regression=0.0439, bbox_ctrness=0.5964
epoch 50/50 iter 640/1860 loss=0.6167 mean_loss=0.6377 classification=0.0012, bbox_regression=0.0397, bbox_ctrness=0.5758
epoch 50/50 iter 660/1860 loss=0.6203 mean_loss=0.6378 classification=0.0045, bbox_regression=0.0360, bbox_ctrness=0.5799
epoch 50/50 iter 680/1860 loss=0.6620 mean_loss=0.6379 classification=0.0036, bbox_regression=0.0473, bbox_ctrness=0.6110
epoch 50/50 iter 700/1860 loss=0.6428 mean_loss=0.6378 classification=0.0001, bbox_regression=0.0324, bbox_ctrness=0.6103
epoch 50/50 iter 720/1860 loss=0.6422 mean_loss=0.6378 classification=0.0016, bbox_regression=0.0386, bbox_ctrness=0.6021
epoch 50/50 iter 740/1860 loss=0.6663 mean_loss=0.6379 classification=0.0159, bbox_regression=0.0418, bbox_ctrness=0.6086
epoch 50/50 iter 760/1860 loss=0.6596 mean_loss=0.6380 classification=0.0232, bbox_regression=0.0353, bbox_ctrness=0.6012
epoch 50/50 iter 780/1860 loss=0.6340 mean_loss=0.6380 classification=0.0021, bbox_regression=0.0327, bbox_ctrness=0.5991
epoch 50/50 iter 800/1860 loss=0.6703 mean_loss=0.6379 classification=0.0135, bbox_regression=0.0366, bbox_ctrness=0.6203
epoch 50/50 iter 820/1860 loss=0.6326 mean_loss=0.6381 classification=0.0005, bbox_regression=0.0380, bbox_ctrness=0.5942
epoch 50/50 iter 840/1860 loss=0.6333 mean_loss=0.6382 classification=0.0016, bbox_regression=0.0313, bbox_ctrness=0.6004
epoch 50/50 iter 860/1860 loss=0.6490 mean_loss=0.6384 classification=0.0098, bbox_regression=0.0339, bbox_ctrness=0.6052
epoch 50/50 iter 880/1860 loss=0.6490 mean_loss=0.6385 classification=0.0021, bbox_regression=0.0327, bbox_ctrness=0.6142
epoch 50/50 iter 900/1860 loss=0.6501 mean_loss=0.6385 classification=0.0004, bbox_regression=0.0362, bbox_ctrness=0.6135
epoch 50/50 iter 920/1860 loss=0.6573 mean_loss=0.6384 classification=0.0108, bbox_regression=0.0388, bbox_ctrness=0.6077
epoch 50/50 iter 940/1860 loss=0.6535 mean_loss=0.6384 classification=0.0098, bbox_regression=0.0464, bbox_ctrness=0.5974
epoch 50/50 iter 960/1860 loss=0.6674 mean_loss=0.6385 classification=0.0078, bbox_regression=0.0431, bbox_ctrness=0.6165
epoch 50/50 iter 980/1860 loss=0.6283 mean_loss=0.6385 classification=0.0005, bbox_regression=0.0348, bbox_ctrness=0.5930
epoch 50/50 iter 1000/1860 loss=0.6394 mean_loss=0.6385 classification=0.0001, bbox_regression=0.0280, bbox_ctrness=0.6113
epoch 50/50 iter 1020/1860 loss=0.6534 mean_loss=0.6386 classification=0.0066, bbox_regression=0.0487, bbox_ctrness=0.5981
epoch 50/50 iter 1040/1860 loss=0.6429 mean_loss=0.6386 classification=0.0058, bbox_regression=0.0395, bbox_ctrness=0.5976
epoch 50/50 iter 1060/1860 loss=0.6560 mean_loss=0.6386 classification=0.0007, bbox_regression=0.0451, bbox_ctrness=0.6102
epoch 50/50 iter 1080/1860 loss=0.6343 mean_loss=0.6386 classification=0.0003, bbox_regression=0.0431, bbox_ctrness=0.5909
epoch 50/50 iter 1100/1860 loss=0.6390 mean_loss=0.6386 classification=0.0020, bbox_regression=0.0580, bbox_ctrness=0.5790
epoch 50/50 iter 1120/1860 loss=0.6277 mean_loss=0.6386 classification=0.0011, bbox_regression=0.0349, bbox_ctrness=0.5917
epoch 50/50 iter 1140/1860 loss=0.6257 mean_loss=0.6386 classification=0.0005, bbox_regression=0.0477, bbox_ctrness=0.5775
epoch 50/50 iter 1160/1860 loss=0.6417 mean_loss=0.6386 classification=0.0007, bbox_regression=0.0341, bbox_ctrness=0.6068
epoch 50/50 iter 1180/1860 loss=0.6432 mean_loss=0.6388 classification=0.0053, bbox_regression=0.0382, bbox_ctrness=0.5996
epoch 50/50 iter 1200/1860 loss=0.6393 mean_loss=0.6389 classification=0.0044, bbox_regression=0.0351, bbox_ctrness=0.5997
epoch 50/50 iter 1220/1860 loss=0.6289 mean_loss=0.6390 classification=0.0008, bbox_regression=0.0346, bbox_ctrness=0.5935
epoch 50/50 iter 1240/1860 loss=0.6454 mean_loss=0.6390 classification=0.0004, bbox_regression=0.0371, bbox_ctrness=0.6079
epoch 50/50 iter 1260/1860 loss=0.6473 mean_loss=0.6391 classification=0.0058, bbox_regression=0.0456, bbox_ctrness=0.5960
epoch 50/50 iter 1280/1860 loss=0.6472 mean_loss=0.6393 classification=0.0016, bbox_regression=0.0383, bbox_ctrness=0.6073
epoch 50/50 iter 1300/1860 loss=0.6548 mean_loss=0.6393 classification=0.0010, bbox_regression=0.0477, bbox_ctrness=0.6062
epoch 50/50 iter 1320/1860 loss=0.6569 mean_loss=0.6394 classification=0.0005, bbox_regression=0.0463, bbox_ctrness=0.6102
epoch 50/50 iter 1340/1860 loss=0.6455 mean_loss=0.6395 classification=0.0039, bbox_regression=0.0485, bbox_ctrness=0.5931
epoch 50/50 iter 1360/1860 loss=0.6468 mean_loss=0.6395 classification=0.0047, bbox_regression=0.0344, bbox_ctrness=0.6078
epoch 50/50 iter 1380/1860 loss=0.6312 mean_loss=0.6394 classification=0.0033, bbox_regression=0.0372, bbox_ctrness=0.5908
epoch 50/50 iter 1400/1860 loss=0.6593 mean_loss=0.6394 classification=0.0052, bbox_regression=0.0474, bbox_ctrness=0.6066
epoch 50/50 iter 1420/1860 loss=0.6718 mean_loss=0.6396 classification=0.0080, bbox_regression=0.0596, bbox_ctrness=0.6041
epoch 50/50 iter 1440/1860 loss=0.6542 mean_loss=0.6396 classification=0.0035, bbox_regression=0.0456, bbox_ctrness=0.6051
epoch 50/50 iter 1460/1860 loss=0.6092 mean_loss=0.6395 classification=0.0031, bbox_regression=0.0425, bbox_ctrness=0.5635
epoch 50/50 iter 1480/1860 loss=0.6377 mean_loss=0.6395 classification=0.0001, bbox_regression=0.0513, bbox_ctrness=0.5862
epoch 50/50 iter 1500/1860 loss=0.6370 mean_loss=0.6395 classification=0.0002, bbox_regression=0.0389, bbox_ctrness=0.5978
epoch 50/50 iter 1520/1860 loss=0.6142 mean_loss=0.6395 classification=0.0038, bbox_regression=0.0327, bbox_ctrness=0.5776
epoch 50/50 iter 1540/1860 loss=0.6521 mean_loss=0.6395 classification=0.0015, bbox_regression=0.0409, bbox_ctrness=0.6098
epoch 50/50 iter 1560/1860 loss=0.6402 mean_loss=0.6395 classification=0.0002, bbox_regression=0.0336, bbox_ctrness=0.6064
epoch 50/50 iter 1580/1860 loss=0.6321 mean_loss=0.6394 classification=0.0017, bbox_regression=0.0363, bbox_ctrness=0.5941
epoch 50/50 iter 1600/1860 loss=0.6236 mean_loss=0.6394 classification=0.0001, bbox_regression=0.0345, bbox_ctrness=0.5890
epoch 50/50 iter 1620/1860 loss=0.6464 mean_loss=0.6394 classification=0.0058, bbox_regression=0.0378, bbox_ctrness=0.6029
epoch 50/50 iter 1640/1860 loss=0.6333 mean_loss=0.6394 classification=0.0070, bbox_regression=0.0380, bbox_ctrness=0.5883
epoch 50/50 iter 1660/1860 loss=0.6533 mean_loss=0.6394 classification=0.0086, bbox_regression=0.0473, bbox_ctrness=0.5975
epoch 50/50 iter 1680/1860 loss=0.6412 mean_loss=0.6395 classification=0.0073, bbox_regression=0.0413, bbox_ctrness=0.5927
epoch 50/50 iter 1700/1860 loss=0.6237 mean_loss=0.6394 classification=0.0024, bbox_regression=0.0367, bbox_ctrness=0.5846
epoch 50/50 iter 1720/1860 loss=0.6258 mean_loss=0.6395 classification=0.0005, bbox_regression=0.0316, bbox_ctrness=0.5937
epoch 50/50 iter 1740/1860 loss=0.6355 mean_loss=0.6394 classification=0.0012, bbox_regression=0.0351, bbox_ctrness=0.5992
epoch 50/50 iter 1760/1860 loss=0.6330 mean_loss=0.6394 classification=0.0033, bbox_regression=0.0534, bbox_ctrness=0.5764
epoch 50/50 iter 1780/1860 loss=0.6391 mean_loss=0.6394 classification=0.0023, bbox_regression=0.0468, bbox_ctrness=0.5899
epoch 50/50 iter 1800/1860 loss=0.6441 mean_loss=0.6395 classification=0.0025, bbox_regression=0.0409, bbox_ctrness=0.6007
epoch 50/50 iter 1820/1860 loss=0.6708 mean_loss=0.6395 classification=0.0497, bbox_regression=0.0322, bbox_ctrness=0.5890
epoch 50/50 iter 1840/1860 loss=0.6538 mean_loss=0.6395 classification=0.0124, bbox_regression=0.0424, bbox_ctrness=0.5991
epoch 50/50 iter 1860/1860 loss=0.6473 mean_loss=0.6395 classification=0.0002, bbox_regression=0.0275, bbox_ctrness=0.6196
epoch 50 validation Precision=0.8243 Recall=0.9259 AP50=0.9104 AP75=0.8515 eval_fps=21.29 epoch_time_sec=933.2
saved checkpoint: E:\RepViT-main\runs\v48_complete_ablation\training\ra_stems_project_seed2\weights\last.pt
Training complete.
END train/ra_stems_project_seed2 return_code=0 elapsed_seconds=47169.026 2026-07-13T14:37:46+08:00
START eval/ra_stems_project_seed2 2026-07-13T14:37:47+08:00
COMMAND C:\Users\xinnan\.conda\envs\pytorch\python.exe E:\RepViT-main\rarepdet\tools\eval_coco_map.py --run-id ra_stems_project_seed2 --protocol ablation_devval --variant ra_stems_project --model ra_stems_project --seed 2 --modality-dropout 0.00 --data D:\download\triair --split-file E:\RepViT-main\reproducibility\v40_expanded_adjacency_component_split_v2\manifests\v40_expanded_adjacency_component_disjoint_val.txt --weights E:\RepViT-main\runs\v48_complete_ablation\training\ra_stems_project_seed2\weights\best.pt --img-size 640 --device cuda --batch-size 4 --num-workers 0 --detector-score-thr 0.001 --metric-score-thr 0.50 --nms-thresh 0.6 --detections-per-img 100 --out-json E:\RepViT-main\runs\v48_complete_ablation\raw\devval\ra_stems_project_seed2.json
=== TriAirDataset Summary ===
data_root: D:\download\triair
image_dir: D:\download\triair\data\images
label_dir: D:\download\triair\data\labels
split_file: E:\RepViT-main\reproducibility\v40_expanded_adjacency_component_split_v2\manifests\v40_expanded_adjacency_component_disjoint_val.txt
mode: rgbte
channels: (0, 1, 2, 3, 4)
total images: 2213
images with label txt: 1971
images without label txt: 242
empty label txt files: 0
total boxes: 5867
class distribution:
  class 0: 5867
inference batch 1/554
inference batch 100/554
inference batch 200/554
inference batch 300/554
inference batch 400/554
inference batch 500/554
inference batch 554/554
{
  "run_id": "ra_stems_project_seed2",
  "protocol": "ablation_devval",
  "ap50_95": 0.6944167250667899,
  "ap50": 0.9454131760432324,
  "ap75": 0.8454525251600291
}
saved: E:\RepViT-main\runs\v48_complete_ablation\raw\devval\ra_stems_project_seed2.json
saved: E:\RepViT-main\runs\v48_complete_ablation\raw\devval\ra_stems_project_seed2.csv
saved: E:\RepViT-main\runs\v48_complete_ablation\raw\devval\ra_stems_project_seed2.txt
END eval/ra_stems_project_seed2 return_code=0 elapsed_seconds=256.031 2026-07-13T14:42:03+08:00
