variant,step,original_row_id,target_box_count,valid_target_count,matched_anchor_count,loss_total,loss_classifier,loss_box_reg,loss_centerness,learning_rate,global_gradient_norm,bbox_weight_gradient_norm,bbox_bias_gradient_norm,bbox_gradient_nonzero_fraction,bbox_bias_0,bbox_bias_1,bbox_bias_2,bbox_bias_3,finite,cuda_allocated_bytes,cuda_reserved_bytes,data_time_sec,forward_time_sec,backward_time_sec,optimizer_time_sec,step_time_sec,regression_tower_gradient_norm,detector_head_gradient_norm,bbox_weight_norm_after,bbox_weight_min_after,bbox_weight_max_after,bbox_bias_min_after,bbox_bias_max_after
v64_seed1_equal_relu_control,1,train:00006249,2,2,2,2.752075672149658,1.0339668989181519,1.0483455657958984,0.6697630882263184,0.0001,82.06567940127863,16.20181766810674,0.7237394310064891,0.3139635920524597,0.0,-0.00010000001202570274,9.999999747378752e-05,0.0,True,237449216,440401920,0.024296700000000726,0.1435699000000028,0.2480072999999976,0.6234177999999986,1.0418709999999933,37.88246303915881,43.40906288350586,0.6783121824264526,-0.031527139246463776,0.034617647528648376,-0.00010000001202570274,9.999999747378752e-05
v64_seed1_equal_relu_control,2,train:00020601,3,3,1,2.69789719581604,1.0376278162002563,0.9670695066452026,0.6931999325752258,0.0001,40.29994553259905,11.951946200622903,0.5689946523141373,0.3831309676170349,0.0,-0.00012215599417686462,0.00019809593504760414,7.441367779392749e-05,True,239071232,505413632,19.801735100000002,0.08663770000000426,0.10446379999999778,0.3220059000000006,0.5658014999999992,28.286935634046344,33.59527690925463,0.678253710269928,-0.031452726572752,0.03470240905880928,-0.00012215599417686462,0.00019809593504760414
v64_seed1_equal_relu_control,3,train:00026508,2,2,0,0.06664621829986572,0.06664621829986572,0.0,0.0,0.0001,3.8629096355712904,0.0,0.0,0.0,0.0,-0.00013928263797424734,0.0002739243791438639,0.00013193566701374948,True,296518144,574619648,18.400858200000002,0.12461389999999994,0.11309839999999838,0.344751500000001,0.6381860000000046,0.0,3.8495749167362447,0.6782205700874329,-0.03139520436525345,0.03476792946457863,-0.00013928263797424734,0.0002739243791438639
v64_seed1_equal_relu_control,4,train:00028488,3,3,4,2.6300268173217773,0.9513236880302429,0.9892162084579468,0.6894868612289429,0.0001,33.66363830292878,5.707953248516165,0.17324549591731536,0.335429310798645,0.0,-0.00015331174654420465,0.0003215295437257737,0.00015284308756235987,True,353080320,620756992,23.521038399999995,0.12512519999999938,0.12612959999999873,0.37321529999999825,0.6963106000000039,17.558270557413348,22.535509846613387,0.6781841516494751,-0.03138340264558792,0.0348179005086422,-0.00015331174654420465,0.0003215295437257737
v64_seed1_equal_relu_control,5,train:00011701,3,3,0,0.07300640642642975,0.07300640642642975,0.0,0.0,0.0001,4.481823161235041,0.0,0.0,0.0,0.0,-0.0001651695347391069,0.0003617667534854263,0.00017051462782546878,True,353063936,620756992,0.06398269999999684,0.10336060000000202,0.12215930000000697,0.41855479999999545,0.7101121999999975,0.0,4.447709658787897,0.6781591773033142,-0.03137343004345894,0.03486013785004616,-0.0001651695347391069,0.0003617667534854263
v64_seed1_equal_relu_control,6,train:00005808,2,2,2,2.785212755203247,0.9937412738800049,1.0914278030395508,0.7000436782836914,0.0001,50.61155201378972,10.123767788671339,0.6438028836449116,0.5117086172103882,5.221175524638966e-05,-0.0001706465263850987,0.00041172513738274574,0.00013544682587962598,True,238120960,507510784,23.230702899999997,0.10540190000000393,0.13297179999997866,0.32613030000001686,0.6130337000000168,20.57950977677695,25.662733138141565,0.6781230568885803,-0.0313933826982975,0.03490850701928139,-0.0001706465263850987,0.00041172513738274574
v64_seed1_equal_relu_control,7,train:00017015,2,2,1,2.718071937561035,1.0304304361343384,1.0,0.6876416802406311,0.0001,33.98176755941275,0.0,0.0,0.0,9.78084935923107e-05,-0.00017542960995342582,0.0004553539911285043,0.00010482196375960484,True,237350912,507510784,0.056941399999999476,0.0948624000000109,0.11734690000000114,0.3700077999999962,0.6402774999999963,0.3599251976131466,20.328636503932188,0.6780981421470642,-0.03141080588102341,0.03495074808597565,-0.00017542960995342582,0.0004553539911285043
v64_seed1_equal_relu_control,8,train:00005711,3,3,13,2.675194025039673,0.9448896646499634,1.004619836807251,0.7256845831871033,0.0001,19.460678988155617,1.3836744307676625,0.05567110067227267,0.6866869330406189,0.000138325834996067,-0.00017944008868653327,0.00048787001287564635,8.080522093223408e-05,True,238120960,507510784,0.06308099999998262,0.15076040000002422,0.1714443999999844,0.6014404999999954,0.9887149999999849,4.5623023009035615,9.968425323741258,0.6781243085861206,-0.031423840671777725,0.034988176077604294,-0.00017944008868653327,0.00048787001287564635
v64_seed1_equal_relu_control,9,train:00006561,3,3,5,2.585789442062378,0.951221764087677,0.9824145436286926,0.6521531343460083,0.0001,20.841117613210848,4.888246035572751,0.3254356792244849,0.6847354769706726,0.0001989697339013219,-0.00019645314023364335,0.000528064847458154,7.30209139874205e-05,True,237350912,507510784,0.05914630000000898,0.10359239999999659,0.10835450000001856,0.34851489999999785,0.6190930000000208,8.103242044578408,12.14473392950348,0.67812180519104,-0.031426504254341125,0.03502872213721275,-0.00019645314023364335,0.000528064847458154
v64_seed1_equal_relu_control,10,train:00010359,3,3,3,2.5957016944885254,0.9013921618461609,1.0108695030212402,0.6834399104118347,0.0001,27.460171931482577,5.706841260505124,0.1467994600534439,0.11339982599020004,0.0002530930214561522,-0.0002116368996212259,0.0005385970580391586,6.607360410271212e-05,True,238120960,507510784,0.05639379999999505,0.11573459999999614,0.12208210000000008,0.39546020000000226,0.6924486999999999,8.92009900536169,16.32506019441759,0.6781042814254761,-0.031428880989551544,0.03506149724125862,-0.0002116368996212259,0.0005385970580391586
v64_seed1_equal_relu_control,11,train:00020938,2,2,2,2.5244669914245605,0.8683363795280457,0.9766563177108765,0.6794742345809937,0.0001,47.5350232478248,15.400696631060763,0.5908291310108559,0.3727233409881592,0.00031116727041080594,-0.00022524441010318696,0.0005265934159979224,3.757282320293598e-05,True,294437376,578813952,23.854993399999984,0.10044990000000098,0.10883459999999445,0.3212091999999984,0.5785989000000029,30.11882831132819,35.39574155879658,0.6780645847320557,-0.03144971653819084,0.03504902869462967,-0.00022524441010318696,0.0005265934159979224
v64_seed1_equal_relu_control,12,train:00017395,1,1,0,0.22132885456085205,0.22132885456085205,0.0,0.0,0.0001,15.186906892617136,0.0,0.0,0.0,0.00036338387872092426,-0.0002374793984927237,0.0005158004933036864,1.1946764971071389e-05,True,295191040,578813952,0.0380922999999882,0.09309659999999553,0.12059279999999717,0.31687949999999887,0.5700094000000036,0.0,14.773332935253208,0.6780351996421814,-0.03146845102310181,0.0350378192961216,-0.0002374793984927237,0.0005158004933036864
v64_seed1_equal_relu_control,13,train:00016029,2,2,0,0.20823723077774048,0.20823723077774048,0.0,0.0,0.0001,13.786110872434374,0.0,0.0,0.0,0.0004104572581127286,-0.000248509255470708,0.0005060706753283739,-1.115518080041511e-05,True,294437376,578813952,0.05735930000000167,0.16345079999999257,0.1605399000000034,0.5143123000000003,0.8969323999999972,0.0,13.673209982865055,0.6780136227607727,-0.031485337764024734,0.03502771258354187,-0.000248509255470708,0.0005060706753283739
v64_seed1_equal_relu_control,14,train:00019870,3,3,5,2.5490009784698486,0.8553944826126099,1.0156394243240356,0.6779670119285583,0.0001,33.14997367266781,15.139029434714967,0.7115724273352059,0.6628360748291016,0.00046129419934004545,-0.00023204479657579213,0.0004873454454354942,-5.81281938139e-06,True,295191040,578813952,0.06236839999999688,0.11193880000001855,0.11181819999998766,0.42233490000000984,0.7095889,20.691199032571376,26.723786716474347,0.678004801273346,-0.03148908540606499,0.035007625818252563,-0.00023204479657579213,0.0004873454454354942
v64_seed1_equal_relu_control,15,train:00024793,3,3,1,2.6626603603363037,0.9391021132469177,1.0,0.7235581278800964,0.0001,19.341561353185423,0.0,0.0,0.0,0.0005073004867881536,-0.0002171448286389932,0.0004703995364252478,-9.780989103091997e-07,True,294437376,578813952,0.04498720000000844,0.126758499999994,0.12598859999999945,0.4266484999999989,0.7262247999999829,3.931625510721745,12.905553416318883,0.6780021786689758,-0.031492479145526886,0.034999534487724304,-0.0002171448286389932,0.0005073004867881536
v64_seed1_equal_relu_control,16,train:00024693,3,3,1,2.579172134399414,0.9218606352806091,0.8801108598709106,0.7772005796432495,0.0001,42.285352855600564,16.509783994839285,0.8897228044468217,0.3668690323829651,0.0005644569755531847,-0.00017447439313400537,0.00047591584734618664,3.4033789688692195e-06,True,238546944,509607936,22.576942000000003,0.11278500000000236,0.10533970000000181,0.32556280000000015,0.5902784000000167,29.757688587481095,35.508192753895464,0.6780415177345276,-0.03149555251002312,0.03501872345805168,-0.00017447439313400537,0.0005644569755531847
v64_seed1_equal_relu_control,17,train:00034122,2,2,1,2.689779281616211,0.9874672293663025,1.0,0.7023119926452637,0.0001,21.63001156999694,0.0,0.0,0.0,0.000616314762737602,-0.00013575972116086632,0.0004809207748621702,7.378672307822853e-06,True,238678016,509607936,0.05424879999998211,0.08845239999999421,0.12063100000000304,0.371129499999995,0.6360103000000095,2.330023459239147,13.086287504598534,0.6780827045440674,-0.031498342752456665,0.03503613546490669,-0.00013575972116086632,0.000616314762737602
v64_seed1_equal_relu_control,18,train:00012078,3,3,1,2.726858377456665,1.0050842761993408,1.018756628036499,0.7030174136161804,0.0001,31.988478422264468,12.089871488521116,0.7002463340759277,0.11339982599020004,0.0006634093588218093,-0.00010060107160825282,0.00044016289757564664,1.0988826943503227e-05,True,238546944,509607936,0.04900610000001393,0.15800329999999008,0.21036530000000653,1.0909967999999992,1.50983549999998,17.974528626193553,23.210039911467202,0.6780978441238403,-0.03150087594985962,0.035051945596933365,-0.00010060107160825282,0.0006634093588218093
v64_seed1_equal_relu_control,19,train:00030696,3,3,1,2.536672592163086,0.8660017251968384,0.9305220246315002,0.7401488423347473,0.0001,190.70089181912817,54.87008828885628,2.025349521589494,0.4622723460197449,0.0007259933045133948,-4.208621976431459e-05,0.00038406718522310257,5.338996561476961e-05,True,238678016,509607936,0.04526369999999247,0.11387159999998175,0.1291731000000027,0.38899299999999926,0.6792524999999898,88.44039554063272,104.92865783065434,0.6781203746795654,-0.0314752571284771,0.03506631404161453,-4.208621976431459e-05,0.0007259933045133948
v64_seed1_equal_relu_control,20,train:00013586,2,2,0,0.07829764485359192,0.07829764485359192,0.0,0.0,0.0001,5.358965186627138,0.0,0.0,0.0,0.0007829077076166868,1.1127699508506339e-05,0.0003330532636027783,9.194992890115827e-05,True,238546944,509607936,0.05198730000000751,0.10916770000000042,0.13138460000001828,0.9256699000000026,1.2195429000000217,0.0,5.1436404310768955,0.6781494617462158,-0.031451959162950516,0.03507938235998154,1.1127699508506339e-05,0.0007829077076166868
v64_seed1_equal_relu_control,21,train:00034932,1,1,2,2.2828149795532227,0.8907952904701233,0.7918801307678223,0.6001396179199219,0.0001,44.72691106787867,19.777582689043125,0.6337248013352036,0.5672159790992737,0.0008552740328013897,4.9820449930848554e-05,0.00029516813810914755,0.00011654062109300867,True,295797248,578813952,23.567028099999987,0.11107240000001184,0.12229099999998994,0.3230273000000068,0.6125232999999923,30.41630977750574,38.29426533558861,0.6781635880470276,-0.03144363313913345,0.03509127348661423,4.9820449930848554e-05,0.0008552740328013897
v64_seed1_equal_relu_control,22,train:00006464,3,3,9,2.4224047660827637,0.7695942521095276,0.9610024690628052,0.6918080449104309,0.0001,17.460475992697027,3.9219600095026173,0.23684124925174788,0.6912402510643005,0.0009264989057555795,8.03894508862868e-05,0.00026666841586120427,0.00014211569214239717,True,296174080,578813952,0.06812149999998951,0.10045999999999822,0.1238544999999931,0.3991311000000053,0.6929911999999945,4.687783491882356,10.729569038891398,0.6781901121139526,-0.0314343087375164,0.03510115668177605,8.03894508862868e-05,0.0009264989057555795
v64_seed1_equal_relu_control,23,train:00009701,3,3,1,2.626264810562134,0.9521591067314148,0.9880300760269165,0.6860756278038025,0.0001,30.748863002379,10.313262095803575,0.3874462860765761,0.37012141942977905,0.000992829678580165,0.00010822290641954169,0.00024175885482691228,0.00017611798830330372,True,295797248,578813952,0.07645870000001764,0.157506699999999,0.1728082999999856,0.5668857999999943,0.9805799999999749,15.657780912265642,23.397546123028743,0.6782194375991821,-0.031403183937072754,0.03511015325784683,0.00010822290641954169,0.000992829678580165
v64_seed1_equal_relu_control,24,train:00011236,3,3,1,2.560555934906006,0.9093250632286072,0.9743370413780212,0.6768937706947327,0.0001,58.30014914359677,11.557464606839108,0.7298842493176214,0.3519080579280853,0.0010576860513538122,0.0001335717097390443,0.0002223386982223019,0.00022465876827482134,True,296174080,578813952,0.04547680000001719,0.10000049999999305,0.11852320000002692,0.36947799999998665,0.6346686999999918,18.069384120132337,23.064516043641262,0.6782573461532593,-0.03135957196354866,0.03511834889650345,0.0001335717097390443,0.0010576860513538122
v64_seed1_equal_relu_control,25,train:00003532,3,3,0,0.08555270731449127,0.08555270731449127,0.0,0.0,0.0001,6.292920624201873,0.0,0.0,0.0,0.001116763218306005,0.00015666177205275744,0.000204648997168988,0.00026887425337918103,True,295797248,578813952,0.05845469999999864,0.10299450000002253,0.1186872999999764,0.40700100000000816,0.6884478999999999,0.0,5.993104217110026,0.6782976984977722,-0.03131984546780586,0.035125814378261566,0.00015666177205275744,0.001116763218306005
v64_seed1_equal_relu_control,26,train:00015144,3,3,1,2.6100120544433594,0.9938249588012695,0.9156906008720398,0.7004964351654053,0.0001,83.36672190900713,22.26378384183068,0.8150791689108069,0.48308759927749634,0.0011609034845605493,0.00017146415484603494,0.0002260501787532121,0.00030283533851616085,True,296174080,578813952,0.07727969999999118,0.34111829999997667,0.6983450000000175,3.3337224999999933,4.45359400000001,30.406848464662,40.35962578094716,0.6783333420753479,-0.03128765895962715,0.03513261303305626,0.00017146415484603494,0.0011609034845605493
v64_seed1_equal_relu_control,27,train:00033916,2,2,1,2.3717620372772217,0.961344838142395,0.6717476844787598,0.7386694550514221,0.0001,125.45724739986039,32.08833763051959,1.4976931738845647,0.4787510931491852,0.0012210363056510687,0.00020879856310784817,0.0002589081123005599,0.0003555648145265877,True,295797248,578813952,0.1898781000000156,0.8976880000000165,0.8228098999999816,4.781838100000016,6.694725000000005,61.098194504241654,70.80745961133644,0.6784213781356812,-0.031233005225658417,0.0351388081908226,0.00020879856310784817,0.0012210363056510687
v64_seed1_equal_relu_control,28,train:00024238,2,2,2,2.3140921592712402,0.8535894751548767,0.7402439117431641,0.7202585935592651,0.0001,48.21146582684051,9.722197040262834,0.5313163319628399,0.581960141658783,0.0012603161158040166,0.00023326178779825568,0.0002962911094073206,0.0004105572879780084,True,296174080,578813952,0.31043809999999894,0.631429699999984,0.571433600000006,0.9697677999999996,2.441729500000008,16.584048158227667,20.417200141597935,0.6784535050392151,-0.03117719478905201,0.03514445200562477,0.00023326178779825568,0.0012603161158040166
v64_seed1_equal_relu_control,29,train:00012123,2,2,0,0.11914076656103134,0.11914076656103134,0.0,0.0,0.0001,9.725586413649859,0.0,0.0,0.0,0.001296105096116662,0.0002555509563535452,0.0003303518460597843,0.0004606625298038125,True,295797248,578813952,0.034951599999999416,0.09516779999998448,0.11403270000002408,0.33082129999999665,0.5762617000000034,0.0,9.168667997750395,0.6784880757331848,-0.031126342713832855,0.03514959663152695,0.0002555509563535452,0.001296105096116662
v64_seed1_equal_relu_control,30,train:00021003,2,2,0,0.10032743960618973,0.10032743960618973,0.0,0.0,0.0001,8.748319504757992,0.0,0.0,0.0,0.0013287129113450646,0.00027585888165049255,0.00036138499854132533,0.0005063139833509922,True,296174080,578813952,0.041029899999983854,0.11896720000001437,0.11973820000000046,0.37245509999999626,0.6569181000000128,0.0,8.103226929862151,0.6785239577293396,-0.031080011278390884,0.03515428304672241,0.00027585888165049255,0.0013287129113450646
v64_seed1_equal_relu_control,31,train:00033033,3,3,4,2.4212846755981445,0.9106606841087341,0.8468742966651917,0.6637497544288635,0.0001,21.049499771933363,8.499826986568664,0.40582746454713986,0.6400694251060486,0.001370221609249711,0.0002865665592253208,0.0003989986435044557,0.000546254450455308,True,352670720,624951296,24.00292429999999,0.14052559999998948,0.14231419999998707,0.3882702000000222,0.7197369000000151,9.192880393705135,14.917539284682228,0.6785792112350464,-0.03103497065603733,0.03515855222940445,0.0002865665592253208,0.001370221609249711
v64_seed1_equal_relu_control,32,train:00034896,1,1,2,2.223421096801758,0.7707873582839966,0.7759150266647339,0.6767188310623169,0.0001,54.20315897919896,14.848542210781263,0.6917984723289539,0.5264527201652527,0.0014180849539116025,0.00028852681862190366,0.00044649094343185425,0.0005949445767328143,True,352670720,624951296,0.048559899999986555,0.10432169999998564,0.12178240000000073,0.5553306000000191,0.8313465000000235,15.010105065768661,22.961037987990448,0.6786743402481079,-0.030992770567536354,0.035162441432476044,0.00028852681862190366,0.0014180849539116025
v64_seed1_equal_relu_control,33,train:00021613,1,1,1,2.542884588241577,1.1088076829910278,0.7535302639007568,0.6805466413497925,0.0001,26.301589695063715,7.24573180805425,0.17227870685899951,0.4882914125919342,0.0014553117798641324,0.0002879324310924858,0.00048600579611957073,0.0006369054317474365,True,352670720,624951296,0.05784449999998742,0.19754640000002155,0.3264556999999968,0.3734637999999677,0.9570610999999758,12.071316776610368,23.499105586698445,0.678700864315033,-0.0309582632035017,0.03516598418354988,0.0002879324310924858,0.0014553117798641324
v64_seed1_equal_relu_control,34,train:00002612,3,3,0,0.08915382623672485,0.08915382623672485,0.0,0.0,0.0001,7.015141309821103,0.0,0.0,0.0,0.0014892203034833074,0.00028739101253449917,0.0005219982704147696,0.0006751258624717593,True,352670720,624951296,0.04263539999999466,0.10352129999995441,0.13149060000000645,0.40772530000003826,0.6870764000000236,0.0,6.550628686654674,0.6787288784980774,-0.03092683106660843,0.03516921028494835,0.00028739101253449917,0.0014892203034833074
v64_seed1_equal_relu_control,35,train:00021058,1,1,4,2.264021873474121,0.8729081153869629,0.771071195602417,0.6200425624847412,0.0001,32.49628747823324,5.906449991449849,0.27765570703709874,0.5802255272865295,0.0015023737214505672,0.00029065716080367565,0.0005544473533518612,0.0007122898241505027,True,352670720,624951296,0.05018250000000535,0.11732799999998633,0.14386030000002847,2.2461373999999523,2.5597662999999784,7.522669924762652,13.064421660585804,0.6787323355674744,-0.03089386597275734,0.035172149538993835,0.00029065716080367565,0.0015023737214505672
v64_seed1_equal_relu_control,36,train:00009691,2,2,1,2.1127257347106934,0.8856514096260071,0.5322356224060059,0.6948387026786804,0.0001,46.91452095464781,15.941710132108202,0.637019580459037,0.5177797079086304,0.0014984570443630219,0.00030657745082862675,0.0005737859173677862,0.0007386984070762992,True,352670720,624951296,0.10690360000000965,1.5158905000000118,1.397879400000022,4.917706599999974,7.946882399999993,15.30839275073168,24.38433886461462,0.6786973476409912,-0.03086879849433899,0.03517482802271843,0.00030657745082862675,0.0014984570443630219
v64_seed1_equal_relu_control,37,train:00010486,2,2,2,2.4293763637542725,1.0332660675048828,0.7776691317558289,0.6184411644935608,0.0001,60.30572189473036,18.617982946768628,0.7006627314543338,0.5576756596565247,0.0015056576812639832,0.00033633405109867454,0.0005952974897809327,0.0007544709951616824,True,352670720,624951296,0.6302312999999913,1.0920097000000055,0.565156600000023,1.1878098999999906,3.516716000000031,23.215967654951363,32.46014919847739,0.6787083148956299,-0.030858617275953293,0.035177264362573624,0.00033633405109867454,0.0015056576812639832
v64_seed1_equal_relu_control,38,train:00034891,1,1,2,2.2665505409240723,0.9023200273513794,0.7276968359947205,0.6365338563919067,0.0001,24.0564307827246,9.539191472558501,0.3729130405559302,0.56027752161026,0.001516237622126937,0.00035469967406243086,0.0006216209731064737,0.0007711853832006454,True,352670720,624951296,0.05630070000000842,0.17590240000004087,0.1846055999999976,0.44871050000000423,0.8658099000000448,12.29346118894723,17.88487865165075,0.6787166595458984,-0.03084593452513218,0.03517948463559151,0.00035469967406243086,0.001516237622126937
v64_seed1_equal_relu_control,39,train:00029227,3,3,1,2.292607307434082,0.8223371505737305,0.7363133430480957,0.7339568138122559,0.0001,21.232938668786367,7.117200260227043,0.2437422637346796,0.5212489366531372,0.0015175564913079143,0.0003679634246509522,0.0006402069120667875,0.0007827979861758649,True,352670720,624951296,0.057767200000000685,0.13519850000000133,0.1471463999999969,0.4109990000000039,0.7523870999999644,11.298747092937722,16.40616743782292,0.6786779761314392,-0.030838027596473694,0.03518150374293327,0.0003679634246509522,0.0015175564913079143
v64_seed1_equal_relu_control,40,train:00002357,3,3,2,2.1832640171051025,0.750585675239563,0.7868872284889221,0.6457911133766174,0.0001,15.686732533368183,6.489532079554995,0.290257122354453,0.524718165397644,0.001529179629869759,0.0003760860417969525,0.0006637193728238344,0.0007892497815191746,True,352670720,624951296,0.03395380000000614,0.10450050000002875,0.12899139999996123,0.3486678000000438,0.6172097000000463,6.541830449941005,12.968938256635434,0.6786584854125977,-0.03083362616598606,0.035183344036340714,0.0003760860417969525,0.001529179629869759
v64_seed1_equal_relu_control,41,train:00022853,2,2,1,2.3713128566741943,0.8228119015693665,0.8202871084213257,0.7282137870788574,0.0001,14.391882617693343,3.8001391469450665,0.18257864513620004,0.4640069603919983,0.0015334453200921416,0.00038087484426796436,0.0006810036138631403,0.0007924072560854256,True,352670720,624951296,0.054215899999974226,0.12788150000000087,0.15052819999999656,0.3386755000000221,0.6689800000000332,5.81129527602067,9.28550108926785,0.6786091923713684,-0.030830401927232742,0.03518501669168472,0.00038087484426796436,0.0015334453200921416
v64_seed1_equal_relu_control,42,train:00003644,3,3,2,2.322503089904785,0.8707171678543091,0.6681808233261108,0.7836050391197205,0.0001,26.987728846213273,7.786555096493231,0.4104705148594954,0.5550737380981445,0.0015236372128129005,0.0003787264577113092,0.0007029550615698099,0.0007885049562901258,True,352670720,624951296,0.04568309999996245,0.09695590000001175,0.12692189999995662,0.32116980000000694,0.5913922999999954,9.053852465215302,14.066955188803197,0.6785343885421753,-0.030828852206468582,0.035186540335416794,0.0003787264577113092,0.0015236372128129005
v64_seed1_equal_relu_control,43,train:00009651,3,3,8,2.2263431549072266,0.6927481293678284,0.8193044662475586,0.7142906188964844,0.0001,14.05499380783827,5.16012700612706,0.21240649472763914,0.6097137928009033,0.0015202618669718504,0.0003739363164640963,0.0007265978492796421,0.0007807050715200603,True,352670720,624951296,0.03599050000002535,0.10014400000000023,0.11002659999996922,0.3026892999999973,0.554514499999982,4.246704839269474,10.819065916496118,0.678471565246582,-0.030828416347503662,0.03518792614340782,0.0003739363164640963,0.0015202618669718504
v64_seed1_equal_relu_control,44,train:00033321,3,3,1,2.3133623600006104,0.9716525077819824,0.6274166107177734,0.7142933011054993,0.0001,30.717676182604457,12.490879667118447,0.7216897244882893,0.4813530147075653,0.0015495464904233813,0.0003604432276915759,0.0007368670776486397,0.0007641348638571799,True,352670720,624951296,0.04674199999999473,0.10160869999998567,0.11517300000002706,0.3156121999999755,0.5808574999999792,12.717146124781504,20.55936192717131,0.6784087419509888,-0.030830642208456993,0.0351891852915287,0.0003604432276915759,0.0015495464904233813
v64_seed1_equal_relu_control,45,train:00031613,3,3,0,0.2030908465385437,0.2030908465385437,0.0,0.0,0.0001,15.82535815614184,0.0,0.0,0.0,0.001576181035488844,0.00034817116102203727,0.0007462070207111537,0.0007490641437470913,True,352670720,624951296,0.04793580000000475,0.09435799999999972,0.10907700000001341,0.31669600000003584,0.5692438000000379,0.0,15.56149831494555,0.6783536672592163,-0.030832666903734207,0.03519033268094063,0.00034817116102203727,0.001576181035488844
v64_seed1_equal_relu_control,46,train:00010234,3,3,3,2.0551846027374268,0.817077100276947,0.5632283687591553,0.6748790144920349,0.0001,43.856051699984675,14.832571355197757,0.660692929137248,0.5706852078437805,0.0016106505645439029,0.0003490255039650947,0.0007632981869392097,0.0007232038187794387,True,352670720,624951296,0.03822289999999384,0.10011059999999361,0.11764799999997422,0.327455499999985,0.5845817000000011,12.369921646245906,20.334051171651023,0.6783568859100342,-0.030844155699014664,0.0351913757622242,0.0003490255039650947,0.0016106505645439029
v64_seed1_equal_relu_control,47,train:00024453,3,3,0,0.17438270151615143,0.17438270151615143,0.0,0.0,0.0001,13.044343264331278,0.0,0.0,0.0,0.0016419916646555066,0.00034980231430381536,0.0007788381190039217,0.000699690543115139,True,352670720,624951296,0.042755300000010266,0.08669129999998404,0.10611030000001165,0.37808289999998124,0.6151178000000073,0.0,12.70211946392243,0.678362250328064,-0.03085460141301155,0.03519232198596001,0.00034980231430381536,0.0016419916646555066
v64_seed1_equal_relu_control,48,train:00018203,1,1,1,2.4124412536621094,0.9586895704269409,0.6458811163902283,0.8078707456588745,0.0001,25.873834681748388,9.282457574179645,0.43082290308388266,0.5013009905815125,0.0016588211292400956,0.000343517487635836,0.0007843542844057083,0.0006711770547553897,True,352670720,624951296,0.04597719999998162,0.12166070000000673,0.12253440000000637,0.329945299999963,0.6215244999999641,13.51061646437823,20.76112425825162,0.6783138513565063,-0.030873356387019157,0.03519318252801895,0.000343517487635836,0.0016588211292400956
v64_seed1_equal_relu_control,49,train:00010521,2,2,4,2.1035218238830566,0.8015055060386658,0.6413213014602661,0.66069495677948,0.0001,29.4089826282714,10.457937042474525,0.4304792863801789,0.5888985395431519,0.0016820478485897183,0.00034269483876414597,0.0007925082463771105,0.0006349700852297246,True,352670720,624951296,0.031971400000031736,0.09151489999999285,0.12498540000001412,0.37526059999999006,0.6253290999999876,10.73582376045314,16.898915405668244,0.6782940626144409,-0.030903318896889687,0.03519396483898163,0.00034269483876414597,0.0016820478485897183
v64_seed1_equal_relu_control,50,train:00034733,2,2,4,2.2002625465393066,0.8464626669883728,0.6539866924285889,0.6998130679130554,0.0001,17.697317411018457,12.374328962691429,0.6731718034251021,0.5628794431686401,0.0017138589173555374,0.00033054023515433073,0.0008060288964770734,0.0006167013780213892,True,352670720,624951296,0.04056800000000749,0.1037883999999849,0.12433720000001358,0.35240920000001097,0.6224525000000085,7.336620011188507,15.634296341552561,0.6782944798469543,-0.030920682474970818,0.035194676369428635,0.00033054023515433073,0.0017138589173555374
v64_seed1_equal_relu_control,51,train:00012739,3,3,0,0.09652313590049744,0.09652313590049744,0.0,0.0,0.0001,6.621112415789474,0.0,0.0,0.0,0.0017427660059183836,0.000319495185976848,0.0008183153113350272,0.0006001003785058856,True,238252032,511705088,22.896563799999967,0.09154769999997825,0.10144240000005311,0.30641909999997097,0.5421706000000199,0.0,6.573713586573497,0.6782966256141663,-0.030936460942029953,0.03519532456994057,0.000319495185976848,0.0017427660059183836
v64_seed1_equal_relu_control,52,train:00004626,3,3,0,0.08281391113996506,0.08281391113996506,0.0,0.0,0.0001,5.571999048137291,0.0,0.0,0.0,0.001769030699506402,0.00030945977778173983,0.0008294785511679947,0.000585016910918057,True,238776320,511705088,0.05461239999999634,0.08852439999998296,0.12989540000000943,0.3095157999999856,0.5843363999999838,0.0,5.49887609108062,0.678300142288208,-0.030950797721743584,0.035195913165807724,0.00030945977778173983,0.001769030699506402
v64_seed1_equal_relu_control,53,train:00021563,1,1,0,0.06963701546192169,0.06963701546192169,0.0,0.0,0.0001,4.966579491828262,0.0,0.0,0.0,0.0017928910674527287,0.000300343002891168,0.0008396199555136263,0.0005713141872547567,True,238252032,511705088,0.04201550000004772,0.11493649999999889,0.16261570000000347,0.46830280000000357,0.7893773000000124,0.0,4.9240973505483305,0.6783045530319214,-0.030963821336627007,0.035196445882320404,0.000300343002891168,0.0017928910674527287
v64_seed1_equal_relu_control,54,train:00008212,2,2,0,0.060347020626068115,0.060347020626068115,0.0,0.0,0.0001,4.041731538936876,0.0,0.0,0.0,0.0018145643407478929,0.00029206188628450036,0.0008488317835144699,0.0005588674684986472,True,238776320,511705088,0.06246699999996963,0.12486529999995355,0.1170231000000399,0.3248788999999874,0.6302461000000221,0.0,3.9941680971492795,0.6783096790313721,-0.030975650995969772,0.035196930170059204,0.00029206188628450036,0.0018145643407478929
v64_seed1_equal_relu_control,55,train:00002126,1,1,2,2.336698293685913,0.8742637038230896,0.7838602662086487,0.6785743236541748,0.0001,26.163800887919237,16.08876081904124,0.6879323021238024,0.5134431719779968,0.0018379222601652145,0.000277407409157604,0.000860644388012588,0.0005662610637955368,True,238252032,511705088,0.044274700000016765,0.09567830000003141,0.11506149999996751,0.3426893999999834,0.598816099999965,11.780425501467182,21.191980193501195,0.6783217191696167,-0.0309634767472744,0.03519736975431442,0.000277407409157604,0.0018379222601652145
v64_seed1_equal_relu_control,56,train:00018310,1,1,0,0.04410213232040405,0.04410213232040405,0.0,0.0,0.0001,2.806558324085473,0.0,0.0,0.0,0.0018591335974633694,0.00026409971178509295,0.0008713713614270091,0.0005729752010665834,True,238776320,511705088,0.051375500000006014,0.0985445000000027,0.14873910000000024,1.3225737999999865,1.622810799999968,0.0,2.7819399286916924,0.6783334612846375,-0.030952421948313713,0.03519776836037636,0.00026409971178509295,0.0018591335974633694
v64_seed1_equal_relu_control,57,train:00027448,2,2,2,2.277698516845703,0.9243493676185608,0.6605521440505981,0.6927970051765442,0.0001,21.08969158479401,9.883170281364867,0.5801808400863414,0.5065047740936279,0.0018825186416506767,0.0002569613861851394,0.0008787569822743535,0.0005947242607362568,True,238252032,511705088,0.31575580000003356,1.1796476999999754,1.318296700000019,3.6409987000000115,6.49515550000001,7.500462804103313,13.624063666050256,0.6783583164215088,-0.030932098627090454,0.03519812971353531,0.0002569613861851394,0.0018825186416506767
v64_seed1_equal_relu_control,58,train:00021448,1,1,3,2.3208255767822266,0.9124938249588013,0.7562738656997681,0.6520578861236572,0.0001,24.480975509160313,13.341409718923646,0.4091778466397237,0.5576756596565247,0.001905664335936308,0.0002420106320641935,0.0008863796247169375,0.0006060572923161089,True,238776320,511705088,0.1806952000000024,0.9629232000000343,1.2247784999999567,1.1688278999999966,3.53994739999996,12.363250384248698,21.806422974884338,0.6783732175827026,-0.030930446460843086,0.035198457539081573,0.0002420106320641935,0.001905664335936308
v64_seed1_equal_relu_control,59,train:00035019,1,1,2,2.416409492492676,0.881697416305542,0.8987188935279846,0.6359931230545044,0.0001,26.14623698719657,12.856962766784168,0.6517942863025119,0.5125759243965149,0.0019300503190606833,0.0002235942956758663,0.000894197728484869,0.0006337869563139975,True,238252032,511705088,0.09853600000002416,0.22480790000003026,0.15764330000001792,0.33291019999995797,0.8150180999999748,10.08414297993568,18.051007734012455,0.6784063577651978,-0.03092176467180252,0.03519875556230545,0.0002235942956758663,0.0019300503190606833
v64_seed1_equal_relu_control,60,train:00011810,3,3,4,2.348954677581787,0.9424456357955933,0.7333248257637024,0.6731842756271362,0.0001,16.21675505246239,3.9954879606855522,0.21153504501066897,0.5472680330276489,0.0019518649205565453,0.00021270047000143677,0.0008999017300084233,0.0006566138472408056,True,238776320,511705088,0.031967199999996865,0.10289320000003954,0.11218019999995477,0.35568070000005036,0.6037002000000484,7.730940892120758,10.40763537887192,0.6784388422966003,-0.03091653622686863,0.03519902750849724,0.00021270047000143677,0.0019518649205565453
v64_seed1_equal_relu_control,61,train:00000730,3,3,3,2.2044994831085205,0.9195437431335449,0.5998465418815613,0.6851091384887695,0.0001,45.9804163827162,16.864051289723225,0.7900333839539014,0.5446661114692688,0.0019554677419364452,0.00020370041602291167,0.0009034548420459032,0.0006974399439059198,True,238252032,511705088,0.04323019999998223,0.11222650000001977,0.11662539999997534,0.3399919999999952,0.6129260999999815,12.350709990964866,21.731825048373633,0.6784422397613525,-0.03089071437716484,0.03519927337765694,0.00020370041602291167,0.0019554677419364452
v64_seed1_equal_relu_control,62,train:00029834,3,3,2,2.314676523208618,0.8445955514907837,0.7799242734909058,0.6901566386222839,0.0001,17.583132658188877,8.5521877295501,0.3405484703817394,0.5169124007225037,0.0019528577104210854,0.00018891225045081228,0.0009129448444582522,0.000728276907466352,True,238776320,511705088,0.0488973999999871,0.09364830000004076,0.11698279999995975,0.3115430999999944,0.5733324999999923,7.021160811179203,12.959214592149488,0.6784377098083496,-0.0308731347322464,0.035199496895074844,0.00018891225045081228,0.0019528577104210854
v64_seed1_equal_relu_control,63,train:00033969,2,2,2,2.199094295501709,0.8537015914916992,0.6416500806808472,0.7037427425384521,0.0001,17.888567123437365,9.169000148705857,0.4435754060049278,0.5039028525352478,0.0019354763207957149,0.00016636610962450504,0.0009258149075321853,0.0007625774596817791,True,238252032,511705088,0.05852680000003829,0.09085640000000694,0.09981379999999263,0.34536900000000514,0.5983911999999805,8.046658341549621,13.62983467052028,0.6784193515777588,-0.030855899676680565,0.03520695120096207,0.00016636610962450504,0.0019354763207957149
v64_seed1_equal_relu_control,64,train:00015021,3,3,1,2.458676815032959,0.8798937797546387,0.8689430952072144,0.709839940071106,0.0001,10.711805499294345,3.813236142719733,0.223871780502144,0.4813530147075653,0.0019149681320413947,0.00014157056284602731,0.0009336782968603075,0.0007896324968896806,True,238776320,511705088,0.05128750000000082,0.08721480000002657,0.10662999999999556,0.33467689999997674,0.5819867000000158,4.297655267010199,7.591039563266391,0.6783841848373413,-0.030842402949929237,0.035216886550188065,0.00014157056284602731,0.0019149681320413947
v64_seed1_equal_relu_control,65,train:00026578,2,2,1,2.389857053756714,0.9096410274505615,0.7532874345779419,0.7269286513328552,0.0001,27.339273872061888,8.17439951175764,0.4796574769030529,0.45880311727523804,0.0018874023808166385,0.00010965520777972415,0.0009335263748653233,0.0008051928016357124,True,238252032,511705088,0.04221430000001192,0.0864900999999918,0.12737170000002607,0.32306669999996984,0.5803988000000118,7.776025729907504,12.65648936160209,0.6783155798912048,-0.030835095793008804,0.035218410193920135,0.00010965520777972415,0.0018874023808166385
v64_seed1_equal_relu_control,66,train:00002642,3,3,0,0.09257645159959793,0.09257645159959793,0.0,0.0,0.0001,6.522654419160498,0.0,0.0,0.0,0.0018623993964865804,8.070703188423067e-05,0.0009333885391242802,0.0008193064713850617,True,238776320,511705088,0.030585000000030504,0.08221809999997731,0.10489830000000211,0.31375100000002476,0.5325745000000097,0.0,6.381261941460952,0.6782553195953369,-0.03082846850156784,0.035219792276620865,8.070703188423067e-05,0.0018623993964865804
v64_seed1_equal_relu_control,67,train:00030239,3,3,1,2.307119369506836,0.8716859221458435,0.7842820882797241,0.6511514186859131,0.0001,29.461743943889637,6.9352467489624905,0.30663216445651925,0.46921077370643616,0.001833259011618793,4.844358409172855e-05,0.0009280351223424077,0.000826469506137073,True,238252032,511705088,0.06374199999999064,0.09930939999998145,0.10847649999999476,0.3424181000000317,0.6159767999999985,7.302433525280475,11.694758165921616,0.6781681180000305,-0.03082665428519249,0.035214852541685104,4.844358409172855e-05,0.001833259011618793
v64_seed1_equal_relu_control,68,train:00003223,2,2,2,2.043095111846924,0.835004985332489,0.5426900386810303,0.6654000878334045,0.0001,46.11192076898016,19.053919780923465,0.972608531038911,0.4865568280220032,0.0018125607166439295,4.893360164714977e-05,0.0009284984553232789,0.000836565624922514,True,238776320,511705088,0.04180619999999635,0.09199690000002647,0.10924979999998641,0.36068319999998266,0.6051716999999712,16.18379935988661,26.000716120383135,0.6781155467033386,-0.03082221932709217,0.0352148711681366,4.893360164714977e-05,0.0018125607166439295
v64_seed1_equal_relu_control,69,train:00003188,2,2,1,2.496307849884033,0.9127312302589417,0.9718043208122253,0.6117722392082214,0.0001,36.20039411884372,25.127755572527587,1.0040691448397345,0.474414587020874,0.0017842570086941123,7.66588855185546e-05,0.0009211648139171302,0.0008438964141532779,True,238252032,511705088,0.0391716000000315,0.10370690000002014,0.11618799999996554,0.3068699000000379,0.5684909999999945,15.835728798882123,31.12928408764604,0.6780418753623962,-0.030820338055491447,0.03520650789141655,7.66588855185546e-05,0.0017842570086941123
v64_seed1_equal_relu_control,70,train:00005130,1,1,1,1.9025094509124756,0.7907783389091492,0.3243369460105896,0.787394106388092,0.0001,79.76224411496443,35.10450254565464,1.2329186773095069,0.48308759927749634,0.0017404841491952538,0.0001232019712915644,0.0008994219242595136,0.0008734495495446026,True,238776320,511705088,0.04125919999995631,0.08685609999997723,0.10827080000001388,0.34781359999999495,0.5851319999999873,26.59442917962396,45.621585424514684,0.6779361963272095,-0.030794354155659676,0.03520067408680916,0.0001232019712915644,0.0017404841491952538
v64_seed1_equal_relu_control,71,train:00024743,3,3,1,2.267775535583496,0.782586395740509,0.8198267221450806,0.6653622388839722,0.0001,12.570615910081225,5.565553412336216,0.329981632536795,0.46921077370643616,0.0016939222114160657,0.0001595755893504247,0.0008740666089579463,0.0008942422573454678,True,238252032,511705088,0.0403079999999818,0.10911759999999049,0.11348629999997684,0.30483710000004294,0.5688663000000247,5.41515770143205,9.437663432180122,0.6778178215026855,-0.030773790553212166,0.03520076721906662,0.0001595755893504247,0.0016939222114160657
v64_seed1_equal_relu_control,72,train:00017499,1,1,0,0.16014999151229858,0.16014999151229858,0.0,0.0,0.0001,12.135621478980061,0.0,0.0,0.0,0.001651714090257883,0.00019254806102253497,0.0008510821498930454,0.0009130907128565013,True,238776320,511705088,0.04810059999999794,0.08498859999997421,0.10381890000002159,0.31120939999999564,0.5496130000000221,0.0,11.748875132565008,0.6777153611183167,-0.03075515106320381,0.035200852900743484,0.00019254806102253497,0.001651714090257883
v64_seed1_equal_relu_control,73,train:00013309,1,1,0,0.15049676597118378,0.15049676597118378,0.0,0.0,0.0001,11.522850061679236,0.0,0.0,0.0,0.001613456173799932,0.00022243471175897866,0.0008302487549372017,0.0009301751852035522,True,238252032,511705088,0.04636840000000575,0.08262789999997722,0.11967170000002625,0.3048078999999575,0.5550220999999738,0.0,11.149220762264312,0.6776264309883118,-0.030738255009055138,0.035200927406549454,0.00022243471175897866,0.001613456173799932
v64_seed1_equal_relu_control,74,train:00003569,3,3,2,2.2319602966308594,0.8508167862892151,0.7061939239501953,0.6749497652053833,0.0001,16.357970710861732,8.231552128377782,0.5533213902051882,0.5047701597213745,0.0015842968132346869,0.0002594842226244509,0.0007992055034264922,0.0009357625967822969,True,238776320,511705088,0.0346494000000348,0.10286469999999781,0.11220140000000356,0.3254987999999912,0.5770312000000217,6.032313334987586,10.973185989084731,0.6775317788124084,-0.03072584792971611,0.035200998187065125,0.0002594842226244509,0.0015842968132346869
v64_seed1_equal_relu_control,75,train:00025628,2,2,0,0.12968192994594574,0.12968192994594574,0.0,0.0,0.0001,10.174585219790213,0.0,0.0,0.0,0.00155787100084126,0.00029306046781130135,0.0007710724603384733,0.0009408261976204813,True,238252032,511705088,0.04974699999996801,0.08969250000001239,0.10852479999999787,0.30430730000000494,0.555012999999974,0.0,9.953378579354734,0.6774492263793945,-0.030714605003595352,0.0352010615170002,0.00029306046781130135,0.00155787100084126
v64_seed1_equal_relu_control,76,train:00012602,2,2,0,0.09640767425298691,0.09640767425298691,0.0,0.0,0.0001,7.032243060687451,0.0,0.0,0.0,0.0015339246019721031,0.000323486456181854,0.0007455789600498974,0.0009454147075302899,True,238776320,511705088,0.04863180000000966,0.08642230000003792,0.1092618999999786,0.3295019000000252,0.5753313000000162,0.0,6.845756544491556,0.6773770451545715,-0.03070441633462906,0.035201117396354675,0.000323486456181854,0.0015339246019721031
v64_seed1_equal_relu_control,77,train:00023818,1,1,0,0.07952691614627838,0.07952691614627838,0.0,0.0,0.0001,5.924164519766666,0.0,0.0,0.0,0.0015122267650440335,0.0003510554670356214,0.0007224792498163879,0.000949572364334017,True,238252032,511705088,0.0459165999999982,0.08579189999994696,0.1031631000000175,0.3339146999999798,0.5699895999999853,0.0,5.744762625469446,0.6773137450218201,-0.03069518506526947,0.035201169550418854,0.0003510554670356214,0.0015122267650440335
v64_seed1_equal_relu_control,78,train:00014869,1,1,0,0.06356965750455856,0.06356965750455856,0.0,0.0,0.0001,4.516047705293453,0.0,0.0,0.0,0.0014925678260624409,0.00037603374221362174,0.0007015502778813243,0.000953339331317693,True,238776320,511705088,0.05325470000002497,0.09652900000003228,0.12070810000000165,0.32216099999999415,0.5913610000000062,0.0,4.429088765900316,0.6772581934928894,-0.030686819925904274,0.035201217979192734,0.00037603374221362174,0.0014925678260624409
v64_seed1_equal_relu_control,79,train:00034544,3,3,4,2.337075710296631,0.9643679261207581,0.6740658283233643,0.6986421346664429,0.0001,25.298855000558127,3.6893323064172407,0.22540456772709036,0.5741543769836426,0.0014764390652999282,0.00040306136361323297,0.0006848763441666961,0.0009613394504413009,True,238252032,511705088,0.04681959999999208,0.0875009000000091,0.10510679999998729,0.36210080000000744,0.6027995000000033,6.038339075792654,10.166505726240104,0.6772189140319824,-0.03067491389811039,0.03520125895738602,0.00040306136361323297,0.0014764390652999282
v64_seed1_equal_relu_control,80,train:00023243,3,3,1,2.237579584121704,0.8893181085586548,0.6642177104949951,0.6840437650680542,0.0001,21.280322435227333,13.419727780711973,0.8505994506386945,0.4813530147075653,0.0014452484901994467,0.0004150494060013443,0.0007017002208158374,0.0009558083256706595,True,238776320,511705088,0.04969030000000885,0.07919470000001638,0.1201518999999962,0.30231459999998833,0.5521951999999715,8.141177827884825,16.8021563407144,0.6771800518035889,-0.03067411109805107,0.035201296210289,0.0004150494060013443,0.0014452484901994467
v64_seed1_equal_relu_control,81,train:00004074,3,3,0,0.0358661450445652,0.0358661450445652,0.0,0.0,0.0001,2.3006970957152477,0.0,0.0,0.0,0.001416995539329946,0.0004259083652868867,0.0007169396267272532,0.0009507981594651937,True,238252032,511705088,0.04412800000000061,0.09639419999996335,0.10514470000003939,0.307826499999976,0.5549566999999911,0.0,2.2778109582215866,0.6771464347839355,-0.03067338466644287,0.03520132973790169,0.0004259083652868867,0.001416995539329946
v64_seed1_equal_relu_control,82,train:00009495,3,3,3,2.218048095703125,0.8380734324455261,0.6831692457199097,0.696805477142334,0.0001,22.54692368243999,9.713790257761884,0.530210430471194,0.5273200273513794,0.0014113676734268665,0.00042428667075000703,0.0007433954742737114,0.0009470700169913471,True,238776320,511705088,0.05760140000001002,0.08249159999996891,0.10306120000001329,0.342976799999974,0.5882583999999724,6.5361170520845295,14.373535283219178,0.6771429181098938,-0.030675269663333893,0.035201359540224075,0.00042428667075000703,0.0014113676734268665
v64_seed1_equal_relu_control,83,train:00017983,2,2,0,0.0303039513528347,0.0303039513528347,0.0,0.0,0.0001,1.9955584891057225,0.0,0.0,0.0,0.001406270544975996,0.0004228179168421775,0.0007673561340197921,0.0009436935069970787,True,238252032,511705088,0.052479100000027756,0.09772189999995362,0.11126410000002807,0.27628119999997125,0.5388504999999668,0.0,1.9536952873186357,0.6771407723426819,-0.030676977708935738,0.03520138934254646,0.0004228179168421775,0.001406270544975996
v64_seed1_equal_relu_control,84,train:00030224,3,3,1,2.423853874206543,0.890101969242096,0.9031988382339478,0.6305529475212097,0.0001,19.73566341594896,10.413569685612728,0.6160936289248072,0.4640069603919983,0.0014370335265994072,0.0004146475112065673,0.0007851017871871591,0.0009334952919743955,True,238776320,511705088,0.041316600000016024,0.08764409999997724,0.10950430000002598,0.3382387999999992,0.578697600000055,8.423686937799058,15.53179148448271,0.6771467924118042,-0.030682353302836418,0.03520141541957855,0.0004146475112065673,0.0014370335265994072
v64_seed1_equal_relu_control,85,train:00010516,2,2,0,0.0273188017308712,0.0273188017308712,0.0,0.0,0.0001,1.8154446111257112,0.0,0.0,0.0,0.0014648912474513054,0.00040724873542785645,0.0008011715253815055,0.0009242602391168475,True,238252032,511705088,0.044124699999997574,0.10749009999994996,0.11767970000005334,0.34889369999996234,0.6236974999999916,0.0,1.7922539191003817,0.6771535277366638,-0.03068722039461136,0.03520143777132034,0.00040724873542785645,0.0014648912474513054
v64_seed1_equal_relu_control,86,train:00009148,3,3,1,2.266009569168091,0.9577152729034424,0.6515440940856934,0.6567501425743103,0.0001,21.333363728603945,13.266057101287283,0.853020242358768,0.46660885214805603,0.001514272764325142,0.0003901530581060797,0.0007996043423190713,0.000934300129301846,True,238776320,511705088,0.035799199999985376,0.08499530000000277,0.11510730000003377,0.31370210000000043,0.5503285000000346,8.202580820255697,16.718626245577024,0.6771566271781921,-0.030685795471072197,0.035201460123062134,0.0003901530581060797,0.001514272764325142
v64_seed1_equal_relu_control,87,train:00027428,2,2,4,2.305375099182129,0.8784939646720886,0.7523353099822998,0.6745457053184509,0.0001,23.30476900465999,7.593700584950616,0.5362247482187152,0.5065047740936279,0.0015683083329349756,0.0003720099339261651,0.0008091392810456455,0.0009571873815730214,True,238252032,511705088,0.053269399999976486,0.1012438000000202,0.11486020000000963,0.3276012000000037,0.597670800000003,5.591358826429086,11.381262722045319,0.6771899461746216,-0.030675537884235382,0.035201478749513626,0.0003720099339261651,0.0015683083329349756
v64_seed1_equal_relu_control,88,train:00026158,2,2,0,0.02974395826458931,0.02974395826458931,0.0,0.0,0.0001,1.902627055312098,0.0,0.0,0.0,0.0016172309406101704,0.00035558355739340186,0.0008177720010280609,0.0009779089596122503,True,238776320,511705088,0.048984200000006695,0.09441199999997707,0.11364810000003445,0.3066085999999473,0.5660046999999508,0.0,1.8303813661143125,0.6772223114967346,-0.030666250735521317,0.03520149737596512,0.00035558355739340186,0.0016172309406101704
v64_seed1_equal_relu_control,89,train:00023593,3,3,1,2.463012218475342,1.0128509998321533,0.7633765935897827,0.686784565448761,0.0001,32.38017252388449,6.643197829969615,0.28878147510278945,0.5108413100242615,0.0016537263290956616,0.00033576952409930527,0.0008189752697944641,0.0009915835689753294,True,238252032,511705088,0.05195060000005469,0.0878458999999907,0.1166868999999906,0.33898950000002515,0.5957250000000158,7.136243430148871,12.312852768726707,0.6772058010101318,-0.030663706362247467,0.03520151227712631,0.00033576952409930527,0.0016537263290956616
v64_seed1_equal_relu_control,90,train:00001912,3,3,4,2.3202497959136963,0.8915916085243225,0.7709455490112305,0.6577126979827881,0.0001,16.266928544390556,11.38466692678078,0.6265225757781603,0.5351257920265198,0.0017032492905855179,0.0003067310026381165,0.0008302830974571407,0.000992428744211793,True,238776320,511705088,0.04252099999996517,0.09020350000002963,0.1111550999999622,0.315242000000012,0.5609627999999702,5.395804212884002,14.179823771513963,0.6772063374519348,-0.030673056840896606,0.035201527178287506,0.0003067310026381165,0.0017032492905855179
v64_seed1_equal_relu_control,91,train:00003402,3,3,0,0.03752613440155983,0.03752613440155983,0.0,0.0,0.0001,2.437534293489345,0.0,0.0,0.0,0.0017480779206380248,0.00028044506325386465,0.0008405190892517567,0.0009931938257068396,True,238252032,511705088,0.04879070000004049,0.09538109999999733,0.1039551000000074,0.3150127999999768,0.5655762999999752,0.0,2.35425117668875,0.6772087812423706,-0.03068152256309986,0.0352015383541584,0.00028044506325386465,0.0017480779206380248
v64_seed1_equal_relu_control,92,train:00027353,2,2,2,2.355193614959717,0.9845873117446899,0.7037860751152039,0.6668204069137573,0.0001,34.854064542539085,13.143662052693877,0.7983208238833231,0.4952298402786255,0.0017925025895237923,0.0002766155230347067,0.0008579416899010539,0.0009818854741752148,True,238776320,511705088,0.036218700000006265,0.09348579999999629,0.12067070000000513,0.3324451999999951,0.5852495999999974,9.502323627054587,17.351286095102306,0.6772360801696777,-0.030698241665959358,0.0352015495300293,0.0002766155230347067,0.0017925025895237923
v64_seed1_equal_relu_control,93,train:00012684,3,3,0,0.0426170751452446,0.0426170751452446,0.0,0.0,0.0001,2.7920972820136534,0.0,0.0,0.0,0.0018327113939449191,0.000273149402346462,0.0008737109019421041,0.0009716502390801907,True,238252032,511705088,0.03824050000002899,0.09219509999996944,0.13071000000002186,0.31590319999997973,0.579305799999986,0.0,2.705771560895242,0.6772621273994446,-0.03071337379515171,0.03520156070590019,0.000273149402346462,0.0018327113939449191
v64_seed1_equal_relu_control,94,train:00015582,1,1,1,2.110751152038574,0.8047219514846802,0.6426141858100891,0.6634149551391602,0.0001,26.92297793389053,12.494449687448792,0.7211803519869064,0.4726799726486206,0.0018963946495205164,0.0002591753436718136,0.0008762474753893912,0.0009512469405308366,True,238776320,511705088,0.05327390000002197,0.08953720000005205,0.11856960000000072,0.3217812999999978,0.5873131000000171,8.75570848424112,16.98656172176572,0.6772895455360413,-0.030731653794646263,0.03520157188177109,0.0002591753436718136,0.0018963946495205164
v64_seed1_equal_relu_control,95,train:00025548,2,2,1,2.254655361175537,0.8549946546554565,0.5178567171096802,0.8818041086196899,0.0001,28.994841268838744,16.74391978302427,0.857533848765825,0.4562012255191803,0.001938104978762567,0.00023167236940935254,0.0008997897384688258,0.0009175454033538699,True,238252032,511705088,0.03000579999996944,0.08669459999998708,0.11838360000001558,0.3244935999999825,0.562316600000031,12.680806158941573,24.61072160878853,0.6773035526275635,-0.030756399035453796,0.035201579332351685,0.00023167236940935254,0.001938104978762567
v64_seed1_equal_relu_control,96,train:00001852,2,2,1,2.242020845413208,0.9067495465278625,0.6565399169921875,0.6787314414978027,0.0001,28.26291480349003,15.582554105851713,1.0060865587871672,0.4631396532058716,0.0019569953437894583,0.00023081028484739363,0.0009412737563252449,0.0008773160516284406,True,238776320,511705088,0.04837839999999005,0.10765150000003132,0.1353802999999516,0.37937060000001566,0.6721413999999868,9.59199139199679,18.719523113747414,0.6773280501365662,-0.03078579157590866,0.03520158678293228,0.00023081028484739363,0.0019569953437894583
v64_seed1_equal_relu_control,97,train:00024108,2,2,1,1.830160140991211,0.8640622496604919,0.1762828826904297,0.7898148894309998,0.0001,33.95332769518853,25.532863538178724,1.5031792846821153,0.46747615933418274,0.0020036110654473305,0.0002567978226579726,0.0009533898555673659,0.0008159035933203995,True,238252032,511705088,0.043467800000030365,0.11936430000002929,0.11651130000001331,0.3240435999999818,0.6050051999999937,13.269402649958469,29.642370356175412,0.6773545742034912,-0.03083098866045475,0.03520159423351288,0.0002567978226579726,0.0020036110654473305
v64_seed1_equal_relu_control,98,train:00020192,3,3,0,0.08031381666660309,0.08031381666660309,0.0,0.0,0.0001,6.143264229372943,0.0,0.0,0.0,0.0020457913633435965,0.00028031275724060833,0.0009643531520850956,0.0007603343110531569,True,238776320,511705088,0.050474800000017694,0.09440749999998843,0.10655080000003636,0.31557229999998526,0.568411000000026,0.0,5.967591974942318,0.6773822903633118,-0.030871884897351265,0.035201601684093475,0.00028031275724060833,0.0020457913633435965
v64_seed1_equal_relu_control,99,train:00004996,2,2,11,2.4607818126678467,0.9006037712097168,0.8562175035476685,0.7039605975151062,0.0001,22.278754222769933,3.252073280660705,0.17868109514487826,0.5784909129142761,0.0020872619934380054,0.00030489731580018997,0.0009791787015274167,0.000707735656760633,True,238252032,511705088,0.04815880000001016,0.08850960000000896,0.12383899999997539,0.3165586999999732,0.578460199999995,2.4954052501643322,8.89518613068494,0.6774258017539978,-0.030910462141036987,0.035206638276576996,0.00030489731580018997,0.0020872619934380054
v64_seed1_equal_relu_control,100,train:00003203,2,2,2,2.0748231410980225,0.7751802206039429,0.5455915927886963,0.7540513277053833,0.0001,26.18541005573905,11.194559641063892,0.541673603939118,0.5134431719779968,0.00211172248236835,0.0003158722538501024,0.0009809215553104877,0.0006661509396508336,True,238776320,511705088,0.035842600000023594,0.11144430000001648,0.11315899999999601,0.3453931999999895,0.6080226999999923,9.373533233769852,16.593406633431762,0.6774094700813293,-0.03094104677438736,0.035204917192459106,0.0003158722538501024,0.00211172248236835
v64_seed1_equal_relu_control,101,train:00035264,1,1,1,2.4848365783691406,0.9555551409721375,0.8029626607894897,0.7263189554214478,0.0001,17.680361458650026,5.995920143004037,0.2826438500149897,0.47788378596305847,0.0021286539267748594,0.0003208061389159411,0.0009777998784556985,0.0006232843152247369,True,295289344,578813952,20.093589500000007,0.10859260000000859,0.1142174999999952,0.32266769999995404,0.5908313999999564,5.892550144005557,12.565838012939887,0.6773669123649597,-0.03097234107553959,0.03520161658525467,0.0003208061389159411,0.0021286539267748594
v64_seed1_equal_relu_control,102,train:00015226,3,3,0,0.12827005982398987,0.12827005982398987,0.0,0.0,0.0001,10.480888261046788,0.0,0.0,0.0,0.00214397138915956,0.00032526967697776854,0.0009749757591634989,0.0005845040432177484,True,296043008,578813952,0.055905800000005,0.08921440000000302,0.10746679999999742,0.32675240000003214,0.5808919000000401,0.0,10.35276176129357,0.6773297190666199,-0.03100065141916275,0.03520162031054497,0.00032526967697776854,0.00214397138915956
v64_seed1_equal_relu_control,103,train:00026498,2,2,1,2.374523162841797,0.9505668878555298,0.73638516664505,0.6875711679458618,0.0001,35.10056346762754,8.179085654199035,0.5511530957686,0.4952298402786255,0.0021481402218341827,0.0003194160817656666,0.0009636782924644649,0.0005391279701143503,True,295813632,578813952,0.03206199999999626,0.13022960000000694,0.1568841000000134,0.5041899999999941,0.824760700000013,7.38346128933842,11.984146158268421,0.677246630191803,-0.031031709164381027,0.035201624035835266,0.0003194160817656666,0.0021481402218341827
v64_seed1_equal_relu_control,104,train:00029468,3,3,2,2.2565720081329346,0.8337496519088745,0.7550516724586487,0.6677706241607666,0.0001,24.615720288628754,18.73177889639401,1.1642350474952532,0.5169124007225037,0.002141627948731184,0.0003036564157810062,0.0009622001089155674,0.0005303294747136533,True,296043008,578813952,0.05818470000002662,0.13732729999998128,0.11760220000002164,0.34522699999996576,0.6619430000000079,8.167234568944371,20.882296704414347,0.6771664619445801,-0.03104059211909771,0.035201627761125565,0.0003036564157810062,0.002141627948731184
v64_seed1_equal_relu_control,105,train:00001209,2,2,2,2.1165807247161865,0.7872231602668762,0.6261367797851562,0.703220784664154,0.0001,23.263010926419195,16.806016868175234,1.1315985134565312,0.5073720812797546,0.0021180291660130024,0.0003159725747536868,0.0009446185431443155,0.0005337822367437184,True,295813632,578813952,0.04003080000001091,0.09694459999997207,0.11928550000004634,0.32573469999999816,0.5836136000000351,9.013532960670936,19.83534428485617,0.6770789623260498,-0.031041990965604782,0.03520163148641586,0.0003159725747536868,0.0021180291660130024
v64_seed1_equal_relu_control,106,train:00027298,2,2,1,2.352724075317383,0.7971397638320923,0.851976215839386,0.7036081552505493,0.0001,13.228005108000904,5.077926776531945,0.39343162689772027,0.47701647877693176,0.002090625697746873,0.00032010581344366074,0.0009231684380210936,0.0005295855808071792,True,296043008,578813952,0.016541899999992893,0.10948789999997643,0.20090880000003608,2.108388199999979,2.436263100000019,4.218662553031917,7.41718337597728,0.676976203918457,-0.031046047806739807,0.03520163521170616,0.00032010581344366074,0.002090625697746873
v64_seed1_equal_relu_control,107,train:00003517,3,3,4,2.1684415340423584,0.7557690143585205,0.7344847917556763,0.6781877279281616,0.0001,22.72328742292513,15.522713723081578,1.2358278192869563,0.5281873345375061,0.00205810135230422,0.0003520663012750447,0.0009073392138816416,0.0005102919531054795,True,295813632,578813952,0.24012440000001334,1.48956000000004,1.215201699999966,3.129196000000036,6.069326100000012,7.583593776279245,18.54049148981688,0.6768870949745178,-0.031056642532348633,0.03520163893699646,0.0003520663012750447,0.00205810135230422
v64_seed1_equal_relu_control,108,train:00024348,3,3,5,2.3159677982330322,0.8042604327201843,0.8313589096069336,0.6803483366966248,0.0001,16.31097009616623,7.747168004079979,0.6555206951662279,0.541196882724762,0.002031864132732153,0.00039001458208076656,0.0008983013103716075,0.0005080930422991514,True,296043008,578813952,0.15453839999997854,1.0711365999999884,0.923448800000017,1.156220899999994,3.3246566999999914,4.80226536791825,10.54599693374227,0.6768404245376587,-0.031062554568052292,0.03520164266228676,0.00039001458208076656,0.002031864132732153
v64_seed1_equal_relu_control,109,train:00021858,2,2,5,2.3086094856262207,0.8041836023330688,0.8193122148513794,0.6851136684417725,0.0001,13.009928487103307,8.077564024763985,0.5597497698420333,0.5403295755386353,0.0020113878417760134,0.0004146886640228331,0.0008919066749513149,0.0005177459097467363,True,295813632,578813952,0.047505799999953524,0.12347130000000561,0.12268679999999677,0.3269824000000199,0.6224440999999956,3.6760661268708166,10.229450816269255,0.6767943501472473,-0.031060561537742615,0.03520164638757706,0.0004146886640228331,0.0020113878417760134
v64_seed1_equal_relu_control,110,train:00001816,3,3,0,0.19664998352527618,0.19664998352527618,0.0,0.0,0.0001,17.302827943539565,0.0,0.0,0.0,0.00199287012219429,0.00043700262904167175,0.0008861237438395619,0.0005264754872769117,True,296043008,578813952,0.047314499999970394,0.0886284000000046,0.11026759999998603,0.329356300000029,0.5766554000000497,0.0,16.842165210642875,0.6767537593841553,-0.03105875849723816,0.035201650112867355,0.00043700262904167175,0.00199287012219429
v64_seed1_equal_relu_control,111,train:00010379,3,3,5,2.1004364490509033,0.7495940923690796,0.6662378311157227,0.6846045851707458,0.0001,16.77582818216065,7.730097439089063,0.4287750575282377,0.5359930992126465,0.001968414755538106,0.00045360709191299975,0.0008937371312640607,0.0005430987803265452,True,295813632,578813952,0.03549489999994648,0.09980899999999338,0.1337032999999792,0.3287852000000271,0.5992069000000129,4.89728750742314,10.814395948251585,0.6767224073410034,-0.031047428026795387,0.035201650112867355,0.00045360709191299975,0.001968414755538106
v64_seed1_equal_relu_control,112,train:00024293,2,2,0,0.16905206441879272,0.16905206441879272,0.0,0.0,0.0001,13.28716161893973,0.0,0.0,0.0,0.0019463003845885396,0.0004686220781877637,0.000900621700566262,0.0005581307923421264,True,296043008,578813952,0.06568729999997913,0.09250839999998561,0.11098659999998972,0.3587153000000285,0.6280208000000016,0.0,13.064826762560784,0.6766951084136963,-0.031037181615829468,0.035201650112867355,0.0004686220781877637,0.0019463003845885396
v64_seed1_equal_relu_control,113,train:00021123,1,1,2,2.3182339668273926,0.9102228879928589,0.7240226864814758,0.6839882135391235,0.0001,35.8119698682708,9.802146572514385,0.6965785861020863,0.5039028525352478,0.0019291602075099945,0.0004941226216033101,0.0009211422875523567,0.0005844083498232067,True,295813632,578813952,0.036667399999998906,0.10937200000000757,0.11244179999999915,0.3257620999999631,0.5858908000000156,8.932442521865722,14.059741470728666,0.6767142415046692,-0.031021470203995705,0.035201650112867355,0.0004941226216033101,0.0019291602075099945
v64_seed1_equal_relu_control,114,train:00016549,1,1,0,0.15199540555477142,0.15199540555477142,0.0,0.0,0.0001,12.109597356951266,0.0,0.0,0.0,0.0019136619521304965,0.0005171803059056401,0.0009396970854140818,0.0006081686005927622,True,296043008,578813952,0.049910899999986214,0.08667150000002266,0.1235257999999817,0.31890499999997246,0.5809910999999488,0.0,11.969531503824184,0.6767327785491943,-0.03100726380944252,0.035201650112867355,0.0005171803059056401,0.0019136619521304965
v64_seed1_equal_relu_control,115,train:00011499,3,3,3,2.1741788387298584,0.7874600887298584,0.7028146982192993,0.6839041113853455,0.0001,23.481395547429905,7.846667818062802,0.5895880145368323,0.5125759243965149,0.00189769989810884,0.000525045907124877,0.0009563108324073255,0.0006388428155332804,True,295813632,578813952,0.0297034000000167,0.09383170000000973,0.11849269999999024,0.3410444000000439,0.5843293000000358,4.808549111657936,10.600917865268826,0.6767286062240601,-0.03099144995212555,0.035201650112867355,0.000525045907124877,0.00189769989810884
v64_seed1_equal_relu_control,116,train:00012547,3,3,0,0.10601457208395004,0.10601457208395004,0.0,0.0,0.0001,7.657914682114823,0.0,0.0,0.0,0.0018832680070772767,0.0005321574863046408,0.0009713319013826549,0.000666576437652111,True,296043008,578813952,0.04123599999996941,0.09888200000000325,0.11808480000001964,0.3380381999999713,0.5979275999999913,0.0,7.545978866928013,0.6767259240150452,-0.030977152287960052,0.035201650112867355,0.0005321574863046408,0.0018832680070772767
v64_seed1_equal_relu_control,117,train:00033311,3,3,2,2.1590278148651123,0.8034008145332336,0.6672694683074951,0.6883575916290283,0.0001,15.350463563393728,8.316058290061079,0.633927512764026,0.5065047740936279,0.0018553449772298336,0.0005280919140204787,0.0009712257888168097,0.0007017841562628746,True,295813632,578813952,0.04382950000001529,0.10350870000002033,0.13132459999997081,0.339759000000015,0.6189115999999899,6.138309942850276,11.165657154002828,0.6766818165779114,-0.030961547046899796,0.035201650112867355,0.0005280919140204787,0.0018553449772298336
v64_seed1_equal_relu_control,118,train:00031018,2,2,2,2.1760222911834717,0.794924259185791,0.6978000402450562,0.6832980513572693,0.0001,17.488419224080975,8.503805295663334,0.48173196451850864,0.524718165397644,0.0018198865000158548,0.0005177748389542103,0.0009617753094062209,0.0007430744590237737,True,296043008,578813952,0.04653419999999642,0.08990000000000009,0.1183486000000471,0.30872479999999314,0.5657324000000017,5.585529330882776,11.457950229609345,0.6766083836555481,-0.030942505225539207,0.035201650112867355,0.0005177748389542103,0.0018198865000158548
v64_seed1_equal_relu_control,119,train:00020238,3,3,1,2.1242122650146484,0.7707886695861816,0.6804444789886475,0.6729792356491089,0.0001,17.228244221285284,11.162851746239808,0.8123999283272492,0.4735472798347473,0.0018244615057483315,0.0004986855201423168,0.000940874102525413,0.0007697751861996949,True,295813632,578813952,0.0415646999999808,0.09808590000000095,0.12006930000001148,0.3315369999999689,0.5928442000000018,7.323921696286747,14.44689739121947,0.6765475869178772,-0.030930200591683388,0.035201650112867355,0.0004986855201423168,0.0018244615057483315
v64_seed1_equal_relu_control,120,train:00017586,2,2,0,0.08241629600524902,0.08241629600524902,0.0,0.0,0.0001,5.850827970396672,0.0,0.0,0.0,0.001828597392886877,0.00048142869491130114,0.0009219793137162924,0.0007939127390272915,True,296043008,578813952,0.056064400000025216,0.10782080000001315,0.11935379999999896,0.3269812999999999,0.6125238000000195,0.0,5.744025754177634,0.6764939427375793,-0.03091907687485218,0.035201650112867355,0.00048142869491130114,0.001828597392886877
v64_seed1_equal_relu_control,121,train:00026178,2,2,0,0.07778329402208328,0.07778329402208328,0.0,0.0,0.0001,5.506975400647779,0.0,0.0,0.0,0.001832336070947349,0.00046582898357883096,0.0009048989159055054,0.000815732404589653,True,295813632,578813952,0.03292169999997441,0.1027751999999964,0.11147379999999885,0.32652930000000424,0.5738264000000299,0.0,5.364343521545102,0.6764464974403381,-0.030909020453691483,0.035201650112867355,0.00046582898357883096,0.001832336070947349
v64_seed1_equal_relu_control,122,train:00004320,3,3,4,2.321307897567749,0.818771243095398,0.83058100938797,0.6719555854797363,0.0001,17.07240696004004,6.2814305537225055,0.4943546047988861,0.5177797079086304,0.0018431161297485232,0.000451877829618752,0.0009017999400384724,0.0008231446845456958,True,296043008,578813952,0.051531299999965086,0.09599620000000186,0.12548209999999926,0.3203543000000195,0.5945929000000092,3.587487298913656,9.282025232075688,0.6764145493507385,-0.030904555693268776,0.035201650112867355,0.000451877829618752,0.0018431161297485232
v64_seed1_equal_relu_control,123,train:00016208,2,2,1,2.2820475101470947,0.9263980388641357,0.6801344156265259,0.6755151152610779,0.0001,34.00924366367311,9.870789580237021,0.39965201624525487,0.516045093536377,0.0018441422143951058,0.0004327382193878293,0.000890770519617945,0.0008228953811340034,True,295813632,578813952,0.06288299999999936,0.09640710000002173,0.12253889999999501,0.3355203999999503,0.6190180999999484,8.725463404719465,14.316766889326646,0.6763365268707275,-0.030909085646271706,0.035201650112867355,0.0004327382193878293,0.0018441422143951058
v64_seed1_equal_relu_control,124,train:00025178,1,1,0,0.06802096217870712,0.06802096217870712,0.0,0.0,0.0001,4.8010663547950365,0.0,0.0,0.0,0.001845069695264101,0.00041543826228007674,0.0008808012353256345,0.0008226700592786074,True,296043008,578813952,0.04177110000000539,0.09072859999997718,0.11556310000003123,0.3453379999999697,0.5949291000000017,0.0,4.766019371357668,0.676267147064209,-0.030913179740309715,0.035201650112867355,0.00041543826228007674,0.001845069695264101
v64_seed1_equal_relu_control,125,train:00001603,3,3,2,2.0830931663513184,0.8071026802062988,0.5986506938934326,0.6773396730422974,0.0001,24.24497281846771,15.094954329101935,1.1891073515238042,0.5013009905815125,0.0018519929144531488,0.00042759417556226254,0.0008785117533989251,0.0008066272712312639,True,295813632,578813952,0.051423300000010386,0.0952893000000472,0.11702269999994996,0.3234214000000293,0.5876003000000196,7.995784933151778,18.003771002300716,0.6762246489524841,-0.030922211706638336,0.03520771861076355,0.00042759417556226254,0.0018519929144531488
v64_seed1_equal_relu_control,126,train:00027658,3,3,0,0.0615619421005249,0.0615619421005249,0.0,0.0,0.0001,4.172693653760043,0.0,0.0,0.0,0.0018582502380013466,0.0004385809588711709,0.0008764424710534513,0.0007921274518594146,True,296043008,578813952,0.05326020000001108,0.10347989999996798,0.11113779999999451,0.32638000000002876,0.5959627999999952,0.0,4.109979652573031,0.6761870384216309,-0.030930375680327415,0.035213202238082886,0.0004385809588711709,0.0018582502380013466
v64_seed1_equal_relu_control,127,train:00000991,3,3,1,2.1918768882751465,0.9064381718635559,0.5874745845794678,0.697964072227478,0.0001,25.239336479969136,16.601119807571045,1.3289321110023298,0.4943625330924988,0.0018439657287672162,0.0004342467291280627,0.0008557573310099542,0.0008104044245555997,True,295813632,578813952,0.049061099999960334,0.10453219999999419,0.11580220000001873,0.32785200000000714,0.5992415000000051,8.33662422830218,18.857655576725477,0.6761192679405212,-0.03092288039624691,0.03521816059947014,0.0004342467291280627,0.0018439657287672162
v64_seed1_equal_relu_control,128,train:00009989,2,2,1,2.1570839881896973,0.8070719838142395,0.6339746713638306,0.7160372734069824,0.0001,22.14534636905927,9.838858718263086,0.8333761843556571,0.49089333415031433,0.00181370519567281,0.0004169617604929954,0.0008206273196265101,0.0008127736509777606,True,296043008,578813952,0.0538518000000181,0.09413729999999987,0.1157837000000086,0.34598420000003216,0.6115262000000143,8.806357574567267,14.30707108318659,0.6759955286979675,-0.030920304358005524,0.035175006836652756,0.0004169617604929954,0.00181370519567281
v64_seed1_equal_relu_control,129,train:00010052,3,3,1,2.0106778144836426,0.8213009834289551,0.4755990505218506,0.7137776613235474,0.0001,22.94655592279074,18.144637562464073,1.5433127768546089,0.48395490646362305,0.0017642062157392502,0.00042893990757875144,0.0008211794774979353,0.0007911418797448277,True,295813632,578813952,0.05037529999998469,0.09221510000003263,0.12280199999997876,0.33475190000001476,0.6019249999999943,10.507361604713264,21.64928216855925,0.675896942615509,-0.030926469713449478,0.03513600677251816,0.00042893990757875144,0.0017642062157392502
v64_seed1_equal_relu_control,130,train:00015662,2,2,0,0.06155088171362877,0.06155088171362877,0.0,0.0,0.0001,4.316838452830835,0.0,0.0,0.0,0.0017194733954966068,0.0004397646989673376,0.0008216784917749465,0.0007715929532423615,True,296043008,578813952,0.05006980000001704,0.1017640999999685,0.06730150000004187,0.21001539999997476,0.4321223999999688,0.0,4.258206718202423,0.6758096218109131,-0.030932040885090828,0.03510076180100441,0.0004397646989673376,0.0017194733954966068
v64_seed1_equal_relu_control,131,train:00006289,2,2,3,2.27480411529541,0.7999786138534546,0.7753283381462097,0.6994971036911011,0.0001,15.663104420660048,6.043585296439414,0.5620938456792749,0.5221162438392639,0.0016930365236476064,0.0004584937705658376,0.0008291322737932205,0.0007634509238414466,True,295813632,578813952,0.032401999999990494,0.04757470000004105,0.06041039999996656,0.18156220000003032,0.3222170000000233,5.14042182146431,9.91259493528355,0.6757621765136719,-0.030936693772673607,0.035072583705186844,0.0004584937705658376,0.0016930365236476064
v64_seed1_equal_relu_control,132,train:00008788,3,3,1,2.260812997817993,0.8279281854629517,0.7522208094596863,0.6806640028953552,0.0001,18.269181521642828,11.921298739942703,1.1082162610098536,0.49349522590637207,0.001656910520978272,0.0004598069644998759,0.0008707341039553285,0.0007399152964353561,True,296043008,578813952,0.035476299999970706,0.043850099999986014,0.05198630000001003,0.17920619999995324,0.3108387999999991,6.9608372037223125,14.325709828898852,0.675709068775177,-0.030946603044867516,0.03497818857431412,0.0004598069644998759,0.001656910520978272
v64_seed1_equal_relu_control,133,train:00004019,3,3,2,2.1650655269622803,0.8927695751190186,0.5717266798019409,0.7005692720413208,0.0001,22.263982262673927,8.161262560662813,0.6410658349976451,0.5091066956520081,0.0016274062218144536,0.0004602148837875575,0.0009128405945375562,0.0007357016438618302,True,295813632,578813952,0.04509400000000596,0.04728899999997793,0.052616900000032274,0.20181509999997616,0.34839970000001586,4.975822298360765,10.608976046958265,0.6756786108016968,-0.030946483835577965,0.03500169515609741,0.0004602148837875575,0.0016274062218144536
v64_seed1_equal_relu_control,134,train:00013170,1,1,0,0.07496321201324463,0.07496321201324463,0.0,0.0,0.0001,5.627357442158636,0.0,0.0,0.0,0.0016007459489628673,0.000460583483800292,0.0009508883813396096,0.0007318941643461585,True,296043008,578813952,0.03298180000001594,0.05047899999999572,0.05661920000000009,0.1659065000000055,0.3067050000000222,0.0,5.440269095233342,0.6756524443626404,-0.03094637580215931,0.035022933036088943,0.000460583483800292,0.0016007459489628673
v64_seed1_equal_relu_control,135,train:00014844,1,1,0,0.0813131034374237,0.0813131034374237,0.0,0.0,0.0001,6.258994617752013,0.0,0.0,0.0,0.0015766561264172196,0.0004609165480360389,0.0009852676885202527,0.0007284537423402071,True,295813632,578813952,0.04357310000000325,0.04835230000003321,0.05246080000000575,0.16750959999995985,0.3112562999999682,0.0,6.051967233746482,0.6756299138069153,-0.0309462770819664,0.03504212573170662,0.0004609165480360389,0.0015766561264172196
v64_seed1_equal_relu_control,136,train:00025598,2,2,3,2.2142066955566406,0.6961321830749512,0.8463430404663086,0.6717313528060913,0.0001,16.255216887353402,9.072182851278214,0.777570004455988,0.5290546417236328,0.0015622853534296155,0.00044547131983563304,0.0010235934751108289,0.0007371050305664539,True,296043008,578813952,0.03213220000003503,0.050415799999996125,0.07019040000000132,0.1918966999999725,0.3448714999999538,4.801964008120842,13.27053753509001,0.6756209135055542,-0.030938846990466118,0.03506597504019737,0.00044547131983563304,0.0015622853534296155
v64_seed1_equal_relu_control,137,train:00014156,1,1,2,2.1358938217163086,0.7633379101753235,0.6984637379646301,0.6740920543670654,0.0001,21.070453573335925,11.216960618502014,1.0904882143601262,0.5134431719779968,0.001573925488628447,0.0004491755389608443,0.001064884476363659,0.0007256061653606594,True,295813632,578813952,0.03945740000000342,0.049194799999952465,0.05417460000001029,0.1705883000000199,0.3124119999999948,6.118158166914428,14.108477444866056,0.6756450533866882,-0.030935777351260185,0.035092003643512726,0.0004491755389608443,0.001573925488628447
v64_seed1_equal_relu_control,138,train:00025413,2,2,0,0.09812082350254059,0.09812082350254059,0.0,0.0,0.0001,8.366983889226672,0.0,0.0,0.0,0.0015844424488022923,0.00045252233394421637,0.001102191279642284,0.0007152167963795364,True,296043008,578813952,0.041366900000014084,0.05384600000002138,0.058279199999958564,0.15976840000001857,0.31454990000003136,0.0,8.124168981791836,0.6756680607795715,-0.03093300387263298,0.035115521401166916,0.00045252233394421637,0.0015844424488022923
v64_seed1_equal_relu_control,139,train:00032891,2,2,0,0.09014545381069183,0.09014545381069183,0.0,0.0,0.0001,7.224772429668495,0.0,0.0,0.0,0.0015939443837851286,0.0004555461055133492,0.0011358974734321237,0.0007058301707729697,True,295813632,578813952,0.06028720000000476,0.04777140000004465,0.05516829999999118,0.18233179999998583,0.3476511000000073,0.0,7.114226535017007,0.6756898760795593,-0.030930498614907265,0.035136766731739044,0.0004555461055133492,0.0015939443837851286
v64_seed1_equal_relu_control,140,train:00025833,2,2,0,0.07889087498188019,0.07889087498188019,0.0,0.0,0.0001,6.091102583267429,0.0,0.0,0.0,0.0016025290824472904,0.0004582779947668314,0.0011663497425615788,0.0006973497220315039,True,296043008,578813952,0.03619859999997743,0.04877969999995457,0.05807150000003958,0.18729830000000902,0.33217390000004343,0.0,5.97446612681195,0.6757103800773621,-0.03092823550105095,0.03515596315264702,0.0004582779947668314,0.0016025290824472904
v64_seed1_equal_relu_control,141,train:00008015,2,2,1,1.9267983436584473,0.7810108065605164,0.423939049243927,0.7218485474586487,0.0001,23.22032243009764,18.42675713003522,1.5932070570678782,0.4735472798347473,0.0016426087822765112,0.00043760272092185915,0.0011717560701072216,0.00071856623981148,True,295813632,578813952,0.06615469999997003,0.04748559999995905,0.05381980000004205,0.17789619999996376,0.3471306999999797,9.781071256124084,21.255499408608003,0.6757361888885498,-0.030922317877411842,0.03515780344605446,0.00043760272092185915,0.0016426087822765112
v64_seed1_equal_relu_control,142,train:00020112,3,3,1,2.078678607940674,0.8342769145965576,0.5692424774169922,0.6751592755317688,0.0001,25.442418394594085,18.194526618974034,1.592384929648916,0.4900260269641876,0.0017128746258094907,0.0004025257658213377,0.0011564429150894284,0.0007680195849388838,True,296043008,578813952,0.03481780000004164,0.05214200000000346,0.05341979999997193,0.1679334000000381,0.30913500000002614,11.165153081069835,21.63821707703831,0.675777792930603,-0.030904322862625122,0.03514428436756134,0.0004025257658213377,0.0017128746258094907
v64_seed1_equal_relu_control,143,train:00003285,2,2,0,0.07114645838737488,0.07114645838737488,0.0,0.0,0.0001,5.7615560044029195,0.0,0.0,0.0,0.0017763524083420634,0.0003708374279085547,0.00114260904956609,0.0008126954780891538,True,295813632,578813952,0.03687889999997651,0.0515067999999701,0.05210620000002564,0.18964399999998705,0.33274089999997614,0.0,5.590087026418223,0.6758190393447876,-0.030888065695762634,0.03513207286596298,0.0003708374279085547,0.0017763524083420634
v64_seed1_equal_relu_control,144,train:00013789,3,3,0,0.06467369198799133,0.06467369198799133,0.0,0.0,0.0001,5.296577057310914,0.0,0.0,0.0,0.0018336965003982186,0.0003422110457904637,0.0011301119811832905,0.0008530544582754374,True,296043008,578813952,0.047696400000006633,0.04320859999995719,0.05194660000000795,0.16667119999999613,0.31020580000000564,0.0,5.196615256107272,0.6758593320846558,-0.030873378738760948,0.035121042281389236,0.0003422110457904637,0.0018336965003982186
v64_seed1_equal_relu_control,145,train:00005751,3,3,9,2.4760124683380127,0.8191352486610413,0.9741769433021545,0.6827002763748169,0.0001,11.573492598858389,1.459333515386256,0.10040622914906465,0.5195143222808838,0.0018877631518989801,0.0003183016669936478,0.001121032633818686,0.0008888090960681438,True,295813632,578813952,0.05000480000001062,0.05208460000000059,0.05686789999998609,0.17969890000000532,0.3393800999999712,1.0250442066069811,7.218613742535187,0.6759055256843567,-0.03086053766310215,0.03511323034763336,0.0003183016669936478,0.0018877631518989801
v64_seed1_equal_relu_control,146,train:00028911,2,2,0,0.05076930299401283,0.05076930299401283,0.0,0.0,0.0001,3.9067598983235454,0.0,0.0,0.0,0.0019366031046956778,0.00029670362710021436,0.0011128309415653348,0.0009211073047481477,True,296043008,578813952,0.05340000000001055,0.05207359999997152,0.05672480000004043,0.18017240000000356,0.3439917000000037,0.0,3.8542951476085685,0.6759492754936218,-0.03084893710911274,0.035106174647808075,0.00029670362710021436,0.0019366031046956778
v64_seed1_equal_relu_control,147,train:00004064,3,3,0,0.048271987587213516,0.048271987587213516,0.0,0.0,0.0001,3.8823553372018726,0.0,0.0,0.0,0.0019807207863777876,0.00027719393256120384,0.0011054222704842687,0.0009502825560048223,True,295813632,578813952,0.03547919999999749,0.043948100000022805,0.05438329999998359,0.167866599999968,0.3020550999999614,0.0,3.799098252277594,0.6759904623031616,-0.030838457867503166,0.03509980067610741,0.00027719393256120384,0.0019807207863777876
v64_seed1_equal_relu_control,148,train:00017410,1,1,1,2.278475522994995,0.8704071044921875,0.739643931388855,0.6684244871139526,0.0001,16.93989033813381,13.544645764905463,1.0960746498451122,0.5030355453491211,0.002042879816144705,0.00028200887027196586,0.0010848334059119225,0.0009655719622969627,True,296043008,578813952,0.04198410000003605,0.04922440000001416,0.052301799999952436,0.18236840000002985,0.3267184000000043,6.580362926187301,16.02360352008571,0.6760457158088684,-0.030833400785923004,0.035083189606666565,0.00028200887027196586,0.002042879816144705
v64_seed1_equal_relu_control,149,train:00015524,3,3,0,0.035194288939237595,0.035194288939237595,0.0,0.0,0.0001,2.7077331530412403,0.0,0.0,0.0,0.002099025994539261,0.0002863580302800983,0.0010662361746653914,0.000979382311925292,True,295813632,578813952,0.04552119999999604,0.04221730000000434,0.05320710000000872,0.18432020000000193,0.32443310000002157,0.0,2.6602609885562245,0.6760976910591125,-0.03082883358001709,0.03506818413734436,0.0002863580302800983,0.002099025994539261
v64_seed1_equal_relu_control,150,train:00020334,3,3,2,2.2364182472229004,0.8484059572219849,0.5869909524917603,0.8010212779045105,0.0001,24.555695088201407,12.019333645638886,0.7577066121888716,0.4943625330924988,0.0021364097483456135,0.0002781599760055542,0.0010367365321144462,0.0009794809157028794,True,296043008,578813952,0.055282099999999446,0.0491380999999933,0.054110700000023826,0.17742879999997285,0.33705829999996695,8.2804597785376,17.821557522661536,0.676085889339447,-0.03083273582160473,0.0350431390106678,0.0002781599760055542,0.0021364097483456135
v64_seed1_equal_relu_control,151,train:00032470,3,3,2,2.2784957885742188,0.8522859811782837,0.7343213558197021,0.6918883323669434,0.0001,18.600149193302794,14.105624457925034,1.0658775260383553,0.5091066956520081,0.0021797572262585163,0.00029000642825849354,0.0010310380021110177,0.000964098668191582,True,238170112,511705088,7.190189500000031,0.11762029999999868,0.11148400000001857,0.28792479999998477,0.5856021999999825,6.817133644916237,16.93483876958355,0.676117479801178,-0.030840042978525162,0.03503847122192383,0.00029000642825849354,0.0021797572262585163
v64_seed1_equal_relu_control,152,train:00016579,1,1,1,2.317318916320801,0.9003499150276184,0.7512258291244507,0.6657429933547974,0.0001,31.263790054726023,17.315784659918116,1.0261905747711826,0.4969644546508789,0.0022098447661846876,0.00032411186839453876,0.0010172061156481504,0.0009431522339582443,True,238170112,511705088,0.05924040000002151,0.08977169999997159,0.08669190000000526,0.2865770000000225,0.5220850000000041,7.761549974965917,19.851336691539387,0.6761322617530823,-0.030850989744067192,0.03502550721168518,0.00032411186839453876,0.0022098447661846876
v64_seed1_equal_relu_control,153,train:00024053,2,2,1,1.9587041139602661,0.8384334444999695,0.3447423577308655,0.7755283117294312,0.0001,26.72620636754634,18.001932699358466,1.2821496911342134,0.49089333415031433,0.0022150883451104164,0.00037631436134688556,0.0010281667346134782,0.0009070353116840124,True,238170112,511705088,0.043682300000000396,0.0803241000000412,0.09574959999997645,0.2707437999999911,0.4926236000000017,8.487994999054806,21.72395325505038,0.6761463284492493,-0.030864760279655457,0.035035911947488785,0.00037631436134688556,0.0022150883451104164
v64_seed1_equal_relu_control,154,train:00022558,2,2,0,0.04096515476703644,0.04096515476703644,0.0,0.0,0.0001,2.893069350785121,0.0,0.0,0.0,0.002219824120402336,0.00042346198461018503,0.0010380661115050316,0.0008744156220927835,True,238170112,511705088,0.04773310000001629,0.061270299999989675,0.06077260000000706,0.212868799999967,0.3801707999999735,0.0,2.877518242458343,0.6761617064476013,-0.03087719902396202,0.035045307129621506,0.00042346198461018503,0.002219824120402336
v64_seed1_equal_relu_control,155,train:00021018,2,2,0,0.053316205739974976,0.053316205739974976,0.0,0.0,0.0001,4.641911309962815,0.0,0.0,0.0,0.0022241012193262577,0.0004660433332901448,0.0010470066918060184,0.0008449552115052938,True,238170112,511705088,0.03173710000004348,0.0569166000000223,0.06683160000000044,0.24314869999994926,0.3984153999999762,0.0,4.5323649052138855,0.6761777997016907,-0.030888432636857033,0.0350537933409214,0.0004660433332901448,0.0022241012193262577
v64_seed1_equal_relu_control,156,train:00020743,3,3,1,2.4261558055877686,0.8548116087913513,0.8828526735305786,0.6884915232658386,0.0001,20.33585289228687,3.422400035080888,0.20324917948097068,0.48482221364974976,0.002224286086857319,0.000501379428897053,0.0010515159228816628,0.0008151045767590404,True,238170112,511705088,0.0523188000000232,0.07476129999997738,0.07766140000001087,0.2413447000000133,0.44741959999998926,2.4872883719616117,6.716167703333955,0.6761766076087952,-0.030901143327355385,0.03505786880850792,0.000501379428897053,0.002224286086857319
v64_seed1_equal_relu_control,157,train:00023693,3,3,2,2.530656337738037,1.1714109182357788,0.68500816822052,0.6742372512817383,0.0001,25.078539185125475,8.858279644444709,0.5822384454307457,0.5195143222808838,0.002213427098467946,0.0005422428366728127,0.0010448870016261935,0.0007793010445311666,True,238170112,511705088,0.05131180000000768,0.06160180000000537,0.06370009999994863,0.17282990000001064,0.34976890000001504,4.101638698806318,11.21278340918839,0.6761481761932373,-0.03091769479215145,0.035050585865974426,0.0005422428366728127,0.002213427098467946
v64_seed1_equal_relu_control,158,train:00005554,3,3,3,2.6390273571014404,1.2212638854980469,0.7128183245658875,0.7049450278282166,0.0001,16.76082328166502,11.050244255108476,0.625257160567193,0.5082393884658813,0.00221253396011889,0.0005668812664225698,0.0010475299786776304,0.0007549168658442795,True,238170112,511705088,0.046919199999990724,0.04745059999999057,0.05380289999999377,0.17280529999999317,0.32200109999996585,4.808618383645859,13.384792815539367,0.6761424541473389,-0.030926810577511787,0.035053662955760956,0.0005668812664225698,0.00221253396011889
v64_seed1_equal_relu_control,159,train:00029918,3,3,1,1.991908073425293,0.8115713596343994,0.47390639781951904,0.7064303159713745,0.0001,24.350116647454872,14.948277057183752,1.0583889851128458,0.4882914125919342,0.0021940707229077816,0.0005737253814004362,0.0010747864143922925,0.0007171067991293967,True,238170112,511705088,0.03894860000002609,0.04643839999999955,0.05325270000003002,0.19438700000000608,0.33432760000005146,7.012467796696605,17.124305566346774,0.676114022731781,-0.030940301716327667,0.035079292953014374,0.0005737253814004362,0.0021940707229077816
v64_seed1_equal_relu_control,160,train:00007150,3,3,6,2.5382742881774902,1.0782482624053955,0.792054295539856,0.6679716110229492,0.0001,34.54454050003206,3.062742824452139,0.10014405055069714,0.5906331539154053,0.002179841510951519,0.0005812071030959487,0.0011007909197360277,0.000684675935190171,True,238170112,511705088,0.0467286999999601,0.042981600000018716,0.05672870000000785,0.18161010000000033,0.3290291999999795,2.9535867767711146,7.889035242416771,0.6760903000831604,-0.030946092680096626,0.0351032055914402,0.0005812071030959487,0.002179841510951519
v64_seed1_equal_relu_control,161,train:00009476,3,3,12,2.747523307800293,1.1701571941375732,0.8856942057609558,0.6916717290878296,0.0001,14.143516608689216,2.689703507243592,0.15910972766472214,0.6348655819892883,0.0021719683427363634,0.0005850706365890801,0.0011251845862716436,0.0006567409727722406,True,238170112,511705088,0.040181700000005094,0.059027899999989586,0.06528280000003406,0.23578479999997626,0.40022809999999254,1.564374181387108,8.605607017497405,0.6760765910148621,-0.030949249863624573,0.03512585163116455,0.0005850706365890801,0.0021719683427363634
v64_seed1_equal_relu_control,162,train:00021643,2,2,6,2.4907493591308594,0.89105623960495,0.9073702096939087,0.6923229098320007,0.0001,17.712323195908645,2.4039556667177333,0.19115824698723186,0.5325238704681396,0.002168371807783842,0.000591481220908463,0.0011505732545629144,0.0006345903384499252,True,238170112,511705088,0.05858270000004495,0.08029519999996637,0.0857344000000353,0.29123970000000554,0.5163650000000075,1.6008633833006416,5.741718765758557,0.6760807037353516,-0.030951397493481636,0.035149455070495605,0.000591481220908463,0.002168371807783842
v64_seed1_equal_relu_control,163,train:00016350,1,1,0,0.07827915996313095,0.07827915996313095,0.0,0.0,0.0001,5.95368674090014,0.0,0.0,0.0,0.0021651240531355143,0.0005972699727863073,0.00117349938955158,0.0006145882070995867,True,238170112,511705088,0.05352429999999231,0.08922710000001643,0.07785059999997657,0.2977915999999823,0.5206475999999611,0.0,5.864365269565545,0.6760852932929993,-0.030953336507081985,0.035170767456293106,0.0005972699727863073,0.0021651240531355143
v64_seed1_equal_relu_control,164,train:00025743,2,2,0,0.07381868362426758,0.07381868362426758,0.0,0.0,0.0001,5.464989136015519,0.0,0.0,0.0,0.0021621915511786938,0.0006024971953593194,0.001194201409816742,0.0005965264863334596,True,238170112,511705088,0.04757829999999785,0.08474860000001172,0.09082719999997835,0.2760492000000454,0.49986480000001166,0.0,5.39269709237429,0.6760902404785156,-0.030955087393522263,0.03519001230597496,0.0005965264863334596,0.0021621915511786938
v64_seed1_equal_relu_control,165,train:00031603,3,3,0,0.07613788545131683,0.07613788545131683,0.0,0.0,0.0001,5.799735907992082,0.0,0.0,0.0,0.0021595435682684183,0.0006072171963751316,0.001212894800119102,0.0005802172818221152,True,238170112,511705088,0.04048169999998663,0.08853519999996706,0.07737550000001647,0.28153300000002446,0.4886542000000418,0.0,5.641070342052659,0.676095187664032,-0.03095666877925396,0.035207390785217285,0.0005802172818221152,0.0021595435682684183
v64_seed1_equal_relu_control,166,train:00002637,3,3,1,2.402066707611084,0.9692310690879822,0.7581115961074829,0.6747240424156189,0.0001,17.523801000343845,12.616102242214204,0.938071861193304,0.5099740028381348,0.002139895921573043,0.0006063382606953382,0.0012497553834691644,0.0005854791961610317,True,238170112,511705088,0.030439399999977468,0.09303149999999505,0.07644929999997885,0.26265730000000076,0.46322870000000194,5.712759591919316,14.239832456246615,0.6761094927787781,-0.03095361962914467,0.03524149954319,0.0005854791961610317,0.002139895921573043
v64_seed1_equal_relu_control,167,train:00002565,3,3,0,0.07023024559020996,0.07023024559020996,0.0,0.0,0.0001,5.0911736301515145,0.0,0.0,0.0,0.0021221553906798363,0.000605544657446444,0.0012830381747335196,0.0005902303382754326,True,238170112,511705088,0.11382179999998243,0.0722372999999834,0.09435660000002599,0.2776336000000015,0.5579746999999884,0.0,4.998105422994559,0.6761236190795898,-0.030950866639614105,0.03527229651808739,0.0005902303382754326,0.0021221553906798363
v64_seed1_equal_relu_control,168,train:00004883,2,2,1,1.9889487028121948,0.8357135653495789,0.4520230293273926,0.7012120485305786,0.0001,22.24275438403164,14.317524774472451,1.0650662543497684,0.5073720812797546,0.0020872391760349274,0.0005882825935259461,0.001294492743909359,0.000577328959479928,True,238170112,511705088,0.0539269999999874,0.09101689999999962,0.09368269999998802,0.25239040000002433,0.4964728000000491,10.417247335927508,18.198965188469327,0.6760467290878296,-0.030952922999858856,0.035281743854284286,0.000577328959479928,0.0020872391760349274
v64_seed1_equal_relu_control,169,train:00027308,2,2,1,2.3982505798339844,0.8246567845344543,0.828530490398407,0.7450633645057678,0.0001,12.649318046289311,4.865572324789045,0.37109158332601616,0.4943625330924988,0.002049562055617571,0.0005668256198987365,0.0012988975504413247,0.0005595933762378991,True,238170112,511705088,0.03193349999997963,0.08956190000003517,0.08716409999999541,0.2714379999999892,0.48141830000002983,4.564611180975624,10.600740077883477,0.6759499311447144,-0.03095645271241665,0.03528451547026634,0.0005595933762378991,0.002049562055617571
v64_seed1_equal_relu_control,170,train:00027788,3,3,0,0.05839131772518158,0.05839131772518158,0.0,0.0,0.0001,3.983508430096766,0.0,0.0,0.0,0.0020155436359345913,0.0005474523059092462,0.0013028746470808983,0.0005435800412669778,True,238170112,511705088,0.05669239999997444,0.0799150999999938,0.09664940000004663,0.2572892999999681,0.49296490000000404,0.0,3.833960078088232,0.6758641004562378,-0.030959639698266983,0.03528701514005661,0.0005435800412669778,0.0020155436359345913
v64_seed1_equal_relu_control,171,train:00024518,3,3,2,2.0974884033203125,0.8439961075782776,0.5630680322647095,0.6904241442680359,0.0001,14.931981923309863,6.0184154865108885,0.5065963916379479,0.5186470150947571,0.001987059833481908,0.0005381599767133594,0.0012870215578004718,0.0005314884474501014,True,238170112,511705088,0.040120900000033544,0.07084279999997989,0.08589919999997164,0.2746970000000033,0.47121389999995245,4.021338906678846,8.920756090463156,0.6757767796516418,-0.03096184879541397,0.035273369401693344,0.0005314884474501014,0.001987059833481908
v64_seed1_equal_relu_control,172,train:00009954,2,2,0,0.055676721036434174,0.055676721036434174,0.0,0.0,0.0001,3.832722216132515,0.0,0.0,0.0,0.001961342990398407,0.0005297702737152576,0.001272708410397172,0.0005205714260227978,True,238170112,511705088,0.03914800000001151,0.09755859999995664,0.09911060000001726,0.31345520000002125,0.5502751999999873,0.0,3.7515942336547377,0.6756991147994995,-0.030963843688368797,0.03526104986667633,0.0005205714260227978,0.001961342990398407
v64_seed1_equal_relu_control,173,train:00005036,2,2,6,2.45835018157959,0.8560752868652344,0.9167546033859253,0.6855202913284302,0.0001,11.857778086909862,2.282871078596053,0.1388309324859581,0.5923677682876587,0.0019420465687289834,0.000523184600751847,0.0012624985538423061,0.0005081063718535006,True,238170112,511705088,0.10439120000000912,0.08891400000004523,0.08329669999994849,0.26906470000000127,0.5468854999999735,2.368893613373518,7.375222286653086,0.675635576248169,-0.03096984140574932,0.03525224328041077,0.0005081063718535006,0.0019420465687289834
v64_seed1_equal_relu_control,174,train:00002046,2,2,1,2.2225725650787354,0.8277767896652222,0.702613890171051,0.6921817660331726,0.0001,20.547697719140885,15.627314780046543,1.3988834667063461,0.5056374669075012,0.0019471768755465746,0.0005014129565097392,0.0012383975554257631,0.0005262757185846567,True,238170112,511705088,0.040159100000039416,0.07694890000004762,0.10093669999997701,0.3069037999999864,0.5268130999999698,7.201767710299751,17.84413266466906,0.675589382648468,-0.03096654824912548,0.03523140400648117,0.0005014129565097392,0.0019471768755465746
v64_seed1_equal_relu_control,175,train:00033341,3,3,0,0.056371014565229416,0.056371014565229416,0.0,0.0,0.0001,3.606137546865256,0.0,0.0,0.0,0.001951808575540781,0.0004817571898456663,0.001216638833284378,0.0005426792777143419,True,238170112,511705088,0.06328569999999445,0.07876390000001265,0.09950550000002067,0.28612979999996924,0.5281374999999571,0.0,3.515732993688702,0.6755486726760864,-0.03096357360482216,0.03521259129047394,0.0004817571898456663,0.001951808575540781
v64_seed1_equal_relu_control,176,train:00016233,2,2,0,0.05900958925485611,0.05900958925485611,0.0,0.0,0.0001,3.945784193871836,0.0,0.0,0.0,0.0019559902139008045,0.0004640119441319257,0.001196995028294623,0.0005574884125962853,True,238170112,511705088,0.048503000000039265,0.08067069999998466,0.09632720000001882,0.3046752000000197,0.5327526000000375,0.0,3.837027174605169,0.6755127310752869,-0.030960889533162117,0.03519560769200325,0.0004640119441319257,0.0019559902139008045
v64_seed1_equal_relu_control,177,train:00007033,2,2,1,2.170929431915283,0.8573571443557739,0.6116608381271362,0.7019115090370178,0.0001,24.91164414541219,11.83344077124014,1.1288093312432788,0.5065047740936279,0.001977592473849654,0.0004663555300794542,0.0011964872246608138,0.0005892367335036397,True,238170112,511705088,0.05353029999997716,0.06606689999995297,0.08041840000004186,0.34896589999999605,0.5501129000000446,8.779451870651346,15.44244660076989,0.6755428910255432,-0.03095819242298603,0.03519156575202942,0.0004663555300794542,0.001977592473849654
v64_seed1_equal_relu_control,178,train:00011607,2,2,1,1.9734257459640503,0.8269910216331482,0.45278722047805786,0.6936475038528442,0.0001,24.22292634699901,19.17621217323347,1.8137324006969266,0.5030355453491211,0.0020278648007661104,0.0004971066955476999,0.0011739671463146806,0.0006463107420131564,True,238170112,511705088,0.09295179999998027,0.18761869999997316,0.09732680000001892,0.2825012000000129,0.6604092000000037,11.024498760721986,22.728464570247546,0.6756196618080139,-0.03093743696808815,0.03517298027873039,0.0004971066955476999,0.0020278648007661104
v64_seed1_equal_relu_control,179,train:00004289,2,2,1,1.8352994918823242,0.7785903811454773,0.3598838448524475,0.6968253254890442,0.0001,34.9717782353202,19.941902816083886,1.8183705812881712,0.5030355453491211,0.0021023687440901995,0.0004968567518517375,0.001183762913569808,0.00066879898076877,True,238170112,511705088,0.0499426000000085,0.10515970000000152,0.08489479999997229,0.32917910000003303,0.5708008000000291,10.295447900757326,23.509814511831358,0.6757141351699829,-0.030926842242479324,0.03518187627196312,0.0004968567518517375,0.0021023687440901995
v64_seed1_equal_relu_control,180,train:00013206,3,3,0,0.06618410348892212,0.06618410348892212,0.0,0.0,0.0001,4.459813180821204,0.0,0.0,0.0,0.0021696267649531364,0.000496631080750376,0.0011926059378311038,0.00068910006666556,True,238170112,511705088,0.09154059999997344,0.07483860000002096,0.07512709999997469,0.26803860000001123,0.5110139000000231,0.0,4.374661723606059,0.6758021712303162,-0.030917277559638023,0.0351899079978466,0.000496631080750376,0.0021696267649531364
v64_seed1_equal_relu_control,181,train:00002672,3,3,1,2.20123553276062,0.9437898993492126,0.5640829801559448,0.6933627724647522,0.0001,25.445933615788807,17.33800058835443,1.426348403052474,0.5108413100242615,0.002211828948929906,0.0004820995090994984,0.001183080836199224,0.0007355553098022938,True,238170112,511705088,0.03681280000000697,0.07512910000002648,0.07926589999999578,0.31378599999999324,0.5040730000000053,6.568272642404405,18.728308749370225,0.6758400201797485,-0.030898043885827065,0.03518185764551163,0.0004820995090994984,0.002211828948929906
v64_seed1_equal_relu_control,182,train:00002407,3,3,1,1.7821977138519287,0.816789984703064,0.2741703987121582,0.6912373304367065,0.0001,33.86734271016788,20.12180576551085,1.8236591752629838,0.5316565632820129,0.0022210993338376284,0.0004424343351274729,0.0012058729771524668,0.0007498282939195633,True,238170112,511705088,0.03989880000000312,0.07589649999999892,0.08506840000001148,0.2732204000000138,0.47524449999997387,9.800375576521528,23.369119660199562,0.6758206486701965,-0.030884452164173126,0.0351979099214077,0.0004424343351274729,0.0022210993338376284
v64_seed1_equal_relu_control,183,train:00019452,3,3,5,2.215358257293701,0.8464259505271912,0.6743702292442322,0.6945619583129883,0.0001,20.631230567473178,11.404711553789959,0.9254791621881403,0.5524718165397644,0.002230244455859065,0.0003886217309627682,0.0012395709054544568,0.0007721182191744447,True,238170112,511705088,0.04853229999997666,0.0672912999999653,0.08214559999998983,0.2076663999999937,0.4067355999999904,4.316297897748467,13.196542788171167,0.6758144497871399,-0.030870458111166954,0.03522452339529991,0.0003886217309627682,0.002230244455859065
v64_seed1_equal_relu_control,184,train:00033559,1,1,0,0.09046756476163864,0.09046756476163864,0.0,0.0,0.0001,6.766802106054389,0.0,0.0,0.0,0.0022384996991604567,0.0003400457208044827,0.0012699896469712257,0.0007922390359453857,True,238170112,511705088,0.04581570000004831,0.054959199999984776,0.06544430000002421,0.1972197000000051,0.3631180000000427,0.0,6.59490947499513,0.675811767578125,-0.03085782565176487,0.03524854779243469,0.0003400457208044827,0.0022384996991604567
v64_seed1_equal_relu_control,185,train:00005833,2,2,4,2.2541964054107666,0.7754355072975159,0.7753749489784241,0.7033858895301819,0.0001,15.191407434014206,11.741037651617633,0.9455312184294752,0.5238508582115173,0.0022537228651344776,0.00031413062242791057,0.0013014229480177164,0.0007975558401085436,True,238170112,511705088,0.038517099999978655,0.04260179999999991,0.05130900000000338,0.17451280000000224,0.30768860000000586,4.400940008334876,14.09369853506415,0.6758317351341248,-0.030853834003210068,0.035273320972919464,0.00031413062242791057,0.0022537228651344776
v64_seed1_equal_relu_control,186,train:00004893,2,2,0,0.11035262793302536,0.11035262793302536,0.0,0.0,0.0001,8.646230218027425,0.0,0.0,0.0,0.0022674642968922853,0.0002907380403485149,0.0013297966215759516,0.0008023551199585199,True,238170112,511705088,0.03966230000003179,0.04640059999996993,0.054077600000027815,0.18862430000001496,0.32985460000003286,0.0,8.489404324462674,0.6758512258529663,-0.030850229784846306,0.03529568389058113,0.0002907380403485149,0.0022674642968922853
v64_seed1_equal_relu_control,187,train:00028194,2,2,2,2.2418205738067627,0.8049229383468628,0.7337564826011658,0.7031412124633789,0.0001,15.464120495304009,12.552568709454846,1.1450968969926631,0.5307892560958862,0.0022868586238473654,0.0002936192904599011,0.0013554447796195745,0.0007952415035106242,True,238170112,511705088,0.03479389999995419,0.04815519999999651,0.05852330000004713,0.18650370000000294,0.3291151000000241,5.291458801251706,14.116704434848911,0.6758854985237122,-0.030851123854517937,0.03531601279973984,0.0002936192904599011,0.0022868586238473654
v64_seed1_equal_relu_control,188,train:00020349,3,3,0,0.11897841095924377,0.11897841095924377,0.0,0.0,0.0001,11.937686027018778,0.0,0.0,0.0,0.0023043646942824125,0.0002962200087495148,0.001378595712594688,0.0007888205000199378,True,238170112,511705088,0.043026599999961945,0.048421399999995174,0.05295560000001842,0.1691141000000016,0.31428850000003195,0.0,9.769972744799697,0.6759175062179565,-0.030851932242512703,0.03533435985445976,0.0002962200087495148,0.0023043646942824125
v64_seed1_equal_relu_control,189,train:00012148,3,3,2,2.340623378753662,0.7825687527656555,0.8376946449279785,0.7203601598739624,0.0001,30.025496047067488,12.61358075913752,0.8889814637530447,0.47701647877693176,0.0023245809134095907,0.00031667391886003315,0.0013988573336973786,0.0007736836560070515,True,238170112,511705088,0.031099299999993946,0.048501999999984946,0.054369800000017676,0.1658003000000008,0.3006830000000491,5.201080809815382,14.980368782777386,0.6759603023529053,-0.030860912054777145,0.03535033017396927,0.00031667391886003315,0.0023245809134095907
v64_seed1_equal_relu_control,190,train:00002632,3,3,1,2.160740375518799,0.909772515296936,0.5611300468444824,0.6898379325866699,0.0001,32.51750092088737,15.904573696252596,1.2181959990508255,0.474414587020874,0.002365406136959791,0.00031722732819616795,0.0014043791452422738,0.0007419067551381886,True,238170112,511705088,0.027685499999961394,0.04503510000000688,0.05264399999998659,0.1728114000000005,0.29918420000001333,7.828439919164493,18.070500828660972,0.6759896278381348,-0.030880151316523552,0.035352036356925964,0.00031722732819616795,0.002365406136959791
v64_seed1_equal_relu_control,191,train:00011998,3,3,0,0.09311526268720627,0.09311526268720627,0.0,0.0,0.0001,7.432763534377663,0.0,0.0,0.0,0.002402255078777671,0.00031772683723829687,0.0014093631180003285,0.0007132249302230775,True,238170112,511705088,0.04125260000000708,0.04932479999996531,0.04964370000004692,0.1737573999999995,0.3154152000000181,0.0,7.08371007477225,0.676017701625824,-0.030897516757249832,0.03535357490181923,0.00031772683723829687,0.002402255078777671
v64_seed1_equal_relu_control,192,train:00005980,3,3,7,2.3911423683166504,0.8160973787307739,0.870750904083252,0.7042940855026245,0.0001,16.474587605582702,9.872180109926745,0.6768332726081997,0.5698179006576538,0.002434075577184558,0.0003138561442028731,0.0014122017892077565,0.0007026907405816019,True,238170112,511705088,0.051357199999984005,0.04582429999999249,0.05170709999998735,0.18092670000004318,0.3306134000000043,3.4203595637131032,12.689326211226895,0.6760424375534058,-0.03089875541627407,0.03535246476531029,0.0003138561442028731,0.002434075577184558
v64_seed1_equal_relu_control,193,train:00003265,2,2,1,2.2812318801879883,0.9906670451164246,0.5943126082420349,0.6962522268295288,0.0001,34.87533132359273,15.989264158374535,1.1526975789543088,0.4700780510902405,0.002450802596285939,0.00029393890872597694,0.0014382472727447748,0.0006764482823200524,True,238170112,511705088,0.03513459999999213,0.04745339999999487,0.0526571000000331,0.16224059999996143,0.29803210000000036,6.358705619715714,17.713393475812563,0.676061749458313,-0.030912140384316444,0.035374101251363754,0.00029393890872597694,0.002450802596285939
v64_seed1_equal_relu_control,194,train:00031456,3,3,0,0.07250098884105682,0.07250098884105682,0.0,0.0,0.0001,5.063485493850415,0.0,0.0,0.0,0.0024658998008817434,0.0002759623748715967,0.0014617550186812878,0.0006527628283947706,True,238170112,511705088,0.05455210000002353,0.04481750000002194,0.056645899999978155,0.16992759999999407,0.3268515999999977,0.0,4.9704260685551445,0.6760803461074829,-0.030924221500754356,0.03539362922310829,0.0002759623748715967,0.0024658998008817434
v64_seed1_equal_relu_control,195,train:00024603,3,3,0,0.06792190670967102,0.06792190670967102,0.0,0.0,0.0001,4.8617341854972835,0.0,0.0,0.0,0.002479525748640299,0.00025973765878006816,0.0014829718274995685,0.0006313855410553515,True,238170112,511705088,0.037834799999984625,0.043500099999960185,0.05461339999999382,0.1596906000000331,0.29706690000000435,0.0,4.706425821132349,0.6760981678962708,-0.030935125425457954,0.03541125729680061,0.00025973765878006816,0.002479525748640299
v64_seed1_equal_relu_control,196,train:00028154,2,2,2,2.062246322631836,0.813889741897583,0.550025999546051,0.6983307600021362,0.0001,30.615160826705516,21.994485816610307,1.7187551834656603,0.4796184003353119,0.0024974399711936712,0.0002204309857916087,0.0015084253391250968,0.00064248958369717,True,238170112,511705088,0.03732099999996308,0.053863200000023426,0.059213199999987864,0.1661708000000317,0.31838940000000093,7.920997663969014,24.05822235217525,0.6761314272880554,-0.03092292882502079,0.03543198108673096,0.0002204309857916087,0.0024974399711936712
v64_seed1_equal_relu_control,197,train:00029478,3,3,2,2.2172951698303223,0.8547582030296326,0.6682745814323425,0.6942622661590576,0.0001,23.868076403920828,20.01307949796284,1.4231843037619043,0.47788378596305847,0.00251852092333138,0.00017210640362463892,0.001516214688308537,0.0006805608281865716,True,238170112,511705088,0.032104199999992034,0.05878639999997404,0.052401400000007925,0.18012830000003532,0.32538590000001477,6.371087668722042,21.672093268819793,0.6761493682861328,-0.030900029465556145,0.0354364812374115,0.00017210640362463892,0.00251852092333138
v64_seed1_equal_relu_control,198,train:00020687,3,3,0,0.06026461720466614,0.06026461720466614,0.0,0.0,0.0001,4.303321649560008,0.0,0.0,0.0,0.002537546679377556,0.00012849277118220925,0.0015232446603477001,0.0007149206940084696,True,238170112,511705088,0.027406699999971806,0.042589499999962754,0.05452680000001919,0.18568290000001753,0.31073390000000245,0.0,4.180451580637052,0.6761677861213684,-0.030879361554980278,0.03544054180383682,0.00012849277118220925,0.002537546679377556
v64_seed1_equal_relu_control,199,train:00019422,3,3,3,2.1880221366882324,0.9106080532073975,0.5850801467895508,0.6923338770866394,0.0001,26.522760150658215,18.913537868038524,1.2898677506107639,0.4804857075214386,0.0025485095102339983,7.247467146953568e-05,0.001529963337816298,0.0007685564341954887,True,238170112,511705088,0.04376270000000204,0.05288020000000415,0.04982739999996966,0.1676870000000008,0.3146671000000083,5.723773617909964,20.340912923127178,0.6761775612831116,-0.030838942155241966,0.035444408655166626,7.247467146953568e-05,0.0025485095102339983
v64_seed1_equal_relu_control,200,train:00004171,2,2,2,2.5579748153686523,0.949272096157074,0.9108154773712158,0.6978870630264282,0.0001,19.439134551766845,14.716690514260728,0.9907470639987407,0.4865568280220032,0.0025615745689719915,4.380018435767852e-05,0.0015404776204377413,0.0008115426171571016,True,238170112,511705088,0.05230650000004289,0.059152199999971344,0.05334890000000314,0.16620540000002393,0.331666499999983,5.816986159009491,16.86002024545651,0.6762080192565918,-0.030806085094809532,0.03545192629098892,4.380018435767852e-05,0.0025615745689719915
v64_seed1_equal_softplus_b1_t20,1,train:00006249,2,2,2,2.510922431945801,1.0339668989181519,0.8071923851966858,0.6697630882263184,0.0001,42.070020755644265,6.535001981415552,0.28030698602044324,0.6279271841049194,9.999998292187229e-05,-9.99999901978299e-05,9.99999901978299e-05,-9.999996109399945e-05,True,410150400,616562688,0.016069500000014614,0.08648420000002943,0.1010546999999633,0.37987000000003945,0.5856624000000465,16.913238266497924,22.695494961758612,0.6783517599105835,-0.031427137553691864,0.034617647528648376,-9.99999901978299e-05,9.99999901978299e-05
v64_seed1_equal_softplus_b1_t20,2,train:00020601,3,3,1,2.478874683380127,1.0377525091171265,0.7477508783340454,0.6933712959289551,0.0001,40.142994194587956,6.614870152604139,0.3250120207752609,0.5143104791641235,0.00019832089310511947,-0.00019331178918946534,0.00010056502651423216,-0.00018823306891135871,True,238809088,509607936,8.399288599999977,0.09412199999997028,0.10331330000002481,0.29928350000000137,0.5174337000000264,15.992685196023555,21.85358497593804,0.6783228516578674,-0.03149409964680672,0.03465893119573593,-0.00019331178918946534,0.00019832089310511947
v64_seed1_equal_softplus_b1_t20,3,train:00026508,2,2,0,0.06548696011304855,0.06548696011304855,0.0,0.0,0.0001,3.78289789042449,0.0,0.0,0.0,0.00027432324714027345,-0.00026544209686107934,0.00010100180224981159,-0.0002564375172369182,True,295764480,574619648,8.316436599999975,0.08063879999997425,0.08094900000003236,0.27892659999997704,0.45686399999999594,0.0,3.763365236086043,0.678320050239563,-0.03154585883021355,0.034690842032432556,-0.00026544209686107934,0.00027432324714027345
v64_seed1_equal_softplus_b1_t20,4,train:00028488,3,3,4,2.467609405517578,0.9388082027435303,0.8466211557388306,0.6821801066398621,0.0001,23.713310441150444,5.36235918373183,0.19947842296762383,0.7805724143981934,0.0003451591182965785,-0.00028842108440585434,0.00011269105016253889,-0.00033572697429917753,True,238809088,513802240,8.186955600000033,0.07985909999996466,0.09479210000000649,0.29311560000002146,0.48382720000000745,13.437447973849487,19.286875086559732,0.6783223152160645,-0.03161763399839401,0.03472220152616501,-0.00033572697429917753,0.0003451591182965785
v64_seed1_equal_softplus_b1_t20,5,train:00011701,3,3,0,0.0736904889345169,0.0736904889345169,0.0,0.0,0.0001,4.582751905273662,0.0,0.0,0.0,0.000405031576519832,-0.0003078435838688165,0.00012257113121449947,-0.0004027446557302028,True,238874624,513802240,0.018643100000019786,0.08265659999995023,0.09785600000003569,0.3021545999999944,0.5032108999999991,0.0,4.524635253512473,0.6783371567726135,-0.031678300350904465,0.034748706966638565,-0.0004027446557302028,0.000405031576519832
v64_seed1_equal_softplus_b1_t20,6,train:00005808,2,2,2,2.3179941177368164,0.9403451681137085,0.7095633745193481,0.6680856943130493,0.0001,38.611794901855596,6.196137666713098,0.3814847418927791,0.5845620036125183,0.000475366716273129,-0.00028293902869336307,0.00016643622075207531,-0.0004805930075235665,True,296354304,574619648,7.955285199999992,0.08706539999997176,0.09277330000003303,0.27831209999999373,0.4753382999999758,12.0394388658627,18.762299444866077,0.6783761978149414,-0.031743958592414856,0.03479396179318428,-0.0004805930075235665,0.000475366716273129
v64_seed1_equal_softplus_b1_t20,7,train:00017015,2,2,1,2.39082407951355,0.9978936910629272,0.6881686449050903,0.7047617435455322,0.0001,59.64106946326104,13.931345080877856,0.3671389247177629,0.4640069603919983,0.0005132615333423018,-0.00023368390975520015,0.00017919960373546928,-0.0005639353184960783,True,296403456,574619648,0.02057159999998248,0.08068719999999985,0.09901860000002216,0.293070699999987,0.4959977999999978,24.549021850026485,35.240996556696665,0.6783804297447205,-0.03181993588805199,0.03480471298098564,-0.0005639353184960783,0.0005132615333423018
v64_seed1_equal_softplus_b1_t20,8,train:00005711,3,3,13,2.6104209423065186,0.911949634552002,0.9143822193145752,0.7840890288352966,0.0001,18.7130368814269,1.2693384630871676,0.04938570559063026,0.82914137840271,0.0005503838765434921,-0.00019197807705495507,0.00019626395078375936,-0.0006408331682905555,True,296354304,574619648,0.014253199999984645,0.07607130000002371,0.1027887999999848,0.3123783000000344,0.5062769000000458,6.994149228473441,12.878462917358734,0.678394615650177,-0.0318877212703228,0.03481853008270264,-0.0006408331682905555,0.0005503838765434921
v64_seed1_equal_softplus_b1_t20,9,train:00006561,3,3,5,2.403308153152466,0.871945321559906,0.8835867047309875,0.647776186466217,0.0001,28.58157876878956,3.671294988684174,0.2385722561081361,0.6747614741325378,0.0005968988407403231,-0.0001731534575810656,0.00023074017371982336,-0.0007041885401122272,True,297288192,574619648,0.013949499999966974,0.1065820999999687,0.07829320000001871,0.22947829999998248,0.42933039999996936,6.511820461511509,11.62712880122752,0.6784090995788574,-0.03194017708301544,0.034844666719436646,-0.0007041885401122272,0.0005968988407403231
v64_seed1_equal_softplus_b1_t20,10,train:00010359,3,3,3,2.16201114654541,0.8835381269454956,0.5900410413742065,0.688431978225708,0.0001,33.302167553953055,9.613108956579179,0.33459143126489493,0.6305290460586548,0.0006409300258383155,-0.00017928783199749887,0.0002839499502442777,-0.0007765456102788448,True,296354304,574619648,0.014630800000020372,0.049853200000029574,0.06106009999996331,0.26076570000003585,0.38723210000000563,12.839728800800176,19.70453050581691,0.6784244775772095,-0.0319981686770916,0.03488850221037865,-0.0007765456102788448,0.0006409300258383155
v64_seed1_equal_softplus_b1_t20,11,train:00020938,2,2,2,2.393007755279541,0.8608978986740112,0.841964602470398,0.6901453733444214,0.0001,42.99941115225292,2.469456286152313,0.1088583999040367,0.6218560338020325,0.0006739563541486859,-0.00019076740136370063,0.00032485503470525146,-0.0008482176926918328,True,353375232,620756992,7.709190299999989,0.16102470000004132,0.10001460000000861,0.26935119999996004,0.5796682000000146,4.626835514801493,15.105492553656749,0.6784278750419617,-0.03205398842692375,0.03491884842514992,-0.0008482176926918328,0.0006739563541486859
v64_seed1_equal_softplus_b1_t20,12,train:00017395,1,1,0,0.27804672718048096,0.27804672718048096,0.0,0.0,0.0001,20.50587410106902,0.0,0.0,0.0,0.0007036515162326396,-0.00020108908938709646,0.0003616342437453568,-0.0009126606164500117,True,353375232,620756992,0.018427599999995437,0.07584900000000516,0.09919559999997318,0.2863181999999824,0.4809785999999576,0.0,19.75175465297294,0.6784377098083496,-0.03210417553782463,0.03494613245129585,-0.0009126606164500117,0.0007036515162326396
v64_seed1_equal_softplus_b1_t20,13,train:00016029,2,2,0,0.21953167021274567,0.21953167021274567,0.0,0.0,0.0001,15.316840776111107,0.0,0.0,0.0,0.0007304217433556914,-0.00021039410785306245,0.00039479078259319067,-0.000970756052993238,True,353375232,620756992,0.01729130000001078,0.08590469999995776,0.10992630000004056,0.3259046000000012,0.5417686000000117,0.0,14.993165729265387,0.67845219373703,-0.03214941918849945,0.0349707305431366,-0.000970756052993238,0.0007304217433556914
v64_seed1_equal_softplus_b1_t20,14,train:00019870,3,3,5,2.195462465286255,0.8260064125061035,0.6869166493415833,0.6825394630432129,0.0001,16.74598169873793,4.6627825761990875,0.23145430001338482,0.6912402510643005,0.000756768393330276,-0.0002340998180443421,0.0004301410517655313,-0.0010380034800618887,True,353375232,620756992,0.0161200000000008,0.09660269999994853,0.06733340000005228,0.25235149999997475,0.43365399999999,6.2303738480483215,10.74599911887708,0.6784912347793579,-0.03219334036111832,0.034998875111341476,-0.0010380034800618887,0.000756768393330276
v64_seed1_equal_softplus_b1_t20,15,train:00024793,3,3,1,2.420825242996216,0.9059057831764221,0.7927709817886353,0.7221484780311584,0.0001,33.70144017357783,3.149856146083288,0.1409374216067581,0.4631396532058716,0.0007729114149697125,-0.00026284356135874987,0.0004535019979812205,-0.0011069660540670156,True,353375232,620756992,0.012923399999976937,0.05373300000002246,0.06531179999996084,0.2434910000000059,0.3755866999999853,6.432425328840174,13.34497903780864,0.6785135865211487,-0.032234709709882736,0.03501611948013306,-0.0011069660540670156,0.0007729114149697125
v64_seed1_equal_softplus_b1_t20,16,train:00024693,3,3,1,2.2348926067352295,0.8546380996704102,0.6252044439315796,0.7550500631332397,0.0001,20.003384515003113,4.362369895482475,0.2624207377240863,0.4978317618370056,0.0007732247468084097,-0.0003011250519193709,0.00045869199675507843,-0.0011822654632851481,True,238186496,520093696,7.780679300000031,0.0928974999999923,0.09213130000000547,0.3003486000000066,0.5013311000000158,8.625728804837795,13.68330280429839,0.6785209774971008,-0.03227220103144646,0.03501926362514496,-0.0011822654632851481,0.0007732247468084097
v64_seed1_equal_softplus_b1_t20,17,train:00034122,2,2,1,2.32407546043396,0.9625378251075745,0.662818431854248,0.698719322681427,0.0001,21.581531596165025,6.31791690806264,0.2448828968858597,0.46053773164749146,0.0007616709917783737,-0.0003477751452010125,0.0004501659714151174,-0.001261310651898384,True,238186496,520093696,0.016394400000024234,0.08340300000003253,0.10412619999999606,0.3121077999999784,0.5189308999999867,9.085737274008155,15.751290361675853,0.678527295589447,-0.03230621665716171,0.035005636513233185,-0.001261310651898384,0.0007616709917783737
v64_seed1_equal_softplus_b1_t20,18,train:00012078,3,3,1,2.298603057861328,1.0182573795318604,0.5785728693008423,0.7017728686332703,0.0001,20.561289541762793,5.84228340876352,0.30136291916506003,0.48482221364974976,0.0007373258122242987,-0.00040316677768714726,0.000426705286372453,-0.0013453230494633317,True,238186496,520093696,0.014990900000043439,0.11067819999999529,0.12211739999997917,0.318959800000016,0.5687253000000396,8.442607369116958,12.993109076300165,0.6785358786582947,-0.0323403999209404,0.034976162016391754,-0.0013453230494633317,0.0007373258122242987
v64_seed1_equal_softplus_b1_t20,19,train:00030696,3,3,1,2.187887191772461,0.8954110145568848,0.5623451471328735,0.7301310896873474,0.0001,30.676443635351827,8.229862814150232,0.3250943002929394,0.49176064133644104,0.0007015193696133792,-0.0004671857750508934,0.0003909798397216946,-0.0014333997387439013,True,238186496,520093696,0.014429299999960676,0.0636483000000112,0.07279679999999189,0.22942829999999503,0.38126199999999244,12.737335798035568,20.32395325985081,0.6785570383071899,-0.03237146511673927,0.0349341556429863,-0.0014333997387439013,0.0007015193696133792
v64_seed1_equal_softplus_b1_t20,20,train:00013586,2,2,0,0.06219771131873131,0.06219771131873131,0.0,0.0,0.0001,4.158184932951832,0.0,0.0,0.0,0.0006689566653221846,-0.0005254052230156958,0.0003584907972253859,-0.0015134975546970963,True,238186496,520093696,0.014058599999998478,0.06213869999999133,0.06793770000001587,0.23051960000003646,0.37532860000004575,0.0,4.081366894201945,0.6785861253738403,-0.03239971771836281,0.03489595279097557,-0.0015134975546970963,0.0006689566653221846
v64_seed1_equal_softplus_b1_t20,21,train:00034932,1,1,2,2.1983485221862793,0.8509640693664551,0.6965537071228027,0.6508307456970215,0.0001,35.31883800734171,5.541878532513044,0.24877244996552025,0.49262794852256775,0.0006402187282219529,-0.0005593562964349985,0.0003296587383374572,-0.0015955569688230753,True,295485952,574619648,7.742748999999947,0.07441180000000713,0.09012599999994109,0.28150990000006004,0.4615283000000545,7.9923119059175205,15.17393043686975,0.678630530834198,-0.03242897987365723,0.034862637519836426,-0.0015955569688230753,0.0006402187282219529
v64_seed1_equal_softplus_b1_t20,22,train:00006464,3,3,9,2.373203992843628,0.7747446298599243,0.902191162109375,0.6962682008743286,0.0001,15.958284676369058,1.3316200549297295,0.07258097442600145,0.6305290460586548,0.0006173867150209844,-0.0005918131209909916,0.00030868969042785466,-0.0016642387490719557,True,296305152,574619648,0.019705100000010134,0.07989309999993566,0.08865100000002712,0.2961181000000579,0.4863260000000764,1.5598735319135684,9.537178196654054,0.6786693930625916,-0.032455384731292725,0.03483526408672333,-0.0016642387490719557,0.0006173867150209844
v64_seed1_equal_softplus_b1_t20,23,train:00009701,3,3,1,2.416050910949707,0.8342808485031128,0.9022790193557739,0.6794909834861755,0.0001,36.532290679941916,11.048091294378654,0.3701405675466653,0.44492629170417786,0.000577902072109282,-0.0006038660067133605,0.00027133343974128366,-0.0017148907063528895,True,296010240,574619648,0.016664099999957216,0.08244939999997314,0.10276490000001104,0.29779659999996966,0.49829719999991084,12.730379460786684,21.76499992715394,0.6786365509033203,-0.03247067332267761,0.0348019041121006,-0.0017148907063528895,0.000577902072109282
v64_seed1_equal_softplus_b1_t20,24,train:00011236,3,3,1,2.443624496459961,0.9351769685745239,0.835802435874939,0.672645092010498,0.0001,28.02577037246367,6.472279967490621,0.30093623968252525,0.4475281834602356,0.0005294460570439696,-0.0006198653718456626,0.00022519606864079833,-0.0017313697608187795,True,295485952,574619648,0.018144100000085928,0.12579949999997098,0.06619690000002265,0.2165517999999338,0.42655730000001313,7.08387456224072,13.01029911538593,0.6785604357719421,-0.03247907757759094,0.03476205840706825,-0.0017313697608187795,0.0005294460570439696
v64_seed1_equal_softplus_b1_t20,25,train:00003532,3,3,0,0.0827874094247818,0.0827874094247818,0.0,0.0,0.0001,6.314861678329225,0.0,0.0,0.0,0.0004853077989537269,-0.0006344390567392111,0.00018316981731913984,-0.0017463804688304663,True,296305152,574619648,0.013476700000069286,0.0490409000000227,0.05575799999996889,0.23013370000001032,0.34999179999999797,0.0,5.831123197299608,0.6784958243370056,-0.03248673304915428,0.03472576290369034,-0.0017463804688304663,0.0004853077989537269
v64_seed1_equal_softplus_b1_t20,26,train:00015144,3,3,1,2.204291820526123,0.9434814453125,0.5537041425704956,0.7071062326431274,0.0001,29.754646999942523,8.775730059761855,0.3601303538292221,0.4249783158302307,0.0004311642551328987,-0.0006633543525822461,0.00012986667570658028,-0.001774264732375741,True,296010240,574619648,0.011416100000019469,0.0650601000000961,0.07940649999989091,0.23627860000010514,0.39346660000001066,10.2698773325692,18.57850401833297,0.6784756183624268,-0.03250186890363693,0.034675974398851395,-0.001774264732375741,0.0004311642551328987
v64_seed1_equal_softplus_b1_t20,27,train:00033916,2,2,1,2.0506203174591064,0.8821154832839966,0.46469926834106445,0.7038055658340454,0.0001,41.20632623513296,11.635073444096333,0.4484037760336838,0.4483954906463623,0.00040896362042985857,-0.0007047380204312503,6.473147368524224e-05,-0.0017804657109081745,True,295485952,574619648,0.01562300000000505,0.06333079999990332,0.0746075000000701,0.2387328999999454,0.3930258999999978,13.545872364835807,23.814724367873637,0.678452730178833,-0.032498735934495926,0.03461375832557678,-0.0017804657109081745,0.00040896362042985857
v64_seed1_equal_softplus_b1_t20,28,train:00024238,2,2,2,1.955147624015808,0.8161351680755615,0.43514707684516907,0.7038654088973999,0.0001,21.19383084476067,6.648549207554004,0.3544919672230875,0.4986990690231323,0.0003983183123636991,-0.0007346030324697495,3.560718323569745e-05,-0.0018046025652438402,True,296305152,574619648,0.012887000000091575,0.07370030000004135,0.07268389999990177,0.19874430000004395,0.3580451999999923,7.448515260353345,11.645455807752525,0.6784459948539734,-0.03249647468328476,0.03457355126738548,-0.0018046025652438402,0.0003983183123636991
v64_seed1_equal_softplus_b1_t20,29,train:00012123,2,2,0,0.15312901139259338,0.15312901139259338,0.0,0.0,0.0001,14.71575740520601,0.0,0.0,0.0,0.0003886190534103662,-0.0007618139497935772,9.07119920157129e-06,-0.0018265943508595228,True,296010240,574619648,0.011403200000017932,0.04941680000001725,0.05118949999996403,0.1830314000000044,0.29531439999993836,0.0,12.742909888820426,0.6784427165985107,-0.03249441459774971,0.03453691676259041,-0.0018265943508595228,0.0003886190534103662
v64_seed1_equal_softplus_b1_t20,30,train:00021003,2,2,0,0.15408316254615784,0.15408316254615784,0.0,0.0,0.0001,15.137939137403993,0.0,0.0,0.0,0.00037978196633048356,-0.0007866061059758067,-1.510606125521008e-05,-0.0018466314068064094,True,295485952,574619648,0.010319400000071255,0.0416782999999441,0.05589750000001459,0.19396949999998014,0.30417850000003455,0.0,14.275618360145973,0.6784420609474182,-0.032492537051439285,0.03450354188680649,-0.0018466314068064094,0.00037978196633048356
v64_seed1_equal_softplus_b1_t20,31,train:00033033,3,3,4,2.3167903423309326,0.8868839740753174,0.7536827921867371,0.6762234568595886,0.0001,16.863908814581453,1.97393405821644,0.11883730450033624,0.5620121359825134,0.00037595286266878247,-0.0008050156175158918,-2.9033331884420477e-05,-0.0018690009601414204,True,353604608,618659840,7.3557733999999755,0.08896190000007209,0.09761719999994511,0.30615899999997964,0.5075984999999719,3.6043715352767816,9.214606858850074,0.6784422397613525,-0.03249656409025192,0.034475792199373245,-0.0018690009601414204,0.00037595286266878247
v64_seed1_equal_softplus_b1_t20,32,train:00034896,1,1,2,2.294435739517212,0.7453619837760925,0.8674551248550415,0.6816186904907227,0.0001,18.456384719170636,4.816642506770642,0.22546450305159682,0.45967042446136475,0.00037615239853039384,-0.0008319678017869592,-3.099629611824639e-05,-0.0018772953189909458,True,353620992,618659840,0.01708530000007613,0.09623190000002069,0.09458380000000943,0.2624652000000651,0.47305530000005547,4.617937646199174,11.509418400645483,0.6784261465072632,-0.03250023350119591,0.03446107730269432,-0.0018772953189909458,0.00037615239853039384
v64_seed1_equal_softplus_b1_t20,33,train:00021613,1,1,1,2.632740020751953,1.164595365524292,0.7624236345291138,0.7057209610939026,0.0001,28.45333558498722,10.434107154773542,0.21618359020130093,0.42150911688804626,0.0003860976139549166,-0.0008445812272839248,-2.7002854039892554e-05,-0.0018813414499163628,True,354030592,618659840,0.015579199999933735,0.09626860000003035,0.11133389999997689,0.3114404000000377,0.5357777000000397,11.629100676290992,26.30382756706442,0.6783928871154785,-0.0325007438659668,0.034453943371772766,-0.0018813414499163628,0.0003860976139549166
v64_seed1_equal_softplus_b1_t20,34,train:00002612,3,3,0,0.07215521484613419,0.07215521484613419,0.0,0.0,0.0001,5.881399300993735,0.0,0.0,0.0,0.0003951562975998968,-0.0008560703136026859,-2.336538818781264e-05,-0.0018850269261747599,True,353620992,618659840,0.015341199999966193,0.06534390000001622,0.06691530000000512,0.23052789999997003,0.3803519000000506,0.0,5.441279690365909,0.678364098072052,-0.032501209527254105,0.03444744646549225,-0.0018850269261747599,0.0003951562975998968
v64_seed1_equal_softplus_b1_t20,35,train:00021058,1,1,4,2.348173141479492,0.8203297257423401,0.8888369798660278,0.639006495475769,0.0001,16.98864988690904,2.2927070009805357,0.12200114794487331,0.5221162438392639,0.00040489702951163054,-0.0008629265939816833,-2.4254601157736033e-05,-0.0018780039390549064,True,354030592,618659840,0.010388600000055703,0.05221870000002582,0.07485499999995682,0.22810420000007525,0.36747509999997874,3.0730609148414705,9.411545338055415,0.6783278584480286,-0.03249647468328476,0.03444002941250801,-0.0018780039390549064,0.00040489702951163054
v64_seed1_equal_softplus_b1_t20,36,train:00009691,2,2,1,2.3788998126983643,1.0386157035827637,0.6498891115188599,0.690394937992096,0.0001,26.911703290007996,8.942033729639384,0.37116978565504793,0.4379878640174866,0.0003925281635019928,-0.000854126934427768,-1.384177721774904e-05,-0.0018587044905871153,True,353620992,618659840,0.015120899999942594,0.06641910000007556,0.07498720000000958,0.2363194999999223,0.3945219999999381,9.456496070541796,18.46726826120554,0.6782265901565552,-0.03248990327119827,0.03444206714630127,-0.0018587044905871153,0.0003925281635019928
v64_seed1_equal_softplus_b1_t20,37,train:00010486,2,2,2,2.39678692817688,1.0669771432876587,0.6942041516304016,0.6356055736541748,0.0001,35.840716109950506,7.84850900720859,0.29666884102098073,0.4466609060764313,0.0003862162702716887,-0.0008288281387649477,-4.082980467501329e-06,-0.0018518652068451047,True,354030592,618659840,0.014622900000063055,0.06678469999997105,0.07013900000004014,0.1801333999999315,0.3337721000000329,8.81370287631826,17.031445116190657,0.6781517267227173,-0.03248915448784828,0.03444482758641243,-0.0018518652068451047,0.0003862162702716887
v64_seed1_equal_softplus_b1_t20,38,train:00034891,1,1,2,2.53891921043396,0.9762668013572693,0.9281778931617737,0.634474515914917,0.0001,33.075241009658136,5.428137374092978,0.23631645086317551,0.4891587197780609,0.0003936339926440269,-0.000814041355624795,7.46512978366809e-06,-0.0018330473685637116,True,353620992,618659840,0.011327499999993051,0.055284300000039366,0.05898390000004383,0.1824344999999994,0.3086715000000595,5.239711498099625,10.717113774623746,0.67807537317276,-0.03248470276594162,0.034448884427547455,-0.0018330473685637116,0.0003936339926440269
v64_seed1_equal_softplus_b1_t20,39,train:00029227,3,3,1,2.328352928161621,0.9539899826049805,0.6402363777160645,0.7341265678405762,0.0001,41.781055456285806,12.56882257709221,0.4213617822799522,0.424111008644104,0.0003804816515184939,-0.0007834947318769991,3.25546097883489e-05,-0.0018023054581135511,True,354030592,618659840,0.012266299999964758,0.04818610000006629,0.05863539999995737,0.19509340000001885,0.3157567000000654,15.546961090206661,22.238772715849752,0.6779507398605347,-0.03248000144958496,0.03446188569068909,-0.0018023054581135511,0.0003804816515184939
v64_seed1_equal_softplus_b1_t20,40,train:00002357,3,3,2,2.359297275543213,0.8955733776092529,0.8077360391616821,0.6559878587722778,0.0001,19.518327497983595,4.900647895166046,0.26021969846016135,0.4874241054058075,0.0003747446171473712,-0.0007656597881577909,5.8658850321080536e-05,-0.0017570117488503456,True,353620992,618659840,0.013816499999961707,0.05331659999990279,0.07015610000007655,0.21720329999993737,0.356283699999949,5.647082320560975,11.618231425622945,0.6778224110603333,-0.032470256090164185,0.034476447850465775,-0.0017570117488503456,0.0003747446171473712
v64_seed1_equal_softplus_b1_t20,41,train:00022853,2,2,1,1.9219987392425537,0.8072209358215332,0.3908514976501465,0.7239262461662292,0.0001,14.801766849264071,7.8095371067062604,0.4719007516405909,0.4180399179458618,0.0003507983637973666,-0.0007682477007620037,6.219740316737443e-05,-0.0017359890043735504,True,354030592,618659840,0.011957000000052176,0.05148129999997764,0.06583769999997457,0.22212469999999485,0.35338309999997364,7.275846313550452,12.411375796288263,0.6777322888374329,-0.03246336802840233,0.034480780363082886,-0.0017359890043735504,0.0003507983637973666
v64_seed1_equal_softplus_b1_t20,42,train:00003644,3,3,2,2.1309947967529297,0.8614189028739929,0.49523940682411194,0.7743364572525024,0.0001,18.14924095743243,8.03941941628308,0.4870476061878478,0.5073720812797546,0.00031415047124028206,-0.0007859714096412063,8.816719491733238e-05,-0.0016948322299867868,True,353620992,618659840,0.012294399999973393,0.07025949999990644,0.0987880000000132,0.2793119000000388,0.4620098999999982,6.538294270741296,12.674956189769157,0.6776418089866638,-0.032454393804073334,0.03449743241071701,-0.0016948322299867868,0.00031415047124028206
v64_seed1_equal_softplus_b1_t20,43,train:00009651,3,3,8,2.3468422889709473,0.7434310913085938,0.8880578279495239,0.7153533697128296,0.0001,18.783080442723005,2.1585852114855197,0.09217890333957669,0.6062445640563965,0.00028257197118364275,-0.0007974643958732486,0.00011314131552353501,-0.0016534695168957114,True,354030592,618659840,0.016073000000005777,0.08512550000000374,0.07761840000000575,0.2753179999999702,0.4545296999999664,2.6868871962811025,8.999625066126159,0.6775674223899841,-0.032446231693029404,0.03451339527964592,-0.0016534695168957114,0.00028257197118364275
v64_seed1_equal_softplus_b1_t20,44,train:00033321,3,3,1,2.0729126930236816,0.9885637760162354,0.36613404750823975,0.7182149887084961,0.0001,30.642039912971818,9.334419191874257,0.5391450111336584,0.46140503883361816,0.0002799690410029143,-0.0008252416155301034,0.00011675602581817657,-0.0016374223632737994,True,353620992,618659840,0.016037099999948623,0.08840599999996357,0.09051640000006955,0.30081780000000435,0.4974508999999898,9.61063089817943,15.85963434243922,0.6775426864624023,-0.03243880718946457,0.03451400250196457,-0.0016374223632737994,0.0002799690410029143
v64_seed1_equal_softplus_b1_t20,45,train:00031613,3,3,0,0.15641896426677704,0.15641896426677704,0.0,0.0,0.0001,11.609396564675482,0.0,0.0,0.0,0.0002776016481220722,-0.000850505253765732,0.00012004363088635728,-0.0016228273743763566,True,354030592,618659840,0.01602869999999257,0.07953919999999925,0.09357090000003154,0.30604330000005575,0.4969953000000942,0.0,11.342771422184798,0.6775219440460205,-0.03243205323815346,0.03451455384492874,-0.0016228273743763566,0.0002776016481220722
v64_seed1_equal_softplus_b1_t20,46,train:00010234,3,3,3,2.2989373207092285,0.7973716259002686,0.8237013220787048,0.6778644323348999,0.0001,38.839925649350015,4.401818282471929,0.1656261989029642,0.4657415449619293,0.000278270774288103,-0.000865172769408673,0.00012619298649951816,-0.0016027344390749931,True,353620992,618659840,0.015261899999927664,0.08414180000011129,0.0970351999999366,0.3383079999999836,0.5365306999999575,4.438743944229789,9.50068030715799,0.6774981021881104,-0.032425910234451294,0.03451742231845856,-0.0016027344390749931,0.000278270774288103
v64_seed1_equal_softplus_b1_t20,47,train:00024453,3,3,0,0.15293118357658386,0.15293118357658386,0.0,0.0,0.0001,10.599960683696278,0.0,0.0,0.0,0.00027887916075997055,-0.000878509075846523,0.00013178422523196787,-0.0015844651497900486,True,354030592,618659840,0.01671580000004269,0.07755850000000919,0.10274860000004082,0.2911432999999306,0.4890550999999732,0.0,10.311208511662008,0.6774779558181763,-0.0324203260242939,0.03452003002166748,-0.0015844651497900486,0.00027887916075997055
v64_seed1_equal_softplus_b1_t20,48,train:00018203,1,1,1,2.0671753883361816,0.9228816032409668,0.3368912935256958,0.8074024319648743,0.0001,36.757651032976355,11.835822308928273,0.5451516128087173,0.45273199677467346,0.00026111031183972955,-0.0009083091863431036,0.0001592595799593255,-0.0015455648535862565,True,353620992,618659840,0.04069600000002538,0.11014920000002348,0.09792210000000523,0.27760169999999107,0.521543900000097,13.579509228342362,21.679144193342513,0.6774308085441589,-0.032410990446805954,0.034535378217697144,-0.0015455648535862565,0.00026111031183972955
v64_seed1_equal_softplus_b1_t20,49,train:00010521,2,2,4,2.025175094604492,0.7955973744392395,0.5843480825424194,0.6452296376228333,0.0001,29.69200982577404,5.799194159376199,0.22765566694866163,0.5472680330276489,0.0002499956462997943,-0.0009288164437748492,0.00019239391258452088,-0.0015243631787598133,True,354030592,618659840,0.015608499999984815,0.0726935999999796,0.08419370000001436,0.2884758000000147,0.46137830000009217,6.233232309168194,11.108609699724083,0.6774142980575562,-0.03240768983960152,0.03455434367060661,-0.0015243631787598133,0.0002499956462997943
v64_seed1_equal_softplus_b1_t20,50,train:00034733,2,2,4,2.2322254180908203,0.859520673751831,0.674418568611145,0.6982860565185547,0.0001,9.374496609196985,3.3872544814297614,0.1995038772092494,0.5750216841697693,0.0002466727455612272,-0.000951693975366652,0.00022543102386407554,-0.0014923879643902183,True,353620992,618659840,0.015325999999959095,0.07291840000004868,0.09047740000005433,0.2832963999999265,0.46418180000000575,3.302973018994627,6.9170883836761865,0.6774004697799683,-0.032404690980911255,0.03457337245345116,-0.0014923879643902183,0.0002466727455612272
v64_seed1_equal_softplus_b1_t20,51,train:00012739,3,3,0,0.12714828550815582,0.12714828550815582,0.0,0.0,0.0001,8.524060295129464,0.0,0.0,0.0,0.00024365319404751062,-0.0009724830742925406,0.00025545229436829686,-0.00146333163138479,True,238809088,520093696,8.076284299999998,0.08826910000004773,0.08960019999994984,0.29181419999997615,0.48620819999996456,0.0,8.384766286662748,0.6773905158042908,-0.03240196406841278,0.03459066152572632,-0.00146333163138479,0.00025545229436829686
v64_seed1_equal_softplus_b1_t20,52,train:00004626,3,3,0,0.1125650480389595,0.1125650480389595,0.0,0.0,0.0001,7.357158427003947,0.0,0.0,0.0,0.0002409096632618457,-0.0009913718095049262,0.0002827292191796005,-0.001436931430362165,True,238809088,520093696,0.019082600000047023,0.0931370999999217,0.09952920000000631,0.284138700000085,0.5017831000000115,0.0,7.164304150223218,0.6773836612701416,-0.032399486750364304,0.03460637107491493,-0.001436931430362165,0.0002827292191796005
v64_seed1_equal_softplus_b1_t20,53,train:00021563,1,1,0,0.1009419709444046,0.1009419709444046,0.0,0.0,0.0001,7.040841755297128,0.0,0.0,0.0,0.00023841726942919195,-0.0010085314279422164,0.00030750923906452954,-0.0014129478950053453,True,238809088,520093696,0.013385199999902397,0.07167549999996936,0.07860600000003615,0.2971870999999737,0.4616591999999855,0.0,7.019928085752832,0.6773791909217834,-0.03239723667502403,0.03462064266204834,-0.0014129478950053453,0.00030750923906452954
v64_seed1_equal_softplus_b1_t20,54,train:00008212,2,2,0,0.08984459936618805,0.08984459936618805,0.0,0.0,0.0001,5.954908432509422,0.0,0.0,0.0,0.00023615334066562355,-0.0010241181589663029,0.0003300178796052933,-0.0013911627465859056,True,238809088,520093696,0.016103899999961868,0.07939399999997931,0.14931490000003578,0.23012859999994362,0.47579050000001644,0.0,5.845134684900331,0.6773766279220581,-0.03239519149065018,0.03463360667228699,-0.0013911627465859056,0.0003300178796052933
v64_seed1_equal_softplus_b1_t20,55,train:00002126,1,1,2,2.2916860580444336,0.8323311805725098,0.7813386917114258,0.6780160665512085,0.0001,22.34478740405112,5.802816847191125,0.30569067149412116,0.4657415449619293,0.00024748494615778327,-0.0010491138091310859,0.0003550941764842719,-0.0013573379255831242,True,238809088,520093696,0.014566500000000815,0.06369690000008177,0.0645172999999204,0.20229519999998047,0.34758979999992334,6.918004646080444,10.910968037618817,0.6773478388786316,-0.03239333629608154,0.03464795649051666,-0.0013573379255831242,0.0003550941764842719
v64_seed1_equal_softplus_b1_t20,56,train:00018310,1,1,0,0.06471941620111465,0.06471941620111465,0.0,0.0,0.0001,3.981304915054811,0.0,0.0,0.0,0.00025777515838854015,-0.0010718123521655798,0.00037786588654853404,-0.0013266216265037656,True,238809088,520093696,0.013949900000056914,0.07317379999994955,0.07030029999998533,0.23033430000009503,0.3890480000000025,0.0,3.961032062823142,0.677323579788208,-0.03239164873957634,0.03466098755598068,-0.0013266216265037656,0.00037786588654853404
v64_seed1_equal_softplus_b1_t20,57,train:00027448,2,2,2,2.200453758239746,0.8507821559906006,0.6597407460212708,0.6899310350418091,0.0001,12.287737577235436,4.262684529861118,0.28292939682104895,0.45186471939086914,0.0002701703051570803,-0.0010825518984347582,0.00041272598900832236,-0.0012845613528043032,True,238809088,520093696,0.012559599999917737,0.07923360000006596,0.06911119999995208,0.2355154000000539,0.39786190000006627,4.133571776702546,8.508363014589385,0.6773137450218201,-0.03239011764526367,0.03468168154358864,-0.0012845613528043032,0.00041272598900832236
v64_seed1_equal_softplus_b1_t20,58,train:00021448,1,1,3,2.4896974563598633,0.9355072975158691,0.9097131490707397,0.644477128982544,0.0001,20.572673082009025,10.32126259478451,0.29978575668866264,0.5281873345375061,0.00028956762980669737,-0.0011059922398999333,0.0004562489048112184,-0.001255873590707779,True,238809088,520093696,0.012365599999952792,0.0553916000000072,0.06174709999993411,0.20007889999999406,0.33110339999996086,11.54622710358991,18.870758005336373,0.6773004531860352,-0.032388728111982346,0.03470936790108681,-0.001255873590707779,0.0004562489048112184
v64_seed1_equal_softplus_b1_t20,59,train:00035019,1,1,2,2.3695273399353027,0.8735998272895813,0.816228985786438,0.6796985864639282,0.0001,11.560502194279492,4.278932749118504,0.24052350573642264,0.45880311727523804,0.0003104757342953235,-0.0011344562517479062,0.0004974573384970427,-0.0012136128498241305,True,238809088,520093696,0.016359200000010787,0.04477769999994052,0.054025400000000445,0.1827743000000055,0.3001372999999603,4.295550365341749,9.539606820173804,0.6772994995117188,-0.03238746523857117,0.03473541885614395,-0.0012136128498241305,0.0004974573384970427
v64_seed1_equal_softplus_b1_t20,60,train:00011810,3,3,4,2.396634578704834,0.9040603041648865,0.8046104311943054,0.6879638433456421,0.0001,10.554225765164874,4.263412958916917,0.2667304706615395,0.5394622683525085,0.0003386216994840652,-0.0011571540962904692,0.0005480152321979403,-0.001190994051285088,True,238809088,520093696,0.010526000000027125,0.054283999999938715,0.05583750000005239,0.1691308999999137,0.29022759999998016,4.579482306061882,8.378614326383106,0.6773074269294739,-0.03239118307828903,0.03476633504033089,-0.001190994051285088,0.0005480152321979403
v64_seed1_equal_softplus_b1_t20,61,train:00000730,3,3,3,2.0987956523895264,0.9048125147819519,0.5216506719589233,0.6723324656486511,0.0001,23.597313431973514,5.97283411850898,0.3079718097091777,0.5446661114692688,0.0003614271990954876,-0.0011606068583205342,0.0006059306324459612,-0.0011662548640742898,True,238809088,520093696,0.011293500000078893,0.05225410000002739,0.05487649999997757,0.1786898000000292,0.2985736000000543,5.863931900113362,9.936165668297262,0.6773024797439575,-0.03240041062235832,0.03480174019932747,-0.0011662548640742898,0.0006059306324459612
v64_seed1_equal_softplus_b1_t20,62,train:00029834,3,3,2,2.3676562309265137,0.8594709634780884,0.812634289264679,0.6955508589744568,0.0001,19.254167487049838,3.8375837460242237,0.25011894008909,0.5134431719779968,0.00039084520540200174,-0.0011728196404874325,0.0006648761336691678,-0.0011566925095394254,True,238809088,520093696,0.011881499999958578,0.0580749000000651,0.05571199999997134,0.21206080000001748,0.33783970000001773,4.127498314723255,7.813583867561314,0.677316427230835,-0.032408781349658966,0.034839753061532974,-0.0011728196404874325,0.0006648761336691678
v64_seed1_equal_softplus_b1_t20,63,train:00033969,2,2,2,2.124141216278076,0.8689767718315125,0.5665407776832581,0.6886237859725952,0.0001,14.91356557600244,4.327252420414181,0.23253856284606825,0.5212489366531372,0.000402895180741325,-0.0011928739259019494,0.0007185446447692811,-0.0011455460917204618,True,238809088,520093696,0.013687899999922593,0.07341510000003382,0.08784670000000006,0.25171849999992446,0.42754409999997733,4.362740742920495,7.9083169633435615,0.6773190498352051,-0.032416850328445435,0.03487199544906616,-0.0011928739259019494,0.0007185446447692811
v64_seed1_equal_softplus_b1_t20,64,train:00015021,3,3,1,2.378638744354248,0.8275533318519592,0.852672278881073,0.698413074016571,0.0001,11.352687218386613,1.825176620920703,0.10891631412269628,0.4301821291446686,0.00040973909199237823,-0.0012146467342972755,0.0007623902056366205,-0.0011403413955122232,True,238809088,520093696,0.012543100000016238,0.0891889000000674,0.0855120999999599,0.30106179999995675,0.49016979999998966,2.155319136160152,5.997172843984337,0.6773172616958618,-0.0324271097779274,0.03489788994193077,-0.0012146467342972755,0.0007623902056366205
v64_seed1_equal_softplus_b1_t20,65,train:00026578,2,2,1,2.3536880016326904,0.8959775567054749,0.7464796900749207,0.7112307548522949,0.0001,10.373847196320153,2.5989876092107673,0.18955900478830123,0.4562012255191803,0.00040884289774112403,-0.0012401224812492728,0.0007934253662824631,-0.0011446726275607944,True,238809088,520093696,0.018066400000066096,0.07891970000002857,0.09602649999999358,0.2996127000000115,0.4947267000000011,2.907346411392275,6.017276173186265,0.6773104667663574,-0.03243641555309296,0.03491605073213577,-0.0012401224812492728,0.0007934253662824631
v64_seed1_equal_softplus_b1_t20,66,train:00002642,3,3,0,0.10153983533382416,0.10153983533382416,0.0,0.0,0.0001,7.162693931082562,0.0,0.0,0.0,0.00040803002775646746,-0.0012632296420633793,0.000821575173176825,-0.001148601179011166,True,238809088,520093696,0.014851799999973991,0.07445050000001174,0.06860370000003968,0.319204099999979,0.479327200000057,0.0,6.908565827350145,0.677306056022644,-0.03244485706090927,0.03493252396583557,-0.0012632296420633793,0.000821575173176825
v64_seed1_equal_softplus_b1_t20,67,train:00030239,3,3,1,2.1494479179382324,0.8504631519317627,0.6314789056777954,0.6675058007240295,0.0001,16.92768440552705,4.828564805979856,0.273651520079875,0.4466609060764313,0.0003971515689045191,-0.0012929110089316964,0.000835041981190443,-0.0011651735985651612,True,238809088,520093696,0.01985139999999319,0.11291900000003352,0.10051629999998113,0.35326850000001286,0.5879504000000679,5.091367598645934,8.552224228461228,0.6772961616516113,-0.03245251253247261,0.03493736311793327,-0.0012929110089316964,0.000835041981190443
v64_seed1_equal_softplus_b1_t20,68,train:00003223,2,2,2,2.0934746265411377,0.840595543384552,0.5820015668869019,0.6708775162696838,0.0001,13.735704260960128,5.117790955767577,0.32477980483174923,0.4882914125919342,0.00039146930794231594,-0.001331778010353446,0.000855735270306468,-0.0011991591891273856,True,238809088,520093696,0.013964399999963462,0.09199469999998655,0.09853299999997489,0.817486600000052,1.0246306999999888,5.912084393397084,9.37591622872496,0.6773201823234558,-0.032459456473588943,0.034947190433740616,-0.001331778010353446,0.000855735270306468
v64_seed1_equal_softplus_b1_t20,69,train:00003188,2,2,1,2.351189613342285,0.9917947053909302,0.7525927424430847,0.6068023443222046,0.0001,26.411478253708754,9.680404727893698,0.42019527711818055,0.47701647877693176,0.0003763394779525697,-0.0013469415716826916,0.00089600111823529,-0.001237842720001936,True,238809088,520093696,0.16231659999994008,0.6848937000000888,0.8731925999999248,2.080190700000003,3.7839976999999863,11.070564722324246,17.451026162338355,0.6773462891578674,-0.032465752214193344,0.03498513624072075,-0.0013469415716826916,0.00089600111823529
v64_seed1_equal_softplus_b1_t20,70,train:00005130,1,1,1,2.139904499053955,0.9075056314468384,0.4422076344490051,0.7901911735534668,0.0001,54.548193474359955,11.480033514653403,0.4256481884204123,0.4622723460197449,0.0003786250890698284,-0.0013729510828852654,0.000911568000447005,-0.001253183581866324,True,238809088,520093696,0.11145959999998922,0.8269243999999389,0.5944365999999945,2.605673900000056,4.121039300000007,13.472231005861147,21.20448385473538,0.6773169040679932,-0.03247145935893059,0.034994736313819885,-0.0013729510828852654,0.000911568000447005
v64_seed1_equal_softplus_b1_t20,71,train:00024743,3,3,1,2.263533115386963,0.7918137311935425,0.8005533218383789,0.6711661219596863,0.0001,9.93234382510109,2.393930543907525,0.1500338344198612,0.44492629170417786,0.0003753600176423788,-0.0014007827267050743,0.0009191784774884582,-0.0012744112173095345,True,238809088,520093696,0.02913100000000668,0.30666310000003705,0.2505859999999984,0.3738678999999365,0.9675731999999471,2.545815889194322,5.316557405858222,0.6772884130477905,-0.03247871249914169,0.034998852759599686,-0.0014007827267050743,0.0009191784774884582
v64_seed1_equal_softplus_b1_t20,72,train:00017499,1,1,0,0.13807052373886108,0.13807052373886108,0.0,0.0,0.0001,10.448071862623486,0.0,0.0,0.0,0.00037240024539642036,-0.0014260119060054421,0.0009260773658752441,-0.001293653971515596,True,238809088,520093696,0.020689300000071853,0.09038069999996878,0.12547119999999268,0.3491417000000183,0.5860645000000204,0.0,10.187991653293535,0.6772643327713013,-0.03248528763651848,0.035002585500478745,-0.0014260119060054421,0.0009260773658752441
v64_seed1_equal_softplus_b1_t20,73,train:00013309,1,1,0,0.11726275086402893,0.11726275086402893,0.0,0.0,0.0001,8.409198211836939,0.0,0.0,0.0,0.0003697174834087491,-0.001448879949748516,0.000932330556679517,-0.0013110958971083164,True,238809088,520093696,0.017563399999971807,0.10497859999998127,0.1169615999999678,0.326510600000006,0.5672197000000097,0.0,8.203296606756776,0.6772437691688538,-0.03249124810099602,0.03500596806406975,-0.001448879949748516,0.000932330556679517
v64_seed1_equal_softplus_b1_t20,74,train:00003569,3,3,2,2.1714701652526855,0.8206558227539062,0.6828666925430298,0.6679477095603943,0.0001,16.852679431231802,5.568801958891348,0.35708352967890294,0.45967042446136475,0.0003721523971762508,-0.0014513032510876656,0.0009270035661756992,-0.0013398955343291163,True,238809088,520093696,0.01693610000006629,0.09612219999996796,0.11322849999999107,0.3264418999999634,0.5535500999999385,3.557770639518673,7.905187264410021,0.6772010922431946,-0.03249812871217728,0.03500072658061981,-0.0014513032510876656,0.0009270035661756992
v64_seed1_equal_softplus_b1_t20,75,train:00025628,2,2,0,0.10301052778959274,0.10301052778959274,0.0,0.0,0.0001,7.754760920617856,0.0,0.0,0.0,0.00037435904960148036,-0.0014534994261339307,0.000922175997402519,-0.001365995267406106,True,238809088,520093696,0.018396199999983764,0.09100029999990511,0.11510200000009263,0.3480310999999574,0.5727309999999761,0.0,7.661823429306607,0.6771636009216309,-0.0325043648481369,0.03499597683548927,-0.0014534994261339307,0.000922175997402519
v64_seed1_equal_softplus_b1_t20,76,train:00012602,2,2,0,0.07926873117685318,0.07926873117685318,0.0,0.0,0.0001,5.429636226250251,0.0,0.0,0.0,0.0003763586573768407,-0.0014554895460605621,0.0009178013424389064,-0.001389646204188466,True,238809088,520093696,0.020855900000015026,0.09968470000001162,0.1166781000000583,0.37042059999998855,0.6092473999999584,0.0,5.31925358335434,0.6771305203437805,-0.03251001611351967,0.03499167039990425,-0.0014554895460605621,0.0009178013424389064
v64_seed1_equal_softplus_b1_t20,77,train:00023818,1,1,0,0.07066592574119568,0.07066592574119568,0.0,0.0,0.0001,5.030153951364017,0.0,0.0,0.0,0.00037817051634192467,-0.0014572928193956614,0.0009138374589383602,-0.0014110764022916555,True,238809088,520093696,0.01456180000002405,0.09658120000005965,0.11551719999999932,0.32961089999992055,0.5574414999999817,0.0,4.990566802276828,0.6771013736724854,-0.032515138387680054,0.03498777002096176,-0.0014572928193956614,0.0009138374589383602
v64_seed1_equal_softplus_b1_t20,78,train:00014869,1,1,0,0.05632041394710541,0.05632041394710541,0.0,0.0,0.0001,3.6883995659177127,0.0,0.0,0.0,0.0003798120887950063,-0.0014589265920221806,0.0009102461044676602,-0.0014304927317425609,True,238809088,520093696,0.018460600000025806,0.10387470000000576,0.1309912000000395,0.42209790000003977,0.6765857000000324,0.0,3.6692445780228473,0.6770756244659424,-0.03251977637410164,0.03498423472046852,-0.0014589265920221806,0.0009102461044676602
v64_seed1_equal_softplus_b1_t20,79,train:00034544,3,3,4,2.4114370346069336,0.9050716161727905,0.7944906949996948,0.7118746638298035,0.0001,9.297212651134076,3.1123369366445504,0.1428039005150094,0.524718165397644,0.00037900079041719437,-0.001457866164855659,0.0009049257496371865,-0.001436939463019371,True,238809088,520093696,0.018965999999977612,0.11663690000000315,0.13574790000006942,0.3288526000000047,0.6015927000000829,3.0957010170634707,7.530904321724867,0.6770212054252625,-0.03252396732568741,0.03497776761651039,-0.001457866164855659,0.0009049257496371865
v64_seed1_equal_softplus_b1_t20,80,train:00023243,3,3,1,2.095585346221924,0.9301387667655945,0.48909223079681396,0.6763543486595154,0.0001,16.767821288284317,8.591724983451373,0.4687718300641412,0.45099741220474243,0.00036467573954723775,-0.0014706325018778443,0.0009272778406739235,-0.0014629681827500463,True,238809088,520093696,0.015408599999886974,0.09806350000008024,0.11928899999998066,0.33111969999993107,0.565142299999934,6.56100778002712,11.709635950093933,0.6770237684249878,-0.032529134303331375,0.03499411791563034,-0.0014706325018778443,0.0009272778406739235
v64_seed1_equal_softplus_b1_t20,81,train:00004074,3,3,0,0.03541065752506256,0.03541065752506256,0.0,0.0,0.0001,2.153247235292596,0.0,0.0,0.0,0.0003516998840495944,-0.001482196501456201,0.0009475247352384031,-0.0014865454286336899,True,238809088,520093696,0.016247099999986858,0.09599019999996017,0.10882970000000114,0.3280976000000919,0.5504318000000694,0.0,2.1140649681694152,0.67702716588974,-0.03253381326794624,0.035008929669857025,-0.0014865454286336899,0.0009475247352384031
v64_seed1_equal_softplus_b1_t20,82,train:00009495,3,3,3,2.0756824016571045,0.8539034724235535,0.5328580737113953,0.6889208555221558,0.0001,12.697018569179116,7.187603328637411,0.36221805482984337,0.457068532705307,0.00033921224530786276,-0.0015054948162287474,0.0009593995637260377,-0.0014840393560007215,True,238809088,520093696,0.016267499999912616,0.09265940000000228,0.11571670000000722,0.3305258000000322,0.5564739000000145,4.253954977456702,11.319832931000883,0.6770098209381104,-0.03253805264830589,0.035015419125556946,-0.0015054948162287474,0.0009593995637260377
v64_seed1_equal_softplus_b1_t20,83,train:00017983,2,2,0,0.03077467530965805,0.03077467530965805,0.0,0.0,0.0001,1.9060063043965425,0.0,0.0,0.0,0.0003279023803770542,-0.0015265957918018103,0.0009701544186100364,-0.0014817696064710617,True,238809088,520093696,0.01675960000000032,0.09845909999989999,0.11052540000002864,0.31748290000007273,0.5445656000000554,0.0,1.8966717809964102,0.6769948601722717,-0.03254189342260361,0.03502129763364792,-0.0015265957918018103,0.0009701544186100364
v64_seed1_equal_softplus_b1_t20,84,train:00030224,3,3,1,2.153249502182007,0.8979602456092834,0.6432464122772217,0.6120429635047913,0.0001,17.095159400682935,8.537955034987206,0.48409128271035606,0.422376424074173,0.0003416759427636862,-0.001556052127853036,0.0009689174476079643,-0.0014537207316607237,True,238809088,520093696,0.018334199999912926,0.09665769999992335,0.11768230000006952,0.31297329999995327,0.5480709999999362,5.494678788211313,12.434359676041222,0.6769745349884033,-0.03254536911845207,0.03501495346426964,-0.001556052127853036,0.0009689174476079643
v64_seed1_equal_softplus_b1_t20,85,train:00010516,2,2,0,0.029986921697854996,0.029986921697854996,0.0,0.0,0.0001,1.8482699024900031,0.0,0.0,0.0,0.00035414870944805443,-0.0015827264869585633,0.0009677972993813455,-0.0014283208874985576,True,238809088,520093696,0.018982199999982186,0.09970099999998183,0.1091466999999966,0.3290183999999954,0.5617600000000493,0.0,1.842339993596933,0.6769574284553528,-0.03254851698875427,0.03500920906662941,-0.0015827264869585633,0.0009677972993813455
v64_seed1_equal_softplus_b1_t20,86,train:00009148,3,3,1,2.2355470657348633,0.9212653636932373,0.6646569967269897,0.6496245861053467,0.0001,13.540259531476698,6.584531886904425,0.360363131007485,0.41196879744529724,0.0003789053880609572,-0.0016124933026731014,0.0009489724761806428,-0.0013871911214664578,True,238809088,520093696,0.015227600000002894,0.10022849999995742,0.11967700000002424,0.34150899999997364,0.5779517999999371,4.2993538012598265,9.642030147421861,0.6769245266914368,-0.032551366835832596,0.03498869389295578,-0.0016124933026731014,0.0009489724761806428
v64_seed1_equal_softplus_b1_t20,87,train:00027428,2,2,4,2.3349833488464355,0.908940851688385,0.763829231262207,0.6622133255004883,0.0001,8.698707953960827,4.277077332731088,0.2126818840626005,0.4891587197780609,0.0004055509634781629,-0.0016394603298977017,0.0009386612218804657,-0.001335762906819582,True,238809088,520093696,0.017572599999994054,0.10642509999991034,0.1443367000000535,0.3835120999999617,0.652322799999979,2.0521422887092613,7.3910826383336765,0.6768898963928223,-0.03255220875144005,0.034976184368133545,-0.0016394603298977017,0.0009386612218804657
v64_seed1_equal_softplus_b1_t20,88,train:00026158,2,2,0,0.034170832484960556,0.034170832484960556,0.0,0.0,0.0001,2.060472193787326,0.0,0.0,0.0,0.00042967527406290174,-0.0016638756496831775,0.0009293256443925202,-0.001289200852625072,True,238809088,520093696,0.016057400000022426,0.11441709999996874,0.12984099999994214,0.3695705000000089,0.6310936999999512,0.0,2.0518734432852366,0.6768612265586853,-0.03255297243595123,0.03496485948562622,-0.0016638756496831775,0.0009293256443925202
v64_seed1_equal_softplus_b1_t20,89,train:00023593,3,3,1,2.1726980209350586,0.9277985095977783,0.5547050833702087,0.6901944875717163,0.0001,21.783187771407523,11.070871205594235,0.45309449451309963,0.45359930396080017,0.000438049144577235,-0.0016973537858575583,0.0009068819927051663,-0.0012226216495037079,True,238809088,520093696,0.014067900000100053,0.09993280000003324,0.12087389999999232,0.3346738999999843,0.5708032999999659,10.001079371123907,16.008115553042654,0.676784336566925,-0.03255366161465645,0.03493717312812805,-0.0016973537858575583,0.0009068819927051663
v64_seed1_equal_softplus_b1_t20,90,train:00001912,3,3,4,2.1883816719055176,0.8756158351898193,0.6606414318084717,0.652124285697937,0.0001,10.999880175609691,3.328779489896528,0.15838445182640012,0.47701647877693176,0.0004560221277642995,-0.001725999522022903,0.0008941191481426358,-0.0011584121966734529,True,238809088,520093696,0.014265000000023065,0.09875769999996464,0.14092340000001968,0.32255110000005516,0.5777060000000347,2.7306380233230017,7.359729274215383,0.6767261028289795,-0.03255428746342659,0.034918561577796936,-0.001725999522022903,0.0008941191481426358
v64_seed1_equal_softplus_b1_t20,91,train:00003402,3,3,0,0.042977865785360336,0.042977865785360336,0.0,0.0,0.0001,2.7335816086130227,0.0,0.0,0.0,0.00047229143092408776,-0.0017519298708066344,0.0008825660916045308,-0.0011002891696989536,True,238809088,520093696,0.015199899999970512,0.09714199999996254,0.10964880000005905,0.3257297000000108,0.5488694000000578,0.0,2.6382948745250805,0.6766772866249084,-0.032554853707551956,0.03490171581506729,-0.0017519298708066344,0.0008825660916045308
v64_seed1_equal_softplus_b1_t20,92,train:00027353,2,2,2,2.3153820037841797,0.9806610345840454,0.6709396839141846,0.6637814044952393,0.0001,20.99691836728492,5.330116875044493,0.2722667850665628,0.4310494363307953,0.0004889961564913392,-0.001762239495292306,0.0008779023191891611,-0.0010612140176817775,True,238809088,520093696,0.015527700000006917,0.11426249999999527,0.12037729999997282,0.33085400000004483,0.5822818999999981,3.3227189268321764,8.17747213787078,0.676629900932312,-0.032555367797613144,0.034890901297330856,-0.001762239495292306,0.0008779023191891611
v64_seed1_equal_softplus_b1_t20,93,train:00012684,3,3,0,0.050949182361364365,0.050949182361364365,0.0,0.0,0.0001,3.267984479940883,0.0,0.0,0.0,0.0005041155964136124,-0.001771570765413344,0.0008736810996197164,-0.0010258469264954329,True,238809088,520093696,0.015122299999916322,0.09504070000002685,0.1131722999999738,0.3332956000000422,0.5578407000000425,0.0,3.210760190519066,0.6765884757041931,-0.03255582973361015,0.0348811112344265,-0.001771570765413344,0.0008736810996197164
v64_seed1_equal_softplus_b1_t20,94,train:00015582,1,1,1,2.180032253265381,0.7776069045066833,0.7493841052055359,0.6530412435531616,0.0001,13.808506058172675,8.019571997077938,0.3747642674885732,0.4076322615146637,0.0005366930272430182,-0.001764381886459887,0.0008584766765125096,-0.0010042526992037892,True,238809088,520093696,0.016503999999940788,0.10338330000001861,0.11782869999990453,0.32198780000010174,0.5613768000000618,4.693972046338892,11.17020534686387,0.6765336394309998,-0.03255625069141388,0.03486063703894615,-0.001764381886459887,0.0008584766765125096
v64_seed1_equal_softplus_b1_t20,95,train:00025548,2,2,1,2.185096263885498,0.8739053606987,0.36162567138671875,0.9495651721954346,0.0001,23.89832091796219,12.270244689341409,0.5643712316566628,0.42150911688804626,0.0005855564377270639,-0.0017397422343492508,0.0008678036974743009,-0.0010105352848768234,True,238809088,520093696,0.015646899999978814,0.09708390000002964,0.1187029000000166,0.3874263999999812,0.620924700000046,8.926219004385006,20.828366068424998,0.6765081882476807,-0.03255663067102432,0.034868694841861725,-0.0017397422343492508,0.0008678036974743009
v64_seed1_equal_softplus_b1_t20,96,train:00001852,2,2,1,2.2543301582336426,0.9041168689727783,0.6718910932540894,0.6783222556114197,0.0001,12.302078245448609,5.991338042015391,0.36914131712330067,0.4093668758869171,0.0006148376269266009,-0.0017028485890477896,0.0008937553502619267,-0.0010251824278384447,True,238809088,520093696,0.015457800000035604,0.09870310000007976,0.1133586999999352,0.3255399000000807,0.5548984000000701,3.4357897375511235,7.691649537326472,0.6764681339263916,-0.03255697339773178,0.034891609102487564,-0.0017028485890477896,0.0008937553502619267
v64_seed1_equal_softplus_b1_t20,97,train:00024108,2,2,1,1.7858248949050903,0.8471810817718506,0.17263734340667725,0.7660064697265625,0.0001,18.202010480315575,8.697357929266095,0.6219387133519871,0.43712055683135986,0.0006646626861765981,-0.0016516789328306913,0.0008934367215260863,-0.0010645841248333454,True,238809088,520093696,0.014308099999993829,0.10892730000000483,0.11655419999999594,0.32958209999992505,0.5704662999999073,4.550101863867429,11.267761899218693,0.6764212250709534,-0.03255728259682655,0.034896496683359146,-0.0016516789328306913,0.0008934367215260863
v64_seed1_equal_softplus_b1_t20,98,train:00020192,3,3,0,0.08761844038963318,0.08761844038963318,0.0,0.0,0.0001,6.3258831034257685,0.0,0.0,0.0,0.0007097470806911588,-0.0016053778817877173,0.0008931484189815819,-0.0011002368992194533,True,238809088,520093696,0.018457400000102098,0.09482779999996183,0.10873650000007729,0.32355759999995826,0.5468074000000342,0.0,6.216911913633589,0.6763831377029419,-0.032557565718889236,0.03490091860294342,-0.0016053778817877173,0.0008931484189815819
v64_seed1_equal_softplus_b1_t20,99,train:00004996,2,2,11,2.646686315536499,1.049970269203186,0.88931804895401,0.707397997379303,0.0001,28.670814111637764,1.6026177565320374,0.07767588150460036,0.5394622683525085,0.0007525819237343967,-0.0015601408667862415,0.0008967770263552666,-0.001134468475356698,True,238809088,520093696,0.01747339999997166,0.09745029999999133,0.11686040000006415,0.33003150000001824,0.5630157000000509,1.09878575893505,6.906144107663667,0.6763582229614258,-0.03255781903862953,0.034908413887023926,-0.0015601408667862415,0.0008967770263552666
v64_seed1_equal_softplus_b1_t20,100,train:00003203,2,2,2,1.81443190574646,0.6996175050735474,0.3759754002094269,0.7388389706611633,0.0001,15.191913512024279,4.622614437721318,0.22628448911765556,0.49349522590637207,0.0007940026116557419,-0.0015161463525146246,0.0008815210894681513,-0.0011603221064433455,True,238809088,520093696,0.018514499999923828,0.09965660000000298,0.11588230000006661,0.32379760000003444,0.5585426000000098,4.526722331230957,10.945841828670078,0.6763158440589905,-0.03255237266421318,0.03489941731095314,-0.0015161463525146246,0.0008815210894681513
v64_seed1_equal_softplus_b1_t20,101,train:00035264,1,1,1,2.271151542663574,0.8886446952819824,0.657686173915863,0.7248207330703735,0.0001,13.146432536495281,4.494513355520208,0.25531968188861537,0.4301821291446686,0.0008216264541260898,-0.00148452736902982,0.0008583316230215132,-0.0011946249287575483,True,296452608,576716800,20.532220099999904,0.09105360000000928,0.10678610000002209,0.3196342999999615,0.5355387999999266,3.1283425688943534,8.476427904106533,0.6762828230857849,-0.032547444105148315,0.034882210195064545,-0.00148452736902982,0.0008583316230215132
v64_seed1_equal_softplus_b1_t20,102,train:00015226,3,3,0,0.12592878937721252,0.12592878937721252,0.0,0.0,0.0001,9.731193356148749,0.0,0.0,0.0,0.0008466169820167124,-0.0014559224946424365,0.0008373527089133859,-0.0012256577610969543,True,296452608,576716800,0.022099100000104954,0.07646420000003218,0.09484439999994265,0.3135484000000588,0.5082365000000664,0.0,9.58892285721257,0.6762552857398987,-0.032542984932661057,0.03486664220690727,-0.0014559224946424365,0.0008466169820167124
v64_seed1_equal_softplus_b1_t20,103,train:00026498,2,2,1,2.4109079837799072,0.9342066645622253,0.7886855006217957,0.688015878200531,0.0001,11.068228588005987,2.026484876189962,0.15658332974742717,0.4579358398914337,0.0008631066884845495,-0.0014352119760587811,0.0008123040897771716,-0.0012601632624864578,True,296452608,576716800,0.016476099999977123,0.09773869999992257,0.1394109999999955,0.4398451000000705,0.6959744000000683,1.3324901444407038,5.0218660753784565,0.6762344241142273,-0.03253953903913498,0.03484710305929184,-0.0014352119760587811,0.0008631066884845495
v64_seed1_equal_softplus_b1_t20,104,train:00029468,3,3,2,2.1258912086486816,0.7828899025917053,0.6698499917984009,0.6731513738632202,0.0001,13.95435470685276,3.2994497514896746,0.24127306386948746,0.48395490646362305,0.00086855364497751,-0.0014248420484364033,0.0007962679374031723,-0.0013021555496379733,True,296452608,576716800,0.022025299999995696,0.1780952999999954,0.17394480000007206,0.30793979999998555,0.6829687000000604,2.2914360452793963,6.25841150124868,0.6762230396270752,-0.03253642097115517,0.034832872450351715,-0.0014248420484364033,0.00086855364497751
v64_seed1_equal_softplus_b1_t20,105,train:00001209,2,2,2,2.1533961296081543,0.7912821769714355,0.6585066318511963,0.7036072015762329,0.0001,13.525096768486392,2.954344527898973,0.2546165395139912,0.5030355453491211,0.0008605421171523631,-0.0014125688467174768,0.0007693280349485576,-0.001349781989119947,True,296452608,576716800,0.015579099999968093,0.10099270000000615,0.14326389999996536,0.34509300000001986,0.6069056999999702,2.0815400449666317,5.323870895077948,0.676213800907135,-0.03253565728664398,0.03481166064739227,-0.0014125688467174768,0.0008605421171523631
v64_seed1_equal_softplus_b1_t20,106,train:00027298,2,2,1,2.4263436794281006,0.8043617010116577,0.9193451404571533,0.7026367783546448,0.0001,8.840523848743024,0.6768287108708304,0.05979429857811906,0.5021682381629944,0.0008509370381943882,-0.0014035054482519627,0.000742620846722275,-0.0013952560257166624,True,296452608,576716800,0.017755699999952412,0.09866349999992963,0.11669730000005529,0.6518873999999641,0.8872281000000157,0.715037322706817,3.428678946942104,0.6762112975120544,-0.032536301761865616,0.03479083627462387,-0.0014035054482519627,0.0008509370381943882
v64_seed1_equal_softplus_b1_t20,107,train:00003517,3,3,4,2.1352248191833496,0.7382171154022217,0.7234501242637634,0.6735576391220093,0.0001,11.831193966340862,2.7436420103660244,0.22762960064633286,0.5464007258415222,0.0008403047104366124,-0.0013836747966706753,0.0007163863629102707,-0.0014460441889241338,True,296452608,576716800,0.04011270000000877,0.5213808000000881,1.0227793999999903,2.0337160999999924,3.645650900000078,1.8249937715981897,7.511550580036639,0.6762215495109558,-0.03253943473100662,0.034770868718624115,-0.0014460441889241338,0.0008403047104366124
v64_seed1_equal_softplus_b1_t20,108,train:00024348,3,3,5,2.09442138671875,0.7668806910514832,0.644123375415802,0.6834173202514648,0.0001,7.449370938183532,2.4780459734792784,0.2368251548125321,0.5698179006576538,0.0008378004422411323,-0.00136701634619385,0.0006891203229315579,-0.0014760543126612902,True,296452608,576716800,0.1563846999999896,0.6906075000000556,1.1627124000000322,3.121749099999988,5.124308799999994,1.4168534609606755,6.000623441706039,0.6761905550956726,-0.03253474086523056,0.034750793129205704,-0.0014760543126612902,0.0008378004422411323
v64_seed1_equal_softplus_b1_t20,109,train:00021858,2,2,5,2.231701135635376,0.7760589718818665,0.7691786885261536,0.686463475227356,0.0001,9.42860644735581,2.039451430479414,0.18513072780519393,0.5559410452842712,0.0008393838652409613,-0.0013541191583499312,0.0006721288082189858,-0.001491995295509696,True,296452608,576716800,0.1338077999999996,1.129802199999972,0.547755000000052,0.8779451000000336,2.6971150000000534,1.1447702869285896,5.506917993708282,0.676152765750885,-0.032529350370168686,0.034737683832645416,-0.001491995295509696,0.0008393838652409613
v64_seed1_equal_softplus_b1_t20,110,train:00001816,3,3,0,0.17821472883224487,0.17821472883224487,0.0,0.0,0.0001,14.815379733912094,0.0,0.0,0.0,0.0008408158319070935,-0.0013424556236714125,0.0006567625678144395,-0.0015064114704728127,True,296452608,576716800,0.026023099999974875,0.11958140000001549,0.11890049999999519,0.3175012000000379,0.5827078000000938,0.0,14.588794971517803,0.6761195659637451,-0.032524473965168,0.03472582995891571,-0.0015064114704728127,0.0008408158319070935
v64_seed1_equal_softplus_b1_t20,111,train:00010379,3,3,5,2.051744222640991,0.7610729932785034,0.6052531599998474,0.6854180693626404,0.0001,12.863505103994026,2.7569963359989456,0.2106473726001343,0.5377276539802551,0.0008416511118412018,-0.001338816829957068,0.0006542505580000579,-0.001509664230979979,True,296452608,576716800,0.020597899999984293,0.09714719999999488,0.11520980000000236,0.31877800000006573,0.5530165000000125,1.579016647844219,6.242236406052717,0.6760903596878052,-0.032519079744815826,0.03472324088215828,-0.001509664230979979,0.0008416511118412018
v64_seed1_equal_softplus_b1_t20,112,train:00024293,2,2,0,0.19525572657585144,0.19525572657585144,0.0,0.0,0.0001,15.338490624989428,0.0,0.0,0.0,0.0008424064144492149,-0.0013355263508856297,0.0006519790040329099,-0.0015126055805012584,True,296452608,576716800,0.015351199999940945,0.09988820000000942,0.1128468999999086,0.3211072999999942,0.5525925999999117,0.0,15.162442589420545,0.6760644912719727,-0.03251420333981514,0.034720901399850845,-0.0015126055805012584,0.0008424064144492149
v64_seed1_equal_softplus_b1_t20,113,train:00021123,1,1,2,2.3170948028564453,0.8960660696029663,0.7353145480155945,0.6857143640518188,0.0001,24.44175534715225,2.542014572157753,0.26031064443059204,0.5195143222808838,0.0008465741411782801,-0.001321370480582118,0.0006631654687225819,-0.0015247392002493143,True,296452608,576716800,0.01513790000001336,0.09796869999991031,0.10713860000009845,0.34014189999993505,0.5624005999999326,1.6232176760455341,5.3635515956337105,0.6760510206222534,-0.03250979259610176,0.03472490981221199,-0.0015247392002493143,0.0008465741411782801
v64_seed1_equal_softplus_b1_t20,114,train:00016549,1,1,0,0.15326392650604248,0.15326392650604248,0.0,0.0,0.0001,13.12687513785035,0.0,0.0,0.0,0.0008503426215611398,-0.0013085706159472466,0.000673280272167176,-0.0015357105294242501,True,296452608,576716800,0.018709100000023682,0.09587649999991754,0.11307830000009744,0.31239979999998013,0.5412588000000369,0.0,12.619333253640209,0.6760397553443909,-0.03250580281019211,0.034728534519672394,-0.0015357105294242501,0.0008503426215611398
v64_seed1_equal_softplus_b1_t20,115,train:00011499,3,3,3,2.125281810760498,0.8147057890892029,0.6278945803642273,0.6826815605163574,0.0001,12.688584360021638,2.5965609722225507,0.2264754243478748,0.5186470150947571,0.0008534229709766805,-0.0013094149762764573,0.0006828068289905787,-0.0015360696706920862,True,296452608,576716800,0.019218199999954777,0.0947847999999567,0.10922450000009576,0.32476489999999103,0.5522035999999844,1.5230035872811634,5.694335718891653,0.6760167479515076,-0.032500579953193665,0.034731924533843994,-0.0015360696706920862,0.0008534229709766805
v64_seed1_equal_softplus_b1_t20,116,train:00012547,3,3,0,0.102076955139637,0.102076955139637,0.0,0.0,0.0001,7.566146684738058,0.0,0.0,0.0,0.0008562080329284072,-0.0013101784279569983,0.000691420107614249,-0.0015363943530246615,True,296452608,576716800,0.014696500000013657,0.08709670000007463,0.10860649999995076,0.32302320000007967,0.5359382000000323,0.0,7.480235011784636,0.6759965419769287,-0.032495856285095215,0.03473499044775963,-0.0015363943530246615,0.0008562080329284072
v64_seed1_equal_softplus_b1_t20,117,train:00033311,3,3,2,2.1445374488830566,0.7731660008430481,0.6819159984588623,0.6894556283950806,0.0001,7.48993815497369,2.3792649541364086,0.23551621456502422,0.5359930992126465,0.0008488825988024473,-0.0013192543992772698,0.0006895530386827886,-0.0015459948917850852,True,296452608,576716800,0.017815599999948972,0.09906799999998839,0.11643170000002101,0.3443070999999236,0.5795095999999376,1.3249983925170212,6.272151013111468,0.6759920120239258,-0.032491762191057205,0.034732040017843246,-0.0015459948917850852,0.0008488825988024473
v64_seed1_equal_softplus_b1_t20,118,train:00031018,2,2,2,2.055185317993164,0.8416487574577332,0.5282301902770996,0.6853063106536865,0.0001,25.719703672671425,4.019181928140195,0.3076829326932847,0.5307892560958862,0.0008273007697425783,-0.0013395723653957248,0.0006733823101967573,-0.0015484743053093553,True,296452608,576716800,0.01935820000005606,0.10198300000001836,0.11234809999996287,0.3245650999999725,0.5607510999999477,2.9064209893057638,7.283760370330919,0.6759737730026245,-0.032488059252500534,0.03471820428967476,-0.0015484743053093553,0.0008273007697425783
v64_seed1_equal_softplus_b1_t20,119,train:00020238,3,3,1,2.2449941635131836,0.8718926310539246,0.7080603837966919,0.6650413274765015,0.0001,11.232776358973505,2.4676155136563236,0.2173811219238332,0.45359930396080017,0.0007989058503881097,-0.0013657442759722471,0.0006500635063275695,-0.0015593292191624641,True,296452608,576716800,0.017269800000008217,0.09471299999995608,0.10560800000007475,0.3269278000000213,0.5460667000000967,2.1514314378393253,5.998065434320834,0.6759651303291321,-0.03248918429017067,0.034699294716119766,-0.0015593292191624641,0.0007989058503881097
v64_seed1_equal_softplus_b1_t20,120,train:00017586,2,2,0,0.06541985273361206,0.06541985273361206,0.0,0.0,0.0001,4.6524120585833755,0.0,0.0,0.0,0.0007732367375865579,-0.0013894038274884224,0.0006289831944741309,-0.0015691420994699001,True,296452608,576716800,0.016894299999989926,0.10446220000005724,0.11913960000003954,0.3594800999999279,0.6019308999999566,0.0,4.609980718829438,0.6759591102600098,-0.03249020129442215,0.034682199358940125,-0.0015691420994699001,0.0007732367375865579
v64_seed1_equal_softplus_b1_t20,121,train:00026178,2,2,0,0.06670419126749039,0.06670419126749039,0.0,0.0,0.0001,4.80576968640641,0.0,0.0,0.0,0.0007500326028093696,-0.0014107914175838232,0.0006099271704442799,-0.001578012714162469,True,296452608,576716800,0.0190028000000666,0.08540470000002642,0.10349350000001323,0.3464171999999053,0.5567286999998942,0.0,4.783365530216343,0.6759551763534546,-0.03249112144112587,0.034666746854782104,-0.001578012714162469,0.0007500326028093696
v64_seed1_equal_softplus_b1_t20,122,train:00004320,3,3,4,2.2960033416748047,0.8089970350265503,0.8138022422790527,0.6732039451599121,0.0001,8.875876782953895,1.7398897754788227,0.15853818154031596,0.5169124007225037,0.0007353682303801179,-0.0014285002835094929,0.0005968266632407904,-0.0015956963179633021,True,296452608,576716800,0.015850200000045334,0.09468670000001111,0.12217369999996208,0.3267573000000539,0.561281699999995,1.5669960407386039,6.947438196374353,0.6759688258171082,-0.03249238058924675,0.03465527296066284,-0.0015956963179633021,0.0007353682303801179
v64_seed1_equal_softplus_b1_t20,123,train:00016208,2,2,1,2.314187526702881,0.9663305282592773,0.6667811870574951,0.6810756921768188,0.0001,22.97677770850091,6.105033360400219,0.4170108078329549,0.4232437312602997,0.0007069165003485978,-0.0014250082895159721,0.0006053959368728101,-0.0016203958075493574,True,296452608,576716800,0.01983899999993355,0.09069849999991675,0.11299360000009528,0.3212122999999565,0.5463333000000148,4.224604483011802,9.246546394714537,0.6759682893753052,-0.032494209706783295,0.03465962037444115,-0.0016203958075493574,0.0007069165003485978
v64_seed1_equal_softplus_b1_t20,124,train:00025178,1,1,0,0.05009819194674492,0.05009819194674492,0.0,0.0,0.0001,3.5418988508952425,0.0,0.0,0.0,0.0006811995408497751,-0.0014218519208952785,0.0006131415721029043,-0.001642721239477396,True,296452608,576716800,0.017940500000008797,0.09260649999998805,0.12261869999997543,0.31637590000002547,0.5511367999999948,0.0,3.5380243390643282,0.6759689450263977,-0.03249586373567581,0.034663550555706024,-0.001642721239477396,0.0006811995408497751
v64_seed1_equal_softplus_b1_t20,125,train:00001603,3,3,2,2.031395196914673,0.7935689091682434,0.5606560707092285,0.6771702766418457,0.0001,9.376359869816794,2.516429904147838,0.22076161613158427,0.5299219489097595,0.0006639629136770964,-0.0014117989921942353,0.0006244828109629452,-0.0016756326658651233,True,296452608,576716800,0.01883399999996982,0.09547550000002047,0.1157504999999901,0.31919029999994564,0.550821199999973,2.0006259975566953,7.3431718917840625,0.6759884357452393,-0.03250029683113098,0.03466947376728058,-0.0016756326658651233,0.0006639629136770964
v64_seed1_equal_softplus_b1_t20,126,train:00027658,3,3,0,0.054131489247083664,0.054131489247083664,0.0,0.0,0.0001,3.7169221374649206,0.0,0.0,0.0,0.0006483840406872332,-0.0014027128927409649,0.0006347332964651287,-0.001705378876067698,True,296452608,576716800,0.014339800000016112,0.08252950000007786,0.1284342999999808,0.3142759999999498,0.5407556000000113,0.0,3.711033300284136,0.6760074496269226,-0.032504305243492126,0.03467482700943947,-0.001705378876067698,0.0006483840406872332
v64_seed1_equal_softplus_b1_t20,127,train:00000991,3,3,1,2.291181802749634,0.8989990949630737,0.6947892904281616,0.6973934173583984,0.0001,5.770451858409919,2.5728466270701427,0.22865500690974058,0.4726799726486206,0.0006247846176847816,-0.001402907189913094,0.0006345779984258115,-0.0017413330497220159,True,296452608,576716800,0.021544700000049488,0.09011569999995572,0.11376580000001013,0.31761089999997694,0.5462470999999596,1.4306598770429944,4.381374885739,0.6760374903678894,-0.03250916674733162,0.0346735380589962,-0.0017413330497220159,0.0006345779984258115
v64_seed1_equal_softplus_b1_t20,128,train:00009989,2,2,1,2.285670280456543,0.7992444038391113,0.7578193545341492,0.7286064624786377,0.0001,9.769217998766667,2.5094455207410737,0.18235877406388418,0.4483954906463623,0.0005959653644822538,-0.0014100108528509736,0.0006271573365665972,-0.0017810454592108727,True,296452608,576716800,0.015144400000053793,0.09865049999996245,0.11668040000006386,0.3421875999999884,0.574667599999998,1.8525733568977316,7.045727971036073,0.676071286201477,-0.032516494393348694,0.034665852785110474,-0.0017810454592108727,0.0006271573365665972
v64_seed1_equal_softplus_b1_t20,129,train:00010052,3,3,1,1.9578008651733398,0.8129067420959473,0.4199868440628052,0.7249072790145874,0.0001,15.061857862265501,6.490893701473316,0.49104356516136927,0.4648742377758026,0.0005531916976906359,-0.001433617784641683,0.0006459072465077043,-0.001834838418290019,True,296452608,576716800,0.021571600000015678,0.09928479999996398,0.1083498000000418,0.3527524999999514,0.5822317999999314,4.726706530056175,10.312455141345065,0.6761635541915894,-0.03252989426255226,0.03467892110347748,-0.001834838418290019,0.0006459072465077043
v64_seed1_equal_softplus_b1_t20,130,train:00015662,2,2,0,0.062473542988300323,0.062473542988300323,0.0,0.0,0.0001,4.4470104583531045,0.0,0.0,0.0,0.0005145366303622723,-0.0014549515908583999,0.0006628517294302583,-0.0018834517104551196,True,296452608,576716800,0.015448699999978999,0.0892669999999498,0.12882939999997234,0.32553810000001704,0.5601004000000103,0.0,4.421407324036113,0.6762509942054749,-0.03254200518131256,0.0346907302737236,-0.0018834517104551196,0.0006628517294302583
v64_seed1_equal_softplus_b1_t20,131,train:00006289,2,2,3,2.1448731422424316,0.7819117903709412,0.6600719690322876,0.7028893232345581,0.0001,11.075481281142762,4.509595707505201,0.3387294767070058,0.4969644546508789,0.0004922835505567491,-0.0014909609453752637,0.0006851860089227557,-0.0019153195898979902,True,296452608,576716800,0.02419320000001335,0.09059219999994639,0.11494460000005802,0.3508838000000196,0.5831342999999833,2.1758771339111393,8.20155145203409,0.67633056640625,-0.032547444105148315,0.03470708802342415,-0.0019153195898979902,0.0006851860089227557
v64_seed1_equal_softplus_b1_t20,132,train:00008788,3,3,1,2.1828465461730957,0.795861005783081,0.7075721025466919,0.6794133186340332,0.0001,13.344079673863503,3.0288113509904013,0.22171912949442926,0.4379878640174866,0.00046329788165166974,-0.0015317373909056187,0.0006963681662455201,-0.0019528287230059505,True,296452608,576716800,0.015892399999984264,0.08283510000001115,0.11991869999997107,0.32473090000007687,0.54460430000006,1.8053510204625005,5.640751644393293,0.6764172911643982,-0.032552361488342285,0.034715473651885986,-0.0019528287230059505,0.0006963681662455201
v64_seed1_equal_softplus_b1_t20,133,train:00004019,3,3,2,2.1207242012023926,0.9017132520675659,0.5181611776351929,0.7008496522903442,0.0001,13.913427719172534,3.3612047667238665,0.2303171955547686,0.4622723460197449,0.0004397404845803976,-0.0015683331293985248,0.0007100688526406884,-0.00196991884149611,True,296452608,576716800,0.018242899999904694,0.0943457999999282,0.12344630000006873,0.321307299999944,0.5580605999999761,2.3964554269157556,6.235254177523285,0.6764702200889587,-0.03255382180213928,0.03472646698355675,-0.00196991884149611,0.0007100688526406884
v64_seed1_equal_softplus_b1_t20,134,train:00013170,1,1,0,0.09517721086740494,0.09517721086740494,0.0,0.0,0.0001,7.3570699236273045,0.0,0.0,0.0,0.00041845382656902075,-0.001601401367224753,0.0007224488654173911,-0.0019853615667670965,True,296452608,576716800,0.014667500000086875,0.07766159999994215,0.11841070000002674,0.3343439000000217,0.5464726000000155,0.0,7.2837511223580576,0.6765199303627014,-0.032555144280195236,0.034736402332782745,-0.0019853615667670965,0.0007224488654173911
v64_seed1_equal_softplus_b1_t20,135,train:00014844,1,1,0,0.09935694932937622,0.09935694932937622,0.0,0.0,0.0001,7.92105073740957,0.0,0.0,0.0,0.00039921957068145275,-0.001631281222216785,0.0007336352718994021,-0.0019993153400719166,True,296452608,576716800,0.022894699999937984,0.09783709999999246,0.12722120000000814,0.315432200000032,0.5657022999999981,0.0,7.654655040315397,0.6765663623809814,-0.032556336373090744,0.03474538028240204,-0.0019993153400719166,0.0007336352718994021
v64_seed1_equal_softplus_b1_t20,136,train:00025598,2,2,3,2.104611396789551,0.66843581199646,0.7635005712509155,0.6726751327514648,0.0001,13.250565537983388,4.401419657655833,0.2358462048038681,0.45186471939086914,0.0003866441547870636,-0.001668802578933537,0.0007495410391129553,-0.002000279026106,True,296452608,576716800,0.015900099999953454,0.09733559999995123,0.11432400000001053,0.3130853999999772,0.541539099999909,1.9658211653702362,10.28175767566051,0.6766104102134705,-0.032550547271966934,0.0347599983215332,-0.002000279026106,0.0007495410391129553
v64_seed1_equal_softplus_b1_t20,137,train:00014156,1,1,2,2.1173946857452393,0.7893812656402588,0.6568888425827026,0.6711246371269226,0.0001,14.345697112173424,5.095472500015584,0.29037132980913744,0.4466609060764313,0.0003774262440856546,-0.001686339732259512,0.0007680819253437221,-0.0020130902994424105,True,296452608,576716800,0.021146300000054907,0.10116650000009031,0.1124969999999621,0.3499176999999918,0.5856208000000152,2.197561098935153,7.571510222501333,0.6766548156738281,-0.03254832327365875,0.03477800264954567,-0.0020130902994424105,0.0007680819253437221
v64_seed1_equal_softplus_b1_t20,138,train:00025413,2,2,0,0.12404897809028625,0.12404897809028625,0.0,0.0,0.0001,11.826094441634854,0.0,0.0,0.0,0.00036909777554683387,-0.0017021846724674106,0.0007848337991163135,-0.002024665242061019,True,296452608,576716800,0.021691300000043157,0.09188040000003639,0.1062726999999768,0.3394301999999243,0.5620272999999543,0.0,11.466595382001193,0.6766956448554993,-0.03254631534218788,0.034794267266988754,-0.002024665242061019,0.0007848337991163135
v64_seed1_equal_softplus_b1_t20,139,train:00032891,2,2,0,0.1057746559381485,0.1057746559381485,0.0,0.0,0.0001,8.98076474869971,0.0,0.0,0.0,0.00036157312570139766,-0.0017165003810077906,0.0007999688968993723,-0.002035123063251376,True,296452608,576716800,0.01994260000003578,0.09635370000000876,0.09913189999997485,0.34026200000005247,0.5564335999999912,0.0,8.70369568886323,0.6767332553863525,-0.03254450112581253,0.034808963537216187,-0.002035123063251376,0.0007999688968993723
v64_seed1_equal_softplus_b1_t20,140,train:00025833,2,2,0,0.08258259296417236,0.08258259296417236,0.0,0.0,0.0001,6.329510957870038,0.0,0.0,0.0,0.00035477487836033106,-0.001729434123262763,0.0008136428659781814,-0.00204457133077085,True,296452608,576716800,0.016774299999951836,0.08971189999999751,0.1042446999999811,0.36142340000003514,0.5733922000000575,0.0,6.265171117435186,0.6767676472663879,-0.03254286199808121,0.034822240471839905,-0.00204457133077085,0.0008136428659781814
v64_seed1_equal_softplus_b1_t20,141,train:00008015,2,2,1,1.8357179164886475,0.751100480556488,0.35448312759399414,0.7301343083381653,0.0001,16.643450718719443,9.846810220512845,0.5353939130501753,0.4388551712036133,0.0003278760123066604,-0.001757897436618805,0.0008041532710194588,-0.0020279288291931152,True,296452608,576716800,0.022326199999952223,0.10366640000006555,0.11786340000003293,0.35013949999995475,0.595067599999993,5.357223715810364,12.180721816298535,0.6767385601997375,-0.03254137933254242,0.034814514219760895,-0.0020279288291931152,0.0008041532710194588
v64_seed1_equal_softplus_b1_t20,142,train:00020112,3,3,1,2.16715669631958,0.8281615972518921,0.6687343120574951,0.6702608466148376,0.0001,10.495159687868792,6.755938087820928,0.414660296591994,0.43712055683135986,0.0002919515536632389,-0.001792612369172275,0.0007834315183572471,-0.0019885380752384663,True,296452608,576716800,0.020457599999986087,0.1078984999999193,0.11536980000005315,0.3403719000000365,0.5858433000000787,3.9232441178628354,8.660963947804001,0.6766777038574219,-0.032537464052438736,0.03479751944541931,-0.0019885380752384663,0.0007834315183572471
v64_seed1_equal_softplus_b1_t20,143,train:00003285,2,2,0,0.07048936188220978,0.07048936188220978,0.0,0.0,0.0001,5.921218112753361,0.0,0.0,0.0,0.00025949758128263056,-0.0018239736091345549,0.0007647115853615105,-0.0019529525889083743,True,296452608,576716800,0.014363499999944906,0.08052930000008018,0.12100060000000212,0.32536419999996724,0.5427974000000404,0.0,5.642462705462706,0.6766265034675598,-0.032533928751945496,0.03478216379880905,-0.0019529525889083743,0.0007647115853615105
v64_seed1_equal_softplus_b1_t20,144,train:00013789,3,3,0,0.05735347047448158,0.05735347047448158,0.0,0.0,0.0001,4.592785796416741,0.0,0.0,0.0,0.00023017956118565053,-0.0018523045582696795,0.0007478005136363208,-0.0019208056619390845,True,296452608,576716800,0.016790300000025127,0.08306519999996453,0.12598190000005616,0.3088901999999507,0.5358598999999913,0.0,4.440670867088882,0.6765832304954529,-0.032530736178159714,0.03476829454302788,-0.0019208056619390845,0.0007478005136363208
v64_seed1_equal_softplus_b1_t20,145,train:00005751,3,3,9,2.431257486343384,0.7710490822792053,0.9757035374641418,0.6845049262046814,0.0001,12.83926672281982,0.5448255187585535,0.033458694367017545,0.4952298402786255,0.00020525127183645964,-0.001876478549093008,0.0007341771852225065,-0.0018924849573522806,True,296452608,576716800,0.015559499999994841,0.08720170000003691,0.1336474999999382,0.29726370000003044,0.5348490000000083,0.46648910931024445,9.000236778470176,0.6765466928482056,-0.03252840414643288,0.03475705906748772,-0.0018924849573522806,0.0007341771852225065
v64_seed1_equal_softplus_b1_t20,146,train:00028911,2,2,0,0.04528062045574188,0.04528062045574188,0.0,0.0,0.0001,3.5436462197378438,0.0,0.0,0.0,0.00018273280875291675,-0.0018983156187459826,0.0007218708633445203,-0.0018669019918888807,True,296452608,576716800,0.01789700000006178,0.08362490000001799,0.11065519999999651,0.3230590000000575,0.5367092999999841,0.0,3.5064681409547642,0.6765156388282776,-0.032526299357414246,0.03474690765142441,-0.0018983156187459826,0.0007218708633445203
v64_seed1_equal_softplus_b1_t20,147,train:00004064,3,3,0,0.042467910796403885,0.042467910796403885,0.0,0.0,0.0001,3.3325514813534243,0.0,0.0,0.0,0.0001623916905373335,-0.0019180412637069821,0.0007107544224709272,-0.0018437927355989814,True,296452608,576716800,0.013815099999987979,0.07680330000005142,0.11158979999993335,0.34278730000005453,0.5455984000000171,0.0,3.3103010034820133,0.676488995552063,-0.03252439945936203,0.03473773971199989,-0.0019180412637069821,0.0007107544224709272
v64_seed1_equal_softplus_b1_t20,148,train:00017410,1,1,1,2.2689270973205566,0.8973755240440369,0.6964031457901001,0.6751483678817749,0.0001,19.335453399239707,6.194769094374253,0.3881689195167697,0.44232437014579773,0.00016333538223989308,-0.0019181492971256375,0.0006872056983411312,-0.0018335552886128426,True,296452608,576716800,0.015075000000024374,0.10298209999996288,0.11733170000002247,0.3242033999999876,0.5624609999999848,2.988093942853839,9.18788616054725,0.676443338394165,-0.032531481236219406,0.034720130264759064,-0.0019181492971256375,0.0006872056983411312
v64_seed1_equal_softplus_b1_t20,149,train:00015524,3,3,0,0.029255367815494537,0.029255367815494537,0.0,0.0,0.0001,2.348699771030179,0.0,0.0,0.0,0.00016418778977822512,-0.0019182468531653285,0.0006659349310211837,-0.0018243081867694855,True,296452608,576716800,0.01652409999996962,0.08920729999999821,0.09935929999994642,0.35471350000000257,0.5600903999999218,0.0,2.27052046425982,0.6764028668403625,-0.032537877559661865,0.03470422327518463,-0.0019182468531653285,0.0006659349310211837
v64_seed1_equal_softplus_b1_t20,150,train:00020334,3,3,2,2.043809413909912,0.8817400932312012,0.4014805555343628,0.7605886459350586,0.0001,16.23096666228369,7.016222851797835,0.3649718686301258,0.4466609060764313,0.00017041577666532248,-0.0019136682385578752,0.0006279574590735137,-0.0018370659090578556,True,296452608,576716800,0.019388600000070255,0.08980689999998503,0.12838009999995847,0.3181822999999895,0.5565248000000338,4.281597769364134,13.959199229922751,0.6763724088668823,-0.03256046399474144,0.03467052802443504,-0.0019136682385578752,0.0006279574590735137
v64_seed1_equal_softplus_b1_t20,151,train:00032470,3,3,2,2.110222339630127,0.7893748879432678,0.6281086206436157,0.6927388310432434,0.0001,12.885621762508668,6.498275917144088,0.404482285570863,0.4466609060764313,0.00018364086281508207,-0.0018932498060166836,0.0006134288269095123,-0.0018657853361219168,True,238186496,513802240,20.93387210000003,0.08126100000004044,0.12083970000003319,0.3039262999999437,0.5270725000000311,2.8483099575534716,10.662699819458481,0.6763501763343811,-0.032606855034828186,0.03465772792696953,-0.0018932498060166836,0.0006134288269095123
v64_seed1_equal_softplus_b1_t20,152,train:00016579,1,1,1,2.3266382217407227,0.986396312713623,0.6620800495147705,0.6781617999076843,0.0001,16.70189390742002,6.8916117572017574,0.3947538807225246,0.42671293020248413,0.00018248414562549442,-0.0018542521866038442,0.0005869294400326908,-0.001902097137644887,True,238317568,513802240,0.02230480000002899,0.09807350000005499,0.10807320000003529,0.32159039999999095,0.5519009000000779,4.108713512932047,10.58757768270694,0.6763047575950623,-0.032648757100105286,0.03463294357061386,-0.001902097137644887,0.0005869294400326908
v64_seed1_equal_softplus_b1_t20,153,train:00024053,2,2,1,1.9600770473480225,0.8894887566566467,0.30651533603668213,0.7640729546546936,0.0001,18.09537388935633,7.839710601290692,0.5103229531972805,0.4466609060764313,0.00020340326591394842,-0.0018009589985013008,0.0005853403708897531,-0.0019530480494722724,True,238186496,513802240,0.017352099999925485,0.11157630000002428,0.1428154000000177,0.5237014999999019,0.7967448999999078,3.640376401840809,11.84935668115062,0.6762713193893433,-0.03270423784852028,0.03462674096226692,-0.0019530480494722724,0.0005853403708897531
v64_seed1_equal_softplus_b1_t20,154,train:00022558,2,2,0,0.04526517912745476,0.04526517912745476,0.0,0.0,0.0001,3.0821500330108065,0.0,0.0,0.0,0.00022229675960261375,-0.0017528262687847018,0.0005839052028022707,-0.0019990652799606323,True,238317568,513802240,0.021401700000069468,0.14661929999999757,0.12491620000002968,0.340009699999996,0.6363324000000148,0.0,3.0655950545312405,0.6762447357177734,-0.03275434672832489,0.034621138125658035,-0.0019990652799606323,0.0005839052028022707
v64_seed1_equal_softplus_b1_t20,155,train:00021018,2,2,0,0.05181165412068367,0.05181165412068367,0.0,0.0,0.0001,4.352930739259446,0.0,0.0,0.0,0.00023936039360705763,-0.0017093552742153406,0.0005826090346090496,-0.0020406257826834917,True,238186496,513802240,0.014750299999946037,0.08963670000002821,0.12121160000003783,0.3190304999999398,0.5457868999999391,0.0,4.251234300435039,0.6762237548828125,-0.032799601554870605,0.034616079181432724,-0.0020406257826834917,0.0005826090346090496
v64_seed1_equal_softplus_b1_t20,156,train:00020743,3,3,1,2.429821729660034,0.9220130443572998,0.819538414478302,0.6882703304290771,0.0001,18.991986492237057,2.2461093917060015,0.1400870529932256,0.42671293020248413,0.0002489031758159399,-0.001675287145189941,0.0005758681218139827,-0.0020837169140577316,True,238317568,513802240,0.01581599999997252,0.09275139999999737,0.10981100000003607,1.4955638999999792,1.7155489000000443,1.3998651514351237,5.6273713830043945,0.6762191653251648,-0.03284866362810135,0.03460720181465149,-0.0020837169140577316,0.0005758681218139827
v64_seed1_equal_softplus_b1_t20,157,train:00023693,3,3,2,2.5071520805358887,1.19031822681427,0.6402269601821899,0.6766067743301392,0.0001,16.339489536067376,5.67245613373832,0.24657055155855212,0.5021682381629944,0.00026704565971158445,-0.0016364059410989285,0.0005573784001171589,-0.002131938235834241,True,238186496,513802240,0.151399500000025,0.852929099999983,1.3593283999999812,3.8191362999999683,6.194047399999931,3.5577781716666252,8.849888036739166,0.6762356162071228,-0.0328996442258358,0.03458792343735695,-0.002131938235834241,0.0005573784001171589
v64_seed1_equal_softplus_b1_t20,158,train:00005554,3,3,3,2.6319146156311035,1.1271390914916992,0.8041390180587769,0.7006365656852722,0.0001,10.68273178115795,2.666083077629385,0.1503404175980039,0.4900260269641876,0.00028966725221835077,-0.0015951881650835276,0.0005468425806611776,-0.002170173218473792,True,238317568,513802240,0.20870460000003277,0.8137885999999526,1.0586218000000827,1.6443881000000147,3.7325179000000617,1.6902137854747794,6.053535269892851,0.6762457489967346,-0.032945048063993454,0.03457513079047203,-0.002170173218473792,0.0005468425806611776
v64_seed1_equal_softplus_b1_t20,159,train:00029918,3,3,1,1.9355968236923218,0.8629101514816284,0.3649279475212097,0.7077587842941284,0.0001,21.88311076492966,7.413168303386553,0.5143490767346285,0.44405898451805115,0.00028952379943802953,-0.0015775705687701702,0.0005613279645331204,-0.0022225999273359776,True,238186496,513802240,0.027885599999990518,0.26507939999999053,0.3933383999999478,0.3711993000000575,1.0560662999999977,4.287845011497787,9.473043592356696,0.6763079762458801,-0.03299041464924812,0.03458283469080925,-0.0022225999273359776,0.0005613279645331204
v64_seed1_equal_softplus_b1_t20,160,train:00007150,3,3,6,2.5181539058685303,1.0458614826202393,0.796676754951477,0.6756157279014587,0.0001,27.941780558702476,2.168527695782151,0.11326859906463604,0.5299219489097595,0.00029934715712442994,-0.0015615830197930336,0.0005735994200222194,-0.0022689332254230976,True,238317568,513802240,0.017895199999998113,0.09436540000001514,0.10821559999999408,0.31344400000000405,0.5364201999999523,1.5648590342519972,6.964735398429187,0.676369845867157,-0.03302881121635437,0.03458930924534798,-0.0022689332254230976,0.0005735994200222194
v64_seed1_equal_softplus_b1_t20,161,train:00009476,3,3,12,2.776068925857544,1.1677802801132202,0.908072829246521,0.700215756893158,0.0001,12.793210126718684,1.5778076455626644,0.0940814188810638,0.5993061661720276,0.00031208054861053824,-0.0015493417158722878,0.0005849649314768612,-0.0023052217438817024,True,238186496,513802240,0.01888850000000275,0.09822050000002491,0.11421399999994719,0.3343117000000575,0.5669410000000425,1.414701340414822,9.27664883816956,0.6764278411865234,-0.03305691480636597,0.03459569066762924,-0.0023052217438817024,0.0005849649314768612
v64_seed1_equal_softplus_b1_t20,162,train:00021643,2,2,6,2.486607551574707,0.8860617876052856,0.9079887866973877,0.6925570368766785,0.0001,10.226761881206354,1.0999753890566368,0.07099141394595222,0.4579358398914337,0.00032652041409164667,-0.0015353932976722717,0.0005980467540211976,-0.002335444325581193,True,238317568,513802240,0.016750499999943713,0.0866207999999915,0.08825509999996939,0.30370459999994637,0.4961165999999366,0.5610755450219096,4.890332372051955,0.6764768362045288,-0.033080000430345535,0.03460389003157616,-0.002335444325581193,0.0005980467540211976
v64_seed1_equal_softplus_b1_t20,163,train:00016350,1,1,0,0.07481594383716583,0.07481594383716583,0.0,0.0,0.0001,5.245299536335058,0.0,0.0,0.0,0.00033955968683585525,-0.0015227977419272065,0.0006098597077652812,-0.0023627355694770813,True,238186496,513802240,0.018080800000007002,0.09760390000008101,0.10617579999995996,0.3217979999999443,0.5450338999999076,0.0,5.229024194678837,0.6765222549438477,-0.03310084715485573,0.0346112959086895,-0.0023627355694770813,0.0006098597077652812
v64_seed1_equal_softplus_b1_t20,164,train:00025743,2,2,0,0.07142680883407593,0.07142680883407593,0.0,0.0,0.0001,4.756983541089156,0.0,0.0,0.0,0.0003513340197969228,-0.0015114240814000368,0.0006205266690813005,-0.0023873792961239815,True,238317568,513802240,0.01643320000005133,0.08321030000001883,0.10675270000001547,0.326299199999994,0.5334224000000631,0.0,4.729787398495434,0.6765642762184143,-0.033119671046733856,0.03461798280477524,-0.0023873792961239815,0.0006205266690813005
v64_seed1_equal_softplus_b1_t20,165,train:00031603,3,3,0,0.07574906200170517,0.07574906200170517,0.0,0.0,0.0001,5.130163882686599,0.0,0.0,0.0,0.00036196591099724174,-0.0015011540381237864,0.0006301586399786174,-0.0024096318520605564,True,238186496,513802240,0.017211699999961638,0.09381900000005317,0.12038829999994505,0.33479460000000927,0.5677946999999222,0.0,5.087065852267424,0.6766030788421631,-0.03313666582107544,0.034624021500349045,-0.0024096318520605564,0.0006301586399786174
v64_seed1_equal_softplus_b1_t20,166,train:00002637,3,3,1,2.4000959396362305,0.9444929957389832,0.7759701013565063,0.6796330213546753,0.0001,9.102622592784781,5.650729145745474,0.34771515035774014,0.44232437014579773,0.00035472516901791096,-0.0014967866009101272,0.0006226914701983333,-0.002413231646642089,True,238317568,513802240,0.015501900000003843,0.0875320999999758,0.10750120000000152,0.36115989999996145,0.5727572999999211,3.0957913430914807,7.204937340446621,0.6765933036804199,-0.03312338888645172,0.03461466357111931,-0.002413231646642089,0.0006226914701983333
v64_seed1_equal_softplus_b1_t20,167,train:00002565,3,3,0,0.07106991112232208,0.07106991112232208,0.0,0.0,0.0001,4.683301436201239,0.0,0.0,0.0,0.0003481872263364494,-0.0014928430318832397,0.0006159491022117436,-0.002416481962427497,True,238186496,513802240,0.01920960000006744,0.08432040000002416,0.11325439999995979,0.3428069000000278,0.5609580000000278,0.0,4.6407888906633525,0.6765850186347961,-0.03311140090227127,0.0346062146127224,-0.002416481962427497,0.0006159491022117436
v64_seed1_equal_softplus_b1_t20,168,train:00004883,2,2,1,1.8978954553604126,0.848525881767273,0.35087746381759644,0.698492169380188,0.0001,11.103969008985366,8.295272615622462,0.5495609249161547,0.424111008644104,0.00032174529042094946,-0.001463916851207614,0.0005896564689464867,-0.0024373678024858236,True,238317568,513802240,0.020526899999936177,0.08934239999996407,0.1201319000000467,0.31528260000004593,0.5464869000001045,3.2567326021798157,9.63731676527477,0.6765776872634888,-0.033118974417448044,0.03458201512694359,-0.0024373678024858236,0.0005896564689464867
v64_seed1_equal_softplus_b1_t20,169,train:00027308,2,2,1,2.357590436935425,0.8386882543563843,0.8184747099876404,0.7004274725914001,0.0001,12.309215321016323,2.231054047013665,0.1412398599771607,0.4388551712036133,0.00029212734079919755,-0.0014436343917623162,0.0005602529854513705,-0.002461231779307127,True,238186496,513802240,0.015272600000002967,0.08633199999997032,0.11718489999998383,0.31834300000002713,0.5380254000000377,3.551921860688266,9.854818240668102,0.6765856742858887,-0.033132683485746384,0.03455594927072525,-0.002461231779307127,0.0005602529854513705
v64_seed1_equal_softplus_b1_t20,170,train:00027788,3,3,0,0.06500472873449326,0.06500472873449326,0.0,0.0,0.0001,3.987577265611405,0.0,0.0,0.0,0.0002653855481185019,-0.0014253215631470084,0.0005337048205547035,-0.0024827783927321434,True,238317568,513802240,0.01443219999998746,0.09512150000000474,0.11320429999989301,0.34149890000003325,0.5658340999999609,0.0,3.959298753662052,0.6765948534011841,-0.03314506262540817,0.034532416611909866,-0.0024827783927321434,0.0005337048205547035
v64_seed1_equal_softplus_b1_t20,171,train:00024518,3,3,2,2.076511859893799,0.8422650098800659,0.5439032912254333,0.6903434991836548,0.0001,12.045792992619308,2.8827778866940346,0.20578790136430614,0.4709453582763672,0.0002475764194969088,-0.0014043236151337624,0.0004941158695146441,-0.0024976138956844807,True,238186496,513802240,0.014466299999980947,0.0911586999999372,0.12498200000004545,0.3227560000000267,0.5550852000000077,1.7496217689892388,5.793310476790958,0.6765841245651245,-0.03315097838640213,0.034500401467084885,-0.0024976138956844807,0.0004941158695146441
v64_seed1_equal_softplus_b1_t20,172,train:00009954,2,2,0,0.06186406686902046,0.06186406686902046,0.0,0.0,0.0001,3.906987185293975,0.0,0.0,0.0,0.0002314972662134096,-0.001385365379974246,0.0004583725822158158,-0.002511008409783244,True,238317568,513802240,0.016443099999946753,0.08685159999993175,0.11345890000006875,0.3009672999999111,0.5184643999999707,0.0,3.8829685075537728,0.6765763759613037,-0.033156320452690125,0.03447149321436882,-0.002511008409783244,0.0004583725822158158
v64_seed1_equal_softplus_b1_t20,173,train:00005036,2,2,6,2.4273548126220703,0.8340407609939575,0.8957381248474121,0.6975759863853455,0.0001,9.361400554970164,1.2817301071778993,0.06144991667993187,0.5273200273513794,0.00022135066683404148,-0.001366707612760365,0.0004289323405828327,-0.002523493254557252,True,238186496,513802240,0.016983200000026955,0.09763989999999012,0.12285220000001118,0.3349958000000015,0.5734791000000996,1.767552686104954,8.183440909843494,0.6765764951705933,-0.03315462917089462,0.034448448568582535,-0.002523493254557252,0.0004289323405828327
v64_seed1_equal_softplus_b1_t20,174,train:00002046,2,2,1,2.112241268157959,0.8461465835571289,0.5722958445549011,0.6937987208366394,0.0001,12.565373465618114,7.4570072761828845,0.4574905807239444,0.4388551712036133,0.00023368815891444683,-0.001364776398986578,0.0003884908801410347,-0.0025137867778539658,True,238317568,513802240,0.01680429999998978,0.0991003000000319,0.11979380000002493,0.30662919999997484,0.5438890000000356,3.46544563396085,9.054295639245746,0.6765465140342712,-0.03311167284846306,0.0344160795211792,-0.0025137867778539658,0.0003884908801410347
v64_seed1_equal_softplus_b1_t20,175,train:00033341,3,3,0,0.06407690048217773,0.06407690048217773,0.0,0.0,0.0001,3.8184895869661064,0.0,0.0,0.0,0.00024482663138769567,-0.0013630329631268978,0.0003519797173794359,-0.002505023730918765,True,238186496,513802240,0.017078299999980118,0.08953489999998965,0.12083979999999883,0.3324887999999646,0.5600403999999344,0.0,3.7992870395791836,0.676521360874176,-0.03307289257645607,0.034386854618787766,-0.002505023730918765,0.0003519797173794359
v64_seed1_equal_softplus_b1_t20,176,train:00016233,2,2,0,0.06650316715240479,0.06650316715240479,0.0,0.0,0.0001,4.057341882151623,0.0,0.0,0.0,0.000254882441367954,-0.0013614589115604758,0.0003190174465999007,-0.0024971123784780502,True,238317568,513802240,0.01764170000001286,0.09905679999997119,0.10235420000003614,0.3170992999999953,0.5371261000000231,0.0,4.04163108498966,0.6765000820159912,-0.033037882298231125,0.03436047211289406,-0.0024971123784780502,0.0003190174465999007
v64_seed1_equal_softplus_b1_t20,177,train:00007033,2,2,1,1.9963867664337158,0.9472576975822449,0.35869479179382324,0.6904342770576477,0.0001,35.53206263332188,8.274472302829725,0.4996276486560949,0.4501301050186157,0.0002851646568160504,-0.0013391826068982482,0.0003089757519774139,-0.0024728812277317047,True,238186496,513802240,0.015395699999999124,0.08638059999998404,0.10914239999999609,0.30513330000007954,0.5173204000000169,4.845823357243554,10.830604858677154,0.6764416098594666,-0.03298583999276161,0.034353677183389664,-0.0024728812277317047,0.0003089757519774139
v64_seed1_equal_softplus_b1_t20,178,train:00011607,2,2,1,2.0011649131774902,0.8805909752845764,0.4282427430152893,0.6923311948776245,0.0001,14.513619509805785,6.302874123292843,0.5026323091347332,0.4631396532058716,0.0003386781318113208,-0.0013379623414948583,0.00028314648079685867,-0.0024672471918165684,True,238317568,513802240,0.01371659999995245,0.08670529999994869,0.1154046000000335,0.301268299999947,0.518292200000019,4.770101889613868,8.593148770597114,0.6764309406280518,-0.032958731055259705,0.03433707356452942,-0.0024672471918165684,0.0003386781318113208
v64_seed1_equal_softplus_b1_t20,179,train:00004289,2,2,1,2.043267250061035,0.8472166657447815,0.4997580647468567,0.6962924003601074,0.0001,12.850992917617939,6.317320800843086,0.4568103343376641,0.4700780510902405,0.00037177870399318635,-0.0013554301112890244,0.0002825896081048995,-0.0024771871976554394,True,238186496,513802240,0.014803500000084568,0.09048860000007153,0.11029320000000098,0.33084729999995943,0.5475063000000091,4.193395944478885,9.731672385822444,0.6764601469039917,-0.032964155077934265,0.034339044243097305,-0.0024771871976554394,0.00037177870399318635
v64_seed1_equal_softplus_b1_t20,180,train:00013206,3,3,0,0.06341806799173355,0.06341806799173355,0.0,0.0,0.0001,3.7866013973157764,0.0,0.0,0.0,0.00040166001417674124,-0.00137119903229177,0.00028208689764142036,-0.0024861604906618595,True,238317568,513802240,0.031407599999965896,0.08730419999994865,0.11239880000005087,0.3309011000000055,0.5621498000000429,0.0,3.7788107039152505,0.6764875650405884,-0.032969050109386444,0.03434082493185997,-0.0024861604906618595,0.00040166001417674124
v64_seed1_equal_softplus_b1_t20,181,train:00002672,3,3,1,2.2610013484954834,0.9468927979469299,0.6199404001235962,0.6941681504249573,0.0001,7.128673739541463,5.489640719796925,0.41215042176626104,0.4796184003353119,0.0004147125000599772,-0.0013967753620818257,0.0002688522217795253,-0.002472088672220707,True,238186496,513802240,0.016637099999911698,0.08774710000000141,0.10694919999991725,0.3087990000000218,0.5221495999999206,2.546921268282624,6.380999605191237,0.6764777898788452,-0.032928746193647385,0.03433426842093468,-0.002472088672220707,0.0004147125000599772
v64_seed1_equal_softplus_b1_t20,182,train:00002407,3,3,1,1.924513816833496,0.8530360460281372,0.41556793451309204,0.6559097170829773,0.0001,17.973348038523977,6.738154256078602,0.4543288241269187,0.4726799726486206,0.000407431653002277,-0.0014382004737854004,0.00023975576914381236,-0.0024746288545429707,True,238317568,513802240,0.01607930000000124,0.09340059999999539,0.11369239999999081,0.31656580000003487,0.541368000000034,4.905492107906349,11.498975990200366,0.6765210628509521,-0.03291858732700348,0.03431503847241402,-0.0024746288545429707,0.000407431653002277
v64_seed1_equal_softplus_b1_t20,183,train:00019452,3,3,5,2.279897689819336,0.8719193339347839,0.7182230353355408,0.6897553205490112,0.0001,12.568584355358082,4.276673651745105,0.2771025922052243,0.5281873345375061,0.00040307448944076896,-0.001489656395278871,0.00022458950115833431,-0.00246788770891726,True,238186496,513802240,0.019225799999958326,0.09102969999992183,0.11091859999999087,0.33261600000003,0.5554088999999749,1.6173911079463517,6.5873352078209635,0.6765574216842651,-0.032902106642723083,0.034306321293115616,-0.00246788770891726,0.00040307448944076896
v64_seed1_equal_softplus_b1_t20,184,train:00033559,1,1,0,0.07302226126194,0.07302226126194,0.0,0.0,0.0001,4.538686593845013,0.0,0.0,0.0,0.0003991413104813546,-0.0015361050609499216,0.00021089908841531724,-0.0024618026800453663,True,238317568,513802240,0.015268200000036813,0.0865863999999874,0.10882090000006883,0.32558480000000145,0.5375902000000679,0.0,4.529886183304946,0.676592230796814,-0.032887231558561325,0.034298449754714966,-0.0024618026800453663,0.0003991413104813546
v64_seed1_equal_softplus_b1_t20,185,train:00005833,2,2,4,2.2110278606414795,0.7715044021606445,0.6961923837661743,0.7433310151100159,0.0001,11.298837270980691,5.334744546015993,0.2962595293562358,0.4718126654624939,0.00040400895522907376,-0.0015622155042365193,0.00020205715554766357,-0.002467222511768341,True,238186496,513802240,0.019142799999940507,0.09601320000001579,0.11195829999996931,0.31832090000000335,0.5458562000000029,2.652334396956992,9.94258625134115,0.6766320466995239,-0.032895348966121674,0.03429412096738815,-0.002467222511768341,0.00040400895522907376
v64_seed1_equal_softplus_b1_t20,186,train:00004893,2,2,0,0.08194536715745926,0.08194536715745926,0.0,0.0,0.0001,5.332084692029644,0.0,0.0,0.0,0.0004084027896169573,-0.0015857843682169914,0.00019407588115427643,-0.002472114749252796,True,238317568,513802240,0.01718900000003032,0.07731469999998808,0.12017479999997249,0.3119862999999441,0.5280512999999019,0.0,5.318162013285043,0.6766688823699951,-0.03290267661213875,0.034290213137865067,-0.002472114749252796,0.0004084027896169573
v64_seed1_equal_softplus_b1_t20,187,train:00028194,2,2,2,2.1490225791931152,0.811015784740448,0.611103892326355,0.7269030809402466,0.0001,9.330342437643171,6.415687517275702,0.393585370475732,0.4874241054058075,0.00039674367872066796,-0.00158578937407583,0.00018660846399143338,-0.0024874426890164614,True,238186496,513802240,0.013835700000072393,0.09003089999998792,0.11340970000003381,0.3218460000000505,0.5404002000000219,2.990808321115403,8.938334838101971,0.6767014861106873,-0.03293226286768913,0.034287597984075546,-0.0024874426890164614,0.00039674367872066796
v64_seed1_equal_softplus_b1_t20,188,train:00020349,3,3,0,0.09308229386806488,0.09308229386806488,0.0,0.0,0.0001,6.805349655551495,0.0,0.0,0.0,0.00038621973362751305,-0.0015857939142733812,0.00017986810416914523,-0.0025012781843543053,True,238317568,513802240,0.014567199999987679,0.07911519999993288,0.11037899999996625,0.35473000000001775,0.5601199999999835,0.0,6.665321136852549,0.6767317056655884,-0.032958969473838806,0.03428523987531662,-0.0025012781843543053,0.00038621973362751305
v64_seed1_equal_softplus_b1_t20,189,train:00012148,3,3,2,2.3108267784118652,0.8039986491203308,0.7776528596878052,0.7291754484176636,0.0001,16.936865447177162,5.672009233847363,0.31338529963172873,0.4562012255191803,0.00038296286948025227,-0.0015699423383921385,0.0001871598797151819,-0.0025225612334907055,True,238186496,513802240,0.016416499999991174,0.094957900000054,0.11798119999991741,0.30597450000004756,0.5368866000000025,3.517292987188531,9.886960892508599,0.676760733127594,-0.03299596160650253,0.03429236263036728,-0.0025225612334907055,0.00038296286948025227
v64_seed1_equal_softplus_b1_t20,190,train:00002632,3,3,1,2.0617308616638184,0.8731610178947449,0.4989909529685974,0.6895788908004761,0.0001,14.05137000254007,7.484069409235013,0.4647065545152815,0.4301821291446686,0.000403637153794989,-0.0015734706539660692,0.00017999975534621626,-0.0025569587014615536,True,238317568,513802240,0.016161099999976614,0.08878179999999247,0.12570319999997537,0.31871780000005856,0.551372800000081,5.200384000962342,9.400599899487327,0.6768558025360107,-0.03304603695869446,0.03428990766406059,-0.0025569587014615536,0.000403637153794989
v64_seed1_equal_softplus_b1_t20,191,train:00011998,3,3,0,0.09528382867574692,0.09528382867574692,0.0,0.0,0.0001,6.639217386210206,0.0,0.0,0.0,0.00042229771497659385,-0.0015766553115099669,0.00017353704606648535,-0.002588005969300866,True,238186496,513802240,0.018705999999951928,0.08487479999996594,0.11713210000004892,0.3066540999999461,0.5289397000000235,0.0,6.597547593966519,0.6769430041313171,-0.033091235905885696,0.03428769111633301,-0.002588005969300866,0.00042229771497659385
v64_seed1_equal_softplus_b1_t20,192,train:00005980,3,3,7,2.385261058807373,0.7836323380470276,0.8760719895362854,0.7255566716194153,0.0001,9.394029204528131,2.9521280036611413,0.15173735551985934,0.5446661114692688,0.0004353816621005535,-0.0015821275301277637,0.00016401262837462127,-0.0026064161211252213,True,238317568,513802240,0.018610500000022512,0.0988200000000461,0.12515780000001087,0.32289909999997235,0.5667128999999704,2.18552413769458,8.451019118477081,0.6769978404045105,-0.033116720616817474,0.0342806875705719,-0.0026064161211252213,0.0004353816621005535
v64_seed1_equal_softplus_b1_t20,193,train:00003265,2,2,1,2.3466379642486572,0.9411596655845642,0.7130148410797119,0.6924633383750916,0.0001,15.383551758045716,6.032704532464736,0.34507424858433916,0.4475281834602356,0.0004382811894174665,-0.001599578303284943,0.00017644981562625617,-0.0026330589316785336,True,238186496,513802240,0.018995300000028692,0.08866339999997308,0.11991199999999935,0.29634520000001885,0.5254605000000083,2.985504921590095,7.375879140100782,0.6770685911178589,-0.03314869850873947,0.03429272025823593,-0.0026330589316785336,0.0004382811894174665
v64_seed1_equal_softplus_b1_t20,194,train:00031456,3,3,0,0.09712712466716766,0.09712712466716766,0.0,0.0,0.0001,6.764137536548458,0.0,0.0,0.0,0.00044089817674830556,-0.0016153287142515182,0.00018767514848150313,-0.002657105680555105,True,238317568,513802240,0.023182499999961692,0.08674499999995078,0.10477060000005167,0.33969379999996363,0.5556167999999388,0.0,6.716421234925878,0.6771334409713745,-0.033177562057971954,0.03430357947945595,-0.002657105680555105,0.00044089817674830556
v64_seed1_equal_softplus_b1_t20,195,train:00024603,3,3,0,0.09245626628398895,0.09245626628398895,0.0,0.0,0.0001,6.289861216367312,0.0,0.0,0.0,0.0004432601563166827,-0.0016295441891998053,0.00019780657021328807,-0.0026788089890033007,True,238186496,513802240,0.015676699999971788,0.0997340000000122,0.13997569999992265,0.3479908000000478,0.60488220000002,0.0,6.248980481249988,0.6771926879882812,-0.0332036130130291,0.0343133807182312,-0.0026788089890033007,0.0004432601563166827
v64_seed1_equal_softplus_b1_t20,196,train:00028154,2,2,2,2.1047394275665283,0.8066582083702087,0.6041527986526489,0.6939285397529602,0.0001,13.605993921539332,5.101724578994533,0.2833195439504078,0.46921077370643616,0.00045397618669085205,-0.0016594199696555734,0.00021172779088374227,-0.0026957038789987564,True,238317568,513802240,0.018149099999959617,0.102437000000009,0.11562109999999848,0.3522952999999234,0.5896721999999954,2.580939929125425,7.330088982925123,0.6772662401199341,-0.03322199359536171,0.034324899315834045,-0.0026957038789987564,0.00045397618669085205
v64_seed1_equal_softplus_b1_t20,197,train:00029478,3,3,2,2.1940126419067383,0.8020848631858826,0.6877554655075073,0.7041724920272827,0.0001,12.570436767590442,5.57226695664634,0.2788772858384788,0.4622723460197449,0.00046935660066083074,-0.0016959266504272819,0.00022281924611888826,-0.002694507595151663,True,238186496,513802240,0.02088200000002871,0.09400919999995949,0.1331979000000274,0.31155490000003283,0.5605388000000175,2.711729067438684,8.23277814695396,0.6773083806037903,-0.033217206597328186,0.03433437645435333,-0.002694507595151663,0.00046935660066083074
v64_seed1_equal_softplus_b1_t20,198,train:00020687,3,3,0,0.09197529405355453,0.09197529405355453,0.0,0.0,0.0001,7.075655143929074,0.0,0.0,0.0,0.0004832376434933394,-0.0017288743983954191,0.0002328294503968209,-0.00269342795945704,True,238317568,513802240,0.016780199999971046,0.08985250000000633,0.11785549999990508,0.3300746000001027,0.5556690000000799,0.0,7.040716159750749,0.6773474812507629,-0.03321288526058197,0.0343429297208786,-0.00269342795945704,0.0004832376434933394
v64_seed1_equal_softplus_b1_t20,199,train:00019422,3,3,3,2.26452898979187,0.7869809865951538,0.7792446613311768,0.6983033418655396,0.0001,12.599098260389438,5.539315802745269,0.26288868388248254,0.46921077370643616,0.0004914701567031443,-0.0017684465274214745,0.00025379523867741227,-0.0026805507950484753,True,238186496,513802240,0.015448699999978999,0.07359329999997044,0.12595590000000811,0.33228750000000673,0.5483463000000484,2.7664570641993995,8.343614828588986,0.6773584485054016,-0.03319976106286049,0.034362923353910446,-0.0026805507950484753,0.0004914701567031443
v64_seed1_equal_softplus_b1_t20,200,train:00004171,2,2,2,2.3320870399475098,0.8889704346656799,0.7607119083404541,0.6824048757553101,0.0001,16.28858684028437,5.856776306767352,0.3142706982044858,0.4310494363307953,0.0005045406287536025,-0.0017851275624707341,0.00027628408861346543,-0.002677332377061248,True,238317568,513802240,0.01731289999997898,0.08664899999996578,0.1114622000000054,0.3325922000000219,0.5498871999999437,2.896200041432147,9.05635319983018,0.677368700504303,-0.03319266438484192,0.034383781254291534,-0.002677332377061248,0.0005045406287536025
