run_id,variant,seed,component_id,images,gt_boxes,detections,ap50_95,ap50,ap75,ar100,checkpoint_sha256
matched_early_seed1,matched_early,1,v40c_00124,1,3,100,0.6495049504950494,1.0,0.4422442244224422,0.7333333333333333,60a338ed887c15d94d3f274df39684c1dc6de68f9f29ba13f9f9cb4d6fbcd804
matched_early_seed1,matched_early,1,v40c_00125,1,2,100,0.5346534653465346,0.834983498349835,0.834983498349835,0.7,60a338ed887c15d94d3f274df39684c1dc6de68f9f29ba13f9f9cb4d6fbcd804
matched_early_seed1,matched_early,1,v40c_00126,1,2,100,0.7504950495049505,1.0,1.0,0.75,60a338ed887c15d94d3f274df39684c1dc6de68f9f29ba13f9f9cb4d6fbcd804
matched_early_seed1,matched_early,1,v40c_00127,1,3,100,0.6564356435643564,1.0,0.5544554455445545,0.6666666666666666,60a338ed887c15d94d3f274df39684c1dc6de68f9f29ba13f9f9cb4d6fbcd804
matched_early_seed1,matched_early,1,v40c_00128,2,6,200,0.5603743357386586,1.0,0.28495385131733514,0.7166666666666667,60a338ed887c15d94d3f274df39684c1dc6de68f9f29ba13f9f9cb4d6fbcd804
matched_early_seed1,matched_early,1,v40c_00129,1,3,100,0.5610561056105611,1.0,0.4422442244224422,0.6,60a338ed887c15d94d3f274df39684c1dc6de68f9f29ba13f9f9cb4d6fbcd804
matched_early_seed1,matched_early,1,v40c_00130,1,3,100,0.3579207920792079,0.9158415841584159,0.16831683168316833,0.4666666666666666,60a338ed887c15d94d3f274df39684c1dc6de68f9f29ba13f9f9cb4d6fbcd804
matched_early_seed1,matched_early,1,v40c_00131,1,2,100,0.40717821782178215,1.0,0.2524752475247525,0.55,60a338ed887c15d94d3f274df39684c1dc6de68f9f29ba13f9f9cb4d6fbcd804
matched_early_seed1,matched_early,1,v40c_00132,1,2,100,0.4757425742574258,1.0,0.2524752475247525,0.55,60a338ed887c15d94d3f274df39684c1dc6de68f9f29ba13f9f9cb4d6fbcd804
matched_early_seed1,matched_early,1,v40c_00133,1,2,100,0.262521840419336,1.0,0.0297029702970297,0.55,60a338ed887c15d94d3f274df39684c1dc6de68f9f29ba13f9f9cb4d6fbcd804
matched_early_seed1,matched_early,1,v40c_00134,1,2,100,0.5504950495049504,1.0,0.2524752475247525,0.6,60a338ed887c15d94d3f274df39684c1dc6de68f9f29ba13f9f9cb4d6fbcd804
matched_early_seed1,matched_early,1,v40c_00135,1,2,100,0.40529487731381836,1.0,0.2524752475247525,0.55,60a338ed887c15d94d3f274df39684c1dc6de68f9f29ba13f9f9cb4d6fbcd804
matched_early_seed1,matched_early,1,v40c_00136,1,2,100,0.5504950495049504,1.0,0.2524752475247525,0.6,60a338ed887c15d94d3f274df39684c1dc6de68f9f29ba13f9f9cb4d6fbcd804
matched_early_seed1,matched_early,1,v40c_00137,1,2,100,0.6,1.0,1.0,0.6,60a338ed887c15d94d3f274df39684c1dc6de68f9f29ba13f9f9cb4d6fbcd804
matched_early_seed1,matched_early,1,v40c_00138,1,2,100,0.3325832583258325,0.834983498349835,0.2583258325832583,0.65,60a338ed887c15d94d3f274df39684c1dc6de68f9f29ba13f9f9cb4d6fbcd804
matched_early_seed1,matched_early,1,v40c_00139,1,2,100,0.7,1.0,1.0,0.7,60a338ed887c15d94d3f274df39684c1dc6de68f9f29ba13f9f9cb4d6fbcd804
matched_early_seed1,matched_early,1,v40c_00140,2,4,200,0.33722772277227736,0.705575820739969,0.051485148514851496,0.55,60a338ed887c15d94d3f274df39684c1dc6de68f9f29ba13f9f9cb4d6fbcd804
matched_early_seed1,matched_early,1,v40c_00141,1,1,100,0.07844827586206897,0.25,0.0,0.4,60a338ed887c15d94d3f274df39684c1dc6de68f9f29ba13f9f9cb4d6fbcd804
matched_early_seed1,matched_early,1,v40c_00142,1,0,100,0.0,0.0,0.0,0.0,60a338ed887c15d94d3f274df39684c1dc6de68f9f29ba13f9f9cb4d6fbcd804
matched_early_seed1,matched_early,1,v40c_00143,1,0,100,0.0,0.0,0.0,0.0,60a338ed887c15d94d3f274df39684c1dc6de68f9f29ba13f9f9cb4d6fbcd804
matched_early_seed1,matched_early,1,v40c_00144,1,0,100,0.0,0.0,0.0,0.0,60a338ed887c15d94d3f274df39684c1dc6de68f9f29ba13f9f9cb4d6fbcd804
matched_early_seed1,matched_early,1,v40c_00145,2,1,200,0.1524,0.5,0.008000000000000002,0.6,60a338ed887c15d94d3f274df39684c1dc6de68f9f29ba13f9f9cb4d6fbcd804
matched_early_seed1,matched_early,1,v40c_00146,1,1,100,0.20116279069767437,0.9999999999999999,0.0,0.3,60a338ed887c15d94d3f274df39684c1dc6de68f9f29ba13f9f9cb4d6fbcd804
matched_early_seed1,matched_early,1,v40c_00147,1,0,100,0.0,0.0,0.0,0.0,60a338ed887c15d94d3f274df39684c1dc6de68f9f29ba13f9f9cb4d6fbcd804
matched_early_seed1,matched_early,1,v40c_00148,1,1,100,0.4999999999999999,0.9999999999999999,0.0,0.5,60a338ed887c15d94d3f274df39684c1dc6de68f9f29ba13f9f9cb4d6fbcd804
matched_early_seed1,matched_early,1,v40c_00149,1,1,100,0.7,0.9999999999999999,0.9999999999999999,0.7,60a338ed887c15d94d3f274df39684c1dc6de68f9f29ba13f9f9cb4d6fbcd804
matched_early_seed1,matched_early,1,v40c_00150,1,1,100,0.7,0.9999999999999999,0.9999999999999999,0.7,60a338ed887c15d94d3f274df39684c1dc6de68f9f29ba13f9f9cb4d6fbcd804
matched_early_seed1,matched_early,1,v40c_00151,1,1,100,0.4999999999999999,0.9999999999999999,0.0,0.5,60a338ed887c15d94d3f274df39684c1dc6de68f9f29ba13f9f9cb4d6fbcd804
matched_early_seed1,matched_early,1,v40c_00152,1,1,100,0.4999999999999999,0.9999999999999999,0.0,0.5,60a338ed887c15d94d3f274df39684c1dc6de68f9f29ba13f9f9cb4d6fbcd804
matched_early_seed1,matched_early,1,v40c_00153,1,1,100,0.7,0.9999999999999999,0.9999999999999999,0.7,60a338ed887c15d94d3f274df39684c1dc6de68f9f29ba13f9f9cb4d6fbcd804
matched_early_seed1,matched_early,1,v40c_00154,1,1,100,0.7,0.9999999999999999,0.9999999999999999,0.7,60a338ed887c15d94d3f274df39684c1dc6de68f9f29ba13f9f9cb4d6fbcd804
matched_early_seed1,matched_early,1,v40c_00155,1,1,100,0.4999999999999999,0.9999999999999999,0.0,0.5,60a338ed887c15d94d3f274df39684c1dc6de68f9f29ba13f9f9cb4d6fbcd804
matched_early_seed1,matched_early,1,v40c_00156,1,1,100,0.5999999999999999,0.9999999999999999,0.9999999999999999,0.6,60a338ed887c15d94d3f274df39684c1dc6de68f9f29ba13f9f9cb4d6fbcd804
matched_early_seed1,matched_early,1,v40c_00157,5,5,500,0.4981449243825481,1.0,0.27062706270627057,0.54,60a338ed887c15d94d3f274df39684c1dc6de68f9f29ba13f9f9cb4d6fbcd804
matched_early_seed1,matched_early,1,v40c_00158,1,1,100,0.7,0.9999999999999999,0.9999999999999999,0.7,60a338ed887c15d94d3f274df39684c1dc6de68f9f29ba13f9f9cb4d6fbcd804
matched_early_seed1,matched_early,1,v40c_00159,1,1,100,0.7999999999999999,0.9999999999999999,0.9999999999999999,0.8,60a338ed887c15d94d3f274df39684c1dc6de68f9f29ba13f9f9cb4d6fbcd804
matched_early_seed1,matched_early,1,v40c_00160,1,1,100,0.5999999999999999,0.9999999999999999,0.9999999999999999,0.6,60a338ed887c15d94d3f274df39684c1dc6de68f9f29ba13f9f9cb4d6fbcd804
matched_early_seed1,matched_early,1,v40c_00161,1,1,100,0.7999999999999999,0.9999999999999999,0.9999999999999999,0.8,60a338ed887c15d94d3f274df39684c1dc6de68f9f29ba13f9f9cb4d6fbcd804
matched_early_seed1,matched_early,1,v40c_00162,1,2,100,0.5039603960396037,0.7524752475247525,0.5049504950495048,0.55,60a338ed887c15d94d3f274df39684c1dc6de68f9f29ba13f9f9cb4d6fbcd804
matched_early_seed1,matched_early,1,v40c_00163,1,1,100,0.7999999999999999,0.9999999999999999,0.9999999999999999,0.8,60a338ed887c15d94d3f274df39684c1dc6de68f9f29ba13f9f9cb4d6fbcd804
matched_early_seed1,matched_early,1,v40c_00164,5,5,500,0.6102310231023103,1.0,0.7623762376237624,0.62,60a338ed887c15d94d3f274df39684c1dc6de68f9f29ba13f9f9cb4d6fbcd804
matched_early_seed1,matched_early,1,v40c_00165,1,1,100,0.5999999999999999,0.9999999999999999,0.9999999999999999,0.6,60a338ed887c15d94d3f274df39684c1dc6de68f9f29ba13f9f9cb4d6fbcd804
matched_early_seed1,matched_early,1,v40c_00166,1,1,100,0.4999999999999999,0.9999999999999999,0.0,0.5,60a338ed887c15d94d3f274df39684c1dc6de68f9f29ba13f9f9cb4d6fbcd804
matched_early_seed1,matched_early,1,v40c_00167,1,1,100,0.4999999999999999,0.9999999999999999,0.0,0.5,60a338ed887c15d94d3f274df39684c1dc6de68f9f29ba13f9f9cb4d6fbcd804
matched_early_seed1,matched_early,1,v40c_00168,1,1,100,0.7,0.9999999999999999,0.9999999999999999,0.7,60a338ed887c15d94d3f274df39684c1dc6de68f9f29ba13f9f9cb4d6fbcd804
matched_early_seed1,matched_early,1,v40c_00169,1,1,100,0.5999999999999999,0.9999999999999999,0.9999999999999999,0.6,60a338ed887c15d94d3f274df39684c1dc6de68f9f29ba13f9f9cb4d6fbcd804
matched_early_seed1,matched_early,1,v40c_00170,1,1,100,0.4999999999999999,0.9999999999999999,0.0,0.5,60a338ed887c15d94d3f274df39684c1dc6de68f9f29ba13f9f9cb4d6fbcd804
matched_early_seed1,matched_early,1,v40c_00171,1,1,100,0.29999999999999993,0.9999999999999999,0.0,0.3,60a338ed887c15d94d3f274df39684c1dc6de68f9f29ba13f9f9cb4d6fbcd804
matched_early_seed1,matched_early,1,v40c_00172,1,1,100,0.5999999999999999,0.9999999999999999,0.9999999999999999,0.6,60a338ed887c15d94d3f274df39684c1dc6de68f9f29ba13f9f9cb4d6fbcd804
matched_early_seed1,matched_early,1,v40c_00173,1,1,100,0.3,0.5,0.5,0.6,60a338ed887c15d94d3f274df39684c1dc6de68f9f29ba13f9f9cb4d6fbcd804
matched_early_seed1,matched_early,1,v40c_00174,2,1,200,0.20000000000000004,0.3333333333333334,0.3333333333333334,0.6,60a338ed887c15d94d3f274df39684c1dc6de68f9f29ba13f9f9cb4d6fbcd804
matched_early_seed1,matched_early,1,v40c_00175,1,0,100,0.0,0.0,0.0,0.0,60a338ed887c15d94d3f274df39684c1dc6de68f9f29ba13f9f9cb4d6fbcd804
matched_early_seed1,matched_early,1,v40c_00263,15,7,1500,0.8162376237623763,1.0,1.0,0.8285714285714286,60a338ed887c15d94d3f274df39684c1dc6de68f9f29ba13f9f9cb4d6fbcd804
matched_early_seed1,matched_early,1,v40c_00264,5,0,500,0.0,0.0,0.0,0.0,60a338ed887c15d94d3f274df39684c1dc6de68f9f29ba13f9f9cb4d6fbcd804
matched_early_seed1,matched_early,1,v40c_00265,5,0,500,0.0,0.0,0.0,0.0,60a338ed887c15d94d3f274df39684c1dc6de68f9f29ba13f9f9cb4d6fbcd804
matched_early_seed1,matched_early,1,v40c_00266,9,5,900,0.16909313762426476,0.372937293729373,0.022953619562869527,0.54,60a338ed887c15d94d3f274df39684c1dc6de68f9f29ba13f9f9cb4d6fbcd804
matched_early_seed1,matched_early,1,v40c_00267,2,2,200,0.40628497632371935,0.7524752475247525,0.5049504950495048,0.55,60a338ed887c15d94d3f274df39684c1dc6de68f9f29ba13f9f9cb4d6fbcd804
matched_early_seed1,matched_early,1,v40c_00268,2,2,200,0.4292079207920792,0.7524752475247525,0.5297029702970294,0.6,60a338ed887c15d94d3f274df39684c1dc6de68f9f29ba13f9f9cb4d6fbcd804
matched_early_seed1,matched_early,1,v40c_00269,3,0,300,0.0,0.0,0.0,0.0,60a338ed887c15d94d3f274df39684c1dc6de68f9f29ba13f9f9cb4d6fbcd804
matched_early_seed1,matched_early,1,v40c_00270,1,0,100,0.0,0.0,0.0,0.0,60a338ed887c15d94d3f274df39684c1dc6de68f9f29ba13f9f9cb4d6fbcd804
matched_early_seed1,matched_early,1,v40c_00271,37,22,3700,0.09940333571631377,0.36053189168475885,0.0,0.35,60a338ed887c15d94d3f274df39684c1dc6de68f9f29ba13f9f9cb4d6fbcd804
matched_early_seed1,matched_early,1,v40c_00327,2,5,200,0.7190819081908191,1.0,0.891989198919892,0.76,60a338ed887c15d94d3f274df39684c1dc6de68f9f29ba13f9f9cb4d6fbcd804
matched_early_seed1,matched_early,1,v40c_00328,2,5,200,0.6311986517800716,1.0,0.8230461344006741,0.7,60a338ed887c15d94d3f274df39684c1dc6de68f9f29ba13f9f9cb4d6fbcd804
matched_early_seed1,matched_early,1,v40c_00329,1,3,100,0.6673267326732674,1.0,0.6633663366336634,0.6666666666666666,60a338ed887c15d94d3f274df39684c1dc6de68f9f29ba13f9f9cb4d6fbcd804
matched_early_seed1,matched_early,1,v40c_00330,4,12,400,0.7139363936393639,1.0,0.9108910891089109,0.7333333333333333,60a338ed887c15d94d3f274df39684c1dc6de68f9f29ba13f9f9cb4d6fbcd804
matched_early_seed1,matched_early,1,v40c_00331,3,9,300,0.7121892189218922,1.0,1.0,0.7666666666666666,60a338ed887c15d94d3f274df39684c1dc6de68f9f29ba13f9f9cb4d6fbcd804
matched_early_seed1,matched_early,1,v40c_00332,1,3,100,0.7831683168316832,1.0,1.0,0.7999999999999999,60a338ed887c15d94d3f274df39684c1dc6de68f9f29ba13f9f9cb4d6fbcd804
matched_early_seed1,matched_early,1,v40c_00333,1,3,100,0.8112211221122113,1.0,1.0,0.8333333333333334,60a338ed887c15d94d3f274df39684c1dc6de68f9f29ba13f9f9cb4d6fbcd804
matched_early_seed1,matched_early,1,v40c_00334,1,3,100,0.6711456859971712,1.0,0.8076379066478078,0.7666666666666666,60a338ed887c15d94d3f274df39684c1dc6de68f9f29ba13f9f9cb4d6fbcd804
matched_early_seed1,matched_early,1,v40c_00335,1,3,100,0.5394516374714395,0.682787509520183,0.6633663366336634,0.6666666666666666,60a338ed887c15d94d3f274df39684c1dc6de68f9f29ba13f9f9cb4d6fbcd804
matched_early_seed1,matched_early,1,v40c_00336,1,2,100,0.601980198019802,1.0,0.5049504950495048,0.6,60a338ed887c15d94d3f274df39684c1dc6de68f9f29ba13f9f9cb4d6fbcd804
matched_early_seed1,matched_early,1,v40c_00337,1,2,100,0.6514851485148514,1.0,0.5049504950495048,0.65,60a338ed887c15d94d3f274df39684c1dc6de68f9f29ba13f9f9cb4d6fbcd804
matched_early_seed1,matched_early,1,v40c_00338,1,2,100,0.6504950495049504,1.0,1.0,0.7,60a338ed887c15d94d3f274df39684c1dc6de68f9f29ba13f9f9cb4d6fbcd804
matched_early_seed1,matched_early,1,v40c_00339,1,2,100,0.5806930693069308,1.0,0.3019801980198021,0.7,60a338ed887c15d94d3f274df39684c1dc6de68f9f29ba13f9f9cb4d6fbcd804
matched_early_seed1,matched_early,1,v40c_00340,1,2,100,0.8504950495049505,1.0,1.0,0.85,60a338ed887c15d94d3f274df39684c1dc6de68f9f29ba13f9f9cb4d6fbcd804
matched_early_seed1,matched_early,1,v40c_00341,1,2,100,0.8009900990099009,1.0,1.0,0.8,60a338ed887c15d94d3f274df39684c1dc6de68f9f29ba13f9f9cb4d6fbcd804
matched_early_seed1,matched_early,1,v40c_00342,1,2,100,0.7504950495049505,1.0,1.0,0.75,60a338ed887c15d94d3f274df39684c1dc6de68f9f29ba13f9f9cb4d6fbcd804
matched_early_seed1,matched_early,1,v40c_00343,1,2,100,0.8,1.0,1.0,0.8,60a338ed887c15d94d3f274df39684c1dc6de68f9f29ba13f9f9cb4d6fbcd804
matched_early_seed1,matched_early,1,v40c_00344,1,2,100,0.5757425742574258,1.0,0.2524752475247525,0.65,60a338ed887c15d94d3f274df39684c1dc6de68f9f29ba13f9f9cb4d6fbcd804
matched_early_seed1,matched_early,1,v40c_00345,2,4,200,0.5986798679867987,1.0,0.5643564356435643,0.65,60a338ed887c15d94d3f274df39684c1dc6de68f9f29ba13f9f9cb4d6fbcd804
matched_early_seed1,matched_early,1,v40c_00346,1,3,100,0.4673267326732673,0.7227722772277227,0.5544554455445545,0.6,60a338ed887c15d94d3f274df39684c1dc6de68f9f29ba13f9f9cb4d6fbcd804
matched_early_seed1,matched_early,1,v40c_00347,1,3,100,0.6554455445544555,1.0,1.0,0.7,60a338ed887c15d94d3f274df39684c1dc6de68f9f29ba13f9f9cb4d6fbcd804
matched_early_seed1,matched_early,1,v40c_00348,1,2,100,0.5524752475247524,0.7524752475247525,0.7524752475247525,0.7,60a338ed887c15d94d3f274df39684c1dc6de68f9f29ba13f9f9cb4d6fbcd804
matched_early_seed1,matched_early,1,v40c_00349,1,2,100,0.5333333333333334,0.6666666666666669,0.6666666666666669,0.8,60a338ed887c15d94d3f274df39684c1dc6de68f9f29ba13f9f9cb4d6fbcd804
matched_early_seed1,matched_early,1,v40c_00350,1,2,100,0.6504950495049504,1.0,1.0,0.7,60a338ed887c15d94d3f274df39684c1dc6de68f9f29ba13f9f9cb4d6fbcd804
matched_early_seed1,matched_early,1,v40c_00351,1,2,100,0.7514851485148515,1.0,1.0,0.75,60a338ed887c15d94d3f274df39684c1dc6de68f9f29ba13f9f9cb4d6fbcd804
matched_early_seed1,matched_early,1,v40c_00352,1,2,100,0.6442977631096443,0.834983498349835,0.5416208287495419,0.8,60a338ed887c15d94d3f274df39684c1dc6de68f9f29ba13f9f9cb4d6fbcd804
matched_early_seed1,matched_early,1,v40c_00353,1,2,100,0.7514851485148515,1.0,1.0,0.75,60a338ed887c15d94d3f274df39684c1dc6de68f9f29ba13f9f9cb4d6fbcd804
matched_early_seed1,matched_early,1,v40c_00354,1,2,100,0.7252475247524752,1.0,1.0,0.75,60a338ed887c15d94d3f274df39684c1dc6de68f9f29ba13f9f9cb4d6fbcd804
matched_early_seed1,matched_early,1,v40c_00355,1,2,100,0.8,1.0,1.0,0.8,60a338ed887c15d94d3f274df39684c1dc6de68f9f29ba13f9f9cb4d6fbcd804
matched_early_seed1,matched_early,1,v40c_00356,1,2,100,0.7504950495049505,1.0,1.0,0.75,60a338ed887c15d94d3f274df39684c1dc6de68f9f29ba13f9f9cb4d6fbcd804
matched_early_seed1,matched_early,1,v40c_00357,1,2,100,0.7504950495049505,1.0,1.0,0.75,60a338ed887c15d94d3f274df39684c1dc6de68f9f29ba13f9f9cb4d6fbcd804
matched_early_seed1,matched_early,1,v40c_00358,1,2,100,0.7252475247524752,1.0,1.0,0.75,60a338ed887c15d94d3f274df39684c1dc6de68f9f29ba13f9f9cb4d6fbcd804
matched_early_seed1,matched_early,1,v40c_00359,1,2,100,0.7252475247524752,1.0,1.0,0.75,60a338ed887c15d94d3f274df39684c1dc6de68f9f29ba13f9f9cb4d6fbcd804
matched_early_seed1,matched_early,1,v40c_00360,1,2,100,0.7514851485148515,1.0,1.0,0.75,60a338ed887c15d94d3f274df39684c1dc6de68f9f29ba13f9f9cb4d6fbcd804
matched_early_seed1,matched_early,1,v40c_00361,1,2,100,0.5504950495049504,1.0,0.2524752475247525,0.6,60a338ed887c15d94d3f274df39684c1dc6de68f9f29ba13f9f9cb4d6fbcd804
matched_early_seed1,matched_early,1,v40c_00362,1,2,100,0.7252475247524752,1.0,1.0,0.75,60a338ed887c15d94d3f274df39684c1dc6de68f9f29ba13f9f9cb4d6fbcd804
matched_early_seed1,matched_early,1,v40c_00363,1,2,100,0.45247524752475243,1.0,0.5049504950495048,0.45,60a338ed887c15d94d3f274df39684c1dc6de68f9f29ba13f9f9cb4d6fbcd804
matched_early_seed1,matched_early,1,v40c_00364,1,1,100,0.2,0.5,0.0,0.4,60a338ed887c15d94d3f274df39684c1dc6de68f9f29ba13f9f9cb4d6fbcd804
matched_early_seed1,matched_early,1,v40c_00365,1,1,100,0.4999999999999999,0.9999999999999999,0.0,0.5,60a338ed887c15d94d3f274df39684c1dc6de68f9f29ba13f9f9cb4d6fbcd804
matched_early_seed1,matched_early,1,v40c_00366,1,1,100,0.4999999999999999,0.9999999999999999,0.0,0.5,60a338ed887c15d94d3f274df39684c1dc6de68f9f29ba13f9f9cb4d6fbcd804
matched_early_seed1,matched_early,1,v40c_00367,1,1,100,0.7999999999999999,0.9999999999999999,0.9999999999999999,0.8,60a338ed887c15d94d3f274df39684c1dc6de68f9f29ba13f9f9cb4d6fbcd804
matched_early_seed1,matched_early,1,v40c_00368,1,1,100,0.40909090909090906,0.9999999999999999,0.030303030303030293,0.7,60a338ed887c15d94d3f274df39684c1dc6de68f9f29ba13f9f9cb4d6fbcd804
matched_early_seed1,matched_early,1,v40c_00369,1,1,100,0.5999999999999999,0.9999999999999999,0.9999999999999999,0.6,60a338ed887c15d94d3f274df39684c1dc6de68f9f29ba13f9f9cb4d6fbcd804
matched_early_seed1,matched_early,1,v40c_00370,1,1,100,0.7,0.9999999999999999,0.9999999999999999,0.7,60a338ed887c15d94d3f274df39684c1dc6de68f9f29ba13f9f9cb4d6fbcd804
matched_early_seed1,matched_early,1,v40c_00371,1,1,100,0.1666666666666667,0.3333333333333334,0.0,0.5,60a338ed887c15d94d3f274df39684c1dc6de68f9f29ba13f9f9cb4d6fbcd804
matched_early_seed1,matched_early,1,v40c_00372,1,1,100,0.011587301587301585,0.0714285714285714,0.0,0.3,60a338ed887c15d94d3f274df39684c1dc6de68f9f29ba13f9f9cb4d6fbcd804
matched_early_seed1,matched_early,1,v40c_00373,3,6,300,0.3402352355612165,0.5877053639429877,0.4851172485669619,0.6333333333333334,60a338ed887c15d94d3f274df39684c1dc6de68f9f29ba13f9f9cb4d6fbcd804
matched_early_seed1,matched_early,1,v40c_00374,3,6,300,0.3966720026433023,0.8469846984698471,0.2356435643564356,0.55,60a338ed887c15d94d3f274df39684c1dc6de68f9f29ba13f9f9cb4d6fbcd804
matched_early_seed1,matched_early,1,v40c_00375,1,2,100,0.45049504950495045,1.0,0.2524752475247525,0.5,60a338ed887c15d94d3f274df39684c1dc6de68f9f29ba13f9f9cb4d6fbcd804
matched_early_seed1,matched_early,1,v40c_00376,2,4,200,0.550990099009901,1.0,0.6287128712871287,0.6,60a338ed887c15d94d3f274df39684c1dc6de68f9f29ba13f9f9cb4d6fbcd804
matched_early_seed1,matched_early,1,v40c_00377,1,2,100,0.4757425742574258,1.0,0.2524752475247525,0.55,60a338ed887c15d94d3f274df39684c1dc6de68f9f29ba13f9f9cb4d6fbcd804
matched_early_seed1,matched_early,1,v40c_00397,2,6,200,0.49082729027965455,0.8252094440213256,0.6633663366336634,0.5666666666666667,60a338ed887c15d94d3f274df39684c1dc6de68f9f29ba13f9f9cb4d6fbcd804
matched_early_seed1,matched_early,1,v40c_00398,1,3,100,0.5412211221122113,0.9158415841584159,0.6633663366336634,0.7,60a338ed887c15d94d3f274df39684c1dc6de68f9f29ba13f9f9cb4d6fbcd804
matched_early_seed1,matched_early,1,v40c_00399,1,3,100,0.5202324580284114,1.0,0.6633663366336634,0.5666666666666667,60a338ed887c15d94d3f274df39684c1dc6de68f9f29ba13f9f9cb4d6fbcd804
matched_early_seed1,matched_early,1,v40c_00400,1,3,100,0.538896746817539,0.8076379066478078,0.6633663366336634,0.6333333333333333,60a338ed887c15d94d3f274df39684c1dc6de68f9f29ba13f9f9cb4d6fbcd804
matched_early_seed1,matched_early,1,v40c_00401,1,3,100,0.6826732673267326,0.9158415841584159,0.9158415841584159,0.7999999999999999,60a338ed887c15d94d3f274df39684c1dc6de68f9f29ba13f9f9cb4d6fbcd804
matched_early_seed1,matched_early,1,v40c_00402,1,3,100,0.598019801980198,0.7755775577557755,0.7755775577557755,0.7333333333333333,60a338ed887c15d94d3f274df39684c1dc6de68f9f29ba13f9f9cb4d6fbcd804
matched_early_seed1,matched_early,1,v40c_00403,1,3,100,0.6074257425742573,0.9158415841584159,0.865346534653465,0.7,60a338ed887c15d94d3f274df39684c1dc6de68f9f29ba13f9f9cb4d6fbcd804
matched_early_seed1,matched_early,1,v40c_00404,1,3,100,0.6060868586858686,0.7551755175517552,0.7264851485148515,0.7666666666666666,60a338ed887c15d94d3f274df39684c1dc6de68f9f29ba13f9f9cb4d6fbcd804
matched_early_seed1,matched_early,1,v40c_00405,1,3,100,0.7084158415841585,0.9158415841584159,0.9158415841584159,0.7666666666666666,60a338ed887c15d94d3f274df39684c1dc6de68f9f29ba13f9f9cb4d6fbcd804
matched_early_seed1,matched_early,1,v40c_00406,1,4,100,0.5136034611864547,0.8939179632248937,0.5874587458745875,0.625,60a338ed887c15d94d3f274df39684c1dc6de68f9f29ba13f9f9cb4d6fbcd804
matched_early_seed1,matched_early,1,v40c_00407,1,4,100,0.544720712672771,0.9174917491749175,0.504950495049505,0.6,60a338ed887c15d94d3f274df39684c1dc6de68f9f29ba13f9f9cb4d6fbcd804
matched_early_seed1,matched_early,1,v40c_00408,1,4,100,0.4817538896746819,0.8231966053748235,0.2574257425742574,0.55,60a338ed887c15d94d3f274df39684c1dc6de68f9f29ba13f9f9cb4d6fbcd804
matched_early_seed1,matched_early,1,v40c_00409,1,3,100,0.6831683168316831,1.0,1.0,0.7,60a338ed887c15d94d3f274df39684c1dc6de68f9f29ba13f9f9cb4d6fbcd804
matched_early_seed1,matched_early,1,v40c_00410,1,4,100,0.4839299314546839,0.8286367098248286,0.504950495049505,0.55,60a338ed887c15d94d3f274df39684c1dc6de68f9f29ba13f9f9cb4d6fbcd804
matched_early_seed1,matched_early,1,v40c_00411,1,4,100,0.4325318246110325,0.834983498349835,0.504950495049505,0.5,60a338ed887c15d94d3f274df39684c1dc6de68f9f29ba13f9f9cb4d6fbcd804
matched_early_seed1,matched_early,1,v40c_00412,1,3,100,0.6778877887788779,1.0,1.0,0.7333333333333333,60a338ed887c15d94d3f274df39684c1dc6de68f9f29ba13f9f9cb4d6fbcd804
matched_early_seed1,matched_early,1,v40c_00413,1,3,100,0.6052805280528053,1.0,0.4422442244224422,0.6666666666666666,60a338ed887c15d94d3f274df39684c1dc6de68f9f29ba13f9f9cb4d6fbcd804
matched_early_seed1,matched_early,1,v40c_00414,1,3,100,0.7168316831683168,1.0,1.0,0.7333333333333333,60a338ed887c15d94d3f274df39684c1dc6de68f9f29ba13f9f9cb4d6fbcd804
matched_early_seed1,matched_early,1,v40c_00415,1,3,100,0.5831683168316831,1.0,0.6633663366336634,0.6,60a338ed887c15d94d3f274df39684c1dc6de68f9f29ba13f9f9cb4d6fbcd804
matched_early_seed1,matched_early,1,v40c_00416,1,4,100,0.601980198019802,1.0,0.7524752475247525,0.6,60a338ed887c15d94d3f274df39684c1dc6de68f9f29ba13f9f9cb4d6fbcd804
matched_early_seed1,matched_early,1,v40c_00417,1,4,100,0.635973597359736,1.0,0.9504950495049505,0.7,60a338ed887c15d94d3f274df39684c1dc6de68f9f29ba13f9f9cb4d6fbcd804
matched_early_seed1,matched_early,1,v40c_00418,1,4,100,0.6633663366336634,1.0,0.7524752475247525,0.675,60a338ed887c15d94d3f274df39684c1dc6de68f9f29ba13f9f9cb4d6fbcd804
matched_early_seed1,matched_early,1,v40c_00419,4,17,400,0.5953573004359259,1.0,0.6424092409240925,0.6470588235294119,60a338ed887c15d94d3f274df39684c1dc6de68f9f29ba13f9f9cb4d6fbcd804
matched_early_seed1,matched_early,1,v40c_00420,1,4,100,0.7628712871287129,1.0,1.0,0.775,60a338ed887c15d94d3f274df39684c1dc6de68f9f29ba13f9f9cb4d6fbcd804
matched_early_seed1,matched_early,1,v40c_00421,1,4,100,0.5967821782178218,1.0,0.6905940594059405,0.625,60a338ed887c15d94d3f274df39684c1dc6de68f9f29ba13f9f9cb4d6fbcd804
matched_early_seed1,matched_early,1,v40c_00422,1,4,100,0.6308580858085808,1.0,0.6287128712871287,0.65,60a338ed887c15d94d3f274df39684c1dc6de68f9f29ba13f9f9cb4d6fbcd804
matched_early_seed1,matched_early,1,v40c_00423,1,4,100,0.7514851485148515,1.0,1.0,0.75,60a338ed887c15d94d3f274df39684c1dc6de68f9f29ba13f9f9cb4d6fbcd804
matched_early_seed1,matched_early,1,v40c_00424,2,8,200,0.7363507779349363,1.0,1.0,0.75,60a338ed887c15d94d3f274df39684c1dc6de68f9f29ba13f9f9cb4d6fbcd804
matched_early_seed1,matched_early,1,v40c_00425,1,4,100,0.7195544554455445,1.0,1.0,0.725,60a338ed887c15d94d3f274df39684c1dc6de68f9f29ba13f9f9cb4d6fbcd804
matched_early_seed1,matched_early,1,v40c_00426,1,4,100,0.6257425742574257,1.0,0.6287128712871287,0.65,60a338ed887c15d94d3f274df39684c1dc6de68f9f29ba13f9f9cb4d6fbcd804
matched_early_seed1,matched_early,1,v40c_00427,1,4,100,0.5762376237623761,1.0,0.5643564356435643,0.7,60a338ed887c15d94d3f274df39684c1dc6de68f9f29ba13f9f9cb4d6fbcd804
matched_early_seed1,matched_early,1,v40c_00428,1,5,100,0.6824752475247525,1.0,1.0,0.72,60a338ed887c15d94d3f274df39684c1dc6de68f9f29ba13f9f9cb4d6fbcd804
matched_early_seed1,matched_early,1,v40c_00429,4,17,400,0.6680805975334375,0.9874934861907243,0.8868507903421922,0.7176470588235294,60a338ed887c15d94d3f274df39684c1dc6de68f9f29ba13f9f9cb4d6fbcd804
matched_early_seed1,matched_early,1,v40c_00430,1,5,100,0.6046484309447895,0.8187615371706662,0.801980198019802,0.62,60a338ed887c15d94d3f274df39684c1dc6de68f9f29ba13f9f9cb4d6fbcd804
matched_early_seed1,matched_early,1,v40c_00431,1,5,100,0.6682618261826183,1.0,0.823982398239824,0.72,60a338ed887c15d94d3f274df39684c1dc6de68f9f29ba13f9f9cb4d6fbcd804
matched_early_seed1,matched_early,1,v40c_00432,1,5,100,0.6013201320132013,1.0,0.6039603960396039,0.62,60a338ed887c15d94d3f274df39684c1dc6de68f9f29ba13f9f9cb4d6fbcd804
matched_early_seed1,matched_early,1,v40c_00433,1,5,100,0.7741914191419142,1.0,1.0,0.8399999999999999,60a338ed887c15d94d3f274df39684c1dc6de68f9f29ba13f9f9cb4d6fbcd804
matched_early_seed1,matched_early,1,v40c_00434,1,5,100,0.7366336633663366,1.0,1.0,0.76,60a338ed887c15d94d3f274df39684c1dc6de68f9f29ba13f9f9cb4d6fbcd804
matched_early_seed1,matched_early,1,v40c_00435,1,4,100,0.6881188118811881,1.0,1.0,0.7,60a338ed887c15d94d3f274df39684c1dc6de68f9f29ba13f9f9cb4d6fbcd804
matched_early_seed1,matched_early,1,v40c_00436,1,5,100,0.6826732673267326,1.0,1.0,0.72,60a338ed887c15d94d3f274df39684c1dc6de68f9f29ba13f9f9cb4d6fbcd804
matched_early_seed1,matched_early,1,v40c_00437,1,5,100,0.6659900990099009,1.0,0.7227722772277227,0.72,60a338ed887c15d94d3f274df39684c1dc6de68f9f29ba13f9f9cb4d6fbcd804
matched_early_seed1,matched_early,1,v40c_00438,1,5,100,0.6364266426642664,1.0,0.7623762376237624,0.7,60a338ed887c15d94d3f274df39684c1dc6de68f9f29ba13f9f9cb4d6fbcd804
matched_early_seed1,matched_early,1,v40c_00439,1,5,100,0.7653465346534654,1.0,1.0,0.78,60a338ed887c15d94d3f274df39684c1dc6de68f9f29ba13f9f9cb4d6fbcd804
matched_early_seed1,matched_early,1,v40c_00440,7,35,700,0.652453188617011,1.0,0.8523834457621587,0.7085714285714285,60a338ed887c15d94d3f274df39684c1dc6de68f9f29ba13f9f9cb4d6fbcd804
matched_early_seed1,matched_early,1,v40c_00441,1,5,100,0.7762376237623763,1.0,1.0,0.78,60a338ed887c15d94d3f274df39684c1dc6de68f9f29ba13f9f9cb4d6fbcd804
matched_early_seed1,matched_early,1,v40c_00442,1,5,100,0.8168316831683168,1.0,1.0,0.8400000000000001,60a338ed887c15d94d3f274df39684c1dc6de68f9f29ba13f9f9cb4d6fbcd804
matched_early_seed1,matched_early,1,v40c_00443,1,5,100,0.5867986798679867,1.0,0.4587458745874586,0.62,60a338ed887c15d94d3f274df39684c1dc6de68f9f29ba13f9f9cb4d6fbcd804
matched_early_seed1,matched_early,1,v40c_00444,3,15,300,0.7464222576103764,1.0,1.0,0.7733333333333333,60a338ed887c15d94d3f274df39684c1dc6de68f9f29ba13f9f9cb4d6fbcd804
matched_early_seed1,matched_early,1,v40c_00454,19,92,1900,0.6678286467845271,0.9746074073330984,0.8248132098798499,0.7271739130434783,60a338ed887c15d94d3f274df39684c1dc6de68f9f29ba13f9f9cb4d6fbcd804
matched_early_seed1,matched_early,1,v40c_00455,1,6,100,0.5885478547854786,0.9298679867986801,0.5841584158415841,0.6833333333333333,60a338ed887c15d94d3f274df39684c1dc6de68f9f29ba13f9f9cb4d6fbcd804
matched_early_seed1,matched_early,1,v40c_00456,2,11,200,0.4797085752531297,0.8785224676313785,0.47739488234537736,0.6,60a338ed887c15d94d3f274df39684c1dc6de68f9f29ba13f9f9cb4d6fbcd804
matched_early_seed1,matched_early,1,v40c_00457,1,6,100,0.7599009900990099,1.0,1.0,0.7666666666666667,60a338ed887c15d94d3f274df39684c1dc6de68f9f29ba13f9f9cb4d6fbcd804
matched_early_seed1,matched_early,1,v40c_00458,1,5,100,0.6540154015401541,0.8723872387238726,0.7623762376237624,0.72,60a338ed887c15d94d3f274df39684c1dc6de68f9f29ba13f9f9cb4d6fbcd804
matched_early_seed1,matched_early,1,v40c_00459,1,5,100,0.6013201320132013,1.0,0.504950495049505,0.64,60a338ed887c15d94d3f274df39684c1dc6de68f9f29ba13f9f9cb4d6fbcd804
matched_early_seed1,matched_early,1,v40c_00460,1,5,100,0.5835533553355335,1.0,0.801980198019802,0.62,60a338ed887c15d94d3f274df39684c1dc6de68f9f29ba13f9f9cb4d6fbcd804
matched_early_seed1,matched_early,1,v40c_00461,1,5,100,0.6731848184818482,1.0,0.6287128712871287,0.76,60a338ed887c15d94d3f274df39684c1dc6de68f9f29ba13f9f9cb4d6fbcd804
matched_early_seed1,matched_early,1,v40c_00462,1,4,100,0.7168316831683168,1.0,0.7524752475247525,0.725,60a338ed887c15d94d3f274df39684c1dc6de68f9f29ba13f9f9cb4d6fbcd804
matched_early_seed1,matched_early,1,v40c_00463,1,5,100,0.6333333333333332,0.9669966996699667,0.933993399339934,0.7,60a338ed887c15d94d3f274df39684c1dc6de68f9f29ba13f9f9cb4d6fbcd804
matched_early_seed1,matched_early,1,v40c_00464,2,10,200,0.694053090417037,1.0,0.8799687850558451,0.75,60a338ed887c15d94d3f274df39684c1dc6de68f9f29ba13f9f9cb4d6fbcd804
matched_early_seed1,matched_early,1,v40c_00465,2,9,200,0.6857053397647459,0.9513412879749514,0.8206820682068208,0.7444444444444445,60a338ed887c15d94d3f274df39684c1dc6de68f9f29ba13f9f9cb4d6fbcd804
matched_early_seed1,matched_early,1,v40c_00466,1,4,100,0.653960396039604,0.9504950495049505,0.7524752475247525,0.7,60a338ed887c15d94d3f274df39684c1dc6de68f9f29ba13f9f9cb4d6fbcd804
matched_early_seed1,matched_early,1,v40c_00467,1,4,100,0.7499764262140498,1.0,0.8939179632248937,0.825,60a338ed887c15d94d3f274df39684c1dc6de68f9f29ba13f9f9cb4d6fbcd804
matched_early_seed1,matched_early,1,v40c_00468,1,5,100,0.7411126826968409,1.0,0.9434229137199429,0.76,60a338ed887c15d94d3f274df39684c1dc6de68f9f29ba13f9f9cb4d6fbcd804
matched_early_seed1,matched_early,1,v40c_00469,1,5,100,0.6256482791136256,1.0,0.6039603960396039,0.6599999999999999,60a338ed887c15d94d3f274df39684c1dc6de68f9f29ba13f9f9cb4d6fbcd804
matched_early_seed1,matched_early,1,v40c_00470,3,14,300,0.6570114070230553,0.9767812075325183,0.726072607260726,0.7071428571428572,60a338ed887c15d94d3f274df39684c1dc6de68f9f29ba13f9f9cb4d6fbcd804
matched_early_seed1,matched_early,1,v40c_00471,1,4,100,0.7071782178217821,1.0,0.6905940594059405,0.725,60a338ed887c15d94d3f274df39684c1dc6de68f9f29ba13f9f9cb4d6fbcd804
matched_early_seed1,matched_early,1,v40c_00472,1,5,100,0.6254125412541254,1.0,0.504950495049505,0.66,60a338ed887c15d94d3f274df39684c1dc6de68f9f29ba13f9f9cb4d6fbcd804
matched_early_seed1,matched_early,1,v40c_00473,1,5,100,0.6226072607260725,1.0,0.7623762376237624,0.68,60a338ed887c15d94d3f274df39684c1dc6de68f9f29ba13f9f9cb4d6fbcd804
matched_early_seed1,matched_early,1,v40c_00474,2,9,200,0.610423330794618,1.0,0.6098184818481849,0.6444444444444445,60a338ed887c15d94d3f274df39684c1dc6de68f9f29ba13f9f9cb4d6fbcd804
matched_early_seed1,matched_early,1,v40c_00475,2,8,200,0.566306705204682,1.0,0.5898161244695898,0.6,60a338ed887c15d94d3f274df39684c1dc6de68f9f29ba13f9f9cb4d6fbcd804
matched_early_seed1,matched_early,1,v40c_00476,1,4,100,0.5409240924092409,1.0,0.5544554455445545,0.6,60a338ed887c15d94d3f274df39684c1dc6de68f9f29ba13f9f9cb4d6fbcd804
matched_early_seed1,matched_early,1,v40c_00477,2,8,200,0.5685643564356435,1.0,0.4001650165016502,0.6125,60a338ed887c15d94d3f274df39684c1dc6de68f9f29ba13f9f9cb4d6fbcd804
matched_early_seed1,matched_early,1,v40c_00478,1,4,100,0.5544554455445544,1.0,0.2574257425742574,0.55,60a338ed887c15d94d3f274df39684c1dc6de68f9f29ba13f9f9cb4d6fbcd804
matched_early_seed1,matched_early,1,v40c_00479,1,4,100,0.4914967967384974,0.9504950495049505,0.504950495049505,0.525,60a338ed887c15d94d3f274df39684c1dc6de68f9f29ba13f9f9cb4d6fbcd804
matched_early_seed1,matched_early,1,v40c_00480,2,8,200,0.6617691014384457,1.0,0.6039603960396039,0.7,60a338ed887c15d94d3f274df39684c1dc6de68f9f29ba13f9f9cb4d6fbcd804
matched_early_seed1,matched_early,1,v40c_00481,3,12,300,0.5905934712577958,0.9581111957349583,0.5527111023757463,0.65,60a338ed887c15d94d3f274df39684c1dc6de68f9f29ba13f9f9cb4d6fbcd804
matched_early_seed1,matched_early,1,v40c_00482,1,3,100,0.5336633663366337,1.0,0.16831683168316833,0.5666666666666667,60a338ed887c15d94d3f274df39684c1dc6de68f9f29ba13f9f9cb4d6fbcd804
matched_early_seed1,matched_early,1,v40c_00483,6,18,600,0.6886037332171961,0.9823481242418803,0.8876537653765377,0.7222222222222222,60a338ed887c15d94d3f274df39684c1dc6de68f9f29ba13f9f9cb4d6fbcd804
matched_early_seed1,matched_early,1,v40c_00484,1,3,100,0.7242574257425743,0.9158415841584159,0.9158415841584159,0.7999999999999999,60a338ed887c15d94d3f274df39684c1dc6de68f9f29ba13f9f9cb4d6fbcd804
matched_early_seed1,matched_early,1,v40c_00485,1,3,100,0.6990099009900991,1.0,0.6633663366336634,0.7,60a338ed887c15d94d3f274df39684c1dc6de68f9f29ba13f9f9cb4d6fbcd804
matched_early_seed1,matched_early,1,v40c_00486,1,3,100,0.542806715454154,1.0,0.6633663366336634,0.6,60a338ed887c15d94d3f274df39684c1dc6de68f9f29ba13f9f9cb4d6fbcd804
matched_early_seed1,matched_early,1,v40c_00487,1,3,100,0.7158415841584158,0.9158415841584159,0.9158415841584159,0.7666666666666666,60a338ed887c15d94d3f274df39684c1dc6de68f9f29ba13f9f9cb4d6fbcd804
matched_early_seed1,matched_early,1,v40c_00488,1,3,100,0.7495049504950495,1.0,1.0,0.7666666666666666,60a338ed887c15d94d3f274df39684c1dc6de68f9f29ba13f9f9cb4d6fbcd804
matched_early_seed1,matched_early,1,v40c_00489,1,3,100,0.7168316831683168,1.0,1.0,0.7333333333333333,60a338ed887c15d94d3f274df39684c1dc6de68f9f29ba13f9f9cb4d6fbcd804
matched_early_seed1,matched_early,1,v40c_00490,1,3,100,0.699009900990099,1.0,0.6633663366336634,0.7,60a338ed887c15d94d3f274df39684c1dc6de68f9f29ba13f9f9cb4d6fbcd804
matched_early_seed1,matched_early,1,v40c_00491,2,6,200,0.7985973597359737,1.0,1.0,0.8166666666666668,60a338ed887c15d94d3f274df39684c1dc6de68f9f29ba13f9f9cb4d6fbcd804
matched_early_seed1,matched_early,1,v40c_00492,1,3,100,0.7663366336633664,1.0,1.0,0.7999999999999999,60a338ed887c15d94d3f274df39684c1dc6de68f9f29ba13f9f9cb4d6fbcd804
matched_early_seed1,matched_early,1,v40c_00493,1,3,100,0.7663366336633664,1.0,1.0,0.7666666666666666,60a338ed887c15d94d3f274df39684c1dc6de68f9f29ba13f9f9cb4d6fbcd804
matched_early_seed1,matched_early,1,v40c_00494,1,3,100,0.7,1.0,0.6633663366336634,0.7,60a338ed887c15d94d3f274df39684c1dc6de68f9f29ba13f9f9cb4d6fbcd804
matched_early_seed1,matched_early,1,v40c_00526,5,0,500,0.0,0.0,0.0,0.0,60a338ed887c15d94d3f274df39684c1dc6de68f9f29ba13f9f9cb4d6fbcd804
matched_early_seed1,matched_early,1,v40c_00596,6,0,600,0.0,0.0,0.0,0.0,60a338ed887c15d94d3f274df39684c1dc6de68f9f29ba13f9f9cb4d6fbcd804
matched_early_seed1,matched_early,1,v40c_00612,24,2,2400,0.5844884488448845,0.834983498349835,0.834983498349835,0.7,60a338ed887c15d94d3f274df39684c1dc6de68f9f29ba13f9f9cb4d6fbcd804
matched_early_seed1,matched_early,1,v40c_00613,1,1,100,0.25,0.5,0.0,0.5,60a338ed887c15d94d3f274df39684c1dc6de68f9f29ba13f9f9cb4d6fbcd804
matched_early_seed1,matched_early,1,v40c_00614,1,1,100,0.7999999999999999,0.9999999999999999,0.9999999999999999,0.8,60a338ed887c15d94d3f274df39684c1dc6de68f9f29ba13f9f9cb4d6fbcd804
matched_early_seed1,matched_early,1,v40c_00615,1,1,100,0.7,0.9999999999999999,0.9999999999999999,0.7,60a338ed887c15d94d3f274df39684c1dc6de68f9f29ba13f9f9cb4d6fbcd804
matched_early_seed1,matched_early,1,v40c_00616,1,1,100,0.7999999999999999,0.9999999999999999,0.9999999999999999,0.8,60a338ed887c15d94d3f274df39684c1dc6de68f9f29ba13f9f9cb4d6fbcd804
matched_early_seed1,matched_early,1,v40c_00617,1,1,100,0.7999999999999999,0.9999999999999999,0.9999999999999999,0.8,60a338ed887c15d94d3f274df39684c1dc6de68f9f29ba13f9f9cb4d6fbcd804
matched_early_seed1,matched_early,1,v40c_00618,7,7,700,0.8216407355021216,1.0,1.0,0.8285714285714286,60a338ed887c15d94d3f274df39684c1dc6de68f9f29ba13f9f9cb4d6fbcd804
matched_early_seed1,matched_early,1,v40c_00619,1,1,100,0.7999999999999999,0.9999999999999999,0.9999999999999999,0.8,60a338ed887c15d94d3f274df39684c1dc6de68f9f29ba13f9f9cb4d6fbcd804
matched_early_seed1,matched_early,1,v40c_00620,2,4,200,0.7200495049504949,1.0,0.6905940594059405,0.775,60a338ed887c15d94d3f274df39684c1dc6de68f9f29ba13f9f9cb4d6fbcd804
matched_early_seed1,matched_early,1,v40c_00621,1,2,100,0.8504950495049505,1.0,1.0,0.85,60a338ed887c15d94d3f274df39684c1dc6de68f9f29ba13f9f9cb4d6fbcd804
matched_early_seed1,matched_early,1,v40c_00622,3,6,300,0.8803630363036303,1.0,1.0,0.8833333333333334,60a338ed887c15d94d3f274df39684c1dc6de68f9f29ba13f9f9cb4d6fbcd804
matched_early_seed1,matched_early,1,v40c_00623,1,2,100,0.6504950495049504,1.0,1.0,0.7,60a338ed887c15d94d3f274df39684c1dc6de68f9f29ba13f9f9cb4d6fbcd804
matched_early_seed1,matched_early,1,v40c_00624,1,2,100,0.9009900990099009,1.0,1.0,0.9,60a338ed887c15d94d3f274df39684c1dc6de68f9f29ba13f9f9cb4d6fbcd804
matched_early_seed1,matched_early,1,v40c_00625,1,2,100,0.7184818481848184,0.834983498349835,0.834983498349835,0.85,60a338ed887c15d94d3f274df39684c1dc6de68f9f29ba13f9f9cb4d6fbcd804
matched_early_seed1,matched_early,1,v40c_00626,1,2,100,0.500990099009901,0.834983498349835,0.834983498349835,0.6,60a338ed887c15d94d3f274df39684c1dc6de68f9f29ba13f9f9cb4d6fbcd804
matched_early_seed1,matched_early,1,v40c_00627,1,1,100,0.13000000000000003,0.3333333333333334,0.09999999999999998,0.6,60a338ed887c15d94d3f274df39684c1dc6de68f9f29ba13f9f9cb4d6fbcd804
matched_early_seed1,matched_early,1,v40c_00628,1,2,100,0.286076021395243,0.6666666666666669,0.008706043018094915,0.55,60a338ed887c15d94d3f274df39684c1dc6de68f9f29ba13f9f9cb4d6fbcd804
matched_early_seed1,matched_early,1,v40c_00629,1,2,100,0.4666666666666668,0.6666666666666669,0.6666666666666669,0.7,60a338ed887c15d94d3f274df39684c1dc6de68f9f29ba13f9f9cb4d6fbcd804
matched_early_seed1,matched_early,1,v40c_00630,2,3,200,0.2176803394625177,0.4526166902404527,0.06732673267326733,0.5,60a338ed887c15d94d3f274df39684c1dc6de68f9f29ba13f9f9cb4d6fbcd804
matched_early_seed1,matched_early,1,v40c_00631,1,1,100,0.2,0.25,0.25,0.8,60a338ed887c15d94d3f274df39684c1dc6de68f9f29ba13f9f9cb4d6fbcd804
matched_early_seed1,matched_early,1,v40c_00632,1,0,100,0.0,0.0,0.0,0.0,60a338ed887c15d94d3f274df39684c1dc6de68f9f29ba13f9f9cb4d6fbcd804
matched_early_seed1,matched_early,1,v40c_00633,1,1,100,0.2333333333333334,0.3333333333333334,0.3333333333333334,0.7,60a338ed887c15d94d3f274df39684c1dc6de68f9f29ba13f9f9cb4d6fbcd804
matched_early_seed1,matched_early,1,v40c_00634,1,1,100,0.35,0.5,0.5,0.7,60a338ed887c15d94d3f274df39684c1dc6de68f9f29ba13f9f9cb4d6fbcd804
matched_early_seed1,matched_early,1,v40c_00635,3,0,300,0.0,0.0,0.0,0.0,60a338ed887c15d94d3f274df39684c1dc6de68f9f29ba13f9f9cb4d6fbcd804
matched_early_seed1,matched_early,1,v40c_00636,1,1,100,0.7999999999999999,0.9999999999999999,0.9999999999999999,0.8,60a338ed887c15d94d3f274df39684c1dc6de68f9f29ba13f9f9cb4d6fbcd804
matched_early_seed1,matched_early,1,v40c_00637,1,1,100,0.8999999999999998,0.9999999999999999,0.9999999999999999,0.9,60a338ed887c15d94d3f274df39684c1dc6de68f9f29ba13f9f9cb4d6fbcd804
matched_early_seed1,matched_early,1,v40c_00638,1,1,100,0.7999999999999999,0.9999999999999999,0.9999999999999999,0.8,60a338ed887c15d94d3f274df39684c1dc6de68f9f29ba13f9f9cb4d6fbcd804
matched_early_seed1,matched_early,1,v40c_00639,1,1,100,0.7999999999999999,0.9999999999999999,0.9999999999999999,0.8,60a338ed887c15d94d3f274df39684c1dc6de68f9f29ba13f9f9cb4d6fbcd804
matched_early_seed1,matched_early,1,v40c_00640,1,1,100,0.9999999999999998,0.9999999999999999,0.9999999999999999,1.0,60a338ed887c15d94d3f274df39684c1dc6de68f9f29ba13f9f9cb4d6fbcd804
matched_early_seed1,matched_early,1,v40c_00660,2,4,200,0.7504950495049505,1.0,1.0,0.75,60a338ed887c15d94d3f274df39684c1dc6de68f9f29ba13f9f9cb4d6fbcd804
matched_early_seed1,matched_early,1,v40c_01063,1,0,100,0.0,0.0,0.0,0.0,60a338ed887c15d94d3f274df39684c1dc6de68f9f29ba13f9f9cb4d6fbcd804
matched_early_seed1,matched_early,1,v40c_01064,1,0,100,0.0,0.0,0.0,0.0,60a338ed887c15d94d3f274df39684c1dc6de68f9f29ba13f9f9cb4d6fbcd804
matched_early_seed1,matched_early,1,v40c_01065,1,0,100,0.0,0.0,0.0,0.0,60a338ed887c15d94d3f274df39684c1dc6de68f9f29ba13f9f9cb4d6fbcd804
matched_early_seed1,matched_early,1,v40c_01066,1,0,100,0.0,0.0,0.0,0.0,60a338ed887c15d94d3f274df39684c1dc6de68f9f29ba13f9f9cb4d6fbcd804
matched_early_seed1,matched_early,1,v40c_01067,1,0,100,0.0,0.0,0.0,0.0,60a338ed887c15d94d3f274df39684c1dc6de68f9f29ba13f9f9cb4d6fbcd804
matched_early_seed1,matched_early,1,v40c_01068,1,0,100,0.0,0.0,0.0,0.0,60a338ed887c15d94d3f274df39684c1dc6de68f9f29ba13f9f9cb4d6fbcd804
matched_early_seed1,matched_early,1,v40c_01069,1,0,100,0.0,0.0,0.0,0.0,60a338ed887c15d94d3f274df39684c1dc6de68f9f29ba13f9f9cb4d6fbcd804
matched_early_seed1,matched_early,1,v40c_01070,1,0,100,0.0,0.0,0.0,0.0,60a338ed887c15d94d3f274df39684c1dc6de68f9f29ba13f9f9cb4d6fbcd804
matched_early_seed1,matched_early,1,v40c_01071,1,0,100,0.0,0.0,0.0,0.0,60a338ed887c15d94d3f274df39684c1dc6de68f9f29ba13f9f9cb4d6fbcd804
matched_early_seed1,matched_early,1,v40c_01072,1,0,100,0.0,0.0,0.0,0.0,60a338ed887c15d94d3f274df39684c1dc6de68f9f29ba13f9f9cb4d6fbcd804
matched_early_seed1,matched_early,1,v40c_01073,1,0,100,0.0,0.0,0.0,0.0,60a338ed887c15d94d3f274df39684c1dc6de68f9f29ba13f9f9cb4d6fbcd804
matched_early_seed1,matched_early,1,v40c_01074,3,0,300,0.0,0.0,0.0,0.0,60a338ed887c15d94d3f274df39684c1dc6de68f9f29ba13f9f9cb4d6fbcd804
matched_early_seed1,matched_early,1,v40c_01075,1,0,100,0.0,0.0,0.0,0.0,60a338ed887c15d94d3f274df39684c1dc6de68f9f29ba13f9f9cb4d6fbcd804
matched_early_seed1,matched_early,1,v40c_01076,2,0,200,0.0,0.0,0.0,0.0,60a338ed887c15d94d3f274df39684c1dc6de68f9f29ba13f9f9cb4d6fbcd804
matched_early_seed1,matched_early,1,v40c_01077,1,0,100,0.0,0.0,0.0,0.0,60a338ed887c15d94d3f274df39684c1dc6de68f9f29ba13f9f9cb4d6fbcd804
matched_early_seed1,matched_early,1,v40c_01078,1,0,100,0.0,0.0,0.0,0.0,60a338ed887c15d94d3f274df39684c1dc6de68f9f29ba13f9f9cb4d6fbcd804
matched_early_seed1,matched_early,1,v40c_01079,1,0,100,0.0,0.0,0.0,0.0,60a338ed887c15d94d3f274df39684c1dc6de68f9f29ba13f9f9cb4d6fbcd804
matched_early_seed1,matched_early,1,v40c_01080,3,0,300,0.0,0.0,0.0,0.0,60a338ed887c15d94d3f274df39684c1dc6de68f9f29ba13f9f9cb4d6fbcd804
matched_early_seed1,matched_early,1,v40c_01081,1,0,100,0.0,0.0,0.0,0.0,60a338ed887c15d94d3f274df39684c1dc6de68f9f29ba13f9f9cb4d6fbcd804
matched_early_seed1,matched_early,1,v40c_01082,1,0,100,0.0,0.0,0.0,0.0,60a338ed887c15d94d3f274df39684c1dc6de68f9f29ba13f9f9cb4d6fbcd804
matched_early_seed1,matched_early,1,v40c_01083,1,0,100,0.0,0.0,0.0,0.0,60a338ed887c15d94d3f274df39684c1dc6de68f9f29ba13f9f9cb4d6fbcd804
matched_early_seed1,matched_early,1,v40c_01084,3,0,300,0.0,0.0,0.0,0.0,60a338ed887c15d94d3f274df39684c1dc6de68f9f29ba13f9f9cb4d6fbcd804
matched_early_seed1,matched_early,1,v40c_01085,1,1,100,0.7,0.9999999999999999,0.9999999999999999,0.7,60a338ed887c15d94d3f274df39684c1dc6de68f9f29ba13f9f9cb4d6fbcd804
matched_early_seed1,matched_early,1,v40c_01086,1,0,100,0.0,0.0,0.0,0.0,60a338ed887c15d94d3f274df39684c1dc6de68f9f29ba13f9f9cb4d6fbcd804
matched_early_seed1,matched_early,1,v40c_01087,1,0,100,0.0,0.0,0.0,0.0,60a338ed887c15d94d3f274df39684c1dc6de68f9f29ba13f9f9cb4d6fbcd804
matched_early_seed1,matched_early,1,v40c_01088,1,1,100,0.7,0.9999999999999999,0.9999999999999999,0.7,60a338ed887c15d94d3f274df39684c1dc6de68f9f29ba13f9f9cb4d6fbcd804
matched_early_seed1,matched_early,1,v40c_01089,1,1,100,0.7,0.9999999999999999,0.9999999999999999,0.7,60a338ed887c15d94d3f274df39684c1dc6de68f9f29ba13f9f9cb4d6fbcd804
matched_early_seed1,matched_early,1,v40c_01090,1,1,100,0.3,0.5,0.5,0.6,60a338ed887c15d94d3f274df39684c1dc6de68f9f29ba13f9f9cb4d6fbcd804
matched_early_seed1,matched_early,1,v40c_01091,1,1,100,0.5999999999999999,0.9999999999999999,0.9999999999999999,0.6,60a338ed887c15d94d3f274df39684c1dc6de68f9f29ba13f9f9cb4d6fbcd804
matched_early_seed1,matched_early,1,v40c_01092,1,1,100,0.35,0.5,0.5,0.7,60a338ed887c15d94d3f274df39684c1dc6de68f9f29ba13f9f9cb4d6fbcd804
matched_early_seed1,matched_early,1,v40c_01093,1,1,100,0.7999999999999999,0.9999999999999999,0.9999999999999999,0.8,60a338ed887c15d94d3f274df39684c1dc6de68f9f29ba13f9f9cb4d6fbcd804
matched_early_seed1,matched_early,1,v40c_01094,1,1,100,0.7,0.9999999999999999,0.9999999999999999,0.7,60a338ed887c15d94d3f274df39684c1dc6de68f9f29ba13f9f9cb4d6fbcd804
matched_early_seed1,matched_early,1,v40c_01095,1,1,100,0.5999999999999999,0.9999999999999999,0.9999999999999999,0.6,60a338ed887c15d94d3f274df39684c1dc6de68f9f29ba13f9f9cb4d6fbcd804
matched_early_seed1,matched_early,1,v40c_01096,3,3,300,0.7445544554455445,1.0,1.0,0.7666666666666666,60a338ed887c15d94d3f274df39684c1dc6de68f9f29ba13f9f9cb4d6fbcd804
matched_early_seed1,matched_early,1,v40c_01097,1,1,100,0.7,0.9999999999999999,0.9999999999999999,0.7,60a338ed887c15d94d3f274df39684c1dc6de68f9f29ba13f9f9cb4d6fbcd804
matched_early_seed1,matched_early,1,v40c_01098,1,1,100,0.4999999999999999,0.9999999999999999,0.0,0.5,60a338ed887c15d94d3f274df39684c1dc6de68f9f29ba13f9f9cb4d6fbcd804
matched_early_seed1,matched_early,1,v40c_01099,2,2,200,0.6,1.0,1.0,0.6,60a338ed887c15d94d3f274df39684c1dc6de68f9f29ba13f9f9cb4d6fbcd804
matched_early_seed1,matched_early,1,v40c_01100,2,2,200,0.7504950495049505,1.0,1.0,0.8,60a338ed887c15d94d3f274df39684c1dc6de68f9f29ba13f9f9cb4d6fbcd804
matched_early_seed1,matched_early,1,v40c_01101,1,1,100,0.7,0.9999999999999999,0.9999999999999999,0.7,60a338ed887c15d94d3f274df39684c1dc6de68f9f29ba13f9f9cb4d6fbcd804
matched_early_seed1,matched_early,1,v40c_01102,1,1,100,0.7,0.9999999999999999,0.9999999999999999,0.7,60a338ed887c15d94d3f274df39684c1dc6de68f9f29ba13f9f9cb4d6fbcd804
matched_early_seed1,matched_early,1,v40c_01103,1,1,100,0.7999999999999999,0.9999999999999999,0.9999999999999999,0.8,60a338ed887c15d94d3f274df39684c1dc6de68f9f29ba13f9f9cb4d6fbcd804
matched_early_seed1,matched_early,1,v40c_01104,2,2,200,0.7514851485148515,1.0,1.0,0.75,60a338ed887c15d94d3f274df39684c1dc6de68f9f29ba13f9f9cb4d6fbcd804
matched_early_seed1,matched_early,1,v40c_01105,1,2,100,0.700990099009901,1.0,1.0,0.7,60a338ed887c15d94d3f274df39684c1dc6de68f9f29ba13f9f9cb4d6fbcd804
matched_early_seed1,matched_early,1,v40c_01106,1,2,100,0.7514851485148515,1.0,1.0,0.75,60a338ed887c15d94d3f274df39684c1dc6de68f9f29ba13f9f9cb4d6fbcd804
matched_early_seed1,matched_early,1,v40c_01107,1,2,100,0.7504950495049505,1.0,1.0,0.8,60a338ed887c15d94d3f274df39684c1dc6de68f9f29ba13f9f9cb4d6fbcd804
matched_early_seed1,matched_early,1,v40c_01108,1,2,100,0.8009900990099009,1.0,1.0,0.8,60a338ed887c15d94d3f274df39684c1dc6de68f9f29ba13f9f9cb4d6fbcd804
matched_early_seed1,matched_early,1,v40c_01109,2,4,200,0.8,1.0,1.0,0.8,60a338ed887c15d94d3f274df39684c1dc6de68f9f29ba13f9f9cb4d6fbcd804
matched_early_seed1,matched_early,1,v40c_01110,1,2,100,0.8,1.0,1.0,0.8,60a338ed887c15d94d3f274df39684c1dc6de68f9f29ba13f9f9cb4d6fbcd804
matched_early_seed1,matched_early,1,v40c_01111,1,2,100,0.8252475247524753,1.0,1.0,0.85,60a338ed887c15d94d3f274df39684c1dc6de68f9f29ba13f9f9cb4d6fbcd804
matched_early_seed1,matched_early,1,v40c_01112,2,4,200,0.9085808580858086,1.0,1.0,0.925,60a338ed887c15d94d3f274df39684c1dc6de68f9f29ba13f9f9cb4d6fbcd804
matched_early_seed1,matched_early,1,v40c_01168,1,1,100,0.8999999999999998,0.9999999999999999,0.9999999999999999,0.9,60a338ed887c15d94d3f274df39684c1dc6de68f9f29ba13f9f9cb4d6fbcd804
matched_early_seed1,matched_early,1,v40c_01169,2,2,200,0.9,1.0,1.0,0.9,60a338ed887c15d94d3f274df39684c1dc6de68f9f29ba13f9f9cb4d6fbcd804
matched_early_seed1,matched_early,1,v40c_01170,1,1,100,0.9999999999999998,0.9999999999999999,0.9999999999999999,1.0,60a338ed887c15d94d3f274df39684c1dc6de68f9f29ba13f9f9cb4d6fbcd804
matched_early_seed1,matched_early,1,v40c_01171,2,2,200,0.8252475247524753,1.0,1.0,0.85,60a338ed887c15d94d3f274df39684c1dc6de68f9f29ba13f9f9cb4d6fbcd804
matched_early_seed1,matched_early,1,v40c_01172,1,1,100,0.8999999999999998,0.9999999999999999,0.9999999999999999,0.9,60a338ed887c15d94d3f274df39684c1dc6de68f9f29ba13f9f9cb4d6fbcd804
matched_early_seed1,matched_early,1,v40c_01173,1,1,100,0.8999999999999998,0.9999999999999999,0.9999999999999999,0.9,60a338ed887c15d94d3f274df39684c1dc6de68f9f29ba13f9f9cb4d6fbcd804
matched_early_seed1,matched_early,1,v40c_01174,1,1,100,0.7999999999999999,0.9999999999999999,0.9999999999999999,0.8,60a338ed887c15d94d3f274df39684c1dc6de68f9f29ba13f9f9cb4d6fbcd804
matched_early_seed1,matched_early,1,v40c_01175,1,1,100,0.8999999999999998,0.9999999999999999,0.9999999999999999,0.9,60a338ed887c15d94d3f274df39684c1dc6de68f9f29ba13f9f9cb4d6fbcd804
matched_early_seed1,matched_early,1,v40c_01176,1,1,100,0.7999999999999999,0.9999999999999999,0.9999999999999999,0.8,60a338ed887c15d94d3f274df39684c1dc6de68f9f29ba13f9f9cb4d6fbcd804
matched_early_seed1,matched_early,1,v40c_01177,1,1,100,0.8999999999999998,0.9999999999999999,0.9999999999999999,0.9,60a338ed887c15d94d3f274df39684c1dc6de68f9f29ba13f9f9cb4d6fbcd804
matched_early_seed1,matched_early,1,v40c_01178,1,1,100,0.5999999999999999,0.9999999999999999,0.9999999999999999,0.6,60a338ed887c15d94d3f274df39684c1dc6de68f9f29ba13f9f9cb4d6fbcd804
matched_early_seed1,matched_early,1,v40c_01179,1,1,100,0.5012048192771084,0.9999999999999999,0.012048192771084333,0.6,60a338ed887c15d94d3f274df39684c1dc6de68f9f29ba13f9f9cb4d6fbcd804
matched_early_seed1,matched_early,1,v40c_01180,1,0,100,0.0,0.0,0.0,0.0,60a338ed887c15d94d3f274df39684c1dc6de68f9f29ba13f9f9cb4d6fbcd804
matched_early_seed1,matched_early,1,v40c_01181,2,0,200,0.0,0.0,0.0,0.0,60a338ed887c15d94d3f274df39684c1dc6de68f9f29ba13f9f9cb4d6fbcd804
matched_early_seed1,matched_early,1,v40c_01182,1,0,100,0.0,0.0,0.0,0.0,60a338ed887c15d94d3f274df39684c1dc6de68f9f29ba13f9f9cb4d6fbcd804
matched_early_seed1,matched_early,1,v40c_01183,2,0,200,0.0,0.0,0.0,0.0,60a338ed887c15d94d3f274df39684c1dc6de68f9f29ba13f9f9cb4d6fbcd804
matched_early_seed1,matched_early,1,v40c_01184,2,0,200,0.0,0.0,0.0,0.0,60a338ed887c15d94d3f274df39684c1dc6de68f9f29ba13f9f9cb4d6fbcd804
matched_early_seed1,matched_early,1,v40c_01185,1,0,100,0.0,0.0,0.0,0.0,60a338ed887c15d94d3f274df39684c1dc6de68f9f29ba13f9f9cb4d6fbcd804
matched_early_seed1,matched_early,1,v40c_01186,1,0,100,0.0,0.0,0.0,0.0,60a338ed887c15d94d3f274df39684c1dc6de68f9f29ba13f9f9cb4d6fbcd804
matched_early_seed1,matched_early,1,v40c_01187,4,0,400,0.0,0.0,0.0,0.0,60a338ed887c15d94d3f274df39684c1dc6de68f9f29ba13f9f9cb4d6fbcd804
matched_early_seed1,matched_early,1,v40c_01188,1,0,100,0.0,0.0,0.0,0.0,60a338ed887c15d94d3f274df39684c1dc6de68f9f29ba13f9f9cb4d6fbcd804
matched_early_seed1,matched_early,1,v40c_01189,1,0,100,0.0,0.0,0.0,0.0,60a338ed887c15d94d3f274df39684c1dc6de68f9f29ba13f9f9cb4d6fbcd804
matched_early_seed1,matched_early,1,v40c_01190,1,0,100,0.0,0.0,0.0,0.0,60a338ed887c15d94d3f274df39684c1dc6de68f9f29ba13f9f9cb4d6fbcd804
matched_early_seed1,matched_early,1,v40c_01191,1,0,100,0.0,0.0,0.0,0.0,60a338ed887c15d94d3f274df39684c1dc6de68f9f29ba13f9f9cb4d6fbcd804
matched_early_seed1,matched_early,1,v40c_01192,1,0,100,0.0,0.0,0.0,0.0,60a338ed887c15d94d3f274df39684c1dc6de68f9f29ba13f9f9cb4d6fbcd804
matched_early_seed1,matched_early,1,v40c_01193,1,0,100,0.0,0.0,0.0,0.0,60a338ed887c15d94d3f274df39684c1dc6de68f9f29ba13f9f9cb4d6fbcd804
matched_early_seed1,matched_early,1,v40c_01194,1,0,100,0.0,0.0,0.0,0.0,60a338ed887c15d94d3f274df39684c1dc6de68f9f29ba13f9f9cb4d6fbcd804
matched_early_seed1,matched_early,1,v40c_01195,1,0,100,0.0,0.0,0.0,0.0,60a338ed887c15d94d3f274df39684c1dc6de68f9f29ba13f9f9cb4d6fbcd804
matched_early_seed1,matched_early,1,v40c_01196,3,0,300,0.0,0.0,0.0,0.0,60a338ed887c15d94d3f274df39684c1dc6de68f9f29ba13f9f9cb4d6fbcd804
matched_early_seed1,matched_early,1,v40c_01197,2,0,200,0.0,0.0,0.0,0.0,60a338ed887c15d94d3f274df39684c1dc6de68f9f29ba13f9f9cb4d6fbcd804
matched_early_seed1,matched_early,1,v40c_01198,1,0,100,0.0,0.0,0.0,0.0,60a338ed887c15d94d3f274df39684c1dc6de68f9f29ba13f9f9cb4d6fbcd804
matched_early_seed1,matched_early,1,v40c_01199,1,0,100,0.0,0.0,0.0,0.0,60a338ed887c15d94d3f274df39684c1dc6de68f9f29ba13f9f9cb4d6fbcd804
matched_early_seed1,matched_early,1,v40c_01200,1,0,100,0.0,0.0,0.0,0.0,60a338ed887c15d94d3f274df39684c1dc6de68f9f29ba13f9f9cb4d6fbcd804
matched_early_seed1,matched_early,1,v40c_01201,1,0,100,0.0,0.0,0.0,0.0,60a338ed887c15d94d3f274df39684c1dc6de68f9f29ba13f9f9cb4d6fbcd804
matched_early_seed1,matched_early,1,v40c_01202,1,0,100,0.0,0.0,0.0,0.0,60a338ed887c15d94d3f274df39684c1dc6de68f9f29ba13f9f9cb4d6fbcd804
matched_early_seed1,matched_early,1,v40c_01203,1,0,100,0.0,0.0,0.0,0.0,60a338ed887c15d94d3f274df39684c1dc6de68f9f29ba13f9f9cb4d6fbcd804
matched_early_seed1,matched_early,1,v40c_01204,1,0,100,0.0,0.0,0.0,0.0,60a338ed887c15d94d3f274df39684c1dc6de68f9f29ba13f9f9cb4d6fbcd804
matched_early_seed1,matched_early,1,v40c_01205,3,0,300,0.0,0.0,0.0,0.0,60a338ed887c15d94d3f274df39684c1dc6de68f9f29ba13f9f9cb4d6fbcd804
matched_early_seed1,matched_early,1,v40c_01206,1,0,100,0.0,0.0,0.0,0.0,60a338ed887c15d94d3f274df39684c1dc6de68f9f29ba13f9f9cb4d6fbcd804
matched_early_seed1,matched_early,1,v40c_01207,1,0,100,0.0,0.0,0.0,0.0,60a338ed887c15d94d3f274df39684c1dc6de68f9f29ba13f9f9cb4d6fbcd804
matched_early_seed1,matched_early,1,v40c_01208,1,0,100,0.0,0.0,0.0,0.0,60a338ed887c15d94d3f274df39684c1dc6de68f9f29ba13f9f9cb4d6fbcd804
matched_early_seed1,matched_early,1,v40c_01209,1,0,100,0.0,0.0,0.0,0.0,60a338ed887c15d94d3f274df39684c1dc6de68f9f29ba13f9f9cb4d6fbcd804
matched_early_seed1,matched_early,1,v40c_01210,1,0,100,0.0,0.0,0.0,0.0,60a338ed887c15d94d3f274df39684c1dc6de68f9f29ba13f9f9cb4d6fbcd804
matched_early_seed1,matched_early,1,v40c_01211,1,0,100,0.0,0.0,0.0,0.0,60a338ed887c15d94d3f274df39684c1dc6de68f9f29ba13f9f9cb4d6fbcd804
matched_early_seed1,matched_early,1,v40c_01212,1,0,100,0.0,0.0,0.0,0.0,60a338ed887c15d94d3f274df39684c1dc6de68f9f29ba13f9f9cb4d6fbcd804
matched_early_seed1,matched_early,1,v40c_01213,1,0,100,0.0,0.0,0.0,0.0,60a338ed887c15d94d3f274df39684c1dc6de68f9f29ba13f9f9cb4d6fbcd804
matched_early_seed1,matched_early,1,v40c_01214,1,0,100,0.0,0.0,0.0,0.0,60a338ed887c15d94d3f274df39684c1dc6de68f9f29ba13f9f9cb4d6fbcd804
matched_early_seed1,matched_early,1,v40c_01215,1,0,100,0.0,0.0,0.0,0.0,60a338ed887c15d94d3f274df39684c1dc6de68f9f29ba13f9f9cb4d6fbcd804
matched_early_seed1,matched_early,1,v40c_01216,1,0,100,0.0,0.0,0.0,0.0,60a338ed887c15d94d3f274df39684c1dc6de68f9f29ba13f9f9cb4d6fbcd804
matched_early_seed1,matched_early,1,v40c_01217,1,0,100,0.0,0.0,0.0,0.0,60a338ed887c15d94d3f274df39684c1dc6de68f9f29ba13f9f9cb4d6fbcd804
matched_early_seed1,matched_early,1,v40c_01218,1,0,100,0.0,0.0,0.0,0.0,60a338ed887c15d94d3f274df39684c1dc6de68f9f29ba13f9f9cb4d6fbcd804
matched_early_seed1,matched_early,1,v40c_01219,1,0,100,0.0,0.0,0.0,0.0,60a338ed887c15d94d3f274df39684c1dc6de68f9f29ba13f9f9cb4d6fbcd804
matched_early_seed1,matched_early,1,v40c_01220,1,0,100,0.0,0.0,0.0,0.0,60a338ed887c15d94d3f274df39684c1dc6de68f9f29ba13f9f9cb4d6fbcd804
matched_early_seed1,matched_early,1,v40c_01221,2,1,200,0.5999999999999999,0.9999999999999999,0.9999999999999999,0.6,60a338ed887c15d94d3f274df39684c1dc6de68f9f29ba13f9f9cb4d6fbcd804
matched_early_seed1,matched_early,1,v40c_01222,1,1,100,0.4999999999999999,0.9999999999999999,0.0,0.5,60a338ed887c15d94d3f274df39684c1dc6de68f9f29ba13f9f9cb4d6fbcd804
matched_early_seed1,matched_early,1,v40c_01223,1,1,100,0.39999999999999997,0.9999999999999999,0.0,0.4,60a338ed887c15d94d3f274df39684c1dc6de68f9f29ba13f9f9cb4d6fbcd804
matched_early_seed1,matched_early,1,v40c_01224,1,1,100,0.403125,0.9999999999999999,0.015625,0.6,60a338ed887c15d94d3f274df39684c1dc6de68f9f29ba13f9f9cb4d6fbcd804
matched_early_seed1,matched_early,1,v40c_01225,1,1,100,0.20338983050847456,0.9999999999999999,0.0,0.4,60a338ed887c15d94d3f274df39684c1dc6de68f9f29ba13f9f9cb4d6fbcd804
matched_early_seed1,matched_early,1,v40c_01226,4,4,400,0.20322425181472212,1.0,0.0,0.375,60a338ed887c15d94d3f274df39684c1dc6de68f9f29ba13f9f9cb4d6fbcd804
matched_early_seed1,matched_early,1,v40c_01227,1,2,100,0.10715327346688153,0.5181518151815179,0.0,0.35,60a338ed887c15d94d3f274df39684c1dc6de68f9f29ba13f9f9cb4d6fbcd804
matched_early_seed1,matched_early,1,v40c_01228,1,1,100,0.29999999999999993,0.9999999999999999,0.0,0.3,60a338ed887c15d94d3f274df39684c1dc6de68f9f29ba13f9f9cb4d6fbcd804
matched_early_seed1,matched_early,1,v40c_01229,1,1,100,0.10172413793103448,0.9999999999999999,0.0,0.2,60a338ed887c15d94d3f274df39684c1dc6de68f9f29ba13f9f9cb4d6fbcd804
matched_early_seed1,matched_early,1,v40c_01230,1,1,100,0.10259784075573548,0.9999999999999999,0.0,0.3,60a338ed887c15d94d3f274df39684c1dc6de68f9f29ba13f9f9cb4d6fbcd804
matched_early_seed1,matched_early,1,v40c_01231,3,3,300,0.07159667888015306,0.5621646134079057,0.0,0.36666666666666664,60a338ed887c15d94d3f274df39684c1dc6de68f9f29ba13f9f9cb4d6fbcd804
matched_early_seed1,matched_early,1,v40c_01232,1,1,100,0.19999999999999998,0.9999999999999999,0.0,0.2,60a338ed887c15d94d3f274df39684c1dc6de68f9f29ba13f9f9cb4d6fbcd804
matched_early_seed1,matched_early,1,v40c_01233,1,1,100,0.29999999999999993,0.9999999999999999,0.0,0.3,60a338ed887c15d94d3f274df39684c1dc6de68f9f29ba13f9f9cb4d6fbcd804
matched_early_seed1,matched_early,1,v40c_01234,1,1,100,0.4020618556701031,0.9999999999999999,0.010309278350515465,0.6,60a338ed887c15d94d3f274df39684c1dc6de68f9f29ba13f9f9cb4d6fbcd804
matched_early_seed1,matched_early,1,v40c_01235,1,1,100,0.4999999999999999,0.9999999999999999,0.0,0.5,60a338ed887c15d94d3f274df39684c1dc6de68f9f29ba13f9f9cb4d6fbcd804
matched_early_seed1,matched_early,1,v40c_01236,2,2,200,0.45049504950495045,1.0,0.0,0.45,60a338ed887c15d94d3f274df39684c1dc6de68f9f29ba13f9f9cb4d6fbcd804
matched_early_seed1,matched_early,1,v40c_01237,1,1,100,0.5999999999999999,0.9999999999999999,0.9999999999999999,0.6,60a338ed887c15d94d3f274df39684c1dc6de68f9f29ba13f9f9cb4d6fbcd804
matched_early_seed1,matched_early,1,v40c_01238,6,1,600,0.1,0.5,0.0,0.2,60a338ed887c15d94d3f274df39684c1dc6de68f9f29ba13f9f9cb4d6fbcd804
matched_early_seed1,matched_early,1,v40c_01239,1,0,100,0.0,0.0,0.0,0.0,60a338ed887c15d94d3f274df39684c1dc6de68f9f29ba13f9f9cb4d6fbcd804
matched_early_seed1,matched_early,1,v40c_01240,1,0,100,0.0,0.0,0.0,0.0,60a338ed887c15d94d3f274df39684c1dc6de68f9f29ba13f9f9cb4d6fbcd804
matched_early_seed1,matched_early,1,v40c_01241,1,0,100,0.0,0.0,0.0,0.0,60a338ed887c15d94d3f274df39684c1dc6de68f9f29ba13f9f9cb4d6fbcd804
matched_early_seed1,matched_early,1,v40c_01242,2,0,200,0.0,0.0,0.0,0.0,60a338ed887c15d94d3f274df39684c1dc6de68f9f29ba13f9f9cb4d6fbcd804
matched_early_seed1,matched_early,1,v40c_01243,2,0,200,0.0,0.0,0.0,0.0,60a338ed887c15d94d3f274df39684c1dc6de68f9f29ba13f9f9cb4d6fbcd804
matched_early_seed1,matched_early,1,v40c_01244,1,0,100,0.0,0.0,0.0,0.0,60a338ed887c15d94d3f274df39684c1dc6de68f9f29ba13f9f9cb4d6fbcd804
matched_early_seed1,matched_early,1,v40c_01245,1,0,100,0.0,0.0,0.0,0.0,60a338ed887c15d94d3f274df39684c1dc6de68f9f29ba13f9f9cb4d6fbcd804
matched_early_seed1,matched_early,1,v40c_01246,1,0,100,0.0,0.0,0.0,0.0,60a338ed887c15d94d3f274df39684c1dc6de68f9f29ba13f9f9cb4d6fbcd804
matched_early_seed1,matched_early,1,v40c_01247,1,0,100,0.0,0.0,0.0,0.0,60a338ed887c15d94d3f274df39684c1dc6de68f9f29ba13f9f9cb4d6fbcd804
matched_early_seed1,matched_early,1,v40c_01248,1,0,100,0.0,0.0,0.0,0.0,60a338ed887c15d94d3f274df39684c1dc6de68f9f29ba13f9f9cb4d6fbcd804
matched_early_seed1,matched_early,1,v40c_01249,2,0,200,0.0,0.0,0.0,0.0,60a338ed887c15d94d3f274df39684c1dc6de68f9f29ba13f9f9cb4d6fbcd804
matched_early_seed1,matched_early,1,v40c_01250,1,0,100,0.0,0.0,0.0,0.0,60a338ed887c15d94d3f274df39684c1dc6de68f9f29ba13f9f9cb4d6fbcd804
matched_early_seed1,matched_early,1,v40c_01251,3,0,300,0.0,0.0,0.0,0.0,60a338ed887c15d94d3f274df39684c1dc6de68f9f29ba13f9f9cb4d6fbcd804
matched_early_seed1,matched_early,1,v40c_01252,1,0,100,0.0,0.0,0.0,0.0,60a338ed887c15d94d3f274df39684c1dc6de68f9f29ba13f9f9cb4d6fbcd804
matched_early_seed1,matched_early,1,v40c_01253,1,0,100,0.0,0.0,0.0,0.0,60a338ed887c15d94d3f274df39684c1dc6de68f9f29ba13f9f9cb4d6fbcd804
matched_early_seed1,matched_early,1,v40c_01254,3,0,300,0.0,0.0,0.0,0.0,60a338ed887c15d94d3f274df39684c1dc6de68f9f29ba13f9f9cb4d6fbcd804
matched_early_seed1,matched_early,1,v40c_01255,1,0,100,0.0,0.0,0.0,0.0,60a338ed887c15d94d3f274df39684c1dc6de68f9f29ba13f9f9cb4d6fbcd804
matched_early_seed1,matched_early,1,v40c_01256,5,0,500,0.0,0.0,0.0,0.0,60a338ed887c15d94d3f274df39684c1dc6de68f9f29ba13f9f9cb4d6fbcd804
matched_early_seed1,matched_early,1,v40c_01257,1,0,100,0.0,0.0,0.0,0.0,60a338ed887c15d94d3f274df39684c1dc6de68f9f29ba13f9f9cb4d6fbcd804
matched_early_seed1,matched_early,1,v40c_01258,1,0,100,0.0,0.0,0.0,0.0,60a338ed887c15d94d3f274df39684c1dc6de68f9f29ba13f9f9cb4d6fbcd804
matched_early_seed1,matched_early,1,v40c_01259,6,0,600,0.0,0.0,0.0,0.0,60a338ed887c15d94d3f274df39684c1dc6de68f9f29ba13f9f9cb4d6fbcd804
matched_early_seed1,matched_early,1,v40c_01260,2,0,200,0.0,0.0,0.0,0.0,60a338ed887c15d94d3f274df39684c1dc6de68f9f29ba13f9f9cb4d6fbcd804
matched_early_seed1,matched_early,1,v40c_01261,3,0,300,0.0,0.0,0.0,0.0,60a338ed887c15d94d3f274df39684c1dc6de68f9f29ba13f9f9cb4d6fbcd804
matched_early_seed1,matched_early,1,v40c_01262,1,0,100,0.0,0.0,0.0,0.0,60a338ed887c15d94d3f274df39684c1dc6de68f9f29ba13f9f9cb4d6fbcd804
matched_early_seed1,matched_early,1,v40c_01263,1,0,100,0.0,0.0,0.0,0.0,60a338ed887c15d94d3f274df39684c1dc6de68f9f29ba13f9f9cb4d6fbcd804
matched_early_seed1,matched_early,1,v40c_01264,1,0,100,0.0,0.0,0.0,0.0,60a338ed887c15d94d3f274df39684c1dc6de68f9f29ba13f9f9cb4d6fbcd804
matched_early_seed1,matched_early,1,v40c_01265,1,0,100,0.0,0.0,0.0,0.0,60a338ed887c15d94d3f274df39684c1dc6de68f9f29ba13f9f9cb4d6fbcd804
matched_early_seed1,matched_early,1,v40c_01266,2,0,200,0.0,0.0,0.0,0.0,60a338ed887c15d94d3f274df39684c1dc6de68f9f29ba13f9f9cb4d6fbcd804
matched_early_seed1,matched_early,1,v40c_01267,1,0,100,0.0,0.0,0.0,0.0,60a338ed887c15d94d3f274df39684c1dc6de68f9f29ba13f9f9cb4d6fbcd804
matched_early_seed1,matched_early,1,v40c_01268,1,0,100,0.0,0.0,0.0,0.0,60a338ed887c15d94d3f274df39684c1dc6de68f9f29ba13f9f9cb4d6fbcd804
matched_early_seed1,matched_early,1,v40c_01269,1,0,100,0.0,0.0,0.0,0.0,60a338ed887c15d94d3f274df39684c1dc6de68f9f29ba13f9f9cb4d6fbcd804
matched_early_seed1,matched_early,1,v40c_01270,1,0,100,0.0,0.0,0.0,0.0,60a338ed887c15d94d3f274df39684c1dc6de68f9f29ba13f9f9cb4d6fbcd804
matched_early_seed1,matched_early,1,v40c_01271,1,1,100,0.2,0.5,0.0,0.4,60a338ed887c15d94d3f274df39684c1dc6de68f9f29ba13f9f9cb4d6fbcd804
matched_early_seed1,matched_early,1,v40c_01272,1,1,100,0.11481481481481481,0.9999999999999999,0.0,0.5,60a338ed887c15d94d3f274df39684c1dc6de68f9f29ba13f9f9cb4d6fbcd804
matched_early_seed1,matched_early,1,v40c_01273,2,2,200,0.07276395207088278,0.1816965480331818,0.0,0.45,60a338ed887c15d94d3f274df39684c1dc6de68f9f29ba13f9f9cb4d6fbcd804
matched_early_seed1,matched_early,1,v40c_01274,2,2,200,0.28657178217821777,0.5668316831683168,0.03155940594059406,0.55,60a338ed887c15d94d3f274df39684c1dc6de68f9f29ba13f9f9cb4d6fbcd804
matched_early_seed1,matched_early,1,v40c_01275,1,1,100,0.07878787878787882,0.3333333333333334,0.09090909090909097,0.6,60a338ed887c15d94d3f274df39684c1dc6de68f9f29ba13f9f9cb4d6fbcd804
matched_early_seed1,matched_early,1,v40c_01276,1,1,100,0.3,0.5,0.5,0.6,60a338ed887c15d94d3f274df39684c1dc6de68f9f29ba13f9f9cb4d6fbcd804
matched_early_seed1,matched_early,1,v40c_01277,1,1,100,0.8999999999999998,0.9999999999999999,0.9999999999999999,0.9,60a338ed887c15d94d3f274df39684c1dc6de68f9f29ba13f9f9cb4d6fbcd804
matched_early_seed1,matched_early,1,v40c_01278,1,1,100,0.5999999999999999,0.9999999999999999,0.9999999999999999,0.6,60a338ed887c15d94d3f274df39684c1dc6de68f9f29ba13f9f9cb4d6fbcd804
matched_early_seed1,matched_early,1,v40c_01279,7,7,700,0.6762128712871287,0.9814356435643564,0.8514851485148515,0.7142857142857143,60a338ed887c15d94d3f274df39684c1dc6de68f9f29ba13f9f9cb4d6fbcd804
matched_early_seed1,matched_early,1,v40c_01280,1,1,100,0.7,0.9999999999999999,0.9999999999999999,0.7,60a338ed887c15d94d3f274df39684c1dc6de68f9f29ba13f9f9cb4d6fbcd804
matched_early_seed1,matched_early,1,v40c_01281,1,1,100,0.3,0.5,0.5,0.6,60a338ed887c15d94d3f274df39684c1dc6de68f9f29ba13f9f9cb4d6fbcd804
matched_early_seed1,matched_early,1,v40c_01282,2,2,200,0.3844884488448845,0.834983498349835,0.0,0.45,60a338ed887c15d94d3f274df39684c1dc6de68f9f29ba13f9f9cb4d6fbcd804
matched_early_seed1,matched_early,1,v40c_01283,1,1,100,0.5999999999999999,0.9999999999999999,0.9999999999999999,0.6,60a338ed887c15d94d3f274df39684c1dc6de68f9f29ba13f9f9cb4d6fbcd804
matched_early_seed1,matched_early,1,v40c_01284,3,5,300,0.38824040298766715,0.5683515719993052,0.41636268890046896,0.54,60a338ed887c15d94d3f274df39684c1dc6de68f9f29ba13f9f9cb4d6fbcd804
matched_early_seed1,matched_early,1,v40c_01285,1,1,100,0.2620833333333333,0.9999999999999999,0.01041666666666667,0.7,60a338ed887c15d94d3f274df39684c1dc6de68f9f29ba13f9f9cb4d6fbcd804
matched_early_seed1,matched_early,1,v40c_01286,1,0,100,0.0,0.0,0.0,0.0,60a338ed887c15d94d3f274df39684c1dc6de68f9f29ba13f9f9cb4d6fbcd804
matched_early_seed1,matched_early,1,v40c_01287,1,0,100,0.0,0.0,0.0,0.0,60a338ed887c15d94d3f274df39684c1dc6de68f9f29ba13f9f9cb4d6fbcd804
matched_early_seed1,matched_early,1,v40c_01288,1,0,100,0.0,0.0,0.0,0.0,60a338ed887c15d94d3f274df39684c1dc6de68f9f29ba13f9f9cb4d6fbcd804
matched_early_seed1,matched_early,1,v40c_01289,2,0,200,0.0,0.0,0.0,0.0,60a338ed887c15d94d3f274df39684c1dc6de68f9f29ba13f9f9cb4d6fbcd804
matched_early_seed1,matched_early,1,v40c_01290,4,0,400,0.0,0.0,0.0,0.0,60a338ed887c15d94d3f274df39684c1dc6de68f9f29ba13f9f9cb4d6fbcd804
matched_early_seed1,matched_early,1,v40c_01291,1,0,100,0.0,0.0,0.0,0.0,60a338ed887c15d94d3f274df39684c1dc6de68f9f29ba13f9f9cb4d6fbcd804
matched_early_seed1,matched_early,1,v40c_01292,1,0,100,0.0,0.0,0.0,0.0,60a338ed887c15d94d3f274df39684c1dc6de68f9f29ba13f9f9cb4d6fbcd804
matched_early_seed1,matched_early,1,v40c_01293,1,0,100,0.0,0.0,0.0,0.0,60a338ed887c15d94d3f274df39684c1dc6de68f9f29ba13f9f9cb4d6fbcd804
matched_early_seed1,matched_early,1,v40c_01294,1,0,100,0.0,0.0,0.0,0.0,60a338ed887c15d94d3f274df39684c1dc6de68f9f29ba13f9f9cb4d6fbcd804
matched_early_seed1,matched_early,1,v40c_01295,1,0,100,0.0,0.0,0.0,0.0,60a338ed887c15d94d3f274df39684c1dc6de68f9f29ba13f9f9cb4d6fbcd804
matched_early_seed1,matched_early,1,v40c_01296,1,0,100,0.0,0.0,0.0,0.0,60a338ed887c15d94d3f274df39684c1dc6de68f9f29ba13f9f9cb4d6fbcd804
matched_early_seed1,matched_early,1,v40c_01297,1,1,100,0.4,0.5,0.5,0.8,60a338ed887c15d94d3f274df39684c1dc6de68f9f29ba13f9f9cb4d6fbcd804
matched_early_seed1,matched_early,1,v40c_01298,1,2,100,0.8009900990099009,1.0,1.0,0.8,60a338ed887c15d94d3f274df39684c1dc6de68f9f29ba13f9f9cb4d6fbcd804
matched_early_seed1,matched_early,1,v40c_01299,1,2,100,0.8504950495049505,1.0,1.0,0.85,60a338ed887c15d94d3f274df39684c1dc6de68f9f29ba13f9f9cb4d6fbcd804
matched_early_seed1,matched_early,1,v40c_01398,36,305,3600,0.7657771541024209,0.996878659461162,0.9527884673142965,0.8075409836065572,60a338ed887c15d94d3f274df39684c1dc6de68f9f29ba13f9f9cb4d6fbcd804
matched_early_seed1,matched_early,1,v40c_01399,1,7,100,0.8648514851485147,1.0,1.0,0.8857142857142858,60a338ed887c15d94d3f274df39684c1dc6de68f9f29ba13f9f9cb4d6fbcd804
matched_early_seed1,matched_early,1,v40c_01400,1,8,100,0.7525302530253026,0.8855885588558857,0.8855885588558857,0.875,60a338ed887c15d94d3f274df39684c1dc6de68f9f29ba13f9f9cb4d6fbcd804
matched_early_seed1,matched_early,1,v40c_01401,1,7,100,0.8112871287128712,1.0,1.0,0.8285714285714285,60a338ed887c15d94d3f274df39684c1dc6de68f9f29ba13f9f9cb4d6fbcd804
matched_early_seed1,matched_early,1,v40c_01402,1,7,100,0.8632673267326734,1.0,1.0,0.8857142857142856,60a338ed887c15d94d3f274df39684c1dc6de68f9f29ba13f9f9cb4d6fbcd804
matched_early_seed1,matched_early,1,v40c_01403,1,7,100,0.823102310231023,1.0,1.0,0.8285714285714285,60a338ed887c15d94d3f274df39684c1dc6de68f9f29ba13f9f9cb4d6fbcd804
matched_early_seed1,matched_early,1,v40c_01404,2,14,200,0.8152253686907152,1.0,1.0,0.8285714285714286,60a338ed887c15d94d3f274df39684c1dc6de68f9f29ba13f9f9cb4d6fbcd804
matched_early_seed1,matched_early,1,v40c_01405,8,52,800,0.829675440509827,0.9906811664773034,0.9906811664773034,0.8615384615384615,60a338ed887c15d94d3f274df39684c1dc6de68f9f29ba13f9f9cb4d6fbcd804
matched_early_seed1,matched_early,1,v40c_01406,1,7,100,0.8028288543140029,1.0,1.0,0.8428571428571429,60a338ed887c15d94d3f274df39684c1dc6de68f9f29ba13f9f9cb4d6fbcd804
matched_early_seed1,matched_early,1,v40c_01407,1,7,100,0.8166666666666664,0.9669966996699667,0.9669966996699667,0.8571428571428571,60a338ed887c15d94d3f274df39684c1dc6de68f9f29ba13f9f9cb4d6fbcd804
matched_early_seed1,matched_early,1,v40c_01408,2,12,200,0.8524123840955523,1.0,1.0,0.8666666666666668,60a338ed887c15d94d3f274df39684c1dc6de68f9f29ba13f9f9cb4d6fbcd804
matched_early_seed1,matched_early,1,v40c_01409,1,7,100,0.7632013201320131,1.0,0.8514851485148515,0.7714285714285715,60a338ed887c15d94d3f274df39684c1dc6de68f9f29ba13f9f9cb4d6fbcd804
matched_early_seed1,matched_early,1,v40c_01410,3,21,300,0.842079207920792,1.0,1.0,0.8476190476190476,60a338ed887c15d94d3f274df39684c1dc6de68f9f29ba13f9f9cb4d6fbcd804
matched_early_seed1,matched_early,1,v40c_01411,4,27,400,0.8278482920755845,1.0,1.0,0.8444444444444444,60a338ed887c15d94d3f274df39684c1dc6de68f9f29ba13f9f9cb4d6fbcd804
matched_early_seed1,matched_early,1,v40c_01412,2,12,200,0.7972172217221722,1.0,1.0,0.8166666666666667,60a338ed887c15d94d3f274df39684c1dc6de68f9f29ba13f9f9cb4d6fbcd804
matched_early_seed1,matched_early,1,v40c_01413,1,6,100,0.814026402640264,1.0,1.0,0.8166666666666668,60a338ed887c15d94d3f274df39684c1dc6de68f9f29ba13f9f9cb4d6fbcd804
matched_early_seed1,matched_early,1,v40c_01414,1,6,100,0.8283828382838283,1.0,1.0,0.85,60a338ed887c15d94d3f274df39684c1dc6de68f9f29ba13f9f9cb4d6fbcd804
matched_early_seed1,matched_early,1,v40c_01415,3,19,300,0.7745136403063384,0.985742574257426,0.8595574701700938,0.8315789473684211,60a338ed887c15d94d3f274df39684c1dc6de68f9f29ba13f9f9cb4d6fbcd804
matched_early_seed1,matched_early,1,v40c_01416,1,6,100,0.852934936350778,0.9759547383309762,0.9759547383309762,0.8833333333333332,60a338ed887c15d94d3f274df39684c1dc6de68f9f29ba13f9f9cb4d6fbcd804
matched_early_seed1,matched_early,1,v40c_01417,1,5,100,0.8470297029702969,1.0,1.0,0.86,60a338ed887c15d94d3f274df39684c1dc6de68f9f29ba13f9f9cb4d6fbcd804
matched_early_seed1,matched_early,1,v40c_01418,1,5,100,0.8168316831683168,1.0,1.0,0.82,60a338ed887c15d94d3f274df39684c1dc6de68f9f29ba13f9f9cb4d6fbcd804
matched_early_seed1,matched_early,1,v40c_01419,1,5,100,0.833993399339934,1.0,1.0,0.86,60a338ed887c15d94d3f274df39684c1dc6de68f9f29ba13f9f9cb4d6fbcd804
matched_early_seed1,matched_early,1,v40c_01420,1,5,100,0.7945544554455445,1.0,1.0,0.82,60a338ed887c15d94d3f274df39684c1dc6de68f9f29ba13f9f9cb4d6fbcd804
matched_early_seed1,matched_early,1,v40c_01421,2,10,200,0.7918984755618419,1.0,1.0,0.8299999999999998,60a338ed887c15d94d3f274df39684c1dc6de68f9f29ba13f9f9cb4d6fbcd804
matched_early_seed1,matched_early,1,v40c_01422,2,10,200,0.8299944280142297,0.9909990999099907,0.9909990999099907,0.85,60a338ed887c15d94d3f274df39684c1dc6de68f9f29ba13f9f9cb4d6fbcd804
matched_early_seed1,matched_early,1,v40c_01423,4,20,400,0.8226544082979727,1.0,1.0,0.8400000000000001,60a338ed887c15d94d3f274df39684c1dc6de68f9f29ba13f9f9cb4d6fbcd804
matched_early_seed1,matched_early,1,v40c_01424,1,5,100,0.8141914191419142,1.0,1.0,0.8399999999999999,60a338ed887c15d94d3f274df39684c1dc6de68f9f29ba13f9f9cb4d6fbcd804
matched_early_seed1,matched_early,1,v40c_01425,1,5,100,0.8207920792079207,1.0,1.0,0.82,60a338ed887c15d94d3f274df39684c1dc6de68f9f29ba13f9f9cb4d6fbcd804
matched_early_seed1,matched_early,1,v40c_01426,1,5,100,0.9,1.0,1.0,0.9,60a338ed887c15d94d3f274df39684c1dc6de68f9f29ba13f9f9cb4d6fbcd804
matched_early_seed1,matched_early,1,v40c_01427,7,29,700,0.7809631544925664,0.9941758881770533,0.9941758881770533,0.7965517241379311,60a338ed887c15d94d3f274df39684c1dc6de68f9f29ba13f9f9cb4d6fbcd804
matched_early_seed1,matched_early,1,v40c_01428,1,6,100,0.722937293729373,1.0,0.7772277227722773,0.7333333333333333,60a338ed887c15d94d3f274df39684c1dc6de68f9f29ba13f9f9cb4d6fbcd804
matched_early_seed1,matched_early,1,v40c_01429,1,5,100,0.6069560802234067,0.9669966996699667,0.6039603960396039,0.66,60a338ed887c15d94d3f274df39684c1dc6de68f9f29ba13f9f9cb4d6fbcd804
matched_early_seed1,matched_early,1,v40c_01430,1,5,100,0.6879537953795379,1.0,0.6039603960396039,0.72,60a338ed887c15d94d3f274df39684c1dc6de68f9f29ba13f9f9cb4d6fbcd804
matched_early_seed1,matched_early,1,v40c_01431,2,11,200,0.7345334533453346,0.9694719471947195,0.8613861386138615,0.7636363636363637,60a338ed887c15d94d3f274df39684c1dc6de68f9f29ba13f9f9cb4d6fbcd804
matched_early_seed1,matched_early,1,v40c_01432,1,4,100,0.6762376237623762,0.9174917491749175,0.9174917491749175,0.725,60a338ed887c15d94d3f274df39684c1dc6de68f9f29ba13f9f9cb4d6fbcd804
matched_early_seed1,matched_early,1,v40c_01433,2,9,200,0.7816419141914192,0.9702970297029703,0.9702970297029703,0.8222222222222222,60a338ed887c15d94d3f274df39684c1dc6de68f9f29ba13f9f9cb4d6fbcd804
matched_early_seed1,matched_early,1,v40c_01434,1,5,100,0.6882838283828381,0.9669966996699667,0.933993399339934,0.72,60a338ed887c15d94d3f274df39684c1dc6de68f9f29ba13f9f9cb4d6fbcd804
matched_early_seed1,matched_early,1,v40c_01435,1,3,100,0.8168316831683168,1.0,1.0,0.8333333333333334,60a338ed887c15d94d3f274df39684c1dc6de68f9f29ba13f9f9cb4d6fbcd804
matched_early_seed1,matched_early,1,v40c_01436,1,3,100,0.8112211221122113,1.0,1.0,0.8333333333333334,60a338ed887c15d94d3f274df39684c1dc6de68f9f29ba13f9f9cb4d6fbcd804
matched_early_seed1,matched_early,1,v40c_01437,2,6,200,0.8112211221122113,1.0,1.0,0.8166666666666668,60a338ed887c15d94d3f274df39684c1dc6de68f9f29ba13f9f9cb4d6fbcd804
matched_early_seed1,matched_early,1,v40c_01438,5,16,500,0.7636338442109432,0.9742574257425741,0.8724669885061991,0.8,60a338ed887c15d94d3f274df39684c1dc6de68f9f29ba13f9f9cb4d6fbcd804
matched_early_seed1,matched_early,1,v40c_01439,1,2,100,0.8,1.0,1.0,0.8,60a338ed887c15d94d3f274df39684c1dc6de68f9f29ba13f9f9cb4d6fbcd804
matched_early_seed1,matched_early,1,v40c_01440,1,3,100,0.8,1.0,1.0,0.7999999999999999,60a338ed887c15d94d3f274df39684c1dc6de68f9f29ba13f9f9cb4d6fbcd804
matched_early_seed1,matched_early,1,v40c_01441,1,2,100,0.9,1.0,1.0,0.9,60a338ed887c15d94d3f274df39684c1dc6de68f9f29ba13f9f9cb4d6fbcd804
matched_early_seed1,matched_early,1,v40c_01442,1,2,100,0.8,1.0,1.0,0.8,60a338ed887c15d94d3f274df39684c1dc6de68f9f29ba13f9f9cb4d6fbcd804
matched_early_seed1,matched_early,1,v40c_01443,2,4,200,0.8,1.0,1.0,0.8,60a338ed887c15d94d3f274df39684c1dc6de68f9f29ba13f9f9cb4d6fbcd804
matched_early_seed1,matched_early,1,v40c_01444,1,2,100,0.8504950495049505,1.0,1.0,0.85,60a338ed887c15d94d3f274df39684c1dc6de68f9f29ba13f9f9cb4d6fbcd804
matched_early_seed1,matched_early,1,v40c_01445,1,2,100,0.8252475247524753,1.0,1.0,0.85,60a338ed887c15d94d3f274df39684c1dc6de68f9f29ba13f9f9cb4d6fbcd804
matched_early_seed1,matched_early,1,v40c_01446,1,2,100,0.7252475247524752,1.0,1.0,0.75,60a338ed887c15d94d3f274df39684c1dc6de68f9f29ba13f9f9cb4d6fbcd804
matched_early_seed1,matched_early,1,v40c_01447,1,2,100,0.8009900990099009,1.0,1.0,0.8,60a338ed887c15d94d3f274df39684c1dc6de68f9f29ba13f9f9cb4d6fbcd804
matched_early_seed1,matched_early,1,v40c_01448,1,2,100,0.8009900990099009,1.0,1.0,0.8,60a338ed887c15d94d3f274df39684c1dc6de68f9f29ba13f9f9cb4d6fbcd804
matched_early_seed1,matched_early,1,v40c_01449,1,2,100,0.700990099009901,1.0,1.0,0.7,60a338ed887c15d94d3f274df39684c1dc6de68f9f29ba13f9f9cb4d6fbcd804
matched_early_seed1,matched_early,1,v40c_01450,1,2,100,0.8009900990099009,1.0,1.0,0.8,60a338ed887c15d94d3f274df39684c1dc6de68f9f29ba13f9f9cb4d6fbcd804
matched_early_seed1,matched_early,1,v40c_01451,1,2,100,0.601980198019802,1.0,0.5049504950495048,0.6,60a338ed887c15d94d3f274df39684c1dc6de68f9f29ba13f9f9cb4d6fbcd804
matched_early_seed1,matched_early,1,v40c_01452,1,2,100,0.6524752475247524,0.834983498349835,0.834983498349835,0.75,60a338ed887c15d94d3f274df39684c1dc6de68f9f29ba13f9f9cb4d6fbcd804
matched_early_seed1,matched_early,1,v40c_01453,1,4,100,0.5827868270698038,1.0,0.38118811881188114,0.675,60a338ed887c15d94d3f274df39684c1dc6de68f9f29ba13f9f9cb4d6fbcd804
matched_early_seed1,matched_early,1,v40c_01454,1,3,100,0.7336633663366336,1.0,1.0,0.7333333333333333,60a338ed887c15d94d3f274df39684c1dc6de68f9f29ba13f9f9cb4d6fbcd804
matched_early_seed1,matched_early,1,v40c_01610,4,24,400,0.7918368716570904,1.0,1.0,0.8166666666666667,60a338ed887c15d94d3f274df39684c1dc6de68f9f29ba13f9f9cb4d6fbcd804
matched_early_seed1,matched_early,1,v40c_01611,1,6,100,0.7294554455445544,1.0,1.0,0.7500000000000001,60a338ed887c15d94d3f274df39684c1dc6de68f9f29ba13f9f9cb4d6fbcd804
matched_early_seed1,matched_early,1,v40c_01612,2,12,200,0.7965296529652965,1.0,1.0,0.8083333333333333,60a338ed887c15d94d3f274df39684c1dc6de68f9f29ba13f9f9cb4d6fbcd804
matched_early_seed1,matched_early,1,v40c_01613,1,6,100,0.6531471004243279,0.9759547383309762,0.8196605374823192,0.7999999999999999,60a338ed887c15d94d3f274df39684c1dc6de68f9f29ba13f9f9cb4d6fbcd804
matched_early_seed1,matched_early,1,v40c_01614,3,15,300,0.7042566155686941,0.8886021156507268,0.8474082702387886,0.7733333333333333,60a338ed887c15d94d3f274df39684c1dc6de68f9f29ba13f9f9cb4d6fbcd804
matched_early_seed1,matched_early,1,v40c_01615,1,4,100,0.8118811881188119,0.9504950495049505,0.9504950495049505,0.85,60a338ed887c15d94d3f274df39684c1dc6de68f9f29ba13f9f9cb4d6fbcd804
matched_early_seed1,matched_early,1,v40c_01616,5,23,500,0.6903879239762076,0.9490383080861274,0.8329938706720396,0.7695652173913043,60a338ed887c15d94d3f274df39684c1dc6de68f9f29ba13f9f9cb4d6fbcd804
matched_early_seed1,matched_early,1,v40c_01617,1,4,100,0.8009900990099009,1.0,1.0,0.8,60a338ed887c15d94d3f274df39684c1dc6de68f9f29ba13f9f9cb4d6fbcd804
matched_early_seed1,matched_early,1,v40c_01618,7,23,700,0.705924491103722,0.9925659790059276,0.7303015144043355,0.7608695652173914,60a338ed887c15d94d3f274df39684c1dc6de68f9f29ba13f9f9cb4d6fbcd804
matched_early_seed1,matched_early,1,v40c_01619,1,3,100,0.642904290429043,1.0,0.6633663366336634,0.6666666666666666,60a338ed887c15d94d3f274df39684c1dc6de68f9f29ba13f9f9cb4d6fbcd804
matched_early_seed1,matched_early,1,v40c_01620,6,24,600,0.5080754560142163,0.9237526069209238,0.5193362132392877,0.6791666666666667,60a338ed887c15d94d3f274df39684c1dc6de68f9f29ba13f9f9cb4d6fbcd804
matched_early_seed1,matched_early,1,v40c_01621,1,4,100,0.5049504950495051,0.8514851485148518,0.41089108910891087,0.7,60a338ed887c15d94d3f274df39684c1dc6de68f9f29ba13f9f9cb4d6fbcd804
matched_early_seed1,matched_early,1,v40c_01622,2,8,200,0.5309926070120777,0.8399624445203144,0.4931901405150657,0.675,60a338ed887c15d94d3f274df39684c1dc6de68f9f29ba13f9f9cb4d6fbcd804
matched_early_seed1,matched_early,1,v40c_01623,1,4,100,0.5021602160216021,0.7896039603960399,0.7806030603060303,0.675,60a338ed887c15d94d3f274df39684c1dc6de68f9f29ba13f9f9cb4d6fbcd804
matched_early_seed1,matched_early,1,v40c_01624,1,4,100,0.7603960396039604,0.9504950495049505,0.9504950495049505,0.8,60a338ed887c15d94d3f274df39684c1dc6de68f9f29ba13f9f9cb4d6fbcd804
matched_early_seed1,matched_early,1,v40c_01625,1,4,100,0.5194719471947193,0.9174917491749175,0.711221122112211,0.65,60a338ed887c15d94d3f274df39684c1dc6de68f9f29ba13f9f9cb4d6fbcd804
matched_early_seed1,matched_early,1,v40c_01626,1,4,100,0.5227722772277228,0.9009900990099011,0.5544554455445543,0.6,60a338ed887c15d94d3f274df39684c1dc6de68f9f29ba13f9f9cb4d6fbcd804
matched_early_seed1,matched_early,1,v40c_01627,1,3,100,0.3755775577557755,0.5577557755775576,0.5577557755775576,0.6666666666666666,60a338ed887c15d94d3f274df39684c1dc6de68f9f29ba13f9f9cb4d6fbcd804
matched_early_seed1,matched_early,1,v40c_01628,1,3,100,0.42861857614332866,0.6442715700141444,0.5673267326732674,0.7333333333333333,60a338ed887c15d94d3f274df39684c1dc6de68f9f29ba13f9f9cb4d6fbcd804
matched_early_seed1,matched_early,1,v40c_01629,1,3,100,0.5003300330033005,0.6987270155586989,0.6987270155586989,0.7333333333333333,60a338ed887c15d94d3f274df39684c1dc6de68f9f29ba13f9f9cb4d6fbcd804
matched_early_seed1,matched_early,1,v40c_01630,1,3,100,0.31633663366336634,0.9158415841584159,0.0,0.4,60a338ed887c15d94d3f274df39684c1dc6de68f9f29ba13f9f9cb4d6fbcd804
matched_early_seed1,matched_early,1,v40c_01631,1,3,100,0.4855877317055013,1.0,0.44137571651902013,0.7333333333333333,60a338ed887c15d94d3f274df39684c1dc6de68f9f29ba13f9f9cb4d6fbcd804
matched_early_seed1,matched_early,1,v40c_01632,1,2,100,0.6114097123998113,1.0,0.5520980669495519,0.7,60a338ed887c15d94d3f274df39684c1dc6de68f9f29ba13f9f9cb4d6fbcd804
matched_early_seed1,matched_early,1,v40c_01633,3,8,300,0.4448967433221326,0.7999244111802735,0.40050260059563003,0.675,60a338ed887c15d94d3f274df39684c1dc6de68f9f29ba13f9f9cb4d6fbcd804
matched_early_seed1,matched_early,1,v40c_01634,2,4,200,0.43399339933993397,0.7524752475247525,0.5544554455445545,0.55,60a338ed887c15d94d3f274df39684c1dc6de68f9f29ba13f9f9cb4d6fbcd804
matched_early_seed1,matched_early,1,v40c_01635,2,2,200,0.7252475247524752,1.0,1.0,0.75,60a338ed887c15d94d3f274df39684c1dc6de68f9f29ba13f9f9cb4d6fbcd804
matched_early_seed1,matched_early,1,v40c_01636,2,2,200,0.9,1.0,1.0,0.9,60a338ed887c15d94d3f274df39684c1dc6de68f9f29ba13f9f9cb4d6fbcd804
matched_early_seed1,matched_early,1,v40c_01637,2,2,200,0.8514851485148514,1.0,1.0,0.85,60a338ed887c15d94d3f274df39684c1dc6de68f9f29ba13f9f9cb4d6fbcd804
matched_early_seed1,matched_early,1,v40c_01638,1,1,100,0.8999999999999998,0.9999999999999999,0.9999999999999999,0.9,60a338ed887c15d94d3f274df39684c1dc6de68f9f29ba13f9f9cb4d6fbcd804
matched_early_seed1,matched_early,1,v40c_01639,1,1,100,0.7999999999999999,0.9999999999999999,0.9999999999999999,0.8,60a338ed887c15d94d3f274df39684c1dc6de68f9f29ba13f9f9cb4d6fbcd804
matched_early_seed1,matched_early,1,v40c_01640,1,1,100,0.8999999999999998,0.9999999999999999,0.9999999999999999,0.9,60a338ed887c15d94d3f274df39684c1dc6de68f9f29ba13f9f9cb4d6fbcd804
matched_early_seed1,matched_early,1,v40c_01641,1,2,100,0.7514851485148515,0.834983498349835,0.834983498349835,0.9,60a338ed887c15d94d3f274df39684c1dc6de68f9f29ba13f9f9cb4d6fbcd804
matched_early_seed1,matched_early,1,v40c_01642,1,2,100,0.4666666666666668,0.6666666666666669,0.6666666666666669,0.7,60a338ed887c15d94d3f274df39684c1dc6de68f9f29ba13f9f9cb4d6fbcd804
matched_early_seed1,matched_early,1,v40c_01643,1,2,100,0.593069306930693,0.834983498349835,0.603960396039604,0.8,60a338ed887c15d94d3f274df39684c1dc6de68f9f29ba13f9f9cb4d6fbcd804
matched_early_seed1,matched_early,1,v40c_01644,1,1,100,0.8999999999999998,0.9999999999999999,0.9999999999999999,0.9,60a338ed887c15d94d3f274df39684c1dc6de68f9f29ba13f9f9cb4d6fbcd804
matched_early_seed1,matched_early,1,v40c_01645,1,1,100,0.8999999999999998,0.9999999999999999,0.9999999999999999,0.9,60a338ed887c15d94d3f274df39684c1dc6de68f9f29ba13f9f9cb4d6fbcd804
matched_early_seed1,matched_early,1,v40c_02412,1,1,100,0.2,0.5,0.0,0.4,60a338ed887c15d94d3f274df39684c1dc6de68f9f29ba13f9f9cb4d6fbcd804
matched_early_seed1,matched_early,1,v40c_02413,1,1,100,0.4,0.5,0.5,0.8,60a338ed887c15d94d3f274df39684c1dc6de68f9f29ba13f9f9cb4d6fbcd804
matched_early_seed1,matched_early,1,v40c_02414,1,1,100,0.21666666666666665,0.5,0.0,0.5,60a338ed887c15d94d3f274df39684c1dc6de68f9f29ba13f9f9cb4d6fbcd804
matched_early_seed1,matched_early,1,v40c_02415,1,0,100,0.0,0.0,0.0,0.0,60a338ed887c15d94d3f274df39684c1dc6de68f9f29ba13f9f9cb4d6fbcd804
matched_early_seed1,matched_early,1,v40c_02416,1,1,100,0.5999999999999999,0.9999999999999999,0.9999999999999999,0.6,60a338ed887c15d94d3f274df39684c1dc6de68f9f29ba13f9f9cb4d6fbcd804
matched_early_seed1,matched_early,1,v40c_02417,1,2,100,0.6514851485148514,1.0,0.5049504950495048,0.65,60a338ed887c15d94d3f274df39684c1dc6de68f9f29ba13f9f9cb4d6fbcd804
matched_early_seed1,matched_early,1,v40c_02418,1,3,100,0.333085808580858,0.5024752475247524,0.4092409240924092,0.6333333333333333,60a338ed887c15d94d3f274df39684c1dc6de68f9f29ba13f9f9cb4d6fbcd804
matched_early_seed1,matched_early,1,v40c_02419,1,3,100,0.7224422442244224,1.0,1.0,0.7666666666666666,60a338ed887c15d94d3f274df39684c1dc6de68f9f29ba13f9f9cb4d6fbcd804
matched_early_seed1,matched_early,1,v40c_02420,1,3,100,0.6227722772277227,1.0,0.5544554455445545,0.6333333333333333,60a338ed887c15d94d3f274df39684c1dc6de68f9f29ba13f9f9cb4d6fbcd804
matched_early_seed1,matched_early,1,v40c_02421,1,3,100,0.46968549796156067,0.7896039603960396,0.7227722772277223,0.7,60a338ed887c15d94d3f274df39684c1dc6de68f9f29ba13f9f9cb4d6fbcd804
matched_early_seed1,matched_early,1,v40c_02422,1,3,100,0.5495049504950495,1.0,0.4422442244224422,0.6333333333333333,60a338ed887c15d94d3f274df39684c1dc6de68f9f29ba13f9f9cb4d6fbcd804
matched_early_seed1,matched_early,1,v40c_02423,1,2,100,0.5844884488448845,0.834983498349835,0.834983498349835,0.7,60a338ed887c15d94d3f274df39684c1dc6de68f9f29ba13f9f9cb4d6fbcd804
matched_early_seed1,matched_early,1,v40c_02424,1,2,100,0.5504950495049504,1.0,0.2524752475247525,0.6,60a338ed887c15d94d3f274df39684c1dc6de68f9f29ba13f9f9cb4d6fbcd804
matched_early_seed1,matched_early,1,v40c_02425,1,3,100,0.551035103510351,1.0,0.5340534053405339,0.6666666666666666,60a338ed887c15d94d3f274df39684c1dc6de68f9f29ba13f9f9cb4d6fbcd804
matched_early_seed1,matched_early,1,v40c_02426,1,3,100,0.5782178217821782,1.0,0.5544554455445545,0.6,60a338ed887c15d94d3f274df39684c1dc6de68f9f29ba13f9f9cb4d6fbcd804
matched_early_seed1,matched_early,1,v40c_02427,1,2,100,0.327015558698727,1.0,0.0,0.4,60a338ed887c15d94d3f274df39684c1dc6de68f9f29ba13f9f9cb4d6fbcd804
matched_early_seed1,matched_early,1,v40c_02428,1,2,100,0.20999099909990998,1.0,0.0,0.45,60a338ed887c15d94d3f274df39684c1dc6de68f9f29ba13f9f9cb4d6fbcd804
matched_early_seed1,matched_early,1,v40c_02429,1,2,100,0.3504950495049505,1.0,0.0,0.35,60a338ed887c15d94d3f274df39684c1dc6de68f9f29ba13f9f9cb4d6fbcd804
matched_early_seed1,matched_early,1,v40c_02430,1,2,100,0.400990099009901,1.0,0.0,0.4,60a338ed887c15d94d3f274df39684c1dc6de68f9f29ba13f9f9cb4d6fbcd804
matched_early_seed1,matched_early,1,v40c_02431,1,2,100,0.30581770943051756,0.834983498349835,0.005371813777122393,0.5,60a338ed887c15d94d3f274df39684c1dc6de68f9f29ba13f9f9cb4d6fbcd804
matched_early_seed1,matched_early,1,v40c_02432,1,2,100,0.4044554455445544,1.0,0.5049504950495048,0.5,60a338ed887c15d94d3f274df39684c1dc6de68f9f29ba13f9f9cb4d6fbcd804
matched_early_seed1,matched_early,1,v40c_02433,1,2,100,0.40074257425742577,1.0,0.0,0.45,60a338ed887c15d94d3f274df39684c1dc6de68f9f29ba13f9f9cb4d6fbcd804
matched_early_seed1,matched_early,1,v40c_02434,1,2,100,0.200990099009901,1.0,0.0,0.3,60a338ed887c15d94d3f274df39684c1dc6de68f9f29ba13f9f9cb4d6fbcd804
matched_early_seed1,matched_early,1,v40c_02435,1,2,100,0.3019801980198019,1.0,0.0,0.3,60a338ed887c15d94d3f274df39684c1dc6de68f9f29ba13f9f9cb4d6fbcd804
matched_early_seed1,matched_early,1,v40c_02436,1,3,100,0.31179975140371186,1.0,0.004371865758004372,0.6,60a338ed887c15d94d3f274df39684c1dc6de68f9f29ba13f9f9cb4d6fbcd804
matched_early_seed1,matched_early,1,v40c_02437,1,2,100,0.2117051705170517,0.6666666666666669,0.19031903190319024,0.7,60a338ed887c15d94d3f274df39684c1dc6de68f9f29ba13f9f9cb4d6fbcd804
matched_early_seed1,matched_early,1,v40c_02438,2,5,200,0.3438546742212215,0.8679867986798677,0.31483862671981483,0.7,60a338ed887c15d94d3f274df39684c1dc6de68f9f29ba13f9f9cb4d6fbcd804
matched_early_seed1,matched_early,1,v40c_02439,1,4,100,0.5062198527545062,0.834983498349835,0.5620715917745621,0.675,60a338ed887c15d94d3f274df39684c1dc6de68f9f29ba13f9f9cb4d6fbcd804
matched_early_seed1,matched_early,1,v40c_02440,2,6,200,0.30454702538316664,0.7603960396039606,0.1884661240993209,0.5333333333333334,60a338ed887c15d94d3f274df39684c1dc6de68f9f29ba13f9f9cb4d6fbcd804
matched_early_seed1,matched_early,1,v40c_02441,1,3,100,0.4653465346534654,1.0,0.6633663366336634,0.4666666666666666,60a338ed887c15d94d3f274df39684c1dc6de68f9f29ba13f9f9cb4d6fbcd804
matched_early_seed1,matched_early,1,v40c_02442,1,4,100,0.4177486305331565,0.9174917491749175,0.3399339933993399,0.6,60a338ed887c15d94d3f274df39684c1dc6de68f9f29ba13f9f9cb4d6fbcd804
matched_early_seed1,matched_early,1,v40c_02443,1,4,100,0.34628712871287126,0.8762376237623762,0.0858085808580858,0.475,60a338ed887c15d94d3f274df39684c1dc6de68f9f29ba13f9f9cb4d6fbcd804
matched_early_seed1,matched_early,1,v40c_02444,1,4,100,0.3295497406883545,0.8939179632248937,0.1565299387081565,0.55,60a338ed887c15d94d3f274df39684c1dc6de68f9f29ba13f9f9cb4d6fbcd804
matched_early_seed1,matched_early,1,v40c_02445,1,4,100,0.2711228234892455,0.9174917491749175,0.01608910891089109,0.475,60a338ed887c15d94d3f274df39684c1dc6de68f9f29ba13f9f9cb4d6fbcd804
matched_early_seed1,matched_early,1,v40c_02446,2,6,200,0.4492908315221766,1.0,0.43762376237623757,0.5333333333333334,60a338ed887c15d94d3f274df39684c1dc6de68f9f29ba13f9f9cb4d6fbcd804
matched_early_seed1,matched_early,1,v40c_02447,1,3,100,0.5891089108910891,1.0,0.5544554455445545,0.6,60a338ed887c15d94d3f274df39684c1dc6de68f9f29ba13f9f9cb4d6fbcd804
matched_early_seed1,matched_early,1,v40c_02448,1,2,100,0.551980198019802,0.7524752475247525,0.7524752475247525,0.8,60a338ed887c15d94d3f274df39684c1dc6de68f9f29ba13f9f9cb4d6fbcd804
matched_early_seed1,matched_early,1,v40c_02449,1,2,100,0.50987796454064,1.0,0.5049504950495048,0.65,60a338ed887c15d94d3f274df39684c1dc6de68f9f29ba13f9f9cb4d6fbcd804
matched_early_seed1,matched_early,1,v40c_02450,1,2,100,0.6524752475247524,1.0,0.5049504950495048,0.65,60a338ed887c15d94d3f274df39684c1dc6de68f9f29ba13f9f9cb4d6fbcd804
matched_early_seed1,matched_early,1,v40c_02451,1,2,100,0.6504950495049504,1.0,1.0,0.65,60a338ed887c15d94d3f274df39684c1dc6de68f9f29ba13f9f9cb4d6fbcd804
matched_early_seed1,matched_early,1,v40c_02452,1,2,100,0.5504950495049504,1.0,0.2524752475247525,0.6,60a338ed887c15d94d3f274df39684c1dc6de68f9f29ba13f9f9cb4d6fbcd804
matched_early_seed1,matched_early,1,v40c_02453,1,2,100,0.37604903347477614,0.6463932107496466,0.5874587458745875,0.6,60a338ed887c15d94d3f274df39684c1dc6de68f9f29ba13f9f9cb4d6fbcd804
matched_early_seed1,matched_early,1,v40c_02482,48,155,4800,0.8190851199685522,0.9919457655001029,0.9912872008227742,0.8516129032258066,60a338ed887c15d94d3f274df39684c1dc6de68f9f29ba13f9f9cb4d6fbcd804
matched_early_seed1,matched_early,1,v40c_02483,1,3,100,0.8326732673267326,1.0,1.0,0.8333333333333333,60a338ed887c15d94d3f274df39684c1dc6de68f9f29ba13f9f9cb4d6fbcd804
matched_early_seed1,matched_early,1,v40c_02484,1,3,100,0.7663366336633664,1.0,1.0,0.7666666666666666,60a338ed887c15d94d3f274df39684c1dc6de68f9f29ba13f9f9cb4d6fbcd804
matched_early_seed1,matched_early,1,v40c_02485,6,18,600,0.8210258525852586,1.0,1.0,0.8333333333333333,60a338ed887c15d94d3f274df39684c1dc6de68f9f29ba13f9f9cb4d6fbcd804
matched_early_seed1,matched_early,1,v40c_02486,1,3,100,0.8663366336633663,1.0,1.0,0.8666666666666666,60a338ed887c15d94d3f274df39684c1dc6de68f9f29ba13f9f9cb4d6fbcd804
matched_early_seed1,matched_early,1,v40c_02487,2,6,200,0.8378712871287128,1.0,1.0,0.85,60a338ed887c15d94d3f274df39684c1dc6de68f9f29ba13f9f9cb4d6fbcd804
matched_early_seed1,matched_early,1,v40c_02488,1,3,100,0.9,1.0,1.0,0.9,60a338ed887c15d94d3f274df39684c1dc6de68f9f29ba13f9f9cb4d6fbcd804
matched_early_seed1,matched_early,1,v40c_02489,1,3,100,0.9336633663366337,1.0,1.0,0.9333333333333333,60a338ed887c15d94d3f274df39684c1dc6de68f9f29ba13f9f9cb4d6fbcd804
matched_early_seed1,matched_early,1,v40c_02490,2,6,200,0.8495049504950496,1.0,1.0,0.85,60a338ed887c15d94d3f274df39684c1dc6de68f9f29ba13f9f9cb4d6fbcd804
matched_early_seed1,matched_early,1,v40c_02561,1,11,100,0.5771713176301019,0.9706827825639709,0.6650540054005399,0.6636363636363636,60a338ed887c15d94d3f274df39684c1dc6de68f9f29ba13f9f9cb4d6fbcd804
matched_early_seed1,matched_early,1,v40c_02562,5,58,500,0.5947254061485783,0.9060057098889515,0.6226635973019463,0.6603448275862069,60a338ed887c15d94d3f274df39684c1dc6de68f9f29ba13f9f9cb4d6fbcd804
matched_early_seed1,matched_early,1,v40c_02563,1,11,100,0.6616419141914192,0.9735973597359735,0.7673267326732676,0.7,60a338ed887c15d94d3f274df39684c1dc6de68f9f29ba13f9f9cb4d6fbcd804
matched_early_seed1,matched_early,1,v40c_02564,1,11,100,0.6019613389910419,0.900990099009901,0.5942008486562942,0.6272727272727272,60a338ed887c15d94d3f274df39684c1dc6de68f9f29ba13f9f9cb4d6fbcd804
matched_early_seed1,matched_early,1,v40c_02565,1,12,100,0.41654761904761906,0.9042904290429042,0.40264026402640263,0.4333333333333334,60a338ed887c15d94d3f274df39684c1dc6de68f9f29ba13f9f9cb4d6fbcd804
matched_early_seed1,matched_early,1,v40c_02566,1,12,100,0.5817406740674067,0.9108910891089109,0.40800330033003296,0.6166666666666667,60a338ed887c15d94d3f274df39684c1dc6de68f9f29ba13f9f9cb4d6fbcd804
matched_early_seed1,matched_early,1,v40c_02567,1,12,100,0.574416763104882,0.9346534653465346,0.5688472418670438,0.6666666666666667,60a338ed887c15d94d3f274df39684c1dc6de68f9f29ba13f9f9cb4d6fbcd804
matched_early_seed1,matched_early,1,v40c_02568,2,24,200,0.5869096358950723,0.9339179632248941,0.6038898045251282,0.6458333333333333,60a338ed887c15d94d3f274df39684c1dc6de68f9f29ba13f9f9cb4d6fbcd804
matched_early_seed1,matched_early,1,v40c_02569,4,44,400,0.6500328529882752,0.9454539668052316,0.7496362343416664,0.7113636363636363,60a338ed887c15d94d3f274df39684c1dc6de68f9f29ba13f9f9cb4d6fbcd804
matched_early_seed1,matched_early,1,v40c_02570,2,21,200,0.6028889314005118,0.9477868375072803,0.6412541254125412,0.6714285714285715,60a338ed887c15d94d3f274df39684c1dc6de68f9f29ba13f9f9cb4d6fbcd804
matched_early_seed1,matched_early,1,v40c_02571,2,21,200,0.6475127453633507,0.954778328916061,0.6472244968857789,0.6857142857142857,60a338ed887c15d94d3f274df39684c1dc6de68f9f29ba13f9f9cb4d6fbcd804
matched_early_seed1,matched_early,1,v40c_02572,4,44,400,0.6572873344261794,0.9532899235683809,0.7123385778780854,0.7159090909090909,60a338ed887c15d94d3f274df39684c1dc6de68f9f29ba13f9f9cb4d6fbcd804
matched_early_seed1,matched_early,1,v40c_02573,3,33,300,0.6626811148113968,0.9930430393993291,0.6130448759161631,0.7303030303030302,60a338ed887c15d94d3f274df39684c1dc6de68f9f29ba13f9f9cb4d6fbcd804
matched_early_seed1,matched_early,1,v40c_02574,4,44,400,0.5546951067590546,0.959866392436345,0.5637350172886155,0.615909090909091,60a338ed887c15d94d3f274df39684c1dc6de68f9f29ba13f9f9cb4d6fbcd804
matched_early_seed1,matched_early,1,v40c_02575,1,11,100,0.6023360596929258,0.9614961496149617,0.8029702970297029,0.6454545454545455,60a338ed887c15d94d3f274df39684c1dc6de68f9f29ba13f9f9cb4d6fbcd804
matched_early_seed1,matched_early,1,v40c_02576,1,11,100,0.7308451202263085,0.978783592644979,0.7227722772277227,0.7454545454545455,60a338ed887c15d94d3f274df39684c1dc6de68f9f29ba13f9f9cb4d6fbcd804
matched_early_seed1,matched_early,1,v40c_02577,5,62,500,0.6428065438917752,0.9076636103049347,0.688325649301366,0.6935483870967742,60a338ed887c15d94d3f274df39684c1dc6de68f9f29ba13f9f9cb4d6fbcd804
matched_early_seed1,matched_early,1,v40c_02578,2,23,200,0.6491407064905803,0.9026398030864538,0.6907905076221907,0.6739130434782608,60a338ed887c15d94d3f274df39684c1dc6de68f9f29ba13f9f9cb4d6fbcd804
matched_early_seed1,matched_early,1,v40c_02579,9,118,900,0.6633638185744448,0.9476205824405337,0.7321162743895088,0.7381355932203391,60a338ed887c15d94d3f274df39684c1dc6de68f9f29ba13f9f9cb4d6fbcd804
matched_early_seed1,matched_early,1,v40c_02580,2,26,200,0.6790363721046362,0.9795237588274958,0.8424431207489534,0.7461538461538462,60a338ed887c15d94d3f274df39684c1dc6de68f9f29ba13f9f9cb4d6fbcd804
matched_early_seed1,matched_early,1,v40c_02581,1,13,100,0.7272411339388626,0.9813628421665697,0.8781416603198782,0.7538461538461539,60a338ed887c15d94d3f274df39684c1dc6de68f9f29ba13f9f9cb4d6fbcd804
matched_early_seed1,matched_early,1,v40c_02582,4,54,400,0.6744536211353542,0.9623657915622484,0.836126029685029,0.7444444444444445,60a338ed887c15d94d3f274df39684c1dc6de68f9f29ba13f9f9cb4d6fbcd804
matched_early_seed1,matched_early,1,v40c_02583,1,13,100,0.7371431725112311,0.9790555978674791,0.7614921023874964,0.7846153846153847,60a338ed887c15d94d3f274df39684c1dc6de68f9f29ba13f9f9cb4d6fbcd804
matched_early_seed1,matched_early,1,v40c_02584,3,39,300,0.6690185800437137,0.9738410455476239,0.7964860852108733,0.7333333333333333,60a338ed887c15d94d3f274df39684c1dc6de68f9f29ba13f9f9cb4d6fbcd804
matched_early_seed1,matched_early,1,v40c_02585,1,12,100,0.7582360433845581,0.993145468392993,0.8091809180918091,0.7750000000000001,60a338ed887c15d94d3f274df39684c1dc6de68f9f29ba13f9f9cb4d6fbcd804
matched_early_seed1,matched_early,1,v40c_02855,1,5,100,0.696039603960396,1.0,1.0,0.7,60a338ed887c15d94d3f274df39684c1dc6de68f9f29ba13f9f9cb4d6fbcd804
matched_early_seed1,matched_early,1,v40c_02856,5,23,500,0.7023538858902613,0.9780511495965649,0.9356292150954226,0.7391304347826086,60a338ed887c15d94d3f274df39684c1dc6de68f9f29ba13f9f9cb4d6fbcd804
matched_early_seed1,matched_early,1,v40c_02857,2,10,200,0.6986798679867987,1.0,0.8910891089108911,0.71,60a338ed887c15d94d3f274df39684c1dc6de68f9f29ba13f9f9cb4d6fbcd804
matched_early_seed1,matched_early,1,v40c_02858,2,10,200,0.679950495049505,1.0,0.801980198019802,0.6799999999999999,60a338ed887c15d94d3f274df39684c1dc6de68f9f29ba13f9f9cb4d6fbcd804
matched_early_seed1,matched_early,1,v40c_02859,1,6,100,0.6164427157001414,1.0,0.7034417727487033,0.7000000000000001,60a338ed887c15d94d3f274df39684c1dc6de68f9f29ba13f9f9cb4d6fbcd804
matched_early_seed1,matched_early,1,v40c_02860,10,53,1000,0.7099065021778399,0.963229264102881,0.8543628047015228,0.7547169811320755,60a338ed887c15d94d3f274df39684c1dc6de68f9f29ba13f9f9cb4d6fbcd804
matched_early_seed1,matched_early,1,v40c_02861,2,10,200,0.7564356435643564,1.0,1.0,0.76,60a338ed887c15d94d3f274df39684c1dc6de68f9f29ba13f9f9cb4d6fbcd804
matched_early_seed1,matched_early,1,v40c_02862,1,5,100,0.8009900990099009,1.0,1.0,0.8,60a338ed887c15d94d3f274df39684c1dc6de68f9f29ba13f9f9cb4d6fbcd804
matched_early_seed1,matched_early,1,v40c_02863,2,12,200,0.67001402338036,0.9368947883799371,0.8275970454188275,0.7333333333333333,60a338ed887c15d94d3f274df39684c1dc6de68f9f29ba13f9f9cb4d6fbcd804
matched_early_seed1,matched_early,1,v40c_02864,2,11,200,0.7645214521452146,0.9917491749174919,0.900990099009901,0.7818181818181817,60a338ed887c15d94d3f274df39684c1dc6de68f9f29ba13f9f9cb4d6fbcd804
matched_early_seed1,matched_early,1,v40c_02865,3,18,300,0.7011618293950271,0.996873371547681,0.7739228717392287,0.7388888888888889,60a338ed887c15d94d3f274df39684c1dc6de68f9f29ba13f9f9cb4d6fbcd804
matched_early_seed1,matched_early,1,v40c_02866,5,27,500,0.7644282439556173,0.9985855728429983,0.8917332172777718,0.7962962962962963,60a338ed887c15d94d3f274df39684c1dc6de68f9f29ba13f9f9cb4d6fbcd804
matched_early_seed1,matched_early,1,v40c_02867,2,12,200,0.7589235846661587,0.993145468392993,0.993145468392993,0.775,60a338ed887c15d94d3f274df39684c1dc6de68f9f29ba13f9f9cb4d6fbcd804
matched_early_seed1,matched_early,1,v40c_02868,1,6,100,0.7824045261669026,0.9759547383309762,0.9759547383309762,0.8,60a338ed887c15d94d3f274df39684c1dc6de68f9f29ba13f9f9cb4d6fbcd804
matched_early_seed1,matched_early,1,v40c_02869,2,11,200,0.7654861640010153,0.9710586443259708,0.8391089108910891,0.7999999999999999,60a338ed887c15d94d3f274df39684c1dc6de68f9f29ba13f9f9cb4d6fbcd804
matched_early_seed1,matched_early,1,v40c_02870,1,4,100,0.8504950495049505,1.0,1.0,0.85,60a338ed887c15d94d3f274df39684c1dc6de68f9f29ba13f9f9cb4d6fbcd804
matched_early_seed1,matched_early,1,v40c_02871,2,11,200,0.7550901243970549,0.9847677075399844,0.900990099009901,0.7727272727272727,60a338ed887c15d94d3f274df39684c1dc6de68f9f29ba13f9f9cb4d6fbcd804
matched_early_seed1,matched_early,1,v40c_02872,1,6,100,0.7382538253825381,0.9234923492349234,0.9234923492349234,0.7833333333333333,60a338ed887c15d94d3f274df39684c1dc6de68f9f29ba13f9f9cb4d6fbcd804
matched_early_seed1,matched_early,1,v40c_02873,2,11,200,0.733075653719218,0.9847677075399844,0.8118811881188119,0.7727272727272727,60a338ed887c15d94d3f274df39684c1dc6de68f9f29ba13f9f9cb4d6fbcd804
matched_early_seed1,matched_early,1,v40c_02874,6,30,600,0.7738209851736195,0.9975247524752475,0.8473277431970744,0.8,60a338ed887c15d94d3f274df39684c1dc6de68f9f29ba13f9f9cb4d6fbcd804
matched_early_seed1,matched_early,1,v40c_02875,1,5,100,0.8207920792079207,1.0,1.0,0.82,60a338ed887c15d94d3f274df39684c1dc6de68f9f29ba13f9f9cb4d6fbcd804
matched_early_seed1,matched_early,1,v40c_02876,8,34,800,0.7699003202377531,0.960035767602785,0.8604441799122896,0.8088235294117647,60a338ed887c15d94d3f274df39684c1dc6de68f9f29ba13f9f9cb4d6fbcd804
matched_early_seed1,matched_early,1,v40c_02877,1,4,100,0.8009900990099009,1.0,1.0,0.8,60a338ed887c15d94d3f274df39684c1dc6de68f9f29ba13f9f9cb4d6fbcd804
matched_early_seed1,matched_early,1,v40c_02888,1,1,100,0.006896551724137931,0.017241379310344827,0.0,0.4,60a338ed887c15d94d3f274df39684c1dc6de68f9f29ba13f9f9cb4d6fbcd804
matched_early_seed1,matched_early,1,v40c_02889,3,3,300,0.6663366336633663,0.9158415841584159,0.9158415841584159,0.7999999999999999,60a338ed887c15d94d3f274df39684c1dc6de68f9f29ba13f9f9cb4d6fbcd804
matched_early_seed1,matched_early,1,v40c_02890,4,8,400,0.6188706847871097,0.8564356435643564,0.6289108910891088,0.675,60a338ed887c15d94d3f274df39684c1dc6de68f9f29ba13f9f9cb4d6fbcd804
matched_early_seed1,matched_early,1,v40c_02891,1,2,100,0.801980198019802,1.0,1.0,0.8,60a338ed887c15d94d3f274df39684c1dc6de68f9f29ba13f9f9cb4d6fbcd804
matched_early_seed1,matched_early,1,v40c_02892,1,2,100,0.9009900990099009,1.0,1.0,0.9,60a338ed887c15d94d3f274df39684c1dc6de68f9f29ba13f9f9cb4d6fbcd804
matched_early_seed1,matched_early,1,v40c_02893,3,6,300,0.8484323432343235,1.0,1.0,0.8666666666666666,60a338ed887c15d94d3f274df39684c1dc6de68f9f29ba13f9f9cb4d6fbcd804
matched_early_seed1,matched_early,1,v40c_02941,12,72,1200,0.8269895373524715,0.9987953795379537,0.9797854785478549,0.8458333333333334,60a338ed887c15d94d3f274df39684c1dc6de68f9f29ba13f9f9cb4d6fbcd804
matched_early_seed1,matched_early,1,v40c_02987,1,1,100,0.8999999999999998,0.9999999999999999,0.9999999999999999,0.9,60a338ed887c15d94d3f274df39684c1dc6de68f9f29ba13f9f9cb4d6fbcd804
matched_early_seed1,matched_early,1,v40c_02988,1,1,100,0.8999999999999998,0.9999999999999999,0.9999999999999999,0.9,60a338ed887c15d94d3f274df39684c1dc6de68f9f29ba13f9f9cb4d6fbcd804
matched_early_seed1,matched_early,1,v40c_02989,1,1,100,0.8999999999999998,0.9999999999999999,0.9999999999999999,0.9,60a338ed887c15d94d3f274df39684c1dc6de68f9f29ba13f9f9cb4d6fbcd804
matched_early_seed1,matched_early,1,v40c_02990,1,1,100,0.7999999999999999,0.9999999999999999,0.9999999999999999,0.8,60a338ed887c15d94d3f274df39684c1dc6de68f9f29ba13f9f9cb4d6fbcd804
matched_early_seed1,matched_early,1,v40c_02991,1,1,100,0.8999999999999998,0.9999999999999999,0.9999999999999999,0.9,60a338ed887c15d94d3f274df39684c1dc6de68f9f29ba13f9f9cb4d6fbcd804
matched_early_seed1,matched_early,1,v40c_02992,2,2,200,0.9,1.0,1.0,0.9,60a338ed887c15d94d3f274df39684c1dc6de68f9f29ba13f9f9cb4d6fbcd804
matched_early_seed1,matched_early,1,v40c_02993,2,2,200,0.8,1.0,1.0,0.8,60a338ed887c15d94d3f274df39684c1dc6de68f9f29ba13f9f9cb4d6fbcd804
matched_early_seed1,matched_early,1,v40c_02994,1,1,100,0.7999999999999999,0.9999999999999999,0.9999999999999999,0.8,60a338ed887c15d94d3f274df39684c1dc6de68f9f29ba13f9f9cb4d6fbcd804
matched_early_seed1,matched_early,1,v40c_02995,3,3,300,0.8663366336633663,1.0,1.0,0.8666666666666666,60a338ed887c15d94d3f274df39684c1dc6de68f9f29ba13f9f9cb4d6fbcd804
matched_early_seed1,matched_early,1,v40c_02996,3,3,300,0.8442244224422442,1.0,1.0,0.8666666666666666,60a338ed887c15d94d3f274df39684c1dc6de68f9f29ba13f9f9cb4d6fbcd804
matched_early_seed1,matched_early,1,v40c_02997,4,4,400,0.9257425742574258,1.0,1.0,0.925,60a338ed887c15d94d3f274df39684c1dc6de68f9f29ba13f9f9cb4d6fbcd804
matched_early_seed1,matched_early,1,v40c_02998,2,2,200,0.8504950495049505,1.0,1.0,0.85,60a338ed887c15d94d3f274df39684c1dc6de68f9f29ba13f9f9cb4d6fbcd804
matched_early_seed1,matched_early,1,v40c_02999,1,1,100,0.7999999999999999,0.9999999999999999,0.9999999999999999,0.8,60a338ed887c15d94d3f274df39684c1dc6de68f9f29ba13f9f9cb4d6fbcd804
matched_early_seed1,matched_early,1,v40c_03000,1,1,100,0.5999999999999999,0.9999999999999999,0.9999999999999999,0.6,60a338ed887c15d94d3f274df39684c1dc6de68f9f29ba13f9f9cb4d6fbcd804
matched_early_seed1,matched_early,1,v40c_03001,3,3,300,0.8,1.0,1.0,0.8,60a338ed887c15d94d3f274df39684c1dc6de68f9f29ba13f9f9cb4d6fbcd804
matched_early_seed1,matched_early,1,v40c_03002,1,1,100,0.7999999999999999,0.9999999999999999,0.9999999999999999,0.8,60a338ed887c15d94d3f274df39684c1dc6de68f9f29ba13f9f9cb4d6fbcd804
matched_early_seed1,matched_early,1,v40c_03003,1,2,100,0.8504950495049505,1.0,1.0,0.85,60a338ed887c15d94d3f274df39684c1dc6de68f9f29ba13f9f9cb4d6fbcd804
matched_early_seed1,matched_early,1,v40c_03004,1,2,100,0.8009900990099009,1.0,1.0,0.8,60a338ed887c15d94d3f274df39684c1dc6de68f9f29ba13f9f9cb4d6fbcd804
matched_early_seed1,matched_early,1,v40c_03005,1,3,100,0.810891089108911,1.0,1.0,0.8333333333333333,60a338ed887c15d94d3f274df39684c1dc6de68f9f29ba13f9f9cb4d6fbcd804
matched_early_seed1,matched_early,1,v40c_03006,1,1,100,0.8999999999999998,0.9999999999999999,0.9999999999999999,0.9,60a338ed887c15d94d3f274df39684c1dc6de68f9f29ba13f9f9cb4d6fbcd804
matched_early_seed1,matched_early,1,v40c_03007,1,4,100,0.6762376237623762,1.0,0.7524752475247525,0.675,60a338ed887c15d94d3f274df39684c1dc6de68f9f29ba13f9f9cb4d6fbcd804
matched_early_seed1,matched_early,1,v40c_03008,6,22,600,0.6850534616486859,0.9464969354078264,0.8657403555481602,0.75,60a338ed887c15d94d3f274df39684c1dc6de68f9f29ba13f9f9cb4d6fbcd804
matched_early_seed1,matched_early,1,v40c_03009,1,5,100,0.6365798536375376,0.8235040895393884,0.801980198019802,0.7400000000000001,60a338ed887c15d94d3f274df39684c1dc6de68f9f29ba13f9f9cb4d6fbcd804
matched_early_seed1,matched_early,1,v40c_03010,4,16,400,0.6486013228209124,0.9413425553081627,0.7872880109793156,0.74375,60a338ed887c15d94d3f274df39684c1dc6de68f9f29ba13f9f9cb4d6fbcd804
matched_early_seed1,matched_early,1,v40c_03011,7,27,700,0.5417451272844824,0.8117939863024468,0.723056151769023,0.6518518518518518,60a338ed887c15d94d3f274df39684c1dc6de68f9f29ba13f9f9cb4d6fbcd804
matched_early_seed1,matched_early,1,v40c_03012,4,19,400,0.5779340517360921,0.784690523529316,0.7191190576606198,0.6842105263157895,60a338ed887c15d94d3f274df39684c1dc6de68f9f29ba13f9f9cb4d6fbcd804
matched_early_seed1,matched_early,1,v40c_03013,4,15,400,0.7057787509520181,0.8676804019924538,0.8676804019924538,0.7933333333333333,60a338ed887c15d94d3f274df39684c1dc6de68f9f29ba13f9f9cb4d6fbcd804
matched_early_seed1,matched_early,1,v40c_03014,1,4,100,0.7465346534653465,0.9504950495049505,0.9504950495049505,0.775,60a338ed887c15d94d3f274df39684c1dc6de68f9f29ba13f9f9cb4d6fbcd804
matched_early_seed1,matched_early,1,v40c_03015,1,3,100,0.8336633663366337,1.0,1.0,0.8333333333333334,60a338ed887c15d94d3f274df39684c1dc6de68f9f29ba13f9f9cb4d6fbcd804
matched_early_seed1,matched_early,1,v40c_03016,1,3,100,0.6693069306930693,0.9158415841584159,0.7896039603960396,0.8666666666666666,60a338ed887c15d94d3f274df39684c1dc6de68f9f29ba13f9f9cb4d6fbcd804
matched_early_seed1,matched_early,1,v40c_03017,2,5,200,0.8105610561056104,0.9669966996699667,0.9669966996699667,0.86,60a338ed887c15d94d3f274df39684c1dc6de68f9f29ba13f9f9cb4d6fbcd804
matched_early_seed1,matched_early,1,v40c_03112,2,2,200,0.6,1.0,1.0,0.6,60a338ed887c15d94d3f274df39684c1dc6de68f9f29ba13f9f9cb4d6fbcd804
matched_early_seed1,matched_early,1,v40c_03113,2,2,200,0.5,1.0,0.0,0.5,60a338ed887c15d94d3f274df39684c1dc6de68f9f29ba13f9f9cb4d6fbcd804
matched_early_seed1,matched_early,1,v40c_03114,2,2,200,0.5042904290429042,1.0,0.603960396039604,0.6,60a338ed887c15d94d3f274df39684c1dc6de68f9f29ba13f9f9cb4d6fbcd804
matched_early_seed1,matched_early,1,v40c_03115,3,3,300,0.480975954738331,0.9158415841584159,0.6633663366336634,0.5666666666666667,60a338ed887c15d94d3f274df39684c1dc6de68f9f29ba13f9f9cb4d6fbcd804
matched_early_seed1,matched_early,1,v40c_03116,1,1,100,0.8999999999999998,0.9999999999999999,0.9999999999999999,0.9,60a338ed887c15d94d3f274df39684c1dc6de68f9f29ba13f9f9cb4d6fbcd804
matched_early_seed1,matched_early,1,v40c_03117,1,1,100,0.5999999999999999,0.9999999999999999,0.9999999999999999,0.6,60a338ed887c15d94d3f274df39684c1dc6de68f9f29ba13f9f9cb4d6fbcd804
matched_early_seed1,matched_early,1,v40c_03119,1,1,100,0.1,0.25,0.0,0.4,60a338ed887c15d94d3f274df39684c1dc6de68f9f29ba13f9f9cb4d6fbcd804
matched_early_seed1,matched_early,1,v40c_03120,1,1,100,0.2333333333333334,0.3333333333333334,0.3333333333333334,0.7,60a338ed887c15d94d3f274df39684c1dc6de68f9f29ba13f9f9cb4d6fbcd804
matched_early_seed1,matched_early,1,v40c_03121,1,1,100,0.18333333333333335,0.5,0.0,0.5,60a338ed887c15d94d3f274df39684c1dc6de68f9f29ba13f9f9cb4d6fbcd804
matched_early_seed1,matched_early,1,v40c_03122,1,1,100,0.1666666666666667,0.3333333333333334,0.0,0.5,60a338ed887c15d94d3f274df39684c1dc6de68f9f29ba13f9f9cb4d6fbcd804
matched_early_seed1,matched_early,1,v40c_03123,2,2,200,0.451526402640264,1.0,0.0,0.5,60a338ed887c15d94d3f274df39684c1dc6de68f9f29ba13f9f9cb4d6fbcd804
matched_early_seed1,matched_early,1,v40c_03124,1,1,100,0.4999999999999999,0.9999999999999999,0.0,0.5,60a338ed887c15d94d3f274df39684c1dc6de68f9f29ba13f9f9cb4d6fbcd804
matched_early_seed1,matched_early,1,v40c_03125,1,1,100,0.29999999999999993,0.9999999999999999,0.0,0.3,60a338ed887c15d94d3f274df39684c1dc6de68f9f29ba13f9f9cb4d6fbcd804
matched_early_seed1,matched_early,1,v40c_03126,1,1,100,0.29999999999999993,0.9999999999999999,0.0,0.3,60a338ed887c15d94d3f274df39684c1dc6de68f9f29ba13f9f9cb4d6fbcd804
matched_early_seed1,matched_early,1,v40c_03127,3,3,300,0.2540954095409541,1.0,0.0,0.36666666666666664,60a338ed887c15d94d3f274df39684c1dc6de68f9f29ba13f9f9cb4d6fbcd804
matched_early_seed1,matched_early,1,v40c_03156,9,18,900,0.8393342218837269,1.0,1.0,0.8722222222222221,60a338ed887c15d94d3f274df39684c1dc6de68f9f29ba13f9f9cb4d6fbcd804
matched_early_seed1,matched_early,1,v40c_03157,2,6,200,0.7182809585306357,1.0,0.8755919070167886,0.8,60a338ed887c15d94d3f274df39684c1dc6de68f9f29ba13f9f9cb4d6fbcd804
matched_early_seed1,matched_early,1,v40c_03158,84,120,8400,0.6042117395932707,0.8906508741375753,0.768283816777786,0.6825,60a338ed887c15d94d3f274df39684c1dc6de68f9f29ba13f9f9cb4d6fbcd804
matched_early_seed1,matched_early,1,v40c_03160,6,20,600,0.7292348381509978,0.9814356435643564,0.9147505211047422,0.7999999999999999,60a338ed887c15d94d3f274df39684c1dc6de68f9f29ba13f9f9cb4d6fbcd804
matched_early_seed1,matched_early,1,v40c_03166,2,4,200,0.7693069306930693,1.0,1.0,0.8,60a338ed887c15d94d3f274df39684c1dc6de68f9f29ba13f9f9cb4d6fbcd804
matched_early_seed1,matched_early,1,v40c_03167,1,2,100,0.8504950495049505,1.0,1.0,0.85,60a338ed887c15d94d3f274df39684c1dc6de68f9f29ba13f9f9cb4d6fbcd804
matched_early_seed1,matched_early,1,v40c_03168,1,2,100,0.6277227722772276,0.834983498349835,0.7524752475247525,0.75,60a338ed887c15d94d3f274df39684c1dc6de68f9f29ba13f9f9cb4d6fbcd804
matched_early_seed1,matched_early,1,v40c_03169,1,2,100,0.4567656765676569,0.5709570957095711,0.5709570957095711,0.8,60a338ed887c15d94d3f274df39684c1dc6de68f9f29ba13f9f9cb4d6fbcd804
matched_early_seed1,matched_early,1,v40c_03170,2,2,200,0.7,1.0,1.0,0.7,60a338ed887c15d94d3f274df39684c1dc6de68f9f29ba13f9f9cb4d6fbcd804
matched_early_seed1,matched_early,1,v40c_03171,2,2,200,0.7252475247524752,1.0,1.0,0.75,60a338ed887c15d94d3f274df39684c1dc6de68f9f29ba13f9f9cb4d6fbcd804
matched_early_seed1,matched_early,1,v40c_03172,1,1,100,0.8999999999999998,0.9999999999999999,0.9999999999999999,0.9,60a338ed887c15d94d3f274df39684c1dc6de68f9f29ba13f9f9cb4d6fbcd804
matched_early_seed1,matched_early,1,v40c_03173,1,1,100,0.9999999999999998,0.9999999999999999,0.9999999999999999,1.0,60a338ed887c15d94d3f274df39684c1dc6de68f9f29ba13f9f9cb4d6fbcd804
matched_early_seed1,matched_early,1,v40c_03174,2,2,200,0.6504950495049504,1.0,1.0,0.65,60a338ed887c15d94d3f274df39684c1dc6de68f9f29ba13f9f9cb4d6fbcd804
matched_early_seed1,matched_early,1,v40c_03175,1,1,100,0.7999999999999999,0.9999999999999999,0.9999999999999999,0.8,60a338ed887c15d94d3f274df39684c1dc6de68f9f29ba13f9f9cb4d6fbcd804
matched_early_seed1,matched_early,1,v40c_03176,2,2,200,0.7,1.0,1.0,0.7,60a338ed887c15d94d3f274df39684c1dc6de68f9f29ba13f9f9cb4d6fbcd804
matched_early_seed1,matched_early,1,v40c_03177,2,2,200,0.7,1.0,1.0,0.7,60a338ed887c15d94d3f274df39684c1dc6de68f9f29ba13f9f9cb4d6fbcd804
matched_early_seed1,matched_early,1,v40c_03178,1,1,100,0.7,0.9999999999999999,0.9999999999999999,0.7,60a338ed887c15d94d3f274df39684c1dc6de68f9f29ba13f9f9cb4d6fbcd804
matched_early_seed1,matched_early,1,v40c_03179,3,3,300,0.7112211221122112,1.0,1.0,0.7333333333333333,60a338ed887c15d94d3f274df39684c1dc6de68f9f29ba13f9f9cb4d6fbcd804
matched_early_seed1,matched_early,1,v40c_03180,1,1,100,0.7,0.9999999999999999,0.9999999999999999,0.7,60a338ed887c15d94d3f274df39684c1dc6de68f9f29ba13f9f9cb4d6fbcd804
matched_early_seed1,matched_early,1,v40c_03181,1,1,100,0.7,0.9999999999999999,0.9999999999999999,0.7,60a338ed887c15d94d3f274df39684c1dc6de68f9f29ba13f9f9cb4d6fbcd804
matched_early_seed1,matched_early,1,v40c_03182,1,1,100,0.7,0.9999999999999999,0.9999999999999999,0.7,60a338ed887c15d94d3f274df39684c1dc6de68f9f29ba13f9f9cb4d6fbcd804
matched_early_seed1,matched_early,1,v40c_03183,1,1,100,0.7,0.9999999999999999,0.9999999999999999,0.7,60a338ed887c15d94d3f274df39684c1dc6de68f9f29ba13f9f9cb4d6fbcd804
matched_early_seed1,matched_early,1,v40c_03184,2,2,200,0.5504950495049504,1.0,0.5049504950495048,0.55,60a338ed887c15d94d3f274df39684c1dc6de68f9f29ba13f9f9cb4d6fbcd804
matched_early_seed1,matched_early,1,v40c_03185,1,1,100,0.39999999999999997,0.9999999999999999,0.0,0.4,60a338ed887c15d94d3f274df39684c1dc6de68f9f29ba13f9f9cb4d6fbcd804
matched_early_seed1,matched_early,1,v40c_03186,1,1,100,0.35,0.9999999999999999,0.0,0.4,60a338ed887c15d94d3f274df39684c1dc6de68f9f29ba13f9f9cb4d6fbcd804
matched_early_seed1,matched_early,1,v40c_03187,1,2,100,0.8,1.0,1.0,0.8,60a338ed887c15d94d3f274df39684c1dc6de68f9f29ba13f9f9cb4d6fbcd804
matched_early_seed1,matched_early,1,v40c_03188,1,2,100,0.8,1.0,1.0,0.8,60a338ed887c15d94d3f274df39684c1dc6de68f9f29ba13f9f9cb4d6fbcd804
matched_early_seed1,matched_early,1,v40c_03189,1,1,100,0.7999999999999999,0.9999999999999999,0.9999999999999999,0.8,60a338ed887c15d94d3f274df39684c1dc6de68f9f29ba13f9f9cb4d6fbcd804
matched_early_seed1,matched_early,1,v40c_03190,1,1,100,0.8999999999999998,0.9999999999999999,0.9999999999999999,0.9,60a338ed887c15d94d3f274df39684c1dc6de68f9f29ba13f9f9cb4d6fbcd804
matched_early_seed1,matched_early,1,v40c_03191,1,1,100,0.7999999999999999,0.9999999999999999,0.9999999999999999,0.8,60a338ed887c15d94d3f274df39684c1dc6de68f9f29ba13f9f9cb4d6fbcd804
matched_early_seed1,matched_early,1,v40c_03192,1,1,100,0.7999999999999999,0.9999999999999999,0.9999999999999999,0.8,60a338ed887c15d94d3f274df39684c1dc6de68f9f29ba13f9f9cb4d6fbcd804
matched_early_seed1,matched_early,1,v40c_03193,1,1,100,0.9999999999999998,0.9999999999999999,0.9999999999999999,1.0,60a338ed887c15d94d3f274df39684c1dc6de68f9f29ba13f9f9cb4d6fbcd804
matched_early_seed1,matched_early,1,v40c_03194,1,1,100,0.8999999999999998,0.9999999999999999,0.9999999999999999,0.9,60a338ed887c15d94d3f274df39684c1dc6de68f9f29ba13f9f9cb4d6fbcd804
matched_early_seed1,matched_early,1,v40c_03195,1,1,100,0.8999999999999998,0.9999999999999999,0.9999999999999999,0.9,60a338ed887c15d94d3f274df39684c1dc6de68f9f29ba13f9f9cb4d6fbcd804
matched_early_seed1,matched_early,1,v40c_03196,1,1,100,0.7999999999999999,0.9999999999999999,0.9999999999999999,0.8,60a338ed887c15d94d3f274df39684c1dc6de68f9f29ba13f9f9cb4d6fbcd804
matched_early_seed1,matched_early,1,v40c_03197,1,1,100,0.7999999999999999,0.9999999999999999,0.9999999999999999,0.8,60a338ed887c15d94d3f274df39684c1dc6de68f9f29ba13f9f9cb4d6fbcd804
matched_early_seed1,matched_early,1,v40c_03198,1,1,100,0.8999999999999998,0.9999999999999999,0.9999999999999999,0.9,60a338ed887c15d94d3f274df39684c1dc6de68f9f29ba13f9f9cb4d6fbcd804
matched_early_seed1,matched_early,1,v40c_03199,3,3,300,0.7884488448844884,1.0,1.0,0.8333333333333333,60a338ed887c15d94d3f274df39684c1dc6de68f9f29ba13f9f9cb4d6fbcd804
matched_early_seed1,matched_early,1,v40c_03200,2,2,200,0.8,1.0,1.0,0.8,60a338ed887c15d94d3f274df39684c1dc6de68f9f29ba13f9f9cb4d6fbcd804
matched_early_seed1,matched_early,1,v40c_03201,1,1,100,0.7999999999999999,0.9999999999999999,0.9999999999999999,0.8,60a338ed887c15d94d3f274df39684c1dc6de68f9f29ba13f9f9cb4d6fbcd804
matched_early_seed1,matched_early,1,v40c_03202,2,2,200,0.8252475247524753,1.0,1.0,0.85,60a338ed887c15d94d3f274df39684c1dc6de68f9f29ba13f9f9cb4d6fbcd804
matched_early_seed1,matched_early,1,v40c_03234,8,8,800,0.7284653465346534,1.0,1.0,0.775,60a338ed887c15d94d3f274df39684c1dc6de68f9f29ba13f9f9cb4d6fbcd804
matched_early_seed1,matched_early,1,v40c_03235,1,1,100,0.7,0.9999999999999999,0.9999999999999999,0.7,60a338ed887c15d94d3f274df39684c1dc6de68f9f29ba13f9f9cb4d6fbcd804
matched_early_seed1,matched_early,1,v40c_03236,2,2,200,0.8504950495049505,1.0,1.0,0.85,60a338ed887c15d94d3f274df39684c1dc6de68f9f29ba13f9f9cb4d6fbcd804
matched_early_seed1,matched_early,1,v40c_03237,2,2,200,0.8,1.0,1.0,0.8,60a338ed887c15d94d3f274df39684c1dc6de68f9f29ba13f9f9cb4d6fbcd804
matched_early_seed1,matched_early,1,v40c_03238,2,2,200,0.7,1.0,1.0,0.7,60a338ed887c15d94d3f274df39684c1dc6de68f9f29ba13f9f9cb4d6fbcd804
matched_early_seed1,matched_early,1,v40c_03239,3,3,300,0.7673267326732673,1.0,1.0,0.7666666666666666,60a338ed887c15d94d3f274df39684c1dc6de68f9f29ba13f9f9cb4d6fbcd804
matched_early_seed1,matched_early,1,v40c_03240,3,3,300,0.810891089108911,1.0,1.0,0.8333333333333333,60a338ed887c15d94d3f274df39684c1dc6de68f9f29ba13f9f9cb4d6fbcd804
matched_early_seed1,matched_early,1,v40c_03241,1,1,100,0.7999999999999999,0.9999999999999999,0.9999999999999999,0.8,60a338ed887c15d94d3f274df39684c1dc6de68f9f29ba13f9f9cb4d6fbcd804
matched_early_seed1,matched_early,1,v40c_03242,1,1,100,0.8999999999999998,0.9999999999999999,0.9999999999999999,0.9,60a338ed887c15d94d3f274df39684c1dc6de68f9f29ba13f9f9cb4d6fbcd804
matched_early_seed1,matched_early,1,v40c_03243,1,1,100,0.7,0.9999999999999999,0.9999999999999999,0.7,60a338ed887c15d94d3f274df39684c1dc6de68f9f29ba13f9f9cb4d6fbcd804
matched_early_seed1,matched_early,1,v40c_03244,1,1,100,0.7999999999999999,0.9999999999999999,0.9999999999999999,0.8,60a338ed887c15d94d3f274df39684c1dc6de68f9f29ba13f9f9cb4d6fbcd804
matched_early_seed1,matched_early,1,v40c_03245,1,1,100,0.4999999999999999,0.9999999999999999,0.0,0.5,60a338ed887c15d94d3f274df39684c1dc6de68f9f29ba13f9f9cb4d6fbcd804
matched_early_seed1,matched_early,1,v40c_03246,2,2,200,0.6153465346534654,1.0,0.45049504950495056,0.75,60a338ed887c15d94d3f274df39684c1dc6de68f9f29ba13f9f9cb4d6fbcd804
matched_early_seed1,matched_early,1,v40c_03247,1,1,100,0.7,0.9999999999999999,0.9999999999999999,0.7,60a338ed887c15d94d3f274df39684c1dc6de68f9f29ba13f9f9cb4d6fbcd804
matched_early_seed1,matched_early,1,v40c_03262,1,5,100,0.8064356435643564,1.0,0.801980198019802,0.82,60a338ed887c15d94d3f274df39684c1dc6de68f9f29ba13f9f9cb4d6fbcd804
matched_early_seed1,matched_early,1,v40c_03263,1,5,100,0.8049504950495049,1.0,1.0,0.82,60a338ed887c15d94d3f274df39684c1dc6de68f9f29ba13f9f9cb4d6fbcd804
matched_early_seed1,matched_early,1,v40c_03264,1,5,100,0.7608910891089109,1.0,0.801980198019802,0.78,60a338ed887c15d94d3f274df39684c1dc6de68f9f29ba13f9f9cb4d6fbcd804
matched_early_seed1,matched_early,1,v40c_03265,2,10,200,0.8274398868458276,1.0,0.8811881188118812,0.85,60a338ed887c15d94d3f274df39684c1dc6de68f9f29ba13f9f9cb4d6fbcd804
matched_early_seed1,matched_early,1,v40c_03266,1,5,100,0.8061881188118812,1.0,0.801980198019802,0.8400000000000001,60a338ed887c15d94d3f274df39684c1dc6de68f9f29ba13f9f9cb4d6fbcd804
matched_early_seed1,matched_early,1,v40c_03267,4,20,400,0.830542936646606,1.0,1.0,0.86,60a338ed887c15d94d3f274df39684c1dc6de68f9f29ba13f9f9cb4d6fbcd804
matched_early_seed1,matched_early,1,v40c_03268,2,10,200,0.8235423542354235,1.0,1.0,0.8300000000000001,60a338ed887c15d94d3f274df39684c1dc6de68f9f29ba13f9f9cb4d6fbcd804
matched_early_seed1,matched_early,1,v40c_03269,3,15,300,0.8098019801980199,1.0,1.0,0.8333333333333334,60a338ed887c15d94d3f274df39684c1dc6de68f9f29ba13f9f9cb4d6fbcd804
matched_early_seed1,matched_early,1,v40c_03270,1,5,100,0.8004950495049504,1.0,1.0,0.82,60a338ed887c15d94d3f274df39684c1dc6de68f9f29ba13f9f9cb4d6fbcd804
matched_early_seed1,matched_early,1,v40c_03271,2,10,200,0.852993870815653,1.0,1.0,0.8699999999999999,60a338ed887c15d94d3f274df39684c1dc6de68f9f29ba13f9f9cb4d6fbcd804
matched_early_seed1,matched_early,1,v40c_03272,1,5,100,0.8324257425742573,1.0,1.0,0.86,60a338ed887c15d94d3f274df39684c1dc6de68f9f29ba13f9f9cb4d6fbcd804
matched_early_seed1,matched_early,1,v40c_03273,2,10,200,0.7334158415841584,1.0,1.0,0.76,60a338ed887c15d94d3f274df39684c1dc6de68f9f29ba13f9f9cb4d6fbcd804
matched_early_seed1,matched_early,1,v40c_03274,2,10,200,0.7543454345434544,1.0,1.0,0.7999999999999999,60a338ed887c15d94d3f274df39684c1dc6de68f9f29ba13f9f9cb4d6fbcd804
matched_early_seed1,matched_early,1,v40c_03275,1,5,100,0.8051980198019801,1.0,1.0,0.82,60a338ed887c15d94d3f274df39684c1dc6de68f9f29ba13f9f9cb4d6fbcd804
matched_early_seed1,matched_early,1,v40c_03276,1,5,100,0.750990099009901,1.0,1.0,0.78,60a338ed887c15d94d3f274df39684c1dc6de68f9f29ba13f9f9cb4d6fbcd804
matched_early_seed1,matched_early,1,v40c_03277,1,5,100,0.8202970297029702,1.0,1.0,0.8400000000000001,60a338ed887c15d94d3f274df39684c1dc6de68f9f29ba13f9f9cb4d6fbcd804
matched_early_seed1,matched_early,1,v40c_03278,1,5,100,0.8458745874587459,1.0,1.0,0.86,60a338ed887c15d94d3f274df39684c1dc6de68f9f29ba13f9f9cb4d6fbcd804
matched_early_seed1,matched_early,1,v40c_03279,1,5,100,0.8358910891089109,1.0,1.0,0.86,60a338ed887c15d94d3f274df39684c1dc6de68f9f29ba13f9f9cb4d6fbcd804
matched_early_seed1,matched_early,1,v40c_03280,1,5,100,0.8009900990099009,1.0,1.0,0.82,60a338ed887c15d94d3f274df39684c1dc6de68f9f29ba13f9f9cb4d6fbcd804
matched_early_seed1,matched_early,1,v40c_03281,1,5,100,0.7457920792079208,1.0,0.801980198019802,0.76,60a338ed887c15d94d3f274df39684c1dc6de68f9f29ba13f9f9cb4d6fbcd804
matched_early_seed1,matched_early,1,v40c_03282,1,5,100,0.7930693069306931,1.0,1.0,0.8,60a338ed887c15d94d3f274df39684c1dc6de68f9f29ba13f9f9cb4d6fbcd804
matched_early_seed1,matched_early,1,v40c_03283,1,6,100,0.786048604860486,0.9234923492349234,0.9234923492349234,0.85,60a338ed887c15d94d3f274df39684c1dc6de68f9f29ba13f9f9cb4d6fbcd804
matched_early_seed1,matched_early,1,v40c_03284,3,13,300,0.7650042696577348,0.9772531099263769,0.9398093655519397,0.8153846153846154,60a338ed887c15d94d3f274df39684c1dc6de68f9f29ba13f9f9cb4d6fbcd804
matched_early_seed1,matched_early,1,v40c_03285,1,4,100,0.869059405940594,1.0,1.0,0.875,60a338ed887c15d94d3f274df39684c1dc6de68f9f29ba13f9f9cb4d6fbcd804
matched_early_seed1,matched_early,1,v40c_03286,1,4,100,0.869059405940594,1.0,1.0,0.875,60a338ed887c15d94d3f274df39684c1dc6de68f9f29ba13f9f9cb4d6fbcd804
matched_early_seed1,matched_early,1,v40c_03287,1,4,100,0.6139813981398139,0.8424842484248423,0.7524752475247525,0.7,60a338ed887c15d94d3f274df39684c1dc6de68f9f29ba13f9f9cb4d6fbcd804
matched_early_seed1,matched_early,1,v40c_03288,1,3,100,0.6283168316831682,0.865346534653465,0.6633663366336634,0.7,60a338ed887c15d94d3f274df39684c1dc6de68f9f29ba13f9f9cb4d6fbcd804
matched_early_seed1,matched_early,1,v40c_03289,1,4,100,0.44059405940594065,0.6534653465346535,0.504950495049505,0.5,60a338ed887c15d94d3f274df39684c1dc6de68f9f29ba13f9f9cb4d6fbcd804
matched_early_seed1,matched_early,1,v40c_03290,1,4,100,0.6772277227722773,0.9174917491749175,0.7524752475247525,0.725,60a338ed887c15d94d3f274df39684c1dc6de68f9f29ba13f9f9cb4d6fbcd804
matched_early_seed1,matched_early,1,v40c_03291,1,4,100,0.8422442244224422,1.0,1.0,0.85,60a338ed887c15d94d3f274df39684c1dc6de68f9f29ba13f9f9cb4d6fbcd804
matched_early_seed1,matched_early,1,v40c_03292,1,4,100,0.8085808580858085,1.0,1.0,0.825,60a338ed887c15d94d3f274df39684c1dc6de68f9f29ba13f9f9cb4d6fbcd804
matched_early_seed1,matched_early,1,v40c_03293,1,4,100,0.8422442244224422,1.0,1.0,0.85,60a338ed887c15d94d3f274df39684c1dc6de68f9f29ba13f9f9cb4d6fbcd804
matched_early_seed1,matched_early,1,v40c_03294,1,4,100,0.8422442244224422,1.0,1.0,0.85,60a338ed887c15d94d3f274df39684c1dc6de68f9f29ba13f9f9cb4d6fbcd804
matched_early_seed1,matched_early,1,v40c_03295,1,4,100,0.8257425742574258,1.0,1.0,0.825,60a338ed887c15d94d3f274df39684c1dc6de68f9f29ba13f9f9cb4d6fbcd804
matched_early_seed1,matched_early,1,v40c_03296,1,4,100,0.7881188118811882,1.0,1.0,0.8,60a338ed887c15d94d3f274df39684c1dc6de68f9f29ba13f9f9cb4d6fbcd804
matched_early_seed1,matched_early,1,v40c_03297,1,3,100,0.8168316831683168,1.0,1.0,0.8333333333333334,60a338ed887c15d94d3f274df39684c1dc6de68f9f29ba13f9f9cb4d6fbcd804
matched_early_seed1,matched_early,1,v40c_03298,1,2,100,0.8009900990099009,1.0,1.0,0.8,60a338ed887c15d94d3f274df39684c1dc6de68f9f29ba13f9f9cb4d6fbcd804
matched_early_seed1,matched_early,1,v40c_03299,1,2,100,0.7514851485148515,1.0,1.0,0.75,60a338ed887c15d94d3f274df39684c1dc6de68f9f29ba13f9f9cb4d6fbcd804
matched_early_seed1,matched_early,1,v40c_03300,1,4,100,0.389480198019802,0.5977722772277227,0.504950495049505,0.4,60a338ed887c15d94d3f274df39684c1dc6de68f9f29ba13f9f9cb4d6fbcd804
matched_early_seed1,matched_early,1,v40c_03301,1,4,100,0.6171617161716172,0.9504950495049505,0.7524752475247525,0.65,60a338ed887c15d94d3f274df39684c1dc6de68f9f29ba13f9f9cb4d6fbcd804
matched_early_seed1,matched_early,1,v40c_03302,5,20,500,0.7151406551450232,0.983861023464984,0.9025919075424026,0.755,60a338ed887c15d94d3f274df39684c1dc6de68f9f29ba13f9f9cb4d6fbcd804
matched_early_seed1,matched_early,1,v40c_03303,1,4,100,0.6646864686468646,0.9504950495049505,0.9174917491749175,0.7,60a338ed887c15d94d3f274df39684c1dc6de68f9f29ba13f9f9cb4d6fbcd804
matched_early_seed1,matched_early,1,v40c_03304,5,19,500,0.5846184642004212,0.8134429848546056,0.7829914242399431,0.7210526315789474,60a338ed887c15d94d3f274df39684c1dc6de68f9f29ba13f9f9cb4d6fbcd804
matched_early_seed1,matched_early,1,v40c_03305,1,3,100,0.7663366336633664,1.0,1.0,0.7666666666666666,60a338ed887c15d94d3f274df39684c1dc6de68f9f29ba13f9f9cb4d6fbcd804
matched_early_seed1,matched_early,1,v40c_03339,2,2,200,0.9,1.0,1.0,0.9,60a338ed887c15d94d3f274df39684c1dc6de68f9f29ba13f9f9cb4d6fbcd804
matched_early_seed1,matched_early,1,v40c_03340,1,1,100,0.7999999999999999,0.9999999999999999,0.9999999999999999,0.8,60a338ed887c15d94d3f274df39684c1dc6de68f9f29ba13f9f9cb4d6fbcd804
matched_early_seed1,matched_early,1,v40c_03341,2,2,200,0.7504950495049505,1.0,1.0,0.8,60a338ed887c15d94d3f274df39684c1dc6de68f9f29ba13f9f9cb4d6fbcd804
matched_early_seed1,matched_early,1,v40c_03342,2,3,200,0.3728521239220696,0.6959437879271799,0.33663366336633654,0.4333333333333333,60a338ed887c15d94d3f274df39684c1dc6de68f9f29ba13f9f9cb4d6fbcd804
matched_early_seed1,matched_early,1,v40c_03343,1,2,100,0.12413991399139915,0.6149614961496149,0.0,0.25,60a338ed887c15d94d3f274df39684c1dc6de68f9f29ba13f9f9cb4d6fbcd804
matched_early_seed1,matched_early,1,v40c_03344,2,4,200,0.21519103833460268,0.5647689768976899,0.009900990099009901,0.525,60a338ed887c15d94d3f274df39684c1dc6de68f9f29ba13f9f9cb4d6fbcd804
matched_early_seed1,matched_early,1,v40c_03345,1,1,100,0.2,0.5,0.0,0.4,60a338ed887c15d94d3f274df39684c1dc6de68f9f29ba13f9f9cb4d6fbcd804
matched_early_seed1,matched_early,1,v40c_03346,3,4,300,0.03949785924338081,0.23725535344232096,0.0029933225880727607,0.45,60a338ed887c15d94d3f274df39684c1dc6de68f9f29ba13f9f9cb4d6fbcd804
matched_early_seed1,matched_early,1,v40c_03347,4,4,400,0.017977118776832154,0.12489542637610776,0.0,0.375,60a338ed887c15d94d3f274df39684c1dc6de68f9f29ba13f9f9cb4d6fbcd804
matched_early_seed1,matched_early,1,v40c_03348,1,1,100,0.1,0.5,0.0,0.2,60a338ed887c15d94d3f274df39684c1dc6de68f9f29ba13f9f9cb4d6fbcd804
matched_early_seed1,matched_early,1,v40c_03349,2,2,200,0.04279027902790281,0.1909990999099911,0.0,0.25,60a338ed887c15d94d3f274df39684c1dc6de68f9f29ba13f9f9cb4d6fbcd804
matched_early_seed1,matched_early,1,v40c_03350,1,1,100,0.2,0.5,0.0,0.4,60a338ed887c15d94d3f274df39684c1dc6de68f9f29ba13f9f9cb4d6fbcd804
matched_early_seed1,matched_early,1,v40c_03351,1,1,100,0.024285714285714282,0.09999999999999998,0.0,0.4,60a338ed887c15d94d3f274df39684c1dc6de68f9f29ba13f9f9cb4d6fbcd804
matched_early_seed1,matched_early,1,v40c_03353,3,3,300,0.28512424771888945,0.38909920403805065,0.34624344787419903,0.5,60a338ed887c15d94d3f274df39684c1dc6de68f9f29ba13f9f9cb4d6fbcd804
matched_early_seed1,matched_early,1,v40c_03354,1,1,100,0.7,0.9999999999999999,0.9999999999999999,0.7,60a338ed887c15d94d3f274df39684c1dc6de68f9f29ba13f9f9cb4d6fbcd804
matched_early_seed1,matched_early,1,v40c_03355,1,2,100,0.7019801980198019,1.0,0.5049504950495048,0.7,60a338ed887c15d94d3f274df39684c1dc6de68f9f29ba13f9f9cb4d6fbcd804
matched_early_seed1,matched_early,1,v40c_03356,2,4,200,0.46849684968496846,1.0,0.504950495049505,0.575,60a338ed887c15d94d3f274df39684c1dc6de68f9f29ba13f9f9cb4d6fbcd804
matched_early_seed1,matched_early,1,v40c_03357,3,6,300,0.39105380005513984,0.6963696369636961,0.504950495049505,0.4833333333333333,60a338ed887c15d94d3f274df39684c1dc6de68f9f29ba13f9f9cb4d6fbcd804
matched_early_seed1,matched_early,1,v40c_03358,1,2,100,0.4194719471947194,0.834983498349835,0.5049504950495048,0.45,60a338ed887c15d94d3f274df39684c1dc6de68f9f29ba13f9f9cb4d6fbcd804
matched_early_seed1,matched_early,1,v40c_03359,2,4,200,0.47516501650165016,0.9504950495049505,0.5111386138613863,0.6,60a338ed887c15d94d3f274df39684c1dc6de68f9f29ba13f9f9cb4d6fbcd804
matched_early_seed1,matched_early,1,v40c_03360,1,2,100,0.6514851485148514,1.0,0.5049504950495048,0.65,60a338ed887c15d94d3f274df39684c1dc6de68f9f29ba13f9f9cb4d6fbcd804
matched_early_seed1,matched_early,1,v40c_03361,2,4,200,0.5789458357600467,0.9009900990099011,0.504950495049505,0.65,60a338ed887c15d94d3f274df39684c1dc6de68f9f29ba13f9f9cb4d6fbcd804
matched_early_seed1,matched_early,1,v40c_03362,1,2,100,0.5595473833097595,1.0,0.5285242809995285,0.7,60a338ed887c15d94d3f274df39684c1dc6de68f9f29ba13f9f9cb4d6fbcd804
matched_early_seed1,matched_early,1,v40c_03363,1,2,100,0.5378776339172379,0.834983498349835,0.5049504950495048,0.65,60a338ed887c15d94d3f274df39684c1dc6de68f9f29ba13f9f9cb4d6fbcd804
matched_early_seed1,matched_early,1,v40c_03364,3,3,300,0.761056105610561,1.0,1.0,0.7999999999999999,60a338ed887c15d94d3f274df39684c1dc6de68f9f29ba13f9f9cb4d6fbcd804
matched_early_seed1,matched_early,1,v40c_03365,3,3,300,0.7554455445544555,1.0,1.0,0.7666666666666666,60a338ed887c15d94d3f274df39684c1dc6de68f9f29ba13f9f9cb4d6fbcd804
matched_early_seed1,matched_early,1,v40c_03366,1,1,100,0.7999999999999999,0.9999999999999999,0.9999999999999999,0.8,60a338ed887c15d94d3f274df39684c1dc6de68f9f29ba13f9f9cb4d6fbcd804
matched_early_seed1,matched_early,1,v40c_03367,1,1,100,0.7999999999999999,0.9999999999999999,0.9999999999999999,0.8,60a338ed887c15d94d3f274df39684c1dc6de68f9f29ba13f9f9cb4d6fbcd804
matched_early_seed1,matched_early,1,v40c_03368,1,1,100,0.7999999999999999,0.9999999999999999,0.9999999999999999,0.8,60a338ed887c15d94d3f274df39684c1dc6de68f9f29ba13f9f9cb4d6fbcd804
matched_early_seed1,matched_early,1,v40c_03369,3,3,300,0.7326732673267327,1.0,1.0,0.7333333333333333,60a338ed887c15d94d3f274df39684c1dc6de68f9f29ba13f9f9cb4d6fbcd804
matched_early_seed1,matched_early,1,v40c_03370,1,1,100,0.5999999999999999,0.9999999999999999,0.9999999999999999,0.6,60a338ed887c15d94d3f274df39684c1dc6de68f9f29ba13f9f9cb4d6fbcd804
matched_early_seed1,matched_early,1,v40c_03371,1,2,100,0.030346778520216555,0.07213578500707213,0.01741208603618983,0.4,60a338ed887c15d94d3f274df39684c1dc6de68f9f29ba13f9f9cb4d6fbcd804
matched_early_seed1,matched_early,1,v40c_03444,2,8,200,0.8763201320132012,1.0,1.0,0.8875,60a338ed887c15d94d3f274df39684c1dc6de68f9f29ba13f9f9cb4d6fbcd804
matched_early_seed1,matched_early,1,v40c_03504,1,4,100,0.6658035034272658,0.7715156130997716,0.7715156130997716,0.825,60a338ed887c15d94d3f274df39684c1dc6de68f9f29ba13f9f9cb4d6fbcd804
matched_early_seed1,matched_early,1,v40c_03505,1,3,100,0.4105610561056106,0.5544554455445545,0.5544554455445545,0.5333333333333333,60a338ed887c15d94d3f274df39684c1dc6de68f9f29ba13f9f9cb4d6fbcd804
matched_early_seed1,matched_early,1,v40c_03506,1,3,100,0.7168316831683168,1.0,1.0,0.7333333333333333,60a338ed887c15d94d3f274df39684c1dc6de68f9f29ba13f9f9cb4d6fbcd804
matched_early_seed1,matched_early,1,v40c_03507,1,3,100,0.8,1.0,1.0,0.7999999999999999,60a338ed887c15d94d3f274df39684c1dc6de68f9f29ba13f9f9cb4d6fbcd804
matched_early_seed1,matched_early,1,v40c_03508,1,3,100,0.42002828854314006,0.568882602545969,0.3459688826025459,0.6666666666666666,60a338ed887c15d94d3f274df39684c1dc6de68f9f29ba13f9f9cb4d6fbcd804
matched_early_seed1,matched_early,1,v40c_03509,1,2,100,0.6252475247524752,1.0,1.0,0.65,60a338ed887c15d94d3f274df39684c1dc6de68f9f29ba13f9f9cb4d6fbcd804
matched_early_seed1,matched_early,1,v40c_03510,1,3,100,0.7442244224422442,1.0,1.0,0.7666666666666666,60a338ed887c15d94d3f274df39684c1dc6de68f9f29ba13f9f9cb4d6fbcd804
matched_early_seed1,matched_early,1,v40c_03511,1,3,100,0.7224422442244224,1.0,1.0,0.7666666666666666,60a338ed887c15d94d3f274df39684c1dc6de68f9f29ba13f9f9cb4d6fbcd804
matched_early_seed1,matched_early,1,v40c_03512,1,3,100,0.800990099009901,1.0,1.0,0.7999999999999999,60a338ed887c15d94d3f274df39684c1dc6de68f9f29ba13f9f9cb4d6fbcd804
matched_early_seed1,matched_early,1,v40c_03513,1,3,100,0.7326732673267327,1.0,1.0,0.7333333333333333,60a338ed887c15d94d3f274df39684c1dc6de68f9f29ba13f9f9cb4d6fbcd804
matched_early_seed1,matched_early,1,v40c_03514,1,2,100,0.634983498349835,0.834983498349835,0.834983498349835,0.75,60a338ed887c15d94d3f274df39684c1dc6de68f9f29ba13f9f9cb4d6fbcd804
matched_early_seed1,matched_early,1,v40c_03515,2,4,200,0.601980198019802,0.8349834983498351,0.8349834983498351,0.7,60a338ed887c15d94d3f274df39684c1dc6de68f9f29ba13f9f9cb4d6fbcd804
matched_early_seed1,matched_early,1,v40c_03516,1,2,100,0.6194719471947194,0.834983498349835,0.5049504950495048,0.7,60a338ed887c15d94d3f274df39684c1dc6de68f9f29ba13f9f9cb4d6fbcd804
matched_early_seed1,matched_early,1,v40c_03517,7,15,700,0.66976849714886,0.9049877103094922,0.7179718548777955,0.7466666666666667,60a338ed887c15d94d3f274df39684c1dc6de68f9f29ba13f9f9cb4d6fbcd804
matched_early_seed1,matched_early,1,v40c_03518,1,2,100,0.9,1.0,1.0,0.9,60a338ed887c15d94d3f274df39684c1dc6de68f9f29ba13f9f9cb4d6fbcd804
matched_early_seed1,matched_early,1,v40c_03519,1,2,100,0.6194719471947194,0.834983498349835,0.5049504950495048,0.7,60a338ed887c15d94d3f274df39684c1dc6de68f9f29ba13f9f9cb4d6fbcd804
matched_early_seed1,matched_early,1,v40c_03520,1,2,100,0.8009900990099009,1.0,1.0,0.8,60a338ed887c15d94d3f274df39684c1dc6de68f9f29ba13f9f9cb4d6fbcd804
matched_early_seed1,matched_early,1,v40c_03521,1,1,100,0.8999999999999998,0.9999999999999999,0.9999999999999999,0.9,60a338ed887c15d94d3f274df39684c1dc6de68f9f29ba13f9f9cb4d6fbcd804
matched_early_seed1,matched_early,1,v40c_03522,1,1,100,0.8999999999999998,0.9999999999999999,0.9999999999999999,0.9,60a338ed887c15d94d3f274df39684c1dc6de68f9f29ba13f9f9cb4d6fbcd804
matched_early_seed1,matched_early,1,v40c_03523,1,1,100,0.8999999999999998,0.9999999999999999,0.9999999999999999,0.9,60a338ed887c15d94d3f274df39684c1dc6de68f9f29ba13f9f9cb4d6fbcd804
matched_early_seed1,matched_early,1,v40c_03524,1,1,100,0.8999999999999998,0.9999999999999999,0.9999999999999999,0.9,60a338ed887c15d94d3f274df39684c1dc6de68f9f29ba13f9f9cb4d6fbcd804
matched_early_seed1,matched_early,1,v40c_03525,1,1,100,0.7999999999999999,0.9999999999999999,0.9999999999999999,0.8,60a338ed887c15d94d3f274df39684c1dc6de68f9f29ba13f9f9cb4d6fbcd804
matched_early_seed1,matched_early,1,v40c_03526,1,1,100,0.8999999999999998,0.9999999999999999,0.9999999999999999,0.9,60a338ed887c15d94d3f274df39684c1dc6de68f9f29ba13f9f9cb4d6fbcd804
matched_early_seed1,matched_early,1,v40c_03527,1,1,100,0.7,0.9999999999999999,0.9999999999999999,0.7,60a338ed887c15d94d3f274df39684c1dc6de68f9f29ba13f9f9cb4d6fbcd804
matched_early_seed1,matched_early,1,v40c_03528,2,2,200,0.8252475247524753,1.0,1.0,0.85,60a338ed887c15d94d3f274df39684c1dc6de68f9f29ba13f9f9cb4d6fbcd804
matched_early_seed1,matched_early,1,v40c_03529,2,2,200,0.6252475247524752,1.0,1.0,0.65,60a338ed887c15d94d3f274df39684c1dc6de68f9f29ba13f9f9cb4d6fbcd804
matched_early_seed1,matched_early,1,v40c_03530,1,1,100,0.7999999999999999,0.9999999999999999,0.9999999999999999,0.8,60a338ed887c15d94d3f274df39684c1dc6de68f9f29ba13f9f9cb4d6fbcd804
matched_early_seed1,matched_early,1,v40c_03531,1,1,100,0.5999999999999999,0.9999999999999999,0.9999999999999999,0.6,60a338ed887c15d94d3f274df39684c1dc6de68f9f29ba13f9f9cb4d6fbcd804
matched_early_seed1,matched_early,1,v40c_03532,1,1,100,0.7999999999999999,0.9999999999999999,0.9999999999999999,0.8,60a338ed887c15d94d3f274df39684c1dc6de68f9f29ba13f9f9cb4d6fbcd804
matched_early_seed1,matched_early,1,v40c_03533,1,2,100,0.700990099009901,1.0,1.0,0.7,60a338ed887c15d94d3f274df39684c1dc6de68f9f29ba13f9f9cb4d6fbcd804
matched_early_seed1,matched_early,1,v40c_03534,1,1,100,0.7999999999999999,0.9999999999999999,0.9999999999999999,0.8,60a338ed887c15d94d3f274df39684c1dc6de68f9f29ba13f9f9cb4d6fbcd804
matched_early_seed1,matched_early,1,v40c_03535,1,1,100,0.7999999999999999,0.9999999999999999,0.9999999999999999,0.8,60a338ed887c15d94d3f274df39684c1dc6de68f9f29ba13f9f9cb4d6fbcd804
matched_early_seed1,matched_early,1,v40c_03536,1,1,100,0.5999999999999999,0.9999999999999999,0.9999999999999999,0.6,60a338ed887c15d94d3f274df39684c1dc6de68f9f29ba13f9f9cb4d6fbcd804
matched_early_seed1,matched_early,1,v40c_03537,1,1,100,0.7999999999999999,0.9999999999999999,0.9999999999999999,0.8,60a338ed887c15d94d3f274df39684c1dc6de68f9f29ba13f9f9cb4d6fbcd804
matched_early_seed1,matched_early,1,v40c_03538,1,1,100,0.4999999999999999,0.9999999999999999,0.0,0.5,60a338ed887c15d94d3f274df39684c1dc6de68f9f29ba13f9f9cb4d6fbcd804
matched_early_seed1,matched_early,1,v40c_03539,1,1,100,0.3117647058823529,0.9999999999999999,0.0,0.5,60a338ed887c15d94d3f274df39684c1dc6de68f9f29ba13f9f9cb4d6fbcd804
matched_early_seed1,matched_early,1,v40c_03540,1,1,100,0.39999999999999997,0.9999999999999999,0.0,0.4,60a338ed887c15d94d3f274df39684c1dc6de68f9f29ba13f9f9cb4d6fbcd804
matched_early_seed1,matched_early,1,v40c_03541,1,1,100,0.4999999999999999,0.9999999999999999,0.0,0.5,60a338ed887c15d94d3f274df39684c1dc6de68f9f29ba13f9f9cb4d6fbcd804
matched_early_seed1,matched_early,1,v40c_03542,1,1,100,0.5999999999999999,0.9999999999999999,0.9999999999999999,0.6,60a338ed887c15d94d3f274df39684c1dc6de68f9f29ba13f9f9cb4d6fbcd804
matched_early_seed1,matched_early,1,v40c_03543,2,2,200,0.3109135064449841,1.0,0.01683168316831683,0.6,60a338ed887c15d94d3f274df39684c1dc6de68f9f29ba13f9f9cb4d6fbcd804
matched_early_seed1,matched_early,1,v40c_03544,1,1,100,0.011011904761904761,0.0625,0.0,0.3,60a338ed887c15d94d3f274df39684c1dc6de68f9f29ba13f9f9cb4d6fbcd804
matched_early_seed1,matched_early,1,v40c_03570,1,1,100,0.7999999999999999,0.9999999999999999,0.9999999999999999,0.8,60a338ed887c15d94d3f274df39684c1dc6de68f9f29ba13f9f9cb4d6fbcd804
matched_early_seed1,matched_early,1,v40c_03571,2,3,200,0.699009900990099,1.0,0.6633663366336634,0.7,60a338ed887c15d94d3f274df39684c1dc6de68f9f29ba13f9f9cb4d6fbcd804
matched_early_seed1,matched_early,1,v40c_03572,1,2,100,0.8,1.0,1.0,0.8,60a338ed887c15d94d3f274df39684c1dc6de68f9f29ba13f9f9cb4d6fbcd804
matched_early_seed1,matched_early,1,v40c_03573,1,2,100,0.8,1.0,1.0,0.8,60a338ed887c15d94d3f274df39684c1dc6de68f9f29ba13f9f9cb4d6fbcd804
matched_early_seed1,matched_early,1,v40c_03574,2,3,200,0.8663366336633663,1.0,1.0,0.8666666666666666,60a338ed887c15d94d3f274df39684c1dc6de68f9f29ba13f9f9cb4d6fbcd804
matched_early_seed1,matched_early,1,v40c_03575,2,5,200,0.6343834383438344,0.891989198919892,0.6759675967596759,0.7,60a338ed887c15d94d3f274df39684c1dc6de68f9f29ba13f9f9cb4d6fbcd804
matched_early_seed1,matched_early,1,v40c_03576,30,50,3000,0.6337564157438081,0.9152584194110955,0.7709206737828385,0.716,60a338ed887c15d94d3f274df39684c1dc6de68f9f29ba13f9f9cb4d6fbcd804
matched_early_seed1,matched_early,1,v40c_03577,1,2,100,0.9,1.0,1.0,0.9,60a338ed887c15d94d3f274df39684c1dc6de68f9f29ba13f9f9cb4d6fbcd804
matched_early_seed1,matched_early,1,v40c_03578,1,2,100,0.8504950495049505,1.0,1.0,0.85,60a338ed887c15d94d3f274df39684c1dc6de68f9f29ba13f9f9cb4d6fbcd804
matched_early_seed1,matched_early,1,v40c_03579,1,2,100,0.7504950495049505,1.0,1.0,0.75,60a338ed887c15d94d3f274df39684c1dc6de68f9f29ba13f9f9cb4d6fbcd804
matched_early_seed1,matched_early,1,v40c_03580,1,2,100,0.8252475247524753,1.0,1.0,0.85,60a338ed887c15d94d3f274df39684c1dc6de68f9f29ba13f9f9cb4d6fbcd804
matched_early_seed1,matched_early,1,v40c_03581,1,2,100,0.7184818481848184,0.834983498349835,0.834983498349835,0.85,60a338ed887c15d94d3f274df39684c1dc6de68f9f29ba13f9f9cb4d6fbcd804
matched_early_seed1,matched_early,1,v40c_03582,1,3,100,0.3586310804993543,0.576409814894533,0.33663366336633654,0.4333333333333333,60a338ed887c15d94d3f274df39684c1dc6de68f9f29ba13f9f9cb4d6fbcd804
matched_early_seed1,matched_early,1,v40c_03583,1,2,100,0.700990099009901,1.0,1.0,0.7,60a338ed887c15d94d3f274df39684c1dc6de68f9f29ba13f9f9cb4d6fbcd804
matched_early_seed1,matched_early,1,v40c_03584,1,2,100,0.9,1.0,1.0,0.9,60a338ed887c15d94d3f274df39684c1dc6de68f9f29ba13f9f9cb4d6fbcd804
matched_early_seed1,matched_early,1,v40c_03585,1,2,100,0.7,1.0,1.0,0.7,60a338ed887c15d94d3f274df39684c1dc6de68f9f29ba13f9f9cb4d6fbcd804
matched_early_seed1,matched_early,1,v40c_03586,1,2,100,0.6504950495049504,1.0,1.0,0.65,60a338ed887c15d94d3f274df39684c1dc6de68f9f29ba13f9f9cb4d6fbcd804
matched_early_seed1,matched_early,1,v40c_03587,1,2,100,0.4343234323432343,0.834983498349835,0.16831683168316833,0.55,60a338ed887c15d94d3f274df39684c1dc6de68f9f29ba13f9f9cb4d6fbcd804
matched_early_seed1,matched_early,1,v40c_03588,1,2,100,0.28471985129547434,0.6149614961496149,0.0,0.5,60a338ed887c15d94d3f274df39684c1dc6de68f9f29ba13f9f9cb4d6fbcd804
matched_early_seed1,matched_early,1,v40c_03589,2,3,200,0.5474422442244224,0.75,0.75,0.7666666666666666,60a338ed887c15d94d3f274df39684c1dc6de68f9f29ba13f9f9cb4d6fbcd804
matched_early_seed1,matched_early,1,v40c_03590,1,2,100,0.6504950495049504,1.0,1.0,0.65,60a338ed887c15d94d3f274df39684c1dc6de68f9f29ba13f9f9cb4d6fbcd804
matched_early_seed1,matched_early,1,v40c_03591,1,1,100,0.5095238095238095,0.9999999999999999,0.04761904761904761,0.7,60a338ed887c15d94d3f274df39684c1dc6de68f9f29ba13f9f9cb4d6fbcd804
matched_early_seed1,matched_early,1,v40c_03615,1,2,100,0.9009900990099009,1.0,1.0,0.9,60a338ed887c15d94d3f274df39684c1dc6de68f9f29ba13f9f9cb4d6fbcd804
matched_early_seed1,matched_early,1,v40c_03616,1,2,100,0.8504950495049505,1.0,1.0,0.85,60a338ed887c15d94d3f274df39684c1dc6de68f9f29ba13f9f9cb4d6fbcd804
matched_early_seed1,matched_early,1,v40c_03617,1,2,100,1.0,1.0,1.0,1.0,60a338ed887c15d94d3f274df39684c1dc6de68f9f29ba13f9f9cb4d6fbcd804
matched_early_seed1,matched_early,1,v40c_03618,1,2,100,0.9252475247524753,1.0,1.0,0.95,60a338ed887c15d94d3f274df39684c1dc6de68f9f29ba13f9f9cb4d6fbcd804
matched_early_seed1,matched_early,1,v40c_03619,1,2,100,0.9,1.0,1.0,0.9,60a338ed887c15d94d3f274df39684c1dc6de68f9f29ba13f9f9cb4d6fbcd804
matched_early_seed1,matched_early,1,v40c_03620,1,2,100,0.6689768976897689,1.0,0.834983498349835,0.75,60a338ed887c15d94d3f274df39684c1dc6de68f9f29ba13f9f9cb4d6fbcd804
matched_early_seed1,matched_early,1,v40c_03621,1,2,100,0.4893564356435644,0.7524752475247525,0.7524752475247525,0.75,60a338ed887c15d94d3f274df39684c1dc6de68f9f29ba13f9f9cb4d6fbcd804
matched_early_seed1,matched_early,1,v40c_03622,1,2,100,0.7252475247524752,1.0,1.0,0.75,60a338ed887c15d94d3f274df39684c1dc6de68f9f29ba13f9f9cb4d6fbcd804
matched_early_seed1,matched_early,1,v40c_03623,2,4,200,0.8064356435643564,1.0,1.0,0.825,60a338ed887c15d94d3f274df39684c1dc6de68f9f29ba13f9f9cb4d6fbcd804
matched_early_seed1,matched_early,1,v40c_03624,1,2,100,0.8252475247524753,1.0,1.0,0.85,60a338ed887c15d94d3f274df39684c1dc6de68f9f29ba13f9f9cb4d6fbcd804
matched_early_seed1,matched_early,1,v40c_03625,1,2,100,0.8,1.0,1.0,0.8,60a338ed887c15d94d3f274df39684c1dc6de68f9f29ba13f9f9cb4d6fbcd804
matched_early_seed1,matched_early,1,v40c_03626,1,2,100,0.8504950495049505,1.0,1.0,0.85,60a338ed887c15d94d3f274df39684c1dc6de68f9f29ba13f9f9cb4d6fbcd804
matched_early_seed1,matched_early,1,v40c_03627,1,2,100,0.6504950495049504,1.0,1.0,0.7,60a338ed887c15d94d3f274df39684c1dc6de68f9f29ba13f9f9cb4d6fbcd804
matched_early_seed1,matched_early,1,v40c_03628,2,3,200,0.6242574257425743,0.9158415841584159,0.9158415841584159,0.7666666666666666,60a338ed887c15d94d3f274df39684c1dc6de68f9f29ba13f9f9cb4d6fbcd804
matched_early_seed1,matched_early,1,v40c_03629,2,2,200,0.7524752475247524,1.0,0.5049504950495048,0.75,60a338ed887c15d94d3f274df39684c1dc6de68f9f29ba13f9f9cb4d6fbcd804
matched_early_seed1,matched_early,1,v40c_03630,1,1,100,0.8999999999999998,0.9999999999999999,0.9999999999999999,0.9,60a338ed887c15d94d3f274df39684c1dc6de68f9f29ba13f9f9cb4d6fbcd804
matched_early_seed1,matched_early,1,v40c_03631,1,2,100,0.6237623762376238,0.7029702970297033,0.7029702970297033,0.8,60a338ed887c15d94d3f274df39684c1dc6de68f9f29ba13f9f9cb4d6fbcd804
matched_early_seed1,matched_early,1,v40c_03632,1,1,100,0.7999999999999999,0.9999999999999999,0.9999999999999999,0.8,60a338ed887c15d94d3f274df39684c1dc6de68f9f29ba13f9f9cb4d6fbcd804
matched_early_seed1,matched_early,1,v40c_03633,1,1,100,0.7999999999999999,0.9999999999999999,0.9999999999999999,0.8,60a338ed887c15d94d3f274df39684c1dc6de68f9f29ba13f9f9cb4d6fbcd804
matched_early_seed1,matched_early,1,v40c_03634,2,2,200,0.5504950495049504,1.0,0.5049504950495048,0.55,60a338ed887c15d94d3f274df39684c1dc6de68f9f29ba13f9f9cb4d6fbcd804
matched_early_seed1,matched_early,1,v40c_03635,1,1,100,0.39999999999999997,0.9999999999999999,0.0,0.4,60a338ed887c15d94d3f274df39684c1dc6de68f9f29ba13f9f9cb4d6fbcd804
matched_early_seed1,matched_early,1,v40c_03636,1,1,100,0.5999999999999999,0.9999999999999999,0.9999999999999999,0.6,60a338ed887c15d94d3f274df39684c1dc6de68f9f29ba13f9f9cb4d6fbcd804
matched_early_seed1,matched_early,1,v40c_03637,1,1,100,0.7,0.9999999999999999,0.9999999999999999,0.7,60a338ed887c15d94d3f274df39684c1dc6de68f9f29ba13f9f9cb4d6fbcd804
matched_early_seed1,matched_early,1,v40c_03638,1,1,100,0.7999999999999999,0.9999999999999999,0.9999999999999999,0.8,60a338ed887c15d94d3f274df39684c1dc6de68f9f29ba13f9f9cb4d6fbcd804
matched_early_seed1,matched_early,1,v40c_03639,1,1,100,0.7,0.9999999999999999,0.9999999999999999,0.7,60a338ed887c15d94d3f274df39684c1dc6de68f9f29ba13f9f9cb4d6fbcd804
matched_early_seed1,matched_early,1,v40c_04010,2,5,200,0.7772277227722773,0.9669966996699667,0.9669966996699667,0.82,60a338ed887c15d94d3f274df39684c1dc6de68f9f29ba13f9f9cb4d6fbcd804
matched_early_seed1,matched_early,1,v40c_04032,1,1,100,0.5999999999999999,0.9999999999999999,0.9999999999999999,0.6,60a338ed887c15d94d3f274df39684c1dc6de68f9f29ba13f9f9cb4d6fbcd804
matched_early_seed1,matched_early,1,v40c_04033,1,1,100,0.4999999999999999,0.9999999999999999,0.0,0.5,60a338ed887c15d94d3f274df39684c1dc6de68f9f29ba13f9f9cb4d6fbcd804
matched_early_seed1,matched_early,1,v40c_04034,1,2,100,0.13699369936993694,0.3424842484248423,0.0,0.4,60a338ed887c15d94d3f274df39684c1dc6de68f9f29ba13f9f9cb4d6fbcd804
matched_early_seed1,matched_early,1,v40c_04035,1,2,100,0.4082651743435212,0.5192997560625626,0.5049504950495048,0.55,60a338ed887c15d94d3f274df39684c1dc6de68f9f29ba13f9f9cb4d6fbcd804
matched_early_seed1,matched_early,1,v40c_04036,1,3,100,0.5204620462046204,0.7755775577557755,0.6633663366336634,0.6333333333333333,60a338ed887c15d94d3f274df39684c1dc6de68f9f29ba13f9f9cb4d6fbcd804
matched_early_seed1,matched_early,1,v40c_04037,1,2,100,0.6349834983498349,1.0,0.6699669966996696,0.7,60a338ed887c15d94d3f274df39684c1dc6de68f9f29ba13f9f9cb4d6fbcd804
matched_early_seed1,matched_early,1,v40c_04038,1,2,100,0.500990099009901,1.0,0.2524752475247525,0.6,60a338ed887c15d94d3f274df39684c1dc6de68f9f29ba13f9f9cb4d6fbcd804
matched_early_seed1,matched_early,1,v40c_04039,1,3,100,0.7554455445544555,1.0,1.0,0.7666666666666666,60a338ed887c15d94d3f274df39684c1dc6de68f9f29ba13f9f9cb4d6fbcd804
matched_early_seed1,matched_early,1,v40c_04040,1,3,100,0.9112211221122113,1.0,1.0,0.9333333333333333,60a338ed887c15d94d3f274df39684c1dc6de68f9f29ba13f9f9cb4d6fbcd804
matched_early_seed1,matched_early,1,v40c_04041,1,3,100,0.7831683168316832,1.0,1.0,0.7999999999999999,60a338ed887c15d94d3f274df39684c1dc6de68f9f29ba13f9f9cb4d6fbcd804
matched_early_seed1,matched_early,1,v40c_04042,1,3,100,0.861056105610561,1.0,1.0,0.9,60a338ed887c15d94d3f274df39684c1dc6de68f9f29ba13f9f9cb4d6fbcd804
matched_early_seed1,matched_early,1,v40c_04043,1,3,100,0.6569306930693071,0.9158415841584159,0.6633663366336634,0.7,60a338ed887c15d94d3f274df39684c1dc6de68f9f29ba13f9f9cb4d6fbcd804
matched_early_seed1,matched_early,1,v40c_04044,1,3,100,0.6990099009900987,0.865346534653465,0.865346534653465,0.8333333333333334,60a338ed887c15d94d3f274df39684c1dc6de68f9f29ba13f9f9cb4d6fbcd804
matched_early_seed1,matched_early,1,v40c_04045,1,3,100,0.7,1.0,1.0,0.7,60a338ed887c15d94d3f274df39684c1dc6de68f9f29ba13f9f9cb4d6fbcd804
matched_early_seed1,matched_early,1,v40c_04046,1,3,100,0.7442244224422442,1.0,1.0,0.7666666666666666,60a338ed887c15d94d3f274df39684c1dc6de68f9f29ba13f9f9cb4d6fbcd804
matched_early_seed1,matched_early,1,v40c_04047,1,2,100,0.700990099009901,1.0,1.0,0.7,60a338ed887c15d94d3f274df39684c1dc6de68f9f29ba13f9f9cb4d6fbcd804
matched_early_seed1,matched_early,1,v40c_04048,1,2,100,0.8009900990099009,1.0,1.0,0.8,60a338ed887c15d94d3f274df39684c1dc6de68f9f29ba13f9f9cb4d6fbcd804
matched_early_seed1,matched_early,1,v40c_04049,1,2,100,0.7,1.0,1.0,0.7,60a338ed887c15d94d3f274df39684c1dc6de68f9f29ba13f9f9cb4d6fbcd804
matched_early_seed1,matched_early,1,v40c_04050,1,2,100,0.7,1.0,1.0,0.7,60a338ed887c15d94d3f274df39684c1dc6de68f9f29ba13f9f9cb4d6fbcd804
matched_early_seed1,matched_early,1,v40c_04051,1,1,100,0.7999999999999999,0.9999999999999999,0.9999999999999999,0.8,60a338ed887c15d94d3f274df39684c1dc6de68f9f29ba13f9f9cb4d6fbcd804
matched_early_seed1,matched_early,1,v40c_04052,1,1,100,0.7,0.9999999999999999,0.9999999999999999,0.7,60a338ed887c15d94d3f274df39684c1dc6de68f9f29ba13f9f9cb4d6fbcd804
matched_early_seed1,matched_early,1,v40c_04053,2,2,200,0.7252475247524752,1.0,1.0,0.75,60a338ed887c15d94d3f274df39684c1dc6de68f9f29ba13f9f9cb4d6fbcd804
matched_early_seed1,matched_early,1,v40c_04054,2,2,200,0.7504950495049505,1.0,1.0,0.75,60a338ed887c15d94d3f274df39684c1dc6de68f9f29ba13f9f9cb4d6fbcd804
matched_early_seed1,matched_early,1,v40c_04055,1,1,100,0.7,0.9999999999999999,0.9999999999999999,0.7,60a338ed887c15d94d3f274df39684c1dc6de68f9f29ba13f9f9cb4d6fbcd804
matched_early_seed1,matched_early,1,v40c_04056,1,1,100,0.7999999999999999,0.9999999999999999,0.9999999999999999,0.8,60a338ed887c15d94d3f274df39684c1dc6de68f9f29ba13f9f9cb4d6fbcd804
matched_early_seed1,matched_early,1,v40c_04057,1,1,100,0.7,0.9999999999999999,0.9999999999999999,0.7,60a338ed887c15d94d3f274df39684c1dc6de68f9f29ba13f9f9cb4d6fbcd804
matched_early_seed1,matched_early,1,v40c_04058,1,1,100,0.8999999999999998,0.9999999999999999,0.9999999999999999,0.9,60a338ed887c15d94d3f274df39684c1dc6de68f9f29ba13f9f9cb4d6fbcd804
matched_early_seed1,matched_early,1,v40c_04059,1,1,100,0.7999999999999999,0.9999999999999999,0.9999999999999999,0.8,60a338ed887c15d94d3f274df39684c1dc6de68f9f29ba13f9f9cb4d6fbcd804
matched_early_seed1,matched_early,1,v40c_04060,1,1,100,0.7999999999999999,0.9999999999999999,0.9999999999999999,0.8,60a338ed887c15d94d3f274df39684c1dc6de68f9f29ba13f9f9cb4d6fbcd804
matched_early_seed1,matched_early,1,v40c_04061,1,1,100,0.7999999999999999,0.9999999999999999,0.9999999999999999,0.8,60a338ed887c15d94d3f274df39684c1dc6de68f9f29ba13f9f9cb4d6fbcd804
matched_early_seed1,matched_early,1,v40c_04062,1,1,100,0.7,0.9999999999999999,0.9999999999999999,0.7,60a338ed887c15d94d3f274df39684c1dc6de68f9f29ba13f9f9cb4d6fbcd804
matched_early_seed1,matched_early,1,v40c_04063,1,1,100,0.7,0.9999999999999999,0.9999999999999999,0.7,60a338ed887c15d94d3f274df39684c1dc6de68f9f29ba13f9f9cb4d6fbcd804
matched_early_seed1,matched_early,1,v40c_04064,1,1,100,0.7,0.9999999999999999,0.9999999999999999,0.7,60a338ed887c15d94d3f274df39684c1dc6de68f9f29ba13f9f9cb4d6fbcd804
matched_early_seed1,matched_early,1,v40c_04065,1,1,100,0.5999999999999999,0.9999999999999999,0.9999999999999999,0.6,60a338ed887c15d94d3f274df39684c1dc6de68f9f29ba13f9f9cb4d6fbcd804
matched_early_seed1,matched_early,1,v40c_04066,1,1,100,0.7,0.9999999999999999,0.9999999999999999,0.7,60a338ed887c15d94d3f274df39684c1dc6de68f9f29ba13f9f9cb4d6fbcd804
matched_early_seed1,matched_early,1,v40c_04067,1,1,100,0.7,0.9999999999999999,0.9999999999999999,0.7,60a338ed887c15d94d3f274df39684c1dc6de68f9f29ba13f9f9cb4d6fbcd804
matched_early_seed1,matched_early,1,v40c_04068,1,1,100,0.35,0.9999999999999999,0.0,0.5,60a338ed887c15d94d3f274df39684c1dc6de68f9f29ba13f9f9cb4d6fbcd804
matched_early_seed1,matched_early,1,v40c_04069,1,1,100,0.29999999999999993,0.9999999999999999,0.0,0.3,60a338ed887c15d94d3f274df39684c1dc6de68f9f29ba13f9f9cb4d6fbcd804
matched_early_seed1,matched_early,1,v40c_04070,1,2,100,0.20198019801980194,0.5049504950495048,0.0,0.2,60a338ed887c15d94d3f274df39684c1dc6de68f9f29ba13f9f9cb4d6fbcd804
matched_early_seed1,matched_early,1,v40c_04071,1,1,100,0.15,0.5,0.0,0.3,60a338ed887c15d94d3f274df39684c1dc6de68f9f29ba13f9f9cb4d6fbcd804
matched_early_seed1,matched_early,1,v40c_04072,1,1,100,0.19999999999999998,0.9999999999999999,0.0,0.2,60a338ed887c15d94d3f274df39684c1dc6de68f9f29ba13f9f9cb4d6fbcd804
matched_early_seed1,matched_early,1,v40c_04073,1,2,100,0.35858085808580864,0.6666666666666669,0.2524752475247525,0.55,60a338ed887c15d94d3f274df39684c1dc6de68f9f29ba13f9f9cb4d6fbcd804
matched_early_seed1,matched_early,1,v40c_04074,1,2,100,0.7019801980198019,1.0,0.5049504950495048,0.7,60a338ed887c15d94d3f274df39684c1dc6de68f9f29ba13f9f9cb4d6fbcd804
matched_early_seed1,matched_early,1,v40c_04075,1,2,100,0.6504950495049504,1.0,1.0,0.65,60a338ed887c15d94d3f274df39684c1dc6de68f9f29ba13f9f9cb4d6fbcd804
matched_early_seed1,matched_early,1,v40c_04076,2,4,200,0.6948019801980199,1.0,1.0,0.7,60a338ed887c15d94d3f274df39684c1dc6de68f9f29ba13f9f9cb4d6fbcd804
matched_early_seed1,matched_early,1,v40c_04077,1,2,100,0.7504950495049505,1.0,1.0,0.75,60a338ed887c15d94d3f274df39684c1dc6de68f9f29ba13f9f9cb4d6fbcd804
matched_early_seed1,matched_early,1,v40c_04078,2,4,200,0.6948019801980199,1.0,1.0,0.7,60a338ed887c15d94d3f274df39684c1dc6de68f9f29ba13f9f9cb4d6fbcd804
matched_early_seed1,matched_early,1,v40c_04079,2,4,200,0.8252475247524753,1.0,1.0,0.85,60a338ed887c15d94d3f274df39684c1dc6de68f9f29ba13f9f9cb4d6fbcd804
matched_early_seed1,matched_early,1,v40c_04080,1,2,100,0.8009900990099009,1.0,1.0,0.8,60a338ed887c15d94d3f274df39684c1dc6de68f9f29ba13f9f9cb4d6fbcd804
matched_early_seed1,matched_early,1,v40c_04081,1,1,100,0.7999999999999999,0.9999999999999999,0.9999999999999999,0.8,60a338ed887c15d94d3f274df39684c1dc6de68f9f29ba13f9f9cb4d6fbcd804
matched_early_seed1,matched_early,1,v40c_04082,1,2,100,0.6504950495049504,1.0,1.0,0.65,60a338ed887c15d94d3f274df39684c1dc6de68f9f29ba13f9f9cb4d6fbcd804
matched_early_seed1,matched_early,1,v40c_04083,1,2,100,0.42796279627962797,0.534953495349535,0.534953495349535,0.8,60a338ed887c15d94d3f274df39684c1dc6de68f9f29ba13f9f9cb4d6fbcd804
matched_early_seed1,matched_early,1,v40c_04084,1,2,100,0.9,1.0,1.0,0.9,60a338ed887c15d94d3f274df39684c1dc6de68f9f29ba13f9f9cb4d6fbcd804
matched_early_seed1,matched_early,1,v40c_04085,1,2,100,0.4996699669966995,0.7524752475247525,0.5049504950495048,0.65,60a338ed887c15d94d3f274df39684c1dc6de68f9f29ba13f9f9cb4d6fbcd804
matched_early_seed1,matched_early,1,v40c_04086,1,3,100,0.557920792079208,0.9158415841584159,0.6633663366336634,0.6,60a338ed887c15d94d3f274df39684c1dc6de68f9f29ba13f9f9cb4d6fbcd804
matched_early_seed1,matched_early,1,v40c_04104,1,1,100,0.04133333333333334,0.1666666666666667,0.019999999999999997,0.6,60a338ed887c15d94d3f274df39684c1dc6de68f9f29ba13f9f9cb4d6fbcd804
matched_early_seed1,matched_early,1,v40c_04105,2,2,200,0.02707158573000157,0.0662109068049662,0.002524752475247525,0.35,60a338ed887c15d94d3f274df39684c1dc6de68f9f29ba13f9f9cb4d6fbcd804
matched_early_seed1,matched_early,1,v40c_04106,5,9,500,0.4105848770830258,0.7346534653465341,0.45345731094848624,0.6333333333333333,60a338ed887c15d94d3f274df39684c1dc6de68f9f29ba13f9f9cb4d6fbcd804
matched_early_seed1,matched_early,1,v40c_04107,1,2,100,0.8,1.0,1.0,0.8,60a338ed887c15d94d3f274df39684c1dc6de68f9f29ba13f9f9cb4d6fbcd804
matched_early_seed1,matched_early,1,v40c_04108,1,2,100,0.7504950495049505,1.0,1.0,0.8,60a338ed887c15d94d3f274df39684c1dc6de68f9f29ba13f9f9cb4d6fbcd804
matched_early_seed1,matched_early,1,v40c_04109,1,2,100,0.8252475247524753,1.0,1.0,0.85,60a338ed887c15d94d3f274df39684c1dc6de68f9f29ba13f9f9cb4d6fbcd804
matched_early_seed1,matched_early,1,v40c_04110,1,2,100,0.7504950495049505,1.0,1.0,0.75,60a338ed887c15d94d3f274df39684c1dc6de68f9f29ba13f9f9cb4d6fbcd804
matched_early_seed1,matched_early,1,v40c_04111,1,2,100,0.7504950495049505,1.0,1.0,0.75,60a338ed887c15d94d3f274df39684c1dc6de68f9f29ba13f9f9cb4d6fbcd804
matched_early_seed1,matched_early,1,v40c_04112,1,3,100,0.7112211221122112,1.0,1.0,0.7333333333333333,60a338ed887c15d94d3f274df39684c1dc6de68f9f29ba13f9f9cb4d6fbcd804
matched_early_seed1,matched_early,1,v40c_04113,1,3,100,0.7,1.0,0.6633663366336634,0.7,60a338ed887c15d94d3f274df39684c1dc6de68f9f29ba13f9f9cb4d6fbcd804
matched_early_seed1,matched_early,1,v40c_04114,1,3,100,0.7747524752475249,0.9158415841584159,0.9158415841584159,0.8666666666666666,60a338ed887c15d94d3f274df39684c1dc6de68f9f29ba13f9f9cb4d6fbcd804
matched_early_seed1,matched_early,1,v40c_04115,5,18,500,0.6435043255126178,0.8642662089805777,0.8349161446756922,0.7555555555555556,60a338ed887c15d94d3f274df39684c1dc6de68f9f29ba13f9f9cb4d6fbcd804
matched_early_seed1,matched_early,1,v40c_04116,1,4,100,0.5754125412541253,1.0,0.5049504950495048,0.7,60a338ed887c15d94d3f274df39684c1dc6de68f9f29ba13f9f9cb4d6fbcd804
matched_early_seed1,matched_early,1,v40c_04117,1,4,100,0.6762376237623763,1.0,0.7524752475247525,0.725,60a338ed887c15d94d3f274df39684c1dc6de68f9f29ba13f9f9cb4d6fbcd804
matched_early_seed1,matched_early,1,v40c_04118,1,4,100,0.6757425742574257,1.0,1.0,0.75,60a338ed887c15d94d3f274df39684c1dc6de68f9f29ba13f9f9cb4d6fbcd804
matched_early_seed1,matched_early,1,v40c_04119,1,3,100,0.7052805280528053,1.0,1.0,0.7666666666666666,60a338ed887c15d94d3f274df39684c1dc6de68f9f29ba13f9f9cb4d6fbcd804
matched_early_seed1,matched_early,1,v40c_04120,1,4,100,0.650990099009901,1.0,1.0,0.7,60a338ed887c15d94d3f274df39684c1dc6de68f9f29ba13f9f9cb4d6fbcd804
matched_early_seed1,matched_early,1,v40c_04121,1,3,100,0.7554455445544555,1.0,1.0,0.7666666666666666,60a338ed887c15d94d3f274df39684c1dc6de68f9f29ba13f9f9cb4d6fbcd804
matched_early_seed1,matched_early,1,v40c_04122,1,3,100,0.700990099009901,1.0,1.0,0.7,60a338ed887c15d94d3f274df39684c1dc6de68f9f29ba13f9f9cb4d6fbcd804
matched_early_seed1,matched_early,1,v40c_04123,2,3,200,0.8663366336633663,1.0,1.0,0.8666666666666666,60a338ed887c15d94d3f274df39684c1dc6de68f9f29ba13f9f9cb4d6fbcd804
matched_early_seed1,matched_early,1,v40c_04124,1,1,100,0.8999999999999998,0.9999999999999999,0.9999999999999999,0.9,60a338ed887c15d94d3f274df39684c1dc6de68f9f29ba13f9f9cb4d6fbcd804
matched_early_seed1,matched_early,1,v40c_04125,1,3,100,0.5086280056577083,0.735502121640735,0.735502121640735,0.6666666666666666,60a338ed887c15d94d3f274df39684c1dc6de68f9f29ba13f9f9cb4d6fbcd804
matched_early_seed1,matched_early,1,v40c_04126,1,3,100,0.5454545454545455,0.7551755175517552,0.7551755175517552,0.7333333333333333,60a338ed887c15d94d3f274df39684c1dc6de68f9f29ba13f9f9cb4d6fbcd804
matched_early_seed1,matched_early,1,v40c_04127,1,4,100,0.4683168316831684,0.6534653465346535,0.6534653465346535,0.55,60a338ed887c15d94d3f274df39684c1dc6de68f9f29ba13f9f9cb4d6fbcd804
matched_early_seed1,matched_early,1,v40c_04128,1,3,100,0.49579207920792073,0.7896039603960396,0.33663366336633654,0.6,60a338ed887c15d94d3f274df39684c1dc6de68f9f29ba13f9f9cb4d6fbcd804
matched_early_seed1,matched_early,1,v40c_04129,1,1,100,0.45,0.5,0.5,0.9,60a338ed887c15d94d3f274df39684c1dc6de68f9f29ba13f9f9cb4d6fbcd804
matched_early_seed1,matched_early,1,v40c_04130,1,1,100,0.7,0.9999999999999999,0.9999999999999999,0.7,60a338ed887c15d94d3f274df39684c1dc6de68f9f29ba13f9f9cb4d6fbcd804
matched_early_seed1,matched_early,1,v40c_04131,1,1,100,0.5999999999999999,0.9999999999999999,0.9999999999999999,0.6,60a338ed887c15d94d3f274df39684c1dc6de68f9f29ba13f9f9cb4d6fbcd804
matched_early_seed1,matched_early,1,v40c_04132,1,1,100,0.35,0.5,0.5,0.7,60a338ed887c15d94d3f274df39684c1dc6de68f9f29ba13f9f9cb4d6fbcd804
matched_early_seed1,matched_early,1,v40c_04133,2,6,200,0.7282748274827482,0.9234923492349234,0.9234923492349234,0.8166666666666668,60a338ed887c15d94d3f274df39684c1dc6de68f9f29ba13f9f9cb4d6fbcd804
matched_early_seed1,matched_early,1,v40c_04134,1,3,100,0.7663366336633664,1.0,1.0,0.7666666666666666,60a338ed887c15d94d3f274df39684c1dc6de68f9f29ba13f9f9cb4d6fbcd804
matched_early_seed1,matched_early,1,v40c_04135,1,3,100,0.6473125884016973,0.9158415841584159,0.6633663366336634,0.7,60a338ed887c15d94d3f274df39684c1dc6de68f9f29ba13f9f9cb4d6fbcd804
matched_early_seed1,matched_early,1,v40c_04136,2,5,200,0.681094527363184,0.9669966996699667,0.801980198019802,0.74,60a338ed887c15d94d3f274df39684c1dc6de68f9f29ba13f9f9cb4d6fbcd804
matched_early_seed1,matched_early,1,v40c_04137,1,2,100,0.600990099009901,1.0,0.5049504950495048,0.6,60a338ed887c15d94d3f274df39684c1dc6de68f9f29ba13f9f9cb4d6fbcd804
matched_early_seed1,matched_early,1,v40c_04138,3,8,300,0.6594897182025894,0.885097740543285,0.8079207920792079,0.75,60a338ed887c15d94d3f274df39684c1dc6de68f9f29ba13f9f9cb4d6fbcd804
matched_early_seed1,matched_early,1,v40c_04139,4,12,400,0.45111462093614796,0.7459851416630834,0.4563263439553252,0.6666666666666666,60a338ed887c15d94d3f274df39684c1dc6de68f9f29ba13f9f9cb4d6fbcd804
matched_early_seed1,matched_early,1,v40c_04140,1,4,100,0.4000253871541001,0.7667555217060168,0.2739273927392739,0.55,60a338ed887c15d94d3f274df39684c1dc6de68f9f29ba13f9f9cb4d6fbcd804
matched_early_seed1,matched_early,1,v40c_04141,2,5,200,0.46699669966996693,0.7359735973597359,0.5247524752475247,0.6199999999999999,60a338ed887c15d94d3f274df39684c1dc6de68f9f29ba13f9f9cb4d6fbcd804
matched_early_seed1,matched_early,1,v40c_04142,1,1,100,0.35,0.5,0.5,0.7,60a338ed887c15d94d3f274df39684c1dc6de68f9f29ba13f9f9cb4d6fbcd804
matched_early_seed1,matched_early,1,v40c_04143,1,3,100,0.5326732673267328,1.0,0.6633663366336634,0.5999999999999999,60a338ed887c15d94d3f274df39684c1dc6de68f9f29ba13f9f9cb4d6fbcd804
matched_early_seed1,matched_early,1,v40c_04144,1,2,100,0.7019801980198019,1.0,0.5049504950495048,0.7,60a338ed887c15d94d3f274df39684c1dc6de68f9f29ba13f9f9cb4d6fbcd804
matched_early_seed1,matched_early,1,v40c_04145,1,2,100,0.7504950495049505,1.0,1.0,0.8,60a338ed887c15d94d3f274df39684c1dc6de68f9f29ba13f9f9cb4d6fbcd804
matched_early_seed1,matched_early,1,v40c_04146,2,4,200,0.7422442244224422,1.0,1.0,0.75,60a338ed887c15d94d3f274df39684c1dc6de68f9f29ba13f9f9cb4d6fbcd804
matched_early_seed1,matched_early,1,v40c_04147,1,2,100,0.3262376237623763,0.45049504950495056,0.2524752475247525,0.7,60a338ed887c15d94d3f274df39684c1dc6de68f9f29ba13f9f9cb4d6fbcd804
matched_early_seed1,matched_early,1,v40c_04148,1,3,100,0.6653465346534654,1.0,0.6633663366336634,0.6666666666666666,60a338ed887c15d94d3f274df39684c1dc6de68f9f29ba13f9f9cb4d6fbcd804
matched_early_seed1,matched_early,1,v40c_04149,1,3,100,0.5643564356435643,0.7306930693069307,0.6633663366336634,0.7,60a338ed887c15d94d3f274df39684c1dc6de68f9f29ba13f9f9cb4d6fbcd804
matched_early_seed1,matched_early,1,v40c_04150,1,1,100,0.7,0.9999999999999999,0.9999999999999999,0.7,60a338ed887c15d94d3f274df39684c1dc6de68f9f29ba13f9f9cb4d6fbcd804
matched_early_seed1,matched_early,1,v40c_04151,1,1,100,0.4,0.5,0.5,0.8,60a338ed887c15d94d3f274df39684c1dc6de68f9f29ba13f9f9cb4d6fbcd804
matched_early_seed1,matched_early,1,v40c_04152,2,4,200,0.765016501650165,1.0,1.0,0.8,60a338ed887c15d94d3f274df39684c1dc6de68f9f29ba13f9f9cb4d6fbcd804
matched_early_seed1,matched_early,1,v40c_04153,1,2,100,0.7,1.0,1.0,0.7,60a338ed887c15d94d3f274df39684c1dc6de68f9f29ba13f9f9cb4d6fbcd804
matched_early_seed1,matched_early,1,v40c_04154,1,1,100,0.7999999999999999,0.9999999999999999,0.9999999999999999,0.8,60a338ed887c15d94d3f274df39684c1dc6de68f9f29ba13f9f9cb4d6fbcd804
matched_early_seed1,matched_early,1,v40c_04155,1,2,100,0.8,1.0,1.0,0.8,60a338ed887c15d94d3f274df39684c1dc6de68f9f29ba13f9f9cb4d6fbcd804
matched_early_seed1,matched_early,1,v40c_04156,1,2,100,0.42871287128712865,0.6287128712871287,0.5049504950495048,0.5,60a338ed887c15d94d3f274df39684c1dc6de68f9f29ba13f9f9cb4d6fbcd804
matched_early_seed1,matched_early,1,v40c_04157,1,2,100,0.6757425742574257,1.0,1.0,0.75,60a338ed887c15d94d3f274df39684c1dc6de68f9f29ba13f9f9cb4d6fbcd804
matched_early_seed1,matched_early,1,v40c_04158,1,3,100,0.4737623762376238,0.9158415841584159,0.6633663366336634,0.5,60a338ed887c15d94d3f274df39684c1dc6de68f9f29ba13f9f9cb4d6fbcd804
matched_early_seed1,matched_early,1,v40c_04159,1,3,100,0.6775577557755775,1.0,0.5544554455445545,0.7333333333333333,60a338ed887c15d94d3f274df39684c1dc6de68f9f29ba13f9f9cb4d6fbcd804
matched_early_seed1,matched_early,1,v40c_04160,1,4,100,0.42895404925107894,0.8286367098248286,0.42244224422442234,0.5,60a338ed887c15d94d3f274df39684c1dc6de68f9f29ba13f9f9cb4d6fbcd804
matched_early_seed1,matched_early,1,v40c_04161,1,3,100,0.5325463315562324,0.7755775577557755,0.6633663366336634,0.6333333333333333,60a338ed887c15d94d3f274df39684c1dc6de68f9f29ba13f9f9cb4d6fbcd804
matched_early_seed1,matched_early,1,v40c_04162,1,3,100,0.4213252094440212,0.7410510281797406,0.6633663366336634,0.5,60a338ed887c15d94d3f274df39684c1dc6de68f9f29ba13f9f9cb4d6fbcd804
matched_early_seed1,matched_early,1,v40c_04163,1,2,100,0.7504950495049505,1.0,1.0,0.8,60a338ed887c15d94d3f274df39684c1dc6de68f9f29ba13f9f9cb4d6fbcd804
matched_early_seed1,matched_early,1,v40c_04311,3,3,300,0.9,1.0,1.0,0.9,60a338ed887c15d94d3f274df39684c1dc6de68f9f29ba13f9f9cb4d6fbcd804
matched_early_seed1,matched_early,1,v40c_04312,2,2,200,0.9,1.0,1.0,0.9,60a338ed887c15d94d3f274df39684c1dc6de68f9f29ba13f9f9cb4d6fbcd804
matched_early_seed1,matched_early,1,v40c_04313,1,1,100,0.9999999999999998,0.9999999999999999,0.9999999999999999,1.0,60a338ed887c15d94d3f274df39684c1dc6de68f9f29ba13f9f9cb4d6fbcd804
matched_early_seed1,matched_early,1,v40c_04314,1,1,100,0.8999999999999998,0.9999999999999999,0.9999999999999999,0.9,60a338ed887c15d94d3f274df39684c1dc6de68f9f29ba13f9f9cb4d6fbcd804
matched_early_seed1,matched_early,1,v40c_04315,1,1,100,0.8999999999999998,0.9999999999999999,0.9999999999999999,0.9,60a338ed887c15d94d3f274df39684c1dc6de68f9f29ba13f9f9cb4d6fbcd804
matched_early_seed1,matched_early,1,v40c_04316,2,2,200,0.9,1.0,1.0,0.9,60a338ed887c15d94d3f274df39684c1dc6de68f9f29ba13f9f9cb4d6fbcd804
matched_early_seed1,matched_early,1,v40c_04317,15,15,1500,0.7086138613861387,1.0,0.8132013201320134,0.7333333333333333,60a338ed887c15d94d3f274df39684c1dc6de68f9f29ba13f9f9cb4d6fbcd804
matched_early_seed1,matched_early,1,v40c_04484,1,1,100,0.5999999999999999,0.9999999999999999,0.9999999999999999,0.6,60a338ed887c15d94d3f274df39684c1dc6de68f9f29ba13f9f9cb4d6fbcd804
matched_early_seed1,matched_early,1,v40c_04485,1,1,100,0.04415204678362574,0.3333333333333334,0.0,0.4,60a338ed887c15d94d3f274df39684c1dc6de68f9f29ba13f9f9cb4d6fbcd804
matched_early_seed1,matched_early,1,v40c_04486,13,13,1300,0.617071781469001,1.0,0.5916605479064719,0.7307692307692307,60a338ed887c15d94d3f274df39684c1dc6de68f9f29ba13f9f9cb4d6fbcd804
matched_early_seed1,matched_early,1,v40c_04487,3,3,300,0.7336633663366336,1.0,1.0,0.7333333333333333,60a338ed887c15d94d3f274df39684c1dc6de68f9f29ba13f9f9cb4d6fbcd804
matched_early_seed1,matched_early,1,v40c_04514,2,8,200,0.7797029702970297,1.0,1.0,0.8125,60a338ed887c15d94d3f274df39684c1dc6de68f9f29ba13f9f9cb4d6fbcd804
matched_early_seed1,matched_early,1,v40c_04515,1,5,100,0.7891089108910891,1.0,1.0,0.8,60a338ed887c15d94d3f274df39684c1dc6de68f9f29ba13f9f9cb4d6fbcd804
matched_early_seed1,matched_early,1,v40c_04516,2,8,200,0.6793022159358795,0.944994499449945,0.8095238095238095,0.7625,60a338ed887c15d94d3f274df39684c1dc6de68f9f29ba13f9f9cb4d6fbcd804
matched_early_seed1,matched_early,1,v40c_04517,1,3,100,0.7,1.0,0.6633663366336634,0.7,60a338ed887c15d94d3f274df39684c1dc6de68f9f29ba13f9f9cb4d6fbcd804
matched_early_seed1,matched_early,1,v40c_04518,1,2,100,0.7252475247524752,1.0,1.0,0.75,60a338ed887c15d94d3f274df39684c1dc6de68f9f29ba13f9f9cb4d6fbcd804
matched_early_seed1,matched_early,1,v40c_04519,1,3,100,0.7336633663366336,1.0,1.0,0.7666666666666666,60a338ed887c15d94d3f274df39684c1dc6de68f9f29ba13f9f9cb4d6fbcd804
matched_early_seed1,matched_early,1,v40c_04520,2,6,200,0.8001650165016502,1.0,1.0,0.8166666666666668,60a338ed887c15d94d3f274df39684c1dc6de68f9f29ba13f9f9cb4d6fbcd804
matched_early_seed1,matched_early,1,v40c_04521,1,3,100,0.7554455445544555,1.0,1.0,0.7666666666666666,60a338ed887c15d94d3f274df39684c1dc6de68f9f29ba13f9f9cb4d6fbcd804
matched_early_seed1,matched_early,1,v40c_04522,1,3,100,0.689108910891089,1.0,1.0,0.7,60a338ed887c15d94d3f274df39684c1dc6de68f9f29ba13f9f9cb4d6fbcd804
matched_early_seed1,matched_early,1,v40c_04523,1,5,100,0.6312366530770724,0.791496796738497,0.7623762376237624,0.72,60a338ed887c15d94d3f274df39684c1dc6de68f9f29ba13f9f9cb4d6fbcd804
matched_early_seed1,matched_early,1,v40c_04524,1,4,100,0.7943069306930692,1.0,1.0,0.825,60a338ed887c15d94d3f274df39684c1dc6de68f9f29ba13f9f9cb4d6fbcd804
matched_early_seed1,matched_early,1,v40c_04525,1,4,100,0.8184818481848184,1.0,1.0,0.825,60a338ed887c15d94d3f274df39684c1dc6de68f9f29ba13f9f9cb4d6fbcd804
matched_early_seed1,matched_early,1,v40c_04526,1,4,100,0.8504950495049505,1.0,1.0,0.85,60a338ed887c15d94d3f274df39684c1dc6de68f9f29ba13f9f9cb4d6fbcd804
matched_early_seed1,matched_early,1,v40c_04527,1,3,100,0.7737623762376238,0.9158415841584159,0.9158415841584159,0.8333333333333333,60a338ed887c15d94d3f274df39684c1dc6de68f9f29ba13f9f9cb4d6fbcd804
matched_early_seed1,matched_early,1,v40c_04528,1,5,100,0.8478547854785479,1.0,1.0,0.86,60a338ed887c15d94d3f274df39684c1dc6de68f9f29ba13f9f9cb4d6fbcd804
matched_early_seed1,matched_early,1,v40c_04529,1,5,100,0.8693564356435644,1.0,1.0,0.9,60a338ed887c15d94d3f274df39684c1dc6de68f9f29ba13f9f9cb4d6fbcd804
matched_early_seed1,matched_early,1,v40c_04530,1,5,100,0.6821287128712872,1.0,0.6415841584158416,0.78,60a338ed887c15d94d3f274df39684c1dc6de68f9f29ba13f9f9cb4d6fbcd804
matched_early_seed1,matched_early,1,v40c_04531,1,5,100,0.8493399339933992,1.0,1.0,0.8799999999999999,60a338ed887c15d94d3f274df39684c1dc6de68f9f29ba13f9f9cb4d6fbcd804
matched_early_seed1,matched_early,1,v40c_04532,1,5,100,0.8183168316831683,1.0,1.0,0.8400000000000001,60a338ed887c15d94d3f274df39684c1dc6de68f9f29ba13f9f9cb4d6fbcd804
matched_early_seed1,matched_early,1,v40c_04533,1,5,100,0.7079207920792079,1.0,0.801980198019802,0.72,60a338ed887c15d94d3f274df39684c1dc6de68f9f29ba13f9f9cb4d6fbcd804
matched_early_seed1,matched_early,1,v40c_04534,2,9,200,0.7906490649064907,1.0,1.0,0.8111111111111111,60a338ed887c15d94d3f274df39684c1dc6de68f9f29ba13f9f9cb4d6fbcd804
matched_early_seed1,matched_early,1,v40c_04535,1,5,100,0.7188118811881188,1.0,1.0,0.74,60a338ed887c15d94d3f274df39684c1dc6de68f9f29ba13f9f9cb4d6fbcd804
matched_early_seed1,matched_early,1,v40c_04536,1,5,100,0.7291089108910891,1.0,1.0,0.78,60a338ed887c15d94d3f274df39684c1dc6de68f9f29ba13f9f9cb4d6fbcd804
matched_early_seed1,matched_early,1,v40c_04537,1,5,100,0.7336633663366336,1.0,0.7623762376237624,0.76,60a338ed887c15d94d3f274df39684c1dc6de68f9f29ba13f9f9cb4d6fbcd804
matched_early_seed1,matched_early,1,v40c_04538,1,4,100,0.7358415841584158,0.9504950495049505,0.9504950495049505,0.8,60a338ed887c15d94d3f274df39684c1dc6de68f9f29ba13f9f9cb4d6fbcd804
matched_early_seed1,matched_early,1,v40c_04539,1,3,100,0.8673267326732674,1.0,1.0,0.8666666666666668,60a338ed887c15d94d3f274df39684c1dc6de68f9f29ba13f9f9cb4d6fbcd804
matched_early_seed1,matched_early,1,v40c_04540,1,4,100,0.8009900990099009,1.0,1.0,0.8,60a338ed887c15d94d3f274df39684c1dc6de68f9f29ba13f9f9cb4d6fbcd804
matched_early_seed1,matched_early,1,v40c_04541,1,6,100,0.7214521452145215,0.8948019801980198,0.8316831683168316,0.7833333333333334,60a338ed887c15d94d3f274df39684c1dc6de68f9f29ba13f9f9cb4d6fbcd804
matched_early_seed1,matched_early,1,v40c_04542,1,4,100,0.9,1.0,1.0,0.9,60a338ed887c15d94d3f274df39684c1dc6de68f9f29ba13f9f9cb4d6fbcd804
matched_early_seed1,matched_early,1,v40c_04543,1,5,100,0.8,1.0,1.0,0.8,60a338ed887c15d94d3f274df39684c1dc6de68f9f29ba13f9f9cb4d6fbcd804
matched_early_seed1,matched_early,1,v40c_04544,2,10,200,0.7315731573157316,1.0,1.0,0.76,60a338ed887c15d94d3f274df39684c1dc6de68f9f29ba13f9f9cb4d6fbcd804
matched_early_seed1,matched_early,1,v40c_04545,1,5,100,0.7851485148514852,1.0,1.0,0.8,60a338ed887c15d94d3f274df39684c1dc6de68f9f29ba13f9f9cb4d6fbcd804
matched_early_seed1,matched_early,1,v40c_04546,1,5,100,0.8445544554455445,1.0,1.0,0.86,60a338ed887c15d94d3f274df39684c1dc6de68f9f29ba13f9f9cb4d6fbcd804
matched_early_seed1,matched_early,1,v40c_04547,2,10,200,0.7985368536853685,1.0,1.0,0.8300000000000001,60a338ed887c15d94d3f274df39684c1dc6de68f9f29ba13f9f9cb4d6fbcd804
matched_early_seed1,matched_early,1,v40c_04548,1,5,100,0.7808580858085807,1.0,0.9669966996699667,0.8,60a338ed887c15d94d3f274df39684c1dc6de68f9f29ba13f9f9cb4d6fbcd804
matched_early_seed1,matched_early,1,v40c_04549,2,10,200,0.8366336633663366,1.0,1.0,0.85,60a338ed887c15d94d3f274df39684c1dc6de68f9f29ba13f9f9cb4d6fbcd804
matched_early_seed1,matched_early,1,v40c_04550,1,5,100,0.8,1.0,1.0,0.8,60a338ed887c15d94d3f274df39684c1dc6de68f9f29ba13f9f9cb4d6fbcd804
matched_early_seed1,matched_early,1,v40c_04551,1,5,100,0.8306930693069307,1.0,1.0,0.8400000000000001,60a338ed887c15d94d3f274df39684c1dc6de68f9f29ba13f9f9cb4d6fbcd804
matched_early_seed1,matched_early,1,v40c_04552,1,4,100,0.8252475247524753,1.0,1.0,0.85,60a338ed887c15d94d3f274df39684c1dc6de68f9f29ba13f9f9cb4d6fbcd804
matched_early_seed1,matched_early,1,v40c_04553,1,4,100,0.8257425742574258,1.0,1.0,0.825,60a338ed887c15d94d3f274df39684c1dc6de68f9f29ba13f9f9cb4d6fbcd804
matched_early_seed1,matched_early,1,v40c_04554,2,8,200,0.7435918591859185,0.944994499449945,0.944994499449945,0.8125,60a338ed887c15d94d3f274df39684c1dc6de68f9f29ba13f9f9cb4d6fbcd804
matched_early_seed1,matched_early,1,v40c_04555,1,3,100,0.7217821782178218,1.0,0.5544554455445545,0.7666666666666667,60a338ed887c15d94d3f274df39684c1dc6de68f9f29ba13f9f9cb4d6fbcd804
matched_early_seed1,matched_early,1,v40c_04556,4,12,400,0.6800990099009901,1.0,0.7174092409240925,0.7416666666666667,60a338ed887c15d94d3f274df39684c1dc6de68f9f29ba13f9f9cb4d6fbcd804
matched_early_seed1,matched_early,1,v40c_04557,1,3,100,0.6323432343234323,1.0,0.4422442244224422,0.7666666666666666,60a338ed887c15d94d3f274df39684c1dc6de68f9f29ba13f9f9cb4d6fbcd804
matched_early_seed1,matched_early,1,v40c_04558,1,3,100,0.6772277227722773,1.0,0.5544554455445545,0.7333333333333333,60a338ed887c15d94d3f274df39684c1dc6de68f9f29ba13f9f9cb4d6fbcd804
matched_early_seed1,matched_early,1,v40c_04559,2,6,200,0.6877887788778878,1.0,0.6633663366336634,0.7,60a338ed887c15d94d3f274df39684c1dc6de68f9f29ba13f9f9cb4d6fbcd804
matched_early_seed1,matched_early,1,v40c_04560,1,3,100,0.8336633663366337,1.0,1.0,0.8333333333333334,60a338ed887c15d94d3f274df39684c1dc6de68f9f29ba13f9f9cb4d6fbcd804
matched_early_seed1,matched_early,1,v40c_04561,1,3,100,0.7221122112211221,1.0,1.0,0.7666666666666666,60a338ed887c15d94d3f274df39684c1dc6de68f9f29ba13f9f9cb4d6fbcd804
matched_early_seed1,matched_early,1,v40c_04562,1,4,100,0.7937293729372937,1.0,0.7524752475247525,0.8,60a338ed887c15d94d3f274df39684c1dc6de68f9f29ba13f9f9cb4d6fbcd804
matched_early_seed1,matched_early,1,v40c_04563,1,4,100,0.6517326732673266,1.0,0.6905940594059405,0.7,60a338ed887c15d94d3f274df39684c1dc6de68f9f29ba13f9f9cb4d6fbcd804
matched_early_seed1,matched_early,1,v40c_04564,1,4,100,0.7029702970297029,1.0,1.0,0.75,60a338ed887c15d94d3f274df39684c1dc6de68f9f29ba13f9f9cb4d6fbcd804
matched_early_seed1,matched_early,1,v40c_04565,1,2,100,0.7252475247524752,1.0,1.0,0.75,60a338ed887c15d94d3f274df39684c1dc6de68f9f29ba13f9f9cb4d6fbcd804
matched_early_seed1,matched_early,1,v40c_04566,1,4,100,0.6386138613861386,1.0,1.0,0.675,60a338ed887c15d94d3f274df39684c1dc6de68f9f29ba13f9f9cb4d6fbcd804
matched_early_seed1,matched_early,1,v40c_04567,1,3,100,0.7336633663366336,1.0,1.0,0.7333333333333333,60a338ed887c15d94d3f274df39684c1dc6de68f9f29ba13f9f9cb4d6fbcd804
matched_early_seed1,matched_early,1,v40c_04568,1,3,100,0.7,1.0,1.0,0.7,60a338ed887c15d94d3f274df39684c1dc6de68f9f29ba13f9f9cb4d6fbcd804
matched_early_seed1,matched_early,1,v40c_04569,1,4,100,0.7035034272658035,1.0,0.7677075399847677,0.725,60a338ed887c15d94d3f274df39684c1dc6de68f9f29ba13f9f9cb4d6fbcd804
matched_early_seed1,matched_early,1,v40c_04570,1,3,100,0.6448844884488448,1.0,1.0,0.7333333333333332,60a338ed887c15d94d3f274df39684c1dc6de68f9f29ba13f9f9cb4d6fbcd804
matched_early_seed1,matched_early,1,v40c_04571,1,3,100,0.6772277227722773,1.0,0.5544554455445545,0.7333333333333333,60a338ed887c15d94d3f274df39684c1dc6de68f9f29ba13f9f9cb4d6fbcd804
matched_early_seed1,matched_early,1,v40c_04572,1,3,100,0.7118811881188118,1.0,0.5544554455445545,0.7333333333333332,60a338ed887c15d94d3f274df39684c1dc6de68f9f29ba13f9f9cb4d6fbcd804
matched_early_seed1,matched_early,1,v40c_04573,1,3,100,0.799009900990099,1.0,1.0,0.8,60a338ed887c15d94d3f274df39684c1dc6de68f9f29ba13f9f9cb4d6fbcd804
matched_early_seed1,matched_early,1,v40c_04574,1,4,100,0.8504950495049505,1.0,1.0,0.85,60a338ed887c15d94d3f274df39684c1dc6de68f9f29ba13f9f9cb4d6fbcd804
matched_early_seed1,matched_early,1,v40c_04575,1,4,100,0.7308580858085809,1.0,0.6287128712871287,0.775,60a338ed887c15d94d3f274df39684c1dc6de68f9f29ba13f9f9cb4d6fbcd804
matched_early_seed1,matched_early,1,v40c_04576,1,4,100,0.8252475247524753,1.0,1.0,0.85,60a338ed887c15d94d3f274df39684c1dc6de68f9f29ba13f9f9cb4d6fbcd804
matched_early_seed1,matched_early,1,v40c_04577,1,4,100,0.7943069306930692,1.0,1.0,0.825,60a338ed887c15d94d3f274df39684c1dc6de68f9f29ba13f9f9cb4d6fbcd804
matched_early_seed1,matched_early,1,v40c_04578,1,4,100,0.8071782178217821,1.0,1.0,0.825,60a338ed887c15d94d3f274df39684c1dc6de68f9f29ba13f9f9cb4d6fbcd804
matched_early_seed1,matched_early,1,v40c_04579,1,4,100,0.7202970297029703,1.0,0.6287128712871287,0.8,60a338ed887c15d94d3f274df39684c1dc6de68f9f29ba13f9f9cb4d6fbcd804
matched_early_seed1,matched_early,1,v40c_04580,1,4,100,0.7676567656765677,1.0,1.0,0.8,60a338ed887c15d94d3f274df39684c1dc6de68f9f29ba13f9f9cb4d6fbcd804
matched_early_seed1,matched_early,1,v40c_04581,1,4,100,0.7031876358367544,1.0,0.6905940594059405,0.75,60a338ed887c15d94d3f274df39684c1dc6de68f9f29ba13f9f9cb4d6fbcd804
matched_early_seed1,matched_early,1,v40c_04582,1,4,100,0.6514851485148514,1.0,0.7524752475247525,0.675,60a338ed887c15d94d3f274df39684c1dc6de68f9f29ba13f9f9cb4d6fbcd804
matched_early_seed1,matched_early,1,v40c_04583,1,4,100,0.7381188118811881,1.0,1.0,0.75,60a338ed887c15d94d3f274df39684c1dc6de68f9f29ba13f9f9cb4d6fbcd804
matched_early_seed1,matched_early,1,v40c_04584,1,4,100,0.8504950495049505,1.0,1.0,0.85,60a338ed887c15d94d3f274df39684c1dc6de68f9f29ba13f9f9cb4d6fbcd804
matched_early_seed1,matched_early,1,v40c_04585,2,9,200,0.7788228822882288,1.0,1.0,0.788888888888889,60a338ed887c15d94d3f274df39684c1dc6de68f9f29ba13f9f9cb4d6fbcd804
matched_early_seed1,matched_early,1,v40c_04586,1,5,100,0.8237623762376236,1.0,1.0,0.8399999999999999,60a338ed887c15d94d3f274df39684c1dc6de68f9f29ba13f9f9cb4d6fbcd804
matched_early_seed1,matched_early,1,v40c_04587,2,10,200,0.7551851613732802,0.9909990999099907,0.900990099009901,0.7699999999999999,60a338ed887c15d94d3f274df39684c1dc6de68f9f29ba13f9f9cb4d6fbcd804
matched_early_seed1,matched_early,1,v40c_04588,1,5,100,0.728052805280528,1.0,0.7623762376237624,0.8,60a338ed887c15d94d3f274df39684c1dc6de68f9f29ba13f9f9cb4d6fbcd804
matched_early_seed1,matched_early,1,v40c_04589,1,5,100,0.7336633663366336,1.0,1.0,0.76,60a338ed887c15d94d3f274df39684c1dc6de68f9f29ba13f9f9cb4d6fbcd804
matched_early_seed1,matched_early,1,v40c_04590,1,5,100,0.7425742574257426,1.0,0.801980198019802,0.74,60a338ed887c15d94d3f274df39684c1dc6de68f9f29ba13f9f9cb4d6fbcd804
matched_early_seed1,matched_early,1,v40c_04591,2,10,200,0.7325150821718327,0.9909990999099907,0.801980198019802,0.7699999999999999,60a338ed887c15d94d3f274df39684c1dc6de68f9f29ba13f9f9cb4d6fbcd804
matched_early_seed1,matched_early,1,v40c_04592,1,5,100,0.697029702970297,1.0,0.801980198019802,0.7,60a338ed887c15d94d3f274df39684c1dc6de68f9f29ba13f9f9cb4d6fbcd804
matched_early_seed1,matched_early,1,v40c_04593,1,5,100,0.7171617161716172,1.0,1.0,0.74,60a338ed887c15d94d3f274df39684c1dc6de68f9f29ba13f9f9cb4d6fbcd804
matched_early_seed1,matched_early,1,v40c_04594,2,8,200,0.6746346063177746,1.0,0.8403465346534653,0.725,60a338ed887c15d94d3f274df39684c1dc6de68f9f29ba13f9f9cb4d6fbcd804
matched_early_seed1,matched_early,1,v40c_04595,1,4,100,0.767986798679868,1.0,1.0,0.775,60a338ed887c15d94d3f274df39684c1dc6de68f9f29ba13f9f9cb4d6fbcd804
matched_early_seed1,matched_early,1,v40c_04596,1,4,100,0.8257425742574258,1.0,1.0,0.825,60a338ed887c15d94d3f274df39684c1dc6de68f9f29ba13f9f9cb4d6fbcd804
matched_early_seed1,matched_early,1,v40c_04597,1,4,100,0.8679867986798679,1.0,1.0,0.875,60a338ed887c15d94d3f274df39684c1dc6de68f9f29ba13f9f9cb4d6fbcd804
matched_early_seed1,matched_early,1,v40c_04598,1,4,100,0.8174917491749175,1.0,1.0,0.825,60a338ed887c15d94d3f274df39684c1dc6de68f9f29ba13f9f9cb4d6fbcd804
matched_early_seed1,matched_early,1,v40c_04599,1,3,100,0.8666666666666668,1.0,1.0,0.9,60a338ed887c15d94d3f274df39684c1dc6de68f9f29ba13f9f9cb4d6fbcd804
matched_early_seed1,matched_early,1,v40c_04600,1,3,100,0.8221122112211223,1.0,1.0,0.8666666666666666,60a338ed887c15d94d3f274df39684c1dc6de68f9f29ba13f9f9cb4d6fbcd804
matched_early_seed1,matched_early,1,v40c_04601,1,4,100,0.5513827244793446,0.7866165926937522,0.33663366336633666,0.675,60a338ed887c15d94d3f274df39684c1dc6de68f9f29ba13f9f9cb4d6fbcd804
matched_early_seed1,matched_early,1,v40c_04602,1,3,100,0.7336633663366336,1.0,0.5544554455445545,0.7666666666666666,60a338ed887c15d94d3f274df39684c1dc6de68f9f29ba13f9f9cb4d6fbcd804
matched_early_seed1,matched_early,1,v40c_04603,1,3,100,0.7217821782178218,1.0,0.5544554455445545,0.7666666666666667,60a338ed887c15d94d3f274df39684c1dc6de68f9f29ba13f9f9cb4d6fbcd804
matched_early_seed1,matched_early,1,v40c_04604,1,3,100,0.6221122112211221,1.0,0.5544554455445545,0.6666666666666666,60a338ed887c15d94d3f274df39684c1dc6de68f9f29ba13f9f9cb4d6fbcd804
matched_early_seed1,matched_early,1,v40c_04605,1,3,100,0.7326732673267327,1.0,0.6633663366336634,0.7333333333333333,60a338ed887c15d94d3f274df39684c1dc6de68f9f29ba13f9f9cb4d6fbcd804
matched_early_seed1,matched_early,1,v40c_04606,2,6,200,0.8312706270627064,1.0,1.0,0.85,60a338ed887c15d94d3f274df39684c1dc6de68f9f29ba13f9f9cb4d6fbcd804
matched_early_seed1,matched_early,1,v40c_04607,1,4,100,0.8257425742574258,1.0,1.0,0.825,60a338ed887c15d94d3f274df39684c1dc6de68f9f29ba13f9f9cb4d6fbcd804
matched_early_seed1,matched_early,1,v40c_04608,1,4,100,0.8381188118811881,1.0,1.0,0.85,60a338ed887c15d94d3f274df39684c1dc6de68f9f29ba13f9f9cb4d6fbcd804
matched_early_seed1,matched_early,1,v40c_04609,1,4,100,0.8381188118811881,1.0,1.0,0.85,60a338ed887c15d94d3f274df39684c1dc6de68f9f29ba13f9f9cb4d6fbcd804
matched_early_seed1,matched_early,1,v40c_04610,1,4,100,0.8504950495049505,1.0,1.0,0.85,60a338ed887c15d94d3f274df39684c1dc6de68f9f29ba13f9f9cb4d6fbcd804
matched_early_seed1,matched_early,1,v40c_04611,1,4,100,0.8504950495049505,1.0,1.0,0.85,60a338ed887c15d94d3f274df39684c1dc6de68f9f29ba13f9f9cb4d6fbcd804
matched_early_seed1,matched_early,1,v40c_04612,1,4,100,0.8381188118811881,1.0,1.0,0.85,60a338ed887c15d94d3f274df39684c1dc6de68f9f29ba13f9f9cb4d6fbcd804
matched_early_seed1,matched_early,1,v40c_04613,2,10,200,0.6827952987606454,0.9819981998199818,0.7743716679360244,0.78,60a338ed887c15d94d3f274df39684c1dc6de68f9f29ba13f9f9cb4d6fbcd804
matched_early_seed1,matched_early,1,v40c_04614,1,5,100,0.7321782178217822,1.0,0.801980198019802,0.74,60a338ed887c15d94d3f274df39684c1dc6de68f9f29ba13f9f9cb4d6fbcd804
matched_early_seed1,matched_early,1,v40c_04615,1,4,100,0.6648514851485148,0.8556105610561057,0.8556105610561057,0.75,60a338ed887c15d94d3f274df39684c1dc6de68f9f29ba13f9f9cb4d6fbcd804
matched_early_seed1,matched_early,1,v40c_04616,1,3,100,0.6792644978783591,0.865346534653465,0.735502121640735,0.8,60a338ed887c15d94d3f274df39684c1dc6de68f9f29ba13f9f9cb4d6fbcd804
matched_early_seed1,matched_early,1,v40c_04617,2,4,200,0.9,1.0,1.0,0.9,60a338ed887c15d94d3f274df39684c1dc6de68f9f29ba13f9f9cb4d6fbcd804
matched_early_seed1,matched_early,1,v40c_04618,1,2,100,0.9504950495049505,1.0,1.0,0.95,60a338ed887c15d94d3f274df39684c1dc6de68f9f29ba13f9f9cb4d6fbcd804
matched_early_seed1,matched_early,1,v40c_04619,1,2,100,0.9252475247524753,1.0,1.0,0.95,60a338ed887c15d94d3f274df39684c1dc6de68f9f29ba13f9f9cb4d6fbcd804
matched_early_seed1,matched_early,1,v40c_04620,1,2,100,0.9,1.0,1.0,0.9,60a338ed887c15d94d3f274df39684c1dc6de68f9f29ba13f9f9cb4d6fbcd804
matched_early_seed1,matched_early,1,v40c_04621,1,2,100,0.9,1.0,1.0,0.9,60a338ed887c15d94d3f274df39684c1dc6de68f9f29ba13f9f9cb4d6fbcd804
matched_early_seed1,matched_early,1,v40c_04622,1,2,100,0.9,1.0,1.0,0.9,60a338ed887c15d94d3f274df39684c1dc6de68f9f29ba13f9f9cb4d6fbcd804
matched_early_seed1,matched_early,1,v40c_04649,1,4,100,0.5436405178979438,0.8286367098248286,0.504950495049505,0.625,60a338ed887c15d94d3f274df39684c1dc6de68f9f29ba13f9f9cb4d6fbcd804
matched_early_seed1,matched_early,1,v40c_04650,1,3,100,0.9,1.0,1.0,0.9,60a338ed887c15d94d3f274df39684c1dc6de68f9f29ba13f9f9cb4d6fbcd804
matched_early_seed1,matched_early,1,v40c_04651,1,3,100,0.7554455445544555,1.0,1.0,0.7999999999999999,60a338ed887c15d94d3f274df39684c1dc6de68f9f29ba13f9f9cb4d6fbcd804
matched_early_seed1,matched_early,1,v40c_04652,1,3,100,0.8673267326732674,1.0,1.0,0.8666666666666668,60a338ed887c15d94d3f274df39684c1dc6de68f9f29ba13f9f9cb4d6fbcd804
matched_early_seed1,matched_early,1,v40c_04653,1,2,100,0.9,1.0,1.0,0.9,60a338ed887c15d94d3f274df39684c1dc6de68f9f29ba13f9f9cb4d6fbcd804
matched_early_seed1,matched_early,1,v40c_04654,1,3,100,0.5688900468994268,0.7165190203230849,0.7165190203230849,0.7666666666666666,60a338ed887c15d94d3f274df39684c1dc6de68f9f29ba13f9f9cb4d6fbcd804
matched_early_seed1,matched_early,1,v40c_04655,1,2,100,0.9,1.0,1.0,0.9,60a338ed887c15d94d3f274df39684c1dc6de68f9f29ba13f9f9cb4d6fbcd804
matched_early_seed1,matched_early,1,v40c_04656,2,4,200,0.7762376237623763,1.0,1.0,0.775,60a338ed887c15d94d3f274df39684c1dc6de68f9f29ba13f9f9cb4d6fbcd804
matched_early_seed1,matched_early,1,v40c_04657,1,2,100,0.8252475247524753,1.0,1.0,0.85,60a338ed887c15d94d3f274df39684c1dc6de68f9f29ba13f9f9cb4d6fbcd804
matched_early_seed1,matched_early,1,v40c_04658,4,10,400,0.7183875530410184,1.0,1.0,0.73,60a338ed887c15d94d3f274df39684c1dc6de68f9f29ba13f9f9cb4d6fbcd804
matched_early_seed1,matched_early,1,v40c_04659,2,7,200,0.6882838283828383,0.9257425742574258,0.8514851485148515,0.7428571428571428,60a338ed887c15d94d3f274df39684c1dc6de68f9f29ba13f9f9cb4d6fbcd804
matched_early_seed1,matched_early,1,v40c_04660,2,6,200,0.688527817067421,0.9759547383309762,0.8737623762376238,0.7833333333333334,60a338ed887c15d94d3f274df39684c1dc6de68f9f29ba13f9f9cb4d6fbcd804
matched_early_seed1,matched_early,1,v40c_04661,1,3,100,0.7168316831683168,1.0,1.0,0.7333333333333333,60a338ed887c15d94d3f274df39684c1dc6de68f9f29ba13f9f9cb4d6fbcd804
matched_early_seed1,matched_early,1,v40c_04662,1,3,100,0.7112211221122112,1.0,1.0,0.7333333333333333,60a338ed887c15d94d3f274df39684c1dc6de68f9f29ba13f9f9cb4d6fbcd804
matched_early_seed1,matched_early,1,v40c_04663,3,11,300,0.7460183875530411,0.9917491749174919,0.9917491749174919,0.7727272727272727,60a338ed887c15d94d3f274df39684c1dc6de68f9f29ba13f9f9cb4d6fbcd804
matched_early_seed1,matched_early,1,v40c_04664,1,3,100,0.699009900990099,1.0,0.6633663366336634,0.7,60a338ed887c15d94d3f274df39684c1dc6de68f9f29ba13f9f9cb4d6fbcd804
matched_early_seed1,matched_early,1,v40c_04665,1,3,100,0.7554455445544555,1.0,1.0,0.7666666666666666,60a338ed887c15d94d3f274df39684c1dc6de68f9f29ba13f9f9cb4d6fbcd804
matched_early_seed1,matched_early,1,v40c_04666,1,3,100,0.800990099009901,1.0,1.0,0.7999999999999999,60a338ed887c15d94d3f274df39684c1dc6de68f9f29ba13f9f9cb4d6fbcd804
matched_early_seed1,matched_early,1,v40c_04667,1,3,100,0.7224422442244224,1.0,1.0,0.7666666666666666,60a338ed887c15d94d3f274df39684c1dc6de68f9f29ba13f9f9cb4d6fbcd804
matched_early_seed1,matched_early,1,v40c_04668,1,3,100,0.7891089108910891,1.0,1.0,0.7999999999999999,60a338ed887c15d94d3f274df39684c1dc6de68f9f29ba13f9f9cb4d6fbcd804
matched_early_seed1,matched_early,1,v40c_04669,1,3,100,0.6673267326732674,1.0,1.0,0.7333333333333332,60a338ed887c15d94d3f274df39684c1dc6de68f9f29ba13f9f9cb4d6fbcd804
matched_early_seed1,matched_early,1,v40c_04670,1,4,100,0.7425742574257426,1.0,1.0,0.775,60a338ed887c15d94d3f274df39684c1dc6de68f9f29ba13f9f9cb4d6fbcd804
matched_early_seed1,matched_early,1,v40c_04671,2,7,200,0.6667609618104667,0.9108910891089109,0.9108910891089109,0.7857142857142858,60a338ed887c15d94d3f274df39684c1dc6de68f9f29ba13f9f9cb4d6fbcd804
matched_early_seed1,matched_early,1,v40c_04672,1,3,100,0.657920792079208,0.9158415841584159,0.9158415841584159,0.7666666666666666,60a338ed887c15d94d3f274df39684c1dc6de68f9f29ba13f9f9cb4d6fbcd804
matched_early_seed1,matched_early,1,v40c_04673,1,3,100,0.7891089108910891,1.0,1.0,0.7999999999999999,60a338ed887c15d94d3f274df39684c1dc6de68f9f29ba13f9f9cb4d6fbcd804
matched_early_seed1,matched_early,1,v40c_04674,1,3,100,0.8168316831683168,1.0,1.0,0.8333333333333334,60a338ed887c15d94d3f274df39684c1dc6de68f9f29ba13f9f9cb4d6fbcd804
matched_early_seed1,matched_early,1,v40c_04675,1,4,100,0.7564356435643564,1.0,1.0,0.775,60a338ed887c15d94d3f274df39684c1dc6de68f9f29ba13f9f9cb4d6fbcd804
matched_early_seed1,matched_early,1,v40c_04676,1,4,100,0.7693069306930693,1.0,1.0,0.8,60a338ed887c15d94d3f274df39684c1dc6de68f9f29ba13f9f9cb4d6fbcd804
matched_early_seed1,matched_early,1,v40c_04677,2,8,200,0.7572842998585573,1.0,1.0,0.7875,60a338ed887c15d94d3f274df39684c1dc6de68f9f29ba13f9f9cb4d6fbcd804
matched_early_seed1,matched_early,1,v40c_04678,2,8,200,0.8304455445544555,1.0,1.0,0.8625,60a338ed887c15d94d3f274df39684c1dc6de68f9f29ba13f9f9cb4d6fbcd804
matched_early_seed1,matched_early,1,v40c_04679,1,4,100,0.7663366336633664,0.9504950495049505,0.9504950495049505,0.825,60a338ed887c15d94d3f274df39684c1dc6de68f9f29ba13f9f9cb4d6fbcd804
matched_early_seed1,matched_early,1,v40c_04680,3,9,300,0.8409240924092408,1.0,1.0,0.8444444444444444,60a338ed887c15d94d3f274df39684c1dc6de68f9f29ba13f9f9cb4d6fbcd804
matched_early_seed1,matched_early,1,v40c_04681,1,3,100,0.8442244224422442,1.0,1.0,0.8666666666666666,60a338ed887c15d94d3f274df39684c1dc6de68f9f29ba13f9f9cb4d6fbcd804
matched_early_seed1,matched_early,1,v40c_04682,1,3,100,0.699009900990099,1.0,0.6633663366336634,0.7,60a338ed887c15d94d3f274df39684c1dc6de68f9f29ba13f9f9cb4d6fbcd804
matched_early_seed1,matched_early,1,v40c_04683,1,3,100,0.8653465346534654,1.0,1.0,0.8666666666666666,60a338ed887c15d94d3f274df39684c1dc6de68f9f29ba13f9f9cb4d6fbcd804
matched_early_seed1,matched_early,1,v40c_04684,1,3,100,0.8673267326732674,1.0,1.0,0.8666666666666668,60a338ed887c15d94d3f274df39684c1dc6de68f9f29ba13f9f9cb4d6fbcd804
matched_early_seed1,matched_early,1,v40c_04685,1,3,100,0.699009900990099,0.9158415841584159,0.9158415841584159,0.7666666666666666,60a338ed887c15d94d3f274df39684c1dc6de68f9f29ba13f9f9cb4d6fbcd804
matched_early_seed1,matched_early,1,v40c_04686,1,3,100,0.6222772277227723,0.7896039603960396,0.6633663366336634,0.6666666666666667,60a338ed887c15d94d3f274df39684c1dc6de68f9f29ba13f9f9cb4d6fbcd804
matched_early_seed1,matched_early,1,v40c_04687,1,3,100,0.6605091937765206,0.865346534653465,0.6633663366336634,0.7333333333333333,60a338ed887c15d94d3f274df39684c1dc6de68f9f29ba13f9f9cb4d6fbcd804
matched_early_seed1,matched_early,1,v40c_04688,1,3,100,0.6305061275358305,0.7551755175517552,0.7022086824067021,0.8333333333333333,60a338ed887c15d94d3f274df39684c1dc6de68f9f29ba13f9f9cb4d6fbcd804
matched_early_seed1,matched_early,1,v40c_04689,1,3,100,0.7499292786421499,0.8076379066478078,0.8076379066478078,0.8666666666666666,60a338ed887c15d94d3f274df39684c1dc6de68f9f29ba13f9f9cb4d6fbcd804
matched_early_seed1,matched_early,1,v40c_04690,1,3,100,0.8158415841584159,1.0,0.9158415841584159,0.8666666666666666,60a338ed887c15d94d3f274df39684c1dc6de68f9f29ba13f9f9cb4d6fbcd804
matched_early_seed1,matched_early,1,v40c_04691,1,3,100,0.799009900990099,1.0,1.0,0.8,60a338ed887c15d94d3f274df39684c1dc6de68f9f29ba13f9f9cb4d6fbcd804
matched_early_seed1,matched_early,1,v40c_04692,1,3,100,0.799009900990099,1.0,1.0,0.8,60a338ed887c15d94d3f274df39684c1dc6de68f9f29ba13f9f9cb4d6fbcd804
matched_early_seed1,matched_early,1,v40c_04693,1,3,100,0.8,1.0,1.0,0.7999999999999999,60a338ed887c15d94d3f274df39684c1dc6de68f9f29ba13f9f9cb4d6fbcd804
matched_early_seed1,matched_early,1,v40c_04694,1,2,100,0.8504950495049505,1.0,1.0,0.85,60a338ed887c15d94d3f274df39684c1dc6de68f9f29ba13f9f9cb4d6fbcd804
matched_early_seed1,matched_early,1,v40c_04695,1,2,100,0.8504950495049505,1.0,1.0,0.85,60a338ed887c15d94d3f274df39684c1dc6de68f9f29ba13f9f9cb4d6fbcd804
matched_early_seed1,matched_early,1,v40c_04696,5,8,500,0.7636853685368534,0.9742574257425741,0.8737807114044733,0.8625,60a338ed887c15d94d3f274df39684c1dc6de68f9f29ba13f9f9cb4d6fbcd804
matched_early_seed1,matched_early,1,v40c_04697,1,1,100,0.7999999999999999,0.9999999999999999,0.9999999999999999,0.8,60a338ed887c15d94d3f274df39684c1dc6de68f9f29ba13f9f9cb4d6fbcd804
matched_early_seed1,matched_early,1,v40c_04698,1,1,100,0.9999999999999998,0.9999999999999999,0.9999999999999999,1.0,60a338ed887c15d94d3f274df39684c1dc6de68f9f29ba13f9f9cb4d6fbcd804
matched_early_seed1,matched_early,1,v40c_04699,1,1,100,0.8999999999999998,0.9999999999999999,0.9999999999999999,0.9,60a338ed887c15d94d3f274df39684c1dc6de68f9f29ba13f9f9cb4d6fbcd804
matched_early_seed1,matched_early,1,v40c_04700,1,1,100,0.8999999999999998,0.9999999999999999,0.9999999999999999,0.9,60a338ed887c15d94d3f274df39684c1dc6de68f9f29ba13f9f9cb4d6fbcd804
matched_early_seed1,matched_early,1,v40c_04701,3,3,300,0.8554455445544555,1.0,1.0,0.8666666666666666,60a338ed887c15d94d3f274df39684c1dc6de68f9f29ba13f9f9cb4d6fbcd804
matched_early_seed1,matched_early,1,v40c_04702,1,1,100,0.7999999999999999,0.9999999999999999,0.9999999999999999,0.8,60a338ed887c15d94d3f274df39684c1dc6de68f9f29ba13f9f9cb4d6fbcd804
matched_early_seed1,matched_early,1,v40c_04703,1,2,100,0.8514851485148514,1.0,1.0,0.85,60a338ed887c15d94d3f274df39684c1dc6de68f9f29ba13f9f9cb4d6fbcd804
matched_early_seed1,matched_early,1,v40c_04704,3,5,300,0.6613861386138613,0.9009900990099009,0.9009900990099009,0.76,60a338ed887c15d94d3f274df39684c1dc6de68f9f29ba13f9f9cb4d6fbcd804
matched_early_seed1,matched_early,1,v40c_04705,1,3,100,0.6142857142857142,1.0,0.5544554455445545,0.6666666666666666,60a338ed887c15d94d3f274df39684c1dc6de68f9f29ba13f9f9cb4d6fbcd804
matched_early_seed1,matched_early,1,v40c_04706,1,2,100,0.4054455445544555,0.45049504950495056,0.45049504950495056,0.9,60a338ed887c15d94d3f274df39684c1dc6de68f9f29ba13f9f9cb4d6fbcd804
matched_early_seed1,matched_early,1,v40c_04707,1,2,100,0.4848184818481848,0.834983498349835,0.16831683168316833,0.7,60a338ed887c15d94d3f274df39684c1dc6de68f9f29ba13f9f9cb4d6fbcd804
matched_early_seed1,matched_early,1,v40c_04708,1,3,100,0.30742574257425737,0.4702970297029704,0.4422442244224422,0.5999999999999999,60a338ed887c15d94d3f274df39684c1dc6de68f9f29ba13f9f9cb4d6fbcd804
matched_early_seed1,matched_early,1,v40c_04709,2,2,200,0.3126237623762376,0.5,0.5,0.65,60a338ed887c15d94d3f274df39684c1dc6de68f9f29ba13f9f9cb4d6fbcd804
matched_early_seed1,matched_early,1,v40c_04710,1,1,100,0.35,0.5,0.5,0.7,60a338ed887c15d94d3f274df39684c1dc6de68f9f29ba13f9f9cb4d6fbcd804
matched_early_seed1,matched_early,1,v40c_04711,1,1,100,0.4,0.5,0.5,0.8,60a338ed887c15d94d3f274df39684c1dc6de68f9f29ba13f9f9cb4d6fbcd804
matched_early_seed1,matched_early,1,v40c_04712,1,2,100,0.35786578657865775,0.5269526952695268,0.5049504950495048,0.45,60a338ed887c15d94d3f274df39684c1dc6de68f9f29ba13f9f9cb4d6fbcd804
matched_early_seed1,matched_early,1,v40c_04713,1,2,100,0.48646864686468627,0.6699669966996696,0.5049504950495048,0.65,60a338ed887c15d94d3f274df39684c1dc6de68f9f29ba13f9f9cb4d6fbcd804
matched_early_seed1,matched_early,1,v40c_04714,1,1,100,0.45,0.5,0.5,0.9,60a338ed887c15d94d3f274df39684c1dc6de68f9f29ba13f9f9cb4d6fbcd804
matched_early_seed1,matched_early,1,v40c_04715,1,1,100,0.7999999999999999,0.9999999999999999,0.9999999999999999,0.8,60a338ed887c15d94d3f274df39684c1dc6de68f9f29ba13f9f9cb4d6fbcd804
matched_early_seed1,matched_early,1,v40c_04716,1,2,100,0.7184818481848184,0.834983498349835,0.834983498349835,0.85,60a338ed887c15d94d3f274df39684c1dc6de68f9f29ba13f9f9cb4d6fbcd804
matched_early_seed1,matched_early,1,v40c_04717,1,2,100,0.7514851485148515,1.0,1.0,0.75,60a338ed887c15d94d3f274df39684c1dc6de68f9f29ba13f9f9cb4d6fbcd804
matched_early_seed1,matched_early,1,v40c_04718,1,2,100,0.8,1.0,1.0,0.8,60a338ed887c15d94d3f274df39684c1dc6de68f9f29ba13f9f9cb4d6fbcd804
matched_early_seed1,matched_early,1,v40c_04719,1,2,100,0.7,1.0,1.0,0.7,60a338ed887c15d94d3f274df39684c1dc6de68f9f29ba13f9f9cb4d6fbcd804
matched_early_seed1,matched_early,1,v40c_04720,1,2,100,0.8,1.0,1.0,0.8,60a338ed887c15d94d3f274df39684c1dc6de68f9f29ba13f9f9cb4d6fbcd804
matched_early_seed1,matched_early,1,v40c_04721,1,2,100,0.7252475247524752,1.0,1.0,0.75,60a338ed887c15d94d3f274df39684c1dc6de68f9f29ba13f9f9cb4d6fbcd804
matched_early_seed1,matched_early,1,v40c_04722,1,2,100,0.8,1.0,1.0,0.8,60a338ed887c15d94d3f274df39684c1dc6de68f9f29ba13f9f9cb4d6fbcd804
matched_early_seed1,matched_early,1,v40c_04723,1,2,100,0.6504950495049504,1.0,1.0,0.7,60a338ed887c15d94d3f274df39684c1dc6de68f9f29ba13f9f9cb4d6fbcd804
matched_early_seed1,matched_early,1,v40c_04724,1,2,100,0.600990099009901,1.0,0.5049504950495048,0.6,60a338ed887c15d94d3f274df39684c1dc6de68f9f29ba13f9f9cb4d6fbcd804
matched_early_seed1,matched_early,1,v40c_04725,1,2,100,0.7514851485148515,1.0,1.0,0.75,60a338ed887c15d94d3f274df39684c1dc6de68f9f29ba13f9f9cb4d6fbcd804
matched_early_seed1,matched_early,1,v40c_04726,1,2,100,0.7504950495049505,1.0,1.0,0.75,60a338ed887c15d94d3f274df39684c1dc6de68f9f29ba13f9f9cb4d6fbcd804
matched_early_seed1,matched_early,1,v40c_04727,1,3,100,0.5935973597359736,1.0,0.7564356435643562,0.7,60a338ed887c15d94d3f274df39684c1dc6de68f9f29ba13f9f9cb4d6fbcd804
matched_early_seed1,matched_early,1,v40c_04728,1,3,100,0.5905940594059406,0.9158415841584159,0.7755775577557755,0.7,60a338ed887c15d94d3f274df39684c1dc6de68f9f29ba13f9f9cb4d6fbcd804
matched_early_seed1,matched_early,1,v40c_04729,2,6,200,0.7475907590759076,1.0,1.0,0.7833333333333334,60a338ed887c15d94d3f274df39684c1dc6de68f9f29ba13f9f9cb4d6fbcd804
matched_early_seed1,matched_early,1,v40c_04730,1,4,100,0.7564356435643564,1.0,1.0,0.775,60a338ed887c15d94d3f274df39684c1dc6de68f9f29ba13f9f9cb4d6fbcd804
matched_early_seed1,matched_early,1,v40c_04731,1,4,100,0.700990099009901,1.0,1.0,0.725,60a338ed887c15d94d3f274df39684c1dc6de68f9f29ba13f9f9cb4d6fbcd804
matched_early_seed1,matched_early,1,v40c_04732,1,4,100,0.7633663366336634,1.0,1.0,0.775,60a338ed887c15d94d3f274df39684c1dc6de68f9f29ba13f9f9cb4d6fbcd804
matched_early_seed1,matched_early,1,v40c_04733,1,4,100,0.742904290429043,1.0,0.7524752475247525,0.775,60a338ed887c15d94d3f274df39684c1dc6de68f9f29ba13f9f9cb4d6fbcd804
matched_early_seed1,matched_early,1,v40c_04734,1,3,100,0.8,1.0,1.0,0.7999999999999999,60a338ed887c15d94d3f274df39684c1dc6de68f9f29ba13f9f9cb4d6fbcd804
matched_early_seed1,matched_early,1,v40c_04735,1,3,100,0.7221122112211221,1.0,1.0,0.7666666666666666,60a338ed887c15d94d3f274df39684c1dc6de68f9f29ba13f9f9cb4d6fbcd804
matched_early_seed1,matched_early,1,v40c_04736,1,3,100,0.6887788778877887,1.0,0.5544554455445545,0.7666666666666666,60a338ed887c15d94d3f274df39684c1dc6de68f9f29ba13f9f9cb4d6fbcd804
matched_early_seed1,matched_early,1,v40c_04737,1,3,100,0.6063531353135313,0.8341584158415841,0.8341584158415841,0.7666666666666666,60a338ed887c15d94d3f274df39684c1dc6de68f9f29ba13f9f9cb4d6fbcd804
matched_early_seed1,matched_early,1,v40c_04738,1,4,100,0.7597359735973598,1.0,1.0,0.775,60a338ed887c15d94d3f274df39684c1dc6de68f9f29ba13f9f9cb4d6fbcd804
matched_early_seed1,matched_early,1,v40c_04739,1,4,100,0.7690594059405941,1.0,1.0,0.775,60a338ed887c15d94d3f274df39684c1dc6de68f9f29ba13f9f9cb4d6fbcd804
matched_early_seed1,matched_early,1,v40c_04740,2,5,200,0.7613861386138612,0.9669966996699667,0.9669966996699667,0.78,60a338ed887c15d94d3f274df39684c1dc6de68f9f29ba13f9f9cb4d6fbcd804
matched_early_seed1,matched_early,1,v40c_04741,1,2,100,0.9009900990099009,1.0,1.0,0.9,60a338ed887c15d94d3f274df39684c1dc6de68f9f29ba13f9f9cb4d6fbcd804
matched_early_seed1,matched_early,1,v40c_04742,1,2,100,0.9252475247524753,1.0,1.0,0.95,60a338ed887c15d94d3f274df39684c1dc6de68f9f29ba13f9f9cb4d6fbcd804
matched_early_seed1,matched_early,1,v40c_04743,1,3,100,0.7891089108910891,1.0,1.0,0.7999999999999999,60a338ed887c15d94d3f274df39684c1dc6de68f9f29ba13f9f9cb4d6fbcd804
matched_early_seed1,matched_early,1,v40c_04744,1,3,100,0.761056105610561,1.0,1.0,0.7999999999999999,60a338ed887c15d94d3f274df39684c1dc6de68f9f29ba13f9f9cb4d6fbcd804
matched_early_seed1,matched_early,1,v40c_04745,1,2,100,0.9,1.0,1.0,0.9,60a338ed887c15d94d3f274df39684c1dc6de68f9f29ba13f9f9cb4d6fbcd804
matched_early_seed1,matched_early,1,v40c_04746,1,2,100,0.9,1.0,1.0,0.9,60a338ed887c15d94d3f274df39684c1dc6de68f9f29ba13f9f9cb4d6fbcd804
matched_early_seed1,matched_early,1,v40c_04747,1,2,100,0.8504950495049505,1.0,1.0,0.85,60a338ed887c15d94d3f274df39684c1dc6de68f9f29ba13f9f9cb4d6fbcd804
matched_early_seed1,matched_early,1,v40c_04748,1,3,100,0.9168316831683168,1.0,1.0,0.9333333333333333,60a338ed887c15d94d3f274df39684c1dc6de68f9f29ba13f9f9cb4d6fbcd804
matched_early_seed1,matched_early,1,v40c_04749,1,2,100,0.8,1.0,1.0,0.8,60a338ed887c15d94d3f274df39684c1dc6de68f9f29ba13f9f9cb4d6fbcd804
matched_early_seed1,matched_early,1,v40c_04750,1,3,100,0.7445544554455445,1.0,1.0,0.7666666666666666,60a338ed887c15d94d3f274df39684c1dc6de68f9f29ba13f9f9cb4d6fbcd804
matched_early_seed1,matched_early,1,v40c_04763,3,4,300,0.6986798679867987,0.9504950495049505,0.8762376237623762,0.75,60a338ed887c15d94d3f274df39684c1dc6de68f9f29ba13f9f9cb4d6fbcd804
matched_early_seed1,matched_early,1,v40c_04768,2,6,200,0.567307120056268,1.0,0.6797158199426503,0.6666666666666666,60a338ed887c15d94d3f274df39684c1dc6de68f9f29ba13f9f9cb4d6fbcd804
matched_early_seed1,matched_early,1,v40c_04796,15,26,1500,0.7902449860370653,1.0,0.9588728103579589,0.8153846153846154,60a338ed887c15d94d3f274df39684c1dc6de68f9f29ba13f9f9cb4d6fbcd804
matched_early_seed1,matched_early,1,v40c_04843,2,4,200,0.8633663366336632,1.0,1.0,0.875,60a338ed887c15d94d3f274df39684c1dc6de68f9f29ba13f9f9cb4d6fbcd804
matched_early_seed1,matched_early,1,v40c_04846,1,4,100,0.7762376237623763,1.0,1.0,0.775,60a338ed887c15d94d3f274df39684c1dc6de68f9f29ba13f9f9cb4d6fbcd804
matched_early_seed1,matched_early,1,v40c_04847,1,3,100,0.810891089108911,1.0,1.0,0.8333333333333333,60a338ed887c15d94d3f274df39684c1dc6de68f9f29ba13f9f9cb4d6fbcd804
matched_early_seed1,matched_early,1,v40c_04848,1,3,100,0.8831683168316831,1.0,1.0,0.9,60a338ed887c15d94d3f274df39684c1dc6de68f9f29ba13f9f9cb4d6fbcd804
matched_early_seed1,matched_early,1,v40c_04849,1,1,100,0.8999999999999998,0.9999999999999999,0.9999999999999999,0.9,60a338ed887c15d94d3f274df39684c1dc6de68f9f29ba13f9f9cb4d6fbcd804
matched_early_seed1,matched_early,1,v40c_04850,1,1,100,0.7999999999999999,0.9999999999999999,0.9999999999999999,0.8,60a338ed887c15d94d3f274df39684c1dc6de68f9f29ba13f9f9cb4d6fbcd804
matched_early_seed1,matched_early,1,v40c_04851,2,2,200,0.8252475247524753,1.0,1.0,0.85,60a338ed887c15d94d3f274df39684c1dc6de68f9f29ba13f9f9cb4d6fbcd804
matched_early_seed1,matched_early,1,v40c_04852,1,1,100,0.9999999999999998,0.9999999999999999,0.9999999999999999,1.0,60a338ed887c15d94d3f274df39684c1dc6de68f9f29ba13f9f9cb4d6fbcd804
matched_early_seed1,matched_early,1,v40c_04853,1,1,100,0.8999999999999998,0.9999999999999999,0.9999999999999999,0.9,60a338ed887c15d94d3f274df39684c1dc6de68f9f29ba13f9f9cb4d6fbcd804
matched_early_seed1,matched_early,1,v40c_04854,1,1,100,0.8999999999999998,0.9999999999999999,0.9999999999999999,0.9,60a338ed887c15d94d3f274df39684c1dc6de68f9f29ba13f9f9cb4d6fbcd804
matched_early_seed1,matched_early,1,v40c_04855,1,1,100,0.7999999999999999,0.9999999999999999,0.9999999999999999,0.8,60a338ed887c15d94d3f274df39684c1dc6de68f9f29ba13f9f9cb4d6fbcd804
matched_early_seed1,matched_early,1,v40c_04856,1,1,100,0.7999999999999999,0.9999999999999999,0.9999999999999999,0.8,60a338ed887c15d94d3f274df39684c1dc6de68f9f29ba13f9f9cb4d6fbcd804
matched_early_seed1,matched_early,1,v40c_04857,2,2,200,0.8504950495049505,1.0,1.0,0.85,60a338ed887c15d94d3f274df39684c1dc6de68f9f29ba13f9f9cb4d6fbcd804
matched_early_seed1,matched_early,1,v40c_04858,1,1,100,0.7,0.9999999999999999,0.9999999999999999,0.7,60a338ed887c15d94d3f274df39684c1dc6de68f9f29ba13f9f9cb4d6fbcd804
matched_early_seed1,matched_early,1,v40c_04859,1,1,100,0.7999999999999999,0.9999999999999999,0.9999999999999999,0.8,60a338ed887c15d94d3f274df39684c1dc6de68f9f29ba13f9f9cb4d6fbcd804
matched_early_seed1,matched_early,1,v40c_04860,1,1,100,0.7999999999999999,0.9999999999999999,0.9999999999999999,0.8,60a338ed887c15d94d3f274df39684c1dc6de68f9f29ba13f9f9cb4d6fbcd804
matched_early_seed1,matched_early,1,v40c_04861,1,2,100,0.8009900990099009,1.0,1.0,0.8,60a338ed887c15d94d3f274df39684c1dc6de68f9f29ba13f9f9cb4d6fbcd804
matched_early_seed1,matched_early,1,v40c_04862,2,4,200,0.7465346534653465,1.0,1.0,0.775,60a338ed887c15d94d3f274df39684c1dc6de68f9f29ba13f9f9cb4d6fbcd804
matched_early_seed1,matched_early,1,v40c_04863,1,2,100,0.8,1.0,1.0,0.8,60a338ed887c15d94d3f274df39684c1dc6de68f9f29ba13f9f9cb4d6fbcd804
matched_early_seed1,matched_early,1,v40c_04864,1,2,100,0.7252475247524752,1.0,1.0,0.75,60a338ed887c15d94d3f274df39684c1dc6de68f9f29ba13f9f9cb4d6fbcd804
matched_early_seed1,matched_early,1,v40c_04865,1,2,100,0.8252475247524753,1.0,1.0,0.85,60a338ed887c15d94d3f274df39684c1dc6de68f9f29ba13f9f9cb4d6fbcd804
matched_early_seed1,matched_early,1,v40c_04866,1,2,100,0.8,1.0,1.0,0.8,60a338ed887c15d94d3f274df39684c1dc6de68f9f29ba13f9f9cb4d6fbcd804
matched_early_seed1,matched_early,1,v40c_04867,1,2,100,0.9009900990099009,1.0,1.0,0.9,60a338ed887c15d94d3f274df39684c1dc6de68f9f29ba13f9f9cb4d6fbcd804
matched_early_seed1,matched_early,1,v40c_04868,2,4,200,0.8628712871287127,1.0,1.0,0.875,60a338ed887c15d94d3f274df39684c1dc6de68f9f29ba13f9f9cb4d6fbcd804
matched_early_seed1,matched_early,1,v40c_04869,1,3,100,0.7326732673267327,1.0,0.6633663366336634,0.7333333333333333,60a338ed887c15d94d3f274df39684c1dc6de68f9f29ba13f9f9cb4d6fbcd804
matched_early_seed1,matched_early,1,v40c_04870,1,3,100,0.7445544554455445,1.0,1.0,0.7666666666666666,60a338ed887c15d94d3f274df39684c1dc6de68f9f29ba13f9f9cb4d6fbcd804
matched_early_seed1,matched_early,1,v40c_04871,1,3,100,0.7663366336633664,1.0,1.0,0.8,60a338ed887c15d94d3f274df39684c1dc6de68f9f29ba13f9f9cb4d6fbcd804
matched_early_seed1,matched_early,1,v40c_04872,1,3,100,0.8336633663366337,1.0,1.0,0.8333333333333334,60a338ed887c15d94d3f274df39684c1dc6de68f9f29ba13f9f9cb4d6fbcd804
matched_early_seed1,matched_early,1,v40c_04873,1,3,100,0.761056105610561,1.0,1.0,0.7999999999999999,60a338ed887c15d94d3f274df39684c1dc6de68f9f29ba13f9f9cb4d6fbcd804
matched_early_seed1,matched_early,1,v40c_04874,2,6,200,0.8031353135313533,1.0,1.0,0.8166666666666667,60a338ed887c15d94d3f274df39684c1dc6de68f9f29ba13f9f9cb4d6fbcd804
matched_early_seed1,matched_early,1,v40c_04875,1,3,100,0.5737623762376238,1.0,0.33663366336633654,0.5999999999999999,60a338ed887c15d94d3f274df39684c1dc6de68f9f29ba13f9f9cb4d6fbcd804
matched_early_seed1,matched_early,1,v40c_04876,2,4,200,0.8102310231023102,1.0,0.7524752475247525,0.825,60a338ed887c15d94d3f274df39684c1dc6de68f9f29ba13f9f9cb4d6fbcd804
matched_early_seed1,matched_early,1,v40c_04877,1,2,100,0.7524752475247524,1.0,0.5049504950495048,0.75,60a338ed887c15d94d3f274df39684c1dc6de68f9f29ba13f9f9cb4d6fbcd804
matched_early_seed1,matched_early,1,v40c_04878,1,2,100,0.8514851485148514,1.0,1.0,0.85,60a338ed887c15d94d3f274df39684c1dc6de68f9f29ba13f9f9cb4d6fbcd804
matched_early_seed1,matched_early,1,v40c_04879,1,2,100,0.700990099009901,1.0,1.0,0.7,60a338ed887c15d94d3f274df39684c1dc6de68f9f29ba13f9f9cb4d6fbcd804
matched_early_seed1,matched_early,1,v40c_04880,1,2,100,0.8504950495049505,1.0,1.0,0.85,60a338ed887c15d94d3f274df39684c1dc6de68f9f29ba13f9f9cb4d6fbcd804
matched_early_seed1,matched_early,1,v40c_04881,1,1,100,0.7999999999999999,0.9999999999999999,0.9999999999999999,0.8,60a338ed887c15d94d3f274df39684c1dc6de68f9f29ba13f9f9cb4d6fbcd804
matched_early_seed1,matched_early,1,v40c_04882,1,1,100,0.8999999999999998,0.9999999999999999,0.9999999999999999,0.9,60a338ed887c15d94d3f274df39684c1dc6de68f9f29ba13f9f9cb4d6fbcd804
matched_early_seed1,matched_early,1,v40c_04883,1,1,100,0.8999999999999998,0.9999999999999999,0.9999999999999999,0.9,60a338ed887c15d94d3f274df39684c1dc6de68f9f29ba13f9f9cb4d6fbcd804
matched_early_seed1,matched_early,1,v40c_04884,1,2,100,0.7,1.0,1.0,0.7,60a338ed887c15d94d3f274df39684c1dc6de68f9f29ba13f9f9cb4d6fbcd804
matched_early_seed1,matched_early,1,v40c_04885,1,2,100,0.6055162659123055,1.0,0.5049504950495048,0.65,60a338ed887c15d94d3f274df39684c1dc6de68f9f29ba13f9f9cb4d6fbcd804
matched_early_seed1,matched_early,1,v40c_04886,2,4,200,0.6511551155115511,1.0,0.7524752475247525,0.7,60a338ed887c15d94d3f274df39684c1dc6de68f9f29ba13f9f9cb4d6fbcd804
matched_early_seed1,matched_early,1,v40c_04887,1,2,100,0.9009900990099009,1.0,1.0,0.9,60a338ed887c15d94d3f274df39684c1dc6de68f9f29ba13f9f9cb4d6fbcd804
matched_early_seed1,matched_early,1,v40c_04888,1,2,100,0.7524752475247524,1.0,0.5049504950495048,0.75,60a338ed887c15d94d3f274df39684c1dc6de68f9f29ba13f9f9cb4d6fbcd804
matched_early_seed1,matched_early,1,v40c_04889,1,1,100,0.8999999999999998,0.9999999999999999,0.9999999999999999,0.9,60a338ed887c15d94d3f274df39684c1dc6de68f9f29ba13f9f9cb4d6fbcd804
matched_early_seed1,matched_early,1,v40c_04890,1,1,100,0.8999999999999998,0.9999999999999999,0.9999999999999999,0.9,60a338ed887c15d94d3f274df39684c1dc6de68f9f29ba13f9f9cb4d6fbcd804
matched_early_seed1,matched_early,1,v40c_04891,1,1,100,0.8999999999999998,0.9999999999999999,0.9999999999999999,0.9,60a338ed887c15d94d3f274df39684c1dc6de68f9f29ba13f9f9cb4d6fbcd804
matched_early_seed1,matched_early,1,v40c_04892,1,1,100,0.7999999999999999,0.9999999999999999,0.9999999999999999,0.8,60a338ed887c15d94d3f274df39684c1dc6de68f9f29ba13f9f9cb4d6fbcd804
matched_early_seed1,matched_early,1,v40c_04893,1,2,100,0.605123369479805,1.0,0.5206663523495205,0.7,60a338ed887c15d94d3f274df39684c1dc6de68f9f29ba13f9f9cb4d6fbcd804
matched_early_seed1,matched_early,1,v40c_04894,1,2,100,0.7504950495049505,1.0,1.0,0.75,60a338ed887c15d94d3f274df39684c1dc6de68f9f29ba13f9f9cb4d6fbcd804
matched_early_seed1,matched_early,1,v40c_04895,1,2,100,0.7,1.0,1.0,0.7,60a338ed887c15d94d3f274df39684c1dc6de68f9f29ba13f9f9cb4d6fbcd804
matched_early_seed1,matched_early,1,v40c_04896,1,1,100,0.7999999999999999,0.9999999999999999,0.9999999999999999,0.8,60a338ed887c15d94d3f274df39684c1dc6de68f9f29ba13f9f9cb4d6fbcd804
matched_early_seed1,matched_early,1,v40c_04897,1,1,100,0.7,0.9999999999999999,0.9999999999999999,0.7,60a338ed887c15d94d3f274df39684c1dc6de68f9f29ba13f9f9cb4d6fbcd804
matched_early_seed1,matched_early,1,v40c_04898,1,1,100,0.5999999999999999,0.9999999999999999,0.9999999999999999,0.6,60a338ed887c15d94d3f274df39684c1dc6de68f9f29ba13f9f9cb4d6fbcd804
matched_early_seed1,matched_early,1,v40c_04899,1,1,100,0.7,0.9999999999999999,0.9999999999999999,0.7,60a338ed887c15d94d3f274df39684c1dc6de68f9f29ba13f9f9cb4d6fbcd804
matched_early_seed1,matched_early,1,v40c_04900,1,1,100,0.7,0.9999999999999999,0.9999999999999999,0.7,60a338ed887c15d94d3f274df39684c1dc6de68f9f29ba13f9f9cb4d6fbcd804
matched_early_seed1,matched_early,1,v40c_05100,1,15,100,0.707012848343658,0.9308386721025045,0.8059732443832619,0.7666666666666667,60a338ed887c15d94d3f274df39684c1dc6de68f9f29ba13f9f9cb4d6fbcd804
matched_early_seed1,matched_early,1,v40c_05490,3,11,300,0.7656769962710557,0.905876301915906,0.905876301915906,0.8636363636363636,60a338ed887c15d94d3f274df39684c1dc6de68f9f29ba13f9f9cb4d6fbcd804
matched_early_seed1,matched_early,1,v40c_05493,2,5,200,0.7524752475247525,1.0,1.0,0.8,60a338ed887c15d94d3f274df39684c1dc6de68f9f29ba13f9f9cb4d6fbcd804
matched_early_seed1,matched_early,1,v40c_05494,1,2,100,0.8252475247524753,1.0,1.0,0.85,60a338ed887c15d94d3f274df39684c1dc6de68f9f29ba13f9f9cb4d6fbcd804
matched_early_seed1,matched_early,1,v40c_05495,1,1,100,0.7,0.9999999999999999,0.9999999999999999,0.7,60a338ed887c15d94d3f274df39684c1dc6de68f9f29ba13f9f9cb4d6fbcd804
matched_early_seed1,matched_early,1,v40c_05496,1,2,100,0.5524752475247524,0.7524752475247525,0.7524752475247525,0.7,60a338ed887c15d94d3f274df39684c1dc6de68f9f29ba13f9f9cb4d6fbcd804
matched_early_seed1,matched_early,1,v40c_05497,4,5,400,0.715955826351866,0.8781416603198783,0.8781416603198783,0.8400000000000001,60a338ed887c15d94d3f274df39684c1dc6de68f9f29ba13f9f9cb4d6fbcd804
matched_early_seed1,matched_early,1,v40c_05498,1,1,100,0.7,0.9999999999999999,0.9999999999999999,0.7,60a338ed887c15d94d3f274df39684c1dc6de68f9f29ba13f9f9cb4d6fbcd804
matched_early_seed1,matched_early,1,v40c_05499,2,2,200,0.8,1.0,1.0,0.8,60a338ed887c15d94d3f274df39684c1dc6de68f9f29ba13f9f9cb4d6fbcd804
matched_early_seed1,matched_early,1,v40c_05500,2,2,200,0.8252475247524753,1.0,1.0,0.85,60a338ed887c15d94d3f274df39684c1dc6de68f9f29ba13f9f9cb4d6fbcd804
matched_early_seed1,matched_early,1,v40c_05501,5,5,500,0.6608910891089108,1.0,1.0,0.72,60a338ed887c15d94d3f274df39684c1dc6de68f9f29ba13f9f9cb4d6fbcd804
matched_early_seed1,matched_early,1,v40c_05502,1,1,100,0.8999999999999998,0.9999999999999999,0.9999999999999999,0.9,60a338ed887c15d94d3f274df39684c1dc6de68f9f29ba13f9f9cb4d6fbcd804
matched_early_seed1,matched_early,1,v40c_05503,1,1,100,0.7999999999999999,0.9999999999999999,0.9999999999999999,0.8,60a338ed887c15d94d3f274df39684c1dc6de68f9f29ba13f9f9cb4d6fbcd804
matched_early_seed1,matched_early,1,v40c_05504,2,2,200,0.8009900990099009,1.0,1.0,0.8,60a338ed887c15d94d3f274df39684c1dc6de68f9f29ba13f9f9cb4d6fbcd804
matched_early_seed1,matched_early,1,v40c_05505,1,1,100,0.5999999999999999,0.9999999999999999,0.9999999999999999,0.6,60a338ed887c15d94d3f274df39684c1dc6de68f9f29ba13f9f9cb4d6fbcd804
matched_early_seed1,matched_early,1,v40c_05506,1,1,100,0.7,0.9999999999999999,0.9999999999999999,0.7,60a338ed887c15d94d3f274df39684c1dc6de68f9f29ba13f9f9cb4d6fbcd804
matched_early_seed1,matched_early,1,v40c_05507,2,2,200,0.6,1.0,1.0,0.6,60a338ed887c15d94d3f274df39684c1dc6de68f9f29ba13f9f9cb4d6fbcd804
matched_early_seed1,matched_early,1,v40c_05508,3,3,300,0.6108910891089109,1.0,0.5544554455445545,0.6333333333333333,60a338ed887c15d94d3f274df39684c1dc6de68f9f29ba13f9f9cb4d6fbcd804
matched_early_seed1,matched_early,1,v40c_05509,1,1,100,0.5999999999999999,0.9999999999999999,0.9999999999999999,0.6,60a338ed887c15d94d3f274df39684c1dc6de68f9f29ba13f9f9cb4d6fbcd804
matched_early_seed1,matched_early,1,v40c_05510,1,1,100,0.7,0.9999999999999999,0.9999999999999999,0.7,60a338ed887c15d94d3f274df39684c1dc6de68f9f29ba13f9f9cb4d6fbcd804
matched_early_seed1,matched_early,1,v40c_05511,1,1,100,0.04615384615384614,0.0769230769230769,0.0769230769230769,0.6,60a338ed887c15d94d3f274df39684c1dc6de68f9f29ba13f9f9cb4d6fbcd804
