run_id,variant,seed,component_id,images,gt_boxes,detections,ap50_95,ap50,ap75,ar100,checkpoint_sha256
ra_no_moddrop_seed2,ra_no_moddrop,2,v40c_00124,1,3,100,0.7554455445544555,1.0,1.0,0.7666666666666666,5968bd0509826dc04bde8e59e0d227812be3a3f805fbfee4559e119c441a4875
ra_no_moddrop_seed2,ra_no_moddrop,2,v40c_00125,1,2,100,0.5184818481848185,0.834983498349835,0.5049504950495048,0.6,5968bd0509826dc04bde8e59e0d227812be3a3f805fbfee4559e119c441a4875
ra_no_moddrop_seed2,ra_no_moddrop,2,v40c_00126,1,2,100,0.6504950495049504,1.0,1.0,0.7,5968bd0509826dc04bde8e59e0d227812be3a3f805fbfee4559e119c441a4875
ra_no_moddrop_seed2,ra_no_moddrop,2,v40c_00127,1,3,100,0.5905940594059406,1.0,0.7475247524752475,0.7333333333333333,5968bd0509826dc04bde8e59e0d227812be3a3f805fbfee4559e119c441a4875
ra_no_moddrop_seed2,ra_no_moddrop,2,v40c_00128,2,6,200,0.537184265010352,0.9759547383309762,0.31215382407805997,0.6333333333333333,5968bd0509826dc04bde8e59e0d227812be3a3f805fbfee4559e119c441a4875
ra_no_moddrop_seed2,ra_no_moddrop,2,v40c_00129,1,3,100,0.5702208682406702,1.0,0.7022086824067021,0.6,5968bd0509826dc04bde8e59e0d227812be3a3f805fbfee4559e119c441a4875
ra_no_moddrop_seed2,ra_no_moddrop,2,v40c_00130,1,3,100,0.40792079207920795,0.9158415841584159,0.3316831683168317,0.5666666666666667,5968bd0509826dc04bde8e59e0d227812be3a3f805fbfee4559e119c441a4875
ra_no_moddrop_seed2,ra_no_moddrop,2,v40c_00131,1,2,100,0.600990099009901,1.0,0.2524752475247525,0.7,5968bd0509826dc04bde8e59e0d227812be3a3f805fbfee4559e119c441a4875
ra_no_moddrop_seed2,ra_no_moddrop,2,v40c_00132,1,2,100,0.7,1.0,1.0,0.7,5968bd0509826dc04bde8e59e0d227812be3a3f805fbfee4559e119c441a4875
ra_no_moddrop_seed2,ra_no_moddrop,2,v40c_00133,1,2,100,0.37574257425742574,1.0,0.2524752475247525,0.45,5968bd0509826dc04bde8e59e0d227812be3a3f805fbfee4559e119c441a4875
ra_no_moddrop_seed2,ra_no_moddrop,2,v40c_00134,1,2,100,0.7,1.0,1.0,0.7,5968bd0509826dc04bde8e59e0d227812be3a3f805fbfee4559e119c441a4875
ra_no_moddrop_seed2,ra_no_moddrop,2,v40c_00135,1,2,100,0.6514851485148514,1.0,0.5049504950495048,0.65,5968bd0509826dc04bde8e59e0d227812be3a3f805fbfee4559e119c441a4875
ra_no_moddrop_seed2,ra_no_moddrop,2,v40c_00136,1,2,100,0.7504950495049505,1.0,1.0,0.75,5968bd0509826dc04bde8e59e0d227812be3a3f805fbfee4559e119c441a4875
ra_no_moddrop_seed2,ra_no_moddrop,2,v40c_00137,1,2,100,0.6391089108910891,1.0,0.6287128712871287,0.75,5968bd0509826dc04bde8e59e0d227812be3a3f805fbfee4559e119c441a4875
ra_no_moddrop_seed2,ra_no_moddrop,2,v40c_00138,1,2,100,0.2524752475247524,0.5049504950495048,0.2524752475247525,0.3,5968bd0509826dc04bde8e59e0d227812be3a3f805fbfee4559e119c441a4875
ra_no_moddrop_seed2,ra_no_moddrop,2,v40c_00139,1,2,100,0.4039603960396039,0.5049504950495048,0.5049504950495048,0.4,5968bd0509826dc04bde8e59e0d227812be3a3f805fbfee4559e119c441a4875
ra_no_moddrop_seed2,ra_no_moddrop,2,v40c_00140,2,4,200,0.3668036614982253,0.5096207733980945,0.504950495049505,0.4,5968bd0509826dc04bde8e59e0d227812be3a3f805fbfee4559e119c441a4875
ra_no_moddrop_seed2,ra_no_moddrop,2,v40c_00141,1,1,100,0.5999999999999999,0.9999999999999999,0.9999999999999999,0.6,5968bd0509826dc04bde8e59e0d227812be3a3f805fbfee4559e119c441a4875
ra_no_moddrop_seed2,ra_no_moddrop,2,v40c_00142,1,0,100,0.0,0.0,0.0,0.0,5968bd0509826dc04bde8e59e0d227812be3a3f805fbfee4559e119c441a4875
ra_no_moddrop_seed2,ra_no_moddrop,2,v40c_00143,1,0,100,0.0,0.0,0.0,0.0,5968bd0509826dc04bde8e59e0d227812be3a3f805fbfee4559e119c441a4875
ra_no_moddrop_seed2,ra_no_moddrop,2,v40c_00144,1,0,100,0.0,0.0,0.0,0.0,5968bd0509826dc04bde8e59e0d227812be3a3f805fbfee4559e119c441a4875
ra_no_moddrop_seed2,ra_no_moddrop,2,v40c_00145,2,1,200,0.3,0.5,0.5,0.6,5968bd0509826dc04bde8e59e0d227812be3a3f805fbfee4559e119c441a4875
ra_no_moddrop_seed2,ra_no_moddrop,2,v40c_00146,1,1,100,0.4999999999999999,0.9999999999999999,0.0,0.5,5968bd0509826dc04bde8e59e0d227812be3a3f805fbfee4559e119c441a4875
ra_no_moddrop_seed2,ra_no_moddrop,2,v40c_00147,1,0,100,0.0,0.0,0.0,0.0,5968bd0509826dc04bde8e59e0d227812be3a3f805fbfee4559e119c441a4875
ra_no_moddrop_seed2,ra_no_moddrop,2,v40c_00148,1,1,100,0.5999999999999999,0.9999999999999999,0.9999999999999999,0.6,5968bd0509826dc04bde8e59e0d227812be3a3f805fbfee4559e119c441a4875
ra_no_moddrop_seed2,ra_no_moddrop,2,v40c_00149,1,1,100,0.7,0.9999999999999999,0.9999999999999999,0.7,5968bd0509826dc04bde8e59e0d227812be3a3f805fbfee4559e119c441a4875
ra_no_moddrop_seed2,ra_no_moddrop,2,v40c_00150,1,1,100,0.7,0.9999999999999999,0.9999999999999999,0.7,5968bd0509826dc04bde8e59e0d227812be3a3f805fbfee4559e119c441a4875
ra_no_moddrop_seed2,ra_no_moddrop,2,v40c_00151,1,1,100,0.7,0.9999999999999999,0.9999999999999999,0.7,5968bd0509826dc04bde8e59e0d227812be3a3f805fbfee4559e119c441a4875
ra_no_moddrop_seed2,ra_no_moddrop,2,v40c_00152,1,1,100,0.7,0.9999999999999999,0.9999999999999999,0.7,5968bd0509826dc04bde8e59e0d227812be3a3f805fbfee4559e119c441a4875
ra_no_moddrop_seed2,ra_no_moddrop,2,v40c_00153,1,1,100,0.5999999999999999,0.9999999999999999,0.9999999999999999,0.6,5968bd0509826dc04bde8e59e0d227812be3a3f805fbfee4559e119c441a4875
ra_no_moddrop_seed2,ra_no_moddrop,2,v40c_00154,1,1,100,0.7,0.9999999999999999,0.9999999999999999,0.7,5968bd0509826dc04bde8e59e0d227812be3a3f805fbfee4559e119c441a4875
ra_no_moddrop_seed2,ra_no_moddrop,2,v40c_00155,1,1,100,0.8999999999999998,0.9999999999999999,0.9999999999999999,0.9,5968bd0509826dc04bde8e59e0d227812be3a3f805fbfee4559e119c441a4875
ra_no_moddrop_seed2,ra_no_moddrop,2,v40c_00156,1,1,100,0.7999999999999999,0.9999999999999999,0.9999999999999999,0.8,5968bd0509826dc04bde8e59e0d227812be3a3f805fbfee4559e119c441a4875
ra_no_moddrop_seed2,ra_no_moddrop,2,v40c_00157,5,5,500,0.7722772277227723,1.0,1.0,0.78,5968bd0509826dc04bde8e59e0d227812be3a3f805fbfee4559e119c441a4875
ra_no_moddrop_seed2,ra_no_moddrop,2,v40c_00158,1,1,100,0.8999999999999998,0.9999999999999999,0.9999999999999999,0.9,5968bd0509826dc04bde8e59e0d227812be3a3f805fbfee4559e119c441a4875
ra_no_moddrop_seed2,ra_no_moddrop,2,v40c_00159,1,1,100,0.8999999999999998,0.9999999999999999,0.9999999999999999,0.9,5968bd0509826dc04bde8e59e0d227812be3a3f805fbfee4559e119c441a4875
ra_no_moddrop_seed2,ra_no_moddrop,2,v40c_00160,1,1,100,0.8999999999999998,0.9999999999999999,0.9999999999999999,0.9,5968bd0509826dc04bde8e59e0d227812be3a3f805fbfee4559e119c441a4875
ra_no_moddrop_seed2,ra_no_moddrop,2,v40c_00161,1,1,100,0.8999999999999998,0.9999999999999999,0.9999999999999999,0.9,5968bd0509826dc04bde8e59e0d227812be3a3f805fbfee4559e119c441a4875
ra_no_moddrop_seed2,ra_no_moddrop,2,v40c_00162,1,2,100,0.5544554455445543,0.7524752475247525,0.5049504950495048,0.6,5968bd0509826dc04bde8e59e0d227812be3a3f805fbfee4559e119c441a4875
ra_no_moddrop_seed2,ra_no_moddrop,2,v40c_00163,1,1,100,0.8999999999999998,0.9999999999999999,0.9999999999999999,0.9,5968bd0509826dc04bde8e59e0d227812be3a3f805fbfee4559e119c441a4875
ra_no_moddrop_seed2,ra_no_moddrop,2,v40c_00164,5,5,500,0.7830975954738327,0.9434229137199429,0.9434229137199429,0.8399999999999999,5968bd0509826dc04bde8e59e0d227812be3a3f805fbfee4559e119c441a4875
ra_no_moddrop_seed2,ra_no_moddrop,2,v40c_00165,1,1,100,0.7999999999999999,0.9999999999999999,0.9999999999999999,0.8,5968bd0509826dc04bde8e59e0d227812be3a3f805fbfee4559e119c441a4875
ra_no_moddrop_seed2,ra_no_moddrop,2,v40c_00166,1,1,100,0.8999999999999998,0.9999999999999999,0.9999999999999999,0.9,5968bd0509826dc04bde8e59e0d227812be3a3f805fbfee4559e119c441a4875
ra_no_moddrop_seed2,ra_no_moddrop,2,v40c_00167,1,1,100,0.7999999999999999,0.9999999999999999,0.9999999999999999,0.8,5968bd0509826dc04bde8e59e0d227812be3a3f805fbfee4559e119c441a4875
ra_no_moddrop_seed2,ra_no_moddrop,2,v40c_00168,1,1,100,0.20000000000000004,0.3333333333333334,0.3333333333333334,0.6,5968bd0509826dc04bde8e59e0d227812be3a3f805fbfee4559e119c441a4875
ra_no_moddrop_seed2,ra_no_moddrop,2,v40c_00169,1,1,100,0.048333333333333325,0.09999999999999998,0.0,0.5,5968bd0509826dc04bde8e59e0d227812be3a3f805fbfee4559e119c441a4875
ra_no_moddrop_seed2,ra_no_moddrop,2,v40c_00170,1,1,100,0.015125,0.039999999999999994,0.0,0.5,5968bd0509826dc04bde8e59e0d227812be3a3f805fbfee4559e119c441a4875
ra_no_moddrop_seed2,ra_no_moddrop,2,v40c_00171,1,1,100,0.7999999999999999,0.9999999999999999,0.9999999999999999,0.8,5968bd0509826dc04bde8e59e0d227812be3a3f805fbfee4559e119c441a4875
ra_no_moddrop_seed2,ra_no_moddrop,2,v40c_00172,1,1,100,0.8999999999999998,0.9999999999999999,0.9999999999999999,0.9,5968bd0509826dc04bde8e59e0d227812be3a3f805fbfee4559e119c441a4875
ra_no_moddrop_seed2,ra_no_moddrop,2,v40c_00173,1,1,100,0.175,0.5,0.125,0.8,5968bd0509826dc04bde8e59e0d227812be3a3f805fbfee4559e119c441a4875
ra_no_moddrop_seed2,ra_no_moddrop,2,v40c_00174,2,1,200,0.027329192546583846,0.0714285714285714,0.0,0.5,5968bd0509826dc04bde8e59e0d227812be3a3f805fbfee4559e119c441a4875
ra_no_moddrop_seed2,ra_no_moddrop,2,v40c_00175,1,0,100,0.0,0.0,0.0,0.0,5968bd0509826dc04bde8e59e0d227812be3a3f805fbfee4559e119c441a4875
ra_no_moddrop_seed2,ra_no_moddrop,2,v40c_00263,15,7,1500,0.850919377652051,1.0,1.0,0.8714285714285713,5968bd0509826dc04bde8e59e0d227812be3a3f805fbfee4559e119c441a4875
ra_no_moddrop_seed2,ra_no_moddrop,2,v40c_00264,5,0,500,0.0,0.0,0.0,0.0,5968bd0509826dc04bde8e59e0d227812be3a3f805fbfee4559e119c441a4875
ra_no_moddrop_seed2,ra_no_moddrop,2,v40c_00265,5,0,500,0.0,0.0,0.0,0.0,5968bd0509826dc04bde8e59e0d227812be3a3f805fbfee4559e119c441a4875
ra_no_moddrop_seed2,ra_no_moddrop,2,v40c_00266,9,5,900,0.27821854553876435,0.48349834983498335,0.2953867755196573,0.62,5968bd0509826dc04bde8e59e0d227812be3a3f805fbfee4559e119c441a4875
ra_no_moddrop_seed2,ra_no_moddrop,2,v40c_00267,2,2,200,0.16810466760961804,0.2857142857142856,0.12623762376237624,0.6,5968bd0509826dc04bde8e59e0d227812be3a3f805fbfee4559e119c441a4875
ra_no_moddrop_seed2,ra_no_moddrop,2,v40c_00268,2,2,200,0.09709570957095708,0.23432343234323427,0.0,0.45,5968bd0509826dc04bde8e59e0d227812be3a3f805fbfee4559e119c441a4875
ra_no_moddrop_seed2,ra_no_moddrop,2,v40c_00269,3,0,300,0.0,0.0,0.0,0.0,5968bd0509826dc04bde8e59e0d227812be3a3f805fbfee4559e119c441a4875
ra_no_moddrop_seed2,ra_no_moddrop,2,v40c_00270,1,0,100,0.0,0.0,0.0,0.0,5968bd0509826dc04bde8e59e0d227812be3a3f805fbfee4559e119c441a4875
ra_no_moddrop_seed2,ra_no_moddrop,2,v40c_00271,37,22,3700,0.36844053883444217,0.6911256566617545,0.2220536395800274,0.5909090909090909,5968bd0509826dc04bde8e59e0d227812be3a3f805fbfee4559e119c441a4875
ra_no_moddrop_seed2,ra_no_moddrop,2,v40c_00327,2,5,200,0.734983498349835,1.0,0.801980198019802,0.74,5968bd0509826dc04bde8e59e0d227812be3a3f805fbfee4559e119c441a4875
ra_no_moddrop_seed2,ra_no_moddrop,2,v40c_00328,2,5,200,0.6920084865629421,0.9257425742574258,0.801980198019802,0.74,5968bd0509826dc04bde8e59e0d227812be3a3f805fbfee4559e119c441a4875
ra_no_moddrop_seed2,ra_no_moddrop,2,v40c_00329,1,3,100,0.7663366336633664,1.0,1.0,0.7666666666666666,5968bd0509826dc04bde8e59e0d227812be3a3f805fbfee4559e119c441a4875
ra_no_moddrop_seed2,ra_no_moddrop,2,v40c_00330,4,12,400,0.7457142857142858,1.0,0.9108910891089109,0.7833333333333334,5968bd0509826dc04bde8e59e0d227812be3a3f805fbfee4559e119c441a4875
ra_no_moddrop_seed2,ra_no_moddrop,2,v40c_00331,3,9,300,0.7514851485148515,1.0,1.0,0.7888888888888889,5968bd0509826dc04bde8e59e0d227812be3a3f805fbfee4559e119c441a4875
ra_no_moddrop_seed2,ra_no_moddrop,2,v40c_00332,1,3,100,0.8663366336633663,1.0,1.0,0.8666666666666666,5968bd0509826dc04bde8e59e0d227812be3a3f805fbfee4559e119c441a4875
ra_no_moddrop_seed2,ra_no_moddrop,2,v40c_00333,1,3,100,0.8442244224422442,1.0,1.0,0.8666666666666666,5968bd0509826dc04bde8e59e0d227812be3a3f805fbfee4559e119c441a4875
ra_no_moddrop_seed2,ra_no_moddrop,2,v40c_00334,1,3,100,0.7653465346534654,1.0,0.6633663366336634,0.7666666666666667,5968bd0509826dc04bde8e59e0d227812be3a3f805fbfee4559e119c441a4875
ra_no_moddrop_seed2,ra_no_moddrop,2,v40c_00335,1,3,100,0.6316831683168317,0.8316831683168316,0.6633663366336634,0.7,5968bd0509826dc04bde8e59e0d227812be3a3f805fbfee4559e119c441a4875
ra_no_moddrop_seed2,ra_no_moddrop,2,v40c_00336,1,2,100,0.9009900990099009,1.0,1.0,0.9,5968bd0509826dc04bde8e59e0d227812be3a3f805fbfee4559e119c441a4875
ra_no_moddrop_seed2,ra_no_moddrop,2,v40c_00337,1,2,100,0.7504950495049505,1.0,1.0,0.8,5968bd0509826dc04bde8e59e0d227812be3a3f805fbfee4559e119c441a4875
ra_no_moddrop_seed2,ra_no_moddrop,2,v40c_00338,1,2,100,0.9,1.0,1.0,0.9,5968bd0509826dc04bde8e59e0d227812be3a3f805fbfee4559e119c441a4875
ra_no_moddrop_seed2,ra_no_moddrop,2,v40c_00339,1,2,100,0.8252475247524753,1.0,1.0,0.85,5968bd0509826dc04bde8e59e0d227812be3a3f805fbfee4559e119c441a4875
ra_no_moddrop_seed2,ra_no_moddrop,2,v40c_00340,1,2,100,0.8252475247524753,1.0,1.0,0.85,5968bd0509826dc04bde8e59e0d227812be3a3f805fbfee4559e119c441a4875
ra_no_moddrop_seed2,ra_no_moddrop,2,v40c_00341,1,2,100,0.8,1.0,1.0,0.8,5968bd0509826dc04bde8e59e0d227812be3a3f805fbfee4559e119c441a4875
ra_no_moddrop_seed2,ra_no_moddrop,2,v40c_00342,1,2,100,0.8,1.0,1.0,0.8,5968bd0509826dc04bde8e59e0d227812be3a3f805fbfee4559e119c441a4875
ra_no_moddrop_seed2,ra_no_moddrop,2,v40c_00343,1,2,100,0.8,1.0,1.0,0.8,5968bd0509826dc04bde8e59e0d227812be3a3f805fbfee4559e119c441a4875
ra_no_moddrop_seed2,ra_no_moddrop,2,v40c_00344,1,2,100,0.7,1.0,1.0,0.7,5968bd0509826dc04bde8e59e0d227812be3a3f805fbfee4559e119c441a4875
ra_no_moddrop_seed2,ra_no_moddrop,2,v40c_00345,2,4,200,0.6528288543140031,0.9009900990099011,0.7241867043847245,0.875,5968bd0509826dc04bde8e59e0d227812be3a3f805fbfee4559e119c441a4875
ra_no_moddrop_seed2,ra_no_moddrop,2,v40c_00346,1,3,100,0.666831683168317,0.9158415841584159,0.9158415841584159,0.7333333333333333,5968bd0509826dc04bde8e59e0d227812be3a3f805fbfee4559e119c441a4875
ra_no_moddrop_seed2,ra_no_moddrop,2,v40c_00347,1,3,100,0.7336633663366336,1.0,1.0,0.7666666666666666,5968bd0509826dc04bde8e59e0d227812be3a3f805fbfee4559e119c441a4875
ra_no_moddrop_seed2,ra_no_moddrop,2,v40c_00348,1,2,100,0.600990099009901,1.0,0.2524752475247525,0.7,5968bd0509826dc04bde8e59e0d227812be3a3f805fbfee4559e119c441a4875
ra_no_moddrop_seed2,ra_no_moddrop,2,v40c_00349,1,2,100,0.7757425742574257,1.0,1.0,0.85,5968bd0509826dc04bde8e59e0d227812be3a3f805fbfee4559e119c441a4875
ra_no_moddrop_seed2,ra_no_moddrop,2,v40c_00350,1,2,100,0.8252475247524753,1.0,1.0,0.85,5968bd0509826dc04bde8e59e0d227812be3a3f805fbfee4559e119c441a4875
ra_no_moddrop_seed2,ra_no_moddrop,2,v40c_00351,1,2,100,0.6504950495049504,1.0,1.0,0.7,5968bd0509826dc04bde8e59e0d227812be3a3f805fbfee4559e119c441a4875
ra_no_moddrop_seed2,ra_no_moddrop,2,v40c_00352,1,2,100,0.8514851485148514,1.0,1.0,0.85,5968bd0509826dc04bde8e59e0d227812be3a3f805fbfee4559e119c441a4875
ra_no_moddrop_seed2,ra_no_moddrop,2,v40c_00353,1,2,100,0.8,1.0,1.0,0.8,5968bd0509826dc04bde8e59e0d227812be3a3f805fbfee4559e119c441a4875
ra_no_moddrop_seed2,ra_no_moddrop,2,v40c_00354,1,2,100,0.8504950495049505,1.0,1.0,0.85,5968bd0509826dc04bde8e59e0d227812be3a3f805fbfee4559e119c441a4875
ra_no_moddrop_seed2,ra_no_moddrop,2,v40c_00355,1,2,100,0.8,1.0,1.0,0.8,5968bd0509826dc04bde8e59e0d227812be3a3f805fbfee4559e119c441a4875
ra_no_moddrop_seed2,ra_no_moddrop,2,v40c_00356,1,2,100,0.7,1.0,1.0,0.7,5968bd0509826dc04bde8e59e0d227812be3a3f805fbfee4559e119c441a4875
ra_no_moddrop_seed2,ra_no_moddrop,2,v40c_00357,1,2,100,0.8,1.0,1.0,0.8,5968bd0509826dc04bde8e59e0d227812be3a3f805fbfee4559e119c441a4875
ra_no_moddrop_seed2,ra_no_moddrop,2,v40c_00358,1,2,100,0.7504950495049505,1.0,1.0,0.75,5968bd0509826dc04bde8e59e0d227812be3a3f805fbfee4559e119c441a4875
ra_no_moddrop_seed2,ra_no_moddrop,2,v40c_00359,1,2,100,0.6514851485148514,1.0,0.5049504950495048,0.65,5968bd0509826dc04bde8e59e0d227812be3a3f805fbfee4559e119c441a4875
ra_no_moddrop_seed2,ra_no_moddrop,2,v40c_00360,1,2,100,0.6524752475247524,1.0,0.5049504950495048,0.65,5968bd0509826dc04bde8e59e0d227812be3a3f805fbfee4559e119c441a4875
ra_no_moddrop_seed2,ra_no_moddrop,2,v40c_00361,1,2,100,0.6514851485148514,1.0,0.5049504950495048,0.65,5968bd0509826dc04bde8e59e0d227812be3a3f805fbfee4559e119c441a4875
ra_no_moddrop_seed2,ra_no_moddrop,2,v40c_00362,1,2,100,0.7504950495049505,1.0,1.0,0.75,5968bd0509826dc04bde8e59e0d227812be3a3f805fbfee4559e119c441a4875
ra_no_moddrop_seed2,ra_no_moddrop,2,v40c_00363,1,2,100,0.5174917491749176,1.0,0.834983498349835,0.6,5968bd0509826dc04bde8e59e0d227812be3a3f805fbfee4559e119c441a4875
ra_no_moddrop_seed2,ra_no_moddrop,2,v40c_00364,1,1,100,0.5999999999999999,0.9999999999999999,0.9999999999999999,0.6,5968bd0509826dc04bde8e59e0d227812be3a3f805fbfee4559e119c441a4875
ra_no_moddrop_seed2,ra_no_moddrop,2,v40c_00365,1,1,100,0.5999999999999999,0.9999999999999999,0.9999999999999999,0.6,5968bd0509826dc04bde8e59e0d227812be3a3f805fbfee4559e119c441a4875
ra_no_moddrop_seed2,ra_no_moddrop,2,v40c_00366,1,1,100,0.5999999999999999,0.9999999999999999,0.9999999999999999,0.6,5968bd0509826dc04bde8e59e0d227812be3a3f805fbfee4559e119c441a4875
ra_no_moddrop_seed2,ra_no_moddrop,2,v40c_00367,1,1,100,0.8999999999999998,0.9999999999999999,0.9999999999999999,0.9,5968bd0509826dc04bde8e59e0d227812be3a3f805fbfee4559e119c441a4875
ra_no_moddrop_seed2,ra_no_moddrop,2,v40c_00368,1,1,100,0.5999999999999999,0.9999999999999999,0.9999999999999999,0.6,5968bd0509826dc04bde8e59e0d227812be3a3f805fbfee4559e119c441a4875
ra_no_moddrop_seed2,ra_no_moddrop,2,v40c_00369,1,1,100,0.7999999999999999,0.9999999999999999,0.9999999999999999,0.8,5968bd0509826dc04bde8e59e0d227812be3a3f805fbfee4559e119c441a4875
ra_no_moddrop_seed2,ra_no_moddrop,2,v40c_00370,1,1,100,0.5999999999999999,0.9999999999999999,0.9999999999999999,0.6,5968bd0509826dc04bde8e59e0d227812be3a3f805fbfee4559e119c441a4875
ra_no_moddrop_seed2,ra_no_moddrop,2,v40c_00371,1,1,100,0.5999999999999999,0.9999999999999999,0.9999999999999999,0.6,5968bd0509826dc04bde8e59e0d227812be3a3f805fbfee4559e119c441a4875
ra_no_moddrop_seed2,ra_no_moddrop,2,v40c_00372,1,1,100,0.09999999999999998,0.19999999999999996,0.0,0.5,5968bd0509826dc04bde8e59e0d227812be3a3f805fbfee4559e119c441a4875
ra_no_moddrop_seed2,ra_no_moddrop,2,v40c_00373,3,6,300,0.592786421499293,0.9519094766619522,0.8036303630363039,0.6666666666666667,5968bd0509826dc04bde8e59e0d227812be3a3f805fbfee4559e119c441a4875
ra_no_moddrop_seed2,ra_no_moddrop,2,v40c_00374,3,6,300,0.7476897689768977,1.0,1.0,0.7833333333333333,5968bd0509826dc04bde8e59e0d227812be3a3f805fbfee4559e119c441a4875
ra_no_moddrop_seed2,ra_no_moddrop,2,v40c_00375,1,2,100,0.700990099009901,1.0,1.0,0.7,5968bd0509826dc04bde8e59e0d227812be3a3f805fbfee4559e119c441a4875
ra_no_moddrop_seed2,ra_no_moddrop,2,v40c_00376,2,4,200,0.7504950495049505,1.0,1.0,0.75,5968bd0509826dc04bde8e59e0d227812be3a3f805fbfee4559e119c441a4875
ra_no_moddrop_seed2,ra_no_moddrop,2,v40c_00377,1,2,100,0.7504950495049505,1.0,1.0,0.75,5968bd0509826dc04bde8e59e0d227812be3a3f805fbfee4559e119c441a4875
ra_no_moddrop_seed2,ra_no_moddrop,2,v40c_00397,2,6,200,0.8224422442244224,1.0,1.0,0.85,5968bd0509826dc04bde8e59e0d227812be3a3f805fbfee4559e119c441a4875
ra_no_moddrop_seed2,ra_no_moddrop,2,v40c_00398,1,3,100,0.8495049504950494,1.0,1.0,0.8666666666666666,5968bd0509826dc04bde8e59e0d227812be3a3f805fbfee4559e119c441a4875
ra_no_moddrop_seed2,ra_no_moddrop,2,v40c_00399,1,3,100,0.7884488448844884,1.0,1.0,0.8333333333333333,5968bd0509826dc04bde8e59e0d227812be3a3f805fbfee4559e119c441a4875
ra_no_moddrop_seed2,ra_no_moddrop,2,v40c_00400,1,3,100,0.8891089108910892,1.0,1.0,0.9,5968bd0509826dc04bde8e59e0d227812be3a3f805fbfee4559e119c441a4875
ra_no_moddrop_seed2,ra_no_moddrop,2,v40c_00401,1,3,100,0.8663366336633663,1.0,1.0,0.8666666666666666,5968bd0509826dc04bde8e59e0d227812be3a3f805fbfee4559e119c441a4875
ra_no_moddrop_seed2,ra_no_moddrop,2,v40c_00402,1,3,100,0.9,1.0,1.0,0.9,5968bd0509826dc04bde8e59e0d227812be3a3f805fbfee4559e119c441a4875
ra_no_moddrop_seed2,ra_no_moddrop,2,v40c_00403,1,3,100,0.7410891089108912,0.9158415841584159,0.9158415841584159,0.7999999999999999,5968bd0509826dc04bde8e59e0d227812be3a3f805fbfee4559e119c441a4875
ra_no_moddrop_seed2,ra_no_moddrop,2,v40c_00404,1,3,100,0.6148514851485147,0.8316831683168316,0.6633663366336634,0.7,5968bd0509826dc04bde8e59e0d227812be3a3f805fbfee4559e119c441a4875
ra_no_moddrop_seed2,ra_no_moddrop,2,v40c_00405,1,3,100,0.5158415841584159,0.8316831683168316,0.6633663366336634,0.6333333333333333,5968bd0509826dc04bde8e59e0d227812be3a3f805fbfee4559e119c441a4875
ra_no_moddrop_seed2,ra_no_moddrop,2,v40c_00406,1,4,100,0.7138613861386138,1.0,0.7524752475247525,0.725,5968bd0509826dc04bde8e59e0d227812be3a3f805fbfee4559e119c441a4875
ra_no_moddrop_seed2,ra_no_moddrop,2,v40c_00407,1,4,100,0.6212849856414213,0.8939179632248937,0.7524752475247525,0.725,5968bd0509826dc04bde8e59e0d227812be3a3f805fbfee4559e119c441a4875
ra_no_moddrop_seed2,ra_no_moddrop,2,v40c_00408,1,4,100,0.5653465346534653,0.7524752475247525,0.7524752475247525,0.575,5968bd0509826dc04bde8e59e0d227812be3a3f805fbfee4559e119c441a4875
ra_no_moddrop_seed2,ra_no_moddrop,2,v40c_00409,1,3,100,0.7666666666666667,1.0,1.0,0.7999999999999999,5968bd0509826dc04bde8e59e0d227812be3a3f805fbfee4559e119c441a4875
ra_no_moddrop_seed2,ra_no_moddrop,2,v40c_00410,1,4,100,0.5772277227722772,0.7524752475247525,0.7524752475247525,0.575,5968bd0509826dc04bde8e59e0d227812be3a3f805fbfee4559e119c441a4875
ra_no_moddrop_seed2,ra_no_moddrop,2,v40c_00411,1,4,100,0.5524752475247525,0.7524752475247525,0.7524752475247525,0.575,5968bd0509826dc04bde8e59e0d227812be3a3f805fbfee4559e119c441a4875
ra_no_moddrop_seed2,ra_no_moddrop,2,v40c_00412,1,3,100,0.810891089108911,1.0,1.0,0.8333333333333333,5968bd0509826dc04bde8e59e0d227812be3a3f805fbfee4559e119c441a4875
ra_no_moddrop_seed2,ra_no_moddrop,2,v40c_00413,1,3,100,0.8112211221122113,1.0,1.0,0.8333333333333334,5968bd0509826dc04bde8e59e0d227812be3a3f805fbfee4559e119c441a4875
ra_no_moddrop_seed2,ra_no_moddrop,2,v40c_00414,1,3,100,0.7778877887788779,1.0,1.0,0.8333333333333333,5968bd0509826dc04bde8e59e0d227812be3a3f805fbfee4559e119c441a4875
ra_no_moddrop_seed2,ra_no_moddrop,2,v40c_00415,1,3,100,0.7057425742574255,0.865346534653465,0.865346534653465,0.8666666666666668,5968bd0509826dc04bde8e59e0d227812be3a3f805fbfee4559e119c441a4875
ra_no_moddrop_seed2,ra_no_moddrop,2,v40c_00416,1,4,100,0.7698019801980197,1.0,1.0,0.825,5968bd0509826dc04bde8e59e0d227812be3a3f805fbfee4559e119c441a4875
ra_no_moddrop_seed2,ra_no_moddrop,2,v40c_00417,1,4,100,0.7019801980198019,1.0,0.6905940594059405,0.725,5968bd0509826dc04bde8e59e0d227812be3a3f805fbfee4559e119c441a4875
ra_no_moddrop_seed2,ra_no_moddrop,2,v40c_00418,1,4,100,0.7450755601875978,1.0,0.8045857217300681,0.8,5968bd0509826dc04bde8e59e0d227812be3a3f805fbfee4559e119c441a4875
ra_no_moddrop_seed2,ra_no_moddrop,2,v40c_00419,4,17,400,0.6475159773502435,0.9966996699669967,0.6671744097486674,0.6882352941176471,5968bd0509826dc04bde8e59e0d227812be3a3f805fbfee4559e119c441a4875
ra_no_moddrop_seed2,ra_no_moddrop,2,v40c_00420,1,4,100,0.8752475247524754,1.0,1.0,0.875,5968bd0509826dc04bde8e59e0d227812be3a3f805fbfee4559e119c441a4875
ra_no_moddrop_seed2,ra_no_moddrop,2,v40c_00421,1,4,100,0.8128712871287128,1.0,1.0,0.85,5968bd0509826dc04bde8e59e0d227812be3a3f805fbfee4559e119c441a4875
ra_no_moddrop_seed2,ra_no_moddrop,2,v40c_00422,1,4,100,0.8085808580858085,1.0,1.0,0.825,5968bd0509826dc04bde8e59e0d227812be3a3f805fbfee4559e119c441a4875
ra_no_moddrop_seed2,ra_no_moddrop,2,v40c_00423,1,4,100,0.8257425742574258,1.0,1.0,0.85,5968bd0509826dc04bde8e59e0d227812be3a3f805fbfee4559e119c441a4875
ra_no_moddrop_seed2,ra_no_moddrop,2,v40c_00424,2,8,200,0.8580445544554456,1.0,1.0,0.8875,5968bd0509826dc04bde8e59e0d227812be3a3f805fbfee4559e119c441a4875
ra_no_moddrop_seed2,ra_no_moddrop,2,v40c_00425,1,4,100,0.8693069306930692,1.0,1.0,0.9,5968bd0509826dc04bde8e59e0d227812be3a3f805fbfee4559e119c441a4875
ra_no_moddrop_seed2,ra_no_moddrop,2,v40c_00426,1,4,100,0.8381188118811881,1.0,1.0,0.85,5968bd0509826dc04bde8e59e0d227812be3a3f805fbfee4559e119c441a4875
ra_no_moddrop_seed2,ra_no_moddrop,2,v40c_00427,1,4,100,0.8508250825082507,1.0,1.0,0.875,5968bd0509826dc04bde8e59e0d227812be3a3f805fbfee4559e119c441a4875
ra_no_moddrop_seed2,ra_no_moddrop,2,v40c_00428,1,5,100,0.7803960396039604,1.0,1.0,0.82,5968bd0509826dc04bde8e59e0d227812be3a3f805fbfee4559e119c441a4875
ra_no_moddrop_seed2,ra_no_moddrop,2,v40c_00429,4,17,400,0.7413230440691126,0.977111240535818,0.977111240535818,0.7999999999999999,5968bd0509826dc04bde8e59e0d227812be3a3f805fbfee4559e119c441a4875
ra_no_moddrop_seed2,ra_no_moddrop,2,v40c_00430,1,5,100,0.6815181518151815,1.0,0.801980198019802,0.7,5968bd0509826dc04bde8e59e0d227812be3a3f805fbfee4559e119c441a4875
ra_no_moddrop_seed2,ra_no_moddrop,2,v40c_00431,1,5,100,0.7231683168316831,1.0,1.0,0.76,5968bd0509826dc04bde8e59e0d227812be3a3f805fbfee4559e119c441a4875
ra_no_moddrop_seed2,ra_no_moddrop,2,v40c_00432,1,5,100,0.7638613861386138,1.0,1.0,0.82,5968bd0509826dc04bde8e59e0d227812be3a3f805fbfee4559e119c441a4875
ra_no_moddrop_seed2,ra_no_moddrop,2,v40c_00433,1,5,100,0.720990099009901,1.0,1.0,0.8,5968bd0509826dc04bde8e59e0d227812be3a3f805fbfee4559e119c441a4875
ra_no_moddrop_seed2,ra_no_moddrop,2,v40c_00434,1,5,100,0.8009900990099009,1.0,1.0,0.8400000000000001,5968bd0509826dc04bde8e59e0d227812be3a3f805fbfee4559e119c441a4875
ra_no_moddrop_seed2,ra_no_moddrop,2,v40c_00435,1,4,100,0.8029702970297029,1.0,1.0,0.85,5968bd0509826dc04bde8e59e0d227812be3a3f805fbfee4559e119c441a4875
ra_no_moddrop_seed2,ra_no_moddrop,2,v40c_00436,1,5,100,0.6066949552098064,0.9434229137199429,0.504950495049505,0.6599999999999999,5968bd0509826dc04bde8e59e0d227812be3a3f805fbfee4559e119c441a4875
ra_no_moddrop_seed2,ra_no_moddrop,2,v40c_00437,1,5,100,0.7707920792079207,1.0,1.0,0.8,5968bd0509826dc04bde8e59e0d227812be3a3f805fbfee4559e119c441a4875
ra_no_moddrop_seed2,ra_no_moddrop,2,v40c_00438,1,5,100,0.7676567656765677,1.0,0.801980198019802,0.78,5968bd0509826dc04bde8e59e0d227812be3a3f805fbfee4559e119c441a4875
ra_no_moddrop_seed2,ra_no_moddrop,2,v40c_00439,1,5,100,0.8328712871287127,1.0,1.0,0.86,5968bd0509826dc04bde8e59e0d227812be3a3f805fbfee4559e119c441a4875
ra_no_moddrop_seed2,ra_no_moddrop,2,v40c_00440,7,35,700,0.7368329213873768,1.0,1.0,0.7971428571428572,5968bd0509826dc04bde8e59e0d227812be3a3f805fbfee4559e119c441a4875
ra_no_moddrop_seed2,ra_no_moddrop,2,v40c_00441,1,5,100,0.7162376237623762,1.0,1.0,0.74,5968bd0509826dc04bde8e59e0d227812be3a3f805fbfee4559e119c441a4875
ra_no_moddrop_seed2,ra_no_moddrop,2,v40c_00442,1,5,100,0.8722772277227723,1.0,1.0,0.8800000000000001,5968bd0509826dc04bde8e59e0d227812be3a3f805fbfee4559e119c441a4875
ra_no_moddrop_seed2,ra_no_moddrop,2,v40c_00443,1,5,100,0.7445544554455445,1.0,1.0,0.8,5968bd0509826dc04bde8e59e0d227812be3a3f805fbfee4559e119c441a4875
ra_no_moddrop_seed2,ra_no_moddrop,2,v40c_00444,3,15,300,0.7491928382027392,0.9455891535099457,0.8442244224422444,0.8066666666666666,5968bd0509826dc04bde8e59e0d227812be3a3f805fbfee4559e119c441a4875
ra_no_moddrop_seed2,ra_no_moddrop,2,v40c_00454,19,92,1900,0.6929402503220172,0.9499138019217938,0.8582451965155721,0.7739130434782607,5968bd0509826dc04bde8e59e0d227812be3a3f805fbfee4559e119c441a4875
ra_no_moddrop_seed2,ra_no_moddrop,2,v40c_00455,1,6,100,0.7067581758175816,0.9234923492349234,0.9234923492349234,0.7833333333333333,5968bd0509826dc04bde8e59e0d227812be3a3f805fbfee4559e119c441a4875
ra_no_moddrop_seed2,ra_no_moddrop,2,v40c_00456,2,11,200,0.7703248181961053,1.0,0.9231423142314232,0.8363636363636363,5968bd0509826dc04bde8e59e0d227812be3a3f805fbfee4559e119c441a4875
ra_no_moddrop_seed2,ra_no_moddrop,2,v40c_00457,1,6,100,0.5073432343234324,0.9034653465346535,0.6105610561056106,0.5666666666666667,5968bd0509826dc04bde8e59e0d227812be3a3f805fbfee4559e119c441a4875
ra_no_moddrop_seed2,ra_no_moddrop,2,v40c_00458,1,5,100,0.7118811881188118,1.0,0.683168316831683,0.76,5968bd0509826dc04bde8e59e0d227812be3a3f805fbfee4559e119c441a4875
ra_no_moddrop_seed2,ra_no_moddrop,2,v40c_00459,1,5,100,0.7458745874587458,1.0,0.683168316831683,0.8,5968bd0509826dc04bde8e59e0d227812be3a3f805fbfee4559e119c441a4875
ra_no_moddrop_seed2,ra_no_moddrop,2,v40c_00460,1,5,100,0.7226897689768976,1.0,0.8679867986798677,0.76,5968bd0509826dc04bde8e59e0d227812be3a3f805fbfee4559e119c441a4875
ra_no_moddrop_seed2,ra_no_moddrop,2,v40c_00461,1,5,100,0.7160891089108911,1.0,0.801980198019802,0.74,5968bd0509826dc04bde8e59e0d227812be3a3f805fbfee4559e119c441a4875
ra_no_moddrop_seed2,ra_no_moddrop,2,v40c_00462,1,4,100,0.8628712871287127,1.0,1.0,0.875,5968bd0509826dc04bde8e59e0d227812be3a3f805fbfee4559e119c441a4875
ra_no_moddrop_seed2,ra_no_moddrop,2,v40c_00463,1,5,100,0.689108910891089,1.0,0.7623762376237624,0.74,5968bd0509826dc04bde8e59e0d227812be3a3f805fbfee4559e119c441a4875
ra_no_moddrop_seed2,ra_no_moddrop,2,v40c_00464,2,10,200,0.7537835926449787,1.0,1.0,0.78,5968bd0509826dc04bde8e59e0d227812be3a3f805fbfee4559e119c441a4875
ra_no_moddrop_seed2,ra_no_moddrop,2,v40c_00465,2,9,200,0.7623542354235425,0.9772277227722775,0.9772277227722775,0.8,5968bd0509826dc04bde8e59e0d227812be3a3f805fbfee4559e119c441a4875
ra_no_moddrop_seed2,ra_no_moddrop,2,v40c_00466,1,4,100,0.6811881188118812,0.9009900990099011,0.9009900990099011,0.8,5968bd0509826dc04bde8e59e0d227812be3a3f805fbfee4559e119c441a4875
ra_no_moddrop_seed2,ra_no_moddrop,2,v40c_00467,1,4,100,0.7712871287128713,0.9009900990099011,0.9009900990099011,0.85,5968bd0509826dc04bde8e59e0d227812be3a3f805fbfee4559e119c441a4875
ra_no_moddrop_seed2,ra_no_moddrop,2,v40c_00468,1,5,100,0.8051980198019801,1.0,1.0,0.82,5968bd0509826dc04bde8e59e0d227812be3a3f805fbfee4559e119c441a4875
ra_no_moddrop_seed2,ra_no_moddrop,2,v40c_00469,1,5,100,0.748019801980198,1.0,0.7227722772277227,0.78,5968bd0509826dc04bde8e59e0d227812be3a3f805fbfee4559e119c441a4875
ra_no_moddrop_seed2,ra_no_moddrop,2,v40c_00470,3,14,300,0.7048524643673161,0.9478547854785483,0.9149363507779352,0.7857142857142857,5968bd0509826dc04bde8e59e0d227812be3a3f805fbfee4559e119c441a4875
ra_no_moddrop_seed2,ra_no_moddrop,2,v40c_00471,1,4,100,0.7633663366336634,1.0,1.0,0.775,5968bd0509826dc04bde8e59e0d227812be3a3f805fbfee4559e119c441a4875
ra_no_moddrop_seed2,ra_no_moddrop,2,v40c_00472,1,5,100,0.6844059405940593,1.0,0.7623762376237624,0.74,5968bd0509826dc04bde8e59e0d227812be3a3f805fbfee4559e119c441a4875
ra_no_moddrop_seed2,ra_no_moddrop,2,v40c_00473,1,5,100,0.7811881188118812,1.0,1.0,0.78,5968bd0509826dc04bde8e59e0d227812be3a3f805fbfee4559e119c441a4875
ra_no_moddrop_seed2,ra_no_moddrop,2,v40c_00474,2,9,200,0.7695544554455446,1.0,0.948019801980198,0.8,5968bd0509826dc04bde8e59e0d227812be3a3f805fbfee4559e119c441a4875
ra_no_moddrop_seed2,ra_no_moddrop,2,v40c_00475,2,8,200,0.7160510281797411,0.9724972497249724,0.8542354235423542,0.8125,5968bd0509826dc04bde8e59e0d227812be3a3f805fbfee4559e119c441a4875
ra_no_moddrop_seed2,ra_no_moddrop,2,v40c_00476,1,4,100,0.6566006600660066,1.0,0.6287128712871287,0.675,5968bd0509826dc04bde8e59e0d227812be3a3f805fbfee4559e119c441a4875
ra_no_moddrop_seed2,ra_no_moddrop,2,v40c_00477,2,8,200,0.7956683168316832,1.0,1.0,0.8125,5968bd0509826dc04bde8e59e0d227812be3a3f805fbfee4559e119c441a4875
ra_no_moddrop_seed2,ra_no_moddrop,2,v40c_00478,1,4,100,0.8267326732673267,1.0,1.0,0.825,5968bd0509826dc04bde8e59e0d227812be3a3f805fbfee4559e119c441a4875
ra_no_moddrop_seed2,ra_no_moddrop,2,v40c_00479,1,4,100,0.8267326732673267,1.0,1.0,0.825,5968bd0509826dc04bde8e59e0d227812be3a3f805fbfee4559e119c441a4875
ra_no_moddrop_seed2,ra_no_moddrop,2,v40c_00480,2,8,200,0.8283828382838283,0.9174917491749175,0.9174917491749175,0.9125,5968bd0509826dc04bde8e59e0d227812be3a3f805fbfee4559e119c441a4875
ra_no_moddrop_seed2,ra_no_moddrop,2,v40c_00481,3,12,300,0.6885838583858386,0.906062034774906,0.8574571742888574,0.7499999999999999,5968bd0509826dc04bde8e59e0d227812be3a3f805fbfee4559e119c441a4875
ra_no_moddrop_seed2,ra_no_moddrop,2,v40c_00482,1,3,100,0.799009900990099,1.0,1.0,0.8,5968bd0509826dc04bde8e59e0d227812be3a3f805fbfee4559e119c441a4875
ra_no_moddrop_seed2,ra_no_moddrop,2,v40c_00483,6,18,600,0.833135196195767,1.0,1.0,0.8555555555555555,5968bd0509826dc04bde8e59e0d227812be3a3f805fbfee4559e119c441a4875
ra_no_moddrop_seed2,ra_no_moddrop,2,v40c_00484,1,3,100,0.9,1.0,1.0,0.9,5968bd0509826dc04bde8e59e0d227812be3a3f805fbfee4559e119c441a4875
ra_no_moddrop_seed2,ra_no_moddrop,2,v40c_00485,1,3,100,0.9,1.0,1.0,0.9,5968bd0509826dc04bde8e59e0d227812be3a3f805fbfee4559e119c441a4875
ra_no_moddrop_seed2,ra_no_moddrop,2,v40c_00486,1,3,100,0.8891089108910892,1.0,1.0,0.9,5968bd0509826dc04bde8e59e0d227812be3a3f805fbfee4559e119c441a4875
ra_no_moddrop_seed2,ra_no_moddrop,2,v40c_00487,1,3,100,0.9168316831683168,1.0,1.0,0.9333333333333333,5968bd0509826dc04bde8e59e0d227812be3a3f805fbfee4559e119c441a4875
ra_no_moddrop_seed2,ra_no_moddrop,2,v40c_00488,1,3,100,0.8663366336633663,1.0,1.0,0.8666666666666666,5968bd0509826dc04bde8e59e0d227812be3a3f805fbfee4559e119c441a4875
ra_no_moddrop_seed2,ra_no_moddrop,2,v40c_00489,1,3,100,0.8336633663366337,1.0,1.0,0.8333333333333334,5968bd0509826dc04bde8e59e0d227812be3a3f805fbfee4559e119c441a4875
ra_no_moddrop_seed2,ra_no_moddrop,2,v40c_00490,1,3,100,0.799009900990099,1.0,1.0,0.8,5968bd0509826dc04bde8e59e0d227812be3a3f805fbfee4559e119c441a4875
ra_no_moddrop_seed2,ra_no_moddrop,2,v40c_00491,2,6,200,0.8466996699669966,1.0,1.0,0.85,5968bd0509826dc04bde8e59e0d227812be3a3f805fbfee4559e119c441a4875
ra_no_moddrop_seed2,ra_no_moddrop,2,v40c_00492,1,3,100,0.9168316831683168,1.0,1.0,0.9333333333333333,5968bd0509826dc04bde8e59e0d227812be3a3f805fbfee4559e119c441a4875
ra_no_moddrop_seed2,ra_no_moddrop,2,v40c_00493,1,3,100,0.7797736916548796,1.0,0.735502121640735,0.8333333333333333,5968bd0509826dc04bde8e59e0d227812be3a3f805fbfee4559e119c441a4875
ra_no_moddrop_seed2,ra_no_moddrop,2,v40c_00494,1,3,100,0.9,1.0,1.0,0.9,5968bd0509826dc04bde8e59e0d227812be3a3f805fbfee4559e119c441a4875
ra_no_moddrop_seed2,ra_no_moddrop,2,v40c_00526,5,0,500,0.0,0.0,0.0,0.0,5968bd0509826dc04bde8e59e0d227812be3a3f805fbfee4559e119c441a4875
ra_no_moddrop_seed2,ra_no_moddrop,2,v40c_00596,6,0,600,0.0,0.0,0.0,0.0,5968bd0509826dc04bde8e59e0d227812be3a3f805fbfee4559e119c441a4875
ra_no_moddrop_seed2,ra_no_moddrop,2,v40c_00612,24,2,2400,0.5122772277227725,0.7029702970297033,0.7029702970297033,0.8,5968bd0509826dc04bde8e59e0d227812be3a3f805fbfee4559e119c441a4875
ra_no_moddrop_seed2,ra_no_moddrop,2,v40c_00613,1,1,100,0.7999999999999999,0.9999999999999999,0.9999999999999999,0.8,5968bd0509826dc04bde8e59e0d227812be3a3f805fbfee4559e119c441a4875
ra_no_moddrop_seed2,ra_no_moddrop,2,v40c_00614,1,1,100,0.7999999999999999,0.9999999999999999,0.9999999999999999,0.8,5968bd0509826dc04bde8e59e0d227812be3a3f805fbfee4559e119c441a4875
ra_no_moddrop_seed2,ra_no_moddrop,2,v40c_00615,1,1,100,0.7999999999999999,0.9999999999999999,0.9999999999999999,0.8,5968bd0509826dc04bde8e59e0d227812be3a3f805fbfee4559e119c441a4875
ra_no_moddrop_seed2,ra_no_moddrop,2,v40c_00616,1,1,100,0.7999999999999999,0.9999999999999999,0.9999999999999999,0.8,5968bd0509826dc04bde8e59e0d227812be3a3f805fbfee4559e119c441a4875
ra_no_moddrop_seed2,ra_no_moddrop,2,v40c_00617,1,1,100,0.7999999999999999,0.9999999999999999,0.9999999999999999,0.8,5968bd0509826dc04bde8e59e0d227812be3a3f805fbfee4559e119c441a4875
ra_no_moddrop_seed2,ra_no_moddrop,2,v40c_00618,7,7,700,0.7381895332390381,1.0,1.0,0.7571428571428572,5968bd0509826dc04bde8e59e0d227812be3a3f805fbfee4559e119c441a4875
ra_no_moddrop_seed2,ra_no_moddrop,2,v40c_00619,1,1,100,0.7,0.9999999999999999,0.9999999999999999,0.7,5968bd0509826dc04bde8e59e0d227812be3a3f805fbfee4559e119c441a4875
ra_no_moddrop_seed2,ra_no_moddrop,2,v40c_00620,2,4,200,0.8257425742574258,1.0,1.0,0.85,5968bd0509826dc04bde8e59e0d227812be3a3f805fbfee4559e119c441a4875
ra_no_moddrop_seed2,ra_no_moddrop,2,v40c_00621,1,2,100,0.8,1.0,1.0,0.8,5968bd0509826dc04bde8e59e0d227812be3a3f805fbfee4559e119c441a4875
ra_no_moddrop_seed2,ra_no_moddrop,2,v40c_00622,3,6,300,0.7638613861386139,1.0,1.0,0.8166666666666667,5968bd0509826dc04bde8e59e0d227812be3a3f805fbfee4559e119c441a4875
ra_no_moddrop_seed2,ra_no_moddrop,2,v40c_00623,1,2,100,0.8,1.0,1.0,0.8,5968bd0509826dc04bde8e59e0d227812be3a3f805fbfee4559e119c441a4875
ra_no_moddrop_seed2,ra_no_moddrop,2,v40c_00624,1,2,100,0.8504950495049506,1.0,1.0,0.9,5968bd0509826dc04bde8e59e0d227812be3a3f805fbfee4559e119c441a4875
ra_no_moddrop_seed2,ra_no_moddrop,2,v40c_00625,1,2,100,0.8504950495049505,1.0,1.0,0.85,5968bd0509826dc04bde8e59e0d227812be3a3f805fbfee4559e119c441a4875
ra_no_moddrop_seed2,ra_no_moddrop,2,v40c_00626,1,2,100,0.6252475247524752,1.0,1.0,0.65,5968bd0509826dc04bde8e59e0d227812be3a3f805fbfee4559e119c441a4875
ra_no_moddrop_seed2,ra_no_moddrop,2,v40c_00627,1,1,100,0.2,0.3333333333333334,0.19999999999999996,0.8,5968bd0509826dc04bde8e59e0d227812be3a3f805fbfee4559e119c441a4875
ra_no_moddrop_seed2,ra_no_moddrop,2,v40c_00628,1,2,100,0.6514851485148514,1.0,0.5049504950495048,0.65,5968bd0509826dc04bde8e59e0d227812be3a3f805fbfee4559e119c441a4875
ra_no_moddrop_seed2,ra_no_moddrop,2,v40c_00629,1,2,100,0.6,1.0,1.0,0.6,5968bd0509826dc04bde8e59e0d227812be3a3f805fbfee4559e119c441a4875
ra_no_moddrop_seed2,ra_no_moddrop,2,v40c_00630,2,3,200,0.1958415841584159,0.3894389438943896,0.24092409240924095,0.5333333333333333,5968bd0509826dc04bde8e59e0d227812be3a3f805fbfee4559e119c441a4875
ra_no_moddrop_seed2,ra_no_moddrop,2,v40c_00631,1,1,100,0.09166666666666669,0.25,0.08333333333333336,0.9,5968bd0509826dc04bde8e59e0d227812be3a3f805fbfee4559e119c441a4875
ra_no_moddrop_seed2,ra_no_moddrop,2,v40c_00632,1,0,100,0.0,0.0,0.0,0.0,5968bd0509826dc04bde8e59e0d227812be3a3f805fbfee4559e119c441a4875
ra_no_moddrop_seed2,ra_no_moddrop,2,v40c_00633,1,1,100,0.45,0.5,0.5,0.9,5968bd0509826dc04bde8e59e0d227812be3a3f805fbfee4559e119c441a4875
ra_no_moddrop_seed2,ra_no_moddrop,2,v40c_00634,1,1,100,0.35,0.5,0.5,0.7,5968bd0509826dc04bde8e59e0d227812be3a3f805fbfee4559e119c441a4875
ra_no_moddrop_seed2,ra_no_moddrop,2,v40c_00635,3,0,300,0.0,0.0,0.0,0.0,5968bd0509826dc04bde8e59e0d227812be3a3f805fbfee4559e119c441a4875
ra_no_moddrop_seed2,ra_no_moddrop,2,v40c_00636,1,1,100,0.8999999999999998,0.9999999999999999,0.9999999999999999,0.9,5968bd0509826dc04bde8e59e0d227812be3a3f805fbfee4559e119c441a4875
ra_no_moddrop_seed2,ra_no_moddrop,2,v40c_00637,1,1,100,0.8999999999999998,0.9999999999999999,0.9999999999999999,0.9,5968bd0509826dc04bde8e59e0d227812be3a3f805fbfee4559e119c441a4875
ra_no_moddrop_seed2,ra_no_moddrop,2,v40c_00638,1,1,100,0.8999999999999998,0.9999999999999999,0.9999999999999999,0.9,5968bd0509826dc04bde8e59e0d227812be3a3f805fbfee4559e119c441a4875
ra_no_moddrop_seed2,ra_no_moddrop,2,v40c_00639,1,1,100,0.8999999999999998,0.9999999999999999,0.9999999999999999,0.9,5968bd0509826dc04bde8e59e0d227812be3a3f805fbfee4559e119c441a4875
ra_no_moddrop_seed2,ra_no_moddrop,2,v40c_00640,1,1,100,0.9999999999999998,0.9999999999999999,0.9999999999999999,1.0,5968bd0509826dc04bde8e59e0d227812be3a3f805fbfee4559e119c441a4875
ra_no_moddrop_seed2,ra_no_moddrop,2,v40c_00660,2,4,200,0.7280528052805281,0.8349834983498351,0.8349834983498351,0.875,5968bd0509826dc04bde8e59e0d227812be3a3f805fbfee4559e119c441a4875
ra_no_moddrop_seed2,ra_no_moddrop,2,v40c_01063,1,0,100,0.0,0.0,0.0,0.0,5968bd0509826dc04bde8e59e0d227812be3a3f805fbfee4559e119c441a4875
ra_no_moddrop_seed2,ra_no_moddrop,2,v40c_01064,1,0,100,0.0,0.0,0.0,0.0,5968bd0509826dc04bde8e59e0d227812be3a3f805fbfee4559e119c441a4875
ra_no_moddrop_seed2,ra_no_moddrop,2,v40c_01065,1,0,100,0.0,0.0,0.0,0.0,5968bd0509826dc04bde8e59e0d227812be3a3f805fbfee4559e119c441a4875
ra_no_moddrop_seed2,ra_no_moddrop,2,v40c_01066,1,0,100,0.0,0.0,0.0,0.0,5968bd0509826dc04bde8e59e0d227812be3a3f805fbfee4559e119c441a4875
ra_no_moddrop_seed2,ra_no_moddrop,2,v40c_01067,1,0,100,0.0,0.0,0.0,0.0,5968bd0509826dc04bde8e59e0d227812be3a3f805fbfee4559e119c441a4875
ra_no_moddrop_seed2,ra_no_moddrop,2,v40c_01068,1,0,100,0.0,0.0,0.0,0.0,5968bd0509826dc04bde8e59e0d227812be3a3f805fbfee4559e119c441a4875
ra_no_moddrop_seed2,ra_no_moddrop,2,v40c_01069,1,0,100,0.0,0.0,0.0,0.0,5968bd0509826dc04bde8e59e0d227812be3a3f805fbfee4559e119c441a4875
ra_no_moddrop_seed2,ra_no_moddrop,2,v40c_01070,1,0,100,0.0,0.0,0.0,0.0,5968bd0509826dc04bde8e59e0d227812be3a3f805fbfee4559e119c441a4875
ra_no_moddrop_seed2,ra_no_moddrop,2,v40c_01071,1,0,100,0.0,0.0,0.0,0.0,5968bd0509826dc04bde8e59e0d227812be3a3f805fbfee4559e119c441a4875
ra_no_moddrop_seed2,ra_no_moddrop,2,v40c_01072,1,0,100,0.0,0.0,0.0,0.0,5968bd0509826dc04bde8e59e0d227812be3a3f805fbfee4559e119c441a4875
ra_no_moddrop_seed2,ra_no_moddrop,2,v40c_01073,1,0,100,0.0,0.0,0.0,0.0,5968bd0509826dc04bde8e59e0d227812be3a3f805fbfee4559e119c441a4875
ra_no_moddrop_seed2,ra_no_moddrop,2,v40c_01074,3,0,300,0.0,0.0,0.0,0.0,5968bd0509826dc04bde8e59e0d227812be3a3f805fbfee4559e119c441a4875
ra_no_moddrop_seed2,ra_no_moddrop,2,v40c_01075,1,0,100,0.0,0.0,0.0,0.0,5968bd0509826dc04bde8e59e0d227812be3a3f805fbfee4559e119c441a4875
ra_no_moddrop_seed2,ra_no_moddrop,2,v40c_01076,2,0,200,0.0,0.0,0.0,0.0,5968bd0509826dc04bde8e59e0d227812be3a3f805fbfee4559e119c441a4875
ra_no_moddrop_seed2,ra_no_moddrop,2,v40c_01077,1,0,100,0.0,0.0,0.0,0.0,5968bd0509826dc04bde8e59e0d227812be3a3f805fbfee4559e119c441a4875
ra_no_moddrop_seed2,ra_no_moddrop,2,v40c_01078,1,0,100,0.0,0.0,0.0,0.0,5968bd0509826dc04bde8e59e0d227812be3a3f805fbfee4559e119c441a4875
ra_no_moddrop_seed2,ra_no_moddrop,2,v40c_01079,1,0,100,0.0,0.0,0.0,0.0,5968bd0509826dc04bde8e59e0d227812be3a3f805fbfee4559e119c441a4875
ra_no_moddrop_seed2,ra_no_moddrop,2,v40c_01080,3,0,300,0.0,0.0,0.0,0.0,5968bd0509826dc04bde8e59e0d227812be3a3f805fbfee4559e119c441a4875
ra_no_moddrop_seed2,ra_no_moddrop,2,v40c_01081,1,0,100,0.0,0.0,0.0,0.0,5968bd0509826dc04bde8e59e0d227812be3a3f805fbfee4559e119c441a4875
ra_no_moddrop_seed2,ra_no_moddrop,2,v40c_01082,1,0,100,0.0,0.0,0.0,0.0,5968bd0509826dc04bde8e59e0d227812be3a3f805fbfee4559e119c441a4875
ra_no_moddrop_seed2,ra_no_moddrop,2,v40c_01083,1,0,100,0.0,0.0,0.0,0.0,5968bd0509826dc04bde8e59e0d227812be3a3f805fbfee4559e119c441a4875
ra_no_moddrop_seed2,ra_no_moddrop,2,v40c_01084,3,0,300,0.0,0.0,0.0,0.0,5968bd0509826dc04bde8e59e0d227812be3a3f805fbfee4559e119c441a4875
ra_no_moddrop_seed2,ra_no_moddrop,2,v40c_01085,1,1,100,0.258,0.5,0.039999999999999994,0.7,5968bd0509826dc04bde8e59e0d227812be3a3f805fbfee4559e119c441a4875
ra_no_moddrop_seed2,ra_no_moddrop,2,v40c_01086,1,0,100,0.0,0.0,0.0,0.0,5968bd0509826dc04bde8e59e0d227812be3a3f805fbfee4559e119c441a4875
ra_no_moddrop_seed2,ra_no_moddrop,2,v40c_01087,1,0,100,0.0,0.0,0.0,0.0,5968bd0509826dc04bde8e59e0d227812be3a3f805fbfee4559e119c441a4875
ra_no_moddrop_seed2,ra_no_moddrop,2,v40c_01088,1,1,100,0.5999999999999999,0.9999999999999999,0.9999999999999999,0.6,5968bd0509826dc04bde8e59e0d227812be3a3f805fbfee4559e119c441a4875
ra_no_moddrop_seed2,ra_no_moddrop,2,v40c_01089,1,1,100,0.5999999999999999,0.9999999999999999,0.9999999999999999,0.6,5968bd0509826dc04bde8e59e0d227812be3a3f805fbfee4559e119c441a4875
ra_no_moddrop_seed2,ra_no_moddrop,2,v40c_01090,1,1,100,0.2333333333333334,0.3333333333333334,0.3333333333333334,0.7,5968bd0509826dc04bde8e59e0d227812be3a3f805fbfee4559e119c441a4875
ra_no_moddrop_seed2,ra_no_moddrop,2,v40c_01091,1,1,100,0.4999999999999999,0.9999999999999999,0.0,0.5,5968bd0509826dc04bde8e59e0d227812be3a3f805fbfee4559e119c441a4875
ra_no_moddrop_seed2,ra_no_moddrop,2,v40c_01092,1,1,100,0.7,0.9999999999999999,0.9999999999999999,0.7,5968bd0509826dc04bde8e59e0d227812be3a3f805fbfee4559e119c441a4875
ra_no_moddrop_seed2,ra_no_moddrop,2,v40c_01093,1,1,100,0.20000000000000004,0.3333333333333334,0.3333333333333334,0.6,5968bd0509826dc04bde8e59e0d227812be3a3f805fbfee4559e119c441a4875
ra_no_moddrop_seed2,ra_no_moddrop,2,v40c_01094,1,1,100,0.2333333333333334,0.3333333333333334,0.3333333333333334,0.7,5968bd0509826dc04bde8e59e0d227812be3a3f805fbfee4559e119c441a4875
ra_no_moddrop_seed2,ra_no_moddrop,2,v40c_01095,1,1,100,0.39999999999999997,0.9999999999999999,0.0,0.4,5968bd0509826dc04bde8e59e0d227812be3a3f805fbfee4559e119c441a4875
ra_no_moddrop_seed2,ra_no_moddrop,2,v40c_01096,3,3,300,0.6663366336633663,1.0,0.6633663366336634,0.6666666666666666,5968bd0509826dc04bde8e59e0d227812be3a3f805fbfee4559e119c441a4875
ra_no_moddrop_seed2,ra_no_moddrop,2,v40c_01097,1,1,100,0.8999999999999998,0.9999999999999999,0.9999999999999999,0.9,5968bd0509826dc04bde8e59e0d227812be3a3f805fbfee4559e119c441a4875
ra_no_moddrop_seed2,ra_no_moddrop,2,v40c_01098,1,1,100,0.7,0.9999999999999999,0.9999999999999999,0.7,5968bd0509826dc04bde8e59e0d227812be3a3f805fbfee4559e119c441a4875
ra_no_moddrop_seed2,ra_no_moddrop,2,v40c_01099,2,2,200,0.8,1.0,1.0,0.8,5968bd0509826dc04bde8e59e0d227812be3a3f805fbfee4559e119c441a4875
ra_no_moddrop_seed2,ra_no_moddrop,2,v40c_01100,2,2,200,0.8,1.0,1.0,0.8,5968bd0509826dc04bde8e59e0d227812be3a3f805fbfee4559e119c441a4875
ra_no_moddrop_seed2,ra_no_moddrop,2,v40c_01101,1,1,100,0.8999999999999998,0.9999999999999999,0.9999999999999999,0.9,5968bd0509826dc04bde8e59e0d227812be3a3f805fbfee4559e119c441a4875
ra_no_moddrop_seed2,ra_no_moddrop,2,v40c_01102,1,1,100,0.7,0.9999999999999999,0.9999999999999999,0.7,5968bd0509826dc04bde8e59e0d227812be3a3f805fbfee4559e119c441a4875
ra_no_moddrop_seed2,ra_no_moddrop,2,v40c_01103,1,1,100,0.7999999999999999,0.9999999999999999,0.9999999999999999,0.8,5968bd0509826dc04bde8e59e0d227812be3a3f805fbfee4559e119c441a4875
ra_no_moddrop_seed2,ra_no_moddrop,2,v40c_01104,2,2,200,0.8,1.0,1.0,0.8,5968bd0509826dc04bde8e59e0d227812be3a3f805fbfee4559e119c441a4875
ra_no_moddrop_seed2,ra_no_moddrop,2,v40c_01105,1,2,100,0.6051155115511551,1.0,0.5462046204620461,0.65,5968bd0509826dc04bde8e59e0d227812be3a3f805fbfee4559e119c441a4875
ra_no_moddrop_seed2,ra_no_moddrop,2,v40c_01106,1,2,100,0.7,1.0,1.0,0.7,5968bd0509826dc04bde8e59e0d227812be3a3f805fbfee4559e119c441a4875
ra_no_moddrop_seed2,ra_no_moddrop,2,v40c_01107,1,2,100,0.467986798679868,0.834983498349835,0.5049504950495048,0.55,5968bd0509826dc04bde8e59e0d227812be3a3f805fbfee4559e119c441a4875
ra_no_moddrop_seed2,ra_no_moddrop,2,v40c_01108,1,2,100,0.7504950495049505,1.0,1.0,0.75,5968bd0509826dc04bde8e59e0d227812be3a3f805fbfee4559e119c441a4875
ra_no_moddrop_seed2,ra_no_moddrop,2,v40c_01109,2,4,200,0.7195544554455445,1.0,1.0,0.725,5968bd0509826dc04bde8e59e0d227812be3a3f805fbfee4559e119c441a4875
ra_no_moddrop_seed2,ra_no_moddrop,2,v40c_01110,1,2,100,0.8504950495049505,1.0,1.0,0.85,5968bd0509826dc04bde8e59e0d227812be3a3f805fbfee4559e119c441a4875
ra_no_moddrop_seed2,ra_no_moddrop,2,v40c_01111,1,2,100,0.7,1.0,1.0,0.7,5968bd0509826dc04bde8e59e0d227812be3a3f805fbfee4559e119c441a4875
ra_no_moddrop_seed2,ra_no_moddrop,2,v40c_01112,2,4,200,0.8257425742574258,1.0,1.0,0.825,5968bd0509826dc04bde8e59e0d227812be3a3f805fbfee4559e119c441a4875
ra_no_moddrop_seed2,ra_no_moddrop,2,v40c_01168,1,1,100,0.8999999999999998,0.9999999999999999,0.9999999999999999,0.9,5968bd0509826dc04bde8e59e0d227812be3a3f805fbfee4559e119c441a4875
ra_no_moddrop_seed2,ra_no_moddrop,2,v40c_01169,2,2,200,0.9,1.0,1.0,0.9,5968bd0509826dc04bde8e59e0d227812be3a3f805fbfee4559e119c441a4875
ra_no_moddrop_seed2,ra_no_moddrop,2,v40c_01170,1,1,100,0.8999999999999998,0.9999999999999999,0.9999999999999999,0.9,5968bd0509826dc04bde8e59e0d227812be3a3f805fbfee4559e119c441a4875
ra_no_moddrop_seed2,ra_no_moddrop,2,v40c_01171,2,2,200,0.8252475247524753,1.0,1.0,0.85,5968bd0509826dc04bde8e59e0d227812be3a3f805fbfee4559e119c441a4875
ra_no_moddrop_seed2,ra_no_moddrop,2,v40c_01172,1,1,100,0.7999999999999999,0.9999999999999999,0.9999999999999999,0.8,5968bd0509826dc04bde8e59e0d227812be3a3f805fbfee4559e119c441a4875
ra_no_moddrop_seed2,ra_no_moddrop,2,v40c_01173,1,1,100,0.8999999999999998,0.9999999999999999,0.9999999999999999,0.9,5968bd0509826dc04bde8e59e0d227812be3a3f805fbfee4559e119c441a4875
ra_no_moddrop_seed2,ra_no_moddrop,2,v40c_01174,1,1,100,0.7,0.9999999999999999,0.9999999999999999,0.7,5968bd0509826dc04bde8e59e0d227812be3a3f805fbfee4559e119c441a4875
ra_no_moddrop_seed2,ra_no_moddrop,2,v40c_01175,1,1,100,0.7,0.9999999999999999,0.9999999999999999,0.7,5968bd0509826dc04bde8e59e0d227812be3a3f805fbfee4559e119c441a4875
ra_no_moddrop_seed2,ra_no_moddrop,2,v40c_01176,1,1,100,0.7,0.9999999999999999,0.9999999999999999,0.7,5968bd0509826dc04bde8e59e0d227812be3a3f805fbfee4559e119c441a4875
ra_no_moddrop_seed2,ra_no_moddrop,2,v40c_01177,1,1,100,0.4999999999999999,0.9999999999999999,0.0,0.5,5968bd0509826dc04bde8e59e0d227812be3a3f805fbfee4559e119c441a4875
ra_no_moddrop_seed2,ra_no_moddrop,2,v40c_01178,1,1,100,0.7,0.9999999999999999,0.9999999999999999,0.7,5968bd0509826dc04bde8e59e0d227812be3a3f805fbfee4559e119c441a4875
ra_no_moddrop_seed2,ra_no_moddrop,2,v40c_01179,1,1,100,0.7,0.9999999999999999,0.9999999999999999,0.7,5968bd0509826dc04bde8e59e0d227812be3a3f805fbfee4559e119c441a4875
ra_no_moddrop_seed2,ra_no_moddrop,2,v40c_01180,1,0,100,0.0,0.0,0.0,0.0,5968bd0509826dc04bde8e59e0d227812be3a3f805fbfee4559e119c441a4875
ra_no_moddrop_seed2,ra_no_moddrop,2,v40c_01181,2,0,200,0.0,0.0,0.0,0.0,5968bd0509826dc04bde8e59e0d227812be3a3f805fbfee4559e119c441a4875
ra_no_moddrop_seed2,ra_no_moddrop,2,v40c_01182,1,0,100,0.0,0.0,0.0,0.0,5968bd0509826dc04bde8e59e0d227812be3a3f805fbfee4559e119c441a4875
ra_no_moddrop_seed2,ra_no_moddrop,2,v40c_01183,2,0,200,0.0,0.0,0.0,0.0,5968bd0509826dc04bde8e59e0d227812be3a3f805fbfee4559e119c441a4875
ra_no_moddrop_seed2,ra_no_moddrop,2,v40c_01184,2,0,200,0.0,0.0,0.0,0.0,5968bd0509826dc04bde8e59e0d227812be3a3f805fbfee4559e119c441a4875
ra_no_moddrop_seed2,ra_no_moddrop,2,v40c_01185,1,0,100,0.0,0.0,0.0,0.0,5968bd0509826dc04bde8e59e0d227812be3a3f805fbfee4559e119c441a4875
ra_no_moddrop_seed2,ra_no_moddrop,2,v40c_01186,1,0,100,0.0,0.0,0.0,0.0,5968bd0509826dc04bde8e59e0d227812be3a3f805fbfee4559e119c441a4875
ra_no_moddrop_seed2,ra_no_moddrop,2,v40c_01187,4,0,400,0.0,0.0,0.0,0.0,5968bd0509826dc04bde8e59e0d227812be3a3f805fbfee4559e119c441a4875
ra_no_moddrop_seed2,ra_no_moddrop,2,v40c_01188,1,0,100,0.0,0.0,0.0,0.0,5968bd0509826dc04bde8e59e0d227812be3a3f805fbfee4559e119c441a4875
ra_no_moddrop_seed2,ra_no_moddrop,2,v40c_01189,1,0,100,0.0,0.0,0.0,0.0,5968bd0509826dc04bde8e59e0d227812be3a3f805fbfee4559e119c441a4875
ra_no_moddrop_seed2,ra_no_moddrop,2,v40c_01190,1,0,100,0.0,0.0,0.0,0.0,5968bd0509826dc04bde8e59e0d227812be3a3f805fbfee4559e119c441a4875
ra_no_moddrop_seed2,ra_no_moddrop,2,v40c_01191,1,0,100,0.0,0.0,0.0,0.0,5968bd0509826dc04bde8e59e0d227812be3a3f805fbfee4559e119c441a4875
ra_no_moddrop_seed2,ra_no_moddrop,2,v40c_01192,1,0,100,0.0,0.0,0.0,0.0,5968bd0509826dc04bde8e59e0d227812be3a3f805fbfee4559e119c441a4875
ra_no_moddrop_seed2,ra_no_moddrop,2,v40c_01193,1,0,100,0.0,0.0,0.0,0.0,5968bd0509826dc04bde8e59e0d227812be3a3f805fbfee4559e119c441a4875
ra_no_moddrop_seed2,ra_no_moddrop,2,v40c_01194,1,0,100,0.0,0.0,0.0,0.0,5968bd0509826dc04bde8e59e0d227812be3a3f805fbfee4559e119c441a4875
ra_no_moddrop_seed2,ra_no_moddrop,2,v40c_01195,1,0,100,0.0,0.0,0.0,0.0,5968bd0509826dc04bde8e59e0d227812be3a3f805fbfee4559e119c441a4875
ra_no_moddrop_seed2,ra_no_moddrop,2,v40c_01196,3,0,300,0.0,0.0,0.0,0.0,5968bd0509826dc04bde8e59e0d227812be3a3f805fbfee4559e119c441a4875
ra_no_moddrop_seed2,ra_no_moddrop,2,v40c_01197,2,0,200,0.0,0.0,0.0,0.0,5968bd0509826dc04bde8e59e0d227812be3a3f805fbfee4559e119c441a4875
ra_no_moddrop_seed2,ra_no_moddrop,2,v40c_01198,1,0,100,0.0,0.0,0.0,0.0,5968bd0509826dc04bde8e59e0d227812be3a3f805fbfee4559e119c441a4875
ra_no_moddrop_seed2,ra_no_moddrop,2,v40c_01199,1,0,100,0.0,0.0,0.0,0.0,5968bd0509826dc04bde8e59e0d227812be3a3f805fbfee4559e119c441a4875
ra_no_moddrop_seed2,ra_no_moddrop,2,v40c_01200,1,0,100,0.0,0.0,0.0,0.0,5968bd0509826dc04bde8e59e0d227812be3a3f805fbfee4559e119c441a4875
ra_no_moddrop_seed2,ra_no_moddrop,2,v40c_01201,1,0,100,0.0,0.0,0.0,0.0,5968bd0509826dc04bde8e59e0d227812be3a3f805fbfee4559e119c441a4875
ra_no_moddrop_seed2,ra_no_moddrop,2,v40c_01202,1,0,100,0.0,0.0,0.0,0.0,5968bd0509826dc04bde8e59e0d227812be3a3f805fbfee4559e119c441a4875
ra_no_moddrop_seed2,ra_no_moddrop,2,v40c_01203,1,0,100,0.0,0.0,0.0,0.0,5968bd0509826dc04bde8e59e0d227812be3a3f805fbfee4559e119c441a4875
ra_no_moddrop_seed2,ra_no_moddrop,2,v40c_01204,1,0,100,0.0,0.0,0.0,0.0,5968bd0509826dc04bde8e59e0d227812be3a3f805fbfee4559e119c441a4875
ra_no_moddrop_seed2,ra_no_moddrop,2,v40c_01205,3,0,300,0.0,0.0,0.0,0.0,5968bd0509826dc04bde8e59e0d227812be3a3f805fbfee4559e119c441a4875
ra_no_moddrop_seed2,ra_no_moddrop,2,v40c_01206,1,0,100,0.0,0.0,0.0,0.0,5968bd0509826dc04bde8e59e0d227812be3a3f805fbfee4559e119c441a4875
ra_no_moddrop_seed2,ra_no_moddrop,2,v40c_01207,1,0,100,0.0,0.0,0.0,0.0,5968bd0509826dc04bde8e59e0d227812be3a3f805fbfee4559e119c441a4875
ra_no_moddrop_seed2,ra_no_moddrop,2,v40c_01208,1,0,100,0.0,0.0,0.0,0.0,5968bd0509826dc04bde8e59e0d227812be3a3f805fbfee4559e119c441a4875
ra_no_moddrop_seed2,ra_no_moddrop,2,v40c_01209,1,0,100,0.0,0.0,0.0,0.0,5968bd0509826dc04bde8e59e0d227812be3a3f805fbfee4559e119c441a4875
ra_no_moddrop_seed2,ra_no_moddrop,2,v40c_01210,1,0,100,0.0,0.0,0.0,0.0,5968bd0509826dc04bde8e59e0d227812be3a3f805fbfee4559e119c441a4875
ra_no_moddrop_seed2,ra_no_moddrop,2,v40c_01211,1,0,100,0.0,0.0,0.0,0.0,5968bd0509826dc04bde8e59e0d227812be3a3f805fbfee4559e119c441a4875
ra_no_moddrop_seed2,ra_no_moddrop,2,v40c_01212,1,0,100,0.0,0.0,0.0,0.0,5968bd0509826dc04bde8e59e0d227812be3a3f805fbfee4559e119c441a4875
ra_no_moddrop_seed2,ra_no_moddrop,2,v40c_01213,1,0,100,0.0,0.0,0.0,0.0,5968bd0509826dc04bde8e59e0d227812be3a3f805fbfee4559e119c441a4875
ra_no_moddrop_seed2,ra_no_moddrop,2,v40c_01214,1,0,100,0.0,0.0,0.0,0.0,5968bd0509826dc04bde8e59e0d227812be3a3f805fbfee4559e119c441a4875
ra_no_moddrop_seed2,ra_no_moddrop,2,v40c_01215,1,0,100,0.0,0.0,0.0,0.0,5968bd0509826dc04bde8e59e0d227812be3a3f805fbfee4559e119c441a4875
ra_no_moddrop_seed2,ra_no_moddrop,2,v40c_01216,1,0,100,0.0,0.0,0.0,0.0,5968bd0509826dc04bde8e59e0d227812be3a3f805fbfee4559e119c441a4875
ra_no_moddrop_seed2,ra_no_moddrop,2,v40c_01217,1,0,100,0.0,0.0,0.0,0.0,5968bd0509826dc04bde8e59e0d227812be3a3f805fbfee4559e119c441a4875
ra_no_moddrop_seed2,ra_no_moddrop,2,v40c_01218,1,0,100,0.0,0.0,0.0,0.0,5968bd0509826dc04bde8e59e0d227812be3a3f805fbfee4559e119c441a4875
ra_no_moddrop_seed2,ra_no_moddrop,2,v40c_01219,1,0,100,0.0,0.0,0.0,0.0,5968bd0509826dc04bde8e59e0d227812be3a3f805fbfee4559e119c441a4875
ra_no_moddrop_seed2,ra_no_moddrop,2,v40c_01220,1,0,100,0.0,0.0,0.0,0.0,5968bd0509826dc04bde8e59e0d227812be3a3f805fbfee4559e119c441a4875
ra_no_moddrop_seed2,ra_no_moddrop,2,v40c_01221,2,1,200,0.5999999999999999,0.9999999999999999,0.9999999999999999,0.6,5968bd0509826dc04bde8e59e0d227812be3a3f805fbfee4559e119c441a4875
ra_no_moddrop_seed2,ra_no_moddrop,2,v40c_01222,1,1,100,0.5999999999999999,0.9999999999999999,0.9999999999999999,0.6,5968bd0509826dc04bde8e59e0d227812be3a3f805fbfee4559e119c441a4875
ra_no_moddrop_seed2,ra_no_moddrop,2,v40c_01223,1,1,100,0.5049999999999999,0.9999999999999999,0.04999999999999999,0.6,5968bd0509826dc04bde8e59e0d227812be3a3f805fbfee4559e119c441a4875
ra_no_moddrop_seed2,ra_no_moddrop,2,v40c_01224,1,1,100,0.7,0.9999999999999999,0.9999999999999999,0.7,5968bd0509826dc04bde8e59e0d227812be3a3f805fbfee4559e119c441a4875
ra_no_moddrop_seed2,ra_no_moddrop,2,v40c_01225,1,1,100,0.4999999999999999,0.9999999999999999,0.0,0.5,5968bd0509826dc04bde8e59e0d227812be3a3f805fbfee4559e119c441a4875
ra_no_moddrop_seed2,ra_no_moddrop,2,v40c_01226,4,4,400,0.5341940950851842,1.0,0.6287128712871287,0.7,5968bd0509826dc04bde8e59e0d227812be3a3f805fbfee4559e119c441a4875
ra_no_moddrop_seed2,ra_no_moddrop,2,v40c_01227,1,2,100,0.15611047420531526,0.5310057321521625,0.0,0.25,5968bd0509826dc04bde8e59e0d227812be3a3f805fbfee4559e119c441a4875
ra_no_moddrop_seed2,ra_no_moddrop,2,v40c_01228,1,1,100,0.5999999999999999,0.9999999999999999,0.9999999999999999,0.6,5968bd0509826dc04bde8e59e0d227812be3a3f805fbfee4559e119c441a4875
ra_no_moddrop_seed2,ra_no_moddrop,2,v40c_01229,1,1,100,0.39999999999999997,0.9999999999999999,0.0,0.4,5968bd0509826dc04bde8e59e0d227812be3a3f805fbfee4559e119c441a4875
ra_no_moddrop_seed2,ra_no_moddrop,2,v40c_01230,1,1,100,0.5999999999999999,0.9999999999999999,0.9999999999999999,0.6,5968bd0509826dc04bde8e59e0d227812be3a3f805fbfee4559e119c441a4875
ra_no_moddrop_seed2,ra_no_moddrop,2,v40c_01231,3,3,300,0.5504950495049504,1.0,0.16831683168316833,0.6,5968bd0509826dc04bde8e59e0d227812be3a3f805fbfee4559e119c441a4875
ra_no_moddrop_seed2,ra_no_moddrop,2,v40c_01232,1,1,100,0.35,0.5,0.5,0.7,5968bd0509826dc04bde8e59e0d227812be3a3f805fbfee4559e119c441a4875
ra_no_moddrop_seed2,ra_no_moddrop,2,v40c_01233,1,1,100,0.7,0.9999999999999999,0.9999999999999999,0.7,5968bd0509826dc04bde8e59e0d227812be3a3f805fbfee4559e119c441a4875
ra_no_moddrop_seed2,ra_no_moddrop,2,v40c_01234,1,1,100,0.7,0.9999999999999999,0.9999999999999999,0.7,5968bd0509826dc04bde8e59e0d227812be3a3f805fbfee4559e119c441a4875
ra_no_moddrop_seed2,ra_no_moddrop,2,v40c_01235,1,1,100,0.7999999999999999,0.9999999999999999,0.9999999999999999,0.8,5968bd0509826dc04bde8e59e0d227812be3a3f805fbfee4559e119c441a4875
ra_no_moddrop_seed2,ra_no_moddrop,2,v40c_01236,2,2,200,0.7,1.0,1.0,0.7,5968bd0509826dc04bde8e59e0d227812be3a3f805fbfee4559e119c441a4875
ra_no_moddrop_seed2,ra_no_moddrop,2,v40c_01237,1,1,100,0.7,0.9999999999999999,0.9999999999999999,0.7,5968bd0509826dc04bde8e59e0d227812be3a3f805fbfee4559e119c441a4875
ra_no_moddrop_seed2,ra_no_moddrop,2,v40c_01238,6,1,600,0.5999999999999999,0.9999999999999999,0.9999999999999999,0.6,5968bd0509826dc04bde8e59e0d227812be3a3f805fbfee4559e119c441a4875
ra_no_moddrop_seed2,ra_no_moddrop,2,v40c_01239,1,0,100,0.0,0.0,0.0,0.0,5968bd0509826dc04bde8e59e0d227812be3a3f805fbfee4559e119c441a4875
ra_no_moddrop_seed2,ra_no_moddrop,2,v40c_01240,1,0,100,0.0,0.0,0.0,0.0,5968bd0509826dc04bde8e59e0d227812be3a3f805fbfee4559e119c441a4875
ra_no_moddrop_seed2,ra_no_moddrop,2,v40c_01241,1,0,100,0.0,0.0,0.0,0.0,5968bd0509826dc04bde8e59e0d227812be3a3f805fbfee4559e119c441a4875
ra_no_moddrop_seed2,ra_no_moddrop,2,v40c_01242,2,0,200,0.0,0.0,0.0,0.0,5968bd0509826dc04bde8e59e0d227812be3a3f805fbfee4559e119c441a4875
ra_no_moddrop_seed2,ra_no_moddrop,2,v40c_01243,2,0,200,0.0,0.0,0.0,0.0,5968bd0509826dc04bde8e59e0d227812be3a3f805fbfee4559e119c441a4875
ra_no_moddrop_seed2,ra_no_moddrop,2,v40c_01244,1,0,100,0.0,0.0,0.0,0.0,5968bd0509826dc04bde8e59e0d227812be3a3f805fbfee4559e119c441a4875
ra_no_moddrop_seed2,ra_no_moddrop,2,v40c_01245,1,0,100,0.0,0.0,0.0,0.0,5968bd0509826dc04bde8e59e0d227812be3a3f805fbfee4559e119c441a4875
ra_no_moddrop_seed2,ra_no_moddrop,2,v40c_01246,1,0,100,0.0,0.0,0.0,0.0,5968bd0509826dc04bde8e59e0d227812be3a3f805fbfee4559e119c441a4875
ra_no_moddrop_seed2,ra_no_moddrop,2,v40c_01247,1,0,100,0.0,0.0,0.0,0.0,5968bd0509826dc04bde8e59e0d227812be3a3f805fbfee4559e119c441a4875
ra_no_moddrop_seed2,ra_no_moddrop,2,v40c_01248,1,0,100,0.0,0.0,0.0,0.0,5968bd0509826dc04bde8e59e0d227812be3a3f805fbfee4559e119c441a4875
ra_no_moddrop_seed2,ra_no_moddrop,2,v40c_01249,2,0,200,0.0,0.0,0.0,0.0,5968bd0509826dc04bde8e59e0d227812be3a3f805fbfee4559e119c441a4875
ra_no_moddrop_seed2,ra_no_moddrop,2,v40c_01250,1,0,100,0.0,0.0,0.0,0.0,5968bd0509826dc04bde8e59e0d227812be3a3f805fbfee4559e119c441a4875
ra_no_moddrop_seed2,ra_no_moddrop,2,v40c_01251,3,0,300,0.0,0.0,0.0,0.0,5968bd0509826dc04bde8e59e0d227812be3a3f805fbfee4559e119c441a4875
ra_no_moddrop_seed2,ra_no_moddrop,2,v40c_01252,1,0,100,0.0,0.0,0.0,0.0,5968bd0509826dc04bde8e59e0d227812be3a3f805fbfee4559e119c441a4875
ra_no_moddrop_seed2,ra_no_moddrop,2,v40c_01253,1,0,100,0.0,0.0,0.0,0.0,5968bd0509826dc04bde8e59e0d227812be3a3f805fbfee4559e119c441a4875
ra_no_moddrop_seed2,ra_no_moddrop,2,v40c_01254,3,0,300,0.0,0.0,0.0,0.0,5968bd0509826dc04bde8e59e0d227812be3a3f805fbfee4559e119c441a4875
ra_no_moddrop_seed2,ra_no_moddrop,2,v40c_01255,1,0,100,0.0,0.0,0.0,0.0,5968bd0509826dc04bde8e59e0d227812be3a3f805fbfee4559e119c441a4875
ra_no_moddrop_seed2,ra_no_moddrop,2,v40c_01256,5,0,500,0.0,0.0,0.0,0.0,5968bd0509826dc04bde8e59e0d227812be3a3f805fbfee4559e119c441a4875
ra_no_moddrop_seed2,ra_no_moddrop,2,v40c_01257,1,0,100,0.0,0.0,0.0,0.0,5968bd0509826dc04bde8e59e0d227812be3a3f805fbfee4559e119c441a4875
ra_no_moddrop_seed2,ra_no_moddrop,2,v40c_01258,1,0,100,0.0,0.0,0.0,0.0,5968bd0509826dc04bde8e59e0d227812be3a3f805fbfee4559e119c441a4875
ra_no_moddrop_seed2,ra_no_moddrop,2,v40c_01259,6,0,600,0.0,0.0,0.0,0.0,5968bd0509826dc04bde8e59e0d227812be3a3f805fbfee4559e119c441a4875
ra_no_moddrop_seed2,ra_no_moddrop,2,v40c_01260,2,0,200,0.0,0.0,0.0,0.0,5968bd0509826dc04bde8e59e0d227812be3a3f805fbfee4559e119c441a4875
ra_no_moddrop_seed2,ra_no_moddrop,2,v40c_01261,3,0,300,0.0,0.0,0.0,0.0,5968bd0509826dc04bde8e59e0d227812be3a3f805fbfee4559e119c441a4875
ra_no_moddrop_seed2,ra_no_moddrop,2,v40c_01262,1,0,100,0.0,0.0,0.0,0.0,5968bd0509826dc04bde8e59e0d227812be3a3f805fbfee4559e119c441a4875
ra_no_moddrop_seed2,ra_no_moddrop,2,v40c_01263,1,0,100,0.0,0.0,0.0,0.0,5968bd0509826dc04bde8e59e0d227812be3a3f805fbfee4559e119c441a4875
ra_no_moddrop_seed2,ra_no_moddrop,2,v40c_01264,1,0,100,0.0,0.0,0.0,0.0,5968bd0509826dc04bde8e59e0d227812be3a3f805fbfee4559e119c441a4875
ra_no_moddrop_seed2,ra_no_moddrop,2,v40c_01265,1,0,100,0.0,0.0,0.0,0.0,5968bd0509826dc04bde8e59e0d227812be3a3f805fbfee4559e119c441a4875
ra_no_moddrop_seed2,ra_no_moddrop,2,v40c_01266,2,0,200,0.0,0.0,0.0,0.0,5968bd0509826dc04bde8e59e0d227812be3a3f805fbfee4559e119c441a4875
ra_no_moddrop_seed2,ra_no_moddrop,2,v40c_01267,1,0,100,0.0,0.0,0.0,0.0,5968bd0509826dc04bde8e59e0d227812be3a3f805fbfee4559e119c441a4875
ra_no_moddrop_seed2,ra_no_moddrop,2,v40c_01268,1,0,100,0.0,0.0,0.0,0.0,5968bd0509826dc04bde8e59e0d227812be3a3f805fbfee4559e119c441a4875
ra_no_moddrop_seed2,ra_no_moddrop,2,v40c_01269,1,0,100,0.0,0.0,0.0,0.0,5968bd0509826dc04bde8e59e0d227812be3a3f805fbfee4559e119c441a4875
ra_no_moddrop_seed2,ra_no_moddrop,2,v40c_01270,1,0,100,0.0,0.0,0.0,0.0,5968bd0509826dc04bde8e59e0d227812be3a3f805fbfee4559e119c441a4875
ra_no_moddrop_seed2,ra_no_moddrop,2,v40c_01271,1,1,100,0.3428571428571428,0.9999999999999999,0.1428571428571428,0.6,5968bd0509826dc04bde8e59e0d227812be3a3f805fbfee4559e119c441a4875
ra_no_moddrop_seed2,ra_no_moddrop,2,v40c_01272,1,1,100,0.3,0.9999999999999999,0.3333333333333334,0.7,5968bd0509826dc04bde8e59e0d227812be3a3f805fbfee4559e119c441a4875
ra_no_moddrop_seed2,ra_no_moddrop,2,v40c_01273,2,2,200,0.3702027345591702,0.5709570957095711,0.5049504950495048,0.55,5968bd0509826dc04bde8e59e0d227812be3a3f805fbfee4559e119c441a4875
ra_no_moddrop_seed2,ra_no_moddrop,2,v40c_01274,2,2,200,0.7504950495049505,1.0,1.0,0.8,5968bd0509826dc04bde8e59e0d227812be3a3f805fbfee4559e119c441a4875
ra_no_moddrop_seed2,ra_no_moddrop,2,v40c_01275,1,1,100,0.8999999999999998,0.9999999999999999,0.9999999999999999,0.9,5968bd0509826dc04bde8e59e0d227812be3a3f805fbfee4559e119c441a4875
ra_no_moddrop_seed2,ra_no_moddrop,2,v40c_01276,1,1,100,0.8999999999999998,0.9999999999999999,0.9999999999999999,0.9,5968bd0509826dc04bde8e59e0d227812be3a3f805fbfee4559e119c441a4875
ra_no_moddrop_seed2,ra_no_moddrop,2,v40c_01277,1,1,100,0.8999999999999998,0.9999999999999999,0.9999999999999999,0.9,5968bd0509826dc04bde8e59e0d227812be3a3f805fbfee4559e119c441a4875
ra_no_moddrop_seed2,ra_no_moddrop,2,v40c_01278,1,1,100,0.8999999999999998,0.9999999999999999,0.9999999999999999,0.9,5968bd0509826dc04bde8e59e0d227812be3a3f805fbfee4559e119c441a4875
ra_no_moddrop_seed2,ra_no_moddrop,2,v40c_01279,7,7,700,0.9212871287128713,1.0,1.0,0.9428571428571428,5968bd0509826dc04bde8e59e0d227812be3a3f805fbfee4559e119c441a4875
ra_no_moddrop_seed2,ra_no_moddrop,2,v40c_01280,1,1,100,0.8999999999999998,0.9999999999999999,0.9999999999999999,0.9,5968bd0509826dc04bde8e59e0d227812be3a3f805fbfee4559e119c441a4875
ra_no_moddrop_seed2,ra_no_moddrop,2,v40c_01281,1,1,100,0.8999999999999998,0.9999999999999999,0.9999999999999999,0.9,5968bd0509826dc04bde8e59e0d227812be3a3f805fbfee4559e119c441a4875
ra_no_moddrop_seed2,ra_no_moddrop,2,v40c_01282,2,2,200,0.7252475247524752,1.0,1.0,0.75,5968bd0509826dc04bde8e59e0d227812be3a3f805fbfee4559e119c441a4875
ra_no_moddrop_seed2,ra_no_moddrop,2,v40c_01283,1,1,100,0.7999999999999999,0.9999999999999999,0.9999999999999999,0.8,5968bd0509826dc04bde8e59e0d227812be3a3f805fbfee4559e119c441a4875
ra_no_moddrop_seed2,ra_no_moddrop,2,v40c_01284,3,5,300,0.45811395520822984,0.7061436912922061,0.6097001004448271,0.62,5968bd0509826dc04bde8e59e0d227812be3a3f805fbfee4559e119c441a4875
ra_no_moddrop_seed2,ra_no_moddrop,2,v40c_01285,1,1,100,0.40270270270270264,0.9999999999999999,0.013513513513513518,0.6,5968bd0509826dc04bde8e59e0d227812be3a3f805fbfee4559e119c441a4875
ra_no_moddrop_seed2,ra_no_moddrop,2,v40c_01286,1,0,100,0.0,0.0,0.0,0.0,5968bd0509826dc04bde8e59e0d227812be3a3f805fbfee4559e119c441a4875
ra_no_moddrop_seed2,ra_no_moddrop,2,v40c_01287,1,0,100,0.0,0.0,0.0,0.0,5968bd0509826dc04bde8e59e0d227812be3a3f805fbfee4559e119c441a4875
ra_no_moddrop_seed2,ra_no_moddrop,2,v40c_01288,1,0,100,0.0,0.0,0.0,0.0,5968bd0509826dc04bde8e59e0d227812be3a3f805fbfee4559e119c441a4875
ra_no_moddrop_seed2,ra_no_moddrop,2,v40c_01289,2,0,200,0.0,0.0,0.0,0.0,5968bd0509826dc04bde8e59e0d227812be3a3f805fbfee4559e119c441a4875
ra_no_moddrop_seed2,ra_no_moddrop,2,v40c_01290,4,0,400,0.0,0.0,0.0,0.0,5968bd0509826dc04bde8e59e0d227812be3a3f805fbfee4559e119c441a4875
ra_no_moddrop_seed2,ra_no_moddrop,2,v40c_01291,1,0,100,0.0,0.0,0.0,0.0,5968bd0509826dc04bde8e59e0d227812be3a3f805fbfee4559e119c441a4875
ra_no_moddrop_seed2,ra_no_moddrop,2,v40c_01292,1,0,100,0.0,0.0,0.0,0.0,5968bd0509826dc04bde8e59e0d227812be3a3f805fbfee4559e119c441a4875
ra_no_moddrop_seed2,ra_no_moddrop,2,v40c_01293,1,0,100,0.0,0.0,0.0,0.0,5968bd0509826dc04bde8e59e0d227812be3a3f805fbfee4559e119c441a4875
ra_no_moddrop_seed2,ra_no_moddrop,2,v40c_01294,1,0,100,0.0,0.0,0.0,0.0,5968bd0509826dc04bde8e59e0d227812be3a3f805fbfee4559e119c441a4875
ra_no_moddrop_seed2,ra_no_moddrop,2,v40c_01295,1,0,100,0.0,0.0,0.0,0.0,5968bd0509826dc04bde8e59e0d227812be3a3f805fbfee4559e119c441a4875
ra_no_moddrop_seed2,ra_no_moddrop,2,v40c_01296,1,0,100,0.0,0.0,0.0,0.0,5968bd0509826dc04bde8e59e0d227812be3a3f805fbfee4559e119c441a4875
ra_no_moddrop_seed2,ra_no_moddrop,2,v40c_01297,1,1,100,0.7,0.9999999999999999,0.9999999999999999,0.7,5968bd0509826dc04bde8e59e0d227812be3a3f805fbfee4559e119c441a4875
ra_no_moddrop_seed2,ra_no_moddrop,2,v40c_01298,1,2,100,0.6257425742574256,1.0,0.37623762376237624,0.8,5968bd0509826dc04bde8e59e0d227812be3a3f805fbfee4559e119c441a4875
ra_no_moddrop_seed2,ra_no_moddrop,2,v40c_01299,1,2,100,0.8,1.0,1.0,0.8,5968bd0509826dc04bde8e59e0d227812be3a3f805fbfee4559e119c441a4875
ra_no_moddrop_seed2,ra_no_moddrop,2,v40c_01398,36,305,3600,0.839093686617262,0.9980328230699786,0.9855963244745509,0.8747540983606557,5968bd0509826dc04bde8e59e0d227812be3a3f805fbfee4559e119c441a4875
ra_no_moddrop_seed2,ra_no_moddrop,2,v40c_01399,1,7,100,0.8907590759075908,1.0,1.0,0.9142857142857144,5968bd0509826dc04bde8e59e0d227812be3a3f805fbfee4559e119c441a4875
ra_no_moddrop_seed2,ra_no_moddrop,2,v40c_01400,1,8,100,0.807920792079208,1.0,0.8712871287128713,0.825,5968bd0509826dc04bde8e59e0d227812be3a3f805fbfee4559e119c441a4875
ra_no_moddrop_seed2,ra_no_moddrop,2,v40c_01401,1,7,100,0.8526237623762375,1.0,1.0,0.8714285714285713,5968bd0509826dc04bde8e59e0d227812be3a3f805fbfee4559e119c441a4875
ra_no_moddrop_seed2,ra_no_moddrop,2,v40c_01402,1,7,100,0.8702970297029703,1.0,1.0,0.8714285714285716,5968bd0509826dc04bde8e59e0d227812be3a3f805fbfee4559e119c441a4875
ra_no_moddrop_seed2,ra_no_moddrop,2,v40c_01403,1,7,100,0.7656393058660705,1.0,0.8514851485148515,0.8,5968bd0509826dc04bde8e59e0d227812be3a3f805fbfee4559e119c441a4875
ra_no_moddrop_seed2,ra_no_moddrop,2,v40c_01404,2,14,200,0.8292079207920793,1.0,1.0,0.8499999999999999,5968bd0509826dc04bde8e59e0d227812be3a3f805fbfee4559e119c441a4875
ra_no_moddrop_seed2,ra_no_moddrop,2,v40c_01405,8,52,800,0.8230936008517136,0.994628553339591,0.9198858100913065,0.8576923076923076,5968bd0509826dc04bde8e59e0d227812be3a3f805fbfee4559e119c441a4875
ra_no_moddrop_seed2,ra_no_moddrop,2,v40c_01406,1,7,100,0.8144389438943895,1.0,0.8811881188118813,0.8571428571428571,5968bd0509826dc04bde8e59e0d227812be3a3f805fbfee4559e119c441a4875
ra_no_moddrop_seed2,ra_no_moddrop,2,v40c_01407,1,7,100,0.8141914191419142,1.0,0.8514851485148515,0.8285714285714286,5968bd0509826dc04bde8e59e0d227812be3a3f805fbfee4559e119c441a4875
ra_no_moddrop_seed2,ra_no_moddrop,2,v40c_01408,2,12,200,0.8722772277227723,1.0,1.0,0.8833333333333332,5968bd0509826dc04bde8e59e0d227812be3a3f805fbfee4559e119c441a4875
ra_no_moddrop_seed2,ra_no_moddrop,2,v40c_01409,1,7,100,0.8344884488448845,1.0,1.0,0.8428571428571429,5968bd0509826dc04bde8e59e0d227812be3a3f805fbfee4559e119c441a4875
ra_no_moddrop_seed2,ra_no_moddrop,2,v40c_01410,3,21,300,0.8537482319660537,1.0,1.0,0.8761904761904761,5968bd0509826dc04bde8e59e0d227812be3a3f805fbfee4559e119c441a4875
ra_no_moddrop_seed2,ra_no_moddrop,2,v40c_01411,4,27,400,0.8169831167134449,1.0,0.9192688499619192,0.8518518518518519,5968bd0509826dc04bde8e59e0d227812be3a3f805fbfee4559e119c441a4875
ra_no_moddrop_seed2,ra_no_moddrop,2,v40c_01412,2,12,200,0.7635342808474397,1.0,0.8592143085276269,0.8583333333333334,5968bd0509826dc04bde8e59e0d227812be3a3f805fbfee4559e119c441a4875
ra_no_moddrop_seed2,ra_no_moddrop,2,v40c_01413,1,6,100,0.7679702970297031,1.0,0.8435643564356439,0.8333333333333334,5968bd0509826dc04bde8e59e0d227812be3a3f805fbfee4559e119c441a4875
ra_no_moddrop_seed2,ra_no_moddrop,2,v40c_01414,1,6,100,0.8478217821782177,1.0,0.8316831683168316,0.8666666666666668,5968bd0509826dc04bde8e59e0d227812be3a3f805fbfee4559e119c441a4875
ra_no_moddrop_seed2,ra_no_moddrop,2,v40c_01415,3,19,300,0.8030811222588673,0.9917367676617282,0.8781747739991391,0.8315789473684209,5968bd0509826dc04bde8e59e0d227812be3a3f805fbfee4559e119c441a4875
ra_no_moddrop_seed2,ra_no_moddrop,2,v40c_01416,1,6,100,0.8446534653465347,0.9759547383309762,0.9759547383309762,0.8833333333333334,5968bd0509826dc04bde8e59e0d227812be3a3f805fbfee4559e119c441a4875
ra_no_moddrop_seed2,ra_no_moddrop,2,v40c_01417,1,5,100,0.9,1.0,1.0,0.9,5968bd0509826dc04bde8e59e0d227812be3a3f805fbfee4559e119c441a4875
ra_no_moddrop_seed2,ra_no_moddrop,2,v40c_01418,1,5,100,0.9,1.0,1.0,0.9,5968bd0509826dc04bde8e59e0d227812be3a3f805fbfee4559e119c441a4875
ra_no_moddrop_seed2,ra_no_moddrop,2,v40c_01419,1,5,100,0.9009900990099009,1.0,1.0,0.9,5968bd0509826dc04bde8e59e0d227812be3a3f805fbfee4559e119c441a4875
ra_no_moddrop_seed2,ra_no_moddrop,2,v40c_01420,1,5,100,0.8811881188118811,1.0,1.0,0.8799999999999999,5968bd0509826dc04bde8e59e0d227812be3a3f805fbfee4559e119c441a4875
ra_no_moddrop_seed2,ra_no_moddrop,2,v40c_01421,2,10,200,0.8894939493949396,1.0,1.0,0.9100000000000001,5968bd0509826dc04bde8e59e0d227812be3a3f805fbfee4559e119c441a4875
ra_no_moddrop_seed2,ra_no_moddrop,2,v40c_01422,2,10,200,0.8911716171617161,1.0,1.0,0.9,5968bd0509826dc04bde8e59e0d227812be3a3f805fbfee4559e119c441a4875
ra_no_moddrop_seed2,ra_no_moddrop,2,v40c_01423,4,20,400,0.8803072218986605,1.0,1.0,0.9049999999999999,5968bd0509826dc04bde8e59e0d227812be3a3f805fbfee4559e119c441a4875
ra_no_moddrop_seed2,ra_no_moddrop,2,v40c_01424,1,5,100,0.8905940594059405,1.0,1.0,0.9200000000000002,5968bd0509826dc04bde8e59e0d227812be3a3f805fbfee4559e119c441a4875
ra_no_moddrop_seed2,ra_no_moddrop,2,v40c_01425,1,5,100,0.8724752475247524,1.0,1.0,0.9,5968bd0509826dc04bde8e59e0d227812be3a3f805fbfee4559e119c441a4875
ra_no_moddrop_seed2,ra_no_moddrop,2,v40c_01426,1,5,100,0.8493399339933992,1.0,1.0,0.8799999999999999,5968bd0509826dc04bde8e59e0d227812be3a3f805fbfee4559e119c441a4875
ra_no_moddrop_seed2,ra_no_moddrop,2,v40c_01427,7,29,700,0.8205002675188753,0.9737508634584386,0.9603960396039604,0.8655172413793105,5968bd0509826dc04bde8e59e0d227812be3a3f805fbfee4559e119c441a4875
ra_no_moddrop_seed2,ra_no_moddrop,2,v40c_01428,1,6,100,0.8084158415841584,1.0,1.0,0.8166666666666667,5968bd0509826dc04bde8e59e0d227812be3a3f805fbfee4559e119c441a4875
ra_no_moddrop_seed2,ra_no_moddrop,2,v40c_01429,1,5,100,0.7844884488448842,0.9669966996699667,0.801980198019802,0.8,5968bd0509826dc04bde8e59e0d227812be3a3f805fbfee4559e119c441a4875
ra_no_moddrop_seed2,ra_no_moddrop,2,v40c_01430,1,5,100,0.7642149929278641,0.9434229137199429,0.801980198019802,0.78,5968bd0509826dc04bde8e59e0d227812be3a3f805fbfee4559e119c441a4875
ra_no_moddrop_seed2,ra_no_moddrop,2,v40c_01431,2,11,200,0.6991212871287129,0.8904702970297029,0.8564356435643564,0.7636363636363636,5968bd0509826dc04bde8e59e0d227812be3a3f805fbfee4559e119c441a4875
ra_no_moddrop_seed2,ra_no_moddrop,2,v40c_01432,1,4,100,0.7881188118811882,1.0,1.0,0.8,5968bd0509826dc04bde8e59e0d227812be3a3f805fbfee4559e119c441a4875
ra_no_moddrop_seed2,ra_no_moddrop,2,v40c_01433,2,9,200,0.7333558468628817,0.9357850070721357,0.788118811881188,0.8222222222222222,5968bd0509826dc04bde8e59e0d227812be3a3f805fbfee4559e119c441a4875
ra_no_moddrop_seed2,ra_no_moddrop,2,v40c_01434,1,5,100,0.7352663837812352,0.9434229137199429,0.9257425742574258,0.82,5968bd0509826dc04bde8e59e0d227812be3a3f805fbfee4559e119c441a4875
ra_no_moddrop_seed2,ra_no_moddrop,2,v40c_01435,1,3,100,0.9,1.0,1.0,0.9,5968bd0509826dc04bde8e59e0d227812be3a3f805fbfee4559e119c441a4875
ra_no_moddrop_seed2,ra_no_moddrop,2,v40c_01436,1,3,100,0.9,1.0,1.0,0.9,5968bd0509826dc04bde8e59e0d227812be3a3f805fbfee4559e119c441a4875
ra_no_moddrop_seed2,ra_no_moddrop,2,v40c_01437,2,6,200,0.8523102310231023,1.0,1.0,0.8666666666666666,5968bd0509826dc04bde8e59e0d227812be3a3f805fbfee4559e119c441a4875
ra_no_moddrop_seed2,ra_no_moddrop,2,v40c_01438,5,16,500,0.8052815377691618,0.9414941494149418,0.9414941494149418,0.8625,5968bd0509826dc04bde8e59e0d227812be3a3f805fbfee4559e119c441a4875
ra_no_moddrop_seed2,ra_no_moddrop,2,v40c_01439,1,2,100,0.9252475247524753,1.0,1.0,0.95,5968bd0509826dc04bde8e59e0d227812be3a3f805fbfee4559e119c441a4875
ra_no_moddrop_seed2,ra_no_moddrop,2,v40c_01440,1,3,100,0.8663366336633663,1.0,1.0,0.8666666666666666,5968bd0509826dc04bde8e59e0d227812be3a3f805fbfee4559e119c441a4875
ra_no_moddrop_seed2,ra_no_moddrop,2,v40c_01441,1,2,100,0.9,1.0,1.0,0.9,5968bd0509826dc04bde8e59e0d227812be3a3f805fbfee4559e119c441a4875
ra_no_moddrop_seed2,ra_no_moddrop,2,v40c_01442,1,2,100,0.9,1.0,1.0,0.9,5968bd0509826dc04bde8e59e0d227812be3a3f805fbfee4559e119c441a4875
ra_no_moddrop_seed2,ra_no_moddrop,2,v40c_01443,2,4,200,0.9,1.0,1.0,0.9,5968bd0509826dc04bde8e59e0d227812be3a3f805fbfee4559e119c441a4875
ra_no_moddrop_seed2,ra_no_moddrop,2,v40c_01444,1,2,100,0.9252475247524753,1.0,1.0,0.95,5968bd0509826dc04bde8e59e0d227812be3a3f805fbfee4559e119c441a4875
ra_no_moddrop_seed2,ra_no_moddrop,2,v40c_01445,1,2,100,0.8252475247524753,1.0,1.0,0.85,5968bd0509826dc04bde8e59e0d227812be3a3f805fbfee4559e119c441a4875
ra_no_moddrop_seed2,ra_no_moddrop,2,v40c_01446,1,2,100,0.9504950495049505,1.0,1.0,0.95,5968bd0509826dc04bde8e59e0d227812be3a3f805fbfee4559e119c441a4875
ra_no_moddrop_seed2,ra_no_moddrop,2,v40c_01447,1,2,100,0.8514851485148514,1.0,1.0,0.85,5968bd0509826dc04bde8e59e0d227812be3a3f805fbfee4559e119c441a4875
ra_no_moddrop_seed2,ra_no_moddrop,2,v40c_01448,1,2,100,0.9,1.0,1.0,0.9,5968bd0509826dc04bde8e59e0d227812be3a3f805fbfee4559e119c441a4875
ra_no_moddrop_seed2,ra_no_moddrop,2,v40c_01449,1,2,100,0.7514851485148515,1.0,1.0,0.75,5968bd0509826dc04bde8e59e0d227812be3a3f805fbfee4559e119c441a4875
ra_no_moddrop_seed2,ra_no_moddrop,2,v40c_01450,1,2,100,0.8504950495049505,1.0,1.0,0.85,5968bd0509826dc04bde8e59e0d227812be3a3f805fbfee4559e119c441a4875
ra_no_moddrop_seed2,ra_no_moddrop,2,v40c_01451,1,2,100,0.8,1.0,1.0,0.8,5968bd0509826dc04bde8e59e0d227812be3a3f805fbfee4559e119c441a4875
ra_no_moddrop_seed2,ra_no_moddrop,2,v40c_01452,1,2,100,0.9252475247524753,1.0,1.0,0.95,5968bd0509826dc04bde8e59e0d227812be3a3f805fbfee4559e119c441a4875
ra_no_moddrop_seed2,ra_no_moddrop,2,v40c_01453,1,4,100,0.7927392739273926,1.0,1.0,0.8,5968bd0509826dc04bde8e59e0d227812be3a3f805fbfee4559e119c441a4875
ra_no_moddrop_seed2,ra_no_moddrop,2,v40c_01454,1,3,100,0.7084158415841585,0.9158415841584159,0.9158415841584159,0.7666666666666666,5968bd0509826dc04bde8e59e0d227812be3a3f805fbfee4559e119c441a4875
ra_no_moddrop_seed2,ra_no_moddrop,2,v40c_01610,4,24,400,0.8715346534653465,1.0,1.0,0.8916666666666666,5968bd0509826dc04bde8e59e0d227812be3a3f805fbfee4559e119c441a4875
ra_no_moddrop_seed2,ra_no_moddrop,2,v40c_01611,1,6,100,0.8719471947194719,1.0,1.0,0.8833333333333332,5968bd0509826dc04bde8e59e0d227812be3a3f805fbfee4559e119c441a4875
ra_no_moddrop_seed2,ra_no_moddrop,2,v40c_01612,2,12,200,0.8765558698727014,1.0,1.0,0.9,5968bd0509826dc04bde8e59e0d227812be3a3f805fbfee4559e119c441a4875
ra_no_moddrop_seed2,ra_no_moddrop,2,v40c_01613,1,6,100,0.8861386138613861,1.0,1.0,0.9166666666666667,5968bd0509826dc04bde8e59e0d227812be3a3f805fbfee4559e119c441a4875
ra_no_moddrop_seed2,ra_no_moddrop,2,v40c_01614,3,15,300,0.9027227722772277,1.0,1.0,0.9133333333333333,5968bd0509826dc04bde8e59e0d227812be3a3f805fbfee4559e119c441a4875
ra_no_moddrop_seed2,ra_no_moddrop,2,v40c_01615,1,4,100,0.8504950495049505,1.0,1.0,0.85,5968bd0509826dc04bde8e59e0d227812be3a3f805fbfee4559e119c441a4875
ra_no_moddrop_seed2,ra_no_moddrop,2,v40c_01616,5,23,500,0.8497712466446183,0.9942878903274944,0.9942878903274944,0.8739130434782609,5968bd0509826dc04bde8e59e0d227812be3a3f805fbfee4559e119c441a4875
ra_no_moddrop_seed2,ra_no_moddrop,2,v40c_01617,1,4,100,0.7523691654879774,1.0,0.7613154172560117,0.825,5968bd0509826dc04bde8e59e0d227812be3a3f805fbfee4559e119c441a4875
ra_no_moddrop_seed2,ra_no_moddrop,2,v40c_01618,7,23,700,0.7391431680804865,0.9586272932410871,0.7909855010268829,0.782608695652174,5968bd0509826dc04bde8e59e0d227812be3a3f805fbfee4559e119c441a4875
ra_no_moddrop_seed2,ra_no_moddrop,2,v40c_01619,1,3,100,0.8336633663366335,1.0,1.0,0.8666666666666668,5968bd0509826dc04bde8e59e0d227812be3a3f805fbfee4559e119c441a4875
ra_no_moddrop_seed2,ra_no_moddrop,2,v40c_01620,6,24,600,0.7095898859495013,0.9541822470088199,0.8067007382440403,0.7875,5968bd0509826dc04bde8e59e0d227812be3a3f805fbfee4559e119c441a4875
ra_no_moddrop_seed2,ra_no_moddrop,2,v40c_01621,1,4,100,0.7209335219236208,1.0,0.7878359264497875,0.775,5968bd0509826dc04bde8e59e0d227812be3a3f805fbfee4559e119c441a4875
ra_no_moddrop_seed2,ra_no_moddrop,2,v40c_01622,2,8,200,0.799009900990099,1.0,1.0,0.8,5968bd0509826dc04bde8e59e0d227812be3a3f805fbfee4559e119c441a4875
ra_no_moddrop_seed2,ra_no_moddrop,2,v40c_01623,1,4,100,0.7638613861386139,1.0,1.0,0.775,5968bd0509826dc04bde8e59e0d227812be3a3f805fbfee4559e119c441a4875
ra_no_moddrop_seed2,ra_no_moddrop,2,v40c_01624,1,4,100,0.8257425742574258,1.0,1.0,0.825,5968bd0509826dc04bde8e59e0d227812be3a3f805fbfee4559e119c441a4875
ra_no_moddrop_seed2,ra_no_moddrop,2,v40c_01625,1,4,100,0.7215346534653466,1.0,0.6905940594059405,0.725,5968bd0509826dc04bde8e59e0d227812be3a3f805fbfee4559e119c441a4875
ra_no_moddrop_seed2,ra_no_moddrop,2,v40c_01626,1,4,100,0.7326883718120095,1.0,0.5546064903973236,0.775,5968bd0509826dc04bde8e59e0d227812be3a3f805fbfee4559e119c441a4875
ra_no_moddrop_seed2,ra_no_moddrop,2,v40c_01627,1,3,100,0.800990099009901,1.0,1.0,0.7999999999999999,5968bd0509826dc04bde8e59e0d227812be3a3f805fbfee4559e119c441a4875
ra_no_moddrop_seed2,ra_no_moddrop,2,v40c_01628,1,3,100,0.6811881188118812,0.9158415841584159,0.5594059405940596,0.7999999999999999,5968bd0509826dc04bde8e59e0d227812be3a3f805fbfee4559e119c441a4875
ra_no_moddrop_seed2,ra_no_moddrop,2,v40c_01629,1,3,100,0.7891089108910891,1.0,1.0,0.7999999999999999,5968bd0509826dc04bde8e59e0d227812be3a3f805fbfee4559e119c441a4875
ra_no_moddrop_seed2,ra_no_moddrop,2,v40c_01630,1,3,100,0.7653465346534654,1.0,0.6633663366336634,0.7666666666666667,5968bd0509826dc04bde8e59e0d227812be3a3f805fbfee4559e119c441a4875
ra_no_moddrop_seed2,ra_no_moddrop,2,v40c_01631,1,3,100,0.7226199543031226,1.0,0.6892612338156894,0.8333333333333334,5968bd0509826dc04bde8e59e0d227812be3a3f805fbfee4559e119c441a4875
ra_no_moddrop_seed2,ra_no_moddrop,2,v40c_01632,1,2,100,0.8504950495049505,1.0,1.0,0.85,5968bd0509826dc04bde8e59e0d227812be3a3f805fbfee4559e119c441a4875
ra_no_moddrop_seed2,ra_no_moddrop,2,v40c_01633,3,8,300,0.6688532301506014,0.9724972497249724,0.6503926254694437,0.7625,5968bd0509826dc04bde8e59e0d227812be3a3f805fbfee4559e119c441a4875
ra_no_moddrop_seed2,ra_no_moddrop,2,v40c_01634,2,4,200,0.6396039603960395,0.7920792079207919,0.7524752475247525,0.7,5968bd0509826dc04bde8e59e0d227812be3a3f805fbfee4559e119c441a4875
ra_no_moddrop_seed2,ra_no_moddrop,2,v40c_01635,2,2,200,0.9252475247524753,1.0,1.0,0.95,5968bd0509826dc04bde8e59e0d227812be3a3f805fbfee4559e119c441a4875
ra_no_moddrop_seed2,ra_no_moddrop,2,v40c_01636,2,2,200,0.9,1.0,1.0,0.9,5968bd0509826dc04bde8e59e0d227812be3a3f805fbfee4559e119c441a4875
ra_no_moddrop_seed2,ra_no_moddrop,2,v40c_01637,2,2,200,0.9252475247524753,1.0,1.0,0.95,5968bd0509826dc04bde8e59e0d227812be3a3f805fbfee4559e119c441a4875
ra_no_moddrop_seed2,ra_no_moddrop,2,v40c_01638,1,1,100,0.8999999999999998,0.9999999999999999,0.9999999999999999,0.9,5968bd0509826dc04bde8e59e0d227812be3a3f805fbfee4559e119c441a4875
ra_no_moddrop_seed2,ra_no_moddrop,2,v40c_01639,1,1,100,0.8999999999999998,0.9999999999999999,0.9999999999999999,0.9,5968bd0509826dc04bde8e59e0d227812be3a3f805fbfee4559e119c441a4875
ra_no_moddrop_seed2,ra_no_moddrop,2,v40c_01640,1,1,100,0.7999999999999999,0.9999999999999999,0.9999999999999999,0.8,5968bd0509826dc04bde8e59e0d227812be3a3f805fbfee4559e119c441a4875
ra_no_moddrop_seed2,ra_no_moddrop,2,v40c_01641,1,2,100,0.9,1.0,1.0,0.9,5968bd0509826dc04bde8e59e0d227812be3a3f805fbfee4559e119c441a4875
ra_no_moddrop_seed2,ra_no_moddrop,2,v40c_01642,1,2,100,0.9504950495049505,1.0,1.0,0.95,5968bd0509826dc04bde8e59e0d227812be3a3f805fbfee4559e119c441a4875
ra_no_moddrop_seed2,ra_no_moddrop,2,v40c_01643,1,2,100,0.8504950495049505,1.0,1.0,0.85,5968bd0509826dc04bde8e59e0d227812be3a3f805fbfee4559e119c441a4875
ra_no_moddrop_seed2,ra_no_moddrop,2,v40c_01644,1,1,100,0.8999999999999998,0.9999999999999999,0.9999999999999999,0.9,5968bd0509826dc04bde8e59e0d227812be3a3f805fbfee4559e119c441a4875
ra_no_moddrop_seed2,ra_no_moddrop,2,v40c_01645,1,1,100,0.8999999999999998,0.9999999999999999,0.9999999999999999,0.9,5968bd0509826dc04bde8e59e0d227812be3a3f805fbfee4559e119c441a4875
ra_no_moddrop_seed2,ra_no_moddrop,2,v40c_02412,1,1,100,0.29999999999999993,0.9999999999999999,0.0,0.3,5968bd0509826dc04bde8e59e0d227812be3a3f805fbfee4559e119c441a4875
ra_no_moddrop_seed2,ra_no_moddrop,2,v40c_02413,1,1,100,0.4,0.5,0.5,0.8,5968bd0509826dc04bde8e59e0d227812be3a3f805fbfee4559e119c441a4875
ra_no_moddrop_seed2,ra_no_moddrop,2,v40c_02414,1,1,100,0.4,0.5,0.5,0.8,5968bd0509826dc04bde8e59e0d227812be3a3f805fbfee4559e119c441a4875
ra_no_moddrop_seed2,ra_no_moddrop,2,v40c_02415,1,0,100,0.0,0.0,0.0,0.0,5968bd0509826dc04bde8e59e0d227812be3a3f805fbfee4559e119c441a4875
ra_no_moddrop_seed2,ra_no_moddrop,2,v40c_02416,1,1,100,0.35,0.5,0.5,0.7,5968bd0509826dc04bde8e59e0d227812be3a3f805fbfee4559e119c441a4875
ra_no_moddrop_seed2,ra_no_moddrop,2,v40c_02417,1,2,100,0.7,1.0,1.0,0.7,5968bd0509826dc04bde8e59e0d227812be3a3f805fbfee4559e119c441a4875
ra_no_moddrop_seed2,ra_no_moddrop,2,v40c_02418,1,3,100,0.40155586987270164,0.8076379066478078,0.2616690240452616,0.6,5968bd0509826dc04bde8e59e0d227812be3a3f805fbfee4559e119c441a4875
ra_no_moddrop_seed2,ra_no_moddrop,2,v40c_02419,1,3,100,0.5701555869872703,0.8076379066478078,0.6633663366336634,0.6666666666666666,5968bd0509826dc04bde8e59e0d227812be3a3f805fbfee4559e119c441a4875
ra_no_moddrop_seed2,ra_no_moddrop,2,v40c_02420,1,3,100,0.5666666666666667,1.0,0.5544554455445545,0.6,5968bd0509826dc04bde8e59e0d227812be3a3f805fbfee4559e119c441a4875
ra_no_moddrop_seed2,ra_no_moddrop,2,v40c_02421,1,3,100,0.7221122112211221,1.0,1.0,0.7666666666666666,5968bd0509826dc04bde8e59e0d227812be3a3f805fbfee4559e119c441a4875
ra_no_moddrop_seed2,ra_no_moddrop,2,v40c_02422,1,3,100,0.5475247524752476,0.7475247524752475,0.3910891089108911,0.7,5968bd0509826dc04bde8e59e0d227812be3a3f805fbfee4559e119c441a4875
ra_no_moddrop_seed2,ra_no_moddrop,2,v40c_02423,1,2,100,0.5844884488448845,0.834983498349835,0.834983498349835,0.7,5968bd0509826dc04bde8e59e0d227812be3a3f805fbfee4559e119c441a4875
ra_no_moddrop_seed2,ra_no_moddrop,2,v40c_02424,1,2,100,0.5732673267326733,0.7029702970297033,0.7029702970297033,0.75,5968bd0509826dc04bde8e59e0d227812be3a3f805fbfee4559e119c441a4875
ra_no_moddrop_seed2,ra_no_moddrop,2,v40c_02425,1,3,100,0.6065346534653464,0.865346534653465,0.46732673267326735,0.7333333333333333,5968bd0509826dc04bde8e59e0d227812be3a3f805fbfee4559e119c441a4875
ra_no_moddrop_seed2,ra_no_moddrop,2,v40c_02426,1,3,100,0.5673267326732673,1.0,0.33663366336633654,0.5666666666666667,5968bd0509826dc04bde8e59e0d227812be3a3f805fbfee4559e119c441a4875
ra_no_moddrop_seed2,ra_no_moddrop,2,v40c_02427,1,2,100,0.600990099009901,1.0,0.2524752475247525,0.7,5968bd0509826dc04bde8e59e0d227812be3a3f805fbfee4559e119c441a4875
ra_no_moddrop_seed2,ra_no_moddrop,2,v40c_02428,1,2,100,0.700990099009901,1.0,1.0,0.7,5968bd0509826dc04bde8e59e0d227812be3a3f805fbfee4559e119c441a4875
ra_no_moddrop_seed2,ra_no_moddrop,2,v40c_02429,1,2,100,0.6514851485148514,1.0,0.5049504950495048,0.65,5968bd0509826dc04bde8e59e0d227812be3a3f805fbfee4559e119c441a4875
ra_no_moddrop_seed2,ra_no_moddrop,2,v40c_02430,1,2,100,0.6514851485148514,1.0,0.5049504950495048,0.65,5968bd0509826dc04bde8e59e0d227812be3a3f805fbfee4559e119c441a4875
ra_no_moddrop_seed2,ra_no_moddrop,2,v40c_02431,1,2,100,0.6262376237623762,1.0,0.2524752475247525,0.75,5968bd0509826dc04bde8e59e0d227812be3a3f805fbfee4559e119c441a4875
ra_no_moddrop_seed2,ra_no_moddrop,2,v40c_02432,1,2,100,0.5757425742574258,1.0,0.2524752475247525,0.65,5968bd0509826dc04bde8e59e0d227812be3a3f805fbfee4559e119c441a4875
ra_no_moddrop_seed2,ra_no_moddrop,2,v40c_02433,1,2,100,0.7019801980198019,1.0,0.5049504950495048,0.7,5968bd0509826dc04bde8e59e0d227812be3a3f805fbfee4559e119c441a4875
ra_no_moddrop_seed2,ra_no_moddrop,2,v40c_02434,1,2,100,0.6504950495049504,1.0,1.0,0.65,5968bd0509826dc04bde8e59e0d227812be3a3f805fbfee4559e119c441a4875
ra_no_moddrop_seed2,ra_no_moddrop,2,v40c_02435,1,2,100,0.5514851485148514,1.0,0.5049504950495048,0.55,5968bd0509826dc04bde8e59e0d227812be3a3f805fbfee4559e119c441a4875
ra_no_moddrop_seed2,ra_no_moddrop,2,v40c_02436,1,3,100,0.48561056105610556,1.0,0.35115511551155104,0.6333333333333333,5968bd0509826dc04bde8e59e0d227812be3a3f805fbfee4559e119c441a4875
ra_no_moddrop_seed2,ra_no_moddrop,2,v40c_02437,1,2,100,0.47574257425742583,0.6666666666666669,0.6666666666666669,0.75,5968bd0509826dc04bde8e59e0d227812be3a3f805fbfee4559e119c441a4875
ra_no_moddrop_seed2,ra_no_moddrop,2,v40c_02438,2,5,200,0.6657425742574257,1.0,0.683168316831683,0.74,5968bd0509826dc04bde8e59e0d227812be3a3f805fbfee4559e119c441a4875
ra_no_moddrop_seed2,ra_no_moddrop,2,v40c_02439,1,4,100,0.509123055162659,0.8762376237623762,0.42244224422442234,0.65,5968bd0509826dc04bde8e59e0d227812be3a3f805fbfee4559e119c441a4875
ra_no_moddrop_seed2,ra_no_moddrop,2,v40c_02440,2,6,200,0.5836483648364837,0.8690369036903691,0.7772277227722773,0.6666666666666667,5968bd0509826dc04bde8e59e0d227812be3a3f805fbfee4559e119c441a4875
ra_no_moddrop_seed2,ra_no_moddrop,2,v40c_02441,1,3,100,0.7204320432043205,1.0,0.7092709270927096,0.7666666666666666,5968bd0509826dc04bde8e59e0d227812be3a3f805fbfee4559e119c441a4875
ra_no_moddrop_seed2,ra_no_moddrop,2,v40c_02442,1,4,100,0.6762376237623763,1.0,0.7524752475247525,0.7,5968bd0509826dc04bde8e59e0d227812be3a3f805fbfee4559e119c441a4875
ra_no_moddrop_seed2,ra_no_moddrop,2,v40c_02443,1,4,100,0.6585572842998586,1.0,0.8231966053748235,0.675,5968bd0509826dc04bde8e59e0d227812be3a3f805fbfee4559e119c441a4875
ra_no_moddrop_seed2,ra_no_moddrop,2,v40c_02444,1,4,100,0.6205445544554455,1.0,0.6905940594059405,0.625,5968bd0509826dc04bde8e59e0d227812be3a3f805fbfee4559e119c441a4875
ra_no_moddrop_seed2,ra_no_moddrop,2,v40c_02445,1,4,100,0.529557367501456,1.0,0.504950495049505,0.625,5968bd0509826dc04bde8e59e0d227812be3a3f805fbfee4559e119c441a4875
ra_no_moddrop_seed2,ra_no_moddrop,2,v40c_02446,2,6,200,0.6362376237623761,0.9579207920792079,0.8316831683168316,0.6666666666666667,5968bd0509826dc04bde8e59e0d227812be3a3f805fbfee4559e119c441a4875
ra_no_moddrop_seed2,ra_no_moddrop,2,v40c_02447,1,3,100,0.5630661130629191,0.865346534653465,0.6633663366336634,0.6666666666666666,5968bd0509826dc04bde8e59e0d227812be3a3f805fbfee4559e119c441a4875
ra_no_moddrop_seed2,ra_no_moddrop,2,v40c_02448,1,2,100,0.5366636663666368,0.7029702970297033,0.5049504950495048,0.7,5968bd0509826dc04bde8e59e0d227812be3a3f805fbfee4559e119c441a4875
ra_no_moddrop_seed2,ra_no_moddrop,2,v40c_02449,1,2,100,0.6504950495049504,1.0,1.0,0.65,5968bd0509826dc04bde8e59e0d227812be3a3f805fbfee4559e119c441a4875
ra_no_moddrop_seed2,ra_no_moddrop,2,v40c_02450,1,2,100,0.45069306930693076,1.0,0.10099009900990098,0.55,5968bd0509826dc04bde8e59e0d227812be3a3f805fbfee4559e119c441a4875
ra_no_moddrop_seed2,ra_no_moddrop,2,v40c_02451,1,2,100,0.7252475247524752,1.0,1.0,0.75,5968bd0509826dc04bde8e59e0d227812be3a3f805fbfee4559e119c441a4875
ra_no_moddrop_seed2,ra_no_moddrop,2,v40c_02452,1,2,100,0.600990099009901,1.0,0.5049504950495048,0.6,5968bd0509826dc04bde8e59e0d227812be3a3f805fbfee4559e119c441a4875
ra_no_moddrop_seed2,ra_no_moddrop,2,v40c_02453,1,2,100,0.5504950495049504,1.0,0.2524752475247525,0.6,5968bd0509826dc04bde8e59e0d227812be3a3f805fbfee4559e119c441a4875
ra_no_moddrop_seed2,ra_no_moddrop,2,v40c_02482,48,155,4800,0.8077329532865886,0.9907998023678165,0.989524113701693,0.8470967741935483,5968bd0509826dc04bde8e59e0d227812be3a3f805fbfee4559e119c441a4875
ra_no_moddrop_seed2,ra_no_moddrop,2,v40c_02483,1,3,100,0.7438943894389438,1.0,1.0,0.8333333333333334,5968bd0509826dc04bde8e59e0d227812be3a3f805fbfee4559e119c441a4875
ra_no_moddrop_seed2,ra_no_moddrop,2,v40c_02484,1,3,100,0.8227722772277228,1.0,1.0,0.8333333333333333,5968bd0509826dc04bde8e59e0d227812be3a3f805fbfee4559e119c441a4875
ra_no_moddrop_seed2,ra_no_moddrop,2,v40c_02485,6,18,600,0.8292711771177117,1.0,1.0,0.8333333333333334,5968bd0509826dc04bde8e59e0d227812be3a3f805fbfee4559e119c441a4875
ra_no_moddrop_seed2,ra_no_moddrop,2,v40c_02486,1,3,100,0.799009900990099,1.0,1.0,0.8,5968bd0509826dc04bde8e59e0d227812be3a3f805fbfee4559e119c441a4875
ra_no_moddrop_seed2,ra_no_moddrop,2,v40c_02487,2,6,200,0.8134653465346535,1.0,1.0,0.8333333333333334,5968bd0509826dc04bde8e59e0d227812be3a3f805fbfee4559e119c441a4875
ra_no_moddrop_seed2,ra_no_moddrop,2,v40c_02488,1,3,100,0.9663366336633663,1.0,1.0,0.9666666666666666,5968bd0509826dc04bde8e59e0d227812be3a3f805fbfee4559e119c441a4875
ra_no_moddrop_seed2,ra_no_moddrop,2,v40c_02489,1,3,100,0.9336633663366337,1.0,1.0,0.9333333333333333,5968bd0509826dc04bde8e59e0d227812be3a3f805fbfee4559e119c441a4875
ra_no_moddrop_seed2,ra_no_moddrop,2,v40c_02490,2,6,200,0.8873762376237625,1.0,1.0,0.9,5968bd0509826dc04bde8e59e0d227812be3a3f805fbfee4559e119c441a4875
ra_no_moddrop_seed2,ra_no_moddrop,2,v40c_02561,1,11,100,0.699620539884177,0.9134385136626869,0.8719218619975204,0.8272727272727274,5968bd0509826dc04bde8e59e0d227812be3a3f805fbfee4559e119c441a4875
ra_no_moddrop_seed2,ra_no_moddrop,2,v40c_02562,5,58,500,0.6717981975724262,0.9129218546100649,0.7488860541855551,0.7551724137931035,5968bd0509826dc04bde8e59e0d227812be3a3f805fbfee4559e119c441a4875
ra_no_moddrop_seed2,ra_no_moddrop,2,v40c_02563,1,11,100,0.6581663268367655,0.8716545123900148,0.8328863498594761,0.7909090909090909,5968bd0509826dc04bde8e59e0d227812be3a3f805fbfee4559e119c441a4875
ra_no_moddrop_seed2,ra_no_moddrop,2,v40c_02564,1,11,100,0.6842704863804354,0.9027068029383586,0.7728960396039604,0.7727272727272727,5968bd0509826dc04bde8e59e0d227812be3a3f805fbfee4559e119c441a4875
ra_no_moddrop_seed2,ra_no_moddrop,2,v40c_02565,1,12,100,0.44924891002351686,0.846915460776847,0.42176525344842175,0.5083333333333334,5968bd0509826dc04bde8e59e0d227812be3a3f805fbfee4559e119c441a4875
ra_no_moddrop_seed2,ra_no_moddrop,2,v40c_02566,1,12,100,0.6001170831368852,0.9042904290429042,0.761001100110011,0.6416666666666667,5968bd0509826dc04bde8e59e0d227812be3a3f805fbfee4559e119c441a4875
ra_no_moddrop_seed2,ra_no_moddrop,2,v40c_02567,1,12,100,0.5767032572822499,0.9294269580410727,0.5249174917491749,0.6416666666666667,5968bd0509826dc04bde8e59e0d227812be3a3f805fbfee4559e119c441a4875
ra_no_moddrop_seed2,ra_no_moddrop,2,v40c_02568,2,24,200,0.6249435759614153,0.9497710904693707,0.6738790654853187,0.6916666666666667,5968bd0509826dc04bde8e59e0d227812be3a3f805fbfee4559e119c441a4875
ra_no_moddrop_seed2,ra_no_moddrop,2,v40c_02569,4,44,400,0.6550369537933184,0.913407948227605,0.7905017204430465,0.7227272727272728,5968bd0509826dc04bde8e59e0d227812be3a3f805fbfee4559e119c441a4875
ra_no_moddrop_seed2,ra_no_moddrop,2,v40c_02570,2,21,200,0.6713196612553846,0.92502728826587,0.7485380118125248,0.7523809523809524,5968bd0509826dc04bde8e59e0d227812be3a3f805fbfee4559e119c441a4875
ra_no_moddrop_seed2,ra_no_moddrop,2,v40c_02571,2,21,200,0.7367597447108902,0.932683191256264,0.8527164417208983,0.7952380952380952,5968bd0509826dc04bde8e59e0d227812be3a3f805fbfee4559e119c441a4875
ra_no_moddrop_seed2,ra_no_moddrop,2,v40c_02572,4,44,400,0.6804339150575245,0.8952007114961485,0.8484296030847042,0.7772727272727273,5968bd0509826dc04bde8e59e0d227812be3a3f805fbfee4559e119c441a4875
ra_no_moddrop_seed2,ra_no_moddrop,2,v40c_02573,3,33,300,0.6565596392489363,0.8857427998432716,0.7744325971058645,0.7303030303030302,5968bd0509826dc04bde8e59e0d227812be3a3f805fbfee4559e119c441a4875
ra_no_moddrop_seed2,ra_no_moddrop,2,v40c_02574,4,44,400,0.6141494785209372,0.9246187150444484,0.76839580183674,0.7090909090909091,5968bd0509826dc04bde8e59e0d227812be3a3f805fbfee4559e119c441a4875
ra_no_moddrop_seed2,ra_no_moddrop,2,v40c_02575,1,11,100,0.7446272568433311,0.9569545189813095,0.9569545189813095,0.7818181818181817,5968bd0509826dc04bde8e59e0d227812be3a3f805fbfee4559e119c441a4875
ra_no_moddrop_seed2,ra_no_moddrop,2,v40c_02576,1,11,100,0.7843158491673344,0.9706827825639709,0.9596888260254601,0.8272727272727274,5968bd0509826dc04bde8e59e0d227812be3a3f805fbfee4559e119c441a4875
ra_no_moddrop_seed2,ra_no_moddrop,2,v40c_02577,5,62,500,0.6859670551108803,0.8853345734583274,0.7981148445629014,0.7435483870967742,5968bd0509826dc04bde8e59e0d227812be3a3f805fbfee4559e119c441a4875
ra_no_moddrop_seed2,ra_no_moddrop,2,v40c_02578,2,23,200,0.709541804180418,0.8899889988998899,0.797975797579758,0.7347826086956522,5968bd0509826dc04bde8e59e0d227812be3a3f805fbfee4559e119c441a4875
ra_no_moddrop_seed2,ra_no_moddrop,2,v40c_02579,9,118,900,0.6596031575466911,0.9522726139603931,0.7591712366243393,0.7449152542372881,5968bd0509826dc04bde8e59e0d227812be3a3f805fbfee4559e119c441a4875
ra_no_moddrop_seed2,ra_no_moddrop,2,v40c_02580,2,26,200,0.6970091964860845,0.9886845827439888,0.784421785831834,0.7423076923076922,5968bd0509826dc04bde8e59e0d227812be3a3f805fbfee4559e119c441a4875
ra_no_moddrop_seed2,ra_no_moddrop,2,v40c_02581,1,13,100,0.7594797941332595,1.0,0.7900482355927902,0.7846153846153847,5968bd0509826dc04bde8e59e0d227812be3a3f805fbfee4559e119c441a4875
ra_no_moddrop_seed2,ra_no_moddrop,2,v40c_02582,4,54,400,0.7311053296316428,0.9484155502681042,0.846007085638759,0.7740740740740739,5968bd0509826dc04bde8e59e0d227812be3a3f805fbfee4559e119c441a4875
ra_no_moddrop_seed2,ra_no_moddrop,2,v40c_02583,1,13,100,0.7345308816595945,0.9434229137199434,0.8868458274398868,0.7923076923076924,5968bd0509826dc04bde8e59e0d227812be3a3f805fbfee4559e119c441a4875
ra_no_moddrop_seed2,ra_no_moddrop,2,v40c_02584,3,39,300,0.6563581957256992,0.920090081421023,0.7838675562935983,0.7076923076923076,5968bd0509826dc04bde8e59e0d227812be3a3f805fbfee4559e119c441a4875
ra_no_moddrop_seed2,ra_no_moddrop,2,v40c_02585,1,12,100,0.7837458745874588,1.0,0.8184818481848185,0.8,5968bd0509826dc04bde8e59e0d227812be3a3f805fbfee4559e119c441a4875
ra_no_moddrop_seed2,ra_no_moddrop,2,v40c_02855,1,5,100,0.7717821782178217,1.0,0.801980198019802,0.78,5968bd0509826dc04bde8e59e0d227812be3a3f805fbfee4559e119c441a4875
ra_no_moddrop_seed2,ra_no_moddrop,2,v40c_02856,5,23,500,0.838269019971106,0.9840876944837339,0.9556261097234341,0.8695652173913044,5968bd0509826dc04bde8e59e0d227812be3a3f805fbfee4559e119c441a4875
ra_no_moddrop_seed2,ra_no_moddrop,2,v40c_02857,2,10,200,0.7992704533611257,1.0,0.8910891089108911,0.8099999999999999,5968bd0509826dc04bde8e59e0d227812be3a3f805fbfee4559e119c441a4875
ra_no_moddrop_seed2,ra_no_moddrop,2,v40c_02858,2,10,200,0.7934775056453013,1.0,0.8176133402813964,0.82,5968bd0509826dc04bde8e59e0d227812be3a3f805fbfee4559e119c441a4875
ra_no_moddrop_seed2,ra_no_moddrop,2,v40c_02859,1,6,100,0.7608228064185729,1.0,0.6923864800273131,0.7833333333333334,5968bd0509826dc04bde8e59e0d227812be3a3f805fbfee4559e119c441a4875
ra_no_moddrop_seed2,ra_no_moddrop,2,v40c_02860,10,53,1000,0.7871186042920548,0.9674112854077909,0.8923755960873205,0.8245283018867925,5968bd0509826dc04bde8e59e0d227812be3a3f805fbfee4559e119c441a4875
ra_no_moddrop_seed2,ra_no_moddrop,2,v40c_02861,2,10,200,0.829024045261669,1.0,1.0,0.85,5968bd0509826dc04bde8e59e0d227812be3a3f805fbfee4559e119c441a4875
ra_no_moddrop_seed2,ra_no_moddrop,2,v40c_02862,1,5,100,0.7811881188118812,1.0,0.801980198019802,0.78,5968bd0509826dc04bde8e59e0d227812be3a3f805fbfee4559e119c441a4875
ra_no_moddrop_seed2,ra_no_moddrop,2,v40c_02863,2,12,200,0.7652475247524753,1.0,0.8316831683168316,0.7750000000000001,5968bd0509826dc04bde8e59e0d227812be3a3f805fbfee4559e119c441a4875
ra_no_moddrop_seed2,ra_no_moddrop,2,v40c_02864,2,11,200,0.7744982606368745,1.0,0.900990099009901,0.7999999999999999,5968bd0509826dc04bde8e59e0d227812be3a3f805fbfee4559e119c441a4875
ra_no_moddrop_seed2,ra_no_moddrop,2,v40c_02865,3,18,300,0.7402334517805199,0.9823481242418803,0.9510843941537014,0.7777777777777778,5968bd0509826dc04bde8e59e0d227812be3a3f805fbfee4559e119c441a4875
ra_no_moddrop_seed2,ra_no_moddrop,2,v40c_02866,5,27,500,0.7744897251776874,0.9903794300998728,0.9589292262559589,0.788888888888889,5968bd0509826dc04bde8e59e0d227812be3a3f805fbfee4559e119c441a4875
ra_no_moddrop_seed2,ra_no_moddrop,2,v40c_02867,2,12,200,0.7599174917491749,1.0,1.0,0.775,5968bd0509826dc04bde8e59e0d227812be3a3f805fbfee4559e119c441a4875
ra_no_moddrop_seed2,ra_no_moddrop,2,v40c_02868,1,6,100,0.7694719471947195,1.0,1.0,0.7833333333333333,5968bd0509826dc04bde8e59e0d227812be3a3f805fbfee4559e119c441a4875
ra_no_moddrop_seed2,ra_no_moddrop,2,v40c_02869,2,11,200,0.7621837183718372,0.9412128712871287,0.9280803080308032,0.8090909090909092,5968bd0509826dc04bde8e59e0d227812be3a3f805fbfee4559e119c441a4875
ra_no_moddrop_seed2,ra_no_moddrop,2,v40c_02870,1,4,100,0.7293729372937293,0.9504950495049505,0.9504950495049505,0.775,5968bd0509826dc04bde8e59e0d227812be3a3f805fbfee4559e119c441a4875
ra_no_moddrop_seed2,ra_no_moddrop,2,v40c_02871,2,11,200,0.7720792079207921,1.0,1.0,0.7818181818181817,5968bd0509826dc04bde8e59e0d227812be3a3f805fbfee4559e119c441a4875
ra_no_moddrop_seed2,ra_no_moddrop,2,v40c_02872,1,6,100,0.7336633663366336,1.0,0.8316831683168316,0.7333333333333333,5968bd0509826dc04bde8e59e0d227812be3a3f805fbfee4559e119c441a4875
ra_no_moddrop_seed2,ra_no_moddrop,2,v40c_02873,2,11,200,0.7835061153174141,0.9917491749174919,0.900990099009901,0.7999999999999999,5968bd0509826dc04bde8e59e0d227812be3a3f805fbfee4559e119c441a4875
ra_no_moddrop_seed2,ra_no_moddrop,2,v40c_02874,6,30,600,0.8097538029665033,0.9953407105416421,0.95500371538168,0.82,5968bd0509826dc04bde8e59e0d227812be3a3f805fbfee4559e119c441a4875
ra_no_moddrop_seed2,ra_no_moddrop,2,v40c_02875,1,5,100,0.8356435643564357,1.0,1.0,0.8400000000000001,5968bd0509826dc04bde8e59e0d227812be3a3f805fbfee4559e119c441a4875
ra_no_moddrop_seed2,ra_no_moddrop,2,v40c_02876,8,34,800,0.7665492345750771,0.9511463972848719,0.8887647615910339,0.8088235294117647,5968bd0509826dc04bde8e59e0d227812be3a3f805fbfee4559e119c441a4875
ra_no_moddrop_seed2,ra_no_moddrop,2,v40c_02877,1,4,100,0.8257425742574258,1.0,1.0,0.825,5968bd0509826dc04bde8e59e0d227812be3a3f805fbfee4559e119c441a4875
ra_no_moddrop_seed2,ra_no_moddrop,2,v40c_02888,1,1,100,0.0,0.0,0.0,0.0,5968bd0509826dc04bde8e59e0d227812be3a3f805fbfee4559e119c441a4875
ra_no_moddrop_seed2,ra_no_moddrop,2,v40c_02889,3,3,300,0.5465346534653467,0.6683168316831684,0.6683168316831684,0.7666666666666666,5968bd0509826dc04bde8e59e0d227812be3a3f805fbfee4559e119c441a4875
ra_no_moddrop_seed2,ra_no_moddrop,2,v40c_02890,4,8,400,0.6392047569418597,0.8712871287128713,0.6670792079207922,0.7125,5968bd0509826dc04bde8e59e0d227812be3a3f805fbfee4559e119c441a4875
ra_no_moddrop_seed2,ra_no_moddrop,2,v40c_02891,1,2,100,0.7514851485148515,1.0,1.0,0.75,5968bd0509826dc04bde8e59e0d227812be3a3f805fbfee4559e119c441a4875
ra_no_moddrop_seed2,ra_no_moddrop,2,v40c_02892,1,2,100,0.8009900990099009,1.0,1.0,0.8,5968bd0509826dc04bde8e59e0d227812be3a3f805fbfee4559e119c441a4875
ra_no_moddrop_seed2,ra_no_moddrop,2,v40c_02893,3,6,300,0.814026402640264,1.0,1.0,0.8333333333333334,5968bd0509826dc04bde8e59e0d227812be3a3f805fbfee4559e119c441a4875
ra_no_moddrop_seed2,ra_no_moddrop,2,v40c_02941,12,72,1200,0.8988069681753418,0.9981011799810119,0.9981011799810119,0.9222222222222222,5968bd0509826dc04bde8e59e0d227812be3a3f805fbfee4559e119c441a4875
ra_no_moddrop_seed2,ra_no_moddrop,2,v40c_02987,1,1,100,0.8999999999999998,0.9999999999999999,0.9999999999999999,0.9,5968bd0509826dc04bde8e59e0d227812be3a3f805fbfee4559e119c441a4875
ra_no_moddrop_seed2,ra_no_moddrop,2,v40c_02988,1,1,100,0.8999999999999998,0.9999999999999999,0.9999999999999999,0.9,5968bd0509826dc04bde8e59e0d227812be3a3f805fbfee4559e119c441a4875
ra_no_moddrop_seed2,ra_no_moddrop,2,v40c_02989,1,1,100,0.8999999999999998,0.9999999999999999,0.9999999999999999,0.9,5968bd0509826dc04bde8e59e0d227812be3a3f805fbfee4559e119c441a4875
ra_no_moddrop_seed2,ra_no_moddrop,2,v40c_02990,1,1,100,0.8999999999999998,0.9999999999999999,0.9999999999999999,0.9,5968bd0509826dc04bde8e59e0d227812be3a3f805fbfee4559e119c441a4875
ra_no_moddrop_seed2,ra_no_moddrop,2,v40c_02991,1,1,100,0.8999999999999998,0.9999999999999999,0.9999999999999999,0.9,5968bd0509826dc04bde8e59e0d227812be3a3f805fbfee4559e119c441a4875
ra_no_moddrop_seed2,ra_no_moddrop,2,v40c_02992,2,2,200,0.9,1.0,1.0,0.9,5968bd0509826dc04bde8e59e0d227812be3a3f805fbfee4559e119c441a4875
ra_no_moddrop_seed2,ra_no_moddrop,2,v40c_02993,2,2,200,0.9,1.0,1.0,0.9,5968bd0509826dc04bde8e59e0d227812be3a3f805fbfee4559e119c441a4875
ra_no_moddrop_seed2,ra_no_moddrop,2,v40c_02994,1,1,100,0.8999999999999998,0.9999999999999999,0.9999999999999999,0.9,5968bd0509826dc04bde8e59e0d227812be3a3f805fbfee4559e119c441a4875
ra_no_moddrop_seed2,ra_no_moddrop,2,v40c_02995,3,3,300,0.9336633663366337,1.0,1.0,0.9333333333333333,5968bd0509826dc04bde8e59e0d227812be3a3f805fbfee4559e119c441a4875
ra_no_moddrop_seed2,ra_no_moddrop,2,v40c_02996,3,3,300,0.9112211221122113,1.0,1.0,0.9333333333333333,5968bd0509826dc04bde8e59e0d227812be3a3f805fbfee4559e119c441a4875
ra_no_moddrop_seed2,ra_no_moddrop,2,v40c_02997,4,4,400,0.9,1.0,1.0,0.9,5968bd0509826dc04bde8e59e0d227812be3a3f805fbfee4559e119c441a4875
ra_no_moddrop_seed2,ra_no_moddrop,2,v40c_02998,2,2,200,0.9,1.0,1.0,0.9,5968bd0509826dc04bde8e59e0d227812be3a3f805fbfee4559e119c441a4875
ra_no_moddrop_seed2,ra_no_moddrop,2,v40c_02999,1,1,100,0.7999999999999999,0.9999999999999999,0.9999999999999999,0.8,5968bd0509826dc04bde8e59e0d227812be3a3f805fbfee4559e119c441a4875
ra_no_moddrop_seed2,ra_no_moddrop,2,v40c_03000,1,1,100,0.7,0.9999999999999999,0.9999999999999999,0.7,5968bd0509826dc04bde8e59e0d227812be3a3f805fbfee4559e119c441a4875
ra_no_moddrop_seed2,ra_no_moddrop,2,v40c_03001,3,3,300,0.8663366336633663,1.0,1.0,0.8666666666666666,5968bd0509826dc04bde8e59e0d227812be3a3f805fbfee4559e119c441a4875
ra_no_moddrop_seed2,ra_no_moddrop,2,v40c_03002,1,1,100,0.7999999999999999,0.9999999999999999,0.9999999999999999,0.8,5968bd0509826dc04bde8e59e0d227812be3a3f805fbfee4559e119c441a4875
ra_no_moddrop_seed2,ra_no_moddrop,2,v40c_03003,1,2,100,0.8009900990099009,1.0,1.0,0.8,5968bd0509826dc04bde8e59e0d227812be3a3f805fbfee4559e119c441a4875
ra_no_moddrop_seed2,ra_no_moddrop,2,v40c_03004,1,2,100,0.8252475247524753,1.0,1.0,0.85,5968bd0509826dc04bde8e59e0d227812be3a3f805fbfee4559e119c441a4875
ra_no_moddrop_seed2,ra_no_moddrop,2,v40c_03005,1,3,100,0.7775577557755775,1.0,1.0,0.8333333333333334,5968bd0509826dc04bde8e59e0d227812be3a3f805fbfee4559e119c441a4875
ra_no_moddrop_seed2,ra_no_moddrop,2,v40c_03006,1,1,100,0.7999999999999999,0.9999999999999999,0.9999999999999999,0.8,5968bd0509826dc04bde8e59e0d227812be3a3f805fbfee4559e119c441a4875
ra_no_moddrop_seed2,ra_no_moddrop,2,v40c_03007,1,4,100,0.7442050087361677,1.0,0.8107163657542222,0.8,5968bd0509826dc04bde8e59e0d227812be3a3f805fbfee4559e119c441a4875
ra_no_moddrop_seed2,ra_no_moddrop,2,v40c_03008,6,22,600,0.7446541911154102,0.976897689768977,0.8732625637426733,0.7909090909090909,5968bd0509826dc04bde8e59e0d227812be3a3f805fbfee4559e119c441a4875
ra_no_moddrop_seed2,ra_no_moddrop,2,v40c_03009,1,5,100,0.6617305208781747,0.8235040895393884,0.801980198019802,0.7,5968bd0509826dc04bde8e59e0d227812be3a3f805fbfee4559e119c441a4875
ra_no_moddrop_seed2,ra_no_moddrop,2,v40c_03010,4,16,400,0.8378877887788778,1.0,1.0,0.84375,5968bd0509826dc04bde8e59e0d227812be3a3f805fbfee4559e119c441a4875
ra_no_moddrop_seed2,ra_no_moddrop,2,v40c_03011,7,27,700,0.7998132938285881,0.9534607453140752,0.9493949394939496,0.8259259259259257,5968bd0509826dc04bde8e59e0d227812be3a3f805fbfee4559e119c441a4875
ra_no_moddrop_seed2,ra_no_moddrop,2,v40c_03012,4,19,400,0.6570457886124746,0.8429357641646517,0.7533003300330032,0.6894736842105262,5968bd0509826dc04bde8e59e0d227812be3a3f805fbfee4559e119c441a4875
ra_no_moddrop_seed2,ra_no_moddrop,2,v40c_03013,4,15,400,0.7771178903604644,0.967291371994342,0.8964521452145213,0.8133333333333332,5968bd0509826dc04bde8e59e0d227812be3a3f805fbfee4559e119c441a4875
ra_no_moddrop_seed2,ra_no_moddrop,2,v40c_03014,1,4,100,0.6816281628162816,0.8624862486248623,0.801980198019802,0.775,5968bd0509826dc04bde8e59e0d227812be3a3f805fbfee4559e119c441a4875
ra_no_moddrop_seed2,ra_no_moddrop,2,v40c_03015,1,3,100,0.8673267326732674,1.0,1.0,0.8666666666666668,5968bd0509826dc04bde8e59e0d227812be3a3f805fbfee4559e119c441a4875
ra_no_moddrop_seed2,ra_no_moddrop,2,v40c_03016,1,3,100,0.8326732673267326,1.0,1.0,0.8333333333333333,5968bd0509826dc04bde8e59e0d227812be3a3f805fbfee4559e119c441a4875
ra_no_moddrop_seed2,ra_no_moddrop,2,v40c_03017,2,5,200,0.887128712871287,1.0,1.0,0.9,5968bd0509826dc04bde8e59e0d227812be3a3f805fbfee4559e119c441a4875
ra_no_moddrop_seed2,ra_no_moddrop,2,v40c_03112,2,2,200,0.8,1.0,1.0,0.8,5968bd0509826dc04bde8e59e0d227812be3a3f805fbfee4559e119c441a4875
ra_no_moddrop_seed2,ra_no_moddrop,2,v40c_03113,2,2,200,0.8,1.0,1.0,0.8,5968bd0509826dc04bde8e59e0d227812be3a3f805fbfee4559e119c441a4875
ra_no_moddrop_seed2,ra_no_moddrop,2,v40c_03114,2,2,200,0.8504950495049505,1.0,1.0,0.85,5968bd0509826dc04bde8e59e0d227812be3a3f805fbfee4559e119c441a4875
ra_no_moddrop_seed2,ra_no_moddrop,2,v40c_03115,3,3,300,0.7112211221122112,1.0,1.0,0.7333333333333333,5968bd0509826dc04bde8e59e0d227812be3a3f805fbfee4559e119c441a4875
ra_no_moddrop_seed2,ra_no_moddrop,2,v40c_03116,1,1,100,0.7999999999999999,0.9999999999999999,0.9999999999999999,0.8,5968bd0509826dc04bde8e59e0d227812be3a3f805fbfee4559e119c441a4875
ra_no_moddrop_seed2,ra_no_moddrop,2,v40c_03117,1,1,100,0.2833333333333333,0.5,0.3333333333333334,0.6,5968bd0509826dc04bde8e59e0d227812be3a3f805fbfee4559e119c441a4875
ra_no_moddrop_seed2,ra_no_moddrop,2,v40c_03119,1,1,100,0.4999999999999999,0.9999999999999999,0.0,0.5,5968bd0509826dc04bde8e59e0d227812be3a3f805fbfee4559e119c441a4875
ra_no_moddrop_seed2,ra_no_moddrop,2,v40c_03120,1,1,100,0.5999999999999999,0.9999999999999999,0.9999999999999999,0.6,5968bd0509826dc04bde8e59e0d227812be3a3f805fbfee4559e119c441a4875
ra_no_moddrop_seed2,ra_no_moddrop,2,v40c_03121,1,1,100,0.39999999999999997,0.9999999999999999,0.0,0.4,5968bd0509826dc04bde8e59e0d227812be3a3f805fbfee4559e119c441a4875
ra_no_moddrop_seed2,ra_no_moddrop,2,v40c_03122,1,1,100,0.325,0.9999999999999999,0.0,0.4,5968bd0509826dc04bde8e59e0d227812be3a3f805fbfee4559e119c441a4875
ra_no_moddrop_seed2,ra_no_moddrop,2,v40c_03123,2,2,200,0.08762376237623762,0.125,0.125,0.7,5968bd0509826dc04bde8e59e0d227812be3a3f805fbfee4559e119c441a4875
ra_no_moddrop_seed2,ra_no_moddrop,2,v40c_03124,1,1,100,0.09999999999999998,0.19999999999999996,0.0,0.5,5968bd0509826dc04bde8e59e0d227812be3a3f805fbfee4559e119c441a4875
ra_no_moddrop_seed2,ra_no_moddrop,2,v40c_03125,1,1,100,0.09999999999999995,0.1428571428571428,0.1428571428571428,0.7,5968bd0509826dc04bde8e59e0d227812be3a3f805fbfee4559e119c441a4875
ra_no_moddrop_seed2,ra_no_moddrop,2,v40c_03126,1,1,100,0.07777777777777779,0.11111111111111112,0.11111111111111112,0.7,5968bd0509826dc04bde8e59e0d227812be3a3f805fbfee4559e119c441a4875
ra_no_moddrop_seed2,ra_no_moddrop,2,v40c_03127,3,3,300,0.18389910419613392,0.4759547383309761,0.0,0.4333333333333333,5968bd0509826dc04bde8e59e0d227812be3a3f805fbfee4559e119c441a4875
ra_no_moddrop_seed2,ra_no_moddrop,2,v40c_03156,9,18,900,0.871004243281471,1.0,1.0,0.8944444444444445,5968bd0509826dc04bde8e59e0d227812be3a3f805fbfee4559e119c441a4875
ra_no_moddrop_seed2,ra_no_moddrop,2,v40c_03157,2,6,200,0.6833937973950066,0.831683168316832,0.6697906431864562,0.8333333333333333,5968bd0509826dc04bde8e59e0d227812be3a3f805fbfee4559e119c441a4875
ra_no_moddrop_seed2,ra_no_moddrop,2,v40c_03158,84,120,8400,0.6859807517558423,0.9509395543887356,0.8789507763655621,0.7383333333333334,5968bd0509826dc04bde8e59e0d227812be3a3f805fbfee4559e119c441a4875
ra_no_moddrop_seed2,ra_no_moddrop,2,v40c_03160,6,20,600,0.7843368857009541,0.9811409712399811,0.9811409712399811,0.835,5968bd0509826dc04bde8e59e0d227812be3a3f805fbfee4559e119c441a4875
ra_no_moddrop_seed2,ra_no_moddrop,2,v40c_03166,2,4,200,0.8009900990099009,1.0,1.0,0.8,5968bd0509826dc04bde8e59e0d227812be3a3f805fbfee4559e119c441a4875
ra_no_moddrop_seed2,ra_no_moddrop,2,v40c_03167,1,2,100,0.7504950495049505,1.0,1.0,0.75,5968bd0509826dc04bde8e59e0d227812be3a3f805fbfee4559e119c441a4875
ra_no_moddrop_seed2,ra_no_moddrop,2,v40c_03168,1,2,100,0.7019801980198019,1.0,0.5049504950495048,0.7,5968bd0509826dc04bde8e59e0d227812be3a3f805fbfee4559e119c441a4875
ra_no_moddrop_seed2,ra_no_moddrop,2,v40c_03169,1,2,100,0.6339108910891088,1.0,0.5668316831683168,0.85,5968bd0509826dc04bde8e59e0d227812be3a3f805fbfee4559e119c441a4875
ra_no_moddrop_seed2,ra_no_moddrop,2,v40c_03170,2,2,200,0.7504950495049505,1.0,1.0,0.8,5968bd0509826dc04bde8e59e0d227812be3a3f805fbfee4559e119c441a4875
ra_no_moddrop_seed2,ra_no_moddrop,2,v40c_03171,2,2,200,0.8,1.0,1.0,0.8,5968bd0509826dc04bde8e59e0d227812be3a3f805fbfee4559e119c441a4875
ra_no_moddrop_seed2,ra_no_moddrop,2,v40c_03172,1,1,100,0.8999999999999998,0.9999999999999999,0.9999999999999999,0.9,5968bd0509826dc04bde8e59e0d227812be3a3f805fbfee4559e119c441a4875
ra_no_moddrop_seed2,ra_no_moddrop,2,v40c_03173,1,1,100,0.7,0.9999999999999999,0.9999999999999999,0.7,5968bd0509826dc04bde8e59e0d227812be3a3f805fbfee4559e119c441a4875
ra_no_moddrop_seed2,ra_no_moddrop,2,v40c_03174,2,2,200,0.9504950495049505,1.0,1.0,0.95,5968bd0509826dc04bde8e59e0d227812be3a3f805fbfee4559e119c441a4875
ra_no_moddrop_seed2,ra_no_moddrop,2,v40c_03175,1,1,100,0.5999999999999999,0.9999999999999999,0.9999999999999999,0.6,5968bd0509826dc04bde8e59e0d227812be3a3f805fbfee4559e119c441a4875
ra_no_moddrop_seed2,ra_no_moddrop,2,v40c_03176,2,2,200,0.6252475247524752,1.0,1.0,0.65,5968bd0509826dc04bde8e59e0d227812be3a3f805fbfee4559e119c441a4875
ra_no_moddrop_seed2,ra_no_moddrop,2,v40c_03177,2,2,200,0.8,1.0,1.0,0.8,5968bd0509826dc04bde8e59e0d227812be3a3f805fbfee4559e119c441a4875
ra_no_moddrop_seed2,ra_no_moddrop,2,v40c_03178,1,1,100,0.8999999999999998,0.9999999999999999,0.9999999999999999,0.9,5968bd0509826dc04bde8e59e0d227812be3a3f805fbfee4559e119c441a4875
ra_no_moddrop_seed2,ra_no_moddrop,2,v40c_03179,3,3,300,0.8336633663366337,1.0,1.0,0.8333333333333334,5968bd0509826dc04bde8e59e0d227812be3a3f805fbfee4559e119c441a4875
ra_no_moddrop_seed2,ra_no_moddrop,2,v40c_03180,1,1,100,0.7999999999999999,0.9999999999999999,0.9999999999999999,0.8,5968bd0509826dc04bde8e59e0d227812be3a3f805fbfee4559e119c441a4875
ra_no_moddrop_seed2,ra_no_moddrop,2,v40c_03181,1,1,100,0.7999999999999999,0.9999999999999999,0.9999999999999999,0.8,5968bd0509826dc04bde8e59e0d227812be3a3f805fbfee4559e119c441a4875
ra_no_moddrop_seed2,ra_no_moddrop,2,v40c_03182,1,1,100,0.7999999999999999,0.9999999999999999,0.9999999999999999,0.8,5968bd0509826dc04bde8e59e0d227812be3a3f805fbfee4559e119c441a4875
ra_no_moddrop_seed2,ra_no_moddrop,2,v40c_03183,1,1,100,0.8999999999999998,0.9999999999999999,0.9999999999999999,0.9,5968bd0509826dc04bde8e59e0d227812be3a3f805fbfee4559e119c441a4875
ra_no_moddrop_seed2,ra_no_moddrop,2,v40c_03184,2,2,200,0.7019801980198019,1.0,0.5049504950495048,0.7,5968bd0509826dc04bde8e59e0d227812be3a3f805fbfee4559e119c441a4875
ra_no_moddrop_seed2,ra_no_moddrop,2,v40c_03185,1,1,100,0.4999999999999999,0.9999999999999999,0.0,0.5,5968bd0509826dc04bde8e59e0d227812be3a3f805fbfee4559e119c441a4875
ra_no_moddrop_seed2,ra_no_moddrop,2,v40c_03186,1,1,100,0.4999999999999999,0.9999999999999999,0.0,0.5,5968bd0509826dc04bde8e59e0d227812be3a3f805fbfee4559e119c441a4875
ra_no_moddrop_seed2,ra_no_moddrop,2,v40c_03187,1,2,100,0.9,1.0,1.0,0.9,5968bd0509826dc04bde8e59e0d227812be3a3f805fbfee4559e119c441a4875
ra_no_moddrop_seed2,ra_no_moddrop,2,v40c_03188,1,2,100,0.7504950495049505,1.0,1.0,0.8,5968bd0509826dc04bde8e59e0d227812be3a3f805fbfee4559e119c441a4875
ra_no_moddrop_seed2,ra_no_moddrop,2,v40c_03189,1,1,100,0.8999999999999998,0.9999999999999999,0.9999999999999999,0.9,5968bd0509826dc04bde8e59e0d227812be3a3f805fbfee4559e119c441a4875
ra_no_moddrop_seed2,ra_no_moddrop,2,v40c_03190,1,1,100,0.8999999999999998,0.9999999999999999,0.9999999999999999,0.9,5968bd0509826dc04bde8e59e0d227812be3a3f805fbfee4559e119c441a4875
ra_no_moddrop_seed2,ra_no_moddrop,2,v40c_03191,1,1,100,0.8999999999999998,0.9999999999999999,0.9999999999999999,0.9,5968bd0509826dc04bde8e59e0d227812be3a3f805fbfee4559e119c441a4875
ra_no_moddrop_seed2,ra_no_moddrop,2,v40c_03192,1,1,100,0.7999999999999999,0.9999999999999999,0.9999999999999999,0.8,5968bd0509826dc04bde8e59e0d227812be3a3f805fbfee4559e119c441a4875
ra_no_moddrop_seed2,ra_no_moddrop,2,v40c_03193,1,1,100,0.9999999999999998,0.9999999999999999,0.9999999999999999,1.0,5968bd0509826dc04bde8e59e0d227812be3a3f805fbfee4559e119c441a4875
ra_no_moddrop_seed2,ra_no_moddrop,2,v40c_03194,1,1,100,0.8999999999999998,0.9999999999999999,0.9999999999999999,0.9,5968bd0509826dc04bde8e59e0d227812be3a3f805fbfee4559e119c441a4875
ra_no_moddrop_seed2,ra_no_moddrop,2,v40c_03195,1,1,100,0.8999999999999998,0.9999999999999999,0.9999999999999999,0.9,5968bd0509826dc04bde8e59e0d227812be3a3f805fbfee4559e119c441a4875
ra_no_moddrop_seed2,ra_no_moddrop,2,v40c_03196,1,1,100,0.8999999999999998,0.9999999999999999,0.9999999999999999,0.9,5968bd0509826dc04bde8e59e0d227812be3a3f805fbfee4559e119c441a4875
ra_no_moddrop_seed2,ra_no_moddrop,2,v40c_03197,1,1,100,0.7999999999999999,0.9999999999999999,0.9999999999999999,0.8,5968bd0509826dc04bde8e59e0d227812be3a3f805fbfee4559e119c441a4875
ra_no_moddrop_seed2,ra_no_moddrop,2,v40c_03198,1,1,100,0.8999999999999998,0.9999999999999999,0.9999999999999999,0.9,5968bd0509826dc04bde8e59e0d227812be3a3f805fbfee4559e119c441a4875
ra_no_moddrop_seed2,ra_no_moddrop,2,v40c_03199,3,3,300,0.810891089108911,1.0,1.0,0.8333333333333333,5968bd0509826dc04bde8e59e0d227812be3a3f805fbfee4559e119c441a4875
ra_no_moddrop_seed2,ra_no_moddrop,2,v40c_03200,2,2,200,0.7,1.0,1.0,0.7,5968bd0509826dc04bde8e59e0d227812be3a3f805fbfee4559e119c441a4875
ra_no_moddrop_seed2,ra_no_moddrop,2,v40c_03201,1,1,100,0.7,0.9999999999999999,0.9999999999999999,0.7,5968bd0509826dc04bde8e59e0d227812be3a3f805fbfee4559e119c441a4875
ra_no_moddrop_seed2,ra_no_moddrop,2,v40c_03202,2,2,200,0.8252475247524753,1.0,1.0,0.85,5968bd0509826dc04bde8e59e0d227812be3a3f805fbfee4559e119c441a4875
ra_no_moddrop_seed2,ra_no_moddrop,2,v40c_03234,8,8,800,0.8508132956152759,1.0,1.0,0.8625,5968bd0509826dc04bde8e59e0d227812be3a3f805fbfee4559e119c441a4875
ra_no_moddrop_seed2,ra_no_moddrop,2,v40c_03235,1,1,100,0.8999999999999998,0.9999999999999999,0.9999999999999999,0.9,5968bd0509826dc04bde8e59e0d227812be3a3f805fbfee4559e119c441a4875
ra_no_moddrop_seed2,ra_no_moddrop,2,v40c_03236,2,2,200,0.9252475247524753,1.0,1.0,0.95,5968bd0509826dc04bde8e59e0d227812be3a3f805fbfee4559e119c441a4875
ra_no_moddrop_seed2,ra_no_moddrop,2,v40c_03237,2,2,200,0.9,1.0,1.0,0.9,5968bd0509826dc04bde8e59e0d227812be3a3f805fbfee4559e119c441a4875
ra_no_moddrop_seed2,ra_no_moddrop,2,v40c_03238,2,2,200,0.8,1.0,1.0,0.8,5968bd0509826dc04bde8e59e0d227812be3a3f805fbfee4559e119c441a4875
ra_no_moddrop_seed2,ra_no_moddrop,2,v40c_03239,3,3,300,0.8,1.0,1.0,0.8,5968bd0509826dc04bde8e59e0d227812be3a3f805fbfee4559e119c441a4875
ra_no_moddrop_seed2,ra_no_moddrop,2,v40c_03240,3,3,300,0.8112211221122113,1.0,1.0,0.8333333333333334,5968bd0509826dc04bde8e59e0d227812be3a3f805fbfee4559e119c441a4875
ra_no_moddrop_seed2,ra_no_moddrop,2,v40c_03241,1,1,100,0.8999999999999998,0.9999999999999999,0.9999999999999999,0.9,5968bd0509826dc04bde8e59e0d227812be3a3f805fbfee4559e119c441a4875
ra_no_moddrop_seed2,ra_no_moddrop,2,v40c_03242,1,1,100,0.8999999999999998,0.9999999999999999,0.9999999999999999,0.9,5968bd0509826dc04bde8e59e0d227812be3a3f805fbfee4559e119c441a4875
ra_no_moddrop_seed2,ra_no_moddrop,2,v40c_03243,1,1,100,0.9999999999999998,0.9999999999999999,0.9999999999999999,1.0,5968bd0509826dc04bde8e59e0d227812be3a3f805fbfee4559e119c441a4875
ra_no_moddrop_seed2,ra_no_moddrop,2,v40c_03244,1,1,100,0.7,0.9999999999999999,0.9999999999999999,0.7,5968bd0509826dc04bde8e59e0d227812be3a3f805fbfee4559e119c441a4875
ra_no_moddrop_seed2,ra_no_moddrop,2,v40c_03245,1,1,100,0.8999999999999998,0.9999999999999999,0.9999999999999999,0.9,5968bd0509826dc04bde8e59e0d227812be3a3f805fbfee4559e119c441a4875
ra_no_moddrop_seed2,ra_no_moddrop,2,v40c_03246,2,2,200,0.8252475247524753,1.0,1.0,0.85,5968bd0509826dc04bde8e59e0d227812be3a3f805fbfee4559e119c441a4875
ra_no_moddrop_seed2,ra_no_moddrop,2,v40c_03247,1,1,100,0.8999999999999998,0.9999999999999999,0.9999999999999999,0.9,5968bd0509826dc04bde8e59e0d227812be3a3f805fbfee4559e119c441a4875
ra_no_moddrop_seed2,ra_no_moddrop,2,v40c_03262,1,5,100,0.9,1.0,1.0,0.9,5968bd0509826dc04bde8e59e0d227812be3a3f805fbfee4559e119c441a4875
ra_no_moddrop_seed2,ra_no_moddrop,2,v40c_03263,1,5,100,0.8762376237623762,1.0,1.0,0.8800000000000001,5968bd0509826dc04bde8e59e0d227812be3a3f805fbfee4559e119c441a4875
ra_no_moddrop_seed2,ra_no_moddrop,2,v40c_03264,1,5,100,0.8356435643564357,1.0,1.0,0.8400000000000001,5968bd0509826dc04bde8e59e0d227812be3a3f805fbfee4559e119c441a4875
ra_no_moddrop_seed2,ra_no_moddrop,2,v40c_03265,2,10,200,0.836951909476662,1.0,1.0,0.86,5968bd0509826dc04bde8e59e0d227812be3a3f805fbfee4559e119c441a4875
ra_no_moddrop_seed2,ra_no_moddrop,2,v40c_03266,1,5,100,0.9,1.0,1.0,0.9,5968bd0509826dc04bde8e59e0d227812be3a3f805fbfee4559e119c441a4875
ra_no_moddrop_seed2,ra_no_moddrop,2,v40c_03267,4,20,400,0.8578877887788778,1.0,1.0,0.885,5968bd0509826dc04bde8e59e0d227812be3a3f805fbfee4559e119c441a4875
ra_no_moddrop_seed2,ra_no_moddrop,2,v40c_03268,2,10,200,0.9,1.0,1.0,0.9,5968bd0509826dc04bde8e59e0d227812be3a3f805fbfee4559e119c441a4875
ra_no_moddrop_seed2,ra_no_moddrop,2,v40c_03269,3,15,300,0.8853300330033003,1.0,1.0,0.9,5968bd0509826dc04bde8e59e0d227812be3a3f805fbfee4559e119c441a4875
ra_no_moddrop_seed2,ra_no_moddrop,2,v40c_03270,1,5,100,0.9,1.0,1.0,0.9,5968bd0509826dc04bde8e59e0d227812be3a3f805fbfee4559e119c441a4875
ra_no_moddrop_seed2,ra_no_moddrop,2,v40c_03271,2,10,200,0.8782178217821782,1.0,1.0,0.9,5968bd0509826dc04bde8e59e0d227812be3a3f805fbfee4559e119c441a4875
ra_no_moddrop_seed2,ra_no_moddrop,2,v40c_03272,1,5,100,0.9128712871287128,1.0,1.0,0.9200000000000002,5968bd0509826dc04bde8e59e0d227812be3a3f805fbfee4559e119c441a4875
ra_no_moddrop_seed2,ra_no_moddrop,2,v40c_03273,2,10,200,0.8471947194719472,1.0,1.0,0.86,5968bd0509826dc04bde8e59e0d227812be3a3f805fbfee4559e119c441a4875
ra_no_moddrop_seed2,ra_no_moddrop,2,v40c_03274,2,10,200,0.8503630363036303,1.0,1.0,0.8699999999999999,5968bd0509826dc04bde8e59e0d227812be3a3f805fbfee4559e119c441a4875
ra_no_moddrop_seed2,ra_no_moddrop,2,v40c_03275,1,5,100,0.8287128712871287,1.0,1.0,0.8400000000000001,5968bd0509826dc04bde8e59e0d227812be3a3f805fbfee4559e119c441a4875
ra_no_moddrop_seed2,ra_no_moddrop,2,v40c_03276,1,5,100,0.8445544554455445,1.0,1.0,0.86,5968bd0509826dc04bde8e59e0d227812be3a3f805fbfee4559e119c441a4875
ra_no_moddrop_seed2,ra_no_moddrop,2,v40c_03277,1,5,100,0.8183168316831683,1.0,1.0,0.8400000000000001,5968bd0509826dc04bde8e59e0d227812be3a3f805fbfee4559e119c441a4875
ra_no_moddrop_seed2,ra_no_moddrop,2,v40c_03278,1,5,100,0.8524752475247525,1.0,1.0,0.86,5968bd0509826dc04bde8e59e0d227812be3a3f805fbfee4559e119c441a4875
ra_no_moddrop_seed2,ra_no_moddrop,2,v40c_03279,1,5,100,0.8774752475247525,1.0,1.0,0.9,5968bd0509826dc04bde8e59e0d227812be3a3f805fbfee4559e119c441a4875
ra_no_moddrop_seed2,ra_no_moddrop,2,v40c_03280,1,5,100,0.8722772277227723,1.0,1.0,0.8800000000000001,5968bd0509826dc04bde8e59e0d227812be3a3f805fbfee4559e119c441a4875
ra_no_moddrop_seed2,ra_no_moddrop,2,v40c_03281,1,5,100,0.8707920792079207,1.0,1.0,0.8799999999999999,5968bd0509826dc04bde8e59e0d227812be3a3f805fbfee4559e119c441a4875
ra_no_moddrop_seed2,ra_no_moddrop,2,v40c_03282,1,5,100,0.7594059405940594,1.0,0.8118811881188119,0.78,5968bd0509826dc04bde8e59e0d227812be3a3f805fbfee4559e119c441a4875
ra_no_moddrop_seed2,ra_no_moddrop,2,v40c_03283,1,6,100,0.8270509193776523,0.9759547383309762,0.9759547383309762,0.85,5968bd0509826dc04bde8e59e0d227812be3a3f805fbfee4559e119c441a4875
ra_no_moddrop_seed2,ra_no_moddrop,2,v40c_03284,3,13,300,0.8691670952809567,0.9886845827439888,0.9886845827439888,0.8923076923076924,5968bd0509826dc04bde8e59e0d227812be3a3f805fbfee4559e119c441a4875
ra_no_moddrop_seed2,ra_no_moddrop,2,v40c_03285,1,4,100,0.8195544554455445,1.0,1.0,0.825,5968bd0509826dc04bde8e59e0d227812be3a3f805fbfee4559e119c441a4875
ra_no_moddrop_seed2,ra_no_moddrop,2,v40c_03286,1,4,100,0.801980198019802,0.9504950495049505,0.9504950495049505,0.85,5968bd0509826dc04bde8e59e0d227812be3a3f805fbfee4559e119c441a4875
ra_no_moddrop_seed2,ra_no_moddrop,2,v40c_03287,1,4,100,0.7663366336633664,0.9504950495049505,0.9504950495049505,0.8,5968bd0509826dc04bde8e59e0d227812be3a3f805fbfee4559e119c441a4875
ra_no_moddrop_seed2,ra_no_moddrop,2,v40c_03288,1,3,100,0.8326732673267326,1.0,1.0,0.8333333333333333,5968bd0509826dc04bde8e59e0d227812be3a3f805fbfee4559e119c441a4875
ra_no_moddrop_seed2,ra_no_moddrop,2,v40c_03289,1,4,100,0.6231023102310231,0.9174917491749175,0.7524752475247525,0.65,5968bd0509826dc04bde8e59e0d227812be3a3f805fbfee4559e119c441a4875
ra_no_moddrop_seed2,ra_no_moddrop,2,v40c_03290,1,4,100,0.8009900990099009,1.0,1.0,0.8,5968bd0509826dc04bde8e59e0d227812be3a3f805fbfee4559e119c441a4875
ra_no_moddrop_seed2,ra_no_moddrop,2,v40c_03291,1,4,100,0.8752475247524754,1.0,1.0,0.875,5968bd0509826dc04bde8e59e0d227812be3a3f805fbfee4559e119c441a4875
ra_no_moddrop_seed2,ra_no_moddrop,2,v40c_03292,1,4,100,0.8564356435643564,1.0,1.0,0.875,5968bd0509826dc04bde8e59e0d227812be3a3f805fbfee4559e119c441a4875
ra_no_moddrop_seed2,ra_no_moddrop,2,v40c_03293,1,4,100,0.9252475247524753,1.0,1.0,0.95,5968bd0509826dc04bde8e59e0d227812be3a3f805fbfee4559e119c441a4875
ra_no_moddrop_seed2,ra_no_moddrop,2,v40c_03294,1,4,100,0.9,1.0,1.0,0.9,5968bd0509826dc04bde8e59e0d227812be3a3f805fbfee4559e119c441a4875
ra_no_moddrop_seed2,ra_no_moddrop,2,v40c_03295,1,4,100,0.8693069306930692,1.0,1.0,0.9,5968bd0509826dc04bde8e59e0d227812be3a3f805fbfee4559e119c441a4875
ra_no_moddrop_seed2,ra_no_moddrop,2,v40c_03296,1,4,100,0.8381188118811881,1.0,1.0,0.85,5968bd0509826dc04bde8e59e0d227812be3a3f805fbfee4559e119c441a4875
ra_no_moddrop_seed2,ra_no_moddrop,2,v40c_03297,1,3,100,0.8663366336633663,1.0,1.0,0.8666666666666666,5968bd0509826dc04bde8e59e0d227812be3a3f805fbfee4559e119c441a4875
ra_no_moddrop_seed2,ra_no_moddrop,2,v40c_03298,1,2,100,0.8009900990099009,1.0,1.0,0.8,5968bd0509826dc04bde8e59e0d227812be3a3f805fbfee4559e119c441a4875
ra_no_moddrop_seed2,ra_no_moddrop,2,v40c_03299,1,2,100,0.700990099009901,1.0,1.0,0.7,5968bd0509826dc04bde8e59e0d227812be3a3f805fbfee4559e119c441a4875
ra_no_moddrop_seed2,ra_no_moddrop,2,v40c_03300,1,4,100,0.5782178217821782,0.7524752475247525,0.7524752475247525,0.575,5968bd0509826dc04bde8e59e0d227812be3a3f805fbfee4559e119c441a4875
ra_no_moddrop_seed2,ra_no_moddrop,2,v40c_03301,1,4,100,0.767986798679868,1.0,0.7524752475247525,0.775,5968bd0509826dc04bde8e59e0d227812be3a3f805fbfee4559e119c441a4875
ra_no_moddrop_seed2,ra_no_moddrop,2,v40c_03302,5,20,500,0.7934839282247552,0.9976426214049975,0.9976426214049975,0.8200000000000001,5968bd0509826dc04bde8e59e0d227812be3a3f805fbfee4559e119c441a4875
ra_no_moddrop_seed2,ra_no_moddrop,2,v40c_03303,1,4,100,0.7514851485148515,0.9174917491749175,0.9174917491749175,0.8,5968bd0509826dc04bde8e59e0d227812be3a3f805fbfee4559e119c441a4875
ra_no_moddrop_seed2,ra_no_moddrop,2,v40c_03304,5,19,500,0.6786483292355421,0.972254917799472,0.7872340425531914,0.7473684210526316,5968bd0509826dc04bde8e59e0d227812be3a3f805fbfee4559e119c441a4875
ra_no_moddrop_seed2,ra_no_moddrop,2,v40c_03305,1,3,100,0.799009900990099,1.0,1.0,0.8,5968bd0509826dc04bde8e59e0d227812be3a3f805fbfee4559e119c441a4875
ra_no_moddrop_seed2,ra_no_moddrop,2,v40c_03339,2,2,200,0.7504950495049505,1.0,1.0,0.75,5968bd0509826dc04bde8e59e0d227812be3a3f805fbfee4559e119c441a4875
ra_no_moddrop_seed2,ra_no_moddrop,2,v40c_03340,1,1,100,0.5999999999999999,0.9999999999999999,0.9999999999999999,0.6,5968bd0509826dc04bde8e59e0d227812be3a3f805fbfee4559e119c441a4875
ra_no_moddrop_seed2,ra_no_moddrop,2,v40c_03341,2,2,200,0.6,1.0,1.0,0.6,5968bd0509826dc04bde8e59e0d227812be3a3f805fbfee4559e119c441a4875
ra_no_moddrop_seed2,ra_no_moddrop,2,v40c_03342,2,3,200,0.36534653465346534,0.6633663366336634,0.33663366336633654,0.36666666666666664,5968bd0509826dc04bde8e59e0d227812be3a3f805fbfee4559e119c441a4875
ra_no_moddrop_seed2,ra_no_moddrop,2,v40c_03343,1,2,100,0.12118811881188116,0.5049504950495048,0.10099009900990098,0.4,5968bd0509826dc04bde8e59e0d227812be3a3f805fbfee4559e119c441a4875
ra_no_moddrop_seed2,ra_no_moddrop,2,v40c_03344,2,4,200,0.14257425742574256,0.504950495049505,0.028602860286028597,0.3,5968bd0509826dc04bde8e59e0d227812be3a3f805fbfee4559e119c441a4875
ra_no_moddrop_seed2,ra_no_moddrop,2,v40c_03345,1,1,100,0.19999999999999998,0.9999999999999999,0.0,0.2,5968bd0509826dc04bde8e59e0d227812be3a3f805fbfee4559e119c441a4875
ra_no_moddrop_seed2,ra_no_moddrop,2,v40c_03346,3,4,300,0.07768741159830267,0.2574257425742574,0.0,0.125,5968bd0509826dc04bde8e59e0d227812be3a3f805fbfee4559e119c441a4875
ra_no_moddrop_seed2,ra_no_moddrop,2,v40c_03347,4,4,400,0.0,0.0,0.0,0.0,5968bd0509826dc04bde8e59e0d227812be3a3f805fbfee4559e119c441a4875
ra_no_moddrop_seed2,ra_no_moddrop,2,v40c_03348,1,1,100,0.0,0.0,0.0,0.0,5968bd0509826dc04bde8e59e0d227812be3a3f805fbfee4559e119c441a4875
ra_no_moddrop_seed2,ra_no_moddrop,2,v40c_03349,2,2,200,0.0,0.0,0.0,0.0,5968bd0509826dc04bde8e59e0d227812be3a3f805fbfee4559e119c441a4875
ra_no_moddrop_seed2,ra_no_moddrop,2,v40c_03350,1,1,100,0.0,0.0,0.0,0.0,5968bd0509826dc04bde8e59e0d227812be3a3f805fbfee4559e119c441a4875
ra_no_moddrop_seed2,ra_no_moddrop,2,v40c_03351,1,1,100,0.044444444444444446,0.11111111111111112,0.0,0.4,5968bd0509826dc04bde8e59e0d227812be3a3f805fbfee4559e119c441a4875
ra_no_moddrop_seed2,ra_no_moddrop,2,v40c_03353,3,3,300,0.2858505763155237,0.37339090878490466,0.3458374006414725,0.6,5968bd0509826dc04bde8e59e0d227812be3a3f805fbfee4559e119c441a4875
ra_no_moddrop_seed2,ra_no_moddrop,2,v40c_03354,1,1,100,0.7999999999999999,0.9999999999999999,0.9999999999999999,0.8,5968bd0509826dc04bde8e59e0d227812be3a3f805fbfee4559e119c441a4875
ra_no_moddrop_seed2,ra_no_moddrop,2,v40c_03355,1,2,100,0.47611386138613854,0.5358910891089108,0.5358910891089108,0.8,5968bd0509826dc04bde8e59e0d227812be3a3f805fbfee4559e119c441a4875
ra_no_moddrop_seed2,ra_no_moddrop,2,v40c_03356,2,4,200,0.3801849921834289,0.5147212089630017,0.504950495049505,0.4,5968bd0509826dc04bde8e59e0d227812be3a3f805fbfee4559e119c441a4875
ra_no_moddrop_seed2,ra_no_moddrop,2,v40c_03357,3,6,300,0.4748315094667362,0.5819741184644782,0.5683168316831684,0.6499999999999999,5968bd0509826dc04bde8e59e0d227812be3a3f805fbfee4559e119c441a4875
ra_no_moddrop_seed2,ra_no_moddrop,2,v40c_03358,1,2,100,0.8009900990099009,1.0,1.0,0.8,5968bd0509826dc04bde8e59e0d227812be3a3f805fbfee4559e119c441a4875
ra_no_moddrop_seed2,ra_no_moddrop,2,v40c_03359,2,4,200,0.7336633663366336,1.0,1.0,0.75,5968bd0509826dc04bde8e59e0d227812be3a3f805fbfee4559e119c441a4875
ra_no_moddrop_seed2,ra_no_moddrop,2,v40c_03360,1,2,100,0.7504950495049505,1.0,1.0,0.75,5968bd0509826dc04bde8e59e0d227812be3a3f805fbfee4559e119c441a4875
ra_no_moddrop_seed2,ra_no_moddrop,2,v40c_03361,2,4,200,0.7188118811881187,0.8939179632248937,0.8939179632248937,0.825,5968bd0509826dc04bde8e59e0d227812be3a3f805fbfee4559e119c441a4875
ra_no_moddrop_seed2,ra_no_moddrop,2,v40c_03362,1,2,100,0.8009900990099009,1.0,1.0,0.8,5968bd0509826dc04bde8e59e0d227812be3a3f805fbfee4559e119c441a4875
ra_no_moddrop_seed2,ra_no_moddrop,2,v40c_03363,1,2,100,0.7,1.0,1.0,0.7,5968bd0509826dc04bde8e59e0d227812be3a3f805fbfee4559e119c441a4875
ra_no_moddrop_seed2,ra_no_moddrop,2,v40c_03364,3,3,300,0.7504950495049505,1.0,1.0,0.7999999999999999,5968bd0509826dc04bde8e59e0d227812be3a3f805fbfee4559e119c441a4875
ra_no_moddrop_seed2,ra_no_moddrop,2,v40c_03365,3,3,300,0.8326732673267326,1.0,1.0,0.8333333333333333,5968bd0509826dc04bde8e59e0d227812be3a3f805fbfee4559e119c441a4875
ra_no_moddrop_seed2,ra_no_moddrop,2,v40c_03366,1,1,100,0.7999999999999999,0.9999999999999999,0.9999999999999999,0.8,5968bd0509826dc04bde8e59e0d227812be3a3f805fbfee4559e119c441a4875
ra_no_moddrop_seed2,ra_no_moddrop,2,v40c_03367,1,1,100,0.8999999999999998,0.9999999999999999,0.9999999999999999,0.9,5968bd0509826dc04bde8e59e0d227812be3a3f805fbfee4559e119c441a4875
ra_no_moddrop_seed2,ra_no_moddrop,2,v40c_03368,1,1,100,0.8999999999999998,0.9999999999999999,0.9999999999999999,0.9,5968bd0509826dc04bde8e59e0d227812be3a3f805fbfee4559e119c441a4875
ra_no_moddrop_seed2,ra_no_moddrop,2,v40c_03369,3,3,300,0.8663366336633663,1.0,1.0,0.8666666666666666,5968bd0509826dc04bde8e59e0d227812be3a3f805fbfee4559e119c441a4875
ra_no_moddrop_seed2,ra_no_moddrop,2,v40c_03370,1,1,100,0.35999999999999993,0.9999999999999999,0.19999999999999996,0.6,5968bd0509826dc04bde8e59e0d227812be3a3f805fbfee4559e119c441a4875
ra_no_moddrop_seed2,ra_no_moddrop,2,v40c_03371,1,2,100,0.013771377137713772,0.04590459045904591,0.0,0.15,5968bd0509826dc04bde8e59e0d227812be3a3f805fbfee4559e119c441a4875
ra_no_moddrop_seed2,ra_no_moddrop,2,v40c_03444,2,8,200,0.8809405940594057,1.0,1.0,0.9,5968bd0509826dc04bde8e59e0d227812be3a3f805fbfee4559e119c441a4875
ra_no_moddrop_seed2,ra_no_moddrop,2,v40c_03504,1,4,100,0.6913091309130913,0.8074807480748076,0.7524752475247525,0.725,5968bd0509826dc04bde8e59e0d227812be3a3f805fbfee4559e119c441a4875
ra_no_moddrop_seed2,ra_no_moddrop,2,v40c_03505,1,3,100,0.5384338433843384,0.6462646264626459,0.5544554455445545,0.7,5968bd0509826dc04bde8e59e0d227812be3a3f805fbfee4559e119c441a4875
ra_no_moddrop_seed2,ra_no_moddrop,2,v40c_03506,1,3,100,0.9112211221122113,1.0,1.0,0.9333333333333333,5968bd0509826dc04bde8e59e0d227812be3a3f805fbfee4559e119c441a4875
ra_no_moddrop_seed2,ra_no_moddrop,2,v40c_03507,1,3,100,0.8168316831683168,1.0,1.0,0.8333333333333334,5968bd0509826dc04bde8e59e0d227812be3a3f805fbfee4559e119c441a4875
ra_no_moddrop_seed2,ra_no_moddrop,2,v40c_03508,1,3,100,0.6339508144362824,0.6959437879271799,0.6633663366336634,0.6666666666666666,5968bd0509826dc04bde8e59e0d227812be3a3f805fbfee4559e119c441a4875
ra_no_moddrop_seed2,ra_no_moddrop,2,v40c_03509,1,2,100,0.9009900990099009,1.0,1.0,0.9,5968bd0509826dc04bde8e59e0d227812be3a3f805fbfee4559e119c441a4875
ra_no_moddrop_seed2,ra_no_moddrop,2,v40c_03510,1,3,100,0.7831683168316832,1.0,1.0,0.7999999999999999,5968bd0509826dc04bde8e59e0d227812be3a3f805fbfee4559e119c441a4875
ra_no_moddrop_seed2,ra_no_moddrop,2,v40c_03511,1,3,100,0.861056105610561,1.0,1.0,0.9,5968bd0509826dc04bde8e59e0d227812be3a3f805fbfee4559e119c441a4875
ra_no_moddrop_seed2,ra_no_moddrop,2,v40c_03512,1,3,100,0.8663366336633663,1.0,1.0,0.8666666666666666,5968bd0509826dc04bde8e59e0d227812be3a3f805fbfee4559e119c441a4875
ra_no_moddrop_seed2,ra_no_moddrop,2,v40c_03513,1,3,100,0.8112211221122113,1.0,1.0,0.8333333333333334,5968bd0509826dc04bde8e59e0d227812be3a3f805fbfee4559e119c441a4875
ra_no_moddrop_seed2,ra_no_moddrop,2,v40c_03514,1,2,100,0.8009900990099009,1.0,1.0,0.8,5968bd0509826dc04bde8e59e0d227812be3a3f805fbfee4559e119c441a4875
ra_no_moddrop_seed2,ra_no_moddrop,2,v40c_03515,2,4,200,0.7122937293729373,0.8556105610561057,0.8556105610561057,0.825,5968bd0509826dc04bde8e59e0d227812be3a3f805fbfee4559e119c441a4875
ra_no_moddrop_seed2,ra_no_moddrop,2,v40c_03516,1,2,100,0.7184818481848184,0.834983498349835,0.834983498349835,0.85,5968bd0509826dc04bde8e59e0d227812be3a3f805fbfee4559e119c441a4875
ra_no_moddrop_seed2,ra_no_moddrop,2,v40c_03517,7,15,700,0.7093865268879828,0.9310813434284603,0.8672102504368083,0.78,5968bd0509826dc04bde8e59e0d227812be3a3f805fbfee4559e119c441a4875
ra_no_moddrop_seed2,ra_no_moddrop,2,v40c_03518,1,2,100,0.9009900990099009,1.0,1.0,0.9,5968bd0509826dc04bde8e59e0d227812be3a3f805fbfee4559e119c441a4875
ra_no_moddrop_seed2,ra_no_moddrop,2,v40c_03519,1,2,100,0.6524752475247524,0.834983498349835,0.834983498349835,0.75,5968bd0509826dc04bde8e59e0d227812be3a3f805fbfee4559e119c441a4875
ra_no_moddrop_seed2,ra_no_moddrop,2,v40c_03520,1,2,100,0.8504950495049505,1.0,1.0,0.85,5968bd0509826dc04bde8e59e0d227812be3a3f805fbfee4559e119c441a4875
ra_no_moddrop_seed2,ra_no_moddrop,2,v40c_03521,1,1,100,0.7999999999999999,0.9999999999999999,0.9999999999999999,0.8,5968bd0509826dc04bde8e59e0d227812be3a3f805fbfee4559e119c441a4875
ra_no_moddrop_seed2,ra_no_moddrop,2,v40c_03522,1,1,100,0.8999999999999998,0.9999999999999999,0.9999999999999999,0.9,5968bd0509826dc04bde8e59e0d227812be3a3f805fbfee4559e119c441a4875
ra_no_moddrop_seed2,ra_no_moddrop,2,v40c_03523,1,1,100,0.8999999999999998,0.9999999999999999,0.9999999999999999,0.9,5968bd0509826dc04bde8e59e0d227812be3a3f805fbfee4559e119c441a4875
ra_no_moddrop_seed2,ra_no_moddrop,2,v40c_03524,1,1,100,0.8999999999999998,0.9999999999999999,0.9999999999999999,0.9,5968bd0509826dc04bde8e59e0d227812be3a3f805fbfee4559e119c441a4875
ra_no_moddrop_seed2,ra_no_moddrop,2,v40c_03525,1,1,100,0.7999999999999999,0.9999999999999999,0.9999999999999999,0.8,5968bd0509826dc04bde8e59e0d227812be3a3f805fbfee4559e119c441a4875
ra_no_moddrop_seed2,ra_no_moddrop,2,v40c_03526,1,1,100,0.7,0.9999999999999999,0.9999999999999999,0.7,5968bd0509826dc04bde8e59e0d227812be3a3f805fbfee4559e119c441a4875
ra_no_moddrop_seed2,ra_no_moddrop,2,v40c_03527,1,1,100,0.7999999999999999,0.9999999999999999,0.9999999999999999,0.8,5968bd0509826dc04bde8e59e0d227812be3a3f805fbfee4559e119c441a4875
ra_no_moddrop_seed2,ra_no_moddrop,2,v40c_03528,2,2,200,0.7,1.0,1.0,0.7,5968bd0509826dc04bde8e59e0d227812be3a3f805fbfee4559e119c441a4875
ra_no_moddrop_seed2,ra_no_moddrop,2,v40c_03529,2,2,200,0.6252475247524752,1.0,1.0,0.65,5968bd0509826dc04bde8e59e0d227812be3a3f805fbfee4559e119c441a4875
ra_no_moddrop_seed2,ra_no_moddrop,2,v40c_03530,1,1,100,0.8999999999999998,0.9999999999999999,0.9999999999999999,0.9,5968bd0509826dc04bde8e59e0d227812be3a3f805fbfee4559e119c441a4875
ra_no_moddrop_seed2,ra_no_moddrop,2,v40c_03531,1,1,100,0.9999999999999998,0.9999999999999999,0.9999999999999999,1.0,5968bd0509826dc04bde8e59e0d227812be3a3f805fbfee4559e119c441a4875
ra_no_moddrop_seed2,ra_no_moddrop,2,v40c_03532,1,1,100,0.8999999999999998,0.9999999999999999,0.9999999999999999,0.9,5968bd0509826dc04bde8e59e0d227812be3a3f805fbfee4559e119c441a4875
ra_no_moddrop_seed2,ra_no_moddrop,2,v40c_03533,1,2,100,0.6524752475247524,0.834983498349835,0.834983498349835,0.75,5968bd0509826dc04bde8e59e0d227812be3a3f805fbfee4559e119c441a4875
ra_no_moddrop_seed2,ra_no_moddrop,2,v40c_03534,1,1,100,0.5999999999999999,0.9999999999999999,0.9999999999999999,0.6,5968bd0509826dc04bde8e59e0d227812be3a3f805fbfee4559e119c441a4875
ra_no_moddrop_seed2,ra_no_moddrop,2,v40c_03535,1,1,100,0.5999999999999999,0.9999999999999999,0.9999999999999999,0.6,5968bd0509826dc04bde8e59e0d227812be3a3f805fbfee4559e119c441a4875
ra_no_moddrop_seed2,ra_no_moddrop,2,v40c_03536,1,1,100,0.7999999999999999,0.9999999999999999,0.9999999999999999,0.8,5968bd0509826dc04bde8e59e0d227812be3a3f805fbfee4559e119c441a4875
ra_no_moddrop_seed2,ra_no_moddrop,2,v40c_03537,1,1,100,0.7,0.9999999999999999,0.9999999999999999,0.7,5968bd0509826dc04bde8e59e0d227812be3a3f805fbfee4559e119c441a4875
ra_no_moddrop_seed2,ra_no_moddrop,2,v40c_03538,1,1,100,0.7,0.9999999999999999,0.9999999999999999,0.7,5968bd0509826dc04bde8e59e0d227812be3a3f805fbfee4559e119c441a4875
ra_no_moddrop_seed2,ra_no_moddrop,2,v40c_03539,1,1,100,0.4136363636363636,0.9999999999999999,0.045454545454545484,0.7,5968bd0509826dc04bde8e59e0d227812be3a3f805fbfee4559e119c441a4875
ra_no_moddrop_seed2,ra_no_moddrop,2,v40c_03540,1,1,100,0.4999999999999999,0.9999999999999999,0.0,0.5,5968bd0509826dc04bde8e59e0d227812be3a3f805fbfee4559e119c441a4875
ra_no_moddrop_seed2,ra_no_moddrop,2,v40c_03541,1,1,100,0.5045454545454545,0.9999999999999999,0.045454545454545484,0.6,5968bd0509826dc04bde8e59e0d227812be3a3f805fbfee4559e119c441a4875
ra_no_moddrop_seed2,ra_no_moddrop,2,v40c_03542,1,1,100,0.7,0.9999999999999999,0.9999999999999999,0.7,5968bd0509826dc04bde8e59e0d227812be3a3f805fbfee4559e119c441a4875
ra_no_moddrop_seed2,ra_no_moddrop,2,v40c_03543,2,2,200,0.35563413484205564,1.0,0.008015087223008015,0.5,5968bd0509826dc04bde8e59e0d227812be3a3f805fbfee4559e119c441a4875
ra_no_moddrop_seed2,ra_no_moddrop,2,v40c_03544,1,1,100,0.16666666666666669,0.9999999999999999,0.08333333333333336,0.9,5968bd0509826dc04bde8e59e0d227812be3a3f805fbfee4559e119c441a4875
ra_no_moddrop_seed2,ra_no_moddrop,2,v40c_03570,1,1,100,0.8999999999999998,0.9999999999999999,0.9999999999999999,0.9,5968bd0509826dc04bde8e59e0d227812be3a3f805fbfee4559e119c441a4875
ra_no_moddrop_seed2,ra_no_moddrop,2,v40c_03571,2,3,200,0.8663366336633663,1.0,1.0,0.8666666666666666,5968bd0509826dc04bde8e59e0d227812be3a3f805fbfee4559e119c441a4875
ra_no_moddrop_seed2,ra_no_moddrop,2,v40c_03572,1,2,100,0.9,1.0,1.0,0.9,5968bd0509826dc04bde8e59e0d227812be3a3f805fbfee4559e119c441a4875
ra_no_moddrop_seed2,ra_no_moddrop,2,v40c_03573,1,2,100,0.8504950495049505,1.0,1.0,0.85,5968bd0509826dc04bde8e59e0d227812be3a3f805fbfee4559e119c441a4875
ra_no_moddrop_seed2,ra_no_moddrop,2,v40c_03574,2,3,200,0.8831683168316831,1.0,1.0,0.9,5968bd0509826dc04bde8e59e0d227812be3a3f805fbfee4559e119c441a4875
ra_no_moddrop_seed2,ra_no_moddrop,2,v40c_03575,2,5,200,0.7996699669966996,0.933993399339934,0.933993399339934,0.86,5968bd0509826dc04bde8e59e0d227812be3a3f805fbfee4559e119c441a4875
ra_no_moddrop_seed2,ra_no_moddrop,2,v40c_03576,30,50,3000,0.6574625416347741,0.9285069845243965,0.7811750182310655,0.7299999999999999,5968bd0509826dc04bde8e59e0d227812be3a3f805fbfee4559e119c441a4875
ra_no_moddrop_seed2,ra_no_moddrop,2,v40c_03577,1,2,100,0.9252475247524753,1.0,1.0,0.95,5968bd0509826dc04bde8e59e0d227812be3a3f805fbfee4559e119c441a4875
ra_no_moddrop_seed2,ra_no_moddrop,2,v40c_03578,1,2,100,0.8504950495049505,1.0,1.0,0.85,5968bd0509826dc04bde8e59e0d227812be3a3f805fbfee4559e119c441a4875
ra_no_moddrop_seed2,ra_no_moddrop,2,v40c_03579,1,2,100,0.9,1.0,1.0,0.9,5968bd0509826dc04bde8e59e0d227812be3a3f805fbfee4559e119c441a4875
ra_no_moddrop_seed2,ra_no_moddrop,2,v40c_03580,1,2,100,0.9504950495049505,1.0,1.0,0.95,5968bd0509826dc04bde8e59e0d227812be3a3f805fbfee4559e119c441a4875
ra_no_moddrop_seed2,ra_no_moddrop,2,v40c_03581,1,2,100,0.7514851485148515,1.0,1.0,0.75,5968bd0509826dc04bde8e59e0d227812be3a3f805fbfee4559e119c441a4875
ra_no_moddrop_seed2,ra_no_moddrop,2,v40c_03582,1,3,100,0.41368316831683166,0.8341584158415841,0.33663366336633654,0.5,5968bd0509826dc04bde8e59e0d227812be3a3f805fbfee4559e119c441a4875
ra_no_moddrop_seed2,ra_no_moddrop,2,v40c_03583,1,2,100,0.7252475247524752,1.0,1.0,0.75,5968bd0509826dc04bde8e59e0d227812be3a3f805fbfee4559e119c441a4875
ra_no_moddrop_seed2,ra_no_moddrop,2,v40c_03584,1,2,100,0.8252475247524753,1.0,1.0,0.85,5968bd0509826dc04bde8e59e0d227812be3a3f805fbfee4559e119c441a4875
ra_no_moddrop_seed2,ra_no_moddrop,2,v40c_03585,1,2,100,0.8504950495049505,1.0,1.0,0.85,5968bd0509826dc04bde8e59e0d227812be3a3f805fbfee4559e119c441a4875
ra_no_moddrop_seed2,ra_no_moddrop,2,v40c_03586,1,2,100,0.7504950495049505,1.0,1.0,0.8,5968bd0509826dc04bde8e59e0d227812be3a3f805fbfee4559e119c441a4875
ra_no_moddrop_seed2,ra_no_moddrop,2,v40c_03587,1,2,100,0.4718528995756719,1.0,0.07213578500707213,0.55,5968bd0509826dc04bde8e59e0d227812be3a3f805fbfee4559e119c441a4875
ra_no_moddrop_seed2,ra_no_moddrop,2,v40c_03588,1,2,100,0.333993399339934,0.834983498349835,0.0,0.4,5968bd0509826dc04bde8e59e0d227812be3a3f805fbfee4559e119c441a4875
ra_no_moddrop_seed2,ra_no_moddrop,2,v40c_03589,2,3,200,0.6837083708370837,1.0,0.7551755175517552,0.7333333333333333,5968bd0509826dc04bde8e59e0d227812be3a3f805fbfee4559e119c441a4875
ra_no_moddrop_seed2,ra_no_moddrop,2,v40c_03590,1,2,100,0.567986798679868,1.0,0.834983498349835,0.65,5968bd0509826dc04bde8e59e0d227812be3a3f805fbfee4559e119c441a4875
ra_no_moddrop_seed2,ra_no_moddrop,2,v40c_03591,1,1,100,0.4333333333333333,0.9999999999999999,0.1666666666666667,0.6,5968bd0509826dc04bde8e59e0d227812be3a3f805fbfee4559e119c441a4875
ra_no_moddrop_seed2,ra_no_moddrop,2,v40c_03615,1,2,100,0.8504950495049505,1.0,1.0,0.85,5968bd0509826dc04bde8e59e0d227812be3a3f805fbfee4559e119c441a4875
ra_no_moddrop_seed2,ra_no_moddrop,2,v40c_03616,1,2,100,0.9009900990099009,1.0,1.0,0.9,5968bd0509826dc04bde8e59e0d227812be3a3f805fbfee4559e119c441a4875
ra_no_moddrop_seed2,ra_no_moddrop,2,v40c_03617,1,2,100,0.9504950495049505,1.0,1.0,0.95,5968bd0509826dc04bde8e59e0d227812be3a3f805fbfee4559e119c441a4875
ra_no_moddrop_seed2,ra_no_moddrop,2,v40c_03618,1,2,100,0.9,1.0,1.0,0.9,5968bd0509826dc04bde8e59e0d227812be3a3f805fbfee4559e119c441a4875
ra_no_moddrop_seed2,ra_no_moddrop,2,v40c_03619,1,2,100,0.8252475247524753,1.0,1.0,0.85,5968bd0509826dc04bde8e59e0d227812be3a3f805fbfee4559e119c441a4875
ra_no_moddrop_seed2,ra_no_moddrop,2,v40c_03620,1,2,100,0.9,1.0,1.0,0.9,5968bd0509826dc04bde8e59e0d227812be3a3f805fbfee4559e119c441a4875
ra_no_moddrop_seed2,ra_no_moddrop,2,v40c_03621,1,2,100,0.9,1.0,1.0,0.9,5968bd0509826dc04bde8e59e0d227812be3a3f805fbfee4559e119c441a4875
ra_no_moddrop_seed2,ra_no_moddrop,2,v40c_03622,1,2,100,0.9504950495049505,1.0,1.0,0.95,5968bd0509826dc04bde8e59e0d227812be3a3f805fbfee4559e119c441a4875
ra_no_moddrop_seed2,ra_no_moddrop,2,v40c_03623,2,4,200,0.9009900990099011,1.0,1.0,0.9,5968bd0509826dc04bde8e59e0d227812be3a3f805fbfee4559e119c441a4875
ra_no_moddrop_seed2,ra_no_moddrop,2,v40c_03624,1,2,100,0.9,1.0,1.0,0.9,5968bd0509826dc04bde8e59e0d227812be3a3f805fbfee4559e119c441a4875
ra_no_moddrop_seed2,ra_no_moddrop,2,v40c_03625,1,2,100,0.9252475247524753,1.0,1.0,0.95,5968bd0509826dc04bde8e59e0d227812be3a3f805fbfee4559e119c441a4875
ra_no_moddrop_seed2,ra_no_moddrop,2,v40c_03626,1,2,100,0.8009900990099009,1.0,1.0,0.8,5968bd0509826dc04bde8e59e0d227812be3a3f805fbfee4559e119c441a4875
ra_no_moddrop_seed2,ra_no_moddrop,2,v40c_03627,1,2,100,0.7514851485148515,1.0,1.0,0.75,5968bd0509826dc04bde8e59e0d227812be3a3f805fbfee4559e119c441a4875
ra_no_moddrop_seed2,ra_no_moddrop,2,v40c_03628,2,3,200,0.5860561056105611,0.75,0.75,0.7999999999999999,5968bd0509826dc04bde8e59e0d227812be3a3f805fbfee4559e119c441a4875
ra_no_moddrop_seed2,ra_no_moddrop,2,v40c_03629,2,2,200,0.5772277227722772,0.7524752475247525,0.7524752475247525,0.75,5968bd0509826dc04bde8e59e0d227812be3a3f805fbfee4559e119c441a4875
ra_no_moddrop_seed2,ra_no_moddrop,2,v40c_03630,1,1,100,0.7999999999999999,0.9999999999999999,0.9999999999999999,0.8,5968bd0509826dc04bde8e59e0d227812be3a3f805fbfee4559e119c441a4875
ra_no_moddrop_seed2,ra_no_moddrop,2,v40c_03631,1,2,100,0.568976897689769,0.834983498349835,0.5049504950495048,0.65,5968bd0509826dc04bde8e59e0d227812be3a3f805fbfee4559e119c441a4875
ra_no_moddrop_seed2,ra_no_moddrop,2,v40c_03632,1,1,100,0.7999999999999999,0.9999999999999999,0.9999999999999999,0.8,5968bd0509826dc04bde8e59e0d227812be3a3f805fbfee4559e119c441a4875
ra_no_moddrop_seed2,ra_no_moddrop,2,v40c_03633,1,1,100,0.5999999999999999,0.9999999999999999,0.9999999999999999,0.6,5968bd0509826dc04bde8e59e0d227812be3a3f805fbfee4559e119c441a4875
ra_no_moddrop_seed2,ra_no_moddrop,2,v40c_03634,2,2,200,0.7524752475247524,1.0,0.5049504950495048,0.75,5968bd0509826dc04bde8e59e0d227812be3a3f805fbfee4559e119c441a4875
ra_no_moddrop_seed2,ra_no_moddrop,2,v40c_03635,1,1,100,0.20588235294117646,0.5,0.0,0.5,5968bd0509826dc04bde8e59e0d227812be3a3f805fbfee4559e119c441a4875
ra_no_moddrop_seed2,ra_no_moddrop,2,v40c_03636,1,1,100,0.7,0.9999999999999999,0.9999999999999999,0.7,5968bd0509826dc04bde8e59e0d227812be3a3f805fbfee4559e119c441a4875
ra_no_moddrop_seed2,ra_no_moddrop,2,v40c_03637,1,1,100,0.7,0.9999999999999999,0.9999999999999999,0.7,5968bd0509826dc04bde8e59e0d227812be3a3f805fbfee4559e119c441a4875
ra_no_moddrop_seed2,ra_no_moddrop,2,v40c_03638,1,1,100,0.7999999999999999,0.9999999999999999,0.9999999999999999,0.8,5968bd0509826dc04bde8e59e0d227812be3a3f805fbfee4559e119c441a4875
ra_no_moddrop_seed2,ra_no_moddrop,2,v40c_03639,1,1,100,0.7,0.9999999999999999,0.9999999999999999,0.7,5968bd0509826dc04bde8e59e0d227812be3a3f805fbfee4559e119c441a4875
ra_no_moddrop_seed2,ra_no_moddrop,2,v40c_04010,2,5,200,0.754125412541254,0.9669966996699667,0.7524752475247524,0.86,5968bd0509826dc04bde8e59e0d227812be3a3f805fbfee4559e119c441a4875
ra_no_moddrop_seed2,ra_no_moddrop,2,v40c_04032,1,1,100,0.5999999999999999,0.9999999999999999,0.9999999999999999,0.6,5968bd0509826dc04bde8e59e0d227812be3a3f805fbfee4559e119c441a4875
ra_no_moddrop_seed2,ra_no_moddrop,2,v40c_04033,1,1,100,0.7,0.9999999999999999,0.9999999999999999,0.7,5968bd0509826dc04bde8e59e0d227812be3a3f805fbfee4559e119c441a4875
ra_no_moddrop_seed2,ra_no_moddrop,2,v40c_04034,1,2,100,0.1448019801980198,0.31435643564356436,0.0,0.4,5968bd0509826dc04bde8e59e0d227812be3a3f805fbfee4559e119c441a4875
ra_no_moddrop_seed2,ra_no_moddrop,2,v40c_04035,1,2,100,0.356919180290122,0.5164632742344002,0.5049504950495048,0.5,5968bd0509826dc04bde8e59e0d227812be3a3f805fbfee4559e119c441a4875
ra_no_moddrop_seed2,ra_no_moddrop,2,v40c_04036,1,3,100,0.6468175388967469,1.0,0.8076379066478078,0.7666666666666666,5968bd0509826dc04bde8e59e0d227812be3a3f805fbfee4559e119c441a4875
ra_no_moddrop_seed2,ra_no_moddrop,2,v40c_04037,1,2,100,0.705174065793676,1.0,0.5368891727882463,0.75,5968bd0509826dc04bde8e59e0d227812be3a3f805fbfee4559e119c441a4875
ra_no_moddrop_seed2,ra_no_moddrop,2,v40c_04038,1,2,100,0.667986798679868,0.834983498349835,0.834983498349835,0.8,5968bd0509826dc04bde8e59e0d227812be3a3f805fbfee4559e119c441a4875
ra_no_moddrop_seed2,ra_no_moddrop,2,v40c_04039,1,3,100,0.7326732673267327,1.0,1.0,0.8,5968bd0509826dc04bde8e59e0d227812be3a3f805fbfee4559e119c441a4875
ra_no_moddrop_seed2,ra_no_moddrop,2,v40c_04040,1,3,100,0.810891089108911,1.0,1.0,0.8333333333333333,5968bd0509826dc04bde8e59e0d227812be3a3f805fbfee4559e119c441a4875
ra_no_moddrop_seed2,ra_no_moddrop,2,v40c_04041,1,3,100,0.8112211221122113,1.0,1.0,0.8333333333333334,5968bd0509826dc04bde8e59e0d227812be3a3f805fbfee4559e119c441a4875
ra_no_moddrop_seed2,ra_no_moddrop,2,v40c_04042,1,3,100,0.8,1.0,1.0,0.8,5968bd0509826dc04bde8e59e0d227812be3a3f805fbfee4559e119c441a4875
ra_no_moddrop_seed2,ra_no_moddrop,2,v40c_04043,1,3,100,0.8112211221122113,1.0,1.0,0.8333333333333334,5968bd0509826dc04bde8e59e0d227812be3a3f805fbfee4559e119c441a4875
ra_no_moddrop_seed2,ra_no_moddrop,2,v40c_04044,1,3,100,0.8,1.0,1.0,0.7999999999999999,5968bd0509826dc04bde8e59e0d227812be3a3f805fbfee4559e119c441a4875
ra_no_moddrop_seed2,ra_no_moddrop,2,v40c_04045,1,3,100,0.8442244224422442,1.0,1.0,0.8666666666666666,5968bd0509826dc04bde8e59e0d227812be3a3f805fbfee4559e119c441a4875
ra_no_moddrop_seed2,ra_no_moddrop,2,v40c_04046,1,3,100,0.7005400540054005,1.0,0.7551755175517552,0.7666666666666666,5968bd0509826dc04bde8e59e0d227812be3a3f805fbfee4559e119c441a4875
ra_no_moddrop_seed2,ra_no_moddrop,2,v40c_04047,1,2,100,0.9,1.0,1.0,0.9,5968bd0509826dc04bde8e59e0d227812be3a3f805fbfee4559e119c441a4875
ra_no_moddrop_seed2,ra_no_moddrop,2,v40c_04048,1,2,100,0.9504950495049505,1.0,1.0,0.95,5968bd0509826dc04bde8e59e0d227812be3a3f805fbfee4559e119c441a4875
ra_no_moddrop_seed2,ra_no_moddrop,2,v40c_04049,1,2,100,0.8009900990099009,1.0,1.0,0.8,5968bd0509826dc04bde8e59e0d227812be3a3f805fbfee4559e119c441a4875
ra_no_moddrop_seed2,ra_no_moddrop,2,v40c_04050,1,2,100,0.9,1.0,1.0,0.9,5968bd0509826dc04bde8e59e0d227812be3a3f805fbfee4559e119c441a4875
ra_no_moddrop_seed2,ra_no_moddrop,2,v40c_04051,1,1,100,0.8999999999999998,0.9999999999999999,0.9999999999999999,0.9,5968bd0509826dc04bde8e59e0d227812be3a3f805fbfee4559e119c441a4875
ra_no_moddrop_seed2,ra_no_moddrop,2,v40c_04052,1,1,100,0.8999999999999998,0.9999999999999999,0.9999999999999999,0.9,5968bd0509826dc04bde8e59e0d227812be3a3f805fbfee4559e119c441a4875
ra_no_moddrop_seed2,ra_no_moddrop,2,v40c_04053,2,2,200,0.9,1.0,1.0,0.9,5968bd0509826dc04bde8e59e0d227812be3a3f805fbfee4559e119c441a4875
ra_no_moddrop_seed2,ra_no_moddrop,2,v40c_04054,2,2,200,0.9,1.0,1.0,0.9,5968bd0509826dc04bde8e59e0d227812be3a3f805fbfee4559e119c441a4875
ra_no_moddrop_seed2,ra_no_moddrop,2,v40c_04055,1,1,100,0.8999999999999998,0.9999999999999999,0.9999999999999999,0.9,5968bd0509826dc04bde8e59e0d227812be3a3f805fbfee4559e119c441a4875
ra_no_moddrop_seed2,ra_no_moddrop,2,v40c_04056,1,1,100,0.8999999999999998,0.9999999999999999,0.9999999999999999,0.9,5968bd0509826dc04bde8e59e0d227812be3a3f805fbfee4559e119c441a4875
ra_no_moddrop_seed2,ra_no_moddrop,2,v40c_04057,1,1,100,0.8999999999999998,0.9999999999999999,0.9999999999999999,0.9,5968bd0509826dc04bde8e59e0d227812be3a3f805fbfee4559e119c441a4875
ra_no_moddrop_seed2,ra_no_moddrop,2,v40c_04058,1,1,100,0.8999999999999998,0.9999999999999999,0.9999999999999999,0.9,5968bd0509826dc04bde8e59e0d227812be3a3f805fbfee4559e119c441a4875
ra_no_moddrop_seed2,ra_no_moddrop,2,v40c_04059,1,1,100,0.8999999999999998,0.9999999999999999,0.9999999999999999,0.9,5968bd0509826dc04bde8e59e0d227812be3a3f805fbfee4559e119c441a4875
ra_no_moddrop_seed2,ra_no_moddrop,2,v40c_04060,1,1,100,0.8999999999999998,0.9999999999999999,0.9999999999999999,0.9,5968bd0509826dc04bde8e59e0d227812be3a3f805fbfee4559e119c441a4875
ra_no_moddrop_seed2,ra_no_moddrop,2,v40c_04061,1,1,100,0.8999999999999998,0.9999999999999999,0.9999999999999999,0.9,5968bd0509826dc04bde8e59e0d227812be3a3f805fbfee4559e119c441a4875
ra_no_moddrop_seed2,ra_no_moddrop,2,v40c_04062,1,1,100,0.9999999999999998,0.9999999999999999,0.9999999999999999,1.0,5968bd0509826dc04bde8e59e0d227812be3a3f805fbfee4559e119c441a4875
ra_no_moddrop_seed2,ra_no_moddrop,2,v40c_04063,1,1,100,0.8999999999999998,0.9999999999999999,0.9999999999999999,0.9,5968bd0509826dc04bde8e59e0d227812be3a3f805fbfee4559e119c441a4875
ra_no_moddrop_seed2,ra_no_moddrop,2,v40c_04064,1,1,100,0.8999999999999998,0.9999999999999999,0.9999999999999999,0.9,5968bd0509826dc04bde8e59e0d227812be3a3f805fbfee4559e119c441a4875
ra_no_moddrop_seed2,ra_no_moddrop,2,v40c_04065,1,1,100,0.8999999999999998,0.9999999999999999,0.9999999999999999,0.9,5968bd0509826dc04bde8e59e0d227812be3a3f805fbfee4559e119c441a4875
ra_no_moddrop_seed2,ra_no_moddrop,2,v40c_04066,1,1,100,0.8999999999999998,0.9999999999999999,0.9999999999999999,0.9,5968bd0509826dc04bde8e59e0d227812be3a3f805fbfee4559e119c441a4875
ra_no_moddrop_seed2,ra_no_moddrop,2,v40c_04067,1,1,100,0.8999999999999998,0.9999999999999999,0.9999999999999999,0.9,5968bd0509826dc04bde8e59e0d227812be3a3f805fbfee4559e119c441a4875
ra_no_moddrop_seed2,ra_no_moddrop,2,v40c_04068,1,1,100,0.5999999999999999,0.9999999999999999,0.9999999999999999,0.6,5968bd0509826dc04bde8e59e0d227812be3a3f805fbfee4559e119c441a4875
ra_no_moddrop_seed2,ra_no_moddrop,2,v40c_04069,1,1,100,0.22291666666666665,0.9999999999999999,0.04166666666666668,0.7,5968bd0509826dc04bde8e59e0d227812be3a3f805fbfee4559e119c441a4875
ra_no_moddrop_seed2,ra_no_moddrop,2,v40c_04070,1,2,100,0.12184786046172184,0.54995499549955,0.022952295229522954,0.5,5968bd0509826dc04bde8e59e0d227812be3a3f805fbfee4559e119c441a4875
ra_no_moddrop_seed2,ra_no_moddrop,2,v40c_04071,1,1,100,0.10259740259740258,0.9999999999999999,0.0,0.3,5968bd0509826dc04bde8e59e0d227812be3a3f805fbfee4559e119c441a4875
ra_no_moddrop_seed2,ra_no_moddrop,2,v40c_04072,1,1,100,0.20454545454545453,0.9999999999999999,0.0,0.4,5968bd0509826dc04bde8e59e0d227812be3a3f805fbfee4559e119c441a4875
ra_no_moddrop_seed2,ra_no_moddrop,2,v40c_04073,1,2,100,0.5757425742574258,1.0,0.2524752475247525,0.65,5968bd0509826dc04bde8e59e0d227812be3a3f805fbfee4559e119c441a4875
ra_no_moddrop_seed2,ra_no_moddrop,2,v40c_04074,1,2,100,0.7,1.0,1.0,0.7,5968bd0509826dc04bde8e59e0d227812be3a3f805fbfee4559e119c441a4875
ra_no_moddrop_seed2,ra_no_moddrop,2,v40c_04075,1,2,100,0.8504950495049505,1.0,1.0,0.85,5968bd0509826dc04bde8e59e0d227812be3a3f805fbfee4559e119c441a4875
ra_no_moddrop_seed2,ra_no_moddrop,2,v40c_04076,2,4,200,0.7891089108910891,1.0,1.0,0.8,5968bd0509826dc04bde8e59e0d227812be3a3f805fbfee4559e119c441a4875
ra_no_moddrop_seed2,ra_no_moddrop,2,v40c_04077,1,2,100,0.7019801980198019,1.0,0.5049504950495048,0.7,5968bd0509826dc04bde8e59e0d227812be3a3f805fbfee4559e119c441a4875
ra_no_moddrop_seed2,ra_no_moddrop,2,v40c_04078,2,4,200,0.7495049504950495,0.9504950495049505,0.9504950495049505,0.8,5968bd0509826dc04bde8e59e0d227812be3a3f805fbfee4559e119c441a4875
ra_no_moddrop_seed2,ra_no_moddrop,2,v40c_04079,2,4,200,0.7235876528829354,1.0,0.5486313337216076,0.775,5968bd0509826dc04bde8e59e0d227812be3a3f805fbfee4559e119c441a4875
ra_no_moddrop_seed2,ra_no_moddrop,2,v40c_04080,1,2,100,0.6524752475247524,0.834983498349835,0.834983498349835,0.75,5968bd0509826dc04bde8e59e0d227812be3a3f805fbfee4559e119c441a4875
ra_no_moddrop_seed2,ra_no_moddrop,2,v40c_04081,1,1,100,0.8999999999999998,0.9999999999999999,0.9999999999999999,0.9,5968bd0509826dc04bde8e59e0d227812be3a3f805fbfee4559e119c441a4875
ra_no_moddrop_seed2,ra_no_moddrop,2,v40c_04082,1,2,100,0.8504950495049505,1.0,1.0,0.85,5968bd0509826dc04bde8e59e0d227812be3a3f805fbfee4559e119c441a4875
ra_no_moddrop_seed2,ra_no_moddrop,2,v40c_04083,1,2,100,0.5336633663366337,0.7029702970297033,0.5049504950495048,0.65,5968bd0509826dc04bde8e59e0d227812be3a3f805fbfee4559e119c441a4875
ra_no_moddrop_seed2,ra_no_moddrop,2,v40c_04084,1,2,100,0.9,1.0,1.0,0.9,5968bd0509826dc04bde8e59e0d227812be3a3f805fbfee4559e119c441a4875
ra_no_moddrop_seed2,ra_no_moddrop,2,v40c_04085,1,2,100,0.6524752475247524,0.834983498349835,0.834983498349835,0.75,5968bd0509826dc04bde8e59e0d227812be3a3f805fbfee4559e119c441a4875
ra_no_moddrop_seed2,ra_no_moddrop,2,v40c_04086,1,3,100,0.7507425742574256,0.8341584158415841,0.8341584158415841,0.9,5968bd0509826dc04bde8e59e0d227812be3a3f805fbfee4559e119c441a4875
ra_no_moddrop_seed2,ra_no_moddrop,2,v40c_04104,1,1,100,0.01388888888888889,0.02777777777777778,0.0,0.5,5968bd0509826dc04bde8e59e0d227812be3a3f805fbfee4559e119c441a4875
ra_no_moddrop_seed2,ra_no_moddrop,2,v40c_04105,2,2,200,0.09653695245685559,0.31071636575422246,0.006644085461177697,0.55,5968bd0509826dc04bde8e59e0d227812be3a3f805fbfee4559e119c441a4875
ra_no_moddrop_seed2,ra_no_moddrop,2,v40c_04106,5,9,500,0.7099339933993403,0.9554455445544559,0.8158415841584159,0.7777777777777778,5968bd0509826dc04bde8e59e0d227812be3a3f805fbfee4559e119c441a4875
ra_no_moddrop_seed2,ra_no_moddrop,2,v40c_04107,1,2,100,0.7504950495049505,1.0,1.0,0.8,5968bd0509826dc04bde8e59e0d227812be3a3f805fbfee4559e119c441a4875
ra_no_moddrop_seed2,ra_no_moddrop,2,v40c_04108,1,2,100,0.8504950495049506,1.0,1.0,0.9,5968bd0509826dc04bde8e59e0d227812be3a3f805fbfee4559e119c441a4875
ra_no_moddrop_seed2,ra_no_moddrop,2,v40c_04109,1,2,100,0.7504950495049505,1.0,1.0,0.8,5968bd0509826dc04bde8e59e0d227812be3a3f805fbfee4559e119c441a4875
ra_no_moddrop_seed2,ra_no_moddrop,2,v40c_04110,1,2,100,0.7252475247524752,1.0,1.0,0.75,5968bd0509826dc04bde8e59e0d227812be3a3f805fbfee4559e119c441a4875
ra_no_moddrop_seed2,ra_no_moddrop,2,v40c_04111,1,2,100,0.7504950495049505,1.0,1.0,0.8,5968bd0509826dc04bde8e59e0d227812be3a3f805fbfee4559e119c441a4875
ra_no_moddrop_seed2,ra_no_moddrop,2,v40c_04112,1,3,100,0.6074257425742575,0.9158415841584159,0.6633663366336634,0.6666666666666666,5968bd0509826dc04bde8e59e0d227812be3a3f805fbfee4559e119c441a4875
ra_no_moddrop_seed2,ra_no_moddrop,2,v40c_04113,1,3,100,0.7336633663366336,1.0,1.0,0.7666666666666666,5968bd0509826dc04bde8e59e0d227812be3a3f805fbfee4559e119c441a4875
ra_no_moddrop_seed2,ra_no_moddrop,2,v40c_04114,1,3,100,0.7336633663366336,1.0,1.0,0.7666666666666666,5968bd0509826dc04bde8e59e0d227812be3a3f805fbfee4559e119c441a4875
ra_no_moddrop_seed2,ra_no_moddrop,2,v40c_04115,5,18,500,0.6008773802631924,0.9678691347395609,0.7780129737111643,0.6722222222222222,5968bd0509826dc04bde8e59e0d227812be3a3f805fbfee4559e119c441a4875
ra_no_moddrop_seed2,ra_no_moddrop,2,v40c_04116,1,4,100,0.567986798679868,1.0,0.42244224422442234,0.575,5968bd0509826dc04bde8e59e0d227812be3a3f805fbfee4559e119c441a4875
ra_no_moddrop_seed2,ra_no_moddrop,2,v40c_04117,1,4,100,0.6071782178217822,1.0,0.6905940594059405,0.65,5968bd0509826dc04bde8e59e0d227812be3a3f805fbfee4559e119c441a4875
ra_no_moddrop_seed2,ra_no_moddrop,2,v40c_04118,1,4,100,0.6762376237623762,1.0,1.0,0.7,5968bd0509826dc04bde8e59e0d227812be3a3f805fbfee4559e119c441a4875
ra_no_moddrop_seed2,ra_no_moddrop,2,v40c_04119,1,3,100,0.8112211221122113,1.0,1.0,0.8333333333333334,5968bd0509826dc04bde8e59e0d227812be3a3f805fbfee4559e119c441a4875
ra_no_moddrop_seed2,ra_no_moddrop,2,v40c_04120,1,4,100,0.7069306930693069,0.9504950495049505,0.7524752475247525,0.75,5968bd0509826dc04bde8e59e0d227812be3a3f805fbfee4559e119c441a4875
ra_no_moddrop_seed2,ra_no_moddrop,2,v40c_04121,1,3,100,0.8336633663366337,1.0,1.0,0.8333333333333334,5968bd0509826dc04bde8e59e0d227812be3a3f805fbfee4559e119c441a4875
ra_no_moddrop_seed2,ra_no_moddrop,2,v40c_04122,1,3,100,0.7798019801980197,1.0,0.865346534653465,0.8333333333333334,5968bd0509826dc04bde8e59e0d227812be3a3f805fbfee4559e119c441a4875
ra_no_moddrop_seed2,ra_no_moddrop,2,v40c_04123,2,3,200,0.8326732673267326,1.0,1.0,0.8333333333333333,5968bd0509826dc04bde8e59e0d227812be3a3f805fbfee4559e119c441a4875
ra_no_moddrop_seed2,ra_no_moddrop,2,v40c_04124,1,1,100,0.7999999999999999,0.9999999999999999,0.9999999999999999,0.8,5968bd0509826dc04bde8e59e0d227812be3a3f805fbfee4559e119c441a4875
ra_no_moddrop_seed2,ra_no_moddrop,2,v40c_04125,1,3,100,0.45693069306930695,0.7054455445544554,0.6633663366336634,0.5666666666666667,5968bd0509826dc04bde8e59e0d227812be3a3f805fbfee4559e119c441a4875
ra_no_moddrop_seed2,ra_no_moddrop,2,v40c_04126,1,3,100,0.6349009900990099,0.7264851485148515,0.7264851485148515,0.8,5968bd0509826dc04bde8e59e0d227812be3a3f805fbfee4559e119c441a4875
ra_no_moddrop_seed2,ra_no_moddrop,2,v40c_04127,1,4,100,0.4355198019801979,0.7772277227722769,0.504950495049505,0.5,5968bd0509826dc04bde8e59e0d227812be3a3f805fbfee4559e119c441a4875
ra_no_moddrop_seed2,ra_no_moddrop,2,v40c_04128,1,3,100,0.5158415841584159,0.9158415841584159,0.6633663366336634,0.5666666666666667,5968bd0509826dc04bde8e59e0d227812be3a3f805fbfee4559e119c441a4875
ra_no_moddrop_seed2,ra_no_moddrop,2,v40c_04129,1,1,100,0.5,0.9999999999999999,0.5,0.8,5968bd0509826dc04bde8e59e0d227812be3a3f805fbfee4559e119c441a4875
ra_no_moddrop_seed2,ra_no_moddrop,2,v40c_04130,1,1,100,0.7999999999999999,0.9999999999999999,0.9999999999999999,0.8,5968bd0509826dc04bde8e59e0d227812be3a3f805fbfee4559e119c441a4875
ra_no_moddrop_seed2,ra_no_moddrop,2,v40c_04131,1,1,100,0.7999999999999999,0.9999999999999999,0.9999999999999999,0.8,5968bd0509826dc04bde8e59e0d227812be3a3f805fbfee4559e119c441a4875
ra_no_moddrop_seed2,ra_no_moddrop,2,v40c_04132,1,1,100,0.7999999999999999,0.9999999999999999,0.9999999999999999,0.8,5968bd0509826dc04bde8e59e0d227812be3a3f805fbfee4559e119c441a4875
ra_no_moddrop_seed2,ra_no_moddrop,2,v40c_04133,2,6,200,0.645238095238095,0.8396982555398395,0.8396982555398395,0.75,5968bd0509826dc04bde8e59e0d227812be3a3f805fbfee4559e119c441a4875
ra_no_moddrop_seed2,ra_no_moddrop,2,v40c_04134,1,3,100,0.6884488448844884,1.0,1.0,0.7333333333333333,5968bd0509826dc04bde8e59e0d227812be3a3f805fbfee4559e119c441a4875
ra_no_moddrop_seed2,ra_no_moddrop,2,v40c_04135,1,3,100,0.7666666666666667,1.0,1.0,0.7999999999999999,5968bd0509826dc04bde8e59e0d227812be3a3f805fbfee4559e119c441a4875
ra_no_moddrop_seed2,ra_no_moddrop,2,v40c_04136,2,5,200,0.6376237623762376,1.0,0.801980198019802,0.6599999999999999,5968bd0509826dc04bde8e59e0d227812be3a3f805fbfee4559e119c441a4875
ra_no_moddrop_seed2,ra_no_moddrop,2,v40c_04137,1,2,100,0.6252475247524752,1.0,1.0,0.65,5968bd0509826dc04bde8e59e0d227812be3a3f805fbfee4559e119c441a4875
ra_no_moddrop_seed2,ra_no_moddrop,2,v40c_04138,3,8,300,0.6201599390708301,0.9356435643564355,0.8164508758568164,0.675,5968bd0509826dc04bde8e59e0d227812be3a3f805fbfee4559e119c441a4875
ra_no_moddrop_seed2,ra_no_moddrop,2,v40c_04139,4,12,400,0.6033202169383723,0.9049213744903899,0.7815862094684044,0.7083333333333333,5968bd0509826dc04bde8e59e0d227812be3a3f805fbfee4559e119c441a4875
ra_no_moddrop_seed2,ra_no_moddrop,2,v40c_04140,1,4,100,0.5805940594059406,0.9504950495049505,0.9504950495049505,0.65,5968bd0509826dc04bde8e59e0d227812be3a3f805fbfee4559e119c441a4875
ra_no_moddrop_seed2,ra_no_moddrop,2,v40c_04141,2,5,200,0.47142041127189654,0.900990099009901,0.24866717440974867,0.58,5968bd0509826dc04bde8e59e0d227812be3a3f805fbfee4559e119c441a4875
ra_no_moddrop_seed2,ra_no_moddrop,2,v40c_04142,1,1,100,0.4,0.5,0.5,0.8,5968bd0509826dc04bde8e59e0d227812be3a3f805fbfee4559e119c441a4875
ra_no_moddrop_seed2,ra_no_moddrop,2,v40c_04143,1,3,100,0.6336633663366337,0.9158415841584159,0.6633663366336634,0.6666666666666666,5968bd0509826dc04bde8e59e0d227812be3a3f805fbfee4559e119c441a4875
ra_no_moddrop_seed2,ra_no_moddrop,2,v40c_04144,1,2,100,0.7514851485148515,1.0,1.0,0.75,5968bd0509826dc04bde8e59e0d227812be3a3f805fbfee4559e119c441a4875
ra_no_moddrop_seed2,ra_no_moddrop,2,v40c_04145,1,2,100,0.7252475247524752,1.0,1.0,0.75,5968bd0509826dc04bde8e59e0d227812be3a3f805fbfee4559e119c441a4875
ra_no_moddrop_seed2,ra_no_moddrop,2,v40c_04146,2,4,200,0.7257425742574257,1.0,1.0,0.75,5968bd0509826dc04bde8e59e0d227812be3a3f805fbfee4559e119c441a4875
ra_no_moddrop_seed2,ra_no_moddrop,2,v40c_04147,1,2,100,0.5425742574257427,0.7029702970297033,0.7029702970297033,0.75,5968bd0509826dc04bde8e59e0d227812be3a3f805fbfee4559e119c441a4875
ra_no_moddrop_seed2,ra_no_moddrop,2,v40c_04148,1,3,100,0.6326732673267327,0.9158415841584159,0.9158415841584159,0.7,5968bd0509826dc04bde8e59e0d227812be3a3f805fbfee4559e119c441a4875
ra_no_moddrop_seed2,ra_no_moddrop,2,v40c_04149,1,3,100,0.6038189533239038,0.8316831683168316,0.6874115983026873,0.7333333333333333,5968bd0509826dc04bde8e59e0d227812be3a3f805fbfee4559e119c441a4875
ra_no_moddrop_seed2,ra_no_moddrop,2,v40c_04150,1,1,100,0.8999999999999998,0.9999999999999999,0.9999999999999999,0.9,5968bd0509826dc04bde8e59e0d227812be3a3f805fbfee4559e119c441a4875
ra_no_moddrop_seed2,ra_no_moddrop,2,v40c_04151,1,1,100,0.4,0.5,0.5,0.8,5968bd0509826dc04bde8e59e0d227812be3a3f805fbfee4559e119c441a4875
ra_no_moddrop_seed2,ra_no_moddrop,2,v40c_04152,2,4,200,0.7336633663366336,1.0,1.0,0.75,5968bd0509826dc04bde8e59e0d227812be3a3f805fbfee4559e119c441a4875
ra_no_moddrop_seed2,ra_no_moddrop,2,v40c_04153,1,2,100,0.7514851485148515,1.0,1.0,0.75,5968bd0509826dc04bde8e59e0d227812be3a3f805fbfee4559e119c441a4875
ra_no_moddrop_seed2,ra_no_moddrop,2,v40c_04154,1,1,100,0.7999999999999999,0.9999999999999999,0.9999999999999999,0.8,5968bd0509826dc04bde8e59e0d227812be3a3f805fbfee4559e119c441a4875
ra_no_moddrop_seed2,ra_no_moddrop,2,v40c_04155,1,2,100,0.7504950495049505,1.0,1.0,0.75,5968bd0509826dc04bde8e59e0d227812be3a3f805fbfee4559e119c441a4875
ra_no_moddrop_seed2,ra_no_moddrop,2,v40c_04156,1,2,100,0.5029702970297029,0.834983498349835,0.5049504950495048,0.55,5968bd0509826dc04bde8e59e0d227812be3a3f805fbfee4559e119c441a4875
ra_no_moddrop_seed2,ra_no_moddrop,2,v40c_04157,1,2,100,0.700990099009901,1.0,1.0,0.7,5968bd0509826dc04bde8e59e0d227812be3a3f805fbfee4559e119c441a4875
ra_no_moddrop_seed2,ra_no_moddrop,2,v40c_04158,1,3,100,0.689108910891089,1.0,1.0,0.7,5968bd0509826dc04bde8e59e0d227812be3a3f805fbfee4559e119c441a4875
ra_no_moddrop_seed2,ra_no_moddrop,2,v40c_04159,1,3,100,0.6663366336633663,1.0,0.6633663366336634,0.6666666666666666,5968bd0509826dc04bde8e59e0d227812be3a3f805fbfee4559e119c441a4875
ra_no_moddrop_seed2,ra_no_moddrop,2,v40c_04160,1,4,100,0.4843234323432344,0.8349834983498351,0.38118811881188114,0.575,5968bd0509826dc04bde8e59e0d227812be3a3f805fbfee4559e119c441a4875
ra_no_moddrop_seed2,ra_no_moddrop,2,v40c_04161,1,3,100,0.4653465346534654,0.6633663366336634,0.6633663366336634,0.4666666666666666,5968bd0509826dc04bde8e59e0d227812be3a3f805fbfee4559e119c441a4875
ra_no_moddrop_seed2,ra_no_moddrop,2,v40c_04162,1,3,100,0.4696901948259343,0.6742254870648358,0.6633663366336634,0.6,5968bd0509826dc04bde8e59e0d227812be3a3f805fbfee4559e119c441a4875
ra_no_moddrop_seed2,ra_no_moddrop,2,v40c_04163,1,2,100,0.8009900990099009,1.0,1.0,0.8,5968bd0509826dc04bde8e59e0d227812be3a3f805fbfee4559e119c441a4875
ra_no_moddrop_seed2,ra_no_moddrop,2,v40c_04311,3,3,300,0.9442244224422442,1.0,1.0,0.9666666666666666,5968bd0509826dc04bde8e59e0d227812be3a3f805fbfee4559e119c441a4875
ra_no_moddrop_seed2,ra_no_moddrop,2,v40c_04312,2,2,200,0.8,1.0,1.0,0.8,5968bd0509826dc04bde8e59e0d227812be3a3f805fbfee4559e119c441a4875
ra_no_moddrop_seed2,ra_no_moddrop,2,v40c_04313,1,1,100,0.8999999999999998,0.9999999999999999,0.9999999999999999,0.9,5968bd0509826dc04bde8e59e0d227812be3a3f805fbfee4559e119c441a4875
ra_no_moddrop_seed2,ra_no_moddrop,2,v40c_04314,1,1,100,0.7999999999999999,0.9999999999999999,0.9999999999999999,0.8,5968bd0509826dc04bde8e59e0d227812be3a3f805fbfee4559e119c441a4875
ra_no_moddrop_seed2,ra_no_moddrop,2,v40c_04315,1,1,100,0.8999999999999998,0.9999999999999999,0.9999999999999999,0.9,5968bd0509826dc04bde8e59e0d227812be3a3f805fbfee4559e119c441a4875
ra_no_moddrop_seed2,ra_no_moddrop,2,v40c_04316,2,2,200,0.9252475247524753,1.0,1.0,0.95,5968bd0509826dc04bde8e59e0d227812be3a3f805fbfee4559e119c441a4875
ra_no_moddrop_seed2,ra_no_moddrop,2,v40c_04317,15,15,1500,0.8277827782778278,1.0,1.0,0.8400000000000001,5968bd0509826dc04bde8e59e0d227812be3a3f805fbfee4559e119c441a4875
ra_no_moddrop_seed2,ra_no_moddrop,2,v40c_04484,1,1,100,0.7,0.9999999999999999,0.9999999999999999,0.7,5968bd0509826dc04bde8e59e0d227812be3a3f805fbfee4559e119c441a4875
ra_no_moddrop_seed2,ra_no_moddrop,2,v40c_04485,1,1,100,0.175,0.25,0.25,0.7,5968bd0509826dc04bde8e59e0d227812be3a3f805fbfee4559e119c441a4875
ra_no_moddrop_seed2,ra_no_moddrop,2,v40c_04486,13,13,1300,0.7046204620462045,1.0,1.0,0.7384615384615385,5968bd0509826dc04bde8e59e0d227812be3a3f805fbfee4559e119c441a4875
ra_no_moddrop_seed2,ra_no_moddrop,2,v40c_04487,3,3,300,0.7158415841584158,1.0,0.6633663366336634,0.7333333333333333,5968bd0509826dc04bde8e59e0d227812be3a3f805fbfee4559e119c441a4875
ra_no_moddrop_seed2,ra_no_moddrop,2,v40c_04514,2,8,200,0.7998349834983498,1.0,1.0,0.825,5968bd0509826dc04bde8e59e0d227812be3a3f805fbfee4559e119c441a4875
ra_no_moddrop_seed2,ra_no_moddrop,2,v40c_04515,1,5,100,0.7079207920792079,0.933993399339934,0.9009900990099009,0.82,5968bd0509826dc04bde8e59e0d227812be3a3f805fbfee4559e119c441a4875
ra_no_moddrop_seed2,ra_no_moddrop,2,v40c_04516,2,8,200,0.7977899575671852,1.0,0.8403465346534653,0.85,5968bd0509826dc04bde8e59e0d227812be3a3f805fbfee4559e119c441a4875
ra_no_moddrop_seed2,ra_no_moddrop,2,v40c_04517,1,3,100,0.9,1.0,1.0,0.9,5968bd0509826dc04bde8e59e0d227812be3a3f805fbfee4559e119c441a4875
ra_no_moddrop_seed2,ra_no_moddrop,2,v40c_04518,1,2,100,0.8,1.0,1.0,0.8,5968bd0509826dc04bde8e59e0d227812be3a3f805fbfee4559e119c441a4875
ra_no_moddrop_seed2,ra_no_moddrop,2,v40c_04519,1,3,100,0.7554455445544555,1.0,1.0,0.7999999999999999,5968bd0509826dc04bde8e59e0d227812be3a3f805fbfee4559e119c441a4875
ra_no_moddrop_seed2,ra_no_moddrop,2,v40c_04520,2,6,200,0.8168316831683168,1.0,1.0,0.8333333333333334,5968bd0509826dc04bde8e59e0d227812be3a3f805fbfee4559e119c441a4875
ra_no_moddrop_seed2,ra_no_moddrop,2,v40c_04521,1,3,100,0.8663366336633663,1.0,1.0,0.8666666666666666,5968bd0509826dc04bde8e59e0d227812be3a3f805fbfee4559e119c441a4875
ra_no_moddrop_seed2,ra_no_moddrop,2,v40c_04522,1,3,100,0.8,1.0,1.0,0.7999999999999999,5968bd0509826dc04bde8e59e0d227812be3a3f805fbfee4559e119c441a4875
ra_no_moddrop_seed2,ra_no_moddrop,2,v40c_04523,1,5,100,0.7088833883388338,0.8569856985698568,0.801980198019802,0.78,5968bd0509826dc04bde8e59e0d227812be3a3f805fbfee4559e119c441a4875
ra_no_moddrop_seed2,ra_no_moddrop,2,v40c_04524,1,4,100,0.800990099009901,1.0,1.0,0.825,5968bd0509826dc04bde8e59e0d227812be3a3f805fbfee4559e119c441a4875
ra_no_moddrop_seed2,ra_no_moddrop,2,v40c_04525,1,4,100,0.8381188118811881,1.0,1.0,0.875,5968bd0509826dc04bde8e59e0d227812be3a3f805fbfee4559e119c441a4875
ra_no_moddrop_seed2,ra_no_moddrop,2,v40c_04526,1,4,100,0.7966996699669967,1.0,1.0,0.85,5968bd0509826dc04bde8e59e0d227812be3a3f805fbfee4559e119c441a4875
ra_no_moddrop_seed2,ra_no_moddrop,2,v40c_04527,1,3,100,0.8242574257425742,0.9158415841584159,0.9158415841584159,0.9,5968bd0509826dc04bde8e59e0d227812be3a3f805fbfee4559e119c441a4875
ra_no_moddrop_seed2,ra_no_moddrop,2,v40c_04528,1,5,100,0.8113861386138612,1.0,1.0,0.82,5968bd0509826dc04bde8e59e0d227812be3a3f805fbfee4559e119c441a4875
ra_no_moddrop_seed2,ra_no_moddrop,2,v40c_04529,1,5,100,0.8452970297029703,1.0,1.0,0.86,5968bd0509826dc04bde8e59e0d227812be3a3f805fbfee4559e119c441a4875
ra_no_moddrop_seed2,ra_no_moddrop,2,v40c_04530,1,5,100,0.701930693069307,1.0,0.6415841584158416,0.78,5968bd0509826dc04bde8e59e0d227812be3a3f805fbfee4559e119c441a4875
ra_no_moddrop_seed2,ra_no_moddrop,2,v40c_04531,1,5,100,0.8641584158415843,1.0,1.0,0.8800000000000001,5968bd0509826dc04bde8e59e0d227812be3a3f805fbfee4559e119c441a4875
ra_no_moddrop_seed2,ra_no_moddrop,2,v40c_04532,1,5,100,0.8722772277227723,1.0,1.0,0.8800000000000001,5968bd0509826dc04bde8e59e0d227812be3a3f805fbfee4559e119c441a4875
ra_no_moddrop_seed2,ra_no_moddrop,2,v40c_04533,1,5,100,0.7113861386138614,1.0,0.801980198019802,0.72,5968bd0509826dc04bde8e59e0d227812be3a3f805fbfee4559e119c441a4875
ra_no_moddrop_seed2,ra_no_moddrop,2,v40c_04534,2,9,200,0.7805311959767405,1.0,1.0,0.8111111111111111,5968bd0509826dc04bde8e59e0d227812be3a3f805fbfee4559e119c441a4875
ra_no_moddrop_seed2,ra_no_moddrop,2,v40c_04535,1,5,100,0.7414356435643563,1.0,1.0,0.78,5968bd0509826dc04bde8e59e0d227812be3a3f805fbfee4559e119c441a4875
ra_no_moddrop_seed2,ra_no_moddrop,2,v40c_04536,1,5,100,0.7003960396039604,1.0,1.0,0.74,5968bd0509826dc04bde8e59e0d227812be3a3f805fbfee4559e119c441a4875
ra_no_moddrop_seed2,ra_no_moddrop,2,v40c_04537,1,5,100,0.7519801980198019,1.0,0.7623762376237624,0.78,5968bd0509826dc04bde8e59e0d227812be3a3f805fbfee4559e119c441a4875
ra_no_moddrop_seed2,ra_no_moddrop,2,v40c_04538,1,4,100,0.8381188118811881,1.0,1.0,0.85,5968bd0509826dc04bde8e59e0d227812be3a3f805fbfee4559e119c441a4875
ra_no_moddrop_seed2,ra_no_moddrop,2,v40c_04539,1,3,100,0.8168316831683168,1.0,1.0,0.8333333333333334,5968bd0509826dc04bde8e59e0d227812be3a3f805fbfee4559e119c441a4875
ra_no_moddrop_seed2,ra_no_moddrop,2,v40c_04540,1,4,100,0.8504950495049505,1.0,1.0,0.85,5968bd0509826dc04bde8e59e0d227812be3a3f805fbfee4559e119c441a4875
ra_no_moddrop_seed2,ra_no_moddrop,2,v40c_04541,1,6,100,0.739125412541254,0.9326732673267323,0.8316831683168316,0.7833333333333334,5968bd0509826dc04bde8e59e0d227812be3a3f805fbfee4559e119c441a4875
ra_no_moddrop_seed2,ra_no_moddrop,2,v40c_04542,1,4,100,0.8628712871287127,1.0,1.0,0.875,5968bd0509826dc04bde8e59e0d227812be3a3f805fbfee4559e119c441a4875
ra_no_moddrop_seed2,ra_no_moddrop,2,v40c_04543,1,5,100,0.7938118811881187,1.0,1.0,0.8399999999999999,5968bd0509826dc04bde8e59e0d227812be3a3f805fbfee4559e119c441a4875
ra_no_moddrop_seed2,ra_no_moddrop,2,v40c_04544,2,10,200,0.7882783278327833,1.0,1.0,0.8399999999999999,5968bd0509826dc04bde8e59e0d227812be3a3f805fbfee4559e119c441a4875
ra_no_moddrop_seed2,ra_no_moddrop,2,v40c_04545,1,5,100,0.7745874587458746,1.0,0.801980198019802,0.8,5968bd0509826dc04bde8e59e0d227812be3a3f805fbfee4559e119c441a4875
ra_no_moddrop_seed2,ra_no_moddrop,2,v40c_04546,1,5,100,0.7910891089108911,1.0,0.801980198019802,0.82,5968bd0509826dc04bde8e59e0d227812be3a3f805fbfee4559e119c441a4875
ra_no_moddrop_seed2,ra_no_moddrop,2,v40c_04547,2,10,200,0.8236052176646236,1.0,1.0,0.86,5968bd0509826dc04bde8e59e0d227812be3a3f805fbfee4559e119c441a4875
ra_no_moddrop_seed2,ra_no_moddrop,2,v40c_04548,1,5,100,0.8554455445544555,1.0,1.0,0.86,5968bd0509826dc04bde8e59e0d227812be3a3f805fbfee4559e119c441a4875
ra_no_moddrop_seed2,ra_no_moddrop,2,v40c_04549,2,10,200,0.9066006600660067,1.0,1.0,0.9099999999999999,5968bd0509826dc04bde8e59e0d227812be3a3f805fbfee4559e119c441a4875
ra_no_moddrop_seed2,ra_no_moddrop,2,v40c_04550,1,5,100,0.8128712871287128,1.0,1.0,0.82,5968bd0509826dc04bde8e59e0d227812be3a3f805fbfee4559e119c441a4875
ra_no_moddrop_seed2,ra_no_moddrop,2,v40c_04551,1,5,100,0.8221122112211221,1.0,1.0,0.8400000000000001,5968bd0509826dc04bde8e59e0d227812be3a3f805fbfee4559e119c441a4875
ra_no_moddrop_seed2,ra_no_moddrop,2,v40c_04552,1,4,100,0.7819306930693068,1.0,1.0,0.825,5968bd0509826dc04bde8e59e0d227812be3a3f805fbfee4559e119c441a4875
ra_no_moddrop_seed2,ra_no_moddrop,2,v40c_04553,1,4,100,0.8089108910891089,1.0,1.0,0.825,5968bd0509826dc04bde8e59e0d227812be3a3f805fbfee4559e119c441a4875
ra_no_moddrop_seed2,ra_no_moddrop,2,v40c_04554,2,8,200,0.7543234323432342,0.9174917491749174,0.9174917491749174,0.8375,5968bd0509826dc04bde8e59e0d227812be3a3f805fbfee4559e119c441a4875
ra_no_moddrop_seed2,ra_no_moddrop,2,v40c_04555,1,3,100,0.8326732673267326,1.0,1.0,0.8333333333333333,5968bd0509826dc04bde8e59e0d227812be3a3f805fbfee4559e119c441a4875
ra_no_moddrop_seed2,ra_no_moddrop,2,v40c_04556,4,12,400,0.7918384338433844,1.0,1.0,0.8083333333333333,5968bd0509826dc04bde8e59e0d227812be3a3f805fbfee4559e119c441a4875
ra_no_moddrop_seed2,ra_no_moddrop,2,v40c_04557,1,3,100,0.6778877887788779,1.0,1.0,0.7333333333333333,5968bd0509826dc04bde8e59e0d227812be3a3f805fbfee4559e119c441a4875
ra_no_moddrop_seed2,ra_no_moddrop,2,v40c_04558,1,3,100,0.7663366336633664,1.0,1.0,0.8,5968bd0509826dc04bde8e59e0d227812be3a3f805fbfee4559e119c441a4875
ra_no_moddrop_seed2,ra_no_moddrop,2,v40c_04559,2,6,200,0.8437623762376237,1.0,1.0,0.85,5968bd0509826dc04bde8e59e0d227812be3a3f805fbfee4559e119c441a4875
ra_no_moddrop_seed2,ra_no_moddrop,2,v40c_04560,1,3,100,0.8168316831683168,1.0,1.0,0.8333333333333334,5968bd0509826dc04bde8e59e0d227812be3a3f805fbfee4559e119c441a4875
ra_no_moddrop_seed2,ra_no_moddrop,2,v40c_04561,1,3,100,0.7831683168316832,1.0,1.0,0.7999999999999999,5968bd0509826dc04bde8e59e0d227812be3a3f805fbfee4559e119c441a4875
ra_no_moddrop_seed2,ra_no_moddrop,2,v40c_04562,1,4,100,0.8009900990099009,1.0,1.0,0.8,5968bd0509826dc04bde8e59e0d227812be3a3f805fbfee4559e119c441a4875
ra_no_moddrop_seed2,ra_no_moddrop,2,v40c_04563,1,4,100,0.7927392739273927,1.0,1.0,0.825,5968bd0509826dc04bde8e59e0d227812be3a3f805fbfee4559e119c441a4875
ra_no_moddrop_seed2,ra_no_moddrop,2,v40c_04564,1,4,100,0.8628712871287127,1.0,1.0,0.875,5968bd0509826dc04bde8e59e0d227812be3a3f805fbfee4559e119c441a4875
ra_no_moddrop_seed2,ra_no_moddrop,2,v40c_04565,1,2,100,0.8252475247524753,1.0,1.0,0.85,5968bd0509826dc04bde8e59e0d227812be3a3f805fbfee4559e119c441a4875
ra_no_moddrop_seed2,ra_no_moddrop,2,v40c_04566,1,4,100,0.6524752475247524,0.9504950495049505,0.7524752475247525,0.675,5968bd0509826dc04bde8e59e0d227812be3a3f805fbfee4559e119c441a4875
ra_no_moddrop_seed2,ra_no_moddrop,2,v40c_04567,1,3,100,0.6495049504950495,0.9158415841584159,0.9158415841584159,0.7333333333333333,5968bd0509826dc04bde8e59e0d227812be3a3f805fbfee4559e119c441a4875
ra_no_moddrop_seed2,ra_no_moddrop,2,v40c_04568,1,3,100,0.7442244224422442,1.0,1.0,0.7666666666666666,5968bd0509826dc04bde8e59e0d227812be3a3f805fbfee4559e119c441a4875
ra_no_moddrop_seed2,ra_no_moddrop,2,v40c_04569,1,4,100,0.7638613861386139,1.0,1.0,0.8,5968bd0509826dc04bde8e59e0d227812be3a3f805fbfee4559e119c441a4875
ra_no_moddrop_seed2,ra_no_moddrop,2,v40c_04570,1,3,100,0.8442244224422442,1.0,1.0,0.8666666666666666,5968bd0509826dc04bde8e59e0d227812be3a3f805fbfee4559e119c441a4875
ra_no_moddrop_seed2,ra_no_moddrop,2,v40c_04571,1,3,100,0.7663366336633664,1.0,1.0,0.7666666666666666,5968bd0509826dc04bde8e59e0d227812be3a3f805fbfee4559e119c441a4875
ra_no_moddrop_seed2,ra_no_moddrop,2,v40c_04572,1,3,100,0.8336633663366337,1.0,1.0,0.8333333333333334,5968bd0509826dc04bde8e59e0d227812be3a3f805fbfee4559e119c441a4875
ra_no_moddrop_seed2,ra_no_moddrop,2,v40c_04573,1,3,100,0.8442244224422442,1.0,1.0,0.8666666666666666,5968bd0509826dc04bde8e59e0d227812be3a3f805fbfee4559e119c441a4875
ra_no_moddrop_seed2,ra_no_moddrop,2,v40c_04574,1,4,100,0.8343234323432343,1.0,1.0,0.85,5968bd0509826dc04bde8e59e0d227812be3a3f805fbfee4559e119c441a4875
ra_no_moddrop_seed2,ra_no_moddrop,2,v40c_04575,1,4,100,0.7801980198019802,1.0,1.0,0.825,5968bd0509826dc04bde8e59e0d227812be3a3f805fbfee4559e119c441a4875
ra_no_moddrop_seed2,ra_no_moddrop,2,v40c_04576,1,4,100,0.8336633663366337,1.0,1.0,0.85,5968bd0509826dc04bde8e59e0d227812be3a3f805fbfee4559e119c441a4875
ra_no_moddrop_seed2,ra_no_moddrop,2,v40c_04577,1,4,100,0.869059405940594,1.0,1.0,0.875,5968bd0509826dc04bde8e59e0d227812be3a3f805fbfee4559e119c441a4875
ra_no_moddrop_seed2,ra_no_moddrop,2,v40c_04578,1,4,100,0.9,1.0,1.0,0.9,5968bd0509826dc04bde8e59e0d227812be3a3f805fbfee4559e119c441a4875
ra_no_moddrop_seed2,ra_no_moddrop,2,v40c_04579,1,4,100,0.8257425742574256,1.0,1.0,0.875,5968bd0509826dc04bde8e59e0d227812be3a3f805fbfee4559e119c441a4875
ra_no_moddrop_seed2,ra_no_moddrop,2,v40c_04580,1,4,100,0.8195544554455445,1.0,1.0,0.825,5968bd0509826dc04bde8e59e0d227812be3a3f805fbfee4559e119c441a4875
ra_no_moddrop_seed2,ra_no_moddrop,2,v40c_04581,1,4,100,0.7800330033003301,1.0,1.0,0.825,5968bd0509826dc04bde8e59e0d227812be3a3f805fbfee4559e119c441a4875
ra_no_moddrop_seed2,ra_no_moddrop,2,v40c_04582,1,4,100,0.8628712871287127,1.0,1.0,0.875,5968bd0509826dc04bde8e59e0d227812be3a3f805fbfee4559e119c441a4875
ra_no_moddrop_seed2,ra_no_moddrop,2,v40c_04583,1,4,100,0.8252475247524753,1.0,1.0,0.85,5968bd0509826dc04bde8e59e0d227812be3a3f805fbfee4559e119c441a4875
ra_no_moddrop_seed2,ra_no_moddrop,2,v40c_04584,1,4,100,0.905115511551155,1.0,1.0,0.925,5968bd0509826dc04bde8e59e0d227812be3a3f805fbfee4559e119c441a4875
ra_no_moddrop_seed2,ra_no_moddrop,2,v40c_04585,2,9,200,0.8648844884488449,1.0,1.0,0.9,5968bd0509826dc04bde8e59e0d227812be3a3f805fbfee4559e119c441a4875
ra_no_moddrop_seed2,ra_no_moddrop,2,v40c_04586,1,5,100,0.8653465346534652,1.0,1.0,0.8799999999999999,5968bd0509826dc04bde8e59e0d227812be3a3f805fbfee4559e119c441a4875
ra_no_moddrop_seed2,ra_no_moddrop,2,v40c_04587,2,10,200,0.8074957495749574,1.0,0.8910891089108911,0.8400000000000001,5968bd0509826dc04bde8e59e0d227812be3a3f805fbfee4559e119c441a4875
ra_no_moddrop_seed2,ra_no_moddrop,2,v40c_04588,1,5,100,0.8055940594059405,1.0,1.0,0.86,5968bd0509826dc04bde8e59e0d227812be3a3f805fbfee4559e119c441a4875
ra_no_moddrop_seed2,ra_no_moddrop,2,v40c_04589,1,5,100,0.8306930693069307,1.0,1.0,0.86,5968bd0509826dc04bde8e59e0d227812be3a3f805fbfee4559e119c441a4875
ra_no_moddrop_seed2,ra_no_moddrop,2,v40c_04590,1,5,100,0.8138613861386139,1.0,1.0,0.82,5968bd0509826dc04bde8e59e0d227812be3a3f805fbfee4559e119c441a4875
ra_no_moddrop_seed2,ra_no_moddrop,2,v40c_04591,2,10,200,0.8089108910891089,1.0,0.8910891089108911,0.82,5968bd0509826dc04bde8e59e0d227812be3a3f805fbfee4559e119c441a4875
ra_no_moddrop_seed2,ra_no_moddrop,2,v40c_04592,1,5,100,0.8405940594059406,1.0,1.0,0.8400000000000001,5968bd0509826dc04bde8e59e0d227812be3a3f805fbfee4559e119c441a4875
ra_no_moddrop_seed2,ra_no_moddrop,2,v40c_04593,1,5,100,0.8524752475247525,1.0,1.0,0.86,5968bd0509826dc04bde8e59e0d227812be3a3f805fbfee4559e119c441a4875
ra_no_moddrop_seed2,ra_no_moddrop,2,v40c_04594,2,8,200,0.8129066478076379,1.0,1.0,0.8375,5968bd0509826dc04bde8e59e0d227812be3a3f805fbfee4559e119c441a4875
ra_no_moddrop_seed2,ra_no_moddrop,2,v40c_04595,1,4,100,0.8136138613861386,1.0,1.0,0.85,5968bd0509826dc04bde8e59e0d227812be3a3f805fbfee4559e119c441a4875
ra_no_moddrop_seed2,ra_no_moddrop,2,v40c_04596,1,4,100,0.9071782178217822,1.0,1.0,0.925,5968bd0509826dc04bde8e59e0d227812be3a3f805fbfee4559e119c441a4875
ra_no_moddrop_seed2,ra_no_moddrop,2,v40c_04597,1,4,100,0.8422442244224422,1.0,1.0,0.85,5968bd0509826dc04bde8e59e0d227812be3a3f805fbfee4559e119c441a4875
ra_no_moddrop_seed2,ra_no_moddrop,2,v40c_04598,1,4,100,0.7762376237623763,1.0,0.7524752475247525,0.775,5968bd0509826dc04bde8e59e0d227812be3a3f805fbfee4559e119c441a4875
ra_no_moddrop_seed2,ra_no_moddrop,2,v40c_04599,1,3,100,0.9336633663366337,1.0,1.0,0.9333333333333333,5968bd0509826dc04bde8e59e0d227812be3a3f805fbfee4559e119c441a4875
ra_no_moddrop_seed2,ra_no_moddrop,2,v40c_04600,1,3,100,0.9,1.0,1.0,0.9,5968bd0509826dc04bde8e59e0d227812be3a3f805fbfee4559e119c441a4875
ra_no_moddrop_seed2,ra_no_moddrop,2,v40c_04601,1,4,100,0.5950567850902738,0.8107163657542222,0.7524752475247525,0.7,5968bd0509826dc04bde8e59e0d227812be3a3f805fbfee4559e119c441a4875
ra_no_moddrop_seed2,ra_no_moddrop,2,v40c_04602,1,3,100,0.7778877887788779,1.0,1.0,0.8333333333333333,5968bd0509826dc04bde8e59e0d227812be3a3f805fbfee4559e119c441a4875
ra_no_moddrop_seed2,ra_no_moddrop,2,v40c_04603,1,3,100,0.8052805280528051,1.0,1.0,0.8666666666666666,5968bd0509826dc04bde8e59e0d227812be3a3f805fbfee4559e119c441a4875
ra_no_moddrop_seed2,ra_no_moddrop,2,v40c_04604,1,3,100,0.9,1.0,1.0,0.9,5968bd0509826dc04bde8e59e0d227812be3a3f805fbfee4559e119c441a4875
ra_no_moddrop_seed2,ra_no_moddrop,2,v40c_04605,1,3,100,0.8554455445544555,1.0,1.0,0.8666666666666666,5968bd0509826dc04bde8e59e0d227812be3a3f805fbfee4559e119c441a4875
ra_no_moddrop_seed2,ra_no_moddrop,2,v40c_04606,2,6,200,0.8803630363036303,1.0,1.0,0.8833333333333334,5968bd0509826dc04bde8e59e0d227812be3a3f805fbfee4559e119c441a4875
ra_no_moddrop_seed2,ra_no_moddrop,2,v40c_04607,1,4,100,0.8195544554455445,1.0,1.0,0.825,5968bd0509826dc04bde8e59e0d227812be3a3f805fbfee4559e119c441a4875
ra_no_moddrop_seed2,ra_no_moddrop,2,v40c_04608,1,4,100,0.8509900990099009,1.0,1.0,0.875,5968bd0509826dc04bde8e59e0d227812be3a3f805fbfee4559e119c441a4875
ra_no_moddrop_seed2,ra_no_moddrop,2,v40c_04609,1,4,100,0.8252475247524753,1.0,1.0,0.85,5968bd0509826dc04bde8e59e0d227812be3a3f805fbfee4559e119c441a4875
ra_no_moddrop_seed2,ra_no_moddrop,2,v40c_04610,1,4,100,0.8762376237623762,1.0,1.0,0.875,5968bd0509826dc04bde8e59e0d227812be3a3f805fbfee4559e119c441a4875
ra_no_moddrop_seed2,ra_no_moddrop,2,v40c_04611,1,4,100,0.8504950495049505,1.0,1.0,0.85,5968bd0509826dc04bde8e59e0d227812be3a3f805fbfee4559e119c441a4875
ra_no_moddrop_seed2,ra_no_moddrop,2,v40c_04612,1,4,100,0.9009900990099011,1.0,1.0,0.9,5968bd0509826dc04bde8e59e0d227812be3a3f805fbfee4559e119c441a4875
ra_no_moddrop_seed2,ra_no_moddrop,2,v40c_04613,2,10,200,0.7447527170299447,1.0,0.8595244139798596,0.7699999999999999,5968bd0509826dc04bde8e59e0d227812be3a3f805fbfee4559e119c441a4875
ra_no_moddrop_seed2,ra_no_moddrop,2,v40c_04614,1,5,100,0.6905040504050405,1.0,0.5688568856885687,0.76,5968bd0509826dc04bde8e59e0d227812be3a3f805fbfee4559e119c441a4875
ra_no_moddrop_seed2,ra_no_moddrop,2,v40c_04615,1,4,100,0.7911716171617161,1.0,0.7524752475247525,0.825,5968bd0509826dc04bde8e59e0d227812be3a3f805fbfee4559e119c441a4875
ra_no_moddrop_seed2,ra_no_moddrop,2,v40c_04616,1,3,100,0.8326732673267326,1.0,1.0,0.8333333333333333,5968bd0509826dc04bde8e59e0d227812be3a3f805fbfee4559e119c441a4875
ra_no_moddrop_seed2,ra_no_moddrop,2,v40c_04617,2,4,200,0.9064356435643564,1.0,1.0,0.925,5968bd0509826dc04bde8e59e0d227812be3a3f805fbfee4559e119c441a4875
ra_no_moddrop_seed2,ra_no_moddrop,2,v40c_04618,1,2,100,0.8252475247524753,1.0,1.0,0.85,5968bd0509826dc04bde8e59e0d227812be3a3f805fbfee4559e119c441a4875
ra_no_moddrop_seed2,ra_no_moddrop,2,v40c_04619,1,2,100,0.9,1.0,1.0,0.9,5968bd0509826dc04bde8e59e0d227812be3a3f805fbfee4559e119c441a4875
ra_no_moddrop_seed2,ra_no_moddrop,2,v40c_04620,1,2,100,0.9,1.0,1.0,0.9,5968bd0509826dc04bde8e59e0d227812be3a3f805fbfee4559e119c441a4875
ra_no_moddrop_seed2,ra_no_moddrop,2,v40c_04621,1,2,100,0.9,1.0,1.0,0.9,5968bd0509826dc04bde8e59e0d227812be3a3f805fbfee4559e119c441a4875
ra_no_moddrop_seed2,ra_no_moddrop,2,v40c_04622,1,2,100,0.8504950495049505,1.0,1.0,0.85,5968bd0509826dc04bde8e59e0d227812be3a3f805fbfee4559e119c441a4875
ra_no_moddrop_seed2,ra_no_moddrop,2,v40c_04649,1,4,100,0.5958111195734959,0.8286367098248286,0.7524752475247525,0.675,5968bd0509826dc04bde8e59e0d227812be3a3f805fbfee4559e119c441a4875
ra_no_moddrop_seed2,ra_no_moddrop,2,v40c_04650,1,3,100,0.8673267326732674,1.0,1.0,0.8666666666666668,5968bd0509826dc04bde8e59e0d227812be3a3f805fbfee4559e119c441a4875
ra_no_moddrop_seed2,ra_no_moddrop,2,v40c_04651,1,3,100,0.8168316831683168,1.0,1.0,0.8333333333333334,5968bd0509826dc04bde8e59e0d227812be3a3f805fbfee4559e119c441a4875
ra_no_moddrop_seed2,ra_no_moddrop,2,v40c_04652,1,3,100,0.7666666666666667,1.0,1.0,0.7999999999999999,5968bd0509826dc04bde8e59e0d227812be3a3f805fbfee4559e119c441a4875
ra_no_moddrop_seed2,ra_no_moddrop,2,v40c_04653,1,2,100,0.7504950495049505,1.0,1.0,0.75,5968bd0509826dc04bde8e59e0d227812be3a3f805fbfee4559e119c441a4875
ra_no_moddrop_seed2,ra_no_moddrop,2,v40c_04654,1,3,100,0.5393179317931792,0.7564356435643562,0.5731573157315732,0.7666666666666666,5968bd0509826dc04bde8e59e0d227812be3a3f805fbfee4559e119c441a4875
ra_no_moddrop_seed2,ra_no_moddrop,2,v40c_04655,1,2,100,0.8,1.0,1.0,0.8,5968bd0509826dc04bde8e59e0d227812be3a3f805fbfee4559e119c441a4875
ra_no_moddrop_seed2,ra_no_moddrop,2,v40c_04656,2,4,200,0.6881188118811881,1.0,1.0,0.725,5968bd0509826dc04bde8e59e0d227812be3a3f805fbfee4559e119c441a4875
ra_no_moddrop_seed2,ra_no_moddrop,2,v40c_04657,1,2,100,0.7504950495049505,1.0,1.0,0.8,5968bd0509826dc04bde8e59e0d227812be3a3f805fbfee4559e119c441a4875
ra_no_moddrop_seed2,ra_no_moddrop,2,v40c_04658,4,10,400,0.8043564356435644,1.0,1.0,0.8300000000000001,5968bd0509826dc04bde8e59e0d227812be3a3f805fbfee4559e119c441a4875
ra_no_moddrop_seed2,ra_no_moddrop,2,v40c_04659,2,7,200,0.7267326732673267,0.9554455445544556,0.8514851485148515,0.7571428571428571,5968bd0509826dc04bde8e59e0d227812be3a3f805fbfee4559e119c441a4875
ra_no_moddrop_seed2,ra_no_moddrop,2,v40c_04660,2,6,200,0.7834983498349836,1.0,1.0,0.8,5968bd0509826dc04bde8e59e0d227812be3a3f805fbfee4559e119c441a4875
ra_no_moddrop_seed2,ra_no_moddrop,2,v40c_04661,1,3,100,0.8227722772277228,1.0,1.0,0.8333333333333333,5968bd0509826dc04bde8e59e0d227812be3a3f805fbfee4559e119c441a4875
ra_no_moddrop_seed2,ra_no_moddrop,2,v40c_04662,1,3,100,0.8336633663366337,1.0,1.0,0.8333333333333333,5968bd0509826dc04bde8e59e0d227812be3a3f805fbfee4559e119c441a4875
ra_no_moddrop_seed2,ra_no_moddrop,2,v40c_04663,3,11,300,0.756081608160816,1.0,1.0,0.7818181818181819,5968bd0509826dc04bde8e59e0d227812be3a3f805fbfee4559e119c441a4875
ra_no_moddrop_seed2,ra_no_moddrop,2,v40c_04664,1,3,100,0.8,1.0,1.0,0.7999999999999999,5968bd0509826dc04bde8e59e0d227812be3a3f805fbfee4559e119c441a4875
ra_no_moddrop_seed2,ra_no_moddrop,2,v40c_04665,1,3,100,0.9,1.0,1.0,0.9,5968bd0509826dc04bde8e59e0d227812be3a3f805fbfee4559e119c441a4875
ra_no_moddrop_seed2,ra_no_moddrop,2,v40c_04666,1,3,100,0.8554455445544555,1.0,1.0,0.8666666666666666,5968bd0509826dc04bde8e59e0d227812be3a3f805fbfee4559e119c441a4875
ra_no_moddrop_seed2,ra_no_moddrop,2,v40c_04667,1,3,100,0.8336633663366337,1.0,1.0,0.8333333333333334,5968bd0509826dc04bde8e59e0d227812be3a3f805fbfee4559e119c441a4875
ra_no_moddrop_seed2,ra_no_moddrop,2,v40c_04668,1,3,100,0.8112211221122113,1.0,1.0,0.8333333333333334,5968bd0509826dc04bde8e59e0d227812be3a3f805fbfee4559e119c441a4875
ra_no_moddrop_seed2,ra_no_moddrop,2,v40c_04669,1,3,100,0.7554455445544555,1.0,1.0,0.7666666666666666,5968bd0509826dc04bde8e59e0d227812be3a3f805fbfee4559e119c441a4875
ra_no_moddrop_seed2,ra_no_moddrop,2,v40c_04670,1,4,100,0.7398868458274398,1.0,0.8939179632248937,0.75,5968bd0509826dc04bde8e59e0d227812be3a3f805fbfee4559e119c441a4875
ra_no_moddrop_seed2,ra_no_moddrop,2,v40c_04671,2,7,200,0.7077793493635077,0.8946251768033947,0.8946251768033947,0.8,5968bd0509826dc04bde8e59e0d227812be3a3f805fbfee4559e119c441a4875
ra_no_moddrop_seed2,ra_no_moddrop,2,v40c_04672,1,3,100,0.6675742574257425,0.8341584158415841,0.8341584158415841,0.7999999999999999,5968bd0509826dc04bde8e59e0d227812be3a3f805fbfee4559e119c441a4875
ra_no_moddrop_seed2,ra_no_moddrop,2,v40c_04673,1,3,100,0.7673267326732673,1.0,1.0,0.7666666666666666,5968bd0509826dc04bde8e59e0d227812be3a3f805fbfee4559e119c441a4875
ra_no_moddrop_seed2,ra_no_moddrop,2,v40c_04674,1,3,100,0.8,1.0,1.0,0.8,5968bd0509826dc04bde8e59e0d227812be3a3f805fbfee4559e119c441a4875
ra_no_moddrop_seed2,ra_no_moddrop,2,v40c_04675,1,4,100,0.8504950495049505,1.0,1.0,0.85,5968bd0509826dc04bde8e59e0d227812be3a3f805fbfee4559e119c441a4875
ra_no_moddrop_seed2,ra_no_moddrop,2,v40c_04676,1,4,100,0.8381188118811881,1.0,1.0,0.85,5968bd0509826dc04bde8e59e0d227812be3a3f805fbfee4559e119c441a4875
ra_no_moddrop_seed2,ra_no_moddrop,2,v40c_04677,2,8,200,0.7878925035360679,1.0,0.8712871287128713,0.8,5968bd0509826dc04bde8e59e0d227812be3a3f805fbfee4559e119c441a4875
ra_no_moddrop_seed2,ra_no_moddrop,2,v40c_04678,2,8,200,0.8784653465346534,1.0,1.0,0.8875,5968bd0509826dc04bde8e59e0d227812be3a3f805fbfee4559e119c441a4875
ra_no_moddrop_seed2,ra_no_moddrop,2,v40c_04679,1,4,100,0.9064356435643564,1.0,1.0,0.925,5968bd0509826dc04bde8e59e0d227812be3a3f805fbfee4559e119c441a4875
ra_no_moddrop_seed2,ra_no_moddrop,2,v40c_04680,3,9,300,0.9038118811881188,1.0,1.0,0.9111111111111112,5968bd0509826dc04bde8e59e0d227812be3a3f805fbfee4559e119c441a4875
ra_no_moddrop_seed2,ra_no_moddrop,2,v40c_04681,1,3,100,0.8666666666666668,1.0,1.0,0.9,5968bd0509826dc04bde8e59e0d227812be3a3f805fbfee4559e119c441a4875
ra_no_moddrop_seed2,ra_no_moddrop,2,v40c_04682,1,3,100,0.8326732673267326,1.0,1.0,0.8333333333333334,5968bd0509826dc04bde8e59e0d227812be3a3f805fbfee4559e119c441a4875
ra_no_moddrop_seed2,ra_no_moddrop,2,v40c_04683,1,3,100,0.8326732673267326,1.0,1.0,0.8333333333333333,5968bd0509826dc04bde8e59e0d227812be3a3f805fbfee4559e119c441a4875
ra_no_moddrop_seed2,ra_no_moddrop,2,v40c_04684,1,3,100,0.7653465346534654,1.0,0.6633663366336634,0.7666666666666667,5968bd0509826dc04bde8e59e0d227812be3a3f805fbfee4559e119c441a4875
ra_no_moddrop_seed2,ra_no_moddrop,2,v40c_04685,1,3,100,0.7653465346534654,1.0,0.6633663366336634,0.7666666666666666,5968bd0509826dc04bde8e59e0d227812be3a3f805fbfee4559e119c441a4875
ra_no_moddrop_seed2,ra_no_moddrop,2,v40c_04686,1,3,100,0.698019801980198,1.0,0.6633663366336634,0.7,5968bd0509826dc04bde8e59e0d227812be3a3f805fbfee4559e119c441a4875
ra_no_moddrop_seed2,ra_no_moddrop,2,v40c_04687,1,3,100,0.7980198019801981,1.0,0.6633663366336634,0.8,5968bd0509826dc04bde8e59e0d227812be3a3f805fbfee4559e119c441a4875
ra_no_moddrop_seed2,ra_no_moddrop,2,v40c_04688,1,3,100,0.7653465346534654,1.0,0.6633663366336634,0.7666666666666667,5968bd0509826dc04bde8e59e0d227812be3a3f805fbfee4559e119c441a4875
ra_no_moddrop_seed2,ra_no_moddrop,2,v40c_04689,1,3,100,0.7148514851485148,1.0,0.6633663366336634,0.7333333333333333,5968bd0509826dc04bde8e59e0d227812be3a3f805fbfee4559e119c441a4875
ra_no_moddrop_seed2,ra_no_moddrop,2,v40c_04690,1,3,100,0.7653465346534654,1.0,0.6633663366336634,0.7666666666666667,5968bd0509826dc04bde8e59e0d227812be3a3f805fbfee4559e119c441a4875
ra_no_moddrop_seed2,ra_no_moddrop,2,v40c_04691,1,3,100,0.8158415841584159,1.0,1.0,0.8333333333333334,5968bd0509826dc04bde8e59e0d227812be3a3f805fbfee4559e119c441a4875
ra_no_moddrop_seed2,ra_no_moddrop,2,v40c_04692,1,3,100,0.8326732673267326,1.0,1.0,0.8333333333333333,5968bd0509826dc04bde8e59e0d227812be3a3f805fbfee4559e119c441a4875
ra_no_moddrop_seed2,ra_no_moddrop,2,v40c_04693,1,3,100,0.7336633663366336,1.0,1.0,0.7333333333333333,5968bd0509826dc04bde8e59e0d227812be3a3f805fbfee4559e119c441a4875
ra_no_moddrop_seed2,ra_no_moddrop,2,v40c_04694,1,2,100,0.9,1.0,1.0,0.9,5968bd0509826dc04bde8e59e0d227812be3a3f805fbfee4559e119c441a4875
ra_no_moddrop_seed2,ra_no_moddrop,2,v40c_04695,1,2,100,0.9504950495049505,1.0,1.0,0.95,5968bd0509826dc04bde8e59e0d227812be3a3f805fbfee4559e119c441a4875
ra_no_moddrop_seed2,ra_no_moddrop,2,v40c_04696,5,8,500,0.8783663366336635,1.0,1.0,0.8875,5968bd0509826dc04bde8e59e0d227812be3a3f805fbfee4559e119c441a4875
ra_no_moddrop_seed2,ra_no_moddrop,2,v40c_04697,1,1,100,0.9999999999999998,0.9999999999999999,0.9999999999999999,1.0,5968bd0509826dc04bde8e59e0d227812be3a3f805fbfee4559e119c441a4875
ra_no_moddrop_seed2,ra_no_moddrop,2,v40c_04698,1,1,100,0.8999999999999998,0.9999999999999999,0.9999999999999999,0.9,5968bd0509826dc04bde8e59e0d227812be3a3f805fbfee4559e119c441a4875
ra_no_moddrop_seed2,ra_no_moddrop,2,v40c_04699,1,1,100,0.8999999999999998,0.9999999999999999,0.9999999999999999,0.9,5968bd0509826dc04bde8e59e0d227812be3a3f805fbfee4559e119c441a4875
ra_no_moddrop_seed2,ra_no_moddrop,2,v40c_04700,1,1,100,0.9999999999999998,0.9999999999999999,0.9999999999999999,1.0,5968bd0509826dc04bde8e59e0d227812be3a3f805fbfee4559e119c441a4875
ra_no_moddrop_seed2,ra_no_moddrop,2,v40c_04701,3,3,300,1.0,1.0,1.0,1.0,5968bd0509826dc04bde8e59e0d227812be3a3f805fbfee4559e119c441a4875
ra_no_moddrop_seed2,ra_no_moddrop,2,v40c_04702,1,1,100,0.8999999999999998,0.9999999999999999,0.9999999999999999,0.9,5968bd0509826dc04bde8e59e0d227812be3a3f805fbfee4559e119c441a4875
ra_no_moddrop_seed2,ra_no_moddrop,2,v40c_04703,1,2,100,0.7514851485148515,1.0,1.0,0.75,5968bd0509826dc04bde8e59e0d227812be3a3f805fbfee4559e119c441a4875
ra_no_moddrop_seed2,ra_no_moddrop,2,v40c_04704,3,5,300,0.8009900990099009,1.0,1.0,0.8,5968bd0509826dc04bde8e59e0d227812be3a3f805fbfee4559e119c441a4875
ra_no_moddrop_seed2,ra_no_moddrop,2,v40c_04705,1,3,100,0.5673267326732674,1.0,0.5544554455445545,0.5999999999999999,5968bd0509826dc04bde8e59e0d227812be3a3f805fbfee4559e119c441a4875
ra_no_moddrop_seed2,ra_no_moddrop,2,v40c_04706,1,2,100,0.8252475247524753,1.0,1.0,0.85,5968bd0509826dc04bde8e59e0d227812be3a3f805fbfee4559e119c441a4875
ra_no_moddrop_seed2,ra_no_moddrop,2,v40c_04707,1,2,100,0.8,1.0,1.0,0.8,5968bd0509826dc04bde8e59e0d227812be3a3f805fbfee4559e119c441a4875
ra_no_moddrop_seed2,ra_no_moddrop,2,v40c_04708,1,3,100,0.5108910891089108,0.6666666666666665,0.5544554455445545,0.7333333333333333,5968bd0509826dc04bde8e59e0d227812be3a3f805fbfee4559e119c441a4875
ra_no_moddrop_seed2,ra_no_moddrop,2,v40c_04709,2,2,200,0.8,1.0,1.0,0.8,5968bd0509826dc04bde8e59e0d227812be3a3f805fbfee4559e119c441a4875
ra_no_moddrop_seed2,ra_no_moddrop,2,v40c_04710,1,1,100,0.7999999999999999,0.9999999999999999,0.9999999999999999,0.8,5968bd0509826dc04bde8e59e0d227812be3a3f805fbfee4559e119c441a4875
ra_no_moddrop_seed2,ra_no_moddrop,2,v40c_04711,1,1,100,0.7999999999999999,0.9999999999999999,0.9999999999999999,0.8,5968bd0509826dc04bde8e59e0d227812be3a3f805fbfee4559e119c441a4875
ra_no_moddrop_seed2,ra_no_moddrop,2,v40c_04712,1,2,100,0.6524752475247524,0.834983498349835,0.834983498349835,0.75,5968bd0509826dc04bde8e59e0d227812be3a3f805fbfee4559e119c441a4875
ra_no_moddrop_seed2,ra_no_moddrop,2,v40c_04713,1,2,100,0.6194719471947192,1.0,0.6699669966996696,0.75,5968bd0509826dc04bde8e59e0d227812be3a3f805fbfee4559e119c441a4875
ra_no_moddrop_seed2,ra_no_moddrop,2,v40c_04714,1,1,100,0.8999999999999998,0.9999999999999999,0.9999999999999999,0.9,5968bd0509826dc04bde8e59e0d227812be3a3f805fbfee4559e119c441a4875
ra_no_moddrop_seed2,ra_no_moddrop,2,v40c_04715,1,1,100,0.8999999999999998,0.9999999999999999,0.9999999999999999,0.9,5968bd0509826dc04bde8e59e0d227812be3a3f805fbfee4559e119c441a4875
ra_no_moddrop_seed2,ra_no_moddrop,2,v40c_04716,1,2,100,0.8504950495049505,1.0,1.0,0.85,5968bd0509826dc04bde8e59e0d227812be3a3f805fbfee4559e119c441a4875
ra_no_moddrop_seed2,ra_no_moddrop,2,v40c_04717,1,2,100,0.7504950495049505,1.0,1.0,0.75,5968bd0509826dc04bde8e59e0d227812be3a3f805fbfee4559e119c441a4875
ra_no_moddrop_seed2,ra_no_moddrop,2,v40c_04718,1,2,100,0.8252475247524753,1.0,1.0,0.85,5968bd0509826dc04bde8e59e0d227812be3a3f805fbfee4559e119c441a4875
ra_no_moddrop_seed2,ra_no_moddrop,2,v40c_04719,1,2,100,0.8252475247524753,1.0,1.0,0.85,5968bd0509826dc04bde8e59e0d227812be3a3f805fbfee4559e119c441a4875
ra_no_moddrop_seed2,ra_no_moddrop,2,v40c_04720,1,2,100,0.8252475247524753,1.0,1.0,0.85,5968bd0509826dc04bde8e59e0d227812be3a3f805fbfee4559e119c441a4875
ra_no_moddrop_seed2,ra_no_moddrop,2,v40c_04721,1,2,100,0.8504950495049505,1.0,1.0,0.85,5968bd0509826dc04bde8e59e0d227812be3a3f805fbfee4559e119c441a4875
ra_no_moddrop_seed2,ra_no_moddrop,2,v40c_04722,1,2,100,0.9,1.0,1.0,0.9,5968bd0509826dc04bde8e59e0d227812be3a3f805fbfee4559e119c441a4875
ra_no_moddrop_seed2,ra_no_moddrop,2,v40c_04723,1,2,100,0.7504950495049505,1.0,1.0,0.8,5968bd0509826dc04bde8e59e0d227812be3a3f805fbfee4559e119c441a4875
ra_no_moddrop_seed2,ra_no_moddrop,2,v40c_04724,1,2,100,0.700990099009901,1.0,1.0,0.7,5968bd0509826dc04bde8e59e0d227812be3a3f805fbfee4559e119c441a4875
ra_no_moddrop_seed2,ra_no_moddrop,2,v40c_04725,1,2,100,0.7514851485148515,1.0,1.0,0.75,5968bd0509826dc04bde8e59e0d227812be3a3f805fbfee4559e119c441a4875
ra_no_moddrop_seed2,ra_no_moddrop,2,v40c_04726,1,2,100,0.7514851485148515,1.0,1.0,0.75,5968bd0509826dc04bde8e59e0d227812be3a3f805fbfee4559e119c441a4875
ra_no_moddrop_seed2,ra_no_moddrop,2,v40c_04727,1,3,100,0.6375476009139376,1.0,0.5544554455445545,0.7,5968bd0509826dc04bde8e59e0d227812be3a3f805fbfee4559e119c441a4875
ra_no_moddrop_seed2,ra_no_moddrop,2,v40c_04728,1,3,100,0.7658415841584159,0.9158415841584159,0.9158415841584159,0.8666666666666666,5968bd0509826dc04bde8e59e0d227812be3a3f805fbfee4559e119c441a4875
ra_no_moddrop_seed2,ra_no_moddrop,2,v40c_04729,2,6,200,0.8028052805280528,1.0,1.0,0.8166666666666667,5968bd0509826dc04bde8e59e0d227812be3a3f805fbfee4559e119c441a4875
ra_no_moddrop_seed2,ra_no_moddrop,2,v40c_04730,1,4,100,0.7564356435643564,1.0,1.0,0.775,5968bd0509826dc04bde8e59e0d227812be3a3f805fbfee4559e119c441a4875
ra_no_moddrop_seed2,ra_no_moddrop,2,v40c_04731,1,4,100,0.765016501650165,1.0,1.0,0.8,5968bd0509826dc04bde8e59e0d227812be3a3f805fbfee4559e119c441a4875
ra_no_moddrop_seed2,ra_no_moddrop,2,v40c_04732,1,4,100,0.8504950495049505,1.0,1.0,0.85,5968bd0509826dc04bde8e59e0d227812be3a3f805fbfee4559e119c441a4875
ra_no_moddrop_seed2,ra_no_moddrop,2,v40c_04733,1,4,100,0.7524752475247525,1.0,1.0,0.75,5968bd0509826dc04bde8e59e0d227812be3a3f805fbfee4559e119c441a4875
ra_no_moddrop_seed2,ra_no_moddrop,2,v40c_04734,1,3,100,0.8663366336633663,1.0,1.0,0.8666666666666666,5968bd0509826dc04bde8e59e0d227812be3a3f805fbfee4559e119c441a4875
ra_no_moddrop_seed2,ra_no_moddrop,2,v40c_04735,1,3,100,0.8336633663366335,1.0,1.0,0.8666666666666668,5968bd0509826dc04bde8e59e0d227812be3a3f805fbfee4559e119c441a4875
ra_no_moddrop_seed2,ra_no_moddrop,2,v40c_04736,1,3,100,0.8831683168316831,1.0,1.0,0.9,5968bd0509826dc04bde8e59e0d227812be3a3f805fbfee4559e119c441a4875
ra_no_moddrop_seed2,ra_no_moddrop,2,v40c_04737,1,3,100,0.7663366336633664,0.9158415841584159,0.9158415841584159,0.8666666666666668,5968bd0509826dc04bde8e59e0d227812be3a3f805fbfee4559e119c441a4875
ra_no_moddrop_seed2,ra_no_moddrop,2,v40c_04738,1,4,100,0.8316831683168318,1.0,1.0,0.875,5968bd0509826dc04bde8e59e0d227812be3a3f805fbfee4559e119c441a4875
ra_no_moddrop_seed2,ra_no_moddrop,2,v40c_04739,1,4,100,0.8085808580858085,1.0,1.0,0.825,5968bd0509826dc04bde8e59e0d227812be3a3f805fbfee4559e119c441a4875
ra_no_moddrop_seed2,ra_no_moddrop,2,v40c_04740,2,5,200,0.7292079207920792,0.9257425742574258,0.9257425742574258,0.8,5968bd0509826dc04bde8e59e0d227812be3a3f805fbfee4559e119c441a4875
ra_no_moddrop_seed2,ra_no_moddrop,2,v40c_04741,1,2,100,0.9504950495049505,1.0,1.0,0.95,5968bd0509826dc04bde8e59e0d227812be3a3f805fbfee4559e119c441a4875
ra_no_moddrop_seed2,ra_no_moddrop,2,v40c_04742,1,2,100,0.9504950495049505,1.0,1.0,0.95,5968bd0509826dc04bde8e59e0d227812be3a3f805fbfee4559e119c441a4875
ra_no_moddrop_seed2,ra_no_moddrop,2,v40c_04743,1,3,100,0.6283828382838283,1.0,0.6105610561056105,0.6666666666666666,5968bd0509826dc04bde8e59e0d227812be3a3f805fbfee4559e119c441a4875
ra_no_moddrop_seed2,ra_no_moddrop,2,v40c_04744,1,3,100,0.761056105610561,1.0,1.0,0.7999999999999999,5968bd0509826dc04bde8e59e0d227812be3a3f805fbfee4559e119c441a4875
ra_no_moddrop_seed2,ra_no_moddrop,2,v40c_04745,1,2,100,0.9009900990099009,1.0,1.0,0.9,5968bd0509826dc04bde8e59e0d227812be3a3f805fbfee4559e119c441a4875
ra_no_moddrop_seed2,ra_no_moddrop,2,v40c_04746,1,2,100,0.9504950495049505,1.0,1.0,0.95,5968bd0509826dc04bde8e59e0d227812be3a3f805fbfee4559e119c441a4875
ra_no_moddrop_seed2,ra_no_moddrop,2,v40c_04747,1,2,100,0.7184818481848184,0.834983498349835,0.834983498349835,0.85,5968bd0509826dc04bde8e59e0d227812be3a3f805fbfee4559e119c441a4875
ra_no_moddrop_seed2,ra_no_moddrop,2,v40c_04748,1,3,100,0.7112211221122112,1.0,1.0,0.7333333333333333,5968bd0509826dc04bde8e59e0d227812be3a3f805fbfee4559e119c441a4875
ra_no_moddrop_seed2,ra_no_moddrop,2,v40c_04749,1,2,100,0.9009900990099009,1.0,1.0,0.9,5968bd0509826dc04bde8e59e0d227812be3a3f805fbfee4559e119c441a4875
ra_no_moddrop_seed2,ra_no_moddrop,2,v40c_04750,1,3,100,0.9336633663366337,1.0,1.0,0.9333333333333333,5968bd0509826dc04bde8e59e0d227812be3a3f805fbfee4559e119c441a4875
ra_no_moddrop_seed2,ra_no_moddrop,2,v40c_04763,3,4,300,0.7432343234323433,0.9174917491749175,0.9174917491749175,0.8,5968bd0509826dc04bde8e59e0d227812be3a3f805fbfee4559e119c441a4875
ra_no_moddrop_seed2,ra_no_moddrop,2,v40c_04768,2,6,200,0.6224422442244224,1.0,0.6870687068706872,0.7,5968bd0509826dc04bde8e59e0d227812be3a3f805fbfee4559e119c441a4875
ra_no_moddrop_seed2,ra_no_moddrop,2,v40c_04796,15,26,1500,0.8364831605967614,0.9985331866519985,0.9985331866519985,0.873076923076923,5968bd0509826dc04bde8e59e0d227812be3a3f805fbfee4559e119c441a4875
ra_no_moddrop_seed2,ra_no_moddrop,2,v40c_04843,2,4,200,0.8316831683168318,1.0,1.0,0.875,5968bd0509826dc04bde8e59e0d227812be3a3f805fbfee4559e119c441a4875
ra_no_moddrop_seed2,ra_no_moddrop,2,v40c_04846,1,4,100,0.8009900990099009,1.0,1.0,0.8,5968bd0509826dc04bde8e59e0d227812be3a3f805fbfee4559e119c441a4875
ra_no_moddrop_seed2,ra_no_moddrop,2,v40c_04847,1,3,100,0.810891089108911,1.0,1.0,0.8333333333333333,5968bd0509826dc04bde8e59e0d227812be3a3f805fbfee4559e119c441a4875
ra_no_moddrop_seed2,ra_no_moddrop,2,v40c_04848,1,3,100,0.8663366336633663,1.0,1.0,0.8666666666666666,5968bd0509826dc04bde8e59e0d227812be3a3f805fbfee4559e119c441a4875
ra_no_moddrop_seed2,ra_no_moddrop,2,v40c_04849,1,1,100,0.7999999999999999,0.9999999999999999,0.9999999999999999,0.8,5968bd0509826dc04bde8e59e0d227812be3a3f805fbfee4559e119c441a4875
ra_no_moddrop_seed2,ra_no_moddrop,2,v40c_04850,1,1,100,0.7999999999999999,0.9999999999999999,0.9999999999999999,0.8,5968bd0509826dc04bde8e59e0d227812be3a3f805fbfee4559e119c441a4875
ra_no_moddrop_seed2,ra_no_moddrop,2,v40c_04851,2,2,200,0.8009900990099009,1.0,1.0,0.8,5968bd0509826dc04bde8e59e0d227812be3a3f805fbfee4559e119c441a4875
ra_no_moddrop_seed2,ra_no_moddrop,2,v40c_04852,1,1,100,0.7,0.9999999999999999,0.9999999999999999,0.7,5968bd0509826dc04bde8e59e0d227812be3a3f805fbfee4559e119c441a4875
ra_no_moddrop_seed2,ra_no_moddrop,2,v40c_04853,1,1,100,0.7,0.9999999999999999,0.9999999999999999,0.7,5968bd0509826dc04bde8e59e0d227812be3a3f805fbfee4559e119c441a4875
ra_no_moddrop_seed2,ra_no_moddrop,2,v40c_04854,1,1,100,0.7,0.9999999999999999,0.9999999999999999,0.7,5968bd0509826dc04bde8e59e0d227812be3a3f805fbfee4559e119c441a4875
ra_no_moddrop_seed2,ra_no_moddrop,2,v40c_04855,1,1,100,0.7999999999999999,0.9999999999999999,0.9999999999999999,0.8,5968bd0509826dc04bde8e59e0d227812be3a3f805fbfee4559e119c441a4875
ra_no_moddrop_seed2,ra_no_moddrop,2,v40c_04856,1,1,100,0.7999999999999999,0.9999999999999999,0.9999999999999999,0.8,5968bd0509826dc04bde8e59e0d227812be3a3f805fbfee4559e119c441a4875
ra_no_moddrop_seed2,ra_no_moddrop,2,v40c_04857,2,2,200,0.9,1.0,1.0,0.9,5968bd0509826dc04bde8e59e0d227812be3a3f805fbfee4559e119c441a4875
ra_no_moddrop_seed2,ra_no_moddrop,2,v40c_04858,1,1,100,0.8999999999999998,0.9999999999999999,0.9999999999999999,0.9,5968bd0509826dc04bde8e59e0d227812be3a3f805fbfee4559e119c441a4875
ra_no_moddrop_seed2,ra_no_moddrop,2,v40c_04859,1,1,100,0.8999999999999998,0.9999999999999999,0.9999999999999999,0.9,5968bd0509826dc04bde8e59e0d227812be3a3f805fbfee4559e119c441a4875
ra_no_moddrop_seed2,ra_no_moddrop,2,v40c_04860,1,1,100,0.8999999999999998,0.9999999999999999,0.9999999999999999,0.9,5968bd0509826dc04bde8e59e0d227812be3a3f805fbfee4559e119c441a4875
ra_no_moddrop_seed2,ra_no_moddrop,2,v40c_04861,1,2,100,0.9009900990099009,1.0,1.0,0.9,5968bd0509826dc04bde8e59e0d227812be3a3f805fbfee4559e119c441a4875
ra_no_moddrop_seed2,ra_no_moddrop,2,v40c_04862,2,4,200,0.8422442244224422,1.0,1.0,0.85,5968bd0509826dc04bde8e59e0d227812be3a3f805fbfee4559e119c441a4875
ra_no_moddrop_seed2,ra_no_moddrop,2,v40c_04863,1,2,100,0.8,1.0,1.0,0.8,5968bd0509826dc04bde8e59e0d227812be3a3f805fbfee4559e119c441a4875
ra_no_moddrop_seed2,ra_no_moddrop,2,v40c_04864,1,2,100,0.8,1.0,1.0,0.8,5968bd0509826dc04bde8e59e0d227812be3a3f805fbfee4559e119c441a4875
ra_no_moddrop_seed2,ra_no_moddrop,2,v40c_04865,1,2,100,0.8504950495049506,1.0,1.0,0.9,5968bd0509826dc04bde8e59e0d227812be3a3f805fbfee4559e119c441a4875
ra_no_moddrop_seed2,ra_no_moddrop,2,v40c_04866,1,2,100,0.9252475247524753,1.0,1.0,0.95,5968bd0509826dc04bde8e59e0d227812be3a3f805fbfee4559e119c441a4875
ra_no_moddrop_seed2,ra_no_moddrop,2,v40c_04867,1,2,100,0.8504950495049506,1.0,1.0,0.9,5968bd0509826dc04bde8e59e0d227812be3a3f805fbfee4559e119c441a4875
ra_no_moddrop_seed2,ra_no_moddrop,2,v40c_04868,2,4,200,0.8628712871287127,1.0,1.0,0.875,5968bd0509826dc04bde8e59e0d227812be3a3f805fbfee4559e119c441a4875
ra_no_moddrop_seed2,ra_no_moddrop,2,v40c_04869,1,3,100,0.8336633663366337,1.0,1.0,0.8333333333333334,5968bd0509826dc04bde8e59e0d227812be3a3f805fbfee4559e119c441a4875
ra_no_moddrop_seed2,ra_no_moddrop,2,v40c_04870,1,3,100,0.8,1.0,1.0,0.7999999999999999,5968bd0509826dc04bde8e59e0d227812be3a3f805fbfee4559e119c441a4875
ra_no_moddrop_seed2,ra_no_moddrop,2,v40c_04871,1,3,100,0.8554455445544555,1.0,1.0,0.8666666666666666,5968bd0509826dc04bde8e59e0d227812be3a3f805fbfee4559e119c441a4875
ra_no_moddrop_seed2,ra_no_moddrop,2,v40c_04872,1,3,100,0.9,1.0,1.0,0.9,5968bd0509826dc04bde8e59e0d227812be3a3f805fbfee4559e119c441a4875
ra_no_moddrop_seed2,ra_no_moddrop,2,v40c_04873,1,3,100,0.8673267326732674,1.0,1.0,0.8666666666666668,5968bd0509826dc04bde8e59e0d227812be3a3f805fbfee4559e119c441a4875
ra_no_moddrop_seed2,ra_no_moddrop,2,v40c_04874,2,6,200,0.8831683168316833,1.0,1.0,0.8833333333333334,5968bd0509826dc04bde8e59e0d227812be3a3f805fbfee4559e119c441a4875
ra_no_moddrop_seed2,ra_no_moddrop,2,v40c_04875,1,3,100,0.6663366336633664,1.0,0.6633663366336634,0.7,5968bd0509826dc04bde8e59e0d227812be3a3f805fbfee4559e119c441a4875
ra_no_moddrop_seed2,ra_no_moddrop,2,v40c_04876,2,4,200,0.9009900990099011,1.0,1.0,0.9,5968bd0509826dc04bde8e59e0d227812be3a3f805fbfee4559e119c441a4875
ra_no_moddrop_seed2,ra_no_moddrop,2,v40c_04877,1,2,100,0.8504950495049505,1.0,1.0,0.85,5968bd0509826dc04bde8e59e0d227812be3a3f805fbfee4559e119c441a4875
ra_no_moddrop_seed2,ra_no_moddrop,2,v40c_04878,1,2,100,0.9009900990099009,1.0,1.0,0.9,5968bd0509826dc04bde8e59e0d227812be3a3f805fbfee4559e119c441a4875
ra_no_moddrop_seed2,ra_no_moddrop,2,v40c_04879,1,2,100,0.8504950495049505,1.0,1.0,0.85,5968bd0509826dc04bde8e59e0d227812be3a3f805fbfee4559e119c441a4875
ra_no_moddrop_seed2,ra_no_moddrop,2,v40c_04880,1,2,100,0.9009900990099009,1.0,1.0,0.9,5968bd0509826dc04bde8e59e0d227812be3a3f805fbfee4559e119c441a4875
ra_no_moddrop_seed2,ra_no_moddrop,2,v40c_04881,1,1,100,0.7999999999999999,0.9999999999999999,0.9999999999999999,0.8,5968bd0509826dc04bde8e59e0d227812be3a3f805fbfee4559e119c441a4875
ra_no_moddrop_seed2,ra_no_moddrop,2,v40c_04882,1,1,100,0.8999999999999998,0.9999999999999999,0.9999999999999999,0.9,5968bd0509826dc04bde8e59e0d227812be3a3f805fbfee4559e119c441a4875
ra_no_moddrop_seed2,ra_no_moddrop,2,v40c_04883,1,1,100,0.8999999999999998,0.9999999999999999,0.9999999999999999,0.9,5968bd0509826dc04bde8e59e0d227812be3a3f805fbfee4559e119c441a4875
ra_no_moddrop_seed2,ra_no_moddrop,2,v40c_04884,1,2,100,0.8504950495049505,1.0,1.0,0.85,5968bd0509826dc04bde8e59e0d227812be3a3f805fbfee4559e119c441a4875
ra_no_moddrop_seed2,ra_no_moddrop,2,v40c_04885,1,2,100,0.7504950495049505,1.0,1.0,0.75,5968bd0509826dc04bde8e59e0d227812be3a3f805fbfee4559e119c441a4875
ra_no_moddrop_seed2,ra_no_moddrop,2,v40c_04886,2,4,200,0.8,1.0,1.0,0.8,5968bd0509826dc04bde8e59e0d227812be3a3f805fbfee4559e119c441a4875
ra_no_moddrop_seed2,ra_no_moddrop,2,v40c_04887,1,2,100,0.7504950495049505,1.0,1.0,0.75,5968bd0509826dc04bde8e59e0d227812be3a3f805fbfee4559e119c441a4875
ra_no_moddrop_seed2,ra_no_moddrop,2,v40c_04888,1,2,100,0.8009900990099009,1.0,1.0,0.8,5968bd0509826dc04bde8e59e0d227812be3a3f805fbfee4559e119c441a4875
ra_no_moddrop_seed2,ra_no_moddrop,2,v40c_04889,1,1,100,0.7999999999999999,0.9999999999999999,0.9999999999999999,0.8,5968bd0509826dc04bde8e59e0d227812be3a3f805fbfee4559e119c441a4875
ra_no_moddrop_seed2,ra_no_moddrop,2,v40c_04890,1,1,100,0.7999999999999999,0.9999999999999999,0.9999999999999999,0.8,5968bd0509826dc04bde8e59e0d227812be3a3f805fbfee4559e119c441a4875
ra_no_moddrop_seed2,ra_no_moddrop,2,v40c_04891,1,1,100,0.7999999999999999,0.9999999999999999,0.9999999999999999,0.8,5968bd0509826dc04bde8e59e0d227812be3a3f805fbfee4559e119c441a4875
ra_no_moddrop_seed2,ra_no_moddrop,2,v40c_04892,1,1,100,0.7999999999999999,0.9999999999999999,0.9999999999999999,0.8,5968bd0509826dc04bde8e59e0d227812be3a3f805fbfee4559e119c441a4875
ra_no_moddrop_seed2,ra_no_moddrop,2,v40c_04893,1,2,100,0.6514851485148514,1.0,0.5049504950495048,0.65,5968bd0509826dc04bde8e59e0d227812be3a3f805fbfee4559e119c441a4875
ra_no_moddrop_seed2,ra_no_moddrop,2,v40c_04894,1,2,100,0.6854785478547855,0.834983498349835,0.834983498349835,0.8,5968bd0509826dc04bde8e59e0d227812be3a3f805fbfee4559e119c441a4875
ra_no_moddrop_seed2,ra_no_moddrop,2,v40c_04895,1,2,100,0.8504950495049505,1.0,1.0,0.85,5968bd0509826dc04bde8e59e0d227812be3a3f805fbfee4559e119c441a4875
ra_no_moddrop_seed2,ra_no_moddrop,2,v40c_04896,1,1,100,0.8999999999999998,0.9999999999999999,0.9999999999999999,0.9,5968bd0509826dc04bde8e59e0d227812be3a3f805fbfee4559e119c441a4875
ra_no_moddrop_seed2,ra_no_moddrop,2,v40c_04897,1,1,100,0.8999999999999998,0.9999999999999999,0.9999999999999999,0.9,5968bd0509826dc04bde8e59e0d227812be3a3f805fbfee4559e119c441a4875
ra_no_moddrop_seed2,ra_no_moddrop,2,v40c_04898,1,1,100,0.8999999999999998,0.9999999999999999,0.9999999999999999,0.9,5968bd0509826dc04bde8e59e0d227812be3a3f805fbfee4559e119c441a4875
ra_no_moddrop_seed2,ra_no_moddrop,2,v40c_04899,1,1,100,0.7999999999999999,0.9999999999999999,0.9999999999999999,0.8,5968bd0509826dc04bde8e59e0d227812be3a3f805fbfee4559e119c441a4875
ra_no_moddrop_seed2,ra_no_moddrop,2,v40c_04900,1,1,100,0.7999999999999999,0.9999999999999999,0.9999999999999999,0.8,5968bd0509826dc04bde8e59e0d227812be3a3f805fbfee4559e119c441a4875
ra_no_moddrop_seed2,ra_no_moddrop,2,v40c_05100,1,15,100,0.7088827878615026,0.935629215095423,0.785614443797321,0.76,5968bd0509826dc04bde8e59e0d227812be3a3f805fbfee4559e119c441a4875
ra_no_moddrop_seed2,ra_no_moddrop,2,v40c_05490,3,11,300,0.80504800480048,0.9323432343234324,0.9323432343234324,0.890909090909091,5968bd0509826dc04bde8e59e0d227812be3a3f805fbfee4559e119c441a4875
ra_no_moddrop_seed2,ra_no_moddrop,2,v40c_05493,2,5,200,0.7640264026402638,0.9669966996699667,0.9669966996699667,0.8,5968bd0509826dc04bde8e59e0d227812be3a3f805fbfee4559e119c441a4875
ra_no_moddrop_seed2,ra_no_moddrop,2,v40c_05494,1,2,100,0.8504950495049505,1.0,1.0,0.85,5968bd0509826dc04bde8e59e0d227812be3a3f805fbfee4559e119c441a4875
ra_no_moddrop_seed2,ra_no_moddrop,2,v40c_05495,1,1,100,0.7999999999999999,0.9999999999999999,0.9999999999999999,0.8,5968bd0509826dc04bde8e59e0d227812be3a3f805fbfee4559e119c441a4875
ra_no_moddrop_seed2,ra_no_moddrop,2,v40c_05496,1,2,100,0.7019801980198019,1.0,0.5049504950495048,0.7,5968bd0509826dc04bde8e59e0d227812be3a3f805fbfee4559e119c441a4875
ra_no_moddrop_seed2,ra_no_moddrop,2,v40c_05497,4,5,400,0.7201320132013203,0.8844884488448848,0.8844884488448848,0.82,5968bd0509826dc04bde8e59e0d227812be3a3f805fbfee4559e119c441a4875
ra_no_moddrop_seed2,ra_no_moddrop,2,v40c_05498,1,1,100,0.7,0.9999999999999999,0.9999999999999999,0.7,5968bd0509826dc04bde8e59e0d227812be3a3f805fbfee4559e119c441a4875
ra_no_moddrop_seed2,ra_no_moddrop,2,v40c_05499,2,2,200,0.8,1.0,1.0,0.8,5968bd0509826dc04bde8e59e0d227812be3a3f805fbfee4559e119c441a4875
ra_no_moddrop_seed2,ra_no_moddrop,2,v40c_05500,2,2,200,0.9,1.0,1.0,0.9,5968bd0509826dc04bde8e59e0d227812be3a3f805fbfee4559e119c441a4875
ra_no_moddrop_seed2,ra_no_moddrop,2,v40c_05501,5,5,500,0.8414356435643564,1.0,1.0,0.8799999999999999,5968bd0509826dc04bde8e59e0d227812be3a3f805fbfee4559e119c441a4875
ra_no_moddrop_seed2,ra_no_moddrop,2,v40c_05502,1,1,100,0.7999999999999999,0.9999999999999999,0.9999999999999999,0.8,5968bd0509826dc04bde8e59e0d227812be3a3f805fbfee4559e119c441a4875
ra_no_moddrop_seed2,ra_no_moddrop,2,v40c_05503,1,1,100,0.7,0.9999999999999999,0.9999999999999999,0.7,5968bd0509826dc04bde8e59e0d227812be3a3f805fbfee4559e119c441a4875
ra_no_moddrop_seed2,ra_no_moddrop,2,v40c_05504,2,2,200,0.8252475247524753,1.0,1.0,0.85,5968bd0509826dc04bde8e59e0d227812be3a3f805fbfee4559e119c441a4875
ra_no_moddrop_seed2,ra_no_moddrop,2,v40c_05505,1,1,100,0.7,0.9999999999999999,0.9999999999999999,0.7,5968bd0509826dc04bde8e59e0d227812be3a3f805fbfee4559e119c441a4875
ra_no_moddrop_seed2,ra_no_moddrop,2,v40c_05506,1,1,100,0.7,0.9999999999999999,0.9999999999999999,0.7,5968bd0509826dc04bde8e59e0d227812be3a3f805fbfee4559e119c441a4875
ra_no_moddrop_seed2,ra_no_moddrop,2,v40c_05507,2,2,200,0.8,1.0,1.0,0.8,5968bd0509826dc04bde8e59e0d227812be3a3f805fbfee4559e119c441a4875
ra_no_moddrop_seed2,ra_no_moddrop,2,v40c_05508,3,3,300,0.6666666666666667,1.0,1.0,0.7333333333333333,5968bd0509826dc04bde8e59e0d227812be3a3f805fbfee4559e119c441a4875
ra_no_moddrop_seed2,ra_no_moddrop,2,v40c_05509,1,1,100,0.7999999999999999,0.9999999999999999,0.9999999999999999,0.8,5968bd0509826dc04bde8e59e0d227812be3a3f805fbfee4559e119c441a4875
ra_no_moddrop_seed2,ra_no_moddrop,2,v40c_05510,1,1,100,0.5999999999999999,0.9999999999999999,0.9999999999999999,0.6,5968bd0509826dc04bde8e59e0d227812be3a3f805fbfee4559e119c441a4875
ra_no_moddrop_seed2,ra_no_moddrop,2,v40c_05511,1,1,100,0.0,0.0,0.0,0.0,5968bd0509826dc04bde8e59e0d227812be3a3f805fbfee4559e119c441a4875
