run_id,variant,seed,component_id,images,gt_boxes,detections,ap50_95,ap50,ap75,ar100,checkpoint_sha256
ra_static_equal_seed1,ra_static_equal,1,v40c_00124,1,3,100,0.6554455445544555,1.0,1.0,0.7,2819dec6d5faa0cfb46449b8cda9a6a5efe0d92584a58587d516ebf89b31e7c8
ra_static_equal_seed1,ra_static_equal,1,v40c_00125,1,2,100,0.5178217821782178,0.834983498349835,0.834983498349835,0.65,2819dec6d5faa0cfb46449b8cda9a6a5efe0d92584a58587d516ebf89b31e7c8
ra_static_equal_seed1,ra_static_equal,1,v40c_00126,1,2,100,0.7252475247524752,1.0,1.0,0.75,2819dec6d5faa0cfb46449b8cda9a6a5efe0d92584a58587d516ebf89b31e7c8
ra_static_equal_seed1,ra_static_equal,1,v40c_00127,1,3,100,0.5891089108910891,1.0,0.5544554455445545,0.6,2819dec6d5faa0cfb46449b8cda9a6a5efe0d92584a58587d516ebf89b31e7c8
ra_static_equal_seed1,ra_static_equal,1,v40c_00128,2,6,200,0.6229912259518635,1.0,0.7772277227722773,0.6833333333333333,2819dec6d5faa0cfb46449b8cda9a6a5efe0d92584a58587d516ebf89b31e7c8
ra_static_equal_seed1,ra_static_equal,1,v40c_00129,1,3,100,0.5353177089860885,1.0,0.17658854493044246,0.6333333333333333,2819dec6d5faa0cfb46449b8cda9a6a5efe0d92584a58587d516ebf89b31e7c8
ra_static_equal_seed1,ra_static_equal,1,v40c_00130,1,3,100,0.5768976897689769,1.0,0.4422442244224422,0.6666666666666666,2819dec6d5faa0cfb46449b8cda9a6a5efe0d92584a58587d516ebf89b31e7c8
ra_static_equal_seed1,ra_static_equal,1,v40c_00131,1,2,100,0.4856435643564357,1.0,0.28547854785478555,0.7,2819dec6d5faa0cfb46449b8cda9a6a5efe0d92584a58587d516ebf89b31e7c8
ra_static_equal_seed1,ra_static_equal,1,v40c_00132,1,2,100,0.6,1.0,1.0,0.6,2819dec6d5faa0cfb46449b8cda9a6a5efe0d92584a58587d516ebf89b31e7c8
ra_static_equal_seed1,ra_static_equal,1,v40c_00133,1,2,100,0.45049504950495045,1.0,0.2524752475247525,0.5,2819dec6d5faa0cfb46449b8cda9a6a5efe0d92584a58587d516ebf89b31e7c8
ra_static_equal_seed1,ra_static_equal,1,v40c_00134,1,2,100,0.45645614250866073,1.0,0.5049504950495048,0.55,2819dec6d5faa0cfb46449b8cda9a6a5efe0d92584a58587d516ebf89b31e7c8
ra_static_equal_seed1,ra_static_equal,1,v40c_00135,1,2,100,0.5504950495049504,1.0,0.5049504950495048,0.55,2819dec6d5faa0cfb46449b8cda9a6a5efe0d92584a58587d516ebf89b31e7c8
ra_static_equal_seed1,ra_static_equal,1,v40c_00136,1,2,100,0.5178217821782178,0.834983498349835,0.834983498349835,0.65,2819dec6d5faa0cfb46449b8cda9a6a5efe0d92584a58587d516ebf89b31e7c8
ra_static_equal_seed1,ra_static_equal,1,v40c_00137,1,2,100,0.6504950495049504,1.0,1.0,0.65,2819dec6d5faa0cfb46449b8cda9a6a5efe0d92584a58587d516ebf89b31e7c8
ra_static_equal_seed1,ra_static_equal,1,v40c_00138,1,2,100,0.5346534653465346,0.834983498349835,0.834983498349835,0.7,2819dec6d5faa0cfb46449b8cda9a6a5efe0d92584a58587d516ebf89b31e7c8
ra_static_equal_seed1,ra_static_equal,1,v40c_00139,1,2,100,0.4452145214521452,0.5874587458745875,0.5049504950495048,0.65,2819dec6d5faa0cfb46449b8cda9a6a5efe0d92584a58587d516ebf89b31e7c8
ra_static_equal_seed1,ra_static_equal,1,v40c_00140,2,4,200,0.36021602160216026,0.5184518451845185,0.504950495049505,0.475,2819dec6d5faa0cfb46449b8cda9a6a5efe0d92584a58587d516ebf89b31e7c8
ra_static_equal_seed1,ra_static_equal,1,v40c_00141,1,1,100,0.08833333333333332,0.19999999999999996,0.04166666666666668,0.6,2819dec6d5faa0cfb46449b8cda9a6a5efe0d92584a58587d516ebf89b31e7c8
ra_static_equal_seed1,ra_static_equal,1,v40c_00142,1,0,100,0.0,0.0,0.0,0.0,2819dec6d5faa0cfb46449b8cda9a6a5efe0d92584a58587d516ebf89b31e7c8
ra_static_equal_seed1,ra_static_equal,1,v40c_00143,1,0,100,0.0,0.0,0.0,0.0,2819dec6d5faa0cfb46449b8cda9a6a5efe0d92584a58587d516ebf89b31e7c8
ra_static_equal_seed1,ra_static_equal,1,v40c_00144,1,0,100,0.0,0.0,0.0,0.0,2819dec6d5faa0cfb46449b8cda9a6a5efe0d92584a58587d516ebf89b31e7c8
ra_static_equal_seed1,ra_static_equal,1,v40c_00145,2,1,200,0.04920634920634921,0.3333333333333334,0.023809523809523805,0.6,2819dec6d5faa0cfb46449b8cda9a6a5efe0d92584a58587d516ebf89b31e7c8
ra_static_equal_seed1,ra_static_equal,1,v40c_00146,1,1,100,0.3043478260869565,0.9999999999999999,0.0,0.4,2819dec6d5faa0cfb46449b8cda9a6a5efe0d92584a58587d516ebf89b31e7c8
ra_static_equal_seed1,ra_static_equal,1,v40c_00147,1,0,100,0.0,0.0,0.0,0.0,2819dec6d5faa0cfb46449b8cda9a6a5efe0d92584a58587d516ebf89b31e7c8
ra_static_equal_seed1,ra_static_equal,1,v40c_00148,1,1,100,0.4999999999999999,0.9999999999999999,0.0,0.5,2819dec6d5faa0cfb46449b8cda9a6a5efe0d92584a58587d516ebf89b31e7c8
ra_static_equal_seed1,ra_static_equal,1,v40c_00149,1,1,100,0.7,0.9999999999999999,0.9999999999999999,0.7,2819dec6d5faa0cfb46449b8cda9a6a5efe0d92584a58587d516ebf89b31e7c8
ra_static_equal_seed1,ra_static_equal,1,v40c_00150,1,1,100,0.5999999999999999,0.9999999999999999,0.9999999999999999,0.6,2819dec6d5faa0cfb46449b8cda9a6a5efe0d92584a58587d516ebf89b31e7c8
ra_static_equal_seed1,ra_static_equal,1,v40c_00151,1,1,100,0.5999999999999999,0.9999999999999999,0.9999999999999999,0.6,2819dec6d5faa0cfb46449b8cda9a6a5efe0d92584a58587d516ebf89b31e7c8
ra_static_equal_seed1,ra_static_equal,1,v40c_00152,1,1,100,0.5999999999999999,0.9999999999999999,0.9999999999999999,0.6,2819dec6d5faa0cfb46449b8cda9a6a5efe0d92584a58587d516ebf89b31e7c8
ra_static_equal_seed1,ra_static_equal,1,v40c_00153,1,1,100,0.7,0.9999999999999999,0.9999999999999999,0.7,2819dec6d5faa0cfb46449b8cda9a6a5efe0d92584a58587d516ebf89b31e7c8
ra_static_equal_seed1,ra_static_equal,1,v40c_00154,1,1,100,0.4999999999999999,0.9999999999999999,0.0,0.5,2819dec6d5faa0cfb46449b8cda9a6a5efe0d92584a58587d516ebf89b31e7c8
ra_static_equal_seed1,ra_static_equal,1,v40c_00155,1,1,100,0.7,0.9999999999999999,0.9999999999999999,0.7,2819dec6d5faa0cfb46449b8cda9a6a5efe0d92584a58587d516ebf89b31e7c8
ra_static_equal_seed1,ra_static_equal,1,v40c_00156,1,1,100,0.7,0.9999999999999999,0.9999999999999999,0.7,2819dec6d5faa0cfb46449b8cda9a6a5efe0d92584a58587d516ebf89b31e7c8
ra_static_equal_seed1,ra_static_equal,1,v40c_00157,5,5,500,0.4606435643564355,0.9669966996699667,0.05198019801980198,0.5,2819dec6d5faa0cfb46449b8cda9a6a5efe0d92584a58587d516ebf89b31e7c8
ra_static_equal_seed1,ra_static_equal,1,v40c_00158,1,1,100,0.7,0.9999999999999999,0.9999999999999999,0.7,2819dec6d5faa0cfb46449b8cda9a6a5efe0d92584a58587d516ebf89b31e7c8
ra_static_equal_seed1,ra_static_equal,1,v40c_00159,1,1,100,0.7,0.9999999999999999,0.9999999999999999,0.7,2819dec6d5faa0cfb46449b8cda9a6a5efe0d92584a58587d516ebf89b31e7c8
ra_static_equal_seed1,ra_static_equal,1,v40c_00160,1,1,100,0.7999999999999999,0.9999999999999999,0.9999999999999999,0.8,2819dec6d5faa0cfb46449b8cda9a6a5efe0d92584a58587d516ebf89b31e7c8
ra_static_equal_seed1,ra_static_equal,1,v40c_00161,1,1,100,0.7,0.9999999999999999,0.9999999999999999,0.7,2819dec6d5faa0cfb46449b8cda9a6a5efe0d92584a58587d516ebf89b31e7c8
ra_static_equal_seed1,ra_static_equal,1,v40c_00162,1,2,100,0.42127212721272117,0.834983498349835,0.5049504950495048,0.5,2819dec6d5faa0cfb46449b8cda9a6a5efe0d92584a58587d516ebf89b31e7c8
ra_static_equal_seed1,ra_static_equal,1,v40c_00163,1,1,100,0.7,0.9999999999999999,0.9999999999999999,0.7,2819dec6d5faa0cfb46449b8cda9a6a5efe0d92584a58587d516ebf89b31e7c8
ra_static_equal_seed1,ra_static_equal,1,v40c_00164,5,5,500,0.5811881188118811,1.0,0.5247524752475247,0.6,2819dec6d5faa0cfb46449b8cda9a6a5efe0d92584a58587d516ebf89b31e7c8
ra_static_equal_seed1,ra_static_equal,1,v40c_00165,1,1,100,0.4999999999999999,0.9999999999999999,0.0,0.5,2819dec6d5faa0cfb46449b8cda9a6a5efe0d92584a58587d516ebf89b31e7c8
ra_static_equal_seed1,ra_static_equal,1,v40c_00166,1,1,100,0.7999999999999999,0.9999999999999999,0.9999999999999999,0.8,2819dec6d5faa0cfb46449b8cda9a6a5efe0d92584a58587d516ebf89b31e7c8
ra_static_equal_seed1,ra_static_equal,1,v40c_00167,1,1,100,0.20487804878048776,0.9999999999999999,0.0,0.4,2819dec6d5faa0cfb46449b8cda9a6a5efe0d92584a58587d516ebf89b31e7c8
ra_static_equal_seed1,ra_static_equal,1,v40c_00168,1,1,100,0.29999999999999993,0.9999999999999999,0.0,0.3,2819dec6d5faa0cfb46449b8cda9a6a5efe0d92584a58587d516ebf89b31e7c8
ra_static_equal_seed1,ra_static_equal,1,v40c_00169,1,1,100,0.09999999999999998,0.19999999999999996,0.0,0.5,2819dec6d5faa0cfb46449b8cda9a6a5efe0d92584a58587d516ebf89b31e7c8
ra_static_equal_seed1,ra_static_equal,1,v40c_00170,1,1,100,0.39999999999999997,0.9999999999999999,0.0,0.4,2819dec6d5faa0cfb46449b8cda9a6a5efe0d92584a58587d516ebf89b31e7c8
ra_static_equal_seed1,ra_static_equal,1,v40c_00171,1,1,100,0.4999999999999999,0.9999999999999999,0.0,0.5,2819dec6d5faa0cfb46449b8cda9a6a5efe0d92584a58587d516ebf89b31e7c8
ra_static_equal_seed1,ra_static_equal,1,v40c_00172,1,1,100,0.25,0.5,0.0,0.5,2819dec6d5faa0cfb46449b8cda9a6a5efe0d92584a58587d516ebf89b31e7c8
ra_static_equal_seed1,ra_static_equal,1,v40c_00173,1,1,100,0.015625,0.03125,0.0,0.5,2819dec6d5faa0cfb46449b8cda9a6a5efe0d92584a58587d516ebf89b31e7c8
ra_static_equal_seed1,ra_static_equal,1,v40c_00174,2,1,200,0.011486291486291485,0.02222222222222222,0.012987012987012984,0.6,2819dec6d5faa0cfb46449b8cda9a6a5efe0d92584a58587d516ebf89b31e7c8
ra_static_equal_seed1,ra_static_equal,1,v40c_00175,1,0,100,0.0,0.0,0.0,0.0,2819dec6d5faa0cfb46449b8cda9a6a5efe0d92584a58587d516ebf89b31e7c8
ra_static_equal_seed1,ra_static_equal,1,v40c_00263,15,7,1500,0.8127298444130128,1.0,1.0,0.8285714285714286,2819dec6d5faa0cfb46449b8cda9a6a5efe0d92584a58587d516ebf89b31e7c8
ra_static_equal_seed1,ra_static_equal,1,v40c_00264,5,0,500,0.0,0.0,0.0,0.0,2819dec6d5faa0cfb46449b8cda9a6a5efe0d92584a58587d516ebf89b31e7c8
ra_static_equal_seed1,ra_static_equal,1,v40c_00265,5,0,500,0.0,0.0,0.0,0.0,2819dec6d5faa0cfb46449b8cda9a6a5efe0d92584a58587d516ebf89b31e7c8
ra_static_equal_seed1,ra_static_equal,1,v40c_00266,9,5,900,0.08387486384831731,0.2938245044016598,0.0189018901890189,0.38,2819dec6d5faa0cfb46449b8cda9a6a5efe0d92584a58587d516ebf89b31e7c8
ra_static_equal_seed1,ra_static_equal,1,v40c_00267,2,2,200,0.3844884488448845,0.834983498349835,0.0,0.45,2819dec6d5faa0cfb46449b8cda9a6a5efe0d92584a58587d516ebf89b31e7c8
ra_static_equal_seed1,ra_static_equal,1,v40c_00268,2,2,200,0.26262376237623763,0.5,0.12623762376237624,0.55,2819dec6d5faa0cfb46449b8cda9a6a5efe0d92584a58587d516ebf89b31e7c8
ra_static_equal_seed1,ra_static_equal,1,v40c_00269,3,0,300,0.0,0.0,0.0,0.0,2819dec6d5faa0cfb46449b8cda9a6a5efe0d92584a58587d516ebf89b31e7c8
ra_static_equal_seed1,ra_static_equal,1,v40c_00270,1,0,100,0.0,0.0,0.0,0.0,2819dec6d5faa0cfb46449b8cda9a6a5efe0d92584a58587d516ebf89b31e7c8
ra_static_equal_seed1,ra_static_equal,1,v40c_00271,37,22,3700,0.1333331863418052,0.5384366043251091,0.03155579462567842,0.4454545454545455,2819dec6d5faa0cfb46449b8cda9a6a5efe0d92584a58587d516ebf89b31e7c8
ra_static_equal_seed1,ra_static_equal,1,v40c_00327,2,5,200,0.7128518734226363,1.0,0.801980198019802,0.74,2819dec6d5faa0cfb46449b8cda9a6a5efe0d92584a58587d516ebf89b31e7c8
ra_static_equal_seed1,ra_static_equal,1,v40c_00328,2,5,200,0.7826732673267326,1.0,1.0,0.8,2819dec6d5faa0cfb46449b8cda9a6a5efe0d92584a58587d516ebf89b31e7c8
ra_static_equal_seed1,ra_static_equal,1,v40c_00329,1,3,100,0.7891089108910891,1.0,1.0,0.7999999999999999,2819dec6d5faa0cfb46449b8cda9a6a5efe0d92584a58587d516ebf89b31e7c8
ra_static_equal_seed1,ra_static_equal,1,v40c_00330,4,12,400,0.7692904290429043,1.0,1.0,0.7916666666666666,2819dec6d5faa0cfb46449b8cda9a6a5efe0d92584a58587d516ebf89b31e7c8
ra_static_equal_seed1,ra_static_equal,1,v40c_00331,3,9,300,0.7374666038032374,1.0,1.0,0.7666666666666667,2819dec6d5faa0cfb46449b8cda9a6a5efe0d92584a58587d516ebf89b31e7c8
ra_static_equal_seed1,ra_static_equal,1,v40c_00332,1,3,100,0.7336633663366336,1.0,1.0,0.7333333333333333,2819dec6d5faa0cfb46449b8cda9a6a5efe0d92584a58587d516ebf89b31e7c8
ra_static_equal_seed1,ra_static_equal,1,v40c_00333,1,3,100,0.7554455445544555,1.0,1.0,0.7666666666666666,2819dec6d5faa0cfb46449b8cda9a6a5efe0d92584a58587d516ebf89b31e7c8
ra_static_equal_seed1,ra_static_equal,1,v40c_00334,1,3,100,0.7663366336633664,0.9158415841584159,0.9158415841584159,0.8333333333333334,2819dec6d5faa0cfb46449b8cda9a6a5efe0d92584a58587d516ebf89b31e7c8
ra_static_equal_seed1,ra_static_equal,1,v40c_00335,1,3,100,0.5344334433443345,0.682068206820682,0.6633663366336634,0.6,2819dec6d5faa0cfb46449b8cda9a6a5efe0d92584a58587d516ebf89b31e7c8
ra_static_equal_seed1,ra_static_equal,1,v40c_00336,1,2,100,0.8504950495049505,1.0,1.0,0.85,2819dec6d5faa0cfb46449b8cda9a6a5efe0d92584a58587d516ebf89b31e7c8
ra_static_equal_seed1,ra_static_equal,1,v40c_00337,1,2,100,0.8504950495049505,1.0,1.0,0.85,2819dec6d5faa0cfb46449b8cda9a6a5efe0d92584a58587d516ebf89b31e7c8
ra_static_equal_seed1,ra_static_equal,1,v40c_00338,1,2,100,0.7504950495049505,1.0,1.0,0.75,2819dec6d5faa0cfb46449b8cda9a6a5efe0d92584a58587d516ebf89b31e7c8
ra_static_equal_seed1,ra_static_equal,1,v40c_00339,1,2,100,0.7504950495049505,1.0,1.0,0.75,2819dec6d5faa0cfb46449b8cda9a6a5efe0d92584a58587d516ebf89b31e7c8
ra_static_equal_seed1,ra_static_equal,1,v40c_00340,1,2,100,0.7,1.0,1.0,0.7,2819dec6d5faa0cfb46449b8cda9a6a5efe0d92584a58587d516ebf89b31e7c8
ra_static_equal_seed1,ra_static_equal,1,v40c_00341,1,2,100,0.7252475247524752,1.0,1.0,0.75,2819dec6d5faa0cfb46449b8cda9a6a5efe0d92584a58587d516ebf89b31e7c8
ra_static_equal_seed1,ra_static_equal,1,v40c_00342,1,2,100,0.7504950495049505,1.0,1.0,0.75,2819dec6d5faa0cfb46449b8cda9a6a5efe0d92584a58587d516ebf89b31e7c8
ra_static_equal_seed1,ra_static_equal,1,v40c_00343,1,2,100,0.7,1.0,1.0,0.7,2819dec6d5faa0cfb46449b8cda9a6a5efe0d92584a58587d516ebf89b31e7c8
ra_static_equal_seed1,ra_static_equal,1,v40c_00344,1,2,100,0.6252475247524752,1.0,1.0,0.65,2819dec6d5faa0cfb46449b8cda9a6a5efe0d92584a58587d516ebf89b31e7c8
ra_static_equal_seed1,ra_static_equal,1,v40c_00345,2,4,200,0.6143564356435643,0.8556105610561057,0.8556105610561057,0.75,2819dec6d5faa0cfb46449b8cda9a6a5efe0d92584a58587d516ebf89b31e7c8
ra_static_equal_seed1,ra_static_equal,1,v40c_00346,1,3,100,0.7158415841584158,0.9158415841584159,0.9158415841584159,0.7666666666666666,2819dec6d5faa0cfb46449b8cda9a6a5efe0d92584a58587d516ebf89b31e7c8
ra_static_equal_seed1,ra_static_equal,1,v40c_00347,1,3,100,0.41072607260726074,0.75,0.3316831683168317,0.6333333333333333,2819dec6d5faa0cfb46449b8cda9a6a5efe0d92584a58587d516ebf89b31e7c8
ra_static_equal_seed1,ra_static_equal,1,v40c_00348,1,2,100,0.45115511551155113,0.834983498349835,0.16831683168316833,0.6,2819dec6d5faa0cfb46449b8cda9a6a5efe0d92584a58587d516ebf89b31e7c8
ra_static_equal_seed1,ra_static_equal,1,v40c_00349,1,2,100,0.6757425742574257,1.0,1.0,0.75,2819dec6d5faa0cfb46449b8cda9a6a5efe0d92584a58587d516ebf89b31e7c8
ra_static_equal_seed1,ra_static_equal,1,v40c_00350,1,2,100,0.5346534653465346,0.834983498349835,0.834983498349835,0.7,2819dec6d5faa0cfb46449b8cda9a6a5efe0d92584a58587d516ebf89b31e7c8
ra_static_equal_seed1,ra_static_equal,1,v40c_00351,1,2,100,0.6013201320132013,0.834983498349835,0.834983498349835,0.75,2819dec6d5faa0cfb46449b8cda9a6a5efe0d92584a58587d516ebf89b31e7c8
ra_static_equal_seed1,ra_static_equal,1,v40c_00352,1,2,100,0.467986798679868,0.834983498349835,0.16831683168316833,0.65,2819dec6d5faa0cfb46449b8cda9a6a5efe0d92584a58587d516ebf89b31e7c8
ra_static_equal_seed1,ra_static_equal,1,v40c_00353,1,2,100,0.7504950495049505,1.0,1.0,0.75,2819dec6d5faa0cfb46449b8cda9a6a5efe0d92584a58587d516ebf89b31e7c8
ra_static_equal_seed1,ra_static_equal,1,v40c_00354,1,2,100,0.7252475247524752,1.0,1.0,0.75,2819dec6d5faa0cfb46449b8cda9a6a5efe0d92584a58587d516ebf89b31e7c8
ra_static_equal_seed1,ra_static_equal,1,v40c_00355,1,2,100,0.600990099009901,1.0,0.2524752475247525,0.7,2819dec6d5faa0cfb46449b8cda9a6a5efe0d92584a58587d516ebf89b31e7c8
ra_static_equal_seed1,ra_static_equal,1,v40c_00356,1,2,100,0.8,1.0,1.0,0.8,2819dec6d5faa0cfb46449b8cda9a6a5efe0d92584a58587d516ebf89b31e7c8
ra_static_equal_seed1,ra_static_equal,1,v40c_00357,1,2,100,0.45115511551155113,0.834983498349835,0.16831683168316833,0.6,2819dec6d5faa0cfb46449b8cda9a6a5efe0d92584a58587d516ebf89b31e7c8
ra_static_equal_seed1,ra_static_equal,1,v40c_00358,1,2,100,0.6029702970297028,1.0,0.5049504950495048,0.6,2819dec6d5faa0cfb46449b8cda9a6a5efe0d92584a58587d516ebf89b31e7c8
ra_static_equal_seed1,ra_static_equal,1,v40c_00359,1,2,100,0.3262376237623762,1.0,0.2524752475247525,0.45,2819dec6d5faa0cfb46449b8cda9a6a5efe0d92584a58587d516ebf89b31e7c8
ra_static_equal_seed1,ra_static_equal,1,v40c_00360,1,2,100,0.36336633663366336,1.0,0.2524752475247525,0.65,2819dec6d5faa0cfb46449b8cda9a6a5efe0d92584a58587d516ebf89b31e7c8
ra_static_equal_seed1,ra_static_equal,1,v40c_00361,1,2,100,0.6022759418799023,1.0,0.5178089237495177,0.65,2819dec6d5faa0cfb46449b8cda9a6a5efe0d92584a58587d516ebf89b31e7c8
ra_static_equal_seed1,ra_static_equal,1,v40c_00362,1,2,100,0.4757425742574258,1.0,0.2524752475247525,0.55,2819dec6d5faa0cfb46449b8cda9a6a5efe0d92584a58587d516ebf89b31e7c8
ra_static_equal_seed1,ra_static_equal,1,v40c_00363,1,2,100,0.44240924092409245,1.0,0.2524752475247525,0.55,2819dec6d5faa0cfb46449b8cda9a6a5efe0d92584a58587d516ebf89b31e7c8
ra_static_equal_seed1,ra_static_equal,1,v40c_00364,1,1,100,0.35,0.5,0.5,0.7,2819dec6d5faa0cfb46449b8cda9a6a5efe0d92584a58587d516ebf89b31e7c8
ra_static_equal_seed1,ra_static_equal,1,v40c_00365,1,1,100,0.7,0.9999999999999999,0.9999999999999999,0.7,2819dec6d5faa0cfb46449b8cda9a6a5efe0d92584a58587d516ebf89b31e7c8
ra_static_equal_seed1,ra_static_equal,1,v40c_00366,1,1,100,0.5999999999999999,0.9999999999999999,0.9999999999999999,0.6,2819dec6d5faa0cfb46449b8cda9a6a5efe0d92584a58587d516ebf89b31e7c8
ra_static_equal_seed1,ra_static_equal,1,v40c_00367,1,1,100,0.7,0.9999999999999999,0.9999999999999999,0.7,2819dec6d5faa0cfb46449b8cda9a6a5efe0d92584a58587d516ebf89b31e7c8
ra_static_equal_seed1,ra_static_equal,1,v40c_00368,1,1,100,0.4999999999999999,0.9999999999999999,0.0,0.5,2819dec6d5faa0cfb46449b8cda9a6a5efe0d92584a58587d516ebf89b31e7c8
ra_static_equal_seed1,ra_static_equal,1,v40c_00369,1,1,100,0.31199999999999994,0.9999999999999999,0.039999999999999994,0.6,2819dec6d5faa0cfb46449b8cda9a6a5efe0d92584a58587d516ebf89b31e7c8
ra_static_equal_seed1,ra_static_equal,1,v40c_00370,1,1,100,0.7,0.9999999999999999,0.9999999999999999,0.7,2819dec6d5faa0cfb46449b8cda9a6a5efe0d92584a58587d516ebf89b31e7c8
ra_static_equal_seed1,ra_static_equal,1,v40c_00371,1,1,100,0.11000000000000001,0.25,0.033333333333333326,0.7,2819dec6d5faa0cfb46449b8cda9a6a5efe0d92584a58587d516ebf89b31e7c8
ra_static_equal_seed1,ra_static_equal,1,v40c_00372,1,1,100,0.30102040816326525,0.9999999999999999,0.0,0.4,2819dec6d5faa0cfb46449b8cda9a6a5efe0d92584a58587d516ebf89b31e7c8
ra_static_equal_seed1,ra_static_equal,1,v40c_00373,3,6,300,0.45852006253256905,1.0,0.379066478076379,0.65,2819dec6d5faa0cfb46449b8cda9a6a5efe0d92584a58587d516ebf89b31e7c8
ra_static_equal_seed1,ra_static_equal,1,v40c_00374,3,6,300,0.5248074807480748,1.0,0.4911991199119912,0.55,2819dec6d5faa0cfb46449b8cda9a6a5efe0d92584a58587d516ebf89b31e7c8
ra_static_equal_seed1,ra_static_equal,1,v40c_00375,1,2,100,0.6252475247524752,1.0,1.0,0.65,2819dec6d5faa0cfb46449b8cda9a6a5efe0d92584a58587d516ebf89b31e7c8
ra_static_equal_seed1,ra_static_equal,1,v40c_00376,2,4,200,0.7069306930693069,1.0,1.0,0.775,2819dec6d5faa0cfb46449b8cda9a6a5efe0d92584a58587d516ebf89b31e7c8
ra_static_equal_seed1,ra_static_equal,1,v40c_00377,1,2,100,0.7514851485148515,1.0,1.0,0.75,2819dec6d5faa0cfb46449b8cda9a6a5efe0d92584a58587d516ebf89b31e7c8
ra_static_equal_seed1,ra_static_equal,1,v40c_00397,2,6,200,0.5898428000694806,1.0,0.3787128712871287,0.6500000000000001,2819dec6d5faa0cfb46449b8cda9a6a5efe0d92584a58587d516ebf89b31e7c8
ra_static_equal_seed1,ra_static_equal,1,v40c_00398,1,3,100,0.6009900990099009,1.0,0.33663366336633654,0.6,2819dec6d5faa0cfb46449b8cda9a6a5efe0d92584a58587d516ebf89b31e7c8
ra_static_equal_seed1,ra_static_equal,1,v40c_00399,1,3,100,0.5108910891089109,1.0,0.5544554455445545,0.5333333333333333,2819dec6d5faa0cfb46449b8cda9a6a5efe0d92584a58587d516ebf89b31e7c8
ra_static_equal_seed1,ra_static_equal,1,v40c_00400,1,3,100,0.7,1.0,1.0,0.7,2819dec6d5faa0cfb46449b8cda9a6a5efe0d92584a58587d516ebf89b31e7c8
ra_static_equal_seed1,ra_static_equal,1,v40c_00401,1,3,100,0.7,1.0,1.0,0.7,2819dec6d5faa0cfb46449b8cda9a6a5efe0d92584a58587d516ebf89b31e7c8
ra_static_equal_seed1,ra_static_equal,1,v40c_00402,1,3,100,0.7316831683168317,1.0,0.6633663366336634,0.7333333333333333,2819dec6d5faa0cfb46449b8cda9a6a5efe0d92584a58587d516ebf89b31e7c8
ra_static_equal_seed1,ra_static_equal,1,v40c_00403,1,3,100,0.7326732673267327,1.0,1.0,0.7333333333333333,2819dec6d5faa0cfb46449b8cda9a6a5efe0d92584a58587d516ebf89b31e7c8
ra_static_equal_seed1,ra_static_equal,1,v40c_00404,1,3,100,0.6355304101838753,0.865346534653465,0.6633663366336634,0.7333333333333333,2819dec6d5faa0cfb46449b8cda9a6a5efe0d92584a58587d516ebf89b31e7c8
ra_static_equal_seed1,ra_static_equal,1,v40c_00405,1,3,100,0.5381188118811882,0.9158415841584159,0.7475247524752475,0.7333333333333333,2819dec6d5faa0cfb46449b8cda9a6a5efe0d92584a58587d516ebf89b31e7c8
ra_static_equal_seed1,ra_static_equal,1,v40c_00406,1,4,100,0.6297029702970296,0.9504950495049505,0.9504950495049505,0.7,2819dec6d5faa0cfb46449b8cda9a6a5efe0d92584a58587d516ebf89b31e7c8
ra_static_equal_seed1,ra_static_equal,1,v40c_00407,1,4,100,0.6285085651422284,0.8939179632248937,0.7524752475247525,0.7,2819dec6d5faa0cfb46449b8cda9a6a5efe0d92584a58587d516ebf89b31e7c8
ra_static_equal_seed1,ra_static_equal,1,v40c_00408,1,4,100,0.6356435643564358,0.834983498349835,0.7524752475247525,0.75,2819dec6d5faa0cfb46449b8cda9a6a5efe0d92584a58587d516ebf89b31e7c8
ra_static_equal_seed1,ra_static_equal,1,v40c_00409,1,3,100,0.8,1.0,1.0,0.8,2819dec6d5faa0cfb46449b8cda9a6a5efe0d92584a58587d516ebf89b31e7c8
ra_static_equal_seed1,ra_static_equal,1,v40c_00410,1,4,100,0.6114097123998113,0.8939179632248937,0.7524752475247525,0.675,2819dec6d5faa0cfb46449b8cda9a6a5efe0d92584a58587d516ebf89b31e7c8
ra_static_equal_seed1,ra_static_equal,1,v40c_00411,1,4,100,0.4906353135313532,0.8143564356435643,0.33663366336633666,0.6,2819dec6d5faa0cfb46449b8cda9a6a5efe0d92584a58587d516ebf89b31e7c8
ra_static_equal_seed1,ra_static_equal,1,v40c_00412,1,3,100,0.5913248467703913,1.0,0.4422442244224422,0.7,2819dec6d5faa0cfb46449b8cda9a6a5efe0d92584a58587d516ebf89b31e7c8
ra_static_equal_seed1,ra_static_equal,1,v40c_00413,1,3,100,0.6554455445544555,1.0,1.0,0.7,2819dec6d5faa0cfb46449b8cda9a6a5efe0d92584a58587d516ebf89b31e7c8
ra_static_equal_seed1,ra_static_equal,1,v40c_00414,1,3,100,0.8168316831683168,1.0,1.0,0.8333333333333334,2819dec6d5faa0cfb46449b8cda9a6a5efe0d92584a58587d516ebf89b31e7c8
ra_static_equal_seed1,ra_static_equal,1,v40c_00415,1,3,100,0.5336633663366337,1.0,0.33663366336633654,0.5333333333333333,2819dec6d5faa0cfb46449b8cda9a6a5efe0d92584a58587d516ebf89b31e7c8
ra_static_equal_seed1,ra_static_equal,1,v40c_00416,1,4,100,0.6514851485148514,1.0,0.9504950495049505,0.725,2819dec6d5faa0cfb46449b8cda9a6a5efe0d92584a58587d516ebf89b31e7c8
ra_static_equal_seed1,ra_static_equal,1,v40c_00417,1,4,100,0.6209951764407211,1.0,0.7905559786747908,0.7,2819dec6d5faa0cfb46449b8cda9a6a5efe0d92584a58587d516ebf89b31e7c8
ra_static_equal_seed1,ra_static_equal,1,v40c_00418,1,4,100,0.6432343234323432,1.0,0.7524752475247525,0.65,2819dec6d5faa0cfb46449b8cda9a6a5efe0d92584a58587d516ebf89b31e7c8
ra_static_equal_seed1,ra_static_equal,1,v40c_00419,4,17,400,0.5938932780938421,0.9902522760015938,0.5885302815995885,0.6352941176470588,2819dec6d5faa0cfb46449b8cda9a6a5efe0d92584a58587d516ebf89b31e7c8
ra_static_equal_seed1,ra_static_equal,1,v40c_00420,1,4,100,0.7633663366336634,1.0,1.0,0.775,2819dec6d5faa0cfb46449b8cda9a6a5efe0d92584a58587d516ebf89b31e7c8
ra_static_equal_seed1,ra_static_equal,1,v40c_00421,1,4,100,0.800990099009901,1.0,0.7524752475247525,0.8,2819dec6d5faa0cfb46449b8cda9a6a5efe0d92584a58587d516ebf89b31e7c8
ra_static_equal_seed1,ra_static_equal,1,v40c_00422,1,4,100,0.7597359735973598,1.0,1.0,0.775,2819dec6d5faa0cfb46449b8cda9a6a5efe0d92584a58587d516ebf89b31e7c8
ra_static_equal_seed1,ra_static_equal,1,v40c_00423,1,4,100,0.7762376237623763,1.0,1.0,0.8,2819dec6d5faa0cfb46449b8cda9a6a5efe0d92584a58587d516ebf89b31e7c8
ra_static_equal_seed1,ra_static_equal,1,v40c_00424,2,8,200,0.7575671852899576,1.0,0.8712871287128713,0.7875,2819dec6d5faa0cfb46449b8cda9a6a5efe0d92584a58587d516ebf89b31e7c8
ra_static_equal_seed1,ra_static_equal,1,v40c_00425,1,4,100,0.8752475247524754,1.0,1.0,0.875,2819dec6d5faa0cfb46449b8cda9a6a5efe0d92584a58587d516ebf89b31e7c8
ra_static_equal_seed1,ra_static_equal,1,v40c_00426,1,4,100,0.8089108910891089,1.0,1.0,0.825,2819dec6d5faa0cfb46449b8cda9a6a5efe0d92584a58587d516ebf89b31e7c8
ra_static_equal_seed1,ra_static_equal,1,v40c_00427,1,4,100,0.7633663366336634,1.0,1.0,0.775,2819dec6d5faa0cfb46449b8cda9a6a5efe0d92584a58587d516ebf89b31e7c8
ra_static_equal_seed1,ra_static_equal,1,v40c_00428,1,5,100,0.5545739987641726,0.84006092916984,0.801980198019802,0.62,2819dec6d5faa0cfb46449b8cda9a6a5efe0d92584a58587d516ebf89b31e7c8
ra_static_equal_seed1,ra_static_equal,1,v40c_00429,4,17,400,0.6544562409101551,0.9797688747202893,0.8570125809573438,0.711764705882353,2819dec6d5faa0cfb46449b8cda9a6a5efe0d92584a58587d516ebf89b31e7c8
ra_static_equal_seed1,ra_static_equal,1,v40c_00430,1,5,100,0.5781078107810782,0.801980198019802,0.6039603960396039,0.6,2819dec6d5faa0cfb46449b8cda9a6a5efe0d92584a58587d516ebf89b31e7c8
ra_static_equal_seed1,ra_static_equal,1,v40c_00431,1,5,100,0.5848184818481847,0.933993399339934,0.6039603960396039,0.6799999999999999,2819dec6d5faa0cfb46449b8cda9a6a5efe0d92584a58587d516ebf89b31e7c8
ra_static_equal_seed1,ra_static_equal,1,v40c_00432,1,5,100,0.7311881188118812,1.0,0.801980198019802,0.76,2819dec6d5faa0cfb46449b8cda9a6a5efe0d92584a58587d516ebf89b31e7c8
ra_static_equal_seed1,ra_static_equal,1,v40c_00433,1,5,100,0.6820462046204621,1.0,1.0,0.74,2819dec6d5faa0cfb46449b8cda9a6a5efe0d92584a58587d516ebf89b31e7c8
ra_static_equal_seed1,ra_static_equal,1,v40c_00434,1,5,100,0.6145214521452143,0.9669966996699667,0.7359735973597358,0.6599999999999999,2819dec6d5faa0cfb46449b8cda9a6a5efe0d92584a58587d516ebf89b31e7c8
ra_static_equal_seed1,ra_static_equal,1,v40c_00435,1,4,100,0.6475907590759076,0.9504950495049505,0.9504950495049505,0.725,2819dec6d5faa0cfb46449b8cda9a6a5efe0d92584a58587d516ebf89b31e7c8
ra_static_equal_seed1,ra_static_equal,1,v40c_00436,1,5,100,0.6469141914191419,1.0,0.6415841584158416,0.7,2819dec6d5faa0cfb46449b8cda9a6a5efe0d92584a58587d516ebf89b31e7c8
ra_static_equal_seed1,ra_static_equal,1,v40c_00437,1,5,100,0.685891089108911,1.0,0.801980198019802,0.72,2819dec6d5faa0cfb46449b8cda9a6a5efe0d92584a58587d516ebf89b31e7c8
ra_static_equal_seed1,ra_static_equal,1,v40c_00438,1,5,100,0.7023927392739272,0.9669966996699667,0.9669966996699667,0.76,2819dec6d5faa0cfb46449b8cda9a6a5efe0d92584a58587d516ebf89b31e7c8
ra_static_equal_seed1,ra_static_equal,1,v40c_00439,1,5,100,0.7206930693069307,1.0,1.0,0.78,2819dec6d5faa0cfb46449b8cda9a6a5efe0d92584a58587d516ebf89b31e7c8
ra_static_equal_seed1,ra_static_equal,1,v40c_00440,7,35,700,0.6357801106197576,1.0,0.8136329762008458,0.6971428571428572,2819dec6d5faa0cfb46449b8cda9a6a5efe0d92584a58587d516ebf89b31e7c8
ra_static_equal_seed1,ra_static_equal,1,v40c_00441,1,5,100,0.7206930693069307,1.0,1.0,0.78,2819dec6d5faa0cfb46449b8cda9a6a5efe0d92584a58587d516ebf89b31e7c8
ra_static_equal_seed1,ra_static_equal,1,v40c_00442,1,5,100,0.7811881188118812,1.0,0.801980198019802,0.78,2819dec6d5faa0cfb46449b8cda9a6a5efe0d92584a58587d516ebf89b31e7c8
ra_static_equal_seed1,ra_static_equal,1,v40c_00443,1,5,100,0.6792904290429043,1.0,1.0,0.72,2819dec6d5faa0cfb46449b8cda9a6a5efe0d92584a58587d516ebf89b31e7c8
ra_static_equal_seed1,ra_static_equal,1,v40c_00444,3,15,300,0.7666784535596418,1.0,1.0,0.8133333333333332,2819dec6d5faa0cfb46449b8cda9a6a5efe0d92584a58587d516ebf89b31e7c8
ra_static_equal_seed1,ra_static_equal,1,v40c_00454,19,92,1900,0.6096849926605465,0.953672647031524,0.7185302177609715,0.7010869565217391,2819dec6d5faa0cfb46449b8cda9a6a5efe0d92584a58587d516ebf89b31e7c8
ra_static_equal_seed1,ra_static_equal,1,v40c_00455,1,6,100,0.6229775078348174,0.9519094766619522,0.8234323432343239,0.7666666666666667,2819dec6d5faa0cfb46449b8cda9a6a5efe0d92584a58587d516ebf89b31e7c8
ra_static_equal_seed1,ra_static_equal,1,v40c_00456,2,11,200,0.676087114205926,0.9101838755304098,0.8437057991513438,0.7454545454545454,2819dec6d5faa0cfb46449b8cda9a6a5efe0d92584a58587d516ebf89b31e7c8
ra_static_equal_seed1,ra_static_equal,1,v40c_00457,1,6,100,0.6024752475247526,1.0,0.4843234323432344,0.6666666666666666,2819dec6d5faa0cfb46449b8cda9a6a5efe0d92584a58587d516ebf89b31e7c8
ra_static_equal_seed1,ra_static_equal,1,v40c_00458,1,5,100,0.5336633663366336,0.8679867986798677,0.40594059405940597,0.6799999999999999,2819dec6d5faa0cfb46449b8cda9a6a5efe0d92584a58587d516ebf89b31e7c8
ra_static_equal_seed1,ra_static_equal,1,v40c_00459,1,5,100,0.645984598459846,1.0,0.801980198019802,0.6799999999999999,2819dec6d5faa0cfb46449b8cda9a6a5efe0d92584a58587d516ebf89b31e7c8
ra_static_equal_seed1,ra_static_equal,1,v40c_00460,1,5,100,0.5799504950495049,1.0,0.8638613861386139,0.72,2819dec6d5faa0cfb46449b8cda9a6a5efe0d92584a58587d516ebf89b31e7c8
ra_static_equal_seed1,ra_static_equal,1,v40c_00461,1,5,100,0.6973293381969774,1.0,0.8540906722251169,0.78,2819dec6d5faa0cfb46449b8cda9a6a5efe0d92584a58587d516ebf89b31e7c8
ra_static_equal_seed1,ra_static_equal,1,v40c_00462,1,4,100,0.700990099009901,1.0,1.0,0.7,2819dec6d5faa0cfb46449b8cda9a6a5efe0d92584a58587d516ebf89b31e7c8
ra_static_equal_seed1,ra_static_equal,1,v40c_00463,1,5,100,0.6764356435643564,1.0,1.0,0.7,2819dec6d5faa0cfb46449b8cda9a6a5efe0d92584a58587d516ebf89b31e7c8
ra_static_equal_seed1,ra_static_equal,1,v40c_00464,2,10,200,0.7432343234323432,1.0,0.8811881188118812,0.76,2819dec6d5faa0cfb46449b8cda9a6a5efe0d92584a58587d516ebf89b31e7c8
ra_static_equal_seed1,ra_static_equal,1,v40c_00465,2,9,200,0.6617799779977999,0.9772277227722775,0.7722772277227723,0.6888888888888889,2819dec6d5faa0cfb46449b8cda9a6a5efe0d92584a58587d516ebf89b31e7c8
ra_static_equal_seed1,ra_static_equal,1,v40c_00466,1,4,100,0.7762376237623763,1.0,1.0,0.775,2819dec6d5faa0cfb46449b8cda9a6a5efe0d92584a58587d516ebf89b31e7c8
ra_static_equal_seed1,ra_static_equal,1,v40c_00467,1,4,100,0.7257425742574257,1.0,1.0,0.725,2819dec6d5faa0cfb46449b8cda9a6a5efe0d92584a58587d516ebf89b31e7c8
ra_static_equal_seed1,ra_static_equal,1,v40c_00468,1,5,100,0.700990099009901,1.0,1.0,0.72,2819dec6d5faa0cfb46449b8cda9a6a5efe0d92584a58587d516ebf89b31e7c8
ra_static_equal_seed1,ra_static_equal,1,v40c_00469,1,5,100,0.7069306930693069,1.0,0.5544554455445545,0.72,2819dec6d5faa0cfb46449b8cda9a6a5efe0d92584a58587d516ebf89b31e7c8
ra_static_equal_seed1,ra_static_equal,1,v40c_00470,3,14,300,0.6578615756312474,1.0,0.5337533753375338,0.6714285714285715,2819dec6d5faa0cfb46449b8cda9a6a5efe0d92584a58587d516ebf89b31e7c8
ra_static_equal_seed1,ra_static_equal,1,v40c_00471,1,4,100,0.7648514851485148,1.0,0.6905940594059405,0.775,2819dec6d5faa0cfb46449b8cda9a6a5efe0d92584a58587d516ebf89b31e7c8
ra_static_equal_seed1,ra_static_equal,1,v40c_00472,1,5,100,0.5096613232751847,0.9038189533239035,0.5357535753575356,0.6000000000000001,2819dec6d5faa0cfb46449b8cda9a6a5efe0d92584a58587d516ebf89b31e7c8
ra_static_equal_seed1,ra_static_equal,1,v40c_00473,1,5,100,0.6594059405940594,1.0,0.6336633663366337,0.6799999999999999,2819dec6d5faa0cfb46449b8cda9a6a5efe0d92584a58587d516ebf89b31e7c8
ra_static_equal_seed1,ra_static_equal,1,v40c_00474,2,9,200,0.6317774634606317,0.9575671852899573,0.7722772277227723,0.6666666666666666,2819dec6d5faa0cfb46449b8cda9a6a5efe0d92584a58587d516ebf89b31e7c8
ra_static_equal_seed1,ra_static_equal,1,v40c_00475,2,8,200,0.6245403111739745,0.9448373408769447,0.5825082508250825,0.6875,2819dec6d5faa0cfb46449b8cda9a6a5efe0d92584a58587d516ebf89b31e7c8
ra_static_equal_seed1,ra_static_equal,1,v40c_00476,1,4,100,0.6762376237623762,1.0,1.0,0.675,2819dec6d5faa0cfb46449b8cda9a6a5efe0d92584a58587d516ebf89b31e7c8
ra_static_equal_seed1,ra_static_equal,1,v40c_00477,2,8,200,0.6079683094359856,0.9856985698569856,0.7510608203677511,0.65,2819dec6d5faa0cfb46449b8cda9a6a5efe0d92584a58587d516ebf89b31e7c8
ra_static_equal_seed1,ra_static_equal,1,v40c_00478,1,4,100,0.6762376237623762,1.0,0.7524752475247525,0.675,2819dec6d5faa0cfb46449b8cda9a6a5efe0d92584a58587d516ebf89b31e7c8
ra_static_equal_seed1,ra_static_equal,1,v40c_00479,1,4,100,0.49834983498349833,0.9174917491749175,0.504950495049505,0.525,2819dec6d5faa0cfb46449b8cda9a6a5efe0d92584a58587d516ebf89b31e7c8
ra_static_equal_seed1,ra_static_equal,1,v40c_00480,2,8,200,0.6011551155115511,0.8945727906123943,0.6325632563256325,0.675,2819dec6d5faa0cfb46449b8cda9a6a5efe0d92584a58587d516ebf89b31e7c8
ra_static_equal_seed1,ra_static_equal,1,v40c_00481,3,12,300,0.6691648346019271,0.9666430928807166,0.6967653211314162,0.7250000000000001,2819dec6d5faa0cfb46449b8cda9a6a5efe0d92584a58587d516ebf89b31e7c8
ra_static_equal_seed1,ra_static_equal,1,v40c_00482,1,3,100,0.6316831683168317,1.0,0.6633663366336634,0.6333333333333333,2819dec6d5faa0cfb46449b8cda9a6a5efe0d92584a58587d516ebf89b31e7c8
ra_static_equal_seed1,ra_static_equal,1,v40c_00483,6,18,600,0.689476021778002,0.9882131070249883,0.875959024473876,0.7444444444444445,2819dec6d5faa0cfb46449b8cda9a6a5efe0d92584a58587d516ebf89b31e7c8
ra_static_equal_seed1,ra_static_equal,1,v40c_00484,1,3,100,0.7158415841584158,1.0,0.6633663366336634,0.7333333333333333,2819dec6d5faa0cfb46449b8cda9a6a5efe0d92584a58587d516ebf89b31e7c8
ra_static_equal_seed1,ra_static_equal,1,v40c_00485,1,3,100,0.7831683168316832,1.0,1.0,0.7999999999999999,2819dec6d5faa0cfb46449b8cda9a6a5efe0d92584a58587d516ebf89b31e7c8
ra_static_equal_seed1,ra_static_equal,1,v40c_00486,1,3,100,0.7326732673267327,1.0,0.6633663366336634,0.7333333333333333,2819dec6d5faa0cfb46449b8cda9a6a5efe0d92584a58587d516ebf89b31e7c8
ra_static_equal_seed1,ra_static_equal,1,v40c_00487,1,3,100,0.7326732673267327,1.0,1.0,0.7333333333333333,2819dec6d5faa0cfb46449b8cda9a6a5efe0d92584a58587d516ebf89b31e7c8
ra_static_equal_seed1,ra_static_equal,1,v40c_00488,1,3,100,0.7326732673267327,1.0,0.6633663366336634,0.7333333333333333,2819dec6d5faa0cfb46449b8cda9a6a5efe0d92584a58587d516ebf89b31e7c8
ra_static_equal_seed1,ra_static_equal,1,v40c_00489,1,3,100,0.7,1.0,1.0,0.7,2819dec6d5faa0cfb46449b8cda9a6a5efe0d92584a58587d516ebf89b31e7c8
ra_static_equal_seed1,ra_static_equal,1,v40c_00490,1,3,100,0.7336633663366336,1.0,1.0,0.7333333333333333,2819dec6d5faa0cfb46449b8cda9a6a5efe0d92584a58587d516ebf89b31e7c8
ra_static_equal_seed1,ra_static_equal,1,v40c_00491,2,6,200,0.7915841584158415,1.0,1.0,0.7999999999999999,2819dec6d5faa0cfb46449b8cda9a6a5efe0d92584a58587d516ebf89b31e7c8
ra_static_equal_seed1,ra_static_equal,1,v40c_00492,1,3,100,0.7653465346534654,1.0,0.6633663366336634,0.7666666666666667,2819dec6d5faa0cfb46449b8cda9a6a5efe0d92584a58587d516ebf89b31e7c8
ra_static_equal_seed1,ra_static_equal,1,v40c_00493,1,3,100,0.699009900990099,1.0,0.6633663366336634,0.7,2819dec6d5faa0cfb46449b8cda9a6a5efe0d92584a58587d516ebf89b31e7c8
ra_static_equal_seed1,ra_static_equal,1,v40c_00494,1,3,100,0.7663366336633664,1.0,1.0,0.7666666666666666,2819dec6d5faa0cfb46449b8cda9a6a5efe0d92584a58587d516ebf89b31e7c8
ra_static_equal_seed1,ra_static_equal,1,v40c_00526,5,0,500,0.0,0.0,0.0,0.0,2819dec6d5faa0cfb46449b8cda9a6a5efe0d92584a58587d516ebf89b31e7c8
ra_static_equal_seed1,ra_static_equal,1,v40c_00596,6,0,600,0.0,0.0,0.0,0.0,2819dec6d5faa0cfb46449b8cda9a6a5efe0d92584a58587d516ebf89b31e7c8
ra_static_equal_seed1,ra_static_equal,1,v40c_00612,24,2,2400,0.6181518151815182,0.834983498349835,0.834983498349835,0.8,2819dec6d5faa0cfb46449b8cda9a6a5efe0d92584a58587d516ebf89b31e7c8
ra_static_equal_seed1,ra_static_equal,1,v40c_00613,1,1,100,0.5999999999999999,0.9999999999999999,0.9999999999999999,0.6,2819dec6d5faa0cfb46449b8cda9a6a5efe0d92584a58587d516ebf89b31e7c8
ra_static_equal_seed1,ra_static_equal,1,v40c_00614,1,1,100,0.5999999999999999,0.9999999999999999,0.9999999999999999,0.6,2819dec6d5faa0cfb46449b8cda9a6a5efe0d92584a58587d516ebf89b31e7c8
ra_static_equal_seed1,ra_static_equal,1,v40c_00615,1,1,100,0.4999999999999999,0.9999999999999999,0.0,0.5,2819dec6d5faa0cfb46449b8cda9a6a5efe0d92584a58587d516ebf89b31e7c8
ra_static_equal_seed1,ra_static_equal,1,v40c_00616,1,1,100,0.5999999999999999,0.9999999999999999,0.9999999999999999,0.6,2819dec6d5faa0cfb46449b8cda9a6a5efe0d92584a58587d516ebf89b31e7c8
ra_static_equal_seed1,ra_static_equal,1,v40c_00617,1,1,100,0.4999999999999999,0.9999999999999999,0.0,0.5,2819dec6d5faa0cfb46449b8cda9a6a5efe0d92584a58587d516ebf89b31e7c8
ra_static_equal_seed1,ra_static_equal,1,v40c_00618,7,7,700,0.6381188118811881,1.0,1.0,0.6571428571428571,2819dec6d5faa0cfb46449b8cda9a6a5efe0d92584a58587d516ebf89b31e7c8
ra_static_equal_seed1,ra_static_equal,1,v40c_00619,1,1,100,0.7,0.9999999999999999,0.9999999999999999,0.7,2819dec6d5faa0cfb46449b8cda9a6a5efe0d92584a58587d516ebf89b31e7c8
ra_static_equal_seed1,ra_static_equal,1,v40c_00620,2,4,200,0.6133663366336634,1.0,0.5643564356435643,0.7,2819dec6d5faa0cfb46449b8cda9a6a5efe0d92584a58587d516ebf89b31e7c8
ra_static_equal_seed1,ra_static_equal,1,v40c_00621,1,2,100,0.7,1.0,1.0,0.7,2819dec6d5faa0cfb46449b8cda9a6a5efe0d92584a58587d516ebf89b31e7c8
ra_static_equal_seed1,ra_static_equal,1,v40c_00622,3,6,300,0.7475907590759076,1.0,1.0,0.7833333333333333,2819dec6d5faa0cfb46449b8cda9a6a5efe0d92584a58587d516ebf89b31e7c8
ra_static_equal_seed1,ra_static_equal,1,v40c_00623,1,2,100,0.6504950495049504,1.0,1.0,0.65,2819dec6d5faa0cfb46449b8cda9a6a5efe0d92584a58587d516ebf89b31e7c8
ra_static_equal_seed1,ra_static_equal,1,v40c_00624,1,2,100,0.7504950495049505,1.0,1.0,0.75,2819dec6d5faa0cfb46449b8cda9a6a5efe0d92584a58587d516ebf89b31e7c8
ra_static_equal_seed1,ra_static_equal,1,v40c_00625,1,2,100,0.700990099009901,1.0,1.0,0.7,2819dec6d5faa0cfb46449b8cda9a6a5efe0d92584a58587d516ebf89b31e7c8
ra_static_equal_seed1,ra_static_equal,1,v40c_00626,1,2,100,0.6504950495049504,1.0,1.0,0.7,2819dec6d5faa0cfb46449b8cda9a6a5efe0d92584a58587d516ebf89b31e7c8
ra_static_equal_seed1,ra_static_equal,1,v40c_00627,1,1,100,0.25,0.5,0.0,0.5,2819dec6d5faa0cfb46449b8cda9a6a5efe0d92584a58587d516ebf89b31e7c8
ra_static_equal_seed1,ra_static_equal,1,v40c_00628,1,2,100,0.4252475247524753,0.6666666666666669,0.6666666666666669,0.65,2819dec6d5faa0cfb46449b8cda9a6a5efe0d92584a58587d516ebf89b31e7c8
ra_static_equal_seed1,ra_static_equal,1,v40c_00629,1,2,100,0.2673267326732674,0.41749174917491755,0.41749174917491755,0.7,2819dec6d5faa0cfb46449b8cda9a6a5efe0d92584a58587d516ebf89b31e7c8
ra_static_equal_seed1,ra_static_equal,1,v40c_00630,2,3,200,0.25166793602437176,0.5450114242193452,0.0,0.4333333333333333,2819dec6d5faa0cfb46449b8cda9a6a5efe0d92584a58587d516ebf89b31e7c8
ra_static_equal_seed1,ra_static_equal,1,v40c_00631,1,1,100,0.45,0.5,0.5,0.9,2819dec6d5faa0cfb46449b8cda9a6a5efe0d92584a58587d516ebf89b31e7c8
ra_static_equal_seed1,ra_static_equal,1,v40c_00632,1,0,100,0.0,0.0,0.0,0.0,2819dec6d5faa0cfb46449b8cda9a6a5efe0d92584a58587d516ebf89b31e7c8
ra_static_equal_seed1,ra_static_equal,1,v40c_00633,1,1,100,0.7,0.9999999999999999,0.9999999999999999,0.7,2819dec6d5faa0cfb46449b8cda9a6a5efe0d92584a58587d516ebf89b31e7c8
ra_static_equal_seed1,ra_static_equal,1,v40c_00634,1,1,100,0.7,0.9999999999999999,0.9999999999999999,0.7,2819dec6d5faa0cfb46449b8cda9a6a5efe0d92584a58587d516ebf89b31e7c8
ra_static_equal_seed1,ra_static_equal,1,v40c_00635,3,0,300,0.0,0.0,0.0,0.0,2819dec6d5faa0cfb46449b8cda9a6a5efe0d92584a58587d516ebf89b31e7c8
ra_static_equal_seed1,ra_static_equal,1,v40c_00636,1,1,100,0.8999999999999998,0.9999999999999999,0.9999999999999999,0.9,2819dec6d5faa0cfb46449b8cda9a6a5efe0d92584a58587d516ebf89b31e7c8
ra_static_equal_seed1,ra_static_equal,1,v40c_00637,1,1,100,0.7999999999999999,0.9999999999999999,0.9999999999999999,0.8,2819dec6d5faa0cfb46449b8cda9a6a5efe0d92584a58587d516ebf89b31e7c8
ra_static_equal_seed1,ra_static_equal,1,v40c_00638,1,1,100,0.7,0.9999999999999999,0.9999999999999999,0.7,2819dec6d5faa0cfb46449b8cda9a6a5efe0d92584a58587d516ebf89b31e7c8
ra_static_equal_seed1,ra_static_equal,1,v40c_00639,1,1,100,0.5999999999999999,0.9999999999999999,0.9999999999999999,0.6,2819dec6d5faa0cfb46449b8cda9a6a5efe0d92584a58587d516ebf89b31e7c8
ra_static_equal_seed1,ra_static_equal,1,v40c_00640,1,1,100,0.7,0.9999999999999999,0.9999999999999999,0.7,2819dec6d5faa0cfb46449b8cda9a6a5efe0d92584a58587d516ebf89b31e7c8
ra_static_equal_seed1,ra_static_equal,1,v40c_00660,2,4,200,0.767986798679868,1.0,1.0,0.775,2819dec6d5faa0cfb46449b8cda9a6a5efe0d92584a58587d516ebf89b31e7c8
ra_static_equal_seed1,ra_static_equal,1,v40c_01063,1,0,100,0.0,0.0,0.0,0.0,2819dec6d5faa0cfb46449b8cda9a6a5efe0d92584a58587d516ebf89b31e7c8
ra_static_equal_seed1,ra_static_equal,1,v40c_01064,1,0,100,0.0,0.0,0.0,0.0,2819dec6d5faa0cfb46449b8cda9a6a5efe0d92584a58587d516ebf89b31e7c8
ra_static_equal_seed1,ra_static_equal,1,v40c_01065,1,0,100,0.0,0.0,0.0,0.0,2819dec6d5faa0cfb46449b8cda9a6a5efe0d92584a58587d516ebf89b31e7c8
ra_static_equal_seed1,ra_static_equal,1,v40c_01066,1,0,100,0.0,0.0,0.0,0.0,2819dec6d5faa0cfb46449b8cda9a6a5efe0d92584a58587d516ebf89b31e7c8
ra_static_equal_seed1,ra_static_equal,1,v40c_01067,1,0,100,0.0,0.0,0.0,0.0,2819dec6d5faa0cfb46449b8cda9a6a5efe0d92584a58587d516ebf89b31e7c8
ra_static_equal_seed1,ra_static_equal,1,v40c_01068,1,0,100,0.0,0.0,0.0,0.0,2819dec6d5faa0cfb46449b8cda9a6a5efe0d92584a58587d516ebf89b31e7c8
ra_static_equal_seed1,ra_static_equal,1,v40c_01069,1,0,100,0.0,0.0,0.0,0.0,2819dec6d5faa0cfb46449b8cda9a6a5efe0d92584a58587d516ebf89b31e7c8
ra_static_equal_seed1,ra_static_equal,1,v40c_01070,1,0,100,0.0,0.0,0.0,0.0,2819dec6d5faa0cfb46449b8cda9a6a5efe0d92584a58587d516ebf89b31e7c8
ra_static_equal_seed1,ra_static_equal,1,v40c_01071,1,0,100,0.0,0.0,0.0,0.0,2819dec6d5faa0cfb46449b8cda9a6a5efe0d92584a58587d516ebf89b31e7c8
ra_static_equal_seed1,ra_static_equal,1,v40c_01072,1,0,100,0.0,0.0,0.0,0.0,2819dec6d5faa0cfb46449b8cda9a6a5efe0d92584a58587d516ebf89b31e7c8
ra_static_equal_seed1,ra_static_equal,1,v40c_01073,1,0,100,0.0,0.0,0.0,0.0,2819dec6d5faa0cfb46449b8cda9a6a5efe0d92584a58587d516ebf89b31e7c8
ra_static_equal_seed1,ra_static_equal,1,v40c_01074,3,0,300,0.0,0.0,0.0,0.0,2819dec6d5faa0cfb46449b8cda9a6a5efe0d92584a58587d516ebf89b31e7c8
ra_static_equal_seed1,ra_static_equal,1,v40c_01075,1,0,100,0.0,0.0,0.0,0.0,2819dec6d5faa0cfb46449b8cda9a6a5efe0d92584a58587d516ebf89b31e7c8
ra_static_equal_seed1,ra_static_equal,1,v40c_01076,2,0,200,0.0,0.0,0.0,0.0,2819dec6d5faa0cfb46449b8cda9a6a5efe0d92584a58587d516ebf89b31e7c8
ra_static_equal_seed1,ra_static_equal,1,v40c_01077,1,0,100,0.0,0.0,0.0,0.0,2819dec6d5faa0cfb46449b8cda9a6a5efe0d92584a58587d516ebf89b31e7c8
ra_static_equal_seed1,ra_static_equal,1,v40c_01078,1,0,100,0.0,0.0,0.0,0.0,2819dec6d5faa0cfb46449b8cda9a6a5efe0d92584a58587d516ebf89b31e7c8
ra_static_equal_seed1,ra_static_equal,1,v40c_01079,1,0,100,0.0,0.0,0.0,0.0,2819dec6d5faa0cfb46449b8cda9a6a5efe0d92584a58587d516ebf89b31e7c8
ra_static_equal_seed1,ra_static_equal,1,v40c_01080,3,0,300,0.0,0.0,0.0,0.0,2819dec6d5faa0cfb46449b8cda9a6a5efe0d92584a58587d516ebf89b31e7c8
ra_static_equal_seed1,ra_static_equal,1,v40c_01081,1,0,100,0.0,0.0,0.0,0.0,2819dec6d5faa0cfb46449b8cda9a6a5efe0d92584a58587d516ebf89b31e7c8
ra_static_equal_seed1,ra_static_equal,1,v40c_01082,1,0,100,0.0,0.0,0.0,0.0,2819dec6d5faa0cfb46449b8cda9a6a5efe0d92584a58587d516ebf89b31e7c8
ra_static_equal_seed1,ra_static_equal,1,v40c_01083,1,0,100,0.0,0.0,0.0,0.0,2819dec6d5faa0cfb46449b8cda9a6a5efe0d92584a58587d516ebf89b31e7c8
ra_static_equal_seed1,ra_static_equal,1,v40c_01084,3,0,300,0.0,0.0,0.0,0.0,2819dec6d5faa0cfb46449b8cda9a6a5efe0d92584a58587d516ebf89b31e7c8
ra_static_equal_seed1,ra_static_equal,1,v40c_01085,1,1,100,0.5999999999999999,0.9999999999999999,0.9999999999999999,0.6,2819dec6d5faa0cfb46449b8cda9a6a5efe0d92584a58587d516ebf89b31e7c8
ra_static_equal_seed1,ra_static_equal,1,v40c_01086,1,0,100,0.0,0.0,0.0,0.0,2819dec6d5faa0cfb46449b8cda9a6a5efe0d92584a58587d516ebf89b31e7c8
ra_static_equal_seed1,ra_static_equal,1,v40c_01087,1,0,100,0.0,0.0,0.0,0.0,2819dec6d5faa0cfb46449b8cda9a6a5efe0d92584a58587d516ebf89b31e7c8
ra_static_equal_seed1,ra_static_equal,1,v40c_01088,1,1,100,0.7999999999999999,0.9999999999999999,0.9999999999999999,0.8,2819dec6d5faa0cfb46449b8cda9a6a5efe0d92584a58587d516ebf89b31e7c8
ra_static_equal_seed1,ra_static_equal,1,v40c_01089,1,1,100,0.8999999999999998,0.9999999999999999,0.9999999999999999,0.9,2819dec6d5faa0cfb46449b8cda9a6a5efe0d92584a58587d516ebf89b31e7c8
ra_static_equal_seed1,ra_static_equal,1,v40c_01090,1,1,100,0.7,0.9999999999999999,0.9999999999999999,0.7,2819dec6d5faa0cfb46449b8cda9a6a5efe0d92584a58587d516ebf89b31e7c8
ra_static_equal_seed1,ra_static_equal,1,v40c_01091,1,1,100,0.7,0.9999999999999999,0.9999999999999999,0.7,2819dec6d5faa0cfb46449b8cda9a6a5efe0d92584a58587d516ebf89b31e7c8
ra_static_equal_seed1,ra_static_equal,1,v40c_01092,1,1,100,0.5999999999999999,0.9999999999999999,0.9999999999999999,0.6,2819dec6d5faa0cfb46449b8cda9a6a5efe0d92584a58587d516ebf89b31e7c8
ra_static_equal_seed1,ra_static_equal,1,v40c_01093,1,1,100,0.4999999999999999,0.9999999999999999,0.0,0.5,2819dec6d5faa0cfb46449b8cda9a6a5efe0d92584a58587d516ebf89b31e7c8
ra_static_equal_seed1,ra_static_equal,1,v40c_01094,1,1,100,0.7,0.9999999999999999,0.9999999999999999,0.7,2819dec6d5faa0cfb46449b8cda9a6a5efe0d92584a58587d516ebf89b31e7c8
ra_static_equal_seed1,ra_static_equal,1,v40c_01095,1,1,100,0.4999999999999999,0.9999999999999999,0.0,0.5,2819dec6d5faa0cfb46449b8cda9a6a5efe0d92584a58587d516ebf89b31e7c8
ra_static_equal_seed1,ra_static_equal,1,v40c_01096,3,3,300,0.6052805280528053,1.0,0.4422442244224422,0.6666666666666666,2819dec6d5faa0cfb46449b8cda9a6a5efe0d92584a58587d516ebf89b31e7c8
ra_static_equal_seed1,ra_static_equal,1,v40c_01097,1,1,100,0.7999999999999999,0.9999999999999999,0.9999999999999999,0.8,2819dec6d5faa0cfb46449b8cda9a6a5efe0d92584a58587d516ebf89b31e7c8
ra_static_equal_seed1,ra_static_equal,1,v40c_01098,1,1,100,0.7,0.9999999999999999,0.9999999999999999,0.7,2819dec6d5faa0cfb46449b8cda9a6a5efe0d92584a58587d516ebf89b31e7c8
ra_static_equal_seed1,ra_static_equal,1,v40c_01099,2,2,200,0.7252475247524752,1.0,1.0,0.75,2819dec6d5faa0cfb46449b8cda9a6a5efe0d92584a58587d516ebf89b31e7c8
ra_static_equal_seed1,ra_static_equal,1,v40c_01100,2,2,200,0.8252475247524753,1.0,1.0,0.85,2819dec6d5faa0cfb46449b8cda9a6a5efe0d92584a58587d516ebf89b31e7c8
ra_static_equal_seed1,ra_static_equal,1,v40c_01101,1,1,100,0.7999999999999999,0.9999999999999999,0.9999999999999999,0.8,2819dec6d5faa0cfb46449b8cda9a6a5efe0d92584a58587d516ebf89b31e7c8
ra_static_equal_seed1,ra_static_equal,1,v40c_01102,1,1,100,0.7,0.9999999999999999,0.9999999999999999,0.7,2819dec6d5faa0cfb46449b8cda9a6a5efe0d92584a58587d516ebf89b31e7c8
ra_static_equal_seed1,ra_static_equal,1,v40c_01103,1,1,100,0.7,0.9999999999999999,0.9999999999999999,0.7,2819dec6d5faa0cfb46449b8cda9a6a5efe0d92584a58587d516ebf89b31e7c8
ra_static_equal_seed1,ra_static_equal,1,v40c_01104,2,2,200,0.8009900990099009,1.0,1.0,0.8,2819dec6d5faa0cfb46449b8cda9a6a5efe0d92584a58587d516ebf89b31e7c8
ra_static_equal_seed1,ra_static_equal,1,v40c_01105,1,2,100,0.5886138613861386,1.0,0.6287128712871287,0.7,2819dec6d5faa0cfb46449b8cda9a6a5efe0d92584a58587d516ebf89b31e7c8
ra_static_equal_seed1,ra_static_equal,1,v40c_01106,1,2,100,0.600990099009901,1.0,0.5049504950495048,0.6,2819dec6d5faa0cfb46449b8cda9a6a5efe0d92584a58587d516ebf89b31e7c8
ra_static_equal_seed1,ra_static_equal,1,v40c_01107,1,2,100,0.7504950495049505,1.0,1.0,0.8,2819dec6d5faa0cfb46449b8cda9a6a5efe0d92584a58587d516ebf89b31e7c8
ra_static_equal_seed1,ra_static_equal,1,v40c_01108,1,2,100,0.9,1.0,1.0,0.9,2819dec6d5faa0cfb46449b8cda9a6a5efe0d92584a58587d516ebf89b31e7c8
ra_static_equal_seed1,ra_static_equal,1,v40c_01109,2,4,200,0.8386138613861386,1.0,1.0,0.85,2819dec6d5faa0cfb46449b8cda9a6a5efe0d92584a58587d516ebf89b31e7c8
ra_static_equal_seed1,ra_static_equal,1,v40c_01110,1,2,100,0.8504950495049506,1.0,1.0,0.9,2819dec6d5faa0cfb46449b8cda9a6a5efe0d92584a58587d516ebf89b31e7c8
ra_static_equal_seed1,ra_static_equal,1,v40c_01111,1,2,100,0.7252475247524752,1.0,1.0,0.75,2819dec6d5faa0cfb46449b8cda9a6a5efe0d92584a58587d516ebf89b31e7c8
ra_static_equal_seed1,ra_static_equal,1,v40c_01112,2,4,200,0.9,1.0,1.0,0.9,2819dec6d5faa0cfb46449b8cda9a6a5efe0d92584a58587d516ebf89b31e7c8
ra_static_equal_seed1,ra_static_equal,1,v40c_01168,1,1,100,0.7999999999999999,0.9999999999999999,0.9999999999999999,0.8,2819dec6d5faa0cfb46449b8cda9a6a5efe0d92584a58587d516ebf89b31e7c8
ra_static_equal_seed1,ra_static_equal,1,v40c_01169,2,2,200,0.700990099009901,1.0,1.0,0.7,2819dec6d5faa0cfb46449b8cda9a6a5efe0d92584a58587d516ebf89b31e7c8
ra_static_equal_seed1,ra_static_equal,1,v40c_01170,1,1,100,0.7999999999999999,0.9999999999999999,0.9999999999999999,0.8,2819dec6d5faa0cfb46449b8cda9a6a5efe0d92584a58587d516ebf89b31e7c8
ra_static_equal_seed1,ra_static_equal,1,v40c_01171,2,2,200,0.7,1.0,1.0,0.7,2819dec6d5faa0cfb46449b8cda9a6a5efe0d92584a58587d516ebf89b31e7c8
ra_static_equal_seed1,ra_static_equal,1,v40c_01172,1,1,100,0.5999999999999999,0.9999999999999999,0.9999999999999999,0.6,2819dec6d5faa0cfb46449b8cda9a6a5efe0d92584a58587d516ebf89b31e7c8
ra_static_equal_seed1,ra_static_equal,1,v40c_01173,1,1,100,0.5999999999999999,0.9999999999999999,0.9999999999999999,0.6,2819dec6d5faa0cfb46449b8cda9a6a5efe0d92584a58587d516ebf89b31e7c8
ra_static_equal_seed1,ra_static_equal,1,v40c_01174,1,1,100,0.4999999999999999,0.9999999999999999,0.0,0.5,2819dec6d5faa0cfb46449b8cda9a6a5efe0d92584a58587d516ebf89b31e7c8
ra_static_equal_seed1,ra_static_equal,1,v40c_01175,1,1,100,0.7,0.9999999999999999,0.9999999999999999,0.7,2819dec6d5faa0cfb46449b8cda9a6a5efe0d92584a58587d516ebf89b31e7c8
ra_static_equal_seed1,ra_static_equal,1,v40c_01176,1,1,100,0.4999999999999999,0.9999999999999999,0.0,0.5,2819dec6d5faa0cfb46449b8cda9a6a5efe0d92584a58587d516ebf89b31e7c8
ra_static_equal_seed1,ra_static_equal,1,v40c_01177,1,1,100,0.5999999999999999,0.9999999999999999,0.9999999999999999,0.6,2819dec6d5faa0cfb46449b8cda9a6a5efe0d92584a58587d516ebf89b31e7c8
ra_static_equal_seed1,ra_static_equal,1,v40c_01178,1,1,100,0.5999999999999999,0.9999999999999999,0.9999999999999999,0.6,2819dec6d5faa0cfb46449b8cda9a6a5efe0d92584a58587d516ebf89b31e7c8
ra_static_equal_seed1,ra_static_equal,1,v40c_01179,1,1,100,0.4999999999999999,0.9999999999999999,0.0,0.5,2819dec6d5faa0cfb46449b8cda9a6a5efe0d92584a58587d516ebf89b31e7c8
ra_static_equal_seed1,ra_static_equal,1,v40c_01180,1,0,100,0.0,0.0,0.0,0.0,2819dec6d5faa0cfb46449b8cda9a6a5efe0d92584a58587d516ebf89b31e7c8
ra_static_equal_seed1,ra_static_equal,1,v40c_01181,2,0,200,0.0,0.0,0.0,0.0,2819dec6d5faa0cfb46449b8cda9a6a5efe0d92584a58587d516ebf89b31e7c8
ra_static_equal_seed1,ra_static_equal,1,v40c_01182,1,0,100,0.0,0.0,0.0,0.0,2819dec6d5faa0cfb46449b8cda9a6a5efe0d92584a58587d516ebf89b31e7c8
ra_static_equal_seed1,ra_static_equal,1,v40c_01183,2,0,200,0.0,0.0,0.0,0.0,2819dec6d5faa0cfb46449b8cda9a6a5efe0d92584a58587d516ebf89b31e7c8
ra_static_equal_seed1,ra_static_equal,1,v40c_01184,2,0,200,0.0,0.0,0.0,0.0,2819dec6d5faa0cfb46449b8cda9a6a5efe0d92584a58587d516ebf89b31e7c8
ra_static_equal_seed1,ra_static_equal,1,v40c_01185,1,0,100,0.0,0.0,0.0,0.0,2819dec6d5faa0cfb46449b8cda9a6a5efe0d92584a58587d516ebf89b31e7c8
ra_static_equal_seed1,ra_static_equal,1,v40c_01186,1,0,100,0.0,0.0,0.0,0.0,2819dec6d5faa0cfb46449b8cda9a6a5efe0d92584a58587d516ebf89b31e7c8
ra_static_equal_seed1,ra_static_equal,1,v40c_01187,4,0,400,0.0,0.0,0.0,0.0,2819dec6d5faa0cfb46449b8cda9a6a5efe0d92584a58587d516ebf89b31e7c8
ra_static_equal_seed1,ra_static_equal,1,v40c_01188,1,0,100,0.0,0.0,0.0,0.0,2819dec6d5faa0cfb46449b8cda9a6a5efe0d92584a58587d516ebf89b31e7c8
ra_static_equal_seed1,ra_static_equal,1,v40c_01189,1,0,100,0.0,0.0,0.0,0.0,2819dec6d5faa0cfb46449b8cda9a6a5efe0d92584a58587d516ebf89b31e7c8
ra_static_equal_seed1,ra_static_equal,1,v40c_01190,1,0,100,0.0,0.0,0.0,0.0,2819dec6d5faa0cfb46449b8cda9a6a5efe0d92584a58587d516ebf89b31e7c8
ra_static_equal_seed1,ra_static_equal,1,v40c_01191,1,0,100,0.0,0.0,0.0,0.0,2819dec6d5faa0cfb46449b8cda9a6a5efe0d92584a58587d516ebf89b31e7c8
ra_static_equal_seed1,ra_static_equal,1,v40c_01192,1,0,100,0.0,0.0,0.0,0.0,2819dec6d5faa0cfb46449b8cda9a6a5efe0d92584a58587d516ebf89b31e7c8
ra_static_equal_seed1,ra_static_equal,1,v40c_01193,1,0,100,0.0,0.0,0.0,0.0,2819dec6d5faa0cfb46449b8cda9a6a5efe0d92584a58587d516ebf89b31e7c8
ra_static_equal_seed1,ra_static_equal,1,v40c_01194,1,0,100,0.0,0.0,0.0,0.0,2819dec6d5faa0cfb46449b8cda9a6a5efe0d92584a58587d516ebf89b31e7c8
ra_static_equal_seed1,ra_static_equal,1,v40c_01195,1,0,100,0.0,0.0,0.0,0.0,2819dec6d5faa0cfb46449b8cda9a6a5efe0d92584a58587d516ebf89b31e7c8
ra_static_equal_seed1,ra_static_equal,1,v40c_01196,3,0,300,0.0,0.0,0.0,0.0,2819dec6d5faa0cfb46449b8cda9a6a5efe0d92584a58587d516ebf89b31e7c8
ra_static_equal_seed1,ra_static_equal,1,v40c_01197,2,0,200,0.0,0.0,0.0,0.0,2819dec6d5faa0cfb46449b8cda9a6a5efe0d92584a58587d516ebf89b31e7c8
ra_static_equal_seed1,ra_static_equal,1,v40c_01198,1,0,100,0.0,0.0,0.0,0.0,2819dec6d5faa0cfb46449b8cda9a6a5efe0d92584a58587d516ebf89b31e7c8
ra_static_equal_seed1,ra_static_equal,1,v40c_01199,1,0,100,0.0,0.0,0.0,0.0,2819dec6d5faa0cfb46449b8cda9a6a5efe0d92584a58587d516ebf89b31e7c8
ra_static_equal_seed1,ra_static_equal,1,v40c_01200,1,0,100,0.0,0.0,0.0,0.0,2819dec6d5faa0cfb46449b8cda9a6a5efe0d92584a58587d516ebf89b31e7c8
ra_static_equal_seed1,ra_static_equal,1,v40c_01201,1,0,100,0.0,0.0,0.0,0.0,2819dec6d5faa0cfb46449b8cda9a6a5efe0d92584a58587d516ebf89b31e7c8
ra_static_equal_seed1,ra_static_equal,1,v40c_01202,1,0,100,0.0,0.0,0.0,0.0,2819dec6d5faa0cfb46449b8cda9a6a5efe0d92584a58587d516ebf89b31e7c8
ra_static_equal_seed1,ra_static_equal,1,v40c_01203,1,0,100,0.0,0.0,0.0,0.0,2819dec6d5faa0cfb46449b8cda9a6a5efe0d92584a58587d516ebf89b31e7c8
ra_static_equal_seed1,ra_static_equal,1,v40c_01204,1,0,100,0.0,0.0,0.0,0.0,2819dec6d5faa0cfb46449b8cda9a6a5efe0d92584a58587d516ebf89b31e7c8
ra_static_equal_seed1,ra_static_equal,1,v40c_01205,3,0,300,0.0,0.0,0.0,0.0,2819dec6d5faa0cfb46449b8cda9a6a5efe0d92584a58587d516ebf89b31e7c8
ra_static_equal_seed1,ra_static_equal,1,v40c_01206,1,0,100,0.0,0.0,0.0,0.0,2819dec6d5faa0cfb46449b8cda9a6a5efe0d92584a58587d516ebf89b31e7c8
ra_static_equal_seed1,ra_static_equal,1,v40c_01207,1,0,100,0.0,0.0,0.0,0.0,2819dec6d5faa0cfb46449b8cda9a6a5efe0d92584a58587d516ebf89b31e7c8
ra_static_equal_seed1,ra_static_equal,1,v40c_01208,1,0,100,0.0,0.0,0.0,0.0,2819dec6d5faa0cfb46449b8cda9a6a5efe0d92584a58587d516ebf89b31e7c8
ra_static_equal_seed1,ra_static_equal,1,v40c_01209,1,0,100,0.0,0.0,0.0,0.0,2819dec6d5faa0cfb46449b8cda9a6a5efe0d92584a58587d516ebf89b31e7c8
ra_static_equal_seed1,ra_static_equal,1,v40c_01210,1,0,100,0.0,0.0,0.0,0.0,2819dec6d5faa0cfb46449b8cda9a6a5efe0d92584a58587d516ebf89b31e7c8
ra_static_equal_seed1,ra_static_equal,1,v40c_01211,1,0,100,0.0,0.0,0.0,0.0,2819dec6d5faa0cfb46449b8cda9a6a5efe0d92584a58587d516ebf89b31e7c8
ra_static_equal_seed1,ra_static_equal,1,v40c_01212,1,0,100,0.0,0.0,0.0,0.0,2819dec6d5faa0cfb46449b8cda9a6a5efe0d92584a58587d516ebf89b31e7c8
ra_static_equal_seed1,ra_static_equal,1,v40c_01213,1,0,100,0.0,0.0,0.0,0.0,2819dec6d5faa0cfb46449b8cda9a6a5efe0d92584a58587d516ebf89b31e7c8
ra_static_equal_seed1,ra_static_equal,1,v40c_01214,1,0,100,0.0,0.0,0.0,0.0,2819dec6d5faa0cfb46449b8cda9a6a5efe0d92584a58587d516ebf89b31e7c8
ra_static_equal_seed1,ra_static_equal,1,v40c_01215,1,0,100,0.0,0.0,0.0,0.0,2819dec6d5faa0cfb46449b8cda9a6a5efe0d92584a58587d516ebf89b31e7c8
ra_static_equal_seed1,ra_static_equal,1,v40c_01216,1,0,100,0.0,0.0,0.0,0.0,2819dec6d5faa0cfb46449b8cda9a6a5efe0d92584a58587d516ebf89b31e7c8
ra_static_equal_seed1,ra_static_equal,1,v40c_01217,1,0,100,0.0,0.0,0.0,0.0,2819dec6d5faa0cfb46449b8cda9a6a5efe0d92584a58587d516ebf89b31e7c8
ra_static_equal_seed1,ra_static_equal,1,v40c_01218,1,0,100,0.0,0.0,0.0,0.0,2819dec6d5faa0cfb46449b8cda9a6a5efe0d92584a58587d516ebf89b31e7c8
ra_static_equal_seed1,ra_static_equal,1,v40c_01219,1,0,100,0.0,0.0,0.0,0.0,2819dec6d5faa0cfb46449b8cda9a6a5efe0d92584a58587d516ebf89b31e7c8
ra_static_equal_seed1,ra_static_equal,1,v40c_01220,1,0,100,0.0,0.0,0.0,0.0,2819dec6d5faa0cfb46449b8cda9a6a5efe0d92584a58587d516ebf89b31e7c8
ra_static_equal_seed1,ra_static_equal,1,v40c_01221,2,1,200,0.7,0.9999999999999999,0.9999999999999999,0.7,2819dec6d5faa0cfb46449b8cda9a6a5efe0d92584a58587d516ebf89b31e7c8
ra_static_equal_seed1,ra_static_equal,1,v40c_01222,1,1,100,0.4999999999999999,0.9999999999999999,0.0,0.5,2819dec6d5faa0cfb46449b8cda9a6a5efe0d92584a58587d516ebf89b31e7c8
ra_static_equal_seed1,ra_static_equal,1,v40c_01223,1,1,100,0.29999999999999993,0.9999999999999999,0.0,0.3,2819dec6d5faa0cfb46449b8cda9a6a5efe0d92584a58587d516ebf89b31e7c8
ra_static_equal_seed1,ra_static_equal,1,v40c_01224,1,1,100,0.29999999999999993,0.9999999999999999,0.0,0.3,2819dec6d5faa0cfb46449b8cda9a6a5efe0d92584a58587d516ebf89b31e7c8
ra_static_equal_seed1,ra_static_equal,1,v40c_01225,1,1,100,0.39999999999999997,0.9999999999999999,0.0,0.4,2819dec6d5faa0cfb46449b8cda9a6a5efe0d92584a58587d516ebf89b31e7c8
ra_static_equal_seed1,ra_static_equal,1,v40c_01226,4,4,400,0.16145181914098256,0.75701698610228,0.0,0.4,2819dec6d5faa0cfb46449b8cda9a6a5efe0d92584a58587d516ebf89b31e7c8
ra_static_equal_seed1,ra_static_equal,1,v40c_01227,1,2,100,0.05712684475994769,0.5236316084438633,0.009527367831122735,0.35,2819dec6d5faa0cfb46449b8cda9a6a5efe0d92584a58587d516ebf89b31e7c8
ra_static_equal_seed1,ra_static_equal,1,v40c_01228,1,1,100,0.12333333333333332,0.9999999999999999,0.033333333333333326,0.8,2819dec6d5faa0cfb46449b8cda9a6a5efe0d92584a58587d516ebf89b31e7c8
ra_static_equal_seed1,ra_static_equal,1,v40c_01229,1,1,100,0.11136363636363636,0.9999999999999999,0.022727272727272742,0.6,2819dec6d5faa0cfb46449b8cda9a6a5efe0d92584a58587d516ebf89b31e7c8
ra_static_equal_seed1,ra_static_equal,1,v40c_01230,1,1,100,0.19999999999999998,0.9999999999999999,0.0,0.2,2819dec6d5faa0cfb46449b8cda9a6a5efe0d92584a58587d516ebf89b31e7c8
ra_static_equal_seed1,ra_static_equal,1,v40c_01231,3,3,300,0.28910891089108903,0.8316831683168316,0.0,0.36666666666666664,2819dec6d5faa0cfb46449b8cda9a6a5efe0d92584a58587d516ebf89b31e7c8
ra_static_equal_seed1,ra_static_equal,1,v40c_01232,1,1,100,0.19999999999999998,0.9999999999999999,0.0,0.2,2819dec6d5faa0cfb46449b8cda9a6a5efe0d92584a58587d516ebf89b31e7c8
ra_static_equal_seed1,ra_static_equal,1,v40c_01233,1,1,100,0.29999999999999993,0.9999999999999999,0.0,0.3,2819dec6d5faa0cfb46449b8cda9a6a5efe0d92584a58587d516ebf89b31e7c8
ra_static_equal_seed1,ra_static_equal,1,v40c_01234,1,1,100,0.39999999999999997,0.9999999999999999,0.0,0.4,2819dec6d5faa0cfb46449b8cda9a6a5efe0d92584a58587d516ebf89b31e7c8
ra_static_equal_seed1,ra_static_equal,1,v40c_01235,1,1,100,0.5999999999999999,0.9999999999999999,0.9999999999999999,0.6,2819dec6d5faa0cfb46449b8cda9a6a5efe0d92584a58587d516ebf89b31e7c8
ra_static_equal_seed1,ra_static_equal,1,v40c_01236,2,2,200,0.40303920501940305,1.0,0.008015087223008015,0.6,2819dec6d5faa0cfb46449b8cda9a6a5efe0d92584a58587d516ebf89b31e7c8
ra_static_equal_seed1,ra_static_equal,1,v40c_01237,1,1,100,0.3333333333333333,0.9999999999999999,0.0,0.4,2819dec6d5faa0cfb46449b8cda9a6a5efe0d92584a58587d516ebf89b31e7c8
ra_static_equal_seed1,ra_static_equal,1,v40c_01238,6,1,600,0.4999999999999999,0.9999999999999999,0.0,0.5,2819dec6d5faa0cfb46449b8cda9a6a5efe0d92584a58587d516ebf89b31e7c8
ra_static_equal_seed1,ra_static_equal,1,v40c_01239,1,0,100,0.0,0.0,0.0,0.0,2819dec6d5faa0cfb46449b8cda9a6a5efe0d92584a58587d516ebf89b31e7c8
ra_static_equal_seed1,ra_static_equal,1,v40c_01240,1,0,100,0.0,0.0,0.0,0.0,2819dec6d5faa0cfb46449b8cda9a6a5efe0d92584a58587d516ebf89b31e7c8
ra_static_equal_seed1,ra_static_equal,1,v40c_01241,1,0,100,0.0,0.0,0.0,0.0,2819dec6d5faa0cfb46449b8cda9a6a5efe0d92584a58587d516ebf89b31e7c8
ra_static_equal_seed1,ra_static_equal,1,v40c_01242,2,0,200,0.0,0.0,0.0,0.0,2819dec6d5faa0cfb46449b8cda9a6a5efe0d92584a58587d516ebf89b31e7c8
ra_static_equal_seed1,ra_static_equal,1,v40c_01243,2,0,200,0.0,0.0,0.0,0.0,2819dec6d5faa0cfb46449b8cda9a6a5efe0d92584a58587d516ebf89b31e7c8
ra_static_equal_seed1,ra_static_equal,1,v40c_01244,1,0,100,0.0,0.0,0.0,0.0,2819dec6d5faa0cfb46449b8cda9a6a5efe0d92584a58587d516ebf89b31e7c8
ra_static_equal_seed1,ra_static_equal,1,v40c_01245,1,0,100,0.0,0.0,0.0,0.0,2819dec6d5faa0cfb46449b8cda9a6a5efe0d92584a58587d516ebf89b31e7c8
ra_static_equal_seed1,ra_static_equal,1,v40c_01246,1,0,100,0.0,0.0,0.0,0.0,2819dec6d5faa0cfb46449b8cda9a6a5efe0d92584a58587d516ebf89b31e7c8
ra_static_equal_seed1,ra_static_equal,1,v40c_01247,1,0,100,0.0,0.0,0.0,0.0,2819dec6d5faa0cfb46449b8cda9a6a5efe0d92584a58587d516ebf89b31e7c8
ra_static_equal_seed1,ra_static_equal,1,v40c_01248,1,0,100,0.0,0.0,0.0,0.0,2819dec6d5faa0cfb46449b8cda9a6a5efe0d92584a58587d516ebf89b31e7c8
ra_static_equal_seed1,ra_static_equal,1,v40c_01249,2,0,200,0.0,0.0,0.0,0.0,2819dec6d5faa0cfb46449b8cda9a6a5efe0d92584a58587d516ebf89b31e7c8
ra_static_equal_seed1,ra_static_equal,1,v40c_01250,1,0,100,0.0,0.0,0.0,0.0,2819dec6d5faa0cfb46449b8cda9a6a5efe0d92584a58587d516ebf89b31e7c8
ra_static_equal_seed1,ra_static_equal,1,v40c_01251,3,0,300,0.0,0.0,0.0,0.0,2819dec6d5faa0cfb46449b8cda9a6a5efe0d92584a58587d516ebf89b31e7c8
ra_static_equal_seed1,ra_static_equal,1,v40c_01252,1,0,100,0.0,0.0,0.0,0.0,2819dec6d5faa0cfb46449b8cda9a6a5efe0d92584a58587d516ebf89b31e7c8
ra_static_equal_seed1,ra_static_equal,1,v40c_01253,1,0,100,0.0,0.0,0.0,0.0,2819dec6d5faa0cfb46449b8cda9a6a5efe0d92584a58587d516ebf89b31e7c8
ra_static_equal_seed1,ra_static_equal,1,v40c_01254,3,0,300,0.0,0.0,0.0,0.0,2819dec6d5faa0cfb46449b8cda9a6a5efe0d92584a58587d516ebf89b31e7c8
ra_static_equal_seed1,ra_static_equal,1,v40c_01255,1,0,100,0.0,0.0,0.0,0.0,2819dec6d5faa0cfb46449b8cda9a6a5efe0d92584a58587d516ebf89b31e7c8
ra_static_equal_seed1,ra_static_equal,1,v40c_01256,5,0,500,0.0,0.0,0.0,0.0,2819dec6d5faa0cfb46449b8cda9a6a5efe0d92584a58587d516ebf89b31e7c8
ra_static_equal_seed1,ra_static_equal,1,v40c_01257,1,0,100,0.0,0.0,0.0,0.0,2819dec6d5faa0cfb46449b8cda9a6a5efe0d92584a58587d516ebf89b31e7c8
ra_static_equal_seed1,ra_static_equal,1,v40c_01258,1,0,100,0.0,0.0,0.0,0.0,2819dec6d5faa0cfb46449b8cda9a6a5efe0d92584a58587d516ebf89b31e7c8
ra_static_equal_seed1,ra_static_equal,1,v40c_01259,6,0,600,0.0,0.0,0.0,0.0,2819dec6d5faa0cfb46449b8cda9a6a5efe0d92584a58587d516ebf89b31e7c8
ra_static_equal_seed1,ra_static_equal,1,v40c_01260,2,0,200,0.0,0.0,0.0,0.0,2819dec6d5faa0cfb46449b8cda9a6a5efe0d92584a58587d516ebf89b31e7c8
ra_static_equal_seed1,ra_static_equal,1,v40c_01261,3,0,300,0.0,0.0,0.0,0.0,2819dec6d5faa0cfb46449b8cda9a6a5efe0d92584a58587d516ebf89b31e7c8
ra_static_equal_seed1,ra_static_equal,1,v40c_01262,1,0,100,0.0,0.0,0.0,0.0,2819dec6d5faa0cfb46449b8cda9a6a5efe0d92584a58587d516ebf89b31e7c8
ra_static_equal_seed1,ra_static_equal,1,v40c_01263,1,0,100,0.0,0.0,0.0,0.0,2819dec6d5faa0cfb46449b8cda9a6a5efe0d92584a58587d516ebf89b31e7c8
ra_static_equal_seed1,ra_static_equal,1,v40c_01264,1,0,100,0.0,0.0,0.0,0.0,2819dec6d5faa0cfb46449b8cda9a6a5efe0d92584a58587d516ebf89b31e7c8
ra_static_equal_seed1,ra_static_equal,1,v40c_01265,1,0,100,0.0,0.0,0.0,0.0,2819dec6d5faa0cfb46449b8cda9a6a5efe0d92584a58587d516ebf89b31e7c8
ra_static_equal_seed1,ra_static_equal,1,v40c_01266,2,0,200,0.0,0.0,0.0,0.0,2819dec6d5faa0cfb46449b8cda9a6a5efe0d92584a58587d516ebf89b31e7c8
ra_static_equal_seed1,ra_static_equal,1,v40c_01267,1,0,100,0.0,0.0,0.0,0.0,2819dec6d5faa0cfb46449b8cda9a6a5efe0d92584a58587d516ebf89b31e7c8
ra_static_equal_seed1,ra_static_equal,1,v40c_01268,1,0,100,0.0,0.0,0.0,0.0,2819dec6d5faa0cfb46449b8cda9a6a5efe0d92584a58587d516ebf89b31e7c8
ra_static_equal_seed1,ra_static_equal,1,v40c_01269,1,0,100,0.0,0.0,0.0,0.0,2819dec6d5faa0cfb46449b8cda9a6a5efe0d92584a58587d516ebf89b31e7c8
ra_static_equal_seed1,ra_static_equal,1,v40c_01270,1,0,100,0.0,0.0,0.0,0.0,2819dec6d5faa0cfb46449b8cda9a6a5efe0d92584a58587d516ebf89b31e7c8
ra_static_equal_seed1,ra_static_equal,1,v40c_01271,1,1,100,0.3,0.5,0.5,0.6,2819dec6d5faa0cfb46449b8cda9a6a5efe0d92584a58587d516ebf89b31e7c8
ra_static_equal_seed1,ra_static_equal,1,v40c_01272,1,1,100,0.2545454545454545,0.9999999999999999,0.09090909090909097,0.8,2819dec6d5faa0cfb46449b8cda9a6a5efe0d92584a58587d516ebf89b31e7c8
ra_static_equal_seed1,ra_static_equal,1,v40c_01273,2,2,200,0.25262376237623757,0.3999999999999999,0.3999999999999999,0.65,2819dec6d5faa0cfb46449b8cda9a6a5efe0d92584a58587d516ebf89b31e7c8
ra_static_equal_seed1,ra_static_equal,1,v40c_01274,2,2,200,0.5514851485148515,0.834983498349835,0.834983498349835,0.65,2819dec6d5faa0cfb46449b8cda9a6a5efe0d92584a58587d516ebf89b31e7c8
ra_static_equal_seed1,ra_static_equal,1,v40c_01275,1,1,100,0.7,0.9999999999999999,0.9999999999999999,0.7,2819dec6d5faa0cfb46449b8cda9a6a5efe0d92584a58587d516ebf89b31e7c8
ra_static_equal_seed1,ra_static_equal,1,v40c_01276,1,1,100,0.7999999999999999,0.9999999999999999,0.9999999999999999,0.8,2819dec6d5faa0cfb46449b8cda9a6a5efe0d92584a58587d516ebf89b31e7c8
ra_static_equal_seed1,ra_static_equal,1,v40c_01277,1,1,100,0.7999999999999999,0.9999999999999999,0.9999999999999999,0.8,2819dec6d5faa0cfb46449b8cda9a6a5efe0d92584a58587d516ebf89b31e7c8
ra_static_equal_seed1,ra_static_equal,1,v40c_01278,1,1,100,0.7999999999999999,0.9999999999999999,0.9999999999999999,0.8,2819dec6d5faa0cfb46449b8cda9a6a5efe0d92584a58587d516ebf89b31e7c8
ra_static_equal_seed1,ra_static_equal,1,v40c_01279,7,7,700,0.7391796322489392,1.0,1.0,0.7571428571428571,2819dec6d5faa0cfb46449b8cda9a6a5efe0d92584a58587d516ebf89b31e7c8
ra_static_equal_seed1,ra_static_equal,1,v40c_01280,1,1,100,0.7,0.9999999999999999,0.9999999999999999,0.7,2819dec6d5faa0cfb46449b8cda9a6a5efe0d92584a58587d516ebf89b31e7c8
ra_static_equal_seed1,ra_static_equal,1,v40c_01281,1,1,100,0.7,0.9999999999999999,0.9999999999999999,0.7,2819dec6d5faa0cfb46449b8cda9a6a5efe0d92584a58587d516ebf89b31e7c8
ra_static_equal_seed1,ra_static_equal,1,v40c_01282,2,2,200,0.6504950495049504,1.0,1.0,0.7,2819dec6d5faa0cfb46449b8cda9a6a5efe0d92584a58587d516ebf89b31e7c8
ra_static_equal_seed1,ra_static_equal,1,v40c_01283,1,1,100,0.8999999999999998,0.9999999999999999,0.9999999999999999,0.9,2819dec6d5faa0cfb46449b8cda9a6a5efe0d92584a58587d516ebf89b31e7c8
ra_static_equal_seed1,ra_static_equal,1,v40c_01284,3,5,300,0.33734312311599485,0.6179313326965357,0.24625403716842262,0.5,2819dec6d5faa0cfb46449b8cda9a6a5efe0d92584a58587d516ebf89b31e7c8
ra_static_equal_seed1,ra_static_equal,1,v40c_01285,1,1,100,0.29999999999999993,0.9999999999999999,0.0,0.3,2819dec6d5faa0cfb46449b8cda9a6a5efe0d92584a58587d516ebf89b31e7c8
ra_static_equal_seed1,ra_static_equal,1,v40c_01286,1,0,100,0.0,0.0,0.0,0.0,2819dec6d5faa0cfb46449b8cda9a6a5efe0d92584a58587d516ebf89b31e7c8
ra_static_equal_seed1,ra_static_equal,1,v40c_01287,1,0,100,0.0,0.0,0.0,0.0,2819dec6d5faa0cfb46449b8cda9a6a5efe0d92584a58587d516ebf89b31e7c8
ra_static_equal_seed1,ra_static_equal,1,v40c_01288,1,0,100,0.0,0.0,0.0,0.0,2819dec6d5faa0cfb46449b8cda9a6a5efe0d92584a58587d516ebf89b31e7c8
ra_static_equal_seed1,ra_static_equal,1,v40c_01289,2,0,200,0.0,0.0,0.0,0.0,2819dec6d5faa0cfb46449b8cda9a6a5efe0d92584a58587d516ebf89b31e7c8
ra_static_equal_seed1,ra_static_equal,1,v40c_01290,4,0,400,0.0,0.0,0.0,0.0,2819dec6d5faa0cfb46449b8cda9a6a5efe0d92584a58587d516ebf89b31e7c8
ra_static_equal_seed1,ra_static_equal,1,v40c_01291,1,0,100,0.0,0.0,0.0,0.0,2819dec6d5faa0cfb46449b8cda9a6a5efe0d92584a58587d516ebf89b31e7c8
ra_static_equal_seed1,ra_static_equal,1,v40c_01292,1,0,100,0.0,0.0,0.0,0.0,2819dec6d5faa0cfb46449b8cda9a6a5efe0d92584a58587d516ebf89b31e7c8
ra_static_equal_seed1,ra_static_equal,1,v40c_01293,1,0,100,0.0,0.0,0.0,0.0,2819dec6d5faa0cfb46449b8cda9a6a5efe0d92584a58587d516ebf89b31e7c8
ra_static_equal_seed1,ra_static_equal,1,v40c_01294,1,0,100,0.0,0.0,0.0,0.0,2819dec6d5faa0cfb46449b8cda9a6a5efe0d92584a58587d516ebf89b31e7c8
ra_static_equal_seed1,ra_static_equal,1,v40c_01295,1,0,100,0.0,0.0,0.0,0.0,2819dec6d5faa0cfb46449b8cda9a6a5efe0d92584a58587d516ebf89b31e7c8
ra_static_equal_seed1,ra_static_equal,1,v40c_01296,1,0,100,0.0,0.0,0.0,0.0,2819dec6d5faa0cfb46449b8cda9a6a5efe0d92584a58587d516ebf89b31e7c8
ra_static_equal_seed1,ra_static_equal,1,v40c_01297,1,1,100,0.35,0.5,0.5,0.7,2819dec6d5faa0cfb46449b8cda9a6a5efe0d92584a58587d516ebf89b31e7c8
ra_static_equal_seed1,ra_static_equal,1,v40c_01298,1,2,100,0.7504950495049505,1.0,1.0,0.8,2819dec6d5faa0cfb46449b8cda9a6a5efe0d92584a58587d516ebf89b31e7c8
ra_static_equal_seed1,ra_static_equal,1,v40c_01299,1,2,100,0.7252475247524752,1.0,1.0,0.75,2819dec6d5faa0cfb46449b8cda9a6a5efe0d92584a58587d516ebf89b31e7c8
ra_static_equal_seed1,ra_static_equal,1,v40c_01398,36,305,3600,0.7032689517828258,0.9957238239756316,0.9496661108823363,0.7540983606557378,2819dec6d5faa0cfb46449b8cda9a6a5efe0d92584a58587d516ebf89b31e7c8
ra_static_equal_seed1,ra_static_equal,1,v40c_01399,1,7,100,0.7158415841584158,1.0,0.8514851485148515,0.7285714285714285,2819dec6d5faa0cfb46449b8cda9a6a5efe0d92584a58587d516ebf89b31e7c8
ra_static_equal_seed1,ra_static_equal,1,v40c_01400,1,8,100,0.6872578562204045,0.9160568230736115,0.9160568230736115,0.7375,2819dec6d5faa0cfb46449b8cda9a6a5efe0d92584a58587d516ebf89b31e7c8
ra_static_equal_seed1,ra_static_equal,1,v40c_01401,1,7,100,0.7314851485148515,1.0,1.0,0.7428571428571429,2819dec6d5faa0cfb46449b8cda9a6a5efe0d92584a58587d516ebf89b31e7c8
ra_static_equal_seed1,ra_static_equal,1,v40c_01402,1,7,100,0.7138613861386138,1.0,0.8514851485148515,0.7285714285714285,2819dec6d5faa0cfb46449b8cda9a6a5efe0d92584a58587d516ebf89b31e7c8
ra_static_equal_seed1,ra_static_equal,1,v40c_01403,1,7,100,0.6958415841584158,1.0,0.8514851485148515,0.7142857142857142,2819dec6d5faa0cfb46449b8cda9a6a5efe0d92584a58587d516ebf89b31e7c8
ra_static_equal_seed1,ra_static_equal,1,v40c_01404,2,14,200,0.681958195819582,1.0,0.9015401540154014,0.7071428571428571,2819dec6d5faa0cfb46449b8cda9a6a5efe0d92584a58587d516ebf89b31e7c8
ra_static_equal_seed1,ra_static_equal,1,v40c_01405,8,52,800,0.7441397792077258,0.989886085382732,0.9683227280544433,0.778846153846154,2819dec6d5faa0cfb46449b8cda9a6a5efe0d92584a58587d516ebf89b31e7c8
ra_static_equal_seed1,ra_static_equal,1,v40c_01406,1,7,100,0.7253232382061736,1.0,0.9126383226557948,0.7428571428571429,2819dec6d5faa0cfb46449b8cda9a6a5efe0d92584a58587d516ebf89b31e7c8
ra_static_equal_seed1,ra_static_equal,1,v40c_01407,1,7,100,0.6426950012074377,0.8768413426708523,0.8514851485148515,0.6857142857142857,2819dec6d5faa0cfb46449b8cda9a6a5efe0d92584a58587d516ebf89b31e7c8
ra_static_equal_seed1,ra_static_equal,1,v40c_01408,2,12,200,0.7825907590759076,1.0,1.0,0.7916666666666667,2819dec6d5faa0cfb46449b8cda9a6a5efe0d92584a58587d516ebf89b31e7c8
ra_static_equal_seed1,ra_static_equal,1,v40c_01409,1,7,100,0.7426214049976426,1.0,1.0,0.7714285714285715,2819dec6d5faa0cfb46449b8cda9a6a5efe0d92584a58587d516ebf89b31e7c8
ra_static_equal_seed1,ra_static_equal,1,v40c_01410,3,21,300,0.7242043847241867,1.0,0.8698727015558699,0.7523809523809524,2819dec6d5faa0cfb46449b8cda9a6a5efe0d92584a58587d516ebf89b31e7c8
ra_static_equal_seed1,ra_static_equal,1,v40c_01411,4,27,400,0.7737360496230619,1.0,1.0,0.7962962962962964,2819dec6d5faa0cfb46449b8cda9a6a5efe0d92584a58587d516ebf89b31e7c8
ra_static_equal_seed1,ra_static_equal,1,v40c_01412,2,12,200,0.792522502250225,1.0,1.0,0.8083333333333333,2819dec6d5faa0cfb46449b8cda9a6a5efe0d92584a58587d516ebf89b31e7c8
ra_static_equal_seed1,ra_static_equal,1,v40c_01413,1,6,100,0.7586798679867988,1.0,1.0,0.7833333333333333,2819dec6d5faa0cfb46449b8cda9a6a5efe0d92584a58587d516ebf89b31e7c8
ra_static_equal_seed1,ra_static_equal,1,v40c_01414,1,6,100,0.7663366336633664,1.0,0.8316831683168316,0.7833333333333333,2819dec6d5faa0cfb46449b8cda9a6a5efe0d92584a58587d516ebf89b31e7c8
ra_static_equal_seed1,ra_static_equal,1,v40c_01415,3,19,300,0.7444105638185301,0.9896685320705981,0.9298321136461472,0.7736842105263158,2819dec6d5faa0cfb46449b8cda9a6a5efe0d92584a58587d516ebf89b31e7c8
ra_static_equal_seed1,ra_static_equal,1,v40c_01416,1,6,100,0.8084158415841584,1.0,1.0,0.8166666666666667,2819dec6d5faa0cfb46449b8cda9a6a5efe0d92584a58587d516ebf89b31e7c8
ra_static_equal_seed1,ra_static_equal,1,v40c_01417,1,5,100,0.8128712871287128,1.0,1.0,0.82,2819dec6d5faa0cfb46449b8cda9a6a5efe0d92584a58587d516ebf89b31e7c8
ra_static_equal_seed1,ra_static_equal,1,v40c_01418,1,5,100,0.7214356435643564,1.0,1.0,0.76,2819dec6d5faa0cfb46449b8cda9a6a5efe0d92584a58587d516ebf89b31e7c8
ra_static_equal_seed1,ra_static_equal,1,v40c_01419,1,5,100,0.7707920792079207,1.0,1.0,0.8,2819dec6d5faa0cfb46449b8cda9a6a5efe0d92584a58587d516ebf89b31e7c8
ra_static_equal_seed1,ra_static_equal,1,v40c_01420,1,5,100,0.7752475247524753,1.0,1.0,0.8,2819dec6d5faa0cfb46449b8cda9a6a5efe0d92584a58587d516ebf89b31e7c8
ra_static_equal_seed1,ra_static_equal,1,v40c_01421,2,10,200,0.7812729844413013,1.0,1.0,0.82,2819dec6d5faa0cfb46449b8cda9a6a5efe0d92584a58587d516ebf89b31e7c8
ra_static_equal_seed1,ra_static_equal,1,v40c_01422,2,10,200,0.7938943894389439,1.0,1.0,0.82,2819dec6d5faa0cfb46449b8cda9a6a5efe0d92584a58587d516ebf89b31e7c8
ra_static_equal_seed1,ra_static_equal,1,v40c_01423,4,20,400,0.7754675467546754,1.0,1.0,0.7899999999999999,2819dec6d5faa0cfb46449b8cda9a6a5efe0d92584a58587d516ebf89b31e7c8
ra_static_equal_seed1,ra_static_equal,1,v40c_01424,1,5,100,0.7905940594059405,1.0,1.0,0.8,2819dec6d5faa0cfb46449b8cda9a6a5efe0d92584a58587d516ebf89b31e7c8
ra_static_equal_seed1,ra_static_equal,1,v40c_01425,1,5,100,0.7707920792079207,1.0,1.0,0.8,2819dec6d5faa0cfb46449b8cda9a6a5efe0d92584a58587d516ebf89b31e7c8
ra_static_equal_seed1,ra_static_equal,1,v40c_01426,1,5,100,0.8254950495049505,1.0,1.0,0.8400000000000001,2819dec6d5faa0cfb46449b8cda9a6a5efe0d92584a58587d516ebf89b31e7c8
ra_static_equal_seed1,ra_static_equal,1,v40c_01427,7,29,700,0.7639505506760789,1.0,0.9722363988976218,0.7896551724137931,2819dec6d5faa0cfb46449b8cda9a6a5efe0d92584a58587d516ebf89b31e7c8
ra_static_equal_seed1,ra_static_equal,1,v40c_01428,1,6,100,0.7663366336633664,1.0,1.0,0.7666666666666666,2819dec6d5faa0cfb46449b8cda9a6a5efe0d92584a58587d516ebf89b31e7c8
ra_static_equal_seed1,ra_static_equal,1,v40c_01429,1,5,100,0.7674917491749171,0.9669966996699667,0.9669966996699667,0.8,2819dec6d5faa0cfb46449b8cda9a6a5efe0d92584a58587d516ebf89b31e7c8
ra_static_equal_seed1,ra_static_equal,1,v40c_01430,1,5,100,0.7608910891089107,0.9669966996699667,0.9669966996699667,0.8,2819dec6d5faa0cfb46449b8cda9a6a5efe0d92584a58587d516ebf89b31e7c8
ra_static_equal_seed1,ra_static_equal,1,v40c_01431,2,11,200,0.7793022159358796,0.9843234323432345,0.9843234323432345,0.8090909090909092,2819dec6d5faa0cfb46449b8cda9a6a5efe0d92584a58587d516ebf89b31e7c8
ra_static_equal_seed1,ra_static_equal,1,v40c_01432,1,4,100,0.7948019801980198,1.0,1.0,0.8,2819dec6d5faa0cfb46449b8cda9a6a5efe0d92584a58587d516ebf89b31e7c8
ra_static_equal_seed1,ra_static_equal,1,v40c_01433,2,9,200,0.7570792079207921,0.9702970297029703,0.8811881188118812,0.8111111111111111,2819dec6d5faa0cfb46449b8cda9a6a5efe0d92584a58587d516ebf89b31e7c8
ra_static_equal_seed1,ra_static_equal,1,v40c_01434,1,5,100,0.6981612446958979,1.0,0.9434229137199429,0.72,2819dec6d5faa0cfb46449b8cda9a6a5efe0d92584a58587d516ebf89b31e7c8
ra_static_equal_seed1,ra_static_equal,1,v40c_01435,1,3,100,0.8336633663366337,1.0,1.0,0.8333333333333334,2819dec6d5faa0cfb46449b8cda9a6a5efe0d92584a58587d516ebf89b31e7c8
ra_static_equal_seed1,ra_static_equal,1,v40c_01436,1,3,100,0.8442244224422442,1.0,1.0,0.8666666666666666,2819dec6d5faa0cfb46449b8cda9a6a5efe0d92584a58587d516ebf89b31e7c8
ra_static_equal_seed1,ra_static_equal,1,v40c_01437,2,6,200,0.8084158415841584,1.0,1.0,0.8166666666666668,2819dec6d5faa0cfb46449b8cda9a6a5efe0d92584a58587d516ebf89b31e7c8
ra_static_equal_seed1,ra_static_equal,1,v40c_01438,5,16,500,0.7400261669024045,0.9414568599717116,0.9414568599717116,0.80625,2819dec6d5faa0cfb46449b8cda9a6a5efe0d92584a58587d516ebf89b31e7c8
ra_static_equal_seed1,ra_static_equal,1,v40c_01439,1,2,100,0.8252475247524753,1.0,1.0,0.85,2819dec6d5faa0cfb46449b8cda9a6a5efe0d92584a58587d516ebf89b31e7c8
ra_static_equal_seed1,ra_static_equal,1,v40c_01440,1,3,100,0.7663366336633664,1.0,1.0,0.7666666666666666,2819dec6d5faa0cfb46449b8cda9a6a5efe0d92584a58587d516ebf89b31e7c8
ra_static_equal_seed1,ra_static_equal,1,v40c_01441,1,2,100,0.8,1.0,1.0,0.8,2819dec6d5faa0cfb46449b8cda9a6a5efe0d92584a58587d516ebf89b31e7c8
ra_static_equal_seed1,ra_static_equal,1,v40c_01442,1,2,100,0.8504950495049505,1.0,1.0,0.85,2819dec6d5faa0cfb46449b8cda9a6a5efe0d92584a58587d516ebf89b31e7c8
ra_static_equal_seed1,ra_static_equal,1,v40c_01443,2,4,200,0.8,1.0,1.0,0.8,2819dec6d5faa0cfb46449b8cda9a6a5efe0d92584a58587d516ebf89b31e7c8
ra_static_equal_seed1,ra_static_equal,1,v40c_01444,1,2,100,0.8504950495049505,1.0,1.0,0.85,2819dec6d5faa0cfb46449b8cda9a6a5efe0d92584a58587d516ebf89b31e7c8
ra_static_equal_seed1,ra_static_equal,1,v40c_01445,1,2,100,0.8,1.0,1.0,0.8,2819dec6d5faa0cfb46449b8cda9a6a5efe0d92584a58587d516ebf89b31e7c8
ra_static_equal_seed1,ra_static_equal,1,v40c_01446,1,2,100,0.8,1.0,1.0,0.8,2819dec6d5faa0cfb46449b8cda9a6a5efe0d92584a58587d516ebf89b31e7c8
ra_static_equal_seed1,ra_static_equal,1,v40c_01447,1,2,100,0.9,1.0,1.0,0.9,2819dec6d5faa0cfb46449b8cda9a6a5efe0d92584a58587d516ebf89b31e7c8
ra_static_equal_seed1,ra_static_equal,1,v40c_01448,1,2,100,0.8,1.0,1.0,0.8,2819dec6d5faa0cfb46449b8cda9a6a5efe0d92584a58587d516ebf89b31e7c8
ra_static_equal_seed1,ra_static_equal,1,v40c_01449,1,2,100,0.8252475247524753,1.0,1.0,0.85,2819dec6d5faa0cfb46449b8cda9a6a5efe0d92584a58587d516ebf89b31e7c8
ra_static_equal_seed1,ra_static_equal,1,v40c_01450,1,2,100,0.8,1.0,1.0,0.8,2819dec6d5faa0cfb46449b8cda9a6a5efe0d92584a58587d516ebf89b31e7c8
ra_static_equal_seed1,ra_static_equal,1,v40c_01451,1,2,100,0.7,1.0,1.0,0.7,2819dec6d5faa0cfb46449b8cda9a6a5efe0d92584a58587d516ebf89b31e7c8
ra_static_equal_seed1,ra_static_equal,1,v40c_01452,1,2,100,0.7514851485148515,0.834983498349835,0.834983498349835,0.9,2819dec6d5faa0cfb46449b8cda9a6a5efe0d92584a58587d516ebf89b31e7c8
ra_static_equal_seed1,ra_static_equal,1,v40c_01453,1,4,100,0.7267326732673267,1.0,1.0,0.725,2819dec6d5faa0cfb46449b8cda9a6a5efe0d92584a58587d516ebf89b31e7c8
ra_static_equal_seed1,ra_static_equal,1,v40c_01454,1,3,100,0.7737623762376238,0.9158415841584159,0.9158415841584159,0.8333333333333333,2819dec6d5faa0cfb46449b8cda9a6a5efe0d92584a58587d516ebf89b31e7c8
ra_static_equal_seed1,ra_static_equal,1,v40c_01610,4,24,400,0.752662129566994,1.0,1.0,0.7708333333333333,2819dec6d5faa0cfb46449b8cda9a6a5efe0d92584a58587d516ebf89b31e7c8
ra_static_equal_seed1,ra_static_equal,1,v40c_01611,1,6,100,0.7915841584158415,1.0,1.0,0.7999999999999999,2819dec6d5faa0cfb46449b8cda9a6a5efe0d92584a58587d516ebf89b31e7c8
ra_static_equal_seed1,ra_static_equal,1,v40c_01612,2,12,200,0.7976567656765676,1.0,1.0,0.7999999999999999,2819dec6d5faa0cfb46449b8cda9a6a5efe0d92584a58587d516ebf89b31e7c8
ra_static_equal_seed1,ra_static_equal,1,v40c_01613,1,6,100,0.7143735063161489,1.0,0.8036303630363039,0.75,2819dec6d5faa0cfb46449b8cda9a6a5efe0d92584a58587d516ebf89b31e7c8
ra_static_equal_seed1,ra_static_equal,1,v40c_01614,3,15,300,0.7851995199519952,1.0,0.9099009900990098,0.8,2819dec6d5faa0cfb46449b8cda9a6a5efe0d92584a58587d516ebf89b31e7c8
ra_static_equal_seed1,ra_static_equal,1,v40c_01615,1,4,100,0.8381188118811881,1.0,1.0,0.85,2819dec6d5faa0cfb46449b8cda9a6a5efe0d92584a58587d516ebf89b31e7c8
ra_static_equal_seed1,ra_static_equal,1,v40c_01616,5,23,500,0.7780416852496062,0.9745027376300845,0.9637880283834537,0.8130434782608695,2819dec6d5faa0cfb46449b8cda9a6a5efe0d92584a58587d516ebf89b31e7c8
ra_static_equal_seed1,ra_static_equal,1,v40c_01617,1,4,100,0.8762376237623762,1.0,1.0,0.875,2819dec6d5faa0cfb46449b8cda9a6a5efe0d92584a58587d516ebf89b31e7c8
ra_static_equal_seed1,ra_static_equal,1,v40c_01618,7,23,700,0.7646170867086708,0.9979372937293727,0.9372937293729375,0.7869565217391304,2819dec6d5faa0cfb46449b8cda9a6a5efe0d92584a58587d516ebf89b31e7c8
ra_static_equal_seed1,ra_static_equal,1,v40c_01619,1,3,100,0.7666666666666667,1.0,1.0,0.7999999999999999,2819dec6d5faa0cfb46449b8cda9a6a5efe0d92584a58587d516ebf89b31e7c8
ra_static_equal_seed1,ra_static_equal,1,v40c_01620,6,24,600,0.6301507874193375,0.9252543418701358,0.7190398757679406,0.7083333333333334,2819dec6d5faa0cfb46449b8cda9a6a5efe0d92584a58587d516ebf89b31e7c8
ra_static_equal_seed1,ra_static_equal,1,v40c_01621,1,4,100,0.5925389047448327,0.8286367098248286,0.7638556959144193,0.775,2819dec6d5faa0cfb46449b8cda9a6a5efe0d92584a58587d516ebf89b31e7c8
ra_static_equal_seed1,ra_static_equal,1,v40c_01622,2,8,200,0.5933219036189333,0.8651265126512652,0.7821782178217822,0.6875,2819dec6d5faa0cfb46449b8cda9a6a5efe0d92584a58587d516ebf89b31e7c8
ra_static_equal_seed1,ra_static_equal,1,v40c_01623,1,4,100,0.5394389438943894,0.8762376237623762,0.7524752475247525,0.6,2819dec6d5faa0cfb46449b8cda9a6a5efe0d92584a58587d516ebf89b31e7c8
ra_static_equal_seed1,ra_static_equal,1,v40c_01624,1,4,100,0.5977840641206976,0.8939179632248937,0.8939179632248937,0.7,2819dec6d5faa0cfb46449b8cda9a6a5efe0d92584a58587d516ebf89b31e7c8
ra_static_equal_seed1,ra_static_equal,1,v40c_01625,1,4,100,0.43743970550901246,0.7032876364559536,0.47400990099009893,0.625,2819dec6d5faa0cfb46449b8cda9a6a5efe0d92584a58587d516ebf89b31e7c8
ra_static_equal_seed1,ra_static_equal,1,v40c_01626,1,4,100,0.44469865905509465,0.834983498349835,0.44251181874944234,0.65,2819dec6d5faa0cfb46449b8cda9a6a5efe0d92584a58587d516ebf89b31e7c8
ra_static_equal_seed1,ra_static_equal,1,v40c_01627,1,3,100,0.4550447901933049,0.6666666666666665,0.5905233380480903,0.7333333333333333,2819dec6d5faa0cfb46449b8cda9a6a5efe0d92584a58587d516ebf89b31e7c8
ra_static_equal_seed1,ra_static_equal,1,v40c_01628,1,3,100,0.5071251768033946,0.6987270155586989,0.5853960396039604,0.8333333333333334,2819dec6d5faa0cfb46449b8cda9a6a5efe0d92584a58587d516ebf89b31e7c8
ra_static_equal_seed1,ra_static_equal,1,v40c_01629,1,3,100,0.6057425742574255,0.865346534653465,0.865346534653465,0.7,2819dec6d5faa0cfb46449b8cda9a6a5efe0d92584a58587d516ebf89b31e7c8
ra_static_equal_seed1,ra_static_equal,1,v40c_01630,1,3,100,0.6094295143800095,1.0,0.3969825553983966,0.7,2819dec6d5faa0cfb46449b8cda9a6a5efe0d92584a58587d516ebf89b31e7c8
ra_static_equal_seed1,ra_static_equal,1,v40c_01631,1,3,100,0.6653465346534654,1.0,0.6633663366336634,0.6666666666666666,2819dec6d5faa0cfb46449b8cda9a6a5efe0d92584a58587d516ebf89b31e7c8
ra_static_equal_seed1,ra_static_equal,1,v40c_01632,1,2,100,0.6514851485148514,1.0,0.5049504950495048,0.65,2819dec6d5faa0cfb46449b8cda9a6a5efe0d92584a58587d516ebf89b31e7c8
ra_static_equal_seed1,ra_static_equal,1,v40c_01633,3,8,300,0.6338723872387237,0.9356435643564355,0.7750825082508248,0.7375,2819dec6d5faa0cfb46449b8cda9a6a5efe0d92584a58587d516ebf89b31e7c8
ra_static_equal_seed1,ra_static_equal,1,v40c_01634,2,4,200,0.5544654465446545,0.7015951595159519,0.5724572457245725,0.75,2819dec6d5faa0cfb46449b8cda9a6a5efe0d92584a58587d516ebf89b31e7c8
ra_static_equal_seed1,ra_static_equal,1,v40c_01635,2,2,200,0.8504950495049505,1.0,1.0,0.85,2819dec6d5faa0cfb46449b8cda9a6a5efe0d92584a58587d516ebf89b31e7c8
ra_static_equal_seed1,ra_static_equal,1,v40c_01636,2,2,200,0.7252475247524752,1.0,1.0,0.75,2819dec6d5faa0cfb46449b8cda9a6a5efe0d92584a58587d516ebf89b31e7c8
ra_static_equal_seed1,ra_static_equal,1,v40c_01637,2,2,200,0.9,1.0,1.0,0.9,2819dec6d5faa0cfb46449b8cda9a6a5efe0d92584a58587d516ebf89b31e7c8
ra_static_equal_seed1,ra_static_equal,1,v40c_01638,1,1,100,0.8999999999999998,0.9999999999999999,0.9999999999999999,0.9,2819dec6d5faa0cfb46449b8cda9a6a5efe0d92584a58587d516ebf89b31e7c8
ra_static_equal_seed1,ra_static_equal,1,v40c_01639,1,1,100,0.7999999999999999,0.9999999999999999,0.9999999999999999,0.8,2819dec6d5faa0cfb46449b8cda9a6a5efe0d92584a58587d516ebf89b31e7c8
ra_static_equal_seed1,ra_static_equal,1,v40c_01640,1,1,100,0.8999999999999998,0.9999999999999999,0.9999999999999999,0.9,2819dec6d5faa0cfb46449b8cda9a6a5efe0d92584a58587d516ebf89b31e7c8
ra_static_equal_seed1,ra_static_equal,1,v40c_01641,1,2,100,0.7016501650165017,0.834983498349835,0.834983498349835,0.9,2819dec6d5faa0cfb46449b8cda9a6a5efe0d92584a58587d516ebf89b31e7c8
ra_static_equal_seed1,ra_static_equal,1,v40c_01642,1,2,100,0.6757425742574257,1.0,1.0,0.75,2819dec6d5faa0cfb46449b8cda9a6a5efe0d92584a58587d516ebf89b31e7c8
ra_static_equal_seed1,ra_static_equal,1,v40c_01643,1,2,100,0.6277227722772276,1.0,0.5049504950495048,0.7,2819dec6d5faa0cfb46449b8cda9a6a5efe0d92584a58587d516ebf89b31e7c8
ra_static_equal_seed1,ra_static_equal,1,v40c_01644,1,1,100,0.8999999999999998,0.9999999999999999,0.9999999999999999,0.9,2819dec6d5faa0cfb46449b8cda9a6a5efe0d92584a58587d516ebf89b31e7c8
ra_static_equal_seed1,ra_static_equal,1,v40c_01645,1,1,100,0.8999999999999998,0.9999999999999999,0.9999999999999999,0.9,2819dec6d5faa0cfb46449b8cda9a6a5efe0d92584a58587d516ebf89b31e7c8
ra_static_equal_seed1,ra_static_equal,1,v40c_02412,1,1,100,0.13333333333333336,0.3333333333333334,0.0,0.4,2819dec6d5faa0cfb46449b8cda9a6a5efe0d92584a58587d516ebf89b31e7c8
ra_static_equal_seed1,ra_static_equal,1,v40c_02413,1,1,100,0.03636363636363639,0.09090909090909097,0.0,0.4,2819dec6d5faa0cfb46449b8cda9a6a5efe0d92584a58587d516ebf89b31e7c8
ra_static_equal_seed1,ra_static_equal,1,v40c_02414,1,1,100,0.225,0.9999999999999999,0.0,0.4,2819dec6d5faa0cfb46449b8cda9a6a5efe0d92584a58587d516ebf89b31e7c8
ra_static_equal_seed1,ra_static_equal,1,v40c_02415,1,0,100,0.0,0.0,0.0,0.0,2819dec6d5faa0cfb46449b8cda9a6a5efe0d92584a58587d516ebf89b31e7c8
ra_static_equal_seed1,ra_static_equal,1,v40c_02416,1,1,100,0.7999999999999999,0.9999999999999999,0.9999999999999999,0.8,2819dec6d5faa0cfb46449b8cda9a6a5efe0d92584a58587d516ebf89b31e7c8
ra_static_equal_seed1,ra_static_equal,1,v40c_02417,1,2,100,0.601980198019802,0.834983498349835,0.834983498349835,0.7,2819dec6d5faa0cfb46449b8cda9a6a5efe0d92584a58587d516ebf89b31e7c8
ra_static_equal_seed1,ra_static_equal,1,v40c_02418,1,3,100,0.5405940594059405,1.0,0.33663366336633654,0.5666666666666667,2819dec6d5faa0cfb46449b8cda9a6a5efe0d92584a58587d516ebf89b31e7c8
ra_static_equal_seed1,ra_static_equal,1,v40c_02419,1,3,100,0.4727931602093213,0.6959437879271799,0.6633663366336634,0.5666666666666667,2819dec6d5faa0cfb46449b8cda9a6a5efe0d92584a58587d516ebf89b31e7c8
ra_static_equal_seed1,ra_static_equal,1,v40c_02420,1,3,100,0.6326732673267327,1.0,0.6633663366336634,0.6333333333333333,2819dec6d5faa0cfb46449b8cda9a6a5efe0d92584a58587d516ebf89b31e7c8
ra_static_equal_seed1,ra_static_equal,1,v40c_02421,1,3,100,0.41301272984441295,0.6442715700141444,0.49999999999999994,0.6333333333333333,2819dec6d5faa0cfb46449b8cda9a6a5efe0d92584a58587d516ebf89b31e7c8
ra_static_equal_seed1,ra_static_equal,1,v40c_02422,1,3,100,0.5999999999999999,0.865346534653465,0.6633663366336634,0.6666666666666666,2819dec6d5faa0cfb46449b8cda9a6a5efe0d92584a58587d516ebf89b31e7c8
ra_static_equal_seed1,ra_static_equal,1,v40c_02423,1,2,100,0.4789678967896789,0.834983498349835,0.5049504950495048,0.55,2819dec6d5faa0cfb46449b8cda9a6a5efe0d92584a58587d516ebf89b31e7c8
ra_static_equal_seed1,ra_static_equal,1,v40c_02424,1,2,100,0.700990099009901,1.0,1.0,0.7,2819dec6d5faa0cfb46449b8cda9a6a5efe0d92584a58587d516ebf89b31e7c8
ra_static_equal_seed1,ra_static_equal,1,v40c_02425,1,3,100,0.6564356435643564,1.0,0.5544554455445545,0.6666666666666666,2819dec6d5faa0cfb46449b8cda9a6a5efe0d92584a58587d516ebf89b31e7c8
ra_static_equal_seed1,ra_static_equal,1,v40c_02426,1,3,100,0.7227722772277227,1.0,1.0,0.7333333333333333,2819dec6d5faa0cfb46449b8cda9a6a5efe0d92584a58587d516ebf89b31e7c8
ra_static_equal_seed1,ra_static_equal,1,v40c_02427,1,2,100,0.700990099009901,1.0,1.0,0.7,2819dec6d5faa0cfb46449b8cda9a6a5efe0d92584a58587d516ebf89b31e7c8
ra_static_equal_seed1,ra_static_equal,1,v40c_02428,1,2,100,0.5046561412898046,1.0,0.5049504950495048,0.55,2819dec6d5faa0cfb46449b8cda9a6a5efe0d92584a58587d516ebf89b31e7c8
ra_static_equal_seed1,ra_static_equal,1,v40c_02429,1,2,100,0.6504950495049504,1.0,1.0,0.65,2819dec6d5faa0cfb46449b8cda9a6a5efe0d92584a58587d516ebf89b31e7c8
ra_static_equal_seed1,ra_static_equal,1,v40c_02430,1,2,100,0.5516330943439172,1.0,0.5163309434391716,0.6,2819dec6d5faa0cfb46449b8cda9a6a5efe0d92584a58587d516ebf89b31e7c8
ra_static_equal_seed1,ra_static_equal,1,v40c_02431,1,2,100,0.600990099009901,1.0,0.5049504950495048,0.6,2819dec6d5faa0cfb46449b8cda9a6a5efe0d92584a58587d516ebf89b31e7c8
ra_static_equal_seed1,ra_static_equal,1,v40c_02432,1,2,100,0.601980198019802,1.0,0.5049504950495048,0.6,2819dec6d5faa0cfb46449b8cda9a6a5efe0d92584a58587d516ebf89b31e7c8
ra_static_equal_seed1,ra_static_equal,1,v40c_02433,1,2,100,0.6504950495049504,1.0,1.0,0.65,2819dec6d5faa0cfb46449b8cda9a6a5efe0d92584a58587d516ebf89b31e7c8
ra_static_equal_seed1,ra_static_equal,1,v40c_02434,1,2,100,0.6504950495049504,1.0,1.0,0.65,2819dec6d5faa0cfb46449b8cda9a6a5efe0d92584a58587d516ebf89b31e7c8
ra_static_equal_seed1,ra_static_equal,1,v40c_02435,1,2,100,0.45614228089475617,0.834983498349835,0.5049504950495048,0.55,2819dec6d5faa0cfb46449b8cda9a6a5efe0d92584a58587d516ebf89b31e7c8
ra_static_equal_seed1,ra_static_equal,1,v40c_02436,1,3,100,0.44414191419141913,1.0,0.16831683168316833,0.5666666666666667,2819dec6d5faa0cfb46449b8cda9a6a5efe0d92584a58587d516ebf89b31e7c8
ra_static_equal_seed1,ra_static_equal,1,v40c_02437,1,2,100,0.601980198019802,0.834983498349835,0.834983498349835,0.7,2819dec6d5faa0cfb46449b8cda9a6a5efe0d92584a58587d516ebf89b31e7c8
ra_static_equal_seed1,ra_static_equal,1,v40c_02438,2,5,200,0.5333828382838284,0.8333333333333331,0.452970297029703,0.6599999999999999,2819dec6d5faa0cfb46449b8cda9a6a5efe0d92584a58587d516ebf89b31e7c8
ra_static_equal_seed1,ra_static_equal,1,v40c_02439,1,4,100,0.6772277227722772,1.0,0.7524752475247525,0.675,2819dec6d5faa0cfb46449b8cda9a6a5efe0d92584a58587d516ebf89b31e7c8
ra_static_equal_seed1,ra_static_equal,1,v40c_02440,2,6,200,0.481153221879565,0.8193069306930693,0.47171725369258233,0.6833333333333333,2819dec6d5faa0cfb46449b8cda9a6a5efe0d92584a58587d516ebf89b31e7c8
ra_static_equal_seed1,ra_static_equal,1,v40c_02441,1,3,100,0.6831683168316831,1.0,1.0,0.7,2819dec6d5faa0cfb46449b8cda9a6a5efe0d92584a58587d516ebf89b31e7c8
ra_static_equal_seed1,ra_static_equal,1,v40c_02442,1,4,100,0.6013201320132013,1.0,0.7524752475247525,0.65,2819dec6d5faa0cfb46449b8cda9a6a5efe0d92584a58587d516ebf89b31e7c8
ra_static_equal_seed1,ra_static_equal,1,v40c_02443,1,4,100,0.6504950495049504,1.0,0.7524752475247525,0.65,2819dec6d5faa0cfb46449b8cda9a6a5efe0d92584a58587d516ebf89b31e7c8
ra_static_equal_seed1,ra_static_equal,1,v40c_02444,1,4,100,0.5550090492920259,1.0,0.7524752475247525,0.625,2819dec6d5faa0cfb46449b8cda9a6a5efe0d92584a58587d516ebf89b31e7c8
ra_static_equal_seed1,ra_static_equal,1,v40c_02445,1,4,100,0.6086633663366335,1.0,0.6905940594059405,0.7,2819dec6d5faa0cfb46449b8cda9a6a5efe0d92584a58587d516ebf89b31e7c8
ra_static_equal_seed1,ra_static_equal,1,v40c_02446,2,6,200,0.5930033003300329,1.0,0.47343234323432337,0.7333333333333333,2819dec6d5faa0cfb46449b8cda9a6a5efe0d92584a58587d516ebf89b31e7c8
ra_static_equal_seed1,ra_static_equal,1,v40c_02447,1,3,100,0.619059405940594,1.0,0.41831683168316824,0.7,2819dec6d5faa0cfb46449b8cda9a6a5efe0d92584a58587d516ebf89b31e7c8
ra_static_equal_seed1,ra_static_equal,1,v40c_02448,1,2,100,0.5534653465346535,0.7029702970297033,0.5049504950495048,0.7,2819dec6d5faa0cfb46449b8cda9a6a5efe0d92584a58587d516ebf89b31e7c8
ra_static_equal_seed1,ra_static_equal,1,v40c_02449,1,2,100,0.6772277227722772,1.0,0.7524752475247525,0.75,2819dec6d5faa0cfb46449b8cda9a6a5efe0d92584a58587d516ebf89b31e7c8
ra_static_equal_seed1,ra_static_equal,1,v40c_02450,1,2,100,0.5524752475247524,1.0,0.5049504950495048,0.6,2819dec6d5faa0cfb46449b8cda9a6a5efe0d92584a58587d516ebf89b31e7c8
ra_static_equal_seed1,ra_static_equal,1,v40c_02451,1,2,100,0.8252475247524753,1.0,1.0,0.85,2819dec6d5faa0cfb46449b8cda9a6a5efe0d92584a58587d516ebf89b31e7c8
ra_static_equal_seed1,ra_static_equal,1,v40c_02452,1,2,100,0.5514851485148514,1.0,0.5049504950495048,0.55,2819dec6d5faa0cfb46449b8cda9a6a5efe0d92584a58587d516ebf89b31e7c8
ra_static_equal_seed1,ra_static_equal,1,v40c_02453,1,2,100,0.47673267326732677,0.7524752475247525,0.7524752475247525,0.7,2819dec6d5faa0cfb46449b8cda9a6a5efe0d92584a58587d516ebf89b31e7c8
ra_static_equal_seed1,ra_static_equal,1,v40c_02482,48,155,4800,0.7497724666336203,0.9900351325455127,0.9799391703876269,0.7864516129032258,2819dec6d5faa0cfb46449b8cda9a6a5efe0d92584a58587d516ebf89b31e7c8
ra_static_equal_seed1,ra_static_equal,1,v40c_02483,1,3,100,0.7158415841584158,1.0,0.6633663366336634,0.7333333333333333,2819dec6d5faa0cfb46449b8cda9a6a5efe0d92584a58587d516ebf89b31e7c8
ra_static_equal_seed1,ra_static_equal,1,v40c_02484,1,3,100,0.7673267326732673,1.0,1.0,0.7666666666666666,2819dec6d5faa0cfb46449b8cda9a6a5efe0d92584a58587d516ebf89b31e7c8
ra_static_equal_seed1,ra_static_equal,1,v40c_02485,6,18,600,0.7687544468732588,1.0,0.9224422442244224,0.7944444444444444,2819dec6d5faa0cfb46449b8cda9a6a5efe0d92584a58587d516ebf89b31e7c8
ra_static_equal_seed1,ra_static_equal,1,v40c_02486,1,3,100,0.799009900990099,1.0,1.0,0.8,2819dec6d5faa0cfb46449b8cda9a6a5efe0d92584a58587d516ebf89b31e7c8
ra_static_equal_seed1,ra_static_equal,1,v40c_02487,2,6,200,0.7722772277227723,1.0,1.0,0.7999999999999999,2819dec6d5faa0cfb46449b8cda9a6a5efe0d92584a58587d516ebf89b31e7c8
ra_static_equal_seed1,ra_static_equal,1,v40c_02488,1,3,100,0.7326732673267327,1.0,1.0,0.7333333333333333,2819dec6d5faa0cfb46449b8cda9a6a5efe0d92584a58587d516ebf89b31e7c8
ra_static_equal_seed1,ra_static_equal,1,v40c_02489,1,3,100,0.7495049504950495,1.0,1.0,0.7666666666666666,2819dec6d5faa0cfb46449b8cda9a6a5efe0d92584a58587d516ebf89b31e7c8
ra_static_equal_seed1,ra_static_equal,1,v40c_02490,2,6,200,0.7699009900990099,1.0,1.0,0.7999999999999999,2819dec6d5faa0cfb46449b8cda9a6a5efe0d92584a58587d516ebf89b31e7c8
ra_static_equal_seed1,ra_static_equal,1,v40c_02561,1,11,100,0.6063104334106295,0.9275537309828543,0.6938118811881189,0.7,2819dec6d5faa0cfb46449b8cda9a6a5efe0d92584a58587d516ebf89b31e7c8
ra_static_equal_seed1,ra_static_equal,1,v40c_02562,5,58,500,0.6081189879990669,0.9537970409969959,0.6341362563390988,0.6844827586206896,2819dec6d5faa0cfb46449b8cda9a6a5efe0d92584a58587d516ebf89b31e7c8
ra_static_equal_seed1,ra_static_equal,1,v40c_02563,1,11,100,0.7190150443615788,1.0,0.8604860486048602,0.7636363636363636,2819dec6d5faa0cfb46449b8cda9a6a5efe0d92584a58587d516ebf89b31e7c8
ra_static_equal_seed1,ra_static_equal,1,v40c_02564,1,11,100,0.6641955255433377,0.9917491749174919,0.6873340329424646,0.7272727272727273,2819dec6d5faa0cfb46449b8cda9a6a5efe0d92584a58587d516ebf89b31e7c8
ra_static_equal_seed1,ra_static_equal,1,v40c_02565,1,12,100,0.4278140671209978,0.9108910891089109,0.3603960396039604,0.4666666666666667,2819dec6d5faa0cfb46449b8cda9a6a5efe0d92584a58587d516ebf89b31e7c8
ra_static_equal_seed1,ra_static_equal,1,v40c_02566,1,12,100,0.5896448662560589,0.9737914967967383,0.39321074964639324,0.6333333333333333,2819dec6d5faa0cfb46449b8cda9a6a5efe0d92584a58587d516ebf89b31e7c8
ra_static_equal_seed1,ra_static_equal,1,v40c_02567,1,12,100,0.6365845155944168,1.0,0.5508479419370509,0.7166666666666666,2819dec6d5faa0cfb46449b8cda9a6a5efe0d92584a58587d516ebf89b31e7c8
ra_static_equal_seed1,ra_static_equal,1,v40c_02568,2,24,200,0.6320586156359996,0.9550981413930866,0.6629462946294631,0.6708333333333333,2819dec6d5faa0cfb46449b8cda9a6a5efe0d92584a58587d516ebf89b31e7c8
ra_static_equal_seed1,ra_static_equal,1,v40c_02569,4,44,400,0.6543713417109186,0.9564331352478569,0.721827265450882,0.7204545454545455,2819dec6d5faa0cfb46449b8cda9a6a5efe0d92584a58587d516ebf89b31e7c8
ra_static_equal_seed1,ra_static_equal,1,v40c_02570,2,21,200,0.6777707182482955,0.9706827825639709,0.7247524752475247,0.719047619047619,2819dec6d5faa0cfb46449b8cda9a6a5efe0d92584a58587d516ebf89b31e7c8
ra_static_equal_seed1,ra_static_equal,1,v40c_02571,2,21,200,0.6861849119694579,0.9601329698187209,0.7175935450687927,0.7285714285714284,2819dec6d5faa0cfb46449b8cda9a6a5efe0d92584a58587d516ebf89b31e7c8
ra_static_equal_seed1,ra_static_equal,1,v40c_02572,4,44,400,0.7049184162816569,0.9830165708878579,0.8469978030621594,0.759090909090909,2819dec6d5faa0cfb46449b8cda9a6a5efe0d92584a58587d516ebf89b31e7c8
ra_static_equal_seed1,ra_static_equal,1,v40c_02573,3,33,300,0.6455705861549237,0.9988351776354105,0.6733382603643937,0.709090909090909,2819dec6d5faa0cfb46449b8cda9a6a5efe0d92584a58587d516ebf89b31e7c8
ra_static_equal_seed1,ra_static_equal,1,v40c_02574,4,44,400,0.5684377489858332,0.9840941552344035,0.582884400839175,0.6363636363636364,2819dec6d5faa0cfb46449b8cda9a6a5efe0d92584a58587d516ebf89b31e7c8
ra_static_equal_seed1,ra_static_equal,1,v40c_02575,1,11,100,0.618835454974069,0.9917491749174919,0.5814710042432815,0.6363636363636364,2819dec6d5faa0cfb46449b8cda9a6a5efe0d92584a58587d516ebf89b31e7c8
ra_static_equal_seed1,ra_static_equal,1,v40c_02576,1,11,100,0.7427602183295252,0.9917491749174919,0.8029702970297029,0.7545454545454545,2819dec6d5faa0cfb46449b8cda9a6a5efe0d92584a58587d516ebf89b31e7c8
ra_static_equal_seed1,ra_static_equal,1,v40c_02577,5,62,500,0.663001428072517,0.9059377552151845,0.7477177012521914,0.7338709677419354,2819dec6d5faa0cfb46449b8cda9a6a5efe0d92584a58587d516ebf89b31e7c8
ra_static_equal_seed1,ra_static_equal,1,v40c_02578,2,23,200,0.6636110399501488,0.8883542200373884,0.6732425742574257,0.691304347826087,2819dec6d5faa0cfb46449b8cda9a6a5efe0d92584a58587d516ebf89b31e7c8
ra_static_equal_seed1,ra_static_equal,1,v40c_02579,9,118,900,0.6888561587336111,0.9665716267403467,0.7671116979728188,0.752542372881356,2819dec6d5faa0cfb46449b8cda9a6a5efe0d92584a58587d516ebf89b31e7c8
ra_static_equal_seed1,ra_static_equal,1,v40c_02580,2,26,200,0.7313185489173839,0.9829849651631827,0.8593982654079362,0.7807692307692309,2819dec6d5faa0cfb46449b8cda9a6a5efe0d92584a58587d516ebf89b31e7c8
ra_static_equal_seed1,ra_static_equal,1,v40c_02581,1,13,100,0.7693547926221196,0.9943422913719945,0.961810466760962,0.8076923076923077,2819dec6d5faa0cfb46449b8cda9a6a5efe0d92584a58587d516ebf89b31e7c8
ra_static_equal_seed1,ra_static_equal,1,v40c_02582,4,54,400,0.6782711449888321,0.9478644408392225,0.7851132209398691,0.7462962962962963,2819dec6d5faa0cfb46449b8cda9a6a5efe0d92584a58587d516ebf89b31e7c8
ra_static_equal_seed1,ra_static_equal,1,v40c_02583,1,13,100,0.7255850585058505,0.9702970297029703,0.8415841584158416,0.7692307692307693,2819dec6d5faa0cfb46449b8cda9a6a5efe0d92584a58587d516ebf89b31e7c8
ra_static_equal_seed1,ra_static_equal,1,v40c_02584,3,39,300,0.6583267363034924,0.9182702859951645,0.6959514946873594,0.7230769230769231,2819dec6d5faa0cfb46449b8cda9a6a5efe0d92584a58587d516ebf89b31e7c8
ra_static_equal_seed1,ra_static_equal,1,v40c_02585,1,12,100,0.7354010401040104,0.9777227722772277,0.8213421342134213,0.7916666666666666,2819dec6d5faa0cfb46449b8cda9a6a5efe0d92584a58587d516ebf89b31e7c8
ra_static_equal_seed1,ra_static_equal,1,v40c_02855,1,5,100,0.797029702970297,1.0,1.0,0.8,2819dec6d5faa0cfb46449b8cda9a6a5efe0d92584a58587d516ebf89b31e7c8
ra_static_equal_seed1,ra_static_equal,1,v40c_02856,5,23,500,0.7810804518850101,0.9259302172730333,0.9026741647620662,0.8652173913043478,2819dec6d5faa0cfb46449b8cda9a6a5efe0d92584a58587d516ebf89b31e7c8
ra_static_equal_seed1,ra_static_equal,1,v40c_02857,2,10,200,0.7624131816166692,1.0,0.7932778352462113,0.8,2819dec6d5faa0cfb46449b8cda9a6a5efe0d92584a58587d516ebf89b31e7c8
ra_static_equal_seed1,ra_static_equal,1,v40c_02858,2,10,200,0.7762376237623761,1.0,1.0,0.8,2819dec6d5faa0cfb46449b8cda9a6a5efe0d92584a58587d516ebf89b31e7c8
ra_static_equal_seed1,ra_static_equal,1,v40c_02859,1,6,100,0.6971947194719471,1.0,0.6633663366336634,0.7166666666666666,2819dec6d5faa0cfb46449b8cda9a6a5efe0d92584a58587d516ebf89b31e7c8
ra_static_equal_seed1,ra_static_equal,1,v40c_02860,10,53,1000,0.7232895493196424,0.9423395619529539,0.7478686356197591,0.7886792452830188,2819dec6d5faa0cfb46449b8cda9a6a5efe0d92584a58587d516ebf89b31e7c8
ra_static_equal_seed1,ra_static_equal,1,v40c_02861,2,10,200,0.8359264497878358,1.0,1.0,0.85,2819dec6d5faa0cfb46449b8cda9a6a5efe0d92584a58587d516ebf89b31e7c8
ra_static_equal_seed1,ra_static_equal,1,v40c_02862,1,5,100,0.7701555869872699,0.9434229137199429,0.8514851485148515,0.8200000000000001,2819dec6d5faa0cfb46449b8cda9a6a5efe0d92584a58587d516ebf89b31e7c8
ra_static_equal_seed1,ra_static_equal,1,v40c_02863,2,12,200,0.7412275404755666,0.9702970297029705,0.9244266198771773,0.7666666666666667,2819dec6d5faa0cfb46449b8cda9a6a5efe0d92584a58587d516ebf89b31e7c8
ra_static_equal_seed1,ra_static_equal,1,v40c_02864,2,11,200,0.8439324701700939,0.9710586443259708,0.9710586443259708,0.8818181818181818,2819dec6d5faa0cfb46449b8cda9a6a5efe0d92584a58587d516ebf89b31e7c8
ra_static_equal_seed1,ra_static_equal,1,v40c_02865,3,18,300,0.7417527824210992,0.9349584958495848,0.7834158415841584,0.7888888888888889,2819dec6d5faa0cfb46449b8cda9a6a5efe0d92584a58587d516ebf89b31e7c8
ra_static_equal_seed1,ra_static_equal,1,v40c_02866,5,27,500,0.7692661994565456,0.9354137105636354,0.8622740670983743,0.8444444444444443,2819dec6d5faa0cfb46449b8cda9a6a5efe0d92584a58587d516ebf89b31e7c8
ra_static_equal_seed1,ra_static_equal,1,v40c_02867,2,12,200,0.7798004037466992,0.9568183709127215,0.8131007483764741,0.8249999999999998,2819dec6d5faa0cfb46449b8cda9a6a5efe0d92584a58587d516ebf89b31e7c8
ra_static_equal_seed1,ra_static_equal,1,v40c_02868,1,6,100,0.6877337733773377,0.9298679867986801,0.6750550055005501,0.8,2819dec6d5faa0cfb46449b8cda9a6a5efe0d92584a58587d516ebf89b31e7c8
ra_static_equal_seed1,ra_static_equal,1,v40c_02869,2,11,200,0.7388950549190257,0.9166503116477062,0.7956795679567957,0.7909090909090909,2819dec6d5faa0cfb46449b8cda9a6a5efe0d92584a58587d516ebf89b31e7c8
ra_static_equal_seed1,ra_static_equal,1,v40c_02870,1,4,100,0.8504950495049505,1.0,1.0,0.85,2819dec6d5faa0cfb46449b8cda9a6a5efe0d92584a58587d516ebf89b31e7c8
ra_static_equal_seed1,ra_static_equal,1,v40c_02871,2,11,200,0.7664662894860916,0.9490806223479495,0.9438943894389441,0.8181818181818181,2819dec6d5faa0cfb46449b8cda9a6a5efe0d92584a58587d516ebf89b31e7c8
ra_static_equal_seed1,ra_static_equal,1,v40c_02872,1,6,100,0.7783592644978784,0.9759547383309762,0.8316831683168316,0.8166666666666668,2819dec6d5faa0cfb46449b8cda9a6a5efe0d92584a58587d516ebf89b31e7c8
ra_static_equal_seed1,ra_static_equal,1,v40c_02873,2,11,200,0.8152661419988151,0.9847677075399844,0.900990099009901,0.8363636363636365,2819dec6d5faa0cfb46449b8cda9a6a5efe0d92584a58587d516ebf89b31e7c8
ra_static_equal_seed1,ra_static_equal,1,v40c_02874,6,30,600,0.8312603674160519,1.0,1.0,0.8466666666666667,2819dec6d5faa0cfb46449b8cda9a6a5efe0d92584a58587d516ebf89b31e7c8
ra_static_equal_seed1,ra_static_equal,1,v40c_02875,1,5,100,0.8861386138613861,1.0,1.0,0.9,2819dec6d5faa0cfb46449b8cda9a6a5efe0d92584a58587d516ebf89b31e7c8
ra_static_equal_seed1,ra_static_equal,1,v40c_02876,8,34,800,0.7876269200526148,0.9718003623382657,0.9358686409118065,0.8323529411764705,2819dec6d5faa0cfb46449b8cda9a6a5efe0d92584a58587d516ebf89b31e7c8
ra_static_equal_seed1,ra_static_equal,1,v40c_02877,1,4,100,0.869059405940594,1.0,1.0,0.875,2819dec6d5faa0cfb46449b8cda9a6a5efe0d92584a58587d516ebf89b31e7c8
ra_static_equal_seed1,ra_static_equal,1,v40c_02888,1,1,100,0.0,0.0,0.0,0.0,2819dec6d5faa0cfb46449b8cda9a6a5efe0d92584a58587d516ebf89b31e7c8
ra_static_equal_seed1,ra_static_equal,1,v40c_02889,3,3,300,0.610891089108911,0.8341584158415841,0.5544554455445545,0.7333333333333333,2819dec6d5faa0cfb46449b8cda9a6a5efe0d92584a58587d516ebf89b31e7c8
ra_static_equal_seed1,ra_static_equal,1,v40c_02890,4,8,400,0.5962871287128713,0.8712871287128713,0.6039603960396039,0.625,2819dec6d5faa0cfb46449b8cda9a6a5efe0d92584a58587d516ebf89b31e7c8
ra_static_equal_seed1,ra_static_equal,1,v40c_02891,1,2,100,0.8504950495049505,1.0,1.0,0.85,2819dec6d5faa0cfb46449b8cda9a6a5efe0d92584a58587d516ebf89b31e7c8
ra_static_equal_seed1,ra_static_equal,1,v40c_02892,1,2,100,0.8504950495049505,1.0,1.0,0.85,2819dec6d5faa0cfb46449b8cda9a6a5efe0d92584a58587d516ebf89b31e7c8
ra_static_equal_seed1,ra_static_equal,1,v40c_02893,3,6,300,0.8498349834983498,1.0,1.0,0.8666666666666666,2819dec6d5faa0cfb46449b8cda9a6a5efe0d92584a58587d516ebf89b31e7c8
ra_static_equal_seed1,ra_static_equal,1,v40c_02941,12,72,1200,0.8388790070599444,0.9985022150863735,0.9792354235423543,0.8638888888888887,2819dec6d5faa0cfb46449b8cda9a6a5efe0d92584a58587d516ebf89b31e7c8
ra_static_equal_seed1,ra_static_equal,1,v40c_02987,1,1,100,0.7999999999999999,0.9999999999999999,0.9999999999999999,0.8,2819dec6d5faa0cfb46449b8cda9a6a5efe0d92584a58587d516ebf89b31e7c8
ra_static_equal_seed1,ra_static_equal,1,v40c_02988,1,1,100,0.8999999999999998,0.9999999999999999,0.9999999999999999,0.9,2819dec6d5faa0cfb46449b8cda9a6a5efe0d92584a58587d516ebf89b31e7c8
ra_static_equal_seed1,ra_static_equal,1,v40c_02989,1,1,100,0.7999999999999999,0.9999999999999999,0.9999999999999999,0.8,2819dec6d5faa0cfb46449b8cda9a6a5efe0d92584a58587d516ebf89b31e7c8
ra_static_equal_seed1,ra_static_equal,1,v40c_02990,1,1,100,0.7999999999999999,0.9999999999999999,0.9999999999999999,0.8,2819dec6d5faa0cfb46449b8cda9a6a5efe0d92584a58587d516ebf89b31e7c8
ra_static_equal_seed1,ra_static_equal,1,v40c_02991,1,1,100,0.8999999999999998,0.9999999999999999,0.9999999999999999,0.9,2819dec6d5faa0cfb46449b8cda9a6a5efe0d92584a58587d516ebf89b31e7c8
ra_static_equal_seed1,ra_static_equal,1,v40c_02992,2,2,200,0.8,1.0,1.0,0.8,2819dec6d5faa0cfb46449b8cda9a6a5efe0d92584a58587d516ebf89b31e7c8
ra_static_equal_seed1,ra_static_equal,1,v40c_02993,2,2,200,0.8252475247524753,1.0,1.0,0.85,2819dec6d5faa0cfb46449b8cda9a6a5efe0d92584a58587d516ebf89b31e7c8
ra_static_equal_seed1,ra_static_equal,1,v40c_02994,1,1,100,0.7999999999999999,0.9999999999999999,0.9999999999999999,0.8,2819dec6d5faa0cfb46449b8cda9a6a5efe0d92584a58587d516ebf89b31e7c8
ra_static_equal_seed1,ra_static_equal,1,v40c_02995,3,3,300,0.9,1.0,1.0,0.9,2819dec6d5faa0cfb46449b8cda9a6a5efe0d92584a58587d516ebf89b31e7c8
ra_static_equal_seed1,ra_static_equal,1,v40c_02996,3,3,300,0.9112211221122113,1.0,1.0,0.9333333333333333,2819dec6d5faa0cfb46449b8cda9a6a5efe0d92584a58587d516ebf89b31e7c8
ra_static_equal_seed1,ra_static_equal,1,v40c_02997,4,4,400,0.9252475247524753,1.0,1.0,0.95,2819dec6d5faa0cfb46449b8cda9a6a5efe0d92584a58587d516ebf89b31e7c8
ra_static_equal_seed1,ra_static_equal,1,v40c_02998,2,2,200,0.9,1.0,1.0,0.9,2819dec6d5faa0cfb46449b8cda9a6a5efe0d92584a58587d516ebf89b31e7c8
ra_static_equal_seed1,ra_static_equal,1,v40c_02999,1,1,100,0.7999999999999999,0.9999999999999999,0.9999999999999999,0.8,2819dec6d5faa0cfb46449b8cda9a6a5efe0d92584a58587d516ebf89b31e7c8
ra_static_equal_seed1,ra_static_equal,1,v40c_03000,1,1,100,0.7,0.9999999999999999,0.9999999999999999,0.7,2819dec6d5faa0cfb46449b8cda9a6a5efe0d92584a58587d516ebf89b31e7c8
ra_static_equal_seed1,ra_static_equal,1,v40c_03001,3,3,300,0.8168316831683168,1.0,1.0,0.8333333333333334,2819dec6d5faa0cfb46449b8cda9a6a5efe0d92584a58587d516ebf89b31e7c8
ra_static_equal_seed1,ra_static_equal,1,v40c_03002,1,1,100,0.7,0.9999999999999999,0.9999999999999999,0.7,2819dec6d5faa0cfb46449b8cda9a6a5efe0d92584a58587d516ebf89b31e7c8
ra_static_equal_seed1,ra_static_equal,1,v40c_03003,1,2,100,0.8504950495049505,1.0,1.0,0.85,2819dec6d5faa0cfb46449b8cda9a6a5efe0d92584a58587d516ebf89b31e7c8
ra_static_equal_seed1,ra_static_equal,1,v40c_03004,1,2,100,0.6848184818481848,0.834983498349835,0.834983498349835,0.85,2819dec6d5faa0cfb46449b8cda9a6a5efe0d92584a58587d516ebf89b31e7c8
ra_static_equal_seed1,ra_static_equal,1,v40c_03005,1,3,100,0.5133168316831683,0.7896039603960396,0.6633663366336634,0.6,2819dec6d5faa0cfb46449b8cda9a6a5efe0d92584a58587d516ebf89b31e7c8
ra_static_equal_seed1,ra_static_equal,1,v40c_03006,1,1,100,0.8999999999999998,0.9999999999999999,0.9999999999999999,0.9,2819dec6d5faa0cfb46449b8cda9a6a5efe0d92584a58587d516ebf89b31e7c8
ra_static_equal_seed1,ra_static_equal,1,v40c_03007,1,4,100,0.6514851485148515,1.0,0.504950495049505,0.65,2819dec6d5faa0cfb46449b8cda9a6a5efe0d92584a58587d516ebf89b31e7c8
ra_static_equal_seed1,ra_static_equal,1,v40c_03008,6,22,600,0.7446086974082022,0.9736673667366734,0.8781678167816782,0.7909090909090909,2819dec6d5faa0cfb46449b8cda9a6a5efe0d92584a58587d516ebf89b31e7c8
ra_static_equal_seed1,ra_static_equal,1,v40c_03009,1,5,100,0.6217821782178218,0.801980198019802,0.801980198019802,0.62,2819dec6d5faa0cfb46449b8cda9a6a5efe0d92584a58587d516ebf89b31e7c8
ra_static_equal_seed1,ra_static_equal,1,v40c_03010,4,16,400,0.7132739666823824,1.0,0.841937765205092,0.7375,2819dec6d5faa0cfb46449b8cda9a6a5efe0d92584a58587d516ebf89b31e7c8
ra_static_equal_seed1,ra_static_equal,1,v40c_03011,7,27,700,0.710489275117988,0.9326025459688827,0.8952511917858452,0.7592592592592593,2819dec6d5faa0cfb46449b8cda9a6a5efe0d92584a58587d516ebf89b31e7c8
ra_static_equal_seed1,ra_static_equal,1,v40c_03012,4,19,400,0.614842898316981,0.842157609426101,0.6977957976793154,0.6526315789473685,2819dec6d5faa0cfb46449b8cda9a6a5efe0d92584a58587d516ebf89b31e7c8
ra_static_equal_seed1,ra_static_equal,1,v40c_03013,4,15,400,0.7607616146230007,0.9527291190657529,0.926072607260726,0.7933333333333333,2819dec6d5faa0cfb46449b8cda9a6a5efe0d92584a58587d516ebf89b31e7c8
ra_static_equal_seed1,ra_static_equal,1,v40c_03014,1,4,100,0.6942008486562943,0.9504950495049505,0.7524752475247525,0.75,2819dec6d5faa0cfb46449b8cda9a6a5efe0d92584a58587d516ebf89b31e7c8
ra_static_equal_seed1,ra_static_equal,1,v40c_03015,1,3,100,0.8,1.0,1.0,0.7999999999999999,2819dec6d5faa0cfb46449b8cda9a6a5efe0d92584a58587d516ebf89b31e7c8
ra_static_equal_seed1,ra_static_equal,1,v40c_03016,1,3,100,0.6821782178217822,1.0,0.6633663366336634,0.7,2819dec6d5faa0cfb46449b8cda9a6a5efe0d92584a58587d516ebf89b31e7c8
ra_static_equal_seed1,ra_static_equal,1,v40c_03017,2,5,200,0.8051980198019801,1.0,1.0,0.82,2819dec6d5faa0cfb46449b8cda9a6a5efe0d92584a58587d516ebf89b31e7c8
ra_static_equal_seed1,ra_static_equal,1,v40c_03112,2,2,200,0.7,1.0,1.0,0.7,2819dec6d5faa0cfb46449b8cda9a6a5efe0d92584a58587d516ebf89b31e7c8
ra_static_equal_seed1,ra_static_equal,1,v40c_03113,2,2,200,0.8,1.0,1.0,0.8,2819dec6d5faa0cfb46449b8cda9a6a5efe0d92584a58587d516ebf89b31e7c8
ra_static_equal_seed1,ra_static_equal,1,v40c_03114,2,2,200,0.7514851485148515,1.0,1.0,0.75,2819dec6d5faa0cfb46449b8cda9a6a5efe0d92584a58587d516ebf89b31e7c8
ra_static_equal_seed1,ra_static_equal,1,v40c_03115,3,3,300,0.7,1.0,1.0,0.7,2819dec6d5faa0cfb46449b8cda9a6a5efe0d92584a58587d516ebf89b31e7c8
ra_static_equal_seed1,ra_static_equal,1,v40c_03116,1,1,100,0.7,0.9999999999999999,0.9999999999999999,0.7,2819dec6d5faa0cfb46449b8cda9a6a5efe0d92584a58587d516ebf89b31e7c8
ra_static_equal_seed1,ra_static_equal,1,v40c_03117,1,1,100,0.39999999999999997,0.9999999999999999,0.0,0.4,2819dec6d5faa0cfb46449b8cda9a6a5efe0d92584a58587d516ebf89b31e7c8
ra_static_equal_seed1,ra_static_equal,1,v40c_03119,1,1,100,0.7,0.9999999999999999,0.9999999999999999,0.7,2819dec6d5faa0cfb46449b8cda9a6a5efe0d92584a58587d516ebf89b31e7c8
ra_static_equal_seed1,ra_static_equal,1,v40c_03120,1,1,100,0.7,0.9999999999999999,0.9999999999999999,0.7,2819dec6d5faa0cfb46449b8cda9a6a5efe0d92584a58587d516ebf89b31e7c8
ra_static_equal_seed1,ra_static_equal,1,v40c_03121,1,1,100,0.06869565217391302,0.19999999999999996,0.0,0.5,2819dec6d5faa0cfb46449b8cda9a6a5efe0d92584a58587d516ebf89b31e7c8
ra_static_equal_seed1,ra_static_equal,1,v40c_03122,1,1,100,0.05,0.125,0.0,0.4,2819dec6d5faa0cfb46449b8cda9a6a5efe0d92584a58587d516ebf89b31e7c8
ra_static_equal_seed1,ra_static_equal,1,v40c_03123,2,2,200,0.5504950495049504,1.0,0.5049504950495048,0.55,2819dec6d5faa0cfb46449b8cda9a6a5efe0d92584a58587d516ebf89b31e7c8
ra_static_equal_seed1,ra_static_equal,1,v40c_03124,1,1,100,0.5999999999999999,0.9999999999999999,0.9999999999999999,0.6,2819dec6d5faa0cfb46449b8cda9a6a5efe0d92584a58587d516ebf89b31e7c8
ra_static_equal_seed1,ra_static_equal,1,v40c_03125,1,1,100,0.4999999999999999,0.9999999999999999,0.0,0.5,2819dec6d5faa0cfb46449b8cda9a6a5efe0d92584a58587d516ebf89b31e7c8
ra_static_equal_seed1,ra_static_equal,1,v40c_03126,1,1,100,0.29999999999999993,0.9999999999999999,0.0,0.3,2819dec6d5faa0cfb46449b8cda9a6a5efe0d92584a58587d516ebf89b31e7c8
ra_static_equal_seed1,ra_static_equal,1,v40c_03127,3,3,300,0.17544010445000546,0.4759547383309761,0.05814383636165814,0.5666666666666667,2819dec6d5faa0cfb46449b8cda9a6a5efe0d92584a58587d516ebf89b31e7c8
ra_static_equal_seed1,ra_static_equal,1,v40c_03156,9,18,900,0.8155578667110408,1.0,0.9539603960396036,0.8444444444444443,2819dec6d5faa0cfb46449b8cda9a6a5efe0d92584a58587d516ebf89b31e7c8
ra_static_equal_seed1,ra_static_equal,1,v40c_03157,2,6,200,0.5451410447167164,0.6870993221771154,0.6633663366336634,0.6666666666666667,2819dec6d5faa0cfb46449b8cda9a6a5efe0d92584a58587d516ebf89b31e7c8
ra_static_equal_seed1,ra_static_equal,1,v40c_03158,84,120,8400,0.6539479358432233,0.9474888415123345,0.8218993120152636,0.7300000000000001,2819dec6d5faa0cfb46449b8cda9a6a5efe0d92584a58587d516ebf89b31e7c8
ra_static_equal_seed1,ra_static_equal,1,v40c_03160,6,20,600,0.6826408716816077,0.9952852428099951,0.9393176967897053,0.76,2819dec6d5faa0cfb46449b8cda9a6a5efe0d92584a58587d516ebf89b31e7c8
ra_static_equal_seed1,ra_static_equal,1,v40c_03166,2,4,200,0.767986798679868,1.0,0.7524752475247525,0.775,2819dec6d5faa0cfb46449b8cda9a6a5efe0d92584a58587d516ebf89b31e7c8
ra_static_equal_seed1,ra_static_equal,1,v40c_03167,1,2,100,0.8,1.0,1.0,0.8,2819dec6d5faa0cfb46449b8cda9a6a5efe0d92584a58587d516ebf89b31e7c8
ra_static_equal_seed1,ra_static_equal,1,v40c_03168,1,2,100,0.6504950495049504,1.0,1.0,0.65,2819dec6d5faa0cfb46449b8cda9a6a5efe0d92584a58587d516ebf89b31e7c8
ra_static_equal_seed1,ra_static_equal,1,v40c_03169,1,2,100,0.7019801980198019,1.0,0.5049504950495048,0.7,2819dec6d5faa0cfb46449b8cda9a6a5efe0d92584a58587d516ebf89b31e7c8
ra_static_equal_seed1,ra_static_equal,1,v40c_03170,2,2,200,0.8504950495049506,1.0,1.0,0.9,2819dec6d5faa0cfb46449b8cda9a6a5efe0d92584a58587d516ebf89b31e7c8
ra_static_equal_seed1,ra_static_equal,1,v40c_03171,2,2,200,0.9,1.0,1.0,0.9,2819dec6d5faa0cfb46449b8cda9a6a5efe0d92584a58587d516ebf89b31e7c8
ra_static_equal_seed1,ra_static_equal,1,v40c_03172,1,1,100,0.8999999999999998,0.9999999999999999,0.9999999999999999,0.9,2819dec6d5faa0cfb46449b8cda9a6a5efe0d92584a58587d516ebf89b31e7c8
ra_static_equal_seed1,ra_static_equal,1,v40c_03173,1,1,100,0.5999999999999999,0.9999999999999999,0.9999999999999999,0.6,2819dec6d5faa0cfb46449b8cda9a6a5efe0d92584a58587d516ebf89b31e7c8
ra_static_equal_seed1,ra_static_equal,1,v40c_03174,2,2,200,0.8,1.0,1.0,0.8,2819dec6d5faa0cfb46449b8cda9a6a5efe0d92584a58587d516ebf89b31e7c8
ra_static_equal_seed1,ra_static_equal,1,v40c_03175,1,1,100,0.7,0.9999999999999999,0.9999999999999999,0.7,2819dec6d5faa0cfb46449b8cda9a6a5efe0d92584a58587d516ebf89b31e7c8
ra_static_equal_seed1,ra_static_equal,1,v40c_03176,2,2,200,0.5504950495049504,1.0,0.2524752475247525,0.6,2819dec6d5faa0cfb46449b8cda9a6a5efe0d92584a58587d516ebf89b31e7c8
ra_static_equal_seed1,ra_static_equal,1,v40c_03177,2,2,200,0.8,1.0,1.0,0.8,2819dec6d5faa0cfb46449b8cda9a6a5efe0d92584a58587d516ebf89b31e7c8
ra_static_equal_seed1,ra_static_equal,1,v40c_03178,1,1,100,0.7,0.9999999999999999,0.9999999999999999,0.7,2819dec6d5faa0cfb46449b8cda9a6a5efe0d92584a58587d516ebf89b31e7c8
ra_static_equal_seed1,ra_static_equal,1,v40c_03179,3,3,300,0.8112211221122113,1.0,1.0,0.8333333333333334,2819dec6d5faa0cfb46449b8cda9a6a5efe0d92584a58587d516ebf89b31e7c8
ra_static_equal_seed1,ra_static_equal,1,v40c_03180,1,1,100,0.7999999999999999,0.9999999999999999,0.9999999999999999,0.8,2819dec6d5faa0cfb46449b8cda9a6a5efe0d92584a58587d516ebf89b31e7c8
ra_static_equal_seed1,ra_static_equal,1,v40c_03181,1,1,100,0.7999999999999999,0.9999999999999999,0.9999999999999999,0.8,2819dec6d5faa0cfb46449b8cda9a6a5efe0d92584a58587d516ebf89b31e7c8
ra_static_equal_seed1,ra_static_equal,1,v40c_03182,1,1,100,0.7999999999999999,0.9999999999999999,0.9999999999999999,0.8,2819dec6d5faa0cfb46449b8cda9a6a5efe0d92584a58587d516ebf89b31e7c8
ra_static_equal_seed1,ra_static_equal,1,v40c_03183,1,1,100,0.8999999999999998,0.9999999999999999,0.9999999999999999,0.9,2819dec6d5faa0cfb46449b8cda9a6a5efe0d92584a58587d516ebf89b31e7c8
ra_static_equal_seed1,ra_static_equal,1,v40c_03184,2,2,200,0.500990099009901,1.0,0.5049504950495048,0.5,2819dec6d5faa0cfb46449b8cda9a6a5efe0d92584a58587d516ebf89b31e7c8
ra_static_equal_seed1,ra_static_equal,1,v40c_03185,1,1,100,0.4999999999999999,0.9999999999999999,0.0,0.5,2819dec6d5faa0cfb46449b8cda9a6a5efe0d92584a58587d516ebf89b31e7c8
ra_static_equal_seed1,ra_static_equal,1,v40c_03186,1,1,100,0.41428571428571426,0.9999999999999999,0.0714285714285714,0.6,2819dec6d5faa0cfb46449b8cda9a6a5efe0d92584a58587d516ebf89b31e7c8
ra_static_equal_seed1,ra_static_equal,1,v40c_03187,1,2,100,0.7504950495049505,1.0,1.0,0.8,2819dec6d5faa0cfb46449b8cda9a6a5efe0d92584a58587d516ebf89b31e7c8
ra_static_equal_seed1,ra_static_equal,1,v40c_03188,1,2,100,0.6504950495049504,1.0,1.0,0.7,2819dec6d5faa0cfb46449b8cda9a6a5efe0d92584a58587d516ebf89b31e7c8
ra_static_equal_seed1,ra_static_equal,1,v40c_03189,1,1,100,0.8999999999999998,0.9999999999999999,0.9999999999999999,0.9,2819dec6d5faa0cfb46449b8cda9a6a5efe0d92584a58587d516ebf89b31e7c8
ra_static_equal_seed1,ra_static_equal,1,v40c_03190,1,1,100,0.8999999999999998,0.9999999999999999,0.9999999999999999,0.9,2819dec6d5faa0cfb46449b8cda9a6a5efe0d92584a58587d516ebf89b31e7c8
ra_static_equal_seed1,ra_static_equal,1,v40c_03191,1,1,100,0.7999999999999999,0.9999999999999999,0.9999999999999999,0.8,2819dec6d5faa0cfb46449b8cda9a6a5efe0d92584a58587d516ebf89b31e7c8
ra_static_equal_seed1,ra_static_equal,1,v40c_03192,1,1,100,0.7,0.9999999999999999,0.9999999999999999,0.7,2819dec6d5faa0cfb46449b8cda9a6a5efe0d92584a58587d516ebf89b31e7c8
ra_static_equal_seed1,ra_static_equal,1,v40c_03193,1,1,100,0.8999999999999998,0.9999999999999999,0.9999999999999999,0.9,2819dec6d5faa0cfb46449b8cda9a6a5efe0d92584a58587d516ebf89b31e7c8
ra_static_equal_seed1,ra_static_equal,1,v40c_03194,1,1,100,0.7,0.9999999999999999,0.9999999999999999,0.7,2819dec6d5faa0cfb46449b8cda9a6a5efe0d92584a58587d516ebf89b31e7c8
ra_static_equal_seed1,ra_static_equal,1,v40c_03195,1,1,100,0.7999999999999999,0.9999999999999999,0.9999999999999999,0.8,2819dec6d5faa0cfb46449b8cda9a6a5efe0d92584a58587d516ebf89b31e7c8
ra_static_equal_seed1,ra_static_equal,1,v40c_03196,1,1,100,0.7999999999999999,0.9999999999999999,0.9999999999999999,0.8,2819dec6d5faa0cfb46449b8cda9a6a5efe0d92584a58587d516ebf89b31e7c8
ra_static_equal_seed1,ra_static_equal,1,v40c_03197,1,1,100,0.7999999999999999,0.9999999999999999,0.9999999999999999,0.8,2819dec6d5faa0cfb46449b8cda9a6a5efe0d92584a58587d516ebf89b31e7c8
ra_static_equal_seed1,ra_static_equal,1,v40c_03198,1,1,100,0.7999999999999999,0.9999999999999999,0.9999999999999999,0.8,2819dec6d5faa0cfb46449b8cda9a6a5efe0d92584a58587d516ebf89b31e7c8
ra_static_equal_seed1,ra_static_equal,1,v40c_03199,3,3,300,0.8168316831683168,1.0,1.0,0.8333333333333334,2819dec6d5faa0cfb46449b8cda9a6a5efe0d92584a58587d516ebf89b31e7c8
ra_static_equal_seed1,ra_static_equal,1,v40c_03200,2,2,200,0.7252475247524752,1.0,1.0,0.75,2819dec6d5faa0cfb46449b8cda9a6a5efe0d92584a58587d516ebf89b31e7c8
ra_static_equal_seed1,ra_static_equal,1,v40c_03201,1,1,100,0.7999999999999999,0.9999999999999999,0.9999999999999999,0.8,2819dec6d5faa0cfb46449b8cda9a6a5efe0d92584a58587d516ebf89b31e7c8
ra_static_equal_seed1,ra_static_equal,1,v40c_03202,2,2,200,0.7252475247524752,1.0,1.0,0.75,2819dec6d5faa0cfb46449b8cda9a6a5efe0d92584a58587d516ebf89b31e7c8
ra_static_equal_seed1,ra_static_equal,1,v40c_03234,8,8,800,0.7244342291371995,1.0,1.0,0.775,2819dec6d5faa0cfb46449b8cda9a6a5efe0d92584a58587d516ebf89b31e7c8
ra_static_equal_seed1,ra_static_equal,1,v40c_03235,1,1,100,0.5999999999999999,0.9999999999999999,0.9999999999999999,0.6,2819dec6d5faa0cfb46449b8cda9a6a5efe0d92584a58587d516ebf89b31e7c8
ra_static_equal_seed1,ra_static_equal,1,v40c_03236,2,2,200,0.7504950495049505,1.0,1.0,0.75,2819dec6d5faa0cfb46449b8cda9a6a5efe0d92584a58587d516ebf89b31e7c8
ra_static_equal_seed1,ra_static_equal,1,v40c_03237,2,2,200,0.8,1.0,1.0,0.8,2819dec6d5faa0cfb46449b8cda9a6a5efe0d92584a58587d516ebf89b31e7c8
ra_static_equal_seed1,ra_static_equal,1,v40c_03238,2,2,200,0.6252475247524752,1.0,1.0,0.65,2819dec6d5faa0cfb46449b8cda9a6a5efe0d92584a58587d516ebf89b31e7c8
ra_static_equal_seed1,ra_static_equal,1,v40c_03239,3,3,300,0.7,1.0,1.0,0.7,2819dec6d5faa0cfb46449b8cda9a6a5efe0d92584a58587d516ebf89b31e7c8
ra_static_equal_seed1,ra_static_equal,1,v40c_03240,3,3,300,0.6831683168316831,1.0,1.0,0.7,2819dec6d5faa0cfb46449b8cda9a6a5efe0d92584a58587d516ebf89b31e7c8
ra_static_equal_seed1,ra_static_equal,1,v40c_03241,1,1,100,0.7,0.9999999999999999,0.9999999999999999,0.7,2819dec6d5faa0cfb46449b8cda9a6a5efe0d92584a58587d516ebf89b31e7c8
ra_static_equal_seed1,ra_static_equal,1,v40c_03242,1,1,100,0.7,0.9999999999999999,0.9999999999999999,0.7,2819dec6d5faa0cfb46449b8cda9a6a5efe0d92584a58587d516ebf89b31e7c8
ra_static_equal_seed1,ra_static_equal,1,v40c_03243,1,1,100,0.7999999999999999,0.9999999999999999,0.9999999999999999,0.8,2819dec6d5faa0cfb46449b8cda9a6a5efe0d92584a58587d516ebf89b31e7c8
ra_static_equal_seed1,ra_static_equal,1,v40c_03244,1,1,100,0.7,0.9999999999999999,0.9999999999999999,0.7,2819dec6d5faa0cfb46449b8cda9a6a5efe0d92584a58587d516ebf89b31e7c8
ra_static_equal_seed1,ra_static_equal,1,v40c_03245,1,1,100,0.7,0.9999999999999999,0.9999999999999999,0.7,2819dec6d5faa0cfb46449b8cda9a6a5efe0d92584a58587d516ebf89b31e7c8
ra_static_equal_seed1,ra_static_equal,1,v40c_03246,2,2,200,0.7514851485148515,1.0,1.0,0.75,2819dec6d5faa0cfb46449b8cda9a6a5efe0d92584a58587d516ebf89b31e7c8
ra_static_equal_seed1,ra_static_equal,1,v40c_03247,1,1,100,0.7,0.9999999999999999,0.9999999999999999,0.7,2819dec6d5faa0cfb46449b8cda9a6a5efe0d92584a58587d516ebf89b31e7c8
ra_static_equal_seed1,ra_static_equal,1,v40c_03262,1,5,100,0.7925742574257425,1.0,1.0,0.82,2819dec6d5faa0cfb46449b8cda9a6a5efe0d92584a58587d516ebf89b31e7c8
ra_static_equal_seed1,ra_static_equal,1,v40c_03263,1,5,100,0.8091089108910889,1.0,1.0,0.8399999999999999,2819dec6d5faa0cfb46449b8cda9a6a5efe0d92584a58587d516ebf89b31e7c8
ra_static_equal_seed1,ra_static_equal,1,v40c_03264,1,5,100,0.7554455445544555,1.0,1.0,0.76,2819dec6d5faa0cfb46449b8cda9a6a5efe0d92584a58587d516ebf89b31e7c8
ra_static_equal_seed1,ra_static_equal,1,v40c_03265,2,10,200,0.71996699669967,1.0,1.0,0.75,2819dec6d5faa0cfb46449b8cda9a6a5efe0d92584a58587d516ebf89b31e7c8
ra_static_equal_seed1,ra_static_equal,1,v40c_03266,1,5,100,0.7056930693069307,1.0,1.0,0.74,2819dec6d5faa0cfb46449b8cda9a6a5efe0d92584a58587d516ebf89b31e7c8
ra_static_equal_seed1,ra_static_equal,1,v40c_03267,4,20,400,0.7585852006253258,1.0,1.0,0.7949999999999999,2819dec6d5faa0cfb46449b8cda9a6a5efe0d92584a58587d516ebf89b31e7c8
ra_static_equal_seed1,ra_static_equal,1,v40c_03268,2,10,200,0.7882602545968883,1.0,1.0,0.79,2819dec6d5faa0cfb46449b8cda9a6a5efe0d92584a58587d516ebf89b31e7c8
ra_static_equal_seed1,ra_static_equal,1,v40c_03269,3,15,300,0.7509270718012568,1.0,0.9305642759397892,0.7733333333333333,2819dec6d5faa0cfb46449b8cda9a6a5efe0d92584a58587d516ebf89b31e7c8
ra_static_equal_seed1,ra_static_equal,1,v40c_03270,1,5,100,0.7603960396039604,1.0,1.0,0.76,2819dec6d5faa0cfb46449b8cda9a6a5efe0d92584a58587d516ebf89b31e7c8
ra_static_equal_seed1,ra_static_equal,1,v40c_03271,2,10,200,0.7980198019801981,1.0,1.0,0.8099999999999999,2819dec6d5faa0cfb46449b8cda9a6a5efe0d92584a58587d516ebf89b31e7c8
ra_static_equal_seed1,ra_static_equal,1,v40c_03272,1,5,100,0.799009900990099,1.0,1.0,0.82,2819dec6d5faa0cfb46449b8cda9a6a5efe0d92584a58587d516ebf89b31e7c8
ra_static_equal_seed1,ra_static_equal,1,v40c_03273,2,10,200,0.7556930693069306,1.0,1.0,0.79,2819dec6d5faa0cfb46449b8cda9a6a5efe0d92584a58587d516ebf89b31e7c8
ra_static_equal_seed1,ra_static_equal,1,v40c_03274,2,10,200,0.6782178217821782,1.0,0.8910891089108911,0.72,2819dec6d5faa0cfb46449b8cda9a6a5efe0d92584a58587d516ebf89b31e7c8
ra_static_equal_seed1,ra_static_equal,1,v40c_03275,1,5,100,0.7358910891089108,1.0,1.0,0.76,2819dec6d5faa0cfb46449b8cda9a6a5efe0d92584a58587d516ebf89b31e7c8
ra_static_equal_seed1,ra_static_equal,1,v40c_03276,1,5,100,0.7556930693069306,1.0,1.0,0.78,2819dec6d5faa0cfb46449b8cda9a6a5efe0d92584a58587d516ebf89b31e7c8
ra_static_equal_seed1,ra_static_equal,1,v40c_03277,1,5,100,0.7056930693069307,1.0,1.0,0.74,2819dec6d5faa0cfb46449b8cda9a6a5efe0d92584a58587d516ebf89b31e7c8
ra_static_equal_seed1,ra_static_equal,1,v40c_03278,1,5,100,0.7452970297029703,1.0,1.0,0.76,2819dec6d5faa0cfb46449b8cda9a6a5efe0d92584a58587d516ebf89b31e7c8
ra_static_equal_seed1,ra_static_equal,1,v40c_03279,1,5,100,0.7504950495049505,1.0,1.0,0.78,2819dec6d5faa0cfb46449b8cda9a6a5efe0d92584a58587d516ebf89b31e7c8
ra_static_equal_seed1,ra_static_equal,1,v40c_03280,1,5,100,0.700990099009901,1.0,0.801980198019802,0.74,2819dec6d5faa0cfb46449b8cda9a6a5efe0d92584a58587d516ebf89b31e7c8
ra_static_equal_seed1,ra_static_equal,1,v40c_03281,1,5,100,0.7844554455445545,1.0,1.0,0.82,2819dec6d5faa0cfb46449b8cda9a6a5efe0d92584a58587d516ebf89b31e7c8
ra_static_equal_seed1,ra_static_equal,1,v40c_03282,1,5,100,0.6764576457645765,0.9669966996699667,0.911991199119912,0.74,2819dec6d5faa0cfb46449b8cda9a6a5efe0d92584a58587d516ebf89b31e7c8
ra_static_equal_seed1,ra_static_equal,1,v40c_03283,1,6,100,0.7182755775577558,0.9298679867986801,0.9298679867986801,0.8,2819dec6d5faa0cfb46449b8cda9a6a5efe0d92584a58587d516ebf89b31e7c8
ra_static_equal_seed1,ra_static_equal,1,v40c_03284,3,13,300,0.7153825203948967,0.9943422913719945,0.9288366336633663,0.7769230769230769,2819dec6d5faa0cfb46449b8cda9a6a5efe0d92584a58587d516ebf89b31e7c8
ra_static_equal_seed1,ra_static_equal,1,v40c_03285,1,4,100,0.7504950495049505,1.0,1.0,0.75,2819dec6d5faa0cfb46449b8cda9a6a5efe0d92584a58587d516ebf89b31e7c8
ra_static_equal_seed1,ra_static_equal,1,v40c_03286,1,4,100,0.7663366336633664,0.9504950495049505,0.9504950495049505,0.8,2819dec6d5faa0cfb46449b8cda9a6a5efe0d92584a58587d516ebf89b31e7c8
ra_static_equal_seed1,ra_static_equal,1,v40c_03287,1,4,100,0.6559405940594061,0.9009900990099011,0.9009900990099011,0.75,2819dec6d5faa0cfb46449b8cda9a6a5efe0d92584a58587d516ebf89b31e7c8
ra_static_equal_seed1,ra_static_equal,1,v40c_03288,1,3,100,0.6569306930693071,0.9158415841584159,0.6633663366336634,0.7,2819dec6d5faa0cfb46449b8cda9a6a5efe0d92584a58587d516ebf89b31e7c8
ra_static_equal_seed1,ra_static_equal,1,v40c_03289,1,4,100,0.5454031117397453,0.8939179632248937,0.504950495049505,0.6,2819dec6d5faa0cfb46449b8cda9a6a5efe0d92584a58587d516ebf89b31e7c8
ra_static_equal_seed1,ra_static_equal,1,v40c_03290,1,4,100,0.6392739273927392,1.0,0.7524752475247525,0.675,2819dec6d5faa0cfb46449b8cda9a6a5efe0d92584a58587d516ebf89b31e7c8
ra_static_equal_seed1,ra_static_equal,1,v40c_03291,1,4,100,0.7381188118811881,1.0,0.8762376237623762,0.75,2819dec6d5faa0cfb46449b8cda9a6a5efe0d92584a58587d516ebf89b31e7c8
ra_static_equal_seed1,ra_static_equal,1,v40c_03292,1,4,100,0.7174917491749175,1.0,1.0,0.75,2819dec6d5faa0cfb46449b8cda9a6a5efe0d92584a58587d516ebf89b31e7c8
ra_static_equal_seed1,ra_static_equal,1,v40c_03293,1,4,100,0.750825082508251,1.0,1.0,0.8,2819dec6d5faa0cfb46449b8cda9a6a5efe0d92584a58587d516ebf89b31e7c8
ra_static_equal_seed1,ra_static_equal,1,v40c_03294,1,4,100,0.7714521452145215,1.0,1.0,0.8,2819dec6d5faa0cfb46449b8cda9a6a5efe0d92584a58587d516ebf89b31e7c8
ra_static_equal_seed1,ra_static_equal,1,v40c_03295,1,4,100,0.8252475247524753,1.0,1.0,0.85,2819dec6d5faa0cfb46449b8cda9a6a5efe0d92584a58587d516ebf89b31e7c8
ra_static_equal_seed1,ra_static_equal,1,v40c_03296,1,4,100,0.7881188118811882,1.0,1.0,0.8,2819dec6d5faa0cfb46449b8cda9a6a5efe0d92584a58587d516ebf89b31e7c8
ra_static_equal_seed1,ra_static_equal,1,v40c_03297,1,3,100,0.7884488448844884,1.0,1.0,0.8333333333333333,2819dec6d5faa0cfb46449b8cda9a6a5efe0d92584a58587d516ebf89b31e7c8
ra_static_equal_seed1,ra_static_equal,1,v40c_03298,1,2,100,0.7504950495049505,1.0,1.0,0.75,2819dec6d5faa0cfb46449b8cda9a6a5efe0d92584a58587d516ebf89b31e7c8
ra_static_equal_seed1,ra_static_equal,1,v40c_03299,1,2,100,0.700990099009901,1.0,1.0,0.7,2819dec6d5faa0cfb46449b8cda9a6a5efe0d92584a58587d516ebf89b31e7c8
ra_static_equal_seed1,ra_static_equal,1,v40c_03300,1,4,100,0.5188118811881188,0.7524752475247525,0.6534653465346535,0.525,2819dec6d5faa0cfb46449b8cda9a6a5efe0d92584a58587d516ebf89b31e7c8
ra_static_equal_seed1,ra_static_equal,1,v40c_03301,1,4,100,0.5973597359735974,0.9174917491749175,0.7524752475247525,0.65,2819dec6d5faa0cfb46449b8cda9a6a5efe0d92584a58587d516ebf89b31e7c8
ra_static_equal_seed1,ra_static_equal,1,v40c_03302,5,20,500,0.717047058531594,1.0,0.9455445544554455,0.745,2819dec6d5faa0cfb46449b8cda9a6a5efe0d92584a58587d516ebf89b31e7c8
ra_static_equal_seed1,ra_static_equal,1,v40c_03303,1,4,100,0.7252475247524752,1.0,1.0,0.75,2819dec6d5faa0cfb46449b8cda9a6a5efe0d92584a58587d516ebf89b31e7c8
ra_static_equal_seed1,ra_static_equal,1,v40c_03304,5,19,500,0.6060301098551351,0.8990881988188026,0.8635545136799461,0.7052631578947367,2819dec6d5faa0cfb46449b8cda9a6a5efe0d92584a58587d516ebf89b31e7c8
ra_static_equal_seed1,ra_static_equal,1,v40c_03305,1,3,100,0.7,1.0,1.0,0.7,2819dec6d5faa0cfb46449b8cda9a6a5efe0d92584a58587d516ebf89b31e7c8
ra_static_equal_seed1,ra_static_equal,1,v40c_03339,2,2,200,0.9,1.0,1.0,0.9,2819dec6d5faa0cfb46449b8cda9a6a5efe0d92584a58587d516ebf89b31e7c8
ra_static_equal_seed1,ra_static_equal,1,v40c_03340,1,1,100,0.7999999999999999,0.9999999999999999,0.9999999999999999,0.8,2819dec6d5faa0cfb46449b8cda9a6a5efe0d92584a58587d516ebf89b31e7c8
ra_static_equal_seed1,ra_static_equal,1,v40c_03341,2,2,200,0.5757425742574258,1.0,0.2524752475247525,0.65,2819dec6d5faa0cfb46449b8cda9a6a5efe0d92584a58587d516ebf89b31e7c8
ra_static_equal_seed1,ra_static_equal,1,v40c_03342,2,3,200,0.19345434543454346,0.6633663366336634,0.0,0.3,2819dec6d5faa0cfb46449b8cda9a6a5efe0d92584a58587d516ebf89b31e7c8
ra_static_equal_seed1,ra_static_equal,1,v40c_03343,1,2,100,0.1641089108910891,0.5049504950495048,0.0,0.2,2819dec6d5faa0cfb46449b8cda9a6a5efe0d92584a58587d516ebf89b31e7c8
ra_static_equal_seed1,ra_static_equal,1,v40c_03344,2,4,200,0.19873341057510002,0.5102169791447229,0.0429042904290429,0.35,2819dec6d5faa0cfb46449b8cda9a6a5efe0d92584a58587d516ebf89b31e7c8
ra_static_equal_seed1,ra_static_equal,1,v40c_03345,1,1,100,0.4999999999999999,0.9999999999999999,0.0,0.5,2819dec6d5faa0cfb46449b8cda9a6a5efe0d92584a58587d516ebf89b31e7c8
ra_static_equal_seed1,ra_static_equal,1,v40c_03346,3,4,300,0.04388063806380639,0.13706192047776203,0.00977002462150977,0.375,2819dec6d5faa0cfb46449b8cda9a6a5efe0d92584a58587d516ebf89b31e7c8
ra_static_equal_seed1,ra_static_equal,1,v40c_03347,4,4,400,0.0010836289496688933,0.00807920792079208,0.0,0.15,2819dec6d5faa0cfb46449b8cda9a6a5efe0d92584a58587d516ebf89b31e7c8
ra_static_equal_seed1,ra_static_equal,1,v40c_03348,1,1,100,0.0,0.0,0.0,0.0,2819dec6d5faa0cfb46449b8cda9a6a5efe0d92584a58587d516ebf89b31e7c8
ra_static_equal_seed1,ra_static_equal,1,v40c_03349,2,2,200,0.0022988505747126445,0.022988505747126447,0.0,0.1,2819dec6d5faa0cfb46449b8cda9a6a5efe0d92584a58587d516ebf89b31e7c8
ra_static_equal_seed1,ra_static_equal,1,v40c_03350,1,1,100,0.008695652173913044,0.021739130434782608,0.0,0.4,2819dec6d5faa0cfb46449b8cda9a6a5efe0d92584a58587d516ebf89b31e7c8
ra_static_equal_seed1,ra_static_equal,1,v40c_03351,1,1,100,0.030952380952380946,0.125,0.011904761904761902,0.7,2819dec6d5faa0cfb46449b8cda9a6a5efe0d92584a58587d516ebf89b31e7c8
ra_static_equal_seed1,ra_static_equal,1,v40c_03353,3,3,300,0.23133576515546284,0.46326211568525255,0.1122112211221122,0.5,2819dec6d5faa0cfb46449b8cda9a6a5efe0d92584a58587d516ebf89b31e7c8
ra_static_equal_seed1,ra_static_equal,1,v40c_03354,1,1,100,0.25555555555555554,0.9999999999999999,0.11111111111111112,0.7,2819dec6d5faa0cfb46449b8cda9a6a5efe0d92584a58587d516ebf89b31e7c8
ra_static_equal_seed1,ra_static_equal,1,v40c_03355,1,2,100,0.24599459945994603,0.7524752475247525,0.18181818181818193,0.75,2819dec6d5faa0cfb46449b8cda9a6a5efe0d92584a58587d516ebf89b31e7c8
ra_static_equal_seed1,ra_static_equal,1,v40c_03356,2,4,200,0.12114076517541861,0.8320367751060818,0.017161716171617162,0.5,2819dec6d5faa0cfb46449b8cda9a6a5efe0d92584a58587d516ebf89b31e7c8
ra_static_equal_seed1,ra_static_equal,1,v40c_03357,3,6,300,0.008596918225308954,0.027460919168839956,0.002052644288819126,0.35,2819dec6d5faa0cfb46449b8cda9a6a5efe0d92584a58587d516ebf89b31e7c8
ra_static_equal_seed1,ra_static_equal,1,v40c_03358,1,2,100,0.054072907290729076,0.2301980198019802,0.011476147614761477,0.55,2819dec6d5faa0cfb46449b8cda9a6a5efe0d92584a58587d516ebf89b31e7c8
ra_static_equal_seed1,ra_static_equal,1,v40c_03359,2,4,200,0.23996695028152604,1.0,0.003258553703471613,0.475,2819dec6d5faa0cfb46449b8cda9a6a5efe0d92584a58587d516ebf89b31e7c8
ra_static_equal_seed1,ra_static_equal,1,v40c_03360,1,2,100,0.3049342639181951,1.0,0.008277876968024673,0.5,2819dec6d5faa0cfb46449b8cda9a6a5efe0d92584a58587d516ebf89b31e7c8
ra_static_equal_seed1,ra_static_equal,1,v40c_03361,2,4,200,0.1790278055768011,0.8624862486248623,0.018116966976200723,0.575,2819dec6d5faa0cfb46449b8cda9a6a5efe0d92584a58587d516ebf89b31e7c8
ra_static_equal_seed1,ra_static_equal,1,v40c_03362,1,2,100,0.5032403240324033,1.0,0.2524752475247525,0.65,2819dec6d5faa0cfb46449b8cda9a6a5efe0d92584a58587d516ebf89b31e7c8
ra_static_equal_seed1,ra_static_equal,1,v40c_03363,1,2,100,0.41749174917491755,0.834983498349835,0.0,0.5,2819dec6d5faa0cfb46449b8cda9a6a5efe0d92584a58587d516ebf89b31e7c8
ra_static_equal_seed1,ra_static_equal,1,v40c_03364,3,3,300,0.5442244224422442,1.0,0.4422442244224422,0.5666666666666667,2819dec6d5faa0cfb46449b8cda9a6a5efe0d92584a58587d516ebf89b31e7c8
ra_static_equal_seed1,ra_static_equal,1,v40c_03365,3,3,300,0.6336633663366337,1.0,1.0,0.6333333333333334,2819dec6d5faa0cfb46449b8cda9a6a5efe0d92584a58587d516ebf89b31e7c8
ra_static_equal_seed1,ra_static_equal,1,v40c_03366,1,1,100,0.7999999999999999,0.9999999999999999,0.9999999999999999,0.8,2819dec6d5faa0cfb46449b8cda9a6a5efe0d92584a58587d516ebf89b31e7c8
ra_static_equal_seed1,ra_static_equal,1,v40c_03367,1,1,100,0.7,0.9999999999999999,0.9999999999999999,0.7,2819dec6d5faa0cfb46449b8cda9a6a5efe0d92584a58587d516ebf89b31e7c8
ra_static_equal_seed1,ra_static_equal,1,v40c_03368,1,1,100,0.7,0.9999999999999999,0.9999999999999999,0.7,2819dec6d5faa0cfb46449b8cda9a6a5efe0d92584a58587d516ebf89b31e7c8
ra_static_equal_seed1,ra_static_equal,1,v40c_03369,3,3,300,0.7326732673267327,1.0,1.0,0.7333333333333333,2819dec6d5faa0cfb46449b8cda9a6a5efe0d92584a58587d516ebf89b31e7c8
ra_static_equal_seed1,ra_static_equal,1,v40c_03370,1,1,100,0.7999999999999999,0.9999999999999999,0.9999999999999999,0.8,2819dec6d5faa0cfb46449b8cda9a6a5efe0d92584a58587d516ebf89b31e7c8
ra_static_equal_seed1,ra_static_equal,1,v40c_03371,1,2,100,0.0,0.0,0.0,0.0,2819dec6d5faa0cfb46449b8cda9a6a5efe0d92584a58587d516ebf89b31e7c8
ra_static_equal_seed1,ra_static_equal,1,v40c_03444,2,8,200,0.7797029702970296,1.0,1.0,0.7875,2819dec6d5faa0cfb46449b8cda9a6a5efe0d92584a58587d516ebf89b31e7c8
ra_static_equal_seed1,ra_static_equal,1,v40c_03504,1,4,100,0.7088426083987709,0.7866165926937522,0.7866165926937522,0.925,2819dec6d5faa0cfb46449b8cda9a6a5efe0d92584a58587d516ebf89b31e7c8
ra_static_equal_seed1,ra_static_equal,1,v40c_03505,1,3,100,0.5277227722772277,0.5785007072135784,0.5785007072135784,0.8333333333333333,2819dec6d5faa0cfb46449b8cda9a6a5efe0d92584a58587d516ebf89b31e7c8
ra_static_equal_seed1,ra_static_equal,1,v40c_03506,1,3,100,0.8,1.0,1.0,0.8,2819dec6d5faa0cfb46449b8cda9a6a5efe0d92584a58587d516ebf89b31e7c8
ra_static_equal_seed1,ra_static_equal,1,v40c_03507,1,3,100,0.6778877887788779,1.0,1.0,0.7333333333333333,2819dec6d5faa0cfb46449b8cda9a6a5efe0d92584a58587d516ebf89b31e7c8
ra_static_equal_seed1,ra_static_equal,1,v40c_03508,1,3,100,0.4020822700826784,0.5648667959579464,0.5544554455445545,0.5333333333333333,2819dec6d5faa0cfb46449b8cda9a6a5efe0d92584a58587d516ebf89b31e7c8
ra_static_equal_seed1,ra_static_equal,1,v40c_03509,1,2,100,0.4666666666666668,0.6666666666666669,0.6666666666666669,0.7,2819dec6d5faa0cfb46449b8cda9a6a5efe0d92584a58587d516ebf89b31e7c8
ra_static_equal_seed1,ra_static_equal,1,v40c_03510,1,3,100,0.7,1.0,1.0,0.7,2819dec6d5faa0cfb46449b8cda9a6a5efe0d92584a58587d516ebf89b31e7c8
ra_static_equal_seed1,ra_static_equal,1,v40c_03511,1,3,100,0.8168316831683168,1.0,1.0,0.8333333333333334,2819dec6d5faa0cfb46449b8cda9a6a5efe0d92584a58587d516ebf89b31e7c8
ra_static_equal_seed1,ra_static_equal,1,v40c_03512,1,3,100,0.8442244224422442,1.0,1.0,0.8666666666666666,2819dec6d5faa0cfb46449b8cda9a6a5efe0d92584a58587d516ebf89b31e7c8
ra_static_equal_seed1,ra_static_equal,1,v40c_03513,1,3,100,0.8326732673267326,1.0,1.0,0.8333333333333333,2819dec6d5faa0cfb46449b8cda9a6a5efe0d92584a58587d516ebf89b31e7c8
ra_static_equal_seed1,ra_static_equal,1,v40c_03514,1,2,100,0.6181518151815182,0.834983498349835,0.834983498349835,0.8,2819dec6d5faa0cfb46449b8cda9a6a5efe0d92584a58587d516ebf89b31e7c8
ra_static_equal_seed1,ra_static_equal,1,v40c_03515,2,4,200,0.6231023102310231,0.8349834983498351,0.8349834983498351,0.775,2819dec6d5faa0cfb46449b8cda9a6a5efe0d92584a58587d516ebf89b31e7c8
ra_static_equal_seed1,ra_static_equal,1,v40c_03516,1,2,100,0.667986798679868,0.834983498349835,0.834983498349835,0.8,2819dec6d5faa0cfb46449b8cda9a6a5efe0d92584a58587d516ebf89b31e7c8
ra_static_equal_seed1,ra_static_equal,1,v40c_03517,7,15,700,0.6869263712085495,0.9389438943894389,0.8746562156215623,0.76,2819dec6d5faa0cfb46449b8cda9a6a5efe0d92584a58587d516ebf89b31e7c8
ra_static_equal_seed1,ra_static_equal,1,v40c_03518,1,2,100,0.8,1.0,1.0,0.8,2819dec6d5faa0cfb46449b8cda9a6a5efe0d92584a58587d516ebf89b31e7c8
ra_static_equal_seed1,ra_static_equal,1,v40c_03519,1,2,100,0.6524752475247524,0.834983498349835,0.834983498349835,0.75,2819dec6d5faa0cfb46449b8cda9a6a5efe0d92584a58587d516ebf89b31e7c8
ra_static_equal_seed1,ra_static_equal,1,v40c_03520,1,2,100,0.8,1.0,1.0,0.8,2819dec6d5faa0cfb46449b8cda9a6a5efe0d92584a58587d516ebf89b31e7c8
ra_static_equal_seed1,ra_static_equal,1,v40c_03521,1,1,100,0.7999999999999999,0.9999999999999999,0.9999999999999999,0.8,2819dec6d5faa0cfb46449b8cda9a6a5efe0d92584a58587d516ebf89b31e7c8
ra_static_equal_seed1,ra_static_equal,1,v40c_03522,1,1,100,0.7999999999999999,0.9999999999999999,0.9999999999999999,0.8,2819dec6d5faa0cfb46449b8cda9a6a5efe0d92584a58587d516ebf89b31e7c8
ra_static_equal_seed1,ra_static_equal,1,v40c_03523,1,1,100,0.8999999999999998,0.9999999999999999,0.9999999999999999,0.9,2819dec6d5faa0cfb46449b8cda9a6a5efe0d92584a58587d516ebf89b31e7c8
ra_static_equal_seed1,ra_static_equal,1,v40c_03524,1,1,100,0.8999999999999998,0.9999999999999999,0.9999999999999999,0.9,2819dec6d5faa0cfb46449b8cda9a6a5efe0d92584a58587d516ebf89b31e7c8
ra_static_equal_seed1,ra_static_equal,1,v40c_03525,1,1,100,0.7999999999999999,0.9999999999999999,0.9999999999999999,0.8,2819dec6d5faa0cfb46449b8cda9a6a5efe0d92584a58587d516ebf89b31e7c8
ra_static_equal_seed1,ra_static_equal,1,v40c_03526,1,1,100,0.7999999999999999,0.9999999999999999,0.9999999999999999,0.8,2819dec6d5faa0cfb46449b8cda9a6a5efe0d92584a58587d516ebf89b31e7c8
ra_static_equal_seed1,ra_static_equal,1,v40c_03527,1,1,100,0.7999999999999999,0.9999999999999999,0.9999999999999999,0.8,2819dec6d5faa0cfb46449b8cda9a6a5efe0d92584a58587d516ebf89b31e7c8
ra_static_equal_seed1,ra_static_equal,1,v40c_03528,2,2,200,0.6,1.0,1.0,0.6,2819dec6d5faa0cfb46449b8cda9a6a5efe0d92584a58587d516ebf89b31e7c8
ra_static_equal_seed1,ra_static_equal,1,v40c_03529,2,2,200,0.6252475247524752,1.0,1.0,0.65,2819dec6d5faa0cfb46449b8cda9a6a5efe0d92584a58587d516ebf89b31e7c8
ra_static_equal_seed1,ra_static_equal,1,v40c_03530,1,1,100,0.5999999999999999,0.9999999999999999,0.9999999999999999,0.6,2819dec6d5faa0cfb46449b8cda9a6a5efe0d92584a58587d516ebf89b31e7c8
ra_static_equal_seed1,ra_static_equal,1,v40c_03531,1,1,100,0.7,0.9999999999999999,0.9999999999999999,0.7,2819dec6d5faa0cfb46449b8cda9a6a5efe0d92584a58587d516ebf89b31e7c8
ra_static_equal_seed1,ra_static_equal,1,v40c_03532,1,1,100,0.7999999999999999,0.9999999999999999,0.9999999999999999,0.8,2819dec6d5faa0cfb46449b8cda9a6a5efe0d92584a58587d516ebf89b31e7c8
ra_static_equal_seed1,ra_static_equal,1,v40c_03533,1,2,100,0.6854785478547855,0.834983498349835,0.834983498349835,0.8,2819dec6d5faa0cfb46449b8cda9a6a5efe0d92584a58587d516ebf89b31e7c8
ra_static_equal_seed1,ra_static_equal,1,v40c_03534,1,1,100,0.8999999999999998,0.9999999999999999,0.9999999999999999,0.9,2819dec6d5faa0cfb46449b8cda9a6a5efe0d92584a58587d516ebf89b31e7c8
ra_static_equal_seed1,ra_static_equal,1,v40c_03535,1,1,100,0.7999999999999999,0.9999999999999999,0.9999999999999999,0.8,2819dec6d5faa0cfb46449b8cda9a6a5efe0d92584a58587d516ebf89b31e7c8
ra_static_equal_seed1,ra_static_equal,1,v40c_03536,1,1,100,0.5999999999999999,0.9999999999999999,0.9999999999999999,0.6,2819dec6d5faa0cfb46449b8cda9a6a5efe0d92584a58587d516ebf89b31e7c8
ra_static_equal_seed1,ra_static_equal,1,v40c_03537,1,1,100,0.7999999999999999,0.9999999999999999,0.9999999999999999,0.8,2819dec6d5faa0cfb46449b8cda9a6a5efe0d92584a58587d516ebf89b31e7c8
ra_static_equal_seed1,ra_static_equal,1,v40c_03538,1,1,100,0.5999999999999999,0.9999999999999999,0.9999999999999999,0.6,2819dec6d5faa0cfb46449b8cda9a6a5efe0d92584a58587d516ebf89b31e7c8
ra_static_equal_seed1,ra_static_equal,1,v40c_03539,1,1,100,0.4026666666666666,0.9999999999999999,0.013333333333333338,0.6,2819dec6d5faa0cfb46449b8cda9a6a5efe0d92584a58587d516ebf89b31e7c8
ra_static_equal_seed1,ra_static_equal,1,v40c_03540,1,1,100,0.7,0.9999999999999999,0.9999999999999999,0.7,2819dec6d5faa0cfb46449b8cda9a6a5efe0d92584a58587d516ebf89b31e7c8
ra_static_equal_seed1,ra_static_equal,1,v40c_03541,1,1,100,0.525,0.9999999999999999,0.25,0.6,2819dec6d5faa0cfb46449b8cda9a6a5efe0d92584a58587d516ebf89b31e7c8
ra_static_equal_seed1,ra_static_equal,1,v40c_03542,1,1,100,0.7,0.9999999999999999,0.9999999999999999,0.7,2819dec6d5faa0cfb46449b8cda9a6a5efe0d92584a58587d516ebf89b31e7c8
ra_static_equal_seed1,ra_static_equal,1,v40c_03543,2,2,200,0.2543908738699957,1.0,0.0,0.4,2819dec6d5faa0cfb46449b8cda9a6a5efe0d92584a58587d516ebf89b31e7c8
ra_static_equal_seed1,ra_static_equal,1,v40c_03544,1,1,100,0.0375,0.0625,0.0625,0.6,2819dec6d5faa0cfb46449b8cda9a6a5efe0d92584a58587d516ebf89b31e7c8
ra_static_equal_seed1,ra_static_equal,1,v40c_03570,1,1,100,0.8999999999999998,0.9999999999999999,0.9999999999999999,0.9,2819dec6d5faa0cfb46449b8cda9a6a5efe0d92584a58587d516ebf89b31e7c8
ra_static_equal_seed1,ra_static_equal,1,v40c_03571,2,3,200,0.799009900990099,1.0,1.0,0.8,2819dec6d5faa0cfb46449b8cda9a6a5efe0d92584a58587d516ebf89b31e7c8
ra_static_equal_seed1,ra_static_equal,1,v40c_03572,1,2,100,0.9,1.0,1.0,0.9,2819dec6d5faa0cfb46449b8cda9a6a5efe0d92584a58587d516ebf89b31e7c8
ra_static_equal_seed1,ra_static_equal,1,v40c_03573,1,2,100,0.8504950495049505,1.0,1.0,0.85,2819dec6d5faa0cfb46449b8cda9a6a5efe0d92584a58587d516ebf89b31e7c8
ra_static_equal_seed1,ra_static_equal,1,v40c_03574,2,3,200,0.7831683168316832,1.0,1.0,0.7999999999999999,2819dec6d5faa0cfb46449b8cda9a6a5efe0d92584a58587d516ebf89b31e7c8
ra_static_equal_seed1,ra_static_equal,1,v40c_03575,2,5,200,0.6958745874587459,0.8861386138613861,0.8861386138613861,0.78,2819dec6d5faa0cfb46449b8cda9a6a5efe0d92584a58587d516ebf89b31e7c8
ra_static_equal_seed1,ra_static_equal,1,v40c_03576,30,50,3000,0.5972114548630135,0.9056950081030501,0.7657304344590166,0.694,2819dec6d5faa0cfb46449b8cda9a6a5efe0d92584a58587d516ebf89b31e7c8
ra_static_equal_seed1,ra_static_equal,1,v40c_03577,1,2,100,0.9,1.0,1.0,0.9,2819dec6d5faa0cfb46449b8cda9a6a5efe0d92584a58587d516ebf89b31e7c8
ra_static_equal_seed1,ra_static_equal,1,v40c_03578,1,2,100,0.8504950495049505,1.0,1.0,0.85,2819dec6d5faa0cfb46449b8cda9a6a5efe0d92584a58587d516ebf89b31e7c8
ra_static_equal_seed1,ra_static_equal,1,v40c_03579,1,2,100,0.8504950495049505,1.0,1.0,0.85,2819dec6d5faa0cfb46449b8cda9a6a5efe0d92584a58587d516ebf89b31e7c8
ra_static_equal_seed1,ra_static_equal,1,v40c_03580,1,2,100,0.8252475247524753,1.0,1.0,0.85,2819dec6d5faa0cfb46449b8cda9a6a5efe0d92584a58587d516ebf89b31e7c8
ra_static_equal_seed1,ra_static_equal,1,v40c_03581,1,2,100,0.6524752475247524,0.834983498349835,0.834983498349835,0.75,2819dec6d5faa0cfb46449b8cda9a6a5efe0d92584a58587d516ebf89b31e7c8
ra_static_equal_seed1,ra_static_equal,1,v40c_03582,1,3,100,0.406039603960396,0.6049504950495049,0.33663366336633654,0.4999999999999999,2819dec6d5faa0cfb46449b8cda9a6a5efe0d92584a58587d516ebf89b31e7c8
ra_static_equal_seed1,ra_static_equal,1,v40c_03583,1,2,100,0.6504950495049504,1.0,1.0,0.65,2819dec6d5faa0cfb46449b8cda9a6a5efe0d92584a58587d516ebf89b31e7c8
ra_static_equal_seed1,ra_static_equal,1,v40c_03584,1,2,100,0.9,1.0,1.0,0.9,2819dec6d5faa0cfb46449b8cda9a6a5efe0d92584a58587d516ebf89b31e7c8
ra_static_equal_seed1,ra_static_equal,1,v40c_03585,1,2,100,0.9009900990099009,1.0,1.0,0.9,2819dec6d5faa0cfb46449b8cda9a6a5efe0d92584a58587d516ebf89b31e7c8
ra_static_equal_seed1,ra_static_equal,1,v40c_03586,1,2,100,0.7252475247524752,1.0,1.0,0.75,2819dec6d5faa0cfb46449b8cda9a6a5efe0d92584a58587d516ebf89b31e7c8
ra_static_equal_seed1,ra_static_equal,1,v40c_03587,1,2,100,0.5514851485148515,0.834983498349835,0.834983498349835,0.65,2819dec6d5faa0cfb46449b8cda9a6a5efe0d92584a58587d516ebf89b31e7c8
ra_static_equal_seed1,ra_static_equal,1,v40c_03588,1,2,100,0.3277227722772277,0.6463932107496466,0.5049504950495048,0.5,2819dec6d5faa0cfb46449b8cda9a6a5efe0d92584a58587d516ebf89b31e7c8
ra_static_equal_seed1,ra_static_equal,1,v40c_03589,2,3,200,0.5648514851485149,0.9158415841584159,0.7054455445544554,0.6666666666666666,2819dec6d5faa0cfb46449b8cda9a6a5efe0d92584a58587d516ebf89b31e7c8
ra_static_equal_seed1,ra_static_equal,1,v40c_03590,1,2,100,0.5504950495049504,1.0,0.5049504950495048,0.55,2819dec6d5faa0cfb46449b8cda9a6a5efe0d92584a58587d516ebf89b31e7c8
ra_static_equal_seed1,ra_static_equal,1,v40c_03591,1,1,100,0.4130434782608695,0.9999999999999999,0.043478260869565216,0.7,2819dec6d5faa0cfb46449b8cda9a6a5efe0d92584a58587d516ebf89b31e7c8
ra_static_equal_seed1,ra_static_equal,1,v40c_03615,1,2,100,0.8009900990099009,1.0,1.0,0.8,2819dec6d5faa0cfb46449b8cda9a6a5efe0d92584a58587d516ebf89b31e7c8
ra_static_equal_seed1,ra_static_equal,1,v40c_03616,1,2,100,0.8504950495049505,1.0,1.0,0.85,2819dec6d5faa0cfb46449b8cda9a6a5efe0d92584a58587d516ebf89b31e7c8
ra_static_equal_seed1,ra_static_equal,1,v40c_03617,1,2,100,0.8504950495049505,1.0,1.0,0.85,2819dec6d5faa0cfb46449b8cda9a6a5efe0d92584a58587d516ebf89b31e7c8
ra_static_equal_seed1,ra_static_equal,1,v40c_03618,1,2,100,0.8,1.0,1.0,0.8,2819dec6d5faa0cfb46449b8cda9a6a5efe0d92584a58587d516ebf89b31e7c8
ra_static_equal_seed1,ra_static_equal,1,v40c_03619,1,2,100,0.667986798679868,0.834983498349835,0.834983498349835,0.8,2819dec6d5faa0cfb46449b8cda9a6a5efe0d92584a58587d516ebf89b31e7c8
ra_static_equal_seed1,ra_static_equal,1,v40c_03620,1,2,100,0.6102310231023103,0.834983498349835,0.7524752475247525,0.8,2819dec6d5faa0cfb46449b8cda9a6a5efe0d92584a58587d516ebf89b31e7c8
ra_static_equal_seed1,ra_static_equal,1,v40c_03621,1,2,100,0.6146039603960396,0.7524752475247525,0.7524752475247525,0.85,2819dec6d5faa0cfb46449b8cda9a6a5efe0d92584a58587d516ebf89b31e7c8
ra_static_equal_seed1,ra_static_equal,1,v40c_03622,1,2,100,0.9,1.0,1.0,0.9,2819dec6d5faa0cfb46449b8cda9a6a5efe0d92584a58587d516ebf89b31e7c8
ra_static_equal_seed1,ra_static_equal,1,v40c_03623,2,4,200,0.8816831683168317,1.0,1.0,0.925,2819dec6d5faa0cfb46449b8cda9a6a5efe0d92584a58587d516ebf89b31e7c8
ra_static_equal_seed1,ra_static_equal,1,v40c_03624,1,2,100,0.9252475247524753,1.0,1.0,0.95,2819dec6d5faa0cfb46449b8cda9a6a5efe0d92584a58587d516ebf89b31e7c8
ra_static_equal_seed1,ra_static_equal,1,v40c_03625,1,2,100,0.8504950495049506,1.0,1.0,0.9,2819dec6d5faa0cfb46449b8cda9a6a5efe0d92584a58587d516ebf89b31e7c8
ra_static_equal_seed1,ra_static_equal,1,v40c_03626,1,2,100,0.9009900990099009,1.0,1.0,0.9,2819dec6d5faa0cfb46449b8cda9a6a5efe0d92584a58587d516ebf89b31e7c8
ra_static_equal_seed1,ra_static_equal,1,v40c_03627,1,2,100,0.8252475247524753,1.0,1.0,0.85,2819dec6d5faa0cfb46449b8cda9a6a5efe0d92584a58587d516ebf89b31e7c8
ra_static_equal_seed1,ra_static_equal,1,v40c_03628,2,3,200,0.8554455445544555,1.0,1.0,0.8666666666666666,2819dec6d5faa0cfb46449b8cda9a6a5efe0d92584a58587d516ebf89b31e7c8
ra_static_equal_seed1,ra_static_equal,1,v40c_03629,2,2,200,0.9009900990099009,1.0,1.0,0.9,2819dec6d5faa0cfb46449b8cda9a6a5efe0d92584a58587d516ebf89b31e7c8
ra_static_equal_seed1,ra_static_equal,1,v40c_03630,1,1,100,0.9999999999999998,0.9999999999999999,0.9999999999999999,1.0,2819dec6d5faa0cfb46449b8cda9a6a5efe0d92584a58587d516ebf89b31e7c8
ra_static_equal_seed1,ra_static_equal,1,v40c_03631,1,2,100,0.4699669966996698,0.6699669966996696,0.5049504950495048,0.6,2819dec6d5faa0cfb46449b8cda9a6a5efe0d92584a58587d516ebf89b31e7c8
ra_static_equal_seed1,ra_static_equal,1,v40c_03632,1,1,100,0.7999999999999999,0.9999999999999999,0.9999999999999999,0.8,2819dec6d5faa0cfb46449b8cda9a6a5efe0d92584a58587d516ebf89b31e7c8
ra_static_equal_seed1,ra_static_equal,1,v40c_03633,1,1,100,0.35,0.5,0.5,0.7,2819dec6d5faa0cfb46449b8cda9a6a5efe0d92584a58587d516ebf89b31e7c8
ra_static_equal_seed1,ra_static_equal,1,v40c_03634,2,2,200,0.7252475247524752,1.0,1.0,0.75,2819dec6d5faa0cfb46449b8cda9a6a5efe0d92584a58587d516ebf89b31e7c8
ra_static_equal_seed1,ra_static_equal,1,v40c_03635,1,1,100,0.4999999999999999,0.9999999999999999,0.0,0.5,2819dec6d5faa0cfb46449b8cda9a6a5efe0d92584a58587d516ebf89b31e7c8
ra_static_equal_seed1,ra_static_equal,1,v40c_03636,1,1,100,0.39999999999999997,0.9999999999999999,0.0,0.4,2819dec6d5faa0cfb46449b8cda9a6a5efe0d92584a58587d516ebf89b31e7c8
ra_static_equal_seed1,ra_static_equal,1,v40c_03637,1,1,100,0.7,0.9999999999999999,0.9999999999999999,0.7,2819dec6d5faa0cfb46449b8cda9a6a5efe0d92584a58587d516ebf89b31e7c8
ra_static_equal_seed1,ra_static_equal,1,v40c_03638,1,1,100,0.7999999999999999,0.9999999999999999,0.9999999999999999,0.8,2819dec6d5faa0cfb46449b8cda9a6a5efe0d92584a58587d516ebf89b31e7c8
ra_static_equal_seed1,ra_static_equal,1,v40c_03639,1,1,100,0.7999999999999999,0.9999999999999999,0.9999999999999999,0.8,2819dec6d5faa0cfb46449b8cda9a6a5efe0d92584a58587d516ebf89b31e7c8
ra_static_equal_seed1,ra_static_equal,1,v40c_04010,2,5,200,0.7313531353135313,0.933993399339934,0.7937293729372936,0.8400000000000001,2819dec6d5faa0cfb46449b8cda9a6a5efe0d92584a58587d516ebf89b31e7c8
ra_static_equal_seed1,ra_static_equal,1,v40c_04032,1,1,100,0.5999999999999999,0.9999999999999999,0.9999999999999999,0.6,2819dec6d5faa0cfb46449b8cda9a6a5efe0d92584a58587d516ebf89b31e7c8
ra_static_equal_seed1,ra_static_equal,1,v40c_04033,1,1,100,0.4999999999999999,0.9999999999999999,0.0,0.5,2819dec6d5faa0cfb46449b8cda9a6a5efe0d92584a58587d516ebf89b31e7c8
ra_static_equal_seed1,ra_static_equal,1,v40c_04034,1,2,100,0.13760204967865208,0.3333333333333334,0.12623762376237624,0.6,2819dec6d5faa0cfb46449b8cda9a6a5efe0d92584a58587d516ebf89b31e7c8
ra_static_equal_seed1,ra_static_equal,1,v40c_04035,1,2,100,0.3575342465753424,0.5185134951851349,0.5049504950495048,0.5,2819dec6d5faa0cfb46449b8cda9a6a5efe0d92584a58587d516ebf89b31e7c8
ra_static_equal_seed1,ra_static_equal,1,v40c_04036,1,3,100,0.5771570014144272,1.0,0.6994342291371998,0.6666666666666666,2819dec6d5faa0cfb46449b8cda9a6a5efe0d92584a58587d516ebf89b31e7c8
ra_static_equal_seed1,ra_static_equal,1,v40c_04037,1,2,100,0.6029702970297028,0.7524752475247525,0.7524752475247525,0.75,2819dec6d5faa0cfb46449b8cda9a6a5efe0d92584a58587d516ebf89b31e7c8
ra_static_equal_seed1,ra_static_equal,1,v40c_04038,1,2,100,0.7019801980198019,1.0,0.5049504950495048,0.7,2819dec6d5faa0cfb46449b8cda9a6a5efe0d92584a58587d516ebf89b31e7c8
ra_static_equal_seed1,ra_static_equal,1,v40c_04039,1,3,100,0.8221122112211223,1.0,1.0,0.8666666666666666,2819dec6d5faa0cfb46449b8cda9a6a5efe0d92584a58587d516ebf89b31e7c8
ra_static_equal_seed1,ra_static_equal,1,v40c_04040,1,3,100,0.8336633663366335,1.0,1.0,0.8666666666666668,2819dec6d5faa0cfb46449b8cda9a6a5efe0d92584a58587d516ebf89b31e7c8
ra_static_equal_seed1,ra_static_equal,1,v40c_04041,1,3,100,0.861056105610561,1.0,1.0,0.9,2819dec6d5faa0cfb46449b8cda9a6a5efe0d92584a58587d516ebf89b31e7c8
ra_static_equal_seed1,ra_static_equal,1,v40c_04042,1,3,100,0.8554455445544555,1.0,1.0,0.8666666666666666,2819dec6d5faa0cfb46449b8cda9a6a5efe0d92584a58587d516ebf89b31e7c8
ra_static_equal_seed1,ra_static_equal,1,v40c_04043,1,3,100,0.861056105610561,1.0,1.0,0.9,2819dec6d5faa0cfb46449b8cda9a6a5efe0d92584a58587d516ebf89b31e7c8
ra_static_equal_seed1,ra_static_equal,1,v40c_04044,1,3,100,0.7384158415841581,0.865346534653465,0.865346534653465,0.8333333333333333,2819dec6d5faa0cfb46449b8cda9a6a5efe0d92584a58587d516ebf89b31e7c8
ra_static_equal_seed1,ra_static_equal,1,v40c_04045,1,3,100,0.8168316831683168,1.0,1.0,0.8333333333333334,2819dec6d5faa0cfb46449b8cda9a6a5efe0d92584a58587d516ebf89b31e7c8
ra_static_equal_seed1,ra_static_equal,1,v40c_04046,1,3,100,0.8,1.0,1.0,0.8333333333333333,2819dec6d5faa0cfb46449b8cda9a6a5efe0d92584a58587d516ebf89b31e7c8
ra_static_equal_seed1,ra_static_equal,1,v40c_04047,1,2,100,0.8,1.0,1.0,0.8,2819dec6d5faa0cfb46449b8cda9a6a5efe0d92584a58587d516ebf89b31e7c8
ra_static_equal_seed1,ra_static_equal,1,v40c_04048,1,2,100,0.9,1.0,1.0,0.9,2819dec6d5faa0cfb46449b8cda9a6a5efe0d92584a58587d516ebf89b31e7c8
ra_static_equal_seed1,ra_static_equal,1,v40c_04049,1,2,100,0.9,1.0,1.0,0.9,2819dec6d5faa0cfb46449b8cda9a6a5efe0d92584a58587d516ebf89b31e7c8
ra_static_equal_seed1,ra_static_equal,1,v40c_04050,1,2,100,0.8,1.0,1.0,0.8,2819dec6d5faa0cfb46449b8cda9a6a5efe0d92584a58587d516ebf89b31e7c8
ra_static_equal_seed1,ra_static_equal,1,v40c_04051,1,1,100,0.8999999999999998,0.9999999999999999,0.9999999999999999,0.9,2819dec6d5faa0cfb46449b8cda9a6a5efe0d92584a58587d516ebf89b31e7c8
ra_static_equal_seed1,ra_static_equal,1,v40c_04052,1,1,100,0.7999999999999999,0.9999999999999999,0.9999999999999999,0.8,2819dec6d5faa0cfb46449b8cda9a6a5efe0d92584a58587d516ebf89b31e7c8
ra_static_equal_seed1,ra_static_equal,1,v40c_04053,2,2,200,0.8252475247524753,1.0,1.0,0.85,2819dec6d5faa0cfb46449b8cda9a6a5efe0d92584a58587d516ebf89b31e7c8
ra_static_equal_seed1,ra_static_equal,1,v40c_04054,2,2,200,0.8252475247524753,1.0,1.0,0.85,2819dec6d5faa0cfb46449b8cda9a6a5efe0d92584a58587d516ebf89b31e7c8
ra_static_equal_seed1,ra_static_equal,1,v40c_04055,1,1,100,0.7999999999999999,0.9999999999999999,0.9999999999999999,0.8,2819dec6d5faa0cfb46449b8cda9a6a5efe0d92584a58587d516ebf89b31e7c8
ra_static_equal_seed1,ra_static_equal,1,v40c_04056,1,1,100,0.7999999999999999,0.9999999999999999,0.9999999999999999,0.8,2819dec6d5faa0cfb46449b8cda9a6a5efe0d92584a58587d516ebf89b31e7c8
ra_static_equal_seed1,ra_static_equal,1,v40c_04057,1,1,100,0.7999999999999999,0.9999999999999999,0.9999999999999999,0.8,2819dec6d5faa0cfb46449b8cda9a6a5efe0d92584a58587d516ebf89b31e7c8
ra_static_equal_seed1,ra_static_equal,1,v40c_04058,1,1,100,0.7999999999999999,0.9999999999999999,0.9999999999999999,0.8,2819dec6d5faa0cfb46449b8cda9a6a5efe0d92584a58587d516ebf89b31e7c8
ra_static_equal_seed1,ra_static_equal,1,v40c_04059,1,1,100,0.8999999999999998,0.9999999999999999,0.9999999999999999,0.9,2819dec6d5faa0cfb46449b8cda9a6a5efe0d92584a58587d516ebf89b31e7c8
ra_static_equal_seed1,ra_static_equal,1,v40c_04060,1,1,100,0.7999999999999999,0.9999999999999999,0.9999999999999999,0.8,2819dec6d5faa0cfb46449b8cda9a6a5efe0d92584a58587d516ebf89b31e7c8
ra_static_equal_seed1,ra_static_equal,1,v40c_04061,1,1,100,0.8999999999999998,0.9999999999999999,0.9999999999999999,0.9,2819dec6d5faa0cfb46449b8cda9a6a5efe0d92584a58587d516ebf89b31e7c8
ra_static_equal_seed1,ra_static_equal,1,v40c_04062,1,1,100,0.8999999999999998,0.9999999999999999,0.9999999999999999,0.9,2819dec6d5faa0cfb46449b8cda9a6a5efe0d92584a58587d516ebf89b31e7c8
ra_static_equal_seed1,ra_static_equal,1,v40c_04063,1,1,100,0.8999999999999998,0.9999999999999999,0.9999999999999999,0.9,2819dec6d5faa0cfb46449b8cda9a6a5efe0d92584a58587d516ebf89b31e7c8
ra_static_equal_seed1,ra_static_equal,1,v40c_04064,1,1,100,0.7,0.9999999999999999,0.9999999999999999,0.7,2819dec6d5faa0cfb46449b8cda9a6a5efe0d92584a58587d516ebf89b31e7c8
ra_static_equal_seed1,ra_static_equal,1,v40c_04065,1,1,100,0.4999999999999999,0.9999999999999999,0.0,0.5,2819dec6d5faa0cfb46449b8cda9a6a5efe0d92584a58587d516ebf89b31e7c8
ra_static_equal_seed1,ra_static_equal,1,v40c_04066,1,1,100,0.7999999999999999,0.9999999999999999,0.9999999999999999,0.8,2819dec6d5faa0cfb46449b8cda9a6a5efe0d92584a58587d516ebf89b31e7c8
ra_static_equal_seed1,ra_static_equal,1,v40c_04067,1,1,100,0.8999999999999998,0.9999999999999999,0.9999999999999999,0.9,2819dec6d5faa0cfb46449b8cda9a6a5efe0d92584a58587d516ebf89b31e7c8
ra_static_equal_seed1,ra_static_equal,1,v40c_04068,1,1,100,0.5999999999999999,0.9999999999999999,0.9999999999999999,0.6,2819dec6d5faa0cfb46449b8cda9a6a5efe0d92584a58587d516ebf89b31e7c8
ra_static_equal_seed1,ra_static_equal,1,v40c_04069,1,1,100,0.028108108108108106,0.06666666666666665,0.027027027027027035,0.6,2819dec6d5faa0cfb46449b8cda9a6a5efe0d92584a58587d516ebf89b31e7c8
ra_static_equal_seed1,ra_static_equal,1,v40c_04070,1,2,100,0.16679360243716676,0.5430312261995429,0.0,0.4,2819dec6d5faa0cfb46449b8cda9a6a5efe0d92584a58587d516ebf89b31e7c8
ra_static_equal_seed1,ra_static_equal,1,v40c_04071,1,1,100,0.1629032258064516,0.5,0.032258064516129024,0.7,2819dec6d5faa0cfb46449b8cda9a6a5efe0d92584a58587d516ebf89b31e7c8
ra_static_equal_seed1,ra_static_equal,1,v40c_04072,1,1,100,0.12105263157894734,0.5,0.052631578947368404,0.6,2819dec6d5faa0cfb46449b8cda9a6a5efe0d92584a58587d516ebf89b31e7c8
ra_static_equal_seed1,ra_static_equal,1,v40c_04073,1,2,100,0.3252475247524752,1.0,0.0,0.35,2819dec6d5faa0cfb46449b8cda9a6a5efe0d92584a58587d516ebf89b31e7c8
ra_static_equal_seed1,ra_static_equal,1,v40c_04074,1,2,100,0.500990099009901,1.0,0.5049504950495048,0.5,2819dec6d5faa0cfb46449b8cda9a6a5efe0d92584a58587d516ebf89b31e7c8
ra_static_equal_seed1,ra_static_equal,1,v40c_04075,1,2,100,0.7252475247524752,1.0,1.0,0.75,2819dec6d5faa0cfb46449b8cda9a6a5efe0d92584a58587d516ebf89b31e7c8
ra_static_equal_seed1,ra_static_equal,1,v40c_04076,2,4,200,0.7316831683168317,1.0,1.0,0.775,2819dec6d5faa0cfb46449b8cda9a6a5efe0d92584a58587d516ebf89b31e7c8
ra_static_equal_seed1,ra_static_equal,1,v40c_04077,1,2,100,0.6415841584158416,1.0,0.7029702970297033,0.7,2819dec6d5faa0cfb46449b8cda9a6a5efe0d92584a58587d516ebf89b31e7c8
ra_static_equal_seed1,ra_static_equal,1,v40c_04078,2,4,200,0.7257425742574257,1.0,1.0,0.725,2819dec6d5faa0cfb46449b8cda9a6a5efe0d92584a58587d516ebf89b31e7c8
ra_static_equal_seed1,ra_static_equal,1,v40c_04079,2,4,200,0.6003077334760503,0.8762376237623762,0.6245317099277494,0.8,2819dec6d5faa0cfb46449b8cda9a6a5efe0d92584a58587d516ebf89b31e7c8
ra_static_equal_seed1,ra_static_equal,1,v40c_04080,1,2,100,0.9,1.0,1.0,0.9,2819dec6d5faa0cfb46449b8cda9a6a5efe0d92584a58587d516ebf89b31e7c8
ra_static_equal_seed1,ra_static_equal,1,v40c_04081,1,1,100,0.8999999999999998,0.9999999999999999,0.9999999999999999,0.9,2819dec6d5faa0cfb46449b8cda9a6a5efe0d92584a58587d516ebf89b31e7c8
ra_static_equal_seed1,ra_static_equal,1,v40c_04082,1,2,100,0.6514851485148514,1.0,0.5049504950495048,0.65,2819dec6d5faa0cfb46449b8cda9a6a5efe0d92584a58587d516ebf89b31e7c8
ra_static_equal_seed1,ra_static_equal,1,v40c_04083,1,2,100,0.45346534653465354,0.603960396039604,0.5049504950495048,0.65,2819dec6d5faa0cfb46449b8cda9a6a5efe0d92584a58587d516ebf89b31e7c8
ra_static_equal_seed1,ra_static_equal,1,v40c_04084,1,2,100,0.700990099009901,1.0,1.0,0.7,2819dec6d5faa0cfb46449b8cda9a6a5efe0d92584a58587d516ebf89b31e7c8
ra_static_equal_seed1,ra_static_equal,1,v40c_04085,1,2,100,0.5168747309513559,1.0,0.5049504950495048,0.65,2819dec6d5faa0cfb46449b8cda9a6a5efe0d92584a58587d516ebf89b31e7c8
ra_static_equal_seed1,ra_static_equal,1,v40c_04086,1,3,100,0.4011170347804011,0.9158415841584159,0.4092409240924092,0.6333333333333333,2819dec6d5faa0cfb46449b8cda9a6a5efe0d92584a58587d516ebf89b31e7c8
ra_static_equal_seed1,ra_static_equal,1,v40c_04104,1,1,100,0.4,0.5,0.5,0.8,2819dec6d5faa0cfb46449b8cda9a6a5efe0d92584a58587d516ebf89b31e7c8
ra_static_equal_seed1,ra_static_equal,1,v40c_04105,2,2,200,0.20373537353735366,0.3424842484248423,0.2524752475247525,0.5,2819dec6d5faa0cfb46449b8cda9a6a5efe0d92584a58587d516ebf89b31e7c8
ra_static_equal_seed1,ra_static_equal,1,v40c_04106,5,9,500,0.6122124554975182,0.9349009900990101,0.5404413866583507,0.7333333333333333,2819dec6d5faa0cfb46449b8cda9a6a5efe0d92584a58587d516ebf89b31e7c8
ra_static_equal_seed1,ra_static_equal,1,v40c_04107,1,2,100,0.8009900990099009,1.0,1.0,0.8,2819dec6d5faa0cfb46449b8cda9a6a5efe0d92584a58587d516ebf89b31e7c8
ra_static_equal_seed1,ra_static_equal,1,v40c_04108,1,2,100,0.7757425742574257,1.0,1.0,0.85,2819dec6d5faa0cfb46449b8cda9a6a5efe0d92584a58587d516ebf89b31e7c8
ra_static_equal_seed1,ra_static_equal,1,v40c_04109,1,2,100,0.8252475247524753,1.0,1.0,0.85,2819dec6d5faa0cfb46449b8cda9a6a5efe0d92584a58587d516ebf89b31e7c8
ra_static_equal_seed1,ra_static_equal,1,v40c_04110,1,2,100,0.8504950495049505,1.0,1.0,0.85,2819dec6d5faa0cfb46449b8cda9a6a5efe0d92584a58587d516ebf89b31e7c8
ra_static_equal_seed1,ra_static_equal,1,v40c_04111,1,2,100,0.8252475247524753,1.0,1.0,0.85,2819dec6d5faa0cfb46449b8cda9a6a5efe0d92584a58587d516ebf89b31e7c8
ra_static_equal_seed1,ra_static_equal,1,v40c_04112,1,3,100,0.4652145214521452,0.7643564356435644,0.7306930693069307,0.7,2819dec6d5faa0cfb46449b8cda9a6a5efe0d92584a58587d516ebf89b31e7c8
ra_static_equal_seed1,ra_static_equal,1,v40c_04113,1,3,100,0.6442244224422442,1.0,1.0,0.6666666666666666,2819dec6d5faa0cfb46449b8cda9a6a5efe0d92584a58587d516ebf89b31e7c8
ra_static_equal_seed1,ra_static_equal,1,v40c_04114,1,3,100,0.7884488448844884,1.0,1.0,0.8333333333333333,2819dec6d5faa0cfb46449b8cda9a6a5efe0d92584a58587d516ebf89b31e7c8
ra_static_equal_seed1,ra_static_equal,1,v40c_04115,5,18,500,0.5510242015642242,0.9285710615690523,0.7397587677777901,0.6666666666666666,2819dec6d5faa0cfb46449b8cda9a6a5efe0d92584a58587d516ebf89b31e7c8
ra_static_equal_seed1,ra_static_equal,1,v40c_04116,1,4,100,0.593069306930693,1.0,0.42244224422442234,0.625,2819dec6d5faa0cfb46449b8cda9a6a5efe0d92584a58587d516ebf89b31e7c8
ra_static_equal_seed1,ra_static_equal,1,v40c_04117,1,4,100,0.5343758955727506,0.9174917491749175,0.6905940594059405,0.65,2819dec6d5faa0cfb46449b8cda9a6a5efe0d92584a58587d516ebf89b31e7c8
ra_static_equal_seed1,ra_static_equal,1,v40c_04118,1,4,100,0.6811881188118811,1.0,0.9504950495049505,0.725,2819dec6d5faa0cfb46449b8cda9a6a5efe0d92584a58587d516ebf89b31e7c8
ra_static_equal_seed1,ra_static_equal,1,v40c_04119,1,3,100,0.5923267326732673,0.8341584158415841,0.8341584158415841,0.7333333333333333,2819dec6d5faa0cfb46449b8cda9a6a5efe0d92584a58587d516ebf89b31e7c8
ra_static_equal_seed1,ra_static_equal,1,v40c_04120,1,4,100,0.5815594059405941,1.0,0.42945544554455445,0.65,2819dec6d5faa0cfb46449b8cda9a6a5efe0d92584a58587d516ebf89b31e7c8
ra_static_equal_seed1,ra_static_equal,1,v40c_04121,1,3,100,0.6495049504950494,1.0,0.8316831683168316,0.7333333333333333,2819dec6d5faa0cfb46449b8cda9a6a5efe0d92584a58587d516ebf89b31e7c8
ra_static_equal_seed1,ra_static_equal,1,v40c_04122,1,3,100,0.5886138613861386,1.0,0.7054455445544554,0.7666666666666666,2819dec6d5faa0cfb46449b8cda9a6a5efe0d92584a58587d516ebf89b31e7c8
ra_static_equal_seed1,ra_static_equal,1,v40c_04123,2,3,200,0.672079207920792,0.9158415841584159,0.865346534653465,0.7333333333333333,2819dec6d5faa0cfb46449b8cda9a6a5efe0d92584a58587d516ebf89b31e7c8
ra_static_equal_seed1,ra_static_equal,1,v40c_04124,1,1,100,0.8999999999999998,0.9999999999999999,0.9999999999999999,0.9,2819dec6d5faa0cfb46449b8cda9a6a5efe0d92584a58587d516ebf89b31e7c8
ra_static_equal_seed1,ra_static_equal,1,v40c_04125,1,3,100,0.5453000119289039,0.9158415841584159,0.34450673983060964,0.6666666666666666,2819dec6d5faa0cfb46449b8cda9a6a5efe0d92584a58587d516ebf89b31e7c8
ra_static_equal_seed1,ra_static_equal,1,v40c_04126,1,3,100,0.6052333804809054,0.7896039603960396,0.6994342291371998,0.7666666666666666,2819dec6d5faa0cfb46449b8cda9a6a5efe0d92584a58587d516ebf89b31e7c8
ra_static_equal_seed1,ra_static_equal,1,v40c_04127,1,4,100,0.4782178217821782,0.6287128712871287,0.6287128712871287,0.55,2819dec6d5faa0cfb46449b8cda9a6a5efe0d92584a58587d516ebf89b31e7c8
ra_static_equal_seed1,ra_static_equal,1,v40c_04128,1,3,100,0.4990099009900989,1.0,0.6633663366336634,0.5666666666666667,2819dec6d5faa0cfb46449b8cda9a6a5efe0d92584a58587d516ebf89b31e7c8
ra_static_equal_seed1,ra_static_equal,1,v40c_04129,1,1,100,0.5999999999999999,0.9999999999999999,0.9999999999999999,0.6,2819dec6d5faa0cfb46449b8cda9a6a5efe0d92584a58587d516ebf89b31e7c8
ra_static_equal_seed1,ra_static_equal,1,v40c_04130,1,1,100,0.7,0.9999999999999999,0.9999999999999999,0.7,2819dec6d5faa0cfb46449b8cda9a6a5efe0d92584a58587d516ebf89b31e7c8
ra_static_equal_seed1,ra_static_equal,1,v40c_04131,1,1,100,0.7,0.9999999999999999,0.9999999999999999,0.7,2819dec6d5faa0cfb46449b8cda9a6a5efe0d92584a58587d516ebf89b31e7c8
ra_static_equal_seed1,ra_static_equal,1,v40c_04132,1,1,100,0.7,0.9999999999999999,0.9999999999999999,0.7,2819dec6d5faa0cfb46449b8cda9a6a5efe0d92584a58587d516ebf89b31e7c8
ra_static_equal_seed1,ra_static_equal,1,v40c_04133,2,6,200,0.5421128847578637,0.8797736916548803,0.5827439886845828,0.7166666666666667,2819dec6d5faa0cfb46449b8cda9a6a5efe0d92584a58587d516ebf89b31e7c8
ra_static_equal_seed1,ra_static_equal,1,v40c_04134,1,3,100,0.6663366336633664,1.0,0.6633663366336634,0.7,2819dec6d5faa0cfb46449b8cda9a6a5efe0d92584a58587d516ebf89b31e7c8
ra_static_equal_seed1,ra_static_equal,1,v40c_04135,1,3,100,0.6326732673267328,1.0,0.6633663366336634,0.6333333333333333,2819dec6d5faa0cfb46449b8cda9a6a5efe0d92584a58587d516ebf89b31e7c8
ra_static_equal_seed1,ra_static_equal,1,v40c_04136,2,5,200,0.6316831683168317,1.0,0.801980198019802,0.64,2819dec6d5faa0cfb46449b8cda9a6a5efe0d92584a58587d516ebf89b31e7c8
ra_static_equal_seed1,ra_static_equal,1,v40c_04137,1,2,100,0.6504950495049504,1.0,1.0,0.65,2819dec6d5faa0cfb46449b8cda9a6a5efe0d92584a58587d516ebf89b31e7c8
ra_static_equal_seed1,ra_static_equal,1,v40c_04138,3,8,300,0.6723129529447791,0.9724972497249724,0.7524752475247525,0.725,2819dec6d5faa0cfb46449b8cda9a6a5efe0d92584a58587d516ebf89b31e7c8
ra_static_equal_seed1,ra_static_equal,1,v40c_04139,4,12,400,0.4710854794333509,0.8165547323963168,0.507626779224305,0.6666666666666666,2819dec6d5faa0cfb46449b8cda9a6a5efe0d92584a58587d516ebf89b31e7c8
ra_static_equal_seed1,ra_static_equal,1,v40c_04140,1,4,100,0.3632921794203713,0.8556105610561057,0.35296161195066866,0.65,2819dec6d5faa0cfb46449b8cda9a6a5efe0d92584a58587d516ebf89b31e7c8
ra_static_equal_seed1,ra_static_equal,1,v40c_04141,2,5,200,0.3937814882236216,0.7204426324985442,0.45228388385057017,0.6599999999999999,2819dec6d5faa0cfb46449b8cda9a6a5efe0d92584a58587d516ebf89b31e7c8
ra_static_equal_seed1,ra_static_equal,1,v40c_04142,1,1,100,0.3,0.5,0.5,0.6,2819dec6d5faa0cfb46449b8cda9a6a5efe0d92584a58587d516ebf89b31e7c8
ra_static_equal_seed1,ra_static_equal,1,v40c_04143,1,3,100,0.48316831683168326,1.0,0.16831683168316833,0.5333333333333333,2819dec6d5faa0cfb46449b8cda9a6a5efe0d92584a58587d516ebf89b31e7c8
ra_static_equal_seed1,ra_static_equal,1,v40c_04144,1,2,100,0.6504950495049504,1.0,1.0,0.7,2819dec6d5faa0cfb46449b8cda9a6a5efe0d92584a58587d516ebf89b31e7c8
ra_static_equal_seed1,ra_static_equal,1,v40c_04145,1,2,100,0.700990099009901,1.0,1.0,0.7,2819dec6d5faa0cfb46449b8cda9a6a5efe0d92584a58587d516ebf89b31e7c8
ra_static_equal_seed1,ra_static_equal,1,v40c_04146,2,4,200,0.6943069306930693,1.0,1.0,0.725,2819dec6d5faa0cfb46449b8cda9a6a5efe0d92584a58587d516ebf89b31e7c8
ra_static_equal_seed1,ra_static_equal,1,v40c_04147,1,2,100,0.4343234323432344,0.6666666666666669,0.2524752475247525,0.7,2819dec6d5faa0cfb46449b8cda9a6a5efe0d92584a58587d516ebf89b31e7c8
ra_static_equal_seed1,ra_static_equal,1,v40c_04148,1,3,100,0.6569306930693071,0.9158415841584159,0.6633663366336634,0.7,2819dec6d5faa0cfb46449b8cda9a6a5efe0d92584a58587d516ebf89b31e7c8
ra_static_equal_seed1,ra_static_equal,1,v40c_04149,1,3,100,0.657920792079208,0.9158415841584159,0.6633663366336634,0.7,2819dec6d5faa0cfb46449b8cda9a6a5efe0d92584a58587d516ebf89b31e7c8
ra_static_equal_seed1,ra_static_equal,1,v40c_04150,1,1,100,0.35,0.5,0.5,0.7,2819dec6d5faa0cfb46449b8cda9a6a5efe0d92584a58587d516ebf89b31e7c8
ra_static_equal_seed1,ra_static_equal,1,v40c_04151,1,1,100,0.7,0.9999999999999999,0.9999999999999999,0.7,2819dec6d5faa0cfb46449b8cda9a6a5efe0d92584a58587d516ebf89b31e7c8
ra_static_equal_seed1,ra_static_equal,1,v40c_04152,2,4,200,0.7064356435643564,1.0,1.0,0.725,2819dec6d5faa0cfb46449b8cda9a6a5efe0d92584a58587d516ebf89b31e7c8
ra_static_equal_seed1,ra_static_equal,1,v40c_04153,1,2,100,0.8,1.0,1.0,0.8,2819dec6d5faa0cfb46449b8cda9a6a5efe0d92584a58587d516ebf89b31e7c8
ra_static_equal_seed1,ra_static_equal,1,v40c_04154,1,1,100,0.7999999999999999,0.9999999999999999,0.9999999999999999,0.8,2819dec6d5faa0cfb46449b8cda9a6a5efe0d92584a58587d516ebf89b31e7c8
ra_static_equal_seed1,ra_static_equal,1,v40c_04155,1,2,100,0.8504950495049505,1.0,1.0,0.85,2819dec6d5faa0cfb46449b8cda9a6a5efe0d92584a58587d516ebf89b31e7c8
ra_static_equal_seed1,ra_static_equal,1,v40c_04156,1,2,100,0.5184818481848185,0.834983498349835,0.5049504950495048,0.6,2819dec6d5faa0cfb46449b8cda9a6a5efe0d92584a58587d516ebf89b31e7c8
ra_static_equal_seed1,ra_static_equal,1,v40c_04157,1,2,100,0.8,1.0,1.0,0.8,2819dec6d5faa0cfb46449b8cda9a6a5efe0d92584a58587d516ebf89b31e7c8
ra_static_equal_seed1,ra_static_equal,1,v40c_04158,1,3,100,0.6079207920792079,0.9158415841584159,0.9158415841584159,0.7,2819dec6d5faa0cfb46449b8cda9a6a5efe0d92584a58587d516ebf89b31e7c8
ra_static_equal_seed1,ra_static_equal,1,v40c_04159,1,3,100,0.6,1.0,0.6633663366336634,0.6,2819dec6d5faa0cfb46449b8cda9a6a5efe0d92584a58587d516ebf89b31e7c8
ra_static_equal_seed1,ra_static_equal,1,v40c_04160,1,4,100,0.4327282728272827,0.8624862486248623,0.5462046204620462,0.6,2819dec6d5faa0cfb46449b8cda9a6a5efe0d92584a58587d516ebf89b31e7c8
ra_static_equal_seed1,ra_static_equal,1,v40c_04161,1,3,100,0.5403394625176804,0.7755775577557755,0.6922206506364923,0.7333333333333333,2819dec6d5faa0cfb46449b8cda9a6a5efe0d92584a58587d516ebf89b31e7c8
ra_static_equal_seed1,ra_static_equal,1,v40c_04162,1,3,100,0.4632938903646462,0.6879980680994928,0.6879980680994928,0.7,2819dec6d5faa0cfb46449b8cda9a6a5efe0d92584a58587d516ebf89b31e7c8
ra_static_equal_seed1,ra_static_equal,1,v40c_04163,1,2,100,0.7252475247524752,1.0,1.0,0.75,2819dec6d5faa0cfb46449b8cda9a6a5efe0d92584a58587d516ebf89b31e7c8
ra_static_equal_seed1,ra_static_equal,1,v40c_04311,3,3,300,0.8168316831683168,1.0,1.0,0.8333333333333334,2819dec6d5faa0cfb46449b8cda9a6a5efe0d92584a58587d516ebf89b31e7c8
ra_static_equal_seed1,ra_static_equal,1,v40c_04312,2,2,200,0.8504950495049505,1.0,1.0,0.85,2819dec6d5faa0cfb46449b8cda9a6a5efe0d92584a58587d516ebf89b31e7c8
ra_static_equal_seed1,ra_static_equal,1,v40c_04313,1,1,100,0.7999999999999999,0.9999999999999999,0.9999999999999999,0.8,2819dec6d5faa0cfb46449b8cda9a6a5efe0d92584a58587d516ebf89b31e7c8
ra_static_equal_seed1,ra_static_equal,1,v40c_04314,1,1,100,0.7999999999999999,0.9999999999999999,0.9999999999999999,0.8,2819dec6d5faa0cfb46449b8cda9a6a5efe0d92584a58587d516ebf89b31e7c8
ra_static_equal_seed1,ra_static_equal,1,v40c_04315,1,1,100,0.7,0.9999999999999999,0.9999999999999999,0.7,2819dec6d5faa0cfb46449b8cda9a6a5efe0d92584a58587d516ebf89b31e7c8
ra_static_equal_seed1,ra_static_equal,1,v40c_04316,2,2,200,0.7504950495049505,1.0,1.0,0.8,2819dec6d5faa0cfb46449b8cda9a6a5efe0d92584a58587d516ebf89b31e7c8
ra_static_equal_seed1,ra_static_equal,1,v40c_04317,15,15,1500,0.7238448844884489,0.9876237623762376,0.9876237623762376,0.76,2819dec6d5faa0cfb46449b8cda9a6a5efe0d92584a58587d516ebf89b31e7c8
ra_static_equal_seed1,ra_static_equal,1,v40c_04484,1,1,100,0.5,0.9999999999999999,0.5,0.7,2819dec6d5faa0cfb46449b8cda9a6a5efe0d92584a58587d516ebf89b31e7c8
ra_static_equal_seed1,ra_static_equal,1,v40c_04485,1,1,100,0.1916666666666667,0.5,0.08333333333333336,0.8,2819dec6d5faa0cfb46449b8cda9a6a5efe0d92584a58587d516ebf89b31e7c8
ra_static_equal_seed1,ra_static_equal,1,v40c_04486,13,13,1300,0.6803149820476553,1.0,0.7723860298117724,0.7153846153846154,2819dec6d5faa0cfb46449b8cda9a6a5efe0d92584a58587d516ebf89b31e7c8
ra_static_equal_seed1,ra_static_equal,1,v40c_04487,3,3,300,0.7663366336633664,1.0,1.0,0.7666666666666666,2819dec6d5faa0cfb46449b8cda9a6a5efe0d92584a58587d516ebf89b31e7c8
ra_static_equal_seed1,ra_static_equal,1,v40c_04514,2,8,200,0.8445544554455445,1.0,1.0,0.8625,2819dec6d5faa0cfb46449b8cda9a6a5efe0d92584a58587d516ebf89b31e7c8
ra_static_equal_seed1,ra_static_equal,1,v40c_04515,1,5,100,0.8603960396039604,1.0,1.0,0.86,2819dec6d5faa0cfb46449b8cda9a6a5efe0d92584a58587d516ebf89b31e7c8
ra_static_equal_seed1,ra_static_equal,1,v40c_04516,2,8,200,0.7795379537953796,0.9284928492849285,0.9284928492849285,0.8625,2819dec6d5faa0cfb46449b8cda9a6a5efe0d92584a58587d516ebf89b31e7c8
ra_static_equal_seed1,ra_static_equal,1,v40c_04517,1,3,100,0.8,1.0,1.0,0.8,2819dec6d5faa0cfb46449b8cda9a6a5efe0d92584a58587d516ebf89b31e7c8
ra_static_equal_seed1,ra_static_equal,1,v40c_04518,1,2,100,0.8009900990099009,1.0,1.0,0.8,2819dec6d5faa0cfb46449b8cda9a6a5efe0d92584a58587d516ebf89b31e7c8
ra_static_equal_seed1,ra_static_equal,1,v40c_04519,1,3,100,0.7336633663366336,1.0,1.0,0.7333333333333333,2819dec6d5faa0cfb46449b8cda9a6a5efe0d92584a58587d516ebf89b31e7c8
ra_static_equal_seed1,ra_static_equal,1,v40c_04520,2,6,200,0.8168316831683168,1.0,1.0,0.8166666666666667,2819dec6d5faa0cfb46449b8cda9a6a5efe0d92584a58587d516ebf89b31e7c8
ra_static_equal_seed1,ra_static_equal,1,v40c_04521,1,3,100,0.7663366336633664,1.0,1.0,0.8,2819dec6d5faa0cfb46449b8cda9a6a5efe0d92584a58587d516ebf89b31e7c8
ra_static_equal_seed1,ra_static_equal,1,v40c_04522,1,3,100,0.7663366336633664,1.0,1.0,0.7666666666666666,2819dec6d5faa0cfb46449b8cda9a6a5efe0d92584a58587d516ebf89b31e7c8
ra_static_equal_seed1,ra_static_equal,1,v40c_04523,1,5,100,0.6250825082508252,0.8844884488448848,0.8844884488448848,0.7,2819dec6d5faa0cfb46449b8cda9a6a5efe0d92584a58587d516ebf89b31e7c8
ra_static_equal_seed1,ra_static_equal,1,v40c_04524,1,4,100,0.8257425742574258,1.0,1.0,0.825,2819dec6d5faa0cfb46449b8cda9a6a5efe0d92584a58587d516ebf89b31e7c8
ra_static_equal_seed1,ra_static_equal,1,v40c_04525,1,4,100,0.8381188118811881,1.0,1.0,0.85,2819dec6d5faa0cfb46449b8cda9a6a5efe0d92584a58587d516ebf89b31e7c8
ra_static_equal_seed1,ra_static_equal,1,v40c_04526,1,4,100,0.8174917491749174,1.0,1.0,0.85,2819dec6d5faa0cfb46449b8cda9a6a5efe0d92584a58587d516ebf89b31e7c8
ra_static_equal_seed1,ra_static_equal,1,v40c_04527,1,3,100,0.7242574257425743,0.9158415841584159,0.9158415841584159,0.7999999999999999,2819dec6d5faa0cfb46449b8cda9a6a5efe0d92584a58587d516ebf89b31e7c8
ra_static_equal_seed1,ra_static_equal,1,v40c_04528,1,5,100,0.8033003300330034,1.0,1.0,0.82,2819dec6d5faa0cfb46449b8cda9a6a5efe0d92584a58587d516ebf89b31e7c8
ra_static_equal_seed1,ra_static_equal,1,v40c_04529,1,5,100,0.8138613861386137,1.0,1.0,0.8399999999999999,2819dec6d5faa0cfb46449b8cda9a6a5efe0d92584a58587d516ebf89b31e7c8
ra_static_equal_seed1,ra_static_equal,1,v40c_04530,1,5,100,0.6618316831683169,1.0,0.6415841584158416,0.74,2819dec6d5faa0cfb46449b8cda9a6a5efe0d92584a58587d516ebf89b31e7c8
ra_static_equal_seed1,ra_static_equal,1,v40c_04531,1,5,100,0.7051485148514851,1.0,1.0,0.74,2819dec6d5faa0cfb46449b8cda9a6a5efe0d92584a58587d516ebf89b31e7c8
ra_static_equal_seed1,ra_static_equal,1,v40c_04532,1,5,100,0.7421782178217822,1.0,1.0,0.8,2819dec6d5faa0cfb46449b8cda9a6a5efe0d92584a58587d516ebf89b31e7c8
ra_static_equal_seed1,ra_static_equal,1,v40c_04533,1,5,100,0.662076207620762,1.0,0.7731773177317731,0.78,2819dec6d5faa0cfb46449b8cda9a6a5efe0d92584a58587d516ebf89b31e7c8
ra_static_equal_seed1,ra_static_equal,1,v40c_04534,2,9,200,0.7295214521452146,1.0,0.844884488448845,0.7777777777777778,2819dec6d5faa0cfb46449b8cda9a6a5efe0d92584a58587d516ebf89b31e7c8
ra_static_equal_seed1,ra_static_equal,1,v40c_04535,1,5,100,0.6541254125412541,1.0,1.0,0.6799999999999999,2819dec6d5faa0cfb46449b8cda9a6a5efe0d92584a58587d516ebf89b31e7c8
ra_static_equal_seed1,ra_static_equal,1,v40c_04536,1,5,100,0.6004950495049503,0.9669966996699667,0.9669966996699667,0.64,2819dec6d5faa0cfb46449b8cda9a6a5efe0d92584a58587d516ebf89b31e7c8
ra_static_equal_seed1,ra_static_equal,1,v40c_04537,1,5,100,0.6574257425742575,1.0,0.7227722772277227,0.68,2819dec6d5faa0cfb46449b8cda9a6a5efe0d92584a58587d516ebf89b31e7c8
ra_static_equal_seed1,ra_static_equal,1,v40c_04538,1,4,100,0.6762376237623762,0.9504950495049505,0.7524752475247525,0.7,2819dec6d5faa0cfb46449b8cda9a6a5efe0d92584a58587d516ebf89b31e7c8
ra_static_equal_seed1,ra_static_equal,1,v40c_04539,1,3,100,0.8112211221122113,1.0,1.0,0.8333333333333334,2819dec6d5faa0cfb46449b8cda9a6a5efe0d92584a58587d516ebf89b31e7c8
ra_static_equal_seed1,ra_static_equal,1,v40c_04540,1,4,100,0.781930693069307,1.0,1.0,0.8,2819dec6d5faa0cfb46449b8cda9a6a5efe0d92584a58587d516ebf89b31e7c8
ra_static_equal_seed1,ra_static_equal,1,v40c_04541,1,6,100,0.6172004096961421,0.8990099009900994,0.8316831683168316,0.7,2819dec6d5faa0cfb46449b8cda9a6a5efe0d92584a58587d516ebf89b31e7c8
ra_static_equal_seed1,ra_static_equal,1,v40c_04542,1,4,100,0.7831683168316832,0.9504950495049505,0.9504950495049505,0.85,2819dec6d5faa0cfb46449b8cda9a6a5efe0d92584a58587d516ebf89b31e7c8
ra_static_equal_seed1,ra_static_equal,1,v40c_04543,1,5,100,0.7712871287128713,1.0,1.0,0.78,2819dec6d5faa0cfb46449b8cda9a6a5efe0d92584a58587d516ebf89b31e7c8
ra_static_equal_seed1,ra_static_equal,1,v40c_04544,2,10,200,0.7237623762376237,1.0,1.0,0.76,2819dec6d5faa0cfb46449b8cda9a6a5efe0d92584a58587d516ebf89b31e7c8
ra_static_equal_seed1,ra_static_equal,1,v40c_04545,1,5,100,0.7628712871287128,1.0,1.0,0.78,2819dec6d5faa0cfb46449b8cda9a6a5efe0d92584a58587d516ebf89b31e7c8
ra_static_equal_seed1,ra_static_equal,1,v40c_04546,1,5,100,0.7659900990099009,1.0,1.0,0.82,2819dec6d5faa0cfb46449b8cda9a6a5efe0d92584a58587d516ebf89b31e7c8
ra_static_equal_seed1,ra_static_equal,1,v40c_04547,2,10,200,0.8132013201320131,1.0,1.0,0.8400000000000001,2819dec6d5faa0cfb46449b8cda9a6a5efe0d92584a58587d516ebf89b31e7c8
ra_static_equal_seed1,ra_static_equal,1,v40c_04548,1,5,100,0.7947524752475247,1.0,1.0,0.8399999999999999,2819dec6d5faa0cfb46449b8cda9a6a5efe0d92584a58587d516ebf89b31e7c8
ra_static_equal_seed1,ra_static_equal,1,v40c_04549,2,10,200,0.8162376237623763,1.0,1.0,0.8400000000000001,2819dec6d5faa0cfb46449b8cda9a6a5efe0d92584a58587d516ebf89b31e7c8
ra_static_equal_seed1,ra_static_equal,1,v40c_04550,1,5,100,0.7801980198019802,1.0,1.0,0.78,2819dec6d5faa0cfb46449b8cda9a6a5efe0d92584a58587d516ebf89b31e7c8
ra_static_equal_seed1,ra_static_equal,1,v40c_04551,1,5,100,0.7777227722772276,1.0,1.0,0.82,2819dec6d5faa0cfb46449b8cda9a6a5efe0d92584a58587d516ebf89b31e7c8
ra_static_equal_seed1,ra_static_equal,1,v40c_04552,1,4,100,0.8085808580858085,1.0,1.0,0.825,2819dec6d5faa0cfb46449b8cda9a6a5efe0d92584a58587d516ebf89b31e7c8
ra_static_equal_seed1,ra_static_equal,1,v40c_04553,1,4,100,0.8,1.0,1.0,0.8,2819dec6d5faa0cfb46449b8cda9a6a5efe0d92584a58587d516ebf89b31e7c8
ra_static_equal_seed1,ra_static_equal,1,v40c_04554,2,8,200,0.7359598459845984,0.944994499449945,0.944994499449945,0.8125,2819dec6d5faa0cfb46449b8cda9a6a5efe0d92584a58587d516ebf89b31e7c8
ra_static_equal_seed1,ra_static_equal,1,v40c_04555,1,3,100,0.7326732673267327,1.0,0.6633663366336634,0.7333333333333333,2819dec6d5faa0cfb46449b8cda9a6a5efe0d92584a58587d516ebf89b31e7c8
ra_static_equal_seed1,ra_static_equal,1,v40c_04556,4,12,400,0.7654740474047405,1.0,0.8902640264026401,0.8,2819dec6d5faa0cfb46449b8cda9a6a5efe0d92584a58587d516ebf89b31e7c8
ra_static_equal_seed1,ra_static_equal,1,v40c_04557,1,3,100,0.7438943894389438,1.0,1.0,0.8333333333333334,2819dec6d5faa0cfb46449b8cda9a6a5efe0d92584a58587d516ebf89b31e7c8
ra_static_equal_seed1,ra_static_equal,1,v40c_04558,1,3,100,0.7663366336633664,1.0,1.0,0.7666666666666666,2819dec6d5faa0cfb46449b8cda9a6a5efe0d92584a58587d516ebf89b31e7c8
ra_static_equal_seed1,ra_static_equal,1,v40c_04559,2,6,200,0.8224422442244224,1.0,1.0,0.8333333333333334,2819dec6d5faa0cfb46449b8cda9a6a5efe0d92584a58587d516ebf89b31e7c8
ra_static_equal_seed1,ra_static_equal,1,v40c_04560,1,3,100,0.8663366336633663,1.0,1.0,0.8666666666666666,2819dec6d5faa0cfb46449b8cda9a6a5efe0d92584a58587d516ebf89b31e7c8
ra_static_equal_seed1,ra_static_equal,1,v40c_04561,1,3,100,0.8326732673267326,1.0,1.0,0.8333333333333333,2819dec6d5faa0cfb46449b8cda9a6a5efe0d92584a58587d516ebf89b31e7c8
ra_static_equal_seed1,ra_static_equal,1,v40c_04562,1,4,100,0.706930693069307,1.0,0.9009900990099011,0.725,2819dec6d5faa0cfb46449b8cda9a6a5efe0d92584a58587d516ebf89b31e7c8
ra_static_equal_seed1,ra_static_equal,1,v40c_04563,1,4,100,0.7257425742574257,1.0,1.0,0.725,2819dec6d5faa0cfb46449b8cda9a6a5efe0d92584a58587d516ebf89b31e7c8
ra_static_equal_seed1,ra_static_equal,1,v40c_04564,1,4,100,0.7432343234323433,1.0,1.0,0.75,2819dec6d5faa0cfb46449b8cda9a6a5efe0d92584a58587d516ebf89b31e7c8
ra_static_equal_seed1,ra_static_equal,1,v40c_04565,1,2,100,0.8504950495049505,1.0,1.0,0.85,2819dec6d5faa0cfb46449b8cda9a6a5efe0d92584a58587d516ebf89b31e7c8
ra_static_equal_seed1,ra_static_equal,1,v40c_04566,1,4,100,0.6131624927198601,0.8107163657542222,0.8107163657542222,0.725,2819dec6d5faa0cfb46449b8cda9a6a5efe0d92584a58587d516ebf89b31e7c8
ra_static_equal_seed1,ra_static_equal,1,v40c_04567,1,3,100,0.5005940594059405,0.7564356435643562,0.7564356435643562,0.6666666666666666,2819dec6d5faa0cfb46449b8cda9a6a5efe0d92584a58587d516ebf89b31e7c8
ra_static_equal_seed1,ra_static_equal,1,v40c_04568,1,3,100,0.5778877887788779,1.0,0.4422442244224422,0.6333333333333333,2819dec6d5faa0cfb46449b8cda9a6a5efe0d92584a58587d516ebf89b31e7c8
ra_static_equal_seed1,ra_static_equal,1,v40c_04569,1,4,100,0.7143564356435643,1.0,0.6905940594059405,0.725,2819dec6d5faa0cfb46449b8cda9a6a5efe0d92584a58587d516ebf89b31e7c8
ra_static_equal_seed1,ra_static_equal,1,v40c_04570,1,3,100,0.4614686468646864,0.8341584158415841,0.3316831683168317,0.6,2819dec6d5faa0cfb46449b8cda9a6a5efe0d92584a58587d516ebf89b31e7c8
ra_static_equal_seed1,ra_static_equal,1,v40c_04571,1,3,100,0.7052805280528053,1.0,1.0,0.7666666666666666,2819dec6d5faa0cfb46449b8cda9a6a5efe0d92584a58587d516ebf89b31e7c8
ra_static_equal_seed1,ra_static_equal,1,v40c_04572,1,3,100,0.7673267326732673,1.0,1.0,0.7666666666666666,2819dec6d5faa0cfb46449b8cda9a6a5efe0d92584a58587d516ebf89b31e7c8
ra_static_equal_seed1,ra_static_equal,1,v40c_04573,1,3,100,0.9,1.0,1.0,0.9,2819dec6d5faa0cfb46449b8cda9a6a5efe0d92584a58587d516ebf89b31e7c8
ra_static_equal_seed1,ra_static_equal,1,v40c_04574,1,4,100,0.8504950495049505,1.0,1.0,0.85,2819dec6d5faa0cfb46449b8cda9a6a5efe0d92584a58587d516ebf89b31e7c8
ra_static_equal_seed1,ra_static_equal,1,v40c_04575,1,4,100,0.7735973597359737,1.0,1.0,0.825,2819dec6d5faa0cfb46449b8cda9a6a5efe0d92584a58587d516ebf89b31e7c8
ra_static_equal_seed1,ra_static_equal,1,v40c_04576,1,4,100,0.8343234323432343,1.0,1.0,0.875,2819dec6d5faa0cfb46449b8cda9a6a5efe0d92584a58587d516ebf89b31e7c8
ra_static_equal_seed1,ra_static_equal,1,v40c_04577,1,4,100,0.8051155115511552,1.0,1.0,0.825,2819dec6d5faa0cfb46449b8cda9a6a5efe0d92584a58587d516ebf89b31e7c8
ra_static_equal_seed1,ra_static_equal,1,v40c_04578,1,4,100,0.7714521452145215,1.0,1.0,0.8,2819dec6d5faa0cfb46449b8cda9a6a5efe0d92584a58587d516ebf89b31e7c8
ra_static_equal_seed1,ra_static_equal,1,v40c_04579,1,4,100,0.7195544554455445,1.0,1.0,0.775,2819dec6d5faa0cfb46449b8cda9a6a5efe0d92584a58587d516ebf89b31e7c8
ra_static_equal_seed1,ra_static_equal,1,v40c_04580,1,4,100,0.7816831683168316,1.0,1.0,0.825,2819dec6d5faa0cfb46449b8cda9a6a5efe0d92584a58587d516ebf89b31e7c8
ra_static_equal_seed1,ra_static_equal,1,v40c_04581,1,4,100,0.8,1.0,1.0,0.8,2819dec6d5faa0cfb46449b8cda9a6a5efe0d92584a58587d516ebf89b31e7c8
ra_static_equal_seed1,ra_static_equal,1,v40c_04582,1,4,100,0.7754950495049504,1.0,1.0,0.8,2819dec6d5faa0cfb46449b8cda9a6a5efe0d92584a58587d516ebf89b31e7c8
ra_static_equal_seed1,ra_static_equal,1,v40c_04583,1,4,100,0.759075907590759,1.0,1.0,0.775,2819dec6d5faa0cfb46449b8cda9a6a5efe0d92584a58587d516ebf89b31e7c8
ra_static_equal_seed1,ra_static_equal,1,v40c_04584,1,4,100,0.7886138613861386,1.0,1.0,0.8,2819dec6d5faa0cfb46449b8cda9a6a5efe0d92584a58587d516ebf89b31e7c8
ra_static_equal_seed1,ra_static_equal,1,v40c_04585,2,9,200,0.6988696369636966,0.9881188118811886,0.676072607260726,0.7333333333333333,2819dec6d5faa0cfb46449b8cda9a6a5efe0d92584a58587d516ebf89b31e7c8
ra_static_equal_seed1,ra_static_equal,1,v40c_04586,1,5,100,0.734983498349835,1.0,1.0,0.76,2819dec6d5faa0cfb46449b8cda9a6a5efe0d92584a58587d516ebf89b31e7c8
ra_static_equal_seed1,ra_static_equal,1,v40c_04587,2,10,200,0.6706999271355706,0.9909990999099907,0.900990099009901,0.7,2819dec6d5faa0cfb46449b8cda9a6a5efe0d92584a58587d516ebf89b31e7c8
ra_static_equal_seed1,ra_static_equal,1,v40c_04588,1,5,100,0.553894389438944,1.0,0.6415841584158416,0.66,2819dec6d5faa0cfb46449b8cda9a6a5efe0d92584a58587d516ebf89b31e7c8
ra_static_equal_seed1,ra_static_equal,1,v40c_04589,1,5,100,0.6241089108910891,1.0,0.6415841584158416,0.7,2819dec6d5faa0cfb46449b8cda9a6a5efe0d92584a58587d516ebf89b31e7c8
ra_static_equal_seed1,ra_static_equal,1,v40c_04590,1,5,100,0.7371287128712871,1.0,0.7227722772277227,0.78,2819dec6d5faa0cfb46449b8cda9a6a5efe0d92584a58587d516ebf89b31e7c8
ra_static_equal_seed1,ra_static_equal,1,v40c_04591,2,10,200,0.6597438315260097,1.0,0.7218293257897218,0.7,2819dec6d5faa0cfb46449b8cda9a6a5efe0d92584a58587d516ebf89b31e7c8
ra_static_equal_seed1,ra_static_equal,1,v40c_04592,1,5,100,0.6940894089408941,0.9257425742574258,0.801980198019802,0.74,2819dec6d5faa0cfb46449b8cda9a6a5efe0d92584a58587d516ebf89b31e7c8
ra_static_equal_seed1,ra_static_equal,1,v40c_04593,1,5,100,0.6808580858085808,0.9669966996699667,0.9257425742574258,0.74,2819dec6d5faa0cfb46449b8cda9a6a5efe0d92584a58587d516ebf89b31e7c8
ra_static_equal_seed1,ra_static_equal,1,v40c_04594,2,8,200,0.6684818481848185,1.0,1.0,0.725,2819dec6d5faa0cfb46449b8cda9a6a5efe0d92584a58587d516ebf89b31e7c8
ra_static_equal_seed1,ra_static_equal,1,v40c_04595,1,4,100,0.8128712871287128,1.0,1.0,0.85,2819dec6d5faa0cfb46449b8cda9a6a5efe0d92584a58587d516ebf89b31e7c8
ra_static_equal_seed1,ra_static_equal,1,v40c_04596,1,4,100,0.800990099009901,1.0,0.7524752475247525,0.8,2819dec6d5faa0cfb46449b8cda9a6a5efe0d92584a58587d516ebf89b31e7c8
ra_static_equal_seed1,ra_static_equal,1,v40c_04597,1,4,100,0.8381188118811881,1.0,1.0,0.875,2819dec6d5faa0cfb46449b8cda9a6a5efe0d92584a58587d516ebf89b31e7c8
ra_static_equal_seed1,ra_static_equal,1,v40c_04598,1,4,100,0.7638613861386139,1.0,1.0,0.775,2819dec6d5faa0cfb46449b8cda9a6a5efe0d92584a58587d516ebf89b31e7c8
ra_static_equal_seed1,ra_static_equal,1,v40c_04599,1,3,100,0.799009900990099,1.0,1.0,0.8,2819dec6d5faa0cfb46449b8cda9a6a5efe0d92584a58587d516ebf89b31e7c8
ra_static_equal_seed1,ra_static_equal,1,v40c_04600,1,3,100,0.8336633663366337,1.0,1.0,0.8333333333333333,2819dec6d5faa0cfb46449b8cda9a6a5efe0d92584a58587d516ebf89b31e7c8
ra_static_equal_seed1,ra_static_equal,1,v40c_04601,1,4,100,0.5144706778370145,0.7778624016247778,0.42244224422442234,0.65,2819dec6d5faa0cfb46449b8cda9a6a5efe0d92584a58587d516ebf89b31e7c8
ra_static_equal_seed1,ra_static_equal,1,v40c_04602,1,3,100,0.6876618431073875,1.0,0.7022086824067021,0.8666666666666666,2819dec6d5faa0cfb46449b8cda9a6a5efe0d92584a58587d516ebf89b31e7c8
ra_static_equal_seed1,ra_static_equal,1,v40c_04603,1,3,100,0.7,1.0,0.6633663366336634,0.7,2819dec6d5faa0cfb46449b8cda9a6a5efe0d92584a58587d516ebf89b31e7c8
ra_static_equal_seed1,ra_static_equal,1,v40c_04604,1,3,100,0.7011586265009481,1.0,0.6848535917421532,0.7333333333333333,2819dec6d5faa0cfb46449b8cda9a6a5efe0d92584a58587d516ebf89b31e7c8
ra_static_equal_seed1,ra_static_equal,1,v40c_04605,1,3,100,0.7891089108910891,1.0,1.0,0.7999999999999999,2819dec6d5faa0cfb46449b8cda9a6a5efe0d92584a58587d516ebf89b31e7c8
ra_static_equal_seed1,ra_static_equal,1,v40c_04606,2,6,200,0.8308580858085808,1.0,1.0,0.85,2819dec6d5faa0cfb46449b8cda9a6a5efe0d92584a58587d516ebf89b31e7c8
ra_static_equal_seed1,ra_static_equal,1,v40c_04607,1,4,100,0.750990099009901,1.0,1.0,0.775,2819dec6d5faa0cfb46449b8cda9a6a5efe0d92584a58587d516ebf89b31e7c8
ra_static_equal_seed1,ra_static_equal,1,v40c_04608,1,4,100,0.750990099009901,1.0,1.0,0.775,2819dec6d5faa0cfb46449b8cda9a6a5efe0d92584a58587d516ebf89b31e7c8
ra_static_equal_seed1,ra_static_equal,1,v40c_04609,1,4,100,0.7943069306930692,1.0,1.0,0.825,2819dec6d5faa0cfb46449b8cda9a6a5efe0d92584a58587d516ebf89b31e7c8
ra_static_equal_seed1,ra_static_equal,1,v40c_04610,1,4,100,0.7452970297029703,1.0,1.0,0.775,2819dec6d5faa0cfb46449b8cda9a6a5efe0d92584a58587d516ebf89b31e7c8
ra_static_equal_seed1,ra_static_equal,1,v40c_04611,1,4,100,0.7473597359735973,1.0,1.0,0.775,2819dec6d5faa0cfb46449b8cda9a6a5efe0d92584a58587d516ebf89b31e7c8
ra_static_equal_seed1,ra_static_equal,1,v40c_04612,1,4,100,0.8051155115511552,1.0,1.0,0.825,2819dec6d5faa0cfb46449b8cda9a6a5efe0d92584a58587d516ebf89b31e7c8
ra_static_equal_seed1,ra_static_equal,1,v40c_04613,2,10,200,0.6792904290429043,0.9735973597359734,0.905940594059406,0.7899999999999999,2819dec6d5faa0cfb46449b8cda9a6a5efe0d92584a58587d516ebf89b31e7c8
ra_static_equal_seed1,ra_static_equal,1,v40c_04614,1,5,100,0.66996699669967,1.0,0.683168316831683,0.74,2819dec6d5faa0cfb46449b8cda9a6a5efe0d92584a58587d516ebf89b31e7c8
ra_static_equal_seed1,ra_static_equal,1,v40c_04615,1,4,100,0.6619274290066369,1.0,0.7014742683059514,0.75,2819dec6d5faa0cfb46449b8cda9a6a5efe0d92584a58587d516ebf89b31e7c8
ra_static_equal_seed1,ra_static_equal,1,v40c_04616,1,3,100,0.8326732673267326,1.0,1.0,0.8333333333333333,2819dec6d5faa0cfb46449b8cda9a6a5efe0d92584a58587d516ebf89b31e7c8
ra_static_equal_seed1,ra_static_equal,1,v40c_04617,2,4,200,0.8051155115511552,1.0,1.0,0.825,2819dec6d5faa0cfb46449b8cda9a6a5efe0d92584a58587d516ebf89b31e7c8
ra_static_equal_seed1,ra_static_equal,1,v40c_04618,1,2,100,0.8514851485148514,1.0,1.0,0.85,2819dec6d5faa0cfb46449b8cda9a6a5efe0d92584a58587d516ebf89b31e7c8
ra_static_equal_seed1,ra_static_equal,1,v40c_04619,1,2,100,0.9504950495049505,1.0,1.0,0.95,2819dec6d5faa0cfb46449b8cda9a6a5efe0d92584a58587d516ebf89b31e7c8
ra_static_equal_seed1,ra_static_equal,1,v40c_04620,1,2,100,1.0,1.0,1.0,1.0,2819dec6d5faa0cfb46449b8cda9a6a5efe0d92584a58587d516ebf89b31e7c8
ra_static_equal_seed1,ra_static_equal,1,v40c_04621,1,2,100,0.9,1.0,1.0,0.9,2819dec6d5faa0cfb46449b8cda9a6a5efe0d92584a58587d516ebf89b31e7c8
ra_static_equal_seed1,ra_static_equal,1,v40c_04622,1,2,100,0.9,1.0,1.0,0.9,2819dec6d5faa0cfb46449b8cda9a6a5efe0d92584a58587d516ebf89b31e7c8
ra_static_equal_seed1,ra_static_equal,1,v40c_04649,1,4,100,0.5183168316831683,0.8143564356435643,0.504950495049505,0.575,2819dec6d5faa0cfb46449b8cda9a6a5efe0d92584a58587d516ebf89b31e7c8
ra_static_equal_seed1,ra_static_equal,1,v40c_04650,1,3,100,0.8168316831683168,1.0,1.0,0.8333333333333334,2819dec6d5faa0cfb46449b8cda9a6a5efe0d92584a58587d516ebf89b31e7c8
ra_static_equal_seed1,ra_static_equal,1,v40c_04651,1,3,100,0.7336633663366336,1.0,1.0,0.7333333333333333,2819dec6d5faa0cfb46449b8cda9a6a5efe0d92584a58587d516ebf89b31e7c8
ra_static_equal_seed1,ra_static_equal,1,v40c_04652,1,3,100,0.8663366336633663,1.0,1.0,0.8666666666666666,2819dec6d5faa0cfb46449b8cda9a6a5efe0d92584a58587d516ebf89b31e7c8
ra_static_equal_seed1,ra_static_equal,1,v40c_04653,1,2,100,0.7514851485148515,1.0,1.0,0.75,2819dec6d5faa0cfb46449b8cda9a6a5efe0d92584a58587d516ebf89b31e7c8
ra_static_equal_seed1,ra_static_equal,1,v40c_04654,1,3,100,0.5494859101294742,0.7896039603960396,0.7410510281797406,0.7,2819dec6d5faa0cfb46449b8cda9a6a5efe0d92584a58587d516ebf89b31e7c8
ra_static_equal_seed1,ra_static_equal,1,v40c_04655,1,2,100,0.8,1.0,1.0,0.8,2819dec6d5faa0cfb46449b8cda9a6a5efe0d92584a58587d516ebf89b31e7c8
ra_static_equal_seed1,ra_static_equal,1,v40c_04656,2,4,200,0.7838283828382838,1.0,1.0,0.8,2819dec6d5faa0cfb46449b8cda9a6a5efe0d92584a58587d516ebf89b31e7c8
ra_static_equal_seed1,ra_static_equal,1,v40c_04657,1,2,100,0.8514851485148514,1.0,1.0,0.85,2819dec6d5faa0cfb46449b8cda9a6a5efe0d92584a58587d516ebf89b31e7c8
ra_static_equal_seed1,ra_static_equal,1,v40c_04658,4,10,400,0.7663366336633664,0.9834983498349833,0.9834983498349833,0.8,2819dec6d5faa0cfb46449b8cda9a6a5efe0d92584a58587d516ebf89b31e7c8
ra_static_equal_seed1,ra_static_equal,1,v40c_04659,2,7,200,0.6871287128712871,0.9009900990099009,0.8514851485148515,0.7285714285714285,2819dec6d5faa0cfb46449b8cda9a6a5efe0d92584a58587d516ebf89b31e7c8
ra_static_equal_seed1,ra_static_equal,1,v40c_04660,2,6,200,0.7141914191419142,1.0,1.0,0.7333333333333334,2819dec6d5faa0cfb46449b8cda9a6a5efe0d92584a58587d516ebf89b31e7c8
ra_static_equal_seed1,ra_static_equal,1,v40c_04661,1,3,100,0.810891089108911,1.0,1.0,0.8333333333333333,2819dec6d5faa0cfb46449b8cda9a6a5efe0d92584a58587d516ebf89b31e7c8
ra_static_equal_seed1,ra_static_equal,1,v40c_04662,1,3,100,0.7112211221122112,1.0,1.0,0.7333333333333333,2819dec6d5faa0cfb46449b8cda9a6a5efe0d92584a58587d516ebf89b31e7c8
ra_static_equal_seed1,ra_static_equal,1,v40c_04663,3,11,300,0.7162816281628163,1.0,1.0,0.7363636363636363,2819dec6d5faa0cfb46449b8cda9a6a5efe0d92584a58587d516ebf89b31e7c8
ra_static_equal_seed1,ra_static_equal,1,v40c_04664,1,3,100,0.7,1.0,1.0,0.7,2819dec6d5faa0cfb46449b8cda9a6a5efe0d92584a58587d516ebf89b31e7c8
ra_static_equal_seed1,ra_static_equal,1,v40c_04665,1,3,100,0.8112211221122113,1.0,1.0,0.8333333333333334,2819dec6d5faa0cfb46449b8cda9a6a5efe0d92584a58587d516ebf89b31e7c8
ra_static_equal_seed1,ra_static_equal,1,v40c_04666,1,3,100,0.7884488448844884,1.0,1.0,0.8333333333333333,2819dec6d5faa0cfb46449b8cda9a6a5efe0d92584a58587d516ebf89b31e7c8
ra_static_equal_seed1,ra_static_equal,1,v40c_04667,1,3,100,0.6554455445544555,1.0,1.0,0.6666666666666666,2819dec6d5faa0cfb46449b8cda9a6a5efe0d92584a58587d516ebf89b31e7c8
ra_static_equal_seed1,ra_static_equal,1,v40c_04668,1,3,100,0.6831683168316831,1.0,1.0,0.7,2819dec6d5faa0cfb46449b8cda9a6a5efe0d92584a58587d516ebf89b31e7c8
ra_static_equal_seed1,ra_static_equal,1,v40c_04669,1,3,100,0.7442244224422442,1.0,1.0,0.7666666666666666,2819dec6d5faa0cfb46449b8cda9a6a5efe0d92584a58587d516ebf89b31e7c8
ra_static_equal_seed1,ra_static_equal,1,v40c_04670,1,4,100,0.7710396039603961,1.0,1.0,0.775,2819dec6d5faa0cfb46449b8cda9a6a5efe0d92584a58587d516ebf89b31e7c8
ra_static_equal_seed1,ra_static_equal,1,v40c_04671,2,7,200,0.7934653465346534,0.9471947194719471,0.9471947194719471,0.8428571428571429,2819dec6d5faa0cfb46449b8cda9a6a5efe0d92584a58587d516ebf89b31e7c8
ra_static_equal_seed1,ra_static_equal,1,v40c_04672,1,3,100,0.8112211221122113,1.0,1.0,0.8333333333333334,2819dec6d5faa0cfb46449b8cda9a6a5efe0d92584a58587d516ebf89b31e7c8
ra_static_equal_seed1,ra_static_equal,1,v40c_04673,1,3,100,0.6221122112211221,1.0,0.5544554455445545,0.6666666666666666,2819dec6d5faa0cfb46449b8cda9a6a5efe0d92584a58587d516ebf89b31e7c8
ra_static_equal_seed1,ra_static_equal,1,v40c_04674,1,3,100,0.799009900990099,1.0,1.0,0.8,2819dec6d5faa0cfb46449b8cda9a6a5efe0d92584a58587d516ebf89b31e7c8
ra_static_equal_seed1,ra_static_equal,1,v40c_04675,1,4,100,0.7267326732673267,1.0,0.6287128712871287,0.775,2819dec6d5faa0cfb46449b8cda9a6a5efe0d92584a58587d516ebf89b31e7c8
ra_static_equal_seed1,ra_static_equal,1,v40c_04676,1,4,100,0.7937293729372937,1.0,1.0,0.8,2819dec6d5faa0cfb46449b8cda9a6a5efe0d92584a58587d516ebf89b31e7c8
ra_static_equal_seed1,ra_static_equal,1,v40c_04677,2,8,200,0.7958415841584157,0.9742574257425741,0.9742574257425741,0.8125,2819dec6d5faa0cfb46449b8cda9a6a5efe0d92584a58587d516ebf89b31e7c8
ra_static_equal_seed1,ra_static_equal,1,v40c_04678,2,8,200,0.7548679867986798,1.0,1.0,0.775,2819dec6d5faa0cfb46449b8cda9a6a5efe0d92584a58587d516ebf89b31e7c8
ra_static_equal_seed1,ra_static_equal,1,v40c_04679,1,4,100,0.8329207920792079,1.0,1.0,0.85,2819dec6d5faa0cfb46449b8cda9a6a5efe0d92584a58587d516ebf89b31e7c8
ra_static_equal_seed1,ra_static_equal,1,v40c_04680,3,9,300,0.8743014301430142,1.0,1.0,0.888888888888889,2819dec6d5faa0cfb46449b8cda9a6a5efe0d92584a58587d516ebf89b31e7c8
ra_static_equal_seed1,ra_static_equal,1,v40c_04681,1,3,100,0.8554455445544555,1.0,1.0,0.8666666666666666,2819dec6d5faa0cfb46449b8cda9a6a5efe0d92584a58587d516ebf89b31e7c8
ra_static_equal_seed1,ra_static_equal,1,v40c_04682,1,3,100,0.8326732673267326,1.0,1.0,0.8333333333333334,2819dec6d5faa0cfb46449b8cda9a6a5efe0d92584a58587d516ebf89b31e7c8
ra_static_equal_seed1,ra_static_equal,1,v40c_04683,1,3,100,0.8673267326732674,1.0,1.0,0.8666666666666668,2819dec6d5faa0cfb46449b8cda9a6a5efe0d92584a58587d516ebf89b31e7c8
ra_static_equal_seed1,ra_static_equal,1,v40c_04684,1,3,100,0.8831683168316831,1.0,1.0,0.9,2819dec6d5faa0cfb46449b8cda9a6a5efe0d92584a58587d516ebf89b31e7c8
ra_static_equal_seed1,ra_static_equal,1,v40c_04685,1,3,100,0.698019801980198,0.8316831683168316,0.8316831683168316,0.8,2819dec6d5faa0cfb46449b8cda9a6a5efe0d92584a58587d516ebf89b31e7c8
ra_static_equal_seed1,ra_static_equal,1,v40c_04686,1,3,100,0.5643564356435644,0.6633663366336634,0.6633663366336634,0.5666666666666667,2819dec6d5faa0cfb46449b8cda9a6a5efe0d92584a58587d516ebf89b31e7c8
ra_static_equal_seed1,ra_static_equal,1,v40c_04687,1,3,100,0.49801980198019813,0.6633663366336634,0.6633663366336634,0.5333333333333333,2819dec6d5faa0cfb46449b8cda9a6a5efe0d92584a58587d516ebf89b31e7c8
ra_static_equal_seed1,ra_static_equal,1,v40c_04688,1,3,100,0.5737794469102082,0.7227722772277223,0.6633663366336634,0.6333333333333333,2819dec6d5faa0cfb46449b8cda9a6a5efe0d92584a58587d516ebf89b31e7c8
ra_static_equal_seed1,ra_static_equal,1,v40c_04689,1,3,100,0.6737623762376238,0.9158415841584159,0.6633663366336634,0.7,2819dec6d5faa0cfb46449b8cda9a6a5efe0d92584a58587d516ebf89b31e7c8
ra_static_equal_seed1,ra_static_equal,1,v40c_04690,1,3,100,0.6327074086719016,0.7227722772277223,0.6633663366336634,0.7666666666666666,2819dec6d5faa0cfb46449b8cda9a6a5efe0d92584a58587d516ebf89b31e7c8
ra_static_equal_seed1,ra_static_equal,1,v40c_04691,1,3,100,0.6332178217821782,0.6886138613861386,0.6633663366336634,0.6666666666666666,2819dec6d5faa0cfb46449b8cda9a6a5efe0d92584a58587d516ebf89b31e7c8
ra_static_equal_seed1,ra_static_equal,1,v40c_04692,1,3,100,0.6344172792387276,0.676313785224676,0.6633663366336634,0.7333333333333333,2819dec6d5faa0cfb46449b8cda9a6a5efe0d92584a58587d516ebf89b31e7c8
ra_static_equal_seed1,ra_static_equal,1,v40c_04693,1,3,100,0.6413937547600915,1.0,0.682787509520183,0.7999999999999999,2819dec6d5faa0cfb46449b8cda9a6a5efe0d92584a58587d516ebf89b31e7c8
ra_static_equal_seed1,ra_static_equal,1,v40c_04694,1,2,100,0.8009900990099009,1.0,1.0,0.8,2819dec6d5faa0cfb46449b8cda9a6a5efe0d92584a58587d516ebf89b31e7c8
ra_static_equal_seed1,ra_static_equal,1,v40c_04695,1,2,100,0.9,1.0,1.0,0.9,2819dec6d5faa0cfb46449b8cda9a6a5efe0d92584a58587d516ebf89b31e7c8
ra_static_equal_seed1,ra_static_equal,1,v40c_04696,5,8,500,0.783069306930693,1.0,0.8564356435643564,0.8,2819dec6d5faa0cfb46449b8cda9a6a5efe0d92584a58587d516ebf89b31e7c8
ra_static_equal_seed1,ra_static_equal,1,v40c_04697,1,1,100,0.9999999999999998,0.9999999999999999,0.9999999999999999,1.0,2819dec6d5faa0cfb46449b8cda9a6a5efe0d92584a58587d516ebf89b31e7c8
ra_static_equal_seed1,ra_static_equal,1,v40c_04698,1,1,100,0.9999999999999998,0.9999999999999999,0.9999999999999999,1.0,2819dec6d5faa0cfb46449b8cda9a6a5efe0d92584a58587d516ebf89b31e7c8
ra_static_equal_seed1,ra_static_equal,1,v40c_04699,1,1,100,0.8999999999999998,0.9999999999999999,0.9999999999999999,0.9,2819dec6d5faa0cfb46449b8cda9a6a5efe0d92584a58587d516ebf89b31e7c8
ra_static_equal_seed1,ra_static_equal,1,v40c_04700,1,1,100,0.8999999999999998,0.9999999999999999,0.9999999999999999,0.9,2819dec6d5faa0cfb46449b8cda9a6a5efe0d92584a58587d516ebf89b31e7c8
ra_static_equal_seed1,ra_static_equal,1,v40c_04701,3,3,300,0.9336633663366337,1.0,1.0,0.9333333333333333,2819dec6d5faa0cfb46449b8cda9a6a5efe0d92584a58587d516ebf89b31e7c8
ra_static_equal_seed1,ra_static_equal,1,v40c_04702,1,1,100,0.9999999999999998,0.9999999999999999,0.9999999999999999,1.0,2819dec6d5faa0cfb46449b8cda9a6a5efe0d92584a58587d516ebf89b31e7c8
ra_static_equal_seed1,ra_static_equal,1,v40c_04703,1,2,100,0.8514851485148514,1.0,1.0,0.85,2819dec6d5faa0cfb46449b8cda9a6a5efe0d92584a58587d516ebf89b31e7c8
ra_static_equal_seed1,ra_static_equal,1,v40c_04704,3,5,300,0.7513531353135313,0.933993399339934,0.933993399339934,0.82,2819dec6d5faa0cfb46449b8cda9a6a5efe0d92584a58587d516ebf89b31e7c8
ra_static_equal_seed1,ra_static_equal,1,v40c_04705,1,3,100,0.5778877887788779,1.0,0.4422442244224422,0.6333333333333333,2819dec6d5faa0cfb46449b8cda9a6a5efe0d92584a58587d516ebf89b31e7c8
ra_static_equal_seed1,ra_static_equal,1,v40c_04706,1,2,100,0.3252475247524752,0.5,0.5,0.65,2819dec6d5faa0cfb46449b8cda9a6a5efe0d92584a58587d516ebf89b31e7c8
ra_static_equal_seed1,ra_static_equal,1,v40c_04707,1,2,100,0.8009900990099009,1.0,1.0,0.8,2819dec6d5faa0cfb46449b8cda9a6a5efe0d92584a58587d516ebf89b31e7c8
ra_static_equal_seed1,ra_static_equal,1,v40c_04708,1,3,100,0.5177017701770177,1.0,0.5544554455445545,0.6666666666666666,2819dec6d5faa0cfb46449b8cda9a6a5efe0d92584a58587d516ebf89b31e7c8
ra_static_equal_seed1,ra_static_equal,1,v40c_04709,2,2,200,0.5844884488448845,0.834983498349835,0.834983498349835,0.7,2819dec6d5faa0cfb46449b8cda9a6a5efe0d92584a58587d516ebf89b31e7c8
ra_static_equal_seed1,ra_static_equal,1,v40c_04710,1,1,100,0.7,0.9999999999999999,0.9999999999999999,0.7,2819dec6d5faa0cfb46449b8cda9a6a5efe0d92584a58587d516ebf89b31e7c8
ra_static_equal_seed1,ra_static_equal,1,v40c_04711,1,1,100,0.8999999999999998,0.9999999999999999,0.9999999999999999,0.9,2819dec6d5faa0cfb46449b8cda9a6a5efe0d92584a58587d516ebf89b31e7c8
ra_static_equal_seed1,ra_static_equal,1,v40c_04712,1,2,100,0.4552655265526552,0.7524752475247525,0.5049504950495048,0.55,2819dec6d5faa0cfb46449b8cda9a6a5efe0d92584a58587d516ebf89b31e7c8
ra_static_equal_seed1,ra_static_equal,1,v40c_04713,1,2,100,0.7019801980198019,1.0,0.5049504950495048,0.7,2819dec6d5faa0cfb46449b8cda9a6a5efe0d92584a58587d516ebf89b31e7c8
ra_static_equal_seed1,ra_static_equal,1,v40c_04714,1,1,100,0.9999999999999998,0.9999999999999999,0.9999999999999999,1.0,2819dec6d5faa0cfb46449b8cda9a6a5efe0d92584a58587d516ebf89b31e7c8
ra_static_equal_seed1,ra_static_equal,1,v40c_04715,1,1,100,0.8999999999999998,0.9999999999999999,0.9999999999999999,0.9,2819dec6d5faa0cfb46449b8cda9a6a5efe0d92584a58587d516ebf89b31e7c8
ra_static_equal_seed1,ra_static_equal,1,v40c_04716,1,2,100,0.6524752475247524,0.834983498349835,0.834983498349835,0.75,2819dec6d5faa0cfb46449b8cda9a6a5efe0d92584a58587d516ebf89b31e7c8
ra_static_equal_seed1,ra_static_equal,1,v40c_04717,1,2,100,0.8,1.0,1.0,0.8,2819dec6d5faa0cfb46449b8cda9a6a5efe0d92584a58587d516ebf89b31e7c8
ra_static_equal_seed1,ra_static_equal,1,v40c_04718,1,2,100,0.8514851485148514,1.0,1.0,0.85,2819dec6d5faa0cfb46449b8cda9a6a5efe0d92584a58587d516ebf89b31e7c8
ra_static_equal_seed1,ra_static_equal,1,v40c_04719,1,2,100,0.8504950495049505,1.0,1.0,0.85,2819dec6d5faa0cfb46449b8cda9a6a5efe0d92584a58587d516ebf89b31e7c8
ra_static_equal_seed1,ra_static_equal,1,v40c_04720,1,2,100,0.7504950495049505,1.0,1.0,0.75,2819dec6d5faa0cfb46449b8cda9a6a5efe0d92584a58587d516ebf89b31e7c8
ra_static_equal_seed1,ra_static_equal,1,v40c_04721,1,2,100,0.6504950495049504,1.0,1.0,0.65,2819dec6d5faa0cfb46449b8cda9a6a5efe0d92584a58587d516ebf89b31e7c8
ra_static_equal_seed1,ra_static_equal,1,v40c_04722,1,2,100,0.7252475247524752,1.0,1.0,0.75,2819dec6d5faa0cfb46449b8cda9a6a5efe0d92584a58587d516ebf89b31e7c8
ra_static_equal_seed1,ra_static_equal,1,v40c_04723,1,2,100,0.8009900990099009,1.0,1.0,0.8,2819dec6d5faa0cfb46449b8cda9a6a5efe0d92584a58587d516ebf89b31e7c8
ra_static_equal_seed1,ra_static_equal,1,v40c_04724,1,2,100,0.6514851485148514,1.0,0.5049504950495048,0.65,2819dec6d5faa0cfb46449b8cda9a6a5efe0d92584a58587d516ebf89b31e7c8
ra_static_equal_seed1,ra_static_equal,1,v40c_04725,1,2,100,0.7514851485148515,1.0,1.0,0.75,2819dec6d5faa0cfb46449b8cda9a6a5efe0d92584a58587d516ebf89b31e7c8
ra_static_equal_seed1,ra_static_equal,1,v40c_04726,1,2,100,0.7,1.0,1.0,0.7,2819dec6d5faa0cfb46449b8cda9a6a5efe0d92584a58587d516ebf89b31e7c8
ra_static_equal_seed1,ra_static_equal,1,v40c_04727,1,3,100,0.5596534653465346,1.0,0.5965346534653465,0.6,2819dec6d5faa0cfb46449b8cda9a6a5efe0d92584a58587d516ebf89b31e7c8
ra_static_equal_seed1,ra_static_equal,1,v40c_04728,1,3,100,0.5448844884488449,0.8341584158415841,0.8341584158415841,0.7,2819dec6d5faa0cfb46449b8cda9a6a5efe0d92584a58587d516ebf89b31e7c8
ra_static_equal_seed1,ra_static_equal,1,v40c_04729,2,6,200,0.7056105610561056,1.0,1.0,0.7166666666666667,2819dec6d5faa0cfb46449b8cda9a6a5efe0d92584a58587d516ebf89b31e7c8
ra_static_equal_seed1,ra_static_equal,1,v40c_04730,1,4,100,0.7,1.0,1.0,0.7,2819dec6d5faa0cfb46449b8cda9a6a5efe0d92584a58587d516ebf89b31e7c8
ra_static_equal_seed1,ra_static_equal,1,v40c_04731,1,4,100,0.6966996699669967,1.0,1.0,0.75,2819dec6d5faa0cfb46449b8cda9a6a5efe0d92584a58587d516ebf89b31e7c8
ra_static_equal_seed1,ra_static_equal,1,v40c_04732,1,4,100,0.9174917491749175,1.0,1.0,0.925,2819dec6d5faa0cfb46449b8cda9a6a5efe0d92584a58587d516ebf89b31e7c8
ra_static_equal_seed1,ra_static_equal,1,v40c_04733,1,4,100,0.7722772277227723,1.0,0.7524752475247525,0.8,2819dec6d5faa0cfb46449b8cda9a6a5efe0d92584a58587d516ebf89b31e7c8
ra_static_equal_seed1,ra_static_equal,1,v40c_04734,1,3,100,0.8326732673267326,1.0,1.0,0.8333333333333334,2819dec6d5faa0cfb46449b8cda9a6a5efe0d92584a58587d516ebf89b31e7c8
ra_static_equal_seed1,ra_static_equal,1,v40c_04735,1,3,100,0.7778877887788779,1.0,1.0,0.8333333333333333,2819dec6d5faa0cfb46449b8cda9a6a5efe0d92584a58587d516ebf89b31e7c8
ra_static_equal_seed1,ra_static_equal,1,v40c_04736,1,3,100,0.7666666666666667,1.0,1.0,0.7999999999999999,2819dec6d5faa0cfb46449b8cda9a6a5efe0d92584a58587d516ebf89b31e7c8
ra_static_equal_seed1,ra_static_equal,1,v40c_04737,1,3,100,0.4522156483941077,0.8341584158415841,0.5544554455445545,0.6,2819dec6d5faa0cfb46449b8cda9a6a5efe0d92584a58587d516ebf89b31e7c8
ra_static_equal_seed1,ra_static_equal,1,v40c_04738,1,4,100,0.6136963696369637,1.0,0.6287128712871287,0.65,2819dec6d5faa0cfb46449b8cda9a6a5efe0d92584a58587d516ebf89b31e7c8
ra_static_equal_seed1,ra_static_equal,1,v40c_04739,1,4,100,0.7834158415841583,1.0,0.6905940594059405,0.8,2819dec6d5faa0cfb46449b8cda9a6a5efe0d92584a58587d516ebf89b31e7c8
ra_static_equal_seed1,ra_static_equal,1,v40c_04740,2,5,200,0.7034653465346533,0.9009900990099009,0.9009900990099009,0.8,2819dec6d5faa0cfb46449b8cda9a6a5efe0d92584a58587d516ebf89b31e7c8
ra_static_equal_seed1,ra_static_equal,1,v40c_04741,1,2,100,0.9,1.0,1.0,0.9,2819dec6d5faa0cfb46449b8cda9a6a5efe0d92584a58587d516ebf89b31e7c8
ra_static_equal_seed1,ra_static_equal,1,v40c_04742,1,2,100,0.9252475247524753,1.0,1.0,0.95,2819dec6d5faa0cfb46449b8cda9a6a5efe0d92584a58587d516ebf89b31e7c8
ra_static_equal_seed1,ra_static_equal,1,v40c_04743,1,3,100,0.7227722772277227,1.0,1.0,0.7333333333333333,2819dec6d5faa0cfb46449b8cda9a6a5efe0d92584a58587d516ebf89b31e7c8
ra_static_equal_seed1,ra_static_equal,1,v40c_04744,1,3,100,0.7052805280528053,1.0,1.0,0.7666666666666666,2819dec6d5faa0cfb46449b8cda9a6a5efe0d92584a58587d516ebf89b31e7c8
ra_static_equal_seed1,ra_static_equal,1,v40c_04745,1,2,100,0.9009900990099009,1.0,1.0,0.9,2819dec6d5faa0cfb46449b8cda9a6a5efe0d92584a58587d516ebf89b31e7c8
ra_static_equal_seed1,ra_static_equal,1,v40c_04746,1,2,100,0.8252475247524753,1.0,1.0,0.85,2819dec6d5faa0cfb46449b8cda9a6a5efe0d92584a58587d516ebf89b31e7c8
ra_static_equal_seed1,ra_static_equal,1,v40c_04747,1,2,100,0.7029702970297029,0.834983498349835,0.834983498349835,0.8,2819dec6d5faa0cfb46449b8cda9a6a5efe0d92584a58587d516ebf89b31e7c8
ra_static_equal_seed1,ra_static_equal,1,v40c_04748,1,3,100,0.8663366336633663,1.0,1.0,0.8666666666666666,2819dec6d5faa0cfb46449b8cda9a6a5efe0d92584a58587d516ebf89b31e7c8
ra_static_equal_seed1,ra_static_equal,1,v40c_04749,1,2,100,0.9504950495049505,1.0,1.0,0.95,2819dec6d5faa0cfb46449b8cda9a6a5efe0d92584a58587d516ebf89b31e7c8
ra_static_equal_seed1,ra_static_equal,1,v40c_04750,1,3,100,0.9336633663366337,1.0,1.0,0.9333333333333333,2819dec6d5faa0cfb46449b8cda9a6a5efe0d92584a58587d516ebf89b31e7c8
ra_static_equal_seed1,ra_static_equal,1,v40c_04763,3,4,300,0.6125774221257743,0.9174917491749175,0.7524752475247525,0.675,2819dec6d5faa0cfb46449b8cda9a6a5efe0d92584a58587d516ebf89b31e7c8
ra_static_equal_seed1,ra_static_equal,1,v40c_04768,2,6,200,0.5978712871287128,1.0,0.5841584158415841,0.6333333333333334,2819dec6d5faa0cfb46449b8cda9a6a5efe0d92584a58587d516ebf89b31e7c8
ra_static_equal_seed1,ra_static_equal,1,v40c_04796,15,26,1500,0.7664499208162576,0.9926014579479928,0.9926014579479928,0.8038461538461539,2819dec6d5faa0cfb46449b8cda9a6a5efe0d92584a58587d516ebf89b31e7c8
ra_static_equal_seed1,ra_static_equal,1,v40c_04843,2,4,200,0.7693069306930692,1.0,1.0,0.825,2819dec6d5faa0cfb46449b8cda9a6a5efe0d92584a58587d516ebf89b31e7c8
ra_static_equal_seed1,ra_static_equal,1,v40c_04846,1,4,100,0.7633663366336634,1.0,1.0,0.775,2819dec6d5faa0cfb46449b8cda9a6a5efe0d92584a58587d516ebf89b31e7c8
ra_static_equal_seed1,ra_static_equal,1,v40c_04847,1,3,100,0.761056105610561,1.0,1.0,0.7999999999999999,2819dec6d5faa0cfb46449b8cda9a6a5efe0d92584a58587d516ebf89b31e7c8
ra_static_equal_seed1,ra_static_equal,1,v40c_04848,1,3,100,0.7108910891089109,1.0,1.0,0.7999999999999999,2819dec6d5faa0cfb46449b8cda9a6a5efe0d92584a58587d516ebf89b31e7c8
ra_static_equal_seed1,ra_static_equal,1,v40c_04849,1,1,100,0.7999999999999999,0.9999999999999999,0.9999999999999999,0.8,2819dec6d5faa0cfb46449b8cda9a6a5efe0d92584a58587d516ebf89b31e7c8
ra_static_equal_seed1,ra_static_equal,1,v40c_04850,1,1,100,0.7,0.9999999999999999,0.9999999999999999,0.7,2819dec6d5faa0cfb46449b8cda9a6a5efe0d92584a58587d516ebf89b31e7c8
ra_static_equal_seed1,ra_static_equal,1,v40c_04851,2,2,200,0.7504950495049505,1.0,1.0,0.8,2819dec6d5faa0cfb46449b8cda9a6a5efe0d92584a58587d516ebf89b31e7c8
ra_static_equal_seed1,ra_static_equal,1,v40c_04852,1,1,100,0.7999999999999999,0.9999999999999999,0.9999999999999999,0.8,2819dec6d5faa0cfb46449b8cda9a6a5efe0d92584a58587d516ebf89b31e7c8
ra_static_equal_seed1,ra_static_equal,1,v40c_04853,1,1,100,0.7,0.9999999999999999,0.9999999999999999,0.7,2819dec6d5faa0cfb46449b8cda9a6a5efe0d92584a58587d516ebf89b31e7c8
ra_static_equal_seed1,ra_static_equal,1,v40c_04854,1,1,100,0.7999999999999999,0.9999999999999999,0.9999999999999999,0.8,2819dec6d5faa0cfb46449b8cda9a6a5efe0d92584a58587d516ebf89b31e7c8
ra_static_equal_seed1,ra_static_equal,1,v40c_04855,1,1,100,0.7,0.9999999999999999,0.9999999999999999,0.7,2819dec6d5faa0cfb46449b8cda9a6a5efe0d92584a58587d516ebf89b31e7c8
ra_static_equal_seed1,ra_static_equal,1,v40c_04856,1,1,100,0.7,0.9999999999999999,0.9999999999999999,0.7,2819dec6d5faa0cfb46449b8cda9a6a5efe0d92584a58587d516ebf89b31e7c8
ra_static_equal_seed1,ra_static_equal,1,v40c_04857,2,2,200,0.7504950495049505,1.0,1.0,0.75,2819dec6d5faa0cfb46449b8cda9a6a5efe0d92584a58587d516ebf89b31e7c8
ra_static_equal_seed1,ra_static_equal,1,v40c_04858,1,1,100,0.5999999999999999,0.9999999999999999,0.9999999999999999,0.6,2819dec6d5faa0cfb46449b8cda9a6a5efe0d92584a58587d516ebf89b31e7c8
ra_static_equal_seed1,ra_static_equal,1,v40c_04859,1,1,100,0.8999999999999998,0.9999999999999999,0.9999999999999999,0.9,2819dec6d5faa0cfb46449b8cda9a6a5efe0d92584a58587d516ebf89b31e7c8
ra_static_equal_seed1,ra_static_equal,1,v40c_04860,1,1,100,0.7,0.9999999999999999,0.9999999999999999,0.7,2819dec6d5faa0cfb46449b8cda9a6a5efe0d92584a58587d516ebf89b31e7c8
ra_static_equal_seed1,ra_static_equal,1,v40c_04861,1,2,100,0.5732673267326733,0.7029702970297033,0.7029702970297033,0.75,2819dec6d5faa0cfb46449b8cda9a6a5efe0d92584a58587d516ebf89b31e7c8
ra_static_equal_seed1,ra_static_equal,1,v40c_04862,2,4,200,0.5449864104057465,1.0,0.42244224422442234,0.625,2819dec6d5faa0cfb46449b8cda9a6a5efe0d92584a58587d516ebf89b31e7c8
ra_static_equal_seed1,ra_static_equal,1,v40c_04863,1,2,100,0.700990099009901,1.0,1.0,0.7,2819dec6d5faa0cfb46449b8cda9a6a5efe0d92584a58587d516ebf89b31e7c8
ra_static_equal_seed1,ra_static_equal,1,v40c_04864,1,2,100,0.7252475247524752,1.0,1.0,0.75,2819dec6d5faa0cfb46449b8cda9a6a5efe0d92584a58587d516ebf89b31e7c8
ra_static_equal_seed1,ra_static_equal,1,v40c_04865,1,2,100,0.7504950495049505,1.0,1.0,0.75,2819dec6d5faa0cfb46449b8cda9a6a5efe0d92584a58587d516ebf89b31e7c8
ra_static_equal_seed1,ra_static_equal,1,v40c_04866,1,2,100,0.700990099009901,1.0,1.0,0.7,2819dec6d5faa0cfb46449b8cda9a6a5efe0d92584a58587d516ebf89b31e7c8
ra_static_equal_seed1,ra_static_equal,1,v40c_04867,1,2,100,0.6252475247524752,1.0,1.0,0.65,2819dec6d5faa0cfb46449b8cda9a6a5efe0d92584a58587d516ebf89b31e7c8
ra_static_equal_seed1,ra_static_equal,1,v40c_04868,2,4,200,0.7816831683168316,1.0,1.0,0.825,2819dec6d5faa0cfb46449b8cda9a6a5efe0d92584a58587d516ebf89b31e7c8
ra_static_equal_seed1,ra_static_equal,1,v40c_04869,1,3,100,0.7336633663366336,1.0,1.0,0.7333333333333333,2819dec6d5faa0cfb46449b8cda9a6a5efe0d92584a58587d516ebf89b31e7c8
ra_static_equal_seed1,ra_static_equal,1,v40c_04870,1,3,100,0.800990099009901,1.0,1.0,0.7999999999999999,2819dec6d5faa0cfb46449b8cda9a6a5efe0d92584a58587d516ebf89b31e7c8
ra_static_equal_seed1,ra_static_equal,1,v40c_04871,1,3,100,0.7504950495049505,1.0,1.0,0.7999999999999999,2819dec6d5faa0cfb46449b8cda9a6a5efe0d92584a58587d516ebf89b31e7c8
ra_static_equal_seed1,ra_static_equal,1,v40c_04872,1,3,100,0.7442244224422442,1.0,1.0,0.7666666666666666,2819dec6d5faa0cfb46449b8cda9a6a5efe0d92584a58587d516ebf89b31e7c8
ra_static_equal_seed1,ra_static_equal,1,v40c_04873,1,3,100,0.6168316831683168,1.0,0.6633663366336634,0.6666666666666666,2819dec6d5faa0cfb46449b8cda9a6a5efe0d92584a58587d516ebf89b31e7c8
ra_static_equal_seed1,ra_static_equal,1,v40c_04874,2,6,200,0.7861386138613862,1.0,1.0,0.8333333333333334,2819dec6d5faa0cfb46449b8cda9a6a5efe0d92584a58587d516ebf89b31e7c8
ra_static_equal_seed1,ra_static_equal,1,v40c_04875,1,3,100,0.6673267326732673,1.0,1.0,0.6666666666666666,2819dec6d5faa0cfb46449b8cda9a6a5efe0d92584a58587d516ebf89b31e7c8
ra_static_equal_seed1,ra_static_equal,1,v40c_04876,2,4,200,0.667986798679868,1.0,1.0,0.675,2819dec6d5faa0cfb46449b8cda9a6a5efe0d92584a58587d516ebf89b31e7c8
ra_static_equal_seed1,ra_static_equal,1,v40c_04877,1,2,100,0.700990099009901,1.0,1.0,0.7,2819dec6d5faa0cfb46449b8cda9a6a5efe0d92584a58587d516ebf89b31e7c8
ra_static_equal_seed1,ra_static_equal,1,v40c_04878,1,2,100,0.700990099009901,1.0,1.0,0.7,2819dec6d5faa0cfb46449b8cda9a6a5efe0d92584a58587d516ebf89b31e7c8
ra_static_equal_seed1,ra_static_equal,1,v40c_04879,1,2,100,0.7252475247524752,1.0,1.0,0.75,2819dec6d5faa0cfb46449b8cda9a6a5efe0d92584a58587d516ebf89b31e7c8
ra_static_equal_seed1,ra_static_equal,1,v40c_04880,1,2,100,0.6504950495049504,1.0,1.0,0.65,2819dec6d5faa0cfb46449b8cda9a6a5efe0d92584a58587d516ebf89b31e7c8
ra_static_equal_seed1,ra_static_equal,1,v40c_04881,1,1,100,0.7,0.9999999999999999,0.9999999999999999,0.7,2819dec6d5faa0cfb46449b8cda9a6a5efe0d92584a58587d516ebf89b31e7c8
ra_static_equal_seed1,ra_static_equal,1,v40c_04882,1,1,100,0.8999999999999998,0.9999999999999999,0.9999999999999999,0.9,2819dec6d5faa0cfb46449b8cda9a6a5efe0d92584a58587d516ebf89b31e7c8
ra_static_equal_seed1,ra_static_equal,1,v40c_04883,1,1,100,0.8999999999999998,0.9999999999999999,0.9999999999999999,0.9,2819dec6d5faa0cfb46449b8cda9a6a5efe0d92584a58587d516ebf89b31e7c8
ra_static_equal_seed1,ra_static_equal,1,v40c_04884,1,2,100,0.5178217821782178,0.834983498349835,0.834983498349835,0.65,2819dec6d5faa0cfb46449b8cda9a6a5efe0d92584a58587d516ebf89b31e7c8
ra_static_equal_seed1,ra_static_equal,1,v40c_04885,1,2,100,0.700990099009901,1.0,1.0,0.7,2819dec6d5faa0cfb46449b8cda9a6a5efe0d92584a58587d516ebf89b31e7c8
ra_static_equal_seed1,ra_static_equal,1,v40c_04886,2,4,200,0.7900990099009901,1.0,1.0,0.825,2819dec6d5faa0cfb46449b8cda9a6a5efe0d92584a58587d516ebf89b31e7c8
ra_static_equal_seed1,ra_static_equal,1,v40c_04887,1,2,100,0.8009900990099009,1.0,1.0,0.8,2819dec6d5faa0cfb46449b8cda9a6a5efe0d92584a58587d516ebf89b31e7c8
ra_static_equal_seed1,ra_static_equal,1,v40c_04888,1,2,100,0.7623762376237623,1.0,0.603960396039604,0.8,2819dec6d5faa0cfb46449b8cda9a6a5efe0d92584a58587d516ebf89b31e7c8
ra_static_equal_seed1,ra_static_equal,1,v40c_04889,1,1,100,0.8999999999999998,0.9999999999999999,0.9999999999999999,0.9,2819dec6d5faa0cfb46449b8cda9a6a5efe0d92584a58587d516ebf89b31e7c8
ra_static_equal_seed1,ra_static_equal,1,v40c_04890,1,1,100,0.9999999999999998,0.9999999999999999,0.9999999999999999,1.0,2819dec6d5faa0cfb46449b8cda9a6a5efe0d92584a58587d516ebf89b31e7c8
ra_static_equal_seed1,ra_static_equal,1,v40c_04891,1,1,100,0.8999999999999998,0.9999999999999999,0.9999999999999999,0.9,2819dec6d5faa0cfb46449b8cda9a6a5efe0d92584a58587d516ebf89b31e7c8
ra_static_equal_seed1,ra_static_equal,1,v40c_04892,1,1,100,0.8999999999999998,0.9999999999999999,0.9999999999999999,0.9,2819dec6d5faa0cfb46449b8cda9a6a5efe0d92584a58587d516ebf89b31e7c8
ra_static_equal_seed1,ra_static_equal,1,v40c_04893,1,2,100,0.7514851485148515,1.0,1.0,0.75,2819dec6d5faa0cfb46449b8cda9a6a5efe0d92584a58587d516ebf89b31e7c8
ra_static_equal_seed1,ra_static_equal,1,v40c_04894,1,2,100,0.9,1.0,1.0,0.9,2819dec6d5faa0cfb46449b8cda9a6a5efe0d92584a58587d516ebf89b31e7c8
ra_static_equal_seed1,ra_static_equal,1,v40c_04895,1,2,100,0.801980198019802,1.0,1.0,0.8,2819dec6d5faa0cfb46449b8cda9a6a5efe0d92584a58587d516ebf89b31e7c8
ra_static_equal_seed1,ra_static_equal,1,v40c_04896,1,1,100,0.9999999999999998,0.9999999999999999,0.9999999999999999,1.0,2819dec6d5faa0cfb46449b8cda9a6a5efe0d92584a58587d516ebf89b31e7c8
ra_static_equal_seed1,ra_static_equal,1,v40c_04897,1,1,100,0.9999999999999998,0.9999999999999999,0.9999999999999999,1.0,2819dec6d5faa0cfb46449b8cda9a6a5efe0d92584a58587d516ebf89b31e7c8
ra_static_equal_seed1,ra_static_equal,1,v40c_04898,1,1,100,0.8999999999999998,0.9999999999999999,0.9999999999999999,0.9,2819dec6d5faa0cfb46449b8cda9a6a5efe0d92584a58587d516ebf89b31e7c8
ra_static_equal_seed1,ra_static_equal,1,v40c_04899,1,1,100,0.7,0.9999999999999999,0.9999999999999999,0.7,2819dec6d5faa0cfb46449b8cda9a6a5efe0d92584a58587d516ebf89b31e7c8
ra_static_equal_seed1,ra_static_equal,1,v40c_04900,1,1,100,0.8999999999999998,0.9999999999999999,0.9999999999999999,0.9,2819dec6d5faa0cfb46449b8cda9a6a5efe0d92584a58587d516ebf89b31e7c8
ra_static_equal_seed1,ra_static_equal,1,v40c_05100,1,15,100,0.7181722996861091,0.9509582537201089,0.8523935726906023,0.7733333333333333,2819dec6d5faa0cfb46449b8cda9a6a5efe0d92584a58587d516ebf89b31e7c8
ra_static_equal_seed1,ra_static_equal,1,v40c_05490,3,11,300,0.7987023702370237,0.9166666666666667,0.9166666666666667,0.9,2819dec6d5faa0cfb46449b8cda9a6a5efe0d92584a58587d516ebf89b31e7c8
ra_static_equal_seed1,ra_static_equal,1,v40c_05493,2,5,200,0.7150531719838651,0.9257425742574258,0.801980198019802,0.78,2819dec6d5faa0cfb46449b8cda9a6a5efe0d92584a58587d516ebf89b31e7c8
ra_static_equal_seed1,ra_static_equal,1,v40c_05494,1,2,100,0.7514851485148515,0.834983498349835,0.834983498349835,0.9,2819dec6d5faa0cfb46449b8cda9a6a5efe0d92584a58587d516ebf89b31e7c8
ra_static_equal_seed1,ra_static_equal,1,v40c_05495,1,1,100,0.7999999999999999,0.9999999999999999,0.9999999999999999,0.8,2819dec6d5faa0cfb46449b8cda9a6a5efe0d92584a58587d516ebf89b31e7c8
ra_static_equal_seed1,ra_static_equal,1,v40c_05496,1,2,100,0.5425742574257427,0.7029702970297033,0.7029702970297033,0.75,2819dec6d5faa0cfb46449b8cda9a6a5efe0d92584a58587d516ebf89b31e7c8
ra_static_equal_seed1,ra_static_equal,1,v40c_05497,4,5,400,0.682920792079208,0.8638613861386139,0.8638613861386139,0.82,2819dec6d5faa0cfb46449b8cda9a6a5efe0d92584a58587d516ebf89b31e7c8
ra_static_equal_seed1,ra_static_equal,1,v40c_05498,1,1,100,0.7,0.9999999999999999,0.9999999999999999,0.7,2819dec6d5faa0cfb46449b8cda9a6a5efe0d92584a58587d516ebf89b31e7c8
ra_static_equal_seed1,ra_static_equal,1,v40c_05499,2,2,200,0.8,1.0,1.0,0.8,2819dec6d5faa0cfb46449b8cda9a6a5efe0d92584a58587d516ebf89b31e7c8
ra_static_equal_seed1,ra_static_equal,1,v40c_05500,2,2,200,0.7252475247524752,1.0,1.0,0.75,2819dec6d5faa0cfb46449b8cda9a6a5efe0d92584a58587d516ebf89b31e7c8
ra_static_equal_seed1,ra_static_equal,1,v40c_05501,5,5,500,0.5912211221122112,1.0,0.6415841584158416,0.62,2819dec6d5faa0cfb46449b8cda9a6a5efe0d92584a58587d516ebf89b31e7c8
ra_static_equal_seed1,ra_static_equal,1,v40c_05502,1,1,100,0.7999999999999999,0.9999999999999999,0.9999999999999999,0.8,2819dec6d5faa0cfb46449b8cda9a6a5efe0d92584a58587d516ebf89b31e7c8
ra_static_equal_seed1,ra_static_equal,1,v40c_05503,1,1,100,0.7,0.9999999999999999,0.9999999999999999,0.7,2819dec6d5faa0cfb46449b8cda9a6a5efe0d92584a58587d516ebf89b31e7c8
ra_static_equal_seed1,ra_static_equal,1,v40c_05504,2,2,200,0.6504950495049504,1.0,1.0,0.7,2819dec6d5faa0cfb46449b8cda9a6a5efe0d92584a58587d516ebf89b31e7c8
ra_static_equal_seed1,ra_static_equal,1,v40c_05505,1,1,100,0.7999999999999999,0.9999999999999999,0.9999999999999999,0.8,2819dec6d5faa0cfb46449b8cda9a6a5efe0d92584a58587d516ebf89b31e7c8
ra_static_equal_seed1,ra_static_equal,1,v40c_05506,1,1,100,0.5999999999999999,0.9999999999999999,0.9999999999999999,0.6,2819dec6d5faa0cfb46449b8cda9a6a5efe0d92584a58587d516ebf89b31e7c8
ra_static_equal_seed1,ra_static_equal,1,v40c_05507,2,2,200,0.8252475247524753,1.0,1.0,0.85,2819dec6d5faa0cfb46449b8cda9a6a5efe0d92584a58587d516ebf89b31e7c8
ra_static_equal_seed1,ra_static_equal,1,v40c_05508,3,3,300,0.8336633663366337,1.0,1.0,0.8333333333333334,2819dec6d5faa0cfb46449b8cda9a6a5efe0d92584a58587d516ebf89b31e7c8
ra_static_equal_seed1,ra_static_equal,1,v40c_05509,1,1,100,0.7999999999999999,0.9999999999999999,0.9999999999999999,0.8,2819dec6d5faa0cfb46449b8cda9a6a5efe0d92584a58587d516ebf89b31e7c8
ra_static_equal_seed1,ra_static_equal,1,v40c_05510,1,1,100,0.9999999999999998,0.9999999999999999,0.9999999999999999,1.0,2819dec6d5faa0cfb46449b8cda9a6a5efe0d92584a58587d516ebf89b31e7c8
ra_static_equal_seed1,ra_static_equal,1,v40c_05511,1,1,100,0.00714285714285714,0.0357142857142857,0.0,0.2,2819dec6d5faa0cfb46449b8cda9a6a5efe0d92584a58587d516ebf89b31e7c8
