run_id,variant,seed,component_id,images,gt_boxes,detections,ap50_95,ap50,ap75,ar100,checkpoint_sha256
ra_stems_project_seed0,ra_stems_project,0,v40c_00124,1,3,100,0.7168316831683168,1.0,1.0,0.7333333333333333,8dc418bff5fd02f0d4ae3fe429ae968fa6becb974ffac49a7b8997267b257295
ra_stems_project_seed0,ra_stems_project,0,v40c_00125,1,2,100,0.5184818481848185,0.834983498349835,0.5049504950495048,0.6,8dc418bff5fd02f0d4ae3fe429ae968fa6becb974ffac49a7b8997267b257295
ra_stems_project_seed0,ra_stems_project,0,v40c_00126,1,2,100,0.7252475247524752,1.0,1.0,0.75,8dc418bff5fd02f0d4ae3fe429ae968fa6becb974ffac49a7b8997267b257295
ra_stems_project_seed0,ra_stems_project,0,v40c_00127,1,3,100,0.708079207920792,1.0,0.5948514851485147,0.7999999999999999,8dc418bff5fd02f0d4ae3fe429ae968fa6becb974ffac49a7b8997267b257295
ra_stems_project_seed0,ra_stems_project,0,v40c_00128,2,6,200,0.5841375276768183,1.0,0.7491749174917492,0.65,8dc418bff5fd02f0d4ae3fe429ae968fa6becb974ffac49a7b8997267b257295
ra_stems_project_seed0,ra_stems_project,0,v40c_00129,1,3,100,0.6471004243281471,1.0,0.5865157944365866,0.7333333333333333,8dc418bff5fd02f0d4ae3fe429ae968fa6becb974ffac49a7b8997267b257295
ra_stems_project_seed0,ra_stems_project,0,v40c_00130,1,3,100,0.336039603960396,0.7306930693069307,0.16831683168316833,0.4666666666666666,8dc418bff5fd02f0d4ae3fe429ae968fa6becb974ffac49a7b8997267b257295
ra_stems_project_seed0,ra_stems_project,0,v40c_00131,1,2,100,0.5504950495049504,1.0,0.2524752475247525,0.6,8dc418bff5fd02f0d4ae3fe429ae968fa6becb974ffac49a7b8997267b257295
ra_stems_project_seed0,ra_stems_project,0,v40c_00132,1,2,100,0.5523990860624524,1.0,0.27151561309977157,0.65,8dc418bff5fd02f0d4ae3fe429ae968fa6becb974ffac49a7b8997267b257295
ra_stems_project_seed0,ra_stems_project,0,v40c_00133,1,2,100,0.25531778984350045,1.0,0.0,0.35,8dc418bff5fd02f0d4ae3fe429ae968fa6becb974ffac49a7b8997267b257295
ra_stems_project_seed0,ra_stems_project,0,v40c_00134,1,2,100,0.592079207920792,1.0,0.5049504950495048,0.65,8dc418bff5fd02f0d4ae3fe429ae968fa6becb974ffac49a7b8997267b257295
ra_stems_project_seed0,ra_stems_project,0,v40c_00135,1,2,100,0.5757425742574258,1.0,0.2524752475247525,0.65,8dc418bff5fd02f0d4ae3fe429ae968fa6becb974ffac49a7b8997267b257295
ra_stems_project_seed0,ra_stems_project,0,v40c_00136,1,2,100,0.5767326732673268,1.0,0.7524752475247525,0.8,8dc418bff5fd02f0d4ae3fe429ae968fa6becb974ffac49a7b8997267b257295
ra_stems_project_seed0,ra_stems_project,0,v40c_00137,1,2,100,0.35247524752475246,0.6287128712871287,0.5049504950495048,0.5,8dc418bff5fd02f0d4ae3fe429ae968fa6becb974ffac49a7b8997267b257295
ra_stems_project_seed0,ra_stems_project,0,v40c_00138,1,2,100,0.3290255341323607,0.5570609692548204,0.5049504950495048,0.55,8dc418bff5fd02f0d4ae3fe429ae968fa6becb974ffac49a7b8997267b257295
ra_stems_project_seed0,ra_stems_project,0,v40c_00139,1,2,100,0.3749892380542403,0.5479982780886786,0.5049504950495048,0.6,8dc418bff5fd02f0d4ae3fe429ae968fa6becb974ffac49a7b8997267b257295
ra_stems_project_seed0,ra_stems_project,0,v40c_00140,2,4,200,0.35445544554455444,0.504950495049505,0.504950495049505,0.35,8dc418bff5fd02f0d4ae3fe429ae968fa6becb974ffac49a7b8997267b257295
ra_stems_project_seed0,ra_stems_project,0,v40c_00141,1,1,100,0.025000000000000005,0.04166666666666668,0.04166666666666668,0.6,8dc418bff5fd02f0d4ae3fe429ae968fa6becb974ffac49a7b8997267b257295
ra_stems_project_seed0,ra_stems_project,0,v40c_00142,1,0,100,0.0,0.0,0.0,0.0,8dc418bff5fd02f0d4ae3fe429ae968fa6becb974ffac49a7b8997267b257295
ra_stems_project_seed0,ra_stems_project,0,v40c_00143,1,0,100,0.0,0.0,0.0,0.0,8dc418bff5fd02f0d4ae3fe429ae968fa6becb974ffac49a7b8997267b257295
ra_stems_project_seed0,ra_stems_project,0,v40c_00144,1,0,100,0.0,0.0,0.0,0.0,8dc418bff5fd02f0d4ae3fe429ae968fa6becb974ffac49a7b8997267b257295
ra_stems_project_seed0,ra_stems_project,0,v40c_00145,2,1,200,0.02348484848484848,0.08333333333333336,0.030303030303030293,0.6,8dc418bff5fd02f0d4ae3fe429ae968fa6becb974ffac49a7b8997267b257295
ra_stems_project_seed0,ra_stems_project,0,v40c_00146,1,1,100,0.2,0.5,0.0,0.4,8dc418bff5fd02f0d4ae3fe429ae968fa6becb974ffac49a7b8997267b257295
ra_stems_project_seed0,ra_stems_project,0,v40c_00147,1,0,100,0.0,0.0,0.0,0.0,8dc418bff5fd02f0d4ae3fe429ae968fa6becb974ffac49a7b8997267b257295
ra_stems_project_seed0,ra_stems_project,0,v40c_00148,1,1,100,0.7,0.9999999999999999,0.9999999999999999,0.7,8dc418bff5fd02f0d4ae3fe429ae968fa6becb974ffac49a7b8997267b257295
ra_stems_project_seed0,ra_stems_project,0,v40c_00149,1,1,100,0.7,0.9999999999999999,0.9999999999999999,0.7,8dc418bff5fd02f0d4ae3fe429ae968fa6becb974ffac49a7b8997267b257295
ra_stems_project_seed0,ra_stems_project,0,v40c_00150,1,1,100,0.5999999999999999,0.9999999999999999,0.9999999999999999,0.6,8dc418bff5fd02f0d4ae3fe429ae968fa6becb974ffac49a7b8997267b257295
ra_stems_project_seed0,ra_stems_project,0,v40c_00151,1,1,100,0.4999999999999999,0.9999999999999999,0.0,0.5,8dc418bff5fd02f0d4ae3fe429ae968fa6becb974ffac49a7b8997267b257295
ra_stems_project_seed0,ra_stems_project,0,v40c_00152,1,1,100,0.7999999999999999,0.9999999999999999,0.9999999999999999,0.8,8dc418bff5fd02f0d4ae3fe429ae968fa6becb974ffac49a7b8997267b257295
ra_stems_project_seed0,ra_stems_project,0,v40c_00153,1,1,100,0.7999999999999999,0.9999999999999999,0.9999999999999999,0.8,8dc418bff5fd02f0d4ae3fe429ae968fa6becb974ffac49a7b8997267b257295
ra_stems_project_seed0,ra_stems_project,0,v40c_00154,1,1,100,0.5999999999999999,0.9999999999999999,0.9999999999999999,0.6,8dc418bff5fd02f0d4ae3fe429ae968fa6becb974ffac49a7b8997267b257295
ra_stems_project_seed0,ra_stems_project,0,v40c_00155,1,1,100,0.7999999999999999,0.9999999999999999,0.9999999999999999,0.8,8dc418bff5fd02f0d4ae3fe429ae968fa6becb974ffac49a7b8997267b257295
ra_stems_project_seed0,ra_stems_project,0,v40c_00156,1,1,100,0.7999999999999999,0.9999999999999999,0.9999999999999999,0.8,8dc418bff5fd02f0d4ae3fe429ae968fa6becb974ffac49a7b8997267b257295
ra_stems_project_seed0,ra_stems_project,0,v40c_00157,5,5,500,0.7673267326732673,1.0,1.0,0.8,8dc418bff5fd02f0d4ae3fe429ae968fa6becb974ffac49a7b8997267b257295
ra_stems_project_seed0,ra_stems_project,0,v40c_00158,1,1,100,0.9999999999999998,0.9999999999999999,0.9999999999999999,1.0,8dc418bff5fd02f0d4ae3fe429ae968fa6becb974ffac49a7b8997267b257295
ra_stems_project_seed0,ra_stems_project,0,v40c_00159,1,1,100,0.8999999999999998,0.9999999999999999,0.9999999999999999,0.9,8dc418bff5fd02f0d4ae3fe429ae968fa6becb974ffac49a7b8997267b257295
ra_stems_project_seed0,ra_stems_project,0,v40c_00160,1,1,100,0.8999999999999998,0.9999999999999999,0.9999999999999999,0.9,8dc418bff5fd02f0d4ae3fe429ae968fa6becb974ffac49a7b8997267b257295
ra_stems_project_seed0,ra_stems_project,0,v40c_00161,1,1,100,0.8999999999999998,0.9999999999999999,0.9999999999999999,0.9,8dc418bff5fd02f0d4ae3fe429ae968fa6becb974ffac49a7b8997267b257295
ra_stems_project_seed0,ra_stems_project,0,v40c_00162,1,2,100,0.5090759075907589,0.5462046204620461,0.5049504950495048,0.55,8dc418bff5fd02f0d4ae3fe429ae968fa6becb974ffac49a7b8997267b257295
ra_stems_project_seed0,ra_stems_project,0,v40c_00163,1,1,100,0.9999999999999998,0.9999999999999999,0.9999999999999999,1.0,8dc418bff5fd02f0d4ae3fe429ae968fa6becb974ffac49a7b8997267b257295
ra_stems_project_seed0,ra_stems_project,0,v40c_00164,5,5,500,0.8202970297029702,1.0,1.0,0.8400000000000001,8dc418bff5fd02f0d4ae3fe429ae968fa6becb974ffac49a7b8997267b257295
ra_stems_project_seed0,ra_stems_project,0,v40c_00165,1,1,100,0.7,0.9999999999999999,0.9999999999999999,0.7,8dc418bff5fd02f0d4ae3fe429ae968fa6becb974ffac49a7b8997267b257295
ra_stems_project_seed0,ra_stems_project,0,v40c_00166,1,1,100,0.7999999999999999,0.9999999999999999,0.9999999999999999,0.8,8dc418bff5fd02f0d4ae3fe429ae968fa6becb974ffac49a7b8997267b257295
ra_stems_project_seed0,ra_stems_project,0,v40c_00167,1,1,100,0.4095238095238095,0.9999999999999999,0.04761904761904761,0.6,8dc418bff5fd02f0d4ae3fe429ae968fa6becb974ffac49a7b8997267b257295
ra_stems_project_seed0,ra_stems_project,0,v40c_00168,1,1,100,0.4,0.5,0.5,0.8,8dc418bff5fd02f0d4ae3fe429ae968fa6becb974ffac49a7b8997267b257295
ra_stems_project_seed0,ra_stems_project,0,v40c_00169,1,1,100,0.007547169811320755,0.018867924528301886,0.0,0.4,8dc418bff5fd02f0d4ae3fe429ae968fa6becb974ffac49a7b8997267b257295
ra_stems_project_seed0,ra_stems_project,0,v40c_00170,1,1,100,0.4999999999999999,0.9999999999999999,0.0,0.5,8dc418bff5fd02f0d4ae3fe429ae968fa6becb974ffac49a7b8997267b257295
ra_stems_project_seed0,ra_stems_project,0,v40c_00171,1,1,100,0.39999999999999997,0.9999999999999999,0.0,0.4,8dc418bff5fd02f0d4ae3fe429ae968fa6becb974ffac49a7b8997267b257295
ra_stems_project_seed0,ra_stems_project,0,v40c_00172,1,1,100,0.5999999999999999,0.9999999999999999,0.9999999999999999,0.6,8dc418bff5fd02f0d4ae3fe429ae968fa6becb974ffac49a7b8997267b257295
ra_stems_project_seed0,ra_stems_project,0,v40c_00173,1,1,100,0.4999999999999999,0.9999999999999999,0.0,0.5,8dc418bff5fd02f0d4ae3fe429ae968fa6becb974ffac49a7b8997267b257295
ra_stems_project_seed0,ra_stems_project,0,v40c_00174,2,1,200,0.5999999999999999,0.9999999999999999,0.9999999999999999,0.6,8dc418bff5fd02f0d4ae3fe429ae968fa6becb974ffac49a7b8997267b257295
ra_stems_project_seed0,ra_stems_project,0,v40c_00175,1,0,100,0.0,0.0,0.0,0.0,8dc418bff5fd02f0d4ae3fe429ae968fa6becb974ffac49a7b8997267b257295
ra_stems_project_seed0,ra_stems_project,0,v40c_00263,15,7,1500,0.8328147100424328,1.0,1.0,0.8571428571428571,8dc418bff5fd02f0d4ae3fe429ae968fa6becb974ffac49a7b8997267b257295
ra_stems_project_seed0,ra_stems_project,0,v40c_00264,5,0,500,0.0,0.0,0.0,0.0,8dc418bff5fd02f0d4ae3fe429ae968fa6becb974ffac49a7b8997267b257295
ra_stems_project_seed0,ra_stems_project,0,v40c_00265,5,0,500,0.0,0.0,0.0,0.0,8dc418bff5fd02f0d4ae3fe429ae968fa6becb974ffac49a7b8997267b257295
ra_stems_project_seed0,ra_stems_project,0,v40c_00266,9,5,900,0.018820426099265448,0.07526754393425333,0.0028482300284823,0.36,8dc418bff5fd02f0d4ae3fe429ae968fa6becb974ffac49a7b8997267b257295
ra_stems_project_seed0,ra_stems_project,0,v40c_00267,2,2,200,0.020054334200543346,0.06966861069668612,0.0153015301530153,0.4,8dc418bff5fd02f0d4ae3fe429ae968fa6becb974ffac49a7b8997267b257295
ra_stems_project_seed0,ra_stems_project,0,v40c_00268,2,2,200,0.11669306930693071,0.45049504950495056,0.0,0.35,8dc418bff5fd02f0d4ae3fe429ae968fa6becb974ffac49a7b8997267b257295
ra_stems_project_seed0,ra_stems_project,0,v40c_00269,3,0,300,0.0,0.0,0.0,0.0,8dc418bff5fd02f0d4ae3fe429ae968fa6becb974ffac49a7b8997267b257295
ra_stems_project_seed0,ra_stems_project,0,v40c_00270,1,0,100,0.0,0.0,0.0,0.0,8dc418bff5fd02f0d4ae3fe429ae968fa6becb974ffac49a7b8997267b257295
ra_stems_project_seed0,ra_stems_project,0,v40c_00271,37,22,3700,0.18505347897205793,0.4671163767412114,0.10183178816254956,0.44545454545454544,8dc418bff5fd02f0d4ae3fe429ae968fa6becb974ffac49a7b8997267b257295
ra_stems_project_seed0,ra_stems_project,0,v40c_00327,2,5,200,0.8943894389438943,1.0,1.0,0.9,8dc418bff5fd02f0d4ae3fe429ae968fa6becb974ffac49a7b8997267b257295
ra_stems_project_seed0,ra_stems_project,0,v40c_00328,2,5,200,0.7613861386138614,1.0,0.900990099009901,0.82,8dc418bff5fd02f0d4ae3fe429ae968fa6becb974ffac49a7b8997267b257295
ra_stems_project_seed0,ra_stems_project,0,v40c_00329,1,3,100,0.6663366336633663,1.0,0.5544554455445545,0.7,8dc418bff5fd02f0d4ae3fe429ae968fa6becb974ffac49a7b8997267b257295
ra_stems_project_seed0,ra_stems_project,0,v40c_00330,4,12,400,0.7621287128712871,1.0,1.0,0.7750000000000001,8dc418bff5fd02f0d4ae3fe429ae968fa6becb974ffac49a7b8997267b257295
ra_stems_project_seed0,ra_stems_project,0,v40c_00331,3,9,300,0.837029702970297,1.0,1.0,0.8555555555555555,8dc418bff5fd02f0d4ae3fe429ae968fa6becb974ffac49a7b8997267b257295
ra_stems_project_seed0,ra_stems_project,0,v40c_00332,1,3,100,0.8663366336633663,1.0,1.0,0.8666666666666666,8dc418bff5fd02f0d4ae3fe429ae968fa6becb974ffac49a7b8997267b257295
ra_stems_project_seed0,ra_stems_project,0,v40c_00333,1,3,100,0.9,1.0,1.0,0.9,8dc418bff5fd02f0d4ae3fe429ae968fa6becb974ffac49a7b8997267b257295
ra_stems_project_seed0,ra_stems_project,0,v40c_00334,1,3,100,0.7741282823934568,1.0,0.7072750753336206,0.8333333333333333,8dc418bff5fd02f0d4ae3fe429ae968fa6becb974ffac49a7b8997267b257295
ra_stems_project_seed0,ra_stems_project,0,v40c_00335,1,3,100,0.611994821758205,0.6922206506364923,0.6804833025675449,0.8,8dc418bff5fd02f0d4ae3fe429ae968fa6becb974ffac49a7b8997267b257295
ra_stems_project_seed0,ra_stems_project,0,v40c_00336,1,2,100,0.7,1.0,1.0,0.7,8dc418bff5fd02f0d4ae3fe429ae968fa6becb974ffac49a7b8997267b257295
ra_stems_project_seed0,ra_stems_project,0,v40c_00337,1,2,100,0.9,1.0,1.0,0.9,8dc418bff5fd02f0d4ae3fe429ae968fa6becb974ffac49a7b8997267b257295
ra_stems_project_seed0,ra_stems_project,0,v40c_00338,1,2,100,0.8252475247524753,1.0,1.0,0.85,8dc418bff5fd02f0d4ae3fe429ae968fa6becb974ffac49a7b8997267b257295
ra_stems_project_seed0,ra_stems_project,0,v40c_00339,1,2,100,0.8504950495049505,1.0,1.0,0.85,8dc418bff5fd02f0d4ae3fe429ae968fa6becb974ffac49a7b8997267b257295
ra_stems_project_seed0,ra_stems_project,0,v40c_00340,1,2,100,0.8504950495049505,1.0,1.0,0.85,8dc418bff5fd02f0d4ae3fe429ae968fa6becb974ffac49a7b8997267b257295
ra_stems_project_seed0,ra_stems_project,0,v40c_00341,1,2,100,0.6504950495049504,1.0,1.0,0.7,8dc418bff5fd02f0d4ae3fe429ae968fa6becb974ffac49a7b8997267b257295
ra_stems_project_seed0,ra_stems_project,0,v40c_00342,1,2,100,0.7504950495049505,1.0,1.0,0.8,8dc418bff5fd02f0d4ae3fe429ae968fa6becb974ffac49a7b8997267b257295
ra_stems_project_seed0,ra_stems_project,0,v40c_00343,1,2,100,0.6595473833097596,1.0,0.6463932107496466,0.8,8dc418bff5fd02f0d4ae3fe429ae968fa6becb974ffac49a7b8997267b257295
ra_stems_project_seed0,ra_stems_project,0,v40c_00344,1,2,100,0.6514851485148514,1.0,0.5049504950495048,0.65,8dc418bff5fd02f0d4ae3fe429ae968fa6becb974ffac49a7b8997267b257295
ra_stems_project_seed0,ra_stems_project,0,v40c_00345,2,4,200,0.4866468999841159,1.0,0.3461110816964048,0.7,8dc418bff5fd02f0d4ae3fe429ae968fa6becb974ffac49a7b8997267b257295
ra_stems_project_seed0,ra_stems_project,0,v40c_00346,1,3,100,0.6334653465346534,1.0,0.46732673267326735,0.7333333333333333,8dc418bff5fd02f0d4ae3fe429ae968fa6becb974ffac49a7b8997267b257295
ra_stems_project_seed0,ra_stems_project,0,v40c_00347,1,3,100,0.670957095709571,0.8316831683168316,0.8316831683168316,0.8333333333333334,8dc418bff5fd02f0d4ae3fe429ae968fa6becb974ffac49a7b8997267b257295
ra_stems_project_seed0,ra_stems_project,0,v40c_00348,1,2,100,0.9,1.0,1.0,0.9,8dc418bff5fd02f0d4ae3fe429ae968fa6becb974ffac49a7b8997267b257295
ra_stems_project_seed0,ra_stems_project,0,v40c_00349,1,2,100,0.7504950495049505,1.0,1.0,0.8,8dc418bff5fd02f0d4ae3fe429ae968fa6becb974ffac49a7b8997267b257295
ra_stems_project_seed0,ra_stems_project,0,v40c_00350,1,2,100,0.7252475247524752,1.0,1.0,0.75,8dc418bff5fd02f0d4ae3fe429ae968fa6becb974ffac49a7b8997267b257295
ra_stems_project_seed0,ra_stems_project,0,v40c_00351,1,2,100,0.7,1.0,1.0,0.7,8dc418bff5fd02f0d4ae3fe429ae968fa6becb974ffac49a7b8997267b257295
ra_stems_project_seed0,ra_stems_project,0,v40c_00352,1,2,100,0.7,1.0,1.0,0.7,8dc418bff5fd02f0d4ae3fe429ae968fa6becb974ffac49a7b8997267b257295
ra_stems_project_seed0,ra_stems_project,0,v40c_00353,1,2,100,0.7514851485148515,1.0,1.0,0.75,8dc418bff5fd02f0d4ae3fe429ae968fa6becb974ffac49a7b8997267b257295
ra_stems_project_seed0,ra_stems_project,0,v40c_00354,1,2,100,0.7514851485148515,1.0,1.0,0.75,8dc418bff5fd02f0d4ae3fe429ae968fa6becb974ffac49a7b8997267b257295
ra_stems_project_seed0,ra_stems_project,0,v40c_00355,1,2,100,0.7504950495049505,1.0,1.0,0.75,8dc418bff5fd02f0d4ae3fe429ae968fa6becb974ffac49a7b8997267b257295
ra_stems_project_seed0,ra_stems_project,0,v40c_00356,1,2,100,0.600990099009901,1.0,0.5049504950495048,0.6,8dc418bff5fd02f0d4ae3fe429ae968fa6becb974ffac49a7b8997267b257295
ra_stems_project_seed0,ra_stems_project,0,v40c_00357,1,2,100,0.7019801980198019,1.0,0.5049504950495048,0.7,8dc418bff5fd02f0d4ae3fe429ae968fa6becb974ffac49a7b8997267b257295
ra_stems_project_seed0,ra_stems_project,0,v40c_00358,1,2,100,0.700990099009901,1.0,1.0,0.7,8dc418bff5fd02f0d4ae3fe429ae968fa6becb974ffac49a7b8997267b257295
ra_stems_project_seed0,ra_stems_project,0,v40c_00359,1,2,100,0.5387788778877888,1.0,0.5599559955995599,0.85,8dc418bff5fd02f0d4ae3fe429ae968fa6becb974ffac49a7b8997267b257295
ra_stems_project_seed0,ra_stems_project,0,v40c_00360,1,2,100,0.5844884488448845,0.834983498349835,0.834983498349835,0.7,8dc418bff5fd02f0d4ae3fe429ae968fa6becb974ffac49a7b8997267b257295
ra_stems_project_seed0,ra_stems_project,0,v40c_00361,1,2,100,0.5133663366336634,1.0,0.5049504950495048,0.55,8dc418bff5fd02f0d4ae3fe429ae968fa6becb974ffac49a7b8997267b257295
ra_stems_project_seed0,ra_stems_project,0,v40c_00362,1,2,100,0.46901650165016495,1.0,0.5247524752475247,0.8,8dc418bff5fd02f0d4ae3fe429ae968fa6becb974ffac49a7b8997267b257295
ra_stems_project_seed0,ra_stems_project,0,v40c_00363,1,2,100,0.5504950495049504,1.0,0.5049504950495048,0.55,8dc418bff5fd02f0d4ae3fe429ae968fa6becb974ffac49a7b8997267b257295
ra_stems_project_seed0,ra_stems_project,0,v40c_00364,1,1,100,0.5999999999999999,0.9999999999999999,0.9999999999999999,0.6,8dc418bff5fd02f0d4ae3fe429ae968fa6becb974ffac49a7b8997267b257295
ra_stems_project_seed0,ra_stems_project,0,v40c_00365,1,1,100,0.5999999999999999,0.9999999999999999,0.9999999999999999,0.6,8dc418bff5fd02f0d4ae3fe429ae968fa6becb974ffac49a7b8997267b257295
ra_stems_project_seed0,ra_stems_project,0,v40c_00366,1,1,100,0.4999999999999999,0.9999999999999999,0.0,0.5,8dc418bff5fd02f0d4ae3fe429ae968fa6becb974ffac49a7b8997267b257295
ra_stems_project_seed0,ra_stems_project,0,v40c_00367,1,1,100,0.39999999999999997,0.9999999999999999,0.0,0.4,8dc418bff5fd02f0d4ae3fe429ae968fa6becb974ffac49a7b8997267b257295
ra_stems_project_seed0,ra_stems_project,0,v40c_00368,1,1,100,0.4666666666666667,0.9999999999999999,0.3333333333333334,0.8,8dc418bff5fd02f0d4ae3fe429ae968fa6becb974ffac49a7b8997267b257295
ra_stems_project_seed0,ra_stems_project,0,v40c_00369,1,1,100,0.4999999999999999,0.9999999999999999,0.0,0.5,8dc418bff5fd02f0d4ae3fe429ae968fa6becb974ffac49a7b8997267b257295
ra_stems_project_seed0,ra_stems_project,0,v40c_00370,1,1,100,0.7999999999999999,0.9999999999999999,0.9999999999999999,0.8,8dc418bff5fd02f0d4ae3fe429ae968fa6becb974ffac49a7b8997267b257295
ra_stems_project_seed0,ra_stems_project,0,v40c_00371,1,1,100,0.7,0.9999999999999999,0.9999999999999999,0.7,8dc418bff5fd02f0d4ae3fe429ae968fa6becb974ffac49a7b8997267b257295
ra_stems_project_seed0,ra_stems_project,0,v40c_00372,1,1,100,0.3044761190297574,0.9999999999999999,0.010752688172043012,0.6,8dc418bff5fd02f0d4ae3fe429ae968fa6becb974ffac49a7b8997267b257295
ra_stems_project_seed0,ra_stems_project,0,v40c_00373,3,6,300,0.5231324961764467,1.0,0.5890082910730098,0.6666666666666667,8dc418bff5fd02f0d4ae3fe429ae968fa6becb974ffac49a7b8997267b257295
ra_stems_project_seed0,ra_stems_project,0,v40c_00374,3,6,300,0.5448844884488449,1.0,0.33663366336633666,0.5833333333333333,8dc418bff5fd02f0d4ae3fe429ae968fa6becb974ffac49a7b8997267b257295
ra_stems_project_seed0,ra_stems_project,0,v40c_00375,1,2,100,0.45787288406259974,1.0,0.5049504950495048,0.55,8dc418bff5fd02f0d4ae3fe429ae968fa6becb974ffac49a7b8997267b257295
ra_stems_project_seed0,ra_stems_project,0,v40c_00376,2,4,200,0.6257425742574257,1.0,0.7524752475247525,0.625,8dc418bff5fd02f0d4ae3fe429ae968fa6becb974ffac49a7b8997267b257295
ra_stems_project_seed0,ra_stems_project,0,v40c_00377,1,2,100,0.5514851485148514,1.0,0.5049504950495048,0.55,8dc418bff5fd02f0d4ae3fe429ae968fa6becb974ffac49a7b8997267b257295
ra_stems_project_seed0,ra_stems_project,0,v40c_00397,2,6,200,0.5289424594633376,1.0,0.6166594920361601,0.5833333333333334,8dc418bff5fd02f0d4ae3fe429ae968fa6becb974ffac49a7b8997267b257295
ra_stems_project_seed0,ra_stems_project,0,v40c_00398,1,3,100,0.5663366336633663,1.0,0.6633663366336634,0.5666666666666667,8dc418bff5fd02f0d4ae3fe429ae968fa6becb974ffac49a7b8997267b257295
ra_stems_project_seed0,ra_stems_project,0,v40c_00399,1,3,100,0.6663366336633663,1.0,1.0,0.6666666666666666,8dc418bff5fd02f0d4ae3fe429ae968fa6becb974ffac49a7b8997267b257295
ra_stems_project_seed0,ra_stems_project,0,v40c_00400,1,3,100,0.6663366336633663,1.0,1.0,0.6666666666666666,8dc418bff5fd02f0d4ae3fe429ae968fa6becb974ffac49a7b8997267b257295
ra_stems_project_seed0,ra_stems_project,0,v40c_00401,1,3,100,0.6910891089108911,0.9158415841584159,0.9158415841584159,0.7666666666666666,8dc418bff5fd02f0d4ae3fe429ae968fa6becb974ffac49a7b8997267b257295
ra_stems_project_seed0,ra_stems_project,0,v40c_00402,1,3,100,0.44178217821782173,0.7306930693069307,0.6633663366336634,0.5666666666666667,8dc418bff5fd02f0d4ae3fe429ae968fa6becb974ffac49a7b8997267b257295
ra_stems_project_seed0,ra_stems_project,0,v40c_00403,1,3,100,0.5485148514851486,0.9158415841584159,0.6633663366336634,0.5666666666666667,8dc418bff5fd02f0d4ae3fe429ae968fa6becb974ffac49a7b8997267b257295
ra_stems_project_seed0,ra_stems_project,0,v40c_00404,1,3,100,0.4848248286367097,0.7264851485148515,0.676313785224676,0.7333333333333333,8dc418bff5fd02f0d4ae3fe429ae968fa6becb974ffac49a7b8997267b257295
ra_stems_project_seed0,ra_stems_project,0,v40c_00405,1,3,100,0.5173267326732673,0.9158415841584159,0.33663366336633654,0.5666666666666667,8dc418bff5fd02f0d4ae3fe429ae968fa6becb974ffac49a7b8997267b257295
ra_stems_project_seed0,ra_stems_project,0,v40c_00406,1,4,100,0.48744695898161244,0.8939179632248937,0.37376237623762376,0.675,8dc418bff5fd02f0d4ae3fe429ae968fa6becb974ffac49a7b8997267b257295
ra_stems_project_seed0,ra_stems_project,0,v40c_00407,1,4,100,0.4435014930064435,0.7681911048247682,0.33663366336633666,0.6,8dc418bff5fd02f0d4ae3fe429ae968fa6becb974ffac49a7b8997267b257295
ra_stems_project_seed0,ra_stems_project,0,v40c_00408,1,4,100,0.48514851485148514,0.7524752475247525,0.7524752475247525,0.5,8dc418bff5fd02f0d4ae3fe429ae968fa6becb974ffac49a7b8997267b257295
ra_stems_project_seed0,ra_stems_project,0,v40c_00409,1,3,100,0.7554455445544555,1.0,1.0,0.7666666666666666,8dc418bff5fd02f0d4ae3fe429ae968fa6becb974ffac49a7b8997267b257295
ra_stems_project_seed0,ra_stems_project,0,v40c_00410,1,4,100,0.46006600660066005,0.7524752475247525,0.7524752475247525,0.475,8dc418bff5fd02f0d4ae3fe429ae968fa6becb974ffac49a7b8997267b257295
ra_stems_project_seed0,ra_stems_project,0,v40c_00411,1,4,100,0.4435643564356436,0.7524752475247525,0.33663366336633666,0.475,8dc418bff5fd02f0d4ae3fe429ae968fa6becb974ffac49a7b8997267b257295
ra_stems_project_seed0,ra_stems_project,0,v40c_00412,1,3,100,0.5504950495049504,1.0,0.16831683168316833,0.6,8dc418bff5fd02f0d4ae3fe429ae968fa6becb974ffac49a7b8997267b257295
ra_stems_project_seed0,ra_stems_project,0,v40c_00413,1,3,100,0.5272277227722773,1.0,0.20915841584158415,0.6333333333333333,8dc418bff5fd02f0d4ae3fe429ae968fa6becb974ffac49a7b8997267b257295
ra_stems_project_seed0,ra_stems_project,0,v40c_00414,1,3,100,0.7884488448844884,1.0,1.0,0.8333333333333333,8dc418bff5fd02f0d4ae3fe429ae968fa6becb974ffac49a7b8997267b257295
ra_stems_project_seed0,ra_stems_project,0,v40c_00415,1,3,100,0.6052805280528053,1.0,0.4422442244224422,0.6666666666666666,8dc418bff5fd02f0d4ae3fe429ae968fa6becb974ffac49a7b8997267b257295
ra_stems_project_seed0,ra_stems_project,0,v40c_00416,1,4,100,0.6514851485148514,1.0,0.7524752475247525,0.675,8dc418bff5fd02f0d4ae3fe429ae968fa6becb974ffac49a7b8997267b257295
ra_stems_project_seed0,ra_stems_project,0,v40c_00417,1,4,100,0.597029702970297,1.0,0.7524752475247525,0.625,8dc418bff5fd02f0d4ae3fe429ae968fa6becb974ffac49a7b8997267b257295
ra_stems_project_seed0,ra_stems_project,0,v40c_00418,1,4,100,0.5891089108910891,1.0,0.7524752475247525,0.625,8dc418bff5fd02f0d4ae3fe429ae968fa6becb974ffac49a7b8997267b257295
ra_stems_project_seed0,ra_stems_project,0,v40c_00419,4,17,400,0.6274429722384003,1.0,0.6227722772277228,0.6764705882352942,8dc418bff5fd02f0d4ae3fe429ae968fa6becb974ffac49a7b8997267b257295
ra_stems_project_seed0,ra_stems_project,0,v40c_00420,1,4,100,0.6826732673267326,1.0,1.0,0.725,8dc418bff5fd02f0d4ae3fe429ae968fa6becb974ffac49a7b8997267b257295
ra_stems_project_seed0,ra_stems_project,0,v40c_00421,1,4,100,0.5722772277227722,0.9174917491749175,0.5462046204620461,0.675,8dc418bff5fd02f0d4ae3fe429ae968fa6becb974ffac49a7b8997267b257295
ra_stems_project_seed0,ra_stems_project,0,v40c_00422,1,4,100,0.7064356435643564,1.0,1.0,0.725,8dc418bff5fd02f0d4ae3fe429ae968fa6becb974ffac49a7b8997267b257295
ra_stems_project_seed0,ra_stems_project,0,v40c_00423,1,4,100,0.7171617161716172,1.0,1.0,0.75,8dc418bff5fd02f0d4ae3fe429ae968fa6becb974ffac49a7b8997267b257295
ra_stems_project_seed0,ra_stems_project,0,v40c_00424,2,8,200,0.6752239509665252,1.0,1.0,0.7,8dc418bff5fd02f0d4ae3fe429ae968fa6becb974ffac49a7b8997267b257295
ra_stems_project_seed0,ra_stems_project,0,v40c_00425,1,4,100,0.7257425742574257,1.0,1.0,0.75,8dc418bff5fd02f0d4ae3fe429ae968fa6becb974ffac49a7b8997267b257295
ra_stems_project_seed0,ra_stems_project,0,v40c_00426,1,4,100,0.6754950495049504,1.0,1.0,0.7,8dc418bff5fd02f0d4ae3fe429ae968fa6becb974ffac49a7b8997267b257295
ra_stems_project_seed0,ra_stems_project,0,v40c_00427,1,4,100,0.6902640264026403,1.0,1.0,0.75,8dc418bff5fd02f0d4ae3fe429ae968fa6becb974ffac49a7b8997267b257295
ra_stems_project_seed0,ra_stems_project,0,v40c_00428,1,5,100,0.6448844884488449,0.9257425742574258,0.801980198019802,0.68,8dc418bff5fd02f0d4ae3fe429ae968fa6becb974ffac49a7b8997267b257295
ra_stems_project_seed0,ra_stems_project,0,v40c_00429,4,17,400,0.6346937550897946,0.9543140028288541,0.7724701041532727,0.7117647058823529,8dc418bff5fd02f0d4ae3fe429ae968fa6becb974ffac49a7b8997267b257295
ra_stems_project_seed0,ra_stems_project,0,v40c_00430,1,5,100,0.6424752475247525,0.8415841584158416,0.8415841584158416,0.78,8dc418bff5fd02f0d4ae3fe429ae968fa6becb974ffac49a7b8997267b257295
ra_stems_project_seed0,ra_stems_project,0,v40c_00431,1,5,100,0.6415841584158416,1.0,0.801980198019802,0.64,8dc418bff5fd02f0d4ae3fe429ae968fa6becb974ffac49a7b8997267b257295
ra_stems_project_seed0,ra_stems_project,0,v40c_00432,1,5,100,0.4778301639687778,0.7537849022997538,0.717114568599717,0.62,8dc418bff5fd02f0d4ae3fe429ae968fa6becb974ffac49a7b8997267b257295
ra_stems_project_seed0,ra_stems_project,0,v40c_00433,1,5,100,0.65003300330033,1.0,1.0,0.6799999999999999,8dc418bff5fd02f0d4ae3fe429ae968fa6becb974ffac49a7b8997267b257295
ra_stems_project_seed0,ra_stems_project,0,v40c_00434,1,5,100,0.6679867986798679,1.0,0.9669966996699667,0.74,8dc418bff5fd02f0d4ae3fe429ae968fa6becb974ffac49a7b8997267b257295
ra_stems_project_seed0,ra_stems_project,0,v40c_00435,1,4,100,0.5703949515830704,0.9009900990099011,0.6534653465346535,0.675,8dc418bff5fd02f0d4ae3fe429ae968fa6becb974ffac49a7b8997267b257295
ra_stems_project_seed0,ra_stems_project,0,v40c_00436,1,5,100,0.6328147100424326,1.0,0.9434229137199429,0.6599999999999999,8dc418bff5fd02f0d4ae3fe429ae968fa6becb974ffac49a7b8997267b257295
ra_stems_project_seed0,ra_stems_project,0,v40c_00437,1,5,100,0.7052805280528053,1.0,0.801980198019802,0.72,8dc418bff5fd02f0d4ae3fe429ae968fa6becb974ffac49a7b8997267b257295
ra_stems_project_seed0,ra_stems_project,0,v40c_00438,1,5,100,0.5975797579757975,0.911991199119912,0.6039603960396039,0.64,8dc418bff5fd02f0d4ae3fe429ae968fa6becb974ffac49a7b8997267b257295
ra_stems_project_seed0,ra_stems_project,0,v40c_00439,1,5,100,0.6522277227722773,1.0,1.0,0.6799999999999999,8dc418bff5fd02f0d4ae3fe429ae968fa6becb974ffac49a7b8997267b257295
ra_stems_project_seed0,ra_stems_project,0,v40c_00440,7,35,700,0.6864565244348207,0.99680637236656,0.9281308642955332,0.7514285714285714,8dc418bff5fd02f0d4ae3fe429ae968fa6becb974ffac49a7b8997267b257295
ra_stems_project_seed0,ra_stems_project,0,v40c_00441,1,5,100,0.7414356435643563,1.0,1.0,0.78,8dc418bff5fd02f0d4ae3fe429ae968fa6becb974ffac49a7b8997267b257295
ra_stems_project_seed0,ra_stems_project,0,v40c_00442,1,5,100,0.8554455445544555,1.0,1.0,0.86,8dc418bff5fd02f0d4ae3fe429ae968fa6becb974ffac49a7b8997267b257295
ra_stems_project_seed0,ra_stems_project,0,v40c_00443,1,5,100,0.6952475247524752,1.0,0.6415841584158416,0.78,8dc418bff5fd02f0d4ae3fe429ae968fa6becb974ffac49a7b8997267b257295
ra_stems_project_seed0,ra_stems_project,0,v40c_00444,3,15,300,0.686341049407723,0.9441489361702126,0.882030756267116,0.7666666666666666,8dc418bff5fd02f0d4ae3fe429ae968fa6becb974ffac49a7b8997267b257295
ra_stems_project_seed0,ra_stems_project,0,v40c_00454,19,92,1900,0.6069991490542228,0.9474867337457575,0.74972800994173,0.7217391304347825,8dc418bff5fd02f0d4ae3fe429ae968fa6becb974ffac49a7b8997267b257295
ra_stems_project_seed0,ra_stems_project,0,v40c_00455,1,6,100,0.6561707023580822,0.8958038661008959,0.7986657940847386,0.7833333333333333,8dc418bff5fd02f0d4ae3fe429ae968fa6becb974ffac49a7b8997267b257295
ra_stems_project_seed0,ra_stems_project,0,v40c_00456,2,11,200,0.6229844413012732,0.9391796322489396,0.6336633663366337,0.6545454545454545,8dc418bff5fd02f0d4ae3fe429ae968fa6becb974ffac49a7b8997267b257295
ra_stems_project_seed0,ra_stems_project,0,v40c_00457,1,6,100,0.6958539603960395,0.9579207920792079,0.8001237623762376,0.8166666666666667,8dc418bff5fd02f0d4ae3fe429ae968fa6becb974ffac49a7b8997267b257295
ra_stems_project_seed0,ra_stems_project,0,v40c_00458,1,5,100,0.5571439451637471,0.9009900990099009,0.7608530083777608,0.8,8dc418bff5fd02f0d4ae3fe429ae968fa6becb974ffac49a7b8997267b257295
ra_stems_project_seed0,ra_stems_project,0,v40c_00459,1,5,100,0.656985698569857,1.0,0.8723872387238726,0.74,8dc418bff5fd02f0d4ae3fe429ae968fa6becb974ffac49a7b8997267b257295
ra_stems_project_seed0,ra_stems_project,0,v40c_00460,1,5,100,0.6096759675967597,1.0,0.8127812781278128,0.6799999999999999,8dc418bff5fd02f0d4ae3fe429ae968fa6becb974ffac49a7b8997267b257295
ra_stems_project_seed0,ra_stems_project,0,v40c_00461,1,5,100,0.6743399339933994,1.0,0.801980198019802,0.72,8dc418bff5fd02f0d4ae3fe429ae968fa6becb974ffac49a7b8997267b257295
ra_stems_project_seed0,ra_stems_project,0,v40c_00462,1,4,100,0.7071782178217821,1.0,1.0,0.75,8dc418bff5fd02f0d4ae3fe429ae968fa6becb974ffac49a7b8997267b257295
ra_stems_project_seed0,ra_stems_project,0,v40c_00463,1,5,100,0.6653465346534653,1.0,1.0,0.6799999999999999,8dc418bff5fd02f0d4ae3fe429ae968fa6becb974ffac49a7b8997267b257295
ra_stems_project_seed0,ra_stems_project,0,v40c_00464,2,10,200,0.70297861718945,1.0,0.8345952242283053,0.72,8dc418bff5fd02f0d4ae3fe429ae968fa6becb974ffac49a7b8997267b257295
ra_stems_project_seed0,ra_stems_project,0,v40c_00465,2,9,200,0.6311551155115512,0.9772277227722775,0.7198962753418198,0.7333333333333333,8dc418bff5fd02f0d4ae3fe429ae968fa6becb974ffac49a7b8997267b257295
ra_stems_project_seed0,ra_stems_project,0,v40c_00466,1,4,100,0.6436350777934937,1.0,0.5403111739745404,0.7,8dc418bff5fd02f0d4ae3fe429ae968fa6becb974ffac49a7b8997267b257295
ra_stems_project_seed0,ra_stems_project,0,v40c_00467,1,4,100,0.7089108910891089,0.9504950495049505,0.9504950495049505,0.75,8dc418bff5fd02f0d4ae3fe429ae968fa6becb974ffac49a7b8997267b257295
ra_stems_project_seed0,ra_stems_project,0,v40c_00468,1,5,100,0.6881188118811881,1.0,0.6039603960396039,0.7,8dc418bff5fd02f0d4ae3fe429ae968fa6becb974ffac49a7b8997267b257295
ra_stems_project_seed0,ra_stems_project,0,v40c_00469,1,5,100,0.6612211221122111,1.0,0.7623762376237624,0.7200000000000001,8dc418bff5fd02f0d4ae3fe429ae968fa6becb974ffac49a7b8997267b257295
ra_stems_project_seed0,ra_stems_project,0,v40c_00470,3,14,300,0.6992771200196943,0.9947194719471949,0.797935178133198,0.7357142857142857,8dc418bff5fd02f0d4ae3fe429ae968fa6becb974ffac49a7b8997267b257295
ra_stems_project_seed0,ra_stems_project,0,v40c_00471,1,4,100,0.6066006600660067,0.9174917491749175,0.6287128712871287,0.675,8dc418bff5fd02f0d4ae3fe429ae968fa6becb974ffac49a7b8997267b257295
ra_stems_project_seed0,ra_stems_project,0,v40c_00472,1,5,100,0.4900990099009901,1.0,0.5247524752475247,0.52,8dc418bff5fd02f0d4ae3fe429ae968fa6becb974ffac49a7b8997267b257295
ra_stems_project_seed0,ra_stems_project,0,v40c_00473,1,5,100,0.6557755775577558,1.0,0.801980198019802,0.66,8dc418bff5fd02f0d4ae3fe429ae968fa6becb974ffac49a7b8997267b257295
ra_stems_project_seed0,ra_stems_project,0,v40c_00474,2,9,200,0.6549132056062748,0.9783978397839781,0.8811881188118812,0.6777777777777778,8dc418bff5fd02f0d4ae3fe429ae968fa6becb974ffac49a7b8997267b257295
ra_stems_project_seed0,ra_stems_project,0,v40c_00475,2,8,200,0.6078757875787579,0.9648964896489651,0.6039603960396039,0.6375,8dc418bff5fd02f0d4ae3fe429ae968fa6becb974ffac49a7b8997267b257295
ra_stems_project_seed0,ra_stems_project,0,v40c_00476,1,4,100,0.7638613861386139,1.0,1.0,0.775,8dc418bff5fd02f0d4ae3fe429ae968fa6becb974ffac49a7b8997267b257295
ra_stems_project_seed0,ra_stems_project,0,v40c_00477,2,8,200,0.5842904290429043,1.0,0.8356435643564356,0.6125,8dc418bff5fd02f0d4ae3fe429ae968fa6becb974ffac49a7b8997267b257295
ra_stems_project_seed0,ra_stems_project,0,v40c_00478,1,4,100,0.6886138613861386,1.0,0.6905940594059405,0.7,8dc418bff5fd02f0d4ae3fe429ae968fa6becb974ffac49a7b8997267b257295
ra_stems_project_seed0,ra_stems_project,0,v40c_00479,1,4,100,0.5391089108910891,1.0,0.504950495049505,0.55,8dc418bff5fd02f0d4ae3fe429ae968fa6becb974ffac49a7b8997267b257295
ra_stems_project_seed0,ra_stems_project,0,v40c_00480,2,8,200,0.7173220179160774,1.0,0.7725601131541726,0.75,8dc418bff5fd02f0d4ae3fe429ae968fa6becb974ffac49a7b8997267b257295
ra_stems_project_seed0,ra_stems_project,0,v40c_00481,3,12,300,0.679100371575619,0.993145468392993,0.6933739527798933,0.7000000000000001,8dc418bff5fd02f0d4ae3fe429ae968fa6becb974ffac49a7b8997267b257295
ra_stems_project_seed0,ra_stems_project,0,v40c_00482,1,3,100,0.7336633663366336,1.0,1.0,0.7333333333333333,8dc418bff5fd02f0d4ae3fe429ae968fa6becb974ffac49a7b8997267b257295
ra_stems_project_seed0,ra_stems_project,0,v40c_00483,6,18,600,0.7258865955053923,1.0,0.8248762376237624,0.75,8dc418bff5fd02f0d4ae3fe429ae968fa6becb974ffac49a7b8997267b257295
ra_stems_project_seed0,ra_stems_project,0,v40c_00484,1,3,100,0.7495049504950495,1.0,1.0,0.7666666666666666,8dc418bff5fd02f0d4ae3fe429ae968fa6becb974ffac49a7b8997267b257295
ra_stems_project_seed0,ra_stems_project,0,v40c_00485,1,3,100,0.8,1.0,1.0,0.7999999999999999,8dc418bff5fd02f0d4ae3fe429ae968fa6becb974ffac49a7b8997267b257295
ra_stems_project_seed0,ra_stems_project,0,v40c_00486,1,3,100,0.6663366336633663,1.0,0.6633663366336634,0.6666666666666666,8dc418bff5fd02f0d4ae3fe429ae968fa6becb974ffac49a7b8997267b257295
ra_stems_project_seed0,ra_stems_project,0,v40c_00487,1,3,100,0.7336633663366336,1.0,1.0,0.7333333333333333,8dc418bff5fd02f0d4ae3fe429ae968fa6becb974ffac49a7b8997267b257295
ra_stems_project_seed0,ra_stems_project,0,v40c_00488,1,3,100,0.8,1.0,1.0,0.7999999999999999,8dc418bff5fd02f0d4ae3fe429ae968fa6becb974ffac49a7b8997267b257295
ra_stems_project_seed0,ra_stems_project,0,v40c_00489,1,3,100,0.7831683168316832,1.0,1.0,0.7999999999999999,8dc418bff5fd02f0d4ae3fe429ae968fa6becb974ffac49a7b8997267b257295
ra_stems_project_seed0,ra_stems_project,0,v40c_00490,1,3,100,0.8663366336633663,1.0,1.0,0.8666666666666666,8dc418bff5fd02f0d4ae3fe429ae968fa6becb974ffac49a7b8997267b257295
ra_stems_project_seed0,ra_stems_project,0,v40c_00491,2,6,200,0.8495049504950496,1.0,1.0,0.85,8dc418bff5fd02f0d4ae3fe429ae968fa6becb974ffac49a7b8997267b257295
ra_stems_project_seed0,ra_stems_project,0,v40c_00492,1,3,100,0.7663366336633664,1.0,1.0,0.7666666666666666,8dc418bff5fd02f0d4ae3fe429ae968fa6becb974ffac49a7b8997267b257295
ra_stems_project_seed0,ra_stems_project,0,v40c_00493,1,3,100,0.8,1.0,1.0,0.8,8dc418bff5fd02f0d4ae3fe429ae968fa6becb974ffac49a7b8997267b257295
ra_stems_project_seed0,ra_stems_project,0,v40c_00494,1,3,100,0.799009900990099,1.0,1.0,0.8,8dc418bff5fd02f0d4ae3fe429ae968fa6becb974ffac49a7b8997267b257295
ra_stems_project_seed0,ra_stems_project,0,v40c_00526,5,0,500,0.0,0.0,0.0,0.0,8dc418bff5fd02f0d4ae3fe429ae968fa6becb974ffac49a7b8997267b257295
ra_stems_project_seed0,ra_stems_project,0,v40c_00596,6,0,600,0.0,0.0,0.0,0.0,8dc418bff5fd02f0d4ae3fe429ae968fa6becb974ffac49a7b8997267b257295
ra_stems_project_seed0,ra_stems_project,0,v40c_00612,24,2,2400,0.8504950495049505,1.0,1.0,0.85,8dc418bff5fd02f0d4ae3fe429ae968fa6becb974ffac49a7b8997267b257295
ra_stems_project_seed0,ra_stems_project,0,v40c_00613,1,1,100,0.5999999999999999,0.9999999999999999,0.9999999999999999,0.6,8dc418bff5fd02f0d4ae3fe429ae968fa6becb974ffac49a7b8997267b257295
ra_stems_project_seed0,ra_stems_project,0,v40c_00614,1,1,100,0.8999999999999998,0.9999999999999999,0.9999999999999999,0.9,8dc418bff5fd02f0d4ae3fe429ae968fa6becb974ffac49a7b8997267b257295
ra_stems_project_seed0,ra_stems_project,0,v40c_00615,1,1,100,0.7999999999999999,0.9999999999999999,0.9999999999999999,0.8,8dc418bff5fd02f0d4ae3fe429ae968fa6becb974ffac49a7b8997267b257295
ra_stems_project_seed0,ra_stems_project,0,v40c_00616,1,1,100,0.7999999999999999,0.9999999999999999,0.9999999999999999,0.8,8dc418bff5fd02f0d4ae3fe429ae968fa6becb974ffac49a7b8997267b257295
ra_stems_project_seed0,ra_stems_project,0,v40c_00617,1,1,100,0.7999999999999999,0.9999999999999999,0.9999999999999999,0.8,8dc418bff5fd02f0d4ae3fe429ae968fa6becb974ffac49a7b8997267b257295
ra_stems_project_seed0,ra_stems_project,0,v40c_00618,7,7,700,0.8314851485148514,1.0,1.0,0.8428571428571429,8dc418bff5fd02f0d4ae3fe429ae968fa6becb974ffac49a7b8997267b257295
ra_stems_project_seed0,ra_stems_project,0,v40c_00619,1,1,100,0.7999999999999999,0.9999999999999999,0.9999999999999999,0.8,8dc418bff5fd02f0d4ae3fe429ae968fa6becb974ffac49a7b8997267b257295
ra_stems_project_seed0,ra_stems_project,0,v40c_00620,2,4,200,0.7754950495049504,1.0,1.0,0.8,8dc418bff5fd02f0d4ae3fe429ae968fa6becb974ffac49a7b8997267b257295
ra_stems_project_seed0,ra_stems_project,0,v40c_00621,1,2,100,0.6504950495049504,1.0,1.0,0.7,8dc418bff5fd02f0d4ae3fe429ae968fa6becb974ffac49a7b8997267b257295
ra_stems_project_seed0,ra_stems_project,0,v40c_00622,3,6,300,0.6292326732673267,0.9034653465346535,0.9034653465346535,0.7166666666666667,8dc418bff5fd02f0d4ae3fe429ae968fa6becb974ffac49a7b8997267b257295
ra_stems_project_seed0,ra_stems_project,0,v40c_00623,1,2,100,0.8,1.0,1.0,0.8,8dc418bff5fd02f0d4ae3fe429ae968fa6becb974ffac49a7b8997267b257295
ra_stems_project_seed0,ra_stems_project,0,v40c_00624,1,2,100,0.7504950495049505,1.0,1.0,0.75,8dc418bff5fd02f0d4ae3fe429ae968fa6becb974ffac49a7b8997267b257295
ra_stems_project_seed0,ra_stems_project,0,v40c_00625,1,2,100,0.7504950495049505,1.0,1.0,0.75,8dc418bff5fd02f0d4ae3fe429ae968fa6becb974ffac49a7b8997267b257295
ra_stems_project_seed0,ra_stems_project,0,v40c_00626,1,2,100,0.667986798679868,0.834983498349835,0.834983498349835,0.8,8dc418bff5fd02f0d4ae3fe429ae968fa6becb974ffac49a7b8997267b257295
ra_stems_project_seed0,ra_stems_project,0,v40c_00627,1,1,100,0.21999999999999997,0.5,0.19999999999999996,0.8,8dc418bff5fd02f0d4ae3fe429ae968fa6becb974ffac49a7b8997267b257295
ra_stems_project_seed0,ra_stems_project,0,v40c_00628,1,2,100,0.5349834983498348,1.0,0.6699669966996696,0.7,8dc418bff5fd02f0d4ae3fe429ae968fa6becb974ffac49a7b8997267b257295
ra_stems_project_seed0,ra_stems_project,0,v40c_00629,1,2,100,0.7,1.0,1.0,0.7,8dc418bff5fd02f0d4ae3fe429ae968fa6becb974ffac49a7b8997267b257295
ra_stems_project_seed0,ra_stems_project,0,v40c_00630,2,3,200,0.41643564356435636,0.6442244224422441,0.6442244224422441,0.6666666666666666,8dc418bff5fd02f0d4ae3fe429ae968fa6becb974ffac49a7b8997267b257295
ra_stems_project_seed0,ra_stems_project,0,v40c_00631,1,1,100,0.15999999999999998,0.19999999999999996,0.19999999999999996,0.8,8dc418bff5fd02f0d4ae3fe429ae968fa6becb974ffac49a7b8997267b257295
ra_stems_project_seed0,ra_stems_project,0,v40c_00632,1,0,100,0.0,0.0,0.0,0.0,8dc418bff5fd02f0d4ae3fe429ae968fa6becb974ffac49a7b8997267b257295
ra_stems_project_seed0,ra_stems_project,0,v40c_00633,1,1,100,0.2333333333333334,0.3333333333333334,0.3333333333333334,0.7,8dc418bff5fd02f0d4ae3fe429ae968fa6becb974ffac49a7b8997267b257295
ra_stems_project_seed0,ra_stems_project,0,v40c_00634,1,1,100,0.25,0.25,0.25,1.0,8dc418bff5fd02f0d4ae3fe429ae968fa6becb974ffac49a7b8997267b257295
ra_stems_project_seed0,ra_stems_project,0,v40c_00635,3,0,300,0.0,0.0,0.0,0.0,8dc418bff5fd02f0d4ae3fe429ae968fa6becb974ffac49a7b8997267b257295
ra_stems_project_seed0,ra_stems_project,0,v40c_00636,1,1,100,0.7999999999999999,0.9999999999999999,0.9999999999999999,0.8,8dc418bff5fd02f0d4ae3fe429ae968fa6becb974ffac49a7b8997267b257295
ra_stems_project_seed0,ra_stems_project,0,v40c_00637,1,1,100,0.8999999999999998,0.9999999999999999,0.9999999999999999,0.9,8dc418bff5fd02f0d4ae3fe429ae968fa6becb974ffac49a7b8997267b257295
ra_stems_project_seed0,ra_stems_project,0,v40c_00638,1,1,100,0.5999999999999999,0.9999999999999999,0.9999999999999999,0.6,8dc418bff5fd02f0d4ae3fe429ae968fa6becb974ffac49a7b8997267b257295
ra_stems_project_seed0,ra_stems_project,0,v40c_00639,1,1,100,0.5999999999999999,0.9999999999999999,0.9999999999999999,0.6,8dc418bff5fd02f0d4ae3fe429ae968fa6becb974ffac49a7b8997267b257295
ra_stems_project_seed0,ra_stems_project,0,v40c_00640,1,1,100,0.7999999999999999,0.9999999999999999,0.9999999999999999,0.8,8dc418bff5fd02f0d4ae3fe429ae968fa6becb974ffac49a7b8997267b257295
ra_stems_project_seed0,ra_stems_project,0,v40c_00660,2,4,200,0.4605483625285606,0.5614369129220614,0.5462046204620462,0.675,8dc418bff5fd02f0d4ae3fe429ae968fa6becb974ffac49a7b8997267b257295
ra_stems_project_seed0,ra_stems_project,0,v40c_01063,1,0,100,0.0,0.0,0.0,0.0,8dc418bff5fd02f0d4ae3fe429ae968fa6becb974ffac49a7b8997267b257295
ra_stems_project_seed0,ra_stems_project,0,v40c_01064,1,0,100,0.0,0.0,0.0,0.0,8dc418bff5fd02f0d4ae3fe429ae968fa6becb974ffac49a7b8997267b257295
ra_stems_project_seed0,ra_stems_project,0,v40c_01065,1,0,100,0.0,0.0,0.0,0.0,8dc418bff5fd02f0d4ae3fe429ae968fa6becb974ffac49a7b8997267b257295
ra_stems_project_seed0,ra_stems_project,0,v40c_01066,1,0,100,0.0,0.0,0.0,0.0,8dc418bff5fd02f0d4ae3fe429ae968fa6becb974ffac49a7b8997267b257295
ra_stems_project_seed0,ra_stems_project,0,v40c_01067,1,0,100,0.0,0.0,0.0,0.0,8dc418bff5fd02f0d4ae3fe429ae968fa6becb974ffac49a7b8997267b257295
ra_stems_project_seed0,ra_stems_project,0,v40c_01068,1,0,100,0.0,0.0,0.0,0.0,8dc418bff5fd02f0d4ae3fe429ae968fa6becb974ffac49a7b8997267b257295
ra_stems_project_seed0,ra_stems_project,0,v40c_01069,1,0,100,0.0,0.0,0.0,0.0,8dc418bff5fd02f0d4ae3fe429ae968fa6becb974ffac49a7b8997267b257295
ra_stems_project_seed0,ra_stems_project,0,v40c_01070,1,0,100,0.0,0.0,0.0,0.0,8dc418bff5fd02f0d4ae3fe429ae968fa6becb974ffac49a7b8997267b257295
ra_stems_project_seed0,ra_stems_project,0,v40c_01071,1,0,100,0.0,0.0,0.0,0.0,8dc418bff5fd02f0d4ae3fe429ae968fa6becb974ffac49a7b8997267b257295
ra_stems_project_seed0,ra_stems_project,0,v40c_01072,1,0,100,0.0,0.0,0.0,0.0,8dc418bff5fd02f0d4ae3fe429ae968fa6becb974ffac49a7b8997267b257295
ra_stems_project_seed0,ra_stems_project,0,v40c_01073,1,0,100,0.0,0.0,0.0,0.0,8dc418bff5fd02f0d4ae3fe429ae968fa6becb974ffac49a7b8997267b257295
ra_stems_project_seed0,ra_stems_project,0,v40c_01074,3,0,300,0.0,0.0,0.0,0.0,8dc418bff5fd02f0d4ae3fe429ae968fa6becb974ffac49a7b8997267b257295
ra_stems_project_seed0,ra_stems_project,0,v40c_01075,1,0,100,0.0,0.0,0.0,0.0,8dc418bff5fd02f0d4ae3fe429ae968fa6becb974ffac49a7b8997267b257295
ra_stems_project_seed0,ra_stems_project,0,v40c_01076,2,0,200,0.0,0.0,0.0,0.0,8dc418bff5fd02f0d4ae3fe429ae968fa6becb974ffac49a7b8997267b257295
ra_stems_project_seed0,ra_stems_project,0,v40c_01077,1,0,100,0.0,0.0,0.0,0.0,8dc418bff5fd02f0d4ae3fe429ae968fa6becb974ffac49a7b8997267b257295
ra_stems_project_seed0,ra_stems_project,0,v40c_01078,1,0,100,0.0,0.0,0.0,0.0,8dc418bff5fd02f0d4ae3fe429ae968fa6becb974ffac49a7b8997267b257295
ra_stems_project_seed0,ra_stems_project,0,v40c_01079,1,0,100,0.0,0.0,0.0,0.0,8dc418bff5fd02f0d4ae3fe429ae968fa6becb974ffac49a7b8997267b257295
ra_stems_project_seed0,ra_stems_project,0,v40c_01080,3,0,300,0.0,0.0,0.0,0.0,8dc418bff5fd02f0d4ae3fe429ae968fa6becb974ffac49a7b8997267b257295
ra_stems_project_seed0,ra_stems_project,0,v40c_01081,1,0,100,0.0,0.0,0.0,0.0,8dc418bff5fd02f0d4ae3fe429ae968fa6becb974ffac49a7b8997267b257295
ra_stems_project_seed0,ra_stems_project,0,v40c_01082,1,0,100,0.0,0.0,0.0,0.0,8dc418bff5fd02f0d4ae3fe429ae968fa6becb974ffac49a7b8997267b257295
ra_stems_project_seed0,ra_stems_project,0,v40c_01083,1,0,100,0.0,0.0,0.0,0.0,8dc418bff5fd02f0d4ae3fe429ae968fa6becb974ffac49a7b8997267b257295
ra_stems_project_seed0,ra_stems_project,0,v40c_01084,3,0,300,0.0,0.0,0.0,0.0,8dc418bff5fd02f0d4ae3fe429ae968fa6becb974ffac49a7b8997267b257295
ra_stems_project_seed0,ra_stems_project,0,v40c_01085,1,1,100,0.8999999999999998,0.9999999999999999,0.9999999999999999,0.9,8dc418bff5fd02f0d4ae3fe429ae968fa6becb974ffac49a7b8997267b257295
ra_stems_project_seed0,ra_stems_project,0,v40c_01086,1,0,100,0.0,0.0,0.0,0.0,8dc418bff5fd02f0d4ae3fe429ae968fa6becb974ffac49a7b8997267b257295
ra_stems_project_seed0,ra_stems_project,0,v40c_01087,1,0,100,0.0,0.0,0.0,0.0,8dc418bff5fd02f0d4ae3fe429ae968fa6becb974ffac49a7b8997267b257295
ra_stems_project_seed0,ra_stems_project,0,v40c_01088,1,1,100,0.4999999999999999,0.9999999999999999,0.0,0.5,8dc418bff5fd02f0d4ae3fe429ae968fa6becb974ffac49a7b8997267b257295
ra_stems_project_seed0,ra_stems_project,0,v40c_01089,1,1,100,0.7999999999999999,0.9999999999999999,0.9999999999999999,0.8,8dc418bff5fd02f0d4ae3fe429ae968fa6becb974ffac49a7b8997267b257295
ra_stems_project_seed0,ra_stems_project,0,v40c_01090,1,1,100,0.5999999999999999,0.9999999999999999,0.9999999999999999,0.6,8dc418bff5fd02f0d4ae3fe429ae968fa6becb974ffac49a7b8997267b257295
ra_stems_project_seed0,ra_stems_project,0,v40c_01091,1,1,100,0.8999999999999998,0.9999999999999999,0.9999999999999999,0.9,8dc418bff5fd02f0d4ae3fe429ae968fa6becb974ffac49a7b8997267b257295
ra_stems_project_seed0,ra_stems_project,0,v40c_01092,1,1,100,0.5999999999999999,0.9999999999999999,0.9999999999999999,0.6,8dc418bff5fd02f0d4ae3fe429ae968fa6becb974ffac49a7b8997267b257295
ra_stems_project_seed0,ra_stems_project,0,v40c_01093,1,1,100,0.5999999999999999,0.9999999999999999,0.9999999999999999,0.6,8dc418bff5fd02f0d4ae3fe429ae968fa6becb974ffac49a7b8997267b257295
ra_stems_project_seed0,ra_stems_project,0,v40c_01094,1,1,100,0.25,0.5,0.0,0.5,8dc418bff5fd02f0d4ae3fe429ae968fa6becb974ffac49a7b8997267b257295
ra_stems_project_seed0,ra_stems_project,0,v40c_01095,1,1,100,0.4999999999999999,0.9999999999999999,0.0,0.5,8dc418bff5fd02f0d4ae3fe429ae968fa6becb974ffac49a7b8997267b257295
ra_stems_project_seed0,ra_stems_project,0,v40c_01096,3,3,300,0.7108910891089109,1.0,1.0,0.7333333333333333,8dc418bff5fd02f0d4ae3fe429ae968fa6becb974ffac49a7b8997267b257295
ra_stems_project_seed0,ra_stems_project,0,v40c_01097,1,1,100,0.7999999999999999,0.9999999999999999,0.9999999999999999,0.8,8dc418bff5fd02f0d4ae3fe429ae968fa6becb974ffac49a7b8997267b257295
ra_stems_project_seed0,ra_stems_project,0,v40c_01098,1,1,100,0.7999999999999999,0.9999999999999999,0.9999999999999999,0.8,8dc418bff5fd02f0d4ae3fe429ae968fa6becb974ffac49a7b8997267b257295
ra_stems_project_seed0,ra_stems_project,0,v40c_01099,2,2,200,0.7504950495049505,1.0,1.0,0.75,8dc418bff5fd02f0d4ae3fe429ae968fa6becb974ffac49a7b8997267b257295
ra_stems_project_seed0,ra_stems_project,0,v40c_01100,2,2,200,0.7504950495049505,1.0,1.0,0.8,8dc418bff5fd02f0d4ae3fe429ae968fa6becb974ffac49a7b8997267b257295
ra_stems_project_seed0,ra_stems_project,0,v40c_01101,1,1,100,0.7999999999999999,0.9999999999999999,0.9999999999999999,0.8,8dc418bff5fd02f0d4ae3fe429ae968fa6becb974ffac49a7b8997267b257295
ra_stems_project_seed0,ra_stems_project,0,v40c_01102,1,1,100,0.5999999999999999,0.9999999999999999,0.9999999999999999,0.6,8dc418bff5fd02f0d4ae3fe429ae968fa6becb974ffac49a7b8997267b257295
ra_stems_project_seed0,ra_stems_project,0,v40c_01103,1,1,100,0.41999999999999993,0.9999999999999999,0.0,0.5,8dc418bff5fd02f0d4ae3fe429ae968fa6becb974ffac49a7b8997267b257295
ra_stems_project_seed0,ra_stems_project,0,v40c_01104,2,2,200,0.42418670438472433,0.6463932107496466,0.5049504950495048,0.6,8dc418bff5fd02f0d4ae3fe429ae968fa6becb974ffac49a7b8997267b257295
ra_stems_project_seed0,ra_stems_project,0,v40c_01105,1,2,100,0.5514851485148515,0.834983498349835,0.834983498349835,0.65,8dc418bff5fd02f0d4ae3fe429ae968fa6becb974ffac49a7b8997267b257295
ra_stems_project_seed0,ra_stems_project,0,v40c_01106,1,2,100,0.8,1.0,1.0,0.8,8dc418bff5fd02f0d4ae3fe429ae968fa6becb974ffac49a7b8997267b257295
ra_stems_project_seed0,ra_stems_project,0,v40c_01107,1,2,100,0.9,1.0,1.0,0.9,8dc418bff5fd02f0d4ae3fe429ae968fa6becb974ffac49a7b8997267b257295
ra_stems_project_seed0,ra_stems_project,0,v40c_01108,1,2,100,0.9,1.0,1.0,0.9,8dc418bff5fd02f0d4ae3fe429ae968fa6becb974ffac49a7b8997267b257295
ra_stems_project_seed0,ra_stems_project,0,v40c_01109,2,4,200,0.8336633663366337,1.0,1.0,0.85,8dc418bff5fd02f0d4ae3fe429ae968fa6becb974ffac49a7b8997267b257295
ra_stems_project_seed0,ra_stems_project,0,v40c_01110,1,2,100,0.8504950495049505,1.0,1.0,0.85,8dc418bff5fd02f0d4ae3fe429ae968fa6becb974ffac49a7b8997267b257295
ra_stems_project_seed0,ra_stems_project,0,v40c_01111,1,2,100,0.8,1.0,1.0,0.8,8dc418bff5fd02f0d4ae3fe429ae968fa6becb974ffac49a7b8997267b257295
ra_stems_project_seed0,ra_stems_project,0,v40c_01112,2,4,200,0.8252475247524753,1.0,1.0,0.85,8dc418bff5fd02f0d4ae3fe429ae968fa6becb974ffac49a7b8997267b257295
ra_stems_project_seed0,ra_stems_project,0,v40c_01168,1,1,100,0.8999999999999998,0.9999999999999999,0.9999999999999999,0.9,8dc418bff5fd02f0d4ae3fe429ae968fa6becb974ffac49a7b8997267b257295
ra_stems_project_seed0,ra_stems_project,0,v40c_01169,2,2,200,0.9,1.0,1.0,0.9,8dc418bff5fd02f0d4ae3fe429ae968fa6becb974ffac49a7b8997267b257295
ra_stems_project_seed0,ra_stems_project,0,v40c_01170,1,1,100,0.9999999999999998,0.9999999999999999,0.9999999999999999,1.0,8dc418bff5fd02f0d4ae3fe429ae968fa6becb974ffac49a7b8997267b257295
ra_stems_project_seed0,ra_stems_project,0,v40c_01171,2,2,200,0.8504950495049505,1.0,1.0,0.85,8dc418bff5fd02f0d4ae3fe429ae968fa6becb974ffac49a7b8997267b257295
ra_stems_project_seed0,ra_stems_project,0,v40c_01172,1,1,100,0.7999999999999999,0.9999999999999999,0.9999999999999999,0.8,8dc418bff5fd02f0d4ae3fe429ae968fa6becb974ffac49a7b8997267b257295
ra_stems_project_seed0,ra_stems_project,0,v40c_01173,1,1,100,0.8999999999999998,0.9999999999999999,0.9999999999999999,0.9,8dc418bff5fd02f0d4ae3fe429ae968fa6becb974ffac49a7b8997267b257295
ra_stems_project_seed0,ra_stems_project,0,v40c_01174,1,1,100,0.8999999999999998,0.9999999999999999,0.9999999999999999,0.9,8dc418bff5fd02f0d4ae3fe429ae968fa6becb974ffac49a7b8997267b257295
ra_stems_project_seed0,ra_stems_project,0,v40c_01175,1,1,100,0.7,0.9999999999999999,0.9999999999999999,0.7,8dc418bff5fd02f0d4ae3fe429ae968fa6becb974ffac49a7b8997267b257295
ra_stems_project_seed0,ra_stems_project,0,v40c_01176,1,1,100,0.7999999999999999,0.9999999999999999,0.9999999999999999,0.8,8dc418bff5fd02f0d4ae3fe429ae968fa6becb974ffac49a7b8997267b257295
ra_stems_project_seed0,ra_stems_project,0,v40c_01177,1,1,100,0.8999999999999998,0.9999999999999999,0.9999999999999999,0.9,8dc418bff5fd02f0d4ae3fe429ae968fa6becb974ffac49a7b8997267b257295
ra_stems_project_seed0,ra_stems_project,0,v40c_01178,1,1,100,0.8999999999999998,0.9999999999999999,0.9999999999999999,0.9,8dc418bff5fd02f0d4ae3fe429ae968fa6becb974ffac49a7b8997267b257295
ra_stems_project_seed0,ra_stems_project,0,v40c_01179,1,1,100,0.7,0.9999999999999999,0.9999999999999999,0.7,8dc418bff5fd02f0d4ae3fe429ae968fa6becb974ffac49a7b8997267b257295
ra_stems_project_seed0,ra_stems_project,0,v40c_01180,1,0,100,0.0,0.0,0.0,0.0,8dc418bff5fd02f0d4ae3fe429ae968fa6becb974ffac49a7b8997267b257295
ra_stems_project_seed0,ra_stems_project,0,v40c_01181,2,0,200,0.0,0.0,0.0,0.0,8dc418bff5fd02f0d4ae3fe429ae968fa6becb974ffac49a7b8997267b257295
ra_stems_project_seed0,ra_stems_project,0,v40c_01182,1,0,100,0.0,0.0,0.0,0.0,8dc418bff5fd02f0d4ae3fe429ae968fa6becb974ffac49a7b8997267b257295
ra_stems_project_seed0,ra_stems_project,0,v40c_01183,2,0,200,0.0,0.0,0.0,0.0,8dc418bff5fd02f0d4ae3fe429ae968fa6becb974ffac49a7b8997267b257295
ra_stems_project_seed0,ra_stems_project,0,v40c_01184,2,0,200,0.0,0.0,0.0,0.0,8dc418bff5fd02f0d4ae3fe429ae968fa6becb974ffac49a7b8997267b257295
ra_stems_project_seed0,ra_stems_project,0,v40c_01185,1,0,100,0.0,0.0,0.0,0.0,8dc418bff5fd02f0d4ae3fe429ae968fa6becb974ffac49a7b8997267b257295
ra_stems_project_seed0,ra_stems_project,0,v40c_01186,1,0,100,0.0,0.0,0.0,0.0,8dc418bff5fd02f0d4ae3fe429ae968fa6becb974ffac49a7b8997267b257295
ra_stems_project_seed0,ra_stems_project,0,v40c_01187,4,0,400,0.0,0.0,0.0,0.0,8dc418bff5fd02f0d4ae3fe429ae968fa6becb974ffac49a7b8997267b257295
ra_stems_project_seed0,ra_stems_project,0,v40c_01188,1,0,100,0.0,0.0,0.0,0.0,8dc418bff5fd02f0d4ae3fe429ae968fa6becb974ffac49a7b8997267b257295
ra_stems_project_seed0,ra_stems_project,0,v40c_01189,1,0,100,0.0,0.0,0.0,0.0,8dc418bff5fd02f0d4ae3fe429ae968fa6becb974ffac49a7b8997267b257295
ra_stems_project_seed0,ra_stems_project,0,v40c_01190,1,0,100,0.0,0.0,0.0,0.0,8dc418bff5fd02f0d4ae3fe429ae968fa6becb974ffac49a7b8997267b257295
ra_stems_project_seed0,ra_stems_project,0,v40c_01191,1,0,100,0.0,0.0,0.0,0.0,8dc418bff5fd02f0d4ae3fe429ae968fa6becb974ffac49a7b8997267b257295
ra_stems_project_seed0,ra_stems_project,0,v40c_01192,1,0,100,0.0,0.0,0.0,0.0,8dc418bff5fd02f0d4ae3fe429ae968fa6becb974ffac49a7b8997267b257295
ra_stems_project_seed0,ra_stems_project,0,v40c_01193,1,0,100,0.0,0.0,0.0,0.0,8dc418bff5fd02f0d4ae3fe429ae968fa6becb974ffac49a7b8997267b257295
ra_stems_project_seed0,ra_stems_project,0,v40c_01194,1,0,100,0.0,0.0,0.0,0.0,8dc418bff5fd02f0d4ae3fe429ae968fa6becb974ffac49a7b8997267b257295
ra_stems_project_seed0,ra_stems_project,0,v40c_01195,1,0,100,0.0,0.0,0.0,0.0,8dc418bff5fd02f0d4ae3fe429ae968fa6becb974ffac49a7b8997267b257295
ra_stems_project_seed0,ra_stems_project,0,v40c_01196,3,0,300,0.0,0.0,0.0,0.0,8dc418bff5fd02f0d4ae3fe429ae968fa6becb974ffac49a7b8997267b257295
ra_stems_project_seed0,ra_stems_project,0,v40c_01197,2,0,200,0.0,0.0,0.0,0.0,8dc418bff5fd02f0d4ae3fe429ae968fa6becb974ffac49a7b8997267b257295
ra_stems_project_seed0,ra_stems_project,0,v40c_01198,1,0,100,0.0,0.0,0.0,0.0,8dc418bff5fd02f0d4ae3fe429ae968fa6becb974ffac49a7b8997267b257295
ra_stems_project_seed0,ra_stems_project,0,v40c_01199,1,0,100,0.0,0.0,0.0,0.0,8dc418bff5fd02f0d4ae3fe429ae968fa6becb974ffac49a7b8997267b257295
ra_stems_project_seed0,ra_stems_project,0,v40c_01200,1,0,100,0.0,0.0,0.0,0.0,8dc418bff5fd02f0d4ae3fe429ae968fa6becb974ffac49a7b8997267b257295
ra_stems_project_seed0,ra_stems_project,0,v40c_01201,1,0,100,0.0,0.0,0.0,0.0,8dc418bff5fd02f0d4ae3fe429ae968fa6becb974ffac49a7b8997267b257295
ra_stems_project_seed0,ra_stems_project,0,v40c_01202,1,0,100,0.0,0.0,0.0,0.0,8dc418bff5fd02f0d4ae3fe429ae968fa6becb974ffac49a7b8997267b257295
ra_stems_project_seed0,ra_stems_project,0,v40c_01203,1,0,100,0.0,0.0,0.0,0.0,8dc418bff5fd02f0d4ae3fe429ae968fa6becb974ffac49a7b8997267b257295
ra_stems_project_seed0,ra_stems_project,0,v40c_01204,1,0,100,0.0,0.0,0.0,0.0,8dc418bff5fd02f0d4ae3fe429ae968fa6becb974ffac49a7b8997267b257295
ra_stems_project_seed0,ra_stems_project,0,v40c_01205,3,0,300,0.0,0.0,0.0,0.0,8dc418bff5fd02f0d4ae3fe429ae968fa6becb974ffac49a7b8997267b257295
ra_stems_project_seed0,ra_stems_project,0,v40c_01206,1,0,100,0.0,0.0,0.0,0.0,8dc418bff5fd02f0d4ae3fe429ae968fa6becb974ffac49a7b8997267b257295
ra_stems_project_seed0,ra_stems_project,0,v40c_01207,1,0,100,0.0,0.0,0.0,0.0,8dc418bff5fd02f0d4ae3fe429ae968fa6becb974ffac49a7b8997267b257295
ra_stems_project_seed0,ra_stems_project,0,v40c_01208,1,0,100,0.0,0.0,0.0,0.0,8dc418bff5fd02f0d4ae3fe429ae968fa6becb974ffac49a7b8997267b257295
ra_stems_project_seed0,ra_stems_project,0,v40c_01209,1,0,100,0.0,0.0,0.0,0.0,8dc418bff5fd02f0d4ae3fe429ae968fa6becb974ffac49a7b8997267b257295
ra_stems_project_seed0,ra_stems_project,0,v40c_01210,1,0,100,0.0,0.0,0.0,0.0,8dc418bff5fd02f0d4ae3fe429ae968fa6becb974ffac49a7b8997267b257295
ra_stems_project_seed0,ra_stems_project,0,v40c_01211,1,0,100,0.0,0.0,0.0,0.0,8dc418bff5fd02f0d4ae3fe429ae968fa6becb974ffac49a7b8997267b257295
ra_stems_project_seed0,ra_stems_project,0,v40c_01212,1,0,100,0.0,0.0,0.0,0.0,8dc418bff5fd02f0d4ae3fe429ae968fa6becb974ffac49a7b8997267b257295
ra_stems_project_seed0,ra_stems_project,0,v40c_01213,1,0,100,0.0,0.0,0.0,0.0,8dc418bff5fd02f0d4ae3fe429ae968fa6becb974ffac49a7b8997267b257295
ra_stems_project_seed0,ra_stems_project,0,v40c_01214,1,0,100,0.0,0.0,0.0,0.0,8dc418bff5fd02f0d4ae3fe429ae968fa6becb974ffac49a7b8997267b257295
ra_stems_project_seed0,ra_stems_project,0,v40c_01215,1,0,100,0.0,0.0,0.0,0.0,8dc418bff5fd02f0d4ae3fe429ae968fa6becb974ffac49a7b8997267b257295
ra_stems_project_seed0,ra_stems_project,0,v40c_01216,1,0,100,0.0,0.0,0.0,0.0,8dc418bff5fd02f0d4ae3fe429ae968fa6becb974ffac49a7b8997267b257295
ra_stems_project_seed0,ra_stems_project,0,v40c_01217,1,0,100,0.0,0.0,0.0,0.0,8dc418bff5fd02f0d4ae3fe429ae968fa6becb974ffac49a7b8997267b257295
ra_stems_project_seed0,ra_stems_project,0,v40c_01218,1,0,100,0.0,0.0,0.0,0.0,8dc418bff5fd02f0d4ae3fe429ae968fa6becb974ffac49a7b8997267b257295
ra_stems_project_seed0,ra_stems_project,0,v40c_01219,1,0,100,0.0,0.0,0.0,0.0,8dc418bff5fd02f0d4ae3fe429ae968fa6becb974ffac49a7b8997267b257295
ra_stems_project_seed0,ra_stems_project,0,v40c_01220,1,0,100,0.0,0.0,0.0,0.0,8dc418bff5fd02f0d4ae3fe429ae968fa6becb974ffac49a7b8997267b257295
ra_stems_project_seed0,ra_stems_project,0,v40c_01221,2,1,200,0.13999999999999996,0.19999999999999996,0.19999999999999996,0.7,8dc418bff5fd02f0d4ae3fe429ae968fa6becb974ffac49a7b8997267b257295
ra_stems_project_seed0,ra_stems_project,0,v40c_01222,1,1,100,0.3,0.5,0.5,0.6,8dc418bff5fd02f0d4ae3fe429ae968fa6becb974ffac49a7b8997267b257295
ra_stems_project_seed0,ra_stems_project,0,v40c_01223,1,1,100,0.25,0.5,0.0,0.5,8dc418bff5fd02f0d4ae3fe429ae968fa6becb974ffac49a7b8997267b257295
ra_stems_project_seed0,ra_stems_project,0,v40c_01224,1,1,100,0.4999999999999999,0.9999999999999999,0.0,0.5,8dc418bff5fd02f0d4ae3fe429ae968fa6becb974ffac49a7b8997267b257295
ra_stems_project_seed0,ra_stems_project,0,v40c_01225,1,1,100,0.5999999999999999,0.9999999999999999,0.9999999999999999,0.6,8dc418bff5fd02f0d4ae3fe429ae968fa6becb974ffac49a7b8997267b257295
ra_stems_project_seed0,ra_stems_project,0,v40c_01226,4,4,400,0.3709983498349835,1.0,0.0026815181518151814,0.55,8dc418bff5fd02f0d4ae3fe429ae968fa6becb974ffac49a7b8997267b257295
ra_stems_project_seed0,ra_stems_project,0,v40c_01227,1,2,100,0.07431137344503681,0.6287128712871287,0.0,0.3,8dc418bff5fd02f0d4ae3fe429ae968fa6becb974ffac49a7b8997267b257295
ra_stems_project_seed0,ra_stems_project,0,v40c_01228,1,1,100,0.075,0.25,0.0,0.3,8dc418bff5fd02f0d4ae3fe429ae968fa6becb974ffac49a7b8997267b257295
ra_stems_project_seed0,ra_stems_project,0,v40c_01229,1,1,100,0.10185185185185183,0.9999999999999999,0.0,0.2,8dc418bff5fd02f0d4ae3fe429ae968fa6becb974ffac49a7b8997267b257295
ra_stems_project_seed0,ra_stems_project,0,v40c_01230,1,1,100,0.29999999999999993,0.9999999999999999,0.0,0.3,8dc418bff5fd02f0d4ae3fe429ae968fa6becb974ffac49a7b8997267b257295
ra_stems_project_seed0,ra_stems_project,0,v40c_01231,3,3,300,0.2670792079207921,0.6262376237623762,0.0,0.4666666666666667,8dc418bff5fd02f0d4ae3fe429ae968fa6becb974ffac49a7b8997267b257295
ra_stems_project_seed0,ra_stems_project,0,v40c_01232,1,1,100,0.21176470588235294,0.5,0.0588235294117647,0.6,8dc418bff5fd02f0d4ae3fe429ae968fa6becb974ffac49a7b8997267b257295
ra_stems_project_seed0,ra_stems_project,0,v40c_01233,1,1,100,0.7,0.9999999999999999,0.9999999999999999,0.7,8dc418bff5fd02f0d4ae3fe429ae968fa6becb974ffac49a7b8997267b257295
ra_stems_project_seed0,ra_stems_project,0,v40c_01234,1,1,100,0.4999999999999999,0.9999999999999999,0.0,0.5,8dc418bff5fd02f0d4ae3fe429ae968fa6becb974ffac49a7b8997267b257295
ra_stems_project_seed0,ra_stems_project,0,v40c_01235,1,1,100,0.5999999999999999,0.9999999999999999,0.9999999999999999,0.6,8dc418bff5fd02f0d4ae3fe429ae968fa6becb974ffac49a7b8997267b257295
ra_stems_project_seed0,ra_stems_project,0,v40c_01236,2,2,200,0.451526402640264,1.0,0.2576320132013201,0.6,8dc418bff5fd02f0d4ae3fe429ae968fa6becb974ffac49a7b8997267b257295
ra_stems_project_seed0,ra_stems_project,0,v40c_01237,1,1,100,0.4999999999999999,0.9999999999999999,0.0,0.5,8dc418bff5fd02f0d4ae3fe429ae968fa6becb974ffac49a7b8997267b257295
ra_stems_project_seed0,ra_stems_project,0,v40c_01238,6,1,600,0.09999999999999998,0.25,0.0714285714285714,0.9,8dc418bff5fd02f0d4ae3fe429ae968fa6becb974ffac49a7b8997267b257295
ra_stems_project_seed0,ra_stems_project,0,v40c_01239,1,0,100,0.0,0.0,0.0,0.0,8dc418bff5fd02f0d4ae3fe429ae968fa6becb974ffac49a7b8997267b257295
ra_stems_project_seed0,ra_stems_project,0,v40c_01240,1,0,100,0.0,0.0,0.0,0.0,8dc418bff5fd02f0d4ae3fe429ae968fa6becb974ffac49a7b8997267b257295
ra_stems_project_seed0,ra_stems_project,0,v40c_01241,1,0,100,0.0,0.0,0.0,0.0,8dc418bff5fd02f0d4ae3fe429ae968fa6becb974ffac49a7b8997267b257295
ra_stems_project_seed0,ra_stems_project,0,v40c_01242,2,0,200,0.0,0.0,0.0,0.0,8dc418bff5fd02f0d4ae3fe429ae968fa6becb974ffac49a7b8997267b257295
ra_stems_project_seed0,ra_stems_project,0,v40c_01243,2,0,200,0.0,0.0,0.0,0.0,8dc418bff5fd02f0d4ae3fe429ae968fa6becb974ffac49a7b8997267b257295
ra_stems_project_seed0,ra_stems_project,0,v40c_01244,1,0,100,0.0,0.0,0.0,0.0,8dc418bff5fd02f0d4ae3fe429ae968fa6becb974ffac49a7b8997267b257295
ra_stems_project_seed0,ra_stems_project,0,v40c_01245,1,0,100,0.0,0.0,0.0,0.0,8dc418bff5fd02f0d4ae3fe429ae968fa6becb974ffac49a7b8997267b257295
ra_stems_project_seed0,ra_stems_project,0,v40c_01246,1,0,100,0.0,0.0,0.0,0.0,8dc418bff5fd02f0d4ae3fe429ae968fa6becb974ffac49a7b8997267b257295
ra_stems_project_seed0,ra_stems_project,0,v40c_01247,1,0,100,0.0,0.0,0.0,0.0,8dc418bff5fd02f0d4ae3fe429ae968fa6becb974ffac49a7b8997267b257295
ra_stems_project_seed0,ra_stems_project,0,v40c_01248,1,0,100,0.0,0.0,0.0,0.0,8dc418bff5fd02f0d4ae3fe429ae968fa6becb974ffac49a7b8997267b257295
ra_stems_project_seed0,ra_stems_project,0,v40c_01249,2,0,200,0.0,0.0,0.0,0.0,8dc418bff5fd02f0d4ae3fe429ae968fa6becb974ffac49a7b8997267b257295
ra_stems_project_seed0,ra_stems_project,0,v40c_01250,1,0,100,0.0,0.0,0.0,0.0,8dc418bff5fd02f0d4ae3fe429ae968fa6becb974ffac49a7b8997267b257295
ra_stems_project_seed0,ra_stems_project,0,v40c_01251,3,0,300,0.0,0.0,0.0,0.0,8dc418bff5fd02f0d4ae3fe429ae968fa6becb974ffac49a7b8997267b257295
ra_stems_project_seed0,ra_stems_project,0,v40c_01252,1,0,100,0.0,0.0,0.0,0.0,8dc418bff5fd02f0d4ae3fe429ae968fa6becb974ffac49a7b8997267b257295
ra_stems_project_seed0,ra_stems_project,0,v40c_01253,1,0,100,0.0,0.0,0.0,0.0,8dc418bff5fd02f0d4ae3fe429ae968fa6becb974ffac49a7b8997267b257295
ra_stems_project_seed0,ra_stems_project,0,v40c_01254,3,0,300,0.0,0.0,0.0,0.0,8dc418bff5fd02f0d4ae3fe429ae968fa6becb974ffac49a7b8997267b257295
ra_stems_project_seed0,ra_stems_project,0,v40c_01255,1,0,100,0.0,0.0,0.0,0.0,8dc418bff5fd02f0d4ae3fe429ae968fa6becb974ffac49a7b8997267b257295
ra_stems_project_seed0,ra_stems_project,0,v40c_01256,5,0,500,0.0,0.0,0.0,0.0,8dc418bff5fd02f0d4ae3fe429ae968fa6becb974ffac49a7b8997267b257295
ra_stems_project_seed0,ra_stems_project,0,v40c_01257,1,0,100,0.0,0.0,0.0,0.0,8dc418bff5fd02f0d4ae3fe429ae968fa6becb974ffac49a7b8997267b257295
ra_stems_project_seed0,ra_stems_project,0,v40c_01258,1,0,100,0.0,0.0,0.0,0.0,8dc418bff5fd02f0d4ae3fe429ae968fa6becb974ffac49a7b8997267b257295
ra_stems_project_seed0,ra_stems_project,0,v40c_01259,6,0,600,0.0,0.0,0.0,0.0,8dc418bff5fd02f0d4ae3fe429ae968fa6becb974ffac49a7b8997267b257295
ra_stems_project_seed0,ra_stems_project,0,v40c_01260,2,0,200,0.0,0.0,0.0,0.0,8dc418bff5fd02f0d4ae3fe429ae968fa6becb974ffac49a7b8997267b257295
ra_stems_project_seed0,ra_stems_project,0,v40c_01261,3,0,300,0.0,0.0,0.0,0.0,8dc418bff5fd02f0d4ae3fe429ae968fa6becb974ffac49a7b8997267b257295
ra_stems_project_seed0,ra_stems_project,0,v40c_01262,1,0,100,0.0,0.0,0.0,0.0,8dc418bff5fd02f0d4ae3fe429ae968fa6becb974ffac49a7b8997267b257295
ra_stems_project_seed0,ra_stems_project,0,v40c_01263,1,0,100,0.0,0.0,0.0,0.0,8dc418bff5fd02f0d4ae3fe429ae968fa6becb974ffac49a7b8997267b257295
ra_stems_project_seed0,ra_stems_project,0,v40c_01264,1,0,100,0.0,0.0,0.0,0.0,8dc418bff5fd02f0d4ae3fe429ae968fa6becb974ffac49a7b8997267b257295
ra_stems_project_seed0,ra_stems_project,0,v40c_01265,1,0,100,0.0,0.0,0.0,0.0,8dc418bff5fd02f0d4ae3fe429ae968fa6becb974ffac49a7b8997267b257295
ra_stems_project_seed0,ra_stems_project,0,v40c_01266,2,0,200,0.0,0.0,0.0,0.0,8dc418bff5fd02f0d4ae3fe429ae968fa6becb974ffac49a7b8997267b257295
ra_stems_project_seed0,ra_stems_project,0,v40c_01267,1,0,100,0.0,0.0,0.0,0.0,8dc418bff5fd02f0d4ae3fe429ae968fa6becb974ffac49a7b8997267b257295
ra_stems_project_seed0,ra_stems_project,0,v40c_01268,1,0,100,0.0,0.0,0.0,0.0,8dc418bff5fd02f0d4ae3fe429ae968fa6becb974ffac49a7b8997267b257295
ra_stems_project_seed0,ra_stems_project,0,v40c_01269,1,0,100,0.0,0.0,0.0,0.0,8dc418bff5fd02f0d4ae3fe429ae968fa6becb974ffac49a7b8997267b257295
ra_stems_project_seed0,ra_stems_project,0,v40c_01270,1,0,100,0.0,0.0,0.0,0.0,8dc418bff5fd02f0d4ae3fe429ae968fa6becb974ffac49a7b8997267b257295
ra_stems_project_seed0,ra_stems_project,0,v40c_01271,1,1,100,0.39999999999999997,0.9999999999999999,0.0,0.4,8dc418bff5fd02f0d4ae3fe429ae968fa6becb974ffac49a7b8997267b257295
ra_stems_project_seed0,ra_stems_project,0,v40c_01272,1,1,100,0.25,0.5,0.0,0.5,8dc418bff5fd02f0d4ae3fe429ae968fa6becb974ffac49a7b8997267b257295
ra_stems_project_seed0,ra_stems_project,0,v40c_01273,2,2,200,0.09436800822939442,0.18181818181818193,0.07213578500707213,0.55,8dc418bff5fd02f0d4ae3fe429ae968fa6becb974ffac49a7b8997267b257295
ra_stems_project_seed0,ra_stems_project,0,v40c_01274,2,2,200,0.42524752475247524,1.0,0.0,0.45,8dc418bff5fd02f0d4ae3fe429ae968fa6becb974ffac49a7b8997267b257295
ra_stems_project_seed0,ra_stems_project,0,v40c_01275,1,1,100,0.7,0.9999999999999999,0.9999999999999999,0.7,8dc418bff5fd02f0d4ae3fe429ae968fa6becb974ffac49a7b8997267b257295
ra_stems_project_seed0,ra_stems_project,0,v40c_01276,1,1,100,0.4999999999999999,0.9999999999999999,0.0,0.5,8dc418bff5fd02f0d4ae3fe429ae968fa6becb974ffac49a7b8997267b257295
ra_stems_project_seed0,ra_stems_project,0,v40c_01277,1,1,100,0.7,0.9999999999999999,0.9999999999999999,0.7,8dc418bff5fd02f0d4ae3fe429ae968fa6becb974ffac49a7b8997267b257295
ra_stems_project_seed0,ra_stems_project,0,v40c_01278,1,1,100,0.7999999999999999,0.9999999999999999,0.9999999999999999,0.8,8dc418bff5fd02f0d4ae3fe429ae968fa6becb974ffac49a7b8997267b257295
ra_stems_project_seed0,ra_stems_project,0,v40c_01279,7,7,700,0.6598656294200849,1.0,1.0,0.6857142857142857,8dc418bff5fd02f0d4ae3fe429ae968fa6becb974ffac49a7b8997267b257295
ra_stems_project_seed0,ra_stems_project,0,v40c_01280,1,1,100,0.7,0.9999999999999999,0.9999999999999999,0.7,8dc418bff5fd02f0d4ae3fe429ae968fa6becb974ffac49a7b8997267b257295
ra_stems_project_seed0,ra_stems_project,0,v40c_01281,1,1,100,0.5999999999999999,0.9999999999999999,0.9999999999999999,0.6,8dc418bff5fd02f0d4ae3fe429ae968fa6becb974ffac49a7b8997267b257295
ra_stems_project_seed0,ra_stems_project,0,v40c_01282,2,2,200,0.6,1.0,1.0,0.6,8dc418bff5fd02f0d4ae3fe429ae968fa6becb974ffac49a7b8997267b257295
ra_stems_project_seed0,ra_stems_project,0,v40c_01283,1,1,100,0.5999999999999999,0.9999999999999999,0.9999999999999999,0.6,8dc418bff5fd02f0d4ae3fe429ae968fa6becb974ffac49a7b8997267b257295
ra_stems_project_seed0,ra_stems_project,0,v40c_01284,3,5,300,0.3256011315417256,0.6039603960396039,0.13224893917963224,0.36,8dc418bff5fd02f0d4ae3fe429ae968fa6becb974ffac49a7b8997267b257295
ra_stems_project_seed0,ra_stems_project,0,v40c_01285,1,1,100,0.30588235294117644,0.9999999999999999,0.0,0.4,8dc418bff5fd02f0d4ae3fe429ae968fa6becb974ffac49a7b8997267b257295
ra_stems_project_seed0,ra_stems_project,0,v40c_01286,1,0,100,0.0,0.0,0.0,0.0,8dc418bff5fd02f0d4ae3fe429ae968fa6becb974ffac49a7b8997267b257295
ra_stems_project_seed0,ra_stems_project,0,v40c_01287,1,0,100,0.0,0.0,0.0,0.0,8dc418bff5fd02f0d4ae3fe429ae968fa6becb974ffac49a7b8997267b257295
ra_stems_project_seed0,ra_stems_project,0,v40c_01288,1,0,100,0.0,0.0,0.0,0.0,8dc418bff5fd02f0d4ae3fe429ae968fa6becb974ffac49a7b8997267b257295
ra_stems_project_seed0,ra_stems_project,0,v40c_01289,2,0,200,0.0,0.0,0.0,0.0,8dc418bff5fd02f0d4ae3fe429ae968fa6becb974ffac49a7b8997267b257295
ra_stems_project_seed0,ra_stems_project,0,v40c_01290,4,0,400,0.0,0.0,0.0,0.0,8dc418bff5fd02f0d4ae3fe429ae968fa6becb974ffac49a7b8997267b257295
ra_stems_project_seed0,ra_stems_project,0,v40c_01291,1,0,100,0.0,0.0,0.0,0.0,8dc418bff5fd02f0d4ae3fe429ae968fa6becb974ffac49a7b8997267b257295
ra_stems_project_seed0,ra_stems_project,0,v40c_01292,1,0,100,0.0,0.0,0.0,0.0,8dc418bff5fd02f0d4ae3fe429ae968fa6becb974ffac49a7b8997267b257295
ra_stems_project_seed0,ra_stems_project,0,v40c_01293,1,0,100,0.0,0.0,0.0,0.0,8dc418bff5fd02f0d4ae3fe429ae968fa6becb974ffac49a7b8997267b257295
ra_stems_project_seed0,ra_stems_project,0,v40c_01294,1,0,100,0.0,0.0,0.0,0.0,8dc418bff5fd02f0d4ae3fe429ae968fa6becb974ffac49a7b8997267b257295
ra_stems_project_seed0,ra_stems_project,0,v40c_01295,1,0,100,0.0,0.0,0.0,0.0,8dc418bff5fd02f0d4ae3fe429ae968fa6becb974ffac49a7b8997267b257295
ra_stems_project_seed0,ra_stems_project,0,v40c_01296,1,0,100,0.0,0.0,0.0,0.0,8dc418bff5fd02f0d4ae3fe429ae968fa6becb974ffac49a7b8997267b257295
ra_stems_project_seed0,ra_stems_project,0,v40c_01297,1,1,100,0.4,0.5,0.5,0.8,8dc418bff5fd02f0d4ae3fe429ae968fa6becb974ffac49a7b8997267b257295
ra_stems_project_seed0,ra_stems_project,0,v40c_01298,1,2,100,0.6252475247524752,1.0,1.0,0.65,8dc418bff5fd02f0d4ae3fe429ae968fa6becb974ffac49a7b8997267b257295
ra_stems_project_seed0,ra_stems_project,0,v40c_01299,1,2,100,0.7504950495049505,1.0,1.0,0.8,8dc418bff5fd02f0d4ae3fe429ae968fa6becb974ffac49a7b8997267b257295
ra_stems_project_seed0,ra_stems_project,0,v40c_01398,36,305,3600,0.7255796178423545,0.9837320046726884,0.9536525380222917,0.7862295081967212,8dc418bff5fd02f0d4ae3fe429ae968fa6becb974ffac49a7b8997267b257295
ra_stems_project_seed0,ra_stems_project,0,v40c_01399,1,7,100,0.8314851485148514,1.0,1.0,0.8428571428571429,8dc418bff5fd02f0d4ae3fe429ae968fa6becb974ffac49a7b8997267b257295
ra_stems_project_seed0,ra_stems_project,0,v40c_01400,1,8,100,0.6861386138613861,0.8712871287128713,0.8712871287128713,0.7,8dc418bff5fd02f0d4ae3fe429ae968fa6becb974ffac49a7b8997267b257295
ra_stems_project_seed0,ra_stems_project,0,v40c_01401,1,7,100,0.7978783592644979,1.0,1.0,0.8142857142857144,8dc418bff5fd02f0d4ae3fe429ae968fa6becb974ffac49a7b8997267b257295
ra_stems_project_seed0,ra_stems_project,0,v40c_01402,1,7,100,0.7872701555869873,1.0,1.0,0.8142857142857144,8dc418bff5fd02f0d4ae3fe429ae968fa6becb974ffac49a7b8997267b257295
ra_stems_project_seed0,ra_stems_project,0,v40c_01403,1,7,100,0.7246346063177747,1.0,0.7906647807637907,0.7428571428571429,8dc418bff5fd02f0d4ae3fe429ae968fa6becb974ffac49a7b8997267b257295
ra_stems_project_seed0,ra_stems_project,0,v40c_01404,2,14,200,0.7054950495049506,0.9404840484048408,0.8715071507150717,0.7571428571428572,8dc418bff5fd02f0d4ae3fe429ae968fa6becb974ffac49a7b8997267b257295
ra_stems_project_seed0,ra_stems_project,0,v40c_01405,8,52,800,0.7297172799265217,0.9773473532799289,0.9304891491789534,0.7846153846153846,8dc418bff5fd02f0d4ae3fe429ae968fa6becb974ffac49a7b8997267b257295
ra_stems_project_seed0,ra_stems_project,0,v40c_01406,1,7,100,0.7726897689768977,1.0,1.0,0.7857142857142858,8dc418bff5fd02f0d4ae3fe429ae968fa6becb974ffac49a7b8997267b257295
ra_stems_project_seed0,ra_stems_project,0,v40c_01407,1,7,100,0.662046204620462,0.9092409240924091,0.6897689768976897,0.7142857142857143,8dc418bff5fd02f0d4ae3fe429ae968fa6becb974ffac49a7b8997267b257295
ra_stems_project_seed0,ra_stems_project,0,v40c_01408,2,12,200,0.8008379409369508,0.9872701555869875,0.9872701555869875,0.8416666666666668,8dc418bff5fd02f0d4ae3fe429ae968fa6becb974ffac49a7b8997267b257295
ra_stems_project_seed0,ra_stems_project,0,v40c_01409,1,7,100,0.7725601131541725,1.0,1.0,0.8,8dc418bff5fd02f0d4ae3fe429ae968fa6becb974ffac49a7b8997267b257295
ra_stems_project_seed0,ra_stems_project,0,v40c_01410,3,21,300,0.7615082936865115,1.0,1.0,0.780952380952381,8dc418bff5fd02f0d4ae3fe429ae968fa6becb974ffac49a7b8997267b257295
ra_stems_project_seed0,ra_stems_project,0,v40c_01411,4,27,400,0.7464214437638096,1.0,0.8758568164508759,0.762962962962963,8dc418bff5fd02f0d4ae3fe429ae968fa6becb974ffac49a7b8997267b257295
ra_stems_project_seed0,ra_stems_project,0,v40c_01412,2,12,200,0.7001616577586962,1.0,0.8393936738806624,0.7499999999999999,8dc418bff5fd02f0d4ae3fe429ae968fa6becb974ffac49a7b8997267b257295
ra_stems_project_seed0,ra_stems_project,0,v40c_01413,1,6,100,0.7084158415841585,1.0,0.8316831683168316,0.7166666666666667,8dc418bff5fd02f0d4ae3fe429ae968fa6becb974ffac49a7b8997267b257295
ra_stems_project_seed0,ra_stems_project,0,v40c_01414,1,6,100,0.7652145214521451,1.0,0.8316831683168316,0.7833333333333334,8dc418bff5fd02f0d4ae3fe429ae968fa6becb974ffac49a7b8997267b257295
ra_stems_project_seed0,ra_stems_project,0,v40c_01415,3,19,300,0.748601756681639,0.9537953795379538,0.8895922099949933,0.7999999999999999,8dc418bff5fd02f0d4ae3fe429ae968fa6becb974ffac49a7b8997267b257295
ra_stems_project_seed0,ra_stems_project,0,v40c_01416,1,6,100,0.70509364189431,0.8653465346534654,0.8438506501252536,0.8166666666666668,8dc418bff5fd02f0d4ae3fe429ae968fa6becb974ffac49a7b8997267b257295
ra_stems_project_seed0,ra_stems_project,0,v40c_01417,1,5,100,0.8306930693069307,1.0,1.0,0.86,8dc418bff5fd02f0d4ae3fe429ae968fa6becb974ffac49a7b8997267b257295
ra_stems_project_seed0,ra_stems_project,0,v40c_01418,1,5,100,0.7556930693069306,1.0,1.0,0.8,8dc418bff5fd02f0d4ae3fe429ae968fa6becb974ffac49a7b8997267b257295
ra_stems_project_seed0,ra_stems_project,0,v40c_01419,1,5,100,0.7891089108910891,1.0,1.0,0.8,8dc418bff5fd02f0d4ae3fe429ae968fa6becb974ffac49a7b8997267b257295
ra_stems_project_seed0,ra_stems_project,0,v40c_01420,1,5,100,0.7693564356435644,1.0,1.0,0.8,8dc418bff5fd02f0d4ae3fe429ae968fa6becb974ffac49a7b8997267b257295
ra_stems_project_seed0,ra_stems_project,0,v40c_01421,2,10,200,0.8128712871287128,1.0,1.0,0.8300000000000001,8dc418bff5fd02f0d4ae3fe429ae968fa6becb974ffac49a7b8997267b257295
ra_stems_project_seed0,ra_stems_project,0,v40c_01422,2,10,200,0.8331683168316832,1.0,1.0,0.8400000000000001,8dc418bff5fd02f0d4ae3fe429ae968fa6becb974ffac49a7b8997267b257295
ra_stems_project_seed0,ra_stems_project,0,v40c_01423,4,20,400,0.8131362174679004,1.0,1.0,0.8400000000000001,8dc418bff5fd02f0d4ae3fe429ae968fa6becb974ffac49a7b8997267b257295
ra_stems_project_seed0,ra_stems_project,0,v40c_01424,1,5,100,0.7792904290429042,1.0,1.0,0.82,8dc418bff5fd02f0d4ae3fe429ae968fa6becb974ffac49a7b8997267b257295
ra_stems_project_seed0,ra_stems_project,0,v40c_01425,1,5,100,0.8452970297029703,1.0,1.0,0.86,8dc418bff5fd02f0d4ae3fe429ae968fa6becb974ffac49a7b8997267b257295
ra_stems_project_seed0,ra_stems_project,0,v40c_01426,1,5,100,0.8683168316831683,1.0,1.0,0.8800000000000001,8dc418bff5fd02f0d4ae3fe429ae968fa6becb974ffac49a7b8997267b257295
ra_stems_project_seed0,ra_stems_project,0,v40c_01427,7,29,700,0.8037182064071067,0.993210749646393,0.993210749646393,0.8310344827586207,8dc418bff5fd02f0d4ae3fe429ae968fa6becb974ffac49a7b8997267b257295
ra_stems_project_seed0,ra_stems_project,0,v40c_01428,1,6,100,0.7537128712871287,1.0,0.8316831683168316,0.7666666666666667,8dc418bff5fd02f0d4ae3fe429ae968fa6becb974ffac49a7b8997267b257295
ra_stems_project_seed0,ra_stems_project,0,v40c_01429,1,5,100,0.7310231023102308,0.9669966996699667,0.801980198019802,0.76,8dc418bff5fd02f0d4ae3fe429ae968fa6becb974ffac49a7b8997267b257295
ra_stems_project_seed0,ra_stems_project,0,v40c_01430,1,5,100,0.7000900090009001,0.9257425742574258,0.801980198019802,0.74,8dc418bff5fd02f0d4ae3fe429ae968fa6becb974ffac49a7b8997267b257295
ra_stems_project_seed0,ra_stems_project,0,v40c_01431,2,11,200,0.6721164973640221,0.892889288928893,0.8755304101838755,0.7,8dc418bff5fd02f0d4ae3fe429ae968fa6becb974ffac49a7b8997267b257295
ra_stems_project_seed0,ra_stems_project,0,v40c_01432,1,4,100,0.767986798679868,1.0,1.0,0.775,8dc418bff5fd02f0d4ae3fe429ae968fa6becb974ffac49a7b8997267b257295
ra_stems_project_seed0,ra_stems_project,0,v40c_01433,2,9,200,0.7355198019801981,0.8824257425742574,0.8824257425742574,0.8222222222222222,8dc418bff5fd02f0d4ae3fe429ae968fa6becb974ffac49a7b8997267b257295
ra_stems_project_seed0,ra_stems_project,0,v40c_01434,1,5,100,0.6067185289957566,0.9434229137199429,0.6039603960396039,0.62,8dc418bff5fd02f0d4ae3fe429ae968fa6becb974ffac49a7b8997267b257295
ra_stems_project_seed0,ra_stems_project,0,v40c_01435,1,3,100,0.8,1.0,1.0,0.8,8dc418bff5fd02f0d4ae3fe429ae968fa6becb974ffac49a7b8997267b257295
ra_stems_project_seed0,ra_stems_project,0,v40c_01436,1,3,100,0.8,1.0,1.0,0.8,8dc418bff5fd02f0d4ae3fe429ae968fa6becb974ffac49a7b8997267b257295
ra_stems_project_seed0,ra_stems_project,0,v40c_01437,2,6,200,0.8252475247524753,1.0,1.0,0.85,8dc418bff5fd02f0d4ae3fe429ae968fa6becb974ffac49a7b8997267b257295
ra_stems_project_seed0,ra_stems_project,0,v40c_01438,5,16,500,0.7275966561715878,0.9562651532733988,0.9562651532733988,0.76875,8dc418bff5fd02f0d4ae3fe429ae968fa6becb974ffac49a7b8997267b257295
ra_stems_project_seed0,ra_stems_project,0,v40c_01439,1,2,100,0.8252475247524753,1.0,1.0,0.85,8dc418bff5fd02f0d4ae3fe429ae968fa6becb974ffac49a7b8997267b257295
ra_stems_project_seed0,ra_stems_project,0,v40c_01440,1,3,100,0.699009900990099,1.0,0.6633663366336634,0.7,8dc418bff5fd02f0d4ae3fe429ae968fa6becb974ffac49a7b8997267b257295
ra_stems_project_seed0,ra_stems_project,0,v40c_01441,1,2,100,0.8504950495049505,1.0,1.0,0.85,8dc418bff5fd02f0d4ae3fe429ae968fa6becb974ffac49a7b8997267b257295
ra_stems_project_seed0,ra_stems_project,0,v40c_01442,1,2,100,0.8,1.0,1.0,0.8,8dc418bff5fd02f0d4ae3fe429ae968fa6becb974ffac49a7b8997267b257295
ra_stems_project_seed0,ra_stems_project,0,v40c_01443,2,4,200,0.8504950495049505,1.0,1.0,0.85,8dc418bff5fd02f0d4ae3fe429ae968fa6becb974ffac49a7b8997267b257295
ra_stems_project_seed0,ra_stems_project,0,v40c_01444,1,2,100,0.8,1.0,1.0,0.8,8dc418bff5fd02f0d4ae3fe429ae968fa6becb974ffac49a7b8997267b257295
ra_stems_project_seed0,ra_stems_project,0,v40c_01445,1,2,100,0.9,1.0,1.0,0.9,8dc418bff5fd02f0d4ae3fe429ae968fa6becb974ffac49a7b8997267b257295
ra_stems_project_seed0,ra_stems_project,0,v40c_01446,1,2,100,0.8504950495049505,1.0,1.0,0.85,8dc418bff5fd02f0d4ae3fe429ae968fa6becb974ffac49a7b8997267b257295
ra_stems_project_seed0,ra_stems_project,0,v40c_01447,1,2,100,0.9,1.0,1.0,0.9,8dc418bff5fd02f0d4ae3fe429ae968fa6becb974ffac49a7b8997267b257295
ra_stems_project_seed0,ra_stems_project,0,v40c_01448,1,2,100,0.8252475247524753,1.0,1.0,0.85,8dc418bff5fd02f0d4ae3fe429ae968fa6becb974ffac49a7b8997267b257295
ra_stems_project_seed0,ra_stems_project,0,v40c_01449,1,2,100,0.8252475247524753,1.0,1.0,0.85,8dc418bff5fd02f0d4ae3fe429ae968fa6becb974ffac49a7b8997267b257295
ra_stems_project_seed0,ra_stems_project,0,v40c_01450,1,2,100,0.8504950495049505,1.0,1.0,0.85,8dc418bff5fd02f0d4ae3fe429ae968fa6becb974ffac49a7b8997267b257295
ra_stems_project_seed0,ra_stems_project,0,v40c_01451,1,2,100,0.7,1.0,1.0,0.7,8dc418bff5fd02f0d4ae3fe429ae968fa6becb974ffac49a7b8997267b257295
ra_stems_project_seed0,ra_stems_project,0,v40c_01452,1,2,100,0.667986798679868,0.834983498349835,0.834983498349835,0.8,8dc418bff5fd02f0d4ae3fe429ae968fa6becb974ffac49a7b8997267b257295
ra_stems_project_seed0,ra_stems_project,0,v40c_01453,1,4,100,0.5190594059405941,0.9009900990099011,0.38118811881188114,0.575,8dc418bff5fd02f0d4ae3fe429ae968fa6becb974ffac49a7b8997267b257295
ra_stems_project_seed0,ra_stems_project,0,v40c_01454,1,3,100,0.6485148514851485,0.9158415841584159,0.6633663366336634,0.7,8dc418bff5fd02f0d4ae3fe429ae968fa6becb974ffac49a7b8997267b257295
ra_stems_project_seed0,ra_stems_project,0,v40c_01610,4,24,400,0.8203978076379066,1.0,1.0,0.8416666666666668,8dc418bff5fd02f0d4ae3fe429ae968fa6becb974ffac49a7b8997267b257295
ra_stems_project_seed0,ra_stems_project,0,v40c_01611,1,6,100,0.7873762376237623,1.0,1.0,0.8166666666666667,8dc418bff5fd02f0d4ae3fe429ae968fa6becb974ffac49a7b8997267b257295
ra_stems_project_seed0,ra_stems_project,0,v40c_01612,2,12,200,0.7968175388967469,0.9872701555869875,0.9872701555869875,0.8083333333333333,8dc418bff5fd02f0d4ae3fe429ae968fa6becb974ffac49a7b8997267b257295
ra_stems_project_seed0,ra_stems_project,0,v40c_01613,1,6,100,0.7452970297029704,1.0,0.8036303630363039,0.7666666666666667,8dc418bff5fd02f0d4ae3fe429ae968fa6becb974ffac49a7b8997267b257295
ra_stems_project_seed0,ra_stems_project,0,v40c_01614,3,15,300,0.7613687036124427,0.9872257814016693,0.9018151815181519,0.8,8dc418bff5fd02f0d4ae3fe429ae968fa6becb974ffac49a7b8997267b257295
ra_stems_project_seed0,ra_stems_project,0,v40c_01615,1,4,100,0.8504950495049505,1.0,1.0,0.85,8dc418bff5fd02f0d4ae3fe429ae968fa6becb974ffac49a7b8997267b257295
ra_stems_project_seed0,ra_stems_project,0,v40c_01616,5,23,500,0.7540867468630602,0.9671109935185815,0.8943834545710521,0.826086956521739,8dc418bff5fd02f0d4ae3fe429ae968fa6becb974ffac49a7b8997267b257295
ra_stems_project_seed0,ra_stems_project,0,v40c_01617,1,4,100,0.8009900990099009,1.0,1.0,0.8,8dc418bff5fd02f0d4ae3fe429ae968fa6becb974ffac49a7b8997267b257295
ra_stems_project_seed0,ra_stems_project,0,v40c_01618,7,23,700,0.7903329343923403,0.9791063721756791,0.9126554963188628,0.8217391304347826,8dc418bff5fd02f0d4ae3fe429ae968fa6becb974ffac49a7b8997267b257295
ra_stems_project_seed0,ra_stems_project,0,v40c_01619,1,3,100,0.736039603960396,1.0,0.865346534653465,0.7666666666666666,8dc418bff5fd02f0d4ae3fe429ae968fa6becb974ffac49a7b8997267b257295
ra_stems_project_seed0,ra_stems_project,0,v40c_01620,6,24,600,0.6742730452167073,0.9855211327584374,0.6683019975819285,0.7375,8dc418bff5fd02f0d4ae3fe429ae968fa6becb974ffac49a7b8997267b257295
ra_stems_project_seed0,ra_stems_project,0,v40c_01621,1,4,100,0.5848184818481849,1.0,0.33663366336633666,0.65,8dc418bff5fd02f0d4ae3fe429ae968fa6becb974ffac49a7b8997267b257295
ra_stems_project_seed0,ra_stems_project,0,v40c_01622,2,8,200,0.6598129812981297,0.9724972497249724,0.6171617161716173,0.75,8dc418bff5fd02f0d4ae3fe429ae968fa6becb974ffac49a7b8997267b257295
ra_stems_project_seed0,ra_stems_project,0,v40c_01623,1,4,100,0.5830583058305832,0.8184818481848185,0.8074807480748076,0.725,8dc418bff5fd02f0d4ae3fe429ae968fa6becb974ffac49a7b8997267b257295
ra_stems_project_seed0,ra_stems_project,0,v40c_01624,1,4,100,0.5987116019294237,0.9174917491749175,0.7715156130997716,0.725,8dc418bff5fd02f0d4ae3fe429ae968fa6becb974ffac49a7b8997267b257295
ra_stems_project_seed0,ra_stems_project,0,v40c_01625,1,4,100,0.49342547608798143,0.9174917491749175,0.4357024988213107,0.625,8dc418bff5fd02f0d4ae3fe429ae968fa6becb974ffac49a7b8997267b257295
ra_stems_project_seed0,ra_stems_project,0,v40c_01626,1,4,100,0.41148320714424375,0.8762376237623762,0.2574257425742574,0.475,8dc418bff5fd02f0d4ae3fe429ae968fa6becb974ffac49a7b8997267b257295
ra_stems_project_seed0,ra_stems_project,0,v40c_01627,1,3,100,0.41544554455445526,0.7564356435643562,0.3960396039603959,0.5666666666666667,8dc418bff5fd02f0d4ae3fe429ae968fa6becb974ffac49a7b8997267b257295
ra_stems_project_seed0,ra_stems_project,0,v40c_01628,1,3,100,0.46257425742574243,0.7755775577557755,0.4092409240924092,0.7,8dc418bff5fd02f0d4ae3fe429ae968fa6becb974ffac49a7b8997267b257295
ra_stems_project_seed0,ra_stems_project,0,v40c_01629,1,3,100,0.6554455445544555,1.0,1.0,0.7,8dc418bff5fd02f0d4ae3fe429ae968fa6becb974ffac49a7b8997267b257295
ra_stems_project_seed0,ra_stems_project,0,v40c_01630,1,3,100,0.4848184818481848,1.0,0.20462046204620463,0.6333333333333333,8dc418bff5fd02f0d4ae3fe429ae968fa6becb974ffac49a7b8997267b257295
ra_stems_project_seed0,ra_stems_project,0,v40c_01631,1,3,100,0.561951909476662,1.0,0.42998585572842984,0.6666666666666666,8dc418bff5fd02f0d4ae3fe429ae968fa6becb974ffac49a7b8997267b257295
ra_stems_project_seed0,ra_stems_project,0,v40c_01632,1,2,100,0.466996699669967,1.0,0.2524752475247525,0.55,8dc418bff5fd02f0d4ae3fe429ae968fa6becb974ffac49a7b8997267b257295
ra_stems_project_seed0,ra_stems_project,0,v40c_01633,3,8,300,0.5247899789978999,0.9500450045004503,0.2867986798679868,0.625,8dc418bff5fd02f0d4ae3fe429ae968fa6becb974ffac49a7b8997267b257295
ra_stems_project_seed0,ra_stems_project,0,v40c_01634,2,4,200,0.49405940594059405,0.7920792079207919,0.504950495049505,0.525,8dc418bff5fd02f0d4ae3fe429ae968fa6becb974ffac49a7b8997267b257295
ra_stems_project_seed0,ra_stems_project,0,v40c_01635,2,2,200,0.6504950495049504,1.0,1.0,0.7,8dc418bff5fd02f0d4ae3fe429ae968fa6becb974ffac49a7b8997267b257295
ra_stems_project_seed0,ra_stems_project,0,v40c_01636,2,2,200,0.45049504950495045,1.0,0.2524752475247525,0.5,8dc418bff5fd02f0d4ae3fe429ae968fa6becb974ffac49a7b8997267b257295
ra_stems_project_seed0,ra_stems_project,0,v40c_01637,2,2,200,0.6252475247524752,1.0,1.0,0.65,8dc418bff5fd02f0d4ae3fe429ae968fa6becb974ffac49a7b8997267b257295
ra_stems_project_seed0,ra_stems_project,0,v40c_01638,1,1,100,0.4999999999999999,0.9999999999999999,0.0,0.5,8dc418bff5fd02f0d4ae3fe429ae968fa6becb974ffac49a7b8997267b257295
ra_stems_project_seed0,ra_stems_project,0,v40c_01639,1,1,100,0.5999999999999999,0.9999999999999999,0.9999999999999999,0.6,8dc418bff5fd02f0d4ae3fe429ae968fa6becb974ffac49a7b8997267b257295
ra_stems_project_seed0,ra_stems_project,0,v40c_01640,1,1,100,0.5999999999999999,0.9999999999999999,0.9999999999999999,0.6,8dc418bff5fd02f0d4ae3fe429ae968fa6becb974ffac49a7b8997267b257295
ra_stems_project_seed0,ra_stems_project,0,v40c_01641,1,2,100,0.7252475247524752,1.0,1.0,0.75,8dc418bff5fd02f0d4ae3fe429ae968fa6becb974ffac49a7b8997267b257295
ra_stems_project_seed0,ra_stems_project,0,v40c_01642,1,2,100,0.6504950495049504,1.0,1.0,0.7,8dc418bff5fd02f0d4ae3fe429ae968fa6becb974ffac49a7b8997267b257295
ra_stems_project_seed0,ra_stems_project,0,v40c_01643,1,2,100,0.6504950495049504,1.0,0.5,0.8,8dc418bff5fd02f0d4ae3fe429ae968fa6becb974ffac49a7b8997267b257295
ra_stems_project_seed0,ra_stems_project,0,v40c_01644,1,1,100,0.7999999999999999,0.9999999999999999,0.9999999999999999,0.8,8dc418bff5fd02f0d4ae3fe429ae968fa6becb974ffac49a7b8997267b257295
ra_stems_project_seed0,ra_stems_project,0,v40c_01645,1,1,100,0.8999999999999998,0.9999999999999999,0.9999999999999999,0.9,8dc418bff5fd02f0d4ae3fe429ae968fa6becb974ffac49a7b8997267b257295
ra_stems_project_seed0,ra_stems_project,0,v40c_02412,1,1,100,0.4999999999999999,0.9999999999999999,0.0,0.5,8dc418bff5fd02f0d4ae3fe429ae968fa6becb974ffac49a7b8997267b257295
ra_stems_project_seed0,ra_stems_project,0,v40c_02413,1,1,100,0.039999999999999994,0.04999999999999999,0.04999999999999999,0.8,8dc418bff5fd02f0d4ae3fe429ae968fa6becb974ffac49a7b8997267b257295
ra_stems_project_seed0,ra_stems_project,0,v40c_02414,1,1,100,0.0,0.0,0.0,0.0,8dc418bff5fd02f0d4ae3fe429ae968fa6becb974ffac49a7b8997267b257295
ra_stems_project_seed0,ra_stems_project,0,v40c_02415,1,0,100,0.0,0.0,0.0,0.0,8dc418bff5fd02f0d4ae3fe429ae968fa6becb974ffac49a7b8997267b257295
ra_stems_project_seed0,ra_stems_project,0,v40c_02416,1,1,100,0.030434782608695653,0.043478260869565216,0.043478260869565216,0.7,8dc418bff5fd02f0d4ae3fe429ae968fa6becb974ffac49a7b8997267b257295
ra_stems_project_seed0,ra_stems_project,0,v40c_02417,1,2,100,0.3736916548797738,0.6463932107496466,0.5049504950495048,0.55,8dc418bff5fd02f0d4ae3fe429ae968fa6becb974ffac49a7b8997267b257295
ra_stems_project_seed0,ra_stems_project,0,v40c_02418,1,3,100,0.4609794908062236,0.8076379066478078,0.39232673267326734,0.7,8dc418bff5fd02f0d4ae3fe429ae968fa6becb974ffac49a7b8997267b257295
ra_stems_project_seed0,ra_stems_project,0,v40c_02419,1,3,100,0.650919377652051,0.8076379066478078,0.8076379066478078,0.7666666666666666,8dc418bff5fd02f0d4ae3fe429ae968fa6becb974ffac49a7b8997267b257295
ra_stems_project_seed0,ra_stems_project,0,v40c_02420,1,3,100,0.5323903818953324,0.8076379066478078,0.8076379066478078,0.7,8dc418bff5fd02f0d4ae3fe429ae968fa6becb974ffac49a7b8997267b257295
ra_stems_project_seed0,ra_stems_project,0,v40c_02421,1,3,100,0.4746615477874318,0.6839765609213984,0.6633663366336634,0.6333333333333333,8dc418bff5fd02f0d4ae3fe429ae968fa6becb974ffac49a7b8997267b257295
ra_stems_project_seed0,ra_stems_project,0,v40c_02422,1,3,100,0.5152986266368573,0.6959437879271799,0.6633663366336634,0.6666666666666666,8dc418bff5fd02f0d4ae3fe429ae968fa6becb974ffac49a7b8997267b257295
ra_stems_project_seed0,ra_stems_project,0,v40c_02423,1,2,100,0.4024752475247525,0.6287128712871287,0.6287128712871287,0.8,8dc418bff5fd02f0d4ae3fe429ae968fa6becb974ffac49a7b8997267b257295
ra_stems_project_seed0,ra_stems_project,0,v40c_02424,1,2,100,0.48316831683168326,0.7029702970297033,0.5049504950495048,0.6,8dc418bff5fd02f0d4ae3fe429ae968fa6becb974ffac49a7b8997267b257295
ra_stems_project_seed0,ra_stems_project,0,v40c_02425,1,3,100,0.4903818953323902,0.711456859971711,0.33663366336633654,0.6333333333333333,8dc418bff5fd02f0d4ae3fe429ae968fa6becb974ffac49a7b8997267b257295
ra_stems_project_seed0,ra_stems_project,0,v40c_02426,1,3,100,0.5861386138613861,0.9158415841584159,0.5544554455445545,0.6666666666666666,8dc418bff5fd02f0d4ae3fe429ae968fa6becb974ffac49a7b8997267b257295
ra_stems_project_seed0,ra_stems_project,0,v40c_02427,1,2,100,0.5026402640264027,1.0,0.2524752475247525,0.65,8dc418bff5fd02f0d4ae3fe429ae968fa6becb974ffac49a7b8997267b257295
ra_stems_project_seed0,ra_stems_project,0,v40c_02428,1,2,100,0.601980198019802,1.0,0.5049504950495048,0.6,8dc418bff5fd02f0d4ae3fe429ae968fa6becb974ffac49a7b8997267b257295
ra_stems_project_seed0,ra_stems_project,0,v40c_02429,1,2,100,0.601980198019802,1.0,0.5049504950495048,0.6,8dc418bff5fd02f0d4ae3fe429ae968fa6becb974ffac49a7b8997267b257295
ra_stems_project_seed0,ra_stems_project,0,v40c_02430,1,2,100,0.607980798079808,1.0,0.534953495349535,0.7,8dc418bff5fd02f0d4ae3fe429ae968fa6becb974ffac49a7b8997267b257295
ra_stems_project_seed0,ra_stems_project,0,v40c_02431,1,2,100,0.601980198019802,1.0,0.5049504950495048,0.6,8dc418bff5fd02f0d4ae3fe429ae968fa6becb974ffac49a7b8997267b257295
ra_stems_project_seed0,ra_stems_project,0,v40c_02432,1,2,100,0.6524752475247524,1.0,0.5049504950495048,0.65,8dc418bff5fd02f0d4ae3fe429ae968fa6becb974ffac49a7b8997267b257295
ra_stems_project_seed0,ra_stems_project,0,v40c_02433,1,2,100,0.601980198019802,1.0,0.5049504950495048,0.6,8dc418bff5fd02f0d4ae3fe429ae968fa6becb974ffac49a7b8997267b257295
ra_stems_project_seed0,ra_stems_project,0,v40c_02434,1,2,100,0.6044554455445544,1.0,0.5049504950495048,0.65,8dc418bff5fd02f0d4ae3fe429ae968fa6becb974ffac49a7b8997267b257295
ra_stems_project_seed0,ra_stems_project,0,v40c_02435,1,2,100,0.4237623762376236,0.5544554455445543,0.5049504950495048,0.6,8dc418bff5fd02f0d4ae3fe429ae968fa6becb974ffac49a7b8997267b257295
ra_stems_project_seed0,ra_stems_project,0,v40c_02436,1,3,100,0.5004243281471004,1.0,0.3833097595473834,0.6666666666666666,8dc418bff5fd02f0d4ae3fe429ae968fa6becb974ffac49a7b8997267b257295
ra_stems_project_seed0,ra_stems_project,0,v40c_02437,1,2,100,0.4343234323432344,0.6666666666666669,0.2524752475247525,0.7,8dc418bff5fd02f0d4ae3fe429ae968fa6becb974ffac49a7b8997267b257295
ra_stems_project_seed0,ra_stems_project,0,v40c_02438,2,5,200,0.5635008152767739,1.0,0.4893173527879103,0.72,8dc418bff5fd02f0d4ae3fe429ae968fa6becb974ffac49a7b8997267b257295
ra_stems_project_seed0,ra_stems_project,0,v40c_02439,1,4,100,0.39666492965085987,0.7785304846274101,0.42244224422442234,0.45,8dc418bff5fd02f0d4ae3fe429ae968fa6becb974ffac49a7b8997267b257295
ra_stems_project_seed0,ra_stems_project,0,v40c_02440,2,6,200,0.47159378437843785,0.7828382838283829,0.34785478547854776,0.5833333333333333,8dc418bff5fd02f0d4ae3fe429ae968fa6becb974ffac49a7b8997267b257295
ra_stems_project_seed0,ra_stems_project,0,v40c_02441,1,3,100,0.5542354235423543,1.0,0.16831683168316833,0.6666666666666666,8dc418bff5fd02f0d4ae3fe429ae968fa6becb974ffac49a7b8997267b257295
ra_stems_project_seed0,ra_stems_project,0,v40c_02442,1,4,100,0.44905490549054916,0.7974797479747976,0.2574257425742574,0.575,8dc418bff5fd02f0d4ae3fe429ae968fa6becb974ffac49a7b8997267b257295
ra_stems_project_seed0,ra_stems_project,0,v40c_02443,1,4,100,0.47656765676567653,0.8624862486248623,0.14081408140814083,0.65,8dc418bff5fd02f0d4ae3fe429ae968fa6becb974ffac49a7b8997267b257295
ra_stems_project_seed0,ra_stems_project,0,v40c_02444,1,4,100,0.4641501650165016,0.7937293729372937,0.5358910891089109,0.675,8dc418bff5fd02f0d4ae3fe429ae968fa6becb974ffac49a7b8997267b257295
ra_stems_project_seed0,ra_stems_project,0,v40c_02445,1,4,100,0.5204995499549955,1.0,0.5174517451745174,0.8,8dc418bff5fd02f0d4ae3fe429ae968fa6becb974ffac49a7b8997267b257295
ra_stems_project_seed0,ra_stems_project,0,v40c_02446,2,6,200,0.5378712871287129,1.0,0.4628712871287129,0.5833333333333333,8dc418bff5fd02f0d4ae3fe429ae968fa6becb974ffac49a7b8997267b257295
ra_stems_project_seed0,ra_stems_project,0,v40c_02447,1,3,100,0.6168316831683168,1.0,0.6633663366336634,0.6666666666666666,8dc418bff5fd02f0d4ae3fe429ae968fa6becb974ffac49a7b8997267b257295
ra_stems_project_seed0,ra_stems_project,0,v40c_02448,1,2,100,0.3608910891089109,0.5,0.3514851485148517,0.75,8dc418bff5fd02f0d4ae3fe429ae968fa6becb974ffac49a7b8997267b257295
ra_stems_project_seed0,ra_stems_project,0,v40c_02449,1,2,100,0.600990099009901,1.0,0.5049504950495048,0.6,8dc418bff5fd02f0d4ae3fe429ae968fa6becb974ffac49a7b8997267b257295
ra_stems_project_seed0,ra_stems_project,0,v40c_02450,1,2,100,0.4257425742574258,1.0,0.2524752475247525,0.65,8dc418bff5fd02f0d4ae3fe429ae968fa6becb974ffac49a7b8997267b257295
ra_stems_project_seed0,ra_stems_project,0,v40c_02451,1,2,100,0.6013201320132013,0.834983498349835,0.834983498349835,0.75,8dc418bff5fd02f0d4ae3fe429ae968fa6becb974ffac49a7b8997267b257295
ra_stems_project_seed0,ra_stems_project,0,v40c_02452,1,2,100,0.4922442244224422,1.0,0.3349834983498349,0.65,8dc418bff5fd02f0d4ae3fe429ae968fa6becb974ffac49a7b8997267b257295
ra_stems_project_seed0,ra_stems_project,0,v40c_02453,1,2,100,0.6252475247524752,1.0,1.0,0.65,8dc418bff5fd02f0d4ae3fe429ae968fa6becb974ffac49a7b8997267b257295
ra_stems_project_seed0,ra_stems_project,0,v40c_02482,48,155,4800,0.786540209854192,0.9915028499971135,0.9767456688120378,0.8264516129032258,8dc418bff5fd02f0d4ae3fe429ae968fa6becb974ffac49a7b8997267b257295
ra_stems_project_seed0,ra_stems_project,0,v40c_02483,1,3,100,0.8673267326732674,1.0,1.0,0.8666666666666668,8dc418bff5fd02f0d4ae3fe429ae968fa6becb974ffac49a7b8997267b257295
ra_stems_project_seed0,ra_stems_project,0,v40c_02484,1,3,100,0.8336633663366337,1.0,1.0,0.8333333333333334,8dc418bff5fd02f0d4ae3fe429ae968fa6becb974ffac49a7b8997267b257295
ra_stems_project_seed0,ra_stems_project,0,v40c_02485,6,18,600,0.8765346534653465,1.0,1.0,0.9055555555555557,8dc418bff5fd02f0d4ae3fe429ae968fa6becb974ffac49a7b8997267b257295
ra_stems_project_seed0,ra_stems_project,0,v40c_02486,1,3,100,0.8554455445544555,1.0,1.0,0.8666666666666666,8dc418bff5fd02f0d4ae3fe429ae968fa6becb974ffac49a7b8997267b257295
ra_stems_project_seed0,ra_stems_project,0,v40c_02487,2,6,200,0.8134653465346535,1.0,1.0,0.8333333333333334,8dc418bff5fd02f0d4ae3fe429ae968fa6becb974ffac49a7b8997267b257295
ra_stems_project_seed0,ra_stems_project,0,v40c_02488,1,3,100,0.8326732673267326,1.0,1.0,0.8333333333333333,8dc418bff5fd02f0d4ae3fe429ae968fa6becb974ffac49a7b8997267b257295
ra_stems_project_seed0,ra_stems_project,0,v40c_02489,1,3,100,0.8336633663366337,1.0,1.0,0.8333333333333334,8dc418bff5fd02f0d4ae3fe429ae968fa6becb974ffac49a7b8997267b257295
ra_stems_project_seed0,ra_stems_project,0,v40c_02490,2,6,200,0.8112211221122113,1.0,1.0,0.8333333333333334,8dc418bff5fd02f0d4ae3fe429ae968fa6becb974ffac49a7b8997267b257295
ra_stems_project_seed0,ra_stems_project,0,v40c_02561,1,11,100,0.572267022754907,0.8964108910891089,0.5138353309015112,0.7090909090909091,8dc418bff5fd02f0d4ae3fe429ae968fa6becb974ffac49a7b8997267b257295
ra_stems_project_seed0,ra_stems_project,0,v40c_02562,5,58,500,0.5977603166656461,0.9309471532182674,0.5944474570467991,0.6775862068965517,8dc418bff5fd02f0d4ae3fe429ae968fa6becb974ffac49a7b8997267b257295
ra_stems_project_seed0,ra_stems_project,0,v40c_02563,1,11,100,0.6994106553512494,0.9380009429514378,0.8221357850070722,0.7545454545454545,8dc418bff5fd02f0d4ae3fe429ae968fa6becb974ffac49a7b8997267b257295
ra_stems_project_seed0,ra_stems_project,0,v40c_02564,1,11,100,0.6578810445491382,0.881007327370761,0.7253778009379886,0.7363636363636363,8dc418bff5fd02f0d4ae3fe429ae968fa6becb974ffac49a7b8997267b257295
ra_stems_project_seed0,ra_stems_project,0,v40c_02565,1,12,100,0.4844394439443945,0.8486562942008486,0.5826296915405826,0.5416666666666666,8dc418bff5fd02f0d4ae3fe429ae968fa6becb974ffac49a7b8997267b257295
ra_stems_project_seed0,ra_stems_project,0,v40c_02566,1,12,100,0.5798867386738673,0.9645214521452145,0.4430693069306931,0.6333333333333332,8dc418bff5fd02f0d4ae3fe429ae968fa6becb974ffac49a7b8997267b257295
ra_stems_project_seed0,ra_stems_project,0,v40c_02567,1,12,100,0.5676248591245678,0.9615511551155113,0.600990099009901,0.6833333333333332,8dc418bff5fd02f0d4ae3fe429ae968fa6becb974ffac49a7b8997267b257295
ra_stems_project_seed0,ra_stems_project,0,v40c_02568,2,24,200,0.6105211853387106,0.9219072532168924,0.688754403471638,0.7,8dc418bff5fd02f0d4ae3fe429ae968fa6becb974ffac49a7b8997267b257295
ra_stems_project_seed0,ra_stems_project,0,v40c_02569,4,44,400,0.6748850873877673,0.9745466850975232,0.7369317990935486,0.7340909090909091,8dc418bff5fd02f0d4ae3fe429ae968fa6becb974ffac49a7b8997267b257295
ra_stems_project_seed0,ra_stems_project,0,v40c_02570,2,21,200,0.657086611949877,0.9355974058944354,0.6456053860078396,0.7333333333333333,8dc418bff5fd02f0d4ae3fe429ae968fa6becb974ffac49a7b8997267b257295
ra_stems_project_seed0,ra_stems_project,0,v40c_02571,2,21,200,0.7160553438884261,0.9660520399866073,0.8013578143528638,0.7571428571428571,8dc418bff5fd02f0d4ae3fe429ae968fa6becb974ffac49a7b8997267b257295
ra_stems_project_seed0,ra_stems_project,0,v40c_02572,4,44,400,0.651797565671981,0.9194183329756878,0.7060500926647939,0.7181818181818181,8dc418bff5fd02f0d4ae3fe429ae968fa6becb974ffac49a7b8997267b257295
ra_stems_project_seed0,ra_stems_project,0,v40c_02573,3,33,300,0.608146134199555,0.9261941424836906,0.5938558524904368,0.6909090909090908,8dc418bff5fd02f0d4ae3fe429ae968fa6becb974ffac49a7b8997267b257295
ra_stems_project_seed0,ra_stems_project,0,v40c_02574,4,44,400,0.54014031110606,0.9166156540503486,0.514035706966474,0.6318181818181818,8dc418bff5fd02f0d4ae3fe429ae968fa6becb974ffac49a7b8997267b257295
ra_stems_project_seed0,ra_stems_project,0,v40c_02575,1,11,100,0.6190494613977525,0.9023547516041923,0.6938118811881189,0.6727272727272727,8dc418bff5fd02f0d4ae3fe429ae968fa6becb974ffac49a7b8997267b257295
ra_stems_project_seed0,ra_stems_project,0,v40c_02576,1,11,100,0.7038833469813147,0.9297029702970296,0.7797029702970297,0.7545454545454545,8dc418bff5fd02f0d4ae3fe429ae968fa6becb974ffac49a7b8997267b257295
ra_stems_project_seed0,ra_stems_project,0,v40c_02577,5,62,500,0.6562727933849901,0.8689609879501962,0.760448346590853,0.7241935483870969,8dc418bff5fd02f0d4ae3fe429ae968fa6becb974ffac49a7b8997267b257295
ra_stems_project_seed0,ra_stems_project,0,v40c_02578,2,23,200,0.6469997728647437,0.878618206648251,0.6575954738330977,0.6782608695652173,8dc418bff5fd02f0d4ae3fe429ae968fa6becb974ffac49a7b8997267b257295
ra_stems_project_seed0,ra_stems_project,0,v40c_02579,9,118,900,0.6704116960118083,0.9139068746604608,0.7988236495302741,0.764406779661017,8dc418bff5fd02f0d4ae3fe429ae968fa6becb974ffac49a7b8997267b257295
ra_stems_project_seed0,ra_stems_project,0,v40c_02580,2,26,200,0.7533040395076631,0.9638398622470944,0.8383968188816571,0.8269230769230769,8dc418bff5fd02f0d4ae3fe429ae968fa6becb974ffac49a7b8997267b257295
ra_stems_project_seed0,ra_stems_project,0,v40c_02581,1,13,100,0.709996998480584,0.9222970880083963,0.8865521194859394,0.8076923076923077,8dc418bff5fd02f0d4ae3fe429ae968fa6becb974ffac49a7b8997267b257295
ra_stems_project_seed0,ra_stems_project,0,v40c_02582,4,54,400,0.6768031542694756,0.9188134508372128,0.7169454661144069,0.7833333333333334,8dc418bff5fd02f0d4ae3fe429ae968fa6becb974ffac49a7b8997267b257295
ra_stems_project_seed0,ra_stems_project,0,v40c_02583,1,13,100,0.7025306002361036,0.9515951595159519,0.8165959453088166,0.7769230769230769,8dc418bff5fd02f0d4ae3fe429ae968fa6becb974ffac49a7b8997267b257295
ra_stems_project_seed0,ra_stems_project,0,v40c_02584,3,39,300,0.652277622854903,0.9368631920716709,0.6985289307945104,0.7153846153846153,8dc418bff5fd02f0d4ae3fe429ae968fa6becb974ffac49a7b8997267b257295
ra_stems_project_seed0,ra_stems_project,0,v40c_02585,1,12,100,0.6525134656322776,0.8992799279927994,0.5841584158415841,0.7083333333333333,8dc418bff5fd02f0d4ae3fe429ae968fa6becb974ffac49a7b8997267b257295
ra_stems_project_seed0,ra_stems_project,0,v40c_02855,1,5,100,0.7476897689768974,0.9669966996699667,0.9669966996699667,0.78,8dc418bff5fd02f0d4ae3fe429ae968fa6becb974ffac49a7b8997267b257295
ra_stems_project_seed0,ra_stems_project,0,v40c_02856,5,23,500,0.8020104621042652,1.0,0.9514804207236506,0.826086956521739,8dc418bff5fd02f0d4ae3fe429ae968fa6becb974ffac49a7b8997267b257295
ra_stems_project_seed0,ra_stems_project,0,v40c_02857,2,10,200,0.8051605160516051,1.0,0.9360936093609361,0.82,8dc418bff5fd02f0d4ae3fe429ae968fa6becb974ffac49a7b8997267b257295
ra_stems_project_seed0,ra_stems_project,0,v40c_02858,2,10,200,0.7899889988998899,1.0,0.900990099009901,0.7899999999999999,8dc418bff5fd02f0d4ae3fe429ae968fa6becb974ffac49a7b8997267b257295
ra_stems_project_seed0,ra_stems_project,0,v40c_02859,1,6,100,0.7112211221122113,0.8990099009900994,0.7194719471947196,0.7833333333333334,8dc418bff5fd02f0d4ae3fe429ae968fa6becb974ffac49a7b8997267b257295
ra_stems_project_seed0,ra_stems_project,0,v40c_02860,10,53,1000,0.7467446417570454,0.9669430470898549,0.9134755409405216,0.7981132075471699,8dc418bff5fd02f0d4ae3fe429ae968fa6becb974ffac49a7b8997267b257295
ra_stems_project_seed0,ra_stems_project,0,v40c_02861,2,10,200,0.837953795379538,1.0,1.0,0.8400000000000001,8dc418bff5fd02f0d4ae3fe429ae968fa6becb974ffac49a7b8997267b257295
ra_stems_project_seed0,ra_stems_project,0,v40c_02862,1,5,100,0.7811881188118812,1.0,1.0,0.78,8dc418bff5fd02f0d4ae3fe429ae968fa6becb974ffac49a7b8997267b257295
ra_stems_project_seed0,ra_stems_project,0,v40c_02863,2,12,200,0.7355775577557756,1.0,0.8316831683168316,0.7416666666666667,8dc418bff5fd02f0d4ae3fe429ae968fa6becb974ffac49a7b8997267b257295
ra_stems_project_seed0,ra_stems_project,0,v40c_02864,2,11,200,0.7770318790120767,0.9847677075399844,0.9847677075399844,0.8090909090909092,8dc418bff5fd02f0d4ae3fe429ae968fa6becb974ffac49a7b8997267b257295
ra_stems_project_seed0,ra_stems_project,0,v40c_02865,3,18,300,0.6929705422723779,0.9726742239441334,0.8365129195846414,0.7333333333333334,8dc418bff5fd02f0d4ae3fe429ae968fa6becb974ffac49a7b8997267b257295
ra_stems_project_seed0,ra_stems_project,0,v40c_02866,5,27,500,0.7804852281015646,0.9863473526839863,0.9863473526839863,0.8074074074074072,8dc418bff5fd02f0d4ae3fe429ae968fa6becb974ffac49a7b8997267b257295
ra_stems_project_seed0,ra_stems_project,0,v40c_02867,2,12,200,0.8146714671467146,1.0,1.0,0.825,8dc418bff5fd02f0d4ae3fe429ae968fa6becb974ffac49a7b8997267b257295
ra_stems_project_seed0,ra_stems_project,0,v40c_02868,1,6,100,0.778960396039604,1.0,1.0,0.7833333333333333,8dc418bff5fd02f0d4ae3fe429ae968fa6becb974ffac49a7b8997267b257295
ra_stems_project_seed0,ra_stems_project,0,v40c_02869,2,11,200,0.7226349945918962,0.9843234323432345,0.7896039603960396,0.7636363636363636,8dc418bff5fd02f0d4ae3fe429ae968fa6becb974ffac49a7b8997267b257295
ra_stems_project_seed0,ra_stems_project,0,v40c_02870,1,4,100,0.8257425742574258,1.0,1.0,0.825,8dc418bff5fd02f0d4ae3fe429ae968fa6becb974ffac49a7b8997267b257295
ra_stems_project_seed0,ra_stems_project,0,v40c_02871,2,11,200,0.726303523209464,0.9490806223479495,0.8513726372637265,0.7727272727272727,8dc418bff5fd02f0d4ae3fe429ae968fa6becb974ffac49a7b8997267b257295
ra_stems_project_seed0,ra_stems_project,0,v40c_02872,1,6,100,0.7365181518151817,0.9579207920792079,0.8316831683168316,0.7666666666666667,8dc418bff5fd02f0d4ae3fe429ae968fa6becb974ffac49a7b8997267b257295
ra_stems_project_seed0,ra_stems_project,0,v40c_02873,2,11,200,0.7648772776437307,0.978783592644979,0.900990099009901,0.8090909090909092,8dc418bff5fd02f0d4ae3fe429ae968fa6becb974ffac49a7b8997267b257295
ra_stems_project_seed0,ra_stems_project,0,v40c_02874,6,30,600,0.7526742177887248,1.0,0.8458866129527932,0.8166666666666667,8dc418bff5fd02f0d4ae3fe429ae968fa6becb974ffac49a7b8997267b257295
ra_stems_project_seed0,ra_stems_project,0,v40c_02875,1,5,100,0.7336633663366336,1.0,0.7623762376237624,0.76,8dc418bff5fd02f0d4ae3fe429ae968fa6becb974ffac49a7b8997267b257295
ra_stems_project_seed0,ra_stems_project,0,v40c_02876,8,34,800,0.7320676067938359,0.9594979690276718,0.8664884276889228,0.7617647058823529,8dc418bff5fd02f0d4ae3fe429ae968fa6becb974ffac49a7b8997267b257295
ra_stems_project_seed0,ra_stems_project,0,v40c_02877,1,4,100,0.7881188118811882,1.0,1.0,0.8,8dc418bff5fd02f0d4ae3fe429ae968fa6becb974ffac49a7b8997267b257295
ra_stems_project_seed0,ra_stems_project,0,v40c_02888,1,1,100,0.0,0.0,0.0,0.0,8dc418bff5fd02f0d4ae3fe429ae968fa6becb974ffac49a7b8997267b257295
ra_stems_project_seed0,ra_stems_project,0,v40c_02889,3,3,300,0.699009900990099,1.0,0.6633663366336634,0.7,8dc418bff5fd02f0d4ae3fe429ae968fa6becb974ffac49a7b8997267b257295
ra_stems_project_seed0,ra_stems_project,0,v40c_02890,4,8,400,0.5008775877587759,0.8280828082808281,0.6237623762376238,0.55,8dc418bff5fd02f0d4ae3fe429ae968fa6becb974ffac49a7b8997267b257295
ra_stems_project_seed0,ra_stems_project,0,v40c_02891,1,2,100,0.7252475247524752,1.0,1.0,0.75,8dc418bff5fd02f0d4ae3fe429ae968fa6becb974ffac49a7b8997267b257295
ra_stems_project_seed0,ra_stems_project,0,v40c_02892,1,2,100,0.7252475247524752,1.0,1.0,0.75,8dc418bff5fd02f0d4ae3fe429ae968fa6becb974ffac49a7b8997267b257295
ra_stems_project_seed0,ra_stems_project,0,v40c_02893,3,6,300,0.8112211221122113,1.0,1.0,0.8333333333333334,8dc418bff5fd02f0d4ae3fe429ae968fa6becb974ffac49a7b8997267b257295
ra_stems_project_seed0,ra_stems_project,0,v40c_02941,12,72,1200,0.8929869093610419,0.9982368099823682,0.9786853685368537,0.913888888888889,8dc418bff5fd02f0d4ae3fe429ae968fa6becb974ffac49a7b8997267b257295
ra_stems_project_seed0,ra_stems_project,0,v40c_02987,1,1,100,0.8999999999999998,0.9999999999999999,0.9999999999999999,0.9,8dc418bff5fd02f0d4ae3fe429ae968fa6becb974ffac49a7b8997267b257295
ra_stems_project_seed0,ra_stems_project,0,v40c_02988,1,1,100,0.8999999999999998,0.9999999999999999,0.9999999999999999,0.9,8dc418bff5fd02f0d4ae3fe429ae968fa6becb974ffac49a7b8997267b257295
ra_stems_project_seed0,ra_stems_project,0,v40c_02989,1,1,100,0.8999999999999998,0.9999999999999999,0.9999999999999999,0.9,8dc418bff5fd02f0d4ae3fe429ae968fa6becb974ffac49a7b8997267b257295
ra_stems_project_seed0,ra_stems_project,0,v40c_02990,1,1,100,0.8999999999999998,0.9999999999999999,0.9999999999999999,0.9,8dc418bff5fd02f0d4ae3fe429ae968fa6becb974ffac49a7b8997267b257295
ra_stems_project_seed0,ra_stems_project,0,v40c_02991,1,1,100,0.8999999999999998,0.9999999999999999,0.9999999999999999,0.9,8dc418bff5fd02f0d4ae3fe429ae968fa6becb974ffac49a7b8997267b257295
ra_stems_project_seed0,ra_stems_project,0,v40c_02992,2,2,200,0.9,1.0,1.0,0.9,8dc418bff5fd02f0d4ae3fe429ae968fa6becb974ffac49a7b8997267b257295
ra_stems_project_seed0,ra_stems_project,0,v40c_02993,2,2,200,0.9,1.0,1.0,0.9,8dc418bff5fd02f0d4ae3fe429ae968fa6becb974ffac49a7b8997267b257295
ra_stems_project_seed0,ra_stems_project,0,v40c_02994,1,1,100,0.8999999999999998,0.9999999999999999,0.9999999999999999,0.9,8dc418bff5fd02f0d4ae3fe429ae968fa6becb974ffac49a7b8997267b257295
ra_stems_project_seed0,ra_stems_project,0,v40c_02995,3,3,300,0.8663366336633663,1.0,1.0,0.8666666666666666,8dc418bff5fd02f0d4ae3fe429ae968fa6becb974ffac49a7b8997267b257295
ra_stems_project_seed0,ra_stems_project,0,v40c_02996,3,3,300,0.9,1.0,1.0,0.9,8dc418bff5fd02f0d4ae3fe429ae968fa6becb974ffac49a7b8997267b257295
ra_stems_project_seed0,ra_stems_project,0,v40c_02997,4,4,400,0.9,1.0,1.0,0.9,8dc418bff5fd02f0d4ae3fe429ae968fa6becb974ffac49a7b8997267b257295
ra_stems_project_seed0,ra_stems_project,0,v40c_02998,2,2,200,0.9252475247524753,1.0,1.0,0.95,8dc418bff5fd02f0d4ae3fe429ae968fa6becb974ffac49a7b8997267b257295
ra_stems_project_seed0,ra_stems_project,0,v40c_02999,1,1,100,0.7999999999999999,0.9999999999999999,0.9999999999999999,0.8,8dc418bff5fd02f0d4ae3fe429ae968fa6becb974ffac49a7b8997267b257295
ra_stems_project_seed0,ra_stems_project,0,v40c_03000,1,1,100,0.7,0.9999999999999999,0.9999999999999999,0.7,8dc418bff5fd02f0d4ae3fe429ae968fa6becb974ffac49a7b8997267b257295
ra_stems_project_seed0,ra_stems_project,0,v40c_03001,3,3,300,0.9336633663366337,1.0,1.0,0.9333333333333333,8dc418bff5fd02f0d4ae3fe429ae968fa6becb974ffac49a7b8997267b257295
ra_stems_project_seed0,ra_stems_project,0,v40c_03002,1,1,100,0.8999999999999998,0.9999999999999999,0.9999999999999999,0.9,8dc418bff5fd02f0d4ae3fe429ae968fa6becb974ffac49a7b8997267b257295
ra_stems_project_seed0,ra_stems_project,0,v40c_03003,1,2,100,0.8504950495049505,1.0,1.0,0.85,8dc418bff5fd02f0d4ae3fe429ae968fa6becb974ffac49a7b8997267b257295
ra_stems_project_seed0,ra_stems_project,0,v40c_03004,1,2,100,0.8504950495049505,1.0,1.0,0.85,8dc418bff5fd02f0d4ae3fe429ae968fa6becb974ffac49a7b8997267b257295
ra_stems_project_seed0,ra_stems_project,0,v40c_03005,1,3,100,0.6730198019801981,0.8341584158415841,0.8341584158415841,0.7999999999999999,8dc418bff5fd02f0d4ae3fe429ae968fa6becb974ffac49a7b8997267b257295
ra_stems_project_seed0,ra_stems_project,0,v40c_03006,1,1,100,0.8999999999999998,0.9999999999999999,0.9999999999999999,0.9,8dc418bff5fd02f0d4ae3fe429ae968fa6becb974ffac49a7b8997267b257295
ra_stems_project_seed0,ra_stems_project,0,v40c_03007,1,4,100,0.7504950495049505,1.0,1.0,0.75,8dc418bff5fd02f0d4ae3fe429ae968fa6becb974ffac49a7b8997267b257295
ra_stems_project_seed0,ra_stems_project,0,v40c_03008,6,22,600,0.7337635557962006,0.966996699669967,0.8422282515500357,0.8272727272727272,8dc418bff5fd02f0d4ae3fe429ae968fa6becb974ffac49a7b8997267b257295
ra_stems_project_seed0,ra_stems_project,0,v40c_03009,1,5,100,0.6817984135860192,0.8221863002626795,0.801980198019802,0.76,8dc418bff5fd02f0d4ae3fe429ae968fa6becb974ffac49a7b8997267b257295
ra_stems_project_seed0,ra_stems_project,0,v40c_03010,4,16,400,0.7703606650119819,0.9743739079790331,0.891671520093186,0.80625,8dc418bff5fd02f0d4ae3fe429ae968fa6becb974ffac49a7b8997267b257295
ra_stems_project_seed0,ra_stems_project,0,v40c_03011,7,27,700,0.7044707985305811,0.8763609932355376,0.7774856890155516,0.8074074074074072,8dc418bff5fd02f0d4ae3fe429ae968fa6becb974ffac49a7b8997267b257295
ra_stems_project_seed0,ra_stems_project,0,v40c_03012,4,19,400,0.5875979829952913,0.8170807223223706,0.6505367569724005,0.6684210526315789,8dc418bff5fd02f0d4ae3fe429ae968fa6becb974ffac49a7b8997267b257295
ra_stems_project_seed0,ra_stems_project,0,v40c_03013,4,15,400,0.7053442267303653,0.9571557155715573,0.9099009900990098,0.7533333333333333,8dc418bff5fd02f0d4ae3fe429ae968fa6becb974ffac49a7b8997267b257295
ra_stems_project_seed0,ra_stems_project,0,v40c_03014,1,4,100,0.6595473833097595,0.9174917491749175,0.7524752475247525,0.725,8dc418bff5fd02f0d4ae3fe429ae968fa6becb974ffac49a7b8997267b257295
ra_stems_project_seed0,ra_stems_project,0,v40c_03015,1,3,100,0.9,1.0,1.0,0.9,8dc418bff5fd02f0d4ae3fe429ae968fa6becb974ffac49a7b8997267b257295
ra_stems_project_seed0,ra_stems_project,0,v40c_03016,1,3,100,0.8554455445544555,1.0,1.0,0.8666666666666666,8dc418bff5fd02f0d4ae3fe429ae968fa6becb974ffac49a7b8997267b257295
ra_stems_project_seed0,ra_stems_project,0,v40c_03017,2,5,200,0.8537953795379536,0.9669966996699667,0.9669966996699667,0.8800000000000001,8dc418bff5fd02f0d4ae3fe429ae968fa6becb974ffac49a7b8997267b257295
ra_stems_project_seed0,ra_stems_project,0,v40c_03112,2,2,200,0.8,1.0,1.0,0.8,8dc418bff5fd02f0d4ae3fe429ae968fa6becb974ffac49a7b8997267b257295
ra_stems_project_seed0,ra_stems_project,0,v40c_03113,2,2,200,0.9,1.0,1.0,0.9,8dc418bff5fd02f0d4ae3fe429ae968fa6becb974ffac49a7b8997267b257295
ra_stems_project_seed0,ra_stems_project,0,v40c_03114,2,2,200,0.8,1.0,1.0,0.8,8dc418bff5fd02f0d4ae3fe429ae968fa6becb974ffac49a7b8997267b257295
ra_stems_project_seed0,ra_stems_project,0,v40c_03115,3,3,300,0.7663366336633664,1.0,1.0,0.7666666666666666,8dc418bff5fd02f0d4ae3fe429ae968fa6becb974ffac49a7b8997267b257295
ra_stems_project_seed0,ra_stems_project,0,v40c_03116,1,1,100,0.5999999999999999,0.9999999999999999,0.9999999999999999,0.6,8dc418bff5fd02f0d4ae3fe429ae968fa6becb974ffac49a7b8997267b257295
ra_stems_project_seed0,ra_stems_project,0,v40c_03117,1,1,100,0.3,0.5,0.5,0.6,8dc418bff5fd02f0d4ae3fe429ae968fa6becb974ffac49a7b8997267b257295
ra_stems_project_seed0,ra_stems_project,0,v40c_03119,1,1,100,0.39999999999999997,0.9999999999999999,0.0,0.4,8dc418bff5fd02f0d4ae3fe429ae968fa6becb974ffac49a7b8997267b257295
ra_stems_project_seed0,ra_stems_project,0,v40c_03120,1,1,100,0.7,0.9999999999999999,0.9999999999999999,0.7,8dc418bff5fd02f0d4ae3fe429ae968fa6becb974ffac49a7b8997267b257295
ra_stems_project_seed0,ra_stems_project,0,v40c_03121,1,1,100,0.5999999999999999,0.9999999999999999,0.9999999999999999,0.6,8dc418bff5fd02f0d4ae3fe429ae968fa6becb974ffac49a7b8997267b257295
ra_stems_project_seed0,ra_stems_project,0,v40c_03122,1,1,100,0.5999999999999999,0.9999999999999999,0.9999999999999999,0.6,8dc418bff5fd02f0d4ae3fe429ae968fa6becb974ffac49a7b8997267b257295
ra_stems_project_seed0,ra_stems_project,0,v40c_03123,2,2,200,0.08521294676051454,0.2857142857142856,0.054061656165616576,0.65,8dc418bff5fd02f0d4ae3fe429ae968fa6becb974ffac49a7b8997267b257295
ra_stems_project_seed0,ra_stems_project,0,v40c_03124,1,1,100,0.11739130434782608,0.5,0.043478260869565216,0.6,8dc418bff5fd02f0d4ae3fe429ae968fa6becb974ffac49a7b8997267b257295
ra_stems_project_seed0,ra_stems_project,0,v40c_03125,1,1,100,0.07023809523809525,0.1666666666666667,0.0,0.5,8dc418bff5fd02f0d4ae3fe429ae968fa6becb974ffac49a7b8997267b257295
ra_stems_project_seed0,ra_stems_project,0,v40c_03126,1,1,100,0.023963133640552987,0.1428571428571428,0.0,0.4,8dc418bff5fd02f0d4ae3fe429ae968fa6becb974ffac49a7b8997267b257295
ra_stems_project_seed0,ra_stems_project,0,v40c_03127,3,3,300,0.04818268128182682,0.16138613861386142,0.0153015301530153,0.4666666666666667,8dc418bff5fd02f0d4ae3fe429ae968fa6becb974ffac49a7b8997267b257295
ra_stems_project_seed0,ra_stems_project,0,v40c_03156,9,18,900,0.8742250695657802,1.0,1.0,0.8888888888888887,8dc418bff5fd02f0d4ae3fe429ae968fa6becb974ffac49a7b8997267b257295
ra_stems_project_seed0,ra_stems_project,0,v40c_03157,2,6,200,0.6492136329017517,1.0,0.6703795379537952,0.75,8dc418bff5fd02f0d4ae3fe429ae968fa6becb974ffac49a7b8997267b257295
ra_stems_project_seed0,ra_stems_project,0,v40c_03158,84,120,8400,0.6441683480858156,0.9152737292246204,0.8392819066666634,0.7466666666666667,8dc418bff5fd02f0d4ae3fe429ae968fa6becb974ffac49a7b8997267b257295
ra_stems_project_seed0,ra_stems_project,0,v40c_03160,6,20,600,0.7587120513293564,0.9841133181641143,0.9841133181641143,0.8100000000000002,8dc418bff5fd02f0d4ae3fe429ae968fa6becb974ffac49a7b8997267b257295
ra_stems_project_seed0,ra_stems_project,0,v40c_03166,2,4,200,0.800990099009901,1.0,1.0,0.825,8dc418bff5fd02f0d4ae3fe429ae968fa6becb974ffac49a7b8997267b257295
ra_stems_project_seed0,ra_stems_project,0,v40c_03167,1,2,100,0.8,1.0,1.0,0.8,8dc418bff5fd02f0d4ae3fe429ae968fa6becb974ffac49a7b8997267b257295
ra_stems_project_seed0,ra_stems_project,0,v40c_03168,1,2,100,0.634983498349835,0.834983498349835,0.834983498349835,0.75,8dc418bff5fd02f0d4ae3fe429ae968fa6becb974ffac49a7b8997267b257295
ra_stems_project_seed0,ra_stems_project,0,v40c_03169,1,2,100,0.562071591774562,0.6287128712871287,0.5049504950495048,0.75,8dc418bff5fd02f0d4ae3fe429ae968fa6becb974ffac49a7b8997267b257295
ra_stems_project_seed0,ra_stems_project,0,v40c_03170,2,2,200,0.7504950495049505,1.0,1.0,0.8,8dc418bff5fd02f0d4ae3fe429ae968fa6becb974ffac49a7b8997267b257295
ra_stems_project_seed0,ra_stems_project,0,v40c_03171,2,2,200,0.8504950495049505,1.0,1.0,0.85,8dc418bff5fd02f0d4ae3fe429ae968fa6becb974ffac49a7b8997267b257295
ra_stems_project_seed0,ra_stems_project,0,v40c_03172,1,1,100,0.7999999999999999,0.9999999999999999,0.9999999999999999,0.8,8dc418bff5fd02f0d4ae3fe429ae968fa6becb974ffac49a7b8997267b257295
ra_stems_project_seed0,ra_stems_project,0,v40c_03173,1,1,100,0.5999999999999999,0.9999999999999999,0.9999999999999999,0.6,8dc418bff5fd02f0d4ae3fe429ae968fa6becb974ffac49a7b8997267b257295
ra_stems_project_seed0,ra_stems_project,0,v40c_03174,2,2,200,0.7,1.0,1.0,0.7,8dc418bff5fd02f0d4ae3fe429ae968fa6becb974ffac49a7b8997267b257295
ra_stems_project_seed0,ra_stems_project,0,v40c_03175,1,1,100,0.7,0.9999999999999999,0.9999999999999999,0.7,8dc418bff5fd02f0d4ae3fe429ae968fa6becb974ffac49a7b8997267b257295
ra_stems_project_seed0,ra_stems_project,0,v40c_03176,2,2,200,0.7,1.0,1.0,0.7,8dc418bff5fd02f0d4ae3fe429ae968fa6becb974ffac49a7b8997267b257295
ra_stems_project_seed0,ra_stems_project,0,v40c_03177,2,2,200,0.8504950495049505,1.0,1.0,0.85,8dc418bff5fd02f0d4ae3fe429ae968fa6becb974ffac49a7b8997267b257295
ra_stems_project_seed0,ra_stems_project,0,v40c_03178,1,1,100,0.7999999999999999,0.9999999999999999,0.9999999999999999,0.8,8dc418bff5fd02f0d4ae3fe429ae968fa6becb974ffac49a7b8997267b257295
ra_stems_project_seed0,ra_stems_project,0,v40c_03179,3,3,300,0.7554455445544555,1.0,1.0,0.7666666666666666,8dc418bff5fd02f0d4ae3fe429ae968fa6becb974ffac49a7b8997267b257295
ra_stems_project_seed0,ra_stems_project,0,v40c_03180,1,1,100,0.7,0.9999999999999999,0.9999999999999999,0.7,8dc418bff5fd02f0d4ae3fe429ae968fa6becb974ffac49a7b8997267b257295
ra_stems_project_seed0,ra_stems_project,0,v40c_03181,1,1,100,0.7,0.9999999999999999,0.9999999999999999,0.7,8dc418bff5fd02f0d4ae3fe429ae968fa6becb974ffac49a7b8997267b257295
ra_stems_project_seed0,ra_stems_project,0,v40c_03182,1,1,100,0.7,0.9999999999999999,0.9999999999999999,0.7,8dc418bff5fd02f0d4ae3fe429ae968fa6becb974ffac49a7b8997267b257295
ra_stems_project_seed0,ra_stems_project,0,v40c_03183,1,1,100,0.7999999999999999,0.9999999999999999,0.9999999999999999,0.8,8dc418bff5fd02f0d4ae3fe429ae968fa6becb974ffac49a7b8997267b257295
ra_stems_project_seed0,ra_stems_project,0,v40c_03184,2,2,200,0.700990099009901,1.0,1.0,0.7,8dc418bff5fd02f0d4ae3fe429ae968fa6becb974ffac49a7b8997267b257295
ra_stems_project_seed0,ra_stems_project,0,v40c_03185,1,1,100,0.7,0.9999999999999999,0.9999999999999999,0.7,8dc418bff5fd02f0d4ae3fe429ae968fa6becb974ffac49a7b8997267b257295
ra_stems_project_seed0,ra_stems_project,0,v40c_03186,1,1,100,0.2513698630136986,0.5,0.013698630136986304,0.6,8dc418bff5fd02f0d4ae3fe429ae968fa6becb974ffac49a7b8997267b257295
ra_stems_project_seed0,ra_stems_project,0,v40c_03187,1,2,100,0.7504950495049505,1.0,1.0,0.75,8dc418bff5fd02f0d4ae3fe429ae968fa6becb974ffac49a7b8997267b257295
ra_stems_project_seed0,ra_stems_project,0,v40c_03188,1,2,100,0.6757425742574257,1.0,1.0,0.75,8dc418bff5fd02f0d4ae3fe429ae968fa6becb974ffac49a7b8997267b257295
ra_stems_project_seed0,ra_stems_project,0,v40c_03189,1,1,100,0.9999999999999998,0.9999999999999999,0.9999999999999999,1.0,8dc418bff5fd02f0d4ae3fe429ae968fa6becb974ffac49a7b8997267b257295
ra_stems_project_seed0,ra_stems_project,0,v40c_03190,1,1,100,0.9999999999999998,0.9999999999999999,0.9999999999999999,1.0,8dc418bff5fd02f0d4ae3fe429ae968fa6becb974ffac49a7b8997267b257295
ra_stems_project_seed0,ra_stems_project,0,v40c_03191,1,1,100,0.9999999999999998,0.9999999999999999,0.9999999999999999,1.0,8dc418bff5fd02f0d4ae3fe429ae968fa6becb974ffac49a7b8997267b257295
ra_stems_project_seed0,ra_stems_project,0,v40c_03192,1,1,100,0.8999999999999998,0.9999999999999999,0.9999999999999999,0.9,8dc418bff5fd02f0d4ae3fe429ae968fa6becb974ffac49a7b8997267b257295
ra_stems_project_seed0,ra_stems_project,0,v40c_03193,1,1,100,0.8999999999999998,0.9999999999999999,0.9999999999999999,0.9,8dc418bff5fd02f0d4ae3fe429ae968fa6becb974ffac49a7b8997267b257295
ra_stems_project_seed0,ra_stems_project,0,v40c_03194,1,1,100,0.8999999999999998,0.9999999999999999,0.9999999999999999,0.9,8dc418bff5fd02f0d4ae3fe429ae968fa6becb974ffac49a7b8997267b257295
ra_stems_project_seed0,ra_stems_project,0,v40c_03195,1,1,100,0.8999999999999998,0.9999999999999999,0.9999999999999999,0.9,8dc418bff5fd02f0d4ae3fe429ae968fa6becb974ffac49a7b8997267b257295
ra_stems_project_seed0,ra_stems_project,0,v40c_03196,1,1,100,0.8999999999999998,0.9999999999999999,0.9999999999999999,0.9,8dc418bff5fd02f0d4ae3fe429ae968fa6becb974ffac49a7b8997267b257295
ra_stems_project_seed0,ra_stems_project,0,v40c_03197,1,1,100,0.7999999999999999,0.9999999999999999,0.9999999999999999,0.8,8dc418bff5fd02f0d4ae3fe429ae968fa6becb974ffac49a7b8997267b257295
ra_stems_project_seed0,ra_stems_project,0,v40c_03198,1,1,100,0.7,0.9999999999999999,0.9999999999999999,0.7,8dc418bff5fd02f0d4ae3fe429ae968fa6becb974ffac49a7b8997267b257295
ra_stems_project_seed0,ra_stems_project,0,v40c_03199,3,3,300,0.8224422442244226,1.0,1.0,0.8666666666666668,8dc418bff5fd02f0d4ae3fe429ae968fa6becb974ffac49a7b8997267b257295
ra_stems_project_seed0,ra_stems_project,0,v40c_03200,2,2,200,0.8,1.0,1.0,0.8,8dc418bff5fd02f0d4ae3fe429ae968fa6becb974ffac49a7b8997267b257295
ra_stems_project_seed0,ra_stems_project,0,v40c_03201,1,1,100,0.7999999999999999,0.9999999999999999,0.9999999999999999,0.8,8dc418bff5fd02f0d4ae3fe429ae968fa6becb974ffac49a7b8997267b257295
ra_stems_project_seed0,ra_stems_project,0,v40c_03202,2,2,200,0.8252475247524753,1.0,1.0,0.85,8dc418bff5fd02f0d4ae3fe429ae968fa6becb974ffac49a7b8997267b257295
ra_stems_project_seed0,ra_stems_project,0,v40c_03234,8,8,800,0.8585808580858085,1.0,1.0,0.8875,8dc418bff5fd02f0d4ae3fe429ae968fa6becb974ffac49a7b8997267b257295
ra_stems_project_seed0,ra_stems_project,0,v40c_03235,1,1,100,0.7999999999999999,0.9999999999999999,0.9999999999999999,0.8,8dc418bff5fd02f0d4ae3fe429ae968fa6becb974ffac49a7b8997267b257295
ra_stems_project_seed0,ra_stems_project,0,v40c_03236,2,2,200,0.9,1.0,1.0,0.9,8dc418bff5fd02f0d4ae3fe429ae968fa6becb974ffac49a7b8997267b257295
ra_stems_project_seed0,ra_stems_project,0,v40c_03237,2,2,200,0.8,1.0,1.0,0.8,8dc418bff5fd02f0d4ae3fe429ae968fa6becb974ffac49a7b8997267b257295
ra_stems_project_seed0,ra_stems_project,0,v40c_03238,2,2,200,0.7,1.0,1.0,0.7,8dc418bff5fd02f0d4ae3fe429ae968fa6becb974ffac49a7b8997267b257295
ra_stems_project_seed0,ra_stems_project,0,v40c_03239,3,3,300,0.7673267326732673,1.0,1.0,0.7666666666666666,8dc418bff5fd02f0d4ae3fe429ae968fa6becb974ffac49a7b8997267b257295
ra_stems_project_seed0,ra_stems_project,0,v40c_03240,3,3,300,0.8336633663366337,1.0,1.0,0.8333333333333334,8dc418bff5fd02f0d4ae3fe429ae968fa6becb974ffac49a7b8997267b257295
ra_stems_project_seed0,ra_stems_project,0,v40c_03241,1,1,100,0.7999999999999999,0.9999999999999999,0.9999999999999999,0.8,8dc418bff5fd02f0d4ae3fe429ae968fa6becb974ffac49a7b8997267b257295
ra_stems_project_seed0,ra_stems_project,0,v40c_03242,1,1,100,0.8999999999999998,0.9999999999999999,0.9999999999999999,0.9,8dc418bff5fd02f0d4ae3fe429ae968fa6becb974ffac49a7b8997267b257295
ra_stems_project_seed0,ra_stems_project,0,v40c_03243,1,1,100,0.7999999999999999,0.9999999999999999,0.9999999999999999,0.8,8dc418bff5fd02f0d4ae3fe429ae968fa6becb974ffac49a7b8997267b257295
ra_stems_project_seed0,ra_stems_project,0,v40c_03244,1,1,100,0.5999999999999999,0.9999999999999999,0.9999999999999999,0.6,8dc418bff5fd02f0d4ae3fe429ae968fa6becb974ffac49a7b8997267b257295
ra_stems_project_seed0,ra_stems_project,0,v40c_03245,1,1,100,0.5999999999999999,0.9999999999999999,0.9999999999999999,0.6,8dc418bff5fd02f0d4ae3fe429ae968fa6becb974ffac49a7b8997267b257295
ra_stems_project_seed0,ra_stems_project,0,v40c_03246,2,2,200,0.9,1.0,1.0,0.9,8dc418bff5fd02f0d4ae3fe429ae968fa6becb974ffac49a7b8997267b257295
ra_stems_project_seed0,ra_stems_project,0,v40c_03247,1,1,100,0.8999999999999998,0.9999999999999999,0.9999999999999999,0.9,8dc418bff5fd02f0d4ae3fe429ae968fa6becb974ffac49a7b8997267b257295
ra_stems_project_seed0,ra_stems_project,0,v40c_03262,1,5,100,0.8524752475247525,1.0,1.0,0.86,8dc418bff5fd02f0d4ae3fe429ae968fa6becb974ffac49a7b8997267b257295
ra_stems_project_seed0,ra_stems_project,0,v40c_03263,1,5,100,0.8029702970297029,1.0,1.0,0.82,8dc418bff5fd02f0d4ae3fe429ae968fa6becb974ffac49a7b8997267b257295
ra_stems_project_seed0,ra_stems_project,0,v40c_03264,1,5,100,0.8405940594059406,1.0,1.0,0.8400000000000001,8dc418bff5fd02f0d4ae3fe429ae968fa6becb974ffac49a7b8997267b257295
ra_stems_project_seed0,ra_stems_project,0,v40c_03265,2,10,200,0.7722772277227723,1.0,1.0,0.8,8dc418bff5fd02f0d4ae3fe429ae968fa6becb974ffac49a7b8997267b257295
ra_stems_project_seed0,ra_stems_project,0,v40c_03266,1,5,100,0.7168316831683168,1.0,0.7227722772277227,0.74,8dc418bff5fd02f0d4ae3fe429ae968fa6becb974ffac49a7b8997267b257295
ra_stems_project_seed0,ra_stems_project,0,v40c_03267,4,20,400,0.7698719717172955,1.0,1.0,0.7949999999999999,8dc418bff5fd02f0d4ae3fe429ae968fa6becb974ffac49a7b8997267b257295
ra_stems_project_seed0,ra_stems_project,0,v40c_03268,2,10,200,0.7763201320132013,1.0,1.0,0.79,8dc418bff5fd02f0d4ae3fe429ae968fa6becb974ffac49a7b8997267b257295
ra_stems_project_seed0,ra_stems_project,0,v40c_03269,3,15,300,0.8049174917491749,1.0,1.0,0.8266666666666665,8dc418bff5fd02f0d4ae3fe429ae968fa6becb974ffac49a7b8997267b257295
ra_stems_project_seed0,ra_stems_project,0,v40c_03270,1,5,100,0.801980198019802,1.0,1.0,0.8,8dc418bff5fd02f0d4ae3fe429ae968fa6becb974ffac49a7b8997267b257295
ra_stems_project_seed0,ra_stems_project,0,v40c_03271,2,10,200,0.8158415841584159,1.0,1.0,0.8200000000000001,8dc418bff5fd02f0d4ae3fe429ae968fa6becb974ffac49a7b8997267b257295
ra_stems_project_seed0,ra_stems_project,0,v40c_03272,1,5,100,0.8306930693069307,1.0,1.0,0.8400000000000001,8dc418bff5fd02f0d4ae3fe429ae968fa6becb974ffac49a7b8997267b257295
ra_stems_project_seed0,ra_stems_project,0,v40c_03273,2,10,200,0.8144389438943895,1.0,1.0,0.8400000000000001,8dc418bff5fd02f0d4ae3fe429ae968fa6becb974ffac49a7b8997267b257295
ra_stems_project_seed0,ra_stems_project,0,v40c_03274,2,10,200,0.7118811881188118,1.0,1.0,0.73,8dc418bff5fd02f0d4ae3fe429ae968fa6becb974ffac49a7b8997267b257295
ra_stems_project_seed0,ra_stems_project,0,v40c_03275,1,5,100,0.7970297029702971,1.0,1.0,0.8,8dc418bff5fd02f0d4ae3fe429ae968fa6becb974ffac49a7b8997267b257295
ra_stems_project_seed0,ra_stems_project,0,v40c_03276,1,5,100,0.8396039603960395,1.0,1.0,0.86,8dc418bff5fd02f0d4ae3fe429ae968fa6becb974ffac49a7b8997267b257295
ra_stems_project_seed0,ra_stems_project,0,v40c_03277,1,5,100,0.8183168316831683,1.0,1.0,0.8400000000000001,8dc418bff5fd02f0d4ae3fe429ae968fa6becb974ffac49a7b8997267b257295
ra_stems_project_seed0,ra_stems_project,0,v40c_03278,1,5,100,0.7683168316831683,1.0,1.0,0.78,8dc418bff5fd02f0d4ae3fe429ae968fa6becb974ffac49a7b8997267b257295
ra_stems_project_seed0,ra_stems_project,0,v40c_03279,1,5,100,0.7328712871287129,1.0,1.0,0.76,8dc418bff5fd02f0d4ae3fe429ae968fa6becb974ffac49a7b8997267b257295
ra_stems_project_seed0,ra_stems_project,0,v40c_03280,1,5,100,0.7722772277227723,1.0,1.0,0.78,8dc418bff5fd02f0d4ae3fe429ae968fa6becb974ffac49a7b8997267b257295
ra_stems_project_seed0,ra_stems_project,0,v40c_03281,1,5,100,0.8207920792079207,1.0,1.0,0.82,8dc418bff5fd02f0d4ae3fe429ae968fa6becb974ffac49a7b8997267b257295
ra_stems_project_seed0,ra_stems_project,0,v40c_03282,1,5,100,0.7178217821782178,1.0,1.0,0.72,8dc418bff5fd02f0d4ae3fe429ae968fa6becb974ffac49a7b8997267b257295
ra_stems_project_seed0,ra_stems_project,0,v40c_03283,1,6,100,0.7001076194575979,0.8755919070167886,0.8755919070167886,0.7833333333333334,8dc418bff5fd02f0d4ae3fe429ae968fa6becb974ffac49a7b8997267b257295
ra_stems_project_seed0,ra_stems_project,0,v40c_03284,3,13,300,0.7697111908993095,0.9719218075653716,0.9400500489609398,0.823076923076923,8dc418bff5fd02f0d4ae3fe429ae968fa6becb974ffac49a7b8997267b257295
ra_stems_project_seed0,ra_stems_project,0,v40c_03285,1,4,100,0.7633663366336634,1.0,1.0,0.775,8dc418bff5fd02f0d4ae3fe429ae968fa6becb974ffac49a7b8997267b257295
ra_stems_project_seed0,ra_stems_project,0,v40c_03286,1,4,100,0.7754950495049504,1.0,1.0,0.8,8dc418bff5fd02f0d4ae3fe429ae968fa6becb974ffac49a7b8997267b257295
ra_stems_project_seed0,ra_stems_project,0,v40c_03287,1,4,100,0.6205445544554455,0.8556105610561057,0.8556105610561057,0.725,8dc418bff5fd02f0d4ae3fe429ae968fa6becb974ffac49a7b8997267b257295
ra_stems_project_seed0,ra_stems_project,0,v40c_03288,1,3,100,0.7410891089108912,0.9158415841584159,0.9158415841584159,0.7999999999999999,8dc418bff5fd02f0d4ae3fe429ae968fa6becb974ffac49a7b8997267b257295
ra_stems_project_seed0,ra_stems_project,0,v40c_03289,1,4,100,0.5536003600360037,0.7974797479747976,0.5387038703870388,0.675,8dc418bff5fd02f0d4ae3fe429ae968fa6becb974ffac49a7b8997267b257295
ra_stems_project_seed0,ra_stems_project,0,v40c_03290,1,4,100,0.6479490806223478,0.8939179632248937,0.7524752475247525,0.7,8dc418bff5fd02f0d4ae3fe429ae968fa6becb974ffac49a7b8997267b257295
ra_stems_project_seed0,ra_stems_project,0,v40c_03291,1,4,100,0.7693069306930693,1.0,1.0,0.8,8dc418bff5fd02f0d4ae3fe429ae968fa6becb974ffac49a7b8997267b257295
ra_stems_project_seed0,ra_stems_project,0,v40c_03292,1,4,100,0.7171617161716172,1.0,1.0,0.75,8dc418bff5fd02f0d4ae3fe429ae968fa6becb974ffac49a7b8997267b257295
ra_stems_project_seed0,ra_stems_project,0,v40c_03293,1,4,100,0.7881188118811882,1.0,1.0,0.825,8dc418bff5fd02f0d4ae3fe429ae968fa6becb974ffac49a7b8997267b257295
ra_stems_project_seed0,ra_stems_project,0,v40c_03294,1,4,100,0.8064356435643564,1.0,1.0,0.825,8dc418bff5fd02f0d4ae3fe429ae968fa6becb974ffac49a7b8997267b257295
ra_stems_project_seed0,ra_stems_project,0,v40c_03295,1,4,100,0.8381188118811881,1.0,1.0,0.85,8dc418bff5fd02f0d4ae3fe429ae968fa6becb974ffac49a7b8997267b257295
ra_stems_project_seed0,ra_stems_project,0,v40c_03296,1,4,100,0.7381188118811881,1.0,1.0,0.775,8dc418bff5fd02f0d4ae3fe429ae968fa6becb974ffac49a7b8997267b257295
ra_stems_project_seed0,ra_stems_project,0,v40c_03297,1,3,100,0.7336633663366336,1.0,1.0,0.7666666666666666,8dc418bff5fd02f0d4ae3fe429ae968fa6becb974ffac49a7b8997267b257295
ra_stems_project_seed0,ra_stems_project,0,v40c_03298,1,2,100,0.7504950495049505,1.0,1.0,0.75,8dc418bff5fd02f0d4ae3fe429ae968fa6becb974ffac49a7b8997267b257295
ra_stems_project_seed0,ra_stems_project,0,v40c_03299,1,2,100,0.700990099009901,1.0,1.0,0.7,8dc418bff5fd02f0d4ae3fe429ae968fa6becb974ffac49a7b8997267b257295
ra_stems_project_seed0,ra_stems_project,0,v40c_03300,1,4,100,0.5782178217821782,0.7524752475247525,0.7524752475247525,0.575,8dc418bff5fd02f0d4ae3fe429ae968fa6becb974ffac49a7b8997267b257295
ra_stems_project_seed0,ra_stems_project,0,v40c_03301,1,4,100,0.6848184818481848,0.8762376237623762,0.8762376237623762,0.775,8dc418bff5fd02f0d4ae3fe429ae968fa6becb974ffac49a7b8997267b257295
ra_stems_project_seed0,ra_stems_project,0,v40c_03302,5,20,500,0.7281796278691189,0.9728972897289728,0.9119789546712226,0.8,8dc418bff5fd02f0d4ae3fe429ae968fa6becb974ffac49a7b8997267b257295
ra_stems_project_seed0,ra_stems_project,0,v40c_03303,1,4,100,0.7138613861386138,0.9504950495049505,0.7524752475247525,0.75,8dc418bff5fd02f0d4ae3fe429ae968fa6becb974ffac49a7b8997267b257295
ra_stems_project_seed0,ra_stems_project,0,v40c_03304,5,19,500,0.6322813888674099,0.8392777295908369,0.7821782178217822,0.7473684210526316,8dc418bff5fd02f0d4ae3fe429ae968fa6becb974ffac49a7b8997267b257295
ra_stems_project_seed0,ra_stems_project,0,v40c_03305,1,3,100,0.8,1.0,1.0,0.8,8dc418bff5fd02f0d4ae3fe429ae968fa6becb974ffac49a7b8997267b257295
ra_stems_project_seed0,ra_stems_project,0,v40c_03339,2,2,200,0.9252475247524753,1.0,1.0,0.95,8dc418bff5fd02f0d4ae3fe429ae968fa6becb974ffac49a7b8997267b257295
ra_stems_project_seed0,ra_stems_project,0,v40c_03340,1,1,100,0.5999999999999999,0.9999999999999999,0.9999999999999999,0.6,8dc418bff5fd02f0d4ae3fe429ae968fa6becb974ffac49a7b8997267b257295
ra_stems_project_seed0,ra_stems_project,0,v40c_03341,2,2,200,0.6,1.0,1.0,0.6,8dc418bff5fd02f0d4ae3fe429ae968fa6becb974ffac49a7b8997267b257295
ra_stems_project_seed0,ra_stems_project,0,v40c_03342,2,3,200,0.3472201066260472,0.7022086824067021,0.0,0.4666666666666667,8dc418bff5fd02f0d4ae3fe429ae968fa6becb974ffac49a7b8997267b257295
ra_stems_project_seed0,ra_stems_project,0,v40c_03343,1,2,100,0.18570142728558564,0.5949594959495947,0.0,0.4,8dc418bff5fd02f0d4ae3fe429ae968fa6becb974ffac49a7b8997267b257295
ra_stems_project_seed0,ra_stems_project,0,v40c_03344,2,4,200,0.16946894689468942,0.6849684968496846,0.0042904290429042905,0.425,8dc418bff5fd02f0d4ae3fe429ae968fa6becb974ffac49a7b8997267b257295
ra_stems_project_seed0,ra_stems_project,0,v40c_03345,1,1,100,0.1125,0.9999999999999999,0.0,0.2,8dc418bff5fd02f0d4ae3fe429ae968fa6becb974ffac49a7b8997267b257295
ra_stems_project_seed0,ra_stems_project,0,v40c_03346,3,4,300,0.06143864386438643,0.34743474347434744,0.0,0.225,8dc418bff5fd02f0d4ae3fe429ae968fa6becb974ffac49a7b8997267b257295
ra_stems_project_seed0,ra_stems_project,0,v40c_03347,4,4,400,0.007612107364582612,0.06772023356181772,0.0,0.2,8dc418bff5fd02f0d4ae3fe429ae968fa6becb974ffac49a7b8997267b257295
ra_stems_project_seed0,ra_stems_project,0,v40c_03348,1,1,100,0.15,0.5,0.0,0.3,8dc418bff5fd02f0d4ae3fe429ae968fa6becb974ffac49a7b8997267b257295
ra_stems_project_seed0,ra_stems_project,0,v40c_03349,2,2,200,0.02143366846337143,0.09523809523809522,0.0,0.45,8dc418bff5fd02f0d4ae3fe429ae968fa6becb974ffac49a7b8997267b257295
ra_stems_project_seed0,ra_stems_project,0,v40c_03350,1,1,100,0.03181818181818184,0.045454545454545484,0.045454545454545484,0.7,8dc418bff5fd02f0d4ae3fe429ae968fa6becb974ffac49a7b8997267b257295
ra_stems_project_seed0,ra_stems_project,0,v40c_03351,1,1,100,0.019999999999999997,0.033333333333333326,0.033333333333333326,0.6,8dc418bff5fd02f0d4ae3fe429ae968fa6becb974ffac49a7b8997267b257295
ra_stems_project_seed0,ra_stems_project,0,v40c_03353,3,3,300,0.3118144998154956,0.35970781631373716,0.33663366336633654,0.5333333333333333,8dc418bff5fd02f0d4ae3fe429ae968fa6becb974ffac49a7b8997267b257295
ra_stems_project_seed0,ra_stems_project,0,v40c_03354,1,1,100,0.7999999999999999,0.9999999999999999,0.9999999999999999,0.8,8dc418bff5fd02f0d4ae3fe429ae968fa6becb974ffac49a7b8997267b257295
ra_stems_project_seed0,ra_stems_project,0,v40c_03355,1,2,100,0.6479647964796479,0.834983498349835,0.6149614961496149,0.85,8dc418bff5fd02f0d4ae3fe429ae968fa6becb974ffac49a7b8997267b257295
ra_stems_project_seed0,ra_stems_project,0,v40c_03356,2,4,200,0.384395876773607,0.5234272170935685,0.5086820239812926,0.575,8dc418bff5fd02f0d4ae3fe429ae968fa6becb974ffac49a7b8997267b257295
ra_stems_project_seed0,ra_stems_project,0,v40c_03357,3,6,300,0.33223680270788636,0.5349606108188654,0.504950495049505,0.45,8dc418bff5fd02f0d4ae3fe429ae968fa6becb974ffac49a7b8997267b257295
ra_stems_project_seed0,ra_stems_project,0,v40c_03358,1,2,100,0.5514851485148514,1.0,0.5049504950495048,0.55,8dc418bff5fd02f0d4ae3fe429ae968fa6becb974ffac49a7b8997267b257295
ra_stems_project_seed0,ra_stems_project,0,v40c_03359,2,4,200,0.5349834983498349,0.834983498349835,0.834983498349835,0.7,8dc418bff5fd02f0d4ae3fe429ae968fa6becb974ffac49a7b8997267b257295
ra_stems_project_seed0,ra_stems_project,0,v40c_03360,1,2,100,0.5425742574257427,0.7029702970297033,0.7029702970297033,0.75,8dc418bff5fd02f0d4ae3fe429ae968fa6becb974ffac49a7b8997267b257295
ra_stems_project_seed0,ra_stems_project,0,v40c_03361,2,4,200,0.47515322960867507,0.6369636963696369,0.6369636963696369,0.75,8dc418bff5fd02f0d4ae3fe429ae968fa6becb974ffac49a7b8997267b257295
ra_stems_project_seed0,ra_stems_project,0,v40c_03362,1,2,100,0.4589658965896589,0.6149614961496149,0.5049504950495048,0.65,8dc418bff5fd02f0d4ae3fe429ae968fa6becb974ffac49a7b8997267b257295
ra_stems_project_seed0,ra_stems_project,0,v40c_03363,1,2,100,0.6504950495049504,1.0,1.0,0.65,8dc418bff5fd02f0d4ae3fe429ae968fa6becb974ffac49a7b8997267b257295
ra_stems_project_seed0,ra_stems_project,0,v40c_03364,3,3,300,0.6336633663366337,1.0,1.0,0.6666666666666666,8dc418bff5fd02f0d4ae3fe429ae968fa6becb974ffac49a7b8997267b257295
ra_stems_project_seed0,ra_stems_project,0,v40c_03365,3,3,300,0.7,1.0,1.0,0.7,8dc418bff5fd02f0d4ae3fe429ae968fa6becb974ffac49a7b8997267b257295
ra_stems_project_seed0,ra_stems_project,0,v40c_03366,1,1,100,0.7999999999999999,0.9999999999999999,0.9999999999999999,0.8,8dc418bff5fd02f0d4ae3fe429ae968fa6becb974ffac49a7b8997267b257295
ra_stems_project_seed0,ra_stems_project,0,v40c_03367,1,1,100,0.8999999999999998,0.9999999999999999,0.9999999999999999,0.9,8dc418bff5fd02f0d4ae3fe429ae968fa6becb974ffac49a7b8997267b257295
ra_stems_project_seed0,ra_stems_project,0,v40c_03368,1,1,100,0.8999999999999998,0.9999999999999999,0.9999999999999999,0.9,8dc418bff5fd02f0d4ae3fe429ae968fa6becb974ffac49a7b8997267b257295
ra_stems_project_seed0,ra_stems_project,0,v40c_03369,3,3,300,0.761056105610561,1.0,1.0,0.7999999999999999,8dc418bff5fd02f0d4ae3fe429ae968fa6becb974ffac49a7b8997267b257295
ra_stems_project_seed0,ra_stems_project,0,v40c_03370,1,1,100,0.4999999999999999,0.9999999999999999,0.0,0.5,8dc418bff5fd02f0d4ae3fe429ae968fa6becb974ffac49a7b8997267b257295
ra_stems_project_seed0,ra_stems_project,0,v40c_03371,1,2,100,0.012623762376237625,0.025247524752475246,0.0,0.25,8dc418bff5fd02f0d4ae3fe429ae968fa6becb974ffac49a7b8997267b257295
ra_stems_project_seed0,ra_stems_project,0,v40c_03444,2,8,200,0.8752475247524751,1.0,1.0,0.8875,8dc418bff5fd02f0d4ae3fe429ae968fa6becb974ffac49a7b8997267b257295
ra_stems_project_seed0,ra_stems_project,0,v40c_03504,1,4,100,0.6179867986798679,0.7772277227722769,0.7524752475247525,0.7,8dc418bff5fd02f0d4ae3fe429ae968fa6becb974ffac49a7b8997267b257295
ra_stems_project_seed0,ra_stems_project,0,v40c_03505,1,3,100,0.5368136813681369,0.6939693969396943,0.6633663366336634,0.6,8dc418bff5fd02f0d4ae3fe429ae968fa6becb974ffac49a7b8997267b257295
ra_stems_project_seed0,ra_stems_project,0,v40c_03506,1,3,100,0.8663366336633663,1.0,1.0,0.8666666666666666,8dc418bff5fd02f0d4ae3fe429ae968fa6becb974ffac49a7b8997267b257295
ra_stems_project_seed0,ra_stems_project,0,v40c_03507,1,3,100,0.7891089108910891,1.0,1.0,0.7999999999999999,8dc418bff5fd02f0d4ae3fe429ae968fa6becb974ffac49a7b8997267b257295
ra_stems_project_seed0,ra_stems_project,0,v40c_03508,1,3,100,0.43907355021216415,0.5724893917963227,0.5544554455445545,0.5999999999999999,8dc418bff5fd02f0d4ae3fe429ae968fa6becb974ffac49a7b8997267b257295
ra_stems_project_seed0,ra_stems_project,0,v40c_03509,1,2,100,0.8,1.0,1.0,0.8,8dc418bff5fd02f0d4ae3fe429ae968fa6becb974ffac49a7b8997267b257295
ra_stems_project_seed0,ra_stems_project,0,v40c_03510,1,3,100,0.8,1.0,1.0,0.8,8dc418bff5fd02f0d4ae3fe429ae968fa6becb974ffac49a7b8997267b257295
ra_stems_project_seed0,ra_stems_project,0,v40c_03511,1,3,100,0.8663366336633663,1.0,1.0,0.8666666666666666,8dc418bff5fd02f0d4ae3fe429ae968fa6becb974ffac49a7b8997267b257295
ra_stems_project_seed0,ra_stems_project,0,v40c_03512,1,3,100,0.7336633663366336,1.0,1.0,0.7666666666666666,8dc418bff5fd02f0d4ae3fe429ae968fa6becb974ffac49a7b8997267b257295
ra_stems_project_seed0,ra_stems_project,0,v40c_03513,1,3,100,0.8,1.0,1.0,0.8,8dc418bff5fd02f0d4ae3fe429ae968fa6becb974ffac49a7b8997267b257295
ra_stems_project_seed0,ra_stems_project,0,v40c_03514,1,2,100,0.667986798679868,0.834983498349835,0.834983498349835,0.8,8dc418bff5fd02f0d4ae3fe429ae968fa6becb974ffac49a7b8997267b257295
ra_stems_project_seed0,ra_stems_project,0,v40c_03515,2,4,200,0.6907590759075909,0.8349834983498351,0.8349834983498351,0.85,8dc418bff5fd02f0d4ae3fe429ae968fa6becb974ffac49a7b8997267b257295
ra_stems_project_seed0,ra_stems_project,0,v40c_03516,1,2,100,0.667986798679868,0.834983498349835,0.834983498349835,0.8,8dc418bff5fd02f0d4ae3fe429ae968fa6becb974ffac49a7b8997267b257295
ra_stems_project_seed0,ra_stems_project,0,v40c_03517,7,15,700,0.6429496561172686,0.808413493151972,0.792185983304213,0.7666666666666668,8dc418bff5fd02f0d4ae3fe429ae968fa6becb974ffac49a7b8997267b257295
ra_stems_project_seed0,ra_stems_project,0,v40c_03518,1,2,100,0.9,1.0,1.0,0.9,8dc418bff5fd02f0d4ae3fe429ae968fa6becb974ffac49a7b8997267b257295
ra_stems_project_seed0,ra_stems_project,0,v40c_03519,1,2,100,0.5194719471947191,0.6699669966996696,0.6699669966996696,0.75,8dc418bff5fd02f0d4ae3fe429ae968fa6becb974ffac49a7b8997267b257295
ra_stems_project_seed0,ra_stems_project,0,v40c_03520,1,2,100,0.6524752475247524,1.0,0.5049504950495048,0.65,8dc418bff5fd02f0d4ae3fe429ae968fa6becb974ffac49a7b8997267b257295
ra_stems_project_seed0,ra_stems_project,0,v40c_03521,1,1,100,0.7,0.9999999999999999,0.9999999999999999,0.7,8dc418bff5fd02f0d4ae3fe429ae968fa6becb974ffac49a7b8997267b257295
ra_stems_project_seed0,ra_stems_project,0,v40c_03522,1,1,100,0.8999999999999998,0.9999999999999999,0.9999999999999999,0.9,8dc418bff5fd02f0d4ae3fe429ae968fa6becb974ffac49a7b8997267b257295
ra_stems_project_seed0,ra_stems_project,0,v40c_03523,1,1,100,0.7999999999999999,0.9999999999999999,0.9999999999999999,0.8,8dc418bff5fd02f0d4ae3fe429ae968fa6becb974ffac49a7b8997267b257295
ra_stems_project_seed0,ra_stems_project,0,v40c_03524,1,1,100,0.7999999999999999,0.9999999999999999,0.9999999999999999,0.8,8dc418bff5fd02f0d4ae3fe429ae968fa6becb974ffac49a7b8997267b257295
ra_stems_project_seed0,ra_stems_project,0,v40c_03525,1,1,100,0.9999999999999998,0.9999999999999999,0.9999999999999999,1.0,8dc418bff5fd02f0d4ae3fe429ae968fa6becb974ffac49a7b8997267b257295
ra_stems_project_seed0,ra_stems_project,0,v40c_03526,1,1,100,0.8999999999999998,0.9999999999999999,0.9999999999999999,0.9,8dc418bff5fd02f0d4ae3fe429ae968fa6becb974ffac49a7b8997267b257295
ra_stems_project_seed0,ra_stems_project,0,v40c_03527,1,1,100,0.7,0.9999999999999999,0.9999999999999999,0.7,8dc418bff5fd02f0d4ae3fe429ae968fa6becb974ffac49a7b8997267b257295
ra_stems_project_seed0,ra_stems_project,0,v40c_03528,2,2,200,0.8009900990099009,1.0,1.0,0.8,8dc418bff5fd02f0d4ae3fe429ae968fa6becb974ffac49a7b8997267b257295
ra_stems_project_seed0,ra_stems_project,0,v40c_03529,2,2,200,0.8009900990099009,1.0,1.0,0.8,8dc418bff5fd02f0d4ae3fe429ae968fa6becb974ffac49a7b8997267b257295
ra_stems_project_seed0,ra_stems_project,0,v40c_03530,1,1,100,0.8999999999999998,0.9999999999999999,0.9999999999999999,0.9,8dc418bff5fd02f0d4ae3fe429ae968fa6becb974ffac49a7b8997267b257295
ra_stems_project_seed0,ra_stems_project,0,v40c_03531,1,1,100,0.7999999999999999,0.9999999999999999,0.9999999999999999,0.8,8dc418bff5fd02f0d4ae3fe429ae968fa6becb974ffac49a7b8997267b257295
ra_stems_project_seed0,ra_stems_project,0,v40c_03532,1,1,100,0.7999999999999999,0.9999999999999999,0.9999999999999999,0.8,8dc418bff5fd02f0d4ae3fe429ae968fa6becb974ffac49a7b8997267b257295
ra_stems_project_seed0,ra_stems_project,0,v40c_03533,1,2,100,0.43442498095963444,0.5811119573495812,0.5049504950495048,0.6,8dc418bff5fd02f0d4ae3fe429ae968fa6becb974ffac49a7b8997267b257295
ra_stems_project_seed0,ra_stems_project,0,v40c_03534,1,1,100,0.7999999999999999,0.9999999999999999,0.9999999999999999,0.8,8dc418bff5fd02f0d4ae3fe429ae968fa6becb974ffac49a7b8997267b257295
ra_stems_project_seed0,ra_stems_project,0,v40c_03535,1,1,100,0.9999999999999998,0.9999999999999999,0.9999999999999999,1.0,8dc418bff5fd02f0d4ae3fe429ae968fa6becb974ffac49a7b8997267b257295
ra_stems_project_seed0,ra_stems_project,0,v40c_03536,1,1,100,0.8999999999999998,0.9999999999999999,0.9999999999999999,0.9,8dc418bff5fd02f0d4ae3fe429ae968fa6becb974ffac49a7b8997267b257295
ra_stems_project_seed0,ra_stems_project,0,v40c_03537,1,1,100,0.8999999999999998,0.9999999999999999,0.9999999999999999,0.9,8dc418bff5fd02f0d4ae3fe429ae968fa6becb974ffac49a7b8997267b257295
ra_stems_project_seed0,ra_stems_project,0,v40c_03538,1,1,100,0.2,0.25,0.25,0.8,8dc418bff5fd02f0d4ae3fe429ae968fa6becb974ffac49a7b8997267b257295
ra_stems_project_seed0,ra_stems_project,0,v40c_03539,1,1,100,0.11600000000000002,0.3333333333333334,0.039999999999999994,0.7,8dc418bff5fd02f0d4ae3fe429ae968fa6becb974ffac49a7b8997267b257295
ra_stems_project_seed0,ra_stems_project,0,v40c_03540,1,1,100,0.09999999999999995,0.1428571428571428,0.1428571428571428,0.7,8dc418bff5fd02f0d4ae3fe429ae968fa6becb974ffac49a7b8997267b257295
ra_stems_project_seed0,ra_stems_project,0,v40c_03541,1,1,100,0.4026666666666666,0.9999999999999999,0.013333333333333338,0.6,8dc418bff5fd02f0d4ae3fe429ae968fa6becb974ffac49a7b8997267b257295
ra_stems_project_seed0,ra_stems_project,0,v40c_03542,1,1,100,0.5999999999999999,0.9999999999999999,0.9999999999999999,0.6,8dc418bff5fd02f0d4ae3fe429ae968fa6becb974ffac49a7b8997267b257295
ra_stems_project_seed0,ra_stems_project,0,v40c_03543,2,2,200,0.02582952526021832,0.1333333333333333,0.019230769230769225,0.65,8dc418bff5fd02f0d4ae3fe429ae968fa6becb974ffac49a7b8997267b257295
ra_stems_project_seed0,ra_stems_project,0,v40c_03544,1,1,100,0.038537549407114645,0.09090909090909097,0.010869565217391304,0.6,8dc418bff5fd02f0d4ae3fe429ae968fa6becb974ffac49a7b8997267b257295
ra_stems_project_seed0,ra_stems_project,0,v40c_03570,1,1,100,0.7999999999999999,0.9999999999999999,0.9999999999999999,0.8,8dc418bff5fd02f0d4ae3fe429ae968fa6becb974ffac49a7b8997267b257295
ra_stems_project_seed0,ra_stems_project,0,v40c_03571,2,3,200,0.7663366336633664,1.0,1.0,0.7666666666666666,8dc418bff5fd02f0d4ae3fe429ae968fa6becb974ffac49a7b8997267b257295
ra_stems_project_seed0,ra_stems_project,0,v40c_03572,1,2,100,0.8504950495049506,1.0,1.0,0.9,8dc418bff5fd02f0d4ae3fe429ae968fa6becb974ffac49a7b8997267b257295
ra_stems_project_seed0,ra_stems_project,0,v40c_03573,1,2,100,0.8504950495049505,1.0,1.0,0.85,8dc418bff5fd02f0d4ae3fe429ae968fa6becb974ffac49a7b8997267b257295
ra_stems_project_seed0,ra_stems_project,0,v40c_03574,2,3,200,0.5581683168316831,0.75,0.75,0.7666666666666666,8dc418bff5fd02f0d4ae3fe429ae968fa6becb974ffac49a7b8997267b257295
ra_stems_project_seed0,ra_stems_project,0,v40c_03575,2,5,200,0.6968646864686469,0.933993399339934,0.8613861386138614,0.8,8dc418bff5fd02f0d4ae3fe429ae968fa6becb974ffac49a7b8997267b257295
ra_stems_project_seed0,ra_stems_project,0,v40c_03576,30,50,3000,0.605723754515743,0.8995276757910553,0.7446005727308428,0.726,8dc418bff5fd02f0d4ae3fe429ae968fa6becb974ffac49a7b8997267b257295
ra_stems_project_seed0,ra_stems_project,0,v40c_03577,1,2,100,0.9252475247524753,1.0,1.0,0.95,8dc418bff5fd02f0d4ae3fe429ae968fa6becb974ffac49a7b8997267b257295
ra_stems_project_seed0,ra_stems_project,0,v40c_03578,1,2,100,0.8504950495049506,1.0,1.0,0.9,8dc418bff5fd02f0d4ae3fe429ae968fa6becb974ffac49a7b8997267b257295
ra_stems_project_seed0,ra_stems_project,0,v40c_03579,1,2,100,0.9009900990099009,1.0,1.0,0.9,8dc418bff5fd02f0d4ae3fe429ae968fa6becb974ffac49a7b8997267b257295
ra_stems_project_seed0,ra_stems_project,0,v40c_03580,1,2,100,0.7683168316831683,0.834983498349835,0.834983498349835,0.95,8dc418bff5fd02f0d4ae3fe429ae968fa6becb974ffac49a7b8997267b257295
ra_stems_project_seed0,ra_stems_project,0,v40c_03581,1,2,100,0.601980198019802,0.834983498349835,0.834983498349835,0.7,8dc418bff5fd02f0d4ae3fe429ae968fa6becb974ffac49a7b8997267b257295
ra_stems_project_seed0,ra_stems_project,0,v40c_03582,1,3,100,0.47247524752475234,0.7564356435643562,0.33663366336633654,0.5666666666666667,8dc418bff5fd02f0d4ae3fe429ae968fa6becb974ffac49a7b8997267b257295
ra_stems_project_seed0,ra_stems_project,0,v40c_03583,1,2,100,0.9009900990099009,1.0,1.0,0.9,8dc418bff5fd02f0d4ae3fe429ae968fa6becb974ffac49a7b8997267b257295
ra_stems_project_seed0,ra_stems_project,0,v40c_03584,1,2,100,0.7524752475247524,1.0,0.5049504950495048,0.75,8dc418bff5fd02f0d4ae3fe429ae968fa6becb974ffac49a7b8997267b257295
ra_stems_project_seed0,ra_stems_project,0,v40c_03585,1,2,100,0.8252475247524753,1.0,1.0,0.85,8dc418bff5fd02f0d4ae3fe429ae968fa6becb974ffac49a7b8997267b257295
ra_stems_project_seed0,ra_stems_project,0,v40c_03586,1,2,100,0.6757425742574257,1.0,1.0,0.75,8dc418bff5fd02f0d4ae3fe429ae968fa6becb974ffac49a7b8997267b257295
ra_stems_project_seed0,ra_stems_project,0,v40c_03587,1,2,100,0.6,1.0,1.0,0.6,8dc418bff5fd02f0d4ae3fe429ae968fa6becb974ffac49a7b8997267b257295
ra_stems_project_seed0,ra_stems_project,0,v40c_03588,1,2,100,0.48886138613861385,0.834983498349835,0.7524752475247525,0.65,8dc418bff5fd02f0d4ae3fe429ae968fa6becb974ffac49a7b8997267b257295
ra_stems_project_seed0,ra_stems_project,0,v40c_03589,2,3,200,0.5616336633663366,0.8341584158415841,0.5544554455445545,0.6666666666666666,8dc418bff5fd02f0d4ae3fe429ae968fa6becb974ffac49a7b8997267b257295
ra_stems_project_seed0,ra_stems_project,0,v40c_03590,1,2,100,0.36179583475588933,0.834983498349835,0.01741208603618983,0.6,8dc418bff5fd02f0d4ae3fe429ae968fa6becb974ffac49a7b8997267b257295
ra_stems_project_seed0,ra_stems_project,0,v40c_03591,1,1,100,0.40249999999999997,0.9999999999999999,0.0,0.5,8dc418bff5fd02f0d4ae3fe429ae968fa6becb974ffac49a7b8997267b257295
ra_stems_project_seed0,ra_stems_project,0,v40c_03615,1,2,100,0.9009900990099009,1.0,1.0,0.9,8dc418bff5fd02f0d4ae3fe429ae968fa6becb974ffac49a7b8997267b257295
ra_stems_project_seed0,ra_stems_project,0,v40c_03616,1,2,100,0.5225686398427076,0.834983498349835,0.5049504950495048,0.6,8dc418bff5fd02f0d4ae3fe429ae968fa6becb974ffac49a7b8997267b257295
ra_stems_project_seed0,ra_stems_project,0,v40c_03617,1,2,100,0.7757425742574257,1.0,1.0,0.85,8dc418bff5fd02f0d4ae3fe429ae968fa6becb974ffac49a7b8997267b257295
ra_stems_project_seed0,ra_stems_project,0,v40c_03618,1,2,100,0.9504950495049505,1.0,1.0,0.95,8dc418bff5fd02f0d4ae3fe429ae968fa6becb974ffac49a7b8997267b257295
ra_stems_project_seed0,ra_stems_project,0,v40c_03619,1,2,100,0.8504950495049505,1.0,1.0,0.85,8dc418bff5fd02f0d4ae3fe429ae968fa6becb974ffac49a7b8997267b257295
ra_stems_project_seed0,ra_stems_project,0,v40c_03620,1,2,100,0.5403610949330225,0.7524752475247525,0.5049504950495048,0.7,8dc418bff5fd02f0d4ae3fe429ae968fa6becb974ffac49a7b8997267b257295
ra_stems_project_seed0,ra_stems_project,0,v40c_03621,1,2,100,0.6524752475247524,0.834983498349835,0.834983498349835,0.75,8dc418bff5fd02f0d4ae3fe429ae968fa6becb974ffac49a7b8997267b257295
ra_stems_project_seed0,ra_stems_project,0,v40c_03622,1,2,100,0.9,1.0,1.0,0.9,8dc418bff5fd02f0d4ae3fe429ae968fa6becb974ffac49a7b8997267b257295
ra_stems_project_seed0,ra_stems_project,0,v40c_03623,2,4,200,0.8752475247524754,1.0,1.0,0.875,8dc418bff5fd02f0d4ae3fe429ae968fa6becb974ffac49a7b8997267b257295
ra_stems_project_seed0,ra_stems_project,0,v40c_03624,1,2,100,0.9009900990099009,1.0,1.0,0.9,8dc418bff5fd02f0d4ae3fe429ae968fa6becb974ffac49a7b8997267b257295
ra_stems_project_seed0,ra_stems_project,0,v40c_03625,1,2,100,0.9,1.0,1.0,0.9,8dc418bff5fd02f0d4ae3fe429ae968fa6becb974ffac49a7b8997267b257295
ra_stems_project_seed0,ra_stems_project,0,v40c_03626,1,2,100,0.7504950495049505,1.0,1.0,0.75,8dc418bff5fd02f0d4ae3fe429ae968fa6becb974ffac49a7b8997267b257295
ra_stems_project_seed0,ra_stems_project,0,v40c_03627,1,2,100,0.8252475247524753,1.0,1.0,0.85,8dc418bff5fd02f0d4ae3fe429ae968fa6becb974ffac49a7b8997267b257295
ra_stems_project_seed0,ra_stems_project,0,v40c_03628,2,3,200,0.5826732673267327,0.9158415841584159,0.9158415841584159,0.6666666666666666,8dc418bff5fd02f0d4ae3fe429ae968fa6becb974ffac49a7b8997267b257295
ra_stems_project_seed0,ra_stems_project,0,v40c_03629,2,2,200,0.7184818481848184,0.834983498349835,0.834983498349835,0.85,8dc418bff5fd02f0d4ae3fe429ae968fa6becb974ffac49a7b8997267b257295
ra_stems_project_seed0,ra_stems_project,0,v40c_03630,1,1,100,0.9999999999999998,0.9999999999999999,0.9999999999999999,1.0,8dc418bff5fd02f0d4ae3fe429ae968fa6becb974ffac49a7b8997267b257295
ra_stems_project_seed0,ra_stems_project,0,v40c_03631,1,2,100,0.4336633663366337,0.603960396039604,0.5049504950495048,0.55,8dc418bff5fd02f0d4ae3fe429ae968fa6becb974ffac49a7b8997267b257295
ra_stems_project_seed0,ra_stems_project,0,v40c_03632,1,1,100,0.7,0.9999999999999999,0.9999999999999999,0.7,8dc418bff5fd02f0d4ae3fe429ae968fa6becb974ffac49a7b8997267b257295
ra_stems_project_seed0,ra_stems_project,0,v40c_03633,1,1,100,0.7,0.9999999999999999,0.9999999999999999,0.7,8dc418bff5fd02f0d4ae3fe429ae968fa6becb974ffac49a7b8997267b257295
ra_stems_project_seed0,ra_stems_project,0,v40c_03634,2,2,200,0.7514851485148515,1.0,1.0,0.75,8dc418bff5fd02f0d4ae3fe429ae968fa6becb974ffac49a7b8997267b257295
ra_stems_project_seed0,ra_stems_project,0,v40c_03635,1,1,100,0.4999999999999999,0.9999999999999999,0.0,0.5,8dc418bff5fd02f0d4ae3fe429ae968fa6becb974ffac49a7b8997267b257295
ra_stems_project_seed0,ra_stems_project,0,v40c_03636,1,1,100,0.7,0.9999999999999999,0.9999999999999999,0.7,8dc418bff5fd02f0d4ae3fe429ae968fa6becb974ffac49a7b8997267b257295
ra_stems_project_seed0,ra_stems_project,0,v40c_03637,1,1,100,0.7999999999999999,0.9999999999999999,0.9999999999999999,0.8,8dc418bff5fd02f0d4ae3fe429ae968fa6becb974ffac49a7b8997267b257295
ra_stems_project_seed0,ra_stems_project,0,v40c_03638,1,1,100,0.7,0.9999999999999999,0.9999999999999999,0.7,8dc418bff5fd02f0d4ae3fe429ae968fa6becb974ffac49a7b8997267b257295
ra_stems_project_seed0,ra_stems_project,0,v40c_03639,1,1,100,0.5999999999999999,0.9999999999999999,0.9999999999999999,0.6,8dc418bff5fd02f0d4ae3fe429ae968fa6becb974ffac49a7b8997267b257295
ra_stems_project_seed0,ra_stems_project,0,v40c_04010,2,5,200,0.637128712871287,0.9009900990099009,0.6237623762376237,0.74,8dc418bff5fd02f0d4ae3fe429ae968fa6becb974ffac49a7b8997267b257295
ra_stems_project_seed0,ra_stems_project,0,v40c_04032,1,1,100,0.5999999999999999,0.9999999999999999,0.9999999999999999,0.6,8dc418bff5fd02f0d4ae3fe429ae968fa6becb974ffac49a7b8997267b257295
ra_stems_project_seed0,ra_stems_project,0,v40c_04033,1,1,100,0.7,0.9999999999999999,0.9999999999999999,0.7,8dc418bff5fd02f0d4ae3fe429ae968fa6becb974ffac49a7b8997267b257295
ra_stems_project_seed0,ra_stems_project,0,v40c_04034,1,2,100,0.18685368536853686,0.3624862486248625,0.05610561056105612,0.55,8dc418bff5fd02f0d4ae3fe429ae968fa6becb974ffac49a7b8997267b257295
ra_stems_project_seed0,ra_stems_project,0,v40c_04035,1,2,100,0.5524752475247524,1.0,0.5049504950495048,0.55,8dc418bff5fd02f0d4ae3fe429ae968fa6becb974ffac49a7b8997267b257295
ra_stems_project_seed0,ra_stems_project,0,v40c_04036,1,3,100,0.5514468221015649,0.865346534653465,0.6959437879271799,0.7,8dc418bff5fd02f0d4ae3fe429ae968fa6becb974ffac49a7b8997267b257295
ra_stems_project_seed0,ra_stems_project,0,v40c_04037,1,2,100,0.6184818481848184,0.834983498349835,0.7524752475247525,0.8,8dc418bff5fd02f0d4ae3fe429ae968fa6becb974ffac49a7b8997267b257295
ra_stems_project_seed0,ra_stems_project,0,v40c_04038,1,2,100,0.6524752475247524,0.834983498349835,0.834983498349835,0.75,8dc418bff5fd02f0d4ae3fe429ae968fa6becb974ffac49a7b8997267b257295
ra_stems_project_seed0,ra_stems_project,0,v40c_04039,1,3,100,0.8442244224422442,1.0,1.0,0.8666666666666666,8dc418bff5fd02f0d4ae3fe429ae968fa6becb974ffac49a7b8997267b257295
ra_stems_project_seed0,ra_stems_project,0,v40c_04040,1,3,100,0.9,1.0,1.0,0.9,8dc418bff5fd02f0d4ae3fe429ae968fa6becb974ffac49a7b8997267b257295
ra_stems_project_seed0,ra_stems_project,0,v40c_04041,1,3,100,0.9,1.0,1.0,0.9,8dc418bff5fd02f0d4ae3fe429ae968fa6becb974ffac49a7b8997267b257295
ra_stems_project_seed0,ra_stems_project,0,v40c_04042,1,3,100,0.9,1.0,1.0,0.9,8dc418bff5fd02f0d4ae3fe429ae968fa6becb974ffac49a7b8997267b257295
ra_stems_project_seed0,ra_stems_project,0,v40c_04043,1,3,100,0.861056105610561,1.0,1.0,0.9,8dc418bff5fd02f0d4ae3fe429ae968fa6becb974ffac49a7b8997267b257295
ra_stems_project_seed0,ra_stems_project,0,v40c_04044,1,3,100,0.7831683168316832,1.0,1.0,0.7999999999999999,8dc418bff5fd02f0d4ae3fe429ae968fa6becb974ffac49a7b8997267b257295
ra_stems_project_seed0,ra_stems_project,0,v40c_04045,1,3,100,0.8663366336633663,1.0,1.0,0.8666666666666666,8dc418bff5fd02f0d4ae3fe429ae968fa6becb974ffac49a7b8997267b257295
ra_stems_project_seed0,ra_stems_project,0,v40c_04046,1,3,100,0.699009900990099,1.0,0.6633663366336634,0.7,8dc418bff5fd02f0d4ae3fe429ae968fa6becb974ffac49a7b8997267b257295
ra_stems_project_seed0,ra_stems_project,0,v40c_04047,1,2,100,0.8,1.0,1.0,0.8,8dc418bff5fd02f0d4ae3fe429ae968fa6becb974ffac49a7b8997267b257295
ra_stems_project_seed0,ra_stems_project,0,v40c_04048,1,2,100,0.9,1.0,1.0,0.9,8dc418bff5fd02f0d4ae3fe429ae968fa6becb974ffac49a7b8997267b257295
ra_stems_project_seed0,ra_stems_project,0,v40c_04049,1,2,100,0.9,1.0,1.0,0.9,8dc418bff5fd02f0d4ae3fe429ae968fa6becb974ffac49a7b8997267b257295
ra_stems_project_seed0,ra_stems_project,0,v40c_04050,1,2,100,0.7514851485148515,1.0,1.0,0.75,8dc418bff5fd02f0d4ae3fe429ae968fa6becb974ffac49a7b8997267b257295
ra_stems_project_seed0,ra_stems_project,0,v40c_04051,1,1,100,0.8999999999999998,0.9999999999999999,0.9999999999999999,0.9,8dc418bff5fd02f0d4ae3fe429ae968fa6becb974ffac49a7b8997267b257295
ra_stems_project_seed0,ra_stems_project,0,v40c_04052,1,1,100,0.8999999999999998,0.9999999999999999,0.9999999999999999,0.9,8dc418bff5fd02f0d4ae3fe429ae968fa6becb974ffac49a7b8997267b257295
ra_stems_project_seed0,ra_stems_project,0,v40c_04053,2,2,200,0.9,1.0,1.0,0.9,8dc418bff5fd02f0d4ae3fe429ae968fa6becb974ffac49a7b8997267b257295
ra_stems_project_seed0,ra_stems_project,0,v40c_04054,2,2,200,0.9,1.0,1.0,0.9,8dc418bff5fd02f0d4ae3fe429ae968fa6becb974ffac49a7b8997267b257295
ra_stems_project_seed0,ra_stems_project,0,v40c_04055,1,1,100,0.8999999999999998,0.9999999999999999,0.9999999999999999,0.9,8dc418bff5fd02f0d4ae3fe429ae968fa6becb974ffac49a7b8997267b257295
ra_stems_project_seed0,ra_stems_project,0,v40c_04056,1,1,100,0.8999999999999998,0.9999999999999999,0.9999999999999999,0.9,8dc418bff5fd02f0d4ae3fe429ae968fa6becb974ffac49a7b8997267b257295
ra_stems_project_seed0,ra_stems_project,0,v40c_04057,1,1,100,0.8999999999999998,0.9999999999999999,0.9999999999999999,0.9,8dc418bff5fd02f0d4ae3fe429ae968fa6becb974ffac49a7b8997267b257295
ra_stems_project_seed0,ra_stems_project,0,v40c_04058,1,1,100,0.9999999999999998,0.9999999999999999,0.9999999999999999,1.0,8dc418bff5fd02f0d4ae3fe429ae968fa6becb974ffac49a7b8997267b257295
ra_stems_project_seed0,ra_stems_project,0,v40c_04059,1,1,100,0.8999999999999998,0.9999999999999999,0.9999999999999999,0.9,8dc418bff5fd02f0d4ae3fe429ae968fa6becb974ffac49a7b8997267b257295
ra_stems_project_seed0,ra_stems_project,0,v40c_04060,1,1,100,0.8999999999999998,0.9999999999999999,0.9999999999999999,0.9,8dc418bff5fd02f0d4ae3fe429ae968fa6becb974ffac49a7b8997267b257295
ra_stems_project_seed0,ra_stems_project,0,v40c_04061,1,1,100,0.8999999999999998,0.9999999999999999,0.9999999999999999,0.9,8dc418bff5fd02f0d4ae3fe429ae968fa6becb974ffac49a7b8997267b257295
ra_stems_project_seed0,ra_stems_project,0,v40c_04062,1,1,100,0.8999999999999998,0.9999999999999999,0.9999999999999999,0.9,8dc418bff5fd02f0d4ae3fe429ae968fa6becb974ffac49a7b8997267b257295
ra_stems_project_seed0,ra_stems_project,0,v40c_04063,1,1,100,0.8999999999999998,0.9999999999999999,0.9999999999999999,0.9,8dc418bff5fd02f0d4ae3fe429ae968fa6becb974ffac49a7b8997267b257295
ra_stems_project_seed0,ra_stems_project,0,v40c_04064,1,1,100,0.7999999999999999,0.9999999999999999,0.9999999999999999,0.8,8dc418bff5fd02f0d4ae3fe429ae968fa6becb974ffac49a7b8997267b257295
ra_stems_project_seed0,ra_stems_project,0,v40c_04065,1,1,100,0.7,0.9999999999999999,0.9999999999999999,0.7,8dc418bff5fd02f0d4ae3fe429ae968fa6becb974ffac49a7b8997267b257295
ra_stems_project_seed0,ra_stems_project,0,v40c_04066,1,1,100,0.7999999999999999,0.9999999999999999,0.9999999999999999,0.8,8dc418bff5fd02f0d4ae3fe429ae968fa6becb974ffac49a7b8997267b257295
ra_stems_project_seed0,ra_stems_project,0,v40c_04067,1,1,100,0.7,0.9999999999999999,0.9999999999999999,0.7,8dc418bff5fd02f0d4ae3fe429ae968fa6becb974ffac49a7b8997267b257295
ra_stems_project_seed0,ra_stems_project,0,v40c_04068,1,1,100,0.5999999999999999,0.9999999999999999,0.9999999999999999,0.6,8dc418bff5fd02f0d4ae3fe429ae968fa6becb974ffac49a7b8997267b257295
ra_stems_project_seed0,ra_stems_project,0,v40c_04069,1,1,100,0.5999999999999999,0.9999999999999999,0.9999999999999999,0.6,8dc418bff5fd02f0d4ae3fe429ae968fa6becb974ffac49a7b8997267b257295
ra_stems_project_seed0,ra_stems_project,0,v40c_04070,1,2,100,0.3277227722772277,0.5462046204620461,0.5462046204620461,0.6,8dc418bff5fd02f0d4ae3fe429ae968fa6becb974ffac49a7b8997267b257295
ra_stems_project_seed0,ra_stems_project,0,v40c_04071,1,1,100,0.5999999999999999,0.9999999999999999,0.9999999999999999,0.6,8dc418bff5fd02f0d4ae3fe429ae968fa6becb974ffac49a7b8997267b257295
ra_stems_project_seed0,ra_stems_project,0,v40c_04072,1,1,100,0.5999999999999999,0.9999999999999999,0.9999999999999999,0.6,8dc418bff5fd02f0d4ae3fe429ae968fa6becb974ffac49a7b8997267b257295
ra_stems_project_seed0,ra_stems_project,0,v40c_04073,1,2,100,0.5504950495049504,1.0,0.2524752475247525,0.6,8dc418bff5fd02f0d4ae3fe429ae968fa6becb974ffac49a7b8997267b257295
ra_stems_project_seed0,ra_stems_project,0,v40c_04074,1,2,100,0.5504950495049504,1.0,0.5049504950495048,0.55,8dc418bff5fd02f0d4ae3fe429ae968fa6becb974ffac49a7b8997267b257295
ra_stems_project_seed0,ra_stems_project,0,v40c_04075,1,2,100,0.6,1.0,1.0,0.6,8dc418bff5fd02f0d4ae3fe429ae968fa6becb974ffac49a7b8997267b257295
ra_stems_project_seed0,ra_stems_project,0,v40c_04076,2,4,200,0.7762376237623763,1.0,1.0,0.775,8dc418bff5fd02f0d4ae3fe429ae968fa6becb974ffac49a7b8997267b257295
ra_stems_project_seed0,ra_stems_project,0,v40c_04077,1,2,100,0.8009900990099009,1.0,1.0,0.8,8dc418bff5fd02f0d4ae3fe429ae968fa6becb974ffac49a7b8997267b257295
ra_stems_project_seed0,ra_stems_project,0,v40c_04078,2,4,200,0.7638613861386139,1.0,1.0,0.775,8dc418bff5fd02f0d4ae3fe429ae968fa6becb974ffac49a7b8997267b257295
ra_stems_project_seed0,ra_stems_project,0,v40c_04079,2,4,200,0.8128712871287128,1.0,1.0,0.825,8dc418bff5fd02f0d4ae3fe429ae968fa6becb974ffac49a7b8997267b257295
ra_stems_project_seed0,ra_stems_project,0,v40c_04080,1,2,100,0.6454502593116453,0.834983498349835,0.5332390381895331,0.85,8dc418bff5fd02f0d4ae3fe429ae968fa6becb974ffac49a7b8997267b257295
ra_stems_project_seed0,ra_stems_project,0,v40c_04081,1,1,100,0.8999999999999998,0.9999999999999999,0.9999999999999999,0.9,8dc418bff5fd02f0d4ae3fe429ae968fa6becb974ffac49a7b8997267b257295
ra_stems_project_seed0,ra_stems_project,0,v40c_04082,1,2,100,0.7514851485148515,1.0,1.0,0.75,8dc418bff5fd02f0d4ae3fe429ae968fa6becb974ffac49a7b8997267b257295
ra_stems_project_seed0,ra_stems_project,0,v40c_04083,1,2,100,0.5264626462646262,0.5949594959495947,0.5949594959495947,0.85,8dc418bff5fd02f0d4ae3fe429ae968fa6becb974ffac49a7b8997267b257295
ra_stems_project_seed0,ra_stems_project,0,v40c_04084,1,2,100,0.9,1.0,1.0,0.9,8dc418bff5fd02f0d4ae3fe429ae968fa6becb974ffac49a7b8997267b257295
ra_stems_project_seed0,ra_stems_project,0,v40c_04085,1,2,100,0.5287128712871286,0.6287128712871287,0.6287128712871287,0.75,8dc418bff5fd02f0d4ae3fe429ae968fa6becb974ffac49a7b8997267b257295
ra_stems_project_seed0,ra_stems_project,0,v40c_04086,1,3,100,0.41314131413141314,0.5850585058505853,0.33663366336633654,0.5666666666666667,8dc418bff5fd02f0d4ae3fe429ae968fa6becb974ffac49a7b8997267b257295
ra_stems_project_seed0,ra_stems_project,0,v40c_04104,1,1,100,0.5999999999999999,0.9999999999999999,0.9999999999999999,0.6,8dc418bff5fd02f0d4ae3fe429ae968fa6becb974ffac49a7b8997267b257295
ra_stems_project_seed0,ra_stems_project,0,v40c_04105,2,2,200,0.035891089108910895,0.08415841584158416,0.007425742574257425,0.35,8dc418bff5fd02f0d4ae3fe429ae968fa6becb974ffac49a7b8997267b257295
ra_stems_project_seed0,ra_stems_project,0,v40c_04106,5,9,500,0.6701870187018705,0.9445544554455451,0.9445544554455451,0.7444444444444444,8dc418bff5fd02f0d4ae3fe429ae968fa6becb974ffac49a7b8997267b257295
ra_stems_project_seed0,ra_stems_project,0,v40c_04107,1,2,100,0.8,1.0,1.0,0.8,8dc418bff5fd02f0d4ae3fe429ae968fa6becb974ffac49a7b8997267b257295
ra_stems_project_seed0,ra_stems_project,0,v40c_04108,1,2,100,0.8252475247524753,1.0,1.0,0.85,8dc418bff5fd02f0d4ae3fe429ae968fa6becb974ffac49a7b8997267b257295
ra_stems_project_seed0,ra_stems_project,0,v40c_04109,1,2,100,0.9,1.0,1.0,0.9,8dc418bff5fd02f0d4ae3fe429ae968fa6becb974ffac49a7b8997267b257295
ra_stems_project_seed0,ra_stems_project,0,v40c_04110,1,2,100,0.8,1.0,1.0,0.8,8dc418bff5fd02f0d4ae3fe429ae968fa6becb974ffac49a7b8997267b257295
ra_stems_project_seed0,ra_stems_project,0,v40c_04111,1,2,100,0.9,1.0,1.0,0.9,8dc418bff5fd02f0d4ae3fe429ae968fa6becb974ffac49a7b8997267b257295
ra_stems_project_seed0,ra_stems_project,0,v40c_04112,1,3,100,0.6645544554455445,1.0,0.6633663366336634,0.7333333333333333,8dc418bff5fd02f0d4ae3fe429ae968fa6becb974ffac49a7b8997267b257295
ra_stems_project_seed0,ra_stems_project,0,v40c_04113,1,3,100,0.7891089108910891,1.0,1.0,0.7999999999999999,8dc418bff5fd02f0d4ae3fe429ae968fa6becb974ffac49a7b8997267b257295
ra_stems_project_seed0,ra_stems_project,0,v40c_04114,1,3,100,0.8112211221122113,1.0,1.0,0.8333333333333334,8dc418bff5fd02f0d4ae3fe429ae968fa6becb974ffac49a7b8997267b257295
ra_stems_project_seed0,ra_stems_project,0,v40c_04115,5,18,500,0.698870237405021,0.9585429131148411,0.9108910891089109,0.7666666666666667,8dc418bff5fd02f0d4ae3fe429ae968fa6becb974ffac49a7b8997267b257295
ra_stems_project_seed0,ra_stems_project,0,v40c_04116,1,4,100,0.6924092409240925,1.0,1.0,0.725,8dc418bff5fd02f0d4ae3fe429ae968fa6becb974ffac49a7b8997267b257295
ra_stems_project_seed0,ra_stems_project,0,v40c_04117,1,4,100,0.6715090474564698,1.0,0.7076647319904406,0.75,8dc418bff5fd02f0d4ae3fe429ae968fa6becb974ffac49a7b8997267b257295
ra_stems_project_seed0,ra_stems_project,0,v40c_04118,1,4,100,0.6638613861386139,1.0,0.9174917491749175,0.725,8dc418bff5fd02f0d4ae3fe429ae968fa6becb974ffac49a7b8997267b257295
ra_stems_project_seed0,ra_stems_project,0,v40c_04119,1,3,100,0.8112211221122113,1.0,1.0,0.8333333333333334,8dc418bff5fd02f0d4ae3fe429ae968fa6becb974ffac49a7b8997267b257295
ra_stems_project_seed0,ra_stems_project,0,v40c_04120,1,4,100,0.7386138613861386,1.0,0.7524752475247525,0.75,8dc418bff5fd02f0d4ae3fe429ae968fa6becb974ffac49a7b8997267b257295
ra_stems_project_seed0,ra_stems_project,0,v40c_04121,1,3,100,0.7831683168316832,1.0,1.0,0.7999999999999999,8dc418bff5fd02f0d4ae3fe429ae968fa6becb974ffac49a7b8997267b257295
ra_stems_project_seed0,ra_stems_project,0,v40c_04122,1,3,100,0.8168316831683168,1.0,1.0,0.8333333333333334,8dc418bff5fd02f0d4ae3fe429ae968fa6becb974ffac49a7b8997267b257295
ra_stems_project_seed0,ra_stems_project,0,v40c_04123,2,3,200,0.8,1.0,1.0,0.8,8dc418bff5fd02f0d4ae3fe429ae968fa6becb974ffac49a7b8997267b257295
ra_stems_project_seed0,ra_stems_project,0,v40c_04124,1,1,100,0.8999999999999998,0.9999999999999999,0.9999999999999999,0.9,8dc418bff5fd02f0d4ae3fe429ae968fa6becb974ffac49a7b8997267b257295
ra_stems_project_seed0,ra_stems_project,0,v40c_04125,1,3,100,0.700990099009901,1.0,1.0,0.7,8dc418bff5fd02f0d4ae3fe429ae968fa6becb974ffac49a7b8997267b257295
ra_stems_project_seed0,ra_stems_project,0,v40c_04126,1,3,100,0.7316831683168317,0.8316831683168316,0.8316831683168316,0.8333333333333334,8dc418bff5fd02f0d4ae3fe429ae968fa6becb974ffac49a7b8997267b257295
ra_stems_project_seed0,ra_stems_project,0,v40c_04127,1,4,100,0.4465346534653465,0.6732673267326731,0.504950495049505,0.575,8dc418bff5fd02f0d4ae3fe429ae968fa6becb974ffac49a7b8997267b257295
ra_stems_project_seed0,ra_stems_project,0,v40c_04128,1,3,100,0.510030645921735,0.8076379066478078,0.7755775577557755,0.6333333333333334,8dc418bff5fd02f0d4ae3fe429ae968fa6becb974ffac49a7b8997267b257295
ra_stems_project_seed0,ra_stems_project,0,v40c_04129,1,1,100,0.7999999999999999,0.9999999999999999,0.9999999999999999,0.8,8dc418bff5fd02f0d4ae3fe429ae968fa6becb974ffac49a7b8997267b257295
ra_stems_project_seed0,ra_stems_project,0,v40c_04130,1,1,100,0.7999999999999999,0.9999999999999999,0.9999999999999999,0.8,8dc418bff5fd02f0d4ae3fe429ae968fa6becb974ffac49a7b8997267b257295
ra_stems_project_seed0,ra_stems_project,0,v40c_04131,1,1,100,0.7999999999999999,0.9999999999999999,0.9999999999999999,0.8,8dc418bff5fd02f0d4ae3fe429ae968fa6becb974ffac49a7b8997267b257295
ra_stems_project_seed0,ra_stems_project,0,v40c_04132,1,1,100,0.7999999999999999,0.9999999999999999,0.9999999999999999,0.8,8dc418bff5fd02f0d4ae3fe429ae968fa6becb974ffac49a7b8997267b257295
ra_stems_project_seed0,ra_stems_project,0,v40c_04133,2,6,200,0.6095049504950495,0.8193069306930693,0.7772277227722773,0.7,8dc418bff5fd02f0d4ae3fe429ae968fa6becb974ffac49a7b8997267b257295
ra_stems_project_seed0,ra_stems_project,0,v40c_04134,1,3,100,0.8336633663366337,1.0,1.0,0.8333333333333334,8dc418bff5fd02f0d4ae3fe429ae968fa6becb974ffac49a7b8997267b257295
ra_stems_project_seed0,ra_stems_project,0,v40c_04135,1,3,100,0.7663366336633664,1.0,1.0,0.7666666666666666,8dc418bff5fd02f0d4ae3fe429ae968fa6becb974ffac49a7b8997267b257295
ra_stems_project_seed0,ra_stems_project,0,v40c_04136,2,5,200,0.6880163878456813,1.0,0.8190508706043022,0.76,8dc418bff5fd02f0d4ae3fe429ae968fa6becb974ffac49a7b8997267b257295
ra_stems_project_seed0,ra_stems_project,0,v40c_04137,1,2,100,0.7252475247524752,1.0,1.0,0.75,8dc418bff5fd02f0d4ae3fe429ae968fa6becb974ffac49a7b8997267b257295
ra_stems_project_seed0,ra_stems_project,0,v40c_04138,3,8,300,0.6474257425742573,0.9594059405940594,0.8356435643564356,0.6875,8dc418bff5fd02f0d4ae3fe429ae968fa6becb974ffac49a7b8997267b257295
ra_stems_project_seed0,ra_stems_project,0,v40c_04139,4,12,400,0.643809644122307,0.9352172059311196,0.8191871818760825,0.7333333333333333,8dc418bff5fd02f0d4ae3fe429ae968fa6becb974ffac49a7b8997267b257295
ra_stems_project_seed0,ra_stems_project,0,v40c_04140,1,4,100,0.6508250825082509,1.0,1.0,0.675,8dc418bff5fd02f0d4ae3fe429ae968fa6becb974ffac49a7b8997267b257295
ra_stems_project_seed0,ra_stems_project,0,v40c_04141,2,5,200,0.5045340248310545,0.9009900990099009,0.4279427942794279,0.6599999999999999,8dc418bff5fd02f0d4ae3fe429ae968fa6becb974ffac49a7b8997267b257295
ra_stems_project_seed0,ra_stems_project,0,v40c_04142,1,1,100,0.45,0.5,0.5,0.9,8dc418bff5fd02f0d4ae3fe429ae968fa6becb974ffac49a7b8997267b257295
ra_stems_project_seed0,ra_stems_project,0,v40c_04143,1,3,100,0.7158415841584158,1.0,0.6633663366336634,0.7333333333333333,8dc418bff5fd02f0d4ae3fe429ae968fa6becb974ffac49a7b8997267b257295
ra_stems_project_seed0,ra_stems_project,0,v40c_04144,1,2,100,0.8,1.0,1.0,0.8,8dc418bff5fd02f0d4ae3fe429ae968fa6becb974ffac49a7b8997267b257295
ra_stems_project_seed0,ra_stems_project,0,v40c_04145,1,2,100,0.7757425742574257,1.0,1.0,0.85,8dc418bff5fd02f0d4ae3fe429ae968fa6becb974ffac49a7b8997267b257295
ra_stems_project_seed0,ra_stems_project,0,v40c_04146,2,4,200,0.7966996699669967,1.0,1.0,0.85,8dc418bff5fd02f0d4ae3fe429ae968fa6becb974ffac49a7b8997267b257295
ra_stems_project_seed0,ra_stems_project,0,v40c_04147,1,2,100,0.334983498349835,0.41749174917491755,0.2524752475247525,0.75,8dc418bff5fd02f0d4ae3fe429ae968fa6becb974ffac49a7b8997267b257295
ra_stems_project_seed0,ra_stems_project,0,v40c_04148,1,3,100,0.6737623762376239,0.9158415841584159,0.6633663366336634,0.7333333333333333,8dc418bff5fd02f0d4ae3fe429ae968fa6becb974ffac49a7b8997267b257295
ra_stems_project_seed0,ra_stems_project,0,v40c_04149,1,3,100,0.5437057991513436,0.6874115983026873,0.6633663366336634,0.7,8dc418bff5fd02f0d4ae3fe429ae968fa6becb974ffac49a7b8997267b257295
ra_stems_project_seed0,ra_stems_project,0,v40c_04150,1,1,100,0.5,0.5,0.5,1.0,8dc418bff5fd02f0d4ae3fe429ae968fa6becb974ffac49a7b8997267b257295
ra_stems_project_seed0,ra_stems_project,0,v40c_04151,1,1,100,0.4,0.5,0.5,0.8,8dc418bff5fd02f0d4ae3fe429ae968fa6becb974ffac49a7b8997267b257295
ra_stems_project_seed0,ra_stems_project,0,v40c_04152,2,4,200,0.8752475247524754,1.0,1.0,0.875,8dc418bff5fd02f0d4ae3fe429ae968fa6becb974ffac49a7b8997267b257295
ra_stems_project_seed0,ra_stems_project,0,v40c_04153,1,2,100,0.801980198019802,1.0,1.0,0.8,8dc418bff5fd02f0d4ae3fe429ae968fa6becb974ffac49a7b8997267b257295
ra_stems_project_seed0,ra_stems_project,0,v40c_04154,1,1,100,0.9999999999999998,0.9999999999999999,0.9999999999999999,1.0,8dc418bff5fd02f0d4ae3fe429ae968fa6becb974ffac49a7b8997267b257295
ra_stems_project_seed0,ra_stems_project,0,v40c_04155,1,2,100,0.9009900990099009,1.0,1.0,0.9,8dc418bff5fd02f0d4ae3fe429ae968fa6becb974ffac49a7b8997267b257295
ra_stems_project_seed0,ra_stems_project,0,v40c_04156,1,2,100,0.4149614961496148,0.5269526952695268,0.5049504950495048,0.65,8dc418bff5fd02f0d4ae3fe429ae968fa6becb974ffac49a7b8997267b257295
ra_stems_project_seed0,ra_stems_project,0,v40c_04157,1,2,100,0.8504950495049505,1.0,1.0,0.85,8dc418bff5fd02f0d4ae3fe429ae968fa6becb974ffac49a7b8997267b257295
ra_stems_project_seed0,ra_stems_project,0,v40c_04158,1,3,100,0.7653465346534654,1.0,0.6633663366336634,0.7666666666666667,8dc418bff5fd02f0d4ae3fe429ae968fa6becb974ffac49a7b8997267b257295
ra_stems_project_seed0,ra_stems_project,0,v40c_04159,1,3,100,0.5663366336633662,0.865346534653465,0.6633663366336634,0.6333333333333333,8dc418bff5fd02f0d4ae3fe429ae968fa6becb974ffac49a7b8997267b257295
ra_stems_project_seed0,ra_stems_project,0,v40c_04160,1,4,100,0.5014851485148515,0.7400990099009901,0.6905940594059405,0.575,8dc418bff5fd02f0d4ae3fe429ae968fa6becb974ffac49a7b8997267b257295
ra_stems_project_seed0,ra_stems_project,0,v40c_04161,1,3,100,0.5944194419441946,0.8316831683168316,0.6939693969396943,0.7666666666666666,8dc418bff5fd02f0d4ae3fe429ae968fa6becb974ffac49a7b8997267b257295
ra_stems_project_seed0,ra_stems_project,0,v40c_04162,1,3,100,0.5374823196605375,0.8076379066478078,0.6874115983026873,0.7,8dc418bff5fd02f0d4ae3fe429ae968fa6becb974ffac49a7b8997267b257295
ra_stems_project_seed0,ra_stems_project,0,v40c_04163,1,2,100,0.8009900990099009,1.0,1.0,0.8,8dc418bff5fd02f0d4ae3fe429ae968fa6becb974ffac49a7b8997267b257295
ra_stems_project_seed0,ra_stems_project,0,v40c_04311,3,3,300,0.8112211221122113,1.0,1.0,0.8333333333333334,8dc418bff5fd02f0d4ae3fe429ae968fa6becb974ffac49a7b8997267b257295
ra_stems_project_seed0,ra_stems_project,0,v40c_04312,2,2,200,0.8009900990099009,1.0,1.0,0.8,8dc418bff5fd02f0d4ae3fe429ae968fa6becb974ffac49a7b8997267b257295
ra_stems_project_seed0,ra_stems_project,0,v40c_04313,1,1,100,0.7999999999999999,0.9999999999999999,0.9999999999999999,0.8,8dc418bff5fd02f0d4ae3fe429ae968fa6becb974ffac49a7b8997267b257295
ra_stems_project_seed0,ra_stems_project,0,v40c_04314,1,1,100,0.7,0.9999999999999999,0.9999999999999999,0.7,8dc418bff5fd02f0d4ae3fe429ae968fa6becb974ffac49a7b8997267b257295
ra_stems_project_seed0,ra_stems_project,0,v40c_04315,1,1,100,0.8999999999999998,0.9999999999999999,0.9999999999999999,0.9,8dc418bff5fd02f0d4ae3fe429ae968fa6becb974ffac49a7b8997267b257295
ra_stems_project_seed0,ra_stems_project,0,v40c_04316,2,2,200,0.8504950495049505,1.0,1.0,0.85,8dc418bff5fd02f0d4ae3fe429ae968fa6becb974ffac49a7b8997267b257295
ra_stems_project_seed0,ra_stems_project,0,v40c_04317,15,15,1500,0.7496837005129084,0.9876237623762376,0.9876237623762376,0.7866666666666666,8dc418bff5fd02f0d4ae3fe429ae968fa6becb974ffac49a7b8997267b257295
ra_stems_project_seed0,ra_stems_project,0,v40c_04484,1,1,100,0.011290322580645159,0.016129032258064512,0.016129032258064512,0.7,8dc418bff5fd02f0d4ae3fe429ae968fa6becb974ffac49a7b8997267b257295
ra_stems_project_seed0,ra_stems_project,0,v40c_04485,1,1,100,0.13333333333333336,0.3333333333333334,0.0,0.4,8dc418bff5fd02f0d4ae3fe429ae968fa6becb974ffac49a7b8997267b257295
ra_stems_project_seed0,ra_stems_project,0,v40c_04486,13,13,1300,0.5477458860868666,1.0,0.5118569549262619,0.6538461538461539,8dc418bff5fd02f0d4ae3fe429ae968fa6becb974ffac49a7b8997267b257295
ra_stems_project_seed0,ra_stems_project,0,v40c_04487,3,3,300,0.6663366336633663,1.0,1.0,0.6666666666666666,8dc418bff5fd02f0d4ae3fe429ae968fa6becb974ffac49a7b8997267b257295
ra_stems_project_seed0,ra_stems_project,0,v40c_04514,2,8,200,0.7757131070249882,1.0,1.0,0.7875,8dc418bff5fd02f0d4ae3fe429ae968fa6becb974ffac49a7b8997267b257295
ra_stems_project_seed0,ra_stems_project,0,v40c_04515,1,5,100,0.7500330033003301,1.0,1.0,0.78,8dc418bff5fd02f0d4ae3fe429ae968fa6becb974ffac49a7b8997267b257295
ra_stems_project_seed0,ra_stems_project,0,v40c_04516,2,8,200,0.7158480553937745,0.9856985698569856,0.9015725101921955,0.775,8dc418bff5fd02f0d4ae3fe429ae968fa6becb974ffac49a7b8997267b257295
ra_stems_project_seed0,ra_stems_project,0,v40c_04517,1,3,100,0.8326732673267326,1.0,1.0,0.8333333333333333,8dc418bff5fd02f0d4ae3fe429ae968fa6becb974ffac49a7b8997267b257295
ra_stems_project_seed0,ra_stems_project,0,v40c_04518,1,2,100,0.8,1.0,1.0,0.8,8dc418bff5fd02f0d4ae3fe429ae968fa6becb974ffac49a7b8997267b257295
ra_stems_project_seed0,ra_stems_project,0,v40c_04519,1,3,100,0.7663366336633664,1.0,1.0,0.7666666666666666,8dc418bff5fd02f0d4ae3fe429ae968fa6becb974ffac49a7b8997267b257295
ra_stems_project_seed0,ra_stems_project,0,v40c_04520,2,6,200,0.8,1.0,1.0,0.7999999999999999,8dc418bff5fd02f0d4ae3fe429ae968fa6becb974ffac49a7b8997267b257295
ra_stems_project_seed0,ra_stems_project,0,v40c_04521,1,3,100,0.799009900990099,1.0,1.0,0.8,8dc418bff5fd02f0d4ae3fe429ae968fa6becb974ffac49a7b8997267b257295
ra_stems_project_seed0,ra_stems_project,0,v40c_04522,1,3,100,0.7663366336633664,1.0,1.0,0.7666666666666666,8dc418bff5fd02f0d4ae3fe429ae968fa6becb974ffac49a7b8997267b257295
ra_stems_project_seed0,ra_stems_project,0,v40c_04523,1,5,100,0.6741631305987742,0.9434229137199429,0.801980198019802,0.72,8dc418bff5fd02f0d4ae3fe429ae968fa6becb974ffac49a7b8997267b257295
ra_stems_project_seed0,ra_stems_project,0,v40c_04524,1,4,100,0.7628712871287129,1.0,1.0,0.775,8dc418bff5fd02f0d4ae3fe429ae968fa6becb974ffac49a7b8997267b257295
ra_stems_project_seed0,ra_stems_project,0,v40c_04525,1,4,100,0.8422442244224422,1.0,1.0,0.85,8dc418bff5fd02f0d4ae3fe429ae968fa6becb974ffac49a7b8997267b257295
ra_stems_project_seed0,ra_stems_project,0,v40c_04526,1,4,100,0.8252475247524753,1.0,1.0,0.85,8dc418bff5fd02f0d4ae3fe429ae968fa6becb974ffac49a7b8997267b257295
ra_stems_project_seed0,ra_stems_project,0,v40c_04527,1,3,100,0.6673267326732673,0.8341584158415841,0.8341584158415841,0.8,8dc418bff5fd02f0d4ae3fe429ae968fa6becb974ffac49a7b8997267b257295
ra_stems_project_seed0,ra_stems_project,0,v40c_04528,1,5,100,0.7960396039603961,1.0,1.0,0.8,8dc418bff5fd02f0d4ae3fe429ae968fa6becb974ffac49a7b8997267b257295
ra_stems_project_seed0,ra_stems_project,0,v40c_04529,1,5,100,0.799009900990099,1.0,1.0,0.82,8dc418bff5fd02f0d4ae3fe429ae968fa6becb974ffac49a7b8997267b257295
ra_stems_project_seed0,ra_stems_project,0,v40c_04530,1,5,100,0.6170627062706271,1.0,0.6415841584158416,0.72,8dc418bff5fd02f0d4ae3fe429ae968fa6becb974ffac49a7b8997267b257295
ra_stems_project_seed0,ra_stems_project,0,v40c_04531,1,5,100,0.8801980198019802,1.0,1.0,0.8800000000000001,8dc418bff5fd02f0d4ae3fe429ae968fa6becb974ffac49a7b8997267b257295
ra_stems_project_seed0,ra_stems_project,0,v40c_04532,1,5,100,0.833993399339934,1.0,1.0,0.8400000000000001,8dc418bff5fd02f0d4ae3fe429ae968fa6becb974ffac49a7b8997267b257295
ra_stems_project_seed0,ra_stems_project,0,v40c_04533,1,5,100,0.7478547854785479,1.0,0.801980198019802,0.76,8dc418bff5fd02f0d4ae3fe429ae968fa6becb974ffac49a7b8997267b257295
ra_stems_project_seed0,ra_stems_project,0,v40c_04534,2,9,200,0.6717366022316517,1.0,0.869086908690869,0.7222222222222222,8dc418bff5fd02f0d4ae3fe429ae968fa6becb974ffac49a7b8997267b257295
ra_stems_project_seed0,ra_stems_project,0,v40c_04535,1,5,100,0.6354549740688353,0.9669966996699667,0.8066949552098069,0.7,8dc418bff5fd02f0d4ae3fe429ae968fa6becb974ffac49a7b8997267b257295
ra_stems_project_seed0,ra_stems_project,0,v40c_04536,1,5,100,0.6547524752475248,1.0,0.6415841584158416,0.7,8dc418bff5fd02f0d4ae3fe429ae968fa6becb974ffac49a7b8997267b257295
ra_stems_project_seed0,ra_stems_project,0,v40c_04537,1,5,100,0.8072607260726073,1.0,1.0,0.82,8dc418bff5fd02f0d4ae3fe429ae968fa6becb974ffac49a7b8997267b257295
ra_stems_project_seed0,ra_stems_project,0,v40c_04538,1,4,100,0.8257425742574258,0.9504950495049505,0.9504950495049505,0.875,8dc418bff5fd02f0d4ae3fe429ae968fa6becb974ffac49a7b8997267b257295
ra_stems_project_seed0,ra_stems_project,0,v40c_04539,1,3,100,0.7996699669966996,1.0,1.0,0.8666666666666666,8dc418bff5fd02f0d4ae3fe429ae968fa6becb974ffac49a7b8997267b257295
ra_stems_project_seed0,ra_stems_project,0,v40c_04540,1,4,100,0.7504950495049505,1.0,1.0,0.75,8dc418bff5fd02f0d4ae3fe429ae968fa6becb974ffac49a7b8997267b257295
ra_stems_project_seed0,ra_stems_project,0,v40c_04541,1,6,100,0.7011716171617162,0.9438943894389441,0.8316831683168316,0.7500000000000001,8dc418bff5fd02f0d4ae3fe429ae968fa6becb974ffac49a7b8997267b257295
ra_stems_project_seed0,ra_stems_project,0,v40c_04542,1,4,100,0.8252475247524753,1.0,1.0,0.85,8dc418bff5fd02f0d4ae3fe429ae968fa6becb974ffac49a7b8997267b257295
ra_stems_project_seed0,ra_stems_project,0,v40c_04543,1,5,100,0.7504950495049505,1.0,1.0,0.78,8dc418bff5fd02f0d4ae3fe429ae968fa6becb974ffac49a7b8997267b257295
ra_stems_project_seed0,ra_stems_project,0,v40c_04544,2,10,200,0.695049504950495,1.0,1.0,0.74,8dc418bff5fd02f0d4ae3fe429ae968fa6becb974ffac49a7b8997267b257295
ra_stems_project_seed0,ra_stems_project,0,v40c_04545,1,5,100,0.7056472313898057,1.0,0.801980198019802,0.72,8dc418bff5fd02f0d4ae3fe429ae968fa6becb974ffac49a7b8997267b257295
ra_stems_project_seed0,ra_stems_project,0,v40c_04546,1,5,100,0.8009900990099009,1.0,1.0,0.8,8dc418bff5fd02f0d4ae3fe429ae968fa6becb974ffac49a7b8997267b257295
ra_stems_project_seed0,ra_stems_project,0,v40c_04547,2,10,200,0.7955445544554455,1.0,1.0,0.82,8dc418bff5fd02f0d4ae3fe429ae968fa6becb974ffac49a7b8997267b257295
ra_stems_project_seed0,ra_stems_project,0,v40c_04548,1,5,100,0.6777227722772278,1.0,1.0,0.72,8dc418bff5fd02f0d4ae3fe429ae968fa6becb974ffac49a7b8997267b257295
ra_stems_project_seed0,ra_stems_project,0,v40c_04549,2,10,200,0.7488861386138613,1.0,1.0,0.7899999999999999,8dc418bff5fd02f0d4ae3fe429ae968fa6becb974ffac49a7b8997267b257295
ra_stems_project_seed0,ra_stems_project,0,v40c_04550,1,5,100,0.8,1.0,1.0,0.8,8dc418bff5fd02f0d4ae3fe429ae968fa6becb974ffac49a7b8997267b257295
ra_stems_project_seed0,ra_stems_project,0,v40c_04551,1,5,100,0.8554455445544555,1.0,1.0,0.86,8dc418bff5fd02f0d4ae3fe429ae968fa6becb974ffac49a7b8997267b257295
ra_stems_project_seed0,ra_stems_project,0,v40c_04552,1,4,100,0.8,1.0,1.0,0.8,8dc418bff5fd02f0d4ae3fe429ae968fa6becb974ffac49a7b8997267b257295
ra_stems_project_seed0,ra_stems_project,0,v40c_04553,1,4,100,0.7628712871287129,1.0,1.0,0.775,8dc418bff5fd02f0d4ae3fe429ae968fa6becb974ffac49a7b8997267b257295
ra_stems_project_seed0,ra_stems_project,0,v40c_04554,2,8,200,0.7193493635077793,1.0,1.0,0.7625,8dc418bff5fd02f0d4ae3fe429ae968fa6becb974ffac49a7b8997267b257295
ra_stems_project_seed0,ra_stems_project,0,v40c_04555,1,3,100,0.8326732673267326,1.0,1.0,0.8333333333333333,8dc418bff5fd02f0d4ae3fe429ae968fa6becb974ffac49a7b8997267b257295
ra_stems_project_seed0,ra_stems_project,0,v40c_04556,4,12,400,0.8411551155115511,1.0,1.0,0.85,8dc418bff5fd02f0d4ae3fe429ae968fa6becb974ffac49a7b8997267b257295
ra_stems_project_seed0,ra_stems_project,0,v40c_04557,1,3,100,0.8227722772277228,1.0,1.0,0.8333333333333333,8dc418bff5fd02f0d4ae3fe429ae968fa6becb974ffac49a7b8997267b257295
ra_stems_project_seed0,ra_stems_project,0,v40c_04558,1,3,100,0.8554455445544555,1.0,1.0,0.8666666666666666,8dc418bff5fd02f0d4ae3fe429ae968fa6becb974ffac49a7b8997267b257295
ra_stems_project_seed0,ra_stems_project,0,v40c_04559,2,6,200,0.8437623762376237,1.0,1.0,0.85,8dc418bff5fd02f0d4ae3fe429ae968fa6becb974ffac49a7b8997267b257295
ra_stems_project_seed0,ra_stems_project,0,v40c_04560,1,3,100,0.8336633663366337,1.0,1.0,0.8333333333333334,8dc418bff5fd02f0d4ae3fe429ae968fa6becb974ffac49a7b8997267b257295
ra_stems_project_seed0,ra_stems_project,0,v40c_04561,1,3,100,0.8336633663366337,1.0,1.0,0.8333333333333334,8dc418bff5fd02f0d4ae3fe429ae968fa6becb974ffac49a7b8997267b257295
ra_stems_project_seed0,ra_stems_project,0,v40c_04562,1,4,100,0.7351628641124982,1.0,0.6717606543263024,0.8,8dc418bff5fd02f0d4ae3fe429ae968fa6becb974ffac49a7b8997267b257295
ra_stems_project_seed0,ra_stems_project,0,v40c_04563,1,4,100,0.7465346534653465,1.0,1.0,0.775,8dc418bff5fd02f0d4ae3fe429ae968fa6becb974ffac49a7b8997267b257295
ra_stems_project_seed0,ra_stems_project,0,v40c_04564,1,4,100,0.770049504950495,1.0,1.0,0.775,8dc418bff5fd02f0d4ae3fe429ae968fa6becb974ffac49a7b8997267b257295
ra_stems_project_seed0,ra_stems_project,0,v40c_04565,1,2,100,0.9,1.0,1.0,0.9,8dc418bff5fd02f0d4ae3fe429ae968fa6becb974ffac49a7b8997267b257295
ra_stems_project_seed0,ra_stems_project,0,v40c_04566,1,4,100,0.7927392739273926,1.0,1.0,0.8,8dc418bff5fd02f0d4ae3fe429ae968fa6becb974ffac49a7b8997267b257295
ra_stems_project_seed0,ra_stems_project,0,v40c_04567,1,3,100,0.6225742574257424,0.865346534653465,0.865346534653465,0.7333333333333333,8dc418bff5fd02f0d4ae3fe429ae968fa6becb974ffac49a7b8997267b257295
ra_stems_project_seed0,ra_stems_project,0,v40c_04568,1,3,100,0.6747524752475248,0.9158415841584159,0.9158415841584159,0.7333333333333333,8dc418bff5fd02f0d4ae3fe429ae968fa6becb974ffac49a7b8997267b257295
ra_stems_project_seed0,ra_stems_project,0,v40c_04569,1,4,100,0.7514851485148515,1.0,1.0,0.75,8dc418bff5fd02f0d4ae3fe429ae968fa6becb974ffac49a7b8997267b257295
ra_stems_project_seed0,ra_stems_project,0,v40c_04570,1,3,100,0.5923267326732673,0.8341584158415841,0.8341584158415841,0.7333333333333333,8dc418bff5fd02f0d4ae3fe429ae968fa6becb974ffac49a7b8997267b257295
ra_stems_project_seed0,ra_stems_project,0,v40c_04571,1,3,100,0.7663366336633664,1.0,1.0,0.7666666666666666,8dc418bff5fd02f0d4ae3fe429ae968fa6becb974ffac49a7b8997267b257295
ra_stems_project_seed0,ra_stems_project,0,v40c_04572,1,3,100,0.8336633663366337,1.0,1.0,0.8333333333333333,8dc418bff5fd02f0d4ae3fe429ae968fa6becb974ffac49a7b8997267b257295
ra_stems_project_seed0,ra_stems_project,0,v40c_04573,1,3,100,0.8673267326732674,1.0,1.0,0.8666666666666668,8dc418bff5fd02f0d4ae3fe429ae968fa6becb974ffac49a7b8997267b257295
ra_stems_project_seed0,ra_stems_project,0,v40c_04574,1,4,100,0.735973597359736,0.9174917491749175,0.7524752475247525,0.775,8dc418bff5fd02f0d4ae3fe429ae968fa6becb974ffac49a7b8997267b257295
ra_stems_project_seed0,ra_stems_project,0,v40c_04575,1,4,100,0.8324257425742573,1.0,1.0,0.85,8dc418bff5fd02f0d4ae3fe429ae968fa6becb974ffac49a7b8997267b257295
ra_stems_project_seed0,ra_stems_project,0,v40c_04576,1,4,100,0.8257425742574258,1.0,1.0,0.85,8dc418bff5fd02f0d4ae3fe429ae968fa6becb974ffac49a7b8997267b257295
ra_stems_project_seed0,ra_stems_project,0,v40c_04577,1,4,100,0.8693069306930692,1.0,1.0,0.9,8dc418bff5fd02f0d4ae3fe429ae968fa6becb974ffac49a7b8997267b257295
ra_stems_project_seed0,ra_stems_project,0,v40c_04578,1,4,100,0.8633663366336632,1.0,1.0,0.875,8dc418bff5fd02f0d4ae3fe429ae968fa6becb974ffac49a7b8997267b257295
ra_stems_project_seed0,ra_stems_project,0,v40c_04579,1,4,100,0.8007425742574258,1.0,1.0,0.85,8dc418bff5fd02f0d4ae3fe429ae968fa6becb974ffac49a7b8997267b257295
ra_stems_project_seed0,ra_stems_project,0,v40c_04580,1,4,100,0.8252475247524753,1.0,1.0,0.85,8dc418bff5fd02f0d4ae3fe429ae968fa6becb974ffac49a7b8997267b257295
ra_stems_project_seed0,ra_stems_project,0,v40c_04581,1,4,100,0.7324257425742574,1.0,1.0,0.75,8dc418bff5fd02f0d4ae3fe429ae968fa6becb974ffac49a7b8997267b257295
ra_stems_project_seed0,ra_stems_project,0,v40c_04582,1,4,100,0.8257425742574258,1.0,1.0,0.825,8dc418bff5fd02f0d4ae3fe429ae968fa6becb974ffac49a7b8997267b257295
ra_stems_project_seed0,ra_stems_project,0,v40c_04583,1,4,100,0.8174917491749175,1.0,1.0,0.825,8dc418bff5fd02f0d4ae3fe429ae968fa6becb974ffac49a7b8997267b257295
ra_stems_project_seed0,ra_stems_project,0,v40c_04584,1,4,100,0.8174917491749175,1.0,1.0,0.825,8dc418bff5fd02f0d4ae3fe429ae968fa6becb974ffac49a7b8997267b257295
ra_stems_project_seed0,ra_stems_project,0,v40c_04585,2,9,200,0.8172854785478547,1.0,1.0,0.8444444444444443,8dc418bff5fd02f0d4ae3fe429ae968fa6becb974ffac49a7b8997267b257295
ra_stems_project_seed0,ra_stems_project,0,v40c_04586,1,5,100,0.822029702970297,1.0,1.0,0.86,8dc418bff5fd02f0d4ae3fe429ae968fa6becb974ffac49a7b8997267b257295
ra_stems_project_seed0,ra_stems_project,0,v40c_04587,2,10,200,0.7154492566257273,1.0,0.8345952242283053,0.77,8dc418bff5fd02f0d4ae3fe429ae968fa6becb974ffac49a7b8997267b257295
ra_stems_project_seed0,ra_stems_project,0,v40c_04588,1,5,100,0.7287128712871287,1.0,0.6415841584158416,0.8,8dc418bff5fd02f0d4ae3fe429ae968fa6becb974ffac49a7b8997267b257295
ra_stems_project_seed0,ra_stems_project,0,v40c_04589,1,5,100,0.7787128712871286,1.0,1.0,0.82,8dc418bff5fd02f0d4ae3fe429ae968fa6becb974ffac49a7b8997267b257295
ra_stems_project_seed0,ra_stems_project,0,v40c_04590,1,5,100,0.7905940594059405,1.0,1.0,0.82,8dc418bff5fd02f0d4ae3fe429ae968fa6becb974ffac49a7b8997267b257295
ra_stems_project_seed0,ra_stems_project,0,v40c_04591,2,10,200,0.7505400540054004,0.9909990999099907,0.9909990999099907,0.78,8dc418bff5fd02f0d4ae3fe429ae968fa6becb974ffac49a7b8997267b257295
ra_stems_project_seed0,ra_stems_project,0,v40c_04592,1,5,100,0.8712871287128712,1.0,1.0,0.8799999999999999,8dc418bff5fd02f0d4ae3fe429ae968fa6becb974ffac49a7b8997267b257295
ra_stems_project_seed0,ra_stems_project,0,v40c_04593,1,5,100,0.7666666666666667,1.0,1.0,0.78,8dc418bff5fd02f0d4ae3fe429ae968fa6becb974ffac49a7b8997267b257295
ra_stems_project_seed0,ra_stems_project,0,v40c_04594,2,8,200,0.7278877887788779,1.0,1.0,0.775,8dc418bff5fd02f0d4ae3fe429ae968fa6becb974ffac49a7b8997267b257295
ra_stems_project_seed0,ra_stems_project,0,v40c_04595,1,4,100,0.7816831683168316,1.0,1.0,0.825,8dc418bff5fd02f0d4ae3fe429ae968fa6becb974ffac49a7b8997267b257295
ra_stems_project_seed0,ra_stems_project,0,v40c_04596,1,4,100,0.7673267326732673,1.0,1.0,0.8,8dc418bff5fd02f0d4ae3fe429ae968fa6becb974ffac49a7b8997267b257295
ra_stems_project_seed0,ra_stems_project,0,v40c_04597,1,4,100,0.800990099009901,1.0,1.0,0.825,8dc418bff5fd02f0d4ae3fe429ae968fa6becb974ffac49a7b8997267b257295
ra_stems_project_seed0,ra_stems_project,0,v40c_04598,1,4,100,0.7970297029702971,1.0,1.0,0.825,8dc418bff5fd02f0d4ae3fe429ae968fa6becb974ffac49a7b8997267b257295
ra_stems_project_seed0,ra_stems_project,0,v40c_04599,1,3,100,0.8168316831683168,1.0,1.0,0.8333333333333334,8dc418bff5fd02f0d4ae3fe429ae968fa6becb974ffac49a7b8997267b257295
ra_stems_project_seed0,ra_stems_project,0,v40c_04600,1,3,100,0.8663366336633663,1.0,1.0,0.8666666666666666,8dc418bff5fd02f0d4ae3fe429ae968fa6becb974ffac49a7b8997267b257295
ra_stems_project_seed0,ra_stems_project,0,v40c_04601,1,4,100,0.6351571999305194,0.7722772277227722,0.7524752475247525,0.725,8dc418bff5fd02f0d4ae3fe429ae968fa6becb974ffac49a7b8997267b257295
ra_stems_project_seed0,ra_stems_project,0,v40c_04602,1,3,100,0.8663366336633663,1.0,1.0,0.8666666666666666,8dc418bff5fd02f0d4ae3fe429ae968fa6becb974ffac49a7b8997267b257295
ra_stems_project_seed0,ra_stems_project,0,v40c_04603,1,3,100,0.7891089108910891,1.0,1.0,0.7999999999999999,8dc418bff5fd02f0d4ae3fe429ae968fa6becb974ffac49a7b8997267b257295
ra_stems_project_seed0,ra_stems_project,0,v40c_04604,1,3,100,0.7831683168316832,1.0,1.0,0.7999999999999999,8dc418bff5fd02f0d4ae3fe429ae968fa6becb974ffac49a7b8997267b257295
ra_stems_project_seed0,ra_stems_project,0,v40c_04605,1,3,100,0.8442244224422442,1.0,1.0,0.8666666666666666,8dc418bff5fd02f0d4ae3fe429ae968fa6becb974ffac49a7b8997267b257295
ra_stems_project_seed0,ra_stems_project,0,v40c_04606,2,6,200,0.7971947194719472,1.0,1.0,0.8166666666666668,8dc418bff5fd02f0d4ae3fe429ae968fa6becb974ffac49a7b8997267b257295
ra_stems_project_seed0,ra_stems_project,0,v40c_04607,1,4,100,0.8257425742574258,1.0,1.0,0.825,8dc418bff5fd02f0d4ae3fe429ae968fa6becb974ffac49a7b8997267b257295
ra_stems_project_seed0,ra_stems_project,0,v40c_04608,1,4,100,0.8071782178217821,1.0,1.0,0.825,8dc418bff5fd02f0d4ae3fe429ae968fa6becb974ffac49a7b8997267b257295
ra_stems_project_seed0,ra_stems_project,0,v40c_04609,1,4,100,0.8085808580858085,1.0,1.0,0.825,8dc418bff5fd02f0d4ae3fe429ae968fa6becb974ffac49a7b8997267b257295
ra_stems_project_seed0,ra_stems_project,0,v40c_04610,1,4,100,0.8009900990099009,1.0,1.0,0.8,8dc418bff5fd02f0d4ae3fe429ae968fa6becb974ffac49a7b8997267b257295
ra_stems_project_seed0,ra_stems_project,0,v40c_04611,1,4,100,0.8009900990099009,1.0,1.0,0.8,8dc418bff5fd02f0d4ae3fe429ae968fa6becb974ffac49a7b8997267b257295
ra_stems_project_seed0,ra_stems_project,0,v40c_04612,1,4,100,0.8071782178217821,1.0,1.0,0.825,8dc418bff5fd02f0d4ae3fe429ae968fa6becb974ffac49a7b8997267b257295
ra_stems_project_seed0,ra_stems_project,0,v40c_04613,2,10,200,0.7062340396935622,1.0,0.8899392201663607,0.78,8dc418bff5fd02f0d4ae3fe429ae968fa6becb974ffac49a7b8997267b257295
ra_stems_project_seed0,ra_stems_project,0,v40c_04614,1,5,100,0.778052805280528,1.0,1.0,0.8,8dc418bff5fd02f0d4ae3fe429ae968fa6becb974ffac49a7b8997267b257295
ra_stems_project_seed0,ra_stems_project,0,v40c_04615,1,4,100,0.7772277227722773,1.0,1.0,0.775,8dc418bff5fd02f0d4ae3fe429ae968fa6becb974ffac49a7b8997267b257295
ra_stems_project_seed0,ra_stems_project,0,v40c_04616,1,3,100,0.7905940594059406,0.9158415841584159,0.9158415841584159,0.8666666666666666,8dc418bff5fd02f0d4ae3fe429ae968fa6becb974ffac49a7b8997267b257295
ra_stems_project_seed0,ra_stems_project,0,v40c_04617,2,4,200,0.8819306930693068,1.0,1.0,0.9,8dc418bff5fd02f0d4ae3fe429ae968fa6becb974ffac49a7b8997267b257295
ra_stems_project_seed0,ra_stems_project,0,v40c_04618,1,2,100,0.8,1.0,1.0,0.8,8dc418bff5fd02f0d4ae3fe429ae968fa6becb974ffac49a7b8997267b257295
ra_stems_project_seed0,ra_stems_project,0,v40c_04619,1,2,100,0.9009900990099009,1.0,1.0,0.9,8dc418bff5fd02f0d4ae3fe429ae968fa6becb974ffac49a7b8997267b257295
ra_stems_project_seed0,ra_stems_project,0,v40c_04620,1,2,100,0.8504950495049505,1.0,1.0,0.85,8dc418bff5fd02f0d4ae3fe429ae968fa6becb974ffac49a7b8997267b257295
ra_stems_project_seed0,ra_stems_project,0,v40c_04621,1,2,100,0.8504950495049505,1.0,1.0,0.85,8dc418bff5fd02f0d4ae3fe429ae968fa6becb974ffac49a7b8997267b257295
ra_stems_project_seed0,ra_stems_project,0,v40c_04622,1,2,100,0.9009900990099009,1.0,1.0,0.9,8dc418bff5fd02f0d4ae3fe429ae968fa6becb974ffac49a7b8997267b257295
ra_stems_project_seed0,ra_stems_project,0,v40c_04649,1,4,100,0.4964181712288876,0.8107163657542222,0.42244224422442234,0.6,8dc418bff5fd02f0d4ae3fe429ae968fa6becb974ffac49a7b8997267b257295
ra_stems_project_seed0,ra_stems_project,0,v40c_04650,1,3,100,0.8,1.0,1.0,0.7999999999999999,8dc418bff5fd02f0d4ae3fe429ae968fa6becb974ffac49a7b8997267b257295
ra_stems_project_seed0,ra_stems_project,0,v40c_04651,1,3,100,0.8,1.0,1.0,0.8,8dc418bff5fd02f0d4ae3fe429ae968fa6becb974ffac49a7b8997267b257295
ra_stems_project_seed0,ra_stems_project,0,v40c_04652,1,3,100,0.7168316831683168,1.0,1.0,0.7333333333333333,8dc418bff5fd02f0d4ae3fe429ae968fa6becb974ffac49a7b8997267b257295
ra_stems_project_seed0,ra_stems_project,0,v40c_04653,1,2,100,0.6504950495049504,1.0,1.0,0.65,8dc418bff5fd02f0d4ae3fe429ae968fa6becb974ffac49a7b8997267b257295
ra_stems_project_seed0,ra_stems_project,0,v40c_04654,1,3,100,0.4208064284689338,0.5690916917778734,0.5690916917778734,0.7666666666666666,8dc418bff5fd02f0d4ae3fe429ae968fa6becb974ffac49a7b8997267b257295
ra_stems_project_seed0,ra_stems_project,0,v40c_04655,1,2,100,0.6252475247524752,1.0,1.0,0.65,8dc418bff5fd02f0d4ae3fe429ae968fa6becb974ffac49a7b8997267b257295
ra_stems_project_seed0,ra_stems_project,0,v40c_04656,2,4,200,0.6881188118811881,1.0,1.0,0.725,8dc418bff5fd02f0d4ae3fe429ae968fa6becb974ffac49a7b8997267b257295
ra_stems_project_seed0,ra_stems_project,0,v40c_04657,1,2,100,0.6504950495049504,1.0,1.0,0.7,8dc418bff5fd02f0d4ae3fe429ae968fa6becb974ffac49a7b8997267b257295
ra_stems_project_seed0,ra_stems_project,0,v40c_04658,4,10,400,0.711056105610561,1.0,1.0,0.75,8dc418bff5fd02f0d4ae3fe429ae968fa6becb974ffac49a7b8997267b257295
ra_stems_project_seed0,ra_stems_project,0,v40c_04659,2,7,200,0.6657807886051763,0.9062011464304323,0.8514851485148515,0.7428571428571428,8dc418bff5fd02f0d4ae3fe429ae968fa6becb974ffac49a7b8997267b257295
ra_stems_project_seed0,ra_stems_project,0,v40c_04660,2,6,200,0.735907590759076,1.0,1.0,0.7666666666666667,8dc418bff5fd02f0d4ae3fe429ae968fa6becb974ffac49a7b8997267b257295
ra_stems_project_seed0,ra_stems_project,0,v40c_04661,1,3,100,0.7554455445544555,1.0,1.0,0.7666666666666666,8dc418bff5fd02f0d4ae3fe429ae968fa6becb974ffac49a7b8997267b257295
ra_stems_project_seed0,ra_stems_project,0,v40c_04662,1,3,100,0.7554455445544555,1.0,1.0,0.7999999999999999,8dc418bff5fd02f0d4ae3fe429ae968fa6becb974ffac49a7b8997267b257295
ra_stems_project_seed0,ra_stems_project,0,v40c_04663,3,11,300,0.6988346267059139,0.9917491749174919,0.900990099009901,0.7272727272727273,8dc418bff5fd02f0d4ae3fe429ae968fa6becb974ffac49a7b8997267b257295
ra_stems_project_seed0,ra_stems_project,0,v40c_04664,1,3,100,0.7666666666666667,1.0,1.0,0.7999999999999999,8dc418bff5fd02f0d4ae3fe429ae968fa6becb974ffac49a7b8997267b257295
ra_stems_project_seed0,ra_stems_project,0,v40c_04665,1,3,100,0.8554455445544555,1.0,1.0,0.8666666666666666,8dc418bff5fd02f0d4ae3fe429ae968fa6becb974ffac49a7b8997267b257295
ra_stems_project_seed0,ra_stems_project,0,v40c_04666,1,3,100,0.8336633663366337,1.0,1.0,0.8333333333333334,8dc418bff5fd02f0d4ae3fe429ae968fa6becb974ffac49a7b8997267b257295
ra_stems_project_seed0,ra_stems_project,0,v40c_04667,1,3,100,0.7663366336633664,1.0,1.0,0.7666666666666666,8dc418bff5fd02f0d4ae3fe429ae968fa6becb974ffac49a7b8997267b257295
ra_stems_project_seed0,ra_stems_project,0,v40c_04668,1,3,100,0.7445544554455445,1.0,1.0,0.7666666666666666,8dc418bff5fd02f0d4ae3fe429ae968fa6becb974ffac49a7b8997267b257295
ra_stems_project_seed0,ra_stems_project,0,v40c_04669,1,3,100,0.7891089108910891,1.0,1.0,0.7999999999999999,8dc418bff5fd02f0d4ae3fe429ae968fa6becb974ffac49a7b8997267b257295
ra_stems_project_seed0,ra_stems_project,0,v40c_04670,1,4,100,0.675907590759076,1.0,1.0,0.725,8dc418bff5fd02f0d4ae3fe429ae968fa6becb974ffac49a7b8997267b257295
ra_stems_project_seed0,ra_stems_project,0,v40c_04671,2,7,200,0.7194141914191419,0.9641089108910891,0.9641089108910891,0.8,8dc418bff5fd02f0d4ae3fe429ae968fa6becb974ffac49a7b8997267b257295
ra_stems_project_seed0,ra_stems_project,0,v40c_04672,1,3,100,0.7782178217821782,1.0,1.0,0.7999999999999999,8dc418bff5fd02f0d4ae3fe429ae968fa6becb974ffac49a7b8997267b257295
ra_stems_project_seed0,ra_stems_project,0,v40c_04673,1,3,100,0.5553041018387553,1.0,0.6265912305516267,0.6666666666666666,8dc418bff5fd02f0d4ae3fe429ae968fa6becb974ffac49a7b8997267b257295
ra_stems_project_seed0,ra_stems_project,0,v40c_04674,1,3,100,0.7564356435643564,1.0,1.0,0.7666666666666666,8dc418bff5fd02f0d4ae3fe429ae968fa6becb974ffac49a7b8997267b257295
ra_stems_project_seed0,ra_stems_project,0,v40c_04675,1,4,100,0.7514851485148515,1.0,1.0,0.775,8dc418bff5fd02f0d4ae3fe429ae968fa6becb974ffac49a7b8997267b257295
ra_stems_project_seed0,ra_stems_project,0,v40c_04676,1,4,100,0.7710396039603961,1.0,1.0,0.775,8dc418bff5fd02f0d4ae3fe429ae968fa6becb974ffac49a7b8997267b257295
ra_stems_project_seed0,ra_stems_project,0,v40c_04677,2,8,200,0.7968646864686469,1.0,1.0,0.8,8dc418bff5fd02f0d4ae3fe429ae968fa6becb974ffac49a7b8997267b257295
ra_stems_project_seed0,ra_stems_project,0,v40c_04678,2,8,200,0.7582383448428875,1.0,0.9015725101921955,0.7875,8dc418bff5fd02f0d4ae3fe429ae968fa6becb974ffac49a7b8997267b257295
ra_stems_project_seed0,ra_stems_project,0,v40c_04679,1,4,100,0.8205445544554456,1.0,1.0,0.825,8dc418bff5fd02f0d4ae3fe429ae968fa6becb974ffac49a7b8997267b257295
ra_stems_project_seed0,ra_stems_project,0,v40c_04680,3,9,300,0.7856985698569858,1.0,1.0,0.788888888888889,8dc418bff5fd02f0d4ae3fe429ae968fa6becb974ffac49a7b8997267b257295
ra_stems_project_seed0,ra_stems_project,0,v40c_04681,1,3,100,0.7663366336633664,1.0,1.0,0.8,8dc418bff5fd02f0d4ae3fe429ae968fa6becb974ffac49a7b8997267b257295
ra_stems_project_seed0,ra_stems_project,0,v40c_04682,1,3,100,0.8336633663366335,1.0,1.0,0.8666666666666668,8dc418bff5fd02f0d4ae3fe429ae968fa6becb974ffac49a7b8997267b257295
ra_stems_project_seed0,ra_stems_project,0,v40c_04683,1,3,100,0.7,1.0,0.6633663366336634,0.7,8dc418bff5fd02f0d4ae3fe429ae968fa6becb974ffac49a7b8997267b257295
ra_stems_project_seed0,ra_stems_project,0,v40c_04684,1,3,100,0.7057425742574255,0.865346534653465,0.865346534653465,0.7999999999999999,8dc418bff5fd02f0d4ae3fe429ae968fa6becb974ffac49a7b8997267b257295
ra_stems_project_seed0,ra_stems_project,0,v40c_04685,1,3,100,0.7653465346534654,0.9158415841584159,0.9158415841584159,0.8333333333333334,8dc418bff5fd02f0d4ae3fe429ae968fa6becb974ffac49a7b8997267b257295
ra_stems_project_seed0,ra_stems_project,0,v40c_04686,1,3,100,0.5990099009900991,0.8316831683168316,0.6633663366336634,0.6666666666666666,8dc418bff5fd02f0d4ae3fe429ae968fa6becb974ffac49a7b8997267b257295
ra_stems_project_seed0,ra_stems_project,0,v40c_04687,1,3,100,0.5495049504950495,0.7475247524752475,0.7475247524752475,0.7,8dc418bff5fd02f0d4ae3fe429ae968fa6becb974ffac49a7b8997267b257295
ra_stems_project_seed0,ra_stems_project,0,v40c_04688,1,3,100,0.6032178217821782,0.7264851485148515,0.7264851485148515,0.7666666666666666,8dc418bff5fd02f0d4ae3fe429ae968fa6becb974ffac49a7b8997267b257295
ra_stems_project_seed0,ra_stems_project,0,v40c_04689,1,3,100,0.593210749646393,0.711456859971711,0.711456859971711,0.7666666666666666,8dc418bff5fd02f0d4ae3fe429ae968fa6becb974ffac49a7b8997267b257295
ra_stems_project_seed0,ra_stems_project,0,v40c_04690,1,3,100,0.6528712871287127,0.865346534653465,0.865346534653465,0.7333333333333333,8dc418bff5fd02f0d4ae3fe429ae968fa6becb974ffac49a7b8997267b257295
ra_stems_project_seed0,ra_stems_project,0,v40c_04691,1,3,100,0.7092409240924092,0.7755775577557755,0.7755775577557755,0.8666666666666666,8dc418bff5fd02f0d4ae3fe429ae968fa6becb974ffac49a7b8997267b257295
ra_stems_project_seed0,ra_stems_project,0,v40c_04692,1,3,100,0.7485148514851485,0.9158415841584159,0.9158415841584159,0.8,8dc418bff5fd02f0d4ae3fe429ae968fa6becb974ffac49a7b8997267b257295
ra_stems_project_seed0,ra_stems_project,0,v40c_04693,1,3,100,0.7663366336633664,1.0,1.0,0.7666666666666666,8dc418bff5fd02f0d4ae3fe429ae968fa6becb974ffac49a7b8997267b257295
ra_stems_project_seed0,ra_stems_project,0,v40c_04694,1,2,100,0.8009900990099009,1.0,1.0,0.8,8dc418bff5fd02f0d4ae3fe429ae968fa6becb974ffac49a7b8997267b257295
ra_stems_project_seed0,ra_stems_project,0,v40c_04695,1,2,100,0.9,1.0,1.0,0.9,8dc418bff5fd02f0d4ae3fe429ae968fa6becb974ffac49a7b8997267b257295
ra_stems_project_seed0,ra_stems_project,0,v40c_04696,5,8,500,0.8881188118811881,1.0,1.0,0.9,8dc418bff5fd02f0d4ae3fe429ae968fa6becb974ffac49a7b8997267b257295
ra_stems_project_seed0,ra_stems_project,0,v40c_04697,1,1,100,0.8999999999999998,0.9999999999999999,0.9999999999999999,0.9,8dc418bff5fd02f0d4ae3fe429ae968fa6becb974ffac49a7b8997267b257295
ra_stems_project_seed0,ra_stems_project,0,v40c_04698,1,1,100,0.8999999999999998,0.9999999999999999,0.9999999999999999,0.9,8dc418bff5fd02f0d4ae3fe429ae968fa6becb974ffac49a7b8997267b257295
ra_stems_project_seed0,ra_stems_project,0,v40c_04699,1,1,100,0.7999999999999999,0.9999999999999999,0.9999999999999999,0.8,8dc418bff5fd02f0d4ae3fe429ae968fa6becb974ffac49a7b8997267b257295
ra_stems_project_seed0,ra_stems_project,0,v40c_04700,1,1,100,0.8999999999999998,0.9999999999999999,0.9999999999999999,0.9,8dc418bff5fd02f0d4ae3fe429ae968fa6becb974ffac49a7b8997267b257295
ra_stems_project_seed0,ra_stems_project,0,v40c_04701,3,3,300,0.8554455445544555,1.0,1.0,0.8666666666666666,8dc418bff5fd02f0d4ae3fe429ae968fa6becb974ffac49a7b8997267b257295
ra_stems_project_seed0,ra_stems_project,0,v40c_04702,1,1,100,0.8999999999999998,0.9999999999999999,0.9999999999999999,0.9,8dc418bff5fd02f0d4ae3fe429ae968fa6becb974ffac49a7b8997267b257295
ra_stems_project_seed0,ra_stems_project,0,v40c_04703,1,2,100,0.700990099009901,1.0,1.0,0.7,8dc418bff5fd02f0d4ae3fe429ae968fa6becb974ffac49a7b8997267b257295
ra_stems_project_seed0,ra_stems_project,0,v40c_04704,3,5,300,0.7207920792079208,1.0,1.0,0.72,8dc418bff5fd02f0d4ae3fe429ae968fa6becb974ffac49a7b8997267b257295
ra_stems_project_seed0,ra_stems_project,0,v40c_04705,1,3,100,0.635077793493635,1.0,0.6633663366336634,0.6666666666666666,8dc418bff5fd02f0d4ae3fe429ae968fa6becb974ffac49a7b8997267b257295
ra_stems_project_seed0,ra_stems_project,0,v40c_04706,1,2,100,0.6013201320132013,0.834983498349835,0.834983498349835,0.75,8dc418bff5fd02f0d4ae3fe429ae968fa6becb974ffac49a7b8997267b257295
ra_stems_project_seed0,ra_stems_project,0,v40c_04707,1,2,100,0.8504950495049505,1.0,1.0,0.85,8dc418bff5fd02f0d4ae3fe429ae968fa6becb974ffac49a7b8997267b257295
ra_stems_project_seed0,ra_stems_project,0,v40c_04708,1,3,100,0.6336633663366337,1.0,0.5544554455445545,0.6666666666666666,8dc418bff5fd02f0d4ae3fe429ae968fa6becb974ffac49a7b8997267b257295
ra_stems_project_seed0,ra_stems_project,0,v40c_04709,2,2,200,0.9,1.0,1.0,0.9,8dc418bff5fd02f0d4ae3fe429ae968fa6becb974ffac49a7b8997267b257295
ra_stems_project_seed0,ra_stems_project,0,v40c_04710,1,1,100,0.7999999999999999,0.9999999999999999,0.9999999999999999,0.8,8dc418bff5fd02f0d4ae3fe429ae968fa6becb974ffac49a7b8997267b257295
ra_stems_project_seed0,ra_stems_project,0,v40c_04711,1,1,100,0.7,0.9999999999999999,0.9999999999999999,0.7,8dc418bff5fd02f0d4ae3fe429ae968fa6becb974ffac49a7b8997267b257295
ra_stems_project_seed0,ra_stems_project,0,v40c_04712,1,2,100,0.8514851485148516,1.0,0.834983498349835,0.95,8dc418bff5fd02f0d4ae3fe429ae968fa6becb974ffac49a7b8997267b257295
ra_stems_project_seed0,ra_stems_project,0,v40c_04713,1,2,100,0.8009900990099009,1.0,1.0,0.8,8dc418bff5fd02f0d4ae3fe429ae968fa6becb974ffac49a7b8997267b257295
ra_stems_project_seed0,ra_stems_project,0,v40c_04714,1,1,100,0.8999999999999998,0.9999999999999999,0.9999999999999999,0.9,8dc418bff5fd02f0d4ae3fe429ae968fa6becb974ffac49a7b8997267b257295
ra_stems_project_seed0,ra_stems_project,0,v40c_04715,1,1,100,0.8999999999999998,0.9999999999999999,0.9999999999999999,0.9,8dc418bff5fd02f0d4ae3fe429ae968fa6becb974ffac49a7b8997267b257295
ra_stems_project_seed0,ra_stems_project,0,v40c_04716,1,2,100,0.7514851485148515,0.834983498349835,0.834983498349835,0.9,8dc418bff5fd02f0d4ae3fe429ae968fa6becb974ffac49a7b8997267b257295
ra_stems_project_seed0,ra_stems_project,0,v40c_04717,1,2,100,0.8504950495049505,1.0,1.0,0.85,8dc418bff5fd02f0d4ae3fe429ae968fa6becb974ffac49a7b8997267b257295
ra_stems_project_seed0,ra_stems_project,0,v40c_04718,1,2,100,0.8009900990099009,1.0,1.0,0.8,8dc418bff5fd02f0d4ae3fe429ae968fa6becb974ffac49a7b8997267b257295
ra_stems_project_seed0,ra_stems_project,0,v40c_04719,1,2,100,0.7504950495049505,1.0,1.0,0.8,8dc418bff5fd02f0d4ae3fe429ae968fa6becb974ffac49a7b8997267b257295
ra_stems_project_seed0,ra_stems_project,0,v40c_04720,1,2,100,0.8009900990099009,1.0,1.0,0.8,8dc418bff5fd02f0d4ae3fe429ae968fa6becb974ffac49a7b8997267b257295
ra_stems_project_seed0,ra_stems_project,0,v40c_04721,1,2,100,0.7504950495049505,1.0,1.0,0.75,8dc418bff5fd02f0d4ae3fe429ae968fa6becb974ffac49a7b8997267b257295
ra_stems_project_seed0,ra_stems_project,0,v40c_04722,1,2,100,0.7757425742574257,1.0,1.0,0.85,8dc418bff5fd02f0d4ae3fe429ae968fa6becb974ffac49a7b8997267b257295
ra_stems_project_seed0,ra_stems_project,0,v40c_04723,1,2,100,0.7504950495049505,1.0,1.0,0.8,8dc418bff5fd02f0d4ae3fe429ae968fa6becb974ffac49a7b8997267b257295
ra_stems_project_seed0,ra_stems_project,0,v40c_04724,1,2,100,0.7252475247524752,1.0,1.0,0.75,8dc418bff5fd02f0d4ae3fe429ae968fa6becb974ffac49a7b8997267b257295
ra_stems_project_seed0,ra_stems_project,0,v40c_04725,1,2,100,0.7504950495049505,1.0,1.0,0.75,8dc418bff5fd02f0d4ae3fe429ae968fa6becb974ffac49a7b8997267b257295
ra_stems_project_seed0,ra_stems_project,0,v40c_04726,1,2,100,0.7504950495049505,1.0,1.0,0.75,8dc418bff5fd02f0d4ae3fe429ae968fa6becb974ffac49a7b8997267b257295
ra_stems_project_seed0,ra_stems_project,0,v40c_04727,1,3,100,0.6108910891089109,1.0,0.5544554455445545,0.6333333333333333,8dc418bff5fd02f0d4ae3fe429ae968fa6becb974ffac49a7b8997267b257295
ra_stems_project_seed0,ra_stems_project,0,v40c_04728,1,3,100,0.6895049504950495,0.9158415841584159,0.865346534653465,0.8333333333333333,8dc418bff5fd02f0d4ae3fe429ae968fa6becb974ffac49a7b8997267b257295
ra_stems_project_seed0,ra_stems_project,0,v40c_04729,2,6,200,0.6547029702970297,1.0,1.0,0.6833333333333333,8dc418bff5fd02f0d4ae3fe429ae968fa6becb974ffac49a7b8997267b257295
ra_stems_project_seed0,ra_stems_project,0,v40c_04730,1,4,100,0.6381188118811881,1.0,1.0,0.675,8dc418bff5fd02f0d4ae3fe429ae968fa6becb974ffac49a7b8997267b257295
ra_stems_project_seed0,ra_stems_project,0,v40c_04731,1,4,100,0.7425742574257426,1.0,1.0,0.775,8dc418bff5fd02f0d4ae3fe429ae968fa6becb974ffac49a7b8997267b257295
ra_stems_project_seed0,ra_stems_project,0,v40c_04732,1,4,100,0.8628712871287127,1.0,1.0,0.875,8dc418bff5fd02f0d4ae3fe429ae968fa6becb974ffac49a7b8997267b257295
ra_stems_project_seed0,ra_stems_project,0,v40c_04733,1,4,100,0.7638613861386139,1.0,1.0,0.775,8dc418bff5fd02f0d4ae3fe429ae968fa6becb974ffac49a7b8997267b257295
ra_stems_project_seed0,ra_stems_project,0,v40c_04734,1,3,100,0.799009900990099,1.0,1.0,0.8,8dc418bff5fd02f0d4ae3fe429ae968fa6becb974ffac49a7b8997267b257295
ra_stems_project_seed0,ra_stems_project,0,v40c_04735,1,3,100,0.7221122112211221,1.0,1.0,0.7666666666666666,8dc418bff5fd02f0d4ae3fe429ae968fa6becb974ffac49a7b8997267b257295
ra_stems_project_seed0,ra_stems_project,0,v40c_04736,1,3,100,0.6778877887788779,1.0,1.0,0.7333333333333333,8dc418bff5fd02f0d4ae3fe429ae968fa6becb974ffac49a7b8997267b257295
ra_stems_project_seed0,ra_stems_project,0,v40c_04737,1,3,100,0.49310351766884,0.8341584158415841,0.5790871770103838,0.7333333333333333,8dc418bff5fd02f0d4ae3fe429ae968fa6becb974ffac49a7b8997267b257295
ra_stems_project_seed0,ra_stems_project,0,v40c_04738,1,4,100,0.6590759075907591,1.0,1.0,0.725,8dc418bff5fd02f0d4ae3fe429ae968fa6becb974ffac49a7b8997267b257295
ra_stems_project_seed0,ra_stems_project,0,v40c_04739,1,4,100,0.7381188118811881,1.0,1.0,0.75,8dc418bff5fd02f0d4ae3fe429ae968fa6becb974ffac49a7b8997267b257295
ra_stems_project_seed0,ra_stems_project,0,v40c_04740,2,5,200,0.6647733749920832,0.9434229137199429,0.8167577951825036,0.72,8dc418bff5fd02f0d4ae3fe429ae968fa6becb974ffac49a7b8997267b257295
ra_stems_project_seed0,ra_stems_project,0,v40c_04741,1,2,100,0.8009900990099009,1.0,1.0,0.8,8dc418bff5fd02f0d4ae3fe429ae968fa6becb974ffac49a7b8997267b257295
ra_stems_project_seed0,ra_stems_project,0,v40c_04742,1,2,100,0.7252475247524752,1.0,1.0,0.75,8dc418bff5fd02f0d4ae3fe429ae968fa6becb974ffac49a7b8997267b257295
ra_stems_project_seed0,ra_stems_project,0,v40c_04743,1,3,100,0.6835643564356435,1.0,0.49702970297029686,0.7999999999999999,8dc418bff5fd02f0d4ae3fe429ae968fa6becb974ffac49a7b8997267b257295
ra_stems_project_seed0,ra_stems_project,0,v40c_04744,1,3,100,0.8,1.0,1.0,0.8,8dc418bff5fd02f0d4ae3fe429ae968fa6becb974ffac49a7b8997267b257295
ra_stems_project_seed0,ra_stems_project,0,v40c_04745,1,2,100,0.6504950495049504,1.0,1.0,0.65,8dc418bff5fd02f0d4ae3fe429ae968fa6becb974ffac49a7b8997267b257295
ra_stems_project_seed0,ra_stems_project,0,v40c_04746,1,2,100,0.8,1.0,1.0,0.8,8dc418bff5fd02f0d4ae3fe429ae968fa6becb974ffac49a7b8997267b257295
ra_stems_project_seed0,ra_stems_project,0,v40c_04747,1,2,100,0.700990099009901,1.0,1.0,0.7,8dc418bff5fd02f0d4ae3fe429ae968fa6becb974ffac49a7b8997267b257295
ra_stems_project_seed0,ra_stems_project,0,v40c_04748,1,3,100,0.8,1.0,1.0,0.7999999999999999,8dc418bff5fd02f0d4ae3fe429ae968fa6becb974ffac49a7b8997267b257295
ra_stems_project_seed0,ra_stems_project,0,v40c_04749,1,2,100,0.7252475247524752,1.0,1.0,0.75,8dc418bff5fd02f0d4ae3fe429ae968fa6becb974ffac49a7b8997267b257295
ra_stems_project_seed0,ra_stems_project,0,v40c_04750,1,3,100,0.8168316831683168,1.0,1.0,0.8333333333333334,8dc418bff5fd02f0d4ae3fe429ae968fa6becb974ffac49a7b8997267b257295
ra_stems_project_seed0,ra_stems_project,0,v40c_04763,3,4,300,0.6721383198227657,0.8939179632248937,0.7560239894957241,0.775,8dc418bff5fd02f0d4ae3fe429ae968fa6becb974ffac49a7b8997267b257295
ra_stems_project_seed0,ra_stems_project,0,v40c_04768,2,6,200,0.672065063649222,1.0,0.7281156687097278,0.7666666666666666,8dc418bff5fd02f0d4ae3fe429ae968fa6becb974ffac49a7b8997267b257295
ra_stems_project_seed0,ra_stems_project,0,v40c_04796,15,26,1500,0.7761054135337841,0.9955995599559955,0.9573495811119573,0.8038461538461539,8dc418bff5fd02f0d4ae3fe429ae968fa6becb974ffac49a7b8997267b257295
ra_stems_project_seed0,ra_stems_project,0,v40c_04843,2,4,200,0.8085808580858085,1.0,1.0,0.825,8dc418bff5fd02f0d4ae3fe429ae968fa6becb974ffac49a7b8997267b257295
ra_stems_project_seed0,ra_stems_project,0,v40c_04846,1,4,100,0.7386138613861386,1.0,1.0,0.75,8dc418bff5fd02f0d4ae3fe429ae968fa6becb974ffac49a7b8997267b257295
ra_stems_project_seed0,ra_stems_project,0,v40c_04847,1,3,100,0.8,1.0,1.0,0.8,8dc418bff5fd02f0d4ae3fe429ae968fa6becb974ffac49a7b8997267b257295
ra_stems_project_seed0,ra_stems_project,0,v40c_04848,1,3,100,0.7112211221122112,1.0,1.0,0.7333333333333333,8dc418bff5fd02f0d4ae3fe429ae968fa6becb974ffac49a7b8997267b257295
ra_stems_project_seed0,ra_stems_project,0,v40c_04849,1,1,100,0.8999999999999998,0.9999999999999999,0.9999999999999999,0.9,8dc418bff5fd02f0d4ae3fe429ae968fa6becb974ffac49a7b8997267b257295
ra_stems_project_seed0,ra_stems_project,0,v40c_04850,1,1,100,0.7999999999999999,0.9999999999999999,0.9999999999999999,0.8,8dc418bff5fd02f0d4ae3fe429ae968fa6becb974ffac49a7b8997267b257295
ra_stems_project_seed0,ra_stems_project,0,v40c_04851,2,2,200,0.8252475247524753,1.0,1.0,0.85,8dc418bff5fd02f0d4ae3fe429ae968fa6becb974ffac49a7b8997267b257295
ra_stems_project_seed0,ra_stems_project,0,v40c_04852,1,1,100,0.7999999999999999,0.9999999999999999,0.9999999999999999,0.8,8dc418bff5fd02f0d4ae3fe429ae968fa6becb974ffac49a7b8997267b257295
ra_stems_project_seed0,ra_stems_project,0,v40c_04853,1,1,100,0.8999999999999998,0.9999999999999999,0.9999999999999999,0.9,8dc418bff5fd02f0d4ae3fe429ae968fa6becb974ffac49a7b8997267b257295
ra_stems_project_seed0,ra_stems_project,0,v40c_04854,1,1,100,0.7999999999999999,0.9999999999999999,0.9999999999999999,0.8,8dc418bff5fd02f0d4ae3fe429ae968fa6becb974ffac49a7b8997267b257295
ra_stems_project_seed0,ra_stems_project,0,v40c_04855,1,1,100,0.8999999999999998,0.9999999999999999,0.9999999999999999,0.9,8dc418bff5fd02f0d4ae3fe429ae968fa6becb974ffac49a7b8997267b257295
ra_stems_project_seed0,ra_stems_project,0,v40c_04856,1,1,100,0.7999999999999999,0.9999999999999999,0.9999999999999999,0.8,8dc418bff5fd02f0d4ae3fe429ae968fa6becb974ffac49a7b8997267b257295
ra_stems_project_seed0,ra_stems_project,0,v40c_04857,2,2,200,0.8,1.0,1.0,0.8,8dc418bff5fd02f0d4ae3fe429ae968fa6becb974ffac49a7b8997267b257295
ra_stems_project_seed0,ra_stems_project,0,v40c_04858,1,1,100,0.5999999999999999,0.9999999999999999,0.9999999999999999,0.6,8dc418bff5fd02f0d4ae3fe429ae968fa6becb974ffac49a7b8997267b257295
ra_stems_project_seed0,ra_stems_project,0,v40c_04859,1,1,100,0.7999999999999999,0.9999999999999999,0.9999999999999999,0.8,8dc418bff5fd02f0d4ae3fe429ae968fa6becb974ffac49a7b8997267b257295
ra_stems_project_seed0,ra_stems_project,0,v40c_04860,1,1,100,0.8999999999999998,0.9999999999999999,0.9999999999999999,0.9,8dc418bff5fd02f0d4ae3fe429ae968fa6becb974ffac49a7b8997267b257295
ra_stems_project_seed0,ra_stems_project,0,v40c_04861,1,2,100,0.7514851485148515,1.0,1.0,0.75,8dc418bff5fd02f0d4ae3fe429ae968fa6becb974ffac49a7b8997267b257295
ra_stems_project_seed0,ra_stems_project,0,v40c_04862,2,4,200,0.7628712871287129,1.0,1.0,0.775,8dc418bff5fd02f0d4ae3fe429ae968fa6becb974ffac49a7b8997267b257295
ra_stems_project_seed0,ra_stems_project,0,v40c_04863,1,2,100,0.7504950495049505,1.0,1.0,0.8,8dc418bff5fd02f0d4ae3fe429ae968fa6becb974ffac49a7b8997267b257295
ra_stems_project_seed0,ra_stems_project,0,v40c_04864,1,2,100,0.7504950495049505,1.0,1.0,0.8,8dc418bff5fd02f0d4ae3fe429ae968fa6becb974ffac49a7b8997267b257295
ra_stems_project_seed0,ra_stems_project,0,v40c_04865,1,2,100,0.8252475247524753,1.0,1.0,0.85,8dc418bff5fd02f0d4ae3fe429ae968fa6becb974ffac49a7b8997267b257295
ra_stems_project_seed0,ra_stems_project,0,v40c_04866,1,2,100,0.7252475247524752,1.0,1.0,0.75,8dc418bff5fd02f0d4ae3fe429ae968fa6becb974ffac49a7b8997267b257295
ra_stems_project_seed0,ra_stems_project,0,v40c_04867,1,2,100,0.6757425742574257,1.0,1.0,0.75,8dc418bff5fd02f0d4ae3fe429ae968fa6becb974ffac49a7b8997267b257295
ra_stems_project_seed0,ra_stems_project,0,v40c_04868,2,4,200,0.8381188118811881,1.0,1.0,0.85,8dc418bff5fd02f0d4ae3fe429ae968fa6becb974ffac49a7b8997267b257295
ra_stems_project_seed0,ra_stems_project,0,v40c_04869,1,3,100,0.7,1.0,1.0,0.7,8dc418bff5fd02f0d4ae3fe429ae968fa6becb974ffac49a7b8997267b257295
ra_stems_project_seed0,ra_stems_project,0,v40c_04870,1,3,100,0.7336633663366336,1.0,1.0,0.7333333333333333,8dc418bff5fd02f0d4ae3fe429ae968fa6becb974ffac49a7b8997267b257295
ra_stems_project_seed0,ra_stems_project,0,v40c_04871,1,3,100,0.7336633663366336,1.0,1.0,0.7333333333333333,8dc418bff5fd02f0d4ae3fe429ae968fa6becb974ffac49a7b8997267b257295
ra_stems_project_seed0,ra_stems_project,0,v40c_04872,1,3,100,0.7891089108910891,1.0,1.0,0.7999999999999999,8dc418bff5fd02f0d4ae3fe429ae968fa6becb974ffac49a7b8997267b257295
ra_stems_project_seed0,ra_stems_project,0,v40c_04873,1,3,100,0.7,1.0,1.0,0.7,8dc418bff5fd02f0d4ae3fe429ae968fa6becb974ffac49a7b8997267b257295
ra_stems_project_seed0,ra_stems_project,0,v40c_04874,2,6,200,0.8218811881188118,1.0,1.0,0.85,8dc418bff5fd02f0d4ae3fe429ae968fa6becb974ffac49a7b8997267b257295
ra_stems_project_seed0,ra_stems_project,0,v40c_04875,1,3,100,0.5831683168316831,1.0,0.6633663366336634,0.6333333333333333,8dc418bff5fd02f0d4ae3fe429ae968fa6becb974ffac49a7b8997267b257295
ra_stems_project_seed0,ra_stems_project,0,v40c_04876,2,4,200,0.7524752475247525,1.0,1.0,0.775,8dc418bff5fd02f0d4ae3fe429ae968fa6becb974ffac49a7b8997267b257295
ra_stems_project_seed0,ra_stems_project,0,v40c_04877,1,2,100,0.7252475247524752,1.0,1.0,0.75,8dc418bff5fd02f0d4ae3fe429ae968fa6becb974ffac49a7b8997267b257295
ra_stems_project_seed0,ra_stems_project,0,v40c_04878,1,2,100,0.7504950495049505,1.0,1.0,0.8,8dc418bff5fd02f0d4ae3fe429ae968fa6becb974ffac49a7b8997267b257295
ra_stems_project_seed0,ra_stems_project,0,v40c_04879,1,2,100,0.7,1.0,1.0,0.7,8dc418bff5fd02f0d4ae3fe429ae968fa6becb974ffac49a7b8997267b257295
ra_stems_project_seed0,ra_stems_project,0,v40c_04880,1,2,100,0.7,1.0,1.0,0.7,8dc418bff5fd02f0d4ae3fe429ae968fa6becb974ffac49a7b8997267b257295
ra_stems_project_seed0,ra_stems_project,0,v40c_04881,1,1,100,0.7999999999999999,0.9999999999999999,0.9999999999999999,0.8,8dc418bff5fd02f0d4ae3fe429ae968fa6becb974ffac49a7b8997267b257295
ra_stems_project_seed0,ra_stems_project,0,v40c_04882,1,1,100,0.7999999999999999,0.9999999999999999,0.9999999999999999,0.8,8dc418bff5fd02f0d4ae3fe429ae968fa6becb974ffac49a7b8997267b257295
ra_stems_project_seed0,ra_stems_project,0,v40c_04883,1,1,100,0.8999999999999998,0.9999999999999999,0.9999999999999999,0.9,8dc418bff5fd02f0d4ae3fe429ae968fa6becb974ffac49a7b8997267b257295
ra_stems_project_seed0,ra_stems_project,0,v40c_04884,1,2,100,0.7504950495049505,1.0,1.0,0.8,8dc418bff5fd02f0d4ae3fe429ae968fa6becb974ffac49a7b8997267b257295
ra_stems_project_seed0,ra_stems_project,0,v40c_04885,1,2,100,0.8,1.0,1.0,0.8,8dc418bff5fd02f0d4ae3fe429ae968fa6becb974ffac49a7b8997267b257295
ra_stems_project_seed0,ra_stems_project,0,v40c_04886,2,4,200,0.8051155115511552,1.0,1.0,0.825,8dc418bff5fd02f0d4ae3fe429ae968fa6becb974ffac49a7b8997267b257295
ra_stems_project_seed0,ra_stems_project,0,v40c_04887,1,2,100,0.9,1.0,1.0,0.9,8dc418bff5fd02f0d4ae3fe429ae968fa6becb974ffac49a7b8997267b257295
ra_stems_project_seed0,ra_stems_project,0,v40c_04888,1,2,100,0.9009900990099009,1.0,1.0,0.9,8dc418bff5fd02f0d4ae3fe429ae968fa6becb974ffac49a7b8997267b257295
ra_stems_project_seed0,ra_stems_project,0,v40c_04889,1,1,100,0.8999999999999998,0.9999999999999999,0.9999999999999999,0.9,8dc418bff5fd02f0d4ae3fe429ae968fa6becb974ffac49a7b8997267b257295
ra_stems_project_seed0,ra_stems_project,0,v40c_04890,1,1,100,0.8999999999999998,0.9999999999999999,0.9999999999999999,0.9,8dc418bff5fd02f0d4ae3fe429ae968fa6becb974ffac49a7b8997267b257295
ra_stems_project_seed0,ra_stems_project,0,v40c_04891,1,1,100,0.7999999999999999,0.9999999999999999,0.9999999999999999,0.8,8dc418bff5fd02f0d4ae3fe429ae968fa6becb974ffac49a7b8997267b257295
ra_stems_project_seed0,ra_stems_project,0,v40c_04892,1,1,100,0.8999999999999998,0.9999999999999999,0.9999999999999999,0.9,8dc418bff5fd02f0d4ae3fe429ae968fa6becb974ffac49a7b8997267b257295
ra_stems_project_seed0,ra_stems_project,0,v40c_04893,1,2,100,0.8009900990099009,1.0,1.0,0.8,8dc418bff5fd02f0d4ae3fe429ae968fa6becb974ffac49a7b8997267b257295
ra_stems_project_seed0,ra_stems_project,0,v40c_04894,1,2,100,0.8009900990099009,1.0,1.0,0.8,8dc418bff5fd02f0d4ae3fe429ae968fa6becb974ffac49a7b8997267b257295
ra_stems_project_seed0,ra_stems_project,0,v40c_04895,1,2,100,0.8009900990099009,1.0,1.0,0.8,8dc418bff5fd02f0d4ae3fe429ae968fa6becb974ffac49a7b8997267b257295
ra_stems_project_seed0,ra_stems_project,0,v40c_04896,1,1,100,0.8999999999999998,0.9999999999999999,0.9999999999999999,0.9,8dc418bff5fd02f0d4ae3fe429ae968fa6becb974ffac49a7b8997267b257295
ra_stems_project_seed0,ra_stems_project,0,v40c_04897,1,1,100,0.7999999999999999,0.9999999999999999,0.9999999999999999,0.8,8dc418bff5fd02f0d4ae3fe429ae968fa6becb974ffac49a7b8997267b257295
ra_stems_project_seed0,ra_stems_project,0,v40c_04898,1,1,100,0.8999999999999998,0.9999999999999999,0.9999999999999999,0.9,8dc418bff5fd02f0d4ae3fe429ae968fa6becb974ffac49a7b8997267b257295
ra_stems_project_seed0,ra_stems_project,0,v40c_04899,1,1,100,0.8999999999999998,0.9999999999999999,0.9999999999999999,0.9,8dc418bff5fd02f0d4ae3fe429ae968fa6becb974ffac49a7b8997267b257295
ra_stems_project_seed0,ra_stems_project,0,v40c_04900,1,1,100,0.8999999999999998,0.9999999999999999,0.9999999999999999,0.9,8dc418bff5fd02f0d4ae3fe429ae968fa6becb974ffac49a7b8997267b257295
ra_stems_project_seed0,ra_stems_project,0,v40c_05100,1,15,100,0.7546996046688378,0.904826175974229,0.8878139302379869,0.8,8dc418bff5fd02f0d4ae3fe429ae968fa6becb974ffac49a7b8997267b257295
ra_stems_project_seed0,ra_stems_project,0,v40c_05490,3,11,300,0.68992327804209,0.9249174917491749,0.9249174917491749,0.7818181818181817,8dc418bff5fd02f0d4ae3fe429ae968fa6becb974ffac49a7b8997267b257295
ra_stems_project_seed0,ra_stems_project,0,v40c_05493,2,5,200,0.7487128712871287,1.0,1.0,0.78,8dc418bff5fd02f0d4ae3fe429ae968fa6becb974ffac49a7b8997267b257295
ra_stems_project_seed0,ra_stems_project,0,v40c_05494,1,2,100,0.8009900990099009,1.0,1.0,0.8,8dc418bff5fd02f0d4ae3fe429ae968fa6becb974ffac49a7b8997267b257295
ra_stems_project_seed0,ra_stems_project,0,v40c_05495,1,1,100,0.7999999999999999,0.9999999999999999,0.9999999999999999,0.8,8dc418bff5fd02f0d4ae3fe429ae968fa6becb974ffac49a7b8997267b257295
ra_stems_project_seed0,ra_stems_project,0,v40c_05496,1,2,100,0.6277227722772276,0.7524752475247525,0.7524752475247525,0.8,8dc418bff5fd02f0d4ae3fe429ae968fa6becb974ffac49a7b8997267b257295
ra_stems_project_seed0,ra_stems_project,0,v40c_05497,4,5,400,0.7616336633663365,0.8638613861386139,0.8638613861386139,0.9200000000000002,8dc418bff5fd02f0d4ae3fe429ae968fa6becb974ffac49a7b8997267b257295
ra_stems_project_seed0,ra_stems_project,0,v40c_05498,1,1,100,0.9999999999999998,0.9999999999999999,0.9999999999999999,1.0,8dc418bff5fd02f0d4ae3fe429ae968fa6becb974ffac49a7b8997267b257295
ra_stems_project_seed0,ra_stems_project,0,v40c_05499,2,2,200,0.9,1.0,1.0,0.9,8dc418bff5fd02f0d4ae3fe429ae968fa6becb974ffac49a7b8997267b257295
ra_stems_project_seed0,ra_stems_project,0,v40c_05500,2,2,200,0.9,1.0,1.0,0.9,8dc418bff5fd02f0d4ae3fe429ae968fa6becb974ffac49a7b8997267b257295
ra_stems_project_seed0,ra_stems_project,0,v40c_05501,5,5,500,0.7811881188118811,1.0,1.0,0.82,8dc418bff5fd02f0d4ae3fe429ae968fa6becb974ffac49a7b8997267b257295
ra_stems_project_seed0,ra_stems_project,0,v40c_05502,1,1,100,0.7999999999999999,0.9999999999999999,0.9999999999999999,0.8,8dc418bff5fd02f0d4ae3fe429ae968fa6becb974ffac49a7b8997267b257295
ra_stems_project_seed0,ra_stems_project,0,v40c_05503,1,1,100,0.7999999999999999,0.9999999999999999,0.9999999999999999,0.8,8dc418bff5fd02f0d4ae3fe429ae968fa6becb974ffac49a7b8997267b257295
ra_stems_project_seed0,ra_stems_project,0,v40c_05504,2,2,200,0.8009900990099009,1.0,1.0,0.8,8dc418bff5fd02f0d4ae3fe429ae968fa6becb974ffac49a7b8997267b257295
ra_stems_project_seed0,ra_stems_project,0,v40c_05505,1,1,100,0.5999999999999999,0.9999999999999999,0.9999999999999999,0.6,8dc418bff5fd02f0d4ae3fe429ae968fa6becb974ffac49a7b8997267b257295
ra_stems_project_seed0,ra_stems_project,0,v40c_05506,1,1,100,0.7,0.9999999999999999,0.9999999999999999,0.7,8dc418bff5fd02f0d4ae3fe429ae968fa6becb974ffac49a7b8997267b257295
ra_stems_project_seed0,ra_stems_project,0,v40c_05507,2,2,200,0.6504950495049504,1.0,1.0,0.65,8dc418bff5fd02f0d4ae3fe429ae968fa6becb974ffac49a7b8997267b257295
ra_stems_project_seed0,ra_stems_project,0,v40c_05508,3,3,300,0.8442244224422442,1.0,1.0,0.8666666666666666,8dc418bff5fd02f0d4ae3fe429ae968fa6becb974ffac49a7b8997267b257295
ra_stems_project_seed0,ra_stems_project,0,v40c_05509,1,1,100,0.7999999999999999,0.9999999999999999,0.9999999999999999,0.8,8dc418bff5fd02f0d4ae3fe429ae968fa6becb974ffac49a7b8997267b257295
ra_stems_project_seed0,ra_stems_project,0,v40c_05510,1,1,100,0.7999999999999999,0.9999999999999999,0.9999999999999999,0.8,8dc418bff5fd02f0d4ae3fe429ae968fa6becb974ffac49a7b8997267b257295
ra_stems_project_seed0,ra_stems_project,0,v40c_05511,1,1,100,0.0,0.0,0.0,0.0,8dc418bff5fd02f0d4ae3fe429ae968fa6becb974ffac49a7b8997267b257295
