run_id,variant,seed,component_id,images,gt_boxes,detections,ap50_95,ap50,ap75,ar100,checkpoint_sha256
ra_static_equal_seed2,ra_static_equal,2,v40c_00124,1,3,100,0.8,1.0,1.0,0.8,ff529328194fe5defa88017af91b5b05b605c7024acd1e39798f460dbda82247
ra_static_equal_seed2,ra_static_equal,2,v40c_00125,1,2,100,0.8009900990099009,1.0,1.0,0.8,ff529328194fe5defa88017af91b5b05b605c7024acd1e39798f460dbda82247
ra_static_equal_seed2,ra_static_equal,2,v40c_00126,1,2,100,0.7,1.0,1.0,0.7,ff529328194fe5defa88017af91b5b05b605c7024acd1e39798f460dbda82247
ra_static_equal_seed2,ra_static_equal,2,v40c_00127,1,3,100,0.631089108910891,1.0,0.6049504950495049,0.7,ff529328194fe5defa88017af91b5b05b605c7024acd1e39798f460dbda82247
ra_static_equal_seed2,ra_static_equal,2,v40c_00128,2,6,200,0.6814631463146315,1.0,0.7772277227722773,0.7833333333333333,ff529328194fe5defa88017af91b5b05b605c7024acd1e39798f460dbda82247
ra_static_equal_seed2,ra_static_equal,2,v40c_00129,1,3,100,0.5495049504950495,1.0,0.4422442244224422,0.6333333333333333,ff529328194fe5defa88017af91b5b05b605c7024acd1e39798f460dbda82247
ra_static_equal_seed2,ra_static_equal,2,v40c_00130,1,3,100,0.4498349834983498,1.0,0.24092409240924095,0.6,ff529328194fe5defa88017af91b5b05b605c7024acd1e39798f460dbda82247
ra_static_equal_seed2,ra_static_equal,2,v40c_00131,1,2,100,0.4757425742574258,1.0,0.2524752475247525,0.55,ff529328194fe5defa88017af91b5b05b605c7024acd1e39798f460dbda82247
ra_static_equal_seed2,ra_static_equal,2,v40c_00132,1,2,100,0.5504950495049504,1.0,0.2524752475247525,0.6,ff529328194fe5defa88017af91b5b05b605c7024acd1e39798f460dbda82247
ra_static_equal_seed2,ra_static_equal,2,v40c_00133,1,2,100,0.401980198019802,1.0,0.5049504950495048,0.4,ff529328194fe5defa88017af91b5b05b605c7024acd1e39798f460dbda82247
ra_static_equal_seed2,ra_static_equal,2,v40c_00134,1,2,100,0.52996228194248,1.0,0.2996228194247997,0.6,ff529328194fe5defa88017af91b5b05b605c7024acd1e39798f460dbda82247
ra_static_equal_seed2,ra_static_equal,2,v40c_00135,1,2,100,0.46147614761476136,1.0,0.5049504950495048,0.5,ff529328194fe5defa88017af91b5b05b605c7024acd1e39798f460dbda82247
ra_static_equal_seed2,ra_static_equal,2,v40c_00136,1,2,100,0.7019801980198019,1.0,0.5049504950495048,0.7,ff529328194fe5defa88017af91b5b05b605c7024acd1e39798f460dbda82247
ra_static_equal_seed2,ra_static_equal,2,v40c_00137,1,2,100,0.601980198019802,1.0,0.5049504950495048,0.6,ff529328194fe5defa88017af91b5b05b605c7024acd1e39798f460dbda82247
ra_static_equal_seed2,ra_static_equal,2,v40c_00138,1,2,100,0.23007425742574253,0.5358910891089108,0.03155940594059406,0.65,ff529328194fe5defa88017af91b5b05b605c7024acd1e39798f460dbda82247
ra_static_equal_seed2,ra_static_equal,2,v40c_00139,1,2,100,0.324032403240324,0.534953495349535,0.534953495349535,0.7,ff529328194fe5defa88017af91b5b05b605c7024acd1e39798f460dbda82247
ra_static_equal_seed2,ra_static_equal,2,v40c_00140,2,4,200,0.2425312096427034,0.511407662505381,0.12871287128712872,0.35,ff529328194fe5defa88017af91b5b05b605c7024acd1e39798f460dbda82247
ra_static_equal_seed2,ra_static_equal,2,v40c_00141,1,1,100,0.07379310344827586,0.19999999999999996,0.034482758620689655,0.7,ff529328194fe5defa88017af91b5b05b605c7024acd1e39798f460dbda82247
ra_static_equal_seed2,ra_static_equal,2,v40c_00142,1,0,100,0.0,0.0,0.0,0.0,ff529328194fe5defa88017af91b5b05b605c7024acd1e39798f460dbda82247
ra_static_equal_seed2,ra_static_equal,2,v40c_00143,1,0,100,0.0,0.0,0.0,0.0,ff529328194fe5defa88017af91b5b05b605c7024acd1e39798f460dbda82247
ra_static_equal_seed2,ra_static_equal,2,v40c_00144,1,0,100,0.0,0.0,0.0,0.0,ff529328194fe5defa88017af91b5b05b605c7024acd1e39798f460dbda82247
ra_static_equal_seed2,ra_static_equal,2,v40c_00145,2,1,200,0.10285714285714284,0.25,0.0,0.5,ff529328194fe5defa88017af91b5b05b605c7024acd1e39798f460dbda82247
ra_static_equal_seed2,ra_static_equal,2,v40c_00146,1,1,100,0.0357142857142857,0.0714285714285714,0.0,0.5,ff529328194fe5defa88017af91b5b05b605c7024acd1e39798f460dbda82247
ra_static_equal_seed2,ra_static_equal,2,v40c_00147,1,0,100,0.0,0.0,0.0,0.0,ff529328194fe5defa88017af91b5b05b605c7024acd1e39798f460dbda82247
ra_static_equal_seed2,ra_static_equal,2,v40c_00148,1,1,100,0.7,0.9999999999999999,0.9999999999999999,0.7,ff529328194fe5defa88017af91b5b05b605c7024acd1e39798f460dbda82247
ra_static_equal_seed2,ra_static_equal,2,v40c_00149,1,1,100,0.5999999999999999,0.9999999999999999,0.9999999999999999,0.6,ff529328194fe5defa88017af91b5b05b605c7024acd1e39798f460dbda82247
ra_static_equal_seed2,ra_static_equal,2,v40c_00150,1,1,100,0.7,0.9999999999999999,0.9999999999999999,0.7,ff529328194fe5defa88017af91b5b05b605c7024acd1e39798f460dbda82247
ra_static_equal_seed2,ra_static_equal,2,v40c_00151,1,1,100,0.4999999999999999,0.9999999999999999,0.0,0.5,ff529328194fe5defa88017af91b5b05b605c7024acd1e39798f460dbda82247
ra_static_equal_seed2,ra_static_equal,2,v40c_00152,1,1,100,0.7,0.9999999999999999,0.9999999999999999,0.7,ff529328194fe5defa88017af91b5b05b605c7024acd1e39798f460dbda82247
ra_static_equal_seed2,ra_static_equal,2,v40c_00153,1,1,100,0.7,0.9999999999999999,0.9999999999999999,0.7,ff529328194fe5defa88017af91b5b05b605c7024acd1e39798f460dbda82247
ra_static_equal_seed2,ra_static_equal,2,v40c_00154,1,1,100,0.7999999999999999,0.9999999999999999,0.9999999999999999,0.8,ff529328194fe5defa88017af91b5b05b605c7024acd1e39798f460dbda82247
ra_static_equal_seed2,ra_static_equal,2,v40c_00155,1,1,100,0.39999999999999997,0.9999999999999999,0.0,0.4,ff529328194fe5defa88017af91b5b05b605c7024acd1e39798f460dbda82247
ra_static_equal_seed2,ra_static_equal,2,v40c_00156,1,1,100,0.9999999999999998,0.9999999999999999,0.9999999999999999,1.0,ff529328194fe5defa88017af91b5b05b605c7024acd1e39798f460dbda82247
ra_static_equal_seed2,ra_static_equal,2,v40c_00157,5,5,500,0.6655940594059406,1.0,0.801980198019802,0.6799999999999999,ff529328194fe5defa88017af91b5b05b605c7024acd1e39798f460dbda82247
ra_static_equal_seed2,ra_static_equal,2,v40c_00158,1,1,100,0.8999999999999998,0.9999999999999999,0.9999999999999999,0.9,ff529328194fe5defa88017af91b5b05b605c7024acd1e39798f460dbda82247
ra_static_equal_seed2,ra_static_equal,2,v40c_00159,1,1,100,0.7999999999999999,0.9999999999999999,0.9999999999999999,0.8,ff529328194fe5defa88017af91b5b05b605c7024acd1e39798f460dbda82247
ra_static_equal_seed2,ra_static_equal,2,v40c_00160,1,1,100,0.8999999999999998,0.9999999999999999,0.9999999999999999,0.9,ff529328194fe5defa88017af91b5b05b605c7024acd1e39798f460dbda82247
ra_static_equal_seed2,ra_static_equal,2,v40c_00161,1,1,100,0.7999999999999999,0.9999999999999999,0.9999999999999999,0.8,ff529328194fe5defa88017af91b5b05b605c7024acd1e39798f460dbda82247
ra_static_equal_seed2,ra_static_equal,2,v40c_00162,1,2,100,0.6029702970297028,1.0,0.5049504950495048,0.6,ff529328194fe5defa88017af91b5b05b605c7024acd1e39798f460dbda82247
ra_static_equal_seed2,ra_static_equal,2,v40c_00163,1,1,100,0.7999999999999999,0.9999999999999999,0.9999999999999999,0.8,ff529328194fe5defa88017af91b5b05b605c7024acd1e39798f460dbda82247
ra_static_equal_seed2,ra_static_equal,2,v40c_00164,5,5,500,0.8004950495049504,1.0,1.0,0.82,ff529328194fe5defa88017af91b5b05b605c7024acd1e39798f460dbda82247
ra_static_equal_seed2,ra_static_equal,2,v40c_00165,1,1,100,0.7,0.9999999999999999,0.9999999999999999,0.7,ff529328194fe5defa88017af91b5b05b605c7024acd1e39798f460dbda82247
ra_static_equal_seed2,ra_static_equal,2,v40c_00166,1,1,100,0.7999999999999999,0.9999999999999999,0.9999999999999999,0.8,ff529328194fe5defa88017af91b5b05b605c7024acd1e39798f460dbda82247
ra_static_equal_seed2,ra_static_equal,2,v40c_00167,1,1,100,0.7999999999999999,0.9999999999999999,0.9999999999999999,0.8,ff529328194fe5defa88017af91b5b05b605c7024acd1e39798f460dbda82247
ra_static_equal_seed2,ra_static_equal,2,v40c_00168,1,1,100,0.4999999999999999,0.9999999999999999,0.0,0.5,ff529328194fe5defa88017af91b5b05b605c7024acd1e39798f460dbda82247
ra_static_equal_seed2,ra_static_equal,2,v40c_00169,1,1,100,0.0375,0.0625,0.0625,0.6,ff529328194fe5defa88017af91b5b05b605c7024acd1e39798f460dbda82247
ra_static_equal_seed2,ra_static_equal,2,v40c_00170,1,1,100,0.5999999999999999,0.9999999999999999,0.9999999999999999,0.6,ff529328194fe5defa88017af91b5b05b605c7024acd1e39798f460dbda82247
ra_static_equal_seed2,ra_static_equal,2,v40c_00171,1,1,100,0.39999999999999997,0.9999999999999999,0.0,0.4,ff529328194fe5defa88017af91b5b05b605c7024acd1e39798f460dbda82247
ra_static_equal_seed2,ra_static_equal,2,v40c_00172,1,1,100,0.4,0.5,0.5,0.8,ff529328194fe5defa88017af91b5b05b605c7024acd1e39798f460dbda82247
ra_static_equal_seed2,ra_static_equal,2,v40c_00173,1,1,100,0.7,0.9999999999999999,0.9999999999999999,0.7,ff529328194fe5defa88017af91b5b05b605c7024acd1e39798f460dbda82247
ra_static_equal_seed2,ra_static_equal,2,v40c_00174,2,1,200,0.13999999999999996,0.19999999999999996,0.19999999999999996,0.7,ff529328194fe5defa88017af91b5b05b605c7024acd1e39798f460dbda82247
ra_static_equal_seed2,ra_static_equal,2,v40c_00175,1,0,100,0.0,0.0,0.0,0.0,ff529328194fe5defa88017af91b5b05b605c7024acd1e39798f460dbda82247
ra_static_equal_seed2,ra_static_equal,2,v40c_00263,15,7,1500,0.7471534653465346,0.9814356435643564,0.9814356435643564,0.7857142857142858,ff529328194fe5defa88017af91b5b05b605c7024acd1e39798f460dbda82247
ra_static_equal_seed2,ra_static_equal,2,v40c_00264,5,0,500,0.0,0.0,0.0,0.0,ff529328194fe5defa88017af91b5b05b605c7024acd1e39798f460dbda82247
ra_static_equal_seed2,ra_static_equal,2,v40c_00265,5,0,500,0.0,0.0,0.0,0.0,ff529328194fe5defa88017af91b5b05b605c7024acd1e39798f460dbda82247
ra_static_equal_seed2,ra_static_equal,2,v40c_00266,9,5,900,0.11331133113311331,0.24136413641364135,0.024862486248624863,0.52,ff529328194fe5defa88017af91b5b05b605c7024acd1e39798f460dbda82247
ra_static_equal_seed2,ra_static_equal,2,v40c_00267,2,2,200,0.3252475247524752,0.5,0.5,0.65,ff529328194fe5defa88017af91b5b05b605c7024acd1e39798f460dbda82247
ra_static_equal_seed2,ra_static_equal,2,v40c_00268,2,2,200,0.23366336633663365,0.5,0.16831683168316833,0.5,ff529328194fe5defa88017af91b5b05b605c7024acd1e39798f460dbda82247
ra_static_equal_seed2,ra_static_equal,2,v40c_00269,3,0,300,0.0,0.0,0.0,0.0,ff529328194fe5defa88017af91b5b05b605c7024acd1e39798f460dbda82247
ra_static_equal_seed2,ra_static_equal,2,v40c_00270,1,0,100,0.0,0.0,0.0,0.0,ff529328194fe5defa88017af91b5b05b605c7024acd1e39798f460dbda82247
ra_static_equal_seed2,ra_static_equal,2,v40c_00271,37,22,3700,0.08221118288477208,0.2887389567439872,0.0,0.3772727272727273,ff529328194fe5defa88017af91b5b05b605c7024acd1e39798f460dbda82247
ra_static_equal_seed2,ra_static_equal,2,v40c_00327,2,5,200,0.8564356435643562,1.0,0.9669966996699667,0.8799999999999999,ff529328194fe5defa88017af91b5b05b605c7024acd1e39798f460dbda82247
ra_static_equal_seed2,ra_static_equal,2,v40c_00328,2,5,200,0.7216386856076911,1.0,0.801980198019802,0.78,ff529328194fe5defa88017af91b5b05b605c7024acd1e39798f460dbda82247
ra_static_equal_seed2,ra_static_equal,2,v40c_00329,1,3,100,0.7316831683168317,1.0,0.6633663366336634,0.7333333333333333,ff529328194fe5defa88017af91b5b05b605c7024acd1e39798f460dbda82247
ra_static_equal_seed2,ra_static_equal,2,v40c_00330,4,12,400,0.7552392739273927,1.0,0.7301980198019802,0.7833333333333333,ff529328194fe5defa88017af91b5b05b605c7024acd1e39798f460dbda82247
ra_static_equal_seed2,ra_static_equal,2,v40c_00331,3,9,300,0.742992299229923,1.0,1.0,0.7666666666666667,ff529328194fe5defa88017af91b5b05b605c7024acd1e39798f460dbda82247
ra_static_equal_seed2,ra_static_equal,2,v40c_00332,1,3,100,0.8336633663366337,1.0,1.0,0.8333333333333334,ff529328194fe5defa88017af91b5b05b605c7024acd1e39798f460dbda82247
ra_static_equal_seed2,ra_static_equal,2,v40c_00333,1,3,100,0.8891089108910892,1.0,1.0,0.9,ff529328194fe5defa88017af91b5b05b605c7024acd1e39798f460dbda82247
ra_static_equal_seed2,ra_static_equal,2,v40c_00334,1,3,100,0.7182178217821782,1.0,0.7643564356435644,0.9,ff529328194fe5defa88017af91b5b05b605c7024acd1e39798f460dbda82247
ra_static_equal_seed2,ra_static_equal,2,v40c_00335,1,3,100,0.638633439615148,0.6914191419141914,0.6633663366336634,0.7666666666666666,ff529328194fe5defa88017af91b5b05b605c7024acd1e39798f460dbda82247
ra_static_equal_seed2,ra_static_equal,2,v40c_00336,1,2,100,0.9,1.0,1.0,0.9,ff529328194fe5defa88017af91b5b05b605c7024acd1e39798f460dbda82247
ra_static_equal_seed2,ra_static_equal,2,v40c_00337,1,2,100,0.9,1.0,1.0,0.9,ff529328194fe5defa88017af91b5b05b605c7024acd1e39798f460dbda82247
ra_static_equal_seed2,ra_static_equal,2,v40c_00338,1,2,100,0.9,1.0,1.0,0.9,ff529328194fe5defa88017af91b5b05b605c7024acd1e39798f460dbda82247
ra_static_equal_seed2,ra_static_equal,2,v40c_00339,1,2,100,0.9504950495049505,1.0,1.0,0.95,ff529328194fe5defa88017af91b5b05b605c7024acd1e39798f460dbda82247
ra_static_equal_seed2,ra_static_equal,2,v40c_00340,1,2,100,0.7514851485148515,1.0,1.0,0.75,ff529328194fe5defa88017af91b5b05b605c7024acd1e39798f460dbda82247
ra_static_equal_seed2,ra_static_equal,2,v40c_00341,1,2,100,0.7514851485148515,1.0,1.0,0.75,ff529328194fe5defa88017af91b5b05b605c7024acd1e39798f460dbda82247
ra_static_equal_seed2,ra_static_equal,2,v40c_00342,1,2,100,0.5762376237623762,1.0,0.7524752475247525,0.7,ff529328194fe5defa88017af91b5b05b605c7024acd1e39798f460dbda82247
ra_static_equal_seed2,ra_static_equal,2,v40c_00343,1,2,100,0.6524752475247524,1.0,0.7524752475247525,0.75,ff529328194fe5defa88017af91b5b05b605c7024acd1e39798f460dbda82247
ra_static_equal_seed2,ra_static_equal,2,v40c_00344,1,2,100,0.5298444130127299,1.0,0.6463932107496466,0.7,ff529328194fe5defa88017af91b5b05b605c7024acd1e39798f460dbda82247
ra_static_equal_seed2,ra_static_equal,2,v40c_00345,2,4,200,0.4327408860289014,0.6024602460246025,0.5114772671296981,0.725,ff529328194fe5defa88017af91b5b05b605c7024acd1e39798f460dbda82247
ra_static_equal_seed2,ra_static_equal,2,v40c_00346,1,3,100,0.5183168316831683,0.7227722772277227,0.4455445544554454,0.7,ff529328194fe5defa88017af91b5b05b605c7024acd1e39798f460dbda82247
ra_static_equal_seed2,ra_static_equal,2,v40c_00347,1,3,100,0.45115511551155113,0.6806930693069307,0.5577557755775576,0.6666666666666666,ff529328194fe5defa88017af91b5b05b605c7024acd1e39798f460dbda82247
ra_static_equal_seed2,ra_static_equal,2,v40c_00348,1,2,100,0.6854785478547855,0.834983498349835,0.834983498349835,0.8,ff529328194fe5defa88017af91b5b05b605c7024acd1e39798f460dbda82247
ra_static_equal_seed2,ra_static_equal,2,v40c_00349,1,2,100,0.5669966996699671,0.6666666666666669,0.6666666666666669,0.9,ff529328194fe5defa88017af91b5b05b605c7024acd1e39798f460dbda82247
ra_static_equal_seed2,ra_static_equal,2,v40c_00350,1,2,100,0.7514851485148515,0.834983498349835,0.834983498349835,0.9,ff529328194fe5defa88017af91b5b05b605c7024acd1e39798f460dbda82247
ra_static_equal_seed2,ra_static_equal,2,v40c_00351,1,2,100,0.8,1.0,1.0,0.8,ff529328194fe5defa88017af91b5b05b605c7024acd1e39798f460dbda82247
ra_static_equal_seed2,ra_static_equal,2,v40c_00352,1,2,100,0.7069306930693069,1.0,0.5544554455445543,0.75,ff529328194fe5defa88017af91b5b05b605c7024acd1e39798f460dbda82247
ra_static_equal_seed2,ra_static_equal,2,v40c_00353,1,2,100,0.6524752475247524,0.834983498349835,0.834983498349835,0.75,ff529328194fe5defa88017af91b5b05b605c7024acd1e39798f460dbda82247
ra_static_equal_seed2,ra_static_equal,2,v40c_00354,1,2,100,0.6848184818481848,0.834983498349835,0.834983498349835,0.85,ff529328194fe5defa88017af91b5b05b605c7024acd1e39798f460dbda82247
ra_static_equal_seed2,ra_static_equal,2,v40c_00355,1,2,100,0.8,1.0,1.0,0.8,ff529328194fe5defa88017af91b5b05b605c7024acd1e39798f460dbda82247
ra_static_equal_seed2,ra_static_equal,2,v40c_00356,1,2,100,0.6289828982898289,1.0,0.5949594959495947,0.75,ff529328194fe5defa88017af91b5b05b605c7024acd1e39798f460dbda82247
ra_static_equal_seed2,ra_static_equal,2,v40c_00357,1,2,100,0.8,1.0,1.0,0.8,ff529328194fe5defa88017af91b5b05b605c7024acd1e39798f460dbda82247
ra_static_equal_seed2,ra_static_equal,2,v40c_00358,1,2,100,0.700990099009901,1.0,1.0,0.7,ff529328194fe5defa88017af91b5b05b605c7024acd1e39798f460dbda82247
ra_static_equal_seed2,ra_static_equal,2,v40c_00359,1,2,100,0.667986798679868,1.0,0.834983498349835,0.75,ff529328194fe5defa88017af91b5b05b605c7024acd1e39798f460dbda82247
ra_static_equal_seed2,ra_static_equal,2,v40c_00360,1,2,100,0.600990099009901,1.0,0.5049504950495048,0.6,ff529328194fe5defa88017af91b5b05b605c7024acd1e39798f460dbda82247
ra_static_equal_seed2,ra_static_equal,2,v40c_00361,1,2,100,0.634983498349835,0.834983498349835,0.834983498349835,0.75,ff529328194fe5defa88017af91b5b05b605c7024acd1e39798f460dbda82247
ra_static_equal_seed2,ra_static_equal,2,v40c_00362,1,2,100,0.6178217821782178,1.0,0.834983498349835,0.75,ff529328194fe5defa88017af91b5b05b605c7024acd1e39798f460dbda82247
ra_static_equal_seed2,ra_static_equal,2,v40c_00363,1,2,100,0.41435643564356434,1.0,0.5049504950495048,0.45,ff529328194fe5defa88017af91b5b05b605c7024acd1e39798f460dbda82247
ra_static_equal_seed2,ra_static_equal,2,v40c_00364,1,1,100,0.4999999999999999,0.9999999999999999,0.0,0.5,ff529328194fe5defa88017af91b5b05b605c7024acd1e39798f460dbda82247
ra_static_equal_seed2,ra_static_equal,2,v40c_00365,1,1,100,0.5999999999999999,0.9999999999999999,0.9999999999999999,0.6,ff529328194fe5defa88017af91b5b05b605c7024acd1e39798f460dbda82247
ra_static_equal_seed2,ra_static_equal,2,v40c_00366,1,1,100,0.7999999999999999,0.9999999999999999,0.9999999999999999,0.8,ff529328194fe5defa88017af91b5b05b605c7024acd1e39798f460dbda82247
ra_static_equal_seed2,ra_static_equal,2,v40c_00367,1,1,100,0.7,0.9999999999999999,0.9999999999999999,0.7,ff529328194fe5defa88017af91b5b05b605c7024acd1e39798f460dbda82247
ra_static_equal_seed2,ra_static_equal,2,v40c_00368,1,1,100,0.4999999999999999,0.9999999999999999,0.0,0.5,ff529328194fe5defa88017af91b5b05b605c7024acd1e39798f460dbda82247
ra_static_equal_seed2,ra_static_equal,2,v40c_00369,1,1,100,0.4999999999999999,0.9999999999999999,0.0,0.5,ff529328194fe5defa88017af91b5b05b605c7024acd1e39798f460dbda82247
ra_static_equal_seed2,ra_static_equal,2,v40c_00370,1,1,100,0.7,0.9999999999999999,0.9999999999999999,0.7,ff529328194fe5defa88017af91b5b05b605c7024acd1e39798f460dbda82247
ra_static_equal_seed2,ra_static_equal,2,v40c_00371,1,1,100,0.30625,0.9999999999999999,0.0,0.4,ff529328194fe5defa88017af91b5b05b605c7024acd1e39798f460dbda82247
ra_static_equal_seed2,ra_static_equal,2,v40c_00372,1,1,100,0.1563829787234043,0.5,0.021276595744680857,0.6,ff529328194fe5defa88017af91b5b05b605c7024acd1e39798f460dbda82247
ra_static_equal_seed2,ra_static_equal,2,v40c_00373,3,6,300,0.3788057280304303,0.9298679867986801,0.29900990099009894,0.6333333333333333,ff529328194fe5defa88017af91b5b05b605c7024acd1e39798f460dbda82247
ra_static_equal_seed2,ra_static_equal,2,v40c_00374,3,6,300,0.48415841584158414,1.0,0.30297029702970296,0.55,ff529328194fe5defa88017af91b5b05b605c7024acd1e39798f460dbda82247
ra_static_equal_seed2,ra_static_equal,2,v40c_00375,1,2,100,0.601980198019802,1.0,0.5049504950495048,0.6,ff529328194fe5defa88017af91b5b05b605c7024acd1e39798f460dbda82247
ra_static_equal_seed2,ra_static_equal,2,v40c_00376,2,4,200,0.5762376237623762,1.0,0.6287128712871287,0.65,ff529328194fe5defa88017af91b5b05b605c7024acd1e39798f460dbda82247
ra_static_equal_seed2,ra_static_equal,2,v40c_00377,1,2,100,0.601980198019802,1.0,0.5049504950495048,0.6,ff529328194fe5defa88017af91b5b05b605c7024acd1e39798f460dbda82247
ra_static_equal_seed2,ra_static_equal,2,v40c_00397,2,6,200,0.7325412541254126,1.0,1.0,0.75,ff529328194fe5defa88017af91b5b05b605c7024acd1e39798f460dbda82247
ra_static_equal_seed2,ra_static_equal,2,v40c_00398,1,3,100,0.7168316831683168,1.0,1.0,0.7333333333333333,ff529328194fe5defa88017af91b5b05b605c7024acd1e39798f460dbda82247
ra_static_equal_seed2,ra_static_equal,2,v40c_00399,1,3,100,0.7996699669966996,1.0,1.0,0.8666666666666666,ff529328194fe5defa88017af91b5b05b605c7024acd1e39798f460dbda82247
ra_static_equal_seed2,ra_static_equal,2,v40c_00400,1,3,100,0.8,1.0,1.0,0.8,ff529328194fe5defa88017af91b5b05b605c7024acd1e39798f460dbda82247
ra_static_equal_seed2,ra_static_equal,2,v40c_00401,1,3,100,0.7247524752475248,0.9158415841584159,0.9158415841584159,0.7999999999999999,ff529328194fe5defa88017af91b5b05b605c7024acd1e39798f460dbda82247
ra_static_equal_seed2,ra_static_equal,2,v40c_00402,1,3,100,0.6326732673267327,0.9158415841584159,0.9158415841584159,0.7666666666666666,ff529328194fe5defa88017af91b5b05b605c7024acd1e39798f460dbda82247
ra_static_equal_seed2,ra_static_equal,2,v40c_00403,1,3,100,0.8227722772277228,1.0,1.0,0.8333333333333333,ff529328194fe5defa88017af91b5b05b605c7024acd1e39798f460dbda82247
ra_static_equal_seed2,ra_static_equal,2,v40c_00404,1,3,100,0.6747524752475248,0.9158415841584159,0.9158415841584159,0.7666666666666666,ff529328194fe5defa88017af91b5b05b605c7024acd1e39798f460dbda82247
ra_static_equal_seed2,ra_static_equal,2,v40c_00405,1,3,100,0.5653465346534653,0.8316831683168316,0.8316831683168316,0.6666666666666666,ff529328194fe5defa88017af91b5b05b605c7024acd1e39798f460dbda82247
ra_static_equal_seed2,ra_static_equal,2,v40c_00406,1,4,100,0.6658415841584159,1.0,0.7103960396039602,0.7,ff529328194fe5defa88017af91b5b05b605c7024acd1e39798f460dbda82247
ra_static_equal_seed2,ra_static_equal,2,v40c_00407,1,4,100,0.5661008763133444,0.9504950495049505,0.5175364994126531,0.65,ff529328194fe5defa88017af91b5b05b605c7024acd1e39798f460dbda82247
ra_static_equal_seed2,ra_static_equal,2,v40c_00408,1,4,100,0.4643564356435643,0.7524752475247525,0.7524752475247525,0.475,ff529328194fe5defa88017af91b5b05b605c7024acd1e39798f460dbda82247
ra_static_equal_seed2,ra_static_equal,2,v40c_00409,1,3,100,0.7,1.0,1.0,0.7,ff529328194fe5defa88017af91b5b05b605c7024acd1e39798f460dbda82247
ra_static_equal_seed2,ra_static_equal,2,v40c_00410,1,4,100,0.4772277227722772,0.7524752475247525,0.504950495049505,0.475,ff529328194fe5defa88017af91b5b05b605c7024acd1e39798f460dbda82247
ra_static_equal_seed2,ra_static_equal,2,v40c_00411,1,4,100,0.45247524752475243,0.7524752475247525,0.504950495049505,0.45,ff529328194fe5defa88017af91b5b05b605c7024acd1e39798f460dbda82247
ra_static_equal_seed2,ra_static_equal,2,v40c_00412,1,3,100,0.7112211221122112,1.0,1.0,0.7333333333333333,ff529328194fe5defa88017af91b5b05b605c7024acd1e39798f460dbda82247
ra_static_equal_seed2,ra_static_equal,2,v40c_00413,1,3,100,0.5554455445544555,1.0,0.4422442244224422,0.6,ff529328194fe5defa88017af91b5b05b605c7024acd1e39798f460dbda82247
ra_static_equal_seed2,ra_static_equal,2,v40c_00414,1,3,100,0.7778877887788779,1.0,1.0,0.8333333333333333,ff529328194fe5defa88017af91b5b05b605c7024acd1e39798f460dbda82247
ra_static_equal_seed2,ra_static_equal,2,v40c_00415,1,3,100,0.7112211221122112,1.0,1.0,0.7333333333333333,ff529328194fe5defa88017af91b5b05b605c7024acd1e39798f460dbda82247
ra_static_equal_seed2,ra_static_equal,2,v40c_00416,1,4,100,0.7433243324332433,1.0,0.8424842484248423,0.775,ff529328194fe5defa88017af91b5b05b605c7024acd1e39798f460dbda82247
ra_static_equal_seed2,ra_static_equal,2,v40c_00417,1,4,100,0.7184818481848184,1.0,0.9174917491749175,0.75,ff529328194fe5defa88017af91b5b05b605c7024acd1e39798f460dbda82247
ra_static_equal_seed2,ra_static_equal,2,v40c_00418,1,4,100,0.6642149929278641,1.0,0.8939179632248937,0.7,ff529328194fe5defa88017af91b5b05b605c7024acd1e39798f460dbda82247
ra_static_equal_seed2,ra_static_equal,2,v40c_00419,4,17,400,0.6427414257424899,0.9900990099009901,0.7029702970297029,0.6705882352941177,ff529328194fe5defa88017af91b5b05b605c7024acd1e39798f460dbda82247
ra_static_equal_seed2,ra_static_equal,2,v40c_00420,1,4,100,0.7762376237623763,1.0,1.0,0.775,ff529328194fe5defa88017af91b5b05b605c7024acd1e39798f460dbda82247
ra_static_equal_seed2,ra_static_equal,2,v40c_00421,1,4,100,0.5844884488448845,1.0,0.42244224422442234,0.6,ff529328194fe5defa88017af91b5b05b605c7024acd1e39798f460dbda82247
ra_static_equal_seed2,ra_static_equal,2,v40c_00422,1,4,100,0.7013201320132014,1.0,0.7524752475247525,0.725,ff529328194fe5defa88017af91b5b05b605c7024acd1e39798f460dbda82247
ra_static_equal_seed2,ra_static_equal,2,v40c_00423,1,4,100,0.5494418559503009,1.0,0.42244224422442234,0.625,ff529328194fe5defa88017af91b5b05b605c7024acd1e39798f460dbda82247
ra_static_equal_seed2,ra_static_equal,2,v40c_00424,2,8,200,0.7221534653465346,1.0,1.0,0.7625,ff529328194fe5defa88017af91b5b05b605c7024acd1e39798f460dbda82247
ra_static_equal_seed2,ra_static_equal,2,v40c_00425,1,4,100,0.7752475247524753,1.0,1.0,0.775,ff529328194fe5defa88017af91b5b05b605c7024acd1e39798f460dbda82247
ra_static_equal_seed2,ra_static_equal,2,v40c_00426,1,4,100,0.8143564356435643,1.0,1.0,0.825,ff529328194fe5defa88017af91b5b05b605c7024acd1e39798f460dbda82247
ra_static_equal_seed2,ra_static_equal,2,v40c_00427,1,4,100,0.700990099009901,1.0,0.7524752475247525,0.7,ff529328194fe5defa88017af91b5b05b605c7024acd1e39798f460dbda82247
ra_static_equal_seed2,ra_static_equal,2,v40c_00428,1,5,100,0.6481098109810981,1.0,0.8523852385238524,0.6799999999999999,ff529328194fe5defa88017af91b5b05b605c7024acd1e39798f460dbda82247
ra_static_equal_seed2,ra_static_equal,2,v40c_00429,4,17,400,0.6700842416174391,0.974706714368916,0.8369872701555869,0.7176470588235293,ff529328194fe5defa88017af91b5b05b605c7024acd1e39798f460dbda82247
ra_static_equal_seed2,ra_static_equal,2,v40c_00430,1,5,100,0.625825082508251,0.8844884488448848,0.5709570957095709,0.76,ff529328194fe5defa88017af91b5b05b605c7024acd1e39798f460dbda82247
ra_static_equal_seed2,ra_static_equal,2,v40c_00431,1,5,100,0.7556930693069306,1.0,1.0,0.78,ff529328194fe5defa88017af91b5b05b605c7024acd1e39798f460dbda82247
ra_static_equal_seed2,ra_static_equal,2,v40c_00432,1,5,100,0.5908639099204038,1.0,0.4360318384779654,0.6799999999999999,ff529328194fe5defa88017af91b5b05b605c7024acd1e39798f460dbda82247
ra_static_equal_seed2,ra_static_equal,2,v40c_00433,1,5,100,0.684009900990099,1.0,0.6415841584158416,0.74,ff529328194fe5defa88017af91b5b05b605c7024acd1e39798f460dbda82247
ra_static_equal_seed2,ra_static_equal,2,v40c_00434,1,5,100,0.7335148514851485,1.0,1.0,0.78,ff529328194fe5defa88017af91b5b05b605c7024acd1e39798f460dbda82247
ra_static_equal_seed2,ra_static_equal,2,v40c_00435,1,4,100,0.6816831683168317,1.0,1.0,0.725,ff529328194fe5defa88017af91b5b05b605c7024acd1e39798f460dbda82247
ra_static_equal_seed2,ra_static_equal,2,v40c_00436,1,5,100,0.6949504950495049,1.0,1.0,0.76,ff529328194fe5defa88017af91b5b05b605c7024acd1e39798f460dbda82247
ra_static_equal_seed2,ra_static_equal,2,v40c_00437,1,5,100,0.7214356435643564,1.0,1.0,0.76,ff529328194fe5defa88017af91b5b05b605c7024acd1e39798f460dbda82247
ra_static_equal_seed2,ra_static_equal,2,v40c_00438,1,5,100,0.7905940594059405,1.0,1.0,0.8,ff529328194fe5defa88017af91b5b05b605c7024acd1e39798f460dbda82247
ra_static_equal_seed2,ra_static_equal,2,v40c_00439,1,5,100,0.683993399339934,1.0,0.9669966996699667,0.72,ff529328194fe5defa88017af91b5b05b605c7024acd1e39798f460dbda82247
ra_static_equal_seed2,ra_static_equal,2,v40c_00440,7,35,700,0.656144636022175,1.0,0.8082903769215576,0.7142857142857142,ff529328194fe5defa88017af91b5b05b605c7024acd1e39798f460dbda82247
ra_static_equal_seed2,ra_static_equal,2,v40c_00441,1,5,100,0.7431683168316832,1.0,1.0,0.78,ff529328194fe5defa88017af91b5b05b605c7024acd1e39798f460dbda82247
ra_static_equal_seed2,ra_static_equal,2,v40c_00442,1,5,100,0.8049504950495049,1.0,1.0,0.82,ff529328194fe5defa88017af91b5b05b605c7024acd1e39798f460dbda82247
ra_static_equal_seed2,ra_static_equal,2,v40c_00443,1,5,100,0.717029702970297,1.0,1.0,0.76,ff529328194fe5defa88017af91b5b05b605c7024acd1e39798f460dbda82247
ra_static_equal_seed2,ra_static_equal,2,v40c_00444,3,15,300,0.7235068122196836,1.0,1.0,0.7666666666666667,ff529328194fe5defa88017af91b5b05b605c7024acd1e39798f460dbda82247
ra_static_equal_seed2,ra_static_equal,2,v40c_00454,19,92,1900,0.585966887720431,0.9608742935715229,0.6526285845936719,0.6945652173913043,ff529328194fe5defa88017af91b5b05b605c7024acd1e39798f460dbda82247
ra_static_equal_seed2,ra_static_equal,2,v40c_00455,1,6,100,0.6350044703467003,0.8755919070167886,0.6763137852246763,0.7166666666666667,ff529328194fe5defa88017af91b5b05b605c7024acd1e39798f460dbda82247
ra_static_equal_seed2,ra_static_equal,2,v40c_00456,2,11,200,0.5712667695340963,0.866165187947366,0.8115918734730617,0.6636363636363636,ff529328194fe5defa88017af91b5b05b605c7024acd1e39798f460dbda82247
ra_static_equal_seed2,ra_static_equal,2,v40c_00457,1,6,100,0.6197171145685999,0.9759547383309762,0.9438943894389441,0.6833333333333333,ff529328194fe5defa88017af91b5b05b605c7024acd1e39798f460dbda82247
ra_static_equal_seed2,ra_static_equal,2,v40c_00458,1,5,100,0.5742574257425742,0.8861386138613861,0.5577557755775576,0.6799999999999999,ff529328194fe5defa88017af91b5b05b605c7024acd1e39798f460dbda82247
ra_static_equal_seed2,ra_static_equal,2,v40c_00459,1,5,100,0.6198962753418197,0.9434229137199429,0.801980198019802,0.7,ff529328194fe5defa88017af91b5b05b605c7024acd1e39798f460dbda82247
ra_static_equal_seed2,ra_static_equal,2,v40c_00460,1,5,100,0.6340209020902091,1.0,0.540979097909791,0.76,ff529328194fe5defa88017af91b5b05b605c7024acd1e39798f460dbda82247
ra_static_equal_seed2,ra_static_equal,2,v40c_00461,1,5,100,0.5366400101548617,1.0,0.5138994668697638,0.64,ff529328194fe5defa88017af91b5b05b605c7024acd1e39798f460dbda82247
ra_static_equal_seed2,ra_static_equal,2,v40c_00462,1,4,100,0.6376897689768977,0.9504950495049505,0.9504950495049505,0.725,ff529328194fe5defa88017af91b5b05b605c7024acd1e39798f460dbda82247
ra_static_equal_seed2,ra_static_equal,2,v40c_00463,1,5,100,0.6722772277227722,1.0,1.0,0.6799999999999999,ff529328194fe5defa88017af91b5b05b605c7024acd1e39798f460dbda82247
ra_static_equal_seed2,ra_static_equal,2,v40c_00464,2,10,200,0.6755445544554456,1.0,1.0,0.71,ff529328194fe5defa88017af91b5b05b605c7024acd1e39798f460dbda82247
ra_static_equal_seed2,ra_static_equal,2,v40c_00465,2,9,200,0.7104620462046207,0.9663366336633668,0.9663366336633668,0.788888888888889,ff529328194fe5defa88017af91b5b05b605c7024acd1e39798f460dbda82247
ra_static_equal_seed2,ra_static_equal,2,v40c_00466,1,4,100,0.7257425742574257,1.0,0.7524752475247525,0.725,ff529328194fe5defa88017af91b5b05b605c7024acd1e39798f460dbda82247
ra_static_equal_seed2,ra_static_equal,2,v40c_00467,1,4,100,0.7881188118811882,1.0,1.0,0.8,ff529328194fe5defa88017af91b5b05b605c7024acd1e39798f460dbda82247
ra_static_equal_seed2,ra_static_equal,2,v40c_00468,1,5,100,0.766006600660066,1.0,1.0,0.8,ff529328194fe5defa88017af91b5b05b605c7024acd1e39798f460dbda82247
ra_static_equal_seed2,ra_static_equal,2,v40c_00469,1,5,100,0.6915841584158415,1.0,0.801980198019802,0.72,ff529328194fe5defa88017af91b5b05b605c7024acd1e39798f460dbda82247
ra_static_equal_seed2,ra_static_equal,2,v40c_00470,3,14,300,0.6692781842286792,1.0,0.7314464779811314,0.7142857142857143,ff529328194fe5defa88017af91b5b05b605c7024acd1e39798f460dbda82247
ra_static_equal_seed2,ra_static_equal,2,v40c_00471,1,4,100,0.667986798679868,1.0,0.6287128712871287,0.7,ff529328194fe5defa88017af91b5b05b605c7024acd1e39798f460dbda82247
ra_static_equal_seed2,ra_static_equal,2,v40c_00472,1,5,100,0.5425742574257426,1.0,0.40594059405940597,0.5599999999999999,ff529328194fe5defa88017af91b5b05b605c7024acd1e39798f460dbda82247
ra_static_equal_seed2,ra_static_equal,2,v40c_00473,1,5,100,0.6495049504950495,1.0,0.7623762376237624,0.6599999999999999,ff529328194fe5defa88017af91b5b05b605c7024acd1e39798f460dbda82247
ra_static_equal_seed2,ra_static_equal,2,v40c_00474,2,9,200,0.6032046204620463,1.0,0.7586633663366337,0.6333333333333332,ff529328194fe5defa88017af91b5b05b605c7024acd1e39798f460dbda82247
ra_static_equal_seed2,ra_static_equal,2,v40c_00475,2,8,200,0.6557755775577558,1.0,0.7524752475247525,0.6625,ff529328194fe5defa88017af91b5b05b605c7024acd1e39798f460dbda82247
ra_static_equal_seed2,ra_static_equal,2,v40c_00476,1,4,100,0.6465346534653464,1.0,0.7524752475247525,0.65,ff529328194fe5defa88017af91b5b05b605c7024acd1e39798f460dbda82247
ra_static_equal_seed2,ra_static_equal,2,v40c_00477,2,8,200,0.6623762376237623,1.0,0.8712871287128713,0.6625,ff529328194fe5defa88017af91b5b05b605c7024acd1e39798f460dbda82247
ra_static_equal_seed2,ra_static_equal,2,v40c_00478,1,4,100,0.7597359735973598,1.0,1.0,0.775,ff529328194fe5defa88017af91b5b05b605c7024acd1e39798f460dbda82247
ra_static_equal_seed2,ra_static_equal,2,v40c_00479,1,4,100,0.3818688118811881,0.7524752475247525,0.504950495049505,0.4,ff529328194fe5defa88017af91b5b05b605c7024acd1e39798f460dbda82247
ra_static_equal_seed2,ra_static_equal,2,v40c_00480,2,8,200,0.6727487034417727,1.0,0.5898161244695898,0.6875,ff529328194fe5defa88017af91b5b05b605c7024acd1e39798f460dbda82247
ra_static_equal_seed2,ra_static_equal,2,v40c_00481,3,12,300,0.7166055067045165,0.993145468392993,0.7972027972027974,0.7333333333333333,ff529328194fe5defa88017af91b5b05b605c7024acd1e39798f460dbda82247
ra_static_equal_seed2,ra_static_equal,2,v40c_00482,1,3,100,0.6821782178217822,1.0,0.6633663366336634,0.7,ff529328194fe5defa88017af91b5b05b605c7024acd1e39798f460dbda82247
ra_static_equal_seed2,ra_static_equal,2,v40c_00483,6,18,600,0.7406930693069307,1.0,0.8316831683168316,0.75,ff529328194fe5defa88017af91b5b05b605c7024acd1e39798f460dbda82247
ra_static_equal_seed2,ra_static_equal,2,v40c_00484,1,3,100,0.7168316831683168,1.0,1.0,0.7666666666666666,ff529328194fe5defa88017af91b5b05b605c7024acd1e39798f460dbda82247
ra_static_equal_seed2,ra_static_equal,2,v40c_00485,1,3,100,0.7653465346534654,1.0,0.6633663366336634,0.7666666666666667,ff529328194fe5defa88017af91b5b05b605c7024acd1e39798f460dbda82247
ra_static_equal_seed2,ra_static_equal,2,v40c_00486,1,3,100,0.6495049504950495,1.0,0.6633663366336634,0.6666666666666666,ff529328194fe5defa88017af91b5b05b605c7024acd1e39798f460dbda82247
ra_static_equal_seed2,ra_static_equal,2,v40c_00487,1,3,100,0.7663366336633664,1.0,1.0,0.7666666666666666,ff529328194fe5defa88017af91b5b05b605c7024acd1e39798f460dbda82247
ra_static_equal_seed2,ra_static_equal,2,v40c_00488,1,3,100,0.7653465346534654,1.0,0.6633663366336634,0.7666666666666667,ff529328194fe5defa88017af91b5b05b605c7024acd1e39798f460dbda82247
ra_static_equal_seed2,ra_static_equal,2,v40c_00489,1,3,100,0.7663366336633664,1.0,1.0,0.7666666666666666,ff529328194fe5defa88017af91b5b05b605c7024acd1e39798f460dbda82247
ra_static_equal_seed2,ra_static_equal,2,v40c_00490,1,3,100,0.7653465346534654,1.0,0.6633663366336634,0.7666666666666667,ff529328194fe5defa88017af91b5b05b605c7024acd1e39798f460dbda82247
ra_static_equal_seed2,ra_static_equal,2,v40c_00491,2,6,200,0.7158415841584158,1.0,0.8316831683168316,0.7166666666666667,ff529328194fe5defa88017af91b5b05b605c7024acd1e39798f460dbda82247
ra_static_equal_seed2,ra_static_equal,2,v40c_00492,1,3,100,0.7495049504950495,1.0,1.0,0.7666666666666666,ff529328194fe5defa88017af91b5b05b605c7024acd1e39798f460dbda82247
ra_static_equal_seed2,ra_static_equal,2,v40c_00493,1,3,100,0.7831683168316832,1.0,1.0,0.7999999999999999,ff529328194fe5defa88017af91b5b05b605c7024acd1e39798f460dbda82247
ra_static_equal_seed2,ra_static_equal,2,v40c_00494,1,3,100,0.7663366336633664,1.0,0.6633663366336634,0.7666666666666666,ff529328194fe5defa88017af91b5b05b605c7024acd1e39798f460dbda82247
ra_static_equal_seed2,ra_static_equal,2,v40c_00526,5,0,500,0.0,0.0,0.0,0.0,ff529328194fe5defa88017af91b5b05b605c7024acd1e39798f460dbda82247
ra_static_equal_seed2,ra_static_equal,2,v40c_00596,6,0,600,0.0,0.0,0.0,0.0,ff529328194fe5defa88017af91b5b05b605c7024acd1e39798f460dbda82247
ra_static_equal_seed2,ra_static_equal,2,v40c_00612,24,2,2400,0.045315268368942146,0.09999999999999998,0.026576341844710787,0.5,ff529328194fe5defa88017af91b5b05b605c7024acd1e39798f460dbda82247
ra_static_equal_seed2,ra_static_equal,2,v40c_00613,1,1,100,0.39999999999999997,0.9999999999999999,0.0,0.4,ff529328194fe5defa88017af91b5b05b605c7024acd1e39798f460dbda82247
ra_static_equal_seed2,ra_static_equal,2,v40c_00614,1,1,100,0.7999999999999999,0.9999999999999999,0.9999999999999999,0.8,ff529328194fe5defa88017af91b5b05b605c7024acd1e39798f460dbda82247
ra_static_equal_seed2,ra_static_equal,2,v40c_00615,1,1,100,0.7999999999999999,0.9999999999999999,0.9999999999999999,0.8,ff529328194fe5defa88017af91b5b05b605c7024acd1e39798f460dbda82247
ra_static_equal_seed2,ra_static_equal,2,v40c_00616,1,1,100,0.7,0.9999999999999999,0.9999999999999999,0.7,ff529328194fe5defa88017af91b5b05b605c7024acd1e39798f460dbda82247
ra_static_equal_seed2,ra_static_equal,2,v40c_00617,1,1,100,0.8999999999999998,0.9999999999999999,0.9999999999999999,0.9,ff529328194fe5defa88017af91b5b05b605c7024acd1e39798f460dbda82247
ra_static_equal_seed2,ra_static_equal,2,v40c_00618,7,7,700,0.8489108910891089,1.0,1.0,0.8571428571428571,ff529328194fe5defa88017af91b5b05b605c7024acd1e39798f460dbda82247
ra_static_equal_seed2,ra_static_equal,2,v40c_00619,1,1,100,0.8999999999999998,0.9999999999999999,0.9999999999999999,0.9,ff529328194fe5defa88017af91b5b05b605c7024acd1e39798f460dbda82247
ra_static_equal_seed2,ra_static_equal,2,v40c_00620,2,4,200,0.7838283828382838,1.0,1.0,0.8,ff529328194fe5defa88017af91b5b05b605c7024acd1e39798f460dbda82247
ra_static_equal_seed2,ra_static_equal,2,v40c_00621,1,2,100,0.7,1.0,1.0,0.7,ff529328194fe5defa88017af91b5b05b605c7024acd1e39798f460dbda82247
ra_static_equal_seed2,ra_static_equal,2,v40c_00622,3,6,300,0.7308580858085809,1.0,1.0,0.7333333333333334,ff529328194fe5defa88017af91b5b05b605c7024acd1e39798f460dbda82247
ra_static_equal_seed2,ra_static_equal,2,v40c_00623,1,2,100,0.6504950495049504,1.0,1.0,0.7,ff529328194fe5defa88017af91b5b05b605c7024acd1e39798f460dbda82247
ra_static_equal_seed2,ra_static_equal,2,v40c_00624,1,2,100,0.8,1.0,1.0,0.8,ff529328194fe5defa88017af91b5b05b605c7024acd1e39798f460dbda82247
ra_static_equal_seed2,ra_static_equal,2,v40c_00625,1,2,100,0.7,1.0,1.0,0.7,ff529328194fe5defa88017af91b5b05b605c7024acd1e39798f460dbda82247
ra_static_equal_seed2,ra_static_equal,2,v40c_00626,1,2,100,0.5346534653465346,0.834983498349835,0.834983498349835,0.7,ff529328194fe5defa88017af91b5b05b605c7024acd1e39798f460dbda82247
ra_static_equal_seed2,ra_static_equal,2,v40c_00627,1,1,100,0.25,0.5,0.0,0.5,ff529328194fe5defa88017af91b5b05b605c7024acd1e39798f460dbda82247
ra_static_equal_seed2,ra_static_equal,2,v40c_00628,1,2,100,0.4207095709570957,0.7524752475247525,0.1922442244224422,0.7,ff529328194fe5defa88017af91b5b05b605c7024acd1e39798f460dbda82247
ra_static_equal_seed2,ra_static_equal,2,v40c_00629,1,2,100,0.6504950495049504,1.0,1.0,0.65,ff529328194fe5defa88017af91b5b05b605c7024acd1e39798f460dbda82247
ra_static_equal_seed2,ra_static_equal,2,v40c_00630,2,3,200,0.4381275309527039,0.6987270155586989,0.44382011586677234,0.7,ff529328194fe5defa88017af91b5b05b605c7024acd1e39798f460dbda82247
ra_static_equal_seed2,ra_static_equal,2,v40c_00631,1,1,100,0.45,0.5,0.5,0.9,ff529328194fe5defa88017af91b5b05b605c7024acd1e39798f460dbda82247
ra_static_equal_seed2,ra_static_equal,2,v40c_00632,1,0,100,0.0,0.0,0.0,0.0,ff529328194fe5defa88017af91b5b05b605c7024acd1e39798f460dbda82247
ra_static_equal_seed2,ra_static_equal,2,v40c_00633,1,1,100,0.8999999999999998,0.9999999999999999,0.9999999999999999,0.9,ff529328194fe5defa88017af91b5b05b605c7024acd1e39798f460dbda82247
ra_static_equal_seed2,ra_static_equal,2,v40c_00634,1,1,100,0.9999999999999998,0.9999999999999999,0.9999999999999999,1.0,ff529328194fe5defa88017af91b5b05b605c7024acd1e39798f460dbda82247
ra_static_equal_seed2,ra_static_equal,2,v40c_00635,3,0,300,0.0,0.0,0.0,0.0,ff529328194fe5defa88017af91b5b05b605c7024acd1e39798f460dbda82247
ra_static_equal_seed2,ra_static_equal,2,v40c_00636,1,1,100,0.7999999999999999,0.9999999999999999,0.9999999999999999,0.8,ff529328194fe5defa88017af91b5b05b605c7024acd1e39798f460dbda82247
ra_static_equal_seed2,ra_static_equal,2,v40c_00637,1,1,100,0.4,0.5,0.5,0.8,ff529328194fe5defa88017af91b5b05b605c7024acd1e39798f460dbda82247
ra_static_equal_seed2,ra_static_equal,2,v40c_00638,1,1,100,0.7,0.9999999999999999,0.9999999999999999,0.7,ff529328194fe5defa88017af91b5b05b605c7024acd1e39798f460dbda82247
ra_static_equal_seed2,ra_static_equal,2,v40c_00639,1,1,100,0.7,0.9999999999999999,0.9999999999999999,0.7,ff529328194fe5defa88017af91b5b05b605c7024acd1e39798f460dbda82247
ra_static_equal_seed2,ra_static_equal,2,v40c_00640,1,1,100,0.7,0.9999999999999999,0.9999999999999999,0.7,ff529328194fe5defa88017af91b5b05b605c7024acd1e39798f460dbda82247
ra_static_equal_seed2,ra_static_equal,2,v40c_00660,2,4,200,0.7019801980198019,1.0,0.7524752475247525,0.725,ff529328194fe5defa88017af91b5b05b605c7024acd1e39798f460dbda82247
ra_static_equal_seed2,ra_static_equal,2,v40c_01063,1,0,100,0.0,0.0,0.0,0.0,ff529328194fe5defa88017af91b5b05b605c7024acd1e39798f460dbda82247
ra_static_equal_seed2,ra_static_equal,2,v40c_01064,1,0,100,0.0,0.0,0.0,0.0,ff529328194fe5defa88017af91b5b05b605c7024acd1e39798f460dbda82247
ra_static_equal_seed2,ra_static_equal,2,v40c_01065,1,0,100,0.0,0.0,0.0,0.0,ff529328194fe5defa88017af91b5b05b605c7024acd1e39798f460dbda82247
ra_static_equal_seed2,ra_static_equal,2,v40c_01066,1,0,100,0.0,0.0,0.0,0.0,ff529328194fe5defa88017af91b5b05b605c7024acd1e39798f460dbda82247
ra_static_equal_seed2,ra_static_equal,2,v40c_01067,1,0,100,0.0,0.0,0.0,0.0,ff529328194fe5defa88017af91b5b05b605c7024acd1e39798f460dbda82247
ra_static_equal_seed2,ra_static_equal,2,v40c_01068,1,0,100,0.0,0.0,0.0,0.0,ff529328194fe5defa88017af91b5b05b605c7024acd1e39798f460dbda82247
ra_static_equal_seed2,ra_static_equal,2,v40c_01069,1,0,100,0.0,0.0,0.0,0.0,ff529328194fe5defa88017af91b5b05b605c7024acd1e39798f460dbda82247
ra_static_equal_seed2,ra_static_equal,2,v40c_01070,1,0,100,0.0,0.0,0.0,0.0,ff529328194fe5defa88017af91b5b05b605c7024acd1e39798f460dbda82247
ra_static_equal_seed2,ra_static_equal,2,v40c_01071,1,0,100,0.0,0.0,0.0,0.0,ff529328194fe5defa88017af91b5b05b605c7024acd1e39798f460dbda82247
ra_static_equal_seed2,ra_static_equal,2,v40c_01072,1,0,100,0.0,0.0,0.0,0.0,ff529328194fe5defa88017af91b5b05b605c7024acd1e39798f460dbda82247
ra_static_equal_seed2,ra_static_equal,2,v40c_01073,1,0,100,0.0,0.0,0.0,0.0,ff529328194fe5defa88017af91b5b05b605c7024acd1e39798f460dbda82247
ra_static_equal_seed2,ra_static_equal,2,v40c_01074,3,0,300,0.0,0.0,0.0,0.0,ff529328194fe5defa88017af91b5b05b605c7024acd1e39798f460dbda82247
ra_static_equal_seed2,ra_static_equal,2,v40c_01075,1,0,100,0.0,0.0,0.0,0.0,ff529328194fe5defa88017af91b5b05b605c7024acd1e39798f460dbda82247
ra_static_equal_seed2,ra_static_equal,2,v40c_01076,2,0,200,0.0,0.0,0.0,0.0,ff529328194fe5defa88017af91b5b05b605c7024acd1e39798f460dbda82247
ra_static_equal_seed2,ra_static_equal,2,v40c_01077,1,0,100,0.0,0.0,0.0,0.0,ff529328194fe5defa88017af91b5b05b605c7024acd1e39798f460dbda82247
ra_static_equal_seed2,ra_static_equal,2,v40c_01078,1,0,100,0.0,0.0,0.0,0.0,ff529328194fe5defa88017af91b5b05b605c7024acd1e39798f460dbda82247
ra_static_equal_seed2,ra_static_equal,2,v40c_01079,1,0,100,0.0,0.0,0.0,0.0,ff529328194fe5defa88017af91b5b05b605c7024acd1e39798f460dbda82247
ra_static_equal_seed2,ra_static_equal,2,v40c_01080,3,0,300,0.0,0.0,0.0,0.0,ff529328194fe5defa88017af91b5b05b605c7024acd1e39798f460dbda82247
ra_static_equal_seed2,ra_static_equal,2,v40c_01081,1,0,100,0.0,0.0,0.0,0.0,ff529328194fe5defa88017af91b5b05b605c7024acd1e39798f460dbda82247
ra_static_equal_seed2,ra_static_equal,2,v40c_01082,1,0,100,0.0,0.0,0.0,0.0,ff529328194fe5defa88017af91b5b05b605c7024acd1e39798f460dbda82247
ra_static_equal_seed2,ra_static_equal,2,v40c_01083,1,0,100,0.0,0.0,0.0,0.0,ff529328194fe5defa88017af91b5b05b605c7024acd1e39798f460dbda82247
ra_static_equal_seed2,ra_static_equal,2,v40c_01084,3,0,300,0.0,0.0,0.0,0.0,ff529328194fe5defa88017af91b5b05b605c7024acd1e39798f460dbda82247
ra_static_equal_seed2,ra_static_equal,2,v40c_01085,1,1,100,0.45,0.9999999999999999,0.1666666666666667,0.7,ff529328194fe5defa88017af91b5b05b605c7024acd1e39798f460dbda82247
ra_static_equal_seed2,ra_static_equal,2,v40c_01086,1,0,100,0.0,0.0,0.0,0.0,ff529328194fe5defa88017af91b5b05b605c7024acd1e39798f460dbda82247
ra_static_equal_seed2,ra_static_equal,2,v40c_01087,1,0,100,0.0,0.0,0.0,0.0,ff529328194fe5defa88017af91b5b05b605c7024acd1e39798f460dbda82247
ra_static_equal_seed2,ra_static_equal,2,v40c_01088,1,1,100,0.8999999999999998,0.9999999999999999,0.9999999999999999,0.9,ff529328194fe5defa88017af91b5b05b605c7024acd1e39798f460dbda82247
ra_static_equal_seed2,ra_static_equal,2,v40c_01089,1,1,100,0.7999999999999999,0.9999999999999999,0.9999999999999999,0.8,ff529328194fe5defa88017af91b5b05b605c7024acd1e39798f460dbda82247
ra_static_equal_seed2,ra_static_equal,2,v40c_01090,1,1,100,0.7,0.9999999999999999,0.9999999999999999,0.7,ff529328194fe5defa88017af91b5b05b605c7024acd1e39798f460dbda82247
ra_static_equal_seed2,ra_static_equal,2,v40c_01091,1,1,100,0.8999999999999998,0.9999999999999999,0.9999999999999999,0.9,ff529328194fe5defa88017af91b5b05b605c7024acd1e39798f460dbda82247
ra_static_equal_seed2,ra_static_equal,2,v40c_01092,1,1,100,0.4428571428571428,0.9999999999999999,0.1428571428571428,0.7,ff529328194fe5defa88017af91b5b05b605c7024acd1e39798f460dbda82247
ra_static_equal_seed2,ra_static_equal,2,v40c_01093,1,1,100,0.40232558139534874,0.9999999999999999,0.0,0.5,ff529328194fe5defa88017af91b5b05b605c7024acd1e39798f460dbda82247
ra_static_equal_seed2,ra_static_equal,2,v40c_01094,1,1,100,0.7999999999999999,0.9999999999999999,0.9999999999999999,0.8,ff529328194fe5defa88017af91b5b05b605c7024acd1e39798f460dbda82247
ra_static_equal_seed2,ra_static_equal,2,v40c_01095,1,1,100,0.4999999999999999,0.9999999999999999,0.0,0.5,ff529328194fe5defa88017af91b5b05b605c7024acd1e39798f460dbda82247
ra_static_equal_seed2,ra_static_equal,2,v40c_01096,3,3,300,0.8442244224422442,1.0,1.0,0.8666666666666666,ff529328194fe5defa88017af91b5b05b605c7024acd1e39798f460dbda82247
ra_static_equal_seed2,ra_static_equal,2,v40c_01097,1,1,100,0.7999999999999999,0.9999999999999999,0.9999999999999999,0.8,ff529328194fe5defa88017af91b5b05b605c7024acd1e39798f460dbda82247
ra_static_equal_seed2,ra_static_equal,2,v40c_01098,1,1,100,0.7,0.9999999999999999,0.9999999999999999,0.7,ff529328194fe5defa88017af91b5b05b605c7024acd1e39798f460dbda82247
ra_static_equal_seed2,ra_static_equal,2,v40c_01099,2,2,200,0.9009900990099009,1.0,1.0,0.9,ff529328194fe5defa88017af91b5b05b605c7024acd1e39798f460dbda82247
ra_static_equal_seed2,ra_static_equal,2,v40c_01100,2,2,200,0.8,1.0,1.0,0.8,ff529328194fe5defa88017af91b5b05b605c7024acd1e39798f460dbda82247
ra_static_equal_seed2,ra_static_equal,2,v40c_01101,1,1,100,0.7999999999999999,0.9999999999999999,0.9999999999999999,0.8,ff529328194fe5defa88017af91b5b05b605c7024acd1e39798f460dbda82247
ra_static_equal_seed2,ra_static_equal,2,v40c_01102,1,1,100,0.7999999999999999,0.9999999999999999,0.9999999999999999,0.8,ff529328194fe5defa88017af91b5b05b605c7024acd1e39798f460dbda82247
ra_static_equal_seed2,ra_static_equal,2,v40c_01103,1,1,100,0.8999999999999998,0.9999999999999999,0.9999999999999999,0.9,ff529328194fe5defa88017af91b5b05b605c7024acd1e39798f460dbda82247
ra_static_equal_seed2,ra_static_equal,2,v40c_01104,2,2,200,0.45601131541725604,0.834983498349835,0.5049504950495048,0.6,ff529328194fe5defa88017af91b5b05b605c7024acd1e39798f460dbda82247
ra_static_equal_seed2,ra_static_equal,2,v40c_01105,1,2,100,0.5597359735973597,0.834983498349835,0.7524752475247525,0.7,ff529328194fe5defa88017af91b5b05b605c7024acd1e39798f460dbda82247
ra_static_equal_seed2,ra_static_equal,2,v40c_01106,1,2,100,0.700990099009901,1.0,1.0,0.8,ff529328194fe5defa88017af91b5b05b605c7024acd1e39798f460dbda82247
ra_static_equal_seed2,ra_static_equal,2,v40c_01107,1,2,100,0.8,1.0,1.0,0.8,ff529328194fe5defa88017af91b5b05b605c7024acd1e39798f460dbda82247
ra_static_equal_seed2,ra_static_equal,2,v40c_01108,1,2,100,0.700990099009901,1.0,1.0,0.8,ff529328194fe5defa88017af91b5b05b605c7024acd1e39798f460dbda82247
ra_static_equal_seed2,ra_static_equal,2,v40c_01109,2,4,200,0.7514851485148515,1.0,1.0,0.75,ff529328194fe5defa88017af91b5b05b605c7024acd1e39798f460dbda82247
ra_static_equal_seed2,ra_static_equal,2,v40c_01110,1,2,100,0.8009900990099009,1.0,1.0,0.8,ff529328194fe5defa88017af91b5b05b605c7024acd1e39798f460dbda82247
ra_static_equal_seed2,ra_static_equal,2,v40c_01111,1,2,100,0.7504950495049505,1.0,1.0,0.8,ff529328194fe5defa88017af91b5b05b605c7024acd1e39798f460dbda82247
ra_static_equal_seed2,ra_static_equal,2,v40c_01112,2,4,200,0.8085808580858085,1.0,1.0,0.825,ff529328194fe5defa88017af91b5b05b605c7024acd1e39798f460dbda82247
ra_static_equal_seed2,ra_static_equal,2,v40c_01168,1,1,100,0.7999999999999999,0.9999999999999999,0.9999999999999999,0.8,ff529328194fe5defa88017af91b5b05b605c7024acd1e39798f460dbda82247
ra_static_equal_seed2,ra_static_equal,2,v40c_01169,2,2,200,0.8252475247524753,1.0,1.0,0.85,ff529328194fe5defa88017af91b5b05b605c7024acd1e39798f460dbda82247
ra_static_equal_seed2,ra_static_equal,2,v40c_01170,1,1,100,0.8999999999999998,0.9999999999999999,0.9999999999999999,0.9,ff529328194fe5defa88017af91b5b05b605c7024acd1e39798f460dbda82247
ra_static_equal_seed2,ra_static_equal,2,v40c_01171,2,2,200,0.8504950495049505,1.0,1.0,0.85,ff529328194fe5defa88017af91b5b05b605c7024acd1e39798f460dbda82247
ra_static_equal_seed2,ra_static_equal,2,v40c_01172,1,1,100,0.7999999999999999,0.9999999999999999,0.9999999999999999,0.8,ff529328194fe5defa88017af91b5b05b605c7024acd1e39798f460dbda82247
ra_static_equal_seed2,ra_static_equal,2,v40c_01173,1,1,100,0.8999999999999998,0.9999999999999999,0.9999999999999999,0.9,ff529328194fe5defa88017af91b5b05b605c7024acd1e39798f460dbda82247
ra_static_equal_seed2,ra_static_equal,2,v40c_01174,1,1,100,0.7,0.9999999999999999,0.9999999999999999,0.7,ff529328194fe5defa88017af91b5b05b605c7024acd1e39798f460dbda82247
ra_static_equal_seed2,ra_static_equal,2,v40c_01175,1,1,100,0.7999999999999999,0.9999999999999999,0.9999999999999999,0.8,ff529328194fe5defa88017af91b5b05b605c7024acd1e39798f460dbda82247
ra_static_equal_seed2,ra_static_equal,2,v40c_01176,1,1,100,0.7,0.9999999999999999,0.9999999999999999,0.7,ff529328194fe5defa88017af91b5b05b605c7024acd1e39798f460dbda82247
ra_static_equal_seed2,ra_static_equal,2,v40c_01177,1,1,100,0.7,0.9999999999999999,0.9999999999999999,0.7,ff529328194fe5defa88017af91b5b05b605c7024acd1e39798f460dbda82247
ra_static_equal_seed2,ra_static_equal,2,v40c_01178,1,1,100,0.7,0.9999999999999999,0.9999999999999999,0.7,ff529328194fe5defa88017af91b5b05b605c7024acd1e39798f460dbda82247
ra_static_equal_seed2,ra_static_equal,2,v40c_01179,1,1,100,0.4,0.5,0.5,0.8,ff529328194fe5defa88017af91b5b05b605c7024acd1e39798f460dbda82247
ra_static_equal_seed2,ra_static_equal,2,v40c_01180,1,0,100,0.0,0.0,0.0,0.0,ff529328194fe5defa88017af91b5b05b605c7024acd1e39798f460dbda82247
ra_static_equal_seed2,ra_static_equal,2,v40c_01181,2,0,200,0.0,0.0,0.0,0.0,ff529328194fe5defa88017af91b5b05b605c7024acd1e39798f460dbda82247
ra_static_equal_seed2,ra_static_equal,2,v40c_01182,1,0,100,0.0,0.0,0.0,0.0,ff529328194fe5defa88017af91b5b05b605c7024acd1e39798f460dbda82247
ra_static_equal_seed2,ra_static_equal,2,v40c_01183,2,0,200,0.0,0.0,0.0,0.0,ff529328194fe5defa88017af91b5b05b605c7024acd1e39798f460dbda82247
ra_static_equal_seed2,ra_static_equal,2,v40c_01184,2,0,200,0.0,0.0,0.0,0.0,ff529328194fe5defa88017af91b5b05b605c7024acd1e39798f460dbda82247
ra_static_equal_seed2,ra_static_equal,2,v40c_01185,1,0,100,0.0,0.0,0.0,0.0,ff529328194fe5defa88017af91b5b05b605c7024acd1e39798f460dbda82247
ra_static_equal_seed2,ra_static_equal,2,v40c_01186,1,0,100,0.0,0.0,0.0,0.0,ff529328194fe5defa88017af91b5b05b605c7024acd1e39798f460dbda82247
ra_static_equal_seed2,ra_static_equal,2,v40c_01187,4,0,400,0.0,0.0,0.0,0.0,ff529328194fe5defa88017af91b5b05b605c7024acd1e39798f460dbda82247
ra_static_equal_seed2,ra_static_equal,2,v40c_01188,1,0,100,0.0,0.0,0.0,0.0,ff529328194fe5defa88017af91b5b05b605c7024acd1e39798f460dbda82247
ra_static_equal_seed2,ra_static_equal,2,v40c_01189,1,0,100,0.0,0.0,0.0,0.0,ff529328194fe5defa88017af91b5b05b605c7024acd1e39798f460dbda82247
ra_static_equal_seed2,ra_static_equal,2,v40c_01190,1,0,100,0.0,0.0,0.0,0.0,ff529328194fe5defa88017af91b5b05b605c7024acd1e39798f460dbda82247
ra_static_equal_seed2,ra_static_equal,2,v40c_01191,1,0,100,0.0,0.0,0.0,0.0,ff529328194fe5defa88017af91b5b05b605c7024acd1e39798f460dbda82247
ra_static_equal_seed2,ra_static_equal,2,v40c_01192,1,0,100,0.0,0.0,0.0,0.0,ff529328194fe5defa88017af91b5b05b605c7024acd1e39798f460dbda82247
ra_static_equal_seed2,ra_static_equal,2,v40c_01193,1,0,100,0.0,0.0,0.0,0.0,ff529328194fe5defa88017af91b5b05b605c7024acd1e39798f460dbda82247
ra_static_equal_seed2,ra_static_equal,2,v40c_01194,1,0,100,0.0,0.0,0.0,0.0,ff529328194fe5defa88017af91b5b05b605c7024acd1e39798f460dbda82247
ra_static_equal_seed2,ra_static_equal,2,v40c_01195,1,0,100,0.0,0.0,0.0,0.0,ff529328194fe5defa88017af91b5b05b605c7024acd1e39798f460dbda82247
ra_static_equal_seed2,ra_static_equal,2,v40c_01196,3,0,300,0.0,0.0,0.0,0.0,ff529328194fe5defa88017af91b5b05b605c7024acd1e39798f460dbda82247
ra_static_equal_seed2,ra_static_equal,2,v40c_01197,2,0,200,0.0,0.0,0.0,0.0,ff529328194fe5defa88017af91b5b05b605c7024acd1e39798f460dbda82247
ra_static_equal_seed2,ra_static_equal,2,v40c_01198,1,0,100,0.0,0.0,0.0,0.0,ff529328194fe5defa88017af91b5b05b605c7024acd1e39798f460dbda82247
ra_static_equal_seed2,ra_static_equal,2,v40c_01199,1,0,100,0.0,0.0,0.0,0.0,ff529328194fe5defa88017af91b5b05b605c7024acd1e39798f460dbda82247
ra_static_equal_seed2,ra_static_equal,2,v40c_01200,1,0,100,0.0,0.0,0.0,0.0,ff529328194fe5defa88017af91b5b05b605c7024acd1e39798f460dbda82247
ra_static_equal_seed2,ra_static_equal,2,v40c_01201,1,0,100,0.0,0.0,0.0,0.0,ff529328194fe5defa88017af91b5b05b605c7024acd1e39798f460dbda82247
ra_static_equal_seed2,ra_static_equal,2,v40c_01202,1,0,100,0.0,0.0,0.0,0.0,ff529328194fe5defa88017af91b5b05b605c7024acd1e39798f460dbda82247
ra_static_equal_seed2,ra_static_equal,2,v40c_01203,1,0,100,0.0,0.0,0.0,0.0,ff529328194fe5defa88017af91b5b05b605c7024acd1e39798f460dbda82247
ra_static_equal_seed2,ra_static_equal,2,v40c_01204,1,0,100,0.0,0.0,0.0,0.0,ff529328194fe5defa88017af91b5b05b605c7024acd1e39798f460dbda82247
ra_static_equal_seed2,ra_static_equal,2,v40c_01205,3,0,300,0.0,0.0,0.0,0.0,ff529328194fe5defa88017af91b5b05b605c7024acd1e39798f460dbda82247
ra_static_equal_seed2,ra_static_equal,2,v40c_01206,1,0,100,0.0,0.0,0.0,0.0,ff529328194fe5defa88017af91b5b05b605c7024acd1e39798f460dbda82247
ra_static_equal_seed2,ra_static_equal,2,v40c_01207,1,0,100,0.0,0.0,0.0,0.0,ff529328194fe5defa88017af91b5b05b605c7024acd1e39798f460dbda82247
ra_static_equal_seed2,ra_static_equal,2,v40c_01208,1,0,100,0.0,0.0,0.0,0.0,ff529328194fe5defa88017af91b5b05b605c7024acd1e39798f460dbda82247
ra_static_equal_seed2,ra_static_equal,2,v40c_01209,1,0,100,0.0,0.0,0.0,0.0,ff529328194fe5defa88017af91b5b05b605c7024acd1e39798f460dbda82247
ra_static_equal_seed2,ra_static_equal,2,v40c_01210,1,0,100,0.0,0.0,0.0,0.0,ff529328194fe5defa88017af91b5b05b605c7024acd1e39798f460dbda82247
ra_static_equal_seed2,ra_static_equal,2,v40c_01211,1,0,100,0.0,0.0,0.0,0.0,ff529328194fe5defa88017af91b5b05b605c7024acd1e39798f460dbda82247
ra_static_equal_seed2,ra_static_equal,2,v40c_01212,1,0,100,0.0,0.0,0.0,0.0,ff529328194fe5defa88017af91b5b05b605c7024acd1e39798f460dbda82247
ra_static_equal_seed2,ra_static_equal,2,v40c_01213,1,0,100,0.0,0.0,0.0,0.0,ff529328194fe5defa88017af91b5b05b605c7024acd1e39798f460dbda82247
ra_static_equal_seed2,ra_static_equal,2,v40c_01214,1,0,100,0.0,0.0,0.0,0.0,ff529328194fe5defa88017af91b5b05b605c7024acd1e39798f460dbda82247
ra_static_equal_seed2,ra_static_equal,2,v40c_01215,1,0,100,0.0,0.0,0.0,0.0,ff529328194fe5defa88017af91b5b05b605c7024acd1e39798f460dbda82247
ra_static_equal_seed2,ra_static_equal,2,v40c_01216,1,0,100,0.0,0.0,0.0,0.0,ff529328194fe5defa88017af91b5b05b605c7024acd1e39798f460dbda82247
ra_static_equal_seed2,ra_static_equal,2,v40c_01217,1,0,100,0.0,0.0,0.0,0.0,ff529328194fe5defa88017af91b5b05b605c7024acd1e39798f460dbda82247
ra_static_equal_seed2,ra_static_equal,2,v40c_01218,1,0,100,0.0,0.0,0.0,0.0,ff529328194fe5defa88017af91b5b05b605c7024acd1e39798f460dbda82247
ra_static_equal_seed2,ra_static_equal,2,v40c_01219,1,0,100,0.0,0.0,0.0,0.0,ff529328194fe5defa88017af91b5b05b605c7024acd1e39798f460dbda82247
ra_static_equal_seed2,ra_static_equal,2,v40c_01220,1,0,100,0.0,0.0,0.0,0.0,ff529328194fe5defa88017af91b5b05b605c7024acd1e39798f460dbda82247
ra_static_equal_seed2,ra_static_equal,2,v40c_01221,2,1,200,0.5999999999999999,0.9999999999999999,0.9999999999999999,0.6,ff529328194fe5defa88017af91b5b05b605c7024acd1e39798f460dbda82247
ra_static_equal_seed2,ra_static_equal,2,v40c_01222,1,1,100,0.4999999999999999,0.9999999999999999,0.0,0.5,ff529328194fe5defa88017af91b5b05b605c7024acd1e39798f460dbda82247
ra_static_equal_seed2,ra_static_equal,2,v40c_01223,1,1,100,0.39999999999999997,0.9999999999999999,0.0,0.4,ff529328194fe5defa88017af91b5b05b605c7024acd1e39798f460dbda82247
ra_static_equal_seed2,ra_static_equal,2,v40c_01224,1,1,100,0.5999999999999999,0.9999999999999999,0.9999999999999999,0.6,ff529328194fe5defa88017af91b5b05b605c7024acd1e39798f460dbda82247
ra_static_equal_seed2,ra_static_equal,2,v40c_01225,1,1,100,0.40192307692307694,0.9999999999999999,0.0,0.5,ff529328194fe5defa88017af91b5b05b605c7024acd1e39798f460dbda82247
ra_static_equal_seed2,ra_static_equal,2,v40c_01226,4,4,400,0.46584158415841587,1.0,0.26402640264026395,0.55,ff529328194fe5defa88017af91b5b05b605c7024acd1e39798f460dbda82247
ra_static_equal_seed2,ra_static_equal,2,v40c_01227,1,2,100,0.15517029963865947,0.5192997560625626,0.0,0.3,ff529328194fe5defa88017af91b5b05b605c7024acd1e39798f460dbda82247
ra_static_equal_seed2,ra_static_equal,2,v40c_01228,1,1,100,0.39999999999999997,0.9999999999999999,0.0,0.4,ff529328194fe5defa88017af91b5b05b605c7024acd1e39798f460dbda82247
ra_static_equal_seed2,ra_static_equal,2,v40c_01229,1,1,100,0.20416666666666666,0.9999999999999999,0.0,0.3,ff529328194fe5defa88017af91b5b05b605c7024acd1e39798f460dbda82247
ra_static_equal_seed2,ra_static_equal,2,v40c_01230,1,1,100,0.3044444444444444,0.9999999999999999,0.0,0.5,ff529328194fe5defa88017af91b5b05b605c7024acd1e39798f460dbda82247
ra_static_equal_seed2,ra_static_equal,2,v40c_01231,3,3,300,0.39169840060929173,1.0,0.0,0.4333333333333333,ff529328194fe5defa88017af91b5b05b605c7024acd1e39798f460dbda82247
ra_static_equal_seed2,ra_static_equal,2,v40c_01232,1,1,100,0.5999999999999999,0.9999999999999999,0.9999999999999999,0.6,ff529328194fe5defa88017af91b5b05b605c7024acd1e39798f460dbda82247
ra_static_equal_seed2,ra_static_equal,2,v40c_01233,1,1,100,0.5999999999999999,0.9999999999999999,0.9999999999999999,0.6,ff529328194fe5defa88017af91b5b05b605c7024acd1e39798f460dbda82247
ra_static_equal_seed2,ra_static_equal,2,v40c_01234,1,1,100,0.39999999999999997,0.9999999999999999,0.0,0.4,ff529328194fe5defa88017af91b5b05b605c7024acd1e39798f460dbda82247
ra_static_equal_seed2,ra_static_equal,2,v40c_01235,1,1,100,0.7,0.9999999999999999,0.9999999999999999,0.7,ff529328194fe5defa88017af91b5b05b605c7024acd1e39798f460dbda82247
ra_static_equal_seed2,ra_static_equal,2,v40c_01236,2,2,200,0.4317477399913904,1.0,0.021954369349978478,0.55,ff529328194fe5defa88017af91b5b05b605c7024acd1e39798f460dbda82247
ra_static_equal_seed2,ra_static_equal,2,v40c_01237,1,1,100,0.7,0.9999999999999999,0.9999999999999999,0.7,ff529328194fe5defa88017af91b5b05b605c7024acd1e39798f460dbda82247
ra_static_equal_seed2,ra_static_equal,2,v40c_01238,6,1,600,0.4999999999999999,0.9999999999999999,0.0,0.5,ff529328194fe5defa88017af91b5b05b605c7024acd1e39798f460dbda82247
ra_static_equal_seed2,ra_static_equal,2,v40c_01239,1,0,100,0.0,0.0,0.0,0.0,ff529328194fe5defa88017af91b5b05b605c7024acd1e39798f460dbda82247
ra_static_equal_seed2,ra_static_equal,2,v40c_01240,1,0,100,0.0,0.0,0.0,0.0,ff529328194fe5defa88017af91b5b05b605c7024acd1e39798f460dbda82247
ra_static_equal_seed2,ra_static_equal,2,v40c_01241,1,0,100,0.0,0.0,0.0,0.0,ff529328194fe5defa88017af91b5b05b605c7024acd1e39798f460dbda82247
ra_static_equal_seed2,ra_static_equal,2,v40c_01242,2,0,200,0.0,0.0,0.0,0.0,ff529328194fe5defa88017af91b5b05b605c7024acd1e39798f460dbda82247
ra_static_equal_seed2,ra_static_equal,2,v40c_01243,2,0,200,0.0,0.0,0.0,0.0,ff529328194fe5defa88017af91b5b05b605c7024acd1e39798f460dbda82247
ra_static_equal_seed2,ra_static_equal,2,v40c_01244,1,0,100,0.0,0.0,0.0,0.0,ff529328194fe5defa88017af91b5b05b605c7024acd1e39798f460dbda82247
ra_static_equal_seed2,ra_static_equal,2,v40c_01245,1,0,100,0.0,0.0,0.0,0.0,ff529328194fe5defa88017af91b5b05b605c7024acd1e39798f460dbda82247
ra_static_equal_seed2,ra_static_equal,2,v40c_01246,1,0,100,0.0,0.0,0.0,0.0,ff529328194fe5defa88017af91b5b05b605c7024acd1e39798f460dbda82247
ra_static_equal_seed2,ra_static_equal,2,v40c_01247,1,0,100,0.0,0.0,0.0,0.0,ff529328194fe5defa88017af91b5b05b605c7024acd1e39798f460dbda82247
ra_static_equal_seed2,ra_static_equal,2,v40c_01248,1,0,100,0.0,0.0,0.0,0.0,ff529328194fe5defa88017af91b5b05b605c7024acd1e39798f460dbda82247
ra_static_equal_seed2,ra_static_equal,2,v40c_01249,2,0,200,0.0,0.0,0.0,0.0,ff529328194fe5defa88017af91b5b05b605c7024acd1e39798f460dbda82247
ra_static_equal_seed2,ra_static_equal,2,v40c_01250,1,0,100,0.0,0.0,0.0,0.0,ff529328194fe5defa88017af91b5b05b605c7024acd1e39798f460dbda82247
ra_static_equal_seed2,ra_static_equal,2,v40c_01251,3,0,300,0.0,0.0,0.0,0.0,ff529328194fe5defa88017af91b5b05b605c7024acd1e39798f460dbda82247
ra_static_equal_seed2,ra_static_equal,2,v40c_01252,1,0,100,0.0,0.0,0.0,0.0,ff529328194fe5defa88017af91b5b05b605c7024acd1e39798f460dbda82247
ra_static_equal_seed2,ra_static_equal,2,v40c_01253,1,0,100,0.0,0.0,0.0,0.0,ff529328194fe5defa88017af91b5b05b605c7024acd1e39798f460dbda82247
ra_static_equal_seed2,ra_static_equal,2,v40c_01254,3,0,300,0.0,0.0,0.0,0.0,ff529328194fe5defa88017af91b5b05b605c7024acd1e39798f460dbda82247
ra_static_equal_seed2,ra_static_equal,2,v40c_01255,1,0,100,0.0,0.0,0.0,0.0,ff529328194fe5defa88017af91b5b05b605c7024acd1e39798f460dbda82247
ra_static_equal_seed2,ra_static_equal,2,v40c_01256,5,0,500,0.0,0.0,0.0,0.0,ff529328194fe5defa88017af91b5b05b605c7024acd1e39798f460dbda82247
ra_static_equal_seed2,ra_static_equal,2,v40c_01257,1,0,100,0.0,0.0,0.0,0.0,ff529328194fe5defa88017af91b5b05b605c7024acd1e39798f460dbda82247
ra_static_equal_seed2,ra_static_equal,2,v40c_01258,1,0,100,0.0,0.0,0.0,0.0,ff529328194fe5defa88017af91b5b05b605c7024acd1e39798f460dbda82247
ra_static_equal_seed2,ra_static_equal,2,v40c_01259,6,0,600,0.0,0.0,0.0,0.0,ff529328194fe5defa88017af91b5b05b605c7024acd1e39798f460dbda82247
ra_static_equal_seed2,ra_static_equal,2,v40c_01260,2,0,200,0.0,0.0,0.0,0.0,ff529328194fe5defa88017af91b5b05b605c7024acd1e39798f460dbda82247
ra_static_equal_seed2,ra_static_equal,2,v40c_01261,3,0,300,0.0,0.0,0.0,0.0,ff529328194fe5defa88017af91b5b05b605c7024acd1e39798f460dbda82247
ra_static_equal_seed2,ra_static_equal,2,v40c_01262,1,0,100,0.0,0.0,0.0,0.0,ff529328194fe5defa88017af91b5b05b605c7024acd1e39798f460dbda82247
ra_static_equal_seed2,ra_static_equal,2,v40c_01263,1,0,100,0.0,0.0,0.0,0.0,ff529328194fe5defa88017af91b5b05b605c7024acd1e39798f460dbda82247
ra_static_equal_seed2,ra_static_equal,2,v40c_01264,1,0,100,0.0,0.0,0.0,0.0,ff529328194fe5defa88017af91b5b05b605c7024acd1e39798f460dbda82247
ra_static_equal_seed2,ra_static_equal,2,v40c_01265,1,0,100,0.0,0.0,0.0,0.0,ff529328194fe5defa88017af91b5b05b605c7024acd1e39798f460dbda82247
ra_static_equal_seed2,ra_static_equal,2,v40c_01266,2,0,200,0.0,0.0,0.0,0.0,ff529328194fe5defa88017af91b5b05b605c7024acd1e39798f460dbda82247
ra_static_equal_seed2,ra_static_equal,2,v40c_01267,1,0,100,0.0,0.0,0.0,0.0,ff529328194fe5defa88017af91b5b05b605c7024acd1e39798f460dbda82247
ra_static_equal_seed2,ra_static_equal,2,v40c_01268,1,0,100,0.0,0.0,0.0,0.0,ff529328194fe5defa88017af91b5b05b605c7024acd1e39798f460dbda82247
ra_static_equal_seed2,ra_static_equal,2,v40c_01269,1,0,100,0.0,0.0,0.0,0.0,ff529328194fe5defa88017af91b5b05b605c7024acd1e39798f460dbda82247
ra_static_equal_seed2,ra_static_equal,2,v40c_01270,1,0,100,0.0,0.0,0.0,0.0,ff529328194fe5defa88017af91b5b05b605c7024acd1e39798f460dbda82247
ra_static_equal_seed2,ra_static_equal,2,v40c_01271,1,1,100,0.10000000000000002,0.3333333333333334,0.0,0.3,ff529328194fe5defa88017af91b5b05b605c7024acd1e39798f460dbda82247
ra_static_equal_seed2,ra_static_equal,2,v40c_01272,1,1,100,0.4375,0.9999999999999999,0.125,0.7,ff529328194fe5defa88017af91b5b05b605c7024acd1e39798f460dbda82247
ra_static_equal_seed2,ra_static_equal,2,v40c_01273,2,2,200,0.2006600660066007,0.41749174917491755,0.08415841584158416,0.6,ff529328194fe5defa88017af91b5b05b605c7024acd1e39798f460dbda82247
ra_static_equal_seed2,ra_static_equal,2,v40c_01274,2,2,200,0.6504950495049504,1.0,1.0,0.7,ff529328194fe5defa88017af91b5b05b605c7024acd1e39798f460dbda82247
ra_static_equal_seed2,ra_static_equal,2,v40c_01275,1,1,100,0.8999999999999998,0.9999999999999999,0.9999999999999999,0.9,ff529328194fe5defa88017af91b5b05b605c7024acd1e39798f460dbda82247
ra_static_equal_seed2,ra_static_equal,2,v40c_01276,1,1,100,0.9999999999999998,0.9999999999999999,0.9999999999999999,1.0,ff529328194fe5defa88017af91b5b05b605c7024acd1e39798f460dbda82247
ra_static_equal_seed2,ra_static_equal,2,v40c_01277,1,1,100,0.7999999999999999,0.9999999999999999,0.9999999999999999,0.8,ff529328194fe5defa88017af91b5b05b605c7024acd1e39798f460dbda82247
ra_static_equal_seed2,ra_static_equal,2,v40c_01278,1,1,100,0.7999999999999999,0.9999999999999999,0.9999999999999999,0.8,ff529328194fe5defa88017af91b5b05b605c7024acd1e39798f460dbda82247
ra_static_equal_seed2,ra_static_equal,2,v40c_01279,7,7,700,0.8308062234794908,1.0,1.0,0.8714285714285716,ff529328194fe5defa88017af91b5b05b605c7024acd1e39798f460dbda82247
ra_static_equal_seed2,ra_static_equal,2,v40c_01280,1,1,100,0.7,0.9999999999999999,0.9999999999999999,0.7,ff529328194fe5defa88017af91b5b05b605c7024acd1e39798f460dbda82247
ra_static_equal_seed2,ra_static_equal,2,v40c_01281,1,1,100,0.7999999999999999,0.9999999999999999,0.9999999999999999,0.8,ff529328194fe5defa88017af91b5b05b605c7024acd1e39798f460dbda82247
ra_static_equal_seed2,ra_static_equal,2,v40c_01282,2,2,200,0.8,1.0,1.0,0.8,ff529328194fe5defa88017af91b5b05b605c7024acd1e39798f460dbda82247
ra_static_equal_seed2,ra_static_equal,2,v40c_01283,1,1,100,0.7,0.9999999999999999,0.9999999999999999,0.7,ff529328194fe5defa88017af91b5b05b605c7024acd1e39798f460dbda82247
ra_static_equal_seed2,ra_static_equal,2,v40c_01284,3,5,300,0.4435643564356436,0.6039603960396039,0.6039603960396039,0.44000000000000006,ff529328194fe5defa88017af91b5b05b605c7024acd1e39798f460dbda82247
ra_static_equal_seed2,ra_static_equal,2,v40c_01285,1,1,100,0.7999999999999999,0.9999999999999999,0.9999999999999999,0.8,ff529328194fe5defa88017af91b5b05b605c7024acd1e39798f460dbda82247
ra_static_equal_seed2,ra_static_equal,2,v40c_01286,1,0,100,0.0,0.0,0.0,0.0,ff529328194fe5defa88017af91b5b05b605c7024acd1e39798f460dbda82247
ra_static_equal_seed2,ra_static_equal,2,v40c_01287,1,0,100,0.0,0.0,0.0,0.0,ff529328194fe5defa88017af91b5b05b605c7024acd1e39798f460dbda82247
ra_static_equal_seed2,ra_static_equal,2,v40c_01288,1,0,100,0.0,0.0,0.0,0.0,ff529328194fe5defa88017af91b5b05b605c7024acd1e39798f460dbda82247
ra_static_equal_seed2,ra_static_equal,2,v40c_01289,2,0,200,0.0,0.0,0.0,0.0,ff529328194fe5defa88017af91b5b05b605c7024acd1e39798f460dbda82247
ra_static_equal_seed2,ra_static_equal,2,v40c_01290,4,0,400,0.0,0.0,0.0,0.0,ff529328194fe5defa88017af91b5b05b605c7024acd1e39798f460dbda82247
ra_static_equal_seed2,ra_static_equal,2,v40c_01291,1,0,100,0.0,0.0,0.0,0.0,ff529328194fe5defa88017af91b5b05b605c7024acd1e39798f460dbda82247
ra_static_equal_seed2,ra_static_equal,2,v40c_01292,1,0,100,0.0,0.0,0.0,0.0,ff529328194fe5defa88017af91b5b05b605c7024acd1e39798f460dbda82247
ra_static_equal_seed2,ra_static_equal,2,v40c_01293,1,0,100,0.0,0.0,0.0,0.0,ff529328194fe5defa88017af91b5b05b605c7024acd1e39798f460dbda82247
ra_static_equal_seed2,ra_static_equal,2,v40c_01294,1,0,100,0.0,0.0,0.0,0.0,ff529328194fe5defa88017af91b5b05b605c7024acd1e39798f460dbda82247
ra_static_equal_seed2,ra_static_equal,2,v40c_01295,1,0,100,0.0,0.0,0.0,0.0,ff529328194fe5defa88017af91b5b05b605c7024acd1e39798f460dbda82247
ra_static_equal_seed2,ra_static_equal,2,v40c_01296,1,0,100,0.0,0.0,0.0,0.0,ff529328194fe5defa88017af91b5b05b605c7024acd1e39798f460dbda82247
ra_static_equal_seed2,ra_static_equal,2,v40c_01297,1,1,100,0.5,0.5,0.5,1.0,ff529328194fe5defa88017af91b5b05b605c7024acd1e39798f460dbda82247
ra_static_equal_seed2,ra_static_equal,2,v40c_01298,1,2,100,0.8,1.0,1.0,0.8,ff529328194fe5defa88017af91b5b05b605c7024acd1e39798f460dbda82247
ra_static_equal_seed2,ra_static_equal,2,v40c_01299,1,2,100,0.9252475247524753,1.0,1.0,0.95,ff529328194fe5defa88017af91b5b05b605c7024acd1e39798f460dbda82247
ra_static_equal_seed2,ra_static_equal,2,v40c_01398,36,305,3600,0.7740368053564748,0.9822878786522311,0.9380466032215902,0.8163934426229508,ff529328194fe5defa88017af91b5b05b605c7024acd1e39798f460dbda82247
ra_static_equal_seed2,ra_static_equal,2,v40c_01399,1,7,100,0.8447524752475248,1.0,1.0,0.8571428571428571,ff529328194fe5defa88017af91b5b05b605c7024acd1e39798f460dbda82247
ra_static_equal_seed2,ra_static_equal,2,v40c_01400,1,8,100,0.7062269293131402,0.8964018353054815,0.8712871287128713,0.75,ff529328194fe5defa88017af91b5b05b605c7024acd1e39798f460dbda82247
ra_static_equal_seed2,ra_static_equal,2,v40c_01401,1,7,100,0.7783415841584158,0.9814356435643564,0.8168316831683168,0.8,ff529328194fe5defa88017af91b5b05b605c7024acd1e39798f460dbda82247
ra_static_equal_seed2,ra_static_equal,2,v40c_01402,1,7,100,0.8175577557755777,1.0,1.0,0.8285714285714286,ff529328194fe5defa88017af91b5b05b605c7024acd1e39798f460dbda82247
ra_static_equal_seed2,ra_static_equal,2,v40c_01403,1,7,100,0.7309900990099011,1.0,0.8514851485148515,0.7571428571428571,ff529328194fe5defa88017af91b5b05b605c7024acd1e39798f460dbda82247
ra_static_equal_seed2,ra_static_equal,2,v40c_01404,2,14,200,0.7176846915460777,0.9900990099009901,0.8461538461538463,0.7357142857142857,ff529328194fe5defa88017af91b5b05b605c7024acd1e39798f460dbda82247
ra_static_equal_seed2,ra_static_equal,2,v40c_01405,8,52,800,0.7505279132744109,0.9545293478682785,0.9130869549156059,0.7923076923076924,ff529328194fe5defa88017af91b5b05b605c7024acd1e39798f460dbda82247
ra_static_equal_seed2,ra_static_equal,2,v40c_01406,1,7,100,0.7010891089108909,0.9669966996699667,0.8514851485148515,0.7285714285714285,ff529328194fe5defa88017af91b5b05b605c7024acd1e39798f460dbda82247
ra_static_equal_seed2,ra_static_equal,2,v40c_01407,1,7,100,0.7224422442244223,0.8514851485148515,0.8514851485148515,0.7285714285714284,ff529328194fe5defa88017af91b5b05b605c7024acd1e39798f460dbda82247
ra_static_equal_seed2,ra_static_equal,2,v40c_01408,2,12,200,0.7985360678925038,0.9759547383309762,0.9759547383309762,0.8416666666666666,ff529328194fe5defa88017af91b5b05b605c7024acd1e39798f460dbda82247
ra_static_equal_seed2,ra_static_equal,2,v40c_01409,1,7,100,0.7624381188118812,1.0,0.8966584158415841,0.8285714285714286,ff529328194fe5defa88017af91b5b05b605c7024acd1e39798f460dbda82247
ra_static_equal_seed2,ra_static_equal,2,v40c_01410,3,21,300,0.7790380508639099,1.0,1.0,0.7999999999999999,ff529328194fe5defa88017af91b5b05b605c7024acd1e39798f460dbda82247
ra_static_equal_seed2,ra_static_equal,2,v40c_01411,4,27,400,0.7300668950873427,0.9898656532319896,0.8394177210363176,0.7666666666666666,ff529328194fe5defa88017af91b5b05b605c7024acd1e39798f460dbda82247
ra_static_equal_seed2,ra_static_equal,2,v40c_01412,2,12,200,0.7139091672969758,1.0,0.7620183705117499,0.7666666666666666,ff529328194fe5defa88017af91b5b05b605c7024acd1e39798f460dbda82247
ra_static_equal_seed2,ra_static_equal,2,v40c_01413,1,6,100,0.7001980198019802,1.0,0.8316831683168316,0.7333333333333333,ff529328194fe5defa88017af91b5b05b605c7024acd1e39798f460dbda82247
ra_static_equal_seed2,ra_static_equal,2,v40c_01414,1,6,100,0.7495049504950495,1.0,0.8316831683168316,0.7666666666666667,ff529328194fe5defa88017af91b5b05b605c7024acd1e39798f460dbda82247
ra_static_equal_seed2,ra_static_equal,2,v40c_01415,3,19,300,0.714676859324611,0.9452361629605583,0.8339944814153548,0.7842105263157895,ff529328194fe5defa88017af91b5b05b605c7024acd1e39798f460dbda82247
ra_static_equal_seed2,ra_static_equal,2,v40c_01416,1,6,100,0.7071287128712874,0.8910891089108915,0.8910891089108915,0.7999999999999999,ff529328194fe5defa88017af91b5b05b605c7024acd1e39798f460dbda82247
ra_static_equal_seed2,ra_static_equal,2,v40c_01417,1,5,100,0.8389438943894388,1.0,1.0,0.86,ff529328194fe5defa88017af91b5b05b605c7024acd1e39798f460dbda82247
ra_static_equal_seed2,ra_static_equal,2,v40c_01418,1,5,100,0.7960396039603961,1.0,1.0,0.82,ff529328194fe5defa88017af91b5b05b605c7024acd1e39798f460dbda82247
ra_static_equal_seed2,ra_static_equal,2,v40c_01419,1,5,100,0.7653465346534654,1.0,1.0,0.8,ff529328194fe5defa88017af91b5b05b605c7024acd1e39798f460dbda82247
ra_static_equal_seed2,ra_static_equal,2,v40c_01420,1,5,100,0.7885148514851485,1.0,1.0,0.82,ff529328194fe5defa88017af91b5b05b605c7024acd1e39798f460dbda82247
ra_static_equal_seed2,ra_static_equal,2,v40c_01421,2,10,200,0.8196919691969196,1.0,1.0,0.8400000000000001,ff529328194fe5defa88017af91b5b05b605c7024acd1e39798f460dbda82247
ra_static_equal_seed2,ra_static_equal,2,v40c_01422,2,10,200,0.7982948294829483,1.0,1.0,0.82,ff529328194fe5defa88017af91b5b05b605c7024acd1e39798f460dbda82247
ra_static_equal_seed2,ra_static_equal,2,v40c_01423,4,20,400,0.8086138613861384,1.0,1.0,0.845,ff529328194fe5defa88017af91b5b05b605c7024acd1e39798f460dbda82247
ra_static_equal_seed2,ra_static_equal,2,v40c_01424,1,5,100,0.8504950495049505,1.0,1.0,0.86,ff529328194fe5defa88017af91b5b05b605c7024acd1e39798f460dbda82247
ra_static_equal_seed2,ra_static_equal,2,v40c_01425,1,5,100,0.8097524752475247,1.0,1.0,0.86,ff529328194fe5defa88017af91b5b05b605c7024acd1e39798f460dbda82247
ra_static_equal_seed2,ra_static_equal,2,v40c_01426,1,5,100,0.7655940594059405,1.0,1.0,0.8,ff529328194fe5defa88017af91b5b05b605c7024acd1e39798f460dbda82247
ra_static_equal_seed2,ra_static_equal,2,v40c_01427,7,29,700,0.787770877911967,0.9986798679867988,0.9986798679867988,0.8172413793103448,ff529328194fe5defa88017af91b5b05b605c7024acd1e39798f460dbda82247
ra_static_equal_seed2,ra_static_equal,2,v40c_01428,1,6,100,0.7887788778877888,1.0,1.0,0.8,ff529328194fe5defa88017af91b5b05b605c7024acd1e39798f460dbda82247
ra_static_equal_seed2,ra_static_equal,2,v40c_01429,1,5,100,0.7742574257425743,1.0,1.0,0.8,ff529328194fe5defa88017af91b5b05b605c7024acd1e39798f460dbda82247
ra_static_equal_seed2,ra_static_equal,2,v40c_01430,1,5,100,0.7435643564356436,1.0,1.0,0.76,ff529328194fe5defa88017af91b5b05b605c7024acd1e39798f460dbda82247
ra_static_equal_seed2,ra_static_equal,2,v40c_01431,2,11,200,0.7378300330033004,0.976897689768977,0.8712871287128714,0.7636363636363636,ff529328194fe5defa88017af91b5b05b605c7024acd1e39798f460dbda82247
ra_static_equal_seed2,ra_static_equal,2,v40c_01432,1,4,100,0.8085808580858085,1.0,1.0,0.825,ff529328194fe5defa88017af91b5b05b605c7024acd1e39798f460dbda82247
ra_static_equal_seed2,ra_static_equal,2,v40c_01433,2,9,200,0.7308168316831686,0.9663366336633668,0.8457920792079209,0.7666666666666666,ff529328194fe5defa88017af91b5b05b605c7024acd1e39798f460dbda82247
ra_static_equal_seed2,ra_static_equal,2,v40c_01434,1,5,100,0.58385708136031,0.8450279810589756,0.801980198019802,0.6599999999999999,ff529328194fe5defa88017af91b5b05b605c7024acd1e39798f460dbda82247
ra_static_equal_seed2,ra_static_equal,2,v40c_01435,1,3,100,0.699009900990099,1.0,0.6633663366336634,0.7,ff529328194fe5defa88017af91b5b05b605c7024acd1e39798f460dbda82247
ra_static_equal_seed2,ra_static_equal,2,v40c_01436,1,3,100,0.8554455445544555,1.0,1.0,0.8666666666666666,ff529328194fe5defa88017af91b5b05b605c7024acd1e39798f460dbda82247
ra_static_equal_seed2,ra_static_equal,2,v40c_01437,2,6,200,0.7042079207920792,1.0,1.0,0.7166666666666666,ff529328194fe5defa88017af91b5b05b605c7024acd1e39798f460dbda82247
ra_static_equal_seed2,ra_static_equal,2,v40c_01438,5,16,500,0.6676792788288812,0.9625884016973126,0.674301519220748,0.725,ff529328194fe5defa88017af91b5b05b605c7024acd1e39798f460dbda82247
ra_static_equal_seed2,ra_static_equal,2,v40c_01439,1,2,100,0.8,1.0,1.0,0.8,ff529328194fe5defa88017af91b5b05b605c7024acd1e39798f460dbda82247
ra_static_equal_seed2,ra_static_equal,2,v40c_01440,1,3,100,0.6134370579915135,0.9158415841584159,0.6633663366336634,0.6666666666666666,ff529328194fe5defa88017af91b5b05b605c7024acd1e39798f460dbda82247
ra_static_equal_seed2,ra_static_equal,2,v40c_01441,1,2,100,0.7504950495049505,1.0,1.0,0.75,ff529328194fe5defa88017af91b5b05b605c7024acd1e39798f460dbda82247
ra_static_equal_seed2,ra_static_equal,2,v40c_01442,1,2,100,0.8252475247524753,1.0,1.0,0.85,ff529328194fe5defa88017af91b5b05b605c7024acd1e39798f460dbda82247
ra_static_equal_seed2,ra_static_equal,2,v40c_01443,2,4,200,0.8252475247524753,1.0,1.0,0.85,ff529328194fe5defa88017af91b5b05b605c7024acd1e39798f460dbda82247
ra_static_equal_seed2,ra_static_equal,2,v40c_01444,1,2,100,0.8504950495049505,1.0,1.0,0.85,ff529328194fe5defa88017af91b5b05b605c7024acd1e39798f460dbda82247
ra_static_equal_seed2,ra_static_equal,2,v40c_01445,1,2,100,0.9504950495049505,1.0,1.0,0.95,ff529328194fe5defa88017af91b5b05b605c7024acd1e39798f460dbda82247
ra_static_equal_seed2,ra_static_equal,2,v40c_01446,1,2,100,0.9,1.0,1.0,0.9,ff529328194fe5defa88017af91b5b05b605c7024acd1e39798f460dbda82247
ra_static_equal_seed2,ra_static_equal,2,v40c_01447,1,2,100,0.9,1.0,1.0,0.9,ff529328194fe5defa88017af91b5b05b605c7024acd1e39798f460dbda82247
ra_static_equal_seed2,ra_static_equal,2,v40c_01448,1,2,100,0.8252475247524753,1.0,1.0,0.85,ff529328194fe5defa88017af91b5b05b605c7024acd1e39798f460dbda82247
ra_static_equal_seed2,ra_static_equal,2,v40c_01449,1,2,100,0.8252475247524753,1.0,1.0,0.85,ff529328194fe5defa88017af91b5b05b605c7024acd1e39798f460dbda82247
ra_static_equal_seed2,ra_static_equal,2,v40c_01450,1,2,100,0.8,1.0,1.0,0.8,ff529328194fe5defa88017af91b5b05b605c7024acd1e39798f460dbda82247
ra_static_equal_seed2,ra_static_equal,2,v40c_01451,1,2,100,0.8,1.0,1.0,0.8,ff529328194fe5defa88017af91b5b05b605c7024acd1e39798f460dbda82247
ra_static_equal_seed2,ra_static_equal,2,v40c_01452,1,2,100,0.8349834983498351,0.834983498349835,0.834983498349835,1.0,ff529328194fe5defa88017af91b5b05b605c7024acd1e39798f460dbda82247
ra_static_equal_seed2,ra_static_equal,2,v40c_01453,1,4,100,0.6824257425742574,1.0,0.773102310231023,0.75,ff529328194fe5defa88017af91b5b05b605c7024acd1e39798f460dbda82247
ra_static_equal_seed2,ra_static_equal,2,v40c_01454,1,3,100,0.6326732673267326,0.865346534653465,0.6633663366336634,0.7,ff529328194fe5defa88017af91b5b05b605c7024acd1e39798f460dbda82247
ra_static_equal_seed2,ra_static_equal,2,v40c_01610,4,24,400,0.8146913286049102,1.0,1.0,0.8333333333333334,ff529328194fe5defa88017af91b5b05b605c7024acd1e39798f460dbda82247
ra_static_equal_seed2,ra_static_equal,2,v40c_01611,1,6,100,0.809818481848185,1.0,1.0,0.85,ff529328194fe5defa88017af91b5b05b605c7024acd1e39798f460dbda82247
ra_static_equal_seed2,ra_static_equal,2,v40c_01612,2,12,200,0.7655940594059405,1.0,0.8976897689768976,0.7833333333333333,ff529328194fe5defa88017af91b5b05b605c7024acd1e39798f460dbda82247
ra_static_equal_seed2,ra_static_equal,2,v40c_01613,1,6,100,0.691784535596417,0.9759547383309762,0.8948019801980198,0.7333333333333333,ff529328194fe5defa88017af91b5b05b605c7024acd1e39798f460dbda82247
ra_static_equal_seed2,ra_static_equal,2,v40c_01614,3,15,300,0.7677618654722617,0.9956683168316832,0.9306930693069307,0.8,ff529328194fe5defa88017af91b5b05b605c7024acd1e39798f460dbda82247
ra_static_equal_seed2,ra_static_equal,2,v40c_01615,1,4,100,0.7690594059405941,1.0,1.0,0.775,ff529328194fe5defa88017af91b5b05b605c7024acd1e39798f460dbda82247
ra_static_equal_seed2,ra_static_equal,2,v40c_01616,5,23,500,0.7097083295705768,0.9795464857884147,0.8985712235819856,0.7478260869565218,ff529328194fe5defa88017af91b5b05b605c7024acd1e39798f460dbda82247
ra_static_equal_seed2,ra_static_equal,2,v40c_01617,1,4,100,0.7752475247524753,1.0,1.0,0.775,ff529328194fe5defa88017af91b5b05b605c7024acd1e39798f460dbda82247
ra_static_equal_seed2,ra_static_equal,2,v40c_01618,7,23,700,0.715212041683484,0.9853478101433331,0.8873958824453876,0.7565217391304347,ff529328194fe5defa88017af91b5b05b605c7024acd1e39798f460dbda82247
ra_static_equal_seed2,ra_static_equal,2,v40c_01619,1,3,100,0.8336633663366337,1.0,1.0,0.8333333333333334,ff529328194fe5defa88017af91b5b05b605c7024acd1e39798f460dbda82247
ra_static_equal_seed2,ra_static_equal,2,v40c_01620,6,24,600,0.6640245077856739,0.927985558736869,0.810124039988769,0.7666666666666667,ff529328194fe5defa88017af91b5b05b605c7024acd1e39798f460dbda82247
ra_static_equal_seed2,ra_static_equal,2,v40c_01621,1,4,100,0.7508250825082509,1.0,1.0,0.775,ff529328194fe5defa88017af91b5b05b605c7024acd1e39798f460dbda82247
ra_static_equal_seed2,ra_static_equal,2,v40c_01622,2,8,200,0.6938846825859055,0.9170064065230051,0.9170064065230051,0.7625,ff529328194fe5defa88017af91b5b05b605c7024acd1e39798f460dbda82247
ra_static_equal_seed2,ra_static_equal,2,v40c_01623,1,4,100,0.7597359735973599,0.9174917491749175,0.9174917491749175,0.85,ff529328194fe5defa88017af91b5b05b605c7024acd1e39798f460dbda82247
ra_static_equal_seed2,ra_static_equal,2,v40c_01624,1,4,100,0.7070207020702071,0.9174917491749175,0.7524752475247525,0.775,ff529328194fe5defa88017af91b5b05b605c7024acd1e39798f460dbda82247
ra_static_equal_seed2,ra_static_equal,2,v40c_01625,1,4,100,0.5433060697374087,0.8514851485148518,0.5892524035012194,0.75,ff529328194fe5defa88017af91b5b05b605c7024acd1e39798f460dbda82247
ra_static_equal_seed2,ra_static_equal,2,v40c_01626,1,4,100,0.5261835427240202,0.8624862486248623,0.5769198768616357,0.7,ff529328194fe5defa88017af91b5b05b605c7024acd1e39798f460dbda82247
ra_static_equal_seed2,ra_static_equal,2,v40c_01627,1,3,100,0.4673267326732674,0.7564356435643562,0.621782178217822,0.6666666666666666,ff529328194fe5defa88017af91b5b05b605c7024acd1e39798f460dbda82247
ra_static_equal_seed2,ra_static_equal,2,v40c_01628,1,3,100,0.6554455445544555,1.0,1.0,0.6666666666666666,ff529328194fe5defa88017af91b5b05b605c7024acd1e39798f460dbda82247
ra_static_equal_seed2,ra_static_equal,2,v40c_01629,1,3,100,0.5495049504950495,1.0,0.6633663366336634,0.5666666666666667,ff529328194fe5defa88017af91b5b05b605c7024acd1e39798f460dbda82247
ra_static_equal_seed2,ra_static_equal,2,v40c_01630,1,3,100,0.5673267326732674,0.9158415841584159,0.33663366336633654,0.5999999999999999,ff529328194fe5defa88017af91b5b05b605c7024acd1e39798f460dbda82247
ra_static_equal_seed2,ra_static_equal,2,v40c_01631,1,3,100,0.47988466978565986,0.7022086824067021,0.6633663366336634,0.6,ff529328194fe5defa88017af91b5b05b605c7024acd1e39798f460dbda82247
ra_static_equal_seed2,ra_static_equal,2,v40c_01632,1,2,100,0.5504950495049504,1.0,0.5049504950495048,0.55,ff529328194fe5defa88017af91b5b05b605c7024acd1e39798f460dbda82247
ra_static_equal_seed2,ra_static_equal,2,v40c_01633,3,8,300,0.449307256924496,0.8600613582485012,0.48769448373408764,0.55,ff529328194fe5defa88017af91b5b05b605c7024acd1e39798f460dbda82247
ra_static_equal_seed2,ra_static_equal,2,v40c_01634,2,4,200,0.3983498349834983,0.6905940594059405,0.5358910891089109,0.5,ff529328194fe5defa88017af91b5b05b605c7024acd1e39798f460dbda82247
ra_static_equal_seed2,ra_static_equal,2,v40c_01635,2,2,200,0.7,1.0,1.0,0.7,ff529328194fe5defa88017af91b5b05b605c7024acd1e39798f460dbda82247
ra_static_equal_seed2,ra_static_equal,2,v40c_01636,2,2,200,0.500990099009901,1.0,0.2524752475247525,0.6,ff529328194fe5defa88017af91b5b05b605c7024acd1e39798f460dbda82247
ra_static_equal_seed2,ra_static_equal,2,v40c_01637,2,2,200,0.5504950495049504,1.0,0.2524752475247525,0.6,ff529328194fe5defa88017af91b5b05b605c7024acd1e39798f460dbda82247
ra_static_equal_seed2,ra_static_equal,2,v40c_01638,1,1,100,0.7,0.9999999999999999,0.9999999999999999,0.7,ff529328194fe5defa88017af91b5b05b605c7024acd1e39798f460dbda82247
ra_static_equal_seed2,ra_static_equal,2,v40c_01639,1,1,100,0.4999999999999999,0.9999999999999999,0.0,0.5,ff529328194fe5defa88017af91b5b05b605c7024acd1e39798f460dbda82247
ra_static_equal_seed2,ra_static_equal,2,v40c_01640,1,1,100,0.4999999999999999,0.9999999999999999,0.0,0.5,ff529328194fe5defa88017af91b5b05b605c7024acd1e39798f460dbda82247
ra_static_equal_seed2,ra_static_equal,2,v40c_01641,1,2,100,0.7,1.0,1.0,0.7,ff529328194fe5defa88017af91b5b05b605c7024acd1e39798f460dbda82247
ra_static_equal_seed2,ra_static_equal,2,v40c_01642,1,2,100,0.700990099009901,1.0,1.0,0.7,ff529328194fe5defa88017af91b5b05b605c7024acd1e39798f460dbda82247
ra_static_equal_seed2,ra_static_equal,2,v40c_01643,1,2,100,0.76009139375476,1.0,0.5811119573495812,0.8,ff529328194fe5defa88017af91b5b05b605c7024acd1e39798f460dbda82247
ra_static_equal_seed2,ra_static_equal,2,v40c_01644,1,1,100,0.7999999999999999,0.9999999999999999,0.9999999999999999,0.8,ff529328194fe5defa88017af91b5b05b605c7024acd1e39798f460dbda82247
ra_static_equal_seed2,ra_static_equal,2,v40c_01645,1,1,100,0.7,0.9999999999999999,0.9999999999999999,0.7,ff529328194fe5defa88017af91b5b05b605c7024acd1e39798f460dbda82247
ra_static_equal_seed2,ra_static_equal,2,v40c_02412,1,1,100,0.10350877192982459,0.3333333333333334,0.0,0.5,ff529328194fe5defa88017af91b5b05b605c7024acd1e39798f460dbda82247
ra_static_equal_seed2,ra_static_equal,2,v40c_02413,1,1,100,0.15,0.25,0.25,0.6,ff529328194fe5defa88017af91b5b05b605c7024acd1e39798f460dbda82247
ra_static_equal_seed2,ra_static_equal,2,v40c_02414,1,1,100,0.07843137254901963,0.1666666666666667,0.0588235294117647,0.6,ff529328194fe5defa88017af91b5b05b605c7024acd1e39798f460dbda82247
ra_static_equal_seed2,ra_static_equal,2,v40c_02415,1,0,100,0.0,0.0,0.0,0.0,ff529328194fe5defa88017af91b5b05b605c7024acd1e39798f460dbda82247
ra_static_equal_seed2,ra_static_equal,2,v40c_02416,1,1,100,0.13809523809523813,0.3333333333333334,0.0,0.5,ff529328194fe5defa88017af91b5b05b605c7024acd1e39798f460dbda82247
ra_static_equal_seed2,ra_static_equal,2,v40c_02417,1,2,100,0.34156415641564153,0.6149614961496149,0.534953495349535,0.75,ff529328194fe5defa88017af91b5b05b605c7024acd1e39798f460dbda82247
ra_static_equal_seed2,ra_static_equal,2,v40c_02418,1,3,100,0.40021216407355037,0.6994342291371998,0.16831683168316833,0.6,ff529328194fe5defa88017af91b5b05b605c7024acd1e39798f460dbda82247
ra_static_equal_seed2,ra_static_equal,2,v40c_02419,1,3,100,0.7495049504950495,0.9158415841584159,0.9158415841584159,0.8333333333333334,ff529328194fe5defa88017af91b5b05b605c7024acd1e39798f460dbda82247
ra_static_equal_seed2,ra_static_equal,2,v40c_02420,1,3,100,0.7158415841584158,1.0,0.6633663366336634,0.7333333333333333,ff529328194fe5defa88017af91b5b05b605c7024acd1e39798f460dbda82247
ra_static_equal_seed2,ra_static_equal,2,v40c_02421,1,3,100,0.5678712871287129,0.7896039603960396,0.7306930693069307,0.7333333333333333,ff529328194fe5defa88017af91b5b05b605c7024acd1e39798f460dbda82247
ra_static_equal_seed2,ra_static_equal,2,v40c_02422,1,3,100,0.7336633663366336,1.0,0.9158415841584159,0.7666666666666666,ff529328194fe5defa88017af91b5b05b605c7024acd1e39798f460dbda82247
ra_static_equal_seed2,ra_static_equal,2,v40c_02423,1,2,100,0.7,1.0,1.0,0.7,ff529328194fe5defa88017af91b5b05b605c7024acd1e39798f460dbda82247
ra_static_equal_seed2,ra_static_equal,2,v40c_02424,1,2,100,0.48822882288228814,0.834983498349835,0.5049504950495048,0.6,ff529328194fe5defa88017af91b5b05b605c7024acd1e39798f460dbda82247
ra_static_equal_seed2,ra_static_equal,2,v40c_02425,1,3,100,0.6495049504950495,0.9158415841584159,0.9158415841584159,0.7,ff529328194fe5defa88017af91b5b05b605c7024acd1e39798f460dbda82247
ra_static_equal_seed2,ra_static_equal,2,v40c_02426,1,3,100,0.5831683168316831,0.8316831683168316,0.6633663366336634,0.6666666666666666,ff529328194fe5defa88017af91b5b05b605c7024acd1e39798f460dbda82247
ra_static_equal_seed2,ra_static_equal,2,v40c_02427,1,2,100,0.5252475247524753,1.0,0.2524752475247525,0.55,ff529328194fe5defa88017af91b5b05b605c7024acd1e39798f460dbda82247
ra_static_equal_seed2,ra_static_equal,2,v40c_02428,1,2,100,0.6,1.0,1.0,0.6,ff529328194fe5defa88017af91b5b05b605c7024acd1e39798f460dbda82247
ra_static_equal_seed2,ra_static_equal,2,v40c_02429,1,2,100,0.600990099009901,1.0,0.7524752475247525,0.65,ff529328194fe5defa88017af91b5b05b605c7024acd1e39798f460dbda82247
ra_static_equal_seed2,ra_static_equal,2,v40c_02430,1,2,100,0.6504950495049504,1.0,1.0,0.65,ff529328194fe5defa88017af91b5b05b605c7024acd1e39798f460dbda82247
ra_static_equal_seed2,ra_static_equal,2,v40c_02431,1,2,100,0.600990099009901,1.0,0.5049504950495048,0.6,ff529328194fe5defa88017af91b5b05b605c7024acd1e39798f460dbda82247
ra_static_equal_seed2,ra_static_equal,2,v40c_02432,1,2,100,0.5768806190963924,1.0,0.2638556959144191,0.7,ff529328194fe5defa88017af91b5b05b605c7024acd1e39798f460dbda82247
ra_static_equal_seed2,ra_static_equal,2,v40c_02433,1,2,100,0.5568856885688569,1.0,0.5229522952295229,0.7,ff529328194fe5defa88017af91b5b05b605c7024acd1e39798f460dbda82247
ra_static_equal_seed2,ra_static_equal,2,v40c_02434,1,2,100,0.601980198019802,1.0,0.5049504950495048,0.6,ff529328194fe5defa88017af91b5b05b605c7024acd1e39798f460dbda82247
ra_static_equal_seed2,ra_static_equal,2,v40c_02435,1,2,100,0.457349489101734,1.0,0.5049504950495048,0.6,ff529328194fe5defa88017af91b5b05b605c7024acd1e39798f460dbda82247
ra_static_equal_seed2,ra_static_equal,2,v40c_02436,1,3,100,0.44788478847884783,1.0,0.3485148514851484,0.6333333333333333,ff529328194fe5defa88017af91b5b05b605c7024acd1e39798f460dbda82247
ra_static_equal_seed2,ra_static_equal,2,v40c_02437,1,2,100,0.5398563385750339,0.834983498349835,0.5243642011259948,0.7,ff529328194fe5defa88017af91b5b05b605c7024acd1e39798f460dbda82247
ra_static_equal_seed2,ra_static_equal,2,v40c_02438,2,5,200,0.5780261897157458,1.0,0.3399339933993399,0.64,ff529328194fe5defa88017af91b5b05b605c7024acd1e39798f460dbda82247
ra_static_equal_seed2,ra_static_equal,2,v40c_02439,1,4,100,0.4885313531353135,0.8006050605060505,0.31243124312431236,0.625,ff529328194fe5defa88017af91b5b05b605c7024acd1e39798f460dbda82247
ra_static_equal_seed2,ra_static_equal,2,v40c_02440,2,6,200,0.44526976610704533,0.8501650165016498,0.32072750753336193,0.6166666666666667,ff529328194fe5defa88017af91b5b05b605c7024acd1e39798f460dbda82247
ra_static_equal_seed2,ra_static_equal,2,v40c_02441,1,3,100,0.661056105610561,1.0,1.0,0.7,ff529328194fe5defa88017af91b5b05b605c7024acd1e39798f460dbda82247
ra_static_equal_seed2,ra_static_equal,2,v40c_02442,1,4,100,0.4878582595101616,1.0,0.37571651902032305,0.625,ff529328194fe5defa88017af91b5b05b605c7024acd1e39798f460dbda82247
ra_static_equal_seed2,ra_static_equal,2,v40c_02443,1,4,100,0.5629237923792381,0.9009900990099011,0.7205970597059708,0.7,ff529328194fe5defa88017af91b5b05b605c7024acd1e39798f460dbda82247
ra_static_equal_seed2,ra_static_equal,2,v40c_02444,1,4,100,0.44017187433029015,1.0,0.0975954738330976,0.575,ff529328194fe5defa88017af91b5b05b605c7024acd1e39798f460dbda82247
ra_static_equal_seed2,ra_static_equal,2,v40c_02445,1,4,100,0.42600913937547596,0.8514851485148514,0.38118811881188114,0.525,ff529328194fe5defa88017af91b5b05b605c7024acd1e39798f460dbda82247
ra_static_equal_seed2,ra_static_equal,2,v40c_02446,2,6,200,0.5784306792023741,0.9519094766619522,0.6078500707213578,0.6666666666666667,ff529328194fe5defa88017af91b5b05b605c7024acd1e39798f460dbda82247
ra_static_equal_seed2,ra_static_equal,2,v40c_02447,1,3,100,0.557920792079208,0.9158415841584159,0.6633663366336634,0.6333333333333333,ff529328194fe5defa88017af91b5b05b605c7024acd1e39798f460dbda82247
ra_static_equal_seed2,ra_static_equal,2,v40c_02448,1,2,100,0.5732673267326733,0.7029702970297033,0.7029702970297033,0.75,ff529328194fe5defa88017af91b5b05b605c7024acd1e39798f460dbda82247
ra_static_equal_seed2,ra_static_equal,2,v40c_02449,1,2,100,0.5514851485148514,1.0,0.5049504950495048,0.55,ff529328194fe5defa88017af91b5b05b605c7024acd1e39798f460dbda82247
ra_static_equal_seed2,ra_static_equal,2,v40c_02450,1,2,100,0.5161244695898162,1.0,0.5049504950495048,0.55,ff529328194fe5defa88017af91b5b05b605c7024acd1e39798f460dbda82247
ra_static_equal_seed2,ra_static_equal,2,v40c_02451,1,2,100,0.6,1.0,1.0,0.6,ff529328194fe5defa88017af91b5b05b605c7024acd1e39798f460dbda82247
ra_static_equal_seed2,ra_static_equal,2,v40c_02452,1,2,100,0.7504950495049505,1.0,1.0,0.8,ff529328194fe5defa88017af91b5b05b605c7024acd1e39798f460dbda82247
ra_static_equal_seed2,ra_static_equal,2,v40c_02453,1,2,100,0.5504950495049504,1.0,0.834983498349835,0.6,ff529328194fe5defa88017af91b5b05b605c7024acd1e39798f460dbda82247
ra_static_equal_seed2,ra_static_equal,2,v40c_02482,48,155,4800,0.7826984056755999,0.9920994815950189,0.979744574627242,0.8135483870967741,ff529328194fe5defa88017af91b5b05b605c7024acd1e39798f460dbda82247
ra_static_equal_seed2,ra_static_equal,2,v40c_02483,1,3,100,0.799009900990099,1.0,1.0,0.8,ff529328194fe5defa88017af91b5b05b605c7024acd1e39798f460dbda82247
ra_static_equal_seed2,ra_static_equal,2,v40c_02484,1,3,100,0.8,1.0,1.0,0.8,ff529328194fe5defa88017af91b5b05b605c7024acd1e39798f460dbda82247
ra_static_equal_seed2,ra_static_equal,2,v40c_02485,6,18,600,0.8408573000157158,1.0,1.0,0.85,ff529328194fe5defa88017af91b5b05b605c7024acd1e39798f460dbda82247
ra_static_equal_seed2,ra_static_equal,2,v40c_02486,1,3,100,0.8326732673267326,1.0,1.0,0.8333333333333333,ff529328194fe5defa88017af91b5b05b605c7024acd1e39798f460dbda82247
ra_static_equal_seed2,ra_static_equal,2,v40c_02487,2,6,200,0.8,1.0,1.0,0.7999999999999999,ff529328194fe5defa88017af91b5b05b605c7024acd1e39798f460dbda82247
ra_static_equal_seed2,ra_static_equal,2,v40c_02488,1,3,100,0.8336633663366337,1.0,1.0,0.8333333333333334,ff529328194fe5defa88017af91b5b05b605c7024acd1e39798f460dbda82247
ra_static_equal_seed2,ra_static_equal,2,v40c_02489,1,3,100,0.8326732673267326,1.0,1.0,0.8333333333333333,ff529328194fe5defa88017af91b5b05b605c7024acd1e39798f460dbda82247
ra_static_equal_seed2,ra_static_equal,2,v40c_02490,2,6,200,0.8774257425742574,1.0,1.0,0.8833333333333334,ff529328194fe5defa88017af91b5b05b605c7024acd1e39798f460dbda82247
ra_static_equal_seed2,ra_static_equal,2,v40c_02561,1,11,100,0.6124630320174875,0.969059405940594,0.6854828339976855,0.7090909090909091,ff529328194fe5defa88017af91b5b05b605c7024acd1e39798f460dbda82247
ra_static_equal_seed2,ra_static_equal,2,v40c_02562,5,58,500,0.5824506753346377,0.9140629939154907,0.6070099410704248,0.6758620689655173,ff529328194fe5defa88017af91b5b05b605c7024acd1e39798f460dbda82247
ra_static_equal_seed2,ra_static_equal,2,v40c_02563,1,11,100,0.5275738694559111,0.9304447686147924,0.5678442844284429,0.6363636363636364,ff529328194fe5defa88017af91b5b05b605c7024acd1e39798f460dbda82247
ra_static_equal_seed2,ra_static_equal,2,v40c_02564,1,11,100,0.5896319108581728,0.9347780931939347,0.560966342535893,0.6454545454545454,ff529328194fe5defa88017af91b5b05b605c7024acd1e39798f460dbda82247
ra_static_equal_seed2,ra_static_equal,2,v40c_02565,1,12,100,0.4634985308054615,0.8567523419008566,0.5044974497449745,0.55,ff529328194fe5defa88017af91b5b05b605c7024acd1e39798f460dbda82247
ra_static_equal_seed2,ra_static_equal,2,v40c_02566,1,12,100,0.5539568242538538,0.9432943294329431,0.47964796479647964,0.625,ff529328194fe5defa88017af91b5b05b605c7024acd1e39798f460dbda82247
ra_static_equal_seed2,ra_static_equal,2,v40c_02567,1,12,100,0.5631016683601133,0.9737914967967383,0.4323003728944323,0.6666666666666667,ff529328194fe5defa88017af91b5b05b605c7024acd1e39798f460dbda82247
ra_static_equal_seed2,ra_static_equal,2,v40c_02568,2,24,200,0.5960779686309554,0.9458412351223372,0.6309520027633017,0.675,ff529328194fe5defa88017af91b5b05b605c7024acd1e39798f460dbda82247
ra_static_equal_seed2,ra_static_equal,2,v40c_02569,4,44,400,0.6230327974310375,0.9590102800807058,0.6509179888133565,0.7000000000000001,ff529328194fe5defa88017af91b5b05b605c7024acd1e39798f460dbda82247
ra_static_equal_seed2,ra_static_equal,2,v40c_02570,2,21,200,0.6115457645206114,0.9587582818432219,0.6544266460425072,0.6714285714285715,ff529328194fe5defa88017af91b5b05b605c7024acd1e39798f460dbda82247
ra_static_equal_seed2,ra_static_equal,2,v40c_02571,2,21,200,0.5752009931556202,0.9541725601131542,0.5546107551931664,0.6523809523809524,ff529328194fe5defa88017af91b5b05b605c7024acd1e39798f460dbda82247
ra_static_equal_seed2,ra_static_equal,2,v40c_02572,4,44,400,0.6455542346682168,0.9688883354040438,0.7478169861321108,0.7022727272727274,ff529328194fe5defa88017af91b5b05b605c7024acd1e39798f460dbda82247
ra_static_equal_seed2,ra_static_equal,2,v40c_02573,3,33,300,0.6075752271381497,0.951306309693943,0.5405744702049942,0.7121212121212122,ff529328194fe5defa88017af91b5b05b605c7024acd1e39798f460dbda82247
ra_static_equal_seed2,ra_static_equal,2,v40c_02574,4,44,400,0.5384198504293888,0.9539505627581393,0.43931090462684613,0.6568181818181819,ff529328194fe5defa88017af91b5b05b605c7024acd1e39798f460dbda82247
ra_static_equal_seed2,ra_static_equal,2,v40c_02575,1,11,100,0.6073741241119186,0.9843234323432345,0.624045261669024,0.6727272727272727,ff529328194fe5defa88017af91b5b05b605c7024acd1e39798f460dbda82247
ra_static_equal_seed2,ra_static_equal,2,v40c_02576,1,11,100,0.7158663366336633,1.0,0.7561881188118812,0.7636363636363636,ff529328194fe5defa88017af91b5b05b605c7024acd1e39798f460dbda82247
ra_static_equal_seed2,ra_static_equal,2,v40c_02577,5,62,500,0.6495822957076134,0.9048143129352948,0.7058491525891742,0.7290322580645161,ff529328194fe5defa88017af91b5b05b605c7024acd1e39798f460dbda82247
ra_static_equal_seed2,ra_static_equal,2,v40c_02578,2,23,200,0.6303935277173482,0.8714757190004714,0.7373396163145728,0.6782608695652174,ff529328194fe5defa88017af91b5b05b605c7024acd1e39798f460dbda82247
ra_static_equal_seed2,ra_static_equal,2,v40c_02579,9,118,900,0.6458198277218199,0.9666878712068706,0.6859853013394303,0.7398305084745763,ff529328194fe5defa88017af91b5b05b605c7024acd1e39798f460dbda82247
ra_static_equal_seed2,ra_static_equal,2,v40c_02580,2,26,200,0.6658558649185815,1.0,0.7421855094176809,0.7423076923076923,ff529328194fe5defa88017af91b5b05b605c7024acd1e39798f460dbda82247
ra_static_equal_seed2,ra_static_equal,2,v40c_02581,1,13,100,0.7344648750589345,1.0,0.8877887788778877,0.7692307692307692,ff529328194fe5defa88017af91b5b05b605c7024acd1e39798f460dbda82247
ra_static_equal_seed2,ra_static_equal,2,v40c_02582,4,54,400,0.6858718733127361,0.9790899976073558,0.7933547629404192,0.762962962962963,ff529328194fe5defa88017af91b5b05b605c7024acd1e39798f460dbda82247
ra_static_equal_seed2,ra_static_equal,2,v40c_02583,1,13,100,0.7104815481548155,1.0,0.7376237623762376,0.7384615384615385,ff529328194fe5defa88017af91b5b05b605c7024acd1e39798f460dbda82247
ra_static_equal_seed2,ra_static_equal,2,v40c_02584,3,39,300,0.6516294250914253,0.9323638162398467,0.7727552692634698,0.7410256410256411,ff529328194fe5defa88017af91b5b05b605c7024acd1e39798f460dbda82247
ra_static_equal_seed2,ra_static_equal,2,v40c_02585,1,12,100,0.7784619890560485,1.0,1.0,0.8166666666666668,ff529328194fe5defa88017af91b5b05b605c7024acd1e39798f460dbda82247
ra_static_equal_seed2,ra_static_equal,2,v40c_02855,1,5,100,0.7668081093823669,1.0,0.7623762376237624,0.8,ff529328194fe5defa88017af91b5b05b605c7024acd1e39798f460dbda82247
ra_static_equal_seed2,ra_static_equal,2,v40c_02856,5,23,500,0.710444822966385,0.9707387405407207,0.7660533176605331,0.7565217391304347,ff529328194fe5defa88017af91b5b05b605c7024acd1e39798f460dbda82247
ra_static_equal_seed2,ra_static_equal,2,v40c_02857,2,10,200,0.7315248008317315,1.0,0.7001958437602002,0.8,ff529328194fe5defa88017af91b5b05b605c7024acd1e39798f460dbda82247
ra_static_equal_seed2,ra_static_equal,2,v40c_02858,2,10,200,0.7547304730473047,1.0,0.900990099009901,0.7599999999999999,ff529328194fe5defa88017af91b5b05b605c7024acd1e39798f460dbda82247
ra_static_equal_seed2,ra_static_equal,2,v40c_02859,1,6,100,0.6434080250130274,0.8848358520062529,0.8316831683168316,0.7000000000000001,ff529328194fe5defa88017af91b5b05b605c7024acd1e39798f460dbda82247
ra_static_equal_seed2,ra_static_equal,2,v40c_02860,10,53,1000,0.7212793184666321,0.9812799013891536,0.7771536609186693,0.7566037735849057,ff529328194fe5defa88017af91b5b05b605c7024acd1e39798f460dbda82247
ra_static_equal_seed2,ra_static_equal,2,v40c_02861,2,10,200,0.766053748231966,1.0,1.0,0.7899999999999999,ff529328194fe5defa88017af91b5b05b605c7024acd1e39798f460dbda82247
ra_static_equal_seed2,ra_static_equal,2,v40c_02862,1,5,100,0.8128712871287128,1.0,1.0,0.82,ff529328194fe5defa88017af91b5b05b605c7024acd1e39798f460dbda82247
ra_static_equal_seed2,ra_static_equal,2,v40c_02863,2,12,200,0.7264851485148516,1.0,0.9042904290429042,0.7333333333333333,ff529328194fe5defa88017af91b5b05b605c7024acd1e39798f460dbda82247
ra_static_equal_seed2,ra_static_equal,2,v40c_02864,2,11,200,0.8100825082508253,0.9917491749174919,0.9917491749174919,0.8363636363636363,ff529328194fe5defa88017af91b5b05b605c7024acd1e39798f460dbda82247
ra_static_equal_seed2,ra_static_equal,2,v40c_02865,3,18,300,0.7310820367751061,1.0,0.818069306930693,0.7444444444444444,ff529328194fe5defa88017af91b5b05b605c7024acd1e39798f460dbda82247
ra_static_equal_seed2,ra_static_equal,2,v40c_02866,5,27,500,0.7921057961027826,0.9985855728429983,0.9603960396039604,0.8037037037037036,ff529328194fe5defa88017af91b5b05b605c7024acd1e39798f460dbda82247
ra_static_equal_seed2,ra_static_equal,2,v40c_02867,2,12,200,0.8051956624233852,1.0,1.0,0.8166666666666668,ff529328194fe5defa88017af91b5b05b605c7024acd1e39798f460dbda82247
ra_static_equal_seed2,ra_static_equal,2,v40c_02868,1,6,100,0.8,1.0,1.0,0.7999999999999999,ff529328194fe5defa88017af91b5b05b605c7024acd1e39798f460dbda82247
ra_static_equal_seed2,ra_static_equal,2,v40c_02869,2,11,200,0.7119035021969097,0.9706827825639709,0.8075607560756075,0.7454545454545454,ff529328194fe5defa88017af91b5b05b605c7024acd1e39798f460dbda82247
ra_static_equal_seed2,ra_static_equal,2,v40c_02870,1,4,100,0.7712871287128712,0.9504950495049505,0.9504950495049505,0.8,ff529328194fe5defa88017af91b5b05b605c7024acd1e39798f460dbda82247
ra_static_equal_seed2,ra_static_equal,2,v40c_02871,2,11,200,0.7084859735973598,0.9735973597359735,0.8623762376237624,0.7454545454545454,ff529328194fe5defa88017af91b5b05b605c7024acd1e39798f460dbda82247
ra_static_equal_seed2,ra_static_equal,2,v40c_02872,1,6,100,0.732899575671853,0.9759547383309762,0.9759547383309762,0.7499999999999999,ff529328194fe5defa88017af91b5b05b605c7024acd1e39798f460dbda82247
ra_static_equal_seed2,ra_static_equal,2,v40c_02873,2,11,200,0.7223707370737075,0.9917491749174919,0.753960396039604,0.7636363636363636,ff529328194fe5defa88017af91b5b05b605c7024acd1e39798f460dbda82247
ra_static_equal_seed2,ra_static_equal,2,v40c_02874,6,30,600,0.7659584665653014,0.9764650172826472,0.8220497725448221,0.78,ff529328194fe5defa88017af91b5b05b605c7024acd1e39798f460dbda82247
ra_static_equal_seed2,ra_static_equal,2,v40c_02875,1,5,100,0.7547854785478545,0.9669966996699667,0.9669966996699667,0.78,ff529328194fe5defa88017af91b5b05b605c7024acd1e39798f460dbda82247
ra_static_equal_seed2,ra_static_equal,2,v40c_02876,8,34,800,0.7032685150155326,0.9484094750938509,0.8844059405940595,0.7441176470588236,ff529328194fe5defa88017af91b5b05b605c7024acd1e39798f460dbda82247
ra_static_equal_seed2,ra_static_equal,2,v40c_02877,1,4,100,0.8136138613861386,1.0,1.0,0.85,ff529328194fe5defa88017af91b5b05b605c7024acd1e39798f460dbda82247
ra_static_equal_seed2,ra_static_equal,2,v40c_02888,1,1,100,0.0,0.0,0.0,0.0,ff529328194fe5defa88017af91b5b05b605c7024acd1e39798f460dbda82247
ra_static_equal_seed2,ra_static_equal,2,v40c_02889,3,3,300,0.8326732673267326,1.0,1.0,0.8333333333333333,ff529328194fe5defa88017af91b5b05b605c7024acd1e39798f460dbda82247
ra_static_equal_seed2,ra_static_equal,2,v40c_02890,4,8,400,0.5881188118811881,0.8712871287128713,0.504950495049505,0.5875,ff529328194fe5defa88017af91b5b05b605c7024acd1e39798f460dbda82247
ra_static_equal_seed2,ra_static_equal,2,v40c_02891,1,2,100,0.7302687411598303,1.0,0.6463932107496466,0.8,ff529328194fe5defa88017af91b5b05b605c7024acd1e39798f460dbda82247
ra_static_equal_seed2,ra_static_equal,2,v40c_02892,1,2,100,0.9,1.0,1.0,0.9,ff529328194fe5defa88017af91b5b05b605c7024acd1e39798f460dbda82247
ra_static_equal_seed2,ra_static_equal,2,v40c_02893,3,6,300,0.8530693069306932,1.0,1.0,0.8666666666666666,ff529328194fe5defa88017af91b5b05b605c7024acd1e39798f460dbda82247
ra_static_equal_seed2,ra_static_equal,2,v40c_02941,12,72,1200,0.8559221067888089,0.9973390196162473,0.9973390196162473,0.8763888888888889,ff529328194fe5defa88017af91b5b05b605c7024acd1e39798f460dbda82247
ra_static_equal_seed2,ra_static_equal,2,v40c_02987,1,1,100,0.8999999999999998,0.9999999999999999,0.9999999999999999,0.9,ff529328194fe5defa88017af91b5b05b605c7024acd1e39798f460dbda82247
ra_static_equal_seed2,ra_static_equal,2,v40c_02988,1,1,100,0.8999999999999998,0.9999999999999999,0.9999999999999999,0.9,ff529328194fe5defa88017af91b5b05b605c7024acd1e39798f460dbda82247
ra_static_equal_seed2,ra_static_equal,2,v40c_02989,1,1,100,0.8999999999999998,0.9999999999999999,0.9999999999999999,0.9,ff529328194fe5defa88017af91b5b05b605c7024acd1e39798f460dbda82247
ra_static_equal_seed2,ra_static_equal,2,v40c_02990,1,1,100,0.8999999999999998,0.9999999999999999,0.9999999999999999,0.9,ff529328194fe5defa88017af91b5b05b605c7024acd1e39798f460dbda82247
ra_static_equal_seed2,ra_static_equal,2,v40c_02991,1,1,100,0.8999999999999998,0.9999999999999999,0.9999999999999999,0.9,ff529328194fe5defa88017af91b5b05b605c7024acd1e39798f460dbda82247
ra_static_equal_seed2,ra_static_equal,2,v40c_02992,2,2,200,0.9,1.0,1.0,0.9,ff529328194fe5defa88017af91b5b05b605c7024acd1e39798f460dbda82247
ra_static_equal_seed2,ra_static_equal,2,v40c_02993,2,2,200,0.8,1.0,1.0,0.8,ff529328194fe5defa88017af91b5b05b605c7024acd1e39798f460dbda82247
ra_static_equal_seed2,ra_static_equal,2,v40c_02994,1,1,100,0.7999999999999999,0.9999999999999999,0.9999999999999999,0.8,ff529328194fe5defa88017af91b5b05b605c7024acd1e39798f460dbda82247
ra_static_equal_seed2,ra_static_equal,2,v40c_02995,3,3,300,0.8,1.0,1.0,0.8,ff529328194fe5defa88017af91b5b05b605c7024acd1e39798f460dbda82247
ra_static_equal_seed2,ra_static_equal,2,v40c_02996,3,3,300,0.7554455445544555,1.0,1.0,0.7666666666666666,ff529328194fe5defa88017af91b5b05b605c7024acd1e39798f460dbda82247
ra_static_equal_seed2,ra_static_equal,2,v40c_02997,4,4,400,0.8693069306930692,1.0,1.0,0.9,ff529328194fe5defa88017af91b5b05b605c7024acd1e39798f460dbda82247
ra_static_equal_seed2,ra_static_equal,2,v40c_02998,2,2,200,0.9504950495049505,1.0,1.0,0.95,ff529328194fe5defa88017af91b5b05b605c7024acd1e39798f460dbda82247
ra_static_equal_seed2,ra_static_equal,2,v40c_02999,1,1,100,0.8999999999999998,0.9999999999999999,0.9999999999999999,0.9,ff529328194fe5defa88017af91b5b05b605c7024acd1e39798f460dbda82247
ra_static_equal_seed2,ra_static_equal,2,v40c_03000,1,1,100,0.8999999999999998,0.9999999999999999,0.9999999999999999,0.9,ff529328194fe5defa88017af91b5b05b605c7024acd1e39798f460dbda82247
ra_static_equal_seed2,ra_static_equal,2,v40c_03001,3,3,300,0.8442244224422442,1.0,1.0,0.8666666666666666,ff529328194fe5defa88017af91b5b05b605c7024acd1e39798f460dbda82247
ra_static_equal_seed2,ra_static_equal,2,v40c_03002,1,1,100,0.8999999999999998,0.9999999999999999,0.9999999999999999,0.9,ff529328194fe5defa88017af91b5b05b605c7024acd1e39798f460dbda82247
ra_static_equal_seed2,ra_static_equal,2,v40c_03003,1,2,100,0.7514851485148515,1.0,1.0,0.75,ff529328194fe5defa88017af91b5b05b605c7024acd1e39798f460dbda82247
ra_static_equal_seed2,ra_static_equal,2,v40c_03004,1,2,100,0.8504950495049505,1.0,1.0,0.85,ff529328194fe5defa88017af91b5b05b605c7024acd1e39798f460dbda82247
ra_static_equal_seed2,ra_static_equal,2,v40c_03005,1,3,100,0.8336633663366337,1.0,1.0,0.8333333333333334,ff529328194fe5defa88017af91b5b05b605c7024acd1e39798f460dbda82247
ra_static_equal_seed2,ra_static_equal,2,v40c_03006,1,1,100,0.8999999999999998,0.9999999999999999,0.9999999999999999,0.9,ff529328194fe5defa88017af91b5b05b605c7024acd1e39798f460dbda82247
ra_static_equal_seed2,ra_static_equal,2,v40c_03007,1,4,100,0.6372860541868139,1.0,0.7524752475247525,0.675,ff529328194fe5defa88017af91b5b05b605c7024acd1e39798f460dbda82247
ra_static_equal_seed2,ra_static_equal,2,v40c_03008,6,22,600,0.6574788957090746,0.9471947194719473,0.7387053682686631,0.7272727272727273,ff529328194fe5defa88017af91b5b05b605c7024acd1e39798f460dbda82247
ra_static_equal_seed2,ra_static_equal,2,v40c_03009,1,5,100,0.6456936016182262,0.8679867986798677,0.6039603960396039,0.72,ff529328194fe5defa88017af91b5b05b605c7024acd1e39798f460dbda82247
ra_static_equal_seed2,ra_static_equal,2,v40c_03010,4,16,400,0.7126989804243583,0.9185339586590239,0.8227414846747833,0.78125,ff529328194fe5defa88017af91b5b05b605c7024acd1e39798f460dbda82247
ra_static_equal_seed2,ra_static_equal,2,v40c_03011,7,27,700,0.6419931044568962,0.8524309229259726,0.7965648730005167,0.7333333333333332,ff529328194fe5defa88017af91b5b05b605c7024acd1e39798f460dbda82247
ra_static_equal_seed2,ra_static_equal,2,v40c_03012,4,19,400,0.6469036246942667,0.8245083724962358,0.7610903947537612,0.7315789473684211,ff529328194fe5defa88017af91b5b05b605c7024acd1e39798f460dbda82247
ra_static_equal_seed2,ra_static_equal,2,v40c_03013,4,15,400,0.7209671555390835,0.9248010095127162,0.8078307830783078,0.7866666666666666,ff529328194fe5defa88017af91b5b05b605c7024acd1e39798f460dbda82247
ra_static_equal_seed2,ra_static_equal,2,v40c_03014,1,4,100,0.6817281728172816,0.8424842484248423,0.8424842484248423,0.8,ff529328194fe5defa88017af91b5b05b605c7024acd1e39798f460dbda82247
ra_static_equal_seed2,ra_static_equal,2,v40c_03015,1,3,100,0.8663366336633663,1.0,1.0,0.8666666666666666,ff529328194fe5defa88017af91b5b05b605c7024acd1e39798f460dbda82247
ra_static_equal_seed2,ra_static_equal,2,v40c_03016,1,3,100,0.8,1.0,1.0,0.7999999999999999,ff529328194fe5defa88017af91b5b05b605c7024acd1e39798f460dbda82247
ra_static_equal_seed2,ra_static_equal,2,v40c_03017,2,5,200,0.8349834983498349,1.0,1.0,0.8399999999999999,ff529328194fe5defa88017af91b5b05b605c7024acd1e39798f460dbda82247
ra_static_equal_seed2,ra_static_equal,2,v40c_03112,2,2,200,0.8504950495049505,1.0,1.0,0.85,ff529328194fe5defa88017af91b5b05b605c7024acd1e39798f460dbda82247
ra_static_equal_seed2,ra_static_equal,2,v40c_03113,2,2,200,0.9,1.0,1.0,0.9,ff529328194fe5defa88017af91b5b05b605c7024acd1e39798f460dbda82247
ra_static_equal_seed2,ra_static_equal,2,v40c_03114,2,2,200,0.7504950495049505,1.0,1.0,0.75,ff529328194fe5defa88017af91b5b05b605c7024acd1e39798f460dbda82247
ra_static_equal_seed2,ra_static_equal,2,v40c_03115,3,3,300,0.5023486069537186,1.0,0.33663366336633654,0.5333333333333333,ff529328194fe5defa88017af91b5b05b605c7024acd1e39798f460dbda82247
ra_static_equal_seed2,ra_static_equal,2,v40c_03116,1,1,100,0.5999999999999999,0.9999999999999999,0.9999999999999999,0.6,ff529328194fe5defa88017af91b5b05b605c7024acd1e39798f460dbda82247
ra_static_equal_seed2,ra_static_equal,2,v40c_03117,1,1,100,0.1666666666666667,0.3333333333333334,0.0,0.5,ff529328194fe5defa88017af91b5b05b605c7024acd1e39798f460dbda82247
ra_static_equal_seed2,ra_static_equal,2,v40c_03119,1,1,100,0.5166666666666666,0.9999999999999999,0.1666666666666667,0.6,ff529328194fe5defa88017af91b5b05b605c7024acd1e39798f460dbda82247
ra_static_equal_seed2,ra_static_equal,2,v40c_03120,1,1,100,0.5999999999999999,0.9999999999999999,0.9999999999999999,0.6,ff529328194fe5defa88017af91b5b05b605c7024acd1e39798f460dbda82247
ra_static_equal_seed2,ra_static_equal,2,v40c_03121,1,1,100,0.41999999999999993,0.9999999999999999,0.0,0.5,ff529328194fe5defa88017af91b5b05b605c7024acd1e39798f460dbda82247
ra_static_equal_seed2,ra_static_equal,2,v40c_03122,1,1,100,0.4999999999999999,0.9999999999999999,0.0,0.5,ff529328194fe5defa88017af91b5b05b605c7024acd1e39798f460dbda82247
ra_static_equal_seed2,ra_static_equal,2,v40c_03123,2,2,200,0.029109975513680393,0.1333333333333333,0.0,0.35,ff529328194fe5defa88017af91b5b05b605c7024acd1e39798f460dbda82247
ra_static_equal_seed2,ra_static_equal,2,v40c_03124,1,1,100,0.02666666666666666,0.09999999999999998,0.0,0.3,ff529328194fe5defa88017af91b5b05b605c7024acd1e39798f460dbda82247
ra_static_equal_seed2,ra_static_equal,2,v40c_03125,1,1,100,0.013043478260869565,0.043478260869565216,0.0,0.3,ff529328194fe5defa88017af91b5b05b605c7024acd1e39798f460dbda82247
ra_static_equal_seed2,ra_static_equal,2,v40c_03126,1,1,100,0.01764705882352941,0.0588235294117647,0.0,0.3,ff529328194fe5defa88017af91b5b05b605c7024acd1e39798f460dbda82247
ra_static_equal_seed2,ra_static_equal,2,v40c_03127,3,3,300,0.13084360476864004,0.36732673267326704,0.013538088502727823,0.5666666666666667,ff529328194fe5defa88017af91b5b05b605c7024acd1e39798f460dbda82247
ra_static_equal_seed2,ra_static_equal,2,v40c_03156,9,18,900,0.696054534024831,1.0,0.869086908690869,0.7222222222222221,ff529328194fe5defa88017af91b5b05b605c7024acd1e39798f460dbda82247
ra_static_equal_seed2,ra_static_equal,2,v40c_03157,2,6,200,0.6034126940951554,0.9158415841584161,0.6984323432343236,0.7166666666666666,ff529328194fe5defa88017af91b5b05b605c7024acd1e39798f460dbda82247
ra_static_equal_seed2,ra_static_equal,2,v40c_03158,84,120,8400,0.6037808460410254,0.9433702204447839,0.7192565373294522,0.66,ff529328194fe5defa88017af91b5b05b605c7024acd1e39798f460dbda82247
ra_static_equal_seed2,ra_static_equal,2,v40c_03160,6,20,600,0.6343234323432343,1.0,0.771039603960396,0.67,ff529328194fe5defa88017af91b5b05b605c7024acd1e39798f460dbda82247
ra_static_equal_seed2,ra_static_equal,2,v40c_03166,2,4,200,0.8252475247524753,1.0,1.0,0.85,ff529328194fe5defa88017af91b5b05b605c7024acd1e39798f460dbda82247
ra_static_equal_seed2,ra_static_equal,2,v40c_03167,1,2,100,0.8,1.0,1.0,0.8,ff529328194fe5defa88017af91b5b05b605c7024acd1e39798f460dbda82247
ra_static_equal_seed2,ra_static_equal,2,v40c_03168,1,2,100,0.7,1.0,1.0,0.7,ff529328194fe5defa88017af91b5b05b605c7024acd1e39798f460dbda82247
ra_static_equal_seed2,ra_static_equal,2,v40c_03169,1,2,100,0.4297528912555121,0.5756718528995759,0.5049504950495048,0.6,ff529328194fe5defa88017af91b5b05b605c7024acd1e39798f460dbda82247
ra_static_equal_seed2,ra_static_equal,2,v40c_03170,2,2,200,0.7252475247524752,1.0,1.0,0.75,ff529328194fe5defa88017af91b5b05b605c7024acd1e39798f460dbda82247
ra_static_equal_seed2,ra_static_equal,2,v40c_03171,2,2,200,0.8,1.0,1.0,0.8,ff529328194fe5defa88017af91b5b05b605c7024acd1e39798f460dbda82247
ra_static_equal_seed2,ra_static_equal,2,v40c_03172,1,1,100,0.7999999999999999,0.9999999999999999,0.9999999999999999,0.8,ff529328194fe5defa88017af91b5b05b605c7024acd1e39798f460dbda82247
ra_static_equal_seed2,ra_static_equal,2,v40c_03173,1,1,100,0.7,0.9999999999999999,0.9999999999999999,0.7,ff529328194fe5defa88017af91b5b05b605c7024acd1e39798f460dbda82247
ra_static_equal_seed2,ra_static_equal,2,v40c_03174,2,2,200,0.6252475247524752,1.0,1.0,0.65,ff529328194fe5defa88017af91b5b05b605c7024acd1e39798f460dbda82247
ra_static_equal_seed2,ra_static_equal,2,v40c_03175,1,1,100,0.7,0.9999999999999999,0.9999999999999999,0.7,ff529328194fe5defa88017af91b5b05b605c7024acd1e39798f460dbda82247
ra_static_equal_seed2,ra_static_equal,2,v40c_03176,2,2,200,0.7252475247524752,1.0,1.0,0.75,ff529328194fe5defa88017af91b5b05b605c7024acd1e39798f460dbda82247
ra_static_equal_seed2,ra_static_equal,2,v40c_03177,2,2,200,0.7252475247524752,1.0,1.0,0.75,ff529328194fe5defa88017af91b5b05b605c7024acd1e39798f460dbda82247
ra_static_equal_seed2,ra_static_equal,2,v40c_03178,1,1,100,0.8999999999999998,0.9999999999999999,0.9999999999999999,0.9,ff529328194fe5defa88017af91b5b05b605c7024acd1e39798f460dbda82247
ra_static_equal_seed2,ra_static_equal,2,v40c_03179,3,3,300,0.7442244224422442,1.0,1.0,0.7666666666666666,ff529328194fe5defa88017af91b5b05b605c7024acd1e39798f460dbda82247
ra_static_equal_seed2,ra_static_equal,2,v40c_03180,1,1,100,0.7999999999999999,0.9999999999999999,0.9999999999999999,0.8,ff529328194fe5defa88017af91b5b05b605c7024acd1e39798f460dbda82247
ra_static_equal_seed2,ra_static_equal,2,v40c_03181,1,1,100,0.7,0.9999999999999999,0.9999999999999999,0.7,ff529328194fe5defa88017af91b5b05b605c7024acd1e39798f460dbda82247
ra_static_equal_seed2,ra_static_equal,2,v40c_03182,1,1,100,0.5999999999999999,0.9999999999999999,0.9999999999999999,0.6,ff529328194fe5defa88017af91b5b05b605c7024acd1e39798f460dbda82247
ra_static_equal_seed2,ra_static_equal,2,v40c_03183,1,1,100,0.7999999999999999,0.9999999999999999,0.9999999999999999,0.8,ff529328194fe5defa88017af91b5b05b605c7024acd1e39798f460dbda82247
ra_static_equal_seed2,ra_static_equal,2,v40c_03184,2,2,200,0.6514851485148514,1.0,0.5049504950495048,0.65,ff529328194fe5defa88017af91b5b05b605c7024acd1e39798f460dbda82247
ra_static_equal_seed2,ra_static_equal,2,v40c_03185,1,1,100,0.5,0.9999999999999999,0.3333333333333334,0.7,ff529328194fe5defa88017af91b5b05b605c7024acd1e39798f460dbda82247
ra_static_equal_seed2,ra_static_equal,2,v40c_03186,1,1,100,0.4999999999999999,0.9999999999999999,0.0,0.5,ff529328194fe5defa88017af91b5b05b605c7024acd1e39798f460dbda82247
ra_static_equal_seed2,ra_static_equal,2,v40c_03187,1,2,100,0.9,1.0,1.0,0.9,ff529328194fe5defa88017af91b5b05b605c7024acd1e39798f460dbda82247
ra_static_equal_seed2,ra_static_equal,2,v40c_03188,1,2,100,0.8252475247524753,1.0,1.0,0.85,ff529328194fe5defa88017af91b5b05b605c7024acd1e39798f460dbda82247
ra_static_equal_seed2,ra_static_equal,2,v40c_03189,1,1,100,0.4,0.5,0.5,0.8,ff529328194fe5defa88017af91b5b05b605c7024acd1e39798f460dbda82247
ra_static_equal_seed2,ra_static_equal,2,v40c_03190,1,1,100,0.7999999999999999,0.9999999999999999,0.9999999999999999,0.8,ff529328194fe5defa88017af91b5b05b605c7024acd1e39798f460dbda82247
ra_static_equal_seed2,ra_static_equal,2,v40c_03191,1,1,100,0.7999999999999999,0.9999999999999999,0.9999999999999999,0.8,ff529328194fe5defa88017af91b5b05b605c7024acd1e39798f460dbda82247
ra_static_equal_seed2,ra_static_equal,2,v40c_03192,1,1,100,0.8999999999999998,0.9999999999999999,0.9999999999999999,0.9,ff529328194fe5defa88017af91b5b05b605c7024acd1e39798f460dbda82247
ra_static_equal_seed2,ra_static_equal,2,v40c_03193,1,1,100,0.8999999999999998,0.9999999999999999,0.9999999999999999,0.9,ff529328194fe5defa88017af91b5b05b605c7024acd1e39798f460dbda82247
ra_static_equal_seed2,ra_static_equal,2,v40c_03194,1,1,100,0.8999999999999998,0.9999999999999999,0.9999999999999999,0.9,ff529328194fe5defa88017af91b5b05b605c7024acd1e39798f460dbda82247
ra_static_equal_seed2,ra_static_equal,2,v40c_03195,1,1,100,0.8999999999999998,0.9999999999999999,0.9999999999999999,0.9,ff529328194fe5defa88017af91b5b05b605c7024acd1e39798f460dbda82247
ra_static_equal_seed2,ra_static_equal,2,v40c_03196,1,1,100,0.8999999999999998,0.9999999999999999,0.9999999999999999,0.9,ff529328194fe5defa88017af91b5b05b605c7024acd1e39798f460dbda82247
ra_static_equal_seed2,ra_static_equal,2,v40c_03197,1,1,100,0.8999999999999998,0.9999999999999999,0.9999999999999999,0.9,ff529328194fe5defa88017af91b5b05b605c7024acd1e39798f460dbda82247
ra_static_equal_seed2,ra_static_equal,2,v40c_03198,1,1,100,0.8999999999999998,0.9999999999999999,0.9999999999999999,0.9,ff529328194fe5defa88017af91b5b05b605c7024acd1e39798f460dbda82247
ra_static_equal_seed2,ra_static_equal,2,v40c_03199,3,3,300,0.8666666666666668,1.0,1.0,0.9,ff529328194fe5defa88017af91b5b05b605c7024acd1e39798f460dbda82247
ra_static_equal_seed2,ra_static_equal,2,v40c_03200,2,2,200,0.8504950495049505,1.0,1.0,0.85,ff529328194fe5defa88017af91b5b05b605c7024acd1e39798f460dbda82247
ra_static_equal_seed2,ra_static_equal,2,v40c_03201,1,1,100,0.8999999999999998,0.9999999999999999,0.9999999999999999,0.9,ff529328194fe5defa88017af91b5b05b605c7024acd1e39798f460dbda82247
ra_static_equal_seed2,ra_static_equal,2,v40c_03202,2,2,200,0.9252475247524753,1.0,1.0,0.95,ff529328194fe5defa88017af91b5b05b605c7024acd1e39798f460dbda82247
ra_static_equal_seed2,ra_static_equal,2,v40c_03234,8,8,800,0.7267586044318717,1.0,0.8549151343705799,0.8,ff529328194fe5defa88017af91b5b05b605c7024acd1e39798f460dbda82247
ra_static_equal_seed2,ra_static_equal,2,v40c_03235,1,1,100,0.8999999999999998,0.9999999999999999,0.9999999999999999,0.9,ff529328194fe5defa88017af91b5b05b605c7024acd1e39798f460dbda82247
ra_static_equal_seed2,ra_static_equal,2,v40c_03236,2,2,200,0.7514851485148515,1.0,1.0,0.75,ff529328194fe5defa88017af91b5b05b605c7024acd1e39798f460dbda82247
ra_static_equal_seed2,ra_static_equal,2,v40c_03237,2,2,200,0.7,1.0,1.0,0.7,ff529328194fe5defa88017af91b5b05b605c7024acd1e39798f460dbda82247
ra_static_equal_seed2,ra_static_equal,2,v40c_03238,2,2,200,0.6504950495049504,1.0,1.0,0.65,ff529328194fe5defa88017af91b5b05b605c7024acd1e39798f460dbda82247
ra_static_equal_seed2,ra_static_equal,2,v40c_03239,3,3,300,0.6564356435643564,1.0,0.5544554455445545,0.6666666666666666,ff529328194fe5defa88017af91b5b05b605c7024acd1e39798f460dbda82247
ra_static_equal_seed2,ra_static_equal,2,v40c_03240,3,3,300,0.761056105610561,1.0,1.0,0.7999999999999999,ff529328194fe5defa88017af91b5b05b605c7024acd1e39798f460dbda82247
ra_static_equal_seed2,ra_static_equal,2,v40c_03241,1,1,100,0.8999999999999998,0.9999999999999999,0.9999999999999999,0.9,ff529328194fe5defa88017af91b5b05b605c7024acd1e39798f460dbda82247
ra_static_equal_seed2,ra_static_equal,2,v40c_03242,1,1,100,0.8999999999999998,0.9999999999999999,0.9999999999999999,0.9,ff529328194fe5defa88017af91b5b05b605c7024acd1e39798f460dbda82247
ra_static_equal_seed2,ra_static_equal,2,v40c_03243,1,1,100,0.8999999999999998,0.9999999999999999,0.9999999999999999,0.9,ff529328194fe5defa88017af91b5b05b605c7024acd1e39798f460dbda82247
ra_static_equal_seed2,ra_static_equal,2,v40c_03244,1,1,100,0.7,0.9999999999999999,0.9999999999999999,0.7,ff529328194fe5defa88017af91b5b05b605c7024acd1e39798f460dbda82247
ra_static_equal_seed2,ra_static_equal,2,v40c_03245,1,1,100,0.6,0.9999999999999999,0.5,0.8,ff529328194fe5defa88017af91b5b05b605c7024acd1e39798f460dbda82247
ra_static_equal_seed2,ra_static_equal,2,v40c_03246,2,2,200,0.9,1.0,1.0,0.9,ff529328194fe5defa88017af91b5b05b605c7024acd1e39798f460dbda82247
ra_static_equal_seed2,ra_static_equal,2,v40c_03247,1,1,100,0.7999999999999999,0.9999999999999999,0.9999999999999999,0.8,ff529328194fe5defa88017af91b5b05b605c7024acd1e39798f460dbda82247
ra_static_equal_seed2,ra_static_equal,2,v40c_03262,1,5,100,0.8603960396039604,1.0,1.0,0.86,ff529328194fe5defa88017af91b5b05b605c7024acd1e39798f460dbda82247
ra_static_equal_seed2,ra_static_equal,2,v40c_03263,1,5,100,0.9554455445544555,1.0,1.0,0.96,ff529328194fe5defa88017af91b5b05b605c7024acd1e39798f460dbda82247
ra_static_equal_seed2,ra_static_equal,2,v40c_03264,1,5,100,0.8603960396039604,1.0,1.0,0.86,ff529328194fe5defa88017af91b5b05b605c7024acd1e39798f460dbda82247
ra_static_equal_seed2,ra_static_equal,2,v40c_03265,2,10,200,0.8353465346534653,1.0,1.0,0.85,ff529328194fe5defa88017af91b5b05b605c7024acd1e39798f460dbda82247
ra_static_equal_seed2,ra_static_equal,2,v40c_03266,1,5,100,0.8316831683168315,1.0,1.0,0.8399999999999999,ff529328194fe5defa88017af91b5b05b605c7024acd1e39798f460dbda82247
ra_static_equal_seed2,ra_static_equal,2,v40c_03267,4,20,400,0.8795379537953794,1.0,1.0,0.9,ff529328194fe5defa88017af91b5b05b605c7024acd1e39798f460dbda82247
ra_static_equal_seed2,ra_static_equal,2,v40c_03268,2,10,200,0.8650990099009901,1.0,1.0,0.8799999999999999,ff529328194fe5defa88017af91b5b05b605c7024acd1e39798f460dbda82247
ra_static_equal_seed2,ra_static_equal,2,v40c_03269,3,15,300,0.8422892289228923,1.0,1.0,0.8533333333333333,ff529328194fe5defa88017af91b5b05b605c7024acd1e39798f460dbda82247
ra_static_equal_seed2,ra_static_equal,2,v40c_03270,1,5,100,0.8509900990099009,1.0,1.0,0.86,ff529328194fe5defa88017af91b5b05b605c7024acd1e39798f460dbda82247
ra_static_equal_seed2,ra_static_equal,2,v40c_03271,2,10,200,0.8394153701084395,1.0,1.0,0.85,ff529328194fe5defa88017af91b5b05b605c7024acd1e39798f460dbda82247
ra_static_equal_seed2,ra_static_equal,2,v40c_03272,1,5,100,0.8108910891089108,1.0,1.0,0.82,ff529328194fe5defa88017af91b5b05b605c7024acd1e39798f460dbda82247
ra_static_equal_seed2,ra_static_equal,2,v40c_03273,2,10,200,0.7849009900990099,1.0,1.0,0.79,ff529328194fe5defa88017af91b5b05b605c7024acd1e39798f460dbda82247
ra_static_equal_seed2,ra_static_equal,2,v40c_03274,2,10,200,0.7811881188118812,1.0,1.0,0.7899999999999999,ff529328194fe5defa88017af91b5b05b605c7024acd1e39798f460dbda82247
ra_static_equal_seed2,ra_static_equal,2,v40c_03275,1,5,100,0.8,1.0,1.0,0.82,ff529328194fe5defa88017af91b5b05b605c7024acd1e39798f460dbda82247
ra_static_equal_seed2,ra_static_equal,2,v40c_03276,1,5,100,0.7970297029702971,1.0,1.0,0.8,ff529328194fe5defa88017af91b5b05b605c7024acd1e39798f460dbda82247
ra_static_equal_seed2,ra_static_equal,2,v40c_03277,1,5,100,0.748019801980198,1.0,1.0,0.78,ff529328194fe5defa88017af91b5b05b605c7024acd1e39798f460dbda82247
ra_static_equal_seed2,ra_static_equal,2,v40c_03278,1,5,100,0.7866336633663366,1.0,1.0,0.8,ff529328194fe5defa88017af91b5b05b605c7024acd1e39798f460dbda82247
ra_static_equal_seed2,ra_static_equal,2,v40c_03279,1,5,100,0.6834983498349836,1.0,0.7623762376237624,0.7000000000000001,ff529328194fe5defa88017af91b5b05b605c7024acd1e39798f460dbda82247
ra_static_equal_seed2,ra_static_equal,2,v40c_03280,1,5,100,0.7457920792079208,1.0,0.801980198019802,0.76,ff529328194fe5defa88017af91b5b05b605c7024acd1e39798f460dbda82247
ra_static_equal_seed2,ra_static_equal,2,v40c_03281,1,5,100,0.805026656511805,1.0,0.8781416603198783,0.8400000000000001,ff529328194fe5defa88017af91b5b05b605c7024acd1e39798f460dbda82247
ra_static_equal_seed2,ra_static_equal,2,v40c_03282,1,5,100,0.7326732673267327,0.9669966996699667,0.9669966996699667,0.76,ff529328194fe5defa88017af91b5b05b605c7024acd1e39798f460dbda82247
ra_static_equal_seed2,ra_static_equal,2,v40c_03283,1,6,100,0.6831683168316832,0.9158415841584159,0.9158415841584159,0.7333333333333333,ff529328194fe5defa88017af91b5b05b605c7024acd1e39798f460dbda82247
ra_static_equal_seed2,ra_static_equal,2,v40c_03284,3,13,300,0.7693646864686469,1.0,0.8226072607260724,0.7846153846153847,ff529328194fe5defa88017af91b5b05b605c7024acd1e39798f460dbda82247
ra_static_equal_seed2,ra_static_equal,2,v40c_03285,1,4,100,0.7633663366336634,1.0,1.0,0.775,ff529328194fe5defa88017af91b5b05b605c7024acd1e39798f460dbda82247
ra_static_equal_seed2,ra_static_equal,2,v40c_03286,1,4,100,0.6267326732673266,1.0,0.7524752475247525,0.625,ff529328194fe5defa88017af91b5b05b605c7024acd1e39798f460dbda82247
ra_static_equal_seed2,ra_static_equal,2,v40c_03287,1,4,100,0.5860865033871808,0.9504950495049505,0.504950495049505,0.625,ff529328194fe5defa88017af91b5b05b605c7024acd1e39798f460dbda82247
ra_static_equal_seed2,ra_static_equal,2,v40c_03288,1,3,100,0.7148514851485148,1.0,0.6633663366336634,0.7333333333333333,ff529328194fe5defa88017af91b5b05b605c7024acd1e39798f460dbda82247
ra_static_equal_seed2,ra_static_equal,2,v40c_03289,1,4,100,0.4663366336633664,0.7524752475247525,0.504950495049505,0.475,ff529328194fe5defa88017af91b5b05b605c7024acd1e39798f460dbda82247
ra_static_equal_seed2,ra_static_equal,2,v40c_03290,1,4,100,0.5581813444502346,0.8762376237623762,0.504950495049505,0.6,ff529328194fe5defa88017af91b5b05b605c7024acd1e39798f460dbda82247
ra_static_equal_seed2,ra_static_equal,2,v40c_03291,1,4,100,0.6332233223322332,1.0,0.7524752475247525,0.65,ff529328194fe5defa88017af91b5b05b605c7024acd1e39798f460dbda82247
ra_static_equal_seed2,ra_static_equal,2,v40c_03292,1,4,100,0.7257425742574257,1.0,1.0,0.725,ff529328194fe5defa88017af91b5b05b605c7024acd1e39798f460dbda82247
ra_static_equal_seed2,ra_static_equal,2,v40c_03293,1,4,100,0.8257425742574258,1.0,1.0,0.825,ff529328194fe5defa88017af91b5b05b605c7024acd1e39798f460dbda82247
ra_static_equal_seed2,ra_static_equal,2,v40c_03294,1,4,100,0.8257425742574258,1.0,1.0,0.825,ff529328194fe5defa88017af91b5b05b605c7024acd1e39798f460dbda82247
ra_static_equal_seed2,ra_static_equal,2,v40c_03295,1,4,100,0.800990099009901,1.0,1.0,0.825,ff529328194fe5defa88017af91b5b05b605c7024acd1e39798f460dbda82247
ra_static_equal_seed2,ra_static_equal,2,v40c_03296,1,4,100,0.7943069306930692,1.0,1.0,0.825,ff529328194fe5defa88017af91b5b05b605c7024acd1e39798f460dbda82247
ra_static_equal_seed2,ra_static_equal,2,v40c_03297,1,3,100,0.7653465346534654,1.0,0.6633663366336634,0.7666666666666667,ff529328194fe5defa88017af91b5b05b605c7024acd1e39798f460dbda82247
ra_static_equal_seed2,ra_static_equal,2,v40c_03298,1,2,100,0.7514851485148515,1.0,1.0,0.75,ff529328194fe5defa88017af91b5b05b605c7024acd1e39798f460dbda82247
ra_static_equal_seed2,ra_static_equal,2,v40c_03299,1,2,100,0.8009900990099009,1.0,1.0,0.8,ff529328194fe5defa88017af91b5b05b605c7024acd1e39798f460dbda82247
ra_static_equal_seed2,ra_static_equal,2,v40c_03300,1,4,100,0.38886138613861376,0.6534653465346535,0.2574257425742574,0.425,ff529328194fe5defa88017af91b5b05b605c7024acd1e39798f460dbda82247
ra_static_equal_seed2,ra_static_equal,2,v40c_03301,1,4,100,0.5711456859971711,0.8939179632248937,0.504950495049505,0.6,ff529328194fe5defa88017af91b5b05b605c7024acd1e39798f460dbda82247
ra_static_equal_seed2,ra_static_equal,2,v40c_03302,5,20,500,0.7130557173364396,1.0,0.900990099009901,0.7300000000000001,ff529328194fe5defa88017af91b5b05b605c7024acd1e39798f460dbda82247
ra_static_equal_seed2,ra_static_equal,2,v40c_03303,1,4,100,0.7762376237623763,1.0,1.0,0.775,ff529328194fe5defa88017af91b5b05b605c7024acd1e39798f460dbda82247
ra_static_equal_seed2,ra_static_equal,2,v40c_03304,5,19,500,0.5819444930612516,0.8402095371449907,0.6181851334261185,0.6736842105263158,ff529328194fe5defa88017af91b5b05b605c7024acd1e39798f460dbda82247
ra_static_equal_seed2,ra_static_equal,2,v40c_03305,1,3,100,0.7336633663366336,1.0,1.0,0.7333333333333333,ff529328194fe5defa88017af91b5b05b605c7024acd1e39798f460dbda82247
ra_static_equal_seed2,ra_static_equal,2,v40c_03339,2,2,200,0.8,1.0,1.0,0.8,ff529328194fe5defa88017af91b5b05b605c7024acd1e39798f460dbda82247
ra_static_equal_seed2,ra_static_equal,2,v40c_03340,1,1,100,0.7999999999999999,0.9999999999999999,0.9999999999999999,0.8,ff529328194fe5defa88017af91b5b05b605c7024acd1e39798f460dbda82247
ra_static_equal_seed2,ra_static_equal,2,v40c_03341,2,2,200,0.5504950495049504,1.0,0.5049504950495048,0.55,ff529328194fe5defa88017af91b5b05b605c7024acd1e39798f460dbda82247
ra_static_equal_seed2,ra_static_equal,2,v40c_03342,2,3,200,0.17431243124312434,0.4702970297029704,0.0374037403740374,0.4666666666666666,ff529328194fe5defa88017af91b5b05b605c7024acd1e39798f460dbda82247
ra_static_equal_seed2,ra_static_equal,2,v40c_03343,1,2,100,0.22430693069306923,0.5544554455445543,0.0,0.45,ff529328194fe5defa88017af91b5b05b605c7024acd1e39798f460dbda82247
ra_static_equal_seed2,ra_static_equal,2,v40c_03344,2,4,200,0.11214095310629964,0.3551980198019802,0.0,0.275,ff529328194fe5defa88017af91b5b05b605c7024acd1e39798f460dbda82247
ra_static_equal_seed2,ra_static_equal,2,v40c_03345,1,1,100,0.13999999999999999,0.5,0.0,0.4,ff529328194fe5defa88017af91b5b05b605c7024acd1e39798f460dbda82247
ra_static_equal_seed2,ra_static_equal,2,v40c_03346,3,4,300,0.006441868676663583,0.019201920192019193,0.00525358658314811,0.3,ff529328194fe5defa88017af91b5b05b605c7024acd1e39798f460dbda82247
ra_static_equal_seed2,ra_static_equal,2,v40c_03347,4,4,400,0.0,0.0,0.0,0.0,ff529328194fe5defa88017af91b5b05b605c7024acd1e39798f460dbda82247
ra_static_equal_seed2,ra_static_equal,2,v40c_03348,1,1,100,0.0,0.0,0.0,0.0,ff529328194fe5defa88017af91b5b05b605c7024acd1e39798f460dbda82247
ra_static_equal_seed2,ra_static_equal,2,v40c_03349,2,2,200,0.0,0.0,0.0,0.0,ff529328194fe5defa88017af91b5b05b605c7024acd1e39798f460dbda82247
ra_static_equal_seed2,ra_static_equal,2,v40c_03350,1,1,100,0.0,0.0,0.0,0.0,ff529328194fe5defa88017af91b5b05b605c7024acd1e39798f460dbda82247
ra_static_equal_seed2,ra_static_equal,2,v40c_03351,1,1,100,0.0,0.0,0.0,0.0,ff529328194fe5defa88017af91b5b05b605c7024acd1e39798f460dbda82247
ra_static_equal_seed2,ra_static_equal,2,v40c_03353,3,3,300,0.3693004025677292,0.39107822870199105,0.39107822870199105,0.7333333333333332,ff529328194fe5defa88017af91b5b05b605c7024acd1e39798f460dbda82247
ra_static_equal_seed2,ra_static_equal,2,v40c_03354,1,1,100,0.4999999999999999,0.9999999999999999,0.0,0.5,ff529328194fe5defa88017af91b5b05b605c7024acd1e39798f460dbda82247
ra_static_equal_seed2,ra_static_equal,2,v40c_03355,1,2,100,0.4341144114411441,1.0,0.03366336633663366,0.55,ff529328194fe5defa88017af91b5b05b605c7024acd1e39798f460dbda82247
ra_static_equal_seed2,ra_static_equal,2,v40c_03356,2,4,200,0.12169574100267169,0.5126512651265126,0.0,0.35,ff529328194fe5defa88017af91b5b05b605c7024acd1e39798f460dbda82247
ra_static_equal_seed2,ra_static_equal,2,v40c_03357,3,6,300,0.04612041285335518,0.3358856242767134,0.0015163678530015162,0.4333333333333334,ff529328194fe5defa88017af91b5b05b605c7024acd1e39798f460dbda82247
ra_static_equal_seed2,ra_static_equal,2,v40c_03358,1,2,100,0.11983612154318882,0.37623762376237624,0.01741208603618983,0.5,ff529328194fe5defa88017af91b5b05b605c7024acd1e39798f460dbda82247
ra_static_equal_seed2,ra_static_equal,2,v40c_03359,2,4,200,0.3286028602860286,1.0,0.2524752475247525,0.55,ff529328194fe5defa88017af91b5b05b605c7024acd1e39798f460dbda82247
ra_static_equal_seed2,ra_static_equal,2,v40c_03360,1,2,100,0.400990099009901,1.0,0.2524752475247525,0.5,ff529328194fe5defa88017af91b5b05b605c7024acd1e39798f460dbda82247
ra_static_equal_seed2,ra_static_equal,2,v40c_03361,2,4,200,0.5848184818481849,1.0,0.6287128712871287,0.675,ff529328194fe5defa88017af91b5b05b605c7024acd1e39798f460dbda82247
ra_static_equal_seed2,ra_static_equal,2,v40c_03362,1,2,100,0.7,1.0,1.0,0.7,ff529328194fe5defa88017af91b5b05b605c7024acd1e39798f460dbda82247
ra_static_equal_seed2,ra_static_equal,2,v40c_03363,1,2,100,0.601980198019802,0.834983498349835,0.834983498349835,0.7,ff529328194fe5defa88017af91b5b05b605c7024acd1e39798f460dbda82247
ra_static_equal_seed2,ra_static_equal,2,v40c_03364,3,3,300,0.7108910891089109,1.0,1.0,0.7333333333333333,ff529328194fe5defa88017af91b5b05b605c7024acd1e39798f460dbda82247
ra_static_equal_seed2,ra_static_equal,2,v40c_03365,3,3,300,0.7,1.0,1.0,0.7,ff529328194fe5defa88017af91b5b05b605c7024acd1e39798f460dbda82247
ra_static_equal_seed2,ra_static_equal,2,v40c_03366,1,1,100,0.7999999999999999,0.9999999999999999,0.9999999999999999,0.8,ff529328194fe5defa88017af91b5b05b605c7024acd1e39798f460dbda82247
ra_static_equal_seed2,ra_static_equal,2,v40c_03367,1,1,100,0.7999999999999999,0.9999999999999999,0.9999999999999999,0.8,ff529328194fe5defa88017af91b5b05b605c7024acd1e39798f460dbda82247
ra_static_equal_seed2,ra_static_equal,2,v40c_03368,1,1,100,0.7999999999999999,0.9999999999999999,0.9999999999999999,0.8,ff529328194fe5defa88017af91b5b05b605c7024acd1e39798f460dbda82247
ra_static_equal_seed2,ra_static_equal,2,v40c_03369,3,3,300,0.7224422442244224,1.0,1.0,0.7666666666666666,ff529328194fe5defa88017af91b5b05b605c7024acd1e39798f460dbda82247
ra_static_equal_seed2,ra_static_equal,2,v40c_03370,1,1,100,0.29999999999999993,0.9999999999999999,0.0,0.3,ff529328194fe5defa88017af91b5b05b605c7024acd1e39798f460dbda82247
ra_static_equal_seed2,ra_static_equal,2,v40c_03371,1,2,100,0.0007536574552977685,0.007536574552977685,0.0,0.05,ff529328194fe5defa88017af91b5b05b605c7024acd1e39798f460dbda82247
ra_static_equal_seed2,ra_static_equal,2,v40c_03444,2,8,200,0.7784653465346535,1.0,1.0,0.7875,ff529328194fe5defa88017af91b5b05b605c7024acd1e39798f460dbda82247
ra_static_equal_seed2,ra_static_equal,2,v40c_03504,1,4,100,0.6722465745026517,0.8045857217300681,0.7815958066394877,0.8,ff529328194fe5defa88017af91b5b05b605c7024acd1e39798f460dbda82247
ra_static_equal_seed2,ra_static_equal,2,v40c_03505,1,3,100,0.4352475247524753,0.621782178217822,0.5544554455445545,0.5666666666666667,ff529328194fe5defa88017af91b5b05b605c7024acd1e39798f460dbda82247
ra_static_equal_seed2,ra_static_equal,2,v40c_03506,1,3,100,0.7663366336633664,1.0,1.0,0.7666666666666666,ff529328194fe5defa88017af91b5b05b605c7024acd1e39798f460dbda82247
ra_static_equal_seed2,ra_static_equal,2,v40c_03507,1,3,100,0.7108910891089109,1.0,1.0,0.7333333333333333,ff529328194fe5defa88017af91b5b05b605c7024acd1e39798f460dbda82247
ra_static_equal_seed2,ra_static_equal,2,v40c_03508,1,3,100,0.45948514851485156,0.5948514851485147,0.5544554455445545,0.5666666666666667,ff529328194fe5defa88017af91b5b05b605c7024acd1e39798f460dbda82247
ra_static_equal_seed2,ra_static_equal,2,v40c_03509,1,2,100,0.634983498349835,0.834983498349835,0.834983498349835,0.75,ff529328194fe5defa88017af91b5b05b605c7024acd1e39798f460dbda82247
ra_static_equal_seed2,ra_static_equal,2,v40c_03510,1,3,100,0.8,1.0,1.0,0.7999999999999999,ff529328194fe5defa88017af91b5b05b605c7024acd1e39798f460dbda82247
ra_static_equal_seed2,ra_static_equal,2,v40c_03511,1,3,100,0.7831683168316832,1.0,1.0,0.7999999999999999,ff529328194fe5defa88017af91b5b05b605c7024acd1e39798f460dbda82247
ra_static_equal_seed2,ra_static_equal,2,v40c_03512,1,3,100,0.8336633663366337,1.0,1.0,0.8333333333333334,ff529328194fe5defa88017af91b5b05b605c7024acd1e39798f460dbda82247
ra_static_equal_seed2,ra_static_equal,2,v40c_03513,1,3,100,0.8,1.0,1.0,0.7999999999999999,ff529328194fe5defa88017af91b5b05b605c7024acd1e39798f460dbda82247
ra_static_equal_seed2,ra_static_equal,2,v40c_03514,1,2,100,0.634983498349835,0.834983498349835,0.834983498349835,0.75,ff529328194fe5defa88017af91b5b05b605c7024acd1e39798f460dbda82247
ra_static_equal_seed2,ra_static_equal,2,v40c_03515,2,4,200,0.6498349834983499,0.8349834983498351,0.8349834983498351,0.775,ff529328194fe5defa88017af91b5b05b605c7024acd1e39798f460dbda82247
ra_static_equal_seed2,ra_static_equal,2,v40c_03516,1,2,100,0.7184818481848184,0.834983498349835,0.834983498349835,0.85,ff529328194fe5defa88017af91b5b05b605c7024acd1e39798f460dbda82247
ra_static_equal_seed2,ra_static_equal,2,v40c_03517,7,15,700,0.6855137677946899,0.8727772030934436,0.8096965666715925,0.78,ff529328194fe5defa88017af91b5b05b605c7024acd1e39798f460dbda82247
ra_static_equal_seed2,ra_static_equal,2,v40c_03518,1,2,100,0.9,1.0,1.0,0.9,ff529328194fe5defa88017af91b5b05b605c7024acd1e39798f460dbda82247
ra_static_equal_seed2,ra_static_equal,2,v40c_03519,1,2,100,0.6287128712871286,0.7524752475247525,0.5049504950495048,0.75,ff529328194fe5defa88017af91b5b05b605c7024acd1e39798f460dbda82247
ra_static_equal_seed2,ra_static_equal,2,v40c_03520,1,2,100,0.8009900990099009,1.0,1.0,0.8,ff529328194fe5defa88017af91b5b05b605c7024acd1e39798f460dbda82247
ra_static_equal_seed2,ra_static_equal,2,v40c_03521,1,1,100,0.7999999999999999,0.9999999999999999,0.9999999999999999,0.8,ff529328194fe5defa88017af91b5b05b605c7024acd1e39798f460dbda82247
ra_static_equal_seed2,ra_static_equal,2,v40c_03522,1,1,100,0.8999999999999998,0.9999999999999999,0.9999999999999999,0.9,ff529328194fe5defa88017af91b5b05b605c7024acd1e39798f460dbda82247
ra_static_equal_seed2,ra_static_equal,2,v40c_03523,1,1,100,0.8999999999999998,0.9999999999999999,0.9999999999999999,0.9,ff529328194fe5defa88017af91b5b05b605c7024acd1e39798f460dbda82247
ra_static_equal_seed2,ra_static_equal,2,v40c_03524,1,1,100,0.8999999999999998,0.9999999999999999,0.9999999999999999,0.9,ff529328194fe5defa88017af91b5b05b605c7024acd1e39798f460dbda82247
ra_static_equal_seed2,ra_static_equal,2,v40c_03525,1,1,100,0.7,0.9999999999999999,0.9999999999999999,0.7,ff529328194fe5defa88017af91b5b05b605c7024acd1e39798f460dbda82247
ra_static_equal_seed2,ra_static_equal,2,v40c_03526,1,1,100,0.7999999999999999,0.9999999999999999,0.9999999999999999,0.8,ff529328194fe5defa88017af91b5b05b605c7024acd1e39798f460dbda82247
ra_static_equal_seed2,ra_static_equal,2,v40c_03527,1,1,100,0.8999999999999998,0.9999999999999999,0.9999999999999999,0.9,ff529328194fe5defa88017af91b5b05b605c7024acd1e39798f460dbda82247
ra_static_equal_seed2,ra_static_equal,2,v40c_03528,2,2,200,0.6504950495049504,1.0,1.0,0.65,ff529328194fe5defa88017af91b5b05b605c7024acd1e39798f460dbda82247
ra_static_equal_seed2,ra_static_equal,2,v40c_03529,2,2,200,0.6,1.0,1.0,0.6,ff529328194fe5defa88017af91b5b05b605c7024acd1e39798f460dbda82247
ra_static_equal_seed2,ra_static_equal,2,v40c_03530,1,1,100,0.9999999999999998,0.9999999999999999,0.9999999999999999,1.0,ff529328194fe5defa88017af91b5b05b605c7024acd1e39798f460dbda82247
ra_static_equal_seed2,ra_static_equal,2,v40c_03531,1,1,100,0.7999999999999999,0.9999999999999999,0.9999999999999999,0.8,ff529328194fe5defa88017af91b5b05b605c7024acd1e39798f460dbda82247
ra_static_equal_seed2,ra_static_equal,2,v40c_03532,1,1,100,0.8999999999999998,0.9999999999999999,0.9999999999999999,0.9,ff529328194fe5defa88017af91b5b05b605c7024acd1e39798f460dbda82247
ra_static_equal_seed2,ra_static_equal,2,v40c_03533,1,2,100,0.4070544554455445,0.5204207920792079,0.5049504950495048,0.5,ff529328194fe5defa88017af91b5b05b605c7024acd1e39798f460dbda82247
ra_static_equal_seed2,ra_static_equal,2,v40c_03534,1,1,100,0.7,0.9999999999999999,0.9999999999999999,0.7,ff529328194fe5defa88017af91b5b05b605c7024acd1e39798f460dbda82247
ra_static_equal_seed2,ra_static_equal,2,v40c_03535,1,1,100,0.7999999999999999,0.9999999999999999,0.9999999999999999,0.8,ff529328194fe5defa88017af91b5b05b605c7024acd1e39798f460dbda82247
ra_static_equal_seed2,ra_static_equal,2,v40c_03536,1,1,100,0.7,0.9999999999999999,0.9999999999999999,0.7,ff529328194fe5defa88017af91b5b05b605c7024acd1e39798f460dbda82247
ra_static_equal_seed2,ra_static_equal,2,v40c_03537,1,1,100,0.7,0.9999999999999999,0.9999999999999999,0.7,ff529328194fe5defa88017af91b5b05b605c7024acd1e39798f460dbda82247
ra_static_equal_seed2,ra_static_equal,2,v40c_03538,1,1,100,0.7,0.9999999999999999,0.9999999999999999,0.7,ff529328194fe5defa88017af91b5b05b605c7024acd1e39798f460dbda82247
ra_static_equal_seed2,ra_static_equal,2,v40c_03539,1,1,100,0.29999999999999993,0.9999999999999999,0.0,0.3,ff529328194fe5defa88017af91b5b05b605c7024acd1e39798f460dbda82247
ra_static_equal_seed2,ra_static_equal,2,v40c_03540,1,1,100,0.39999999999999997,0.9999999999999999,0.0,0.4,ff529328194fe5defa88017af91b5b05b605c7024acd1e39798f460dbda82247
ra_static_equal_seed2,ra_static_equal,2,v40c_03541,1,1,100,0.40555555555555556,0.9999999999999999,0.0,0.5,ff529328194fe5defa88017af91b5b05b605c7024acd1e39798f460dbda82247
ra_static_equal_seed2,ra_static_equal,2,v40c_03542,1,1,100,0.5999999999999999,0.9999999999999999,0.9999999999999999,0.6,ff529328194fe5defa88017af91b5b05b605c7024acd1e39798f460dbda82247
ra_static_equal_seed2,ra_static_equal,2,v40c_03543,2,2,200,0.21613861386138616,1.0,0.0,0.45,ff529328194fe5defa88017af91b5b05b605c7024acd1e39798f460dbda82247
ra_static_equal_seed2,ra_static_equal,2,v40c_03544,1,1,100,0.23999999999999994,0.9999999999999999,0.19999999999999996,0.8,ff529328194fe5defa88017af91b5b05b605c7024acd1e39798f460dbda82247
ra_static_equal_seed2,ra_static_equal,2,v40c_03570,1,1,100,0.8999999999999998,0.9999999999999999,0.9999999999999999,0.9,ff529328194fe5defa88017af91b5b05b605c7024acd1e39798f460dbda82247
ra_static_equal_seed2,ra_static_equal,2,v40c_03571,2,3,200,0.8326732673267326,1.0,1.0,0.8333333333333333,ff529328194fe5defa88017af91b5b05b605c7024acd1e39798f460dbda82247
ra_static_equal_seed2,ra_static_equal,2,v40c_03572,1,2,100,0.8504950495049505,1.0,1.0,0.85,ff529328194fe5defa88017af91b5b05b605c7024acd1e39798f460dbda82247
ra_static_equal_seed2,ra_static_equal,2,v40c_03573,1,2,100,0.8504950495049505,1.0,1.0,0.85,ff529328194fe5defa88017af91b5b05b605c7024acd1e39798f460dbda82247
ra_static_equal_seed2,ra_static_equal,2,v40c_03574,2,3,200,0.5913366336633663,0.75,0.75,0.8333333333333333,ff529328194fe5defa88017af91b5b05b605c7024acd1e39798f460dbda82247
ra_static_equal_seed2,ra_static_equal,2,v40c_03575,2,5,200,0.6242661108216082,0.8144867118290774,0.8144867118290774,0.78,ff529328194fe5defa88017af91b5b05b605c7024acd1e39798f460dbda82247
ra_static_equal_seed2,ra_static_equal,2,v40c_03576,30,50,3000,0.5539268894592204,0.888342459874006,0.6992676174312732,0.6799999999999999,ff529328194fe5defa88017af91b5b05b605c7024acd1e39798f460dbda82247
ra_static_equal_seed2,ra_static_equal,2,v40c_03577,1,2,100,0.9,1.0,1.0,0.9,ff529328194fe5defa88017af91b5b05b605c7024acd1e39798f460dbda82247
ra_static_equal_seed2,ra_static_equal,2,v40c_03578,1,2,100,0.8,1.0,1.0,0.8,ff529328194fe5defa88017af91b5b05b605c7024acd1e39798f460dbda82247
ra_static_equal_seed2,ra_static_equal,2,v40c_03579,1,2,100,0.8504950495049505,1.0,1.0,0.85,ff529328194fe5defa88017af91b5b05b605c7024acd1e39798f460dbda82247
ra_static_equal_seed2,ra_static_equal,2,v40c_03580,1,2,100,0.9,1.0,1.0,0.9,ff529328194fe5defa88017af91b5b05b605c7024acd1e39798f460dbda82247
ra_static_equal_seed2,ra_static_equal,2,v40c_03581,1,2,100,0.9009900990099009,1.0,1.0,0.9,ff529328194fe5defa88017af91b5b05b605c7024acd1e39798f460dbda82247
ra_static_equal_seed2,ra_static_equal,2,v40c_03582,1,3,100,0.41261233815689263,0.7138613861386143,0.33663366336633654,0.5,ff529328194fe5defa88017af91b5b05b605c7024acd1e39798f460dbda82247
ra_static_equal_seed2,ra_static_equal,2,v40c_03583,1,2,100,0.8,1.0,1.0,0.8,ff529328194fe5defa88017af91b5b05b605c7024acd1e39798f460dbda82247
ra_static_equal_seed2,ra_static_equal,2,v40c_03584,1,2,100,0.9,1.0,1.0,0.9,ff529328194fe5defa88017af91b5b05b605c7024acd1e39798f460dbda82247
ra_static_equal_seed2,ra_static_equal,2,v40c_03585,1,2,100,0.8504950495049505,1.0,1.0,0.85,ff529328194fe5defa88017af91b5b05b605c7024acd1e39798f460dbda82247
ra_static_equal_seed2,ra_static_equal,2,v40c_03586,1,2,100,0.600990099009901,1.0,0.5049504950495048,0.6,ff529328194fe5defa88017af91b5b05b605c7024acd1e39798f460dbda82247
ra_static_equal_seed2,ra_static_equal,2,v40c_03587,1,2,100,0.5504950495049504,1.0,0.5049504950495048,0.55,ff529328194fe5defa88017af91b5b05b605c7024acd1e39798f460dbda82247
ra_static_equal_seed2,ra_static_equal,2,v40c_03588,1,2,100,0.35544554455445543,1.0,0.0,0.4,ff529328194fe5defa88017af91b5b05b605c7024acd1e39798f460dbda82247
ra_static_equal_seed2,ra_static_equal,2,v40c_03589,2,3,200,0.6450495049504952,0.8341584158415841,0.8341584158415841,0.7666666666666666,ff529328194fe5defa88017af91b5b05b605c7024acd1e39798f460dbda82247
ra_static_equal_seed2,ra_static_equal,2,v40c_03590,1,2,100,0.6,1.0,1.0,0.6,ff529328194fe5defa88017af91b5b05b605c7024acd1e39798f460dbda82247
ra_static_equal_seed2,ra_static_equal,2,v40c_03591,1,1,100,0.5999999999999999,0.9999999999999999,0.9999999999999999,0.6,ff529328194fe5defa88017af91b5b05b605c7024acd1e39798f460dbda82247
ra_static_equal_seed2,ra_static_equal,2,v40c_03615,1,2,100,0.9504950495049505,1.0,1.0,0.95,ff529328194fe5defa88017af91b5b05b605c7024acd1e39798f460dbda82247
ra_static_equal_seed2,ra_static_equal,2,v40c_03616,1,2,100,1.0,1.0,1.0,1.0,ff529328194fe5defa88017af91b5b05b605c7024acd1e39798f460dbda82247
ra_static_equal_seed2,ra_static_equal,2,v40c_03617,1,2,100,0.9504950495049505,1.0,1.0,0.95,ff529328194fe5defa88017af91b5b05b605c7024acd1e39798f460dbda82247
ra_static_equal_seed2,ra_static_equal,2,v40c_03618,1,2,100,0.9252475247524753,1.0,1.0,0.95,ff529328194fe5defa88017af91b5b05b605c7024acd1e39798f460dbda82247
ra_static_equal_seed2,ra_static_equal,2,v40c_03619,1,2,100,0.9,1.0,1.0,0.9,ff529328194fe5defa88017af91b5b05b605c7024acd1e39798f460dbda82247
ra_static_equal_seed2,ra_static_equal,2,v40c_03620,1,2,100,0.9252475247524753,1.0,1.0,0.95,ff529328194fe5defa88017af91b5b05b605c7024acd1e39798f460dbda82247
ra_static_equal_seed2,ra_static_equal,2,v40c_03621,1,2,100,0.9,1.0,1.0,0.9,ff529328194fe5defa88017af91b5b05b605c7024acd1e39798f460dbda82247
ra_static_equal_seed2,ra_static_equal,2,v40c_03622,1,2,100,0.8,1.0,1.0,0.8,ff529328194fe5defa88017af91b5b05b605c7024acd1e39798f460dbda82247
ra_static_equal_seed2,ra_static_equal,2,v40c_03623,2,4,200,0.8881188118811881,1.0,1.0,0.925,ff529328194fe5defa88017af91b5b05b605c7024acd1e39798f460dbda82247
ra_static_equal_seed2,ra_static_equal,2,v40c_03624,1,2,100,0.9504950495049505,1.0,1.0,0.95,ff529328194fe5defa88017af91b5b05b605c7024acd1e39798f460dbda82247
ra_static_equal_seed2,ra_static_equal,2,v40c_03625,1,2,100,0.9,1.0,1.0,0.9,ff529328194fe5defa88017af91b5b05b605c7024acd1e39798f460dbda82247
ra_static_equal_seed2,ra_static_equal,2,v40c_03626,1,2,100,0.8504950495049505,1.0,1.0,0.85,ff529328194fe5defa88017af91b5b05b605c7024acd1e39798f460dbda82247
ra_static_equal_seed2,ra_static_equal,2,v40c_03627,1,2,100,0.7504950495049505,1.0,1.0,0.75,ff529328194fe5defa88017af91b5b05b605c7024acd1e39798f460dbda82247
ra_static_equal_seed2,ra_static_equal,2,v40c_03628,2,3,200,0.6785478547854785,0.8341584158415841,0.8341584158415841,0.8333333333333334,ff529328194fe5defa88017af91b5b05b605c7024acd1e39798f460dbda82247
ra_static_equal_seed2,ra_static_equal,2,v40c_03629,2,2,200,0.7029702970297029,0.834983498349835,0.834983498349835,0.8,ff529328194fe5defa88017af91b5b05b605c7024acd1e39798f460dbda82247
ra_static_equal_seed2,ra_static_equal,2,v40c_03630,1,1,100,0.8999999999999998,0.9999999999999999,0.9999999999999999,0.9,ff529328194fe5defa88017af91b5b05b605c7024acd1e39798f460dbda82247
ra_static_equal_seed2,ra_static_equal,2,v40c_03631,1,2,100,0.5782178217821781,0.7524752475247525,0.5049504950495048,0.7,ff529328194fe5defa88017af91b5b05b605c7024acd1e39798f460dbda82247
ra_static_equal_seed2,ra_static_equal,2,v40c_03632,1,1,100,0.7999999999999999,0.9999999999999999,0.9999999999999999,0.8,ff529328194fe5defa88017af91b5b05b605c7024acd1e39798f460dbda82247
ra_static_equal_seed2,ra_static_equal,2,v40c_03633,1,1,100,0.7,0.9999999999999999,0.9999999999999999,0.7,ff529328194fe5defa88017af91b5b05b605c7024acd1e39798f460dbda82247
ra_static_equal_seed2,ra_static_equal,2,v40c_03634,2,2,200,0.7504950495049505,1.0,1.0,0.8,ff529328194fe5defa88017af91b5b05b605c7024acd1e39798f460dbda82247
ra_static_equal_seed2,ra_static_equal,2,v40c_03635,1,1,100,0.5999999999999999,0.9999999999999999,0.9999999999999999,0.6,ff529328194fe5defa88017af91b5b05b605c7024acd1e39798f460dbda82247
ra_static_equal_seed2,ra_static_equal,2,v40c_03636,1,1,100,0.7999999999999999,0.9999999999999999,0.9999999999999999,0.8,ff529328194fe5defa88017af91b5b05b605c7024acd1e39798f460dbda82247
ra_static_equal_seed2,ra_static_equal,2,v40c_03637,1,1,100,0.8999999999999998,0.9999999999999999,0.9999999999999999,0.9,ff529328194fe5defa88017af91b5b05b605c7024acd1e39798f460dbda82247
ra_static_equal_seed2,ra_static_equal,2,v40c_03638,1,1,100,0.7999999999999999,0.9999999999999999,0.9999999999999999,0.8,ff529328194fe5defa88017af91b5b05b605c7024acd1e39798f460dbda82247
ra_static_equal_seed2,ra_static_equal,2,v40c_03639,1,1,100,0.5999999999999999,0.9999999999999999,0.9999999999999999,0.6,ff529328194fe5defa88017af91b5b05b605c7024acd1e39798f460dbda82247
ra_static_equal_seed2,ra_static_equal,2,v40c_04010,2,5,200,0.7398308580858084,0.9669966996699667,0.7514438943894387,0.78,ff529328194fe5defa88017af91b5b05b605c7024acd1e39798f460dbda82247
ra_static_equal_seed2,ra_static_equal,2,v40c_04032,1,1,100,0.4999999999999999,0.9999999999999999,0.0,0.5,ff529328194fe5defa88017af91b5b05b605c7024acd1e39798f460dbda82247
ra_static_equal_seed2,ra_static_equal,2,v40c_04033,1,1,100,0.4999999999999999,0.9999999999999999,0.0,0.5,ff529328194fe5defa88017af91b5b05b605c7024acd1e39798f460dbda82247
ra_static_equal_seed2,ra_static_equal,2,v40c_04034,1,2,100,0.04044377652050919,0.09847949080622347,0.0,0.45,ff529328194fe5defa88017af91b5b05b605c7024acd1e39798f460dbda82247
ra_static_equal_seed2,ra_static_equal,2,v40c_04035,1,2,100,0.41221122112211217,0.5324532453245324,0.5049504950495048,0.55,ff529328194fe5defa88017af91b5b05b605c7024acd1e39798f460dbda82247
ra_static_equal_seed2,ra_static_equal,2,v40c_04036,1,3,100,0.45412541254125394,0.8316831683168316,0.711456859971711,0.6666666666666666,ff529328194fe5defa88017af91b5b05b605c7024acd1e39798f460dbda82247
ra_static_equal_seed2,ra_static_equal,2,v40c_04037,1,2,100,0.7514851485148515,1.0,1.0,0.75,ff529328194fe5defa88017af91b5b05b605c7024acd1e39798f460dbda82247
ra_static_equal_seed2,ra_static_equal,2,v40c_04038,1,2,100,0.8009900990099009,1.0,1.0,0.8,ff529328194fe5defa88017af91b5b05b605c7024acd1e39798f460dbda82247
ra_static_equal_seed2,ra_static_equal,2,v40c_04039,1,3,100,0.7663366336633664,0.9158415841584159,0.9158415841584159,0.8333333333333334,ff529328194fe5defa88017af91b5b05b605c7024acd1e39798f460dbda82247
ra_static_equal_seed2,ra_static_equal,2,v40c_04040,1,3,100,0.8,1.0,1.0,0.8,ff529328194fe5defa88017af91b5b05b605c7024acd1e39798f460dbda82247
ra_static_equal_seed2,ra_static_equal,2,v40c_04041,1,3,100,0.8112211221122113,1.0,1.0,0.8333333333333334,ff529328194fe5defa88017af91b5b05b605c7024acd1e39798f460dbda82247
ra_static_equal_seed2,ra_static_equal,2,v40c_04042,1,3,100,0.8442244224422442,1.0,1.0,0.8666666666666666,ff529328194fe5defa88017af91b5b05b605c7024acd1e39798f460dbda82247
ra_static_equal_seed2,ra_static_equal,2,v40c_04043,1,3,100,0.8168316831683168,1.0,1.0,0.8333333333333334,ff529328194fe5defa88017af91b5b05b605c7024acd1e39798f460dbda82247
ra_static_equal_seed2,ra_static_equal,2,v40c_04044,1,3,100,0.7495049504950495,1.0,1.0,0.7666666666666666,ff529328194fe5defa88017af91b5b05b605c7024acd1e39798f460dbda82247
ra_static_equal_seed2,ra_static_equal,2,v40c_04045,1,3,100,0.7495049504950495,1.0,1.0,0.7666666666666666,ff529328194fe5defa88017af91b5b05b605c7024acd1e39798f460dbda82247
ra_static_equal_seed2,ra_static_equal,2,v40c_04046,1,3,100,0.7158415841584158,1.0,0.6633663366336634,0.7333333333333333,ff529328194fe5defa88017af91b5b05b605c7024acd1e39798f460dbda82247
ra_static_equal_seed2,ra_static_equal,2,v40c_04047,1,2,100,0.8504950495049505,1.0,1.0,0.85,ff529328194fe5defa88017af91b5b05b605c7024acd1e39798f460dbda82247
ra_static_equal_seed2,ra_static_equal,2,v40c_04048,1,2,100,0.8504950495049505,1.0,1.0,0.85,ff529328194fe5defa88017af91b5b05b605c7024acd1e39798f460dbda82247
ra_static_equal_seed2,ra_static_equal,2,v40c_04049,1,2,100,0.8504950495049505,1.0,1.0,0.85,ff529328194fe5defa88017af91b5b05b605c7024acd1e39798f460dbda82247
ra_static_equal_seed2,ra_static_equal,2,v40c_04050,1,2,100,0.7504950495049505,1.0,1.0,0.75,ff529328194fe5defa88017af91b5b05b605c7024acd1e39798f460dbda82247
ra_static_equal_seed2,ra_static_equal,2,v40c_04051,1,1,100,0.8999999999999998,0.9999999999999999,0.9999999999999999,0.9,ff529328194fe5defa88017af91b5b05b605c7024acd1e39798f460dbda82247
ra_static_equal_seed2,ra_static_equal,2,v40c_04052,1,1,100,0.8999999999999998,0.9999999999999999,0.9999999999999999,0.9,ff529328194fe5defa88017af91b5b05b605c7024acd1e39798f460dbda82247
ra_static_equal_seed2,ra_static_equal,2,v40c_04053,2,2,200,0.8,1.0,1.0,0.8,ff529328194fe5defa88017af91b5b05b605c7024acd1e39798f460dbda82247
ra_static_equal_seed2,ra_static_equal,2,v40c_04054,2,2,200,0.8252475247524753,1.0,1.0,0.85,ff529328194fe5defa88017af91b5b05b605c7024acd1e39798f460dbda82247
ra_static_equal_seed2,ra_static_equal,2,v40c_04055,1,1,100,0.7999999999999999,0.9999999999999999,0.9999999999999999,0.8,ff529328194fe5defa88017af91b5b05b605c7024acd1e39798f460dbda82247
ra_static_equal_seed2,ra_static_equal,2,v40c_04056,1,1,100,0.7999999999999999,0.9999999999999999,0.9999999999999999,0.8,ff529328194fe5defa88017af91b5b05b605c7024acd1e39798f460dbda82247
ra_static_equal_seed2,ra_static_equal,2,v40c_04057,1,1,100,0.7999999999999999,0.9999999999999999,0.9999999999999999,0.8,ff529328194fe5defa88017af91b5b05b605c7024acd1e39798f460dbda82247
ra_static_equal_seed2,ra_static_equal,2,v40c_04058,1,1,100,0.8999999999999998,0.9999999999999999,0.9999999999999999,0.9,ff529328194fe5defa88017af91b5b05b605c7024acd1e39798f460dbda82247
ra_static_equal_seed2,ra_static_equal,2,v40c_04059,1,1,100,0.8999999999999998,0.9999999999999999,0.9999999999999999,0.9,ff529328194fe5defa88017af91b5b05b605c7024acd1e39798f460dbda82247
ra_static_equal_seed2,ra_static_equal,2,v40c_04060,1,1,100,0.8999999999999998,0.9999999999999999,0.9999999999999999,0.9,ff529328194fe5defa88017af91b5b05b605c7024acd1e39798f460dbda82247
ra_static_equal_seed2,ra_static_equal,2,v40c_04061,1,1,100,0.7999999999999999,0.9999999999999999,0.9999999999999999,0.8,ff529328194fe5defa88017af91b5b05b605c7024acd1e39798f460dbda82247
ra_static_equal_seed2,ra_static_equal,2,v40c_04062,1,1,100,0.7999999999999999,0.9999999999999999,0.9999999999999999,0.8,ff529328194fe5defa88017af91b5b05b605c7024acd1e39798f460dbda82247
ra_static_equal_seed2,ra_static_equal,2,v40c_04063,1,1,100,0.7,0.9999999999999999,0.9999999999999999,0.7,ff529328194fe5defa88017af91b5b05b605c7024acd1e39798f460dbda82247
ra_static_equal_seed2,ra_static_equal,2,v40c_04064,1,1,100,0.7999999999999999,0.9999999999999999,0.9999999999999999,0.8,ff529328194fe5defa88017af91b5b05b605c7024acd1e39798f460dbda82247
ra_static_equal_seed2,ra_static_equal,2,v40c_04065,1,1,100,0.7,0.9999999999999999,0.9999999999999999,0.7,ff529328194fe5defa88017af91b5b05b605c7024acd1e39798f460dbda82247
ra_static_equal_seed2,ra_static_equal,2,v40c_04066,1,1,100,0.7,0.9999999999999999,0.9999999999999999,0.7,ff529328194fe5defa88017af91b5b05b605c7024acd1e39798f460dbda82247
ra_static_equal_seed2,ra_static_equal,2,v40c_04067,1,1,100,0.7999999999999999,0.9999999999999999,0.9999999999999999,0.8,ff529328194fe5defa88017af91b5b05b605c7024acd1e39798f460dbda82247
ra_static_equal_seed2,ra_static_equal,2,v40c_04068,1,1,100,0.4999999999999999,0.9999999999999999,0.0,0.5,ff529328194fe5defa88017af91b5b05b605c7024acd1e39798f460dbda82247
ra_static_equal_seed2,ra_static_equal,2,v40c_04069,1,1,100,0.12,0.5,0.0,0.3,ff529328194fe5defa88017af91b5b05b605c7024acd1e39798f460dbda82247
ra_static_equal_seed2,ra_static_equal,2,v40c_04070,1,2,100,0.13913367679687122,0.5445544554455444,0.11119730529754002,0.6,ff529328194fe5defa88017af91b5b05b605c7024acd1e39798f460dbda82247
ra_static_equal_seed2,ra_static_equal,2,v40c_04071,1,1,100,0.39999999999999997,0.9999999999999999,0.0,0.4,ff529328194fe5defa88017af91b5b05b605c7024acd1e39798f460dbda82247
ra_static_equal_seed2,ra_static_equal,2,v40c_04072,1,1,100,0.15,0.5,0.0,0.3,ff529328194fe5defa88017af91b5b05b605c7024acd1e39798f460dbda82247
ra_static_equal_seed2,ra_static_equal,2,v40c_04073,1,2,100,0.45148514851485144,1.0,0.5049504950495048,0.45,ff529328194fe5defa88017af91b5b05b605c7024acd1e39798f460dbda82247
ra_static_equal_seed2,ra_static_equal,2,v40c_04074,1,2,100,0.45148514851485144,1.0,0.5049504950495048,0.45,ff529328194fe5defa88017af91b5b05b605c7024acd1e39798f460dbda82247
ra_static_equal_seed2,ra_static_equal,2,v40c_04075,1,2,100,0.5,1.0,0.0,0.5,ff529328194fe5defa88017af91b5b05b605c7024acd1e39798f460dbda82247
ra_static_equal_seed2,ra_static_equal,2,v40c_04076,2,4,200,0.5536568279469456,1.0,0.4078554081823277,0.625,ff529328194fe5defa88017af91b5b05b605c7024acd1e39798f460dbda82247
ra_static_equal_seed2,ra_static_equal,2,v40c_04077,1,2,100,0.5797029702970298,1.0,0.27227722772277224,0.75,ff529328194fe5defa88017af91b5b05b605c7024acd1e39798f460dbda82247
ra_static_equal_seed2,ra_static_equal,2,v40c_04078,2,4,200,0.5600196663501966,1.0,0.6905940594059405,0.6,ff529328194fe5defa88017af91b5b05b605c7024acd1e39798f460dbda82247
ra_static_equal_seed2,ra_static_equal,2,v40c_04079,2,4,200,0.6948019801980199,1.0,1.0,0.7,ff529328194fe5defa88017af91b5b05b605c7024acd1e39798f460dbda82247
ra_static_equal_seed2,ra_static_equal,2,v40c_04080,1,2,100,0.700990099009901,1.0,1.0,0.7,ff529328194fe5defa88017af91b5b05b605c7024acd1e39798f460dbda82247
ra_static_equal_seed2,ra_static_equal,2,v40c_04081,1,1,100,0.7999999999999999,0.9999999999999999,0.9999999999999999,0.8,ff529328194fe5defa88017af91b5b05b605c7024acd1e39798f460dbda82247
ra_static_equal_seed2,ra_static_equal,2,v40c_04082,1,2,100,0.6194719471947194,0.834983498349835,0.5049504950495048,0.7,ff529328194fe5defa88017af91b5b05b605c7024acd1e39798f460dbda82247
ra_static_equal_seed2,ra_static_equal,2,v40c_04083,1,2,100,0.5072066223015743,0.7524752475247525,0.5049504950495048,0.65,ff529328194fe5defa88017af91b5b05b605c7024acd1e39798f460dbda82247
ra_static_equal_seed2,ra_static_equal,2,v40c_04084,1,2,100,0.7514851485148515,1.0,1.0,0.75,ff529328194fe5defa88017af91b5b05b605c7024acd1e39798f460dbda82247
ra_static_equal_seed2,ra_static_equal,2,v40c_04085,1,2,100,0.4524752475247526,0.7029702970297033,0.5049504950495048,0.6,ff529328194fe5defa88017af91b5b05b605c7024acd1e39798f460dbda82247
ra_static_equal_seed2,ra_static_equal,2,v40c_04086,1,3,100,0.5773514851485148,1.0,0.49999999999999994,0.7333333333333333,ff529328194fe5defa88017af91b5b05b605c7024acd1e39798f460dbda82247
ra_static_equal_seed2,ra_static_equal,2,v40c_04104,1,1,100,0.39999999999999997,0.9999999999999999,0.0,0.4,ff529328194fe5defa88017af91b5b05b605c7024acd1e39798f460dbda82247
ra_static_equal_seed2,ra_static_equal,2,v40c_04105,2,2,200,0.042274227422742276,0.08610861086108608,0.05610561056105612,0.4,ff529328194fe5defa88017af91b5b05b605c7024acd1e39798f460dbda82247
ra_static_equal_seed2,ra_static_equal,2,v40c_04106,5,9,500,0.6829702970297032,0.9881188118811886,0.9881188118811886,0.7111111111111111,ff529328194fe5defa88017af91b5b05b605c7024acd1e39798f460dbda82247
ra_static_equal_seed2,ra_static_equal,2,v40c_04107,1,2,100,0.8504950495049505,1.0,1.0,0.85,ff529328194fe5defa88017af91b5b05b605c7024acd1e39798f460dbda82247
ra_static_equal_seed2,ra_static_equal,2,v40c_04108,1,2,100,0.7757425742574257,1.0,1.0,0.85,ff529328194fe5defa88017af91b5b05b605c7024acd1e39798f460dbda82247
ra_static_equal_seed2,ra_static_equal,2,v40c_04109,1,2,100,0.8252475247524753,1.0,1.0,0.85,ff529328194fe5defa88017af91b5b05b605c7024acd1e39798f460dbda82247
ra_static_equal_seed2,ra_static_equal,2,v40c_04110,1,2,100,0.8,1.0,1.0,0.8,ff529328194fe5defa88017af91b5b05b605c7024acd1e39798f460dbda82247
ra_static_equal_seed2,ra_static_equal,2,v40c_04111,1,2,100,0.8009900990099009,1.0,1.0,0.8,ff529328194fe5defa88017af91b5b05b605c7024acd1e39798f460dbda82247
ra_static_equal_seed2,ra_static_equal,2,v40c_04112,1,3,100,0.7442244224422442,1.0,1.0,0.7666666666666666,ff529328194fe5defa88017af91b5b05b605c7024acd1e39798f460dbda82247
ra_static_equal_seed2,ra_static_equal,2,v40c_04113,1,3,100,0.7112211221122112,1.0,1.0,0.7333333333333333,ff529328194fe5defa88017af91b5b05b605c7024acd1e39798f460dbda82247
ra_static_equal_seed2,ra_static_equal,2,v40c_04114,1,3,100,0.7666666666666667,1.0,1.0,0.7999999999999999,ff529328194fe5defa88017af91b5b05b605c7024acd1e39798f460dbda82247
ra_static_equal_seed2,ra_static_equal,2,v40c_04115,5,18,500,0.5292211456696378,0.926038318117526,0.5132013201320131,0.6333333333333333,ff529328194fe5defa88017af91b5b05b605c7024acd1e39798f460dbda82247
ra_static_equal_seed2,ra_static_equal,2,v40c_04116,1,4,100,0.5538425271098538,1.0,0.5285242809995285,0.675,ff529328194fe5defa88017af91b5b05b605c7024acd1e39798f460dbda82247
ra_static_equal_seed2,ra_static_equal,2,v40c_04117,1,4,100,0.6277227722772276,1.0,0.9009900990099011,0.725,ff529328194fe5defa88017af91b5b05b605c7024acd1e39798f460dbda82247
ra_static_equal_seed2,ra_static_equal,2,v40c_04118,1,4,100,0.6136138613861386,1.0,0.6905940594059405,0.65,ff529328194fe5defa88017af91b5b05b605c7024acd1e39798f460dbda82247
ra_static_equal_seed2,ra_static_equal,2,v40c_04119,1,3,100,0.810891089108911,1.0,1.0,0.8333333333333333,ff529328194fe5defa88017af91b5b05b605c7024acd1e39798f460dbda82247
ra_static_equal_seed2,ra_static_equal,2,v40c_04120,1,4,100,0.5996699669966997,0.9504950495049505,0.485148514851485,0.7,ff529328194fe5defa88017af91b5b05b605c7024acd1e39798f460dbda82247
ra_static_equal_seed2,ra_static_equal,2,v40c_04121,1,3,100,0.6242574257425743,0.9158415841584159,0.6633663366336634,0.6666666666666666,ff529328194fe5defa88017af91b5b05b605c7024acd1e39798f460dbda82247
ra_static_equal_seed2,ra_static_equal,2,v40c_04122,1,3,100,0.6,1.0,0.6633663366336634,0.6333333333333333,ff529328194fe5defa88017af91b5b05b605c7024acd1e39798f460dbda82247
ra_static_equal_seed2,ra_static_equal,2,v40c_04123,2,3,200,0.7663366336633664,1.0,1.0,0.7666666666666666,ff529328194fe5defa88017af91b5b05b605c7024acd1e39798f460dbda82247
ra_static_equal_seed2,ra_static_equal,2,v40c_04124,1,1,100,0.7999999999999999,0.9999999999999999,0.9999999999999999,0.8,ff529328194fe5defa88017af91b5b05b605c7024acd1e39798f460dbda82247
ra_static_equal_seed2,ra_static_equal,2,v40c_04125,1,3,100,0.5071542638134782,0.6796550622804217,0.6633663366336634,0.6666666666666666,ff529328194fe5defa88017af91b5b05b605c7024acd1e39798f460dbda82247
ra_static_equal_seed2,ra_static_equal,2,v40c_04126,1,3,100,0.5024106758501937,0.7072750753336206,0.6633663366336634,0.5333333333333333,ff529328194fe5defa88017af91b5b05b605c7024acd1e39798f460dbda82247
ra_static_equal_seed2,ra_static_equal,2,v40c_04127,1,4,100,0.36633663366336633,0.504950495049505,0.504950495049505,0.375,ff529328194fe5defa88017af91b5b05b605c7024acd1e39798f460dbda82247
ra_static_equal_seed2,ra_static_equal,2,v40c_04128,1,3,100,0.48554455445544553,1.0,0.6633663366336634,0.5333333333333333,ff529328194fe5defa88017af91b5b05b605c7024acd1e39798f460dbda82247
ra_static_equal_seed2,ra_static_equal,2,v40c_04129,1,1,100,0.5999999999999999,0.9999999999999999,0.9999999999999999,0.6,ff529328194fe5defa88017af91b5b05b605c7024acd1e39798f460dbda82247
ra_static_equal_seed2,ra_static_equal,2,v40c_04130,1,1,100,0.5999999999999999,0.9999999999999999,0.9999999999999999,0.6,ff529328194fe5defa88017af91b5b05b605c7024acd1e39798f460dbda82247
ra_static_equal_seed2,ra_static_equal,2,v40c_04131,1,1,100,0.7,0.9999999999999999,0.9999999999999999,0.7,ff529328194fe5defa88017af91b5b05b605c7024acd1e39798f460dbda82247
ra_static_equal_seed2,ra_static_equal,2,v40c_04132,1,1,100,0.7,0.9999999999999999,0.9999999999999999,0.7,ff529328194fe5defa88017af91b5b05b605c7024acd1e39798f460dbda82247
ra_static_equal_seed2,ra_static_equal,2,v40c_04133,2,6,200,0.4875495049504952,0.7952616690240457,0.6467114568599717,0.6333333333333334,ff529328194fe5defa88017af91b5b05b605c7024acd1e39798f460dbda82247
ra_static_equal_seed2,ra_static_equal,2,v40c_04134,1,3,100,0.599009900990099,1.0,0.6633663366336634,0.6,ff529328194fe5defa88017af91b5b05b605c7024acd1e39798f460dbda82247
ra_static_equal_seed2,ra_static_equal,2,v40c_04135,1,3,100,0.5653465346534654,1.0,0.6633663366336634,0.5666666666666667,ff529328194fe5defa88017af91b5b05b605c7024acd1e39798f460dbda82247
ra_static_equal_seed2,ra_static_equal,2,v40c_04136,2,5,200,0.5424623194803557,0.8082865611401906,0.801980198019802,0.5800000000000001,ff529328194fe5defa88017af91b5b05b605c7024acd1e39798f460dbda82247
ra_static_equal_seed2,ra_static_equal,2,v40c_04137,1,2,100,0.5504950495049504,1.0,0.2524752475247525,0.6,ff529328194fe5defa88017af91b5b05b605c7024acd1e39798f460dbda82247
ra_static_equal_seed2,ra_static_equal,2,v40c_04138,3,8,300,0.6145925361766945,0.9504950495049503,0.8164508758568164,0.7,ff529328194fe5defa88017af91b5b05b605c7024acd1e39798f460dbda82247
ra_static_equal_seed2,ra_static_equal,2,v40c_04139,4,12,400,0.533877028728514,0.8340564825713342,0.6575503704216575,0.625,ff529328194fe5defa88017af91b5b05b605c7024acd1e39798f460dbda82247
ra_static_equal_seed2,ra_static_equal,2,v40c_04140,1,4,100,0.4477227722772277,0.8514851485148514,0.3564356435643564,0.6,ff529328194fe5defa88017af91b5b05b605c7024acd1e39798f460dbda82247
ra_static_equal_seed2,ra_static_equal,2,v40c_04141,2,5,200,0.5651343705799151,0.9434229137199429,0.900990099009901,0.64,ff529328194fe5defa88017af91b5b05b605c7024acd1e39798f460dbda82247
ra_static_equal_seed2,ra_static_equal,2,v40c_04142,1,1,100,0.45,0.5,0.5,0.9,ff529328194fe5defa88017af91b5b05b605c7024acd1e39798f460dbda82247
ra_static_equal_seed2,ra_static_equal,2,v40c_04143,1,3,100,0.4592259225922593,0.7551755175517552,0.6633663366336634,0.5666666666666667,ff529328194fe5defa88017af91b5b05b605c7024acd1e39798f460dbda82247
ra_static_equal_seed2,ra_static_equal,2,v40c_04144,1,2,100,0.6757425742574257,1.0,1.0,0.75,ff529328194fe5defa88017af91b5b05b605c7024acd1e39798f460dbda82247
ra_static_equal_seed2,ra_static_equal,2,v40c_04145,1,2,100,0.7,1.0,1.0,0.7,ff529328194fe5defa88017af91b5b05b605c7024acd1e39798f460dbda82247
ra_static_equal_seed2,ra_static_equal,2,v40c_04146,2,4,200,0.7465346534653465,1.0,1.0,0.775,ff529328194fe5defa88017af91b5b05b605c7024acd1e39798f460dbda82247
ra_static_equal_seed2,ra_static_equal,2,v40c_04147,1,2,100,0.5336633663366337,0.7029702970297033,0.5049504950495048,0.65,ff529328194fe5defa88017af91b5b05b605c7024acd1e39798f460dbda82247
ra_static_equal_seed2,ra_static_equal,2,v40c_04148,1,3,100,0.6326732673267327,0.9158415841584159,0.9158415841584159,0.7,ff529328194fe5defa88017af91b5b05b605c7024acd1e39798f460dbda82247
ra_static_equal_seed2,ra_static_equal,2,v40c_04149,1,3,100,0.5361519935777361,0.6906609579876906,0.6633663366336634,0.6,ff529328194fe5defa88017af91b5b05b605c7024acd1e39798f460dbda82247
ra_static_equal_seed2,ra_static_equal,2,v40c_04150,1,1,100,0.4,0.5,0.5,0.8,ff529328194fe5defa88017af91b5b05b605c7024acd1e39798f460dbda82247
ra_static_equal_seed2,ra_static_equal,2,v40c_04151,1,1,100,0.45,0.5,0.5,0.9,ff529328194fe5defa88017af91b5b05b605c7024acd1e39798f460dbda82247
ra_static_equal_seed2,ra_static_equal,2,v40c_04152,2,4,200,0.7693069306930693,1.0,1.0,0.8,ff529328194fe5defa88017af91b5b05b605c7024acd1e39798f460dbda82247
ra_static_equal_seed2,ra_static_equal,2,v40c_04153,1,2,100,0.8252475247524753,1.0,1.0,0.85,ff529328194fe5defa88017af91b5b05b605c7024acd1e39798f460dbda82247
ra_static_equal_seed2,ra_static_equal,2,v40c_04154,1,1,100,0.7,0.9999999999999999,0.9999999999999999,0.7,ff529328194fe5defa88017af91b5b05b605c7024acd1e39798f460dbda82247
ra_static_equal_seed2,ra_static_equal,2,v40c_04155,1,2,100,0.8,1.0,1.0,0.8,ff529328194fe5defa88017af91b5b05b605c7024acd1e39798f460dbda82247
ra_static_equal_seed2,ra_static_equal,2,v40c_04156,1,2,100,0.3594620246338359,0.5232856618995234,0.5049504950495048,0.55,ff529328194fe5defa88017af91b5b05b605c7024acd1e39798f460dbda82247
ra_static_equal_seed2,ra_static_equal,2,v40c_04157,1,2,100,0.700990099009901,1.0,1.0,0.7,ff529328194fe5defa88017af91b5b05b605c7024acd1e39798f460dbda82247
ra_static_equal_seed2,ra_static_equal,2,v40c_04158,1,3,100,0.5915841584158417,0.9158415841584159,0.6633663366336634,0.6333333333333333,ff529328194fe5defa88017af91b5b05b605c7024acd1e39798f460dbda82247
ra_static_equal_seed2,ra_static_equal,2,v40c_04159,1,3,100,0.6118811881188119,1.0,0.5544554455445545,0.6333333333333333,ff529328194fe5defa88017af91b5b05b605c7024acd1e39798f460dbda82247
ra_static_equal_seed2,ra_static_equal,2,v40c_04160,1,4,100,0.38195819581958196,0.5874587458745875,0.31243124312431236,0.5,ff529328194fe5defa88017af91b5b05b605c7024acd1e39798f460dbda82247
ra_static_equal_seed2,ra_static_equal,2,v40c_04161,1,3,100,0.5059912241224124,0.9158415841584159,0.6939693969396943,0.6666666666666666,ff529328194fe5defa88017af91b5b05b605c7024acd1e39798f460dbda82247
ra_static_equal_seed2,ra_static_equal,2,v40c_04162,1,3,100,0.4731150038080732,0.682787509520183,0.6633663366336634,0.6,ff529328194fe5defa88017af91b5b05b605c7024acd1e39798f460dbda82247
ra_static_equal_seed2,ra_static_equal,2,v40c_04163,1,2,100,0.6537128712871286,1.0,0.5049504950495048,0.7,ff529328194fe5defa88017af91b5b05b605c7024acd1e39798f460dbda82247
ra_static_equal_seed2,ra_static_equal,2,v40c_04311,3,3,300,0.8442244224422442,1.0,1.0,0.8666666666666666,ff529328194fe5defa88017af91b5b05b605c7024acd1e39798f460dbda82247
ra_static_equal_seed2,ra_static_equal,2,v40c_04312,2,2,200,0.7504950495049505,1.0,1.0,0.8,ff529328194fe5defa88017af91b5b05b605c7024acd1e39798f460dbda82247
ra_static_equal_seed2,ra_static_equal,2,v40c_04313,1,1,100,0.7999999999999999,0.9999999999999999,0.9999999999999999,0.8,ff529328194fe5defa88017af91b5b05b605c7024acd1e39798f460dbda82247
ra_static_equal_seed2,ra_static_equal,2,v40c_04314,1,1,100,0.8999999999999998,0.9999999999999999,0.9999999999999999,0.9,ff529328194fe5defa88017af91b5b05b605c7024acd1e39798f460dbda82247
ra_static_equal_seed2,ra_static_equal,2,v40c_04315,1,1,100,0.7999999999999999,0.9999999999999999,0.9999999999999999,0.8,ff529328194fe5defa88017af91b5b05b605c7024acd1e39798f460dbda82247
ra_static_equal_seed2,ra_static_equal,2,v40c_04316,2,2,200,0.8252475247524753,1.0,1.0,0.85,ff529328194fe5defa88017af91b5b05b605c7024acd1e39798f460dbda82247
ra_static_equal_seed2,ra_static_equal,2,v40c_04317,15,15,1500,0.7259355166285859,1.0,0.9042904290429044,0.76,ff529328194fe5defa88017af91b5b05b605c7024acd1e39798f460dbda82247
ra_static_equal_seed2,ra_static_equal,2,v40c_04484,1,1,100,0.17356321839080463,0.3333333333333334,0.034482758620689655,0.7,ff529328194fe5defa88017af91b5b05b605c7024acd1e39798f460dbda82247
ra_static_equal_seed2,ra_static_equal,2,v40c_04485,1,1,100,0.20000000000000004,0.3333333333333334,0.3333333333333334,0.6,ff529328194fe5defa88017af91b5b05b605c7024acd1e39798f460dbda82247
ra_static_equal_seed2,ra_static_equal,2,v40c_04486,13,13,1300,0.6079096920681079,1.0,0.6086147076246086,0.6615384615384615,ff529328194fe5defa88017af91b5b05b605c7024acd1e39798f460dbda82247
ra_static_equal_seed2,ra_static_equal,2,v40c_04487,3,3,300,0.4666666666666667,1.0,0.1122112211221122,0.5333333333333333,ff529328194fe5defa88017af91b5b05b605c7024acd1e39798f460dbda82247
ra_static_equal_seed2,ra_static_equal,2,v40c_04514,2,8,200,0.7556105610561056,1.0,0.8712871287128713,0.7875,ff529328194fe5defa88017af91b5b05b605c7024acd1e39798f460dbda82247
ra_static_equal_seed2,ra_static_equal,2,v40c_04515,1,5,100,0.8103960396039603,1.0,1.0,0.8399999999999999,ff529328194fe5defa88017af91b5b05b605c7024acd1e39798f460dbda82247
ra_static_equal_seed2,ra_static_equal,2,v40c_04516,2,8,200,0.7108345120226308,0.9742574257425741,0.7649222065063648,0.775,ff529328194fe5defa88017af91b5b05b605c7024acd1e39798f460dbda82247
ra_static_equal_seed2,ra_static_equal,2,v40c_04517,1,3,100,0.7653465346534654,1.0,0.6633663366336634,0.7666666666666667,ff529328194fe5defa88017af91b5b05b605c7024acd1e39798f460dbda82247
ra_static_equal_seed2,ra_static_equal,2,v40c_04518,1,2,100,0.7504950495049505,1.0,1.0,0.75,ff529328194fe5defa88017af91b5b05b605c7024acd1e39798f460dbda82247
ra_static_equal_seed2,ra_static_equal,2,v40c_04519,1,3,100,0.7336633663366336,1.0,1.0,0.7333333333333333,ff529328194fe5defa88017af91b5b05b605c7024acd1e39798f460dbda82247
ra_static_equal_seed2,ra_static_equal,2,v40c_04520,2,6,200,0.8336633663366337,1.0,1.0,0.8333333333333334,ff529328194fe5defa88017af91b5b05b605c7024acd1e39798f460dbda82247
ra_static_equal_seed2,ra_static_equal,2,v40c_04521,1,3,100,0.7666666666666667,1.0,1.0,0.7999999999999999,ff529328194fe5defa88017af91b5b05b605c7024acd1e39798f460dbda82247
ra_static_equal_seed2,ra_static_equal,2,v40c_04522,1,3,100,0.7336633663366336,1.0,1.0,0.7333333333333333,ff529328194fe5defa88017af91b5b05b605c7024acd1e39798f460dbda82247
ra_static_equal_seed2,ra_static_equal,2,v40c_04523,1,5,100,0.6056105610561056,0.9669966996699667,0.801980198019802,0.64,ff529328194fe5defa88017af91b5b05b605c7024acd1e39798f460dbda82247
ra_static_equal_seed2,ra_static_equal,2,v40c_04524,1,4,100,0.721947194719472,1.0,1.0,0.8,ff529328194fe5defa88017af91b5b05b605c7024acd1e39798f460dbda82247
ra_static_equal_seed2,ra_static_equal,2,v40c_04525,1,4,100,0.8886138613861385,1.0,1.0,0.9,ff529328194fe5defa88017af91b5b05b605c7024acd1e39798f460dbda82247
ra_static_equal_seed2,ra_static_equal,2,v40c_04526,1,4,100,0.869059405940594,1.0,1.0,0.875,ff529328194fe5defa88017af91b5b05b605c7024acd1e39798f460dbda82247
ra_static_equal_seed2,ra_static_equal,2,v40c_04527,1,3,100,0.7826732673267327,0.9158415841584159,0.9158415841584159,0.8666666666666666,ff529328194fe5defa88017af91b5b05b605c7024acd1e39798f460dbda82247
ra_static_equal_seed2,ra_static_equal,2,v40c_04528,1,5,100,0.8128712871287128,1.0,1.0,0.82,ff529328194fe5defa88017af91b5b05b605c7024acd1e39798f460dbda82247
ra_static_equal_seed2,ra_static_equal,2,v40c_04529,1,5,100,0.8389438943894388,1.0,1.0,0.86,ff529328194fe5defa88017af91b5b05b605c7024acd1e39798f460dbda82247
ra_static_equal_seed2,ra_static_equal,2,v40c_04530,1,5,100,0.641078107810781,1.0,0.6690869086908688,0.76,ff529328194fe5defa88017af91b5b05b605c7024acd1e39798f460dbda82247
ra_static_equal_seed2,ra_static_equal,2,v40c_04531,1,5,100,0.8178217821782179,1.0,1.0,0.8399999999999999,ff529328194fe5defa88017af91b5b05b605c7024acd1e39798f460dbda82247
ra_static_equal_seed2,ra_static_equal,2,v40c_04532,1,5,100,0.8162376237623763,1.0,1.0,0.8400000000000001,ff529328194fe5defa88017af91b5b05b605c7024acd1e39798f460dbda82247
ra_static_equal_seed2,ra_static_equal,2,v40c_04533,1,5,100,0.6949080622347948,1.0,0.5813295615275813,0.76,ff529328194fe5defa88017af91b5b05b605c7024acd1e39798f460dbda82247
ra_static_equal_seed2,ra_static_equal,2,v40c_04534,2,9,200,0.6784598459845985,1.0,0.8327832783278329,0.7555555555555555,ff529328194fe5defa88017af91b5b05b605c7024acd1e39798f460dbda82247
ra_static_equal_seed2,ra_static_equal,2,v40c_04535,1,5,100,0.7160891089108911,1.0,1.0,0.74,ff529328194fe5defa88017af91b5b05b605c7024acd1e39798f460dbda82247
ra_static_equal_seed2,ra_static_equal,2,v40c_04536,1,5,100,0.7673267326732673,1.0,1.0,0.8,ff529328194fe5defa88017af91b5b05b605c7024acd1e39798f460dbda82247
ra_static_equal_seed2,ra_static_equal,2,v40c_04537,1,5,100,0.7257425742574257,1.0,0.7623762376237624,0.74,ff529328194fe5defa88017af91b5b05b605c7024acd1e39798f460dbda82247
ra_static_equal_seed2,ra_static_equal,2,v40c_04538,1,4,100,0.7514851485148515,0.9504950495049505,0.9504950495049505,0.8,ff529328194fe5defa88017af91b5b05b605c7024acd1e39798f460dbda82247
ra_static_equal_seed2,ra_static_equal,2,v40c_04539,1,3,100,0.8112211221122113,1.0,1.0,0.8333333333333334,ff529328194fe5defa88017af91b5b05b605c7024acd1e39798f460dbda82247
ra_static_equal_seed2,ra_static_equal,2,v40c_04540,1,4,100,0.759075907590759,1.0,1.0,0.775,ff529328194fe5defa88017af91b5b05b605c7024acd1e39798f460dbda82247
ra_static_equal_seed2,ra_static_equal,2,v40c_04541,1,6,100,0.6581650165016502,0.9438943894389441,0.8316831683168316,0.6833333333333333,ff529328194fe5defa88017af91b5b05b605c7024acd1e39798f460dbda82247
ra_static_equal_seed2,ra_static_equal,2,v40c_04542,1,4,100,0.7800330033003301,1.0,1.0,0.825,ff529328194fe5defa88017af91b5b05b605c7024acd1e39798f460dbda82247
ra_static_equal_seed2,ra_static_equal,2,v40c_04543,1,5,100,0.740924092409241,1.0,1.0,0.76,ff529328194fe5defa88017af91b5b05b605c7024acd1e39798f460dbda82247
ra_static_equal_seed2,ra_static_equal,2,v40c_04544,2,10,200,0.68998899889989,1.0,0.8811881188118812,0.7,ff529328194fe5defa88017af91b5b05b605c7024acd1e39798f460dbda82247
ra_static_equal_seed2,ra_static_equal,2,v40c_04545,1,5,100,0.6697194719471947,1.0,0.801980198019802,0.7,ff529328194fe5defa88017af91b5b05b605c7024acd1e39798f460dbda82247
ra_static_equal_seed2,ra_static_equal,2,v40c_04546,1,5,100,0.7435643564356436,1.0,1.0,0.76,ff529328194fe5defa88017af91b5b05b605c7024acd1e39798f460dbda82247
ra_static_equal_seed2,ra_static_equal,2,v40c_04547,2,10,200,0.7421499292786422,1.0,1.0,0.78,ff529328194fe5defa88017af91b5b05b605c7024acd1e39798f460dbda82247
ra_static_equal_seed2,ra_static_equal,2,v40c_04548,1,5,100,0.6925742574257425,1.0,1.0,0.72,ff529328194fe5defa88017af91b5b05b605c7024acd1e39798f460dbda82247
ra_static_equal_seed2,ra_static_equal,2,v40c_04549,2,10,200,0.7576732673267326,1.0,1.0,0.79,ff529328194fe5defa88017af91b5b05b605c7024acd1e39798f460dbda82247
ra_static_equal_seed2,ra_static_equal,2,v40c_04550,1,5,100,0.7504950495049505,1.0,1.0,0.78,ff529328194fe5defa88017af91b5b05b605c7024acd1e39798f460dbda82247
ra_static_equal_seed2,ra_static_equal,2,v40c_04551,1,5,100,0.7168316831683168,1.0,1.0,0.74,ff529328194fe5defa88017af91b5b05b605c7024acd1e39798f460dbda82247
ra_static_equal_seed2,ra_static_equal,2,v40c_04552,1,4,100,0.7514851485148515,1.0,1.0,0.775,ff529328194fe5defa88017af91b5b05b605c7024acd1e39798f460dbda82247
ra_static_equal_seed2,ra_static_equal,2,v40c_04553,1,4,100,0.7336633663366336,1.0,1.0,0.75,ff529328194fe5defa88017af91b5b05b605c7024acd1e39798f460dbda82247
ra_static_equal_seed2,ra_static_equal,2,v40c_04554,2,8,200,0.6941694169416941,0.9856985698569856,0.9856985698569856,0.7375,ff529328194fe5defa88017af91b5b05b605c7024acd1e39798f460dbda82247
ra_static_equal_seed2,ra_static_equal,2,v40c_04555,1,3,100,0.733003300330033,1.0,0.5544554455445545,0.8,ff529328194fe5defa88017af91b5b05b605c7024acd1e39798f460dbda82247
ra_static_equal_seed2,ra_static_equal,2,v40c_04556,4,12,400,0.7014108910891089,1.0,1.0,0.75,ff529328194fe5defa88017af91b5b05b605c7024acd1e39798f460dbda82247
ra_static_equal_seed2,ra_static_equal,2,v40c_04557,1,3,100,0.7326732673267327,1.0,1.0,0.8,ff529328194fe5defa88017af91b5b05b605c7024acd1e39798f460dbda82247
ra_static_equal_seed2,ra_static_equal,2,v40c_04558,1,3,100,0.7666666666666667,1.0,1.0,0.7999999999999999,ff529328194fe5defa88017af91b5b05b605c7024acd1e39798f460dbda82247
ra_static_equal_seed2,ra_static_equal,2,v40c_04559,2,6,200,0.7484323432343235,1.0,1.0,0.7666666666666666,ff529328194fe5defa88017af91b5b05b605c7024acd1e39798f460dbda82247
ra_static_equal_seed2,ra_static_equal,2,v40c_04560,1,3,100,0.7442244224422442,1.0,1.0,0.7666666666666666,ff529328194fe5defa88017af91b5b05b605c7024acd1e39798f460dbda82247
ra_static_equal_seed2,ra_static_equal,2,v40c_04561,1,3,100,0.8168316831683168,1.0,1.0,0.8333333333333334,ff529328194fe5defa88017af91b5b05b605c7024acd1e39798f460dbda82247
ra_static_equal_seed2,ra_static_equal,2,v40c_04562,1,4,100,0.6275813295615276,1.0,0.7524752475247525,0.675,ff529328194fe5defa88017af91b5b05b605c7024acd1e39798f460dbda82247
ra_static_equal_seed2,ra_static_equal,2,v40c_04563,1,4,100,0.6762376237623762,1.0,1.0,0.7,ff529328194fe5defa88017af91b5b05b605c7024acd1e39798f460dbda82247
ra_static_equal_seed2,ra_static_equal,2,v40c_04564,1,4,100,0.6257425742574257,1.0,0.6287128712871287,0.65,ff529328194fe5defa88017af91b5b05b605c7024acd1e39798f460dbda82247
ra_static_equal_seed2,ra_static_equal,2,v40c_04565,1,2,100,0.8009900990099009,1.0,1.0,0.8,ff529328194fe5defa88017af91b5b05b605c7024acd1e39798f460dbda82247
ra_static_equal_seed2,ra_static_equal,2,v40c_04566,1,4,100,0.7400990099009901,1.0,1.0,0.75,ff529328194fe5defa88017af91b5b05b605c7024acd1e39798f460dbda82247
ra_static_equal_seed2,ra_static_equal,2,v40c_04567,1,3,100,0.6158415841584158,0.9158415841584159,0.9158415841584159,0.6666666666666666,ff529328194fe5defa88017af91b5b05b605c7024acd1e39798f460dbda82247
ra_static_equal_seed2,ra_static_equal,2,v40c_04568,1,3,100,0.5722772277227722,0.9158415841584159,0.6633663366336634,0.6333333333333333,ff529328194fe5defa88017af91b5b05b605c7024acd1e39798f460dbda82247
ra_static_equal_seed2,ra_static_equal,2,v40c_04569,1,4,100,0.5787953795379537,0.9504950495049505,0.42244224422442234,0.675,ff529328194fe5defa88017af91b5b05b605c7024acd1e39798f460dbda82247
ra_static_equal_seed2,ra_static_equal,2,v40c_04570,1,3,100,0.5007425742574256,0.8341584158415841,0.49999999999999994,0.6,ff529328194fe5defa88017af91b5b05b605c7024acd1e39798f460dbda82247
ra_static_equal_seed2,ra_static_equal,2,v40c_04571,1,3,100,0.6164191419141913,1.0,0.5544554455445545,0.7,ff529328194fe5defa88017af91b5b05b605c7024acd1e39798f460dbda82247
ra_static_equal_seed2,ra_static_equal,2,v40c_04572,1,3,100,0.7336633663366336,1.0,1.0,0.7333333333333333,ff529328194fe5defa88017af91b5b05b605c7024acd1e39798f460dbda82247
ra_static_equal_seed2,ra_static_equal,2,v40c_04573,1,3,100,0.8112211221122113,1.0,1.0,0.8333333333333334,ff529328194fe5defa88017af91b5b05b605c7024acd1e39798f460dbda82247
ra_static_equal_seed2,ra_static_equal,2,v40c_04574,1,4,100,0.8174917491749175,1.0,1.0,0.825,ff529328194fe5defa88017af91b5b05b605c7024acd1e39798f460dbda82247
ra_static_equal_seed2,ra_static_equal,2,v40c_04575,1,4,100,0.7676567656765677,1.0,1.0,0.8,ff529328194fe5defa88017af91b5b05b605c7024acd1e39798f460dbda82247
ra_static_equal_seed2,ra_static_equal,2,v40c_04576,1,4,100,0.7628712871287128,1.0,1.0,0.8,ff529328194fe5defa88017af91b5b05b605c7024acd1e39798f460dbda82247
ra_static_equal_seed2,ra_static_equal,2,v40c_04577,1,4,100,0.8064356435643564,1.0,1.0,0.825,ff529328194fe5defa88017af91b5b05b605c7024acd1e39798f460dbda82247
ra_static_equal_seed2,ra_static_equal,2,v40c_04578,1,4,100,0.8514851485148516,1.0,1.0,0.85,ff529328194fe5defa88017af91b5b05b605c7024acd1e39798f460dbda82247
ra_static_equal_seed2,ra_static_equal,2,v40c_04579,1,4,100,0.7693069306930693,1.0,1.0,0.8,ff529328194fe5defa88017af91b5b05b605c7024acd1e39798f460dbda82247
ra_static_equal_seed2,ra_static_equal,2,v40c_04580,1,4,100,0.7085808580858085,1.0,1.0,0.725,ff529328194fe5defa88017af91b5b05b605c7024acd1e39798f460dbda82247
ra_static_equal_seed2,ra_static_equal,2,v40c_04581,1,4,100,0.7257425742574257,1.0,1.0,0.75,ff529328194fe5defa88017af91b5b05b605c7024acd1e39798f460dbda82247
ra_static_equal_seed2,ra_static_equal,2,v40c_04582,1,4,100,0.7329207920792079,1.0,0.6905940594059405,0.75,ff529328194fe5defa88017af91b5b05b605c7024acd1e39798f460dbda82247
ra_static_equal_seed2,ra_static_equal,2,v40c_04583,1,4,100,0.7462871287128714,1.0,0.6905940594059405,0.75,ff529328194fe5defa88017af91b5b05b605c7024acd1e39798f460dbda82247
ra_static_equal_seed2,ra_static_equal,2,v40c_04584,1,4,100,0.767986798679868,1.0,1.0,0.775,ff529328194fe5defa88017af91b5b05b605c7024acd1e39798f460dbda82247
ra_static_equal_seed2,ra_static_equal,2,v40c_04585,2,9,200,0.6893729372937294,1.0,1.0,0.711111111111111,ff529328194fe5defa88017af91b5b05b605c7024acd1e39798f460dbda82247
ra_static_equal_seed2,ra_static_equal,2,v40c_04586,1,5,100,0.7316831683168317,1.0,0.801980198019802,0.74,ff529328194fe5defa88017af91b5b05b605c7024acd1e39798f460dbda82247
ra_static_equal_seed2,ra_static_equal,2,v40c_04587,2,10,200,0.6668596550486605,1.0,0.7202970297029703,0.7,ff529328194fe5defa88017af91b5b05b605c7024acd1e39798f460dbda82247
ra_static_equal_seed2,ra_static_equal,2,v40c_04588,1,5,100,0.6752475247524752,1.0,0.7227722772277227,0.72,ff529328194fe5defa88017af91b5b05b605c7024acd1e39798f460dbda82247
ra_static_equal_seed2,ra_static_equal,2,v40c_04589,1,5,100,0.6776732673267326,1.0,1.0,0.74,ff529328194fe5defa88017af91b5b05b605c7024acd1e39798f460dbda82247
ra_static_equal_seed2,ra_static_equal,2,v40c_04590,1,5,100,0.699009900990099,1.0,1.0,0.72,ff529328194fe5defa88017af91b5b05b605c7024acd1e39798f460dbda82247
ra_static_equal_seed2,ra_static_equal,2,v40c_04591,2,10,200,0.7017680339462516,0.9735973597359734,0.9735973597359734,0.74,ff529328194fe5defa88017af91b5b05b605c7024acd1e39798f460dbda82247
ra_static_equal_seed2,ra_static_equal,2,v40c_04592,1,5,100,0.624972497249725,0.911991199119912,0.801980198019802,0.66,ff529328194fe5defa88017af91b5b05b605c7024acd1e39798f460dbda82247
ra_static_equal_seed2,ra_static_equal,2,v40c_04593,1,5,100,0.6173364395263057,0.900990099009901,0.801980198019802,0.6799999999999999,ff529328194fe5defa88017af91b5b05b605c7024acd1e39798f460dbda82247
ra_static_equal_seed2,ra_static_equal,2,v40c_04594,2,8,200,0.7514851485148515,1.0,1.0,0.7875,ff529328194fe5defa88017af91b5b05b605c7024acd1e39798f460dbda82247
ra_static_equal_seed2,ra_static_equal,2,v40c_04595,1,4,100,0.7514851485148515,1.0,0.7524752475247525,0.75,ff529328194fe5defa88017af91b5b05b605c7024acd1e39798f460dbda82247
ra_static_equal_seed2,ra_static_equal,2,v40c_04596,1,4,100,0.7090523338048091,1.0,0.7760490334747763,0.775,ff529328194fe5defa88017af91b5b05b605c7024acd1e39798f460dbda82247
ra_static_equal_seed2,ra_static_equal,2,v40c_04597,1,4,100,0.7267326732673267,1.0,1.0,0.75,ff529328194fe5defa88017af91b5b05b605c7024acd1e39798f460dbda82247
ra_static_equal_seed2,ra_static_equal,2,v40c_04598,1,4,100,0.7184818481848185,1.0,0.7524752475247525,0.725,ff529328194fe5defa88017af91b5b05b605c7024acd1e39798f460dbda82247
ra_static_equal_seed2,ra_static_equal,2,v40c_04599,1,3,100,0.7336633663366336,1.0,1.0,0.7333333333333333,ff529328194fe5defa88017af91b5b05b605c7024acd1e39798f460dbda82247
ra_static_equal_seed2,ra_static_equal,2,v40c_04600,1,3,100,0.7831683168316832,1.0,1.0,0.7999999999999999,ff529328194fe5defa88017af91b5b05b605c7024acd1e39798f460dbda82247
ra_static_equal_seed2,ra_static_equal,2,v40c_04601,1,4,100,0.5740924092409241,0.834983498349835,0.5668316831683168,0.675,ff529328194fe5defa88017af91b5b05b605c7024acd1e39798f460dbda82247
ra_static_equal_seed2,ra_static_equal,2,v40c_04602,1,3,100,0.6084577949320356,1.0,0.6804833025675449,0.8,ff529328194fe5defa88017af91b5b05b605c7024acd1e39798f460dbda82247
ra_static_equal_seed2,ra_static_equal,2,v40c_04603,1,3,100,0.700990099009901,1.0,1.0,0.7,ff529328194fe5defa88017af91b5b05b605c7024acd1e39798f460dbda82247
ra_static_equal_seed2,ra_static_equal,2,v40c_04604,1,3,100,0.700990099009901,1.0,1.0,0.7,ff529328194fe5defa88017af91b5b05b605c7024acd1e39798f460dbda82247
ra_static_equal_seed2,ra_static_equal,2,v40c_04605,1,3,100,0.6782178217821782,1.0,0.5544554455445545,0.7,ff529328194fe5defa88017af91b5b05b605c7024acd1e39798f460dbda82247
ra_static_equal_seed2,ra_static_equal,2,v40c_04606,2,6,200,0.8237623762376236,1.0,1.0,0.8333333333333333,ff529328194fe5defa88017af91b5b05b605c7024acd1e39798f460dbda82247
ra_static_equal_seed2,ra_static_equal,2,v40c_04607,1,4,100,0.7891089108910891,1.0,1.0,0.8,ff529328194fe5defa88017af91b5b05b605c7024acd1e39798f460dbda82247
ra_static_equal_seed2,ra_static_equal,2,v40c_04608,1,4,100,0.8009900990099009,1.0,1.0,0.8,ff529328194fe5defa88017af91b5b05b605c7024acd1e39798f460dbda82247
ra_static_equal_seed2,ra_static_equal,2,v40c_04609,1,4,100,0.7514851485148515,1.0,1.0,0.75,ff529328194fe5defa88017af91b5b05b605c7024acd1e39798f460dbda82247
ra_static_equal_seed2,ra_static_equal,2,v40c_04610,1,4,100,0.8009900990099009,1.0,1.0,0.8,ff529328194fe5defa88017af91b5b05b605c7024acd1e39798f460dbda82247
ra_static_equal_seed2,ra_static_equal,2,v40c_04611,1,4,100,0.7442244224422443,1.0,0.7524752475247525,0.75,ff529328194fe5defa88017af91b5b05b605c7024acd1e39798f460dbda82247
ra_static_equal_seed2,ra_static_equal,2,v40c_04612,1,4,100,0.7267326732673267,1.0,1.0,0.725,ff529328194fe5defa88017af91b5b05b605c7024acd1e39798f460dbda82247
ra_static_equal_seed2,ra_static_equal,2,v40c_04613,2,10,200,0.5777576954786829,0.9341368919500648,0.6784585593841916,0.72,ff529328194fe5defa88017af91b5b05b605c7024acd1e39798f460dbda82247
ra_static_equal_seed2,ra_static_equal,2,v40c_04614,1,5,100,0.6306930693069307,1.0,0.7227722772277227,0.66,ff529328194fe5defa88017af91b5b05b605c7024acd1e39798f460dbda82247
ra_static_equal_seed2,ra_static_equal,2,v40c_04615,1,4,100,0.6834158415841584,1.0,0.6905940594059405,0.7,ff529328194fe5defa88017af91b5b05b605c7024acd1e39798f460dbda82247
ra_static_equal_seed2,ra_static_equal,2,v40c_04616,1,3,100,0.8,1.0,1.0,0.8,ff529328194fe5defa88017af91b5b05b605c7024acd1e39798f460dbda82247
ra_static_equal_seed2,ra_static_equal,2,v40c_04617,2,4,200,0.781930693069307,1.0,1.0,0.8,ff529328194fe5defa88017af91b5b05b605c7024acd1e39798f460dbda82247
ra_static_equal_seed2,ra_static_equal,2,v40c_04618,1,2,100,0.8504950495049505,1.0,1.0,0.85,ff529328194fe5defa88017af91b5b05b605c7024acd1e39798f460dbda82247
ra_static_equal_seed2,ra_static_equal,2,v40c_04619,1,2,100,0.8252475247524753,1.0,1.0,0.85,ff529328194fe5defa88017af91b5b05b605c7024acd1e39798f460dbda82247
ra_static_equal_seed2,ra_static_equal,2,v40c_04620,1,2,100,0.9,1.0,1.0,0.9,ff529328194fe5defa88017af91b5b05b605c7024acd1e39798f460dbda82247
ra_static_equal_seed2,ra_static_equal,2,v40c_04621,1,2,100,0.8504950495049505,1.0,1.0,0.85,ff529328194fe5defa88017af91b5b05b605c7024acd1e39798f460dbda82247
ra_static_equal_seed2,ra_static_equal,2,v40c_04622,1,2,100,0.8504950495049505,1.0,1.0,0.85,ff529328194fe5defa88017af91b5b05b605c7024acd1e39798f460dbda82247
ra_static_equal_seed2,ra_static_equal,2,v40c_04649,1,4,100,0.45207126923872504,0.8939179632248937,0.47194719471947194,0.7,ff529328194fe5defa88017af91b5b05b605c7024acd1e39798f460dbda82247
ra_static_equal_seed2,ra_static_equal,2,v40c_04650,1,3,100,0.8554455445544555,1.0,1.0,0.8666666666666666,ff529328194fe5defa88017af91b5b05b605c7024acd1e39798f460dbda82247
ra_static_equal_seed2,ra_static_equal,2,v40c_04651,1,3,100,0.7,1.0,1.0,0.7,ff529328194fe5defa88017af91b5b05b605c7024acd1e39798f460dbda82247
ra_static_equal_seed2,ra_static_equal,2,v40c_04652,1,3,100,0.7831683168316832,1.0,1.0,0.7999999999999999,ff529328194fe5defa88017af91b5b05b605c7024acd1e39798f460dbda82247
ra_static_equal_seed2,ra_static_equal,2,v40c_04653,1,2,100,0.7,1.0,1.0,0.7,ff529328194fe5defa88017af91b5b05b605c7024acd1e39798f460dbda82247
ra_static_equal_seed2,ra_static_equal,2,v40c_04654,1,3,100,0.5389936253899364,0.6772005967720062,0.6772005967720062,0.7333333333333333,ff529328194fe5defa88017af91b5b05b605c7024acd1e39798f460dbda82247
ra_static_equal_seed2,ra_static_equal,2,v40c_04655,1,2,100,0.6,1.0,1.0,0.6,ff529328194fe5defa88017af91b5b05b605c7024acd1e39798f460dbda82247
ra_static_equal_seed2,ra_static_equal,2,v40c_04656,2,4,200,0.7252475247524752,1.0,1.0,0.75,ff529328194fe5defa88017af91b5b05b605c7024acd1e39798f460dbda82247
ra_static_equal_seed2,ra_static_equal,2,v40c_04657,1,2,100,0.600990099009901,1.0,0.5049504950495048,0.6,ff529328194fe5defa88017af91b5b05b605c7024acd1e39798f460dbda82247
ra_static_equal_seed2,ra_static_equal,2,v40c_04658,4,10,400,0.6845198805594845,1.0,1.0,0.73,ff529328194fe5defa88017af91b5b05b605c7024acd1e39798f460dbda82247
ra_static_equal_seed2,ra_static_equal,2,v40c_04659,2,7,200,0.6944554455445544,0.893069306930693,0.893069306930693,0.7857142857142858,ff529328194fe5defa88017af91b5b05b605c7024acd1e39798f460dbda82247
ra_static_equal_seed2,ra_static_equal,2,v40c_04660,2,6,200,0.6750825082508253,0.85973597359736,0.85973597359736,0.7833333333333333,ff529328194fe5defa88017af91b5b05b605c7024acd1e39798f460dbda82247
ra_static_equal_seed2,ra_static_equal,2,v40c_04661,1,3,100,0.7658415841584159,0.9158415841584159,0.9158415841584159,0.8666666666666666,ff529328194fe5defa88017af91b5b05b605c7024acd1e39798f460dbda82247
ra_static_equal_seed2,ra_static_equal,2,v40c_04662,1,3,100,0.7410891089108911,0.9158415841584159,0.9158415841584159,0.8333333333333334,ff529328194fe5defa88017af91b5b05b605c7024acd1e39798f460dbda82247
ra_static_equal_seed2,ra_static_equal,2,v40c_04663,3,11,300,0.6366070068545315,0.9428789032749427,0.7536176694592536,0.7090909090909091,ff529328194fe5defa88017af91b5b05b605c7024acd1e39798f460dbda82247
ra_static_equal_seed2,ra_static_equal,2,v40c_04664,1,3,100,0.7658415841584159,0.9158415841584159,0.9158415841584159,0.8666666666666666,ff529328194fe5defa88017af91b5b05b605c7024acd1e39798f460dbda82247
ra_static_equal_seed2,ra_static_equal,2,v40c_04665,1,3,100,0.8663366336633663,1.0,1.0,0.8666666666666666,ff529328194fe5defa88017af91b5b05b605c7024acd1e39798f460dbda82247
ra_static_equal_seed2,ra_static_equal,2,v40c_04666,1,3,100,0.799009900990099,1.0,1.0,0.8,ff529328194fe5defa88017af91b5b05b605c7024acd1e39798f460dbda82247
ra_static_equal_seed2,ra_static_equal,2,v40c_04667,1,3,100,0.7,1.0,1.0,0.7,ff529328194fe5defa88017af91b5b05b605c7024acd1e39798f460dbda82247
ra_static_equal_seed2,ra_static_equal,2,v40c_04668,1,3,100,0.9,1.0,1.0,0.9,ff529328194fe5defa88017af91b5b05b605c7024acd1e39798f460dbda82247
ra_static_equal_seed2,ra_static_equal,2,v40c_04669,1,3,100,0.8336633663366337,1.0,1.0,0.8333333333333333,ff529328194fe5defa88017af91b5b05b605c7024acd1e39798f460dbda82247
ra_static_equal_seed2,ra_static_equal,2,v40c_04670,1,4,100,0.6764356435643564,0.9504950495049505,0.6534653465346535,0.75,ff529328194fe5defa88017af91b5b05b605c7024acd1e39798f460dbda82247
ra_static_equal_seed2,ra_static_equal,2,v40c_04671,2,7,200,0.7324532453245322,0.9669966996699667,0.9669966996699667,0.7714285714285715,ff529328194fe5defa88017af91b5b05b605c7024acd1e39798f460dbda82247
ra_static_equal_seed2,ra_static_equal,2,v40c_04672,1,3,100,0.7108910891089109,1.0,1.0,0.7333333333333333,ff529328194fe5defa88017af91b5b05b605c7024acd1e39798f460dbda82247
ra_static_equal_seed2,ra_static_equal,2,v40c_04673,1,3,100,0.7227722772277227,1.0,1.0,0.7333333333333333,ff529328194fe5defa88017af91b5b05b605c7024acd1e39798f460dbda82247
ra_static_equal_seed2,ra_static_equal,2,v40c_04674,1,3,100,0.799009900990099,1.0,1.0,0.8,ff529328194fe5defa88017af91b5b05b605c7024acd1e39798f460dbda82247
ra_static_equal_seed2,ra_static_equal,2,v40c_04675,1,4,100,0.7391089108910891,1.0,1.0,0.775,ff529328194fe5defa88017af91b5b05b605c7024acd1e39798f460dbda82247
ra_static_equal_seed2,ra_static_equal,2,v40c_04676,1,4,100,0.7762376237623763,1.0,1.0,0.8,ff529328194fe5defa88017af91b5b05b605c7024acd1e39798f460dbda82247
ra_static_equal_seed2,ra_static_equal,2,v40c_04677,2,8,200,0.7623762376237624,1.0,0.8712871287128713,0.7625,ff529328194fe5defa88017af91b5b05b605c7024acd1e39798f460dbda82247
ra_static_equal_seed2,ra_static_equal,2,v40c_04678,2,8,200,0.8173267326732672,1.0,1.0,0.825,ff529328194fe5defa88017af91b5b05b605c7024acd1e39798f460dbda82247
ra_static_equal_seed2,ra_static_equal,2,v40c_04679,1,4,100,0.8257425742574258,1.0,1.0,0.825,ff529328194fe5defa88017af91b5b05b605c7024acd1e39798f460dbda82247
ra_static_equal_seed2,ra_static_equal,2,v40c_04680,3,9,300,0.792013201320132,1.0,1.0,0.8111111111111111,ff529328194fe5defa88017af91b5b05b605c7024acd1e39798f460dbda82247
ra_static_equal_seed2,ra_static_equal,2,v40c_04681,1,3,100,0.8,1.0,1.0,0.7999999999999999,ff529328194fe5defa88017af91b5b05b605c7024acd1e39798f460dbda82247
ra_static_equal_seed2,ra_static_equal,2,v40c_04682,1,3,100,0.8,1.0,1.0,0.7999999999999999,ff529328194fe5defa88017af91b5b05b605c7024acd1e39798f460dbda82247
ra_static_equal_seed2,ra_static_equal,2,v40c_04683,1,3,100,0.7410891089108912,0.9158415841584159,0.9158415841584159,0.7999999999999999,ff529328194fe5defa88017af91b5b05b605c7024acd1e39798f460dbda82247
ra_static_equal_seed2,ra_static_equal,2,v40c_04684,1,3,100,0.7158415841584157,0.9158415841584159,0.865346534653465,0.7999999999999999,ff529328194fe5defa88017af91b5b05b605c7024acd1e39798f460dbda82247
ra_static_equal_seed2,ra_static_equal,2,v40c_04685,1,3,100,0.6744554455445544,0.865346534653465,0.6633663366336634,0.8,ff529328194fe5defa88017af91b5b05b605c7024acd1e39798f460dbda82247
ra_static_equal_seed2,ra_static_equal,2,v40c_04686,1,3,100,0.6316831683168317,1.0,0.6633663366336634,0.6333333333333333,ff529328194fe5defa88017af91b5b05b605c7024acd1e39798f460dbda82247
ra_static_equal_seed2,ra_static_equal,2,v40c_04687,1,3,100,0.6316831683168317,1.0,0.6633663366336634,0.6666666666666666,ff529328194fe5defa88017af91b5b05b605c7024acd1e39798f460dbda82247
ra_static_equal_seed2,ra_static_equal,2,v40c_04688,1,3,100,0.6182178217821782,1.0,0.6633663366336634,0.6333333333333333,ff529328194fe5defa88017af91b5b05b605c7024acd1e39798f460dbda82247
ra_static_equal_seed2,ra_static_equal,2,v40c_04689,1,3,100,0.6626732673267326,0.9158415841584159,0.6633663366336634,0.7,ff529328194fe5defa88017af91b5b05b605c7024acd1e39798f460dbda82247
ra_static_equal_seed2,ra_static_equal,2,v40c_04690,1,3,100,0.7158415841584158,1.0,0.6633663366336634,0.7333333333333333,ff529328194fe5defa88017af91b5b05b605c7024acd1e39798f460dbda82247
ra_static_equal_seed2,ra_static_equal,2,v40c_04691,1,3,100,0.7663366336633664,1.0,1.0,0.7666666666666666,ff529328194fe5defa88017af91b5b05b605c7024acd1e39798f460dbda82247
ra_static_equal_seed2,ra_static_equal,2,v40c_04692,1,3,100,0.8663366336633663,1.0,1.0,0.8666666666666666,ff529328194fe5defa88017af91b5b05b605c7024acd1e39798f460dbda82247
ra_static_equal_seed2,ra_static_equal,2,v40c_04693,1,3,100,0.7891089108910891,1.0,1.0,0.7999999999999999,ff529328194fe5defa88017af91b5b05b605c7024acd1e39798f460dbda82247
ra_static_equal_seed2,ra_static_equal,2,v40c_04694,1,2,100,0.6514851485148514,1.0,0.5049504950495048,0.65,ff529328194fe5defa88017af91b5b05b605c7024acd1e39798f460dbda82247
ra_static_equal_seed2,ra_static_equal,2,v40c_04695,1,2,100,0.8009900990099009,1.0,1.0,0.8,ff529328194fe5defa88017af91b5b05b605c7024acd1e39798f460dbda82247
ra_static_equal_seed2,ra_static_equal,2,v40c_04696,5,8,500,0.7690594059405941,1.0,1.0,0.775,ff529328194fe5defa88017af91b5b05b605c7024acd1e39798f460dbda82247
ra_static_equal_seed2,ra_static_equal,2,v40c_04697,1,1,100,0.7999999999999999,0.9999999999999999,0.9999999999999999,0.8,ff529328194fe5defa88017af91b5b05b605c7024acd1e39798f460dbda82247
ra_static_equal_seed2,ra_static_equal,2,v40c_04698,1,1,100,0.7999999999999999,0.9999999999999999,0.9999999999999999,0.8,ff529328194fe5defa88017af91b5b05b605c7024acd1e39798f460dbda82247
ra_static_equal_seed2,ra_static_equal,2,v40c_04699,1,1,100,0.7,0.9999999999999999,0.9999999999999999,0.7,ff529328194fe5defa88017af91b5b05b605c7024acd1e39798f460dbda82247
ra_static_equal_seed2,ra_static_equal,2,v40c_04700,1,1,100,0.7999999999999999,0.9999999999999999,0.9999999999999999,0.8,ff529328194fe5defa88017af91b5b05b605c7024acd1e39798f460dbda82247
ra_static_equal_seed2,ra_static_equal,2,v40c_04701,3,3,300,0.8,1.0,1.0,0.8,ff529328194fe5defa88017af91b5b05b605c7024acd1e39798f460dbda82247
ra_static_equal_seed2,ra_static_equal,2,v40c_04702,1,1,100,0.8999999999999998,0.9999999999999999,0.9999999999999999,0.9,ff529328194fe5defa88017af91b5b05b605c7024acd1e39798f460dbda82247
ra_static_equal_seed2,ra_static_equal,2,v40c_04703,1,2,100,0.9,1.0,1.0,0.9,ff529328194fe5defa88017af91b5b05b605c7024acd1e39798f460dbda82247
ra_static_equal_seed2,ra_static_equal,2,v40c_04704,3,5,300,0.581188118811881,0.9009900990099009,0.9009900990099009,0.7,ff529328194fe5defa88017af91b5b05b605c7024acd1e39798f460dbda82247
ra_static_equal_seed2,ra_static_equal,2,v40c_04705,1,3,100,0.5115511551155116,1.0,0.16831683168316833,0.5999999999999999,ff529328194fe5defa88017af91b5b05b605c7024acd1e39798f460dbda82247
ra_static_equal_seed2,ra_static_equal,2,v40c_04706,1,2,100,0.5171617161716173,0.6666666666666669,0.6666666666666669,0.8,ff529328194fe5defa88017af91b5b05b605c7024acd1e39798f460dbda82247
ra_static_equal_seed2,ra_static_equal,2,v40c_04707,1,2,100,0.5333333333333334,0.6666666666666669,0.6666666666666669,0.8,ff529328194fe5defa88017af91b5b05b605c7024acd1e39798f460dbda82247
ra_static_equal_seed2,ra_static_equal,2,v40c_04708,1,3,100,0.3302781706742103,1.0,0.16831683168316833,0.5,ff529328194fe5defa88017af91b5b05b605c7024acd1e39798f460dbda82247
ra_static_equal_seed2,ra_static_equal,2,v40c_04709,2,2,200,0.4,0.5,0.5,0.8,ff529328194fe5defa88017af91b5b05b605c7024acd1e39798f460dbda82247
ra_static_equal_seed2,ra_static_equal,2,v40c_04710,1,1,100,0.7999999999999999,0.9999999999999999,0.9999999999999999,0.8,ff529328194fe5defa88017af91b5b05b605c7024acd1e39798f460dbda82247
ra_static_equal_seed2,ra_static_equal,2,v40c_04711,1,1,100,0.8999999999999998,0.9999999999999999,0.9999999999999999,0.9,ff529328194fe5defa88017af91b5b05b605c7024acd1e39798f460dbda82247
ra_static_equal_seed2,ra_static_equal,2,v40c_04712,1,2,100,0.49405940594059405,0.7029702970297033,0.5049504950495048,0.55,ff529328194fe5defa88017af91b5b05b605c7024acd1e39798f460dbda82247
ra_static_equal_seed2,ra_static_equal,2,v40c_04713,1,2,100,0.6029702970297028,1.0,0.5049504950495048,0.65,ff529328194fe5defa88017af91b5b05b605c7024acd1e39798f460dbda82247
ra_static_equal_seed2,ra_static_equal,2,v40c_04714,1,1,100,0.8999999999999998,0.9999999999999999,0.9999999999999999,0.9,ff529328194fe5defa88017af91b5b05b605c7024acd1e39798f460dbda82247
ra_static_equal_seed2,ra_static_equal,2,v40c_04715,1,1,100,0.7999999999999999,0.9999999999999999,0.9999999999999999,0.8,ff529328194fe5defa88017af91b5b05b605c7024acd1e39798f460dbda82247
ra_static_equal_seed2,ra_static_equal,2,v40c_04716,1,2,100,0.7514851485148515,0.834983498349835,0.834983498349835,0.9,ff529328194fe5defa88017af91b5b05b605c7024acd1e39798f460dbda82247
ra_static_equal_seed2,ra_static_equal,2,v40c_04717,1,2,100,0.7184818481848184,0.834983498349835,0.834983498349835,0.85,ff529328194fe5defa88017af91b5b05b605c7024acd1e39798f460dbda82247
ra_static_equal_seed2,ra_static_equal,2,v40c_04718,1,2,100,0.700990099009901,1.0,1.0,0.7,ff529328194fe5defa88017af91b5b05b605c7024acd1e39798f460dbda82247
ra_static_equal_seed2,ra_static_equal,2,v40c_04719,1,2,100,0.7252475247524752,1.0,1.0,0.75,ff529328194fe5defa88017af91b5b05b605c7024acd1e39798f460dbda82247
ra_static_equal_seed2,ra_static_equal,2,v40c_04720,1,2,100,0.8252475247524753,1.0,1.0,0.85,ff529328194fe5defa88017af91b5b05b605c7024acd1e39798f460dbda82247
ra_static_equal_seed2,ra_static_equal,2,v40c_04721,1,2,100,0.8252475247524753,1.0,1.0,0.85,ff529328194fe5defa88017af91b5b05b605c7024acd1e39798f460dbda82247
ra_static_equal_seed2,ra_static_equal,2,v40c_04722,1,2,100,0.7504950495049505,1.0,1.0,0.8,ff529328194fe5defa88017af91b5b05b605c7024acd1e39798f460dbda82247
ra_static_equal_seed2,ra_static_equal,2,v40c_04723,1,2,100,0.8,1.0,1.0,0.8,ff529328194fe5defa88017af91b5b05b605c7024acd1e39798f460dbda82247
ra_static_equal_seed2,ra_static_equal,2,v40c_04724,1,2,100,0.7,1.0,1.0,0.7,ff529328194fe5defa88017af91b5b05b605c7024acd1e39798f460dbda82247
ra_static_equal_seed2,ra_static_equal,2,v40c_04725,1,2,100,0.700990099009901,1.0,1.0,0.7,ff529328194fe5defa88017af91b5b05b605c7024acd1e39798f460dbda82247
ra_static_equal_seed2,ra_static_equal,2,v40c_04726,1,2,100,0.8,1.0,1.0,0.8,ff529328194fe5defa88017af91b5b05b605c7024acd1e39798f460dbda82247
ra_static_equal_seed2,ra_static_equal,2,v40c_04727,1,3,100,0.427062706270627,0.7264851485148515,0.33663366336633654,0.5666666666666667,ff529328194fe5defa88017af91b5b05b605c7024acd1e39798f460dbda82247
ra_static_equal_seed2,ra_static_equal,2,v40c_04728,1,3,100,0.487128712871287,0.7564356435643562,0.7564356435643562,0.7,ff529328194fe5defa88017af91b5b05b605c7024acd1e39798f460dbda82247
ra_static_equal_seed2,ra_static_equal,2,v40c_04729,2,6,200,0.6861386138613861,1.0,1.0,0.7166666666666667,ff529328194fe5defa88017af91b5b05b605c7024acd1e39798f460dbda82247
ra_static_equal_seed2,ra_static_equal,2,v40c_04730,1,4,100,0.7422442244224422,1.0,1.0,0.75,ff529328194fe5defa88017af91b5b05b605c7024acd1e39798f460dbda82247
ra_static_equal_seed2,ra_static_equal,2,v40c_04731,1,4,100,0.7260726072607262,1.0,1.0,0.75,ff529328194fe5defa88017af91b5b05b605c7024acd1e39798f460dbda82247
ra_static_equal_seed2,ra_static_equal,2,v40c_04732,1,4,100,0.8336633663366337,1.0,1.0,0.85,ff529328194fe5defa88017af91b5b05b605c7024acd1e39798f460dbda82247
ra_static_equal_seed2,ra_static_equal,2,v40c_04733,1,4,100,0.7514851485148515,1.0,0.7524752475247525,0.75,ff529328194fe5defa88017af91b5b05b605c7024acd1e39798f460dbda82247
ra_static_equal_seed2,ra_static_equal,2,v40c_04734,1,3,100,0.7336633663366336,1.0,1.0,0.7333333333333333,ff529328194fe5defa88017af91b5b05b605c7024acd1e39798f460dbda82247
ra_static_equal_seed2,ra_static_equal,2,v40c_04735,1,3,100,0.7336633663366336,1.0,1.0,0.7333333333333333,ff529328194fe5defa88017af91b5b05b605c7024acd1e39798f460dbda82247
ra_static_equal_seed2,ra_static_equal,2,v40c_04736,1,3,100,0.7221122112211221,1.0,1.0,0.7666666666666666,ff529328194fe5defa88017af91b5b05b605c7024acd1e39798f460dbda82247
ra_static_equal_seed2,ra_static_equal,2,v40c_04737,1,3,100,0.4653074517978112,0.8341584158415841,0.5531526836894214,0.7666666666666666,ff529328194fe5defa88017af91b5b05b605c7024acd1e39798f460dbda82247
ra_static_equal_seed2,ra_static_equal,2,v40c_04738,1,4,100,0.650990099009901,1.0,0.6905940594059405,0.675,ff529328194fe5defa88017af91b5b05b605c7024acd1e39798f460dbda82247
ra_static_equal_seed2,ra_static_equal,2,v40c_04739,1,4,100,0.6445544554455445,1.0,1.0,0.675,ff529328194fe5defa88017af91b5b05b605c7024acd1e39798f460dbda82247
ra_static_equal_seed2,ra_static_equal,2,v40c_04740,2,5,200,0.700990099009901,1.0,1.0,0.7,ff529328194fe5defa88017af91b5b05b605c7024acd1e39798f460dbda82247
ra_static_equal_seed2,ra_static_equal,2,v40c_04741,1,2,100,0.8252475247524753,1.0,1.0,0.85,ff529328194fe5defa88017af91b5b05b605c7024acd1e39798f460dbda82247
ra_static_equal_seed2,ra_static_equal,2,v40c_04742,1,2,100,0.7504950495049505,1.0,1.0,0.75,ff529328194fe5defa88017af91b5b05b605c7024acd1e39798f460dbda82247
ra_static_equal_seed2,ra_static_equal,2,v40c_04743,1,3,100,0.6108910891089109,1.0,0.5544554455445545,0.6333333333333333,ff529328194fe5defa88017af91b5b05b605c7024acd1e39798f460dbda82247
ra_static_equal_seed2,ra_static_equal,2,v40c_04744,1,3,100,0.6666666666666667,1.0,1.0,0.7333333333333333,ff529328194fe5defa88017af91b5b05b605c7024acd1e39798f460dbda82247
ra_static_equal_seed2,ra_static_equal,2,v40c_04745,1,2,100,0.6504950495049504,1.0,1.0,0.7,ff529328194fe5defa88017af91b5b05b605c7024acd1e39798f460dbda82247
ra_static_equal_seed2,ra_static_equal,2,v40c_04746,1,2,100,0.6504950495049504,1.0,1.0,0.7,ff529328194fe5defa88017af91b5b05b605c7024acd1e39798f460dbda82247
ra_static_equal_seed2,ra_static_equal,2,v40c_04747,1,2,100,0.7,1.0,1.0,0.7,ff529328194fe5defa88017af91b5b05b605c7024acd1e39798f460dbda82247
ra_static_equal_seed2,ra_static_equal,2,v40c_04748,1,3,100,0.6778877887788779,1.0,1.0,0.7333333333333333,ff529328194fe5defa88017af91b5b05b605c7024acd1e39798f460dbda82247
ra_static_equal_seed2,ra_static_equal,2,v40c_04749,1,2,100,0.7504950495049505,1.0,1.0,0.8,ff529328194fe5defa88017af91b5b05b605c7024acd1e39798f460dbda82247
ra_static_equal_seed2,ra_static_equal,2,v40c_04750,1,3,100,0.7442244224422442,1.0,1.0,0.7666666666666666,ff529328194fe5defa88017af91b5b05b605c7024acd1e39798f460dbda82247
ra_static_equal_seed2,ra_static_equal,2,v40c_04763,3,4,300,0.6024752475247526,0.9009900990099011,0.9009900990099011,0.7,ff529328194fe5defa88017af91b5b05b605c7024acd1e39798f460dbda82247
ra_static_equal_seed2,ra_static_equal,2,v40c_04768,2,6,200,0.6561056105610561,1.0,0.8316831683168316,0.6666666666666667,ff529328194fe5defa88017af91b5b05b605c7024acd1e39798f460dbda82247
ra_static_equal_seed2,ra_static_equal,2,v40c_04796,15,26,1500,0.7759075195588309,1.0,0.9479782816991377,0.8192307692307692,ff529328194fe5defa88017af91b5b05b605c7024acd1e39798f460dbda82247
ra_static_equal_seed2,ra_static_equal,2,v40c_04843,2,4,200,0.8504950495049505,1.0,1.0,0.85,ff529328194fe5defa88017af91b5b05b605c7024acd1e39798f460dbda82247
ra_static_equal_seed2,ra_static_equal,2,v40c_04846,1,4,100,0.6762376237623762,1.0,0.7524752475247525,0.675,ff529328194fe5defa88017af91b5b05b605c7024acd1e39798f460dbda82247
ra_static_equal_seed2,ra_static_equal,2,v40c_04847,1,3,100,0.8,1.0,1.0,0.8,ff529328194fe5defa88017af91b5b05b605c7024acd1e39798f460dbda82247
ra_static_equal_seed2,ra_static_equal,2,v40c_04848,1,3,100,0.8326732673267326,1.0,1.0,0.8333333333333333,ff529328194fe5defa88017af91b5b05b605c7024acd1e39798f460dbda82247
ra_static_equal_seed2,ra_static_equal,2,v40c_04849,1,1,100,0.7999999999999999,0.9999999999999999,0.9999999999999999,0.8,ff529328194fe5defa88017af91b5b05b605c7024acd1e39798f460dbda82247
ra_static_equal_seed2,ra_static_equal,2,v40c_04850,1,1,100,0.8999999999999998,0.9999999999999999,0.9999999999999999,0.9,ff529328194fe5defa88017af91b5b05b605c7024acd1e39798f460dbda82247
ra_static_equal_seed2,ra_static_equal,2,v40c_04851,2,2,200,0.9,1.0,1.0,0.9,ff529328194fe5defa88017af91b5b05b605c7024acd1e39798f460dbda82247
ra_static_equal_seed2,ra_static_equal,2,v40c_04852,1,1,100,0.7,0.9999999999999999,0.9999999999999999,0.7,ff529328194fe5defa88017af91b5b05b605c7024acd1e39798f460dbda82247
ra_static_equal_seed2,ra_static_equal,2,v40c_04853,1,1,100,0.7999999999999999,0.9999999999999999,0.9999999999999999,0.8,ff529328194fe5defa88017af91b5b05b605c7024acd1e39798f460dbda82247
ra_static_equal_seed2,ra_static_equal,2,v40c_04854,1,1,100,0.7999999999999999,0.9999999999999999,0.9999999999999999,0.8,ff529328194fe5defa88017af91b5b05b605c7024acd1e39798f460dbda82247
ra_static_equal_seed2,ra_static_equal,2,v40c_04855,1,1,100,0.8999999999999998,0.9999999999999999,0.9999999999999999,0.9,ff529328194fe5defa88017af91b5b05b605c7024acd1e39798f460dbda82247
ra_static_equal_seed2,ra_static_equal,2,v40c_04856,1,1,100,0.8999999999999998,0.9999999999999999,0.9999999999999999,0.9,ff529328194fe5defa88017af91b5b05b605c7024acd1e39798f460dbda82247
ra_static_equal_seed2,ra_static_equal,2,v40c_04857,2,2,200,0.8,1.0,1.0,0.8,ff529328194fe5defa88017af91b5b05b605c7024acd1e39798f460dbda82247
ra_static_equal_seed2,ra_static_equal,2,v40c_04858,1,1,100,0.7,0.9999999999999999,0.9999999999999999,0.7,ff529328194fe5defa88017af91b5b05b605c7024acd1e39798f460dbda82247
ra_static_equal_seed2,ra_static_equal,2,v40c_04859,1,1,100,0.7,0.9999999999999999,0.9999999999999999,0.7,ff529328194fe5defa88017af91b5b05b605c7024acd1e39798f460dbda82247
ra_static_equal_seed2,ra_static_equal,2,v40c_04860,1,1,100,0.7999999999999999,0.9999999999999999,0.9999999999999999,0.8,ff529328194fe5defa88017af91b5b05b605c7024acd1e39798f460dbda82247
ra_static_equal_seed2,ra_static_equal,2,v40c_04861,1,2,100,0.8009900990099009,1.0,1.0,0.8,ff529328194fe5defa88017af91b5b05b605c7024acd1e39798f460dbda82247
ra_static_equal_seed2,ra_static_equal,2,v40c_04862,2,4,200,0.6638613861386139,1.0,0.6905940594059405,0.675,ff529328194fe5defa88017af91b5b05b605c7024acd1e39798f460dbda82247
ra_static_equal_seed2,ra_static_equal,2,v40c_04863,1,2,100,0.6504950495049504,1.0,1.0,0.65,ff529328194fe5defa88017af91b5b05b605c7024acd1e39798f460dbda82247
ra_static_equal_seed2,ra_static_equal,2,v40c_04864,1,2,100,0.7504950495049505,1.0,1.0,0.8,ff529328194fe5defa88017af91b5b05b605c7024acd1e39798f460dbda82247
ra_static_equal_seed2,ra_static_equal,2,v40c_04865,1,2,100,0.8,1.0,1.0,0.8,ff529328194fe5defa88017af91b5b05b605c7024acd1e39798f460dbda82247
ra_static_equal_seed2,ra_static_equal,2,v40c_04866,1,2,100,0.7504950495049505,1.0,1.0,0.75,ff529328194fe5defa88017af91b5b05b605c7024acd1e39798f460dbda82247
ra_static_equal_seed2,ra_static_equal,2,v40c_04867,1,2,100,0.7504950495049505,1.0,1.0,0.8,ff529328194fe5defa88017af91b5b05b605c7024acd1e39798f460dbda82247
ra_static_equal_seed2,ra_static_equal,2,v40c_04868,2,4,200,0.8257425742574258,1.0,1.0,0.85,ff529328194fe5defa88017af91b5b05b605c7024acd1e39798f460dbda82247
ra_static_equal_seed2,ra_static_equal,2,v40c_04869,1,3,100,0.8663366336633663,1.0,1.0,0.8666666666666666,ff529328194fe5defa88017af91b5b05b605c7024acd1e39798f460dbda82247
ra_static_equal_seed2,ra_static_equal,2,v40c_04870,1,3,100,0.7663366336633664,1.0,1.0,0.7666666666666666,ff529328194fe5defa88017af91b5b05b605c7024acd1e39798f460dbda82247
ra_static_equal_seed2,ra_static_equal,2,v40c_04871,1,3,100,0.8112211221122113,1.0,1.0,0.8333333333333334,ff529328194fe5defa88017af91b5b05b605c7024acd1e39798f460dbda82247
ra_static_equal_seed2,ra_static_equal,2,v40c_04872,1,3,100,0.8442244224422442,1.0,1.0,0.8666666666666666,ff529328194fe5defa88017af91b5b05b605c7024acd1e39798f460dbda82247
ra_static_equal_seed2,ra_static_equal,2,v40c_04873,1,3,100,0.7112211221122112,1.0,1.0,0.7333333333333333,ff529328194fe5defa88017af91b5b05b605c7024acd1e39798f460dbda82247
ra_static_equal_seed2,ra_static_equal,2,v40c_04874,2,6,200,0.826930693069307,1.0,1.0,0.8333333333333334,ff529328194fe5defa88017af91b5b05b605c7024acd1e39798f460dbda82247
ra_static_equal_seed2,ra_static_equal,2,v40c_04875,1,3,100,0.6375996136198985,1.0,0.6879980680994928,0.7,ff529328194fe5defa88017af91b5b05b605c7024acd1e39798f460dbda82247
ra_static_equal_seed2,ra_static_equal,2,v40c_04876,2,4,200,0.7752475247524753,1.0,1.0,0.775,ff529328194fe5defa88017af91b5b05b605c7024acd1e39798f460dbda82247
ra_static_equal_seed2,ra_static_equal,2,v40c_04877,1,2,100,0.8009900990099009,1.0,1.0,0.8,ff529328194fe5defa88017af91b5b05b605c7024acd1e39798f460dbda82247
ra_static_equal_seed2,ra_static_equal,2,v40c_04878,1,2,100,0.9,1.0,1.0,0.9,ff529328194fe5defa88017af91b5b05b605c7024acd1e39798f460dbda82247
ra_static_equal_seed2,ra_static_equal,2,v40c_04879,1,2,100,0.8009900990099009,1.0,1.0,0.8,ff529328194fe5defa88017af91b5b05b605c7024acd1e39798f460dbda82247
ra_static_equal_seed2,ra_static_equal,2,v40c_04880,1,2,100,0.8504950495049505,1.0,1.0,0.85,ff529328194fe5defa88017af91b5b05b605c7024acd1e39798f460dbda82247
ra_static_equal_seed2,ra_static_equal,2,v40c_04881,1,1,100,0.8999999999999998,0.9999999999999999,0.9999999999999999,0.9,ff529328194fe5defa88017af91b5b05b605c7024acd1e39798f460dbda82247
ra_static_equal_seed2,ra_static_equal,2,v40c_04882,1,1,100,0.8999999999999998,0.9999999999999999,0.9999999999999999,0.9,ff529328194fe5defa88017af91b5b05b605c7024acd1e39798f460dbda82247
ra_static_equal_seed2,ra_static_equal,2,v40c_04883,1,1,100,0.8999999999999998,0.9999999999999999,0.9999999999999999,0.9,ff529328194fe5defa88017af91b5b05b605c7024acd1e39798f460dbda82247
ra_static_equal_seed2,ra_static_equal,2,v40c_04884,1,2,100,0.8009900990099009,1.0,1.0,0.8,ff529328194fe5defa88017af91b5b05b605c7024acd1e39798f460dbda82247
ra_static_equal_seed2,ra_static_equal,2,v40c_04885,1,2,100,0.7514851485148515,1.0,1.0,0.75,ff529328194fe5defa88017af91b5b05b605c7024acd1e39798f460dbda82247
ra_static_equal_seed2,ra_static_equal,2,v40c_04886,2,4,200,0.767986798679868,1.0,1.0,0.775,ff529328194fe5defa88017af91b5b05b605c7024acd1e39798f460dbda82247
ra_static_equal_seed2,ra_static_equal,2,v40c_04887,1,2,100,0.8504950495049505,1.0,1.0,0.85,ff529328194fe5defa88017af91b5b05b605c7024acd1e39798f460dbda82247
ra_static_equal_seed2,ra_static_equal,2,v40c_04888,1,2,100,0.600990099009901,1.0,0.5049504950495048,0.6,ff529328194fe5defa88017af91b5b05b605c7024acd1e39798f460dbda82247
ra_static_equal_seed2,ra_static_equal,2,v40c_04889,1,1,100,0.7999999999999999,0.9999999999999999,0.9999999999999999,0.8,ff529328194fe5defa88017af91b5b05b605c7024acd1e39798f460dbda82247
ra_static_equal_seed2,ra_static_equal,2,v40c_04890,1,1,100,0.7999999999999999,0.9999999999999999,0.9999999999999999,0.8,ff529328194fe5defa88017af91b5b05b605c7024acd1e39798f460dbda82247
ra_static_equal_seed2,ra_static_equal,2,v40c_04891,1,1,100,0.7,0.9999999999999999,0.9999999999999999,0.7,ff529328194fe5defa88017af91b5b05b605c7024acd1e39798f460dbda82247
ra_static_equal_seed2,ra_static_equal,2,v40c_04892,1,1,100,0.8999999999999998,0.9999999999999999,0.9999999999999999,0.9,ff529328194fe5defa88017af91b5b05b605c7024acd1e39798f460dbda82247
ra_static_equal_seed2,ra_static_equal,2,v40c_04893,1,2,100,0.6418670438472418,1.0,0.5756718528995759,0.75,ff529328194fe5defa88017af91b5b05b605c7024acd1e39798f460dbda82247
ra_static_equal_seed2,ra_static_equal,2,v40c_04894,1,2,100,0.8504950495049505,1.0,1.0,0.85,ff529328194fe5defa88017af91b5b05b605c7024acd1e39798f460dbda82247
ra_static_equal_seed2,ra_static_equal,2,v40c_04895,1,2,100,0.8009900990099009,1.0,1.0,0.8,ff529328194fe5defa88017af91b5b05b605c7024acd1e39798f460dbda82247
ra_static_equal_seed2,ra_static_equal,2,v40c_04896,1,1,100,0.8999999999999998,0.9999999999999999,0.9999999999999999,0.9,ff529328194fe5defa88017af91b5b05b605c7024acd1e39798f460dbda82247
ra_static_equal_seed2,ra_static_equal,2,v40c_04897,1,1,100,0.8999999999999998,0.9999999999999999,0.9999999999999999,0.9,ff529328194fe5defa88017af91b5b05b605c7024acd1e39798f460dbda82247
ra_static_equal_seed2,ra_static_equal,2,v40c_04898,1,1,100,0.7999999999999999,0.9999999999999999,0.9999999999999999,0.8,ff529328194fe5defa88017af91b5b05b605c7024acd1e39798f460dbda82247
ra_static_equal_seed2,ra_static_equal,2,v40c_04899,1,1,100,0.7999999999999999,0.9999999999999999,0.9999999999999999,0.8,ff529328194fe5defa88017af91b5b05b605c7024acd1e39798f460dbda82247
ra_static_equal_seed2,ra_static_equal,2,v40c_04900,1,1,100,0.7999999999999999,0.9999999999999999,0.9999999999999999,0.8,ff529328194fe5defa88017af91b5b05b605c7024acd1e39798f460dbda82247
ra_static_equal_seed2,ra_static_equal,2,v40c_05100,1,15,100,0.6943582490117144,0.8822036049758822,0.8374587458745875,0.7733333333333333,ff529328194fe5defa88017af91b5b05b605c7024acd1e39798f460dbda82247
ra_static_equal_seed2,ra_static_equal,2,v40c_05490,3,11,300,0.7227170931378853,0.9220779220779224,0.9220779220779224,0.8090909090909092,ff529328194fe5defa88017af91b5b05b605c7024acd1e39798f460dbda82247
ra_static_equal_seed2,ra_static_equal,2,v40c_05493,2,5,200,0.8085148514851485,1.0,1.0,0.8400000000000001,ff529328194fe5defa88017af91b5b05b605c7024acd1e39798f460dbda82247
ra_static_equal_seed2,ra_static_equal,2,v40c_05494,1,2,100,0.6848184818481848,0.834983498349835,0.834983498349835,0.85,ff529328194fe5defa88017af91b5b05b605c7024acd1e39798f460dbda82247
ra_static_equal_seed2,ra_static_equal,2,v40c_05495,1,1,100,0.7999999999999999,0.9999999999999999,0.9999999999999999,0.8,ff529328194fe5defa88017af91b5b05b605c7024acd1e39798f460dbda82247
ra_static_equal_seed2,ra_static_equal,2,v40c_05496,1,2,100,0.7514851485148515,1.0,1.0,0.75,ff529328194fe5defa88017af91b5b05b605c7024acd1e39798f460dbda82247
ra_static_equal_seed2,ra_static_equal,2,v40c_05497,4,5,400,0.8105610561056104,0.9669966996699667,0.9669966996699667,0.86,ff529328194fe5defa88017af91b5b05b605c7024acd1e39798f460dbda82247
ra_static_equal_seed2,ra_static_equal,2,v40c_05498,1,1,100,0.7999999999999999,0.9999999999999999,0.9999999999999999,0.8,ff529328194fe5defa88017af91b5b05b605c7024acd1e39798f460dbda82247
ra_static_equal_seed2,ra_static_equal,2,v40c_05499,2,2,200,0.8504950495049506,1.0,1.0,0.9,ff529328194fe5defa88017af91b5b05b605c7024acd1e39798f460dbda82247
ra_static_equal_seed2,ra_static_equal,2,v40c_05500,2,2,200,0.9,1.0,1.0,0.9,ff529328194fe5defa88017af91b5b05b605c7024acd1e39798f460dbda82247
ra_static_equal_seed2,ra_static_equal,2,v40c_05501,5,5,500,0.8445544554455445,1.0,1.0,0.86,ff529328194fe5defa88017af91b5b05b605c7024acd1e39798f460dbda82247
ra_static_equal_seed2,ra_static_equal,2,v40c_05502,1,1,100,0.8999999999999998,0.9999999999999999,0.9999999999999999,0.9,ff529328194fe5defa88017af91b5b05b605c7024acd1e39798f460dbda82247
ra_static_equal_seed2,ra_static_equal,2,v40c_05503,1,1,100,0.5999999999999999,0.9999999999999999,0.9999999999999999,0.6,ff529328194fe5defa88017af91b5b05b605c7024acd1e39798f460dbda82247
ra_static_equal_seed2,ra_static_equal,2,v40c_05504,2,2,200,0.8009900990099009,1.0,1.0,0.8,ff529328194fe5defa88017af91b5b05b605c7024acd1e39798f460dbda82247
ra_static_equal_seed2,ra_static_equal,2,v40c_05505,1,1,100,0.8999999999999998,0.9999999999999999,0.9999999999999999,0.9,ff529328194fe5defa88017af91b5b05b605c7024acd1e39798f460dbda82247
ra_static_equal_seed2,ra_static_equal,2,v40c_05506,1,1,100,0.8999999999999998,0.9999999999999999,0.9999999999999999,0.9,ff529328194fe5defa88017af91b5b05b605c7024acd1e39798f460dbda82247
ra_static_equal_seed2,ra_static_equal,2,v40c_05507,2,2,200,0.7,1.0,1.0,0.7,ff529328194fe5defa88017af91b5b05b605c7024acd1e39798f460dbda82247
ra_static_equal_seed2,ra_static_equal,2,v40c_05508,3,3,300,0.8,1.0,1.0,0.8,ff529328194fe5defa88017af91b5b05b605c7024acd1e39798f460dbda82247
ra_static_equal_seed2,ra_static_equal,2,v40c_05509,1,1,100,0.7999999999999999,0.9999999999999999,0.9999999999999999,0.8,ff529328194fe5defa88017af91b5b05b605c7024acd1e39798f460dbda82247
ra_static_equal_seed2,ra_static_equal,2,v40c_05510,1,1,100,0.7999999999999999,0.9999999999999999,0.9999999999999999,0.8,ff529328194fe5defa88017af91b5b05b605c7024acd1e39798f460dbda82247
ra_static_equal_seed2,ra_static_equal,2,v40c_05511,1,1,100,0.003846153846153845,0.03846153846153845,0.0,0.1,ff529328194fe5defa88017af91b5b05b605c7024acd1e39798f460dbda82247
